timestamp,raw_red,raw_ir,filtered_red,filtered_ir,heart_rate,spo2,ac_dc_ratio
0.0,32100.4,35230.1,0.4102,0.5653,147.8,98.1,0.475
0.02,32211.0,35581.1,0.8606,1.4289,147.8,98.1,0.475
0.04,32349.9,35720.5,1.426,1.772,147.8,98.1,0.475
0.06,32345.7,35747.2,1.4086,1.8377,147.8,98.1,0.475
0.08,32211.0,35526.9,0.8605,1.2956,147.8,98.1,0.475
0.1,32241.9,35378.0,0.9862,0.9293,147.8,98.1,0.475
0.12,32051.4,35118.5,0.2109,0.2908,147.8,98.1,0.475
0.14,32038.2,35059.3,0.1571,0.1451,147.8,98.1,0.475
0.16,32012.2,35050.8,0.0513,0.1242,147.8,98.1,0.475
0.18,31944.6,34959.5,-0.2241,-0.1006,147.8,98.1,0.475
0.2,31898.9,34905.1,-0.41,-0.2343,147.8,98.1,0.475
0.22,31936.7,34764.2,-0.2562,-0.5811,147.8,98.1,0.475
0.24,31842.7,34804.4,-0.6389,-0.4821,147.8,98.1,0.475
0.26,31799.4,34650.4,-0.815,-0.861,147.8,98.1,0.475
0.28,31802.6,34723.4,-0.802,-0.6815,147.8,98.1,0.475
0.3,31782.9,34618.7,-0.8822,-0.9389,147.8,98.1,0.475
0.32,31836.2,34461.2,-0.6653,-1.3266,147.8,98.1,0.475
0.34,31832.6,34392.5,-0.68,-1.4957,147.8,98.1,0.475
0.36,31784.7,34548.5,-0.8749,-1.1117,147.8,98.1,0.475
0.38,31855.5,34810.6,-0.5867,-0.4668,147.8,98.1,0.475
0.4,32076.1,35059.8,0.3112,0.1464,147.8,98.1,0.475
0.42,32180.2,35483.7,0.735,1.1893,147.8,98.1,0.475
0.44,32269.4,35785.1,1.0982,1.9311,147.8,98.1,0.475
0.46,32390.7,35729.6,1.5919,1.7945,147.8,98.1,0.475
0.48,32301.2,35597.2,1.2277,1.4685,147.8,98.1,0.475
0.5,32214.2,35489.1,0.8736,1.2027,147.8,98.1,0.475
0.52,31963.1,35214.6,-0.1488,0.5272,147.8,98.1,0.475
0.54,32102.4,35162.6,0.4185,0.3992,147.8,98.1,0.475
0.56,32048.7,35085.6,0.1997,0.2099,147.8,98.1,0.475
0.58,31952.7,35077.9,-0.1909,0.1907,147.8,98.1,0.475
0.6,32015.8,34903.1,0.066,-0.2393,147.8,98.1,0.475
0.62,31911.6,34789.5,-0.3582,-0.5188,147.8,98.1,0.475
0.64,31822.9,34682.3,-0.7195,-0.7825,147.8,98.1,0.475
0.66,31911.9,34627.1,-0.3571,-0.9183,147.8,98.1,0.475
0.68,31842.0,34641.9,-0.6418,-0.8819,147.8,98.1,0.475
0.7,31872.6,34606.8,-0.5171,-0.9684,147.8,98.1,0.475
0.72,31766.8,34513.6,-0.9478,-1.1978,147.8,98.1,0.475
0.74,31801.3,34477.9,-0.8075,-1.2854,147.8,98.1,0.475
0.76,31682.6,34458.7,-1.2907,-1.3328,147.8,98.1,0.475
0.78,31751.8,34642.2,-1.0087,-0.8812,147.8,98.1,0.475
0.8,31937.4,34992.1,-0.2534,-0.0204,147.8,98.1,0.475
0.82,32125.7,35333.3,0.5131,0.8194,147.8,98.1,0.475
0.84,32281.7,35711.4,1.1482,1.7497,147.8,98.1,0.475
0.86,32314.0,35746.7,1.2798,1.8366,147.8,98.1,0.475
0.88,32310.5,35717.3,1.2653,1.7641,147.8,98.1,0.475
0.9,32240.5,35459.6,0.9807,1.13,147.8,98.1,0.475
0.92,32086.5,35291.7,0.3536,0.717,147.8,98.1,0.475
0.94,31957.5,35288.1,-0.1714,0.708,147.8,98.1,0.475
0.96,32063.7,35038.4,0.2607,0.0937,147.8,98.1,0.475
0.98,31990.2,35055.3,-0.0384,0.1351,147.8,98.1,0.475
1.0,32036.6,34927.7,0.1504,-0.1788,147.8,98.1,0.475
1.02,31940.3,34814.3,-0.2417,-0.4578,147.8,98.1,0.475
1.04,31855.4,34704.6,-0.5871,-0.7276,147.8,98.1,0.475
1.06,31809.8,34636.0,-0.7729,-0.8964,147.8,98.1,0.475
1.08,31842.7,34659.7,-0.6388,-0.8382,147.8,98.1,0.475
1.1,31808.9,34733.5,-0.7762,-0.6566,147.8,98.1,0.475
1.12,31795.0,34589.1,-0.8328,-1.0118,147.8,98.1,0.475
1.14,31793.8,34496.9,-0.8381,-1.2388,147.8,98.1,0.475
1.16,31649.6,34393.9,-1.4248,-1.4923,147.8,98.1,0.475
1.18,31835.7,34568.1,-0.6673,-1.0637,147.8,98.1,0.475
1.2,31946.3,34794.9,-0.2171,-0.5054,147.8,98.1,0.475
1.22,32088.9,35238.5,0.3635,0.5861,147.8,98.1,0.475
1.24,32227.5,35555.0,0.9275,1.3647,147.8,98.1,0.475
1.26,32293.9,35641.1,1.1978,1.5767,147.8,98.1,0.475
1.28,32323.9,35760.2,1.3202,1.8698,147.8,98.1,0.475
1.3,32200.5,35552.7,0.8177,1.359,147.8,98.1,0.475
1.32,32155.3,35288.0,0.6335,0.7079,147.8,98.1,0.475
1.34,32121.2,35270.1,0.4947,0.6639,147.8,98.1,0.475
1.36,32011.0,35124.8,0.0464,0.3062,147.8,98.1,0.475
1.38,32098.9,35040.0,0.4039,0.0976,147.8,98.1,0.475
1.4,32013.9,35003.6,0.0581,0.008,147.8,98.1,0.475
1.42,31912.4,34871.1,-0.3552,-0.318,147.8,98.1,0.475
1.44,31828.4,34751.2,-0.6969,-0.613,147.8,98.1,0.475
1.46,31903.6,34727.5,-0.3909,-0.6713,147.8,98.1,0.475
1.48,31884.3,34634.5,-0.4693,-0.9001,147.8,98.1,0.475
1.5,31810.4,34576.0,-0.7702,-1.044,147.8,98.1,0.475
1.52,31874.1,34565.6,-0.5108,-1.0697,147.8,98.1,0.475
1.54,31806.9,34566.0,-0.7846,-1.0688,147.8,98.1,0.475
1.56,31749.8,34414.5,-1.0171,-1.4414,147.8,98.1,0.475
1.58,31690.6,34457.9,-1.2581,-1.3347,147.8,98.1,0.475
1.6,31881.8,34641.6,-0.4795,-0.8827,147.8,98.1,0.475
1.62,32073.0,35077.8,0.2986,0.1907,147.8,98.1,0.475
1.64,32222.3,35494.6,0.9065,1.2162,147.8,98.1,0.475
1.66,32293.9,35720.2,1.198,1.7712,147.8,98.1,0.475
1.68,32232.4,35733.4,0.9473,1.8038,147.8,98.1,0.475
1.7,32280.2,35626.7,1.142,1.5413,147.8,98.1,0.475
1.72,32201.1,35489.8,0.8203,1.2043,147.8,98.1,0.475
1.74,32006.6,35312.3,0.0285,0.7675,147.8,98.1,0.475
1.76,32074.8,35091.7,0.3059,0.2247,147.8,98.1,0.475
1.78,31957.7,35044.7,-0.1707,0.109,147.8,98.1,0.475
1.8,32037.5,35062.6,0.1541,0.1531,147.8,98.1,0.475
1.82,31991.7,34924.7,-0.0324,-0.1862,147.8,98.1,0.475
1.84,31879.3,34760.3,-0.4896,-0.5906,147.8,98.1,0.475
1.86,31870.6,34727.9,-0.5252,-0.6703,147.8,98.1,0.475
1.88,31921.2,34742.5,-0.3194,-0.6345,147.8,98.1,0.475
1.9,31814.7,34716.7,-0.7529,-0.6979,147.8,98.1,0.475
1.92,31824.0,34568.5,-0.715,-1.0627,147.8,98.1,0.475
1.94,31799.3,34508.9,-0.8153,-1.2093,147.8,98.1,0.475
1.96,31766.3,34510.2,-0.9497,-1.2061,147.8,98.1,0.475
1.98,31715.3,34361.3,-1.1576,-1.5724,147.8,98.1,0.475
2.0,31866.9,34535.3,-0.5403,-1.1443,147.8,98.1,0.475
2.02,31977.1,34911.1,-0.0917,-0.2196,147.8,98.1,0.475
2.04,32150.3,35301.4,0.6132,0.7408,147.8,98.1,0.475
2.06,32292.0,35592.4,1.1901,1.4568,147.8,98.1,0.475
2.08,32414.1,35687.6,1.687,1.691,147.8,98.1,0.475
2.1,32295.5,35579.9,1.2044,1.426,147.8,98.1,0.475
2.12,32212.2,35388.0,0.8651,0.9538,147.8,98.1,0.475
2.14,32094.7,35270.4,0.3869,0.6646,147.8,98.1,0.475
2.16,32025.9,35196.5,0.107,0.4828,147.8,98.1,0.475
2.18,31976.6,35136.2,-0.0936,0.3342,147.8,98.1,0.475
2.2,31989.5,35125.6,-0.0414,0.3083,147.8,98.1,0.475
2.22,31969.6,34909.8,-0.1222,-0.2229,147.8,98.1,0.475
2.24,31926.2,34862.0,-0.299,-0.3403,147.8,98.1,0.475
2.26,31797.2,34782.0,-0.824,-0.5372,147.8,98.1,0.475
2.28,31872.1,34761.4,-0.5191,-0.588,147.8,98.1,0.475
2.3,31813.8,34693.1,-0.7565,-0.7559,147.8,98.1,0.475
2.32,31867.7,34656.5,-0.5369,-0.846,147.8,98.1,0.475
2.34,31847.4,34617.8,-0.6198,-0.9413,147.8,98.1,0.475
2.36,31821.4,34511.5,-0.7256,-1.2029,147.8,98.1,0.475
2.38,31749.7,34370.6,-1.0174,-1.5495,147.8,98.1,0.475
2.4,31804.0,34640.3,-0.7964,-0.8858,147.8,98.1,0.475
2.42,31844.5,34947.2,-0.6315,-0.1307,147.8,98.1,0.475
2.44,32103.1,35233.7,0.4211,0.5742,147.8,98.1,0.475
2.46,32301.1,35527.7,1.2273,1.2976,147.8,98.1,0.475
2.48,32299.0,35796.0,1.2185,1.9579,147.8,98.1,0.475
2.5,32296.8,35861.9,1.2095,2.1199,147.8,98.1,0.475
2.52,32228.1,35521.3,0.93,1.282,147.8,98.1,0.475
2.54,32139.8,35396.4,0.5704,0.9745,147.8,98.1,0.475
2.56,32056.4,35071.6,0.2311,0.1754,147.8,98.1,0.475
2.58,32104.9,35135.5,0.4286,0.3326,147.8,98.1,0.475
2.6,31993.2,35023.7,-0.0261,0.0575,147.8,98.1,0.475
2.62,31975.8,34998.6,-0.0969,-0.0044,147.8,98.1,0.475
2.64,31963.2,34864.9,-0.1481,-0.3332,147.8,98.1,0.475
2.66,31842.8,34738.0,-0.6384,-0.6454,147.8,98.1,0.475
2.68,31759.9,34589.4,-0.9758,-1.0112,147.8,98.1,0.475
2.7,31891.0,34696.6,-0.4422,-0.7473,147.8,98.1,0.475
2.72,31807.4,34687.3,-0.7824,-0.7703,147.8,98.1,0.475
2.74,31784.0,34601.4,-0.8778,-0.9815,147.8,98.1,0.475
2.76,31836.3,34510.6,-0.6648,-1.205,147.8,98.1,0.475
2.78,31779.7,34496.7,-0.8952,-1.2391,147.8,98.1,0.475
2.8,31817.4,34473.0,-0.7416,-1.2976,147.8,98.1,0.475
2.82,31896.3,34647.4,-0.4208,-0.8684,147.8,98.1,0.475
2.84,31976.3,35212.5,-0.0948,0.522,147.8,98.1,0.475
2.86,32219.3,35524.8,0.8941,1.2905,147.8,98.1,0.475
2.88,32240.8,35749.2,0.9816,1.8426,147.8,98.1,0.475
2.9,32390.8,35774.5,1.5923,1.9048,147.8,98.1,0.475
2.92,32196.9,35623.0,0.803,1.5322,147.8,98.1,0.475
2.94,32154.3,35402.2,0.6295,0.9888,147.8,98.1,0.475
2.96,32117.9,35168.8,0.4816,0.4146,147.8,98.1,0.475
2.98,31996.5,35174.5,-0.0126,0.4285,147.8,98.1,0.475
3.0,32032.8,35030.4,0.1349,0.0739,147.8,98.1,0.475
3.02,31996.1,35033.7,-0.0143,0.0822,147.8,98.1,0.475
3.04,32033.4,34969.1,0.1373,-0.077,147.8,98.1,0.475
3.06,31881.8,34831.2,-0.4798,-0.4161,147.8,98.1,0.475
3.08,31912.7,34690.3,-0.3539,-0.7629,147.8,98.1,0.475
3.1,31786.4,34689.4,-0.8679,-0.7651,147.8,98.1,0.475
3.12,31814.3,34677.3,-0.7545,-0.7948,147.8,98.1,0.475
3.14,31797.3,34645.5,-0.8238,-0.8731,147.8,98.1,0.475
3.16,31834.9,34552.0,-0.6707,-1.1032,147.8,98.1,0.475
3.18,31849.2,34432.1,-0.6122,-1.3982,147.8,98.1,0.475
3.2,31722.3,34439.9,-1.1291,-1.3791,147.8,98.1,0.475
3.22,31868.1,34584.9,-0.5355,-1.0223,147.8,98.1,0.475
3.24,31887.4,35038.9,-0.4569,0.0948,147.8,98.1,0.475
3.26,32114.2,35449.0,0.4663,1.104,147.8,98.1,0.475
3.28,32352.6,35659.4,1.437,1.6217,147.8,98.1,0.475
3.3,32287.0,35733.9,1.1699,1.8049,147.8,98.1,0.475
3.32,32261.2,35775.8,1.0649,1.9081,147.8,98.1,0.475
3.34,32228.9,35402.9,0.9332,0.9906,147.8,98.1,0.475
3.36,32068.1,35217.8,0.2786,0.5351,147.8,98.1,0.475
3.38,32088.1,35181.2,0.3603,0.4451,147.8,98.1,0.475
3.4,32026.6,35099.5,0.1099,0.2441,147.8,98.1,0.475
3.42,31965.4,35008.9,-0.1395,0.0211,147.8,98.1,0.475
3.44,31996.0,35012.5,-0.0148,0.0299,147.8,98.1,0.475
3.46,31885.3,34807.6,-0.4656,-0.4742,147.8,98.1,0.475
3.48,31869.2,34687.7,-0.531,-0.7693,147.8,98.1,0.475
3.5,31907.0,34591.7,-0.3771,-1.0056,147.8,98.1,0.475
3.52,31870.0,34651.1,-0.5276,-0.8594,147.8,98.1,0.475
3.54,31893.5,34768.3,-0.4319,-0.571,147.8,98.1,0.475
3.56,31807.6,34536.2,-0.7818,-1.1421,147.8,98.1,0.475
3.58,31801.0,34553.1,-0.8087,-1.1004,147.8,98.1,0.475
3.6,31773.8,34516.4,-0.9193,-1.1909,147.8,98.1,0.475
3.62,31859.9,34696.9,-0.5687,-0.7466,147.8,98.1,0.475
3.64,31960.8,34905.9,-0.1581,-0.2324,147.8,98.1,0.475
3.66,31987.1,35260.5,-0.0509,0.6403,147.8,98.1,0.475
3.68,32248.9,35685.3,1.0145,1.6855,147.8,98.1,0.475
3.7,32260.7,35616.1,1.0628,1.5151,147.8,98.1,0.475
3.72,32369.6,35733.7,1.506,1.8045,147.8,98.1,0.475
3.74,32245.0,35540.9,0.999,1.33,147.8,98.1,0.475
3.76,32135.7,35272.9,0.5539,0.6706,147.8,98.1,0.475
3.78,32062.2,35131.8,0.2548,0.3234,147.8,98.1,0.475
3.8,32078.8,35173.3,0.3222,0.4257,147.8,98.1,0.475
3.82,31985.6,35014.1,-0.0573,0.0338,147.8,98.1,0.475
3.84,31979.1,34965.1,-0.0835,-0.0868,147.8,98.1,0.475
3.86,31869.8,34944.3,-0.5284,-0.1378,147.8,98.1,0.475
3.88,31888.3,34753.5,-0.4534,-0.6074,147.8,98.1,0.475
3.9,31888.0,34641.6,-0.4543,-0.8826,147.8,98.1,0.475
3.92,31806.4,34685.2,-0.7865,-0.7753,147.8,98.1,0.475
3.94,31824.3,34681.8,-0.7137,-0.7838,147.8,98.1,0.475
3.96,31842.7,34602.5,-0.639,-0.9788,147.8,98.1,0.475
3.98,31759.0,34507.0,-0.9796,-1.214,147.8,98.1,0.475
4.0,31705.6,34355.7,-1.1971,-1.5863,147.8,98.1,0.475
4.02,31857.7,34448.1,-0.5779,-1.3589,147.8,98.1,0.475
4.04,31941.0,34789.6,-0.2386,-0.5185,147.8,98.1,0.475
4.06,32133.4,35196.2,0.5443,0.482,147.8,98.1,0.475
4.08,32205.5,35573.4,0.8381,1.41,147.8,98.1,0.475
4.1,32301.3,35754.9,1.2281,1.8567,147.8,98.1,0.475
4.12,32259.8,35707.2,1.059,1.7394,147.8,98.1,0.475
4.14,32246.0,35568.3,1.0028,1.3975,147.8,98.1,0.475
4.16,32169.9,35359.9,0.693,0.8848,147.8,98.1,0.475
4.18,32128.0,35169.1,0.5224,0.4154,147.8,98.1,0.475
4.2,32033.1,35153.9,0.1364,0.3779,147.8,98.1,0.475
4.22,32022.1,35057.8,0.0914,0.1414,147.8,98.1,0.475
4.24,32030.2,35026.5,0.1246,0.0643,147.8,98.1,0.475
4.26,31961.6,34942.3,-0.155,-0.1428,147.8,98.1,0.475
4.28,31946.0,34757.3,-0.2185,-0.598,147.8,98.1,0.475
4.3,31765.2,34778.2,-0.9543,-0.5466,147.8,98.1,0.475
4.32,31805.9,34660.7,-0.7888,-0.8357,147.8,98.1,0.475
4.34,31904.1,34678.9,-0.3889,-0.7909,147.8,98.1,0.475
4.36,31815.5,34620.0,-0.7497,-0.9357,147.8,98.1,0.475
4.38,31886.7,34523.3,-0.4596,-1.1738,147.8,98.1,0.475
4.4,31753.7,34419.1,-1.0011,-1.4302,147.8,98.1,0.475
4.42,31767.2,34470.6,-0.9463,-1.3035,147.8,98.1,0.475
4.44,31821.9,34707.5,-0.7235,-0.7207,147.8,98.1,0.475
4.46,31933.3,35041.4,-0.2699,0.101,147.8,98.1,0.475
4.48,32217.6,35350.3,0.8873,0.861,147.8,98.1,0.475
4.5,32242.8,35676.9,0.9898,1.6648,147.8,98.1,0.475
4.52,32225.1,35758.0,0.9176,1.8644,147.8,98.1,0.475
4.54,32310.4,35590.8,1.2651,1.4528,147.8,98.1,0.475
4.56,32207.9,35459.3,0.8479,1.1294,147.8,98.1,0.475
4.58,32123.6,35257.9,0.5046,0.6338,147.8,98.1,0.475
4.6,32144.0,35111.4,0.5877,0.2733,147.8,98.1,0.475
4.62,32042.7,35141.8,0.1753,0.3482,147.8,98.1,0.475
4.64,31980.0,35064.7,-0.0797,0.1583,147.8,98.1,0.475
4.66,31951.6,34895.9,-0.1955,-0.2569,147.8,98.1,0.475
4.68,31958.8,34687.5,-0.1661,-0.7697,147.8,98.1,0.475
4.7,31867.8,34744.9,-0.5367,-0.6284,147.8,98.1,0.475
4.72,31918.0,34727.7,-0.3322,-0.671,147.8,98.1,0.475
4.74,31878.4,34692.3,-0.4937,-0.758,147.8,98.1,0.475
4.76,31820.6,34648.4,-0.7289,-0.866,147.8,98.1,0.475
4.78,31826.2,34562.0,-0.706,-1.0785,147.8,98.1,0.475
4.8,31695.0,34479.9,-1.2399,-1.2806,147.8,98.1,0.475
4.82,31793.7,34461.1,-0.8382,-1.3268,147.8,98.1,0.475
4.84,31837.3,34613.9,-0.661,-0.9509,147.8,98.1,0.475
4.86,31999.8,34960.4,0.0007,-0.0983,147.8,98.1,0.475
4.88,32175.0,35295.1,0.7139,0.7253,147.8,98.1,0.475
4.9,32204.5,35602.9,0.8341,1.4825,147.8,98.1,0.475
4.92,32323.6,35799.1,1.3189,1.9655,147.8,98.1,0.475
4.94,32282.9,35653.0,1.153,1.606,147.8,98.1,0.475
4.96,32286.6,35492.2,1.1681,1.2103,147.8,98.1,0.475
4.98,32017.7,35267.9,0.0735,0.6583,147.8,98.1,0.475
5.0,32063.7,35172.0,0.2606,0.4223,147.8,98.1,0.475
5.02,32033.0,35180.5,0.1357,0.4434,147.8,98.1,0.475
5.04,32029.2,35045.7,0.1202,0.1116,147.8,98.1,0.475
5.06,32030.1,34961.5,0.124,-0.0955,147.8,98.1,0.475
5.08,31902.0,34882.7,-0.3973,-0.2895,147.8,98.1,0.475
5.1,31891.3,34709.2,-0.4409,-0.7165,147.8,98.1,0.475
5.12,31860.5,34562.3,-0.5665,-1.0779,147.8,98.1,0.475
5.14,31885.6,34741.4,-0.4643,-0.6372,147.8,98.1,0.475
5.16,31750.7,34632.2,-1.0131,-0.9058,147.8,98.1,0.475
5.18,31801.5,34599.1,-0.8065,-0.9873,147.8,98.1,0.475
5.2,31838.9,34412.6,-0.6543,-1.4462,147.8,98.1,0.475
5.22,31709.9,34499.9,-1.1796,-1.2314,147.8,98.1,0.475
5.24,31855.3,34554.8,-0.5874,-1.0962,147.8,98.1,0.475
5.26,31978.2,34866.2,-0.0871,-0.33,147.8,98.1,0.475
5.28,32090.7,35183.2,0.3706,0.45,147.8,98.1,0.475
5.3,32264.9,35600.5,1.0798,1.4768,147.8,98.1,0.475
5.32,32407.4,35789.9,1.6599,1.9429,147.8,98.1,0.475
5.34,32343.5,35734.9,1.3998,1.8073,147.8,98.1,0.475
5.36,32307.2,35576.5,1.2521,1.4177,147.8,98.1,0.475
5.38,32213.4,35371.8,0.8702,0.9139,147.8,98.1,0.475
5.4,32054.8,35088.6,0.2245,0.2171,147.8,98.1,0.475
5.42,32123.5,35119.1,0.5041,0.2921,147.8,98.1,0.475
5.44,32015.9,35053.7,0.066,0.1314,147.8,98.1,0.475
5.46,31995.3,34994.2,-0.0177,-0.0151,147.8,98.1,0.475
5.48,31894.4,34857.0,-0.4282,-0.3527,147.8,98.1,0.475
5.5,31826.6,34718.0,-0.7044,-0.6948,147.8,98.1,0.475
5.52,31843.4,34745.3,-0.636,-0.6274,147.8,98.1,0.475
5.54,31835.4,34692.2,-0.6686,-0.7582,147.8,98.1,0.475
5.56,31814.0,34703.5,-0.7555,-0.7304,147.8,98.1,0.475
5.58,31910.4,34679.2,-0.363,-0.7901,147.8,98.1,0.475
5.6,31709.7,34498.9,-1.1803,-1.2338,147.8,98.1,0.475
5.62,31783.3,34374.6,-0.8807,-1.5398,147.8,98.1,0.475
5.64,31818.5,34504.6,-0.7372,-1.2199,147.8,98.1,0.475
5.66,31794.4,34710.4,-0.8356,-0.7133,147.8,98.1,0.475
5.68,31993.4,35050.2,-0.0255,0.1226,147.8,98.1,0.475
5.7,32207.7,35445.5,0.8469,1.0952,147.8,98.1,0.475
5.72,32325.2,35626.4,1.3253,1.5406,147.8,98.1,0.475
5.74,32357.5,35833.6,1.4567,2.0503,147.8,98.1,0.475
5.76,32340.3,35567.5,1.3866,1.3956,147.8,98.1,0.475
5.78,32267.4,35380.0,1.0899,0.9341,147.8,98.1,0.475
5.8,32100.1,35202.6,0.4089,0.4976,147.8,98.1,0.475
5.82,32097.7,35142.2,0.3992,0.349,147.8,98.1,0.475
5.84,32053.9,35014.4,0.2209,0.0346,147.8,98.1,0.475
5.86,32050.3,35037.7,0.2063,0.092,147.8,98.1,0.475
5.88,31908.1,34963.3,-0.3727,-0.0912,147.8,98.1,0.475
5.9,31954.2,34760.6,-0.1848,-0.5898,147.8,98.1,0.475
5.92,31903.0,34776.6,-0.3932,-0.5506,147.8,98.1,0.475
5.94,31733.5,34607.7,-1.0834,-0.966,147.8,98.1,0.475
5.96,31875.9,34675.7,-0.5039,-0.7989,147.8,98.1,0.475
5.98,31834.2,34636.5,-0.6735,-0.8952,147.8,98.1,0.475
6.0,31885.2,34459.8,-0.466,-1.33,147.8,98.1,0.475
6.02,31839.2,34413.2,-0.6529,-1.4448,147.8,98.1,0.475
6.04,31815.2,34490.1,-0.7507,-1.2555,147.8,98.1,0.475
6.06,31923.3,34541.0,-0.3108,-1.1302,147.8,98.1,0.475
6.08,32017.6,35005.6,0.0733,0.0129,147.8,98.1,0.475
6.1,32157.0,35345.8,0.6406,0.8499,147.8,98.1,0.475
6.12,32358.2,35655.2,1.4595,1.6113,147.8,98.1,0.475
6.14,32316.2,35712.9,1.2886,1.7532,147.8,98.1,0.475
6.16,32310.5,35689.1,1.2654,1.6946,147.8,98.1,0.475
6.18,32267.2,35474.0,1.0894,1.1654,147.8,98.1,0.475
6.2,32169.5,35208.7,0.6916,0.5127,147.8,98.1,0.475
6.22,32117.9,35161.0,0.4813,0.3953,147.8,98.1,0.475
6.24,32020.7,35177.5,0.0857,0.436,147.8,98.1,0.475
6.26,31937.8,34972.6,-0.2517,-0.0682,147.8,98.1,0.475
6.28,31882.7,34896.5,-0.4761,-0.2555,147.8,98.1,0.475
6.3,31959.7,34788.0,-0.1625,-0.5225,147.8,98.1,0.475
6.32,31893.3,34810.5,-0.4328,-0.4672,147.8,98.1,0.475
6.34,31771.2,34714.2,-0.9299,-0.7042,147.8,98.1,0.475
6.36,31806.6,34717.8,-0.7857,-0.6952,147.8,98.1,0.475
6.38,31838.7,34689.8,-0.6552,-0.7641,147.8,98.1,0.475
6.4,31792.1,34611.4,-0.845,-0.9569,147.8,98.1,0.475
6.42,31810.2,34477.0,-0.771,-1.2876,147.8,98.1,0.475
6.44,31738.7,34407.5,-1.0624,-1.4588,147.8,98.1,0.475
6.46,31793.7,34567.5,-0.8382,-1.0649,147.8,98.1,0.475
6.48,31928.0,34879.7,-0.2917,-0.2969,147.8,98.1,0.475
6.5,32105.6,35278.4,0.4315,0.6843,147.8,98.1,0.475
6.52,32236.7,35582.7,0.9648,1.433,147.8,98.1,0.475
6.54,32274.5,35682.9,1.1188,1.6795,147.8,98.1,0.475
6.56,32377.2,35680.2,1.5369,1.6728,147.8,98.1,0.475
6.58,32175.4,35545.0,0.7155,1.3402,147.8,98.1,0.475
6.6,32242.9,35405.9,0.9903,0.998,147.8,98.1,0.475
6.62,32062.9,35156.1,0.2577,0.3832,147.8,98.1,0.475
6.64,32104.0,35036.8,0.425,0.0898,147.8,98.1,0.475
6.66,31991.9,35108.4,-0.0313,0.2659,147.8,98.1,0.475
6.68,32078.7,35009.6,0.3219,0.0227,147.8,98.1,0.475
6.7,32025.4,34813.4,0.105,-0.46,147.8,98.1,0.475
6.72,31881.9,34692.4,-0.4791,-0.7576,147.8,98.1,0.475
6.74,31856.6,34650.5,-0.5823,-0.8609,147.8,98.1,0.475
6.76,31937.2,34656.3,-0.2542,-0.8466,147.8,98.1,0.475
6.78,31810.8,34662.2,-0.7685,-0.8321,147.8,98.1,0.475
6.8,31741.5,34632.9,-1.0507,-0.9042,147.8,98.1,0.475
6.82,31704.9,34516.8,-1.1996,-1.1897,147.8,98.1,0.475
6.84,31735.4,34479.3,-1.0758,-1.282,147.8,98.1,0.475
6.86,31734.4,34513.4,-1.0798,-1.198,147.8,98.1,0.475
6.88,31900.3,34833.7,-0.4043,-0.41,147.8,98.1,0.475
6.9,32094.5,35171.9,0.3863,0.422,147.8,98.1,0.475
6.92,32109.3,35510.8,0.4464,1.2561,147.8,98.1,0.475
6.94,32310.3,35664.9,1.2645,1.6352,147.8,98.1,0.475
6.96,32346.0,35750.2,1.41,1.845,147.8,98.1,0.475
6.98,32275.0,35542.7,1.121,1.3345,147.8,98.1,0.475
7.0,32103.0,35431.4,0.4209,1.0606,147.8,98.1,0.475
7.02,32049.3,35261.5,0.2021,0.6425,147.8,98.1,0.475
7.04,32068.7,35175.6,0.2812,0.4312,147.8,98.1,0.475
7.06,31955.3,35122.2,-0.1805,0.2999,147.8,98.1,0.475
7.08,31972.0,35070.4,-0.1125,0.1724,147.8,98.1,0.475
7.1,31969.7,34875.6,-0.1217,-0.3069,147.8,98.1,0.475
7.12,31922.0,34807.2,-0.3162,-0.4752,147.8,98.1,0.475
7.14,31915.4,34772.2,-0.3427,-0.5614,147.8,98.1,0.475
7.16,31885.1,34718.0,-0.4663,-0.6948,147.8,98.1,0.475
7.18,31816.6,34680.3,-0.745,-0.7874,147.8,98.1,0.475
7.2,31824.4,34584.9,-0.7134,-1.0222,147.8,98.1,0.475
7.22,31844.0,34556.2,-0.6337,-1.0929,147.8,98.1,0.475
7.24,31780.8,34501.9,-0.8906,-1.2265,147.8,98.1,0.475
7.26,31805.6,34528.7,-0.7899,-1.1605,147.8,98.1,0.475
7.28,31826.8,34633.1,-0.7035,-0.9037,147.8,98.1,0.475
7.3,31924.9,35076.8,-0.3042,0.1881,147.8,98.1,0.475
7.32,32065.0,35420.7,0.266,1.0344,147.8,98.1,0.475
7.34,32348.6,35692.0,1.4206,1.7018,147.8,98.1,0.475
7.36,32351.2,35851.6,1.4313,2.0947,147.8,98.1,0.475
7.38,32354.2,35640.0,1.4432,1.574,147.8,98.1,0.475
7.4,32203.1,35460.6,0.8285,1.1324,147.8,98.1,0.475
7.42,32085.3,35275.2,0.3486,0.6763,147.8,98.1,0.475
7.44,32064.5,35146.3,0.2643,0.3592,147.8,98.1,0.475
7.46,32053.4,35080.2,0.2189,0.1964,147.8,98.1,0.475
7.48,32035.8,35056.1,0.1471,0.1371,147.8,98.1,0.475
7.5,32025.6,34882.6,0.1057,-0.2897,147.8,98.1,0.475
7.52,31957.1,34833.9,-0.173,-0.4095,147.8,98.1,0.475
7.54,31875.3,34827.9,-0.506,-0.4242,147.8,98.1,0.475
7.56,31819.9,34656.1,-0.7316,-0.847,147.8,98.1,0.475
7.58,31891.2,34682.4,-0.4412,-0.7824,147.8,98.1,0.475
7.6,31889.7,34641.5,-0.4473,-0.8828,147.8,98.1,0.475
7.62,31779.0,34595.3,-0.8983,-0.9965,147.8,98.1,0.475
7.64,31754.0,34463.0,-0.9997,-1.3222,147.8,98.1,0.475
7.66,31710.3,34417.4,-1.1779,-1.4345,147.8,98.1,0.475
7.68,31853.3,34627.0,-0.5957,-0.9187,147.8,98.1,0.475
7.7,32041.3,34977.6,0.1697,-0.056,147.8,98.1,0.475
7.72,32099.1,35339.2,0.4049,0.8338,147.8,98.1,0.475
7.74,32275.1,35585.3,1.1214,1.4393,147.8,98.1,0.475
7.76,32350.1,35750.4,1.4268,1.8457,147.8,98.1,0.475
7.78,32358.4,35735.5,1.4602,1.809,147.8,98.1,0.475
7.8,32305.5,35499.8,1.2449,1.229,147.8,98.1,0.475
7.82,32154.2,35319.0,0.6293,0.7841,147.8,98.1,0.475
7.84,32094.5,35130.9,0.3862,0.3212,147.8,98.1,0.475
7.86,31975.3,35140.5,-0.0989,0.345,147.8,98.1,0.475
7.88,31977.5,35017.3,-0.09,0.0418,147.8,98.1,0.475
7.9,31964.4,34989.8,-0.1434,-0.026,147.8,98.1,0.475
7.92,31959.5,34858.3,-0.1632,-0.3495,147.8,98.1,0.475
7.94,31789.7,34721.5,-0.8547,-0.686,147.8,98.1,0.475
7.96,31909.8,34640.8,-0.3656,-0.8846,147.8,98.1,0.475
7.98,31727.9,34690.0,-1.106,-0.7637,147.8,98.1,0.475
8.0,31925.5,34644.7,-0.3019,-0.875,147.8,98.1,0.475
8.02,31927.6,34588.4,-0.2934,-1.0137,147.8,98.1,0.475
8.04,31803.6,34528.7,-0.798,-1.1604,147.8,98.1,0.475
8.06,31760.2,34380.0,-0.9746,-1.5264,147.8,98.1,0.475
8.08,31786.3,34597.6,-0.8683,-0.9909,147.8,98.1,0.475
8.1,31875.4,34845.8,-0.5057,-0.3803,147.8,98.1,0.475
8.12,32013.1,35172.6,0.0548,0.4238,147.8,98.1,0.475
8.14,32254.8,35467.1,1.0386,1.1486,147.8,98.1,0.475
8.16,32258.0,35780.8,1.0516,1.9204,147.8,98.1,0.475
8.18,32381.5,35655.3,1.5545,1.6116,147.8,98.1,0.475
8.2,32337.8,35617.4,1.3767,1.5183,147.8,98.1,0.475
8.22,32127.0,35330.5,0.5183,0.8125,147.8,98.1,0.475
8.24,32007.6,35209.3,0.0326,0.5142,147.8,98.1,0.475
8.26,32016.2,35170.5,0.0675,0.4187,147.8,98.1,0.475
8.28,32068.9,35088.4,0.2818,0.2167,147.8,98.1,0.475
8.3,31992.3,35080.3,-0.03,0.1968,147.8,98.1,0.475
8.32,31970.4,34919.7,-0.1191,-0.1984,147.8,98.1,0.475
8.34,31871.4,34855.6,-0.522,-0.3561,147.8,98.1,0.475
8.36,31935.7,34697.7,-0.2602,-0.7446,147.8,98.1,0.475
8.38,31930.1,34624.5,-0.2831,-0.9249,147.8,98.1,0.475
8.4,31825.3,34642.4,-0.7097,-0.8808,147.8,98.1,0.475
8.42,31849.6,34584.5,-0.6107,-1.0232,147.8,98.1,0.475
8.44,31843.8,34553.4,-0.6342,-1.0998,147.8,98.1,0.475
8.46,31839.0,34467.3,-0.6539,-1.3117,147.8,98.1,0.475
8.48,31747.2,34484.4,-1.0275,-1.2695,147.8,98.1,0.475
8.5,31922.0,34610.8,-0.3159,-0.9585,147.8,98.1,0.475
8.52,32011.4,35033.5,0.0481,0.0817,147.8,98.1,0.475
8.54,32251.0,35500.6,1.0232,1.2309,147.8,98.1,0.475
8.56,32230.3,35732.4,0.939,1.8013,147.8,98.1,0.475
8.58,32345.5,35755.0,1.4078,1.8569,147.8,98.1,0.475
8.6,32362.6,35686.5,1.4776,1.6884,147.8,98.1,0.475
8.62,32188.0,35486.8,0.7667,1.197,147.8,98.1,0.475
8.64,32059.7,35310.9,0.2444,0.7642,147.8,98.1,0.475
8.66,32012.7,35188.5,0.0533,0.4631,147.8,98.1,0.475
8.68,32099.9,35070.4,0.4081,0.1724,147.8,98.1,0.475
8.7,31991.2,35045.9,-0.0345,0.112,147.8,98.1,0.475
8.72,32060.5,34737.2,0.2479,-0.6475,147.8,98.1,0.475
8.74,31868.6,34938.2,-0.5333,-0.153,147.8,98.1,0.475
8.76,31938.2,34716.2,-0.2503,-0.6991,147.8,98.1,0.475
8.78,31825.4,34640.1,-0.7094,-0.8864,147.8,98.1,0.475
8.8,31774.9,34697.1,-0.9148,-0.7463,147.8,98.1,0.475
8.82,31802.1,34605.0,-0.8041,-0.9727,147.8,98.1,0.475
8.84,31752.7,34570.6,-1.0053,-1.0575,147.8,98.1,0.475
8.86,31723.7,34481.2,-1.1232,-1.2773,147.8,98.1,0.475
8.88,31779.9,34514.4,-0.8945,-1.1957,147.8,98.1,0.475
8.9,31847.9,34575.2,-0.6178,-1.0462,147.8,98.1,0.475
8.92,32026.5,34883.8,0.1093,-0.2868,147.8,98.1,0.475
8.94,32139.8,35300.8,0.5704,0.7392,147.8,98.1,0.475
8.96,32334.6,35593.1,1.3638,1.4585,147.8,98.1,0.475
8.98,32285.5,35749.1,1.1636,1.8425,147.8,98.1,0.475
9.0,32303.2,35749.7,1.2356,1.8439,147.8,98.1,0.475
9.02,32158.8,35510.1,0.6479,1.2543,147.8,98.1,0.475
9.04,32142.6,35287.7,0.582,0.707,147.8,98.1,0.475
9.06,31994.1,35128.2,-0.0224,0.3145,147.8,98.1,0.475
9.08,32013.3,35122.9,0.0555,0.3015,147.8,98.1,0.475
9.1,31901.9,35070.5,-0.3979,0.1725,147.8,98.1,0.475
9.12,31976.0,34955.2,-0.0962,-0.1111,147.8,98.1,0.475
9.14,31998.3,34815.1,-0.0053,-0.4559,147.8,98.1,0.475
9.16,31846.5,34776.3,-0.6235,-0.5512,147.8,98.1,0.475
9.18,31897.9,34724.8,-0.4141,-0.6779,147.8,98.1,0.475
9.2,31921.0,34691.2,-0.3203,-0.7607,147.8,98.1,0.475
9.22,31901.3,34675.8,-0.4001,-0.7986,147.8,98.1,0.475
9.24,31807.0,34542.9,-0.784,-1.1256,147.8,98.1,0.475
9.26,31718.5,34520.9,-1.1444,-1.1796,147.8,98.1,0.475
9.28,31766.7,34416.6,-0.9481,-1.4364,147.8,98.1,0.475
9.3,31834.3,34573.1,-0.6729,-1.0512,147.8,98.1,0.475
9.32,31915.3,34810.3,-0.3432,-0.4677,147.8,98.1,0.475
9.34,32149.7,35159.5,0.6107,0.3917,147.8,98.1,0.475
9.36,32282.6,35576.6,1.1517,1.4179,147.8,98.1,0.475
9.38,32326.6,35705.4,1.3311,1.7349,147.8,98.1,0.475
9.4,32293.9,35764.2,1.1978,1.8794,147.8,98.1,0.475
9.42,32297.7,35506.2,1.2133,1.2447,147.8,98.1,0.475
9.44,32068.8,35290.9,0.2815,0.7151,147.8,98.1,0.475
9.46,32144.8,35248.6,0.5911,0.6109,147.8,98.1,0.475
9.48,32043.2,35139.3,0.1773,0.342,147.8,98.1,0.475
9.5,32092.3,34985.0,0.3774,-0.0376,147.8,98.1,0.475
9.52,32006.8,35060.5,0.0292,0.1479,147.8,98.1,0.475
9.54,31997.2,34847.0,-0.0098,-0.3774,147.8,98.1,0.475
9.56,31906.1,34846.8,-0.3806,-0.3777,147.8,98.1,0.475
9.58,31821.2,34668.5,-0.7263,-0.8164,147.8,98.1,0.475
9.6,31913.2,34726.0,-0.352,-0.675,147.8,98.1,0.475
9.62,31764.8,34541.3,-0.9561,-1.1295,147.8,98.1,0.475
9.64,31903.8,34542.3,-0.3901,-1.1271,147.8,98.1,0.475
9.66,31771.4,34464.1,-0.9289,-1.3195,147.8,98.1,0.475
9.68,31738.5,34399.5,-1.0631,-1.4785,147.8,98.1,0.475
9.7,31733.5,34503.3,-1.0833,-1.2229,147.8,98.1,0.475
9.72,31883.3,34698.1,-0.4735,-0.7436,147.8,98.1,0.475
9.74,32013.8,35038.9,0.0577,0.0949,147.8,98.1,0.475
9.76,32155.7,35448.6,0.6354,1.1029,147.8,98.1,0.475
9.78,32412.2,35732.2,1.6796,1.8009,147.8,98.1,0.475
9.8,32371.6,35753.7,1.5142,1.8538,147.8,98.1,0.475
9.82,32200.5,35581.0,0.8178,1.4289,147.8,98.1,0.475
9.84,32222.2,35396.9,0.9059,0.9759,147.8,98.1,0.475
9.86,32139.3,35207.1,0.5685,0.5089,147.8,98.1,0.475
9.88,31983.1,35077.4,-0.0673,0.1896,147.8,98.1,0.475
9.9,32113.0,35105.7,0.4617,0.2593,147.8,98.1,0.475
9.92,31998.5,34946.8,-0.0047,-0.1316,147.8,98.1,0.475
9.94,31939.0,34885.8,-0.2467,-0.2819,147.8,98.1,0.475
9.96,31904.1,34804.3,-0.389,-0.4824,147.8,98.1,0.475
9.98,31803.2,34709.0,-0.7995,-0.7168,147.8,98.1,0.475
10.0,31843.4,34761.1,-0.6358,-0.5887,147.8,98.1,0.475
10.02,31890.0,34710.8,-0.4461,-0.7125,147.8,98.1,0.475
10.04,31807.4,34656.8,-0.7827,-0.8453,147.8,98.1,0.475
10.06,31873.9,34528.4,-0.5118,-1.1613,147.8,98.1,0.475
10.08,31812.8,34468.5,-0.7605,-1.3085,147.8,98.1,0.475
10.1,31750.2,34473.8,-1.0153,-1.2955,147.8,98.1,0.475
10.12,31912.5,34707.8,-0.3548,-0.7199,147.8,98.1,0.475
10.14,31996.2,34894.8,-0.0141,-0.2596,147.8,98.1,0.475
10.16,32135.0,35333.7,0.551,0.8203,147.8,98.1,0.475
10.18,32216.7,35700.2,0.8835,1.722,147.8,98.1,0.475
10.2,32308.6,35771.4,1.2576,1.8972,147.8,98.1,0.475
10.22,32310.2,35642.6,1.2643,1.5802,147.8,98.1,0.475
10.24,32237.4,35498.7,0.9679,1.2263,147.8,98.1,0.475
10.26,32104.7,35314.0,0.4276,0.7718,147.8,98.1,0.475
10.28,31946.2,35133.0,-0.2177,0.3264,147.8,98.1,0.475
10.3,32058.5,35138.8,0.2396,0.3406,147.8,98.1,0.475
10.32,31972.7,35107.9,-0.1096,0.2648,147.8,98.1,0.475
10.34,31980.4,34920.7,-0.0783,-0.1959,147.8,98.1,0.475
10.36,31956.3,34773.1,-0.1766,-0.5591,147.8,98.1,0.475
10.38,31933.3,34800.0,-0.2701,-0.493,147.8,98.1,0.475
10.4,31839.4,34696.5,-0.6524,-0.7477,147.8,98.1,0.475
10.42,31846.4,34642.2,-0.6238,-0.8813,147.8,98.1,0.475
10.44,31824.6,34614.8,-0.7126,-0.9487,147.8,98.1,0.475
10.46,31808.1,34572.4,-0.7795,-1.053,147.8,98.1,0.475
10.48,31770.7,34446.6,-0.9318,-1.3626,147.8,98.1,0.475
10.5,31712.3,34439.2,-1.1696,-1.3808,147.8,98.1,0.475
10.52,31738.0,34606.1,-1.0652,-0.9701,147.8,98.1,0.475
10.54,31919.3,34855.5,-0.3269,-0.3563,147.8,98.1,0.475
10.56,32102.3,35296.1,0.4181,0.7278,147.8,98.1,0.475
10.58,32174.4,35559.6,0.7113,1.3761,147.8,98.1,0.475
10.6,32300.2,35726.7,1.2236,1.7873,147.8,98.1,0.475
10.62,32394.3,35644.8,1.6066,1.5857,147.8,98.1,0.475
10.64,32185.5,35473.0,0.7567,1.1631,147.8,98.1,0.475
10.66,32137.7,35386.8,0.562,0.951,147.8,98.1,0.475
10.68,32085.5,35111.8,0.3496,0.2742,147.8,98.1,0.475
10.7,32067.7,35219.8,0.2769,0.5399,147.8,98.1,0.475
10.72,31946.4,35015.7,-0.2165,0.0379,147.8,98.1,0.475
10.74,32036.4,35068.6,0.1497,0.168,147.8,98.1,0.475
10.76,31853.7,34860.7,-0.5941,-0.3435,147.8,98.1,0.475
10.78,31906.6,34799.0,-0.3785,-0.4955,147.8,98.1,0.475
10.8,31821.0,34742.7,-0.7271,-0.6339,147.8,98.1,0.475
10.82,31871.6,34640.2,-0.5214,-0.8862,147.8,98.1,0.475
10.84,31891.4,34696.6,-0.4407,-0.7474,147.8,98.1,0.475
10.86,31880.3,34593.0,-0.4857,-1.0023,147.8,98.1,0.475
10.88,31779.8,34641.9,-0.895,-0.8819,147.8,98.1,0.475
10.9,31763.2,34435.6,-0.9624,-1.3897,147.8,98.1,0.475
10.92,31735.7,34533.5,-1.0743,-1.1487,147.8,98.1,0.475
10.94,31886.7,34712.0,-0.4596,-0.7094,147.8,98.1,0.475
10.96,31999.1,35126.7,-0.0022,0.3109,147.8,98.1,0.475
10.98,32206.1,35523.4,0.8405,1.2869,147.8,98.1,0.475
11.0,32238.8,35783.0,0.9734,1.9258,147.8,98.1,0.475
11.02,32345.6,35741.8,1.4084,1.8245,147.8,98.1,0.475
11.04,32201.3,35581.7,0.8209,1.4305,147.8,98.1,0.475
11.06,32141.8,35491.2,0.5785,1.2079,147.8,98.1,0.475
11.08,32118.1,35180.5,0.4822,0.4434,147.8,98.1,0.475
11.1,32040.3,35139.3,0.1655,0.3418,147.8,98.1,0.475
11.12,32059.8,35042.3,0.2451,0.1033,147.8,98.1,0.475
11.14,32046.7,35039.5,0.1916,0.0964,147.8,98.1,0.475
11.16,31909.8,35019.0,-0.3657,0.0459,147.8,98.1,0.475
11.18,31954.3,34796.5,-0.1845,-0.5015,147.8,98.1,0.475
11.2,31846.6,34776.8,-0.6231,-0.55,147.8,98.1,0.475
11.22,31934.9,34680.5,-0.2636,-0.7871,147.8,98.1,0.475
11.24,31837.9,34681.5,-0.6584,-0.7845,147.8,98.1,0.475
11.26,31876.8,34689.7,-0.4998,-0.7643,147.8,98.1,0.475
11.28,31858.6,34486.1,-0.5742,-1.2654,147.8,98.1,0.475
11.3,31759.9,34433.1,-0.9757,-1.3959,147.8,98.1,0.475
11.32,31847.1,34455.9,-0.6207,-1.3397,147.8,98.1,0.475
11.34,31884.8,34647.2,-0.4674,-0.8688,147.8,98.1,0.475
11.36,32093.4,35026.2,0.3819,0.0635,147.8,98.1,0.475
11.38,32225.9,35439.6,0.9212,1.0808,147.8,98.1,0.475
11.4,32219.7,35640.5,0.8957,1.5752,147.8,98.1,0.475
11.42,32279.1,35787.2,1.1377,1.9362,147.8,98.1,0.475
11.44,32295.9,35620.7,1.2061,1.5266,147.8,98.1,0.475
11.46,32184.8,35506.2,0.7539,1.2447,147.8,98.1,0.475
11.48,32195.5,35276.8,0.7972,0.6802,147.8,98.1,0.475
11.5,32099.2,35149.2,0.4054,0.3662,147.8,98.1,0.475
11.52,31974.4,34952.3,-0.1029,-0.1183,147.8,98.1,0.475
11.54,31945.6,35088.5,-0.2198,0.217,147.8,98.1,0.475
11.56,31956.6,34856.8,-0.1751,-0.3532,147.8,98.1,0.475
11.58,31947.7,34935.6,-0.2115,-0.1592,147.8,98.1,0.475
11.6,31973.6,34805.4,-0.1058,-0.4796,147.8,98.1,0.475
11.62,31798.9,34699.0,-0.817,-0.7416,147.8,98.1,0.475
11.64,31882.3,34704.0,-0.4776,-0.7292,147.8,98.1,0.475
11.66,31935.4,34642.9,-0.2613,-0.8794,147.8,98.1,0.475
11.68,31779.2,34586.0,-0.8975,-1.0195,147.8,98.1,0.475
11.7,31796.2,34467.3,-0.8279,-1.3116,147.8,98.1,0.475
11.72,31722.7,34360.3,-1.1273,-1.5748,147.8,98.1,0.475
11.74,31926.3,34659.4,-0.2986,-0.839,147.8,98.1,0.475
11.76,31932.0,34810.8,-0.2754,-0.4664,147.8,98.1,0.475
11.78,32153.2,35264.3,0.6251,0.6495,147.8,98.1,0.475
11.8,32170.9,35593.1,0.6974,1.4584,147.8,98.1,0.475
11.82,32275.0,35793.4,1.1211,1.9515,147.8,98.1,0.475
11.84,32349.9,35677.6,1.4257,1.6665,147.8,98.1,0.475
11.86,32200.1,35575.9,0.8161,1.4163,147.8,98.1,0.475
11.88,32062.8,35349.5,0.2573,0.8593,147.8,98.1,0.475
11.9,32041.0,35152.1,0.1682,0.3735,147.8,98.1,0.475
11.92,31953.6,35053.5,-0.1875,0.1307,147.8,98.1,0.475
11.94,32006.5,35063.2,0.028,0.1546,147.8,98.1,0.475
11.96,31960.5,34947.6,-0.1592,-0.1298,147.8,98.1,0.475
11.98,31897.1,34865.9,-0.4176,-0.3308,147.8,98.1,0.475
12.0,31941.9,34779.8,-0.2349,-0.5426,147.8,98.1,0.475
12.02,31836.4,34714.4,-0.6646,-0.7037,147.8,98.1,0.475
12.04,31897.7,34661.2,-0.4151,-0.8346,147.8,98.1,0.475
12.06,31881.0,34675.2,-0.4828,-0.8,147.8,98.1,0.475
12.08,31834.5,34559.4,-0.6723,-1.0851,147.8,98.1,0.475
12.1,31793.6,34451.5,-0.8388,-1.3505,147.8,98.1,0.475
12.12,31744.1,34422.2,-1.0401,-1.4226,147.8,98.1,0.475
12.14,31767.3,34556.7,-0.9458,-1.0916,147.8,98.1,0.475
12.16,31926.0,34679.4,-0.2997,-0.7898,147.8,98.1,0.475
12.18,32072.7,35044.6,0.2973,0.1088,147.8,98.1,0.475
12.2,32237.0,35660.7,0.9663,1.6248,147.8,98.1,0.475
12.22,32322.4,35740.2,1.3138,1.8205,147.8,98.1,0.475
12.24,32342.9,35735.3,1.3972,1.8083,147.8,98.1,0.475
12.26,32200.2,35643.5,0.8166,1.5825,147.8,98.1,0.475
12.28,32153.3,35433.7,0.6254,1.0664,147.8,98.1,0.475
12.3,32128.0,35176.7,0.5227,0.434,147.8,98.1,0.475
12.32,32137.4,35118.6,0.5609,0.291,147.8,98.1,0.475
12.34,32012.9,35092.8,0.0542,0.2276,147.8,98.1,0.475
12.36,32020.4,34988.1,0.0847,-0.0302,147.8,98.1,0.475
12.38,32011.6,34915.9,0.0486,-0.2078,147.8,98.1,0.475
12.4,31947.5,34819.5,-0.212,-0.445,147.8,98.1,0.475
12.42,31938.1,34784.5,-0.2504,-0.5311,147.8,98.1,0.475
12.44,31843.6,34628.2,-0.635,-0.9156,147.8,98.1,0.475
12.46,31768.5,34588.0,-0.9408,-1.0146,147.8,98.1,0.475
12.48,31842.1,34635.8,-0.6413,-0.8971,147.8,98.1,0.475
12.5,31866.9,34576.7,-0.5404,-1.0423,147.8,98.1,0.475
12.52,31751.7,34479.8,-1.0094,-1.2808,147.8,98.1,0.475
12.54,31782.4,34438.8,-0.8841,-1.3818,147.8,98.1,0.475
12.56,31850.9,34750.9,-0.6055,-0.6137,147.8,98.1,0.475
12.58,32132.6,35037.7,0.5412,0.0918,147.8,98.1,0.475
12.6,32155.6,35411.3,0.6349,1.0113,147.8,98.1,0.475
12.62,32264.2,35665.3,1.0769,1.6361,147.8,98.1,0.475
12.64,32378.3,35767.2,1.5413,1.887,147.8,98.1,0.475
12.66,32349.4,35600.4,1.4238,1.4764,147.8,98.1,0.475
12.68,32198.8,35404.2,0.8106,0.9936,147.8,98.1,0.475
12.7,32173.6,35312.2,0.7082,0.7674,147.8,98.1,0.475
12.72,32030.7,35159.4,0.1264,0.3913,147.8,98.1,0.475
12.74,32034.7,35196.9,0.1428,0.4836,147.8,98.1,0.475
12.76,32061.5,34997.4,0.2518,-0.0072,147.8,98.1,0.475
12.78,31928.0,34932.3,-0.2917,-0.1673,147.8,98.1,0.475
12.8,31930.4,34895.3,-0.282,-0.2583,147.8,98.1,0.475
12.82,31925.0,34816.4,-0.3039,-0.4525,147.8,98.1,0.475
12.84,31882.8,34723.9,-0.4757,-0.6801,147.8,98.1,0.475
12.86,31923.6,34646.6,-0.3097,-0.8704,147.8,98.1,0.475
12.88,31959.6,34576.7,-0.1629,-1.0424,147.8,98.1,0.475
12.9,31831.0,34543.3,-0.6864,-1.1245,147.8,98.1,0.475
12.92,31785.6,34493.0,-0.8714,-1.2483,147.8,98.1,0.475
12.94,31716.0,34490.5,-1.1548,-1.2545,147.8,98.1,0.475
12.96,31828.8,34678.6,-0.6954,-0.7917,147.8,98.1,0.475
12.98,31975.7,34931.1,-0.0975,-0.1703,147.8,98.1,0.475
13.0,32140.6,35282.5,0.5737,0.6942,147.8,98.1,0.475
13.02,32311.3,35606.2,1.2689,1.4907,147.8,98.1,0.475
13.04,32384.9,35787.6,1.5685,1.9371,147.8,98.1,0.475
13.06,32296.0,35695.8,1.2064,1.7112,147.8,98.1,0.475
13.08,32173.8,35565.2,0.7092,1.3899,147.8,98.1,0.475
13.1,32201.1,35268.5,0.8199,0.6597,147.8,98.1,0.475
13.12,32093.6,35160.2,0.3824,0.3933,147.8,98.1,0.475
13.14,32042.0,35120.4,0.1725,0.2953,147.8,98.1,0.475
13.16,31976.9,34986.1,-0.0926,-0.0351,147.8,98.1,0.475
13.18,32103.4,35022.4,0.4224,0.0544,147.8,98.1,0.475
13.2,31932.7,34881.4,-0.2723,-0.2926,147.8,98.1,0.475
13.22,31903.2,34718.5,-0.3924,-0.6934,147.8,98.1,0.475
13.24,31821.8,34717.6,-0.7241,-0.6956,147.8,98.1,0.475
13.26,31777.9,34659.8,-0.9025,-0.838,147.8,98.1,0.475
13.28,31893.9,34619.8,-0.4304,-0.9364,147.8,98.1,0.475
13.3,31789.7,34557.1,-0.8544,-1.0907,147.8,98.1,0.475
13.32,31791.7,34437.9,-0.8465,-1.3839,147.8,98.1,0.475
13.34,31726.5,34514.6,-1.1119,-1.1951,147.8,98.1,0.475
13.36,31825.1,34533.4,-0.7105,-1.1489,147.8,98.1,0.475
13.38,32031.9,34876.9,0.1315,-0.3036,147.8,98.1,0.475
13.4,32034.8,35151.5,0.143,0.3719,147.8,98.1,0.475
13.42,32293.1,35538.1,1.1948,1.3231,147.8,98.1,0.475
13.44,32327.6,35759.0,1.3351,1.8667,147.8,98.1,0.475
13.46,32373.8,35727.3,1.523,1.7888,147.8,98.1,0.475
13.48,32234.6,35574.9,0.9564,1.4137,147.8,98.1,0.475
13.5,32114.6,35361.6,0.4681,0.8889,147.8,98.1,0.475
13.52,32120.4,35283.0,0.4915,0.6954,147.8,98.1,0.475
13.54,32076.1,35134.7,0.3113,0.3307,147.8,98.1,0.475
13.56,32043.6,35075.4,0.1789,0.1847,147.8,98.1,0.475
13.58,31961.6,34991.4,-0.1546,-0.022,147.8,98.1,0.475
13.6,31929.1,34968.2,-0.2872,-0.079,147.8,98.1,0.475
13.62,31929.8,34685.3,-0.2843,-0.7753,147.8,98.1,0.475
13.64,31945.1,34656.0,-0.2222,-0.8472,147.8,98.1,0.475
13.66,31874.2,34634.6,-0.5104,-0.8999,147.8,98.1,0.475
13.68,31899.8,34601.8,-0.4064,-0.9807,147.8,98.1,0.475
13.7,31875.1,34647.1,-0.5068,-0.8691,147.8,98.1,0.475
13.72,31776.3,34496.0,-0.9091,-1.241,147.8,98.1,0.475
13.74,31694.3,34497.6,-1.2431,-1.2371,147.8,98.1,0.475
13.76,31740.5,34562.1,-1.0549,-1.0783,147.8,98.1,0.475
13.78,31901.5,34778.4,-0.3995,-0.5462,147.8,98.1,0.475
13.8,32003.8,35144.6,0.0171,0.355,147.8,98.1,0.475
13.82,32187.5,35396.8,0.7646,0.9755,147.8,98.1,0.475
13.84,32362.2,35707.7,1.4759,1.7406,147.8,98.1,0.475
13.86,32334.1,35768.7,1.3614,1.8905,147.8,98.1,0.475
13.88,32326.0,35581.7,1.3287,1.4306,147.8,98.1,0.475
13.9,32243.2,35366.9,0.9916,0.9019,147.8,98.1,0.475
13.92,32186.5,35237.1,0.7608,0.5824,147.8,98.1,0.475
13.94,32111.3,35177.3,0.4546,0.4355,147.8,98.1,0.475
13.96,32129.7,35067.9,0.5293,0.1662,147.8,98.1,0.475
13.98,31914.9,34913.4,-0.3449,-0.2138,147.8,98.1,0.475
14.0,31983.9,34933.9,-0.0639,-0.1634,147.8,98.1,0.475
14.02,31849.3,34731.9,-0.6118,-0.6606,147.8,98.1,0.475
14.04,31902.0,34710.2,-0.3974,-0.714,147.8,98.1,0.475
14.06,31922.4,34691.4,-0.3145,-0.7601,147.8,98.1,0.475
14.08,31874.8,34668.7,-0.5083,-0.816,147.8,98.1,0.475
14.1,31733.7,34667.3,-1.0826,-0.8195,147.8,98.1,0.475
14.12,31724.0,34513.5,-1.1219,-1.198,147.8,98.1,0.475
14.14,31824.5,34480.3,-0.713,-1.2796,147.8,98.1,0.475
14.16,31776.7,34507.6,-0.9076,-1.2123,147.8,98.1,0.475
14.18,31827.4,34539.0,-0.7013,-1.1353,147.8,98.1,0.475
14.2,31932.7,34914.9,-0.2726,-0.2101,147.8,98.1,0.475
14.22,32142.8,35325.7,0.583,0.8005,147.8,98.1,0.475
14.24,32259.5,35641.0,1.0577,1.5763,147.8,98.1,0.475
14.26,32400.7,35758.6,1.6325,1.8659,147.8,98.1,0.475
14.28,32301.0,35639.4,1.2267,1.5724,147.8,98.1,0.475
14.3,32208.6,35595.7,0.8507,1.465,147.8,98.1,0.475
14.32,31992.0,35323.4,-0.0312,0.795,147.8,98.1,0.475
14.34,32137.3,35179.5,0.5606,0.4407,147.8,98.1,0.475
14.36,32067.0,35104.9,0.2743,0.2574,147.8,98.1,0.475
14.38,31964.8,34993.9,-0.1418,-0.0158,147.8,98.1,0.475
14.4,32045.2,35009.6,0.1854,0.0229,147.8,98.1,0.475
14.42,31884.5,34895.4,-0.4685,-0.2583,147.8,98.1,0.475
14.44,31876.8,34822.1,-0.5002,-0.4387,147.8,98.1,0.475
14.46,31841.2,34662.2,-0.6451,-0.8319,147.8,98.1,0.475
14.48,31774.1,34643.8,-0.9182,-0.8774,147.8,98.1,0.475
14.5,31781.2,34662.6,-0.8893,-0.8309,147.8,98.1,0.475
14.52,31927.1,34539.8,-0.2953,-1.1333,147.8,98.1,0.475
14.54,31768.0,34454.9,-0.9428,-1.3421,147.8,98.1,0.475
14.56,31810.1,34469.3,-0.7716,-1.3068,147.8,98.1,0.475
14.58,31832.0,34552.8,-0.6826,-1.1012,147.8,98.1,0.475
14.6,31891.7,34758.6,-0.4393,-0.5949,147.8,98.1,0.475
14.62,32032.4,35170.8,0.1335,0.4194,147.8,98.1,0.475
14.64,32210.2,35502.3,0.857,1.2352,147.8,98.1,0.475
14.66,32303.6,35770.5,1.2374,1.8952,147.8,98.1,0.475
14.68,32323.2,35796.2,1.3171,1.9583,147.8,98.1,0.475
14.7,32295.3,35516.0,1.2035,1.2689,147.8,98.1,0.475
14.72,32187.9,35272.4,0.7665,0.6694,147.8,98.1,0.475
14.74,32054.4,35136.3,0.223,0.3345,147.8,98.1,0.475
14.76,32062.5,35109.2,0.2561,0.2678,147.8,98.1,0.475
14.78,32101.6,35080.1,0.4149,0.1964,147.8,98.1,0.475
14.8,31961.6,34935.2,-0.1547,-0.1603,147.8,98.1,0.475
14.82,32026.5,34818.4,0.1093,-0.4477,147.8,98.1,0.475
14.84,31924.4,34788.0,-0.3061,-0.5225,147.8,98.1,0.475
14.86,31857.0,34682.0,-0.5805,-0.7833,147.8,98.1,0.475
14.88,31788.7,34616.5,-0.8588,-0.9445,147.8,98.1,0.475
14.9,31830.5,34648.5,-0.6885,-0.8656,147.8,98.1,0.475
14.92,31862.9,34634.2,-0.5565,-0.9009,147.8,98.1,0.475
14.94,31720.1,34521.6,-1.1379,-1.178,147.8,98.1,0.475
14.96,31754.8,34444.9,-0.9965,-1.3667,147.8,98.1,0.475
14.98,31748.9,34546.0,-1.0206,-1.1178,147.8,98.1,0.475
15.0,31845.9,34799.0,-0.6256,-0.4954,147.8,98.1,0.475
15.02,31927.4,35081.8,-0.294,0.2004,147.8,98.1,0.475
15.04,32224.7,35513.5,0.9162,1.2628,147.8,98.1,0.475
15.06,32187.0,35722.5,0.7626,1.7769,147.8,98.1,0.475
15.08,32289.2,35777.1,1.1786,1.9112,147.8,98.1,0.475
15.1,32385.8,35638.9,1.5719,1.5713,147.8,98.1,0.475
15.12,32185.0,35411.7,0.7544,1.0122,147.8,98.1,0.475
15.14,32059.2,35220.3,0.2427,0.5413,147.8,98.1,0.475
15.16,32037.0,35087.5,0.1519,0.2144,147.8,98.1,0.475
15.18,31995.6,35111.9,-0.0166,0.2745,147.8,98.1,0.475
15.2,31993.1,34981.7,-0.0267,-0.0458,147.8,98.1,0.475
15.22,31938.6,34994.6,-0.2485,-0.0142,147.8,98.1,0.475
15.24,31966.7,34744.2,-0.1342,-0.6302,147.8,98.1,0.475
15.26,31869.3,34713.5,-0.5305,-0.7058,147.8,98.1,0.475
15.28,31856.7,34665.6,-0.5819,-0.8237,147.8,98.1,0.475
15.3,31927.8,34633.8,-0.2925,-0.9019,147.8,98.1,0.475
15.32,31804.8,34621.2,-0.793,-0.9329,147.8,98.1,0.475
15.34,31878.5,34577.3,-0.4929,-1.0408,147.8,98.1,0.475
15.36,31773.3,34472.4,-0.9212,-1.299,147.8,98.1,0.475
15.38,31778.9,34459.0,-0.8985,-1.3319,147.8,98.1,0.475
15.4,31855.6,34647.9,-0.5862,-0.8672,147.8,98.1,0.475
15.42,31935.9,35038.6,-0.2595,0.0941,147.8,98.1,0.475
15.44,32171.1,35415.6,0.6979,1.0219,147.8,98.1,0.475
15.46,32304.7,35684.7,1.2419,1.6839,147.8,98.1,0.475
15.48,32360.8,35715.9,1.4702,1.7608,147.8,98.1,0.475
15.5,32301.4,35661.5,1.2283,1.6268,147.8,98.1,0.475
15.52,32281.4,35428.9,1.1468,1.0546,147.8,98.1,0.475
15.54,32162.8,35277.7,0.6644,0.6825,147.8,98.1,0.475
15.56,32128.4,35165.9,0.5241,0.4073,147.8,98.1,0.475
15.58,32009.3,35102.8,0.0392,0.252,147.8,98.1,0.475
15.6,32052.2,34968.5,0.2141,-0.0785,147.8,98.1,0.475
15.62,32045.5,34908.7,0.1869,-0.2255,147.8,98.1,0.475
15.64,31975.0,34905.8,-0.1004,-0.2327,147.8,98.1,0.475
15.66,31856.8,34747.0,-0.5813,-0.6233,147.8,98.1,0.475
15.68,31810.1,34652.5,-0.7716,-0.8559,147.8,98.1,0.475
15.7,31930.2,34722.3,-0.2827,-0.6842,147.8,98.1,0.475
15.72,31848.2,34626.3,-0.6163,-0.9203,147.8,98.1,0.475
15.74,31861.6,34539.8,-0.5618,-1.1331,147.8,98.1,0.475
15.76,31741.6,34374.7,-1.0503,-1.5395,147.8,98.1,0.475
15.78,31713.0,34538.0,-1.1668,-1.1376,147.8,98.1,0.475
15.8,31775.3,34584.6,-0.9133,-1.023,147.8,98.1,0.475
15.82,31917.0,34940.5,-0.3362,-0.1472,147.8,98.1,0.475
15.84,32070.7,35292.5,0.2894,0.719,147.8,98.1,0.475
15.86,32226.6,35573.8,0.9239,1.4111,147.8,98.1,0.475
15.88,32311.4,35719.7,1.2691,1.7702,147.8,98.1,0.475
15.9,32191.6,35725.6,0.7814,1.7846,147.8,98.1,0.475
15.92,32206.2,35454.5,0.8411,1.1175,147.8,98.1,0.475
15.94,32209.3,35337.6,0.8536,0.8299,147.8,98.1,0.475
15.96,32118.7,35247.9,0.4845,0.6092,147.8,98.1,0.475
15.98,32112.6,35076.2,0.4598,0.1866,147.8,98.1,0.475
16.0,32009.4,35035.2,0.0397,0.0858,147.8,98.1,0.475
16.02,31998.1,34952.4,-0.0062,-0.1181,147.8,98.1,0.475
16.04,31911.1,34779.2,-0.3605,-0.5441,147.8,98.1,0.475
16.06,31821.8,34760.6,-0.7239,-0.5899,147.8,98.1,0.475
16.08,31904.2,34686.5,-0.3884,-0.7723,147.8,98.1,0.475
16.1,31924.7,34750.8,-0.3049,-0.614,147.8,98.1,0.475
16.12,31805.9,34569.2,-0.7886,-1.0609,147.8,98.1,0.475
16.14,31838.5,34551.8,-0.6561,-1.1037,147.8,98.1,0.475
16.16,31792.2,34514.9,-0.8442,-1.1944,147.8,98.1,0.475
16.18,31724.3,34516.0,-1.1208,-1.1918,147.8,98.1,0.475
16.2,31859.3,34585.1,-0.5714,-1.0217,147.8,98.1,0.475
16.22,31879.1,34717.5,-0.4905,-0.6959,147.8,98.1,0.475
16.24,32077.2,35125.3,0.3156,0.3076,147.8,98.1,0.475
16.26,32220.5,35499.5,0.8992,1.2283,147.8,98.1,0.475
16.28,32247.0,35687.2,1.0071,1.69,147.8,98.1,0.475
16.3,32253.5,35724.5,1.0336,1.7819,147.8,98.1,0.475
16.32,32242.4,35581.2,0.9884,1.4292,147.8,98.1,0.475
16.34,32171.9,35419.0,0.7012,1.0302,147.8,98.1,0.475
16.36,32044.8,35209.2,0.1839,0.514,147.8,98.1,0.475
16.38,32089.1,35003.7,0.364,0.0083,147.8,98.1,0.475
16.4,32082.0,35037.2,0.3352,0.0906,147.8,98.1,0.475
16.42,31992.5,35007.8,-0.0291,0.0183,147.8,98.1,0.475
16.44,31979.4,34954.5,-0.0822,-0.1128,147.8,98.1,0.475
16.46,31795.9,34821.6,-0.8293,-0.4398,147.8,98.1,0.475
16.48,31875.3,34770.5,-0.5061,-0.5654,147.8,98.1,0.475
16.5,31898.3,34642.5,-0.4125,-0.8805,147.8,98.1,0.475
16.52,31821.8,34790.7,-0.724,-0.5159,147.8,98.1,0.475
16.54,31800.3,34651.2,-0.8114,-0.859,147.8,98.1,0.475
16.56,31776.6,34553.6,-0.9078,-1.0993,147.8,98.1,0.475
16.58,31774.2,34440.7,-0.9178,-1.377,147.8,98.1,0.475
16.6,31799.9,34416.7,-0.813,-1.436,147.8,98.1,0.475
16.62,31916.3,34568.0,-0.3391,-1.0638,147.8,98.1,0.475
16.64,32018.1,35050.1,0.0753,0.1224,147.8,98.1,0.475
16.66,32281.8,35442.9,1.1487,1.089,147.8,98.1,0.475
16.68,32299.6,35676.0,1.2211,1.6625,147.8,98.1,0.475
16.7,32266.4,35779.8,1.0859,1.918,147.8,98.1,0.475
16.72,32338.1,35703.9,1.378,1.7311,147.8,98.1,0.475
16.74,32198.9,35467.6,0.8111,1.1498,147.8,98.1,0.475
16.76,32019.1,35218.6,0.0792,0.537,147.8,98.1,0.475
16.78,32040.2,35161.1,0.1651,0.3955,147.8,98.1,0.475
16.8,31946.7,35110.4,-0.2155,0.2707,147.8,98.1,0.475
16.82,32045.6,35011.6,0.1869,0.0277,147.8,98.1,0.475
16.84,32001.3,34901.5,0.0067,-0.2433,147.8,98.1,0.475
16.86,31875.4,34772.7,-0.5058,-0.5601,147.8,98.1,0.475
16.88,31869.8,34794.2,-0.5283,-0.5072,147.8,98.1,0.475
16.9,31894.2,34777.1,-0.4293,-0.5493,147.8,98.1,0.475
16.92,31924.0,34649.5,-0.3078,-0.8632,147.8,98.1,0.475
16.94,31867.4,34677.6,-0.5382,-0.7942,147.8,98.1,0.475
16.96,31841.0,34479.8,-0.6456,-1.2809,147.8,98.1,0.475
16.98,31769.9,34439.5,-0.9352,-1.38,147.8,98.1,0.475
17.0,31888.7,34499.8,-0.4514,-1.2316,147.8,98.1,0.475
17.02,31856.2,34612.5,-0.5839,-0.9543,147.8,98.1,0.475
17.04,31932.7,34919.2,-0.2723,-0.1996,147.8,98.1,0.475
17.06,32092.8,35361.1,0.3792,0.8877,147.8,98.1,0.475
17.08,32301.9,35604.3,1.2303,1.4862,147.8,98.1,0.475
17.1,32415.2,35761.8,1.6917,1.8736,147.8,98.1,0.475
17.12,32315.5,35705.1,1.2857,1.7342,147.8,98.1,0.475
17.14,32182.9,35517.8,0.746,1.2734,147.8,98.1,0.475
17.16,32063.1,35215.1,0.2583,0.5285,147.8,98.1,0.475
17.18,32026.9,35265.1,0.1111,0.6514,147.8,98.1,0.475
17.2,32079.2,35095.9,0.3237,0.2351,147.8,98.1,0.475
17.22,31905.0,35034.4,-0.3851,0.0839,147.8,98.1,0.475
17.24,31971.4,34942.1,-0.1149,-0.1432,147.8,98.1,0.475
17.26,31853.1,34830.1,-0.5966,-0.419,147.8,98.1,0.475
17.28,31977.3,34731.2,-0.0909,-0.6622,147.8,98.1,0.475
17.3,31831.1,34713.2,-0.6862,-0.7066,147.8,98.1,0.475
17.32,31926.9,34696.0,-0.2961,-0.7489,147.8,98.1,0.475
17.34,31871.1,34705.6,-0.5234,-0.7253,147.8,98.1,0.475
17.36,31850.4,34625.4,-0.6073,-0.9225,147.8,98.1,0.475
17.38,31800.2,34498.6,-0.8118,-1.2346,147.8,98.1,0.475
17.4,31793.7,34435.6,-0.8383,-1.3897,147.8,98.1,0.475
17.42,31804.7,34611.2,-0.7935,-0.9575,147.8,98.1,0.475
17.44,31881.4,34826.5,-0.4812,-0.4278,147.8,98.1,0.475
17.46,32017.7,35158.5,0.0734,0.3892,147.8,98.1,0.475
17.48,32274.3,35381.0,1.1183,0.9367,147.8,98.1,0.475
17.5,32380.9,35784.4,1.5521,1.9292,147.8,98.1,0.475
17.52,32278.7,35666.7,1.1359,1.6397,147.8,98.1,0.475
17.54,32258.7,35596.6,1.0546,1.4672,147.8,98.1,0.475
17.56,32154.0,35407.8,0.6285,1.0026,147.8,98.1,0.475
17.58,32127.8,35226.0,0.5218,0.5553,147.8,98.1,0.475
17.6,32013.4,35161.6,0.0562,0.3967,147.8,98.1,0.475
17.62,32029.9,35119.5,0.1233,0.2932,147.8,98.1,0.475
17.64,31935.5,34993.2,-0.2611,-0.0175,147.8,98.1,0.475
17.66,31975.6,34862.9,-0.0979,-0.3381,147.8,98.1,0.475
17.68,31895.5,34837.1,-0.4237,-0.4018,147.8,98.1,0.475
17.7,31848.0,34676.1,-0.6173,-0.7978,147.8,98.1,0.475
17.72,31880.9,34670.6,-0.4834,-0.8113,147.8,98.1,0.475
17.74,31881.7,34636.5,-0.4801,-0.8954,147.8,98.1,0.475
17.76,31863.6,34720.6,-0.5536,-0.6882,147.8,98.1,0.475
17.78,31807.4,34395.8,-0.7824,-1.4876,147.8,98.1,0.475
17.8,31649.6,34460.1,-1.4249,-1.3294,147.8,98.1,0.475
17.82,31729.0,34538.6,-1.1017,-1.1362,147.8,98.1,0.475
17.84,31904.7,34618.8,-0.3864,-0.9389,147.8,98.1,0.475
17.86,32039.2,35048.6,0.1612,0.1188,147.8,98.1,0.475
17.88,32246.9,35453.8,1.0065,1.1157,147.8,98.1,0.475
17.9,32319.0,35716.5,1.3002,1.7621,147.8,98.1,0.475
17.92,32235.1,35734.0,0.9585,1.8053,147.8,98.1,0.475
17.94,32304.2,35690.2,1.2398,1.6975,147.8,98.1,0.475
17.96,32261.7,35361.6,1.067,0.889,147.8,98.1,0.475
17.98,32142.1,35202.8,0.5801,0.4981,147.8,98.1,0.475
18.0,32017.8,35198.5,0.0739,0.4875,147.8,98.1,0.475
18.02,31976.8,35187.7,-0.0929,0.461,147.8,98.1,0.475
18.04,32008.5,35003.5,0.036,0.0078,147.8,98.1,0.475
18.06,31977.2,34861.8,-0.0914,-0.3408,147.8,98.1,0.475
18.08,31951.3,34819.3,-0.1966,-0.4455,147.8,98.1,0.475
18.1,31840.5,34730.4,-0.6478,-0.6642,147.8,98.1,0.475
18.12,31900.3,34731.2,-0.4042,-0.6622,147.8,98.1,0.475
18.14,31871.6,34662.2,-0.5212,-0.8321,147.8,98.1,0.475
18.16,31834.9,34630.5,-0.6707,-0.9101,147.8,98.1,0.475
18.18,31817.4,34565.1,-0.7419,-1.0709,147.8,98.1,0.475
18.2,31762.6,34489.9,-0.965,-1.256,147.8,98.1,0.475
18.22,31778.0,34487.3,-0.9021,-1.2623,147.8,98.1,0.475
18.24,31869.6,34621.1,-0.5292,-0.933,147.8,98.1,0.475
18.26,31935.1,34881.8,-0.2628,-0.2918,147.8,98.1,0.475
18.28,32138.6,35253.4,0.5655,0.6226,147.8,98.1,0.475
18.3,32229.0,35626.3,0.9339,1.5402,147.8,98.1,0.475
18.32,32393.9,35700.5,1.6051,1.7229,147.8,98.1,0.475
18.34,32290.7,35699.5,1.1849,1.7203,147.8,98.1,0.475
18.36,32233.6,35479.3,0.9523,1.1785,147.8,98.1,0.475
18.38,32124.2,35327.9,0.5073,0.8061,147.8,98.1,0.475
18.4,32167.0,35222.5,0.6815,0.5466,147.8,98.1,0.475
18.42,31972.2,35097.7,-0.1115,0.2394,147.8,98.1,0.475
18.44,32084.2,35149.4,0.3441,0.3668,147.8,98.1,0.475
18.46,31970.7,34888.4,-0.1176,-0.2754,147.8,98.1,0.475
18.48,31894.9,34846.5,-0.4263,-0.3786,147.8,98.1,0.475
18.5,31894.2,34676.8,-0.429,-0.7962,147.8,98.1,0.475
18.52,31868.3,34765.7,-0.5347,-0.5774,147.8,98.1,0.475
18.54,31899.6,34582.7,-0.4071,-1.0276,147.8,98.1,0.475
18.56,31843.0,34601.9,-0.6376,-0.9805,147.8,98.1,0.475
18.58,31847.4,34532.9,-0.6195,-1.1501,147.8,98.1,0.475
18.6,31820.2,34468.2,-0.7305,-1.3094,147.8,98.1,0.475
18.62,31723.5,34494.9,-1.1239,-1.2436,147.8,98.1,0.475
18.64,31818.7,34715.6,-0.7364,-0.7005,147.8,98.1,0.475
18.66,31980.5,34907.9,-0.078,-0.2275,147.8,98.1,0.475
18.68,32097.6,35300.2,0.399,0.7377,147.8,98.1,0.475
18.7,32243.6,35578.6,0.9932,1.4228,147.8,98.1,0.475
18.72,32466.0,35673.8,1.8985,1.6572,147.8,98.1,0.475
18.74,32329.9,35681.3,1.3444,1.6757,147.8,98.1,0.475
18.76,32242.2,35600.6,0.9875,1.4769,147.8,98.1,0.475
18.78,32231.2,35280.8,0.9427,0.6901,147.8,98.1,0.475
18.8,32144.4,35275.7,0.5891,0.6774,147.8,98.1,0.475
18.82,32000.8,35120.3,0.0049,0.2952,147.8,98.1,0.475
18.84,32008.0,35055.9,0.0342,0.1366,147.8,98.1,0.475
18.86,31925.9,35078.4,-0.3002,0.192,147.8,98.1,0.475
18.88,31938.9,34851.0,-0.2471,-0.3674,147.8,98.1,0.475
18.9,31960.9,34848.7,-0.1576,-0.3731,147.8,98.1,0.475
18.92,31852.6,34715.4,-0.5986,-0.7011,147.8,98.1,0.475
18.94,31929.5,34622.9,-0.2855,-0.9288,147.8,98.1,0.475
18.96,31787.8,34716.5,-0.8622,-0.6984,147.8,98.1,0.475
18.98,31899.0,34642.3,-0.4098,-0.8809,147.8,98.1,0.475
19.0,31783.2,34467.0,-0.881,-1.3123,147.8,98.1,0.475
19.02,31849.2,34545.6,-0.6123,-1.1188,147.8,98.1,0.475
19.04,31865.1,34481.6,-0.5475,-1.2764,147.8,98.1,0.475
19.06,31912.9,34676.4,-0.3529,-0.7971,147.8,98.1,0.475
19.08,31980.7,35071.4,-0.077,0.1748,147.8,98.1,0.475
19.1,32165.2,35396.0,0.674,0.9735,147.8,98.1,0.475
19.12,32306.0,35609.6,1.2473,1.4991,147.8,98.1,0.475
19.14,32258.8,35803.1,1.0549,1.9753,147.8,98.1,0.475
19.16,32287.5,35650.0,1.172,1.5984,147.8,98.1,0.475
19.18,32215.2,35321.2,0.8777,0.7895,147.8,98.1,0.475
19.2,32153.6,35143.1,0.6267,0.3513,147.8,98.1,0.475
19.22,32112.1,35165.7,0.458,0.4069,147.8,98.1,0.475
19.24,32008.7,35122.9,0.0369,0.3015,147.8,98.1,0.475
19.26,32046.7,35110.8,0.1916,0.2718,147.8,98.1,0.475
19.28,32018.1,34881.4,0.0751,-0.2926,147.8,98.1,0.475
19.3,31820.5,34941.0,-0.7291,-0.146,147.8,98.1,0.475
19.32,31851.4,34645.5,-0.6034,-0.8731,147.8,98.1,0.475
19.34,31945.0,34739.0,-0.2225,-0.643,147.8,98.1,0.475
19.36,31804.6,34729.3,-0.794,-0.6668,147.8,98.1,0.475
19.38,31845.9,34558.2,-0.6257,-1.088,147.8,98.1,0.475
19.4,31755.6,34534.1,-0.9935,-1.1473,147.8,98.1,0.475
19.42,31794.9,34386.7,-0.8336,-1.51,147.8,98.1,0.475
19.44,31773.6,34497.5,-0.9202,-1.2373,147.8,98.1,0.475
19.46,31826.8,34623.6,-0.7035,-0.9271,147.8,98.1,0.475
19.48,32036.2,34997.2,0.1489,-0.0078,147.8,98.1,0.475
19.5,32113.1,35365.6,0.4619,0.8987,147.8,98.1,0.475
19.52,32322.0,35620.6,1.3121,1.5261,147.8,98.1,0.475
19.54,32316.5,35816.1,1.2897,2.0071,147.8,98.1,0.475
19.56,32248.9,35685.2,1.0147,1.6852,147.8,98.1,0.475
19.58,32169.9,35497.2,0.6933,1.2226,147.8,98.1,0.475
19.6,32125.5,35276.5,0.5123,0.6795,147.8,98.1,0.475
19.62,32003.9,35140.9,0.0175,0.3457,147.8,98.1,0.475
19.64,31978.7,35166.6,-0.0851,0.4091,147.8,98.1,0.475
19.66,32010.7,35073.3,0.0449,0.1794,147.8,98.1,0.475
19.68,31977.5,34950.9,-0.0902,-0.1218,147.8,98.1,0.475
19.7,31932.4,34874.9,-0.2736,-0.3086,147.8,98.1,0.475
19.72,31817.9,34662.7,-0.7397,-0.8307,147.8,98.1,0.475
19.74,31857.4,34678.6,-0.5791,-0.7917,147.8,98.1,0.475
19.76,31826.9,34639.1,-0.7033,-0.8888,147.8,98.1,0.475
19.78,31801.1,34634.2,-0.8081,-0.901,147.8,98.1,0.475
19.8,31800.0,34544.6,-0.8125,-1.1214,147.8,98.1,0.475
19.82,31740.1,34505.3,-1.0566,-1.2181,147.8,98.1,0.475
19.84,31716.2,34463.4,-1.1539,-1.3212,147.8,98.1,0.475
19.86,31831.7,34566.9,-0.6835,-1.0665,147.8,98.1,0.475
19.88,31977.3,34894.7,-0.0911,-0.26,147.8,98.1,0.475
19.9,32095.7,35253.7,0.3911,0.6235,147.8,98.1,0.475
19.92,32213.7,35667.9,0.8714,1.6427,147.8,98.1,0.475
19.94,32317.4,35799.4,1.2937,1.9662,147.8,98.1,0.475
19.96,32305.7,35666.0,1.2458,1.638,147.8,98.1,0.475
19.98,32250.5,35527.3,1.0211,1.2967,147.8,98.1,0.475
20.0,32186.4,35323.9,0.7602,0.7961,147.8,98.1,0.475
20.02,32080.8,35262.3,0.3304,0.6446,147.8,98.1,0.475
20.04,32050.9,35044.3,0.2088,0.1081,147.8,98.1,0.475
20.06,31967.1,35082.1,-0.1324,0.2011,147.8,98.1,0.475
20.08,32000.4,34929.2,0.0032,-0.175,147.8,98.1,0.475
20.1,31883.9,34868.6,-0.4711,-0.3242,147.8,98.1,0.475
20.12,31826.2,34703.3,-0.706,-0.7309,147.8,98.1,0.475
20.14,31866.8,34643.6,-0.5408,-0.8777,147.8,98.1,0.475
20.16,31912.2,34584.3,-0.3558,-1.0236,147.8,98.1,0.475
20.18,31831.0,34606.9,-0.6864,-0.9682,147.8,98.1,0.475
20.2,31915.7,34632.4,-0.3418,-0.9053,147.8,98.1,0.475
20.22,31816.7,34495.7,-0.7446,-1.2416,147.8,98.1,0.475
20.24,31742.7,34482.2,-1.0459,-1.2749,147.8,98.1,0.475
20.26,31789.6,34496.7,-0.8549,-1.2391,147.8,98.1,0.475
20.28,31867.3,34740.1,-0.5389,-0.6404,147.8,98.1,0.475
20.3,32085.2,35091.9,0.3481,0.2252,147.8,98.1,0.475
20.32,32203.5,35532.7,0.8298,1.3098,147.8,98.1,0.475
20.34,32188.4,35751.6,0.7683,1.8485,147.8,98.1,0.475
20.36,32378.1,35809.5,1.5407,1.9911,147.8,98.1,0.475
20.38,32232.6,35541.6,0.9485,1.3318,147.8,98.1,0.475
20.4,32158.0,35476.4,0.6448,1.1715,147.8,98.1,0.475
20.42,32124.1,35153.4,0.5068,0.3767,147.8,98.1,0.475
20.44,32153.9,35150.4,0.628,0.3691,147.8,98.1,0.475
20.46,31982.1,34958.0,-0.0716,-0.1041,147.8,98.1,0.475
20.48,32000.8,34999.1,0.0048,-0.003,147.8,98.1,0.475
20.5,32012.4,34924.4,0.0519,-0.187,147.8,98.1,0.475
20.52,31925.4,34799.4,-0.3023,-0.4944,147.8,98.1,0.475
20.54,31810.1,34769.9,-0.7715,-0.5671,147.8,98.1,0.475
20.56,31842.4,34664.9,-0.6399,-0.8253,147.8,98.1,0.475
20.58,31864.0,34627.1,-0.552,-0.9184,147.8,98.1,0.475
20.6,31892.7,34666.6,-0.4351,-0.8212,147.8,98.1,0.475
20.62,31861.7,34469.8,-0.5617,-1.3054,147.8,98.1,0.475
20.64,31728.0,34439.2,-1.1056,-1.3808,147.8,98.1,0.475
20.66,31737.1,34524.2,-1.0687,-1.1715,147.8,98.1,0.475
20.68,31838.0,34661.5,-0.6581,-0.8337,147.8,98.1,0.475
20.7,32020.0,35023.7,0.083,0.0575,147.8,98.1,0.475
20.72,32194.7,35370.3,0.794,0.9103,147.8,98.1,0.475
20.74,32267.8,35680.6,1.0915,1.6739,147.8,98.1,0.475
20.76,32361.6,35769.7,1.4735,1.893,147.8,98.1,0.475
20.78,32316.8,35531.1,1.291,1.3061,147.8,98.1,0.475
20.8,32140.2,35426.9,0.5722,1.0496,147.8,98.1,0.475
20.82,32061.7,35321.9,0.2527,0.7912,147.8,98.1,0.475
20.84,32045.6,35156.5,0.1871,0.3842,147.8,98.1,0.475
20.86,32040.9,35020.4,0.1679,0.0495,147.8,98.1,0.475
20.88,31927.5,35012.4,-0.2935,0.0298,147.8,98.1,0.475
20.9,31987.8,34849.0,-0.0481,-0.3725,147.8,98.1,0.475
20.92,31853.0,34851.6,-0.597,-0.366,147.8,98.1,0.475
20.94,31906.8,34677.3,-0.3781,-0.795,147.8,98.1,0.475
20.96,31857.4,34689.1,-0.5792,-0.7658,147.8,98.1,0.475
20.98,31835.7,34679.1,-0.6675,-0.7904,147.8,98.1,0.475
21.0,31715.0,34642.3,-1.1588,-0.881,147.8,98.1,0.475
21.02,31755.9,34630.2,-0.9922,-0.9109,147.8,98.1,0.475
21.04,31773.0,34489.6,-0.9227,-1.2567,147.8,98.1,0.475
21.06,31691.4,34457.9,-1.2547,-1.3347,147.8,98.1,0.475
21.08,31820.1,34608.9,-0.731,-0.9633,147.8,98.1,0.475
21.1,31976.1,34875.7,-0.0956,-0.3066,147.8,98.1,0.475
21.12,32059.2,35276.3,0.2425,0.6791,147.8,98.1,0.475
21.14,32171.3,35628.9,0.6988,1.5466,147.8,98.1,0.475
21.16,32309.5,35728.9,1.2614,1.7928,147.8,98.1,0.475
21.18,32316.9,35673.4,1.2917,1.6562,147.8,98.1,0.475
21.2,32194.0,35497.2,0.7913,1.2226,147.8,98.1,0.475
21.22,32179.1,35328.3,0.7306,0.807,147.8,98.1,0.475
21.24,32079.6,35210.7,0.3254,0.5176,147.8,98.1,0.475
21.26,32081.7,35128.1,0.334,0.3144,147.8,98.1,0.475
21.28,32049.8,35070.1,0.2041,0.1717,147.8,98.1,0.475
21.3,32020.7,34989.0,0.0857,-0.0279,147.8,98.1,0.475
21.32,31941.5,34878.7,-0.2364,-0.2993,147.8,98.1,0.475
21.34,31858.6,34749.5,-0.5742,-0.6173,147.8,98.1,0.475
21.36,31896.8,34665.8,-0.4188,-0.8231,147.8,98.1,0.475
21.38,31920.6,34639.0,-0.3218,-0.8891,147.8,98.1,0.475
21.4,31883.9,34693.1,-0.4711,-0.7559,147.8,98.1,0.475
21.42,31800.0,34547.2,-0.8128,-1.1149,147.8,98.1,0.475
21.44,31784.2,34479.0,-0.8769,-1.2829,147.8,98.1,0.475
21.46,31780.6,34478.8,-0.8916,-1.2832,147.8,98.1,0.475
21.48,31754.8,34545.8,-0.9967,-1.1184,147.8,98.1,0.475
21.5,31931.3,34871.8,-0.278,-0.3163,147.8,98.1,0.475
21.52,32128.8,35188.4,0.5259,0.4626,147.8,98.1,0.475
21.54,32209.8,35538.4,0.8557,1.3238,147.8,98.1,0.475
21.56,32294.8,35742.9,1.2015,1.8273,147.8,98.1,0.475
21.58,32221.9,35684.9,0.9049,1.6844,147.8,98.1,0.475
21.6,32246.5,35614.7,1.0051,1.5117,147.8,98.1,0.475
21.62,32257.9,35403.6,1.0514,0.9922,147.8,98.1,0.475
21.64,31999.0,35136.3,-0.0027,0.3346,147.8,98.1,0.475
21.66,32051.4,35163.7,0.2107,0.402,147.8,98.1,0.475
21.68,32009.3,35071.5,0.0393,0.1751,147.8,98.1,0.475
21.7,31999.5,35086.2,-0.0005,0.2112,147.8,98.1,0.475
21.72,31953.2,34914.7,-0.1891,-0.2106,147.8,98.1,0.475
21.74,31860.7,34788.1,-0.5656,-0.5222,147.8,98.1,0.475
21.76,31873.1,34685.7,-0.5153,-0.7743,147.8,98.1,0.475
21.78,31892.5,34669.8,-0.4363,-0.8134,147.8,98.1,0.475
21.8,31823.3,34521.8,-0.7179,-1.1776,147.8,98.1,0.475
21.82,31732.0,34585.9,-1.0895,-1.0198,147.8,98.1,0.475
21.84,31795.3,34517.5,-0.8316,-1.188,147.8,98.1,0.475
21.86,31763.0,34375.8,-0.9633,-1.5367,147.8,98.1,0.475
21.88,31810.5,34531.1,-0.7701,-1.1546,147.8,98.1,0.475
21.9,31873.4,34720.2,-0.5138,-0.6894,147.8,98.1,0.475
21.92,32108.9,35110.6,0.4447,0.2712,147.8,98.1,0.475
21.94,32185.7,35390.7,0.7574,0.9605,147.8,98.1,0.475
21.96,32226.2,35733.9,0.9222,1.805,147.8,98.1,0.475
21.98,32340.5,35784.3,1.3875,1.9291,147.8,98.1,0.475
22.0,32204.5,35733.1,0.8339,1.8031,147.8,98.1,0.475
22.02,32147.0,35448.2,0.5999,1.102,147.8,98.1,0.475
22.04,32080.3,35223.2,0.3284,0.5483,147.8,98.1,0.475
22.06,31980.5,35057.5,-0.0777,0.1407,147.8,98.1,0.475
22.08,32072.6,35093.8,0.2971,0.2299,147.8,98.1,0.475
22.1,31987.2,35081.0,-0.0508,0.1984,147.8,98.1,0.475
22.12,31993.1,34972.8,-0.0265,-0.0679,147.8,98.1,0.475
22.14,31860.9,34858.0,-0.5648,-0.3503,147.8,98.1,0.475
22.16,31938.2,34802.2,-0.25,-0.4875,147.8,98.1,0.475
22.18,31944.9,34712.1,-0.2228,-0.7092,147.8,98.1,0.475
22.2,31907.9,34708.1,-0.3733,-0.719,147.8,98.1,0.475
22.22,31835.7,34572.9,-0.6673,-1.0517,147.8,98.1,0.475
22.24,31733.9,34515.3,-1.0819,-1.1935,147.8,98.1,0.475
22.26,31727.1,34512.9,-1.1095,-1.1994,147.8,98.1,0.475
22.28,31712.0,34519.7,-1.1707,-1.1826,147.8,98.1,0.475
22.3,31856.7,34584.5,-0.5818,-1.0231,147.8,98.1,0.475
22.32,31961.6,35061.2,-0.1548,0.1497,147.8,98.1,0.475
22.34,32118.2,35301.3,0.4825,0.7404,147.8,98.1,0.475
22.36,32332.6,35607.9,1.3554,1.4949,147.8,98.1,0.475
22.38,32316.6,35762.9,1.2903,1.8764,147.8,98.1,0.475
22.4,32170.9,35550.6,0.6971,1.354,147.8,98.1,0.475
22.42,32150.2,35470.9,0.613,1.1579,147.8,98.1,0.475
22.44,32136.3,35316.3,0.5563,0.7776,147.8,98.1,0.475
22.46,31986.9,35248.9,-0.0517,0.6117,147.8,98.1,0.475
22.48,32006.5,35054.4,0.0279,0.133,147.8,98.1,0.475
22.5,32099.8,35043.1,0.4076,0.1052,147.8,98.1,0.475
22.52,32019.0,35025.1,0.079,0.0609,147.8,98.1,0.475
22.54,31942.0,34857.1,-0.2348,-0.3525,147.8,98.1,0.475
22.56,31884.6,34698.7,-0.4683,-0.7423,147.8,98.1,0.475
22.58,31922.0,34733.9,-0.3161,-0.6556,147.8,98.1,0.475
22.6,31930.8,34605.0,-0.28,-0.9728,147.8,98.1,0.475
22.62,31842.6,34657.9,-0.6391,-0.8426,147.8,98.1,0.475
22.64,31818.1,34615.3,-0.7389,-0.9475,147.8,98.1,0.475
22.66,31701.3,34492.7,-1.2145,-1.249,147.8,98.1,0.475
22.68,31705.2,34434.5,-1.1987,-1.3923,147.8,98.1,0.475
22.7,31803.9,34613.2,-0.7969,-0.9525,147.8,98.1,0.475
22.72,31919.9,34856.2,-0.3247,-0.3546,147.8,98.1,0.475
22.74,32107.3,35290.9,0.4383,0.7148,147.8,98.1,0.475
22.76,32291.5,35545.3,1.1881,1.3409,147.8,98.1,0.475
22.78,32289.6,35715.7,1.1803,1.7603,147.8,98.1,0.475
22.8,32347.6,35702.0,1.4165,1.7265,147.8,98.1,0.475
22.82,32187.4,35611.0,0.7644,1.5026,147.8,98.1,0.475
22.84,32243.5,35400.6,0.9929,0.985,147.8,98.1,0.475
22.86,32031.9,35170.4,0.1314,0.4183,147.8,98.1,0.475
22.88,32096.5,35100.0,0.3942,0.2452,147.8,98.1,0.475
22.9,32029.0,35108.4,0.1196,0.2659,147.8,98.1,0.475
22.92,32052.7,35009.7,0.2161,0.0231,147.8,98.1,0.475
22.94,31941.0,34748.1,-0.2386,-0.6208,147.8,98.1,0.475
22.96,31849.1,34796.3,-0.613,-0.502,147.8,98.1,0.475
22.98,31731.2,34679.1,-1.0926,-0.7905,147.8,98.1,0.475
23.0,31891.9,34630.0,-0.4385,-0.9112,147.8,98.1,0.475
23.02,31882.5,34561.8,-0.4768,-1.079,147.8,98.1,0.475
23.04,31868.4,34578.1,-0.5342,-1.0391,147.8,98.1,0.475
23.06,31823.2,34568.9,-0.7181,-1.0615,147.8,98.1,0.475
23.08,31759.4,34389.1,-0.978,-1.5041,147.8,98.1,0.475
23.1,31718.1,34536.0,-1.146,-1.1426,147.8,98.1,0.475
23.12,31958.4,34791.1,-0.1679,-0.5149,147.8,98.1,0.475
23.14,32083.2,35061.1,0.3403,0.1496,147.8,98.1,0.475
23.16,32223.0,35470.1,0.9095,1.156,147.8,98.1,0.475
23.18,32331.6,35704.4,1.3515,1.7323,147.8,98.1,0.475
23.2,32357.2,35711.2,1.4554,1.7492,147.8,98.1,0.475
23.22,32321.2,35667.0,1.3091,1.6403,147.8,98.1,0.475
23.24,32194.0,35438.0,0.7913,1.0769,147.8,98.1,0.475
23.26,32075.9,35188.7,0.3104,0.4634,147.8,98.1,0.475
23.28,31892.8,35176.1,-0.4349,0.4325,147.8,98.1,0.475
23.3,32093.6,34992.9,0.3827,-0.0183,147.8,98.1,0.475
23.32,32007.5,34992.0,0.032,-0.0205,147.8,98.1,0.475
23.34,31940.2,34981.3,-0.2419,-0.0469,147.8,98.1,0.475
23.36,31873.6,34934.9,-0.5131,-0.1609,147.8,98.1,0.475
23.38,31886.6,34677.1,-0.4602,-0.7953,147.8,98.1,0.475
23.4,31822.4,34659.1,-0.7216,-0.8396,147.8,98.1,0.475
23.42,31846.0,34635.9,-0.6252,-0.8967,147.8,98.1,0.475
23.44,31886.4,34586.8,-0.461,-1.0176,147.8,98.1,0.475
23.46,31814.7,34515.9,-0.7527,-1.1921,147.8,98.1,0.475
23.48,31762.0,34435.1,-0.9675,-1.3908,147.8,98.1,0.475
23.5,31828.1,34553.1,-0.6981,-1.1004,147.8,98.1,0.475
23.52,31846.1,34564.5,-0.6251,-1.0725,147.8,98.1,0.475
23.54,31946.3,34940.1,-0.2171,-0.1481,147.8,98.1,0.475
23.56,32120.9,35408.3,0.4935,1.0038,147.8,98.1,0.475
23.58,32258.5,35728.8,1.0537,1.7926,147.8,98.1,0.475
23.6,32279.0,35700.3,1.1374,1.7222,147.8,98.1,0.475
23.62,32272.6,35623.7,1.111,1.5338,147.8,98.1,0.475
23.64,32202.2,35499.8,0.8247,1.2289,147.8,98.1,0.475
23.66,32098.7,35310.0,0.4035,0.7619,147.8,98.1,0.475
23.68,32053.9,35177.7,0.2208,0.4365,147.8,98.1,0.475
23.7,31988.1,35062.9,-0.0468,0.1539,147.8,98.1,0.475
23.72,32037.0,35054.9,0.1522,0.1342,147.8,98.1,0.475
23.74,32006.5,34952.3,0.0278,-0.1181,147.8,98.1,0.475
23.76,31829.9,34874.4,-0.6909,-0.3099,147.8,98.1,0.475
23.78,31847.4,34782.7,-0.6198,-0.5355,147.8,98.1,0.475
23.8,31841.7,34791.0,-0.6429,-0.515,147.8,98.1,0.475
23.82,31908.9,34619.5,-0.3694,-0.9372,147.8,98.1,0.475
23.84,31860.5,34648.2,-0.5664,-0.8663,147.8,98.1,0.475
23.86,31850.0,34688.6,-0.6093,-0.767,147.8,98.1,0.475
23.88,31772.8,34497.9,-0.9233,-1.2363,147.8,98.1,0.475
23.9,31723.3,34404.8,-1.125,-1.4654,147.8,98.1,0.475
23.92,31857.7,34528.9,-0.578,-1.1599,147.8,98.1,0.475
23.94,31978.2,34845.9,-0.0871,-0.3801,147.8,98.1,0.475
23.96,32072.3,35278.0,0.2959,0.6831,147.8,98.1,0.475
23.98,32255.9,35566.9,1.0431,1.394,147.8,98.1,0.475
24.0,32300.0,35685.0,1.2227,1.6847,147.8,98.1,0.475
24.02,32264.3,35766.1,1.0774,1.8841,147.8,98.1,0.475
24.04,32253.4,35519.7,1.0329,1.278,147.8,98.1,0.475
24.06,32204.7,35309.5,0.8346,0.7607,147.8,98.1,0.475
24.08,32095.7,35152.3,0.3911,0.3739,147.8,98.1,0.475
24.1,32051.3,35117.2,0.2105,0.2877,147.8,98.1,0.475
24.12,32053.9,35015.8,0.2208,0.038,147.8,98.1,0.475
24.14,32007.9,34988.4,0.0337,-0.0294,147.8,98.1,0.475
24.16,31999.9,34890.5,0.0012,-0.2704,147.8,98.1,0.475
24.18,31928.4,34782.2,-0.2899,-0.5367,147.8,98.1,0.475
24.2,31908.6,34693.8,-0.3705,-0.7542,147.8,98.1,0.475
24.22,31829.7,34620.3,-0.6917,-0.9352,147.8,98.1,0.475
24.24,31858.9,34645.7,-0.5729,-0.8726,147.8,98.1,0.475
24.26,31762.2,34599.0,-0.9666,-0.9876,147.8,98.1,0.475
24.28,31821.9,34417.8,-0.7234,-1.4333,147.8,98.1,0.475
24.3,31776.2,34514.1,-0.9093,-1.1964,147.8,98.1,0.475
24.32,31866.7,34510.7,-0.5411,-1.2047,147.8,98.1,0.475
24.34,31948.2,34808.6,-0.2095,-0.4717,147.8,98.1,0.475
24.36,32140.5,35163.6,0.5734,0.4018,147.8,98.1,0.475
24.38,32172.4,35626.1,0.7032,1.5398,147.8,98.1,0.475
24.4,32343.8,35697.3,1.4012,1.715,147.8,98.1,0.475
24.42,32373.2,35747.5,1.5209,1.8384,147.8,98.1,0.475
24.44,32334.1,35564.0,1.3617,1.3871,147.8,98.1,0.475
24.46,32186.4,35389.2,0.7602,0.9569,147.8,98.1,0.475
24.48,32046.3,35186.7,0.1901,0.4585,147.8,98.1,0.475
24.5,32131.7,35151.2,0.5375,0.3713,147.8,98.1,0.475
24.52,32085.8,35091.3,0.3508,0.2238,147.8,98.1,0.475
24.54,31915.4,35027.3,-0.3429,0.0665,147.8,98.1,0.475
24.56,31907.1,34944.4,-0.3765,-0.1376,147.8,98.1,0.475
24.58,31844.8,34802.1,-0.6304,-0.4879,147.8,98.1,0.475
24.6,31929.3,34657.4,-0.2862,-0.8439,147.8,98.1,0.475
24.62,31881.0,34723.9,-0.4829,-0.6801,147.8,98.1,0.475
24.64,31924.5,34691.8,-0.306,-0.7591,147.8,98.1,0.475
24.66,31799.6,34601.4,-0.8141,-0.9817,147.8,98.1,0.475
24.68,31758.4,34592.9,-0.9819,-1.0026,147.8,98.1,0.475
24.7,31837.6,34455.9,-0.6595,-1.3397,147.8,98.1,0.475
24.72,31687.7,34568.9,-1.27,-1.0615,147.8,98.1,0.475
24.74,31820.5,34612.3,-0.7291,-0.9549,147.8,98.1,0.475
24.76,31983.1,35013.1,-0.0674,0.0315,147.8,98.1,0.475
24.78,32108.4,35306.8,0.4427,0.7541,147.8,98.1,0.475
24.8,32191.6,35601.4,0.7813,1.479,147.8,98.1,0.475
24.82,32347.3,35747.3,1.4152,1.8379,147.8,98.1,0.475
24.84,32254.1,35663.5,1.036,1.6319,147.8,98.1,0.475
24.86,32214.3,35518.6,0.8738,1.2753,147.8,98.1,0.475
24.88,32067.8,35166.8,0.2776,0.4095,147.8,98.1,0.475
24.9,32093.2,35212.5,0.381,0.5219,147.8,98.1,0.475
24.92,32088.4,35063.6,0.3615,0.1558,147.8,98.1,0.475
24.94,31929.4,34991.6,-0.2859,-0.0214,147.8,98.1,0.475
24.96,31988.1,34894.9,-0.047,-0.2594,147.8,98.1,0.475
24.98,31860.6,34821.4,-0.5658,-0.4403,147.8,98.1,0.475
25.0,31851.8,34691.9,-0.6018,-0.7591,147.8,98.1,0.475
25.02,31883.8,34655.0,-0.4715,-0.8497,147.8,98.1,0.475
25.04,31920.5,34649.1,-0.3222,-0.8642,147.8,98.1,0.475
25.06,31787.3,34657.2,-0.8642,-0.8444,147.8,98.1,0.475
25.08,31767.5,34577.1,-0.9449,-1.0414,147.8,98.1,0.475
25.1,31738.7,34451.6,-1.062,-1.3501,147.8,98.1,0.475
25.12,31819.5,34455.3,-0.7334,-1.3412,147.8,98.1,0.475
25.14,31853.3,34662.4,-0.5956,-0.8314,147.8,98.1,0.475
25.16,31944.4,34930.3,-0.2248,-0.1724,147.8,98.1,0.475
25.18,32140.0,35309.5,0.5712,0.7607,147.8,98.1,0.475
25.2,32255.5,35618.0,1.0414,1.5198,147.8,98.1,0.475
25.22,32305.3,35816.5,1.2442,2.0082,147.8,98.1,0.475
25.24,32295.4,35659.0,1.2038,1.6207,147.8,98.1,0.475
25.26,32283.1,35479.3,1.154,1.1786,147.8,98.1,0.475
25.28,32115.9,35282.0,0.4732,0.6931,147.8,98.1,0.475
25.3,32045.2,35247.6,0.1854,0.6083,147.8,98.1,0.475
25.32,32037.7,35107.7,0.155,0.2642,147.8,98.1,0.475
25.34,32087.4,35075.6,0.3574,0.1853,147.8,98.1,0.475
25.36,31973.4,34940.9,-0.1067,-0.1463,147.8,98.1,0.475
25.38,31905.9,34844.7,-0.3814,-0.3829,147.8,98.1,0.475
25.4,31842.2,34708.6,-0.6408,-0.7177,147.8,98.1,0.475
25.42,31848.9,34608.5,-0.6137,-0.9642,147.8,98.1,0.475
25.44,31893.8,34694.9,-0.4309,-0.7516,147.8,98.1,0.475
25.46,31811.7,34574.3,-0.7651,-1.0483,147.8,98.1,0.475
25.48,31753.4,34617.1,-1.0023,-0.943,147.8,98.1,0.475
25.5,31773.5,34533.3,-0.9204,-1.1491,147.8,98.1,0.475
25.52,31803.5,34511.8,-0.7982,-1.2021,147.8,98.1,0.475
25.54,31820.2,34526.3,-0.7304,-1.1665,147.8,98.1,0.475
25.56,31896.7,34777.1,-0.4192,-0.5492,147.8,98.1,0.475
25.58,32116.0,35089.2,0.4738,0.2187,147.8,98.1,0.475
25.6,32272.9,35567.8,1.1125,1.3964,147.8,98.1,0.475
25.62,32305.1,35715.7,1.2433,1.7602,147.8,98.1,0.475
25.64,32348.4,35708.2,1.4196,1.7418,147.8,98.1,0.475
25.66,32305.5,35518.3,1.2451,1.2744,147.8,98.1,0.475
25.68,32125.8,35357.9,0.5136,0.8798,147.8,98.1,0.475
25.7,32091.8,35173.2,0.3752,0.4253,147.8,98.1,0.475
25.72,31999.0,35163.5,-0.0027,0.4015,147.8,98.1,0.475
25.74,32038.5,35011.5,0.1581,0.0275,147.8,98.1,0.475
25.76,32003.9,35073.9,0.0174,0.181,147.8,98.1,0.475
25.78,31895.8,34883.3,-0.4226,-0.288,147.8,98.1,0.475
25.8,31901.7,34839.2,-0.3987,-0.3965,147.8,98.1,0.475
25.82,31888.2,34645.6,-0.4535,-0.8729,147.8,98.1,0.475
25.84,31841.5,34699.5,-0.6436,-0.7403,147.8,98.1,0.475
25.86,31812.3,34745.1,-0.7624,-0.6281,147.8,98.1,0.475
25.88,31889.0,34677.9,-0.4505,-0.7934,147.8,98.1,0.475
25.9,31761.5,34543.2,-0.9694,-1.1249,147.8,98.1,0.475
25.92,31775.3,34372.8,-0.9132,-1.5441,147.8,98.1,0.475
25.94,31816.8,34555.2,-0.7444,-1.0954,147.8,98.1,0.475
25.96,31902.8,34619.6,-0.3941,-0.9368,147.8,98.1,0.475
25.98,32082.3,35011.3,0.3366,0.027,147.8,98.1,0.475
26.0,32156.7,35393.7,0.6395,0.968,147.8,98.1,0.475
26.02,32232.5,35670.0,0.9478,1.6478,147.8,98.1,0.475
26.04,32363.7,35697.8,1.482,1.7162,147.8,98.1,0.475
26.06,32225.1,35639.8,0.9178,1.5734,147.8,98.1,0.475
26.08,32254.4,35447.3,1.0369,1.0999,147.8,98.1,0.475
26.1,32088.2,35275.5,0.3606,0.677,147.8,98.1,0.475
26.12,32050.8,35117.3,0.2082,0.2879,147.8,98.1,0.475
26.14,32029.0,35089.7,0.1196,0.2198,147.8,98.1,0.475
26.16,31965.9,35078.3,-0.1375,0.1919,147.8,98.1,0.475
26.18,31953.3,34992.3,-0.1887,-0.0197,147.8,98.1,0.475
26.2,31940.9,34772.7,-0.2389,-0.5601,147.8,98.1,0.475
26.22,31859.7,34690.2,-0.5695,-0.7631,147.8,98.1,0.475
26.24,31833.9,34681.4,-0.6745,-0.7847,147.8,98.1,0.475
26.26,31900.5,34701.3,-0.4035,-0.7359,147.8,98.1,0.475
26.28,31820.2,34621.6,-0.7304,-0.932,147.8,98.1,0.475
26.3,31758.9,34553.6,-0.9798,-1.0993,147.8,98.1,0.475
26.32,31790.6,34514.0,-0.8511,-1.1968,147.8,98.1,0.475
26.34,31812.5,34432.0,-0.7619,-1.3985,147.8,98.1,0.475
26.36,31829.4,34609.2,-0.6931,-0.9625,147.8,98.1,0.475
26.38,32011.6,34965.0,0.0486,-0.0869,147.8,98.1,0.475
26.4,32211.5,35226.9,0.8623,0.5574,147.8,98.1,0.475
26.42,32310.6,35633.6,1.2659,1.5581,147.8,98.1,0.475
26.44,32368.4,35801.3,1.5012,1.9707,147.8,98.1,0.475
26.46,32320.7,35685.0,1.307,1.6846,147.8,98.1,0.475
26.48,32240.6,35571.6,0.981,1.4056,147.8,98.1,0.475
26.5,32153.8,35281.3,0.6276,0.6914,147.8,98.1,0.475
26.52,31957.4,35270.2,-0.172,0.6641,147.8,98.1,0.475
26.54,31953.2,35045.6,-0.1891,0.1113,147.8,98.1,0.475
26.56,32042.4,35010.0,0.1741,0.0237,147.8,98.1,0.475
26.58,32001.2,35003.9,0.0066,0.0088,147.8,98.1,0.475
26.6,31970.9,34819.4,-0.1169,-0.4453,147.8,98.1,0.475
26.62,31889.7,34688.1,-0.4475,-0.7684,147.8,98.1,0.475
26.64,31810.7,34736.6,-0.7693,-0.6489,147.8,98.1,0.475
26.66,31893.4,34686.8,-0.4324,-0.7715,147.8,98.1,0.475
26.68,31825.0,34648.1,-0.7108,-0.8667,147.8,98.1,0.475
26.7,31854.2,34626.3,-0.5922,-0.9204,147.8,98.1,0.475
26.72,31754.2,34499.8,-0.9993,-1.2315,147.8,98.1,0.475
26.74,31761.4,34439.9,-0.97,-1.3791,147.8,98.1,0.475
26.76,31824.6,34549.9,-0.7124,-1.1083,147.8,98.1,0.475
26.78,31888.9,34851.7,-0.4507,-0.3657,147.8,98.1,0.475
26.8,32033.0,35183.3,0.1358,0.4502,147.8,98.1,0.475
26.82,32245.3,35581.7,1.0,1.4304,147.8,98.1,0.475
26.84,32258.7,35695.4,1.0545,1.7103,147.8,98.1,0.475
26.86,32256.5,35740.3,1.0457,1.8208,147.8,98.1,0.475
26.88,32149.3,35586.5,0.6094,1.4422,147.8,98.1,0.475
26.9,32249.5,35300.2,1.0173,0.7379,147.8,98.1,0.475
26.92,32026.1,35195.0,0.1076,0.4789,147.8,98.1,0.475
26.94,31941.6,35064.9,-0.2363,0.1589,147.8,98.1,0.475
26.96,32037.1,35056.9,0.1527,0.1392,147.8,98.1,0.475
26.98,32014.1,34908.2,0.0591,-0.2267,147.8,98.1,0.475
27.0,31914.5,34972.6,-0.3466,-0.0681,147.8,98.1,0.475
27.02,31835.3,34773.2,-0.6688,-0.5589,147.8,98.1,0.475
27.04,31882.1,34683.5,-0.4783,-0.7795,147.8,98.1,0.475
27.06,31850.5,34604.5,-0.6069,-0.9741,147.8,98.1,0.475
27.08,31869.8,34703.0,-0.5284,-0.7317,147.8,98.1,0.475
27.1,31731.8,34557.0,-1.0905,-1.0909,147.8,98.1,0.475
27.12,31724.6,34553.7,-1.1196,-1.0989,147.8,98.1,0.475
27.14,31762.0,34418.5,-0.9671,-1.4316,147.8,98.1,0.475
27.16,31791.4,34616.3,-0.8477,-0.9451,147.8,98.1,0.475
27.18,31870.1,34767.7,-0.5272,-0.5724,147.8,98.1,0.475
27.2,32041.5,35117.5,0.1703,0.2883,147.8,98.1,0.475
27.22,32233.7,35499.7,0.9529,1.2288,147.8,98.1,0.475
27.24,32341.2,35752.8,1.3906,1.8515,147.8,98.1,0.475
27.26,32281.8,35732.6,1.1486,1.8018,147.8,98.1,0.475
27.28,32296.5,35596.2,1.2085,1.4661,147.8,98.1,0.475
27.3,32175.6,35465.9,0.7164,1.1456,147.8,98.1,0.475
27.32,32117.4,35154.6,0.4792,0.3795,147.8,98.1,0.475
27.34,32023.4,35148.6,0.097,0.3647,147.8,98.1,0.475
27.36,31983.1,35036.8,-0.0674,0.0898,147.8,98.1,0.475
27.38,31989.6,35047.0,-0.0407,0.1148,147.8,98.1,0.475
27.4,31938.7,34892.7,-0.248,-0.2648,147.8,98.1,0.475
27.42,31920.7,34848.8,-0.3214,-0.373,147.8,98.1,0.475
27.44,31854.0,34567.3,-0.593,-1.0656,147.8,98.1,0.475
27.46,31890.3,34771.9,-0.4449,-0.5621,147.8,98.1,0.475
27.48,31806.6,34694.0,-0.7857,-0.7538,147.8,98.1,0.475
27.5,31766.5,34627.3,-0.949,-0.9178,147.8,98.1,0.475
27.52,31805.1,34503.8,-0.7917,-1.2217,147.8,98.1,0.475
27.54,31832.7,34486.3,-0.6796,-1.2648,147.8,98.1,0.475
27.56,31706.8,34531.8,-1.1921,-1.1528,147.8,98.1,0.475
27.58,31800.6,34638.3,-0.8102,-0.8908,147.8,98.1,0.475
27.6,32091.6,34914.2,0.3742,-0.2119,147.8,98.1,0.475
27.62,32089.0,35331.2,0.3639,0.8141,147.8,98.1,0.475
27.64,32262.9,35655.4,1.0715,1.6119,147.8,98.1,0.475
27.66,32268.5,35713.3,1.0945,1.7542,147.8,98.1,0.475
27.68,32233.7,35596.0,0.9529,1.4656,147.8,98.1,0.475
27.7,32172.4,35445.8,0.7033,1.0962,147.8,98.1,0.475
27.72,32088.0,35197.2,0.3597,0.4844,147.8,98.1,0.475
27.74,32003.7,35202.9,0.0164,0.4984,147.8,98.1,0.475
27.76,31953.3,35092.8,-0.1887,0.2275,147.8,98.1,0.475
27.78,31935.3,35055.6,-0.2619,0.136,147.8,98.1,0.475
27.8,32002.5,34911.5,0.0118,-0.2185,147.8,98.1,0.475
27.82,31996.5,34840.5,-0.0126,-0.3932,147.8,98.1,0.475
27.84,31924.4,34734.2,-0.3064,-0.6549,147.8,98.1,0.475
27.86,31867.6,34691.9,-0.5374,-0.7588,147.8,98.1,0.475
27.88,31874.1,34560.9,-0.5112,-1.0813,147.8,98.1,0.475
27.9,31880.3,34715.3,-0.4857,-0.7013,147.8,98.1,0.475
27.92,31782.4,34530.7,-0.8841,-1.1557,147.8,98.1,0.475
27.94,31829.9,34505.3,-0.691,-1.218,147.8,98.1,0.475
27.96,31828.7,34432.9,-0.6956,-1.3963,147.8,98.1,0.475
27.98,31803.3,34582.9,-0.799,-1.027,147.8,98.1,0.475
28.0,31945.9,34882.1,-0.2186,-0.2909,147.8,98.1,0.475
28.02,32151.0,35239.8,0.6161,0.5892,147.8,98.1,0.475
28.04,32348.6,35539.0,1.4204,1.3254,147.8,98.1,0.475
28.06,32312.4,35745.0,1.2734,1.8324,147.8,98.1,0.475
28.08,32340.7,35802.6,1.3883,1.9741,147.8,98.1,0.475
28.1,32239.0,35544.3,0.9744,1.3384,147.8,98.1,0.475
28.12,32168.0,35350.9,0.6855,0.8625,147.8,98.1,0.475
28.14,32082.2,35080.0,0.3361,0.196,147.8,98.1,0.475
28.16,32067.4,35152.9,0.2758,0.3754,147.8,98.1,0.475
28.18,32003.2,35123.5,0.0145,0.3032,147.8,98.1,0.475
28.2,31969.2,35011.3,-0.1237,0.027,147.8,98.1,0.475
28.22,31920.8,34885.3,-0.321,-0.2831,147.8,98.1,0.475
28.24,31918.6,34725.9,-0.3299,-0.6753,147.8,98.1,0.475
28.26,31901.9,34709.6,-0.398,-0.7153,147.8,98.1,0.475
28.28,31845.3,34650.8,-0.6281,-0.86,147.8,98.1,0.475
28.3,31851.9,34626.7,-0.6015,-0.9193,147.8,98.1,0.475
28.32,31916.1,34588.3,-0.3402,-1.0137,147.8,98.1,0.475
28.34,31836.8,34536.9,-0.6629,-1.1404,147.8,98.1,0.475
28.36,31760.3,34422.7,-0.9743,-1.4214,147.8,98.1,0.475
28.38,31814.0,34523.5,-0.7555,-1.1733,147.8,98.1,0.475
28.4,31825.0,34715.4,-0.7107,-0.7012,147.8,98.1,0.475
28.42,32082.7,35125.0,0.3381,0.3066,147.8,98.1,0.475
28.44,32200.7,35439.6,0.8185,1.0809,147.8,98.1,0.475
28.46,32365.8,35803.7,1.4905,1.9768,147.8,98.1,0.475
28.48,32298.9,35809.7,1.2184,1.9916,147.8,98.1,0.475
28.5,32304.9,35637.1,1.2427,1.5668,147.8,98.1,0.475
28.52,32193.8,35426.1,0.7906,1.0477,147.8,98.1,0.475
28.54,32086.8,35148.4,0.3546,0.3642,147.8,98.1,0.475
28.56,32065.5,35119.6,0.2683,0.2936,147.8,98.1,0.475
28.58,32026.6,35064.3,0.1099,0.1573,147.8,98.1,0.475
28.6,31974.6,35051.2,-0.102,0.1251,147.8,98.1,0.475
28.62,32063.9,34928.4,0.2616,-0.1769,147.8,98.1,0.475
28.64,31906.8,34804.0,-0.3778,-0.483,147.8,98.1,0.475
28.66,31897.0,34638.0,-0.4177,-0.8915,147.8,98.1,0.475
28.68,31867.1,34643.5,-0.5397,-0.8779,147.8,98.1,0.475
28.7,31841.8,34696.4,-0.6423,-0.7477,147.8,98.1,0.475
28.72,31867.0,34606.1,-0.5401,-0.9702,147.8,98.1,0.475
28.74,31780.8,34457.3,-0.891,-1.3361,147.8,98.1,0.475
28.76,31815.9,34418.8,-0.7479,-1.431,147.8,98.1,0.475
28.78,31800.7,34526.8,-0.81,-1.1651,147.8,98.1,0.475
28.8,31856.9,34728.1,-0.5812,-0.6699,147.8,98.1,0.475
28.82,31992.4,34905.0,-0.0293,-0.2346,147.8,98.1,0.475
28.84,32204.0,35332.7,0.832,0.8177,147.8,98.1,0.475
28.86,32336.3,35657.4,1.3703,1.6166,147.8,98.1,0.475
28.88,32321.6,35840.8,1.3106,2.0681,147.8,98.1,0.475
28.9,32267.9,35665.1,1.0919,1.6357,147.8,98.1,0.475
28.92,32143.7,35483.0,0.5865,1.1876,147.8,98.1,0.475
28.94,32173.5,35298.1,0.7078,0.7328,147.8,98.1,0.475
28.96,32088.1,35102.9,0.36,0.2523,147.8,98.1,0.475
28.98,32072.2,35030.0,0.2956,0.0731,147.8,98.1,0.475
29.0,32042.8,35120.1,0.1757,0.2946,147.8,98.1,0.475
29.02,31956.7,34874.3,-0.1746,-0.3102,147.8,98.1,0.475
29.04,31979.8,34838.6,-0.0809,-0.398,147.8,98.1,0.475
29.06,31949.3,34869.9,-0.2049,-0.3209,147.8,98.1,0.475
29.08,31851.2,34625.5,-0.6041,-0.9224,147.8,98.1,0.475
29.1,31867.4,34623.0,-0.5382,-0.9285,147.8,98.1,0.475
29.12,31821.9,34631.8,-0.7236,-0.9069,147.8,98.1,0.475
29.14,31829.6,34550.3,-0.6922,-1.1074,147.8,98.1,0.475
29.16,31809.4,34487.6,-0.7743,-1.2615,147.8,98.1,0.475
29.18,31763.7,34487.0,-0.9604,-1.2632,147.8,98.1,0.475
29.2,31948.5,34601.1,-0.2081,-0.9824,147.8,98.1,0.475
29.22,31898.8,34973.7,-0.4106,-0.0654,147.8,98.1,0.475
29.24,32108.7,35231.3,0.4438,0.5684,147.8,98.1,0.475
29.26,32239.9,35557.4,0.978,1.3707,147.8,98.1,0.475
29.28,32431.8,35767.3,1.7591,1.8872,147.8,98.1,0.475
29.3,32362.1,35666.4,1.4757,1.6388,147.8,98.1,0.475
29.32,32168.0,35479.1,0.6852,1.1779,147.8,98.1,0.475
29.34,32115.7,35248.5,0.4726,0.6107,147.8,98.1,0.475
29.36,32158.1,35231.8,0.645,0.5695,147.8,98.1,0.475
29.38,32110.9,35068.2,0.4531,0.1671,147.8,98.1,0.475
29.4,32036.7,35184.5,0.1507,0.4532,147.8,98.1,0.475
29.42,32012.6,34981.0,0.0529,-0.0475,147.8,98.1,0.475
29.44,31937.7,34852.2,-0.2522,-0.3644,147.8,98.1,0.475
29.46,31905.0,34764.8,-0.3851,-0.5795,147.8,98.1,0.475
29.48,32015.4,34723.3,0.0642,-0.6817,147.8,98.1,0.475
29.5,31858.3,34698.4,-0.5754,-0.7428,147.8,98.1,0.475
29.52,31791.4,34800.4,-0.8478,-0.4921,147.8,98.1,0.475
29.54,31820.8,34554.4,-0.7281,-1.0974,147.8,98.1,0.475
29.56,31834.9,34447.7,-0.6704,-1.3597,147.8,98.1,0.475
29.58,31707.5,34430.9,-1.1893,-1.4012,147.8,98.1,0.475
29.6,31770.9,34532.3,-0.9313,-1.1516,147.8,98.1,0.475
29.62,31972.0,34827.1,-0.1124,-0.4262,147.8,98.1,0.475
29.64,32087.3,35110.4,0.3567,0.2708,147.8,98.1,0.475
29.66,32292.2,35487.9,1.1911,1.1998,147.8,98.1,0.475
29.68,32387.6,35678.4,1.5795,1.6685,147.8,98.1,0.475
29.7,32252.7,35723.5,1.03,1.7795,147.8,98.1,0.475
29.72,32250.2,35620.4,1.0202,1.5258,147.8,98.1,0.475
29.74,32145.5,35395.0,0.5937,0.971,147.8,98.1,0.475
29.76,32179.4,35237.2,0.732,0.5829,147.8,98.1,0.475
29.78,32129.8,35144.6,0.5297,0.3551,147.8,98.1,0.475
29.8,31991.6,35091.1,-0.0327,0.2233,147.8,98.1,0.475
29.82,31987.1,35131.3,-0.0509,0.3223,147.8,98.1,0.475
29.84,31876.8,34887.5,-0.5,-0.2777,147.8,98.1,0.475
29.86,31886.8,34740.8,-0.4593,-0.6387,147.8,98.1,0.475
29.88,31918.6,34816.1,-0.3299,-0.4535,147.8,98.1,0.475
29.9,31962.5,34596.9,-0.1513,-0.9926,147.8,98.1,0.475
29.92,31783.6,34680.1,-0.8794,-0.788,147.8,98.1,0.475
29.94,31843.1,34644.0,-0.6371,-0.8767,147.8,98.1,0.475
29.96,31802.3,34534.7,-0.8035,-1.1458,147.8,98.1,0.475
29.98,31766.4,34471.4,-0.9496,-1.3015,147.8,98.1,0.475
30.0,31723.6,34447.1,-1.1236,-1.3612,147.8,98.1,0.475
30.02,31878.6,34635.8,-0.4927,-0.897,147.8,98.1,0.475
30.04,32040.9,35029.4,0.1679,0.0715,147.8,98.1,0.475
30.06,32176.6,35387.0,0.7203,0.9513,147.8,98.1,0.475
30.08,32249.2,35722.1,1.0161,1.7759,147.8,98.1,0.475
30.1,32261.4,35755.1,1.0654,1.8572,147.8,98.1,0.475
30.12,32270.2,35628.9,1.1013,1.5467,147.8,98.1,0.475
30.14,32178.5,35371.9,0.7281,0.9143,147.8,98.1,0.475
30.16,32147.4,35240.1,0.6015,0.59,147.8,98.1,0.475
30.18,32033.6,35081.5,0.1383,0.1996,147.8,98.1,0.475
30.2,32157.2,35055.8,0.6412,0.1366,147.8,98.1,0.475
30.22,32056.2,35023.9,0.2304,0.0579,147.8,98.1,0.475
30.24,31916.5,34884.5,-0.3385,-0.2849,147.8,98.1,0.475
30.26,31867.0,34866.2,-0.54,-0.33,147.8,98.1,0.475
30.28,31928.5,34676.8,-0.2894,-0.7961,147.8,98.1,0.475
30.3,31793.3,34659.4,-0.84,-0.8388,147.8,98.1,0.475
30.32,31796.7,34654.1,-0.8261,-0.8519,147.8,98.1,0.475
30.34,31794.2,34594.5,-0.8364,-0.9987,147.8,98.1,0.475
30.36,31765.3,34597.6,-0.954,-0.991,147.8,98.1,0.475
30.38,31812.5,34445.9,-0.7616,-1.3643,147.8,98.1,0.475
30.4,31761.7,34514.7,-0.9684,-1.195,147.8,98.1,0.475
30.42,31874.0,34590.0,-0.5113,-1.0096,147.8,98.1,0.475
30.44,31979.5,34952.1,-0.0821,-0.1187,147.8,98.1,0.475
30.46,32125.3,35298.9,0.5115,0.7346,147.8,98.1,0.475
30.48,32301.7,35585.4,1.2296,1.4397,147.8,98.1,0.475
30.5,32357.3,35722.1,1.4558,1.776,147.8,98.1,0.475
30.52,32360.3,35745.0,1.4682,1.8323,147.8,98.1,0.475
30.54,32237.1,35562.5,0.9665,1.3832,147.8,98.1,0.475
30.56,32169.1,35316.1,0.69,0.777,147.8,98.1,0.475
30.58,32086.3,35180.4,0.3527,0.4429,147.8,98.1,0.475
30.6,32056.0,35002.4,0.2293,0.0051,147.8,98.1,0.475
30.62,32040.9,34986.8,0.1679,-0.0332,147.8,98.1,0.475
30.64,31909.9,34924.0,-0.3654,-0.1879,147.8,98.1,0.475
30.66,31903.5,34900.5,-0.3915,-0.2456,147.8,98.1,0.475
30.68,31906.1,34738.1,-0.3809,-0.6453,147.8,98.1,0.475
30.7,31896.6,34639.8,-0.4196,-0.8872,147.8,98.1,0.475
30.72,31876.3,34675.5,-0.5022,-0.7993,147.8,98.1,0.475
30.74,31926.0,34624.0,-0.2999,-0.9259,147.8,98.1,0.475
30.76,31761.2,34591.3,-0.9706,-1.0064,147.8,98.1,0.475
30.78,31753.9,34397.4,-1.0003,-1.4836,147.8,98.1,0.475
30.8,31793.4,34392.9,-0.8395,-1.4947,147.8,98.1,0.475
30.82,31815.9,34527.7,-0.7481,-1.1629,147.8,98.1,0.475
30.84,31984.7,34838.8,-0.0608,-0.3975,147.8,98.1,0.475
30.86,32102.5,35221.5,0.4188,0.5441,147.8,98.1,0.475
30.88,32213.7,35602.3,0.8714,1.4812,147.8,98.1,0.475
30.9,32346.4,35715.9,1.4117,1.7607,147.8,98.1,0.475
30.92,32288.4,35723.1,1.1753,1.7785,147.8,98.1,0.475
30.94,32246.6,35603.3,1.0054,1.4837,147.8,98.1,0.475
30.96,32186.5,35328.6,0.7607,0.8078,147.8,98.1,0.475
30.98,32080.8,35212.7,0.3302,0.5225,147.8,98.1,0.475
31.0,32060.3,35087.2,0.2469,0.2137,147.8,98.1,0.475
31.02,32071.6,34970.0,0.2932,-0.0746,147.8,98.1,0.475
31.04,32005.4,35004.4,0.0234,0.0099,147.8,98.1,0.475
31.06,31880.7,34883.7,-0.4843,-0.2871,147.8,98.1,0.475
31.08,31942.6,34748.3,-0.2321,-0.6201,147.8,98.1,0.475
31.1,31804.2,34758.3,-0.7956,-0.5957,147.8,98.1,0.475
31.12,31992.5,34647.3,-0.0292,-0.8686,147.8,98.1,0.475
31.14,31876.8,34673.0,-0.5001,-0.8054,147.8,98.1,0.475
31.16,31819.5,34580.0,-0.7331,-1.0343,147.8,98.1,0.475
31.18,31842.5,34553.8,-0.6398,-1.0987,147.8,98.1,0.475
31.2,31741.2,34380.3,-1.052,-1.5258,147.8,98.1,0.475
31.22,31838.1,34525.8,-0.6574,-1.1677,147.8,98.1,0.475
31.24,31888.0,34676.6,-0.4543,-0.7966,147.8,98.1,0.475
31.26,32044.3,35017.9,0.1819,0.0432,147.8,98.1,0.475
31.28,32223.7,35533.4,0.9121,1.3117,147.8,98.1,0.475
31.3,32295.5,35773.9,1.2044,1.9034,147.8,98.1,0.475
31.32,32306.6,35738.1,1.2497,1.8153,147.8,98.1,0.475
31.34,32437.6,35630.5,1.7827,1.5506,147.8,98.1,0.475
31.36,32243.0,35405.4,0.9907,0.9966,147.8,98.1,0.475
31.38,32103.5,35097.2,0.4227,0.2383,147.8,98.1,0.475
31.4,32084.9,35068.4,0.347,0.1674,147.8,98.1,0.475
31.42,31975.7,35086.0,-0.0975,0.2107,147.8,98.1,0.475
31.44,31976.1,34999.2,-0.0958,-0.0029,147.8,98.1,0.475
31.46,31983.3,34879.0,-0.0663,-0.2986,147.8,98.1,0.475
31.48,31939.0,34828.2,-0.2467,-0.4235,147.8,98.1,0.475
31.5,31825.0,34761.6,-0.7108,-0.5875,147.8,98.1,0.475
31.52,31887.0,34604.1,-0.4583,-0.975,147.8,98.1,0.475
31.54,31792.8,34594.9,-0.842,-0.9975,147.8,98.1,0.475
31.56,31838.3,34615.7,-0.6569,-0.9464,147.8,98.1,0.475
31.58,31719.1,34461.1,-1.142,-1.3269,147.8,98.1,0.475
31.6,31769.0,34514.1,-0.9388,-1.1964,147.8,98.1,0.475
31.62,31744.3,34497.5,-1.0392,-1.2374,147.8,98.1,0.475
31.64,31819.1,34687.1,-0.7349,-0.7708,147.8,98.1,0.475
31.66,31954.3,34895.8,-0.1845,-0.2573,147.8,98.1,0.475
31.68,32078.8,35386.0,0.3221,0.9489,147.8,98.1,0.475
31.7,32320.0,35679.6,1.3043,1.6715,147.8,98.1,0.475
31.72,32398.6,35800.3,1.6243,1.9685,147.8,98.1,0.475
31.74,32272.4,35530.5,1.1105,1.3046,147.8,98.1,0.475
31.76,32304.5,35538.9,1.2408,1.3251,147.8,98.1,0.475
31.78,32189.8,35294.6,0.7739,0.7241,147.8,98.1,0.475
31.8,32160.7,35185.3,0.6556,0.4551,147.8,98.1,0.475
31.82,32049.7,35018.4,0.2039,0.0445,147.8,98.1,0.475
31.84,31983.7,35128.1,-0.0651,0.3144,147.8,98.1,0.475
31.86,32051.6,34934.4,0.2117,-0.1623,147.8,98.1,0.475
31.88,31953.2,34832.6,-0.1889,-0.4126,147.8,98.1,0.475
31.9,31841.3,34746.7,-0.6444,-0.6241,147.8,98.1,0.475
31.92,31810.7,34591.2,-0.7689,-1.0067,147.8,98.1,0.475
31.94,31765.4,34750.0,-0.9535,-0.616,147.8,98.1,0.475
31.96,31897.2,34790.1,-0.417,-0.5174,147.8,98.1,0.475
31.98,31761.5,34575.4,-0.9695,-1.0455,147.8,98.1,0.475
32.0,31690.3,34457.5,-1.259,-1.3358,147.8,98.1,0.475
32.02,31750.8,34500.2,-1.0128,-1.2308,147.8,98.1,0.475
32.04,31869.7,34548.2,-0.5291,-1.1125,147.8,98.1,0.475
32.06,31960.3,34845.5,-0.16,-0.3811,147.8,98.1,0.475
32.08,32086.1,35284.5,0.3521,0.6991,147.8,98.1,0.475
32.1,32284.7,35569.0,1.1604,1.3993,147.8,98.1,0.475
32.12,32257.6,35830.4,1.0502,2.0424,147.8,98.1,0.475
32.14,32183.7,35778.1,0.7492,1.9138,147.8,98.1,0.475
32.16,32229.4,35538.0,0.9355,1.3229,147.8,98.1,0.475
32.18,32186.0,35288.6,0.7586,0.7094,147.8,98.1,0.475
32.2,32071.1,35192.4,0.2909,0.4725,147.8,98.1,0.475
32.22,32070.3,35066.2,0.2875,0.1621,147.8,98.1,0.475
32.24,31990.8,35063.8,-0.0361,0.1561,147.8,98.1,0.475
32.26,31958.8,35052.9,-0.1663,0.1294,147.8,98.1,0.475
32.28,31953.9,34783.6,-0.1863,-0.5334,147.8,98.1,0.475
32.3,31919.4,34721.8,-0.3264,-0.6854,147.8,98.1,0.475
32.32,31794.8,34675.4,-0.8337,-0.7995,147.8,98.1,0.475
32.34,31860.6,34635.8,-0.5659,-0.8969,147.8,98.1,0.475
32.36,31805.7,34613.2,-0.7893,-0.9526,147.8,98.1,0.475
32.38,31846.2,34618.0,-0.6248,-0.9407,147.8,98.1,0.475
32.4,31744.0,34494.3,-1.0405,-1.2452,147.8,98.1,0.475
32.42,31719.5,34552.3,-1.1404,-1.1025,147.8,98.1,0.475
32.44,31844.0,34591.0,-0.6335,-1.0072,147.8,98.1,0.475
32.46,31946.1,34800.4,-0.2181,-0.4919,147.8,98.1,0.475
32.48,32087.0,35061.3,0.3555,0.1501,147.8,98.1,0.475
32.5,32226.5,35475.7,0.9236,1.1697,147.8,98.1,0.475
32.52,32270.6,35752.7,1.1031,1.8513,147.8,98.1,0.475
32.54,32281.7,35836.1,1.1483,2.0564,147.8,98.1,0.475
32.56,32259.5,35627.8,1.0577,1.5438,147.8,98.1,0.475
32.58,32216.9,35416.6,0.8844,1.0243,147.8,98.1,0.475
32.6,32077.9,35210.5,0.3185,0.5172,147.8,98.1,0.475
32.62,32126.5,35069.7,0.5166,0.1706,147.8,98.1,0.475
32.64,32025.1,35112.0,0.1037,0.2747,147.8,98.1,0.475
32.66,31966.6,35017.7,-0.1344,0.0428,147.8,98.1,0.475
32.68,31926.6,34927.1,-0.2972,-0.1802,147.8,98.1,0.475
32.7,31928.9,34836.0,-0.2878,-0.4044,147.8,98.1,0.475
32.72,31915.5,34689.3,-0.3424,-0.7653,147.8,98.1,0.475
32.74,31807.9,34642.8,-0.7806,-0.8797,147.8,98.1,0.475
32.76,31861.1,34586.0,-0.564,-1.0194,147.8,98.1,0.475
32.78,31867.3,34610.3,-0.5385,-0.9598,147.8,98.1,0.475
32.8,31815.3,34592.4,-0.7505,-1.0038,147.8,98.1,0.475
32.82,31662.9,34459.9,-1.3709,-1.3297,147.8,98.1,0.475
32.84,31770.4,34507.2,-0.9331,-1.2135,147.8,98.1,0.475
32.86,31784.3,34676.0,-0.8767,-0.798,147.8,98.1,0.475
32.88,32057.9,34946.4,0.237,-0.1327,147.8,98.1,0.475
32.9,32271.8,35348.8,1.1079,0.8574,147.8,98.1,0.475
32.92,32307.6,35674.2,1.2537,1.6581,147.8,98.1,0.475
32.94,32352.8,35800.4,1.4376,1.9686,147.8,98.1,0.475
32.96,32315.0,35690.3,1.2837,1.6977,147.8,98.1,0.475
32.98,32175.4,35406.1,0.7156,0.9984,147.8,98.1,0.475
33.0,32104.2,35347.5,0.4258,0.8542,147.8,98.1,0.475
33.02,32016.4,35185.4,0.0683,0.4554,147.8,98.1,0.475
33.04,32018.6,34989.2,0.0771,-0.0274,147.8,98.1,0.475
33.06,32044.5,35033.5,0.1825,0.0815,147.8,98.1,0.475
33.08,32002.4,34973.5,0.0111,-0.066,147.8,98.1,0.475
33.1,31944.4,34844.2,-0.2248,-0.3842,147.8,98.1,0.475
33.12,31902.2,34791.9,-0.3967,-0.5129,147.8,98.1,0.475
33.14,31966.4,34665.4,-0.1353,-0.8241,147.8,98.1,0.475
33.16,31820.9,34714.0,-0.7275,-0.7045,147.8,98.1,0.475
33.18,31870.2,34685.9,-0.5268,-0.7737,147.8,98.1,0.475
33.2,31877.0,34602.3,-0.499,-0.9795,147.8,98.1,0.475
33.22,31713.7,34470.7,-1.1641,-1.3033,147.8,98.1,0.475
33.24,31805.7,34457.3,-0.7896,-1.3362,147.8,98.1,0.475
33.26,31838.0,34627.3,-0.6578,-0.918,147.8,98.1,0.475
33.28,31891.3,34786.8,-0.4411,-0.5255,147.8,98.1,0.475
33.3,32020.2,35276.9,0.0838,0.6804,147.8,98.1,0.475
33.32,32201.5,35624.4,0.8215,1.5356,147.8,98.1,0.475
33.34,32284.6,35760.3,1.1599,1.8701,147.8,98.1,0.475
33.36,32288.1,35722.2,1.1742,1.7761,147.8,98.1,0.475
33.38,32220.0,35575.7,0.897,1.4157,147.8,98.1,0.475
33.4,32182.8,35298.1,0.7458,0.7326,147.8,98.1,0.475
33.42,31994.0,35089.1,-0.023,0.2183,147.8,98.1,0.475
33.44,32178.3,35178.5,0.7273,0.4383,147.8,98.1,0.475
33.46,31954.9,35063.4,-0.1822,0.1552,147.8,98.1,0.475
33.48,32023.0,34957.0,0.095,-0.1067,147.8,98.1,0.475
33.5,31915.8,34877.0,-0.3413,-0.3035,147.8,98.1,0.475
33.52,31870.2,34749.5,-0.5267,-0.6171,147.8,98.1,0.475
33.54,31875.1,34701.2,-0.507,-0.7361,147.8,98.1,0.475
33.56,31823.6,34721.1,-0.7166,-0.6872,147.8,98.1,0.475
33.58,31936.7,34673.6,-0.2562,-0.8039,147.8,98.1,0.475
33.6,31854.8,34514.0,-0.5895,-1.1967,147.8,98.1,0.475
33.62,31817.3,34489.7,-0.7423,-1.2566,147.8,98.1,0.475
33.64,31774.9,34426.9,-0.915,-1.4111,147.8,98.1,0.475
33.66,31865.1,34495.3,-0.5477,-1.2428,147.8,98.1,0.475
33.68,31890.5,34731.1,-0.4443,-0.6625,147.8,98.1,0.475
33.7,32031.3,35160.2,0.1289,0.3934,147.8,98.1,0.475
33.72,32196.4,35535.2,0.8008,1.3162,147.8,98.1,0.475
33.74,32276.3,35680.1,1.1261,1.6725,147.8,98.1,0.475
33.76,32288.5,35694.5,1.1759,1.708,147.8,98.1,0.475
33.78,32263.2,35641.4,1.0729,1.5774,147.8,98.1,0.475
33.8,32150.5,35428.9,0.6139,1.0544,147.8,98.1,0.475
33.82,32136.0,35255.5,0.5551,0.6279,147.8,98.1,0.475
33.84,31942.5,35139.4,-0.2327,0.3422,147.8,98.1,0.475
33.86,32072.3,35010.1,0.296,0.024,147.8,98.1,0.475
33.88,32126.6,34952.2,0.5168,-0.1186,147.8,98.1,0.475
33.9,32051.0,34800.9,0.209,-0.4908,147.8,98.1,0.475
33.92,31947.5,34740.5,-0.2122,-0.6394,147.8,98.1,0.475
33.94,31883.8,34767.3,-0.4717,-0.5734,147.8,98.1,0.475
33.96,31780.3,34628.9,-0.8929,-0.9139,147.8,98.1,0.475
33.98,31883.3,34655.7,-0.4737,-0.848,147.8,98.1,0.475
34.0,31864.4,34635.7,-0.5506,-0.8972,147.8,98.1,0.475
34.02,31815.6,34587.3,-0.7493,-1.0164,147.8,98.1,0.475
34.04,31697.3,34496.6,-1.2305,-1.2396,147.8,98.1,0.475
34.06,31678.4,34528.2,-1.3076,-1.1618,147.8,98.1,0.475
34.08,31817.2,34737.5,-0.7428,-0.6469,147.8,98.1,0.475
34.1,31980.1,35084.6,-0.0794,0.2074,147.8,98.1,0.475
34.12,32186.6,35416.2,0.7612,1.0232,147.8,98.1,0.475
34.14,32345.2,35759.9,1.4066,1.869,147.8,98.1,0.475
34.16,32253.6,35721.4,1.034,1.7742,147.8,98.1,0.475
34.18,32264.7,35711.8,1.079,1.7506,147.8,98.1,0.475
34.2,32216.9,35425.2,0.8846,1.0454,147.8,98.1,0.475
34.22,32153.7,35296.5,0.6273,0.7286,147.8,98.1,0.475
34.24,32003.5,35060.9,0.0158,0.1491,147.8,98.1,0.475
34.26,32025.0,35117.7,0.1032,0.2888,147.8,98.1,0.475
34.28,31953.3,35140.9,-0.1887,0.3458,147.8,98.1,0.475
34.3,31843.7,34986.7,-0.6347,-0.0335,147.8,98.1,0.475
34.32,31884.8,34761.6,-0.4674,-0.5874,147.8,98.1,0.475
34.34,31859.9,34733.6,-0.569,-0.6564,147.8,98.1,0.475
34.36,31875.1,34700.4,-0.507,-0.7379,147.8,98.1,0.475
34.38,31896.1,34733.0,-0.4216,-0.6578,147.8,98.1,0.475
34.4,31864.8,34534.7,-0.5488,-1.1458,147.8,98.1,0.475
34.42,31829.1,34555.1,-0.6943,-1.0956,147.8,98.1,0.475
34.44,31730.2,34459.2,-1.097,-1.3316,147.8,98.1,0.475
34.46,31762.7,34474.8,-0.9645,-1.2932,147.8,98.1,0.475
34.48,31894.3,34635.5,-0.4288,-0.8977,147.8,98.1,0.475
34.5,31917.3,34909.6,-0.335,-0.2232,147.8,98.1,0.475
34.52,32181.5,35349.3,0.7405,0.8587,147.8,98.1,0.475
34.54,32354.9,35678.5,1.4461,1.6687,147.8,98.1,0.475
34.56,32380.3,35700.6,1.5495,1.7231,147.8,98.1,0.475
34.58,32222.3,35604.5,0.9066,1.4865,147.8,98.1,0.475
34.6,32182.2,35480.7,0.7433,1.1821,147.8,98.1,0.475
34.62,32040.4,35320.7,0.1659,0.7883,147.8,98.1,0.475
34.64,32087.8,35223.4,0.3588,0.549,147.8,98.1,0.475
34.66,32063.1,35070.8,0.2584,0.1734,147.8,98.1,0.475
34.68,31908.4,35036.4,-0.3713,0.0888,147.8,98.1,0.475
34.7,31948.1,34989.7,-0.2098,-0.0261,147.8,98.1,0.475
34.72,31843.4,34829.5,-0.6361,-0.4203,147.8,98.1,0.475
34.74,31921.7,34768.8,-0.3172,-0.5698,147.8,98.1,0.475
34.76,31860.0,34622.6,-0.5684,-0.9294,147.8,98.1,0.475
34.78,31857.1,34726.9,-0.5803,-0.6728,147.8,98.1,0.475
34.8,31849.2,34645.2,-0.6123,-0.8739,147.8,98.1,0.475
34.82,31740.8,34532.8,-1.0535,-1.1504,147.8,98.1,0.475
34.84,31869.8,34468.7,-0.5285,-1.3082,147.8,98.1,0.475
34.86,31802.4,34404.5,-0.8028,-1.4661,147.8,98.1,0.475
34.88,31878.9,34612.1,-0.4916,-0.9553,147.8,98.1,0.475
34.9,31872.9,34867.3,-0.5159,-0.3274,147.8,98.1,0.475
34.92,31958.4,35149.9,-0.1679,0.368,147.8,98.1,0.475
34.94,32191.5,35597.3,0.7808,1.4688,147.8,98.1,0.475
34.96,32297.0,35788.7,1.2104,1.9397,147.8,98.1,0.475
34.98,32350.1,35811.0,1.4267,1.9948,147.8,98.1,0.475
35.0,32283.2,35516.2,1.1545,1.2694,147.8,98.1,0.475
35.02,32099.0,35443.7,0.4045,1.0909,147.8,98.1,0.475
35.04,32075.0,35242.9,0.3066,0.5968,147.8,98.1,0.475
35.06,32006.2,35092.2,0.0267,0.2261,147.8,98.1,0.475
35.08,32098.1,35032.7,0.401,0.0796,147.8,98.1,0.475
35.1,32009.9,35099.6,0.0418,0.2443,147.8,98.1,0.475
35.12,31992.3,34862.9,-0.0297,-0.3383,147.8,98.1,0.475
35.14,31880.6,34799.4,-0.4845,-0.4945,147.8,98.1,0.475
35.16,31898.5,34743.2,-0.4118,-0.6326,147.8,98.1,0.475
35.18,31868.0,34636.6,-0.5359,-0.895,147.8,98.1,0.475
35.2,31838.4,34628.7,-0.6563,-0.9145,147.8,98.1,0.475
35.22,31848.4,34544.9,-0.6154,-1.1206,147.8,98.1,0.475
35.24,31812.0,34559.0,-0.7637,-1.0859,147.8,98.1,0.475
35.26,31771.3,34439.4,-0.9294,-1.3801,147.8,98.1,0.475
35.28,31824.0,34532.1,-0.715,-1.1521,147.8,98.1,0.475
35.3,31907.9,34840.4,-0.3733,-0.3936,147.8,98.1,0.475
35.32,31947.0,35090.9,-0.2144,0.2228,147.8,98.1,0.475
35.34,32205.1,35504.9,0.8364,1.2414,147.8,98.1,0.475
35.36,32416.2,35708.6,1.6957,1.7428,147.8,98.1,0.475
35.38,32341.6,35787.6,1.3921,1.9372,147.8,98.1,0.475
35.4,32245.1,35618.1,0.9994,1.5202,147.8,98.1,0.475
35.42,32169.2,35391.4,0.6904,0.9623,147.8,98.1,0.475
35.44,32062.7,35245.1,0.2568,0.6022,147.8,98.1,0.475
35.46,32156.4,35086.7,0.6381,0.2126,147.8,98.1,0.475
35.48,32105.6,35128.1,0.4313,0.3143,147.8,98.1,0.475
35.5,31958.9,35007.6,-0.1658,0.0179,147.8,98.1,0.475
35.52,31978.6,34978.5,-0.0854,-0.0537,147.8,98.1,0.475
35.54,31883.7,34826.8,-0.472,-0.427,147.8,98.1,0.475
35.56,31907.2,34688.8,-0.3761,-0.7666,147.8,98.1,0.475
35.58,31824.3,34647.4,-0.7138,-0.8684,147.8,98.1,0.475
35.6,31793.8,34676.6,-0.8379,-0.7966,147.8,98.1,0.475
35.62,31820.6,34588.5,-0.7287,-1.0134,147.8,98.1,0.475
35.64,31716.3,34435.0,-1.1534,-1.391,147.8,98.1,0.475
35.66,31838.0,34507.7,-0.6581,-1.2122,147.8,98.1,0.475
35.68,31762.2,34472.9,-0.9664,-1.2978,147.8,98.1,0.475
35.7,31853.3,34575.5,-0.5958,-1.0453,147.8,98.1,0.475
35.72,31940.6,34943.2,-0.2404,-0.1405,147.8,98.1,0.475
35.74,32122.3,35330.4,0.4995,0.8121,147.8,98.1,0.475
35.76,32356.5,35556.4,1.4528,1.3682,147.8,98.1,0.475
35.78,32307.7,35729.6,1.2542,1.7944,147.8,98.1,0.475
35.8,32224.9,35744.0,0.9169,1.83,147.8,98.1,0.475
35.82,32176.7,35555.0,0.7208,1.3649,147.8,98.1,0.475
35.84,32135.0,35312.7,0.5509,0.7685,147.8,98.1,0.475
35.86,32077.0,35155.6,0.3149,0.382,147.8,98.1,0.475
35.88,32068.0,35065.3,0.2785,0.1599,147.8,98.1,0.475
35.9,31927.4,35010.9,-0.2942,0.0259,147.8,98.1,0.475
35.92,31953.0,34901.8,-0.1897,-0.2424,147.8,98.1,0.475
35.94,31922.1,34791.8,-0.3155,-0.5132,147.8,98.1,0.475
35.96,31836.0,34769.1,-0.6661,-0.569,147.8,98.1,0.475
35.98,31886.0,34654.4,-0.4624,-0.8512,147.8,98.1,0.475
36.0,31879.1,34716.4,-0.4906,-0.6986,147.8,98.1,0.475
36.02,31740.5,34660.0,-1.055,-0.8374,147.8,98.1,0.475
36.04,31866.7,34588.2,-0.5409,-1.0141,147.8,98.1,0.475
36.06,31829.0,34501.1,-0.6945,-1.2284,147.8,98.1,0.475
36.08,31772.3,34446.3,-0.9254,-1.3632,147.8,98.1,0.475
36.1,31798.1,34544.9,-0.8205,-1.1207,147.8,98.1,0.475
36.12,31920.2,34893.5,-0.3234,-0.263,147.8,98.1,0.475
36.14,32181.5,35245.4,0.7403,0.6031,147.8,98.1,0.475
36.16,32228.0,35557.0,0.9297,1.3697,147.8,98.1,0.475
36.18,32269.7,35832.7,1.0995,2.0482,147.8,98.1,0.475
36.2,32364.1,35733.7,1.4838,1.8046,147.8,98.1,0.475
36.22,32295.5,35567.3,1.2043,1.395,147.8,98.1,0.475
36.24,32121.1,35312.3,0.4946,0.7676,147.8,98.1,0.475
36.26,32070.2,35183.9,0.2873,0.4516,147.8,98.1,0.475
36.28,32015.9,35191.1,0.0663,0.4695,147.8,98.1,0.475
36.3,32037.8,35124.8,0.1555,0.3061,147.8,98.1,0.475
36.32,31950.2,35009.2,-0.2012,0.0218,147.8,98.1,0.475
36.34,31988.0,34910.0,-0.0475,-0.2223,147.8,98.1,0.475
36.36,31892.1,34767.4,-0.4378,-0.5731,147.8,98.1,0.475
36.38,31948.2,34726.8,-0.2096,-0.673,147.8,98.1,0.475
36.4,31831.7,34698.7,-0.6835,-0.7422,147.8,98.1,0.475
36.42,31817.4,34730.2,-0.7418,-0.6648,147.8,98.1,0.475
36.44,31766.9,34521.5,-0.9472,-1.1782,147.8,98.1,0.475
36.46,31767.6,34556.6,-0.9445,-1.0919,147.8,98.1,0.475
36.48,31709.6,34397.9,-1.1807,-1.4823,147.8,98.1,0.475
36.5,31804.2,34512.8,-0.7954,-1.1997,147.8,98.1,0.475
36.52,31882.3,34795.8,-0.4777,-0.5032,147.8,98.1,0.475
36.54,32018.7,35084.1,0.0778,0.2062,147.8,98.1,0.475
36.56,32222.0,35489.9,0.9054,1.2046,147.8,98.1,0.475
36.58,32252.7,35657.5,1.0303,1.617,147.8,98.1,0.475
36.6,32376.3,35835.5,1.5333,2.0549,147.8,98.1,0.475
36.62,32257.7,35621.5,1.0504,1.5285,147.8,98.1,0.475
36.64,32245.6,35425.4,1.0013,1.0459,147.8,98.1,0.475
36.66,32101.2,35164.7,0.4135,0.4045,147.8,98.1,0.475
36.68,32011.8,35125.8,0.0494,0.3087,147.8,98.1,0.475
36.7,32061.2,35090.9,0.2508,0.2228,147.8,98.1,0.475
36.72,31949.7,34984.0,-0.2032,-0.0403,147.8,98.1,0.475
36.74,31925.5,34846.6,-0.3019,-0.3782,147.8,98.1,0.475
36.76,31905.3,34841.8,-0.3838,-0.3901,147.8,98.1,0.475
36.78,31842.6,34774.2,-0.6393,-0.5565,147.8,98.1,0.475
36.8,31886.4,34686.4,-0.4611,-0.7724,147.8,98.1,0.475
36.82,31791.7,34696.6,-0.8464,-0.7474,147.8,98.1,0.475
36.84,31826.2,34507.1,-0.706,-1.2138,147.8,98.1,0.475
36.86,31742.9,34481.9,-1.0449,-1.2758,147.8,98.1,0.475
36.88,31786.0,34486.5,-0.8696,-1.2644,147.8,98.1,0.475
36.9,31841.7,34564.0,-0.6431,-1.0736,147.8,98.1,0.475
36.92,31897.0,34718.8,-0.4179,-0.6927,147.8,98.1,0.475
36.94,31988.5,34964.3,-0.0452,-0.0886,147.8,98.1,0.475
36.96,32041.4,35380.9,0.1701,0.9364,147.8,98.1,0.475
36.98,32235.7,35615.2,0.9608,1.513,147.8,98.1,0.475
37.0,32313.9,35688.3,1.2792,1.6927,147.8,98.1,0.475
37.02,32307.7,35653.6,1.2541,1.6073,147.8,98.1,0.475
37.04,32228.4,35442.7,0.9313,1.0885,147.8,98.1,0.475
37.06,32184.8,35311.7,0.754,0.7661,147.8,98.1,0.475
37.08,32079.5,35113.4,0.3251,0.2781,147.8,98.1,0.475
37.1,32046.0,35026.5,0.1888,0.0644,147.8,98.1,0.475
37.12,32111.1,35024.9,0.4536,0.0605,147.8,98.1,0.475
37.14,32033.2,34957.9,0.1365,-0.1043,147.8,98.1,0.475
37.16,31959.1,34912.2,-0.1648,-0.2169,147.8,98.1,0.475
37.18,31841.5,34680.1,-0.6436,-0.7881,147.8,98.1,0.475
37.2,31918.4,34720.2,-0.3305,-0.6893,147.8,98.1,0.475
37.22,31831.9,34617.7,-0.6829,-0.9416,147.8,98.1,0.475
37.24,31887.6,34696.5,-0.4562,-0.7476,147.8,98.1,0.475
37.26,31779.3,34542.0,-0.8967,-1.1277,147.8,98.1,0.475
37.28,31743.2,34440.6,-1.0439,-1.3772,147.8,98.1,0.475
37.3,31688.2,34492.2,-1.2678,-1.2502,147.8,98.1,0.475
37.32,31868.2,34644.0,-0.5351,-0.8768,147.8,98.1,0.475
37.34,31980.8,34895.6,-0.0769,-0.2577,147.8,98.1,0.475
37.36,32128.6,35353.2,0.5252,0.8683,147.8,98.1,0.475
37.38,32184.1,35617.5,0.7509,1.5185,147.8,98.1,0.475
37.4,32328.3,35695.9,1.3377,1.7115,147.8,98.1,0.475
37.42,32353.1,35677.5,1.4389,1.6663,147.8,98.1,0.475
37.44,32219.1,35478.8,0.8933,1.1772,147.8,98.1,0.475
37.46,32168.1,35292.1,0.6857,0.7179,147.8,98.1,0.475
37.48,32054.4,35140.7,0.2228,0.3453,147.8,98.1,0.475
37.5,32048.0,35120.9,0.197,0.2967,147.8,98.1,0.475
37.52,32012.3,34947.9,0.0515,-0.129,147.8,98.1,0.475
37.54,31979.5,34946.6,-0.0821,-0.1323,147.8,98.1,0.475
37.56,31930.1,34824.1,-0.2831,-0.4336,147.8,98.1,0.475
37.58,31903.9,34818.2,-0.3898,-0.448,147.8,98.1,0.475
37.6,31882.9,34674.5,-0.4754,-0.8019,147.8,98.1,0.475
37.62,31848.6,34706.5,-0.6148,-0.723,147.8,98.1,0.475
37.64,31859.6,34609.3,-0.5701,-0.9621,147.8,98.1,0.475
37.66,31856.0,34587.5,-0.5848,-1.0158,147.8,98.1,0.475
37.68,31784.5,34555.0,-0.8759,-1.0958,147.8,98.1,0.475
37.7,31829.2,34410.0,-0.6937,-1.4525,147.8,98.1,0.475
37.72,31821.8,34525.5,-0.7241,-1.1684,147.8,98.1,0.475
37.74,31927.4,34881.5,-0.2941,-0.2925,147.8,98.1,0.475
37.76,32045.6,35205.4,0.187,0.5046,147.8,98.1,0.475
37.78,32213.2,35487.3,0.8693,1.1983,147.8,98.1,0.475
37.8,32217.4,35728.0,0.8863,1.7905,147.8,98.1,0.475
37.82,32414.8,35713.0,1.6901,1.7535,147.8,98.1,0.475
37.84,32234.2,35575.1,0.9547,1.4143,147.8,98.1,0.475
37.86,32233.6,35446.3,0.9524,1.0974,147.8,98.1,0.475
37.88,32101.2,35150.7,0.4135,0.3699,147.8,98.1,0.475
37.9,32060.7,35111.0,0.2485,0.2724,147.8,98.1,0.475
37.92,32143.5,35041.6,0.5856,0.1016,147.8,98.1,0.475
37.94,31979.1,34970.6,-0.0836,-0.0732,147.8,98.1,0.475
37.96,31992.6,34944.7,-0.0285,-0.1368,147.8,98.1,0.475
37.98,31929.4,34695.2,-0.2859,-0.7507,147.8,98.1,0.475
38.0,31883.8,34809.4,-0.4717,-0.4699,147.8,98.1,0.475
38.02,31868.7,34677.2,-0.5331,-0.795,147.8,98.1,0.475
38.04,31791.2,34684.3,-0.8486,-0.7777,147.8,98.1,0.475
38.06,31835.8,34620.9,-0.667,-0.9337,147.8,98.1,0.475
38.08,31798.6,34559.8,-0.8183,-1.0839,147.8,98.1,0.475
38.1,31728.0,34445.0,-1.1056,-1.3664,147.8,98.1,0.475
38.12,31825.4,34466.5,-0.7091,-1.3135,147.8,98.1,0.475
38.14,31905.9,34643.3,-0.3814,-0.8784,147.8,98.1,0.475
38.16,31939.5,35108.8,-0.2448,0.2669,147.8,98.1,0.475
38.18,32082.9,35358.8,0.339,0.8821,147.8,98.1,0.475
38.2,32285.2,35732.4,1.1624,1.8013,147.8,98.1,0.475
38.22,32315.7,35783.7,1.2867,1.9275,147.8,98.1,0.475
38.24,32247.8,35662.9,1.0102,1.6304,147.8,98.1,0.475
38.26,32172.6,35481.3,0.7041,1.1834,147.8,98.1,0.475
38.28,32128.9,35189.3,0.5264,0.4649,147.8,98.1,0.475
38.3,32115.1,35114.3,0.4702,0.2803,147.8,98.1,0.475
38.32,31961.5,35122.2,-0.1553,0.2998,147.8,98.1,0.475
38.34,31996.3,35093.1,-0.0137,0.2283,147.8,98.1,0.475
38.36,31987.6,34885.9,-0.049,-0.2815,147.8,98.1,0.475
38.38,31996.2,34841.2,-0.014,-0.3916,147.8,98.1,0.475
38.4,31892.3,34669.7,-0.4369,-0.8135,147.8,98.1,0.475
38.42,31800.8,34677.1,-0.8093,-0.7954,147.8,98.1,0.475
38.44,31887.8,34633.9,-0.4554,-0.9017,147.8,98.1,0.475
38.46,31864.4,34645.8,-0.5507,-0.8724,147.8,98.1,0.475
38.48,31816.2,34560.1,-0.7468,-1.0832,147.8,98.1,0.475
38.5,31808.5,34435.2,-0.7782,-1.3905,147.8,98.1,0.475
38.52,31692.6,34425.3,-1.25,-1.415,147.8,98.1,0.475
38.54,31798.9,34590.5,-0.8171,-1.0084,147.8,98.1,0.475
38.56,31954.6,34939.9,-0.1835,-0.1487,147.8,98.1,0.475
38.58,32065.2,35290.4,0.267,0.7138,147.8,98.1,0.475
38.6,32317.4,35621.3,1.2934,1.5279,147.8,98.1,0.475
38.62,32324.5,35731.4,1.3226,1.7987,147.8,98.1,0.475
38.64,32238.6,35541.9,0.9729,1.3324,147.8,98.1,0.475
38.66,32318.6,35437.7,1.2984,1.0762,147.8,98.1,0.475
38.68,32156.6,35279.2,0.639,0.6861,147.8,98.1,0.475
38.7,32138.9,35220.2,0.5671,0.5409,147.8,98.1,0.475
38.72,32070.3,35125.0,0.2877,0.3067,147.8,98.1,0.475
38.74,32005.1,35024.8,0.0223,0.0601,147.8,98.1,0.475
38.76,31977.6,34934.7,-0.0895,-0.1614,147.8,98.1,0.475
38.78,31931.9,34873.0,-0.2756,-0.3133,147.8,98.1,0.475
38.8,31929.0,34747.5,-0.2877,-0.6221,147.8,98.1,0.475
38.82,31735.4,34627.4,-1.0758,-0.9177,147.8,98.1,0.475
38.84,31756.8,34717.8,-0.9885,-0.6952,147.8,98.1,0.475
38.86,31931.2,34615.8,-0.2787,-0.9461,147.8,98.1,0.475
38.88,31841.4,34632.8,-0.6442,-0.9045,147.8,98.1,0.475
38.9,31886.4,34615.3,-0.4609,-0.9473,147.8,98.1,0.475
38.92,31787.5,34474.3,-0.8636,-1.2944,147.8,98.1,0.475
38.94,31723.7,34472.2,-1.1234,-1.2995,147.8,98.1,0.475
38.96,31964.4,34843.3,-0.1435,-0.3865,147.8,98.1,0.475
38.98,32110.0,35176.6,0.4492,0.4338,147.8,98.1,0.475
39.0,32258.5,35611.5,1.054,1.5038,147.8,98.1,0.475
39.02,32309.9,35727.0,1.2631,1.788,147.8,98.1,0.475
39.04,32291.2,35763.1,1.1869,1.8768,147.8,98.1,0.475
39.06,32229.9,35570.7,0.9374,1.4034,147.8,98.1,0.475
39.08,32175.4,35413.9,0.7155,1.0177,147.8,98.1,0.475
39.1,32039.9,35277.3,0.1638,0.6814,147.8,98.1,0.475
39.12,32015.6,35082.1,0.0649,0.2012,147.8,98.1,0.475
39.14,32081.3,35057.0,0.3324,0.1394,147.8,98.1,0.475
39.16,31980.5,35034.2,-0.0779,0.0834,147.8,98.1,0.475
39.18,32043.0,34922.9,0.1764,-0.1906,147.8,98.1,0.475
39.2,31842.6,34776.9,-0.6391,-0.5497,147.8,98.1,0.475
39.22,31928.0,34759.4,-0.2917,-0.5928,147.8,98.1,0.475
39.24,31838.9,34680.5,-0.6542,-0.7871,147.8,98.1,0.475
39.26,31826.5,34667.8,-0.7048,-0.8184,147.8,98.1,0.475
39.28,31790.0,34653.6,-0.8534,-0.8531,147.8,98.1,0.475
39.3,31805.3,34433.2,-0.7913,-1.3955,147.8,98.1,0.475
39.32,31721.4,34503.8,-1.1326,-1.2219,147.8,98.1,0.475
39.34,31650.5,34461.3,-1.4211,-1.3264,147.8,98.1,0.475
39.36,31835.0,34692.5,-0.6703,-0.7575,147.8,98.1,0.475
39.38,32108.9,35039.5,0.4449,0.0964,147.8,98.1,0.475
39.4,32306.8,35447.1,1.2503,1.0994,147.8,98.1,0.475
39.42,32374.7,35703.4,1.5269,1.7299,147.8,98.1,0.475
39.44,32228.1,35746.7,0.9302,1.8365,147.8,98.1,0.475
39.46,32316.4,35571.3,1.2893,1.4049,147.8,98.1,0.475
39.48,32234.6,35375.3,0.9565,0.9226,147.8,98.1,0.475
39.5,31994.5,35245.0,-0.0208,0.6019,147.8,98.1,0.475
39.52,32041.2,35154.7,0.1694,0.3799,147.8,98.1,0.475
39.54,32031.1,35141.9,0.1281,0.3484,147.8,98.1,0.475
39.56,31921.1,35034.4,-0.3195,0.0838,147.8,98.1,0.475
39.58,31960.0,34866.8,-0.1615,-0.3286,147.8,98.1,0.475
39.6,31986.3,34797.3,-0.0545,-0.4996,147.8,98.1,0.475
39.62,31855.3,34752.4,-0.5875,-0.6101,147.8,98.1,0.475
39.64,31856.7,34691.0,-0.5819,-0.7613,147.8,98.1,0.475
39.66,31822.1,34672.0,-0.7229,-0.8078,147.8,98.1,0.475
39.68,31838.5,34658.1,-0.6561,-0.8421,147.8,98.1,0.475
39.7,31767.0,34485.6,-0.9471,-1.2666,147.8,98.1,0.475
39.72,31828.7,34484.3,-0.6957,-1.2698,147.8,98.1,0.475
39.74,31680.2,34537.8,-1.3001,-1.1382,147.8,98.1,0.475
39.76,31806.0,34574.2,-0.7882,-1.0484,147.8,98.1,0.475
39.78,31971.3,34849.0,-0.1155,-0.3723,147.8,98.1,0.475
39.8,32132.2,35285.1,0.5398,0.7008,147.8,98.1,0.475
39.82,32282.2,35672.1,1.1503,1.6529,147.8,98.1,0.475
39.84,32339.5,35786.1,1.3836,1.9334,147.8,98.1,0.475
39.86,32320.5,35614.1,1.3061,1.5101,147.8,98.1,0.475
39.88,32180.6,35503.8,0.7365,1.2387,147.8,98.1,0.475
39.9,32109.5,35317.6,0.4473,0.7808,147.8,98.1,0.475
39.92,32154.8,35076.2,0.6318,0.1867,147.8,98.1,0.475
39.94,32052.1,35069.3,0.2135,0.1697,147.8,98.1,0.475
39.96,31935.9,35014.5,-0.2593,0.0349,147.8,98.1,0.475
39.98,31972.9,34915.3,-0.1088,-0.2093,147.8,98.1,0.475
40.0,32011.7,34806.2,0.0493,-0.4777,147.8,98.1,0.475
40.02,31904.4,34741.5,-0.3878,-0.6369,147.8,98.1,0.475
40.04,31857.1,34701.6,-0.5802,-0.7352,147.8,98.1,0.475
40.06,31945.9,34592.9,-0.2189,-1.0025,147.8,98.1,0.475
40.08,31896.9,34689.7,-0.4184,-0.7644,147.8,98.1,0.475
40.1,31865.4,34522.3,-0.5462,-1.1763,147.8,98.1,0.475
40.12,31780.6,34476.0,-0.8914,-1.2902,147.8,98.1,0.475
40.14,31790.0,34504.3,-0.8532,-1.2205,147.8,98.1,0.475
40.16,31788.1,34575.3,-0.861,-1.0458,147.8,98.1,0.475
40.18,31882.2,34861.6,-0.4779,-0.3414,147.8,98.1,0.475
40.2,32027.2,35249.5,0.1123,0.6131,147.8,98.1,0.475
40.22,32263.1,35615.0,1.0724,1.5124,147.8,98.1,0.475
40.24,32229.7,35882.9,0.9366,2.1716,147.8,98.1,0.475
40.26,32214.3,35700.3,0.874,1.7224,147.8,98.1,0.475
40.28,32223.1,35564.5,0.9098,1.3881,147.8,98.1,0.475
40.3,32088.6,35335.9,0.362,0.8256,147.8,98.1,0.475
40.32,32153.2,35204.2,0.625,0.5016,147.8,98.1,0.475
40.34,32113.4,35170.4,0.4633,0.4185,147.8,98.1,0.475
40.36,31946.5,35072.7,-0.2165,0.1779,147.8,98.1,0.475
40.38,31993.5,34971.5,-0.0249,-0.071,147.8,98.1,0.475
40.4,31911.8,34859.3,-0.3574,-0.347,147.8,98.1,0.475
40.42,31918.3,34686.7,-0.3311,-0.7718,147.8,98.1,0.475
40.44,31944.4,34733.7,-0.2249,-0.656,147.8,98.1,0.475
40.46,31826.8,34711.9,-0.7037,-0.7098,147.8,98.1,0.475
40.48,31850.1,34666.4,-0.6086,-0.8216,147.8,98.1,0.475
40.5,31864.1,34575.4,-0.5515,-1.0456,147.8,98.1,0.475
40.52,31728.4,34473.5,-1.1041,-1.2962,147.8,98.1,0.475
40.54,31809.4,34557.3,-0.7742,-1.0902,147.8,98.1,0.475
40.56,31795.8,34557.8,-0.8298,-1.089,147.8,98.1,0.475
40.58,31903.7,34663.1,-0.3904,-0.8298,147.8,98.1,0.475
40.6,32111.1,35058.3,0.4539,0.1426,147.8,98.1,0.475
40.62,32205.1,35426.3,0.8363,1.0481,147.8,98.1,0.475
40.64,32306.4,35671.4,1.2486,1.6513,147.8,98.1,0.475
40.66,32231.0,35772.2,0.942,1.8993,147.8,98.1,0.475
40.68,32354.1,35664.0,1.443,1.633,147.8,98.1,0.475
40.7,32214.4,35378.1,0.8741,0.9294,147.8,98.1,0.475
40.72,32063.0,35269.8,0.2578,0.663,147.8,98.1,0.475
40.74,32064.6,35103.4,0.2645,0.2537,147.8,98.1,0.475
40.76,32034.6,35028.4,0.1424,0.0691,147.8,98.1,0.475
40.78,32021.5,34923.5,0.089,-0.1891,147.8,98.1,0.475
40.8,31951.2,34864.3,-0.1973,-0.3348,147.8,98.1,0.475
40.82,31928.6,34696.4,-0.289,-0.7479,147.8,98.1,0.475
40.84,31912.3,34711.3,-0.3556,-0.7111,147.8,98.1,0.475
40.86,31841.7,34664.0,-0.643,-0.8276,147.8,98.1,0.475
40.88,31843.8,34615.7,-0.6342,-0.9464,147.8,98.1,0.475
40.9,31867.2,34672.9,-0.5392,-0.8057,147.8,98.1,0.475
40.92,31803.6,34542.8,-0.7978,-1.1259,147.8,98.1,0.475
40.94,31717.3,34504.8,-1.1494,-1.2194,147.8,98.1,0.475
40.96,31766.0,34517.7,-0.9509,-1.1876,147.8,98.1,0.475
40.98,31811.2,34602.7,-0.7669,-0.9784,147.8,98.1,0.475
41.0,32094.5,34988.8,0.3862,-0.0284,147.8,98.1,0.475
41.02,32115.8,35396.7,0.4729,0.9753,147.8,98.1,0.475
41.04,32356.4,35739.7,1.4524,1.8192,147.8,98.1,0.475
41.06,32248.8,35721.2,1.0142,1.7738,147.8,98.1,0.475
41.08,32248.0,35623.8,1.011,1.5341,147.8,98.1,0.475
41.1,32226.6,35404.6,0.924,0.9947,147.8,98.1,0.475
41.12,32125.3,35243.5,0.5117,0.5984,147.8,98.1,0.475
41.14,32065.8,35068.4,0.2694,0.1674,147.8,98.1,0.475
41.16,31981.0,35097.9,-0.0758,0.24,147.8,98.1,0.475
41.18,32016.8,35056.9,0.0699,0.1392,147.8,98.1,0.475
41.2,31921.6,34925.7,-0.3178,-0.1836,147.8,98.1,0.475
41.22,32008.9,34885.1,0.0377,-0.2836,147.8,98.1,0.475
41.24,31900.8,34748.6,-0.4024,-0.6194,147.8,98.1,0.475
41.26,31968.6,34707.3,-0.1262,-0.7211,147.8,98.1,0.475
41.28,31938.6,34707.4,-0.2483,-0.7207,147.8,98.1,0.475
41.3,31857.1,34695.7,-0.5803,-0.7495,147.8,98.1,0.475
41.32,31793.1,34508.1,-0.8406,-1.2113,147.8,98.1,0.475
41.34,31821.3,34534.2,-0.7259,-1.147,147.8,98.1,0.475
41.36,31733.8,34483.8,-1.0819,-1.2709,147.8,98.1,0.475
41.38,31803.4,34534.4,-0.7987,-1.1466,147.8,98.1,0.475
41.4,31914.0,34857.9,-0.3488,-0.3505,147.8,98.1,0.475
41.42,32147.9,35354.7,0.6035,0.8719,147.8,98.1,0.475
41.44,32285.0,35579.6,1.1616,1.4253,147.8,98.1,0.475
41.46,32340.3,35714.9,1.3869,1.7582,147.8,98.1,0.475
41.48,32279.7,35693.8,1.14,1.7063,147.8,98.1,0.475
41.5,32292.3,35517.4,1.1915,1.2722,147.8,98.1,0.475
41.52,32120.8,35400.5,0.4931,0.9847,147.8,98.1,0.475
41.54,32130.5,35100.2,0.5328,0.2456,147.8,98.1,0.475
41.56,32137.3,35112.4,0.5605,0.2757,147.8,98.1,0.475
41.58,32080.5,35094.4,0.329,0.2315,147.8,98.1,0.475
41.6,32040.3,35033.4,0.1656,0.0814,147.8,98.1,0.475
41.62,31979.2,34931.5,-0.0831,-0.1694,147.8,98.1,0.475
41.64,31955.7,34774.0,-0.1789,-0.5569,147.8,98.1,0.475
41.66,31913.9,34633.9,-0.3488,-0.9016,147.8,98.1,0.475
41.68,31793.0,34620.0,-0.841,-0.9357,147.8,98.1,0.475
41.7,31864.7,34669.0,-0.5492,-0.8152,147.8,98.1,0.475
41.72,31858.5,34675.7,-0.5745,-0.7987,147.8,98.1,0.475
41.74,31766.8,34498.3,-0.9478,-1.2354,147.8,98.1,0.475
41.76,31768.1,34416.9,-0.9423,-1.4355,147.8,98.1,0.475
41.78,31833.1,34573.3,-0.6778,-1.0507,147.8,98.1,0.475
41.8,31871.0,34727.2,-0.5235,-0.6721,147.8,98.1,0.475
41.82,32068.3,35221.6,0.2794,0.5443,147.8,98.1,0.475
41.84,32254.8,35532.6,1.0386,1.3098,147.8,98.1,0.475
41.86,32331.6,35680.1,1.3515,1.6727,147.8,98.1,0.475
41.88,32280.3,35753.0,1.1426,1.8519,147.8,98.1,0.475
41.9,32220.5,35471.8,0.8991,1.1601,147.8,98.1,0.475
41.92,32165.3,35427.4,0.6742,1.0508,147.8,98.1,0.475
41.94,32166.6,35215.0,0.6796,0.5281,147.8,98.1,0.475
41.96,32005.2,35102.0,0.0228,0.25,147.8,98.1,0.475
41.98,32119.6,35085.5,0.4885,0.2094,147.8,98.1,0.475
42.0,32008.1,34988.2,0.0345,-0.0298,147.8,98.1,0.475
42.02,31989.4,34862.0,-0.0416,-0.3403,147.8,98.1,0.475
42.04,31791.3,34745.7,-0.8482,-0.6266,147.8,98.1,0.475
42.06,31950.3,34751.1,-0.2007,-0.6133,147.8,98.1,0.475
42.08,31845.5,34750.7,-0.6275,-0.6143,147.8,98.1,0.475
42.1,31784.7,34620.2,-0.875,-0.9354,147.8,98.1,0.475
42.12,31880.9,34616.5,-0.4834,-0.9444,147.8,98.1,0.475
42.14,31797.7,34549.7,-0.8219,-1.1088,147.8,98.1,0.475
42.16,31679.6,34486.7,-1.3027,-1.264,147.8,98.1,0.475
42.18,31825.2,34584.9,-0.7101,-1.0221,147.8,98.1,0.475
42.2,31877.1,34710.7,-0.4986,-0.7127,147.8,98.1,0.475
42.22,31992.9,35078.1,-0.0274,0.1913,147.8,98.1,0.475
42.24,32324.5,35397.3,1.3226,0.9767,147.8,98.1,0.475
42.26,32301.0,35710.6,1.2268,1.7475,147.8,98.1,0.475
42.28,32284.1,35758.9,1.1581,1.8665,147.8,98.1,0.475
42.3,32263.8,35657.6,1.0755,1.6172,147.8,98.1,0.475
42.32,32236.7,35465.8,0.9649,1.1454,147.8,98.1,0.475
42.34,32160.5,35281.9,0.6547,0.6928,147.8,98.1,0.475
42.36,31983.6,35188.5,-0.0653,0.463,147.8,98.1,0.475
42.38,31993.2,35039.4,-0.0261,0.0961,147.8,98.1,0.475
42.4,31953.3,34982.9,-0.1885,-0.043,147.8,98.1,0.475
42.42,31910.1,34859.1,-0.3644,-0.3474,147.8,98.1,0.475
42.44,31976.4,34737.7,-0.0946,-0.6462,147.8,98.1,0.475
42.46,31876.2,34739.8,-0.5025,-0.6411,147.8,98.1,0.475
42.48,31867.0,34613.1,-0.5398,-0.9527,147.8,98.1,0.475
42.5,31819.5,34638.4,-0.7334,-0.8906,147.8,98.1,0.475
42.52,31770.7,34607.4,-0.9319,-0.9669,147.8,98.1,0.475
42.54,31807.1,34621.4,-0.7839,-0.9325,147.8,98.1,0.475
42.56,31769.0,34456.6,-0.939,-1.338,147.8,98.1,0.475
42.58,31747.4,34530.9,-1.0268,-1.1552,147.8,98.1,0.475
42.6,31780.0,34624.6,-0.8941,-0.9245,147.8,98.1,0.475
42.62,32003.4,34918.2,0.0154,-0.2022,147.8,98.1,0.475
42.64,32069.5,35318.6,0.2844,0.7831,147.8,98.1,0.475
42.66,32284.4,35620.6,1.159,1.5262,147.8,98.1,0.475
42.68,32379.1,35733.8,1.5446,1.8048,147.8,98.1,0.475
42.7,32342.7,35633.5,1.3966,1.558,147.8,98.1,0.475
42.72,32257.4,35591.0,1.0494,1.4534,147.8,98.1,0.475
42.74,32048.2,35406.3,0.1979,0.9989,147.8,98.1,0.475
42.76,32070.7,35171.8,0.2892,0.422,147.8,98.1,0.475
42.78,31995.4,35102.3,-0.0173,0.251,147.8,98.1,0.475
42.8,31998.8,35036.0,-0.0033,0.0878,147.8,98.1,0.475
42.82,31965.9,35015.0,-0.1373,0.0362,147.8,98.1,0.475
42.84,31951.5,34889.4,-0.1959,-0.2731,147.8,98.1,0.475
42.86,31936.2,34768.4,-0.2582,-0.5707,147.8,98.1,0.475
42.88,31807.9,34648.2,-0.7804,-0.8664,147.8,98.1,0.475
42.9,31819.2,34662.0,-0.7347,-0.8325,147.8,98.1,0.475
42.92,31921.3,34626.8,-0.319,-0.9192,147.8,98.1,0.475
42.94,31852.4,34549.6,-0.5993,-1.1091,147.8,98.1,0.475
42.96,31800.0,34457.2,-0.8126,-1.3365,147.8,98.1,0.475
42.98,31754.7,34444.2,-0.997,-1.3684,147.8,98.1,0.475
43.0,31822.3,34542.6,-0.7217,-1.1264,147.8,98.1,0.475
43.02,31895.0,34867.3,-0.426,-0.3274,147.8,98.1,0.475
43.04,32037.1,35239.2,0.1526,0.5877,147.8,98.1,0.475
43.06,32329.0,35460.9,1.3407,1.1332,147.8,98.1,0.475
43.08,32372.6,35716.0,1.5184,1.761,147.8,98.1,0.475
43.1,32367.6,35807.6,1.498,1.9864,147.8,98.1,0.475
43.12,32264.7,35550.4,1.079,1.3535,147.8,98.1,0.475
43.14,32165.6,35348.8,0.6757,0.8575,147.8,98.1,0.475
43.16,32057.0,35179.0,0.2337,0.4397,147.8,98.1,0.475
43.18,31836.0,35101.1,-0.6661,0.2479,147.8,98.1,0.475
43.2,32078.5,35099.0,0.321,0.2428,147.8,98.1,0.475
43.22,32023.8,34898.4,0.0982,-0.2507,147.8,98.1,0.475
43.24,31971.0,34865.0,-0.1165,-0.3329,147.8,98.1,0.475
43.26,31891.2,34764.3,-0.4416,-0.5808,147.8,98.1,0.475
43.28,31874.4,34648.9,-0.5098,-0.8647,147.8,98.1,0.475
43.3,31790.6,34639.9,-0.8507,-0.8868,147.8,98.1,0.475
43.32,31847.3,34544.1,-0.6203,-1.1227,147.8,98.1,0.475
43.34,31837.4,34591.8,-0.6606,-1.0054,147.8,98.1,0.475
43.36,31802.8,34496.9,-0.8013,-1.2388,147.8,98.1,0.475
43.38,31781.3,34520.4,-0.889,-1.181,147.8,98.1,0.475
43.4,31761.7,34467.7,-0.9684,-1.3106,147.8,98.1,0.475
43.42,31796.5,34774.4,-0.8269,-0.5559,147.8,98.1,0.475
43.44,32108.3,35081.5,0.4425,0.1997,147.8,98.1,0.475
43.46,32155.6,35506.5,0.6347,1.2456,147.8,98.1,0.475
43.48,32363.2,35735.3,1.4799,1.8083,147.8,98.1,0.475
43.5,32342.5,35721.7,1.3956,1.7749,147.8,98.1,0.475
43.52,32206.5,35599.0,0.8422,1.4731,147.8,98.1,0.475
43.54,32142.0,35392.4,0.5796,0.9647,147.8,98.1,0.475
43.56,32184.0,35237.2,0.7504,0.5829,147.8,98.1,0.475
43.58,32009.6,35243.0,0.0405,0.5971,147.8,98.1,0.475
43.6,31985.2,35100.8,-0.0589,0.2472,147.8,98.1,0.475
43.62,32033.7,35077.3,0.1385,0.1895,147.8,98.1,0.475
43.64,32017.4,34889.7,0.0722,-0.2722,147.8,98.1,0.475
43.66,31935.3,34853.2,-0.2619,-0.362,147.8,98.1,0.475
43.68,31899.8,34734.9,-0.4064,-0.653,147.8,98.1,0.475
43.7,31870.7,34651.8,-0.5247,-0.8576,147.8,98.1,0.475
43.72,31876.7,34717.5,-0.5003,-0.696,147.8,98.1,0.475
43.74,31916.1,34614.0,-0.34,-0.9506,147.8,98.1,0.475
43.76,31813.9,34512.5,-0.7562,-1.2003,147.8,98.1,0.475
43.78,31668.1,34489.0,-1.3497,-1.2582,147.8,98.1,0.475
43.8,31739.6,34420.4,-1.0586,-1.4271,147.8,98.1,0.475
43.82,31862.6,34656.2,-0.5579,-0.8467,147.8,98.1,0.475
43.84,32004.9,34915.9,0.0216,-0.2077,147.8,98.1,0.475
43.86,32110.0,35349.2,0.4492,0.8585,147.8,98.1,0.475
43.88,32299.7,35552.1,1.2215,1.3577,147.8,98.1,0.475
43.9,32264.2,35808.1,1.0771,1.9876,147.8,98.1,0.475
43.92,32314.8,35775.4,1.2831,1.9072,147.8,98.1,0.475
43.94,32158.7,35420.6,0.6475,1.0341,147.8,98.1,0.475
43.96,32101.9,35277.5,0.4163,0.6821,147.8,98.1,0.475
43.98,32078.0,35080.5,0.3188,0.1972,147.8,98.1,0.475
44.0,31986.8,35112.1,-0.0521,0.275,147.8,98.1,0.475
44.02,32090.3,34967.0,0.3692,-0.082,147.8,98.1,0.475
44.04,31990.8,34954.5,-0.0359,-0.1128,147.8,98.1,0.475
44.06,31954.2,34807.4,-0.185,-0.4748,147.8,98.1,0.475
44.08,31899.9,34769.1,-0.4058,-0.5691,147.8,98.1,0.475
44.1,31849.5,34708.6,-0.611,-0.7179,147.8,98.1,0.475
44.12,31871.7,34707.8,-0.5209,-0.7197,147.8,98.1,0.475
44.14,31901.1,34660.6,-0.401,-0.8359,147.8,98.1,0.475
44.16,31836.5,34557.3,-0.6643,-1.0902,147.8,98.1,0.475
44.18,31809.7,34525.9,-0.7731,-1.1675,147.8,98.1,0.475
44.2,31774.0,34385.9,-0.9187,-1.5118,147.8,98.1,0.475
44.22,31806.6,34609.1,-0.7858,-0.9626,147.8,98.1,0.475
44.24,31919.4,34792.9,-0.3264,-0.5104,147.8,98.1,0.475
44.26,32019.7,35230.0,0.0816,0.5652,147.8,98.1,0.475
44.28,32355.3,35428.9,1.4478,1.0544,147.8,98.1,0.475
44.3,32286.4,35709.0,1.1672,1.7436,147.8,98.1,0.475
44.32,32331.4,35710.8,1.3507,1.7481,147.8,98.1,0.475
44.34,32207.9,35570.8,0.8479,1.4035,147.8,98.1,0.475
44.36,32197.3,35314.0,0.8047,0.7717,147.8,98.1,0.475
44.38,32027.6,35129.3,0.114,0.3174,147.8,98.1,0.475
44.4,32028.3,35172.3,0.1167,0.423,147.8,98.1,0.475
44.42,31989.0,35055.7,-0.0435,0.1363,147.8,98.1,0.475
44.44,31956.7,35006.6,-0.1749,0.0153,147.8,98.1,0.475
44.46,31956.5,34867.2,-0.1757,-0.3276,147.8,98.1,0.475
44.48,31932.3,34745.7,-0.274,-0.6265,147.8,98.1,0.475
44.5,31895.7,34784.3,-0.4231,-0.5316,147.8,98.1,0.475
44.52,31903.1,34725.5,-0.3929,-0.6763,147.8,98.1,0.475
44.54,31777.3,34601.8,-0.9049,-0.9806,147.8,98.1,0.475
44.56,31892.5,34614.4,-0.436,-0.9498,147.8,98.1,0.475
44.58,31728.2,34393.6,-1.1047,-1.493,147.8,98.1,0.475
44.6,31802.2,34459.6,-0.8037,-1.3305,147.8,98.1,0.475
44.62,31850.8,34524.5,-0.6059,-1.1709,147.8,98.1,0.475
44.64,31857.4,34827.8,-0.5791,-0.4245,147.8,98.1,0.475
44.66,31975.3,35094.8,-0.0991,0.2325,147.8,98.1,0.475
44.68,32201.3,35579.5,0.8211,1.4251,147.8,98.1,0.475
44.7,32283.6,35835.4,1.1559,2.0548,147.8,98.1,0.475
44.72,32307.2,35739.2,1.2519,1.818,147.8,98.1,0.475
44.74,32231.6,35620.9,0.9443,1.5268,147.8,98.1,0.475
44.76,32242.7,35386.4,0.9894,0.9499,147.8,98.1,0.475
44.78,32057.2,35305.6,0.2343,0.7512,147.8,98.1,0.475
44.8,32000.2,35112.5,0.0025,0.2759,147.8,98.1,0.475
44.82,32040.3,35092.9,0.1655,0.2277,147.8,98.1,0.475
44.84,32038.9,35051.1,0.1597,0.125,147.8,98.1,0.475
44.86,32012.0,34880.2,0.0502,-0.2957,147.8,98.1,0.475
44.88,31861.3,34815.7,-0.5632,-0.4543,147.8,98.1,0.475
44.9,31956.8,34822.7,-0.1745,-0.4371,147.8,98.1,0.475
44.92,31887.0,34645.1,-0.4585,-0.8742,147.8,98.1,0.475
44.94,31846.3,34593.8,-0.6242,-1.0004,147.8,98.1,0.475
44.96,31805.3,34597.2,-0.791,-0.9919,147.8,98.1,0.475
44.98,31855.3,34484.8,-0.5877,-1.2684,147.8,98.1,0.475
45.0,31695.7,34283.0,-1.2374,-1.7651,147.8,98.1,0.475
45.02,31762.3,34553.4,-0.9661,-1.0998,147.8,98.1,0.475
45.04,31856.9,34608.5,-0.5809,-0.9643,147.8,98.1,0.475
45.06,31978.7,34928.8,-0.0852,-0.1761,147.8,98.1,0.475
45.08,32136.6,35447.3,0.5576,1.0997,147.8,98.1,0.475
45.1,32283.4,35644.8,1.1552,1.5857,147.8,98.1,0.475
45.12,32252.7,35838.6,1.03,2.0627,147.8,98.1,0.475
45.14,32228.2,35677.3,0.9305,1.6657,147.8,98.1,0.475
45.16,32265.9,35428.7,1.0837,1.0541,147.8,98.1,0.475
45.18,32157.1,35261.9,0.641,0.6435,147.8,98.1,0.475
45.2,32054.3,35147.0,0.2225,0.3609,147.8,98.1,0.475
45.22,32135.9,35041.9,0.5546,0.1023,147.8,98.1,0.475
45.24,31987.1,35009.0,-0.0511,0.0213,147.8,98.1,0.475
45.26,31941.9,34916.7,-0.2349,-0.2058,147.8,98.1,0.475
45.28,31992.9,34802.9,-0.0272,-0.4857,147.8,98.1,0.475
45.3,31840.0,34667.2,-0.6498,-0.8198,147.8,98.1,0.475
45.32,31884.0,34707.7,-0.4707,-0.7202,147.8,98.1,0.475
45.34,31891.3,34697.4,-0.4411,-0.7454,147.8,98.1,0.475
45.36,31891.8,34651.8,-0.4391,-0.8575,147.8,98.1,0.475
45.38,31847.7,34582.9,-0.6183,-1.027,147.8,98.1,0.475
45.4,31686.8,34475.6,-1.2736,-1.2911,147.8,98.1,0.475
45.42,31833.5,34523.2,-0.6764,-1.174,147.8,98.1,0.475
45.44,31878.5,34601.6,-0.4929,-0.9812,147.8,98.1,0.475
45.46,31996.9,34922.3,-0.0112,-0.192,147.8,98.1,0.475
45.48,32157.4,35247.1,0.6422,0.6073,147.8,98.1,0.475
45.5,32263.6,35633.9,1.0745,1.5589,147.8,98.1,0.475
45.52,32306.7,35758.4,1.25,1.8654,147.8,98.1,0.475
45.54,32313.3,35709.8,1.277,1.7456,147.8,98.1,0.475
45.56,32243.9,35524.1,0.9945,1.2887,147.8,98.1,0.475
45.58,32153.3,35367.5,0.6255,0.9035,147.8,98.1,0.475
45.6,32092.1,35207.3,0.3763,0.5092,147.8,98.1,0.475
45.62,32030.2,35098.9,0.1245,0.2424,147.8,98.1,0.475
45.64,32054.1,35024.7,0.2218,0.0599,147.8,98.1,0.475
45.66,32012.0,35026.9,0.0504,0.0654,147.8,98.1,0.475
45.68,32025.9,34918.9,0.1069,-0.2005,147.8,98.1,0.475
45.7,31921.6,34782.5,-0.3176,-0.5361,147.8,98.1,0.475
45.72,31901.3,34667.1,-0.4002,-0.8199,147.8,98.1,0.475
45.74,31866.4,34719.1,-0.5422,-0.692,147.8,98.1,0.475
45.76,31893.3,34591.7,-0.4329,-1.0054,147.8,98.1,0.475
45.78,31749.5,34586.8,-1.0181,-1.0176,147.8,98.1,0.475
45.8,31800.6,34551.8,-0.8101,-1.1036,147.8,98.1,0.475
45.82,31834.6,34380.6,-0.6717,-1.5249,147.8,98.1,0.475
45.84,31817.3,34562.0,-0.7423,-1.0786,147.8,98.1,0.475
45.86,31896.0,34757.8,-0.4221,-0.5967,147.8,98.1,0.475
45.88,32065.5,35125.5,0.2683,0.308,147.8,98.1,0.475
45.9,32270.4,35525.6,1.102,1.2924,147.8,98.1,0.475
45.92,32255.3,35713.5,1.0406,1.7548,147.8,98.1,0.475
45.94,32330.4,35671.1,1.3463,1.6504,147.8,98.1,0.475
45.96,32315.0,35637.1,1.2838,1.5669,147.8,98.1,0.475
45.98,32095.2,35480.1,0.3889,1.1804,147.8,98.1,0.475
46.0,31998.7,35231.7,-0.0037,0.5694,147.8,98.1,0.475
46.02,31978.9,35102.3,-0.0844,0.2509,147.8,98.1,0.475
46.04,32042.0,35088.2,0.1725,0.2161,147.8,98.1,0.475
46.06,32022.6,35078.1,0.0934,0.1914,147.8,98.1,0.475
46.08,31900.7,34848.4,-0.4027,-0.374,147.8,98.1,0.475
46.1,31861.5,34808.5,-0.5622,-0.472,147.8,98.1,0.475
46.12,31865.4,34685.9,-0.5464,-0.7738,147.8,98.1,0.475
46.14,31800.0,34671.2,-0.8125,-0.81,147.8,98.1,0.475
46.16,31867.4,34593.4,-0.5383,-1.0012,147.8,98.1,0.475
46.18,31760.2,34587.7,-0.9747,-1.0154,147.8,98.1,0.475
46.2,31789.7,34548.3,-0.8546,-1.1122,147.8,98.1,0.475
46.22,31718.5,34489.9,-1.1444,-1.256,147.8,98.1,0.475
46.24,31746.9,34481.4,-1.0287,-1.2769,147.8,98.1,0.475
46.26,31808.0,34733.2,-0.7802,-0.6572,147.8,98.1,0.475
46.28,31982.4,34977.9,-0.07,-0.0551,147.8,98.1,0.475
46.3,32207.0,35410.4,0.8439,1.009,147.8,98.1,0.475
46.32,32325.6,35606.6,1.327,1.4917,147.8,98.1,0.475
46.34,32317.7,35707.0,1.2947,1.7388,147.8,98.1,0.475
46.36,32309.6,35634.8,1.262,1.5611,147.8,98.1,0.475
46.38,32185.3,35388.2,0.7558,0.9543,147.8,98.1,0.475
46.4,32068.4,35299.8,0.2798,0.7369,147.8,98.1,0.475
46.42,32043.6,35160.8,0.179,0.3948,147.8,98.1,0.475
46.44,31950.8,35008.0,-0.1989,0.019,147.8,98.1,0.475
46.46,32043.2,34906.4,0.1772,-0.2312,147.8,98.1,0.475
46.48,31971.3,34920.7,-0.1151,-0.196,147.8,98.1,0.475
46.5,31900.7,34783.2,-0.4028,-0.5343,147.8,98.1,0.475
46.52,31847.0,34734.8,-0.6213,-0.6535,147.8,98.1,0.475
46.54,31866.1,34740.8,-0.5436,-0.6385,147.8,98.1,0.475
46.56,32039.3,34745.9,0.1617,-0.6261,147.8,98.1,0.475
46.58,31828.4,34575.9,-0.6972,-1.0443,147.8,98.1,0.475
46.6,31868.8,34525.0,-0.5324,-1.1695,147.8,98.1,0.475
46.62,31816.6,34524.7,-0.7449,-1.1703,147.8,98.1,0.475
46.64,31764.2,34403.3,-0.9584,-1.4692,147.8,98.1,0.475
46.66,31821.7,34595.0,-0.7242,-0.9974,147.8,98.1,0.475
46.68,31929.9,34746.9,-0.284,-0.6237,147.8,98.1,0.475
46.7,32214.3,35233.3,0.8738,0.5733,147.8,98.1,0.475
46.72,32237.9,35655.5,0.9699,1.6122,147.8,98.1,0.475
46.74,32357.1,35816.2,1.4552,2.0074,147.8,98.1,0.475
46.76,32359.8,35768.0,1.4662,1.8888,147.8,98.1,0.475
46.78,32234.1,35485.6,0.9544,1.194,147.8,98.1,0.475
46.8,32099.5,35282.7,0.4066,0.6948,147.8,98.1,0.475
46.82,31993.2,35096.9,-0.0264,0.2376,147.8,98.1,0.475
46.84,32035.8,35123.3,0.1474,0.3025,147.8,98.1,0.475
46.86,31996.8,34984.9,-0.0115,-0.0381,147.8,98.1,0.475
46.88,31951.3,35058.5,-0.1969,0.1431,147.8,98.1,0.475
46.9,31981.9,34826.3,-0.072,-0.4283,147.8,98.1,0.475
46.92,31855.6,34710.7,-0.5861,-0.7128,147.8,98.1,0.475
46.94,31727.9,34679.0,-1.106,-0.7907,147.8,98.1,0.475
46.96,31896.4,34648.0,-0.4202,-0.867,147.8,98.1,0.475
46.98,31918.9,34726.7,-0.3287,-0.6732,147.8,98.1,0.475
47.0,31781.6,34640.3,-0.8877,-0.886,147.8,98.1,0.475
47.02,31804.9,34571.3,-0.7925,-1.0558,147.8,98.1,0.475
47.04,31917.9,34490.0,-0.3328,-1.2557,147.8,98.1,0.475
47.06,31843.9,34522.4,-0.6341,-1.1761,147.8,98.1,0.475
47.08,31883.0,34848.7,-0.4747,-0.3731,147.8,98.1,0.475
47.1,32022.2,35138.9,0.0918,0.341,147.8,98.1,0.475
47.12,32259.8,35539.5,1.0589,1.3267,147.8,98.1,0.475
47.14,32388.8,35747.5,1.5843,1.8386,147.8,98.1,0.475
47.16,32347.0,35760.2,1.4139,1.8696,147.8,98.1,0.475
47.18,32309.9,35625.9,1.2629,1.5393,147.8,98.1,0.475
47.2,32136.2,35356.1,0.5561,0.8754,147.8,98.1,0.475
47.22,32091.0,35214.6,0.372,0.5271,147.8,98.1,0.475
47.24,32018.6,35111.0,0.0774,0.2724,147.8,98.1,0.475
47.26,32036.0,35121.9,0.1481,0.2991,147.8,98.1,0.475
47.28,31969.4,35038.8,-0.1232,0.0947,147.8,98.1,0.475
47.3,31956.7,34913.6,-0.1749,-0.2135,147.8,98.1,0.475
47.32,31904.3,34778.5,-0.3879,-0.5458,147.8,98.1,0.475
47.34,31874.3,34700.0,-0.5102,-0.739,147.8,98.1,0.475
47.36,31886.9,34717.4,-0.4588,-0.6962,147.8,98.1,0.475
47.38,31849.1,34709.6,-0.6129,-0.7155,147.8,98.1,0.475
47.4,31818.8,34624.6,-0.7361,-0.9246,147.8,98.1,0.475
47.42,31904.9,34486.9,-0.3854,-1.2633,147.8,98.1,0.475
47.44,31793.7,34419.5,-0.8382,-1.4292,147.8,98.1,0.475
47.46,31780.5,34479.0,-0.8922,-1.2829,147.8,98.1,0.475
47.48,31896.0,34633.0,-0.4217,-0.9038,147.8,98.1,0.475
47.5,32037.3,35026.6,0.1532,0.0647,147.8,98.1,0.475
47.52,32175.0,35341.3,0.714,0.8389,147.8,98.1,0.475
47.54,32360.1,35599.7,1.4674,1.4748,147.8,98.1,0.475
47.56,32245.9,35712.4,1.0026,1.752,147.8,98.1,0.475
47.58,32277.6,35602.8,1.1317,1.4824,147.8,98.1,0.475
47.6,32234.5,35546.4,0.9559,1.3436,147.8,98.1,0.475
47.62,32191.6,35278.2,0.7813,0.6836,147.8,98.1,0.475
47.64,32088.8,35144.9,0.363,0.3556,147.8,98.1,0.475
47.66,32092.6,35048.7,0.3783,0.119,147.8,98.1,0.475
47.68,31953.8,35033.0,-0.1866,0.0804,147.8,98.1,0.475
47.7,31891.9,34966.9,-0.4387,-0.0823,147.8,98.1,0.475
47.72,31955.9,34808.0,-0.1781,-0.4733,147.8,98.1,0.475
47.74,31878.9,34742.5,-0.4916,-0.6345,147.8,98.1,0.475
47.76,31850.8,34733.9,-0.6059,-0.6555,147.8,98.1,0.475
47.78,31799.4,34631.9,-0.8151,-0.9066,147.8,98.1,0.475
47.8,31870.1,34567.1,-0.5275,-1.0661,147.8,98.1,0.475
47.82,31786.9,34561.1,-0.866,-1.0807,147.8,98.1,0.475
47.84,31863.7,34397.2,-0.5534,-1.4841,147.8,98.1,0.475
47.86,31782.0,34462.1,-0.8858,-1.3245,147.8,98.1,0.475
47.88,31958.6,34613.3,-0.1669,-0.9523,147.8,98.1,0.475
47.9,32005.6,34953.8,0.0242,-0.1146,147.8,98.1,0.475
47.92,32201.4,35276.6,0.8212,0.6798,147.8,98.1,0.475
47.94,32275.1,35705.4,1.1215,1.7349,147.8,98.1,0.475
47.96,32300.4,35754.2,1.2244,1.8549,147.8,98.1,0.475
47.98,32268.0,35739.2,1.0923,1.818,147.8,98.1,0.475
48.0,32174.5,35467.1,0.712,1.1486,147.8,98.1,0.475
48.02,32074.9,35195.4,0.3066,0.48,147.8,98.1,0.475
48.04,32020.2,35173.4,0.0839,0.4258,147.8,98.1,0.475
48.06,32104.3,35166.7,0.426,0.4092,147.8,98.1,0.475
48.08,32093.5,35004.6,0.382,0.0105,147.8,98.1,0.475
48.1,32030.3,34955.2,0.1248,-0.1109,147.8,98.1,0.475
48.12,31939.1,34866.3,-0.2464,-0.3298,147.8,98.1,0.475
48.14,31905.9,34941.6,-0.3815,-0.1445,147.8,98.1,0.475
48.16,31919.5,34619.4,-0.3261,-0.9373,147.8,98.1,0.475
48.18,31835.2,34655.7,-0.6694,-0.8479,147.8,98.1,0.475
48.2,31920.0,34528.9,-0.3242,-1.1599,147.8,98.1,0.475
48.22,31811.1,34592.9,-0.7676,-1.0025,147.8,98.1,0.475
48.24,31764.0,34595.7,-0.9591,-0.9956,147.8,98.1,0.475
48.26,31709.5,34452.5,-1.1809,-1.348,147.8,98.1,0.475
48.28,31803.7,34520.8,-0.7977,-1.18,147.8,98.1,0.475
48.3,31934.9,34868.4,-0.2636,-0.3247,147.8,98.1,0.475
48.32,32178.6,35243.7,0.7285,0.5987,147.8,98.1,0.475
48.34,32184.7,35405.2,0.7535,0.9962,147.8,98.1,0.475
48.36,32327.0,35691.9,1.3325,1.7017,147.8,98.1,0.475
48.38,32248.6,35694.6,1.0134,1.7083,147.8,98.1,0.475
48.4,32276.7,35571.4,1.1278,1.4052,147.8,98.1,0.475
48.42,32135.7,35325.3,0.5538,0.7996,147.8,98.1,0.475
48.44,32030.0,35235.7,0.1238,0.579,147.8,98.1,0.475
48.46,32014.0,35145.4,0.0583,0.3569,147.8,98.1,0.475
48.48,32031.1,34981.8,0.1282,-0.0457,147.8,98.1,0.475
48.5,31984.1,34975.8,-0.0634,-0.0603,147.8,98.1,0.475
48.52,31939.1,34878.0,-0.2466,-0.301,147.8,98.1,0.475
48.54,31979.4,34775.9,-0.0824,-0.5522,147.8,98.1,0.475
48.56,31900.2,34769.8,-0.4047,-0.5673,147.8,98.1,0.475
48.58,31914.0,34711.2,-0.3487,-0.7114,147.8,98.1,0.475
48.6,31887.4,34649.1,-0.4567,-0.8642,147.8,98.1,0.475
48.62,31857.3,34582.7,-0.5795,-1.0277,147.8,98.1,0.475
48.64,31811.6,34501.0,-0.7652,-1.2287,147.8,98.1,0.475
48.66,31688.1,34465.1,-1.2681,-1.3171,147.8,98.1,0.475
48.68,31807.2,34508.0,-0.7835,-1.2114,147.8,98.1,0.475
48.7,31937.7,34752.3,-0.2522,-0.6104,147.8,98.1,0.475
48.72,32165.7,35058.2,0.6758,0.1424,147.8,98.1,0.475
48.74,32219.8,35488.3,0.8962,1.2008,147.8,98.1,0.475
48.76,32289.6,35758.5,1.1803,1.8655,147.8,98.1,0.475
48.78,32317.5,35923.0,1.2939,2.2702,147.8,98.1,0.475
48.8,32199.9,35630.4,0.8151,1.5502,147.8,98.1,0.475
48.82,32219.8,35360.6,0.8962,0.8864,147.8,98.1,0.475
48.84,32143.4,35211.7,0.5854,0.52,147.8,98.1,0.475
48.86,32063.0,35148.2,0.2581,0.3638,147.8,98.1,0.475
48.88,32065.7,35070.1,0.2689,0.1716,147.8,98.1,0.475
48.9,32048.7,35041.7,0.1996,0.1017,147.8,98.1,0.475
48.92,31995.3,34856.0,-0.0176,-0.3552,147.8,98.1,0.475
48.94,31929.7,34866.2,-0.2848,-0.3301,147.8,98.1,0.475
48.96,31871.5,34673.2,-0.5215,-0.805,147.8,98.1,0.475
48.98,31858.4,34691.5,-0.5749,-0.7599,147.8,98.1,0.475
49.0,31869.2,34590.1,-0.5308,-1.0093,147.8,98.1,0.475
49.02,31789.0,34575.7,-0.8572,-1.0449,147.8,98.1,0.475
49.04,31869.9,34450.6,-0.5283,-1.3526,147.8,98.1,0.475
49.06,31746.7,34454.9,-1.0298,-1.342,147.8,98.1,0.475
49.08,31765.0,34421.9,-0.955,-1.4232,147.8,98.1,0.475
49.1,31837.5,34652.6,-0.6601,-0.8557,147.8,98.1,0.475
49.12,31949.4,35066.6,-0.2045,0.163,147.8,98.1,0.475
49.14,32184.2,35375.4,0.7515,0.9229,147.8,98.1,0.475
49.16,32264.2,35573.2,1.0769,1.4096,147.8,98.1,0.475
49.18,32361.2,35758.4,1.4717,1.8652,147.8,98.1,0.475
49.2,32248.0,35634.0,1.011,1.5591,147.8,98.1,0.475
49.22,32238.6,35453.5,0.9727,1.1149,147.8,98.1,0.475
49.24,32060.8,35265.9,0.2489,0.6533,147.8,98.1,0.475
49.26,32126.3,35067.3,0.5156,0.1647,147.8,98.1,0.475
49.28,31997.1,35043.9,-0.0104,0.1073,147.8,98.1,0.475
49.3,31946.1,35066.1,-0.218,0.1619,147.8,98.1,0.475
49.32,32052.2,34950.3,0.2141,-0.123,147.8,98.1,0.475
49.34,31936.7,34819.0,-0.2563,-0.4462,147.8,98.1,0.475
49.36,31827.5,34698.8,-0.7008,-0.7421,147.8,98.1,0.475
49.38,31818.6,34642.2,-0.7369,-0.8813,147.8,98.1,0.475
49.4,31855.5,34700.0,-0.5868,-0.739,147.8,98.1,0.475
49.42,31846.5,34639.6,-0.6232,-0.8877,147.8,98.1,0.475
49.44,31769.7,34514.0,-0.9359,-1.1967,147.8,98.1,0.475
49.46,31787.1,34481.6,-0.8653,-1.2765,147.8,98.1,0.475
49.48,31778.4,34542.6,-0.9006,-1.1264,147.8,98.1,0.475
49.5,31844.2,34542.3,-0.6328,-1.1272,147.8,98.1,0.475
49.52,32038.9,34797.8,0.16,-0.4983,147.8,98.1,0.475
49.54,32133.9,35218.3,0.5464,0.5364,147.8,98.1,0.475
49.56,32256.4,35561.7,1.0451,1.3812,147.8,98.1,0.475
49.58,32363.4,35777.1,1.4806,1.9113,147.8,98.1,0.475
49.6,32346.7,35699.2,1.4128,1.7195,147.8,98.1,0.475
49.62,32239.6,35524.6,0.9767,1.29,147.8,98.1,0.475
49.64,32162.9,35441.1,0.6647,1.0844,147.8,98.1,0.475
49.66,32100.0,35095.3,0.4086,0.2336,147.8,98.1,0.475
49.68,31994.5,35148.7,-0.0209,0.365,147.8,98.1,0.475
49.7,31952.5,35050.9,-0.1918,0.1244,147.8,98.1,0.475
49.72,31971.6,35048.8,-0.1143,0.1193,147.8,98.1,0.475
49.74,31968.1,34925.8,-0.1285,-0.1834,147.8,98.1,0.475
49.76,31859.5,34745.5,-0.5705,-0.627,147.8,98.1,0.475
49.78,31848.9,34713.9,-0.6135,-0.7048,147.8,98.1,0.475
49.8,31924.0,34712.9,-0.3077,-0.7072,147.8,98.1,0.475
49.82,31810.5,34650.5,-0.7697,-0.8608,147.8,98.1,0.475
49.84,31906.9,34555.5,-0.3775,-1.0946,147.8,98.1,0.475
49.86,31742.9,34554.6,-1.0449,-1.0967,147.8,98.1,0.475
49.88,31752.1,34460.7,-1.0077,-1.3279,147.8,98.1,0.475
49.9,31778.9,34483.1,-0.8986,-1.2727,147.8,98.1,0.475
49.92,31849.2,34802.8,-0.6125,-0.4861,147.8,98.1,0.475
49.94,32064.7,35114.3,0.265,0.2803,147.8,98.1,0.475
49.96,32244.2,35544.3,0.9955,1.3385,147.8,98.1,0.475
49.98,32285.0,35700.1,1.1618,1.7219,147.8,98.1,0.475
50.0,32331.5,35789.7,1.351,1.9422,147.8,98.1,0.475
50.02,32232.2,35567.2,0.9468,1.3947,147.7,98.1,0.476
50.04,32178.4,35390.1,0.7279,0.959,147.7,98.1,0.477
50.06,32041.2,35292.3,0.1693,0.7183,147.7,98.1,0.477
50.08,32113.8,35132.9,0.4649,0.3263,147.7,98.1,0.478
50.1,32024.1,35094.6,0.0995,0.2319,147.7,98.0,0.478
50.12,32016.7,35043.5,0.0693,0.1062,147.6,98.0,0.479
50.14,31962.9,34930.7,-0.1495,-0.1713,147.6,98.0,0.48
50.16,31882.7,34764.4,-0.4759,-0.5804,147.6,98.0,0.48
50.18,31877.6,34658.0,-0.4967,-0.8424,147.6,98.0,0.481
50.2,31923.6,34614.2,-0.3096,-0.9501,147.5,98.0,0.482
50.22,31857.0,34667.8,-0.5805,-0.8183,147.5,97.9,0.482
50.24,31850.3,34582.1,-0.608,-1.029,147.5,97.9,0.483
50.26,31716.9,34511.1,-1.1508,-1.2038,147.5,97.9,0.484
50.28,31794.9,34365.4,-0.8334,-1.5622,147.4,97.9,0.484
50.3,31855.8,34483.8,-0.5855,-1.2711,147.4,97.9,0.485
50.32,31863.5,34658.0,-0.5542,-0.8422,147.4,97.9,0.485
50.34,31974.1,35072.1,-0.1039,0.1765,147.4,97.8,0.486
50.36,32169.8,35410.2,0.6925,1.0085,147.3,97.8,0.487
50.38,32221.4,35813.9,0.9028,2.0017,147.3,97.8,0.487
50.4,32408.3,35776.1,1.6635,1.9089,147.3,97.8,0.488
50.42,32306.3,35632.2,1.2482,1.5547,147.3,97.8,0.489
50.44,32244.3,35466.1,0.9959,1.1459,147.2,97.8,0.489
50.46,32193.8,35257.3,0.7903,0.6323,147.2,97.8,0.49
50.48,32019.0,35244.5,0.079,0.6008,147.2,97.7,0.491
50.5,32010.7,35127.6,0.0452,0.3132,147.2,97.7,0.491
50.52,31935.7,35014.0,-0.2601,0.0336,147.1,97.7,0.492
50.54,31990.5,34935.7,-0.0371,-0.1589,147.1,97.7,0.493
50.56,32028.4,34771.5,0.117,-0.5631,147.1,97.7,0.493
50.58,31944.9,34681.3,-0.2229,-0.7849,147.1,97.7,0.494
50.6,31870.1,34632.1,-0.5273,-0.906,147.1,97.6,0.494
50.62,31862.2,34748.4,-0.5595,-0.62,147.0,97.6,0.495
50.64,31941.5,34577.6,-0.2366,-1.0401,147.0,97.6,0.496
50.66,31794.8,34555.9,-0.8339,-1.0936,147.0,97.6,0.496
50.68,31791.3,34495.6,-0.8481,-1.2419,147.0,97.6,0.497
50.7,31796.0,34465.7,-0.8288,-1.3155,146.9,97.6,0.498
50.72,31809.7,34534.7,-0.773,-1.1457,146.9,97.5,0.498
50.74,31872.6,34903.5,-0.5172,-0.2384,146.9,97.5,0.499
50.76,32172.2,35278.0,0.7026,0.6831,146.9,97.5,0.5
50.78,32374.9,35567.6,1.5275,1.3959,146.8,97.5,0.5
50.8,32454.1,35751.5,1.8501,1.8484,146.8,97.5,0.501
50.82,32295.9,35788.6,1.2059,1.9396,146.8,97.5,0.501
50.84,32267.7,35490.2,1.0911,1.2053,146.8,97.4,0.502
50.86,32120.8,35390.9,0.493,0.9611,146.7,97.4,0.503
50.88,32079.2,35206.1,0.3239,0.5063,146.7,97.4,0.503
50.9,31924.4,35080.7,-0.3063,0.1976,146.7,97.4,0.504
50.92,32083.4,34999.3,0.3412,-0.0025,146.7,97.4,0.505
50.94,31992.1,34939.9,-0.0305,-0.1486,146.6,97.4,0.505
50.96,31927.8,34883.6,-0.2923,-0.2871,146.6,97.4,0.506
50.98,31830.5,34815.6,-0.6886,-0.4545,146.6,97.3,0.507
51.0,31860.2,34778.1,-0.5675,-0.5468,146.6,97.3,0.507
51.02,31852.9,34699.5,-0.5973,-0.7401,146.5,97.3,0.508
51.04,31867.9,34624.7,-0.5363,-0.9243,146.5,97.3,0.509
51.06,31712.0,34552.6,-1.1709,-1.1017,146.5,97.3,0.509
51.08,31752.1,34561.3,-1.0078,-1.0802,146.5,97.3,0.51
51.1,31776.7,34461.1,-0.9075,-1.3268,146.5,97.2,0.51
51.12,31824.5,34473.2,-0.713,-1.2971,146.4,97.2,0.511
51.14,31912.3,34668.1,-0.3555,-0.8175,146.4,97.2,0.512
51.16,32004.8,34979.9,0.0208,-0.0503,146.4,97.2,0.512
51.18,32172.2,35471.6,0.7025,1.1596,146.4,97.2,0.513
51.2,32377.5,35747.3,1.5383,1.8379,146.3,97.2,0.514
51.22,32285.3,35784.4,1.1629,1.9293,146.3,97.1,0.514
51.24,32303.5,35670.9,1.2368,1.65,146.3,97.1,0.515
51.26,32160.7,35440.5,0.6555,1.0831,146.3,97.1,0.516
51.28,32129.6,35261.3,0.5292,0.6422,146.2,97.1,0.516
51.3,32022.2,35127.8,0.0918,0.3136,146.2,97.1,0.517
51.32,32020.8,35084.0,0.0861,0.2059,146.2,97.1,0.517
51.34,32039.3,35142.0,0.1614,0.3485,146.2,97.0,0.518
51.36,31920.7,34833.1,-0.3213,-0.4115,146.1,97.0,0.519
51.38,31906.7,34761.1,-0.3782,-0.5886,146.1,97.0,0.519
51.4,31819.8,34697.0,-0.7319,-0.7464,146.1,97.0,0.52
51.42,31856.3,34792.7,-0.5834,-0.511,146.1,97.0,0.521
51.44,31876.6,34657.4,-0.5007,-0.8439,146.0,97.0,0.521
51.46,31777.7,34602.9,-0.9036,-0.978,146.0,97.0,0.522
51.48,31869.0,34654.5,-0.5317,-0.851,146.0,96.9,0.523
51.5,31690.3,34440.3,-1.2591,-1.3779,146.0,96.9,0.523
51.52,31824.8,34467.5,-0.7117,-1.311,145.9,96.9,0.524
51.54,31784.6,34633.3,-0.8755,-0.9032,145.9,96.9,0.525
51.56,31981.5,34865.9,-0.0738,-0.3307,145.9,96.9,0.525
51.58,32065.2,35234.4,0.2668,0.576,145.9,96.9,0.526
51.6,32300.7,35598.9,1.2256,1.4728,145.9,96.8,0.526
51.62,32335.1,35736.2,1.3655,1.8106,145.8,96.8,0.527
51.64,32383.9,35676.3,1.5641,1.6633,145.8,96.8,0.528
51.66,32309.4,35560.0,1.2609,1.3771,145.8,96.8,0.528
51.68,32202.2,35306.3,0.8247,0.7528,145.8,96.8,0.529
51.7,32070.0,35239.8,0.2864,0.5892,145.7,96.8,0.53
51.72,31980.0,35143.1,-0.08,0.3513,145.7,96.7,0.53
51.74,32024.2,35038.9,0.1002,0.095,145.7,96.7,0.531
51.76,31987.3,35057.5,-0.0501,0.1407,145.7,96.7,0.532
51.78,31988.9,34922.0,-0.0435,-0.1928,145.6,96.7,0.532
51.8,31924.3,34738.5,-0.3068,-0.6442,145.6,96.7,0.533
51.82,31850.2,34695.9,-0.6082,-0.7492,145.6,96.7,0.533
51.84,31912.4,34606.5,-0.3552,-0.9692,145.6,96.6,0.534
51.86,31809.7,34615.6,-0.7733,-0.9466,145.5,96.6,0.535
51.88,31859.7,34661.2,-0.5695,-0.8345,145.5,96.6,0.535
51.9,31823.7,34483.6,-0.7161,-1.2714,145.5,96.6,0.536
51.92,31695.2,34488.3,-1.2391,-1.26,145.5,96.6,0.537
51.94,31737.9,34524.2,-1.0654,-1.1716,145.4,96.6,0.537
51.96,31910.6,34762.3,-0.3626,-0.5857,145.4,96.6,0.538
51.98,31957.1,35018.5,-0.1731,0.0446,145.4,96.5,0.539
52.0,32194.0,35473.7,0.7913,1.1647,145.4,96.5,0.539
52.02,32417.2,35692.5,1.6998,1.7032,145.3,96.5,0.54
52.04,32393.8,35716.0,1.6045,1.7609,145.3,96.5,0.541
52.06,32240.1,35612.2,0.9791,1.5055,145.3,96.5,0.541
52.08,32124.3,35373.5,0.5074,0.9181,145.3,96.5,0.542
52.1,32187.6,35285.0,0.7651,0.7005,145.3,96.4,0.542
52.12,32206.7,35129.5,0.843,0.3178,145.2,96.4,0.543
52.14,32085.7,35111.8,0.3504,0.2741,145.2,96.4,0.544
52.16,32004.5,34978.7,0.0198,-0.0531,145.2,96.4,0.544
52.18,32048.6,34948.1,0.1992,-0.1285,145.2,96.4,0.545
52.2,31997.0,34824.9,-0.0109,-0.4317,145.1,96.4,0.546
52.22,31821.7,34715.3,-0.7243,-0.7013,145.1,96.3,0.546
52.24,31899.7,34781.7,-0.4069,-0.5379,145.1,96.3,0.547
52.26,31755.0,34595.2,-0.9956,-0.9968,145.1,96.3,0.548
52.28,31790.9,34649.6,-0.8499,-0.8631,145.0,96.3,0.548
52.3,31772.6,34511.5,-0.9243,-1.2029,145.0,96.3,0.549
52.32,31819.1,34526.4,-0.735,-1.1661,145.0,96.3,0.549
52.34,31783.0,34483.8,-0.8819,-1.2709,145.0,96.2,0.55
52.36,31792.4,34521.3,-0.8435,-1.1787,144.9,96.2,0.551
52.38,31900.1,34740.7,-0.4052,-0.639,144.9,96.2,0.551
52.4,32128.8,35029.8,0.5258,0.0724,144.9,96.2,0.552
52.42,32203.3,35478.1,0.8293,1.1756,144.9,96.2,0.553
52.44,32354.0,35695.2,1.4425,1.7099,144.8,96.2,0.553
52.46,32345.2,35701.5,1.4068,1.7253,144.8,96.2,0.554
52.48,32267.6,35609.6,1.0906,1.4991,144.8,96.1,0.555
52.5,32261.4,35372.7,1.0657,0.9162,144.8,96.1,0.555
52.52,32120.1,35223.5,0.4904,0.5491,144.7,96.1,0.556
52.54,32048.0,35050.6,0.1968,0.1236,144.7,96.1,0.557
52.56,32166.1,34951.7,0.6774,-0.1197,144.7,96.1,0.557
52.58,31991.8,35008.4,-0.032,0.0198,144.7,96.1,0.558
52.6,31978.7,34900.3,-0.0852,-0.2463,144.7,96.0,0.558
52.62,31821.3,34838.0,-0.7259,-0.3995,144.6,96.0,0.559
52.64,31823.3,34578.1,-0.7177,-1.039,144.6,96.0,0.56
52.66,31847.2,34697.1,-0.6205,-0.7463,144.6,96.0,0.56
52.68,31870.7,34583.3,-0.5249,-1.0262,144.6,96.0,0.561
52.7,31754.9,34556.0,-0.9964,-1.0934,144.5,96.0,0.562
52.72,31685.5,34553.4,-1.2788,-1.0997,144.5,95.9,0.562
52.74,31659.1,34514.1,-1.3863,-1.1965,144.5,95.9,0.563
52.76,31773.8,34435.6,-0.9192,-1.3896,144.5,95.9,0.564
52.78,31772.0,34585.1,-0.9268,-1.0218,144.4,95.9,0.564
52.8,31924.8,34904.4,-0.3046,-0.2361,144.4,95.9,0.565
52.82,32118.0,35235.1,0.4817,0.5777,144.4,95.9,0.565
52.84,32252.7,35598.4,1.0303,1.4716,144.4,95.8,0.566
52.86,32350.6,35705.6,1.4286,1.7353,144.3,95.8,0.567
52.88,32346.9,35776.9,1.4137,1.9107,144.3,95.8,0.567
52.9,32266.1,35635.6,1.0848,1.5631,144.3,95.8,0.568
52.92,32221.2,35440.3,0.9019,1.0826,144.3,95.8,0.569
52.94,32148.9,35195.0,0.6078,0.479,144.2,95.8,0.569
52.96,31999.7,35109.0,0.0002,0.2675,144.2,95.8,0.57
52.98,32073.2,35074.2,0.2995,0.1818,144.2,95.7,0.571
53.0,31941.1,34927.4,-0.2383,-0.1796,144.2,95.7,0.571
53.02,31921.7,34977.9,-0.3173,-0.0553,144.1,95.7,0.572
53.04,31839.4,34836.3,-0.6522,-0.4037,144.1,95.7,0.573
53.06,31843.1,34687.1,-0.6371,-0.7709,144.1,95.7,0.573
53.08,31819.6,34645.5,-0.733,-0.873,144.1,95.7,0.574
53.1,31855.4,34643.0,-0.587,-0.8794,144.1,95.6,0.574
53.12,31827.8,34675.2,-0.6996,-0.8001,144.0,95.6,0.575
53.14,31837.4,34544.4,-0.6604,-1.1219,144.0,95.6,0.576
53.16,31733.3,34522.8,-1.0842,-1.1749,144.0,95.6,0.576
53.18,31789.8,34485.6,-0.8541,-1.2665,144.0,95.6,0.577
53.2,31861.7,34668.9,-0.5617,-0.8155,143.9,95.6,0.578
53.22,31965.5,34934.3,-0.1391,-0.1624,143.9,95.5,0.578
53.24,32181.5,35302.1,0.7405,0.7424,143.9,95.5,0.579
53.26,32325.6,35608.2,1.3268,1.4958,143.9,95.5,0.58
53.28,32334.2,35759.5,1.3618,1.868,143.8,95.5,0.58
53.3,32396.6,35680.1,1.6158,1.6727,143.8,95.5,0.581
53.32,32206.5,35480.1,0.842,1.1804,143.8,95.5,0.581
53.34,32105.3,35304.5,0.4301,0.7485,143.8,95.4,0.582
53.36,32078.8,35171.0,0.3224,0.4199,143.7,95.4,0.583
53.38,32033.3,35048.4,0.1372,0.1183,143.7,95.4,0.583
53.4,32006.9,35016.0,0.0295,0.0385,143.7,95.4,0.584
53.42,32077.4,34987.2,0.3165,-0.0324,143.7,95.4,0.585
53.44,31888.6,34960.5,-0.4521,-0.098,143.6,95.4,0.585
53.46,31893.3,34831.4,-0.4327,-0.4156,143.6,95.4,0.586
53.48,31930.6,34569.0,-0.2808,-1.0613,143.6,95.3,0.587
53.5,31802.5,34656.1,-0.8025,-0.8469,143.6,95.3,0.587
53.52,31822.4,34607.0,-0.7217,-0.9679,143.5,95.3,0.588
53.54,31783.7,34628.4,-0.879,-0.9152,143.5,95.3,0.589
53.56,31725.7,34478.2,-1.1152,-1.2846,143.5,95.3,0.589
53.58,31771.2,34570.8,-0.9298,-1.057,143.5,95.3,0.59
53.6,31760.4,34469.1,-0.9738,-1.3071,143.5,95.2,0.59
53.62,31807.8,34657.0,-0.7809,-0.8448,143.4,95.2,0.591
53.64,31959.2,34999.5,-0.1644,-0.0022,143.4,95.2,0.592
53.66,32229.0,35403.8,0.9335,0.9928,143.4,95.2,0.592
53.68,32327.9,35667.3,1.3364,1.6412,143.4,95.2,0.593
53.7,32485.7,35793.1,1.9787,1.9507,143.3,95.2,0.594
53.72,32367.9,35735.4,1.4991,1.8087,143.3,95.1,0.594
53.74,32221.7,35460.3,0.904,1.1318,143.3,95.1,0.595
53.76,32156.1,35334.2,0.6371,0.8215,143.3,95.1,0.596
53.78,32146.8,35139.0,0.5989,0.3411,143.2,95.1,0.596
53.8,32068.0,35106.6,0.2785,0.2614,143.2,95.1,0.597
53.82,31971.4,35095.1,-0.1151,0.2331,143.2,95.1,0.597
53.84,31960.8,34984.8,-0.1582,-0.0381,143.2,95.0,0.598
53.86,31945.1,34846.0,-0.2219,-0.3797,143.1,95.0,0.599
53.88,31884.2,34834.6,-0.47,-0.4079,143.1,95.0,0.599
53.9,31808.5,34707.7,-0.7781,-0.7201,143.1,95.0,0.6
53.92,31853.2,34610.0,-0.5962,-0.9604,143.1,95.0,0.601
53.94,31808.8,34627.9,-0.777,-0.9163,143.0,95.0,0.601
53.96,31750.2,34605.9,-1.0155,-0.9705,143.0,95.0,0.602
53.98,31832.7,34485.0,-0.6796,-1.2681,143.0,94.9,0.603
54.0,31734.4,34415.9,-1.0796,-1.438,143.0,94.9,0.603
54.02,31750.9,34485.1,-1.0124,-1.2677,142.9,94.9,0.604
54.04,31777.1,34676.8,-0.9057,-0.7962,142.9,94.9,0.605
54.06,32034.5,34978.3,0.142,-0.0543,142.9,94.9,0.605
54.08,32279.3,35331.2,1.1385,0.8141,142.9,94.9,0.606
54.1,32355.6,35657.5,1.4491,1.6169,142.9,94.8,0.606
54.12,32503.3,35750.9,2.0504,1.8467,142.8,94.8,0.607
54.14,32421.6,35679.3,1.7176,1.6707,142.8,94.8,0.608
54.16,32349.5,35604.5,1.4243,1.4867,142.8,94.8,0.608
54.18,32167.1,35346.2,0.6815,0.8511,142.8,94.8,0.609
54.2,32144.1,35179.0,0.5881,0.4397,142.7,94.8,0.61
54.22,32088.5,35164.9,0.3616,0.405,142.7,94.7,0.61
54.24,32076.6,35076.8,0.3133,0.1882,142.7,94.7,0.611
54.26,32007.1,35026.1,0.0304,0.0633,142.7,94.7,0.612
54.28,32039.0,34817.5,0.1602,-0.4498,142.6,94.7,0.612
54.3,31907.6,34799.6,-0.3748,-0.494,142.6,94.7,0.613
54.32,31829.7,34686.9,-0.6917,-0.7712,142.6,94.7,0.613
54.34,31883.8,34606.3,-0.4714,-0.9697,142.6,94.6,0.614
54.36,31754.8,34608.6,-0.9966,-0.9638,142.5,94.6,0.615
54.38,31827.2,34605.0,-0.7018,-0.9727,142.5,94.6,0.615
54.4,31770.9,34614.4,-0.9312,-0.9496,142.5,94.6,0.616
54.42,31603.6,34547.2,-1.612,-1.115,142.5,94.6,0.617
54.44,31627.3,34469.0,-1.5156,-1.3073,142.4,94.6,0.617
54.46,31850.5,34620.3,-0.6071,-0.9351,142.4,94.6,0.618
54.48,32006.7,34987.2,0.0288,-0.0324,142.4,94.5,0.619
54.5,32192.2,35307.7,0.7838,0.7564,142.4,94.5,0.619
54.52,32261.2,35760.4,1.0647,1.8702,142.3,94.5,0.62
54.54,32360.5,35728.6,1.4691,1.7919,142.3,94.5,0.621
54.56,32293.5,35630.4,1.1961,1.5503,142.3,94.5,0.621
54.58,32286.5,35456.3,1.1676,1.1219,142.3,94.5,0.622
54.6,32152.7,35342.0,0.623,0.8406,142.3,94.4,0.622
54.62,32128.8,35112.3,0.5258,0.2754,142.2,94.4,0.623
54.64,32038.4,35149.6,0.1579,0.3673,142.2,94.4,0.624
54.66,32134.9,35112.8,0.5507,0.2767,142.2,94.4,0.624
54.68,32035.2,34995.6,0.1447,-0.0117,142.2,94.4,0.625
54.7,31863.5,34931.6,-0.5541,-0.1691,142.1,94.4,0.626
54.72,31910.8,34735.2,-0.3618,-0.6524,142.1,94.3,0.626
54.74,31804.9,34696.1,-0.7926,-0.7487,142.1,94.3,0.627
54.76,31887.3,34704.6,-0.4571,-0.7276,142.1,94.3,0.628
54.78,31835.0,34686.3,-0.6703,-0.7728,142.0,94.3,0.628
54.8,31809.4,34563.3,-0.7742,-1.0753,142.0,94.3,0.629
54.82,31649.3,34610.8,-1.426,-0.9585,142.0,94.3,0.629
54.84,31731.6,34402.7,-1.0912,-1.4707,142.0,94.2,0.63
54.86,31685.9,34472.2,-1.277,-1.2996,141.9,94.2,0.631
54.88,31828.8,34617.8,-0.6954,-0.9412,141.9,94.2,0.631
54.9,31939.6,34904.9,-0.2442,-0.2348,141.9,94.2,0.632
54.92,32145.8,35213.6,0.5949,0.5248,141.9,94.2,0.633
54.94,32314.2,35705.5,1.2804,1.7352,141.8,94.2,0.633
54.96,32472.3,35725.8,1.9241,1.7851,141.8,94.2,0.634
54.98,32324.6,35709.5,1.3227,1.7449,141.8,94.1,0.635
55.0,32261.0,35505.0,1.0642,1.2416,141.8,94.1,0.635
55.02,32187.5,35328.2,0.7648,0.8067,141.7,94.1,0.636
55.04,32077.1,35226.3,0.3154,0.5561,141.7,94.1,0.637
55.06,32083.0,35116.7,0.3395,0.2864,141.7,94.1,0.637
55.08,32027.6,34995.8,0.1139,-0.0112,141.7,94.1,0.638
55.1,31954.1,35021.3,-0.1854,0.0515,141.7,94.0,0.638
55.12,31958.2,34872.4,-0.1688,-0.3147,141.6,94.0,0.639
55.14,31978.6,34723.6,-0.0854,-0.681,141.6,94.0,0.64
55.16,31807.1,34726.3,-0.7838,-0.6743,141.6,94.0,0.64
55.18,31866.7,34634.8,-0.5412,-0.8994,141.6,94.0,0.641
55.2,31788.4,34719.5,-0.8598,-0.691,141.5,94.0,0.642
55.22,31707.8,34689.1,-1.188,-0.7658,141.5,93.9,0.642
55.24,31707.3,34607.1,-1.1898,-0.9675,141.5,93.9,0.643
55.26,31665.0,34399.0,-1.3622,-1.4796,141.5,93.9,0.644
55.28,31650.6,34448.1,-1.421,-1.3589,141.4,93.9,0.644
55.3,31733.0,34657.1,-1.0853,-0.8445,141.4,93.9,0.645
55.32,31992.9,34822.2,-0.0273,-0.4382,141.4,93.9,0.645
55.34,32139.0,35388.6,0.5674,0.9554,141.4,93.8,0.646
55.36,32328.9,35527.5,1.3402,1.2972,141.3,93.8,0.647
55.38,32426.6,35802.6,1.7382,1.974,141.3,93.8,0.647
55.4,32341.4,35706.4,1.3914,1.7372,141.3,93.8,0.648
55.42,32425.3,35519.8,1.7329,1.2783,141.3,93.8,0.649
55.44,32213.4,35384.6,0.8704,0.9456,141.2,93.8,0.649
55.46,32089.2,35270.5,0.3647,0.6649,141.2,93.8,0.65
55.48,32099.7,35219.2,0.4075,0.5385,141.2,93.7,0.651
55.5,32041.5,35079.8,0.1702,0.1956,141.2,93.7,0.651
55.52,31927.0,35093.7,-0.2955,0.2296,141.1,93.7,0.652
55.54,32001.5,34896.2,0.0075,-0.2564,141.1,93.7,0.653
55.56,31899.7,34876.7,-0.4069,-0.3042,141.1,93.7,0.653
55.58,31836.9,34600.7,-0.6626,-0.9833,141.1,93.7,0.654
55.6,31742.0,34678.9,-1.0489,-0.7908,141.1,93.6,0.654
55.62,31806.2,34643.0,-0.7874,-0.8794,141.0,93.6,0.655
55.64,31787.0,34644.8,-0.8656,-0.8749,141.0,93.6,0.656
55.66,31744.7,34584.8,-1.0379,-1.0225,141.0,93.6,0.656
55.68,31773.7,34466.1,-0.9196,-1.3145,141.0,93.6,0.657
55.7,31614.7,34511.1,-1.5671,-1.2037,140.9,93.6,0.658
55.72,31707.0,34589.4,-1.1911,-1.0111,140.9,93.5,0.658
55.74,31924.8,34810.6,-0.3044,-0.4669,140.9,93.5,0.659
55.76,32145.1,35152.0,0.5922,0.3733,140.9,93.5,0.66
55.78,32216.9,35497.9,0.8843,1.2243,140.8,93.5,0.66
55.8,32460.2,35710.7,1.8748,1.7478,140.8,93.5,0.661
55.82,32487.7,35790.4,1.9868,1.944,140.8,93.5,0.661
55.84,32350.3,35597.6,1.4276,1.4697,140.8,93.4,0.662
55.86,32170.7,35334.7,0.6965,0.8226,140.7,93.4,0.663
55.88,32125.2,35214.7,0.511,0.5275,140.7,93.4,0.663
55.9,32074.5,35151.5,0.3049,0.3719,140.7,93.4,0.664
55.92,32045.6,35124.7,0.1871,0.3061,140.7,93.4,0.665
55.94,32059.0,35029.3,0.2418,0.0712,140.6,93.4,0.665
55.96,32017.5,35002.6,0.0725,0.0055,140.6,93.4,0.666
55.98,31938.7,34802.5,-0.2481,-0.4868,140.6,93.3,0.667
56.0,31799.2,34837.0,-0.8161,-0.402,140.6,93.3,0.667
56.02,31783.9,34645.3,-0.8782,-0.8735,140.5,93.3,0.668
56.04,31775.3,34682.9,-0.9131,-0.7812,140.5,93.3,0.669
56.06,31801.3,34704.3,-0.8073,-0.7283,140.5,93.3,0.669
56.08,31728.5,34573.9,-1.1035,-1.0494,140.5,93.3,0.67
56.1,31679.5,34436.2,-1.3033,-1.3881,140.5,93.2,0.67
56.12,31610.3,34460.7,-1.5848,-1.3278,140.4,93.2,0.671
56.14,31725.7,34503.8,-1.115,-1.2217,140.4,93.2,0.672
56.16,31870.7,34784.6,-0.5248,-0.5308,140.4,93.2,0.672
56.18,31961.9,35069.1,-0.1535,0.1693,140.4,93.2,0.673
56.2,32202.8,35299.7,0.8271,0.7367,140.3,93.2,0.674
56.22,32503.4,35636.1,2.0508,1.5644,140.3,93.1,0.674
56.24,32580.6,35839.6,2.3651,2.065,140.3,93.1,0.675
56.26,32366.4,35701.9,1.4932,1.7264,140.3,93.1,0.676
56.28,32261.6,35545.2,1.0665,1.3407,140.2,93.1,0.676
56.3,32225.0,35296.9,0.9174,0.7298,140.2,93.1,0.677
56.32,32064.4,35099.5,0.2635,0.2441,140.2,93.1,0.677
56.34,32065.4,35001.9,0.2678,0.0039,140.2,93.0,0.678
56.36,32019.8,35028.7,0.0823,0.0697,140.1,93.0,0.679
56.38,32009.2,35078.9,0.0389,0.1933,140.1,93.0,0.679
56.4,32007.9,34876.5,0.0338,-0.3047,140.1,93.0,0.68
56.42,31820.0,34765.8,-0.7313,-0.5771,140.1,93.0,0.681
56.44,31850.8,34741.8,-0.606,-0.6361,140.0,93.0,0.681
56.46,31858.8,34833.6,-0.5733,-0.4103,140.0,93.0,0.682
56.48,31784.3,34620.3,-0.8767,-0.9351,140.0,92.9,0.683
56.5,31689.4,34616.9,-1.2627,-0.9434,140.0,92.9,0.683
56.52,31769.0,34583.7,-0.9389,-1.0251,139.9,92.9,0.684
56.54,31634.6,34483.0,-1.4858,-1.2729,139.9,92.9,0.685
56.56,31674.8,34321.9,-1.3225,-1.6694,139.9,92.9,0.685
56.58,31801.0,34622.0,-0.8086,-0.931,139.9,92.9,0.686
56.6,31874.1,34889.1,-0.5111,-0.2737,139.9,92.8,0.686
56.62,32086.5,35280.2,0.3534,0.6886,139.8,92.8,0.687
56.64,32367.5,35456.7,1.4974,1.123,139.8,92.8,0.688
56.66,32469.9,35691.3,1.9145,1.7002,139.8,92.8,0.688
56.68,32465.1,35715.3,1.8949,1.7593,139.8,92.8,0.689
56.7,32358.1,35633.9,1.4594,1.5589,139.7,92.8,0.69
56.72,32256.9,35505.4,1.0471,1.2427,139.7,92.7,0.69
56.74,32167.0,35228.9,0.6812,0.5623,139.7,92.7,0.691
56.76,32034.7,35216.3,0.1429,0.5313,139.7,92.7,0.692
56.78,32105.2,35129.7,0.4299,0.3183,139.6,92.7,0.692
56.8,31853.6,35011.9,-0.5946,0.0285,139.6,92.7,0.693
56.82,32000.9,34887.7,0.005,-0.2772,139.6,92.7,0.693
56.84,31857.4,34871.2,-0.579,-0.3179,139.6,92.6,0.694
56.86,31846.1,34617.9,-0.6249,-0.9409,139.5,92.6,0.695
56.88,31856.7,34630.2,-0.5819,-0.9108,139.5,92.6,0.695
56.9,31756.1,34647.4,-0.9913,-0.8685,139.5,92.6,0.696
56.92,31701.2,34633.0,-1.2149,-0.9039,139.5,92.6,0.697
56.94,31702.6,34630.7,-1.209,-0.9096,139.4,92.6,0.697
56.96,31628.1,34494.8,-1.5125,-1.2439,139.4,92.6,0.698
56.98,31691.0,34381.7,-1.2563,-1.5221,139.4,92.5,0.699
57.0,31697.3,34569.1,-1.2308,-1.0612,139.4,92.5,0.699
57.02,31777.4,34636.0,-0.9048,-0.8965,139.3,92.5,0.7
57.04,32102.2,35040.0,0.4176,0.0977,139.3,92.5,0.701
57.06,32218.3,35391.9,0.8901,0.9635,139.3,92.5,0.701
57.08,32397.3,35690.5,1.6188,1.6982,139.3,92.5,0.702
57.1,32521.2,35746.2,2.123,1.8354,139.3,92.4,0.702
57.12,32423.5,35686.8,1.7253,1.689,139.2,92.4,0.703
57.14,32342.5,35467.8,1.3957,1.1501,139.2,92.4,0.704
57.16,32178.9,35243.1,0.7298,0.5974,139.2,92.4,0.704
57.18,32142.2,35151.8,0.5805,0.3727,139.2,92.4,0.705
57.2,32108.8,35187.7,0.4445,0.4611,139.1,92.4,0.706
57.22,32078.5,35165.8,0.3212,0.4072,139.1,92.3,0.706
57.24,31924.4,34971.9,-0.3062,-0.07,139.1,92.3,0.707
57.26,31983.9,34855.3,-0.064,-0.357,139.1,92.3,0.708
57.28,31827.2,34799.3,-0.7019,-0.4947,139.0,92.3,0.708
57.3,31856.1,34747.8,-0.5843,-0.6213,139.0,92.3,0.709
57.32,31805.6,34639.5,-0.79,-0.8878,139.0,92.3,0.709
57.34,31781.1,34670.1,-0.8895,-0.8127,139.0,92.2,0.71
57.36,31813.8,34653.8,-0.7564,-0.8526,138.9,92.2,0.711
57.38,31663.2,34552.6,-1.3696,-1.1017,138.9,92.2,0.711
57.4,31629.2,34452.7,-1.5079,-1.3474,138.9,92.2,0.712
57.42,31649.6,34405.2,-1.4247,-1.4644,138.9,92.2,0.713
57.44,31765.0,34591.5,-0.9549,-1.006,138.8,92.2,0.713
57.46,31935.5,34852.7,-0.2613,-0.3634,138.8,92.2,0.714
57.48,32156.8,35147.9,0.6398,0.3631,138.8,92.1,0.715
57.5,32365.4,35531.7,1.4889,1.3075,138.8,92.1,0.715
57.52,32445.3,35756.8,1.8141,1.8615,138.7,92.1,0.716
57.54,32538.9,35734.8,2.1952,1.8072,138.7,92.1,0.717
57.56,32383.6,35598.6,1.563,1.4721,138.7,92.1,0.717
57.58,32195.1,35317.5,0.7958,0.7805,138.7,92.1,0.718
57.6,32249.0,35267.2,1.0149,0.6566,138.7,92.0,0.718
57.62,32072.1,35110.5,0.2948,0.271,138.6,92.0,0.719
57.64,32087.8,35102.2,0.3589,0.2507,138.6,92.0,0.72
57.66,32080.6,35064.0,0.3294,0.1566,138.6,92.0,0.72
57.68,32038.2,34981.3,0.1568,-0.0468,138.6,92.0,0.721
57.7,31972.8,34860.5,-0.1092,-0.3442,138.5,92.0,0.722
57.72,31725.8,34708.5,-1.1148,-0.718,138.5,91.9,0.722
57.74,31818.8,34717.7,-0.7361,-0.6955,138.5,91.9,0.723
57.76,31745.4,34780.4,-1.0351,-0.5412,138.5,91.9,0.724
57.78,31790.2,34592.4,-0.8523,-1.0038,138.4,91.9,0.724
57.8,31766.1,34591.1,-0.9506,-1.0069,138.4,91.9,0.725
57.82,31769.9,34549.2,-0.9353,-1.1102,138.4,91.9,0.725
57.84,31601.1,34451.6,-1.6224,-1.3502,138.4,91.8,0.726
57.86,31594.2,34497.3,-1.6503,-1.2377,138.3,91.8,0.727
57.88,31759.0,34651.8,-0.9795,-0.8576,138.3,91.8,0.727
57.9,31983.9,34995.9,-0.064,-0.0109,138.3,91.8,0.728
57.92,32293.5,35387.6,1.1964,0.9529,138.3,91.8,0.729
57.94,32396.8,35582.6,1.6169,1.4327,138.2,91.8,0.729
57.96,32548.7,35829.1,2.2352,2.0394,138.2,91.8,0.73
57.98,32416.3,35706.8,1.6963,1.7382,138.2,91.7,0.731
58.0,32347.2,35658.7,1.415,1.62,138.2,91.7,0.731
58.02,32193.8,35394.7,0.7902,0.9703,138.1,91.7,0.732
58.04,32128.9,35195.5,0.5261,0.4801,138.1,91.7,0.733
58.06,31994.1,35076.0,-0.0225,0.1862,138.1,91.7,0.733
58.08,32027.2,35117.1,0.1123,0.2872,138.1,91.7,0.734
58.1,32042.2,35054.2,0.1733,0.1324,138.1,91.6,0.734
58.12,31945.5,35077.0,-0.2203,0.1886,138.0,91.6,0.735
58.14,31929.8,34775.1,-0.2843,-0.5541,138.0,91.6,0.736
58.16,31820.8,34718.1,-0.7282,-0.6944,138.0,91.6,0.736
58.18,31773.3,34685.6,-0.9213,-0.7744,138.0,91.6,0.737
58.2,31872.0,34678.4,-0.5196,-0.7921,137.9,91.6,0.738
58.22,31765.9,34580.3,-0.9513,-1.0334,137.9,91.5,0.738
58.24,31699.6,34591.7,-1.2214,-1.0055,137.9,91.5,0.739
58.26,31635.7,34499.7,-1.4813,-1.232,137.9,91.5,0.74
58.28,31718.0,34403.3,-1.1466,-1.469,137.8,91.5,0.74
58.3,31755.1,34495.1,-0.9953,-1.2432,137.8,91.5,0.741
58.32,31900.0,34712.8,-0.4057,-0.7075,137.8,91.5,0.741
58.34,32102.8,35116.7,0.4202,0.2864,137.8,91.4,0.742
58.36,32314.4,35372.2,1.2812,0.915,137.7,91.4,0.743
58.38,32454.6,35504.7,1.8519,1.241,137.7,91.4,0.743
58.4,32498.1,35790.2,2.0289,1.9436,137.7,91.4,0.744
58.42,32455.4,35693.6,1.8554,1.7059,137.7,91.4,0.745
58.44,32328.1,35565.1,1.3372,1.3897,137.6,91.4,0.745
58.46,32219.3,35430.5,0.8941,1.0584,137.6,91.4,0.746
58.48,32061.2,35206.7,0.2507,0.5078,137.6,91.3,0.747
58.5,32076.3,35136.5,0.3123,0.335,137.6,91.3,0.747
58.52,32053.0,35011.7,0.2174,0.028,137.5,91.3,0.748
58.54,32024.9,34908.0,0.1027,-0.2272,137.5,91.3,0.749
58.56,31950.2,34821.2,-0.2013,-0.4407,137.5,91.3,0.749
58.58,31903.4,34779.9,-0.3919,-0.5424,137.5,91.3,0.75
58.6,31784.4,34747.4,-0.876,-0.6224,137.5,91.2,0.75
58.62,31772.9,34676.2,-0.9228,-0.7976,137.4,91.2,0.751
58.64,31805.2,34670.7,-0.7914,-0.8111,137.4,91.2,0.752
58.66,31742.8,34658.4,-1.0457,-0.8413,137.4,91.2,0.752
58.68,31681.9,34548.2,-1.2935,-1.1126,137.4,91.2,0.753
58.7,31563.9,34459.7,-1.7737,-1.3302,137.3,91.2,0.754
58.72,31603.5,34433.8,-1.6127,-1.3941,137.3,91.1,0.754
58.74,31683.6,34544.2,-1.2863,-1.1223,137.3,91.1,0.755
58.76,31753.7,34763.3,-1.0012,-0.5833,137.3,91.1,0.756
58.78,32026.9,35165.3,0.1111,0.4059,137.2,91.1,0.756
58.8,32337.0,35479.4,1.3733,1.1787,137.2,91.1,0.757
58.82,32490.0,35707.9,1.996,1.7411,137.2,91.1,0.757
58.84,32601.5,35741.1,2.4501,1.8228,137.2,91.0,0.758
58.86,32491.1,35762.7,2.0005,1.8759,137.1,91.0,0.759
58.88,32357.4,35510.5,1.4566,1.2554,137.1,91.0,0.759
58.9,32176.5,35277.1,0.7199,0.6811,137.1,91.0,0.76
58.92,32097.0,35132.9,0.3963,0.3261,137.1,91.0,0.761
58.94,32057.3,35036.7,0.2349,0.0895,137.0,91.0,0.761
58.96,32061.0,35050.9,0.2498,0.1245,137.0,91.0,0.762
58.98,31986.9,35000.6,-0.0519,0.0007,137.0,90.9,0.763
59.0,31921.7,34859.5,-0.317,-0.3465,137.0,90.9,0.763
59.02,31795.0,34752.3,-0.8331,-0.6104,136.9,90.9,0.764
59.04,31735.4,34758.7,-1.0757,-0.5945,136.9,90.9,0.765
59.06,31797.4,34654.4,-0.823,-0.8512,136.9,90.9,0.765
59.08,31809.8,34689.3,-0.7728,-0.7655,136.9,90.9,0.766
59.1,31662.2,34679.0,-1.3735,-0.7908,136.9,90.8,0.766
59.12,31654.2,34629.9,-1.4062,-0.9115,136.8,90.8,0.767
59.14,31699.6,34514.8,-1.2213,-1.1947,136.8,90.8,0.768
59.16,31532.7,34465.5,-1.9007,-1.3161,136.8,90.8,0.768
59.18,31711.7,34675.6,-1.1721,-0.7989,136.8,90.8,0.769
59.2,31874.7,34801.1,-0.5084,-0.4901,136.7,90.8,0.77
59.22,32100.4,35166.3,0.41,0.4083,136.7,90.7,0.77
59.24,32310.0,35489.1,1.2635,1.2026,136.7,90.7,0.771
59.26,32518.9,35777.1,2.114,1.9112,136.7,90.7,0.772
59.28,32513.1,35731.8,2.0902,1.7999,136.6,90.7,0.772
59.3,32424.8,35692.5,1.7307,1.703,136.6,90.7,0.773
59.32,32427.3,35493.9,1.7407,1.2145,136.6,90.7,0.773
59.34,32199.6,35272.3,0.8141,0.6691,136.6,90.6,0.774
59.36,32161.8,35171.4,0.66,0.4208,136.5,90.6,0.775
59.38,32031.7,35053.8,0.1304,0.1316,136.5,90.6,0.775
59.4,32031.8,34991.9,0.1309,-0.0209,136.5,90.6,0.776
59.42,31908.4,34915.0,-0.3715,-0.2101,136.5,90.6,0.777
59.44,32017.4,34882.9,0.0724,-0.289,136.4,90.6,0.777
59.46,31809.9,34833.7,-0.7721,-0.41,136.4,90.6,0.778
59.48,31759.7,34677.3,-0.9767,-0.7948,136.4,90.5,0.779
59.5,31787.2,34689.8,-0.8646,-0.7641,136.4,90.5,0.779
59.52,31711.4,34682.2,-1.1732,-0.7828,136.3,90.5,0.78
59.54,31785.6,34650.8,-0.8711,-0.86,136.3,90.5,0.781
59.56,31716.3,34474.1,-1.1536,-1.2949,136.3,90.5,0.781
59.58,31582.1,34476.2,-1.6995,-1.2898,136.3,90.5,0.782
59.6,31652.3,34498.9,-1.4139,-1.2338,136.3,90.4,0.782
59.62,31706.0,34527.2,-1.1953,-1.1643,136.2,90.4,0.783
59.64,31875.8,34914.6,-0.5041,-0.2111,136.2,90.4,0.784
59.66,32131.5,35137.7,0.5369,0.3379,136.2,90.4,0.784
59.68,32330.5,35362.9,1.3469,0.8921,136.2,90.4,0.785
59.7,32503.7,35728.1,2.052,1.7908,136.1,90.4,0.786
59.72,32495.9,35734.6,2.02,1.8067,136.1,90.3,0.786
59.74,32460.7,35704.7,1.8768,1.7332,136.1,90.3,0.787
59.76,32306.1,35533.9,1.2476,1.3129,136.1,90.3,0.788
59.78,32250.5,35331.1,1.0213,0.8139,136.0,90.3,0.788
59.8,32134.9,35123.1,0.5506,0.3022,136.0,90.3,0.789
59.82,32032.1,35079.7,0.1321,0.1952,136.0,90.3,0.789
59.84,32036.1,35028.9,0.1486,0.0703,136.0,90.2,0.79
59.86,31951.7,34923.0,-0.1953,-0.1903,135.9,90.2,0.791
59.88,31887.9,34800.8,-0.4548,-0.4909,135.9,90.2,0.791
59.9,31764.1,34772.5,-0.9586,-0.5606,135.9,90.2,0.792
59.92,31771.8,34702.4,-0.9276,-0.7331,135.9,90.2,0.793
59.94,31774.7,34638.4,-0.9154,-0.8906,135.8,90.2,0.793
59.96,31758.1,34717.6,-0.9833,-0.6957,135.8,90.2,0.794
59.98,31729.4,34596.2,-1.1,-0.9945,135.8,90.1,0.795
60.0,31690.4,34551.8,-1.2589,-1.1037,135.8,90.1,0.795
60.02,31625.0,34494.5,-1.5251,-1.2446,135.7,90.1,0.796
60.04,31594.9,34493.6,-1.6474,-1.2469,135.7,90.1,0.797
60.06,31697.5,34453.3,-1.2299,-1.346,135.7,90.1,0.797
60.08,31856.2,34829.8,-0.584,-0.4197,135.7,90.1,0.798
60.1,32059.8,35088.2,0.2448,0.2162,135.7,90.0,0.798
60.12,32337.0,35522.6,1.3734,1.2851,135.6,90.0,0.799
60.14,32468.7,35744.8,1.9095,1.8318,135.6,90.0,0.8
60.16,32525.7,35756.2,2.1416,1.86,135.6,90.0,0.8
60.18,32442.6,35647.0,1.8033,1.5913,135.6,90.0,0.801
60.2,32266.0,35394.2,1.0841,0.9691,135.5,90.0,0.802
60.22,32258.1,35332.5,1.0521,0.8172,135.5,89.9,0.802
60.24,32110.8,35185.4,0.4524,0.4554,135.5,89.9,0.803
60.26,32063.4,35131.9,0.2597,0.3238,135.5,89.9,0.804
60.28,32068.8,35063.3,0.2814,0.155,135.4,89.9,0.804
60.3,31946.5,35001.6,-0.2162,0.003,135.4,89.9,0.805
60.32,31954.1,34872.5,-0.1855,-0.3146,135.4,89.9,0.805
60.34,31838.9,34794.0,-0.6542,-0.5076,135.4,89.8,0.806
60.36,31787.7,34762.5,-0.8626,-0.5852,135.3,89.8,0.807
60.38,31678.4,34689.3,-1.3078,-0.7655,135.3,89.8,0.807
60.4,31708.6,34624.5,-1.1845,-0.9247,135.3,89.8,0.808
60.42,31726.0,34569.8,-1.1137,-1.0595,135.3,89.8,0.809
60.44,31631.6,34540.5,-1.498,-1.1314,135.2,89.8,0.809
60.46,31585.2,34497.0,-1.687,-1.2385,135.2,89.8,0.81
60.48,31581.1,34487.4,-1.7038,-1.2622,135.2,89.7,0.811
60.5,31692.3,34563.7,-1.2509,-1.0744,135.2,89.7,0.811
60.52,31788.1,34801.0,-0.8613,-0.4906,135.1,89.7,0.812
60.54,32154.4,35100.1,0.6299,0.2456,135.1,89.7,0.813
60.56,32381.6,35401.8,1.5548,0.9878,135.1,89.7,0.813
60.58,32573.2,35627.8,2.3347,1.5439,135.1,89.7,0.814
60.6,32510.1,35819.4,2.0781,2.0155,135.1,89.6,0.814
60.62,32561.1,35707.2,2.2855,1.7392,135.0,89.6,0.815
60.64,32410.1,35561.7,1.6707,1.3814,135.0,89.6,0.816
60.66,32253.3,35345.4,1.0325,0.8491,135.0,89.6,0.816
60.68,32149.6,35154.7,0.6106,0.3799,135.0,89.6,0.817
60.7,32082.2,35184.5,0.3362,0.4531,134.9,89.6,0.818
60.72,31974.1,35113.9,-0.1041,0.2793,134.9,89.5,0.818
60.74,31947.0,34967.9,-0.2144,-0.0797,134.9,89.5,0.819
60.76,31971.2,34855.3,-0.1156,-0.357,134.9,89.5,0.82
60.78,31942.5,34819.0,-0.2324,-0.4462,134.8,89.5,0.82
60.8,31797.3,34819.9,-0.8237,-0.444,134.8,89.5,0.821
60.82,31763.2,34698.3,-0.9626,-0.7432,134.8,89.5,0.821
60.84,31715.5,34648.8,-1.1566,-0.8649,134.8,89.4,0.822
60.86,31705.8,34666.6,-1.196,-0.8212,134.7,89.4,0.823
60.88,31686.8,34530.8,-1.2736,-1.1553,134.7,89.4,0.823
60.9,31621.1,34564.3,-1.5409,-1.073,134.7,89.4,0.824
60.92,31567.4,34545.2,-1.7595,-1.1198,134.7,89.4,0.825
60.94,31676.3,34512.4,-1.3161,-1.2007,134.6,89.4,0.825
60.96,31801.2,34651.2,-0.8078,-0.8591,134.6,89.4,0.826
60.98,32007.5,34905.3,0.0322,-0.2339,134.6,89.3,0.827
61.0,32359.6,35380.9,1.4654,0.9364,134.6,89.3,0.827
61.02,32473.3,35585.0,1.9281,1.4387,134.5,89.3,0.828
61.04,32553.1,35666.8,2.2531,1.6398,134.5,89.3,0.829
61.06,32488.7,35726.9,1.9908,1.7879,134.5,89.3,0.829
61.08,32446.3,35579.6,1.8182,1.4252,134.5,89.3,0.83
61.1,32302.3,35435.0,1.2319,1.0695,134.5,89.2,0.83
61.12,32207.2,35156.1,0.8451,0.3832,134.4,89.2,0.831
61.14,32076.4,35054.9,0.3126,0.1343,134.4,89.2,0.832
61.16,32029.8,35130.6,0.1227,0.3205,134.4,89.2,0.832
61.18,32041.3,35038.9,0.1697,0.0949,134.4,89.2,0.833
61.2,31966.7,34908.8,-0.134,-0.2253,134.3,89.2,0.834
61.22,31847.9,34872.7,-0.6175,-0.3141,134.3,89.1,0.834
61.24,31814.3,34799.0,-0.7542,-0.4953,134.3,89.1,0.835
61.26,31749.5,34637.0,-1.0181,-0.8941,134.3,89.1,0.836
61.28,31698.8,34623.7,-1.2246,-0.9269,134.2,89.1,0.836
61.3,31759.1,34631.3,-0.9791,-0.908,134.2,89.1,0.837
61.32,31813.2,34555.3,-0.759,-1.0951,134.2,89.1,0.837
61.34,31630.7,34573.2,-1.5017,-1.0511,134.2,89.0,0.838
61.36,31628.7,34488.1,-1.51,-1.2603,134.1,89.0,0.839
61.38,31671.1,34497.0,-1.3375,-1.2386,134.1,89.0,0.839
61.4,31703.3,34596.0,-1.2061,-0.9949,134.1,89.0,0.84
61.42,31867.0,34812.9,-0.5401,-0.4612,134.1,89.0,0.841
61.44,32099.3,35243.3,0.4057,0.5978,134.0,89.0,0.841
61.46,32460.9,35461.2,1.8778,1.134,134.0,89.0,0.842
61.48,32613.1,35749.5,2.4974,1.8433,134.0,88.9,0.843
61.5,32547.0,35729.1,2.2283,1.7931,134.0,88.9,0.843
61.52,32422.9,35622.2,1.7229,1.5301,133.9,88.9,0.844
61.54,32345.2,35359.3,1.4068,0.8834,133.9,88.9,0.845
61.56,32143.3,35307.8,0.5848,0.7566,133.9,88.9,0.845
61.58,32133.7,35099.4,0.5457,0.2437,133.9,88.9,0.846
61.6,32084.7,35092.7,0.3463,0.2274,133.9,88.8,0.846
61.62,32075.4,35115.1,0.3086,0.2823,133.8,88.8,0.847
61.64,31989.4,35038.5,-0.0417,0.0939,133.8,88.8,0.848
61.66,31862.8,34894.0,-0.5571,-0.2617,133.8,88.8,0.848
61.68,31810.1,34888.2,-0.7715,-0.2759,133.8,88.8,0.849
61.7,31771.9,34634.9,-0.927,-0.8992,133.7,88.8,0.85
61.72,31719.5,34682.1,-1.1402,-0.783,133.7,88.7,0.85
61.74,31699.1,34574.5,-1.2235,-1.0479,133.7,88.7,0.851
61.76,31640.1,34669.1,-1.4637,-0.8151,133.7,88.7,0.852
61.78,31760.6,34501.7,-0.9729,-1.2271,133.6,88.7,0.852
61.8,31669.3,34416.6,-1.3446,-1.4363,133.6,88.7,0.853
61.82,31502.3,34502.8,-2.0245,-1.2241,133.6,88.7,0.853
61.84,31590.2,34518.5,-1.6667,-1.1857,133.6,88.6,0.854
61.86,31817.7,34779.2,-0.7404,-0.5442,133.5,88.6,0.855
61.88,32076.0,35060.0,0.3109,0.1468,133.5,88.6,0.855
61.9,32365.0,35410.3,1.4875,1.0089,133.5,88.6,0.856
61.92,32568.9,35662.7,2.3174,1.6298,133.5,88.6,0.857
61.94,32576.8,35786.6,2.3493,1.9346,133.4,88.6,0.857
61.96,32580.9,35761.8,2.3661,1.8737,133.4,88.6,0.858
61.98,32350.3,35513.7,1.4273,1.2631,133.4,88.5,0.859
62.0,32283.7,35318.4,1.1564,0.7826,133.4,88.5,0.859
62.02,32115.7,35191.4,0.4725,0.47,133.3,88.5,0.86
62.04,32017.7,35119.1,0.0734,0.2922,133.3,88.5,0.861
62.06,32046.4,35023.8,0.1902,0.0576,133.3,88.5,0.861
62.08,32056.1,35020.5,0.2298,0.0495,133.3,88.5,0.862
62.1,31871.8,34929.3,-0.5202,-0.1747,133.3,88.4,0.862
62.12,31935.5,34875.2,-0.2612,-0.308,133.2,88.4,0.863
62.14,31772.8,34739.0,-0.9234,-0.643,133.2,88.4,0.864
62.16,31721.0,34593.1,-1.1344,-1.0021,133.2,88.4,0.864
62.18,31719.7,34695.0,-1.1394,-0.7514,133.2,88.4,0.865
62.2,31771.9,34706.3,-0.9271,-0.7236,133.1,88.4,0.866
62.22,31706.4,34624.6,-1.1936,-0.9246,133.1,88.3,0.866
62.24,31657.4,34494.1,-1.393,-1.2457,133.1,88.3,0.867
62.26,31476.2,34390.6,-2.1307,-1.5003,133.1,88.3,0.868
62.28,31609.4,34468.8,-1.5887,-1.3078,133.0,88.3,0.868
62.3,31639.1,34573.3,-1.4676,-1.0508,133.0,88.3,0.869
62.32,31993.7,34872.6,-0.024,-0.3142,133.0,88.3,0.869
62.34,32243.0,35229.0,0.9906,0.5627,133.0,88.2,0.87
62.36,32357.3,35643.6,1.4561,1.5827,132.9,88.2,0.871
62.38,32671.9,35739.2,2.7367,1.818,132.9,88.2,0.871
62.4,32552.0,35646.8,2.2487,1.5907,132.9,88.2,0.872
62.42,32439.0,35630.3,1.7887,1.5502,132.9,88.2,0.873
62.44,32297.8,35451.1,1.2138,1.1091,132.8,88.2,0.873
62.46,32149.8,35274.8,0.6115,0.6754,132.8,88.2,0.874
62.48,32053.0,35226.0,0.2172,0.5552,132.8,88.1,0.875
62.5,32169.7,35074.2,0.6923,0.1817,132.8,88.1,0.875
62.52,32058.0,35109.8,0.2376,0.2694,132.7,88.1,0.876
62.54,31980.6,35018.2,-0.0776,0.0441,132.7,88.1,0.877
62.56,31868.9,34868.5,-0.532,-0.3245,132.7,88.1,0.877
62.58,31853.1,34843.1,-0.5966,-0.387,132.7,88.1,0.878
62.6,31689.9,34667.3,-1.2608,-0.8195,132.7,88.0,0.878
62.62,31740.4,34685.9,-1.0554,-0.7737,132.6,88.0,0.879
62.64,31758.1,34642.1,-0.9831,-0.8814,132.6,88.0,0.88
62.66,31683.4,34705.0,-1.2872,-0.7268,132.6,88.0,0.88
62.68,31628.4,34436.9,-1.5111,-1.3863,132.6,88.0,0.881
62.7,31509.6,34589.2,-1.9947,-1.0117,132.5,88.0,0.882
62.72,31585.2,34535.1,-1.6872,-1.1447,132.5,87.9,0.882
62.74,31616.6,34505.7,-1.5592,-1.2171,132.5,87.9,0.883
62.76,31794.5,34700.9,-0.835,-0.7369,132.5,87.9,0.884
62.78,32129.5,35059.8,0.5287,0.1463,132.4,87.9,0.884
62.8,32326.5,35412.6,1.3304,1.0143,132.4,87.9,0.885
62.82,32516.9,35605.5,2.1055,1.4891,132.4,87.9,0.885
62.84,32582.8,35773.3,2.3738,1.9019,132.4,87.8,0.886
62.86,32564.6,35709.2,2.3,1.7441,132.3,87.8,0.887
62.88,32382.0,35571.1,1.5565,1.4045,132.3,87.8,0.887
62.9,32313.8,35422.6,1.2788,1.0389,132.3,87.8,0.888
62.92,32082.4,35319.8,0.3368,0.7859,132.3,87.8,0.889
62.94,32165.8,35210.9,0.6762,0.5182,132.2,87.8,0.889
62.96,31992.6,35137.8,-0.0287,0.3383,132.2,87.8,0.89
62.98,32027.4,34942.1,0.1131,-0.1434,132.2,87.7,0.891
63.0,32013.7,34970.9,0.0574,-0.0725,132.2,87.7,0.891
63.02,31832.1,34812.6,-0.6822,-0.4621,132.1,87.7,0.892
63.04,31800.5,34741.2,-0.8106,-0.6377,132.1,87.7,0.893
63.06,31869.1,34708.9,-0.5314,-0.717,132.1,87.7,0.893
63.08,31709.1,34580.5,-1.1829,-1.0329,132.1,87.7,0.894
63.1,31744.2,34706.0,-1.0398,-0.7242,132.1,87.6,0.894
63.12,31756.8,34558.8,-0.9883,-1.0865,132.0,87.6,0.895
63.14,31661.7,34585.4,-1.3758,-1.021,132.0,87.6,0.896
63.16,31515.0,34421.5,-1.9728,-1.4244,132.0,87.6,0.896
63.18,31594.8,34415.5,-1.6479,-1.4391,132.0,87.6,0.897
63.2,31559.8,34623.9,-1.7904,-0.9263,131.9,87.6,0.898
63.22,31833.2,34769.6,-0.6776,-0.5677,131.9,87.5,0.898
63.24,32173.1,35195.5,0.7063,0.4803,131.9,87.5,0.899
63.26,32377.9,35483.0,1.54,1.1876,131.9,87.5,0.9
63.28,32556.0,35662.5,2.2648,1.6294,131.8,87.5,0.9
63.3,32680.3,35785.6,2.771,1.9322,131.8,87.5,0.901
63.32,32423.3,35643.3,1.7248,1.5821,131.8,87.5,0.901
63.34,32418.6,35545.4,1.7053,1.3411,131.8,87.4,0.902
63.36,32309.8,35261.5,1.2625,0.6426,131.7,87.4,0.903
63.38,32207.3,35190.9,0.8453,0.4689,131.7,87.4,0.903
63.4,32130.2,35165.9,0.5314,0.4073,131.7,87.4,0.904
63.42,32047.4,35123.1,0.1943,0.3022,131.7,87.4,0.905
63.44,31939.7,35012.4,-0.2439,0.0297,131.6,87.4,0.905
63.46,31921.6,34871.1,-0.3175,-0.3179,131.6,87.4,0.906
63.48,31881.8,34768.2,-0.4798,-0.5711,131.6,87.3,0.907
63.5,31799.8,34739.1,-0.8134,-0.6429,131.6,87.3,0.907
63.52,31827.9,34625.7,-0.699,-0.9219,131.5,87.3,0.908
63.54,31739.9,34640.8,-1.0573,-0.8848,131.5,87.3,0.909
63.56,31732.9,34738.9,-1.0859,-0.6434,131.5,87.3,0.909
63.58,31643.3,34587.2,-1.4503,-1.0166,131.5,87.3,0.91
63.6,31548.7,34536.5,-1.8356,-1.1412,131.5,87.2,0.91
63.62,31536.2,34513.8,-1.8865,-1.1972,131.4,87.2,0.911
63.64,31507.7,34393.8,-2.0024,-1.4925,131.4,87.2,0.912
63.66,31663.5,34541.2,-1.3685,-1.1298,131.4,87.2,0.912
63.68,31850.8,34837.0,-0.6057,-0.402,131.4,87.2,0.913
63.7,32070.8,35174.1,0.2898,0.4275,131.3,87.2,0.914
63.72,32370.7,35497.2,1.5104,1.2226,131.3,87.1,0.914
63.74,32617.5,35629.8,2.5151,1.5487,131.3,87.1,0.915
63.76,32568.5,35766.4,2.3155,1.885,131.3,87.1,0.916
63.78,32457.8,35631.1,1.8651,1.552,131.2,87.1,0.916
63.8,32316.4,35490.8,1.2897,1.2069,131.2,87.1,0.917
63.82,32216.7,35286.2,0.8836,0.7033,131.2,87.1,0.917
63.84,32110.7,35190.1,0.452,0.4669,131.2,87.0,0.918
63.86,32090.6,35118.3,0.3703,0.2902,131.1,87.0,0.919
63.88,32093.6,35057.9,0.3824,0.1418,131.1,87.0,0.919
63.9,32038.0,35075.9,0.1562,0.1859,131.1,87.0,0.92
63.92,31956.8,34880.0,-0.1745,-0.2961,131.1,87.0,0.921
63.94,31849.6,34783.3,-0.6107,-0.534,131.0,87.0,0.921
63.96,31757.8,34677.5,-0.9843,-0.7944,131.0,87.0,0.922
63.98,31729.7,34674.1,-1.099,-0.8028,131.0,86.9,0.923
64.0,31679.9,34708.8,-1.3016,-0.7174,131.0,86.9,0.923
64.02,31702.3,34675.3,-1.2104,-0.7998,130.9,86.9,0.924
64.04,31635.4,34554.3,-1.4829,-1.0974,130.9,86.9,0.925
64.06,31580.5,34565.9,-1.7062,-1.069,130.9,86.9,0.925
64.08,31473.2,34515.3,-2.1431,-1.1935,130.9,86.9,0.926
64.1,31518.0,34495.6,-1.9607,-1.2419,130.9,86.8,0.926
64.12,31698.6,34678.8,-1.2253,-0.7913,130.8,86.8,0.927
64.14,31910.6,34836.6,-0.3624,-0.4029,130.8,86.8,0.928
64.16,32094.8,35178.8,0.3875,0.439,130.8,86.8,0.928
64.18,32408.0,35524.1,1.6624,1.2888,130.8,86.8,0.929
64.2,32601.2,35703.3,2.449,1.7297,130.7,86.8,0.93
64.22,32676.5,35747.7,2.7554,1.8388,130.7,86.7,0.93
64.24,32487.9,35604.9,1.9876,1.4875,130.7,86.7,0.931
64.26,32391.3,35442.6,1.5944,1.0883,130.7,86.7,0.932
64.28,32283.7,35331.4,1.1562,0.8147,130.6,86.7,0.932
64.3,32191.9,35254.6,0.7825,0.6256,130.6,86.7,0.933
64.32,32006.5,35122.2,0.028,0.2998,130.6,86.7,0.933
64.34,31959.6,35070.8,-0.163,0.1733,130.6,86.6,0.934
64.36,31971.9,35024.2,-0.1128,0.0587,130.5,86.6,0.935
64.38,31891.6,34849.2,-0.4399,-0.3719,130.5,86.6,0.935
64.4,31816.2,34823.7,-0.7465,-0.4346,130.5,86.6,0.936
64.42,31694.6,34781.9,-1.2418,-0.5375,130.5,86.6,0.937
64.44,31748.6,34767.5,-1.0218,-0.5729,130.4,86.6,0.937
64.46,31740.0,34625.9,-1.057,-0.9212,130.4,86.6,0.938
64.48,31648.3,34625.4,-1.4301,-0.9225,130.4,86.5,0.939
64.5,31586.8,34651.8,-1.6807,-0.8577,130.4,86.5,0.939
64.52,31570.2,34493.0,-1.7481,-1.2483,130.3,86.5,0.94
64.54,31460.6,34430.7,-2.1941,-1.4016,130.3,86.5,0.941
64.56,31537.3,34482.7,-1.8822,-1.2737,130.3,86.5,0.941
64.58,31662.1,34667.2,-1.3742,-0.8198,130.3,86.5,0.942
64.6,31960.1,34899.8,-0.1608,-0.2474,130.3,86.4,0.942
64.62,32231.2,35268.6,0.9428,0.66,130.2,86.4,0.943
64.64,32498.7,35577.6,2.0317,1.4204,130.2,86.4,0.944
64.66,32606.5,35687.8,2.4703,1.6916,130.2,86.4,0.944
64.68,32655.4,35726.8,2.6694,1.7875,130.2,86.4,0.945
64.7,32579.5,35649.5,2.3605,1.5974,130.1,86.4,0.946
64.72,32393.9,35416.7,1.6048,1.0245,130.1,86.3,0.946
64.74,32253.9,35254.9,1.0352,0.6264,130.1,86.3,0.947
64.76,32116.2,35207.9,0.4743,0.5106,130.1,86.3,0.948
64.78,32123.9,35146.6,0.5058,0.36,130.0,86.3,0.948
64.8,31998.2,35088.6,-0.0059,0.2172,130.0,86.3,0.949
64.82,32054.3,35104.4,0.2224,0.2561,130.0,86.3,0.949
64.84,31946.3,34903.1,-0.2171,-0.2393,130.0,86.2,0.95
64.86,31823.3,34770.7,-0.718,-0.565,129.9,86.2,0.951
64.88,31773.1,34802.3,-0.922,-0.4874,129.9,86.2,0.951
64.9,31715.6,34685.3,-1.1561,-0.7752,129.9,86.2,0.952
64.92,31742.1,34759.2,-1.0482,-0.5934,129.9,86.2,0.953
64.94,31752.2,34683.5,-1.0072,-0.7797,129.8,86.2,0.953
64.96,31590.4,34549.2,-1.6658,-1.1102,129.8,86.2,0.954
64.98,31551.8,34519.7,-1.8231,-1.1827,129.8,86.1,0.955
65.0,31520.7,34460.3,-1.9494,-1.3289,129.8,86.1,0.955
65.02,31532.6,34473.2,-1.9013,-1.2971,129.7,86.1,0.956
65.04,31695.9,34654.3,-1.2365,-0.8514,129.7,86.1,0.957
65.06,31887.4,34863.9,-0.457,-0.3357,129.7,86.1,0.957
65.08,32249.8,35259.8,1.0182,0.6385,129.7,86.1,0.958
65.1,32417.4,35571.7,1.7006,1.4058,129.7,86.0,0.958
65.12,32656.2,35718.6,2.6727,1.7674,129.6,86.0,0.959
65.14,32679.1,35819.3,2.7658,2.0152,129.6,86.0,0.96
65.16,32544.3,35702.1,2.2171,1.7266,129.6,86.0,0.96
65.18,32344.3,35534.2,1.4032,1.3135,129.6,86.0,0.961
65.2,32282.6,35335.7,1.1517,0.8253,129.5,86.0,0.962
65.22,32150.7,35117.9,0.6151,0.2892,129.5,85.9,0.962
65.24,32201.2,35128.3,0.8206,0.3149,129.5,85.9,0.963
65.26,31933.8,35027.0,-0.2678,0.0657,129.5,85.9,0.964
65.28,31989.2,34895.5,-0.0426,-0.2581,129.4,85.9,0.964
65.3,31996.5,34890.2,-0.0129,-0.2711,129.4,85.9,0.965
65.32,31848.6,34845.4,-0.6147,-0.3812,129.4,85.9,0.965
65.34,31759.9,34685.6,-0.9758,-0.7745,129.4,85.8,0.966
65.36,31646.1,34713.8,-1.4392,-0.705,129.3,85.8,0.967
65.38,31727.9,34626.0,-1.1063,-0.9211,129.3,85.8,0.967
65.4,31727.2,34686.8,-1.109,-0.7715,129.3,85.8,0.968
65.42,31656.8,34517.6,-1.3955,-1.1879,129.3,85.8,0.969
65.44,31579.0,34413.7,-1.7122,-1.4436,129.2,85.8,0.969
65.46,31579.6,34555.8,-1.7098,-1.0937,129.2,85.8,0.97
65.48,31535.4,34491.6,-1.8896,-1.2517,129.2,85.7,0.971
65.5,31600.6,34573.1,-1.6245,-1.0512,129.2,85.7,0.971
65.52,31753.8,34795.7,-1.0006,-0.5036,129.1,85.7,0.972
65.54,32237.3,35253.6,0.9676,0.6231,129.1,85.7,0.973
65.56,32465.4,35495.7,1.8961,1.2188,129.1,85.7,0.973
65.58,32634.5,35669.1,2.5844,1.6455,129.1,85.7,0.974
65.6,32673.2,35709.4,2.742,1.7447,129.1,85.6,0.974
65.62,32620.7,35622.3,2.5282,1.5304,129.0,85.6,0.975
65.64,32508.3,35501.5,2.0707,1.2332,129.0,85.6,0.976
65.66,32348.5,35274.5,1.4202,0.6746,129.0,85.6,0.976
65.68,32194.1,35134.5,0.7917,0.3302,129.0,85.6,0.977
65.7,32132.9,35158.9,0.5423,0.3902,128.9,85.6,0.978
65.72,31972.9,35059.0,-0.1087,0.1444,128.9,85.5,0.978
65.74,32093.2,35049.3,0.3807,0.1204,128.9,85.5,0.979
65.76,31916.1,35034.0,-0.3402,0.0828,128.9,85.5,0.98
65.78,31862.1,34811.6,-0.5598,-0.4644,128.8,85.5,0.98
65.8,31740.3,34772.9,-1.0556,-0.5596,128.8,85.5,0.981
65.82,31663.6,34697.9,-1.3679,-0.7441,128.8,85.5,0.981
65.84,31658.5,34648.5,-1.3887,-0.8657,128.8,85.4,0.982
65.86,31708.0,34676.4,-1.1873,-0.7971,128.7,85.4,0.983
65.88,31646.3,34689.5,-1.4384,-0.7648,128.7,85.4,0.983
65.9,31674.3,34665.2,-1.3244,-0.8247,128.7,85.4,0.984
65.92,31541.3,34479.9,-1.8655,-1.2806,128.7,85.4,0.985
65.94,31492.2,34507.1,-2.0656,-1.2135,128.6,85.4,0.985
65.96,31566.8,34502.5,-1.762,-1.225,128.6,85.4,0.986
65.98,31842.0,34765.5,-0.6417,-0.5778,128.6,85.3,0.987
66.0,32036.3,34979.2,0.1491,-0.052,128.6,85.3,0.987
66.02,32428.8,35412.3,1.747,1.0138,128.5,85.3,0.988
66.04,32498.3,35682.3,2.03,1.6779,128.5,85.3,0.989
66.06,32670.3,35774.7,2.73,1.9053,128.5,85.3,0.989
66.08,32597.1,35792.2,2.4321,1.9485,128.5,85.3,0.99
66.1,32498.2,35589.1,2.0297,1.4486,128.5,85.2,0.99
66.12,32331.1,35471.6,1.3492,1.1596,128.4,85.2,0.991
66.14,32253.4,35334.4,1.0332,0.8221,128.4,85.2,0.992
66.16,32116.2,35178.1,0.4743,0.4374,128.4,85.2,0.992
66.18,32071.3,35138.5,0.2917,0.34,128.4,85.2,0.993
66.2,32031.9,35020.5,0.1313,0.0495,128.3,85.2,0.994
66.22,31877.0,34989.3,-0.4993,-0.0271,128.3,85.1,0.994
66.24,31957.8,34873.9,-0.1703,-0.311,128.3,85.1,0.995
66.26,31838.8,34766.6,-0.6546,-0.575,128.3,85.1,0.996
66.28,31737.4,34623.2,-1.0675,-0.9279,128.2,85.1,0.996
66.3,31734.2,34767.2,-1.0807,-0.5737,128.2,85.1,0.997
66.32,31716.5,34711.2,-1.1526,-0.7114,128.2,85.1,0.997
66.34,31753.7,34585.2,-1.001,-1.0215,128.2,85.0,0.998
66.36,31589.2,34574.2,-1.6707,-1.0485,128.1,85.0,0.999
66.38,31472.3,34492.1,-2.1466,-1.2505,128.1,85.0,0.999
66.4,31539.6,34440.2,-1.8725,-1.3782,128.1,85.0,1.0
66.42,31538.6,34450.4,-1.8769,-1.3533,128.1,85.0,1.001
66.44,31806.7,34654.2,-0.7855,-0.8516,128.0,85.0,1.001
66.46,32024.6,34929.1,0.1016,-0.1752,128.0,85.0,1.002
66.48,32281.5,35292.8,1.1475,0.7197,128.0,84.9,1.003
66.5,32488.8,35519.6,1.9914,1.2777,128.0,84.9,1.003
66.52,32612.4,35831.2,2.4943,2.0443,127.9,84.9,1.004
66.54,32695.1,35800.4,2.8312,1.9686,127.9,84.9,1.005
66.56,32555.1,35678.4,2.261,1.6685,127.9,84.9,1.005
66.58,32408.8,35519.3,1.6655,1.277,127.9,84.9,1.006
66.6,32241.9,35259.5,0.9862,0.6378,127.9,84.8,1.006
66.62,32089.6,35160.5,0.3663,0.3941,127.8,84.8,1.007
66.64,32185.2,35077.3,0.7552,0.1893,127.8,84.8,1.008
66.66,32021.2,35076.8,0.088,0.1882,127.8,84.8,1.008
66.68,32036.3,35038.8,0.1493,0.0946,127.8,84.8,1.009
66.7,31874.0,34944.8,-0.5115,-0.1368,127.7,84.8,1.01
66.72,31770.5,34883.9,-0.9327,-0.2865,127.7,84.7,1.01
66.74,31705.0,34767.8,-1.1995,-0.5723,127.7,84.7,1.011
66.76,31729.8,34716.4,-1.0986,-0.6986,127.7,84.7,1.012
66.78,31731.5,34727.9,-1.0915,-0.6704,127.6,84.7,1.012
66.8,31705.7,34653.8,-1.1964,-0.8528,127.6,84.7,1.013
66.82,31695.5,34598.7,-1.2379,-0.9884,127.6,84.7,1.013
66.84,31571.6,34604.2,-1.7424,-0.9748,127.6,84.6,1.014
66.86,31397.3,34418.4,-2.4519,-1.432,127.5,84.6,1.015
66.88,31487.7,34501.2,-2.084,-1.2283,127.5,84.6,1.015
66.9,31579.7,34528.8,-1.7094,-1.1604,127.5,84.6,1.016
66.92,31825.4,34804.1,-0.7093,-0.4829,127.5,84.6,1.017
66.94,32014.8,35021.7,0.0617,0.0525,127.4,84.6,1.017
66.96,32337.5,35426.3,1.3752,1.048,127.4,84.6,1.018
66.98,32598.9,35660.3,2.4393,1.624,127.4,84.5,1.019
67.0,32753.6,35727.8,3.0693,1.79,127.4,84.5,1.019
67.02,32661.2,35682.7,2.693,1.679,127.3,84.5,1.02
67.04,32570.2,35650.0,2.3227,1.5987,127.3,84.5,1.021
67.06,32318.3,35427.3,1.2973,1.0506,127.3,84.5,1.021
67.08,32206.2,35233.9,0.8409,0.5748,127.3,84.5,1.022
67.1,32133.7,35165.5,0.5459,0.4065,127.3,84.4,1.022
67.12,32104.2,35048.7,0.4258,0.1191,127.2,84.4,1.023
67.14,31999.1,34964.8,-0.0021,-0.0875,127.2,84.4,1.024
67.16,31942.5,35051.6,-0.2327,0.1261,127.2,84.4,1.024
67.18,31845.9,34900.0,-0.6257,-0.247,127.2,84.4,1.025
67.2,31723.1,34737.4,-1.1259,-0.6469,127.1,84.4,1.026
67.22,31766.0,34681.9,-0.9509,-0.7835,127.1,84.3,1.026
67.24,31717.4,34649.9,-1.1491,-0.8622,127.1,84.3,1.027
67.26,31650.3,34683.4,-1.4219,-0.7799,127.1,84.3,1.028
67.28,31671.5,34624.4,-1.3356,-0.925,127.0,84.3,1.028
67.3,31647.7,34604.6,-1.4328,-0.9738,127.0,84.3,1.029
67.32,31524.3,34431.8,-1.9349,-1.3989,127.0,84.3,1.029
67.34,31460.4,34410.3,-2.195,-1.4519,127.0,84.2,1.03
67.36,31435.0,34469.1,-2.2986,-1.3073,126.9,84.2,1.031
67.38,31556.9,34675.9,-1.8021,-0.7984,126.9,84.2,1.031
67.4,32004.3,34854.9,0.0191,-0.3578,126.9,84.2,1.032
67.42,32306.2,35245.2,1.2479,0.6024,126.9,84.2,1.033
67.44,32523.4,35515.4,2.1323,1.2674,126.8,84.2,1.033
67.46,32675.0,35644.2,2.7493,1.5843,126.8,84.2,1.034
67.48,32669.7,35729.5,2.7276,1.7941,126.8,84.1,1.035
67.5,32630.0,35709.6,2.5662,1.7451,126.8,84.1,1.035
67.52,32412.9,35534.0,1.6821,1.3132,126.7,84.1,1.036
67.54,32253.0,35261.5,1.0316,0.6425,126.7,84.1,1.037
67.56,32186.8,35186.3,0.7618,0.4575,126.7,84.1,1.037
67.58,32135.1,35067.7,0.5515,0.1659,126.7,84.1,1.038
67.6,32111.5,35058.9,0.4554,0.1441,126.7,84.0,1.038
67.62,32030.7,34998.3,0.1265,-0.005,126.6,84.0,1.039
67.64,31926.6,34986.2,-0.2971,-0.0348,126.6,84.0,1.04
67.66,31880.9,34817.3,-0.4833,-0.4504,126.6,84.0,1.04
67.68,31804.6,34756.3,-0.7938,-0.6004,126.6,84.0,1.041
67.7,31689.9,34689.7,-1.2609,-0.7644,126.5,84.0,1.042
67.72,31595.5,34704.9,-1.6451,-0.727,126.5,83.9,1.042
67.74,31677.7,34709.7,-1.3103,-0.7152,126.5,83.9,1.043
67.76,31573.4,34578.5,-1.735,-1.038,126.5,83.9,1.044
67.78,31651.0,34613.7,-1.4193,-0.9514,126.4,83.9,1.044
67.8,31545.4,34410.6,-1.8492,-1.4511,126.4,83.9,1.045
67.82,31456.6,34389.1,-2.2104,-1.5041,126.4,83.9,1.045
67.84,31434.6,34566.7,-2.3003,-1.067,126.4,83.8,1.046
67.86,31735.5,34697.1,-1.075,-0.7462,126.3,83.8,1.047
67.88,32065.8,35011.7,0.2693,0.0281,126.3,83.8,1.047
67.9,32343.9,35319.5,1.4012,0.7854,126.3,83.8,1.048
67.92,32609.1,35646.3,2.4809,1.5894,126.3,83.8,1.049
67.94,32819.9,35751.8,3.3389,1.8491,126.2,83.8,1.049
67.96,32687.7,35785.2,2.8008,1.9313,126.2,83.8,1.05
67.98,32577.1,35589.2,2.3506,1.449,126.2,83.7,1.051
68.0,32413.6,35522.4,1.6852,1.2846,126.2,83.7,1.051
68.02,32295.9,35322.2,1.206,0.792,126.1,83.7,1.052
68.04,32216.0,35128.4,0.8809,0.315,126.1,83.7,1.053
68.06,32114.5,35170.1,0.4675,0.4178,126.1,83.7,1.053
68.08,32099.5,35053.3,0.4064,0.1302,126.1,83.7,1.054
68.1,31995.3,35010.9,-0.0176,0.0259,126.1,83.6,1.054
68.12,31944.8,34900.6,-0.2232,-0.2455,126.0,83.6,1.055
68.14,31877.3,34772.0,-0.4978,-0.5619,126.0,83.6,1.056
68.16,31719.9,34758.7,-1.1389,-0.5945,126.0,83.6,1.056
68.18,31762.4,34711.1,-0.9657,-0.7116,126.0,83.6,1.057
68.2,31654.2,34725.7,-1.4061,-0.6757,125.9,83.6,1.058
68.22,31597.8,34628.7,-1.6356,-0.9144,125.9,83.5,1.058
68.24,31666.1,34660.2,-1.3578,-0.8369,125.9,83.5,1.059
68.26,31662.1,34477.5,-1.3741,-1.2866,125.9,83.5,1.06
68.28,31509.0,34484.7,-1.9972,-1.2688,125.8,83.5,1.06
68.3,31522.6,34508.8,-1.9418,-1.2094,125.8,83.5,1.061
68.32,31564.3,34470.2,-1.772,-1.3046,125.8,83.5,1.061
68.34,31864.5,34743.1,-0.5502,-0.633,125.8,83.4,1.062
68.36,32005.6,35007.5,0.0241,0.0176,125.7,83.4,1.063
68.38,32331.5,35339.6,1.3511,0.8347,125.7,83.4,1.063
68.4,32635.8,35732.7,2.5898,1.802,125.7,83.4,1.064
68.42,32735.4,35632.3,2.9952,1.555,125.7,83.4,1.065
68.44,32567.6,35742.8,2.312,1.8269,125.6,83.4,1.065
68.46,32569.8,35619.5,2.3212,1.5236,125.6,83.4,1.066
68.48,32417.8,35350.7,1.7024,0.862,125.6,83.3,1.067
68.5,32087.6,35273.0,0.3582,0.6709,125.6,83.3,1.067
68.52,32134.1,35286.4,0.5473,0.704,125.5,83.3,1.068
68.54,32097.8,35105.0,0.3996,0.2576,125.5,83.3,1.069
68.56,32008.5,34997.9,0.0363,-0.0059,125.5,83.3,1.069
68.58,31981.9,35006.7,-0.0721,0.0156,125.5,83.3,1.07
68.6,31857.2,34900.4,-0.5797,-0.246,125.5,83.2,1.07
68.62,31817.8,34791.9,-0.7402,-0.5128,125.4,83.2,1.071
68.64,31770.2,34824.1,-0.9339,-0.4336,125.4,83.2,1.072
68.66,31749.0,34701.5,-1.0203,-0.7353,125.4,83.2,1.072
68.68,31626.8,34639.1,-1.5177,-0.8888,125.4,83.2,1.073
68.7,31632.4,34666.4,-1.4948,-0.8217,125.3,83.2,1.074
68.72,31636.5,34550.5,-1.4783,-1.1069,125.3,83.1,1.074
68.74,31553.4,34505.0,-1.8164,-1.2187,125.3,83.1,1.075
68.76,31500.3,34483.6,-2.0327,-1.2714,125.3,83.1,1.076
68.78,31467.2,34434.6,-2.1675,-1.392,125.2,83.1,1.076
68.8,31566.5,34588.8,-1.7632,-1.0126,125.2,83.1,1.077
68.82,31822.4,34810.9,-0.7213,-0.4661,125.2,83.1,1.077
68.84,32042.3,35149.8,0.1736,0.3677,125.2,83.0,1.078
68.86,32430.9,35517.7,1.7555,1.2731,125.1,83.0,1.079
68.88,32611.1,35674.7,2.4892,1.6594,125.1,83.0,1.079
68.9,32769.1,35760.6,3.1323,1.8707,125.1,83.0,1.08
68.92,32669.9,35653.6,2.7283,1.6074,125.1,83.0,1.081
68.94,32625.0,35566.6,2.5457,1.3934,125.0,83.0,1.081
68.96,32300.2,35395.7,1.2235,0.9728,125.0,83.0,1.082
68.98,32289.2,35196.5,1.1789,0.4826,125.0,82.9,1.083
69.0,32151.8,35100.7,0.6195,0.247,125.0,82.9,1.083
69.02,32131.9,35119.7,0.5385,0.2937,124.9,82.9,1.084
69.04,31992.7,35068.3,-0.0284,0.1673,124.9,82.9,1.085
69.06,31961.3,34991.6,-0.1559,-0.0216,124.9,82.9,1.085
69.08,31910.9,34914.0,-0.3612,-0.2124,124.9,82.9,1.086
69.1,31814.3,34660.2,-0.7544,-0.8369,124.9,82.8,1.086
69.12,31732.8,34782.7,-1.0864,-0.5355,124.8,82.8,1.087
69.14,31690.2,34698.2,-1.2596,-0.7434,124.8,82.8,1.088
69.16,31605.3,34670.3,-1.6054,-0.812,124.8,82.8,1.088
69.18,31566.9,34700.6,-1.7614,-0.7375,124.8,82.8,1.089
69.2,31638.4,34566.9,-1.4705,-1.0664,124.7,82.8,1.09
69.22,31551.5,34557.2,-1.8242,-1.0904,124.7,82.7,1.09
69.24,31514.0,34469.6,-1.9767,-1.306,124.7,82.7,1.091
69.26,31527.1,34505.5,-1.9237,-1.2176,124.7,82.7,1.092
69.28,31624.3,34571.0,-1.5277,-1.0563,124.6,82.7,1.092
69.3,31769.9,34754.9,-0.9353,-0.604,124.6,82.7,1.093
69.32,32049.2,35142.5,0.2018,0.3497,124.6,82.7,1.093
69.34,32421.3,35415.8,1.7166,1.0222,124.6,82.6,1.094
69.36,32606.0,35620.9,2.4683,1.5269,124.5,82.6,1.095
69.38,32675.8,35798.2,2.7524,1.9633,124.5,82.6,1.095
69.4,32652.4,35721.2,2.6574,1.7736,124.5,82.6,1.096
69.42,32558.5,35553.5,2.2752,1.3612,124.5,82.6,1.097
69.44,32343.8,35410.6,1.4009,1.0095,124.4,82.6,1.097
69.46,32290.3,35193.8,1.1832,0.476,124.4,82.6,1.098
69.48,32180.9,35181.6,0.738,0.446,124.4,82.5,1.099
69.5,32050.9,35141.0,0.2086,0.3461,124.4,82.5,1.099
69.52,32062.9,35005.4,0.2575,0.0124,124.3,82.5,1.1
69.54,32000.7,34976.1,0.0043,-0.0596,124.3,82.5,1.101
69.56,31907.7,34969.2,-0.3744,-0.0766,124.3,82.5,1.101
69.58,31806.1,34851.4,-0.7878,-0.3664,124.3,82.5,1.102
69.6,31739.5,34692.5,-1.0591,-0.7576,124.3,82.4,1.102
69.62,31761.8,34767.1,-0.9681,-0.5739,124.2,82.4,1.103
69.64,31706.2,34673.6,-1.1947,-0.8039,124.2,82.4,1.104
69.66,31633.5,34685.1,-1.4904,-0.7757,124.2,82.4,1.104
69.68,31608.9,34641.2,-1.5904,-0.8838,124.2,82.4,1.105
69.7,31545.4,34509.8,-1.8491,-1.2071,124.1,82.4,1.106
69.72,31392.1,34525.4,-2.4732,-1.1686,124.1,82.3,1.106
69.74,31531.2,34494.5,-1.9069,-1.2446,124.1,82.3,1.107
69.76,31530.9,34586.0,-1.9081,-1.0194,124.1,82.3,1.108
69.78,31712.6,34720.3,-1.1682,-0.689,124.0,82.3,1.108
69.8,32087.1,35075.5,0.3561,0.1849,124.0,82.3,1.109
69.82,32361.7,35400.9,1.474,0.9856,124.0,82.3,1.109
69.84,32638.4,35598.6,2.6001,1.4721,124.0,82.2,1.11
69.86,32701.5,35671.3,2.8573,1.6511,123.9,82.2,1.111
69.88,32751.8,35722.1,3.0618,1.776,123.9,82.2,1.111
69.9,32594.9,35667.8,2.4231,1.6423,123.9,82.2,1.112
69.92,32510.7,35375.5,2.0805,0.9232,123.9,82.2,1.113
69.94,32321.3,35230.6,1.3092,0.5665,123.8,82.2,1.113
69.96,32099.6,35126.3,0.4068,0.31,123.8,82.2,1.114
69.98,32093.2,35024.2,0.3809,0.0588,123.8,82.1,1.115
70.0,32155.8,34962.1,0.6358,-0.0941,123.8,82.1,1.115
70.02,32029.3,35057.1,0.1209,0.1397,123.8,82.1,1.115
70.04,31890.8,35002.0,-0.4431,0.0042,123.8,82.1,1.115
70.06,31880.0,34753.4,-0.4869,-0.6075,123.8,82.1,1.115
70.08,31719.7,34791.2,-1.1394,-0.5146,123.8,82.1,1.115
70.1,31668.3,34799.1,-1.3489,-0.4953,123.8,82.1,1.115
70.12,31658.1,34752.1,-1.3901,-0.6108,123.8,82.1,1.115
70.14,31673.9,34642.6,-1.3259,-0.8802,123.8,82.1,1.115
70.16,31718.2,34582.2,-1.1456,-1.029,123.8,82.1,1.115
70.18,31630.7,34482.1,-1.5018,-1.2753,123.8,82.1,1.115
70.2,31441.5,34544.2,-2.2719,-1.1224,123.8,82.1,1.115
70.22,31512.5,34411.6,-1.9829,-1.4487,123.8,82.1,1.115
70.24,31479.0,34494.1,-2.1192,-1.2457,123.8,82.1,1.115
70.26,31680.9,34712.7,-1.2976,-0.7077,123.8,82.1,1.115
70.28,31928.6,34944.3,-0.289,-0.1378,123.8,82.1,1.115
70.3,32403.1,35257.7,1.6424,0.6332,123.8,82.1,1.115
70.32,32523.8,35496.8,2.1336,1.2215,123.8,82.1,1.115
70.34,32652.7,35709.0,2.6583,1.7438,123.8,82.1,1.115
70.36,32766.4,35814.1,3.1214,2.0024,123.8,82.1,1.115
70.38,32668.1,35677.1,2.7212,1.6652,123.8,82.1,1.115
70.4,32515.8,35439.4,2.1011,1.0804,123.8,82.1,1.115
70.42,32385.3,35398.9,1.5701,0.9808,123.8,82.1,1.115
70.44,32139.3,35235.8,0.5684,0.5795,123.8,82.1,1.115
70.46,32101.8,35114.9,0.416,0.2818,123.8,82.1,1.115
70.48,32119.3,35051.5,0.487,0.126,123.8,82.1,1.115
70.5,32066.4,35025.0,0.2716,0.0607,123.8,82.1,1.115
70.52,31942.3,34934.1,-0.2335,-0.1629,123.8,82.1,1.115
70.54,31918.1,34883.1,-0.332,-0.2885,123.8,82.1,1.115
70.56,31757.8,34779.3,-0.9845,-0.5438,123.8,82.1,1.115
70.58,31728.2,34763.6,-1.105,-0.5825,123.8,82.1,1.115
70.6,31598.1,34661.0,-1.6345,-0.8349,123.8,82.1,1.115
70.62,31651.8,34700.5,-1.4161,-0.7379,123.8,82.1,1.115
70.64,31526.0,34608.6,-1.9281,-0.964,123.8,82.1,1.115
70.66,31541.8,34560.3,-1.8636,-1.0829,123.8,82.1,1.115
70.68,31474.3,34466.2,-2.1387,-1.3143,123.8,82.1,1.115
70.7,31438.3,34485.6,-2.285,-1.2667,123.8,82.1,1.115
70.72,31389.5,34480.5,-2.4837,-1.279,123.8,82.1,1.115
70.74,31533.3,34705.3,-1.8984,-0.726,123.8,82.1,1.115
70.76,31893.5,34927.3,-0.4322,-0.1797,123.8,82.1,1.115
70.78,32245.3,35223.1,1.0,0.5482,123.8,82.1,1.115
70.8,32475.9,35485.2,1.9387,1.193,123.8,82.1,1.115
70.82,32690.2,35729.2,2.8111,1.7933,123.8,82.1,1.115
70.84,32791.8,35656.4,3.2246,1.6144,123.8,82.1,1.115
70.86,32693.2,35669.8,2.8233,1.6474,123.8,82.1,1.115
70.88,32503.7,35547.8,2.0519,1.347,123.8,82.1,1.115
70.9,32311.0,35293.7,1.2677,0.7219,123.8,82.1,1.115
70.92,32258.8,35228.4,1.0548,0.5613,123.8,82.1,1.115
70.94,32156.3,35236.6,0.6378,0.5813,123.8,82.1,1.115
70.96,32127.7,34992.3,0.5212,-0.0198,123.8,82.1,1.115
70.98,32029.4,35069.4,0.1211,0.1699,123.8,82.1,1.115
71.0,31964.5,34991.0,-0.1432,-0.0229,123.8,82.1,1.115
71.02,31911.6,34831.3,-0.3583,-0.4161,123.8,82.1,1.115
71.04,31714.7,34778.5,-1.1598,-0.546,123.8,82.1,1.115
71.06,31672.5,34731.5,-1.3315,-0.6615,123.8,82.1,1.115
71.08,31742.5,34691.0,-1.0468,-0.7613,123.8,82.1,1.115
71.1,31764.3,34714.1,-0.9578,-0.7043,123.8,82.1,1.115
71.12,31750.8,34693.9,-1.013,-0.754,123.8,82.1,1.115
71.14,31578.3,34640.6,-1.7152,-0.8851,123.8,82.1,1.115
71.16,31490.5,34505.8,-2.0727,-1.217,123.8,82.1,1.115
71.18,31483.0,34515.4,-2.1032,-1.1932,123.8,82.1,1.115
71.2,31435.0,34461.4,-2.2986,-1.326,123.8,82.1,1.115
71.22,31627.6,34560.2,-1.5146,-1.0829,123.8,82.1,1.115
71.24,31728.3,34886.6,-1.1043,-0.2799,123.8,82.1,1.115
71.26,32192.9,35087.0,0.7866,0.2132,123.8,82.1,1.115
71.28,32399.0,35427.0,1.6258,1.0499,123.8,82.1,1.115
71.3,32610.4,35684.4,2.4863,1.6833,123.8,82.1,1.115
71.32,32784.4,35756.5,3.1947,1.8605,123.8,82.1,1.115
71.34,32662.1,35769.0,2.6969,1.8914,123.8,82.1,1.115
71.36,32598.2,35589.5,2.4364,1.4497,123.8,82.1,1.115
71.38,32470.3,35318.2,1.9158,0.782,123.8,82.1,1.115
71.4,32307.8,35227.7,1.2544,0.5593,123.8,82.1,1.115
71.42,32102.4,35179.1,0.4184,0.4398,123.8,82.1,1.115
71.44,32047.1,35169.5,0.1933,0.4162,123.8,82.1,1.115
71.46,32064.3,34959.4,0.2631,-0.1008,123.8,82.1,1.115
71.48,32000.6,35090.7,0.004,0.2224,123.8,82.1,1.115
71.5,31992.1,34857.7,-0.0306,-0.351,123.8,82.1,1.115
71.52,31737.3,34809.6,-1.068,-0.4694,123.8,82.1,1.115
71.54,31755.5,34771.8,-0.9938,-0.5623,123.8,82.1,1.115
71.56,31737.1,34693.7,-1.0688,-0.7544,123.8,82.1,1.115
71.58,31640.8,34692.6,-1.4609,-0.7572,123.8,82.1,1.115
71.6,31676.2,34668.6,-1.3167,-0.8163,123.8,82.1,1.115
71.62,31608.0,34670.9,-1.5942,-0.8106,123.8,82.1,1.115
71.64,31567.1,34530.1,-1.7608,-1.1571,123.8,82.1,1.115
71.66,31488.1,34443.8,-2.0822,-1.3693,123.8,82.1,1.115
71.68,31365.3,34389.3,-2.5822,-1.5036,123.8,82.1,1.115
71.7,31562.5,34580.3,-1.7796,-1.0335,123.8,82.1,1.115
71.72,31810.5,34745.9,-0.77,-0.6259,123.8,82.1,1.115
71.74,32054.8,35004.3,0.2244,0.0096,123.8,82.1,1.115
71.76,32337.7,35396.3,1.3763,0.9743,123.8,82.1,1.115
71.78,32575.3,35535.7,2.3435,1.3173,123.8,82.1,1.115
71.8,32741.5,35810.4,3.0198,1.9932,123.8,82.1,1.115
71.82,32781.7,35662.3,3.1835,1.6288,123.8,82.1,1.115
71.84,32589.2,35639.7,2.4,1.5733,123.8,82.1,1.115
71.86,32493.9,35349.6,2.0119,0.8595,123.8,82.1,1.115
71.88,32330.4,35324.4,1.3464,0.7975,123.8,82.1,1.115
71.9,32086.5,35122.4,0.3535,0.3004,123.8,82.1,1.115
71.92,32082.9,35125.3,0.339,0.3076,123.8,82.1,1.115
71.94,32061.3,35014.2,0.251,0.0341,123.8,82.1,1.115
71.96,31976.5,35002.0,-0.0943,0.004,123.8,82.1,1.115
71.98,31938.2,34933.9,-0.25,-0.1636,123.8,82.1,1.115
72.0,31790.5,34837.1,-0.8515,-0.4016,123.8,82.1,1.115
72.02,31713.9,34673.5,-1.1632,-0.8043,123.8,82.1,1.115
72.04,31776.6,34713.3,-0.9079,-0.7063,123.8,82.1,1.115
72.06,31674.9,34682.8,-1.3221,-0.7813,123.8,82.1,1.115
72.08,31614.3,34754.7,-1.5684,-0.6044,123.8,82.1,1.115
72.1,31619.3,34663.5,-1.5483,-0.8287,123.8,82.1,1.115
72.12,31437.6,34626.1,-2.2879,-0.9209,123.8,82.1,1.115
72.14,31424.9,34497.2,-2.3396,-1.2379,123.8,82.1,1.115
72.16,31422.9,34411.7,-2.3476,-1.4485,123.8,82.1,1.115
72.18,31457.5,34606.2,-2.2068,-0.9698,123.8,82.1,1.115
72.2,31657.2,34701.6,-1.3939,-0.7351,123.8,82.1,1.115
72.22,31929.9,34988.7,-0.2839,-0.0287,123.8,82.1,1.115
72.24,32310.2,35352.4,1.2642,0.8663,123.8,82.1,1.115
72.26,32499.3,35530.8,2.0338,1.3053,123.8,82.1,1.115
72.28,32769.5,35749.6,3.1338,1.8436,123.8,82.1,1.115
72.3,32685.1,35844.0,2.7902,2.0759,123.8,82.1,1.115
72.32,32747.7,35710.0,3.045,1.7461,123.8,82.1,1.115
72.34,32370.4,35434.6,1.5092,1.0685,123.8,82.1,1.115
72.36,32332.8,35276.1,1.3563,0.6786,123.8,82.1,1.115
72.38,32156.4,35206.1,0.6382,0.5062,123.8,82.1,1.115
72.4,32144.0,35131.2,0.5876,0.3221,123.8,82.1,1.115
72.42,32149.6,35078.9,0.6106,0.1934,123.8,82.1,1.115
72.44,32041.8,35055.0,0.1717,0.1345,123.8,82.1,1.115
72.46,31908.8,34922.3,-0.3699,-0.192,123.8,82.1,1.115
72.48,31834.9,34840.2,-0.6705,-0.394,123.8,82.1,1.115
72.5,31757.4,34868.4,-0.9861,-0.3246,123.8,82.1,1.115
72.52,31698.9,34716.4,-1.2241,-0.6987,123.8,82.1,1.115
72.54,31661.0,34606.7,-1.3784,-0.9686,123.8,82.1,1.115
72.56,31673.6,34667.0,-1.3271,-0.8202,123.8,82.1,1.115
72.58,31601.0,34623.2,-1.6226,-0.9281,123.8,82.1,1.115
72.6,31638.3,34577.0,-1.471,-1.0417,123.8,82.1,1.115
72.62,31427.1,34418.8,-2.3308,-1.431,123.8,82.1,1.115
72.64,31431.4,34481.5,-2.3131,-1.2766,123.8,82.1,1.115
72.66,31430.0,34399.9,-2.3189,-1.4774,123.8,82.1,1.115
72.68,31650.0,34677.7,-1.4233,-0.7938,123.8,82.1,1.115
72.7,31910.1,34966.8,-0.3644,-0.0825,123.8,82.1,1.115
72.72,32280.5,35266.6,1.1434,0.6551,123.8,82.1,1.115
72.74,32508.8,35511.3,2.0728,1.2572,123.8,82.1,1.115
72.76,32683.1,35755.5,2.782,1.8581,123.8,82.1,1.115
72.78,32828.0,35703.8,3.372,1.7309,123.8,82.1,1.115
72.8,32718.5,35597.6,2.9261,1.4696,123.8,82.1,1.115
72.82,32484.8,35483.5,1.9751,1.1889,123.8,82.1,1.115
72.84,32349.5,35309.5,1.4242,0.7607,123.8,82.1,1.115
72.86,32244.7,35197.7,0.9977,0.4856,123.8,82.1,1.115
72.88,32023.1,35134.1,0.0955,0.3291,123.8,82.1,1.115
72.9,32093.3,35135.3,0.3814,0.332,123.8,82.1,1.115
72.92,32038.5,34962.1,0.1582,-0.094,123.8,82.1,1.115
72.94,31993.4,34920.0,-0.0253,-0.1978,123.8,82.1,1.115
72.96,31861.6,34837.4,-0.5619,-0.4009,123.8,82.1,1.115
72.98,31851.0,34740.3,-0.6051,-0.6398,123.8,82.1,1.115
73.0,31665.2,34651.8,-1.3614,-0.8576,123.8,82.1,1.115
73.02,31625.3,34720.4,-1.524,-0.6889,123.8,82.1,1.115
73.04,31690.4,34739.4,-1.2588,-0.642,123.8,82.1,1.115
73.06,31581.3,34646.9,-1.7028,-0.8697,123.8,82.1,1.115
73.08,31539.1,34592.7,-1.8745,-1.0031,123.8,82.1,1.115
73.1,31520.5,34534.0,-1.9505,-1.1475,123.8,82.1,1.115
73.12,31572.3,34433.2,-1.7395,-1.3955,123.8,82.1,1.115
73.14,31470.6,34420.2,-2.1537,-1.4275,123.8,82.1,1.115
73.16,31643.9,34603.0,-1.4482,-0.9778,123.8,82.1,1.115
73.18,31857.8,34826.1,-0.5773,-0.4288,123.8,82.1,1.115
73.2,32187.3,35133.8,0.7639,0.3283,123.8,82.1,1.115
73.22,32481.0,35494.5,1.9594,1.216,123.8,82.1,1.115
73.24,32708.3,35668.6,2.8848,1.6442,123.8,82.1,1.115
73.26,32780.0,35753.3,3.1766,1.8527,123.8,82.1,1.115
73.28,32712.2,35730.2,2.9008,1.7959,123.8,82.1,1.115
73.3,32502.7,35530.3,2.0477,1.3041,123.8,82.1,1.115
73.32,32386.4,35291.4,1.5742,0.7163,123.8,82.1,1.115
73.34,32170.4,35212.3,0.6951,0.5214,123.8,82.1,1.115
73.36,32206.7,35154.5,0.8428,0.3794,123.8,82.1,1.115
73.38,32180.5,35051.1,0.7361,0.1249,123.8,82.1,1.115
73.4,32108.7,35079.9,0.4439,0.1957,123.8,82.1,1.115
73.42,31970.9,35048.1,-0.1171,0.1176,123.8,82.1,1.115
73.44,31902.2,34905.5,-0.3967,-0.2333,123.8,82.1,1.115
73.46,31816.1,34779.7,-0.7471,-0.543,123.8,82.1,1.115
73.48,31631.9,34638.5,-1.4971,-0.8904,123.8,82.1,1.115
73.5,31655.5,34724.5,-1.4008,-0.6787,123.8,82.1,1.115
73.52,31670.9,34740.1,-1.338,-0.6404,123.8,82.1,1.115
73.54,31617.6,34617.4,-1.5552,-0.9423,123.8,82.1,1.115
73.56,31589.7,34564.0,-1.6687,-1.0736,123.8,82.1,1.115
73.58,31476.2,34520.6,-2.1306,-1.1803,123.8,82.1,1.115
73.6,31415.6,34474.5,-2.3775,-1.2939,123.8,82.1,1.115
73.62,31447.2,34436.1,-2.2488,-1.3884,123.8,82.1,1.115
73.64,31499.5,34517.4,-2.036,-1.1883,123.8,82.1,1.115
73.66,31796.7,34789.9,-0.8262,-0.5178,123.8,82.1,1.115
73.68,32024.2,35097.8,0.1002,0.2398,123.8,82.1,1.115
73.7,32413.8,35356.2,1.6859,0.8756,123.8,82.1,1.115
73.72,32675.4,35592.2,2.7507,1.4564,123.8,82.1,1.115
73.74,32669.7,35808.3,2.7275,1.9879,123.8,82.1,1.115
73.76,32766.3,35793.2,3.1209,1.9509,123.8,82.1,1.115
73.78,32622.7,35590.7,2.5364,1.4526,123.8,82.1,1.115
73.8,32491.0,35445.7,2.0002,1.0958,123.8,82.1,1.115
73.82,32274.5,35317.2,1.1189,0.7797,123.8,82.1,1.115
73.84,32199.5,35223.9,0.8136,0.5501,123.8,82.1,1.115
73.86,32097.9,35048.4,0.4001,0.1182,123.8,82.1,1.115
73.88,32145.5,35133.0,0.5939,0.3263,123.8,82.1,1.115
73.9,31983.3,35015.4,-0.0666,0.0371,123.8,82.1,1.115
73.92,31948.3,34873.9,-0.2088,-0.3111,123.8,82.1,1.115
73.94,31848.3,34751.7,-0.6162,-0.6118,123.8,82.1,1.115
73.96,31722.5,34766.9,-1.1282,-0.5745,123.8,82.1,1.115
73.98,31676.8,34712.2,-1.3142,-0.7091,123.8,82.1,1.115
74.0,31627.6,34660.1,-1.5143,-0.8372,123.8,82.1,1.115
74.02,31667.2,34596.7,-1.3532,-0.9933,123.8,82.1,1.115
74.04,31549.0,34703.2,-1.8342,-0.7312,123.8,82.1,1.115
74.06,31404.3,34561.6,-2.4236,-1.0796,123.8,82.1,1.115
74.08,31428.3,34526.9,-2.3258,-1.1648,123.8,82.1,1.115
74.1,31377.7,34391.0,-2.5317,-1.4994,123.8,82.1,1.115
74.12,31482.8,34526.4,-2.1039,-1.1662,123.8,82.1,1.115
74.14,31700.9,34772.1,-1.2162,-0.5617,123.8,82.1,1.115
74.16,32003.5,35056.9,0.0155,0.1392,123.8,82.1,1.115
74.18,32341.3,35257.8,1.3907,0.6335,123.8,82.1,1.115
74.2,32579.8,35632.8,2.3618,1.5563,123.8,82.1,1.115
74.22,32676.2,35676.0,2.754,1.6624,123.8,82.1,1.115
74.24,32787.4,35832.1,3.2067,2.0467,123.8,82.1,1.115
74.26,32742.7,35593.0,3.0249,1.4583,123.8,82.1,1.115
74.28,32457.2,35444.7,1.8625,1.0934,123.8,82.1,1.115
74.3,32296.7,35303.1,1.2093,0.7451,123.8,82.1,1.115
74.32,32088.1,35186.7,0.3601,0.4585,123.8,82.1,1.115
74.34,32115.4,35029.7,0.4713,0.0723,123.8,82.1,1.115
74.36,32172.4,35072.5,0.7031,0.1776,123.8,82.1,1.115
74.38,32054.4,34961.1,0.2229,-0.0966,123.8,82.1,1.115
74.4,31976.3,35056.9,-0.0949,0.1391,123.8,82.1,1.115
74.42,31772.5,34858.3,-0.9247,-0.3494,123.8,82.1,1.115
74.44,31772.2,34790.9,-0.9258,-0.5154,123.8,82.1,1.115
74.46,31638.8,34666.2,-1.469,-0.8221,123.8,82.1,1.115
74.48,31643.0,34664.1,-1.4518,-0.8273,123.8,82.1,1.115
74.5,31610.2,34627.3,-1.5851,-0.9179,123.8,82.1,1.115
74.52,31640.9,34666.3,-1.4604,-0.8219,123.8,82.1,1.115
74.54,31521.6,34705.6,-1.9459,-0.7253,123.8,82.1,1.115
74.56,31503.0,34600.8,-2.0217,-0.9831,123.8,82.1,1.115
74.58,31444.9,34559.7,-2.2582,-1.0842,123.8,82.1,1.115
74.6,31479.3,34503.1,-2.1182,-1.2235,123.8,82.1,1.115
74.62,31664.2,34791.3,-1.3656,-0.5143,123.8,82.1,1.115
74.64,31962.6,34889.9,-0.1508,-0.2719,123.8,82.1,1.115
74.66,32206.3,35266.6,0.8414,0.6553,123.8,82.1,1.115
74.68,32554.1,35531.2,2.2571,1.3063,123.8,82.1,1.115
74.7,32672.6,35732.9,2.7393,1.8025,123.8,82.1,1.115
74.72,32829.1,35887.2,3.3764,2.1823,123.8,82.1,1.115
74.74,32626.0,35548.7,2.5498,1.3492,123.8,82.1,1.115
74.76,32570.2,35518.7,2.3228,1.2754,123.8,82.1,1.115
74.78,32363.2,35327.4,1.4801,0.8048,123.8,82.1,1.115
74.8,32218.3,35211.5,0.8901,0.5196,123.8,82.1,1.115
74.82,32067.6,35120.4,0.2765,0.2953,123.8,82.1,1.115
74.84,32121.0,35142.0,0.494,0.3485,123.8,82.1,1.115
74.86,32064.6,35050.6,0.2645,0.1237,123.8,82.1,1.115
74.88,32022.8,34871.2,0.0941,-0.3179,123.8,82.1,1.115
74.9,31826.2,34803.9,-0.7061,-0.4833,123.8,82.1,1.115
74.92,31737.0,34750.7,-1.0692,-0.6144,123.8,82.1,1.115
74.94,31687.9,34745.1,-1.2689,-0.628,123.8,82.1,1.115
74.96,31633.9,34707.3,-1.4886,-0.721,123.8,82.1,1.115
74.98,31692.5,34588.9,-1.2501,-1.0123,123.8,82.1,1.115
75.0,31636.3,34591.6,-1.4788,-1.0057,123.8,82.1,1.115
75.02,31605.8,34579.5,-1.603,-1.0356,123.8,82.1,1.115
75.04,31589.0,34587.6,-1.6716,-1.0155,123.8,82.1,1.115
75.06,31387.4,34508.1,-2.4923,-1.2112,123.8,82.1,1.115
75.08,31365.2,34440.1,-2.5826,-1.3784,123.8,82.1,1.115
75.1,31639.9,34630.7,-1.4645,-0.9094,123.8,82.1,1.115
75.12,31954.2,34846.3,-0.185,-0.3789,123.8,82.1,1.115
75.14,32123.8,35218.8,0.5053,0.5376,123.8,82.1,1.115
75.16,32477.8,35493.4,1.9464,1.2132,123.8,82.1,1.115
75.18,32711.5,35670.9,2.898,1.6499,123.8,82.1,1.115
75.2,32839.0,35785.8,3.4168,1.9328,123.8,82.1,1.115
75.22,32757.0,35733.7,3.0829,1.8045,123.8,82.1,1.115
75.24,32522.9,35546.2,2.1299,1.3432,123.8,82.1,1.115
75.26,32397.8,35331.0,1.6207,0.8136,123.8,82.1,1.115
75.28,32233.0,35244.2,0.9498,0.6001,123.8,82.1,1.115
75.3,32269.0,35119.8,1.0966,0.2939,123.8,82.1,1.115
75.32,32029.9,35104.0,0.1234,0.255,123.8,82.1,1.115
75.34,32032.9,35146.9,0.1352,0.3606,123.8,82.1,1.115
75.36,32020.1,35031.4,0.0834,0.0764,123.8,82.1,1.115
75.38,31911.4,34971.6,-0.3594,-0.0707,123.8,82.1,1.115
75.4,31732.8,34824.3,-1.0861,-0.4331,123.8,82.1,1.115
75.42,31729.8,34744.3,-1.0985,-0.6301,123.8,82.1,1.115
75.44,31728.6,34680.8,-1.1031,-0.7862,123.8,82.1,1.115
75.46,31664.3,34650.0,-1.3651,-0.8621,123.8,82.1,1.115
75.48,31581.9,34631.1,-1.7003,-0.9085,123.8,82.1,1.115
75.5,31619.8,34606.5,-1.5461,-0.969,123.8,82.1,1.115
75.52,31457.2,34431.0,-2.2082,-1.4009,123.8,82.1,1.115
75.54,31467.6,34498.3,-2.1659,-1.2353,123.8,82.1,1.115
75.56,31397.2,34497.2,-2.4525,-1.238,123.8,82.1,1.115
75.58,31593.1,34528.8,-1.655,-1.1602,123.8,82.1,1.115
75.6,31827.0,34801.4,-0.7029,-0.4896,123.8,82.1,1.115
75.62,32017.7,35106.1,0.0734,0.2602,123.8,82.1,1.115
75.64,32391.6,35424.3,1.5956,1.0433,123.8,82.1,1.115
75.66,32673.9,35582.4,2.7446,1.4322,123.8,82.1,1.115
75.68,32794.1,35717.1,3.2339,1.7637,123.8,82.1,1.115
75.7,32724.0,35725.4,2.9488,1.784,123.8,82.1,1.115
75.72,32634.6,35680.0,2.5848,1.6723,123.8,82.1,1.115
75.74,32438.3,35317.9,1.7855,0.7815,123.8,82.1,1.115
75.76,32372.4,35220.7,1.5175,0.5421,123.8,82.1,1.115
75.78,32211.6,35189.2,0.8628,0.4647,123.8,82.1,1.115
75.8,31999.1,35100.5,-0.002,0.2464,123.8,82.1,1.115
75.82,32023.5,35085.9,0.0971,0.2105,123.8,82.1,1.115
75.84,31946.0,34950.2,-0.2184,-0.1234,123.8,82.1,1.115
75.86,31985.8,34852.6,-0.0565,-0.3635,123.8,82.1,1.115
75.88,31819.7,34728.6,-0.7324,-0.6688,123.8,82.1,1.115
75.9,31692.6,34684.8,-1.2498,-0.7763,123.8,82.1,1.115
75.92,31594.4,34665.6,-1.6495,-0.8237,123.8,82.1,1.115
75.94,31654.3,34621.0,-1.4056,-0.9335,123.8,82.1,1.115
75.96,31625.8,34580.8,-1.5217,-1.0324,123.8,82.1,1.115
75.98,31492.8,34623.6,-2.063,-0.9269,123.8,82.1,1.115
76.0,31536.0,34640.1,-1.8875,-0.8865,123.8,82.1,1.115
76.02,31462.2,34555.4,-2.1876,-1.0948,123.8,82.1,1.115
76.04,31502.2,34418.3,-2.0247,-1.4322,123.8,82.1,1.115
76.06,31487.9,34521.6,-2.0831,-1.178,123.8,82.1,1.115
76.08,31738.0,34719.1,-1.0651,-0.692,123.8,82.1,1.115
76.1,31942.6,35007.8,-0.2322,0.0184,123.8,82.1,1.115
76.12,32328.6,35384.4,1.3391,0.945,123.8,82.1,1.115
76.14,32597.3,35735.7,2.4331,1.8094,123.8,82.1,1.115
76.16,32709.7,35784.9,2.8905,1.9305,123.8,82.1,1.115
76.18,32840.7,35716.1,3.4236,1.7613,123.8,82.1,1.115
76.2,32547.4,35586.8,2.2299,1.4429,123.8,82.1,1.115
76.22,32424.5,35352.0,1.7295,0.8653,123.8,82.1,1.115
76.24,32336.8,35316.6,1.3727,0.7783,123.8,82.1,1.115
76.26,32205.9,35192.6,0.8398,0.473,123.8,82.1,1.115
76.28,32088.0,35072.0,0.3597,0.1763,123.8,82.1,1.115
76.3,32076.1,35074.6,0.3112,0.1828,123.8,82.1,1.115
76.32,32061.6,34946.1,0.2524,-0.1335,123.8,82.1,1.115
76.34,31954.4,34914.4,-0.1843,-0.2114,123.8,82.1,1.115
76.36,31832.4,34843.9,-0.6807,-0.385,123.8,82.1,1.115
76.38,31666.6,34701.1,-1.3558,-0.7363,123.8,82.1,1.115
76.4,31671.5,34704.0,-1.3359,-0.7293,123.8,82.1,1.115
76.42,31713.7,34673.4,-1.1637,-0.8044,123.8,82.1,1.115
76.44,31628.6,34695.0,-1.5105,-0.7513,123.8,82.1,1.115
76.46,31664.4,34586.8,-1.3645,-1.0175,123.8,82.1,1.115
76.48,31496.7,34497.3,-2.0471,-1.2378,123.8,82.1,1.115
76.5,31552.1,34468.0,-1.8219,-1.3099,123.8,82.1,1.115
76.52,31438.0,34476.9,-2.2861,-1.2881,123.8,82.1,1.115
76.54,31536.8,34350.8,-1.8841,-1.5983,123.8,82.1,1.115
76.56,31662.0,34650.1,-1.3743,-0.8617,123.8,82.1,1.115
76.58,31918.4,34847.9,-0.3307,-0.3751,123.8,82.1,1.115
76.6,32205.5,35319.0,0.8381,0.784,123.8,82.1,1.115
76.62,32565.4,35480.3,2.3031,1.181,123.8,82.1,1.115
76.64,32842.8,35761.5,3.4323,1.8729,123.8,82.1,1.115
76.66,32735.4,35726.8,2.995,1.7876,123.8,82.1,1.115
76.68,32662.8,35704.1,2.6997,1.7316,123.8,82.1,1.115
76.7,32467.9,35453.4,1.9063,1.1148,123.8,82.1,1.115
76.72,32356.1,35360.1,1.451,0.8853,123.8,82.1,1.115
76.74,32182.4,35263.4,0.7442,0.6474,123.8,82.1,1.115
76.76,32157.4,35159.6,0.6421,0.3918,123.8,82.1,1.115
76.78,32076.5,34992.1,0.313,-0.0204,123.8,82.1,1.115
76.8,32115.1,35027.8,0.4701,0.0676,123.8,82.1,1.115
76.82,31987.8,34926.6,-0.0484,-0.1815,123.8,82.1,1.115
76.84,31893.4,34836.4,-0.4326,-0.4035,123.8,82.1,1.115
76.86,31778.5,34735.7,-0.9002,-0.6513,123.8,82.1,1.115
76.88,31749.5,34706.9,-1.0182,-0.7221,123.8,82.1,1.115
76.9,31659.0,34693.7,-1.3866,-0.7545,123.8,82.1,1.115
76.92,31631.2,34695.2,-1.4998,-0.7508,123.8,82.1,1.115
76.94,31710.8,34556.4,-1.1759,-1.0923,123.8,82.1,1.115
76.96,31676.9,34606.6,-1.3137,-0.9689,123.8,82.1,1.115
76.98,31516.3,34493.5,-1.9674,-1.247,123.8,82.1,1.115
77.0,31417.5,34425.1,-2.3695,-1.4154,123.8,82.1,1.115
77.02,31433.7,34443.1,-2.3036,-1.3711,123.8,82.1,1.115
77.04,31592.1,34520.3,-1.6588,-1.1812,123.8,82.1,1.115
77.06,31870.4,34928.0,-0.5259,-0.1779,123.8,82.1,1.115
77.08,32190.4,35172.4,0.7764,0.4234,123.8,82.1,1.115
77.1,32514.1,35561.1,2.0941,1.3798,123.8,82.1,1.115
77.12,32616.2,35698.8,2.51,1.7187,123.8,82.1,1.115
77.14,32785.5,35758.4,3.1992,1.8652,123.8,82.1,1.115
77.16,32740.2,35768.9,3.0146,1.8911,123.8,82.1,1.115
77.18,32622.6,35559.7,2.536,1.3764,123.8,82.1,1.115
77.2,32384.7,35353.6,1.5676,0.8691,123.8,82.1,1.115
77.22,32247.6,35262.6,1.0093,0.6454,123.8,82.1,1.115
77.24,32094.5,35104.7,0.3864,0.2569,123.8,82.1,1.115
77.26,32019.3,35070.4,0.08,0.1723,123.8,82.1,1.115
77.28,32088.0,35061.1,0.3595,0.1494,123.8,82.1,1.115
77.3,31950.4,35082.3,-0.2003,0.2017,123.8,82.1,1.115
77.32,31856.8,34796.2,-0.5815,-0.5023,123.8,82.1,1.115
77.34,31686.7,34710.6,-1.274,-0.713,123.8,82.1,1.115
77.36,31781.7,34703.0,-0.887,-0.7316,123.8,82.1,1.115
77.38,31676.6,34689.0,-1.315,-0.7662,123.8,82.1,1.115
77.4,31642.4,34706.1,-1.4541,-0.724,123.8,82.1,1.115
77.42,31624.5,34689.0,-1.5271,-0.7661,123.8,82.1,1.115
77.44,31630.3,34610.8,-1.5035,-0.9585,123.8,82.1,1.115
77.46,31506.5,34542.7,-2.0076,-1.1262,123.8,82.1,1.115
77.48,31434.6,34397.1,-2.3,-1.4844,123.8,82.1,1.115
77.5,31424.8,34503.4,-2.34,-1.2227,123.8,82.1,1.115
77.52,31553.7,34623.6,-1.8154,-0.9271,123.8,82.1,1.115
77.54,31786.5,34816.4,-0.8675,-0.4525,123.8,82.1,1.115
77.56,32160.4,35111.7,0.6545,0.274,123.8,82.1,1.115
77.58,32391.3,35378.1,1.5944,0.9294,123.8,82.1,1.115
77.6,32653.0,35662.5,2.6597,1.6293,123.8,82.1,1.115
77.62,32768.8,35783.9,3.1311,1.928,123.8,82.1,1.115
77.64,32752.9,35681.3,3.0663,1.6757,123.8,82.1,1.115
77.66,32523.0,35603.0,2.1303,1.483,123.8,82.1,1.115
77.68,32301.9,35377.6,1.2303,0.9282,123.8,82.1,1.115
77.7,32287.4,35258.5,1.1716,0.6353,123.8,82.1,1.115
77.72,32146.2,35159.2,0.5967,0.3909,123.8,82.1,1.115
77.74,32149.0,35034.4,0.6082,0.0837,123.8,82.1,1.115
77.76,32081.9,35082.7,0.335,0.2027,123.8,82.1,1.115
77.78,32017.5,34968.0,0.0727,-0.0795,123.8,82.1,1.115
77.8,31900.5,34920.2,-0.4035,-0.1973,123.8,82.1,1.115
77.82,31794.0,34824.9,-0.8372,-0.4317,123.8,82.1,1.115
77.84,31792.2,34744.2,-0.8444,-0.6303,123.8,82.1,1.115
77.86,31678.8,34720.5,-1.3059,-0.6886,123.8,82.1,1.115
77.88,31750.5,34804.6,-1.0143,-0.4817,123.8,82.1,1.115
77.9,31695.9,34667.9,-1.2363,-0.8181,123.8,82.1,1.115
77.92,31604.5,34617.6,-1.6083,-0.9417,123.8,82.1,1.115
77.94,31535.6,34577.7,-1.8889,-1.04,123.8,82.1,1.115
77.96,31452.1,34423.1,-2.229,-1.4203,123.8,82.1,1.115
77.98,31474.2,34440.9,-2.1387,-1.3765,123.8,82.1,1.115
78.0,31535.1,34454.6,-1.8909,-1.3429,123.8,82.1,1.115
78.02,31756.1,34803.5,-0.9912,-0.4843,123.8,82.1,1.115
78.04,32099.4,34947.7,0.4062,-0.1295,123.8,82.1,1.115
78.06,32413.2,35382.6,1.6834,0.9405,123.8,82.1,1.115
78.08,32529.8,35552.4,2.1583,1.3584,123.8,82.1,1.115
78.1,32761.4,35736.3,3.1011,1.8108,123.8,82.1,1.115
78.12,32727.7,35800.7,2.9638,1.9694,123.8,82.1,1.115
78.14,32680.2,35548.6,2.7704,1.349,123.8,82.1,1.115
78.16,32425.5,35465.6,1.7334,1.1449,123.8,82.1,1.115
78.18,32276.0,35272.2,1.1251,0.669,123.8,82.1,1.115
78.2,32269.2,35183.0,1.0974,0.4494,123.8,82.1,1.115
78.22,32118.4,35145.6,0.4835,0.3574,123.8,82.1,1.115
78.24,32050.1,35113.9,0.2053,0.2793,123.8,82.1,1.115
78.26,31988.7,35007.9,-0.0444,0.0185,123.8,82.1,1.115
78.28,31912.8,34913.6,-0.3536,-0.2134,123.8,82.1,1.115
78.3,31829.6,34835.4,-0.6922,-0.4059,123.8,82.1,1.115
78.32,31829.9,34831.4,-0.6911,-0.4157,123.8,82.1,1.115
78.34,31728.9,34699.5,-1.1022,-0.7402,123.8,82.1,1.115
78.36,31734.7,34669.4,-1.0784,-0.8142,123.8,82.1,1.115
78.38,31641.0,34737.2,-1.4598,-0.6475,123.8,82.1,1.115
78.4,31575.0,34625.3,-1.7284,-0.9228,123.8,82.1,1.115
78.42,31520.6,34513.6,-1.9499,-1.1976,123.8,82.1,1.115
78.44,31473.2,34570.1,-2.1429,-1.0586,123.8,82.1,1.115
78.46,31359.8,34534.6,-2.6047,-1.146,123.8,82.1,1.115
78.48,31506.6,34523.6,-2.0069,-1.1732,123.8,82.1,1.115
78.5,31576.6,34708.6,-1.722,-0.7178,123.8,82.1,1.115
78.52,31949.1,34923.7,-0.2059,-0.1885,123.8,82.1,1.115
78.54,32278.2,35309.1,1.134,0.7598,123.8,82.1,1.115
78.56,32561.8,35575.0,2.2883,1.4139,123.8,82.1,1.115
78.58,32715.5,35727.8,2.914,1.79,123.8,82.1,1.115
78.6,32748.8,35740.1,3.0497,1.8203,123.8,82.1,1.115
78.62,32702.6,35758.0,2.8617,1.8642,123.8,82.1,1.115
78.64,32439.9,35473.1,1.7923,1.1632,123.8,82.1,1.115
78.66,32300.8,35238.8,1.2261,0.5867,123.8,82.1,1.115
78.68,32146.4,35176.4,0.5973,0.4332,123.8,82.1,1.115
78.7,32133.8,35118.9,0.5463,0.2918,123.8,82.1,1.115
78.72,32173.7,35051.9,0.7086,0.1269,123.8,82.1,1.115
78.74,32013.8,34947.0,0.0577,-0.1313,123.8,82.1,1.115
78.76,31941.3,34969.9,-0.2374,-0.075,123.8,82.1,1.115
78.78,31729.0,34872.1,-1.1016,-0.3155,123.8,82.1,1.115
78.8,31723.2,34735.5,-1.1254,-0.6517,123.8,82.1,1.115
78.82,31755.5,34767.8,-0.9939,-0.5723,123.8,82.1,1.115
78.84,31687.2,34669.0,-1.2718,-0.8153,123.8,82.1,1.115
78.86,31625.6,34634.3,-1.5226,-0.9008,123.8,82.1,1.115
78.88,31591.7,34708.9,-1.6606,-0.717,123.8,82.1,1.115
78.9,31564.8,34638.9,-1.7702,-0.8893,123.8,82.1,1.115
78.92,31516.0,34510.0,-1.9687,-1.2066,123.8,82.1,1.115
78.94,31420.2,34469.7,-2.3588,-1.3058,123.8,82.1,1.115
78.96,31467.6,34464.7,-2.1659,-1.3179,123.8,82.1,1.115
78.98,31569.0,34539.2,-1.7528,-1.1347,123.8,82.1,1.115
79.0,31900.8,34708.8,-0.4022,-0.7174,123.8,82.1,1.115
79.02,32275.3,35239.1,1.1221,0.5874,123.8,82.1,1.115
79.04,32481.3,35509.4,1.9609,1.2525,123.8,82.1,1.115
79.06,32698.6,35718.8,2.8454,1.7679,123.8,82.1,1.115
79.08,32806.5,35814.2,3.2845,2.0026,123.8,82.1,1.115
79.1,32738.5,35514.9,3.0079,1.266,123.8,82.1,1.115
79.12,32564.2,35433.7,2.2982,1.0663,123.8,82.1,1.115
79.14,32335.2,35421.6,1.3659,1.0367,123.8,82.1,1.115
79.16,32253.7,35231.0,1.0342,0.5675,123.8,82.1,1.115
79.18,32028.6,35123.7,0.118,0.3034,123.8,82.1,1.115
79.2,32071.6,35138.2,0.2929,0.3393,123.8,82.1,1.115
79.22,31997.8,35002.8,-0.0076,0.0061,123.8,82.1,1.115
79.24,32088.2,34911.0,0.3607,-0.2198,123.8,82.1,1.115
79.26,31946.4,34839.6,-0.2165,-0.3955,123.8,82.1,1.115
79.28,31798.4,34773.2,-0.8192,-0.5589,123.8,82.1,1.115
79.3,31705.3,34780.0,-1.1983,-0.542,123.8,82.1,1.115
79.32,31668.0,34756.7,-1.3501,-0.5995,123.8,82.1,1.115
79.34,31611.0,34628.5,-1.5822,-0.915,123.8,82.1,1.115
79.36,31630.0,34645.2,-1.5048,-0.8738,123.8,82.1,1.115
79.38,31599.2,34533.9,-1.6299,-1.1477,123.8,82.1,1.115
79.4,31515.3,34485.8,-1.9715,-1.2662,123.8,82.1,1.115
79.42,31433.9,34501.7,-2.3028,-1.227,123.8,82.1,1.115
79.44,31537.0,34471.8,-1.8832,-1.3006,123.8,82.1,1.115
79.46,31498.9,34622.6,-2.0382,-0.9296,123.8,82.1,1.115
79.48,31852.6,34802.9,-0.5986,-0.4858,123.8,82.1,1.115
79.5,32151.4,35145.1,0.6178,0.3562,123.8,82.1,1.115
79.52,32401.9,35401.1,1.6375,0.9861,123.8,82.1,1.115
79.54,32692.4,35701.6,2.8199,1.7256,123.8,82.1,1.115
79.56,32851.5,35770.5,3.4676,1.895,123.8,82.1,1.115
79.58,32710.7,35691.4,2.8947,1.7004,123.8,82.1,1.115
79.6,32567.5,35554.5,2.3116,1.3635,123.8,82.1,1.115
79.62,32381.9,35475.1,1.5562,1.1682,123.8,82.1,1.115
79.64,32255.3,35326.8,1.0408,0.8033,123.8,82.1,1.115
79.66,32107.8,35094.5,0.4405,0.2316,123.8,82.1,1.115
79.68,32182.1,35110.1,0.7426,0.2701,123.8,82.1,1.115
79.7,32160.4,35058.8,0.6543,0.1438,123.8,82.1,1.115
79.72,32030.0,35035.4,0.1237,0.0863,123.8,82.1,1.115
79.74,31902.5,34832.2,-0.3954,-0.4138,123.8,82.1,1.115
79.76,31779.2,34785.2,-0.8975,-0.5295,123.8,82.1,1.115
79.78,31719.6,34806.7,-1.1399,-0.4764,123.8,82.1,1.115
79.8,31654.9,34716.5,-1.4034,-0.6984,123.8,82.1,1.115
79.82,31600.0,34692.4,-1.6266,-0.7576,123.8,82.1,1.115
79.84,31633.8,34580.8,-1.4891,-1.0322,123.8,82.1,1.115
79.86,31630.1,34536.3,-1.5042,-1.1418,123.8,82.1,1.115
79.88,31520.2,34516.0,-1.9515,-1.1918,123.8,82.1,1.115
79.9,31425.0,34496.2,-2.3391,-1.2404,123.8,82.1,1.115
79.92,31416.7,34538.2,-2.3731,-1.1372,123.8,82.1,1.115
79.94,31573.7,34552.5,-1.7338,-1.102,123.8,82.1,1.115
79.96,31730.1,34711.8,-1.097,-0.71,123.8,82.1,1.115
79.98,32108.5,35042.1,0.443,0.1028,123.8,82.1,1.115
80.0,32422.3,35475.9,1.7205,1.1702,123.8,82.1,1.115
80.02,32740.1,35666.2,3.0144,1.6384,123.8,82.1,1.115
80.04,32836.3,35773.6,3.406,1.9026,123.8,82.1,1.115
80.06,32696.3,35705.7,2.8359,1.7356,123.8,82.1,1.115
80.08,32638.6,35591.5,2.6012,1.4546,123.8,82.1,1.115
80.1,32466.3,35433.2,1.8996,1.0651,123.8,82.1,1.115
80.12,32273.7,35251.7,1.1156,0.6186,123.8,82.1,1.115
80.14,32079.2,35187.3,0.3239,0.4601,123.8,82.1,1.115
80.16,32079.7,35181.9,0.3258,0.4467,123.8,82.1,1.115
80.18,32061.9,35034.2,0.2533,0.0832,123.8,82.1,1.115
80.2,32091.9,34924.3,0.3758,-0.1871,123.8,82.1,1.115
80.22,31988.4,34900.2,-0.0456,-0.2464,123.8,82.1,1.115
80.24,31851.7,34823.4,-0.6023,-0.4355,123.8,82.1,1.115
80.26,31788.3,34726.1,-0.8603,-0.6748,123.8,82.1,1.115
80.28,31687.4,34638.5,-1.2709,-0.8902,123.8,82.1,1.115
80.3,31667.6,34643.9,-1.3518,-0.8771,123.8,82.1,1.115
80.32,31604.5,34688.9,-1.6087,-0.7664,123.8,82.1,1.115
80.34,31595.0,34633.0,-1.6473,-0.9039,123.8,82.1,1.115
80.36,31512.8,34496.3,-1.9819,-1.2401,123.8,82.1,1.115
80.38,31473.1,34486.9,-2.1434,-1.2634,123.8,82.1,1.115
80.4,31384.9,34417.3,-2.5026,-1.4347,123.8,82.1,1.115
80.42,31482.2,34552.7,-2.1063,-1.1014,123.8,82.1,1.115
80.44,31526.1,34753.2,-1.9275,-0.6081,123.8,82.1,1.115
80.46,31895.9,35015.7,-0.4224,0.0378,123.8,82.1,1.115
80.48,32234.3,35243.2,0.9553,0.5975,123.8,82.1,1.115
80.5,32595.8,35706.3,2.4269,1.737,123.8,82.1,1.115
80.52,32819.1,35809.3,3.3357,1.9906,123.8,82.1,1.115
80.54,32845.2,35735.4,3.442,1.8088,123.8,82.1,1.115
80.56,32638.6,35680.8,2.6013,1.6743,123.8,82.1,1.115
80.58,32529.5,35458.7,2.1568,1.1277,123.8,82.1,1.115
80.6,32263.8,35299.0,1.0755,0.735,123.8,82.1,1.115
80.62,32186.3,35169.6,0.7597,0.4166,123.8,82.1,1.115
80.64,32074.3,35140.3,0.3041,0.3444,123.8,82.1,1.115
80.66,32033.3,35075.0,0.1369,0.1838,123.8,82.1,1.115
80.68,32042.3,35063.5,0.1735,0.1553,123.8,82.1,1.115
80.7,31969.6,34950.2,-0.1223,-0.1233,123.8,82.1,1.115
80.72,31940.9,34793.0,-0.2391,-0.5103,123.8,82.1,1.115
80.74,31728.7,34739.9,-1.1027,-0.6408,123.8,82.1,1.115
80.76,31741.9,34648.1,-1.0493,-0.8668,123.8,82.1,1.115
80.78,31686.3,34745.2,-1.2755,-0.6279,123.8,82.1,1.115
80.8,31616.9,34697.5,-1.5578,-0.7451,123.8,82.1,1.115
80.82,31633.8,34561.8,-1.4893,-1.0792,123.8,82.1,1.115
80.84,31574.5,34624.8,-1.7306,-0.9241,123.8,82.1,1.115
80.86,31378.7,34465.2,-2.5276,-1.3168,123.8,82.1,1.115
80.88,31499.5,34397.5,-2.036,-1.4834,123.8,82.1,1.115
80.9,31425.8,34490.4,-2.3361,-1.2547,123.8,82.1,1.115
80.92,31681.3,34655.4,-1.2959,-0.8488,123.8,82.1,1.115
80.94,31905.0,34903.0,-0.3853,-0.2394,123.8,82.1,1.115
80.96,32210.5,35173.2,0.8583,0.4255,123.8,82.1,1.115
80.98,32474.7,35557.9,1.9338,1.372,123.8,82.1,1.115
81.0,32752.2,35615.0,3.0633,1.5125,123.8,82.1,1.115
81.02,32764.0,35727.0,3.1116,1.788,123.8,82.1,1.115
81.04,32677.7,35630.2,2.7602,1.5499,123.8,82.1,1.115
81.06,32601.5,35597.2,2.4501,1.4688,123.8,82.1,1.115
81.08,32295.3,35352.6,1.2035,0.8668,123.8,82.1,1.115
81.1,32206.1,35193.3,0.8406,0.4748,123.8,82.1,1.115
81.12,32019.7,35191.4,0.0817,0.47,123.8,82.1,1.115
81.14,32124.6,35117.3,0.5088,0.2877,123.8,82.1,1.115
81.16,32048.5,35068.9,0.199,0.1688,123.8,82.1,1.115
81.18,31973.7,35035.9,-0.1056,0.0874,123.8,82.1,1.115
81.2,31894.2,34844.5,-0.4291,-0.3836,123.8,82.1,1.115
81.22,31840.3,34746.0,-0.6487,-0.6259,123.8,82.1,1.115
81.24,31655.6,34720.0,-1.4006,-0.6898,123.8,82.1,1.115
81.26,31666.2,34656.8,-1.3573,-0.8454,123.8,82.1,1.115
81.28,31646.1,34706.8,-1.4391,-0.7224,123.8,82.1,1.115
81.3,31688.5,34551.0,-1.2664,-1.1058,123.8,82.1,1.115
81.32,31673.0,34604.6,-1.3295,-0.9736,123.8,82.1,1.115
81.34,31496.7,34584.0,-2.0472,-1.0245,123.8,82.1,1.115
81.36,31465.8,34416.3,-2.173,-1.4371,123.8,82.1,1.115
81.38,31375.6,34490.5,-2.5401,-1.2545,123.8,82.1,1.115
81.4,31532.0,34587.7,-1.9036,-1.0154,123.8,82.1,1.115
81.42,31761.8,34806.7,-0.9683,-0.4766,123.8,82.1,1.115
81.44,32105.3,35094.7,0.4301,0.2322,123.8,82.1,1.115
81.46,32419.8,35456.4,1.7105,1.1223,123.8,82.1,1.115
81.48,32621.7,35673.0,2.5324,1.6552,123.8,82.1,1.115
81.5,32808.6,35756.1,3.2929,1.8597,123.8,82.1,1.115
81.52,32748.9,35700.0,3.0499,1.7216,123.8,82.1,1.115
81.54,32575.5,35498.7,2.3441,1.2262,123.8,82.1,1.115
81.56,32428.0,35352.7,1.7438,0.867,123.8,82.1,1.115
81.58,32231.7,35254.3,0.9446,0.6248,123.8,82.1,1.115
81.6,32178.5,35167.7,0.7282,0.4117,123.8,82.1,1.115
81.62,32116.8,35119.2,0.4769,0.2924,123.8,82.1,1.115
81.64,32086.0,35122.9,0.3515,0.3016,123.8,82.1,1.115
81.66,32035.1,35008.4,0.1444,0.0198,123.8,82.1,1.115
81.68,31892.4,34911.5,-0.4366,-0.2185,123.8,82.1,1.115
81.7,31790.2,34796.2,-0.8525,-0.5024,123.8,82.1,1.115
81.72,31660.8,34717.1,-1.3792,-0.6969,123.8,82.1,1.115
81.74,31666.4,34794.1,-1.3566,-0.5075,123.8,82.1,1.115
81.76,31756.9,34656.4,-0.9879,-0.8462,123.8,82.1,1.115
81.78,31660.9,34662.3,-1.3788,-0.8318,123.8,82.1,1.115
81.8,31524.8,34578.0,-1.9331,-1.0392,123.8,82.1,1.115
81.82,31545.6,34477.2,-1.848,-1.2872,123.8,82.1,1.115
81.84,31486.7,34451.8,-2.0881,-1.3498,123.8,82.1,1.115
81.86,31476.8,34431.4,-2.1285,-1.4,123.8,82.1,1.115
81.88,31534.4,34535.2,-1.8937,-1.1444,123.8,82.1,1.115
81.9,31801.2,34714.3,-0.8077,-0.7039,123.8,82.1,1.115
81.92,32036.1,35127.6,0.1486,0.3132,123.8,82.1,1.115
81.94,32346.4,35368.1,1.4116,0.9049,123.8,82.1,1.115
81.96,32659.6,35597.8,2.6864,1.4702,123.8,82.1,1.115
81.98,32763.2,35762.5,3.1083,1.8753,123.8,82.1,1.115
82.0,32786.2,35748.4,3.202,1.8407,123.8,82.1,1.115
82.02,32592.4,35557.2,2.4129,1.3701,123.8,82.1,1.115
82.04,32390.3,35462.0,1.5904,1.136,123.8,82.1,1.115
82.06,32166.1,35222.1,0.6777,0.5456,123.8,82.1,1.115
82.08,32187.9,35130.9,0.7666,0.3212,123.8,82.1,1.115
82.1,32150.0,35104.7,0.6121,0.2569,123.8,82.1,1.115
82.12,32032.1,35065.0,0.1324,0.1592,123.8,82.1,1.115
82.14,32045.2,35017.1,0.1856,0.0411,123.8,82.1,1.115
82.16,31952.2,34864.9,-0.1929,-0.3333,123.8,82.1,1.115
82.18,31810.8,34828.2,-0.7686,-0.4236,123.8,82.1,1.115
82.2,31716.1,34727.6,-1.1542,-0.6711,123.8,82.1,1.115
82.22,31632.8,34602.0,-1.4932,-0.9801,123.8,82.1,1.115
82.24,31689.5,34668.4,-1.2624,-0.8167,123.8,82.1,1.115
82.26,31660.3,34670.8,-1.3812,-0.811,123.8,82.1,1.115
82.28,31691.7,34633.0,-1.2534,-0.9039,123.8,82.1,1.115
82.3,31573.4,34662.4,-1.7351,-0.8316,123.8,82.1,1.115
82.32,31489.0,34544.5,-2.0786,-1.1216,123.8,82.1,1.115
82.34,31414.2,34471.1,-2.383,-1.3021,123.8,82.1,1.115
82.36,31520.6,34459.0,-1.9498,-1.3319,123.8,82.1,1.115
82.38,31671.0,34694.3,-1.3377,-0.7532,123.8,82.1,1.115
82.4,31941.7,34810.6,-0.2358,-0.4668,123.8,82.1,1.115
82.42,32253.6,35293.7,1.0336,0.7218,123.8,82.1,1.115
82.44,32584.4,35535.4,2.3806,1.3165,123.8,82.1,1.115
82.46,32810.4,35735.9,3.3004,1.81,123.8,82.1,1.115
82.48,32738.2,35762.1,3.0066,1.8743,123.8,82.1,1.115
82.5,32670.8,35604.5,2.7323,1.4866,123.8,82.1,1.115
82.52,32496.2,35417.0,2.0213,1.0252,123.8,82.1,1.115
82.54,32378.3,35310.3,1.5413,0.7627,123.8,82.1,1.115
82.56,32119.4,35172.5,0.4875,0.4235,123.8,82.1,1.115
82.58,32087.0,35090.0,0.3555,0.2206,123.8,82.1,1.115
82.6,32109.9,35046.7,0.4487,0.114,123.8,82.1,1.115
82.62,32038.0,34998.2,0.1562,-0.0053,123.8,82.1,1.115
82.64,31899.9,34971.0,-0.4059,-0.0723,123.8,82.1,1.115
82.66,31780.3,34813.0,-0.8928,-0.461,123.8,82.1,1.115
82.68,31699.6,34786.2,-1.2214,-0.527,123.8,82.1,1.115
82.7,31756.2,34656.1,-0.991,-0.8469,123.8,82.1,1.115
82.72,31717.0,34697.7,-1.1505,-0.7446,123.8,82.1,1.115
82.74,31607.0,34761.8,-1.5984,-0.5869,123.8,82.1,1.115
82.76,31630.6,34638.0,-1.5023,-0.8916,123.8,82.1,1.115
82.78,31528.0,34590.4,-1.9197,-1.0087,123.8,82.1,1.115
82.8,31613.7,34618.0,-1.5709,-0.9408,123.8,82.1,1.115
82.82,31399.3,34512.7,-2.4438,-1.1999,123.8,82.1,1.115
82.84,31461.2,34524.6,-2.1916,-1.1706,123.8,82.1,1.115
82.86,31733.8,34656.2,-1.0822,-0.8469,123.8,82.1,1.115
82.88,31949.2,34960.8,-0.2055,-0.0973,123.8,82.1,1.115
82.9,32202.1,35246.7,0.824,0.6062,123.8,82.1,1.115
82.92,32587.2,35441.6,2.3918,1.0857,123.8,82.1,1.115
82.94,32830.5,35646.4,3.3823,1.5896,123.8,82.1,1.115
82.96,32752.0,35789.2,3.0626,1.941,123.8,82.1,1.115
82.98,32615.7,35651.1,2.5076,1.6014,123.8,82.1,1.115
83.0,32621.4,35540.9,2.5312,1.3302,123.8,82.1,1.115
83.02,32396.7,35255.6,1.6165,0.628,123.8,82.1,1.115
83.04,32188.1,35193.5,0.767,0.4753,123.8,82.1,1.115
83.06,32139.1,35090.2,0.5676,0.2212,123.8,82.1,1.115
83.08,32063.2,35112.4,0.2589,0.2757,123.8,82.1,1.115
83.1,32060.8,35038.7,0.2488,0.0944,123.8,82.1,1.115
83.12,31948.1,34962.6,-0.2098,-0.093,123.8,82.1,1.115
83.14,31844.2,34858.1,-0.6329,-0.3499,123.8,82.1,1.115
83.16,31864.2,34681.2,-0.5513,-0.7853,123.8,82.1,1.115
83.18,31642.2,34617.2,-1.4548,-0.9428,123.8,82.1,1.115
83.2,31651.7,34681.7,-1.4162,-0.784,123.8,82.1,1.115
83.22,31553.8,34699.7,-1.815,-0.7398,123.8,82.1,1.115
83.24,31598.4,34645.1,-1.6334,-0.8742,123.8,82.1,1.115
83.26,31548.8,34622.5,-1.835,-0.9296,123.8,82.1,1.115
83.28,31604.3,34521.4,-1.6091,-1.1784,123.8,82.1,1.115
83.3,31493.4,34410.4,-2.0609,-1.4517,123.8,82.1,1.115
83.32,31456.1,34361.3,-2.2124,-1.5724,123.8,82.1,1.115
83.34,31576.3,34576.4,-1.7231,-1.0432,123.8,82.1,1.115
83.36,31846.7,34847.8,-0.6225,-0.3753,123.8,82.1,1.115
83.38,32149.4,35209.4,0.6098,0.5144,123.8,82.1,1.115
83.4,32419.3,35410.1,1.7084,1.0084,123.8,82.1,1.115
83.42,32717.5,35715.2,2.9221,1.759,123.8,82.1,1.115
83.44,32791.3,35691.6,3.2228,1.7009,123.8,82.1,1.115
83.46,32686.9,35804.9,2.7977,1.9797,123.8,82.1,1.115
83.48,32635.8,35610.9,2.5898,1.5024,123.8,82.1,1.115
83.5,32330.2,35355.1,1.3455,0.873,123.8,82.1,1.115
83.52,32185.9,35229.0,0.7581,0.5627,123.8,82.1,1.115
83.54,32204.2,35290.6,0.8329,0.7143,123.8,82.1,1.115
83.56,32204.6,35112.5,0.8344,0.2761,123.8,82.1,1.115
83.58,32064.1,35038.0,0.2626,0.0927,123.8,82.1,1.115
83.6,32036.8,35029.7,0.1513,0.0722,123.8,82.1,1.115
83.62,31858.5,34923.1,-0.5747,-0.1899,123.8,82.1,1.115
83.64,31866.5,34803.2,-0.5418,-0.4851,123.8,82.1,1.115
83.66,31641.1,34632.1,-1.4593,-0.9062,123.8,82.1,1.115
83.68,31648.5,34728.4,-1.4295,-0.6691,123.8,82.1,1.115
83.7,31630.1,34721.4,-1.5042,-0.6863,123.8,82.1,1.115
83.72,31599.8,34638.8,-1.6277,-0.8895,123.8,82.1,1.115
83.74,31618.3,34618.4,-1.5524,-0.9398,123.8,82.1,1.115
83.76,31481.4,34600.2,-2.1095,-0.9847,123.8,82.1,1.115
83.78,31517.3,34453.5,-1.9633,-1.3454,123.8,82.1,1.115
83.8,31443.1,34437.3,-2.2657,-1.3854,123.8,82.1,1.115
83.82,31593.7,34498.0,-1.6525,-1.2362,123.8,82.1,1.115
83.84,31796.5,34804.1,-0.8269,-0.4829,123.8,82.1,1.115
83.86,32082.5,35128.2,0.3371,0.3147,123.8,82.1,1.115
83.88,32408.9,35379.6,1.6662,0.9333,123.8,82.1,1.115
83.9,32684.7,35717.5,2.7886,1.7646,123.8,82.1,1.115
83.92,32704.0,35781.8,2.8674,1.9229,123.8,82.1,1.115
83.94,32753.3,35732.8,3.0679,1.8023,123.8,82.1,1.115
83.96,32614.6,35516.4,2.5032,1.2698,123.8,82.1,1.115
83.98,32422.2,35470.6,1.7202,1.1571,123.8,82.1,1.115
84.0,32261.1,35159.9,1.0644,0.3927,123.8,82.1,1.115
84.02,32198.7,35171.4,0.8105,0.4208,123.8,82.1,1.115
84.04,32165.2,35061.8,0.6741,0.1513,123.8,82.1,1.115
84.06,32045.1,35071.6,0.1851,0.1754,123.8,82.1,1.115
84.08,31935.6,35002.1,-0.2608,0.0044,123.8,82.1,1.115
84.1,31949.6,34855.1,-0.2039,-0.3573,123.8,82.1,1.115
84.12,31766.7,34855.9,-0.9483,-0.3554,123.8,82.1,1.115
84.14,31755.1,34709.9,-0.9956,-0.7148,123.8,82.1,1.115
84.16,31666.2,34660.6,-1.3571,-0.8359,123.8,82.1,1.115
84.18,31643.3,34713.3,-1.4505,-0.7064,123.8,82.1,1.115
84.2,31655.5,34614.5,-1.401,-0.9494,123.8,82.1,1.115
84.22,31584.9,34711.8,-1.6883,-0.7101,123.8,82.1,1.115
84.24,31494.4,34514.4,-2.0565,-1.1957,123.8,82.1,1.115
84.26,31534.1,34484.1,-1.895,-1.2701,123.8,82.1,1.115
84.28,31460.8,34434.5,-2.1936,-1.3923,123.8,82.1,1.115
84.3,31526.3,34498.6,-1.9266,-1.2345,123.8,82.1,1.115
84.32,31730.2,34668.0,-1.0969,-0.8178,123.8,82.1,1.115
84.34,32005.1,35070.7,0.0221,0.1732,123.8,82.1,1.115
84.36,32296.9,35375.5,1.2101,0.9231,123.8,82.1,1.115
84.38,32630.4,35664.4,2.5676,1.634,123.8,82.1,1.115
84.4,32676.0,35752.7,2.7533,1.8512,123.8,82.1,1.115
84.42,32661.3,35590.9,2.6935,1.4532,123.8,82.1,1.115
84.44,32684.7,35686.1,2.7887,1.6874,123.8,82.1,1.115
84.46,32443.7,35345.8,1.8077,0.8499,123.8,82.1,1.115
84.48,32244.5,35286.4,0.9968,0.704,123.8,82.1,1.115
84.5,32181.6,35293.2,0.7406,0.7205,123.8,82.1,1.115
84.52,32185.1,35107.6,0.7551,0.2638,123.8,82.1,1.115
84.54,32113.2,35086.3,0.4623,0.2116,123.8,82.1,1.115
84.56,32051.8,35165.0,0.2124,0.4053,123.8,82.1,1.115
84.58,31925.5,34948.2,-0.3016,-0.1283,123.8,82.1,1.115
84.6,31882.4,34849.4,-0.4771,-0.3713,123.8,82.1,1.115
84.62,31763.5,34664.3,-0.9612,-0.827,123.8,82.1,1.115
84.64,31689.8,34671.2,-1.2612,-0.8099,123.8,82.1,1.115
84.66,31767.3,34637.9,-0.9456,-0.8918,123.8,82.1,1.115
84.68,31679.1,34672.4,-1.3046,-0.8069,123.8,82.1,1.115
84.7,31641.2,34635.0,-1.459,-0.899,123.8,82.1,1.115
84.72,31584.7,34564.5,-1.6891,-1.0725,123.8,82.1,1.115
84.74,31390.4,34544.7,-2.4799,-1.1211,123.8,82.1,1.115
84.76,31369.1,34431.7,-2.5665,-1.3992,123.8,82.1,1.115
84.78,31505.7,34581.8,-2.0105,-1.0298,123.8,82.1,1.115
84.8,31641.5,34522.5,-1.4579,-1.1757,123.8,82.1,1.115
84.82,31843.7,34929.9,-0.6349,-0.1734,123.8,82.1,1.115
84.84,32255.8,35232.0,1.0428,0.57,123.8,82.1,1.115
84.86,32592.2,35479.9,2.412,1.1801,123.8,82.1,1.115
84.88,32695.0,35718.7,2.8307,1.7676,123.8,82.1,1.115
84.9,32786.3,35766.0,3.2023,1.8841,123.8,82.1,1.115
84.92,32755.8,35693.0,3.0781,1.7044,123.8,82.1,1.115
84.94,32474.3,35484.3,1.9323,1.1909,123.8,82.1,1.115
84.96,32283.7,35334.6,1.1562,0.8225,123.8,82.1,1.115
84.98,32233.1,35250.6,0.9505,0.6158,123.8,82.1,1.115
85.0,32008.6,35175.1,0.0366,0.43,147.8,98.1,0.475
85.02,31966.2,35098.2,-0.1363,0.2409,147.8,98.1,0.475
85.04,31997.7,34952.7,-0.0077,-0.1173,147.8,98.1,0.475
85.06,31941.9,34890.4,-0.235,-0.2705,147.8,98.1,0.475
85.08,31989.7,34680.9,-0.0402,-0.7859,147.8,98.1,0.475
85.1,31885.4,34707.2,-0.4651,-0.7213,147.8,98.1,0.475
85.12,31801.3,34679.7,-0.8076,-0.789,147.8,98.1,0.475
85.14,31811.7,34717.9,-0.7651,-0.6948,147.8,98.1,0.475
85.16,31833.9,34619.7,-0.6745,-0.9367,147.8,98.1,0.475
85.18,31813.6,34428.8,-0.7573,-1.4064,147.8,98.1,0.475
85.2,31723.5,34502.7,-1.1241,-1.2245,147.8,98.1,0.475
85.22,31704.1,34520.2,-1.2032,-1.1814,147.8,98.1,0.475
85.24,31960.4,34675.5,-0.1597,-0.7992,147.8,98.1,0.475
85.26,32092.3,35018.1,0.3773,0.0438,147.8,98.1,0.475
85.28,32178.8,35493.0,0.7293,1.2123,147.8,98.1,0.475
85.3,32259.9,35667.6,1.0594,1.642,147.8,98.1,0.475
85.32,32243.7,35692.4,0.9934,1.7028,147.8,98.1,0.475
85.34,32256.2,35587.4,1.0443,1.4445,147.8,98.1,0.475
85.36,32122.8,35398.8,0.5014,0.9806,147.8,98.1,0.475
85.38,32077.8,35196.5,0.3182,0.4828,147.8,98.1,0.475
85.4,31969.1,35168.2,-0.1242,0.4131,147.8,98.1,0.475
85.42,32020.7,35184.8,0.0857,0.4538,147.8,98.1,0.475
85.44,31911.7,35051.9,-0.3579,0.127,147.8,98.1,0.475
85.46,32052.6,35031.0,0.2157,0.0755,147.8,98.1,0.475
85.48,31856.8,34819.2,-0.5816,-0.4458,147.8,98.1,0.475
85.5,31828.3,34719.0,-0.6973,-0.6921,147.8,98.1,0.475
85.52,31806.1,34720.6,-0.7879,-0.6882,147.8,98.1,0.475
85.54,31849.8,34656.7,-0.6098,-0.8456,147.8,98.1,0.475
85.56,31810.1,34623.2,-0.7715,-0.9279,147.8,98.1,0.475
85.58,31777.4,34529.1,-0.9048,-1.1595,147.8,98.1,0.475
85.6,31721.7,34483.0,-1.1312,-1.2731,147.8,98.1,0.475
85.62,31765.4,34454.7,-0.9537,-1.3426,147.8,98.1,0.475
85.64,31908.9,34665.1,-0.3694,-0.8249,147.8,98.1,0.475
85.66,31949.2,34849.9,-0.2052,-0.3703,147.8,98.1,0.475
85.68,32203.8,35335.7,0.831,0.8253,147.8,98.1,0.475
85.7,32267.4,35655.0,1.0899,1.6107,147.8,98.1,0.475
85.72,32373.3,35790.8,1.521,1.945,147.8,98.1,0.475
85.74,32326.8,35599.4,1.3319,1.4741,147.8,98.1,0.475
85.76,32191.2,35475.4,0.7797,1.169,147.8,98.1,0.475
85.78,32046.4,35393.1,0.1902,0.9665,147.8,98.1,0.475
85.8,32119.7,35078.2,0.4886,0.1917,147.8,98.1,0.475
85.82,32169.4,35104.1,0.691,0.2554,147.8,98.1,0.475
85.84,32038.9,35067.7,0.1598,0.1658,147.8,98.1,0.475
85.86,32051.3,34974.3,0.2103,-0.0641,147.8,98.1,0.475
85.88,32069.5,34912.5,0.2846,-0.2161,147.8,98.1,0.475
85.9,31894.6,34769.7,-0.4275,-0.5676,147.8,98.1,0.475
85.92,31846.2,34734.4,-0.6244,-0.6543,147.8,98.1,0.475
85.94,31825.1,34656.8,-0.7106,-0.8452,147.8,98.1,0.475
85.96,31796.5,34736.1,-0.8267,-0.6502,147.8,98.1,0.475
85.98,31848.1,34589.4,-0.6169,-1.0112,147.8,98.1,0.475
86.0,31776.0,34550.2,-0.9104,-1.1077,147.8,98.1,0.475
86.02,31784.8,34407.6,-0.8743,-1.4584,147.8,98.1,0.475
86.04,31817.7,34592.7,-0.7408,-1.003,147.8,98.1,0.475
86.06,31974.8,34851.5,-0.101,-0.3662,147.8,98.1,0.475
86.08,32145.3,35270.3,0.5929,0.6642,147.8,98.1,0.475
86.1,32194.4,35613.2,0.7928,1.5081,147.8,98.1,0.475
86.12,32331.6,35746.2,1.3512,1.8352,147.8,98.1,0.475
86.14,32294.7,35680.5,1.201,1.6735,147.8,98.1,0.475
86.16,32251.1,35570.3,1.0238,1.4024,147.8,98.1,0.475
86.18,32099.0,35358.2,0.4046,0.8805,147.8,98.1,0.475
86.2,32033.9,35163.8,0.1395,0.4021,147.8,98.1,0.475
86.22,32095.9,35085.2,0.392,0.2088,147.8,98.1,0.475
86.24,32086.3,35105.8,0.3527,0.2595,147.8,98.1,0.475
86.26,31922.2,35048.1,-0.3152,0.1175,147.8,98.1,0.475
86.28,31872.3,34884.6,-0.5183,-0.2848,147.8,98.1,0.475
86.3,31905.2,34699.2,-0.3845,-0.741,147.8,98.1,0.475
86.32,31833.6,34684.7,-0.6757,-0.7767,147.8,98.1,0.475
86.34,31879.1,34697.2,-0.4907,-0.7459,147.8,98.1,0.475
86.36,31774.4,34695.6,-0.917,-0.7499,147.8,98.1,0.475
86.38,31803.7,34553.0,-0.7976,-1.1008,147.8,98.1,0.475
86.4,31745.3,34558.4,-1.0352,-1.0874,147.8,98.1,0.475
86.42,31696.2,34428.9,-1.2352,-1.4061,147.8,98.1,0.475
86.44,31803.4,34601.6,-0.7988,-0.9811,147.8,98.1,0.475
86.46,31942.0,34709.8,-0.2345,-0.715,147.8,98.1,0.475
86.48,32038.2,35024.2,0.1571,0.0587,147.8,98.1,0.475
86.5,32276.5,35428.5,1.1269,1.0535,147.8,98.1,0.475
86.52,32385.5,35653.6,1.5707,1.6074,147.8,98.1,0.475
86.54,32266.9,35711.0,1.0882,1.7486,147.8,98.1,0.475
86.56,32202.0,35680.9,0.8239,1.6746,147.8,98.1,0.475
86.58,32186.4,35437.2,0.7603,1.075,147.8,98.1,0.475
86.6,32084.6,35255.2,0.3457,0.6271,147.8,98.1,0.475
86.62,31997.1,35102.6,-0.0105,0.2516,147.8,98.1,0.475
86.64,32059.9,35122.6,0.2452,0.3009,147.8,98.1,0.475
86.66,31916.5,34994.6,-0.3386,-0.014,147.8,98.1,0.475
86.68,31975.6,34960.6,-0.098,-0.0977,147.8,98.1,0.475
86.7,32022.0,34855.6,0.091,-0.3562,147.8,98.1,0.475
86.72,31898.3,34733.2,-0.4123,-0.6573,147.8,98.1,0.475
86.74,31864.6,34641.7,-0.5498,-0.8824,147.8,98.1,0.475
86.76,31859.6,34637.5,-0.5701,-0.8928,147.8,98.1,0.475
86.78,31739.9,34678.4,-1.0571,-0.7921,147.8,98.1,0.475
86.8,31763.5,34568.1,-0.9612,-1.0636,147.8,98.1,0.475
86.82,31850.1,34424.5,-0.6087,-1.4168,147.8,98.1,0.475
86.84,31769.2,34550.9,-0.938,-1.106,147.8,98.1,0.475
86.86,31799.2,34622.1,-0.8159,-0.9307,147.8,98.1,0.475
86.88,32144.8,34996.5,0.591,-0.0095,147.8,98.1,0.475
86.9,32237.6,35286.1,0.9685,0.7032,147.8,98.1,0.475
86.92,32318.2,35668.4,1.2967,1.6438,147.8,98.1,0.475
86.94,32328.5,35723.4,1.3386,1.7791,147.8,98.1,0.475
86.96,32232.4,35697.9,0.9477,1.7165,147.8,98.1,0.475
86.98,32269.1,35441.4,1.0969,1.0852,147.8,98.1,0.475
87.0,32131.5,35309.9,0.5367,0.7618,147.8,98.1,0.475
87.02,32104.8,35195.5,0.4283,0.4802,147.8,98.1,0.475
87.04,32037.2,35076.6,0.1531,0.1877,147.8,98.1,0.475
87.06,31967.5,35107.7,-0.1309,0.2641,147.8,98.1,0.475
87.08,31971.4,34909.2,-0.1149,-0.2242,147.8,98.1,0.475
87.1,31877.5,34829.8,-0.497,-0.4196,147.8,98.1,0.475
87.12,31909.2,34714.0,-0.3683,-0.7045,147.8,98.1,0.475
87.14,31923.0,34703.6,-0.312,-0.7302,147.8,98.1,0.475
87.16,31791.1,34637.4,-0.8488,-0.8931,147.8,98.1,0.475
87.18,31831.3,34563.8,-0.6851,-1.0741,147.8,98.1,0.475
87.2,31830.0,34611.9,-0.6907,-0.9559,147.8,98.1,0.475
87.22,31813.1,34564.1,-0.7592,-1.0734,147.8,98.1,0.475
87.24,31674.2,34485.4,-1.3248,-1.267,147.8,98.1,0.475
87.26,31803.3,34587.7,-0.7993,-1.0152,147.8,98.1,0.475
87.28,31874.6,34895.4,-0.5088,-0.2583,147.8,98.1,0.475
87.3,32019.8,35313.7,0.082,0.7711,147.8,98.1,0.475
87.32,32291.8,35480.4,1.1892,1.1811,147.8,98.1,0.475
87.34,32328.2,35756.9,1.3374,1.8615,147.8,98.1,0.475
87.36,32246.4,35678.1,1.0043,1.6678,147.8,98.1,0.475
87.38,32254.1,35551.7,1.036,1.3568,147.8,98.1,0.475
87.4,32154.3,35310.3,0.6294,0.7627,147.8,98.1,0.475
87.42,32161.8,35223.2,0.6602,0.5484,147.8,98.1,0.475
87.44,31996.5,35056.1,-0.0126,0.1373,147.8,98.1,0.475
87.46,32035.2,35068.8,0.1448,0.1684,147.8,98.1,0.475
87.48,32011.1,35010.9,0.0468,0.0261,147.8,98.1,0.475
87.5,31876.6,34832.1,-0.5008,-0.414,147.8,98.1,0.475
87.52,31947.5,34764.2,-0.2121,-0.5811,147.8,98.1,0.475
87.54,31884.8,34739.5,-0.4673,-0.6418,147.8,98.1,0.475
87.56,31867.7,34630.2,-0.5371,-0.9107,147.8,98.1,0.475
87.58,31857.5,34572.6,-0.5785,-1.0526,147.8,98.1,0.475
87.6,31759.5,34602.8,-0.9775,-0.9781,147.8,98.1,0.475
87.62,31789.8,34448.0,-0.8541,-1.3591,147.8,98.1,0.475
87.64,31706.9,34389.0,-1.1915,-1.5043,147.8,98.1,0.475
87.66,31860.7,34509.6,-0.5657,-1.2075,147.8,98.1,0.475
87.68,31924.0,34800.1,-0.3079,-0.4928,147.8,98.1,0.475
87.7,32004.7,35096.6,0.0206,0.2368,147.8,98.1,0.475
87.72,32316.7,35430.5,1.2906,1.0584,147.8,98.1,0.475
87.74,32338.7,35671.2,1.3801,1.6506,147.8,98.1,0.475
87.76,32300.9,35771.3,1.2264,1.8969,147.8,98.1,0.475
87.78,32230.7,35600.7,0.9408,1.4772,147.8,98.1,0.475
87.8,32182.2,35429.3,0.7431,1.0555,147.8,98.1,0.475
87.82,32030.8,35232.5,0.1267,0.5714,147.8,98.1,0.475
87.84,32082.4,35162.9,0.3368,0.3999,147.8,98.1,0.475
87.86,32003.0,35077.5,0.0137,0.1898,147.8,98.1,0.475
87.88,32011.8,34976.1,0.0495,-0.0596,147.8,98.1,0.475
87.9,31883.5,34862.5,-0.4726,-0.3392,147.8,98.1,0.475
87.92,31928.3,34811.3,-0.2906,-0.4652,147.8,98.1,0.475
87.94,31932.0,34614.7,-0.2753,-0.949,147.8,98.1,0.475
87.96,31911.6,34591.1,-0.3583,-1.0071,147.8,98.1,0.475
87.98,31934.2,34605.0,-0.2663,-0.9728,147.8,98.1,0.475
88.0,31779.1,34598.3,-0.8976,-0.9893,147.8,98.1,0.475
88.02,31771.2,34525.1,-0.9297,-1.1693,147.8,98.1,0.475
88.04,31824.3,34416.4,-0.7137,-1.4369,147.8,98.1,0.475
88.06,31746.5,34408.9,-1.0304,-1.4552,147.8,98.1,0.475
88.08,31854.1,34654.7,-0.5926,-0.8505,147.8,98.1,0.475
88.1,31990.1,35038.0,-0.0386,0.0928,147.8,98.1,0.475
88.12,32214.1,35434.1,0.8732,1.0673,147.8,98.1,0.475
88.14,32360.1,35715.2,1.4672,1.7589,147.8,98.1,0.475
88.16,32356.2,35735.2,1.4513,1.8082,147.8,98.1,0.475
88.18,32297.1,35639.6,1.2111,1.5729,147.8,98.1,0.475
88.2,32211.9,35411.6,0.864,1.012,147.8,98.1,0.475
88.22,32116.0,35270.8,0.4735,0.6656,147.8,98.1,0.475
88.24,32041.4,35209.7,0.1699,0.5152,147.8,98.1,0.475
88.26,32080.6,35172.3,0.3298,0.423,147.8,98.1,0.475
88.28,32041.7,34953.0,0.1711,-0.1164,147.8,98.1,0.475
88.3,31955.9,34945.1,-0.1779,-0.1359,147.8,98.1,0.475
88.32,31933.3,34815.1,-0.2699,-0.4559,147.8,98.1,0.475
88.34,31858.3,34739.5,-0.5752,-0.6419,147.8,98.1,0.475
88.36,31878.8,34661.7,-0.4918,-0.8333,147.8,98.1,0.475
88.38,31820.6,34664.9,-0.729,-0.8253,147.8,98.1,0.475
88.4,31838.6,34817.5,-0.6557,-0.45,147.8,98.1,0.475
88.42,31789.9,34612.0,-0.8538,-0.9556,147.8,98.1,0.475
88.44,31826.2,34429.1,-0.7062,-1.4056,147.8,98.1,0.475
88.46,31799.9,34424.6,-0.8131,-1.4167,147.8,98.1,0.475
88.48,31823.6,34578.8,-0.7164,-1.0372,147.8,98.1,0.475
88.5,31929.7,34970.9,-0.2847,-0.0724,147.8,98.1,0.475
88.52,32169.9,35405.4,0.6931,0.9966,147.8,98.1,0.475
88.54,32247.7,35612.4,1.0098,1.5059,147.8,98.1,0.475
88.56,32288.4,35678.4,1.1757,1.6683,147.8,98.1,0.475
88.58,32357.4,35745.4,1.4562,1.8334,147.8,98.1,0.475
88.6,32204.3,35549.7,0.8331,1.3518,147.8,98.1,0.475
88.62,32183.6,35259.7,0.7489,0.6381,147.8,98.1,0.475
88.64,31977.2,35165.6,-0.0915,0.4066,147.8,98.1,0.475
88.66,32104.9,35151.7,0.4286,0.3725,147.8,98.1,0.475
88.68,32080.7,34995.7,0.3301,-0.0114,147.8,98.1,0.475
88.7,31998.9,34969.2,-0.003,-0.0766,147.8,98.1,0.475
88.72,31956.6,34815.1,-0.175,-0.4558,147.8,98.1,0.475
88.74,31872.9,34787.9,-0.5161,-0.5228,147.8,98.1,0.475
88.76,31902.0,34704.9,-0.3973,-0.7269,147.8,98.1,0.475
88.78,31899.1,34635.9,-0.4093,-0.8967,147.8,98.1,0.475
88.8,31861.9,34704.3,-0.5607,-0.7285,147.8,98.1,0.475
88.82,31779.9,34492.5,-0.8946,-1.2497,147.8,98.1,0.475
88.84,31754.0,34451.2,-1.0,-1.3513,147.8,98.1,0.475
88.86,31718.0,34520.3,-1.1466,-1.1813,147.8,98.1,0.475
88.88,31843.6,34492.3,-0.6352,-1.2501,147.8,98.1,0.475
88.9,31913.4,34837.7,-0.3509,-0.4001,147.8,98.1,0.475
88.92,32143.6,35194.0,0.5861,0.4765,147.8,98.1,0.475
88.94,32214.0,35474.7,0.8724,1.1672,147.8,98.1,0.475
88.96,32323.9,35705.8,1.3199,1.7358,147.8,98.1,0.475
88.98,32426.4,35783.7,1.7373,1.9275,147.8,98.1,0.475
89.0,32204.9,35618.0,0.8357,1.5199,147.8,98.1,0.475
89.02,32156.4,35276.8,0.6382,0.6802,147.8,98.1,0.475
89.04,32089.0,35077.2,0.3637,0.1891,147.8,98.1,0.475
89.06,31990.8,35090.2,-0.036,0.221,147.8,98.1,0.475
89.08,32041.1,35082.8,0.1689,0.2028,147.8,98.1,0.475
89.1,32032.7,34943.4,0.1345,-0.1402,147.8,98.1,0.475
89.12,31883.3,34897.3,-0.4734,-0.2536,147.8,98.1,0.475
89.14,31924.4,34766.2,-0.3061,-0.5761,147.8,98.1,0.475
89.16,31910.6,34682.6,-0.3623,-0.7817,147.8,98.1,0.475
89.18,31873.3,34696.3,-0.5141,-0.7482,147.8,98.1,0.475
89.2,31830.5,34690.4,-0.6884,-0.7625,147.8,98.1,0.475
89.22,31857.5,34675.0,-0.5784,-0.8006,147.8,98.1,0.475
89.24,31723.3,34553.0,-1.125,-1.1008,147.8,98.1,0.475
89.26,31751.8,34428.4,-1.0091,-1.4072,147.8,98.1,0.475
89.28,31847.0,34515.4,-0.6214,-1.1932,147.8,98.1,0.475
89.3,31881.0,34621.3,-0.4828,-0.9325,147.8,98.1,0.475
89.32,32091.6,35105.2,0.3743,0.2581,147.8,98.1,0.475
89.34,32168.1,35439.0,0.6857,1.0794,147.8,98.1,0.475
89.36,32292.1,35675.5,1.1906,1.6612,147.8,98.1,0.475
89.38,32288.2,35823.8,1.1747,2.0262,147.8,98.1,0.475
89.4,32268.6,35592.3,1.0951,1.4565,147.8,98.1,0.475
89.42,32242.4,35420.8,0.9884,1.0347,147.8,98.1,0.475
89.44,32209.4,35173.4,0.8538,0.4259,147.8,98.1,0.475
89.46,32086.1,35128.6,0.3519,0.3155,147.8,98.1,0.475
89.48,32031.4,35112.5,0.1293,0.2759,147.8,98.1,0.475
89.5,32012.5,35070.0,0.0525,0.1715,147.8,98.1,0.475
89.52,31921.4,34962.1,-0.3184,-0.094,147.8,98.1,0.475
89.54,31943.6,34825.9,-0.2281,-0.4293,147.8,98.1,0.475
89.56,31889.5,34671.1,-0.4483,-0.81,147.8,98.1,0.475
89.58,31853.4,34602.6,-0.5952,-0.9786,147.8,98.1,0.475
89.6,31840.7,34692.1,-0.647,-0.7585,147.8,98.1,0.475
89.62,31810.4,34612.0,-0.7701,-0.9555,147.8,98.1,0.475
89.64,31718.4,34642.2,-1.145,-0.8813,147.8,98.1,0.475
89.66,31733.1,34444.7,-1.0851,-1.3672,147.8,98.1,0.475
89.68,31777.7,34529.5,-0.9036,-1.1586,147.8,98.1,0.475
89.7,31932.9,34675.8,-0.2718,-0.7986,147.8,98.1,0.475
89.72,32032.8,34943.3,0.135,-0.1403,147.8,98.1,0.475
89.74,32112.2,35349.3,0.4584,0.8586,147.8,98.1,0.475
89.76,32233.2,35635.0,0.9506,1.5617,147.8,98.1,0.475
89.78,32231.8,35760.1,0.9452,1.8694,147.8,98.1,0.475
89.8,32284.5,35678.3,1.1597,1.6681,147.8,98.1,0.475
89.82,32218.1,35481.2,0.8892,1.1832,147.8,98.1,0.475
89.84,32211.1,35215.2,0.8607,0.5288,147.8,98.1,0.475
89.86,32037.1,35190.1,0.1523,0.4669,147.8,98.1,0.475
89.88,31971.9,35085.1,-0.113,0.2086,147.8,98.1,0.475
89.9,31972.5,35054.8,-0.1104,0.1341,147.8,98.1,0.475
89.92,32014.3,35017.1,0.0597,0.0411,147.8,98.1,0.475
89.94,31945.7,34920.0,-0.2194,-0.1976,147.8,98.1,0.475
89.96,31818.4,34784.1,-0.7379,-0.532,147.8,98.1,0.475
89.98,31928.1,34673.7,-0.2914,-0.8038,147.8,98.1,0.475
90.0,31857.7,34711.8,-0.5778,-0.7099,147.8,98.1,0.475
90.02,31800.5,34733.7,-0.8104,-0.6562,147.8,98.1,0.475
90.04,31844.4,34588.6,-0.6318,-1.0131,147.8,98.1,0.475
90.06,31749.1,34507.0,-1.0197,-1.214,147.8,98.1,0.475
90.08,31759.4,34419.6,-0.9781,-1.4289,147.8,98.1,0.475
90.1,31858.5,34542.0,-0.5746,-1.1279,147.8,98.1,0.475
90.12,31924.5,34886.1,-0.3059,-0.2812,147.8,98.1,0.475
90.14,32128.6,35180.6,0.5249,0.4436,147.8,98.1,0.475
90.16,32237.7,35614.0,0.9692,1.51,147.8,98.1,0.475
90.18,32315.0,35719.1,1.2839,1.7685,147.8,98.1,0.475
90.2,32299.5,35809.9,1.2206,1.992,147.8,98.1,0.475
90.22,32206.3,35518.8,0.8412,1.2756,147.8,98.1,0.475
90.24,32142.7,35319.8,0.5824,0.786,147.8,98.1,0.475
90.26,32104.8,35193.5,0.4281,0.4753,147.8,98.1,0.475
90.28,32089.3,35150.6,0.365,0.3698,147.8,98.1,0.475
90.3,31967.3,35012.1,-0.1318,0.029,147.8,98.1,0.475
90.32,31958.6,35038.5,-0.1672,0.094,147.8,98.1,0.475
90.34,31895.2,34859.7,-0.425,-0.3461,147.8,98.1,0.475
90.36,31947.0,34817.8,-0.2141,-0.4492,147.8,98.1,0.475
90.38,31941.2,34688.7,-0.238,-0.7668,147.8,98.1,0.475
90.4,31900.3,34661.3,-0.4042,-0.8342,147.8,98.1,0.475
90.42,31755.3,34669.5,-0.9947,-0.814,147.8,98.1,0.475
90.44,31785.3,34655.3,-0.8723,-0.849,147.8,98.1,0.475
90.46,31832.6,34577.5,-0.6798,-1.0405,147.8,98.1,0.475
90.48,31711.4,34453.7,-1.1734,-1.3451,147.8,98.1,0.475
90.5,31760.5,34519.7,-0.9733,-1.1828,147.8,98.1,0.475
90.52,31820.5,34757.7,-0.7294,-0.597,147.8,98.1,0.475
90.54,32126.5,35119.3,0.5164,0.2928,147.8,98.1,0.475
90.56,32230.5,35447.8,0.9398,1.101,147.8,98.1,0.475
90.58,32242.8,35707.5,0.9897,1.7399,147.8,98.1,0.475
90.6,32390.8,35799.0,1.5924,1.9653,147.8,98.1,0.475
90.62,32242.0,35587.5,0.9866,1.4448,147.8,98.1,0.475
90.64,32186.9,35417.6,0.7622,1.0268,147.8,98.1,0.475
90.66,32103.3,35239.0,0.4219,0.5871,147.8,98.1,0.475
90.68,32051.7,35135.4,0.2121,0.3324,147.8,98.1,0.475
90.7,32119.6,35092.1,0.4885,0.2257,147.8,98.1,0.475
90.72,32016.4,35078.5,0.0682,0.1924,147.8,98.1,0.475
90.74,31892.6,34965.7,-0.4358,-0.0851,147.8,98.1,0.475
90.76,31898.3,34838.4,-0.4125,-0.3983,147.8,98.1,0.475
90.78,31820.2,34718.5,-0.7303,-0.6935,147.8,98.1,0.475
90.8,31906.9,34676.4,-0.3774,-0.7971,147.8,98.1,0.475
90.82,31857.1,34674.1,-0.5801,-0.8028,147.8,98.1,0.475
90.84,31845.2,34676.3,-0.6287,-0.7972,147.8,98.1,0.475
90.86,31902.1,34442.2,-0.3971,-1.3735,147.8,98.1,0.475
90.88,31687.4,34438.4,-1.2708,-1.3828,147.8,98.1,0.475
90.9,31722.1,34498.7,-1.1296,-1.2344,147.8,98.1,0.475
90.92,31845.0,34637.9,-0.6293,-0.8918,147.8,98.1,0.475
90.94,31951.4,35047.6,-0.1962,0.1164,147.8,98.1,0.475
90.96,32019.4,35388.2,0.0804,0.9543,147.8,98.1,0.475
90.98,32392.8,35641.9,1.6003,1.5785,147.8,98.1,0.475
91.0,32344.4,35732.4,1.4035,1.8013,147.8,98.1,0.475
91.02,32352.0,35675.5,1.4344,1.6612,147.8,98.1,0.475
91.04,32209.0,35468.7,0.8524,1.1523,147.8,98.1,0.475
91.06,32121.6,35278.3,0.4963,0.6839,147.8,98.1,0.475
91.08,32095.5,35190.4,0.3903,0.4676,147.8,98.1,0.475
91.1,32058.8,35102.6,0.2408,0.2517,147.8,98.1,0.475
91.12,32064.7,35037.8,0.2647,0.0922,147.8,98.1,0.475
91.14,32068.8,34969.5,0.2817,-0.0759,147.8,98.1,0.475
91.16,31939.8,34860.2,-0.2435,-0.3449,147.8,98.1,0.475
91.18,31909.7,34595.5,-0.366,-0.9961,147.8,98.1,0.475
91.2,31860.6,34669.8,-0.5659,-0.8133,147.8,98.1,0.475
91.22,31886.5,34680.5,-0.4607,-0.787,147.8,98.1,0.475
91.24,31866.4,34656.7,-0.5424,-0.8455,147.8,98.1,0.475
91.26,31934.5,34559.7,-0.2653,-1.0842,147.8,98.1,0.475
91.28,31708.1,34511.1,-1.1867,-1.2039,147.8,98.1,0.475
91.3,31671.0,34535.9,-1.3376,-1.1427,147.8,98.1,0.475
91.32,31801.8,34595.4,-0.8054,-0.9965,147.8,98.1,0.475
91.34,32017.7,34870.7,0.0737,-0.3189,147.8,98.1,0.475
91.36,32166.4,35231.6,0.679,0.5691,147.8,98.1,0.475
91.38,32233.7,35489.9,0.953,1.2047,147.8,98.1,0.475
91.4,32365.8,35705.2,1.4906,1.7344,147.8,98.1,0.475
91.42,32267.4,35720.8,1.0898,1.7728,147.8,98.1,0.475
91.44,32251.6,35492.2,1.0256,1.2102,147.8,98.1,0.475
91.46,32218.3,35395.5,0.8901,0.9724,147.8,98.1,0.475
91.48,32102.4,35136.1,0.4183,0.334,147.8,98.1,0.475
91.5,32077.2,35182.0,0.3157,0.4469,147.8,98.1,0.475
91.52,32017.2,35113.1,0.0714,0.2775,147.8,98.1,0.475
91.54,32022.8,34965.6,0.0943,-0.0854,147.8,98.1,0.475
91.56,31946.0,34824.6,-0.2183,-0.4324,147.8,98.1,0.475
91.58,31934.6,34710.9,-0.2649,-0.7121,147.8,98.1,0.475
91.6,31937.7,34695.0,-0.2522,-0.7513,147.8,98.1,0.475
91.62,31922.8,34648.3,-0.3127,-0.8663,147.8,98.1,0.475
91.64,31804.2,34717.3,-0.7957,-0.6964,147.8,98.1,0.475
91.66,31755.3,34645.8,-0.9944,-0.8724,147.8,98.1,0.475
91.68,31728.4,34569.9,-1.104,-1.0592,147.8,98.1,0.475
91.7,31705.7,34501.8,-1.1965,-1.2266,147.8,98.1,0.475
91.72,31703.9,34434.9,-1.2039,-1.3912,147.8,98.1,0.475
91.74,31937.2,34643.7,-0.254,-0.8775,147.8,98.1,0.475
91.76,32086.6,35050.7,0.3538,0.124,147.8,98.1,0.475
91.78,32173.5,35527.4,0.7079,1.2968,147.8,98.1,0.475
91.8,32364.7,35704.6,1.4862,1.733,147.8,98.1,0.475
91.82,32339.1,35711.8,1.3818,1.7507,147.8,98.1,0.475
91.84,32273.6,35613.0,1.1152,1.5076,147.8,98.1,0.475
91.86,32185.0,35412.0,0.7545,1.0129,147.8,98.1,0.475
91.88,32101.0,35231.4,0.4126,0.5686,147.8,98.1,0.475
91.9,31959.7,35112.5,-0.1625,0.2759,147.8,98.1,0.475
91.92,32019.2,35107.9,0.0797,0.2647,147.8,98.1,0.475
91.94,32097.8,34996.4,0.3995,-0.0098,147.8,98.1,0.475
91.96,31977.5,34864.5,-0.0902,-0.3343,147.8,98.1,0.475
91.98,31848.1,34802.8,-0.6169,-0.486,147.8,98.1,0.475
92.0,31874.7,34678.0,-0.5088,-0.7931,147.8,98.1,0.475
92.02,31833.1,34758.1,-0.6779,-0.596,147.8,98.1,0.475
92.04,31946.8,34649.6,-0.2151,-0.8629,147.8,98.1,0.475
92.06,31835.1,34581.0,-0.6697,-1.0319,147.8,98.1,0.475
92.08,31824.5,34539.2,-0.713,-1.1346,147.8,98.1,0.475
92.1,31767.1,34474.0,-0.9466,-1.2951,147.8,98.1,0.475
92.12,31760.5,34571.2,-0.9736,-1.0559,147.8,98.1,0.475
92.14,31855.0,34752.0,-0.5888,-0.611,147.8,98.1,0.475
92.16,31975.2,35094.8,-0.0996,0.2324,147.8,98.1,0.475
92.18,32198.0,35418.0,0.8077,1.0278,147.8,98.1,0.475
92.2,32301.0,35614.0,1.2268,1.5101,147.8,98.1,0.475
92.22,32340.9,35794.7,1.3893,1.9546,147.8,98.1,0.475
92.24,32262.9,35695.8,1.0716,1.7111,147.8,98.1,0.475
92.26,32169.2,35490.0,0.6903,1.2048,147.8,98.1,0.475
92.28,32099.6,35245.7,0.4069,0.6037,147.8,98.1,0.475
92.3,32072.3,35146.7,0.2957,0.3602,147.8,98.1,0.475
92.32,32040.0,35094.4,0.1642,0.2315,147.8,98.1,0.475
92.34,32067.6,35013.3,0.2767,0.0319,147.8,98.1,0.475
92.36,32020.8,34905.2,0.0863,-0.2342,147.8,98.1,0.475
92.38,31985.0,34842.0,-0.0595,-0.3896,147.8,98.1,0.475
92.4,31941.3,34665.7,-0.2373,-0.8234,147.8,98.1,0.475
92.42,31937.3,34724.3,-0.2536,-0.6793,147.8,98.1,0.475
92.44,31866.5,34584.1,-0.5419,-1.0243,147.8,98.1,0.475
92.46,31928.3,34472.5,-0.2903,-1.2987,147.8,98.1,0.475
92.48,31706.1,34617.0,-1.195,-0.9432,147.8,98.1,0.475
92.5,31713.6,34438.7,-1.1643,-1.3819,147.8,98.1,0.475
92.52,31663.7,34478.9,-1.3674,-1.2832,147.8,98.1,0.475
92.54,31795.1,34608.4,-0.8325,-0.9645,147.8,98.1,0.475
92.56,31960.5,34968.2,-0.1592,-0.0792,147.8,98.1,0.475
92.58,32231.3,35258.5,0.9431,0.6352,147.8,98.1,0.475
92.6,32248.7,35575.3,1.014,1.4147,147.8,98.1,0.475
92.62,32402.2,35770.6,1.6389,1.8954,147.8,98.1,0.475
92.64,32340.9,35656.6,1.389,1.6147,147.8,98.1,0.475
92.66,32286.3,35522.0,1.1669,1.2835,147.8,98.1,0.475
92.68,32123.1,35271.6,0.5027,0.6673,147.8,98.1,0.475
92.7,32129.4,35228.9,0.5284,0.5625,147.8,98.1,0.475
92.72,32047.6,35152.2,0.1953,0.3738,147.8,98.1,0.475
92.74,32032.1,35029.7,0.1322,0.0723,147.8,98.1,0.475
92.76,31973.4,34936.1,-0.1066,-0.1581,147.8,98.1,0.475
92.78,31982.0,34791.4,-0.0719,-0.5142,147.8,98.1,0.475
92.8,31842.5,34706.2,-0.6396,-0.7237,147.8,98.1,0.475
92.82,31840.6,34576.9,-0.6472,-1.0418,147.8,98.1,0.475
92.84,31838.9,34662.1,-0.6542,-0.8323,147.8,98.1,0.475
92.86,31743.3,34671.0,-1.0433,-0.8105,147.8,98.1,0.475
92.88,31842.6,34528.8,-0.6394,-1.1603,147.8,98.1,0.475
92.9,31851.4,34512.6,-0.6033,-1.2002,147.8,98.1,0.475
92.92,31685.2,34536.3,-1.2799,-1.1418,147.8,98.1,0.475
92.94,31869.4,34399.9,-0.5302,-1.4774,147.8,98.1,0.475
92.96,31929.3,34801.4,-0.2864,-0.4895,147.8,98.1,0.475
92.98,32035.2,35086.2,0.1447,0.2114,147.8,98.1,0.475
93.0,32220.8,35487.1,0.9004,1.1977,147.8,98.1,0.475
93.02,32275.7,35775.4,1.124,1.9071,147.8,98.1,0.475
93.04,32310.2,35703.5,1.2642,1.7303,147.8,98.1,0.475
93.06,32216.1,35720.3,0.8811,1.7715,147.8,98.1,0.475
93.08,32086.0,35386.3,0.3518,0.9496,147.8,98.1,0.475
93.1,32110.1,35220.5,0.4495,0.5418,147.8,98.1,0.475
93.12,32093.6,35070.1,0.3827,0.1717,147.8,98.1,0.475
93.14,32038.9,35050.7,0.1599,0.1239,147.8,98.1,0.475
93.16,31913.9,35043.8,-0.3488,0.107,147.8,98.1,0.475
93.18,31943.7,34949.4,-0.2279,-0.1253,147.8,98.1,0.475
93.2,31937.1,34774.3,-0.2545,-0.5563,147.8,98.1,0.475
93.22,31871.4,34661.5,-0.522,-0.8338,147.8,98.1,0.475
93.24,31868.5,34645.8,-0.5337,-0.8724,147.8,98.1,0.475
93.26,31854.2,34674.7,-0.592,-0.8013,147.8,98.1,0.475
93.28,31800.5,34549.0,-0.8107,-1.1107,147.8,98.1,0.475
93.3,31861.5,34524.1,-0.5623,-1.1719,147.8,98.1,0.475
93.32,31769.1,34510.3,-0.9386,-1.2057,147.8,98.1,0.475
93.34,31830.5,34534.5,-0.6886,-1.1463,147.8,98.1,0.475
93.36,31784.3,34721.6,-0.8766,-0.686,147.8,98.1,0.475
93.38,32030.9,35088.9,0.1272,0.2178,147.8,98.1,0.475
93.4,32100.1,35460.6,0.4089,1.1325,147.8,98.1,0.475
93.42,32345.9,35656.8,1.4096,1.6154,147.8,98.1,0.475
93.44,32316.9,35741.7,1.2915,1.8241,147.8,98.1,0.475
93.46,32285.0,35602.8,1.1617,1.4824,147.8,98.1,0.475
93.48,32040.0,35503.8,0.1643,1.2388,147.8,98.1,0.475
93.5,32077.0,35185.2,0.315,0.4548,147.8,98.1,0.475
93.52,32103.3,35110.2,0.422,0.2704,147.8,98.1,0.475
93.54,32023.8,35013.8,0.0985,0.0331,147.8,98.1,0.475
93.56,31982.7,35056.6,-0.0689,0.1385,147.8,98.1,0.475
93.58,31992.2,34866.4,-0.0303,-0.3295,147.8,98.1,0.475
93.6,31909.1,34808.6,-0.3687,-0.4717,147.8,98.1,0.475
93.62,31794.3,34754.2,-0.8357,-0.6057,147.8,98.1,0.475
93.64,31854.6,34704.5,-0.5903,-0.7279,147.8,98.1,0.475
93.66,31796.6,34661.0,-0.8267,-0.835,147.8,98.1,0.475
93.68,31914.5,34581.2,-0.3465,-1.0314,147.8,98.1,0.475
93.7,31846.7,34485.3,-0.6226,-1.2674,147.8,98.1,0.475
93.72,31821.3,34444.3,-0.7258,-1.3683,147.8,98.1,0.475
93.74,31685.5,34426.2,-1.2789,-1.4127,147.8,98.1,0.475
93.76,31778.0,34697.2,-0.9023,-0.7458,147.8,98.1,0.475
93.78,31955.8,34951.2,-0.1783,-0.1208,147.8,98.1,0.475
93.8,32093.9,35346.9,0.3837,0.8526,147.8,98.1,0.475
93.82,32211.7,35663.6,0.8633,1.6321,147.8,98.1,0.475
93.84,32297.5,35830.7,1.2127,2.0431,147.8,98.1,0.475
93.86,32318.2,35654.7,1.297,1.6102,147.8,98.1,0.475
93.88,32170.7,35440.4,0.6962,1.0827,147.8,98.1,0.475
93.9,32144.1,35364.1,0.588,0.8952,147.8,98.1,0.475
93.92,32067.8,35117.8,0.2775,0.289,147.8,98.1,0.475
93.94,31968.1,34954.7,-0.1282,-0.1122,147.8,98.1,0.475
93.96,31979.6,35030.9,-0.0814,0.0752,147.8,98.1,0.475
93.98,31934.6,34968.3,-0.2649,-0.0788,147.8,98.1,0.475
94.0,32002.4,34814.1,0.0113,-0.4583,147.8,98.1,0.475
94.02,31937.1,34675.6,-0.2544,-0.7991,147.8,98.1,0.475
94.04,31828.2,34689.4,-0.6979,-0.765,147.8,98.1,0.475
94.06,31850.1,34749.3,-0.6089,-0.6177,147.8,98.1,0.475
94.08,31826.6,34603.4,-0.7042,-0.9767,147.8,98.1,0.475
94.1,31770.3,34637.1,-0.9337,-0.8937,147.8,98.1,0.475
94.12,31845.7,34466.2,-0.6265,-1.3142,147.8,98.1,0.475
94.14,31749.2,34392.2,-1.0195,-1.4963,147.8,98.1,0.475
94.16,31827.2,34483.9,-0.702,-1.2709,147.8,98.1,0.475
94.18,31919.9,34824.8,-0.3245,-0.432,147.8,98.1,0.475
94.2,32070.2,35273.6,0.2872,0.6725,147.8,98.1,0.475
94.22,32234.1,35587.1,0.9545,1.4438,147.8,98.1,0.475
94.24,32378.6,35671.4,1.5426,1.6513,147.8,98.1,0.475
94.26,32195.7,35752.8,0.7983,1.8515,147.8,98.1,0.475
94.28,32242.1,35632.8,0.9871,1.5563,147.8,98.1,0.475
94.3,32226.1,35335.6,0.922,0.825,147.8,98.1,0.475
94.32,32113.8,35226.7,0.4646,0.557,147.8,98.1,0.475
94.34,32089.9,35135.1,0.3676,0.3315,147.8,98.1,0.475
94.36,32024.3,35088.0,0.1005,0.2157,147.8,98.1,0.475
94.38,31963.7,34966.3,-0.1462,-0.0838,147.8,98.1,0.475
94.4,31982.8,34873.1,-0.0684,-0.313,147.8,98.1,0.475
94.42,31902.4,34713.2,-0.3958,-0.7066,147.8,98.1,0.475
94.44,31924.0,34668.3,-0.3078,-0.8171,147.8,98.1,0.475
94.46,31826.9,34642.8,-0.7033,-0.8799,147.8,98.1,0.475
94.48,31860.8,34614.9,-0.565,-0.9483,147.8,98.1,0.475
94.5,31755.6,34663.0,-0.9935,-0.83,147.8,98.1,0.475
94.52,31851.4,34420.9,-0.6033,-1.4258,147.8,98.1,0.475
94.54,31713.8,34558.4,-1.1634,-1.0875,147.8,98.1,0.475
94.56,31771.7,34525.1,-0.9277,-1.1694,147.8,98.1,0.475
94.58,31896.1,34660.3,-0.4214,-0.8367,147.8,98.1,0.475
94.6,32084.1,35088.4,0.344,0.2166,147.8,98.1,0.475
94.62,32185.8,35388.6,0.7578,0.9554,147.8,98.1,0.475
94.64,32319.3,35684.5,1.3011,1.6834,147.8,98.1,0.475
94.66,32291.6,35837.3,1.1886,2.0595,147.8,98.1,0.475
94.68,32308.5,35654.7,1.2575,1.6102,147.8,98.1,0.475
94.7,32266.2,35422.0,1.0852,1.0376,147.8,98.1,0.475
94.72,32084.7,35310.0,0.3464,0.7619,147.8,98.1,0.475
94.74,32078.0,35110.3,0.3191,0.2705,147.8,98.1,0.475
94.76,32151.2,34957.8,0.6169,-0.1047,147.8,98.1,0.475
94.78,31999.0,35108.9,-0.0027,0.2671,147.8,98.1,0.475
94.8,31908.7,34989.2,-0.3702,-0.0273,147.8,98.1,0.475
94.82,31894.3,34782.3,-0.4286,-0.5366,147.8,98.1,0.475
94.84,31922.0,34732.8,-0.3162,-0.6583,147.8,98.1,0.475
94.86,31834.0,34615.7,-0.6743,-0.9464,147.8,98.1,0.475
94.88,31888.2,34658.0,-0.4538,-0.8424,147.8,98.1,0.475
94.9,31872.2,34627.5,-0.5189,-0.9174,147.8,98.1,0.475
94.92,31794.7,34508.8,-0.8343,-1.2094,147.8,98.1,0.475
94.94,31715.3,34439.4,-1.1574,-1.3803,147.8,98.1,0.475
94.96,31783.2,34447.9,-0.881,-1.3593,147.8,98.1,0.475
94.98,31792.4,34625.9,-0.8438,-0.9213,147.8,98.1,0.475
95.0,31969.2,34968.0,-0.1237,-0.0796,147.8,98.1,0.475
95.02,32204.0,35303.4,0.832,0.7457,147.8,98.1,0.475
95.04,32283.2,35629.8,1.1544,1.5487,147.8,98.1,0.475
95.06,32332.8,35744.3,1.3562,1.8305,147.8,98.1,0.475
95.08,32285.6,35649.5,1.1642,1.5972,147.8,98.1,0.475
95.1,32293.4,35515.6,1.1957,1.2679,147.8,98.1,0.475
95.12,32211.8,35222.9,0.8636,0.5476,147.8,98.1,0.475
95.14,32057.3,35183.7,0.2348,0.4512,147.8,98.1,0.475
95.16,32046.9,35116.7,0.1923,0.2863,147.8,98.1,0.475
95.18,31951.7,35031.0,-0.1951,0.0755,147.8,98.1,0.475
95.2,31947.9,35001.5,-0.2106,0.0027,147.8,98.1,0.475
95.22,31932.3,34783.3,-0.2742,-0.5341,147.8,98.1,0.475
95.24,31866.9,34689.8,-0.5404,-0.764,147.8,98.1,0.475
95.26,31882.6,34691.4,-0.4764,-0.7601,147.8,98.1,0.475
95.28,31877.5,34705.5,-0.4972,-0.7256,147.8,98.1,0.475
95.3,31840.0,34691.8,-0.6499,-0.7592,147.8,98.1,0.475
95.32,31853.9,34553.2,-0.593,-1.1003,147.8,98.1,0.475
95.34,31766.6,34530.2,-0.9485,-1.1569,147.8,98.1,0.475
95.36,31844.0,34423.7,-0.6336,-1.4189,147.8,98.1,0.475
95.38,31950.4,34545.3,-0.2006,-1.1196,147.8,98.1,0.475
95.4,31894.7,34825.1,-0.4271,-0.4313,147.8,98.1,0.475
95.42,32033.8,35246.7,0.1392,0.6061,147.8,98.1,0.475
95.44,32190.5,35518.9,0.7768,1.2761,147.8,98.1,0.475
95.46,32204.2,35787.7,0.8326,1.9374,147.8,98.1,0.475
95.48,32232.7,35766.6,0.9486,1.8854,147.8,98.1,0.475
95.5,32273.1,35480.0,1.1134,1.1802,147.8,98.1,0.475
95.52,32137.6,35362.2,0.5617,0.8903,147.8,98.1,0.475
95.54,32042.4,35236.4,0.1742,0.5809,147.8,98.1,0.475
95.56,32058.4,35139.5,0.2391,0.3425,147.8,98.1,0.475
95.58,32021.6,35055.0,0.0893,0.1346,147.8,98.1,0.475
95.6,31988.6,34979.4,-0.0449,-0.0516,147.8,98.1,0.475
95.62,31915.8,34846.6,-0.3413,-0.3782,147.8,98.1,0.475
95.64,31826.2,34755.8,-0.7059,-0.6018,147.8,98.1,0.475
95.66,31785.7,34677.4,-0.8709,-0.7947,147.8,98.1,0.475
95.68,31908.6,34663.0,-0.3707,-0.8301,147.8,98.1,0.475
95.7,31902.8,34674.3,-0.3943,-0.8024,147.8,98.1,0.475
95.72,31790.9,34625.0,-0.8497,-0.9236,147.8,98.1,0.475
95.74,31803.9,34495.1,-0.7967,-1.2432,147.8,98.1,0.475
95.76,31767.4,34495.9,-0.9453,-1.2412,147.8,98.1,0.475
95.78,31768.4,34510.4,-0.9413,-1.2055,147.8,98.1,0.475
95.8,31989.6,34805.1,-0.0408,-0.4804,147.8,98.1,0.475
95.82,32089.1,35119.5,0.3643,0.2932,147.8,98.1,0.475
95.84,32151.0,35376.9,0.6163,0.9266,147.8,98.1,0.475
95.86,32244.7,35758.4,0.9977,1.8654,147.8,98.1,0.475
95.88,32313.1,35715.8,1.276,1.7604,147.8,98.1,0.475
95.9,32318.9,35610.8,1.2996,1.5021,147.8,98.1,0.475
95.92,32096.5,35400.9,0.3942,0.9856,147.8,98.1,0.475
95.94,32099.8,35198.9,0.4077,0.4885,147.8,98.1,0.475
95.96,32068.7,35151.8,0.281,0.3727,147.8,98.1,0.475
95.98,32015.6,35121.9,0.0649,0.299,147.8,98.1,0.475
96.0,31903.7,35000.9,-0.3906,0.0014,147.8,98.1,0.475
96.02,31960.2,34925.3,-0.1604,-0.1846,147.8,98.1,0.475
96.04,31841.4,34860.6,-0.6443,-0.3439,147.8,98.1,0.475
96.06,31918.4,34689.8,-0.3305,-0.7642,147.8,98.1,0.475
96.08,31865.3,34652.8,-0.547,-0.8553,147.8,98.1,0.475
96.1,31805.0,34607.6,-0.7921,-0.9664,147.8,98.1,0.475
96.12,31804.1,34774.0,-0.7962,-0.5569,147.8,98.1,0.475
96.14,31747.3,34565.0,-1.0271,-1.0711,147.8,98.1,0.475
96.16,31757.9,34434.0,-0.9841,-1.3936,147.8,98.1,0.475
96.18,31772.0,34476.1,-0.9268,-1.29,147.8,98.1,0.475
96.2,31898.0,34677.3,-0.4136,-0.7949,147.8,98.1,0.475
96.22,31966.1,35078.7,-0.1367,0.1927,147.8,98.1,0.475
96.24,32117.5,35376.2,0.4799,0.9248,147.8,98.1,0.475
96.26,32270.2,35723.0,1.1015,1.7783,147.8,98.1,0.475
96.28,32320.3,35833.8,1.3055,2.0509,147.8,98.1,0.475
96.3,32208.1,35570.6,0.8487,1.4032,147.8,98.1,0.475
96.32,32259.4,35440.6,1.0574,1.0834,147.8,98.1,0.475
96.34,32093.7,35178.6,0.3829,0.4386,147.8,98.1,0.475
96.36,32051.2,35191.1,0.2099,0.4694,147.8,98.1,0.475
96.38,32062.3,35040.6,0.2552,0.099,147.8,98.1,0.475
96.4,31987.3,34942.0,-0.0504,-0.1436,147.8,98.1,0.475
96.42,31980.7,35028.0,-0.0771,0.0682,147.8,98.1,0.475
96.44,32008.4,34718.4,0.0357,-0.6937,147.8,98.1,0.475
96.46,31914.7,34641.8,-0.3458,-0.8822,147.8,98.1,0.475
96.48,31930.3,34692.5,-0.2822,-0.7574,147.8,98.1,0.475
96.5,31828.4,34649.1,-0.6969,-0.8643,147.8,98.1,0.475
96.52,31878.8,34608.1,-0.4919,-0.9653,147.8,98.1,0.475
96.54,31837.9,34595.9,-0.6585,-0.9953,147.8,98.1,0.475
96.56,31723.3,34577.9,-1.1248,-1.0394,147.8,98.1,0.475
96.58,31795.0,34437.3,-0.8328,-1.3855,147.8,98.1,0.475
96.6,31823.7,34684.9,-0.7161,-0.7763,147.8,98.1,0.475
96.62,31949.3,34900.4,-0.2048,-0.246,147.8,98.1,0.475
96.64,32152.1,35276.2,0.6206,0.6788,147.8,98.1,0.475
96.66,32242.6,35603.2,0.9892,1.4835,147.8,98.1,0.475
96.68,32364.9,35692.1,1.4868,1.7021,147.8,98.1,0.475
96.7,32304.4,35683.2,1.2405,1.6802,147.8,98.1,0.475
96.72,32213.8,35608.0,0.8718,1.4953,147.8,98.1,0.475
96.74,32175.9,35302.7,0.7176,0.7439,147.8,98.1,0.475
96.76,32060.2,35173.4,0.2466,0.4258,147.8,98.1,0.475
96.78,32007.6,35146.6,0.0326,0.3598,147.8,98.1,0.475
96.8,32036.8,35188.0,0.1512,0.4618,147.8,98.1,0.475
96.82,31914.9,35041.3,-0.3448,0.1009,147.8,98.1,0.475
96.84,31865.6,34826.8,-0.5458,-0.427,147.8,98.1,0.475
96.86,31976.7,34756.6,-0.0935,-0.5998,147.8,98.1,0.475
96.88,31865.7,34631.1,-0.5451,-0.9084,147.8,98.1,0.475
96.9,31869.8,34714.8,-0.5284,-0.7025,147.8,98.1,0.475
96.92,31833.7,34700.6,-0.6753,-0.7376,147.8,98.1,0.475
96.94,31787.2,34624.9,-0.8646,-0.9237,147.8,98.1,0.475
96.96,31760.1,34574.4,-0.9749,-1.0481,147.8,98.1,0.475
96.98,31697.4,34440.7,-1.2305,-1.377,147.8,98.1,0.475
97.0,31786.2,34500.0,-0.8687,-1.2312,147.8,98.1,0.475
97.02,31900.8,34662.8,-0.4022,-0.8305,147.8,98.1,0.475
97.04,32007.0,35191.9,0.0302,0.4714,147.8,98.1,0.475
97.06,32279.8,35548.0,1.1406,1.3474,147.8,98.1,0.475
97.08,32435.8,35853.7,1.7756,2.0998,147.8,98.1,0.475
97.1,32322.7,35719.1,1.315,1.7686,147.8,98.1,0.475
97.12,32258.2,35531.9,1.0525,1.3081,147.8,98.1,0.475
97.14,32105.8,35342.3,0.432,0.8413,147.8,98.1,0.475
97.16,32000.0,35267.7,0.0017,0.6579,147.8,98.1,0.475
97.18,32042.8,35095.0,0.1759,0.2328,147.8,98.1,0.475
97.2,32082.3,35006.5,0.3364,0.0153,147.8,98.1,0.475
97.22,32041.6,34960.0,0.1707,-0.0992,147.8,98.1,0.475
97.24,32066.8,34932.7,0.2734,-0.1664,147.8,98.1,0.475
97.26,31869.5,34807.7,-0.5296,-0.4741,147.8,98.1,0.475
97.28,31880.3,34772.5,-0.4858,-0.5607,147.8,98.1,0.475
97.3,31895.6,34726.2,-0.4234,-0.6745,147.8,98.1,0.475
97.32,31865.5,34578.8,-0.546,-1.0372,147.8,98.1,0.475
97.34,31887.8,34689.2,-0.4551,-0.7655,147.8,98.1,0.475
97.36,31814.7,34569.7,-0.7527,-1.0597,147.8,98.1,0.475
97.38,31732.3,34425.2,-1.0882,-1.4153,147.8,98.1,0.475
97.4,31786.8,34504.1,-0.8665,-1.2211,147.8,98.1,0.475
97.42,31805.0,34681.7,-0.7924,-0.7841,147.8,98.1,0.475
97.44,31998.3,35023.6,-0.0055,0.0572,147.8,98.1,0.475
97.46,32198.5,35398.5,0.8096,0.9797,147.8,98.1,0.475
97.48,32341.8,35743.8,1.393,1.8294,147.8,98.1,0.475
97.5,32319.3,35807.6,1.3012,1.9864,147.8,98.1,0.475
97.52,32245.7,35659.2,1.0015,1.6212,147.8,98.1,0.475
97.54,32327.9,35440.7,1.3365,1.0836,147.8,98.1,0.475
97.56,32243.3,35241.1,0.9917,0.5925,147.8,98.1,0.475
97.58,32116.7,35179.0,0.4766,0.4396,147.8,98.1,0.475
97.6,32184.3,35095.7,0.7516,0.2346,147.8,98.1,0.475
97.62,32021.9,34999.5,0.0906,-0.0021,147.8,98.1,0.475
97.64,31895.1,34905.4,-0.4253,-0.2336,147.8,98.1,0.475
97.66,31900.4,34859.8,-0.4039,-0.3458,147.8,98.1,0.475
97.68,31847.5,34660.5,-0.6192,-0.8363,147.8,98.1,0.475
97.7,31804.5,34673.4,-0.7942,-0.8044,147.8,98.1,0.475
97.72,31888.0,34646.1,-0.4543,-0.8718,147.8,98.1,0.475
97.74,31848.8,34681.8,-0.6138,-0.7838,147.8,98.1,0.475
97.76,31803.4,34456.9,-0.7987,-1.3373,147.8,98.1,0.475
97.78,31869.6,34360.4,-0.5293,-1.5747,147.8,98.1,0.475
97.8,31681.4,34492.5,-1.2955,-1.2495,147.8,98.1,0.475
97.82,31904.4,34570.9,-0.3877,-1.0566,147.8,98.1,0.475
97.84,31914.4,34919.6,-0.347,-0.1987,147.8,98.1,0.475
97.86,32096.8,35292.8,0.3956,0.7197,147.8,98.1,0.475
97.88,32287.1,35649.6,1.1703,1.5975,147.8,98.1,0.475
97.9,32263.9,35766.0,1.0756,1.8839,147.8,98.1,0.475
97.92,32312.4,35587.8,1.2733,1.4455,147.8,98.1,0.475
97.94,32290.6,35626.7,1.1845,1.5412,147.8,98.1,0.475
97.96,32130.5,35391.8,0.5328,0.9632,147.8,98.1,0.475
97.98,32115.5,35101.6,0.4715,0.2491,147.8,98.1,0.475
98.0,32054.9,35138.1,0.2249,0.3389,147.8,98.1,0.475
98.02,32022.6,35034.0,0.0933,0.0828,147.8,98.1,0.475
98.04,31933.9,34948.1,-0.2674,-0.1286,147.8,98.1,0.475
98.06,31875.8,34850.3,-0.5041,-0.3691,147.8,98.1,0.475
98.08,31911.0,34682.0,-0.3608,-0.7834,147.8,98.1,0.475
98.1,31817.7,34724.8,-0.7408,-0.678,147.8,98.1,0.475
98.12,31952.8,34654.8,-0.1907,-0.8503,147.8,98.1,0.475
98.14,31855.2,34617.9,-0.5878,-0.941,147.8,98.1,0.475
98.16,31843.6,34486.8,-0.6351,-1.2636,147.8,98.1,0.475
98.18,31778.8,34561.6,-0.8991,-1.0794,147.8,98.1,0.475
98.2,31731.6,34444.6,-1.0913,-1.3675,147.8,98.1,0.475
98.22,31787.0,34583.1,-0.8654,-1.0266,147.8,98.1,0.475
98.24,31870.6,34751.9,-0.5252,-0.6112,147.8,98.1,0.475
98.26,32139.4,35260.5,0.569,0.6403,147.8,98.1,0.475
98.28,32243.8,35619.1,0.9941,1.5224,147.8,98.1,0.475
98.3,32378.1,35677.1,1.5405,1.6651,147.8,98.1,0.475
98.32,32266.6,35789.0,1.0868,1.9405,147.8,98.1,0.475
98.34,32295.6,35582.1,1.2048,1.4315,147.8,98.1,0.475
98.36,32161.0,35258.4,0.6567,0.6351,147.8,98.1,0.475
98.38,32047.0,35248.9,0.1929,0.6116,147.8,98.1,0.475
98.4,32084.5,35050.2,0.3456,0.1227,147.8,98.1,0.475
98.42,32045.1,35056.1,0.1852,0.1372,147.8,98.1,0.475
98.44,31882.7,34965.5,-0.4759,-0.0858,147.8,98.1,0.475
98.46,31929.4,34859.1,-0.2858,-0.3475,147.8,98.1,0.475
98.48,31854.9,34787.8,-0.5891,-0.5231,147.8,98.1,0.475
98.5,31807.9,34735.0,-0.7807,-0.6528,147.8,98.1,0.475
98.52,31819.5,34729.5,-0.7331,-0.6663,147.8,98.1,0.475
98.54,31893.2,34657.2,-0.4331,-0.8443,147.8,98.1,0.475
98.56,31792.3,34617.8,-0.844,-0.9411,147.8,98.1,0.475
98.58,31640.5,34447.2,-1.462,-1.361,147.8,98.1,0.475
98.6,31723.7,34434.4,-1.1233,-1.3927,147.8,98.1,0.475
98.62,31695.3,34529.7,-1.239,-1.1581,147.8,98.1,0.475
98.64,31806.8,34756.4,-0.785,-0.6002,147.8,98.1,0.475
98.66,32015.4,35128.2,0.0644,0.3146,147.8,98.1,0.475
98.68,32248.9,35525.8,1.0147,1.2929,147.8,98.1,0.475
98.7,32405.8,35832.4,1.6536,2.0474,147.8,98.1,0.475
98.72,32395.9,35711.4,1.6132,1.7497,147.8,98.1,0.475
98.74,32260.3,35509.8,1.0612,1.2535,147.8,98.1,0.475
98.76,32175.7,35444.7,0.7168,1.0933,147.8,98.1,0.475
98.78,32122.0,35244.6,0.4982,0.601,147.8,98.1,0.475
98.8,32063.9,35112.6,0.2616,0.2763,147.8,98.1,0.475
98.82,32066.9,35071.1,0.2738,0.1742,147.8,98.1,0.475
98.84,31944.3,35049.0,-0.2251,0.1198,147.8,98.1,0.475
98.86,31938.9,34904.5,-0.2472,-0.2358,147.8,98.1,0.475
98.88,31974.9,34793.5,-0.1007,-0.5089,147.8,98.1,0.475
98.9,31894.3,34777.2,-0.4289,-0.549,147.8,98.1,0.475
98.92,31825.9,34641.3,-0.7071,-0.8835,147.8,98.1,0.475
98.94,31900.6,34632.2,-0.4031,-0.9058,147.8,98.1,0.475
98.96,31824.1,34643.5,-0.7146,-0.878,147.8,98.1,0.475
98.98,31847.0,34584.8,-0.6215,-1.0226,147.8,98.1,0.475
99.0,31761.0,34444.2,-0.9716,-1.3685,147.8,98.1,0.475
99.02,31771.7,34524.0,-0.9277,-1.1721,147.8,98.1,0.475
99.04,31860.0,34724.1,-0.5683,-0.6797,147.8,98.1,0.475
99.06,31999.8,35027.9,0.0009,0.0679,147.8,98.1,0.475
99.08,32147.0,35278.8,0.5998,0.6852,147.8,98.1,0.475
99.1,32297.8,35582.3,1.2137,1.4319,147.8,98.1,0.475
99.12,32450.1,35772.6,1.8336,1.9001,147.8,98.1,0.475
99.14,32285.2,35648.9,1.1626,1.5959,147.8,98.1,0.475
99.16,32204.4,35433.7,0.8336,1.0663,147.8,98.1,0.475
99.18,32122.4,35247.5,0.4999,0.6081,147.8,98.1,0.475
99.2,32119.6,35151.9,0.4885,0.373,147.8,98.1,0.475
99.22,32101.3,35078.1,0.414,0.1914,147.8,98.1,0.475
99.24,32100.9,35061.7,0.4123,0.1511,147.8,98.1,0.475
99.26,32020.2,35052.3,0.0839,0.1278,147.8,98.1,0.475
99.28,31972.9,34866.1,-0.1088,-0.3303,147.8,98.1,0.475
99.3,31975.8,34743.2,-0.0969,-0.6328,147.8,98.1,0.475
99.32,31839.3,34715.8,-0.6526,-0.7002,147.8,98.1,0.475
99.34,31856.9,34676.8,-0.5809,-0.7961,147.8,98.1,0.475
99.36,31896.9,34651.2,-0.4183,-0.859,147.8,98.1,0.475
99.38,31825.9,34629.5,-0.7073,-0.9124,147.8,98.1,0.475
99.4,31812.9,34464.3,-0.7602,-1.319,147.8,98.1,0.475
99.42,31677.0,34384.2,-1.3135,-1.5161,147.8,98.1,0.475
99.44,31929.1,34590.4,-0.2871,-1.0087,147.8,98.1,0.475
99.46,31840.7,34867.0,-0.6471,-0.3281,147.8,98.1,0.475
99.48,32118.5,35289.0,0.4837,0.7103,147.8,98.1,0.475
99.5,32167.2,35589.4,0.682,1.4495,147.8,98.1,0.475
99.52,32460.0,35688.3,1.874,1.6928,147.8,98.1,0.475
99.54,32295.4,35699.9,1.2039,1.7213,147.8,98.1,0.475
99.56,32360.9,35458.8,1.4707,1.1282,147.8,98.1,0.475
99.58,32244.4,35397.3,0.9964,0.9767,147.8,98.1,0.475
99.6,32051.8,35226.2,0.2122,0.5557,147.8,98.1,0.475
99.62,32073.5,35148.6,0.3007,0.3649,147.8,98.1,0.475
99.64,31965.3,34966.5,-0.1399,-0.0832,147.8,98.1,0.475
99.66,31913.6,34983.3,-0.3501,-0.0418,147.8,98.1,0.475
99.68,32027.0,34945.8,0.1113,-0.1343,147.8,98.1,0.475
99.7,31891.5,34709.6,-0.4402,-0.7154,147.8,98.1,0.475
99.72,31847.1,34702.9,-0.6209,-0.7319,147.8,98.1,0.475
99.74,31874.7,34682.2,-0.5087,-0.7829,147.8,98.1,0.475
99.76,31825.8,34592.7,-0.7075,-1.003,147.8,98.1,0.475
99.78,31757.2,34599.1,-0.9869,-0.9872,147.8,98.1,0.475
99.8,31701.5,34445.1,-1.2136,-1.3663,147.8,98.1,0.475
99.82,31793.6,34391.3,-0.8388,-1.4985,147.8,98.1,0.475
99.84,31772.2,34516.8,-0.9258,-1.1899,147.8,98.1,0.475
99.86,31845.4,34807.4,-0.6276,-0.4747,147.8,98.1,0.475
99.88,32039.6,35232.6,0.1626,0.5714,147.8,98.1,0.475
99.9,32276.3,35504.0,1.1262,1.2393,147.8,98.1,0.475
99.92,32255.1,35820.0,1.0399,2.017,147.8,98.1,0.475
99.94,32380.7,35724.4,1.5513,1.7816,147.8,98.1,0.475
99.96,32189.2,35605.8,0.7718,1.4898,147.8,98.1,0.475
99.98,32068.1,35390.0,0.2789,0.9587,147.8,98.1,0.475
100.0,32109.7,35217.5,0.448,0.5343,147.8,98.1,0.475
100.02,32035.0,35178.8,0.144,0.439,147.8,98.1,0.475
100.04,32043.3,35096.5,0.1778,0.2366,147.8,98.1,0.475
100.06,32041.9,34950.1,0.1721,-0.1235,147.8,98.1,0.475
100.08,32018.0,34815.9,0.0749,-0.4538,147.8,98.1,0.475
100.1,31916.6,34842.0,-0.3382,-0.3896,147.8,98.1,0.475
100.12,31876.0,34625.8,-0.5032,-0.9215,147.8,98.1,0.475
100.14,31824.9,34638.7,-0.7111,-0.8899,147.8,98.1,0.475
100.16,31871.4,34677.6,-0.522,-0.7941,147.8,98.1,0.475
100.18,31866.9,34601.3,-0.5404,-0.9818,147.8,98.1,0.475
100.2,31777.3,34574.7,-0.9049,-1.0473,147.8,98.1,0.475
100.22,31714.3,34462.7,-1.1613,-1.323,147.8,98.1,0.475
100.24,31781.6,34524.7,-0.8873,-1.1705,147.8,98.1,0.475
100.26,31862.8,34662.1,-0.557,-0.8322,147.8,98.1,0.475
100.28,32029.8,34935.1,0.1227,-0.1604,147.8,98.1,0.475
100.3,32202.5,35392.8,0.826,0.9658,147.8,98.1,0.475
100.32,32324.9,35659.7,1.324,1.6223,147.8,98.1,0.475
100.34,32294.6,35731.9,1.2008,1.8,147.8,98.1,0.475
100.36,32262.9,35661.1,1.0718,1.6259,147.8,98.1,0.475
100.38,32203.3,35492.5,0.8292,1.2109,147.8,98.1,0.475
100.4,32146.1,35242.0,0.5964,0.5947,147.8,98.1,0.475
100.42,32017.0,35170.2,0.0705,0.4179,147.8,98.1,0.475
100.44,31969.6,35127.6,-0.1223,0.3131,147.8,98.1,0.475
100.46,32024.9,35016.1,0.103,0.0388,147.8,98.1,0.475
100.48,32019.1,35026.6,0.0794,0.0645,147.8,98.1,0.475
100.5,31925.9,34811.7,-0.3001,-0.4642,147.8,98.1,0.475
100.52,31930.0,34880.5,-0.2834,-0.295,147.8,98.1,0.475
100.54,31943.8,34720.2,-0.2272,-0.6894,147.8,98.1,0.475
100.56,31822.8,34640.8,-0.72,-0.8848,147.8,98.1,0.475
100.58,31889.5,34627.8,-0.4484,-0.9167,147.8,98.1,0.475
100.6,31803.7,34511.7,-0.7976,-1.2024,147.8,98.1,0.475
100.62,31856.9,34548.9,-0.5812,-1.1108,147.8,98.1,0.475
100.64,31796.3,34504.5,-0.8277,-1.22,147.8,98.1,0.475
100.66,31828.9,34510.3,-0.6949,-1.2057,147.8,98.1,0.475
100.68,32000.1,34792.8,0.0019,-0.5107,147.8,98.1,0.475
100.7,32095.2,35314.7,0.3892,0.7736,147.8,98.1,0.475
100.72,32283.2,35582.5,1.1543,1.4325,147.8,98.1,0.475
100.74,32385.9,35794.5,1.5724,1.9542,147.8,98.1,0.475
100.76,32361.8,35713.4,1.4742,1.7546,147.8,98.1,0.475
100.78,32153.9,35465.0,0.6281,1.1434,147.8,98.1,0.475
100.8,32186.2,35234.4,0.7593,0.576,147.8,98.1,0.475
100.82,32033.0,35242.4,0.1359,0.5957,147.8,98.1,0.475
100.84,31962.2,35021.5,-0.1525,0.0522,147.8,98.1,0.475
100.86,32007.8,35053.0,0.0334,0.1297,147.8,98.1,0.475
100.88,31892.7,34927.9,-0.4354,-0.1783,147.8,98.1,0.475
100.9,31918.1,34833.4,-0.332,-0.4108,147.8,98.1,0.475
100.92,31880.2,34786.6,-0.486,-0.5258,147.8,98.1,0.475
100.94,31931.7,34703.8,-0.2765,-0.7297,147.8,98.1,0.475
100.96,31832.1,34639.1,-0.6818,-0.8888,147.8,98.1,0.475
100.98,31824.9,34636.4,-0.7113,-0.8956,147.8,98.1,0.475
101.0,31769.7,34551.8,-0.9359,-1.1036,147.8,98.1,0.475
101.02,31795.8,34509.4,-0.8298,-1.2079,147.8,98.1,0.475
101.04,31798.3,34472.1,-0.8194,-1.2997,147.8,98.1,0.475
101.06,31824.8,34473.6,-0.7115,-1.2962,147.8,98.1,0.475
101.08,31888.9,34809.7,-0.4509,-0.469,147.8,98.1,0.475
101.1,32001.0,35139.3,0.0057,0.3418,147.8,98.1,0.475
101.12,32239.7,35516.2,0.9772,1.2694,147.8,98.1,0.475
101.14,32302.5,35680.5,1.2327,1.6737,147.8,98.1,0.475
101.16,32319.3,35766.5,1.3014,1.8852,147.8,98.1,0.475
101.18,32370.8,35633.0,1.5109,1.5567,147.8,98.1,0.475
101.2,32159.9,35305.2,0.6523,0.7501,147.8,98.1,0.475
101.22,32117.4,35191.8,0.4792,0.4711,147.8,98.1,0.475
101.24,32027.6,35094.1,0.1139,0.2307,147.8,98.1,0.475
101.26,31953.5,35156.8,-0.188,0.3851,147.8,98.1,0.475
101.28,31983.6,35033.6,-0.0652,0.0819,147.8,98.1,0.475
101.3,31927.1,34858.2,-0.2952,-0.3498,147.8,98.1,0.475
101.32,31869.5,34729.8,-0.5299,-0.6656,147.8,98.1,0.475
101.34,31914.5,34660.0,-0.3466,-0.8373,147.8,98.1,0.475
101.36,31826.9,34654.1,-0.7029,-0.852,147.8,98.1,0.475
101.38,31775.7,34652.0,-0.9115,-0.8571,147.8,98.1,0.475
101.4,31826.2,34540.0,-0.706,-1.1327,147.8,98.1,0.475
101.42,31711.9,34532.0,-1.1712,-1.1524,147.8,98.1,0.475
101.44,31827.4,34493.3,-0.701,-1.2476,147.8,98.1,0.475
101.46,31802.2,34415.9,-0.8036,-1.4381,147.8,98.1,0.475
101.48,31828.4,34679.0,-0.6969,-0.7906,147.8,98.1,0.475
101.5,31998.4,35063.8,-0.0049,0.1561,147.8,98.1,0.475
101.52,32170.4,35408.7,0.695,1.0047,147.8,98.1,0.475
101.54,32340.7,35658.9,1.3883,1.6205,147.8,98.1,0.475
101.56,32274.8,35743.1,1.1203,1.8275,147.8,98.1,0.475
101.58,32333.9,35601.6,1.3608,1.4794,147.8,98.1,0.475
101.6,32196.5,35469.4,0.8015,1.1542,147.8,98.1,0.475
101.62,32122.1,35189.6,0.4984,0.4657,147.8,98.1,0.475
101.64,31985.5,35184.9,-0.0577,0.4541,147.8,98.1,0.475
101.66,32053.2,35114.3,0.2182,0.2805,147.8,98.1,0.475
101.68,32045.9,34929.5,0.1882,-0.1743,147.8,98.1,0.475
101.7,32113.5,34857.5,0.4637,-0.3514,147.8,98.1,0.475
101.72,31937.5,34907.3,-0.2528,-0.2289,147.8,98.1,0.475
101.74,31908.1,34836.1,-0.3725,-0.4041,147.8,98.1,0.475
101.76,31805.3,34802.2,-0.7912,-0.4876,147.8,98.1,0.475
101.78,31846.3,34654.4,-0.624,-0.8513,147.8,98.1,0.475
101.8,31824.8,34705.4,-0.7117,-0.7258,147.8,98.1,0.475
101.82,31769.7,34480.7,-0.9362,-1.2786,147.8,98.1,0.475
101.84,31840.7,34512.0,-0.647,-1.2016,147.8,98.1,0.475
101.86,31756.8,34464.7,-0.9885,-1.3181,147.8,98.1,0.475
101.88,31845.2,34562.0,-0.6285,-1.0786,147.8,98.1,0.475
101.9,32005.4,34940.2,0.0235,-0.1479,147.8,98.1,0.475
101.92,32066.1,35265.0,0.2706,0.6513,147.8,98.1,0.475
101.94,32331.8,35597.1,1.3522,1.4685,147.8,98.1,0.475
101.96,32309.4,35723.6,1.2608,1.7797,147.8,98.1,0.475
101.98,32344.0,35716.2,1.4017,1.7614,147.8,98.1,0.475
102.0,32098.3,35468.2,0.4018,1.1513,147.8,98.1,0.475
102.02,32016.4,35264.5,0.0682,0.6499,147.8,98.1,0.475
102.04,32036.6,35251.6,0.1504,0.6183,147.8,98.1,0.475
102.06,32016.1,35157.9,0.0671,0.3878,147.8,98.1,0.475
102.08,31992.8,34982.1,-0.0277,-0.0449,147.8,98.1,0.475
102.1,32052.1,34820.6,0.2135,-0.4423,147.8,98.1,0.475
102.12,31904.9,34792.4,-0.3858,-0.5116,147.8,98.1,0.475
102.14,31907.2,34747.6,-0.3764,-0.6218,147.8,98.1,0.475
102.16,31877.6,34681.4,-0.4966,-0.7847,147.8,98.1,0.475
102.18,31841.9,34682.1,-0.6419,-0.783,147.8,98.1,0.475
102.2,31842.2,34672.0,-0.6408,-0.8079,147.8,98.1,0.475
102.22,31751.5,34542.3,-1.0101,-1.1271,147.8,98.1,0.475
102.24,31871.9,34519.5,-0.52,-1.1833,147.8,98.1,0.475
102.26,31771.3,34425.1,-0.9296,-1.4155,147.8,98.1,0.475
102.28,31838.0,34573.3,-0.6581,-1.0508,147.8,98.1,0.475
102.3,31870.6,34880.2,-0.5254,-0.2956,147.8,98.1,0.475
102.32,32076.3,35195.4,0.3119,0.4801,147.8,98.1,0.475
102.34,32183.5,35546.1,0.7484,1.3428,147.8,98.1,0.475
102.36,32258.8,35674.2,1.0548,1.6581,147.8,98.1,0.475
102.38,32404.9,35723.7,1.6497,1.78,147.8,98.1,0.475
102.4,32223.1,35520.2,0.9096,1.2791,147.8,98.1,0.475
102.42,32241.7,35415.6,0.9852,1.0218,147.8,98.1,0.475
102.44,32033.4,35209.5,0.1373,0.5146,147.8,98.1,0.475
102.46,32036.6,35085.0,0.1506,0.2083,147.8,98.1,0.475
102.48,32075.8,34995.2,0.3102,-0.0127,147.8,98.1,0.475
102.5,31918.5,35001.7,-0.3304,0.0034,147.8,98.1,0.475
102.52,31902.0,34906.0,-0.3974,-0.2322,147.8,98.1,0.475
102.54,31897.2,34726.7,-0.4171,-0.6733,147.8,98.1,0.475
102.56,31880.3,34737.2,-0.4856,-0.6474,147.8,98.1,0.475
102.58,31818.9,34609.5,-0.7359,-0.9617,147.8,98.1,0.475
102.6,31887.4,34636.0,-0.457,-0.8965,147.8,98.1,0.475
102.62,31826.5,34559.1,-0.7048,-1.0857,147.8,98.1,0.475
102.64,31726.2,34507.0,-1.1131,-1.2138,147.8,98.1,0.475
102.66,31761.6,34487.7,-0.9691,-1.2613,147.8,98.1,0.475
102.68,31784.8,34539.6,-0.8747,-1.1337,147.8,98.1,0.475
102.7,32004.4,34734.0,0.0192,-0.6553,147.8,98.1,0.475
102.72,32112.2,35073.5,0.4583,0.1801,147.8,98.1,0.475
102.74,32213.1,35504.3,0.8691,1.24,147.8,98.1,0.475
102.76,32227.0,35696.7,0.9255,1.7134,147.8,98.1,0.475
102.78,32364.7,35770.4,1.4859,1.8947,147.8,98.1,0.475
102.8,32217.5,35615.4,0.887,1.5135,147.8,98.1,0.475
102.82,32288.8,35343.8,1.1772,0.8452,147.8,98.1,0.475
102.84,32088.8,35201.8,0.3628,0.4956,147.8,98.1,0.475
102.86,31962.0,35143.8,-0.1532,0.3531,147.8,98.1,0.475
102.88,31993.1,34984.3,-0.0265,-0.0396,147.8,98.1,0.475
102.9,31954.2,35021.0,-0.1848,0.0508,147.8,98.1,0.475
102.92,32018.7,34920.1,0.0776,-0.1976,147.8,98.1,0.475
102.94,31873.6,34872.9,-0.5128,-0.3137,147.8,98.1,0.475
102.96,31982.1,34695.3,-0.0714,-0.7505,147.8,98.1,0.475
102.98,31915.7,34630.6,-0.3416,-0.9098,147.8,98.1,0.475
103.0,31854.6,34690.3,-0.5905,-0.7629,147.8,98.1,0.475
103.02,31890.7,34581.8,-0.4435,-1.0298,147.8,98.1,0.475
103.04,31736.4,34611.7,-1.0715,-0.9564,147.8,98.1,0.475
103.06,31745.9,34580.1,-1.0329,-1.0342,147.8,98.1,0.475
103.08,31800.5,34468.9,-0.8107,-1.3075,147.8,98.1,0.475
103.1,31787.5,34576.6,-0.8635,-1.0426,147.8,98.1,0.475
103.12,32016.5,34901.2,0.0687,-0.2439,147.8,98.1,0.475
103.14,32170.6,35351.9,0.6958,0.865,147.8,98.1,0.475
103.16,32281.8,35527.8,1.1484,1.2978,147.8,98.1,0.475
103.18,32334.0,35794.7,1.3611,1.9545,147.8,98.1,0.475
103.2,32327.4,35657.7,1.3342,1.6174,147.8,98.1,0.475
103.22,32149.4,35546.7,0.6097,1.3444,147.8,98.1,0.475
103.24,32184.5,35308.8,0.7524,0.7591,147.8,98.1,0.475
103.26,31994.0,35207.6,-0.023,0.51,147.8,98.1,0.475
103.28,31985.8,35153.2,-0.0563,0.3762,147.8,98.1,0.475
103.3,32056.9,34982.3,0.2329,-0.0445,147.8,98.1,0.475
103.32,31965.2,35039.6,-0.1401,0.0965,147.8,98.1,0.475
103.34,31947.4,34876.3,-0.2128,-0.3053,147.8,98.1,0.475
103.36,31859.2,34716.9,-0.5718,-0.6975,147.8,98.1,0.475
103.38,31860.8,34686.3,-0.565,-0.7727,147.8,98.1,0.475
103.4,31865.1,34621.6,-0.5476,-0.9318,147.8,98.1,0.475
103.42,31862.5,34670.4,-0.5584,-0.8119,147.8,98.1,0.475
103.44,31852.7,34640.5,-0.5982,-0.8853,147.8,98.1,0.475
103.46,31845.9,34426.8,-0.6259,-1.4113,147.8,98.1,0.475
103.48,31762.5,34408.8,-0.9654,-1.4556,147.8,98.1,0.475
103.5,31850.5,34576.8,-0.6072,-1.0421,147.8,98.1,0.475
103.52,31907.2,34913.3,-0.3764,-0.2142,147.8,98.1,0.475
103.54,32095.3,35207.0,0.3894,0.5085,147.8,98.1,0.475
103.56,32196.2,35476.4,0.8001,1.1714,147.8,98.1,0.475
103.58,32329.5,35746.2,1.3427,1.8353,147.8,98.1,0.475
103.6,32300.4,35709.8,1.2242,1.7456,147.8,98.1,0.475
103.62,32172.3,35501.2,0.7029,1.2324,147.8,98.1,0.475
103.64,32304.1,35382.9,1.2392,0.9413,147.8,98.1,0.475
103.66,32047.0,35233.5,0.193,0.5737,147.8,98.1,0.475
103.68,32007.7,35061.3,0.0328,0.1501,147.8,98.1,0.475
103.7,32072.4,35082.6,0.2962,0.2024,147.8,98.1,0.475
103.72,32004.2,34969.7,0.0187,-0.0754,147.8,98.1,0.475
103.74,31929.3,34956.1,-0.2862,-0.1089,147.8,98.1,0.475
103.76,31852.5,34786.1,-0.5991,-0.5272,147.8,98.1,0.475
103.78,31763.8,34659.3,-0.96,-0.8391,147.8,98.1,0.475
103.8,31987.3,34760.7,-0.0502,-0.5897,147.8,98.1,0.475
103.82,31774.9,34651.8,-0.9147,-0.8576,147.8,98.1,0.475
103.84,31905.1,34559.7,-0.385,-1.0842,147.8,98.1,0.475
103.86,31795.8,34594.0,-0.8297,-0.9997,147.8,98.1,0.475
103.88,31769.1,34410.5,-0.9383,-1.4514,147.8,98.1,0.475
103.9,31755.8,34546.4,-0.9927,-1.1169,147.8,98.1,0.475
103.92,31894.8,34758.0,-0.4266,-0.5963,147.8,98.1,0.475
103.94,31978.1,35192.1,-0.0875,0.4718,147.8,98.1,0.475
103.96,32193.2,35513.1,0.788,1.2618,147.8,98.1,0.475
103.98,32384.4,35589.0,1.5663,1.4485,147.8,98.1,0.475
104.0,32291.6,35752.3,1.1885,1.8504,147.8,98.1,0.475
104.02,32280.2,35584.2,1.1421,1.4366,147.8,98.1,0.475
104.04,32170.4,35370.0,0.6953,0.9095,147.8,98.1,0.475
104.06,32151.3,35233.6,0.6172,0.5739,147.8,98.1,0.475
104.08,32080.0,35027.4,0.327,0.0666,147.8,98.1,0.475
104.1,31980.6,35053.3,-0.0775,0.1303,147.8,98.1,0.475
104.12,31983.5,35038.0,-0.0659,0.0926,147.8,98.1,0.475
104.14,32022.9,34959.6,0.0947,-0.1003,147.8,98.1,0.475
104.16,31944.2,34750.5,-0.2257,-0.6148,147.8,98.1,0.475
104.18,31805.0,34665.5,-0.7924,-0.824,147.8,98.1,0.475
104.2,31907.1,34631.2,-0.3768,-0.9082,147.8,98.1,0.475
104.22,31898.4,34674.9,-0.412,-0.8007,147.8,98.1,0.475
104.24,31894.4,34591.3,-0.4284,-1.0065,147.8,98.1,0.475
104.26,31774.5,34537.8,-0.9166,-1.1381,147.8,98.1,0.475
104.28,31728.8,34403.4,-1.1026,-1.4687,147.8,98.1,0.475
104.3,31783.7,34568.3,-0.8789,-1.0631,147.8,98.1,0.475
104.32,31845.5,34620.0,-0.6275,-0.936,147.8,98.1,0.475
104.34,32052.2,34925.2,0.2138,-0.1848,147.8,98.1,0.475
104.36,32067.6,35416.7,0.2766,1.0244,147.8,98.1,0.475
104.38,32247.8,35699.4,1.0102,1.7202,147.8,98.1,0.475
104.4,32317.6,35666.1,1.2945,1.6383,147.8,98.1,0.475
104.42,32321.7,35719.3,1.3111,1.769,147.8,98.1,0.475
104.44,32179.3,35463.5,0.7312,1.1397,147.8,98.1,0.475
104.46,32062.2,35233.5,0.2549,0.5737,147.8,98.1,0.475
104.48,32090.4,35148.5,0.3696,0.3645,147.8,98.1,0.475
104.5,32030.9,35063.3,0.1271,0.155,147.8,98.1,0.475
104.52,31987.6,35040.8,-0.0488,0.0994,147.8,98.1,0.475
104.54,32022.8,34962.6,0.0943,-0.0927,147.8,98.1,0.475
104.56,31907.4,34798.2,-0.3753,-0.4975,147.8,98.1,0.475
104.58,31882.3,34798.9,-0.4775,-0.4956,147.8,98.1,0.475
104.6,31866.8,34644.1,-0.5407,-0.8766,147.8,98.1,0.475
104.62,31870.9,34624.9,-0.5242,-0.9239,147.8,98.1,0.475
104.64,31799.0,34514.1,-0.8167,-1.1964,147.8,98.1,0.475
104.66,31816.2,34535.2,-0.7467,-1.1446,147.8,98.1,0.475
104.68,31680.9,34395.6,-1.2974,-1.4881,147.8,98.1,0.475
104.7,31745.2,34386.5,-1.0359,-1.5103,147.8,98.1,0.475
104.72,31919.9,34519.8,-0.3245,-1.1824,147.8,98.1,0.475
104.74,31970.2,34892.1,-0.1197,-0.2663,147.8,98.1,0.475
104.76,32160.4,35300.8,0.6543,0.7393,147.8,98.1,0.475
104.78,32270.8,35591.1,1.1038,1.4535,147.8,98.1,0.475
104.8,32241.3,35716.0,0.9836,1.7608,147.8,98.1,0.475
104.82,32200.0,35768.3,0.8157,1.8896,147.8,98.1,0.475
104.84,32246.3,35562.1,1.0042,1.3824,147.8,98.1,0.475
104.86,32058.4,35271.1,0.2391,0.6661,147.8,98.1,0.475
104.88,32062.4,35222.6,0.2555,0.5469,147.8,98.1,0.475
104.9,31967.9,35110.9,-0.129,0.272,147.8,98.1,0.475
104.92,32087.7,35026.2,0.3583,0.0637,147.8,98.1,0.475
104.94,32007.6,34971.6,0.0326,-0.0706,147.8,98.1,0.475
104.96,31932.3,34913.9,-0.2742,-0.2128,147.8,98.1,0.475
104.98,31940.5,34787.2,-0.2408,-0.5244,147.8,98.1,0.475
105.0,31938.3,34613.7,-0.2496,-0.9514,147.8,98.1,0.475
105.02,31794.1,34688.5,-0.8365,-0.7673,147.8,98.1,0.475
105.04,31776.8,34679.5,-0.907,-0.7894,147.8,98.1,0.475
105.06,31827.6,34493.7,-0.7003,-1.2466,147.8,98.1,0.475
105.08,31769.4,34438.6,-0.9372,-1.3822,147.8,98.1,0.475
105.1,31801.1,34528.2,-0.808,-1.1617,147.8,98.1,0.475
105.12,31772.6,34519.8,-0.9244,-1.1823,147.8,98.1,0.475
105.14,31796.5,34731.6,-0.8269,-0.6612,147.8,98.1,0.475
105.16,32073.8,35125.8,0.3019,0.3086,147.8,98.1,0.475
105.18,32284.1,35482.2,1.158,1.1858,147.8,98.1,0.475
105.2,32290.8,35681.6,1.1852,1.6763,147.8,98.1,0.475
105.22,32392.7,35684.6,1.6,1.6837,147.8,98.1,0.475
105.24,32320.1,35593.0,1.3046,1.4582,147.8,98.1,0.475
105.26,32148.1,35376.7,0.6043,0.926,147.8,98.1,0.475
105.28,32019.6,35182.0,0.0814,0.447,147.8,98.1,0.475
105.3,32047.8,35190.4,0.196,0.4675,147.8,98.1,0.475
105.32,32067.6,35012.2,0.2768,0.0292,147.8,98.1,0.475
105.34,31943.2,35013.5,-0.2297,0.0325,147.8,98.1,0.475
105.36,31955.6,34905.0,-0.1793,-0.2345,147.8,98.1,0.475
105.38,31930.5,34794.7,-0.2815,-0.5059,147.8,98.1,0.475
105.4,31921.3,34785.2,-0.3188,-0.5294,147.8,98.1,0.475
105.42,31969.0,34763.1,-0.1248,-0.5837,147.8,98.1,0.475
105.44,31891.5,34667.8,-0.4401,-0.8181,147.8,98.1,0.475
105.46,31924.5,34593.0,-0.3058,-1.0022,147.8,98.1,0.475
105.48,31730.0,34473.0,-1.0974,-1.2975,147.8,98.1,0.475
105.5,31776.2,34412.2,-0.9094,-1.4472,147.8,98.1,0.475
105.52,31786.6,34609.8,-0.8674,-0.9609,147.8,98.1,0.475
105.54,31834.6,34695.1,-0.6717,-0.7511,147.8,98.1,0.475
105.56,32037.4,35011.7,0.1538,0.0279,147.8,98.1,0.475
105.58,32185.3,35453.0,0.7557,1.1139,147.8,98.1,0.475
105.6,32379.6,35682.8,1.5468,1.6793,147.8,98.1,0.475
105.62,32400.7,35739.4,1.6326,1.8185,147.8,98.1,0.475
105.64,32209.0,35645.8,0.8521,1.5882,147.8,98.1,0.475
105.66,32209.3,35393.3,0.8536,0.967,147.8,98.1,0.475
105.68,32066.4,35239.6,0.2719,0.5886,147.8,98.1,0.475
105.7,32051.5,35150.8,0.2112,0.3703,147.8,98.1,0.475
105.72,32030.9,35062.7,0.1272,0.1536,147.8,98.1,0.475
105.74,31961.5,35072.7,-0.1554,0.178,147.8,98.1,0.475
105.76,32025.2,34944.2,0.104,-0.138,147.8,98.1,0.475
105.78,31951.5,34749.9,-0.1958,-0.6163,147.8,98.1,0.475
105.8,31895.5,34747.8,-0.4239,-0.6214,147.8,98.1,0.475
105.82,31840.8,34788.6,-0.6467,-0.5209,147.8,98.1,0.475
105.84,31841.7,34659.7,-0.6429,-0.8381,147.8,98.1,0.475
105.86,31758.6,34597.1,-0.9813,-0.9923,147.8,98.1,0.475
105.88,31756.4,34523.1,-0.99,-1.1743,147.8,98.1,0.475
105.9,31759.4,34580.5,-0.9778,-1.033,147.8,98.1,0.475
105.92,31778.7,34390.0,-0.8994,-1.5018,147.8,98.1,0.475
105.94,31874.1,34563.8,-0.511,-1.0741,147.8,98.1,0.475
105.96,31924.2,34907.2,-0.3072,-0.2292,147.8,98.1,0.475
105.98,32106.7,35321.9,0.436,0.7913,147.8,98.1,0.475
106.0,32337.1,35627.6,1.3736,1.5434,147.8,98.1,0.475
106.02,32309.1,35717.7,1.2597,1.7652,147.8,98.1,0.475
106.04,32292.7,35701.1,1.1929,1.7242,147.8,98.1,0.475
106.06,32194.8,35558.4,0.7943,1.373,147.8,98.1,0.475
106.08,32090.8,35382.6,0.3713,0.9407,147.8,98.1,0.475
106.1,32135.3,35131.6,0.5522,0.3229,147.8,98.1,0.475
106.12,31971.5,35086.5,-0.1143,0.2119,147.8,98.1,0.475
106.14,32020.8,34980.7,0.0864,-0.0484,147.8,98.1,0.475
106.16,32018.4,34954.5,0.0765,-0.1128,147.8,98.1,0.475
106.18,31912.0,34801.9,-0.3566,-0.4882,147.8,98.1,0.475
106.2,31930.8,34759.0,-0.2804,-0.5939,147.8,98.1,0.475
106.22,31834.1,34749.2,-0.6739,-0.618,147.8,98.1,0.475
106.24,31850.2,34693.3,-0.6082,-0.7556,147.8,98.1,0.475
106.26,31788.4,34696.8,-0.8597,-0.747,147.8,98.1,0.475
106.28,31795.0,34589.5,-0.8328,-1.011,147.8,98.1,0.475
106.3,31690.5,34524.2,-1.2584,-1.1715,147.8,98.1,0.475
106.32,31768.0,34440.1,-0.9427,-1.3786,147.8,98.1,0.475
106.34,31814.2,34531.8,-0.7547,-1.1529,147.8,98.1,0.475
106.36,31956.8,34867.9,-0.1743,-0.326,147.8,98.1,0.475
106.38,32095.6,35212.4,0.3907,0.5219,147.8,98.1,0.475
106.4,32276.9,35584.6,1.1286,1.4376,147.8,98.1,0.475
106.42,32259.0,35789.2,1.056,1.9412,147.8,98.1,0.475
106.44,32282.2,35652.4,1.1502,1.6045,147.8,98.1,0.475
106.46,32183.6,35519.6,0.7489,1.2777,147.8,98.1,0.475
106.48,32152.8,35317.0,0.6236,0.7792,147.8,98.1,0.475
106.5,32094.6,35204.2,0.3867,0.5016,147.8,98.1,0.475
106.52,32093.5,35076.9,0.3822,0.1883,147.8,98.1,0.475
106.54,31975.2,35077.1,-0.0996,0.189,147.8,98.1,0.475
106.56,31946.0,35000.5,-0.2182,0.0003,147.8,98.1,0.475
106.58,31953.3,34921.7,-0.1884,-0.1935,147.8,98.1,0.475
106.6,31984.9,34747.4,-0.0599,-0.6224,147.8,98.1,0.475
106.62,31831.0,34683.1,-0.6865,-0.7806,147.8,98.1,0.475
106.64,31821.3,34643.9,-0.726,-0.877,147.8,98.1,0.475
106.66,31973.3,34702.0,-0.1071,-0.734,147.8,98.1,0.475
106.68,31830.4,34698.5,-0.689,-0.7426,147.8,98.1,0.475
106.7,31795.2,34545.2,-0.8321,-1.12,147.8,98.1,0.475
106.72,31734.3,34359.5,-1.0802,-1.5768,147.8,98.1,0.475
106.74,31715.6,34532.8,-1.1562,-1.1503,147.8,98.1,0.475
106.76,31773.1,34679.8,-0.9222,-0.7886,147.8,98.1,0.475
106.78,32036.5,35072.5,0.1502,0.1776,147.8,98.1,0.475
106.8,32175.3,35451.9,0.715,1.1111,147.8,98.1,0.475
106.82,32362.2,35750.6,1.4758,1.8462,147.8,98.1,0.475
106.84,32305.2,35762.9,1.244,1.8763,147.8,98.1,0.475
106.86,32214.8,35701.7,0.8758,1.7257,147.8,98.1,0.475
106.88,32209.6,35366.5,0.8547,0.901,147.8,98.1,0.475
106.9,32102.2,35284.5,0.4173,0.6992,147.8,98.1,0.475
106.92,32019.8,35132.8,0.0822,0.3259,147.8,98.1,0.475
106.94,32055.4,34991.9,0.2272,-0.0208,147.8,98.1,0.475
106.96,32057.1,35025.4,0.2341,0.0617,147.8,98.1,0.475
106.98,31993.6,34936.3,-0.0244,-0.1577,147.8,98.1,0.475
107.0,31954.4,34836.8,-0.184,-0.4025,147.8,98.1,0.475
107.02,31909.1,34769.3,-0.3685,-0.5685,147.8,98.1,0.475
107.04,31945.3,34733.7,-0.2212,-0.6562,147.8,98.1,0.475
107.06,31854.8,34598.2,-0.5897,-0.9895,147.8,98.1,0.475
107.08,31826.5,34703.0,-0.7048,-0.7316,147.8,98.1,0.475
107.1,31814.5,34531.3,-0.7536,-1.1541,147.8,98.1,0.475
107.12,31794.5,34459.4,-0.8351,-1.3311,147.8,98.1,0.475
107.14,31822.5,34474.6,-0.7211,-1.2935,147.8,98.1,0.475
107.16,31856.9,34701.4,-0.5811,-0.7355,147.8,98.1,0.475
107.18,31969.8,34998.6,-0.1214,-0.0042,147.8,98.1,0.475
107.2,32137.7,35267.9,0.5622,0.6584,147.8,98.1,0.475
107.22,32389.0,35697.4,1.5851,1.7153,147.8,98.1,0.475
107.24,32239.7,35840.5,0.9772,2.0672,147.8,98.1,0.475
107.26,32300.1,35736.0,1.223,1.8101,147.8,98.1,0.475
107.28,32148.3,35530.4,0.6054,1.3043,147.8,98.1,0.475
107.3,32170.4,35250.0,0.6952,0.6142,147.8,98.1,0.475
107.32,32104.1,35123.5,0.4252,0.3029,147.8,98.1,0.475
107.34,31996.4,35077.2,-0.013,0.1891,147.8,98.1,0.475
107.36,32048.2,35073.2,0.1976,0.1793,147.8,98.1,0.475
107.38,31866.2,34931.2,-0.5431,-0.1702,147.8,98.1,0.475
107.4,31995.3,35014.8,-0.0174,0.0356,147.8,98.1,0.475
107.42,31884.7,34790.0,-0.468,-0.5176,147.8,98.1,0.475
107.44,31811.5,34633.8,-0.7659,-0.9019,147.8,98.1,0.475
107.46,31904.4,34722.3,-0.3877,-0.6841,147.8,98.1,0.475
107.48,31900.2,34555.8,-0.4049,-1.0937,147.8,98.1,0.475
107.5,31887.3,34592.3,-0.4572,-1.0041,147.8,98.1,0.475
107.52,31784.3,34592.2,-0.8767,-1.0042,147.8,98.1,0.475
107.54,31773.3,34450.3,-0.9215,-1.3535,147.8,98.1,0.475
107.56,31742.0,34622.7,-1.0486,-0.9291,147.8,98.1,0.475
107.58,32021.2,34809.9,0.0879,-0.4687,147.8,98.1,0.475
107.6,32191.3,35153.8,0.7804,0.3777,147.8,98.1,0.475
107.62,32249.6,35532.5,1.0176,1.3095,147.8,98.1,0.475
107.64,32285.2,35685.8,1.1623,1.6865,147.8,98.1,0.475
107.66,32351.6,35748.7,1.4328,1.8415,147.8,98.1,0.475
107.68,32243.9,35525.6,0.9944,1.2926,147.8,98.1,0.475
107.7,32177.3,35361.5,0.7232,0.8887,147.8,98.1,0.475
107.72,32118.9,35241.3,0.4855,0.593,147.8,98.1,0.475
107.74,32074.5,35035.3,0.3047,0.086,147.8,98.1,0.475
107.76,31996.8,35065.9,-0.0116,0.1614,147.8,98.1,0.475
107.78,31984.3,35032.3,-0.0624,0.0786,147.8,98.1,0.475
107.8,31896.5,34837.7,-0.42,-0.4003,147.8,98.1,0.475
107.82,31864.9,34858.2,-0.5486,-0.3498,147.8,98.1,0.475
107.84,31804.9,34753.3,-0.7929,-0.6079,147.8,98.1,0.475
107.86,31871.3,34593.4,-0.5224,-1.0014,147.8,98.1,0.475
107.88,31837.6,34580.7,-0.6594,-1.0325,147.8,98.1,0.475
107.9,31833.8,34676.7,-0.6751,-0.7962,147.8,98.1,0.475
107.92,31747.8,34450.3,-1.025,-1.3535,147.8,98.1,0.475
107.94,31749.5,34366.7,-1.0181,-1.5591,147.8,98.1,0.475
107.96,31777.6,34510.3,-0.9038,-1.2057,147.8,98.1,0.475
107.98,31798.1,34711.6,-0.8205,-0.7104,147.8,98.1,0.475
108.0,32086.7,35152.3,0.3543,0.374,147.8,98.1,0.475
108.02,32169.0,35426.2,0.6895,1.048,147.8,98.1,0.475
108.04,32269.7,35774.1,1.0995,1.9038,147.8,98.1,0.475
108.06,32368.0,35729.5,1.4996,1.7941,147.8,98.1,0.475
108.08,32314.5,35650.0,1.2817,1.5986,147.8,98.1,0.475
108.1,32213.0,35341.3,0.8684,0.8391,147.8,98.1,0.475
108.12,32091.3,35202.9,0.3731,0.4984,147.8,98.1,0.475
108.14,32082.1,35120.1,0.3357,0.2947,147.8,98.1,0.475
108.16,31945.5,35135.8,-0.2205,0.3333,147.8,98.1,0.475
108.18,31984.5,35000.0,-0.0618,-0.0009,147.8,98.1,0.475
108.2,32045.0,34872.2,0.1848,-0.3154,147.8,98.1,0.475
108.22,31816.6,34752.7,-0.7452,-0.6093,147.8,98.1,0.475
108.24,31867.0,34631.9,-0.5398,-0.9066,147.8,98.1,0.475
108.26,31817.7,34632.1,-0.7407,-0.9061,147.8,98.1,0.475
108.28,31874.3,34691.9,-0.5103,-0.7591,147.8,98.1,0.475
108.3,31841.6,34603.0,-0.6433,-0.9777,147.8,98.1,0.475
108.32,31817.7,34573.9,-0.7407,-1.0493,147.8,98.1,0.475
108.34,31775.6,34414.0,-0.9121,-1.4428,147.8,98.1,0.475
108.36,31735.9,34428.1,-1.0734,-1.4081,147.8,98.1,0.475
108.38,31808.7,34735.6,-0.777,-0.6514,147.8,98.1,0.475
108.4,32014.8,34965.8,0.0616,-0.0849,147.8,98.1,0.475
108.42,32097.0,35377.7,0.3965,0.9286,147.8,98.1,0.475
108.44,32369.2,35589.9,1.5042,1.4506,147.8,98.1,0.475
108.46,32325.9,35786.3,1.3282,1.934,147.8,98.1,0.475
108.48,32297.4,35723.6,1.2122,1.7796,147.8,98.1,0.475
108.5,32199.1,35499.2,0.8122,1.2274,147.8,98.1,0.475
108.52,32133.7,35295.7,0.5458,0.7267,147.8,98.1,0.475
108.54,32089.7,35233.3,0.3665,0.5732,147.8,98.1,0.475
108.56,32082.4,35053.9,0.337,0.1317,147.8,98.1,0.475
108.58,32030.3,35081.8,0.1248,0.2005,147.8,98.1,0.475
108.6,31901.2,34963.0,-0.4006,-0.0918,147.8,98.1,0.475
108.62,31951.6,34784.2,-0.1954,-0.5318,147.8,98.1,0.475
108.64,31846.4,34737.6,-0.6236,-0.6465,147.8,98.1,0.475
108.66,31850.7,34690.6,-0.6064,-0.7622,147.8,98.1,0.475
108.68,31869.4,34623.7,-0.5302,-0.9268,147.8,98.1,0.475
108.7,31842.1,34611.4,-0.6413,-0.9569,147.8,98.1,0.475
108.72,31822.2,34648.7,-0.7224,-0.8653,147.8,98.1,0.475
108.74,31745.2,34490.0,-1.0357,-1.2558,147.8,98.1,0.475
108.76,31749.0,34477.2,-1.0203,-1.2872,147.8,98.1,0.475
108.78,31908.7,34557.6,-0.3701,-1.0895,147.8,98.1,0.475
108.8,31940.0,34838.8,-0.2429,-0.3975,147.8,98.1,0.475
108.82,32079.5,35312.0,0.325,0.7668,147.8,98.1,0.475
108.84,32321.3,35530.8,1.3093,1.3051,147.8,98.1,0.475
108.86,32324.8,35789.0,1.3237,1.9406,147.8,98.1,0.475
108.88,32360.0,35707.2,1.4669,1.7394,147.8,98.1,0.475
108.9,32207.4,35548.0,0.8457,1.3475,147.8,98.1,0.475
108.92,32168.5,35286.7,0.6876,0.7045,147.8,98.1,0.475
108.94,32113.9,35113.6,0.465,0.2786,147.8,98.1,0.475
108.96,32010.1,35261.6,0.0424,0.6429,147.8,98.1,0.475
108.98,32059.5,35045.9,0.2439,0.1121,147.8,98.1,0.475
109.0,31948.2,35061.5,-0.2092,0.1504,147.8,98.1,0.475
109.02,31991.4,34831.1,-0.0334,-0.4164,147.8,98.1,0.475
109.04,31879.8,34710.2,-0.4879,-0.714,147.8,98.1,0.475
109.06,31873.8,34650.7,-0.5124,-0.8603,147.8,98.1,0.475
109.08,31794.5,34713.7,-0.8352,-0.7052,147.8,98.1,0.475
109.1,31810.9,34728.6,-0.7685,-0.6686,147.8,98.1,0.475
109.12,31736.1,34500.7,-1.0726,-1.2293,147.8,98.1,0.475
109.14,31918.0,34465.8,-0.3323,-1.3153,147.8,98.1,0.475
109.16,31832.0,34474.5,-0.6826,-1.2938,147.8,98.1,0.475
109.18,31817.6,34524.3,-0.7411,-1.1714,147.8,98.1,0.475
109.2,31979.0,34734.8,-0.0838,-0.6535,147.8,98.1,0.475
109.22,32090.9,35005.1,0.3715,0.0118,147.8,98.1,0.475
109.24,32150.9,35550.2,0.6158,1.3531,147.8,98.1,0.475
109.26,32340.8,35669.1,1.3889,1.6455,147.8,98.1,0.475
109.28,32249.4,35671.0,1.0168,1.6502,147.8,98.1,0.475
109.3,32275.5,35638.0,1.1231,1.569,147.8,98.1,0.475
109.32,32192.2,35414.5,0.7839,1.0191,147.8,98.1,0.475
109.34,32161.3,35224.7,0.6582,0.5521,147.8,98.1,0.475
109.36,32127.6,35176.1,0.5208,0.4324,147.8,98.1,0.475
109.38,31892.4,35162.8,-0.4367,0.3997,147.8,98.1,0.475
109.4,32003.5,34941.4,0.0158,-0.145,147.8,98.1,0.475
109.42,31993.0,34923.7,-0.0271,-0.1885,147.8,98.1,0.475
109.44,31979.4,34773.2,-0.0823,-0.559,147.8,98.1,0.475
109.46,31800.3,34705.0,-0.8116,-0.7268,147.8,98.1,0.475
109.48,31924.1,34703.6,-0.3077,-0.7302,147.8,98.1,0.475
109.5,31785.2,34615.0,-0.8729,-0.9481,147.8,98.1,0.475
109.52,31840.7,34669.7,-0.6469,-0.8134,147.8,98.1,0.475
109.54,31776.4,34502.6,-0.9087,-1.2248,147.8,98.1,0.475
109.56,31783.3,34357.1,-0.8807,-1.5828,147.8,98.1,0.475
109.58,31856.2,34430.5,-0.5837,-1.4022,147.8,98.1,0.475
109.6,31828.2,34663.0,-0.6979,-0.83,147.8,98.1,0.475
109.62,32016.6,35021.7,0.0692,0.0526,147.8,98.1,0.475
109.64,32179.4,35377.4,0.7319,0.9278,147.8,98.1,0.475
109.66,32368.3,35716.1,1.5006,1.7611,147.8,98.1,0.475
109.68,32328.8,35747.0,1.3399,1.8372,147.8,98.1,0.475
109.7,32377.4,35655.2,1.5377,1.6115,147.8,98.1,0.475
109.72,32143.9,35461.1,0.5872,1.1336,147.8,98.1,0.475
109.74,32079.7,35255.6,0.3261,0.6282,147.8,98.1,0.475
109.76,32005.4,35217.0,0.0236,0.5331,147.8,98.1,0.475
109.78,31977.9,35092.8,-0.0884,0.2276,147.8,98.1,0.475
109.8,31986.1,35023.5,-0.055,0.057,147.8,98.1,0.475
109.82,32034.1,35029.9,0.1402,0.0727,147.8,98.1,0.475
109.84,31860.9,34704.6,-0.5649,-0.7276,147.8,98.1,0.475
109.86,31917.2,34653.6,-0.3356,-0.8532,147.8,98.1,0.475
109.88,31816.8,34744.5,-0.7443,-0.6296,147.8,98.1,0.475
109.9,31802.6,34686.7,-0.8022,-0.7718,147.8,98.1,0.475
109.92,31796.5,34621.1,-0.827,-0.9332,147.8,98.1,0.475
109.94,31760.8,34556.4,-0.972,-1.0924,147.8,98.1,0.475
109.96,31741.9,34485.7,-1.0491,-1.2664,147.8,98.1,0.475
109.98,31739.0,34470.5,-1.061,-1.3036,147.8,98.1,0.475
110.0,31740.3,34573.8,-1.0559,-1.0496,147.8,98.1,0.475
110.02,31957.3,35017.7,-0.1724,0.0428,147.8,98.1,0.475
110.04,32092.8,35392.5,0.3791,0.965,147.8,98.1,0.475
110.06,32157.5,35552.6,0.6426,1.359,147.8,98.1,0.475
110.08,32335.3,35694.9,1.3663,1.709,147.8,98.1,0.475
110.1,32234.8,35745.4,0.9572,1.8333,147.8,98.1,0.475
110.12,32221.4,35534.1,0.9028,1.3133,147.8,98.1,0.475
110.14,32122.8,35230.8,0.5012,0.567,147.8,98.1,0.475
110.16,32051.3,35152.4,0.2104,0.3742,147.8,98.1,0.475
110.18,31973.7,35090.5,-0.1058,0.2218,147.8,98.1,0.475
110.2,31980.9,35007.9,-0.0763,0.0186,147.8,98.1,0.475
110.22,31960.8,35040.1,-0.158,0.0977,147.8,98.1,0.475
110.24,31937.4,34874.2,-0.2535,-0.3103,147.8,98.1,0.475
110.26,32000.8,34735.4,0.0048,-0.652,147.8,98.1,0.475
110.28,31785.2,34691.7,-0.8727,-0.7595,147.8,98.1,0.475
110.3,31875.7,34751.1,-0.5045,-0.6132,147.8,98.1,0.475
110.32,31907.7,34609.8,-0.3741,-0.961,147.8,98.1,0.475
110.34,31889.1,34560.3,-0.4499,-1.0828,147.8,98.1,0.475
110.36,31876.7,34509.9,-0.5003,-1.2069,147.8,98.1,0.475
110.38,31741.4,34436.7,-1.0513,-1.3869,147.8,98.1,0.475
110.4,31774.0,34551.5,-0.9187,-1.1044,147.8,98.1,0.475
110.42,31870.5,34763.5,-0.5257,-0.5828,147.8,98.1,0.475
110.44,32158.8,35131.6,0.6478,0.323,147.8,98.1,0.475
110.46,32294.0,35544.4,1.1984,1.3386,147.8,98.1,0.475
110.48,32380.5,35808.3,1.5503,1.9882,147.8,98.1,0.475
110.5,32362.9,35727.3,1.4789,1.7886,147.8,98.1,0.475
110.52,32219.0,35532.5,0.893,1.3094,147.8,98.1,0.475
110.54,32185.1,35365.5,0.7552,0.8985,147.8,98.1,0.475
110.56,32187.3,35222.6,0.7638,0.547,147.8,98.1,0.475
110.58,32074.7,35187.1,0.3057,0.4597,147.8,98.1,0.475
110.6,32025.9,35117.1,0.1071,0.2874,147.8,98.1,0.475
110.62,32013.6,34987.1,0.057,-0.0325,147.8,98.1,0.475
110.64,31875.6,34874.8,-0.505,-0.3088,147.8,98.1,0.475
110.66,31890.7,34793.7,-0.4433,-0.5084,147.8,98.1,0.475
110.68,31883.4,34641.4,-0.4733,-0.8832,147.8,98.1,0.475
110.7,31826.7,34656.3,-0.7041,-0.8465,147.8,98.1,0.475
110.72,31840.4,34715.8,-0.6482,-0.7002,147.8,98.1,0.475
110.74,31860.0,34585.0,-0.5685,-1.0221,147.8,98.1,0.475
110.76,31774.2,34533.8,-0.9176,-1.148,147.8,98.1,0.475
110.78,31637.7,34416.2,-1.4735,-1.4373,147.8,98.1,0.475
110.8,31771.2,34540.7,-0.9297,-1.1311,147.8,98.1,0.475
110.82,31872.7,34760.0,-0.5165,-0.5915,147.8,98.1,0.475
110.84,32005.4,34956.8,0.0235,-0.1072,147.8,98.1,0.475
110.86,32163.0,35417.8,0.6651,1.0273,147.8,98.1,0.475
110.88,32265.4,35796.6,1.0819,1.9593,147.8,98.1,0.475
110.9,32363.6,35687.3,1.4818,1.6904,147.8,98.1,0.475
110.92,32265.2,35724.3,1.0811,1.7814,147.8,98.1,0.475
110.94,32095.2,35370.7,0.3888,0.9112,147.8,98.1,0.475
110.96,32134.1,35232.1,0.5475,0.5704,147.8,98.1,0.475
110.98,32058.0,35167.2,0.2375,0.4105,147.8,98.1,0.475
111.0,32046.6,35119.6,0.1913,0.2934,147.8,98.1,0.475
111.02,32040.4,35020.5,0.166,0.0496,147.8,98.1,0.475
111.04,32037.4,34916.6,0.1539,-0.2062,147.8,98.1,0.475
111.06,31893.9,34734.3,-0.4302,-0.6546,147.8,98.1,0.475
111.08,31914.6,34752.2,-0.3462,-0.6107,147.8,98.1,0.475
111.1,31889.1,34675.0,-0.4498,-0.8005,147.8,98.1,0.475
111.12,31822.4,34598.0,-0.7214,-0.9899,147.8,98.1,0.475
111.14,31837.2,34538.1,-0.6611,-1.1375,147.8,98.1,0.475
111.16,31764.1,34555.7,-0.9587,-1.094,147.8,98.1,0.475
111.18,31751.1,34372.4,-1.0119,-1.545,147.8,98.1,0.475
111.2,31700.3,34533.2,-1.2184,-1.1495,147.8,98.1,0.475
111.22,31833.3,34681.3,-0.677,-0.7851,147.8,98.1,0.475
111.24,31944.4,34895.5,-0.2247,-0.2579,147.8,98.1,0.475
111.26,32124.1,35277.9,0.5067,0.683,147.8,98.1,0.475
111.28,32261.6,35709.5,1.0663,1.745,147.8,98.1,0.475
111.3,32315.9,35666.1,1.2875,1.6382,147.8,98.1,0.475
111.32,32251.7,35540.5,1.0262,1.3291,147.8,98.1,0.475
111.34,32203.3,35521.2,0.8292,1.2815,147.8,98.1,0.475
111.36,32106.6,35260.6,0.4353,0.6404,147.8,98.1,0.475
111.38,31978.6,35204.7,-0.0855,0.5029,147.8,98.1,0.475
111.4,32049.3,35048.7,0.2022,0.119,147.8,98.1,0.475
111.42,31994.4,35019.9,-0.0211,0.048,147.8,98.1,0.475
111.44,32034.0,34965.3,0.1399,-0.0862,147.8,98.1,0.475
111.46,31937.1,34783.0,-0.2545,-0.5347,147.8,98.1,0.475
111.48,31925.5,34774.0,-0.3017,-0.5568,147.8,98.1,0.475
111.5,31874.4,34729.4,-0.5096,-0.6667,147.8,98.1,0.475
111.52,31868.8,34644.6,-0.5327,-0.8752,147.8,98.1,0.475
111.54,31843.7,34634.4,-0.6346,-0.9005,147.8,98.1,0.475
111.56,31872.8,34622.8,-0.5165,-0.9289,147.8,98.1,0.475
111.58,31839.5,34533.0,-0.6518,-1.1498,147.8,98.1,0.475
111.6,31752.3,34455.2,-1.0069,-1.3413,147.8,98.1,0.475
111.62,31822.3,34619.9,-0.722,-0.9361,147.8,98.1,0.475
111.64,31908.3,34962.3,-0.3718,-0.0936,147.8,98.1,0.475
111.66,32105.5,35313.0,0.4309,0.7694,147.8,98.1,0.475
111.68,32261.6,35618.0,1.0662,1.5198,147.8,98.1,0.475
111.7,32306.8,35736.6,1.2504,1.8116,147.8,98.1,0.475
111.72,32298.6,35566.4,1.217,1.3929,147.8,98.1,0.475
111.74,32209.0,35473.7,0.8524,1.1649,147.8,98.1,0.475
111.76,32054.2,35357.1,0.2222,0.8779,147.8,98.1,0.475
111.78,32156.3,35184.3,0.6378,0.4525,147.8,98.1,0.475
111.8,32135.1,35126.2,0.5515,0.3097,147.8,98.1,0.475
111.82,31985.2,35161.6,-0.0587,0.3969,147.8,98.1,0.475
111.84,32024.8,35001.8,0.1026,0.0036,147.8,98.1,0.475
111.86,31909.2,34968.7,-0.3682,-0.0777,147.8,98.1,0.475
111.88,31918.6,34796.9,-0.3299,-0.5007,147.8,98.1,0.475
111.9,31769.1,34686.7,-0.9385,-0.7718,147.8,98.1,0.475
111.92,31829.6,34680.7,-0.6921,-0.7865,147.8,98.1,0.475
111.94,31828.8,34714.2,-0.6953,-0.704,147.8,98.1,0.475
111.96,31831.7,34577.1,-0.6837,-1.0414,147.8,98.1,0.475
111.98,31709.0,34556.6,-1.1831,-1.0918,147.8,98.1,0.475
112.0,31794.5,34458.8,-0.835,-1.3326,147.8,98.1,0.475
112.02,31895.8,34510.6,-0.4228,-1.2051,147.8,98.1,0.475
112.04,31894.1,34761.1,-0.4295,-0.5887,147.8,98.1,0.475
112.06,32097.7,35062.7,0.3993,0.1535,147.8,98.1,0.475
112.08,32107.3,35477.9,0.4385,1.1752,147.8,98.1,0.475
112.1,32257.7,35666.8,1.0503,1.6398,147.8,98.1,0.475
112.12,32328.8,35731.9,1.3398,1.8001,147.8,98.1,0.475
112.14,32295.7,35517.2,1.2051,1.2718,147.8,98.1,0.475
112.16,32135.6,35441.7,0.5535,1.0861,147.8,98.1,0.475
112.18,32122.5,35156.8,0.5,0.3849,147.8,98.1,0.475
112.2,32103.9,35119.1,0.4244,0.2923,147.8,98.1,0.475
112.22,31998.5,35158.9,-0.0047,0.3901,147.8,98.1,0.475
112.24,31939.2,34959.4,-0.2459,-0.1009,147.8,98.1,0.475
112.26,31900.5,34816.8,-0.4033,-0.4517,147.8,98.1,0.475
112.28,31984.7,34838.2,-0.0607,-0.3989,147.8,98.1,0.475
112.3,31906.4,34682.3,-0.3794,-0.7827,147.8,98.1,0.475
112.32,31830.9,34706.7,-0.6868,-0.7225,147.8,98.1,0.475
112.34,31876.2,34780.8,-0.5025,-0.5403,147.8,98.1,0.475
112.36,31827.6,34616.3,-0.7001,-0.945,147.8,98.1,0.475
112.38,31849.8,34613.0,-0.6101,-0.953,147.8,98.1,0.475
112.4,31709.5,34516.7,-1.1811,-1.1901,147.8,98.1,0.475
112.42,31680.2,34521.4,-1.3002,-1.1786,147.8,98.1,0.475
112.44,31909.7,34640.0,-0.3662,-0.8865,147.8,98.1,0.475
112.46,31964.8,34922.6,-0.1419,-0.1914,147.8,98.1,0.475
112.48,32100.8,35324.7,0.4119,0.7982,147.8,98.1,0.475
112.5,32308.6,35649.0,1.2577,1.596,147.8,98.1,0.475
112.52,32360.6,35773.7,1.4695,1.903,147.8,98.1,0.475
112.54,32223.0,35624.5,0.9095,1.5359,147.8,98.1,0.475
112.56,32239.0,35425.3,0.9745,1.0457,147.8,98.1,0.475
112.58,32129.9,35220.4,0.5301,0.5414,147.8,98.1,0.475
112.6,32061.0,35110.9,0.2497,0.272,147.8,98.1,0.475
112.62,32138.5,35075.5,0.5652,0.1849,147.8,98.1,0.475
112.64,31978.4,35020.2,-0.0864,0.0488,147.8,98.1,0.475
112.66,31941.1,35037.1,-0.2384,0.0905,147.8,98.1,0.475
112.68,31986.3,34874.8,-0.0542,-0.3089,147.8,98.1,0.475
112.7,31824.7,34775.6,-0.7123,-0.5531,147.8,98.1,0.475
112.72,31908.4,34659.5,-0.3714,-0.8388,147.8,98.1,0.475
112.74,31804.0,34686.1,-0.7962,-0.7732,147.8,98.1,0.475
112.76,31853.7,34659.8,-0.5939,-0.838,147.8,98.1,0.475
112.78,31762.5,34609.0,-0.9654,-0.963,147.8,98.1,0.475
112.8,31855.8,34476.2,-0.5856,-1.2897,147.8,98.1,0.475
112.82,31768.3,34472.4,-0.9415,-1.2989,147.8,98.1,0.475
112.84,31846.6,34601.2,-0.6229,-0.9821,147.8,98.1,0.475
112.86,31952.1,34899.0,-0.1936,-0.2492,147.8,98.1,0.475
112.88,32022.1,35331.0,0.0914,0.8136,147.8,98.1,0.475
112.9,32203.3,35557.7,0.829,1.3714,147.8,98.1,0.475
112.92,32328.2,35765.5,1.3377,1.8827,147.8,98.1,0.475
112.94,32262.7,35663.5,1.0708,1.6317,147.8,98.1,0.475
112.96,32309.9,35520.2,1.2631,1.2791,147.8,98.1,0.475
112.98,32130.3,35309.4,0.5319,0.7604,147.8,98.1,0.475
113.0,32080.7,35193.5,0.33,0.4752,147.8,98.1,0.475
113.02,32066.3,34998.8,0.2715,-0.0037,147.8,98.1,0.475
113.04,31939.6,35078.1,-0.2445,0.1914,147.8,98.1,0.475
113.06,32037.7,34966.8,0.1551,-0.0826,147.8,98.1,0.475
113.08,31929.8,34850.4,-0.2842,-0.369,147.8,98.1,0.475
113.1,31861.5,34757.4,-0.5623,-0.5978,147.8,98.1,0.475
113.12,31871.2,34616.3,-0.5227,-0.945,147.8,98.1,0.475
113.14,31896.3,34578.1,-0.4208,-1.039,147.8,98.1,0.475
113.16,31818.2,34692.8,-0.7388,-0.7567,147.8,98.1,0.475
113.18,31903.6,34689.5,-0.3909,-0.7649,147.8,98.1,0.475
113.2,31799.2,34575.4,-0.8158,-1.0456,147.8,98.1,0.475
113.22,31810.5,34518.5,-0.7701,-1.1856,147.8,98.1,0.475
113.24,31812.0,34427.9,-0.7638,-1.4085,147.8,98.1,0.475
113.26,31887.4,34766.6,-0.4568,-0.5752,147.8,98.1,0.475
113.28,32064.5,35137.9,0.2639,0.3385,147.8,98.1,0.475
113.3,32220.2,35479.8,0.898,1.1798,147.8,98.1,0.475
113.32,32207.9,35731.3,0.8479,1.7986,147.8,98.1,0.475
113.34,32215.5,35734.5,0.8789,1.8065,147.8,98.1,0.475
113.36,32305.8,35625.2,1.2464,1.5376,147.8,98.1,0.475
113.38,32133.9,35455.8,0.5467,1.1207,147.8,98.1,0.475
113.4,32101.3,35235.1,0.4138,0.5776,147.8,98.1,0.475
113.42,32025.2,35133.8,0.104,0.3283,147.8,98.1,0.475
113.44,32041.8,35108.1,0.1716,0.2653,147.8,98.1,0.475
113.46,32039.2,34978.2,0.1612,-0.0545,147.8,98.1,0.475
113.48,31928.4,34880.2,-0.2901,-0.2955,147.8,98.1,0.475
113.5,31907.5,34791.8,-0.375,-0.5131,147.8,98.1,0.475
113.52,31857.0,34799.6,-0.5808,-0.4939,147.8,98.1,0.475
113.54,31858.4,34699.8,-0.5751,-0.7394,147.8,98.1,0.475
113.56,31764.3,34643.9,-0.9581,-0.8771,147.8,98.1,0.475
113.58,31726.5,34575.8,-1.112,-1.0445,147.8,98.1,0.475
113.6,31824.3,34516.6,-0.7137,-1.1902,147.8,98.1,0.475
113.62,31700.0,34460.8,-1.2198,-1.3276,147.8,98.1,0.475
113.64,31802.0,34517.8,-0.8043,-1.1874,147.8,98.1,0.475
113.66,31854.3,34834.2,-0.5916,-0.4087,147.8,98.1,0.475
113.68,31981.7,35034.5,-0.0731,0.084,147.8,98.1,0.475
113.7,32152.3,35456.4,0.6213,1.1222,147.8,98.1,0.475
113.72,32237.2,35651.8,0.967,1.6031,147.8,98.1,0.475
113.74,32309.4,35797.5,1.2609,1.9615,147.8,98.1,0.475
113.76,32381.6,35746.4,1.5547,1.8357,147.8,98.1,0.475
113.78,32049.9,35460.5,0.2046,1.1324,147.8,98.1,0.475
113.8,32103.3,35236.1,0.4221,0.58,147.8,98.1,0.475
113.82,31998.4,35244.1,-0.0051,0.5997,147.8,98.1,0.475
113.84,32029.2,35065.8,0.1204,0.1611,147.8,98.1,0.475
113.86,31926.8,35010.7,-0.2963,0.0255,147.8,98.1,0.475
113.88,32001.9,34958.8,0.0094,-0.1022,147.8,98.1,0.475
113.9,31926.9,34750.8,-0.2962,-0.6139,147.8,98.1,0.475
113.92,31835.3,34740.6,-0.669,-0.6391,147.8,98.1,0.475
113.94,31858.2,34642.4,-0.5756,-0.8808,147.8,98.1,0.475
113.96,31804.3,34618.0,-0.7952,-0.9408,147.8,98.1,0.475
113.98,31862.6,34604.5,-0.5578,-0.9739,147.8,98.1,0.475
114.0,31805.5,34613.3,-0.7901,-0.9523,147.8,98.1,0.475
114.02,31791.4,34462.2,-0.8477,-1.324,147.8,98.1,0.475
114.04,31818.1,34424.1,-0.7391,-1.418,147.8,98.1,0.475
114.06,31843.5,34701.0,-0.6356,-0.7366,147.8,98.1,0.475
114.08,31972.7,34922.4,-0.1097,-0.1918,147.8,98.1,0.475
114.1,32116.4,35283.4,0.4753,0.6965,147.8,98.1,0.475
114.12,32266.6,35681.8,1.0867,1.6767,147.8,98.1,0.475
114.14,32319.7,35721.5,1.3028,1.7744,147.8,98.1,0.475
114.16,32251.8,35619.0,1.0265,1.5223,147.8,98.1,0.475
114.18,32253.8,35529.8,1.0347,1.3027,147.8,98.1,0.475
114.2,32225.2,35295.1,0.9181,0.7253,147.8,98.1,0.475
114.22,32035.3,35103.2,0.1452,0.2531,147.8,98.1,0.475
114.24,32045.7,35140.9,0.1877,0.3458,147.8,98.1,0.475
114.26,32009.1,35066.2,0.0386,0.162,147.8,98.1,0.475
114.28,32043.7,34943.2,0.1793,-0.1405,147.8,98.1,0.475
114.3,31905.9,34779.2,-0.3817,-0.5442,147.8,98.1,0.475
114.32,31896.2,34741.8,-0.4212,-0.6362,147.8,98.1,0.475
114.34,31828.7,34687.2,-0.6959,-0.7705,147.8,98.1,0.475
114.36,31841.2,34628.0,-0.6449,-0.9161,147.8,98.1,0.475
114.38,31793.3,34674.4,-0.8398,-0.802,147.8,98.1,0.475
114.4,31836.7,34650.9,-0.6632,-0.8598,147.8,98.1,0.475
114.42,31872.6,34495.4,-0.517,-1.2424,147.8,98.1,0.475
114.44,31709.5,34542.1,-1.1812,-1.1275,147.8,98.1,0.475
114.46,31868.3,34586.1,-0.5345,-1.0192,147.8,98.1,0.475
114.48,31868.7,34759.0,-0.5329,-0.5939,147.8,98.1,0.475
114.5,32069.4,35103.6,0.2842,0.2542,147.8,98.1,0.475
114.52,32231.8,35572.0,0.9452,1.4065,147.8,98.1,0.475
114.54,32241.3,35676.1,0.9839,1.6628,147.8,98.1,0.475
114.56,32297.1,35692.3,1.2111,1.7026,147.8,98.1,0.475
114.58,32128.5,35579.8,0.5246,1.4257,147.8,98.1,0.475
114.6,32201.1,35409.6,0.8203,1.0071,147.8,98.1,0.475
114.62,32115.6,35228.6,0.4723,0.5616,147.8,98.1,0.475
114.64,32037.1,35106.3,0.1524,0.2608,147.8,98.1,0.475
114.66,32083.0,35070.0,0.3393,0.1713,147.8,98.1,0.475
114.68,31970.7,35005.8,-0.1176,0.0134,147.8,98.1,0.475
114.7,31907.9,34923.5,-0.3736,-0.1891,147.8,98.1,0.475
114.72,31765.1,34744.2,-0.9547,-0.6302,147.8,98.1,0.475
114.74,31863.4,34670.1,-0.5547,-0.8125,147.8,98.1,0.475
114.76,31937.9,34704.0,-0.2513,-0.7291,147.8,98.1,0.475
114.78,31854.8,34657.1,-0.5896,-0.8447,147.8,98.1,0.475
114.8,31930.0,34683.6,-0.2836,-0.7793,147.8,98.1,0.475
114.82,31781.3,34635.5,-0.8889,-0.8977,147.8,98.1,0.475
114.84,31806.2,34472.0,-0.7873,-1.3,147.8,98.1,0.475
114.86,31721.0,34444.1,-1.1341,-1.3686,147.8,98.1,0.475
114.88,31835.1,34741.6,-0.6697,-0.6366,147.8,98.1,0.475
114.9,32115.7,35096.2,0.4726,0.2359,147.8,98.1,0.475
114.92,32189.7,35490.9,0.7735,1.2069,147.8,98.1,0.475
114.94,32290.2,35563.5,1.1829,1.3858,147.8,98.1,0.475
114.96,32323.7,35748.0,1.319,1.8396,147.8,98.1,0.475
114.98,32281.4,35592.9,1.1469,1.4581,147.8,98.1,0.475
115.0,32235.2,35399.5,0.9588,0.9822,147.8,98.1,0.475
115.02,32077.7,35280.0,0.3178,0.6881,147.8,98.1,0.475
115.04,32074.8,35097.5,0.306,0.2391,147.8,98.1,0.475
115.06,32087.4,35114.2,0.3574,0.2801,147.8,98.1,0.475
115.08,32026.0,35025.6,0.1073,0.062,147.8,98.1,0.475
115.1,32003.4,34973.4,0.0154,-0.0664,147.8,98.1,0.475
115.12,31962.9,34819.1,-0.1497,-0.4459,147.8,98.1,0.475
115.14,31905.3,34789.5,-0.3842,-0.5187,147.8,98.1,0.475
115.16,31795.8,34588.7,-0.8297,-1.013,147.8,98.1,0.475
115.18,31910.5,34703.5,-0.3629,-0.7303,147.8,98.1,0.475
115.2,31790.0,34600.9,-0.8532,-0.9828,147.8,98.1,0.475
115.22,31783.1,34645.4,-0.8814,-0.8732,147.8,98.1,0.475
115.24,31761.6,34520.0,-0.9689,-1.1819,147.8,98.1,0.475
115.26,31790.3,34421.4,-0.8522,-1.4246,147.8,98.1,0.475
115.28,31809.1,34648.6,-0.7756,-0.8656,147.8,98.1,0.475
115.3,31914.9,34935.4,-0.3449,-0.1599,147.8,98.1,0.475
115.32,32171.8,35289.7,0.7007,0.712,147.8,98.1,0.475
115.34,32248.0,35633.3,1.0111,1.5575,147.8,98.1,0.475
115.36,32321.6,35803.6,1.3105,1.9764,147.8,98.1,0.475
115.38,32385.6,35684.8,1.5712,1.6841,147.8,98.1,0.475
115.4,32175.4,35608.9,0.7155,1.4975,147.8,98.1,0.475
115.42,32117.7,35228.4,0.4807,0.5611,147.8,98.1,0.475
115.44,32041.3,35136.1,0.1698,0.334,147.8,98.1,0.475
115.46,31896.2,35101.2,-0.4212,0.2481,147.8,98.1,0.475
115.48,31987.1,34972.4,-0.0511,-0.0688,147.8,98.1,0.475
115.5,31941.4,35030.0,-0.2371,0.0729,147.8,98.1,0.475
115.52,31958.3,34800.2,-0.1682,-0.4923,147.8,98.1,0.475
115.54,31983.4,34699.6,-0.0662,-0.7399,147.8,98.1,0.475
115.56,31835.1,34737.4,-0.67,-0.6469,147.8,98.1,0.475
115.58,31849.0,34689.7,-0.6133,-0.7642,147.8,98.1,0.475
115.6,31844.3,34566.9,-0.6323,-1.0665,147.8,98.1,0.475
115.62,31883.5,34594.6,-0.4727,-0.9983,147.8,98.1,0.475
115.64,31822.9,34442.3,-0.7195,-1.3732,147.8,98.1,0.475
115.66,31826.4,34514.9,-0.705,-1.1945,147.8,98.1,0.475
115.68,31859.8,34535.4,-0.569,-1.144,147.8,98.1,0.475
115.7,31900.7,34765.0,-0.4028,-0.5791,147.8,98.1,0.475
115.72,32155.4,35088.4,0.6339,0.2167,147.8,98.1,0.475
115.74,32337.0,35648.0,1.3732,1.5936,147.8,98.1,0.475
115.76,32365.2,35798.4,1.4881,1.9638,147.8,98.1,0.475
115.78,32261.5,35764.9,1.066,1.8813,147.8,98.1,0.475
115.8,32268.1,35472.1,1.0927,1.1607,147.8,98.1,0.475
115.82,32213.0,35386.7,0.8686,0.9506,147.8,98.1,0.475
115.84,32033.3,35211.5,0.1369,0.5195,147.8,98.1,0.475
115.86,32146.6,35038.0,0.5984,0.0926,147.8,98.1,0.475
115.88,31944.9,35031.2,-0.2229,0.0759,147.8,98.1,0.475
115.9,31918.5,34978.9,-0.3303,-0.0528,147.8,98.1,0.475
115.92,31829.2,34886.7,-0.6937,-0.2797,147.8,98.1,0.475
115.94,31881.6,34787.3,-0.4805,-0.5243,147.8,98.1,0.475
115.96,31902.4,34633.1,-0.3956,-0.9037,147.8,98.1,0.475
115.98,31802.8,34641.1,-0.8013,-0.884,147.8,98.1,0.475
116.0,31804.5,34700.5,-0.7943,-0.7377,147.8,98.1,0.475
116.02,31816.1,34596.3,-0.747,-0.9941,147.8,98.1,0.475
116.04,31771.5,34443.3,-0.9287,-1.3707,147.8,98.1,0.475
116.06,31775.0,34493.8,-0.9144,-1.2465,147.8,98.1,0.475
116.08,31769.7,34466.3,-0.9362,-1.3141,147.8,98.1,0.475
116.1,31836.7,34700.8,-0.6634,-0.737,147.8,98.1,0.475
116.12,32047.1,35080.4,0.1933,0.1971,147.8,98.1,0.475
116.14,32160.5,35513.7,0.655,1.2632,147.8,98.1,0.475
116.16,32323.3,35779.8,1.3174,1.9178,147.8,98.1,0.475
116.18,32304.8,35773.0,1.2424,1.9012,147.8,98.1,0.475
116.2,32249.0,35631.4,1.0153,1.5528,147.8,98.1,0.475
116.22,32168.0,35415.5,0.6855,1.0215,147.8,98.1,0.475
116.24,32076.2,35247.7,0.3116,0.6087,147.8,98.1,0.475
116.26,32029.6,35111.1,0.1221,0.2726,147.8,98.1,0.475
116.28,32000.5,35070.4,0.0034,0.1723,147.8,98.1,0.475
116.3,31972.5,34927.2,-0.1103,-0.18,147.8,98.1,0.475
116.32,31956.0,34963.5,-0.1776,-0.0906,147.8,98.1,0.475
116.34,31942.6,34775.7,-0.2322,-0.5527,147.8,98.1,0.475
116.36,31891.0,34714.0,-0.4421,-0.7045,147.8,98.1,0.475
116.38,31803.0,34688.0,-0.8004,-0.7686,147.8,98.1,0.475
116.4,31853.9,34678.2,-0.5933,-0.7928,147.8,98.1,0.475
116.42,31894.5,34590.3,-0.4281,-1.0088,147.8,98.1,0.475
116.44,31858.7,34542.0,-0.5737,-1.1278,147.8,98.1,0.475
116.46,31787.2,34353.0,-0.8647,-1.5929,147.8,98.1,0.475
116.48,31842.3,34500.4,-0.6405,-1.2302,147.8,98.1,0.475
116.5,31825.6,34732.2,-0.7085,-0.6598,147.8,98.1,0.475
116.52,32013.6,35012.9,0.0568,0.031,147.8,98.1,0.475
116.54,32171.2,35379.3,0.6986,0.9324,147.8,98.1,0.475
116.56,32319.0,35657.2,1.2999,1.6162,147.8,98.1,0.475
116.58,32388.4,35730.4,1.5824,1.7964,147.8,98.1,0.475
116.6,32307.3,35677.4,1.2524,1.666,147.8,98.1,0.475
116.62,32168.6,35494.7,0.6877,1.2165,147.8,98.1,0.475
116.64,31989.6,35169.0,-0.0409,0.415,147.8,98.1,0.475
116.66,32077.5,35131.3,0.3171,0.3223,147.8,98.1,0.475
116.68,32004.1,35084.5,0.0182,0.2072,147.8,98.1,0.475
116.7,32046.5,34975.0,0.1908,-0.0623,147.8,98.1,0.475
116.72,31928.1,34862.8,-0.2911,-0.3383,147.8,98.1,0.475
116.74,31942.1,34873.6,-0.2343,-0.3118,147.8,98.1,0.475
116.76,31987.9,34682.2,-0.0478,-0.7827,147.8,98.1,0.475
116.78,31856.4,34667.3,-0.583,-0.8195,147.8,98.1,0.475
116.8,31923.5,34599.4,-0.31,-0.9864,147.8,98.1,0.475
116.82,31820.0,34640.0,-0.7312,-0.8865,147.8,98.1,0.475
116.84,31841.0,34666.0,-0.6456,-0.8225,147.8,98.1,0.475
116.86,31741.1,34532.1,-1.0524,-1.1523,147.8,98.1,0.475
116.88,31718.2,34518.3,-1.1454,-1.186,147.8,98.1,0.475
116.9,31788.2,34583.7,-0.8606,-1.0252,147.8,98.1,0.475
116.92,31852.1,34844.2,-0.6005,-0.3842,147.8,98.1,0.475
116.94,32094.9,35205.2,0.3877,0.504,147.8,98.1,0.475
116.96,32270.2,35619.8,1.1013,1.5243,147.8,98.1,0.475
116.98,32333.0,35706.6,1.3572,1.7377,147.8,98.1,0.475
117.0,32255.1,35817.7,1.04,2.0112,147.8,98.1,0.475
117.02,32243.0,35481.1,0.9907,1.1831,147.8,98.1,0.475
117.04,32161.2,35335.3,0.6578,0.8241,147.8,98.1,0.475
117.06,32137.5,35278.4,0.5613,0.6841,147.8,98.1,0.475
117.08,32018.0,35066.5,0.0749,0.1628,147.8,98.1,0.475
117.1,32031.7,35116.5,0.1304,0.2858,147.8,98.1,0.475
117.12,32069.5,35035.5,0.2846,0.0865,147.8,98.1,0.475
117.14,31944.8,34920.1,-0.2231,-0.1974,147.8,98.1,0.475
117.16,31824.9,34801.7,-0.7111,-0.4888,147.8,98.1,0.475
117.18,31816.3,34741.2,-0.7461,-0.6377,147.8,98.1,0.475
117.2,31887.7,34555.7,-0.4557,-1.0942,147.8,98.1,0.475
117.22,31851.5,34558.1,-0.603,-1.0881,147.8,98.1,0.475
117.24,31812.0,34594.2,-0.7636,-0.9994,147.8,98.1,0.475
117.26,31820.5,34487.4,-0.729,-1.2621,147.8,98.1,0.475
117.28,31704.2,34557.0,-1.2026,-1.091,147.8,98.1,0.475
117.3,31807.3,34578.7,-0.7831,-1.0375,147.8,98.1,0.475
117.32,31882.1,34745.9,-0.4785,-0.6261,147.8,98.1,0.475
117.34,32060.0,35167.7,0.2458,0.4119,147.8,98.1,0.475
117.36,32214.0,35545.9,0.8725,1.3423,147.8,98.1,0.475
117.38,32399.1,35662.5,1.6261,1.6293,147.8,98.1,0.475
117.4,32388.9,35838.9,1.5846,2.0634,147.8,98.1,0.475
117.42,32235.1,35535.6,0.9587,1.3171,147.8,98.1,0.475
117.44,32098.4,35368.9,0.4022,0.907,147.8,98.1,0.475
117.46,32066.3,35179.5,0.2713,0.4408,147.8,98.1,0.475
117.48,32081.5,35152.7,0.3334,0.3749,147.8,98.1,0.475
117.5,31953.6,35124.0,-0.1872,0.3042,147.8,98.1,0.475
117.52,31946.2,34978.0,-0.2174,-0.0551,147.8,98.1,0.475
117.54,31951.3,34962.4,-0.1966,-0.0935,147.8,98.1,0.475
117.56,31928.3,34808.7,-0.2906,-0.4716,147.8,98.1,0.475
117.58,31747.8,34664.5,-1.0252,-0.8264,147.8,98.1,0.475
117.6,31931.6,34705.1,-0.277,-0.7264,147.8,98.1,0.475
117.62,31914.7,34620.3,-0.3457,-0.9351,147.8,98.1,0.475
117.64,31775.3,34631.6,-0.9131,-0.9074,147.8,98.1,0.475
117.66,31850.6,34544.5,-0.6067,-1.1215,147.8,98.1,0.475
117.68,31758.6,34442.2,-0.9811,-1.3734,147.8,98.1,0.475
117.7,31778.4,34431.0,-0.9006,-1.4009,147.8,98.1,0.475
117.72,31892.7,34570.0,-0.4351,-1.0588,147.8,98.1,0.475
117.74,31952.1,35005.3,-0.1934,0.0122,147.8,98.1,0.475
117.76,32104.8,35460.2,0.428,1.1314,147.8,98.1,0.475
117.78,32288.8,35675.1,1.1769,1.6604,147.8,98.1,0.475
117.8,32317.0,35738.1,1.2918,1.8154,147.8,98.1,0.475
117.82,32311.0,35616.8,1.2674,1.5168,147.8,98.1,0.475
117.84,32137.0,35437.8,0.559,1.0764,147.8,98.1,0.475
117.86,32092.5,35244.7,0.3779,0.6013,147.8,98.1,0.475
117.88,31991.6,35198.9,-0.0326,0.4885,147.8,98.1,0.475
117.9,32071.1,35081.8,0.2907,0.2006,147.8,98.1,0.475
117.92,32024.0,35004.5,0.0993,0.0102,147.8,98.1,0.475
117.94,31989.7,34943.2,-0.0402,-0.1406,147.8,98.1,0.475
117.96,31847.4,34833.1,-0.6196,-0.4115,147.8,98.1,0.475
117.98,31824.0,34717.3,-0.715,-0.6965,147.8,98.1,0.475
118.0,31867.7,34634.4,-0.5372,-0.9003,147.8,98.1,0.475
118.02,31788.2,34583.1,-0.8605,-1.0267,147.8,98.1,0.475
118.04,31811.3,34607.6,-0.7668,-0.9664,147.8,98.1,0.475
118.06,31804.6,34572.0,-0.7937,-1.0539,147.8,98.1,0.475
118.08,31797.2,34528.7,-0.824,-1.1605,147.8,98.1,0.475
118.1,31871.2,34375.8,-0.5226,-1.5368,147.8,98.1,0.475
118.12,31833.6,34628.9,-0.6757,-0.9139,147.8,98.1,0.475
118.14,31910.7,34961.3,-0.3622,-0.096,147.8,98.1,0.475
118.16,32110.1,35255.1,0.4498,0.6269,147.8,98.1,0.475
118.18,32278.8,35635.5,1.1365,1.5629,147.8,98.1,0.475
118.2,32281.9,35814.4,1.1489,2.0031,147.8,98.1,0.475
118.22,32304.0,35685.0,1.2388,1.6846,147.8,98.1,0.475
118.24,32150.5,35460.0,0.6142,1.1311,147.8,98.1,0.475
118.26,32092.5,35314.1,0.378,0.7721,147.8,98.1,0.475
118.28,32019.3,35179.8,0.0801,0.4417,147.8,98.1,0.475
118.3,32020.3,35117.6,0.084,0.2885,147.8,98.1,0.475
118.32,31937.1,35049.8,-0.2547,0.1216,147.8,98.1,0.475
118.34,32045.4,35004.5,0.1864,0.0103,147.8,98.1,0.475
118.36,31966.1,34817.4,-0.1364,-0.4501,147.8,98.1,0.475
118.38,31861.8,34735.6,-0.5609,-0.6515,147.8,98.1,0.475
118.4,31883.9,34682.2,-0.471,-0.7828,147.8,98.1,0.475
118.42,31866.6,34631.2,-0.5414,-0.9083,147.8,98.1,0.475
118.44,31769.9,34678.4,-0.9354,-0.7921,147.8,98.1,0.475
118.46,31794.6,34617.1,-0.8345,-0.9429,147.8,98.1,0.475
118.48,31794.0,34429.1,-0.8369,-1.4057,147.8,98.1,0.475
118.5,31799.7,34424.8,-0.8139,-1.4163,147.8,98.1,0.475
118.52,31808.7,34470.7,-0.7774,-1.3033,147.8,98.1,0.475
118.54,31860.2,34787.0,-0.5675,-0.525,147.8,98.1,0.475
118.56,32062.9,35155.1,0.2577,0.3807,147.8,98.1,0.475
118.58,32157.9,35484.3,0.6443,1.1909,147.8,98.1,0.475
118.6,32319.6,35785.2,1.3027,1.9311,147.8,98.1,0.475
118.62,32294.6,35755.1,1.2008,1.857,147.8,98.1,0.475
118.64,32316.0,35556.4,1.2878,1.3681,147.8,98.1,0.475
118.66,32100.3,35289.7,0.4096,0.7119,147.8,98.1,0.475
118.68,32054.7,35294.4,0.224,0.7235,147.8,98.1,0.475
118.7,32122.3,35162.8,0.4994,0.3998,147.8,98.1,0.475
118.72,32060.5,35068.9,0.2477,0.1686,147.8,98.1,0.475
118.74,31980.4,35056.5,-0.0785,0.1382,147.8,98.1,0.475
118.76,31875.9,34927.6,-0.5035,-0.1789,147.8,98.1,0.475
118.78,31977.2,34781.0,-0.0912,-0.5397,147.8,98.1,0.475
118.8,31901.0,34682.0,-0.4017,-0.7834,147.8,98.1,0.475
118.82,31824.8,34728.1,-0.7116,-0.6699,147.8,98.1,0.475
118.84,31845.9,34645.1,-0.6258,-0.8741,147.8,98.1,0.475
118.86,31835.0,34576.6,-0.67,-1.0427,147.8,98.1,0.475
118.88,31835.9,34486.7,-0.6665,-1.2639,147.8,98.1,0.475
118.9,31692.7,34483.9,-1.2496,-1.2708,147.8,98.1,0.475
118.92,31812.4,34500.1,-0.762,-1.2308,147.8,98.1,0.475
118.94,31873.6,34668.6,-0.5131,-0.8162,147.8,98.1,0.475
118.96,32087.3,35051.1,0.3569,0.1248,147.8,98.1,0.475
118.98,32231.0,35460.1,0.9419,1.1313,147.8,98.1,0.475
119.0,32254.2,35610.2,1.0364,1.5006,147.8,98.1,0.475
119.02,32325.8,35737.7,1.3276,1.8144,147.8,98.1,0.475
119.04,32212.8,35684.1,0.8676,1.6824,147.8,98.1,0.475
119.06,32197.7,35379.8,0.8062,0.9337,147.8,98.1,0.475
119.08,32064.0,35326.9,0.2621,0.8036,147.8,98.1,0.475
119.1,32001.0,35110.8,0.0055,0.2718,147.8,98.1,0.475
119.12,32092.5,35004.6,0.3779,0.0106,147.8,98.1,0.475
119.14,32040.3,34898.9,0.1654,-0.2497,147.8,98.1,0.475
119.16,32007.7,34900.1,0.0329,-0.2467,147.8,98.1,0.475
119.18,31943.5,34832.7,-0.2285,-0.4126,147.8,98.1,0.475
119.2,31796.9,34730.7,-0.8253,-0.6635,147.8,98.1,0.475
119.22,31825.7,34716.5,-0.7079,-0.6983,147.8,98.1,0.475
119.24,31845.9,34545.2,-0.6256,-1.1199,147.8,98.1,0.475
119.26,31763.0,34679.5,-0.9634,-0.7895,147.8,98.1,0.475
119.28,31884.6,34594.1,-0.4682,-0.9997,147.8,98.1,0.475
119.3,31735.8,34557.5,-1.0739,-1.0896,147.8,98.1,0.475
119.32,31758.3,34489.0,-0.9822,-1.2582,147.8,98.1,0.475
119.34,31798.2,34633.9,-0.82,-0.9017,147.8,98.1,0.475
119.36,32074.9,34930.5,0.3064,-0.1719,147.8,98.1,0.475
119.38,32228.0,35318.7,0.9296,0.7834,147.8,98.1,0.475
119.4,32321.6,35665.6,1.3108,1.6369,147.8,98.1,0.475
119.42,32321.2,35741.6,1.3089,1.8239,147.8,98.1,0.475
119.44,32271.5,35724.7,1.1067,1.7825,147.8,98.1,0.475
119.46,32195.1,35461.9,0.7958,1.1358,147.8,98.1,0.475
119.48,32195.8,35301.0,0.7986,0.7398,147.8,98.1,0.475
119.5,32090.8,35203.1,0.371,0.4988,147.8,98.1,0.475
119.52,31974.2,35144.7,-0.1037,0.3553,147.8,98.1,0.475
119.54,31991.1,34968.7,-0.0346,-0.0778,147.8,98.1,0.475
119.56,32012.5,34927.8,0.0523,-0.1786,147.8,98.1,0.475
119.58,31904.8,34840.4,-0.3859,-0.3935,147.8,98.1,0.475
119.6,31907.1,34797.7,-0.3767,-0.4985,147.8,98.1,0.475
119.62,31853.2,34696.4,-0.596,-0.7479,147.8,98.1,0.475
119.64,31929.8,34655.4,-0.2844,-0.8487,147.8,98.1,0.475
119.66,31837.2,34600.7,-0.6614,-0.9834,147.8,98.1,0.475
119.68,31738.1,34566.9,-1.0647,-1.0664,147.8,98.1,0.475
119.7,31869.1,34511.5,-0.5314,-1.2029,147.8,98.1,0.475
119.72,31734.4,34509.6,-1.0797,-1.2075,147.8,98.1,0.475
119.74,31723.3,34523.2,-1.1249,-1.174,147.8,98.1,0.475
119.76,31988.1,34857.3,-0.0469,-0.352,147.8,98.1,0.475
119.78,32030.6,35213.7,0.126,0.5251,147.8,98.1,0.475
119.8,32303.4,35559.4,1.2364,1.3757,147.8,98.1,0.475
119.82,32294.1,35775.5,1.1987,1.9072,147.8,98.1,0.475
119.84,32390.3,35704.1,1.5905,1.7316,147.8,98.1,0.475
119.86,32265.1,35637.0,1.0808,1.5666,147.8,98.1,0.475
119.88,32155.3,35287.2,0.6335,0.7058,147.8,98.1,0.475
119.9,32058.9,35181.7,0.2411,0.4462,147.8,98.1,0.475
119.92,32110.7,35164.6,0.4521,0.4041,147.8,98.1,0.475
119.94,32040.1,35095.5,0.1647,0.234,147.8,98.1,0.475
119.96,32056.1,34936.4,0.2297,-0.1573,147.8,98.1,0.475
119.98,31991.6,34896.6,-0.0329,-0.2553,147.8,98.1,0.475
