timestamp,raw_red,raw_ir,filtered_red,filtered_ir,heart_rate,spo2,ac_dc_ratio
0.0,32166.8,35146.4,0.6774,0.3589,145.6,97.0,0.518
0.02,32187.7,35487.9,0.7621,1.1991,145.6,97.0,0.518
0.04,32382.1,35755.2,1.5487,1.8566,145.6,97.0,0.518
0.06,32322.9,35753.7,1.3093,1.8529,145.6,97.0,0.518
0.08,32278.1,35545.4,1.128,1.3406,145.6,97.0,0.518
0.1,32242.3,35433.1,0.983,1.0641,145.6,97.0,0.518
0.12,32092.7,35143.7,0.3776,0.3522,145.6,97.0,0.518
0.14,32158.9,35153.5,0.6455,0.3764,145.6,97.0,0.518
0.16,31991.8,35114.1,-0.031,0.2793,145.6,97.0,0.518
0.18,31948.1,35078.1,-0.2075,0.191,145.6,97.0,0.518
0.2,31925.8,34907.8,-0.2977,-0.2281,145.6,97.0,0.518
0.22,31975.4,34831.9,-0.097,-0.4149,145.6,97.0,0.518
0.24,31840.4,34711.9,-0.6435,-0.7101,145.6,97.0,0.518
0.26,31845.8,34821.9,-0.6214,-0.4393,145.6,97.0,0.518
0.28,31924.8,34702.8,-0.3019,-0.7325,145.6,97.0,0.518
0.3,31777.1,34593.5,-0.8997,-1.0013,145.6,97.0,0.518
0.32,31743.1,34557.3,-1.0374,-1.0903,145.6,97.0,0.518
0.34,31751.5,34533.0,-1.0034,-1.1502,145.6,97.0,0.518
0.36,31670.1,34515.1,-1.3328,-1.1941,145.6,97.0,0.518
0.38,31821.5,34675.2,-0.72,-0.8002,145.6,97.0,0.518
0.4,31933.6,34887.0,-0.2663,-0.2792,145.6,97.0,0.518
0.42,32180.8,35462.1,0.734,1.1356,145.6,97.0,0.518
0.44,32365.6,35558.6,1.4819,1.373,145.6,97.0,0.518
0.46,32408.9,35664.4,1.6572,1.6333,145.6,97.0,0.518
0.48,32356.3,35742.5,1.4444,1.8253,145.6,97.0,0.518
0.5,32211.5,35545.9,0.8581,1.3417,145.6,97.0,0.518
0.52,32160.5,35308.9,0.6519,0.7586,145.6,97.0,0.518
0.54,32023.3,35184.9,0.0966,0.4537,145.6,97.0,0.518
0.56,32063.7,35128.6,0.2604,0.3152,145.6,97.0,0.518
0.58,32063.6,35105.5,0.2599,0.2583,145.6,97.0,0.518
0.6,31894.5,35053.3,-0.4245,0.1297,145.6,97.0,0.518
0.62,31879.5,34872.9,-0.4852,-0.3139,145.6,97.0,0.518
0.64,31922.7,34772.4,-0.3104,-0.5611,145.6,97.0,0.518
0.66,31824.4,34743.1,-0.7084,-0.6332,145.6,97.0,0.518
0.68,31813.4,34678.9,-0.7526,-0.7911,145.6,97.0,0.518
0.7,31859.5,34661.4,-0.5662,-0.8342,145.6,97.0,0.518
0.72,31852.3,34581.2,-0.5952,-1.0315,145.6,97.0,0.518
0.74,31685.5,34473.0,-1.2705,-1.2978,145.6,97.0,0.518
0.76,31744.1,34371.5,-1.0331,-1.5475,145.6,97.0,0.518
0.78,31721.5,34522.5,-1.1245,-1.1759,145.6,97.0,0.518
0.8,31892.9,34739.0,-0.431,-0.6434,145.6,97.0,0.518
0.82,32010.3,35109.4,0.0442,0.268,145.6,97.0,0.518
0.84,32283.1,35468.7,1.1479,1.1517,145.6,97.0,0.518
0.86,32364.6,35795.2,1.4779,1.955,145.6,97.0,0.518
0.88,32395.5,35766.4,1.603,1.8842,145.6,97.0,0.518
0.9,32306.6,35647.0,1.2433,1.5905,145.6,97.0,0.518
0.92,32202.3,35398.9,0.8212,0.9801,145.6,97.0,0.518
0.94,32167.2,35230.3,0.6789,0.5653,145.6,97.0,0.518
0.96,32011.5,35144.1,0.0488,0.3533,145.6,97.0,0.518
0.98,32138.3,35113.2,0.5623,0.2773,145.6,97.0,0.518
1.0,32012.9,35064.5,0.0545,0.1575,145.6,97.0,0.518
1.02,31947.9,34923.7,-0.2084,-0.1891,145.6,97.0,0.518
1.04,31928.6,34871.8,-0.2867,-0.3165,145.6,97.0,0.518
1.06,31797.6,34743.0,-0.8167,-0.6334,145.6,97.0,0.518
1.08,31758.6,34644.0,-0.9744,-0.877,145.6,97.0,0.518
1.1,31837.9,34659.6,-0.6538,-0.8386,145.6,97.0,0.518
1.12,31852.2,34639.3,-0.5957,-0.8886,145.6,97.0,0.518
1.14,31790.5,34562.6,-0.8453,-1.0772,145.6,97.0,0.518
1.16,31663.2,34539.7,-1.3605,-1.1336,145.6,97.0,0.518
1.18,31745.5,34391.7,-1.0275,-1.4979,145.6,97.0,0.518
1.2,31808.9,34624.0,-0.7711,-0.9264,145.6,97.0,0.518
1.22,31953.9,34834.9,-0.1841,-0.4074,145.6,97.0,0.518
1.24,32024.1,35294.7,0.0999,0.7238,145.6,97.0,0.518
1.26,32203.2,35559.2,0.8247,1.3744,145.6,97.0,0.518
1.28,32357.6,35765.5,1.4497,1.882,145.6,97.0,0.518
1.3,32382.9,35716.1,1.5518,1.7604,145.6,97.0,0.518
1.32,32211.7,35446.6,0.859,1.0973,145.6,97.0,0.518
1.34,32148.3,35328.3,0.6026,0.8064,145.6,97.0,0.518
1.36,32100.3,35180.9,0.4083,0.4437,145.6,97.0,0.518
1.38,32115.0,35110.8,0.4677,0.2712,145.6,97.0,0.518
1.4,31939.3,35115.0,-0.2433,0.2816,145.6,97.0,0.518
1.42,32009.0,35044.9,0.0388,0.1091,145.6,97.0,0.518
1.44,31882.4,34860.7,-0.4733,-0.344,145.6,97.0,0.518
1.46,31895.8,34777.2,-0.4195,-0.5493,145.6,97.0,0.518
1.48,31841.8,34677.9,-0.6377,-0.7937,145.6,97.0,0.518
1.5,31921.3,34652.1,-0.3163,-0.8571,145.6,97.0,0.518
1.52,31746.8,34647.1,-1.0221,-0.8694,145.6,97.0,0.518
1.54,31911.7,34645.0,-0.3551,-0.8746,145.6,97.0,0.518
1.56,31754.1,34536.2,-0.9927,-1.1422,145.6,97.0,0.518
1.58,31853.3,34475.0,-0.5912,-1.2929,145.6,97.0,0.518
1.6,31704.3,34460.8,-1.1941,-1.3278,145.6,97.0,0.518
1.62,31772.9,34572.1,-0.9168,-1.0539,145.6,97.0,0.518
1.64,31975.1,34983.5,-0.0983,-0.0418,145.6,97.0,0.518
1.66,32217.6,35335.6,0.8831,0.8243,145.6,97.0,0.518
1.68,32306.8,35666.0,1.2441,1.6372,145.6,97.0,0.518
1.7,32355.6,35767.9,1.4413,1.888,145.6,97.0,0.518
1.72,32236.0,35666.0,0.9575,1.6372,145.6,97.0,0.518
1.74,32214.9,35469.3,0.8722,1.1532,145.6,97.0,0.518
1.76,32118.6,35189.0,0.4824,0.4638,145.6,97.0,0.518
1.78,32134.7,35106.0,0.5476,0.2594,145.6,97.0,0.518
1.8,32070.1,35079.8,0.2862,0.1951,145.6,97.0,0.518
1.82,32066.4,35077.6,0.2713,0.1897,145.6,97.0,0.518
1.84,31975.8,34944.9,-0.0957,-0.1369,145.6,97.0,0.518
1.86,31953.7,34849.3,-0.1848,-0.3719,145.6,97.0,0.518
1.88,31849.4,34770.5,-0.6073,-0.5658,145.6,97.0,0.518
1.9,31842.0,34592.9,-0.6371,-1.0029,145.6,97.0,0.518
1.92,31839.6,34648.0,-0.6465,-0.8672,145.6,97.0,0.518
1.94,31817.4,34765.1,-0.7364,-0.5791,145.6,97.0,0.518
1.96,31780.8,34580.2,-0.8847,-1.0341,145.6,97.0,0.518
1.98,31740.3,34510.3,-1.0484,-1.206,145.6,97.0,0.518
2.0,31828.5,34471.7,-0.6915,-1.3009,145.6,97.0,0.518
2.02,31691.8,34435.1,-1.245,-1.3909,145.6,97.0,0.518
2.04,31797.9,34759.5,-0.8156,-0.5929,145.6,97.0,0.518
2.06,32041.8,35186.4,0.1716,0.4573,145.6,97.0,0.518
2.08,32240.0,35475.6,0.9735,1.1687,145.6,97.0,0.518
2.1,32395.9,35696.2,1.6044,1.7114,145.6,97.0,0.518
2.12,32419.3,35753.4,1.6993,1.8522,145.6,97.0,0.518
2.14,32312.8,35557.1,1.2683,1.3692,145.6,97.0,0.518
2.16,32225.6,35361.2,0.9154,0.8874,145.6,97.0,0.518
2.18,32141.7,35269.4,0.576,0.6615,145.6,97.0,0.518
2.2,32070.1,35130.0,0.286,0.3186,145.6,97.0,0.518
2.22,32028.7,35071.7,0.1187,0.1751,145.6,97.0,0.518
2.24,32026.3,35024.2,0.1087,0.0582,145.6,97.0,0.518
2.26,31956.5,34889.2,-0.1735,-0.2739,145.6,97.0,0.518
2.28,31833.9,34915.5,-0.6698,-0.2091,145.6,97.0,0.518
2.3,31847.4,34743.1,-0.6152,-0.6332,145.6,97.0,0.518
2.32,31855.9,34684.0,-0.5808,-0.7787,145.6,97.0,0.518
2.34,31874.1,34687.6,-0.5071,-0.7699,145.6,97.0,0.518
2.36,31850.6,34572.3,-0.6023,-1.0534,145.6,97.0,0.518
2.38,31824.1,34596.1,-0.7096,-0.9949,145.6,97.0,0.518
2.4,31785.2,34475.7,-0.8669,-1.2912,145.6,97.0,0.518
2.42,31685.0,34515.9,-1.2725,-1.1922,145.6,97.0,0.518
2.44,31846.5,34585.0,-0.6189,-1.0222,145.6,97.0,0.518
2.46,32016.5,34911.6,0.0691,-0.2188,145.6,97.0,0.518
2.48,32174.7,35374.7,0.7095,0.9206,145.6,97.0,0.518
2.5,32319.8,35608.4,1.2966,1.4954,145.6,97.0,0.518
2.52,32350.6,35826.3,1.4211,2.0316,145.6,97.0,0.518
2.54,32305.5,35630.6,1.2388,1.5502,145.6,97.0,0.518
2.56,32250.0,35436.0,1.0143,1.0714,145.6,97.0,0.518
2.58,32249.6,35263.2,1.0125,0.6464,145.6,97.0,0.518
2.6,32100.5,35137.3,0.4092,0.3365,145.6,97.0,0.518
2.62,31959.0,35079.1,-0.1634,0.1934,145.6,97.0,0.518
2.64,32045.4,35104.2,0.186,0.2551,145.6,97.0,0.518
2.66,31972.7,34941.5,-0.1082,-0.1452,145.6,97.0,0.518
2.68,31887.7,34877.1,-0.452,-0.3036,145.6,97.0,0.518
2.7,31864.9,34810.6,-0.5444,-0.4671,145.6,97.0,0.518
2.72,31862.2,34647.1,-0.5551,-0.8693,145.6,97.0,0.518
2.74,31881.7,34725.3,-0.4763,-0.6771,145.6,97.0,0.518
2.76,31829.6,34631.3,-0.687,-0.9084,145.6,97.0,0.518
2.78,31737.1,34529.2,-1.0616,-1.1594,145.6,97.0,0.518
2.8,31812.2,34514.0,-0.7578,-1.1968,145.6,97.0,0.518
2.82,31737.1,34514.8,-1.0615,-1.1949,145.6,97.0,0.518
2.84,31800.3,34515.2,-0.8058,-1.1939,145.6,97.0,0.518
2.86,31941.8,34638.2,-0.2331,-0.8914,145.6,97.0,0.518
2.88,31985.9,35043.7,-0.0548,0.1062,145.6,97.0,0.518
2.9,32202.7,35348.6,0.8228,0.8564,145.6,97.0,0.518
2.92,32324.7,35618.1,1.3163,1.5194,145.6,97.0,0.518
2.94,32311.1,35777.0,1.2614,1.9104,145.6,97.0,0.518
2.96,32272.4,35664.7,1.1048,1.634,145.6,97.0,0.518
2.98,32219.5,35482.3,0.8908,1.1853,145.6,97.0,0.518
3.0,32090.6,35280.8,0.3691,0.6897,145.6,97.0,0.518
3.02,32074.6,35141.8,0.3042,0.3477,145.6,97.0,0.518
3.04,32018.9,35139.7,0.0788,0.3424,145.6,97.0,0.518
3.06,32009.2,35140.7,0.0397,0.3448,145.6,97.0,0.518
3.08,31980.4,34887.4,-0.0771,-0.2782,145.6,97.0,0.518
3.1,31913.5,34874.4,-0.3475,-0.3101,145.6,97.0,0.518
3.12,31853.6,34681.4,-0.5902,-0.785,145.6,97.0,0.518
3.14,31831.2,34748.2,-0.6808,-0.6208,145.6,97.0,0.518
3.16,31929.6,34643.3,-0.2826,-0.8789,145.6,97.0,0.518
3.18,31798.3,34650.5,-0.8138,-0.8612,145.6,97.0,0.518
3.2,31857.1,34580.9,-0.5758,-1.0324,145.6,97.0,0.518
3.22,31776.3,34471.0,-0.9029,-1.3027,145.6,97.0,0.518
3.24,31704.5,34427.7,-1.1934,-1.4091,145.6,97.0,0.518
3.26,31761.3,34601.2,-0.9638,-0.9824,145.6,97.0,0.518
3.28,31914.9,34927.4,-0.3418,-0.1799,145.6,97.0,0.518
3.3,32260.1,35257.4,1.055,0.6319,145.6,97.0,0.518
3.32,32281.2,35622.1,1.1405,1.5292,145.6,97.0,0.518
3.34,32267.2,35716.1,1.0836,1.7606,145.6,97.0,0.518
3.36,32371.1,35687.5,1.5042,1.6901,145.6,97.0,0.518
3.38,32347.4,35573.4,1.4081,1.4093,145.6,97.0,0.518
3.4,32235.4,35408.1,0.955,1.0028,145.6,97.0,0.518
3.42,32069.9,35243.2,0.2854,0.5971,145.6,97.0,0.518
3.44,32107.5,35093.9,0.4374,0.2296,145.6,97.0,0.518
3.46,32046.4,35069.4,0.1903,0.1694,145.6,97.0,0.518
3.48,31995.6,35006.0,-0.0154,0.0134,145.6,97.0,0.518
3.5,31901.8,34922.2,-0.3949,-0.1927,145.6,97.0,0.518
3.52,31858.2,34709.9,-0.5714,-0.715,145.6,97.0,0.518
3.54,31881.9,34565.5,-0.4753,-1.0702,145.6,97.0,0.518
3.56,31830.2,34691.1,-0.6848,-0.7611,145.6,97.0,0.518
3.58,31787.9,34586.8,-0.8561,-1.0177,145.6,97.0,0.518
3.6,31771.1,34657.5,-0.924,-0.8438,145.6,97.0,0.518
3.62,31872.8,34579.3,-0.5124,-1.0363,145.6,97.0,0.518
3.64,31717.9,34484.4,-1.1392,-1.2697,145.6,97.0,0.518
3.66,31804.7,34493.9,-0.7879,-1.2465,145.6,97.0,0.518
3.68,31914.2,34696.7,-0.3449,-0.7475,145.6,97.0,0.518
3.7,32061.0,34988.7,0.2494,-0.029,145.6,97.0,0.518
3.72,32153.7,35415.0,0.6243,1.0198,145.6,97.0,0.518
3.74,32440.2,35635.4,1.7838,1.562,145.6,97.0,0.518
3.76,32305.0,35706.1,1.2367,1.7358,145.6,97.0,0.518
3.78,32255.4,35615.4,1.036,1.5128,145.6,97.0,0.518
3.8,32232.4,35443.3,0.9429,1.0893,145.6,97.0,0.518
3.82,32114.6,35222.3,0.4662,0.5456,145.6,97.0,0.518
3.84,32079.6,35239.4,0.3247,0.5878,145.6,97.0,0.518
3.86,32102.8,35036.4,0.4183,0.0884,145.6,97.0,0.518
3.88,31947.2,35033.1,-0.2115,0.0801,145.6,97.0,0.518
3.9,31902.8,35005.4,-0.391,0.012,145.6,97.0,0.518
3.92,31906.7,34870.6,-0.375,-0.3196,145.6,97.0,0.518
3.94,31869.3,34744.5,-0.5267,-0.6298,145.6,97.0,0.518
3.96,31808.3,34708.0,-0.7733,-0.7196,145.6,97.0,0.518
3.98,31900.9,34611.8,-0.3988,-0.9563,145.6,97.0,0.518
4.0,31866.6,34591.2,-0.5373,-1.0069,145.6,97.0,0.518
4.02,31769.5,34514.4,-0.9304,-1.196,145.6,97.0,0.518
4.04,31826.8,34476.4,-0.6987,-1.2894,145.6,97.0,0.518
4.06,31775.9,34515.0,-0.9047,-1.1945,145.6,97.0,0.518
4.08,31733.3,34590.6,-1.077,-1.0085,145.6,97.0,0.518
4.1,31941.1,34682.9,-0.236,-0.7815,145.6,97.0,0.518
4.12,32007.2,35186.5,0.0317,0.4576,145.6,97.0,0.518
4.14,32300.4,35471.7,1.2181,1.1591,145.6,97.0,0.518
4.16,32394.7,35656.2,1.5997,1.6132,145.6,97.0,0.518
4.18,32324.0,35757.0,1.3136,1.861,145.6,97.0,0.518
4.2,32231.0,35578.7,0.9371,1.4225,145.6,97.0,0.518
4.22,32284.4,35500.6,1.1533,1.2302,145.6,97.0,0.518
4.24,32138.2,35150.9,0.5615,0.3699,145.6,97.0,0.518
4.26,32100.9,35152.8,0.4107,0.3745,145.6,97.0,0.518
4.28,31982.3,35138.7,-0.0692,0.3399,145.6,97.0,0.518
4.3,31962.8,35031.7,-0.148,0.0767,145.6,97.0,0.518
4.32,32049.0,34852.4,0.2009,-0.3644,145.6,97.0,0.518
4.34,31933.6,34820.8,-0.2663,-0.442,145.6,97.0,0.518
4.36,31843.1,34680.8,-0.6324,-0.7864,145.6,97.0,0.518
4.38,31814.6,34768.9,-0.748,-0.5697,145.6,97.0,0.518
4.4,31824.7,34716.1,-0.7069,-0.6996,145.6,97.0,0.518
4.42,31799.4,34474.6,-0.8096,-1.2937,145.6,97.0,0.518
4.44,31670.6,34525.3,-1.3307,-1.1691,145.6,97.0,0.518
4.46,31759.9,34469.1,-0.9693,-1.3074,145.6,97.0,0.518
4.48,31819.4,34511.0,-0.7284,-1.2043,145.6,97.0,0.518
4.5,31823.7,34665.1,-0.7112,-0.8251,145.6,97.0,0.518
4.52,32002.1,34882.7,0.011,-0.2898,145.6,97.0,0.518
4.54,32062.5,35288.5,0.2554,0.7086,145.6,97.0,0.518
4.56,32267.9,35605.7,1.0867,1.4888,145.6,97.0,0.518
4.58,32319.5,35738.4,1.2955,1.8153,145.6,97.0,0.518
4.6,32340.0,35715.1,1.3782,1.7581,145.6,97.0,0.518
4.62,32215.5,35509.1,0.8747,1.2513,145.6,97.0,0.518
4.64,32111.1,35335.9,0.4521,0.8251,145.6,97.0,0.518
4.66,32177.1,35221.8,0.7192,0.5445,145.6,97.0,0.518
4.68,32076.9,34980.9,0.3135,-0.0483,145.6,97.0,0.518
4.7,31997.7,35072.8,-0.0071,0.1779,145.6,97.0,0.518
4.72,31970.6,35045.1,-0.1166,0.1098,145.6,97.0,0.518
4.74,31811.1,34961.4,-0.7621,-0.0963,145.6,97.0,0.518
4.76,31918.5,34649.5,-0.3272,-0.8635,145.6,97.0,0.518
4.78,31870.0,34659.1,-0.5237,-0.84,145.6,97.0,0.518
4.8,31845.6,34672.7,-0.6225,-0.8065,145.6,97.0,0.518
4.82,31820.3,34664.5,-0.725,-0.8267,145.6,97.0,0.518
4.84,31773.0,34632.6,-0.9162,-0.9052,145.6,97.0,0.518
4.86,31726.0,34518.8,-1.1066,-1.1851,145.6,97.0,0.518
4.88,31797.1,34442.8,-0.8188,-1.372,145.6,97.0,0.518
4.9,31815.5,34482.1,-0.7444,-1.2755,145.6,97.0,0.518
4.92,31887.7,34755.0,-0.4519,-0.604,145.6,97.0,0.518
4.94,32088.5,35117.1,0.3607,0.2868,145.6,97.0,0.518
4.96,32246.0,35493.6,0.9981,1.2132,145.6,97.0,0.518
4.98,32384.7,35615.6,1.5591,1.5132,145.6,97.0,0.518
5.0,32313.7,35816.5,1.272,2.0075,145.6,97.0,0.518
5.02,32350.6,35579.1,1.4212,1.4235,145.6,97.0,0.518
5.04,32199.2,35344.4,0.8085,0.846,145.6,97.0,0.518
5.06,32131.1,35264.1,0.5331,0.6485,145.6,97.0,0.518
5.08,31961.4,35243.6,-0.1539,0.598,145.6,97.0,0.518
5.1,32059.1,35078.5,0.2418,0.1918,145.6,97.0,0.518
5.12,31964.4,35102.6,-0.1416,0.2512,145.6,97.0,0.518
5.14,32038.1,34916.3,0.1565,-0.2073,145.6,97.0,0.518
5.16,31948.7,34774.1,-0.2052,-0.5571,145.6,97.0,0.518
5.18,31908.3,34662.4,-0.3686,-0.8318,145.6,97.0,0.518
5.2,31973.4,34688.6,-0.1051,-0.7673,145.6,97.0,0.518
5.22,31897.6,34679.2,-0.4122,-0.7904,145.6,97.0,0.518
5.24,31856.0,34660.6,-0.5805,-0.8361,145.6,97.0,0.518
5.26,31766.4,34713.3,-0.9431,-0.7066,145.6,97.0,0.518
5.28,31738.3,34438.6,-1.0566,-1.3824,145.6,97.0,0.518
5.3,31773.6,34433.0,-0.9139,-1.3962,145.6,97.0,0.518
5.32,31777.5,34573.7,-0.8979,-1.05,145.6,97.0,0.518
5.34,31878.9,34820.9,-0.4879,-0.4419,145.6,97.0,0.518
5.36,32131.5,35185.8,0.5348,0.4558,145.6,97.0,0.518
5.38,32272.5,35525.2,1.1051,1.2909,145.6,97.0,0.518
5.4,32342.5,35686.7,1.3883,1.6881,145.6,97.0,0.518
5.42,32359.6,35644.2,1.4576,1.5836,145.6,97.0,0.518
5.44,32238.6,35587.1,0.9681,1.443,145.6,97.0,0.518
5.46,32257.6,35329.3,1.0447,0.8088,145.6,97.0,0.518
5.48,32038.9,35122.1,0.16,0.2991,145.6,97.0,0.518
5.5,32064.5,35156.8,0.2635,0.3846,145.6,97.0,0.518
5.52,32064.8,35131.8,0.2648,0.3229,145.6,97.0,0.518
5.54,32058.7,34930.4,0.2398,-0.1725,145.6,97.0,0.518
5.56,31928.8,34853.7,-0.2856,-0.3613,145.6,97.0,0.518
5.58,31874.9,34868.8,-0.5037,-0.324,145.6,97.0,0.518
5.6,31796.7,34677.3,-0.8203,-0.7951,145.6,97.0,0.518
5.62,31856.0,34632.9,-0.5805,-0.9044,145.6,97.0,0.518
5.64,31891.7,34645.7,-0.4358,-0.8729,145.6,97.0,0.518
5.66,31802.2,34524.2,-0.7979,-1.1717,145.6,97.0,0.518
5.68,31729.6,34556.3,-1.092,-1.0929,145.6,97.0,0.518
5.7,31785.4,34424.5,-0.8661,-1.4171,145.6,97.0,0.518
5.72,31755.2,34462.0,-0.9882,-1.3248,145.6,97.0,0.518
5.74,31972.5,34753.8,-0.1091,-0.6069,145.6,97.0,0.518
5.76,32074.3,35013.2,0.303,0.0311,145.6,97.0,0.518
5.78,32159.9,35413.0,0.6497,1.0147,145.6,97.0,0.518
5.8,32311.3,35784.9,1.2621,1.9298,145.6,97.0,0.518
5.82,32348.6,35769.2,1.413,1.8911,145.6,97.0,0.518
5.84,32312.8,35572.7,1.2682,1.4076,145.6,97.0,0.518
5.86,32286.5,35461.8,1.1619,1.1349,145.6,97.0,0.518
5.88,32146.6,35339.4,0.5956,0.8337,145.6,97.0,0.518
5.9,32097.6,35162.6,0.3974,0.3987,145.6,97.0,0.518
5.92,32018.8,35033.0,0.0784,0.0799,145.6,97.0,0.518
5.94,32010.1,35139.1,0.0434,0.341,145.6,97.0,0.518
5.96,31956.9,34940.3,-0.1719,-0.148,145.6,97.0,0.518
5.98,31964.6,34774.6,-0.1408,-0.5558,145.6,97.0,0.518
6.0,31927.9,34671.8,-0.2894,-0.8087,145.6,97.0,0.518
6.02,31848.7,34714.3,-0.61,-0.7042,145.6,97.0,0.518
6.04,31920.5,34650.9,-0.3195,-0.8601,145.6,97.0,0.518
6.06,31837.2,34615.1,-0.6563,-0.9481,145.6,97.0,0.518
6.08,31907.4,34621.1,-0.3724,-0.9334,145.6,97.0,0.518
6.1,31821.3,34571.6,-0.7207,-1.0552,145.6,97.0,0.518
6.12,31808.0,34478.9,-0.7746,-1.2833,145.6,97.0,0.518
6.14,31714.7,34539.6,-1.1522,-1.134,145.6,97.0,0.518
6.16,31855.8,34914.8,-0.5811,-0.2109,145.6,97.0,0.518
6.18,31998.8,35069.3,-0.0024,0.1692,145.6,97.0,0.518
6.2,32393.5,35502.1,1.5948,1.2341,145.6,97.0,0.518
6.22,32386.4,35656.2,1.5662,1.613,145.6,97.0,0.518
6.24,32387.9,35817.0,1.572,2.0086,145.6,97.0,0.518
6.26,32296.8,35628.3,1.2037,1.5443,145.6,97.0,0.518
6.28,32199.4,35387.8,0.8091,0.9528,145.6,97.0,0.518
6.3,32065.6,35231.1,0.2678,0.5673,145.6,97.0,0.518
6.32,32092.1,35014.0,0.3751,0.0332,145.6,97.0,0.518
6.34,31935.8,35118.1,-0.2574,0.2893,145.6,97.0,0.518
6.36,32019.1,35046.9,0.0796,0.1142,145.6,97.0,0.518
6.38,31951.1,34817.6,-0.1957,-0.4501,145.6,97.0,0.518
6.4,31919.7,34815.3,-0.3227,-0.4557,145.6,97.0,0.518
6.42,31917.0,34752.1,-0.3335,-0.611,145.6,97.0,0.518
6.44,31809.0,34714.7,-0.7707,-0.7032,145.6,97.0,0.518
6.46,31851.4,34693.8,-0.599,-0.7546,145.6,97.0,0.518
6.48,31735.1,34656.7,-1.0695,-0.8458,145.6,97.0,0.518
6.5,31710.6,34556.0,-1.1689,-1.0936,145.6,97.0,0.518
6.52,31794.0,34534.9,-0.8313,-1.1455,145.6,97.0,0.518
6.54,31714.2,34463.3,-1.1541,-1.3216,145.6,97.0,0.518
6.56,31815.3,34573.5,-0.745,-1.0506,145.6,97.0,0.518
6.58,31998.9,34881.4,-0.0022,-0.2931,145.6,97.0,0.518
6.6,32176.1,35319.5,0.7152,0.7848,145.6,97.0,0.518
6.62,32349.7,35666.1,1.4176,1.6374,145.6,97.0,0.518
6.64,32313.9,35727.6,1.2728,1.7886,145.6,97.0,0.518
6.66,32331.3,35701.2,1.3431,1.7237,145.6,97.0,0.518
6.68,32303.3,35539.1,1.23,1.325,145.6,97.0,0.518
6.7,32115.8,35215.7,0.4711,0.5295,145.6,97.0,0.518
6.72,32043.0,35156.5,0.1766,0.3838,145.6,97.0,0.518
6.74,32007.9,35055.0,0.0344,0.1341,145.6,97.0,0.518
6.76,32023.0,35140.7,0.0956,0.345,145.6,97.0,0.518
6.78,31983.0,34986.7,-0.0666,-0.034,145.6,97.0,0.518
6.8,31899.7,34859.9,-0.4034,-0.346,145.6,97.0,0.518
6.82,31863.7,34712.7,-0.5493,-0.708,145.6,97.0,0.518
6.84,31888.6,34689.0,-0.4485,-0.7663,145.6,97.0,0.518
6.86,31781.1,34671.1,-0.8836,-0.8103,145.6,97.0,0.518
6.88,31874.8,34658.8,-0.5044,-0.8406,145.6,97.0,0.518
6.9,31845.7,34626.6,-0.6219,-0.9198,145.6,97.0,0.518
6.92,31773.8,34421.8,-0.9129,-1.4237,145.6,97.0,0.518
6.94,31730.7,34490.0,-1.0875,-1.256,145.6,97.0,0.518
6.96,31852.3,34439.1,-0.5954,-1.381,145.6,97.0,0.518
6.98,31850.9,34827.5,-0.6009,-0.4257,145.6,97.0,0.518
7.0,32062.2,35066.2,0.254,0.1616,145.6,97.0,0.518
7.02,32178.4,35477.9,0.7243,1.1745,145.6,97.0,0.518
7.04,32353.0,35675.3,1.4309,1.66,145.6,97.0,0.518
7.06,32425.4,35869.1,1.7238,2.1368,145.6,97.0,0.518
7.08,32317.3,35655.1,1.2867,1.6103,145.6,97.0,0.518
7.1,32245.9,35420.0,0.9977,1.0319,145.6,97.0,0.518
7.12,32156.0,35285.0,0.6336,0.6998,145.6,97.0,0.518
7.14,32110.9,35177.8,0.4513,0.4362,145.6,97.0,0.518
7.16,32158.1,35114.4,0.6421,0.2802,145.6,97.0,0.518
7.18,31978.4,35072.3,-0.0849,0.1765,145.6,97.0,0.518
7.2,31947.7,34977.5,-0.2091,-0.0567,145.6,97.0,0.518
7.22,31943.8,34790.0,-0.2249,-0.5179,145.6,97.0,0.518
7.24,31876.1,34744.3,-0.4989,-0.6303,145.6,97.0,0.518
7.26,31788.6,34714.2,-0.8529,-0.7043,145.6,97.0,0.518
7.28,31744.7,34601.0,-1.0306,-0.9829,145.6,97.0,0.518
7.3,31786.2,34664.8,-0.8628,-0.8259,145.6,97.0,0.518
7.32,31830.1,34611.8,-0.6852,-0.9563,145.6,97.0,0.518
7.34,31806.0,34453.6,-0.7829,-1.3455,145.6,97.0,0.518
7.36,31662.0,34300.1,-1.3656,-1.7231,145.6,97.0,0.518
7.38,31750.3,34476.0,-1.0082,-1.2905,145.6,97.0,0.518
7.4,31989.8,34849.1,-0.039,-0.3724,145.6,97.0,0.518
7.42,32067.3,35256.3,0.2748,0.6292,145.6,97.0,0.518
7.44,32202.1,35649.2,0.8202,1.5957,145.6,97.0,0.518
7.46,32361.2,35891.7,1.4642,2.1925,145.6,97.0,0.518
7.48,32439.6,35725.9,1.7813,1.7845,145.6,97.0,0.518
7.5,32233.3,35568.9,0.9463,1.3983,145.6,97.0,0.518
7.52,32083.1,35350.0,0.3389,0.8598,145.6,97.0,0.518
7.54,32045.7,35166.8,0.1874,0.409,145.6,97.0,0.518
7.56,32047.7,35085.5,0.1953,0.209,145.6,97.0,0.518
7.58,32019.9,35130.9,0.0829,0.3207,145.6,97.0,0.518
7.6,32004.7,34923.9,0.0213,-0.1885,145.6,97.0,0.518
7.62,32007.4,34857.4,0.0324,-0.3522,145.6,97.0,0.518
7.64,31883.1,34848.8,-0.4708,-0.3732,145.6,97.0,0.518
7.66,31899.1,34652.1,-0.4058,-0.8573,145.6,97.0,0.518
7.68,31880.5,34705.7,-0.4814,-0.7254,145.6,97.0,0.518
7.7,31814.0,34602.2,-0.7502,-0.98,145.6,97.0,0.518
7.72,31798.0,34658.7,-0.8152,-0.8409,145.6,97.0,0.518
7.74,31742.6,34553.4,-1.0392,-1.1,145.6,97.0,0.518
7.76,31765.3,34483.6,-0.9473,-1.2716,145.6,97.0,0.518
7.78,31749.1,34505.8,-1.0131,-1.217,145.6,97.0,0.518
7.8,31828.1,34660.7,-0.6931,-0.8361,145.6,97.0,0.518
7.82,32042.2,35044.4,0.1731,0.1081,145.6,97.0,0.518
7.84,32134.3,35323.9,0.5457,0.7956,145.6,97.0,0.518
7.86,32376.2,35693.6,1.5248,1.705,145.6,97.0,0.518
7.88,32407.7,35768.1,1.6522,1.8883,145.6,97.0,0.518
7.9,32336.4,35635.3,1.3636,1.5617,145.6,97.0,0.518
7.92,32087.7,35434.1,0.3572,1.0666,145.6,97.0,0.518
7.94,32183.3,35208.9,0.7443,0.5126,145.6,97.0,0.518
7.96,32032.8,35155.1,0.135,0.3803,145.6,97.0,0.518
7.98,32048.5,35065.1,0.1987,0.1588,145.6,97.0,0.518
8.0,31928.3,35018.4,-0.2879,0.044,145.6,97.0,0.518
8.02,32026.2,34952.3,0.1085,-0.1185,145.6,97.0,0.518
8.04,31983.1,34847.7,-0.0658,-0.3759,145.6,97.0,0.518
8.06,31909.0,34834.8,-0.3659,-0.4078,145.6,97.0,0.518
8.08,31819.2,34680.2,-0.7291,-0.788,145.6,97.0,0.518
8.1,31894.1,34659.2,-0.4262,-0.8396,145.6,97.0,0.518
8.12,31802.4,34662.8,-0.7971,-0.8308,145.6,97.0,0.518
8.14,31707.8,34570.2,-1.1802,-1.0586,145.6,97.0,0.518
8.16,31757.8,34469.6,-0.9777,-1.3062,145.6,97.0,0.518
8.18,31797.3,34459.0,-0.818,-1.3321,145.6,97.0,0.518
8.2,31758.9,34529.3,-0.9732,-1.1594,145.6,97.0,0.518
8.22,31907.4,34862.8,-0.3722,-0.3389,145.6,97.0,0.518
8.24,32053.4,35171.0,0.2187,0.4194,145.6,97.0,0.518
8.26,32193.1,35487.1,0.7839,1.1971,145.6,97.0,0.518
8.28,32348.7,35785.4,1.4137,1.931,145.6,97.0,0.518
8.3,32408.0,35715.6,1.6536,1.7593,145.6,97.0,0.518
8.32,32299.9,35668.6,1.216,1.6437,145.6,97.0,0.518
8.34,32286.6,35395.9,1.1624,0.9727,145.6,97.0,0.518
8.36,32137.3,35196.8,0.5582,0.4829,145.6,97.0,0.518
8.38,31997.1,35164.0,-0.0095,0.4021,145.6,97.0,0.518
8.4,32068.0,34910.8,0.2776,-0.2207,145.6,97.0,0.518
8.42,31977.2,35047.8,-0.0899,0.1163,145.6,97.0,0.518
8.44,31985.0,34928.7,-0.0583,-0.1766,145.6,97.0,0.518
8.46,31916.9,34791.5,-0.334,-0.5141,145.6,97.0,0.518
8.48,31943.4,34769.4,-0.2266,-0.5686,145.6,97.0,0.518
8.5,31883.5,34690.7,-0.4689,-0.7622,145.6,97.0,0.518
8.52,31875.8,34662.4,-0.5,-0.8319,145.6,97.0,0.518
8.54,31853.7,34678.2,-0.5896,-0.793,145.6,97.0,0.518
8.56,31845.9,34560.3,-0.6212,-1.083,145.6,97.0,0.518
8.58,31757.8,34486.7,-0.9778,-1.264,145.6,97.0,0.518
8.6,31861.5,34447.9,-0.558,-1.3595,145.6,97.0,0.518
8.62,31825.8,34634.5,-0.7027,-0.9004,145.6,97.0,0.518
8.64,31945.6,34932.6,-0.2177,-0.1671,145.6,97.0,0.518
8.66,32208.6,35257.8,0.8465,0.6329,145.6,97.0,0.518
8.68,32302.1,35659.0,1.2251,1.62,145.6,97.0,0.518
8.7,32357.1,35776.5,1.4475,1.909,145.6,97.0,0.518
8.72,32350.6,35670.6,1.4211,1.6485,145.6,97.0,0.518
8.74,32278.0,35496.8,1.1275,1.221,145.6,97.0,0.518
8.76,32255.2,35298.1,1.0353,0.732,145.6,97.0,0.518
8.78,32126.8,35177.7,0.5154,0.436,145.6,97.0,0.518
8.8,32010.7,35171.0,0.0459,0.4194,145.6,97.0,0.518
8.82,32020.1,35052.4,0.0838,0.1277,145.6,97.0,0.518
8.84,31958.0,35032.5,-0.1676,0.0786,145.6,97.0,0.518
8.86,31846.7,34897.8,-0.6181,-0.2527,145.6,97.0,0.518
8.88,31800.0,34775.3,-0.807,-0.554,145.6,97.0,0.518
8.9,31824.8,34773.5,-0.7066,-0.5585,145.6,97.0,0.518
8.92,31909.0,34636.4,-0.366,-0.8959,145.6,97.0,0.518
8.94,31756.0,34666.2,-0.9852,-0.8224,145.6,97.0,0.518
8.96,31810.0,34566.2,-0.7667,-1.0684,145.6,97.0,0.518
8.98,31854.2,34565.3,-0.5877,-1.0707,145.6,97.0,0.518
9.0,31743.2,34416.5,-1.0367,-1.4367,145.6,97.0,0.518
9.02,31708.9,34573.4,-1.1756,-1.0507,145.6,97.0,0.518
9.04,31845.9,34720.2,-0.6211,-0.6895,145.6,97.0,0.518
9.06,31912.2,35043.7,-0.353,0.1063,145.6,97.0,0.518
9.08,32252.6,35538.6,1.0248,1.3238,145.6,97.0,0.518
9.1,32324.1,35735.1,1.3141,1.8072,145.6,97.0,0.518
9.12,32417.3,35667.1,1.6913,1.6398,145.6,97.0,0.518
9.14,32280.3,35575.8,1.1368,1.4153,145.6,97.0,0.518
9.16,32227.2,35547.1,0.9218,1.3448,145.6,97.0,0.518
9.18,32117.1,35315.0,0.4761,0.7737,145.6,97.0,0.518
9.2,32068.3,35149.0,0.2787,0.3653,145.6,97.0,0.518
9.22,31978.8,34943.3,-0.0836,-0.1408,145.6,97.0,0.518
9.24,32013.5,34990.4,0.0572,-0.0249,145.6,97.0,0.518
9.26,31928.7,34946.9,-0.2862,-0.1319,145.6,97.0,0.518
9.28,31827.4,34920.2,-0.6963,-0.1976,145.6,97.0,0.518
9.3,31826.1,34784.0,-0.7014,-0.5326,145.6,97.0,0.518
9.32,31897.1,34677.4,-0.4139,-0.7949,145.6,97.0,0.518
9.34,31857.6,34676.7,-0.5741,-0.7966,145.6,97.0,0.518
9.36,31768.1,34729.7,-0.9359,-0.6663,145.6,97.0,0.518
9.38,31827.7,34545.8,-0.695,-1.1186,145.6,97.0,0.518
9.4,31816.8,34402.9,-0.7388,-1.4701,145.6,97.0,0.518
9.42,31707.4,34415.5,-1.1815,-1.4392,145.6,97.0,0.518
9.44,31789.8,34524.3,-0.8481,-1.1715,145.6,97.0,0.518
9.46,31954.3,34880.9,-0.1826,-0.2943,145.6,97.0,0.518
9.48,32045.8,35209.0,0.1878,0.513,145.6,97.0,0.518
9.5,32247.2,35615.1,1.0027,1.512,145.6,97.0,0.518
9.52,32340.2,35767.7,1.3791,1.8874,145.6,97.0,0.518
9.54,32416.6,35689.0,1.6885,1.6937,145.6,97.0,0.518
9.56,32314.6,35578.1,1.2755,1.4209,145.6,97.0,0.518
9.58,32111.7,35349.8,0.4545,0.8592,145.6,97.0,0.518
9.6,32170.0,35244.1,0.6905,0.5993,145.6,97.0,0.518
9.62,32037.1,35129.6,0.1524,0.3175,145.6,97.0,0.518
9.64,32031.8,35109.0,0.1312,0.2668,145.6,97.0,0.518
9.66,31995.9,34953.6,-0.0141,-0.1154,145.6,97.0,0.518
9.68,32000.1,34918.1,0.0027,-0.2028,145.6,97.0,0.518
9.7,31817.0,34796.9,-0.738,-0.501,145.6,97.0,0.518
9.72,31771.1,34809.1,-0.9239,-0.4709,145.6,97.0,0.518
9.74,31807.6,34683.6,-0.7761,-0.7797,145.6,97.0,0.518
9.76,31761.5,34558.8,-0.963,-1.0866,145.6,97.0,0.518
9.78,31906.4,34540.1,-0.3764,-1.1328,145.6,97.0,0.518
9.8,31695.1,34574.9,-1.2315,-1.0471,145.6,97.0,0.518
9.82,31720.5,34418.4,-1.1286,-1.4321,145.6,97.0,0.518
9.84,31750.6,34472.7,-1.007,-1.2984,145.6,97.0,0.518
9.86,31866.3,34681.9,-0.5386,-0.7838,145.6,97.0,0.518
9.88,31950.0,35007.5,-0.2001,0.0172,145.6,97.0,0.518
9.9,32156.5,35384.2,0.6356,0.944,145.6,97.0,0.518
9.92,32258.2,35708.2,1.0473,1.7411,145.6,97.0,0.518
9.94,32412.8,35789.6,1.6729,1.9413,145.6,97.0,0.518
9.96,32429.3,35676.9,1.7398,1.6639,145.6,97.0,0.518
9.98,32392.7,35441.5,1.5917,1.0848,145.6,97.0,0.518
10.0,32108.0,35223.6,0.4394,0.5487,145.6,97.0,0.518
10.02,32008.9,35155.6,0.0382,0.3815,145.6,97.0,0.518
10.04,31972.2,35117.2,-0.11,0.287,145.6,97.0,0.518
10.06,32114.3,35063.4,0.4648,0.1548,145.6,97.0,0.518
10.08,31964.4,34927.5,-0.1415,-0.1797,145.6,97.0,0.518
10.1,31915.2,34904.0,-0.3407,-0.2373,145.6,97.0,0.518
10.12,31853.6,34780.4,-0.5899,-0.5414,145.6,97.0,0.518
10.14,31909.3,34739.3,-0.3647,-0.6427,145.6,97.0,0.518
10.16,31830.9,34689.1,-0.6821,-0.766,145.6,97.0,0.518
10.18,31959.8,34623.7,-0.1605,-0.9271,145.6,97.0,0.518
10.2,31822.8,34576.5,-0.7147,-1.0432,145.6,97.0,0.518
10.22,31712.0,34566.8,-1.163,-1.067,145.6,97.0,0.518
10.24,31761.9,34472.8,-0.9613,-1.2982,145.6,97.0,0.518
10.26,31797.6,34526.0,-0.8168,-1.1673,145.6,97.0,0.518
10.28,31935.7,34765.1,-0.2579,-0.5791,145.6,97.0,0.518
10.3,32083.5,35183.2,0.3404,0.4494,145.6,97.0,0.518
10.32,32340.4,35402.6,1.38,0.9891,145.6,97.0,0.518
10.34,32226.5,35730.7,0.9191,1.7962,145.6,97.0,0.518
10.36,32280.5,35734.3,1.1376,1.8052,145.6,97.0,0.518
10.38,32297.7,35586.5,1.2072,1.4417,145.6,97.0,0.518
10.4,32185.2,35413.9,0.7517,1.0169,145.6,97.0,0.518
10.42,32160.6,35257.1,0.6523,0.6313,145.6,97.0,0.518
10.44,32074.1,35091.6,0.3024,0.2241,145.6,97.0,0.518
10.46,32071.4,35011.2,0.2912,0.0262,145.6,97.0,0.518
10.48,31989.6,35009.2,-0.0398,0.0214,145.6,97.0,0.518
10.5,31990.2,34911.8,-0.0375,-0.2182,145.6,97.0,0.518
10.52,31855.1,34755.5,-0.5841,-0.6027,145.6,97.0,0.518
10.54,31872.5,34707.9,-0.5135,-0.7199,145.6,97.0,0.518
10.56,31792.0,34780.9,-0.8394,-0.5402,145.6,97.0,0.518
10.58,31816.1,34606.3,-0.7417,-0.9699,145.6,97.0,0.518
10.6,31930.8,34662.2,-0.2777,-0.8323,145.6,97.0,0.518
10.62,31718.0,34445.0,-1.1387,-1.3667,145.6,97.0,0.518
10.64,31742.9,34526.9,-1.0382,-1.1653,145.6,97.0,0.518
10.66,31820.1,34486.2,-0.7258,-1.2652,145.6,97.0,0.518
10.68,31866.9,34568.4,-0.5363,-1.063,145.6,97.0,0.518
10.7,31915.0,34834.3,-0.3417,-0.4089,145.6,97.0,0.518
10.72,32194.7,35257.9,0.7903,0.6332,145.6,97.0,0.518
10.74,32290.0,35594.0,1.1758,1.46,145.6,97.0,0.518
10.76,32289.5,35757.2,1.1738,1.8616,145.6,97.0,0.518
10.78,32406.8,35715.7,1.6487,1.7595,145.6,97.0,0.518
10.8,32256.7,35530.0,1.0414,1.3026,145.6,97.0,0.518
10.82,32152.7,35269.6,0.6203,0.662,145.6,97.0,0.518
10.84,32035.7,35186.0,0.1468,0.4564,145.6,97.0,0.518
10.86,32020.2,35012.7,0.084,0.03,145.6,97.0,0.518
10.88,32053.0,35033.6,0.2169,0.0815,145.6,97.0,0.518
10.9,32099.6,34941.0,0.4056,-0.1465,145.6,97.0,0.518
10.92,31919.0,34815.3,-0.3255,-0.4557,145.6,97.0,0.518
10.94,31909.3,34750.5,-0.3648,-0.615,145.6,97.0,0.518
10.96,31847.6,34742.6,-0.6142,-0.6346,145.6,97.0,0.518
10.98,31860.9,34609.6,-0.5607,-0.9618,145.6,97.0,0.518
11.0,31865.9,34629.6,-0.5403,-0.9126,145.6,97.0,0.518
11.02,31847.1,34573.1,-0.6165,-1.0514,145.6,97.0,0.518
11.04,31709.2,34499.3,-1.1744,-1.233,145.6,97.0,0.518
11.06,31685.9,34422.0,-1.2689,-1.4232,145.6,97.0,0.518
11.08,31782.3,34461.9,-0.8786,-1.3251,145.6,97.0,0.518
11.1,31939.9,34811.3,-0.2407,-0.4656,145.6,97.0,0.518
11.12,32060.8,35086.3,0.2484,0.2111,145.6,97.0,0.518
11.14,32233.4,35315.9,0.9471,0.776,145.6,97.0,0.518
11.16,32314.1,35788.3,1.2734,1.9381,145.6,97.0,0.518
11.18,32268.2,35749.2,1.0877,1.8418,145.6,97.0,0.518
11.2,32251.7,35769.9,1.0211,1.8927,145.6,97.0,0.518
11.22,32245.4,35456.4,0.9956,1.1216,145.6,97.0,0.518
11.24,32144.1,35209.6,0.5854,0.5145,145.6,97.0,0.518
11.26,32048.5,35145.3,0.1986,0.3561,145.6,97.0,0.518
11.28,32077.3,35193.4,0.3153,0.4745,145.6,97.0,0.518
11.3,32029.0,34948.3,0.1199,-0.1285,145.6,97.0,0.518
11.32,31995.7,35016.4,-0.0151,0.0392,145.6,97.0,0.518
11.34,31925.4,34856.0,-0.2995,-0.3555,145.6,97.0,0.518
11.36,31852.0,34672.6,-0.5966,-0.8066,145.6,97.0,0.518
11.38,31806.0,34734.1,-0.7826,-0.6554,145.6,97.0,0.518
11.4,31822.8,34727.0,-0.7149,-0.6729,145.6,97.0,0.518
11.42,31739.9,34571.9,-1.0504,-1.0544,145.6,97.0,0.518
11.44,31804.6,34565.6,-0.7883,-1.0699,145.6,97.0,0.518
11.46,31708.6,34561.6,-1.177,-1.0798,145.6,97.0,0.518
11.48,31750.4,34419.6,-1.0078,-1.4291,145.6,97.0,0.518
11.5,31817.7,34603.9,-0.7353,-0.9758,145.6,97.0,0.518
11.52,31900.1,34997.0,-0.4018,-0.0086,145.6,97.0,0.518
11.54,32159.0,35251.4,0.6456,0.6172,145.6,97.0,0.518
11.56,32365.8,35596.4,1.4826,1.4659,145.6,97.0,0.518
11.58,32370.8,35700.2,1.503,1.7213,145.6,97.0,0.518
11.6,32337.6,35766.4,1.3688,1.8842,145.6,97.0,0.518
11.62,32210.7,35436.5,0.8552,1.0726,145.6,97.0,0.518
11.64,32101.6,35338.9,0.4137,0.8326,145.6,97.0,0.518
11.66,32113.1,35111.6,0.46,0.2732,145.6,97.0,0.518
11.68,32035.7,35137.1,0.1468,0.336,145.6,97.0,0.518
11.7,32076.1,34977.1,0.3104,-0.0577,145.6,97.0,0.518
11.72,32085.2,35005.6,0.3472,0.0125,145.6,97.0,0.518
11.74,31957.5,34909.7,-0.1698,-0.2234,145.6,97.0,0.518
11.76,31903.2,34817.1,-0.3895,-0.4513,145.6,97.0,0.518
11.78,31907.2,34778.0,-0.3733,-0.5474,145.6,97.0,0.518
11.8,31812.8,34690.3,-0.7551,-0.7631,145.6,97.0,0.518
11.82,31827.4,34696.6,-0.6962,-0.7476,145.6,97.0,0.518
11.84,31805.7,34666.7,-0.7841,-0.8212,145.6,97.0,0.518
11.86,31766.8,34612.9,-0.9415,-0.9535,145.6,97.0,0.518
11.88,31771.2,34443.4,-0.9234,-1.3705,145.6,97.0,0.518
11.9,31675.2,34440.8,-1.312,-1.377,145.6,97.0,0.518
11.92,31801.3,34712.9,-0.8017,-0.7075,145.6,97.0,0.518
11.94,32028.1,35045.0,0.1162,0.1093,145.6,97.0,0.518
11.96,32148.3,35418.1,0.6024,1.0274,145.6,97.0,0.518
11.98,32253.8,35693.4,1.0295,1.7047,145.6,97.0,0.518
12.0,32381.2,35719.0,1.5449,1.7677,145.6,97.0,0.518
12.02,32450.8,35636.9,1.8269,1.5657,145.6,97.0,0.518
12.04,32213.7,35426.3,0.8672,1.0474,145.6,97.0,0.518
12.06,32171.7,35320.7,0.6971,0.7878,145.6,97.0,0.518
12.08,32111.6,35084.8,0.4541,0.2073,145.6,97.0,0.518
12.1,32021.8,35107.9,0.0906,0.2643,145.6,97.0,0.518
12.12,32018.8,34957.3,0.0786,-0.1063,145.6,97.0,0.518
12.14,31964.6,35017.5,-0.1409,0.0419,145.6,97.0,0.518
12.16,31923.5,34866.1,-0.3073,-0.3306,145.6,97.0,0.518
12.18,31897.5,34698.7,-0.4125,-0.7426,145.6,97.0,0.518
12.2,31864.9,34760.9,-0.5445,-0.5895,145.6,97.0,0.518
12.22,31834.3,34624.8,-0.6682,-0.9244,145.6,97.0,0.518
12.24,31821.3,34718.7,-0.7208,-0.6932,145.6,97.0,0.518
12.26,31847.4,34578.5,-0.6151,-1.0381,145.6,97.0,0.518
12.28,31818.8,34571.9,-0.731,-1.0544,145.6,97.0,0.518
12.3,31860.3,34464.4,-0.5631,-1.3189,145.6,97.0,0.518
12.32,31665.7,34487.7,-1.3503,-1.2617,145.6,97.0,0.518
12.34,31843.0,34824.9,-0.6328,-0.4321,145.6,97.0,0.518
12.36,32007.1,35202.1,0.031,0.4959,145.6,97.0,0.518
12.38,32229.2,35487.7,0.93,1.1985,145.6,97.0,0.518
12.4,32328.2,35617.5,1.3305,1.518,145.6,97.0,0.518
12.42,32467.9,35658.4,1.8959,1.6185,145.6,97.0,0.518
12.44,32340.0,35653.7,1.3784,1.607,145.6,97.0,0.518
12.46,32182.7,35385.9,0.7419,0.9481,145.6,97.0,0.518
12.48,32102.4,35217.1,0.4168,0.5328,145.6,97.0,0.518
12.5,32091.6,35151.4,0.3729,0.3712,145.6,97.0,0.518
12.52,32055.3,35007.5,0.2261,0.0172,145.6,97.0,0.518
12.54,31902.1,35124.6,-0.394,0.3053,145.6,97.0,0.518
12.56,31925.0,34964.7,-0.3013,-0.0882,145.6,97.0,0.518
12.58,31919.6,34845.8,-0.323,-0.3805,145.6,97.0,0.518
12.6,31859.2,34703.5,-0.5673,-0.7308,145.6,97.0,0.518
12.62,31845.9,34550.5,-0.6214,-1.1071,145.6,97.0,0.518
12.64,31833.7,34695.5,-0.6708,-0.7504,145.6,97.0,0.518
12.66,31820.5,34601.0,-0.724,-0.9829,145.6,97.0,0.518
12.68,31763.9,34544.5,-0.9532,-1.1219,145.6,97.0,0.518
12.7,31808.0,34437.9,-0.7745,-1.3842,145.6,97.0,0.518
12.72,31836.5,34438.8,-0.6591,-1.3819,145.6,97.0,0.518
12.74,31809.1,34516.1,-0.77,-1.1917,145.6,97.0,0.518
12.76,31959.4,34877.7,-0.1618,-0.3022,145.6,97.0,0.518
12.78,32116.7,35260.9,0.4746,0.6407,145.6,97.0,0.518
12.8,32343.0,35606.5,1.3905,1.4909,145.6,97.0,0.518
12.82,32370.6,35833.9,1.5022,2.0502,145.6,97.0,0.518
12.84,32342.5,35785.4,1.3883,1.931,145.6,97.0,0.518
12.86,32297.5,35505.4,1.2063,1.242,145.6,97.0,0.518
12.88,32174.3,35362.3,0.7079,0.8901,145.6,97.0,0.518
12.9,32072.7,35160.7,0.2964,0.3941,145.6,97.0,0.518
12.92,32039.8,35116.9,0.1633,0.2863,145.6,97.0,0.518
12.94,32004.4,35054.0,0.0202,0.1317,145.6,97.0,0.518
12.96,32033.8,35028.6,0.1393,0.069,145.6,97.0,0.518
12.98,31926.7,34866.1,-0.2941,-0.3308,145.6,97.0,0.518
13.0,31967.5,34769.7,-0.1292,-0.5678,145.6,97.0,0.518
13.02,31876.7,34745.7,-0.4966,-0.6268,145.6,97.0,0.518
13.04,31804.1,34678.9,-0.7903,-0.7913,145.6,97.0,0.518
13.06,31800.5,34648.6,-0.8049,-0.8659,145.6,97.0,0.518
13.08,31947.2,34667.6,-0.2114,-0.8191,145.6,97.0,0.518
13.1,31801.6,34421.7,-0.8006,-1.4241,145.6,97.0,0.518
13.12,31780.3,34479.4,-0.8866,-1.2821,145.6,97.0,0.518
13.14,31798.4,34454.7,-0.8135,-1.3428,145.6,97.0,0.518
13.16,31864.0,34742.2,-0.548,-0.6354,145.6,97.0,0.518
13.18,32050.4,35115.7,0.2063,0.2833,145.6,97.0,0.518
13.2,32242.9,35446.2,0.9852,1.0965,145.6,97.0,0.518
13.22,32281.2,35635.5,1.1404,1.562,145.6,97.0,0.518
13.24,32387.9,35830.4,1.5722,2.0417,145.6,97.0,0.518
13.26,32258.5,35583.6,1.0487,1.4344,145.6,97.0,0.518
13.28,32232.7,35455.3,0.9439,1.1189,145.6,97.0,0.518
13.3,32081.2,35287.0,0.3308,0.7048,145.6,97.0,0.518
13.32,32046.9,35062.8,0.1921,0.1532,145.6,97.0,0.518
13.34,32142.8,35100.9,0.5803,0.2469,145.6,97.0,0.518
13.36,32064.2,35048.4,0.2624,0.1178,145.6,97.0,0.518
13.38,32025.0,34993.0,0.1035,-0.0184,145.6,97.0,0.518
13.4,31904.0,34876.2,-0.3859,-0.3058,145.6,97.0,0.518
13.42,31794.5,34777.4,-0.8291,-0.5488,145.6,97.0,0.518
13.44,31812.2,34666.9,-0.7577,-0.8206,145.6,97.0,0.518
13.46,31856.8,34727.7,-0.5769,-0.6711,145.6,97.0,0.518
13.48,31885.3,34636.3,-0.4618,-0.896,145.6,97.0,0.518
13.5,31784.4,34523.2,-0.8703,-1.1743,145.6,97.0,0.518
13.52,31749.9,34552.5,-1.0098,-1.1021,145.6,97.0,0.518
13.54,31755.4,34532.7,-0.9875,-1.1508,145.6,97.0,0.518
13.56,31716.1,34641.2,-1.1465,-0.8841,145.6,97.0,0.518
13.58,31984.4,34777.8,-0.0606,-0.548,145.6,97.0,0.518
13.6,32085.7,35219.3,0.3493,0.5382,145.6,97.0,0.518
13.62,32260.4,35485.3,1.0562,1.1925,145.6,97.0,0.518
13.64,32337.7,35709.0,1.369,1.743,145.6,97.0,0.518
13.66,32365.1,35774.3,1.4797,1.9036,145.6,97.0,0.518
13.68,32261.0,35541.7,1.0588,1.3314,145.6,97.0,0.518
13.7,32087.9,35305.9,0.358,0.7514,145.6,97.0,0.518
13.72,32106.8,35087.0,0.4345,0.2128,145.6,97.0,0.518
13.74,32071.9,35112.6,0.2934,0.2757,145.6,97.0,0.518
13.76,32007.7,35069.1,0.0337,0.1688,145.6,97.0,0.518
13.78,32045.1,35007.6,0.1849,0.0173,145.6,97.0,0.518
13.8,32082.0,34961.6,0.3344,-0.0957,145.6,97.0,0.518
13.82,31892.5,34714.4,-0.4324,-0.7039,145.6,97.0,0.518
13.84,31878.4,34689.0,-0.4896,-0.7663,145.6,97.0,0.518
13.86,31768.5,34610.4,-0.9345,-0.9597,145.6,97.0,0.518
13.88,31746.8,34680.0,-1.0221,-0.7885,145.6,97.0,0.518
13.9,31807.9,34609.2,-0.7749,-0.9628,145.6,97.0,0.518
13.92,31705.5,34563.9,-1.1892,-1.0741,145.6,97.0,0.518
13.94,31695.6,34511.9,-1.2295,-1.202,145.6,97.0,0.518
13.96,31757.2,34519.1,-0.98,-1.1844,145.6,97.0,0.518
13.98,31837.9,34672.0,-0.6537,-0.8081,145.6,97.0,0.518
14.0,31966.4,34992.0,-0.1336,-0.0209,145.6,97.0,0.518
14.02,32124.2,35383.9,0.5052,0.9431,145.6,97.0,0.518
14.04,32371.8,35632.0,1.5072,1.5536,145.6,97.0,0.518
14.06,32352.8,35773.7,1.4301,1.9021,145.6,97.0,0.518
14.08,32376.3,35692.0,1.5252,1.7011,145.6,97.0,0.518
14.1,32243.4,35494.2,0.9875,1.2146,145.6,97.0,0.518
14.12,32170.8,35239.1,0.6936,0.5869,145.6,97.0,0.518
14.14,32086.6,35161.9,0.353,0.397,145.6,97.0,0.518
14.16,32031.7,35091.5,0.1306,0.2237,145.6,97.0,0.518
14.18,31963.0,35054.1,-0.1472,0.1318,145.6,97.0,0.518
14.2,31971.2,34890.4,-0.114,-0.2708,145.6,97.0,0.518
14.22,31878.4,34838.5,-0.4896,-0.3986,145.6,97.0,0.518
14.24,31894.4,34779.9,-0.4249,-0.5428,145.6,97.0,0.518
14.26,31813.1,34669.5,-0.754,-0.8144,145.6,97.0,0.518
14.28,31738.0,34681.0,-1.058,-0.7861,145.6,97.0,0.518
14.3,31781.1,34603.8,-0.8835,-0.9759,145.6,97.0,0.518
14.32,31810.4,34613.9,-0.7649,-0.9512,145.6,97.0,0.518
14.34,31770.1,34437.4,-0.9278,-1.3854,145.6,97.0,0.518
14.36,31725.6,34412.4,-1.1082,-1.4468,145.6,97.0,0.518
14.38,31760.5,34556.0,-0.9669,-1.0936,145.6,97.0,0.518
14.4,31880.3,34800.3,-0.482,-0.4925,145.6,97.0,0.518
14.42,32186.8,35101.3,0.7585,0.2479,145.6,97.0,0.518
14.44,32312.7,35583.4,1.2679,1.434,145.6,97.0,0.518
14.46,32378.0,35670.3,1.5321,1.6478,145.6,97.0,0.518
14.48,32390.8,35785.1,1.584,1.9303,145.6,97.0,0.518
14.5,32300.5,35611.6,1.2184,1.5034,145.6,97.0,0.518
14.52,32163.3,35428.3,0.6633,1.0524,145.6,97.0,0.518
14.54,32104.0,35150.5,0.4234,0.369,145.6,97.0,0.518
14.56,32074.5,35196.2,0.3038,0.4815,145.6,97.0,0.518
14.58,32077.2,35065.6,0.3149,0.1601,145.6,97.0,0.518
14.6,31940.9,35024.8,-0.2368,0.0598,145.6,97.0,0.518
14.62,32001.7,34963.7,0.0092,-0.0906,145.6,97.0,0.518
14.64,31933.4,34826.0,-0.2672,-0.4293,145.6,97.0,0.518
14.66,31897.2,34695.1,-0.4136,-0.7515,145.6,97.0,0.518
14.68,31870.2,34625.2,-0.5227,-0.9232,145.6,97.0,0.518
14.7,31842.5,34584.9,-0.6352,-1.0224,145.6,97.0,0.518
14.72,31802.7,34657.4,-0.7959,-0.8441,145.6,97.0,0.518
14.74,31806.2,34627.1,-0.782,-0.9188,145.6,97.0,0.518
14.76,31639.8,34355.7,-1.4554,-1.5863,145.6,97.0,0.518
14.78,31746.3,34392.9,-1.0242,-1.4948,145.6,97.0,0.518
14.8,31850.4,34728.5,-0.603,-0.6692,145.6,97.0,0.518
14.82,32003.3,34962.7,0.0159,-0.0929,145.6,97.0,0.518
14.84,32112.2,35206.1,0.4566,0.5057,145.6,97.0,0.518
14.86,32313.7,35562.6,1.2719,1.3828,145.6,97.0,0.518
14.88,32360.0,35792.0,1.4593,1.9471,145.6,97.0,0.518
14.9,32271.2,35706.7,1.1,1.7373,145.6,97.0,0.518
14.92,32324.9,35544.4,1.3172,1.338,145.6,97.0,0.518
14.94,32148.5,35333.8,0.6035,0.82,145.6,97.0,0.518
14.96,32025.1,35244.7,0.1038,0.6008,145.6,97.0,0.518
14.98,31983.1,35058.8,-0.0658,0.1435,145.6,97.0,0.518
15.0,31969.1,35127.0,-0.1226,0.3111,145.6,97.0,0.518
15.02,31912.5,35119.4,-0.3519,0.2924,145.6,97.0,0.518
15.04,31935.4,34840.5,-0.2589,-0.3936,145.6,97.0,0.518
15.06,31907.6,34728.1,-0.3716,-0.6702,145.6,97.0,0.518
15.08,31844.7,34644.8,-0.6261,-0.8752,145.6,97.0,0.518
15.1,31748.1,34618.5,-1.0168,-0.9399,145.6,97.0,0.518
15.12,31771.3,34717.0,-0.9231,-0.6975,145.6,97.0,0.518
15.14,31823.4,34539.1,-0.7124,-1.1352,145.6,97.0,0.518
15.16,31784.4,34588.9,-0.8703,-1.0126,145.6,97.0,0.518
15.18,31770.2,34465.1,-0.9277,-1.3171,145.6,97.0,0.518
15.2,31813.2,34524.2,-0.7535,-1.1718,145.6,97.0,0.518
15.22,31853.8,34783.1,-0.5892,-0.5348,145.6,97.0,0.518
15.24,31958.4,35052.9,-0.1661,0.1288,145.6,97.0,0.518
15.26,32206.8,35408.5,0.8392,1.0037,145.6,97.0,0.518
15.28,32399.0,35750.2,1.6171,1.8443,145.6,97.0,0.518
15.3,32373.6,35697.4,1.5144,1.7145,145.6,97.0,0.518
15.32,32278.2,35661.2,1.128,1.6255,145.6,97.0,0.518
15.34,32175.4,35513.9,0.7122,1.2629,145.6,97.0,0.518
15.36,32108.7,35349.2,0.4423,0.8578,145.6,97.0,0.518
15.38,32109.7,35176.1,0.4464,0.4319,145.6,97.0,0.518
15.4,32075.1,35170.5,0.3064,0.4183,145.6,97.0,0.518
15.42,31910.6,34981.2,-0.3594,-0.0475,145.6,97.0,0.518
15.44,31936.5,34907.0,-0.2544,-0.23,145.6,97.0,0.518
15.46,31885.3,34867.5,-0.4619,-0.3273,145.6,97.0,0.518
15.48,31800.8,34783.8,-0.8039,-0.5332,145.6,97.0,0.518
15.5,31863.0,34671.5,-0.5519,-0.8094,145.6,97.0,0.518
15.52,31901.0,34698.7,-0.3983,-0.7425,145.6,97.0,0.518
15.54,31784.4,34576.6,-0.87,-1.0429,145.6,97.0,0.518
15.56,31855.4,34566.1,-0.583,-1.0687,145.6,97.0,0.518
15.58,31734.2,34427.9,-1.0731,-1.4088,145.6,97.0,0.518
15.6,31734.7,34401.7,-1.0714,-1.4732,145.6,97.0,0.518
15.62,31747.2,34507.7,-1.0205,-1.2124,145.6,97.0,0.518
15.64,31940.4,34885.0,-0.2389,-0.2841,145.6,97.0,0.518
15.66,32056.5,35191.7,0.2311,0.4703,145.6,97.0,0.518
15.68,32290.3,35625.3,1.1771,1.537,145.6,97.0,0.518
15.7,32355.8,35631.8,1.4423,1.553,145.6,97.0,0.518
15.72,32372.4,35720.5,1.5093,1.7714,145.6,97.0,0.518
15.74,32334.7,35486.7,1.357,1.1962,145.6,97.0,0.518
15.76,32180.9,35374.8,0.7345,0.9209,145.6,97.0,0.518
15.78,32090.2,35215.8,0.3672,0.5296,145.6,97.0,0.518
15.8,32003.8,35103.1,0.0177,0.2525,145.6,97.0,0.518
15.82,32076.5,35076.3,0.3122,0.1865,145.6,97.0,0.518
15.84,32066.2,34994.2,0.2704,-0.0156,145.6,97.0,0.518
15.86,32004.3,34893.7,0.0198,-0.2627,145.6,97.0,0.518
15.88,31930.3,34801.7,-0.2797,-0.489,145.6,97.0,0.518
15.9,31852.2,34740.2,-0.5957,-0.6405,145.6,97.0,0.518
15.92,31896.2,34716.2,-0.4178,-0.6994,145.6,97.0,0.518
15.94,31856.0,34695.8,-0.5805,-0.7497,145.6,97.0,0.518
15.96,31870.5,34603.6,-0.5219,-0.9764,145.6,97.0,0.518
15.98,31775.0,34515.2,-0.908,-1.194,145.6,97.0,0.518
16.0,31696.9,34429.0,-1.2241,-1.4061,145.6,97.0,0.518
16.02,31754.3,34429.9,-0.9919,-1.4037,145.6,97.0,0.518
16.04,31722.4,34670.1,-1.121,-0.813,145.6,97.0,0.518
16.06,31977.8,34996.2,-0.0874,-0.0106,145.6,97.0,0.518
16.08,32166.3,35266.0,0.6752,0.6531,145.6,97.0,0.518
16.1,32377.9,35632.9,1.5317,1.5556,145.6,97.0,0.518
16.12,32359.3,35788.1,1.4564,1.9375,145.6,97.0,0.518
16.14,32356.1,35684.3,1.4437,1.6823,145.6,97.0,0.518
16.16,32220.3,35447.3,0.8939,1.0991,145.6,97.0,0.518
16.18,32078.1,35361.2,0.3183,0.8874,145.6,97.0,0.518
16.2,32092.6,35174.2,0.3771,0.4273,145.6,97.0,0.518
16.22,32090.2,35109.9,0.3674,0.2691,145.6,97.0,0.518
16.24,31944.8,35057.6,-0.2212,0.1406,145.6,97.0,0.518
16.26,32047.3,34977.3,0.1939,-0.0572,145.6,97.0,0.518
16.28,31966.6,34900.5,-0.1328,-0.246,145.6,97.0,0.518
16.3,31927.8,34659.7,-0.2897,-0.8384,145.6,97.0,0.518
16.32,31767.8,34819.2,-0.9372,-0.4461,145.6,97.0,0.518
16.34,31776.5,34674.9,-0.9019,-0.8011,145.6,97.0,0.518
16.36,31838.9,34566.7,-0.6494,-1.0672,145.6,97.0,0.518
16.38,31769.5,34570.6,-0.9303,-1.0577,145.6,97.0,0.518
16.4,31802.9,34545.2,-0.7953,-1.1201,145.6,97.0,0.518
16.42,31763.2,34479.6,-0.9558,-1.2815,145.6,97.0,0.518
16.44,31713.0,34516.6,-1.159,-1.1906,145.6,97.0,0.518
16.46,31939.8,34688.8,-0.2414,-0.7669,145.6,97.0,0.518
16.48,32001.3,35209.2,0.0076,0.5135,145.6,97.0,0.518
16.5,32200.7,35464.3,0.8145,1.141,145.6,97.0,0.518
16.52,32376.2,35695.6,1.5249,1.71,145.6,97.0,0.518
16.54,32367.8,35726.3,1.491,1.7856,145.6,97.0,0.518
16.56,32336.2,35563.7,1.3628,1.3855,145.6,97.0,0.518
16.58,32212.4,35329.1,0.862,0.8083,145.6,97.0,0.518
16.6,31957.8,35274.7,-0.1682,0.6745,145.6,97.0,0.518
16.62,32060.8,35135.2,0.2486,0.3313,145.6,97.0,0.518
16.64,32015.4,35012.8,0.0648,0.0302,145.6,97.0,0.518
16.66,31958.5,34987.0,-0.1657,-0.0333,145.6,97.0,0.518
16.68,31976.6,34884.3,-0.0923,-0.286,145.6,97.0,0.518
16.7,31960.1,34787.4,-0.1592,-0.5243,145.6,97.0,0.518
16.72,31866.1,34706.1,-0.5395,-0.7242,145.6,97.0,0.518
16.74,31758.0,34642.4,-0.9771,-0.8811,145.6,97.0,0.518
16.76,31804.2,34703.9,-0.7898,-0.7298,145.6,97.0,0.518
16.78,31958.4,34685.5,-0.1659,-0.7749,145.6,97.0,0.518
16.8,31891.0,34573.8,-0.4385,-1.0499,145.6,97.0,0.518
16.82,31663.6,34498.0,-1.3591,-1.2363,145.6,97.0,0.518
16.84,31759.8,34382.6,-0.9697,-1.5202,145.6,97.0,0.518
16.86,31783.1,34439.4,-0.8753,-1.3803,145.6,97.0,0.518
16.88,31965.0,34968.7,-0.1393,-0.0782,145.6,97.0,0.518
16.9,32091.5,35280.1,0.3726,0.6879,145.6,97.0,0.518
16.92,32226.0,35641.6,0.9171,1.5772,145.6,97.0,0.518
16.94,32277.2,35627.3,1.1243,1.5419,145.6,97.0,0.518
16.96,32381.3,35708.3,1.5455,1.7412,145.6,97.0,0.518
16.98,32217.0,35460.3,0.8806,1.131,145.6,97.0,0.518
17.0,32088.5,35381.1,0.3604,0.9364,145.6,97.0,0.518
17.02,32012.0,35167.5,0.0511,0.4107,145.6,97.0,0.518
17.04,32031.4,35053.5,0.1295,0.1304,145.6,97.0,0.518
17.06,31970.0,35052.8,-0.1189,0.1286,145.6,97.0,0.518
17.08,31992.2,35025.8,-0.0292,0.0621,145.6,97.0,0.518
17.1,31990.8,34866.6,-0.0346,-0.3295,145.6,97.0,0.518
17.12,31839.0,34701.9,-0.6493,-0.7346,145.6,97.0,0.518
17.14,31791.0,34726.0,-0.8435,-0.6753,145.6,97.0,0.518
17.16,31826.5,34664.7,-0.6998,-0.826,145.6,97.0,0.518
17.18,31886.0,34706.3,-0.4588,-0.7239,145.6,97.0,0.518
17.2,31899.3,34573.7,-0.4051,-1.0499,145.6,97.0,0.518
17.22,31825.5,34468.1,-0.7038,-1.3097,145.6,97.0,0.518
17.24,31678.7,34592.5,-1.2978,-1.0039,145.6,97.0,0.518
17.26,31797.2,34482.6,-0.8185,-1.2742,145.6,97.0,0.518
17.28,31867.2,34766.0,-0.5351,-0.577,145.6,97.0,0.518
17.3,32030.7,35035.2,0.1264,0.0854,145.6,97.0,0.518
17.32,32188.5,35536.4,0.7653,1.3184,145.6,97.0,0.518
17.34,32314.6,35701.3,1.2755,1.724,145.6,97.0,0.518
17.36,32399.5,35780.1,1.619,1.9179,145.6,97.0,0.518
17.38,32355.4,35657.6,1.4405,1.6165,145.6,97.0,0.518
17.4,32267.0,35474.5,1.083,1.166,145.6,97.0,0.518
17.42,32102.4,35267.4,0.4168,0.6567,145.6,97.0,0.518
17.44,32079.8,35175.4,0.3254,0.4303,145.6,97.0,0.518
17.46,32047.9,35129.1,0.1961,0.3164,145.6,97.0,0.518
17.48,32066.9,34942.1,0.273,-0.1436,145.6,97.0,0.518
17.5,31948.1,35051.8,-0.2077,0.1261,145.6,97.0,0.518
17.52,31889.9,34842.9,-0.443,-0.3877,145.6,97.0,0.518
17.54,31851.3,34770.9,-0.5995,-0.5648,145.6,97.0,0.518
17.56,31756.5,34609.5,-0.9832,-0.962,145.6,97.0,0.518
17.58,31887.1,34753.8,-0.4545,-0.607,145.6,97.0,0.518
17.6,31703.7,34622.8,-1.1968,-0.9291,145.6,97.0,0.518
17.62,31761.8,34573.4,-0.9616,-1.0507,145.6,97.0,0.518
17.64,31706.4,34517.2,-1.1856,-1.1891,145.6,97.0,0.518
17.66,31743.4,34435.8,-1.036,-1.3892,145.6,97.0,0.518
17.68,31759.2,34578.5,-0.972,-1.0382,145.6,97.0,0.518
17.7,31876.4,34880.1,-0.4979,-0.2962,145.6,97.0,0.518
17.72,32100.0,35206.5,0.4071,0.5067,145.6,97.0,0.518
17.74,32293.3,35555.9,1.1893,1.3664,145.6,97.0,0.518
17.76,32322.2,35737.1,1.3064,1.8122,145.6,97.0,0.518
17.78,32388.5,35816.1,1.5746,2.0064,145.6,97.0,0.518
17.8,32316.5,35565.0,1.2832,1.3888,145.6,97.0,0.518
17.82,32207.2,35378.3,0.8409,0.9294,145.6,97.0,0.518
17.84,32059.7,35249.7,0.2441,0.613,145.6,97.0,0.518
17.86,32091.3,35176.7,0.3718,0.4335,145.6,97.0,0.518
17.88,32078.0,35108.5,0.3182,0.2657,145.6,97.0,0.518
17.9,32039.9,35120.2,0.1637,0.2944,145.6,97.0,0.518
17.92,31960.4,34965.6,-0.1578,-0.0859,145.6,97.0,0.518
17.94,31900.6,34787.0,-0.4,-0.5253,145.6,97.0,0.518
17.96,31908.3,34687.8,-0.3687,-0.7694,145.6,97.0,0.518
17.98,31791.1,34660.3,-0.8432,-0.8369,145.6,97.0,0.518
18.0,31853.3,34637.4,-0.5913,-0.8933,145.6,97.0,0.518
18.02,31914.5,34668.5,-0.3436,-0.8167,145.6,97.0,0.518
18.04,31795.7,34520.8,-0.8242,-1.1802,145.6,97.0,0.518
18.06,31785.1,34462.7,-0.8671,-1.3232,145.6,97.0,0.518
18.08,31824.5,34449.4,-0.7078,-1.3559,145.6,97.0,0.518
18.1,31831.8,34599.7,-0.6781,-0.9861,145.6,97.0,0.518
18.12,31966.9,34993.3,-0.1317,-0.0177,145.6,97.0,0.518
18.14,32094.8,35378.1,0.3862,0.929,145.6,97.0,0.518
18.16,32404.0,35685.3,1.6374,1.6848,145.6,97.0,0.518
18.18,32378.8,35753.8,1.5352,1.8532,145.6,97.0,0.518
18.2,32310.6,35678.1,1.2592,1.6669,145.6,97.0,0.518
18.22,32251.6,35498.4,1.0204,1.2248,145.6,97.0,0.518
18.24,32062.5,35366.6,0.2554,0.9006,145.6,97.0,0.518
18.26,32048.0,35171.4,0.1968,0.4203,145.6,97.0,0.518
18.28,32082.3,35124.0,0.3354,0.3038,145.6,97.0,0.518
18.3,31993.9,34993.1,-0.0224,-0.0182,145.6,97.0,0.518
18.32,31989.7,34929.0,-0.0393,-0.176,145.6,97.0,0.518
18.34,31839.6,34887.6,-0.6469,-0.2779,145.6,97.0,0.518
18.36,31906.0,34780.2,-0.3778,-0.5419,145.6,97.0,0.518
18.38,31854.3,34761.6,-0.5872,-0.5877,145.6,97.0,0.518
18.4,31838.8,34660.6,-0.6499,-0.8362,145.6,97.0,0.518
18.42,31872.9,34642.7,-0.5118,-0.8803,145.6,97.0,0.518
18.44,31790.1,34677.1,-0.847,-0.7957,145.6,97.0,0.518
18.46,31789.4,34514.3,-0.8499,-1.1962,145.6,97.0,0.518
18.48,31734.9,34509.6,-1.0704,-1.2077,145.6,97.0,0.518
18.5,31814.1,34542.4,-0.75,-1.127,145.6,97.0,0.518
18.52,31883.4,34729.5,-0.4693,-0.6668,145.6,97.0,0.518
18.54,32089.1,35050.5,0.3628,0.1229,145.6,97.0,0.518
18.56,32272.9,35466.1,1.107,1.1455,145.6,97.0,0.518
18.58,32338.0,35792.4,1.3704,1.9481,145.6,97.0,0.518
18.6,32393.9,35750.1,1.5963,1.8442,145.6,97.0,0.518
18.62,32317.8,35680.8,1.2885,1.6736,145.6,97.0,0.518
18.64,32203.0,35412.8,0.824,1.0142,145.6,97.0,0.518
18.66,32109.7,35281.5,0.4465,0.6911,145.6,97.0,0.518
18.68,32162.8,35136.9,0.6614,0.3356,145.6,97.0,0.518
18.7,32028.7,35053.5,0.1184,0.1303,145.6,97.0,0.518
18.72,31946.6,35046.3,-0.2136,0.1127,145.6,97.0,0.518
18.74,31992.7,34914.8,-0.0272,-0.2108,145.6,97.0,0.518
18.76,31967.2,34811.5,-0.1304,-0.4651,145.6,97.0,0.518
18.78,31866.3,34711.2,-0.5388,-0.7118,145.6,97.0,0.518
18.8,31832.9,34673.8,-0.6737,-0.8039,145.6,97.0,0.518
18.82,31810.0,34641.8,-0.7664,-0.8825,145.6,97.0,0.518
18.84,31770.1,34708.8,-0.9279,-0.7177,145.6,97.0,0.518
18.86,31674.7,34565.2,-1.3142,-1.0709,145.6,97.0,0.518
18.88,31638.7,34544.7,-1.4599,-1.1213,145.6,97.0,0.518
18.9,31769.2,34526.3,-0.9315,-1.1666,145.6,97.0,0.518
18.92,31866.7,34554.4,-0.5372,-1.0976,145.6,97.0,0.518
18.94,31929.6,34972.7,-0.2824,-0.0683,145.6,97.0,0.518
18.96,32135.9,35324.9,0.5523,0.798,145.6,97.0,0.518
18.98,32312.0,35681.1,1.265,1.6745,145.6,97.0,0.518
19.0,32388.4,35818.3,1.5743,2.0118,145.6,97.0,0.518
19.02,32291.2,35644.2,1.181,1.5836,145.6,97.0,0.518
19.04,32255.8,35645.2,1.0376,1.586,145.6,97.0,0.518
19.06,32102.9,35323.1,0.4187,0.7936,145.6,97.0,0.518
19.08,31994.0,35123.1,-0.0219,0.3015,145.6,97.0,0.518
19.1,32045.1,35142.9,0.1849,0.3502,145.6,97.0,0.518
19.12,32078.9,34966.1,0.3218,-0.0846,145.6,97.0,0.518
19.14,31962.1,35034.6,-0.1508,0.0839,145.6,97.0,0.518
19.16,31976.4,34876.9,-0.093,-0.304,145.6,97.0,0.518
19.18,31912.1,34786.7,-0.3533,-0.5261,145.6,97.0,0.518
19.2,31939.7,34667.1,-0.2417,-0.8202,145.6,97.0,0.518
19.22,31962.5,34659.9,-0.1495,-0.8379,145.6,97.0,0.518
19.24,31874.5,34692.7,-0.5053,-0.7573,145.6,97.0,0.518
19.26,31790.5,34576.4,-0.8455,-1.0434,145.6,97.0,0.518
19.28,31679.5,34421.4,-1.2948,-1.4246,145.6,97.0,0.518
19.3,31666.1,34440.2,-1.3489,-1.3785,145.6,97.0,0.518
19.32,31808.0,34533.9,-0.7745,-1.148,145.6,97.0,0.518
19.34,31893.2,34707.8,-0.43,-0.7202,145.6,97.0,0.518
19.36,32063.9,34950.6,0.2611,-0.1228,145.6,97.0,0.518
19.38,32201.1,35448.3,0.8164,1.1017,145.6,97.0,0.518
19.4,32360.2,35695.1,1.4601,1.7087,145.6,97.0,0.518
19.42,32365.2,35747.6,1.4804,1.838,145.6,97.0,0.518
19.44,32254.7,35722.6,1.0331,1.7763,145.6,97.0,0.518
19.46,32241.3,35583.2,0.9789,1.4336,145.6,97.0,0.518
19.48,32155.6,35265.5,0.6321,0.6519,145.6,97.0,0.518
19.5,31942.6,35187.9,-0.2298,0.461,145.6,97.0,0.518
19.52,31940.5,35157.2,-0.2383,0.3854,145.6,97.0,0.518
19.54,31995.3,35025.1,-0.0168,0.0604,145.6,97.0,0.518
19.56,31908.5,34961.1,-0.368,-0.0969,145.6,97.0,0.518
19.58,31863.9,34953.9,-0.5484,-0.1147,145.6,97.0,0.518
19.6,31811.2,34727.7,-0.7615,-0.6713,145.6,97.0,0.518
19.62,31749.6,34687.5,-1.011,-0.7701,145.6,97.0,0.518
19.64,31871.6,34632.9,-0.5171,-0.9043,145.6,97.0,0.518
19.66,31944.4,34657.9,-0.2225,-0.8429,145.6,97.0,0.518
19.68,31867.4,34517.0,-0.5341,-1.1896,145.6,97.0,0.518
19.7,31755.4,34419.6,-0.9874,-1.4291,145.6,97.0,0.518
19.72,31709.4,34449.5,-1.1738,-1.3555,145.6,97.0,0.518
19.74,31884.0,34460.0,-0.4672,-1.3298,145.6,97.0,0.518
19.76,31947.9,34796.8,-0.2084,-0.5011,145.6,97.0,0.518
19.78,32128.1,35254.0,0.5208,0.6236,145.6,97.0,0.518
19.8,32329.1,35535.5,1.3343,1.3161,145.6,97.0,0.518
19.82,32348.5,35669.0,1.4127,1.6445,145.6,97.0,0.518
19.84,32330.3,35815.6,1.3391,2.0052,145.6,97.0,0.518
19.86,32212.2,35597.1,0.8612,1.4676,145.6,97.0,0.518
19.88,32169.6,35383.7,0.6888,0.9427,145.6,97.0,0.518
19.9,32057.3,35149.3,0.2343,0.366,145.6,97.0,0.518
19.92,32100.1,35199.1,0.4076,0.4885,145.6,97.0,0.518
19.94,31994.9,35122.3,-0.0181,0.2995,145.6,97.0,0.518
19.96,32040.8,34924.5,0.1674,-0.187,145.6,97.0,0.518
19.98,31944.1,34903.6,-0.224,-0.2384,145.6,97.0,0.518
20.0,31921.2,34815.7,-0.3166,-0.4548,145.6,97.0,0.518
20.02,31923.7,34724.2,-0.3062,-0.6799,145.6,97.0,0.518
20.04,31895.9,34653.9,-0.4188,-0.8528,145.6,97.0,0.518
20.06,31800.0,34679.7,-0.8069,-0.7892,145.6,97.0,0.518
20.08,31884.0,34565.9,-0.4669,-1.0691,145.6,97.0,0.518
20.1,31872.8,34669.0,-0.5126,-0.8155,145.6,97.0,0.518
20.12,31731.7,34407.5,-1.0832,-1.4589,145.6,97.0,0.518
20.14,31758.2,34442.8,-0.9763,-1.372,145.6,97.0,0.518
20.16,31819.7,34579.0,-0.7274,-1.037,145.6,97.0,0.518
20.18,32083.0,34996.7,0.3381,-0.0094,145.6,97.0,0.518
20.2,32233.2,35342.8,0.9462,0.842,145.6,97.0,0.518
20.22,32249.3,35616.9,1.0114,1.5163,145.6,97.0,0.518
20.24,32296.6,35792.3,1.2029,1.9478,145.6,97.0,0.518
20.26,32287.6,35733.6,1.1661,1.8034,145.6,97.0,0.518
20.28,32217.0,35500.6,0.8805,1.2303,145.6,97.0,0.518
20.3,32154.2,35319.3,0.6266,0.7844,145.6,97.0,0.518
20.32,32178.7,35229.6,0.7256,0.5635,145.6,97.0,0.518
20.34,32021.8,35069.1,0.0905,0.1687,145.6,97.0,0.518
20.36,32078.9,35084.0,0.3218,0.2054,145.6,97.0,0.518
20.38,31976.5,34949.6,-0.0925,-0.1252,145.6,97.0,0.518
20.4,31844.4,34819.1,-0.6274,-0.4462,145.6,97.0,0.518
20.42,31878.2,34737.5,-0.4904,-0.647,145.6,97.0,0.518
20.44,31922.4,34719.4,-0.3118,-0.6916,145.6,97.0,0.518
20.46,31805.6,34748.9,-0.7844,-0.619,145.6,97.0,0.518
20.48,31887.3,34601.1,-0.4538,-0.9827,145.6,97.0,0.518
20.5,31854.4,34535.0,-0.5869,-1.1452,145.6,97.0,0.518
20.52,31674.9,34436.0,-1.3133,-1.3888,145.6,97.0,0.518
20.54,31725.9,34428.9,-1.1069,-1.4063,145.6,97.0,0.518
20.56,31757.5,34488.0,-0.9789,-1.2608,145.6,97.0,0.518
20.58,31869.5,34808.7,-0.5257,-0.4718,145.6,97.0,0.518
20.6,32083.7,35152.4,0.341,0.3737,145.6,97.0,0.518
20.62,32270.3,35521.2,1.0963,1.281,145.6,97.0,0.518
20.64,32327.7,35759.0,1.3284,1.866,145.6,97.0,0.518
20.66,32383.4,35660.7,1.554,1.6243,145.6,97.0,0.518
20.68,32249.1,35622.6,1.0104,1.5304,145.6,97.0,0.518
20.7,32209.3,35403.4,0.8494,0.9911,145.6,97.0,0.518
20.72,32132.4,35271.6,0.5381,0.6669,145.6,97.0,0.518
20.74,31988.8,35207.0,-0.0431,0.508,145.6,97.0,0.518
20.76,32123.8,35043.3,0.5036,0.1051,145.6,97.0,0.518
20.78,31974.7,35071.0,-0.1,0.1734,145.6,97.0,0.518
20.8,31953.7,34977.0,-0.1849,-0.0577,145.6,97.0,0.518
20.82,31965.2,34745.1,-0.1384,-0.6283,145.6,97.0,0.518
20.84,31797.6,34693.3,-0.8166,-0.7558,145.6,97.0,0.518
20.86,31867.6,34713.2,-0.5335,-0.7069,145.6,97.0,0.518
20.88,31843.7,34651.0,-0.6302,-0.8598,145.6,97.0,0.518
20.9,31830.0,34616.1,-0.6855,-0.9458,145.6,97.0,0.518
20.92,31786.3,34589.8,-0.8624,-1.0105,145.6,97.0,0.518
20.94,31795.0,34476.5,-0.8274,-1.2891,145.6,97.0,0.518
20.96,31700.5,34524.2,-1.2097,-1.1718,145.6,97.0,0.518
20.98,31822.7,34662.0,-0.715,-0.8327,145.6,97.0,0.518
21.0,31918.4,34838.6,-0.3278,-0.3985,145.6,97.0,0.518
21.02,32206.5,35256.5,0.8379,0.6298,145.6,97.0,0.518
21.04,32186.9,35629.9,0.7586,1.5485,145.6,97.0,0.518
21.06,32334.9,35674.3,1.3577,1.6576,145.6,97.0,0.518
21.08,32459.4,35671.3,1.8614,1.6503,145.6,97.0,0.518
21.1,32246.1,35547.6,0.9983,1.3458,145.6,97.0,0.518
21.12,32197.9,35369.5,0.8034,0.9077,145.6,97.0,0.518
21.14,32086.8,35238.6,0.3537,0.5857,145.6,97.0,0.518
21.16,31953.2,35080.3,-0.1868,0.1964,145.6,97.0,0.518
21.18,32011.2,35096.0,0.0479,0.2349,145.6,97.0,0.518
21.2,32012.6,34924.3,0.0532,-0.1875,145.6,97.0,0.518
21.22,31919.3,34952.1,-0.3242,-0.119,145.6,97.0,0.518
21.24,31802.3,34677.7,-0.7975,-0.7941,145.6,97.0,0.518
21.26,31878.6,34722.6,-0.4887,-0.6838,145.6,97.0,0.518
21.28,31879.7,34746.3,-0.4842,-0.6255,145.6,97.0,0.518
21.3,31864.9,34707.9,-0.5443,-0.7199,145.6,97.0,0.518
21.32,31810.4,34589.4,-0.7648,-1.0114,145.6,97.0,0.518
21.34,31782.9,34535.0,-0.8763,-1.1452,145.6,97.0,0.518
21.36,31722.6,34460.2,-1.1202,-1.3291,145.6,97.0,0.518
21.38,31737.7,34461.0,-1.0589,-1.3274,145.6,97.0,0.518
21.4,31810.6,34731.1,-0.7639,-0.6629,145.6,97.0,0.518
21.42,32080.6,35074.7,0.3287,0.1824,145.6,97.0,0.518
21.44,32216.8,35360.7,0.8798,0.8862,145.6,97.0,0.518
21.46,32302.7,35629.3,1.2273,1.5469,145.6,97.0,0.518
21.48,32341.2,35666.3,1.3833,1.6378,145.6,97.0,0.518
21.5,32406.4,35639.8,1.6469,1.5727,145.6,97.0,0.518
21.52,32168.6,35421.7,0.6847,1.0362,145.6,97.0,0.518
21.54,32148.6,35296.4,0.6039,0.728,145.6,97.0,0.518
21.56,32080.5,35077.7,0.3283,0.1898,145.6,97.0,0.518
21.58,31956.0,35169.5,-0.1755,0.4158,145.6,97.0,0.518
21.6,32061.1,35052.4,0.2495,0.1277,145.6,97.0,0.518
21.62,31922.8,34925.1,-0.3101,-0.1856,145.6,97.0,0.518
21.64,31944.1,34823.2,-0.2238,-0.4362,145.6,97.0,0.518
21.66,31836.5,34694.4,-0.6593,-0.753,145.6,97.0,0.518
21.68,31819.5,34686.9,-0.7279,-0.7715,145.6,97.0,0.518
21.7,31822.5,34646.3,-0.7159,-0.8714,145.6,97.0,0.518
21.72,31917.8,34604.6,-0.3303,-0.9741,145.6,97.0,0.518
21.74,31796.0,34653.2,-0.8234,-0.8544,145.6,97.0,0.518
21.76,31749.5,34540.7,-1.0115,-1.1313,145.6,97.0,0.518
21.78,31747.1,34485.1,-1.0209,-1.268,145.6,97.0,0.518
21.8,31809.6,34529.7,-0.7682,-1.1583,145.6,97.0,0.518
21.82,31902.4,34857.2,-0.3928,-0.3525,145.6,97.0,0.518
21.84,32021.9,35211.2,0.0912,0.5183,145.6,97.0,0.518
21.86,32262.2,35550.6,1.0634,1.3533,145.6,97.0,0.518
21.88,32294.1,35757.3,1.1927,1.8617,145.6,97.0,0.518
21.9,32369.7,35669.4,1.4985,1.6456,145.6,97.0,0.518
21.92,32357.1,35526.0,1.4476,1.2927,145.6,97.0,0.518
21.94,32212.6,35367.4,0.8629,0.9026,145.6,97.0,0.518
21.96,32107.4,35166.0,0.437,0.407,145.6,97.0,0.518
21.98,32041.3,35062.7,0.1695,0.153,145.6,97.0,0.518
22.0,32090.0,34998.1,0.3668,-0.006,145.6,97.0,0.518
22.02,31939.8,34878.3,-0.2412,-0.3007,145.6,97.0,0.518
22.04,31993.3,34923.9,-0.0249,-0.1884,145.6,97.0,0.518
22.06,32033.6,34797.1,0.1385,-0.5005,145.6,97.0,0.518
22.08,31882.5,34687.4,-0.4733,-0.7704,145.6,97.0,0.518
22.1,31825.3,34689.5,-0.7046,-0.7652,145.6,97.0,0.518
22.12,31857.3,34671.5,-0.5751,-0.8094,145.6,97.0,0.518
22.14,31872.4,34631.5,-0.5138,-0.9078,145.6,97.0,0.518
22.16,31813.0,34528.8,-0.7543,-1.1604,145.6,97.0,0.518
22.18,31826.7,34401.1,-0.6988,-1.4746,145.6,97.0,0.518
22.2,31720.8,34475.5,-1.1276,-1.2915,145.6,97.0,0.518
22.22,31891.8,34653.7,-0.4354,-0.8533,145.6,97.0,0.518
22.24,31982.1,34971.8,-0.0699,-0.0707,145.6,97.0,0.518
22.26,32207.7,35371.6,0.8428,0.9128,145.6,97.0,0.518
22.28,32311.0,35534.3,1.2612,1.3131,145.6,97.0,0.518
22.3,32329.5,35715.5,1.336,1.7589,145.6,97.0,0.518
22.32,32340.8,35784.8,1.3815,1.9294,145.6,97.0,0.518
22.34,32172.2,35501.8,0.6991,1.2333,145.6,97.0,0.518
22.36,32196.1,35268.8,0.796,0.66,145.6,97.0,0.518
22.38,32199.1,35160.9,0.808,0.3947,145.6,97.0,0.518
22.4,32099.5,35052.8,0.4051,0.1285,145.6,97.0,0.518
22.42,32062.5,34989.5,0.2554,-0.027,145.6,97.0,0.518
22.44,32010.2,34995.8,0.0435,-0.0117,145.6,97.0,0.518
22.46,32010.4,34764.3,0.0447,-0.5812,145.6,97.0,0.518
22.48,31918.8,34734.3,-0.3263,-0.6548,145.6,97.0,0.518
22.5,31869.7,34726.3,-0.5248,-0.6746,145.6,97.0,0.518
22.52,31815.3,34683.4,-0.7452,-0.7802,145.6,97.0,0.518
22.54,31844.7,34716.4,-0.6262,-0.699,145.6,97.0,0.518
22.56,31759.8,34644.8,-0.9696,-0.8752,145.6,97.0,0.518
22.58,31833.0,34527.2,-0.6732,-1.1644,145.6,97.0,0.518
22.6,31684.0,34437.2,-1.2764,-1.3858,145.6,97.0,0.518
22.62,31758.8,34525.8,-0.9736,-1.1679,145.6,97.0,0.518
22.64,31897.7,34716.6,-0.4118,-0.6985,145.6,97.0,0.518
22.66,32079.2,35149.7,0.3228,0.3671,145.6,97.0,0.518
22.68,32373.7,35516.3,1.5148,1.2688,145.6,97.0,0.518
22.7,32279.9,35630.7,1.135,1.5504,145.6,97.0,0.518
22.72,32230.4,35731.3,0.9347,1.7978,145.6,97.0,0.518
22.74,32252.3,35671.2,1.0236,1.6499,145.6,97.0,0.518
22.76,32162.2,35407.0,0.6588,1.0,145.6,97.0,0.518
22.78,32086.7,35239.5,0.3534,0.5878,145.6,97.0,0.518
22.8,32077.3,35145.2,0.3152,0.356,145.6,97.0,0.518
22.82,32038.0,35149.9,0.156,0.3675,145.6,97.0,0.518
22.84,32046.3,34969.6,0.1899,-0.0759,145.6,97.0,0.518
22.86,31916.5,34877.1,-0.3355,-0.3036,145.6,97.0,0.518
22.88,31905.4,34859.1,-0.3805,-0.3479,145.6,97.0,0.518
22.9,31882.9,34706.0,-0.4713,-0.7245,145.6,97.0,0.518
22.92,31828.4,34674.7,-0.6922,-0.8015,145.6,97.0,0.518
22.94,31808.2,34722.7,-0.7737,-0.6834,145.6,97.0,0.518
22.96,31810.4,34698.4,-0.765,-0.7432,145.6,97.0,0.518
22.98,31856.8,34617.7,-0.577,-0.9417,145.6,97.0,0.518
23.0,31798.8,34423.5,-0.8117,-1.4196,145.6,97.0,0.518
23.02,31797.9,34459.0,-0.8156,-1.3323,145.6,97.0,0.518
23.04,31813.3,34638.2,-0.7531,-0.8913,145.6,97.0,0.518
23.06,31951.3,34907.7,-0.1949,-0.2283,145.6,97.0,0.518
23.08,32105.6,35286.2,0.4297,0.7029,145.6,97.0,0.518
23.1,32287.7,35615.0,1.1667,1.5118,145.6,97.0,0.518
23.12,32358.5,35738.2,1.453,1.8148,145.6,97.0,0.518
23.14,32302.8,35733.6,1.2279,1.8035,145.6,97.0,0.518
23.16,32272.8,35516.5,1.1064,1.2694,145.6,97.0,0.518
23.18,32224.7,35326.4,0.9116,0.8017,145.6,97.0,0.518
23.2,32192.0,35181.7,0.7795,0.4457,145.6,97.0,0.518
23.22,32040.6,35164.0,0.1666,0.4021,145.6,97.0,0.518
23.24,32022.0,35072.1,0.0914,0.1761,145.6,97.0,0.518
23.26,31989.0,34938.7,-0.0422,-0.152,145.6,97.0,0.518
23.28,31934.1,34884.3,-0.2643,-0.2859,145.6,97.0,0.518
23.3,31825.7,34758.6,-0.7029,-0.5953,145.6,97.0,0.518
23.32,31846.8,34674.9,-0.6176,-0.8012,145.6,97.0,0.518
23.34,31849.0,34757.9,-0.6087,-0.5968,145.6,97.0,0.518
23.36,31884.2,34656.9,-0.4663,-0.8453,145.6,97.0,0.518
23.38,31939.4,34653.0,-0.2428,-0.855,145.6,97.0,0.518
23.4,31723.1,34435.3,-1.1184,-1.3904,145.6,97.0,0.518
23.42,31683.1,34431.2,-1.28,-1.4006,145.6,97.0,0.518
23.44,31739.3,34455.2,-1.0524,-1.3415,145.6,97.0,0.518
23.46,31875.4,34743.6,-0.5019,-0.6321,145.6,97.0,0.518
23.48,32006.6,35057.6,0.0293,0.1405,145.6,97.0,0.518
23.5,32179.5,35454.1,0.7286,1.1159,145.6,97.0,0.518
23.52,32391.5,35679.0,1.5869,1.6692,145.6,97.0,0.518
23.54,32347.9,35790.1,1.4105,1.9426,145.6,97.0,0.518
23.56,32260.0,35686.1,1.0548,1.6867,145.6,97.0,0.518
23.58,32209.4,35326.7,0.85,0.8025,145.6,97.0,0.518
23.6,32133.6,35282.3,0.5429,0.6931,145.6,97.0,0.518
23.62,32080.4,35159.5,0.3279,0.3911,145.6,97.0,0.518
23.64,32039.5,35123.8,0.1624,0.3032,145.6,97.0,0.518
23.66,32012.3,35083.2,0.0522,0.2033,145.6,97.0,0.518
23.68,32083.9,34882.4,0.342,-0.2906,145.6,97.0,0.518
23.7,31911.3,34726.3,-0.3567,-0.6746,145.6,97.0,0.518
23.72,31871.5,34784.3,-0.5177,-0.5318,145.6,97.0,0.518
23.74,31811.2,34711.7,-0.7614,-0.7106,145.6,97.0,0.518
23.76,31770.5,34622.1,-0.9263,-0.9309,145.6,97.0,0.518
23.78,31793.6,34691.7,-0.8328,-0.7597,145.6,97.0,0.518
23.8,31783.2,34575.0,-0.875,-1.0468,145.6,97.0,0.518
23.82,31778.9,34462.4,-0.8925,-1.3237,145.6,97.0,0.518
23.84,31856.9,34489.8,-0.5765,-1.2563,145.6,97.0,0.518
23.86,31772.7,34574.7,-0.9173,-1.0476,145.6,97.0,0.518
23.88,31926.5,34859.7,-0.295,-0.3465,145.6,97.0,0.518
23.9,32075.5,35265.7,0.308,0.6524,145.6,97.0,0.518
23.92,32339.9,35544.4,1.3778,1.338,145.6,97.0,0.518
23.94,32320.7,35788.2,1.3003,1.9379,145.6,97.0,0.518
23.96,32346.2,35734.9,1.4036,1.8067,145.6,97.0,0.518
23.98,32153.9,35620.2,0.6251,1.5245,145.6,97.0,0.518
24.0,32255.1,35350.1,1.0349,0.8599,145.6,97.0,0.518
24.02,32137.6,35150.9,0.5591,0.3701,145.6,97.0,0.518
24.04,32121.8,35081.0,0.4953,0.1979,145.6,97.0,0.518
24.06,32047.3,35000.7,0.1936,0.0005,145.6,97.0,0.518
24.08,31965.4,35011.8,-0.1375,0.0277,145.6,97.0,0.518
24.1,31984.0,34874.9,-0.0625,-0.3091,145.6,97.0,0.518
24.12,31881.5,34736.6,-0.4773,-0.6493,145.6,97.0,0.518
24.14,31864.8,34767.6,-0.5446,-0.573,145.6,97.0,0.518
24.16,31904.8,34674.9,-0.383,-0.801,145.6,97.0,0.518
24.18,31886.5,34700.3,-0.4567,-0.7386,145.6,97.0,0.518
24.2,31816.4,34569.9,-0.7406,-1.0593,145.6,97.0,0.518
24.22,31741.8,34466.5,-1.0425,-1.3137,145.6,97.0,0.518
24.24,31693.4,34390.5,-1.2382,-1.5008,145.6,97.0,0.518
24.26,31840.1,34514.3,-0.6447,-1.1961,145.6,97.0,0.518
24.28,31820.5,34655.2,-0.7239,-0.8495,145.6,97.0,0.518
24.3,32046.2,34989.1,0.1895,-0.0282,145.6,97.0,0.518
24.32,32138.3,35337.5,0.5621,0.8291,145.6,97.0,0.518
24.34,32233.7,35731.2,0.9482,1.7975,145.6,97.0,0.518
24.36,32396.8,35792.6,1.6083,1.9486,145.6,97.0,0.518
24.38,32314.4,35701.0,1.2749,1.7233,145.6,97.0,0.518
24.4,32223.5,35468.0,0.9071,1.1501,145.6,97.0,0.518
24.42,32138.7,35278.4,0.5638,0.6835,145.6,97.0,0.518
24.44,32028.8,35154.5,0.1191,0.3788,145.6,97.0,0.518
24.46,32100.8,35127.7,0.4104,0.3128,145.6,97.0,0.518
24.48,31944.1,35023.1,-0.2236,0.0556,145.6,97.0,0.518
24.5,31929.4,34895.0,-0.2831,-0.2596,145.6,97.0,0.518
24.52,32004.8,34843.6,0.0219,-0.3861,145.6,97.0,0.518
24.54,31901.9,34720.9,-0.3946,-0.6879,145.6,97.0,0.518
24.56,31862.0,34719.4,-0.5562,-0.6917,145.6,97.0,0.518
24.58,31823.0,34798.9,-0.7138,-0.4961,145.6,97.0,0.518
24.6,31809.7,34646.0,-0.7678,-0.8722,145.6,97.0,0.518
24.62,31810.6,34627.2,-0.7639,-0.9184,145.6,97.0,0.518
24.64,31791.5,34442.5,-0.8412,-1.3727,145.6,97.0,0.518
24.66,31740.8,34475.2,-1.0467,-1.2923,145.6,97.0,0.518
24.68,31791.1,34514.2,-0.8429,-1.1963,145.6,97.0,0.518
24.7,31816.7,34768.6,-0.7393,-0.5704,145.6,97.0,0.518
24.72,32087.6,35228.8,0.3569,0.5616,145.6,97.0,0.518
24.74,32185.3,35518.7,0.7523,1.2747,145.6,97.0,0.518
24.76,32348.0,35705.0,1.4108,1.7331,145.6,97.0,0.518
24.78,32198.6,35716.2,0.8061,1.7608,145.6,97.0,0.518
24.8,32289.4,35657.6,1.1736,1.6166,145.6,97.0,0.518
24.82,32195.8,35420.9,0.7948,1.0343,145.6,97.0,0.518
24.84,32231.4,35103.0,0.9389,0.2521,145.6,97.0,0.518
24.86,31971.2,35170.0,-0.1142,0.4169,145.6,97.0,0.518
24.88,31985.2,35131.2,-0.0575,0.3216,145.6,97.0,0.518
24.9,32107.9,35060.7,0.439,0.148,145.6,97.0,0.518
24.92,31889.5,34921.2,-0.4448,-0.195,145.6,97.0,0.518
24.94,31860.7,34719.9,-0.5612,-0.6904,145.6,97.0,0.518
24.96,31834.4,34636.9,-0.6676,-0.8945,145.6,97.0,0.518
24.98,31812.8,34720.9,-0.7551,-0.6879,145.6,97.0,0.518
25.0,31762.0,34659.6,-0.9608,-0.8387,145.6,97.0,0.518
25.02,31771.1,34678.4,-0.924,-0.7924,145.6,97.0,0.518
25.04,31837.6,34472.9,-0.655,-1.2979,145.6,97.0,0.518
25.06,31686.4,34419.5,-1.2667,-1.4295,145.6,97.0,0.518
25.08,31831.9,34469.4,-0.6781,-1.3066,145.6,97.0,0.518
25.1,31866.3,34520.5,-0.5385,-1.181,145.6,97.0,0.518
25.12,31878.3,34926.9,-0.4902,-0.1811,145.6,97.0,0.518
25.14,32234.9,35254.6,0.9528,0.625,145.6,97.0,0.518
25.16,32269.9,35647.3,1.0947,1.5913,145.6,97.0,0.518
25.18,32295.1,35720.6,1.1968,1.7715,145.6,97.0,0.518
25.2,32226.9,35635.1,0.9205,1.5611,145.6,97.0,0.518
25.22,32272.5,35485.5,1.1052,1.1932,145.6,97.0,0.518
25.24,32127.2,35220.8,0.5172,0.542,145.6,97.0,0.518
25.26,32100.1,35154.3,0.4076,0.3784,145.6,97.0,0.518
25.28,32062.7,35104.0,0.256,0.2546,145.6,97.0,0.518
25.3,32070.8,35071.7,0.2887,0.175,145.6,97.0,0.518
25.32,32024.4,34856.1,0.101,-0.3553,145.6,97.0,0.518
25.34,31886.7,34918.6,-0.4563,-0.2014,145.6,97.0,0.518
25.36,31920.1,34772.6,-0.3211,-0.5607,145.6,97.0,0.518
25.38,31907.6,34711.3,-0.3716,-0.7115,145.6,97.0,0.518
25.4,31903.6,34713.0,-0.3875,-0.7074,145.6,97.0,0.518
25.42,31769.0,34660.2,-0.9325,-0.8373,145.6,97.0,0.518
25.44,31816.4,34573.5,-0.7408,-1.0506,145.6,97.0,0.518
25.46,31697.9,34469.9,-1.2203,-1.3055,145.6,97.0,0.518
25.48,31742.6,34546.4,-1.0391,-1.1172,145.6,97.0,0.518
25.5,31829.7,34575.1,-0.6869,-1.0465,145.6,97.0,0.518
25.52,31849.6,34632.8,-0.6061,-0.9047,145.6,97.0,0.518
25.54,32071.7,35003.1,0.2927,0.0063,145.6,97.0,0.518
25.56,32208.0,35374.0,0.8441,0.9189,145.6,97.0,0.518
25.58,32348.5,35568.6,1.4127,1.3977,145.6,97.0,0.518
25.6,32294.6,35729.6,1.1947,1.7936,145.6,97.0,0.518
25.62,32245.8,35724.5,0.9972,1.781,145.6,97.0,0.518
25.64,32225.0,35525.3,0.9131,1.2911,145.6,97.0,0.518
25.66,32111.4,35217.7,0.4533,0.5343,145.6,97.0,0.518
25.68,32011.4,35102.4,0.0486,0.2507,145.6,97.0,0.518
25.7,31968.5,35095.6,-0.1251,0.2339,145.6,97.0,0.518
25.72,32150.5,35022.4,0.6114,0.0538,145.6,97.0,0.518
25.74,31974.4,34999.0,-0.1011,-0.0038,145.6,97.0,0.518
25.76,31991.4,34800.0,-0.0325,-0.4933,145.6,97.0,0.518
25.78,31847.3,34797.9,-0.6154,-0.4985,145.6,97.0,0.518
25.8,31881.5,34726.7,-0.477,-0.6737,145.6,97.0,0.518
25.82,31843.6,34674.0,-0.6307,-0.8032,145.6,97.0,0.518
25.84,31853.0,34628.8,-0.5925,-0.9145,145.6,97.0,0.518
25.86,31864.3,34640.1,-0.5466,-0.8867,145.6,97.0,0.518
25.88,31807.7,34510.4,-0.7757,-1.2056,145.6,97.0,0.518
25.9,31695.7,34476.3,-1.2292,-1.2897,145.6,97.0,0.518
25.92,31750.4,34556.2,-1.0075,-1.0931,145.6,97.0,0.518
25.94,32027.8,34799.3,0.1149,-0.4949,145.6,97.0,0.518
25.96,32107.3,35237.1,0.4365,0.5821,145.6,97.0,0.518
25.98,32183.4,35488.0,0.7446,1.1993,145.6,97.0,0.518
26.0,32347.0,35744.9,1.4068,1.8313,145.6,97.0,0.518
26.02,32272.4,35699.6,1.1047,1.7198,145.6,97.0,0.518
26.04,32268.7,35607.9,1.0896,1.4942,145.6,97.0,0.518
26.06,32217.4,35354.3,0.8822,0.8704,145.6,97.0,0.518
26.08,32058.8,35258.7,0.2404,0.6351,145.6,97.0,0.518
26.1,32075.9,35101.8,0.3095,0.2491,145.6,97.0,0.518
26.12,32133.4,35111.3,0.5424,0.2725,145.6,97.0,0.518
26.14,31994.1,34960.2,-0.0216,-0.0991,145.6,97.0,0.518
26.16,31935.9,34875.6,-0.2572,-0.3074,145.6,97.0,0.518
26.18,31953.7,34810.7,-0.1849,-0.4671,145.6,97.0,0.518
26.2,31958.4,34718.3,-0.1661,-0.6944,145.6,97.0,0.518
26.22,31835.9,34716.4,-0.6617,-0.6989,145.6,97.0,0.518
26.24,31793.4,34725.3,-0.8339,-0.677,145.6,97.0,0.518
26.26,31847.5,34669.1,-0.6149,-0.8153,145.6,97.0,0.518
26.28,31738.1,34491.7,-1.0574,-1.2518,145.6,97.0,0.518
26.3,31749.9,34466.1,-1.0098,-1.3149,145.6,97.0,0.518
26.32,31737.8,34440.3,-1.0586,-1.3781,145.6,97.0,0.518
26.34,31887.7,34575.2,-0.4523,-1.0464,145.6,97.0,0.518
26.36,31944.7,34939.2,-0.2213,-0.1509,145.6,97.0,0.518
26.38,32206.7,35364.1,0.8388,0.8945,145.6,97.0,0.518
26.4,32336.5,35601.0,1.3641,1.4773,145.6,97.0,0.518
26.42,32406.7,35741.2,1.6481,1.8221,145.6,97.0,0.518
26.44,32367.1,35688.0,1.4882,1.6913,145.6,97.0,0.518
26.46,32200.7,35498.4,0.8145,1.225,145.6,97.0,0.518
26.48,32132.0,35299.6,0.5364,0.7359,145.6,97.0,0.518
26.5,32064.9,35149.3,0.2651,0.3662,145.6,97.0,0.518
26.52,32128.4,35181.3,0.5221,0.4447,145.6,97.0,0.518
26.54,32070.6,35069.7,0.2883,0.1702,145.6,97.0,0.518
26.56,31967.0,34934.1,-0.1312,-0.1634,145.6,97.0,0.518
26.58,32000.5,34799.2,0.0045,-0.4952,145.6,97.0,0.518
26.6,31852.9,34671.5,-0.593,-0.8095,145.6,97.0,0.518
26.62,31823.9,34792.6,-0.7104,-0.5116,145.6,97.0,0.518
26.64,31839.0,34674.8,-0.6492,-0.8013,145.6,97.0,0.518
26.66,31903.5,34553.9,-0.3881,-1.0988,145.6,97.0,0.518
26.68,31778.9,34609.5,-0.8922,-0.962,145.6,97.0,0.518
26.7,31754.1,34455.7,-0.9927,-1.3403,145.6,97.0,0.518
26.72,31683.2,34528.3,-1.2798,-1.1618,145.6,97.0,0.518
26.74,31749.1,34526.8,-1.0131,-1.1654,145.6,97.0,0.518
26.76,31845.8,34739.7,-0.6217,-0.6417,145.6,97.0,0.518
26.78,32048.0,35152.2,0.1968,0.3731,145.6,97.0,0.518
26.8,32252.9,35514.9,1.0258,1.2655,145.6,97.0,0.518
26.82,32389.2,35694.2,1.5773,1.7066,145.6,97.0,0.518
26.84,32380.4,35745.4,1.5419,1.8325,145.6,97.0,0.518
26.86,32324.8,35638.0,1.3169,1.5684,145.6,97.0,0.518
26.88,32205.3,35331.4,0.8333,0.8141,145.6,97.0,0.518
26.9,32068.6,35262.3,0.2801,0.644,145.6,97.0,0.518
26.92,32029.0,35093.0,0.1198,0.2275,145.6,97.0,0.518
26.94,32062.8,35110.8,0.2567,0.2712,145.6,97.0,0.518
26.96,31992.6,35086.3,-0.0275,0.2111,145.6,97.0,0.518
26.98,32041.9,34916.6,0.1718,-0.2064,145.6,97.0,0.518
27.0,31847.5,34850.3,-0.6146,-0.3695,145.6,97.0,0.518
27.02,31867.6,34651.3,-0.5332,-0.8592,145.6,97.0,0.518
27.04,31836.8,34591.6,-0.6579,-1.006,145.6,97.0,0.518
27.06,31841.3,34672.6,-0.6399,-0.8066,145.6,97.0,0.518
27.08,31820.2,34567.2,-0.7252,-1.0661,145.6,97.0,0.518
27.1,31814.9,34649.1,-0.7465,-0.8645,145.6,97.0,0.518
27.12,31821.9,34414.7,-0.7184,-1.4412,145.6,97.0,0.518
27.14,31798.9,34485.3,-0.8116,-1.2676,145.6,97.0,0.518
27.16,31808.0,34607.0,-0.7747,-0.9682,145.6,97.0,0.518
27.18,31926.0,34952.7,-0.297,-0.1176,145.6,97.0,0.518
27.2,32093.4,35261.3,0.3803,0.6416,145.6,97.0,0.518
27.22,32330.6,35619.3,1.3404,1.5223,145.6,97.0,0.518
27.24,32363.7,35783.2,1.4744,1.9255,145.6,97.0,0.518
27.26,32329.9,35801.7,1.3376,1.9711,145.6,97.0,0.518
27.28,32243.2,35518.5,0.9867,1.2744,145.6,97.0,0.518
27.3,32161.6,35414.5,0.6562,1.0184,145.6,97.0,0.518
27.32,32048.6,35080.3,0.1989,0.1963,145.6,97.0,0.518
27.34,31969.9,35051.2,-0.1192,0.1246,145.6,97.0,0.518
27.36,32033.9,34931.1,0.1396,-0.1706,145.6,97.0,0.518
27.38,31918.2,35060.5,-0.3288,0.1475,145.6,97.0,0.518
27.4,31952.0,34794.2,-0.1919,-0.5075,145.6,97.0,0.518
27.42,31880.7,34746.9,-0.4802,-0.6239,145.6,97.0,0.518
27.44,31854.5,34693.1,-0.5865,-0.7563,145.6,97.0,0.518
27.46,31926.7,34806.7,-0.2944,-0.4767,145.6,97.0,0.518
27.48,31895.9,34648.5,-0.4191,-0.8659,145.6,97.0,0.518
27.5,31811.3,34668.4,-0.7614,-0.8169,145.6,97.0,0.518
27.52,31799.2,34565.9,-0.8101,-1.0692,145.6,97.0,0.518
27.54,31709.0,34418.0,-1.175,-1.433,145.6,97.0,0.518
27.56,31795.5,34546.0,-0.8253,-1.1181,145.6,97.0,0.518
27.58,31853.1,34696.9,-0.592,-0.747,145.6,97.0,0.518
27.6,32040.7,34961.8,0.1673,-0.0951,145.6,97.0,0.518
27.62,32145.5,35436.1,0.591,1.0716,145.6,97.0,0.518
27.64,32251.4,35684.5,1.0197,1.6827,145.6,97.0,0.518
27.66,32386.1,35677.2,1.5648,1.6647,145.6,97.0,0.518
27.68,32340.4,35635.0,1.3798,1.5609,145.6,97.0,0.518
27.7,32139.6,35438.8,0.5675,1.0783,145.6,97.0,0.518
27.72,32176.8,35240.7,0.718,0.591,145.6,97.0,0.518
27.74,32039.4,35114.7,0.1617,0.2809,145.6,97.0,0.518
27.76,32078.4,35090.4,0.3195,0.2211,145.6,97.0,0.518
27.78,32045.4,35051.0,0.1862,0.1243,145.6,97.0,0.518
27.8,32021.2,34897.7,0.0883,-0.2529,145.6,97.0,0.518
27.82,31914.6,34812.3,-0.343,-0.463,145.6,97.0,0.518
27.84,31850.0,34769.2,-0.6047,-0.5692,145.6,97.0,0.518
27.86,31819.8,34704.6,-0.7267,-0.7279,145.6,97.0,0.518
27.88,31744.8,34699.8,-1.0303,-0.7398,145.6,97.0,0.518
27.9,31852.6,34647.4,-0.5943,-0.8687,145.6,97.0,0.518
27.92,31831.5,34513.0,-0.6795,-1.1994,145.6,97.0,0.518
27.94,31686.4,34440.9,-1.2666,-1.3768,145.6,97.0,0.518
27.96,31672.8,34466.9,-1.3219,-1.3128,145.6,97.0,0.518
27.98,31711.0,34579.6,-1.167,-1.0354,145.6,97.0,0.518
28.0,31869.6,34813.8,-0.5254,-0.4594,145.6,97.0,0.518
28.02,32138.9,35199.8,0.5646,0.4903,145.6,97.0,0.518
28.04,32238.8,35609.8,0.9688,1.4989,145.6,97.0,0.518
28.06,32341.0,35669.5,1.3822,1.6457,145.6,97.0,0.518
28.08,32370.9,35710.2,1.5034,1.746,145.6,97.0,0.518
28.1,32237.3,35632.7,0.9625,1.5552,145.6,97.0,0.518
28.12,32092.2,35417.0,0.3755,1.0245,145.6,97.0,0.518
28.14,32100.5,35178.3,0.4091,0.4375,145.6,97.0,0.518
28.16,32027.4,35177.3,0.1135,0.435,145.6,97.0,0.518
28.18,32116.5,35074.4,0.4737,0.1818,145.6,97.0,0.518
28.2,31983.6,35014.6,-0.0642,0.0346,145.6,97.0,0.518
28.22,31961.8,34866.1,-0.152,-0.3307,145.6,97.0,0.518
28.24,31916.9,34822.8,-0.334,-0.4372,145.6,97.0,0.518
28.26,31897.1,34751.8,-0.414,-0.6118,145.6,97.0,0.518
28.28,31866.4,34611.6,-0.5383,-0.9568,145.6,97.0,0.518
28.3,31828.6,34709.2,-0.6912,-0.7167,145.6,97.0,0.518
28.32,31830.7,34624.2,-0.6826,-0.9258,145.6,97.0,0.518
28.34,31707.1,34479.9,-1.1829,-1.2807,145.6,97.0,0.518
28.36,31733.3,34509.8,-1.0771,-1.2072,145.6,97.0,0.518
28.38,31766.3,34477.4,-0.9433,-1.287,145.6,97.0,0.518
28.4,31813.2,34631.9,-0.7535,-0.9069,145.6,97.0,0.518
28.42,31979.1,34978.3,-0.0822,-0.0548,145.6,97.0,0.518
28.44,32110.3,35350.4,0.4488,0.8608,145.6,97.0,0.518
28.46,32336.3,35554.4,1.3633,1.3626,145.6,97.0,0.518
28.48,32453.3,35776.1,1.8367,1.9081,145.6,97.0,0.518
28.5,32227.1,35599.4,0.9212,1.4734,145.6,97.0,0.518
28.52,32230.7,35395.8,0.9361,0.9725,145.6,97.0,0.518
28.54,32222.8,35260.7,0.9039,0.6402,145.6,97.0,0.518
28.56,32093.3,35185.9,0.3799,0.456,145.6,97.0,0.518
28.58,32039.7,35033.1,0.163,0.0802,145.6,97.0,0.518
28.6,32105.0,34965.6,0.4274,-0.086,145.6,97.0,0.518
28.62,32045.7,34983.2,0.1873,-0.0425,145.6,97.0,0.518
28.64,31956.5,34808.4,-0.1737,-0.4727,145.6,97.0,0.518
28.66,31847.8,34736.0,-0.6136,-0.6508,145.6,97.0,0.518
28.68,31827.7,34724.8,-0.6948,-0.6783,145.6,97.0,0.518
28.7,31937.6,34648.4,-0.2502,-0.8662,145.6,97.0,0.518
28.72,31948.3,34690.8,-0.2068,-0.7619,145.6,97.0,0.518
28.74,31731.3,34615.7,-1.085,-0.9466,145.6,97.0,0.518
28.76,31794.2,34507.2,-0.8303,-1.2137,145.6,97.0,0.518
28.78,31683.0,34489.1,-1.2804,-1.258,145.6,97.0,0.518
28.8,31736.0,34523.0,-1.0661,-1.1747,145.6,97.0,0.518
28.82,31906.0,34805.2,-0.3781,-0.4806,145.6,97.0,0.518
28.84,32065.4,35098.5,0.2672,0.241,145.6,97.0,0.518
28.86,32205.7,35544.6,0.835,1.3386,145.6,97.0,0.518
28.88,32250.0,35723.5,1.0141,1.7787,145.6,97.0,0.518
28.9,32355.2,35811.5,1.4399,1.995,145.6,97.0,0.518
28.92,32288.3,35612.1,1.169,1.5047,145.6,97.0,0.518
28.94,32247.9,35492.8,1.0057,1.2111,145.6,97.0,0.518
28.96,32069.4,35262.9,0.2832,0.6455,145.6,97.0,0.518
28.98,32039.3,35171.8,0.1616,0.4215,145.6,97.0,0.518
29.0,32041.6,35087.4,0.1709,0.2138,145.6,97.0,0.518
29.02,32000.1,34938.9,0.0028,-0.1516,145.6,97.0,0.518
29.04,32062.4,34955.1,0.2549,-0.1118,145.6,97.0,0.518
29.06,31979.5,34763.2,-0.0805,-0.5839,145.6,97.0,0.518
29.08,31896.8,34754.8,-0.4153,-0.6044,145.6,97.0,0.518
29.1,31899.9,34710.9,-0.4029,-0.7124,145.6,97.0,0.518
29.12,31673.7,34735.5,-1.318,-0.652,145.6,97.0,0.518
29.14,31906.0,34651.3,-0.3781,-0.8591,145.6,97.0,0.518
29.16,31791.8,34533.1,-0.8402,-1.1498,145.6,97.0,0.518
29.18,31753.3,34543.9,-0.9959,-1.1234,145.6,97.0,0.518
29.2,31725.2,34438.3,-1.1095,-1.3831,145.6,97.0,0.518
29.22,31838.2,34637.2,-0.6525,-0.8938,145.6,97.0,0.518
29.24,31884.2,34873.4,-0.4664,-0.3126,145.6,97.0,0.518
29.26,32204.7,35268.3,0.8309,0.6588,145.6,97.0,0.518
29.28,32217.6,35588.7,0.8828,1.4469,145.6,97.0,0.518
29.3,32367.2,35756.1,1.4884,1.8589,145.6,97.0,0.518
29.32,32335.3,35683.6,1.3592,1.6805,145.6,97.0,0.518
29.34,32180.6,35603.0,0.7333,1.4822,145.6,97.0,0.518
29.36,32166.5,35305.9,0.6762,0.7512,145.6,97.0,0.518
29.38,32110.9,35279.0,0.4513,0.6852,145.6,97.0,0.518
29.4,32118.6,35091.1,0.4822,0.2229,145.6,97.0,0.518
29.42,31957.0,35003.3,-0.1716,0.0069,145.6,97.0,0.518
29.44,31967.6,34977.4,-0.1288,-0.0567,145.6,97.0,0.518
29.46,31845.1,34916.3,-0.6245,-0.2073,145.6,97.0,0.518
29.48,31986.7,34795.5,-0.0515,-0.5043,145.6,97.0,0.518
29.5,31860.3,34695.0,-0.5631,-0.7517,145.6,97.0,0.518
29.52,31878.5,34734.8,-0.4895,-0.6536,145.6,97.0,0.518
29.54,31792.3,34687.4,-0.8381,-0.7702,145.6,97.0,0.518
29.56,31821.4,34592.6,-0.7204,-1.0035,145.6,97.0,0.518
29.58,31771.1,34516.6,-0.9241,-1.1905,145.6,97.0,0.518
29.6,31810.6,34398.2,-0.7642,-1.4818,145.6,97.0,0.518
29.62,31808.0,34506.0,-0.7744,-1.2167,145.6,97.0,0.518
29.64,31812.9,34676.7,-0.7548,-0.7967,145.6,97.0,0.518
29.66,32072.0,34966.7,0.2938,-0.0833,145.6,97.0,0.518
29.68,32222.4,35327.9,0.9024,0.8055,145.6,97.0,0.518
29.7,32352.3,35717.9,1.428,1.7649,145.6,97.0,0.518
29.72,32306.5,35738.5,1.2429,1.8155,145.6,97.0,0.518
29.74,32270.3,35678.1,1.0961,1.6668,145.6,97.0,0.518
29.76,32266.4,35479.7,1.0805,1.1788,145.6,97.0,0.518
29.78,32082.3,35242.2,0.3353,0.5945,145.6,97.0,0.518
29.8,31952.3,35089.6,-0.1905,0.2193,145.6,97.0,0.518
29.82,32080.8,35137.3,0.3295,0.3366,145.6,97.0,0.518
29.84,31978.3,34996.8,-0.0855,-0.0091,145.6,97.0,0.518
29.86,31899.1,34937.0,-0.4058,-0.1562,145.6,97.0,0.518
29.88,31962.9,34812.6,-0.1477,-0.4623,145.6,97.0,0.518
29.9,31801.4,34736.1,-0.8015,-0.6504,145.6,97.0,0.518
29.92,31918.0,34650.3,-0.3295,-0.8615,145.6,97.0,0.518
29.94,31839.5,34573.3,-0.6472,-1.0509,145.6,97.0,0.518
29.96,31831.8,34643.5,-0.6784,-0.8784,145.6,97.0,0.518
29.98,31696.0,34555.0,-1.2279,-1.096,145.6,97.0,0.518
30.0,31788.8,34421.5,-0.8525,-1.4245,145.6,97.0,0.518
30.02,31716.5,34533.6,-1.1451,-1.1487,145.6,97.0,0.518
30.04,31861.6,34630.7,-0.5577,-0.9097,145.6,97.0,0.518
30.06,31980.9,34884.7,-0.0748,-0.2849,145.6,97.0,0.518
30.08,32084.7,35310.6,0.345,0.7627,145.6,97.0,0.518
30.1,32257.1,35605.6,1.0429,1.4887,145.6,97.0,0.518
30.12,32411.2,35706.5,1.6665,1.7367,145.6,97.0,0.518
30.14,32341.5,35705.9,1.3845,1.7353,145.6,97.0,0.518
30.16,32290.9,35625.4,1.1795,1.5374,145.6,97.0,0.518
30.18,32145.9,35407.9,0.5928,1.0022,145.6,97.0,0.518
30.2,32103.0,35209.0,0.4191,0.5129,145.6,97.0,0.518
30.22,32001.2,35115.8,0.0074,0.2837,145.6,97.0,0.518
30.24,32044.4,35081.0,0.1819,0.198,145.6,97.0,0.518
30.26,32034.7,34932.5,0.1427,-0.1673,145.6,97.0,0.518
30.28,31993.0,34871.1,-0.026,-0.3183,145.6,97.0,0.518
30.3,31884.3,34867.4,-0.4658,-0.3275,145.6,97.0,0.518
30.32,31908.8,34652.9,-0.3668,-0.8552,145.6,97.0,0.518
30.34,31798.8,34676.2,-0.8119,-0.7979,145.6,97.0,0.518
30.36,31847.7,34686.2,-0.614,-0.7732,145.6,97.0,0.518
30.38,31800.5,34632.4,-0.8051,-0.9055,145.6,97.0,0.518
30.4,31730.5,34621.0,-1.0883,-0.9336,145.6,97.0,0.518
30.42,31747.5,34499.7,-1.0196,-1.232,145.6,97.0,0.518
30.44,31750.2,34430.3,-1.0085,-1.4029,145.6,97.0,0.518
30.46,31907.9,34676.7,-0.3705,-0.7967,145.6,97.0,0.518
30.48,32010.0,34901.6,0.0429,-0.2434,145.6,97.0,0.518
30.5,32212.6,35335.0,0.8629,0.8229,145.6,97.0,0.518
30.52,32354.4,35659.9,1.4365,1.6222,145.6,97.0,0.518
30.54,32327.1,35764.7,1.3262,1.8801,145.6,97.0,0.518
30.56,32334.4,35644.0,1.3556,1.5831,145.6,97.0,0.518
30.58,32297.5,35520.4,1.2065,1.2791,145.6,97.0,0.518
30.6,32118.7,35261.8,0.4829,0.6427,145.6,97.0,0.518
30.62,32071.0,35178.5,0.2899,0.4378,145.6,97.0,0.518
30.64,32043.5,35069.9,0.1783,0.1707,145.6,97.0,0.518
30.66,32084.2,34923.2,0.343,-0.1901,145.6,97.0,0.518
30.68,31989.0,35007.4,-0.0422,0.0169,145.6,97.0,0.518
30.7,31947.5,34904.1,-0.2099,-0.2373,145.6,97.0,0.518
30.72,31839.9,34694.8,-0.6456,-0.752,145.6,97.0,0.518
30.74,31901.6,34615.5,-0.3957,-0.9471,145.6,97.0,0.518
30.76,31756.3,34684.6,-0.9839,-0.7772,145.6,97.0,0.518
30.78,31900.6,34687.2,-0.4,-0.7707,145.6,97.0,0.518
30.8,31850.6,34654.0,-0.6024,-0.8525,145.6,97.0,0.518
30.82,31726.4,34489.3,-1.1047,-1.2575,145.6,97.0,0.518
30.84,31744.1,34375.5,-1.033,-1.5376,145.6,97.0,0.518
30.86,31765.6,34481.8,-0.9464,-1.2762,145.6,97.0,0.518
30.88,31859.7,34754.9,-0.5655,-0.6042,145.6,97.0,0.518
30.9,32064.2,35035.6,0.2623,0.0862,145.6,97.0,0.518
30.92,32152.7,35534.2,0.6204,1.3129,145.6,97.0,0.518
30.94,32374.5,35682.0,1.5181,1.6766,145.6,97.0,0.518
30.96,32372.5,35738.3,1.5097,1.815,145.6,97.0,0.518
30.98,32242.7,35694.4,0.9847,1.707,145.6,97.0,0.518
31.0,32240.3,35445.9,0.9747,1.0956,145.6,97.0,0.518
31.02,32102.4,35278.5,0.4169,0.6839,145.6,97.0,0.518
31.04,32091.4,35194.8,0.3723,0.4779,145.6,97.0,0.518
31.06,32069.4,35057.2,0.2834,0.1395,145.6,97.0,0.518
31.08,32095.7,35060.6,0.3899,0.1478,145.6,97.0,0.518
31.1,32024.9,34962.5,0.103,-0.0936,145.6,97.0,0.518
31.12,31899.3,34860.5,-0.405,-0.3445,145.6,97.0,0.518
31.14,31937.4,34678.2,-0.2509,-0.793,145.6,97.0,0.518
31.16,31853.3,34753.9,-0.5912,-0.6067,145.6,97.0,0.518
31.18,31842.9,34798.4,-0.6333,-0.4973,145.6,97.0,0.518
31.2,31792.4,34718.1,-0.8377,-0.6948,145.6,97.0,0.518
31.22,31744.1,34429.7,-1.0333,-1.4043,145.6,97.0,0.518
31.24,31818.0,34498.6,-0.7343,-1.2349,145.6,97.0,0.518
31.26,31771.1,34487.6,-0.9239,-1.2619,145.6,97.0,0.518
31.28,31904.6,34508.7,-0.3839,-1.21,145.6,97.0,0.518
31.3,31895.7,34876.8,-0.4198,-0.3043,145.6,97.0,0.518
31.32,32134.0,35301.6,0.5449,0.7408,145.6,97.0,0.518
31.34,32194.0,35552.0,0.7877,1.3568,145.6,97.0,0.518
31.36,32365.5,35648.9,1.4815,1.5952,145.6,97.0,0.518
31.38,32395.0,35747.5,1.601,1.8377,145.6,97.0,0.518
31.4,32253.8,35593.3,1.0293,1.4582,145.6,97.0,0.518
31.42,32198.8,35303.6,0.8071,0.7456,145.6,97.0,0.518
31.44,32041.1,35140.6,0.1686,0.3446,145.6,97.0,0.518
31.46,32067.4,35197.5,0.2752,0.4847,145.6,97.0,0.518
31.48,31948.2,35017.6,-0.2071,0.042,145.6,97.0,0.518
31.5,32054.7,35013.3,0.2238,0.0314,145.6,97.0,0.518
31.52,31993.1,34827.2,-0.0255,-0.4263,145.6,97.0,0.518
31.54,31877.5,34832.2,-0.4934,-0.4141,145.6,97.0,0.518
31.56,31830.4,34706.7,-0.684,-0.7227,145.6,97.0,0.518
31.58,31890.4,34760.1,-0.441,-0.5915,145.6,97.0,0.518
31.6,31767.8,34628.4,-0.9373,-0.9155,145.6,97.0,0.518
31.62,31848.0,34573.5,-0.6127,-1.0505,145.6,97.0,0.518
31.64,31757.0,34562.8,-0.9808,-1.0768,145.6,97.0,0.518
31.66,31754.6,34464.4,-0.9906,-1.3189,145.6,97.0,0.518
31.68,31689.5,34461.4,-1.2543,-1.3263,145.6,97.0,0.518
31.7,31872.1,34701.4,-0.5152,-0.7358,145.6,97.0,0.518
31.72,32005.6,35028.6,0.0249,0.0691,145.6,97.0,0.518
31.74,32190.8,35454.2,0.7747,1.1162,145.6,97.0,0.518
31.76,32262.7,35712.2,1.0656,1.7509,145.6,97.0,0.518
31.78,32359.3,35669.8,1.4563,1.6465,145.6,97.0,0.518
31.8,32291.7,35639.4,1.183,1.5717,145.6,97.0,0.518
31.82,32218.3,35432.3,0.886,1.0622,145.6,97.0,0.518
31.84,32150.3,35292.6,0.6107,0.7185,145.6,97.0,0.518
31.86,32074.6,35074.4,0.3042,0.1819,145.6,97.0,0.518
31.88,32051.5,35199.6,0.2109,0.4897,145.6,97.0,0.518
31.9,32079.5,35026.3,0.3242,0.0635,145.6,97.0,0.518
31.92,32048.9,35009.5,0.2005,0.0222,145.6,97.0,0.518
31.94,31926.2,34761.2,-0.2964,-0.5887,145.6,97.0,0.518
31.96,31869.0,34727.5,-0.5277,-0.6717,145.6,97.0,0.518
31.98,31881.2,34678.3,-0.4784,-0.7927,145.6,97.0,0.518
32.0,31938.0,34644.1,-0.2486,-0.8768,145.6,97.0,0.518
32.02,31832.6,34574.7,-0.6751,-1.0476,145.6,97.0,0.518
32.04,31779.3,34641.3,-0.8908,-0.8838,145.6,97.0,0.518
32.06,31774.8,34524.2,-0.909,-1.1719,145.6,97.0,0.518
32.08,31728.5,34465.0,-1.0962,-1.3173,145.6,97.0,0.518
32.1,31842.1,34614.2,-0.6367,-0.9503,145.6,97.0,0.518
32.12,31974.2,34907.2,-0.1022,-0.2296,145.6,97.0,0.518
32.14,32123.2,35282.2,0.5008,0.6931,145.6,97.0,0.518
32.16,32278.2,35518.0,1.128,1.2732,145.6,97.0,0.518
32.18,32393.0,35813.2,1.5926,1.9993,145.6,97.0,0.518
32.2,32305.6,35700.0,1.239,1.7209,145.6,97.0,0.518
32.22,32219.7,35551.3,0.8916,1.3551,145.6,97.0,0.518
32.24,32197.6,35330.2,0.8021,0.8111,145.6,97.0,0.518
32.26,32103.1,35225.5,0.4196,0.5535,145.6,97.0,0.518
32.28,32038.2,35063.1,0.1571,0.1539,145.6,97.0,0.518
32.3,32014.6,35059.0,0.0615,0.1439,145.6,97.0,0.518
32.32,31961.4,34986.8,-0.1537,-0.0339,145.6,97.0,0.518
32.34,31896.8,34902.1,-0.4154,-0.2421,145.6,97.0,0.518
32.36,31980.9,34718.3,-0.0749,-0.6942,145.6,97.0,0.518
32.38,31887.9,34832.2,-0.4511,-0.4141,145.6,97.0,0.518
32.4,31868.5,34616.2,-0.5297,-0.9455,145.6,97.0,0.518
32.42,31918.1,34779.1,-0.3292,-0.5448,145.6,97.0,0.518
32.44,31730.5,34639.0,-1.0883,-0.8894,145.6,97.0,0.518
32.46,31771.6,34522.7,-0.9219,-1.1755,145.6,97.0,0.518
32.48,31700.9,34389.5,-1.2082,-1.5031,145.6,97.0,0.518
32.5,31693.4,34474.5,-1.2385,-1.2942,145.6,97.0,0.518
32.52,31809.2,34608.1,-0.7697,-0.9653,145.6,97.0,0.518
32.54,32046.3,35030.0,0.1897,0.0726,145.6,97.0,0.518
32.56,32151.1,35312.3,0.614,0.767,145.6,97.0,0.518
32.58,32367.1,35497.8,1.4879,1.2233,145.6,97.0,0.518
32.6,32409.9,35746.8,1.6613,1.8359,145.6,97.0,0.518
32.62,32377.3,35614.5,1.5291,1.5106,145.6,97.0,0.518
32.64,32249.5,35529.4,1.0121,1.3011,145.6,97.0,0.518
32.66,32134.4,35301.5,0.5463,0.7405,145.6,97.0,0.518
32.68,32057.0,35139.4,0.2332,0.3417,145.6,97.0,0.518
32.7,32061.0,35060.7,0.2494,0.148,145.6,97.0,0.518
32.72,32025.9,35021.6,0.1072,0.0519,145.6,97.0,0.518
32.74,31985.5,34990.4,-0.0563,-0.0248,145.6,97.0,0.518
32.76,31898.0,34912.6,-0.4103,-0.2162,145.6,97.0,0.518
32.78,31901.2,34807.2,-0.3973,-0.4755,145.6,97.0,0.518
32.8,31966.1,34717.3,-0.1347,-0.6967,145.6,97.0,0.518
32.82,31785.4,34552.1,-0.8662,-1.1033,145.6,97.0,0.518
32.84,31774.5,34689.3,-0.9103,-0.7656,145.6,97.0,0.518
32.86,31937.6,34556.1,-0.25,-1.0933,145.6,97.0,0.518
32.88,31745.2,34531.4,-1.0288,-1.1541,145.6,97.0,0.518
32.9,31652.3,34473.9,-1.4045,-1.2954,145.6,97.0,0.518
32.92,31805.6,34435.7,-0.7843,-1.3895,145.6,97.0,0.518
32.94,31841.0,34675.7,-0.641,-0.7992,145.6,97.0,0.518
32.96,32072.3,35190.8,0.2951,0.4681,145.6,97.0,0.518
32.98,32302.2,35486.8,1.2255,1.1964,145.6,97.0,0.518
33.0,32349.0,35726.2,1.4146,1.7853,145.6,97.0,0.518
33.02,32368.2,35733.2,1.4925,1.8026,145.6,97.0,0.518
33.04,32375.8,35665.2,1.5234,1.6352,145.6,97.0,0.518
33.06,32164.6,35337.8,0.6684,0.8297,145.6,97.0,0.518
33.08,32180.7,35236.9,0.7337,0.5816,145.6,97.0,0.518
33.1,32124.3,35209.8,0.5054,0.5148,145.6,97.0,0.518
33.12,32039.9,35118.3,0.1637,0.2898,145.6,97.0,0.518
33.14,32041.3,35002.4,0.1697,0.0045,145.6,97.0,0.518
33.16,31888.1,34918.2,-0.4505,-0.2025,145.6,97.0,0.518
33.18,32020.1,34938.9,0.0837,-0.1515,145.6,97.0,0.518
33.2,31901.8,34705.5,-0.3949,-0.7257,145.6,97.0,0.518
33.22,31925.7,34619.7,-0.2981,-0.9369,145.6,97.0,0.518
33.24,31819.6,34660.7,-0.7276,-0.836,145.6,97.0,0.518
33.26,31926.4,34649.3,-0.2956,-0.8641,145.6,97.0,0.518
33.28,31715.6,34589.2,-1.1483,-1.0119,145.6,97.0,0.518
33.3,31721.2,34521.5,-1.1259,-1.1784,145.6,97.0,0.518
33.32,31676.1,34443.7,-1.3082,-1.3698,145.6,97.0,0.518
33.34,31811.6,34658.9,-0.76,-0.8403,145.6,97.0,0.518
33.36,31961.3,34996.6,-0.1542,-0.0096,145.6,97.0,0.518
33.38,32080.3,35329.7,0.3273,0.8099,145.6,97.0,0.518
33.4,32317.4,35590.6,1.2867,1.4517,145.6,97.0,0.518
33.42,32332.8,35815.7,1.3491,2.0054,145.6,97.0,0.518
33.44,32334.3,35658.9,1.3553,1.6198,145.6,97.0,0.518
33.46,32188.7,35547.4,0.766,1.3453,145.6,97.0,0.518
33.48,32147.7,35430.5,0.6001,1.0578,145.6,97.0,0.518
33.5,32058.0,35215.3,0.2372,0.5285,145.6,97.0,0.518
33.52,32099.0,35095.0,0.4029,0.2325,145.6,97.0,0.518
33.54,32028.1,35053.9,0.1161,0.1314,145.6,97.0,0.518
33.56,31982.0,34948.5,-0.0703,-0.1279,145.6,97.0,0.518
33.58,31963.0,34823.6,-0.1474,-0.4352,145.6,97.0,0.518
33.6,31834.4,34779.1,-0.6677,-0.5447,145.6,97.0,0.518
33.62,31795.3,34729.7,-0.8261,-0.6662,145.6,97.0,0.518
33.64,31824.0,34709.3,-0.7099,-0.7164,145.6,97.0,0.518
33.66,31800.6,34641.1,-0.8047,-0.8843,145.6,97.0,0.518
33.68,31767.6,34601.1,-0.9379,-0.9825,145.6,97.0,0.518
33.7,31798.0,34536.0,-0.815,-1.1428,145.6,97.0,0.518
33.72,31734.8,34488.4,-1.0708,-1.26,145.6,97.0,0.518
33.74,31725.9,34469.9,-1.1069,-1.3053,145.6,97.0,0.518
33.76,31874.8,34735.6,-0.5042,-0.6517,145.6,97.0,0.518
33.78,31975.9,34980.2,-0.0952,-0.0499,145.6,97.0,0.518
33.8,32311.5,35471.1,1.2629,1.1578,145.6,97.0,0.518
33.82,32331.5,35575.6,1.3439,1.4147,145.6,97.0,0.518
33.84,32332.9,35832.0,1.3497,2.0455,145.6,97.0,0.518
33.86,32240.7,35601.3,0.9765,1.478,145.6,97.0,0.518
33.88,32290.5,35443.9,1.1781,1.0907,145.6,97.0,0.518
33.9,32122.6,35272.6,0.4983,0.6694,145.6,97.0,0.518
33.92,32083.5,35201.0,0.3404,0.4933,145.6,97.0,0.518
33.94,32134.9,35083.0,0.5484,0.2028,145.6,97.0,0.518
33.96,31989.5,35053.3,-0.0401,0.13,145.6,97.0,0.518
33.98,31992.1,34974.0,-0.0294,-0.0653,145.6,97.0,0.518
34.0,31935.0,34851.8,-0.2607,-0.3659,145.6,97.0,0.518
34.02,31900.6,34706.2,-0.3999,-0.7241,145.6,97.0,0.518
34.04,31855.3,34674.5,-0.5832,-0.8019,145.6,97.0,0.518
34.06,31866.4,34697.5,-0.5381,-0.7454,145.6,97.0,0.518
34.08,31846.0,34652.4,-0.6209,-0.8563,145.6,97.0,0.518
34.1,31747.3,34625.2,-1.0201,-0.9232,145.6,97.0,0.518
34.12,31732.0,34478.4,-1.0821,-1.2845,145.6,97.0,0.518
34.14,31728.5,34464.5,-1.0965,-1.3186,145.6,97.0,0.518
34.16,31770.4,34575.3,-0.9268,-1.0461,145.6,97.0,0.518
34.18,31949.2,34826.1,-0.2031,-0.429,145.6,97.0,0.518
34.2,32121.3,35242.0,0.4931,0.5942,145.6,97.0,0.518
34.22,32263.3,35489.8,1.0679,1.2037,145.6,97.0,0.518
34.24,32438.6,35753.4,1.7774,1.8523,145.6,97.0,0.518
34.26,32325.5,35690.8,1.3196,1.6983,145.6,97.0,0.518
34.28,32323.2,35615.4,1.3103,1.5128,145.6,97.0,0.518
34.3,32118.4,35419.7,0.4815,1.0313,145.6,97.0,0.518
34.32,32117.1,35161.9,0.4761,0.397,145.6,97.0,0.518
34.34,32098.0,35166.3,0.3989,0.408,145.6,97.0,0.518
34.36,32030.6,35124.7,0.1262,0.3056,145.6,97.0,0.518
34.38,32077.7,35026.8,0.3167,0.0646,145.6,97.0,0.518
34.4,32053.7,34930.0,0.2197,-0.1734,145.6,97.0,0.518
34.42,31881.0,34829.4,-0.4791,-0.4209,145.6,97.0,0.518
34.44,31825.5,34634.5,-0.704,-0.9005,145.6,97.0,0.518
34.46,31899.4,34585.0,-0.4046,-1.0223,145.6,97.0,0.518
34.48,31757.1,34737.8,-0.9804,-0.6464,145.6,97.0,0.518
34.5,31764.0,34560.6,-0.9527,-1.0823,145.6,97.0,0.518
34.52,31844.1,34467.7,-0.6285,-1.3107,145.6,97.0,0.518
34.54,31827.4,34470.3,-0.6963,-1.3045,145.6,97.0,0.518
34.56,31779.4,34510.9,-0.8905,-1.2045,145.6,97.0,0.518
34.58,31802.7,34613.6,-0.7962,-0.9519,145.6,97.0,0.518
34.6,32067.9,35007.2,0.2771,0.0165,145.6,97.0,0.518
34.62,32220.4,35318.9,0.8944,0.7834,145.6,97.0,0.518
34.64,32317.0,35658.9,1.2852,1.6198,145.6,97.0,0.518
34.66,32332.9,35837.6,1.3497,2.0594,145.6,97.0,0.518
34.68,32374.8,35650.8,1.5194,1.5997,145.6,97.0,0.518
34.7,32205.6,35593.2,0.8346,1.4581,145.6,97.0,0.518
34.72,32072.6,35370.9,0.2961,0.9113,145.6,97.0,0.518
34.74,32029.7,35186.4,0.1225,0.4573,145.6,97.0,0.518
34.76,32121.3,35150.0,0.4933,0.3677,145.6,97.0,0.518
34.78,32044.9,35137.9,0.1841,0.3379,145.6,97.0,0.518
34.8,32022.6,34974.0,0.0939,-0.0652,145.6,97.0,0.518
34.82,31908.3,34825.0,-0.3688,-0.4319,145.6,97.0,0.518
34.84,31846.9,34779.1,-0.6173,-0.5447,145.6,97.0,0.518
34.86,31789.2,34675.7,-0.8506,-0.7991,145.6,97.0,0.518
34.88,31888.0,34707.8,-0.4507,-0.72,145.6,97.0,0.518
34.9,31793.3,34609.7,-0.8342,-0.9614,145.6,97.0,0.518
34.92,31745.6,34621.9,-1.0269,-0.9314,145.6,97.0,0.518
34.94,31807.2,34447.3,-0.7779,-1.361,145.6,97.0,0.518
34.96,31754.0,34320.4,-0.993,-1.6731,145.6,97.0,0.518
34.98,31690.5,34549.8,-1.2502,-1.1088,145.6,97.0,0.518
35.0,31947.9,34667.7,-0.2086,-0.8188,145.6,97.0,0.518
35.02,32063.9,35044.8,0.2611,0.109,145.6,97.0,0.518
35.04,32207.6,35417.4,0.8424,1.0255,145.6,97.0,0.518
35.06,32315.8,35643.8,1.2803,1.5826,145.6,97.0,0.518
35.08,32394.6,35748.1,1.5994,1.8392,145.6,97.0,0.518
35.1,32255.7,35589.2,1.0371,1.4482,145.6,97.0,0.518
35.12,32160.2,35441.7,0.6506,1.0854,145.6,97.0,0.518
35.14,32146.8,35197.6,0.5963,0.4849,145.6,97.0,0.518
35.16,32044.6,35222.6,0.1829,0.5463,145.6,97.0,0.518
35.18,32076.7,35059.1,0.3127,0.1442,145.6,97.0,0.518
35.2,32049.3,35135.2,0.2018,0.3313,145.6,97.0,0.518
35.22,31903.2,34940.7,-0.3892,-0.1472,145.6,97.0,0.518
35.24,31984.2,34864.9,-0.0616,-0.3335,145.6,97.0,0.518
35.26,31899.3,34732.0,-0.405,-0.6606,145.6,97.0,0.518
35.28,31821.3,34646.0,-0.7209,-0.8721,145.6,97.0,0.518
35.3,31787.3,34676.1,-0.8582,-0.7981,145.6,97.0,0.518
35.32,31856.2,34607.9,-0.5795,-0.9658,145.6,97.0,0.518
35.34,31778.9,34540.1,-0.8924,-1.1326,145.6,97.0,0.518
35.36,31708.9,34443.7,-1.1758,-1.3699,145.6,97.0,0.518
35.38,31761.4,34419.3,-0.9631,-1.4298,145.6,97.0,0.518
35.4,31863.6,34604.3,-0.5497,-0.9747,145.6,97.0,0.518
35.42,31894.7,34894.1,-0.4239,-0.2617,145.6,97.0,0.518
35.44,32113.8,35218.9,0.4629,0.5373,145.6,97.0,0.518
35.46,32221.0,35583.8,0.8966,1.4349,145.6,97.0,0.518
35.48,32325.7,35708.7,1.3203,1.7423,145.6,97.0,0.518
35.5,32460.6,35667.6,1.8662,1.6411,145.6,97.0,0.518
35.52,32320.0,35464.8,1.2972,1.1422,145.6,97.0,0.518
35.54,32073.9,35365.4,0.3016,0.8977,145.6,97.0,0.518
35.56,32134.1,35204.4,0.5451,0.5016,145.6,97.0,0.518
35.58,32074.1,35168.2,0.3022,0.4124,145.6,97.0,0.518
35.6,32108.3,35108.4,0.4407,0.2653,145.6,97.0,0.518
35.62,31954.4,35010.9,-0.1821,0.0256,145.6,97.0,0.518
35.64,31856.8,34872.7,-0.5769,-0.3143,145.6,97.0,0.518
35.66,31832.1,34800.2,-0.6772,-0.4929,145.6,97.0,0.518
35.68,31873.6,34673.2,-0.5092,-0.8054,145.6,97.0,0.518
35.7,31927.9,34628.2,-0.2893,-0.9159,145.6,97.0,0.518
35.72,31779.2,34696.9,-0.8913,-0.7469,145.6,97.0,0.518
35.74,31912.2,34573.1,-0.3531,-1.0515,145.6,97.0,0.518
35.76,31777.1,34525.6,-0.8998,-1.1683,145.6,97.0,0.518
35.78,31800.2,34426.1,-0.8062,-1.4132,145.6,97.0,0.518
35.8,31729.0,34449.1,-1.0943,-1.3566,145.6,97.0,0.518
35.82,31787.4,34720.3,-0.858,-0.6893,145.6,97.0,0.518
35.84,32085.4,35077.3,0.3481,0.1889,145.6,97.0,0.518
35.86,32167.4,35403.1,0.68,0.9903,145.6,97.0,0.518
35.88,32281.3,35688.5,1.1409,1.6924,145.6,97.0,0.518
35.9,32337.5,35830.9,1.3684,2.0429,145.6,97.0,0.518
35.92,32332.9,35643.3,1.3494,1.5814,145.6,97.0,0.518
35.94,32207.9,35466.0,0.8435,1.1451,145.6,97.0,0.518
35.96,32132.4,35272.4,0.5381,0.669,145.6,97.0,0.518
35.98,32054.6,35079.4,0.2233,0.1941,145.6,97.0,0.518
36.0,31997.6,35147.2,-0.0073,0.3608,145.6,97.0,0.518
36.02,32080.0,35078.5,0.326,0.1918,145.6,97.0,0.518
36.04,32023.2,34936.3,0.0962,-0.158,145.6,97.0,0.518
36.06,31963.0,34879.2,-0.1474,-0.2984,145.6,97.0,0.518
36.08,31905.2,34697.4,-0.3814,-0.7458,145.6,97.0,0.518
36.1,31878.7,34716.7,-0.4886,-0.6983,145.6,97.0,0.518
36.12,31942.0,34633.4,-0.2321,-0.9031,145.6,97.0,0.518
36.14,31817.6,34653.5,-0.736,-0.8537,145.6,97.0,0.518
36.16,31788.3,34553.1,-0.8543,-1.1008,145.6,97.0,0.518
36.18,31782.9,34479.2,-0.876,-1.2826,145.6,97.0,0.518
36.2,31723.6,34440.3,-1.116,-1.3781,145.6,97.0,0.518
36.22,31796.3,34521.6,-0.822,-1.1783,145.6,97.0,0.518
36.24,31853.6,34838.3,-0.5899,-0.3991,145.6,97.0,0.518
36.26,32109.3,35215.9,0.4447,0.53,145.6,97.0,0.518
36.28,32272.4,35611.7,1.1047,1.5037,145.6,97.0,0.518
36.3,32372.1,35674.7,1.5084,1.6586,145.6,97.0,0.518
36.32,32317.8,35743.9,1.2883,1.8289,145.6,97.0,0.518
36.34,32219.8,35596.3,0.8918,1.4658,145.6,97.0,0.518
36.36,32116.6,35364.4,0.4741,0.8951,145.6,97.0,0.518
36.38,32093.5,35209.0,0.3807,0.5129,145.6,97.0,0.518
36.4,32013.7,35051.7,0.058,0.126,145.6,97.0,0.518
36.42,31949.0,35130.9,-0.2041,0.3207,145.6,97.0,0.518
36.44,31937.1,34978.8,-0.252,-0.0535,145.6,97.0,0.518
36.46,31979.3,34878.5,-0.0812,-0.3001,145.6,97.0,0.518
36.48,31901.8,34790.2,-0.3951,-0.5175,145.6,97.0,0.518
36.5,31787.9,34674.7,-0.8561,-0.8014,145.6,97.0,0.518
36.52,31777.2,34657.4,-0.8992,-0.8442,145.6,97.0,0.518
36.54,31903.0,34665.6,-0.3902,-0.8238,145.6,97.0,0.518
36.56,31851.9,34594.3,-0.5969,-0.9995,145.6,97.0,0.518
36.58,31821.1,34543.0,-0.7215,-1.1256,145.6,97.0,0.518
36.6,31748.9,34479.3,-1.0139,-1.2823,145.6,97.0,0.518
36.62,31766.1,34420.9,-0.9442,-1.426,145.6,97.0,0.518
36.64,31900.6,34677.5,-0.3999,-0.7946,145.6,97.0,0.518
36.66,31962.8,34891.4,-0.1482,-0.2685,145.6,97.0,0.518
36.68,32096.4,35351.3,0.3926,0.8631,145.6,97.0,0.518
36.7,32286.5,35643.6,1.1618,1.5821,145.6,97.0,0.518
36.72,32399.4,35769.1,1.6188,1.8909,145.6,97.0,0.518
36.74,32316.1,35650.2,1.2816,1.5983,145.6,97.0,0.518
36.76,32196.0,35469.9,0.7956,1.1547,145.6,97.0,0.518
36.78,32171.0,35176.5,0.6943,0.4329,145.6,97.0,0.518
36.8,32091.1,35262.9,0.3709,0.6455,145.6,97.0,0.518
36.82,32116.2,35122.5,0.4728,0.3,145.6,97.0,0.518
36.84,32003.8,35102.2,0.0178,0.2503,145.6,97.0,0.518
36.86,31941.2,34993.6,-0.2357,-0.0171,145.6,97.0,0.518
36.88,31942.2,34837.4,-0.2314,-0.4012,145.6,97.0,0.518
36.9,31798.4,34814.6,-0.8136,-0.4573,145.6,97.0,0.518
36.92,31906.7,34702.9,-0.3753,-0.7321,145.6,97.0,0.518
36.94,31886.8,34607.0,-0.4555,-0.9682,145.6,97.0,0.518
36.96,31861.4,34611.6,-0.5584,-0.9569,145.6,97.0,0.518
36.98,31831.5,34588.8,-0.6794,-1.0128,145.6,97.0,0.518
37.0,31719.0,34471.6,-1.1346,-1.3011,145.6,97.0,0.518
37.02,31757.5,34389.7,-0.9791,-1.5028,145.6,97.0,0.518
37.04,31732.1,34497.7,-1.0819,-1.2371,145.6,97.0,0.518
37.06,31855.8,34691.8,-0.5813,-0.7594,145.6,97.0,0.518
37.08,31965.0,35046.1,-0.1391,0.1121,145.6,97.0,0.518
37.1,32291.3,35529.3,1.1813,1.3009,145.6,97.0,0.518
37.12,32369.9,35764.0,1.4995,1.8783,145.6,97.0,0.518
37.14,32351.2,35688.7,1.4237,1.693,145.6,97.0,0.518
37.16,32267.1,35597.2,1.0832,1.4678,145.6,97.0,0.518
37.18,32264.7,35382.5,1.0736,0.9397,145.6,97.0,0.518
37.2,32129.8,35280.4,0.5276,0.6887,145.6,97.0,0.518
37.22,32072.6,35111.9,0.2963,0.274,145.6,97.0,0.518
37.24,32076.0,35164.3,0.3098,0.403,145.6,97.0,0.518
37.26,32019.7,35031.0,0.0822,0.0749,145.6,97.0,0.518
37.28,31969.3,34843.5,-0.1218,-0.3862,145.6,97.0,0.518
37.3,31907.5,34769.4,-0.3719,-0.5686,145.6,97.0,0.518
37.32,31845.4,34699.3,-0.6234,-0.7409,145.6,97.0,0.518
37.34,31775.4,34693.9,-0.9065,-0.7542,145.6,97.0,0.518
37.36,31801.0,34646.9,-0.8028,-0.8698,145.6,97.0,0.518
37.38,31825.4,34685.0,-0.704,-0.7762,145.6,97.0,0.518
37.4,31764.4,34516.7,-0.9511,-1.1903,145.6,97.0,0.518
37.42,31723.8,34463.3,-1.1154,-1.3217,145.6,97.0,0.518
37.44,31704.2,34526.6,-1.1946,-1.1659,145.6,97.0,0.518
37.46,31826.7,34606.8,-0.699,-0.9685,145.6,97.0,0.518
37.48,31982.9,34864.1,-0.0667,-0.3355,145.6,97.0,0.518
37.5,32109.8,35281.5,0.4467,0.6913,145.6,97.0,0.518
37.52,32272.2,35597.2,1.1041,1.4679,145.6,97.0,0.518
37.54,32316.7,35799.3,1.2841,1.9651,145.6,97.0,0.518
37.56,32247.4,35741.1,1.0035,1.8221,145.6,97.0,0.518
37.58,32280.3,35620.3,1.1367,1.5248,145.6,97.0,0.518
37.6,32163.3,35259.4,0.6634,0.6369,145.6,97.0,0.518
37.62,32161.0,35187.7,0.6538,0.4604,145.6,97.0,0.518
37.64,31973.9,35099.8,-0.1033,0.2444,145.6,97.0,0.518
37.66,31966.2,35094.2,-0.1344,0.2306,145.6,97.0,0.518
37.68,32027.0,35008.7,0.1118,0.02,145.6,97.0,0.518
37.7,31930.8,34834.1,-0.2777,-0.4094,145.6,97.0,0.518
37.72,31783.7,34684.5,-0.873,-0.7775,145.6,97.0,0.518
37.74,31771.2,34715.9,-0.9235,-0.7002,145.6,97.0,0.518
37.76,31807.0,34695.2,-0.7788,-0.7511,145.6,97.0,0.518
37.78,31856.8,34674.0,-0.577,-0.8033,145.6,97.0,0.518
37.8,31800.1,34542.3,-0.8068,-1.1274,145.6,97.0,0.518
37.82,31753.2,34521.0,-0.9963,-1.1797,145.6,97.0,0.518
37.84,31687.7,34555.9,-1.2614,-1.0938,145.6,97.0,0.518
37.86,31756.8,34476.4,-0.9818,-1.2893,145.6,97.0,0.518
37.88,31838.7,34704.1,-0.6504,-0.7293,145.6,97.0,0.518
37.9,32004.8,35105.5,0.0219,0.2582,145.6,97.0,0.518
37.92,32107.0,35446.5,0.4356,1.0971,145.6,97.0,0.518
37.94,32305.8,35689.6,1.24,1.6951,145.6,97.0,0.518
37.96,32319.4,35598.7,1.2948,1.4717,145.6,97.0,0.518
37.98,32283.2,35596.0,1.1486,1.4649,145.6,97.0,0.518
38.0,32222.7,35377.4,0.9036,0.9271,145.6,97.0,0.518
38.02,32171.8,35316.0,0.6975,0.776,145.6,97.0,0.518
38.04,32100.2,35137.8,0.4081,0.3377,145.6,97.0,0.518
38.06,31979.2,35045.1,-0.0818,0.1096,145.6,97.0,0.518
38.08,32051.8,35031.5,0.212,0.0762,145.6,97.0,0.518
38.1,31865.2,34881.6,-0.5433,-0.2924,145.6,97.0,0.518
38.12,31893.2,34759.4,-0.4298,-0.5931,145.6,97.0,0.518
38.14,31872.0,34787.2,-0.5156,-0.5248,145.6,97.0,0.518
38.16,31861.6,34744.7,-0.5577,-0.6294,145.6,97.0,0.518
38.18,31956.5,34668.1,-0.1737,-0.8178,145.6,97.0,0.518
38.2,31785.8,34553.0,-0.8646,-1.101,145.6,97.0,0.518
38.22,31773.0,34524.8,-0.9164,-1.1704,145.6,97.0,0.518
38.24,31832.4,34562.1,-0.6759,-1.0786,145.6,97.0,0.518
38.26,31765.1,34496.4,-0.9484,-1.2403,145.6,97.0,0.518
38.28,31754.0,34473.9,-0.9932,-1.2956,145.6,97.0,0.518
38.3,31934.6,34829.2,-0.2624,-0.4215,145.6,97.0,0.518
38.32,32098.4,35124.5,0.4005,0.305,145.6,97.0,0.518
38.34,32171.6,35524.1,0.6967,1.2881,145.6,97.0,0.518
38.36,32303.4,35755.0,1.2302,1.856,145.6,97.0,0.518
38.38,32394.8,35733.3,1.6002,1.8028,145.6,97.0,0.518
38.4,32256.8,35432.8,1.0416,1.0634,145.6,97.0,0.518
38.42,32182.8,35423.9,0.742,1.0416,145.6,97.0,0.518
38.44,32123.5,35201.7,0.502,0.4949,145.6,97.0,0.518
38.46,32029.1,35110.4,0.1202,0.2704,145.6,97.0,0.518
38.48,31977.8,35113.5,-0.0873,0.2781,145.6,97.0,0.518
38.5,31954.7,34996.9,-0.181,-0.0088,145.6,97.0,0.518
38.52,31918.8,34894.5,-0.3264,-0.2608,145.6,97.0,0.518
38.54,31785.3,34873.8,-0.8663,-0.3118,145.6,97.0,0.518
38.56,31889.3,34766.0,-0.4455,-0.5769,145.6,97.0,0.518
38.58,31867.4,34735.3,-0.5341,-0.6524,145.6,97.0,0.518
38.6,31858.5,34645.7,-0.5703,-0.8729,145.6,97.0,0.518
38.62,31837.0,34560.7,-0.6574,-1.082,145.6,97.0,0.518
38.64,31768.5,34634.1,-0.9346,-0.9014,145.6,97.0,0.518
38.66,31813.6,34557.3,-0.7517,-1.0903,145.6,97.0,0.518
38.68,31793.4,34385.8,-0.8338,-1.5122,145.6,97.0,0.518
38.7,31711.3,34581.9,-1.1658,-1.0299,145.6,97.0,0.518
38.72,32076.6,34970.8,0.3125,-0.073,145.6,97.0,0.518
38.74,32153.7,35268.7,0.6244,0.6598,145.6,97.0,0.518
38.76,32297.0,35590.5,1.2045,1.4513,145.6,97.0,0.518
38.78,32388.9,35682.4,1.5761,1.6776,145.6,97.0,0.518
38.8,32294.6,35722.1,1.1947,1.7751,145.6,97.0,0.518
38.82,32300.6,35530.2,1.219,1.3032,145.6,97.0,0.518
38.84,32143.0,35256.6,0.5809,0.6301,145.6,97.0,0.518
38.86,32108.1,35201.5,0.4398,0.4945,145.6,97.0,0.518
38.88,32076.0,35074.0,0.3099,0.1808,145.6,97.0,0.518
38.9,32015.5,35065.0,0.0652,0.1586,145.6,97.0,0.518
38.92,31980.5,34883.5,-0.0764,-0.2878,145.6,97.0,0.518
38.94,31966.2,34771.9,-0.1344,-0.5624,145.6,97.0,0.518
38.96,31859.5,34788.8,-0.566,-0.5207,145.6,97.0,0.518
38.98,31909.2,34710.2,-0.3649,-0.7142,145.6,97.0,0.518
39.0,31780.6,34662.8,-0.8855,-0.8307,145.6,97.0,0.518
39.02,31903.2,34635.2,-0.3894,-0.8987,145.6,97.0,0.518
39.04,31731.6,34561.0,-1.0838,-1.0814,145.6,97.0,0.518
39.06,31822.4,34448.8,-0.7164,-1.3573,145.6,97.0,0.518
39.08,31657.8,34501.4,-1.3826,-1.228,145.6,97.0,0.518
39.1,31769.7,34598.0,-0.9296,-0.9903,145.6,97.0,0.518
39.12,31869.3,34786.5,-0.5267,-0.5266,145.6,97.0,0.518
39.14,32092.3,35023.0,0.3758,0.0554,145.6,97.0,0.518
39.16,32220.8,35372.3,0.896,0.9147,145.6,97.0,0.518
39.18,32343.2,35590.7,1.3914,1.4519,145.6,97.0,0.518
39.2,32480.6,35777.7,1.9472,1.9121,145.6,97.0,0.518
39.22,32356.1,35623.1,1.4434,1.5316,145.6,97.0,0.518
39.24,32184.8,35481.9,0.7503,1.1843,145.6,97.0,0.518
39.26,32129.1,35310.7,0.5248,0.7631,145.6,97.0,0.518
39.28,32037.9,35075.0,0.1559,0.1831,145.6,97.0,0.518
39.3,32056.3,35087.4,0.2303,0.2139,145.6,97.0,0.518
39.32,32003.3,35025.1,0.0158,0.0606,145.6,97.0,0.518
39.34,32001.6,34877.3,0.009,-0.3031,145.6,97.0,0.518
39.36,31951.7,34780.1,-0.193,-0.5423,145.6,97.0,0.518
39.38,31929.0,34641.0,-0.2849,-0.8845,145.6,97.0,0.518
39.4,31860.2,34714.9,-0.5633,-0.7027,145.6,97.0,0.518
39.42,31865.5,34614.6,-0.542,-0.9494,145.6,97.0,0.518
39.44,31870.7,34605.5,-0.5208,-0.9719,145.6,97.0,0.518
39.46,31934.9,34576.8,-0.2609,-1.0425,145.6,97.0,0.518
39.48,31795.0,34444.4,-0.8274,-1.3682,145.6,97.0,0.518
39.5,31668.2,34525.4,-1.3404,-1.1688,145.6,97.0,0.518
39.52,31823.7,34526.9,-0.7109,-1.1652,145.6,97.0,0.518
39.54,31931.9,34877.4,-0.2731,-0.3028,145.6,97.0,0.518
39.56,32093.1,35197.6,0.379,0.4849,145.6,97.0,0.518
39.58,32273.6,35617.0,1.1098,1.5168,145.6,97.0,0.518
39.6,32367.7,35809.9,1.4905,1.9912,145.6,97.0,0.518
39.62,32362.5,35699.0,1.4692,1.7183,145.6,97.0,0.518
39.64,32290.3,35472.2,1.1772,1.1604,145.6,97.0,0.518
39.66,32198.1,35338.1,0.8042,0.8305,145.6,97.0,0.518
39.68,32104.3,35110.8,0.4244,0.2714,145.6,97.0,0.518
39.7,32008.4,35069.6,0.0364,0.17,145.6,97.0,0.518
39.72,32006.7,35091.7,0.0294,0.2243,145.6,97.0,0.518
39.74,31943.6,34979.2,-0.226,-0.0525,145.6,97.0,0.518
39.76,31965.1,34901.6,-0.139,-0.2433,145.6,97.0,0.518
39.78,31818.8,34744.5,-0.731,-0.6298,145.6,97.0,0.518
39.8,31917.7,34649.4,-0.3305,-0.8638,145.6,97.0,0.518
39.82,31818.9,34662.3,-0.7303,-0.832,145.6,97.0,0.518
39.84,31789.0,34582.5,-0.8516,-1.0283,145.6,97.0,0.518
39.86,31743.1,34694.3,-1.0373,-0.7534,145.6,97.0,0.518
39.88,31775.8,34597.9,-0.9049,-0.9906,145.6,97.0,0.518
39.9,31754.4,34423.5,-0.9917,-1.4196,145.6,97.0,0.518
39.92,31732.9,34562.2,-1.0784,-1.0783,145.6,97.0,0.518
39.94,31886.2,34666.8,-0.458,-0.8209,145.6,97.0,0.518
39.96,31951.2,35003.1,-0.1953,0.0063,145.6,97.0,0.518
39.98,32178.1,35428.7,0.7231,1.0534,145.6,97.0,0.518
40.0,32277.1,35632.2,1.1238,1.5539,145.6,97.0,0.518
40.02,32278.5,35640.4,1.1294,1.5743,145.6,97.0,0.519
40.04,32325.5,35646.3,1.3196,1.5888,145.6,97.0,0.519
40.06,32186.7,35451.1,0.7578,1.1085,145.6,97.0,0.52
40.08,32156.8,35331.5,0.6371,0.8144,145.5,97.0,0.52
40.1,32107.3,35183.8,0.4366,0.4508,145.5,97.0,0.521
40.12,32048.6,35107.9,0.1992,0.2641,145.5,97.0,0.521
40.14,32089.4,35021.7,0.3642,0.0521,145.5,97.0,0.522
40.16,31935.8,34877.8,-0.2573,-0.3019,145.5,96.9,0.522
40.18,31916.5,34881.9,-0.3354,-0.2918,145.4,96.9,0.523
40.2,31938.4,34757.3,-0.2469,-0.5982,145.4,96.9,0.523
40.22,31792.5,34670.7,-0.8372,-0.8113,145.4,96.9,0.524
40.24,31846.3,34681.1,-0.6197,-0.7858,145.4,96.9,0.524
40.26,31972.5,34603.8,-0.1089,-0.9759,145.4,96.9,0.525
40.28,31837.9,34538.9,-0.6535,-1.1355,145.3,96.9,0.525
40.3,31681.0,34567.4,-1.2886,-1.0654,145.3,96.9,0.526
40.32,31609.0,34386.1,-1.5798,-1.5117,145.3,96.8,0.526
40.34,31742.0,34551.3,-1.0418,-1.1052,145.3,96.8,0.527
40.36,31859.5,34885.9,-0.5661,-0.282,145.3,96.8,0.527
40.38,32038.5,35202.2,0.1584,0.4962,145.2,96.8,0.528
40.4,32130.9,35539.9,0.5321,1.3269,145.2,96.8,0.528
40.42,32371.3,35782.7,1.505,1.9243,145.2,96.8,0.529
40.44,32330.0,35730.6,1.338,1.796,145.2,96.8,0.529
40.46,32241.6,35587.1,0.9802,1.4431,145.2,96.8,0.53
40.48,32216.7,35426.1,0.8795,1.0469,145.1,96.7,0.53
40.5,32036.1,35249.8,0.1486,0.6132,145.1,96.7,0.531
40.52,32009.4,35162.8,0.0404,0.3993,145.1,96.7,0.531
40.54,31948.8,35107.1,-0.2047,0.2623,145.1,96.7,0.532
40.56,32000.0,35109.6,0.0022,0.2684,145.1,96.7,0.532
40.58,31886.6,34920.3,-0.4566,-0.1972,145.0,96.7,0.533
40.6,31812.6,34747.3,-0.7562,-0.6229,145.0,96.7,0.533
40.62,31892.2,34678.7,-0.434,-0.7917,145.0,96.7,0.534
40.64,31816.0,34709.5,-0.7423,-0.716,145.0,96.6,0.534
40.66,31816.3,34691.3,-0.7409,-0.7607,145.0,96.6,0.535
40.68,31810.4,34528.6,-0.7649,-1.1609,144.9,96.6,0.535
40.7,31684.3,34494.4,-1.2752,-1.2451,144.9,96.6,0.536
40.72,31778.0,34475.6,-0.8959,-1.2914,144.9,96.6,0.536
40.74,31665.7,34475.3,-1.3503,-1.292,144.9,96.6,0.537
40.76,31849.1,34638.7,-0.6084,-0.8901,144.9,96.6,0.537
40.78,31835.5,34922.5,-0.6633,-0.1919,144.8,96.6,0.538
40.8,32226.9,35331.4,0.9208,0.8141,144.8,96.5,0.538
40.82,32282.1,35676.8,1.1441,1.6637,144.8,96.5,0.539
40.84,32274.9,35689.5,1.1147,1.6951,144.8,96.5,0.539
40.86,32378.5,35733.8,1.5341,1.8041,144.8,96.5,0.54
40.88,32261.4,35667.7,1.0603,1.6413,144.7,96.5,0.541
40.9,32139.3,35276.2,0.5661,0.6783,144.7,96.5,0.541
40.92,32146.8,35213.6,0.5963,0.5243,144.7,96.5,0.542
40.94,32006.6,35106.3,0.0293,0.2602,144.7,96.4,0.542
40.96,31998.2,35090.4,-0.005,0.2212,144.7,96.4,0.543
40.98,32003.2,35039.2,0.0154,0.0951,144.6,96.4,0.543
41.0,31885.3,34854.1,-0.4619,-0.3601,144.6,96.4,0.544
41.02,31918.5,34732.0,-0.3273,-0.6606,144.6,96.4,0.544
41.04,31858.8,34650.9,-0.5691,-0.86,144.6,96.4,0.545
41.06,31855.2,34707.6,-0.5837,-0.7205,144.6,96.4,0.545
41.08,31721.7,34772.9,-1.124,-0.56,144.5,96.4,0.546
41.1,31767.4,34691.5,-0.9387,-0.7601,144.5,96.3,0.546
41.12,31765.5,34483.9,-0.9465,-1.2709,144.5,96.3,0.547
41.14,31758.5,34362.1,-0.9748,-1.5705,144.5,96.3,0.547
41.16,31773.4,34485.6,-0.9145,-1.2667,144.5,96.3,0.548
41.18,31903.2,34750.0,-0.3895,-0.6164,144.4,96.3,0.548
41.2,32037.6,35008.9,0.1546,0.0206,144.4,96.3,0.549
41.22,32157.9,35378.9,0.6415,0.9308,144.4,96.3,0.549
41.24,32319.3,35669.1,1.2944,1.6447,144.4,96.3,0.55
41.26,32310.9,35742.7,1.2606,1.8258,144.4,96.2,0.55
41.28,32374.5,35688.3,1.5179,1.692,144.3,96.2,0.551
41.3,32221.6,35516.9,0.899,1.2705,144.3,96.2,0.551
41.32,32099.0,35236.0,0.4032,0.5793,144.3,96.2,0.552
41.34,32109.4,35122.8,0.4449,0.301,144.3,96.2,0.552
41.36,32070.5,35121.2,0.2879,0.2968,144.3,96.2,0.553
41.38,31929.5,35055.7,-0.2828,0.1359,144.2,96.2,0.553
41.4,32056.5,34970.0,0.2309,-0.0751,144.2,96.2,0.554
41.42,31984.5,34879.1,-0.0603,-0.2988,144.2,96.1,0.554
41.44,31869.1,34710.4,-0.5274,-0.7136,144.2,96.1,0.555
41.46,31832.3,34759.2,-0.6761,-0.5936,144.2,96.1,0.555
41.48,31861.8,34665.2,-0.557,-0.8249,144.1,96.1,0.556
41.5,31888.7,34640.5,-0.448,-0.8858,144.1,96.1,0.556
41.52,31786.9,34665.5,-0.8599,-0.8242,144.1,96.1,0.557
41.54,31782.7,34445.4,-0.8771,-1.3657,144.1,96.1,0.557
41.56,31726.0,34405.7,-1.1063,-1.4633,144.1,96.1,0.558
41.58,31705.2,34502.0,-1.1904,-1.2264,144.0,96.0,0.558
41.6,31908.8,34772.7,-0.3667,-0.5604,144.0,96.0,0.559
41.62,32083.4,35003.6,0.3398,0.0076,144.0,96.0,0.559
41.64,32234.4,35445.2,0.9511,1.094,144.0,96.0,0.56
41.66,32291.9,35735.4,1.1838,1.808,144.0,96.0,0.56
41.68,32315.1,35705.3,1.2777,1.734,143.9,96.0,0.561
41.7,32233.5,35565.0,0.9472,1.3888,143.9,96.0,0.561
41.72,32227.8,35496.1,0.9242,1.2193,143.9,96.0,0.562
41.74,32122.4,35216.8,0.4977,0.5322,143.9,95.9,0.562
41.76,32100.6,35143.8,0.4095,0.3525,143.9,95.9,0.563
41.78,31948.6,35087.9,-0.2057,0.215,143.8,95.9,0.563
41.8,32034.8,35055.5,0.1434,0.1353,143.8,95.9,0.564
41.82,31905.7,34965.9,-0.3791,-0.0851,143.8,95.9,0.564
41.84,31931.0,34768.9,-0.2768,-0.5697,143.8,95.9,0.565
41.86,31874.0,34663.4,-0.5074,-0.8294,143.8,95.9,0.565
41.88,31900.9,34658.9,-0.3987,-0.8403,143.7,95.9,0.566
41.9,31824.7,34636.9,-0.707,-0.8947,143.7,95.8,0.566
41.92,31823.0,34569.7,-0.7138,-1.0599,143.7,95.8,0.567
41.94,31668.3,34552.2,-1.3398,-1.1028,143.7,95.8,0.567
41.96,31750.6,34462.6,-1.0068,-1.3233,143.7,95.8,0.568
41.98,31648.4,34436.1,-1.4205,-1.3885,143.6,95.8,0.569
42.0,31824.4,34408.2,-0.7084,-1.4572,143.6,95.8,0.569
42.02,31837.3,34818.0,-0.6561,-0.449,143.6,95.8,0.57
42.04,32135.7,35101.1,0.5517,0.2476,143.6,95.7,0.57
42.06,32208.0,35414.5,0.8441,1.0185,143.6,95.7,0.571
42.08,32461.4,35673.1,1.8696,1.6546,143.5,95.7,0.571
42.1,32312.3,35697.5,1.2661,1.7146,143.5,95.7,0.572
42.12,32334.8,35568.5,1.3573,1.3973,143.5,95.7,0.572
42.14,32201.0,35519.8,0.8159,1.2776,143.5,95.7,0.573
42.16,32099.0,35308.8,0.4029,0.7583,143.5,95.7,0.573
42.18,32131.5,35047.9,0.5345,0.1167,143.4,95.7,0.574
42.2,32081.0,35103.5,0.33,0.2534,143.4,95.6,0.574
42.22,31990.9,34990.2,-0.0345,-0.0254,143.4,95.6,0.575
42.24,31892.9,34892.2,-0.431,-0.2664,143.4,95.6,0.575
42.26,31936.3,34850.3,-0.2554,-0.3695,143.4,95.6,0.576
42.28,31846.6,34723.2,-0.6183,-0.6823,143.3,95.6,0.576
42.3,31851.1,34707.5,-0.6002,-0.7209,143.3,95.6,0.577
42.32,31920.3,34677.2,-0.3199,-0.7953,143.3,95.6,0.577
42.34,31836.3,34640.1,-0.6602,-0.8868,143.3,95.6,0.578
42.36,31709.1,34582.8,-1.175,-1.0277,143.3,95.5,0.578
42.38,31740.8,34399.3,-1.0464,-1.4791,143.2,95.5,0.579
42.4,31662.6,34461.4,-1.3631,-1.3263,143.2,95.5,0.579
42.42,31691.5,34509.1,-1.2461,-1.2089,143.2,95.5,0.58
42.44,31829.9,34846.9,-0.686,-0.378,143.2,95.5,0.58
42.46,32089.1,35187.5,0.3628,0.4601,143.2,95.5,0.581
42.48,32302.2,35535.8,1.2252,1.317,143.1,95.5,0.581
42.5,32422.3,35665.6,1.7114,1.6362,143.1,95.5,0.582
42.52,32360.2,35781.1,1.4601,1.9204,143.1,95.4,0.582
42.54,32367.9,35597.8,1.4913,1.4694,143.1,95.4,0.583
42.56,32228.3,35352.1,0.9263,0.8648,143.1,95.4,0.583
42.58,32220.5,35192.5,0.8946,0.4723,143.0,95.4,0.584
42.6,32269.8,35126.5,1.0944,0.3099,143.0,95.4,0.584
42.62,32038.2,35108.9,0.1569,0.2668,143.0,95.4,0.585
42.64,32104.5,35065.3,0.4254,0.1595,143.0,95.4,0.585
42.66,31886.8,34878.3,-0.4555,-0.3006,143.0,95.4,0.586
42.68,31826.9,34776.7,-0.698,-0.5505,142.9,95.3,0.586
42.7,31823.4,34676.4,-0.7123,-0.7973,142.9,95.3,0.587
42.72,31835.4,34701.6,-0.6636,-0.7354,142.9,95.3,0.587
42.74,31814.4,34640.1,-0.7486,-0.8868,142.9,95.3,0.588
42.76,31783.4,34569.3,-0.874,-1.0609,142.9,95.3,0.588
42.78,31754.6,34518.1,-0.9906,-1.1868,142.8,95.3,0.589
42.8,31642.4,34440.9,-1.4447,-1.3766,142.8,95.3,0.589
42.82,31715.3,34466.8,-1.1499,-1.313,142.8,95.3,0.59
42.84,31754.6,34543.9,-0.9907,-1.1234,142.8,95.2,0.59
42.86,31902.4,34777.5,-0.3927,-0.5487,142.8,95.2,0.591
42.88,32055.3,35200.3,0.2261,0.4916,142.7,95.2,0.591
42.9,32298.3,35556.7,1.2096,1.3683,142.7,95.2,0.592
42.92,32386.6,35708.1,1.567,1.7407,142.7,95.2,0.592
42.94,32376.2,35778.9,1.5248,1.915,142.7,95.2,0.593
42.96,32285.0,35595.2,1.1558,1.4631,142.7,95.2,0.593
42.98,32197.6,35312.7,0.8019,0.7681,142.6,95.2,0.594
43.0,32042.0,35309.8,0.1725,0.7608,142.6,95.1,0.594
43.02,32080.7,35213.3,0.329,0.5234,142.6,95.1,0.595
43.04,32067.8,35122.9,0.2769,0.3011,142.6,95.1,0.595
43.06,31991.5,35093.3,-0.0318,0.2283,142.6,95.1,0.596
43.08,31920.9,34979.0,-0.3176,-0.0528,142.5,95.1,0.597
43.1,31973.4,34859.0,-0.1054,-0.348,142.5,95.1,0.597
43.12,31779.3,34756.3,-0.8906,-0.6008,142.5,95.1,0.598
43.14,31870.5,34785.9,-0.5215,-0.528,142.5,95.0,0.598
43.16,31739.8,34744.3,-1.0505,-0.6304,142.5,95.0,0.599
43.18,31866.1,34683.0,-0.5397,-0.7812,142.4,95.0,0.599
43.2,31740.6,34566.0,-1.0473,-1.0689,142.4,95.0,0.6
43.22,31716.0,34523.2,-1.1471,-1.1742,142.4,95.0,0.6
43.24,31733.0,34374.3,-1.0779,-1.5406,142.4,95.0,0.601
43.26,31725.5,34486.0,-1.1083,-1.2658,142.4,95.0,0.601
43.28,31843.5,34843.4,-0.6308,-0.3866,142.3,95.0,0.602
43.3,32071.9,35039.2,0.2935,0.0952,142.3,94.9,0.602
43.32,32260.8,35491.2,1.0579,1.2072,142.3,94.9,0.603
43.34,32339.9,35828.9,1.3778,2.0381,142.3,94.9,0.603
43.36,32445.8,35725.6,1.8064,1.7838,142.3,94.9,0.604
43.38,32359.4,35728.8,1.4569,1.7916,142.2,94.9,0.604
43.4,32257.2,35377.5,1.0433,0.9275,142.2,94.9,0.605
43.42,32165.0,35237.7,0.6701,0.5835,142.2,94.9,0.605
43.44,32049.2,35178.7,0.2014,0.4383,142.2,94.9,0.606
43.46,32003.6,35113.1,0.0168,0.2769,142.2,94.8,0.606
43.48,31921.2,34999.1,-0.3166,-0.0035,142.1,94.8,0.607
43.5,31906.3,34880.0,-0.3769,-0.2965,142.1,94.8,0.607
43.52,31896.8,34932.1,-0.4154,-0.1684,142.1,94.8,0.608
43.54,31837.8,34686.2,-0.6538,-0.7733,142.1,94.8,0.608
43.56,31876.9,34623.3,-0.4956,-0.928,142.1,94.8,0.609
43.58,31759.1,34724.3,-0.9724,-0.6796,142.0,94.8,0.609
43.6,31794.1,34653.3,-0.8311,-0.8543,142.0,94.8,0.61
43.62,31720.6,34587.9,-1.1281,-1.015,142.0,94.7,0.61
43.64,31738.4,34551.3,-1.0561,-1.105,142.0,94.7,0.611
43.66,31700.5,34465.1,-1.2097,-1.3173,142.0,94.7,0.611
43.68,31773.0,34589.8,-0.9161,-1.0103,141.9,94.7,0.612
43.7,31930.1,34790.9,-0.2803,-0.5158,141.9,94.7,0.612
43.72,31982.7,35117.9,-0.0676,0.2887,141.9,94.7,0.613
43.74,32302.8,35531.6,1.2278,1.3066,141.9,94.7,0.613
43.76,32417.5,35794.7,1.6919,1.9538,141.9,94.7,0.614
43.78,32439.1,35707.5,1.7793,1.7394,141.8,94.6,0.614
43.8,32405.6,35607.4,1.6437,1.4931,141.8,94.6,0.615
43.82,32184.8,35400.5,0.7502,0.9841,141.8,94.6,0.615
43.84,32318.4,35290.4,1.2909,0.713,141.8,94.6,0.616
43.86,32034.4,35095.6,0.1416,0.2339,141.8,94.6,0.616
43.88,32073.7,35124.9,0.3005,0.3061,141.7,94.6,0.617
43.9,31965.9,35046.3,-0.1354,0.1126,141.7,94.6,0.617
43.92,31999.4,34936.1,-0.0002,-0.1584,141.7,94.6,0.618
43.94,31861.6,34862.4,-0.5579,-0.3398,141.7,94.5,0.618
43.96,31878.2,34773.7,-0.4905,-0.5579,141.7,94.5,0.619
43.98,31882.4,34647.0,-0.4733,-0.8697,141.6,94.5,0.619
44.0,31810.6,34718.9,-0.7642,-0.6929,141.6,94.5,0.62
44.02,31775.4,34633.1,-0.9064,-0.904,141.6,94.5,0.62
44.04,31689.8,34601.3,-1.2531,-0.982,141.6,94.5,0.621
44.06,31752.7,34489.6,-0.9982,-1.2568,141.6,94.5,0.621
44.08,31613.4,34399.8,-1.5623,-1.4778,141.5,94.5,0.622
44.1,31762.3,34392.9,-0.9597,-1.4948,141.5,94.4,0.622
44.12,31795.6,34708.5,-0.8248,-0.7184,141.5,94.4,0.623
44.14,32040.8,35024.9,0.1673,0.06,141.5,94.4,0.623
44.16,32178.8,35405.6,0.7258,0.9965,141.5,94.4,0.624
44.18,32407.6,35648.3,1.6518,1.5936,141.4,94.4,0.625
44.2,32400.4,35727.3,1.6229,1.788,141.4,94.4,0.625
44.22,32306.9,35688.6,1.2443,1.6929,141.4,94.4,0.626
44.24,32271.6,35427.6,1.1013,1.0508,141.4,94.3,0.626
44.26,32259.3,35284.3,1.0516,0.6981,141.4,94.3,0.627
44.28,32125.6,35158.5,0.5108,0.3886,141.3,94.3,0.627
44.3,32110.5,35087.8,0.4496,0.2147,141.3,94.3,0.628
44.32,32064.2,35153.8,0.262,0.3772,141.3,94.3,0.628
44.34,31994.7,35136.9,-0.0192,0.3355,141.3,94.3,0.629
44.36,31774.2,34783.4,-0.9112,-0.5342,141.3,94.3,0.629
44.38,31825.9,34819.4,-0.7021,-0.4457,141.2,94.3,0.63
44.4,31857.8,34635.1,-0.5729,-0.899,141.2,94.2,0.63
44.42,31749.8,34672.2,-1.0101,-0.8077,141.2,94.2,0.631
44.44,31873.1,34668.5,-0.511,-0.8167,141.2,94.2,0.631
44.46,31730.3,34555.9,-1.0892,-1.0937,141.2,94.2,0.632
44.48,31745.5,34479.0,-1.0274,-1.2831,141.1,94.2,0.632
44.5,31708.3,34518.1,-1.1782,-1.1869,141.1,94.2,0.633
44.52,31613.7,34385.4,-1.5611,-1.5134,141.1,94.2,0.633
44.54,31814.8,34569.4,-0.747,-1.0606,141.1,94.2,0.634
44.56,31894.7,34945.2,-0.4239,-0.1361,141.1,94.1,0.634
44.58,32300.9,35315.1,1.2201,0.7739,141.0,94.1,0.635
44.6,32362.7,35557.1,1.47,1.3694,141.0,94.1,0.635
44.62,32517.9,35738.7,2.0982,1.816,141.0,94.1,0.636
44.64,32433.0,35688.6,1.7548,1.6928,141.0,94.1,0.636
44.66,32341.4,35551.7,1.384,1.3559,141.0,94.1,0.637
44.68,32159.1,35334.1,0.6461,0.8207,140.9,94.1,0.637
44.7,32111.6,35167.4,0.454,0.4107,140.9,94.1,0.638
44.72,32134.2,35151.6,0.5453,0.3718,140.9,94.0,0.638
44.74,31958.9,35140.8,-0.164,0.3452,140.9,94.0,0.639
44.76,31992.7,35077.7,-0.027,0.1899,140.9,94.0,0.639
44.78,31956.2,34918.9,-0.1747,-0.2008,140.8,94.0,0.64
44.8,31940.7,34807.5,-0.2378,-0.4748,140.8,94.0,0.64
44.82,31790.6,34657.0,-0.8449,-0.845,140.8,94.0,0.641
44.84,31866.3,34678.2,-0.5385,-0.7929,140.8,94.0,0.641
44.86,31782.8,34768.7,-0.8767,-0.5703,140.8,94.0,0.642
44.88,31758.1,34651.2,-0.9767,-0.8594,140.7,93.9,0.642
44.9,31748.2,34511.6,-1.0166,-1.2028,140.7,93.9,0.643
44.92,31788.2,34508.0,-0.8546,-1.2116,140.7,93.9,0.643
44.94,31742.2,34469.9,-1.0407,-1.3053,140.7,93.9,0.644
44.96,31763.8,34556.7,-0.9535,-1.0917,140.7,93.9,0.644
44.98,31811.2,34856.4,-0.7615,-0.3547,140.6,93.9,0.645
45.0,32092.6,35196.3,0.3772,0.4816,140.6,93.9,0.645
45.02,32315.6,35592.6,1.2796,1.4567,140.6,93.9,0.646
45.04,32434.8,35620.7,1.7619,1.5256,140.6,93.8,0.646
45.06,32507.4,35752.5,2.0559,1.8499,140.6,93.8,0.647
45.08,32358.4,35683.9,1.4528,1.6813,140.5,93.8,0.647
45.1,32245.3,35317.2,0.9952,0.779,140.5,93.8,0.648
45.12,32080.2,35271.9,0.3269,0.6675,140.5,93.8,0.648
45.14,32033.8,35193.3,0.1394,0.4743,140.5,93.8,0.649
45.16,31993.5,35096.0,-0.0239,0.2348,140.5,93.8,0.649
45.18,32020.2,35034.7,0.0841,0.0841,140.4,93.8,0.65
45.2,31907.4,35006.7,-0.3725,0.0152,140.4,93.7,0.65
45.22,31851.3,34787.1,-0.5995,-0.525,140.4,93.7,0.651
45.24,31859.4,34672.0,-0.5664,-0.8081,140.4,93.7,0.651
45.26,31843.6,34632.1,-0.6304,-0.9063,140.4,93.7,0.652
45.28,31762.3,34677.6,-0.9595,-0.7944,140.3,93.7,0.653
45.3,31765.7,34624.9,-0.9458,-0.9241,140.3,93.7,0.653
45.32,31727.2,34540.9,-1.1015,-1.1306,140.3,93.7,0.654
45.34,31677.4,34449.1,-1.3031,-1.3566,140.3,93.6,0.654
45.36,31779.4,34467.9,-0.8904,-1.3104,140.3,93.6,0.655
45.38,31704.8,34532.1,-1.1922,-1.1524,140.2,93.6,0.655
45.4,31934.1,34733.7,-0.2645,-0.6564,140.2,93.6,0.656
45.42,32038.5,35113.6,0.1582,0.2782,140.2,93.6,0.656
45.44,32221.6,35441.7,0.899,1.0853,140.2,93.6,0.657
45.46,32491.8,35700.9,1.9925,1.7231,140.2,93.6,0.657
45.48,32467.2,35755.4,1.893,1.857,140.1,93.6,0.658
45.5,32390.5,35628.2,1.5829,1.5442,140.1,93.5,0.658
45.52,32255.9,35449.3,1.038,1.104,140.1,93.5,0.659
45.54,32241.0,35257.4,0.9776,0.632,140.1,93.5,0.659
45.56,32076.1,35225.8,0.3104,0.5541,140.1,93.5,0.66
45.58,32020.2,35084.1,0.084,0.2056,140.0,93.5,0.66
45.6,32027.8,35091.2,0.115,0.2231,140.0,93.5,0.661
45.62,31966.3,35021.0,-0.134,0.0504,140.0,93.5,0.661
45.64,31877.4,34905.5,-0.4938,-0.2337,140.0,93.5,0.662
45.66,31836.0,34764.3,-0.6612,-0.5811,140.0,93.4,0.662
45.68,31789.7,34696.0,-0.8488,-0.749,139.9,93.4,0.663
45.7,31811.4,34710.1,-0.7607,-0.7146,139.9,93.4,0.663
45.72,31798.5,34646.0,-0.8131,-0.8722,139.9,93.4,0.664
45.74,31659.8,34653.3,-1.3745,-0.8541,139.9,93.4,0.664
45.76,31768.8,34575.2,-0.9333,-1.0463,139.9,93.4,0.665
45.78,31774.4,34422.1,-0.9106,-1.4231,139.8,93.4,0.665
45.8,31640.4,34534.5,-1.453,-1.1466,139.8,93.4,0.666
45.82,31719.8,34620.8,-1.1315,-0.9342,139.8,93.3,0.666
45.84,31925.1,34891.1,-0.3005,-0.2693,139.8,93.3,0.667
45.86,32239.8,35173.6,0.9729,0.4259,139.8,93.3,0.667
45.88,32419.9,35649.1,1.7017,1.5955,139.7,93.3,0.668
45.9,32495.1,35705.6,2.0061,1.7346,139.7,93.3,0.668
45.92,32442.3,35833.5,1.7921,2.0492,139.7,93.3,0.669
45.94,32294.9,35678.3,1.1956,1.6675,139.7,93.3,0.669
45.96,32176.0,35401.2,0.7144,0.9857,139.7,93.3,0.67
45.98,32038.9,35188.7,0.1597,0.4629,139.6,93.2,0.67
46.0,32041.8,35125.5,0.1714,0.3075,139.6,93.2,0.671
46.02,32059.5,35065.7,0.2431,0.1603,139.6,93.2,0.671
46.04,31987.3,34954.5,-0.0491,-0.1132,139.6,93.2,0.672
46.06,31914.7,34933.5,-0.3426,-0.1648,139.6,93.2,0.672
46.08,31917.4,34692.9,-0.3318,-0.7567,139.5,93.2,0.673
46.1,31736.2,34713.3,-1.065,-0.7066,139.5,93.2,0.673
46.12,31782.7,34780.6,-0.877,-0.5411,139.5,93.2,0.674
46.14,31817.0,34626.8,-0.7381,-0.9195,139.5,93.1,0.674
46.16,31777.4,34670.9,-0.8986,-0.8109,139.5,93.1,0.675
46.18,31764.2,34559.9,-0.9517,-1.084,139.4,93.1,0.675
46.2,31636.1,34489.8,-1.4701,-1.2564,139.4,93.1,0.676
46.22,31728.3,34397.3,-1.0971,-1.4841,139.4,93.1,0.676
46.24,31719.2,34503.2,-1.1341,-1.2235,139.4,93.1,0.677
46.26,31839.8,34697.9,-0.6458,-0.7444,139.4,93.1,0.677
46.28,32074.8,35150.7,0.3051,0.3695,139.3,93.1,0.678
46.3,32273.2,35507.1,1.1081,1.2464,139.3,93.0,0.678
46.32,32402.0,35736.1,1.629,1.8097,139.3,93.0,0.679
46.34,32533.2,35739.6,2.1603,1.8183,139.3,93.0,0.679
46.36,32435.5,35599.7,1.7647,1.4741,139.3,93.0,0.68
46.38,32220.9,35413.8,0.8963,1.0167,139.2,93.0,0.681
46.4,32111.6,35226.0,0.454,0.5546,139.2,93.0,0.681
46.42,32153.2,35057.8,0.6223,0.1408,139.2,93.0,0.682
46.44,32085.4,35105.1,0.3482,0.2572,139.2,92.9,0.682
46.46,31960.8,35040.1,-0.1564,0.0974,139.2,92.9,0.683
46.48,32051.6,34948.9,0.2114,-0.127,139.1,92.9,0.683
46.5,31906.3,34924.1,-0.377,-0.1879,139.1,92.9,0.684
46.52,31873.6,34753.1,-0.5092,-0.6088,139.1,92.9,0.684
46.54,31806.2,34719.7,-0.7821,-0.6909,139.1,92.9,0.685
46.56,31799.6,34624.1,-0.8086,-0.9259,139.1,92.9,0.685
46.58,31791.1,34723.7,-0.8432,-0.681,139.0,92.9,0.686
46.6,31714.8,34566.7,-1.1519,-1.0672,139.0,92.8,0.686
46.62,31689.7,34487.3,-1.2535,-1.2625,139.0,92.8,0.687
46.64,31686.0,34600.2,-1.2683,-0.9849,139.0,92.8,0.687
46.66,31601.2,34436.5,-1.6113,-1.3876,139.0,92.8,0.688
46.68,31728.8,34558.5,-1.095,-1.0874,138.9,92.8,0.688
46.7,31992.1,34940.7,-0.0295,-0.1471,138.9,92.8,0.689
46.72,32138.4,35275.9,0.5624,0.6775,138.9,92.8,0.689
46.74,32371.2,35581.6,1.5044,1.4294,138.9,92.8,0.69
46.76,32492.4,35804.4,1.9952,1.9776,138.9,92.7,0.69
46.78,32382.9,35776.7,1.5518,1.9096,138.8,92.7,0.691
46.8,32427.7,35557.6,1.7333,1.3706,138.8,92.7,0.691
46.82,32253.1,35408.2,1.0267,1.0029,138.8,92.7,0.692
46.84,32243.2,35282.8,0.9865,0.6945,138.8,92.7,0.692
46.86,32091.3,35173.9,0.3719,0.4267,138.8,92.7,0.693
46.88,32082.3,35073.2,0.3354,0.1788,138.7,92.7,0.693
46.9,31974.0,35053.8,-0.1027,0.1312,138.7,92.7,0.694
46.92,31851.1,35002.1,-0.6004,0.0039,138.7,92.6,0.694
46.94,31895.1,34898.5,-0.422,-0.251,138.7,92.6,0.695
46.96,31884.1,34695.7,-0.4668,-0.7498,138.7,92.6,0.695
46.98,31755.4,34663.2,-0.9874,-0.8299,138.6,92.6,0.696
47.0,31688.5,34575.2,-1.2582,-1.0462,138.6,92.6,0.696
47.02,31755.7,34644.6,-0.9864,-0.8756,138.6,92.6,0.697
47.04,31648.6,34513.6,-1.4198,-1.1979,138.6,92.6,0.697
47.06,31666.6,34487.0,-1.3468,-1.2632,138.6,92.6,0.698
47.08,31672.3,34432.6,-1.3239,-1.3972,138.5,92.5,0.698
47.1,31697.2,34342.4,-1.2229,-1.6191,138.5,92.5,0.699
47.12,31799.1,34640.3,-0.8108,-0.8863,138.5,92.5,0.699
47.14,31974.8,34966.8,-0.0997,-0.0829,138.5,92.5,0.7
47.16,32287.6,35372.1,1.1665,0.9142,138.5,92.5,0.7
47.18,32364.1,35592.3,1.4757,1.456,138.4,92.5,0.701
47.2,32431.5,35807.2,1.7484,1.9847,138.4,92.5,0.701
47.22,32479.3,35765.4,1.9419,1.8818,138.4,92.5,0.702
47.24,32265.3,35531.0,1.0761,1.3052,138.4,92.4,0.702
47.26,32261.1,35425.5,1.0592,1.0456,138.4,92.4,0.703
47.28,32165.9,35221.4,0.6736,0.5433,138.3,92.4,0.703
47.3,31987.3,35102.1,-0.0491,0.2498,138.3,92.4,0.704
47.32,32157.3,35164.8,0.6388,0.4042,138.3,92.4,0.704
47.34,31975.4,34970.0,-0.0972,-0.0751,138.3,92.4,0.705
47.36,31981.4,34890.4,-0.0729,-0.2709,138.3,92.4,0.705
47.38,31819.6,34699.0,-0.7275,-0.7417,138.2,92.4,0.706
47.4,31788.1,34729.7,-0.8552,-0.6663,138.2,92.3,0.706
47.42,31833.3,34662.3,-0.6721,-0.8319,138.2,92.3,0.707
47.44,31744.3,34612.1,-1.0325,-0.9555,138.2,92.3,0.707
47.46,31722.2,34700.5,-1.1218,-0.7381,138.2,92.3,0.708
47.48,31765.4,34526.7,-0.947,-1.1657,138.1,92.3,0.709
47.5,31655.4,34461.5,-1.3923,-1.326,138.1,92.3,0.709
47.52,31741.8,34559.5,-1.0423,-1.0848,138.1,92.3,0.71
47.54,31646.9,34565.1,-1.4267,-1.0712,138.1,92.2,0.71
47.56,31896.0,34790.0,-0.4185,-0.5178,138.1,92.2,0.711
47.58,32142.4,35154.7,0.5786,0.3793,138.0,92.2,0.711
47.6,32300.5,35424.8,1.2184,1.0438,138.0,92.2,0.712
47.62,32494.9,35683.7,2.0051,1.6806,138.0,92.2,0.712
47.64,32435.5,35826.4,1.7647,2.0317,138.0,92.2,0.713
47.66,32443.5,35702.3,1.7971,1.7264,138.0,92.2,0.713
47.68,32270.1,35502.6,1.0955,1.2352,137.9,92.2,0.714
47.7,32252.2,35282.8,1.0232,0.6944,137.9,92.1,0.714
47.72,32118.2,35184.7,0.4808,0.4532,137.9,92.1,0.715
47.74,32054.9,35032.8,0.2244,0.0793,137.9,92.1,0.715
47.76,32007.0,35048.2,0.0305,0.1174,137.9,92.1,0.716
47.78,32080.5,34949.6,0.3281,-0.1252,137.8,92.1,0.716
47.8,32013.3,34972.8,0.0562,-0.0681,137.8,92.1,0.717
47.82,31897.0,34782.0,-0.4143,-0.5375,137.8,92.1,0.717
47.84,31771.4,34709.5,-0.9226,-0.716,137.8,92.1,0.718
47.86,31730.1,34593.4,-1.0898,-1.0015,137.8,92.0,0.718
47.88,31817.4,34640.2,-0.7364,-0.8863,137.7,92.0,0.719
47.9,31691.7,34756.2,-1.2451,-0.6009,137.7,92.0,0.719
47.92,31741.9,34590.4,-1.0422,-1.0089,137.7,92.0,0.72
47.94,31701.5,34501.7,-1.2056,-1.2273,137.7,92.0,0.72
47.96,31676.1,34424.5,-1.3083,-1.4172,137.7,92.0,0.721
47.98,31726.1,34611.0,-1.106,-0.9582,137.6,92.0,0.721
48.0,31921.7,34792.3,-0.3143,-0.5123,137.6,92.0,0.722
48.02,32156.8,35178.7,0.6368,0.4383,137.6,91.9,0.722
48.04,32391.2,35637.1,1.5855,1.5662,137.6,91.9,0.723
48.06,32461.8,35747.9,1.8713,1.8386,137.6,91.9,0.723
48.08,32566.5,35779.8,2.2951,1.9171,137.5,91.9,0.724
48.1,32375.8,35546.1,1.5231,1.3421,137.5,91.9,0.724
48.12,32283.8,35374.0,1.1509,0.9189,137.5,91.9,0.725
48.14,32231.3,35258.6,0.9384,0.6348,137.5,91.9,0.725
48.16,32073.7,35070.9,0.3008,0.1732,137.5,91.9,0.726
48.18,31985.4,35075.3,-0.0565,0.184,137.4,91.8,0.726
48.2,32031.7,35024.8,0.1307,0.0598,137.4,91.8,0.727
48.22,31959.5,35029.6,-0.1614,0.0715,137.4,91.8,0.727
48.24,31811.9,34845.8,-0.7589,-0.3806,137.4,91.8,0.728
48.26,31895.7,34786.7,-0.4197,-0.526,137.4,91.8,0.728
48.28,31795.3,34675.9,-0.8262,-0.7986,137.3,91.8,0.729
48.3,31764.8,34698.5,-0.9493,-0.7429,137.3,91.8,0.729
48.32,31800.0,34713.7,-0.8071,-0.7056,137.3,91.8,0.73
48.34,31654.0,34610.4,-1.3977,-0.9596,137.3,91.7,0.73
48.36,31628.9,34563.0,-1.4994,-1.0764,137.3,91.7,0.731
48.38,31704.9,34498.4,-1.1918,-1.2352,137.2,91.7,0.731
48.4,31669.8,34462.7,-1.3339,-1.3232,137.2,91.7,0.732
48.42,31760.3,34659.3,-0.9678,-0.8395,137.2,91.7,0.732
48.44,31835.6,34889.8,-0.6628,-0.2724,137.2,91.7,0.733
48.46,32157.2,35297.0,0.6384,0.7293,137.2,91.7,0.733
48.48,32373.9,35586.3,1.5154,1.4412,137.1,91.7,0.734
48.5,32435.6,35760.7,1.7652,1.8703,137.1,91.6,0.734
48.52,32516.9,35729.5,2.0942,1.7933,137.1,91.6,0.735
48.54,32371.9,35571.8,1.5076,1.4055,137.1,91.6,0.735
48.56,32295.4,35446.4,1.1979,1.0969,137.1,91.6,0.736
48.58,32163.9,35243.8,0.6656,0.5984,137.0,91.6,0.737
48.6,32042.4,35199.9,0.1741,0.4906,137.0,91.6,0.737
48.62,32019.4,35137.0,0.0811,0.3358,137.0,91.6,0.738
48.64,32081.0,35059.5,0.3302,0.1451,137.0,91.5,0.738
48.66,32015.5,34971.6,0.0653,-0.0711,137.0,91.5,0.739
48.68,31887.3,34909.6,-0.4536,-0.2237,136.9,91.5,0.739
48.7,31841.3,34796.2,-0.6399,-0.5027,136.9,91.5,0.74
48.72,31775.3,34707.2,-0.9069,-0.7217,136.9,91.5,0.74
48.74,31795.4,34652.7,-0.8258,-0.8558,136.9,91.5,0.741
48.76,31750.7,34688.4,-1.0064,-0.7679,136.9,91.5,0.741
48.78,31805.0,34634.0,-0.7866,-0.9017,136.8,91.5,0.742
48.8,31693.2,34572.3,-1.239,-1.0534,136.8,91.4,0.742
48.82,31654.1,34389.1,-1.3973,-1.5042,136.8,91.4,0.743
48.84,31623.4,34497.5,-1.5216,-1.2376,136.8,91.4,0.743
48.86,31692.5,34614.5,-1.2421,-0.9496,136.8,91.4,0.744
48.88,31943.3,34931.0,-0.227,-0.171,136.7,91.4,0.744
48.9,32232.1,35292.3,0.9417,0.7178,136.7,91.4,0.745
48.92,32403.1,35623.6,1.6337,1.5329,136.7,91.4,0.745
48.94,32451.9,35715.6,1.831,1.7592,136.7,91.4,0.746
48.96,32498.6,35779.9,2.0202,1.9174,136.7,91.3,0.746
48.98,32381.7,35527.9,1.5472,1.2973,136.6,91.3,0.747
49.0,32242.1,35313.4,0.9822,0.7697,136.6,91.3,0.747
49.02,32164.1,35232.5,0.6664,0.5706,136.6,91.3,0.748
49.04,32150.3,35188.7,0.6108,0.463,136.6,91.3,0.748
49.06,32006.7,35000.8,0.0297,0.0007,136.6,91.3,0.749
49.08,32034.2,35047.4,0.1406,0.1154,136.5,91.3,0.749
49.1,31942.2,34903.3,-0.2313,-0.2392,136.5,91.3,0.75
49.12,31919.3,34864.5,-0.3244,-0.3347,136.5,91.2,0.75
49.14,31863.6,34781.3,-0.5498,-0.5394,136.5,91.2,0.751
49.16,31774.9,34620.9,-0.9084,-0.9339,136.5,91.2,0.751
49.18,31753.1,34689.3,-0.9966,-0.7657,136.4,91.2,0.752
49.2,31783.7,34650.3,-0.8728,-0.8617,136.4,91.2,0.752
49.22,31672.8,34595.1,-1.3215,-0.9974,136.4,91.2,0.753
49.24,31741.9,34579.8,-1.0421,-1.0349,136.4,91.2,0.753
49.26,31586.3,34483.4,-1.6718,-1.2722,136.4,91.2,0.754
49.28,31634.3,34516.8,-1.4775,-1.1899,136.3,91.1,0.754
49.3,31773.6,34695.1,-0.9137,-0.7514,136.3,91.1,0.755
49.32,31899.0,34973.6,-0.4065,-0.0663,136.3,91.1,0.755
49.34,32273.3,35379.0,1.1084,0.931,136.3,91.1,0.756
49.36,32425.2,35636.6,1.7232,1.5649,136.3,91.1,0.756
49.38,32450.5,35740.8,1.8254,1.8212,136.2,91.1,0.757
49.4,32483.5,35769.5,1.9592,1.8917,136.2,91.1,0.757
49.42,32400.8,35589.3,1.6243,1.4486,136.2,91.1,0.758
49.44,32262.8,35384.5,1.066,0.9448,136.2,91.0,0.758
49.46,32132.4,35249.3,0.5382,0.612,136.2,91.0,0.759
49.48,32119.9,35086.0,0.4878,0.2104,136.1,91.0,0.759
49.5,31939.1,35216.2,-0.244,0.5305,136.1,91.0,0.76
49.52,32026.9,34971.6,0.1114,-0.0712,136.1,91.0,0.76
49.54,31924.7,34949.0,-0.3024,-0.1268,136.1,91.0,0.761
49.56,31848.4,34871.5,-0.611,-0.3173,136.1,91.0,0.761
49.58,31744.7,34813.2,-1.0308,-0.4608,136.0,91.0,0.762
49.6,31769.5,34712.3,-0.9304,-0.709,136.0,90.9,0.762
49.62,31717.1,34726.2,-1.1423,-0.6748,136.0,90.9,0.763
49.64,31854.1,34762.8,-0.5882,-0.5849,136.0,90.9,0.763
49.66,31714.2,34618.6,-1.1543,-0.9396,136.0,90.9,0.764
49.68,31622.0,34565.1,-1.5271,-1.0711,135.9,90.9,0.765
49.7,31624.2,34469.4,-1.5184,-1.3066,135.9,90.9,0.765
49.72,31607.7,34406.8,-1.5851,-1.4605,135.9,90.9,0.766
49.74,31798.1,34626.4,-0.8146,-0.9203,135.9,90.8,0.766
49.76,31932.6,35020.3,-0.2704,0.0488,135.9,90.8,0.767
49.78,32226.3,35285.3,0.9183,0.7005,135.8,90.8,0.767
49.8,32375.6,35645.1,1.5224,1.5858,135.8,90.8,0.768
49.82,32419.6,35789.5,1.7004,1.9409,135.8,90.8,0.768
49.84,32479.6,35727.0,1.9433,1.7874,135.8,90.8,0.769
49.86,32449.6,35565.1,1.8217,1.389,135.8,90.8,0.769
49.88,32326.8,35441.6,1.325,1.0851,135.7,90.8,0.77
49.9,32233.9,35218.8,0.9491,0.5371,135.7,90.7,0.77
49.92,32082.7,35205.8,0.3369,0.5049,135.7,90.7,0.771
49.94,32181.4,35156.7,0.7363,0.3843,135.7,90.7,0.771
49.96,31990.2,34925.9,-0.0371,-0.1835,135.7,90.7,0.772
49.98,31999.2,34939.4,-0.0006,-0.1503,135.6,90.7,0.772
50.0,31892.7,34755.6,-0.4319,-0.6025,135.6,90.7,0.773
50.02,31744.0,34704.3,-1.0337,-0.7287,135.6,90.7,0.773
50.04,31793.0,34742.4,-0.8352,-0.6349,135.6,90.7,0.774
50.06,31739.3,34705.9,-1.0528,-0.7248,135.6,90.6,0.774
50.08,31793.0,34565.3,-0.8352,-1.0706,135.5,90.6,0.775
50.1,31673.9,34577.8,-1.3172,-1.04,135.5,90.6,0.775
50.12,31718.4,34423.0,-1.1374,-1.4206,135.5,90.6,0.776
50.14,31593.4,34458.8,-1.6429,-1.3327,135.5,90.6,0.776
50.16,31581.4,34483.9,-1.6915,-1.2711,135.5,90.6,0.777
50.18,31790.3,34624.7,-0.8463,-0.9246,135.4,90.6,0.777
50.2,31960.5,34971.1,-0.1576,-0.0724,135.4,90.6,0.778
50.22,32229.0,35336.7,0.9292,0.8271,135.4,90.5,0.778
50.24,32377.8,35579.1,1.5314,1.4233,135.4,90.5,0.779
50.26,32542.2,35659.3,2.1965,1.6207,135.4,90.5,0.779
50.28,32516.6,35697.1,2.0929,1.7136,135.3,90.5,0.78
50.3,32430.5,35627.9,1.7448,1.5435,135.3,90.5,0.78
50.32,32367.0,35414.5,1.4875,1.0184,135.3,90.5,0.781
50.34,32119.2,35158.6,0.4848,0.389,135.3,90.5,0.781
50.36,32050.6,35138.6,0.2073,0.3396,135.3,90.5,0.782
50.38,32082.0,35148.2,0.3344,0.3634,135.2,90.4,0.782
50.4,32025.2,35012.9,0.1043,0.0306,135.2,90.4,0.783
50.42,32020.0,34985.3,0.0833,-0.0373,135.2,90.4,0.783
50.44,31855.7,34808.7,-0.5815,-0.4718,135.2,90.4,0.784
50.46,31843.1,34777.6,-0.6324,-0.5485,135.2,90.4,0.784
50.48,31790.0,34806.8,-0.8474,-0.4765,135.1,90.4,0.785
50.5,31781.3,34666.6,-0.8826,-0.8214,135.1,90.4,0.785
50.52,31713.2,34617.9,-1.1583,-0.9413,135.1,90.4,0.786
50.54,31642.6,34602.6,-1.4439,-0.979,135.1,90.3,0.786
50.56,31738.2,34560.4,-1.0569,-1.0828,135.1,90.3,0.787
50.58,31650.9,34513.1,-1.4105,-1.199,135.0,90.3,0.787
50.6,31612.6,34558.6,-1.5652,-1.0872,135.0,90.3,0.788
50.62,31713.3,34564.9,-1.1578,-1.0716,135.0,90.3,0.788
50.64,31871.3,34809.7,-0.5184,-0.4693,135.0,90.3,0.789
50.66,32227.5,35269.2,0.9229,0.661,135.0,90.3,0.789
50.68,32352.6,35450.4,1.4292,1.1067,134.9,90.3,0.79
50.7,32478.8,35734.3,1.9398,1.8053,134.9,90.2,0.79
50.72,32598.8,35820.1,2.4258,2.0163,134.9,90.2,0.791
50.74,32441.2,35587.4,1.7878,1.4439,134.9,90.2,0.791
50.76,32268.7,35518.6,1.0899,1.2745,134.9,90.2,0.792
50.78,32193.4,35390.0,0.7851,0.9582,134.8,90.2,0.793
50.8,32193.8,35150.8,0.7868,0.3698,134.8,90.2,0.793
50.82,32084.1,35017.6,0.3426,0.0421,134.8,90.2,0.794
50.84,32045.2,35084.3,0.1853,0.2062,134.8,90.1,0.794
50.86,32009.4,34951.5,0.0406,-0.1205,134.8,90.1,0.795
50.88,31981.1,34907.6,-0.074,-0.2285,134.7,90.1,0.795
50.9,31901.5,34823.6,-0.3963,-0.4351,134.7,90.1,0.796
50.92,31699.3,34735.5,-1.2146,-0.6519,134.7,90.1,0.796
50.94,31816.5,34683.9,-0.7403,-0.7788,134.7,90.1,0.797
50.96,31909.1,34721.6,-0.3655,-0.6862,134.7,90.1,0.797
50.98,31752.1,34553.3,-1.0009,-1.1002,134.6,90.1,0.798
51.0,31654.8,34522.1,-1.3946,-1.1769,134.6,90.0,0.798
51.02,31655.9,34461.8,-1.3901,-1.3253,134.6,90.0,0.799
51.04,31635.4,34492.2,-1.4731,-1.2505,134.6,90.0,0.799
51.06,31610.3,34579.7,-1.5748,-1.0352,134.6,90.0,0.8
51.08,31822.3,34719.1,-0.7167,-0.6922,134.5,90.0,0.8
51.1,32085.6,35042.9,0.3487,0.1043,134.5,90.0,0.801
51.12,32306.6,35402.8,1.2432,0.9896,134.5,90.0,0.801
51.14,32426.2,35654.5,1.7273,1.6088,134.5,90.0,0.802
51.16,32579.4,35793.3,2.3473,1.9502,134.5,89.9,0.802
51.18,32508.7,35673.8,2.0609,1.6565,134.4,89.9,0.803
51.2,32400.1,35496.4,1.6216,1.22,134.4,89.9,0.803
51.22,32363.9,35297.4,1.4752,0.7304,134.4,89.9,0.804
51.24,32220.2,35127.0,0.8934,0.3112,134.4,89.9,0.804
51.26,31979.1,35202.8,-0.0821,0.4975,134.4,89.9,0.805
51.28,32014.8,35055.0,0.0621,0.1341,134.3,89.9,0.805
51.3,31995.1,34988.8,-0.0173,-0.0288,134.3,89.9,0.806
51.32,31818.6,34953.6,-0.7317,-0.1154,134.3,89.8,0.806
51.34,31786.7,34949.9,-0.8606,-0.1244,134.3,89.8,0.807
51.36,31735.5,34762.0,-1.0681,-0.5867,134.3,89.8,0.807
51.38,31786.0,34707.1,-0.8635,-0.7219,134.2,89.8,0.808
51.4,31650.9,34659.6,-1.4104,-0.8388,134.2,89.8,0.808
51.42,31676.9,34635.8,-1.305,-0.8973,134.2,89.8,0.809
51.44,31819.4,34575.6,-0.7286,-1.0454,134.2,89.8,0.809
51.46,31632.8,34521.3,-1.4836,-1.179,134.2,89.8,0.81
51.48,31552.4,34441.5,-1.809,-1.3752,134.1,89.7,0.81
51.5,31550.3,34523.9,-1.8173,-1.1727,134.1,89.7,0.811
51.52,31827.1,34683.9,-0.6974,-0.779,134.1,89.7,0.811
51.54,32016.1,34982.8,0.0676,-0.0435,134.1,89.7,0.812
51.56,32179.6,35292.8,0.7291,0.719,134.1,89.7,0.812
51.58,32477.2,35598.5,1.9337,1.4711,134.0,89.7,0.813
51.6,32570.7,35773.6,2.3118,1.9018,134.0,89.7,0.813
51.62,32608.0,35681.1,2.4627,1.6743,134.0,89.7,0.814
51.64,32392.4,35610.5,1.5905,1.5005,134.0,89.6,0.814
51.66,32346.9,35363.7,1.4064,0.8935,134.0,89.6,0.815
51.68,32061.9,35219.7,0.2528,0.5393,133.9,89.6,0.815
51.7,32109.5,35180.1,0.4455,0.4417,133.9,89.6,0.816
51.72,32094.9,35038.2,0.3863,0.0927,133.9,89.6,0.816
51.74,32088.7,35027.1,0.3614,0.0653,133.9,89.6,0.817
51.76,32021.8,34956.5,0.0907,-0.1084,133.9,89.6,0.817
51.78,31966.1,34785.0,-0.1346,-0.5301,133.8,89.6,0.818
51.8,31760.7,34792.7,-0.966,-0.5113,133.8,89.5,0.818
51.82,31769.5,34673.2,-0.9304,-0.8051,133.8,89.5,0.819
51.84,31683.1,34656.2,-1.2802,-0.8472,133.8,89.5,0.819
51.86,31711.1,34618.6,-1.1667,-0.9396,133.8,89.5,0.82
51.88,31698.1,34657.0,-1.2192,-0.8452,133.7,89.5,0.821
51.9,31728.2,34491.8,-1.0975,-1.2515,133.7,89.5,0.821
51.92,31528.1,34576.6,-1.9072,-1.0428,133.7,89.5,0.822
51.94,31629.1,34424.9,-1.4984,-1.416,133.7,89.4,0.822
51.96,31674.1,34583.9,-1.3163,-1.0249,133.7,89.4,0.823
51.98,31892.1,34859.9,-0.4343,-0.3459,133.6,89.4,0.823
52.0,32135.3,35166.5,0.5501,0.4083,133.6,89.4,0.824
52.02,32359.2,35461.4,1.4561,1.1338,133.6,89.4,0.824
52.04,32597.7,35691.1,2.4211,1.699,133.6,89.4,0.825
52.06,32635.3,35756.3,2.5735,1.8592,133.6,89.4,0.825
52.08,32459.1,35623.7,1.8605,1.5331,133.5,89.4,0.826
52.1,32320.3,35495.5,1.2984,1.2178,133.5,89.3,0.826
52.12,32149.1,35282.0,0.6056,0.6925,133.5,89.3,0.827
52.14,32102.4,35140.9,0.4167,0.3453,133.5,89.3,0.827
52.16,32066.8,35102.4,0.2727,0.2507,133.5,89.3,0.828
52.18,32062.9,35030.0,0.2568,0.0725,133.4,89.3,0.828
52.2,31939.2,35010.5,-0.2436,0.0247,133.4,89.3,0.829
52.22,32038.1,34832.9,0.1565,-0.4123,133.4,89.3,0.829
52.24,31849.3,34826.2,-0.6075,-0.4288,133.4,89.3,0.83
52.26,31723.6,34641.8,-1.1161,-0.8825,133.4,89.2,0.83
52.28,31720.7,34752.1,-1.1278,-0.6112,133.3,89.2,0.831
52.3,31818.2,34653.0,-0.7333,-0.8549,133.3,89.2,0.831
52.32,31682.5,34614.4,-1.2826,-0.9498,133.3,89.2,0.832
52.34,31622.7,34577.4,-1.5243,-1.0409,133.3,89.2,0.832
52.36,31697.2,34462.4,-1.223,-1.3238,133.3,89.2,0.833
52.38,31580.3,34470.5,-1.6961,-1.3039,133.2,89.2,0.833
52.4,31551.4,34517.7,-1.8129,-1.1879,133.2,89.2,0.834
52.42,31783.6,34773.3,-0.8735,-0.559,133.2,89.1,0.834
52.44,32032.8,34935.3,0.1349,-0.1603,133.2,89.1,0.835
52.46,32273.7,35371.4,1.11,0.9125,133.2,89.1,0.835
52.48,32560.2,35629.8,2.2693,1.5481,133.1,89.1,0.836
52.5,32608.4,35707.6,2.4646,1.7396,133.1,89.1,0.836
52.52,32568.2,35726.0,2.3018,1.7848,133.1,89.1,0.837
52.54,32443.4,35609.2,1.7969,1.4974,133.1,89.1,0.837
52.56,32237.6,35336.8,0.9641,0.8273,133.1,89.1,0.838
52.58,32223.4,35218.9,0.9064,0.5374,133.0,89.0,0.838
52.6,32043.7,35135.9,0.1791,0.333,133.0,89.0,0.839
52.62,32097.5,35092.2,0.3971,0.2255,133.0,89.0,0.839
52.64,32041.6,35087.7,0.1709,0.2146,133.0,89.0,0.84
52.66,31919.4,34965.9,-0.3238,-0.0851,133.0,89.0,0.84
52.68,31737.5,34844.5,-1.0599,-0.3838,132.9,89.0,0.841
52.7,31831.4,34713.0,-0.6799,-0.7073,132.9,89.0,0.841
52.72,31726.0,34654.4,-1.1063,-0.8514,132.9,89.0,0.842
52.74,31808.7,34625.2,-0.7719,-0.9234,132.9,88.9,0.842
52.76,31697.6,34633.0,-1.2215,-0.9042,132.9,88.9,0.843
52.78,31666.8,34669.9,-1.346,-0.8133,132.8,88.9,0.843
52.8,31661.2,34493.8,-1.3688,-1.2465,132.8,88.9,0.844
52.82,31609.1,34448.5,-1.5796,-1.3579,132.8,88.9,0.844
52.84,31573.1,34459.4,-1.7252,-1.3311,132.8,88.9,0.845
52.86,31691.0,34711.9,-1.2481,-0.7101,132.8,88.9,0.845
52.88,31914.4,34865.1,-0.3442,-0.3331,132.7,88.9,0.846
52.9,32097.1,35167.1,0.3952,0.4098,132.7,88.8,0.846
52.92,32427.0,35435.8,1.7303,1.071,132.7,88.8,0.847
52.94,32552.7,35734.3,2.2391,1.8052,132.7,88.8,0.847
52.96,32563.5,35742.8,2.2827,1.8262,132.7,88.8,0.848
52.98,32586.7,35613.1,2.3768,1.507,132.6,88.8,0.849
53.0,32406.1,35395.3,1.6458,0.9713,132.6,88.8,0.849
53.02,32268.1,35235.9,1.0875,0.579,132.6,88.8,0.85
53.04,32187.9,35256.1,0.7629,0.6287,132.6,88.7,0.85
53.06,32086.1,35102.2,0.3506,0.2502,132.6,88.7,0.851
53.08,32036.5,35021.1,0.1502,0.0507,132.5,88.7,0.851
53.1,31976.0,35073.7,-0.0948,0.1801,132.5,88.7,0.852
53.12,31966.4,34888.6,-0.1336,-0.2754,132.5,88.7,0.852
53.14,31813.2,34854.5,-0.7536,-0.3593,132.5,88.7,0.853
53.16,31657.5,34772.2,-1.3838,-0.5617,132.5,88.7,0.853
53.18,31664.1,34718.1,-1.3571,-0.6948,132.4,88.7,0.854
53.2,31763.6,34637.2,-0.9544,-0.8938,132.4,88.6,0.854
53.22,31737.8,34638.7,-1.0589,-0.8902,132.4,88.6,0.855
53.24,31684.4,34578.9,-1.2748,-1.0372,132.4,88.6,0.855
53.26,31612.4,34566.6,-1.5662,-1.0674,132.4,88.6,0.856
53.28,31622.1,34469.2,-1.5269,-1.3072,132.3,88.6,0.856
53.3,31639.4,34416.4,-1.4569,-1.437,132.3,88.6,0.857
53.32,31740.7,34665.6,-1.0469,-0.8239,132.3,88.6,0.857
53.34,31882.0,34990.3,-0.4753,-0.0251,132.3,88.6,0.858
53.36,32217.0,35198.1,0.8806,0.4862,132.3,88.5,0.858
53.38,32394.1,35610.2,1.5973,1.4998,132.2,88.5,0.859
53.4,32637.0,35782.3,2.5802,1.9233,132.2,88.5,0.859
53.42,32479.0,35715.6,1.941,1.7592,132.2,88.5,0.86
53.44,32485.8,35635.8,1.9682,1.5629,132.2,88.5,0.86
53.46,32330.5,35475.0,1.3398,1.1673,132.2,88.5,0.861
53.48,32263.0,35284.1,1.0666,0.6978,132.1,88.5,0.861
53.5,32111.4,35092.3,0.4533,0.2257,132.1,88.5,0.862
53.52,31978.6,35043.2,-0.0842,0.105,132.1,88.4,0.862
53.54,32025.2,35062.0,0.1045,0.1512,132.1,88.4,0.863
53.56,32043.1,35006.3,0.1766,0.0143,132.1,88.4,0.863
53.58,31887.7,34936.6,-0.4521,-0.1573,132.0,88.4,0.864
53.6,31898.8,34814.5,-0.4072,-0.4576,132.0,88.4,0.864
53.62,31735.8,34719.1,-1.0668,-0.6922,132.0,88.4,0.865
53.64,31746.1,34693.4,-1.025,-0.7555,132.0,88.4,0.865
53.66,31736.3,34753.7,-1.0646,-0.6071,132.0,88.4,0.866
53.68,31596.2,34666.1,-1.6317,-0.8227,131.9,88.3,0.866
53.7,31609.8,34625.7,-1.5766,-0.922,131.9,88.3,0.867
53.72,31695.4,34537.1,-1.2302,-1.14,131.9,88.3,0.867
53.74,31571.8,34463.1,-1.7305,-1.322,131.9,88.3,0.868
53.76,31590.0,34474.5,-1.657,-1.2941,131.9,88.3,0.868
53.78,31727.9,34659.5,-1.0988,-0.8391,131.8,88.3,0.869
53.8,32006.3,34995.2,0.0281,-0.0132,131.8,88.3,0.869
53.82,32251.4,35373.9,1.0197,0.9185,131.8,88.3,0.87
53.84,32559.5,35680.6,2.2666,1.6732,131.8,88.2,0.87
53.86,32637.0,35810.6,2.5803,1.9929,131.8,88.2,0.871
53.88,32548.8,35697.5,2.2233,1.7148,131.7,88.2,0.871
53.9,32460.8,35610.7,1.8672,1.5013,131.7,88.2,0.872
53.92,32284.5,35444.4,1.1536,1.0919,131.7,88.2,0.872
53.94,32133.6,35237.8,0.543,0.5839,131.7,88.2,0.873
53.96,32103.7,35173.3,0.4219,0.4251,131.7,88.2,0.873
53.98,32097.0,35090.5,0.3949,0.2213,131.6,88.2,0.874
54.0,32078.3,34994.2,0.3191,-0.0156,131.6,88.1,0.874
54.02,31886.9,34952.6,-0.4554,-0.1178,131.6,88.1,0.875
54.04,31848.2,34816.8,-0.6119,-0.4521,131.6,88.1,0.875
54.06,31833.6,34647.5,-0.6712,-0.8684,131.6,88.1,0.876
54.08,31712.1,34711.1,-1.1627,-0.7121,131.5,88.1,0.877
54.1,31749.6,34698.2,-1.0108,-0.7437,131.5,88.1,0.877
54.12,31704.9,34600.8,-1.1917,-0.9834,131.5,88.1,0.878
54.14,31748.4,34603.9,-1.0157,-0.9757,131.5,88.0,0.878
54.16,31650.3,34509.7,-1.4128,-1.2076,131.5,88.0,0.879
54.18,31540.2,34539.1,-1.8583,-1.1351,131.4,88.0,0.879
54.2,31550.5,34433.4,-1.8168,-1.3951,131.4,88.0,0.88
54.22,31603.3,34511.8,-1.603,-1.2024,131.4,88.0,0.88
54.24,31833.6,34766.7,-0.6712,-0.5752,131.4,88.0,0.881
54.26,32029.2,35136.4,0.1208,0.3344,131.4,88.0,0.881
54.28,32311.1,35505.0,1.2612,1.2411,131.3,88.0,0.882
54.3,32547.7,35730.7,2.2188,1.7963,131.3,87.9,0.882
54.32,32588.8,35776.6,2.385,1.9093,131.3,87.9,0.883
54.34,32576.0,35675.6,2.3336,1.6607,131.3,87.9,0.883
54.36,32428.1,35544.0,1.735,1.337,131.3,87.9,0.884
54.38,32302.9,35425.0,1.228,1.0444,131.2,87.9,0.884
54.4,32152.2,35204.3,0.6184,0.5012,131.2,87.9,0.885
54.42,32173.8,35163.8,0.7057,0.4018,131.2,87.9,0.885
54.44,32134.0,35082.3,0.5448,0.2011,131.2,87.9,0.886
54.46,31982.2,35132.6,-0.0695,0.3249,131.2,87.8,0.886
54.48,31918.5,34969.9,-0.3274,-0.0753,131.1,87.8,0.887
54.5,31865.3,34851.4,-0.5427,-0.3667,131.1,87.8,0.887
54.52,31794.7,34705.2,-0.8284,-0.7264,131.1,87.8,0.888
54.54,31674.0,34709.6,-1.3169,-0.7157,131.1,87.8,0.888
54.56,31797.2,34630.1,-0.8181,-0.9113,131.1,87.8,0.889
54.58,31748.1,34623.2,-1.0171,-0.9282,131.0,87.8,0.889
54.6,31753.0,34598.0,-0.9973,-0.9902,131.0,87.8,0.89
54.62,31617.5,34514.2,-1.5454,-1.1964,131.0,87.7,0.89
54.64,31572.5,34443.8,-1.7277,-1.3697,131.0,87.7,0.891
54.66,31546.9,34425.5,-1.8313,-1.4146,131.0,87.7,0.891
54.68,31610.8,34578.3,-1.5728,-1.0386,130.9,87.7,0.892
54.7,31788.4,34858.4,-0.8538,-0.3497,130.9,87.7,0.892
54.72,32023.5,35168.3,0.0975,0.4128,130.9,87.7,0.893
54.74,32314.5,35494.5,1.2753,1.2153,130.9,87.7,0.893
54.76,32499.0,35671.2,2.0219,1.6499,130.9,87.7,0.894
54.78,32624.5,35823.6,2.5296,2.0248,130.8,87.6,0.894
54.8,32597.8,35623.3,2.4218,1.5322,130.8,87.6,0.895
54.82,32461.4,35505.1,1.8695,1.2414,130.8,87.6,0.895
54.84,32288.1,35344.6,1.1683,0.8466,130.8,87.6,0.896
54.86,32194.2,35222.3,0.7885,0.5457,130.8,87.6,0.896
54.88,32128.8,35056.9,0.5238,0.1387,130.7,87.6,0.897
54.9,32045.9,35048.8,0.188,0.1189,130.7,87.6,0.897
54.92,32015.7,35005.3,0.0658,0.0119,130.7,87.6,0.898
54.94,31882.2,34925.6,-0.4742,-0.1843,130.7,87.5,0.898
54.96,31901.2,34860.6,-0.3976,-0.3443,130.7,87.5,0.899
54.98,31758.1,34728.0,-0.9764,-0.6704,130.6,87.5,0.899
55.0,31692.7,34706.7,-1.2412,-0.7228,130.6,87.5,0.9
55.02,31724.7,34777.7,-1.1118,-0.5481,130.6,87.5,0.9
55.04,31655.4,34600.6,-1.392,-0.9837,130.6,87.5,0.901
55.06,31825.9,34627.1,-0.7023,-0.9187,130.6,87.5,0.901
55.08,31638.5,34557.6,-1.4604,-1.0898,130.5,87.5,0.902
55.1,31586.2,34522.7,-1.6721,-1.1755,130.5,87.4,0.902
55.12,31536.2,34464.9,-1.8744,-1.3178,130.5,87.4,0.903
55.14,31654.0,34562.8,-1.3977,-1.0767,130.5,87.4,0.903
55.16,31731.9,34699.5,-1.0824,-0.7405,130.5,87.4,0.904
55.18,32065.8,35185.2,0.2685,0.4543,130.4,87.4,0.905
55.2,32437.4,35566.1,1.7723,1.3914,130.4,87.4,0.905
55.22,32687.2,35600.3,2.7835,1.4756,130.4,87.4,0.906
55.24,32633.3,35832.3,2.5654,2.0464,130.4,87.3,0.906
55.26,32613.8,35698.3,2.4865,1.7167,130.4,87.3,0.907
55.28,32476.3,35504.0,1.9298,1.2386,130.3,87.3,0.907
55.3,32238.7,35307.9,0.9682,0.7563,130.3,87.3,0.908
55.32,32134.8,35160.3,0.548,0.3931,130.3,87.3,0.908
55.34,32078.1,35082.7,0.3183,0.2023,130.3,87.3,0.909
55.36,32051.4,35035.3,0.2106,0.0856,130.3,87.3,0.909
55.38,32056.8,35085.3,0.2323,0.2086,130.2,87.3,0.91
55.4,31963.9,34899.4,-0.1437,-0.2486,130.2,87.2,0.91
55.42,31804.9,34847.8,-0.787,-0.3757,130.2,87.2,0.911
55.44,31786.8,34757.9,-0.8605,-0.597,130.2,87.2,0.911
55.46,31748.3,34634.0,-1.0163,-0.9017,130.2,87.2,0.912
55.48,31731.4,34734.2,-1.0847,-0.6552,130.1,87.2,0.912
55.5,31737.7,34649.7,-1.0589,-0.863,130.1,87.2,0.913
55.52,31706.5,34563.2,-1.1854,-1.0759,130.1,87.2,0.913
55.54,31583.3,34473.5,-1.6839,-1.2966,130.1,87.2,0.914
55.56,31591.5,34428.1,-1.6509,-1.4081,130.1,87.1,0.914
55.58,31458.2,34423.6,-2.1904,-1.4193,130.0,87.1,0.915
55.6,31656.0,34599.6,-1.3897,-0.9864,130.0,87.1,0.915
55.62,31906.9,34883.6,-0.3742,-0.2875,130.0,87.1,0.916
55.64,32074.4,35085.4,0.3034,0.2088,130.0,87.1,0.916
55.66,32396.7,35490.2,1.6077,1.2048,130.0,87.1,0.917
55.68,32522.3,35808.2,2.1159,1.987,129.9,87.1,0.917
55.7,32518.5,35682.7,2.1007,1.6783,129.9,87.1,0.918
55.72,32531.8,35782.5,2.1546,1.9237,129.9,87.0,0.918
55.74,32385.5,35578.7,1.5624,1.4224,129.9,87.0,0.919
55.76,32262.7,35301.5,1.0653,0.7405,129.9,87.0,0.919
55.78,32158.5,35215.1,0.6437,0.5278,129.8,87.0,0.92
55.8,32156.4,35081.0,0.6353,0.1979,129.8,87.0,0.92
55.82,32054.6,35026.2,0.2232,0.0633,129.8,87.0,0.921
55.84,31973.7,35026.7,-0.1041,0.0645,129.8,87.0,0.921
55.86,31947.8,35041.4,-0.2087,0.1007,129.8,87.0,0.922
55.88,31902.7,34833.3,-0.3913,-0.4114,129.7,86.9,0.922
55.9,31800.1,34853.6,-0.8066,-0.3614,129.7,86.9,0.923
55.92,31734.0,34706.3,-1.0741,-0.7237,129.7,86.9,0.923
55.94,31781.0,34701.3,-0.8839,-0.7362,129.7,86.9,0.924
55.96,31700.3,34722.7,-1.2105,-0.6835,129.7,86.9,0.924
55.98,31649.8,34684.4,-1.415,-0.7776,129.6,86.9,0.925
56.0,31536.1,34586.5,-1.875,-1.0186,129.6,86.9,0.925
56.02,31513.6,34513.7,-1.9659,-1.1976,129.6,86.9,0.926
56.04,31610.8,34510.1,-1.5727,-1.2066,129.6,86.8,0.926
56.06,31697.1,34491.6,-1.2234,-1.252,129.6,86.8,0.927
56.08,31751.3,34761.5,-1.004,-0.5879,129.5,86.8,0.927
56.1,32189.7,35128.5,0.77,0.3149,129.5,86.8,0.928
56.12,32444.5,35365.1,1.8011,0.8969,129.5,86.8,0.928
56.14,32588.3,35683.1,2.3831,1.6792,129.5,86.8,0.929
56.16,32716.5,35773.8,2.9021,1.9024,129.5,86.8,0.929
56.18,32621.7,35738.6,2.5184,1.8158,129.4,86.8,0.93
56.2,32430.0,35463.0,1.7424,1.1379,129.4,86.7,0.93
56.22,32297.6,35457.9,1.2065,1.1253,129.4,86.7,0.931
56.24,32132.3,35244.5,0.5376,0.6004,129.4,86.7,0.931
56.26,32046.7,35153.2,0.1915,0.3757,129.4,86.7,0.932
56.28,32054.7,34977.5,0.2239,-0.0566,129.3,86.7,0.933
56.3,32005.4,34924.7,0.0244,-0.1865,129.3,86.7,0.933
56.32,32019.1,34935.0,0.0796,-0.1611,129.3,86.7,0.934
56.34,31863.6,34819.1,-0.5495,-0.4462,129.3,86.6,0.934
56.36,31799.2,34757.7,-0.8101,-0.5974,129.3,86.6,0.935
56.38,31753.6,34584.7,-0.9946,-1.023,129.2,86.6,0.935
56.4,31782.7,34679.2,-0.8769,-0.7905,129.2,86.6,0.936
56.42,31693.7,34571.2,-1.237,-1.0561,129.2,86.6,0.936
56.44,31693.0,34612.8,-1.24,-0.9538,129.2,86.6,0.937
56.46,31573.9,34541.8,-1.7222,-1.1286,129.2,86.6,0.937
56.48,31590.2,34514.4,-1.6559,-1.1959,129.1,86.6,0.938
56.5,31586.1,34425.1,-1.6726,-1.4156,129.1,86.5,0.938
56.52,31592.5,34536.3,-1.6467,-1.142,129.1,86.5,0.939
56.54,31780.9,34783.6,-0.8842,-0.5337,129.1,86.5,0.939
56.56,32009.9,35036.8,0.0423,0.0892,129.1,86.5,0.94
56.58,32299.8,35365.7,1.2158,0.8983,129.0,86.5,0.94
56.6,32486.9,35755.7,1.9727,1.8578,129.0,86.5,0.941
56.62,32679.8,35803.3,2.7534,1.975,129.0,86.5,0.941
56.64,32522.6,35758.2,2.1173,1.8639,129.0,86.5,0.942
56.66,32563.2,35563.7,2.2816,1.3855,129.0,86.4,0.942
56.68,32290.9,35440.0,1.1797,1.0811,128.9,86.4,0.943
56.7,32234.7,35225.2,0.9524,0.5529,128.9,86.4,0.943
56.72,32148.8,35210.4,0.6046,0.5163,128.9,86.4,0.944
56.74,32095.7,35192.3,0.3896,0.4719,128.9,86.4,0.944
56.76,31940.6,35028.3,-0.238,0.0684,128.9,86.4,0.945
56.78,31989.3,35035.1,-0.0407,0.0851,128.8,86.4,0.945
56.8,31882.2,34813.1,-0.4742,-0.4611,128.8,86.4,0.946
56.82,31806.7,34869.2,-0.7797,-0.3231,128.8,86.3,0.946
56.84,31708.0,34777.0,-1.1794,-0.55,128.8,86.3,0.947
56.86,31699.1,34639.8,-1.2152,-0.8874,128.8,86.3,0.947
56.88,31753.2,34750.1,-0.9963,-0.6161,128.7,86.3,0.948
56.9,31679.8,34619.1,-1.2934,-0.9384,128.7,86.3,0.948
56.92,31614.3,34615.4,-1.5584,-0.9474,128.7,86.3,0.949
56.94,31608.6,34512.1,-1.5814,-1.2016,128.7,86.3,0.949
56.96,31541.2,34561.3,-1.8544,-1.0804,128.7,86.3,0.95
56.98,31513.5,34463.7,-1.9664,-1.3205,128.6,86.2,0.95
57.0,31575.5,34590.8,-1.7153,-1.0078,128.6,86.2,0.951
57.02,32054.6,34912.5,0.2232,-0.2165,128.6,86.2,0.951
57.04,32250.5,35271.6,1.016,0.6668,128.6,86.2,0.952
57.06,32503.2,35511.6,2.0387,1.2573,128.6,86.2,0.952
57.08,32607.4,35739.9,2.4606,1.819,128.5,86.2,0.953
57.1,32635.9,35783.7,2.5758,1.9266,128.5,86.2,0.953
57.12,32603.1,35648.3,2.4431,1.5936,128.5,86.2,0.954
57.14,32332.2,35414.6,1.3467,1.0186,128.5,86.1,0.954
57.16,32225.5,35358.8,0.9149,0.8815,128.5,86.1,0.955
57.18,32197.0,35140.5,0.7997,0.3444,128.4,86.1,0.955
57.2,32138.6,35072.1,0.5632,0.1761,128.4,86.1,0.956
57.22,31977.8,35083.0,-0.0876,0.2029,128.4,86.1,0.956
57.24,31995.0,35037.5,-0.0179,0.0911,128.4,86.1,0.957
57.26,31972.3,34921.2,-0.1096,-0.1952,128.4,86.1,0.957
57.28,31821.2,34841.7,-0.7211,-0.3908,128.3,86.1,0.958
57.3,31777.0,34719.4,-0.8999,-0.6915,128.3,86.0,0.958
57.32,31743.0,34660.4,-1.0375,-0.8368,128.3,86.0,0.959
57.34,31708.5,34667.6,-1.1773,-0.819,128.3,86.0,0.959
57.36,31787.3,34699.4,-0.8582,-0.7407,128.3,86.0,0.96
57.38,31635.4,34592.7,-1.4732,-1.0033,128.2,86.0,0.961
57.4,31643.0,34508.4,-1.4423,-1.2107,128.2,86.0,0.961
57.42,31482.3,34493.7,-2.0925,-1.2469,128.2,86.0,0.962
57.44,31500.6,34449.8,-2.0187,-1.3549,128.2,85.9,0.962
57.46,31568.0,34468.8,-1.7457,-1.308,128.2,85.9,0.963
57.48,31724.4,34871.8,-1.113,-0.3167,128.1,85.9,0.963
57.5,32092.3,35134.4,0.3758,0.3294,128.1,85.9,0.964
57.52,32351.7,35465.4,1.4259,1.1437,128.1,85.9,0.964
57.54,32487.4,35754.8,1.9746,1.8557,128.1,85.9,0.965
57.56,32712.0,35759.1,2.8836,1.8663,128.1,85.9,0.965
57.58,32658.0,35755.1,2.665,1.8565,128.0,85.9,0.966
57.6,32446.6,35499.2,1.8097,1.2269,128.0,85.8,0.966
57.62,32201.6,35329.9,0.8182,0.8104,128.0,85.8,0.967
57.64,32165.6,35242.5,0.6724,0.5952,128.0,85.8,0.967
57.66,32095.6,35042.8,0.3893,0.1041,128.0,85.8,0.968
57.68,32136.0,35120.0,0.5528,0.2939,127.9,85.8,0.968
57.7,32073.4,34992.2,0.2996,-0.0205,127.9,85.8,0.969
57.72,31981.8,34964.6,-0.0712,-0.0884,127.9,85.8,0.969
57.74,31893.0,34841.9,-0.4306,-0.3901,127.9,85.8,0.97
57.76,31762.7,34701.9,-0.9581,-0.7345,127.9,85.7,0.97
57.78,31790.8,34706.6,-0.8441,-0.723,127.8,85.7,0.971
57.8,31695.1,34687.7,-1.2314,-0.7695,127.8,85.7,0.971
57.82,31610.8,34780.1,-1.5726,-0.5422,127.8,85.7,0.972
57.84,31701.1,34599.3,-1.2072,-0.9872,127.8,85.7,0.972
57.86,31660.6,34586.1,-1.3709,-1.0196,127.8,85.7,0.973
57.88,31554.2,34515.8,-1.8018,-1.1925,127.7,85.7,0.973
57.9,31445.8,34445.9,-2.2402,-1.3644,127.7,85.7,0.974
57.92,31572.3,34513.2,-1.7286,-1.1988,127.7,85.6,0.974
57.94,31718.6,34741.9,-1.1362,-0.6362,127.7,85.6,0.975
57.96,32115.2,34960.0,0.4684,-0.0997,127.7,85.6,0.975
57.98,32278.2,35356.1,1.1284,0.8747,127.6,85.6,0.976
58.0,32527.8,35564.7,2.1383,1.3881,127.6,85.6,0.976
58.02,32677.8,35795.1,2.7454,1.9548,127.6,85.6,0.977
58.04,32612.8,35808.6,2.4822,1.988,127.6,85.6,0.977
58.06,32465.1,35668.9,1.8845,1.6443,127.6,85.6,0.978
58.08,32426.6,35437.2,1.7287,1.0743,127.5,85.5,0.978
58.1,32215.5,35213.9,0.8746,0.525,127.5,85.5,0.979
58.12,32148.4,35208.8,0.6031,0.5123,127.5,85.5,0.979
58.14,32090.0,35114.6,0.3664,0.2806,127.5,85.5,0.98
58.16,32046.7,35110.8,0.1915,0.2713,127.5,85.5,0.98
58.18,32020.6,34931.5,0.0858,-0.1698,127.4,85.5,0.981
58.2,31954.7,34872.5,-0.1808,-0.315,127.4,85.5,0.981
58.22,31823.7,34763.4,-0.7112,-0.5833,127.4,85.5,0.982
58.24,31765.9,34673.0,-0.9451,-0.8056,127.4,85.4,0.982
58.26,31709.8,34704.5,-1.172,-0.7281,127.4,85.4,0.983
58.28,31688.4,34665.9,-1.2586,-0.8231,127.3,85.4,0.983
58.3,31665.4,34721.0,-1.3516,-0.6876,127.3,85.4,0.984
58.32,31648.3,34653.2,-1.421,-0.8544,127.3,85.4,0.984
58.34,31566.9,34519.7,-1.7504,-1.1828,127.3,85.4,0.985
58.36,31471.6,34464.7,-2.1358,-1.3183,127.3,85.4,0.985
58.38,31550.4,34482.2,-1.817,-1.2751,127.2,85.4,0.986
58.4,31691.9,34526.2,-1.2445,-1.1668,127.2,85.3,0.986
58.42,31905.0,34840.9,-0.382,-0.3926,127.2,85.3,0.987
58.44,32071.1,35092.3,0.2903,0.2258,127.2,85.3,0.987
58.46,32471.8,35398.8,1.9117,0.9798,127.2,85.3,0.988
58.48,32681.6,35742.3,2.7608,1.8249,127.1,85.3,0.989
58.5,32673.5,35787.5,2.7278,1.9361,127.1,85.3,0.989
58.52,32640.8,35676.9,2.5957,1.664,127.1,85.3,0.99
58.54,32528.2,35492.3,2.1401,1.21,127.1,85.2,0.99
58.56,32245.5,35443.3,0.9959,1.0893,127.1,85.2,0.991
58.58,32166.6,35301.4,0.6766,0.7403,127.0,85.2,0.991
58.6,32028.9,35144.7,0.1194,0.3547,127.0,85.2,0.992
58.62,32097.8,35136.8,0.3981,0.3353,127.0,85.2,0.992
58.64,31967.9,35148.2,-0.1274,0.3633,127.0,85.2,0.993
58.66,31936.2,35005.8,-0.2559,0.013,127.0,85.2,0.993
58.68,31805.9,34898.7,-0.7832,-0.2506,126.9,85.2,0.994
58.7,31718.1,34757.0,-1.1384,-0.599,126.9,85.1,0.994
58.72,31737.5,34763.2,-1.0599,-0.5837,126.9,85.1,0.995
58.74,31703.9,34752.9,-1.1958,-0.6091,126.9,85.1,0.995
58.76,31681.4,34678.1,-1.2868,-0.7931,126.9,85.1,0.996
58.78,31724.7,34664.4,-1.1119,-0.8269,126.8,85.1,0.996
58.8,31614.5,34518.2,-1.5575,-1.1867,126.8,85.1,0.997
58.82,31505.0,34364.9,-2.0007,-1.5638,126.8,85.1,0.997
58.84,31399.4,34461.7,-2.4281,-1.3256,126.8,85.1,0.998
58.86,31395.5,34547.7,-2.4438,-1.1139,126.8,85.0,0.998
58.88,31667.5,34620.3,-1.3431,-0.9355,126.7,85.0,0.999
58.9,31958.3,34944.0,-0.1665,-0.139,126.7,85.0,0.999
58.92,32173.8,35214.9,0.7057,0.5274,126.7,85.0,1.0
58.94,32528.6,35562.1,2.1416,1.3815,126.7,85.0,1.0
58.96,32687.2,35690.8,2.7833,1.6982,126.7,85.0,1.001
58.98,32767.5,35814.6,3.1083,2.0029,126.6,85.0,1.001
59.0,32592.4,35634.7,2.3996,1.5603,126.6,85.0,1.002
59.02,32386.1,35488.4,1.565,1.2003,126.6,84.9,1.002
59.04,32284.4,35269.4,1.1533,0.6615,126.6,84.9,1.003
59.06,32181.6,35231.7,0.7373,0.5687,126.6,84.9,1.003
59.08,32099.2,35170.4,0.404,0.4179,126.5,84.9,1.004
59.1,31990.1,35132.0,-0.0376,0.3235,126.5,84.9,1.004
59.12,31933.1,35065.4,-0.2683,0.1597,126.5,84.9,1.005
59.14,31940.1,34911.9,-0.2402,-0.2181,126.5,84.9,1.005
59.16,31783.7,34900.1,-0.873,-0.2469,126.5,84.9,1.006
59.18,31726.9,34665.3,-1.1027,-0.8247,126.4,84.8,1.006
59.2,31820.5,34697.9,-0.7238,-0.7445,126.4,84.8,1.007
59.22,31801.5,34725.6,-0.801,-0.6764,126.4,84.8,1.007
59.24,31578.0,34612.5,-1.7055,-0.9545,126.4,84.8,1.008
59.26,31640.9,34648.9,-1.4509,-0.865,126.4,84.8,1.008
59.28,31638.4,34509.6,-1.4611,-1.2076,126.3,84.8,1.009
59.3,31480.4,34503.2,-2.1003,-1.2234,126.3,84.8,1.009
59.32,31509.4,34459.4,-1.9832,-1.3311,126.3,84.8,1.01
59.34,31580.7,34505.2,-1.6944,-1.2187,126.3,84.7,1.01
59.36,31739.1,34670.3,-1.0536,-0.8123,126.3,84.7,1.011
59.38,32026.2,35114.4,0.1085,0.2802,126.2,84.7,1.011
59.4,32285.5,35357.5,1.1579,0.8782,126.2,84.7,1.012
59.42,32418.5,35638.1,1.696,1.5685,126.2,84.7,1.012
59.44,32764.5,35714.7,3.0961,1.7571,126.2,84.7,1.013
59.46,32624.3,35695.7,2.529,1.7102,126.2,84.7,1.013
59.48,32560.6,35653.0,2.2711,1.6052,126.1,84.7,1.014
59.5,32422.8,35422.6,1.7134,1.0384,126.1,84.6,1.014
59.52,32226.4,35205.0,0.9187,0.503,126.1,84.6,1.015
59.54,32143.7,35245.8,0.584,0.6035,126.1,84.6,1.015
59.56,32053.9,35079.0,0.2206,0.193,126.1,84.6,1.016
59.58,31977.4,35014.6,-0.089,0.0347,126.0,84.6,1.017
59.6,32066.6,35061.3,0.2719,0.1496,126.0,84.6,1.017
59.62,31916.7,34861.9,-0.3347,-0.3409,126.0,84.6,1.018
59.64,31861.5,34747.7,-0.5581,-0.6219,126.0,84.5,1.018
59.66,31798.5,34799.5,-0.8129,-0.4944,126.0,84.5,1.019
59.68,31679.3,34751.5,-1.2956,-0.6127,125.9,84.5,1.019
59.7,31740.4,34686.2,-1.0482,-0.7733,125.9,84.5,1.02
59.72,31675.1,34606.1,-1.3124,-0.9704,125.9,84.5,1.02
59.74,31614.2,34611.9,-1.5587,-0.9561,125.9,84.5,1.021
59.76,31582.5,34541.0,-1.6873,-1.1306,125.9,84.5,1.021
59.78,31507.3,34554.2,-1.9915,-1.0979,125.8,84.5,1.022
59.8,31498.7,34395.9,-2.0264,-1.4874,125.8,84.4,1.022
59.82,31596.1,34651.6,-1.6322,-0.8583,125.8,84.4,1.023
59.84,31805.6,34759.6,-0.7842,-0.5928,125.8,84.4,1.023
59.86,32106.9,35116.6,0.4348,0.2856,125.8,84.4,1.024
59.88,32313.6,35393.9,1.2715,0.9677,125.7,84.4,1.024
59.9,32601.7,35619.7,2.4374,1.5233,125.7,84.4,1.025
59.92,32680.9,35707.9,2.7578,1.7403,125.7,84.4,1.025
59.94,32716.4,35692.2,2.9016,1.7015,125.7,84.4,1.026
59.96,32505.6,35580.6,2.0484,1.4271,125.7,84.3,1.026
59.98,32478.8,35347.3,1.9399,0.8532,125.6,84.3,1.027
60.0,32209.3,35265.3,0.8494,0.6513,125.6,84.3,1.027
60.02,32130.9,35141.2,0.5319,0.3462,125.6,84.3,1.028
60.04,32085.9,35092.3,0.3499,0.2257,125.6,84.3,1.028
60.06,32097.9,35095.6,0.3986,0.2339,125.6,84.3,1.029
60.08,32030.4,34984.4,0.1253,-0.0397,125.5,84.3,1.029
60.1,31928.3,34980.2,-0.2878,-0.0499,125.5,84.3,1.03
60.12,31710.0,34705.4,-1.1713,-0.726,125.5,84.2,1.03
60.14,31662.3,34685.8,-1.3642,-0.7741,125.5,84.2,1.031
60.16,31689.3,34723.9,-1.2549,-0.6805,125.5,84.2,1.031
60.18,31683.1,34652.0,-1.2801,-0.8575,125.4,84.2,1.032
60.2,31628.4,34547.6,-1.5013,-1.1142,125.4,84.2,1.032
60.22,31612.3,34642.8,-1.5667,-0.8801,125.4,84.2,1.033
60.24,31638.9,34564.6,-1.4591,-1.0724,125.4,84.2,1.033
60.26,31491.1,34486.8,-2.057,-1.2639,125.4,84.2,1.034
60.28,31522.8,34509.0,-1.9288,-1.2091,125.3,84.1,1.034
60.3,31552.5,34536.5,-1.8085,-1.1415,125.3,84.1,1.035
60.32,31746.6,34846.4,-1.0233,-0.3792,125.3,84.1,1.035
60.34,32072.4,35103.3,0.2952,0.2529,125.3,84.1,1.036
60.36,32297.8,35382.7,1.2076,0.9403,125.3,84.1,1.036
60.38,32628.7,35637.9,2.5466,1.568,125.2,84.1,1.037
60.4,32746.2,35752.1,3.0222,1.8489,125.2,84.1,1.037
60.42,32594.4,35695.0,2.4079,1.7085,125.2,84.1,1.038
60.44,32527.1,35515.8,2.1356,1.2677,125.2,84.0,1.038
60.46,32340.9,35339.6,1.3818,0.8343,125.2,84.0,1.039
60.48,32235.7,35253.0,0.9562,0.6211,125.1,84.0,1.039
60.5,32104.4,35177.8,0.4248,0.436,125.1,84.0,1.04
60.52,32143.4,35168.4,0.5829,0.4131,125.1,84.0,1.04
60.54,32082.9,35126.6,0.3379,0.3102,125.1,84.0,1.041
60.56,32025.5,35015.0,0.1054,0.0357,125.1,84.0,1.041
60.58,31933.3,34919.5,-0.2677,-0.1994,125.0,84.0,1.042
60.6,31745.8,34829.8,-1.0265,-0.42,125.0,83.9,1.042
60.62,31668.2,34764.9,-1.3402,-0.5797,125.0,83.9,1.043
60.64,31609.7,34673.4,-1.577,-0.8048,125.0,83.9,1.043
60.66,31696.7,34634.6,-1.2249,-0.9001,125.0,83.9,1.044
60.68,31588.4,34609.7,-1.6631,-0.9614,124.9,83.9,1.045
60.7,31567.3,34702.6,-1.7487,-0.733,124.9,83.9,1.045
60.72,31488.2,34499.4,-2.0689,-1.2329,124.9,83.9,1.046
60.74,31507.9,34574.6,-1.9891,-1.0477,124.9,83.8,1.046
60.76,31425.1,34494.6,-2.3242,-1.2446,124.9,83.8,1.047
60.78,31607.7,34518.8,-1.585,-1.1851,124.8,83.8,1.047
60.8,31863.0,34831.4,-0.5518,-0.4159,124.8,83.8,1.048
60.82,32105.1,35128.6,0.4278,0.315,124.8,83.8,1.048
60.84,32410.6,35382.0,1.6641,0.9386,124.8,83.8,1.049
60.86,32634.4,35613.4,2.5696,1.5079,124.8,83.8,1.049
60.88,32702.4,35736.5,2.8448,1.8107,124.7,83.8,1.05
60.9,32800.2,35758.1,3.2407,1.8637,124.7,83.7,1.05
60.92,32545.8,35626.8,2.2114,1.5408,124.7,83.7,1.051
60.94,32304.7,35396.1,1.2354,0.9731,124.7,83.7,1.051
60.96,32240.7,35198.0,0.9766,0.4859,124.7,83.7,1.052
60.98,32125.8,35157.8,0.5117,0.3869,124.6,83.7,1.052
61.0,32163.6,35132.2,0.6643,0.3239,124.6,83.7,1.053
61.02,32071.8,35018.7,0.2931,0.0448,124.6,83.7,1.053
61.04,32027.9,34961.8,0.1154,-0.0953,124.6,83.7,1.054
61.06,31953.4,34927.0,-0.1863,-0.1809,124.6,83.6,1.054
61.08,31777.3,34772.5,-0.8987,-0.5608,124.5,83.6,1.055
61.1,31724.0,34729.2,-1.1146,-0.6674,124.5,83.6,1.055
61.12,31634.7,34627.0,-1.476,-0.9188,124.5,83.6,1.056
61.14,31638.7,34702.5,-1.4596,-0.7332,124.5,83.6,1.056
61.16,31682.0,34620.2,-1.2845,-0.9356,124.5,83.6,1.057
61.18,31661.9,34582.7,-1.3657,-1.0279,124.4,83.6,1.057
61.2,31526.3,34642.6,-1.9147,-0.8806,124.4,83.6,1.058
61.22,31508.0,34547.6,-1.9887,-1.1143,124.4,83.5,1.058
61.24,31517.0,34441.9,-1.9521,-1.3741,124.4,83.5,1.059
61.26,31465.6,34529.3,-2.1601,-1.1594,124.4,83.5,1.059
61.28,31793.0,34775.7,-0.8354,-0.5532,124.3,83.5,1.06
61.3,32024.5,34952.1,0.1017,-0.1191,124.3,83.5,1.06
61.32,32311.0,35368.0,1.2608,0.9039,124.3,83.5,1.061
61.34,32700.8,35689.5,2.8384,1.695,124.3,83.5,1.061
61.36,32703.5,35743.8,2.8494,1.8285,124.3,83.5,1.062
61.38,32735.1,35735.9,2.9772,1.8091,124.2,83.4,1.062
61.4,32549.6,35543.7,2.2265,1.3364,124.2,83.4,1.063
61.42,32464.0,35345.5,1.8802,0.8488,124.2,83.4,1.063
61.44,32227.8,35155.4,0.9243,0.3812,124.2,83.4,1.064
61.46,32109.0,35108.1,0.4434,0.2648,124.2,83.4,1.064
61.48,32106.0,35113.6,0.4315,0.2782,124.1,83.4,1.065
61.5,32066.5,35068.2,0.2714,0.1666,124.1,83.4,1.065
61.52,32041.0,35046.3,0.1682,0.1128,124.1,83.4,1.066
61.54,31907.0,34904.2,-0.3738,-0.2369,124.1,83.3,1.066
61.56,31722.8,34894.0,-1.1192,-0.2621,124.1,83.3,1.067
61.58,31713.1,34684.0,-1.1587,-0.7786,124.0,83.3,1.067
61.6,31754.8,34637.3,-0.9898,-0.8936,124.0,83.3,1.068
61.62,31767.8,34641.6,-0.9374,-0.883,124.0,83.3,1.068
61.64,31661.6,34700.4,-1.367,-0.7384,124.0,83.3,1.069
61.66,31601.5,34684.9,-1.6104,-0.7765,124.0,83.3,1.069
61.68,31594.8,34517.5,-1.6374,-1.1883,123.9,83.3,1.07
61.7,31455.5,34471.4,-2.2011,-1.3017,123.9,83.2,1.07
61.72,31422.2,34418.0,-2.3359,-1.4331,123.9,83.2,1.071
61.74,31503.3,34554.2,-2.0077,-1.0981,123.9,83.2,1.071
61.76,31712.3,34738.1,-1.1618,-0.6457,123.9,83.2,1.072
61.78,32006.3,35008.1,0.0278,0.0188,123.8,83.2,1.073
61.8,32314.8,35313.6,1.2763,0.7703,123.8,83.2,1.073
61.82,32543.9,35609.0,2.2034,1.497,123.8,83.2,1.074
61.84,32722.1,35812.2,2.9244,1.9969,123.8,83.1,1.074
61.86,32670.7,35751.9,2.7165,1.8485,123.8,83.1,1.075
61.88,32571.2,35587.9,2.3141,1.4451,123.7,83.1,1.075
61.9,32431.4,35440.2,1.7483,1.0817,123.7,83.1,1.076
61.92,32311.8,35275.1,1.2641,0.6755,123.7,83.1,1.076
61.94,32213.2,35132.2,0.8653,0.3241,123.7,83.1,1.077
61.96,32117.1,35127.1,0.4761,0.3115,123.7,83.1,1.077
61.98,32037.9,35058.4,0.1559,0.1424,123.6,83.1,1.078
62.0,32009.4,34993.3,0.0404,-0.0177,123.6,83.0,1.078
62.02,31934.9,34925.7,-0.2611,-0.184,123.6,83.0,1.078
62.04,31804.7,34790.3,-0.7881,-0.5171,123.6,83.0,1.078
62.06,31764.3,34696.9,-0.9512,-0.7469,123.6,83.0,1.078
62.08,31774.7,34632.0,-0.9093,-0.9065,123.6,83.0,1.078
62.1,31664.9,34670.6,-1.3536,-0.8115,123.6,83.0,1.078
62.12,31638.6,34773.5,-1.4602,-0.5586,123.6,83.0,1.078
62.14,31590.4,34575.9,-1.6553,-1.0447,123.6,83.0,1.078
62.16,31657.5,34574.4,-1.3837,-1.0482,123.6,83.0,1.078
62.18,31427.6,34490.9,-2.3139,-1.2538,123.6,83.0,1.078
62.2,31391.3,34407.8,-2.461,-1.4583,123.6,83.0,1.078
62.22,31490.1,34516.3,-2.0609,-1.1913,123.6,83.0,1.078
62.24,31636.6,34740.5,-1.4684,-0.6397,123.6,83.0,1.078
62.26,31912.6,34949.6,-0.3512,-0.1251,123.6,83.0,1.078
62.28,32274.1,35355.9,1.1116,0.8743,123.6,83.0,1.078
62.3,32589.7,35526.5,2.3888,1.2939,123.6,83.0,1.078
62.32,32713.4,35741.5,2.8893,1.8229,123.6,83.0,1.078
62.34,32689.8,35786.8,2.7938,1.9345,123.6,83.0,1.078
62.36,32620.8,35637.4,2.5146,1.5668,123.6,83.0,1.078
62.38,32435.4,35473.0,1.7645,1.1623,123.6,83.0,1.078
62.4,32424.4,35335.1,1.7201,0.8232,123.6,83.0,1.078
62.42,32210.4,35216.5,0.854,0.5314,123.6,83.0,1.078
62.44,32054.2,35060.0,0.2218,0.1463,123.6,83.0,1.078
62.46,32101.5,34984.3,0.4133,-0.0398,123.6,83.0,1.078
62.48,31975.7,34974.3,-0.0959,-0.0644,123.6,83.0,1.078
62.5,31989.8,35013.4,-0.0388,0.0317,123.6,83.0,1.078
62.52,31885.3,34897.8,-0.4618,-0.2526,123.6,83.0,1.078
62.54,31753.1,34712.9,-0.9968,-0.7075,123.6,83.0,1.078
62.56,31754.6,34759.3,-0.9906,-0.5934,123.6,83.0,1.078
62.58,31659.4,34665.8,-1.3758,-0.8234,123.6,83.0,1.078
62.6,31770.8,34665.9,-0.9253,-0.8231,123.6,83.0,1.078
62.62,31604.0,34599.0,-1.6001,-0.9877,123.6,83.0,1.078
62.64,31542.5,34509.8,-1.8492,-1.2071,123.6,83.0,1.078
62.66,31500.1,34552.1,-2.0204,-1.1031,123.6,83.0,1.078
62.68,31437.6,34470.8,-2.2734,-1.303,123.6,83.0,1.078
62.7,31451.7,34547.8,-2.2166,-1.1137,123.6,83.0,1.078
62.72,31574.7,34682.1,-1.7188,-0.7833,123.6,83.0,1.078
62.74,31812.6,34904.9,-0.7558,-0.2352,123.6,83.0,1.078
62.76,32145.8,35174.1,0.5926,0.4271,123.6,83.0,1.078
62.78,32464.5,35450.1,1.882,1.1061,123.6,83.0,1.078
62.8,32675.0,35607.1,2.7338,1.4923,123.6,83.0,1.078
62.82,32662.6,35845.9,2.6839,2.0797,123.6,83.0,1.078
62.84,32566.1,35663.2,2.2933,1.6304,123.6,83.0,1.078
62.86,32481.7,35586.4,1.9519,1.4414,123.6,83.0,1.078
62.88,32370.6,35323.5,1.5022,0.7946,123.6,83.0,1.078
62.9,32265.2,35269.3,1.0755,0.6612,123.6,83.0,1.078
62.92,32172.8,35148.2,0.7018,0.3632,123.6,83.0,1.078
62.94,32018.2,35098.9,0.0759,0.242,123.6,83.0,1.078
62.96,32040.5,35094.9,0.1664,0.2323,123.6,83.0,1.078
62.98,31984.6,35015.1,-0.06,0.036,123.6,83.0,1.078
63.0,31854.6,34886.4,-0.5861,-0.2806,123.6,83.0,1.078
63.02,31885.2,34764.7,-0.4622,-0.5802,123.6,83.0,1.078
63.04,31687.3,34665.0,-1.263,-0.8254,123.6,83.0,1.078
63.06,31636.4,34685.0,-1.469,-0.7761,123.6,83.0,1.078
63.08,31678.4,34665.4,-1.299,-0.8244,123.6,83.0,1.078
63.1,31649.4,34662.1,-1.4166,-0.8326,123.6,83.0,1.078
63.12,31601.9,34612.3,-1.6088,-0.9552,123.6,83.0,1.078
63.14,31557.5,34654.1,-1.7881,-0.8523,123.6,83.0,1.078
63.16,31416.0,34559.3,-2.3608,-1.0854,123.6,83.0,1.078
63.18,31478.8,34417.6,-2.107,-1.4341,123.6,83.0,1.078
63.2,31596.5,34586.4,-1.6303,-1.0188,123.6,83.0,1.078
63.22,31855.9,34752.0,-0.5807,-0.6113,123.6,83.0,1.078
63.24,31982.0,35139.1,-0.0704,0.341,123.6,83.0,1.078
63.26,32426.5,35387.0,1.7283,0.9509,123.6,83.0,1.078
63.28,32712.5,35640.4,2.8856,1.5743,123.6,83.0,1.078
63.3,32715.2,35788.4,2.8968,1.9383,123.6,83.0,1.078
63.32,32660.7,35671.3,2.6763,1.6502,123.6,83.0,1.078
63.34,32533.2,35583.4,2.16,1.434,123.6,83.0,1.078
63.36,32357.7,35540.5,1.45,1.3285,123.6,83.0,1.078
63.38,32302.9,35197.4,1.2282,0.4844,123.6,83.0,1.078
63.4,32209.7,35243.7,0.851,0.5983,123.6,83.0,1.078
63.42,32070.5,35116.6,0.2878,0.2856,123.6,83.0,1.078
63.44,32059.5,35056.6,0.2431,0.1381,123.6,83.0,1.078
63.46,32050.0,34956.0,0.2048,-0.1094,123.6,83.0,1.078
63.48,31975.7,34876.5,-0.0961,-0.305,123.6,83.0,1.078
63.5,31804.2,34859.7,-0.7899,-0.3464,123.6,83.0,1.078
63.52,31794.3,34726.6,-0.8301,-0.6739,123.6,83.0,1.078
63.54,31694.2,34630.3,-1.235,-0.9109,123.6,83.0,1.078
63.56,31703.3,34639.9,-1.1985,-0.8871,123.6,83.0,1.078
63.58,31682.7,34655.9,-1.2815,-0.8478,123.6,83.0,1.078
63.6,31605.6,34680.3,-1.5937,-0.7879,123.6,83.0,1.078
63.62,31616.4,34544.6,-1.5499,-1.1215,123.6,83.0,1.078
63.64,31529.6,34468.3,-1.9014,-1.3092,123.6,83.0,1.078
63.66,31372.8,34442.0,-2.5359,-1.374,123.6,83.0,1.078
63.68,31549.9,34569.9,-1.8189,-1.0594,123.6,83.0,1.078
63.7,31719.1,34705.3,-1.1343,-0.7263,123.6,83.0,1.078
63.72,31955.8,34985.5,-0.1766,-0.0369,123.6,83.0,1.078
63.74,32326.1,35329.8,1.322,0.81,123.6,83.0,1.078
63.76,32490.1,35585.6,1.9859,1.4395,123.6,83.0,1.078
63.78,32742.6,35696.0,3.0075,1.711,123.6,83.0,1.078
63.8,32742.4,35711.8,3.0069,1.75,123.6,83.0,1.078
63.82,32687.2,35608.0,2.7835,1.4945,123.6,83.0,1.078
63.84,32381.5,35461.7,1.5463,1.1346,123.6,83.0,1.078
63.86,32275.7,35316.6,1.1181,0.7776,123.6,83.0,1.078
63.88,32112.3,35200.0,0.4569,0.4908,123.6,83.0,1.078
63.9,32218.5,35100.3,0.8865,0.2455,123.6,83.0,1.078
63.92,32044.8,35057.2,0.1835,0.1395,123.6,83.0,1.078
63.94,32124.3,34996.5,0.5054,-0.01,123.6,83.0,1.078
63.96,31989.1,34916.9,-0.0416,-0.2056,123.6,83.0,1.078
63.98,31877.8,34814.6,-0.492,-0.4574,123.6,83.0,1.078
64.0,31846.3,34760.7,-0.6198,-0.5901,123.6,83.0,1.078
64.02,31687.3,34671.5,-1.2632,-0.8095,123.6,83.0,1.078
64.04,31674.2,34668.8,-1.316,-0.816,123.6,83.0,1.078
64.06,31757.7,34676.0,-0.9783,-0.7984,123.6,83.0,1.078
64.08,31638.1,34601.3,-1.4622,-0.982,123.6,83.0,1.078
64.1,31531.0,34647.4,-1.8957,-0.8687,123.6,83.0,1.078
64.12,31548.0,34495.9,-1.8269,-1.2414,123.6,83.0,1.078
64.14,31451.9,34377.4,-2.2155,-1.533,123.6,83.0,1.078
64.16,31444.4,34548.3,-2.2462,-1.1126,123.6,83.0,1.078
64.18,31673.6,34600.5,-1.3185,-0.9842,123.6,83.0,1.078
64.2,31947.5,34949.9,-0.2102,-0.1245,123.6,83.0,1.078
64.22,32187.6,35217.7,0.7615,0.5344,123.6,83.0,1.078
64.24,32460.9,35538.9,1.8676,1.3245,123.6,83.0,1.078
64.26,32685.8,35725.7,2.7778,1.7842,123.6,83.0,1.078
64.28,32714.1,35778.8,2.8922,1.9146,123.6,83.0,1.078
64.3,32704.7,35603.3,2.8543,1.483,123.6,83.0,1.078
64.32,32460.2,35554.4,1.8648,1.3625,123.6,83.0,1.078
64.34,32310.9,35298.0,1.2605,0.7318,123.6,83.0,1.078
64.36,32196.6,35285.8,0.798,0.7018,123.6,83.0,1.078
64.38,32180.0,35173.6,0.731,0.4257,123.6,83.0,1.078
64.4,32180.8,35014.3,0.7343,0.0339,123.6,83.0,1.078
64.42,32098.8,35047.8,0.4024,0.1165,123.6,83.0,1.078
64.44,31961.4,34956.7,-0.1539,-0.1079,123.6,83.0,1.078
64.46,31883.4,34860.3,-0.4695,-0.345,123.6,83.0,1.078
64.48,31710.2,34760.4,-1.1704,-0.5907,123.6,83.0,1.078
64.5,31714.9,34612.7,-1.1514,-0.9542,123.6,83.0,1.078
64.52,31687.2,34681.5,-1.2636,-0.7847,123.6,83.0,1.078
64.54,31727.9,34652.8,-1.0989,-0.8553,123.6,83.0,1.078
64.56,31647.6,34734.9,-1.4238,-0.6533,123.6,83.0,1.078
64.58,31546.1,34530.1,-1.8345,-1.1574,123.6,83.0,1.078
64.6,31516.5,34544.6,-1.9544,-1.1217,123.6,83.0,1.078
64.62,31436.4,34579.9,-2.2784,-1.0347,123.6,83.0,1.078
64.64,31531.9,34439.6,-1.8921,-1.38,123.6,83.0,1.078
64.66,31582.3,34628.0,-1.6881,-0.9165,123.6,83.0,1.078
64.68,31816.3,34878.5,-0.7409,-0.3002,123.6,83.0,1.078
64.7,32258.5,35058.4,1.0484,0.1424,123.6,83.0,1.078
64.72,32534.7,35416.0,2.1664,1.0223,123.6,83.0,1.078
64.74,32638.8,35664.1,2.5877,1.6325,123.6,83.0,1.078
64.76,32793.8,35739.4,3.2147,1.8179,123.6,83.0,1.078
64.78,32653.8,35684.3,2.6483,1.6823,123.6,83.0,1.078
64.8,32570.2,35559.8,2.31,1.3759,123.6,83.0,1.078
64.82,32397.2,35331.0,1.6097,0.8129,123.6,83.0,1.078
64.84,32248.6,35275.3,1.0083,0.6761,123.6,83.0,1.078
64.86,32107.9,35121.0,0.439,0.2965,123.6,83.0,1.078
64.88,32122.4,35082.1,0.4979,0.2008,123.6,83.0,1.078
64.9,31942.5,35101.8,-0.2303,0.2493,123.6,83.0,1.078
64.92,31988.5,34975.2,-0.0443,-0.0624,123.6,83.0,1.078
64.94,31937.5,34926.8,-0.2506,-0.1814,123.6,83.0,1.078
64.96,31789.4,34905.5,-0.8499,-0.2336,123.6,83.0,1.078
64.98,31759.8,34729.9,-0.9695,-0.6657,123.6,83.0,1.078
65.0,31596.9,34694.3,-1.629,-0.7534,123.6,83.0,1.078
65.02,31685.9,34666.6,-1.2687,-0.8214,123.6,83.0,1.078
65.04,31645.1,34691.4,-1.4338,-0.7604,123.6,83.0,1.078
65.06,31554.0,34605.3,-1.8024,-0.9722,123.6,83.0,1.078
65.08,31450.7,34487.3,-2.2206,-1.2626,123.6,83.0,1.078
65.1,31530.4,34463.0,-1.8982,-1.3224,123.6,83.0,1.078
65.12,31411.5,34515.3,-2.3791,-1.1937,123.6,83.0,1.078
65.14,31644.0,34569.6,-1.4382,-1.0602,123.6,83.0,1.078
65.16,31786.6,34758.0,-0.8611,-0.5966,123.6,83.0,1.078
65.18,32061.5,35165.5,0.2511,0.406,123.6,83.0,1.078
65.2,32442.5,35357.5,1.793,0.8783,123.6,83.0,1.078
65.22,32598.0,35658.6,2.4225,1.6189,123.6,83.0,1.078
65.24,32820.1,35823.5,3.3214,2.0247,123.6,83.0,1.078
65.26,32675.0,35692.7,2.7341,1.703,123.6,83.0,1.078
65.28,32570.7,35626.5,2.3118,1.5401,123.6,83.0,1.078
65.3,32333.9,35324.1,1.3537,0.7961,123.6,83.0,1.078
65.32,32254.1,35225.8,1.0305,0.5541,123.6,83.0,1.078
65.34,32175.7,35214.0,0.7136,0.5251,123.6,83.0,1.078
65.36,32141.7,35056.7,0.5757,0.1383,123.6,83.0,1.078
65.38,32100.5,35008.4,0.409,0.0194,123.6,83.0,1.078
65.4,32032.2,35079.0,0.1326,0.1931,123.6,83.0,1.078
65.42,31938.7,34914.8,-0.2456,-0.2109,123.6,83.0,1.078
65.44,31778.2,34890.4,-0.8953,-0.2709,123.6,83.0,1.078
65.46,31688.7,34738.0,-1.2572,-0.6457,123.6,83.0,1.078
65.48,31717.8,34683.5,-1.1395,-0.7799,123.6,83.0,1.078
65.5,31654.9,34628.9,-1.3941,-0.9142,123.6,83.0,1.078
65.52,31667.0,34678.3,-1.3453,-0.7928,123.6,83.0,1.078
65.54,31595.4,34683.0,-1.6351,-0.781,123.6,83.0,1.078
65.56,31557.6,34593.7,-1.7881,-1.0007,123.6,83.0,1.078
65.58,31511.1,34484.2,-1.9763,-1.2701,123.6,83.0,1.078
65.6,31474.4,34429.8,-2.1246,-1.404,123.6,83.0,1.078
65.62,31496.5,34547.2,-2.0353,-1.1153,123.6,83.0,1.078
65.64,31709.5,34679.7,-1.1733,-0.7893,123.6,83.0,1.078
65.66,32099.4,34913.8,0.4045,-0.2133,123.6,83.0,1.078
65.68,32239.2,35236.8,0.9704,0.5813,123.6,83.0,1.078
65.7,32467.4,35522.4,1.8937,1.2839,123.6,83.0,1.078
65.72,32743.1,35849.6,3.0095,2.0889,123.6,83.0,1.078
65.74,32771.6,35803.1,3.125,1.9744,123.6,83.0,1.078
65.76,32579.9,35633.1,2.3492,1.5563,123.6,83.0,1.078
65.78,32419.9,35444.1,1.7019,1.0914,123.6,83.0,1.078
65.8,32314.9,35298.9,1.2769,0.734,123.6,83.0,1.078
65.82,32220.3,35185.8,0.8939,0.4559,123.6,83.0,1.078
65.84,32062.5,35104.6,0.2554,0.2561,123.6,83.0,1.078
65.86,32082.3,35113.6,0.3356,0.2782,123.6,83.0,1.078
65.88,32039.1,34983.4,0.1607,-0.0422,123.6,83.0,1.078
65.9,32077.9,34862.4,0.3178,-0.3399,123.6,83.0,1.078
65.92,31795.6,34850.4,-0.8247,-0.3694,123.6,83.0,1.078
65.94,31750.0,34629.7,-1.0093,-0.9122,123.6,83.0,1.078
65.96,31737.0,34615.6,-1.0618,-0.9468,123.6,83.0,1.078
65.98,31704.6,34710.3,-1.193,-0.7141,123.6,83.0,1.078
66.0,31708.2,34636.0,-1.1786,-0.8967,123.6,83.0,1.078
66.02,31675.4,34609.7,-1.3113,-0.9614,123.6,83.0,1.078
66.04,31597.6,34532.4,-1.626,-1.1517,123.6,83.0,1.078
66.06,31485.7,34520.3,-2.079,-1.1814,123.6,83.0,1.078
66.08,31434.1,34474.0,-2.2876,-1.2954,123.6,83.0,1.078
66.1,31525.2,34532.9,-1.919,-1.1503,123.6,83.0,1.078
66.12,31657.0,34611.5,-1.3859,-0.9571,123.6,83.0,1.078
66.14,31864.7,34881.0,-0.5452,-0.2941,123.6,83.0,1.078
66.16,32173.4,35156.7,0.7042,0.3841,123.6,83.0,1.078
66.18,32486.6,35505.9,1.9715,1.2433,123.6,83.0,1.078
66.2,32712.7,35658.5,2.8864,1.6187,123.6,83.0,1.078
66.22,32767.1,35809.5,3.1066,1.9903,123.6,83.0,1.078
66.24,32729.8,35589.8,2.9559,1.4498,123.6,83.0,1.078
66.26,32517.5,35568.4,2.0965,1.397,123.6,83.0,1.078
66.28,32323.1,35421.2,1.3101,1.035,123.6,83.0,1.078
66.3,32184.9,35180.3,0.7506,0.4424,123.6,83.0,1.078
66.32,32148.6,35126.7,0.6038,0.3105,123.6,83.0,1.078
66.34,32136.0,35151.7,0.5527,0.3719,123.6,83.0,1.078
66.36,32099.3,35036.4,0.4044,0.0884,123.6,83.0,1.078
66.38,31928.4,34931.8,-0.2873,-0.1691,123.6,83.0,1.078
66.4,31829.1,34906.6,-0.6893,-0.2311,123.6,83.0,1.078
66.42,31705.5,34816.5,-1.1895,-0.4528,123.6,83.0,1.078
66.44,31751.1,34705.1,-1.0048,-0.7267,123.6,83.0,1.078
66.46,31606.6,34664.0,-1.5897,-0.8279,123.6,83.0,1.078
66.48,31629.2,34574.6,-1.4984,-1.0479,123.6,83.0,1.078
66.5,31738.2,34621.1,-1.0569,-0.9334,123.6,83.0,1.078
66.52,31611.3,34545.3,-1.5708,-1.1199,123.6,83.0,1.078
66.54,31571.2,34526.4,-1.7328,-1.1664,123.6,83.0,1.078
66.56,31488.8,34468.4,-2.0663,-1.309,123.6,83.0,1.078
66.58,31555.2,34408.6,-1.7976,-1.4561,123.6,83.0,1.078
66.6,31482.2,34480.2,-2.0931,-1.2801,123.6,83.0,1.078
66.62,31853.7,34835.8,-0.5895,-0.4051,123.6,83.0,1.078
66.64,32189.0,35116.7,0.7674,0.2858,123.6,83.0,1.078
66.66,32452.1,35363.7,1.832,0.8935,123.6,83.0,1.078
66.68,32653.8,35550.1,2.6482,1.3522,123.6,83.0,1.078
66.7,32700.5,35789.5,2.8373,1.9411,123.6,83.0,1.078
66.72,32653.6,35653.9,2.6473,1.6074,123.6,83.0,1.078
66.74,32548.5,35512.5,2.2222,1.2597,123.6,83.0,1.078
66.76,32441.6,35400.4,1.7893,0.9837,123.6,83.0,1.078
66.78,32235.4,35230.2,0.9552,0.565,123.6,83.0,1.078
66.8,32212.5,35155.9,0.8623,0.3822,123.6,83.0,1.078
66.82,32044.9,35109.4,0.1841,0.268,123.6,83.0,1.078
66.84,32089.5,35192.8,0.3644,0.4731,123.6,83.0,1.078
66.86,31849.1,35071.1,-0.6082,0.1736,123.6,83.0,1.078
66.88,32003.8,34953.5,0.0177,-0.1156,123.6,83.0,1.078
66.9,31880.8,34837.2,-0.4798,-0.4019,123.6,83.0,1.078
66.92,31756.2,34738.8,-0.9841,-0.6439,123.6,83.0,1.078
66.94,31818.4,34676.8,-0.7325,-0.7965,123.6,83.0,1.078
66.96,31640.0,34645.7,-1.4543,-0.8729,123.6,83.0,1.078
66.98,31599.7,34644.3,-1.6177,-0.8763,123.6,83.0,1.078
67.0,31583.2,34535.8,-1.6843,-1.1432,123.6,83.0,1.078
67.02,31612.3,34510.7,-1.5667,-1.205,123.6,83.0,1.078
67.04,31447.5,34492.0,-2.2336,-1.251,123.6,83.0,1.078
67.06,31443.2,34484.1,-2.2509,-1.2704,123.6,83.0,1.078
67.08,31514.8,34620.5,-1.961,-0.9348,123.6,83.0,1.078
67.1,31757.2,34758.4,-0.9803,-0.5956,123.6,83.0,1.078
67.12,32031.4,35079.9,0.1293,0.1954,123.6,83.0,1.078
67.14,32378.7,35384.9,1.535,0.9456,123.6,83.0,1.078
67.16,32607.6,35594.3,2.4612,1.4607,123.6,83.0,1.078
67.18,32735.8,35642.4,2.9803,1.5792,123.6,83.0,1.078
67.2,32786.2,35794.7,3.1842,1.9537,123.6,83.0,1.078
67.22,32669.7,35554.1,2.7127,1.3618,123.6,83.0,1.078
67.24,32442.4,35548.5,1.7929,1.348,123.6,83.0,1.078
67.26,32217.4,35247.6,0.8822,0.6078,123.6,83.0,1.078
67.28,32173.3,35173.2,0.7038,0.4248,123.6,83.0,1.078
67.3,32144.5,35085.4,0.587,0.2088,123.6,83.0,1.078
67.32,32117.5,34999.2,0.4781,-0.0033,123.6,83.0,1.078
67.34,31968.4,34973.3,-0.1256,-0.0669,123.6,83.0,1.078
67.36,31939.7,34991.8,-0.2418,-0.0215,123.6,83.0,1.078
67.38,31733.7,34721.1,-1.0751,-0.6875,123.6,83.0,1.078
67.4,31687.6,34770.8,-1.2619,-0.5652,123.6,83.0,1.078
67.42,31699.0,34672.0,-1.2158,-0.8082,123.6,83.0,1.078
67.44,31635.2,34728.4,-1.4738,-0.6694,123.6,83.0,1.078
67.46,31637.6,34736.3,-1.4641,-0.6501,123.6,83.0,1.078
67.48,31713.1,34636.2,-1.1588,-0.8964,123.6,83.0,1.078
67.5,31586.9,34545.4,-1.6693,-1.1196,123.6,83.0,1.078
67.52,31481.0,34447.1,-2.0979,-1.3615,123.6,83.0,1.078
67.54,31451.1,34447.8,-2.2191,-1.3597,123.6,83.0,1.078
67.56,31516.6,34482.4,-1.954,-1.2745,123.6,83.0,1.078
67.58,31726.8,34668.0,-1.1032,-0.8181,123.6,83.0,1.078
67.6,31979.6,34922.6,-0.08,-0.1917,123.6,83.0,1.078
67.62,32285.9,35391.3,1.1593,0.9614,123.6,83.0,1.078
67.64,32580.9,35548.2,2.3533,1.3475,123.6,83.0,1.078
67.66,32676.1,35774.3,2.7386,1.9037,123.6,83.0,1.078
67.68,32870.5,35690.3,3.5251,1.6969,123.6,83.0,1.078
67.7,32671.7,35607.6,2.7206,1.4935,123.6,83.0,1.078
67.72,32420.3,35466.8,1.7033,1.1472,123.6,83.0,1.078
67.74,32377.6,35291.6,1.5303,0.7162,123.6,83.0,1.078
67.76,32140.6,35247.1,0.5713,0.6067,123.6,83.0,1.078
67.78,32136.8,35187.4,0.5559,0.4597,123.6,83.0,1.078
67.8,32127.1,35080.1,0.5168,0.1958,123.6,83.0,1.078
67.82,31965.8,34983.6,-0.1361,-0.0417,123.6,83.0,1.078
67.84,32048.6,34952.7,0.199,-0.1176,123.6,83.0,1.078
67.86,31934.7,34992.9,-0.2619,-0.0188,123.6,83.0,1.078
67.88,31824.6,34740.0,-0.7072,-0.6408,123.6,83.0,1.078
67.9,31645.2,34721.4,-1.4336,-0.6867,123.6,83.0,1.078
67.92,31581.4,34711.6,-1.6915,-0.7109,123.6,83.0,1.078
67.94,31625.0,34642.9,-1.515,-0.8799,123.6,83.0,1.078
67.96,31671.4,34663.1,-1.3274,-0.83,123.6,83.0,1.078
67.98,31507.8,34588.3,-1.9895,-1.0142,123.6,83.0,1.078
68.0,31518.8,34424.5,-1.9451,-1.417,123.6,83.0,1.078
68.02,31475.6,34409.3,-2.1197,-1.4545,123.6,83.0,1.078
68.04,31530.7,34481.4,-1.8967,-1.2771,123.6,83.0,1.078
68.06,31667.7,34594.6,-1.3424,-0.9987,123.6,83.0,1.078
68.08,31830.2,34807.4,-0.6846,-0.4751,123.6,83.0,1.078
68.1,32248.7,35179.1,1.0088,0.4394,123.6,83.0,1.078
68.12,32482.3,35476.4,1.9541,1.1708,123.6,83.0,1.078
68.14,32650.4,35692.9,2.6343,1.7034,123.6,83.0,1.078
68.16,32763.7,35699.5,3.0928,1.7196,123.6,83.0,1.078
68.18,32625.8,35685.2,2.5349,1.6844,123.6,83.0,1.078
68.2,32436.3,35551.8,1.768,1.3564,123.6,83.0,1.078
68.22,32355.4,35406.2,1.4406,0.9981,123.6,83.0,1.078
68.24,32192.8,35216.7,0.7824,0.5318,123.6,83.0,1.078
68.26,32146.4,35057.2,0.595,0.1396,123.6,83.0,1.078
68.28,32099.9,35115.1,0.4068,0.282,123.6,83.0,1.078
68.3,32084.5,35101.7,0.3444,0.2488,123.6,83.0,1.078
68.32,31956.1,35041.5,-0.1754,0.1007,123.6,83.0,1.078
68.34,31857.1,34861.1,-0.5761,-0.343,123.6,83.0,1.078
68.36,31795.6,34845.4,-0.8248,-0.3815,123.6,83.0,1.078
68.38,31723.8,34708.4,-1.1154,-0.7185,123.6,83.0,1.078
68.4,31544.4,34761.3,-1.8412,-0.5886,123.6,83.0,1.078
68.42,31673.0,34723.1,-1.321,-0.6824,123.6,83.0,1.078
68.44,31730.1,34616.5,-1.0899,-0.9446,123.6,83.0,1.078
68.46,31567.9,34662.2,-1.7463,-0.8324,123.6,83.0,1.078
68.48,31587.7,34548.4,-1.666,-1.1123,123.6,83.0,1.078
68.5,31427.5,34537.4,-2.3143,-1.1392,123.6,83.0,1.078
68.52,31424.1,34427.4,-2.3284,-1.41,123.6,83.0,1.078
68.54,31602.3,34547.9,-1.607,-1.1135,123.6,83.0,1.078
68.56,31732.1,34779.4,-1.0816,-0.544,123.6,83.0,1.078
68.58,32070.1,35131.2,0.2859,0.3215,123.6,83.0,1.078
68.6,32421.9,35449.6,1.7098,1.1048,123.6,83.0,1.078
68.62,32635.0,35702.8,2.572,1.7277,123.6,83.0,1.078
68.64,32687.9,35709.9,2.786,1.7452,123.6,83.0,1.078
68.66,32724.2,35620.9,2.9332,1.5262,123.6,83.0,1.078
68.68,32686.8,35508.6,2.7819,1.2499,123.6,83.0,1.078
68.7,32449.1,35390.8,1.82,0.9601,123.6,83.0,1.078
68.72,32163.6,35230.0,0.6645,0.5645,123.6,83.0,1.078
68.74,32144.0,35121.0,0.5851,0.2965,123.6,83.0,1.078
68.76,32010.5,35077.4,0.0449,0.1891,123.6,83.0,1.078
68.78,32049.0,35052.9,0.2007,0.1288,123.6,83.0,1.078
68.8,32023.2,34994.1,0.0962,-0.0159,123.6,83.0,1.078
68.82,31901.1,34864.1,-0.3977,-0.3356,123.6,83.0,1.078
68.84,31773.3,34879.7,-0.9151,-0.2971,123.6,83.0,1.078
68.86,31746.1,34752.2,-1.0253,-0.611,123.6,83.0,1.078
68.88,31687.6,34587.6,-1.2618,-1.0159,123.6,83.0,1.078
68.9,31666.8,34708.4,-1.3462,-0.7186,123.6,83.0,1.078
68.92,31716.1,34641.2,-1.1464,-0.884,123.6,83.0,1.078
68.94,31634.4,34611.5,-1.4771,-0.957,123.6,83.0,1.078
68.96,31516.1,34565.4,-1.9558,-1.0704,123.6,83.0,1.078
68.98,31501.5,34437.3,-2.0151,-1.3856,123.6,83.0,1.078
69.0,31532.7,34444.2,-1.8888,-1.3685,123.6,83.0,1.078
69.02,31537.5,34458.3,-1.8694,-1.3339,123.6,83.0,1.078
69.04,31672.1,34640.8,-1.3246,-0.8849,123.6,83.0,1.078
69.06,32065.3,35090.3,0.2666,0.221,123.6,83.0,1.078
69.08,32299.3,35300.8,1.2137,0.7388,123.6,83.0,1.078
69.1,32595.4,35591.2,2.4121,1.4532,123.6,83.0,1.078
69.12,32785.3,35685.1,3.1804,1.6842,123.6,83.0,1.078
69.14,32715.9,35791.3,2.8997,1.9455,123.6,83.0,1.078
69.16,32703.6,35580.9,2.8497,1.4279,123.6,83.0,1.078
69.18,32442.1,35499.5,1.7913,1.2275,123.6,83.0,1.078
69.2,32297.9,35301.2,1.2078,0.7398,123.6,83.0,1.078
69.22,32204.2,35230.6,0.8289,0.5661,123.6,83.0,1.078
69.24,32183.7,35088.5,0.7459,0.2165,123.6,83.0,1.078
69.26,32099.1,35041.4,0.4036,0.1007,123.6,83.0,1.078
69.28,32016.3,35014.1,0.0682,0.0333,123.6,83.0,1.078
69.3,31908.9,34928.7,-0.3662,-0.1766,123.6,83.0,1.078
69.32,31815.2,34781.0,-0.7454,-0.5401,123.6,83.0,1.078
69.34,31792.0,34745.2,-0.8392,-0.628,123.6,83.0,1.078
69.36,31720.6,34657.8,-1.1282,-0.8432,123.6,83.0,1.078
69.38,31651.5,34808.0,-1.4081,-0.4735,123.6,83.0,1.078
69.4,31677.8,34606.1,-1.3015,-0.9702,123.6,83.0,1.078
69.42,31657.6,34572.1,-1.3833,-1.054,123.6,83.0,1.078
69.44,31590.5,34604.7,-1.6549,-0.9739,123.6,83.0,1.078
69.46,31397.8,34455.3,-2.4345,-1.3414,123.6,83.0,1.078
69.48,31571.8,34424.9,-1.7305,-1.416,123.6,83.0,1.078
69.5,31505.3,34497.7,-1.9995,-1.2371,123.6,83.0,1.078
69.52,31656.0,34659.2,-1.3896,-0.8397,123.6,83.0,1.078
69.54,31870.9,34945.7,-0.5202,-0.1349,123.6,83.0,1.078
69.56,32186.0,35272.3,0.755,0.6686,123.6,83.0,1.078
69.58,32550.6,35481.2,2.2306,1.1826,123.6,83.0,1.078
69.6,32722.4,35725.1,2.9258,1.7825,123.6,83.0,1.078
69.62,32762.6,35705.8,3.0887,1.7351,123.6,83.0,1.078
69.64,32644.3,35670.5,2.6098,1.6482,123.6,83.0,1.078
69.66,32407.6,35478.0,1.6517,1.1747,123.6,83.0,1.078
69.68,32330.9,35373.7,1.3415,0.9181,123.6,83.0,1.078
69.7,32260.1,35181.5,1.0548,0.4453,123.6,83.0,1.078
69.72,32234.4,35186.8,0.9512,0.4582,123.6,83.0,1.078
69.74,32055.3,35103.8,0.2264,0.254,123.6,83.0,1.078
69.76,32045.3,35035.2,0.1859,0.0852,123.6,83.0,1.078
69.78,31935.5,34990.2,-0.2585,-0.0253,123.6,83.0,1.078
69.8,31802.0,34871.1,-0.7988,-0.3183,123.6,83.0,1.078
69.82,31797.8,34829.2,-0.8158,-0.4214,123.6,83.0,1.078
69.84,31728.7,34671.8,-1.0956,-0.8086,123.6,83.0,1.078
69.86,31721.1,34690.1,-1.1263,-0.7636,123.6,83.0,1.078
69.88,31707.4,34656.6,-1.1815,-0.8461,123.6,83.0,1.078
69.9,31701.2,34642.6,-1.2069,-0.8806,123.6,83.0,1.078
69.92,31624.3,34560.9,-1.5182,-1.0814,123.6,83.0,1.078
69.94,31534.7,34552.0,-1.8805,-1.1034,123.6,83.0,1.078
69.96,31429.2,34485.1,-2.3078,-1.2679,123.6,83.0,1.078
69.98,31444.5,34531.7,-2.2456,-1.1534,123.6,83.0,1.078
70.0,31641.4,34645.8,-1.4488,-0.8727,123.6,83.0,1.078
70.02,31922.2,34878.5,-0.3126,-0.3001,123.6,83.0,1.078
70.04,32214.7,35225.3,0.8714,0.5529,123.6,83.0,1.078
70.06,32476.1,35480.6,1.9292,1.1812,123.6,83.0,1.078
70.08,32652.8,35650.8,2.6443,1.5998,123.6,83.0,1.078
70.1,32759.8,35839.7,3.0771,2.0645,123.6,83.0,1.078
70.12,32623.1,35712.2,2.524,1.7507,123.6,83.0,1.078
70.14,32430.7,35440.3,1.7453,1.082,123.6,83.0,1.078
70.16,32279.0,35360.4,1.1316,0.8854,123.6,83.0,1.078
70.18,32156.9,35227.4,0.6374,0.5581,123.6,83.0,1.078
70.2,32224.3,35107.4,0.91,0.263,123.6,83.0,1.078
70.22,32145.4,35079.5,0.5909,0.1944,123.6,83.0,1.078
70.24,32064.2,35037.5,0.2624,0.091,123.6,83.0,1.078
70.26,31960.9,34966.0,-0.1557,-0.085,123.6,83.0,1.078
70.28,31871.4,34939.3,-0.5179,-0.1506,123.6,83.0,1.078
70.3,31833.3,34803.4,-0.6721,-0.4848,123.6,83.0,1.078
70.32,31675.2,34699.5,-1.3119,-0.7404,123.6,83.0,1.078
70.34,31626.2,34629.9,-1.5102,-0.9118,123.6,83.0,1.078
70.36,31662.0,34641.7,-1.3655,-0.8827,123.6,83.0,1.078
70.38,31686.9,34615.7,-1.2647,-0.9467,123.6,83.0,1.078
70.4,31583.1,34680.8,-1.6849,-0.7864,123.6,83.0,1.078
70.42,31583.3,34556.4,-1.684,-1.0926,123.6,83.0,1.078
70.44,31413.7,34474.7,-2.3702,-1.2936,123.6,83.0,1.078
70.46,31413.1,34477.8,-2.3725,-1.286,123.6,83.0,1.078
70.48,31542.6,34617.0,-1.8488,-0.9434,123.6,83.0,1.078
70.5,31702.8,34807.2,-1.2005,-0.4755,123.6,83.0,1.078
70.52,32026.2,35084.7,0.1084,0.2071,123.6,83.0,1.078
70.54,32370.9,35260.2,1.5034,0.6388,123.6,83.0,1.078
70.56,32600.3,35567.8,2.4316,1.3957,123.6,83.0,1.078
70.58,32773.0,35771.5,3.1305,1.8967,123.6,83.0,1.078
70.6,32731.9,35762.4,2.9644,1.8743,123.6,83.0,1.078
70.62,32585.6,35625.4,2.3721,1.5373,123.6,83.0,1.078
70.64,32416.4,35416.2,1.6874,1.0227,123.6,83.0,1.078
70.66,32194.8,35263.8,0.7906,0.6477,123.6,83.0,1.078
70.68,32099.3,35129.8,0.4044,0.3182,123.6,83.0,1.078
70.7,32029.0,35110.3,0.1197,0.2702,123.6,83.0,1.078
70.72,32053.8,35007.2,0.22,0.0165,123.6,83.0,1.078
70.74,32011.3,34930.4,0.048,-0.1724,123.6,83.0,1.078
70.76,31922.1,34989.2,-0.3129,-0.0278,123.6,83.0,1.078
70.78,31827.5,34780.0,-0.6956,-0.5424,123.6,83.0,1.078
70.8,31740.9,34825.2,-1.0463,-0.4314,123.6,83.0,1.078
70.82,31662.9,34604.9,-1.3619,-0.9733,123.6,83.0,1.078
70.84,31783.8,34711.2,-0.8725,-0.7119,123.6,83.0,1.078
70.86,31635.4,34614.0,-1.4731,-0.9508,123.6,83.0,1.078
70.88,31614.3,34579.7,-1.5584,-1.0354,123.6,83.0,1.078
70.9,31514.3,34575.1,-1.9632,-1.0467,123.6,83.0,1.078
70.92,31452.6,34452.4,-2.2129,-1.3485,123.6,83.0,1.078
70.94,31501.2,34434.9,-2.0161,-1.3914,123.6,83.0,1.078
70.96,31545.3,34507.0,-1.8377,-1.2142,123.6,83.0,1.078
70.98,31674.2,34771.3,-1.316,-0.564,123.6,83.0,1.078
71.0,31990.4,34939.3,-0.0363,-0.1505,123.6,83.0,1.078
71.02,32263.4,35319.3,1.0682,0.7842,123.6,83.0,1.078
71.04,32590.6,35489.9,2.3924,1.2038,123.6,83.0,1.078
71.06,32676.1,35736.1,2.7384,1.8097,123.6,83.0,1.078
71.08,32747.3,35785.5,3.0266,1.9313,123.6,83.0,1.078
71.1,32661.8,35696.6,2.6807,1.7125,123.6,83.0,1.078
71.12,32510.1,35428.7,2.0668,1.0533,123.6,83.0,1.078
71.14,32319.4,35196.1,1.2948,0.4811,123.6,83.0,1.078
71.16,32128.6,35139.8,0.5226,0.3425,123.6,83.0,1.078
71.18,32085.5,35152.1,0.3486,0.373,123.6,83.0,1.078
71.2,32062.1,35079.9,0.2536,0.1952,123.6,83.0,1.078
71.22,32063.3,35101.1,0.2586,0.2474,123.6,83.0,1.078
71.24,31886.1,34987.8,-0.4584,-0.0313,123.6,83.0,1.078
71.26,31934.6,34853.2,-0.2621,-0.3623,123.6,83.0,1.078
71.28,31738.0,34789.9,-1.0578,-0.5181,123.6,83.0,1.078
71.3,31696.4,34662.3,-1.2262,-0.832,123.6,83.0,1.078
71.32,31586.6,34731.9,-1.6705,-0.6609,123.6,83.0,1.078
71.34,31650.4,34681.6,-1.4122,-0.7846,123.6,83.0,1.078
71.36,31672.0,34618.6,-1.325,-0.9395,123.6,83.0,1.078
71.38,31566.8,34623.8,-1.7507,-0.9267,123.6,83.0,1.078
71.4,31591.2,34435.0,-1.6521,-1.3912,123.6,83.0,1.078
71.42,31393.2,34436.1,-2.4532,-1.3884,123.6,83.0,1.078
71.44,31530.4,34450.5,-1.8978,-1.3531,123.6,83.0,1.078
71.46,31643.0,34603.7,-1.4422,-0.9762,123.6,83.0,1.078
71.48,31886.3,34858.3,-0.4576,-0.3498,123.6,83.0,1.078
71.5,32285.5,35267.0,1.1577,0.6557,123.6,83.0,1.078
71.52,32495.6,35624.4,2.0078,1.535,123.6,83.0,1.078
71.54,32682.0,35702.4,2.7625,1.7268,123.6,83.0,1.078
71.56,32734.7,35799.8,2.9758,1.9663,123.6,83.0,1.078
71.58,32639.1,35606.5,2.5886,1.4907,123.6,83.0,1.078
71.6,32438.0,35471.8,1.7749,1.1594,123.6,83.0,1.078
71.62,32354.0,35407.4,1.4351,1.0011,123.6,83.0,1.078
71.64,32184.5,35186.5,0.7491,0.4577,123.6,83.0,1.078
71.66,32114.0,35165.8,0.4635,0.4066,123.6,83.0,1.078
71.68,31994.9,35062.3,-0.0182,0.152,123.6,83.0,1.078
71.7,32009.8,34999.9,0.0419,-0.0016,123.6,83.0,1.078
71.72,31944.9,34939.8,-0.2207,-0.1494,123.6,83.0,1.078
71.74,31815.9,34815.6,-0.7426,-0.4549,123.6,83.0,1.078
71.76,31778.1,34757.9,-0.8957,-0.5969,123.6,83.0,1.078
71.78,31718.7,34678.7,-1.1362,-0.7917,123.6,83.0,1.078
71.8,31619.4,34690.2,-1.5379,-0.7634,123.6,83.0,1.078
71.82,31681.6,34600.9,-1.2862,-0.9832,123.6,83.0,1.078
71.84,31626.7,34757.1,-1.5082,-0.5989,123.6,83.0,1.078
71.86,31646.9,34489.6,-1.4264,-1.2569,123.6,83.0,1.078
71.88,31501.1,34516.7,-2.0167,-1.1902,123.6,83.0,1.078
71.9,31559.8,34401.8,-1.779,-1.473,123.6,83.0,1.078
71.92,31506.3,34466.9,-1.9954,-1.3129,123.6,83.0,1.078
71.94,31664.1,34665.6,-1.3568,-0.824,123.6,83.0,1.078
71.96,31837.8,34814.5,-0.654,-0.4575,123.6,83.0,1.078
71.98,32069.8,35085.3,0.2847,0.2086,123.6,83.0,1.078
72.0,32407.0,35446.3,1.6493,1.0967,123.6,83.0,1.078
72.02,32554.0,35632.3,2.2444,1.5542,123.6,83.0,1.078
72.04,32752.3,35761.8,3.047,1.873,123.6,83.0,1.078
72.06,32697.8,35720.4,2.8264,1.7711,123.6,83.0,1.078
72.08,32556.5,35557.6,2.2544,1.3706,123.6,83.0,1.078
72.1,32411.3,35286.4,1.6669,0.7033,123.6,83.0,1.078
72.12,32240.6,35159.5,0.9761,0.3912,123.6,83.0,1.078
72.14,32099.2,35177.2,0.4038,0.4348,123.6,83.0,1.078
72.16,32029.3,35089.6,0.121,0.2191,123.6,83.0,1.078
72.18,31992.3,35079.9,-0.0287,0.1952,123.6,83.0,1.078
72.2,31967.2,35038.4,-0.1302,0.0932,123.6,83.0,1.078
72.22,32061.4,34926.4,0.251,-0.1823,123.6,83.0,1.078
72.24,31834.9,34785.0,-0.6657,-0.5302,123.6,83.0,1.078
72.26,31777.5,34764.0,-0.898,-0.5818,123.6,83.0,1.078
72.28,31662.5,34708.9,-1.3635,-0.7173,123.6,83.0,1.078
72.3,31676.2,34690.8,-1.3081,-0.762,123.6,83.0,1.078
72.32,31632.9,34633.2,-1.4831,-0.9037,123.6,83.0,1.078
72.34,31659.0,34617.9,-1.3777,-0.9412,123.6,83.0,1.078
72.36,31559.6,34460.6,-1.7797,-1.3282,123.6,83.0,1.078
72.38,31495.8,34456.9,-2.038,-1.3374,123.6,83.0,1.078
72.4,31468.2,34402.2,-2.1496,-1.472,123.6,83.0,1.078
72.42,31608.5,34525.2,-1.5819,-1.1693,123.6,83.0,1.078
72.44,31838.5,34821.8,-0.6512,-0.4397,123.6,83.0,1.078
72.46,32145.6,35085.2,0.5918,0.2084,123.6,83.0,1.078
72.48,32442.4,35333.0,1.7927,0.8179,123.6,83.0,1.078
72.5,32588.9,35656.6,2.3856,1.614,123.6,83.0,1.078
72.52,32693.6,35753.0,2.8095,1.8512,123.6,83.0,1.078
72.54,32694.2,35729.6,2.8116,1.7935,123.6,83.0,1.078
72.56,32598.8,35538.8,2.4256,1.3242,123.6,83.0,1.078
72.58,32360.9,35316.0,1.4629,0.776,123.6,83.0,1.078
72.6,32233.4,35231.9,0.9471,0.5692,123.6,83.0,1.078
72.62,32163.9,35163.6,0.6656,0.4013,123.6,83.0,1.078
72.64,32084.0,35115.7,0.3424,0.2833,123.6,83.0,1.078
72.66,32052.0,35156.4,0.2129,0.3834,123.6,83.0,1.078
72.68,31975.9,35026.0,-0.0952,0.0626,123.6,83.0,1.078
72.7,31921.5,34984.5,-0.3152,-0.0394,123.6,83.0,1.078
72.72,31792.4,34741.0,-0.8379,-0.6383,123.6,83.0,1.078
72.74,31811.6,34718.4,-0.7601,-0.6941,123.6,83.0,1.078
72.76,31653.4,34702.8,-1.4003,-0.7324,123.6,83.0,1.078
72.78,31730.0,34716.6,-1.0903,-0.6984,123.6,83.0,1.078
72.8,31677.3,34686.3,-1.3033,-0.7729,123.6,83.0,1.078
72.82,31645.3,34562.8,-1.433,-1.0769,123.6,83.0,1.078
72.84,31579.0,34600.6,-1.7014,-0.9838,123.6,83.0,1.078
72.86,31552.9,34482.4,-1.8069,-1.2747,123.6,83.0,1.078
72.88,31547.0,34450.3,-1.8308,-1.3537,123.6,83.0,1.078
72.9,31496.3,34469.0,-2.036,-1.3076,123.6,83.0,1.078
72.92,31643.6,34654.1,-1.44,-0.8521,123.6,83.0,1.078
72.94,31934.9,34990.0,-0.2612,-0.0258,123.6,83.0,1.078
72.96,32202.4,35254.7,0.8213,0.6254,123.6,83.0,1.078
72.98,32568.3,35604.4,2.3022,1.4857,123.6,83.0,1.078
73.0,32725.8,35597.0,2.9397,1.4675,123.6,83.0,1.078
73.02,32699.6,35688.9,2.8337,1.6935,123.6,83.0,1.078
73.04,32639.4,35642.1,2.5899,1.5785,123.6,83.0,1.078
73.06,32448.2,35509.2,1.8161,1.2515,123.6,83.0,1.078
73.08,32335.6,35248.9,1.3607,0.611,123.6,83.0,1.078
73.1,32152.3,35226.5,0.6185,0.556,123.6,83.0,1.078
73.12,32101.1,35072.8,0.4117,0.1778,123.6,83.0,1.078
73.14,31963.1,35081.1,-0.1467,0.1982,123.6,83.0,1.078
73.16,31990.8,35009.3,-0.0349,0.0217,123.6,83.0,1.078
73.18,31903.0,34939.6,-0.3901,-0.15,123.6,83.0,1.078
73.2,31854.3,34842.9,-0.5873,-0.3878,123.6,83.0,1.078
73.22,31763.3,34855.1,-0.9556,-0.3577,123.6,83.0,1.078
73.24,31705.9,34667.4,-1.1877,-0.8196,123.6,83.0,1.078
73.26,31715.0,34696.1,-1.1509,-0.749,123.6,83.0,1.078
73.28,31661.4,34622.7,-1.3679,-0.9294,123.6,83.0,1.078
73.3,31576.2,34701.4,-1.7127,-0.736,123.6,83.0,1.078
73.32,31564.0,34672.8,-1.7621,-0.8063,123.6,83.0,1.078
73.34,31495.7,34561.7,-2.0385,-1.0795,123.6,83.0,1.078
73.36,31437.3,34490.9,-2.2748,-1.2537,123.6,83.0,1.078
73.38,31551.7,34463.7,-1.812,-1.3207,123.6,83.0,1.078
73.4,31606.0,34540.8,-1.5921,-1.1309,123.6,83.0,1.078
73.42,31971.1,34888.9,-0.1144,-0.2745,123.6,83.0,1.078
73.44,32249.3,35148.4,1.0114,0.3637,123.6,83.0,1.078
73.46,32562.3,35554.8,2.2778,1.3636,123.6,83.0,1.078
73.48,32744.3,35787.7,3.0146,1.9365,123.6,83.0,1.078
73.5,32698.9,35732.1,2.8307,1.7998,123.6,83.0,1.078
73.52,32680.9,35635.8,2.758,1.563,123.6,83.0,1.078
73.54,32499.3,35500.6,2.0228,1.2304,123.6,83.0,1.078
73.56,32306.9,35341.5,1.2443,0.8388,123.6,83.0,1.078
73.58,32222.6,35251.6,0.903,0.6176,123.6,83.0,1.078
73.6,32182.9,35116.2,0.7427,0.2846,123.6,83.0,1.078
73.62,32044.3,35015.5,0.1817,0.0369,123.6,83.0,1.078
73.64,32004.0,34994.5,0.0186,-0.0149,123.6,83.0,1.078
73.66,31828.2,34970.2,-0.693,-0.0745,123.6,83.0,1.078
73.68,31807.6,34882.1,-0.7764,-0.2914,123.6,83.0,1.078
73.7,31738.4,34799.2,-1.0564,-0.4954,123.6,83.0,1.078
73.72,31575.0,34691.8,-1.7174,-0.7594,123.6,83.0,1.078
73.74,31691.7,34677.8,-1.2451,-0.7939,123.6,83.0,1.078
73.76,31651.0,34745.6,-1.4098,-0.627,123.6,83.0,1.078
73.78,31714.5,34641.4,-1.1531,-0.8834,123.6,83.0,1.078
73.8,31543.6,34617.6,-1.8448,-0.942,123.6,83.0,1.078
73.82,31590.0,34521.2,-1.6566,-1.1791,123.6,83.0,1.078
73.84,31512.8,34488.7,-1.9692,-1.2592,123.6,83.0,1.078
73.86,31419.5,34529.4,-2.3467,-1.1591,123.6,83.0,1.078
73.88,31526.4,34550.3,-1.914,-1.1076,123.6,83.0,1.078
73.9,31806.9,34873.4,-0.7789,-0.3127,123.6,83.0,1.078
73.92,32095.3,35071.6,0.3881,0.1749,123.6,83.0,1.078
73.94,32451.7,35509.5,1.8302,1.2521,123.6,83.0,1.078
73.96,32695.1,35746.5,2.8154,1.8352,123.6,83.0,1.078
73.98,32755.7,35594.4,3.0606,1.4612,123.6,83.0,1.078
74.0,32229.5,35703.9,0.9313,1.7305,145.6,97.0,0.518
74.02,32212.5,35529.3,0.8622,1.301,145.6,97.0,0.518
74.04,32168.1,35293.5,0.6826,0.7207,145.6,97.0,0.518
74.06,32108.8,35117.2,0.4426,0.2871,145.6,97.0,0.518
74.08,31964.5,35151.9,-0.1414,0.3724,145.6,97.0,0.518
74.1,32017.6,35025.5,0.0735,0.0615,145.6,97.0,0.518
74.12,31904.9,35029.7,-0.3826,0.0718,145.6,97.0,0.518
74.14,31941.7,34804.9,-0.2336,-0.4813,145.6,97.0,0.518
74.16,31842.9,34827.2,-0.6334,-0.4264,145.6,97.0,0.518
74.18,31977.2,34768.0,-0.0901,-0.5721,145.6,97.0,0.518
74.2,31756.5,34700.2,-0.9829,-0.7388,145.6,97.0,0.518
74.22,31886.0,34655.0,-0.4591,-0.8501,145.6,97.0,0.518
74.24,31735.6,34679.3,-1.0676,-0.7903,145.6,97.0,0.518
74.26,31806.7,34561.3,-0.7798,-1.0805,145.6,97.0,0.518
74.28,31766.9,34408.7,-0.9408,-1.4559,145.6,97.0,0.518
74.3,31674.4,34558.5,-1.3154,-1.0875,145.6,97.0,0.518
74.32,31852.7,34701.1,-0.5936,-0.7365,145.6,97.0,0.518
74.34,32093.2,35156.4,0.3797,0.3836,145.6,97.0,0.518
74.36,32176.7,35489.6,0.7176,1.2032,145.6,97.0,0.518
74.38,32337.8,35734.1,1.3696,1.8048,145.6,97.0,0.518
74.4,32396.1,35670.0,1.6054,1.647,145.6,97.0,0.518
74.42,32187.3,35613.5,0.7604,1.508,145.6,97.0,0.518
74.44,32222.8,35465.7,0.9038,1.1443,145.6,97.0,0.518
74.46,32048.8,35236.3,0.2,0.5801,145.6,97.0,0.518
74.48,32022.6,35139.1,0.0941,0.3409,145.6,97.0,0.518
74.5,32063.4,35055.9,0.2592,0.1364,145.6,97.0,0.518
74.52,32089.5,34965.0,0.3644,-0.0874,145.6,97.0,0.518
74.54,31939.2,34930.5,-0.2437,-0.1721,145.6,97.0,0.518
74.56,31969.8,34810.0,-0.1199,-0.4688,145.6,97.0,0.518
74.58,31822.9,34748.1,-0.7144,-0.6211,145.6,97.0,0.518
74.6,31847.9,34670.0,-0.6133,-0.8132,145.6,97.0,0.518
74.62,31879.7,34724.2,-0.4846,-0.6797,145.6,97.0,0.518
74.64,31798.6,34622.3,-0.8125,-0.9305,145.6,97.0,0.518
74.66,31806.6,34603.2,-0.7804,-0.9773,145.6,97.0,0.518
74.68,31797.4,34483.9,-0.8174,-1.271,145.6,97.0,0.518
74.7,31740.5,34499.5,-1.0476,-1.2325,145.6,97.0,0.518
74.72,31899.6,34675.9,-0.4039,-0.7986,145.6,97.0,0.518
74.74,32006.6,34800.2,0.0289,-0.4927,145.6,97.0,0.518
74.76,32045.0,35166.3,0.1844,0.408,145.6,97.0,0.518
74.78,32277.9,35547.2,1.1272,1.3449,145.6,97.0,0.518
74.8,32410.4,35663.5,1.6634,1.6311,145.6,97.0,0.518
74.82,32386.2,35809.1,1.5652,1.9893,145.6,97.0,0.518
74.84,32261.1,35569.2,1.0589,1.399,145.6,97.0,0.518
74.86,32220.5,35380.6,0.8945,0.9351,145.6,97.0,0.518
74.88,32018.7,35131.8,0.0779,0.323,145.6,97.0,0.518
74.9,31998.1,35117.8,-0.0054,0.2885,145.6,97.0,0.518
74.92,32097.2,35086.6,0.3957,0.2117,145.6,97.0,0.518
74.94,32051.0,35031.5,0.2089,0.0761,145.6,97.0,0.518
74.96,31913.4,34818.1,-0.3479,-0.4487,145.6,97.0,0.518
74.98,31898.3,34758.6,-0.4092,-0.5951,145.6,97.0,0.518
75.0,31830.8,34710.2,-0.6824,-0.7141,145.6,97.0,0.518
75.02,31840.0,34742.2,-0.6453,-0.6355,145.6,97.0,0.518
75.04,31868.9,34653.5,-0.5282,-0.8538,145.6,97.0,0.518
75.06,31772.6,34603.1,-0.918,-0.9777,145.6,97.0,0.518
75.08,31790.7,34489.7,-0.8447,-1.2567,145.6,97.0,0.518
75.1,31686.5,34419.6,-1.2664,-1.4292,145.6,97.0,0.518
75.12,31800.8,34486.4,-0.8036,-1.2647,145.6,97.0,0.518
75.14,31791.6,34648.6,-0.8411,-0.8657,145.6,97.0,0.518
75.16,31972.4,34963.5,-0.1091,-0.0911,145.6,97.0,0.518
75.18,32178.2,35333.9,0.7234,0.8202,145.6,97.0,0.518
75.2,32356.8,35750.2,1.4464,1.8444,145.6,97.0,0.518
75.22,32368.1,35814.0,1.492,2.0013,145.6,97.0,0.518
75.24,32353.0,35657.1,1.4308,1.6154,145.6,97.0,0.518
75.26,32280.4,35432.6,1.1373,1.0629,145.6,97.0,0.518
75.28,32098.9,35259.9,0.4025,0.6382,145.6,97.0,0.518
75.3,32017.5,35172.1,0.0731,0.4222,145.6,97.0,0.518
75.32,32095.5,35047.6,0.3889,0.1158,145.6,97.0,0.518
75.34,32006.0,35041.5,0.0267,0.1008,145.6,97.0,0.518
75.36,31939.4,34978.6,-0.243,-0.054,145.6,97.0,0.518
75.38,31921.1,34778.4,-0.3171,-0.5463,145.6,97.0,0.518
75.4,31821.1,34787.9,-0.7214,-0.5231,145.6,97.0,0.518
75.42,31892.8,34747.3,-0.4313,-0.6228,145.6,97.0,0.518
75.44,31850.4,34643.1,-0.6031,-0.8792,145.6,97.0,0.518
75.46,31889.1,34568.4,-0.4466,-1.0629,145.6,97.0,0.518
75.48,31765.8,34543.1,-0.9454,-1.1253,145.6,97.0,0.518
75.5,31845.0,34451.0,-0.625,-1.352,145.6,97.0,0.518
75.52,31793.1,34460.0,-0.8349,-1.3297,145.6,97.0,0.518
75.54,31796.7,34547.4,-0.8204,-1.1147,145.6,97.0,0.518
75.56,31817.4,34766.7,-0.7366,-0.5753,145.6,97.0,0.518
75.58,32102.8,35146.4,0.4184,0.359,145.6,97.0,0.518
75.6,32179.1,35560.5,0.727,1.3776,145.6,97.0,0.518
75.62,32375.8,35751.6,1.5231,1.8478,145.6,97.0,0.518
75.64,32397.2,35700.6,1.6099,1.7224,145.6,97.0,0.518
75.66,32314.6,35615.7,1.2753,1.5135,145.6,97.0,0.518
75.68,32212.8,35389.4,0.8637,0.9567,145.6,97.0,0.518
75.7,32042.6,35220.7,0.1746,0.5416,145.6,97.0,0.518
75.72,32070.7,35185.5,0.2883,0.4551,145.6,97.0,0.518
75.74,32013.3,35067.8,0.0563,0.1656,145.6,97.0,0.518
75.76,32025.1,35080.1,0.1041,0.1957,145.6,97.0,0.518
75.78,31962.3,34850.5,-0.15,-0.3691,145.6,97.0,0.518
75.8,31912.4,34925.2,-0.352,-0.1852,145.6,97.0,0.518
75.82,31760.0,34680.0,-0.9687,-0.7884,145.6,97.0,0.518
75.84,31839.1,34741.0,-0.6489,-0.6384,145.6,97.0,0.518
75.86,31694.2,34706.4,-1.2352,-0.7236,145.6,97.0,0.518
75.88,31815.8,34668.5,-0.7429,-0.8169,145.6,97.0,0.518
75.9,31856.5,34513.6,-0.5784,-1.198,145.6,97.0,0.518
75.92,31715.9,34429.6,-1.1473,-1.4045,145.6,97.0,0.518
75.94,31857.8,34460.9,-0.5731,-1.3276,145.6,97.0,0.518
75.96,31852.3,34581.6,-0.5953,-1.0306,145.6,97.0,0.518
75.98,32031.0,34974.1,0.1278,-0.0649,145.6,97.0,0.518
76.0,32238.2,35308.0,0.9662,0.7564,145.6,97.0,0.518
76.02,32340.7,35666.7,1.3812,1.6388,145.6,97.0,0.518
76.04,32362.7,35751.0,1.47,1.8463,145.6,97.0,0.518
76.06,32268.2,35707.5,1.0876,1.7392,145.6,97.0,0.518
76.08,32278.9,35494.9,1.1311,1.2162,145.6,97.0,0.518
76.1,32145.9,35382.1,0.5929,0.9388,145.6,97.0,0.518
76.12,32007.5,35228.1,0.0326,0.56,145.6,97.0,0.518
76.14,32047.1,35121.3,0.1931,0.2972,145.6,97.0,0.518
76.16,32079.9,34987.9,0.3258,-0.0309,145.6,97.0,0.518
76.18,32014.1,34916.6,0.0593,-0.2065,145.6,97.0,0.518
76.2,31990.4,34914.1,-0.0366,-0.2127,145.6,97.0,0.518
76.22,31909.8,34702.1,-0.3625,-0.7341,145.6,97.0,0.518
76.24,31875.9,34629.8,-0.4998,-0.912,145.6,97.0,0.518
76.26,31847.7,34641.5,-0.614,-0.8832,145.6,97.0,0.518
76.28,31827.7,34655.5,-0.695,-0.8489,145.6,97.0,0.518
76.3,31843.1,34561.2,-0.6324,-1.0808,145.6,97.0,0.518
76.32,31750.2,34506.1,-1.0087,-1.2162,145.6,97.0,0.518
76.34,31817.2,34358.3,-0.7373,-1.58,145.6,97.0,0.518
76.36,31690.5,34498.5,-1.2501,-1.235,145.6,97.0,0.518
76.38,31828.1,34694.2,-0.6932,-0.7535,145.6,97.0,0.518
76.4,32030.2,35038.1,0.1248,0.0925,145.6,97.0,0.518
76.42,32168.4,35505.9,0.684,1.2434,145.6,97.0,0.518
76.44,32234.9,35675.5,0.9531,1.6607,145.6,97.0,0.518
76.46,32338.5,35760.1,1.3723,1.8688,145.6,97.0,0.518
76.48,32310.3,35614.9,1.2583,1.5114,145.6,97.0,0.518
76.5,32202.7,35400.8,0.8227,0.9847,145.6,97.0,0.518
76.52,32115.7,35219.8,0.4706,0.5394,145.6,97.0,0.518
76.54,32009.9,35170.9,0.0423,0.4192,145.6,97.0,0.518
76.56,32118.3,35036.1,0.481,0.0876,145.6,97.0,0.518
76.58,32010.0,34972.2,0.0427,-0.0696,145.6,97.0,0.518
76.6,32019.1,34902.8,0.0798,-0.2404,145.6,97.0,0.518
76.62,31847.2,34836.1,-0.6159,-0.4044,145.6,97.0,0.518
76.64,31815.9,34834.5,-0.7427,-0.4084,145.6,97.0,0.518
76.66,31888.5,34718.3,-0.4487,-0.6943,145.6,97.0,0.518
76.68,31920.9,34634.5,-0.3176,-0.9004,145.6,97.0,0.518
76.7,31861.7,34623.8,-0.5571,-0.9268,145.6,97.0,0.518
76.72,31820.7,34588.6,-0.7234,-1.0133,145.6,97.0,0.518
76.74,31775.9,34393.0,-0.9046,-1.4945,145.6,97.0,0.518
76.76,31815.8,34359.8,-0.7432,-1.5763,145.6,97.0,0.518
76.78,31911.1,34704.1,-0.3573,-0.7291,145.6,97.0,0.518
76.8,31886.2,34953.2,-0.458,-0.1163,145.6,97.0,0.518
76.82,32137.0,35186.8,0.5567,0.4583,145.6,97.0,0.518
76.84,32275.5,35613.6,1.1173,1.5082,145.6,97.0,0.518
76.86,32335.0,35713.4,1.358,1.7539,145.6,97.0,0.518
76.88,32377.3,35792.9,1.5294,1.9494,145.6,97.0,0.518
76.9,32204.7,35609.8,0.8306,1.499,145.6,97.0,0.518
76.92,32118.7,35333.2,0.4827,0.8184,145.6,97.0,0.518
76.94,31984.5,35158.1,-0.0604,0.3876,145.6,97.0,0.518
76.96,32160.3,35079.4,0.6512,0.1942,145.6,97.0,0.518
76.98,32061.5,35060.3,0.2514,0.1471,145.6,97.0,0.518
77.0,31916.1,35044.3,-0.3371,0.1078,145.6,97.0,0.518
77.02,31841.0,34845.4,-0.641,-0.3815,145.6,97.0,0.518
77.04,31892.4,34758.2,-0.4332,-0.5962,145.6,97.0,0.518
77.06,31762.6,34786.9,-0.9583,-0.5256,145.6,97.0,0.518
77.08,31857.5,34745.5,-0.5743,-0.6274,145.6,97.0,0.518
77.1,31815.5,34833.0,-0.7445,-0.4121,145.6,97.0,0.518
77.12,31869.9,34592.0,-0.524,-1.0049,145.6,97.0,0.518
77.14,31750.9,34516.3,-1.0059,-1.1913,145.6,97.0,0.518
77.16,31629.3,34450.2,-1.4979,-1.3538,145.6,97.0,0.518
77.18,31656.5,34489.3,-1.3879,-1.2577,145.6,97.0,0.518
77.2,31794.1,34699.6,-0.8307,-0.7402,145.6,97.0,0.518
77.22,32100.3,35068.3,0.4083,0.1666,145.6,97.0,0.518
77.24,32139.5,35407.0,0.5669,0.9999,145.6,97.0,0.518
77.26,32258.1,35731.3,1.0467,1.7978,145.6,97.0,0.518
77.28,32358.8,35760.9,1.4544,1.8707,145.6,97.0,0.518
77.3,32321.4,35575.8,1.3029,1.4153,145.6,97.0,0.518
77.32,32179.6,35490.3,0.7294,1.205,145.6,97.0,0.518
77.34,32161.0,35299.8,0.654,0.7363,145.6,97.0,0.518
77.36,32041.8,35114.0,0.1717,0.2792,145.6,97.0,0.518
77.38,32010.4,35040.5,0.0444,0.0984,145.6,97.0,0.518
77.4,32029.6,35058.2,0.1221,0.1419,145.6,97.0,0.518
77.42,31964.8,35010.1,-0.1401,0.0237,145.6,97.0,0.518
77.44,31985.0,34903.4,-0.0585,-0.2389,145.6,97.0,0.518
77.46,31823.9,34611.9,-0.7102,-0.9561,145.6,97.0,0.518
77.48,31912.1,34728.4,-0.3535,-0.6695,145.6,97.0,0.518
77.5,31789.1,34673.4,-0.8509,-0.8048,145.6,97.0,0.518
77.52,31777.6,34524.7,-0.8975,-1.1706,145.6,97.0,0.518
77.54,31761.7,34666.2,-0.9619,-0.8224,145.6,97.0,0.518
77.56,31708.6,34497.8,-1.1767,-1.2367,145.6,97.0,0.518
77.58,31784.1,34418.4,-0.8714,-1.432,145.6,97.0,0.518
77.6,31815.5,34540.5,-0.7444,-1.1317,145.6,97.0,0.518
77.62,31924.8,34837.4,-0.3019,-0.4013,145.6,97.0,0.518
77.64,32069.0,35188.0,0.2815,0.4612,145.6,97.0,0.518
77.66,32289.0,35561.7,1.172,1.3807,145.6,97.0,0.518
77.68,32361.6,35757.9,1.4657,1.8633,145.6,97.0,0.518
77.7,32433.8,35707.7,1.7581,1.7397,145.6,97.0,0.518
77.72,32230.3,35628.4,0.9343,1.5446,145.6,97.0,0.518
77.74,32176.8,35448.3,0.718,1.1017,145.6,97.0,0.518
77.76,32060.3,35268.3,0.2463,0.6588,145.6,97.0,0.518
77.78,32052.0,35180.4,0.2127,0.4424,145.6,97.0,0.518
77.8,32104.2,35062.8,0.424,0.1532,145.6,97.0,0.518
77.82,32049.9,35019.2,0.2043,0.046,145.6,97.0,0.518
77.84,31993.7,34941.9,-0.023,-0.1443,145.6,97.0,0.518
77.86,31897.8,34762.5,-0.411,-0.5856,145.6,97.0,0.518
77.88,31899.2,34745.3,-0.4054,-0.6278,145.6,97.0,0.518
77.9,31835.1,34674.8,-0.665,-0.8014,145.6,97.0,0.518
77.92,31850.4,34639.9,-0.6028,-0.8872,145.6,97.0,0.518
77.94,31920.7,34582.4,-0.3185,-1.0286,145.6,97.0,0.518
77.96,31767.8,34597.9,-0.9373,-0.9904,145.6,97.0,0.518
77.98,31726.5,34446.2,-1.1046,-1.3636,145.6,97.0,0.518
78.0,31796.1,34474.8,-0.8229,-1.2934,145.6,97.0,0.518
78.02,31779.7,34665.1,-0.8893,-0.8251,145.6,97.0,0.518
78.04,32003.1,34894.8,0.0151,-0.2601,145.6,97.0,0.518
78.06,32140.4,35258.8,0.5705,0.6353,145.6,97.0,0.518
78.08,32285.2,35501.3,1.1566,1.232,145.6,97.0,0.518
78.1,32294.6,35762.3,1.1948,1.8742,145.6,97.0,0.518
78.12,32314.2,35590.7,1.2738,1.4519,145.6,97.0,0.518
78.14,32246.3,35530.5,0.9993,1.3039,145.6,97.0,0.518
78.16,32126.0,35281.5,0.5124,0.6912,145.6,97.0,0.518
78.18,32082.0,35210.7,0.3343,0.517,145.6,97.0,0.518
78.2,32045.4,35065.9,0.1859,0.1609,145.6,97.0,0.518
78.22,32072.0,35074.2,0.2938,0.1814,145.6,97.0,0.518
78.24,31951.9,34978.4,-0.1922,-0.0544,145.6,97.0,0.518
78.26,31830.7,34867.9,-0.6826,-0.3263,145.6,97.0,0.518
78.28,31869.3,34739.3,-0.5266,-0.6425,145.6,97.0,0.518
78.3,31881.8,34771.6,-0.476,-0.5631,145.6,97.0,0.518
78.32,31740.6,34730.9,-1.0473,-0.6634,145.6,97.0,0.518
78.34,31802.7,34707.7,-0.7962,-0.7204,145.6,97.0,0.518
78.36,31770.3,34587.5,-0.9273,-1.0161,145.6,97.0,0.518
78.38,31761.8,34476.3,-0.9617,-1.2897,145.6,97.0,0.518
78.4,31837.4,34494.6,-0.6557,-1.2446,145.6,97.0,0.518
78.42,31751.1,34513.0,-1.005,-1.1994,145.6,97.0,0.518
78.44,31869.8,34729.0,-0.5246,-0.6679,145.6,97.0,0.518
78.46,32059.3,35043.4,0.2422,0.1056,145.6,97.0,0.518
78.48,32168.8,35553.0,0.6856,1.3591,145.6,97.0,0.518
78.5,32398.8,35791.4,1.6162,1.9457,145.6,97.0,0.518
78.52,32384.9,35820.7,1.5599,2.0179,145.6,97.0,0.518
78.54,32318.6,35658.9,1.2919,1.6198,145.6,97.0,0.518
78.56,32228.7,35504.5,0.928,1.2398,145.6,97.0,0.518
78.58,32015.4,35285.3,0.0648,0.7006,145.6,97.0,0.518
78.6,32025.1,35148.3,0.1038,0.3636,145.6,97.0,0.518
78.62,32122.8,35084.0,0.4994,0.2053,145.6,97.0,0.518
78.64,32028.2,35088.3,0.1164,0.2159,145.6,97.0,0.518
78.66,31978.6,34930.5,-0.0841,-0.1721,145.6,97.0,0.518
78.68,32027.8,34862.2,0.1151,-0.3403,145.6,97.0,0.518
78.7,31890.0,34745.0,-0.4427,-0.6287,145.6,97.0,0.518
78.72,31868.3,34683.5,-0.5304,-0.7799,145.6,97.0,0.518
78.74,31737.1,34632.5,-1.0617,-0.9054,145.6,97.0,0.518
78.76,31792.6,34622.3,-0.8369,-0.9304,145.6,97.0,0.518
78.78,31841.4,34474.2,-0.6394,-1.2947,145.6,97.0,0.518
78.8,31788.9,34450.2,-0.8518,-1.3538,145.6,97.0,0.518
78.82,31757.9,34475.4,-0.9772,-1.2919,145.6,97.0,0.518
78.84,31906.8,34533.4,-0.375,-1.1491,145.6,97.0,0.518
78.86,31906.2,34864.3,-0.3773,-0.3352,145.6,97.0,0.518
78.88,32053.2,35233.1,0.2176,0.5722,145.6,97.0,0.518
78.9,32265.0,35506.6,1.0749,1.2451,145.6,97.0,0.518
78.92,32384.6,35737.3,1.5587,1.8125,145.6,97.0,0.518
78.94,32360.9,35721.5,1.4631,1.7736,145.6,97.0,0.518
78.96,32300.6,35524.6,1.2187,1.2894,145.6,97.0,0.518
78.98,32079.6,35352.4,0.3245,0.8657,145.6,97.0,0.518
79.0,32114.1,35157.8,0.464,0.3869,145.6,97.0,0.518
79.02,32083.1,35140.4,0.3385,0.3443,145.6,97.0,0.518
79.04,32035.6,35105.7,0.1464,0.2588,145.6,97.0,0.518
79.06,31964.7,35020.2,-0.1403,0.0483,145.6,97.0,0.518
79.08,31962.7,34894.0,-0.1485,-0.262,145.6,97.0,0.518
79.1,31822.5,34798.8,-0.7157,-0.4963,145.6,97.0,0.518
79.12,31732.8,34722.2,-1.0789,-0.6847,145.6,97.0,0.518
79.14,31910.1,34716.6,-0.3614,-0.6985,145.6,97.0,0.518
79.16,31879.9,34650.3,-0.4838,-0.8616,145.6,97.0,0.518
79.18,31859.4,34643.6,-0.5666,-0.8782,145.6,97.0,0.518
79.2,31769.5,34557.0,-0.9305,-1.0911,145.6,97.0,0.518
79.22,31730.0,34436.1,-1.0904,-1.3886,145.6,97.0,0.518
79.24,31798.2,34535.3,-0.8144,-1.1445,145.6,97.0,0.518
79.26,31808.7,34713.6,-0.7719,-0.7058,145.6,97.0,0.518
79.28,32005.7,35075.2,0.0256,0.1836,145.6,97.0,0.518
79.3,32142.7,35412.0,0.5798,1.0123,145.6,97.0,0.518
79.32,32273.8,35709.9,1.1106,1.7453,145.6,97.0,0.518
79.34,32275.7,35745.7,1.1183,1.8332,145.6,97.0,0.518
79.36,32239.2,35603.9,0.9706,1.4844,145.6,97.0,0.518
79.38,32285.7,35443.1,1.1587,1.0889,145.6,97.0,0.518
79.4,32132.7,35216.4,0.5395,0.5311,145.6,97.0,0.518
79.42,32022.3,35148.1,0.0928,0.3631,145.6,97.0,0.518
79.44,32123.9,35027.7,0.5039,0.0669,145.6,97.0,0.518
79.46,32054.1,35075.3,0.2213,0.1841,145.6,97.0,0.518
79.48,32047.3,34906.5,0.1939,-0.2312,145.6,97.0,0.518
79.5,31819.9,34817.1,-0.7266,-0.4513,145.6,97.0,0.518
79.52,31878.3,34702.8,-0.4902,-0.7323,145.6,97.0,0.518
79.54,31840.8,34689.0,-0.6421,-0.7664,145.6,97.0,0.518
79.56,31781.6,34678.4,-0.8813,-0.7925,145.6,97.0,0.518
79.58,31832.1,34781.4,-0.677,-0.5391,145.6,97.0,0.518
79.6,31837.0,34595.5,-0.6572,-0.9965,145.6,97.0,0.518
79.62,31800.8,34490.0,-0.8038,-1.256,145.6,97.0,0.518
79.64,31812.7,34375.7,-0.7556,-1.5372,145.6,97.0,0.518
79.66,31709.0,34568.6,-1.1751,-1.0627,145.6,97.0,0.518
79.68,31877.7,34763.4,-0.4925,-0.5832,145.6,97.0,0.518
79.7,31993.1,35086.0,-0.0256,0.2102,145.6,97.0,0.518
79.72,32250.3,35577.4,1.0155,1.4192,145.6,97.0,0.518
79.74,32371.4,35778.2,1.5055,1.9133,145.6,97.0,0.518
79.76,32298.2,35764.6,1.2092,1.8797,145.6,97.0,0.518
79.78,32274.3,35530.4,1.1124,1.3036,145.6,97.0,0.518
79.8,32253.7,35361.1,1.0291,0.8871,145.6,97.0,0.518
79.82,32117.7,35246.6,0.4789,0.6055,145.6,97.0,0.518
79.84,32030.1,35220.9,0.1241,0.5422,145.6,97.0,0.518
79.86,32023.4,35056.7,0.0973,0.1383,145.6,97.0,0.518
79.88,31912.6,35112.8,-0.3512,0.2761,145.6,97.0,0.518
79.9,31879.4,34908.5,-0.4858,-0.2264,145.6,97.0,0.518
79.92,31862.4,34870.3,-0.5544,-0.3204,145.6,97.0,0.518
79.94,31856.3,34646.5,-0.5792,-0.871,145.6,97.0,0.518
79.96,31904.1,34613.3,-0.3855,-0.9526,145.6,97.0,0.518
79.98,31789.6,34756.7,-0.8492,-0.5999,145.6,97.0,0.518
80.0,31812.5,34609.6,-0.7564,-0.9617,145.6,97.0,0.518
80.02,31785.5,34588.7,-0.8657,-1.0131,145.6,97.0,0.518
80.04,31762.3,34515.4,-0.9594,-1.1935,145.6,97.0,0.518
80.06,31645.9,34430.4,-1.4308,-1.4026,145.6,97.0,0.518
80.08,31854.9,34557.4,-0.585,-1.0901,145.6,97.0,0.518
80.1,32029.0,34901.3,0.1198,-0.2442,145.6,97.0,0.518
80.12,32225.9,35389.7,0.9166,0.9575,145.6,97.0,0.518
80.14,32291.5,35655.6,1.182,1.6116,145.6,97.0,0.518
80.16,32395.5,35740.4,1.603,1.8203,145.6,97.0,0.518
80.18,32339.5,35712.3,1.3763,1.751,145.6,97.0,0.518
80.2,32222.7,35509.4,0.9036,1.252,145.6,97.0,0.518
80.22,32141.8,35306.4,0.5761,0.7524,145.6,97.0,0.518
80.24,32113.7,35180.9,0.4626,0.4438,145.6,97.0,0.518
80.26,32127.7,35164.6,0.5194,0.4036,145.6,97.0,0.518
80.28,31992.0,35052.7,-0.0298,0.1283,145.6,97.0,0.518
80.3,32006.6,34912.3,0.029,-0.2169,145.6,97.0,0.518
80.32,31918.2,34910.3,-0.3288,-0.222,145.6,97.0,0.518
80.34,31926.9,34698.9,-0.2934,-0.742,145.6,97.0,0.518
80.36,31788.4,34607.3,-0.854,-0.9674,145.6,97.0,0.518
80.38,31883.9,34757.9,-0.4673,-0.5968,145.6,97.0,0.518
80.4,31896.7,34579.1,-0.4157,-1.0369,145.6,97.0,0.518
80.42,31836.6,34751.3,-0.659,-0.6131,145.6,97.0,0.518
80.44,31677.7,34548.0,-1.302,-1.1132,145.6,97.0,0.518
80.46,31746.5,34505.4,-1.0234,-1.218,145.6,97.0,0.518
80.48,31810.7,34532.9,-0.7638,-1.1504,145.6,97.0,0.518
80.5,31841.8,34723.6,-0.6379,-0.6811,145.6,97.0,0.518
80.52,32068.5,35136.6,0.2796,0.3347,145.6,97.0,0.518
80.54,32325.2,35438.9,1.3183,1.0784,145.6,97.0,0.518
80.56,32323.9,35752.0,1.3134,1.8488,145.6,97.0,0.518
80.58,32300.3,35787.7,1.2176,1.9367,145.6,97.0,0.518
80.6,32272.2,35609.7,1.1038,1.4986,145.6,97.0,0.518
80.62,32249.7,35386.8,1.0129,0.9504,145.6,97.0,0.518
80.64,32125.1,35234.7,0.5086,0.5761,145.6,97.0,0.518
80.66,32026.1,35197.8,0.108,0.4853,145.6,97.0,0.518
80.68,32079.0,35077.0,0.3221,0.188,145.6,97.0,0.518
80.7,32008.1,35068.7,0.0351,0.1678,145.6,97.0,0.518
80.72,32054.0,34986.9,0.221,-0.0335,145.6,97.0,0.518
80.74,31902.6,34902.3,-0.3917,-0.2416,145.6,97.0,0.518
80.76,31846.8,34768.2,-0.6174,-0.5715,145.6,97.0,0.518
80.78,31858.1,34707.0,-0.5719,-0.722,145.6,97.0,0.518
80.8,31826.5,34675.2,-0.6997,-0.8004,145.6,97.0,0.518
80.82,31797.8,34651.4,-0.8159,-0.8588,145.6,97.0,0.518
80.84,31710.7,34530.9,-1.1685,-1.1553,145.6,97.0,0.518
80.86,31793.9,34533.1,-0.8317,-1.1498,145.6,97.0,0.518
80.88,31667.1,34490.5,-1.3446,-1.2548,145.6,97.0,0.518
80.9,31744.9,34597.0,-1.0298,-0.9926,145.6,97.0,0.518
80.92,31939.9,34915.6,-0.2407,-0.2088,145.6,97.0,0.518
80.94,32072.1,35213.3,0.294,0.5234,145.6,97.0,0.518
80.96,32272.7,35590.6,1.106,1.4517,145.6,97.0,0.518
80.98,32441.9,35719.5,1.7907,1.7687,145.6,97.0,0.518
81.0,32414.9,35703.3,1.6813,1.7289,145.6,97.0,0.518
81.02,32274.6,35603.8,1.1138,1.4841,145.6,97.0,0.518
81.04,32087.1,35389.5,0.3547,0.9569,145.6,97.0,0.518
81.06,32119.1,35259.2,0.4843,0.6364,145.6,97.0,0.518
81.08,32093.6,35086.5,0.3814,0.2115,145.6,97.0,0.518
81.1,31946.6,35098.6,-0.2136,0.2412,145.6,97.0,0.518
81.12,32070.1,34976.1,0.2862,-0.0601,145.6,97.0,0.518
81.14,31989.0,34891.7,-0.0422,-0.2677,145.6,97.0,0.518
81.16,31933.8,34715.5,-0.2653,-0.7012,145.6,97.0,0.518
81.18,31858.9,34730.8,-0.5685,-0.6636,145.6,97.0,0.518
81.2,31776.4,34688.9,-0.9023,-0.7667,145.6,97.0,0.518
81.22,31863.2,34711.5,-0.5513,-0.711,145.6,97.0,0.518
81.24,31838.9,34696.3,-0.6497,-0.7483,145.6,97.0,0.518
81.26,31739.5,34508.8,-1.0517,-1.2096,145.6,97.0,0.518
81.28,31654.4,34501.7,-1.3962,-1.2272,145.6,97.0,0.518
81.3,31789.0,34503.2,-0.8515,-1.2234,145.6,97.0,0.518
81.32,31800.8,34643.9,-0.8037,-0.8773,145.6,97.0,0.518
81.34,31982.2,35041.6,-0.0696,0.101,145.6,97.0,0.518
81.36,32103.6,35411.4,0.4215,1.0108,145.6,97.0,0.518
81.38,32289.7,35700.4,1.1748,1.7219,145.6,97.0,0.518
81.4,32386.3,35839.7,1.5659,2.0645,145.6,97.0,0.518
81.42,32270.9,35670.6,1.0986,1.6485,145.6,97.0,0.518
81.44,32227.1,35464.3,0.9214,1.1409,145.6,97.0,0.518
81.46,32177.2,35310.5,0.7194,0.7627,145.6,97.0,0.518
81.48,32172.4,35108.2,0.7001,0.265,145.6,97.0,0.518
81.5,32097.4,35132.0,0.3967,0.3235,145.6,97.0,0.518
81.52,31989.9,35076.3,-0.0386,0.1863,145.6,97.0,0.518
81.54,31984.1,34940.9,-0.0619,-0.1466,145.6,97.0,0.518
81.56,31864.1,34894.8,-0.5478,-0.2601,145.6,97.0,0.518
81.58,31944.5,34682.0,-0.2222,-0.7835,145.6,97.0,0.518
81.6,31889.6,34771.8,-0.4442,-0.5626,145.6,97.0,0.518
81.62,31819.7,34701.9,-0.7271,-0.7346,145.6,97.0,0.518
81.64,31888.2,34664.7,-0.45,-0.8262,145.6,97.0,0.518
81.66,31779.6,34633.5,-0.8894,-0.9029,145.6,97.0,0.518
81.68,31770.3,34359.2,-0.9273,-1.5778,145.6,97.0,0.518
81.7,31752.4,34449.8,-0.9996,-1.3547,145.6,97.0,0.518
81.72,31839.4,34559.7,-0.6477,-1.0844,145.6,97.0,0.518
81.74,31822.3,34802.8,-0.7168,-0.4863,145.6,97.0,0.518
81.76,31990.6,35131.4,-0.0355,0.322,145.6,97.0,0.518
81.78,32269.8,35545.1,1.0941,1.3397,145.6,97.0,0.518
81.8,32343.8,35663.6,1.3939,1.6313,145.6,97.0,0.518
81.82,32405.2,35787.6,1.642,1.9364,145.6,97.0,0.518
81.84,32249.7,35619.5,1.0129,1.5229,145.6,97.0,0.518
81.86,32154.5,35337.1,0.6277,0.8279,145.6,97.0,0.518
81.88,32083.8,35279.4,0.3414,0.686,145.6,97.0,0.518
81.9,32110.3,35221.5,0.4489,0.5437,145.6,97.0,0.518
81.92,32024.8,35090.7,0.1028,0.2217,145.6,97.0,0.518
81.94,32102.4,35019.5,0.4167,0.0467,145.6,97.0,0.518
81.96,31897.8,34905.0,-0.4113,-0.2349,145.6,97.0,0.518
81.98,31856.8,34732.2,-0.577,-0.6602,145.6,97.0,0.518
82.0,31861.2,34628.3,-0.5594,-0.9157,145.6,97.0,0.518
82.02,31851.9,34727.0,-0.5968,-0.6729,145.6,97.0,0.518
82.04,31860.0,34533.7,-0.5644,-1.1484,145.6,97.0,0.518
82.06,31796.9,34693.1,-0.8197,-0.7563,145.6,97.0,0.518
82.08,31736.0,34547.2,-1.0662,-1.1152,145.6,97.0,0.518
82.1,31753.1,34474.2,-0.9967,-1.2949,145.6,97.0,0.518
82.12,31705.0,34477.5,-1.1913,-1.2868,145.6,97.0,0.518
82.14,31847.1,34638.1,-0.6162,-0.8915,145.6,97.0,0.518
82.16,31965.7,34983.6,-0.1366,-0.0416,145.6,97.0,0.518
82.18,32222.4,35290.0,0.9025,0.7122,145.6,97.0,0.518
82.2,32275.9,35670.1,1.1189,1.6473,145.6,97.0,0.518
82.22,32341.1,35722.5,1.3828,1.7761,145.6,97.0,0.518
82.24,32268.1,35684.3,1.0874,1.6823,145.6,97.0,0.518
82.26,32296.3,35531.9,1.2016,1.3073,145.6,97.0,0.518
82.28,32130.6,35274.8,0.531,0.6749,145.6,97.0,0.518
82.3,32066.3,35138.0,0.2707,0.3383,145.6,97.0,0.518
82.32,31985.0,35093.2,-0.0585,0.2279,145.6,97.0,0.518
82.34,31973.2,35074.9,-0.106,0.1829,145.6,97.0,0.518
82.36,31979.8,34971.9,-0.0794,-0.0704,145.6,97.0,0.518
82.38,31983.3,34841.5,-0.0651,-0.3912,145.6,97.0,0.518
82.4,31921.0,34827.0,-0.3172,-0.4269,145.6,97.0,0.518
82.42,31864.3,34698.3,-0.5467,-0.7435,145.6,97.0,0.518
82.44,31821.8,34750.5,-0.7186,-0.615,145.6,97.0,0.518
82.46,31781.5,34667.5,-0.8819,-0.8193,145.6,97.0,0.518
82.48,31834.8,34660.3,-0.6663,-0.837,145.6,97.0,0.518
82.5,31810.7,34485.7,-0.7638,-1.2664,145.6,97.0,0.518
82.52,31797.0,34463.4,-0.819,-1.3214,145.6,97.0,0.518
82.54,31804.9,34393.9,-0.7873,-1.4923,145.6,97.0,0.518
82.56,31820.9,34747.3,-0.7224,-0.6229,145.6,97.0,0.518
82.58,31943.3,35084.5,-0.2271,0.2066,145.6,97.0,0.518
82.6,32171.5,35486.6,0.6965,1.1958,145.6,97.0,0.518
82.62,32385.5,35699.7,1.5623,1.72,145.6,97.0,0.518
82.64,32408.5,35794.6,1.6556,1.9536,145.6,97.0,0.518
82.66,32193.8,35647.7,0.7866,1.5921,145.6,97.0,0.518
82.68,32197.4,35428.9,0.8012,1.054,145.6,97.0,0.518
82.7,32151.1,35219.7,0.6137,0.5392,145.6,97.0,0.518
82.72,32004.8,35080.2,0.0217,0.1962,145.6,97.0,0.518
82.74,32008.1,35118.3,0.035,0.2898,145.6,97.0,0.518
82.76,32060.2,35097.0,0.2461,0.2374,145.6,97.0,0.518
82.78,31991.2,34928.1,-0.033,-0.1781,145.6,97.0,0.518
82.8,31918.8,34694.1,-0.3263,-0.7539,145.6,97.0,0.518
82.82,31924.0,34730.3,-0.3052,-0.6648,145.6,97.0,0.518
82.84,31885.3,34672.9,-0.4617,-0.8061,145.6,97.0,0.518
82.86,31911.4,34705.4,-0.3561,-0.7261,145.6,97.0,0.518
82.88,31767.8,34516.9,-0.9373,-1.1897,145.6,97.0,0.518
82.9,31749.3,34477.1,-1.0123,-1.2876,145.6,97.0,0.518
82.92,31745.6,34455.9,-1.0273,-1.3398,145.6,97.0,0.518
82.94,31827.1,34500.7,-0.6971,-1.2297,145.6,97.0,0.518
82.96,31794.9,34615.3,-0.8276,-0.9476,145.6,97.0,0.518
82.98,32035.2,34932.4,0.1449,-0.1675,145.6,97.0,0.518
83.0,32097.5,35266.5,0.397,0.6545,145.6,97.0,0.518
83.02,32253.4,35633.2,1.0279,1.5565,145.6,97.0,0.518
83.04,32308.0,35706.9,1.2487,1.7378,145.6,97.0,0.518
83.06,32438.6,35828.0,1.7774,2.0357,145.6,97.0,0.518
83.08,32175.9,35507.9,0.7142,1.2483,145.6,97.0,0.518
83.1,32158.4,35277.9,0.6435,0.6824,145.6,97.0,0.518
83.12,32024.9,35215.1,0.103,0.528,145.6,97.0,0.518
83.14,32049.0,35129.3,0.2006,0.3167,145.6,97.0,0.518
83.16,32091.1,34996.5,0.3712,-0.01,145.6,97.0,0.518
83.18,32022.0,34905.0,0.0916,-0.235,145.6,97.0,0.518
83.2,31923.8,34854.5,-0.3061,-0.3592,145.6,97.0,0.518
83.22,31849.2,34857.1,-0.6079,-0.3528,145.6,97.0,0.518
83.24,31749.6,34766.0,-1.011,-0.577,145.6,97.0,0.518
83.26,31825.6,34644.2,-0.7035,-0.8765,145.6,97.0,0.518
83.28,31831.0,34693.9,-0.6816,-0.7543,145.6,97.0,0.518
83.3,31859.8,34653.0,-0.565,-0.8549,145.6,97.0,0.518
83.32,31805.5,34489.0,-0.7847,-1.2585,145.6,97.0,0.518
83.34,31762.4,34480.6,-0.959,-1.279,145.6,97.0,0.518
83.36,31771.2,34551.4,-0.9234,-1.105,145.6,97.0,0.518
83.38,31832.3,34655.4,-0.6764,-0.8489,145.6,97.0,0.518
83.4,31949.2,35026.3,-0.2034,0.0634,145.6,97.0,0.518
83.42,32246.0,35392.6,0.998,0.9645,145.6,97.0,0.518
83.44,32249.0,35672.8,1.0102,1.6539,145.6,97.0,0.518
83.46,32301.4,35749.1,1.2221,1.8415,145.6,97.0,0.518
83.48,32279.7,35591.3,1.1342,1.4534,145.6,97.0,0.518
83.5,32321.4,35492.1,1.3032,1.2093,145.6,97.0,0.518
83.52,32142.9,35284.1,0.5806,0.6978,145.6,97.0,0.518
83.54,32097.9,35200.0,0.3985,0.4908,145.6,97.0,0.518
83.56,32066.1,35109.4,0.2697,0.268,145.6,97.0,0.518
83.58,32010.4,35061.1,0.0443,0.149,145.6,97.0,0.518
83.6,31913.0,35044.5,-0.3495,0.1081,145.6,97.0,0.518
83.62,31878.0,34859.4,-0.4913,-0.3471,145.6,97.0,0.518
83.64,31811.7,34831.2,-0.7598,-0.4165,145.6,97.0,0.518
83.66,31727.8,34651.1,-1.0993,-0.8595,145.6,97.0,0.518
83.68,31711.5,34587.9,-1.1652,-1.0151,145.6,97.0,0.518
83.7,31803.8,34544.1,-0.7916,-1.1228,145.6,97.0,0.518
83.72,31814.7,34605.3,-0.7473,-0.9722,145.6,97.0,0.518
83.74,31773.1,34497.7,-0.9158,-1.237,145.6,97.0,0.518
83.76,31740.9,34481.3,-1.046,-1.2774,145.6,97.0,0.518
83.78,31787.0,34575.6,-0.8598,-1.0453,145.6,97.0,0.518
83.8,31959.3,34806.7,-0.1622,-0.4768,145.6,97.0,0.518
83.82,32041.5,35151.0,0.1703,0.3702,145.6,97.0,0.518
83.84,32175.4,35511.8,0.7123,1.258,145.6,97.0,0.518
83.86,32318.3,35719.5,1.2905,1.7688,145.6,97.0,0.518
83.88,32401.7,35725.6,1.6278,1.7839,145.6,97.0,0.518
83.9,32281.6,35539.2,1.1419,1.3252,145.6,97.0,0.518
83.92,32212.4,35477.8,0.862,1.1741,145.6,97.0,0.518
83.94,32063.6,35231.8,0.2599,0.569,145.6,97.0,0.518
83.96,32028.6,35185.2,0.1182,0.4543,145.6,97.0,0.518
83.98,31915.9,35121.5,-0.3381,0.2976,145.6,97.0,0.518
84.0,31895.2,34956.3,-0.4217,-0.1088,145.6,97.0,0.518
84.02,31909.6,34871.0,-0.3633,-0.3186,145.6,97.0,0.518
84.04,31834.6,34824.0,-0.667,-0.4343,145.6,97.0,0.518
84.06,31842.3,34754.0,-0.6358,-0.6064,145.6,97.0,0.518
84.08,31940.3,34706.1,-0.239,-0.7244,145.6,97.0,0.518
84.1,31868.2,34677.2,-0.5312,-0.7954,145.6,97.0,0.518
84.12,31780.1,34656.0,-0.8876,-0.8475,145.6,97.0,0.518
84.14,31775.9,34492.1,-0.9044,-1.2507,145.6,97.0,0.518
84.16,31772.3,34473.8,-0.9189,-1.2957,145.6,97.0,0.518
84.18,31815.9,34478.1,-0.7426,-1.2851,145.6,97.0,0.518
84.2,31875.4,34722.4,-0.5018,-0.6843,145.6,97.0,0.518
84.22,31995.8,34790.5,-0.0148,-0.5165,145.6,97.0,0.518
84.24,32111.0,35317.5,0.4515,0.7799,145.6,97.0,0.518
84.26,32300.3,35593.9,1.2178,1.4597,145.6,97.0,0.518
84.28,32269.1,35747.5,1.0912,1.8376,145.6,97.0,0.518
84.3,32289.0,35755.5,1.1719,1.8573,145.6,97.0,0.518
84.32,32260.9,35466.4,1.0583,1.1462,145.6,97.0,0.518
84.34,32138.2,35267.4,0.5618,0.6566,145.6,97.0,0.518
84.36,32077.3,35209.9,0.3151,0.5151,145.6,97.0,0.518
84.38,32083.4,35154.1,0.3401,0.3779,145.6,97.0,0.518
84.4,32072.1,35039.3,0.2941,0.0954,145.6,97.0,0.518
84.42,31998.3,34944.9,-0.0044,-0.1369,145.6,97.0,0.518
84.44,31982.7,34851.0,-0.0677,-0.3678,145.6,97.0,0.518
84.46,31846.2,34762.5,-0.6201,-0.5856,145.6,97.0,0.518
84.48,31913.9,34697.4,-0.3459,-0.7456,145.6,97.0,0.518
84.5,31902.8,34607.8,-0.3908,-0.9661,145.6,97.0,0.518
84.52,31868.6,34701.9,-0.5295,-0.7347,145.6,97.0,0.518
84.54,31852.3,34602.3,-0.5954,-0.9796,145.6,97.0,0.518
84.56,31758.4,34496.6,-0.9752,-1.2397,145.6,97.0,0.518
84.58,31723.0,34490.4,-1.1187,-1.255,145.6,97.0,0.518
84.6,31632.2,34464.1,-1.486,-1.3198,145.6,97.0,0.518
84.62,31919.9,34691.1,-0.3219,-0.7612,145.6,97.0,0.518
84.64,32027.4,35078.3,0.1133,0.1914,145.6,97.0,0.518
84.66,32120.3,35450.0,0.4892,1.1057,145.6,97.0,0.518
84.68,32309.0,35664.6,1.2529,1.6337,145.6,97.0,0.518
84.7,32368.9,35766.4,1.4952,1.8842,145.6,97.0,0.518
84.72,32257.7,35661.2,1.0453,1.6255,145.6,97.0,0.518
84.74,32209.5,35506.2,0.85,1.2441,145.6,97.0,0.518
84.76,32113.0,35228.4,0.4597,0.5605,145.6,97.0,0.518
84.78,32014.3,35149.9,0.0603,0.3675,145.6,97.0,0.518
84.8,32080.2,35063.6,0.327,0.1553,145.6,97.0,0.518
84.82,31935.7,34970.9,-0.258,-0.0728,145.6,97.0,0.518
84.84,31994.5,34904.6,-0.0199,-0.236,145.6,97.0,0.518
84.86,31921.8,34836.9,-0.3139,-0.4024,145.6,97.0,0.518
84.88,31906.2,34794.3,-0.377,-0.5073,145.6,97.0,0.518
84.9,31859.8,34731.1,-0.5651,-0.6628,145.6,97.0,0.518
84.92,31909.2,34676.0,-0.365,-0.7984,145.6,97.0,0.518
84.94,31819.8,34711.9,-0.7269,-0.7101,145.6,97.0,0.518
84.96,31709.0,34496.9,-1.1752,-1.2391,145.6,97.0,0.518
84.98,31733.4,34402.1,-1.0766,-1.4721,145.6,97.0,0.518
85.0,31837.2,34412.1,-0.6564,-1.4476,145.6,97.0,0.518
85.02,31823.6,34519.4,-0.7116,-1.1836,145.6,97.0,0.518
85.04,31930.8,34962.3,-0.2776,-0.0939,145.6,97.0,0.518
85.06,32036.5,35220.3,0.1501,0.5408,145.6,97.0,0.518
85.08,32365.7,35677.3,1.4822,1.665,145.6,97.0,0.518
85.1,32317.0,35834.2,1.2852,2.051,145.6,97.0,0.518
85.12,32372.7,35682.0,1.5105,1.6766,145.6,97.0,0.518
85.14,32296.3,35558.7,1.2016,1.3732,145.6,97.0,0.518
85.16,32169.3,35347.3,0.6874,0.8532,145.6,97.0,0.518
85.18,32074.5,35238.7,0.3038,0.586,145.6,97.0,0.518
85.2,32015.6,35124.1,0.0657,0.3039,145.6,97.0,0.518
85.22,32020.0,35101.5,0.0833,0.2484,145.6,97.0,0.518
85.24,31958.9,34994.9,-0.1639,-0.0139,145.6,97.0,0.518
85.26,31837.7,34864.5,-0.6545,-0.3346,145.6,97.0,0.518
85.28,31906.8,34685.8,-0.3748,-0.7742,145.6,97.0,0.518
85.3,31735.9,34687.9,-1.0664,-0.7691,145.6,97.0,0.518
85.32,31819.9,34706.9,-0.7264,-0.7222,145.6,97.0,0.518
85.34,31840.0,34594.0,-0.645,-1.0,145.6,97.0,0.518
85.36,31802.6,34621.6,-0.7963,-0.9322,145.6,97.0,0.518
85.38,31708.0,34524.7,-1.1793,-1.1705,145.6,97.0,0.518
85.4,31714.7,34457.8,-1.1524,-1.3351,145.6,97.0,0.518
85.42,31762.4,34513.9,-0.9591,-1.1972,145.6,97.0,0.518
85.44,31920.5,34662.5,-0.3194,-0.8317,145.6,97.0,0.518
85.46,31983.5,34992.6,-0.0646,-0.0194,145.6,97.0,0.518
85.48,32156.0,35405.6,0.6338,0.9966,145.6,97.0,0.518
85.5,32310.0,35739.4,1.257,1.8177,145.6,97.0,0.518
85.52,32430.4,35812.0,1.7443,1.9963,145.6,97.0,0.518
85.54,32277.5,35701.4,1.1255,1.7244,145.6,97.0,0.518
85.56,32153.5,35461.9,0.6236,1.1351,145.6,97.0,0.518
85.58,32145.1,35229.8,0.5895,0.564,145.6,97.0,0.518
85.6,32075.7,35239.4,0.3088,0.5878,145.6,97.0,0.518
85.62,32070.8,35025.5,0.2888,0.0615,145.6,97.0,0.518
85.64,32041.2,34997.9,0.169,-0.0064,145.6,97.0,0.518
85.66,31986.5,34972.5,-0.0524,-0.069,145.6,97.0,0.518
85.68,32021.9,34878.9,0.0912,-0.2992,145.6,97.0,0.518
85.7,31966.9,34700.2,-0.1317,-0.7388,145.6,97.0,0.518
85.72,31908.1,34809.5,-0.3697,-0.4698,145.6,97.0,0.518
85.74,31811.7,34691.3,-0.7597,-0.7607,145.6,97.0,0.518
85.76,31849.5,34577.4,-0.6066,-1.0409,145.6,97.0,0.518
85.78,31823.4,34601.0,-0.7124,-0.9828,145.6,97.0,0.518
85.8,31772.2,34491.7,-0.9195,-1.2517,145.6,97.0,0.518
85.82,31713.6,34387.6,-1.1566,-1.5079,145.6,97.0,0.518
85.84,31785.4,34569.0,-0.866,-1.0616,145.6,97.0,0.518
85.86,31848.4,34780.2,-0.6111,-0.5419,145.6,97.0,0.518
85.88,32012.0,35083.4,0.0511,0.2039,145.6,97.0,0.518
85.9,32278.5,35562.3,1.1295,1.3821,145.6,97.0,0.518
85.92,32343.2,35815.1,1.3911,2.004,145.6,97.0,0.518
85.94,32367.1,35720.8,1.4878,1.772,145.6,97.0,0.518
85.96,32298.7,35623.5,1.211,1.5327,145.6,97.0,0.518
85.98,32160.5,35328.1,0.6519,0.8058,145.6,97.0,0.518
86.0,32064.0,35290.2,0.2612,0.7126,145.6,97.0,0.518
86.02,32070.4,35177.3,0.2875,0.4348,145.6,97.0,0.518
86.04,32100.2,35106.4,0.4077,0.2605,145.6,97.0,0.518
86.06,32074.5,34988.9,0.3038,-0.0286,145.6,97.0,0.518
86.08,31952.1,34921.5,-0.1916,-0.1944,145.6,97.0,0.518
86.1,31931.4,34865.1,-0.2751,-0.3331,145.6,97.0,0.518
86.12,31825.2,34722.1,-0.7049,-0.685,145.6,97.0,0.518
86.14,31859.3,34639.0,-0.5672,-0.8893,145.6,97.0,0.518
86.16,31856.3,34774.9,-0.579,-0.5552,145.6,97.0,0.518
86.18,31740.7,34605.4,-1.047,-0.9721,145.6,97.0,0.518
86.2,31786.8,34477.1,-0.8605,-1.2878,145.6,97.0,0.518
86.22,31738.1,34539.0,-1.0575,-1.1353,145.6,97.0,0.518
86.24,31723.2,34542.0,-1.1179,-1.1281,145.6,97.0,0.518
86.26,31750.1,34574.1,-1.0091,-1.0489,145.6,97.0,0.518
86.28,31980.2,34893.4,-0.0779,-0.2636,145.6,97.0,0.518
86.3,32161.8,35323.0,0.6572,0.7935,145.6,97.0,0.518
86.32,32310.0,35636.8,1.2569,1.5652,145.6,97.0,0.518
86.34,32288.6,35792.8,1.1702,1.9491,145.6,97.0,0.518
86.36,32251.9,35726.3,1.022,1.7854,145.6,97.0,0.518
86.38,32242.4,35476.3,0.9834,1.1705,145.6,97.0,0.518
86.4,32188.8,35357.1,0.7663,0.8773,145.6,97.0,0.518
86.42,31995.6,35162.3,-0.0153,0.398,145.6,97.0,0.518
86.44,32007.1,35154.1,0.031,0.3778,145.6,97.0,0.518
86.46,32089.5,35012.7,0.3645,0.0299,145.6,97.0,0.518
86.48,31931.1,35024.2,-0.2765,0.0582,145.6,97.0,0.518
86.5,31910.6,34998.6,-0.3595,-0.0047,145.6,97.0,0.518
86.52,31858.6,34815.8,-0.5696,-0.4544,145.6,97.0,0.518
86.54,31824.6,34684.2,-0.7075,-0.7781,145.6,97.0,0.518
86.56,31813.8,34626.1,-0.7512,-0.9212,145.6,97.0,0.518
86.58,31805.3,34721.5,-0.7855,-0.6865,145.6,97.0,0.518
86.6,31769.5,34624.8,-0.9304,-0.9244,145.6,97.0,0.518
86.62,31754.8,34430.7,-0.9899,-1.4019,145.6,97.0,0.518
86.64,31747.1,34452.0,-1.0211,-1.3495,145.6,97.0,0.518
86.66,31778.4,34594.9,-0.8943,-0.9979,145.6,97.0,0.518
86.68,31807.7,34636.0,-0.7759,-0.8967,145.6,97.0,0.518
86.7,32068.4,35107.2,0.2794,0.2625,145.6,97.0,0.518
86.72,32302.4,35507.4,1.2263,1.2471,145.6,97.0,0.518
86.74,32446.6,35645.6,1.8099,1.587,145.6,97.0,0.518
86.76,32406.9,35819.1,1.6492,2.0137,145.6,97.0,0.518
86.78,32291.2,35694.2,1.1808,1.7065,145.6,97.0,0.518
86.8,32222.6,35446.1,0.9031,1.0961,145.6,97.0,0.518
86.82,32162.3,35331.9,0.6592,0.8154,145.6,97.0,0.518
86.84,32109.8,35155.3,0.4467,0.3807,145.6,97.0,0.518
86.86,32030.0,35004.0,0.1237,0.0085,145.6,97.0,0.518
86.88,32107.8,35029.7,0.4387,0.0717,145.6,97.0,0.518
86.9,32011.9,34961.0,0.0505,-0.0973,145.6,97.0,0.518
86.92,31866.6,34760.2,-0.5374,-0.5911,145.6,97.0,0.518
86.94,31947.3,34755.6,-0.211,-0.6026,145.6,97.0,0.518
86.96,31828.4,34668.4,-0.6921,-0.8171,145.6,97.0,0.518
86.98,31867.2,34644.2,-0.5352,-0.8765,145.6,97.0,0.518
87.0,31852.1,34650.2,-0.5961,-0.8617,145.6,97.0,0.518
87.02,31775.4,34555.8,-0.9066,-1.0942,145.6,97.0,0.518
87.04,31731.5,34508.9,-1.0843,-1.2096,145.6,97.0,0.518
87.06,31820.1,34531.4,-0.7254,-1.154,145.6,97.0,0.518
87.08,31801.7,34481.9,-0.8002,-1.2758,145.6,97.0,0.518
87.1,31903.1,34854.0,-0.3897,-0.3605,145.6,97.0,0.518
87.12,32131.6,35182.3,0.5349,0.4472,145.6,97.0,0.518
87.14,32219.3,35553.3,0.8897,1.36,145.6,97.0,0.518
87.16,32274.4,35753.6,1.1128,1.8528,145.6,97.0,0.518
87.18,32329.0,35767.9,1.3339,1.8879,145.6,97.0,0.518
87.2,32277.0,35608.2,1.1235,1.495,145.6,97.0,0.518
87.22,32234.4,35402.9,0.951,0.9898,145.6,97.0,0.518
87.24,32080.4,35166.4,0.3279,0.4081,145.6,97.0,0.518
87.26,32133.9,35138.0,0.5441,0.3381,145.6,97.0,0.518
87.28,31991.5,35118.9,-0.032,0.2912,145.6,97.0,0.518
87.3,31979.4,35008.0,-0.081,0.0183,145.6,97.0,0.518
87.32,31967.2,34925.7,-0.1302,-0.1839,145.6,97.0,0.518
87.34,31879.0,34738.4,-0.4872,-0.6448,145.6,97.0,0.518
87.36,31944.4,34656.3,-0.2226,-0.8469,145.6,97.0,0.518
87.38,31902.1,34617.3,-0.3939,-0.9427,145.6,97.0,0.518
87.4,31823.7,34678.5,-0.7109,-0.7922,145.6,97.0,0.518
87.42,31799.4,34664.3,-0.8095,-0.8271,145.6,97.0,0.518
87.44,31846.5,34492.3,-0.6187,-1.2503,145.6,97.0,0.518
87.46,31762.1,34417.2,-0.9605,-1.4349,145.6,97.0,0.518
87.48,31763.0,34413.7,-0.9569,-1.4437,145.6,97.0,0.518
87.5,31845.2,34647.2,-0.6239,-0.8693,145.6,97.0,0.518
87.52,31999.9,34967.4,0.002,-0.0814,145.6,97.0,0.518
87.54,32210.3,35362.8,0.8534,0.8912,145.6,97.0,0.518
87.56,32322.1,35683.0,1.3058,1.6791,145.6,97.0,0.518
87.58,32312.0,35722.0,1.2652,1.7749,145.6,97.0,0.518
87.6,32386.9,35699.1,1.5682,1.7186,145.6,97.0,0.518
87.62,32275.8,35509.4,1.1184,1.252,145.6,97.0,0.518
87.64,32163.2,35277.0,0.6629,0.6802,145.6,97.0,0.518
87.66,32103.8,35229.2,0.4225,0.5627,145.6,97.0,0.518
87.68,32140.1,35149.5,0.5694,0.3664,145.6,97.0,0.518
87.7,32004.2,34997.0,0.0192,-0.0087,145.6,97.0,0.518
87.72,31947.7,34899.7,-0.2094,-0.248,145.6,97.0,0.518
87.74,31817.1,34813.7,-0.7376,-0.4595,145.6,97.0,0.518
87.76,31919.6,34741.1,-0.3229,-0.6383,145.6,97.0,0.518
87.78,31841.6,34574.0,-0.6385,-1.0494,145.6,97.0,0.518
87.8,31919.6,34722.5,-0.3232,-0.6839,145.6,97.0,0.518
87.82,31764.2,34593.9,-0.9517,-1.0004,145.6,97.0,0.518
87.84,31913.5,34448.7,-0.3476,-1.3575,145.6,97.0,0.518
87.86,31803.6,34505.5,-0.7925,-1.2177,145.6,97.0,0.518
87.88,31723.0,34383.3,-1.1185,-1.5185,145.6,97.0,0.518
87.9,31781.9,34525.3,-0.8801,-1.1691,145.6,97.0,0.518
87.92,31922.3,34775.9,-0.3121,-0.5525,145.6,97.0,0.518
87.94,31995.1,35108.4,-0.0175,0.2655,145.6,97.0,0.518
87.96,32167.3,35518.2,0.6795,1.2736,145.6,97.0,0.518
87.98,32352.4,35597.1,1.4286,1.4678,145.6,97.0,0.518
88.0,32389.3,35806.6,1.578,1.9832,145.6,97.0,0.518
88.02,32426.2,35614.2,1.7271,1.5099,145.6,97.0,0.518
88.04,32167.2,35326.8,0.6789,0.8028,145.6,97.0,0.518
88.06,32055.8,35258.0,0.2283,0.6333,145.6,97.0,0.518
88.08,31893.4,35157.2,-0.429,0.3855,145.6,97.0,0.518
88.1,32019.1,35070.5,0.0796,0.1721,145.6,97.0,0.518
88.12,32068.3,35002.2,0.2788,0.004,145.6,97.0,0.518
88.14,31984.4,34938.2,-0.0609,-0.1534,145.6,97.0,0.518
88.16,31796.0,34926.3,-0.8232,-0.1825,145.6,97.0,0.518
88.18,31870.0,34792.9,-0.5237,-0.5107,145.6,97.0,0.518
88.2,31884.7,34729.7,-0.464,-0.6662,145.6,97.0,0.518
88.22,31884.3,34634.9,-0.4659,-0.8994,145.6,97.0,0.518
88.24,31779.4,34658.6,-0.8903,-0.8412,145.6,97.0,0.518
88.26,31777.3,34485.5,-0.8988,-1.2671,145.6,97.0,0.518
88.28,31761.6,34484.1,-0.9624,-1.2704,145.6,97.0,0.518
88.3,31784.1,34435.7,-0.8712,-1.3896,145.6,97.0,0.518
88.32,31799.2,34615.8,-0.8103,-0.9464,145.6,97.0,0.518
88.34,31877.8,35005.3,-0.4923,0.0118,145.6,97.0,0.518
88.36,32202.8,35300.5,0.8231,0.7379,145.6,97.0,0.518
88.38,32378.7,35542.5,1.5351,1.3333,145.6,97.0,0.518
88.4,32412.2,35783.7,1.6707,1.9267,145.6,97.0,0.518
88.42,32235.9,35687.6,0.957,1.6904,145.6,97.0,0.518
88.44,32195.3,35549.9,0.7929,1.3516,145.6,97.0,0.518
88.46,32165.0,35324.7,0.6701,0.7975,145.6,97.0,0.518
88.48,32128.2,35158.7,0.5214,0.3891,145.6,97.0,0.518
88.5,32067.3,35129.6,0.2749,0.3176,145.6,97.0,0.518
88.52,32053.8,35108.0,0.2203,0.2645,145.6,97.0,0.518
88.54,31884.4,35019.9,-0.4654,0.0476,145.6,97.0,0.518
88.56,31913.6,34847.2,-0.3472,-0.3773,145.6,97.0,0.518
88.58,31820.8,34733.6,-0.7228,-0.6565,145.6,97.0,0.518
88.6,31849.7,34666.8,-0.606,-0.821,145.6,97.0,0.518
88.62,31812.0,34743.9,-0.7585,-0.6313,145.6,97.0,0.518
88.64,31774.7,34621.5,-0.9093,-0.9325,145.6,97.0,0.518
88.66,31844.0,34620.2,-0.6288,-0.9357,145.6,97.0,0.518
88.68,31755.7,34545.5,-0.9863,-1.1195,145.6,97.0,0.518
88.7,31761.7,34485.4,-0.9622,-1.2673,145.6,97.0,0.518
88.72,31778.6,34557.0,-0.8937,-1.0911,145.6,97.0,0.518
88.74,31828.6,34734.5,-0.691,-0.6544,145.6,97.0,0.518
88.76,32096.2,35155.5,0.3919,0.3813,145.6,97.0,0.518
88.78,32233.3,35534.4,0.9467,1.3133,145.6,97.0,0.518
88.8,32335.3,35653.0,1.3593,1.6053,145.6,97.0,0.518
88.82,32304.8,35787.5,1.2359,1.936,145.6,97.0,0.518
88.84,32307.8,35686.1,1.2479,1.6867,145.6,97.0,0.518
88.86,32335.9,35381.6,1.3619,0.9375,145.6,97.0,0.518
88.88,32091.4,35270.2,0.3722,0.6634,145.6,97.0,0.518
88.9,32098.8,35191.1,0.4022,0.4689,145.6,97.0,0.518
88.92,31984.7,35100.3,-0.0597,0.2455,145.6,97.0,0.518
88.94,32086.7,35083.0,0.3532,0.203,145.6,97.0,0.518
88.96,31981.0,34920.0,-0.0746,-0.198,145.6,97.0,0.518
88.98,31845.5,34874.6,-0.623,-0.3098,145.6,97.0,0.518
89.0,31816.6,34778.3,-0.7397,-0.5466,145.6,97.0,0.518
89.02,31917.7,34663.5,-0.3307,-0.8291,145.6,97.0,0.518
89.04,31854.8,34644.0,-0.5854,-0.8771,145.6,97.0,0.518
89.06,31903.0,34708.3,-0.39,-0.7189,145.6,97.0,0.518
89.08,31776.4,34583.2,-0.9026,-1.0267,145.6,97.0,0.518
89.1,31778.8,34503.7,-0.8928,-1.2223,145.6,97.0,0.518
89.12,31681.9,34390.5,-1.2848,-1.5008,145.6,97.0,0.518
89.14,31832.3,34632.8,-0.6763,-0.9046,145.6,97.0,0.518
89.16,31966.3,34848.7,-0.1341,-0.3736,145.6,97.0,0.518
89.18,32129.1,35198.0,0.5249,0.4858,145.6,97.0,0.518
89.2,32205.7,35558.1,0.8347,1.3717,145.6,97.0,0.518
89.22,32376.5,35771.4,1.526,1.8964,145.6,97.0,0.518
89.24,32336.4,35740.8,1.3639,1.8211,145.6,97.0,0.518
89.26,32304.5,35535.9,1.2347,1.317,145.6,97.0,0.518
89.28,32217.8,35406.9,0.8839,0.9998,145.6,97.0,0.518
89.3,32158.8,35035.5,0.6452,0.0862,145.6,97.0,0.518
89.32,32051.7,35114.6,0.2117,0.2805,145.6,97.0,0.518
89.34,31980.4,35090.7,-0.0771,0.2219,145.6,97.0,0.518
89.36,31960.8,35009.7,-0.1563,0.0226,145.6,97.0,0.518
89.38,31908.3,34912.3,-0.3688,-0.2171,145.6,97.0,0.518
89.4,31860.0,34785.2,-0.5641,-0.5297,145.6,97.0,0.518
89.42,31899.5,34737.3,-0.4043,-0.6475,145.6,97.0,0.518
89.44,31885.9,34733.0,-0.4595,-0.6581,145.6,97.0,0.518
89.46,31837.7,34613.8,-0.6544,-0.9513,145.6,97.0,0.518
89.48,31776.5,34743.0,-0.9021,-0.6335,145.6,97.0,0.518
89.5,31858.5,34422.7,-0.5703,-1.4214,145.6,97.0,0.518
89.52,31821.9,34468.1,-0.7182,-1.3097,145.6,97.0,0.518
89.54,31728.5,34404.2,-1.0962,-1.467,145.6,97.0,0.518
89.56,31858.8,34604.1,-0.5688,-0.9753,145.6,97.0,0.518
89.58,31989.4,34920.8,-0.0407,-0.1961,145.6,97.0,0.518
89.6,32116.2,35318.7,0.4728,0.7829,145.6,97.0,0.518
89.62,32307.9,35685.2,1.2484,1.6845,145.6,97.0,0.518
89.64,32366.5,35673.0,1.4855,1.6543,145.6,97.0,0.518
89.66,32371.8,35705.6,1.5069,1.7346,145.6,97.0,0.518
89.68,32159.9,35501.4,0.6495,1.2322,145.6,97.0,0.518
89.7,32192.7,35243.4,0.7821,0.5974,145.6,97.0,0.518
89.72,32003.3,35169.8,0.0157,0.4165,145.6,97.0,0.518
89.74,32082.6,35163.8,0.3369,0.4016,145.6,97.0,0.518
89.76,31934.5,35055.9,-0.2629,0.1361,145.6,97.0,0.518
89.78,31967.6,34942.5,-0.1286,-0.1427,145.6,97.0,0.518
89.8,31890.3,34715.6,-0.4414,-0.7009,145.6,97.0,0.518
89.82,31851.8,34736.5,-0.5973,-0.6494,145.6,97.0,0.518
89.84,31873.6,34731.1,-0.5092,-0.6627,145.6,97.0,0.518
89.86,31904.9,34652.5,-0.3824,-0.8562,145.6,97.0,0.518
89.88,31843.0,34580.7,-0.6331,-1.0328,145.6,97.0,0.518
89.9,31749.1,34623.9,-1.0131,-0.9266,145.6,97.0,0.518
89.92,31787.3,34517.6,-0.8585,-1.1882,145.6,97.0,0.518
89.94,31650.2,34424.7,-1.4132,-1.4166,145.6,97.0,0.518
89.96,31837.4,34539.3,-0.6557,-1.1345,145.6,97.0,0.518
89.98,31951.2,34788.3,-0.1952,-0.5222,145.6,97.0,0.518
90.0,32062.5,35123.5,0.2554,0.3026,145.6,97.0,0.518
90.02,32206.7,35391.2,0.8388,0.9611,145.6,97.0,0.518
90.04,32456.7,35768.7,1.8507,1.8897,145.6,97.0,0.518
90.06,32413.6,35821.1,1.676,2.0187,145.6,97.0,0.518
90.08,32350.3,35577.3,1.4199,1.419,145.6,97.0,0.518
90.1,32208.8,35447.3,0.8472,1.0991,145.6,97.0,0.518
90.12,32204.1,35225.9,0.8285,0.5545,145.6,97.0,0.518
90.14,32083.9,35144.1,0.3419,0.3532,145.6,97.0,0.518
90.16,32051.7,35116.1,0.2114,0.2843,145.6,97.0,0.518
90.18,31986.7,35023.9,-0.0514,0.0575,145.6,97.0,0.518
90.2,31972.4,34928.0,-0.1095,-0.1784,145.6,97.0,0.518
90.22,31951.8,34853.8,-0.1926,-0.361,145.6,97.0,0.518
90.24,31935.1,34726.0,-0.2602,-0.6753,145.6,97.0,0.518
90.26,31897.2,34669.4,-0.4135,-0.8145,145.6,97.0,0.518
90.28,31767.5,34664.2,-0.9386,-0.8275,145.6,97.0,0.518
90.3,31748.0,34619.2,-1.0175,-0.9381,145.6,97.0,0.518
90.32,31822.3,34556.7,-0.7167,-1.0917,145.6,97.0,0.518
90.34,31854.5,34418.5,-0.5864,-1.4317,145.6,97.0,0.518
90.36,31738.9,34530.4,-1.054,-1.1565,145.6,97.0,0.518
90.38,31809.4,34690.3,-0.7691,-0.7632,145.6,97.0,0.518
90.4,31917.2,34920.2,-0.3327,-0.1976,145.6,97.0,0.518
90.42,32162.2,35333.4,0.6588,0.8189,145.6,97.0,0.518
90.44,32204.2,35597.1,0.8287,1.4676,145.6,97.0,0.518
90.46,32416.3,35794.8,1.6871,1.954,145.6,97.0,0.518
90.48,32305.3,35674.6,1.2381,1.6583,145.6,97.0,0.518
90.5,32222.6,35620.8,0.9032,1.5259,145.6,97.0,0.518
90.52,32169.1,35328.1,0.6867,0.8059,145.6,97.0,0.518
90.54,32076.7,35256.4,0.3128,0.6296,145.6,97.0,0.518
90.56,31991.5,35135.7,-0.0321,0.3326,145.6,97.0,0.518
90.58,31945.4,35098.1,-0.2184,0.2402,145.6,97.0,0.518
90.6,32058.9,34993.3,0.2407,-0.0177,145.6,97.0,0.518
90.62,31969.2,34938.3,-0.1221,-0.1531,145.6,97.0,0.518
90.64,31843.5,34754.6,-0.6309,-0.605,145.6,97.0,0.518
90.66,31859.4,34635.5,-0.5665,-0.898,145.6,97.0,0.518
90.68,31869.7,34677.2,-0.525,-0.7954,145.6,97.0,0.518
90.7,31871.5,34716.6,-0.5177,-0.6984,145.6,97.0,0.518
90.72,31792.8,34623.8,-0.8361,-0.9268,145.6,97.0,0.518
90.74,31777.6,34513.8,-0.8974,-1.1973,145.6,97.0,0.518
90.76,31786.5,34439.7,-0.8615,-1.3797,145.6,97.0,0.518
90.78,31729.9,34510.8,-1.0905,-1.2047,145.6,97.0,0.518
90.8,31866.4,34718.7,-0.5381,-0.6933,145.6,97.0,0.518
90.82,32051.2,35041.0,0.2097,0.0996,145.6,97.0,0.518
90.84,32225.2,35366.4,0.9136,0.9002,145.6,97.0,0.518
90.86,32248.3,35669.3,1.0074,1.6452,145.6,97.0,0.518
90.88,32312.9,35736.8,1.2686,1.8113,145.6,97.0,0.518
90.9,32304.6,35605.7,1.235,1.4889,145.6,97.0,0.518
90.92,32237.3,35422.7,0.9627,1.0386,145.6,97.0,0.518
90.94,32078.8,35264.7,0.3215,0.6498,145.6,97.0,0.518
90.96,32098.8,35134.6,0.4021,0.3299,145.6,97.0,0.518
90.98,31975.7,35116.1,-0.096,0.2844,145.6,97.0,0.518
91.0,32014.3,34961.2,0.0601,-0.0968,145.6,97.0,0.518
91.02,32007.1,34963.8,0.0312,-0.0904,145.6,97.0,0.518
91.04,31840.3,34783.1,-0.644,-0.5349,145.6,97.0,0.518
91.06,31903.1,34681.5,-0.3898,-0.7848,145.6,97.0,0.518
91.08,31798.1,34619.4,-0.8148,-0.9377,145.6,97.0,0.518
91.1,31939.5,34563.5,-0.2424,-1.0752,145.6,97.0,0.518
91.12,31736.8,34515.7,-1.0627,-1.1928,145.6,97.0,0.518
91.14,31719.1,34567.6,-1.1344,-1.0651,145.6,97.0,0.518
91.16,31806.1,34623.9,-0.7824,-0.9266,145.6,97.0,0.518
91.18,31813.8,34560.3,-0.7513,-1.083,145.6,97.0,0.518
91.2,31801.6,34565.7,-0.8004,-1.0696,145.6,97.0,0.518
91.22,31908.0,34888.3,-0.3697,-0.276,145.6,97.0,0.518
91.24,32102.0,35232.8,0.4153,0.5714,145.6,97.0,0.518
91.26,32221.1,35605.1,0.8971,1.4874,145.6,97.0,0.518
91.28,32358.5,35804.1,1.4532,1.9769,145.6,97.0,0.518
91.3,32395.2,35761.5,1.6018,1.8721,145.6,97.0,0.518
91.32,32303.7,35518.0,1.2312,1.2731,145.6,97.0,0.518
91.34,32292.0,35379.8,1.1842,0.9331,145.6,97.0,0.518
91.36,32117.9,35251.9,0.4795,0.6184,145.6,97.0,0.518
91.38,32120.3,35132.2,0.4891,0.3239,145.6,97.0,0.518
91.4,32017.8,35062.0,0.0744,0.1512,145.6,97.0,0.518
91.42,31996.8,35060.4,-0.0106,0.1474,145.6,97.0,0.518
91.44,31987.1,34928.7,-0.0498,-0.1767,145.6,97.0,0.518
91.46,31928.0,34764.0,-0.2891,-0.582,145.6,97.0,0.518
91.48,31927.5,34723.8,-0.2908,-0.6809,145.6,97.0,0.518
91.5,31853.8,34689.4,-0.5894,-0.7653,145.6,97.0,0.518
91.52,31759.1,34699.4,-0.9723,-0.7408,145.6,97.0,0.518
91.54,31897.1,34599.1,-0.4141,-0.9874,145.6,97.0,0.518
91.56,31867.6,34495.4,-0.5335,-1.2425,145.6,97.0,0.518
91.58,31743.2,34489.3,-1.0368,-1.2576,145.6,97.0,0.518
91.6,31667.4,34440.4,-1.3437,-1.378,145.6,97.0,0.518
91.62,31882.3,34681.1,-0.4741,-0.7857,145.6,97.0,0.518
91.64,32012.7,34992.4,0.054,-0.02,145.6,97.0,0.518
91.66,32262.3,35393.9,1.0637,0.9678,145.6,97.0,0.518
91.68,32375.3,35690.4,1.5212,1.6971,145.6,97.0,0.518
91.7,32299.9,35779.8,1.2159,1.9172,145.6,97.0,0.518
91.72,32267.2,35601.9,1.0836,1.4795,145.6,97.0,0.518
91.74,32282.9,35566.9,1.1472,1.3933,145.6,97.0,0.518
91.76,32095.1,35284.8,0.3871,0.6995,145.6,97.0,0.518
91.78,31988.4,35169.9,-0.0446,0.4168,145.6,97.0,0.518
91.8,32069.7,35102.2,0.2844,0.2502,145.6,97.0,0.518
91.82,32011.3,35058.0,0.0483,0.1415,145.6,97.0,0.518
91.84,32006.3,34975.3,0.0279,-0.062,145.6,97.0,0.518
91.86,31916.2,34902.3,-0.3369,-0.2416,145.6,97.0,0.518
91.88,31942.2,34698.7,-0.2315,-0.7424,145.6,97.0,0.518
91.9,31826.5,34753.5,-0.6996,-0.6078,145.6,97.0,0.518
91.92,31868.6,34642.3,-0.5295,-0.8813,145.6,97.0,0.518
91.94,31774.9,34674.5,-0.9086,-0.8019,145.6,97.0,0.518
91.96,31800.2,34580.3,-0.8061,-1.0337,145.6,97.0,0.518
91.98,31787.8,34425.9,-0.8562,-1.4137,145.6,97.0,0.518
92.0,31742.0,34486.4,-1.0416,-1.2648,145.6,97.0,0.518
92.02,31769.9,34566.8,-0.9288,-1.0669,145.6,97.0,0.518
92.04,31891.9,34764.6,-0.4352,-0.5805,145.6,97.0,0.518
92.06,31968.7,35214.7,-0.1243,0.5269,145.6,97.0,0.518
92.08,32213.7,35514.6,0.8674,1.2646,145.6,97.0,0.518
92.1,32380.1,35739.1,1.5405,1.8171,145.6,97.0,0.518
92.12,32346.4,35770.9,1.4041,1.8952,145.6,97.0,0.518
92.14,32331.7,35588.4,1.3446,1.4464,145.6,97.0,0.518
92.16,32175.4,35451.4,0.7122,1.1092,145.6,97.0,0.518
92.18,32238.2,35224.2,0.9663,0.5503,145.6,97.0,0.518
92.2,32076.5,35111.5,0.3119,0.273,145.6,97.0,0.518
92.22,32131.1,35016.5,0.5329,0.0393,145.6,97.0,0.518
92.24,32023.8,35083.7,0.0987,0.2046,145.6,97.0,0.518
92.26,31915.0,34878.3,-0.3416,-0.3006,145.6,97.0,0.518
92.28,31901.6,34794.8,-0.396,-0.5061,145.6,97.0,0.518
92.3,31923.2,34713.3,-0.3085,-0.7067,145.6,97.0,0.518
92.32,31807.1,34679.3,-0.7782,-0.7901,145.6,97.0,0.518
92.34,31882.2,34617.5,-0.4745,-0.9423,145.6,97.0,0.518
92.36,31826.4,34646.7,-0.7,-0.8704,145.6,97.0,0.518
92.38,31799.2,34611.4,-0.8102,-0.9573,145.6,97.0,0.518
92.4,31754.6,34507.8,-0.9905,-1.2122,145.6,97.0,0.518
92.42,31816.9,34384.9,-0.7386,-1.5144,145.6,97.0,0.518
92.44,31781.1,34630.8,-0.8835,-0.9094,145.6,97.0,0.518
92.46,31909.9,34860.4,-0.3621,-0.3447,145.6,97.0,0.518
92.48,32128.2,35368.8,0.5211,0.9061,145.6,97.0,0.518
92.5,32337.7,35577.6,1.369,1.4197,145.6,97.0,0.518
92.52,32305.5,35767.5,1.2389,1.8869,145.6,97.0,0.518
92.54,32433.4,35616.0,1.7562,1.5141,145.6,97.0,0.518
92.56,32256.7,35544.4,1.0411,1.338,145.6,97.0,0.518
92.58,32219.5,35376.5,0.8906,0.925,145.6,97.0,0.518
92.6,32032.8,35123.7,0.135,0.303,145.6,97.0,0.518
92.62,32021.0,35124.6,0.0875,0.3052,145.6,97.0,0.518
92.64,31969.3,35031.0,-0.122,0.0749,145.6,97.0,0.518
92.66,32009.6,34937.4,0.0411,-0.1554,145.6,97.0,0.518
92.68,31873.9,34899.0,-0.5079,-0.2496,145.6,97.0,0.518
92.7,31905.0,34847.9,-0.3823,-0.3754,145.6,97.0,0.518
92.72,31894.9,34694.1,-0.4229,-0.7538,145.6,97.0,0.518
92.74,31875.5,34644.6,-0.5014,-0.8755,145.6,97.0,0.518
92.76,31860.3,34563.8,-0.563,-1.0743,145.6,97.0,0.518
92.78,31896.9,34603.1,-0.4148,-0.9778,145.6,97.0,0.518
92.8,31776.1,34544.3,-0.9035,-1.1224,145.6,97.0,0.518
92.82,31789.6,34518.4,-0.8489,-1.186,145.6,97.0,0.518
92.84,31690.5,34554.4,-1.2501,-1.0975,145.6,97.0,0.518
92.86,31833.9,34681.1,-0.6697,-0.7859,145.6,97.0,0.518
92.88,32030.8,35069.4,0.127,0.1696,145.6,97.0,0.518
92.9,32162.5,35429.7,0.6599,1.0558,145.6,97.0,0.518
92.92,32192.5,35661.1,0.7812,1.625,145.6,97.0,0.518
92.94,32328.0,35758.6,1.3299,1.865,145.6,97.0,0.518
92.96,32347.8,35589.3,1.4099,1.4486,145.6,97.0,0.518
92.98,32143.7,35498.2,0.5841,1.2243,145.6,97.0,0.518
93.0,32112.8,35209.6,0.459,0.5144,145.6,97.0,0.518
93.02,32121.5,35106.0,0.494,0.2594,145.6,97.0,0.518
93.04,32046.9,35026.7,0.1922,0.0645,145.6,97.0,0.518
93.06,31994.8,35040.4,-0.0188,0.098,145.6,97.0,0.518
93.08,31954.3,34963.4,-0.1824,-0.0914,145.6,97.0,0.518
93.1,31930.4,34760.2,-0.2791,-0.5911,145.6,97.0,0.518
93.12,31895.0,34700.8,-0.4227,-0.7374,145.6,97.0,0.518
93.14,31765.3,34735.4,-0.9474,-0.6523,145.6,97.0,0.518
93.16,31932.5,34659.7,-0.2706,-0.8384,145.6,97.0,0.518
93.18,31814.3,34655.2,-0.749,-0.8495,145.6,97.0,0.518
93.2,31753.6,34511.1,-0.9946,-1.204,145.6,97.0,0.518
93.22,31756.9,34494.0,-0.9813,-1.2462,145.6,97.0,0.518
93.24,31766.9,34419.5,-0.9407,-1.4295,145.6,97.0,0.518
93.26,31816.8,34567.9,-0.739,-1.0644,145.6,97.0,0.518
93.28,31860.3,34894.5,-0.5628,-0.2609,145.6,97.0,0.518
93.3,32108.4,35234.6,0.4411,0.5759,145.6,97.0,0.518
93.32,32231.6,35568.1,0.9395,1.3963,145.6,97.0,0.518
93.34,32331.9,35778.5,1.3455,1.914,145.6,97.0,0.518
93.36,32377.8,35691.2,1.5311,1.6991,145.6,97.0,0.518
93.38,32287.1,35585.4,1.1641,1.4388,145.6,97.0,0.518
93.4,32103.2,35387.4,0.4201,0.9518,145.6,97.0,0.518
93.42,32077.8,35251.4,0.3171,0.6172,145.6,97.0,0.518
93.44,32027.3,35154.9,0.1129,0.3798,145.6,97.0,0.518
93.46,32013.9,35139.5,0.0585,0.342,145.6,97.0,0.518
93.48,32023.7,34946.6,0.0984,-0.1327,145.6,97.0,0.518
93.5,31977.2,34920.7,-0.09,-0.1964,145.6,97.0,0.518
93.52,31967.9,34793.5,-0.1274,-0.5092,145.6,97.0,0.518
93.54,31803.3,34770.8,-0.7935,-0.565,145.6,97.0,0.518
93.56,31838.5,34663.6,-0.651,-0.8289,145.6,97.0,0.518
93.58,31903.5,34682.9,-0.388,-0.7813,145.6,97.0,0.518
93.6,31818.5,34596.4,-0.7323,-0.9941,145.6,97.0,0.518
93.62,31875.6,34510.4,-0.5012,-1.2058,145.6,97.0,0.518
93.64,31705.6,34539.0,-1.1891,-1.1354,145.6,97.0,0.518
93.66,31721.1,34537.6,-1.1264,-1.139,145.6,97.0,0.518
93.68,31853.6,34758.5,-0.5899,-0.5955,145.6,97.0,0.518
93.7,32079.4,34994.9,0.3237,-0.0137,145.6,97.0,0.518
93.72,32183.6,35353.5,0.7452,0.8685,145.6,97.0,0.518
93.74,32357.6,35639.5,1.4495,1.5719,145.6,97.0,0.518
93.76,32420.2,35766.7,1.7028,1.8849,145.6,97.0,0.518
93.78,32322.8,35591.5,1.3085,1.454,145.6,97.0,0.518
93.8,32318.7,35536.4,1.292,1.3183,145.6,97.0,0.518
93.82,32124.8,35185.3,0.5074,0.4546,145.6,97.0,0.518
93.84,32106.4,35214.6,0.4328,0.5267,145.6,97.0,0.518
93.86,32032.0,35090.3,0.132,0.2209,145.6,97.0,0.518
93.88,32057.6,35144.4,0.2355,0.354,145.6,97.0,0.518
93.9,32013.3,34953.5,0.0563,-0.1157,145.6,97.0,0.518
93.92,31961.6,34826.9,-0.153,-0.4272,145.6,97.0,0.518
93.94,31898.1,34688.3,-0.41,-0.7681,145.6,97.0,0.518
93.96,31774.6,34728.6,-0.9098,-0.6689,145.6,97.0,0.518
93.98,31804.9,34628.1,-0.7873,-0.9161,145.6,97.0,0.518
94.0,31857.9,34727.6,-0.5725,-0.6714,145.6,97.0,0.518
94.02,31886.8,34666.1,-0.4558,-0.8226,145.6,97.0,0.518
94.04,31820.4,34463.5,-0.7243,-1.321,145.6,97.0,0.518
94.06,31655.4,34493.0,-1.3921,-1.2485,145.6,97.0,0.518
94.08,31795.0,34503.6,-0.8272,-1.2224,145.6,97.0,0.518
94.1,31858.0,34803.6,-0.5722,-0.4845,145.6,97.0,0.518
94.12,32106.9,35117.3,0.435,0.2874,145.6,97.0,0.518
94.14,32209.8,35518.1,0.8514,1.2733,145.6,97.0,0.518
94.16,32273.9,35727.4,1.1107,1.7882,145.6,97.0,0.518
94.18,32335.0,35669.4,1.3583,1.6455,145.6,97.0,0.518
94.2,32262.6,35552.8,1.065,1.3586,145.6,97.0,0.518
94.22,32158.5,35375.3,0.6437,0.922,145.6,97.0,0.518
94.24,32090.6,35176.8,0.3688,0.4336,145.6,97.0,0.518
94.26,32125.8,35250.2,0.5115,0.6143,145.6,97.0,0.518
94.28,31986.4,35055.5,-0.0525,0.1353,145.6,97.0,0.518
94.3,32154.7,35036.8,0.6285,0.0892,145.6,97.0,0.518
94.32,31956.7,34881.5,-0.1727,-0.2927,145.6,97.0,0.518
94.34,31904.6,34847.4,-0.3836,-0.3766,145.6,97.0,0.518
94.36,31893.7,34662.6,-0.4276,-0.8313,145.6,97.0,0.518
94.38,31856.3,34655.9,-0.5792,-0.8479,145.6,97.0,0.518
94.4,31807.2,34599.7,-0.778,-0.986,145.6,97.0,0.518
94.42,31847.8,34653.2,-0.6136,-0.8544,145.6,97.0,0.518
94.44,31788.5,34557.4,-0.8534,-1.09,145.6,97.0,0.518
94.46,31746.7,34514.4,-1.0228,-1.1959,145.6,97.0,0.518
94.48,31720.8,34429.7,-1.1276,-1.4043,145.6,97.0,0.518
94.5,31674.9,34629.9,-1.3131,-0.9118,145.6,97.0,0.518
94.52,31870.2,34888.2,-0.5227,-0.2762,145.6,97.0,0.518
94.54,32145.6,35400.9,0.5917,0.985,145.6,97.0,0.518
94.56,32255.8,35564.4,1.0377,1.3874,145.6,97.0,0.518
94.58,32274.0,35761.2,1.1114,1.8714,145.6,97.0,0.518
94.6,32311.0,35760.5,1.261,1.8698,145.6,97.0,0.518
94.62,32209.2,35529.8,0.8491,1.3022,145.6,97.0,0.518
94.64,32226.0,35261.7,0.9169,0.6426,145.6,97.0,0.518
94.66,32075.6,35263.2,0.3083,0.6463,145.6,97.0,0.518
94.68,32057.6,35132.5,0.2355,0.3246,145.6,97.0,0.518
94.7,32025.0,34986.6,0.1037,-0.0343,145.6,97.0,0.518
94.72,32027.1,35029.6,0.1119,0.0715,145.6,97.0,0.518
94.74,31847.1,34891.9,-0.6165,-0.2671,145.6,97.0,0.518
94.76,31888.2,34660.6,-0.4499,-0.8362,145.6,97.0,0.518
94.78,31858.4,34763.8,-0.5705,-0.5823,145.6,97.0,0.518
94.8,31807.0,34708.9,-0.7786,-0.7175,145.6,97.0,0.518
94.82,31791.9,34655.1,-0.8398,-0.8498,145.6,97.0,0.518
94.84,31768.9,34652.3,-0.9329,-0.8566,145.6,97.0,0.518
94.86,31807.1,34543.7,-0.7782,-1.1238,145.6,97.0,0.518
94.88,31798.3,34432.5,-0.8137,-1.3974,145.6,97.0,0.518
94.9,31760.7,34553.8,-0.9658,-1.099,145.6,97.0,0.518
94.92,31877.2,34663.8,-0.4948,-0.8284,145.6,97.0,0.518
94.94,32040.8,35028.7,0.1675,0.0695,145.6,97.0,0.518
94.96,32236.2,35457.7,0.9581,1.1248,145.6,97.0,0.518
94.98,32285.0,35670.1,1.1559,1.6472,145.6,97.0,0.518
95.0,32430.0,35733.7,1.7425,1.8038,145.6,97.0,0.518
95.02,32337.2,35608.3,1.3669,1.4953,145.6,97.0,0.518
95.04,32216.7,35517.3,0.8792,1.2713,145.6,97.0,0.518
95.06,32052.7,35329.7,0.2155,0.8098,145.6,97.0,0.518
95.08,32076.3,35166.3,0.3112,0.4078,145.6,97.0,0.518
95.1,32077.1,35065.6,0.3144,0.1601,145.6,97.0,0.518
95.12,31957.1,35032.0,-0.1711,0.0774,145.6,97.0,0.518
95.14,32052.4,34999.6,0.2146,-0.0022,145.6,97.0,0.518
95.16,31881.5,34792.8,-0.4772,-0.5111,145.6,97.0,0.518
95.18,31902.7,34604.2,-0.3914,-0.975,145.6,97.0,0.518
95.2,31797.8,34687.9,-0.8159,-0.7691,145.6,97.0,0.518
95.22,31795.4,34715.1,-0.8258,-0.7021,145.6,97.0,0.518
95.24,31837.3,34589.5,-0.656,-1.0112,145.6,97.0,0.518
95.26,31721.0,34562.9,-1.1268,-1.0767,145.6,97.0,0.518
95.28,31788.3,34495.4,-0.8542,-1.2427,145.6,97.0,0.518
95.3,31715.4,34378.5,-1.1494,-1.5303,145.6,97.0,0.518
95.32,31744.8,34596.1,-1.0302,-0.9948,145.6,97.0,0.518
95.34,31980.6,34811.0,-0.0763,-0.4663,145.6,97.0,0.518
95.36,32113.4,35162.5,0.4612,0.3984,145.6,97.0,0.518
95.38,32240.2,35525.0,0.9746,1.2903,145.6,97.0,0.518
95.4,32326.1,35780.9,1.3221,1.9199,145.6,97.0,0.518
95.42,32283.7,35725.9,1.1505,1.7846,145.6,97.0,0.518
95.44,32184.5,35567.0,0.7491,1.3935,145.6,97.0,0.518
95.46,32159.0,35323.9,0.6458,0.7955,145.6,97.0,0.518
95.48,32107.6,35201.0,0.4377,0.4932,145.6,97.0,0.518
95.5,32035.9,35126.7,0.1477,0.3105,145.6,97.0,0.518
95.52,32023.0,35021.8,0.0955,0.0523,145.6,97.0,0.518
95.54,31944.6,34910.7,-0.2218,-0.2208,145.6,97.0,0.518
95.56,31849.1,34879.6,-0.6083,-0.2976,145.6,97.0,0.518
95.58,31855.6,34838.7,-0.582,-0.3982,145.6,97.0,0.518
95.6,31777.9,34732.5,-0.8965,-0.6594,145.6,97.0,0.518
95.62,31800.9,34664.5,-0.8035,-0.8266,145.6,97.0,0.518
95.64,31834.9,34711.3,-0.6657,-0.7115,145.6,97.0,0.518
95.66,31856.3,34681.3,-0.579,-0.7852,145.6,97.0,0.518
95.68,31770.0,34626.6,-0.9285,-0.9198,145.6,97.0,0.518
95.7,31767.2,34482.9,-0.9397,-1.2733,145.6,97.0,0.518
95.72,31642.7,34507.4,-1.4436,-1.2132,145.6,97.0,0.518
95.74,31828.4,34717.1,-0.6922,-0.6971,145.6,97.0,0.518
95.76,31993.8,34933.9,-0.0227,-0.1638,145.6,97.0,0.518
95.78,32231.2,35308.6,0.9382,0.7579,145.6,97.0,0.518
95.8,32292.3,35693.5,1.1854,1.7049,145.6,97.0,0.518
95.82,32340.7,35756.8,1.3812,1.8606,145.6,97.0,0.518
95.84,32288.0,35751.7,1.1677,1.848,145.6,97.0,0.518
95.86,32227.9,35487.1,0.9247,1.1971,145.6,97.0,0.518
95.88,32210.7,35275.3,0.8549,0.676,145.6,97.0,0.518
95.9,32095.4,35160.4,0.3884,0.3933,145.6,97.0,0.518
95.92,32088.2,35122.0,0.3593,0.2988,145.6,97.0,0.518
95.94,31991.6,35121.6,-0.0315,0.298,145.6,97.0,0.518
95.96,32008.8,35019.1,0.038,0.0458,145.6,97.0,0.518
95.98,32000.2,34816.6,0.0034,-0.4526,145.6,97.0,0.518
96.0,31852.5,34742.9,-0.5943,-0.6338,145.6,97.0,0.518
96.02,31857.9,34648.9,-0.5726,-0.8651,145.6,97.0,0.518
96.04,31836.7,34669.0,-0.6585,-0.8155,145.6,97.0,0.518
96.06,31856.6,34615.8,-0.5779,-0.9465,145.6,97.0,0.518
96.08,31792.3,34613.2,-0.838,-0.9528,145.6,97.0,0.518
96.1,31724.8,34502.0,-1.1112,-1.2264,145.6,97.0,0.518
96.12,31778.3,34472.4,-0.8947,-1.2993,145.6,97.0,0.518
96.14,31741.4,34608.6,-1.044,-0.9641,145.6,97.0,0.518
96.16,31858.0,34839.6,-0.5723,-0.3959,145.6,97.0,0.518
96.18,32017.0,35128.4,0.0713,0.3145,145.6,97.0,0.518
96.2,32200.4,35554.4,0.8133,1.3626,145.6,97.0,0.518
96.22,32399.6,35687.3,1.6196,1.6897,145.6,97.0,0.518
96.24,32402.6,35691.4,1.6316,1.6997,145.6,97.0,0.518
96.26,32221.9,35551.1,0.9002,1.3546,145.6,97.0,0.518
96.28,32198.0,35365.2,0.8037,0.8971,145.6,97.0,0.518
96.3,32082.8,35192.0,0.3374,0.4712,145.6,97.0,0.518
96.32,32064.3,35145.2,0.2627,0.356,145.6,97.0,0.518
96.34,32004.6,35104.4,0.0208,0.2556,145.6,97.0,0.518
96.36,32049.9,35083.2,0.2042,0.2033,145.6,97.0,0.518
96.38,32016.4,34975.6,0.0687,-0.0613,145.6,97.0,0.518
96.4,31896.7,34809.0,-0.4157,-0.4712,145.6,97.0,0.518
96.42,31859.8,34726.7,-0.5648,-0.6737,145.6,97.0,0.518
96.44,31880.3,34706.6,-0.4819,-0.723,145.6,97.0,0.518
96.46,31812.2,34637.8,-0.7577,-0.8922,145.6,97.0,0.518
96.48,31899.5,34607.6,-0.4041,-0.9666,145.6,97.0,0.518
96.5,31768.1,34533.5,-0.9359,-1.149,145.6,97.0,0.518
96.52,31787.2,34498.1,-0.8589,-1.236,145.6,97.0,0.518
96.54,31779.3,34449.9,-0.8907,-1.3546,145.6,97.0,0.518
96.56,31868.3,34600.2,-0.5307,-0.9849,145.6,97.0,0.518
96.58,31993.0,34963.0,-0.0258,-0.0923,145.6,97.0,0.518
96.6,32147.0,35372.3,0.5973,0.9147,145.6,97.0,0.518
96.62,32257.0,35619.1,1.0426,1.5217,145.6,97.0,0.518
96.64,32341.0,35747.6,1.3823,1.838,145.6,97.0,0.518
96.66,32306.0,35789.3,1.2406,1.9406,145.6,97.0,0.518
96.68,32387.1,35494.6,1.5688,1.2155,145.6,97.0,0.518
96.7,32228.6,35262.5,0.9276,0.6445,145.6,97.0,0.518
96.72,32117.0,35181.9,0.4757,0.4463,145.6,97.0,0.518
96.74,32062.1,35110.6,0.2538,0.2708,145.6,97.0,0.518
96.76,32049.8,35126.0,0.2038,0.3087,145.6,97.0,0.518
96.78,31948.4,34963.7,-0.2063,-0.0906,145.6,97.0,0.518
96.8,31941.4,34897.6,-0.2348,-0.2532,145.6,97.0,0.518
96.82,31908.6,34809.2,-0.3675,-0.4706,145.6,97.0,0.518
96.84,31868.9,34716.9,-0.528,-0.6978,145.6,97.0,0.518
96.86,32003.7,34682.9,0.0174,-0.7813,145.6,97.0,0.518
96.88,31849.8,34682.6,-0.6055,-0.7821,145.6,97.0,0.518
96.9,31786.0,34544.9,-0.8636,-1.1209,145.6,97.0,0.518
96.92,31831.2,34543.3,-0.6806,-1.1248,145.6,97.0,0.518
96.94,31774.2,34428.9,-0.9114,-1.4063,145.6,97.0,0.518
96.96,31789.8,34501.3,-0.8482,-1.2282,145.6,97.0,0.518
96.98,31883.6,34759.5,-0.4686,-0.5928,145.6,97.0,0.518
97.0,32138.9,35106.6,0.5645,0.261,145.6,97.0,0.518
97.02,32188.9,35434.4,0.7667,1.0675,145.6,97.0,0.518
97.04,32352.7,35694.7,1.4298,1.7079,145.6,97.0,0.518
97.06,32289.8,35851.8,1.1751,2.0942,145.6,97.0,0.518
97.08,32274.5,35642.8,1.1133,1.5802,145.6,97.0,0.518
97.1,32179.2,35371.6,0.7277,0.9128,145.6,97.0,0.518
97.12,32079.4,35310.8,0.3238,0.7634,145.6,97.0,0.518
97.14,32025.4,35186.6,0.1051,0.4579,145.6,97.0,0.518
97.16,32018.1,35119.7,0.0756,0.2931,145.6,97.0,0.518
97.18,32059.5,35049.8,0.2433,0.1212,145.6,97.0,0.518
97.2,32056.8,35030.3,0.2323,0.0732,145.6,97.0,0.518
97.22,31885.5,34869.6,-0.461,-0.322,145.6,97.0,0.518
97.24,31882.8,34680.0,-0.4719,-0.7884,145.6,97.0,0.518
97.26,31834.3,34678.2,-0.6683,-0.7929,145.6,97.0,0.518
97.28,31799.0,34710.0,-0.8112,-0.7148,145.6,97.0,0.518
97.3,31772.0,34597.5,-0.9201,-0.9914,145.6,97.0,0.518
97.32,31891.5,34501.6,-0.4367,-1.2275,145.6,97.0,0.518
97.34,31696.7,34433.6,-1.2249,-1.3947,145.6,97.0,0.518
97.36,31681.1,34498.5,-1.2881,-1.235,145.6,97.0,0.518
97.38,31792.6,34522.6,-0.8369,-1.1758,145.6,97.0,0.518
97.4,31894.9,34828.8,-0.4231,-0.4224,145.6,97.0,0.518
97.42,32088.2,35237.8,0.3594,0.5838,145.6,97.0,0.518
97.44,32302.4,35600.8,1.226,1.4767,145.6,97.0,0.518
97.46,32277.2,35714.6,1.124,1.7568,145.6,97.0,0.518
97.48,32374.0,35669.7,1.5157,1.6462,145.6,97.0,0.518
97.5,32225.9,35469.4,0.9165,1.1536,145.6,97.0,0.518
97.52,32127.7,35311.2,0.5191,0.7644,145.6,97.0,0.518
97.54,32114.6,35213.8,0.466,0.5246,145.6,97.0,0.518
97.56,32139.5,35133.6,0.567,0.3274,145.6,97.0,0.518
97.58,32068.5,35016.3,0.2796,0.0388,145.6,97.0,0.518
97.6,32041.8,34979.9,0.1714,-0.0506,145.6,97.0,0.518
97.62,31965.4,34853.6,-0.1377,-0.3614,145.6,97.0,0.518
97.64,31922.0,34835.8,-0.3132,-0.4051,145.6,97.0,0.518
97.66,31807.2,34667.4,-0.7777,-0.8196,145.6,97.0,0.518
97.68,31842.7,34660.2,-0.6343,-0.8373,145.6,97.0,0.518
97.7,31795.9,34695.5,-0.8234,-0.7503,145.6,97.0,0.518
97.72,31813.1,34734.0,-0.7538,-0.6557,145.6,97.0,0.518
97.74,31667.1,34559.2,-1.3448,-1.0856,145.6,97.0,0.518
97.76,31738.4,34404.1,-1.0563,-1.4673,145.6,97.0,0.518
97.78,31754.8,34474.9,-0.9899,-1.2931,145.6,97.0,0.518
97.8,31826.5,34656.8,-0.6997,-0.8457,145.6,97.0,0.518
97.82,32038.9,35023.3,0.1598,0.056,145.6,97.0,0.518
97.84,32204.7,35384.5,0.831,0.9446,145.6,97.0,0.518
97.86,32272.3,35609.2,1.1044,1.4976,145.6,97.0,0.518
97.88,32392.3,35834.4,1.5898,2.0516,145.6,97.0,0.518
97.9,32339.2,35607.7,1.3751,1.4937,145.6,97.0,0.518
97.92,32206.5,35564.6,0.8382,1.3877,145.6,97.0,0.518
97.94,32154.8,35349.2,0.6288,0.8577,145.6,97.0,0.518
97.96,32167.4,35217.3,0.6797,0.5333,145.6,97.0,0.518
97.98,31994.5,35151.9,-0.0199,0.3724,145.6,97.0,0.518
98.0,31993.2,35012.2,-0.0252,0.0287,145.6,97.0,0.518
98.02,32044.8,34927.7,0.1839,-0.1792,145.6,97.0,0.518
98.04,31876.2,34844.5,-0.4988,-0.3839,145.6,97.0,0.518
98.06,31818.4,34699.2,-0.7327,-0.7412,145.6,97.0,0.518
98.08,31805.4,34685.4,-0.785,-0.7752,145.6,97.0,0.518
98.1,31862.5,34578.6,-0.5542,-1.0379,145.6,97.0,0.518
98.12,31828.1,34669.2,-0.6931,-0.8151,145.6,97.0,0.518
98.14,31858.2,34605.2,-0.5714,-0.9725,145.6,97.0,0.518
98.16,31793.4,34480.3,-0.8338,-1.2799,145.6,97.0,0.518
98.18,31865.5,34426.0,-0.5418,-1.4135,145.6,97.0,0.518
98.2,31766.7,34546.1,-0.9416,-1.118,145.6,97.0,0.518
98.22,31993.7,34801.0,-0.0233,-0.4909,145.6,97.0,0.518
98.24,32033.9,35100.3,0.1394,0.2455,145.6,97.0,0.518
98.26,32110.4,35589.9,0.4491,1.45,145.6,97.0,0.518
98.28,32391.1,35723.5,1.5853,1.7787,145.6,97.0,0.518
98.3,32281.9,35694.3,1.1433,1.7068,145.6,97.0,0.518
98.32,32243.9,35692.9,0.9893,1.7035,145.6,97.0,0.518
98.34,32193.6,35385.5,0.7859,0.9471,145.6,97.0,0.518
98.36,32013.5,35237.9,0.0572,0.584,145.6,97.0,0.518
98.38,32151.9,35167.1,0.617,0.4099,145.6,97.0,0.518
98.4,32051.2,35149.6,0.2095,0.3668,145.6,97.0,0.518
98.42,32023.7,35008.0,0.0983,0.0184,145.6,97.0,0.518
98.44,32025.4,34921.1,0.1054,-0.1953,145.6,97.0,0.518
98.46,31944.3,34831.6,-0.2229,-0.4156,145.6,97.0,0.518
98.48,31821.0,34715.4,-0.7221,-0.7014,145.6,97.0,0.518
98.5,31754.4,34816.8,-0.9914,-0.4519,145.6,97.0,0.518
98.52,31789.1,34599.7,-0.851,-0.986,145.6,97.0,0.518
98.54,31812.9,34613.6,-0.755,-0.952,145.6,97.0,0.518
98.56,31777.1,34567.6,-0.8997,-1.0649,145.6,97.0,0.518
98.58,31704.8,34598.4,-1.1923,-0.9893,145.6,97.0,0.518
98.6,31761.5,34386.3,-0.9627,-1.511,145.6,97.0,0.518
98.62,31864.8,34634.1,-0.5446,-0.9014,145.6,97.0,0.518
98.64,31963.0,34913.7,-0.1471,-0.2135,145.6,97.0,0.518
98.66,32102.1,35191.7,0.4158,0.4704,145.6,97.0,0.518
98.68,32282.2,35600.2,1.1442,1.4754,145.6,97.0,0.518
98.7,32331.3,35678.6,1.3433,1.6681,145.6,97.0,0.518
98.72,32288.7,35643.1,1.1705,1.5809,145.6,97.0,0.518
98.74,32224.0,35533.2,0.9088,1.3104,145.6,97.0,0.518
98.76,32097.3,35350.9,0.3961,0.8619,145.6,97.0,0.518
98.78,32132.0,35196.5,0.5365,0.4822,145.6,97.0,0.518
98.8,31948.7,35167.8,-0.2052,0.4116,145.6,97.0,0.518
98.82,32082.0,35050.6,0.3343,0.1232,145.6,97.0,0.518
98.84,31962.4,35044.4,-0.1499,0.108,145.6,97.0,0.518
98.86,31882.5,34954.7,-0.473,-0.1128,145.6,97.0,0.518
98.88,31807.6,34819.6,-0.7761,-0.4451,145.6,97.0,0.518
98.9,31935.6,34748.2,-0.2581,-0.6206,145.6,97.0,0.518
98.92,31892.9,34638.1,-0.4309,-0.8915,145.6,97.0,0.518
98.94,31856.2,34651.4,-0.5795,-0.8588,145.6,97.0,0.518
98.96,31771.2,34607.7,-0.9236,-0.9664,145.6,97.0,0.518
98.98,31809.8,34509.4,-0.7672,-1.2083,145.6,97.0,0.518
99.0,31706.2,34367.6,-1.1864,-1.557,145.6,97.0,0.518
99.02,31765.4,34491.9,-0.9472,-1.2512,145.6,97.0,0.518
99.04,31885.1,34669.4,-0.4627,-0.8146,145.6,97.0,0.518
99.06,32017.7,35015.5,0.0741,0.0369,145.6,97.0,0.518
99.08,32179.3,35394.6,0.7279,0.9695,145.6,97.0,0.518
99.1,32348.8,35747.5,1.4141,1.8376,145.6,97.0,0.518
99.12,32288.5,35781.9,1.17,1.9224,145.6,97.0,0.518
99.14,32290.5,35762.5,1.178,1.8746,145.6,97.0,0.518
99.16,32158.7,35479.6,0.6444,1.1787,145.6,97.0,0.518
99.18,32057.1,35273.2,0.2335,0.6709,145.6,97.0,0.518
99.2,31994.1,35151.4,-0.0215,0.3711,145.6,97.0,0.518
99.22,32034.5,35067.1,0.1419,0.1638,145.6,97.0,0.518
99.24,32053.8,34965.8,0.2201,-0.0854,145.6,97.0,0.518
99.26,31943.9,34952.7,-0.2246,-0.1176,145.6,97.0,0.518
99.28,31912.5,34832.5,-0.3519,-0.4133,145.6,97.0,0.518
99.3,31854.9,34676.3,-0.5848,-0.7976,145.6,97.0,0.518
99.32,31798.2,34697.3,-0.8144,-0.746,145.6,97.0,0.518
99.34,31790.7,34640.3,-0.8447,-0.8861,145.6,97.0,0.518
99.36,31811.4,34688.4,-0.761,-0.7678,145.6,97.0,0.518
99.38,31891.6,34565.8,-0.4365,-1.0693,145.6,97.0,0.518
99.4,31715.6,34520.2,-1.1487,-1.1816,145.6,97.0,0.518
99.42,31735.5,34464.6,-1.068,-1.3185,145.6,97.0,0.518
99.44,31837.2,34522.7,-0.6566,-1.1756,145.6,97.0,0.518
99.46,31957.7,34763.9,-0.1687,-0.5821,145.6,97.0,0.518
99.48,32138.6,35235.3,0.5633,0.5777,145.6,97.0,0.518
99.5,32324.2,35535.2,1.3142,1.3154,145.6,97.0,0.518
99.52,32317.2,35680.7,1.286,1.6733,145.6,97.0,0.518
99.54,32402.3,35660.7,1.6304,1.6242,145.6,97.0,0.518
99.56,32256.8,35497.3,1.0414,1.2221,145.6,97.0,0.518
99.58,32310.9,35395.7,1.2606,0.9722,145.6,97.0,0.518
99.6,32173.4,35125.1,0.704,0.3065,145.6,97.0,0.518
99.62,31917.6,35123.1,-0.331,0.3016,145.6,97.0,0.518
99.64,31969.4,35088.1,-0.1213,0.2156,145.6,97.0,0.518
99.66,31966.4,35025.5,-0.1334,0.0616,145.6,97.0,0.518
99.68,31978.8,34857.2,-0.0834,-0.3526,145.6,97.0,0.518
99.7,31809.3,34848.4,-0.7694,-0.3742,145.6,97.0,0.518
99.72,31980.9,34740.7,-0.0748,-0.6391,145.6,97.0,0.518
99.74,31814.3,34586.0,-0.749,-1.0197,145.6,97.0,0.518
99.76,31970.4,34640.6,-0.1172,-0.8854,145.6,97.0,0.518
99.78,31800.1,34622.7,-0.8067,-0.9296,145.6,97.0,0.518
99.8,31763.2,34473.4,-0.9561,-1.2968,145.6,97.0,0.518
99.82,31736.0,34472.6,-1.066,-1.2987,145.6,97.0,0.518
99.84,31770.2,34417.5,-0.9277,-1.4342,145.6,97.0,0.518
99.86,31854.8,34700.4,-0.5851,-0.7383,145.6,97.0,0.518
99.88,31956.8,34946.5,-0.1723,-0.1329,145.6,97.0,0.518
99.9,32069.5,35370.0,0.2836,0.909,145.6,97.0,0.518
99.92,32307.7,35680.6,1.2474,1.673,145.6,97.0,0.518
99.94,32389.9,35805.6,1.5802,1.9806,145.6,97.0,0.518
99.96,32319.6,35653.8,1.2957,1.6072,145.6,97.0,0.518
99.98,32284.6,35431.9,1.154,1.0613,145.6,97.0,0.518
100.0,32109.9,35324.7,0.4471,0.7976,145.6,97.0,0.518
100.02,32045.1,35201.7,0.185,0.495,145.6,97.0,0.518
100.04,32068.3,35021.8,0.2787,0.0524,145.6,97.0,0.518
100.06,31987.8,35035.9,-0.0469,0.087,145.6,97.0,0.518
100.08,31969.6,34971.1,-0.1205,-0.0723,145.6,97.0,0.518
100.1,31944.2,34869.8,-0.2233,-0.3216,145.6,97.0,0.518
100.12,31873.1,34789.0,-0.5111,-0.5204,145.6,97.0,0.518
100.14,31910.3,34760.2,-0.3607,-0.5912,145.6,97.0,0.518
100.16,31884.7,34611.8,-0.4642,-0.9563,145.6,97.0,0.518
100.18,31937.9,34623.1,-0.2488,-0.9284,145.6,97.0,0.518
100.2,31812.4,34716.1,-0.7566,-0.6997,145.6,97.0,0.518
100.22,31804.8,34456.1,-0.7877,-1.3394,145.6,97.0,0.518
100.24,31759.5,34403.1,-0.9709,-1.4698,145.6,97.0,0.518
100.26,31811.2,34608.9,-0.7615,-0.9633,145.6,97.0,0.518
100.28,31959.6,34812.2,-0.161,-0.4633,145.6,97.0,0.518
100.3,32044.2,35202.3,0.1812,0.4964,145.6,97.0,0.518
100.32,32275.8,35463.9,1.1186,1.14,145.6,97.0,0.518
100.34,32384.4,35861.7,1.5581,2.1188,145.6,97.0,0.518
100.36,32309.9,35668.5,1.2567,1.6434,145.6,97.0,0.518
100.38,32212.7,35636.7,0.8633,1.5651,145.6,97.0,0.518
100.4,32116.1,35428.6,0.4722,1.053,145.6,97.0,0.518
100.42,32108.9,35258.9,0.4432,0.6357,145.6,97.0,0.518
100.44,32078.2,35090.3,0.3187,0.2208,145.6,97.0,0.518
100.46,32037.0,35229.4,0.1519,0.563,145.6,97.0,0.518
100.48,31902.6,35042.7,-0.3919,0.1038,145.6,97.0,0.518
100.5,31945.0,35013.0,-0.2201,0.0307,145.6,97.0,0.518
100.52,32018.8,34852.4,0.0786,-0.3644,145.6,97.0,0.518
100.54,31833.8,34646.1,-0.67,-0.8719,145.6,97.0,0.518
100.56,31788.8,34695.1,-0.8525,-0.7514,145.6,97.0,0.518
100.58,31946.8,34657.1,-0.2127,-0.8449,145.6,97.0,0.518
100.6,31798.5,34627.2,-0.8132,-0.9185,145.6,97.0,0.518
100.62,31844.5,34536.6,-0.6271,-1.1412,145.6,97.0,0.518
100.64,31717.5,34385.6,-1.1408,-1.5129,145.6,97.0,0.518
100.66,31785.5,34452.5,-0.8656,-1.3481,145.6,97.0,0.518
100.68,31731.9,34616.4,-1.0824,-0.945,145.6,97.0,0.518
100.7,31896.2,34933.3,-0.4175,-0.1654,145.6,97.0,0.518
100.72,32092.2,35249.4,0.3754,0.6123,145.6,97.0,0.518
100.74,32265.9,35633.3,1.0783,1.5566,145.6,97.0,0.518
100.76,32409.0,35831.4,1.6574,2.0442,145.6,97.0,0.518
100.78,32370.1,35728.1,1.5001,1.7898,145.6,97.0,0.518
100.8,32226.5,35524.3,0.9192,1.2886,145.6,97.0,0.518
100.82,32126.0,35324.2,0.5124,0.7963,145.6,97.0,0.518
100.84,32033.1,35173.2,0.1362,0.4247,145.6,97.0,0.518
100.86,32022.3,35074.9,0.0926,0.1831,145.6,97.0,0.518
100.88,32024.7,35073.1,0.1025,0.1785,145.6,97.0,0.518
100.9,31943.9,34956.6,-0.2245,-0.1081,145.6,97.0,0.518
100.92,32042.2,34877.7,0.1733,-0.302,145.6,97.0,0.518
100.94,31955.0,34834.9,-0.1798,-0.4074,145.6,97.0,0.518
100.96,31765.4,34709.8,-0.9472,-0.7153,145.6,97.0,0.518
100.98,31753.0,34639.4,-0.9974,-0.8884,145.6,97.0,0.518
101.0,31810.1,34609.7,-0.7662,-0.9614,145.6,97.0,0.518
101.02,31755.2,34478.9,-0.9885,-1.2832,145.6,97.0,0.518
101.04,31747.4,34551.4,-1.0198,-1.1049,145.6,97.0,0.518
101.06,31780.9,34409.3,-0.8842,-1.4544,145.6,97.0,0.518
101.08,31728.9,34437.0,-1.0945,-1.3863,145.6,97.0,0.518
101.1,31884.8,34735.0,-0.4636,-0.6532,145.6,97.0,0.518
101.12,32108.7,35102.6,0.4423,0.2511,145.6,97.0,0.518
101.14,32174.6,35465.9,0.7092,1.145,145.6,97.0,0.518
101.16,32351.1,35650.5,1.4231,1.5992,145.6,97.0,0.518
101.18,32324.1,35783.2,1.3138,1.9255,145.6,97.0,0.518
101.2,32328.2,35624.8,1.3306,1.5359,145.6,97.0,0.518
101.22,32276.6,35493.0,1.1217,1.2115,145.6,97.0,0.518
101.24,32125.6,35276.1,0.5109,0.6781,145.6,97.0,0.518
101.26,32164.3,35171.3,0.6673,0.4201,145.6,97.0,0.518
101.28,32012.7,35088.5,0.0538,0.2166,145.6,97.0,0.518
101.3,31992.0,34990.9,-0.0299,-0.0237,145.6,97.0,0.518
101.32,31968.6,34925.5,-0.1247,-0.1846,145.6,97.0,0.518
101.34,31874.2,34883.6,-0.5067,-0.2877,145.6,97.0,0.518
101.36,31835.0,34737.7,-0.6654,-0.6465,145.6,97.0,0.518
101.38,31905.9,34690.2,-0.3783,-0.7635,145.6,97.0,0.518
101.4,31832.2,34672.2,-0.6767,-0.8076,145.6,97.0,0.518
101.42,31779.3,34665.5,-0.8909,-0.8241,145.6,97.0,0.518
101.44,31755.1,34518.0,-0.9887,-1.187,145.6,97.0,0.518
101.46,31766.2,34414.7,-0.9438,-1.4413,145.6,97.0,0.518
101.48,31726.9,34488.7,-1.1029,-1.2592,145.6,97.0,0.518
101.5,31810.1,34588.1,-0.7661,-1.0146,145.6,97.0,0.518
101.52,32015.0,34881.7,0.0629,-0.2922,145.6,97.0,0.518
101.54,32204.6,35193.0,0.8303,0.4735,145.6,97.0,0.518
101.56,32274.7,35505.2,1.1142,1.2415,145.6,97.0,0.518
101.58,32290.5,35811.2,1.1779,1.9943,145.6,97.0,0.518
101.6,32331.2,35747.8,1.3428,1.8384,145.6,97.0,0.518
101.62,32305.0,35670.3,1.2366,1.6478,145.6,97.0,0.518
101.64,32228.3,35349.9,0.9264,0.8594,145.6,97.0,0.518
101.66,32067.2,35231.8,0.2742,0.5689,145.6,97.0,0.518
101.68,32140.3,35099.6,0.5702,0.2438,145.6,97.0,0.518
101.7,32071.9,35008.7,0.2933,0.0202,145.6,97.0,0.518
101.72,32049.2,34912.7,0.2016,-0.2161,145.6,97.0,0.518
101.74,31969.4,34820.5,-0.1216,-0.4429,145.6,97.0,0.518
101.76,31980.1,34866.1,-0.0783,-0.3307,145.6,97.0,0.518
101.78,31789.3,34684.4,-0.8503,-0.7776,145.6,97.0,0.518
101.8,31840.7,34681.6,-0.6424,-0.7847,145.6,97.0,0.518
101.82,31823.6,34642.5,-0.7113,-0.8807,145.6,97.0,0.518
101.84,31868.0,34567.3,-0.5317,-1.0658,145.6,97.0,0.518
101.86,31793.6,34588.5,-0.8327,-1.0136,145.6,97.0,0.518
101.88,31710.8,34486.5,-1.1678,-1.2644,145.6,97.0,0.518
101.9,31852.1,34538.4,-0.5962,-1.1369,145.6,97.0,0.518
101.92,31892.9,34724.4,-0.4311,-0.6792,145.6,97.0,0.518
101.94,32016.4,34878.8,0.0687,-0.2993,145.6,97.0,0.518
101.96,32228.0,35344.3,0.9249,0.8457,145.6,97.0,0.518
101.98,32339.0,35736.8,1.3742,1.8115,145.6,97.0,0.518
102.0,32369.9,35647.6,1.4992,1.592,145.6,97.0,0.518
102.02,32255.6,35607.5,1.0368,1.4933,145.6,97.0,0.518
102.04,32320.1,35514.0,1.2977,1.2632,145.6,97.0,0.518
102.06,32226.9,35185.9,0.9206,0.4562,145.6,97.0,0.518
102.08,32045.1,35157.6,0.1849,0.3865,145.6,97.0,0.518
102.1,31965.3,35129.3,-0.1379,0.3168,145.6,97.0,0.518
102.12,32016.8,35004.1,0.0702,0.0089,145.6,97.0,0.518
102.14,32075.5,34929.3,0.3081,-0.1753,145.6,97.0,0.518
102.16,31901.4,34786.6,-0.3965,-0.5262,145.6,97.0,0.518
102.18,31897.0,34691.5,-0.4143,-0.7603,145.6,97.0,0.518
102.2,31895.6,34585.0,-0.4199,-1.0222,145.6,97.0,0.518
102.22,31842.5,34604.2,-0.6351,-0.9751,145.6,97.0,0.518
102.24,31831.0,34555.4,-0.6816,-1.095,145.6,97.0,0.518
102.26,31750.1,34449.6,-1.009,-1.3554,145.6,97.0,0.518
102.28,31780.7,34503.7,-0.8852,-1.2223,145.6,97.0,0.518
102.3,31695.2,34484.2,-1.231,-1.2703,145.6,97.0,0.518
102.32,31823.6,34459.1,-0.7113,-1.3319,145.6,97.0,0.518
102.34,31946.5,34808.2,-0.2139,-0.4731,145.6,97.0,0.518
102.36,32064.9,35098.0,0.2651,0.2397,145.6,97.0,0.518
102.38,32250.4,35486.0,1.0159,1.1943,145.6,97.0,0.518
102.4,32403.8,35733.5,1.6367,1.8032,145.6,97.0,0.518
102.42,32320.4,35780.0,1.2991,1.9176,145.6,97.0,0.518
102.44,32330.9,35605.7,1.3417,1.4889,145.6,97.0,0.518
102.46,32143.8,35470.3,0.5842,1.1558,145.6,97.0,0.518
102.48,32109.7,35181.6,0.4465,0.4454,145.6,97.0,0.518
102.5,32071.0,35115.0,0.2899,0.2817,145.6,97.0,0.518
102.52,32116.2,35136.9,0.4725,0.3356,145.6,97.0,0.518
102.54,32017.7,35016.4,0.0741,0.0391,145.6,97.0,0.518
102.56,32074.7,34909.4,0.3046,-0.2241,145.6,97.0,0.518
102.58,32020.8,34787.1,0.0867,-0.525,145.6,97.0,0.518
102.6,31928.0,34749.0,-0.2889,-0.6187,145.6,97.0,0.518
102.62,31918.5,34669.6,-0.3275,-0.8141,145.6,97.0,0.518
102.64,31767.5,34694.7,-0.9383,-0.7524,145.6,97.0,0.518
102.66,31950.3,34641.8,-0.1988,-0.8824,145.6,97.0,0.518
102.68,31782.4,34637.3,-0.8783,-0.8936,145.6,97.0,0.518
102.7,31766.1,34490.3,-0.9441,-1.2551,145.6,97.0,0.518
102.72,31695.2,34543.3,-1.2309,-1.1248,145.6,97.0,0.518
102.74,31708.6,34595.8,-1.1767,-0.9957,145.6,97.0,0.518
102.76,31984.8,34924.7,-0.0591,-0.1865,145.6,97.0,0.518
102.78,32180.3,35282.2,0.7322,0.6931,145.6,97.0,0.518
102.8,32230.5,35524.8,0.9351,1.2898,145.6,97.0,0.518
102.82,32399.6,35688.9,1.6195,1.6935,145.6,97.0,0.518
102.84,32323.0,35788.7,1.3095,1.9389,145.6,97.0,0.518
102.86,32375.3,35470.4,1.5212,1.1561,145.6,97.0,0.518
102.88,32106.7,35377.4,0.4341,0.9273,145.6,97.0,0.518
102.9,32079.8,35047.4,0.3252,0.1153,145.6,97.0,0.518
102.92,32117.5,35139.1,0.4778,0.3409,145.6,97.0,0.518
102.94,32000.8,35085.7,0.0056,0.2095,145.6,97.0,0.518
102.96,32021.0,34954.7,0.0876,-0.1126,145.6,97.0,0.518
102.98,31988.0,34901.3,-0.0463,-0.2441,145.6,97.0,0.518
103.0,31865.5,34763.5,-0.5419,-0.583,145.6,97.0,0.518
103.02,31931.0,34755.2,-0.277,-0.6034,145.6,97.0,0.518
103.04,31819.8,34640.8,-0.7268,-0.885,145.6,97.0,0.518
103.06,31899.6,34736.4,-0.4039,-0.6497,145.6,97.0,0.518
103.08,31802.7,34614.7,-0.7959,-0.9491,145.6,97.0,0.518
103.1,31748.4,34543.2,-1.0158,-1.1251,145.6,97.0,0.518
103.12,31758.7,34470.9,-0.9743,-1.303,145.6,97.0,0.518
103.14,31765.1,34417.8,-0.9482,-1.4337,145.6,97.0,0.518
103.16,31907.1,34687.4,-0.3736,-0.7702,145.6,97.0,0.518
103.18,32037.3,34985.7,0.1535,-0.0366,145.6,97.0,0.518
103.2,32226.9,35438.9,0.9205,1.0784,145.6,97.0,0.518
103.22,32384.3,35709.7,1.5575,1.7447,145.6,97.0,0.518
103.24,32304.6,35826.8,1.2353,2.0329,145.6,97.0,0.518
103.26,32239.7,35614.1,0.9725,1.5096,145.6,97.0,0.518
103.28,32292.0,35448.0,1.1842,1.1008,145.6,97.0,0.518
103.3,32207.8,35282.1,0.8435,0.6928,145.6,97.0,0.518
103.32,32109.9,35135.9,0.4472,0.333,145.6,97.0,0.518
103.34,32048.8,35072.8,0.1998,0.1777,145.6,97.0,0.518
103.36,32052.0,35071.9,0.213,0.1757,145.6,97.0,0.518
103.38,32058.0,34902.5,0.2372,-0.241,145.6,97.0,0.518
103.4,31921.0,34843.9,-0.3173,-0.3852,145.6,97.0,0.518
103.42,31874.6,34787.5,-0.505,-0.524,145.6,97.0,0.518
103.44,31752.3,34626.0,-1.0,-0.9214,145.6,97.0,0.518
103.46,31865.6,34726.0,-0.5415,-0.6754,145.6,97.0,0.518
103.48,31823.9,34631.1,-0.7102,-0.9087,145.6,97.0,0.518
103.5,31748.6,34563.0,-1.015,-1.0764,145.6,97.0,0.518
103.52,31776.1,34540.8,-0.9035,-1.1311,145.6,97.0,0.518
103.54,31759.0,34466.9,-0.973,-1.3128,145.6,97.0,0.518
103.56,31834.1,34510.3,-0.6692,-1.2059,145.6,97.0,0.518
103.58,31908.7,34820.0,-0.3672,-0.4442,145.6,97.0,0.518
103.6,32132.2,35307.6,0.5375,0.7554,145.6,97.0,0.518
103.62,32189.4,35507.4,0.7688,1.2469,145.6,97.0,0.518
103.64,32342.4,35765.0,1.3882,1.8807,145.6,97.0,0.518
103.66,32353.2,35708.2,1.4316,1.7411,145.6,97.0,0.518
103.68,32165.8,35537.5,0.6734,1.3209,145.6,97.0,0.518
103.7,32134.5,35307.1,0.5465,0.7543,145.6,97.0,0.518
103.72,32093.8,35244.2,0.3819,0.5996,145.6,97.0,0.518
103.74,32182.3,35054.1,0.7402,0.1317,145.6,97.0,0.518
103.76,32038.0,35037.4,0.156,0.0909,145.6,97.0,0.518
103.78,32035.4,35034.8,0.1458,0.0843,145.6,97.0,0.518
103.8,31987.9,34939.0,-0.0465,-0.1514,145.6,97.0,0.518
103.82,31909.0,34707.7,-0.3658,-0.7203,145.6,97.0,0.518
103.84,31902.2,34752.0,-0.3934,-0.6113,145.6,97.0,0.518
103.86,31907.2,34698.4,-0.3733,-0.7432,145.6,97.0,0.518
103.88,31783.8,34630.0,-0.8724,-0.9116,145.6,97.0,0.518
103.9,31798.5,34602.4,-0.8129,-0.9793,145.6,97.0,0.518
103.92,31695.2,34595.1,-1.2311,-0.9975,145.6,97.0,0.518
103.94,31711.0,34497.5,-1.1671,-1.2374,145.6,97.0,0.518
103.96,31718.6,34433.5,-1.1363,-1.395,145.6,97.0,0.518
103.98,31798.7,34643.2,-0.8122,-0.879,145.6,97.0,0.518
104.0,31994.6,35034.7,-0.0195,0.0841,145.6,97.0,0.518
104.02,32137.6,35387.5,0.5593,0.9521,145.6,97.0,0.518
104.04,32296.6,35598.1,1.2026,1.4701,145.6,97.0,0.518
104.06,32356.4,35735.3,1.4446,1.8077,145.6,97.0,0.518
104.08,32345.3,35657.5,1.3999,1.6162,145.6,97.0,0.518
104.1,32289.7,35375.8,1.1748,0.9233,145.6,97.0,0.518
104.12,32101.2,35259.0,0.4118,0.6359,145.6,97.0,0.518
104.14,32119.0,35194.0,0.4842,0.4759,145.6,97.0,0.518
104.16,32041.7,35141.4,0.1711,0.3465,145.6,97.0,0.518
104.18,32040.1,35000.2,0.1646,-0.0007,145.6,97.0,0.518
104.2,32023.0,34984.7,0.0955,-0.0388,145.6,97.0,0.518
104.22,31896.7,34992.3,-0.4155,-0.0201,145.6,97.0,0.518
104.24,31953.6,34777.7,-0.1855,-0.5481,145.6,97.0,0.518
104.26,31907.5,34634.7,-0.3718,-0.9,145.6,97.0,0.518
104.28,31886.2,34672.5,-0.4583,-0.8069,145.6,97.0,0.518
104.3,31840.9,34623.6,-0.6413,-0.9272,145.6,97.0,0.518
104.32,31779.8,34575.0,-0.8887,-1.0469,145.6,97.0,0.518
104.34,31720.7,34405.2,-1.1279,-1.4645,145.6,97.0,0.518
104.36,31713.3,34389.6,-1.1578,-1.503,145.6,97.0,0.518
104.38,31680.9,34421.8,-1.289,-1.4238,145.6,97.0,0.518
104.4,31870.3,34764.5,-0.5225,-0.5806,145.6,97.0,0.518
104.42,31992.1,35114.3,-0.0296,0.2798,145.6,97.0,0.518
104.44,32245.0,35513.9,0.9938,1.263,145.6,97.0,0.518
104.46,32245.6,35690.2,0.9962,1.6967,145.6,97.0,0.518
104.48,32360.4,35687.3,1.461,1.6896,145.6,97.0,0.518
104.5,32300.2,35607.8,1.2171,1.494,145.6,97.0,0.518
104.52,32256.5,35377.1,1.0406,0.9264,145.6,97.0,0.518
104.54,32115.0,35259.2,0.4677,0.6365,145.6,97.0,0.518
104.56,32015.5,35147.5,0.0652,0.3615,145.6,97.0,0.518
104.58,31958.8,35057.2,-0.1643,0.1393,145.6,97.0,0.518
104.6,31966.1,35072.4,-0.1347,0.1769,145.6,97.0,0.518
104.62,31981.6,34938.7,-0.0719,-0.152,145.6,97.0,0.518
104.64,31905.3,34759.5,-0.3807,-0.593,145.6,97.0,0.518
104.66,31811.6,34649.0,-0.7602,-0.8647,145.6,97.0,0.518
104.68,31927.2,34710.9,-0.2922,-0.7124,145.6,97.0,0.518
104.7,31884.1,34662.4,-0.4668,-0.8318,145.6,97.0,0.518
104.72,31804.1,34661.7,-0.7903,-0.8335,145.6,97.0,0.518
104.74,31853.7,34627.9,-0.5897,-0.9166,145.6,97.0,0.518
104.76,31701.1,34467.2,-1.2072,-1.3121,145.6,97.0,0.518
104.78,31689.8,34448.6,-1.2528,-1.3579,145.6,97.0,0.518
104.8,31798.6,34544.0,-0.8126,-1.1231,145.6,97.0,0.518
104.82,32002.2,34881.5,0.0113,-0.2927,145.6,97.0,0.518
104.84,32136.0,35240.8,0.5528,0.591,145.6,97.0,0.518
104.86,32346.1,35586.2,1.4029,1.4408,145.6,97.0,0.518
104.88,32387.5,35751.9,1.5706,1.8486,145.6,97.0,0.518
104.9,32336.2,35677.5,1.3631,1.6654,145.6,97.0,0.518
104.92,32325.6,35532.7,1.3202,1.3093,145.6,97.0,0.518
104.94,32170.0,35253.9,0.6904,0.6234,145.6,97.0,0.518
104.96,32153.3,35118.1,0.6229,0.2892,145.6,97.0,0.518
104.98,32000.4,35053.5,0.004,0.1305,145.6,97.0,0.518
105.0,31934.0,35095.0,-0.2646,0.2324,145.6,97.0,0.518
105.02,31904.8,34887.7,-0.383,-0.2775,145.6,97.0,0.518
105.04,32003.1,34899.4,0.0151,-0.2489,145.6,97.0,0.518
105.06,31896.6,34784.0,-0.4162,-0.5327,145.6,97.0,0.518
105.08,31845.0,34709.3,-0.625,-0.7165,145.6,97.0,0.518
105.1,31860.6,34659.7,-0.5616,-0.8384,145.6,97.0,0.518
105.12,31829.8,34637.6,-0.6863,-0.8929,145.6,97.0,0.518
105.14,31818.1,34531.3,-0.7336,-1.1542,145.6,97.0,0.518
105.16,31810.4,34531.8,-0.7647,-1.153,145.6,97.0,0.518
105.18,31724.4,34436.3,-1.113,-1.388,145.6,97.0,0.518
105.2,31800.0,34502.4,-0.807,-1.2254,145.6,97.0,0.518
105.22,31827.3,34670.8,-0.6966,-0.8112,145.6,97.0,0.518
105.24,32008.7,35086.6,0.0376,0.2118,145.6,97.0,0.518
105.26,32146.9,35433.2,0.597,1.0645,145.6,97.0,0.518
105.28,32440.8,35747.8,1.7863,1.8384,145.6,97.0,0.518
105.3,32348.1,35756.9,1.4112,1.8608,145.6,97.0,0.518
105.32,32290.7,35528.0,1.1787,1.2978,145.6,97.0,0.518
105.34,32216.0,35477.9,0.8766,1.1744,145.6,97.0,0.518
105.36,32104.9,35245.9,0.4271,0.6036,145.6,97.0,0.518
105.38,32050.3,35226.9,0.2059,0.5569,145.6,97.0,0.518
105.4,32161.1,35091.4,0.6544,0.2236,145.6,97.0,0.518
105.42,31954.1,34950.8,-0.1833,-0.1224,145.6,97.0,0.518
105.44,31964.0,34920.2,-0.1434,-0.1977,145.6,97.0,0.518
105.46,31890.9,34858.1,-0.4392,-0.3505,145.6,97.0,0.518
105.48,31868.9,34772.6,-0.5283,-0.5606,145.6,97.0,0.518
105.5,31832.2,34686.0,-0.6767,-0.7737,145.6,97.0,0.518
105.52,31931.8,34667.3,-0.2737,-0.8197,145.6,97.0,0.518
105.54,31848.7,34532.7,-0.6098,-1.1509,145.6,97.0,0.518
105.56,31776.6,34606.6,-0.9017,-0.9691,145.6,97.0,0.518
105.58,31778.6,34449.4,-0.8934,-1.3558,145.6,97.0,0.518
105.6,31776.0,34549.1,-0.9039,-1.1106,145.6,97.0,0.518
105.62,31733.0,34592.7,-1.0781,-1.0033,145.6,97.0,0.518
105.64,31923.2,34790.5,-0.3082,-0.5166,145.6,97.0,0.518
105.66,32045.4,35207.3,0.186,0.5087,145.6,97.0,0.518
105.68,32272.4,35490.7,1.1048,1.2058,145.6,97.0,0.518
105.7,32300.3,35705.9,1.2176,1.7353,145.6,97.0,0.518
105.72,32377.1,35738.7,1.5286,1.816,145.6,97.0,0.518
105.74,32267.2,35605.0,1.0838,1.4872,145.6,97.0,0.518
105.76,32159.6,35432.6,0.6481,1.0631,145.6,97.0,0.518
105.78,32045.7,35194.3,0.1873,0.4769,145.6,97.0,0.518
105.8,32082.6,35106.4,0.3365,0.2605,145.6,97.0,0.518
105.82,32060.8,35068.6,0.2483,0.1674,145.6,97.0,0.518
105.84,32029.6,34996.9,0.1222,-0.009,145.6,97.0,0.518
105.86,31965.0,34958.5,-0.1392,-0.1033,145.6,97.0,0.518
105.88,32029.0,34811.9,0.1199,-0.464,145.6,97.0,0.518
105.9,31886.1,34716.5,-0.4585,-0.6988,145.6,97.0,0.518
105.92,31817.7,34607.2,-0.7354,-0.9675,145.6,97.0,0.518
105.94,31796.0,34678.0,-0.823,-0.7935,145.6,97.0,0.518
105.96,31899.0,34558.9,-0.4064,-1.0864,145.6,97.0,0.518
105.98,31867.3,34676.7,-0.5344,-0.7966,145.6,97.0,0.518
106.0,31813.4,34420.3,-0.7526,-1.4275,145.6,97.0,0.518
106.02,31845.3,34547.1,-0.6235,-1.1155,145.6,97.0,0.518
106.04,31867.2,34689.3,-0.535,-0.7655,145.6,97.0,0.518
106.06,31921.6,34900.2,-0.3148,-0.2467,145.6,97.0,0.518
106.08,32224.4,35320.2,0.9107,0.7865,145.6,97.0,0.518
106.1,32369.0,35562.9,1.4958,1.3835,145.6,97.0,0.518
106.12,32374.8,35702.5,1.5193,1.7269,145.6,97.0,0.518
106.14,32420.2,35644.9,1.7028,1.5853,145.6,97.0,0.518
106.16,32215.9,35456.2,0.8761,1.121,145.6,97.0,0.518
106.18,32179.5,35224.5,0.7287,0.551,145.6,97.0,0.518
106.2,32072.7,35126.7,0.2966,0.3105,145.6,97.0,0.518
106.22,32025.5,35075.5,0.1057,0.1845,145.6,97.0,0.518
106.24,32106.7,34997.7,0.4342,-0.0068,145.6,97.0,0.518
106.26,32000.7,35002.3,0.0051,0.0044,145.6,97.0,0.518
106.28,31868.8,34839.9,-0.5287,-0.3952,145.6,97.0,0.518
106.3,31895.9,34713.6,-0.4187,-0.7058,145.6,97.0,0.518
106.32,31821.1,34676.3,-0.7217,-0.7977,145.6,97.0,0.518
106.34,31851.1,34643.3,-0.6,-0.8789,145.6,97.0,0.518
106.36,31821.3,34664.5,-0.7207,-0.8266,145.6,97.0,0.518
106.38,31839.7,34574.9,-0.6463,-1.047,145.6,97.0,0.518
106.4,31763.6,34530.7,-0.9545,-1.1559,145.6,97.0,0.518
106.42,31731.6,34395.2,-1.0837,-1.4893,145.6,97.0,0.518
106.44,31737.9,34564.0,-1.0582,-1.074,145.6,97.0,0.518
106.46,31894.8,34738.8,-0.4234,-0.6439,145.6,97.0,0.518
106.48,32009.1,35124.4,0.0392,0.3047,145.6,97.0,0.518
106.5,32260.7,35516.0,1.0575,1.2681,145.6,97.0,0.518
106.52,32334.1,35615.9,1.3543,1.5139,145.6,97.0,0.518
106.54,32355.7,35760.1,1.4418,1.8688,145.6,97.0,0.518
106.56,32292.9,35623.1,1.1878,1.5316,145.6,97.0,0.518
106.58,32196.3,35444.2,0.7969,1.0916,145.6,97.0,0.518
106.6,32090.2,35250.0,0.3676,0.6138,145.6,97.0,0.518
106.62,32041.3,35126.3,0.1697,0.3095,145.6,97.0,0.518
106.64,32098.2,35170.2,0.3997,0.4174,145.6,97.0,0.518
106.66,32048.1,35008.5,0.1972,0.0197,145.6,97.0,0.518
106.68,31984.3,34990.3,-0.0611,-0.0251,145.6,97.0,0.518
106.7,31841.3,34816.4,-0.6399,-0.453,145.6,97.0,0.518
106.72,31901.3,34734.5,-0.397,-0.6544,145.6,97.0,0.518
106.74,31817.4,34650.4,-0.7365,-0.8614,145.6,97.0,0.518
106.76,31834.0,34646.5,-0.6694,-0.871,145.6,97.0,0.518
106.78,31839.5,34620.7,-0.6473,-0.9344,145.6,97.0,0.518
106.8,31768.2,34562.3,-0.9357,-1.0779,145.6,97.0,0.518
106.82,31779.6,34408.2,-0.8897,-1.4572,145.6,97.0,0.518
106.84,31767.2,34441.1,-0.9396,-1.3762,145.6,97.0,0.518
106.86,31803.6,34546.6,-0.7924,-1.1167,145.6,97.0,0.518
106.88,31963.4,34873.3,-0.1458,-0.313,145.6,97.0,0.518
106.9,32124.8,35215.8,0.5075,0.5297,145.6,97.0,0.518
106.92,32293.1,35606.6,1.1885,1.491,145.6,97.0,0.518
106.94,32413.1,35801.0,1.6743,1.9693,145.6,97.0,0.518
106.96,32331.5,35645.4,1.3439,1.5865,145.6,97.0,0.518
106.98,32289.3,35572.7,1.1732,1.4077,145.6,97.0,0.518
107.0,32200.3,35268.8,0.813,0.6599,145.6,97.0,0.518
107.02,32053.5,35170.9,0.2189,0.4191,145.6,97.0,0.518
107.04,32067.5,35048.4,0.2756,0.1178,145.6,97.0,0.518
107.06,32021.2,35006.0,0.0882,0.0135,145.6,97.0,0.518
107.08,31982.9,34961.2,-0.0669,-0.0967,145.6,97.0,0.518
107.1,31933.0,34858.1,-0.2688,-0.3505,145.6,97.0,0.518
107.12,31948.4,34785.3,-0.2062,-0.5295,145.6,97.0,0.518
107.14,31821.8,34710.1,-0.7188,-0.7146,145.6,97.0,0.518
107.16,31906.1,34578.2,-0.3778,-1.039,145.6,97.0,0.518
107.18,31770.5,34588.2,-0.9265,-1.0143,145.6,97.0,0.518
107.2,31835.2,34521.6,-0.6647,-1.1781,145.6,97.0,0.518
107.22,31825.5,34551.2,-0.7037,-1.1053,145.6,97.0,0.518
107.24,31795.4,34415.4,-0.8256,-1.4395,145.6,97.0,0.518
107.26,31799.9,34474.2,-0.8075,-1.2948,145.6,97.0,0.518
107.28,31928.1,34696.9,-0.2885,-0.747,145.6,97.0,0.518
107.3,31938.9,34988.7,-0.2447,-0.0291,145.6,97.0,0.518
107.32,32155.8,35439.0,0.6329,1.0789,145.6,97.0,0.518
107.34,32404.4,35676.4,1.6391,1.6629,145.6,97.0,0.518
107.36,32298.5,35758.0,1.2103,1.8634,145.6,97.0,0.518
107.38,32339.8,35574.3,1.3776,1.4117,145.6,97.0,0.518
107.4,32202.2,35454.9,0.8207,1.1178,145.6,97.0,0.518
107.42,32108.6,35274.8,0.4418,0.6747,145.6,97.0,0.518
107.44,32062.0,35189.1,0.2533,0.4638,145.6,97.0,0.518
107.46,32123.2,35045.4,0.5012,0.1105,145.6,97.0,0.518
107.48,32122.3,35104.4,0.4972,0.2555,145.6,97.0,0.518
107.5,31935.6,34985.2,-0.2582,-0.0378,145.6,97.0,0.518
107.52,31907.8,34872.6,-0.3709,-0.3146,145.6,97.0,0.518
107.54,31877.5,34787.2,-0.4935,-0.5247,145.6,97.0,0.518
107.56,31875.3,34736.8,-0.5021,-0.6489,145.6,97.0,0.518
107.58,31834.4,34667.1,-0.6676,-0.8203,145.6,97.0,0.518
107.6,31785.6,34594.4,-0.8652,-0.9991,145.6,97.0,0.518
107.62,31756.5,34582.8,-0.983,-1.0276,145.6,97.0,0.518
107.64,31666.5,34546.5,-1.3472,-1.117,145.6,97.0,0.518
107.66,31751.6,34474.2,-1.003,-1.2949,145.6,97.0,0.518
107.68,31745.9,34566.8,-1.0259,-1.067,145.6,97.0,0.518
107.7,31917.0,34813.6,-0.3334,-0.4599,145.6,97.0,0.518
107.72,32158.5,35165.6,0.6437,0.4061,145.6,97.0,0.518
107.74,32241.9,35522.6,0.9815,1.2844,145.6,97.0,0.518
107.76,32359.5,35760.0,1.4572,1.8684,145.6,97.0,0.518
107.78,32303.8,35710.4,1.2318,1.7465,145.6,97.0,0.518
107.8,32229.7,35554.4,0.9318,1.3627,145.6,97.0,0.518
107.82,32169.5,35367.2,0.6881,0.9021,145.6,97.0,0.518
107.84,32120.0,35190.1,0.4879,0.4664,145.6,97.0,0.518
107.86,31991.1,35022.9,-0.0337,0.055,145.6,97.0,0.518
107.88,32070.3,35148.0,0.2871,0.3628,145.6,97.0,0.518
107.9,31992.0,35056.4,-0.0301,0.1376,145.6,97.0,0.518
107.92,32010.6,34899.8,0.0451,-0.2477,145.6,97.0,0.518
107.94,31836.6,34749.2,-0.6588,-0.6182,145.6,97.0,0.518
107.96,31763.1,34648.4,-0.9561,-0.8663,145.6,97.0,0.518
107.98,31762.6,34620.4,-0.9582,-0.9352,145.6,97.0,0.518
108.0,31848.7,34674.5,-0.6099,-0.8021,145.6,97.0,0.518
108.02,31812.8,34523.2,-0.755,-1.1743,145.6,97.0,0.518
108.04,31791.1,34506.5,-0.8431,-1.2153,145.6,97.0,0.518
108.06,31706.3,34436.6,-1.1862,-1.3872,145.6,97.0,0.518
108.08,31694.8,34502.3,-1.2327,-1.2257,145.6,97.0,0.518
108.1,31899.8,34549.0,-0.4031,-1.1108,145.6,97.0,0.518
108.12,31943.7,34967.7,-0.2256,-0.0807,145.6,97.0,0.518
108.14,32183.4,35298.0,0.7444,0.7318,145.6,97.0,0.518
108.16,32312.9,35574.4,1.2687,1.4119,145.6,97.0,0.518
108.18,32346.0,35772.2,1.4024,1.8985,145.6,97.0,0.518
108.2,32362.3,35637.6,1.4684,1.5673,145.6,97.0,0.518
108.22,32187.8,35490.1,0.7622,1.2046,145.6,97.0,0.518
108.24,32094.9,35421.6,0.3863,1.036,145.6,97.0,0.518
108.26,32007.7,35240.4,0.0335,0.5901,145.6,97.0,0.518
108.28,32059.8,35121.8,0.2443,0.2985,145.6,97.0,0.518
108.3,32075.9,35023.4,0.3094,0.0563,145.6,97.0,0.518
108.32,31986.8,35073.3,-0.0512,0.1791,145.6,97.0,0.518
108.34,31989.5,34818.2,-0.0401,-0.4484,145.6,97.0,0.518
108.36,31879.3,34752.6,-0.486,-0.61,145.6,97.0,0.518
108.38,31921.7,34686.9,-0.3146,-0.7715,145.6,97.0,0.518
108.4,31770.7,34703.6,-0.9257,-0.7304,145.6,97.0,0.518
108.42,31835.9,34683.1,-0.6615,-0.7808,145.6,97.0,0.518
108.44,31895.5,34630.0,-0.4203,-0.9116,145.6,97.0,0.518
108.46,31700.5,34514.2,-1.2097,-1.1965,145.6,97.0,0.518
108.48,31754.0,34490.1,-0.9932,-1.2557,145.6,97.0,0.518
108.5,31798.5,34564.8,-0.8129,-1.0718,145.6,97.0,0.518
108.52,31975.2,34714.3,-0.0981,-0.7041,145.6,97.0,0.518
108.54,32000.1,35151.7,0.0028,0.372,145.6,97.0,0.518
108.56,32151.5,35458.8,0.6154,1.1274,145.6,97.0,0.518
108.58,32355.9,35651.6,1.4428,1.6019,145.6,97.0,0.518
108.6,32336.9,35740.7,1.3657,1.8209,145.6,97.0,0.518
108.62,32333.2,35633.1,1.3507,1.5561,145.6,97.0,0.518
108.64,32143.8,35399.2,0.5843,0.9808,145.6,97.0,0.518
108.66,32096.7,35220.0,0.3936,0.54,145.6,97.0,0.518
108.68,32086.6,35136.6,0.353,0.3349,145.6,97.0,0.518
108.7,32043.8,35158.3,0.1797,0.3883,145.6,97.0,0.518
108.72,32080.6,35013.7,0.3285,0.0324,145.6,97.0,0.518
108.74,31904.7,34913.6,-0.3831,-0.2139,145.6,97.0,0.518
108.76,31893.6,34807.9,-0.4284,-0.474,145.6,97.0,0.518
108.78,31914.2,34763.6,-0.345,-0.5828,145.6,97.0,0.518
108.8,31876.0,34694.7,-0.4993,-0.7523,145.6,97.0,0.518
108.82,31848.0,34749.5,-0.6127,-0.6176,145.6,97.0,0.518
108.84,31875.1,34564.0,-0.5031,-1.0739,145.6,97.0,0.518
108.86,31787.2,34510.7,-0.859,-1.205,145.6,97.0,0.518
108.88,31732.8,34523.5,-1.0789,-1.1736,145.6,97.0,0.518
108.9,31717.9,34463.3,-1.1393,-1.3215,145.6,97.0,0.518
108.92,31809.8,34709.6,-0.7671,-0.7158,145.6,97.0,0.518
108.94,32017.7,34952.4,0.0738,-0.1184,145.6,97.0,0.518
108.96,32119.2,35192.1,0.4849,0.4714,145.6,97.0,0.518
108.98,32257.1,35541.9,1.0429,1.3318,145.6,97.0,0.518
109.0,32353.8,35806.2,1.434,1.982,145.6,97.0,0.518
109.02,32327.2,35685.1,1.3267,1.6841,145.6,97.0,0.518
109.04,32213.0,35489.3,0.8643,1.2024,145.6,97.0,0.518
109.06,32142.0,35296.3,0.5772,0.7277,145.6,97.0,0.518
109.08,32116.0,35157.6,0.4717,0.3864,145.6,97.0,0.518
109.1,32023.1,35102.2,0.0961,0.2502,145.6,97.0,0.518
109.12,31967.6,35075.4,-0.1286,0.1842,145.6,97.0,0.518
109.14,32057.0,34971.4,0.2329,-0.0716,145.6,97.0,0.518
109.16,32034.6,34863.4,0.1424,-0.3373,145.6,97.0,0.518
109.18,31868.4,34753.5,-0.5303,-0.6076,145.6,97.0,0.518
109.2,31845.4,34608.5,-0.6231,-0.9644,145.6,97.0,0.518
109.22,31868.2,34637.1,-0.5311,-0.894,145.6,97.0,0.518
109.24,31779.0,34601.4,-0.8921,-0.982,145.6,97.0,0.518
109.26,31931.6,34594.3,-0.2744,-0.9992,145.6,97.0,0.518
109.28,31811.7,34465.3,-0.7596,-1.3166,145.6,97.0,0.518
109.3,31577.0,34492.3,-1.7095,-1.2503,145.6,97.0,0.518
109.32,31676.2,34480.3,-1.3079,-1.2799,145.6,97.0,0.518
109.34,31953.4,34759.5,-0.1861,-0.593,145.6,97.0,0.518
109.36,31972.4,35031.6,-0.1095,0.0765,145.6,97.0,0.518
109.38,32194.7,35347.5,0.7903,0.8535,145.6,97.0,0.518
109.4,32306.6,35800.5,1.2431,1.968,145.6,97.0,0.518
109.42,32391.7,35843.4,1.5877,2.0737,145.6,97.0,0.518
109.44,32312.5,35678.9,1.2669,1.6689,145.6,97.0,0.518
109.46,32305.0,35387.4,1.2366,0.9519,145.6,97.0,0.518
109.48,32185.8,35314.9,0.7542,0.7733,145.6,97.0,0.518
109.5,32107.6,35128.5,0.4379,0.3147,145.6,97.0,0.518
109.52,32030.1,35034.6,0.1242,0.0838,145.6,97.0,0.518
109.54,32017.1,34988.7,0.0715,-0.0292,145.6,97.0,0.518
109.56,32039.4,34933.6,0.1618,-0.1645,145.6,97.0,0.518
109.58,31906.5,34821.2,-0.3759,-0.4413,145.6,97.0,0.518
109.6,31838.6,34687.6,-0.651,-0.7698,145.6,97.0,0.518
109.62,31923.9,34712.6,-0.3055,-0.7083,145.6,97.0,0.518
109.64,31836.6,34684.6,-0.659,-0.7772,145.6,97.0,0.518
109.66,31796.7,34672.4,-0.8202,-0.8072,145.6,97.0,0.518
109.68,31769.8,34572.1,-0.9293,-1.0539,145.6,97.0,0.518
109.7,31642.5,34435.2,-1.4444,-1.3908,145.6,97.0,0.518
109.72,31747.8,34500.4,-1.0184,-1.2305,145.6,97.0,0.518
109.74,31785.2,34545.7,-0.8667,-1.1189,145.6,97.0,0.518
109.76,31988.7,34851.3,-0.0433,-0.3671,145.6,97.0,0.518
109.78,32110.4,35196.5,0.4492,0.4822,145.6,97.0,0.518
109.8,32249.8,35556.0,1.0133,1.3665,145.6,97.0,0.518
109.82,32382.4,35827.1,1.55,2.0336,145.6,97.0,0.518
109.84,32373.8,35747.0,1.515,1.8364,145.6,97.0,0.518
109.86,32275.8,35554.2,1.1186,1.362,145.6,97.0,0.518
109.88,32156.1,35353.1,0.634,0.8675,145.6,97.0,0.518
109.9,32077.1,35186.1,0.3145,0.4565,145.6,97.0,0.518
109.92,32030.6,35147.2,0.1263,0.3609,145.6,97.0,0.518
109.94,32145.1,35094.3,0.5895,0.2307,145.6,97.0,0.518
109.96,32038.1,34987.5,0.1567,-0.032,145.6,97.0,0.518
109.98,31933.0,34931.2,-0.2686,-0.1706,145.6,97.0,0.518
110.0,31902.8,34782.2,-0.3909,-0.537,145.6,97.0,0.518
110.02,31878.1,34719.3,-0.4908,-0.6919,145.6,97.0,0.518
110.04,31811.3,34657.1,-0.761,-0.8448,145.6,97.0,0.518
110.06,31846.5,34653.7,-0.6187,-0.8532,145.6,97.0,0.518
110.08,31857.7,34589.1,-0.5734,-1.0121,145.6,97.0,0.518
110.1,31729.9,34545.1,-1.0908,-1.1203,145.6,97.0,0.518
110.12,31804.1,34500.7,-0.7903,-1.2296,145.6,97.0,0.518
110.14,31707.2,34472.9,-1.1825,-1.298,145.6,97.0,0.518
110.16,31830.9,34691.3,-0.6821,-0.7606,145.6,97.0,0.518
110.18,31936.3,34926.1,-0.2553,-0.1831,145.6,97.0,0.518
110.2,32193.9,35418.9,0.7872,1.0294,145.6,97.0,0.518
110.22,32259.2,35640.4,1.0515,1.5742,145.6,97.0,0.518
110.24,32446.9,35820.3,1.8109,2.0167,145.6,97.0,0.518
110.26,32323.5,35627.1,1.3116,1.5416,145.6,97.0,0.518
110.28,32215.2,35521.8,0.8734,1.2826,145.6,97.0,0.518
110.3,32126.4,35313.7,0.5138,0.7705,145.6,97.0,0.518
110.32,32092.4,35224.9,0.3762,0.552,145.6,97.0,0.518
110.34,32089.9,35143.9,0.3663,0.3528,145.6,97.0,0.518
110.36,32022.8,35005.8,0.0946,0.0131,145.6,97.0,0.518
110.38,31869.3,35004.0,-0.5267,0.0085,145.6,97.0,0.518
110.4,31868.8,34841.2,-0.5285,-0.3919,145.6,97.0,0.518
110.42,31899.7,34694.3,-0.4033,-0.7534,145.6,97.0,0.518
110.44,31816.3,34739.1,-0.7411,-0.6431,145.6,97.0,0.518
110.46,31888.8,34678.9,-0.4477,-0.7912,145.6,97.0,0.518
110.48,31855.9,34649.3,-0.5806,-0.8641,145.6,97.0,0.518
110.5,31835.5,34584.8,-0.6631,-1.0227,145.6,97.0,0.518
110.52,31782.3,34502.0,-0.8784,-1.2265,145.6,97.0,0.518
110.54,31705.8,34473.7,-1.1883,-1.296,145.6,97.0,0.518
110.56,31756.4,34549.4,-0.9833,-1.1097,145.6,97.0,0.518
110.58,31830.3,34728.0,-0.6846,-0.6705,145.6,97.0,0.518
110.6,32036.4,35143.0,0.1496,0.3506,145.6,97.0,0.518
110.62,32192.6,35536.8,0.7819,1.3193,145.6,97.0,0.518
110.64,32353.3,35742.7,1.4323,1.8258,145.6,97.0,0.518
110.66,32317.6,35743.2,1.2879,1.8272,145.6,97.0,0.518
110.68,32332.6,35669.5,1.3485,1.6457,145.6,97.0,0.518
110.7,32115.5,35319.1,0.4698,0.7838,145.6,97.0,0.518
110.72,32062.0,35203.4,0.2534,0.4992,145.6,97.0,0.518
110.74,32120.8,35104.8,0.4914,0.2566,145.6,97.0,0.518
110.76,32050.6,35102.1,0.207,0.25,145.6,97.0,0.518
110.78,31975.8,34999.0,-0.0957,-0.0038,145.6,97.0,0.518
110.8,31975.9,34836.7,-0.0952,-0.4031,145.6,97.0,0.518
110.82,32020.7,34811.5,0.0861,-0.4649,145.6,97.0,0.518
110.84,31866.4,34795.9,-0.5382,-0.5033,145.6,97.0,0.518
110.86,31846.9,34681.5,-0.6172,-0.7849,145.6,97.0,0.518
110.88,31839.6,34576.7,-0.6468,-1.0427,145.6,97.0,0.518
110.9,31887.2,34599.8,-0.4543,-0.9858,145.6,97.0,0.518
110.92,31836.0,34557.7,-0.6613,-1.0894,145.6,97.0,0.518
110.94,31848.2,34550.9,-0.6118,-1.1061,145.6,97.0,0.518
110.96,31832.6,34432.4,-0.6749,-1.3977,145.6,97.0,0.518
110.98,31843.8,34553.4,-0.6299,-1.1,145.6,97.0,0.518
111.0,31993.7,34861.1,-0.0232,-0.3429,145.6,97.0,0.518
111.02,32135.7,35318.3,0.5517,0.7818,145.6,97.0,0.518
111.04,32295.5,35638.8,1.1981,1.5703,145.6,97.0,0.518
111.06,32373.0,35779.3,1.512,1.916,145.6,97.0,0.518
111.08,32412.0,35722.4,1.6699,1.7758,145.6,97.0,0.518
111.1,32345.3,35501.0,1.3999,1.2312,145.6,97.0,0.518
111.12,32144.5,35316.9,0.5871,0.7783,145.6,97.0,0.518
111.14,32045.2,35160.8,0.1852,0.3943,145.6,97.0,0.518
111.16,32179.2,35152.9,0.7275,0.3749,145.6,97.0,0.518
111.18,32013.6,34963.8,0.0575,-0.0902,145.6,97.0,0.518
111.2,31944.9,34930.9,-0.2204,-0.1713,145.6,97.0,0.518
111.22,31921.8,34820.4,-0.3139,-0.4432,145.6,97.0,0.518
111.24,31860.3,34757.9,-0.5628,-0.5968,145.6,97.0,0.518
111.26,31906.0,34615.1,-0.3782,-0.9481,145.6,97.0,0.518
111.28,31779.9,34709.8,-0.8883,-0.7153,145.6,97.0,0.518
111.3,31811.3,34665.5,-0.7612,-0.8242,145.6,97.0,0.518
111.32,31800.2,34606.5,-0.8062,-0.9694,145.6,97.0,0.518
111.34,31762.2,34556.1,-0.9599,-1.0934,145.6,97.0,0.518
111.36,31798.2,34436.9,-0.8144,-1.3866,145.6,97.0,0.518
111.38,31738.8,34513.0,-1.0545,-1.1992,145.6,97.0,0.518
111.4,31816.5,34647.8,-0.7404,-0.8677,145.6,97.0,0.518
111.42,32037.0,35021.3,0.152,0.051,145.6,97.0,0.518
111.44,32203.7,35435.7,0.8268,1.0707,145.6,97.0,0.518
111.46,32285.0,35679.6,1.1559,1.6708,145.6,97.0,0.518
111.48,32259.7,35792.1,1.0533,1.9474,145.6,97.0,0.518
111.5,32327.1,35579.3,1.326,1.4238,145.6,97.0,0.518
111.52,32163.3,35471.2,0.6631,1.1581,145.6,97.0,0.518
111.54,32136.6,35277.3,0.5553,0.681,145.6,97.0,0.518
111.56,32104.6,35054.0,0.4257,0.1316,145.6,97.0,0.518
111.58,31998.7,35059.9,-0.0028,0.146,145.6,97.0,0.518
111.6,31970.6,35045.9,-0.1167,0.1117,145.6,97.0,0.518
111.62,32027.1,34961.3,0.1122,-0.0966,145.6,97.0,0.518
111.64,31914.4,34869.3,-0.3442,-0.3227,145.6,97.0,0.518
111.66,31882.9,34739.6,-0.4715,-0.6419,145.6,97.0,0.518
111.68,31853.1,34648.3,-0.5919,-0.8664,145.6,97.0,0.518
111.7,31793.0,34649.1,-0.8353,-0.8645,145.6,97.0,0.518
111.72,31827.2,34644.7,-0.697,-0.8753,145.6,97.0,0.518
111.74,31723.0,34566.8,-1.1187,-1.0669,145.6,97.0,0.518
111.76,31839.9,34500.5,-0.6455,-1.2302,145.6,97.0,0.518
111.78,31710.9,34522.5,-1.1674,-1.1761,145.6,97.0,0.518
111.8,31801.8,34552.4,-0.7996,-1.1024,145.6,97.0,0.518
111.82,31948.8,34792.4,-0.2047,-0.5119,145.6,97.0,0.518
111.84,32163.0,35191.5,0.662,0.4698,145.6,97.0,0.518
111.86,32255.4,35560.1,1.0359,1.3766,145.6,97.0,0.518
111.88,32276.5,35796.8,1.1215,1.9591,145.6,97.0,0.518
111.9,32270.2,35742.8,1.0957,1.8261,145.6,97.0,0.518
111.92,32284.6,35538.9,1.1541,1.3245,145.6,97.0,0.518
111.94,32152.9,35439.7,0.6213,1.0806,145.6,97.0,0.518
111.96,32147.8,35203.0,0.6004,0.498,145.6,97.0,0.518
111.98,31991.1,35112.3,-0.0335,0.275,145.6,97.0,0.518
112.0,31988.8,35044.1,-0.0428,0.1071,145.6,97.0,0.518
112.02,32024.2,34936.6,0.1003,-0.1572,145.6,97.0,0.518
112.04,32017.2,34884.9,0.0721,-0.2845,145.6,97.0,0.518
112.06,31816.3,34774.7,-0.7409,-0.5557,145.6,97.0,0.518
112.08,31867.9,34707.3,-0.532,-0.7212,145.6,97.0,0.518
112.1,31942.1,34620.9,-0.2318,-0.934,145.6,97.0,0.518
112.12,31852.7,34646.9,-0.5936,-0.8699,145.6,97.0,0.518
112.14,31850.6,34494.3,-0.6021,-1.2453,145.6,97.0,0.518
112.16,31779.3,34555.2,-0.8907,-1.0955,145.6,97.0,0.518
112.18,31730.8,34501.4,-1.0869,-1.2278,145.6,97.0,0.518
112.2,31753.6,34426.1,-0.9949,-1.4131,145.6,97.0,0.518
112.22,31783.1,34675.8,-0.8752,-0.7988,145.6,97.0,0.518
112.24,32011.2,34934.4,0.0478,-0.1627,145.6,97.0,0.518
112.26,32224.3,35319.1,0.9101,0.7839,145.6,97.0,0.518
112.28,32356.3,35740.7,1.4443,1.8209,145.6,97.0,0.518
112.3,32305.5,35767.4,1.2388,1.8865,145.6,97.0,0.518
112.32,32367.8,35734.8,1.491,1.8065,145.6,97.0,0.518
112.34,32316.0,35469.3,1.2813,1.1532,145.6,97.0,0.518
112.36,32181.6,35338.1,0.7375,0.8306,145.6,97.0,0.518
112.38,32105.1,35139.5,0.4276,0.342,145.6,97.0,0.518
112.4,32012.3,35131.7,0.0522,0.3227,145.6,97.0,0.518
112.42,32065.9,35062.9,0.2691,0.1535,145.6,97.0,0.518
112.44,31982.9,34938.6,-0.0668,-0.1524,145.6,97.0,0.518
112.46,31924.5,34888.3,-0.3031,-0.276,145.6,97.0,0.518
112.48,31892.2,34851.8,-0.4337,-0.366,145.6,97.0,0.518
112.5,31840.9,34645.5,-0.6415,-0.8733,145.6,97.0,0.518
112.52,31825.2,34649.2,-0.705,-0.8643,145.6,97.0,0.518
112.54,31829.7,34687.6,-0.687,-0.7699,145.6,97.0,0.518
112.56,31806.4,34636.0,-0.7811,-0.8967,145.6,97.0,0.518
112.58,31768.2,34547.9,-0.9355,-1.1134,145.6,97.0,0.518
112.6,31795.6,34592.9,-0.8247,-1.0027,145.6,97.0,0.518
112.62,31776.1,34570.6,-0.9036,-1.0576,145.6,97.0,0.518
112.64,32011.3,34789.8,0.0481,-0.5185,145.6,97.0,0.518
112.66,32163.8,35118.2,0.6653,0.2896,145.6,97.0,0.518
112.68,32253.2,35390.8,1.0271,0.9601,145.6,97.0,0.518
112.7,32253.8,35770.0,1.0293,1.8929,145.6,97.0,0.518
112.72,32315.7,35773.5,1.2802,1.9017,145.6,97.0,0.518
112.74,32242.4,35655.1,0.9833,1.6103,145.6,97.0,0.518
112.76,32307.1,35423.5,1.2451,1.0405,145.6,97.0,0.518
112.78,32014.1,35272.4,0.0595,0.6688,145.6,97.0,0.518
112.8,32024.4,35084.5,0.1012,0.2065,145.6,97.0,0.518
112.82,32026.3,35149.3,0.1088,0.3661,145.6,97.0,0.518
112.84,32017.3,34947.1,0.0725,-0.1314,145.6,97.0,0.518
112.86,31876.0,34939.1,-0.4993,-0.1512,145.6,97.0,0.518
112.88,31835.8,34788.0,-0.6622,-0.5228,145.6,97.0,0.518
112.9,31909.4,34768.7,-0.3643,-0.5703,145.6,97.0,0.518
112.92,31830.4,34686.3,-0.6842,-0.7731,145.6,97.0,0.518
112.94,31792.5,34750.6,-0.8372,-0.6148,145.6,97.0,0.518
112.96,31746.2,34572.8,-1.0249,-1.0522,145.6,97.0,0.518
112.98,31823.6,34573.8,-0.7116,-1.0497,145.6,97.0,0.518
113.0,31770.5,34451.5,-0.9263,-1.3506,145.6,97.0,0.518
113.02,31740.2,34426.5,-1.0492,-1.4121,145.6,97.0,0.518
113.04,31771.1,34683.1,-0.9241,-0.781,145.6,97.0,0.518
113.06,31908.7,34835.7,-0.3671,-0.4055,145.6,97.0,0.518
113.08,32166.2,35204.0,0.6751,0.5007,145.6,97.0,0.518
113.1,32255.9,35630.6,1.0381,1.5501,145.6,97.0,0.518
113.12,32342.5,35816.8,1.3886,2.0083,145.6,97.0,0.518
113.14,32294.6,35713.3,1.1948,1.7535,145.6,97.0,0.518
113.16,32238.3,35478.3,0.9666,1.1755,145.6,97.0,0.518
113.18,32052.8,35347.1,0.2162,0.8526,145.6,97.0,0.518
113.2,32159.6,35225.1,0.6483,0.5524,145.6,97.0,0.518
113.22,32083.0,35124.3,0.3384,0.3045,145.6,97.0,0.518
113.24,31958.6,35113.8,-0.1653,0.2787,145.6,97.0,0.518
113.26,32022.8,35007.0,0.0945,0.016,145.6,97.0,0.518
113.28,31944.3,34877.5,-0.223,-0.3026,145.6,97.0,0.518
113.3,31879.2,34688.7,-0.4864,-0.7671,145.6,97.0,0.518
113.32,31846.2,34688.9,-0.6198,-0.7667,145.6,97.0,0.518
113.34,31868.2,34623.4,-0.5309,-0.9278,145.6,97.0,0.518
113.36,31859.4,34625.9,-0.5664,-0.9215,145.6,97.0,0.518
113.38,31854.0,34616.0,-0.5883,-0.946,145.6,97.0,0.518
113.4,31752.6,34436.9,-0.9987,-1.3866,145.6,97.0,0.518
113.42,31811.2,34373.6,-0.7616,-1.5422,145.6,97.0,0.518
113.44,31804.9,34511.5,-0.7872,-1.2029,145.6,97.0,0.518
113.46,31798.2,34654.0,-0.8143,-0.8524,145.6,97.0,0.518
113.48,32030.4,35109.7,0.1254,0.2687,145.6,97.0,0.518
113.5,32146.3,35368.7,0.5943,0.9059,145.6,97.0,0.518
113.52,32410.6,35722.1,1.6639,1.7751,145.6,97.0,0.518
113.54,32439.7,35834.9,1.7819,2.0527,145.6,97.0,0.518
113.56,32295.0,35619.7,1.1961,1.5234,145.6,97.0,0.518
113.58,32205.9,35472.6,0.8358,1.1614,145.6,97.0,0.518
113.6,32115.5,35214.0,0.4699,0.5252,145.6,97.0,0.518
113.62,32034.2,35226.0,0.1408,0.5546,145.6,97.0,0.518
113.64,32101.0,35105.0,0.4111,0.257,145.6,97.0,0.518
113.66,32053.7,34992.5,0.2196,-0.0198,145.6,97.0,0.518
113.68,32022.2,34943.7,0.0921,-0.1399,145.6,97.0,0.518
113.7,31958.2,34775.8,-0.1669,-0.5528,145.6,97.0,0.518
113.72,31878.4,34774.0,-0.4898,-0.5571,145.6,97.0,0.518
113.74,31785.1,34676.8,-0.8673,-0.7965,145.6,97.0,0.518
113.76,31858.4,34609.9,-0.5707,-0.9608,145.6,97.0,0.518
113.78,31788.8,34761.2,-0.8521,-0.5887,145.6,97.0,0.518
113.8,31815.7,34527.8,-0.7436,-1.163,145.6,97.0,0.518
113.82,31647.7,34454.2,-1.4235,-1.344,145.6,97.0,0.518
113.84,31760.5,34397.4,-0.9668,-1.4838,145.6,97.0,0.518
113.86,31810.2,34582.4,-0.7656,-1.0287,145.6,97.0,0.518
113.88,31905.9,34874.4,-0.3785,-0.3102,145.6,97.0,0.518
113.9,32091.6,35072.3,0.373,0.1765,145.6,97.0,0.518
113.92,32254.2,35558.0,1.0309,1.3715,145.6,97.0,0.518
113.94,32326.0,35683.2,1.3215,1.6795,145.6,97.0,0.518
113.96,32303.1,35728.5,1.2291,1.7909,145.6,97.0,0.518
113.98,32216.7,35543.9,0.8792,1.3367,145.6,97.0,0.518
114.0,32205.7,35385.1,0.835,0.9462,145.6,97.0,0.518
114.02,32026.4,35231.9,0.1091,0.5692,145.6,97.0,0.518
114.04,32059.1,35055.4,0.2414,0.1351,145.6,97.0,0.518
114.06,32075.7,35120.7,0.3088,0.2957,145.6,97.0,0.518
114.08,31948.0,34938.7,-0.2081,-0.1521,145.6,97.0,0.518
114.1,31916.9,34882.1,-0.334,-0.2914,145.6,97.0,0.518
114.12,32023.6,34758.7,0.0978,-0.5948,145.6,97.0,0.518
114.14,31846.8,34648.4,-0.6174,-0.8662,145.6,97.0,0.518
114.16,31842.5,34648.4,-0.635,-0.8662,145.6,97.0,0.518
114.18,31859.0,34723.4,-0.5681,-0.6818,145.6,97.0,0.518
114.2,31847.4,34596.7,-0.615,-0.9934,145.6,97.0,0.518
114.22,31777.2,34568.4,-0.8994,-1.0631,145.6,97.0,0.518
114.24,31708.9,34406.3,-1.1755,-1.4618,145.6,97.0,0.518
114.26,31840.0,34493.1,-0.6452,-1.2484,145.6,97.0,0.518
114.28,31862.7,34711.7,-0.5534,-0.7105,145.6,97.0,0.518
114.3,31921.6,35039.5,-0.3148,0.0959,145.6,97.0,0.518
114.32,32218.7,35363.7,0.8875,0.8935,145.6,97.0,0.518
114.34,32270.3,35642.0,1.0964,1.5782,145.6,97.0,0.518
114.36,32271.5,35781.3,1.101,1.9208,145.6,97.0,0.518
114.38,32244.8,35674.0,0.9932,1.6568,145.6,97.0,0.518
114.4,32218.8,35492.0,0.8877,1.2092,145.6,97.0,0.518
114.42,32243.8,35306.2,0.9889,0.7521,145.6,97.0,0.518
114.44,32059.3,35172.4,0.2423,0.4229,145.6,97.0,0.518
114.46,32094.5,35094.9,0.3848,0.2323,145.6,97.0,0.518
114.48,32018.2,34969.6,0.076,-0.076,145.6,97.0,0.518
114.5,32016.8,35004.5,0.0703,0.0099,145.6,97.0,0.518
114.52,31886.3,34886.0,-0.4578,-0.2818,145.6,97.0,0.518
114.54,31866.0,34798.7,-0.5398,-0.4964,145.6,97.0,0.518
114.56,31768.2,34626.3,-0.9355,-0.9207,145.6,97.0,0.518
114.58,31779.2,34666.7,-0.8912,-0.8212,145.6,97.0,0.518
114.6,31840.6,34597.1,-0.6428,-0.9925,145.6,97.0,0.518
114.62,31817.9,34564.3,-0.7347,-1.0732,145.6,97.0,0.518
114.64,31814.7,34507.2,-0.7477,-1.2137,145.6,97.0,0.518
114.66,31722.7,34375.6,-1.12,-1.5373,145.6,97.0,0.518
114.68,31808.8,34550.3,-0.7715,-1.1076,145.6,97.0,0.518
114.7,31877.6,34773.7,-0.4929,-0.5579,145.6,97.0,0.518
114.72,32078.5,35128.2,0.3201,0.314,145.6,97.0,0.518
114.74,32202.8,35479.1,0.8229,1.1774,145.6,97.0,0.518
114.76,32299.3,35623.4,1.2138,1.5323,145.6,97.0,0.518
114.78,32394.2,35722.1,1.5977,1.7753,145.6,97.0,0.518
114.8,32257.4,35527.2,1.0442,1.2958,145.6,97.0,0.518
114.82,32193.4,35413.9,0.785,1.0169,145.6,97.0,0.518
114.84,32120.2,35277.8,0.4887,0.6821,145.6,97.0,0.518
114.86,32053.8,35068.9,0.2201,0.1682,145.6,97.0,0.518
114.88,31975.7,35140.6,-0.0958,0.3446,145.6,97.0,0.518
114.9,32006.2,35054.2,0.0275,0.1321,145.6,97.0,0.518
114.92,31921.3,34915.4,-0.316,-0.2095,145.6,97.0,0.518
114.94,32035.6,34820.8,0.1463,-0.4421,145.6,97.0,0.518
114.96,31776.1,34702.6,-0.9037,-0.7329,145.6,97.0,0.518
114.98,31863.6,34631.2,-0.5494,-0.9086,145.6,97.0,0.518
115.0,31802.0,34723.2,-0.7988,-0.6823,145.6,97.0,0.518
115.02,31889.2,34595.1,-0.4462,-0.9974,145.6,97.0,0.518
115.04,31800.3,34557.5,-0.8058,-1.0898,145.6,97.0,0.518
115.06,31767.6,34547.3,-0.9382,-1.1151,145.6,97.0,0.518
115.08,31826.1,34421.5,-0.7016,-1.4243,145.6,97.0,0.518
115.1,31767.9,34598.1,-0.9367,-0.9901,145.6,97.0,0.518
115.12,31970.1,34895.4,-0.1185,-0.2587,145.6,97.0,0.518
115.14,32165.1,35284.4,0.6704,0.6985,145.6,97.0,0.518
115.16,32197.8,35510.0,0.8029,1.2535,145.6,97.0,0.518
115.18,32271.8,35676.3,1.1023,1.6626,145.6,97.0,0.518
115.2,32379.7,35726.2,1.5389,1.7852,145.6,97.0,0.518
115.22,32330.5,35577.6,1.3399,1.4198,145.6,97.0,0.518
115.24,32195.7,35366.8,0.7943,0.9012,145.6,97.0,0.518
115.26,32106.2,35148.9,0.4321,0.3651,145.6,97.0,0.518
115.28,32104.2,35198.6,0.4239,0.4874,145.6,97.0,0.518
115.3,31901.5,35023.7,-0.3963,0.057,145.6,97.0,0.518
115.32,32013.2,34973.1,0.0558,-0.0675,145.6,97.0,0.518
115.34,31921.7,34874.9,-0.3146,-0.3091,145.6,97.0,0.518
115.36,31942.4,34653.1,-0.2305,-0.8548,145.6,97.0,0.518
115.38,31779.9,34692.8,-0.8883,-0.7571,145.6,97.0,0.518
115.4,31839.5,34697.2,-0.6472,-0.7462,145.6,97.0,0.518
115.42,31748.6,34683.8,-1.0149,-0.7792,145.6,97.0,0.518
115.44,31870.3,34659.5,-0.5226,-0.839,145.6,97.0,0.518
115.46,31818.0,34518.9,-0.7342,-1.1847,145.6,97.0,0.518
115.48,31713.9,34480.5,-1.1555,-1.2793,145.6,97.0,0.518
115.5,31778.4,34539.1,-0.8942,-1.135,145.6,97.0,0.518
115.52,31783.9,34775.8,-0.8722,-0.5529,145.6,97.0,0.518
115.54,31995.9,35091.0,-0.0141,0.2227,145.6,97.0,0.518
115.56,32166.6,35438.5,0.6765,1.0775,145.6,97.0,0.518
115.58,32280.4,35644.3,1.1373,1.5838,145.6,97.0,0.518
115.6,32379.1,35845.9,1.5367,2.0797,145.6,97.0,0.518
115.62,32246.6,35698.2,1.0005,1.7163,145.6,97.0,0.518
115.64,32273.5,35473.7,1.1094,1.1641,145.6,97.0,0.518
115.66,32073.9,35237.3,0.3015,0.5826,145.6,97.0,0.518
115.68,32080.9,35115.3,0.3298,0.2824,145.6,97.0,0.518
115.7,32012.2,35106.1,0.0516,0.2596,145.6,97.0,0.518
115.72,32000.5,35136.6,0.0045,0.3347,145.6,97.0,0.518
115.74,31910.3,34920.3,-0.3604,-0.1973,145.6,97.0,0.518
115.76,31873.0,34919.0,-0.5114,-0.2004,145.6,97.0,0.518
115.78,31760.3,34723.4,-0.9677,-0.6817,145.6,97.0,0.518
115.8,32007.3,34777.7,0.032,-0.548,145.6,97.0,0.518
115.82,31905.8,34707.3,-0.3786,-0.7213,145.6,97.0,0.518
115.84,31857.4,34650.8,-0.5747,-0.8603,145.6,97.0,0.518
115.86,31798.6,34589.0,-0.8127,-1.0123,145.6,97.0,0.518
115.88,31847.4,34472.4,-0.6152,-1.2992,145.6,97.0,0.518
115.9,31718.0,34372.5,-1.1389,-1.5451,145.6,97.0,0.518
115.92,31786.0,34546.2,-0.8636,-1.1177,145.6,97.0,0.518
115.94,31950.4,34770.4,-0.1985,-0.5661,145.6,97.0,0.518
115.96,32081.2,35320.1,0.3309,0.7862,145.6,97.0,0.518
115.98,32279.6,35541.6,1.1337,1.3312,145.6,97.0,0.518
116.0,32380.7,35780.8,1.5432,1.9196,145.6,97.0,0.518
116.02,32341.3,35768.7,1.3837,1.89,145.6,97.0,0.518
116.04,32355.7,35541.5,1.442,1.3308,145.6,97.0,0.518
116.06,32268.5,35416.0,1.089,1.022,145.6,97.0,0.518
116.08,32088.6,35195.5,0.3611,0.4797,145.6,97.0,0.518
116.1,31999.0,35078.9,-0.0015,0.1929,145.6,97.0,0.518
116.12,31954.5,35097.9,-0.1816,0.2396,145.6,97.0,0.518
116.14,31971.0,35077.9,-0.1148,0.1903,145.6,97.0,0.518
116.16,31970.9,34891.2,-0.1155,-0.2689,145.6,97.0,0.518
116.18,31963.2,34857.5,-0.1466,-0.3518,145.6,97.0,0.518
116.2,31851.2,34687.0,-0.5999,-0.7712,145.6,97.0,0.518
116.22,31944.6,34691.3,-0.2218,-0.7607,145.6,97.0,0.518
116.24,31800.2,34668.2,-0.8061,-0.8176,145.6,97.0,0.518
116.26,31830.6,34737.6,-0.6833,-0.6469,145.6,97.0,0.518
116.28,31794.5,34539.6,-0.8292,-1.1339,145.6,97.0,0.518
116.3,31709.9,34401.8,-1.1717,-1.4728,145.6,97.0,0.518
116.32,31800.8,34510.8,-0.8039,-1.2048,145.6,97.0,0.518
116.34,31851.2,34569.2,-0.5997,-1.0612,145.6,97.0,0.518
116.36,31928.3,34945.2,-0.2877,-0.1362,145.6,97.0,0.518
116.38,32167.4,35367.3,0.6798,0.9024,145.6,97.0,0.518
116.4,32351.2,35620.1,1.4237,1.5242,145.6,97.0,0.518
116.42,32297.7,35739.3,1.2071,1.8175,145.6,97.0,0.518
116.44,32379.0,35760.7,1.5361,1.8701,145.6,97.0,0.518
116.46,32197.5,35561.0,0.8017,1.3789,145.6,97.0,0.518
116.48,32163.4,35302.8,0.6635,0.7437,145.6,97.0,0.518
116.5,32070.0,35200.8,0.2857,0.4928,145.6,97.0,0.518
116.52,32086.8,35146.4,0.3539,0.3589,145.6,97.0,0.518
116.54,31936.2,35097.2,-0.2559,0.2379,145.6,97.0,0.518
116.56,32020.5,35045.5,0.0854,0.1107,145.6,97.0,0.518
116.58,31961.2,34790.5,-0.1546,-0.5166,145.6,97.0,0.518
116.6,31906.3,34853.9,-0.3768,-0.3608,145.6,97.0,0.518
116.62,31853.9,34746.6,-0.5888,-0.6246,145.6,97.0,0.518
116.64,31805.1,34641.4,-0.7862,-0.8835,145.6,97.0,0.518
116.66,31815.4,34659.7,-0.7445,-0.8385,145.6,97.0,0.518
116.68,31834.7,34608.9,-0.6666,-0.9634,145.6,97.0,0.518
116.7,31817.1,34574.0,-0.7379,-1.0494,145.6,97.0,0.518
116.72,31759.9,34377.1,-0.9691,-1.5337,145.6,97.0,0.518
116.74,31742.9,34529.4,-1.0381,-1.159,145.6,97.0,0.518
116.76,31818.7,34785.6,-0.7312,-0.5287,145.6,97.0,0.518
116.78,32117.0,35130.7,0.4758,0.3203,145.6,97.0,0.518
116.8,32197.4,35458.4,0.8012,1.1265,145.6,97.0,0.518
116.82,32232.4,35731.2,0.9427,1.7975,145.6,97.0,0.518
116.84,32335.7,35637.2,1.3609,1.5664,145.6,97.0,0.518
116.86,32263.9,35548.1,1.0703,1.3471,145.6,97.0,0.518
116.88,32045.9,35462.5,0.1882,1.1366,145.6,97.0,0.518
116.9,32092.1,35179.4,0.3752,0.44,145.6,97.0,0.518
116.92,32180.6,35146.7,0.7333,0.3596,145.6,97.0,0.518
116.94,31972.9,35070.2,-0.1071,0.1714,145.6,97.0,0.518
116.96,32121.7,35030.7,0.495,0.0743,145.6,97.0,0.518
116.98,31997.0,34822.2,-0.0098,-0.4387,145.6,97.0,0.518
117.0,31933.0,34787.3,-0.2686,-0.5245,145.6,97.0,0.518
117.02,31915.2,34710.1,-0.3406,-0.7146,145.6,97.0,0.518
117.04,31789.4,34742.7,-0.8497,-0.6342,145.6,97.0,0.518
117.06,31826.9,34680.1,-0.6983,-0.7882,145.6,97.0,0.518
117.08,31870.1,34622.1,-0.5234,-0.9308,145.6,97.0,0.518
117.1,31836.6,34580.7,-0.6588,-1.0328,145.6,97.0,0.518
117.12,31755.2,34521.2,-0.9884,-1.1791,145.6,97.0,0.518
117.14,31746.4,34407.9,-1.0238,-1.4579,145.6,97.0,0.518
117.16,31925.9,34550.6,-0.2974,-1.1068,145.6,97.0,0.518
117.18,31993.2,34898.1,-0.0252,-0.252,145.6,97.0,0.518
117.2,32122.2,35293.1,0.4968,0.7199,145.6,97.0,0.518
117.22,32271.4,35688.6,1.1008,1.6927,145.6,97.0,0.518
117.24,32286.3,35818.6,1.1611,2.0127,145.6,97.0,0.518
117.26,32357.4,35732.0,1.4489,1.7997,145.6,97.0,0.518
117.28,32254.5,35533.9,1.0323,1.3121,145.6,97.0,0.518
117.3,32152.5,35308.2,0.6194,0.7569,145.6,97.0,0.518
117.32,32102.7,35241.3,0.418,0.5924,145.6,97.0,0.518
117.34,32024.6,35099.7,0.1018,0.244,145.6,97.0,0.518
117.36,32094.0,35095.0,0.3827,0.2326,145.6,97.0,0.518
117.38,32068.8,34966.8,0.281,-0.0829,145.6,97.0,0.518
117.4,31969.6,34907.8,-0.1206,-0.2281,145.6,97.0,0.518
117.42,31963.4,34819.6,-0.1456,-0.4451,145.6,97.0,0.518
117.44,31830.9,34648.1,-0.6818,-0.867,145.6,97.0,0.518
117.46,31895.7,34682.2,-0.4197,-0.7831,145.6,97.0,0.518
117.48,31846.5,34664.1,-0.6188,-0.8276,145.6,97.0,0.518
117.5,31798.8,34579.4,-0.8119,-1.036,145.6,97.0,0.518
117.52,31731.0,34445.5,-1.0862,-1.3654,145.6,97.0,0.518
117.54,31813.5,34520.0,-0.7525,-1.1822,145.6,97.0,0.518
117.56,31735.7,34547.4,-1.0673,-1.1147,145.6,97.0,0.518
117.58,31918.8,34777.0,-0.3261,-0.55,145.6,97.0,0.518
117.6,32017.7,35036.7,0.0739,0.089,145.6,97.0,0.518
117.62,32197.0,35400.7,0.7997,0.9846,145.6,97.0,0.518
117.64,32391.3,35713.9,1.5859,1.755,145.6,97.0,0.518
117.66,32368.4,35739.1,1.4933,1.817,145.6,97.0,0.518
117.68,32311.6,35606.4,1.2632,1.4904,145.6,97.0,0.518
117.7,32150.8,35411.8,0.6126,1.0118,145.6,97.0,0.518
117.72,32063.3,35261.7,0.2586,0.6425,145.6,97.0,0.518
117.74,32010.4,35086.4,0.0447,0.2114,145.6,97.0,0.518
117.76,32081.1,35042.3,0.3307,0.1028,145.6,97.0,0.518
117.78,31993.0,35063.8,-0.0261,0.1557,145.6,97.0,0.518
117.8,31983.8,34976.7,-0.0633,-0.0587,145.6,97.0,0.518
117.82,31899.6,34832.8,-0.404,-0.4127,145.6,97.0,0.518
117.84,31783.4,34695.9,-0.8742,-0.7495,145.6,97.0,0.518
117.86,31874.4,34673.6,-0.5059,-0.8042,145.6,97.0,0.518
117.88,31791.0,34676.8,-0.8435,-0.7963,145.6,97.0,0.518
117.9,31876.8,34672.6,-0.4962,-0.8068,145.6,97.0,0.518
117.92,31868.4,34575.9,-0.5302,-1.0446,145.6,97.0,0.518
117.94,31753.2,34533.0,-0.9964,-1.1503,145.6,97.0,0.518
117.96,31681.4,34425.6,-1.2869,-1.4145,145.6,97.0,0.518
117.98,31776.3,34458.6,-0.9027,-1.3331,145.6,97.0,0.518
118.0,31855.0,34904.3,-0.5845,-0.2368,145.6,97.0,0.518
118.02,32106.9,35226.5,0.435,0.556,145.6,97.0,0.518
118.04,32153.5,35621.9,0.6236,1.5288,145.6,97.0,0.518
118.06,32273.6,35754.3,1.1097,1.8545,145.6,97.0,0.518
118.08,32396.7,35737.5,1.6078,1.8132,145.6,97.0,0.518
118.1,32264.0,35605.9,1.0707,1.4894,145.6,97.0,0.518
118.12,32185.7,35433.3,0.754,1.0648,145.6,97.0,0.518
118.14,32132.9,35230.5,0.5403,0.5657,145.6,97.0,0.518
118.16,32066.6,35113.5,0.2718,0.2779,145.6,97.0,0.518
118.18,32086.9,35114.0,0.3541,0.2792,145.6,97.0,0.518
118.2,31972.5,35081.1,-0.109,0.1982,145.6,97.0,0.518
118.22,31929.9,35020.0,-0.2812,0.048,145.6,97.0,0.518
118.24,31932.5,34734.7,-0.2708,-0.6541,145.6,97.0,0.518
118.26,31960.0,34716.0,-0.1595,-0.6998,145.6,97.0,0.518
118.28,31896.9,34681.5,-0.4147,-0.7847,145.6,97.0,0.518
118.3,31761.4,34717.7,-0.9633,-0.6957,145.6,97.0,0.518
118.32,31937.1,34625.0,-0.2523,-0.9238,145.6,97.0,0.518
118.34,31828.6,34505.7,-0.6913,-1.2174,145.6,97.0,0.518
118.36,31736.0,34465.8,-1.0658,-1.3156,145.6,97.0,0.518
118.38,31745.7,34440.5,-1.0266,-1.3777,145.6,97.0,0.518
118.4,31806.0,34590.5,-0.7825,-1.0086,145.6,97.0,0.518
118.42,31986.3,34977.4,-0.0532,-0.057,145.6,97.0,0.518
118.44,32091.2,35300.4,0.3714,0.7378,145.6,97.0,0.518
118.46,32309.0,35646.8,1.2527,1.59,145.6,97.0,0.518
118.48,32342.8,35768.8,1.3896,1.89,145.6,97.0,0.518
118.5,32342.2,35789.5,1.3872,1.941,145.6,97.0,0.518
118.52,32233.9,35517.6,0.9489,1.272,145.6,97.0,0.518
118.54,32148.1,35336.0,0.6018,0.8254,145.6,97.0,0.518
118.56,32111.4,35267.0,0.4531,0.6557,145.6,97.0,0.518
118.58,31996.9,35136.6,-0.0102,0.3347,145.6,97.0,0.518
118.6,31970.3,35042.7,-0.1178,0.1039,145.6,97.0,0.518
118.62,32030.7,35004.8,0.1266,0.0104,145.6,97.0,0.518
118.64,31994.3,34843.7,-0.0207,-0.3857,145.6,97.0,0.518
118.66,31836.2,34723.4,-0.6607,-0.6817,145.6,97.0,0.518
118.68,31846.9,34725.7,-0.6173,-0.6761,145.6,97.0,0.518
118.7,31794.7,34679.1,-0.8284,-0.7907,145.6,97.0,0.518
118.72,31821.1,34599.0,-0.7216,-0.9877,145.6,97.0,0.518
118.74,31895.5,34588.3,-0.4204,-1.0142,145.6,97.0,0.518
118.76,31619.6,34412.3,-1.5368,-1.4472,145.6,97.0,0.518
118.78,31795.4,34442.3,-0.8256,-1.3732,145.6,97.0,0.518
118.8,31716.0,34510.3,-1.1469,-1.206,145.6,97.0,0.518
118.82,31856.5,34695.1,-0.5783,-0.7514,145.6,97.0,0.518
118.84,32076.8,35118.2,0.3133,0.2894,145.6,97.0,0.518
118.86,32232.2,35484.2,0.9421,1.19,145.6,97.0,0.518
118.88,32228.0,35673.9,0.9251,1.6565,145.6,97.0,0.518
118.9,32452.6,35721.5,1.834,1.7737,145.6,97.0,0.518
118.92,32255.0,35684.9,1.0344,1.6838,145.6,97.0,0.518
118.94,32115.2,35417.7,0.4688,1.0263,145.6,97.0,0.518
118.96,32160.5,35215.5,0.652,0.529,145.6,97.0,0.518
118.98,32110.0,35125.4,0.4476,0.3073,145.6,97.0,0.518
119.0,32095.0,35084.6,0.387,0.2069,145.6,97.0,0.518
119.02,31966.4,35079.0,-0.1335,0.1931,145.6,97.0,0.518
119.04,31927.9,34970.5,-0.2893,-0.0739,145.6,97.0,0.518
119.06,31914.6,34795.1,-0.3431,-0.5053,145.6,97.0,0.518
119.08,31879.9,34695.0,-0.4837,-0.7517,145.6,97.0,0.518
119.1,31881.5,34623.2,-0.4771,-0.9283,145.6,97.0,0.518
119.12,31816.0,34704.7,-0.7422,-0.7278,145.6,97.0,0.518
119.14,31848.9,34680.8,-0.6089,-0.7866,145.6,97.0,0.518
119.16,31863.3,34579.4,-0.5509,-1.036,145.6,97.0,0.518
119.18,31816.4,34514.6,-0.7406,-1.1954,145.6,97.0,0.518
119.2,31675.1,34397.0,-1.3124,-1.4848,145.6,97.0,0.518
119.22,31728.8,34469.3,-1.0953,-1.3069,145.6,97.0,0.518
119.24,31928.4,34833.4,-0.2874,-0.4111,145.6,97.0,0.518
119.26,32169.9,35260.5,0.69,0.6395,145.6,97.0,0.518
119.28,32351.6,35667.7,1.4254,1.6413,145.6,97.0,0.518
119.3,32377.2,35719.7,1.529,1.7693,145.6,97.0,0.518
119.32,32435.5,35687.9,1.7647,1.6911,145.6,97.0,0.518
119.34,32228.7,35590.8,0.9278,1.4521,145.6,97.0,0.518
119.36,32120.1,35396.5,0.4884,0.9743,145.6,97.0,0.518
119.38,32152.4,35160.8,0.6192,0.3942,145.6,97.0,0.518
119.4,32086.2,35060.5,0.3514,0.1476,145.6,97.0,0.518
119.42,32002.3,35018.8,0.0117,0.045,145.6,97.0,0.518
119.44,31957.9,34921.5,-0.1679,-0.1944,145.6,97.0,0.518
119.46,31975.1,34961.9,-0.0984,-0.095,145.6,97.0,0.518
119.48,31903.5,34810.7,-0.388,-0.4669,145.6,97.0,0.518
119.5,31900.3,34818.3,-0.4012,-0.4483,145.6,97.0,0.518
119.52,31952.2,34606.8,-0.1912,-0.9687,145.6,97.0,0.518
119.54,31830.6,34736.8,-0.6832,-0.6489,145.6,97.0,0.518
119.56,31789.1,34597.3,-0.8513,-0.9918,145.6,97.0,0.518
119.58,31827.4,34633.8,-0.6961,-0.9022,145.6,97.0,0.518
119.6,31703.6,34445.8,-1.1969,-1.3647,145.6,97.0,0.518
119.62,31600.8,34462.4,-1.6132,-1.3238,145.6,97.0,0.518
119.64,31805.9,34674.1,-0.783,-0.803,145.6,97.0,0.518
119.66,31934.0,34985.1,-0.2649,-0.038,145.6,97.0,0.518
119.68,32201.1,35350.9,0.8162,0.8619,145.6,97.0,0.518
119.7,32339.1,35626.2,1.3748,1.5392,145.6,97.0,0.518
119.72,32364.4,35772.6,1.4772,1.8994,145.6,97.0,0.518
119.74,32278.6,35580.7,1.1298,1.4273,145.6,97.0,0.518
119.76,32252.5,35473.6,1.0242,1.1639,145.6,97.0,0.518
119.78,32177.0,35214.3,0.7186,0.526,145.6,97.0,0.518
119.8,32013.8,35192.1,0.0583,0.4713,145.6,97.0,0.518
119.82,32060.3,35094.5,0.2463,0.2313,145.6,97.0,0.518
119.84,32076.3,34990.1,0.311,-0.0255,145.6,97.0,0.518
119.86,31863.1,34871.1,-0.5515,-0.3184,145.6,97.0,0.518
119.88,32036.8,34746.1,0.1513,-0.6258,145.6,97.0,0.518
119.9,31826.1,34785.4,-0.7015,-0.5292,145.6,97.0,0.518
119.92,31820.4,34699.9,-0.7242,-0.7396,145.6,97.0,0.518
119.94,31810.1,34613.6,-0.7661,-0.9519,145.6,97.0,0.518
119.96,31844.0,34669.7,-0.6288,-0.8139,145.6,97.0,0.518
119.98,31793.8,34595.9,-0.832,-0.9955,145.6,97.0,0.518
