timestamp,raw_red,raw_ir,filtered_red,filtered_ir,heart_rate,spo2,ac_dc_ratio
0.0,32079.0,35126.9,0.3741,0.3098,145.3,96.4,0.544
0.02,32339.8,35604.8,1.6356,1.4836,145.3,96.4,0.544
0.04,32225.1,35703.7,1.0806,1.7265,145.3,96.4,0.544
0.06,32492.4,35703.7,2.3737,1.7266,145.3,96.4,0.544
0.08,32287.1,35544.1,1.3807,1.3344,145.3,96.4,0.544
0.1,32229.1,35305.1,1.1001,0.7474,145.3,96.4,0.544
0.12,32109.2,35231.5,0.5199,0.5665,145.3,96.4,0.544
0.14,32057.4,35204.3,0.2694,0.4997,145.3,96.4,0.544
0.16,32073.7,35163.6,0.3483,0.3998,145.3,96.4,0.544
0.18,32046.5,35009.6,0.2166,0.0217,145.3,96.4,0.544
0.2,31985.7,34932.5,-0.0774,-0.1678,145.3,96.4,0.544
0.22,31944.7,34822.9,-0.2758,-0.437,145.3,96.4,0.544
0.24,31770.1,34730.4,-1.1201,-0.6643,145.3,96.4,0.544
0.26,31901.3,34587.0,-0.4855,-1.0163,145.3,96.4,0.544
0.28,31757.8,34618.7,-1.1796,-0.9387,145.3,96.4,0.544
0.3,31815.9,34648.4,-0.8984,-0.8655,145.3,96.4,0.544
0.32,31802.9,34616.2,-0.9616,-0.9446,145.3,96.4,0.544
0.34,31744.0,34543.9,-1.2465,-1.1224,145.3,96.4,0.544
0.36,31690.5,34508.2,-1.5053,-1.2101,145.3,96.4,0.544
0.38,31819.8,34688.2,-0.88,-0.768,145.3,96.4,0.544
0.4,32047.6,34839.7,0.222,-0.3957,145.3,96.4,0.544
0.42,32228.6,35259.0,1.0977,0.6341,145.3,96.4,0.544
0.44,32310.2,35616.0,1.4923,1.5111,145.3,96.4,0.544
0.46,32417.2,35719.1,2.0098,1.7645,145.3,96.4,0.544
0.48,32374.6,35740.6,1.8038,1.8171,145.3,96.4,0.544
0.5,32182.6,35471.2,0.8752,1.1553,145.3,96.4,0.544
0.52,32085.6,35395.6,0.4058,0.9698,145.3,96.4,0.544
0.54,32143.2,35147.1,0.6847,0.3594,145.3,96.4,0.544
0.56,32086.2,35102.4,0.409,0.2495,145.3,96.4,0.544
0.58,32040.9,35116.5,0.1898,0.2841,145.3,96.4,0.544
0.6,32041.2,35014.9,0.1909,0.0346,145.3,96.4,0.544
0.62,31941.6,34838.9,-0.2906,-0.3977,145.3,96.4,0.544
0.64,31927.6,34725.0,-0.3584,-0.6774,145.3,96.4,0.544
0.66,31859.3,34778.7,-0.6888,-0.5457,145.3,96.4,0.544
0.68,31820.1,34634.1,-0.8782,-0.9007,145.3,96.4,0.544
0.7,31831.4,34609.2,-0.8239,-0.962,145.3,96.4,0.544
0.72,31872.5,34611.1,-0.6249,-0.9574,145.3,96.4,0.544
0.74,31669.5,34509.7,-1.6069,-1.2063,145.3,96.4,0.544
0.76,31720.5,34400.8,-1.3601,-1.4737,145.3,96.4,0.544
0.78,31785.7,34470.3,-1.0447,-1.3031,145.3,96.4,0.544
0.8,31929.3,34720.9,-0.3501,-0.6876,145.3,96.4,0.544
0.82,32147.9,35106.9,0.7072,0.2606,145.3,96.4,0.544
0.84,32184.3,35461.8,0.8831,1.1324,145.3,96.4,0.544
0.86,32356.7,35698.9,1.7173,1.7148,145.3,96.4,0.544
0.88,32388.2,35776.6,1.8694,1.9055,145.3,96.4,0.544
0.9,32214.1,35645.0,1.0273,1.5823,145.3,96.4,0.544
0.92,32202.3,35427.6,0.9705,1.0484,145.3,96.4,0.544
0.94,32095.8,35218.2,0.455,0.5341,145.3,96.4,0.544
0.96,32112.5,35142.2,0.5358,0.3473,145.3,96.4,0.544
0.98,32182.3,35104.1,0.8735,0.2537,145.3,96.4,0.544
1.0,31983.5,34971.2,-0.0881,-0.0727,145.3,96.4,0.544
1.02,32042.1,34998.3,0.1955,-0.0062,145.3,96.4,0.544
1.04,31898.1,34844.2,-0.5013,-0.3847,145.3,96.4,0.544
1.06,31832.8,34739.3,-0.8168,-0.6423,145.3,96.4,0.544
1.08,31853.8,34702.2,-0.7154,-0.7335,145.3,96.4,0.544
1.1,31797.6,34722.8,-0.9872,-0.6828,145.3,96.4,0.544
1.12,31800.7,34641.9,-0.9724,-0.8815,145.3,96.4,0.544
1.14,31875.0,34693.0,-0.613,-0.7561,145.3,96.4,0.544
1.16,31766.0,34492.9,-1.1398,-1.2476,145.3,96.4,0.544
1.18,31779.3,34347.4,-1.0758,-1.605,145.3,96.4,0.544
1.2,31820.4,34537.5,-0.877,-1.138,145.3,96.4,0.544
1.22,31923.0,34818.8,-0.3808,-0.4472,145.3,96.4,0.544
1.24,32076.4,35204.6,0.3612,0.5005,145.3,96.4,0.544
1.26,32265.6,35487.4,1.2766,1.1952,145.3,96.4,0.544
1.28,32389.5,35754.4,1.8757,1.851,145.3,96.4,0.544
1.3,32406.2,35747.0,1.9566,1.8329,145.3,96.4,0.544
1.32,32311.6,35578.4,1.4989,1.4188,145.3,96.4,0.544
1.34,32207.0,35351.1,0.9931,0.8605,145.3,96.4,0.544
1.36,32104.8,35200.0,0.4989,0.4893,145.3,96.4,0.544
1.38,32049.6,35184.6,0.2316,0.4515,145.3,96.4,0.544
1.4,32055.1,35003.3,0.2581,0.0061,145.3,96.4,0.544
1.42,31928.7,35036.5,-0.3531,0.0876,145.3,96.4,0.544
1.44,32024.5,34877.3,0.1104,-0.3033,145.3,96.4,0.544
1.46,31882.3,34758.8,-0.5776,-0.5945,145.3,96.4,0.544
1.48,31834.3,34712.4,-0.8098,-0.7085,145.3,96.4,0.544
1.5,31930.9,34705.6,-0.3426,-0.7251,145.3,96.4,0.544
1.52,31782.8,34679.6,-1.0587,-0.789,145.3,96.4,0.544
1.54,31819.4,34563.8,-0.8818,-1.0735,145.3,96.4,0.544
1.56,31854.4,34535.2,-0.7125,-1.1438,145.3,96.4,0.544
1.58,31737.8,34519.5,-1.2765,-1.1822,145.3,96.4,0.544
1.6,31704.3,34512.0,-1.4385,-1.2007,145.3,96.4,0.544
1.62,31849.8,34671.0,-0.7349,-0.81,145.3,96.4,0.544
1.64,31936.2,34964.3,-0.317,-0.0898,145.3,96.4,0.544
1.66,32182.1,35346.4,0.8725,0.8489,145.3,96.4,0.544
1.68,32321.0,35611.8,1.5448,1.5008,145.3,96.4,0.544
1.7,32365.8,35875.4,1.7611,2.1484,145.3,96.4,0.544
1.72,32253.6,35697.8,1.2183,1.7119,145.3,96.4,0.544
1.74,32235.7,35433.9,1.1318,1.0637,145.3,96.4,0.544
1.76,32043.3,35246.9,0.2015,0.6044,145.3,96.4,0.544
1.78,32037.7,35230.9,0.1743,0.5651,145.3,96.4,0.544
1.8,32099.6,35160.3,0.4734,0.3917,145.3,96.4,0.544
1.82,32044.7,35128.3,0.2078,0.3132,145.3,96.4,0.544
1.84,32017.4,34939.1,0.076,-0.1517,145.3,96.4,0.544
1.86,31837.8,34886.7,-0.7926,-0.2802,145.3,96.4,0.544
1.88,31874.8,34774.3,-0.6138,-0.5564,145.3,96.4,0.544
1.9,31834.1,34594.8,-0.8106,-0.9973,145.3,96.4,0.544
1.92,31875.9,34746.9,-0.6084,-0.6236,145.3,96.4,0.544
1.94,31803.1,34749.1,-0.9603,-0.6183,145.3,96.4,0.544
1.96,31931.2,34564.7,-0.3409,-1.0713,145.3,96.4,0.544
1.98,31796.6,34492.0,-0.9921,-1.2498,145.3,96.4,0.544
2.0,31772.0,34378.7,-1.1111,-1.5282,145.3,96.4,0.544
2.02,31693.0,34378.0,-1.4932,-1.5299,145.3,96.4,0.544
2.04,31900.1,34765.2,-0.4915,-0.5787,145.3,96.4,0.544
2.06,32005.2,35056.6,0.017,0.1371,145.3,96.4,0.544
2.08,32203.3,35453.2,0.975,1.1113,145.3,96.4,0.544
2.1,32336.0,35694.2,1.6172,1.7033,145.3,96.4,0.544
2.12,32391.0,35822.6,1.8833,2.0186,145.3,96.4,0.544
2.14,32309.8,35709.6,1.4904,1.7411,145.3,96.4,0.544
2.16,32191.5,35471.1,0.9183,1.1553,145.3,96.4,0.544
2.18,32140.4,35350.1,0.6711,0.858,145.3,96.4,0.544
2.2,32003.7,35050.6,0.0099,0.1223,145.3,96.4,0.544
2.22,32032.6,35021.5,0.1495,0.0509,145.3,96.4,0.544
2.24,32053.4,35037.5,0.2503,0.0902,145.3,96.4,0.544
2.26,31976.9,34848.3,-0.1198,-0.3746,145.3,96.4,0.544
2.28,31932.5,34903.4,-0.3345,-0.2392,145.3,96.4,0.544
2.3,31766.1,34735.1,-1.1396,-0.6527,145.3,96.4,0.544
2.32,31941.8,34747.0,-0.2899,-0.6234,145.3,96.4,0.544
2.34,31876.2,34698.2,-0.6072,-0.7434,145.3,96.4,0.544
2.36,31762.7,34704.5,-1.1559,-0.7278,145.3,96.4,0.544
2.38,31786.6,34546.9,-1.0401,-1.115,145.3,96.4,0.544
2.4,31714.7,34450.9,-1.3881,-1.3508,145.3,96.4,0.544
2.42,31768.8,34523.6,-1.1266,-1.1723,145.3,96.4,0.544
2.44,31764.8,34629.9,-1.1456,-0.911,145.3,96.4,0.544
2.46,31887.7,34749.6,-0.5516,-0.617,145.3,96.4,0.544
2.48,32190.0,35294.5,0.9108,0.7215,145.3,96.4,0.544
2.5,32345.7,35503.3,1.664,1.2344,145.3,96.4,0.544
2.52,32314.7,35764.4,1.514,1.8756,145.3,96.4,0.544
2.54,32352.9,35700.8,1.6987,1.7194,145.3,96.4,0.544
2.56,32279.8,35664.9,1.3451,1.6313,145.3,96.4,0.544
2.58,32166.1,35305.6,0.7952,0.7486,145.3,96.4,0.544
2.6,32083.9,35242.7,0.3979,0.5941,145.3,96.4,0.544
2.62,32000.4,35119.4,-0.006,0.2913,145.3,96.4,0.544
2.64,32043.8,34990.9,0.2036,-0.0243,145.3,96.4,0.544
2.66,32075.6,35012.6,0.3573,0.0289,145.3,96.4,0.544
2.68,31945.3,34890.8,-0.2728,-0.2702,145.3,96.4,0.544
2.7,31872.1,34778.5,-0.6268,-0.546,145.3,96.4,0.544
2.72,31879.2,34765.8,-0.5923,-0.5773,145.3,96.4,0.544
2.74,31811.6,34672.5,-0.9195,-0.8064,145.3,96.4,0.544
2.76,31879.4,34654.3,-0.5916,-0.8512,145.3,96.4,0.544
2.78,31675.6,34663.0,-1.5771,-0.8299,145.3,96.4,0.544
2.8,31760.8,34536.7,-1.165,-1.14,145.3,96.4,0.544
2.82,31757.4,34493.1,-1.1817,-1.2472,145.3,96.4,0.544
2.84,31656.1,34560.4,-1.6715,-1.0819,145.3,96.4,0.544
2.86,31904.4,34580.3,-0.4708,-1.033,145.3,96.4,0.544
2.88,32026.6,34927.6,0.1205,-0.1799,145.3,96.4,0.544
2.9,32201.3,35371.6,0.9655,0.9107,145.3,96.4,0.544
2.92,32380.2,35621.9,1.831,1.5257,145.3,96.4,0.544
2.94,32402.8,35740.8,1.9401,1.8177,145.3,96.4,0.544
2.96,32298.7,35596.0,1.4369,1.4621,145.3,96.4,0.544
2.98,32298.6,35462.9,1.4364,1.1349,145.3,96.4,0.544
3.0,32136.5,35346.0,0.6523,0.8479,145.3,96.4,0.544
3.02,32070.2,35239.6,0.3315,0.5864,145.3,96.4,0.544
3.04,32059.2,35073.9,0.2782,0.1795,145.3,96.4,0.544
3.06,32000.7,35090.7,-0.0049,0.2207,145.3,96.4,0.544
3.08,31997.8,35028.9,-0.0186,0.069,145.3,96.4,0.544
3.1,31906.6,34855.1,-0.4598,-0.3578,145.3,96.4,0.544
3.12,31887.7,34796.5,-0.5515,-0.5019,145.3,96.4,0.544
3.14,31791.3,34699.4,-1.0179,-0.7404,145.3,96.4,0.544
3.16,31863.8,34635.8,-0.6669,-0.8966,145.3,96.4,0.544
3.18,31788.8,34669.6,-1.0295,-0.8136,145.3,96.4,0.544
3.2,31866.9,34625.9,-0.6518,-0.9208,145.3,96.4,0.544
3.22,31737.8,34544.7,-1.2766,-1.1204,145.3,96.4,0.544
3.24,31708.3,34479.1,-1.4189,-1.2815,145.3,96.4,0.544
3.26,31662.5,34502.9,-1.6407,-1.2231,145.3,96.4,0.544
3.28,31828.2,34749.6,-0.8393,-0.617,145.3,96.4,0.544
3.3,31983.1,35167.7,-0.09,0.4099,145.3,96.4,0.544
3.32,32319.3,35476.2,1.5363,1.1676,145.3,96.4,0.544
3.34,32342.5,35708.0,1.6486,1.737,145.3,96.4,0.544
3.36,32373.8,35834.2,1.7998,2.0471,145.3,96.4,0.544
3.38,32309.0,35547.5,1.4866,1.343,145.3,96.4,0.544
3.4,32216.3,35388.4,1.0382,0.9519,145.3,96.4,0.544
3.42,32156.1,35191.4,0.7467,0.4681,145.3,96.4,0.544
3.44,32197.1,35140.3,0.9453,0.3426,145.3,96.4,0.544
3.46,32136.2,35143.3,0.6508,0.3501,145.3,96.4,0.544
3.48,31977.3,35026.5,-0.118,0.0631,145.3,96.4,0.544
3.5,31925.3,34969.0,-0.3694,-0.0782,145.3,96.4,0.544
3.52,31881.3,34915.6,-0.5823,-0.2093,145.3,96.4,0.544
3.54,31800.6,34684.3,-0.9725,-0.7774,145.3,96.4,0.544
3.56,31942.4,34729.8,-0.2869,-0.6657,145.3,96.4,0.544
3.58,31781.0,34591.8,-1.0674,-1.0047,145.3,96.4,0.544
3.6,31845.9,34618.0,-0.7538,-0.9403,145.3,96.4,0.544
3.62,31754.9,34534.5,-1.1938,-1.1455,145.3,96.4,0.544
3.64,31656.6,34477.1,-1.6693,-1.2863,145.3,96.4,0.544
3.66,31746.7,34522.9,-1.2334,-1.1738,145.3,96.4,0.544
3.68,31790.0,34668.8,-1.0239,-0.8156,145.3,96.4,0.544
3.7,31924.7,34928.3,-0.3726,-0.178,145.3,96.4,0.544
3.72,32136.1,35285.3,0.6501,0.6988,145.3,96.4,0.544
3.74,32200.9,35586.8,0.9638,1.4394,145.3,96.4,0.544
3.76,32427.7,35700.2,2.0604,1.7179,145.3,96.4,0.544
3.78,32375.6,35722.9,1.8085,1.7737,145.3,96.4,0.544
3.8,32225.1,35567.5,1.0805,1.392,145.3,96.4,0.544
3.82,32247.1,35413.2,1.187,1.0129,145.3,96.4,0.544
3.84,32184.2,35233.9,0.883,0.5724,145.3,96.4,0.544
3.86,31994.7,35100.5,-0.0338,0.2449,145.3,96.4,0.544
3.88,31999.8,35110.4,-0.0091,0.2693,145.3,96.4,0.544
3.9,32004.7,34892.8,0.0146,-0.2653,145.3,96.4,0.544
3.92,31981.8,34929.1,-0.096,-0.1762,145.3,96.4,0.544
3.94,31919.9,34755.1,-0.3955,-0.6036,145.3,96.4,0.544
3.96,31842.8,34677.4,-0.7685,-0.7945,145.3,96.4,0.544
3.98,31786.9,34601.1,-1.0391,-0.9818,145.3,96.4,0.544
4.0,31781.8,34669.4,-1.0637,-0.8141,145.3,96.4,0.544
4.02,31821.5,34564.2,-0.8717,-1.0726,145.3,96.4,0.544
4.04,31641.7,34546.9,-1.7415,-1.115,145.3,96.4,0.544
4.06,31690.4,34532.4,-1.5058,-1.1505,145.3,96.4,0.544
4.08,31772.3,34454.5,-1.1096,-1.3419,145.3,96.4,0.544
4.1,31834.5,34701.0,-0.8085,-0.7365,145.3,96.4,0.544
4.12,31923.0,34973.2,-0.3806,-0.0679,145.3,96.4,0.544
4.14,32191.4,35392.9,0.9176,0.9632,145.3,96.4,0.544
4.16,32300.8,35559.8,1.4467,1.3731,145.3,96.4,0.544
4.18,32395.5,35701.3,1.9047,1.7207,145.3,96.4,0.544
4.2,32318.8,35662.3,1.5341,1.6247,145.3,96.4,0.544
4.22,32262.9,35547.1,1.2634,1.3419,145.3,96.4,0.544
4.24,32180.9,35225.6,0.8667,0.5522,145.3,96.4,0.544
4.26,32046.8,35189.5,0.2182,0.4635,145.3,96.4,0.544
4.28,32025.1,35185.1,0.1134,0.4527,145.3,96.4,0.544
4.3,32107.6,35106.9,0.5124,0.2607,145.3,96.4,0.544
4.32,31996.9,34929.3,-0.0231,-0.1757,145.3,96.4,0.544
4.34,31937.1,34886.9,-0.3122,-0.2797,145.3,96.4,0.544
4.36,31964.9,34733.2,-0.1777,-0.6574,145.3,96.4,0.544
4.38,31938.6,34633.4,-0.3051,-0.9024,145.3,96.4,0.544
4.4,31823.8,34677.3,-0.8602,-0.7946,145.3,96.4,0.544
4.42,31866.8,34651.6,-0.6523,-0.8578,145.3,96.4,0.544
4.44,31770.6,34561.8,-1.118,-1.0784,145.3,96.4,0.544
4.46,31705.2,34433.4,-1.4339,-1.3938,145.3,96.4,0.544
4.48,31696.1,34440.2,-1.4783,-1.377,145.3,96.4,0.544
4.5,31693.2,34485.0,-1.4922,-1.267,145.3,96.4,0.544
4.52,31910.7,34827.2,-0.4403,-0.4266,145.3,96.4,0.544
4.54,32154.6,35082.8,0.7396,0.2014,145.3,96.4,0.544
4.56,32163.5,35436.8,0.7826,1.0709,145.3,96.4,0.544
4.58,32388.5,35728.4,1.8709,1.7872,145.3,96.4,0.544
4.6,32387.3,35629.5,1.8654,1.5443,145.3,96.4,0.544
4.62,32260.5,35541.3,1.2518,1.3275,145.3,96.4,0.544
4.64,32262.5,35390.8,1.2617,0.958,145.3,96.4,0.544
4.66,32172.4,35330.5,0.8258,0.8099,145.3,96.4,0.544
4.68,32062.2,35074.3,0.2927,0.1805,145.3,96.4,0.544
4.7,32041.5,35145.5,0.1927,0.3555,145.3,96.4,0.544
4.72,32038.1,34983.5,0.1759,-0.0426,145.3,96.4,0.544
4.74,31941.1,34899.9,-0.2929,-0.248,145.3,96.4,0.544
4.76,31881.1,34840.9,-0.5832,-0.3928,145.3,96.4,0.544
4.78,31802.0,34837.3,-0.9658,-0.4015,145.3,96.4,0.544
4.8,31837.7,34681.5,-0.7933,-0.7843,145.3,96.4,0.544
4.82,31925.9,34622.4,-0.3665,-0.9295,145.3,96.4,0.544
4.84,31834.8,34662.0,-0.8073,-0.8322,145.3,96.4,0.544
4.86,31758.7,34604.7,-1.1752,-0.9729,145.3,96.4,0.544
4.88,31805.5,34464.7,-0.9492,-1.3168,145.3,96.4,0.544
4.9,31748.2,34495.5,-1.2262,-1.2413,145.3,96.4,0.544
4.92,31778.7,34544.6,-1.0786,-1.1205,145.3,96.4,0.544
4.94,31907.7,34818.3,-0.4546,-0.4483,145.3,96.4,0.544
4.96,32107.6,35291.9,0.5124,0.7151,145.3,96.4,0.544
4.98,32314.5,35529.4,1.513,1.2985,145.3,96.4,0.544
5.0,32386.2,35663.6,1.8598,1.6279,145.3,96.4,0.544
5.02,32253.7,35780.8,1.2188,1.916,145.3,96.4,0.544
5.04,32298.3,35536.0,1.4349,1.3147,145.3,96.4,0.544
5.06,32138.1,35314.6,0.6598,0.7708,145.3,96.4,0.544
5.08,32055.1,35214.8,0.2584,0.5257,145.3,96.4,0.544
5.1,32083.6,35091.2,0.3964,0.2221,145.3,96.4,0.544
5.12,32039.8,34975.9,0.1842,-0.0611,145.3,96.4,0.544
5.14,31969.1,34946.3,-0.1577,-0.134,145.3,96.4,0.544
5.16,31924.5,34816.8,-0.3733,-0.4521,145.3,96.4,0.544
5.18,31836.8,34944.0,-0.7974,-0.1394,145.3,96.4,0.544
5.2,31913.6,34675.2,-0.4262,-0.7998,145.3,96.4,0.544
5.22,31800.9,34647.1,-0.9713,-0.8687,145.3,96.4,0.544
5.24,31801.6,34649.8,-0.968,-0.8622,145.3,96.4,0.544
5.26,31862.8,34573.9,-0.6718,-1.0487,145.3,96.4,0.544
5.28,31771.5,34587.4,-1.1133,-1.0155,145.3,96.4,0.544
5.3,31787.9,34463.0,-1.0339,-1.321,145.3,96.4,0.544
5.32,31787.1,34493.1,-1.038,-1.2471,145.3,96.4,0.544
5.34,31771.6,34657.6,-1.113,-0.843,145.3,96.4,0.544
5.36,32050.8,35048.5,0.2377,0.1172,145.3,96.4,0.544
5.38,32146.4,35335.5,0.6998,0.822,145.3,96.4,0.544
5.4,32352.0,35611.9,1.6947,1.5011,145.3,96.4,0.544
5.42,32343.6,35794.5,1.6538,1.9495,145.3,96.4,0.544
5.44,32332.1,35717.3,1.5983,1.7598,145.3,96.4,0.544
5.46,32089.2,35491.8,0.4235,1.2061,145.3,96.4,0.544
5.48,32133.3,35301.7,0.6366,0.739,145.3,96.4,0.544
5.5,32055.8,35203.6,0.262,0.4981,145.3,96.4,0.544
5.52,32108.5,35160.5,0.5168,0.3921,145.3,96.4,0.544
5.54,31960.7,35051.9,-0.1982,0.1254,145.3,96.4,0.544
5.56,31895.8,34932.1,-0.5121,-0.1688,145.3,96.4,0.544
5.58,31951.0,34862.9,-0.2453,-0.3387,145.3,96.4,0.544
5.6,31809.1,34700.9,-0.9317,-0.7366,145.3,96.4,0.544
5.62,31750.1,34643.7,-1.2167,-0.8771,145.3,96.4,0.544
5.64,31851.4,34675.4,-0.7267,-0.7992,145.3,96.4,0.544
5.66,31763.5,34590.4,-1.1522,-1.008,145.3,96.4,0.544
5.68,31696.9,34683.7,-1.4743,-0.7789,145.3,96.4,0.544
5.7,31790.1,34476.5,-1.0234,-1.2879,145.3,96.4,0.544
5.72,31707.4,34513.6,-1.4233,-1.1967,145.3,96.4,0.544
5.74,31908.6,34505.3,-0.4501,-1.2172,145.3,96.4,0.544
5.76,31874.5,34847.6,-0.615,-0.3763,145.3,96.4,0.544
5.78,32091.9,35141.0,0.4365,0.3444,145.3,96.4,0.544
5.8,32221.9,35453.7,1.0651,1.1125,145.3,96.4,0.544
5.82,32418.4,35717.6,2.0156,1.7607,145.3,96.4,0.544
5.84,32334.8,35764.2,1.6114,1.875,145.3,96.4,0.544
5.86,32287.8,35604.1,1.3838,1.4818,145.3,96.4,0.544
5.88,32126.7,35374.2,0.6047,0.9172,145.3,96.4,0.544
5.9,32111.9,35198.5,0.5331,0.4856,145.3,96.4,0.544
5.92,32047.1,35196.2,0.2197,0.48,145.3,96.4,0.544
5.94,32021.2,34989.2,0.0946,-0.0286,145.3,96.4,0.544
5.96,31982.6,34995.3,-0.0922,-0.0136,145.3,96.4,0.544
5.98,31920.7,34937.8,-0.3916,-0.1548,145.3,96.4,0.544
6.0,31939.2,34886.3,-0.302,-0.2814,145.3,96.4,0.544
6.02,31912.5,34736.7,-0.4314,-0.6487,145.3,96.4,0.544
6.04,31800.8,34588.1,-0.9719,-1.0138,145.3,96.4,0.544
6.06,31985.9,34685.4,-0.0762,-0.7748,145.3,96.4,0.544
6.08,31879.7,34524.1,-0.5901,-1.1708,145.3,96.4,0.544
6.1,31756.5,34530.5,-1.1858,-1.1554,145.3,96.4,0.544
6.12,31684.6,34582.6,-1.5338,-1.0273,145.3,96.4,0.544
6.14,31748.8,34393.9,-1.2234,-1.4906,145.3,96.4,0.544
6.16,31789.6,34605.6,-1.026,-0.9709,145.3,96.4,0.544
6.18,31987.4,34830.3,-0.0691,-0.4189,145.3,96.4,0.544
6.2,32172.9,35255.1,0.8281,0.6246,145.3,96.4,0.544
6.22,32264.3,35535.0,1.2704,1.3122,145.3,96.4,0.544
6.24,32426.5,35772.7,2.0551,1.8959,145.3,96.4,0.544
6.26,32298.6,35666.0,1.4363,1.6339,145.3,96.4,0.544
6.28,32247.3,35407.3,1.1883,0.9985,145.3,96.4,0.544
6.3,32245.6,35313.9,1.1799,0.7691,145.3,96.4,0.544
6.32,32105.2,35222.8,0.5007,0.5454,145.3,96.4,0.544
6.34,32022.1,35135.2,0.0988,0.3301,145.3,96.4,0.544
6.36,32101.5,35058.8,0.4828,0.1424,145.3,96.4,0.544
6.38,31980.0,34926.9,-0.1047,-0.1816,145.3,96.4,0.544
6.4,31883.9,34919.0,-0.5699,-0.2009,145.3,96.4,0.544
6.42,31827.0,34876.4,-0.8449,-0.3056,145.3,96.4,0.544
6.44,31889.6,34668.3,-0.5422,-0.8169,145.3,96.4,0.544
6.46,31844.1,34679.1,-0.7625,-0.7903,145.3,96.4,0.544
6.48,31819.1,34720.9,-0.8832,-0.6876,145.3,96.4,0.544
6.5,31805.9,34671.1,-0.9472,-0.8099,145.3,96.4,0.544
6.52,31718.7,34443.3,-1.3686,-1.3694,145.3,96.4,0.544
6.54,31709.2,34528.5,-1.415,-1.1601,145.3,96.4,0.544
6.56,31830.2,34546.5,-0.8294,-1.116,145.3,96.4,0.544
6.58,31898.3,34724.1,-0.5,-0.6797,145.3,96.4,0.544
6.6,31856.8,35059.1,-0.7006,0.1431,145.3,96.4,0.544
6.62,32212.6,35447.2,1.0202,1.0966,145.3,96.4,0.544
6.64,32313.8,35604.3,1.5099,1.4824,145.3,96.4,0.544
6.66,32319.7,35770.0,1.5384,1.8895,145.3,96.4,0.544
6.68,32349.9,35618.8,1.6843,1.5179,145.3,96.4,0.544
6.7,32197.8,35524.6,0.9486,1.2865,145.3,96.4,0.544
6.72,32192.3,35335.6,0.922,0.8224,145.3,96.4,0.544
6.74,32018.5,35146.1,0.0812,0.3569,145.3,96.4,0.544
6.76,32063.8,34977.8,0.3003,-0.0566,145.3,96.4,0.544
6.78,32007.9,35117.4,0.03,0.2864,145.3,96.4,0.544
6.8,32054.4,35031.6,0.2549,0.0757,145.3,96.4,0.544
6.82,32026.0,34846.8,0.1174,-0.3783,145.3,96.4,0.544
6.84,31907.6,34792.7,-0.4549,-0.5113,145.3,96.4,0.544
6.86,31913.2,34631.3,-0.428,-0.9076,145.3,96.4,0.544
6.88,31859.5,34634.8,-0.6879,-0.8992,145.3,96.4,0.544
6.9,31901.0,34700.1,-0.4868,-0.7387,145.3,96.4,0.544
6.92,31860.6,34545.9,-0.6825,-1.1175,145.3,96.4,0.544
6.94,31808.5,34437.7,-0.9345,-1.3832,145.3,96.4,0.544
6.96,31822.2,34440.5,-0.8681,-1.3763,145.3,96.4,0.544
6.98,31818.1,34557.5,-0.8879,-1.0888,145.3,96.4,0.544
7.0,31865.4,34831.3,-0.6591,-0.4164,145.3,96.4,0.544
7.02,32061.5,35324.8,0.2891,0.7959,145.3,96.4,0.544
7.04,32249.2,35507.2,1.1974,1.2439,145.3,96.4,0.544
7.06,32351.0,35717.6,1.6897,1.7606,145.3,96.4,0.544
7.08,32326.8,35746.5,1.5727,1.8317,145.3,96.4,0.544
7.1,32274.1,35585.2,1.3177,1.4354,145.3,96.4,0.544
7.12,32189.9,35445.4,0.9102,1.0921,145.3,96.4,0.544
7.14,32126.9,35252.8,0.6055,0.619,145.3,96.4,0.544
7.16,31977.0,35165.4,-0.1196,0.4044,145.3,96.4,0.544
7.18,32113.8,35080.2,0.5422,0.1951,145.3,96.4,0.544
7.2,32081.7,34934.4,0.3868,-0.1632,145.3,96.4,0.544
7.22,31943.6,34928.4,-0.2808,-0.178,145.3,96.4,0.544
7.24,31906.0,34740.4,-0.4626,-0.6397,145.3,96.4,0.544
7.26,31864.6,34746.8,-0.6629,-0.624,145.3,96.4,0.544
7.28,31824.2,34675.0,-0.8586,-0.8004,145.3,96.4,0.544
7.3,31879.2,34664.5,-0.5927,-0.8262,145.3,96.4,0.544
7.32,31846.6,34619.6,-0.7499,-0.9364,145.3,96.4,0.544
7.34,31904.1,34480.9,-0.472,-1.277,145.3,96.4,0.544
7.36,31720.4,34463.7,-1.3607,-1.3194,145.3,96.4,0.544
7.38,31721.7,34477.1,-1.3544,-1.2865,145.3,96.4,0.544
7.4,31780.9,34593.4,-1.0682,-1.0008,145.3,96.4,0.544
7.42,31985.9,34910.2,-0.0763,-0.2226,145.3,96.4,0.544
7.44,32142.5,35202.7,0.6811,0.496,145.3,96.4,0.544
7.46,32323.9,35628.5,1.5587,1.5418,145.3,96.4,0.544
7.48,32382.5,35676.0,1.8421,1.6584,145.3,96.4,0.544
7.5,32365.8,35671.1,1.761,1.6464,145.3,96.4,0.544
7.52,32266.7,35499.9,1.2817,1.2258,145.3,96.4,0.544
7.54,32111.5,35343.4,0.5311,0.8416,145.3,96.4,0.544
7.56,32079.2,35209.6,0.3752,0.5128,145.3,96.4,0.544
7.58,32058.9,35041.0,0.2769,0.0988,145.3,96.4,0.544
7.6,32090.1,35038.4,0.4277,0.0924,145.3,96.4,0.544
7.62,32003.0,35061.8,0.0063,0.1498,145.3,96.4,0.544
7.64,31971.1,34831.2,-0.1481,-0.4167,145.3,96.4,0.544
7.66,31945.9,34701.9,-0.2697,-0.7342,145.3,96.4,0.544
7.68,31846.3,34654.0,-0.7514,-0.8519,145.3,96.4,0.544
7.7,31782.4,34613.8,-1.0606,-0.9505,145.3,96.4,0.544
7.72,31882.4,34622.7,-0.577,-0.9288,145.3,96.4,0.544
7.74,31818.6,34633.2,-0.8858,-0.903,145.3,96.4,0.544
7.76,31831.6,34575.0,-0.8229,-1.0458,145.3,96.4,0.544
7.78,31747.6,34493.2,-1.2292,-1.2468,145.3,96.4,0.544
7.8,31789.5,34453.7,-1.0266,-1.3438,145.3,96.4,0.544
7.82,31841.6,34767.0,-0.7743,-0.5743,145.3,96.4,0.544
7.84,31963.2,35086.9,-0.186,0.2114,145.3,96.4,0.544
7.86,32144.3,35328.6,0.6898,0.8051,145.3,96.4,0.544
7.88,32271.9,35619.9,1.3069,1.5207,145.3,96.4,0.544
7.9,32379.7,35717.1,1.8284,1.7595,145.3,96.4,0.544
7.92,32272.1,35711.3,1.308,1.7451,145.3,96.4,0.544
7.94,32235.2,35442.0,1.1297,1.0836,145.3,96.4,0.544
7.96,32162.1,35321.7,0.7761,0.7882,145.3,96.4,0.544
7.98,31989.2,35099.9,-0.0603,0.2434,145.3,96.4,0.544
8.0,32091.1,35060.7,0.4323,0.147,145.3,96.4,0.544
8.02,31967.5,34962.9,-0.1656,-0.0932,145.3,96.4,0.544
8.04,31870.5,35045.2,-0.6347,0.109,145.3,96.4,0.544
8.06,31946.1,34860.8,-0.2689,-0.3438,145.3,96.4,0.544
8.08,31921.3,34770.1,-0.389,-0.5668,145.3,96.4,0.544
8.1,31784.3,34681.5,-1.0517,-0.7843,145.3,96.4,0.544
8.12,31838.0,34592.3,-0.7917,-1.0033,145.3,96.4,0.544
8.14,31899.9,34582.0,-0.4922,-1.0288,145.3,96.4,0.544
8.16,31731.6,34537.2,-1.3067,-1.1387,145.3,96.4,0.544
8.18,31696.7,34521.5,-1.4751,-1.1772,145.3,96.4,0.544
8.2,31785.2,34368.7,-1.0473,-1.5527,145.3,96.4,0.544
8.22,31769.5,34552.5,-1.1233,-1.1011,145.3,96.4,0.544
8.24,31968.8,34779.9,-0.1592,-0.5426,145.3,96.4,0.544
8.26,32098.1,35182.1,0.4662,0.4452,145.3,96.4,0.544
8.28,32193.0,35471.2,0.9252,1.1554,145.3,96.4,0.544
8.3,32342.9,35691.4,1.6503,1.6964,145.3,96.4,0.544
8.32,32358.9,35801.3,1.7277,1.9664,145.3,96.4,0.544
8.34,32280.4,35771.2,1.3479,1.8923,145.3,96.4,0.544
8.36,32228.1,35395.0,1.0951,0.9682,145.3,96.4,0.544
8.38,32172.7,35303.9,0.8271,0.7446,145.3,96.4,0.544
8.4,32094.6,35139.3,0.4493,0.3402,145.3,96.4,0.544
8.42,32066.9,35116.6,0.3156,0.2844,145.3,96.4,0.544
8.44,32008.2,35005.2,0.0315,0.0108,145.3,96.4,0.544
8.46,31906.0,34774.4,-0.463,-0.5561,145.3,96.4,0.544
8.48,31858.3,34883.7,-0.6937,-0.2877,145.3,96.4,0.544
8.5,31835.2,34655.2,-0.8052,-0.8489,145.3,96.4,0.544
8.52,31887.3,34582.4,-0.5534,-1.0277,145.3,96.4,0.544
8.54,31744.8,34618.8,-1.2427,-0.9383,145.3,96.4,0.544
8.56,31854.7,34669.7,-0.7109,-0.8133,145.3,96.4,0.544
8.58,31687.2,34561.8,-1.521,-1.0783,145.3,96.4,0.544
8.6,31726.3,34447.9,-1.3321,-1.3582,145.3,96.4,0.544
8.62,31748.7,34497.2,-1.2239,-1.237,145.3,96.4,0.544
8.64,31796.1,34717.5,-0.9943,-0.6959,145.3,96.4,0.544
8.66,32025.0,34948.2,0.1128,-0.1292,145.3,96.4,0.544
8.68,32172.0,35323.4,0.8238,0.7924,145.3,96.4,0.544
8.7,32277.1,35612.8,1.3322,1.5031,145.3,96.4,0.544
8.72,32341.4,35764.5,1.6434,1.8759,145.3,96.4,0.544
8.74,32315.4,35737.6,1.5176,1.8099,145.3,96.4,0.544
8.76,32251.6,35513.2,1.2088,1.2587,145.3,96.4,0.544
8.78,32109.2,35330.2,0.5198,0.8091,145.3,96.4,0.544
8.8,32168.5,35163.1,0.807,0.3986,145.3,96.4,0.544
8.82,32021.9,35139.7,0.0976,0.3411,145.3,96.4,0.544
8.84,32013.8,34972.4,0.0587,-0.0699,145.3,96.4,0.544
8.86,32052.2,34983.4,0.2445,-0.0427,145.3,96.4,0.544
8.88,31876.3,34806.3,-0.6066,-0.4777,145.3,96.4,0.544
8.9,31868.5,34869.5,-0.6441,-0.3226,145.3,96.4,0.544
8.92,31825.6,34672.3,-0.8518,-0.8068,145.3,96.4,0.544
8.94,31891.7,34751.3,-0.532,-0.6128,145.3,96.4,0.544
8.96,31862.9,34664.7,-0.6713,-0.8255,145.3,96.4,0.544
8.98,31806.1,34631.8,-0.946,-0.9065,145.3,96.4,0.544
9.0,31792.8,34530.2,-1.0105,-1.1559,145.3,96.4,0.544
9.02,31618.2,34505.6,-1.8547,-1.2165,145.3,96.4,0.544
9.04,31744.9,34499.4,-1.2422,-1.2316,145.3,96.4,0.544
9.06,31834.6,34665.1,-0.8082,-0.8245,145.3,96.4,0.544
9.08,32061.1,35107.7,0.2876,0.2627,145.3,96.4,0.544
9.1,32262.2,35440.6,1.2602,1.0803,145.3,96.4,0.544
9.12,32398.6,35686.1,1.92,1.6832,145.3,96.4,0.544
9.14,32382.4,35765.7,1.8417,1.8788,145.3,96.4,0.544
9.16,32308.5,35684.7,1.4839,1.6798,145.3,96.4,0.544
9.18,32289.3,35378.6,1.3913,0.9279,145.3,96.4,0.544
9.2,32229.2,35219.4,1.1007,0.5368,145.3,96.4,0.544
9.22,32037.1,35092.6,0.1713,0.2256,145.3,96.4,0.544
9.24,32062.4,35005.0,0.2939,0.0104,145.3,96.4,0.544
9.26,32029.8,34965.8,0.1358,-0.086,145.3,96.4,0.544
9.28,31935.1,34896.0,-0.3219,-0.2573,145.3,96.4,0.544
9.3,31916.3,34804.9,-0.413,-0.4812,145.3,96.4,0.544
9.32,31845.6,34706.7,-0.7549,-0.7225,145.3,96.4,0.544
9.34,31838.0,34681.1,-0.7918,-0.7853,145.3,96.4,0.544
9.36,31814.8,34641.0,-0.9037,-0.8838,145.3,96.4,0.544
9.38,31788.1,34639.3,-1.0331,-0.8879,145.3,96.4,0.544
9.4,31807.7,34617.7,-0.9383,-0.9409,145.3,96.4,0.544
9.42,31727.6,34480.9,-1.326,-1.277,145.3,96.4,0.544
9.44,31806.2,34437.6,-0.9457,-1.3834,145.3,96.4,0.544
9.46,31882.5,34590.5,-0.5765,-1.0079,145.3,96.4,0.544
9.48,32035.0,34935.7,0.1611,-0.1599,145.3,96.4,0.544
9.5,32022.6,35213.9,0.101,0.5234,145.3,96.4,0.544
9.52,32326.7,35558.0,1.5722,1.3685,145.3,96.4,0.544
9.54,32365.9,35715.6,1.7616,1.7558,145.3,96.4,0.544
9.56,32319.4,35737.0,1.5367,1.8083,145.3,96.4,0.544
9.58,32167.8,35600.6,0.8035,1.4734,145.3,96.4,0.544
9.6,32111.7,35369.7,0.5323,0.9061,145.3,96.4,0.544
9.62,32120.3,35220.2,0.5737,0.539,145.3,96.4,0.544
9.64,31979.9,35072.4,-0.1052,0.1759,145.3,96.4,0.544
9.66,32045.9,35124.2,0.2141,0.303,145.3,96.4,0.544
9.68,32021.8,34986.8,0.0973,-0.0344,145.3,96.4,0.544
9.7,31962.4,34906.7,-0.1899,-0.2311,145.3,96.4,0.544
9.72,31885.6,34739.3,-0.5617,-0.6423,145.3,96.4,0.544
9.74,31795.8,34680.6,-0.9959,-0.7866,145.3,96.4,0.544
9.76,31818.6,34673.5,-0.8858,-0.8039,145.3,96.4,0.544
9.78,31888.0,34610.5,-0.5499,-0.9588,145.3,96.4,0.544
9.8,31832.9,34758.1,-0.8165,-0.5962,145.3,96.4,0.544
9.82,31847.5,34583.1,-0.7456,-1.026,145.3,96.4,0.544
9.84,31676.6,34512.6,-1.5724,-1.1993,145.3,96.4,0.544
9.86,31666.5,34390.9,-1.6212,-1.498,145.3,96.4,0.544
9.88,31829.2,34580.4,-0.8345,-1.0327,145.3,96.4,0.544
9.9,32012.7,35029.2,0.0531,0.0697,145.3,96.4,0.544
9.92,32248.8,35250.0,1.1951,0.6122,145.3,96.4,0.544
9.94,32207.7,35674.3,0.9964,1.6542,145.3,96.4,0.544
9.96,32428.1,35748.3,2.0627,1.836,145.3,96.4,0.544
9.98,32463.9,35717.1,2.2359,1.7595,145.3,96.4,0.544
10.0,32268.9,35429.9,1.2924,1.0539,145.3,96.4,0.544
10.02,32129.9,35253.3,0.62,0.6203,145.3,96.4,0.544
10.04,32136.7,35144.4,0.6531,0.3528,145.3,96.4,0.544
10.06,31973.1,35135.4,-0.1384,0.3306,145.3,96.4,0.544
10.08,32058.8,35053.6,0.2761,0.1297,145.3,96.4,0.544
10.1,31955.7,34986.0,-0.2224,-0.0363,145.3,96.4,0.544
10.12,31909.7,34771.7,-0.445,-0.5628,145.3,96.4,0.544
10.14,31883.2,34830.6,-0.5731,-0.4181,145.3,96.4,0.544
10.16,31766.8,34785.8,-1.1364,-0.5281,145.3,96.4,0.544
10.18,31812.4,34563.2,-0.9157,-1.075,145.3,96.4,0.544
10.2,31917.1,34707.2,-0.4089,-0.7213,145.3,96.4,0.544
10.22,31864.9,34579.5,-0.6618,-1.035,145.3,96.4,0.544
10.24,31676.9,34566.0,-1.5711,-1.068,145.3,96.4,0.544
10.26,31780.6,34406.7,-1.0692,-1.4593,145.3,96.4,0.544
10.28,31701.4,34518.9,-1.4525,-1.1838,145.3,96.4,0.544
10.3,31857.6,34738.2,-0.697,-0.645,145.3,96.4,0.544
10.32,32029.3,35007.5,0.1334,0.0164,145.3,96.4,0.544
10.34,32293.4,35474.1,1.411,1.1626,145.3,96.4,0.544
10.36,32377.1,35678.8,1.8159,1.6653,145.3,96.4,0.544
10.38,32340.3,35860.5,1.638,2.1117,145.3,96.4,0.544
10.4,32281.9,35610.3,1.3552,1.4971,145.3,96.4,0.544
10.42,32230.6,35355.1,1.1073,0.8701,145.3,96.4,0.544
10.44,32090.1,35257.7,0.4275,0.6309,145.3,96.4,0.544
10.46,32067.1,35151.3,0.3165,0.3697,145.3,96.4,0.544
10.48,32004.1,35118.2,0.0118,0.2884,145.3,96.4,0.544
10.5,32020.4,35029.9,0.0907,0.0714,145.3,96.4,0.544
10.52,32112.4,34880.0,0.5354,-0.2967,145.3,96.4,0.544
10.54,32026.4,34811.4,0.1193,-0.4652,145.3,96.4,0.544
10.56,31947.5,34748.5,-0.2619,-0.6198,145.3,96.4,0.544
10.58,31908.6,34671.5,-0.4502,-0.8089,145.3,96.4,0.544
10.6,31832.6,34664.5,-0.8181,-0.8261,145.3,96.4,0.544
10.62,31790.9,34552.9,-1.0198,-1.1001,145.3,96.4,0.544
10.64,31790.6,34660.0,-1.021,-0.8372,145.3,96.4,0.544
10.66,31779.4,34447.9,-1.0754,-1.3582,145.3,96.4,0.544
10.68,31721.1,34493.3,-1.3571,-1.2466,145.3,96.4,0.544
10.7,31904.8,34556.2,-0.4685,-1.0922,145.3,96.4,0.544
10.72,31813.1,34929.6,-0.9122,-0.175,145.3,96.4,0.544
10.74,32062.4,35205.2,0.2939,0.5021,145.3,96.4,0.544
10.76,32308.0,35550.4,1.4815,1.35,145.3,96.4,0.544
10.78,32447.0,35767.1,2.1541,1.8823,145.3,96.4,0.544
10.8,32374.8,35766.4,1.8048,1.8806,145.3,96.4,0.544
10.82,32316.9,35556.4,1.5245,1.3647,145.3,96.4,0.544
10.84,32217.4,35338.7,1.0435,0.8301,145.3,96.4,0.544
10.86,31978.2,35234.5,-0.1134,0.5739,145.3,96.4,0.544
10.88,32106.7,35182.3,0.5079,0.4459,145.3,96.4,0.544
10.9,31943.9,35117.8,-0.2795,0.2875,145.3,96.4,0.544
10.92,31902.6,35089.3,-0.4794,0.2173,145.3,96.4,0.544
10.94,31953.9,34893.8,-0.2312,-0.2628,145.3,96.4,0.544
10.96,31915.3,34751.6,-0.4177,-0.6122,145.3,96.4,0.544
10.98,31785.9,34694.7,-1.0436,-0.7518,145.3,96.4,0.544
11.0,31847.1,34670.3,-0.7479,-0.8117,145.3,96.4,0.544
11.02,31892.3,34653.8,-0.5289,-0.8523,145.3,96.4,0.544
11.04,31833.0,34545.8,-0.8161,-1.1177,145.3,96.4,0.544
11.06,31781.7,34541.9,-1.0639,-1.1272,145.3,96.4,0.544
11.08,31704.3,34493.8,-1.4386,-1.2454,145.3,96.4,0.544
11.1,31789.8,34529.2,-1.0249,-1.1583,145.3,96.4,0.544
11.12,31783.6,34628.4,-1.0548,-0.9147,145.3,96.4,0.544
11.14,32051.1,34882.2,0.2389,-0.2914,145.3,96.4,0.544
11.16,32183.3,35357.8,0.8786,0.8768,145.3,96.4,0.544
11.18,32361.0,35668.0,1.738,1.6387,145.3,96.4,0.544
11.2,32482.4,35770.1,2.3253,1.8896,145.3,96.4,0.544
11.22,32342.9,35673.2,1.6505,1.6516,145.3,96.4,0.544
11.24,32274.6,35441.5,1.3201,1.0825,145.3,96.4,0.544
11.26,32106.2,35285.7,0.5057,0.6999,145.3,96.4,0.544
11.28,32089.4,35142.1,0.4241,0.3472,145.3,96.4,0.544
11.3,32015.4,35047.0,0.0663,0.1134,145.3,96.4,0.544
11.32,31982.7,34936.4,-0.0917,-0.1583,145.3,96.4,0.544
11.34,32046.4,35041.7,0.2165,0.1004,145.3,96.4,0.544
11.36,31920.8,34893.7,-0.3911,-0.263,145.3,96.4,0.544
11.38,31959.0,34760.3,-0.2065,-0.5908,145.3,96.4,0.544
11.4,31877.8,34765.0,-0.5995,-0.5792,145.3,96.4,0.544
11.42,31781.6,34725.7,-1.0645,-0.6757,145.3,96.4,0.544
11.44,31871.8,34611.6,-0.6285,-0.9559,145.3,96.4,0.544
11.46,31772.6,34577.7,-1.1082,-1.0392,145.3,96.4,0.544
11.48,31697.6,34542.0,-1.4709,-1.127,145.3,96.4,0.544
11.5,31810.0,34461.3,-0.9274,-1.3251,145.3,96.4,0.544
11.52,31783.9,34554.6,-1.0536,-1.0961,145.3,96.4,0.544
11.54,31882.4,34771.0,-0.577,-0.5644,145.3,96.4,0.544
11.56,32109.6,35193.3,0.5218,0.4729,145.3,96.4,0.544
11.58,32222.8,35480.4,1.0696,1.1781,145.3,96.4,0.544
11.6,32366.2,35739.4,1.7633,1.8142,145.3,96.4,0.544
11.62,32358.5,35778.1,1.7257,1.9094,145.3,96.4,0.544
11.64,32292.8,35636.4,1.4083,1.5613,145.3,96.4,0.544
11.66,32208.0,35400.4,0.9981,0.9815,145.3,96.4,0.544
11.68,32147.4,35218.7,0.7046,0.5352,145.3,96.4,0.544
11.7,31999.2,35163.4,-0.0118,0.3995,145.3,96.4,0.544
11.72,32090.4,35136.3,0.4293,0.3329,145.3,96.4,0.544
11.74,32013.4,35030.3,0.0566,0.0725,145.3,96.4,0.544
11.76,31998.6,35038.4,-0.0151,0.0924,145.3,96.4,0.544
11.78,31920.4,34799.5,-0.393,-0.4945,145.3,96.4,0.544
11.8,31805.2,34649.2,-0.9506,-0.8638,145.3,96.4,0.544
11.82,31927.3,34673.4,-0.3596,-0.8041,145.3,96.4,0.544
11.84,31866.6,34670.5,-0.6535,-0.8114,145.3,96.4,0.544
11.86,31849.1,34533.1,-0.7379,-1.1487,145.3,96.4,0.544
11.88,31762.3,34568.8,-1.1581,-1.0612,145.3,96.4,0.544
11.9,31750.1,34575.9,-1.2169,-1.0437,145.3,96.4,0.544
11.92,31793.9,34456.1,-1.0049,-1.3379,145.3,96.4,0.544
11.94,31774.1,34542.2,-1.1009,-1.1265,145.3,96.4,0.544
11.96,31865.5,34855.5,-0.6588,-0.3568,145.3,96.4,0.544
11.98,32089.4,35191.4,0.4245,0.4682,145.3,96.4,0.544
12.0,32279.4,35531.6,1.3435,1.3039,145.3,96.4,0.544
12.02,32363.7,35764.6,1.7511,1.876,145.3,96.4,0.544
12.04,32361.9,35706.9,1.7423,1.7344,145.3,96.4,0.544
12.06,32169.0,35540.4,0.8093,1.3254,145.3,96.4,0.544
12.08,32197.6,35386.9,0.9477,0.9484,145.3,96.4,0.544
12.1,32097.7,35230.0,0.4643,0.5631,145.3,96.4,0.544
12.12,32130.2,35167.2,0.6216,0.4086,145.3,96.4,0.544
12.14,32071.2,35125.6,0.3364,0.3066,145.3,96.4,0.544
12.16,31974.8,35046.4,-0.13,0.1119,145.3,96.4,0.544
12.18,31980.9,34993.3,-0.1005,-0.0184,145.3,96.4,0.544
12.2,31926.9,34791.1,-0.3617,-0.5151,145.3,96.4,0.544
12.22,31814.7,34737.5,-0.9044,-0.6469,145.3,96.4,0.544
12.24,31795.0,34708.6,-0.9996,-0.7177,145.3,96.4,0.544
12.26,31794.3,34659.6,-1.0033,-0.8382,145.3,96.4,0.544
12.28,31839.3,34660.4,-0.7854,-0.836,145.3,96.4,0.544
12.3,31795.8,34511.2,-0.9961,-1.2026,145.3,96.4,0.544
12.32,31720.6,34440.1,-1.3594,-1.3773,145.3,96.4,0.544
12.34,31692.2,34580.9,-1.4968,-1.0313,145.3,96.4,0.544
12.36,31830.8,34630.0,-0.8263,-0.9109,145.3,96.4,0.544
12.38,32047.8,35000.4,0.2232,-0.0011,145.3,96.4,0.544
12.4,32129.7,35403.9,0.6192,0.9902,145.3,96.4,0.544
12.42,32285.0,35753.7,1.3706,1.8493,145.3,96.4,0.544
12.44,32384.9,35838.8,1.8538,2.0583,145.3,96.4,0.544
12.46,32267.6,35636.1,1.2863,1.5605,145.3,96.4,0.544
12.48,32296.0,35472.0,1.4237,1.1573,145.3,96.4,0.544
12.5,32130.6,35300.5,0.6237,0.7361,145.3,96.4,0.544
12.52,32097.1,35251.4,0.4617,0.6155,145.3,96.4,0.544
12.54,32123.3,35148.7,0.5884,0.3633,145.3,96.4,0.544
12.56,32094.1,34988.9,0.447,-0.0293,145.3,96.4,0.544
12.58,31976.7,34989.6,-0.1207,-0.0276,145.3,96.4,0.544
12.6,31969.1,34914.1,-0.1575,-0.2131,145.3,96.4,0.544
12.62,31867.0,34802.0,-0.6513,-0.4883,145.3,96.4,0.544
12.64,31927.1,34654.8,-0.3606,-0.8499,145.3,96.4,0.544
12.66,31834.9,34679.1,-0.8069,-0.7902,145.3,96.4,0.544
12.68,31870.5,34721.4,-0.6346,-0.6864,145.3,96.4,0.544
12.7,31838.6,34621.0,-0.789,-0.933,145.3,96.4,0.544
12.72,31809.0,34444.3,-0.9322,-1.367,145.3,96.4,0.544
12.74,31705.6,34463.7,-1.432,-1.3194,145.3,96.4,0.544
12.76,31767.5,34470.9,-1.1327,-1.3016,145.3,96.4,0.544
12.78,31836.5,34858.4,-0.7989,-0.3497,145.3,96.4,0.544
12.8,32006.4,35103.3,0.0226,0.2517,145.3,96.4,0.544
12.82,32235.4,35543.5,1.1306,1.3331,145.3,96.4,0.544
12.84,32323.8,35649.4,1.558,1.5933,145.3,96.4,0.544
12.86,32367.6,35731.9,1.7701,1.7957,145.3,96.4,0.544
12.88,32254.7,35611.4,1.2236,1.4997,145.3,96.4,0.544
12.9,32137.8,35434.0,0.6586,1.0641,145.3,96.4,0.544
12.92,32153.1,35192.9,0.7325,0.4719,145.3,96.4,0.544
12.94,31989.7,35086.6,-0.0578,0.2107,145.3,96.4,0.544
12.96,31981.7,35071.8,-0.0965,0.1743,145.3,96.4,0.544
12.98,32102.4,35057.3,0.4873,0.1387,145.3,96.4,0.544
13.0,31991.7,34966.0,-0.0483,-0.0854,145.3,96.4,0.544
13.02,31914.2,34922.3,-0.4231,-0.1928,145.3,96.4,0.544
13.04,31857.5,34743.0,-0.6974,-0.6332,145.3,96.4,0.544
13.06,31818.7,34709.2,-0.8852,-0.7162,145.3,96.4,0.544
13.08,31757.5,34645.4,-1.1809,-0.8731,145.3,96.4,0.544
13.1,31844.5,34681.1,-0.7605,-0.7854,145.3,96.4,0.544
13.12,31867.9,34607.5,-0.6472,-0.9662,145.3,96.4,0.544
13.14,31646.2,34384.8,-1.7194,-1.5132,145.3,96.4,0.544
13.16,31650.3,34430.9,-1.6998,-1.3998,145.3,96.4,0.544
13.18,31787.1,34553.0,-1.0378,-1.1,145.3,96.4,0.544
13.2,31966.3,34954.3,-0.1711,-0.1142,145.3,96.4,0.544
13.22,32173.1,35194.2,0.829,0.4751,145.3,96.4,0.544
13.24,32284.9,35670.6,1.3701,1.6451,145.3,96.4,0.544
13.26,32450.0,35722.5,2.1685,1.7727,145.3,96.4,0.544
13.28,32347.0,35707.0,1.6701,1.7346,145.3,96.4,0.544
13.3,32297.0,35557.4,1.4286,1.3673,145.3,96.4,0.544
13.32,32191.6,35337.8,0.9187,0.8278,145.3,96.4,0.544
13.34,32029.8,35198.8,0.1359,0.4864,145.3,96.4,0.544
13.36,32069.4,35228.2,0.3273,0.5585,145.3,96.4,0.544
13.38,32130.5,35031.5,0.6231,0.0755,145.3,96.4,0.544
13.4,32019.2,35007.8,0.0847,0.0172,145.3,96.4,0.544
13.42,31955.3,34997.4,-0.2246,-0.0085,145.3,96.4,0.544
13.44,31908.6,34713.5,-0.4504,-0.7057,145.3,96.4,0.544
13.46,31810.6,34676.4,-0.9244,-0.797,145.3,96.4,0.544
13.48,31881.5,34753.5,-0.5812,-0.6075,145.3,96.4,0.544
13.5,31828.5,34710.3,-0.8379,-0.7136,145.3,96.4,0.544
13.52,31844.1,34650.3,-0.762,-0.8609,145.3,96.4,0.544
13.54,31772.4,34547.0,-1.1091,-1.1148,145.3,96.4,0.544
13.56,31728.5,34489.6,-1.3212,-1.2558,145.3,96.4,0.544
13.58,31768.2,34492.4,-1.1295,-1.2487,145.3,96.4,0.544
13.6,31837.1,34673.3,-0.7962,-0.8046,145.3,96.4,0.544
13.62,32015.4,35048.8,0.0663,0.1179,145.3,96.4,0.544
13.64,32120.5,35445.6,0.5745,1.0925,145.3,96.4,0.544
13.66,32440.2,35698.5,2.1213,1.7139,145.3,96.4,0.544
13.68,32354.6,35661.6,1.707,1.623,145.3,96.4,0.544
13.7,32237.5,35633.8,1.1405,1.5548,145.3,96.4,0.544
13.72,32228.5,35490.6,1.0973,1.203,145.3,96.4,0.544
13.74,32133.1,35305.0,0.6358,0.7472,145.3,96.4,0.544
13.76,32138.8,35098.9,0.6631,0.2409,145.3,96.4,0.544
13.78,32079.3,35078.2,0.3756,0.1901,145.3,96.4,0.544
13.8,31974.2,35028.6,-0.1329,0.0682,145.3,96.4,0.544
13.82,32028.7,34972.0,0.1306,-0.0708,145.3,96.4,0.544
13.84,31900.9,34865.3,-0.4874,-0.3328,145.3,96.4,0.544
13.86,31854.4,34743.0,-0.7126,-0.6332,145.3,96.4,0.544
13.88,31848.0,34715.9,-0.7435,-0.6997,145.3,96.4,0.544
13.9,31912.2,34592.3,-0.4328,-1.0035,145.3,96.4,0.544
13.92,31873.6,34666.8,-0.6195,-0.8205,145.3,96.4,0.544
13.94,31733.2,34587.9,-1.2986,-1.0143,145.3,96.4,0.544
13.96,31694.3,34504.1,-1.4867,-1.2201,145.3,96.4,0.544
13.98,31720.2,34428.6,-1.3616,-1.4056,145.3,96.4,0.544
14.0,31784.8,34495.2,-1.0489,-1.2419,145.3,96.4,0.544
14.02,31865.7,34879.2,-0.658,-0.2987,145.3,96.4,0.544
14.04,32102.5,35146.3,0.4878,0.3573,145.3,96.4,0.544
14.06,32219.5,35529.3,1.0536,1.2981,145.3,96.4,0.544
14.08,32361.7,35776.7,1.7413,1.9058,145.3,96.4,0.544
14.1,32443.6,35807.8,2.1374,1.9822,145.3,96.4,0.544
14.12,32295.6,35581.0,1.4218,1.4252,145.3,96.4,0.544
14.14,32190.6,35421.3,0.9136,1.0329,145.3,96.4,0.544
14.16,32208.9,35201.6,1.0024,0.4933,145.3,96.4,0.544
14.18,32077.8,35066.1,0.368,0.1605,145.3,96.4,0.544
14.2,32128.3,34965.5,0.6124,-0.0867,145.3,96.4,0.544
14.22,32067.4,34919.4,0.318,-0.1999,145.3,96.4,0.544
14.24,31895.1,34885.8,-0.5154,-0.2824,145.3,96.4,0.544
14.26,31805.0,34843.7,-0.9516,-0.386,145.3,96.4,0.544
14.28,31807.8,34775.8,-0.9377,-0.5527,145.3,96.4,0.544
14.3,31776.4,34695.9,-1.0895,-0.7489,145.3,96.4,0.544
14.32,31855.4,34645.8,-0.7074,-0.872,145.3,96.4,0.544
14.34,31855.5,34586.6,-0.7071,-1.0174,145.3,96.4,0.544
14.36,31826.8,34553.5,-0.8458,-1.0988,145.3,96.4,0.544
14.38,31776.1,34462.1,-1.0913,-1.3233,145.3,96.4,0.544
14.4,31653.3,34375.8,-1.6853,-1.5353,145.3,96.4,0.544
14.42,31860.3,34629.8,-0.684,-0.9114,145.3,96.4,0.544
14.44,32013.6,34939.5,0.0578,-0.1506,145.3,96.4,0.544
14.46,32082.5,35316.1,0.3909,0.7746,145.3,96.4,0.544
14.48,32289.6,35639.9,1.3927,1.5697,145.3,96.4,0.544
14.5,32295.6,35719.6,1.4218,1.7657,145.3,96.4,0.544
14.52,32298.5,35735.5,1.4356,1.8047,145.3,96.4,0.544
14.54,32190.7,35639.7,0.9144,1.5693,145.3,96.4,0.544
14.56,32226.3,35346.3,1.0863,0.8486,145.3,96.4,0.544
14.58,32151.2,35215.3,0.7231,0.5269,145.3,96.4,0.544
14.6,32115.1,35119.6,0.5485,0.2919,145.3,96.4,0.544
14.62,32067.6,35085.5,0.3187,0.2081,145.3,96.4,0.544
14.64,31953.0,34941.3,-0.2354,-0.1461,145.3,96.4,0.544
14.66,31881.3,34846.3,-0.5823,-0.3796,145.3,96.4,0.544
14.68,31847.7,34708.0,-0.7447,-0.7193,145.3,96.4,0.544
14.7,31915.0,34699.6,-0.4191,-0.7398,145.3,96.4,0.544
14.72,31849.8,34665.7,-0.7347,-0.8231,145.3,96.4,0.544
14.74,31762.9,34609.2,-1.1549,-0.9619,145.3,96.4,0.544
14.76,31861.5,34673.9,-0.6782,-0.803,145.3,96.4,0.544
14.78,31775.2,34485.2,-1.0953,-1.2666,145.3,96.4,0.544
14.8,31819.8,34439.9,-0.88,-1.3778,145.3,96.4,0.544
14.82,31748.2,34538.9,-1.2261,-1.1346,145.3,96.4,0.544
14.84,31862.6,34656.7,-0.673,-0.8453,145.3,96.4,0.544
14.86,31949.2,34993.4,-0.254,-0.0182,145.3,96.4,0.544
14.88,32228.3,35442.9,1.0963,1.086,145.3,96.4,0.544
14.9,32351.3,35719.0,1.6912,1.7642,145.3,96.4,0.544
14.92,32374.4,35739.6,1.8027,1.8148,145.3,96.4,0.544
14.94,32252.6,35672.8,1.2137,1.6505,145.3,96.4,0.544
14.96,32268.3,35460.6,1.2896,1.1294,145.3,96.4,0.544
14.98,32092.2,35245.5,0.438,0.601,145.3,96.4,0.544
15.0,32194.3,35125.2,0.9318,0.3055,145.3,96.4,0.544
15.02,31997.3,35041.0,-0.021,0.0987,145.3,96.4,0.544
15.04,31998.2,35056.9,-0.0171,0.1379,145.3,96.4,0.544
15.06,32000.3,35008.7,-0.0065,0.0194,145.3,96.4,0.544
15.08,31882.0,34860.4,-0.579,-0.3448,145.3,96.4,0.544
15.1,31856.0,34786.4,-0.7047,-0.5266,145.3,96.4,0.544
15.12,31969.0,34635.0,-0.1581,-0.8986,145.3,96.4,0.544
15.14,31796.8,34739.6,-0.9909,-0.6417,145.3,96.4,0.544
15.16,31880.4,34531.0,-0.5866,-1.1541,145.3,96.4,0.544
15.18,31811.9,34619.3,-0.9182,-0.937,145.3,96.4,0.544
15.2,31727.2,34449.8,-1.3277,-1.3536,145.3,96.4,0.544
15.22,31762.7,34433.3,-1.1559,-1.3939,145.3,96.4,0.544
15.24,31815.7,34576.3,-0.8996,-1.0428,145.3,96.4,0.544
15.26,31975.4,34790.8,-0.1272,-0.5157,145.3,96.4,0.544
15.28,31972.0,35122.6,-0.1434,0.2992,145.3,96.4,0.544
15.3,32273.4,35518.4,1.3141,1.2713,145.3,96.4,0.544
15.32,32382.3,35657.7,1.8411,1.6135,145.3,96.4,0.544
15.34,32348.3,35739.7,1.6767,1.8149,145.3,96.4,0.544
15.36,32376.3,35559.4,1.8123,1.3721,145.3,96.4,0.544
15.38,32158.4,35454.5,0.758,1.1145,145.3,96.4,0.544
15.4,32107.7,35185.5,0.513,0.4537,145.3,96.4,0.544
15.42,32136.2,35200.6,0.6506,0.4907,145.3,96.4,0.544
15.44,32078.8,35151.4,0.373,0.3698,145.3,96.4,0.544
15.46,31981.0,35076.7,-0.1002,0.1865,145.3,96.4,0.544
15.48,31927.6,34814.6,-0.3582,-0.4575,145.3,96.4,0.544
15.5,31851.5,34808.4,-0.7266,-0.4727,145.3,96.4,0.544
15.52,31846.1,34681.0,-0.7526,-0.7855,145.3,96.4,0.544
15.54,31854.3,34763.7,-0.713,-0.5824,145.3,96.4,0.544
15.56,31757.5,34619.6,-1.1811,-0.9364,145.3,96.4,0.544
15.58,31767.9,34659.5,-1.1307,-0.8383,145.3,96.4,0.544
15.6,31853.1,34548.0,-0.7187,-1.1122,145.3,96.4,0.544
15.62,31789.2,34460.8,-1.0278,-1.3265,145.3,96.4,0.544
15.64,31769.1,34405.1,-1.1252,-1.4634,145.3,96.4,0.544
15.66,31875.7,34660.9,-0.6093,-0.8349,145.3,96.4,0.544
15.68,31985.2,34865.3,-0.0798,-0.333,145.3,96.4,0.544
15.7,32156.6,35269.9,0.7494,0.6611,145.3,96.4,0.544
15.72,32335.1,35639.2,1.6126,1.5681,145.3,96.4,0.544
15.74,32394.0,35780.3,1.8978,1.9147,145.3,96.4,0.544
15.76,32295.1,35765.7,1.4194,1.8788,145.3,96.4,0.544
15.78,32296.0,35526.0,1.4236,1.2901,145.3,96.4,0.544
15.8,32062.0,35287.4,0.2917,0.7039,145.3,96.4,0.544
15.82,32152.3,35085.7,0.7288,0.2086,145.3,96.4,0.544
15.84,32012.3,35090.3,0.0513,0.2197,145.3,96.4,0.544
15.86,31954.4,35028.9,-0.2288,0.069,145.3,96.4,0.544
15.88,31957.1,35014.0,-0.2156,0.0325,145.3,96.4,0.544
15.9,31902.3,34912.3,-0.4809,-0.2175,145.3,96.4,0.544
15.92,31846.4,34799.6,-0.7509,-0.4942,145.3,96.4,0.544
15.94,31842.6,34727.7,-0.7697,-0.6709,145.3,96.4,0.544
15.96,31841.5,34713.7,-0.7748,-0.7051,145.3,96.4,0.544
15.98,31826.8,34685.3,-0.8459,-0.7749,145.3,96.4,0.544
16.0,31827.3,34547.1,-0.8434,-1.1146,145.3,96.4,0.544
16.02,31806.2,34478.8,-0.9456,-1.2821,145.3,96.4,0.544
16.04,31761.2,34567.9,-1.1634,-1.0634,145.3,96.4,0.544
16.06,31821.2,34467.4,-0.8731,-1.3101,145.3,96.4,0.544
16.08,31852.6,34713.9,-0.721,-0.7048,145.3,96.4,0.544
16.1,32140.0,35094.1,0.6691,0.2292,145.3,96.4,0.544
16.12,32214.0,35448.0,1.027,1.0985,145.3,96.4,0.544
16.14,32361.5,35717.3,1.7403,1.76,145.3,96.4,0.544
16.16,32396.5,35787.1,1.9097,1.9313,145.3,96.4,0.544
16.18,32311.6,35629.5,1.4993,1.5443,145.3,96.4,0.544
16.2,32125.8,35508.6,0.6003,1.2474,145.3,96.4,0.544
16.22,32122.8,35176.2,0.5856,0.4309,145.3,96.4,0.544
16.24,32043.3,35165.0,0.2014,0.4033,145.3,96.4,0.544
16.26,31996.9,35085.6,-0.0232,0.2082,145.3,96.4,0.544
16.28,32034.7,35031.9,0.1595,0.0764,145.3,96.4,0.544
16.3,31950.0,34856.5,-0.2501,-0.3544,145.3,96.4,0.544
16.32,32025.4,34850.5,0.1145,-0.3693,145.3,96.4,0.544
16.34,31837.9,34763.8,-0.7921,-0.5821,145.3,96.4,0.544
16.36,31856.6,34664.4,-0.702,-0.8263,145.3,96.4,0.544
16.38,31876.8,34703.8,-0.604,-0.7295,145.3,96.4,0.544
16.4,31797.7,34675.7,-0.9867,-0.7987,145.3,96.4,0.544
16.42,31713.4,34595.3,-1.3946,-0.9962,145.3,96.4,0.544
16.44,31763.0,34529.5,-1.1543,-1.1577,145.3,96.4,0.544
16.46,31637.7,34497.2,-1.7604,-1.237,145.3,96.4,0.544
16.48,31729.0,34582.5,-1.3188,-1.0276,145.3,96.4,0.544
16.5,31924.5,34873.2,-0.3733,-0.3133,145.3,96.4,0.544
16.52,32095.1,35193.7,0.4516,0.4738,145.3,96.4,0.544
16.54,32246.5,35535.8,1.1843,1.314,145.3,96.4,0.544
16.56,32343.1,35701.5,1.6514,1.7211,145.3,96.4,0.544
16.58,32403.6,35662.7,1.9439,1.6257,145.3,96.4,0.544
16.6,32352.9,35570.2,1.6988,1.3986,145.3,96.4,0.544
16.62,32236.1,35404.2,1.1337,0.9909,145.3,96.4,0.544
16.64,32139.2,35233.0,0.6652,0.5703,145.3,96.4,0.544
16.66,32051.3,35139.2,0.2398,0.34,145.3,96.4,0.544
16.68,32172.6,35083.6,0.8268,0.2033,145.3,96.4,0.544
16.7,32096.8,34941.1,0.4603,-0.1467,145.3,96.4,0.544
16.72,32039.4,34858.6,0.1822,-0.3492,145.3,96.4,0.544
16.74,31918.6,34799.7,-0.4019,-0.4939,145.3,96.4,0.544
16.76,31894.0,34706.2,-0.5207,-0.7237,145.3,96.4,0.544
16.78,31817.8,34686.1,-0.8895,-0.7731,145.3,96.4,0.544
16.8,31880.3,34707.4,-0.5871,-0.7207,145.3,96.4,0.544
16.82,31742.8,34620.5,-1.2521,-0.934,145.3,96.4,0.544
16.84,31692.7,34568.8,-1.4947,-1.0612,145.3,96.4,0.544
16.86,31744.5,34424.0,-1.2443,-1.4168,145.3,96.4,0.544
16.88,31784.2,34397.3,-1.0519,-1.4825,145.3,96.4,0.544
16.9,31856.9,34623.4,-0.7002,-0.927,145.3,96.4,0.544
16.92,32010.7,34894.5,0.0434,-0.2612,145.3,96.4,0.544
16.94,32164.5,35420.0,0.7876,1.0298,145.3,96.4,0.544
16.96,32265.3,35685.5,1.2752,1.6818,145.3,96.4,0.544
16.98,32431.0,35737.5,2.0766,1.8097,145.3,96.4,0.544
17.0,32312.1,35713.3,1.5015,1.7502,145.3,96.4,0.544
17.02,32295.3,35600.6,1.4202,1.4732,145.3,96.4,0.544
17.04,32114.7,35184.7,0.5465,0.4516,145.3,96.4,0.544
17.06,32100.6,35138.6,0.4787,0.3384,145.3,96.4,0.544
17.08,32092.3,35161.4,0.4385,0.3944,145.3,96.4,0.544
17.1,32104.9,35040.7,0.4992,0.0981,145.3,96.4,0.544
17.12,32080.1,34990.7,0.3792,-0.0249,145.3,96.4,0.544
17.14,31970.0,34816.4,-0.1532,-0.453,145.3,96.4,0.544
17.16,31928.7,34797.2,-0.3532,-0.5002,145.3,96.4,0.544
17.18,31884.1,34676.7,-0.5688,-0.7962,145.3,96.4,0.544
17.2,31785.9,34637.3,-1.0436,-0.8929,145.3,96.4,0.544
17.22,31908.2,34692.8,-0.4522,-0.7566,145.3,96.4,0.544
17.24,31861.1,34666.8,-0.6802,-0.8205,145.3,96.4,0.544
17.26,31696.4,34596.4,-1.4765,-0.9934,145.3,96.4,0.544
17.28,31812.9,34390.4,-0.9132,-1.4994,145.3,96.4,0.544
17.3,31766.3,34505.3,-1.1386,-1.2172,145.3,96.4,0.544
17.32,31850.5,34759.8,-0.7315,-0.592,145.3,96.4,0.544
17.34,32075.4,35106.4,0.3565,0.2593,145.3,96.4,0.544
17.36,32192.1,35417.6,0.9208,1.0238,145.3,96.4,0.544
17.38,32305.0,35659.1,1.4672,1.6169,145.3,96.4,0.544
17.4,32344.7,35812.1,1.6592,1.9927,145.3,96.4,0.544
17.42,32295.9,35539.6,1.4232,1.3235,145.3,96.4,0.544
17.44,32144.1,35349.1,0.689,0.8555,145.3,96.4,0.544
17.46,32156.7,35278.1,0.7498,0.6812,145.3,96.4,0.544
17.48,32075.4,35181.9,0.3564,0.4449,145.3,96.4,0.544
17.5,32097.8,35180.0,0.4648,0.4402,145.3,96.4,0.544
17.52,32056.1,35093.5,0.2632,0.2276,145.3,96.4,0.544
17.54,32003.1,34947.7,0.0069,-0.1305,145.3,96.4,0.544
17.56,31889.4,34791.6,-0.5432,-0.5139,145.3,96.4,0.544
17.58,31896.8,34761.2,-0.5074,-0.5885,145.3,96.4,0.544
17.6,31848.5,34714.6,-0.7411,-0.703,145.3,96.4,0.544
17.62,31932.8,34536.9,-0.3333,-1.1395,145.3,96.4,0.544
17.64,31802.3,34655.0,-0.9644,-0.8494,145.3,96.4,0.544
17.66,31761.1,34534.0,-1.1637,-1.1467,145.3,96.4,0.544
17.68,31732.0,34419.9,-1.3043,-1.4268,145.3,96.4,0.544
17.7,31712.7,34433.5,-1.398,-1.3936,145.3,96.4,0.544
17.72,31662.5,34517.3,-1.6405,-1.1876,145.3,96.4,0.544
17.74,31941.9,34843.2,-0.2891,-0.3872,145.3,96.4,0.544
17.76,32055.9,35294.5,0.2623,0.7214,145.3,96.4,0.544
17.78,32307.9,35578.6,1.4813,1.4193,145.3,96.4,0.544
17.8,32422.3,35761.2,2.0346,1.8677,145.3,96.4,0.544
17.82,32321.6,35670.1,1.5473,1.644,145.3,96.4,0.544
17.84,32249.2,35565.1,1.1971,1.386,145.3,96.4,0.544
17.86,32179.9,35319.2,0.8621,0.7821,145.3,96.4,0.544
17.88,32063.5,35205.8,0.2991,0.5036,145.3,96.4,0.544
17.9,32073.8,35093.5,0.3488,0.2277,145.3,96.4,0.544
17.92,32064.1,35094.6,0.3017,0.2304,145.3,96.4,0.544
17.94,32077.0,35019.4,0.3641,0.0457,145.3,96.4,0.544
17.96,31988.4,34882.1,-0.0642,-0.2915,145.3,96.4,0.544
17.98,31865.6,34779.1,-0.6584,-0.5447,145.3,96.4,0.544
18.0,31801.5,34653.1,-0.9685,-0.854,145.3,96.4,0.544
18.02,31875.6,34697.5,-0.6098,-0.745,145.3,96.4,0.544
18.04,31845.8,34707.9,-0.7539,-0.7194,145.3,96.4,0.544
18.06,31817.9,34523.6,-0.8889,-1.1721,145.3,96.4,0.544
18.08,31786.0,34660.5,-1.0431,-0.8358,145.3,96.4,0.544
18.1,31677.7,34557.9,-1.567,-1.0878,145.3,96.4,0.544
18.12,31759.2,34407.7,-1.1731,-1.4568,145.3,96.4,0.544
18.14,31795.0,34665.0,-0.9999,-0.8249,145.3,96.4,0.544
18.16,32049.1,34994.8,0.2292,-0.0147,145.3,96.4,0.544
18.18,32214.0,35398.0,1.0271,0.9757,145.3,96.4,0.544
18.2,32259.5,35671.3,1.2469,1.647,145.3,96.4,0.544
18.22,32210.4,35780.5,1.0098,1.9153,145.3,96.4,0.544
18.24,32327.3,35804.2,1.5748,1.9734,145.3,96.4,0.544
18.26,32236.7,35482.0,1.1367,1.1819,145.3,96.4,0.544
18.28,32106.8,35270.4,0.5085,0.6623,145.3,96.4,0.544
18.3,32021.7,35244.3,0.0967,0.5982,145.3,96.4,0.544
18.32,32080.7,35106.4,0.3821,0.2594,145.3,96.4,0.544
18.34,32105.8,34982.1,0.5036,-0.0461,145.3,96.4,0.544
18.36,32019.8,34902.4,0.0878,-0.2417,145.3,96.4,0.544
18.38,31876.9,34905.6,-0.6037,-0.234,145.3,96.4,0.544
18.4,31878.0,34754.7,-0.5983,-0.6045,145.3,96.4,0.544
18.42,31867.8,34605.1,-0.6478,-0.9721,145.3,96.4,0.544
18.44,31806.7,34755.5,-0.9434,-0.6026,145.3,96.4,0.544
18.46,31846.5,34604.8,-0.7505,-0.9727,145.3,96.4,0.544
18.48,31833.7,34613.1,-0.8128,-0.9524,145.3,96.4,0.544
18.5,31774.6,34551.6,-1.0985,-1.1034,145.3,96.4,0.544
18.52,31804.3,34406.7,-0.9549,-1.4593,145.3,96.4,0.544
18.54,31894.6,34492.5,-0.518,-1.2485,145.3,96.4,0.544
18.56,31841.8,34741.2,-0.7732,-0.6377,145.3,96.4,0.544
18.58,32084.0,35152.6,0.3982,0.3728,145.3,96.4,0.544
18.6,32266.4,35373.5,1.2804,0.9155,145.3,96.4,0.544
18.62,32452.0,35682.1,2.1783,1.6734,145.3,96.4,0.544
18.64,32394.8,35830.1,1.9016,2.0371,145.3,96.4,0.544
18.66,32364.8,35646.5,1.7565,1.586,145.3,96.4,0.544
18.68,32166.1,35395.0,0.7951,0.9683,145.3,96.4,0.544
18.7,32128.4,35286.5,0.613,0.7018,145.3,96.4,0.544
18.72,32126.7,35190.9,0.6045,0.4669,145.3,96.4,0.544
18.74,31997.7,35055.9,-0.0192,0.1352,145.3,96.4,0.544
18.76,32004.1,35055.0,0.0115,0.1331,145.3,96.4,0.544
18.78,32070.7,35024.3,0.334,0.0577,145.3,96.4,0.544
18.8,31851.9,34699.7,-0.7244,-0.7397,145.3,96.4,0.544
18.82,31856.7,34792.4,-0.7014,-0.512,145.3,96.4,0.544
18.84,31796.8,34711.9,-0.9912,-0.7096,145.3,96.4,0.544
18.86,31796.1,34652.0,-0.9946,-0.8567,145.3,96.4,0.544
18.88,31803.0,34672.3,-0.9609,-0.807,145.3,96.4,0.544
18.9,31845.7,34588.5,-0.7547,-1.0127,145.3,96.4,0.544
18.92,31613.7,34527.2,-1.8769,-1.1634,145.3,96.4,0.544
18.94,31682.1,34439.1,-1.546,-1.3798,145.3,96.4,0.544
18.96,31776.3,34545.8,-1.0902,-1.1176,145.3,96.4,0.544
18.98,31936.7,34893.4,-0.3144,-0.2637,145.3,96.4,0.544
19.0,32122.8,35261.6,0.586,0.6406,145.3,96.4,0.544
19.02,32363.7,35540.1,1.7511,1.3246,145.3,96.4,0.544
19.04,32397.5,35748.6,1.9146,1.8368,145.3,96.4,0.544
19.06,32309.1,35761.8,1.4871,1.8693,145.3,96.4,0.544
19.08,32324.5,35534.0,1.5617,1.3097,145.3,96.4,0.544
19.1,32168.7,35388.3,0.8081,0.9518,145.3,96.4,0.544
19.12,32162.2,35216.6,0.7764,0.53,145.3,96.4,0.544
19.14,32054.7,35135.1,0.2565,0.3298,145.3,96.4,0.544
19.16,32016.5,35145.6,0.0715,0.3556,145.3,96.4,0.544
19.18,32038.5,34968.5,0.1782,-0.0794,145.3,96.4,0.544
19.2,31886.4,34845.5,-0.5578,-0.3816,145.3,96.4,0.544
19.22,31925.9,34776.7,-0.3667,-0.5506,145.3,96.4,0.544
19.24,31808.0,34637.3,-0.9369,-0.8929,145.3,96.4,0.544
19.26,31821.2,34625.2,-0.8732,-0.9227,145.3,96.4,0.544
19.28,31898.5,34650.1,-0.4993,-0.8615,145.3,96.4,0.544
19.3,31809.8,34703.7,-0.9281,-0.7299,145.3,96.4,0.544
19.32,31805.6,34513.1,-0.9486,-1.1981,145.3,96.4,0.544
19.34,31682.9,34424.4,-1.5422,-1.4159,145.3,96.4,0.544
19.36,31798.2,34494.3,-0.9843,-1.2441,145.3,96.4,0.544
19.38,31925.2,34694.7,-0.3699,-0.7519,145.3,96.4,0.544
19.4,31914.9,34963.5,-0.4197,-0.0916,145.3,96.4,0.544
19.42,32141.7,35407.9,0.6773,1.0,145.3,96.4,0.544
19.44,32194.7,35652.6,0.9335,1.6009,145.3,96.4,0.544
19.46,32366.2,35682.3,1.7632,1.6739,145.3,96.4,0.544
19.48,32279.0,35696.3,1.3413,1.7084,145.3,96.4,0.544
19.5,32262.2,35478.5,1.2602,1.1735,145.3,96.4,0.544
19.52,32171.6,35247.3,0.8218,0.6054,145.3,96.4,0.544
19.54,32079.4,35074.4,0.376,0.1807,145.3,96.4,0.544
19.56,32035.1,35081.1,0.1618,0.1973,145.3,96.4,0.544
19.58,32085.4,35109.3,0.4048,0.2666,145.3,96.4,0.544
19.6,31917.2,34931.7,-0.4085,-0.1697,145.3,96.4,0.544
19.62,31942.6,34883.9,-0.2859,-0.2872,145.3,96.4,0.544
19.64,31872.3,34668.4,-0.6259,-0.8166,145.3,96.4,0.544
19.66,31853.4,34680.4,-0.7172,-0.7869,145.3,96.4,0.544
19.68,31818.1,34680.4,-0.8883,-0.787,145.3,96.4,0.544
19.7,31837.4,34611.4,-0.7947,-0.9564,145.3,96.4,0.544
19.72,31922.7,34613.9,-0.3823,-0.9504,145.3,96.4,0.544
19.74,31705.8,34536.9,-1.4312,-1.1395,145.3,96.4,0.544
19.76,31750.6,34429.4,-1.2143,-1.4035,145.3,96.4,0.544
19.78,31752.4,34553.9,-1.206,-1.0978,145.3,96.4,0.544
19.8,31806.0,34746.3,-0.9467,-0.6251,145.3,96.4,0.544
19.82,32005.0,35153.3,0.0161,0.3747,145.3,96.4,0.544
19.84,32265.2,35495.9,1.2746,1.216,145.3,96.4,0.544
19.86,32301.1,35835.5,1.4481,2.0502,145.3,96.4,0.544
19.88,32344.3,35732.5,1.6573,1.7972,145.3,96.4,0.544
19.9,32333.0,35559.1,1.6025,1.3714,145.3,96.4,0.544
19.92,32306.2,35419.2,1.4729,1.0278,145.3,96.4,0.544
19.94,32099.1,35157.9,0.4711,0.3859,145.3,96.4,0.544
19.96,32003.0,35140.5,0.0062,0.3432,145.3,96.4,0.544
19.98,32104.3,35081.5,0.4963,0.1982,145.3,96.4,0.544
20.0,32008.6,35091.8,0.0335,0.2235,145.3,96.4,0.544
20.02,32020.1,34963.0,0.0891,-0.0929,145.3,96.4,0.544
20.04,31999.6,34790.2,-0.0102,-0.5172,145.3,96.4,0.544
20.06,31946.3,34783.1,-0.2677,-0.5348,145.3,96.4,0.544
20.08,31843.1,34661.2,-0.767,-0.8342,145.3,96.4,0.544
20.1,31818.7,34671.3,-0.8849,-0.8093,145.3,96.4,0.544
20.12,31860.1,34663.1,-0.6849,-0.8294,145.3,96.4,0.544
20.14,31802.4,34587.5,-0.964,-1.0153,145.3,96.4,0.544
20.16,31710.6,34503.2,-1.4079,-1.2222,145.3,96.4,0.544
20.18,31681.7,34465.8,-1.548,-1.3141,145.3,96.4,0.544
20.2,31849.0,34578.9,-0.7388,-1.0364,145.3,96.4,0.544
20.22,32015.9,34799.7,0.0689,-0.4941,145.3,96.4,0.544
20.24,32141.7,35262.5,0.6774,0.6427,145.3,96.4,0.544
20.26,32238.9,35565.8,1.1475,1.3878,145.3,96.4,0.544
20.28,32371.9,35760.4,1.7906,1.8658,145.3,96.4,0.544
20.3,32326.9,35656.8,1.573,1.6114,145.3,96.4,0.544
20.32,32242.6,35607.0,1.1655,1.489,145.3,96.4,0.544
20.34,32226.2,35349.0,1.0858,0.8553,145.3,96.4,0.544
20.36,32075.2,35124.0,0.3554,0.3027,145.3,96.4,0.544
20.38,32049.1,35225.6,0.2294,0.5522,145.3,96.4,0.544
20.4,31942.1,35145.3,-0.2883,0.3549,145.3,96.4,0.544
20.42,32020.9,35016.7,0.093,0.039,145.3,96.4,0.544
20.44,31940.1,34893.2,-0.2979,-0.2644,145.3,96.4,0.544
20.46,31829.7,34728.2,-0.8319,-0.6696,145.3,96.4,0.544
20.48,31795.7,34644.2,-0.9966,-0.8759,145.3,96.4,0.544
20.5,31808.1,34680.1,-0.9362,-0.7878,145.3,96.4,0.544
20.52,31872.0,34682.5,-0.6272,-0.7818,145.3,96.4,0.544
20.54,31791.5,34636.1,-1.0165,-0.896,145.3,96.4,0.544
20.56,31744.0,34592.8,-1.2466,-1.0022,145.3,96.4,0.544
20.58,31655.7,34461.2,-1.6733,-1.3255,145.3,96.4,0.544
20.6,31794.6,34462.4,-1.0016,-1.3224,145.3,96.4,0.544
20.62,31816.4,34757.6,-0.8961,-0.5974,145.3,96.4,0.544
20.64,31994.7,34934.5,-0.0339,-0.1628,145.3,96.4,0.544
20.66,32189.0,35502.7,0.9063,1.2327,145.3,96.4,0.544
20.68,32383.6,35745.9,1.8475,1.8302,145.3,96.4,0.544
20.7,32424.9,35840.6,2.0469,2.0629,145.3,96.4,0.544
20.72,32440.6,35615.3,2.1231,1.5093,145.3,96.4,0.544
20.74,32122.6,35574.3,0.5851,1.4088,145.3,96.4,0.544
20.76,32099.2,35328.1,0.4717,0.804,145.3,96.4,0.544
20.78,32059.0,35127.8,0.2774,0.312,145.3,96.4,0.544
20.8,32080.5,35052.4,0.3813,0.1266,145.3,96.4,0.544
20.82,31982.6,35002.6,-0.0925,0.0045,145.3,96.4,0.544
20.84,32023.4,34984.3,0.1053,-0.0406,145.3,96.4,0.544
20.86,31950.2,34796.3,-0.249,-0.5024,145.3,96.4,0.544
20.88,31863.6,34709.6,-0.6677,-0.7154,145.3,96.4,0.544
20.9,31904.7,34727.3,-0.4689,-0.6717,145.3,96.4,0.544
20.92,31863.8,34709.5,-0.6671,-0.7157,145.3,96.4,0.544
20.94,31868.5,34636.2,-0.6444,-0.8956,145.3,96.4,0.544
20.96,31762.0,34567.0,-1.1593,-1.0656,145.3,96.4,0.544
20.98,31685.1,34543.0,-1.5313,-1.1244,145.3,96.4,0.544
21.0,31784.9,34457.3,-1.0485,-1.335,145.3,96.4,0.544
21.02,31793.5,34522.0,-1.0069,-1.176,145.3,96.4,0.544
21.04,31837.5,34732.5,-0.7942,-0.6591,145.3,96.4,0.544
21.06,32137.6,35197.5,0.6575,0.483,145.3,96.4,0.544
21.08,32284.6,35608.9,1.3683,1.4937,145.3,96.4,0.544
21.1,32365.4,35787.1,1.7595,1.9314,145.3,96.4,0.544
21.12,32358.7,35811.2,1.7271,1.9905,145.3,96.4,0.544
21.14,32360.5,35593.2,1.7354,1.4551,145.3,96.4,0.544
21.16,32117.6,35412.0,0.5605,1.0101,145.3,96.4,0.544
21.18,32102.8,35206.8,0.4889,0.5059,145.3,96.4,0.544
21.2,32062.7,35189.5,0.2953,0.4635,145.3,96.4,0.544
21.22,32075.7,34959.0,0.3582,-0.1028,145.3,96.4,0.544
21.24,32005.7,35054.2,0.0194,0.131,145.3,96.4,0.544
21.26,31947.7,34941.8,-0.2612,-0.1449,145.3,96.4,0.544
21.28,31825.1,34871.7,-0.854,-0.3172,145.3,96.4,0.544
21.3,31832.2,34717.0,-0.8196,-0.6972,145.3,96.4,0.544
21.32,31886.7,34585.8,-0.5562,-1.0195,145.3,96.4,0.544
21.34,31815.2,34751.9,-0.9019,-0.6115,145.3,96.4,0.544
21.36,31851.8,34709.2,-0.7249,-0.7162,145.3,96.4,0.544
21.38,31852.5,34517.0,-0.7214,-1.1885,145.3,96.4,0.544
21.4,31731.2,34370.6,-1.3082,-1.5479,145.3,96.4,0.544
21.42,31754.6,34472.3,-1.195,-1.2982,145.3,96.4,0.544
21.44,31810.7,34503.8,-0.9237,-1.2209,145.3,96.4,0.544
21.46,32001.6,34814.7,-0.0007,-0.4573,145.3,96.4,0.544
21.48,32219.4,35255.5,1.0531,0.6257,145.3,96.4,0.544
21.5,32393.6,35576.5,1.8956,1.414,145.3,96.4,0.544
21.52,32316.9,35710.3,1.5247,1.7428,145.3,96.4,0.544
21.54,32325.6,35735.3,1.5669,1.8041,145.3,96.4,0.544
21.56,32257.0,35526.9,1.2349,1.2923,145.3,96.4,0.544
21.58,32212.3,35297.4,1.0189,0.7286,145.3,96.4,0.544
21.6,32015.8,35151.3,0.0684,0.3696,145.3,96.4,0.544
21.62,32056.2,35122.8,0.2639,0.2995,145.3,96.4,0.544
21.64,32065.1,34970.1,0.3066,-0.0755,145.3,96.4,0.544
21.66,31996.1,35042.1,-0.027,0.1015,145.3,96.4,0.544
21.68,31922.8,34847.1,-0.3816,-0.3775,145.3,96.4,0.544
21.7,31858.9,34719.2,-0.6908,-0.6917,145.3,96.4,0.544
21.72,31805.2,34697.4,-0.9506,-0.7453,145.3,96.4,0.544
21.74,31792.5,34639.9,-1.0116,-0.8865,145.3,96.4,0.544
21.76,31772.6,34687.4,-1.108,-0.7698,145.3,96.4,0.544
21.78,31776.8,34555.5,-1.0878,-1.0939,145.3,96.4,0.544
21.8,31772.7,34530.5,-1.1074,-1.1553,145.3,96.4,0.544
21.82,31764.4,34505.2,-1.1476,-1.2175,145.3,96.4,0.544
21.84,31897.4,34523.3,-0.5045,-1.1729,145.3,96.4,0.544
21.86,31939.8,34684.0,-0.2994,-0.7782,145.3,96.4,0.544
21.88,32017.9,35118.6,0.0784,0.2892,145.3,96.4,0.544
21.9,32242.3,35430.2,1.1638,1.0547,145.3,96.4,0.544
21.92,32331.3,35611.1,1.5942,1.499,145.3,96.4,0.544
21.94,32350.8,35671.7,1.6885,1.648,145.3,96.4,0.544
21.96,32301.1,35638.1,1.4481,1.5653,145.3,96.4,0.544
21.98,32275.5,35426.1,1.3245,1.0447,145.3,96.4,0.544
22.0,32074.3,35218.6,0.351,0.535,145.3,96.4,0.544
22.02,32091.7,35211.7,0.4352,0.518,145.3,96.4,0.544
22.04,32063.2,35142.0,0.2977,0.3467,145.3,96.4,0.544
22.06,32039.4,35001.3,0.1822,0.0012,145.3,96.4,0.544
22.08,31907.8,34920.3,-0.454,-0.1976,145.3,96.4,0.544
22.1,31978.2,34918.4,-0.1134,-0.2023,145.3,96.4,0.544
22.12,31812.2,34784.5,-0.9165,-0.5313,145.3,96.4,0.544
22.14,31799.1,34747.6,-0.98,-0.6221,145.3,96.4,0.544
22.16,31808.4,34657.9,-0.9352,-0.8423,145.3,96.4,0.544
22.18,31701.2,34599.2,-1.4536,-0.9864,145.3,96.4,0.544
22.2,31811.7,34606.0,-0.9188,-0.9698,145.3,96.4,0.544
22.22,31757.3,34503.1,-1.182,-1.2225,145.3,96.4,0.544
22.24,31683.0,34348.5,-1.5415,-1.6023,145.3,96.4,0.544
22.26,31756.5,34520.5,-1.186,-1.1797,145.3,96.4,0.544
22.28,31886.3,34788.3,-0.558,-0.5219,145.3,96.4,0.544
22.3,32053.6,35180.2,0.2511,0.4407,145.3,96.4,0.544
22.32,32318.1,35589.5,1.5305,1.4459,145.3,96.4,0.544
22.34,32306.9,35668.9,1.4763,1.641,145.3,96.4,0.544
22.36,32322.6,35749.4,1.5525,1.8387,145.3,96.4,0.544
22.38,32265.8,35568.3,1.2777,1.3938,145.3,96.4,0.544
22.4,32140.7,35417.8,0.6723,1.0243,145.3,96.4,0.544
22.42,32129.0,35143.2,0.6159,0.3496,145.3,96.4,0.544
22.44,32126.9,35179.1,0.6057,0.4379,145.3,96.4,0.544
22.46,31949.6,35099.5,-0.2518,0.2424,145.3,96.4,0.544
22.48,31965.0,35039.7,-0.1776,0.0954,145.3,96.4,0.544
22.5,31970.4,34965.4,-0.1513,-0.0869,145.3,96.4,0.544
22.52,31971.4,34850.2,-0.1464,-0.3699,145.3,96.4,0.544
22.54,31914.8,34712.5,-0.4202,-0.7082,145.3,96.4,0.544
22.56,31807.9,34670.3,-0.9372,-0.8118,145.3,96.4,0.544
22.58,31801.4,34706.1,-0.9688,-0.7239,145.3,96.4,0.544
22.6,31749.7,34575.1,-1.219,-1.0457,145.3,96.4,0.544
22.62,31763.3,34610.8,-1.1531,-0.9579,145.3,96.4,0.544
22.64,31720.9,34415.2,-1.3582,-1.4384,145.3,96.4,0.544
22.66,31719.6,34538.9,-1.3646,-1.1346,145.3,96.4,0.544
22.68,31721.2,34638.7,-1.3565,-0.8895,145.3,96.4,0.544
22.7,31944.9,34946.6,-0.2747,-0.1332,145.3,96.4,0.544
22.72,32094.2,35296.9,0.4475,0.7272,145.3,96.4,0.544
22.74,32259.8,35620.8,1.2484,1.5228,145.3,96.4,0.544
22.76,32327.6,35697.2,1.5763,1.7105,145.3,96.4,0.544
22.78,32384.7,35666.9,1.8525,1.6362,145.3,96.4,0.544
22.8,32255.4,35532.5,1.2273,1.306,145.3,96.4,0.544
22.82,32287.0,35272.9,1.3799,0.6682,145.3,96.4,0.544
22.84,32120.0,35200.8,0.5723,0.4913,145.3,96.4,0.544
22.86,32121.5,35102.7,0.5794,0.2502,145.3,96.4,0.544
22.88,32041.9,35016.8,0.1947,0.0392,145.3,96.4,0.544
22.9,31959.5,34978.2,-0.2042,-0.0555,145.3,96.4,0.544
22.92,32062.3,34921.2,0.2934,-0.1956,145.3,96.4,0.544
22.94,31774.1,34774.8,-1.1006,-0.5552,145.3,96.4,0.544
22.96,31803.7,34791.5,-0.9576,-0.5141,145.3,96.4,0.544
22.98,31919.6,34608.9,-0.3971,-0.9627,145.3,96.4,0.544
23.0,31873.7,34567.4,-0.6189,-1.0647,145.3,96.4,0.544
23.02,31761.0,34693.0,-1.1644,-0.756,145.3,96.4,0.544
23.04,31710.8,34437.5,-1.4068,-1.3838,145.3,96.4,0.544
23.06,31780.4,34531.9,-1.0703,-1.1517,145.3,96.4,0.544
23.08,31738.0,34482.2,-1.2753,-1.2738,145.3,96.4,0.544
23.1,31885.8,34771.8,-0.5603,-0.5626,145.3,96.4,0.544
23.12,32067.6,35069.4,0.319,0.1685,145.3,96.4,0.544
23.14,32194.2,35369.2,0.9311,0.905,145.3,96.4,0.544
23.16,32318.9,35728.1,1.5343,1.7865,145.3,96.4,0.544
23.18,32358.0,35867.2,1.7236,2.1282,145.3,96.4,0.544
23.2,32368.1,35604.9,1.7724,1.4838,145.3,96.4,0.544
23.22,32150.3,35371.7,0.7191,0.911,145.3,96.4,0.544
23.24,32120.5,35271.0,0.5747,0.6638,145.3,96.4,0.544
23.26,32147.1,35134.4,0.7035,0.3281,145.3,96.4,0.544
23.28,32077.2,35044.9,0.3653,0.1083,145.3,96.4,0.544
23.3,32004.4,35078.6,0.013,0.1911,145.3,96.4,0.544
23.32,32017.3,35046.8,0.0754,0.113,145.3,96.4,0.544
23.34,31953.5,34856.4,-0.233,-0.3548,145.3,96.4,0.544
23.36,31840.1,34746.4,-0.7817,-0.625,145.3,96.4,0.544
23.38,31854.8,34649.1,-0.7103,-0.8639,145.3,96.4,0.544
23.4,31795.8,34700.7,-0.9959,-0.7372,145.3,96.4,0.544
23.42,31840.2,34563.0,-0.781,-1.0755,145.3,96.4,0.544
23.44,31774.1,34618.4,-1.1007,-0.9393,145.3,96.4,0.544
23.46,31768.7,34506.0,-1.1271,-1.2155,145.3,96.4,0.544
23.48,31676.4,34508.2,-1.5736,-1.21,145.3,96.4,0.544
23.5,31789.5,34574.6,-1.0265,-1.0468,145.3,96.4,0.544
23.52,31933.6,34917.8,-0.3295,-0.2039,145.3,96.4,0.544
23.54,32045.8,35162.2,0.2133,0.3965,145.3,96.4,0.544
23.56,32229.0,35533.5,1.0995,1.3083,145.3,96.4,0.544
23.58,32342.4,35722.1,1.6482,1.7716,145.3,96.4,0.544
23.6,32334.7,35819.6,1.6109,2.0112,145.3,96.4,0.544
23.62,32298.3,35594.6,1.4346,1.4586,145.3,96.4,0.544
23.64,32217.6,35309.7,1.0446,0.7588,145.3,96.4,0.544
23.66,32151.4,35172.2,0.724,0.4209,145.3,96.4,0.544
23.68,32165.3,35255.4,0.7914,0.6253,145.3,96.4,0.544
23.7,31999.9,35031.2,-0.0084,0.0746,145.3,96.4,0.544
23.72,32038.5,35000.4,0.1782,-0.0009,145.3,96.4,0.544
23.74,31990.0,34945.4,-0.0566,-0.1362,145.3,96.4,0.544
23.76,31877.0,34743.4,-0.603,-0.6323,145.3,96.4,0.544
23.78,31837.6,34668.9,-0.7939,-0.8152,145.3,96.4,0.544
23.8,31753.1,34663.9,-1.2025,-0.8277,145.3,96.4,0.544
23.82,31851.7,34607.8,-0.7254,-0.9653,145.3,96.4,0.544
23.84,31794.3,34618.8,-1.003,-0.9382,145.3,96.4,0.544
23.86,31793.2,34595.5,-1.0086,-0.9955,145.3,96.4,0.544
23.88,31717.0,34451.2,-1.3771,-1.3499,145.3,96.4,0.544
23.9,31727.8,34526.9,-1.325,-1.1641,145.3,96.4,0.544
23.92,31862.1,34633.9,-0.6751,-0.9013,145.3,96.4,0.544
23.94,31948.3,34906.3,-0.2581,-0.2322,145.3,96.4,0.544
23.96,32184.7,35241.6,0.8853,0.5915,145.3,96.4,0.544
23.98,32308.2,35720.6,1.4825,1.768,145.3,96.4,0.544
24.0,32418.1,35727.4,2.0144,1.7847,145.3,96.4,0.544
24.02,32408.0,35595.1,1.9655,1.4598,145.3,96.4,0.544
24.04,32266.2,35468.6,1.2796,1.1491,145.3,96.4,0.544
24.06,32067.1,35229.8,0.3166,0.5625,145.3,96.4,0.544
24.08,32121.1,35160.4,0.5776,0.3921,145.3,96.4,0.544
24.1,32092.6,35192.2,0.4396,0.4701,145.3,96.4,0.544
24.12,32031.8,35037.2,0.1459,0.0895,145.3,96.4,0.544
24.14,32005.5,35030.6,0.0183,0.0731,145.3,96.4,0.544
24.16,31882.8,34905.1,-0.5752,-0.2351,145.3,96.4,0.544
24.18,31866.6,34730.6,-0.6534,-0.6638,145.3,96.4,0.544
24.2,31765.0,34741.9,-1.1448,-0.636,145.3,96.4,0.544
24.22,31932.7,34657.4,-0.3336,-0.8435,145.3,96.4,0.544
24.24,31781.1,34601.7,-1.0671,-0.9804,145.3,96.4,0.544
24.26,31850.7,34605.6,-0.7306,-0.9708,145.3,96.4,0.544
24.28,31728.4,34475.2,-1.3221,-1.291,145.3,96.4,0.544
24.3,31764.0,34400.7,-1.1498,-1.4741,145.3,96.4,0.544
24.32,31841.1,34448.3,-0.7766,-1.3572,145.3,96.4,0.544
24.34,31815.3,34669.4,-0.9017,-0.8142,145.3,96.4,0.544
24.36,32013.7,35149.1,0.0582,0.3643,145.3,96.4,0.544
24.38,32206.3,35461.4,0.9896,1.1313,145.3,96.4,0.544
24.4,32425.1,35727.4,2.0479,1.7847,145.3,96.4,0.544
24.42,32302.8,35763.0,1.4564,1.8721,145.3,96.4,0.544
24.44,32369.9,35680.3,1.7809,1.669,145.3,96.4,0.544
24.46,32198.2,35435.4,0.9507,1.0676,145.3,96.4,0.544
24.48,32151.4,35272.2,0.724,0.6666,145.3,96.4,0.544
24.5,32119.6,35281.4,0.5705,0.6893,145.3,96.4,0.544
24.52,32047.4,34964.3,0.2213,-0.0896,145.3,96.4,0.544
24.54,32108.1,35049.9,0.5149,0.1206,145.3,96.4,0.544
24.56,31970.0,34920.1,-0.1534,-0.1983,145.3,96.4,0.544
24.58,31923.5,34889.0,-0.3782,-0.2747,145.3,96.4,0.544
24.6,31869.3,34757.0,-0.6402,-0.599,145.3,96.4,0.544
24.62,31915.4,34666.8,-0.4173,-0.8204,145.3,96.4,0.544
24.64,31834.7,34601.4,-0.8079,-0.981,145.3,96.4,0.544
24.66,31864.5,34646.2,-0.6634,-0.871,145.3,96.4,0.544
24.68,31840.3,34509.9,-0.7805,-1.2057,145.3,96.4,0.544
24.7,31771.2,34430.3,-1.1149,-1.4014,145.3,96.4,0.544
24.72,31711.4,34520.8,-1.4041,-1.1791,145.3,96.4,0.544
24.74,31810.6,34580.3,-0.9243,-1.0329,145.3,96.4,0.544
24.76,31973.7,34834.1,-0.1352,-0.4096,145.3,96.4,0.544
24.78,32092.4,35253.8,0.4386,0.6214,145.3,96.4,0.544
24.8,32304.4,35607.3,1.4644,1.4897,145.3,96.4,0.544
24.82,32241.1,35761.3,1.1579,1.8679,145.3,96.4,0.544
24.84,32319.6,35661.1,1.5376,1.6218,145.3,96.4,0.544
24.86,32276.3,35590.0,1.3281,1.4472,145.3,96.4,0.544
24.88,32173.9,35420.5,0.8331,1.0309,145.3,96.4,0.544
24.9,32084.7,35213.1,0.4015,0.5214,145.3,96.4,0.544
24.92,32099.9,35161.4,0.4748,0.3945,145.3,96.4,0.544
24.94,32005.3,35138.1,0.0175,0.3372,145.3,96.4,0.544
24.96,31949.8,35041.3,-0.2511,0.0994,145.3,96.4,0.544
24.98,32028.8,34960.7,0.1313,-0.0985,145.3,96.4,0.544
25.0,31963.3,34776.4,-0.1856,-0.5512,145.3,96.4,0.544
25.02,31822.1,34746.7,-0.8687,-0.6243,145.3,96.4,0.544
25.04,31885.9,34623.4,-0.56,-0.9271,145.3,96.4,0.544
25.06,31856.6,34663.2,-0.7016,-0.8293,145.3,96.4,0.544
25.08,31809.7,34646.8,-0.9289,-0.8696,145.3,96.4,0.544
25.1,31762.3,34504.7,-1.1579,-1.2186,145.3,96.4,0.544
25.12,31711.1,34502.8,-1.4058,-1.2233,145.3,96.4,0.544
25.14,31718.0,34455.5,-1.372,-1.3395,145.3,96.4,0.544
25.16,31785.5,34603.8,-1.0457,-0.9752,145.3,96.4,0.544
25.18,32018.2,34949.6,0.08,-0.1258,145.3,96.4,0.544
25.2,32205.5,35412.7,0.9857,1.0118,145.3,96.4,0.544
25.22,32303.2,35605.2,1.4583,1.4845,145.3,96.4,0.544
25.24,32334.5,35796.2,1.6098,1.9537,145.3,96.4,0.544
25.26,32323.1,35691.1,1.5548,1.6956,145.3,96.4,0.544
25.28,32204.7,35462.0,0.9822,1.1329,145.3,96.4,0.544
25.3,32116.1,35295.7,0.5535,0.7243,145.3,96.4,0.544
25.32,32063.7,35145.3,0.3,0.3548,145.3,96.4,0.544
25.34,32079.1,35040.2,0.3747,0.0968,145.3,96.4,0.544
25.36,32031.3,34990.3,0.1433,-0.0258,145.3,96.4,0.544
25.38,31940.1,34991.1,-0.2978,-0.0238,145.3,96.4,0.544
25.4,31971.2,34881.7,-0.1473,-0.2925,145.3,96.4,0.544
25.42,31873.1,34745.2,-0.6217,-0.6279,145.3,96.4,0.544
25.44,31801.8,34706.7,-0.967,-0.7225,145.3,96.4,0.544
25.46,31833.4,34709.1,-0.8142,-0.7167,145.3,96.4,0.544
25.48,31776.6,34695.0,-1.0889,-0.7512,145.3,96.4,0.544
25.5,31786.9,34695.9,-1.0391,-0.7489,145.3,96.4,0.544
25.52,31785.1,34454.4,-1.0477,-1.3421,145.3,96.4,0.544
25.54,31836.2,34441.2,-0.8005,-1.3745,145.3,96.4,0.544
25.56,31744.3,34478.7,-1.2448,-1.2825,145.3,96.4,0.544
25.58,31871.9,34646.0,-0.6277,-0.8715,145.3,96.4,0.544
25.6,31977.0,35112.8,-0.1193,0.2751,145.3,96.4,0.544
25.62,32223.5,35465.3,1.0732,1.141,145.3,96.4,0.544
25.64,32287.2,35749.3,1.3809,1.8385,145.3,96.4,0.544
25.66,32349.7,35777.7,1.6833,1.9084,145.3,96.4,0.544
25.68,32296.7,35598.9,1.4272,1.4691,145.3,96.4,0.544
25.7,32217.1,35436.5,1.042,1.0702,145.3,96.4,0.544
25.72,32121.7,35222.8,0.5806,0.5453,145.3,96.4,0.544
25.74,32079.4,35137.2,0.3757,0.335,145.3,96.4,0.544
25.76,31984.7,35127.2,-0.0821,0.3104,145.3,96.4,0.544
25.78,32048.0,35055.5,0.2239,0.1342,145.3,96.4,0.544
25.8,31995.3,34950.3,-0.031,-0.124,145.3,96.4,0.544
25.82,31898.7,34828.4,-0.4979,-0.4235,145.3,96.4,0.544
25.84,31791.6,34673.0,-1.0164,-0.8053,145.3,96.4,0.544
25.86,31800.8,34687.4,-0.9719,-0.7699,145.3,96.4,0.544
25.88,31803.5,34661.3,-0.9586,-0.8338,145.3,96.4,0.544
25.9,31812.1,34722.4,-0.9172,-0.6839,145.3,96.4,0.544
25.92,31828.4,34475.1,-0.8384,-1.2913,145.3,96.4,0.544
25.94,31805.0,34451.3,-0.9512,-1.3497,145.3,96.4,0.544
25.96,31710.5,34464.1,-1.4087,-1.3182,145.3,96.4,0.544
25.98,31786.1,34658.7,-1.0428,-0.8402,145.3,96.4,0.544
26.0,31966.5,34754.0,-0.1704,-0.6063,145.3,96.4,0.544
26.02,32112.9,35265.5,0.5381,0.6501,145.3,96.4,0.544
26.04,32242.3,35480.4,1.1637,1.1781,145.3,96.4,0.544
26.06,32486.9,35789.6,2.3468,1.9375,145.3,96.4,0.544
26.08,32367.4,35652.9,1.7692,1.6017,145.3,96.4,0.544
26.1,32225.4,35570.3,1.0823,1.3988,145.3,96.4,0.544
26.12,32264.4,35376.6,1.2706,0.9232,145.3,96.4,0.544
26.14,32229.6,35208.6,1.1024,0.5105,145.3,96.4,0.544
26.16,32106.8,35140.3,0.5086,0.3427,145.3,96.4,0.544
26.18,31939.9,35160.4,-0.2991,0.392,145.3,96.4,0.544
26.2,31946.6,34959.1,-0.2666,-0.1024,145.3,96.4,0.544
26.22,31907.2,34973.1,-0.4569,-0.0681,145.3,96.4,0.544
26.24,31830.7,34844.8,-0.8271,-0.3831,145.3,96.4,0.544
26.26,31830.0,34739.6,-0.8303,-0.6416,145.3,96.4,0.544
26.28,31846.6,34614.6,-0.7503,-0.9485,145.3,96.4,0.544
26.3,31798.5,34544.6,-0.983,-1.1206,145.3,96.4,0.544
26.32,31831.9,34630.6,-0.8214,-0.9094,145.3,96.4,0.544
26.34,31701.1,34459.4,-1.4541,-1.3299,145.3,96.4,0.544
26.36,31688.6,34570.6,-1.5145,-1.0567,145.3,96.4,0.544
26.38,31724.4,34498.1,-1.3413,-1.2347,145.3,96.4,0.544
26.4,31798.6,34662.4,-0.9821,-0.8313,145.3,96.4,0.544
26.42,32032.3,35007.5,0.148,0.0165,145.3,96.4,0.544
26.44,32202.1,35426.6,0.9696,1.046,145.3,96.4,0.544
26.46,32388.7,35589.8,1.872,1.4466,145.3,96.4,0.544
26.48,32400.7,35703.0,1.9298,1.7248,145.3,96.4,0.544
26.5,32277.3,35664.5,1.3332,1.6303,145.3,96.4,0.544
26.52,32275.9,35475.2,1.3265,1.1652,145.3,96.4,0.544
26.54,32144.2,35192.4,0.6892,0.4707,145.3,96.4,0.544
26.56,32110.1,35204.8,0.5245,0.5012,145.3,96.4,0.544
26.58,32000.3,35103.6,-0.0067,0.2524,145.3,96.4,0.544
26.6,32055.2,35069.9,0.259,0.1697,145.3,96.4,0.544
26.62,31911.8,34928.0,-0.4346,-0.1787,145.3,96.4,0.544
26.64,32007.9,34826.9,0.0302,-0.4272,145.3,96.4,0.544
26.66,31845.2,34720.0,-0.7569,-0.6896,145.3,96.4,0.544
26.68,31860.1,34671.9,-0.6849,-0.808,145.3,96.4,0.544
26.7,31906.4,34642.9,-0.4608,-0.879,145.3,96.4,0.544
26.72,31904.9,34598.1,-0.468,-0.9892,145.3,96.4,0.544
26.74,31927.9,34604.2,-0.357,-0.9742,145.3,96.4,0.544
26.76,31694.4,34440.5,-1.4863,-1.3764,145.3,96.4,0.544
26.78,31692.0,34434.9,-1.498,-1.3901,145.3,96.4,0.544
26.8,31741.2,34522.7,-1.2599,-1.1743,145.3,96.4,0.544
26.82,31828.7,34767.6,-0.8367,-0.5727,145.3,96.4,0.544
26.84,32097.6,35108.5,0.4639,0.2646,145.3,96.4,0.544
26.86,32228.3,35501.3,1.0961,1.2294,145.3,96.4,0.544
26.88,32395.8,35579.4,1.9063,1.4211,145.3,96.4,0.544
26.9,32451.1,35769.3,2.1741,1.8877,145.3,96.4,0.544
26.92,32241.4,35579.0,1.1597,1.4201,145.3,96.4,0.544
26.94,32232.0,35329.3,1.1142,0.8068,145.3,96.4,0.544
26.96,32081.5,35148.9,0.3863,0.3638,145.3,96.4,0.544
26.98,32058.6,35230.8,0.2751,0.5649,145.3,96.4,0.544
27.0,32069.5,35155.5,0.3281,0.3799,145.3,96.4,0.544
27.02,32039.6,35046.4,0.1832,0.1121,145.3,96.4,0.544
27.04,31937.1,34841.3,-0.3125,-0.3917,145.3,96.4,0.544
27.06,31934.2,34879.1,-0.3262,-0.299,145.3,96.4,0.544
27.08,31916.8,34814.6,-0.4108,-0.4574,145.3,96.4,0.544
27.1,31841.3,34700.3,-0.7758,-0.7381,145.3,96.4,0.544
27.12,31806.7,34667.8,-0.9429,-0.818,145.3,96.4,0.544
27.14,31827.5,34645.7,-0.8425,-0.8722,145.3,96.4,0.544
27.16,31710.8,34554.6,-1.4069,-1.096,145.3,96.4,0.544
27.18,31725.9,34526.1,-1.3338,-1.1661,145.3,96.4,0.544
27.2,31685.5,34539.0,-1.5296,-1.1345,145.3,96.4,0.544
27.22,31814.5,34602.9,-0.9052,-0.9773,145.3,96.4,0.544
27.24,31950.6,34828.5,-0.2471,-0.4234,145.3,96.4,0.544
27.26,32177.3,35313.1,0.8497,0.7672,145.3,96.4,0.544
27.28,32239.5,35579.7,1.1502,1.422,145.3,96.4,0.544
27.3,32372.9,35766.1,1.7955,1.8797,145.3,96.4,0.544
27.32,32259.1,35755.0,1.2451,1.8525,145.3,96.4,0.544
27.34,32314.0,35529.1,1.5108,1.2977,145.3,96.4,0.544
27.36,32114.8,35305.7,0.547,0.7488,145.3,96.4,0.544
27.38,32231.5,35265.2,1.1116,0.6494,145.3,96.4,0.544
27.4,32057.9,35138.5,0.2719,0.3381,145.3,96.4,0.544
27.42,32123.8,35096.3,0.5908,0.2346,145.3,96.4,0.544
27.44,31947.4,34980.0,-0.2628,-0.051,145.3,96.4,0.544
27.46,31962.7,34919.4,-0.1886,-0.1999,145.3,96.4,0.544
27.48,31955.2,34843.8,-0.225,-0.3857,145.3,96.4,0.544
27.5,31889.3,34688.9,-0.5434,-0.766,145.3,96.4,0.544
27.52,31880.0,34663.9,-0.5885,-0.8275,145.3,96.4,0.544
27.54,31746.5,34744.4,-1.2345,-0.6298,145.3,96.4,0.544
27.56,31799.6,34590.9,-0.9774,-1.0069,145.3,96.4,0.544
27.58,31816.0,34537.6,-0.8979,-1.1377,145.3,96.4,0.544
27.6,31696.2,34446.0,-1.4774,-1.3627,145.3,96.4,0.544
27.62,31711.1,34409.4,-1.4058,-1.4528,145.3,96.4,0.544
27.64,31880.8,34725.7,-0.5849,-0.6758,145.3,96.4,0.544
27.66,31922.7,35045.8,-0.3819,0.1106,145.3,96.4,0.544
27.68,32208.6,35361.5,1.0007,0.8861,145.3,96.4,0.544
27.7,32243.0,35646.8,1.1674,1.5868,145.3,96.4,0.544
27.72,32374.3,35753.0,1.8025,1.8477,145.3,96.4,0.544
27.74,32364.3,35693.9,1.7538,1.7026,145.3,96.4,0.544
27.76,32218.0,35464.0,1.0465,1.1377,145.3,96.4,0.544
27.78,32140.2,35326.1,0.6702,0.799,145.3,96.4,0.544
27.8,32061.2,35147.0,0.2877,0.3592,145.3,96.4,0.544
27.82,32029.0,35060.4,0.1323,0.1463,145.3,96.4,0.544
27.84,31984.1,35052.5,-0.0851,0.1269,145.3,96.4,0.544
27.86,31950.1,35000.3,-0.2497,-0.0011,145.3,96.4,0.544
27.88,31874.6,34850.3,-0.6147,-0.3697,145.3,96.4,0.544
27.9,31874.5,34668.5,-0.6151,-0.8163,145.3,96.4,0.544
27.92,31844.8,34635.4,-0.7587,-0.8975,145.3,96.4,0.544
27.94,31835.2,34730.7,-0.8051,-0.6634,145.3,96.4,0.544
27.96,31808.6,34669.4,-0.9341,-0.8141,145.3,96.4,0.544
27.98,31754.9,34656.5,-1.1939,-0.8456,145.3,96.4,0.544
28.0,31735.7,34391.3,-1.2865,-1.4973,145.3,96.4,0.544
28.02,31714.8,34435.0,-1.3879,-1.3898,145.3,96.4,0.544
28.04,31752.2,34592.0,-1.2069,-1.0042,145.3,96.4,0.544
28.06,31867.4,34776.0,-0.6494,-0.5523,145.3,96.4,0.544
28.08,32021.5,35080.4,0.096,0.1956,145.3,96.4,0.544
28.1,32286.1,35493.0,1.3759,1.2089,145.3,96.4,0.544
28.12,32310.1,35751.8,1.4916,1.8448,145.3,96.4,0.544
28.14,32379.5,35797.6,1.8275,1.9571,145.3,96.4,0.544
28.16,32325.6,35625.4,1.567,1.5341,145.3,96.4,0.544
28.18,32274.7,35408.4,1.3207,1.0012,145.3,96.4,0.544
28.2,32121.6,35254.6,0.5803,0.6234,145.3,96.4,0.544
28.22,32124.3,35197.8,0.5931,0.484,145.3,96.4,0.544
28.24,31988.2,35047.2,-0.0654,0.1139,145.3,96.4,0.544
28.26,31992.6,35048.2,-0.0439,0.1163,145.3,96.4,0.544
28.28,31975.6,35034.5,-0.1261,0.0828,145.3,96.4,0.544
28.3,31897.3,34802.5,-0.5047,-0.4872,145.3,96.4,0.544
28.32,31919.2,34784.0,-0.3989,-0.5325,145.3,96.4,0.544
28.34,31805.0,34679.6,-0.9513,-0.789,145.3,96.4,0.544
28.36,31855.5,34621.5,-0.7073,-0.9318,145.3,96.4,0.544
28.38,31873.1,34548.2,-0.6219,-1.1117,145.3,96.4,0.544
28.4,31748.9,34537.7,-1.2227,-1.1376,145.3,96.4,0.544
28.42,31752.2,34458.4,-1.2067,-1.3323,145.3,96.4,0.544
28.44,31729.4,34463.9,-1.317,-1.3187,145.3,96.4,0.544
28.46,31798.2,34609.8,-0.9843,-0.9605,145.3,96.4,0.544
28.48,31908.7,35002.7,-0.4499,0.0046,145.3,96.4,0.544
28.5,32080.2,35291.7,0.3797,0.7145,145.3,96.4,0.544
28.52,32359.3,35688.8,1.7299,1.6899,145.3,96.4,0.544
28.54,32371.0,35639.3,1.7866,1.5684,145.3,96.4,0.544
28.56,32390.2,35725.7,1.8794,1.7805,145.3,96.4,0.544
28.58,32230.2,35622.1,1.1055,1.5262,145.3,96.4,0.544
28.6,32156.8,35360.2,0.7502,0.8829,145.3,96.4,0.544
28.62,32106.4,35288.5,0.5066,0.7066,145.3,96.4,0.544
28.64,32017.5,35111.5,0.0765,0.2718,145.3,96.4,0.544
28.66,32028.9,35015.0,0.1315,0.0349,145.3,96.4,0.544
28.68,31953.1,34944.5,-0.2349,-0.1383,145.3,96.4,0.544
28.7,31923.0,34834.0,-0.3805,-0.4096,145.3,96.4,0.544
28.72,31888.0,34705.5,-0.5497,-0.7254,145.3,96.4,0.544
28.74,31876.7,34697.7,-0.6046,-0.7446,145.3,96.4,0.544
28.76,31757.6,34674.4,-1.1807,-0.8018,145.3,96.4,0.544
28.78,31757.1,34645.9,-1.1833,-0.8717,145.3,96.4,0.544
28.8,31816.9,34698.6,-0.8938,-0.7423,145.3,96.4,0.544
28.82,31723.9,34472.9,-1.3434,-1.2967,145.3,96.4,0.544
28.84,31695.3,34437.6,-1.4821,-1.3835,145.3,96.4,0.544
28.86,31761.8,34498.4,-1.1601,-1.234,145.3,96.4,0.544
28.88,31850.3,34741.4,-0.7321,-0.6371,145.3,96.4,0.544
28.9,31987.8,35046.0,-0.0674,0.1111,145.3,96.4,0.544
28.92,32192.9,35392.0,0.9247,0.9608,145.3,96.4,0.544
28.94,32339.7,35523.2,1.6348,1.2831,145.3,96.4,0.544
28.96,32456.0,35909.9,2.1976,2.2329,145.3,96.4,0.544
28.98,32376.9,35688.8,1.815,1.69,145.3,96.4,0.544
29.0,32200.0,35455.0,0.9592,1.1156,145.3,96.4,0.544
29.02,32129.2,35237.1,0.617,0.5804,145.3,96.4,0.544
29.04,32193.4,35153.4,0.9276,0.3747,145.3,96.4,0.544
29.06,32009.9,35053.2,0.0395,0.1286,145.3,96.4,0.544
29.08,32031.3,34977.5,0.143,-0.0573,145.3,96.4,0.544
29.1,31964.5,34929.1,-0.18,-0.1761,145.3,96.4,0.544
29.12,31932.9,34827.2,-0.3329,-0.4265,145.3,96.4,0.544
29.14,31895.9,34742.5,-0.5119,-0.6345,145.3,96.4,0.544
29.16,31838.3,34588.8,-0.7902,-1.0121,145.3,96.4,0.544
29.18,31905.0,34725.7,-0.4674,-0.6757,145.3,96.4,0.544
29.2,31780.9,34637.6,-1.0682,-0.8922,145.3,96.4,0.544
29.22,31722.2,34639.7,-1.3521,-0.887,145.3,96.4,0.544
29.24,31751.1,34544.7,-1.2122,-1.1203,145.3,96.4,0.544
29.26,31773.4,34465.5,-1.1044,-1.3148,145.3,96.4,0.544
29.28,31866.1,34543.3,-0.6558,-1.1237,145.3,96.4,0.544
29.3,31907.8,34748.8,-0.4543,-0.619,145.3,96.4,0.544
29.32,32146.5,35153.5,0.7005,0.375,145.3,96.4,0.544
29.34,32237.6,35509.6,1.1411,1.2497,145.3,96.4,0.544
29.36,32307.5,35774.4,1.4794,1.9002,145.3,96.4,0.544
29.38,32382.0,35687.8,1.8396,1.6876,145.3,96.4,0.544
29.4,32276.2,35615.5,1.3281,1.5099,145.3,96.4,0.544
29.42,32214.6,35379.9,1.03,0.9312,145.3,96.4,0.544
29.44,32065.0,35230.8,0.3064,0.565,145.3,96.4,0.544
29.46,32127.6,35170.4,0.609,0.4166,145.3,96.4,0.544
29.48,32030.6,35020.3,0.1396,0.0478,145.3,96.4,0.544
29.5,31941.2,35085.0,-0.2924,0.2068,145.3,96.4,0.544
29.52,31948.7,34951.8,-0.2565,-0.1203,145.3,96.4,0.544
29.54,32012.5,34819.4,0.0525,-0.4456,145.3,96.4,0.544
29.56,31917.7,34603.3,-0.4062,-0.9765,145.3,96.4,0.544
29.58,31804.2,34651.1,-0.9553,-0.859,145.3,96.4,0.544
29.6,31858.6,34714.3,-0.6921,-0.7038,145.3,96.4,0.544
29.62,31829.3,34655.4,-0.8337,-0.8485,145.3,96.4,0.544
29.64,31894.0,34571.8,-0.521,-1.0538,145.3,96.4,0.544
29.66,31703.0,34405.2,-1.4446,-1.4631,145.3,96.4,0.544
29.68,31757.4,34489.3,-1.1818,-1.2564,145.3,96.4,0.544
29.7,31783.3,34658.7,-1.0566,-0.8403,145.3,96.4,0.544
29.72,31943.2,34942.2,-0.2831,-0.1441,145.3,96.4,0.544
29.74,32089.1,35312.6,0.4229,0.7658,145.3,96.4,0.544
29.76,32366.0,35614.6,1.7621,1.5077,145.3,96.4,0.544
29.78,32463.7,35723.0,2.2346,1.774,145.3,96.4,0.544
29.8,32413.9,35696.7,1.994,1.7094,145.3,96.4,0.544
29.82,32282.8,35528.6,1.3597,1.2965,145.3,96.4,0.544
29.84,32168.5,35275.6,0.8071,0.6749,145.3,96.4,0.544
29.86,32133.3,35149.1,0.6368,0.3643,145.3,96.4,0.544
29.88,32038.1,35116.2,0.1762,0.2834,145.3,96.4,0.544
29.9,32060.2,35078.3,0.2831,0.1904,145.3,96.4,0.544
29.92,31998.1,35010.5,-0.0171,0.0238,145.3,96.4,0.544
29.94,31932.5,34835.7,-0.3344,-0.4057,145.3,96.4,0.544
29.96,31972.0,34813.3,-0.1434,-0.4605,145.3,96.4,0.544
29.98,31834.5,34641.7,-0.8086,-0.882,145.3,96.4,0.544
30.0,31855.8,34513.3,-0.7055,-1.1974,145.3,96.4,0.544
30.02,31812.0,34671.9,-0.9174,-0.808,145.3,96.4,0.544
30.04,31859.7,34573.2,-0.6866,-1.0505,145.3,96.4,0.544
30.06,31807.0,34470.9,-0.9419,-1.3017,145.3,96.4,0.544
30.08,31823.0,34435.2,-0.8641,-1.3892,145.3,96.4,0.544
30.1,31748.3,34474.2,-1.2257,-1.2936,145.3,96.4,0.544
30.12,31896.7,34846.8,-0.508,-0.3783,145.3,96.4,0.544
30.14,31969.0,35060.4,-0.1581,0.1464,145.3,96.4,0.544
30.16,32244.0,35500.5,1.1719,1.2274,145.3,96.4,0.544
30.18,32210.8,35646.3,1.0117,1.5855,145.3,96.4,0.544
30.2,32437.3,35768.8,2.1072,1.8864,145.3,96.4,0.544
30.22,32298.3,35683.1,1.4349,1.676,145.3,96.4,0.544
30.24,32187.8,35460.4,0.9003,1.1288,145.3,96.4,0.544
30.26,32087.7,35282.6,0.4161,0.6922,145.3,96.4,0.544
30.28,31975.8,35138.7,-0.1253,0.3388,145.3,96.4,0.544
30.3,32049.1,35140.3,0.2295,0.3426,145.3,96.4,0.544
30.32,32037.0,34973.7,0.1709,-0.0666,145.3,96.4,0.544
30.34,31953.2,34957.3,-0.2345,-0.1068,145.3,96.4,0.544
30.36,32041.2,34826.4,0.1913,-0.4283,145.3,96.4,0.544
30.38,31818.0,34734.3,-0.8887,-0.6547,145.3,96.4,0.544
30.4,31876.3,34695.2,-0.6066,-0.7506,145.3,96.4,0.544
30.42,31865.1,34719.8,-0.6606,-0.6902,145.3,96.4,0.544
30.44,31777.9,34578.3,-1.0825,-1.0379,145.3,96.4,0.544
30.46,31759.8,34628.7,-1.1698,-0.9141,145.3,96.4,0.544
30.48,31713.2,34507.2,-1.3956,-1.2124,145.3,96.4,0.544
30.5,31687.5,34415.4,-1.5196,-1.438,145.3,96.4,0.544
30.52,31817.0,34560.4,-0.8931,-1.0818,145.3,96.4,0.544
30.54,31938.7,34902.1,-0.3049,-0.2424,145.3,96.4,0.544
30.56,32035.3,35198.9,0.1626,0.4865,145.3,96.4,0.544
30.58,32260.7,35556.9,1.253,1.3658,145.3,96.4,0.544
30.6,32389.5,35672.2,1.876,1.6492,145.3,96.4,0.544
30.62,32411.0,35763.6,1.9797,1.8736,145.3,96.4,0.544
30.64,32259.3,35566.4,1.2462,1.3892,145.3,96.4,0.544
30.66,32090.1,35504.3,0.4279,1.2367,145.3,96.4,0.544
30.68,32103.1,35247.6,0.4903,0.6062,145.3,96.4,0.544
30.7,32017.5,35047.8,0.0764,0.1154,145.3,96.4,0.544
30.72,32038.0,35017.6,0.1755,0.0413,145.3,96.4,0.544
30.74,32081.3,34970.5,0.385,-0.0745,145.3,96.4,0.544
30.76,31990.2,35001.1,-0.0557,0.0008,145.3,96.4,0.544
30.78,31925.1,34792.6,-0.3704,-0.5115,145.3,96.4,0.544
30.8,31954.1,34646.3,-0.2301,-0.8709,145.3,96.4,0.544
30.82,31810.2,34718.8,-0.9265,-0.6928,145.3,96.4,0.544
30.84,31745.0,34735.0,-1.2414,-0.6528,145.3,96.4,0.544
30.86,31744.1,34593.2,-1.2461,-1.0011,145.3,96.4,0.544
30.88,31703.0,34561.1,-1.4446,-1.0801,145.3,96.4,0.544
30.9,31771.7,34544.9,-1.1123,-1.1198,145.3,96.4,0.544
30.92,31707.8,34569.0,-1.4217,-1.0608,145.3,96.4,0.544
30.94,31811.4,34676.6,-0.9202,-0.7964,145.3,96.4,0.544
30.96,31886.2,35032.3,-0.5588,0.0774,145.3,96.4,0.544
30.98,32134.9,35346.4,0.6445,0.8488,145.3,96.4,0.544
31.0,32307.4,35607.2,1.4785,1.4894,145.3,96.4,0.544
31.02,32446.7,35686.1,2.1526,1.6833,145.3,96.4,0.544
31.04,32381.0,35684.8,1.8348,1.68,145.3,96.4,0.544
31.06,32241.9,35516.8,1.1618,1.2675,145.3,96.4,0.544
31.08,32122.3,35303.7,0.5836,0.744,145.3,96.4,0.544
31.1,31972.1,35133.1,-0.1431,0.3249,145.3,96.4,0.544
31.12,32039.3,35048.5,0.1819,0.1172,145.3,96.4,0.544
31.14,32024.7,35049.7,0.1114,0.12,145.3,96.4,0.544
31.16,31937.6,34898.2,-0.3102,-0.2521,145.3,96.4,0.544
31.18,32004.2,34913.7,0.0122,-0.2141,145.3,96.4,0.544
31.2,31869.4,34784.2,-0.6396,-0.532,145.3,96.4,0.544
31.22,31830.1,34635.4,-0.8301,-0.8975,145.3,96.4,0.544
31.24,31727.1,34679.5,-1.3284,-0.7892,145.3,96.4,0.544
31.26,31825.2,34668.1,-0.8537,-0.8174,145.3,96.4,0.544
31.28,31814.3,34640.1,-0.9063,-0.8861,145.3,96.4,0.544
31.3,31692.6,34526.9,-1.4952,-1.1642,145.3,96.4,0.544
31.32,31745.7,34403.0,-1.2382,-1.4683,145.3,96.4,0.544
31.34,31683.6,34492.0,-1.5388,-1.2498,145.3,96.4,0.544
31.36,31883.8,34770.0,-0.57,-0.5669,145.3,96.4,0.544
31.38,32039.1,35076.8,0.1809,0.1867,145.3,96.4,0.544
31.4,32281.6,35482.9,1.3539,1.1842,145.3,96.4,0.544
31.42,32372.8,35717.3,1.7949,1.7599,145.3,96.4,0.544
31.44,32407.9,35703.3,1.9651,1.7256,145.3,96.4,0.544
31.46,32314.2,35714.6,1.5118,1.7533,145.3,96.4,0.544
31.48,32260.1,35526.6,1.2498,1.2916,145.3,96.4,0.544
31.5,32177.9,35274.7,0.8523,0.6728,145.3,96.4,0.544
31.52,32134.6,35220.4,0.6427,0.5394,145.3,96.4,0.544
31.54,32016.9,35109.0,0.0736,0.2658,145.3,96.4,0.544
31.56,32050.4,35074.2,0.2356,0.1803,145.3,96.4,0.544
31.58,32073.0,34955.8,0.3449,-0.1105,145.3,96.4,0.544
31.6,31881.1,34785.6,-0.5833,-0.5287,145.3,96.4,0.544
31.62,31836.1,34680.7,-0.801,-0.7862,145.3,96.4,0.544
31.64,31709.3,34639.2,-1.4141,-0.8883,145.3,96.4,0.544
31.66,31802.3,34623.6,-0.9644,-0.9265,145.3,96.4,0.544
31.68,31897.6,34550.8,-0.5035,-1.1054,145.3,96.4,0.544
31.7,31797.0,34495.7,-0.9901,-1.2406,145.3,96.4,0.544
31.72,31755.1,34491.8,-1.1928,-1.2503,145.3,96.4,0.544
31.74,31766.5,34444.5,-1.1376,-1.3665,145.3,96.4,0.544
31.76,31792.0,34611.9,-1.0145,-0.9552,145.3,96.4,0.544
31.78,31975.5,34812.9,-0.1269,-0.4617,145.3,96.4,0.544
31.8,32099.9,35155.9,0.4749,0.381,145.3,96.4,0.544
31.82,32257.5,35568.2,1.2373,1.3936,145.3,96.4,0.544
31.84,32309.8,35713.8,1.4904,1.7513,145.3,96.4,0.544
31.86,32262.8,35727.2,1.263,1.7843,145.3,96.4,0.544
31.88,32284.1,35504.1,1.366,1.2363,145.3,96.4,0.544
31.9,32212.8,35359.8,1.0214,0.8819,145.3,96.4,0.544
31.92,32061.3,35187.2,0.2884,0.4579,145.3,96.4,0.544
31.94,32078.8,35114.9,0.3731,0.2803,145.3,96.4,0.544
31.96,32056.1,35175.0,0.2632,0.428,145.3,96.4,0.544
31.98,31982.5,35040.4,-0.0928,0.0973,145.3,96.4,0.544
32.0,31963.4,34964.7,-0.1852,-0.0887,145.3,96.4,0.544
32.02,31842.0,34790.0,-0.7726,-0.5178,145.3,96.4,0.544
32.04,31796.4,34649.6,-0.9928,-0.8626,145.3,96.4,0.544
32.06,31878.4,34771.2,-0.5962,-0.564,145.3,96.4,0.544
32.08,31802.7,34729.5,-0.9627,-0.6663,145.3,96.4,0.544
32.1,31861.8,34607.8,-0.6766,-0.9653,145.3,96.4,0.544
32.12,31885.9,34594.7,-0.56,-0.9974,145.3,96.4,0.544
32.14,31730.2,34483.3,-1.3131,-1.2712,145.3,96.4,0.544
32.16,31701.3,34473.5,-1.4528,-1.2954,145.3,96.4,0.544
32.18,31884.9,34612.7,-0.5651,-0.9532,145.3,96.4,0.544
32.2,32070.5,34956.9,0.3327,-0.1078,145.3,96.4,0.544
32.22,32191.8,35240.9,0.9198,0.5897,145.3,96.4,0.544
32.24,32283.3,35611.9,1.3624,1.5009,145.3,96.4,0.544
32.26,32319.5,35769.0,1.5372,1.887,145.3,96.4,0.544
32.28,32365.0,35655.7,1.7575,1.6087,145.3,96.4,0.544
32.3,32297.1,35556.5,1.4288,1.3649,145.3,96.4,0.544
32.32,32113.3,35264.1,0.54,0.6467,145.3,96.4,0.544
32.34,32084.8,35104.6,0.402,0.255,145.3,96.4,0.544
32.36,32044.5,35208.4,0.207,0.51,145.3,96.4,0.544
32.38,32052.3,35149.8,0.2446,0.3659,145.3,96.4,0.544
32.4,31961.8,34973.4,-0.1927,-0.0674,145.3,96.4,0.544
32.42,31927.2,34910.6,-0.3605,-0.2216,145.3,96.4,0.544
32.44,31845.3,34817.6,-0.7563,-0.45,145.3,96.4,0.544
32.46,31808.6,34721.1,-0.9339,-0.687,145.3,96.4,0.544
32.48,31829.4,34732.1,-0.8332,-0.6601,145.3,96.4,0.544
32.5,31806.6,34732.6,-0.9439,-0.6588,145.3,96.4,0.544
32.52,31752.5,34623.2,-1.2053,-0.9274,145.3,96.4,0.544
32.54,31731.2,34605.1,-1.3085,-0.972,145.3,96.4,0.544
32.56,31694.0,34534.8,-1.4883,-1.1446,145.3,96.4,0.544
32.58,31717.5,34544.5,-1.3748,-1.121,145.3,96.4,0.544
32.6,31766.7,34732.1,-1.1366,-0.66,145.3,96.4,0.544
32.62,32053.5,35011.0,0.2507,0.0251,145.3,96.4,0.544
32.64,32298.2,35466.1,1.4342,1.1429,145.3,96.4,0.544
32.66,32379.7,35802.5,1.8283,1.9692,145.3,96.4,0.544
32.68,32382.4,35731.0,1.8417,1.7935,145.3,96.4,0.544
32.7,32214.6,35597.7,1.03,1.4661,145.3,96.4,0.544
32.72,32286.6,35398.7,1.3781,0.9772,145.3,96.4,0.544
32.74,32056.4,35248.2,0.2645,0.6077,145.3,96.4,0.544
32.76,32067.3,35052.9,0.3173,0.1279,145.3,96.4,0.544
32.78,32124.1,35157.7,0.5922,0.3853,145.3,96.4,0.544
32.8,32048.8,35045.6,0.2281,0.1101,145.3,96.4,0.544
32.82,31961.3,34925.0,-0.1955,-0.1861,145.3,96.4,0.544
32.84,31948.8,34821.7,-0.2558,-0.4398,145.3,96.4,0.544
32.86,31927.0,34774.2,-0.3614,-0.5565,145.3,96.4,0.544
32.88,31919.7,34748.4,-0.3968,-0.62,145.3,96.4,0.544
32.9,31865.2,34701.5,-0.6603,-0.7351,145.3,96.4,0.544
32.92,31818.9,34582.7,-0.8841,-1.027,145.3,96.4,0.544
32.94,31706.1,34727.9,-1.4296,-0.6704,145.3,96.4,0.544
32.96,31754.5,34474.7,-1.1958,-1.2923,145.3,96.4,0.544
32.98,31661.0,34407.7,-1.6481,-1.4569,145.3,96.4,0.544
33.0,31733.5,34562.2,-1.2974,-1.0773,145.3,96.4,0.544
33.02,31822.9,34965.8,-0.8648,-0.086,145.3,96.4,0.544
33.04,32016.6,35207.4,0.0721,0.5074,145.3,96.4,0.544
33.06,32369.1,35536.5,1.7771,1.3159,145.3,96.4,0.544
33.08,32286.3,35751.7,1.3768,1.8445,145.3,96.4,0.544
33.1,32320.1,35786.4,1.54,1.9297,145.3,96.4,0.544
33.12,32366.3,35574.1,1.7636,1.4082,145.3,96.4,0.544
33.14,32198.0,35367.0,0.9497,0.8994,145.3,96.4,0.544
33.16,31981.7,35136.6,-0.0969,0.3335,145.3,96.4,0.544
33.18,32110.0,35049.7,0.5237,0.1201,145.3,96.4,0.544
33.2,32147.7,35101.8,0.706,0.248,145.3,96.4,0.544
33.22,32058.8,35017.9,0.2765,0.042,145.3,96.4,0.544
33.24,31825.8,34889.2,-0.8509,-0.2742,145.3,96.4,0.544
33.26,31855.7,34737.9,-0.7061,-0.6457,145.3,96.4,0.544
33.28,31888.5,34647.6,-0.5472,-0.8677,145.3,96.4,0.544
33.3,31798.1,34634.3,-0.9849,-0.9003,145.3,96.4,0.544
33.32,31826.5,34638.4,-0.8473,-0.8902,145.3,96.4,0.544
33.34,31772.6,34631.6,-1.1082,-0.907,145.3,96.4,0.544
33.36,31738.6,34611.2,-1.2725,-0.9571,145.3,96.4,0.544
33.38,31781.1,34446.5,-1.0668,-1.3616,145.3,96.4,0.544
33.4,31804.5,34518.4,-0.9539,-1.1851,145.3,96.4,0.544
33.42,31812.4,34669.5,-0.9155,-0.8138,145.3,96.4,0.544
33.44,32033.9,34997.6,0.1556,-0.0079,145.3,96.4,0.544
33.46,32290.9,35427.5,1.399,1.0481,145.3,96.4,0.544
33.48,32361.2,35599.0,1.7389,1.4694,145.3,96.4,0.544
33.5,32394.8,35783.3,1.9015,1.922,145.3,96.4,0.544
33.52,32292.2,35750.9,1.4052,1.8423,145.3,96.4,0.544
33.54,32186.3,35450.5,0.8932,1.1045,145.3,96.4,0.544
33.56,32156.0,35271.1,0.7465,0.6639,145.3,96.4,0.544
33.58,32178.0,35086.5,0.853,0.2104,145.3,96.4,0.544
33.6,32003.4,35109.0,0.0082,0.2656,145.3,96.4,0.544
33.62,32084.6,35072.1,0.4012,0.175,145.3,96.4,0.544
33.64,31980.6,34960.6,-0.1022,-0.0988,145.3,96.4,0.544
33.66,31916.0,34840.2,-0.4147,-0.3946,145.3,96.4,0.544
33.68,31858.2,34718.1,-0.6939,-0.6944,145.3,96.4,0.544
33.7,31885.2,34682.5,-0.5635,-0.7819,145.3,96.4,0.544
33.72,31869.8,34732.3,-0.6377,-0.6595,145.3,96.4,0.544
33.74,31820.1,34664.1,-0.8784,-0.827,145.3,96.4,0.544
33.76,31846.1,34596.2,-0.7526,-0.9939,145.3,96.4,0.544
33.78,31772.4,34477.8,-1.1092,-1.2847,145.3,96.4,0.544
33.8,31753.7,34403.0,-1.1994,-1.4685,145.3,96.4,0.544
33.82,31759.6,34484.2,-1.1709,-1.2691,145.3,96.4,0.544
33.84,31752.5,34711.6,-1.2051,-0.7103,145.3,96.4,0.544
33.86,32031.7,35043.2,0.1452,0.1042,145.3,96.4,0.544
33.88,32265.6,35511.4,1.2766,1.2542,145.3,96.4,0.544
33.9,32295.2,35702.8,1.4196,1.7242,145.3,96.4,0.544
33.92,32446.2,35699.6,2.1499,1.7165,145.3,96.4,0.544
33.94,32353.4,35609.3,1.7011,1.4947,145.3,96.4,0.544
33.96,32192.9,35375.1,0.9248,0.9194,145.3,96.4,0.544
33.98,32109.1,35291.9,0.5198,0.7151,145.3,96.4,0.544
34.0,32043.8,35143.4,0.2037,0.3501,145.3,96.4,0.544
34.02,31973.0,35088.4,-0.139,0.2151,145.3,96.4,0.544
34.04,31936.2,34949.3,-0.3168,-0.1266,145.3,96.4,0.544
34.06,31969.5,34902.1,-0.1559,-0.2424,145.3,96.4,0.544
34.08,31894.3,34810.4,-0.5193,-0.4677,145.3,96.4,0.544
34.1,31987.8,34681.2,-0.067,-0.785,145.3,96.4,0.544
34.12,31966.0,34756.5,-0.1727,-0.6001,145.3,96.4,0.544
34.14,31931.6,34657.9,-0.3391,-0.8423,145.3,96.4,0.544
34.16,31852.2,34606.4,-0.723,-0.9689,145.3,96.4,0.544
34.18,31845.5,34591.5,-0.7553,-1.0055,145.3,96.4,0.544
34.2,31558.5,34499.4,-2.1435,-1.2315,145.3,96.4,0.544
34.22,31760.4,34474.2,-1.1671,-1.2936,145.3,96.4,0.544
34.24,31811.5,34620.5,-0.9198,-0.9342,145.3,96.4,0.544
34.26,31954.6,34837.7,-0.2277,-0.4006,145.3,96.4,0.544
34.28,32175.6,35278.3,0.8414,0.6816,145.3,96.4,0.544
34.3,32251.1,35513.7,1.2062,1.2597,145.3,96.4,0.544
34.32,32362.3,35833.0,1.7441,2.0442,145.3,96.4,0.544
34.34,32410.7,35764.2,1.9785,1.8752,145.3,96.4,0.544
34.36,32267.2,35577.5,1.2843,1.4165,145.3,96.4,0.544
34.38,32175.9,35330.1,0.8427,0.8089,145.3,96.4,0.544
34.4,32190.3,35251.9,0.9121,0.6168,145.3,96.4,0.544
34.42,32032.2,35121.3,0.1474,0.2961,145.3,96.4,0.544
34.44,31997.9,35038.5,-0.0184,0.0925,145.3,96.4,0.544
34.46,31961.3,34974.2,-0.1952,-0.0653,145.3,96.4,0.544
34.48,31899.3,34884.0,-0.4952,-0.2869,145.3,96.4,0.544
34.5,31892.7,34802.3,-0.5272,-0.4877,145.3,96.4,0.544
34.52,31921.9,34702.0,-0.3859,-0.734,145.3,96.4,0.544
34.54,31826.9,34657.2,-0.8453,-0.844,145.3,96.4,0.544
34.56,31838.9,34689.3,-0.7873,-0.7651,145.3,96.4,0.544
34.58,31830.6,34538.6,-0.8275,-1.1352,145.3,96.4,0.544
34.6,31718.2,34542.3,-1.3712,-1.1264,145.3,96.4,0.544
34.62,31670.9,34480.4,-1.6001,-1.2783,145.3,96.4,0.544
34.64,31668.9,34483.0,-1.6098,-1.2719,145.3,96.4,0.544
34.66,31901.6,34681.7,-0.4842,-0.7839,145.3,96.4,0.544
34.68,31952.3,34930.3,-0.2388,-0.1731,145.3,96.4,0.544
34.7,32287.5,35442.4,1.3826,1.0846,145.3,96.4,0.544
34.72,32349.1,35647.5,1.6807,1.5885,145.3,96.4,0.544
34.74,32365.6,35780.3,1.7602,1.9147,145.3,96.4,0.544
34.76,32332.1,35745.8,1.5984,1.83,145.3,96.4,0.544
34.78,32221.4,35522.5,1.0627,1.2814,145.3,96.4,0.544
34.8,32190.2,35308.0,0.9118,0.7545,145.3,96.4,0.544
34.82,32120.0,35117.3,0.5721,0.286,145.3,96.4,0.544
34.84,32042.7,35004.9,0.1985,0.0101,145.3,96.4,0.544
34.86,31982.9,35090.5,-0.091,0.2204,145.3,96.4,0.544
34.88,31968.3,34948.2,-0.1617,-0.1292,145.3,96.4,0.544
34.9,31958.5,34885.1,-0.209,-0.2842,145.3,96.4,0.544
34.92,31875.7,34737.3,-0.6092,-0.6472,145.3,96.4,0.544
34.94,31763.6,34696.2,-1.1516,-0.7482,145.3,96.4,0.544
34.96,31752.3,34585.9,-1.2064,-1.0193,145.3,96.4,0.544
34.98,31926.1,34666.3,-0.3656,-0.8218,145.3,96.4,0.544
35.0,31752.7,34517.0,-1.2042,-1.1884,145.3,96.4,0.544
35.02,31732.0,34431.8,-1.3045,-1.3978,145.3,96.4,0.544
35.04,31682.8,34442.0,-1.5427,-1.3726,145.3,96.4,0.544
35.06,31831.4,34545.6,-0.8235,-1.1181,145.3,96.4,0.544
35.08,31882.6,34759.9,-0.576,-0.5917,145.3,96.4,0.544
35.1,32116.5,35140.5,0.5554,0.3432,145.3,96.4,0.544
35.12,32214.6,35440.6,1.0297,1.0804,145.3,96.4,0.544
35.14,32302.9,35718.9,1.4568,1.7639,145.3,96.4,0.544
35.16,32401.0,35690.3,1.9316,1.6937,145.3,96.4,0.544
35.18,32356.1,35546.8,1.7144,1.3412,145.3,96.4,0.544
35.2,32183.5,35377.2,0.8795,0.9246,145.3,96.4,0.544
35.22,32069.2,35212.2,0.3268,0.5192,145.3,96.4,0.544
35.24,32006.4,35060.5,0.0229,0.1465,145.3,96.4,0.544
35.26,32020.7,35119.4,0.092,0.2913,145.3,96.4,0.544
35.28,32045.4,34979.7,0.2112,-0.0519,145.3,96.4,0.544
35.3,31992.4,35059.7,-0.0451,0.1447,145.3,96.4,0.544
35.32,31914.0,34861.0,-0.4242,-0.3435,145.3,96.4,0.544
35.34,31903.8,34604.6,-0.4734,-0.9732,145.3,96.4,0.544
35.36,31811.5,34643.4,-0.92,-0.878,145.3,96.4,0.544
35.38,31774.0,34645.3,-1.1013,-0.8734,145.3,96.4,0.544
35.4,31822.5,34663.8,-0.8666,-0.8279,145.3,96.4,0.544
35.42,31715.3,34637.6,-1.3853,-0.8922,145.3,96.4,0.544
35.44,31713.0,34539.8,-1.3964,-1.1324,145.3,96.4,0.544
35.46,31795.1,34443.5,-0.9991,-1.369,145.3,96.4,0.544
35.48,31726.8,34695.5,-1.3295,-0.7499,145.3,96.4,0.544
35.5,31913.1,34889.2,-0.4286,-0.2741,145.3,96.4,0.544
35.52,32240.7,35358.7,1.1561,0.8792,145.3,96.4,0.544
35.54,32259.1,35599.8,1.2449,1.4712,145.3,96.4,0.544
35.56,32351.7,35663.8,1.6931,1.6285,145.3,96.4,0.544
35.58,32348.9,35706.3,1.6796,1.733,145.3,96.4,0.544
35.6,32232.9,35521.8,1.1182,1.2797,145.3,96.4,0.544
35.62,32176.2,35320.9,0.8439,0.7863,145.3,96.4,0.544
35.64,32089.8,35133.3,0.4264,0.3254,145.3,96.4,0.544
35.66,32075.6,35082.8,0.3573,0.2013,145.3,96.4,0.544
35.68,31998.8,35005.2,-0.0142,0.0107,145.3,96.4,0.544
35.7,32049.4,34981.7,0.2306,-0.047,145.3,96.4,0.544
35.72,31912.8,34872.1,-0.4302,-0.3162,145.3,96.4,0.544
35.74,31953.2,34677.1,-0.2344,-0.7952,145.3,96.4,0.544
35.76,31914.9,34590.2,-0.4197,-1.0087,145.3,96.4,0.544
35.78,31891.5,34676.9,-0.5332,-0.7956,145.3,96.4,0.544
35.8,31780.8,34686.2,-1.0682,-0.7728,145.3,96.4,0.544
35.82,31772.0,34582.5,-1.1109,-1.0274,145.3,96.4,0.544
35.84,31737.8,34523.4,-1.2766,-1.1726,145.3,96.4,0.544
35.86,31735.5,34410.8,-1.2877,-1.4492,145.3,96.4,0.544
35.88,31818.8,34383.0,-0.8845,-1.5174,145.3,96.4,0.544
35.9,31813.0,34703.3,-0.9124,-0.7308,145.3,96.4,0.544
35.92,32040.4,35028.0,0.1874,0.0667,145.3,96.4,0.544
35.94,32124.1,35408.5,0.592,1.0015,145.3,96.4,0.544
35.96,32352.5,35640.0,1.6967,1.5701,145.3,96.4,0.544
35.98,32403.0,35750.9,1.9412,1.8425,145.3,96.4,0.544
36.0,32337.1,35564.8,1.6223,1.3852,145.3,96.4,0.544
36.02,32179.7,35503.1,0.8613,1.2338,145.3,96.4,0.544
36.04,32122.4,35278.6,0.5841,0.6824,145.3,96.4,0.544
36.06,32069.8,35191.6,0.3296,0.4687,145.3,96.4,0.544
36.08,32055.8,34984.8,0.262,-0.0394,145.3,96.4,0.544
36.1,31976.4,35091.4,-0.1221,0.2226,145.3,96.4,0.544
36.12,31904.9,34960.4,-0.4682,-0.0993,145.3,96.4,0.544
36.14,31941.4,34842.9,-0.2917,-0.3879,145.3,96.4,0.544
36.16,31982.6,34720.3,-0.0922,-0.689,145.3,96.4,0.544
36.18,31883.8,34721.5,-0.5702,-0.686,145.3,96.4,0.544
36.2,31865.8,34739.2,-0.6574,-0.6425,145.3,96.4,0.544
36.22,31818.7,34647.4,-0.8851,-0.8681,145.3,96.4,0.544
36.24,31883.2,34614.1,-0.5733,-0.9498,145.3,96.4,0.544
36.26,31740.5,34554.5,-1.2633,-1.0962,145.3,96.4,0.544
36.28,31737.3,34428.0,-1.2787,-1.4071,145.3,96.4,0.544
36.3,31850.2,34521.8,-0.7327,-1.1765,145.3,96.4,0.544
36.32,31884.6,34903.8,-0.5664,-0.2383,145.3,96.4,0.544
36.34,32012.7,35186.4,0.0531,0.4559,145.3,96.4,0.544
36.36,32203.5,35496.3,0.976,1.2171,145.3,96.4,0.544
36.38,32328.9,35606.3,1.5826,1.4873,145.3,96.4,0.544
36.4,32409.2,35693.8,1.971,1.7022,145.3,96.4,0.544
36.42,32393.3,35620.5,1.894,1.5222,145.3,96.4,0.544
36.44,32177.1,35407.1,0.8485,0.9981,145.3,96.4,0.544
36.46,32224.7,35298.7,1.0787,0.7317,145.3,96.4,0.544
36.48,32112.4,35233.8,0.5354,0.5722,145.3,96.4,0.544
36.5,32049.3,35065.3,0.2304,0.1584,145.3,96.4,0.544
36.52,31959.6,35110.9,-0.2037,0.2704,145.3,96.4,0.544
36.54,31898.5,34882.9,-0.499,-0.2897,145.3,96.4,0.544
36.56,31772.4,34807.7,-1.1089,-0.4743,145.3,96.4,0.544
36.58,31816.3,34671.0,-0.8968,-0.8102,145.3,96.4,0.544
36.6,31869.4,34664.8,-0.6399,-0.8253,145.3,96.4,0.544
36.62,31862.2,34753.8,-0.6746,-0.6066,145.3,96.4,0.544
36.64,31839.3,34658.7,-0.7855,-0.8404,145.3,96.4,0.544
36.66,31742.6,34564.8,-1.2531,-1.071,145.3,96.4,0.544
36.68,31687.0,34428.8,-1.5221,-1.405,145.3,96.4,0.544
36.7,31787.7,34439.7,-1.0352,-1.3783,145.3,96.4,0.544
36.72,31884.0,34613.6,-0.5692,-0.951,145.3,96.4,0.544
36.74,31959.2,34890.5,-0.2054,-0.271,145.3,96.4,0.544
36.76,32130.1,35337.9,0.6211,0.8279,145.3,96.4,0.544
36.78,32299.0,35599.1,1.4381,1.4696,145.3,96.4,0.544
36.8,32433.2,35723.8,2.0875,1.7759,145.3,96.4,0.544
36.82,32377.8,35744.8,1.8193,1.8276,145.3,96.4,0.544
36.84,32193.0,35418.6,0.9254,1.0263,145.3,96.4,0.544
36.86,32066.6,35387.3,0.314,0.9495,145.3,96.4,0.544
36.88,32210.0,35184.0,1.0076,0.45,145.3,96.4,0.544
36.9,31992.7,35143.6,-0.0436,0.3508,145.3,96.4,0.544
36.92,31975.8,35083.5,-0.1254,0.203,145.3,96.4,0.544
36.94,32040.9,35026.6,0.1899,0.0635,145.3,96.4,0.544
36.96,31934.8,34945.8,-0.3237,-0.1351,145.3,96.4,0.544
36.98,31973.2,34775.9,-0.1379,-0.5524,145.3,96.4,0.544
37.0,31886.0,34741.4,-0.5597,-0.6373,145.3,96.4,0.544
37.02,31800.7,34624.6,-0.9721,-0.9242,145.3,96.4,0.544
37.04,31873.0,34646.4,-0.6225,-0.8704,145.3,96.4,0.544
37.06,31837.0,34539.9,-0.7968,-1.1322,145.3,96.4,0.544
37.08,31747.9,34578.9,-1.2275,-1.0364,145.3,96.4,0.544
37.1,31719.7,34521.4,-1.3641,-1.1777,145.3,96.4,0.544
37.12,31643.0,34477.0,-1.7351,-1.2865,145.3,96.4,0.544
37.14,31886.6,34757.8,-0.5568,-0.5969,145.3,96.4,0.544
37.16,32104.9,34984.8,0.4992,-0.0394,145.3,96.4,0.544
37.18,32282.5,35505.8,1.3584,1.2403,145.3,96.4,0.544
37.2,32295.7,35763.2,1.4224,1.8727,145.3,96.4,0.544
37.22,32358.2,35737.8,1.7244,1.8103,145.3,96.4,0.544
37.24,32406.1,35624.1,1.956,1.531,145.3,96.4,0.544
37.26,32193.1,35480.7,0.926,1.1786,145.3,96.4,0.544
37.28,32210.1,35254.8,1.008,0.624,145.3,96.4,0.544
37.3,32149.2,35102.4,0.7134,0.2495,145.3,96.4,0.544
37.32,32006.3,35129.4,0.0221,0.3159,145.3,96.4,0.544
37.34,32022.5,35105.2,0.1006,0.2564,145.3,96.4,0.544
37.36,31976.2,34976.0,-0.1234,-0.061,145.3,96.4,0.544
37.38,31966.3,34783.6,-0.1714,-0.5334,145.3,96.4,0.544
37.4,31850.0,34744.4,-0.7338,-0.6299,145.3,96.4,0.544
37.42,31880.7,34675.1,-0.5851,-0.8001,145.3,96.4,0.544
37.44,31884.7,34616.0,-0.5657,-0.9453,145.3,96.4,0.544
37.46,31794.0,34664.4,-1.0046,-0.8264,145.3,96.4,0.544
37.48,31737.2,34580.1,-1.2792,-1.0334,145.3,96.4,0.544
37.5,31731.1,34471.9,-1.3086,-1.2991,145.3,96.4,0.544
37.52,31715.2,34512.1,-1.3855,-1.2005,145.3,96.4,0.544
37.54,31749.3,34663.5,-1.221,-0.8285,145.3,96.4,0.544
37.56,31925.3,34854.4,-0.3693,-0.3596,145.3,96.4,0.544
37.58,32080.4,35152.6,0.3808,0.3729,145.3,96.4,0.544
37.6,32306.3,35461.2,1.4736,1.1308,145.3,96.4,0.544
37.62,32358.5,35753.7,1.7261,1.8494,145.3,96.4,0.544
37.64,32436.1,35682.0,2.1013,1.6733,145.3,96.4,0.544
37.66,32231.3,35573.9,1.1105,1.4077,145.3,96.4,0.544
37.68,32329.0,35397.3,1.5834,0.9738,145.3,96.4,0.544
37.7,32133.9,35218.9,0.6397,0.5357,145.3,96.4,0.544
37.72,32071.9,35165.0,0.3396,0.4033,145.3,96.4,0.544
37.74,32085.6,35106.5,0.4058,0.2595,145.3,96.4,0.544
37.76,32025.8,35041.6,0.1166,0.1003,145.3,96.4,0.544
37.78,31964.6,34961.6,-0.1793,-0.0963,145.3,96.4,0.544
37.8,31850.3,34898.7,-0.732,-0.2509,145.3,96.4,0.544
37.82,31895.7,34661.9,-0.5127,-0.8326,145.3,96.4,0.544
37.84,31838.0,34641.6,-0.7915,-0.8823,145.3,96.4,0.544
37.86,31759.4,34644.9,-1.1719,-0.8742,145.3,96.4,0.544
37.88,31779.0,34572.4,-1.0771,-1.0524,145.3,96.4,0.544
37.9,31807.3,34503.0,-0.9401,-1.2228,145.3,96.4,0.544
37.92,31713.5,34416.2,-1.3938,-1.4359,145.3,96.4,0.544
37.94,31720.4,34491.1,-1.3607,-1.252,145.3,96.4,0.544
37.96,31765.7,34581.1,-1.1414,-1.0309,145.3,96.4,0.544
37.98,31991.7,35044.0,-0.0483,0.106,145.3,96.4,0.544
38.0,32028.1,35332.2,0.1277,0.814,145.3,96.4,0.544
38.02,32300.3,35664.8,1.4442,1.631,145.3,96.4,0.544
38.04,32340.1,35827.8,1.6368,2.0313,145.3,96.4,0.544
38.06,32305.7,35743.7,1.4706,1.8247,145.3,96.4,0.544
38.08,32254.8,35500.7,1.2244,1.2279,145.3,96.4,0.544
38.1,32194.4,35293.5,0.9323,0.719,145.3,96.4,0.544
38.12,31934.7,35170.5,-0.3238,0.4168,145.3,96.4,0.544
38.14,32074.9,35081.4,0.3539,0.1979,145.3,96.4,0.544
38.16,32052.4,35113.8,0.2454,0.2775,145.3,96.4,0.544
38.18,32000.5,34995.9,-0.0055,-0.0119,145.3,96.4,0.544
38.2,31973.0,34815.9,-0.139,-0.4543,145.3,96.4,0.544
38.22,31926.1,34742.4,-0.3655,-0.6348,145.3,96.4,0.544
38.24,31921.2,34761.3,-0.3895,-0.5882,145.3,96.4,0.544
38.26,31756.2,34554.6,-1.1876,-1.0961,145.3,96.4,0.544
38.28,31744.2,34652.6,-1.2453,-0.8552,145.3,96.4,0.544
38.3,31752.0,34624.2,-1.2078,-0.925,145.3,96.4,0.544
38.32,31749.0,34486.0,-1.222,-1.2645,145.3,96.4,0.544
38.34,31665.8,34496.4,-1.6249,-1.2391,145.3,96.4,0.544
38.36,31841.3,34538.7,-0.7759,-1.135,145.3,96.4,0.544
38.38,31818.6,34737.2,-0.8858,-0.6476,145.3,96.4,0.544
38.4,32004.1,35081.9,0.0116,0.1993,145.3,96.4,0.544
38.42,32122.1,35392.0,0.5824,0.9608,145.3,96.4,0.544
38.44,32347.7,35768.8,1.6738,1.8865,145.3,96.4,0.544
38.46,32434.7,35737.8,2.0944,1.8102,145.3,96.4,0.544
38.48,32295.0,35543.4,1.4186,1.3329,145.3,96.4,0.544
38.5,32116.0,35336.1,0.5527,0.8235,145.3,96.4,0.544
38.52,32163.5,35197.6,0.7829,0.4833,145.3,96.4,0.544
38.54,32069.9,35081.2,0.3299,0.1974,145.3,96.4,0.544
38.56,31947.8,35104.1,-0.2607,0.2536,145.3,96.4,0.544
38.58,31950.3,35102.7,-0.2485,0.2502,145.3,96.4,0.544
38.6,31952.5,34936.4,-0.2379,-0.1583,145.3,96.4,0.544
38.62,31957.7,34889.2,-0.2127,-0.2742,145.3,96.4,0.544
38.64,31913.9,34706.8,-0.4245,-0.7223,145.3,96.4,0.544
38.66,31773.0,34727.3,-1.1062,-0.6719,145.3,96.4,0.544
38.68,31812.1,34761.6,-0.9172,-0.5875,145.3,96.4,0.544
38.7,31839.9,34566.3,-0.7827,-1.0673,145.3,96.4,0.544
38.72,31732.9,34593.2,-1.3,-1.0012,145.3,96.4,0.544
38.74,31767.1,34484.8,-1.1347,-1.2675,145.3,96.4,0.544
38.76,31696.8,34447.6,-1.4749,-1.3588,145.3,96.4,0.544
38.78,31868.4,34574.4,-0.6447,-1.0475,145.3,96.4,0.544
38.8,31910.5,34887.8,-0.4412,-0.2777,145.3,96.4,0.544
38.82,32105.9,35176.6,0.5039,0.4318,145.3,96.4,0.544
38.84,32229.2,35527.0,1.1005,1.2924,145.3,96.4,0.544
38.86,32513.3,35794.4,2.4749,1.9493,145.3,96.4,0.544
38.88,32380.0,35729.2,1.8298,1.7892,145.3,96.4,0.544
38.9,32208.5,35615.2,1.0006,1.5091,145.3,96.4,0.544
38.92,32270.9,35256.8,1.3021,0.6289,145.3,96.4,0.544
38.94,32108.8,35242.8,0.5182,0.5945,145.3,96.4,0.544
38.96,32101.8,35164.4,0.4843,0.4017,145.3,96.4,0.544
38.98,32096.2,34995.0,0.4569,-0.0142,145.3,96.4,0.544
39.0,31995.3,35034.9,-0.0307,0.0838,145.3,96.4,0.544
39.02,31920.1,34934.7,-0.3947,-0.1625,145.3,96.4,0.544
39.04,31898.5,34764.1,-0.4991,-0.5814,145.3,96.4,0.544
39.06,31977.0,34728.2,-0.1193,-0.6696,145.3,96.4,0.544
39.08,31777.5,34710.4,-1.0846,-0.7134,145.3,96.4,0.544
39.1,31772.9,34655.8,-1.1067,-0.8475,145.3,96.4,0.544
39.12,31852.1,34669.8,-0.7235,-0.813,145.3,96.4,0.544
39.14,31807.3,34537.1,-0.9404,-1.1389,145.3,96.4,0.544
39.16,31746.9,34582.4,-1.2326,-1.0277,145.3,96.4,0.544
39.18,31749.7,34469.5,-1.2191,-1.3052,145.3,96.4,0.544
39.2,31862.4,34621.6,-0.6739,-0.9315,145.3,96.4,0.544
39.22,31930.8,34981.8,-0.3431,-0.0466,145.3,96.4,0.544
39.24,32281.6,35343.8,1.3541,0.8426,145.3,96.4,0.544
39.26,32308.8,35637.2,1.4856,1.5632,145.3,96.4,0.544
39.28,32354.4,35724.4,1.706,1.7774,145.3,96.4,0.544
39.3,32422.1,35722.5,2.0338,1.7728,145.3,96.4,0.544
39.32,32208.0,35478.6,0.9978,1.1736,145.3,96.4,0.544
39.34,32155.3,35301.6,0.7432,0.7389,145.3,96.4,0.544
39.36,32124.4,35159.9,0.5936,0.3907,145.3,96.4,0.544
39.38,32121.6,35069.3,0.5799,0.1683,145.3,96.4,0.544
39.4,32163.0,35034.4,0.7802,0.0825,145.3,96.4,0.544
39.42,32063.6,35001.7,0.2992,0.0023,145.3,96.4,0.544
39.44,31951.0,34800.3,-0.2452,-0.4924,145.3,96.4,0.544
39.46,31817.7,34758.5,-0.8899,-0.5951,145.3,96.4,0.544
39.48,31807.9,34766.9,-0.9374,-0.5745,145.3,96.4,0.544
39.5,31766.7,34747.2,-1.1369,-0.623,145.3,96.4,0.544
39.52,31852.2,34668.9,-0.723,-0.8153,145.3,96.4,0.544
39.54,31819.9,34598.1,-0.8794,-0.9892,145.3,96.4,0.544
39.56,31690.5,34538.4,-1.5051,-1.1359,145.3,96.4,0.544
39.58,31779.5,34454.6,-1.0747,-1.3416,145.3,96.4,0.544
39.6,31857.4,34490.7,-0.698,-1.2529,145.3,96.4,0.544
39.62,31932.3,34656.0,-0.3357,-0.8469,145.3,96.4,0.544
39.64,31992.0,35055.4,-0.0467,0.1341,145.3,96.4,0.544
39.66,32328.9,35455.1,1.5827,1.1159,145.3,96.4,0.544
39.68,32404.9,35720.2,1.9503,1.767,145.3,96.4,0.544
39.7,32385.9,35774.7,1.8585,1.901,145.3,96.4,0.544
39.72,32334.8,35621.4,1.6112,1.5243,145.3,96.4,0.544
39.74,32242.7,35542.3,1.1659,1.3302,145.3,96.4,0.544
39.76,32148.6,35237.6,0.7108,0.5816,145.3,96.4,0.544
39.78,32082.1,35200.9,0.3892,0.4914,145.3,96.4,0.544
39.8,32095.9,35104.6,0.4559,0.255,145.3,96.4,0.544
39.82,32032.5,35000.0,0.1491,-0.0019,145.3,96.4,0.544
39.84,31975.7,34893.4,-0.1257,-0.2637,145.3,96.4,0.544
39.86,31865.9,34834.8,-0.6569,-0.4078,145.3,96.4,0.544
39.88,31930.0,34764.5,-0.3468,-0.5805,145.3,96.4,0.544
39.9,31770.7,34698.7,-1.1175,-0.7421,145.3,96.4,0.544
39.92,31784.6,34658.8,-1.0502,-0.8402,145.3,96.4,0.544
39.94,31780.3,34612.7,-1.071,-0.9534,145.3,96.4,0.544
39.96,31798.6,34609.3,-0.9826,-0.9616,145.3,96.4,0.544
39.98,31827.1,34523.8,-0.8446,-1.1717,145.3,96.4,0.544
40.0,31682.7,34414.6,-1.5428,-1.44,145.3,96.4,0.544
40.02,31767.1,34586.2,-1.1346,-1.0184,145.3,96.4,0.544
40.04,31926.0,34881.0,-0.3663,-0.2943,145.3,96.4,0.544
40.06,32058.8,35246.3,0.2765,0.6029,145.3,96.4,0.544
40.08,32199.5,35519.2,0.957,1.2733,145.3,96.4,0.544
40.1,32331.2,35663.7,1.5938,1.6283,145.3,96.4,0.544
40.12,32366.6,35805.1,1.765,1.9757,145.3,96.4,0.544
40.14,32323.8,35555.7,1.5583,1.3631,145.3,96.4,0.544
40.16,32182.6,35386.2,0.8751,0.9467,145.3,96.4,0.544
40.18,32076.3,35222.3,0.3611,0.5441,145.3,96.4,0.544
40.2,32039.4,35176.8,0.1822,0.4323,145.3,96.4,0.544
40.22,32147.8,35034.9,0.7067,0.0838,145.3,96.4,0.544
40.24,32023.5,35065.0,0.1056,0.1577,145.3,96.4,0.544
40.26,32066.0,34873.7,0.311,-0.3121,145.3,96.4,0.544
40.28,31901.5,34832.5,-0.4848,-0.4135,145.3,96.4,0.544
40.3,31881.7,34708.3,-0.5802,-0.7185,145.3,96.4,0.544
40.32,31891.1,34678.4,-0.5348,-0.7919,145.3,96.4,0.544
40.34,31851.9,34666.5,-0.7244,-0.8212,145.3,96.4,0.544
40.36,31869.4,34572.9,-0.6399,-1.0511,145.3,96.4,0.544
40.38,31775.8,34481.1,-1.0925,-1.2765,145.3,96.4,0.544
40.4,31727.3,34506.3,-1.3273,-1.2147,145.3,96.4,0.544
40.42,31697.6,34466.3,-1.4711,-1.3129,145.3,96.4,0.544
40.44,31814.7,34566.5,-0.9044,-1.0667,145.3,96.4,0.544
40.46,31976.9,34879.4,-0.12,-0.2982,145.3,96.4,0.544
40.48,32138.3,35353.8,0.661,0.867,145.3,96.4,0.544
40.5,32317.4,35585.2,1.5273,1.4353,145.3,96.4,0.544
40.52,32410.8,35783.3,1.9791,1.9221,145.3,96.4,0.544
40.54,32412.4,35645.6,1.9865,1.5838,145.3,96.4,0.544
40.56,32192.5,35434.9,0.9228,1.0662,145.3,96.4,0.544
40.58,32062.2,35307.2,0.2929,0.7527,145.3,96.4,0.544
40.6,32013.9,35190.6,0.0592,0.4661,145.3,96.4,0.544
40.62,32015.2,35090.2,0.0653,0.2196,145.3,96.4,0.544
40.64,32085.3,34982.6,0.4043,-0.0448,145.3,96.4,0.544
40.66,31977.3,34878.4,-0.1179,-0.3008,145.3,96.4,0.544
40.68,31920.9,34748.6,-0.3906,-0.6195,145.3,96.4,0.544
40.7,31873.7,34761.8,-0.6191,-0.5871,145.3,96.4,0.544
40.72,31855.3,34737.6,-0.7079,-0.6464,145.3,96.4,0.544
40.74,31862.7,34753.0,-0.6722,-0.6087,145.3,96.4,0.544
40.76,31817.4,34650.4,-0.8915,-0.8606,145.3,96.4,0.544
40.78,31815.5,34599.9,-0.9006,-0.9848,145.3,96.4,0.544
40.8,31783.6,34452.1,-1.055,-1.3479,145.3,96.4,0.544
40.82,31691.1,34457.6,-1.5021,-1.3344,145.3,96.4,0.544
40.84,31774.8,34536.3,-1.0975,-1.141,145.3,96.4,0.544
40.86,31848.8,34682.7,-0.7397,-0.7813,145.3,96.4,0.544
40.88,32016.6,35042.4,0.0722,0.1022,145.3,96.4,0.544
40.9,32250.9,35492.4,1.2054,1.2076,145.3,96.4,0.544
40.92,32406.6,35752.9,1.9588,1.8474,145.3,96.4,0.544
40.94,32370.8,35693.0,1.7853,1.7001,145.3,96.4,0.544
40.96,32234.9,35654.9,1.1282,1.6067,145.3,96.4,0.544
40.98,32165.3,35489.4,0.7916,1.2001,145.3,96.4,0.544
41.0,32133.9,35217.8,0.6395,0.5329,145.3,96.4,0.544
41.02,32099.9,35144.7,0.4751,0.3534,145.3,96.4,0.544
41.04,31992.4,35044.6,-0.0451,0.1076,145.3,96.4,0.544
41.06,31953.6,34981.0,-0.2324,-0.0487,145.3,96.4,0.544
41.08,31895.8,34962.2,-0.5123,-0.0949,145.3,96.4,0.544
41.1,31963.8,34889.6,-0.1831,-0.2731,145.3,96.4,0.544
41.12,31863.2,34659.3,-0.6699,-0.8389,145.3,96.4,0.544
41.14,31857.8,34660.1,-0.6962,-0.8369,145.3,96.4,0.544
41.16,31864.1,34620.2,-0.6654,-0.935,145.3,96.4,0.544
41.18,31870.1,34564.8,-0.6363,-1.0709,145.3,96.4,0.544
41.2,31801.9,34584.6,-0.9661,-1.0222,145.3,96.4,0.544
41.22,31718.2,34435.9,-1.3711,-1.3877,145.3,96.4,0.544
41.24,31679.8,34397.2,-1.5571,-1.4825,145.3,96.4,0.544
41.26,31729.3,34592.8,-1.3174,-1.0023,145.3,96.4,0.544
41.28,31977.0,34857.1,-0.1195,-0.3529,145.3,96.4,0.544
41.3,32111.5,35317.5,0.531,0.778,145.3,96.4,0.544
41.32,32298.7,35648.2,1.4368,1.5903,145.3,96.4,0.544
41.34,32359.8,35757.2,1.732,1.858,145.3,96.4,0.544
41.36,32330.5,35682.7,1.5903,1.675,145.3,96.4,0.544
41.38,32354.7,35518.9,1.7075,1.2727,145.3,96.4,0.544
41.4,32204.2,35330.9,0.9795,0.8107,145.3,96.4,0.544
41.42,32006.4,35162.2,0.0227,0.3964,145.3,96.4,0.544
41.44,31995.5,35121.6,-0.0301,0.2968,145.3,96.4,0.544
41.46,32071.0,35028.2,0.3354,0.0673,145.3,96.4,0.544
41.48,32047.1,35041.8,0.2195,0.1007,145.3,96.4,0.544
41.5,32048.3,34884.7,0.2257,-0.2853,145.3,96.4,0.544
41.52,31923.0,34676.7,-0.3808,-0.7961,145.3,96.4,0.544
41.54,31791.3,34748.8,-1.0175,-0.6191,145.3,96.4,0.544
41.56,31880.1,34616.4,-0.5881,-0.9442,145.3,96.4,0.544
41.58,31764.4,34641.3,-1.1479,-0.883,145.3,96.4,0.544
41.6,31774.5,34686.3,-1.099,-0.7725,145.3,96.4,0.544
41.62,31758.2,34504.1,-1.1779,-1.2201,145.3,96.4,0.544
41.64,31740.0,34420.0,-1.2656,-1.4267,145.3,96.4,0.544
41.66,31781.0,34465.2,-1.0676,-1.3156,145.3,96.4,0.544
41.68,31731.2,34663.0,-1.3084,-0.8299,145.3,96.4,0.544
41.7,32040.8,34975.0,0.1893,-0.0635,145.3,96.4,0.544
41.72,32234.0,35409.6,1.1239,1.0042,145.3,96.4,0.544
41.74,32261.1,35676.8,1.2546,1.6605,145.3,96.4,0.544
41.76,32396.7,35725.5,1.9108,1.7802,145.3,96.4,0.544
41.78,32411.3,35671.1,1.9814,1.6464,145.3,96.4,0.544
41.8,32282.2,35491.3,1.357,1.2048,145.3,96.4,0.544
41.82,32123.6,35332.0,0.5898,0.8135,145.3,96.4,0.544
41.84,32071.3,35180.1,0.3369,0.4404,145.3,96.4,0.544
41.86,32027.7,35099.9,0.1256,0.2433,145.3,96.4,0.544
41.88,32069.4,34989.5,0.3274,-0.0277,145.3,96.4,0.544
41.9,31981.7,34964.2,-0.0965,-0.0899,145.3,96.4,0.544
41.92,31852.2,34823.5,-0.7231,-0.4355,145.3,96.4,0.544
41.94,31908.3,34770.2,-0.4516,-0.5664,145.3,96.4,0.544
41.96,31852.1,34745.7,-0.7234,-0.6267,145.3,96.4,0.544
41.98,31932.5,34752.3,-0.3346,-0.6104,145.3,96.4,0.544
42.0,31773.4,34582.2,-1.1042,-1.0282,145.3,96.4,0.544
42.02,31795.7,34606.4,-0.9965,-0.9688,145.3,96.4,0.544
42.04,31782.5,34527.0,-1.06,-1.1639,145.3,96.4,0.544
42.06,31737.2,34535.1,-1.2793,-1.1439,145.3,96.4,0.544
42.08,31720.8,34496.9,-1.3585,-1.2379,145.3,96.4,0.544
42.1,31909.5,34720.5,-0.4458,-0.6886,145.3,96.4,0.544
42.12,32038.4,35135.5,0.1774,0.3307,145.3,96.4,0.544
42.14,32238.5,35465.6,1.1453,1.1416,145.3,96.4,0.544
42.16,32404.1,35727.4,1.9467,1.7848,145.3,96.4,0.544
42.18,32430.7,35754.5,2.0751,1.8514,145.3,96.4,0.544
42.2,32323.1,35598.5,1.5547,1.4681,145.3,96.4,0.544
42.22,32249.0,35411.7,1.1964,1.0093,145.3,96.4,0.544
42.24,32208.5,35213.6,1.0003,0.5226,145.3,96.4,0.544
42.26,32019.5,35097.1,0.086,0.2365,145.3,96.4,0.544
42.28,32015.6,35072.3,0.0675,0.1756,145.3,96.4,0.544
42.3,31966.3,35040.3,-0.1712,0.0969,145.3,96.4,0.544
42.32,31983.9,34910.8,-0.0861,-0.2211,145.3,96.4,0.544
42.34,31961.0,34860.7,-0.1968,-0.3442,145.3,96.4,0.544
42.36,31913.5,34725.3,-0.4268,-0.6769,145.3,96.4,0.544
42.38,31880.0,34645.7,-0.5888,-0.8723,145.3,96.4,0.544
42.4,31823.1,34643.6,-0.8638,-0.8775,145.3,96.4,0.544
42.42,31817.5,34628.8,-0.8908,-0.9139,145.3,96.4,0.544
42.44,31791.1,34464.5,-1.0188,-1.3173,145.3,96.4,0.544
42.46,31772.1,34431.5,-1.1107,-1.3985,145.3,96.4,0.544
42.48,31673.4,34471.2,-1.5877,-1.3009,145.3,96.4,0.544
42.5,31815.2,34591.6,-0.9022,-1.0051,145.3,96.4,0.544
42.52,31878.7,34928.6,-0.5947,-0.1774,145.3,96.4,0.544
42.54,32188.2,35366.1,0.9022,0.8972,145.3,96.4,0.544
42.56,32211.1,35615.5,1.0129,1.5099,145.3,96.4,0.544
42.58,32376.0,35682.7,1.8106,1.6749,145.3,96.4,0.544
42.6,32437.1,35714.5,2.1063,1.7531,145.3,96.4,0.544
42.62,32224.1,35529.9,1.0758,1.2995,145.3,96.4,0.544
42.64,32113.0,35316.2,0.5382,0.7748,145.3,96.4,0.544
42.66,32034.4,35279.8,0.1581,0.6853,145.3,96.4,0.544
42.68,32143.8,35092.5,0.6872,0.2252,145.3,96.4,0.544
42.7,32021.1,35070.3,0.094,0.1707,145.3,96.4,0.544
42.72,31954.4,35032.4,-0.2287,0.0776,145.3,96.4,0.544
42.74,31962.5,34826.8,-0.1896,-0.4274,145.3,96.4,0.544
42.76,31927.7,34795.3,-0.3577,-0.5048,145.3,96.4,0.544
42.78,31908.3,34764.7,-0.4519,-0.5799,145.3,96.4,0.544
42.8,31788.1,34792.5,-1.0332,-0.5116,145.3,96.4,0.544
42.82,31820.8,34683.4,-0.8748,-0.7798,145.3,96.4,0.544
42.84,31863.1,34582.1,-0.6702,-1.0284,145.3,96.4,0.544
42.86,31757.7,34553.6,-1.1801,-1.0984,145.3,96.4,0.544
42.88,31699.5,34456.0,-1.4617,-1.3382,145.3,96.4,0.544
42.9,31722.3,34491.2,-1.3516,-1.2519,145.3,96.4,0.544
42.92,31935.0,34709.5,-0.3225,-0.7156,145.3,96.4,0.544
42.94,31997.4,34994.2,-0.0207,-0.0163,145.3,96.4,0.544
42.96,32116.0,35362.5,0.5531,0.8885,145.3,96.4,0.544
42.98,32267.6,35600.4,1.2863,1.4727,145.3,96.4,0.544
43.0,32277.7,35669.8,1.3352,1.6433,145.3,96.4,0.544
43.02,32343.4,35704.4,1.6528,1.7283,145.3,96.4,0.544
43.04,32337.6,35447.3,1.6251,1.0968,145.3,96.4,0.544
43.06,32165.3,35212.3,0.7912,0.5196,145.3,96.4,0.544
43.08,32027.3,35205.5,0.1237,0.5027,145.3,96.4,0.544
43.1,32077.0,35011.6,0.3645,0.0266,145.3,96.4,0.544
43.12,32045.5,35023.0,0.212,0.0544,145.3,96.4,0.544
43.14,31870.4,35008.3,-0.635,0.0183,145.3,96.4,0.544
43.16,31928.2,34921.7,-0.3556,-0.1944,145.3,96.4,0.544
43.18,31791.9,34736.5,-1.0147,-0.6491,145.3,96.4,0.544
43.2,31862.7,34629.2,-0.672,-0.9129,145.3,96.4,0.544
43.22,31776.4,34667.2,-1.0896,-0.8194,145.3,96.4,0.544
43.24,31928.9,34565.2,-0.3519,-1.07,145.3,96.4,0.544
43.26,31757.1,34471.1,-1.1829,-1.3012,145.3,96.4,0.544
43.28,31823.1,34521.2,-0.8639,-1.1782,145.3,96.4,0.544
43.3,31666.1,34508.1,-1.6231,-1.2103,145.3,96.4,0.544
43.32,31743.4,34526.7,-1.2495,-1.1645,145.3,96.4,0.544
43.34,31886.7,34773.9,-0.5563,-0.5575,145.3,96.4,0.544
43.36,32007.9,35101.1,0.0301,0.2462,145.3,96.4,0.544
43.38,32292.2,35486.9,1.4054,1.194,145.3,96.4,0.544
43.4,32405.3,35758.9,1.9525,1.8621,145.3,96.4,0.544
43.42,32396.8,35745.8,1.9111,1.8299,145.3,96.4,0.544
43.44,32236.4,35612.1,1.1353,1.5015,145.3,96.4,0.544
43.46,32208.8,35529.4,1.0018,1.2984,145.3,96.4,0.544
43.48,32082.6,35209.7,0.3915,0.5131,145.3,96.4,0.544
43.5,32034.6,35157.5,0.1591,0.3848,145.3,96.4,0.544
43.52,31985.7,35055.9,-0.0775,0.1352,145.3,96.4,0.544
43.54,32007.7,35012.2,0.029,0.0281,145.3,96.4,0.544
43.56,31996.8,34909.2,-0.0236,-0.225,145.3,96.4,0.544
43.58,31873.4,34714.3,-0.6203,-0.7039,145.3,96.4,0.544
43.6,31903.4,34684.9,-0.4756,-0.7759,145.3,96.4,0.544
43.62,31840.8,34649.3,-0.7783,-0.8635,145.3,96.4,0.544
43.64,31833.0,34594.1,-0.816,-0.9991,145.3,96.4,0.544
43.66,31918.2,34587.9,-0.4039,-1.0141,145.3,96.4,0.544
43.68,31766.9,34583.8,-1.1359,-1.0242,145.3,96.4,0.544
43.7,31692.6,34518.6,-1.4949,-1.1844,145.3,96.4,0.544
43.72,31817.3,34541.1,-0.892,-1.1293,145.3,96.4,0.544
43.74,31836.9,34601.3,-0.7973,-0.9814,145.3,96.4,0.544
43.76,32038.9,34987.3,0.1798,-0.0332,145.3,96.4,0.544
43.78,32128.5,35322.4,0.6135,0.7899,145.3,96.4,0.544
43.8,32279.9,35648.1,1.3457,1.5901,145.3,96.4,0.544
43.82,32368.4,35763.3,1.7736,1.8728,145.3,96.4,0.544
43.84,32405.3,35722.3,1.9525,1.7723,145.3,96.4,0.544
43.86,32281.1,35535.0,1.3517,1.3121,145.3,96.4,0.544
43.88,32168.0,35327.3,0.8045,0.802,145.3,96.4,0.544
43.9,32128.1,35157.7,0.6116,0.3855,145.3,96.4,0.544
43.92,32118.3,35129.7,0.5641,0.3167,145.3,96.4,0.544
43.94,32069.3,35051.8,0.327,0.1253,145.3,96.4,0.544
43.96,32008.6,34975.0,0.0335,-0.0634,145.3,96.4,0.544
43.98,31969.1,34840.2,-0.1574,-0.3946,145.3,96.4,0.544
44.0,31870.6,34701.4,-0.6339,-0.7353,145.3,96.4,0.544
44.02,31821.8,34714.0,-0.8701,-0.7046,145.3,96.4,0.544
44.04,31748.4,34615.4,-1.2253,-0.9466,145.3,96.4,0.544
44.06,31740.5,34590.6,-1.2632,-1.0076,145.3,96.4,0.544
44.08,31824.2,34579.3,-0.8584,-1.0355,145.3,96.4,0.544
44.1,31740.9,34528.1,-1.2615,-1.1611,145.3,96.4,0.544
44.12,31678.1,34417.5,-1.5652,-1.4329,145.3,96.4,0.544
44.14,31742.8,34526.2,-1.2523,-1.1659,145.3,96.4,0.544
44.16,31847.1,34558.2,-0.7478,-1.0872,145.3,96.4,0.544
44.18,32046.6,34958.3,0.217,-0.1043,145.3,96.4,0.544
44.2,32212.9,35431.2,1.0215,1.0573,145.3,96.4,0.544
44.22,32349.0,35710.4,1.6799,1.7429,145.3,96.4,0.544
44.24,32321.4,35789.4,1.5466,1.9371,145.3,96.4,0.544
44.26,32249.0,35680.5,1.1965,1.6695,145.3,96.4,0.544
44.28,32243.8,35486.6,1.1713,1.1933,145.3,96.4,0.544
44.3,32027.1,35236.5,0.1228,0.579,145.3,96.4,0.544
44.32,32141.5,35148.4,0.6762,0.3626,145.3,96.4,0.544
44.34,32054.6,34986.5,0.2559,-0.035,145.3,96.4,0.544
44.36,32025.2,35047.1,0.1137,0.1137,145.3,96.4,0.544
44.38,31981.8,35002.6,-0.0961,0.0045,145.3,96.4,0.544
44.4,32028.1,34810.8,0.1277,-0.4667,145.3,96.4,0.544
44.42,31817.8,34829.5,-0.8893,-0.4208,145.3,96.4,0.544
44.44,31847.0,34636.5,-0.7481,-0.8948,145.3,96.4,0.544
44.46,31823.0,34627.6,-0.8642,-0.9168,145.3,96.4,0.544
44.48,31784.5,34622.3,-1.0506,-0.9298,145.3,96.4,0.544
44.5,31753.5,34636.5,-1.2006,-0.8948,145.3,96.4,0.544
44.52,31838.0,34469.8,-0.7916,-1.3043,145.3,96.4,0.544
44.54,31769.3,34425.1,-1.1242,-1.4142,145.3,96.4,0.544
44.56,31724.6,34629.9,-1.3404,-0.9111,145.3,96.4,0.544
44.58,31926.3,34829.8,-0.3647,-0.4201,145.3,96.4,0.544
44.6,32092.4,35094.6,0.4388,0.2303,145.3,96.4,0.544
44.62,32238.3,35587.5,1.1446,1.441,145.3,96.4,0.544
44.64,32327.9,35799.7,1.5779,1.9624,145.3,96.4,0.544
44.66,32298.5,35623.9,1.4359,1.5306,145.3,96.4,0.544
44.68,32308.8,35590.1,1.4857,1.4475,145.3,96.4,0.544
44.7,32161.9,35468.9,0.7751,1.1498,145.3,96.4,0.544
44.72,32234.3,35165.6,1.1253,0.4047,145.3,96.4,0.544
44.74,32081.1,35131.1,0.3841,0.3202,145.3,96.4,0.544
44.76,32045.8,35104.3,0.2132,0.2542,145.3,96.4,0.544
44.78,31924.3,35014.8,-0.3741,0.0343,145.3,96.4,0.544
44.8,31923.8,34944.2,-0.3766,-0.1391,145.3,96.4,0.544
44.82,31933.4,34731.5,-0.3302,-0.6615,145.3,96.4,0.544
44.84,31801.2,34617.7,-0.9698,-0.941,145.3,96.4,0.544
44.86,31810.0,34688.0,-0.9273,-0.7684,145.3,96.4,0.544
44.88,31770.0,34629.3,-1.1209,-0.9125,145.3,96.4,0.544
44.9,31877.1,34574.2,-0.6028,-1.048,145.3,96.4,0.544
44.92,31778.5,34582.5,-1.0796,-1.0274,145.3,96.4,0.544
44.94,31642.2,34542.3,-1.7388,-1.1263,145.3,96.4,0.544
44.96,31693.4,34513.5,-1.4911,-1.1971,145.3,96.4,0.544
44.98,31854.1,34652.8,-0.714,-0.8547,145.3,96.4,0.544
45.0,31924.1,34965.7,-0.3753,-0.0861,145.3,96.4,0.544
45.02,32219.4,35301.5,1.053,0.7386,145.3,96.4,0.544
45.04,32207.3,35603.8,0.9946,1.4812,145.3,96.4,0.544
45.06,32470.7,35659.6,2.2689,1.6181,145.3,96.4,0.544
45.08,32365.6,35668.7,1.7604,1.6406,145.3,96.4,0.544
45.1,32348.5,35549.8,1.6777,1.3486,145.3,96.4,0.544
45.12,32130.3,35237.8,0.6224,0.5822,145.3,96.4,0.544
45.14,32028.2,35090.8,0.1285,0.2211,145.3,96.4,0.544
45.16,32114.1,35096.7,0.5436,0.2356,145.3,96.4,0.544
45.18,31979.7,35115.6,-0.1064,0.2821,145.3,96.4,0.544
45.2,31924.7,34922.8,-0.3723,-0.1916,145.3,96.4,0.544
45.22,31913.1,34894.5,-0.4286,-0.2611,145.3,96.4,0.544
45.24,31835.6,34774.0,-0.8032,-0.5572,145.3,96.4,0.544
45.26,31881.6,34760.6,-0.5808,-0.5901,145.3,96.4,0.544
45.28,31737.3,34667.2,-1.279,-0.8193,145.3,96.4,0.544
45.3,31865.2,34581.6,-0.6604,-1.0296,145.3,96.4,0.544
45.32,31860.8,34688.9,-0.6816,-0.7662,145.3,96.4,0.544
45.34,31744.9,34465.8,-1.242,-1.3143,145.3,96.4,0.544
45.36,31733.4,34418.4,-1.2978,-1.4307,145.3,96.4,0.544
45.38,31854.4,34518.4,-0.7122,-1.185,145.3,96.4,0.544
45.4,31910.5,34768.1,-0.4411,-0.5716,145.3,96.4,0.544
45.42,31968.7,34993.2,-0.1594,-0.0187,145.3,96.4,0.544
45.44,32225.0,35417.8,1.0804,1.0243,145.3,96.4,0.544
45.46,32348.8,35687.1,1.6789,1.6859,145.3,96.4,0.544
45.48,32352.6,35800.9,1.6976,1.9652,145.3,96.4,0.544
45.5,32308.1,35616.1,1.4819,1.5113,145.3,96.4,0.544
45.52,32222.9,35460.6,1.0699,1.1294,145.3,96.4,0.544
45.54,32152.8,35213.6,0.7309,0.5226,145.3,96.4,0.544
45.56,32073.6,35228.2,0.3477,0.5584,145.3,96.4,0.544
45.58,32086.7,35085.4,0.4113,0.2078,145.3,96.4,0.544
45.6,31940.2,34975.1,-0.2973,-0.0632,145.3,96.4,0.544
45.62,31924.7,34975.2,-0.3723,-0.063,145.3,96.4,0.544
45.64,31887.9,34864.2,-0.5504,-0.3355,145.3,96.4,0.544
45.66,31874.3,34731.2,-0.6161,-0.6623,145.3,96.4,0.544
45.68,31823.9,34685.7,-0.86,-0.7741,145.3,96.4,0.544
45.7,31879.9,34635.7,-0.589,-0.8968,145.3,96.4,0.544
45.72,31827.7,34726.3,-0.8417,-0.6743,145.3,96.4,0.544
45.74,31744.4,34588.6,-1.2445,-1.0125,145.3,96.4,0.544
45.76,31716.3,34456.6,-1.3806,-1.3369,145.3,96.4,0.544
45.78,31763.6,34411.9,-1.1515,-1.4466,145.3,96.4,0.544
45.8,31782.8,34581.4,-1.059,-1.0302,145.3,96.4,0.544
45.82,31937.7,34787.1,-0.3097,-0.5248,145.3,96.4,0.544
45.84,32042.6,35237.7,0.198,0.5818,145.3,96.4,0.544
45.86,32195.6,35625.3,0.9382,1.534,145.3,96.4,0.544
45.88,32399.5,35695.9,1.9243,1.7074,145.3,96.4,0.544
45.9,32340.0,35718.8,1.6362,1.7635,145.3,96.4,0.544
45.92,32369.3,35578.3,1.7781,1.4186,145.3,96.4,0.544
45.94,32258.1,35333.6,1.2402,0.8176,145.3,96.4,0.544
45.96,32202.3,35236.6,0.9705,0.5793,145.3,96.4,0.544
45.98,32074.2,35117.1,0.3507,0.2857,145.3,96.4,0.544
46.0,32086.5,34986.9,0.4102,-0.0342,145.3,96.4,0.544
46.02,31994.4,34954.3,-0.0352,-0.1143,145.3,96.4,0.544
46.04,31935.7,34901.3,-0.3192,-0.2443,145.3,96.4,0.544
46.06,31917.3,34833.5,-0.4082,-0.411,145.3,96.4,0.544
46.08,31856.3,34649.4,-0.7033,-0.8631,145.3,96.4,0.544
46.1,31876.9,34641.9,-0.6034,-0.8817,145.3,96.4,0.544
46.12,31803.8,34528.2,-0.9573,-1.1609,145.3,96.4,0.544
46.14,31819.0,34603.7,-0.8837,-0.9754,145.3,96.4,0.544
46.16,31751.0,34471.3,-1.2128,-1.3006,145.3,96.4,0.544
46.18,31732.7,34472.8,-1.3009,-1.297,145.3,96.4,0.544
46.2,31769.2,34439.9,-1.1244,-1.3779,145.3,96.4,0.544
46.22,31834.5,34616.7,-0.8085,-0.9434,145.3,96.4,0.544
46.24,31937.8,34894.4,-0.3092,-0.2613,145.3,96.4,0.544
46.26,32218.3,35330.4,1.0478,0.8096,145.3,96.4,0.544
46.28,32342.2,35680.8,1.6471,1.6703,145.3,96.4,0.544
46.3,32367.3,35793.6,1.7687,1.9473,145.3,96.4,0.544
46.32,32316.4,35674.4,1.5223,1.6546,145.3,96.4,0.544
46.34,32261.4,35450.3,1.2564,1.1041,145.3,96.4,0.544
46.36,32212.0,35308.4,1.0171,0.7555,145.3,96.4,0.544
46.38,32052.4,35076.2,0.2455,0.1852,145.3,96.4,0.544
46.4,32114.3,35109.3,0.5449,0.2666,145.3,96.4,0.544
46.42,31983.0,35011.5,-0.0906,0.0263,145.3,96.4,0.544
46.44,31994.2,34924.2,-0.0361,-0.1882,145.3,96.4,0.544
46.46,31897.8,34905.1,-0.5023,-0.2352,145.3,96.4,0.544
46.48,31908.0,34849.0,-0.453,-0.373,145.3,96.4,0.544
46.5,31786.5,34724.5,-1.041,-0.6788,145.3,96.4,0.544
46.52,31830.6,34673.2,-0.8274,-0.8047,145.3,96.4,0.544
46.54,31849.6,34705.8,-0.7357,-0.7247,145.3,96.4,0.544
46.56,31835.9,34620.4,-0.8019,-0.9345,145.3,96.4,0.544
46.58,31770.8,34529.6,-1.1167,-1.1574,145.3,96.4,0.544
46.6,31680.9,34498.7,-1.5517,-1.2333,145.3,96.4,0.544
46.62,31798.2,34521.4,-0.9841,-1.1775,145.3,96.4,0.544
46.64,31879.5,34748.3,-0.5908,-0.6203,145.3,96.4,0.544
46.66,32127.7,35162.5,0.6094,0.3971,145.3,96.4,0.544
46.68,32338.7,35461.6,1.6303,1.132,145.3,96.4,0.544
46.7,32218.6,35748.7,1.0492,1.837,145.3,96.4,0.544
46.72,32356.7,35723.2,1.7173,1.7744,145.3,96.4,0.544
46.74,32287.4,35734.6,1.3821,1.8025,145.3,96.4,0.544
46.76,32227.9,35314.2,1.0944,0.7698,145.3,96.4,0.544
46.78,32158.1,35348.7,0.7565,0.8545,145.3,96.4,0.544
46.8,32079.1,35143.4,0.3746,0.3502,145.3,96.4,0.544
46.82,32055.3,35068.8,0.2593,0.1671,145.3,96.4,0.544
46.84,32047.6,34971.2,0.2219,-0.0726,145.3,96.4,0.544
46.86,31962.7,34910.3,-0.1884,-0.2222,145.3,96.4,0.544
46.88,31972.1,34819.3,-0.1431,-0.4458,145.3,96.4,0.544
46.9,31818.3,34665.8,-0.8871,-0.8228,145.3,96.4,0.544
46.92,31844.5,34729.9,-0.7603,-0.6654,145.3,96.4,0.544
46.94,31735.2,34744.2,-1.2892,-0.6304,145.3,96.4,0.544
46.96,31754.8,34592.0,-1.1943,-1.0041,145.3,96.4,0.544
46.98,31823.5,34513.5,-0.8617,-1.1971,145.3,96.4,0.544
47.0,31784.2,34486.5,-1.0521,-1.2634,145.3,96.4,0.544
47.02,31773.9,34375.5,-1.1019,-1.5361,145.3,96.4,0.544
47.04,31840.1,34611.7,-0.7817,-0.9558,145.3,96.4,0.544
47.06,31943.6,34805.8,-0.2809,-0.4789,145.3,96.4,0.544
47.08,32108.8,35311.9,0.5181,0.7641,145.3,96.4,0.544
47.1,32308.2,35560.0,1.4828,1.3735,145.3,96.4,0.544
47.12,32353.3,35728.1,1.7006,1.7865,145.3,96.4,0.544
47.14,32399.5,35778.4,1.9243,1.91,145.3,96.4,0.544
47.16,32260.2,35670.1,1.2505,1.6441,145.3,96.4,0.544
47.18,32186.7,35358.8,0.8949,0.8793,145.3,96.4,0.544
47.2,32091.9,35188.5,0.4366,0.461,145.3,96.4,0.544
47.22,32097.3,35093.6,0.4626,0.2279,145.3,96.4,0.544
47.24,32104.8,35098.4,0.499,0.2398,145.3,96.4,0.544
47.26,32067.7,35018.6,0.3194,0.0436,145.3,96.4,0.544
47.28,31865.1,34902.9,-0.6606,-0.2406,145.3,96.4,0.544
47.3,31963.5,34864.9,-0.1847,-0.3339,145.3,96.4,0.544
47.32,31871.2,34698.7,-0.631,-0.742,145.3,96.4,0.544
47.34,31856.5,34680.9,-0.7022,-0.7857,145.3,96.4,0.544
47.36,31850.3,34615.0,-0.7322,-0.9476,145.3,96.4,0.544
47.38,31715.5,34644.2,-1.3842,-0.876,145.3,96.4,0.544
47.4,31735.6,34585.0,-1.2871,-1.0215,145.3,96.4,0.544
47.42,31688.5,34465.4,-1.5147,-1.3152,145.3,96.4,0.544
47.44,31721.2,34556.8,-1.3567,-1.0907,145.3,96.4,0.544
47.46,31817.7,34606.7,-0.8898,-0.9682,145.3,96.4,0.544
47.48,31953.0,34998.7,-0.2356,-0.0051,145.3,96.4,0.544
47.5,32201.1,35450.0,0.9646,1.1035,145.3,96.4,0.544
47.52,32402.5,35626.8,1.9387,1.5377,145.3,96.4,0.544
47.54,32282.9,35770.6,1.3605,1.8908,145.3,96.4,0.544
47.56,32332.2,35675.7,1.5988,1.6578,145.3,96.4,0.544
47.58,32205.1,35455.5,0.9838,1.1169,145.3,96.4,0.544
47.6,32147.6,35302.2,0.7059,0.7403,145.3,96.4,0.544
47.62,32036.5,35171.0,0.1682,0.4179,145.3,96.4,0.544
47.64,32152.2,35127.5,0.7281,0.3112,145.3,96.4,0.544
47.66,32074.7,35144.4,0.3529,0.3527,145.3,96.4,0.544
47.68,31996.2,35062.0,-0.0267,0.1503,145.3,96.4,0.544
47.7,31951.3,34808.1,-0.2438,-0.4734,145.3,96.4,0.544
47.72,31820.2,34645.0,-0.8777,-0.874,145.3,96.4,0.544
47.74,31785.9,34683.0,-1.0436,-0.7806,145.3,96.4,0.544
47.76,31828.5,34696.5,-0.8375,-0.7475,145.3,96.4,0.544
47.78,31902.8,34619.0,-0.4785,-0.9379,145.3,96.4,0.544
47.8,31842.3,34674.1,-0.7709,-0.8024,145.3,96.4,0.544
47.82,31790.7,34552.4,-1.0204,-1.1015,145.3,96.4,0.544
47.84,31692.0,34477.1,-1.4978,-1.2863,145.3,96.4,0.544
47.86,31768.1,34476.9,-1.1299,-1.2869,145.3,96.4,0.544
47.88,31840.3,34719.0,-0.7808,-0.6922,145.3,96.4,0.544
47.9,32090.3,35106.4,0.4285,0.2593,145.3,96.4,0.544
47.92,32242.4,35462.0,1.1644,1.1328,145.3,96.4,0.544
47.94,32326.5,35752.2,1.5711,1.8458,145.3,96.4,0.544
47.96,32398.9,35705.2,1.9212,1.7302,145.3,96.4,0.544
47.98,32312.9,35606.7,1.5054,1.4882,145.3,96.4,0.544
48.0,32269.1,35446.7,1.2936,1.0953,145.3,96.4,0.544
48.02,32186.0,35255.2,0.8915,0.6248,145.3,96.4,0.544
48.04,32112.5,35151.7,0.536,0.3706,145.3,96.4,0.544
48.06,32098.3,35145.6,0.4671,0.3557,145.3,96.4,0.544
48.08,32090.6,35037.5,0.4303,0.09,145.3,96.4,0.544
48.1,31976.2,34919.5,-0.1232,-0.1997,145.3,96.4,0.544
48.12,31831.8,34842.2,-0.8217,-0.3896,145.3,96.4,0.544
48.14,31961.3,34770.4,-0.1952,-0.566,145.3,96.4,0.544
48.16,31826.3,34649.0,-0.8481,-0.8642,145.3,96.4,0.544
48.18,31853.0,34660.4,-0.719,-0.8362,145.3,96.4,0.544
48.2,31842.6,34560.8,-0.7696,-1.0807,145.3,96.4,0.544
48.22,31776.8,34544.7,-1.0876,-1.1203,145.3,96.4,0.544
48.24,31794.6,34472.9,-1.0017,-1.2968,145.3,96.4,0.544
48.26,31674.7,34560.6,-1.5818,-1.0814,145.3,96.4,0.544
48.28,31793.2,34615.9,-1.0086,-0.9454,145.3,96.4,0.544
48.3,31981.1,34932.7,-0.0994,-0.1672,145.3,96.4,0.544
48.32,32138.8,35281.1,0.6634,0.6884,145.3,96.4,0.544
48.34,32340.6,35606.3,1.6393,1.4873,145.3,96.4,0.544
48.36,32355.8,35746.2,1.7131,1.8309,145.3,96.4,0.544
48.38,32373.0,35750.2,1.796,1.8407,145.3,96.4,0.544
48.4,32342.3,35495.3,1.6478,1.2147,145.3,96.4,0.544
48.42,32208.0,35370.2,0.998,0.9073,145.3,96.4,0.544
48.44,32170.7,35159.0,0.8176,0.3885,145.3,96.4,0.544
48.46,32062.5,35101.5,0.2942,0.2473,145.3,96.4,0.544
48.48,32028.9,35179.5,0.1315,0.4388,145.3,96.4,0.544
48.5,31983.8,34949.9,-0.0863,-0.1251,145.3,96.4,0.544
48.52,32012.7,34850.9,0.0531,-0.3681,145.3,96.4,0.544
48.54,31835.6,34658.1,-0.8035,-0.8419,145.3,96.4,0.544
48.56,31915.7,34677.7,-0.4158,-0.7937,145.3,96.4,0.544
48.58,31776.4,34656.9,-1.0897,-0.8449,145.3,96.4,0.544
48.6,31783.4,34658.6,-1.0558,-0.8405,145.3,96.4,0.544
48.62,31835.0,34557.5,-0.8063,-1.089,145.3,96.4,0.544
48.64,31697.4,34462.9,-1.4719,-1.3212,145.3,96.4,0.544
48.66,31617.7,34395.8,-1.8571,-1.486,145.3,96.4,0.544
48.68,31678.0,34477.3,-1.5656,-1.2858,145.3,96.4,0.544
48.7,31914.2,34547.0,-0.4231,-1.1147,145.3,96.4,0.544
48.72,31995.5,35003.0,-0.0298,0.0053,145.3,96.4,0.544
48.74,32253.6,35444.4,1.2183,1.0897,145.3,96.4,0.544
48.76,32278.8,35615.7,1.3403,1.5103,145.3,96.4,0.544
48.78,32400.8,35811.1,1.9304,1.9903,145.3,96.4,0.544
48.8,32410.5,35640.1,1.9775,1.5702,145.3,96.4,0.544
48.82,32306.1,35462.6,1.4723,1.1343,145.3,96.4,0.544
48.84,32082.7,35314.7,0.3919,0.7711,145.3,96.4,0.544
48.86,32098.7,35247.5,0.4692,0.606,145.3,96.4,0.544
48.88,32084.3,35054.4,0.3997,0.1316,145.3,96.4,0.544
48.9,31997.5,35085.3,-0.0201,0.2076,145.3,96.4,0.544
48.92,32057.0,35019.7,0.2677,0.0463,145.3,96.4,0.544
48.94,31927.8,34898.8,-0.3572,-0.2506,145.3,96.4,0.544
48.96,31926.3,34816.7,-0.3648,-0.4521,145.3,96.4,0.544
48.98,31792.7,34597.0,-1.0108,-0.9919,145.3,96.4,0.544
49.0,31798.0,34618.9,-0.985,-0.9382,145.3,96.4,0.544
49.02,31993.1,34721.8,-0.0415,-0.6854,145.3,96.4,0.544
49.04,31836.9,34617.1,-0.7973,-0.9426,145.3,96.4,0.544
49.06,31663.4,34479.7,-1.6364,-1.28,145.3,96.4,0.544
49.08,31717.1,34402.4,-1.3764,-1.4699,145.3,96.4,0.544
49.1,31751.4,34571.8,-1.2107,-1.0537,145.3,96.4,0.544
49.12,31893.5,34816.8,-0.5234,-0.4521,145.3,96.4,0.544
49.14,32075.5,35114.1,0.3573,0.2782,145.3,96.4,0.544
49.16,32275.6,35501.9,1.3249,1.2309,145.3,96.4,0.544
49.18,32347.9,35733.6,1.6746,1.7999,145.3,96.4,0.544
49.2,32367.4,35817.2,1.769,2.0053,145.3,96.4,0.544
49.22,32249.2,35656.8,1.1973,1.6113,145.3,96.4,0.544
49.24,32163.6,35374.1,0.7832,0.917,145.3,96.4,0.544
49.26,32108.1,35294.8,0.5147,0.7221,145.3,96.4,0.544
49.28,31999.3,35189.3,-0.0114,0.463,145.3,96.4,0.544
49.3,32006.1,35001.4,0.0215,0.0015,145.3,96.4,0.544
49.32,32022.0,35052.3,0.0981,0.1265,145.3,96.4,0.544
49.34,32026.6,34946.6,0.1206,-0.1332,145.3,96.4,0.544
49.36,31907.4,34856.6,-0.4562,-0.3541,145.3,96.4,0.544
49.38,31923.6,34739.3,-0.3777,-0.6424,145.3,96.4,0.544
49.4,31860.9,34575.6,-0.6811,-1.0445,145.3,96.4,0.544
49.42,31761.6,34691.6,-1.1614,-0.7594,145.3,96.4,0.544
49.44,31803.5,34648.5,-0.9588,-0.8654,145.3,96.4,0.544
49.46,31758.6,34583.3,-1.176,-1.0255,145.3,96.4,0.544
49.48,31844.1,34474.0,-0.7625,-1.294,145.3,96.4,0.544
49.5,31726.2,34421.0,-1.3325,-1.4241,145.3,96.4,0.544
49.52,31826.2,34621.9,-0.8488,-0.9306,145.3,96.4,0.544
49.54,31985.4,35022.8,-0.0786,0.0541,145.3,96.4,0.544
49.56,32132.4,35218.5,0.6324,0.5347,145.3,96.4,0.544
49.58,32351.4,35607.7,1.6918,1.4907,145.3,96.4,0.544
49.6,32325.7,35704.1,1.5674,1.7275,145.3,96.4,0.544
49.62,32382.3,35661.8,1.8412,1.6237,145.3,96.4,0.544
49.64,32261.2,35508.3,1.2554,1.2465,145.3,96.4,0.544
49.66,32135.7,35460.2,0.6481,1.1285,145.3,96.4,0.544
49.68,32075.2,35248.8,0.3557,0.6091,145.3,96.4,0.544
49.7,32073.4,35085.6,0.347,0.2083,145.3,96.4,0.544
49.72,31940.9,35026.2,-0.2941,0.0624,145.3,96.4,0.544
49.74,32033.5,35073.4,0.154,0.1783,145.3,96.4,0.544
49.76,31878.8,34827.2,-0.5945,-0.4264,145.3,96.4,0.544
49.78,31824.8,34729.6,-0.8558,-0.6661,145.3,96.4,0.544
49.8,31890.2,34687.8,-0.5393,-0.7689,145.3,96.4,0.544
49.82,31764.4,34808.9,-1.1477,-0.4715,145.3,96.4,0.544
49.84,31840.5,34615.7,-0.7795,-0.946,145.3,96.4,0.544
49.86,31765.2,34610.7,-1.144,-0.9583,145.3,96.4,0.544
49.88,31810.9,34495.6,-0.9227,-1.241,145.3,96.4,0.544
49.9,31666.5,34481.0,-1.6212,-1.2768,145.3,96.4,0.544
49.92,31713.8,34491.0,-1.3926,-1.2523,145.3,96.4,0.544
49.94,31813.9,34655.0,-0.9084,-0.8493,145.3,96.4,0.544
49.96,32009.4,35026.1,0.0372,0.0622,145.3,96.4,0.544
49.98,32216.0,35454.2,1.0366,1.1136,145.3,96.4,0.544
50.0,32220.4,35633.9,1.0581,1.5552,145.3,96.4,0.544
50.02,32404.1,35738.3,1.9463,1.8116,145.3,96.4,0.544
50.04,32343.8,35784.4,1.6551,1.9248,145.3,96.4,0.544
50.06,32219.6,35449.4,1.0541,1.1019,145.3,96.4,0.544
50.08,32182.9,35232.0,0.8764,0.5679,145.3,96.4,0.544
50.1,32025.0,35193.8,0.1129,0.4741,145.3,96.4,0.544
50.12,32031.4,35091.6,0.1439,0.223,145.3,96.4,0.544
50.14,32110.0,35082.7,0.5238,0.2012,145.3,96.4,0.544
50.16,32049.6,34954.0,0.2315,-0.1149,145.3,96.4,0.544
50.18,31911.7,34748.8,-0.4352,-0.619,145.3,96.4,0.544
50.2,31872.3,34712.3,-0.6256,-0.7087,145.3,96.4,0.544
50.22,31772.8,34625.3,-1.107,-0.9223,145.3,96.4,0.544
50.24,31900.1,34731.1,-0.4916,-0.6624,145.3,96.4,0.544
50.26,31765.3,34583.0,-1.1434,-1.0263,145.3,96.4,0.544
50.28,31776.8,34580.1,-1.0877,-1.0335,145.3,96.4,0.544
50.3,31761.7,34609.6,-1.1607,-0.961,145.3,96.4,0.544
50.32,31692.1,34455.4,-1.4975,-1.3398,145.3,96.4,0.544
50.34,31812.0,34563.4,-0.9176,-1.0745,145.3,96.4,0.544
50.36,31878.5,34784.2,-0.5956,-0.532,145.3,96.4,0.544
50.38,32029.4,35142.5,0.134,0.3479,145.3,96.4,0.544
50.4,32165.9,35512.3,0.7944,1.2563,145.3,96.4,0.544
50.42,32351.6,35701.4,1.6927,1.7209,145.3,96.4,0.544
50.44,32482.9,35756.0,2.3275,1.8551,145.3,96.4,0.544
50.46,32270.0,35603.8,1.2977,1.481,145.3,96.4,0.544
50.48,32207.8,35327.6,0.997,0.8027,145.3,96.4,0.544
50.5,32059.4,35148.7,0.2789,0.3631,145.3,96.4,0.544
50.52,32155.8,35030.9,0.7454,0.074,145.3,96.4,0.544
50.54,31973.8,35145.7,-0.1349,0.3558,145.3,96.4,0.544
50.56,32022.1,35084.2,0.0987,0.2048,145.3,96.4,0.544
50.58,31925.8,34927.6,-0.3668,-0.1797,145.3,96.4,0.544
50.6,31849.9,34756.6,-0.7343,-0.5998,145.3,96.4,0.544
50.62,31866.9,34724.1,-0.6521,-0.6797,145.3,96.4,0.544
50.64,31771.0,34619.4,-1.1158,-0.9369,145.3,96.4,0.544
50.66,31757.6,34708.6,-1.1804,-0.7177,145.3,96.4,0.544
50.68,31795.2,34686.7,-0.999,-0.7716,145.3,96.4,0.544
50.7,31771.0,34555.9,-1.1158,-1.0928,145.3,96.4,0.544
50.72,31750.1,34431.6,-1.2168,-1.3983,145.3,96.4,0.544
50.74,31727.0,34536.8,-1.3287,-1.1398,145.3,96.4,0.544
50.76,31842.7,34682.1,-0.7688,-0.7829,145.3,96.4,0.544
50.78,31873.8,34891.3,-0.6185,-0.2691,145.3,96.4,0.544
50.8,32270.6,35273.0,1.3009,0.6686,145.3,96.4,0.544
50.82,32241.6,35597.5,1.1606,1.4656,145.3,96.4,0.544
50.84,32363.9,35793.4,1.7518,1.9468,145.3,96.4,0.544
50.86,32359.3,35668.9,1.7299,1.6412,145.3,96.4,0.544
50.88,32242.4,35500.3,1.1642,1.227,145.3,96.4,0.544
50.9,32140.1,35275.8,0.6693,0.6755,145.3,96.4,0.544
50.92,32077.8,35232.7,0.368,0.5696,145.3,96.4,0.544
50.94,32028.5,35104.1,0.1297,0.2538,145.3,96.4,0.544
50.96,32028.7,35046.5,0.1304,0.1123,145.3,96.4,0.544
50.98,31964.3,34900.8,-0.1806,-0.2456,145.3,96.4,0.544
51.0,31847.1,34870.6,-0.7476,-0.3199,145.3,96.4,0.544
51.02,31870.4,34674.1,-0.6348,-0.8024,145.3,96.4,0.544
51.04,31924.3,34704.0,-0.3744,-0.729,145.3,96.4,0.544
51.06,31858.1,34685.1,-0.6945,-0.7754,145.3,96.4,0.544
51.08,31841.7,34566.8,-0.7741,-1.0659,145.3,96.4,0.544
51.1,31833.8,34552.6,-0.812,-1.1011,145.3,96.4,0.544
51.12,31785.4,34564.7,-1.046,-1.0711,145.3,96.4,0.544
51.14,31725.5,34425.7,-1.3359,-1.4128,145.3,96.4,0.544
51.16,31732.2,34554.9,-1.3037,-1.0952,145.3,96.4,0.544
51.18,31877.2,34731.8,-0.6023,-0.6609,145.3,96.4,0.544
51.2,32034.8,34999.9,0.1601,-0.0022,145.3,96.4,0.544
51.22,32215.3,35414.6,1.0332,1.0164,145.3,96.4,0.544
51.24,32343.3,35726.0,1.6526,1.7813,145.3,96.4,0.544
51.26,32458.3,35775.8,2.2089,1.9036,145.3,96.4,0.544
51.28,32324.8,35645.7,1.5629,1.5839,145.3,96.4,0.544
51.3,32338.0,35492.3,1.6265,1.2073,145.3,96.4,0.544
51.32,32101.5,35273.4,0.4827,0.6695,145.3,96.4,0.544
51.34,32106.1,35079.1,0.5053,0.1923,145.3,96.4,0.544
51.36,31950.6,34955.4,-0.2471,-0.1116,145.3,96.4,0.544
51.38,32038.4,35016.9,0.1774,0.0395,145.3,96.4,0.544
51.4,31956.8,34909.1,-0.217,-0.2252,145.3,96.4,0.544
51.42,31927.2,34696.7,-0.3602,-0.747,145.3,96.4,0.544
51.44,31871.0,34752.5,-0.6321,-0.6099,145.3,96.4,0.544
51.46,31875.2,34796.0,-0.6119,-0.5032,145.3,96.4,0.544
51.48,31823.8,34577.1,-0.8605,-1.0407,145.3,96.4,0.544
51.5,31842.9,34548.5,-0.7679,-1.111,145.3,96.4,0.544
51.52,31717.1,34570.9,-1.3767,-1.056,145.3,96.4,0.544
51.54,31729.6,34432.8,-1.3161,-1.3952,145.3,96.4,0.544
51.56,31708.6,34512.2,-1.4174,-1.2001,145.3,96.4,0.544
51.58,31839.5,34558.6,-0.7845,-1.0862,145.3,96.4,0.544
51.6,31921.8,34761.5,-0.3863,-0.5877,145.3,96.4,0.544
51.62,32113.0,35127.5,0.5383,0.3113,145.3,96.4,0.544
51.64,32242.3,35565.4,1.164,1.3869,145.3,96.4,0.544
51.66,32430.5,35773.6,2.0742,1.8981,145.3,96.4,0.544
51.68,32345.3,35788.7,1.6623,1.9353,145.3,96.4,0.544
51.7,32260.6,35585.2,1.2522,1.4355,145.3,96.4,0.544
51.72,32210.6,35470.0,1.0108,1.1526,145.3,96.4,0.544
51.74,32139.5,35289.0,0.6668,0.7079,145.3,96.4,0.544
51.76,32031.8,35098.3,0.1458,0.2394,145.3,96.4,0.544
51.78,31998.3,35033.5,-0.0162,0.0803,145.3,96.4,0.544
51.8,32029.7,35065.4,0.1354,0.1586,145.3,96.4,0.544
51.82,31962.9,34935.1,-0.1875,-0.1613,145.3,96.4,0.544
51.84,31826.2,34758.2,-0.8491,-0.5959,145.3,96.4,0.544
51.86,31796.2,34715.6,-0.9939,-0.7006,145.3,96.4,0.544
51.88,31768.2,34610.6,-1.1295,-0.9585,145.3,96.4,0.544
51.9,31782.9,34686.7,-1.0584,-0.7716,145.3,96.4,0.544
51.92,31903.7,34596.6,-0.474,-0.9929,145.3,96.4,0.544
51.94,31830.6,34493.5,-0.8274,-1.246,145.3,96.4,0.544
51.96,31741.5,34360.3,-1.2587,-1.5733,145.3,96.4,0.544
51.98,31780.8,34450.7,-1.0683,-1.3512,145.3,96.4,0.544
52.0,31855.1,34629.6,-0.7088,-0.9118,145.3,96.4,0.544
52.02,32002.7,34859.0,0.0051,-0.3484,145.3,96.4,0.544
52.04,32118.2,35287.4,0.5634,0.7041,145.3,96.4,0.544
52.06,32335.7,35669.0,1.6156,1.6413,145.3,96.4,0.544
52.08,32367.8,35737.7,1.7707,1.8101,145.3,96.4,0.544
52.1,32289.4,35665.7,1.3915,1.6331,145.3,96.4,0.544
52.12,32200.3,35480.8,0.9607,1.1791,145.3,96.4,0.544
52.14,32141.8,35305.7,0.6779,0.7489,145.3,96.4,0.544
52.16,32018.4,35162.7,0.0809,0.3978,145.3,96.4,0.544
52.18,32064.2,35023.9,0.3024,0.0566,145.3,96.4,0.544
52.2,32078.9,35041.4,0.3733,0.0998,145.3,96.4,0.544
52.22,32022.1,34950.2,0.0986,-0.1243,145.3,96.4,0.544
52.24,31967.9,34811.1,-0.1637,-0.466,145.3,96.4,0.544
52.26,31935.4,34735.6,-0.3207,-0.6516,145.3,96.4,0.544
52.28,31836.6,34678.3,-0.7985,-0.7923,145.3,96.4,0.544
52.3,31814.1,34736.6,-0.9073,-0.6491,145.3,96.4,0.544
52.32,31777.2,34617.7,-1.0858,-0.9412,145.3,96.4,0.544
52.34,31709.4,34688.1,-1.414,-0.7682,145.3,96.4,0.544
52.36,31718.6,34644.4,-1.3691,-0.8755,145.3,96.4,0.544
52.38,31741.5,34480.0,-1.2586,-1.2793,145.3,96.4,0.544
52.4,31706.4,34538.0,-1.4285,-1.1368,145.3,96.4,0.544
52.42,31850.8,34768.5,-0.7299,-0.5706,145.3,96.4,0.544
52.44,32055.9,35074.6,0.2623,0.1812,145.3,96.4,0.544
52.46,32212.3,35400.4,1.0188,0.9815,145.3,96.4,0.544
52.48,32293.9,35781.8,1.4137,1.9183,145.3,96.4,0.544
52.5,32430.1,35707.3,2.0722,1.7354,145.3,96.4,0.544
52.52,32331.6,35630.1,1.5959,1.5457,145.3,96.4,0.544
52.54,32214.1,35358.2,1.0274,0.8778,145.3,96.4,0.544
52.56,32053.0,35276.3,0.2482,0.6766,145.3,96.4,0.544
52.58,32072.4,35208.7,0.3422,0.5105,145.3,96.4,0.544
52.6,32060.3,35057.8,0.2835,0.1401,145.3,96.4,0.544
52.62,32012.5,35035.5,0.0525,0.0852,145.3,96.4,0.544
52.64,31968.3,35003.6,-0.1613,0.0069,145.3,96.4,0.544
52.66,31864.6,34826.2,-0.6633,-0.429,145.3,96.4,0.544
52.68,31887.8,34805.3,-0.5509,-0.4803,145.3,96.4,0.544
52.7,31855.2,34674.2,-0.7087,-0.8022,145.3,96.4,0.544
52.72,31779.3,34624.5,-1.0759,-0.9243,145.3,96.4,0.544
52.74,31791.1,34603.4,-1.0184,-0.9761,145.3,96.4,0.544
52.76,31794.5,34489.1,-1.0023,-1.257,145.3,96.4,0.544
52.78,31692.0,34473.3,-1.4981,-1.2958,145.3,96.4,0.544
52.8,31677.1,34423.8,-1.5699,-1.4172,145.3,96.4,0.544
52.82,31809.8,34621.8,-0.9284,-0.931,145.3,96.4,0.544
52.84,31869.7,34881.6,-0.6384,-0.2929,145.3,96.4,0.544
52.86,32134.0,35304.5,0.6398,0.746,145.3,96.4,0.544
52.88,32308.1,35512.9,1.482,1.258,145.3,96.4,0.544
52.9,32372.6,35731.2,1.794,1.794,145.3,96.4,0.544
52.92,32343.1,35713.0,1.6512,1.7494,145.3,96.4,0.544
52.94,32272.7,35614.6,1.311,1.5077,145.3,96.4,0.544
52.96,32217.7,35433.2,1.0446,1.0622,145.3,96.4,0.544
52.98,31932.7,35157.7,-0.3337,0.3853,145.3,96.4,0.544
53.0,32157.3,35158.5,0.7529,0.3872,145.3,96.4,0.544
53.02,32067.7,35093.2,0.3192,0.227,145.3,96.4,0.544
53.04,32095.2,35030.7,0.4521,0.0735,145.3,96.4,0.544
53.06,31956.1,34872.6,-0.2207,-0.315,145.3,96.4,0.544
53.08,31925.6,34787.5,-0.3682,-0.5239,145.3,96.4,0.544
53.1,31869.6,34704.8,-0.6391,-0.727,145.3,96.4,0.544
53.12,31870.1,34657.5,-0.6363,-0.8433,145.3,96.4,0.544
53.14,31834.9,34573.4,-0.8065,-1.0499,145.3,96.4,0.544
53.16,31850.7,34653.2,-0.7301,-0.8539,145.3,96.4,0.544
53.18,31754.9,34621.0,-1.1938,-0.9328,145.3,96.4,0.544
53.2,31674.9,34436.4,-1.5808,-1.3864,145.3,96.4,0.544
53.22,31696.1,34524.2,-1.4782,-1.1706,145.3,96.4,0.544
53.24,31798.6,34687.4,-0.9823,-0.7699,145.3,96.4,0.544
53.26,32014.9,35017.3,0.0641,0.0406,145.3,96.4,0.544
53.28,32212.7,35353.4,1.0208,0.866,145.3,96.4,0.544
53.3,32382.6,35759.3,1.8427,1.863,145.3,96.4,0.544
53.32,32331.8,35859.6,1.5969,2.1095,145.3,96.4,0.544
53.34,32403.0,35536.7,1.9414,1.3164,145.3,96.4,0.544
53.36,32265.9,35567.9,1.2779,1.3929,145.3,96.4,0.544
53.38,32070.5,35385.0,0.3328,0.9437,145.3,96.4,0.544
53.4,32100.8,35198.3,0.4793,0.485,145.3,96.4,0.544
53.42,31938.7,35128.3,-0.3047,0.3131,145.3,96.4,0.544
53.44,32045.7,35071.8,0.2129,0.1743,145.3,96.4,0.544
53.46,31957.4,35006.5,-0.2141,0.014,145.3,96.4,0.544
53.48,31946.4,34921.2,-0.2673,-0.1955,145.3,96.4,0.544
53.5,31954.1,34785.6,-0.23,-0.5285,145.3,96.4,0.544
53.52,31904.2,34702.3,-0.4718,-0.7332,145.3,96.4,0.544
53.54,31891.0,34706.4,-0.5353,-0.7233,145.3,96.4,0.544
53.56,31861.2,34682.1,-0.6793,-0.7828,145.3,96.4,0.544
53.58,31776.1,34534.5,-1.091,-1.1453,145.3,96.4,0.544
53.6,31733.5,34503.2,-1.2971,-1.2222,145.3,96.4,0.544
53.62,31765.9,34455.0,-1.1403,-1.3406,145.3,96.4,0.544
53.64,31733.2,34483.7,-1.2989,-1.2703,145.3,96.4,0.544
53.66,31852.5,34718.7,-0.7215,-0.693,145.3,96.4,0.544
53.68,32024.3,35164.7,0.1094,0.4025,145.3,96.4,0.544
53.7,32129.1,35478.8,0.6161,1.1742,145.3,96.4,0.544
53.72,32319.7,35655.4,1.5384,1.6078,145.3,96.4,0.544
53.74,32419.7,35741.2,2.0221,1.8185,145.3,96.4,0.544
53.76,32398.7,35554.5,1.9206,1.3599,145.3,96.4,0.544
53.78,32276.8,35490.1,1.3306,1.2018,145.3,96.4,0.544
53.8,32115.5,35188.3,0.5505,0.4604,145.3,96.4,0.544
53.82,32081.8,35160.2,0.3874,0.3916,145.3,96.4,0.544
53.84,32034.3,35158.7,0.1577,0.3878,145.3,96.4,0.544
53.86,31988.6,35017.8,-0.0633,0.0417,145.3,96.4,0.544
53.88,31892.6,35039.6,-0.5279,0.0953,145.3,96.4,0.544
53.9,31920.8,34818.1,-0.391,-0.4489,145.3,96.4,0.544
53.92,31813.0,34726.7,-0.9125,-0.6733,145.3,96.4,0.544
53.94,31871.2,34653.1,-0.6313,-0.8541,145.3,96.4,0.544
53.96,31872.5,34652.7,-0.6247,-0.8551,145.3,96.4,0.544
53.98,31763.4,34603.8,-1.1526,-0.9751,145.3,96.4,0.544
54.0,31715.6,34592.1,-1.3839,-1.0039,145.3,96.4,0.544
54.02,31695.3,34537.1,-1.4818,-1.1389,145.3,96.4,0.544
54.04,31737.5,34366.9,-1.2781,-1.557,145.3,96.4,0.544
54.06,31824.1,34616.9,-0.8592,-0.9431,145.3,96.4,0.544
54.08,31916.0,34766.9,-0.4146,-0.5746,145.3,96.4,0.544
54.1,32057.7,35283.2,0.271,0.6937,145.3,96.4,0.544
54.12,32339.0,35544.4,1.6318,1.3353,145.3,96.4,0.544
54.14,32428.9,35802.1,2.0666,1.9683,145.3,96.4,0.544
54.16,32428.5,35747.2,2.0645,1.8333,145.3,96.4,0.544
54.18,32317.5,35585.6,1.5277,1.4364,145.3,96.4,0.544
54.2,32185.5,35395.9,0.8893,0.9706,145.3,96.4,0.544
54.22,32043.5,35200.8,0.2025,0.4913,145.3,96.4,0.544
54.24,32068.5,35098.7,0.3231,0.2405,145.3,96.4,0.544
54.26,31991.5,35126.1,-0.0495,0.3078,145.3,96.4,0.544
54.28,31961.8,34978.1,-0.1932,-0.0558,145.3,96.4,0.544
54.3,31910.3,34861.6,-0.4419,-0.3418,145.3,96.4,0.544
54.32,31863.4,34771.5,-0.6689,-0.5632,145.3,96.4,0.544
54.34,31869.8,34685.1,-0.6381,-0.7754,145.3,96.4,0.544
54.36,31718.7,34703.1,-1.3689,-0.7313,145.3,96.4,0.544
54.38,31890.4,34718.2,-0.5381,-0.6941,145.3,96.4,0.544
54.4,31738.7,34607.1,-1.2719,-0.967,145.3,96.4,0.544
54.42,31778.1,34517.4,-1.0814,-1.1874,145.3,96.4,0.544
54.44,31786.6,34533.6,-1.0406,-1.1477,145.3,96.4,0.544
54.46,31669.9,34510.2,-1.6047,-1.205,145.3,96.4,0.544
54.48,31926.5,34687.7,-0.3639,-0.7692,145.3,96.4,0.544
54.5,31957.3,34961.1,-0.2148,-0.0974,145.3,96.4,0.544
54.52,32167.9,35266.1,0.8039,0.6517,145.3,96.4,0.544
54.54,32300.2,35745.2,1.444,1.8284,145.3,96.4,0.544
54.56,32430.5,35736.9,2.074,1.8081,145.3,96.4,0.544
54.58,32413.4,35592.6,1.9914,1.4537,145.3,96.4,0.544
54.6,32200.9,35435.0,0.9635,1.0664,145.3,96.4,0.544
54.62,32147.9,35202.1,0.7071,0.4944,145.3,96.4,0.544
54.64,32148.0,35194.0,0.7076,0.4746,145.3,96.4,0.544
54.66,32070.2,35124.1,0.3314,0.3029,145.3,96.4,0.544
54.68,32074.0,35061.0,0.3498,0.1478,145.3,96.4,0.544
54.7,31964.5,35002.8,-0.1797,0.0048,145.3,96.4,0.544
54.72,32086.0,34895.0,0.4077,-0.2599,145.3,96.4,0.544
54.74,31943.3,34747.9,-0.2826,-0.6213,145.3,96.4,0.544
54.76,31916.2,34626.0,-0.4133,-0.9207,145.3,96.4,0.544
54.78,31816.3,34678.4,-0.8966,-0.7919,145.3,96.4,0.544
54.8,31853.5,34646.8,-0.717,-0.8695,145.3,96.4,0.544
54.82,31807.7,34560.7,-0.9385,-1.081,145.3,96.4,0.544
54.84,31637.4,34545.1,-1.762,-1.1193,145.3,96.4,0.544
54.86,31649.3,34481.8,-1.7047,-1.2749,145.3,96.4,0.544
54.88,31759.0,34526.5,-1.1737,-1.165,145.3,96.4,0.544
54.9,31749.5,34736.0,-1.2196,-0.6504,145.3,96.4,0.544
54.92,31943.8,35007.6,-0.2801,0.0166,145.3,96.4,0.544
54.94,32251.0,35467.9,1.2057,1.1473,145.3,96.4,0.544
54.96,32313.9,35744.9,1.51,1.8277,145.3,96.4,0.544
54.98,32363.8,35652.0,1.7517,1.5996,145.3,96.4,0.544
55.0,32322.6,35605.5,1.5521,1.4853,145.3,96.4,0.544
55.02,32129.1,35502.0,0.6161,1.231,145.3,96.4,0.544
55.04,32115.2,35265.3,0.5489,0.6498,145.3,96.4,0.544
55.06,32007.9,35175.5,0.0299,0.4291,145.3,96.4,0.544
55.08,32032.9,35129.1,0.1508,0.3151,145.3,96.4,0.544
55.1,32040.4,35069.3,0.1875,0.1683,145.3,96.4,0.544
55.12,31973.8,34866.9,-0.1348,-0.329,145.3,96.4,0.544
55.14,31824.6,34879.4,-0.8563,-0.2982,145.3,96.4,0.544
55.16,31989.8,34715.0,-0.0573,-0.7019,145.3,96.4,0.544
55.18,31873.5,34638.4,-0.62,-0.8901,145.3,96.4,0.544
55.2,31854.2,34591.7,-0.7134,-1.005,145.3,96.4,0.544
55.22,31794.0,34678.1,-1.0044,-0.7926,145.3,96.4,0.544
55.24,31800.5,34575.3,-0.9729,-1.0452,145.3,96.4,0.544
55.26,31644.0,34436.8,-1.7299,-1.3853,145.3,96.4,0.544
55.28,31749.5,34384.6,-1.2198,-1.5137,145.3,96.4,0.544
55.3,31831.6,34539.3,-0.8226,-1.1335,145.3,96.4,0.544
55.32,31940.5,34768.1,-0.2957,-0.5715,145.3,96.4,0.544
55.34,32147.1,35339.4,0.7036,0.8317,145.3,96.4,0.544
55.36,32286.7,35622.1,1.3786,1.5262,145.3,96.4,0.544
55.38,32375.8,35795.1,1.8094,1.951,145.3,96.4,0.544
55.4,32343.5,35672.8,1.6535,1.6505,145.3,96.4,0.544
55.42,32280.7,35569.6,1.3496,1.3971,145.3,96.4,0.544
55.44,32209.5,35376.0,1.0051,0.9217,145.3,96.4,0.544
55.46,32125.7,35023.8,0.5997,0.0565,145.3,96.4,0.544
55.48,32027.4,35211.9,0.1245,0.5186,145.3,96.4,0.544
55.5,32028.7,35021.3,0.1305,0.0504,145.3,96.4,0.544
55.52,31897.7,34966.4,-0.5029,-0.0846,145.3,96.4,0.544
55.54,32081.1,34889.8,0.3839,-0.2726,145.3,96.4,0.544
55.56,31887.3,34803.6,-0.5533,-0.4844,145.3,96.4,0.544
55.58,31754.2,34738.9,-1.1972,-0.6434,145.3,96.4,0.544
55.6,31856.8,34743.7,-0.7009,-0.6315,145.3,96.4,0.544
55.62,31878.0,34648.8,-0.5984,-0.8646,145.3,96.4,0.544
55.64,31775.8,34688.7,-1.0924,-0.7667,145.3,96.4,0.544
55.66,31785.8,34494.4,-1.0443,-1.244,145.3,96.4,0.544
55.68,31771.5,34445.7,-1.1136,-1.3634,145.3,96.4,0.544
55.7,31749.7,34517.6,-1.219,-1.1869,145.3,96.4,0.544
55.72,31803.1,34604.2,-0.9603,-0.9741,145.3,96.4,0.544
55.74,31853.3,34863.9,-0.718,-0.3363,145.3,96.4,0.544
55.76,32131.2,35319.6,0.6263,0.783,145.3,96.4,0.544
55.78,32290.2,35564.3,1.3956,1.3842,145.3,96.4,0.544
55.8,32261.7,35727.6,1.2575,1.7853,145.3,96.4,0.544
55.82,32367.6,35636.2,1.7698,1.5606,145.3,96.4,0.544
55.84,32220.2,35467.2,1.0569,1.1457,145.3,96.4,0.544
55.86,32079.9,35348.6,0.3784,0.8544,145.3,96.4,0.544
55.88,32072.8,35141.2,0.3441,0.3449,145.3,96.4,0.544
55.9,32050.0,35136.4,0.2335,0.333,145.3,96.4,0.544
55.92,32007.6,35028.4,0.0285,0.0677,145.3,96.4,0.544
55.94,32022.6,34907.6,0.1013,-0.229,145.3,96.4,0.544
55.96,31955.1,34875.1,-0.2252,-0.3087,145.3,96.4,0.544
55.98,31953.6,34736.0,-0.2326,-0.6505,145.3,96.4,0.544
56.0,31904.2,34676.5,-0.4714,-0.7967,145.3,96.4,0.544
56.02,31787.9,34642.2,-1.0339,-0.881,145.3,96.4,0.544
56.04,31815.7,34539.8,-0.8997,-1.1323,145.3,96.4,0.544
56.06,31686.7,34582.3,-1.5236,-1.0279,145.3,96.4,0.544
56.08,31710.0,34536.3,-1.4111,-1.1409,145.3,96.4,0.544
56.1,31648.6,34416.5,-1.7079,-1.4352,145.3,96.4,0.544
56.12,31755.0,34623.6,-1.1933,-0.9265,145.3,96.4,0.544
56.14,31810.0,34762.9,-0.9274,-0.5844,145.3,96.4,0.544
56.16,32116.7,35126.9,0.5565,0.3096,145.3,96.4,0.544
56.18,32231.7,35365.9,1.1125,0.8967,145.3,96.4,0.544
56.2,32332.4,35581.2,1.5995,1.4257,145.3,96.4,0.544
56.22,32347.5,35732.7,1.6727,1.7977,145.3,96.4,0.544
56.24,32307.9,35542.1,1.4813,1.3296,145.3,96.4,0.544
56.26,32373.5,35410.7,1.7986,1.0067,145.3,96.4,0.544
56.28,32169.6,35196.9,0.8123,0.4817,145.3,96.4,0.544
56.3,32048.2,35089.5,0.2248,0.2177,145.3,96.4,0.544
56.32,32020.1,35033.2,0.089,0.0796,145.3,96.4,0.544
56.34,32041.4,35013.3,0.1921,0.0307,145.3,96.4,0.544
56.36,31930.8,34963.7,-0.343,-0.0912,145.3,96.4,0.544
56.38,31924.4,34753.1,-0.3736,-0.6084,145.3,96.4,0.544
56.4,31901.6,34736.8,-0.4841,-0.6486,145.3,96.4,0.544
56.42,31895.2,34701.6,-0.515,-0.7349,145.3,96.4,0.544
56.44,31789.9,34722.1,-1.0245,-0.6845,145.3,96.4,0.544
56.46,31805.9,34554.6,-0.9468,-1.0961,145.3,96.4,0.544
56.48,31800.5,34580.4,-0.973,-1.0327,145.3,96.4,0.544
56.5,31730.8,34450.4,-1.3102,-1.352,145.3,96.4,0.544
56.52,31727.9,34464.9,-1.3243,-1.3164,145.3,96.4,0.544
56.54,31876.4,34635.2,-0.6062,-0.8981,145.3,96.4,0.544
56.56,32011.5,34897.4,0.0474,-0.254,145.3,96.4,0.544
56.58,32099.0,35212.1,0.4707,0.519,145.3,96.4,0.544
56.6,32225.9,35563.9,1.0844,1.383,145.3,96.4,0.544
56.62,32446.7,35853.7,2.1523,2.0949,145.3,96.4,0.544
56.64,32397.4,35723.7,1.914,1.7756,145.3,96.4,0.544
56.66,32263.5,35595.8,1.2666,1.4614,145.3,96.4,0.544
56.68,32161.5,35297.7,0.7732,0.7292,145.3,96.4,0.544
56.7,32156.7,35209.7,0.75,0.513,145.3,96.4,0.544
56.72,32093.9,35066.8,0.4462,0.162,145.3,96.4,0.544
56.74,32023.7,35125.5,0.1064,0.3064,145.3,96.4,0.544
56.76,31983.8,35044.9,-0.0867,0.1083,145.3,96.4,0.544
56.78,31850.0,34905.7,-0.7339,-0.2337,145.3,96.4,0.544
56.8,31884.7,34804.3,-0.5657,-0.4826,145.3,96.4,0.544
56.82,31878.1,34757.6,-0.5979,-0.5974,145.3,96.4,0.544
56.84,31866.7,34606.7,-0.653,-0.968,145.3,96.4,0.544
56.86,31794.6,34772.6,-1.0015,-0.5604,145.3,96.4,0.544
56.88,31735.1,34566.3,-1.2896,-1.0674,145.3,96.4,0.544
56.9,31762.3,34530.8,-1.1578,-1.1544,145.3,96.4,0.544
56.92,31641.4,34445.5,-1.7429,-1.3641,145.3,96.4,0.544
56.94,31759.8,34472.2,-1.1698,-1.2984,145.3,96.4,0.544
56.96,31750.7,34683.9,-1.2142,-0.7784,145.3,96.4,0.544
56.98,31993.1,34976.9,-0.0414,-0.0587,145.3,96.4,0.544
57.0,32245.2,35361.3,1.178,0.8854,145.3,96.4,0.544
57.02,32302.2,35657.7,1.4536,1.6136,145.3,96.4,0.544
57.04,32327.5,35698.2,1.5761,1.7131,145.3,96.4,0.544
57.06,32376.7,35659.8,1.814,1.6187,145.3,96.4,0.544
57.08,32282.0,35493.9,1.3559,1.2113,145.3,96.4,0.544
57.1,32063.9,35266.8,0.3008,0.6533,145.3,96.4,0.544
57.12,32108.7,35166.9,0.5174,0.408,145.3,96.4,0.544
57.14,32207.7,35108.3,0.9966,0.264,145.3,96.4,0.544
57.16,31967.8,35137.5,-0.1641,0.3359,145.3,96.4,0.544
57.18,32001.2,34970.4,-0.0026,-0.0748,145.3,96.4,0.544
57.2,31893.2,34806.0,-0.5247,-0.4785,145.3,96.4,0.544
57.22,31799.0,34631.7,-0.9804,-0.9065,145.3,96.4,0.544
57.24,31877.0,34747.9,-0.6032,-0.6212,145.3,96.4,0.544
57.26,31919.2,34775.5,-0.399,-0.5534,145.3,96.4,0.544
57.28,31828.9,34696.9,-0.8359,-0.7464,145.3,96.4,0.544
57.3,31807.8,34504.2,-0.9378,-1.2198,145.3,96.4,0.544
57.32,31798.8,34522.9,-0.9811,-1.174,145.3,96.4,0.544
57.34,31670.9,34455.4,-1.6002,-1.3396,145.3,96.4,0.544
57.36,31769.0,34630.7,-1.1255,-0.9092,145.3,96.4,0.544
57.38,31945.7,34724.6,-0.2708,-0.6786,145.3,96.4,0.544
57.4,31993.5,35137.1,-0.0398,0.3347,145.3,96.4,0.544
57.42,32327.4,35489.7,1.5757,1.2008,145.3,96.4,0.544
57.44,32343.8,35677.0,1.6547,1.661,145.3,96.4,0.544
57.46,32315.3,35740.5,1.5171,1.817,145.3,96.4,0.544
57.48,32261.4,35541.5,1.2563,1.3281,145.3,96.4,0.544
57.5,32210.3,35464.6,1.0089,1.1392,145.3,96.4,0.544
57.52,32065.7,35290.2,0.3097,0.7109,145.3,96.4,0.544
57.54,32000.6,35117.4,-0.0052,0.2863,145.3,96.4,0.544
57.56,32076.3,35059.5,0.3609,0.1441,145.3,96.4,0.544
57.58,32004.4,34982.6,0.013,-0.0446,145.3,96.4,0.544
57.6,31970.0,34942.7,-0.1531,-0.1429,145.3,96.4,0.544
57.62,31947.0,34705.7,-0.2643,-0.7248,145.3,96.4,0.544
57.64,31853.7,34734.3,-0.7158,-0.6545,145.3,96.4,0.544
57.66,31853.4,34619.4,-0.7172,-0.9368,145.3,96.4,0.544
57.68,31836.0,34618.5,-0.8016,-0.939,145.3,96.4,0.544
57.7,31800.8,34625.0,-0.9718,-0.923,145.3,96.4,0.544
57.72,31745.8,34579.0,-1.2376,-1.036,145.3,96.4,0.544
57.74,31717.3,34487.5,-1.3755,-1.2608,145.3,96.4,0.544
57.76,31715.1,34514.5,-1.3863,-1.1946,145.3,96.4,0.544
57.78,31861.0,34517.1,-0.6803,-1.1882,145.3,96.4,0.544
57.8,31944.4,34933.6,-0.2772,-0.1652,145.3,96.4,0.544
57.82,32067.0,35320.5,0.3157,0.7853,145.3,96.4,0.544
57.84,32278.7,35615.0,1.3399,1.5087,145.3,96.4,0.544
57.86,32382.4,35814.3,1.8417,1.9981,145.3,96.4,0.544
57.88,32344.1,35725.6,1.6561,1.7803,145.3,96.4,0.544
57.9,32296.2,35581.2,1.4246,1.4255,145.3,96.4,0.544
57.92,32237.1,35208.3,1.1388,0.5096,145.3,96.4,0.544
57.94,32088.2,35197.7,0.4183,0.4835,145.3,96.4,0.544
57.96,32052.1,35114.6,0.2439,0.2795,145.3,96.4,0.544
57.98,32005.8,35033.6,0.0198,0.0805,145.3,96.4,0.544
58.0,31952.9,35017.0,-0.2361,0.0397,145.3,96.4,0.544
58.02,31950.4,34910.4,-0.2482,-0.222,145.3,96.4,0.544
58.04,31929.8,34808.2,-0.3477,-0.4731,145.3,96.4,0.544
58.06,31819.9,34733.7,-0.8795,-0.6561,145.3,96.4,0.544
58.08,31893.0,34613.5,-0.5257,-0.9514,145.3,96.4,0.544
58.1,31866.3,34650.3,-0.6547,-0.8608,145.3,96.4,0.544
58.12,31847.8,34639.8,-0.7442,-0.8867,145.3,96.4,0.544
58.14,31802.6,34516.3,-0.9631,-1.1901,145.3,96.4,0.544
58.16,31643.6,34422.9,-1.7323,-1.4195,145.3,96.4,0.544
58.18,31796.6,34455.6,-0.992,-1.3391,145.3,96.4,0.544
58.2,31862.7,34735.4,-0.6724,-0.6519,145.3,96.4,0.544
58.22,32021.7,34989.0,0.097,-0.029,145.3,96.4,0.544
58.24,32232.0,35386.2,1.1141,0.9466,145.3,96.4,0.544
58.26,32420.4,35718.3,2.0254,1.7625,145.3,96.4,0.544
58.28,32369.6,35754.1,1.7798,1.8504,145.3,96.4,0.544
58.3,32336.6,35655.1,1.62,1.6072,145.3,96.4,0.544
58.32,32247.3,35408.5,1.1879,1.0013,145.3,96.4,0.544
58.34,32119.5,35207.1,0.5697,0.5067,145.3,96.4,0.544
58.36,32084.2,35167.0,0.3991,0.4083,145.3,96.4,0.544
58.38,32048.9,35123.4,0.2284,0.301,145.3,96.4,0.544
58.4,32033.9,35152.6,0.1558,0.3729,145.3,96.4,0.544
58.42,31999.0,34885.5,-0.0128,-0.2831,145.3,96.4,0.544
58.44,31927.5,34739.2,-0.3589,-0.6427,145.3,96.4,0.544
58.46,31973.9,34750.3,-0.1342,-0.6153,145.3,96.4,0.544
58.48,31769.7,34673.9,-1.1222,-0.8031,145.3,96.4,0.544
58.5,31857.2,34649.1,-0.6989,-0.864,145.3,96.4,0.544
58.52,31787.6,34581.4,-1.0357,-1.0303,145.3,96.4,0.544
58.54,31773.1,34717.8,-1.1057,-0.6951,145.3,96.4,0.544
58.56,31707.2,34488.2,-1.4245,-1.2591,145.3,96.4,0.544
58.58,31753.8,34425.6,-1.1993,-1.4128,145.3,96.4,0.544
58.6,31796.2,34519.0,-0.9941,-1.1834,145.3,96.4,0.544
58.62,31969.8,34795.0,-0.1543,-0.5056,145.3,96.4,0.544
58.64,32140.8,35108.7,0.6727,0.2651,145.3,96.4,0.544
58.66,32234.9,35550.3,1.1283,1.3497,145.3,96.4,0.544
58.68,32441.8,35754.5,2.1288,1.8514,145.3,96.4,0.544
58.7,32327.3,35851.6,1.5749,2.0898,145.3,96.4,0.544
58.72,32288.7,35582.5,1.3884,1.4287,145.3,96.4,0.544
58.74,32152.8,35281.1,0.7311,0.6885,145.3,96.4,0.544
58.76,32160.4,35259.0,0.7677,0.6341,145.3,96.4,0.544
58.78,32001.1,35153.8,-0.0029,0.3757,145.3,96.4,0.544
58.8,32036.5,35139.7,0.1684,0.3411,145.3,96.4,0.544
58.82,32001.0,34919.4,-0.0031,-0.1999,145.3,96.4,0.544
58.84,31924.7,34917.4,-0.3726,-0.205,145.3,96.4,0.544
58.86,31917.1,34801.1,-0.4091,-0.4905,145.3,96.4,0.544
58.88,31787.7,34738.8,-1.035,-0.6435,145.3,96.4,0.544
58.9,31922.1,34692.8,-0.385,-0.7565,145.3,96.4,0.544
58.92,31846.5,34636.7,-0.7506,-0.8943,145.3,96.4,0.544
58.94,31734.5,34668.8,-1.2922,-0.8154,145.3,96.4,0.544
58.96,31832.9,34603.3,-0.8163,-0.9765,145.3,96.4,0.544
58.98,31803.6,34545.0,-0.9581,-1.1195,145.3,96.4,0.544
59.0,31812.6,34509.0,-0.9147,-1.2082,145.3,96.4,0.544
59.02,31818.7,34630.5,-0.885,-0.9097,145.3,96.4,0.544
59.04,31929.9,34880.8,-0.3474,-0.2949,145.3,96.4,0.544
59.06,32101.3,35272.9,0.4816,0.6684,145.3,96.4,0.544
59.08,32392.8,35592.5,1.8921,1.4535,145.3,96.4,0.544
59.1,32487.2,35777.6,2.3485,1.908,145.3,96.4,0.544
59.12,32269.1,35669.9,1.2936,1.6435,145.3,96.4,0.544
59.14,32232.0,35587.7,1.1141,1.4416,145.3,96.4,0.544
59.16,32252.4,35335.8,1.2125,0.8229,145.3,96.4,0.544
59.18,32088.6,35177.3,0.4205,0.4336,145.3,96.4,0.544
59.2,32057.3,35187.4,0.2692,0.4584,145.3,96.4,0.544
59.22,32039.1,35105.6,0.181,0.2573,145.3,96.4,0.544
59.24,32054.8,34998.7,0.2569,-0.0052,145.3,96.4,0.544
59.26,31860.8,34886.6,-0.6813,-0.2804,145.3,96.4,0.544
59.28,31875.0,34787.2,-0.6129,-0.5246,145.3,96.4,0.544
59.3,31810.2,34698.6,-0.9264,-0.7424,145.3,96.4,0.544
59.32,31790.3,34673.3,-1.0226,-0.8044,145.3,96.4,0.544
59.34,31766.2,34678.8,-1.139,-0.7909,145.3,96.4,0.544
59.36,31781.8,34653.4,-1.0635,-0.8534,145.3,96.4,0.544
59.38,31763.3,34502.9,-1.1532,-1.223,145.3,96.4,0.544
59.4,31765.4,34448.6,-1.1427,-1.3563,145.3,96.4,0.544
59.42,31822.2,34487.1,-0.868,-1.2618,145.3,96.4,0.544
59.44,31800.1,34691.9,-0.9749,-0.7587,145.3,96.4,0.544
59.46,32079.3,35038.9,0.3754,0.0935,145.3,96.4,0.544
59.48,32256.5,35524.3,1.2327,1.2858,145.3,96.4,0.544
59.5,32373.5,35687.9,1.7986,1.6876,145.3,96.4,0.544
59.52,32437.1,35814.3,2.1059,1.9982,145.3,96.4,0.544
59.54,32263.2,35646.5,1.2648,1.586,145.3,96.4,0.544
59.56,32210.1,35493.1,1.0082,1.2093,145.3,96.4,0.544
59.58,32126.5,35279.4,0.6037,0.6842,145.3,96.4,0.544
59.6,32117.5,35162.2,0.5601,0.3964,145.3,96.4,0.544
59.62,32076.2,35118.6,0.3603,0.2893,145.3,96.4,0.544
59.64,32104.3,35077.7,0.4961,0.189,145.3,96.4,0.544
59.66,32062.4,35028.6,0.2936,0.0682,145.3,96.4,0.544
59.68,31947.9,34821.4,-0.2604,-0.4407,145.3,96.4,0.544
59.7,31836.1,34741.8,-0.8011,-0.6361,145.3,96.4,0.544
59.72,31921.1,34594.1,-0.3897,-0.9991,145.3,96.4,0.544
59.74,31894.8,34587.2,-0.5168,-1.016,145.3,96.4,0.544
59.76,31812.7,34596.8,-0.9141,-0.9923,145.3,96.4,0.544
59.78,31806.0,34538.5,-0.9466,-1.1356,145.3,96.4,0.544
59.8,31752.8,34473.9,-1.2038,-1.2942,145.3,96.4,0.544
59.82,31739.6,34468.1,-1.2678,-1.3085,145.3,96.4,0.544
59.84,31691.3,34511.7,-1.5015,-1.2013,145.3,96.4,0.544
59.86,31955.8,34796.6,-0.2219,-0.5015,145.3,96.4,0.544
59.88,32199.7,35176.8,0.958,0.4322,145.3,96.4,0.544
59.9,32282.9,35500.4,1.3604,1.2271,145.3,96.4,0.544
59.92,32422.7,35651.2,2.0363,1.5975,145.3,96.4,0.544
59.94,32413.0,35707.5,1.9895,1.7358,145.3,96.4,0.544
59.96,32280.0,35615.6,1.3461,1.5102,145.3,96.4,0.544
59.98,32202.6,35298.5,0.9718,0.7313,145.3,96.4,0.544
60.0,32114.1,35232.2,0.5438,0.5684,145.3,96.4,0.544
60.02,32085.9,35071.9,0.4073,0.1746,145.3,96.4,0.544
60.04,32079.5,34959.7,0.3764,-0.101,145.3,96.4,0.544
60.06,32019.3,34937.1,0.0854,-0.1565,145.3,96.4,0.544
60.08,32043.5,34946.1,0.2022,-0.1344,145.3,96.4,0.544
60.1,31863.3,34655.2,-0.6693,-0.8489,145.3,96.4,0.544
60.12,31788.9,34649.4,-1.0293,-0.8631,145.3,96.4,0.544
60.14,31836.2,34589.6,-0.8003,-1.0101,145.3,96.4,0.544
60.16,31843.2,34609.2,-0.7667,-0.962,145.3,96.4,0.544
60.18,31846.7,34579.9,-0.7499,-1.0339,145.3,96.4,0.544
60.2,31847.3,34542.6,-0.7467,-1.1256,145.3,96.4,0.544
60.22,31737.5,34431.9,-1.2778,-1.3973,145.3,96.4,0.544
60.24,31693.5,34528.9,-1.4909,-1.1592,145.3,96.4,0.544
60.26,31832.6,34575.3,-0.818,-1.0452,145.3,96.4,0.544
60.28,31964.8,34885.8,-0.1786,-0.2824,145.3,96.4,0.544
60.3,32221.0,35369.2,1.061,0.9048,145.3,96.4,0.544
60.32,32249.7,35590.7,1.1997,1.449,145.3,96.4,0.544
60.34,32399.9,35771.3,1.9262,1.8925,145.3,96.4,0.544
60.36,32336.8,35667.9,1.6209,1.6385,145.3,96.4,0.544
60.38,32257.3,35513.5,1.2364,1.2594,145.3,96.4,0.544
60.4,32133.6,35348.8,0.638,0.8547,145.3,96.4,0.544
60.42,32093.4,35241.6,0.4437,0.5914,145.3,96.4,0.544
60.44,32039.3,35077.6,0.1819,0.1887,145.3,96.4,0.544
60.46,32074.3,34989.1,0.3514,-0.0289,145.3,96.4,0.544
60.48,32052.4,35022.2,0.2452,0.0526,145.3,96.4,0.544
60.5,31943.5,34868.5,-0.2813,-0.3251,145.3,96.4,0.544
60.52,31932.7,34807.7,-0.3337,-0.4743,145.3,96.4,0.544
60.54,31927.8,34750.8,-0.3572,-0.614,145.3,96.4,0.544
60.56,31787.7,34664.9,-1.0351,-0.825,145.3,96.4,0.544
60.58,31758.3,34531.1,-1.1771,-1.1538,145.3,96.4,0.544
60.6,31845.3,34546.2,-0.7565,-1.1168,145.3,96.4,0.544
60.62,31855.8,34526.0,-0.7056,-1.1664,145.3,96.4,0.544
60.64,31713.4,34488.5,-1.3947,-1.2584,145.3,96.4,0.544
60.66,31737.7,34500.2,-1.2767,-1.2296,145.3,96.4,0.544
60.68,31828.8,34790.5,-0.8363,-0.5165,145.3,96.4,0.544
60.7,32037.3,35082.3,0.1724,0.2003,145.3,96.4,0.544
60.72,32192.2,35421.0,0.9218,1.032,145.3,96.4,0.544
60.74,32278.6,35716.7,1.3396,1.7586,145.3,96.4,0.544
60.76,32388.7,35648.5,1.8721,1.591,145.3,96.4,0.544
60.78,32316.7,35658.4,1.5238,1.6152,145.3,96.4,0.544
60.8,32258.0,35470.5,1.24,1.1538,145.3,96.4,0.544
60.82,32166.9,35136.2,0.7989,0.3326,145.3,96.4,0.544
60.84,32054.0,35093.1,0.2529,0.2268,145.3,96.4,0.544
60.86,32023.9,35128.7,0.1074,0.314,145.3,96.4,0.544
60.88,32104.2,35026.2,0.4961,0.0623,145.3,96.4,0.544
60.9,31950.3,34920.6,-0.2483,-0.197,145.3,96.4,0.544
60.92,31892.3,34843.6,-0.5291,-0.3861,145.3,96.4,0.544
60.94,31885.9,34766.9,-0.5601,-0.5745,145.3,96.4,0.544
60.96,31824.5,34730.8,-0.8573,-0.6631,145.3,96.4,0.544
60.98,31840.6,34630.5,-0.7792,-0.9096,145.3,96.4,0.544
61.0,31776.2,34648.9,-1.0907,-0.8643,145.3,96.4,0.544
61.02,31777.0,34619.6,-1.0866,-0.9363,145.3,96.4,0.544
61.04,31603.8,34425.7,-1.9246,-1.4127,145.3,96.4,0.544
61.06,31713.5,34478.0,-1.3937,-1.2843,145.3,96.4,0.544
61.08,31883.6,34479.9,-0.5713,-1.2794,145.3,96.4,0.544
61.1,31938.5,34810.2,-0.3054,-0.4683,145.3,96.4,0.544
61.12,32100.6,35245.0,0.4783,0.5998,145.3,96.4,0.544
61.14,32316.2,35520.3,1.5212,1.2761,145.3,96.4,0.544
61.16,32362.2,35737.3,1.744,1.8089,145.3,96.4,0.544
61.18,32373.8,35770.3,1.7997,1.8901,145.3,96.4,0.544
61.2,32253.6,35518.8,1.2184,1.2723,145.3,96.4,0.544
61.22,32120.9,35388.5,0.5765,0.9523,145.3,96.4,0.544
61.24,32143.2,35339.7,0.6843,0.8323,145.3,96.4,0.544
61.26,32101.6,35154.0,0.4835,0.3762,145.3,96.4,0.544
61.28,32037.9,35026.7,0.1753,0.0636,145.3,96.4,0.544
61.3,32016.2,35039.6,0.0701,0.0952,145.3,96.4,0.544
61.32,32024.1,34939.4,0.1082,-0.1508,145.3,96.4,0.544
61.34,31839.5,34693.0,-0.7847,-0.7561,145.3,96.4,0.544
61.36,31897.3,34780.5,-0.5051,-0.5412,145.3,96.4,0.544
61.38,31816.1,34726.9,-0.8976,-0.6729,145.3,96.4,0.544
61.4,31901.6,34700.7,-0.4842,-0.7372,145.3,96.4,0.544
61.42,31787.1,34526.3,-1.0379,-1.1656,145.3,96.4,0.544
61.44,31841.4,34561.1,-0.7753,-1.0801,145.3,96.4,0.544
61.46,31704.0,34510.2,-1.4398,-1.2052,145.3,96.4,0.544
61.48,31730.0,34420.0,-1.3144,-1.4265,145.3,96.4,0.544
61.5,31892.0,34664.6,-0.5304,-0.8258,145.3,96.4,0.544
61.52,31905.3,34962.7,-0.4663,-0.0936,145.3,96.4,0.544
61.54,32207.5,35293.4,0.9957,0.7187,145.3,96.4,0.544
61.56,32315.7,35652.7,1.5189,1.6012,145.3,96.4,0.544
61.58,32405.8,35690.4,1.9546,1.6938,145.3,96.4,0.544
61.6,32368.0,35700.3,1.772,1.7183,145.3,96.4,0.544
61.62,32277.5,35504.3,1.3343,1.2368,145.3,96.4,0.544
61.64,32119.0,35297.2,0.5677,0.7281,145.3,96.4,0.544
61.66,32087.0,35145.0,0.4128,0.3542,145.3,96.4,0.544
61.68,31994.6,35144.1,-0.0343,0.3519,145.3,96.4,0.544
61.7,32014.2,35056.5,0.0605,0.1368,145.3,96.4,0.544
61.72,31933.7,34934.2,-0.329,-0.1636,145.3,96.4,0.544
61.74,31905.8,34899.1,-0.4638,-0.2498,145.3,96.4,0.544
61.76,31866.4,34785.1,-0.6542,-0.5299,145.3,96.4,0.544
61.78,31881.8,34694.7,-0.5799,-0.752,145.3,96.4,0.544
61.8,31922.2,34634.3,-0.3847,-0.9002,145.3,96.4,0.544
61.82,31838.7,34709.3,-0.7885,-0.7161,145.3,96.4,0.544
61.84,31803.9,34587.7,-0.9565,-1.0148,145.3,96.4,0.544
61.86,31771.6,34529.7,-1.1127,-1.1571,145.3,96.4,0.544
61.88,31678.5,34458.0,-1.5632,-1.3333,145.3,96.4,0.544
61.9,31787.1,34457.2,-1.0379,-1.3352,145.3,96.4,0.544
61.92,31813.4,34808.1,-0.9105,-0.4734,145.3,96.4,0.544
61.94,31959.7,35090.4,-0.2032,0.2202,145.3,96.4,0.544
61.96,32232.9,35521.8,1.1186,1.2797,145.3,96.4,0.544
61.98,32295.7,35717.8,1.4224,1.7612,145.3,96.4,0.544
62.0,32420.7,35701.9,2.0269,1.7221,145.3,96.4,0.544
62.02,32358.1,35713.1,1.7242,1.7497,145.3,96.4,0.544
62.04,32269.9,35421.4,1.2973,1.033,145.3,96.4,0.544
62.06,32149.7,35279.2,0.7158,0.6838,145.3,96.4,0.544
62.08,32089.2,35088.2,0.4234,0.2148,145.3,96.4,0.544
62.1,32048.9,35151.8,0.2285,0.3708,145.3,96.4,0.544
62.12,31969.4,35148.1,-0.1564,0.3619,145.3,96.4,0.544
62.14,31949.8,34938.4,-0.2507,-0.1532,145.3,96.4,0.544
62.16,31963.9,34904.1,-0.1827,-0.2376,145.3,96.4,0.544
62.18,31874.1,34690.0,-0.6171,-0.7635,145.3,96.4,0.544
62.2,31843.3,34632.7,-0.7661,-0.9043,145.3,96.4,0.544
62.22,31807.9,34607.0,-0.9372,-0.9673,145.3,96.4,0.544
62.24,31797.3,34663.1,-0.9886,-0.8294,145.3,96.4,0.544
62.26,31851.6,34673.9,-0.726,-0.8031,145.3,96.4,0.544
62.28,31893.6,34429.9,-0.5228,-1.4023,145.3,96.4,0.544
62.3,31722.9,34508.5,-1.3487,-1.2094,145.3,96.4,0.544
62.32,31870.4,34575.6,-0.635,-1.0445,145.3,96.4,0.544
62.34,31918.2,34794.9,-0.4036,-0.5059,145.3,96.4,0.544
62.36,32102.1,35206.7,0.4857,0.5058,145.3,96.4,0.544
62.38,32317.4,35594.8,1.527,1.4591,145.3,96.4,0.544
62.4,32433.5,35654.8,2.0889,1.6065,145.3,96.4,0.544
62.42,32443.5,35763.4,2.1369,1.8731,145.3,96.4,0.544
62.44,32283.9,35575.3,1.3649,1.4112,145.3,96.4,0.544
62.46,32168.2,35363.3,0.8055,0.8905,145.3,96.4,0.544
62.48,32087.6,35218.4,0.4153,0.5344,145.3,96.4,0.544
62.5,32133.1,35131.4,0.6357,0.3209,145.3,96.4,0.544
62.52,31963.9,35129.1,-0.1826,0.3152,145.3,96.4,0.544
62.54,31980.8,35121.8,-0.101,0.2971,145.3,96.4,0.544
62.56,32018.9,34878.5,0.083,-0.3005,145.3,96.4,0.544
62.58,31797.9,34775.2,-0.9859,-0.5542,145.3,96.4,0.544
62.6,31828.9,34702.7,-0.8356,-0.7322,145.3,96.4,0.544
62.62,31853.5,34682.5,-0.7169,-0.7819,145.3,96.4,0.544
62.64,31885.1,34686.8,-0.5639,-0.7714,145.3,96.4,0.544
62.66,31803.3,34638.4,-0.9597,-0.8902,145.3,96.4,0.544
62.68,31821.6,34520.5,-0.8709,-1.1798,145.3,96.4,0.544
62.7,31657.1,34485.1,-1.6667,-1.2668,145.3,96.4,0.544
62.72,31749.4,34498.3,-1.2201,-1.2343,145.3,96.4,0.544
62.74,31809.9,34655.0,-0.9279,-0.8494,145.3,96.4,0.544
62.76,31963.1,34948.1,-0.1866,-0.1294,145.3,96.4,0.544
62.78,32198.9,35362.7,0.9541,0.889,145.3,96.4,0.544
62.8,32328.2,35608.7,1.5793,1.4931,145.3,96.4,0.544
62.82,32390.8,35799.0,1.8822,1.9607,145.3,96.4,0.544
62.84,32301.7,35696.6,1.4512,1.7091,145.3,96.4,0.544
62.86,32292.3,35461.2,1.4057,1.1309,145.3,96.4,0.544
62.88,32164.2,35285.0,0.7861,0.698,145.3,96.4,0.544
62.9,32080.7,35134.9,0.3822,0.3294,145.3,96.4,0.544
62.92,31922.7,34954.6,-0.3822,-0.1134,145.3,96.4,0.544
62.94,32016.2,35079.6,0.0703,0.1934,145.3,96.4,0.544
62.96,31976.1,34989.3,-0.124,-0.0282,145.3,96.4,0.544
62.98,32006.7,34823.7,0.0244,-0.4349,145.3,96.4,0.544
63.0,31780.3,34741.4,-1.0707,-0.6373,145.3,96.4,0.544
63.02,31794.6,34575.1,-1.0017,-1.0456,145.3,96.4,0.544
63.04,31920.8,34729.3,-0.391,-0.667,145.3,96.4,0.544
63.06,31737.6,34641.2,-1.2774,-0.8832,145.3,96.4,0.544
63.08,31765.6,34605.4,-1.1417,-0.9712,145.3,96.4,0.544
63.1,31683.5,34544.3,-1.5393,-1.1213,145.3,96.4,0.544
63.12,31739.5,34478.1,-1.268,-1.2838,145.3,96.4,0.544
63.14,31829.2,34516.6,-0.8342,-1.1893,145.3,96.4,0.544
63.16,31869.5,34788.0,-0.6392,-0.5226,145.3,96.4,0.544
63.18,32215.3,35074.4,1.0333,0.1809,145.3,96.4,0.544
63.2,32217.1,35431.3,1.0419,1.0575,145.3,96.4,0.544
63.22,32277.1,35812.5,1.3322,1.9938,145.3,96.4,0.544
63.24,32401.5,35746.7,1.9337,1.8322,145.3,96.4,0.544
63.26,32198.6,35619.1,0.9525,1.5187,145.3,96.4,0.544
63.28,32254.8,35446.7,1.2244,1.0953,145.3,96.4,0.544
63.3,32115.7,35294.2,0.5516,0.7206,145.3,96.4,0.544
63.32,32050.6,35211.8,0.2367,0.5183,145.3,96.4,0.544
63.34,32089.5,35074.3,0.4247,0.1804,145.3,96.4,0.544
63.36,31956.2,35032.8,-0.22,0.0785,145.3,96.4,0.544
63.38,31998.4,34866.3,-0.0157,-0.3305,145.3,96.4,0.544
63.4,31848.3,34820.5,-0.7421,-0.443,145.3,96.4,0.544
63.42,31848.8,34655.5,-0.7395,-0.8481,145.3,96.4,0.544
63.44,31814.3,34687.9,-0.9064,-0.7687,145.3,96.4,0.544
63.46,31853.1,34704.2,-0.7189,-0.7285,145.3,96.4,0.544
63.48,31847.4,34672.6,-0.7462,-0.8063,145.3,96.4,0.544
63.5,31776.0,34622.9,-1.0916,-0.9283,145.3,96.4,0.544
63.52,31876.0,34495.1,-0.6078,-1.2423,145.3,96.4,0.544
63.54,31782.5,34407.1,-1.0603,-1.4583,145.3,96.4,0.544
63.56,31789.8,34612.9,-1.0249,-0.9529,145.3,96.4,0.544
63.58,31950.0,34903.2,-0.25,-0.2398,145.3,96.4,0.544
63.6,32123.5,35350.4,0.5891,0.8587,145.3,96.4,0.544
63.62,32237.0,35624.5,1.1381,1.5321,145.3,96.4,0.544
63.64,32369.9,35752.1,1.7812,1.8454,145.3,96.4,0.544
63.66,32436.1,35682.6,2.1015,1.6747,145.3,96.4,0.544
63.68,32197.8,35581.2,0.9486,1.4255,145.3,96.4,0.544
63.7,32174.8,35256.4,0.8373,0.6278,145.3,96.4,0.544
63.72,32059.7,35199.3,0.2807,0.4875,145.3,96.4,0.544
63.74,32001.5,35103.7,-0.0011,0.2528,145.3,96.4,0.544
63.76,32022.8,35111.1,0.1022,0.2709,145.3,96.4,0.544
63.78,32039.6,34990.0,0.1836,-0.0267,145.3,96.4,0.544
63.8,31992.3,34925.1,-0.0455,-0.1859,145.3,96.4,0.544
63.82,31982.4,34712.1,-0.0932,-0.7091,145.3,96.4,0.544
63.84,31934.3,34680.3,-0.3259,-0.7874,145.3,96.4,0.544
63.86,31894.9,34714.4,-0.5165,-0.7036,145.3,96.4,0.544
63.88,31850.9,34652.5,-0.7294,-0.8555,145.3,96.4,0.544
63.9,31807.7,34595.1,-0.9384,-0.9966,145.3,96.4,0.544
63.92,31694.6,34576.5,-1.4855,-1.0422,145.3,96.4,0.544
63.94,31769.3,34496.7,-1.1242,-1.2383,145.3,96.4,0.544
63.96,31782.8,34546.1,-1.0589,-1.1168,145.3,96.4,0.544
63.98,31759.3,34618.9,-1.1725,-0.9382,145.3,96.4,0.544
64.0,31960.6,35032.0,-0.1987,0.0766,145.3,96.4,0.544
64.02,32112.9,35425.9,0.5378,1.0441,145.3,96.4,0.544
64.04,32256.9,35639.1,1.2343,1.5679,145.3,96.4,0.544
64.06,32320.1,35820.3,1.5402,2.0129,145.3,96.4,0.544
64.08,32288.9,35645.0,1.3891,1.5823,145.3,96.4,0.544
64.1,32263.8,35551.2,1.2677,1.352,145.3,96.4,0.544
64.12,32123.5,35335.5,0.5895,0.8222,145.3,96.4,0.544
64.14,32029.6,35128.3,0.1349,0.3133,145.3,96.4,0.544
64.16,32028.1,35124.9,0.1278,0.3047,145.3,96.4,0.544
64.18,32031.9,35024.7,0.1462,0.0586,145.3,96.4,0.544
64.2,32018.1,35015.6,0.0793,0.0362,145.3,96.4,0.544
64.22,31881.3,34866.1,-0.5824,-0.3308,145.3,96.4,0.544
64.24,31960.9,34839.9,-0.1972,-0.3953,145.3,96.4,0.544
64.26,31837.6,34674.4,-0.7937,-0.8018,145.3,96.4,0.544
64.28,31903.8,34567.7,-0.4735,-1.0638,145.3,96.4,0.544
64.3,31853.2,34690.2,-0.7183,-0.763,145.3,96.4,0.544
64.32,31745.1,34526.5,-1.2409,-1.1651,145.3,96.4,0.544
64.34,31826.1,34497.3,-0.8491,-1.2368,145.3,96.4,0.544
64.36,31759.1,34393.3,-1.1734,-1.4923,145.3,96.4,0.544
64.38,31820.2,34580.0,-0.8776,-1.0338,145.3,96.4,0.544
64.4,31892.6,34757.9,-0.5276,-0.5967,145.3,96.4,0.544
64.42,32064.3,35143.0,0.3028,0.3493,145.3,96.4,0.544
64.44,32199.4,35568.3,0.9562,1.3939,145.3,96.4,0.544
64.46,32472.1,35796.5,2.2756,1.9545,145.3,96.4,0.544
64.48,32403.3,35720.3,1.9428,1.7673,145.3,96.4,0.544
64.5,32310.3,35604.0,1.4927,1.4816,145.3,96.4,0.544
64.52,32173.1,35410.4,0.829,1.0061,145.3,96.4,0.544
64.54,32075.5,35279.1,0.3568,0.6836,145.3,96.4,0.544
64.56,32055.3,35092.4,0.2592,0.2249,145.3,96.4,0.544
64.58,32037.7,35084.4,0.1744,0.2054,145.3,96.4,0.544
64.6,31961.5,35105.8,-0.1946,0.2578,145.3,96.4,0.544
64.62,31936.5,34851.4,-0.3153,-0.3671,145.3,96.4,0.544
64.64,32019.9,34776.4,0.0881,-0.5513,145.3,96.4,0.544
64.66,31883.6,34651.5,-0.5713,-0.858,145.3,96.4,0.544
64.68,31890.3,34717.4,-0.539,-0.6961,145.3,96.4,0.544
64.7,31828.2,34685.2,-0.839,-0.7753,145.3,96.4,0.544
64.72,31814.3,34621.6,-0.9066,-0.9314,145.3,96.4,0.544
64.74,31744.3,34655.0,-1.2452,-0.8494,145.3,96.4,0.544
64.76,31764.0,34479.3,-1.1497,-1.2811,145.3,96.4,0.544
64.78,31741.2,34485.4,-1.2598,-1.266,145.3,96.4,0.544
64.8,31703.1,34544.0,-1.4442,-1.1222,145.3,96.4,0.544
64.82,31998.9,34861.2,-0.0133,-0.3428,145.3,96.4,0.544
64.84,32111.0,35312.9,0.5289,0.7666,145.3,96.4,0.544
64.86,32292.1,35704.8,1.4047,1.7292,145.3,96.4,0.544
64.88,32389.0,35780.0,1.8732,1.914,145.3,96.4,0.544
64.9,32217.9,35655.0,1.0458,1.6068,145.3,96.4,0.544
64.92,32161.2,35581.7,0.7716,1.4269,145.3,96.4,0.544
64.94,32211.6,35365.1,1.0155,0.8948,145.3,96.4,0.544
64.96,32035.6,35125.9,0.164,0.3073,145.3,96.4,0.544
64.98,32010.1,35133.4,0.0409,0.3256,145.3,96.4,0.544
65.0,32028.0,35087.5,0.1274,0.213,145.3,96.4,0.544
65.02,32050.4,34973.4,0.2355,-0.0672,145.3,96.4,0.544
65.04,31893.5,34844.3,-0.5232,-0.3845,145.3,96.4,0.544
65.06,31919.1,34848.3,-0.3995,-0.3745,145.3,96.4,0.544
65.08,31863.2,34747.0,-0.6697,-0.6235,145.3,96.4,0.544
65.1,31943.3,34733.4,-0.2823,-0.6568,145.3,96.4,0.544
65.12,31781.4,34726.6,-1.0656,-0.6736,145.3,96.4,0.544
65.14,31879.0,34683.1,-0.5934,-0.7804,145.3,96.4,0.544
65.16,31770.8,34490.3,-1.1168,-1.254,145.3,96.4,0.544
65.18,31684.4,34479.1,-1.5347,-1.2814,145.3,96.4,0.544
65.2,31752.1,34420.9,-1.2072,-1.4244,145.3,96.4,0.544
65.22,31866.5,34630.6,-0.6539,-0.9093,145.3,96.4,0.544
65.24,32011.5,34979.7,0.0472,-0.052,145.3,96.4,0.544
65.26,32227.8,35412.9,1.0937,1.0122,145.3,96.4,0.544
65.28,32345.0,35656.4,1.6606,1.6103,145.3,96.4,0.544
65.3,32414.4,35823.7,1.9963,2.0212,145.3,96.4,0.544
65.32,32343.0,35654.8,1.6508,1.6064,145.3,96.4,0.544
65.34,32252.7,35492.5,1.2142,1.2078,145.3,96.4,0.544
65.36,32192.3,35278.0,0.9222,0.6809,145.3,96.4,0.544
65.38,32048.4,35108.7,0.226,0.2651,145.3,96.4,0.544
65.4,32126.1,35072.5,0.6016,0.1762,145.3,96.4,0.544
65.42,31960.2,35095.9,-0.2005,0.2336,145.3,96.4,0.544
65.44,31986.9,34984.2,-0.0716,-0.0409,145.3,96.4,0.544
65.46,31891.7,34849.3,-0.5321,-0.3722,145.3,96.4,0.544
65.48,31857.6,34742.3,-0.6969,-0.635,145.3,96.4,0.544
65.5,31787.4,34743.8,-1.0366,-0.6312,145.3,96.4,0.544
65.52,31834.0,34642.2,-0.8113,-0.8808,145.3,96.4,0.544
65.54,31814.9,34574.3,-0.9036,-1.0477,145.3,96.4,0.544
65.56,31766.9,34539.1,-1.1356,-1.1341,145.3,96.4,0.544
65.58,31759.0,34442.0,-1.1739,-1.3727,145.3,96.4,0.544
65.6,31750.1,34419.5,-1.2168,-1.4278,145.3,96.4,0.544
65.62,31765.3,34670.6,-1.1435,-0.8111,145.3,96.4,0.544
65.64,31940.5,34851.3,-0.2959,-0.3671,145.3,96.4,0.544
65.66,32074.5,35256.0,0.3522,0.6269,145.3,96.4,0.544
65.68,32306.5,35537.0,1.4746,1.317,145.3,96.4,0.544
65.7,32386.0,35732.9,1.8591,1.7983,145.3,96.4,0.544
65.72,32337.4,35740.5,1.6238,1.8169,145.3,96.4,0.544
65.74,32270.4,35678.9,1.2999,1.6656,145.3,96.4,0.544
65.76,32233.3,35385.1,1.1203,0.9438,145.3,96.4,0.544
65.78,32137.6,35188.8,0.6574,0.4619,145.3,96.4,0.544
65.8,32058.7,35220.6,0.2759,0.5398,145.3,96.4,0.544
65.82,32081.4,35116.8,0.3854,0.285,145.3,96.4,0.544
65.84,32069.2,35049.1,0.3266,0.1185,145.3,96.4,0.544
65.86,31936.9,34882.1,-0.3134,-0.2917,145.3,96.4,0.544
65.88,31932.0,34818.2,-0.3372,-0.4486,145.3,96.4,0.544
65.9,31805.2,34687.1,-0.9502,-0.7705,145.3,96.4,0.544
65.92,31907.6,34694.1,-0.4551,-0.7534,145.3,96.4,0.544
65.94,31802.7,34658.1,-0.9626,-0.8417,145.3,96.4,0.544
65.96,31825.6,34566.2,-0.852,-1.0675,145.3,96.4,0.544
65.98,31790.0,34522.3,-1.0239,-1.1753,145.3,96.4,0.544
66.0,31708.8,34395.5,-1.4165,-1.4868,145.3,96.4,0.544
66.02,31766.8,34543.1,-1.1363,-1.1244,145.3,96.4,0.544
66.04,31805.5,34609.2,-0.949,-0.9618,145.3,96.4,0.544
66.06,31938.1,34942.4,-0.3077,-0.1435,145.3,96.4,0.544
66.08,32079.5,35273.8,0.3762,0.6705,145.3,96.4,0.544
66.1,32353.6,35609.7,1.7024,1.4957,145.3,96.4,0.544
66.12,32275.0,35694.6,1.3219,1.7041,145.3,96.4,0.544
66.14,32420.5,35682.7,2.0256,1.675,145.3,96.4,0.544
66.16,32260.7,35554.5,1.253,1.36,145.3,96.4,0.544
66.18,32115.2,35381.2,0.549,0.9345,145.3,96.4,0.544
66.2,32093.6,35140.6,0.4447,0.3433,145.3,96.4,0.544
66.22,32029.8,35089.5,0.1358,0.2179,145.3,96.4,0.544
66.24,32082.8,35050.0,0.3921,0.1209,145.3,96.4,0.544
66.26,31998.4,34992.8,-0.0159,-0.0197,145.3,96.4,0.544
66.28,31912.8,34906.8,-0.43,-0.231,145.3,96.4,0.544
66.3,31897.8,34797.8,-0.5025,-0.4987,145.3,96.4,0.544
66.32,31874.2,34685.3,-0.6165,-0.7749,145.3,96.4,0.544
66.34,31789.9,34710.5,-1.0242,-0.713,145.3,96.4,0.544
66.36,31918.8,34689.0,-0.4009,-0.7659,145.3,96.4,0.544
66.38,31815.1,34535.9,-0.9026,-1.142,145.3,96.4,0.544
66.4,31794.3,34458.4,-1.0029,-1.3322,145.3,96.4,0.544
66.42,31719.3,34480.7,-1.3659,-1.2775,145.3,96.4,0.544
66.44,31802.7,34492.0,-0.9626,-1.2498,145.3,96.4,0.544
66.46,31895.9,34750.5,-0.5119,-0.6149,145.3,96.4,0.544
66.48,32000.6,34956.9,-0.005,-0.1079,145.3,96.4,0.544
66.5,32142.8,35426.5,0.6825,1.0456,145.3,96.4,0.544
66.52,32372.2,35561.5,1.792,1.3773,145.3,96.4,0.544
66.54,32342.1,35784.0,1.6464,1.9238,145.3,96.4,0.544
66.56,32429.1,35604.6,2.0674,1.483,145.3,96.4,0.544
66.58,32283.8,35303.9,1.3646,0.7446,145.3,96.4,0.544
66.6,32205.0,35259.0,0.9833,0.6343,145.3,96.4,0.544
66.62,32091.5,35263.6,0.4346,0.6456,145.3,96.4,0.544
66.64,32071.8,35143.3,0.3392,0.3499,145.3,96.4,0.544
66.66,31996.1,35013.3,-0.0271,0.0307,145.3,96.4,0.544
66.68,31998.4,34977.8,-0.0157,-0.0564,145.3,96.4,0.544
66.7,31903.4,34833.0,-0.4755,-0.4122,145.3,96.4,0.544
66.72,31927.6,34705.5,-0.3585,-0.7255,145.3,96.4,0.544
66.74,31857.7,34749.8,-0.6964,-0.6167,145.3,96.4,0.544
66.76,31854.6,34727.9,-0.7116,-0.6704,145.3,96.4,0.544
66.78,31886.5,34636.3,-0.5573,-0.8954,145.3,96.4,0.544
66.8,31728.7,34498.5,-1.3206,-1.2337,145.3,96.4,0.544
66.82,31745.1,34630.7,-1.2413,-0.9091,145.3,96.4,0.544
66.84,31730.0,34405.5,-1.314,-1.4622,145.3,96.4,0.544
66.86,31892.3,34577.1,-0.5291,-1.0408,145.3,96.4,0.544
66.88,31902.1,34826.0,-0.4818,-0.4294,145.3,96.4,0.544
66.9,32085.0,35175.0,0.4031,0.4278,145.3,96.4,0.544
66.92,32254.1,35534.5,1.221,1.3108,145.3,96.4,0.544
66.94,32356.5,35638.1,1.7161,1.5655,145.3,96.4,0.544
66.96,32323.3,35746.9,1.5555,1.8327,145.3,96.4,0.544
66.98,32329.3,35585.4,1.5848,1.4359,145.3,96.4,0.544
67.0,32194.7,35374.9,0.9336,0.9189,145.3,96.4,0.544
67.02,32114.1,35305.9,0.5438,0.7495,145.3,96.4,0.544
67.04,32019.0,35059.9,0.0839,0.1452,145.3,96.4,0.544
67.06,32066.6,35069.6,0.3142,0.169,145.3,96.4,0.544
67.08,32005.3,34985.6,0.0173,-0.0374,145.3,96.4,0.544
67.1,31925.2,34852.7,-0.37,-0.3637,145.3,96.4,0.544
67.12,31857.7,34783.1,-0.6965,-0.5348,145.3,96.4,0.544
67.14,31857.0,34601.6,-0.7001,-0.9807,145.3,96.4,0.544
67.16,31766.8,34669.7,-1.1364,-0.8133,145.3,96.4,0.544
67.18,31863.7,34733.5,-0.6674,-0.6565,145.3,96.4,0.544
67.2,31773.6,34568.6,-1.103,-1.0615,145.3,96.4,0.544
67.22,31755.4,34640.1,-1.1913,-0.8861,145.3,96.4,0.544
67.24,31742.2,34508.4,-1.2552,-1.2095,145.3,96.4,0.544
67.26,31736.4,34475.1,-1.2833,-1.2914,145.3,96.4,0.544
67.28,31889.9,34607.9,-0.5409,-0.9652,145.3,96.4,0.544
67.3,31952.3,34866.4,-0.2386,-0.3301,145.3,96.4,0.544
67.32,32120.7,35343.7,0.5756,0.8422,145.3,96.4,0.544
67.34,32270.6,35565.2,1.3005,1.3862,145.3,96.4,0.544
67.36,32340.6,35767.2,1.6393,1.8826,145.3,96.4,0.544
67.38,32431.4,35694.6,2.0786,1.7041,145.3,96.4,0.544
67.4,32268.2,35465.4,1.2889,1.1412,145.3,96.4,0.544
67.42,32180.2,35386.1,0.8633,0.9463,145.3,96.4,0.544
67.44,32168.4,35123.9,0.8065,0.3025,145.3,96.4,0.544
67.46,32038.0,35145.1,0.1759,0.3544,145.3,96.4,0.544
67.48,31953.1,34975.4,-0.2352,-0.0625,145.3,96.4,0.544
67.5,31900.4,34992.6,-0.4901,-0.0203,145.3,96.4,0.544
67.52,31941.6,34738.5,-0.2905,-0.6444,145.3,96.4,0.544
67.54,31932.3,34761.6,-0.3354,-0.5877,145.3,96.4,0.544
67.56,31857.9,34720.8,-0.6953,-0.6878,145.3,96.4,0.544
67.58,31863.9,34638.3,-0.6667,-0.8904,145.3,96.4,0.544
67.6,31869.2,34709.5,-0.6409,-0.7155,145.3,96.4,0.544
67.62,31803.9,34541.9,-0.9566,-1.1273,145.3,96.4,0.544
67.64,31788.6,34454.4,-1.0309,-1.3423,145.3,96.4,0.544
67.66,31756.9,34438.2,-1.1843,-1.382,145.3,96.4,0.544
67.68,31635.3,34499.6,-1.7722,-1.2312,145.3,96.4,0.544
67.7,31828.0,34779.3,-0.8401,-0.544,145.3,96.4,0.544
67.72,32004.9,35063.4,0.0158,0.1538,145.3,96.4,0.544
67.74,32150.4,35463.9,0.7195,1.1375,145.3,96.4,0.544
67.76,32310.1,35785.4,1.4916,1.9273,145.3,96.4,0.544
67.78,32319.0,35758.1,1.5346,1.8601,145.3,96.4,0.544
67.8,32307.7,35622.9,1.4802,1.528,145.3,96.4,0.544
67.82,32153.4,35487.4,0.7341,1.1952,145.3,96.4,0.544
67.84,32093.0,35233.2,0.4417,0.5709,145.3,96.4,0.544
67.86,32115.9,35149.0,0.5525,0.3641,145.3,96.4,0.544
67.88,32054.2,35140.1,0.2538,0.3422,145.3,96.4,0.544
67.9,32088.3,35070.2,0.4188,0.1705,145.3,96.4,0.544
67.92,31858.4,35026.4,-0.693,0.0629,145.3,96.4,0.544
67.94,31877.7,34881.7,-0.5999,-0.2925,145.3,96.4,0.544
67.96,31865.0,34679.4,-0.6614,-0.7895,145.3,96.4,0.544
67.98,31795.6,34629.3,-0.997,-0.9126,145.3,96.4,0.544
68.0,31913.3,34667.6,-0.4273,-0.8184,145.3,96.4,0.544
68.02,31794.4,34657.2,-1.0025,-0.8439,145.3,96.4,0.544
68.04,31810.0,34531.8,-0.9271,-1.1521,145.3,96.4,0.544
68.06,31734.3,34444.2,-1.2934,-1.3671,145.3,96.4,0.544
68.08,31716.2,34517.8,-1.3811,-1.1864,145.3,96.4,0.544
68.1,31838.8,34637.4,-0.788,-0.8925,145.3,96.4,0.544
68.12,31921.8,34863.6,-0.3865,-0.3369,145.3,96.4,0.544
68.14,32066.5,35249.1,0.3135,0.6099,145.3,96.4,0.544
68.16,32277.6,35625.9,1.3345,1.5354,145.3,96.4,0.544
68.18,32391.7,35776.2,1.8863,1.9046,145.3,96.4,0.544
68.2,32392.2,35787.7,1.8892,1.9328,145.3,96.4,0.544
68.22,32344.2,35609.6,1.6567,1.4955,145.3,96.4,0.544
68.24,32203.4,35356.4,0.9755,0.8735,145.3,96.4,0.544
68.26,32074.6,35175.4,0.3525,0.4289,145.3,96.4,0.544
68.28,32088.4,35134.5,0.4194,0.3283,145.3,96.4,0.544
68.3,32018.5,34952.4,0.0812,-0.1188,145.3,96.4,0.544
68.32,31918.1,35024.9,-0.4043,0.0591,145.3,96.4,0.544
68.34,31974.2,34905.7,-0.133,-0.2337,145.3,96.4,0.544
68.36,31845.4,34805.1,-0.7562,-0.4806,145.3,96.4,0.544
68.38,31811.2,34622.4,-0.9213,-0.9295,145.3,96.4,0.544
68.4,31822.7,34676.7,-0.8656,-0.7962,145.3,96.4,0.544
68.42,31770.2,34689.6,-1.1197,-0.7645,145.3,96.4,0.544
68.44,31783.0,34645.5,-1.0578,-0.8728,145.3,96.4,0.544
68.46,31833.7,34467.5,-0.8128,-1.3101,145.3,96.4,0.544
68.48,31795.0,34493.8,-0.9998,-1.2454,145.3,96.4,0.544
68.5,31760.2,34470.8,-1.1679,-1.3018,145.3,96.4,0.544
68.52,31799.9,34650.1,-0.9761,-0.8616,145.3,96.4,0.544
68.54,31891.5,34999.7,-0.533,-0.0028,145.3,96.4,0.544
68.56,32205.5,35394.2,0.9857,0.9663,145.3,96.4,0.544
68.58,32379.4,35707.1,1.827,1.7349,145.3,96.4,0.544
68.6,32311.2,35695.6,1.497,1.7066,145.3,96.4,0.544
68.62,32276.8,35631.5,1.3305,1.5492,145.3,96.4,0.544
68.64,32324.6,35581.2,1.5621,1.4257,145.3,96.4,0.544
68.66,32145.4,35317.8,0.6951,0.7786,145.3,96.4,0.544
68.68,32095.0,35182.4,0.4515,0.4461,145.3,96.4,0.544
68.7,32021.9,35135.4,0.0979,0.3307,145.3,96.4,0.544
68.72,31974.6,35073.3,-0.1312,0.178,145.3,96.4,0.544
68.74,32047.6,34983.5,0.2221,-0.0425,145.3,96.4,0.544
68.76,31900.8,34854.4,-0.4879,-0.3596,145.3,96.4,0.544
68.78,31837.6,34850.1,-0.7937,-0.3702,145.3,96.4,0.544
68.8,31817.1,34699.8,-0.8929,-0.7394,145.3,96.4,0.544
68.82,31897.1,34710.8,-0.5058,-0.7125,145.3,96.4,0.544
68.84,31800.7,34687.2,-0.9724,-0.7703,145.3,96.4,0.544
68.86,31798.4,34545.7,-0.9833,-1.118,145.3,96.4,0.544
68.88,31771.8,34601.1,-1.1121,-0.9819,145.3,96.4,0.544
68.9,31721.1,34426.2,-1.357,-1.4113,145.3,96.4,0.544
68.92,31796.8,34535.1,-0.9911,-1.1439,145.3,96.4,0.544
68.94,31898.5,34716.4,-0.4993,-0.6986,145.3,96.4,0.544
68.96,32019.6,35041.8,0.0868,0.1008,145.3,96.4,0.544
68.98,32167.4,35462.1,0.8018,1.133,145.3,96.4,0.544
69.0,32359.2,35690.0,1.7294,1.6928,145.3,96.4,0.544
69.02,32327.2,35736.5,1.5744,1.8071,145.3,96.4,0.544
69.04,32348.3,35664.4,1.6766,1.6299,145.3,96.4,0.544
69.06,32180.5,35315.3,0.8649,0.7724,145.3,96.4,0.544
69.08,32158.2,35245.3,0.7569,0.6005,145.3,96.4,0.544
69.1,32113.5,35092.3,0.5409,0.2247,145.3,96.4,0.544
69.12,32027.3,35049.9,0.1241,0.1206,145.3,96.4,0.544
69.14,32078.0,35045.5,0.369,0.1097,145.3,96.4,0.544
69.16,32014.5,34968.2,0.0621,-0.0801,145.3,96.4,0.544
69.18,31994.8,34765.4,-0.0333,-0.5783,145.3,96.4,0.544
69.2,31811.8,34557.8,-0.9187,-1.0881,145.3,96.4,0.544
69.22,31802.8,34744.8,-0.9622,-0.6289,145.3,96.4,0.544
69.24,31750.4,34765.1,-1.2153,-0.579,145.3,96.4,0.544
69.26,31826.0,34589.8,-0.8496,-1.0096,145.3,96.4,0.544
69.28,31845.7,34550.8,-0.7547,-1.1054,145.3,96.4,0.544
69.3,31803.0,34462.4,-0.9611,-1.3225,145.3,96.4,0.544
69.32,31706.2,34478.7,-1.4293,-1.2825,145.3,96.4,0.544
69.34,31810.7,34544.9,-0.9237,-1.1199,145.3,96.4,0.544
69.36,31895.1,34807.5,-0.5157,-0.4748,145.3,96.4,0.544
69.38,32132.2,35198.3,0.6313,0.4852,145.3,96.4,0.544
69.4,32376.0,35525.2,1.8104,1.2881,145.3,96.4,0.544
69.42,32344.7,35793.2,1.659,1.9463,145.3,96.4,0.544
69.44,32264.7,35643.5,1.2724,1.5786,145.3,96.4,0.544
69.46,32214.2,35587.4,1.0281,1.4409,145.3,96.4,0.544
69.48,32176.1,35318.0,0.8435,0.7791,145.3,96.4,0.544
69.5,32037.7,35213.4,0.1744,0.5223,145.3,96.4,0.544
69.52,32018.7,35061.8,0.0825,0.1497,145.3,96.4,0.544
69.54,32005.8,35083.1,0.02,0.2022,145.3,96.4,0.544
69.56,32042.3,34979.5,0.1962,-0.0524,145.3,96.4,0.544
69.58,31860.0,34831.0,-0.6852,-0.417,145.3,96.4,0.544
69.6,32007.3,34740.4,0.0272,-0.6396,145.3,96.4,0.544
69.62,31842.0,34739.4,-0.7726,-0.6421,145.3,96.4,0.544
69.64,31883.3,34686.1,-0.5724,-0.7729,145.3,96.4,0.544
69.66,31898.3,34643.5,-0.5002,-0.8777,145.3,96.4,0.544
69.68,31792.9,34627.7,-1.0099,-0.9164,145.3,96.4,0.544
69.7,31817.5,34534.2,-0.8908,-1.146,145.3,96.4,0.544
69.72,31729.2,34411.8,-1.3179,-1.4468,145.3,96.4,0.544
69.74,31730.8,34509.1,-1.3103,-1.2077,145.3,96.4,0.544
69.76,31796.2,34666.9,-0.994,-0.8203,145.3,96.4,0.544
69.78,32114.6,34911.8,0.5462,-0.2185,145.3,96.4,0.544
69.8,32228.0,35303.1,1.0948,0.7426,145.3,96.4,0.544
69.82,32253.8,35561.3,1.2197,1.3766,145.3,96.4,0.544
69.84,32435.9,35666.1,2.1002,1.6341,145.3,96.4,0.544
69.86,32354.2,35734.8,1.7051,1.8028,145.3,96.4,0.544
69.88,32211.0,35502.5,1.0124,1.2323,145.3,96.4,0.544
69.9,32144.8,35252.2,0.6925,0.6174,145.3,96.4,0.544
69.92,32120.4,35189.2,0.5744,0.4629,145.3,96.4,0.544
69.94,32068.5,35203.1,0.3233,0.4969,145.3,96.4,0.544
69.96,32013.3,35070.2,0.0564,0.1705,145.3,96.4,0.544
69.98,32012.1,34975.6,0.0505,-0.0618,145.3,96.4,0.544
70.0,31884.5,34854.8,-0.5669,-0.3587,145.3,96.4,0.544
70.02,31874.5,34784.8,-0.6151,-0.5306,145.3,96.4,0.544
70.04,31823.8,34603.1,-0.8604,-0.977,145.3,96.4,0.544
70.06,31847.6,34747.3,-0.7455,-0.6226,145.3,96.4,0.544
70.08,31815.9,34711.3,-0.8984,-0.7112,145.3,96.4,0.544
70.1,31837.6,34598.0,-0.7938,-0.9893,145.3,96.4,0.544
70.12,31761.3,34490.0,-1.1628,-1.2548,145.3,96.4,0.544
70.14,31739.9,34446.3,-1.2662,-1.362,145.3,96.4,0.544
70.16,31833.7,34468.1,-0.8127,-1.3085,145.3,96.4,0.544
70.18,31871.8,34804.4,-0.6281,-0.4823,145.3,96.4,0.544
70.2,32095.1,35105.3,0.4519,0.2567,145.3,96.4,0.544
70.22,32167.6,35432.2,0.8024,1.0597,145.3,96.4,0.544
70.24,32349.4,35692.0,1.682,1.6978,145.3,96.4,0.544
70.26,32245.5,35762.1,1.1793,1.8699,145.3,96.4,0.544
70.28,32307.9,35690.7,1.481,1.6947,145.3,96.4,0.544
70.3,32274.5,35367.6,1.3196,0.901,145.3,96.4,0.544
70.32,32141.0,35196.1,0.6741,0.4797,145.3,96.4,0.544
70.34,32122.2,35240.1,0.5827,0.5878,145.3,96.4,0.544
70.36,32033.5,35159.2,0.1537,0.3891,145.3,96.4,0.544
70.38,31965.0,35009.9,-0.1775,0.0222,145.3,96.4,0.544
70.4,32003.0,34927.0,0.0065,-0.1813,145.3,96.4,0.544
70.42,31924.6,34785.9,-0.3729,-0.5278,145.3,96.4,0.544
70.44,31839.2,34764.2,-0.786,-0.5812,145.3,96.4,0.544
70.46,31789.9,34628.1,-1.0243,-0.9155,145.3,96.4,0.544
70.48,31786.1,34698.6,-1.043,-0.7422,145.3,96.4,0.544
70.5,31809.2,34723.9,-0.931,-0.6801,145.3,96.4,0.544
70.52,31873.7,34579.1,-0.6192,-1.0358,145.3,96.4,0.544
70.54,31737.2,34346.5,-1.2793,-1.6072,145.3,96.4,0.544
70.56,31787.4,34444.5,-1.0364,-1.3664,145.3,96.4,0.544
70.58,31846.2,34607.0,-0.7522,-0.9673,145.3,96.4,0.544
70.6,31977.2,34781.8,-0.1182,-0.538,145.3,96.4,0.544
70.62,32054.5,35183.6,0.2555,0.449,145.3,96.4,0.544
70.64,32363.5,35673.1,1.7502,1.6514,145.3,96.4,0.544
70.66,32389.8,35723.3,1.8775,1.7747,145.3,96.4,0.544
70.68,32393.8,35702.2,1.8967,1.7229,145.3,96.4,0.544
70.7,32362.0,35550.2,1.7427,1.3495,145.3,96.4,0.544
70.72,32138.8,35331.3,0.663,0.8117,145.3,96.4,0.544
70.74,32187.7,35208.8,0.8998,0.5108,145.3,96.4,0.544
70.76,32043.7,35096.6,0.203,0.2352,145.3,96.4,0.544
70.78,32051.3,35091.0,0.24,0.2215,145.3,96.4,0.544
70.8,32086.1,34919.8,0.4081,-0.199,145.3,96.4,0.544
70.82,31970.1,34888.4,-0.1526,-0.2762,145.3,96.4,0.544
70.84,31981.7,34896.5,-0.0968,-0.2563,145.3,96.4,0.544
70.86,31892.2,34664.6,-0.5297,-0.8259,145.3,96.4,0.544
70.88,31861.7,34735.4,-0.6773,-0.6518,145.3,96.4,0.544
70.9,31871.2,34621.5,-0.6311,-0.9316,145.3,96.4,0.544
70.92,31872.2,34550.4,-0.6265,-1.1064,145.3,96.4,0.544
70.94,31712.6,34480.5,-1.3983,-1.278,145.3,96.4,0.544
70.96,31644.5,34458.4,-1.7275,-1.3324,145.3,96.4,0.544
70.98,31695.2,34440.4,-1.4822,-1.3764,145.3,96.4,0.544
71.0,31831.7,34659.2,-0.8222,-0.839,145.3,96.4,0.544
71.02,32006.1,35031.5,0.0214,0.0755,145.3,96.4,0.544
71.04,32290.7,35405.8,1.398,0.9947,145.3,96.4,0.544
71.06,32273.0,35614.1,1.3125,1.5065,145.3,96.4,0.544
71.08,32329.0,35773.9,1.5831,1.8989,145.3,96.4,0.544
71.1,32297.4,35623.7,1.4303,1.53,145.3,96.4,0.544
71.12,32269.8,35457.2,1.2969,1.1209,145.3,96.4,0.544
71.14,32155.6,35303.9,0.7447,0.7445,145.3,96.4,0.544
71.16,32080.5,35190.2,0.3814,0.4651,145.3,96.4,0.544
71.18,32004.7,35050.0,0.0146,0.1207,145.3,96.4,0.544
71.2,31984.8,35020.6,-0.0818,0.0487,145.3,96.4,0.544
71.22,32092.1,34900.4,0.4375,-0.2467,145.3,96.4,0.544
71.24,31900.7,34954.0,-0.4883,-0.115,145.3,96.4,0.544
71.26,31861.5,34786.7,-0.678,-0.5259,145.3,96.4,0.544
71.28,31786.8,34593.6,-1.0393,-1.0003,145.3,96.4,0.544
71.3,31889.0,34620.1,-0.545,-0.9351,145.3,96.4,0.544
71.32,31828.9,34549.0,-0.8359,-1.1099,145.3,96.4,0.544
71.34,31735.1,34622.0,-1.2894,-0.9304,145.3,96.4,0.544
71.36,31762.4,34512.2,-1.1575,-1.2003,145.3,96.4,0.544
71.38,31667.8,34445.6,-1.6151,-1.3638,145.3,96.4,0.544
71.4,31808.3,34568.4,-0.9356,-1.0621,145.3,96.4,0.544
71.42,31897.0,34825.9,-0.5065,-0.4295,145.3,96.4,0.544
71.44,31986.7,35197.8,-0.0724,0.4838,145.3,96.4,0.544
71.46,32232.7,35373.8,1.1176,0.9163,145.3,96.4,0.544
71.48,32376.9,35698.1,1.8148,1.7129,145.3,96.4,0.544
71.5,32381.5,35693.8,1.8374,1.7023,145.3,96.4,0.544
71.52,32337.2,35539.7,1.6229,1.3236,145.3,96.4,0.544
71.54,32227.0,35338.2,1.0897,0.8286,145.3,96.4,0.544
71.56,32087.4,35224.7,0.4147,0.55,145.3,96.4,0.544
71.58,32068.2,35165.8,0.3216,0.4052,145.3,96.4,0.544
71.6,32058.5,35111.4,0.2746,0.2716,145.3,96.4,0.544
71.62,31973.1,34909.4,-0.1384,-0.2245,145.3,96.4,0.544
71.64,31988.7,34866.9,-0.0629,-0.3289,145.3,96.4,0.544
71.66,31845.9,34811.4,-0.7535,-0.4652,145.3,96.4,0.544
71.68,31915.4,34753.3,-0.4175,-0.608,145.3,96.4,0.544
71.7,31936.2,34742.7,-0.3169,-0.634,145.3,96.4,0.544
71.72,31828.4,34639.9,-0.8384,-0.8865,145.3,96.4,0.544
71.74,31811.6,34589.5,-0.9192,-1.0104,145.3,96.4,0.544
71.76,31840.7,34639.1,-0.7786,-0.8885,145.3,96.4,0.544
71.78,31696.0,34419.5,-1.4785,-1.4278,145.3,96.4,0.544
71.8,31748.6,34529.7,-1.2244,-1.1573,145.3,96.4,0.544
71.82,31776.4,34649.3,-1.0899,-0.8633,145.3,96.4,0.544
71.84,31878.5,34940.8,-0.5959,-0.1473,145.3,96.4,0.544
71.86,32149.7,35259.8,0.7162,0.6361,145.3,96.4,0.544
71.88,32238.0,35600.9,1.1429,1.4739,145.3,96.4,0.544
71.9,32320.5,35734.2,1.542,1.8015,145.3,96.4,0.544
71.92,32263.0,35778.3,1.2639,1.9097,145.3,96.4,0.544
71.94,32286.6,35542.8,1.3782,1.3312,145.3,96.4,0.544
71.96,32191.8,35257.7,0.9198,0.631,145.3,96.4,0.544
71.98,32108.9,35251.1,0.5184,0.6149,145.3,96.4,0.544
72.0,32070.8,35102.4,0.3343,0.2495,145.3,96.4,0.544
72.02,32049.3,35070.3,0.2303,0.1706,145.3,96.4,0.544
72.04,32069.3,34993.7,0.327,-0.0174,145.3,96.4,0.544
72.06,31943.9,34904.7,-0.2797,-0.236,145.3,96.4,0.544
72.08,31915.4,34803.2,-0.4174,-0.4853,145.3,96.4,0.544
72.1,31838.3,34654.5,-0.7902,-0.8507,145.3,96.4,0.544
72.12,31927.6,34672.4,-0.3583,-0.8068,145.3,96.4,0.544
72.14,31810.4,34621.8,-0.9253,-0.9311,145.3,96.4,0.544
72.16,31846.3,34686.0,-0.7514,-0.7734,145.3,96.4,0.544
72.18,31838.9,34518.1,-0.7872,-1.1858,145.3,96.4,0.544
72.2,31836.0,34485.2,-0.8013,-1.2665,145.3,96.4,0.544
72.22,31677.6,34498.5,-1.5678,-1.2339,145.3,96.4,0.544
72.24,31880.7,34658.4,-0.585,-0.841,145.3,96.4,0.544
72.26,31940.9,34967.7,-0.294,-0.0814,145.3,96.4,0.544
72.28,32206.5,35393.4,0.9906,0.9643,145.3,96.4,0.544
72.3,32314.2,35605.9,1.5115,1.4863,145.3,96.4,0.544
72.32,32403.6,35824.5,1.944,2.0233,145.3,96.4,0.544
72.34,32266.4,35559.9,1.2802,1.3733,145.3,96.4,0.544
72.36,32213.7,35460.3,1.0256,1.1286,145.3,96.4,0.544
72.38,32148.5,35248.3,0.7101,0.6079,145.3,96.4,0.544
72.4,32186.2,35126.8,0.8926,0.3096,145.3,96.4,0.544
72.42,32050.5,35065.4,0.2362,0.1585,145.3,96.4,0.544
72.44,32013.0,35119.6,0.0547,0.2919,145.3,96.4,0.544
72.46,31983.6,34916.1,-0.0873,-0.2081,145.3,96.4,0.544
72.48,31872.8,34838.1,-0.6234,-0.3997,145.3,96.4,0.544
72.5,31922.0,34739.7,-0.3856,-0.6415,145.3,96.4,0.544
72.52,31868.7,34615.1,-0.6434,-0.9473,145.3,96.4,0.544
72.54,31893.1,34643.5,-0.5253,-0.8777,145.3,96.4,0.544
72.56,31764.5,34571.7,-1.1471,-1.0539,145.3,96.4,0.544
72.58,31715.9,34635.6,-1.3824,-0.897,145.3,96.4,0.544
72.6,31786.4,34544.1,-1.0414,-1.1219,145.3,96.4,0.544
72.62,31704.3,34473.4,-1.4386,-1.2955,145.3,96.4,0.544
72.64,31756.8,34492.6,-1.1844,-1.2483,145.3,96.4,0.544
72.66,31959.7,34839.1,-0.2029,-0.3972,145.3,96.4,0.544
72.68,32148.7,35149.0,0.711,0.3639,145.3,96.4,0.544
72.7,32233.7,35471.6,1.1224,1.1564,145.3,96.4,0.544
72.72,32357.5,35789.4,1.7212,1.937,145.3,96.4,0.544
72.74,32378.1,35779.5,1.8207,1.9127,145.3,96.4,0.544
72.76,32336.6,35627.2,1.6202,1.5385,145.3,96.4,0.544
72.78,32264.4,35371.4,1.2707,0.9103,145.3,96.4,0.544
72.8,32106.5,35238.1,0.5068,0.5828,145.3,96.4,0.544
72.82,32094.4,35109.9,0.4484,0.268,145.3,96.4,0.544
72.84,32057.9,35053.3,0.2718,0.1289,145.3,96.4,0.544
72.86,32037.3,35039.1,0.1721,0.0941,145.3,96.4,0.544
72.88,31992.0,34822.9,-0.0467,-0.4371,145.3,96.4,0.544
72.9,31885.9,34796.0,-0.5602,-0.503,145.3,96.4,0.544
72.92,31842.2,34852.7,-0.7713,-0.3639,145.3,96.4,0.544
72.94,31840.0,34690.7,-0.7823,-0.7618,145.3,96.4,0.544
72.96,31815.0,34616.5,-0.9029,-0.944,145.3,96.4,0.544
72.98,31829.9,34646.5,-0.831,-0.8704,145.3,96.4,0.544
73.0,31840.3,34564.2,-0.7807,-1.0724,145.3,96.4,0.544
73.02,31832.7,34439.9,-0.8171,-1.3777,145.3,96.4,0.544
73.04,31807.8,34484.8,-0.9381,-1.2675,145.3,96.4,0.544
73.06,31810.4,34619.8,-0.925,-0.9359,145.3,96.4,0.544
73.08,31996.4,34953.8,-0.0256,-0.1154,145.3,96.4,0.544
73.1,32070.4,35351.0,0.3325,0.8601,145.3,96.4,0.544
73.12,32247.6,35575.6,1.1895,1.412,145.3,96.4,0.544
73.14,32434.4,35650.9,2.0933,1.5968,145.3,96.4,0.544
73.16,32335.1,35731.4,1.6126,1.7945,145.3,96.4,0.544
73.18,32229.2,35598.8,1.1007,1.4689,145.3,96.4,0.544
73.2,32120.6,35356.8,0.575,0.8745,145.3,96.4,0.544
73.22,32136.0,35295.1,0.6499,0.7229,145.3,96.4,0.544
73.24,32065.6,35076.2,0.309,0.1851,145.3,96.4,0.544
73.26,31950.2,35085.7,-0.2488,0.2085,145.3,96.4,0.544
73.28,31967.1,35030.9,-0.1672,0.0739,145.3,96.4,0.544
73.3,31922.5,34871.0,-0.3829,-0.3188,145.3,96.4,0.544
73.32,31934.5,34797.2,-0.3248,-0.5002,145.3,96.4,0.544
73.34,31800.8,34665.7,-0.9716,-0.8232,145.3,96.4,0.544
73.36,31835.1,34749.4,-0.806,-0.6175,145.3,96.4,0.544
73.38,31779.4,34649.1,-1.0752,-0.864,145.3,96.4,0.544
73.4,31834.5,34657.0,-0.8088,-0.8445,145.3,96.4,0.544
73.42,31694.9,34447.8,-1.4841,-1.3584,145.3,96.4,0.544
73.44,31724.6,34519.1,-1.3405,-1.1833,145.3,96.4,0.544
73.46,31621.2,34484.6,-1.8404,-1.2681,145.3,96.4,0.544
73.48,31945.1,34769.7,-0.2738,-0.5676,145.3,96.4,0.544
73.5,32087.2,34966.2,0.4137,-0.085,145.3,96.4,0.544
73.52,32240.1,35462.1,1.1533,1.133,145.3,96.4,0.544
73.54,32371.3,35660.3,1.788,1.62,145.3,96.4,0.544
73.56,32432.9,35838.2,2.0858,2.0568,145.3,96.4,0.544
73.58,32261.7,35730.6,1.2575,1.7926,145.3,96.4,0.544
73.6,32177.5,35406.9,0.8502,0.9975,145.3,96.4,0.544
73.62,32112.2,35202.8,0.5348,0.4962,145.3,96.4,0.544
73.64,32099.4,35103.5,0.4725,0.2522,145.3,96.4,0.544
73.66,32049.4,35140.6,0.2309,0.3434,145.3,96.4,0.544
73.68,32086.3,35000.2,0.4094,-0.0015,145.3,96.4,0.544
73.7,31989.2,34935.1,-0.0603,-0.1613,145.3,96.4,0.544
73.72,31843.6,34827.9,-0.7648,-0.4248,145.3,96.4,0.544
73.74,31995.6,34741.2,-0.0294,-0.6378,145.3,96.4,0.544
73.76,31849.8,34710.8,-0.7348,-0.7123,145.3,96.4,0.544
73.78,31864.1,34731.9,-0.6656,-0.6606,145.3,96.4,0.544
73.8,31890.1,34587.7,-0.5399,-1.0147,145.3,96.4,0.544
73.82,31817.9,34458.4,-0.8888,-1.3324,145.3,96.4,0.544
73.84,31776.8,34501.9,-1.0876,-1.2255,145.3,96.4,0.544
73.86,31753.8,34467.2,-1.1991,-1.3108,145.3,96.4,0.544
73.88,31820.5,34578.3,-0.8763,-1.0378,145.3,96.4,0.544
73.9,31878.8,34812.9,-0.5945,-0.4617,145.3,96.4,0.544
73.92,31998.4,35163.8,-0.016,0.4003,145.3,96.4,0.544
73.94,32382.0,35571.2,1.8396,1.4011,145.3,96.4,0.544
73.96,32328.4,35775.1,1.5803,1.9019,145.3,96.4,0.544
73.98,32479.5,35826.8,2.3112,2.0288,145.3,96.4,0.544
74.0,32334.2,35628.4,1.6083,1.5417,145.3,96.4,0.544
74.02,32175.2,35341.2,0.8392,0.8362,145.3,96.4,0.544
74.04,32031.1,35299.8,0.142,0.7343,145.3,96.4,0.544
74.06,32081.4,35136.7,0.3856,0.3338,145.3,96.4,0.544
74.08,31979.2,35094.3,-0.1085,0.2297,145.3,96.4,0.544
74.1,31971.9,35004.5,-0.1442,0.009,145.3,96.4,0.544
74.12,31925.0,34925.0,-0.371,-0.1863,145.3,96.4,0.544
74.14,32006.0,34846.6,0.021,-0.3787,145.3,96.4,0.544
74.16,31829.6,34779.4,-0.8325,-0.5439,145.3,96.4,0.544
74.18,31835.5,34686.8,-0.8037,-0.7713,145.3,96.4,0.544
74.2,31901.0,34634.3,-0.4869,-0.9002,145.3,96.4,0.544
74.22,31904.5,34650.8,-0.4698,-0.8598,145.3,96.4,0.544
74.24,31797.3,34571.0,-0.9886,-1.0556,145.3,96.4,0.544
74.26,31686.1,34514.3,-1.5266,-1.195,145.3,96.4,0.544
74.28,31665.9,34404.3,-1.6241,-1.4652,145.3,96.4,0.544
74.3,31830.5,34593.4,-0.8282,-1.0008,145.3,96.4,0.544
74.32,31939.7,35022.6,-0.2999,0.0534,145.3,96.4,0.544
74.34,32202.4,35366.0,0.9707,0.8971,145.3,96.4,0.544
74.36,32224.8,35640.3,1.0791,1.5708,145.3,96.4,0.544
74.38,32517.8,35770.9,2.4964,1.8917,145.3,96.4,0.544
74.4,32325.9,35685.0,1.5682,1.6807,145.3,96.4,0.544
74.42,32215.3,35517.8,1.0334,1.2698,145.3,96.4,0.544
74.44,32125.8,35332.0,0.6002,0.8136,145.3,96.4,0.544
74.46,32073.2,35141.3,0.346,0.3451,145.3,96.4,0.544
74.48,32106.4,35017.8,0.5063,0.0416,145.3,96.4,0.544
74.5,31969.6,35030.2,-0.155,0.0722,145.3,96.4,0.544
74.52,32019.6,34982.9,0.0865,-0.044,145.3,96.4,0.544
74.54,31987.1,34859.8,-0.0703,-0.3465,145.3,96.4,0.544
74.56,31894.7,34748.4,-0.5176,-0.6201,145.3,96.4,0.544
74.58,31983.1,34765.7,-0.0899,-0.5775,145.3,96.4,0.544
74.6,31818.0,34684.0,-0.8885,-0.7783,145.3,96.4,0.544
74.62,31719.3,34643.7,-1.366,-0.8772,145.3,96.4,0.544
74.64,31853.1,34595.4,-0.7188,-0.9959,145.3,96.4,0.544
74.66,31774.7,34554.1,-1.0978,-1.0973,145.3,96.4,0.544
74.68,31806.6,34407.2,-0.9436,-1.4581,145.3,96.4,0.544
74.7,31757.6,34454.9,-1.1807,-1.3408,145.3,96.4,0.544
74.72,31859.9,34702.7,-0.6858,-0.7323,145.3,96.4,0.544
74.74,32068.8,35099.9,0.3244,0.2434,145.3,96.4,0.544
74.76,32244.7,35389.4,1.1753,0.9544,145.3,96.4,0.544
74.78,32271.4,35705.3,1.3044,1.7304,145.3,96.4,0.544
74.8,32380.6,35779.3,1.8329,1.9123,145.3,96.4,0.544
74.82,32325.6,35650.8,1.5668,1.5967,145.3,96.4,0.544
74.84,32203.9,35391.1,0.9782,0.9587,145.3,96.4,0.544
74.86,32124.0,35262.2,0.5919,0.642,145.3,96.4,0.544
74.88,32036.0,35147.5,0.1661,0.3604,145.3,96.4,0.544
74.9,32014.3,35086.8,0.0608,0.2113,145.3,96.4,0.544
74.92,32062.7,35027.5,0.2951,0.0655,145.3,96.4,0.544
74.94,32041.3,34984.9,0.1917,-0.039,145.3,96.4,0.544
74.96,31954.9,34743.2,-0.2263,-0.6328,145.3,96.4,0.544
74.98,31841.1,34758.9,-0.7767,-0.5941,145.3,96.4,0.544
75.0,31903.3,34792.2,-0.476,-0.5124,145.3,96.4,0.544
75.02,31933.1,34725.6,-0.332,-0.676,145.3,96.4,0.544
75.04,31830.0,34660.6,-0.8302,-0.8357,145.3,96.4,0.544
75.06,31790.9,34587.7,-1.0198,-1.0147,145.3,96.4,0.544
75.08,31697.5,34559.3,-1.4715,-1.0845,145.3,96.4,0.544
75.1,31691.5,34430.5,-1.5006,-1.401,145.3,96.4,0.544
75.12,31823.4,34556.0,-0.8621,-1.0926,145.3,96.4,0.544
75.14,31927.7,34850.4,-0.3578,-0.3693,145.3,96.4,0.544
75.16,32166.2,35175.1,0.7959,0.4282,145.3,96.4,0.544
75.18,32237.6,35668.3,1.1411,1.6395,145.3,96.4,0.544
75.2,32344.4,35785.8,1.6578,1.9282,145.3,96.4,0.544
75.22,32357.5,35638.4,1.7211,1.5662,145.3,96.4,0.544
75.24,32317.6,35561.6,1.5282,1.3776,145.3,96.4,0.544
75.26,32302.5,35356.4,1.4549,0.8735,145.3,96.4,0.544
75.28,32202.2,35198.3,0.9698,0.4852,145.3,96.4,0.544
75.3,32094.0,35157.3,0.4467,0.3845,145.3,96.4,0.544
75.32,32026.2,35069.3,0.1184,0.1682,145.3,96.4,0.544
75.34,31972.3,34928.9,-0.1421,-0.1765,145.3,96.4,0.544
75.36,32047.4,34858.6,0.2211,-0.3493,145.3,96.4,0.544
75.38,31876.7,34813.4,-0.6045,-0.4603,145.3,96.4,0.544
75.4,31797.4,34654.9,-0.9882,-0.8498,145.3,96.4,0.544
75.42,31801.7,34666.9,-0.9672,-0.8203,145.3,96.4,0.544
75.44,31896.9,34749.6,-0.5069,-0.6171,145.3,96.4,0.544
75.46,31806.3,34626.3,-0.945,-0.9199,145.3,96.4,0.544
75.48,31812.0,34639.4,-0.9177,-0.8877,145.3,96.4,0.544
75.5,31687.0,34404.4,-1.522,-1.4651,145.3,96.4,0.544
75.52,31732.2,34515.9,-1.3033,-1.191,145.3,96.4,0.544
75.54,31858.6,34584.4,-0.6921,-1.0229,145.3,96.4,0.544
75.56,31950.3,34991.9,-0.2483,-0.0219,145.3,96.4,0.544
75.58,32182.5,35336.5,0.8747,0.8246,145.3,96.4,0.544
75.6,32224.1,35679.8,1.0758,1.6678,145.3,96.4,0.544
75.62,32391.6,35663.3,1.8859,1.6272,145.3,96.4,0.544
75.64,32293.5,35656.8,1.4114,1.6112,145.3,96.4,0.544
75.66,32312.3,35552.5,1.5023,1.3551,145.3,96.4,0.544
75.68,32117.6,35382.9,0.5609,0.9384,145.3,96.4,0.544
75.7,32091.9,35213.0,0.4364,0.5213,145.3,96.4,0.544
75.72,32055.5,35154.2,0.2601,0.3768,145.3,96.4,0.544
75.74,32058.4,35071.5,0.2745,0.1737,145.3,96.4,0.544
75.76,32004.0,35014.3,0.0112,0.0332,145.3,96.4,0.544
75.78,31946.0,34954.9,-0.2693,-0.1129,145.3,96.4,0.544
75.8,31872.3,34712.3,-0.6259,-0.7086,145.3,96.4,0.544
75.82,31832.3,34679.5,-0.8195,-0.7893,145.3,96.4,0.544
75.84,31778.7,34702.0,-1.0786,-0.734,145.3,96.4,0.544
75.86,31831.3,34678.5,-0.8242,-0.7918,145.3,96.4,0.544
75.88,31900.6,34620.0,-0.4891,-0.9355,145.3,96.4,0.544
75.9,31717.5,34543.0,-1.3746,-1.1246,145.3,96.4,0.544
75.92,31669.5,34450.4,-1.6067,-1.3519,145.3,96.4,0.544
75.94,31790.9,34455.9,-1.0194,-1.3385,145.3,96.4,0.544
75.96,31870.7,34766.6,-0.6337,-0.5752,145.3,96.4,0.544
75.98,32024.2,35242.0,0.1088,0.5923,145.3,96.4,0.544
76.0,32179.5,35560.4,0.8602,1.3746,145.3,96.4,0.544
76.02,32346.7,35721.6,1.6687,1.7704,145.3,96.4,0.544
76.04,32341.6,35749.3,1.6444,1.8385,145.3,96.4,0.544
76.06,32270.5,35770.7,1.3002,1.8911,145.3,96.4,0.544
76.08,32190.5,35485.5,0.9135,1.1906,145.3,96.4,0.544
76.1,32063.2,35195.1,0.2976,0.4772,145.3,96.4,0.544
76.12,32070.0,35182.9,0.3304,0.4474,145.3,96.4,0.544
76.14,31990.6,35041.5,-0.0537,0.1001,145.3,96.4,0.544
76.16,32026.5,34874.8,0.1202,-0.3095,145.3,96.4,0.544
76.18,31972.9,34965.9,-0.1392,-0.0858,145.3,96.4,0.544
76.2,31930.6,34824.8,-0.3438,-0.4324,145.3,96.4,0.544
76.22,31852.3,34800.7,-0.7224,-0.4915,145.3,96.4,0.544
76.24,31796.8,34759.5,-0.9911,-0.5927,145.3,96.4,0.544
76.26,31833.4,34747.9,-0.8139,-0.6213,145.3,96.4,0.544
76.28,31864.4,34633.0,-0.6642,-0.9036,145.3,96.4,0.544
76.3,31848.3,34535.9,-0.7419,-1.142,145.3,96.4,0.544
76.32,31730.3,34448.8,-1.3126,-1.3558,145.3,96.4,0.544
76.34,31771.1,34532.5,-1.1153,-1.1504,145.3,96.4,0.544
76.36,31752.6,34545.0,-1.205,-1.1196,145.3,96.4,0.544
76.38,32039.0,34704.1,0.1806,-0.7288,145.3,96.4,0.544
76.4,32060.8,35218.7,0.2858,0.5353,145.3,96.4,0.544
76.42,32290.6,35550.1,1.3977,1.3491,145.3,96.4,0.544
76.44,32301.5,35772.9,1.45,1.8966,145.3,96.4,0.544
76.46,32380.3,35675.4,1.8312,1.6569,145.3,96.4,0.544
76.48,32292.4,35527.1,1.4062,1.2927,145.3,96.4,0.544
76.5,32286.3,35285.5,1.3769,0.6992,145.3,96.4,0.544
76.52,32048.1,35216.7,0.2247,0.5303,145.3,96.4,0.544
76.54,32066.2,35244.7,0.3119,0.599,145.3,96.4,0.544
76.56,32103.3,35009.5,0.4913,0.0213,145.3,96.4,0.544
76.58,31988.6,34946.3,-0.0635,-0.1339,145.3,96.4,0.544
76.6,31919.8,34848.3,-0.3963,-0.3747,145.3,96.4,0.544
76.62,31936.1,34725.1,-0.3171,-0.6773,145.3,96.4,0.544
76.64,31912.8,34651.7,-0.4298,-0.8575,145.3,96.4,0.544
76.66,31768.2,34694.0,-1.1292,-0.7537,145.3,96.4,0.544
76.68,31886.8,34623.7,-0.5555,-0.9263,145.3,96.4,0.544
76.7,31762.5,34735.7,-1.1572,-0.6513,145.3,96.4,0.544
76.72,31803.4,34643.1,-0.9594,-0.8787,145.3,96.4,0.544
76.74,31596.1,34397.2,-1.962,-1.4826,145.3,96.4,0.544
76.76,31732.4,34484.5,-1.3023,-1.2682,145.3,96.4,0.544
76.78,31870.6,34667.2,-0.634,-0.8193,145.3,96.4,0.544
76.8,31967.1,34991.1,-0.1675,-0.0238,145.3,96.4,0.544
76.82,32206.9,35283.8,0.9927,0.6951,145.3,96.4,0.544
76.84,32333.5,35732.2,1.6052,1.7965,145.3,96.4,0.544
76.86,32444.2,35765.1,2.1402,1.8773,145.3,96.4,0.544
76.88,32458.0,35595.2,2.2073,1.4601,145.3,96.4,0.544
76.9,32332.2,35502.1,1.5988,1.2313,145.3,96.4,0.544
76.92,32130.3,35335.0,0.6219,0.8209,145.3,96.4,0.544
76.94,32046.1,35172.3,0.2148,0.4213,145.3,96.4,0.544
76.96,32033.6,35120.3,0.1544,0.2934,145.3,96.4,0.544
76.98,31999.4,35088.7,-0.0111,0.2158,145.3,96.4,0.544
77.0,31963.8,34915.0,-0.1835,-0.2107,145.3,96.4,0.544
77.02,31899.7,34817.9,-0.4934,-0.4492,145.3,96.4,0.544
77.04,31921.2,34732.9,-0.3895,-0.6581,145.3,96.4,0.544
77.06,31859.1,34724.8,-0.6895,-0.6781,145.3,96.4,0.544
77.08,31827.9,34671.5,-0.8407,-0.8089,145.3,96.4,0.544
77.1,31845.4,34687.4,-0.756,-0.7698,145.3,96.4,0.544
77.12,31838.2,34476.4,-0.791,-1.2881,145.3,96.4,0.544
77.14,31779.9,34425.9,-1.073,-1.4121,145.3,96.4,0.544
77.16,31726.7,34462.1,-1.33,-1.3234,145.3,96.4,0.544
77.18,31765.7,34554.6,-1.1413,-1.0961,145.3,96.4,0.544
77.2,31927.8,34727.2,-0.3575,-0.6721,145.3,96.4,0.544
77.22,32067.8,35108.4,0.3197,0.2643,145.3,96.4,0.544
77.24,32274.8,35478.4,1.3211,1.1732,145.3,96.4,0.544
77.26,32408.2,35735.7,1.9662,1.8051,145.3,96.4,0.544
77.28,32343.8,35821.5,1.6546,2.0159,145.3,96.4,0.544
77.3,32426.5,35629.7,2.0548,1.5447,145.3,96.4,0.544
77.32,32145.8,35390.3,0.697,0.9567,145.3,96.4,0.544
77.34,32098.3,35219.4,0.4671,0.537,145.3,96.4,0.544
77.36,32099.3,35206.4,0.472,0.5051,145.3,96.4,0.544
77.38,32089.2,35255.2,0.4231,0.6248,145.3,96.4,0.544
77.4,31968.1,34976.6,-0.1626,-0.0594,145.3,96.4,0.544
77.42,32029.8,34904.4,0.1362,-0.2369,145.3,96.4,0.544
77.44,31873.1,34842.8,-0.6222,-0.3881,145.3,96.4,0.544
77.46,31926.8,34690.3,-0.3622,-0.7626,145.3,96.4,0.544
77.48,31902.4,34686.5,-0.4801,-0.7721,145.3,96.4,0.544
77.5,31826.6,34655.7,-0.8467,-0.8477,145.3,96.4,0.544
77.52,31857.4,34682.1,-0.6979,-0.7829,145.3,96.4,0.544
77.54,31793.5,34511.4,-1.0068,-1.2022,145.3,96.4,0.544
77.56,31756.1,34474.1,-1.1879,-1.2937,145.3,96.4,0.544
77.58,31673.9,34448.7,-1.5854,-1.3561,145.3,96.4,0.544
77.6,31765.8,34619.5,-1.141,-0.9367,145.3,96.4,0.544
77.62,31927.3,34918.8,-0.36,-0.2015,145.3,96.4,0.544
77.64,32089.5,35187.6,0.4247,0.4589,145.3,96.4,0.544
77.66,32273.7,35519.3,1.3156,1.2735,145.3,96.4,0.544
77.68,32345.6,35762.5,1.6636,1.871,145.3,96.4,0.544
77.7,32362.5,35753.2,1.7451,1.8482,145.3,96.4,0.544
77.72,32360.6,35559.6,1.7359,1.3725,145.3,96.4,0.544
77.74,32245.2,35254.2,1.1777,0.6223,145.3,96.4,0.544
77.76,32159.7,35209.3,0.7644,0.5122,145.3,96.4,0.544
77.78,32082.9,35056.3,0.3929,0.1362,145.3,96.4,0.544
77.8,31977.0,35149.3,-0.1193,0.3646,145.3,96.4,0.544
77.82,32078.9,35005.2,0.3737,0.0107,145.3,96.4,0.544
77.84,31966.1,34816.3,-0.1723,-0.4532,145.3,96.4,0.544
77.86,31878.5,34795.8,-0.596,-0.5035,145.3,96.4,0.544
77.88,31866.4,34723.1,-0.6544,-0.6822,145.3,96.4,0.544
77.9,31787.7,34621.5,-1.035,-0.9318,145.3,96.4,0.544
77.92,31843.5,34688.5,-0.7654,-0.7671,145.3,96.4,0.544
77.94,31917.1,34635.0,-0.4091,-0.8985,145.3,96.4,0.544
77.96,31744.7,34620.3,-1.2431,-0.9345,145.3,96.4,0.544
77.98,31639.0,34336.7,-1.7542,-1.6313,145.3,96.4,0.544
78.0,31779.4,34364.0,-1.0751,-1.5642,145.3,96.4,0.544
78.02,31803.8,34710.6,-0.957,-0.713,145.3,96.4,0.544
78.04,31937.8,35027.1,-0.3092,0.0646,145.3,96.4,0.544
78.06,32185.2,35319.7,0.8879,0.7833,145.3,96.4,0.544
78.08,32355.8,35673.7,1.713,1.6527,145.3,96.4,0.544
78.1,32371.3,35811.3,1.788,1.9909,145.3,96.4,0.544
78.12,32311.6,35636.9,1.4992,1.5624,145.3,96.4,0.544
78.14,32293.9,35513.9,1.4134,1.2602,145.3,96.4,0.544
78.16,32135.2,35273.4,0.6459,0.6697,145.3,96.4,0.544
78.18,31997.9,35213.3,-0.0184,0.5221,145.3,96.4,0.544
78.2,32058.0,35088.8,0.2722,0.2162,145.3,96.4,0.544
78.22,32017.1,35117.4,0.0747,0.2864,145.3,96.4,0.544
78.24,32041.6,34990.6,0.1932,-0.0251,145.3,96.4,0.544
78.26,31971.0,34820.6,-0.1485,-0.4426,145.3,96.4,0.544
78.28,31855.3,34774.3,-0.7079,-0.5563,145.3,96.4,0.544
78.3,31799.4,34692.2,-0.9785,-0.7581,145.3,96.4,0.544
78.32,31871.5,34608.2,-0.6299,-0.9644,145.3,96.4,0.544
78.34,31832.0,34659.4,-0.8209,-0.8385,145.3,96.4,0.544
78.36,31848.0,34588.6,-0.7433,-1.0125,145.3,96.4,0.544
78.38,31756.6,34541.6,-1.1856,-1.128,145.3,96.4,0.544
78.4,31745.5,34501.9,-1.2391,-1.2255,145.3,96.4,0.544
78.42,31731.0,34520.1,-1.3092,-1.1808,145.3,96.4,0.544
78.44,31893.4,34777.9,-0.5239,-0.5475,145.3,96.4,0.544
78.46,32088.8,35011.9,0.4214,0.0273,145.3,96.4,0.544
78.48,32329.5,35514.2,1.5854,1.261,145.3,96.4,0.544
78.5,32346.3,35664.6,1.6668,1.6304,145.3,96.4,0.544
78.52,32432.3,35762.8,2.0827,1.8716,145.3,96.4,0.544
78.54,32218.2,35643.5,1.0472,1.5787,145.3,96.4,0.544
78.56,32218.2,35468.8,1.0474,1.1496,145.3,96.4,0.544
78.58,32065.1,35234.5,0.307,0.574,145.3,96.4,0.544
78.6,32006.7,35149.2,0.0241,0.3645,145.3,96.4,0.544
78.62,31984.6,35001.8,-0.0826,0.0025,145.3,96.4,0.544
78.64,31956.0,35065.4,-0.2212,0.1587,145.3,96.4,0.544
78.66,31872.8,34921.0,-0.6233,-0.1961,145.3,96.4,0.544
78.68,31894.1,34824.5,-0.5202,-0.433,145.3,96.4,0.544
78.7,31967.8,34671.7,-0.1639,-0.8085,145.3,96.4,0.544
78.72,31866.0,34646.7,-0.6563,-0.8697,145.3,96.4,0.544
78.74,31791.6,34704.5,-1.0163,-0.7278,145.3,96.4,0.544
78.76,31803.1,34536.8,-0.9604,-1.1397,145.3,96.4,0.544
78.78,31906.6,34499.6,-0.4598,-1.231,145.3,96.4,0.544
78.8,31705.6,34540.1,-1.4323,-1.1316,145.3,96.4,0.544
78.82,31631.0,34455.2,-1.7929,-1.3402,145.3,96.4,0.544
78.84,31788.1,34638.5,-1.0329,-0.89,145.3,96.4,0.544
78.86,31996.8,34831.7,-0.0235,-0.4153,145.3,96.4,0.544
78.88,32145.1,35359.1,0.6936,0.88,145.3,96.4,0.544
78.9,32296.2,35616.0,1.4247,1.5112,145.3,96.4,0.544
78.92,32374.5,35717.7,1.8035,1.761,145.3,96.4,0.544
78.94,32328.8,35669.4,1.5824,1.6423,145.3,96.4,0.544
78.96,32287.8,35557.2,1.384,1.3667,145.3,96.4,0.544
78.98,32105.2,35393.9,0.5009,0.9656,145.3,96.4,0.544
79.0,32032.3,35124.6,0.148,0.304,145.3,96.4,0.544
79.02,32093.7,35075.4,0.4451,0.1832,145.3,96.4,0.544
79.04,32037.1,35093.6,0.1712,0.228,145.3,96.4,0.544
79.06,32022.9,34922.8,0.1024,-0.1917,145.3,96.4,0.544
79.08,31943.6,34874.6,-0.2808,-0.31,145.3,96.4,0.544
79.1,31983.9,34762.3,-0.0861,-0.5858,145.3,96.4,0.544
79.12,31811.6,34750.1,-0.9194,-0.6158,145.3,96.4,0.544
79.14,31809.9,34617.1,-0.9275,-0.9424,145.3,96.4,0.544
79.16,31879.4,34647.2,-0.5916,-0.8687,145.3,96.4,0.544
79.18,31805.3,34544.6,-0.9499,-1.1205,145.3,96.4,0.544
79.2,31762.0,34545.6,-1.1595,-1.1181,145.3,96.4,0.544
79.22,31735.3,34335.8,-1.2886,-1.6334,145.3,96.4,0.544
79.24,31703.3,34454.5,-1.4435,-1.3419,145.3,96.4,0.544
79.26,31758.5,34662.3,-1.1765,-0.8316,145.3,96.4,0.544
79.28,32018.3,35003.1,0.0804,0.0057,145.3,96.4,0.544
79.3,32175.1,35421.9,0.839,1.0344,145.3,96.4,0.544
79.32,32367.5,35697.9,1.7692,1.7123,145.3,96.4,0.544
79.34,32351.6,35715.8,1.6926,1.7562,145.3,96.4,0.544
79.36,32260.6,35785.2,1.2524,1.9267,145.3,96.4,0.544
79.38,32227.3,35557.2,1.0914,1.3668,145.3,96.4,0.544
79.4,32258.7,35250.0,1.243,0.6122,145.3,96.4,0.544
79.42,32058.4,35200.1,0.2744,0.4894,145.3,96.4,0.544
79.44,32105.8,35125.2,0.5034,0.3055,145.3,96.4,0.544
79.46,32033.3,35034.3,0.1528,0.0822,145.3,96.4,0.544
79.48,31948.2,34888.2,-0.2588,-0.2767,145.3,96.4,0.544
79.5,31926.0,34877.3,-0.3661,-0.3034,145.3,96.4,0.544
79.52,31927.2,34758.7,-0.3603,-0.5946,145.3,96.4,0.544
79.54,31803.3,34743.5,-0.9598,-0.6319,145.3,96.4,0.544
79.56,31791.8,34689.5,-1.0154,-0.7648,145.3,96.4,0.544
79.58,31883.0,34617.3,-0.5742,-0.9419,145.3,96.4,0.544
79.6,31818.5,34549.7,-0.8861,-1.1082,145.3,96.4,0.544
79.62,31713.5,34538.3,-1.3939,-1.1362,145.3,96.4,0.544
79.64,31706.2,34454.3,-1.4293,-1.3423,145.3,96.4,0.544
79.66,31707.2,34603.9,-1.4242,-0.9749,145.3,96.4,0.544
79.68,31943.4,34791.4,-0.2817,-0.5143,145.3,96.4,0.544
79.7,31983.7,35076.5,-0.0871,0.186,145.3,96.4,0.544
79.72,32249.5,35524.6,1.1985,1.2865,145.3,96.4,0.544
79.74,32390.0,35735.6,1.8784,1.8049,145.3,96.4,0.544
79.76,32380.3,35745.1,1.8312,1.8282,145.3,96.4,0.544
79.78,32316.3,35649.4,1.5217,1.5933,145.3,96.4,0.544
79.8,32134.9,35441.6,0.6442,1.0826,145.3,96.4,0.544
79.82,32108.7,35191.0,0.5176,0.4673,145.3,96.4,0.544
79.84,32031.5,35128.0,0.1442,0.3125,145.3,96.4,0.544
79.86,32088.9,35008.9,0.4221,0.0199,145.3,96.4,0.544
79.88,32099.1,35140.8,0.4713,0.3439,145.3,96.4,0.544
79.9,31866.5,34927.9,-0.6537,-0.1791,145.3,96.4,0.544
79.92,31921.7,34733.1,-0.3868,-0.6576,145.3,96.4,0.544
79.94,31838.3,34704.0,-0.7901,-0.7291,145.3,96.4,0.544
79.96,31855.2,34721.8,-0.7084,-0.6853,145.3,96.4,0.544
79.98,31906.0,34774.3,-0.4629,-0.5563,145.3,96.4,0.544
80.0,31760.7,34540.8,-1.1658,-1.1299,145.3,96.4,0.544
80.02,31733.9,34439.9,-1.2954,-1.3777,145.3,96.4,0.544
80.04,31820.6,34464.9,-0.8758,-1.3163,145.3,96.4,0.544
80.06,31759.0,34382.4,-1.1736,-1.5189,145.3,96.4,0.544
80.08,31875.0,34567.5,-0.6128,-1.0644,145.3,96.4,0.544
80.1,32018.8,34913.8,0.0827,-0.2136,145.3,96.4,0.544
80.12,32113.7,35307.4,0.5419,0.7531,145.3,96.4,0.544
80.14,32258.6,35627.1,1.2429,1.5384,145.3,96.4,0.544
80.16,32369.5,35857.1,1.7793,2.1034,145.3,96.4,0.544
80.18,32344.9,35711.5,1.6602,1.7457,145.3,96.4,0.544
80.2,32343.5,35463.4,1.6534,1.1362,145.3,96.4,0.544
80.22,32138.4,35312.0,0.6612,0.7644,145.3,96.4,0.544
80.24,32129.9,35201.0,0.6203,0.4918,145.3,96.4,0.544
80.26,32017.1,35077.4,0.0746,0.1882,145.3,96.4,0.544
80.28,32063.8,34929.4,0.3004,-0.1754,145.3,96.4,0.544
80.3,31960.7,35119.6,-0.1981,0.2917,145.3,96.4,0.544
80.32,31906.0,34933.7,-0.4631,-0.1649,145.3,96.4,0.544
80.34,31902.5,34775.8,-0.48,-0.5528,145.3,96.4,0.544
80.36,31916.7,34723.4,-0.411,-0.6814,145.3,96.4,0.544
80.38,31827.4,34612.3,-0.8431,-0.9542,145.3,96.4,0.544
80.4,31784.7,34654.3,-1.0494,-0.8512,145.3,96.4,0.544
80.42,31929.1,34649.1,-0.3509,-0.864,145.3,96.4,0.544
80.44,31768.5,34568.5,-1.1279,-1.0618,145.3,96.4,0.544
80.46,31773.0,34512.9,-1.1059,-1.1985,145.3,96.4,0.544
80.48,31751.1,34485.0,-1.2121,-1.267,145.3,96.4,0.544
80.5,31759.1,34656.1,-1.1735,-0.8468,145.3,96.4,0.544
80.52,31977.6,34976.2,-0.1166,-0.0603,145.3,96.4,0.544
80.54,32159.2,35431.6,0.762,1.0582,145.3,96.4,0.544
80.56,32347.9,35647.0,1.6746,1.5872,145.3,96.4,0.544
80.58,32336.7,35784.3,1.6203,1.9246,145.3,96.4,0.544
80.6,32382.6,35568.3,1.8424,1.3938,145.3,96.4,0.544
80.62,32315.8,35404.8,1.5195,0.9925,145.3,96.4,0.544
80.64,32093.0,35372.1,0.4416,0.9121,145.3,96.4,0.544
80.66,32121.2,35153.3,0.578,0.3745,145.3,96.4,0.544
80.68,31982.2,35069.2,-0.0941,0.1681,145.3,96.4,0.544
80.7,31966.5,35073.9,-0.1702,0.1796,145.3,96.4,0.544
80.72,31957.1,34953.3,-0.2158,-0.1168,145.3,96.4,0.544
80.74,31908.9,34792.8,-0.449,-0.5109,145.3,96.4,0.544
80.76,31896.2,34756.1,-0.5104,-0.6011,145.3,96.4,0.544
80.78,31911.7,34663.8,-0.4351,-0.8277,145.3,96.4,0.544
80.8,31873.9,34672.1,-0.6181,-0.8074,145.3,96.4,0.544
80.82,31753.6,34527.4,-1.2001,-1.1629,145.3,96.4,0.544
80.84,31812.0,34539.6,-0.9174,-1.1329,145.3,96.4,0.544
80.86,31703.5,34547.8,-1.4422,-1.1127,145.3,96.4,0.544
80.88,31599.7,34505.5,-1.9446,-1.2165,145.3,96.4,0.544
80.9,31835.5,34654.6,-0.8036,-0.8504,145.3,96.4,0.544
80.92,31959.2,34757.3,-0.2057,-0.5982,145.3,96.4,0.544
80.94,32111.0,35114.2,0.5287,0.2786,145.3,96.4,0.544
80.96,32358.4,35548.6,1.7253,1.3456,145.3,96.4,0.544
80.98,32319.1,35663.9,1.5353,1.6288,145.3,96.4,0.544
81.0,32362.9,35615.2,1.7474,1.5091,145.3,96.4,0.544
81.02,32407.1,35586.4,1.9612,1.4383,145.3,96.4,0.544
81.04,32184.3,35368.6,0.8831,0.9033,145.3,96.4,0.544
81.06,32090.0,35247.2,0.4271,0.6052,145.3,96.4,0.544
81.08,31977.8,35165.6,-0.1156,0.4048,145.3,96.4,0.544
81.1,32042.5,35134.2,0.1975,0.3276,145.3,96.4,0.544
81.12,31932.8,34940.5,-0.3331,-0.1482,145.3,96.4,0.544
81.14,32049.1,34890.7,0.2296,-0.2704,145.3,96.4,0.544
81.16,31970.5,34842.9,-0.1509,-0.3879,145.3,96.4,0.544
81.18,31920.1,34774.2,-0.3947,-0.5566,145.3,96.4,0.544
81.2,31767.0,34660.9,-1.1351,-0.8349,145.3,96.4,0.544
81.22,31858.1,34675.6,-0.6944,-0.7987,145.3,96.4,0.544
81.24,31854.8,34617.8,-0.7107,-0.9408,145.3,96.4,0.544
81.26,31766.1,34536.5,-1.1394,-1.1406,145.3,96.4,0.544
81.28,31734.6,34472.5,-1.2918,-1.2976,145.3,96.4,0.544
81.3,31727.6,34573.4,-1.3255,-1.0498,145.3,96.4,0.544
81.32,31788.8,34597.9,-1.0297,-0.9896,145.3,96.4,0.544
81.34,31978.3,34956.3,-0.1131,-0.1092,145.3,96.4,0.544
81.36,32230.6,35243.6,1.1075,0.5963,145.3,96.4,0.544
81.38,32323.2,35647.2,1.5549,1.5878,145.3,96.4,0.544
81.4,32347.9,35776.4,1.6746,1.9051,145.3,96.4,0.544
81.42,32304.5,35784.2,1.4647,1.9244,145.3,96.4,0.544
81.44,32131.2,35496.2,0.6266,1.2168,145.3,96.4,0.544
81.46,32213.5,35304.7,1.0244,0.7465,145.3,96.4,0.544
81.48,32117.4,35182.4,0.5599,0.4461,145.3,96.4,0.544
81.5,31997.4,35104.8,-0.0207,0.2555,145.3,96.4,0.544
81.52,31955.1,34990.5,-0.2256,-0.0253,145.3,96.4,0.544
81.54,32042.9,34972.4,0.1994,-0.0699,145.3,96.4,0.544
81.56,31902.3,34875.1,-0.4807,-0.3088,145.3,96.4,0.544
81.58,31956.5,34866.1,-0.2184,-0.331,145.3,96.4,0.544
81.6,31783.2,34697.5,-1.0568,-0.745,145.3,96.4,0.544
81.62,31777.5,34606.5,-1.0845,-0.9685,145.3,96.4,0.544
81.64,31896.9,34567.7,-0.5067,-1.064,145.3,96.4,0.544
81.66,31810.9,34650.4,-0.9227,-0.8608,145.3,96.4,0.544
81.68,31731.7,34516.5,-1.3062,-1.1897,145.3,96.4,0.544
81.7,31728.3,34533.0,-1.3222,-1.1491,145.3,96.4,0.544
81.72,31751.9,34509.3,-1.2082,-1.2073,145.3,96.4,0.544
81.74,31864.0,34610.1,-0.6662,-0.9598,145.3,96.4,0.544
81.76,32067.0,35044.9,0.316,0.1083,145.3,96.4,0.544
81.78,32214.4,35346.4,1.0288,0.8489,145.3,96.4,0.544
81.8,32379.7,35793.6,1.8285,1.9474,145.3,96.4,0.544
81.82,32368.5,35664.0,1.7741,1.629,145.3,96.4,0.544
81.84,32370.0,35658.0,1.7814,1.6143,145.3,96.4,0.544
81.86,32190.7,35470.1,0.9143,1.1526,145.3,96.4,0.544
81.88,32181.2,35225.3,0.8683,0.5514,145.3,96.4,0.544
81.9,32060.7,35130.6,0.2857,0.3188,145.3,96.4,0.544
81.92,32047.8,35038.5,0.2231,0.0926,145.3,96.4,0.544
81.94,32000.5,35072.5,-0.0055,0.1761,145.3,96.4,0.544
81.96,31979.7,34931.1,-0.1065,-0.1713,145.3,96.4,0.544
81.98,31876.2,34806.5,-0.6069,-0.4772,145.3,96.4,0.544
82.0,31885.4,34753.8,-0.5624,-0.6068,145.3,96.4,0.544
82.02,31934.4,34717.6,-0.3254,-0.6956,145.3,96.4,0.544
82.04,31828.0,34664.5,-0.84,-0.826,145.3,96.4,0.544
82.06,31855.7,34588.4,-0.7062,-1.0131,145.3,96.4,0.544
82.08,31734.2,34671.5,-1.2939,-0.8088,145.3,96.4,0.544
82.1,31829.2,34545.3,-0.8343,-1.1188,145.3,96.4,0.544
82.12,31752.6,34388.4,-1.2047,-1.5044,145.3,96.4,0.544
82.14,31817.7,34538.9,-0.89,-1.1346,145.3,96.4,0.544
82.16,31830.9,34790.5,-0.8263,-0.5167,145.3,96.4,0.544
82.18,32010.9,35193.1,0.0443,0.4723,145.3,96.4,0.544
82.2,32314.6,35591.1,1.5137,1.45,145.3,96.4,0.544
82.22,32258.8,35714.5,1.2434,1.753,145.3,96.4,0.544
82.24,32249.6,35662.1,1.1992,1.6243,145.3,96.4,0.544
82.26,32287.4,35593.3,1.382,1.4554,145.3,96.4,0.544
82.28,32241.8,35291.2,1.1613,0.7132,145.3,96.4,0.544
82.3,32035.2,35164.4,0.1623,0.4019,145.3,96.4,0.544
82.32,32183.2,35206.8,0.8781,0.506,145.3,96.4,0.544
82.34,32022.6,35077.8,0.1011,0.1891,145.3,96.4,0.544
82.36,31976.5,34871.3,-0.1218,-0.3181,145.3,96.4,0.544
82.38,31982.0,34922.2,-0.0951,-0.1931,145.3,96.4,0.544
82.4,31961.8,34754.0,-0.1928,-0.6063,145.3,96.4,0.544
82.42,31915.3,34632.3,-0.418,-0.9052,145.3,96.4,0.544
82.44,31720.6,34688.4,-1.3596,-0.7674,145.3,96.4,0.544
82.46,31848.0,34688.7,-0.7432,-0.7667,145.3,96.4,0.544
82.48,31864.3,34586.2,-0.6644,-1.0184,145.3,96.4,0.544
82.5,31792.7,34616.5,-1.0108,-0.944,145.3,96.4,0.544
82.52,31737.9,34390.3,-1.2757,-1.4995,145.3,96.4,0.544
82.54,31696.0,34356.6,-1.4784,-1.5825,145.3,96.4,0.544
82.56,31817.6,34575.3,-0.8906,-1.0451,145.3,96.4,0.544
82.58,31914.1,34918.4,-0.4235,-0.2024,145.3,96.4,0.544
82.6,32055.8,35345.2,0.2616,0.8459,145.3,96.4,0.544
82.62,32381.3,35656.4,1.8364,1.6103,145.3,96.4,0.544
82.64,32378.5,35806.3,1.8228,1.9786,145.3,96.4,0.544
82.66,32305.8,35758.0,1.4711,1.86,145.3,96.4,0.544
82.68,32184.4,35518.7,0.8837,1.272,145.3,96.4,0.544
82.7,32175.2,35311.1,0.8393,0.7621,145.3,96.4,0.544
82.72,32076.3,35202.1,0.3607,0.4944,145.3,96.4,0.544
82.74,32091.8,35118.4,0.4358,0.2889,145.3,96.4,0.544
82.76,32033.7,35108.7,0.1547,0.2651,145.3,96.4,0.544
82.78,32040.7,34928.7,0.1887,-0.1771,145.3,96.4,0.544
82.8,31897.7,34921.8,-0.5029,-0.194,145.3,96.4,0.544
82.82,31841.6,34805.7,-0.7746,-0.4792,145.3,96.4,0.544
82.84,31901.5,34580.8,-0.4848,-1.0317,145.3,96.4,0.544
82.86,31868.0,34599.9,-0.6467,-0.9848,145.3,96.4,0.544
82.88,31858.3,34597.5,-0.6935,-0.9907,145.3,96.4,0.544
82.9,31863.0,34564.3,-0.6709,-1.0721,145.3,96.4,0.544
82.92,31691.5,34545.6,-1.5004,-1.1181,145.3,96.4,0.544
82.94,31700.8,34452.3,-1.4553,-1.3474,145.3,96.4,0.544
82.96,31790.0,34565.1,-1.0241,-1.0702,145.3,96.4,0.544
82.98,31867.6,34645.7,-0.6488,-0.8722,145.3,96.4,0.544
83.0,32064.8,35115.9,0.3053,0.2828,145.3,96.4,0.544
83.02,32236.1,35461.3,1.1339,1.131,145.3,96.4,0.544
83.04,32364.4,35722.2,1.7546,1.772,145.3,96.4,0.544
83.06,32410.9,35668.3,1.9795,1.6396,145.3,96.4,0.544
83.08,32262.7,35689.9,1.2623,1.6926,145.3,96.4,0.544
83.1,32218.8,35472.9,1.05,1.1596,145.3,96.4,0.544
83.12,32162.3,35280.2,0.7767,0.6862,145.3,96.4,0.544
83.14,32098.8,35060.3,0.4698,0.1462,145.3,96.4,0.544
83.16,32015.7,35049.0,0.068,0.1184,145.3,96.4,0.544
83.18,32035.6,35119.8,0.1642,0.2922,145.3,96.4,0.544
83.2,32010.5,34875.3,0.0426,-0.3082,145.3,96.4,0.544
83.22,31790.8,34883.2,-1.0201,-0.289,145.3,96.4,0.544
83.24,31863.9,34758.5,-0.6664,-0.5951,145.3,96.4,0.544
83.26,31754.6,34717.8,-1.1951,-0.695,145.3,96.4,0.544
83.28,31782.4,34630.9,-1.0607,-0.9087,145.3,96.4,0.544
83.3,31774.4,34614.4,-1.0993,-0.9491,145.3,96.4,0.544
83.32,31800.9,34549.2,-0.9713,-1.1093,145.3,96.4,0.544
83.34,31809.7,34474.9,-0.9288,-1.2918,145.3,96.4,0.544
83.36,31715.7,34497.2,-1.3835,-1.2369,145.3,96.4,0.544
83.38,31791.6,34540.2,-1.0164,-1.1315,145.3,96.4,0.544
83.4,31893.8,34766.9,-0.5218,-0.5746,145.3,96.4,0.544
83.42,32044.3,35198.8,0.206,0.4863,145.3,96.4,0.544
83.44,32348.9,35648.7,1.6797,1.5915,145.3,96.4,0.544
83.46,32402.6,35706.2,1.939,1.7325,145.3,96.4,0.544
83.48,32370.1,35783.3,1.7818,1.9221,145.3,96.4,0.544
83.5,32275.6,35573.7,1.3248,1.4071,145.3,96.4,0.544
83.52,32179.4,35370.8,0.8598,0.9088,145.3,96.4,0.544
83.54,32150.6,35189.5,0.7201,0.4634,145.3,96.4,0.544
83.56,32083.6,35108.6,0.3961,0.2648,145.3,96.4,0.544
83.58,31990.5,35037.4,-0.0541,0.09,145.3,96.4,0.544
83.6,31877.7,34947.4,-0.5996,-0.1311,145.3,96.4,0.544
83.62,31905.7,34977.8,-0.4641,-0.0566,145.3,96.4,0.544
83.64,31919.2,34860.0,-0.3988,-0.3458,145.3,96.4,0.544
83.66,31898.9,34693.7,-0.4972,-0.7544,145.3,96.4,0.544
83.68,31916.1,34673.6,-0.4142,-0.8038,145.3,96.4,0.544
83.7,31820.1,34776.7,-0.8782,-0.5504,145.3,96.4,0.544
83.72,31756.7,34617.8,-1.1849,-0.9408,145.3,96.4,0.544
83.74,31699.0,34594.9,-1.4642,-0.9971,145.3,96.4,0.544
83.76,31682.1,34359.4,-1.546,-1.5755,145.3,96.4,0.544
83.78,31795.0,34451.3,-0.9997,-1.3497,145.3,96.4,0.544
83.8,31838.7,34610.7,-0.7885,-0.9581,145.3,96.4,0.544
83.82,32020.8,34901.4,0.0923,-0.2442,145.3,96.4,0.544
83.84,32078.5,35368.0,0.3716,0.9019,145.3,96.4,0.544
83.86,32291.4,35665.8,1.4014,1.6333,145.3,96.4,0.544
83.88,32402.1,35777.5,1.937,1.9077,145.3,96.4,0.544
83.9,32331.7,35650.5,1.5963,1.5958,145.3,96.4,0.544
83.92,32243.8,35548.4,1.1713,1.3451,145.3,96.4,0.544
83.94,32203.3,35239.5,0.9752,0.5863,145.3,96.4,0.544
83.96,32099.5,35137.1,0.4731,0.3348,145.3,96.4,0.544
83.98,32066.3,35207.4,0.3125,0.5075,145.3,96.4,0.544
84.0,32035.8,35004.6,0.1648,0.0092,145.3,96.4,0.544
84.02,31954.7,35024.1,-0.2271,0.0571,145.3,96.4,0.544
84.04,31802.5,34787.8,-0.9635,-0.5231,145.3,96.4,0.544
84.06,31940.4,34688.6,-0.2965,-0.767,145.3,96.4,0.544
84.08,31785.5,34622.9,-1.0458,-0.9283,145.3,96.4,0.544
84.1,31763.5,34660.5,-1.1521,-0.836,145.3,96.4,0.544
84.12,31827.6,34636.4,-0.8423,-0.8951,145.3,96.4,0.544
84.14,31805.0,34573.0,-0.9514,-1.0508,145.3,96.4,0.544
84.16,31744.7,34415.6,-1.2432,-1.4374,145.3,96.4,0.544
84.18,31671.2,34466.0,-1.5987,-1.3136,145.3,96.4,0.544
84.2,31737.8,34504.8,-1.2765,-1.2184,145.3,96.4,0.544
84.22,31878.1,34706.1,-0.5978,-0.7239,145.3,96.4,0.544
84.24,32044.4,35039.7,0.2066,0.0956,145.3,96.4,0.544
84.26,32227.0,35371.9,1.0897,0.9114,145.3,96.4,0.544
84.28,32311.2,35744.4,1.4973,1.8265,145.3,96.4,0.544
84.3,32317.0,35734.7,1.5252,1.8028,145.3,96.4,0.544
84.32,32271.3,35630.8,1.3042,1.5475,145.3,96.4,0.544
84.34,32249.0,35392.7,1.1965,0.9626,145.3,96.4,0.544
84.36,32195.7,35180.1,0.9383,0.4403,145.3,96.4,0.544
84.38,32040.4,35176.6,0.1874,0.4317,145.3,96.4,0.544
84.4,31997.3,35152.8,-0.021,0.3735,145.3,96.4,0.544
84.42,32030.9,35028.7,0.1414,0.0685,145.3,96.4,0.544
84.44,31981.6,34978.5,-0.0972,-0.0547,145.3,96.4,0.544
84.46,31950.8,34776.4,-0.2462,-0.5512,145.3,96.4,0.544
84.48,31876.9,34608.8,-0.6036,-0.963,145.3,96.4,0.544
84.5,31772.3,34601.1,-1.1095,-0.9818,145.3,96.4,0.544
84.52,31784.7,34614.3,-1.0494,-0.9493,145.3,96.4,0.544
84.54,31862.6,34562.7,-0.6728,-1.0761,145.3,96.4,0.544
84.56,31846.7,34563.8,-0.7497,-1.0734,145.3,96.4,0.544
84.58,31731.3,34476.0,-1.3077,-1.2892,145.3,96.4,0.544
84.6,31718.6,34380.0,-1.3694,-1.5249,145.3,96.4,0.544
84.62,31738.7,34640.7,-1.2722,-0.8845,145.3,96.4,0.544
84.64,31892.7,34819.9,-0.527,-0.4445,145.3,96.4,0.544
84.66,32125.8,35308.3,0.6003,0.7552,145.3,96.4,0.544
84.68,32248.4,35608.7,1.1935,1.4933,145.3,96.4,0.544
84.7,32389.7,35652.9,1.8767,1.6018,145.3,96.4,0.544
84.72,32438.6,35797.0,2.1134,1.9556,145.3,96.4,0.544
84.74,32320.2,35515.5,1.5408,1.2643,145.3,96.4,0.544
84.76,32240.7,35385.5,1.1562,0.945,145.3,96.4,0.544
84.78,32056.6,35066.1,0.2656,0.1605,145.3,96.4,0.544
84.8,32048.7,35140.7,0.2272,0.3435,145.3,96.4,0.544
84.82,31931.2,35057.8,-0.3409,0.1399,145.3,96.4,0.544
84.84,31915.2,35058.3,-0.4183,0.1413,145.3,96.4,0.544
84.86,31893.4,34837.1,-0.5239,-0.4021,145.3,96.4,0.544
84.88,31871.3,34845.2,-0.6305,-0.3823,145.3,96.4,0.544
84.9,31809.5,34690.2,-0.9295,-0.7628,145.3,96.4,0.544
84.92,31850.8,34694.5,-0.7298,-0.7524,145.3,96.4,0.544
84.94,31808.2,34637.7,-0.9361,-0.892,145.3,96.4,0.544
84.96,31818.6,34679.7,-0.8854,-0.7889,145.3,96.4,0.544
84.98,31777.0,34538.5,-1.0868,-1.1355,145.3,96.4,0.544
85.0,31652.6,34421.9,-1.6885,-1.422,145.3,96.4,0.544
85.02,31679.3,34555.2,-1.5593,-1.0947,145.3,96.4,0.544
85.04,31809.4,34623.2,-0.9303,-0.9274,145.3,96.4,0.544
85.06,31992.1,34938.3,-0.0465,-0.1534,145.3,96.4,0.544
85.08,32211.6,35365.5,1.0153,0.8959,145.3,96.4,0.544
85.1,32331.5,35769.2,1.5955,1.8875,145.3,96.4,0.544
85.12,32528.0,35782.3,2.5458,1.9195,145.3,96.4,0.544
85.14,32355.0,35655.7,1.7091,1.6085,145.3,96.4,0.544
85.16,32193.6,35509.4,0.9281,1.2493,145.3,96.4,0.544
85.18,32156.7,35274.6,0.7499,0.6725,145.3,96.4,0.544
85.2,32085.4,35231.3,0.405,0.5662,145.3,96.4,0.544
85.22,32059.4,35137.6,0.2792,0.336,145.3,96.4,0.544
85.24,32028.0,35037.2,0.1272,0.0894,145.3,96.4,0.544
85.26,31969.2,34958.3,-0.1571,-0.1044,145.3,96.4,0.544
85.28,31963.4,34862.1,-0.1854,-0.3407,145.3,96.4,0.544
85.3,31913.0,34712.1,-0.4289,-0.7091,145.3,96.4,0.544
85.32,31836.7,34685.1,-0.798,-0.7756,145.3,96.4,0.544
85.34,31670.5,34663.3,-1.6017,-0.8289,145.3,96.4,0.544
85.36,31858.3,34628.4,-0.6937,-0.9147,145.3,96.4,0.544
85.38,31831.4,34592.9,-0.8237,-1.002,145.3,96.4,0.544
85.4,31700.0,34441.1,-1.4591,-1.3748,145.3,96.4,0.544
85.42,31776.1,34394.3,-1.0912,-1.4898,145.3,96.4,0.544
85.44,31789.6,34602.7,-1.026,-0.9779,145.3,96.4,0.544
85.46,31853.1,34785.8,-0.7188,-0.5282,145.3,96.4,0.544
85.48,32001.8,35168.1,0.0007,0.4109,145.3,96.4,0.544
85.5,32273.1,35515.9,1.313,1.2653,145.3,96.4,0.544
85.52,32416.2,35710.5,2.0052,1.7433,145.3,96.4,0.544
85.54,32351.4,35786.5,1.6918,1.9299,145.3,96.4,0.544
85.56,32335.3,35606.7,1.6135,1.4882,145.3,96.4,0.544
85.58,32117.9,35437.4,0.562,1.0723,145.3,96.4,0.544
85.6,32148.5,35279.1,0.71,0.6836,145.3,96.4,0.544
85.62,32136.9,35028.8,0.6542,0.0688,145.3,96.4,0.544
85.64,32078.4,35109.3,0.371,0.2666,145.3,96.4,0.544
85.66,31974.1,35047.6,-0.1332,0.1149,145.3,96.4,0.544
85.68,31987.2,34866.4,-0.0702,-0.3301,145.3,96.4,0.544
85.7,31930.6,34853.2,-0.3439,-0.3627,145.3,96.4,0.544
85.72,31896.5,34622.5,-0.5089,-0.9293,145.3,96.4,0.544
85.74,31924.0,34690.5,-0.376,-0.7623,145.3,96.4,0.544
85.76,31879.3,34668.3,-0.5918,-0.8167,145.3,96.4,0.544
85.78,31872.6,34673.2,-0.6245,-0.8048,145.3,96.4,0.544
85.8,31819.8,34535.7,-0.8796,-1.1425,145.3,96.4,0.544
85.82,31758.9,34475.9,-1.1743,-1.2893,145.3,96.4,0.544
85.84,31740.7,34580.7,-1.2622,-1.0319,145.3,96.4,0.544
85.86,31786.7,34607.9,-1.04,-0.9652,145.3,96.4,0.544
85.88,32005.7,34914.8,0.0196,-0.2114,145.3,96.4,0.544
85.9,32095.3,35240.0,0.453,0.5875,145.3,96.4,0.544
85.92,32283.1,35697.7,1.3614,1.7117,145.3,96.4,0.544
85.94,32314.4,35761.6,1.5124,1.8687,145.3,96.4,0.544
85.96,32284.4,35687.8,1.3677,1.6874,145.3,96.4,0.544
85.98,32283.5,35652.9,1.3634,1.6017,145.3,96.4,0.544
86.0,32116.3,35358.2,0.5545,0.8778,145.3,96.4,0.544
86.02,32120.7,35219.2,0.5758,0.5364,145.3,96.4,0.544
86.04,32066.3,35183.8,0.3125,0.4496,145.3,96.4,0.544
86.06,32025.3,34916.5,0.1143,-0.207,145.3,96.4,0.544
86.08,31900.1,35027.4,-0.4916,0.0654,145.3,96.4,0.544
86.1,31951.2,34842.0,-0.244,-0.39,145.3,96.4,0.544
86.12,31902.6,34683.8,-0.4792,-0.7787,145.3,96.4,0.544
86.14,31905.2,34719.0,-0.4666,-0.6921,145.3,96.4,0.544
86.16,31799.5,34763.9,-0.9779,-0.5818,145.3,96.4,0.544
86.18,31811.2,34683.9,-0.9214,-0.7783,145.3,96.4,0.544
86.2,31822.5,34627.5,-0.8668,-0.9169,145.3,96.4,0.544
86.22,31766.7,34610.8,-1.1368,-0.9579,145.3,96.4,0.544
86.24,31777.5,34542.5,-1.0843,-1.1258,145.3,96.4,0.544
86.26,31743.3,34438.7,-1.25,-1.3808,145.3,96.4,0.544
86.28,31820.8,34701.3,-0.8752,-0.7357,145.3,96.4,0.544
86.3,32047.5,35038.3,0.2218,0.092,145.3,96.4,0.544
86.32,32167.8,35327.0,0.8035,0.8012,145.3,96.4,0.544
86.34,32321.9,35774.2,1.5487,1.8997,145.3,96.4,0.544
86.36,32422.6,35841.8,2.0362,2.0658,145.3,96.4,0.544
86.38,32312.2,35611.9,1.502,1.501,145.3,96.4,0.544
86.4,32252.2,35479.8,1.2115,1.1766,145.3,96.4,0.544
86.42,32088.5,35234.4,0.4201,0.5738,145.3,96.4,0.544
86.44,32095.1,35106.2,0.452,0.2588,145.3,96.4,0.544
86.46,32050.1,35130.2,0.2342,0.3178,145.3,96.4,0.544
86.48,31968.6,35012.2,-0.1602,0.0281,145.3,96.4,0.544
86.5,32021.9,35027.9,0.0977,0.0666,145.3,96.4,0.544
86.52,31927.9,34906.3,-0.357,-0.232,145.3,96.4,0.544
86.54,31892.0,34686.2,-0.5308,-0.7729,145.3,96.4,0.544
86.56,31834.3,34805.1,-0.8095,-0.4806,145.3,96.4,0.544
86.58,31866.2,34765.5,-0.6554,-0.5779,145.3,96.4,0.544
86.6,31777.5,34612.9,-1.0845,-0.9528,145.3,96.4,0.544
86.62,31813.4,34557.1,-0.9107,-1.0898,145.3,96.4,0.544
86.64,31731.1,34578.3,-1.3086,-1.0378,145.3,96.4,0.544
86.66,31700.9,34412.7,-1.4551,-1.4445,145.3,96.4,0.544
86.68,31765.2,34556.8,-1.144,-1.0907,145.3,96.4,0.544
86.7,31852.6,34755.9,-0.7209,-0.6015,145.3,96.4,0.544
86.72,32068.0,35115.4,0.3209,0.2816,145.3,96.4,0.544
86.74,32253.6,35504.8,1.2188,1.238,145.3,96.4,0.544
86.76,32356.1,35737.8,1.7144,1.8102,145.3,96.4,0.544
86.78,32432.6,35739.3,2.0842,1.814,145.3,96.4,0.544
86.8,32342.9,35625.8,1.6504,1.5351,145.3,96.4,0.544
86.82,32138.8,35342.7,0.6634,0.8398,145.3,96.4,0.544
86.84,32146.2,35194.4,0.6992,0.4755,145.3,96.4,0.544
86.86,32049.0,35073.1,0.2287,0.1776,145.3,96.4,0.544
86.88,32043.1,35105.2,0.2001,0.2563,145.3,96.4,0.544
86.9,31991.6,35035.3,-0.0488,0.0846,145.3,96.4,0.544
86.92,31960.7,34943.3,-0.1982,-0.1412,145.3,96.4,0.544
86.94,31976.0,34851.9,-0.1243,-0.3657,145.3,96.4,0.544
86.96,31843.4,34649.9,-0.7655,-0.8619,145.3,96.4,0.544
86.98,31861.3,34732.3,-0.679,-0.6596,145.3,96.4,0.544
87.0,31794.8,34673.5,-1.0006,-0.804,145.3,96.4,0.544
87.02,31765.7,34722.5,-1.1415,-0.6835,145.3,96.4,0.544
87.04,31886.9,34495.7,-0.5553,-1.2408,145.3,96.4,0.544
87.06,31713.1,34531.8,-1.3958,-1.1521,145.3,96.4,0.544
87.08,31711.9,34385.1,-1.4016,-1.5123,145.3,96.4,0.544
87.1,31797.5,34588.9,-0.9876,-1.0119,145.3,96.4,0.544
87.12,31915.1,34883.5,-0.4189,-0.2881,145.3,96.4,0.544
87.14,32021.2,35305.3,0.0944,0.7479,145.3,96.4,0.544
87.16,32253.2,35589.1,1.2164,1.4451,145.3,96.4,0.544
87.18,32465.1,35683.3,2.2413,1.6764,145.3,96.4,0.544
87.2,32373.1,35716.0,1.7965,1.7567,145.3,96.4,0.544
87.22,32314.3,35592.8,1.5121,1.4542,145.3,96.4,0.544
87.24,32221.0,35275.5,1.0609,0.6748,145.3,96.4,0.544
87.26,32015.8,35275.9,0.0684,0.6757,145.3,96.4,0.544
87.28,32006.5,35023.5,0.0233,0.0558,145.3,96.4,0.544
87.3,31963.7,35083.9,-0.1837,0.2042,145.3,96.4,0.544
87.32,31958.9,34998.0,-0.2071,-0.007,145.3,96.4,0.544
87.34,31894.6,34810.7,-0.5179,-0.467,145.3,96.4,0.544
87.36,31867.6,34687.5,-0.6484,-0.7697,145.3,96.4,0.544
87.38,31841.7,34602.4,-0.7738,-0.9786,145.3,96.4,0.544
87.4,31904.5,34702.8,-0.4703,-0.7321,145.3,96.4,0.544
87.42,31860.4,34627.9,-0.6835,-0.9159,145.3,96.4,0.544
87.44,31805.1,34579.8,-0.9508,-1.0341,145.3,96.4,0.544
87.46,31717.3,34521.2,-1.3756,-1.1782,145.3,96.4,0.544
87.48,31698.9,34445.7,-1.4644,-1.3635,145.3,96.4,0.544
87.5,31773.6,34523.1,-1.1035,-1.1734,145.3,96.4,0.544
87.52,31866.9,34713.6,-0.652,-0.7055,145.3,96.4,0.544
87.54,32025.7,34999.2,0.1161,-0.0041,145.3,96.4,0.544
87.56,32214.0,35489.6,1.0268,1.2007,145.3,96.4,0.544
87.58,32327.0,35682.9,1.5735,1.6754,145.3,96.4,0.544
87.6,32459.2,35803.2,2.2133,1.971,145.3,96.4,0.544
87.62,32236.5,35608.5,1.136,1.4927,145.3,96.4,0.544
87.64,32227.5,35534.0,1.0923,1.3098,145.3,96.4,0.544
87.66,32143.1,35336.7,0.684,0.8251,145.3,96.4,0.544
87.68,32082.5,35197.5,0.3908,0.4832,145.3,96.4,0.544
87.7,32146.5,35063.2,0.7002,0.1534,145.3,96.4,0.544
87.72,32007.1,35007.6,0.0261,0.0167,145.3,96.4,0.544
87.74,32006.5,34968.1,0.0231,-0.0803,145.3,96.4,0.544
87.76,32027.3,34844.7,0.124,-0.3836,145.3,96.4,0.544
87.78,31922.5,34745.3,-0.3829,-0.6277,145.3,96.4,0.544
87.8,31818.0,34712.7,-0.8887,-0.7076,145.3,96.4,0.544
87.82,31818.3,34642.8,-0.8872,-0.8793,145.3,96.4,0.544
87.84,31833.7,34668.4,-0.8124,-0.8166,145.3,96.4,0.544
87.86,31728.0,34638.2,-1.3239,-0.8908,145.3,96.4,0.544
87.88,31789.3,34512.1,-1.0271,-1.2005,145.3,96.4,0.544
87.9,31776.4,34462.8,-1.0895,-1.3215,145.3,96.4,0.544
87.92,31835.9,34551.6,-0.8021,-1.1035,145.3,96.4,0.544
87.94,31940.6,34885.7,-0.2954,-0.2828,145.3,96.4,0.544
87.96,32115.9,35203.9,0.5526,0.4988,145.3,96.4,0.544
87.98,32316.8,35515.3,1.5243,1.2637,145.3,96.4,0.544
88.0,32374.2,35709.2,1.8018,1.74,145.3,96.4,0.544
88.02,32407.3,35781.5,1.9618,1.9176,145.3,96.4,0.544
88.04,32249.1,35572.1,1.1966,1.4034,145.3,96.4,0.544
88.06,32188.8,35504.1,0.9052,1.2362,145.3,96.4,0.544
88.08,32111.6,35230.6,0.5314,0.5643,145.3,96.4,0.544
88.1,32032.4,35125.6,0.1485,0.3066,145.3,96.4,0.544
88.12,31988.9,35136.6,-0.0618,0.3335,145.3,96.4,0.544
88.14,31943.4,35052.3,-0.2817,0.1264,145.3,96.4,0.544
88.16,31963.5,34986.2,-0.1845,-0.0359,145.3,96.4,0.544
88.18,31856.5,34775.4,-0.7025,-0.5537,145.3,96.4,0.544
88.2,31901.6,34762.0,-0.4839,-0.5866,145.3,96.4,0.544
88.22,31961.7,34694.5,-0.1936,-0.7523,145.3,96.4,0.544
88.24,31806.9,34652.0,-0.942,-0.8568,145.3,96.4,0.544
88.26,31782.7,34635.8,-1.0594,-0.8966,145.3,96.4,0.544
88.28,31722.3,34501.8,-1.3515,-1.2257,145.3,96.4,0.544
88.3,31709.7,34514.7,-1.4124,-1.194,145.3,96.4,0.544
88.32,31761.4,34418.5,-1.1623,-1.4304,145.3,96.4,0.544
88.34,31852.9,34624.5,-0.7198,-0.9242,145.3,96.4,0.544
88.36,31999.6,34900.0,-0.0102,-0.2476,145.3,96.4,0.544
88.38,32168.8,35331.4,0.8081,0.8121,145.3,96.4,0.544
88.4,32299.0,35558.5,1.4379,1.3699,145.3,96.4,0.544
88.42,32344.6,35736.6,1.6587,1.8074,145.3,96.4,0.544
88.44,32386.2,35677.4,1.8599,1.6619,145.3,96.4,0.544
88.46,32228.0,35507.0,1.0948,1.2434,145.3,96.4,0.544
88.48,32212.0,35304.1,1.0175,0.7449,145.3,96.4,0.544
88.5,32204.2,35172.4,0.9797,0.4215,145.3,96.4,0.544
88.52,32086.3,35113.1,0.4093,0.2759,145.3,96.4,0.544
88.54,32131.8,35021.1,0.6295,0.0498,145.3,96.4,0.544
88.56,31976.1,35074.9,-0.1237,0.1821,145.3,96.4,0.544
88.58,31929.5,34812.3,-0.3491,-0.463,145.3,96.4,0.544
88.6,31934.5,34767.1,-0.3251,-0.574,145.3,96.4,0.544
88.62,31761.7,34688.7,-1.1606,-0.7666,145.3,96.4,0.544
88.64,31885.1,34711.6,-0.5638,-0.7104,145.3,96.4,0.544
88.66,31827.6,34611.3,-0.8421,-0.9568,145.3,96.4,0.544
88.68,31795.3,34534.4,-0.9984,-1.1457,145.3,96.4,0.544
88.7,31709.6,34490.8,-1.4127,-1.2529,145.3,96.4,0.544
88.72,31754.3,34443.1,-1.1968,-1.3699,145.3,96.4,0.544
88.74,31733.9,34382.4,-1.2951,-1.519,145.3,96.4,0.544
88.76,31850.1,34697.4,-0.7331,-0.7452,145.3,96.4,0.544
88.78,32073.6,35084.7,0.3481,0.2061,145.3,96.4,0.544
88.8,32237.6,35409.5,1.141,1.004,145.3,96.4,0.544
88.82,32319.5,35694.4,1.5374,1.7036,145.3,96.4,0.544
88.84,32384.5,35851.0,1.8517,2.0885,145.3,96.4,0.544
88.86,32266.9,35661.4,1.2828,1.6225,145.3,96.4,0.544
88.88,32187.7,35510.4,0.8999,1.2517,145.3,96.4,0.544
88.9,32100.3,35326.0,0.4768,0.7987,145.3,96.4,0.544
88.92,32168.0,35093.9,0.8044,0.2287,145.3,96.4,0.544
88.94,32047.4,35049.0,0.221,0.1183,145.3,96.4,0.544
88.96,32023.6,34973.5,0.1058,-0.0671,145.3,96.4,0.544
88.98,31997.8,35012.3,-0.0188,0.0281,145.3,96.4,0.544
89.0,31844.1,34850.5,-0.7622,-0.3692,145.3,96.4,0.544
89.02,31859.0,34788.8,-0.69,-0.5207,145.3,96.4,0.544
89.04,31844.1,34705.4,-0.7622,-0.7255,145.3,96.4,0.544
89.06,31908.5,34639.0,-0.4508,-0.8886,145.3,96.4,0.544
89.08,31807.8,34594.4,-0.9378,-0.9982,145.3,96.4,0.544
89.1,31862.4,34465.3,-0.6739,-1.3155,145.3,96.4,0.544
89.12,31748.9,34542.3,-1.2227,-1.1262,145.3,96.4,0.544
89.14,31673.9,34440.7,-1.5856,-1.3757,145.3,96.4,0.544
89.16,31713.1,34551.4,-1.396,-1.104,145.3,96.4,0.544
89.18,31830.9,34915.1,-0.8259,-0.2104,145.3,96.4,0.544
89.2,32027.6,35212.6,0.1255,0.5201,145.3,96.4,0.544
89.22,32239.5,35521.1,1.1504,1.2781,145.3,96.4,0.544
89.24,32411.0,35727.3,1.9799,1.7845,145.3,96.4,0.544
89.26,32443.5,35775.1,2.1372,1.902,145.3,96.4,0.544
89.28,32218.2,35541.0,1.0471,1.3269,145.3,96.4,0.544
89.3,32157.3,35336.8,0.7528,0.8254,145.3,96.4,0.544
89.32,32012.5,35234.1,0.0522,0.5731,145.3,96.4,0.544
89.34,32017.1,35134.9,0.0746,0.3293,145.3,96.4,0.544
89.36,32035.8,35120.9,0.165,0.2949,145.3,96.4,0.544
89.38,32030.4,34963.1,0.1391,-0.0927,145.3,96.4,0.544
89.4,31966.5,34977.3,-0.1702,-0.0579,145.3,96.4,0.544
89.42,31824.6,34777.3,-0.8564,-0.5491,145.3,96.4,0.544
89.44,31860.8,34765.0,-0.6812,-0.5791,145.3,96.4,0.544
89.46,31821.7,34643.4,-0.8705,-0.8778,145.3,96.4,0.544
89.48,31793.4,34775.0,-1.0075,-0.5546,145.3,96.4,0.544
89.5,31826.0,34623.7,-0.85,-0.9264,145.3,96.4,0.544
89.52,31739.4,34507.8,-1.2688,-1.2111,145.3,96.4,0.544
89.54,31685.1,34451.9,-1.5313,-1.3484,145.3,96.4,0.544
89.56,31788.2,34485.7,-1.0327,-1.2652,145.3,96.4,0.544
89.58,31770.1,34659.8,-1.1204,-0.8376,145.3,96.4,0.544
89.6,31924.5,34956.8,-0.3735,-0.1082,145.3,96.4,0.544
89.62,32156.2,35315.4,0.7473,0.7727,145.3,96.4,0.544
89.64,32318.5,35634.6,1.5326,1.5569,145.3,96.4,0.544
89.66,32397.1,35786.9,1.9126,1.9308,145.3,96.4,0.544
89.68,32361.6,35757.9,1.741,1.8597,145.3,96.4,0.544
89.7,32251.2,35521.9,1.2068,1.2799,145.3,96.4,0.544
89.72,32152.3,35268.9,0.7284,0.6585,145.3,96.4,0.544
89.74,32139.3,35205.6,0.6655,0.503,145.3,96.4,0.544
89.76,31956.8,35074.9,-0.2172,0.182,145.3,96.4,0.544
89.78,32018.1,34951.2,0.0793,-0.122,145.3,96.4,0.544
89.8,32015.2,35045.6,0.0655,0.1099,145.3,96.4,0.544
89.82,31867.2,34813.5,-0.6507,-0.4601,145.3,96.4,0.544
89.84,31898.8,34722.2,-0.4975,-0.6845,145.3,96.4,0.544
89.86,31838.6,34653.4,-0.7889,-0.8533,145.3,96.4,0.544
89.88,31804.4,34659.5,-0.9545,-0.8385,145.3,96.4,0.544
89.9,31767.4,34572.8,-1.1334,-1.0513,145.3,96.4,0.544
89.92,31848.8,34631.2,-0.7396,-0.908,145.3,96.4,0.544
89.94,31793.0,34542.7,-1.0092,-1.1251,145.3,96.4,0.544
89.96,31694.5,34603.2,-1.4859,-0.9766,145.3,96.4,0.544
89.98,31760.1,34546.1,-1.1686,-1.1168,145.3,96.4,0.544
90.0,31866.0,34751.0,-0.6562,-0.6135,145.3,96.4,0.544
90.02,32096.3,35019.9,0.4575,0.0469,145.3,96.4,0.544
90.04,32154.5,35473.3,0.7392,1.1605,145.3,96.4,0.544
90.06,32347.7,35574.9,1.6735,1.4103,145.3,96.4,0.544
90.08,32381.5,35731.0,1.837,1.7935,145.3,96.4,0.544
90.1,32259.7,35649.5,1.2479,1.5933,145.3,96.4,0.544
90.12,32255.6,35411.9,1.2281,1.0097,145.3,96.4,0.544
90.14,32120.9,35161.1,0.5766,0.3938,145.3,96.4,0.544
90.16,31980.5,35200.6,-0.1027,0.4906,145.3,96.4,0.544
90.18,32050.1,35110.6,0.234,0.2696,145.3,96.4,0.544
90.2,32005.6,35082.2,0.019,0.2,145.3,96.4,0.544
90.22,31908.7,34873.8,-0.45,-0.312,145.3,96.4,0.544
90.24,31874.1,34799.5,-0.6173,-0.4945,145.3,96.4,0.544
90.26,31879.1,34780.7,-0.5928,-0.5407,145.3,96.4,0.544
90.28,31836.8,34764.6,-0.7975,-0.5801,145.3,96.4,0.544
90.3,31886.9,34736.9,-0.5551,-0.6482,145.3,96.4,0.544
90.32,31784.2,34621.9,-1.0519,-0.9306,145.3,96.4,0.544
90.34,31779.6,34600.7,-1.074,-0.9828,145.3,96.4,0.544
90.36,31732.3,34418.5,-1.3029,-1.4304,145.3,96.4,0.544
90.38,31687.9,34450.8,-1.518,-1.3511,145.3,96.4,0.544
90.4,31718.7,34568.4,-1.3688,-1.0621,145.3,96.4,0.544
90.42,31989.4,34763.0,-0.0593,-0.5841,145.3,96.4,0.544
90.44,32066.9,35107.3,0.3154,0.2615,145.3,96.4,0.544
90.46,32320.1,35508.4,1.5401,1.2469,145.3,96.4,0.544
90.48,32442.7,35750.9,2.1334,1.8424,145.3,96.4,0.544
90.5,32370.0,35741.2,1.7817,1.8186,145.3,96.4,0.544
90.52,32300.7,35522.3,1.4463,1.281,145.3,96.4,0.544
90.54,32148.6,35439.7,0.7106,1.0781,145.3,96.4,0.544
90.56,32077.9,35199.7,0.3685,0.4885,145.3,96.4,0.544
90.58,32045.9,35237.2,0.2138,0.5807,145.3,96.4,0.544
90.6,31957.8,34992.8,-0.2124,-0.0197,145.3,96.4,0.544
90.62,32035.9,35003.6,0.1655,0.0069,145.3,96.4,0.544
90.64,32002.4,34923.1,0.0034,-0.1909,145.3,96.4,0.544
90.66,31878.2,34784.0,-0.5971,-0.5326,145.3,96.4,0.544
90.68,31794.7,34761.5,-1.0011,-0.5877,145.3,96.4,0.544
90.7,31776.1,34716.4,-1.0912,-0.6986,145.3,96.4,0.544
90.72,31808.0,34654.1,-0.9368,-0.8515,145.3,96.4,0.544
90.74,31790.3,34636.5,-1.0224,-0.895,145.3,96.4,0.544
90.76,31791.0,34588.9,-1.0193,-1.0118,145.3,96.4,0.544
90.78,31765.9,34454.0,-1.1405,-1.3432,145.3,96.4,0.544
90.8,31674.3,34467.9,-1.5833,-1.3091,145.3,96.4,0.544
90.82,31792.3,34719.4,-1.0129,-0.6913,145.3,96.4,0.544
90.84,31983.0,34957.8,-0.0902,-0.1057,145.3,96.4,0.544
90.86,32166.4,35366.6,0.7967,0.8985,145.3,96.4,0.544
90.88,32320.0,35746.6,1.5395,1.8318,145.3,96.4,0.544
90.9,32399.9,35756.8,1.926,1.8569,145.3,96.4,0.544
90.92,32352.1,35750.6,1.6951,1.8417,145.3,96.4,0.544
90.94,32208.9,35586.4,1.0021,1.4384,145.3,96.4,0.544
90.96,32222.9,35328.5,1.0698,0.805,145.3,96.4,0.544
90.98,32123.1,35229.7,0.5873,0.5623,145.3,96.4,0.544
91.0,32086.1,35172.4,0.4084,0.4215,145.3,96.4,0.544
91.02,32041.8,35017.8,0.194,0.0417,145.3,96.4,0.544
91.04,32040.1,34953.2,0.186,-0.1169,145.3,96.4,0.544
91.06,32020.7,34915.3,0.0922,-0.2101,145.3,96.4,0.544
91.08,31872.0,34796.4,-0.6273,-0.5022,145.3,96.4,0.544
91.1,31946.1,34753.5,-0.2687,-0.6075,145.3,96.4,0.544
91.12,31735.1,34729.7,-1.2893,-0.666,145.3,96.4,0.544
91.14,31794.7,34673.4,-1.0011,-0.8043,145.3,96.4,0.544
91.16,31744.0,34586.2,-1.2465,-1.0183,145.3,96.4,0.544
91.18,31749.0,34544.3,-1.222,-1.1213,145.3,96.4,0.544
91.2,31763.5,34396.0,-1.1521,-1.4856,145.3,96.4,0.544
91.22,31680.8,34568.9,-1.552,-1.0608,145.3,96.4,0.544
91.24,31923.4,34774.5,-0.3788,-0.556,145.3,96.4,0.544
91.26,32027.7,35046.1,0.1258,0.1112,145.3,96.4,0.544
91.28,32182.4,35468.8,0.8741,1.1495,145.3,96.4,0.544
91.3,32483.0,35678.1,2.3282,1.6637,145.3,96.4,0.544
91.32,32485.7,35772.6,2.3411,1.8959,145.3,96.4,0.544
91.34,32305.4,35658.2,1.4689,1.6148,145.3,96.4,0.544
91.36,32169.5,35425.1,0.8119,1.0422,145.3,96.4,0.544
91.38,32181.4,35289.8,0.8693,0.7098,145.3,96.4,0.544
91.4,32078.9,35169.8,0.3737,0.415,145.3,96.4,0.544
91.42,31927.5,35051.7,-0.3591,0.1249,145.3,96.4,0.544
91.44,32027.6,35026.9,0.1254,0.064,145.3,96.4,0.544
91.46,31951.9,34907.8,-0.241,-0.2286,145.3,96.4,0.544
91.48,31856.3,34834.2,-0.7033,-0.4094,145.3,96.4,0.544
91.5,31872.5,34703.5,-0.6249,-0.7304,145.3,96.4,0.544
91.52,31796.9,34601.3,-0.9907,-0.9813,145.3,96.4,0.544
91.54,31826.9,34616.0,-0.8454,-0.9453,145.3,96.4,0.544
91.56,31830.7,34620.8,-0.8273,-0.9334,145.3,96.4,0.544
91.58,31789.3,34523.0,-1.0273,-1.1738,145.3,96.4,0.544
91.6,31797.2,34478.8,-0.989,-1.2822,145.3,96.4,0.544
91.62,31684.9,34393.7,-1.5323,-1.4912,145.3,96.4,0.544
91.64,31762.2,34599.6,-1.1582,-0.9855,145.3,96.4,0.544
91.66,31989.9,34872.6,-0.057,-0.3148,145.3,96.4,0.544
91.68,32072.2,35287.0,0.3411,0.7029,145.3,96.4,0.544
91.7,32232.9,35630.5,1.1182,1.5466,145.3,96.4,0.544
91.72,32306.8,35892.7,1.4758,2.1909,145.3,96.4,0.544
91.74,32340.3,35743.6,1.6378,1.8244,145.3,96.4,0.544
91.76,32276.0,35642.1,1.3267,1.5752,145.3,96.4,0.544
91.78,32150.0,35270.3,0.7174,0.662,145.3,96.4,0.544
91.8,32041.5,35172.5,0.1924,0.4217,145.3,96.4,0.544
91.82,32056.6,35173.1,0.2654,0.4231,145.3,96.4,0.544
91.84,32030.8,35072.3,0.1407,0.1755,145.3,96.4,0.544
91.86,31995.4,34935.3,-0.0302,-0.1609,145.3,96.4,0.544
91.88,31946.4,34878.3,-0.2672,-0.301,145.3,96.4,0.544
91.9,31909.3,34822.3,-0.4471,-0.4384,145.3,96.4,0.544
91.92,31912.3,34666.7,-0.4325,-0.8208,145.3,96.4,0.544
91.94,31848.6,34657.0,-0.7406,-0.8445,145.3,96.4,0.544
91.96,31781.3,34636.6,-1.0662,-0.8946,145.3,96.4,0.544
91.98,31782.8,34667.5,-1.0588,-0.8187,145.3,96.4,0.544
92.0,31707.1,34508.8,-1.4252,-1.2086,145.3,96.4,0.544
92.02,31739.6,34369.7,-1.2676,-1.5501,145.3,96.4,0.544
92.04,31805.4,34486.2,-0.9492,-1.2641,145.3,96.4,0.544
92.06,31867.9,34587.1,-0.6473,-1.0161,145.3,96.4,0.544
92.08,32007.9,34962.1,0.0301,-0.0951,145.3,96.4,0.544
92.1,32151.5,35289.3,0.7247,0.7087,145.3,96.4,0.544
92.12,32225.3,35604.2,1.0816,1.482,145.3,96.4,0.544
92.14,32388.0,35723.4,1.8684,1.775,145.3,96.4,0.544
92.16,32268.6,35763.9,1.2913,1.8743,145.3,96.4,0.544
92.18,32212.3,35587.3,1.019,1.4406,145.3,96.4,0.544
92.2,32195.2,35337.2,0.936,0.8263,145.3,96.4,0.544
92.22,32072.8,35200.2,0.3442,0.4897,145.3,96.4,0.544
92.24,32047.0,35091.3,0.2192,0.2224,145.3,96.4,0.544
92.26,32055.7,35032.6,0.2613,0.078,145.3,96.4,0.544
92.28,32060.7,34991.7,0.2855,-0.0223,145.3,96.4,0.544
92.3,31939.1,34835.6,-0.3027,-0.4057,145.3,96.4,0.544
92.32,31882.1,34736.0,-0.5786,-0.6505,145.3,96.4,0.544
92.34,31803.0,34766.7,-0.9608,-0.575,145.3,96.4,0.544
92.36,31907.0,34729.1,-0.4581,-0.6673,145.3,96.4,0.544
92.38,31788.5,34737.4,-1.031,-0.6471,145.3,96.4,0.544
92.4,31826.7,34588.3,-0.8464,-1.0133,145.3,96.4,0.544
92.42,31756.8,34483.6,-1.1845,-1.2705,145.3,96.4,0.544
92.44,31831.4,34499.7,-0.8239,-1.2308,145.3,96.4,0.544
92.46,31809.6,34591.4,-0.9291,-1.0056,145.3,96.4,0.544
92.48,31890.8,34685.7,-0.5364,-0.7741,145.3,96.4,0.544
92.5,32112.3,35134.3,0.5349,0.3278,145.3,96.4,0.544
92.52,32247.7,35489.0,1.1902,1.1992,145.3,96.4,0.544
92.54,32495.4,35685.2,2.3879,1.681,145.3,96.4,0.544
92.56,32356.5,35803.8,1.716,1.9725,145.3,96.4,0.544
92.58,32374.0,35696.1,1.801,1.7078,145.3,96.4,0.544
92.6,32209.4,35520.4,1.0047,1.2764,145.3,96.4,0.544
92.62,32132.9,35256.3,0.6346,0.6277,145.3,96.4,0.544
92.64,32109.6,35116.2,0.5222,0.2835,145.3,96.4,0.544
92.66,32074.8,35099.6,0.3536,0.2426,145.3,96.4,0.544
92.68,32012.7,35040.6,0.0533,0.0977,145.3,96.4,0.544
92.7,31927.2,35045.2,-0.3604,0.1092,145.3,96.4,0.544
92.72,31958.9,34805.6,-0.2068,-0.4796,145.3,96.4,0.544
92.74,31918.7,34643.2,-0.4015,-0.8784,145.3,96.4,0.544
92.76,31884.3,34609.2,-0.5678,-0.9618,145.3,96.4,0.544
92.78,31901.2,34669.8,-0.4862,-0.8132,145.3,96.4,0.544
92.8,31874.9,34610.1,-0.6134,-0.9597,145.3,96.4,0.544
92.82,31745.2,34546.7,-1.2407,-1.1154,145.3,96.4,0.544
92.84,31817.2,34466.0,-0.8922,-1.3137,145.3,96.4,0.544
92.86,31711.9,34419.4,-1.4019,-1.4281,145.3,96.4,0.544
92.88,31790.2,34563.8,-1.0231,-1.0734,145.3,96.4,0.544
92.9,31886.6,34807.2,-0.5566,-0.4757,145.3,96.4,0.544
92.92,32136.7,35211.5,0.6529,0.5174,145.3,96.4,0.544
92.94,32243.9,35550.8,1.1718,1.3508,145.3,96.4,0.544
92.96,32358.0,35785.5,1.7237,1.9275,145.3,96.4,0.544
92.98,32416.1,35727.0,2.0045,1.7836,145.3,96.4,0.544
93.0,32301.8,35479.3,1.4519,1.1754,145.3,96.4,0.544
93.02,32223.1,35395.7,1.0708,0.97,145.3,96.4,0.544
93.04,32127.0,35139.5,0.6061,0.3406,145.3,96.4,0.544
93.06,32052.4,35098.8,0.2451,0.2407,145.3,96.4,0.544
93.08,32029.7,35025.7,0.1357,0.061,145.3,96.4,0.544
93.1,31942.7,34975.6,-0.2854,-0.0619,145.3,96.4,0.544
93.12,31915.5,34909.1,-0.4169,-0.2253,145.3,96.4,0.544
93.14,31893.4,34752.5,-0.5238,-0.6098,145.3,96.4,0.544
93.16,31875.9,34671.9,-0.6084,-0.8079,145.3,96.4,0.544
93.18,31829.2,34647.7,-0.8341,-0.8674,145.3,96.4,0.544
93.2,31751.5,34764.1,-1.2101,-0.5813,145.3,96.4,0.544
93.22,31822.5,34638.7,-0.8668,-0.8894,145.3,96.4,0.544
93.24,31662.1,34514.6,-1.6427,-1.1943,145.3,96.4,0.544
93.26,31829.8,34424.4,-0.8313,-1.4157,145.3,96.4,0.544
93.28,31745.4,34478.7,-1.2395,-1.2824,145.3,96.4,0.544
93.3,31899.8,34685.7,-0.4926,-0.7741,145.3,96.4,0.544
93.32,32077.6,35039.5,0.3674,0.095,145.3,96.4,0.544
93.34,32108.6,35379.8,0.517,0.9309,145.3,96.4,0.544
93.36,32367.4,35658.8,1.7689,1.6161,145.3,96.4,0.544
93.38,32378.7,35718.8,1.8237,1.7636,145.3,96.4,0.544
93.4,32261.1,35714.2,1.2548,1.7524,145.3,96.4,0.544
93.42,32206.4,35509.2,0.9903,1.2489,145.3,96.4,0.544
93.44,32109.7,35369.8,0.5224,0.9065,145.3,96.4,0.544
93.46,32004.0,35178.3,0.0111,0.4361,145.3,96.4,0.544
93.48,31993.8,35043.0,-0.0381,0.1035,145.3,96.4,0.544
93.5,32059.6,35049.2,0.2803,0.1189,145.3,96.4,0.544
93.52,31951.7,34972.3,-0.2419,-0.07,145.3,96.4,0.544
93.54,31846.7,34805.0,-0.7496,-0.481,145.3,96.4,0.544
93.56,31938.3,34738.4,-0.3064,-0.6447,145.3,96.4,0.544
93.58,31823.9,34751.8,-0.86,-0.6116,145.3,96.4,0.544
93.6,31802.8,34602.6,-0.962,-0.9781,145.3,96.4,0.544
93.62,31893.7,34635.3,-0.5224,-0.8978,145.3,96.4,0.544
93.64,31856.6,34529.9,-0.7016,-1.1568,145.3,96.4,0.544
93.66,31814.4,34654.8,-0.9061,-0.8499,145.3,96.4,0.544
93.68,31686.6,34394.5,-1.5239,-1.4892,145.3,96.4,0.544
93.7,31750.1,34479.0,-1.2168,-1.2817,145.3,96.4,0.544
93.72,31842.3,34680.9,-0.7708,-0.7858,145.3,96.4,0.544
93.74,32014.9,35104.1,0.0641,0.2538,145.3,96.4,0.544
93.76,32273.2,35537.8,1.3134,1.319,145.3,96.4,0.544
93.78,32301.0,35671.9,1.4478,1.6485,145.3,96.4,0.544
93.8,32343.0,35785.2,1.651,1.9267,145.3,96.4,0.544
93.82,32312.8,35580.7,1.505,1.4245,145.3,96.4,0.544
93.84,32163.3,35374.5,0.7819,0.9179,145.3,96.4,0.544
93.86,32098.3,35239.2,0.4674,0.5856,145.3,96.4,0.544
93.88,32118.3,35120.3,0.564,0.2934,145.3,96.4,0.544
93.9,31938.9,35055.4,-0.3039,0.134,145.3,96.4,0.544
93.92,32043.5,35017.1,0.2022,0.04,145.3,96.4,0.544
93.94,31953.2,34930.1,-0.2347,-0.1737,145.3,96.4,0.544
93.96,31876.1,34862.8,-0.6075,-0.3391,145.3,96.4,0.544
93.98,31846.3,34718.7,-0.7516,-0.6929,145.3,96.4,0.544
94.0,31838.9,34628.9,-0.7872,-0.9134,145.3,96.4,0.544
94.02,31772.4,34656.0,-1.109,-0.847,145.3,96.4,0.544
94.04,31753.3,34666.6,-1.2013,-0.8208,145.3,96.4,0.544
94.06,31754.8,34458.3,-1.1944,-1.3326,145.3,96.4,0.544
94.08,31673.1,34492.9,-1.5895,-1.2475,145.3,96.4,0.544
94.1,31817.9,34427.7,-0.8891,-1.4078,145.3,96.4,0.544
94.12,31827.0,34583.4,-0.8448,-1.0252,145.3,96.4,0.544
94.14,31903.8,34923.8,-0.4737,-0.1891,145.3,96.4,0.544
94.16,32070.3,35205.6,0.3317,0.503,145.3,96.4,0.544
94.18,32355.5,35624.1,1.7113,1.531,145.3,96.4,0.544
94.2,32394.7,35779.0,1.9008,1.9114,145.3,96.4,0.544
94.22,32252.9,35701.8,1.2152,1.7219,145.3,96.4,0.544
94.24,32256.4,35541.2,1.2323,1.3273,145.3,96.4,0.544
94.26,32195.1,35285.6,0.9353,0.6997,145.3,96.4,0.544
94.28,32002.2,35223.0,0.0024,0.5459,145.3,96.4,0.544
94.3,31958.2,34996.4,-0.2104,-0.0109,145.3,96.4,0.544
94.32,31998.3,35142.5,-0.0164,0.3481,145.3,96.4,0.544
94.34,31923.9,34924.4,-0.3763,-0.1877,145.3,96.4,0.544
94.36,31896.4,34874.8,-0.5094,-0.3094,145.3,96.4,0.544
94.38,31847.4,34769.0,-0.7465,-0.5693,145.3,96.4,0.544
94.4,31897.1,34586.6,-0.5059,-1.0175,145.3,96.4,0.544
94.42,31784.6,34718.5,-1.05,-0.6935,145.3,96.4,0.544
94.44,31767.4,34697.6,-1.1332,-0.7448,145.3,96.4,0.544
94.46,31822.4,34648.0,-0.8673,-0.8667,145.3,96.4,0.544
94.48,31804.2,34482.3,-0.9551,-1.2737,145.3,96.4,0.544
94.5,31702.0,34454.4,-1.4498,-1.3422,145.3,96.4,0.544
94.52,31713.4,34456.5,-1.3945,-1.337,145.3,96.4,0.544
94.54,31836.2,34655.2,-0.8006,-0.8489,145.3,96.4,0.544
94.56,32065.9,35107.8,0.3104,0.2628,145.3,96.4,0.544
94.58,32125.7,35448.4,0.5998,1.0995,145.3,96.4,0.544
94.6,32329.9,35709.2,1.5877,1.7401,145.3,96.4,0.544
94.62,32352.8,35715.0,1.6983,1.7544,145.3,96.4,0.544
94.64,32320.3,35662.1,1.5414,1.6244,145.3,96.4,0.544
94.66,32212.2,35424.8,1.0184,1.0416,145.3,96.4,0.544
94.68,32166.9,35312.4,0.7991,0.7653,145.3,96.4,0.544
94.7,32060.1,35102.7,0.2826,0.2502,145.3,96.4,0.544
94.72,32077.8,34980.0,0.368,-0.0511,145.3,96.4,0.544
94.74,32054.4,35073.4,0.255,0.1782,145.3,96.4,0.544
94.76,32003.2,34985.8,0.0075,-0.037,145.3,96.4,0.544
94.78,31921.2,34828.1,-0.3895,-0.4242,145.3,96.4,0.544
94.8,31893.3,34759.2,-0.5242,-0.5935,145.3,96.4,0.544
94.82,31902.9,34722.4,-0.4778,-0.6838,145.3,96.4,0.544
94.84,31837.1,34638.5,-0.7963,-0.89,145.3,96.4,0.544
94.86,31697.9,34668.3,-1.4694,-0.8167,145.3,96.4,0.544
94.88,31832.2,34527.7,-0.8199,-1.162,145.3,96.4,0.544
94.9,31755.1,34428.1,-1.1927,-1.4068,145.3,96.4,0.544
94.92,31779.8,34450.7,-1.073,-1.3512,145.3,96.4,0.544
94.94,31745.6,34560.2,-1.2386,-1.0822,145.3,96.4,0.544
94.96,31971.5,34791.9,-0.1459,-0.5132,145.3,96.4,0.544
94.98,32171.9,35199.0,0.8232,0.4868,145.3,96.4,0.544
95.0,32294.2,35528.5,1.4147,1.2961,145.3,96.4,0.544
95.02,32461.9,35748.5,2.2262,1.8367,145.3,96.4,0.544
95.04,32470.1,35698.7,2.2658,1.7142,145.3,96.4,0.544
95.06,32144.9,35582.1,0.6925,1.4278,145.3,96.4,0.544
95.08,32193.7,35448.4,0.9289,1.0994,145.3,96.4,0.544
95.1,32050.2,35301.0,0.2346,0.7375,145.3,96.4,0.544
95.12,32014.3,35109.8,0.061,0.2677,145.3,96.4,0.544
95.14,32022.4,35005.0,0.1,0.0103,145.3,96.4,0.544
95.16,31981.0,35039.0,-0.1002,0.0939,145.3,96.4,0.544
95.18,31974.3,34879.3,-0.1325,-0.2986,145.3,96.4,0.544
95.2,31790.1,34739.9,-1.0236,-0.6409,145.3,96.4,0.544
95.22,31892.4,34688.7,-0.5286,-0.7666,145.3,96.4,0.544
95.24,31800.6,34651.0,-0.9728,-0.8594,145.3,96.4,0.544
95.26,31832.1,34615.9,-0.8201,-0.9455,145.3,96.4,0.544
95.28,31903.1,34676.3,-0.4768,-0.7971,145.3,96.4,0.544
95.3,31775.5,34649.5,-1.0942,-0.863,145.3,96.4,0.544
95.32,31721.7,34469.2,-1.3545,-1.3058,145.3,96.4,0.544
95.34,31717.5,34482.8,-1.3748,-1.2725,145.3,96.4,0.544
95.36,31751.9,34603.2,-1.2084,-0.9766,145.3,96.4,0.544
95.38,32000.2,34935.8,-0.0074,-0.1598,145.3,96.4,0.544
95.4,32195.4,35241.6,0.9369,0.5915,145.3,96.4,0.544
95.42,32291.7,35538.1,1.4027,1.3197,145.3,96.4,0.544
95.44,32384.1,35770.9,1.8495,1.8917,145.3,96.4,0.544
95.46,32350.9,35637.1,1.6891,1.5629,145.3,96.4,0.544
95.48,32271.5,35523.0,1.3053,1.2826,145.3,96.4,0.544
95.5,32121.0,35432.1,0.5772,1.0595,145.3,96.4,0.544
95.52,32103.4,35284.5,0.4919,0.6969,145.3,96.4,0.544
95.54,32049.9,35045.1,0.233,0.1088,145.3,96.4,0.544
95.56,32020.9,35033.7,0.0931,0.0807,145.3,96.4,0.544
95.58,31985.1,35026.3,-0.0802,0.0626,145.3,96.4,0.544
95.6,31972.7,34811.4,-0.1403,-0.4654,145.3,96.4,0.544
95.62,31917.6,34816.3,-0.4066,-0.4532,145.3,96.4,0.544
95.64,31866.6,34686.3,-0.6533,-0.7726,145.3,96.4,0.544
95.66,31768.4,34667.3,-1.1283,-0.8193,145.3,96.4,0.544
95.68,31867.7,34720.2,-0.648,-0.6892,145.3,96.4,0.544
95.7,31798.6,34609.6,-0.9823,-0.9609,145.3,96.4,0.544
95.72,31754.3,34475.8,-1.1965,-1.2897,145.3,96.4,0.544
95.74,31696.8,34437.9,-1.4748,-1.3827,145.3,96.4,0.544
95.76,31762.8,34477.4,-1.1554,-1.2857,145.3,96.4,0.544
95.78,31818.4,34635.0,-0.8866,-0.8986,145.3,96.4,0.544
95.8,31973.8,35143.7,-0.1348,0.3509,145.3,96.4,0.544
95.82,32135.4,35427.7,0.6466,1.0486,145.3,96.4,0.544
95.84,32322.2,35646.5,1.5504,1.586,145.3,96.4,0.544
95.86,32479.8,35689.1,2.3125,1.6907,145.3,96.4,0.544
95.88,32263.8,35687.2,1.2679,1.6861,145.3,96.4,0.544
95.9,32217.6,35374.8,1.0445,0.9186,145.3,96.4,0.544
95.92,32107.5,35256.2,0.5117,0.6274,145.3,96.4,0.544
95.94,32078.6,35161.4,0.3723,0.3945,145.3,96.4,0.544
95.96,32152.1,35092.9,0.7274,0.2263,145.3,96.4,0.544
95.98,32006.5,35060.8,0.0234,0.1474,145.3,96.4,0.544
96.0,32000.3,35000.9,-0.0067,0.0003,145.3,96.4,0.544
96.02,31993.7,34815.4,-0.0386,-0.4554,145.3,96.4,0.544
96.04,31917.6,34692.1,-0.4066,-0.7583,145.3,96.4,0.544
96.06,31840.2,34762.4,-0.781,-0.5857,145.3,96.4,0.544
96.08,31899.2,34674.6,-0.4957,-0.8012,145.3,96.4,0.544
96.1,31817.7,34714.9,-0.89,-0.7024,145.3,96.4,0.544
96.12,31737.0,34555.3,-1.2802,-1.0944,145.3,96.4,0.544
96.14,31745.6,34502.6,-1.2386,-1.2237,145.3,96.4,0.544
96.16,31586.9,34382.0,-2.0062,-1.52,145.3,96.4,0.544
96.18,31863.9,34497.6,-0.6663,-1.2361,145.3,96.4,0.544
96.2,31808.3,34797.2,-0.9353,-0.5001,145.3,96.4,0.544
96.22,32130.0,35230.4,0.6207,0.5639,145.3,96.4,0.544
96.24,32296.1,35496.5,1.4241,1.2176,145.3,96.4,0.544
96.26,32513.4,35817.4,2.4752,2.0059,145.3,96.4,0.544
96.28,32396.1,35731.4,1.9077,1.7947,145.3,96.4,0.544
96.3,32320.5,35571.8,1.5421,1.4026,145.3,96.4,0.544
96.32,32273.8,35446.6,1.3163,1.095,145.3,96.4,0.544
96.34,32107.2,35212.3,0.5105,0.5195,145.3,96.4,0.544
96.36,31969.4,35162.0,-0.1562,0.3961,145.3,96.4,0.544
96.38,32022.8,35021.6,0.102,0.0511,145.3,96.4,0.544
96.4,31984.0,34991.7,-0.0857,-0.0223,145.3,96.4,0.544
96.42,32044.2,34835.7,0.2055,-0.4056,145.3,96.4,0.544
96.44,31793.3,34797.2,-1.0079,-0.5001,145.3,96.4,0.544
96.46,31851.1,34833.2,-0.7282,-0.4117,145.3,96.4,0.544
96.48,31824.2,34729.3,-0.8586,-0.6669,145.3,96.4,0.544
96.5,31770.1,34669.5,-1.1202,-0.8137,145.3,96.4,0.544
96.52,31852.4,34618.0,-0.7223,-0.9403,145.3,96.4,0.544
96.54,31814.6,34509.8,-0.9047,-1.206,145.3,96.4,0.544
96.56,31703.3,34514.2,-1.4435,-1.1954,145.3,96.4,0.544
96.58,31733.1,34482.7,-1.299,-1.2725,145.3,96.4,0.544
96.6,31827.1,34629.8,-0.8445,-0.9113,145.3,96.4,0.544
96.62,31966.3,34863.0,-0.1711,-0.3385,145.3,96.4,0.544
96.64,32125.3,35362.5,0.598,0.8883,145.3,96.4,0.544
96.66,32237.3,35610.4,1.1398,1.4972,145.3,96.4,0.544
96.68,32410.1,35755.4,1.9756,1.8535,145.3,96.4,0.544
96.7,32421.9,35714.2,2.0326,1.7522,145.3,96.4,0.544
96.72,32262.9,35544.1,1.2633,1.3345,145.3,96.4,0.544
96.74,32120.5,35368.8,0.5746,0.9039,145.3,96.4,0.544
96.76,32104.6,35131.4,0.4976,0.3207,145.3,96.4,0.544
96.78,32059.3,35099.6,0.2785,0.2426,145.3,96.4,0.544
96.8,32008.6,35140.0,0.0334,0.342,145.3,96.4,0.544
96.82,31904.2,34963.8,-0.4715,-0.091,145.3,96.4,0.544
96.84,31917.6,34848.5,-0.4066,-0.3742,145.3,96.4,0.544
96.86,31781.7,34791.8,-1.0639,-0.5135,145.3,96.4,0.544
96.88,31902.9,34722.3,-0.4778,-0.684,145.3,96.4,0.544
96.9,31786.3,34673.1,-1.0418,-0.805,145.3,96.4,0.544
96.92,31882.2,34714.0,-0.578,-0.7045,145.3,96.4,0.544
96.94,31785.7,34521.6,-1.0449,-1.177,145.3,96.4,0.544
96.96,31765.3,34565.4,-1.1434,-1.0694,145.3,96.4,0.544
96.98,31768.6,34486.8,-1.1274,-1.2625,145.3,96.4,0.544
97.0,31743.1,34467.9,-1.2507,-1.309,145.3,96.4,0.544
97.02,31819.9,34697.7,-0.8795,-0.7444,145.3,96.4,0.544
97.04,32075.6,35050.0,0.3574,0.1208,145.3,96.4,0.544
97.06,32241.9,35500.7,1.1621,1.2279,145.3,96.4,0.544
97.08,32395.1,35635.9,1.9031,1.5601,145.3,96.4,0.544
97.1,32317.2,35809.5,1.5261,1.9865,145.3,96.4,0.544
97.12,32247.0,35579.9,1.1864,1.4225,145.3,96.4,0.544
97.14,32138.7,35478.2,0.6626,1.1727,145.3,96.4,0.544
97.16,32152.2,35266.5,0.7282,0.6527,145.3,96.4,0.544
97.18,32119.4,35081.0,0.5694,0.197,145.3,96.4,0.544
97.2,32070.7,35050.1,0.3338,0.1211,145.3,96.4,0.544
97.22,32048.7,35018.1,0.2276,0.0425,145.3,96.4,0.544
97.24,31933.2,34915.5,-0.3315,-0.2096,145.3,96.4,0.544
97.26,31911.3,34906.3,-0.437,-0.2321,145.3,96.4,0.544
97.28,31943.3,34766.9,-0.2825,-0.5747,145.3,96.4,0.544
97.3,31871.3,34669.2,-0.6307,-0.8145,145.3,96.4,0.544
97.32,31887.7,34611.1,-0.5515,-0.9573,145.3,96.4,0.544
97.34,31762.4,34554.7,-1.1572,-1.0958,145.3,96.4,0.544
97.36,31785.5,34541.9,-1.0457,-1.1273,145.3,96.4,0.544
97.38,31755.4,34427.2,-1.1911,-1.409,145.3,96.4,0.544
97.4,31722.7,34463.5,-1.3497,-1.3198,145.3,96.4,0.544
97.42,31772.7,34610.8,-1.1077,-0.9579,145.3,96.4,0.544
97.44,31968.9,34947.3,-0.1588,-0.1315,145.3,96.4,0.544
97.46,32088.1,35137.3,0.4179,0.3353,145.3,96.4,0.544
97.48,32131.8,35513.3,0.6295,1.2587,145.3,96.4,0.544
97.5,32370.1,35800.8,1.7821,1.965,145.3,96.4,0.544
97.52,32376.4,35697.3,1.8125,1.7108,145.3,96.4,0.544
97.54,32300.7,35558.5,1.4463,1.3699,145.3,96.4,0.544
97.56,32243.9,35399.0,1.1717,0.9782,145.3,96.4,0.544
97.58,32084.5,35280.3,0.4008,0.6866,145.3,96.4,0.544
97.6,32057.2,35152.9,0.2685,0.3736,145.3,96.4,0.544
97.62,32051.9,35129.7,0.2431,0.3165,145.3,96.4,0.544
97.64,32021.0,34945.2,0.0937,-0.1366,145.3,96.4,0.544
97.66,31896.0,34883.4,-0.5114,-0.2883,145.3,96.4,0.544
97.68,31860.9,34756.1,-0.6811,-0.6011,145.3,96.4,0.544
97.7,31910.9,34768.1,-0.439,-0.5717,145.3,96.4,0.544
97.72,31824.2,34710.9,-0.8587,-0.7122,145.3,96.4,0.544
97.74,31857.5,34720.4,-0.6973,-0.6887,145.3,96.4,0.544
97.76,31919.9,34647.0,-0.3958,-0.8689,145.3,96.4,0.544
97.78,31722.2,34523.0,-1.3519,-1.1736,145.3,96.4,0.544
97.8,31797.0,34475.9,-0.9899,-1.2893,145.3,96.4,0.544
97.82,31714.0,34506.1,-1.3914,-1.2151,145.3,96.4,0.544
97.84,31865.1,34643.9,-0.6607,-0.8766,145.3,96.4,0.544
97.86,31974.9,34969.8,-0.1297,-0.0762,145.3,96.4,0.544
97.88,32140.5,35435.0,0.6717,1.0665,145.3,96.4,0.544
97.9,32394.2,35695.1,1.8987,1.7054,145.3,96.4,0.544
97.92,32330.2,35730.8,1.5889,1.7931,145.3,96.4,0.544
97.94,32318.1,35683.1,1.5307,1.676,145.3,96.4,0.544
97.96,32323.0,35461.6,1.5544,1.1319,145.3,96.4,0.544
97.98,32194.6,35239.7,0.9329,0.5867,145.3,96.4,0.544
98.0,32041.7,35214.3,0.1936,0.5245,145.3,96.4,0.544
98.02,32038.1,35075.9,0.1762,0.1845,145.3,96.4,0.544
98.04,31966.9,35029.3,-0.1682,0.0701,145.3,96.4,0.544
98.06,31842.4,34865.5,-0.7704,-0.3324,145.3,96.4,0.544
98.08,31861.8,34930.2,-0.6764,-0.1734,145.3,96.4,0.544
98.1,31834.8,34812.3,-0.8073,-0.4631,145.3,96.4,0.544
98.12,31882.9,34627.2,-0.5745,-0.9177,145.3,96.4,0.544
98.14,31849.0,34654.6,-0.7386,-0.8504,145.3,96.4,0.544
98.16,31902.0,34547.3,-0.4823,-1.114,145.3,96.4,0.544
98.18,31879.1,34635.8,-0.5931,-0.8967,145.3,96.4,0.544
98.2,31778.4,34588.8,-1.08,-1.0119,145.3,96.4,0.544
98.22,31731.8,34392.1,-1.3054,-1.4952,145.3,96.4,0.544
98.24,31843.4,34461.9,-0.7659,-1.3238,145.3,96.4,0.544
98.26,31904.2,34792.7,-0.4713,-0.5112,145.3,96.4,0.544
98.28,32046.0,35015.7,0.2145,0.0365,145.3,96.4,0.544
98.3,32154.3,35449.3,0.7382,1.1016,145.3,96.4,0.544
98.32,32343.7,35774.5,1.6543,1.9005,145.3,96.4,0.544
98.34,32367.0,35688.4,1.7672,1.689,145.3,96.4,0.544
98.36,32312.1,35695.3,1.5013,1.706,145.3,96.4,0.544
98.38,32164.5,35431.1,0.7875,1.0569,145.3,96.4,0.544
98.4,32034.0,35248.1,0.1561,0.6075,145.3,96.4,0.544
98.42,32073.4,35179.4,0.3469,0.4386,145.3,96.4,0.544
98.44,32104.0,35111.6,0.495,0.272,145.3,96.4,0.544
98.46,32036.2,35045.3,0.1668,0.1093,145.3,96.4,0.544
98.48,31989.8,34901.9,-0.0575,-0.243,145.3,96.4,0.544
98.5,31924.3,34850.4,-0.3743,-0.3696,145.3,96.4,0.544
98.52,31863.0,34715.9,-0.671,-0.6999,145.3,96.4,0.544
98.54,31885.4,34672.9,-0.5623,-0.8054,145.3,96.4,0.544
98.56,31763.2,34706.6,-1.1536,-0.7226,145.3,96.4,0.544
98.58,31806.4,34601.4,-0.9445,-0.981,145.3,96.4,0.544
98.6,31860.3,34627.0,-0.6839,-0.9182,145.3,96.4,0.544
98.62,31700.6,34503.7,-1.4563,-1.221,145.3,96.4,0.544
98.64,31692.2,34420.7,-1.497,-1.4249,145.3,96.4,0.544
98.66,31828.6,34489.0,-0.8373,-1.2572,145.3,96.4,0.544
98.68,31912.7,34937.4,-0.4303,-0.1557,145.3,96.4,0.544
98.7,32158.4,35209.9,0.758,0.5137,145.3,96.4,0.544
98.72,32354.4,35579.3,1.7061,1.4209,145.3,96.4,0.544
98.74,32379.4,35608.8,1.8268,1.4934,145.3,96.4,0.544
98.76,32394.5,35674.4,1.9,1.6546,145.3,96.4,0.544
98.78,32274.4,35556.8,1.3189,1.3657,145.3,96.4,0.544
98.8,32212.7,35296.2,1.0207,0.7256,145.3,96.4,0.544
98.82,32137.4,35246.1,0.6565,0.6025,145.3,96.4,0.544
98.84,32070.8,35111.8,0.3341,0.2727,145.3,96.4,0.544
98.86,32029.2,35064.0,0.133,0.1551,145.3,96.4,0.544
98.88,32044.9,35041.2,0.2092,0.0993,145.3,96.4,0.544
98.9,31959.4,34862.6,-0.2046,-0.3394,145.3,96.4,0.544
98.92,31912.7,34806.0,-0.4304,-0.4786,145.3,96.4,0.544
98.94,31853.7,34720.7,-0.7159,-0.6882,145.3,96.4,0.544
98.96,31918.2,34649.1,-0.404,-0.864,145.3,96.4,0.544
98.98,31799.7,34682.8,-0.9771,-0.7812,145.3,96.4,0.544
99.0,31798.8,34556.6,-0.9813,-1.0912,145.3,96.4,0.544
99.02,31844.9,34594.7,-0.7583,-0.9975,145.3,96.4,0.544
99.04,31689.1,34475.5,-1.5122,-1.2904,145.3,96.4,0.544
99.06,31736.5,34431.4,-1.2826,-1.3986,145.3,96.4,0.544
99.08,31828.0,34687.3,-0.8403,-0.7702,145.3,96.4,0.544
99.1,31992.3,34893.3,-0.0453,-0.2642,145.3,96.4,0.544
99.12,32240.9,35349.9,1.1572,0.8574,145.3,96.4,0.544
99.14,32315.2,35598.6,1.5167,1.4684,145.3,96.4,0.544
99.16,32412.9,35803.3,1.989,1.9712,145.3,96.4,0.544
99.18,32396.4,35733.2,1.9091,1.799,145.3,96.4,0.544
99.2,32203.9,35538.8,0.9783,1.3214,145.3,96.4,0.544
99.22,32123.5,35339.7,0.5895,0.8324,145.3,96.4,0.544
99.24,32118.5,35081.0,0.5651,0.1969,145.3,96.4,0.544
99.26,31970.3,35078.7,-0.1519,0.1912,145.3,96.4,0.544
99.28,32055.4,35022.2,0.2597,0.0525,145.3,96.4,0.544
99.3,31925.4,34911.8,-0.3689,-0.2186,145.3,96.4,0.544
99.32,31856.3,34886.1,-0.7034,-0.2817,145.3,96.4,0.544
99.34,31987.1,34790.2,-0.0707,-0.5174,145.3,96.4,0.544
99.36,31821.4,34664.2,-0.8719,-0.8268,145.3,96.4,0.544
99.38,31855.0,34594.0,-0.7097,-0.9992,145.3,96.4,0.544
99.4,31876.0,34758.8,-0.6077,-0.5943,145.3,96.4,0.544
99.42,31808.7,34611.7,-0.9335,-0.9559,145.3,96.4,0.544
99.44,31758.7,34579.1,-1.1753,-1.0357,145.3,96.4,0.544
99.46,31695.2,34518.5,-1.4826,-1.1846,145.3,96.4,0.544
99.48,31834.9,34569.3,-0.807,-1.0598,145.3,96.4,0.544
99.5,32012.3,34637.9,0.0514,-0.8913,145.3,96.4,0.544
99.52,32032.0,35159.4,0.1468,0.3895,145.3,96.4,0.544
99.54,32370.7,35541.4,1.785,1.3279,145.3,96.4,0.544
99.56,32341.2,35702.4,1.642,1.7234,145.3,96.4,0.544
99.58,32354.7,35746.1,1.7074,1.8306,145.3,96.4,0.544
99.6,32233.9,35593.6,1.1231,1.456,145.3,96.4,0.544
99.62,32120.9,35411.0,0.5765,1.0076,145.3,96.4,0.544
99.64,32123.8,35221.7,0.5906,0.5425,145.3,96.4,0.544
99.66,32020.9,35035.0,0.0932,0.0839,145.3,96.4,0.544
99.68,32067.1,35062.3,0.3162,0.1511,145.3,96.4,0.544
99.7,32102.3,35067.7,0.4865,0.1642,145.3,96.4,0.544
99.72,31916.6,34948.6,-0.4114,-0.1282,145.3,96.4,0.544
99.74,31828.6,34825.7,-0.837,-0.4301,145.3,96.4,0.544
99.76,31912.3,34739.3,-0.4322,-0.6423,145.3,96.4,0.544
99.78,31861.4,34674.6,-0.6784,-0.8013,145.3,96.4,0.544
99.8,31908.7,34623.2,-0.4499,-0.9276,145.3,96.4,0.544
99.82,31811.5,34615.2,-0.9199,-0.9471,145.3,96.4,0.544
99.84,31786.9,34527.9,-1.039,-1.1617,145.3,96.4,0.544
99.86,31794.2,34449.0,-1.0034,-1.3554,145.3,96.4,0.544
99.88,31735.8,34466.2,-1.2862,-1.3132,145.3,96.4,0.544
99.9,31759.5,34561.9,-1.1716,-1.0781,145.3,96.4,0.544
99.92,31876.5,34884.9,-0.6056,-0.2848,145.3,96.4,0.544
99.94,32133.4,35263.9,0.6371,0.6462,145.3,96.4,0.544
99.96,32247.2,35610.9,1.1873,1.4987,145.3,96.4,0.544
99.98,32344.6,35671.1,1.6586,1.6464,145.3,96.4,0.544
100.0,32297.9,35769.0,1.4329,1.8868,145.3,96.4,0.544
100.02,32277.0,35575.7,1.3319,1.412,145.3,96.4,0.544
100.04,32103.9,35421.1,0.4944,1.0325,145.3,96.4,0.544
100.06,32132.6,35140.0,0.6335,0.3419,145.3,96.4,0.544
100.08,32074.7,35103.1,0.3532,0.2513,145.3,96.4,0.544
100.1,32052.9,35137.5,0.2475,0.3357,145.3,96.4,0.544
100.12,31955.5,35129.9,-0.2234,0.3172,145.3,96.4,0.544
100.14,31956.6,34853.9,-0.218,-0.3608,145.3,96.4,0.544
100.16,31919.2,34812.1,-0.3991,-0.4636,145.3,96.4,0.544
100.18,31918.8,34685.9,-0.4011,-0.7734,145.3,96.4,0.544
100.2,31843.8,34653.7,-0.7638,-0.8525,145.3,96.4,0.544
100.22,31781.2,34737.8,-1.0666,-0.6462,145.3,96.4,0.544
100.24,31778.7,34587.5,-1.0784,-1.0152,145.3,96.4,0.544
100.26,31834.0,34524.6,-0.8111,-1.1696,145.3,96.4,0.544
100.28,31770.8,34487.0,-1.1166,-1.2621,145.3,96.4,0.544
100.3,31699.5,34532.2,-1.4619,-1.1512,145.3,96.4,0.544
100.32,31876.0,34663.3,-0.608,-0.8291,145.3,96.4,0.544
100.34,31924.3,35021.9,-0.3743,0.0517,145.3,96.4,0.544
100.36,32191.9,35355.2,0.92,0.8706,145.3,96.4,0.544
100.38,32367.8,35605.8,1.7707,1.486,145.3,96.4,0.544
100.4,32418.1,35668.3,2.014,1.6396,145.3,96.4,0.544
100.42,32253.9,35658.5,1.2197,1.6156,145.3,96.4,0.544
100.44,32319.8,35461.1,1.5385,1.1306,145.3,96.4,0.544
100.46,32057.0,35343.6,0.2674,0.8421,145.3,96.4,0.544
100.48,32049.8,35092.7,0.2327,0.2257,145.3,96.4,0.544
100.5,32094.0,35058.3,0.4463,0.1412,145.3,96.4,0.544
100.52,32044.6,35046.3,0.2076,0.1118,145.3,96.4,0.544
100.54,31965.4,34930.1,-0.1754,-0.1737,145.3,96.4,0.544
100.56,31980.3,34743.5,-0.1035,-0.6319,145.3,96.4,0.544
100.58,31904.0,34706.2,-0.4723,-0.7236,145.3,96.4,0.544
100.6,31827.5,34646.3,-0.8427,-0.8708,145.3,96.4,0.544
100.62,31806.1,34631.6,-0.9459,-0.907,145.3,96.4,0.544
100.64,31873.7,34611.6,-0.6189,-0.9561,145.3,96.4,0.544
100.66,31741.7,34488.2,-1.2573,-1.2593,145.3,96.4,0.544
100.68,31794.2,34520.7,-1.0035,-1.1792,145.3,96.4,0.544
100.7,31714.3,34412.4,-1.3903,-1.4452,145.3,96.4,0.544
100.72,31664.5,34543.5,-1.6308,-1.1233,145.3,96.4,0.544
100.74,32003.8,34725.6,0.0103,-0.676,145.3,96.4,0.544
100.76,32038.1,35127.4,0.1761,0.3109,145.3,96.4,0.544
100.78,32300.2,35581.7,1.4439,1.4269,145.3,96.4,0.544
100.8,32272.0,35701.4,1.3077,1.721,145.3,96.4,0.544
100.82,32364.1,35818.2,1.7528,2.0077,145.3,96.4,0.544
100.84,32186.9,35596.6,0.8959,1.4635,145.3,96.4,0.544
100.86,32263.4,35365.4,1.2658,0.8957,145.3,96.4,0.544
100.88,32194.4,35253.8,0.9322,0.6213,145.3,96.4,0.544
100.9,32096.3,35113.7,0.4578,0.2773,145.3,96.4,0.544
100.92,32099.1,35023.8,0.471,0.0565,145.3,96.4,0.544
100.94,31995.5,35057.8,-0.03,0.1401,145.3,96.4,0.544
100.96,32041.9,34876.1,0.1945,-0.3063,145.3,96.4,0.544
100.98,31977.8,34826.5,-0.1155,-0.4282,145.3,96.4,0.544
101.0,31849.5,34714.9,-0.736,-0.7022,145.3,96.4,0.544
101.02,31818.0,34596.2,-0.8884,-0.9938,145.3,96.4,0.544
101.04,31809.8,34722.2,-0.9282,-0.6843,145.3,96.4,0.544
101.06,31809.8,34713.4,-0.9279,-0.7059,145.3,96.4,0.544
101.08,31735.7,34567.5,-1.2866,-1.0643,145.3,96.4,0.544
101.1,31757.8,34394.6,-1.1797,-1.4891,145.3,96.4,0.544
101.12,31719.8,34515.4,-1.3635,-1.1922,145.3,96.4,0.544
101.14,31810.6,34605.6,-0.9242,-0.9707,145.3,96.4,0.544
101.16,31927.5,34833.8,-0.359,-0.4102,145.3,96.4,0.544
101.18,32120.9,35242.6,0.5767,0.5938,145.3,96.4,0.544
101.2,32265.6,35572.6,1.2767,1.4046,145.3,96.4,0.544
101.22,32284.7,35706.0,1.3689,1.7321,145.3,96.4,0.544
101.24,32407.5,35734.3,1.9629,1.8016,145.3,96.4,0.544
101.26,32356.0,35528.5,1.714,1.2961,145.3,96.4,0.544
101.28,32113.8,35300.6,0.5424,0.7364,145.3,96.4,0.544
101.3,32134.9,35197.6,0.6444,0.4833,145.3,96.4,0.544
101.32,32098.7,35132.8,0.4694,0.3243,145.3,96.4,0.544
101.34,31934.1,34987.8,-0.3269,-0.0319,145.3,96.4,0.544
101.36,32013.9,34965.4,0.0593,-0.0869,145.3,96.4,0.544
101.38,31883.1,34894.1,-0.5736,-0.2622,145.3,96.4,0.544
101.4,31847.4,34800.3,-0.7461,-0.4925,145.3,96.4,0.544
101.42,31864.6,34760.6,-0.6631,-0.59,145.3,96.4,0.544
101.44,31911.3,34712.5,-0.4371,-0.7083,145.3,96.4,0.544
101.46,31795.5,34664.0,-0.9973,-0.8272,145.3,96.4,0.544
101.48,31731.9,34581.1,-1.305,-1.031,145.3,96.4,0.544
101.5,31824.2,34555.3,-0.8585,-1.0944,145.3,96.4,0.544
101.52,31709.4,34397.6,-1.4136,-1.4818,145.3,96.4,0.544
101.54,31773.6,34470.5,-1.1033,-1.3026,145.3,96.4,0.544
101.56,31816.6,34643.8,-0.8954,-0.8768,145.3,96.4,0.544
101.58,32083.5,35052.3,0.3959,0.1265,145.3,96.4,0.544
101.6,32121.9,35426.6,0.5816,1.0458,145.3,96.4,0.544
101.62,32376.4,35614.6,1.8127,1.5076,145.3,96.4,0.544
101.64,32344.5,35763.2,1.6584,1.8728,145.3,96.4,0.544
101.66,32375.8,35683.0,1.8095,1.6758,145.3,96.4,0.544
101.68,32254.9,35429.4,1.2249,1.0529,145.3,96.4,0.544
101.7,32156.1,35306.9,0.7468,0.7519,145.3,96.4,0.544
101.72,32124.4,35130.4,0.5937,0.3183,145.3,96.4,0.544
101.74,32122.4,35198.0,0.5838,0.4842,145.3,96.4,0.544
101.76,32037.4,35058.1,0.1728,0.1408,145.3,96.4,0.544
101.78,31919.2,34968.0,-0.3992,-0.0807,145.3,96.4,0.544
101.8,31908.7,34903.6,-0.4497,-0.2387,145.3,96.4,0.544
101.82,31862.6,34740.0,-0.6727,-0.6408,145.3,96.4,0.544
101.84,31897.6,34629.6,-0.5033,-0.9118,145.3,96.4,0.544
101.86,31695.5,34670.5,-1.4812,-0.8114,145.3,96.4,0.544
101.88,31830.1,34721.9,-0.8301,-0.685,145.3,96.4,0.544
101.9,31676.2,34547.8,-1.5744,-1.1127,145.3,96.4,0.544
101.92,31777.9,34549.9,-1.0826,-1.1075,145.3,96.4,0.544
101.94,31709.0,34409.1,-1.4156,-1.4534,145.3,96.4,0.544
101.96,31753.8,34638.3,-1.199,-0.8904,145.3,96.4,0.544
101.98,31879.7,34738.1,-0.59,-0.6453,145.3,96.4,0.544
102.0,32150.2,35074.3,0.7185,0.1805,145.3,96.4,0.544
102.02,32251.6,35577.3,1.2089,1.4161,145.3,96.4,0.544
102.04,32398.8,35689.3,1.9207,1.6912,145.3,96.4,0.544
102.06,32353.5,35740.6,1.7017,1.8172,145.3,96.4,0.544
102.08,32347.9,35550.6,1.6745,1.3504,145.3,96.4,0.544
102.1,32278.3,35414.3,1.338,1.0157,145.3,96.4,0.544
102.12,32109.3,35291.4,0.5207,0.7138,145.3,96.4,0.544
102.14,32072.3,35153.7,0.3415,0.3755,145.3,96.4,0.544
102.16,32113.0,35020.1,0.5383,0.0475,145.3,96.4,0.544
102.18,31918.4,35129.4,-0.403,0.316,145.3,96.4,0.544
102.2,31919.2,34867.2,-0.399,-0.3282,145.3,96.4,0.544
102.22,31954.3,34822.4,-0.2292,-0.4382,145.3,96.4,0.544
102.24,31886.1,34725.1,-0.5589,-0.6773,145.3,96.4,0.544
102.26,31806.8,34682.6,-0.9428,-0.7817,145.3,96.4,0.544
102.28,31866.3,34692.8,-0.6547,-0.7567,145.3,96.4,0.544
102.3,31776.6,34647.8,-1.0888,-0.867,145.3,96.4,0.544
102.32,31820.5,34554.3,-0.8764,-1.0968,145.3,96.4,0.544
102.34,31768.5,34409.2,-1.1278,-1.4531,145.3,96.4,0.544
102.36,31722.3,34560.4,-1.3515,-1.0819,145.3,96.4,0.544
102.38,31828.7,34520.8,-0.837,-1.1792,145.3,96.4,0.544
102.4,31985.5,34930.5,-0.0785,-0.1728,145.3,96.4,0.544
102.42,32159.7,35278.0,0.7645,0.6808,145.3,96.4,0.544
102.44,32295.0,35607.4,1.4187,1.49,145.3,96.4,0.544
102.46,32281.4,35711.7,1.3532,1.7463,145.3,96.4,0.544
102.48,32400.2,35706.7,1.9274,1.734,145.3,96.4,0.544
102.5,32223.9,35535.1,1.075,1.3124,145.3,96.4,0.544
102.52,32147.1,35356.1,0.7033,0.8727,145.3,96.4,0.544
102.54,32157.0,35109.8,0.7512,0.2677,145.3,96.4,0.544
102.56,32135.7,35064.2,0.6484,0.1556,145.3,96.4,0.544
102.58,32032.7,35075.4,0.1498,0.1833,145.3,96.4,0.544
102.6,31987.3,34851.3,-0.0698,-0.3672,145.3,96.4,0.544
102.62,31917.2,34855.7,-0.4087,-0.3563,145.3,96.4,0.544
102.64,31846.9,34825.5,-0.7489,-0.4306,145.3,96.4,0.544
102.66,31846.7,34688.7,-0.7498,-0.7667,145.3,96.4,0.544
102.68,31784.4,34595.2,-1.051,-0.9962,145.3,96.4,0.544
102.7,31810.3,34741.9,-0.9258,-0.636,145.3,96.4,0.544
102.72,31770.7,34630.4,-1.1173,-0.9098,145.3,96.4,0.544
102.74,31783.6,34550.2,-1.055,-1.1067,145.3,96.4,0.544
102.76,31646.2,34480.0,-1.7195,-1.2792,145.3,96.4,0.544
102.78,31755.5,34454.3,-1.1907,-1.3424,145.3,96.4,0.544
102.8,31846.7,34671.2,-0.7496,-0.8096,145.3,96.4,0.544
102.82,32005.7,35064.8,0.0194,0.1571,145.3,96.4,0.544
102.84,32176.7,35411.5,0.8466,1.0087,145.3,96.4,0.544
102.86,32333.3,35611.8,1.6041,1.5008,145.3,96.4,0.544
102.88,32420.4,35748.6,2.0255,1.8367,145.3,96.4,0.544
102.9,32338.1,35655.9,1.6274,1.6092,145.3,96.4,0.544
102.92,32195.5,35548.3,0.9376,1.3448,145.3,96.4,0.544
102.94,32226.8,35244.1,1.0888,0.5977,145.3,96.4,0.544
102.96,32083.7,35160.5,0.3967,0.3923,145.3,96.4,0.544
102.98,31985.2,35055.4,-0.0796,0.1341,145.3,96.4,0.544
103.0,31986.7,35108.2,-0.0723,0.2639,145.3,96.4,0.544
103.02,32049.7,34962.2,0.2322,-0.0948,145.3,96.4,0.544
103.04,31908.0,34785.4,-0.4533,-0.5292,145.3,96.4,0.544
103.06,31800.1,34829.7,-0.9753,-0.4203,145.3,96.4,0.544
103.08,31873.2,34645.9,-0.6215,-0.8718,145.3,96.4,0.544
103.1,31905.9,34630.4,-0.4634,-0.9098,145.3,96.4,0.544
103.12,31804.6,34587.7,-0.9533,-1.0147,145.3,96.4,0.544
103.14,31805.5,34576.4,-0.9492,-1.0426,145.3,96.4,0.544
103.16,31857.5,34519.3,-0.6976,-1.1826,145.3,96.4,0.544
103.18,31735.4,34447.9,-1.2878,-1.3581,145.3,96.4,0.544
103.2,31781.1,34585.8,-1.0669,-1.0195,145.3,96.4,0.544
103.22,31914.3,34822.1,-0.4225,-0.4391,145.3,96.4,0.544
103.24,32176.2,35285.5,0.8443,0.6992,145.3,96.4,0.544
103.26,32269.4,35629.1,1.2948,1.5433,145.3,96.4,0.544
103.28,32338.1,35792.0,1.6275,1.9433,145.3,96.4,0.544
103.3,32325.1,35700.2,1.5644,1.7179,145.3,96.4,0.544
103.32,32236.8,35551.0,1.1374,1.3515,145.3,96.4,0.544
103.34,32159.3,35340.6,0.7624,0.8345,145.3,96.4,0.544
103.36,32098.1,35232.5,0.4663,0.569,145.3,96.4,0.544
103.38,32047.5,35114.0,0.2216,0.2781,145.3,96.4,0.544
103.4,32002.1,34985.3,0.0019,-0.038,145.3,96.4,0.544
103.42,31988.7,35003.8,-0.063,0.0074,145.3,96.4,0.544
103.44,31908.9,34865.4,-0.4487,-0.3325,145.3,96.4,0.544
103.46,31941.5,34807.1,-0.291,-0.4759,145.3,96.4,0.544
103.48,31820.4,34682.7,-0.8769,-0.7814,145.3,96.4,0.544
103.5,31835.8,34718.3,-0.8025,-0.694,145.3,96.4,0.544
103.52,31893.5,34602.1,-0.5232,-0.9794,145.3,96.4,0.544
103.54,31780.7,34675.4,-1.0688,-0.7993,145.3,96.4,0.544
103.56,31772.2,34554.0,-1.1098,-1.0976,145.3,96.4,0.544
103.58,31723.6,34552.9,-1.345,-1.1003,145.3,96.4,0.544
103.6,31689.0,34353.7,-1.5125,-1.5895,145.3,96.4,0.544
103.62,31864.4,34507.5,-0.6639,-1.2117,145.3,96.4,0.544
103.64,31986.3,34988.8,-0.0743,-0.0294,145.3,96.4,0.544
103.66,32123.8,35366.6,0.5906,0.8985,145.3,96.4,0.544
103.68,32237.8,35643.8,1.1421,1.5795,145.3,96.4,0.544
103.7,32489.5,35711.0,2.3597,1.7446,145.3,96.4,0.544
103.72,32382.8,35741.0,1.8433,1.8183,145.3,96.4,0.544
103.74,32314.9,35534.2,1.5151,1.3102,145.3,96.4,0.544
103.76,32245.9,35274.5,1.1811,0.6724,145.3,96.4,0.544
103.78,32109.3,35117.3,0.5206,0.2861,145.3,96.4,0.544
103.8,32133.1,35023.8,0.6357,0.0565,145.3,96.4,0.544
103.82,32009.1,35109.7,0.0358,0.2675,145.3,96.4,0.544
103.84,32005.8,34924.3,0.0197,-0.188,145.3,96.4,0.544
103.86,31933.6,34862.9,-0.3291,-0.3388,145.3,96.4,0.544
103.88,31915.6,34774.4,-0.4162,-0.5563,145.3,96.4,0.544
103.9,31911.4,34637.9,-0.4365,-0.8914,145.3,96.4,0.544
103.92,31909.0,34688.4,-0.4482,-0.7675,145.3,96.4,0.544
103.94,31786.8,34595.2,-1.0396,-0.9963,145.3,96.4,0.544
103.96,31833.1,34534.9,-0.8156,-1.1445,145.3,96.4,0.544
103.98,31726.6,34466.5,-1.3305,-1.3123,145.3,96.4,0.544
104.0,31723.9,34437.2,-1.3437,-1.3843,145.3,96.4,0.544
104.02,31738.6,34563.0,-1.2726,-1.0754,145.3,96.4,0.544
104.04,31928.2,34780.0,-0.3556,-0.5425,145.3,96.4,0.544
104.06,32029.2,35045.3,0.1331,0.1092,145.3,96.4,0.544
104.08,32216.6,35517.5,1.0395,1.2692,145.3,96.4,0.544
104.1,32366.2,35710.3,1.763,1.7426,145.3,96.4,0.544
104.12,32381.2,35761.9,1.8356,1.8694,145.3,96.4,0.544
104.14,32369.4,35675.9,1.7786,1.6582,145.3,96.4,0.544
104.16,32172.4,35533.3,0.8258,1.3079,145.3,96.4,0.544
104.18,32173.5,35320.8,0.8313,0.786,145.3,96.4,0.544
104.2,32117.9,35197.1,0.5619,0.4822,145.3,96.4,0.544
104.22,32028.6,35145.1,0.1301,0.3544,145.3,96.4,0.544
104.24,32073.5,35051.2,0.3475,0.1237,145.3,96.4,0.544
104.26,31948.7,34951.1,-0.2562,-0.122,145.3,96.4,0.544
104.28,31931.2,34782.2,-0.3411,-0.5369,145.3,96.4,0.544
104.3,31897.0,34738.7,-0.5066,-0.6439,145.3,96.4,0.544
104.32,31803.6,34720.0,-0.958,-0.6896,145.3,96.4,0.544
104.34,31848.7,34673.3,-0.7399,-0.8043,145.3,96.4,0.544
104.36,31689.3,34573.0,-1.5108,-1.0509,145.3,96.4,0.544
104.38,31750.2,34517.2,-1.2166,-1.188,145.3,96.4,0.544
104.4,31704.7,34474.3,-1.4366,-1.2933,145.3,96.4,0.544
104.42,31645.1,34524.1,-1.725,-1.171,145.3,96.4,0.544
104.44,31744.0,34484.9,-1.2464,-1.2671,145.3,96.4,0.544
104.46,31896.4,34799.0,-0.5092,-0.4957,145.3,96.4,0.544
104.48,32162.8,35192.9,0.7792,0.4717,145.3,96.4,0.544
104.5,32246.5,35493.3,1.1839,1.2098,145.3,96.4,0.544
104.52,32530.8,35764.6,2.5592,1.8761,145.3,96.4,0.544
104.54,32424.9,35793.7,2.0471,1.9477,145.3,96.4,0.544
104.56,32331.0,35573.0,1.593,1.4054,145.3,96.4,0.544
104.58,32148.5,35435.9,0.7103,1.0686,145.3,96.4,0.544
104.6,32038.8,35170.5,0.1794,0.4169,145.3,96.4,0.544
104.62,32143.0,35174.7,0.6834,0.4271,145.3,96.4,0.544
104.64,32058.1,35135.4,0.2728,0.3307,145.3,96.4,0.544
104.66,31967.9,35073.8,-0.1633,0.1794,145.3,96.4,0.544
104.68,32007.3,34870.2,0.0271,-0.3207,145.3,96.4,0.544
104.7,31909.4,34882.7,-0.4465,-0.2901,145.3,96.4,0.544
104.72,31906.9,34659.7,-0.4587,-0.8379,145.3,96.4,0.544
104.74,31771.7,34673.0,-1.1126,-0.8051,145.3,96.4,0.544
104.76,31792.1,34710.4,-1.0136,-0.7133,145.3,96.4,0.544
104.78,31855.2,34612.9,-0.7087,-0.9529,145.3,96.4,0.544
104.8,31712.8,34528.4,-1.3973,-1.1605,145.3,96.4,0.544
104.82,31742.6,34566.6,-1.2532,-1.0666,145.3,96.4,0.544
104.84,31710.5,34385.8,-1.4087,-1.5106,145.3,96.4,0.544
104.86,31745.0,34663.6,-1.2418,-0.8283,145.3,96.4,0.544
104.88,32031.9,34937.6,0.1464,-0.1552,145.3,96.4,0.544
104.9,32251.8,35278.9,1.2099,0.6831,145.3,96.4,0.544
104.92,32367.2,35679.4,1.7682,1.6668,145.3,96.4,0.544
104.94,32306.9,35745.0,1.4765,1.828,145.3,96.4,0.544
104.96,32299.3,35671.0,1.4394,1.6462,145.3,96.4,0.544
104.98,32259.9,35481.9,1.2491,1.1818,145.3,96.4,0.544
105.0,32057.6,35311.7,0.2705,0.7636,145.3,96.4,0.544
105.02,32014.1,35245.1,0.0603,0.6,145.3,96.4,0.544
105.04,32122.1,35038.7,0.5823,0.0932,145.3,96.4,0.544
105.06,32082.7,34984.7,0.3919,-0.0396,145.3,96.4,0.544
105.08,32073.8,34877.4,0.349,-0.3033,145.3,96.4,0.544
105.1,31963.4,34837.4,-0.185,-0.4015,145.3,96.4,0.544
105.12,31911.1,34733.7,-0.4383,-0.656,145.3,96.4,0.544
105.14,31903.7,34674.0,-0.4738,-0.8027,145.3,96.4,0.544
105.16,31826.4,34741.6,-0.8478,-0.6367,145.3,96.4,0.544
105.18,31824.3,34592.5,-0.8582,-1.003,145.3,96.4,0.544
105.2,31744.3,34672.7,-1.2452,-0.806,145.3,96.4,0.544
105.22,31693.5,34559.5,-1.4907,-1.084,145.3,96.4,0.544
105.24,31671.1,34429.9,-1.5992,-1.4024,145.3,96.4,0.544
105.26,31745.4,34464.8,-1.2397,-1.3166,145.3,96.4,0.544
105.28,31887.6,34795.5,-0.5519,-0.5043,145.3,96.4,0.544
105.3,31985.3,35046.5,-0.0795,0.1122,145.3,96.4,0.544
105.32,32284.1,35494.9,1.3663,1.2136,145.3,96.4,0.544
105.34,32400.1,35582.3,1.927,1.4282,145.3,96.4,0.544
105.36,32476.4,35773.0,2.2961,1.8967,145.3,96.4,0.544
105.38,32342.1,35715.5,1.6467,1.7556,145.3,96.4,0.544
105.4,32250.7,35455.0,1.2043,1.1157,145.3,96.4,0.544
105.42,32120.1,35237.1,0.5727,0.5805,145.3,96.4,0.544
105.44,32040.6,35245.0,0.1883,0.5999,145.3,96.4,0.544
105.46,32033.7,35047.8,0.1549,0.1154,145.3,96.4,0.544
105.48,32111.1,35038.8,0.5293,0.0934,145.3,96.4,0.544
105.5,32001.6,34953.5,-0.0004,-0.1161,145.3,96.4,0.544
105.52,31963.9,34856.6,-0.1828,-0.3541,145.3,96.4,0.544
105.54,31809.8,34693.3,-0.9282,-0.7554,145.3,96.4,0.544
105.56,31895.7,34654.2,-0.5128,-0.8514,145.3,96.4,0.544
105.58,31864.8,34671.6,-0.6622,-0.8086,145.3,96.4,0.544
105.6,31775.7,34652.3,-1.0932,-0.856,145.3,96.4,0.544
105.62,31807.3,34508.3,-0.9405,-1.2098,145.3,96.4,0.544
105.64,31791.6,34529.0,-1.0162,-1.159,145.3,96.4,0.544
105.66,31714.1,34422.3,-1.3909,-1.4211,145.3,96.4,0.544
105.68,31685.6,34487.1,-1.5291,-1.2619,145.3,96.4,0.544
105.7,31982.0,34849.7,-0.0952,-0.3711,145.3,96.4,0.544
105.72,32061.9,35236.2,0.2913,0.5781,145.3,96.4,0.544
105.74,32208.3,35627.1,0.9994,1.5384,145.3,96.4,0.544
105.76,32420.4,35714.1,2.0255,1.7521,145.3,96.4,0.544
105.78,32402.3,35737.4,1.938,1.8094,145.3,96.4,0.544
105.8,32239.8,35538.4,1.1517,1.3204,145.3,96.4,0.544
105.82,32195.0,35342.5,0.9349,0.8392,145.3,96.4,0.544
105.84,32099.8,35122.6,0.4746,0.2992,145.3,96.4,0.544
105.86,32017.9,35103.5,0.0785,0.2522,145.3,96.4,0.544
105.88,32097.6,35041.5,0.4641,0.0999,145.3,96.4,0.544
105.9,32087.7,35009.8,0.4161,0.0221,145.3,96.4,0.544
105.92,31873.5,34888.0,-0.6199,-0.277,145.3,96.4,0.544
105.94,31919.5,34765.3,-0.3976,-0.5785,145.3,96.4,0.544
105.96,31808.4,34706.4,-0.9352,-0.7232,145.3,96.4,0.544
105.98,31914.3,34691.2,-0.4227,-0.7606,145.3,96.4,0.544
106.0,31841.2,34642.7,-0.7762,-0.8796,145.3,96.4,0.544
106.02,31861.8,34628.3,-0.6766,-0.9149,145.3,96.4,0.544
106.04,31747.2,34462.8,-1.2311,-1.3214,145.3,96.4,0.544
106.06,31618.8,34426.3,-1.852,-1.4112,145.3,96.4,0.544
106.08,31843.7,34470.8,-0.7642,-1.3019,145.3,96.4,0.544
106.1,31794.1,34677.2,-1.0042,-0.7949,145.3,96.4,0.544
106.12,31953.5,35035.8,-0.2332,0.086,145.3,96.4,0.544
106.14,32217.4,35333.1,1.0434,0.8163,145.3,96.4,0.544
106.16,32201.5,35604.1,0.9667,1.4818,145.3,96.4,0.544
106.18,32418.4,35720.3,2.0155,1.7674,145.3,96.4,0.544
106.2,32370.3,35675.5,1.7829,1.6573,145.3,96.4,0.544
106.22,32233.3,35505.2,1.1205,1.239,145.3,96.4,0.544
106.24,32169.8,35356.4,0.8131,0.8734,145.3,96.4,0.544
106.26,32141.7,35199.0,0.6774,0.4868,145.3,96.4,0.544
106.28,31969.7,35076.1,-0.1549,0.185,145.3,96.4,0.544
106.3,31994.7,35059.6,-0.0337,0.1445,145.3,96.4,0.544
106.32,31963.1,34967.4,-0.1864,-0.082,145.3,96.4,0.544
106.34,31812.5,34796.8,-0.9149,-0.501,145.3,96.4,0.544
106.36,31845.5,34775.3,-0.7553,-0.5539,145.3,96.4,0.544
106.38,31837.5,34688.5,-0.7941,-0.7671,145.3,96.4,0.544
106.4,31799.9,34667.9,-0.976,-0.8177,145.3,96.4,0.544
106.42,31785.1,34595.9,-1.0478,-0.9947,145.3,96.4,0.544
106.44,31804.2,34524.1,-0.9553,-1.171,145.3,96.4,0.544
106.46,31785.7,34448.2,-1.0446,-1.3575,145.3,96.4,0.544
106.48,31713.9,34460.7,-1.3922,-1.3268,145.3,96.4,0.544
106.5,31895.4,34468.7,-0.5141,-1.3071,145.3,96.4,0.544
106.52,31900.8,34687.8,-0.4878,-0.7688,145.3,96.4,0.544
106.54,32051.2,35170.2,0.2396,0.416,145.3,96.4,0.544
106.56,32426.0,35419.2,2.0526,1.0277,145.3,96.4,0.544
106.58,32295.6,35756.9,1.4218,1.8572,145.3,96.4,0.544
106.6,32367.5,35797.0,1.7695,1.9557,145.3,96.4,0.544
106.62,32331.4,35644.3,1.5948,1.5807,145.3,96.4,0.544
106.64,32237.9,35374.6,1.1424,0.9181,145.3,96.4,0.544
106.66,32131.9,35256.4,0.6297,0.6279,145.3,96.4,0.544
106.68,32073.4,35076.2,0.3469,0.1852,145.3,96.4,0.544
106.7,32016.0,35094.2,0.0693,0.2294,145.3,96.4,0.544
106.72,31974.4,35095.1,-0.1322,0.2317,145.3,96.4,0.544
106.74,31978.2,34962.2,-0.1134,-0.0948,145.3,96.4,0.544
106.76,31933.1,34875.1,-0.3319,-0.3087,145.3,96.4,0.544
106.78,31937.8,34688.5,-0.3089,-0.7672,145.3,96.4,0.544
106.8,31818.6,34679.3,-0.8856,-0.7898,145.3,96.4,0.544
106.82,31850.1,34667.6,-0.7332,-0.8184,145.3,96.4,0.544
106.84,31735.2,34610.5,-1.2892,-0.9587,145.3,96.4,0.544
106.86,31712.5,34613.3,-1.399,-0.9518,145.3,96.4,0.544
106.88,31648.6,34504.2,-1.7077,-1.2199,145.3,96.4,0.544
106.9,31733.4,34514.6,-1.2979,-1.1943,145.3,96.4,0.544
106.92,31784.6,34533.8,-1.0499,-1.1472,145.3,96.4,0.544
106.94,31932.5,34840.0,-0.3349,-0.395,145.3,96.4,0.544
106.96,32141.7,35203.6,0.6775,0.4982,145.3,96.4,0.544
106.98,32268.3,35663.4,1.2899,1.6274,145.3,96.4,0.544
107.0,32482.3,35745.9,2.3247,1.8303,145.3,96.4,0.544
107.02,32312.6,35727.7,1.5038,1.7854,145.3,96.4,0.544
107.04,32259.2,35565.3,1.2454,1.3865,145.3,96.4,0.544
107.06,32211.2,35266.7,1.0134,0.6531,145.3,96.4,0.544
107.08,32066.6,35240.4,0.3139,0.5886,145.3,96.4,0.544
107.1,32007.2,35053.7,0.0269,0.1299,145.3,96.4,0.544
107.12,32004.9,35023.1,0.0157,0.0547,145.3,96.4,0.544
107.14,31948.8,34975.3,-0.2556,-0.0626,145.3,96.4,0.544
107.16,31962.7,34908.5,-0.1886,-0.2267,145.3,96.4,0.544
107.18,31888.2,34730.7,-0.5491,-0.6636,145.3,96.4,0.544
107.2,31904.7,34736.6,-0.469,-0.649,145.3,96.4,0.544
107.22,31810.5,34649.8,-0.9246,-0.8622,145.3,96.4,0.544
107.24,31791.3,34606.4,-1.0175,-0.9687,145.3,96.4,0.544
107.26,31777.1,34627.9,-1.0863,-0.916,145.3,96.4,0.544
107.28,31740.7,34440.9,-1.2623,-1.3753,145.3,96.4,0.544
107.3,31711.8,34315.9,-1.4021,-1.6824,145.3,96.4,0.544
107.32,31666.0,34512.0,-1.6237,-1.2006,145.3,96.4,0.544
107.34,31848.5,34736.0,-0.7408,-0.6505,145.3,96.4,0.544
107.36,31982.6,34945.0,-0.0924,-0.1371,145.3,96.4,0.544
107.38,32270.5,35337.1,1.3001,0.8259,145.3,96.4,0.544
107.4,32364.8,35589.0,1.7566,1.4447,145.3,96.4,0.544
107.42,32420.7,35791.3,2.0268,1.9416,145.3,96.4,0.544
107.44,32387.5,35637.4,1.8664,1.5636,145.3,96.4,0.544
107.46,32173.3,35521.2,0.8302,1.2782,145.3,96.4,0.544
107.48,32174.5,35247.3,0.8358,0.6055,145.3,96.4,0.544
107.5,32120.8,35242.0,0.576,0.5925,145.3,96.4,0.544
107.52,32041.9,35072.6,0.1947,0.1763,145.3,96.4,0.544
107.54,32045.0,35061.0,0.2096,0.1479,145.3,96.4,0.544
107.56,31989.4,35006.3,-0.0596,0.0135,145.3,96.4,0.544
107.58,31901.3,34873.8,-0.4857,-0.3121,145.3,96.4,0.544
107.6,31923.7,34684.4,-0.3775,-0.7773,145.3,96.4,0.544
107.62,31862.4,34711.4,-0.6735,-0.7108,145.3,96.4,0.544
107.64,31822.8,34601.8,-0.8653,-0.9801,145.3,96.4,0.544
107.66,31822.8,34691.9,-0.8651,-0.7588,145.3,96.4,0.544
107.68,31842.9,34474.4,-0.7679,-1.293,145.3,96.4,0.544
107.7,31749.0,34517.9,-1.2221,-1.1862,145.3,96.4,0.544
107.72,31748.2,34567.3,-1.2262,-1.0649,145.3,96.4,0.544
107.74,31686.5,34602.2,-1.5244,-0.9791,145.3,96.4,0.544
107.76,31818.5,34803.1,-0.8863,-0.4856,145.3,96.4,0.544
107.78,32100.7,35151.8,0.4789,0.3709,145.3,96.4,0.544
107.8,32232.9,35543.1,1.1182,1.332,145.3,96.4,0.544
107.82,32447.5,35777.9,2.1564,1.9087,145.3,96.4,0.544
107.84,32337.4,35790.0,1.6238,1.9386,145.3,96.4,0.544
107.86,32327.4,35568.4,1.5756,1.3941,145.3,96.4,0.544
107.88,32180.6,35412.2,0.8653,1.0106,145.3,96.4,0.544
107.9,32150.8,35246.0,0.7212,0.6022,145.3,96.4,0.544
107.92,32083.2,35112.6,0.3942,0.2746,145.3,96.4,0.544
107.94,31983.3,35128.1,-0.0888,0.3127,145.3,96.4,0.544
107.96,32107.1,34959.6,0.51,-0.1012,145.3,96.4,0.544
107.98,31929.6,34987.5,-0.3488,-0.0328,145.3,96.4,0.544
108.0,31842.0,34897.8,-0.7725,-0.2529,145.3,96.4,0.544
108.02,31935.1,34717.2,-0.3219,-0.6966,145.3,96.4,0.544
108.04,31830.6,34676.4,-0.8274,-0.7969,145.3,96.4,0.544
108.06,31774.4,34649.1,-1.0994,-0.864,145.3,96.4,0.544
108.08,31876.1,34720.7,-0.6077,-0.6882,145.3,96.4,0.544
108.1,31675.5,34566.2,-1.5776,-1.0676,145.3,96.4,0.544
108.12,31872.5,34517.6,-0.6248,-1.187,145.3,96.4,0.544
108.14,31716.0,34416.9,-1.382,-1.4344,145.3,96.4,0.544
108.16,31824.4,34583.7,-0.8577,-1.0245,145.3,96.4,0.544
108.18,31942.1,34945.5,-0.288,-0.1359,145.3,96.4,0.544
108.2,32206.5,35215.4,0.9906,0.5271,145.3,96.4,0.544
108.22,32217.5,35597.1,1.0438,1.4646,145.3,96.4,0.544
108.24,32385.7,35751.5,1.8575,1.8439,145.3,96.4,0.544
108.26,32347.0,35748.4,1.6702,1.8363,145.3,96.4,0.544
108.28,32271.1,35537.6,1.3033,1.3184,145.3,96.4,0.544
108.3,32169.9,35391.3,0.8137,0.9593,145.3,96.4,0.544
108.32,32130.4,35211.2,0.6227,0.5167,145.3,96.4,0.544
108.34,32117.1,35125.9,0.5582,0.3072,145.3,96.4,0.544
108.36,32003.2,35115.8,0.0074,0.2825,145.3,96.4,0.544
108.38,31995.0,35061.3,-0.0324,0.1486,145.3,96.4,0.544
108.4,31992.0,34890.5,-0.0468,-0.271,145.3,96.4,0.544
108.42,31988.2,34765.8,-0.0654,-0.5771,145.3,96.4,0.544
108.44,31859.2,34718.1,-0.6893,-0.6945,145.3,96.4,0.544
108.46,31756.4,34700.3,-1.1864,-0.7383,145.3,96.4,0.544
108.48,31815.7,34652.5,-0.8995,-0.8555,145.3,96.4,0.544
108.5,31771.2,34556.0,-1.1149,-1.0926,145.3,96.4,0.544
108.52,31776.7,34550.2,-1.0884,-1.1067,145.3,96.4,0.544
108.54,31725.5,34519.3,-1.336,-1.1827,145.3,96.4,0.544
108.56,31715.2,34490.3,-1.3858,-1.254,145.3,96.4,0.544
108.58,31867.5,34631.4,-0.6493,-0.9073,145.3,96.4,0.544
108.6,32020.9,34961.4,0.093,-0.0967,145.3,96.4,0.544
108.62,32184.6,35395.1,0.885,0.9685,145.3,96.4,0.544
108.64,32384.8,35725.9,1.853,1.7811,145.3,96.4,0.544
108.66,32376.4,35740.2,1.8125,1.8161,145.3,96.4,0.544
108.68,32297.3,35686.4,1.4298,1.6841,145.3,96.4,0.544
108.7,32289.0,35552.9,1.3899,1.356,145.3,96.4,0.544
108.72,32167.3,35310.3,0.8009,0.7603,145.3,96.4,0.544
108.74,32120.5,35190.3,0.5745,0.4655,145.3,96.4,0.544
108.76,32070.8,35103.6,0.3343,0.2524,145.3,96.4,0.544
108.78,32035.9,35001.2,0.1654,0.001,145.3,96.4,0.544
108.8,32086.2,34865.6,0.4088,-0.3321,145.3,96.4,0.544
108.82,31913.8,34908.9,-0.4253,-0.2258,145.3,96.4,0.544
108.84,31767.7,34725.2,-1.1319,-0.677,145.3,96.4,0.544
108.86,31860.0,34716.1,-0.6854,-0.6992,145.3,96.4,0.544
108.88,31748.6,34627.3,-1.224,-0.9174,145.3,96.4,0.544
108.9,31778.2,34669.1,-1.0811,-0.8148,145.3,96.4,0.544
108.92,31853.0,34547.1,-0.719,-1.1143,145.3,96.4,0.544
108.94,31756.1,34478.9,-1.188,-1.2819,145.3,96.4,0.544
108.96,31735.9,34524.4,-1.2857,-1.1703,145.3,96.4,0.544
108.98,31750.0,34589.9,-1.2175,-1.0094,145.3,96.4,0.544
109.0,31990.9,34797.4,-0.0522,-0.4996,145.3,96.4,0.544
109.02,32040.6,35196.0,0.1883,0.4793,145.3,96.4,0.544
109.04,32269.4,35507.0,1.295,1.2435,145.3,96.4,0.544
109.06,32259.6,35678.6,1.2477,1.6648,145.3,96.4,0.544
109.08,32485.2,35754.2,2.3386,1.8505,145.3,96.4,0.544
109.1,32317.0,35715.0,1.5249,1.7542,145.3,96.4,0.544
109.12,32222.1,35361.2,1.066,0.8853,145.3,96.4,0.544
109.14,32128.4,35192.9,0.6131,0.4719,145.3,96.4,0.544
109.16,32030.5,35103.4,0.1395,0.2519,145.3,96.4,0.544
109.18,32082.4,35017.7,0.3903,0.0414,145.3,96.4,0.544
109.2,32008.8,34947.6,0.0345,-0.1306,145.3,96.4,0.544
109.22,31958.9,34918.0,-0.2068,-0.2033,145.3,96.4,0.544
109.24,31991.0,34885.3,-0.0517,-0.2837,145.3,96.4,0.544
109.26,31789.9,34781.4,-1.0244,-0.5388,145.3,96.4,0.544
109.28,31886.1,34620.9,-0.5591,-0.9333,145.3,96.4,0.544
109.3,31801.9,34740.2,-0.9666,-0.64,145.3,96.4,0.544
109.32,31770.6,34559.0,-1.1178,-1.0852,145.3,96.4,0.544
109.34,31785.2,34517.2,-1.0473,-1.1879,145.3,96.4,0.544
109.36,31757.3,34510.9,-1.182,-1.2033,145.3,96.4,0.544
109.38,31757.9,34478.1,-1.1792,-1.2838,145.3,96.4,0.544
109.4,31775.7,34570.7,-1.0931,-1.0564,145.3,96.4,0.544
109.42,32006.2,34901.7,0.0217,-0.2434,145.3,96.4,0.544
109.44,32214.4,35178.0,1.029,0.4353,145.3,96.4,0.544
109.46,32287.1,35639.8,1.3807,1.5694,145.3,96.4,0.544
109.48,32373.0,35775.7,1.7958,1.9033,145.3,96.4,0.544
109.5,32425.4,35728.0,2.0495,1.7862,145.3,96.4,0.544
109.52,32395.9,35462.4,1.9068,1.1337,145.3,96.4,0.544
109.54,32150.2,35394.1,0.7186,0.9661,145.3,96.4,0.544
109.56,32033.2,35305.0,0.1524,0.7472,145.3,96.4,0.544
109.58,32140.0,35152.0,0.6689,0.3715,145.3,96.4,0.544
109.6,31985.9,35067.8,-0.0765,0.1645,145.3,96.4,0.544
109.62,32103.9,35026.1,0.4944,0.062,145.3,96.4,0.544
109.64,32041.2,34865.7,0.1911,-0.332,145.3,96.4,0.544
109.66,31920.4,34768.2,-0.393,-0.5714,145.3,96.4,0.544
109.68,31892.9,34629.2,-0.5264,-0.9127,145.3,96.4,0.544
109.7,31838.2,34712.7,-0.7906,-0.7077,145.3,96.4,0.544
109.72,31830.0,34693.5,-0.8303,-0.7549,145.3,96.4,0.544
109.74,31812.3,34641.7,-0.916,-0.882,145.3,96.4,0.544
109.76,31738.8,34496.5,-1.2718,-1.2387,145.3,96.4,0.544
109.78,31675.1,34429.6,-1.5796,-1.4031,145.3,96.4,0.544
109.8,31775.6,34551.6,-1.0934,-1.1035,145.3,96.4,0.544
109.82,31864.1,34732.9,-0.6654,-0.6581,145.3,96.4,0.544
109.84,32081.7,35026.3,0.3872,0.0625,145.3,96.4,0.544
109.86,32257.7,35423.7,1.2383,1.0388,145.3,96.4,0.544
109.88,32427.1,35707.0,2.0576,1.7347,145.3,96.4,0.544
109.9,32385.7,35705.6,1.8575,1.7313,145.3,96.4,0.544
109.92,32343.6,35642.7,1.6541,1.5767,145.3,96.4,0.544
109.94,32220.5,35430.5,1.0586,1.0556,145.3,96.4,0.544
109.96,32028.3,35199.8,0.1286,0.4888,145.3,96.4,0.544
109.98,32132.0,35141.2,0.6304,0.3448,145.3,96.4,0.544
110.0,32066.7,35076.5,0.3143,0.1859,145.3,96.4,0.544
110.02,31981.3,35046.1,-0.0984,0.1113,145.3,96.4,0.544
110.04,31930.1,35012.7,-0.3463,0.0292,145.3,96.4,0.544
110.06,31966.8,34894.0,-0.1688,-0.2623,145.3,96.4,0.544
110.08,31935.0,34786.1,-0.3224,-0.5274,145.3,96.4,0.544
110.1,31790.1,34713.0,-1.0233,-0.7069,145.3,96.4,0.544
110.12,31773.1,34672.2,-1.1054,-0.8072,145.3,96.4,0.544
110.14,31760.3,34735.3,-1.1675,-0.6521,145.3,96.4,0.544
110.16,31822.1,34621.3,-0.8688,-0.9323,145.3,96.4,0.544
110.18,31701.1,34536.8,-1.4538,-1.1396,145.3,96.4,0.544
110.2,31743.7,34447.5,-1.2479,-1.3592,145.3,96.4,0.544
110.22,31768.5,34572.6,-1.1279,-1.0518,145.3,96.4,0.544
110.24,31896.8,34925.3,-0.5075,-0.1856,145.3,96.4,0.544
110.26,32017.6,35085.4,0.0771,0.2078,145.3,96.4,0.544
110.28,32288.4,35497.3,1.3869,1.2196,145.3,96.4,0.544
110.3,32325.7,35648.5,1.5674,1.5911,145.3,96.4,0.544
110.32,32346.9,35746.5,1.6699,1.8317,145.3,96.4,0.544
110.34,32144.9,35568.7,0.6926,1.3949,145.3,96.4,0.544
110.36,32203.3,35344.8,0.9752,0.8449,145.3,96.4,0.544
110.38,32147.9,35182.1,0.7075,0.4452,145.3,96.4,0.544
110.4,32137.9,35133.5,0.659,0.3259,145.3,96.4,0.544
110.42,32051.6,35077.9,0.2416,0.1894,145.3,96.4,0.544
110.44,31999.9,35018.5,-0.0087,0.0435,145.3,96.4,0.544
110.46,31949.1,34885.5,-0.2545,-0.2832,145.3,96.4,0.544
110.48,31948.8,34781.3,-0.2556,-0.5393,145.3,96.4,0.544
110.5,31867.9,34775.3,-0.6471,-0.554,145.3,96.4,0.544
110.52,31848.0,34597.8,-0.7436,-0.9898,145.3,96.4,0.544
110.54,31708.4,34696.3,-1.4184,-0.748,145.3,96.4,0.544
110.56,31868.7,34633.4,-0.6434,-0.9024,145.3,96.4,0.544
110.58,31734.0,34655.8,-1.2947,-0.8474,145.3,96.4,0.544
110.6,31760.3,34460.7,-1.1675,-1.3266,145.3,96.4,0.544
110.62,31669.0,34406.1,-1.6092,-1.4607,145.3,96.4,0.544
110.64,31832.2,34576.0,-0.8199,-1.0434,145.3,96.4,0.544
110.66,31905.5,34901.9,-0.4653,-0.243,145.3,96.4,0.544
110.68,32163.5,35341.9,0.7826,0.8379,145.3,96.4,0.544
110.7,32274.0,35634.3,1.3171,1.556,145.3,96.4,0.544
110.72,32382.5,35772.3,1.8422,1.895,145.3,96.4,0.544
110.74,32304.0,35801.3,1.4623,1.9663,145.3,96.4,0.544
110.76,32233.5,35614.1,1.1213,1.5065,145.3,96.4,0.544
110.78,32249.0,35329.0,1.1962,0.8062,145.3,96.4,0.544
110.8,32161.1,35171.6,0.7709,0.4196,145.3,96.4,0.544
110.82,32155.4,35098.2,0.7434,0.2392,145.3,96.4,0.544
110.84,32095.9,35064.1,0.4557,0.1554,145.3,96.4,0.544
110.86,31983.4,34954.3,-0.0887,-0.1143,145.3,96.4,0.544
110.88,31859.6,34838.4,-0.687,-0.3989,145.3,96.4,0.544
110.9,31849.6,34786.3,-0.7357,-0.5269,145.3,96.4,0.544
110.92,31809.4,34628.1,-0.9302,-0.9154,145.3,96.4,0.544
110.94,31844.5,34612.2,-0.7601,-0.9546,145.3,96.4,0.544
110.96,31835.0,34733.2,-0.8061,-0.6574,145.3,96.4,0.544
110.98,31800.6,34627.2,-0.9728,-0.9177,145.3,96.4,0.544
111.0,31834.5,34440.0,-0.8087,-1.3775,145.3,96.4,0.544
111.02,31754.2,34450.1,-1.1969,-1.3528,145.3,96.4,0.544
111.04,31758.1,34546.1,-1.1782,-1.1169,145.3,96.4,0.544
111.06,31829.7,34713.4,-0.8321,-0.7059,145.3,96.4,0.544
111.08,31968.6,35106.5,-0.1598,0.2596,145.3,96.4,0.544
111.1,32225.8,35364.7,1.0838,0.8939,145.3,96.4,0.544
111.12,32290.0,35660.4,1.3948,1.6202,145.3,96.4,0.544
111.14,32344.9,35702.1,1.6602,1.7226,145.3,96.4,0.544
111.16,32331.8,35675.7,1.5966,1.6577,145.3,96.4,0.544
111.18,32223.2,35443.0,1.0713,1.0862,145.3,96.4,0.544
111.2,32122.2,35297.9,0.5831,0.7298,145.3,96.4,0.544
111.22,32076.8,35109.1,0.3634,0.266,145.3,96.4,0.544
111.24,32065.5,35075.9,0.3085,0.1843,145.3,96.4,0.544
111.26,32042.7,35001.1,0.1983,0.0006,145.3,96.4,0.544
111.28,31943.2,34934.4,-0.2831,-0.1632,145.3,96.4,0.544
111.3,31947.0,34901.1,-0.2644,-0.2449,145.3,96.4,0.544
111.32,31823.4,34745.3,-0.8625,-0.6275,145.3,96.4,0.544
111.34,31879.6,34641.4,-0.5906,-0.8829,145.3,96.4,0.544
111.36,31827.4,34646.1,-0.8431,-0.8712,145.3,96.4,0.544
111.38,31909.1,34585.2,-0.4481,-1.0208,145.3,96.4,0.544
111.4,31838.3,34548.3,-0.7905,-1.1115,145.3,96.4,0.544
111.42,31737.4,34488.1,-1.2786,-1.2593,145.3,96.4,0.544
111.44,31717.5,34570.5,-1.3747,-1.057,145.3,96.4,0.544
111.46,31779.3,34562.5,-1.0758,-1.0767,145.3,96.4,0.544
111.48,31863.9,34793.7,-0.6662,-0.5087,145.3,96.4,0.544
111.5,32083.8,35232.5,0.397,0.569,145.3,96.4,0.544
111.52,32313.0,35553.7,1.5056,1.3582,145.3,96.4,0.544
111.54,32470.9,35769.6,2.2696,1.8883,145.3,96.4,0.544
111.56,32448.8,35758.5,2.1625,1.8611,145.3,96.4,0.544
111.58,32325.6,35638.9,1.5668,1.5674,145.3,96.4,0.544
111.6,32203.1,35372.8,0.9742,0.9136,145.3,96.4,0.544
111.62,32088.8,35186.7,0.4212,0.4566,145.3,96.4,0.544
111.64,32084.7,35121.8,0.4013,0.2973,145.3,96.4,0.544
111.66,32069.3,35047.6,0.3269,0.1149,145.3,96.4,0.544
111.68,32027.3,35042.7,0.124,0.1028,145.3,96.4,0.544
111.7,31881.9,34963.8,-0.5796,-0.091,145.3,96.4,0.544
111.72,31823.7,34749.0,-0.861,-0.6185,145.3,96.4,0.544
111.74,31906.9,34698.5,-0.4587,-0.7427,145.3,96.4,0.544
111.76,31890.8,34597.6,-0.5363,-0.9903,145.3,96.4,0.544
111.78,31920.1,34654.9,-0.3948,-0.8498,145.3,96.4,0.544
111.8,31836.6,34689.1,-0.7986,-0.7657,145.3,96.4,0.544
111.82,31841.8,34490.4,-0.7732,-1.2538,145.3,96.4,0.544
111.84,31815.5,34575.1,-0.9008,-1.0456,145.3,96.4,0.544
111.86,31779.6,34417.2,-1.0742,-1.4336,145.3,96.4,0.544
111.88,31816.1,34647.7,-0.8976,-0.8674,145.3,96.4,0.544
111.9,31968.4,34928.9,-0.1609,-0.1766,145.3,96.4,0.544
111.92,32082.7,35266.5,0.3918,0.6527,145.3,96.4,0.544
111.94,32336.9,35608.0,1.6215,1.4914,145.3,96.4,0.544
111.96,32324.0,35744.4,1.559,1.8265,145.3,96.4,0.544
111.98,32367.9,35718.3,1.7713,1.7625,145.3,96.4,0.544
112.0,32238.4,35477.8,1.1448,1.1716,145.3,96.4,0.544
112.02,32180.0,35279.8,0.8626,0.6852,145.3,96.4,0.544
112.04,32094.3,35194.8,0.4478,0.4765,145.3,96.4,0.544
112.06,32107.0,35140.8,0.5093,0.3439,145.3,96.4,0.544
112.08,32046.5,35078.3,0.2166,0.1904,145.3,96.4,0.544
112.1,31914.0,34905.4,-0.4242,-0.2344,145.3,96.4,0.544
112.12,31976.2,34777.9,-0.1234,-0.5475,145.3,96.4,0.544
112.14,31904.9,34768.1,-0.4683,-0.5716,145.3,96.4,0.544
112.16,31837.0,34618.6,-0.7964,-0.9388,145.3,96.4,0.544
112.18,31799.1,34692.2,-0.9798,-0.7581,145.3,96.4,0.544
112.2,31870.0,34657.5,-0.6368,-0.8432,145.3,96.4,0.544
112.22,31867.6,34530.9,-0.6486,-1.1543,145.3,96.4,0.544
112.24,31810.5,34473.6,-0.9246,-1.2951,145.3,96.4,0.544
112.26,31713.1,34418.6,-1.3959,-1.4301,145.3,96.4,0.544
112.28,31823.7,34503.5,-0.861,-1.2216,145.3,96.4,0.544
112.3,31889.0,34752.2,-0.545,-0.6106,145.3,96.4,0.544
112.32,31998.9,35123.7,-0.0134,0.3018,145.3,96.4,0.544
112.34,32231.4,35480.3,1.1113,1.1777,145.3,96.4,0.544
112.36,32294.2,35670.7,1.4149,1.6455,145.3,96.4,0.544
112.38,32414.9,35726.5,1.9987,1.7825,145.3,96.4,0.544
112.4,32330.6,35601.6,1.5909,1.4758,145.3,96.4,0.544
112.42,32256.3,35351.8,1.2316,0.8622,145.3,96.4,0.544
112.44,32041.6,35205.7,0.1931,0.5032,145.3,96.4,0.544
112.46,32088.6,35165.8,0.4205,0.4052,145.3,96.4,0.544
112.48,32071.3,35088.0,0.3369,0.2142,145.3,96.4,0.544
112.5,31935.2,35007.7,-0.3218,0.0169,145.3,96.4,0.544
112.52,31940.2,34964.2,-0.2972,-0.0899,145.3,96.4,0.544
112.54,31894.3,34853.9,-0.5192,-0.3608,145.3,96.4,0.544
112.56,31837.4,34720.6,-0.7944,-0.6882,145.3,96.4,0.544
112.58,31868.8,34786.8,-0.643,-0.5256,145.3,96.4,0.544
112.6,31950.5,34654.6,-0.2475,-0.8504,145.3,96.4,0.544
112.62,31875.4,34718.0,-0.6108,-0.6947,145.3,96.4,0.544
112.64,31857.9,34517.4,-0.6953,-1.1873,145.3,96.4,0.544
112.66,31706.9,34450.3,-1.426,-1.3523,145.3,96.4,0.544
112.68,31733.4,34338.9,-1.2977,-1.6258,145.3,96.4,0.544
112.7,31705.9,34528.5,-1.4307,-1.1601,145.3,96.4,0.544
112.72,31969.3,34818.0,-0.1567,-0.449,145.3,96.4,0.544
112.74,32084.7,35243.5,0.4014,0.5961,145.3,96.4,0.544
112.76,32306.0,35586.5,1.4719,1.4386,145.3,96.4,0.544
112.78,32387.0,35666.6,1.8639,1.6354,145.3,96.4,0.544
112.8,32339.6,35802.6,1.6346,1.9694,145.3,96.4,0.544
112.82,32310.8,35614.1,1.4953,1.5065,145.3,96.4,0.544
112.84,32066.9,35331.4,0.3156,0.8121,145.3,96.4,0.544
112.86,32058.9,35276.1,0.2765,0.6761,145.3,96.4,0.544
112.88,32108.4,35079.9,0.5162,0.1944,145.3,96.4,0.544
112.9,32058.9,35126.9,0.2765,0.3097,145.3,96.4,0.544
112.92,32009.3,34930.4,0.0368,-0.1729,145.3,96.4,0.544
112.94,31990.9,34912.2,-0.052,-0.2178,145.3,96.4,0.544
112.96,31858.8,34789.1,-0.691,-0.52,145.3,96.4,0.544
112.98,31891.7,34692.5,-0.5319,-0.7574,145.3,96.4,0.544
113.0,31796.0,34698.5,-0.995,-0.7425,145.3,96.4,0.544
113.02,31868.8,34720.9,-0.6427,-0.6875,145.3,96.4,0.544
113.04,31813.8,34607.5,-0.9089,-0.966,145.3,96.4,0.544
113.06,31729.8,34556.5,-1.3151,-1.0914,145.3,96.4,0.544
113.08,31786.5,34547.4,-1.0406,-1.1138,145.3,96.4,0.544
113.1,31690.4,34436.9,-1.5057,-1.385,145.3,96.4,0.544
113.12,31854.6,34658.9,-0.7116,-0.8398,145.3,96.4,0.544
113.14,32102.0,35021.6,0.4852,0.051,145.3,96.4,0.544
113.16,32217.3,35367.0,1.0427,0.8996,145.3,96.4,0.544
113.18,32303.8,35667.2,1.4613,1.6369,145.3,96.4,0.544
113.2,32372.0,35733.0,1.791,1.7986,145.3,96.4,0.544
113.22,32441.2,35750.6,2.1261,1.8416,145.3,96.4,0.544
113.24,32226.5,35461.8,1.0873,1.1324,145.3,96.4,0.544
113.26,32192.0,35263.4,0.9205,0.6451,145.3,96.4,0.544
113.28,32121.5,35162.6,0.5795,0.3973,145.3,96.4,0.544
113.3,32082.9,35134.5,0.393,0.3285,145.3,96.4,0.544
113.32,32051.2,35083.6,0.2394,0.2033,145.3,96.4,0.544
113.34,31883.5,35066.9,-0.5716,0.1623,145.3,96.4,0.544
113.36,31967.9,34874.2,-0.1636,-0.311,145.3,96.4,0.544
113.38,31922.6,34800.5,-0.3827,-0.492,145.3,96.4,0.544
113.4,31862.1,34629.3,-0.6754,-0.9124,145.3,96.4,0.544
113.42,31792.2,34631.7,-1.0135,-0.9066,145.3,96.4,0.544
113.44,31896.5,34652.0,-0.5086,-0.8567,145.3,96.4,0.544
113.46,31762.2,34647.6,-1.1586,-0.8677,145.3,96.4,0.544
113.48,31810.8,34541.2,-0.9235,-1.1288,145.3,96.4,0.544
113.5,31749.2,34352.2,-1.2215,-1.5933,145.3,96.4,0.544
113.52,31784.1,34534.1,-1.0526,-1.1464,145.3,96.4,0.544
113.54,31842.9,34780.3,-0.768,-0.5417,145.3,96.4,0.544
113.56,32098.1,35087.6,0.4665,0.2133,145.3,96.4,0.544
113.58,32281.6,35511.7,1.3541,1.2549,145.3,96.4,0.544
113.6,32223.1,35743.2,1.0712,1.8234,145.3,96.4,0.544
113.62,32318.3,35764.1,1.5313,1.8748,145.3,96.4,0.544
113.64,32282.3,35629.1,1.3571,1.5434,145.3,96.4,0.544
113.66,32115.9,35340.9,0.5527,0.8355,145.3,96.4,0.544
113.68,32181.6,35230.1,0.8702,0.5633,145.3,96.4,0.544
113.7,32022.8,35072.3,0.1022,0.1755,145.3,96.4,0.544
113.72,32066.1,35137.8,0.3117,0.3365,145.3,96.4,0.544
113.74,32000.1,35113.6,-0.0076,0.2771,145.3,96.4,0.544
113.76,32010.7,35007.3,0.0436,0.0159,145.3,96.4,0.544
113.78,31913.6,34721.0,-0.426,-0.6873,145.3,96.4,0.544
113.8,31912.1,34739.2,-0.4336,-0.6427,145.3,96.4,0.544
113.82,31875.9,34682.1,-0.6085,-0.7828,145.3,96.4,0.544
113.84,31798.4,34666.0,-0.9831,-0.8224,145.3,96.4,0.544
113.86,31852.9,34677.6,-0.7198,-0.7938,145.3,96.4,0.544
113.88,31717.5,34559.6,-1.3745,-1.0836,145.3,96.4,0.544
113.9,31786.0,34493.3,-1.0433,-1.2465,145.3,96.4,0.544
113.92,31791.4,34458.6,-1.0171,-1.3318,145.3,96.4,0.544
113.94,31738.6,34598.6,-1.2728,-0.9881,145.3,96.4,0.544
113.96,31942.2,34821.7,-0.2879,-0.44,145.3,96.4,0.544
113.98,32088.7,35232.8,0.421,0.5699,145.3,96.4,0.544
114.0,32284.1,35604.5,1.3659,1.483,145.3,96.4,0.544
114.02,32341.1,35810.1,1.6417,1.9879,145.3,96.4,0.544
114.04,32285.9,35716.6,1.3748,1.7583,145.3,96.4,0.544
114.06,32273.2,35616.1,1.3131,1.5113,145.3,96.4,0.544
114.08,32116.4,35337.2,0.5549,0.8263,145.3,96.4,0.544
114.1,32068.8,35122.6,0.3248,0.2991,145.3,96.4,0.544
114.12,32079.4,35018.0,0.376,0.0421,145.3,96.4,0.544
114.14,32039.0,34953.1,0.1806,-0.1172,145.3,96.4,0.544
114.16,32062.8,35019.4,0.2954,0.0456,145.3,96.4,0.544
114.18,31910.4,34876.5,-0.4414,-0.3053,145.3,96.4,0.544
114.2,31940.4,34777.4,-0.2963,-0.5487,145.3,96.4,0.544
114.22,31810.7,34677.8,-0.9236,-0.7934,145.3,96.4,0.544
114.24,31834.1,34746.0,-0.8106,-0.6258,145.3,96.4,0.544
114.26,31795.1,34656.3,-0.9995,-0.8463,145.3,96.4,0.544
114.28,31814.5,34577.3,-0.9054,-1.0402,145.3,96.4,0.544
114.3,31755.8,34566.7,-1.1896,-1.0662,145.3,96.4,0.544
114.32,31620.0,34531.8,-1.8463,-1.1521,145.3,96.4,0.544
114.34,31751.5,34503.6,-1.2101,-1.2214,145.3,96.4,0.544
114.36,31797.9,34636.9,-0.9858,-0.8938,145.3,96.4,0.544
114.38,32018.8,35003.3,0.0826,0.0062,145.3,96.4,0.544
114.4,32194.2,35346.1,0.931,0.8482,145.3,96.4,0.544
114.42,32246.9,35692.6,1.1861,1.6992,145.3,96.4,0.544
114.44,32323.4,35700.2,1.5559,1.7178,145.3,96.4,0.544
114.46,32335.9,35608.3,1.6164,1.4921,145.3,96.4,0.544
114.48,32298.0,35499.2,1.4332,1.2243,145.3,96.4,0.544
114.5,32082.5,35351.6,0.3907,0.8617,145.3,96.4,0.544
114.52,32100.7,35160.0,0.479,0.3909,145.3,96.4,0.544
114.54,32024.2,35098.3,0.1089,0.2394,145.3,96.4,0.544
114.56,32020.4,35065.7,0.0905,0.1594,145.3,96.4,0.544
114.58,31949.9,34928.5,-0.2505,-0.1777,145.3,96.4,0.544
114.6,32050.2,34814.0,0.2348,-0.4587,145.3,96.4,0.544
114.62,31932.4,34840.9,-0.3351,-0.3928,145.3,96.4,0.544
114.64,31844.6,34739.4,-0.7601,-0.6421,145.3,96.4,0.544
114.66,31799.7,34748.0,-0.977,-0.6209,145.3,96.4,0.544
114.68,31758.3,34722.7,-1.1773,-0.6831,145.3,96.4,0.544
114.7,31765.5,34559.2,-1.1423,-1.0848,145.3,96.4,0.544
114.72,31778.8,34466.3,-1.0782,-1.3129,145.3,96.4,0.544
114.74,31746.5,34441.1,-1.2346,-1.3749,145.3,96.4,0.544
114.76,31803.8,34503.0,-0.957,-1.2227,145.3,96.4,0.544
114.78,31917.0,34755.4,-0.4096,-0.6028,145.3,96.4,0.544
114.8,32149.6,35091.9,0.7156,0.2238,145.3,96.4,0.544
114.82,32245.9,35482.5,1.1813,1.1832,145.3,96.4,0.544
114.84,32345.3,35784.5,1.6621,1.925,145.3,96.4,0.544
114.86,32306.0,35788.3,1.4722,1.9344,145.3,96.4,0.544
114.88,32275.0,35612.4,1.3219,1.5022,145.3,96.4,0.544
114.9,32232.5,35397.9,1.1167,0.9755,145.3,96.4,0.544
114.92,32121.3,35215.1,0.5787,0.5264,145.3,96.4,0.544
114.94,32044.9,35124.4,0.209,0.3036,145.3,96.4,0.544
114.96,32016.0,35101.5,0.0694,0.2474,145.3,96.4,0.544
114.98,32054.7,35042.0,0.2564,0.1011,145.3,96.4,0.544
115.0,31932.6,35018.0,-0.334,0.0421,145.3,96.4,0.544
115.02,31843.4,34807.0,-0.7657,-0.476,145.3,96.4,0.544
115.04,31882.2,34682.2,-0.5778,-0.7826,145.3,96.4,0.544
115.06,31824.9,34668.1,-0.855,-0.8171,145.3,96.4,0.544
115.08,31767.4,34700.7,-1.1332,-0.7373,145.3,96.4,0.544
115.1,31822.9,34572.9,-0.8646,-1.051,145.3,96.4,0.544
115.12,31861.6,34679.5,-0.6777,-0.7893,145.3,96.4,0.544
115.14,31888.4,34443.8,-0.548,-1.3681,145.3,96.4,0.544
115.16,31643.8,34413.5,-1.7313,-1.4427,145.3,96.4,0.544
115.18,31832.6,34649.1,-0.8179,-0.8639,145.3,96.4,0.544
115.2,31932.1,34906.6,-0.3368,-0.2315,145.3,96.4,0.544
115.22,32114.4,35262.4,0.545,0.6424,145.3,96.4,0.544
115.24,32411.6,35568.2,1.9827,1.3937,145.3,96.4,0.544
115.26,32335.2,35751.8,1.6132,1.8446,145.3,96.4,0.544
115.28,32378.7,35721.1,1.8236,1.7694,145.3,96.4,0.544
115.3,32254.2,35623.3,1.2215,1.5291,145.3,96.4,0.544
115.32,32119.6,35288.4,0.5704,0.7065,145.3,96.4,0.544
115.34,32106.9,35092.9,0.5089,0.2262,145.3,96.4,0.544
115.36,32001.0,35116.4,-0.0032,0.2839,145.3,96.4,0.544
115.38,31912.0,35000.6,-0.4339,-0.0006,145.3,96.4,0.544
115.4,31906.7,34979.1,-0.4597,-0.0533,145.3,96.4,0.544
115.42,31892.1,34868.5,-0.5299,-0.325,145.3,96.4,0.544
115.44,31829.3,34733.8,-0.834,-0.6559,145.3,96.4,0.544
115.46,31876.2,34691.0,-0.607,-0.761,145.3,96.4,0.544
115.48,31745.1,34742.5,-1.2409,-0.6345,145.3,96.4,0.544
115.5,31803.0,34657.2,-0.9611,-0.844,145.3,96.4,0.544
115.52,31826.0,34623.4,-0.8499,-0.927,145.3,96.4,0.544
115.54,31810.8,34486.8,-0.9234,-1.2627,145.3,96.4,0.544
115.56,31718.8,34530.5,-1.3683,-1.1552,145.3,96.4,0.544
115.58,31762.4,34418.7,-1.1577,-1.4298,145.3,96.4,0.544
115.6,31897.9,34646.9,-0.5022,-0.8693,145.3,96.4,0.544
115.62,32025.3,35055.1,0.1144,0.1334,145.3,96.4,0.544
115.64,32278.1,35353.6,1.3369,0.8666,145.3,96.4,0.544
115.66,32261.6,35644.2,1.257,1.5805,145.3,96.4,0.544
115.68,32357.2,35786.0,1.7198,1.9287,145.3,96.4,0.544
115.7,32287.6,35764.4,1.3828,1.8757,145.3,96.4,0.544
115.72,32152.6,35564.3,0.7298,1.3841,145.3,96.4,0.544
115.74,32163.4,35279.0,0.7824,0.6834,145.3,96.4,0.544
115.76,32012.3,35152.3,0.0515,0.3721,145.3,96.4,0.544
115.78,31985.7,35111.7,-0.0773,0.2723,145.3,96.4,0.544
115.8,32069.5,35086.5,0.3282,0.2105,145.3,96.4,0.544
115.82,31991.7,34947.1,-0.0481,-0.132,145.3,96.4,0.544
115.84,31894.9,34856.6,-0.5166,-0.3543,145.3,96.4,0.544
115.86,31967.2,34812.6,-0.1668,-0.4624,145.3,96.4,0.544
115.88,31794.9,34591.4,-1.0,-1.0058,145.3,96.4,0.544
115.9,31766.8,34699.6,-1.1361,-0.7398,145.3,96.4,0.544
115.92,31831.1,34589.6,-0.8252,-1.01,145.3,96.4,0.544
115.94,31838.6,34568.8,-0.7888,-1.0611,145.3,96.4,0.544
115.96,31702.0,34443.7,-1.4494,-1.3684,145.3,96.4,0.544
115.98,31779.4,34444.9,-1.0753,-1.3654,145.3,96.4,0.544
116.0,31725.8,34557.6,-1.3344,-1.0887,145.3,96.4,0.544
116.02,31927.3,34836.6,-0.3599,-0.4032,145.3,96.4,0.544
116.04,32147.9,35123.6,0.7073,0.3016,145.3,96.4,0.544
116.06,32248.9,35526.0,1.196,1.2901,145.3,96.4,0.544
116.08,32252.0,35671.2,1.2109,1.6468,145.3,96.4,0.544
116.1,32382.2,35679.6,1.8406,1.6674,145.3,96.4,0.544
116.12,32331.9,35551.1,1.5972,1.3516,145.3,96.4,0.544
116.14,32248.6,35445.4,1.1944,1.0921,145.3,96.4,0.544
116.16,32044.8,35170.1,0.2084,0.4157,145.3,96.4,0.544
116.18,32032.7,35115.7,0.1499,0.2822,145.3,96.4,0.544
116.2,32039.8,35080.3,0.1846,0.1952,145.3,96.4,0.544
116.22,32038.8,34977.0,0.1794,-0.0584,145.3,96.4,0.544
116.24,31914.7,34943.1,-0.4207,-0.1417,145.3,96.4,0.544
116.26,31878.0,34779.6,-0.5981,-0.5434,145.3,96.4,0.544
116.28,31913.3,34662.8,-0.4274,-0.8304,145.3,96.4,0.544
116.3,31875.3,34700.9,-0.6113,-0.7366,145.3,96.4,0.544
116.32,31810.8,34709.8,-0.9232,-0.7149,145.3,96.4,0.544
116.34,31839.6,34657.2,-0.7841,-0.844,145.3,96.4,0.544
116.36,31742.0,34537.7,-1.256,-1.1376,145.3,96.4,0.544
116.38,31659.2,34459.2,-1.6564,-1.3304,145.3,96.4,0.544
116.4,31765.8,34406.4,-1.1408,-1.4599,145.3,96.4,0.544
116.42,31807.1,34606.6,-0.9414,-0.9682,145.3,96.4,0.544
116.44,31873.6,34865.4,-0.6194,-0.3326,145.3,96.4,0.544
116.46,32137.7,35289.6,0.6578,0.7094,145.3,96.4,0.544
116.48,32283.3,35542.1,1.362,1.3296,145.3,96.4,0.544
116.5,32427.4,35702.2,2.0593,1.7227,145.3,96.4,0.544
116.52,32383.7,35737.4,1.8478,1.8094,145.3,96.4,0.544
116.54,32345.0,35553.0,1.6607,1.3565,145.3,96.4,0.544
116.56,32118.9,35273.0,0.5669,0.6686,145.3,96.4,0.544
116.58,32084.3,35180.6,0.3994,0.4415,145.3,96.4,0.544
116.6,31972.5,35104.9,-0.141,0.2558,145.3,96.4,0.544
116.62,32035.0,35043.5,0.1614,0.1049,145.3,96.4,0.544
116.64,31923.4,35018.9,-0.3785,0.0445,145.3,96.4,0.544
116.66,32018.7,34871.1,0.0825,-0.3186,145.3,96.4,0.544
116.68,31859.3,34823.8,-0.6886,-0.4348,145.3,96.4,0.544
116.7,31831.5,34694.9,-0.8233,-0.7514,145.3,96.4,0.544
116.72,31842.0,34664.8,-0.7723,-0.8255,145.3,96.4,0.544
116.74,31829.8,34614.3,-0.8313,-0.9495,145.3,96.4,0.544
116.76,31787.7,34616.4,-1.035,-0.9443,145.3,96.4,0.544
116.78,31782.4,34523.8,-1.0609,-1.1716,145.3,96.4,0.544
116.8,31712.7,34484.3,-1.3977,-1.2688,145.3,96.4,0.544
116.82,31724.2,34506.1,-1.3423,-1.2151,145.3,96.4,0.544
116.84,31776.2,34690.4,-1.0907,-0.7625,145.3,96.4,0.544
116.86,32050.9,35013.7,0.2382,0.0317,145.3,96.4,0.544
116.88,32215.3,35454.3,1.0333,1.1138,145.3,96.4,0.544
116.9,32416.4,35655.2,2.0059,1.6074,145.3,96.4,0.544
116.92,32388.3,35833.8,1.87,2.0461,145.3,96.4,0.544
116.94,32400.5,35690.9,1.929,1.6952,145.3,96.4,0.544
116.96,32273.7,35474.1,1.3158,1.1625,145.3,96.4,0.544
116.98,32071.9,35227.6,0.3397,0.557,145.3,96.4,0.544
117.0,32096.1,35173.3,0.4569,0.4236,145.3,96.4,0.544
117.02,32110.6,35063.9,0.5268,0.1551,145.3,96.4,0.544
117.04,32013.9,35012.1,0.0589,0.0278,145.3,96.4,0.544
117.06,31983.3,34999.4,-0.0891,-0.0035,145.3,96.4,0.544
117.08,31885.7,34851.1,-0.5608,-0.3678,145.3,96.4,0.544
117.1,31887.2,34809.8,-0.5538,-0.4693,145.3,96.4,0.544
117.12,31785.6,34697.9,-1.0451,-0.7441,145.3,96.4,0.544
117.14,31839.3,34652.4,-0.7852,-0.8558,145.3,96.4,0.544
117.16,31789.1,34638.8,-1.0284,-0.8892,145.3,96.4,0.544
117.18,31797.8,34576.2,-0.9862,-1.043,145.3,96.4,0.544
117.2,31780.7,34434.7,-1.069,-1.3907,145.3,96.4,0.544
117.22,31749.4,34459.8,-1.2205,-1.3289,145.3,96.4,0.544
117.24,31806.1,34526.0,-0.9461,-1.1664,145.3,96.4,0.544
117.26,31917.5,34848.9,-0.4072,-0.3732,145.3,96.4,0.544
117.28,32157.5,35160.3,0.7539,0.3918,145.3,96.4,0.544
117.3,32214.2,35530.0,1.0282,1.3,145.3,96.4,0.544
117.32,32338.7,35815.0,1.6303,2.0,145.3,96.4,0.544
117.34,32354.6,35755.5,1.7073,1.8538,145.3,96.4,0.544
117.36,32297.2,35587.0,1.4296,1.4398,145.3,96.4,0.544
117.38,32120.1,35297.1,0.5728,0.7279,145.3,96.4,0.544
117.4,32055.9,35180.9,0.2624,0.4425,145.3,96.4,0.544
117.42,31985.9,35093.0,-0.0761,0.2263,145.3,96.4,0.544
117.44,32094.7,35083.8,0.4497,0.2039,145.3,96.4,0.544
117.46,31995.1,35017.7,-0.0316,0.0414,145.3,96.4,0.544
117.48,31956.5,34907.6,-0.2188,-0.2289,145.3,96.4,0.544
117.5,31822.4,34718.0,-0.8671,-0.6946,145.3,96.4,0.544
117.52,31897.8,34681.8,-0.5026,-0.7837,145.3,96.4,0.544
117.54,31888.1,34597.6,-0.5493,-0.9903,145.3,96.4,0.544
117.56,31873.5,34618.2,-0.6198,-0.9399,145.3,96.4,0.544
117.58,31842.3,34653.2,-0.7709,-0.8539,145.3,96.4,0.544
117.6,31814.4,34558.7,-0.9059,-1.086,145.3,96.4,0.544
117.62,31719.7,34563.5,-1.3638,-1.0742,145.3,96.4,0.544
117.64,31747.7,34525.7,-1.2283,-1.167,145.3,96.4,0.544
117.66,31768.7,34609.8,-1.1269,-0.9604,145.3,96.4,0.544
117.68,31928.4,34970.0,-0.3544,-0.0756,145.3,96.4,0.544
117.7,32132.7,35370.4,0.6338,0.9078,145.3,96.4,0.544
117.72,32287.2,35591.4,1.3813,1.4506,145.3,96.4,0.544
117.74,32373.5,35778.1,1.7984,1.9094,145.3,96.4,0.544
117.76,32232.7,35678.7,1.1174,1.6651,145.3,96.4,0.544
117.78,32224.9,35447.5,1.0797,1.0973,145.3,96.4,0.544
117.8,32200.4,35327.2,0.9612,0.8017,145.3,96.4,0.544
117.82,32120.8,35098.1,0.576,0.239,145.3,96.4,0.544
117.84,32082.2,35172.8,0.3894,0.4225,145.3,96.4,0.544
117.86,32042.8,35000.2,0.1988,-0.0014,145.3,96.4,0.544
117.88,31902.5,34885.3,-0.4798,-0.2837,145.3,96.4,0.544
117.9,31903.8,34962.0,-0.4734,-0.0954,145.3,96.4,0.544
117.92,31853.0,34743.2,-0.7193,-0.6328,145.3,96.4,0.544
117.94,31765.9,34688.8,-1.1405,-0.7663,145.3,96.4,0.544
117.96,31740.2,34627.1,-1.2649,-0.9178,145.3,96.4,0.544
117.98,31784.4,34745.0,-1.0509,-0.6284,145.3,96.4,0.544
118.0,31801.4,34668.0,-0.9687,-0.8176,145.3,96.4,0.544
118.02,31773.5,34539.0,-1.1035,-1.1345,145.3,96.4,0.544
118.04,31740.8,34487.2,-1.2619,-1.2616,145.3,96.4,0.544
118.06,31790.1,34527.9,-1.0232,-1.1616,145.3,96.4,0.544
118.08,31842.1,34745.5,-0.7718,-0.627,145.3,96.4,0.544
118.1,32001.0,34975.9,-0.0034,-0.0612,145.3,96.4,0.544
118.12,32222.5,35446.7,1.068,1.0953,145.3,96.4,0.544
118.14,32325.7,35692.2,1.5671,1.6982,145.3,96.4,0.544
118.16,32475.1,35765.8,2.2899,1.8791,145.3,96.4,0.544
118.18,32376.2,35644.3,1.8116,1.5806,145.3,96.4,0.544
118.2,32227.3,35335.9,1.0913,0.8231,145.3,96.4,0.544
118.22,32108.6,35298.4,0.517,0.731,145.3,96.4,0.544
118.24,32083.5,35186.3,0.3958,0.4555,145.3,96.4,0.544
118.26,31983.9,35082.3,-0.0858,0.2003,145.3,96.4,0.544
118.28,31954.0,35049.7,-0.2309,0.12,145.3,96.4,0.544
118.3,32002.4,34956.9,0.0032,-0.1078,145.3,96.4,0.544
118.32,31841.9,34882.0,-0.7731,-0.2919,145.3,96.4,0.544
118.34,31814.5,34793.5,-0.9054,-0.5092,145.3,96.4,0.544
118.36,31871.7,34649.6,-0.6286,-0.8626,145.3,96.4,0.544
118.38,31733.8,34684.3,-1.2959,-0.7775,145.3,96.4,0.544
118.4,31782.8,34695.0,-1.0586,-0.7511,145.3,96.4,0.544
118.42,31785.4,34549.7,-1.0463,-1.1082,145.3,96.4,0.544
118.44,31747.3,34421.3,-1.2306,-1.4234,145.3,96.4,0.544
118.46,31702.7,34515.8,-1.446,-1.1912,145.3,96.4,0.544
118.48,31729.2,34504.3,-1.3178,-1.2197,145.3,96.4,0.544
118.5,31912.4,34922.1,-0.4318,-0.1934,145.3,96.4,0.544
118.52,32025.5,35218.9,0.1151,0.5357,145.3,96.4,0.544
118.54,32236.3,35515.4,1.1348,1.2639,145.3,96.4,0.544
118.56,32240.8,35627.3,1.1566,1.5388,145.3,96.4,0.544
118.58,32419.4,35838.9,2.0205,2.0585,145.3,96.4,0.544
118.6,32279.1,35512.1,1.3419,1.2559,145.3,96.4,0.544
118.62,32224.8,35367.9,1.0792,0.9017,145.3,96.4,0.544
118.64,32169.8,35174.2,0.8134,0.4259,145.3,96.4,0.544
118.66,32026.7,35147.9,0.1208,0.3613,145.3,96.4,0.544
118.68,32057.9,35120.9,0.2718,0.2951,145.3,96.4,0.544
118.7,32084.9,34989.2,0.4026,-0.0286,145.3,96.4,0.544
118.72,32009.8,35009.8,0.0393,0.022,145.3,96.4,0.544
118.74,31850.6,34842.2,-0.731,-0.3895,145.3,96.4,0.544
118.76,31953.1,34635.0,-0.2352,-0.8986,145.3,96.4,0.544
118.78,31851.8,34678.0,-0.7251,-0.7928,145.3,96.4,0.544
118.8,31807.0,34676.0,-0.9415,-0.7979,145.3,96.4,0.544
118.82,31808.2,34694.2,-0.9361,-0.7531,145.3,96.4,0.544
118.84,31723.8,34529.1,-1.344,-1.1586,145.3,96.4,0.544
118.86,31691.4,34471.4,-1.5008,-1.3003,145.3,96.4,0.544
118.88,31767.5,34506.1,-1.1328,-1.2153,145.3,96.4,0.544
118.9,31730.1,34696.1,-1.3139,-0.7485,145.3,96.4,0.544
118.92,31970.9,34908.1,-0.1487,-0.2277,145.3,96.4,0.544
118.94,32186.4,35315.9,0.8935,0.7739,145.3,96.4,0.544
118.96,32414.0,35673.2,1.9945,1.6517,145.3,96.4,0.544
118.98,32309.1,35750.4,1.4871,1.8413,145.3,96.4,0.544
119.0,32273.5,35756.9,1.3149,1.8573,145.3,96.4,0.544
119.02,32266.8,35541.1,1.2823,1.3271,145.3,96.4,0.544
119.04,32178.5,35284.9,0.8553,0.6978,145.3,96.4,0.544
119.06,32035.4,35181.3,0.163,0.4432,145.3,96.4,0.544
119.08,32152.0,35116.9,0.7271,0.2851,145.3,96.4,0.544
119.1,31937.7,35070.4,-0.3095,0.171,145.3,96.4,0.544
119.12,32047.2,35121.0,0.2201,0.2951,145.3,96.4,0.544
119.14,31982.0,34898.2,-0.095,-0.252,145.3,96.4,0.544
119.16,31824.4,34759.8,-0.8573,-0.5919,145.3,96.4,0.544
119.18,31896.2,34601.7,-0.5103,-0.9803,145.3,96.4,0.544
119.2,31819.6,34655.7,-0.881,-0.8476,145.3,96.4,0.544
119.22,31892.1,34649.1,-0.5301,-0.8639,145.3,96.4,0.544
119.24,31760.0,34591.3,-1.1692,-1.0059,145.3,96.4,0.544
119.26,31705.4,34498.5,-1.433,-1.2339,145.3,96.4,0.544
119.28,31827.8,34419.6,-0.8411,-1.4276,145.3,96.4,0.544
119.3,31741.3,34473.4,-1.2597,-1.2954,145.3,96.4,0.544
119.32,31835.5,34680.8,-0.8038,-0.7861,145.3,96.4,0.544
119.34,31979.6,35067.7,-0.1069,0.1643,145.3,96.4,0.544
119.36,32225.7,35448.9,1.0838,1.1005,145.3,96.4,0.544
119.38,32360.0,35748.9,1.733,1.8375,145.3,96.4,0.544
119.4,32366.8,35762.3,1.766,1.8705,145.3,96.4,0.544
119.42,32338.3,35682.1,1.6281,1.6735,145.3,96.4,0.544
119.44,32204.8,35410.0,0.9824,1.005,145.3,96.4,0.544
119.46,32170.9,35182.4,0.8186,0.446,145.3,96.4,0.544
119.48,32006.3,35150.0,0.0222,0.3665,145.3,96.4,0.544
119.5,32048.1,35115.0,0.2245,0.2806,145.3,96.4,0.544
119.52,31983.6,35105.8,-0.0873,0.2579,145.3,96.4,0.544
119.54,32007.2,34909.6,0.0265,-0.2241,145.3,96.4,0.544
119.56,31933.6,34832.2,-0.3296,-0.4141,145.3,96.4,0.544
119.58,31897.7,34719.8,-0.5028,-0.6902,145.3,96.4,0.544
119.6,31832.7,34675.0,-0.8175,-0.8003,145.3,96.4,0.544
119.62,31880.0,34732.8,-0.5886,-0.6583,145.3,96.4,0.544
119.64,31829.3,34573.0,-0.8339,-1.0509,145.3,96.4,0.544
119.66,31720.9,34577.4,-1.3581,-1.04,145.3,96.4,0.544
119.68,31740.1,34508.1,-1.2655,-1.2102,145.3,96.4,0.544
119.7,31756.0,34426.5,-1.1885,-1.4108,145.3,96.4,0.544
119.72,31759.2,34682.8,-1.1731,-0.781,145.3,96.4,0.544
119.74,31977.7,34879.1,-0.116,-0.299,145.3,96.4,0.544
119.76,32075.3,35155.8,0.3559,0.3808,145.3,96.4,0.544
119.78,32286.7,35622.0,1.3784,1.5259,145.3,96.4,0.544
119.8,32363.9,35661.8,1.7521,1.6236,145.3,96.4,0.544
119.82,32404.4,35760.9,1.948,1.867,145.3,96.4,0.544
119.84,32318.4,35551.0,1.5321,1.3514,145.3,96.4,0.544
119.86,32092.7,35313.0,0.4403,0.7668,145.3,96.4,0.544
119.88,32036.1,35261.1,0.1664,0.6393,145.3,96.4,0.544
119.9,32055.1,35186.0,0.2585,0.4549,145.3,96.4,0.544
119.92,32020.4,35116.1,0.0905,0.2833,145.3,96.4,0.544
119.94,31960.7,35030.4,-0.1981,0.0727,145.3,96.4,0.544
119.96,31993.5,34910.4,-0.0395,-0.2221,145.3,96.4,0.544
119.98,31879.6,34701.9,-0.5907,-0.7343,145.3,96.4,0.544
