timestamp,raw_red,raw_ir,filtered_red,filtered_ir,heart_rate,spo2,ac_dc_ratio
0.0,32127.3,35259.1,0.4921,0.636,146.8,97.2,0.514
0.02,32242.1,35512.2,0.9354,1.258,146.8,97.2,0.514
0.04,32338.8,35753.4,1.3084,1.8507,146.8,97.2,0.514
0.06,32437.4,35740.6,1.6888,1.8193,146.8,97.2,0.514
0.08,32207.4,35647.8,0.8014,1.5913,146.8,97.2,0.514
0.1,32173.4,35401.6,0.67,0.9863,146.8,97.2,0.514
0.12,32100.1,35130.2,0.3875,0.3192,146.8,97.2,0.514
0.14,31943.3,35147.5,-0.2177,0.3617,146.8,97.2,0.514
0.16,32045.7,35062.3,0.1773,0.1524,146.8,97.2,0.514
0.18,31873.3,35106.3,-0.4878,0.2605,146.8,97.2,0.514
0.2,31958.0,34948.6,-0.1609,-0.127,146.8,97.2,0.514
0.22,31829.7,34783.2,-0.6562,-0.5336,146.8,97.2,0.514
0.24,31887.9,34745.4,-0.4315,-0.6265,146.8,97.2,0.514
0.26,31870.7,34645.1,-0.4979,-0.8731,146.8,97.2,0.514
0.28,31830.8,34674.6,-0.6517,-0.8005,146.8,97.2,0.514
0.3,31822.2,34634.6,-0.685,-0.8988,146.8,97.2,0.514
0.32,31767.8,34519.7,-0.8948,-1.1812,146.8,97.2,0.514
0.34,31801.5,34479.6,-0.765,-1.2797,146.8,97.2,0.514
0.36,31893.6,34390.5,-0.4094,-1.4988,146.8,97.2,0.514
0.38,31802.6,34694.3,-0.7607,-0.752,146.8,97.2,0.514
0.4,32016.6,35030.8,0.0652,0.0749,146.8,97.2,0.514
0.42,32223.3,35422.6,0.8627,1.0378,146.8,97.2,0.514
0.44,32327.4,35672.9,1.2645,1.6529,146.8,97.2,0.514
0.46,32400.5,35742.2,1.5466,1.8234,146.8,97.2,0.514
0.48,32293.8,35636.3,1.1349,1.5631,146.8,97.2,0.514
0.5,32227.4,35466.4,0.8785,1.1454,146.8,97.2,0.514
0.52,32143.3,35185.8,0.5538,0.4557,146.8,97.2,0.514
0.54,31999.0,35173.6,-0.0029,0.4258,146.8,97.2,0.514
0.56,31964.1,35168.1,-0.1373,0.4123,146.8,97.2,0.514
0.58,32027.4,35180.5,0.1069,0.4428,146.8,97.2,0.514
0.6,31999.7,34943.3,-0.0002,-0.1402,146.8,97.2,0.514
0.62,31888.5,34765.2,-0.4292,-0.5778,146.8,97.2,0.514
0.64,31864.3,34797.3,-0.5226,-0.4989,146.8,97.2,0.514
0.66,31835.2,34698.3,-0.6347,-0.7423,146.8,97.2,0.514
0.68,31775.5,34722.3,-0.8655,-0.6832,146.8,97.2,0.514
0.7,31861.2,34622.8,-0.5344,-0.9278,146.8,97.2,0.514
0.72,31805.1,34562.5,-0.7509,-1.076,146.8,97.2,0.514
0.74,31723.8,34425.2,-1.0647,-1.4135,146.8,97.2,0.514
0.76,31753.2,34395.8,-0.9515,-1.4858,146.8,97.2,0.514
0.78,31836.9,34577.9,-0.6283,-1.0382,146.8,97.2,0.514
0.8,31873.4,34871.0,-0.4876,-0.3177,146.8,97.2,0.514
0.82,32068.8,35235.0,0.2664,0.5768,146.8,97.2,0.514
0.84,32279.8,35585.4,1.0805,1.4379,146.8,97.2,0.514
0.86,32388.8,35804.5,1.5014,1.9763,146.8,97.2,0.514
0.88,32357.0,35723.8,1.3788,1.7781,146.8,97.2,0.514
0.9,32205.8,35498.2,0.7952,1.2236,146.8,97.2,0.514
0.92,32201.0,35292.6,0.7768,0.7182,146.8,97.2,0.514
0.94,32087.6,35283.2,0.3389,0.6953,146.8,97.2,0.514
0.96,32035.2,35113.3,0.1369,0.2776,146.8,97.2,0.514
0.98,32075.0,35074.2,0.2903,0.1816,146.8,97.2,0.514
1.0,32012.7,34932.5,0.05,-0.1668,146.8,97.2,0.514
1.02,31960.6,34918.2,-0.1509,-0.2017,146.8,97.2,0.514
1.04,31897.1,34746.0,-0.3962,-0.625,146.8,97.2,0.514
1.06,31808.4,34728.9,-0.7385,-0.6671,146.8,97.2,0.514
1.08,31883.1,34604.3,-0.4501,-0.9732,146.8,97.2,0.514
1.1,31880.4,34587.9,-0.4603,-1.0135,146.8,97.2,0.514
1.12,31846.6,34622.3,-0.5907,-0.929,146.8,97.2,0.514
1.14,31799.5,34497.7,-0.7728,-1.2353,146.8,97.2,0.514
1.16,31781.6,34493.2,-0.8417,-1.2463,146.8,97.2,0.514
1.18,31638.0,34594.0,-1.396,-0.9987,146.8,97.2,0.514
1.2,31845.0,34723.7,-0.5972,-0.6798,146.8,97.2,0.514
1.22,32044.6,35081.3,0.1733,0.1991,146.8,97.2,0.514
1.24,32217.3,35369.3,0.8396,0.9067,146.8,97.2,0.514
1.26,32404.4,35622.7,1.5617,1.5295,146.8,97.2,0.514
1.28,32420.3,35707.4,1.6229,1.7378,146.8,97.2,0.514
1.3,32360.1,35643.8,1.3905,1.5815,146.8,97.2,0.514
1.32,32214.1,35396.7,0.8271,0.9741,146.8,97.2,0.514
1.34,32103.4,35185.0,0.3999,0.4539,146.8,97.2,0.514
1.36,32024.9,35139.5,0.097,0.3422,146.8,97.2,0.514
1.38,32016.8,35156.2,0.0659,0.3831,146.8,97.2,0.514
1.4,32001.5,35061.2,0.0068,0.1496,146.8,97.2,0.514
1.42,31931.5,34893.9,-0.2633,-0.2616,146.8,97.2,0.514
1.44,31910.9,34878.4,-0.3429,-0.2997,146.8,97.2,0.514
1.46,31853.5,34753.5,-0.5644,-0.6066,146.8,97.2,0.514
1.48,31862.4,34672.8,-0.5299,-0.805,146.8,97.2,0.514
1.5,31801.8,34616.7,-0.7637,-0.9428,146.8,97.2,0.514
1.52,31809.9,34640.3,-0.7326,-0.8847,146.8,97.2,0.514
1.54,31785.1,34526.3,-0.8283,-1.165,146.8,97.2,0.514
1.56,31733.6,34529.9,-1.0268,-1.156,146.8,97.2,0.514
1.58,31743.3,34424.4,-0.9895,-1.4155,146.8,97.2,0.514
1.6,31746.2,34625.0,-0.9784,-0.9224,146.8,97.2,0.514
1.62,31853.5,34897.8,-0.5642,-0.2519,146.8,97.2,0.514
1.64,32071.1,35321.0,0.2756,0.7881,146.8,97.2,0.514
1.66,32364.6,35634.8,1.4081,1.5593,146.8,97.2,0.514
1.68,32254.8,35733.9,0.9844,1.803,146.8,97.2,0.514
1.7,32268.7,35711.3,1.0378,1.7472,146.8,97.2,0.514
1.72,32258.2,35410.6,0.9974,1.0084,146.8,97.2,0.514
1.74,32171.0,35219.1,0.6608,0.5376,146.8,97.2,0.514
1.76,32118.3,35259.9,0.4577,0.6378,146.8,97.2,0.514
1.78,32023.8,35088.3,0.0927,0.2161,146.8,97.2,0.514
1.8,31982.2,35042.9,-0.0675,0.1047,146.8,97.2,0.514
1.82,31901.7,35041.2,-0.3784,0.1004,146.8,97.2,0.514
1.84,31927.9,34927.0,-0.2771,-0.1801,146.8,97.2,0.514
1.86,31909.2,34784.9,-0.3495,-0.5294,146.8,97.2,0.514
1.88,31882.0,34659.4,-0.4545,-0.8378,146.8,97.2,0.514
1.9,31914.8,34712.0,-0.3277,-0.7085,146.8,97.2,0.514
1.92,31867.5,34715.6,-0.5101,-0.6996,146.8,97.2,0.514
1.94,31741.1,34534.5,-0.9982,-1.1448,146.8,97.2,0.514
1.96,31766.2,34459.8,-0.9011,-1.3285,146.8,97.2,0.514
1.98,31760.1,34451.2,-0.9247,-1.3496,146.8,97.2,0.514
2.0,31736.4,34584.3,-1.0163,-1.0223,146.8,97.2,0.514
2.02,31891.3,34742.4,-0.4184,-0.634,146.8,97.2,0.514
2.04,32134.9,35125.0,0.5217,0.3064,146.8,97.2,0.514
2.06,32228.0,35553.1,0.881,1.3586,146.8,97.2,0.514
2.08,32430.1,35756.2,1.6606,1.8576,146.8,97.2,0.514
2.1,32351.1,35746.2,1.3559,1.833,146.8,97.2,0.514
2.12,32213.9,35628.0,0.8265,1.5427,146.8,97.2,0.514
2.14,32204.1,35388.5,0.7886,0.9539,146.8,97.2,0.514
2.16,32090.1,35263.0,0.3488,0.6456,146.8,97.2,0.514
2.18,32117.9,35120.4,0.4559,0.295,146.8,97.2,0.514
2.2,31975.4,35170.0,-0.094,0.4169,146.8,97.2,0.514
2.22,32010.3,35015.5,0.0409,0.0372,146.8,97.2,0.514
2.24,32031.2,34891.3,0.1215,-0.2679,146.8,97.2,0.514
2.26,31964.9,34759.2,-0.1343,-0.5925,146.8,97.2,0.514
2.28,31862.1,34783.1,-0.5309,-0.5338,146.8,97.2,0.514
2.3,31829.2,34701.6,-0.658,-0.7342,146.8,97.2,0.514
2.32,31751.4,34552.0,-0.9584,-1.1019,146.8,97.2,0.514
2.34,31792.1,34675.6,-0.8013,-0.798,146.8,97.2,0.514
2.36,31799.3,34487.4,-0.7736,-1.2605,146.8,97.2,0.514
2.38,31697.5,34394.3,-1.1661,-1.4894,146.8,97.2,0.514
2.4,31734.8,34428.6,-1.0225,-1.405,146.8,97.2,0.514
2.42,31872.7,34532.8,-0.4903,-1.149,146.8,97.2,0.514
2.44,31997.2,35027.8,-0.0099,0.0677,146.8,97.2,0.514
2.46,32132.5,35316.1,0.5123,0.7761,146.8,97.2,0.514
2.48,32266.8,35628.0,1.0306,1.5426,146.8,97.2,0.514
2.5,32474.0,35815.7,1.8303,2.0039,146.8,97.2,0.514
2.52,32344.3,35745.5,1.3297,1.8315,146.8,97.2,0.514
2.54,32270.8,35468.7,1.0459,1.1511,146.8,97.2,0.514
2.56,32164.3,35333.9,0.635,0.8197,146.8,97.2,0.514
2.58,32008.4,35259.7,0.0336,0.6375,146.8,97.2,0.514
2.6,32025.4,35238.8,0.0989,0.5861,146.8,97.2,0.514
2.62,31999.6,35086.7,-0.0006,0.2122,146.8,97.2,0.514
2.64,32069.8,35007.0,0.2704,0.0165,146.8,97.2,0.514
2.66,31988.5,34758.4,-0.0432,-0.5945,146.8,97.2,0.514
2.68,31893.1,34695.8,-0.4116,-0.7483,146.8,97.2,0.514
2.7,31880.0,34672.2,-0.462,-0.8065,146.8,97.2,0.514
2.72,31840.9,34623.0,-0.6128,-0.9275,146.8,97.2,0.514
2.74,31895.1,34643.8,-0.4036,-0.8763,146.8,97.2,0.514
2.76,31817.3,34543.4,-0.7039,-1.123,146.8,97.2,0.514
2.78,31756.8,34512.6,-0.9373,-1.1986,146.8,97.2,0.514
2.8,31711.7,34478.8,-1.1114,-1.2817,146.8,97.2,0.514
2.82,31796.7,34602.3,-0.7835,-0.9781,146.8,97.2,0.514
2.84,31933.1,34747.6,-0.2573,-0.6212,146.8,97.2,0.514
2.86,32096.1,35057.6,0.3719,0.1408,146.8,97.2,0.514
2.88,32228.6,35452.4,0.8833,1.1111,146.8,97.2,0.514
2.9,32416.9,35720.9,1.6096,1.771,146.8,97.2,0.514
2.92,32336.5,35758.6,1.2995,1.8635,146.8,97.2,0.514
2.94,32305.2,35611.4,1.1788,1.5017,146.8,97.2,0.514
2.96,32155.1,35373.5,0.5994,0.9171,146.8,97.2,0.514
2.98,32057.7,35202.6,0.2236,0.497,146.8,97.2,0.514
3.0,32129.2,35064.4,0.4998,0.1575,146.8,97.2,0.514
3.02,31955.8,35011.2,-0.1697,0.0268,146.8,97.2,0.514
3.04,32059.0,35126.7,0.2286,0.3105,146.8,97.2,0.514
3.06,31941.4,34919.2,-0.2252,-0.1993,146.8,97.2,0.514
3.08,31933.8,34779.6,-0.2545,-0.5424,146.8,97.2,0.514
3.1,31814.7,34804.6,-0.7139,-0.4809,146.8,97.2,0.514
3.12,31793.5,34633.1,-0.7958,-0.9026,146.8,97.2,0.514
3.14,31768.1,34700.2,-0.8937,-0.7375,146.8,97.2,0.514
3.16,31874.0,34629.9,-0.4851,-0.9104,146.8,97.2,0.514
3.18,31716.2,34597.9,-1.0943,-0.9891,146.8,97.2,0.514
3.2,31824.4,34449.3,-0.6767,-1.3542,146.8,97.2,0.514
3.22,31840.6,34416.8,-0.6143,-1.4342,146.8,97.2,0.514
3.24,31802.7,34621.5,-0.7603,-0.9311,146.8,97.2,0.514
3.26,31980.6,34992.3,-0.0739,-0.0196,146.8,97.2,0.514
3.28,32167.2,35416.1,0.6461,1.0219,146.8,97.2,0.514
3.3,32306.6,35715.9,1.1842,1.7586,146.8,97.2,0.514
3.32,32375.6,35748.2,1.4505,1.838,146.8,97.2,0.514
3.34,32281.0,35655.4,1.0852,1.61,146.8,97.2,0.514
3.36,32224.4,35498.7,0.867,1.2249,146.8,97.2,0.514
3.38,32092.6,35272.3,0.3583,0.6684,146.8,97.2,0.514
3.4,32126.7,35141.5,0.4901,0.3471,146.8,97.2,0.514
3.42,32012.3,35137.2,0.0484,0.3365,146.8,97.2,0.514
3.44,31994.8,35037.6,-0.0189,0.0917,146.8,97.2,0.514
3.46,31937.9,34983.6,-0.2384,-0.0411,146.8,97.2,0.514
3.48,31897.8,34817.9,-0.3935,-0.4484,146.8,97.2,0.514
3.5,31893.1,34852.7,-0.4114,-0.3627,146.8,97.2,0.514
3.52,31875.1,34710.2,-0.4809,-0.7129,146.8,97.2,0.514
3.54,31803.5,34637.5,-0.7572,-0.8918,146.8,97.2,0.514
3.56,31922.4,34685.6,-0.2982,-0.7735,146.8,97.2,0.514
3.58,31843.3,34597.3,-0.6038,-0.9906,146.8,97.2,0.514
3.6,31809.7,34557.5,-0.7334,-1.0883,146.8,97.2,0.514
3.62,31662.7,34365.9,-1.3004,-1.5591,146.8,97.2,0.514
3.64,31782.8,34555.9,-0.8371,-1.0922,146.8,97.2,0.514
3.66,31894.9,34771.0,-0.4044,-0.5636,146.8,97.2,0.514
3.68,32114.6,35193.2,0.4432,0.474,146.8,97.2,0.514
3.7,32278.4,35536.0,1.0754,1.3165,146.8,97.2,0.514
3.72,32306.4,35748.3,1.1832,1.8383,146.8,97.2,0.514
3.74,32313.6,35710.2,1.2112,1.7447,146.8,97.2,0.514
3.76,32337.7,35581.2,1.3041,1.4277,146.8,97.2,0.514
3.78,32114.4,35316.5,0.4425,0.777,146.8,97.2,0.514
3.8,32090.7,35228.6,0.3511,0.5611,146.8,97.2,0.514
3.82,32053.7,34995.2,0.2084,-0.0127,146.8,97.2,0.514
3.84,31974.8,35071.7,-0.0961,0.1754,146.8,97.2,0.514
3.86,32016.9,35031.1,0.0663,0.0756,146.8,97.2,0.514
3.88,31986.7,34946.2,-0.0501,-0.1329,146.8,97.2,0.514
3.9,31901.8,34794.5,-0.3778,-0.5059,146.8,97.2,0.514
3.92,31892.0,34613.5,-0.4157,-0.9507,146.8,97.2,0.514
3.94,31861.6,34694.1,-0.5332,-0.7526,146.8,97.2,0.514
3.96,31959.7,34651.0,-0.1543,-0.8586,146.8,97.2,0.514
3.98,31788.1,34520.1,-0.8167,-1.1801,146.8,97.2,0.514
4.0,31753.9,34473.4,-0.9487,-1.2951,146.8,97.2,0.514
4.02,31722.0,34384.6,-1.0716,-1.5133,146.8,97.2,0.514
4.04,31788.9,34496.1,-0.8135,-1.2392,146.8,97.2,0.514
4.06,31869.6,34726.6,-0.5021,-0.6726,146.8,97.2,0.514
4.08,32100.1,34940.8,0.3872,-0.1463,146.8,97.2,0.514
4.1,32247.3,35391.8,0.9552,0.9622,146.8,97.2,0.514
4.12,32395.7,35649.7,1.528,1.596,146.8,97.2,0.514
4.14,32435.1,35813.7,1.6802,1.9991,146.8,97.2,0.514
4.16,32262.1,35660.0,1.0126,1.6214,146.8,97.2,0.514
4.18,32220.5,35412.8,0.852,1.0138,146.8,97.2,0.514
4.2,32085.5,35194.1,0.3311,0.4762,146.8,97.2,0.514
4.22,32107.6,35063.0,0.4164,0.154,146.8,97.2,0.514
4.24,32065.6,35077.4,0.2542,0.1895,146.8,97.2,0.514
4.26,32005.3,35046.9,0.0216,0.1144,146.8,97.2,0.514
4.28,31990.4,34951.6,-0.0359,-0.1196,146.8,97.2,0.514
4.3,31893.4,34864.5,-0.4102,-0.3338,146.8,97.2,0.514
4.32,31819.1,34624.3,-0.6969,-0.924,146.8,97.2,0.514
4.34,31865.5,34674.5,-0.5179,-0.8009,146.8,97.2,0.514
4.36,31851.7,34741.7,-0.5713,-0.6355,146.8,97.2,0.514
4.38,31828.7,34650.7,-0.6601,-0.8593,146.8,97.2,0.514
4.4,31840.6,34542.1,-0.614,-1.1263,146.8,97.2,0.514
4.42,31757.7,34577.3,-0.9338,-1.0397,146.8,97.2,0.514
4.44,31818.3,34426.1,-0.7001,-1.4113,146.8,97.2,0.514
4.46,31934.5,34605.6,-0.2516,-0.9702,146.8,97.2,0.514
4.48,31970.5,34798.6,-0.1129,-0.4959,146.8,97.2,0.514
4.5,32093.5,35310.5,0.3617,0.7624,146.8,97.2,0.514
4.52,32272.4,35485.5,1.0521,1.1925,146.8,97.2,0.514
4.54,32303.5,35774.6,1.1721,1.9029,146.8,97.2,0.514
4.56,32187.3,35753.7,0.7236,1.8516,146.8,97.2,0.514
4.58,32267.2,35504.4,1.0323,1.239,146.8,97.2,0.514
4.6,32088.1,35384.7,0.3411,0.9446,146.8,97.2,0.514
4.62,32071.9,35132.4,0.2786,0.3247,146.8,97.2,0.514
4.64,32096.5,35078.5,0.3735,0.192,146.8,97.2,0.514
4.66,32029.0,35044.1,0.1129,0.1076,146.8,97.2,0.514
4.68,31995.9,34987.2,-0.0146,-0.0322,146.8,97.2,0.514
4.7,32017.8,34989.1,0.0697,-0.0276,146.8,97.2,0.514
4.72,31818.9,34717.8,-0.6979,-0.6945,146.8,97.2,0.514
4.74,31816.2,34717.1,-0.7083,-0.696,146.8,97.2,0.514
4.76,31859.8,34684.3,-0.54,-0.7767,146.8,97.2,0.514
4.78,31792.7,34662.4,-0.7991,-0.8304,146.8,97.2,0.514
4.8,31891.5,34621.5,-0.4178,-0.931,146.8,97.2,0.514
4.82,31825.6,34570.2,-0.6718,-1.0571,146.8,97.2,0.514
4.84,31810.2,34406.3,-0.7313,-1.4599,146.8,97.2,0.514
4.86,31822.7,34488.9,-0.6832,-1.257,146.8,97.2,0.514
4.88,31880.0,34715.5,-0.4622,-0.7001,146.8,97.2,0.514
4.9,32084.8,35086.7,0.3283,0.2124,146.8,97.2,0.514
4.92,32238.5,35422.6,0.9215,1.0378,146.8,97.2,0.514
4.94,32298.3,35627.2,1.152,1.5406,146.8,97.2,0.514
4.96,32299.0,35739.1,1.1547,1.8157,146.8,97.2,0.514
4.98,32260.0,35741.6,1.0042,1.8217,146.8,97.2,0.514
5.0,32150.9,35376.7,0.5831,0.925,146.8,97.2,0.514
5.02,32174.4,35202.9,0.674,0.4979,146.8,97.2,0.514
5.04,32044.5,35281.4,0.1726,0.6908,146.8,97.2,0.514
5.06,32003.3,35118.2,0.0139,0.2897,146.8,97.2,0.514
5.08,31976.8,35087.4,-0.0884,0.214,146.8,97.2,0.514
5.1,32039.7,34903.6,0.1542,-0.2378,146.8,97.2,0.514
5.12,31850.2,34700.9,-0.577,-0.736,146.8,97.2,0.514
5.14,31918.5,34697.9,-0.3133,-0.7431,146.8,97.2,0.514
5.16,31732.0,34750.1,-1.033,-0.6149,146.8,97.2,0.514
5.18,31845.4,34622.4,-0.5956,-0.9287,146.8,97.2,0.514
5.2,31814.1,34638.8,-0.7165,-0.8885,146.8,97.2,0.514
5.22,31818.8,34598.2,-0.6981,-0.9882,146.8,97.2,0.514
5.24,31728.2,34439.2,-1.0478,-1.379,146.8,97.2,0.514
5.26,31813.4,34528.6,-0.719,-1.1593,146.8,97.2,0.514
5.28,31854.1,34576.1,-0.562,-1.0427,146.8,97.2,0.514
5.3,31906.5,34905.3,-0.3596,-0.2335,146.8,97.2,0.514
5.32,32137.2,35366.5,0.5303,0.8998,146.8,97.2,0.514
5.34,32268.2,35648.4,1.0361,1.5928,146.8,97.2,0.514
5.36,32398.6,35824.7,1.539,2.026,146.8,97.2,0.514
5.38,32281.9,35710.2,1.0889,1.7448,146.8,97.2,0.514
5.4,32317.2,35436.7,1.2251,1.0724,146.8,97.2,0.514
5.42,32217.9,35379.7,0.8419,0.9324,146.8,97.2,0.514
5.44,32099.0,35217.0,0.3831,0.5324,146.8,97.2,0.514
5.46,31961.8,35120.6,-0.1462,0.2956,146.8,97.2,0.514
5.48,31966.5,35183.9,-0.1284,0.4513,146.8,97.2,0.514
5.5,31949.3,34920.9,-0.1947,-0.1953,146.8,97.2,0.514
5.52,31996.3,34809.6,-0.0132,-0.4687,146.8,97.2,0.514
5.54,31800.3,34794.3,-0.7694,-0.5062,146.8,97.2,0.514
5.56,31860.9,34698.4,-0.5359,-0.742,146.8,97.2,0.514
5.58,31792.6,34700.8,-0.7994,-0.7362,146.8,97.2,0.514
5.6,31912.6,34667.5,-0.3363,-0.818,146.8,97.2,0.514
5.62,31772.8,34532.5,-0.8756,-1.1498,146.8,97.2,0.514
5.64,31710.1,34532.8,-1.1178,-1.1491,146.8,97.2,0.514
5.66,31630.6,34443.1,-1.4245,-1.3694,146.8,97.2,0.514
5.68,31818.2,34539.0,-0.7006,-1.1337,146.8,97.2,0.514
5.7,31947.8,34818.6,-0.2005,-0.4465,146.8,97.2,0.514
5.72,32080.8,35159.6,0.3129,0.3914,146.8,97.2,0.514
5.74,32238.0,35459.5,0.9194,1.1284,146.8,97.2,0.514
5.76,32311.2,35722.6,1.2019,1.7751,146.8,97.2,0.514
5.78,32312.5,35743.2,1.2071,1.8257,146.8,97.2,0.514
5.8,32309.5,35560.9,1.1955,1.3776,146.8,97.2,0.514
5.82,32155.4,35347.8,0.6007,0.854,146.8,97.2,0.514
5.84,32094.2,35204.3,0.3645,0.5012,146.8,97.2,0.514
5.86,32045.5,35038.6,0.1767,0.0941,146.8,97.2,0.514
5.88,32104.8,35080.1,0.4055,0.196,146.8,97.2,0.514
5.9,31975.9,35062.2,-0.0918,0.1522,146.8,97.2,0.514
5.92,32010.1,34819.1,0.0401,-0.4453,146.8,97.2,0.514
5.94,31904.5,34724.7,-0.3676,-0.6775,146.8,97.2,0.514
5.96,31898.4,34649.6,-0.391,-0.8619,146.8,97.2,0.514
5.98,31801.5,34636.3,-0.7648,-0.8946,146.8,97.2,0.514
6.0,31836.5,34683.4,-0.6299,-0.7789,146.8,97.2,0.514
6.02,31964.5,34728.7,-0.1359,-0.6677,146.8,97.2,0.514
6.04,31887.3,34446.3,-0.434,-1.3616,146.8,97.2,0.514
6.06,31795.3,34438.3,-0.7888,-1.3814,146.8,97.2,0.514
6.08,31762.6,34468.9,-0.915,-1.3061,146.8,97.2,0.514
6.1,31860.5,34608.9,-0.5374,-0.9619,146.8,97.2,0.514
6.12,31860.5,34971.9,-0.5371,-0.0698,146.8,97.2,0.514
6.14,32164.1,35335.5,0.6342,0.8238,146.8,97.2,0.514
6.16,32307.6,35631.2,1.1878,1.5506,146.8,97.2,0.514
6.18,32368.2,35839.9,1.4217,2.0634,146.8,97.2,0.514
6.2,32252.5,35713.0,0.9754,1.7516,146.8,97.2,0.514
6.22,32272.0,35461.8,1.0507,1.1341,146.8,97.2,0.514
6.24,32133.1,35255.2,0.5144,0.6264,146.8,97.2,0.514
6.26,32047.0,35188.2,0.1824,0.4618,146.8,97.2,0.514
6.28,32019.6,35056.1,0.0765,0.1372,146.8,97.2,0.514
6.3,31918.4,35025.3,-0.314,0.0613,146.8,97.2,0.514
6.32,31910.2,34964.7,-0.3453,-0.0875,146.8,97.2,0.514
6.34,31954.7,34854.3,-0.1739,-0.3588,146.8,97.2,0.514
6.36,31955.0,34757.5,-0.1727,-0.5968,146.8,97.2,0.514
6.38,31870.2,34729.6,-0.4998,-0.6654,146.8,97.2,0.514
6.4,31831.9,34699.5,-0.6475,-0.7393,146.8,97.2,0.514
6.42,31854.3,34619.8,-0.5612,-0.9352,146.8,97.2,0.514
6.44,31795.5,34568.4,-0.7881,-1.0615,146.8,97.2,0.514
6.46,31833.0,34486.4,-0.6432,-1.2631,146.8,97.2,0.514
6.48,31676.4,34496.1,-1.2477,-1.2391,146.8,97.2,0.514
6.5,31782.0,34503.8,-0.8401,-1.2202,146.8,97.2,0.514
6.52,31849.0,34814.5,-0.5817,-0.4566,146.8,97.2,0.514
6.54,32077.8,35297.6,0.3012,0.7306,146.8,97.2,0.514
6.56,32222.6,35554.5,0.8602,1.362,146.8,97.2,0.514
6.58,32383.4,35662.2,1.4806,1.6267,146.8,97.2,0.514
6.6,32295.1,35831.3,1.1398,2.0422,146.8,97.2,0.514
6.62,32293.4,35613.1,1.1333,1.506,146.8,97.2,0.514
6.64,32173.4,35365.5,0.67,0.8976,146.8,97.2,0.514
6.66,32115.9,35139.1,0.4482,0.3411,146.8,97.2,0.514
6.68,32071.3,35137.5,0.2762,0.3372,146.8,97.2,0.514
6.7,32027.9,34975.8,0.1087,-0.0603,146.8,97.2,0.514
6.72,31910.6,34995.3,-0.3439,-0.0124,146.8,97.2,0.514
6.74,31970.2,34856.9,-0.1138,-0.3524,146.8,97.2,0.514
6.76,31873.6,34782.8,-0.4868,-0.5347,146.8,97.2,0.514
6.78,31859.7,34643.3,-0.5402,-0.8775,146.8,97.2,0.514
6.8,31780.7,34708.3,-0.8452,-0.7176,146.8,97.2,0.514
6.82,31786.4,34707.6,-0.8233,-0.7193,146.8,97.2,0.514
6.84,31724.7,34585.3,-1.0614,-1.02,146.8,97.2,0.514
6.86,31742.3,34600.7,-0.9934,-0.9822,146.8,97.2,0.514
6.88,31806.0,34523.3,-0.7477,-1.1725,146.8,97.2,0.514
6.9,31763.7,34514.3,-0.9109,-1.1946,146.8,97.2,0.514
6.92,31798.1,34601.4,-0.7781,-0.9804,146.8,97.2,0.514
6.94,31904.6,34993.1,-0.3671,-0.0177,146.8,97.2,0.514
6.96,32135.8,35362.6,0.5249,0.8905,146.8,97.2,0.514
6.98,32246.5,35670.5,0.9521,1.6472,146.8,97.2,0.514
7.0,32298.2,35724.5,1.1518,1.7797,146.8,97.2,0.514
7.02,32348.0,35705.3,1.3437,1.7327,146.8,97.2,0.514
7.04,32289.8,35439.5,1.1192,1.0794,146.8,97.2,0.514
7.06,32063.5,35294.8,0.2462,0.7237,146.8,97.2,0.514
7.08,32020.8,35140.9,0.0814,0.3455,146.8,97.2,0.514
7.1,32056.2,35094.0,0.2178,0.2303,146.8,97.2,0.514
7.12,32050.1,35015.5,0.1945,0.0374,146.8,97.2,0.514
7.14,32068.4,34864.8,0.2651,-0.3331,146.8,97.2,0.514
7.16,31941.8,34782.8,-0.2237,-0.5345,146.8,97.2,0.514
7.18,31863.3,34626.3,-0.5264,-0.9191,146.8,97.2,0.514
7.2,31806.1,34730.2,-0.7473,-0.6638,146.8,97.2,0.514
7.22,31853.7,34645.2,-0.5635,-0.8727,146.8,97.2,0.514
7.24,31875.2,34616.5,-0.4804,-0.9432,146.8,97.2,0.514
7.26,31872.1,34557.8,-0.4926,-1.0876,146.8,97.2,0.514
7.28,31825.6,34458.5,-0.6719,-1.3316,146.8,97.2,0.514
7.3,31747.4,34479.4,-0.9737,-1.2801,146.8,97.2,0.514
7.32,31706.8,34565.8,-1.1305,-1.0679,146.8,97.2,0.514
7.34,31916.4,34787.1,-0.3214,-0.524,146.8,97.2,0.514
7.36,32083.6,35212.6,0.3235,0.5216,146.8,97.2,0.514
7.38,32275.9,35589.6,1.0657,1.4483,146.8,97.2,0.514
7.4,32287.3,35721.1,1.1097,1.7713,146.8,97.2,0.514
7.42,32276.7,35765.5,1.0688,1.8807,146.8,97.2,0.514
7.44,32167.7,35521.4,0.6482,1.2807,146.8,97.2,0.514
7.46,32192.3,35354.6,0.7433,0.8708,146.8,97.2,0.514
7.48,32127.6,35103.2,0.4932,0.2529,146.8,97.2,0.514
7.5,32007.5,35079.1,0.0299,0.1937,146.8,97.2,0.514
7.52,32028.6,35054.8,0.1112,0.134,146.8,97.2,0.514
7.54,31930.2,35043.0,-0.2684,0.105,146.8,97.2,0.514
7.56,31848.6,34895.3,-0.5833,-0.2581,146.8,97.2,0.514
7.58,31864.8,34756.8,-0.5206,-0.5984,146.8,97.2,0.514
7.6,31863.8,34674.7,-0.5245,-0.8002,146.8,97.2,0.514
7.62,31774.4,34674.0,-0.8695,-0.802,146.8,97.2,0.514
7.64,31890.7,34751.4,-0.4207,-0.6117,146.8,97.2,0.514
7.66,31812.9,34552.3,-0.721,-1.1011,146.8,97.2,0.514
7.68,31720.3,34503.8,-1.0782,-1.2203,146.8,97.2,0.514
7.7,31801.9,34436.2,-0.7635,-1.3864,146.8,97.2,0.514
7.72,31875.0,34496.6,-0.4814,-1.238,146.8,97.2,0.514
7.74,31905.4,34686.5,-0.3639,-0.7712,146.8,97.2,0.514
7.76,32044.0,35040.0,0.1709,0.0975,146.8,97.2,0.514
7.78,32217.2,35379.8,0.839,0.9327,146.8,97.2,0.514
7.8,32279.4,35713.9,1.0793,1.7537,146.8,97.2,0.514
7.82,32290.8,35830.8,1.1232,2.0409,146.8,97.2,0.514
7.84,32306.0,35641.4,1.1818,1.5755,146.8,97.2,0.514
7.86,32186.9,35456.1,0.7222,1.1202,146.8,97.2,0.514
7.88,32122.3,35360.4,0.4732,0.885,146.8,97.2,0.514
7.9,32124.2,35143.8,0.4802,0.3527,146.8,97.2,0.514
7.92,32066.5,35008.3,0.2575,0.0196,146.8,97.2,0.514
7.94,31978.6,35038.2,-0.0814,0.0932,146.8,97.2,0.514
7.96,31959.1,34958.6,-0.1567,-0.1025,146.8,97.2,0.514
7.98,31904.3,34823.3,-0.3682,-0.4351,146.8,97.2,0.514
8.0,31886.1,34716.5,-0.4385,-0.6976,146.8,97.2,0.514
8.02,31868.8,34683.8,-0.5052,-0.7779,146.8,97.2,0.514
8.04,31786.9,34696.4,-0.8214,-0.7469,146.8,97.2,0.514
8.06,31817.5,34645.7,-0.7031,-0.8716,146.8,97.2,0.514
8.08,31819.4,34626.8,-0.6958,-0.9179,146.8,97.2,0.514
8.1,31816.8,34435.7,-0.7059,-1.3876,146.8,97.2,0.514
8.12,31657.2,34499.1,-1.3217,-1.2318,146.8,97.2,0.514
8.14,31808.4,34517.5,-0.7384,-1.1867,146.8,97.2,0.514
8.16,31935.2,34855.8,-0.249,-0.3553,146.8,97.2,0.514
8.18,32187.3,35347.4,0.7237,0.853,146.8,97.2,0.514
8.2,32252.2,35639.4,0.9744,1.5706,146.8,97.2,0.514
8.22,32401.3,35703.2,1.5495,1.7275,146.8,97.2,0.514
8.24,32282.9,35700.4,1.0928,1.7205,146.8,97.2,0.514
8.26,32269.4,35498.8,1.0407,1.225,146.8,97.2,0.514
8.28,32227.2,35293.1,0.8778,0.7195,146.8,97.2,0.514
8.3,32111.3,35206.3,0.4304,0.5062,146.8,97.2,0.514
8.32,32074.7,35106.0,0.2893,0.2596,146.8,97.2,0.514
8.34,32066.2,35085.6,0.2566,0.2096,146.8,97.2,0.514
8.36,31933.6,35004.7,-0.2553,0.0107,146.8,97.2,0.514
8.38,31937.4,34873.9,-0.2404,-0.3106,146.8,97.2,0.514
8.4,31939.0,34809.2,-0.2344,-0.4696,146.8,97.2,0.514
8.42,31794.3,34658.7,-0.7926,-0.8397,146.8,97.2,0.514
8.44,31810.4,34748.7,-0.7304,-0.6183,146.8,97.2,0.514
8.46,31882.0,34745.9,-0.4543,-0.6252,146.8,97.2,0.514
8.48,31837.0,34558.2,-0.628,-1.0866,146.8,97.2,0.514
8.5,31893.7,34520.3,-0.409,-1.1796,146.8,97.2,0.514
8.52,31712.1,34448.9,-1.1098,-1.3551,146.8,97.2,0.514
8.54,31718.5,34538.4,-1.0852,-1.1354,146.8,97.2,0.514
8.56,31872.4,34849.9,-0.4912,-0.3697,146.8,97.2,0.514
8.58,32037.2,35179.6,0.1447,0.4407,146.8,97.2,0.514
8.6,32265.6,35494.2,1.0259,1.2137,146.8,97.2,0.514
8.62,32295.8,35702.4,1.1426,1.7256,146.8,97.2,0.514
8.64,32359.4,35773.6,1.3879,1.9004,146.8,97.2,0.514
8.66,32269.7,35604.8,1.0418,1.4855,146.8,97.2,0.514
8.68,32210.0,35438.8,0.8113,1.0776,146.8,97.2,0.514
8.7,32118.1,35162.9,0.4567,0.3995,146.8,97.2,0.514
8.72,32110.0,35101.5,0.4254,0.2487,146.8,97.2,0.514
8.74,31989.9,34992.4,-0.0379,-0.0195,146.8,97.2,0.514
8.76,32064.6,34928.7,0.2503,-0.1761,146.8,97.2,0.514
8.78,31955.8,34951.4,-0.1696,-0.1202,146.8,97.2,0.514
8.8,32032.6,34852.1,0.1266,-0.3642,146.8,97.2,0.514
8.82,31888.2,34764.8,-0.4305,-0.579,146.8,97.2,0.514
8.84,31810.5,34680.9,-0.7301,-0.7851,146.8,97.2,0.514
8.86,31819.5,34572.7,-0.6953,-1.0509,146.8,97.2,0.514
8.88,31830.0,34534.3,-0.6552,-1.1453,146.8,97.2,0.514
8.9,31819.1,34541.1,-0.6971,-1.1285,146.8,97.2,0.514
8.92,31781.5,34497.3,-0.842,-1.2363,146.8,97.2,0.514
8.94,31697.1,34368.0,-1.1679,-1.554,146.8,97.2,0.514
8.96,31761.7,34559.9,-0.9184,-1.0824,146.8,97.2,0.514
8.98,32025.6,34965.1,0.0999,-0.0865,146.8,97.2,0.514
9.0,32263.1,35320.5,1.0165,0.787,146.8,97.2,0.514
9.02,32247.8,35605.0,0.9573,1.4861,146.8,97.2,0.514
9.04,32420.9,35914.6,1.6254,2.2469,146.8,97.2,0.514
9.06,32437.2,35647.2,1.6881,1.5897,146.8,97.2,0.514
9.08,32241.3,35567.3,0.9322,1.3936,146.8,97.2,0.514
9.1,32165.2,35297.4,0.6385,0.7301,146.8,97.2,0.514
9.12,32229.9,35188.6,0.8881,0.4627,146.8,97.2,0.514
9.14,32091.1,35088.6,0.3527,0.217,146.8,97.2,0.514
9.16,32032.4,35138.3,0.1261,0.3391,146.8,97.2,0.514
9.18,31961.4,35022.5,-0.1479,0.0544,146.8,97.2,0.514
9.2,31979.9,34926.3,-0.0764,-0.1819,146.8,97.2,0.514
9.22,31884.9,34761.6,-0.4431,-0.5866,146.8,97.2,0.514
9.24,31876.6,34715.4,-0.4752,-0.7002,146.8,97.2,0.514
9.26,31803.1,34656.3,-0.7587,-0.8456,146.8,97.2,0.514
9.28,31827.5,34634.0,-0.6645,-0.9003,146.8,97.2,0.514
9.3,31768.2,34578.6,-0.8936,-1.0363,146.8,97.2,0.514
9.32,31710.4,34530.9,-1.1163,-1.1537,146.8,97.2,0.514
9.34,31765.3,34457.6,-0.9045,-1.3338,146.8,97.2,0.514
9.36,31773.3,34542.3,-0.8739,-1.1257,146.8,97.2,0.514
9.38,31872.0,34748.4,-0.493,-0.619,146.8,97.2,0.514
9.4,32037.6,35234.6,0.1461,0.5757,146.8,97.2,0.514
9.42,32298.6,35611.2,1.1534,1.5013,146.8,97.2,0.514
9.44,32352.9,35692.1,1.3628,1.7002,146.8,97.2,0.514
9.46,32314.3,35624.2,1.214,1.5334,146.8,97.2,0.514
9.48,32285.8,35657.4,1.104,1.6149,146.8,97.2,0.514
9.5,32235.9,35366.9,0.9112,0.901,146.8,97.2,0.514
9.52,32013.3,35252.7,0.0524,0.6203,146.8,97.2,0.514
9.54,32055.1,35116.5,0.2136,0.2856,146.8,97.2,0.514
9.56,31975.9,35105.3,-0.0919,0.2579,146.8,97.2,0.514
9.58,32027.5,35037.6,0.1073,0.0917,146.8,97.2,0.514
9.6,31851.6,34919.7,-0.5716,-0.1982,146.8,97.2,0.514
9.62,31875.7,34815.4,-0.4786,-0.4544,146.8,97.2,0.514
9.64,31837.7,34609.8,-0.6253,-0.9597,146.8,97.2,0.514
9.66,31701.9,34672.2,-1.1492,-0.8064,146.8,97.2,0.514
9.68,31780.7,34668.0,-0.845,-0.8167,146.8,97.2,0.514
9.7,31872.3,34563.2,-0.4917,-1.0742,146.8,97.2,0.514
9.72,31923.2,34546.8,-0.2953,-1.1146,146.8,97.2,0.514
9.74,31803.6,34368.1,-0.7569,-1.5538,146.8,97.2,0.514
9.76,31780.8,34458.8,-0.8449,-1.3309,146.8,97.2,0.514
9.78,31904.3,34648.0,-0.3684,-0.8658,146.8,97.2,0.514
9.8,32034.2,35009.9,0.1331,0.0236,146.8,97.2,0.514
9.82,32175.3,35374.1,0.6774,0.9186,146.8,97.2,0.514
9.84,32309.3,35655.0,1.1947,1.609,146.8,97.2,0.514
9.86,32391.9,35667.1,1.5134,1.6387,146.8,97.2,0.514
9.88,32383.6,35682.0,1.4812,1.6753,146.8,97.2,0.514
9.9,32204.5,35418.0,0.7902,1.0266,146.8,97.2,0.514
9.92,32168.8,35192.0,0.6522,0.471,146.8,97.2,0.514
9.94,32048.7,35111.0,0.1888,0.2721,146.8,97.2,0.514
9.96,32030.3,35150.5,0.1178,0.3692,146.8,97.2,0.514
9.98,31948.1,34976.7,-0.1991,-0.0581,146.8,97.2,0.514
10.0,31895.5,34930.8,-0.402,-0.1708,146.8,97.2,0.514
10.02,32042.9,34861.5,0.1667,-0.3412,146.8,97.2,0.514
10.04,31875.5,34737.4,-0.4793,-0.6462,146.8,97.2,0.514
10.06,31907.7,34662.2,-0.3551,-0.8309,146.8,97.2,0.514
10.08,31853.7,34671.2,-0.5637,-0.8089,146.8,97.2,0.514
10.1,31884.8,34602.3,-0.4437,-0.9783,146.8,97.2,0.514
10.12,31811.8,34584.1,-0.725,-1.023,146.8,97.2,0.514
10.14,31763.8,34547.5,-0.9102,-1.1129,146.8,97.2,0.514
10.16,31783.7,34405.8,-0.8336,-1.4612,146.8,97.2,0.514
10.18,31819.3,34610.8,-0.6963,-0.9574,146.8,97.2,0.514
10.2,31836.7,34797.5,-0.629,-0.4984,146.8,97.2,0.514
10.22,32098.7,35242.0,0.3818,0.5939,146.8,97.2,0.514
10.24,32242.2,35504.2,0.9358,1.2383,146.8,97.2,0.514
10.26,32379.2,35818.5,1.4645,2.0109,146.8,97.2,0.514
10.28,32277.5,35645.6,1.0718,1.586,146.8,97.2,0.514
10.3,32175.8,35539.0,0.6795,1.3238,146.8,97.2,0.514
10.32,32215.8,35409.4,0.8336,1.0053,146.8,97.2,0.514
10.34,32096.0,35259.7,0.3714,0.6374,146.8,97.2,0.514
10.36,32023.1,35037.7,0.0901,0.0919,146.8,97.2,0.514
10.38,31992.1,35010.3,-0.0296,0.0245,146.8,97.2,0.514
10.4,32013.7,35004.1,0.0537,0.0093,146.8,97.2,0.514
10.42,31964.9,34826.0,-0.1343,-0.4284,146.8,97.2,0.514
10.44,31867.1,34724.0,-0.5119,-0.6791,146.8,97.2,0.514
10.46,31804.4,34801.3,-0.7536,-0.489,146.8,97.2,0.514
10.48,31792.7,34563.8,-0.799,-1.0729,146.8,97.2,0.514
10.5,31909.7,34722.6,-0.3474,-0.6825,146.8,97.2,0.514
10.52,31947.7,34573.3,-0.2007,-1.0496,146.8,97.2,0.514
10.54,31742.0,34530.1,-0.9944,-1.1558,146.8,97.2,0.514
10.56,31711.1,34451.8,-1.1139,-1.348,146.8,97.2,0.514
10.58,31853.9,34587.7,-0.5627,-1.014,146.8,97.2,0.514
10.6,31829.9,34650.7,-0.6553,-0.8593,146.8,97.2,0.514
10.62,31925.6,34991.0,-0.2861,-0.0229,146.8,97.2,0.514
10.64,32228.9,35430.8,0.8844,1.0579,146.8,97.2,0.514
10.66,32320.0,35670.8,1.2359,1.6479,146.8,97.2,0.514
10.68,32319.7,35717.8,1.2348,1.7634,146.8,97.2,0.514
10.7,32342.0,35610.5,1.3207,1.4995,146.8,97.2,0.514
10.72,32214.2,35355.1,0.8277,0.872,146.8,97.2,0.514
10.74,32077.9,35223.3,0.3017,0.5479,146.8,97.2,0.514
10.76,32080.0,35072.9,0.3096,0.1785,146.8,97.2,0.514
10.78,32125.1,35118.6,0.4839,0.2907,146.8,97.2,0.514
10.8,32051.2,35135.0,0.1987,0.3311,146.8,97.2,0.514
10.82,32022.8,34960.7,0.089,-0.0973,146.8,97.2,0.514
10.84,31847.5,34849.4,-0.5873,-0.371,146.8,97.2,0.514
10.86,31904.6,34665.0,-0.3673,-0.8242,146.8,97.2,0.514
10.88,31919.6,34669.1,-0.3092,-0.8141,146.8,97.2,0.514
10.9,31807.8,34590.0,-0.7407,-1.0085,146.8,97.2,0.514
10.92,31774.9,34667.2,-0.8675,-0.8188,146.8,97.2,0.514
10.94,31812.6,34557.6,-0.722,-1.088,146.8,97.2,0.514
10.96,31851.1,34560.9,-0.5736,-1.0799,146.8,97.2,0.514
10.98,31667.0,34473.8,-1.2841,-1.294,146.8,97.2,0.514
11.0,31777.5,34549.7,-0.8577,-1.1076,146.8,97.2,0.514
11.02,31938.8,34918.7,-0.2351,-0.2006,146.8,97.2,0.514
11.04,32155.9,35161.2,0.6026,0.3955,146.8,97.2,0.514
11.06,32297.6,35623.4,1.1496,1.5314,146.8,97.2,0.514
11.08,32360.0,35693.2,1.3903,1.7028,146.8,97.2,0.514
11.1,32323.5,35610.6,1.2495,1.4998,146.8,97.2,0.514
11.12,32169.1,35487.2,0.6537,1.1967,146.8,97.2,0.514
11.14,32126.2,35416.8,0.4879,1.0236,146.8,97.2,0.514
11.16,32075.9,35255.5,0.2938,0.627,146.8,97.2,0.514
11.18,32011.5,35164.4,0.0455,0.4033,146.8,97.2,0.514
11.2,32025.9,34953.0,0.1011,-0.1163,146.8,97.2,0.514
11.22,31964.0,35015.0,-0.1378,0.0362,146.8,97.2,0.514
11.24,31893.8,34933.9,-0.4086,-0.1633,146.8,97.2,0.514
11.26,31931.4,34784.6,-0.2636,-0.5302,146.8,97.2,0.514
11.28,31864.5,34767.2,-0.522,-0.5728,146.8,97.2,0.514
11.3,31893.8,34653.0,-0.4087,-0.8537,146.8,97.2,0.514
11.32,31818.9,34651.7,-0.6978,-0.8568,146.8,97.2,0.514
11.34,31749.1,34619.2,-0.9672,-0.9367,146.8,97.2,0.514
11.36,31809.1,34417.3,-0.7356,-1.4328,146.8,97.2,0.514
11.38,31692.8,34446.6,-1.1843,-1.3608,146.8,97.2,0.514
11.4,31763.9,34564.7,-0.9102,-1.0707,146.8,97.2,0.514
11.42,31879.9,34762.1,-0.4624,-0.5856,146.8,97.2,0.514
11.44,31950.4,35048.5,-0.1903,0.1184,146.8,97.2,0.514
11.46,32219.0,35482.0,0.846,1.1838,146.8,97.2,0.514
11.48,32359.1,35727.6,1.3869,1.7873,146.8,97.2,0.514
11.5,32468.5,35731.0,1.809,1.7958,146.8,97.2,0.514
11.52,32274.8,35617.2,1.0616,1.5161,146.8,97.2,0.514
11.54,32180.7,35419.9,0.6984,1.0312,146.8,97.2,0.514
11.56,32093.3,35219.0,0.3609,0.5375,146.8,97.2,0.514
11.58,32038.6,35169.2,0.1499,0.4151,146.8,97.2,0.514
11.6,32050.2,35068.4,0.1946,0.1672,146.8,97.2,0.514
11.62,32046.1,35037.8,0.1788,0.0922,146.8,97.2,0.514
11.64,31937.3,34876.0,-0.2407,-0.3054,146.8,97.2,0.514
11.66,31889.5,34916.4,-0.4254,-0.2063,146.8,97.2,0.514
11.68,31834.8,34730.4,-0.6365,-0.6634,146.8,97.2,0.514
11.7,31887.9,34723.3,-0.4314,-0.6808,146.8,97.2,0.514
11.72,31900.9,34645.9,-0.3813,-0.8711,146.8,97.2,0.514
11.74,31855.9,34707.7,-0.5549,-0.7191,146.8,97.2,0.514
11.76,31802.4,34579.4,-0.7616,-1.0344,146.8,97.2,0.514
11.78,31728.3,34586.5,-1.0476,-1.017,146.8,97.2,0.514
11.8,31732.4,34499.4,-1.0315,-1.2312,146.8,97.2,0.514
11.82,31810.9,34569.2,-0.7287,-1.0595,146.8,97.2,0.514
11.84,31878.9,34873.3,-0.4662,-0.3122,146.8,97.2,0.514
11.86,32164.0,35362.7,0.6337,0.8906,146.8,97.2,0.514
11.88,32170.7,35577.8,0.6596,1.4193,146.8,97.2,0.514
11.9,32313.1,35804.8,1.2091,1.9771,146.8,97.2,0.514
11.92,32313.5,35735.8,1.2108,1.8077,146.8,97.2,0.514
11.94,32241.5,35425.2,0.9328,1.0442,146.8,97.2,0.514
11.96,32068.1,35304.8,0.2639,0.7483,146.8,97.2,0.514
11.98,32094.7,35200.1,0.3664,0.4909,146.8,97.2,0.514
12.0,32021.3,35104.9,0.0831,0.2571,146.8,97.2,0.514
12.02,32020.5,35077.5,0.0802,0.1897,146.8,97.2,0.514
12.04,31967.9,34945.2,-0.123,-0.1355,146.8,97.2,0.514
12.06,31961.7,34875.4,-0.1469,-0.3071,146.8,97.2,0.514
12.08,31813.2,34808.0,-0.7198,-0.4726,146.8,97.2,0.514
12.1,31792.5,34685.0,-0.7995,-0.7751,146.8,97.2,0.514
12.12,31790.0,34653.1,-0.8095,-0.8535,146.8,97.2,0.514
12.14,31807.6,34633.0,-0.7413,-0.9027,146.8,97.2,0.514
12.16,31780.1,34629.6,-0.8474,-0.9112,146.8,97.2,0.514
12.18,31729.3,34534.0,-1.0437,-1.1461,146.8,97.2,0.514
12.2,31725.1,34424.8,-1.0598,-1.4144,146.8,97.2,0.514
12.22,31770.2,34434.9,-0.8858,-1.3897,146.8,97.2,0.514
12.24,31882.0,34774.2,-0.4544,-0.5558,146.8,97.2,0.514
12.26,32106.1,35090.0,0.4103,0.2203,146.8,97.2,0.514
12.28,32261.2,35530.0,1.0091,1.3019,146.8,97.2,0.514
12.3,32367.9,35724.1,1.4205,1.7789,146.8,97.2,0.514
12.32,32296.3,35669.8,1.1443,1.6455,146.8,97.2,0.514
12.34,32313.2,35659.0,1.2096,1.6189,146.8,97.2,0.514
12.36,32258.7,35462.0,0.9994,1.1346,146.8,97.2,0.514
12.38,32032.5,35131.6,0.1263,0.3226,146.8,97.2,0.514
12.4,32041.9,35060.3,0.1628,0.1475,146.8,97.2,0.514
12.42,32018.5,35083.3,0.0723,0.204,146.8,97.2,0.514
12.44,32010.9,34987.1,0.043,-0.0325,146.8,97.2,0.514
12.46,31940.0,34894.2,-0.2304,-0.2608,146.8,97.2,0.514
12.48,31936.0,34777.4,-0.2459,-0.548,146.8,97.2,0.514
12.5,31863.0,34717.4,-0.5275,-0.6953,146.8,97.2,0.514
12.52,31825.9,34607.1,-0.6707,-0.9665,146.8,97.2,0.514
12.54,31842.2,34611.6,-0.6078,-0.9553,146.8,97.2,0.514
12.56,31906.9,34608.2,-0.3584,-0.9637,146.8,97.2,0.514
12.58,31752.9,34587.8,-0.9524,-1.0138,146.8,97.2,0.514
12.6,31714.1,34441.2,-1.1023,-1.3741,146.8,97.2,0.514
12.62,31669.5,34507.5,-1.2743,-1.2113,146.8,97.2,0.514
12.64,31863.2,34604.8,-0.5269,-0.9721,146.8,97.2,0.514
12.66,31978.3,34907.1,-0.0828,-0.2292,146.8,97.2,0.514
12.68,32148.2,35357.8,0.5731,0.8786,146.8,97.2,0.514
12.7,32262.2,35630.8,1.0129,1.5496,146.8,97.2,0.514
12.72,32373.8,35769.7,1.4434,1.8909,146.8,97.2,0.514
12.74,32294.9,35650.3,1.1392,1.5975,146.8,97.2,0.514
12.76,32217.0,35411.7,0.8385,1.0111,146.8,97.2,0.514
12.78,32173.1,35323.7,0.6691,0.7949,146.8,97.2,0.514
12.8,32013.2,35156.7,0.0519,0.3843,146.8,97.2,0.514
12.82,32012.7,35123.0,0.05,0.3016,146.8,97.2,0.514
12.84,32018.0,35001.8,0.0704,0.0036,146.8,97.2,0.514
12.86,31949.0,34946.2,-0.1956,-0.1329,146.8,97.2,0.514
12.88,31866.1,34880.1,-0.5157,-0.2954,146.8,97.2,0.514
12.9,31958.2,34727.1,-0.1602,-0.6714,146.8,97.2,0.514
12.92,31844.2,34751.4,-0.6001,-0.6117,146.8,97.2,0.514
12.94,31699.8,34735.6,-1.1575,-0.6507,146.8,97.2,0.514
12.96,31869.2,34650.1,-0.5036,-0.8608,146.8,97.2,0.514
12.98,31859.8,34570.7,-0.5402,-1.0558,146.8,97.2,0.514
13.0,31829.8,34497.2,-0.6557,-1.2364,146.8,97.2,0.514
13.02,31740.7,34403.4,-0.9995,-1.467,146.8,97.2,0.514
13.04,31671.3,34572.6,-1.2674,-1.0513,146.8,97.2,0.514
13.06,31945.4,34834.4,-0.2097,-0.4079,146.8,97.2,0.514
13.08,32111.0,35160.6,0.4295,0.394,146.8,97.2,0.514
13.1,32291.6,35516.2,1.1263,1.2679,146.8,97.2,0.514
13.12,32373.1,35681.8,1.4408,1.6748,146.8,97.2,0.514
13.14,32339.4,35737.5,1.3107,1.8117,146.8,97.2,0.514
13.16,32184.6,35504.1,0.7135,1.238,146.8,97.2,0.514
13.18,32183.9,35445.4,0.7105,1.0939,146.8,97.2,0.514
13.2,32061.6,35269.7,0.2388,0.6621,146.8,97.2,0.514
13.22,32027.0,35139.1,0.1051,0.3412,146.8,97.2,0.514
13.24,32010.0,35019.1,0.0395,0.0462,146.8,97.2,0.514
13.26,31958.8,34991.7,-0.1579,-0.0212,146.8,97.2,0.514
13.28,32012.7,35031.0,0.0499,0.0755,146.8,97.2,0.514
13.3,31924.5,34841.5,-0.2903,-0.3903,146.8,97.2,0.514
13.32,31903.5,34693.3,-0.3714,-0.7546,146.8,97.2,0.514
13.34,31847.1,34637.9,-0.5891,-0.8906,146.8,97.2,0.514
13.36,31803.7,34664.0,-0.7565,-0.8265,146.8,97.2,0.514
13.38,31803.8,34583.6,-0.7562,-1.0243,146.8,97.2,0.514
13.4,31737.3,34540.5,-1.0126,-1.13,146.8,97.2,0.514
13.42,31699.1,34488.0,-1.1601,-1.2591,146.8,97.2,0.514
13.44,31763.3,34535.3,-0.9123,-1.1429,146.8,97.2,0.514
13.46,31829.1,34644.2,-0.6584,-0.8752,146.8,97.2,0.514
13.48,31930.4,34955.7,-0.2674,-0.1098,146.8,97.2,0.514
13.5,32183.7,35412.8,0.7098,1.0137,146.8,97.2,0.514
13.52,32319.7,35557.2,1.2345,1.3687,146.8,97.2,0.514
13.54,32371.9,35760.2,1.4363,1.8674,146.8,97.2,0.514
13.56,32305.8,35618.3,1.1809,1.5189,146.8,97.2,0.514
13.58,32167.7,35494.0,0.6481,1.2133,146.8,97.2,0.514
13.6,32080.5,35258.4,0.3115,0.6344,146.8,97.2,0.514
13.62,32059.7,35104.7,0.2313,0.2566,146.8,97.2,0.514
13.64,32077.6,35166.2,0.3007,0.4076,146.8,97.2,0.514
13.66,32021.1,35084.8,0.0823,0.2076,146.8,97.2,0.514
13.68,32053.4,34892.8,0.2071,-0.2643,146.8,97.2,0.514
13.7,31864.2,34811.4,-0.5232,-0.4642,146.8,97.2,0.514
13.72,31986.7,34678.4,-0.0504,-0.7912,146.8,97.2,0.514
13.74,31848.0,34618.0,-0.5854,-0.9396,146.8,97.2,0.514
13.76,31870.5,34640.4,-0.4986,-0.8847,146.8,97.2,0.514
13.78,31854.5,34625.9,-0.5605,-0.9203,146.8,97.2,0.514
13.8,31794.9,34588.3,-0.7905,-1.0125,146.8,97.2,0.514
13.82,31854.0,34488.6,-0.5624,-1.2576,146.8,97.2,0.514
13.84,31796.3,34417.9,-0.785,-1.4315,146.8,97.2,0.514
13.86,31827.6,34646.2,-0.6643,-0.8704,146.8,97.2,0.514
13.88,31872.7,34882.7,-0.4903,-0.289,146.8,97.2,0.514
13.9,32032.0,35179.8,0.1247,0.4412,146.8,97.2,0.514
13.92,32193.0,35538.9,0.7457,1.3236,146.8,97.2,0.514
13.94,32379.1,35799.3,1.4638,1.9637,146.8,97.2,0.514
13.96,32338.6,35676.8,1.3074,1.6626,146.8,97.2,0.514
13.98,32252.0,35571.6,0.9736,1.4039,146.8,97.2,0.514
14.0,32201.4,35434.9,0.778,1.0681,146.8,97.2,0.514
14.02,32066.2,35201.4,0.2566,0.4941,146.8,97.2,0.514
14.04,32001.0,35083.9,0.0048,0.2054,146.8,97.2,0.514
14.06,32080.9,34993.0,0.3132,-0.0179,146.8,97.2,0.514
14.08,31859.2,34996.4,-0.5425,-0.0095,146.8,97.2,0.514
14.1,31934.4,34899.6,-0.252,-0.2476,146.8,97.2,0.514
14.12,31898.6,34781.3,-0.3901,-0.5382,146.8,97.2,0.514
14.14,31838.9,34671.4,-0.6206,-0.8083,146.8,97.2,0.514
14.16,31832.2,34637.6,-0.6463,-0.8914,146.8,97.2,0.514
14.18,31840.1,34603.3,-0.6161,-0.9757,146.8,97.2,0.514
14.2,31750.8,34686.5,-0.9607,-0.7713,146.8,97.2,0.514
14.22,31744.8,34509.0,-0.9838,-1.2076,146.8,97.2,0.514
14.24,31793.2,34503.1,-0.7971,-1.2219,146.8,97.2,0.514
14.26,31743.3,34507.8,-0.9895,-1.2105,146.8,97.2,0.514
14.28,31862.0,34716.3,-0.5316,-0.698,146.8,97.2,0.514
14.3,31953.5,35068.7,-0.1784,0.1679,146.8,97.2,0.514
14.32,32307.3,35382.3,1.1868,0.9387,146.8,97.2,0.514
14.34,32293.2,35763.4,1.1326,1.8753,146.8,97.2,0.514
14.36,32368.8,35697.5,1.4243,1.7135,146.8,97.2,0.514
14.38,32363.4,35622.0,1.4034,1.5278,146.8,97.2,0.514
14.4,32273.9,35371.1,1.058,0.9112,146.8,97.2,0.514
14.42,32105.3,35259.8,0.4075,0.6378,146.8,97.2,0.514
14.44,32008.2,35253.9,0.0327,0.6233,146.8,97.2,0.514
14.46,32084.7,35177.7,0.3277,0.4359,146.8,97.2,0.514
14.48,31987.6,35032.5,-0.0467,0.0791,146.8,97.2,0.514
14.5,31933.0,34848.2,-0.2576,-0.3739,146.8,97.2,0.514
14.52,31898.8,34788.4,-0.3896,-0.5209,146.8,97.2,0.514
14.54,31878.8,34735.5,-0.4665,-0.651,146.8,97.2,0.514
14.56,31878.2,34664.8,-0.4691,-0.8245,146.8,97.2,0.514
14.58,31921.3,34684.4,-0.3028,-0.7764,146.8,97.2,0.514
14.6,31864.4,34610.2,-0.5223,-0.9588,146.8,97.2,0.514
14.62,31800.5,34565.3,-0.7689,-1.0692,146.8,97.2,0.514
14.64,31728.3,34519.1,-1.0474,-1.1828,146.8,97.2,0.514
14.66,31771.2,34419.4,-0.8817,-1.4278,146.8,97.2,0.514
14.68,31788.9,34598.7,-0.8135,-0.987,146.8,97.2,0.514
14.7,31932.6,34917.2,-0.2589,-0.2043,146.8,97.2,0.514
14.72,32095.9,35218.8,0.3713,0.537,146.8,97.2,0.514
14.74,32231.9,35594.2,0.896,1.4596,146.8,97.2,0.514
14.76,32335.5,35777.9,1.2958,1.911,146.8,97.2,0.514
14.78,32287.7,35711.7,1.1111,1.7483,146.8,97.2,0.514
14.8,32295.5,35549.0,1.1414,1.3485,146.8,97.2,0.514
14.82,32141.5,35255.4,0.5469,0.6268,146.8,97.2,0.514
14.84,31989.5,35206.9,-0.0396,0.5077,146.8,97.2,0.514
14.86,31963.9,35066.4,-0.1381,0.1624,146.8,97.2,0.514
14.88,31958.4,35052.0,-0.1594,0.1271,146.8,97.2,0.514
14.9,32025.6,34962.4,0.0998,-0.0931,146.8,97.2,0.514
14.92,31930.6,34753.8,-0.2667,-0.6059,146.8,97.2,0.514
14.94,31880.1,34759.7,-0.4615,-0.5913,146.8,97.2,0.514
14.96,31806.3,34631.1,-0.7464,-0.9074,146.8,97.2,0.514
14.98,31818.9,34765.7,-0.6978,-0.5767,146.8,97.2,0.514
15.0,31851.5,34606.4,-0.5719,-0.9681,146.8,97.2,0.514
15.02,31741.4,34565.6,-0.997,-1.0684,146.8,97.2,0.514
15.04,31765.2,34540.9,-0.9052,-1.1292,146.8,97.2,0.514
15.06,31661.1,34468.9,-1.3067,-1.3061,146.8,97.2,0.514
15.08,31777.4,34541.6,-0.8579,-1.1274,146.8,97.2,0.514
15.1,31883.9,34655.7,-0.4471,-0.8469,146.8,97.2,0.514
15.12,32115.7,35132.2,0.4473,0.3241,146.8,97.2,0.514
15.14,32315.4,35574.1,1.2179,1.4101,146.8,97.2,0.514
15.16,32318.5,35717.1,1.2301,1.7616,146.8,97.2,0.514
15.18,32375.1,35768.1,1.4487,1.8869,146.8,97.2,0.514
15.2,32363.5,35615.5,1.4035,1.5119,146.8,97.2,0.514
15.22,32298.8,35408.5,1.1541,1.0032,146.8,97.2,0.514
15.24,32113.5,35286.0,0.4392,0.702,146.8,97.2,0.514
15.26,32019.2,35043.4,0.0752,0.1059,146.8,97.2,0.514
15.28,31925.2,35098.9,-0.2875,0.2423,146.8,97.2,0.514
15.3,31928.1,35119.3,-0.2766,0.2924,146.8,97.2,0.514
15.32,31939.1,34948.7,-0.2339,-0.127,146.8,97.2,0.514
15.34,31949.3,34819.1,-0.1948,-0.4454,146.8,97.2,0.514
15.36,31794.1,34798.9,-0.7935,-0.495,146.8,97.2,0.514
15.38,31824.1,34617.0,-0.6777,-0.9421,146.8,97.2,0.514
15.4,31880.3,34681.1,-0.4607,-0.7844,146.8,97.2,0.514
15.42,31812.2,34670.7,-0.7237,-0.8101,146.8,97.2,0.514
15.44,31773.0,34550.1,-0.875,-1.1065,146.8,97.2,0.514
15.46,31766.0,34555.8,-0.9019,-1.0924,146.8,97.2,0.514
15.48,31797.1,34412.8,-0.7819,-1.444,146.8,97.2,0.514
15.5,31798.5,34573.4,-0.7764,-1.0492,146.8,97.2,0.514
15.52,32013.3,34970.7,0.0523,-0.0728,146.8,97.2,0.514
15.54,32186.0,35367.3,0.719,0.9019,146.8,97.2,0.514
15.56,32236.8,35681.7,0.9148,1.6747,146.8,97.2,0.514
15.58,32355.6,35784.2,1.3734,1.9265,146.8,97.2,0.514
15.6,32376.9,35656.4,1.4556,1.6125,146.8,97.2,0.514
15.62,32314.1,35407.5,1.213,1.0006,146.8,97.2,0.514
15.64,32193.8,35308.1,0.749,0.7564,146.8,97.2,0.514
15.66,32055.5,35259.5,0.2152,0.637,146.8,97.2,0.514
15.68,32109.3,35099.1,0.4226,0.2428,146.8,97.2,0.514
15.7,32013.5,35028.1,0.053,0.0682,146.8,97.2,0.514
15.72,31979.6,35082.0,-0.0777,0.2006,146.8,97.2,0.514
15.74,31909.7,34749.5,-0.3473,-0.6164,146.8,97.2,0.514
15.76,31931.4,34771.4,-0.2638,-0.5627,146.8,97.2,0.514
15.78,31865.9,34689.0,-0.5164,-0.7652,146.8,97.2,0.514
15.8,31715.3,34686.0,-1.0976,-0.7726,146.8,97.2,0.514
15.82,31806.6,34733.1,-0.7452,-0.6569,146.8,97.2,0.514
15.84,31827.5,34636.4,-0.6645,-0.8943,146.8,97.2,0.514
15.86,31787.7,34475.7,-0.8181,-1.2894,146.8,97.2,0.514
15.88,31704.2,34434.0,-1.1406,-1.3919,146.8,97.2,0.514
15.9,31691.8,34469.9,-1.1882,-1.3035,146.8,97.2,0.514
15.92,31941.4,34755.0,-0.225,-0.603,146.8,97.2,0.514
15.94,32083.1,35135.2,0.3215,0.3314,146.8,97.2,0.514
15.96,32258.1,35458.6,0.9971,1.1264,146.8,97.2,0.514
15.98,32332.6,35636.0,1.2845,1.5622,146.8,97.2,0.514
16.0,32321.8,35699.4,1.2429,1.718,146.8,97.2,0.514
16.02,32210.8,35567.9,0.8143,1.3948,146.8,97.2,0.514
16.04,32195.2,35403.2,0.7542,0.9901,146.8,97.2,0.514
16.06,32072.9,35125.1,0.2825,0.3066,146.8,97.2,0.514
16.08,32056.8,35115.5,0.2201,0.2831,146.8,97.2,0.514
16.1,32080.4,35144.1,0.3115,0.3533,146.8,97.2,0.514
16.12,31984.6,34997.9,-0.0585,-0.006,146.8,97.2,0.514
16.14,31888.7,34934.0,-0.4284,-0.1629,146.8,97.2,0.514
16.16,31869.0,34657.9,-0.5046,-0.8415,146.8,97.2,0.514
16.18,31873.9,34720.7,-0.4856,-0.6873,146.8,97.2,0.514
16.2,31860.2,34625.8,-0.5384,-0.9206,146.8,97.2,0.514
16.22,31926.1,34690.5,-0.2842,-0.7614,146.8,97.2,0.514
16.24,31799.8,34581.7,-0.7715,-1.0289,146.8,97.2,0.514
16.26,31897.6,34546.1,-0.394,-1.1163,146.8,97.2,0.514
16.28,31734.4,34439.9,-1.024,-1.3772,146.8,97.2,0.514
16.3,31718.2,34382.5,-1.0864,-1.5185,146.8,97.2,0.514
16.32,31881.4,34577.6,-0.4568,-1.0389,146.8,97.2,0.514
16.34,31996.5,34994.2,-0.0125,-0.0149,146.8,97.2,0.514
16.36,32203.4,35457.3,0.786,1.1232,146.8,97.2,0.514
16.38,32353.6,35652.7,1.3655,1.6034,146.8,97.2,0.514
16.4,32320.3,35795.2,1.2369,1.9534,146.8,97.2,0.514
16.42,32232.2,35608.3,0.8971,1.4943,146.8,97.2,0.514
16.44,32219.8,35491.8,0.8491,1.2078,146.8,97.2,0.514
16.46,32161.4,35251.7,0.6237,0.6178,146.8,97.2,0.514
16.48,32060.9,35153.3,0.236,0.376,146.8,97.2,0.514
16.5,32052.3,35060.9,0.2028,0.1489,146.8,97.2,0.514
16.52,32031.9,35035.3,0.1243,0.0859,146.8,97.2,0.514
16.54,32030.6,34976.1,0.1192,-0.0597,146.8,97.2,0.514
16.56,31868.0,34849.0,-0.5084,-0.3718,146.8,97.2,0.514
16.58,31847.4,34682.7,-0.5878,-0.7807,146.8,97.2,0.514
16.6,31754.6,34754.3,-0.9458,-0.6047,146.8,97.2,0.514
16.62,31856.7,34664.2,-0.5518,-0.8261,146.8,97.2,0.514
16.64,31910.0,34595.1,-0.3461,-0.9958,146.8,97.2,0.514
16.66,31813.0,34517.5,-0.7207,-1.1867,146.8,97.2,0.514
16.68,31714.1,34493.6,-1.1023,-1.2454,146.8,97.2,0.514
16.7,31682.9,34349.6,-1.2228,-1.5992,146.8,97.2,0.514
16.72,31784.6,34507.9,-0.8302,-1.2103,146.8,97.2,0.514
16.74,31918.7,34890.0,-0.3128,-0.2711,146.8,97.2,0.514
16.76,32133.3,35237.7,0.5152,0.5834,146.8,97.2,0.514
16.78,32239.4,35478.1,0.9249,1.1742,146.8,97.2,0.514
16.8,32431.7,35690.6,1.6667,1.6965,146.8,97.2,0.514
16.82,32334.4,35767.9,1.2914,1.8864,146.8,97.2,0.514
16.84,32285.0,35569.6,1.1006,1.3991,146.8,97.2,0.514
16.86,32197.7,35344.7,0.764,0.8465,146.8,97.2,0.514
16.88,32170.7,35250.4,0.6596,0.6147,146.8,97.2,0.514
16.9,32031.1,35085.3,0.1209,0.2089,146.8,97.2,0.514
16.92,32084.7,35104.7,0.3278,0.2565,146.8,97.2,0.514
16.94,31964.4,34956.6,-0.1363,-0.1075,146.8,97.2,0.514
16.96,31974.3,34869.7,-0.0981,-0.3209,146.8,97.2,0.514
16.98,31959.4,34818.5,-0.1555,-0.447,146.8,97.2,0.514
17.0,31862.5,34765.1,-0.5295,-0.5782,146.8,97.2,0.514
17.02,31847.3,34747.2,-0.5884,-0.6221,146.8,97.2,0.514
17.04,31882.1,34591.3,-0.4539,-1.0052,146.8,97.2,0.514
17.06,31785.2,34590.6,-0.8279,-1.0069,146.8,97.2,0.514
17.08,31683.6,34529.4,-1.2199,-1.1573,146.8,97.2,0.514
17.1,31727.7,34473.9,-1.0499,-1.2939,146.8,97.2,0.514
17.12,31756.0,34494.1,-0.9405,-1.2442,146.8,97.2,0.514
17.14,31886.7,34791.9,-0.4363,-0.5123,146.8,97.2,0.514
17.16,31965.9,35122.7,-0.1304,0.3007,146.8,97.2,0.514
17.18,32214.8,35401.2,0.8301,0.9853,146.8,97.2,0.514
17.2,32374.0,35713.0,1.4443,1.7516,146.8,97.2,0.514
17.22,32251.2,35802.6,0.9705,1.9717,146.8,97.2,0.514
17.24,32336.8,35728.5,1.3006,1.7897,146.8,97.2,0.514
17.26,32250.8,35450.9,0.969,1.1075,146.8,97.2,0.514
17.28,32128.8,35230.9,0.4981,0.5667,146.8,97.2,0.514
17.3,31989.8,35142.3,-0.0382,0.349,146.8,97.2,0.514
17.32,31952.7,35191.9,-0.1814,0.4709,146.8,97.2,0.514
17.34,31974.6,34930.3,-0.097,-0.1722,146.8,97.2,0.514
17.36,31943.3,35018.6,-0.2176,0.045,146.8,97.2,0.514
17.38,31958.4,34813.6,-0.1595,-0.4589,146.8,97.2,0.514
17.4,31845.0,34781.2,-0.5971,-0.5384,146.8,97.2,0.514
17.42,31790.8,34667.6,-0.8061,-0.8177,146.8,97.2,0.514
17.44,31836.8,34684.2,-0.6286,-0.7769,146.8,97.2,0.514
17.46,31769.6,34651.5,-0.8881,-0.8573,146.8,97.2,0.514
17.48,31686.3,34549.8,-1.2095,-1.1073,146.8,97.2,0.514
17.5,31776.9,34469.4,-0.86,-1.3048,146.8,97.2,0.514
17.52,31669.3,34444.1,-1.275,-1.367,146.8,97.2,0.514
17.54,31717.2,34523.5,-1.0901,-1.1718,146.8,97.2,0.514
17.56,31974.3,34917.3,-0.0981,-0.2041,146.8,97.2,0.514
17.58,32114.1,35272.6,0.4413,0.6691,146.8,97.2,0.514
17.6,32308.1,35538.4,1.19,1.3224,146.8,97.2,0.514
17.62,32465.2,35752.9,1.7961,1.8496,146.8,97.2,0.514
17.64,32342.9,35759.5,1.324,1.8658,146.8,97.2,0.514
17.66,32218.1,35528.9,0.8428,1.2991,146.8,97.2,0.514
17.68,32183.8,35358.1,0.7103,0.8793,146.8,97.2,0.514
17.7,32109.0,35185.8,0.4216,0.4557,146.8,97.2,0.514
17.72,32021.7,35033.0,0.0846,0.0803,146.8,97.2,0.514
17.74,31962.3,35090.7,-0.1444,0.2222,146.8,97.2,0.514
17.76,31988.8,34998.8,-0.0424,-0.0038,146.8,97.2,0.514
17.78,31926.1,34867.0,-0.284,-0.3277,146.8,97.2,0.514
17.8,31955.5,34777.2,-0.1707,-0.5483,146.8,97.2,0.514
17.82,31900.4,34626.1,-0.3835,-0.9197,146.8,97.2,0.514
17.84,31825.1,34677.9,-0.6738,-0.7924,146.8,97.2,0.514
17.86,31793.0,34732.3,-0.7977,-0.6586,146.8,97.2,0.514
17.88,31814.4,34593.4,-0.7152,-1.0,146.8,97.2,0.514
17.9,31745.9,34491.4,-0.9796,-1.2507,146.8,97.2,0.514
17.92,31761.0,34517.2,-0.9214,-1.1873,146.8,97.2,0.514
17.94,31766.8,34576.1,-0.8989,-1.0426,146.8,97.2,0.514
17.96,31920.7,34793.4,-0.3048,-0.5085,146.8,97.2,0.514
17.98,32012.6,35149.7,0.0496,0.3672,146.8,97.2,0.514
18.0,32285.8,35495.0,1.1041,1.2157,146.8,97.2,0.514
18.02,32380.2,35646.3,1.468,1.5875,146.8,97.2,0.514
18.04,32364.9,35677.2,1.409,1.6634,146.8,97.2,0.514
18.06,32357.6,35696.3,1.3808,1.7106,146.8,97.2,0.514
18.08,32180.1,35367.8,0.696,0.9031,146.8,97.2,0.514
18.1,32112.7,35223.5,0.436,0.5486,146.8,97.2,0.514
18.12,32060.3,35205.1,0.2339,0.5033,146.8,97.2,0.514
18.14,32000.0,35108.6,0.0011,0.2661,146.8,97.2,0.514
18.16,32097.4,35057.8,0.3769,0.1412,146.8,97.2,0.514
18.18,32019.1,35019.2,0.0748,0.0464,146.8,97.2,0.514
18.2,31961.2,34776.0,-0.1486,-0.5514,146.8,97.2,0.514
18.22,31925.6,34771.7,-0.286,-0.5618,146.8,97.2,0.514
18.24,31882.0,34706.0,-0.4542,-0.7234,146.8,97.2,0.514
18.26,31825.3,34685.6,-0.6732,-0.7735,146.8,97.2,0.514
18.28,31742.9,34577.0,-0.991,-1.0403,146.8,97.2,0.514
18.3,31775.0,34547.2,-0.8673,-1.1136,146.8,97.2,0.514
18.32,31756.6,34484.6,-0.9383,-1.2675,146.8,97.2,0.514
18.34,31690.4,34438.7,-1.1935,-1.3803,146.8,97.2,0.514
18.36,31806.9,34618.9,-0.7442,-0.9374,146.8,97.2,0.514
18.38,31986.1,34927.6,-0.0525,-0.1786,146.8,97.2,0.514
18.4,32199.2,35400.1,0.7696,0.9826,146.8,97.2,0.514
18.42,32246.8,35640.7,0.9535,1.574,146.8,97.2,0.514
18.44,32316.1,35816.5,1.2207,2.0059,146.8,97.2,0.514
18.46,32406.9,35600.2,1.5713,1.4742,146.8,97.2,0.514
18.48,32260.4,35530.5,1.0059,1.3031,146.8,97.2,0.514
18.5,32100.3,35268.7,0.3882,0.6596,146.8,97.2,0.514
18.52,32121.7,35149.2,0.4706,0.366,146.8,97.2,0.514
18.54,32072.4,35127.0,0.2804,0.3114,146.8,97.2,0.514
18.56,31971.1,35101.8,-0.1105,0.2495,146.8,97.2,0.514
18.58,32026.7,35010.9,0.1039,0.026,146.8,97.2,0.514
18.6,31893.1,34824.7,-0.4114,-0.4317,146.8,97.2,0.514
18.62,31951.0,34802.8,-0.1879,-0.4855,146.8,97.2,0.514
18.64,31846.0,34701.4,-0.5933,-0.7346,146.8,97.2,0.514
18.66,31827.0,34630.3,-0.6665,-0.9093,146.8,97.2,0.514
18.68,31824.6,34666.4,-0.6759,-0.8207,146.8,97.2,0.514
18.7,31795.8,34591.3,-0.7869,-1.0052,146.8,97.2,0.514
18.72,31835.5,34460.3,-0.6339,-1.3272,146.8,97.2,0.514
18.74,31650.7,34443.4,-1.3469,-1.3687,146.8,97.2,0.514
18.76,31785.6,34555.4,-0.8265,-1.0936,146.8,97.2,0.514
18.78,31893.8,34901.9,-0.4086,-0.2418,146.8,97.2,0.514
18.8,32075.8,35181.9,0.2935,0.4463,146.8,97.2,0.514
18.82,32248.5,35530.3,0.96,1.3026,146.8,97.2,0.514
18.84,32235.8,35743.4,0.911,1.8262,146.8,97.2,0.514
18.86,32307.9,35714.6,1.1892,1.7555,146.8,97.2,0.514
18.88,32273.5,35605.4,1.0565,1.4872,146.8,97.2,0.514
18.9,32148.0,35444.7,0.5722,1.0922,146.8,97.2,0.514
18.92,32085.0,35152.5,0.3289,0.3741,146.8,97.2,0.514
18.94,32073.3,35135.2,0.284,0.3315,146.8,97.2,0.514
18.96,32074.4,35179.0,0.2881,0.4391,146.8,97.2,0.514
18.98,32006.1,35022.7,0.0245,0.0551,146.8,97.2,0.514
19.0,31960.4,34916.6,-0.1519,-0.2058,146.8,97.2,0.514
19.02,31861.0,34699.7,-0.5352,-0.7388,146.8,97.2,0.514
19.04,31874.4,34704.4,-0.4836,-0.7273,146.8,97.2,0.514
19.06,31884.6,34742.2,-0.4444,-0.6343,146.8,97.2,0.514
19.08,31805.5,34667.8,-0.7495,-0.8174,146.8,97.2,0.514
19.1,31901.2,34640.3,-0.38,-0.8849,146.8,97.2,0.514
19.12,31794.0,34503.9,-0.7939,-1.2199,146.8,97.2,0.514
19.14,31742.3,34465.0,-0.9936,-1.3155,146.8,97.2,0.514
19.16,31729.8,34449.6,-1.0418,-1.3534,146.8,97.2,0.514
19.18,31750.3,34721.8,-0.9627,-0.6845,146.8,97.2,0.514
19.2,32068.7,34969.1,0.266,-0.0767,146.8,97.2,0.514
19.22,32178.9,35305.7,0.6915,0.7506,146.8,97.2,0.514
19.24,32311.5,35684.8,1.2029,1.6821,146.8,97.2,0.514
19.26,32394.4,35748.7,1.5231,1.8392,146.8,97.2,0.514
19.28,32235.9,35613.4,0.9114,1.5067,146.8,97.2,0.514
19.3,32360.3,35476.0,1.3915,1.169,146.8,97.2,0.514
19.32,32212.1,35253.5,0.8196,0.6222,146.8,97.2,0.514
19.34,32050.8,35228.7,0.1969,0.5612,146.8,97.2,0.514
19.36,32077.1,35076.0,0.2987,0.1861,146.8,97.2,0.514
19.38,32016.6,35010.1,0.0651,0.0241,146.8,97.2,0.514
19.4,31969.4,34940.5,-0.117,-0.147,146.8,97.2,0.514
19.42,31940.8,34765.3,-0.2274,-0.5777,146.8,97.2,0.514
19.44,31910.5,34775.3,-0.3443,-0.5529,146.8,97.2,0.514
19.46,31941.7,34651.4,-0.224,-0.8575,146.8,97.2,0.514
19.48,31907.1,34648.7,-0.3573,-0.8642,146.8,97.2,0.514
19.5,31822.7,34665.8,-0.6832,-0.8221,146.8,97.2,0.514
19.52,31812.7,34594.2,-0.7218,-0.9982,146.8,97.2,0.514
19.54,31698.8,34517.9,-1.1611,-1.1855,146.8,97.2,0.514
19.56,31684.1,34466.7,-1.218,-1.3115,146.8,97.2,0.514
19.58,31805.1,34531.0,-0.7511,-1.1534,146.8,97.2,0.514
19.6,31895.5,34842.2,-0.4021,-0.3887,146.8,97.2,0.514
19.62,32073.5,35123.6,0.2845,0.303,146.8,97.2,0.514
19.64,32228.0,35522.6,0.881,1.2836,146.8,97.2,0.514
19.66,32312.4,35774.6,1.2065,1.9029,146.8,97.2,0.514
19.68,32300.0,35711.7,1.1587,1.7484,146.8,97.2,0.514
19.7,32203.3,35583.4,0.7855,1.4331,146.8,97.2,0.514
19.72,32146.8,35339.4,0.5676,0.8333,146.8,97.2,0.514
19.74,32031.3,35233.7,0.1217,0.5736,146.8,97.2,0.514
19.76,32101.3,35017.6,0.3919,0.0426,146.8,97.2,0.514
19.78,31995.5,35075.5,-0.0162,0.1848,146.8,97.2,0.514
19.8,31931.7,35025.1,-0.2625,0.0609,146.8,97.2,0.514
19.82,31924.3,34900.2,-0.2911,-0.246,146.8,97.2,0.514
19.84,31901.4,34783.3,-0.3796,-0.5334,146.8,97.2,0.514
19.86,31759.0,34634.9,-0.9288,-0.8982,146.8,97.2,0.514
19.88,31890.8,34676.1,-0.4205,-0.7969,146.8,97.2,0.514
19.9,31814.3,34735.0,-0.7154,-0.6521,146.8,97.2,0.514
19.92,31823.0,34563.9,-0.6819,-1.0725,146.8,97.2,0.514
19.94,31758.7,34581.8,-0.9301,-1.0287,146.8,97.2,0.514
19.96,31721.0,34541.1,-1.0754,-1.1286,146.8,97.2,0.514
19.98,31749.8,34480.9,-0.9645,-1.2767,146.8,97.2,0.514
20.0,31863.1,34644.9,-0.5271,-0.8734,146.8,97.2,0.514
20.02,32039.5,35070.9,0.1536,0.1736,146.8,97.2,0.514
20.04,32186.0,35454.2,0.7188,1.1155,146.8,97.2,0.514
20.06,32253.4,35671.5,0.979,1.6495,146.8,97.2,0.514
20.08,32361.9,35718.5,1.3974,1.7651,146.8,97.2,0.514
20.1,32302.5,35645.5,1.1684,1.5856,146.8,97.2,0.514
20.12,32174.7,35416.6,0.675,1.0231,146.8,97.2,0.514
20.14,32153.3,35337.0,0.5927,0.8275,146.8,97.2,0.514
20.16,32113.3,35179.6,0.4382,0.4405,146.8,97.2,0.514
20.18,32121.1,35051.8,0.4682,0.1266,146.8,97.2,0.514
20.2,32076.3,35019.4,0.2954,0.047,146.8,97.2,0.514
20.22,31951.0,34994.9,-0.188,-0.0133,146.8,97.2,0.514
20.24,32001.5,34797.0,0.0069,-0.4997,146.8,97.2,0.514
20.26,31855.6,34699.8,-0.5562,-0.7385,146.8,97.2,0.514
20.28,31795.1,34606.6,-0.7898,-0.9677,146.8,97.2,0.514
20.3,31932.5,34724.7,-0.2593,-0.6773,146.8,97.2,0.514
20.32,31827.5,34633.0,-0.6648,-0.9028,146.8,97.2,0.514
20.34,31755.5,34571.4,-0.9426,-1.0542,146.8,97.2,0.514
20.36,31728.6,34489.2,-1.0464,-1.2562,146.8,97.2,0.514
20.38,31771.5,34426.1,-0.8808,-1.4114,146.8,97.2,0.514
20.4,31811.3,34621.6,-0.727,-0.9308,146.8,97.2,0.514
20.42,31934.6,34896.4,-0.2512,-0.2553,146.8,97.2,0.514
20.44,32075.9,35267.2,0.294,0.6559,146.8,97.2,0.514
20.46,32272.8,35624.2,1.0538,1.5333,146.8,97.2,0.514
20.48,32250.4,35756.5,0.9673,1.8584,146.8,97.2,0.514
20.5,32254.1,35684.0,0.9816,1.6803,146.8,97.2,0.514
20.52,32241.0,35579.5,0.9311,1.4234,146.8,97.2,0.514
20.54,32183.2,35397.5,0.7081,0.9761,146.8,97.2,0.514
20.56,32038.4,35179.0,0.1492,0.4392,146.8,97.2,0.514
20.58,32013.7,35111.9,0.054,0.2741,146.8,97.2,0.514
20.6,31932.9,34948.7,-0.258,-0.1269,146.8,97.2,0.514
20.62,31967.5,35019.2,-0.1243,0.0463,146.8,97.2,0.514
20.64,31923.5,34866.0,-0.294,-0.3302,146.8,97.2,0.514
20.66,31891.1,34716.1,-0.4194,-0.6985,146.8,97.2,0.514
20.68,31915.3,34769.1,-0.3257,-0.5682,146.8,97.2,0.514
20.7,31898.0,34737.4,-0.3924,-0.6462,146.8,97.2,0.514
20.72,31846.2,34688.1,-0.5924,-0.7674,146.8,97.2,0.514
20.74,31802.5,34720.5,-0.7609,-0.6876,146.8,97.2,0.514
20.76,31761.4,34519.4,-0.9198,-1.182,146.8,97.2,0.514
20.78,31819.8,34478.0,-0.6943,-1.2837,146.8,97.2,0.514
20.8,31754.8,34467.0,-0.945,-1.3106,146.8,97.2,0.514
20.82,31877.6,34675.1,-0.4713,-0.7993,146.8,97.2,0.514
20.84,32053.2,35156.6,0.2064,0.3841,146.8,97.2,0.514
20.86,32162.1,35458.2,0.6267,1.1254,146.8,97.2,0.514
20.88,32278.6,35696.9,1.076,1.712,146.8,97.2,0.514
20.9,32433.4,35753.7,1.6735,1.8516,146.8,97.2,0.514
20.92,32341.2,35642.2,1.3178,1.5775,146.8,97.2,0.514
20.94,32219.2,35424.2,0.8469,1.0416,146.8,97.2,0.514
20.96,32086.7,35224.1,0.3357,0.55,146.8,97.2,0.514
20.98,32070.2,35185.5,0.2719,0.455,146.8,97.2,0.514
21.0,32034.6,35154.7,0.1345,0.3794,146.8,97.2,0.514
21.02,32026.1,35020.5,0.1018,0.0497,146.8,97.2,0.514
21.04,31987.9,35026.6,-0.0458,0.0645,146.8,97.2,0.514
21.06,31892.1,34829.6,-0.4152,-0.4196,146.8,97.2,0.514
21.08,31882.7,34744.1,-0.4514,-0.6298,146.8,97.2,0.514
21.1,31830.9,34678.2,-0.6516,-0.7916,146.8,97.2,0.514
21.12,31817.1,34698.1,-0.7048,-0.7427,146.8,97.2,0.514
21.14,31809.7,34619.7,-0.7333,-0.9354,146.8,97.2,0.514
21.16,31795.2,34609.7,-0.7892,-0.9599,146.8,97.2,0.514
21.18,31759.7,34567.4,-0.9262,-1.064,146.8,97.2,0.514
21.2,31811.4,34451.1,-0.7269,-1.3497,146.8,97.2,0.514
21.22,31833.9,34643.2,-0.6398,-0.8777,146.8,97.2,0.514
21.24,31942.1,35002.2,-0.2222,0.0046,146.8,97.2,0.514
21.26,32175.2,35324.0,0.6772,0.7956,146.8,97.2,0.514
21.28,32290.3,35555.6,1.1212,1.3647,146.8,97.2,0.514
21.3,32319.2,35701.1,1.2326,1.7223,146.8,97.2,0.514
21.32,32287.2,35749.8,1.1092,1.8419,146.8,97.2,0.514
21.34,32178.2,35404.0,0.6886,0.9921,146.8,97.2,0.514
21.36,32204.3,35325.4,0.7894,0.799,146.8,97.2,0.514
21.38,32008.4,35131.3,0.0333,0.322,146.8,97.2,0.514
21.4,32058.8,35191.3,0.2277,0.4694,146.8,97.2,0.514
21.42,32014.6,35014.8,0.0573,0.0355,146.8,97.2,0.514
21.44,31981.5,34954.6,-0.0705,-0.1124,146.8,97.2,0.514
21.46,31991.1,34776.4,-0.0332,-0.5503,146.8,97.2,0.514
21.48,31953.0,34743.1,-0.1804,-0.6321,146.8,97.2,0.514
21.5,31820.0,34670.5,-0.6937,-0.8105,146.8,97.2,0.514
21.52,31862.9,34686.4,-0.5279,-0.7715,146.8,97.2,0.514
21.54,31754.4,34713.2,-0.9466,-0.7056,146.8,97.2,0.514
21.56,31741.6,34624.8,-0.9961,-0.923,146.8,97.2,0.514
21.58,31765.8,34539.9,-0.9027,-1.1316,146.8,97.2,0.514
21.6,31750.0,34421.8,-0.9637,-1.4219,146.8,97.2,0.514
21.62,31789.4,34503.6,-0.8117,-1.2208,146.8,97.2,0.514
21.64,31794.7,34756.9,-0.791,-0.5982,146.8,97.2,0.514
21.66,31970.6,35097.9,-0.1124,0.2398,146.8,97.2,0.514
21.68,32150.4,35421.8,0.5812,1.0359,146.8,97.2,0.514
21.7,32344.0,35666.0,1.3284,1.636,146.8,97.2,0.514
21.72,32407.4,35755.7,1.5733,1.8564,146.8,97.2,0.514
21.74,32285.6,35585.5,1.1032,1.4382,146.8,97.2,0.514
21.76,32183.0,35261.9,0.7073,0.643,146.8,97.2,0.514
21.78,32021.5,35287.5,0.0838,0.7058,146.8,97.2,0.514
21.8,32097.0,35153.0,0.3751,0.3752,146.8,97.2,0.514
21.82,31957.0,35087.3,-0.165,0.2138,146.8,97.2,0.514
21.84,32032.8,35006.9,0.1277,0.0161,146.8,97.2,0.514
21.86,31914.3,34935.0,-0.3297,-0.1606,146.8,97.2,0.514
21.88,31905.4,34791.7,-0.3641,-0.5126,146.8,97.2,0.514
21.9,31889.1,34810.0,-0.4268,-0.4677,146.8,97.2,0.514
21.92,31993.7,34661.5,-0.0232,-0.8328,146.8,97.2,0.514
21.94,31767.2,34717.5,-0.8974,-0.695,146.8,97.2,0.514
21.96,31915.3,34695.0,-0.326,-0.7503,146.8,97.2,0.514
21.98,31823.8,34500.8,-0.679,-1.2277,146.8,97.2,0.514
22.0,31791.9,34509.5,-0.802,-1.2063,146.8,97.2,0.514
22.02,31762.0,34491.9,-0.9173,-1.2495,146.8,97.2,0.514
22.04,31850.1,34683.7,-0.5775,-0.7781,146.8,97.2,0.514
22.06,32021.9,34894.1,0.0856,-0.2612,146.8,97.2,0.514
22.08,32210.4,35301.7,0.813,0.7406,146.8,97.2,0.514
22.1,32319.0,35605.7,1.2322,1.4878,146.8,97.2,0.514
22.12,32327.0,35825.4,1.2631,2.0278,146.8,97.2,0.514
22.14,32446.5,35659.1,1.7241,1.6191,146.8,97.2,0.514
22.16,32299.1,35417.9,1.1554,1.0264,146.8,97.2,0.514
22.18,32166.0,35257.5,0.6417,0.632,146.8,97.2,0.514
22.2,32026.4,35127.6,0.1029,0.3129,146.8,97.2,0.514
22.22,32085.7,35026.9,0.3319,0.0653,146.8,97.2,0.514
22.24,32012.9,34991.5,0.0508,-0.0218,146.8,97.2,0.514
22.26,31927.0,35006.1,-0.2808,0.0141,146.8,97.2,0.514
22.28,31979.4,34918.2,-0.0784,-0.2019,146.8,97.2,0.514
22.3,31828.9,34689.4,-0.6592,-0.7641,146.8,97.2,0.514
22.32,31856.4,34681.8,-0.553,-0.7827,146.8,97.2,0.514
22.34,31922.5,34576.3,-0.2982,-1.0421,146.8,97.2,0.514
22.36,31741.8,34636.1,-0.9954,-0.8952,146.8,97.2,0.514
22.38,31809.5,34601.7,-0.734,-0.9797,146.8,97.2,0.514
22.4,31759.9,34531.5,-0.9256,-1.1521,146.8,97.2,0.514
22.42,31710.1,34390.6,-1.1175,-1.4986,146.8,97.2,0.514
22.44,31648.9,34599.2,-1.3537,-0.9859,146.8,97.2,0.514
22.46,31875.5,34925.9,-0.4795,-0.1828,146.8,97.2,0.514
22.48,32093.6,35214.5,0.3621,0.5263,146.8,97.2,0.514
22.5,32285.5,35462.0,1.1029,1.1347,146.8,97.2,0.514
22.52,32320.8,35728.6,1.2389,1.7899,146.8,97.2,0.514
22.54,32332.9,35714.8,1.2858,1.7559,146.8,97.2,0.514
22.56,32198.4,35558.5,0.7666,1.3718,146.8,97.2,0.514
22.58,32213.4,35382.7,0.8246,0.9399,146.8,97.2,0.514
22.6,32186.4,35210.2,0.7202,0.5158,146.8,97.2,0.514
22.62,32037.5,35104.0,0.1457,0.2549,146.8,97.2,0.514
22.64,32055.1,35119.1,0.2136,0.2918,146.8,97.2,0.514
22.66,32008.8,34979.2,0.0348,-0.0518,146.8,97.2,0.514
22.68,31986.2,34868.4,-0.0521,-0.3243,146.8,97.2,0.514
22.7,31838.2,34751.5,-0.6234,-0.6114,146.8,97.2,0.514
22.72,31846.4,34730.4,-0.5915,-0.6634,146.8,97.2,0.514
22.74,31815.3,34671.1,-0.7117,-0.8092,146.8,97.2,0.514
22.76,31873.9,34745.1,-0.4854,-0.6273,146.8,97.2,0.514
22.78,31897.6,34683.1,-0.394,-0.7797,146.8,97.2,0.514
22.8,31786.2,34563.9,-0.824,-1.0725,146.8,97.2,0.514
22.82,31677.0,34360.0,-1.2455,-1.5737,146.8,97.2,0.514
22.84,31712.8,34501.3,-1.1071,-1.2264,146.8,97.2,0.514
22.86,31771.0,34723.6,-0.8825,-0.6802,146.8,97.2,0.514
22.88,32039.4,34917.8,0.153,-0.2029,146.8,97.2,0.514
22.9,32140.5,35333.7,0.543,0.8192,146.8,97.2,0.514
22.92,32383.4,35573.9,1.4806,1.4097,146.8,97.2,0.514
22.94,32322.7,35710.2,1.2464,1.7446,146.8,97.2,0.514
22.96,32249.0,35673.6,0.962,1.6548,146.8,97.2,0.514
22.98,32263.2,35487.9,1.0165,1.1983,146.8,97.2,0.514
23.0,32036.3,35290.7,0.1412,0.7137,146.8,97.2,0.514
23.02,32035.5,35138.6,0.1379,0.3397,146.8,97.2,0.514
23.04,32077.7,35183.1,0.3008,0.4491,146.8,97.2,0.514
23.06,32028.6,35053.1,0.1112,0.1298,146.8,97.2,0.514
23.08,32000.0,35009.3,0.001,0.0221,146.8,97.2,0.514
23.1,31920.0,34809.4,-0.3077,-0.4692,146.8,97.2,0.514
23.12,31830.6,34707.1,-0.6527,-0.7206,146.8,97.2,0.514
23.14,31859.2,34670.3,-0.5422,-0.8112,146.8,97.2,0.514
23.16,31772.9,34622.7,-0.8755,-0.9281,146.8,97.2,0.514
23.18,31809.7,34579.3,-0.7334,-1.0348,146.8,97.2,0.514
23.2,31725.2,34654.8,-1.0593,-0.8492,146.8,97.2,0.514
23.22,31720.1,34540.1,-1.079,-1.131,146.8,97.2,0.514
23.24,31739.5,34480.0,-1.0044,-1.2787,146.8,97.2,0.514
23.26,31858.0,34582.8,-0.547,-1.0262,146.8,97.2,0.514
23.28,31880.7,34890.1,-0.4594,-0.271,146.8,97.2,0.514
23.3,32153.5,35207.4,0.5933,0.5089,146.8,97.2,0.514
23.32,32201.6,35555.5,0.7788,1.3644,146.8,97.2,0.514
23.34,32317.8,35730.4,1.2275,1.7943,146.8,97.2,0.514
23.36,32398.2,35887.0,1.5375,2.1792,146.8,97.2,0.514
23.38,32235.1,35383.2,0.9081,0.941,146.8,97.2,0.514
23.4,32144.5,35382.5,0.5588,0.9392,146.8,97.2,0.514
23.42,32057.1,35194.0,0.2214,0.4761,146.8,97.2,0.514
23.44,32030.7,35066.2,0.1196,0.162,146.8,97.2,0.514
23.46,32036.4,35047.6,0.1413,0.1163,146.8,97.2,0.514
23.48,32071.3,34967.1,0.2762,-0.0816,146.8,97.2,0.514
23.5,31863.9,34863.6,-0.5243,-0.336,146.8,97.2,0.514
23.52,31930.9,34821.6,-0.2657,-0.4393,146.8,97.2,0.514
23.54,31917.2,34697.5,-0.3184,-0.7442,146.8,97.2,0.514
23.56,31813.6,34707.2,-0.7184,-0.7204,146.8,97.2,0.514
23.58,31875.3,34683.8,-0.48,-0.778,146.8,97.2,0.514
23.6,31830.9,34597.4,-0.6514,-0.9903,146.8,97.2,0.514
23.62,31783.9,34537.1,-0.8329,-1.1385,146.8,97.2,0.514
23.64,31712.2,34348.5,-1.1096,-1.6019,146.8,97.2,0.514
23.66,31713.4,34572.0,-1.1051,-1.0526,146.8,97.2,0.514
23.68,31820.6,34676.5,-0.6913,-0.7959,146.8,97.2,0.514
23.7,32021.9,35057.1,0.0856,0.1396,146.8,97.2,0.514
23.72,32167.8,35287.8,0.6486,0.7066,146.8,97.2,0.514
23.74,32312.8,35726.1,1.2081,1.7837,146.8,97.2,0.514
23.76,32315.8,35734.2,1.2197,1.8036,146.8,97.2,0.514
23.78,32272.0,35603.8,1.0505,1.4832,146.8,97.2,0.514
23.8,32258.3,35429.1,0.9979,1.0539,146.8,97.2,0.514
23.82,32073.5,35206.0,0.2845,0.5054,146.8,97.2,0.514
23.84,32001.5,35203.1,0.0069,0.4983,146.8,97.2,0.514
23.86,32032.2,35053.6,0.1253,0.131,146.8,97.2,0.514
23.88,32033.5,35040.3,0.1302,0.0983,146.8,97.2,0.514
23.9,31905.4,34876.2,-0.3642,-0.3051,146.8,97.2,0.514
23.92,31890.1,34843.9,-0.4229,-0.3845,146.8,97.2,0.514
23.94,31903.2,34767.2,-0.3727,-0.573,146.8,97.2,0.514
23.96,31817.0,34677.7,-0.7051,-0.793,146.8,97.2,0.514
23.98,31901.6,34705.1,-0.3786,-0.7257,146.8,97.2,0.514
24.0,31877.6,34665.1,-0.4713,-0.8238,146.8,97.2,0.514
24.02,31797.4,34572.1,-0.7809,-1.0524,146.8,97.2,0.514
24.04,31706.6,34508.9,-1.1313,-1.2078,146.8,97.2,0.514
24.06,31699.7,34422.5,-1.1577,-1.42,146.8,97.2,0.514
24.08,31795.4,34648.6,-0.7884,-0.8645,146.8,97.2,0.514
24.1,31868.7,34829.4,-0.5057,-0.4199,146.8,97.2,0.514
24.12,32115.4,35300.0,0.4465,0.7366,146.8,97.2,0.514
24.14,32243.3,35665.6,0.9397,1.6351,146.8,97.2,0.514
24.16,32366.7,35840.9,1.416,2.0659,146.8,97.2,0.514
24.18,32358.0,35645.0,1.3826,1.5845,146.8,97.2,0.514
24.2,32199.1,35585.9,0.7692,1.4392,146.8,97.2,0.514
24.22,32167.5,35379.2,0.6475,0.9311,146.8,97.2,0.514
24.24,32069.2,35209.0,0.2681,0.5128,146.8,97.2,0.514
24.26,32015.3,35073.2,0.0603,0.179,146.8,97.2,0.514
24.28,32147.7,35021.2,0.571,0.0514,146.8,97.2,0.514
24.3,32076.7,34994.2,0.2969,-0.015,146.8,97.2,0.514
24.32,31922.2,34859.6,-0.2992,-0.3457,146.8,97.2,0.514
24.34,31851.7,34678.1,-0.5713,-0.7918,146.8,97.2,0.514
24.36,31897.1,34659.6,-0.3961,-0.8375,146.8,97.2,0.514
24.38,31813.5,34664.7,-0.7188,-0.8248,146.8,97.2,0.514
24.4,31716.9,34685.4,-1.0912,-0.7739,146.8,97.2,0.514
24.42,31810.9,34591.1,-0.7287,-1.0057,146.8,97.2,0.514
24.44,31680.7,34473.7,-1.2312,-1.2942,146.8,97.2,0.514
24.46,31756.2,34603.3,-0.9398,-0.9758,146.8,97.2,0.514
24.48,31756.5,34529.2,-0.9385,-1.1579,146.8,97.2,0.514
24.5,31909.8,34781.7,-0.3472,-0.5374,146.8,97.2,0.514
24.52,31981.3,35080.7,-0.0712,0.1975,146.8,97.2,0.514
24.54,32225.9,35466.4,0.8726,1.1455,146.8,97.2,0.514
24.56,32360.1,35706.6,1.3906,1.7358,146.8,97.2,0.514
24.58,32373.2,35773.2,1.4413,1.8994,146.8,97.2,0.514
24.6,32316.6,35680.7,1.2228,1.6722,146.8,97.2,0.514
24.62,32179.2,35418.0,0.6925,1.0265,146.8,97.2,0.514
24.64,32198.3,35233.6,0.7664,0.5732,146.8,97.2,0.514
24.66,32005.0,35122.8,0.0203,0.301,146.8,97.2,0.514
24.68,32050.2,35069.1,0.1946,0.1691,146.8,97.2,0.514
24.7,32031.1,35043.0,0.1209,0.1048,146.8,97.2,0.514
24.72,31910.3,34930.9,-0.3451,-0.1707,146.8,97.2,0.514
24.74,31843.1,34806.4,-0.6044,-0.4766,146.8,97.2,0.514
24.76,31831.4,34736.3,-0.6496,-0.6489,146.8,97.2,0.514
24.78,31833.6,34665.5,-0.641,-0.8228,146.8,97.2,0.514
24.8,31949.0,34681.8,-0.1958,-0.7829,146.8,97.2,0.514
24.82,31882.6,34611.9,-0.4521,-0.9546,146.8,97.2,0.514
24.84,31894.7,34590.7,-0.4054,-1.0067,146.8,97.2,0.514
24.86,31747.8,34533.8,-0.9722,-1.1467,146.8,97.2,0.514
24.88,31776.3,34479.9,-0.8623,-1.2791,146.8,97.2,0.514
24.9,31825.2,34647.1,-0.6736,-0.8681,146.8,97.2,0.514
24.92,32025.4,34915.8,0.0992,-0.2078,146.8,97.2,0.514
24.94,32133.8,35218.9,0.5172,0.5373,146.8,97.2,0.514
24.96,32264.2,35673.3,1.0206,1.654,146.8,97.2,0.514
24.98,32382.0,35689.7,1.4749,1.6942,146.8,97.2,0.514
25.0,32280.5,35681.4,1.0833,1.6738,146.8,97.2,0.514
25.02,32269.2,35479.1,1.0399,1.1766,146.8,97.2,0.514
25.04,32161.5,35309.6,0.6243,0.7601,146.8,97.2,0.514
25.06,32220.2,35118.8,0.8508,0.2911,146.8,97.2,0.514
25.08,31971.8,34979.6,-0.1076,-0.051,146.8,97.2,0.514
25.1,31998.3,35027.6,-0.0056,0.067,146.8,97.2,0.514
25.12,31956.6,35153.5,-0.1665,0.3766,146.8,97.2,0.514
25.14,32000.8,34950.9,0.0042,-0.1214,146.8,97.2,0.514
25.16,31846.7,34725.6,-0.5905,-0.6751,146.8,97.2,0.514
25.18,31898.5,34687.3,-0.3907,-0.7693,146.8,97.2,0.514
25.2,31874.7,34630.8,-0.4824,-0.9082,146.8,97.2,0.514
25.22,31947.4,34678.3,-0.2021,-0.7915,146.8,97.2,0.514
25.24,31675.5,34604.9,-1.2513,-0.9718,146.8,97.2,0.514
25.26,31747.9,34405.1,-0.9716,-1.4629,146.8,97.2,0.514
25.28,31798.7,34480.6,-0.7758,-1.2772,146.8,97.2,0.514
25.3,31865.4,34520.2,-0.5183,-1.1801,146.8,97.2,0.514
25.32,31914.4,34836.6,-0.3293,-0.4023,146.8,97.2,0.514
25.34,32023.9,35214.1,0.0931,0.5254,146.8,97.2,0.514
25.36,32319.5,35491.4,1.2338,1.207,146.8,97.2,0.514
25.38,32302.4,35768.3,1.168,1.8874,146.8,97.2,0.514
25.4,32405.4,35733.6,1.5654,1.8022,146.8,97.2,0.514
25.42,32244.9,35727.9,0.9461,1.7883,146.8,97.2,0.514
25.44,32102.1,35374.8,0.3949,0.9204,146.8,97.2,0.514
25.46,32132.8,35238.5,0.5136,0.5853,146.8,97.2,0.514
25.48,32082.2,35203.9,0.3184,0.5003,146.8,97.2,0.514
25.5,32060.8,35127.9,0.2355,0.3134,146.8,97.2,0.514
25.52,32016.4,35018.2,0.0642,0.0439,146.8,97.2,0.514
25.54,32054.6,34875.9,0.2116,-0.3057,146.8,97.2,0.514
25.56,31926.3,34736.1,-0.2833,-0.6494,146.8,97.2,0.514
25.58,31771.1,34708.9,-0.8821,-0.7162,146.8,97.2,0.514
25.6,31783.3,34602.1,-0.8354,-0.9787,146.8,97.2,0.514
25.62,31782.5,34657.2,-0.8383,-0.8433,146.8,97.2,0.514
25.64,31802.1,34578.2,-0.7628,-1.0375,146.8,97.2,0.514
25.66,31757.9,34563.2,-0.9331,-1.0742,146.8,97.2,0.514
25.68,31726.0,34371.4,-1.0562,-1.5457,146.8,97.2,0.514
25.7,31756.7,34421.5,-0.938,-1.4226,146.8,97.2,0.514
25.72,31815.4,34725.0,-0.7111,-0.6766,146.8,97.2,0.514
25.74,32067.8,34974.1,0.2625,-0.0644,146.8,97.2,0.514
25.76,32222.9,35364.1,0.8613,0.8941,146.8,97.2,0.514
25.78,32267.8,35584.7,1.0345,1.4363,146.8,97.2,0.514
25.8,32352.5,35718.6,1.3612,1.7653,146.8,97.2,0.514
25.82,32267.5,35689.3,1.0333,1.6934,146.8,97.2,0.514
25.84,32231.5,35447.7,0.8944,1.0995,146.8,97.2,0.514
25.86,32120.8,35305.4,0.4672,0.7499,146.8,97.2,0.514
25.88,32149.7,35087.4,0.5787,0.2139,146.8,97.2,0.514
25.9,32045.5,35069.2,0.1764,0.1693,146.8,97.2,0.514
25.92,31987.4,35029.0,-0.0478,0.0705,146.8,97.2,0.514
25.94,31954.1,34831.8,-0.176,-0.4141,146.8,97.2,0.514
25.96,31966.1,34824.4,-0.1299,-0.4324,146.8,97.2,0.514
25.98,31880.9,34787.6,-0.4587,-0.5228,146.8,97.2,0.514
26.0,31811.5,34572.8,-0.7263,-1.0507,146.8,97.2,0.514
26.02,31949.5,34743.6,-0.1939,-0.6309,146.8,97.2,0.514
26.04,31840.8,34721.9,-0.6133,-0.6843,146.8,97.2,0.514
26.06,31802.7,34646.2,-0.7604,-0.8704,146.8,97.2,0.514
26.08,31864.3,34493.3,-0.5226,-1.246,146.8,97.2,0.514
26.1,31714.4,34542.1,-1.101,-1.1261,146.8,97.2,0.514
26.12,31896.9,34609.4,-0.3967,-0.9608,146.8,97.2,0.514
26.14,31916.0,34858.9,-0.3232,-0.3476,146.8,97.2,0.514
26.16,32054.6,35214.5,0.2119,0.5264,146.8,97.2,0.514
26.18,32232.5,35590.4,0.8982,1.4502,146.8,97.2,0.514
26.2,32366.9,35716.5,1.4168,1.7602,146.8,97.2,0.514
26.22,32262.1,35766.2,1.0124,1.8823,146.8,97.2,0.514
26.24,32296.6,35536.2,1.1456,1.317,146.8,97.2,0.514
26.26,32222.0,35384.9,0.8576,0.9451,146.8,97.2,0.514
26.28,32037.8,35223.8,0.1467,0.5493,146.8,97.2,0.514
26.3,32051.5,35136.9,0.1999,0.3357,146.8,97.2,0.514
26.32,31950.3,35000.5,-0.1906,0.0003,146.8,97.2,0.514
26.34,31965.8,35039.2,-0.131,0.0956,146.8,97.2,0.514
26.36,31890.8,34967.0,-0.4202,-0.0818,146.8,97.2,0.514
26.38,31897.8,34867.9,-0.3932,-0.3255,146.8,97.2,0.514
26.4,31881.5,34683.4,-0.4564,-0.7789,146.8,97.2,0.514
26.42,31895.4,34622.6,-0.4024,-0.9283,146.8,97.2,0.514
26.44,31805.3,34627.1,-0.7502,-0.9172,146.8,97.2,0.514
26.46,31790.0,34627.3,-0.8095,-0.9168,146.8,97.2,0.514
26.48,31702.1,34617.9,-1.1486,-0.9399,146.8,97.2,0.514
26.5,31695.6,34580.3,-1.1737,-1.0323,146.8,97.2,0.514
26.52,31756.6,34526.0,-0.9383,-1.1657,146.8,97.2,0.514
26.54,31849.8,34586.9,-0.5784,-1.016,146.8,97.2,0.514
26.56,32087.7,35013.8,0.3393,0.033,146.8,97.2,0.514
26.58,32168.8,35430.2,0.6525,1.0566,146.8,97.2,0.514
26.6,32327.7,35635.9,1.2655,1.562,146.8,97.2,0.514
26.62,32325.5,35794.4,1.2571,1.9517,146.8,97.2,0.514
26.64,32254.4,35602.4,0.9826,1.4797,146.8,97.2,0.514
26.66,32188.3,35432.0,0.7278,1.061,146.8,97.2,0.514
26.68,32107.8,35297.2,0.4171,0.7295,146.8,97.2,0.514
26.7,32046.6,35263.2,0.1807,0.646,146.8,97.2,0.514
26.72,32072.1,35095.5,0.2791,0.2339,146.8,97.2,0.514
26.74,32013.6,35016.5,0.0536,0.0397,146.8,97.2,0.514
26.76,31994.0,34973.3,-0.0223,-0.0664,146.8,97.2,0.514
26.78,31954.9,34820.8,-0.1729,-0.4412,146.8,97.2,0.514
26.8,31849.8,34730.8,-0.5785,-0.6624,146.8,97.2,0.514
26.82,31813.3,34707.0,-0.7196,-0.7209,146.8,97.2,0.514
26.84,31742.2,34604.0,-0.9936,-0.9741,146.8,97.2,0.514
26.86,31918.8,34626.9,-0.3124,-0.9177,146.8,97.2,0.514
26.88,31772.4,34566.1,-0.8772,-1.0673,146.8,97.2,0.514
26.9,31874.7,34493.0,-0.4823,-1.2468,146.8,97.2,0.514
26.92,31754.7,34469.1,-0.9454,-1.3055,146.8,97.2,0.514
26.94,31823.6,34512.2,-0.6797,-1.1996,146.8,97.2,0.514
26.96,31929.7,34855.1,-0.2703,-0.357,146.8,97.2,0.514
26.98,32127.4,35253.4,0.4926,0.622,146.8,97.2,0.514
27.0,32257.7,35609.9,0.9955,1.4981,146.8,97.2,0.514
27.02,32309.6,35757.8,1.1958,1.8617,146.8,97.2,0.514
27.04,32368.9,35753.2,1.4244,1.8504,146.8,97.2,0.514
27.06,32216.5,35488.9,0.8363,1.2007,146.8,97.2,0.514
27.08,32192.5,35385.8,0.7437,0.9474,146.8,97.2,0.514
27.1,32124.9,35198.5,0.483,0.4871,146.8,97.2,0.514
27.12,32079.0,35062.3,0.3059,0.1524,146.8,97.2,0.514
27.14,32053.7,35087.6,0.2084,0.2146,146.8,97.2,0.514
27.16,31873.8,35039.3,-0.486,0.0957,146.8,97.2,0.514
27.18,31900.1,34803.0,-0.3844,-0.485,146.8,97.2,0.514
27.2,31841.0,34782.6,-0.6125,-0.5352,146.8,97.2,0.514
27.22,31809.0,34643.6,-0.736,-0.8766,146.8,97.2,0.514
27.24,31809.7,34654.3,-0.7332,-0.8505,146.8,97.2,0.514
27.26,31921.6,34636.6,-0.3014,-0.8938,146.8,97.2,0.514
27.28,31853.4,34608.2,-0.5649,-0.9637,146.8,97.2,0.514
27.3,31775.8,34610.7,-0.8642,-0.9575,146.8,97.2,0.514
27.32,31750.5,34450.2,-0.9618,-1.352,146.8,97.2,0.514
27.34,31759.3,34549.0,-0.9279,-1.1093,146.8,97.2,0.514
27.36,31821.1,34682.5,-0.6892,-0.7811,146.8,97.2,0.514
27.38,32083.7,35100.9,0.3241,0.2472,146.8,97.2,0.514
27.4,32221.6,35480.9,0.8563,1.1811,146.8,97.2,0.514
27.42,32354.6,35709.2,1.3694,1.7423,146.8,97.2,0.514
27.44,32336.3,35839.6,1.2989,2.0627,146.8,97.2,0.514
27.46,32238.6,35687.3,0.9216,1.6884,146.8,97.2,0.514
27.48,32198.3,35449.3,0.7661,1.1035,146.8,97.2,0.514
27.5,32100.7,35327.8,0.3897,0.8049,146.8,97.2,0.514
27.52,31924.7,35034.5,-0.2894,0.0839,146.8,97.2,0.514
27.54,32028.4,35153.8,0.1107,0.3771,146.8,97.2,0.514
27.56,32007.8,35009.4,0.0312,0.0222,146.8,97.2,0.514
27.58,31974.5,34992.0,-0.0975,-0.0205,146.8,97.2,0.514
27.6,31816.8,34772.0,-0.7059,-0.5611,146.8,97.2,0.514
27.62,31864.2,34689.6,-0.5229,-0.7636,146.8,97.2,0.514
27.64,31891.8,34715.7,-0.4165,-0.6995,146.8,97.2,0.514
27.66,31794.9,34731.3,-0.7903,-0.6611,146.8,97.2,0.514
27.68,31919.1,34611.7,-0.3113,-0.955,146.8,97.2,0.514
27.7,31867.0,34551.0,-0.5123,-1.1043,146.8,97.2,0.514
27.72,31791.0,34504.0,-0.8055,-1.2198,146.8,97.2,0.514
27.74,31824.4,34465.8,-0.6765,-1.3136,146.8,97.2,0.514
27.76,31826.3,34607.5,-0.6692,-0.9655,146.8,97.2,0.514
27.78,31869.9,34873.6,-0.5011,-0.3114,146.8,97.2,0.514
27.8,32135.9,35356.2,0.5256,0.8746,146.8,97.2,0.514
27.82,32355.7,35673.6,1.3736,1.6547,146.8,97.2,0.514
27.84,32312.3,35826.2,1.2061,2.0298,146.8,97.2,0.514
27.86,32372.4,35661.9,1.4382,1.6259,146.8,97.2,0.514
27.88,32288.1,35588.2,1.1126,1.4448,146.8,97.2,0.514
27.9,32158.6,35298.0,0.6129,0.7317,146.8,97.2,0.514
27.92,32093.4,35209.8,0.3614,0.5147,146.8,97.2,0.514
27.94,31937.3,35151.6,-0.241,0.3718,146.8,97.2,0.514
27.96,32114.5,35058.2,0.443,0.1423,146.8,97.2,0.514
27.98,32014.6,34983.5,0.0575,-0.0413,146.8,97.2,0.514
28.0,32016.0,34834.5,0.0627,-0.4075,146.8,97.2,0.514
28.02,31816.3,34668.1,-0.7077,-0.8165,146.8,97.2,0.514
28.04,31852.6,34739.2,-0.5679,-0.6417,146.8,97.2,0.514
28.06,31827.7,34622.0,-0.664,-0.9299,146.8,97.2,0.514
28.08,31824.3,34635.7,-0.6768,-0.8961,146.8,97.2,0.514
28.1,31755.3,34585.1,-0.9432,-1.0205,146.8,97.2,0.514
28.12,31742.2,34450.9,-0.9939,-1.3504,146.8,97.2,0.514
28.14,31709.8,34467.3,-1.1187,-1.3101,146.8,97.2,0.514
28.16,31805.0,34519.9,-0.7513,-1.1807,146.8,97.2,0.514
28.18,31941.4,34791.1,-0.225,-0.5141,146.8,97.2,0.514
28.2,32024.9,35121.9,0.097,0.2988,146.8,97.2,0.514
28.22,32200.7,35436.9,0.7755,1.073,146.8,97.2,0.514
28.24,32417.7,35733.5,1.6128,1.802,146.8,97.2,0.514
28.26,32215.0,35742.7,0.8307,1.8245,146.8,97.2,0.514
28.28,32289.5,35617.0,1.1182,1.5155,146.8,97.2,0.514
28.3,32224.8,35444.5,0.8686,1.0916,146.8,97.2,0.514
28.32,32133.7,35254.7,0.5168,0.6253,146.8,97.2,0.514
28.34,32095.9,35148.3,0.3712,0.3636,146.8,97.2,0.514
28.36,32082.9,35110.7,0.321,0.2713,146.8,97.2,0.514
28.38,32050.4,35003.2,0.1953,0.0071,146.8,97.2,0.514
28.4,31950.2,34883.0,-0.1911,-0.2883,146.8,97.2,0.514
28.42,31915.9,34740.7,-0.3237,-0.638,146.8,97.2,0.514
28.44,31891.5,34726.0,-0.4176,-0.6741,146.8,97.2,0.514
28.46,31788.4,34710.7,-0.8156,-0.7118,146.8,97.2,0.514
28.48,31902.1,34617.8,-0.3766,-0.9401,146.8,97.2,0.514
28.5,31876.7,34693.0,-0.4747,-0.7554,146.8,97.2,0.514
28.52,31771.3,34567.2,-0.8815,-1.0644,146.8,97.2,0.514
28.54,31749.0,34504.4,-0.9677,-1.2187,146.8,97.2,0.514
28.56,31725.7,34519.6,-1.0575,-1.1815,146.8,97.2,0.514
28.58,31839.4,34622.6,-0.6186,-0.9282,146.8,97.2,0.514
28.6,31940.3,34925.1,-0.2292,-0.185,146.8,97.2,0.514
28.62,32150.5,35401.0,0.5817,0.9849,146.8,97.2,0.514
28.64,32255.8,35667.6,0.9881,1.6401,146.8,97.2,0.514
28.66,32434.6,35837.2,1.678,2.0569,146.8,97.2,0.514
28.68,32291.6,35669.4,1.1261,1.6445,146.8,97.2,0.514
28.7,32256.4,35537.8,0.9906,1.3209,146.8,97.2,0.514
28.72,32133.2,35333.9,0.5151,0.8199,146.8,97.2,0.514
28.74,32072.4,35212.5,0.2806,0.5214,146.8,97.2,0.514
28.76,32073.3,35165.3,0.2837,0.4055,146.8,97.2,0.514
28.78,31978.5,35017.2,-0.0819,0.0414,146.8,97.2,0.514
28.8,32003.1,34964.9,0.013,-0.0871,146.8,97.2,0.514
28.82,31992.9,34873.9,-0.0265,-0.3107,146.8,97.2,0.514
28.84,31835.9,34775.0,-0.6323,-0.5537,146.8,97.2,0.514
28.86,31828.5,34671.2,-0.6607,-0.8089,146.8,97.2,0.514
28.88,31847.8,34627.4,-0.5861,-0.9164,146.8,97.2,0.514
28.9,31788.7,34616.0,-0.8142,-0.9446,146.8,97.2,0.514
28.92,31800.9,34565.7,-0.7675,-1.0682,146.8,97.2,0.514
28.94,31661.5,34454.9,-1.3052,-1.3406,146.8,97.2,0.514
28.96,31783.1,34425.4,-0.836,-1.4131,146.8,97.2,0.514
28.98,31784.4,34576.0,-0.831,-1.0429,146.8,97.2,0.514
29.0,31926.1,34833.9,-0.2842,-0.4091,146.8,97.2,0.514
29.02,32121.9,35154.0,0.4715,0.3777,146.8,97.2,0.514
29.04,32184.1,35507.5,0.7116,1.2465,146.8,97.2,0.514
29.06,32320.1,35754.2,1.2363,1.8527,146.8,97.2,0.514
29.08,32346.0,35736.8,1.3362,1.8099,146.8,97.2,0.514
29.1,32242.3,35596.3,0.9362,1.4646,146.8,97.2,0.514
29.12,32126.2,35363.6,0.4879,0.8928,146.8,97.2,0.514
29.14,32087.0,35173.9,0.3368,0.4265,146.8,97.2,0.514
29.16,32100.7,35097.9,0.3896,0.2399,146.8,97.2,0.514
29.18,31993.3,35018.4,-0.0247,0.0445,146.8,97.2,0.514
29.2,32097.1,35014.6,0.3759,0.0351,146.8,97.2,0.514
29.22,31929.1,34899.2,-0.2725,-0.2486,146.8,97.2,0.514
29.24,31927.2,34795.9,-0.2797,-0.5024,146.8,97.2,0.514
29.26,31877.6,34747.9,-0.4715,-0.6203,146.8,97.2,0.514
29.28,31908.7,34781.1,-0.3512,-0.5387,146.8,97.2,0.514
29.3,31770.7,34718.7,-0.8838,-0.6922,146.8,97.2,0.514
29.32,31695.0,34537.5,-1.176,-1.1374,146.8,97.2,0.514
29.34,31825.3,34517.7,-0.6732,-1.1862,146.8,97.2,0.514
29.36,31710.1,34483.7,-1.1176,-1.2697,146.8,97.2,0.514
29.38,31786.2,34327.6,-0.8239,-1.6533,146.8,97.2,0.514
29.4,31874.5,34592.7,-0.4834,-1.0019,146.8,97.2,0.514
29.42,31907.7,35078.3,-0.3553,0.1916,146.8,97.2,0.514
29.44,32154.7,35455.1,0.5981,1.1177,146.8,97.2,0.514
29.46,32352.1,35699.9,1.3598,1.7193,146.8,97.2,0.514
29.48,32314.2,35764.3,1.2136,1.8776,146.8,97.2,0.514
29.5,32296.9,35592.3,1.1468,1.4548,146.8,97.2,0.514
29.52,32185.5,35505.9,0.7169,1.2427,146.8,97.2,0.514
29.54,32096.1,35283.3,0.372,0.6956,146.8,97.2,0.514
29.56,32051.9,35028.3,0.2013,0.0687,146.8,97.2,0.514
29.58,32076.5,34969.9,0.2964,-0.0747,146.8,97.2,0.514
29.6,31951.9,35060.6,-0.1844,0.1483,146.8,97.2,0.514
29.62,31786.4,34945.6,-0.8231,-0.1345,146.8,97.2,0.514
29.64,31927.2,34779.5,-0.28,-0.5427,146.8,97.2,0.514
29.66,31997.8,34721.0,-0.0074,-0.6864,146.8,97.2,0.514
29.68,31899.4,34651.2,-0.3871,-0.858,146.8,97.2,0.514
29.7,31793.6,34753.1,-0.7953,-0.6077,146.8,97.2,0.514
29.72,31823.0,34678.1,-0.682,-0.792,146.8,97.2,0.514
29.74,31827.5,34551.9,-0.6647,-1.1021,146.8,97.2,0.514
29.76,31737.0,34520.6,-1.0137,-1.179,146.8,97.2,0.514
29.78,31680.8,34431.6,-1.2308,-1.3977,146.8,97.2,0.514
29.8,31889.0,34597.2,-0.4274,-0.9907,146.8,97.2,0.514
29.82,32004.4,34875.3,0.0182,-0.3072,146.8,97.2,0.514
29.84,32107.9,35312.6,0.4174,0.7675,146.8,97.2,0.514
29.86,32219.6,35564.6,0.8486,1.3869,146.8,97.2,0.514
29.88,32354.1,35659.9,1.3673,1.6209,146.8,97.2,0.514
29.9,32335.0,35734.8,1.2938,1.8051,146.8,97.2,0.514
29.92,32292.3,35575.9,1.1291,1.4146,146.8,97.2,0.514
29.94,32232.6,35278.2,0.8987,0.6829,146.8,97.2,0.514
29.96,32108.9,35207.7,0.4213,0.5096,146.8,97.2,0.514
29.98,32128.9,35167.6,0.4982,0.4111,146.8,97.2,0.514
30.0,32104.9,35024.4,0.4059,0.0591,146.8,97.2,0.514
30.02,31947.9,35050.4,-0.2001,0.1231,146.8,97.2,0.514
30.04,31983.9,34913.8,-0.0611,-0.2127,146.8,97.2,0.514
30.06,31864.8,34822.8,-0.5206,-0.4364,146.8,97.2,0.514
30.08,31874.7,34736.6,-0.4824,-0.6482,146.8,97.2,0.514
30.1,31853.7,34670.0,-0.5635,-0.8117,146.8,97.2,0.514
30.12,31852.5,34727.1,-0.5682,-0.6714,146.8,97.2,0.514
30.14,31844.5,34556.5,-0.5988,-1.0908,146.8,97.2,0.514
30.16,31789.2,34594.4,-0.8123,-0.9977,146.8,97.2,0.514
30.18,31705.0,34493.2,-1.1372,-1.2463,146.8,97.2,0.514
30.2,31800.3,34495.4,-0.7697,-1.2408,146.8,97.2,0.514
30.22,31940.0,34757.9,-0.2307,-0.5959,146.8,97.2,0.514
30.24,32134.8,34980.1,0.5211,-0.0497,146.8,97.2,0.514
30.26,32178.6,35387.3,0.69,0.9511,146.8,97.2,0.514
30.28,32401.7,35684.3,1.5511,1.681,146.8,97.2,0.514
30.3,32331.0,35815.6,1.2782,2.0036,146.8,97.2,0.514
30.32,32292.0,35540.9,1.1277,1.3285,146.8,97.2,0.514
30.34,32213.1,35359.7,0.8233,0.8833,146.8,97.2,0.514
30.36,32165.8,35207.3,0.6407,0.5087,146.8,97.2,0.514
30.38,31968.5,35231.5,-0.1205,0.5682,146.8,97.2,0.514
30.4,32006.6,35197.5,0.0264,0.4846,146.8,97.2,0.514
30.42,32028.1,34991.1,0.1094,-0.0227,146.8,97.2,0.514
30.44,32008.9,34970.3,0.0354,-0.0739,146.8,97.2,0.514
30.46,32019.1,34864.3,0.0746,-0.3342,146.8,97.2,0.514
30.48,31937.9,34720.5,-0.2385,-0.6878,146.8,97.2,0.514
30.5,31850.4,34638.7,-0.5763,-0.8888,146.8,97.2,0.514
30.52,31833.3,34674.7,-0.6421,-0.8003,146.8,97.2,0.514
30.54,31865.7,34685.0,-0.5174,-0.7751,146.8,97.2,0.514
30.56,31746.8,34591.9,-0.9762,-1.0037,146.8,97.2,0.514
30.58,31726.8,34532.7,-1.0533,-1.1492,146.8,97.2,0.514
30.6,31650.1,34547.2,-1.3491,-1.1135,146.8,97.2,0.514
30.62,31793.6,34561.6,-0.7953,-1.0782,146.8,97.2,0.514
30.64,31873.2,34907.5,-0.4882,-0.2281,146.8,97.2,0.514
30.66,32095.9,35337.6,0.3712,0.829,146.8,97.2,0.514
30.68,32348.4,35503.5,1.3453,1.2367,146.8,97.2,0.514
30.7,32350.5,35741.8,1.3534,1.8222,146.8,97.2,0.514
30.72,32372.3,35744.6,1.4378,1.8293,146.8,97.2,0.514
30.74,32208.1,35542.8,0.8042,1.3333,146.8,97.2,0.514
30.76,32165.1,35319.1,0.6381,0.7834,146.8,97.2,0.514
30.78,32030.7,35231.5,0.1195,0.5682,146.8,97.2,0.514
30.8,32080.8,35086.3,0.3127,0.2112,146.8,97.2,0.514
30.82,32015.5,35114.7,0.0606,0.2811,146.8,97.2,0.514
30.84,31957.1,34985.0,-0.1647,-0.0376,146.8,97.2,0.514
30.86,31889.3,34812.7,-0.426,-0.4611,146.8,97.2,0.514
30.88,31924.6,34673.6,-0.2899,-0.803,146.8,97.2,0.514
30.9,31853.8,34645.8,-0.5632,-0.8712,146.8,97.2,0.514
30.92,31876.7,34687.1,-0.4746,-0.7697,146.8,97.2,0.514
30.94,31807.9,34656.2,-0.7401,-0.8458,146.8,97.2,0.514
30.96,31838.9,34617.2,-0.6208,-0.9417,146.8,97.2,0.514
30.98,31757.2,34532.9,-0.9358,-1.1489,146.8,97.2,0.514
31.0,31684.2,34525.2,-1.2177,-1.1676,146.8,97.2,0.514
31.02,31770.8,34500.3,-0.8834,-1.2288,146.8,97.2,0.514
31.04,31973.1,34670.0,-0.1027,-0.8119,146.8,97.2,0.514
31.06,32121.8,35071.9,0.4709,0.1759,146.8,97.2,0.514
31.08,32266.1,35469.5,1.0279,1.1531,146.8,97.2,0.514
31.1,32348.1,35692.3,1.3442,1.7008,146.8,97.2,0.514
31.12,32426.2,35843.8,1.6458,2.0729,146.8,97.2,0.514
31.14,32383.9,35561.8,1.4823,1.3799,146.8,97.2,0.514
31.16,32016.1,35410.9,0.0631,1.0092,146.8,97.2,0.514
31.18,32145.6,35160.6,0.5627,0.3938,146.8,97.2,0.514
31.2,32103.3,35086.5,0.3998,0.2117,146.8,97.2,0.514
31.22,32063.3,35110.9,0.2454,0.2718,146.8,97.2,0.514
31.24,32003.3,35061.8,0.0139,0.1512,146.8,97.2,0.514
31.26,31970.6,34931.2,-0.1126,-0.1699,146.8,97.2,0.514
31.28,31883.3,34757.0,-0.4495,-0.5979,146.8,97.2,0.514
31.3,31781.0,34757.5,-0.8441,-0.5968,146.8,97.2,0.514
31.32,31857.1,34583.8,-0.5506,-1.0236,146.8,97.2,0.514
31.34,31850.2,34599.7,-0.5772,-0.9846,146.8,97.2,0.514
31.36,31751.3,34636.3,-0.9586,-0.8945,146.8,97.2,0.514
31.38,31766.6,34630.0,-0.8998,-0.9102,146.8,97.2,0.514
31.4,31701.5,34443.4,-1.1508,-1.3687,146.8,97.2,0.514
31.42,31680.5,34417.5,-1.2318,-1.4323,146.8,97.2,0.514
31.44,31937.6,34600.5,-0.2397,-0.9826,146.8,97.2,0.514
31.46,31912.7,34917.5,-0.336,-0.2035,146.8,97.2,0.514
31.48,32185.0,35262.7,0.7148,0.6448,146.8,97.2,0.514
31.5,32305.2,35644.2,1.1786,1.5824,146.8,97.2,0.514
31.52,32443.3,35707.2,1.7115,1.7373,146.8,97.2,0.514
31.54,32425.8,35742.7,1.644,1.8245,146.8,97.2,0.514
31.56,32219.9,35490.0,0.8496,1.2034,146.8,97.2,0.514
31.58,32183.9,35345.6,0.7107,0.8487,146.8,97.2,0.514
31.6,32175.9,35199.8,0.6799,0.4902,146.8,97.2,0.514
31.62,32092.9,35010.0,0.3596,0.0238,146.8,97.2,0.514
31.64,32102.2,35045.1,0.3956,0.1101,146.8,97.2,0.514
31.66,32052.3,35002.6,0.203,0.0056,146.8,97.2,0.514
31.68,31977.8,34837.3,-0.0846,-0.4007,146.8,97.2,0.514
31.7,31900.6,34724.6,-0.3827,-0.6776,146.8,97.2,0.514
31.72,31847.1,34759.1,-0.5888,-0.5928,146.8,97.2,0.514
31.74,31916.4,34742.6,-0.3217,-0.6334,146.8,97.2,0.514
31.76,31924.2,34655.0,-0.2916,-0.8488,146.8,97.2,0.514
31.78,31770.4,34676.4,-0.8848,-0.7962,146.8,97.2,0.514
31.8,31718.3,34548.0,-1.0859,-1.1116,146.8,97.2,0.514
31.82,31716.8,34481.2,-1.092,-1.2759,146.8,97.2,0.514
31.84,31699.7,34576.4,-1.1579,-1.0419,146.8,97.2,0.514
31.86,31912.7,34906.3,-0.336,-0.2312,146.8,97.2,0.514
31.88,31996.9,35192.1,-0.0109,0.4713,146.8,97.2,0.514
31.9,32171.8,35552.4,0.664,1.3568,146.8,97.2,0.514
31.92,32314.7,35819.3,1.2154,2.0127,146.8,97.2,0.514
31.94,32392.7,35708.5,1.5162,1.7404,146.8,97.2,0.514
31.96,32357.5,35556.3,1.3805,1.3663,146.8,97.2,0.514
31.98,32253.7,35415.9,0.98,1.0214,146.8,97.2,0.514
32.0,32059.6,35226.2,0.2311,0.555,146.8,97.2,0.514
32.02,32083.3,35061.6,0.3223,0.1507,146.8,97.2,0.514
32.04,31999.3,35118.4,-0.0016,0.2902,146.8,97.2,0.514
32.06,32020.3,34937.6,0.0794,-0.1543,146.8,97.2,0.514
32.08,31833.4,34886.5,-0.6418,-0.2798,146.8,97.2,0.514
32.1,31866.9,34776.1,-0.5124,-0.551,146.8,97.2,0.514
32.12,31868.8,34700.8,-0.5053,-0.7361,146.8,97.2,0.514
32.14,31879.3,34738.3,-0.4645,-0.644,146.8,97.2,0.514
32.16,31888.8,34604.8,-0.428,-0.9721,146.8,97.2,0.514
32.18,31801.6,34674.4,-0.7644,-0.8011,146.8,97.2,0.514
32.2,31781.5,34521.1,-0.8421,-1.1779,146.8,97.2,0.514
32.22,31727.4,34497.3,-1.0507,-1.2362,146.8,97.2,0.514
32.24,31801.1,34440.5,-0.7663,-1.3759,146.8,97.2,0.514
32.26,31844.9,34634.2,-0.5975,-0.8999,146.8,97.2,0.514
32.28,31995.2,35018.1,-0.0174,0.0436,146.8,97.2,0.514
32.3,32091.5,35318.2,0.3542,0.7811,146.8,97.2,0.514
32.32,32242.6,35733.8,0.9374,1.8026,146.8,97.2,0.514
32.34,32323.1,35807.5,1.2478,1.9837,146.8,97.2,0.514
32.36,32256.8,35707.8,0.9919,1.7387,146.8,97.2,0.514
32.38,32203.4,35596.4,0.7858,1.4651,146.8,97.2,0.514
32.4,32215.4,35295.3,0.8323,0.725,146.8,97.2,0.514
32.42,32101.3,35195.6,0.392,0.48,146.8,97.2,0.514
32.44,32075.9,35146.0,0.2938,0.3579,146.8,97.2,0.514
32.46,32007.9,35012.0,0.0314,0.0288,146.8,97.2,0.514
32.48,31902.8,34892.2,-0.374,-0.2658,146.8,97.2,0.514
32.5,31924.2,34786.0,-0.2914,-0.5267,146.8,97.2,0.514
32.52,31863.6,34728.1,-0.5253,-0.669,146.8,97.2,0.514
32.54,31839.0,34674.9,-0.6203,-0.7997,146.8,97.2,0.514
32.56,31788.2,34659.9,-0.8164,-0.8366,146.8,97.2,0.514
32.58,31810.5,34605.3,-0.7304,-0.9708,146.8,97.2,0.514
32.6,31875.8,34597.3,-0.4783,-0.9906,146.8,97.2,0.514
32.62,31728.2,34437.8,-1.0478,-1.3826,146.8,97.2,0.514
32.64,31782.1,34464.9,-0.8398,-1.3159,146.8,97.2,0.514
32.66,31807.6,34592.7,-0.7416,-1.0017,146.8,97.2,0.514
32.68,31858.1,34841.2,-0.5467,-0.3911,146.8,97.2,0.514
32.7,32185.8,35252.8,0.7179,0.6205,146.8,97.2,0.514
32.72,32273.6,35522.8,1.0567,1.284,146.8,97.2,0.514
32.74,32353.1,35724.6,1.3635,1.78,146.8,97.2,0.514
32.76,32304.5,35758.8,1.1761,1.864,146.8,97.2,0.514
32.78,32278.3,35662.6,1.0751,1.6276,146.8,97.2,0.514
32.8,32215.9,35372.1,0.8342,0.9136,146.8,97.2,0.514
32.82,32181.1,35217.8,0.7,0.5344,146.8,97.2,0.514
32.84,31926.5,35149.1,-0.2827,0.3655,146.8,97.2,0.514
32.86,31998.8,35086.1,-0.0038,0.2109,146.8,97.2,0.514
32.88,31932.0,34971.4,-0.2615,-0.071,146.8,97.2,0.514
32.9,32009.9,34843.2,0.0391,-0.3861,146.8,97.2,0.514
32.92,31934.9,34879.0,-0.25,-0.2982,146.8,97.2,0.514
32.94,31908.8,34692.9,-0.3509,-0.7555,146.8,97.2,0.514
32.96,31828.2,34632.9,-0.6619,-0.9029,146.8,97.2,0.514
32.98,31807.7,34764.9,-0.7411,-0.5786,146.8,97.2,0.514
33.0,31793.0,34567.9,-0.7978,-1.0627,146.8,97.2,0.514
33.02,31783.9,34523.2,-0.8329,-1.1726,146.8,97.2,0.514
33.04,31735.1,34480.4,-1.0211,-1.2778,146.8,97.2,0.514
33.06,31724.3,34613.4,-1.063,-0.951,146.8,97.2,0.514
33.08,31841.0,34682.1,-0.6126,-0.7822,146.8,97.2,0.514
33.1,31964.3,34917.5,-0.1367,-0.2036,146.8,97.2,0.514
33.12,32219.4,35370.4,0.8476,0.9096,146.8,97.2,0.514
33.14,32275.1,35683.6,1.0624,1.6792,146.8,97.2,0.514
33.16,32375.9,35828.3,1.4516,2.0349,146.8,97.2,0.514
33.18,32255.0,35643.5,0.9849,1.5808,146.8,97.2,0.514
33.2,32169.4,35415.7,0.6546,1.0209,146.8,97.2,0.514
33.22,32119.7,35347.4,0.4628,0.8529,146.8,97.2,0.514
33.24,32126.9,35078.3,0.4908,0.1918,146.8,97.2,0.514
33.26,31952.2,35090.8,-0.1836,0.2223,146.8,97.2,0.514
33.28,32012.3,35009.2,0.0484,0.0219,146.8,97.2,0.514
33.3,31971.0,35006.3,-0.1111,0.0148,146.8,97.2,0.514
33.32,31884.3,34874.8,-0.4456,-0.3084,146.8,97.2,0.514
33.34,31945.5,34752.5,-0.2092,-0.609,146.8,97.2,0.514
33.36,31819.9,34744.3,-0.6939,-0.6293,146.8,97.2,0.514
33.38,31844.9,34623.6,-0.5976,-0.9258,146.8,97.2,0.514
33.4,31804.9,34593.3,-0.752,-1.0003,146.8,97.2,0.514
33.42,31733.6,34639.0,-1.0268,-0.8879,146.8,97.2,0.514
33.44,31691.3,34437.4,-1.1902,-1.3834,146.8,97.2,0.514
33.46,31793.0,34451.8,-0.7979,-1.3481,146.8,97.2,0.514
33.48,31860.1,34577.9,-0.5387,-1.0381,146.8,97.2,0.514
33.5,31974.2,34850.8,-0.0984,-0.3675,146.8,97.2,0.514
33.52,32087.0,35332.8,0.3366,0.8171,146.8,97.2,0.514
33.54,32231.2,35589.2,0.893,1.4473,146.8,97.2,0.514
33.56,32290.2,35838.8,1.1208,2.0607,146.8,97.2,0.514
33.58,32350.0,35656.7,1.3518,1.6132,146.8,97.2,0.514
33.6,32240.9,35559.1,0.9307,1.3733,146.8,97.2,0.514
33.62,32149.2,35353.7,0.5768,0.8686,146.8,97.2,0.514
33.64,32044.8,35175.0,0.1739,0.4293,146.8,97.2,0.514
33.66,31982.1,35048.0,-0.0681,0.1171,146.8,97.2,0.514
33.68,32016.8,35080.1,0.066,0.196,146.8,97.2,0.514
33.7,32004.6,35032.2,0.0188,0.0784,146.8,97.2,0.514
33.72,31993.1,34915.1,-0.0257,-0.2096,146.8,97.2,0.514
33.74,31857.5,34739.5,-0.5488,-0.6411,146.8,97.2,0.514
33.76,31889.0,34649.5,-0.4272,-0.8622,146.8,97.2,0.514
33.78,31830.2,34659.5,-0.6542,-0.8377,146.8,97.2,0.514
33.8,31898.7,34712.0,-0.3899,-0.7085,146.8,97.2,0.514
33.82,31798.2,34645.1,-0.7779,-0.8729,146.8,97.2,0.514
33.84,31729.3,34529.0,-1.0435,-1.1582,146.8,97.2,0.514
33.86,31722.2,34430.4,-1.0711,-1.4006,146.8,97.2,0.514
33.88,31813.5,34453.4,-0.7188,-1.3441,146.8,97.2,0.514
33.9,31827.0,34778.6,-0.6664,-0.545,146.8,97.2,0.514
33.92,32151.4,35134.5,0.5851,0.3297,146.8,97.2,0.514
33.94,32216.2,35474.4,0.8352,1.165,146.8,97.2,0.514
33.96,32352.6,35623.9,1.3615,1.5327,146.8,97.2,0.514
33.98,32332.9,35755.2,1.2855,1.8553,146.8,97.2,0.514
34.0,32295.8,35620.6,1.1426,1.5244,146.8,97.2,0.514
34.02,32208.0,35494.3,0.8038,1.2141,146.8,97.2,0.514
34.04,32099.2,35216.9,0.3839,0.5323,146.8,97.2,0.514
34.06,32091.8,35144.4,0.3553,0.3541,146.8,97.2,0.514
34.08,32072.7,35075.3,0.2816,0.1842,146.8,97.2,0.514
34.1,31954.5,34980.4,-0.1745,-0.0489,146.8,97.2,0.514
34.12,31966.5,34952.0,-0.1281,-0.1188,146.8,97.2,0.514
34.14,31902.3,34823.6,-0.3761,-0.4344,146.8,97.2,0.514
34.16,31933.1,34715.5,-0.2572,-0.7,146.8,97.2,0.514
34.18,31921.5,34688.4,-0.302,-0.7667,146.8,97.2,0.514
34.2,31907.8,34756.1,-0.3546,-0.6002,146.8,97.2,0.514
34.22,31888.3,34555.9,-0.4301,-1.0923,146.8,97.2,0.514
34.24,31780.3,34597.9,-0.847,-0.9891,146.8,97.2,0.514
34.26,31711.7,34396.0,-1.1116,-1.4852,146.8,97.2,0.514
34.28,31721.5,34495.1,-1.0737,-1.2417,146.8,97.2,0.514
34.3,31803.5,34592.1,-0.7573,-1.0032,146.8,97.2,0.514
34.32,31888.2,34940.9,-0.4305,-0.146,146.8,97.2,0.514
34.34,32158.9,35311.2,0.6142,0.764,146.8,97.2,0.514
34.36,32257.4,35647.9,0.9944,1.5916,146.8,97.2,0.514
34.38,32351.6,35798.0,1.3579,1.9605,146.8,97.2,0.514
34.4,32367.5,35659.2,1.4192,1.6194,146.8,97.2,0.514
34.42,32234.2,35567.3,0.9048,1.3935,146.8,97.2,0.514
34.44,32230.1,35187.3,0.8889,0.4595,146.8,97.2,0.514
34.46,32055.4,35134.2,0.2147,0.329,146.8,97.2,0.514
34.48,32094.2,35054.8,0.3647,0.1338,146.8,97.2,0.514
34.5,32023.0,35101.5,0.0898,0.2487,146.8,97.2,0.514
34.52,31945.1,35057.6,-0.211,0.1407,146.8,97.2,0.514
34.54,31941.5,34835.0,-0.2249,-0.4062,146.8,97.2,0.514
34.56,31903.9,34758.4,-0.3698,-0.5947,146.8,97.2,0.514
34.58,31832.5,34706.4,-0.6452,-0.7224,146.8,97.2,0.514
34.6,31780.2,34744.9,-0.8472,-0.6277,146.8,97.2,0.514
34.62,31853.5,34698.6,-0.5642,-0.7415,146.8,97.2,0.514
34.64,31807.7,34607.3,-0.7411,-0.9658,146.8,97.2,0.514
34.66,31831.0,34468.4,-0.6512,-1.3073,146.8,97.2,0.514
34.68,31752.4,34455.2,-0.9543,-1.3397,146.8,97.2,0.514
34.7,31750.9,34551.0,-0.9604,-1.1044,146.8,97.2,0.514
34.72,31945.1,34687.0,-0.2109,-0.77,146.8,97.2,0.514
34.74,32073.0,35101.8,0.2827,0.2495,146.8,97.2,0.514
34.76,32249.2,35557.1,0.9626,1.3685,146.8,97.2,0.514
34.78,32268.9,35794.5,1.0388,1.9517,146.8,97.2,0.514
34.8,32422.7,35785.2,1.6322,1.9289,146.8,97.2,0.514
34.82,32278.1,35578.3,1.0741,1.4204,146.8,97.2,0.514
34.84,32176.7,35461.9,0.6829,1.1344,146.8,97.2,0.514
34.86,32119.0,35181.4,0.4601,0.4449,146.8,97.2,0.514
34.88,32117.0,35066.1,0.4525,0.1616,146.8,97.2,0.514
34.9,32063.4,35190.1,0.2455,0.4665,146.8,97.2,0.514
34.92,32095.5,35011.7,0.3696,0.0279,146.8,97.2,0.514
34.94,31942.9,34898.1,-0.2195,-0.2512,146.8,97.2,0.514
34.96,31850.5,34785.9,-0.5758,-0.5269,146.8,97.2,0.514
34.98,31862.7,34713.4,-0.529,-0.7051,146.8,97.2,0.514
35.0,31867.5,34684.7,-0.5102,-0.7757,146.8,97.2,0.514
35.02,31876.2,34690.2,-0.4768,-0.7621,146.8,97.2,0.514
35.04,31808.7,34569.2,-0.7371,-1.0595,146.8,97.2,0.514
35.06,31825.8,34526.2,-0.6713,-1.1653,146.8,97.2,0.514
35.08,31798.5,34413.4,-0.7764,-1.4425,146.8,97.2,0.514
35.1,31756.8,34521.4,-0.9375,-1.1771,146.8,97.2,0.514
35.12,31857.7,34619.9,-0.5481,-0.935,146.8,97.2,0.514
35.14,32026.3,35031.7,0.1026,0.077,146.8,97.2,0.514
35.16,32164.7,35311.0,0.6367,0.7635,146.8,97.2,0.514
35.18,32387.2,35630.2,1.495,1.5481,146.8,97.2,0.514
35.2,32244.4,35827.1,0.9439,2.0319,146.8,97.2,0.514
35.22,32347.8,35630.6,1.3431,1.5491,146.8,97.2,0.514
35.24,32204.1,35478.3,0.7888,1.1747,146.8,97.2,0.514
35.26,32144.2,35248.2,0.5575,0.6091,146.8,97.2,0.514
35.28,32142.5,35148.6,0.5507,0.3645,146.8,97.2,0.514
35.3,32137.1,35195.9,0.5302,0.4807,146.8,97.2,0.514
35.32,31995.2,34977.8,-0.0175,-0.0554,146.8,97.2,0.514
35.34,32006.1,34926.0,0.0244,-0.1826,146.8,97.2,0.514
35.36,31897.1,34729.0,-0.3962,-0.6668,146.8,97.2,0.514
35.38,31957.5,34800.5,-0.1628,-0.4912,146.8,97.2,0.514
35.4,31791.1,34684.8,-0.8051,-0.7754,146.8,97.2,0.514
35.42,31780.6,34655.4,-0.8454,-0.8476,146.8,97.2,0.514
35.44,31797.7,34582.0,-0.7796,-1.0282,146.8,97.2,0.514
35.46,31776.9,34630.8,-0.86,-0.9083,146.8,97.2,0.514
35.48,31745.6,34464.0,-0.9806,-1.3182,146.8,97.2,0.514
35.5,31713.1,34450.9,-1.1062,-1.3503,146.8,97.2,0.514
35.52,31743.1,34483.6,-0.9904,-1.2699,146.8,97.2,0.514
35.54,31770.7,34859.2,-0.8836,-0.3467,146.8,97.2,0.514
35.56,32117.0,35208.6,0.4524,0.5118,146.8,97.2,0.514
35.58,32256.6,35541.7,0.9911,1.3306,146.8,97.2,0.514
35.6,32337.6,35712.1,1.3038,1.7493,146.8,97.2,0.514
35.62,32441.5,35746.0,1.7047,1.8328,146.8,97.2,0.514
35.64,32309.1,35549.5,1.1938,1.3498,146.8,97.2,0.514
35.66,32181.8,35351.1,0.7027,0.8622,146.8,97.2,0.514
35.68,32176.6,35108.1,0.6825,0.2649,146.8,97.2,0.514
35.7,32132.0,35100.2,0.5105,0.2454,146.8,97.2,0.514
35.72,32021.8,35105.1,0.0851,0.2575,146.8,97.2,0.514
35.74,31967.3,35078.5,-0.1253,0.1921,146.8,97.2,0.514
35.76,31855.8,34835.4,-0.5555,-0.4054,146.8,97.2,0.514
35.78,31853.0,34726.3,-0.5661,-0.6734,146.8,97.2,0.514
35.8,31841.9,34629.1,-0.609,-0.9124,146.8,97.2,0.514
35.82,31864.1,34707.8,-0.5233,-0.719,146.8,97.2,0.514
35.84,31830.6,34573.4,-0.6526,-1.0492,146.8,97.2,0.514
35.86,31790.9,34647.3,-0.8059,-0.8675,146.8,97.2,0.514
35.88,31886.1,34535.4,-0.4387,-1.1428,146.8,97.2,0.514
35.9,31765.0,34437.9,-0.9058,-1.3822,146.8,97.2,0.514
35.92,31707.0,34500.7,-1.1295,-1.2278,146.8,97.2,0.514
35.94,31860.1,34703.8,-0.539,-0.7287,146.8,97.2,0.514
35.96,31949.5,35055.7,-0.194,0.1361,146.8,97.2,0.514
35.98,32195.1,35365.2,0.7537,0.8969,146.8,97.2,0.514
36.0,32305.9,35624.4,1.1813,1.5339,146.8,97.2,0.514
36.02,32340.5,35729.0,1.315,1.7909,146.8,97.2,0.514
36.04,32246.4,35572.4,0.9519,1.4059,146.8,97.2,0.514
36.06,32242.3,35392.8,0.9362,0.9645,146.8,97.2,0.514
36.08,32165.3,35394.9,0.639,0.9697,146.8,97.2,0.514
36.1,32131.8,35103.9,0.5095,0.2547,146.8,97.2,0.514
36.12,32059.9,35107.0,0.2323,0.2623,146.8,97.2,0.514
36.14,32040.4,34945.9,0.157,-0.1338,146.8,97.2,0.514
36.16,31994.6,34982.3,-0.0197,-0.0442,146.8,97.2,0.514
36.18,31933.0,34813.8,-0.2575,-0.4584,146.8,97.2,0.514
36.2,31858.5,34654.4,-0.545,-0.8501,146.8,97.2,0.514
36.22,31788.1,34775.3,-0.8166,-0.553,146.8,97.2,0.514
36.24,31828.2,34598.0,-0.662,-0.9889,146.8,97.2,0.514
36.26,31876.4,34590.2,-0.4758,-1.0079,146.8,97.2,0.514
36.28,31892.2,34718.4,-0.4149,-0.693,146.8,97.2,0.514
36.3,31782.6,34503.7,-0.838,-1.2205,146.8,97.2,0.514
36.32,31668.1,34445.8,-1.2796,-1.3628,146.8,97.2,0.514
36.34,31739.7,34578.0,-1.0036,-1.0378,146.8,97.2,0.514
36.36,31876.4,34868.0,-0.4758,-0.3252,146.8,97.2,0.514
36.38,32141.8,35255.8,0.5484,0.6279,146.8,97.2,0.514
36.4,32255.7,35627.1,0.9877,1.5403,146.8,97.2,0.514
36.42,32311.6,35763.8,1.2033,1.8764,146.8,97.2,0.514
36.44,32305.1,35646.6,1.1784,1.5883,146.8,97.2,0.514
36.46,32274.2,35638.4,1.0591,1.5683,146.8,97.2,0.514
36.48,32154.2,35308.0,0.596,0.7562,146.8,97.2,0.514
36.5,32058.6,35091.7,0.227,0.2246,146.8,97.2,0.514
36.52,32110.1,35130.8,0.4259,0.3207,146.8,97.2,0.514
36.54,32003.9,35051.8,0.0163,0.1265,146.8,97.2,0.514
36.56,31920.1,35046.7,-0.3072,0.114,146.8,97.2,0.514
36.58,31935.1,34908.5,-0.2492,-0.2256,146.8,97.2,0.514
36.6,31867.4,34772.3,-0.5107,-0.5603,146.8,97.2,0.514
36.62,31846.5,34547.6,-0.5915,-1.1128,146.8,97.2,0.514
36.64,31783.5,34699.6,-0.8345,-0.7392,146.8,97.2,0.514
36.66,31866.3,34678.4,-0.515,-0.7912,146.8,97.2,0.514
36.68,31877.2,34569.8,-0.4729,-1.0581,146.8,97.2,0.514
36.7,31771.5,34521.9,-0.8806,-1.1757,146.8,97.2,0.514
36.72,31766.1,34422.5,-0.9015,-1.4201,146.8,97.2,0.514
36.74,31697.1,34518.9,-1.1679,-1.1831,146.8,97.2,0.514
36.76,31878.4,34721.8,-0.4682,-0.6844,146.8,97.2,0.514
36.78,32077.8,35170.8,0.3012,0.4191,146.8,97.2,0.514
36.8,32195.9,35395.7,0.7569,0.9718,146.8,97.2,0.514
36.82,32384.1,35672.9,1.4831,1.653,146.8,97.2,0.514
36.84,32357.8,35794.6,1.3817,1.9521,146.8,97.2,0.514
36.86,32352.2,35665.5,1.36,1.6347,146.8,97.2,0.514
36.88,32222.1,35430.4,0.858,1.057,146.8,97.2,0.514
36.9,32123.8,35235.2,0.4786,0.5771,146.8,97.2,0.514
36.92,32102.3,35120.8,0.3957,0.2961,146.8,97.2,0.514
36.94,32088.4,35109.3,0.3422,0.2679,146.8,97.2,0.514
36.96,31946.6,34987.1,-0.2052,-0.0325,146.8,97.2,0.514
36.98,31933.7,34924.1,-0.2549,-0.1872,146.8,97.2,0.514
37.0,31883.1,34804.2,-0.4501,-0.4819,146.8,97.2,0.514
37.02,31827.6,34694.1,-0.6642,-0.7527,146.8,97.2,0.514
37.04,31811.3,34626.3,-0.727,-0.9191,146.8,97.2,0.514
37.06,31823.3,34677.3,-0.6809,-0.794,146.8,97.2,0.514
37.08,31762.2,34630.2,-0.9165,-0.9096,146.8,97.2,0.514
37.1,31903.7,34520.3,-0.3707,-1.1799,146.8,97.2,0.514
37.12,31785.8,34529.5,-0.8254,-1.1572,146.8,97.2,0.514
37.14,31726.2,34475.2,-1.0554,-1.2905,146.8,97.2,0.514
37.16,31811.0,34662.0,-0.7283,-0.8316,146.8,97.2,0.514
37.18,31946.2,34890.0,-0.2067,-0.2712,146.8,97.2,0.514
37.2,32153.2,35290.3,0.5923,0.7127,146.8,97.2,0.514
37.22,32318.5,35617.5,1.23,1.5168,146.8,97.2,0.514
37.24,32301.5,35751.2,1.1643,1.8455,146.8,97.2,0.514
37.26,32323.8,35752.1,1.2506,1.8476,146.8,97.2,0.514
37.28,32258.9,35516.2,0.9999,1.2678,146.8,97.2,0.514
37.3,32152.7,35209.2,0.5903,0.5134,146.8,97.2,0.514
37.32,32131.8,35228.1,0.5096,0.5598,146.8,97.2,0.514
37.34,32035.6,35148.6,0.1384,0.3645,146.8,97.2,0.514
37.36,32063.6,35035.6,0.2463,0.0866,146.8,97.2,0.514
37.38,32000.9,34919.5,0.0045,-0.1987,146.8,97.2,0.514
37.4,31926.3,34880.8,-0.2836,-0.2937,146.8,97.2,0.514
37.42,31844.0,34712.9,-0.601,-0.7064,146.8,97.2,0.514
37.44,31797.7,34658.5,-0.7798,-0.8401,146.8,97.2,0.514
37.46,31782.8,34636.9,-0.8373,-0.8932,146.8,97.2,0.514
37.48,31864.4,34586.9,-0.5224,-1.016,146.8,97.2,0.514
37.5,31771.2,34597.2,-0.8818,-0.9908,146.8,97.2,0.514
37.52,31755.5,34540.3,-0.9424,-1.1305,146.8,97.2,0.514
37.54,31653.9,34375.0,-1.3343,-1.537,146.8,97.2,0.514
37.56,31848.6,34526.4,-0.5832,-1.1647,146.8,97.2,0.514
37.58,31832.1,34737.2,-0.6468,-0.6466,146.8,97.2,0.514
37.6,32089.1,35037.3,0.3447,0.0908,146.8,97.2,0.514
37.62,32222.7,35465.9,0.8604,1.1443,146.8,97.2,0.514
37.64,32395.4,35659.1,1.5267,1.6192,146.8,97.2,0.514
37.66,32293.1,35776.6,1.132,1.9079,146.8,97.2,0.514
37.68,32267.1,35558.9,1.0316,1.3728,146.8,97.2,0.514
37.7,32218.9,35341.0,0.8457,0.8372,146.8,97.2,0.514
37.72,32217.9,35335.7,0.842,0.8242,146.8,97.2,0.514
37.74,32067.7,35038.7,0.2624,0.0943,146.8,97.2,0.514
37.76,32017.4,35119.4,0.068,0.2928,146.8,97.2,0.514
37.78,31958.2,35087.9,-0.1604,0.2152,146.8,97.2,0.514
37.8,31872.7,34925.0,-0.4904,-0.1852,146.8,97.2,0.514
37.82,31943.3,34873.1,-0.2178,-0.3127,146.8,97.2,0.514
37.84,31876.2,34696.4,-0.4767,-0.7469,146.8,97.2,0.514
37.86,31847.9,34733.7,-0.5861,-0.6553,146.8,97.2,0.514
37.88,31828.3,34628.7,-0.6615,-0.9134,146.8,97.2,0.514
37.9,31818.4,34682.2,-0.6998,-0.7818,146.8,97.2,0.514
37.92,31827.9,34602.3,-0.6631,-0.9782,146.8,97.2,0.514
37.94,31713.4,34533.1,-1.105,-1.1482,146.8,97.2,0.514
37.96,31728.0,34471.4,-1.0485,-1.2999,146.8,97.2,0.514
37.98,31868.1,34643.1,-0.5081,-0.8778,146.8,97.2,0.514
38.0,32030.4,34947.7,0.1183,-0.1294,146.8,97.2,0.514
38.02,32136.9,35327.0,0.5294,0.8029,146.8,97.2,0.514
38.04,32178.8,35622.3,0.691,1.5286,146.8,97.2,0.514
38.06,32361.5,35802.8,1.3958,1.9722,146.8,97.2,0.514
38.08,32346.7,35662.3,1.3391,1.6269,146.8,97.2,0.514
38.1,32240.3,35382.3,0.9284,0.9389,146.8,97.2,0.514
38.12,32169.2,35326.2,0.654,0.8009,146.8,97.2,0.514
38.14,32051.8,35117.2,0.2008,0.2872,146.8,97.2,0.514
38.16,32070.3,35098.0,0.2722,0.2401,146.8,97.2,0.514
38.18,32032.2,35026.3,0.1252,0.0638,146.8,97.2,0.514
38.2,31994.7,35091.2,-0.0195,0.2234,146.8,97.2,0.514
38.22,31978.3,34791.2,-0.0827,-0.5139,146.8,97.2,0.514
38.24,31966.7,34731.9,-0.1275,-0.6596,146.8,97.2,0.514
38.26,31851.0,34573.6,-0.5739,-1.0487,146.8,97.2,0.514
38.28,31883.9,34675.6,-0.4469,-0.7979,146.8,97.2,0.514
38.3,31840.1,34670.2,-0.616,-0.8113,146.8,97.2,0.514
38.32,31839.4,34484.0,-0.6189,-1.269,146.8,97.2,0.514
38.34,31724.6,34453.9,-1.0618,-1.3429,146.8,97.2,0.514
38.36,31754.6,34398.2,-0.9459,-1.4799,146.8,97.2,0.514
38.38,31694.8,34517.2,-1.1765,-1.1875,146.8,97.2,0.514
38.4,31930.7,34796.1,-0.2665,-0.5019,146.8,97.2,0.514
38.42,32118.7,35214.6,0.4592,0.5265,146.8,97.2,0.514
38.44,32176.8,35554.4,0.6833,1.3617,146.8,97.2,0.514
38.46,32351.9,35787.8,1.3591,1.9354,146.8,97.2,0.514
38.48,32342.1,35710.3,1.321,1.7449,146.8,97.2,0.514
38.5,32285.9,35589.8,1.1041,1.4487,146.8,97.2,0.514
38.52,32123.5,35438.8,0.4777,1.0776,146.8,97.2,0.514
38.54,32072.1,35187.8,0.2793,0.4607,146.8,97.2,0.514
38.56,32094.0,35177.8,0.3639,0.4362,146.8,97.2,0.514
38.58,32077.4,35175.5,0.2999,0.4305,146.8,97.2,0.514
38.6,31955.0,35024.3,-0.1726,0.059,146.8,97.2,0.514
38.62,31900.5,34907.8,-0.3828,-0.2273,146.8,97.2,0.514
38.64,31879.0,34879.1,-0.466,-0.2978,146.8,97.2,0.514
38.66,31935.1,34614.7,-0.2493,-0.9477,146.8,97.2,0.514
38.68,31891.0,34689.7,-0.4196,-0.7634,146.8,97.2,0.514
38.7,31762.9,34697.7,-0.9139,-0.7437,146.8,97.2,0.514
38.72,31793.2,34562.4,-0.7968,-1.0763,146.8,97.2,0.514
38.74,31804.7,34430.5,-0.7526,-1.4004,146.8,97.2,0.514
38.76,31709.2,34468.4,-1.1211,-1.3074,146.8,97.2,0.514
38.78,31741.6,34476.6,-0.996,-1.287,146.8,97.2,0.514
38.8,31861.7,34667.5,-0.5326,-0.818,146.8,97.2,0.514
38.82,32020.8,34938.8,0.0811,-0.1511,146.8,97.2,0.514
38.84,32152.9,35532.2,0.591,1.3071,146.8,97.2,0.514
38.86,32288.5,35771.0,1.1143,1.894,146.8,97.2,0.514
38.88,32347.5,35718.6,1.3418,1.7652,146.8,97.2,0.514
38.9,32323.2,35712.9,1.2481,1.7512,146.8,97.2,0.514
38.92,32132.7,35483.5,0.5133,1.1875,146.8,97.2,0.514
38.94,32142.5,35272.4,0.5508,0.6687,146.8,97.2,0.514
38.96,32018.8,35150.3,0.0737,0.3686,146.8,97.2,0.514
38.98,32040.1,35169.2,0.1558,0.415,146.8,97.2,0.514
39.0,32047.6,35081.1,0.1848,0.1986,146.8,97.2,0.514
39.02,32036.3,34889.2,0.141,-0.2732,146.8,97.2,0.514
39.04,31887.3,34820.2,-0.4338,-0.4428,146.8,97.2,0.514
39.06,31752.8,34746.2,-0.9528,-0.6246,146.8,97.2,0.514
39.08,31807.2,34650.5,-0.7429,-0.8598,146.8,97.2,0.514
39.1,31842.1,34663.3,-0.6084,-0.8283,146.8,97.2,0.514
39.12,31844.6,34535.7,-0.5988,-1.142,146.8,97.2,0.514
39.14,31772.2,34605.1,-0.8779,-0.9713,146.8,97.2,0.514
39.16,31771.3,34441.6,-0.8814,-1.3731,146.8,97.2,0.514
39.18,31617.2,34390.6,-1.4762,-1.4985,146.8,97.2,0.514
39.2,31780.2,34640.0,-0.8472,-0.8856,146.8,97.2,0.514
39.22,31885.0,34750.0,-0.4428,-0.6152,146.8,97.2,0.514
39.24,32067.2,35174.2,0.2605,0.4274,146.8,97.2,0.514
39.26,32306.1,35626.6,1.182,1.5391,146.8,97.2,0.514
39.28,32353.5,35759.6,1.3652,1.866,146.8,97.2,0.514
39.3,32388.0,35723.3,1.4983,1.7769,146.8,97.2,0.514
39.32,32278.0,35512.0,1.0737,1.2575,146.8,97.2,0.514
39.34,32049.0,35347.5,0.19,0.8533,146.8,97.2,0.514
39.36,32076.4,35159.5,0.296,0.3913,146.8,97.2,0.514
39.38,32124.8,35054.5,0.4826,0.1332,146.8,97.2,0.514
39.4,32009.3,35043.6,0.0368,0.1063,146.8,97.2,0.514
39.42,31992.4,34974.8,-0.0285,-0.0626,146.8,97.2,0.514
39.44,31935.6,34708.8,-0.2476,-0.7165,146.8,97.2,0.514
39.46,31883.6,34743.8,-0.4481,-0.6304,146.8,97.2,0.514
39.48,31871.2,34757.4,-0.4962,-0.597,146.8,97.2,0.514
39.5,31834.0,34696.7,-0.6396,-0.7462,146.8,97.2,0.514
39.52,31793.2,34658.4,-0.7971,-0.8404,146.8,97.2,0.514
39.54,31772.2,34634.7,-0.878,-0.8986,146.8,97.2,0.514
39.56,31842.8,34446.3,-0.6056,-1.3617,146.8,97.2,0.514
39.58,31710.4,34452.1,-1.1166,-1.3474,146.8,97.2,0.514
39.6,31729.1,34495.3,-1.0442,-1.2413,146.8,97.2,0.514
39.62,31836.7,34703.4,-0.6292,-0.7298,146.8,97.2,0.514
39.64,32007.6,35055.9,0.0303,0.1367,146.8,97.2,0.514
39.66,32281.9,35374.4,1.0887,0.9193,146.8,97.2,0.514
39.68,32310.0,35583.6,1.1974,1.4334,146.8,97.2,0.514
39.7,32261.4,35838.8,1.0096,2.0607,146.8,97.2,0.514
39.72,32468.3,35608.1,1.8081,1.4938,146.8,97.2,0.514
39.74,32201.0,35521.2,0.7768,1.28,146.8,97.2,0.514
39.76,32123.3,35247.2,0.4768,0.6068,146.8,97.2,0.514
39.78,32159.6,35106.4,0.6171,0.2606,146.8,97.2,0.514
39.8,32032.5,35137.8,0.1263,0.3379,146.8,97.2,0.514
39.82,32004.2,35085.7,0.0173,0.2097,146.8,97.2,0.514
39.84,32024.2,34957.5,0.0943,-0.1053,146.8,97.2,0.514
39.86,31949.8,34840.5,-0.1926,-0.3929,146.8,97.2,0.514
39.88,31820.2,34782.5,-0.6927,-0.5353,146.8,97.2,0.514
39.9,31812.8,34702.7,-0.7212,-0.7315,146.8,97.2,0.514
39.92,31827.0,34664.3,-0.6664,-0.8258,146.8,97.2,0.514
39.94,31853.5,34563.6,-0.5641,-1.0733,146.8,97.2,0.514
39.96,31778.9,34543.7,-0.8521,-1.1223,146.8,97.2,0.514
39.98,31735.9,34489.9,-1.0181,-1.2546,146.8,97.2,0.514
40.0,31851.5,34403.5,-0.572,-1.4668,146.8,97.2,0.514
40.02,31837.5,34565.9,-0.626,-1.0677,146.8,97.2,0.514
40.04,31997.4,34958.4,-0.009,-0.103,146.8,97.2,0.514
40.06,32080.5,35319.9,0.3118,0.7855,146.8,97.2,0.514
40.08,32156.3,35711.1,0.604,1.7468,146.8,97.2,0.514
40.1,32388.5,35704.4,1.5003,1.7303,146.8,97.2,0.514
40.12,32435.9,35680.6,1.6829,1.6719,146.8,97.2,0.514
40.14,32259.6,35657.7,1.0028,1.6156,146.8,97.2,0.514
40.16,32210.5,35379.6,0.8131,0.9321,146.8,97.2,0.514
40.18,32067.5,35175.9,0.2615,0.4315,146.8,97.2,0.514
40.2,31975.1,35086.2,-0.095,0.2111,146.8,97.2,0.514
40.22,32014.1,35031.2,0.0555,0.0759,146.8,97.2,0.514
40.24,31994.8,34950.6,-0.0191,-0.1222,146.8,97.2,0.514
40.26,31936.6,34925.9,-0.2435,-0.1829,146.8,97.2,0.514
40.28,31963.7,34684.4,-0.1389,-0.7764,146.8,97.2,0.514
40.3,31831.1,34706.5,-0.6506,-0.7222,146.8,97.2,0.514
40.32,31780.9,34676.2,-0.8446,-0.7965,146.8,97.2,0.514
40.34,31860.1,34700.9,-0.5386,-0.7359,146.8,97.2,0.514
40.36,31868.9,34618.8,-0.5051,-0.9376,146.8,97.2,0.514
40.38,31744.8,34527.5,-0.9839,-1.1619,146.8,97.2,0.514
40.4,31678.4,34548.3,-1.2399,-1.111,146.8,97.2,0.514
40.42,31784.7,34559.5,-0.8299,-1.0835,146.8,97.2,0.514
40.44,31852.7,34703.6,-0.5672,-0.7292,146.8,97.2,0.514
40.46,32137.3,35189.9,0.5309,0.4658,146.8,97.2,0.514
40.48,32209.3,35442.4,0.8086,1.0866,146.8,97.2,0.514
40.5,32333.1,35682.3,1.2864,1.676,146.8,97.2,0.514
40.52,32464.3,35798.6,1.7927,1.962,146.8,97.2,0.514
40.54,32241.8,35652.7,0.9342,1.6033,146.8,97.2,0.514
40.56,32197.1,35432.3,0.7618,1.0616,146.8,97.2,0.514
40.58,32073.1,35271.9,0.2831,0.6676,146.8,97.2,0.514
40.6,32057.9,35174.1,0.2246,0.4271,146.8,97.2,0.514
40.62,32026.4,35005.8,0.1031,0.0134,146.8,97.2,0.514
40.64,32051.1,35021.0,0.1982,0.0509,146.8,97.2,0.514
40.66,31920.7,34903.5,-0.3048,-0.238,146.8,97.2,0.514
40.68,31871.4,34852.4,-0.4954,-0.3635,146.8,97.2,0.514
40.7,31895.8,34772.7,-0.4011,-0.5595,146.8,97.2,0.514
40.72,31820.8,34613.3,-0.6903,-0.9512,146.8,97.2,0.514
40.74,31783.9,34606.2,-0.8328,-0.9685,146.8,97.2,0.514
40.76,31829.3,34695.2,-0.6577,-0.75,146.8,97.2,0.514
40.78,31721.8,34456.4,-1.0724,-1.3367,146.8,97.2,0.514
40.8,31754.1,34483.0,-0.9478,-1.2713,146.8,97.2,0.514
40.82,31754.5,34500.8,-0.9464,-1.2276,146.8,97.2,0.514
40.84,31826.3,34713.2,-0.6692,-0.7055,146.8,97.2,0.514
40.86,31902.2,34934.8,-0.3764,-0.161,146.8,97.2,0.514
40.88,32128.1,35329.7,0.4952,0.8096,146.8,97.2,0.514
40.9,32312.1,35654.4,1.2056,1.6076,146.8,97.2,0.514
40.92,32380.7,35713.4,1.4702,1.7524,146.8,97.2,0.514
40.94,32351.6,35661.3,1.3578,1.6244,146.8,97.2,0.514
40.96,32270.3,35589.8,1.0441,1.4486,146.8,97.2,0.514
40.98,32162.4,35330.8,0.6275,0.8122,146.8,97.2,0.514
41.0,32122.7,35141.8,0.4743,0.3476,146.8,97.2,0.514
41.02,32130.2,35193.9,0.5036,0.4758,146.8,97.2,0.514
41.04,31948.0,35055.1,-0.1995,0.1346,146.8,97.2,0.514
41.06,31906.1,34936.8,-0.3612,-0.156,146.8,97.2,0.514
41.08,31957.8,34837.0,-0.1618,-0.4015,146.8,97.2,0.514
41.1,31894.9,34706.2,-0.4046,-0.7229,146.8,97.2,0.514
41.12,31777.5,34739.9,-0.8577,-0.64,146.8,97.2,0.514
41.14,31772.5,34654.0,-0.8769,-0.8513,146.8,97.2,0.514
41.16,31802.1,34681.1,-0.7626,-0.7846,146.8,97.2,0.514
41.18,31798.7,34582.6,-0.7758,-1.0265,146.8,97.2,0.514
41.2,31826.0,34500.3,-0.6704,-1.2288,146.8,97.2,0.514
41.22,31778.6,34455.7,-0.8534,-1.3384,146.8,97.2,0.514
41.24,31736.8,34524.2,-1.0146,-1.1701,146.8,97.2,0.514
41.26,31928.6,34849.0,-0.2746,-0.3718,146.8,97.2,0.514
41.28,32087.3,35239.9,0.3378,0.5888,146.8,97.2,0.514
41.3,32273.9,35541.6,1.0581,1.3302,146.8,97.2,0.514
41.32,32284.5,35643.3,1.099,1.5803,146.8,97.2,0.514
41.34,32304.5,35836.7,1.176,2.0555,146.8,97.2,0.514
41.36,32252.1,35674.9,0.9737,1.6579,146.8,97.2,0.514
41.38,32151.9,35417.6,0.587,1.0255,146.8,97.2,0.514
41.4,32111.6,35142.5,0.4315,0.3494,146.8,97.2,0.514
41.42,32077.3,35218.5,0.2995,0.5361,146.8,97.2,0.514
41.44,32019.2,35147.8,0.075,0.3625,146.8,97.2,0.514
41.46,32022.5,34983.2,0.088,-0.0422,146.8,97.2,0.514
41.48,31919.3,34888.7,-0.3104,-0.2742,146.8,97.2,0.514
41.5,31849.6,34745.5,-0.5793,-0.6263,146.8,97.2,0.514
41.52,31874.9,34720.3,-0.4818,-0.6883,146.8,97.2,0.514
41.54,31811.4,34619.9,-0.7267,-0.935,146.8,97.2,0.514
41.56,31860.5,34715.6,-0.5374,-0.6998,146.8,97.2,0.514
41.58,31863.4,34742.4,-0.5259,-0.6339,146.8,97.2,0.514
41.6,31771.1,34579.3,-0.8822,-1.0348,146.8,97.2,0.514
41.62,31781.2,34393.3,-0.8434,-1.4919,146.8,97.2,0.514
41.64,31725.1,34407.7,-1.0599,-1.4566,146.8,97.2,0.514
41.66,31878.0,34648.4,-0.4697,-0.8648,146.8,97.2,0.514
41.68,32041.6,34931.9,0.1615,-0.1682,146.8,97.2,0.514
41.7,32208.3,35372.1,0.805,0.9138,146.8,97.2,0.514
41.72,32291.1,35809.9,1.1243,1.9897,146.8,97.2,0.514
41.74,32343.8,35765.2,1.3275,1.8799,146.8,97.2,0.514
41.76,32345.5,35699.2,1.3343,1.7177,146.8,97.2,0.514
41.78,32172.9,35444.3,0.6681,1.0912,146.8,97.2,0.514
41.8,32148.8,35173.3,0.5753,0.4252,146.8,97.2,0.514
41.82,32057.8,35200.0,0.2241,0.4907,146.8,97.2,0.514
41.84,31993.8,35142.1,-0.0229,0.3485,146.8,97.2,0.514
41.86,31959.6,34989.8,-0.1548,-0.0258,146.8,97.2,0.514
41.88,32121.6,34926.6,0.4703,-0.1811,146.8,97.2,0.514
41.9,31887.7,34787.9,-0.4322,-0.5222,146.8,97.2,0.514
41.92,31871.3,34784.8,-0.4957,-0.5296,146.8,97.2,0.514
41.94,31828.0,34695.3,-0.6626,-0.7497,146.8,97.2,0.514
41.96,31882.2,34602.1,-0.4534,-0.9786,146.8,97.2,0.514
41.98,31845.3,34623.4,-0.5958,-0.9264,146.8,97.2,0.514
42.0,31800.9,34575.5,-0.7671,-1.0441,146.8,97.2,0.514
42.02,31721.9,34543.0,-1.0721,-1.1239,146.8,97.2,0.514
42.04,31716.2,34500.4,-1.0941,-1.2286,146.8,97.2,0.514
42.06,31815.3,34590.7,-0.7115,-1.0067,146.8,97.2,0.514
42.08,31851.2,34765.8,-0.5733,-0.5764,146.8,97.2,0.514
42.1,32019.5,35178.6,0.0763,0.4381,146.8,97.2,0.514
42.12,32245.3,35640.2,0.9475,1.5725,146.8,97.2,0.514
42.14,32406.6,35804.4,1.57,1.9761,146.8,97.2,0.514
42.16,32294.4,35691.7,1.1371,1.6992,146.8,97.2,0.514
42.18,32286.8,35576.0,1.1079,1.4147,146.8,97.2,0.514
42.2,32187.4,35366.2,0.7241,0.8992,146.8,97.2,0.514
42.22,32086.3,35223.0,0.3342,0.5472,146.8,97.2,0.514
42.24,32044.9,35135.6,0.1742,0.3324,146.8,97.2,0.514
42.26,31982.3,35038.9,-0.0674,0.0948,146.8,97.2,0.514
42.28,32071.6,34923.1,0.2773,-0.1898,146.8,97.2,0.514
42.3,32020.5,34926.6,0.0802,-0.1813,146.8,97.2,0.514
42.32,31861.7,34799.4,-0.5327,-0.4939,146.8,97.2,0.514
42.34,31908.5,34731.7,-0.3519,-0.6602,146.8,97.2,0.514
42.36,31845.7,34664.9,-0.5946,-0.8245,146.8,97.2,0.514
42.38,31726.8,34674.1,-1.0532,-0.8018,146.8,97.2,0.514
42.4,31841.6,34625.2,-0.6103,-0.9218,146.8,97.2,0.514
42.42,31767.9,34476.3,-0.8946,-1.2878,146.8,97.2,0.514
42.44,31695.8,34397.8,-1.1728,-1.4807,146.8,97.2,0.514
42.46,31795.9,34563.6,-0.7865,-1.0733,146.8,97.2,0.514
42.48,31849.0,34750.2,-0.5817,-0.6147,146.8,97.2,0.514
42.5,32025.8,35011.4,0.1004,0.0271,146.8,97.2,0.514
42.52,32262.7,35440.8,1.0149,1.0826,146.8,97.2,0.514
42.54,32300.0,35778.3,1.1588,1.912,146.8,97.2,0.514
42.56,32367.9,35755.5,1.4208,1.8559,146.8,97.2,0.514
42.58,32340.2,35653.2,1.3137,1.6046,146.8,97.2,0.514
42.6,32175.6,35465.3,0.6786,1.1428,146.8,97.2,0.514
42.62,32067.1,35192.3,0.2598,0.4719,146.8,97.2,0.514
42.64,32141.6,35182.8,0.5476,0.4484,146.8,97.2,0.514
42.66,32057.9,35068.1,0.2244,0.1666,146.8,97.2,0.514
42.68,32060.4,35002.7,0.234,0.006,146.8,97.2,0.514
42.7,31960.1,34967.1,-0.1531,-0.0816,146.8,97.2,0.514
42.72,31941.7,34810.6,-0.224,-0.4662,146.8,97.2,0.514
42.74,31905.3,34676.5,-0.3646,-0.7959,146.8,97.2,0.514
42.76,31803.2,34738.3,-0.7585,-0.6438,146.8,97.2,0.514
42.78,31774.3,34739.6,-0.8699,-0.6407,146.8,97.2,0.514
42.8,31878.1,34631.2,-0.4693,-0.9071,146.8,97.2,0.514
42.82,31784.8,34638.5,-0.8293,-0.8894,146.8,97.2,0.514
42.84,31596.9,34547.1,-1.5543,-1.1138,146.8,97.2,0.514
42.86,31816.3,34462.0,-0.708,-1.3231,146.8,97.2,0.514
42.88,31859.2,34604.5,-0.5423,-0.9727,146.8,97.2,0.514
42.9,31908.2,34921.8,-0.3531,-0.1929,146.8,97.2,0.514
42.92,32231.7,35260.7,0.8951,0.64,146.8,97.2,0.514
42.94,32252.2,35644.5,0.9741,1.5831,146.8,97.2,0.514
42.96,32364.0,35673.2,1.4055,1.6538,146.8,97.2,0.514
42.98,32410.8,35684.8,1.5861,1.6822,146.8,97.2,0.514
43.0,32187.4,35482.7,0.7242,1.1856,146.8,97.2,0.514
43.02,32126.6,35337.8,0.4896,0.8295,146.8,97.2,0.514
43.04,32127.1,35218.9,0.4913,0.5371,146.8,97.2,0.514
43.06,32005.2,35137.4,0.021,0.337,146.8,97.2,0.514
43.08,31981.1,35037.8,-0.0719,0.092,146.8,97.2,0.514
43.1,31933.1,34977.9,-0.2573,-0.0551,146.8,97.2,0.514
43.12,31918.4,34808.9,-0.3139,-0.4705,146.8,97.2,0.514
43.14,31887.0,34843.1,-0.435,-0.3864,146.8,97.2,0.514
43.16,31801.4,34732.2,-0.7653,-0.6589,146.8,97.2,0.514
43.18,31820.1,34684.2,-0.6932,-0.777,146.8,97.2,0.514
43.2,31800.0,34703.0,-0.7706,-0.7308,146.8,97.2,0.514
43.22,31702.6,34519.2,-1.1467,-1.1825,146.8,97.2,0.514
43.24,31824.6,34461.6,-0.676,-1.324,146.8,97.2,0.514
43.26,31700.5,34470.8,-1.1546,-1.3013,146.8,97.2,0.514
43.28,31734.9,34507.1,-1.0219,-1.2121,146.8,97.2,0.514
43.3,31861.3,34751.7,-0.534,-0.611,146.8,97.2,0.514
43.32,32070.2,35110.2,0.2719,0.2701,146.8,97.2,0.514
43.34,32218.2,35469.9,0.8431,1.1542,146.8,97.2,0.514
43.36,32324.1,35669.3,1.2517,1.6441,146.8,97.2,0.514
43.38,32433.5,35708.0,1.6738,1.7393,146.8,97.2,0.514
43.4,32320.9,35573.7,1.2392,1.4091,146.8,97.2,0.514
43.42,32307.2,35440.0,1.1867,1.0805,146.8,97.2,0.514
43.44,32101.5,35273.0,0.3926,0.6702,146.8,97.2,0.514
43.46,32052.6,35128.0,0.2042,0.3138,146.8,97.2,0.514
43.48,32044.0,35052.0,0.1707,0.127,146.8,97.2,0.514
43.5,31909.9,34974.1,-0.3467,-0.0644,146.8,97.2,0.514
43.52,32037.0,34989.4,0.1436,-0.0269,146.8,97.2,0.514
43.54,31945.9,34834.2,-0.2077,-0.4084,146.8,97.2,0.514
43.56,31876.7,34828.0,-0.4749,-0.4235,146.8,97.2,0.514
43.58,31891.0,34647.6,-0.4195,-0.8669,146.8,97.2,0.514
43.6,31807.0,34616.8,-0.7438,-0.9426,146.8,97.2,0.514
43.62,31803.4,34651.6,-0.7574,-0.857,146.8,97.2,0.514
43.64,31793.9,34586.5,-0.7941,-1.0169,146.8,97.2,0.514
43.66,31749.8,34516.5,-0.9643,-1.189,146.8,97.2,0.514
43.68,31673.8,34538.1,-1.2576,-1.1361,146.8,97.2,0.514
43.7,31830.0,34601.5,-0.6548,-0.9801,146.8,97.2,0.514
43.72,31930.6,34874.7,-0.2666,-0.3087,146.8,97.2,0.514
43.74,32172.3,35288.5,0.6658,0.7083,146.8,97.2,0.514
43.76,32344.4,35608.8,1.3299,1.4953,146.8,97.2,0.514
43.78,32358.1,35733.8,1.3828,1.8027,146.8,97.2,0.514
43.8,32295.2,35698.4,1.1401,1.7157,146.8,97.2,0.514
43.82,32223.5,35492.4,0.8633,1.2093,146.8,97.2,0.514
43.84,32157.3,35285.4,0.608,0.7007,146.8,97.2,0.514
43.86,32016.0,35113.2,0.0627,0.2774,146.8,97.2,0.514
43.88,32092.1,35045.2,0.3563,0.1102,146.8,97.2,0.514
43.9,32111.1,35076.8,0.4296,0.188,146.8,97.2,0.514
43.92,32026.0,34912.0,0.1012,-0.2172,146.8,97.2,0.514
43.94,31952.7,34810.9,-0.1813,-0.4655,146.8,97.2,0.514
43.96,31867.4,34688.6,-0.5105,-0.7661,146.8,97.2,0.514
43.98,31897.7,34650.1,-0.3938,-0.8607,146.8,97.2,0.514
44.0,31784.5,34748.6,-0.8304,-0.6185,146.8,97.2,0.514
44.02,31799.7,34633.4,-0.7719,-0.9017,146.8,97.2,0.514
44.04,31769.8,34598.0,-0.8874,-0.9888,146.8,97.2,0.514
44.06,31812.2,34498.5,-0.7237,-1.2334,146.8,97.2,0.514
44.08,31781.5,34440.0,-0.8421,-1.3771,146.8,97.2,0.514
44.1,31803.9,34498.6,-0.7556,-1.233,146.8,97.2,0.514
44.12,31873.5,34728.4,-0.4872,-0.6684,146.8,97.2,0.514
44.14,32027.3,35110.8,0.1065,0.2716,146.8,97.2,0.514
44.16,32173.5,35446.4,0.6706,1.0962,146.8,97.2,0.514
44.18,32398.8,35663.7,1.5401,1.6304,146.8,97.2,0.514
44.2,32271.8,35705.8,1.0499,1.7337,146.8,97.2,0.514
44.22,32310.2,35733.3,1.198,1.8014,146.8,97.2,0.514
44.24,32149.6,35340.8,0.5781,0.8368,146.8,97.2,0.514
44.26,32154.7,35261.1,0.5979,0.641,146.8,97.2,0.514
44.28,32015.4,35150.7,0.0605,0.3695,146.8,97.2,0.514
44.3,32040.5,35071.6,0.1573,0.1752,146.8,97.2,0.514
44.32,32031.6,34943.4,0.1231,-0.1398,146.8,97.2,0.514
44.34,31922.9,34895.9,-0.2964,-0.2565,146.8,97.2,0.514
44.36,31907.9,34702.6,-0.3542,-0.7316,146.8,97.2,0.514
44.38,31863.1,34672.4,-0.5271,-0.806,146.8,97.2,0.514
44.4,31835.1,34734.6,-0.6353,-0.6531,146.8,97.2,0.514
44.42,31766.4,34645.2,-0.9004,-0.8728,146.8,97.2,0.514
44.44,31819.1,34620.7,-0.697,-0.9331,146.8,97.2,0.514
44.46,31819.3,34522.8,-0.6964,-1.1736,146.8,97.2,0.514
44.48,31722.5,34492.0,-1.0696,-1.2492,146.8,97.2,0.514
44.5,31731.9,34493.5,-1.0336,-1.2457,146.8,97.2,0.514
44.52,31900.8,34582.8,-0.3819,-1.0261,146.8,97.2,0.514
44.54,32075.5,34962.4,0.2925,-0.0931,146.8,97.2,0.514
44.56,32072.2,35379.9,0.2795,0.9328,146.8,97.2,0.514
44.58,32309.3,35602.4,1.1946,1.4797,146.8,97.2,0.514
44.6,32301.4,35745.3,1.1642,1.8309,146.8,97.2,0.514
44.62,32366.7,35723.1,1.416,1.7764,146.8,97.2,0.514
44.64,32102.5,35425.8,0.3965,1.0456,146.8,97.2,0.514
44.66,32160.8,35283.8,0.6214,0.6966,146.8,97.2,0.514
44.68,32128.2,35202.2,0.4957,0.4961,146.8,97.2,0.514
44.7,32059.5,35093.4,0.2305,0.2288,146.8,97.2,0.514
44.72,32008.6,35063.3,0.0341,0.1547,146.8,97.2,0.514
44.74,32057.5,34983.8,0.2228,-0.0406,146.8,97.2,0.514
44.76,31957.5,34891.3,-0.1629,-0.2678,146.8,97.2,0.514
44.78,31804.0,34730.4,-0.7552,-0.6634,146.8,97.2,0.514
44.8,31790.5,34743.3,-0.8074,-0.6317,146.8,97.2,0.514
44.82,31896.1,34686.7,-0.3998,-0.7707,146.8,97.2,0.514
44.84,31782.6,34626.6,-0.8379,-0.9185,146.8,97.2,0.514
44.86,31729.6,34577.6,-1.0424,-1.0388,146.8,97.2,0.514
44.88,31828.0,34596.8,-0.6627,-0.9917,146.8,97.2,0.514
44.9,31701.4,34402.3,-1.1511,-1.4698,146.8,97.2,0.514
44.92,31805.3,34649.6,-0.7502,-0.8619,146.8,97.2,0.514
44.94,31793.5,34763.4,-0.796,-0.5822,146.8,97.2,0.514
44.96,32010.3,35269.7,0.0407,0.6619,146.8,97.2,0.514
44.98,32257.9,35529.0,0.9962,1.2994,146.8,97.2,0.514
45.0,32371.4,35683.3,1.4344,1.6785,146.8,97.2,0.514
45.02,32288.5,35705.9,1.1143,1.7342,146.8,97.2,0.514
45.04,32328.9,35678.5,1.27,1.6668,146.8,97.2,0.514
45.06,32231.1,35376.9,0.8928,0.9254,146.8,97.2,0.514
45.08,32069.0,35127.5,0.2672,0.3125,146.8,97.2,0.514
45.1,32025.6,35104.3,0.0997,0.2556,146.8,97.2,0.514
45.12,32093.7,35067.2,0.3624,0.1643,146.8,97.2,0.514
45.14,31932.1,35030.7,-0.2609,0.0746,146.8,97.2,0.514
45.16,31993.3,34977.9,-0.0246,-0.0552,146.8,97.2,0.514
45.18,31825.2,34761.3,-0.6734,-0.5875,146.8,97.2,0.514
45.2,31882.9,34746.3,-0.4507,-0.6244,146.8,97.2,0.514
45.22,31816.9,34673.1,-0.7056,-0.8042,146.8,97.2,0.514
45.24,31905.7,34748.8,-0.3628,-0.6181,146.8,97.2,0.514
45.26,31811.6,34613.3,-0.7259,-0.9512,146.8,97.2,0.514
45.28,31792.5,34536.4,-0.7997,-1.1402,146.8,97.2,0.514
45.3,31811.8,34537.4,-0.7251,-1.1377,146.8,97.2,0.514
45.32,31823.7,34525.6,-0.6792,-1.1667,146.8,97.2,0.514
45.34,31754.1,34652.6,-0.9478,-0.8546,146.8,97.2,0.514
45.36,31916.8,35087.9,-0.3201,0.2153,146.8,97.2,0.514
45.38,32152.5,35302.9,0.5895,0.7435,146.8,97.2,0.514
45.4,32295.1,35698.9,1.1396,1.7168,146.8,97.2,0.514
45.42,32348.5,35855.1,1.3457,2.1008,146.8,97.2,0.514
45.44,32296.6,35658.8,1.1455,1.6184,146.8,97.2,0.514
45.46,32212.9,35457.5,0.8227,1.1236,146.8,97.2,0.514
45.48,32107.4,35200.4,0.4154,0.4917,146.8,97.2,0.514
45.5,32027.0,35111.5,0.1053,0.2731,146.8,97.2,0.514
45.52,32036.1,35095.7,0.1401,0.2343,146.8,97.2,0.514
45.54,32045.1,35079.3,0.175,0.1942,146.8,97.2,0.514
45.56,32052.8,34982.6,0.2049,-0.0436,146.8,97.2,0.514
45.58,31955.0,34842.0,-0.1725,-0.3892,146.8,97.2,0.514
45.6,31885.1,34684.4,-0.4424,-0.7763,146.8,97.2,0.514
45.62,31843.1,34669.1,-0.6046,-0.8141,146.8,97.2,0.514
45.64,31799.0,34732.0,-0.7745,-0.6594,146.8,97.2,0.514
45.66,31876.6,34708.3,-0.4753,-0.7177,146.8,97.2,0.514
45.68,31825.5,34598.7,-0.6723,-0.987,146.8,97.2,0.514
45.7,31799.4,34484.1,-0.7732,-1.2687,146.8,97.2,0.514
45.72,31747.9,34502.6,-0.9716,-1.2232,146.8,97.2,0.514
45.74,31834.3,34609.8,-0.6382,-0.9598,146.8,97.2,0.514
45.76,31932.5,34845.1,-0.2594,-0.3814,146.8,97.2,0.514
45.78,32142.1,35248.4,0.5492,0.6097,146.8,97.2,0.514
45.8,32137.4,35579.1,0.5313,1.4223,146.8,97.2,0.514
45.82,32473.9,35759.7,1.8298,1.8663,146.8,97.2,0.514
45.84,32373.4,35696.6,1.442,1.7113,146.8,97.2,0.514
45.86,32265.8,35513.5,1.0265,1.2612,146.8,97.2,0.514
45.88,32275.7,35386.6,1.0649,0.9493,146.8,97.2,0.514
45.9,32090.4,35266.6,0.3499,0.6545,146.8,97.2,0.514
45.92,32069.8,35006.9,0.2705,0.0162,146.8,97.2,0.514
45.94,32049.0,35061.3,0.19,0.15,146.8,97.2,0.514
45.96,31975.5,35046.9,-0.0933,0.1144,146.8,97.2,0.514
45.98,31918.1,34928.7,-0.315,-0.1759,146.8,97.2,0.514
46.0,31900.7,34761.3,-0.382,-0.5874,146.8,97.2,0.514
46.02,31822.9,34732.1,-0.6823,-0.6593,146.8,97.2,0.514
46.04,31876.2,34705.3,-0.4766,-0.7251,146.8,97.2,0.514
46.06,31804.8,34660.7,-0.7521,-0.8348,146.8,97.2,0.514
46.08,31871.8,34627.8,-0.4935,-0.9156,146.8,97.2,0.514
46.1,31823.2,34469.7,-0.6812,-1.3041,146.8,97.2,0.514
46.12,31772.1,34433.3,-0.8784,-1.3935,146.8,97.2,0.514
46.14,31822.1,34486.1,-0.6854,-1.2638,146.8,97.2,0.514
46.16,31803.5,34714.7,-0.7573,-0.7019,146.8,97.2,0.514
46.18,32029.7,35074.9,0.1157,0.1832,146.8,97.2,0.514
46.2,32193.7,35373.4,0.7485,0.917,146.8,97.2,0.514
46.22,32375.5,35685.2,1.4501,1.6833,146.8,97.2,0.514
46.24,32367.4,35711.4,1.4186,1.7477,146.8,97.2,0.514
46.26,32306.2,35655.9,1.1825,1.6111,146.8,97.2,0.514
46.28,32312.3,35428.8,1.206,1.053,146.8,97.2,0.514
46.3,32082.3,35171.0,0.3187,0.4195,146.8,97.2,0.514
46.32,32033.1,35193.7,0.1288,0.4753,146.8,97.2,0.514
46.34,32028.7,35151.5,0.1118,0.3715,146.8,97.2,0.514
46.36,32073.8,34985.3,0.2858,-0.0369,146.8,97.2,0.514
46.38,32000.3,34904.8,0.0023,-0.2347,146.8,97.2,0.514
46.4,31907.3,34863.4,-0.3565,-0.3365,146.8,97.2,0.514
46.42,31875.1,34825.6,-0.4808,-0.4295,146.8,97.2,0.514
46.44,31797.0,34704.6,-0.7824,-0.7268,146.8,97.2,0.514
46.46,31849.1,34612.7,-0.5811,-0.9527,146.8,97.2,0.514
46.48,31778.6,34652.3,-0.8532,-0.8553,146.8,97.2,0.514
46.5,31781.3,34606.6,-0.8427,-0.9675,146.8,97.2,0.514
46.52,31706.8,34562.2,-1.1306,-1.0767,146.8,97.2,0.514
46.54,31747.0,34445.6,-0.9751,-1.3633,146.8,97.2,0.514
46.56,31927.5,34638.6,-0.2788,-0.8891,146.8,97.2,0.514
46.58,31896.9,34935.7,-0.3967,-0.1588,146.8,97.2,0.514
46.6,32189.7,35308.4,0.7329,0.7571,146.8,97.2,0.514
46.62,32327.2,35599.7,1.2637,1.473,146.8,97.2,0.514
46.64,32297.9,35694.4,1.1507,1.7058,146.8,97.2,0.514
46.66,32321.1,35794.5,1.2402,1.9518,146.8,97.2,0.514
46.68,32273.5,35482.8,1.0564,1.1857,146.8,97.2,0.514
46.7,32149.3,35235.6,0.577,0.5782,146.8,97.2,0.514
46.72,32119.3,35117.4,0.4612,0.2876,146.8,97.2,0.514
46.74,31943.3,35006.4,-0.2178,0.015,146.8,97.2,0.514
46.76,31975.9,35149.3,-0.092,0.366,146.8,97.2,0.514
46.78,31968.9,34922.7,-0.1189,-0.1908,146.8,97.2,0.514
46.8,31911.5,34893.3,-0.3406,-0.2631,146.8,97.2,0.514
46.82,31879.2,34902.8,-0.4649,-0.2397,146.8,97.2,0.514
46.84,31881.5,34564.9,-0.4562,-1.0702,146.8,97.2,0.514
46.86,31978.3,34675.2,-0.0829,-0.799,146.8,97.2,0.514
46.88,31763.8,34611.2,-0.9103,-0.9563,146.8,97.2,0.514
46.9,31812.1,34544.1,-0.724,-1.1213,146.8,97.2,0.514
46.92,31851.8,34533.6,-0.571,-1.147,146.8,97.2,0.514
46.94,31751.7,34468.9,-0.9569,-1.3062,146.8,97.2,0.514
46.96,31795.2,34479.0,-0.7892,-1.2812,146.8,97.2,0.514
46.98,31836.6,34726.3,-0.6297,-0.6734,146.8,97.2,0.514
47.0,32029.6,35128.3,0.1151,0.3146,146.8,97.2,0.514
47.02,32212.0,35593.3,0.819,1.4573,146.8,97.2,0.514
47.04,32361.9,35713.2,1.3975,1.7521,146.8,97.2,0.514
47.06,32316.9,35782.9,1.224,1.9233,146.8,97.2,0.514
47.08,32233.1,35582.1,0.9005,1.4299,146.8,97.2,0.514
47.1,32208.8,35445.2,0.8067,1.0934,146.8,97.2,0.514
47.12,32141.4,35182.4,0.5468,0.4475,146.8,97.2,0.514
47.14,32068.1,35125.9,0.2639,0.3087,146.8,97.2,0.514
47.16,32110.5,35127.3,0.4274,0.3121,146.8,97.2,0.514
47.18,32051.0,35053.3,0.198,0.1301,146.8,97.2,0.514
47.2,32008.2,34922.8,0.0326,-0.1906,146.8,97.2,0.514
47.22,31939.7,34846.2,-0.2317,-0.3788,146.8,97.2,0.514
47.24,31788.1,34769.9,-0.8167,-0.5664,146.8,97.2,0.514
47.26,31903.0,34754.7,-0.3734,-0.6038,146.8,97.2,0.514
47.28,31847.3,34675.9,-0.5883,-0.7973,146.8,97.2,0.514
47.3,31858.0,34621.5,-0.5468,-0.931,146.8,97.2,0.514
47.32,31813.7,34558.4,-0.7179,-1.0862,146.8,97.2,0.514
47.34,31743.8,34511.7,-0.9874,-1.2008,146.8,97.2,0.514
47.36,31783.6,34576.9,-0.8341,-1.0406,146.8,97.2,0.514
47.38,31767.0,34696.6,-0.8979,-0.7465,146.8,97.2,0.514
47.4,31938.6,34804.8,-0.2359,-0.4805,146.8,97.2,0.514
47.42,32134.7,35359.6,0.5209,0.883,146.8,97.2,0.514
47.44,32268.7,35583.3,1.038,1.4327,146.8,97.2,0.514
47.46,32368.5,35762.3,1.4229,1.8727,146.8,97.2,0.514
47.48,32308.4,35740.4,1.1911,1.8189,146.8,97.2,0.514
47.5,32194.9,35471.5,0.7529,1.1579,146.8,97.2,0.514
47.52,32165.5,35252.9,0.6396,0.6207,146.8,97.2,0.514
47.54,32003.7,35165.8,0.0153,0.4067,146.8,97.2,0.514
47.56,32135.2,35127.4,0.5228,0.3122,146.8,97.2,0.514
47.58,32025.1,35054.1,0.0977,0.1321,146.8,97.2,0.514
47.6,31896.3,35054.5,-0.3991,0.1333,146.8,97.2,0.514
47.62,31922.2,34931.9,-0.299,-0.1681,146.8,97.2,0.514
47.64,31823.8,34730.7,-0.679,-0.6627,146.8,97.2,0.514
47.66,31857.2,34676.5,-0.5499,-0.7959,146.8,97.2,0.514
47.68,31825.8,34683.3,-0.6713,-0.7791,146.8,97.2,0.514
47.7,31904.7,34648.5,-0.3667,-0.8647,146.8,97.2,0.514
47.72,31743.1,34634.5,-0.9902,-0.8992,146.8,97.2,0.514
47.74,31822.2,34474.2,-0.6851,-1.293,146.8,97.2,0.514
47.76,31783.8,34450.2,-0.8334,-1.352,146.8,97.2,0.514
47.78,31781.0,34547.0,-0.8442,-1.114,146.8,97.2,0.514
47.8,31876.6,34793.0,-0.4752,-0.5096,146.8,97.2,0.514
47.82,32035.4,35227.5,0.1374,0.5584,146.8,97.2,0.514
47.84,32292.5,35484.4,1.1297,1.1896,146.8,97.2,0.514
47.86,32315.4,35719.6,1.218,1.7676,146.8,97.2,0.514
47.88,32364.3,35776.1,1.4068,1.9067,146.8,97.2,0.514
47.9,32286.4,35528.0,1.1063,1.2967,146.8,97.2,0.514
47.92,32242.3,35419.9,0.936,1.0313,146.8,97.2,0.514
47.94,32193.1,35219.7,0.746,0.5393,146.8,97.2,0.514
47.96,32004.4,35166.8,0.0178,0.4092,146.8,97.2,0.514
47.98,32122.5,35107.4,0.4736,0.2632,146.8,97.2,0.514
48.0,32063.6,35065.6,0.2463,0.1605,146.8,97.2,0.514
48.02,32008.9,34963.1,0.0356,-0.0915,146.8,97.2,0.514
48.04,31885.0,34852.6,-0.4429,-0.3631,146.8,97.2,0.514
48.06,31900.9,34729.3,-0.3813,-0.6661,146.8,97.2,0.514
48.08,31896.4,34672.4,-0.3989,-0.806,146.8,97.2,0.514
48.1,31820.6,34782.5,-0.6914,-0.5354,146.8,97.2,0.514
48.12,31862.5,34670.4,-0.5295,-0.8108,146.8,97.2,0.514
48.14,31763.2,34586.4,-0.9127,-1.0173,146.8,97.2,0.514
48.16,31783.3,34345.2,-0.835,-1.6101,146.8,97.2,0.514
48.18,31770.5,34461.3,-0.8847,-1.3248,146.8,97.2,0.514
48.2,31822.9,34660.7,-0.6823,-0.8348,146.8,97.2,0.514
48.22,31977.0,34953.3,-0.0875,-0.1156,146.8,97.2,0.514
48.24,32161.3,35369.1,0.6234,0.9063,146.8,97.2,0.514
48.26,32263.9,35701.9,1.0195,1.7243,146.8,97.2,0.514
48.28,32202.8,35700.9,0.7838,1.7217,146.8,97.2,0.514
48.3,32309.1,35707.7,1.194,1.7384,146.8,97.2,0.514
48.32,32260.0,35450.6,1.0042,1.1067,146.8,97.2,0.514
48.34,32075.8,35259.0,0.2935,0.6357,146.8,97.2,0.514
48.36,32129.0,35233.7,0.4987,0.5737,146.8,97.2,0.514
48.38,31974.0,35048.8,-0.0994,0.1192,146.8,97.2,0.514
48.4,31906.4,35033.7,-0.36,0.0822,146.8,97.2,0.514
48.42,31940.0,34972.1,-0.2306,-0.0694,146.8,97.2,0.514
48.44,31935.7,34763.9,-0.2472,-0.5812,146.8,97.2,0.514
48.46,31846.4,34718.5,-0.5917,-0.6926,146.8,97.2,0.514
48.48,31836.5,34643.4,-0.6301,-0.8773,146.8,97.2,0.514
48.5,31785.0,34730.7,-0.8288,-0.6626,146.8,97.2,0.514
48.52,31828.9,34664.9,-0.6592,-0.8243,146.8,97.2,0.514
48.54,31756.1,34574.7,-0.9401,-1.0461,146.8,97.2,0.514
48.56,31745.8,34498.2,-0.98,-1.2342,146.8,97.2,0.514
48.58,31677.4,34488.2,-1.2439,-1.2587,146.8,97.2,0.514
48.6,31886.7,34677.5,-0.436,-0.7933,146.8,97.2,0.514
48.62,31902.5,34766.4,-0.3753,-0.575,146.8,97.2,0.514
48.64,32091.8,35217.4,0.3554,0.5335,146.8,97.2,0.514
48.66,32247.5,35586.4,0.9562,1.4404,146.8,97.2,0.514
48.68,32287.6,35853.9,1.1109,2.0979,146.8,97.2,0.514
48.7,32415.1,35747.6,1.6028,1.8365,146.8,97.2,0.514
48.72,32306.6,35542.1,1.1841,1.3315,146.8,97.2,0.514
48.74,32180.4,35292.1,0.6973,0.717,146.8,97.2,0.514
48.76,32062.9,35250.0,0.2436,0.6137,146.8,97.2,0.514
48.78,32060.9,35049.5,0.2359,0.121,146.8,97.2,0.514
48.8,32055.7,35028.6,0.216,0.0695,146.8,97.2,0.514
48.82,31936.8,34923.8,-0.2428,-0.188,146.8,97.2,0.514
48.84,31947.3,34948.6,-0.2024,-0.1271,146.8,97.2,0.514
48.86,31944.5,34744.4,-0.213,-0.629,146.8,97.2,0.514
48.88,31835.4,34685.2,-0.6342,-0.7744,146.8,97.2,0.514
48.9,31806.0,34762.7,-0.7475,-0.5839,146.8,97.2,0.514
48.92,31949.3,34690.6,-0.1947,-0.7612,146.8,97.2,0.514
48.94,31809.4,34540.4,-0.7345,-1.1302,146.8,97.2,0.514
48.96,31769.8,34513.0,-0.8872,-1.1977,146.8,97.2,0.514
48.98,31702.4,34414.2,-1.1474,-1.4404,146.8,97.2,0.514
49.0,31761.2,34425.5,-0.9206,-1.4127,146.8,97.2,0.514
49.02,31854.8,34683.5,-0.5594,-0.7787,146.8,97.2,0.514
49.04,31935.4,35068.4,-0.2482,0.1674,146.8,97.2,0.514
49.06,32302.1,35401.6,1.1667,0.9862,146.8,97.2,0.514
49.08,32270.5,35716.1,1.045,1.7591,146.8,97.2,0.514
49.1,32392.7,35676.6,1.5166,1.662,146.8,97.2,0.514
49.12,32353.4,35539.0,1.3647,1.324,146.8,97.2,0.514
49.14,32277.4,35389.4,1.0716,0.9561,146.8,97.2,0.514
49.16,32134.8,35222.2,0.5213,0.5452,146.8,97.2,0.514
49.18,32068.2,35187.7,0.264,0.4606,146.8,97.2,0.514
49.2,32041.9,35101.9,0.1626,0.2496,146.8,97.2,0.514
49.22,32066.7,35176.3,0.2585,0.4326,146.8,97.2,0.514
49.24,32012.7,35024.7,0.0502,0.06,146.8,97.2,0.514
49.26,31895.0,34905.7,-0.4043,-0.2327,146.8,97.2,0.514
49.28,31903.8,34742.2,-0.3703,-0.6343,146.8,97.2,0.514
49.3,31849.9,34671.5,-0.5781,-0.8081,146.8,97.2,0.514
49.32,31756.7,34737.7,-0.9377,-0.6455,146.8,97.2,0.514
49.34,31802.8,34677.7,-0.76,-0.7928,146.8,97.2,0.514
49.36,31722.4,34624.7,-1.07,-0.9231,146.8,97.2,0.514
49.38,31764.9,34513.7,-0.9062,-1.1959,146.8,97.2,0.514
49.4,31697.6,34461.3,-1.166,-1.3249,146.8,97.2,0.514
49.42,31810.1,34656.2,-0.7316,-0.8457,146.8,97.2,0.514
49.44,31960.4,34925.7,-0.1518,-0.1833,146.8,97.2,0.514
49.46,32100.0,35145.0,0.387,0.3557,146.8,97.2,0.514
49.48,32331.1,35584.6,1.2787,1.4361,146.8,97.2,0.514
49.5,32285.3,35809.3,1.1018,1.9882,146.8,97.2,0.514
49.52,32405.1,35760.8,1.5642,1.8689,146.8,97.2,0.514
49.54,32277.3,35551.1,1.071,1.3536,146.8,97.2,0.514
49.56,32193.3,35342.7,0.747,0.8416,146.8,97.2,0.514
49.58,32097.2,35180.7,0.3759,0.4433,146.8,97.2,0.514
49.6,32221.8,35074.9,0.8568,0.1833,146.8,97.2,0.514
49.62,32040.7,35103.9,0.1583,0.2545,146.8,97.2,0.514
49.64,32049.5,35036.6,0.1918,0.0892,146.8,97.2,0.514
49.66,31964.7,34898.7,-0.1353,-0.2499,146.8,97.2,0.514
49.68,31854.0,34821.5,-0.5623,-0.4395,146.8,97.2,0.514
49.7,31790.2,34772.0,-0.8085,-0.5612,146.8,97.2,0.514
49.72,31811.0,34618.4,-0.7283,-0.9385,146.8,97.2,0.514
49.74,31811.7,34524.9,-0.7255,-1.1685,146.8,97.2,0.514
49.76,31719.5,34613.3,-1.0812,-0.9511,146.8,97.2,0.514
49.78,31800.5,34530.4,-0.7687,-1.155,146.8,97.2,0.514
49.8,31731.4,34482.6,-1.0354,-1.2725,146.8,97.2,0.514
49.82,31791.2,34546.1,-0.8046,-1.1164,146.8,97.2,0.514
49.84,31814.2,34782.9,-0.7161,-0.5343,146.8,97.2,0.514
49.86,32114.2,35098.9,0.4416,0.2423,146.8,97.2,0.514
49.88,32181.5,35479.9,0.7013,1.1787,146.8,97.2,0.514
49.9,32344.6,35720.3,1.3308,1.7694,146.8,97.2,0.514
49.92,32291.0,35695.6,1.124,1.7087,146.8,97.2,0.514
49.94,32413.0,35658.6,1.5946,1.6177,146.8,97.2,0.514
49.96,32108.2,35397.8,0.4184,0.9768,146.8,97.2,0.514
49.98,32179.6,35236.4,0.694,0.5803,146.8,97.2,0.514
50.0,32070.9,35230.4,0.2748,0.5654,146.8,97.2,0.514
50.02,32091.3,35103.9,0.3532,0.2546,146.8,97.1,0.514
50.04,31984.0,34972.2,-0.0607,-0.0691,146.8,97.1,0.515
50.06,31958.7,34940.1,-0.1585,-0.1479,146.7,97.1,0.515
50.08,31889.7,34780.2,-0.4246,-0.5411,146.7,97.1,0.516
50.1,31914.3,34747.4,-0.3296,-0.6216,146.7,97.1,0.517
50.12,31819.1,34674.4,-0.6969,-0.8009,146.7,97.1,0.517
50.14,31825.1,34643.0,-0.6738,-0.8782,146.6,97.0,0.518
50.16,31820.5,34624.4,-0.6915,-0.924,146.6,97.0,0.519
50.18,31843.2,34582.9,-0.604,-1.0258,146.6,97.0,0.519
50.2,31617.1,34456.1,-1.4765,-1.3375,146.6,97.0,0.52
50.22,31763.6,34405.6,-0.9113,-1.4616,146.5,97.0,0.521
50.24,31807.0,34610.3,-0.7439,-0.9586,146.5,97.0,0.521
50.26,31922.4,34940.1,-0.2982,-0.1481,146.5,97.0,0.522
50.28,32147.1,35258.8,0.5687,0.6352,146.5,96.9,0.523
50.3,32282.6,35544.6,1.0915,1.3376,146.4,96.9,0.523
50.32,32359.6,35782.3,1.3885,1.9218,146.4,96.9,0.524
50.34,32393.5,35736.9,1.5194,1.8104,146.4,96.9,0.524
50.36,32279.4,35581.0,1.0793,1.4272,146.4,96.9,0.525
50.38,32140.3,35249.4,0.5423,0.6122,146.3,96.9,0.526
50.4,32093.3,35156.9,0.361,0.3847,146.3,96.8,0.526
50.42,32003.8,35145.1,0.0156,0.3557,146.3,96.8,0.527
50.44,32056.9,35071.1,0.2205,0.174,146.3,96.8,0.528
50.46,32032.3,34901.0,0.1258,-0.2442,146.2,96.8,0.528
50.48,31961.7,34908.9,-0.1468,-0.2247,146.2,96.8,0.529
50.5,31924.4,34824.3,-0.2909,-0.4325,146.2,96.8,0.53
50.52,31802.6,34690.5,-0.7606,-0.7615,146.2,96.7,0.53
50.54,31881.8,34704.4,-0.4551,-0.7272,146.2,96.7,0.531
50.56,31795.2,34653.6,-0.7891,-0.8521,146.1,96.7,0.531
50.58,31775.8,34588.5,-0.864,-1.012,146.1,96.7,0.532
50.6,31774.1,34521.4,-0.8707,-1.1771,146.1,96.7,0.533
50.62,31791.5,34436.5,-0.8034,-1.3858,146.1,96.7,0.533
50.64,31749.2,34490.0,-0.9667,-1.2542,146.0,96.6,0.534
50.66,31841.7,34701.2,-0.6098,-0.735,146.0,96.6,0.535
50.68,32063.6,35144.6,0.2463,0.3547,146.0,96.6,0.535
50.7,32126.5,35449.3,0.4892,1.1034,146.0,96.6,0.536
50.72,32312.4,35786.3,1.2065,1.9317,145.9,96.6,0.537
50.74,32400.2,35862.8,1.5454,2.1197,145.9,96.6,0.537
50.76,32318.1,35644.5,1.2283,1.5833,145.9,96.6,0.538
50.78,32195.4,35408.5,0.7551,1.0031,145.9,96.5,0.539
50.8,32115.3,35240.3,0.446,0.5898,145.8,96.5,0.539
50.82,31953.1,35099.9,-0.1799,0.2447,145.8,96.5,0.54
50.84,32082.3,35107.5,0.3186,0.2633,145.8,96.5,0.54
50.86,31977.3,35046.0,-0.0866,0.1123,145.8,96.5,0.541
50.88,31919.0,34878.4,-0.3116,-0.2996,145.7,96.5,0.542
50.9,31929.4,34819.3,-0.2715,-0.4448,145.7,96.4,0.542
50.92,31861.6,34759.4,-0.5329,-0.5921,145.7,96.4,0.543
50.94,31856.8,34741.6,-0.5517,-0.6359,145.7,96.4,0.544
50.96,31778.8,34655.5,-0.8525,-0.8474,145.6,96.4,0.544
50.98,31860.1,34605.6,-0.539,-0.9701,145.6,96.4,0.545
51.0,31790.4,34553.8,-0.8079,-1.0974,145.6,96.4,0.546
51.02,31753.4,34456.7,-0.9505,-1.336,145.6,96.3,0.546
51.04,31743.7,34483.8,-0.988,-1.2695,145.6,96.3,0.547
51.06,31794.2,34482.6,-0.7931,-1.2724,145.5,96.3,0.547
51.08,32048.3,34904.7,0.1873,-0.2349,145.5,96.3,0.548
51.1,32119.1,35232.7,0.4605,0.5712,145.5,96.3,0.549
51.12,32243.8,35496.7,0.9418,1.22,145.5,96.3,0.549
51.14,32445.3,35731.9,1.7193,1.7979,145.4,96.2,0.55
51.16,32407.9,35622.0,1.575,1.5279,145.4,96.2,0.551
51.18,32222.7,35491.1,0.8603,1.2062,145.4,96.2,0.551
51.2,32090.8,35405.8,0.3513,0.9965,145.4,96.2,0.552
51.22,32110.8,35105.3,0.4284,0.2581,145.3,96.2,0.553
51.24,32095.7,35155.2,0.3704,0.3806,145.3,96.2,0.553
51.26,32016.7,35109.7,0.0656,0.2688,145.3,96.2,0.554
51.28,32031.3,35035.8,0.122,0.0873,145.3,96.1,0.555
51.3,31993.0,34807.5,-0.026,-0.474,145.2,96.1,0.555
51.32,31852.5,34820.5,-0.5681,-0.442,145.2,96.1,0.556
51.34,31926.8,34698.1,-0.2815,-0.7428,145.2,96.1,0.556
51.36,31806.3,34753.3,-0.7465,-0.6071,145.2,96.1,0.557
51.38,31811.0,34634.6,-0.7282,-0.8989,145.1,96.1,0.558
51.4,31806.9,34533.1,-0.7439,-1.1483,145.1,96.0,0.558
51.42,31779.7,34570.5,-0.8492,-1.0563,145.1,96.0,0.559
51.44,31726.5,34386.3,-1.0546,-1.509,145.1,96.0,0.56
51.46,31693.6,34502.3,-1.1814,-1.2239,145.0,96.0,0.56
51.48,31791.5,34704.5,-0.8034,-0.7269,145.0,96.0,0.561
51.5,31958.6,35048.5,-0.1588,0.1184,145.0,96.0,0.562
51.52,32231.0,35385.1,0.8926,0.9457,145.0,95.9,0.562
51.54,32274.8,35717.4,1.0616,1.7625,145.0,95.9,0.563
51.56,32424.7,35670.4,1.6398,1.6469,144.9,95.9,0.563
51.58,32348.3,35581.7,1.345,1.4289,144.9,95.9,0.564
51.6,32181.1,35489.5,0.6999,1.2023,144.9,95.9,0.565
51.62,32156.1,35277.5,0.6035,0.6812,144.9,95.9,0.565
51.64,32036.5,35145.6,0.1419,0.3572,144.8,95.8,0.566
51.66,32090.7,35106.2,0.3512,0.2601,144.8,95.8,0.567
51.68,32015.9,34968.7,0.0625,-0.0777,144.8,95.8,0.567
51.7,31937.3,34898.2,-0.2409,-0.2509,144.8,95.8,0.568
51.72,31894.8,34815.8,-0.4048,-0.4535,144.7,95.8,0.569
51.74,31824.1,34763.1,-0.6778,-0.5829,144.7,95.8,0.569
51.76,31812.2,34733.7,-0.7238,-0.6552,144.7,95.8,0.57
51.78,31765.1,34580.4,-0.9054,-1.032,144.7,95.7,0.571
51.8,31794.8,34658.4,-0.7908,-0.8404,144.6,95.7,0.571
51.82,31784.3,34609.8,-0.8315,-0.9599,144.6,95.7,0.572
51.84,31758.2,34512.7,-0.9321,-1.1983,144.6,95.7,0.572
51.86,31710.0,34443.4,-1.1182,-1.3688,144.6,95.7,0.573
51.88,31769.5,34532.2,-0.8886,-1.1505,144.5,95.7,0.574
51.9,31973.6,34707.4,-0.1009,-0.7199,144.5,95.6,0.574
51.92,32186.4,35122.3,0.7202,0.2997,144.5,95.6,0.575
51.94,32309.9,35503.0,1.1968,1.2355,144.5,95.6,0.576
51.96,32252.0,35735.3,0.9736,1.8062,144.4,95.6,0.576
51.98,32468.6,35833.7,1.8093,2.0481,144.4,95.6,0.577
52.0,32312.1,35605.6,1.2052,1.4875,144.4,95.6,0.578
52.02,32237.5,35397.0,0.9176,0.975,144.4,95.5,0.578
52.04,32107.7,35231.6,0.4166,0.5684,144.4,95.5,0.579
52.06,31996.1,35147.5,-0.0142,0.3617,144.3,95.5,0.579
52.08,32051.3,35029.3,0.1988,0.0712,144.3,95.5,0.58
52.1,32021.8,35079.8,0.085,0.1953,144.3,95.5,0.581
52.12,31923.1,34946.6,-0.2957,-0.1321,144.3,95.5,0.581
52.14,31908.8,34856.0,-0.3509,-0.3546,144.2,95.4,0.582
52.16,31845.8,34704.3,-0.5939,-0.7276,144.2,95.4,0.583
52.18,31759.3,34735.8,-0.9279,-0.6502,144.2,95.4,0.583
52.2,31867.2,34656.3,-0.5114,-0.8456,144.2,95.4,0.584
52.22,31815.2,34722.2,-0.712,-0.6835,144.1,95.4,0.585
52.24,31778.8,34473.4,-0.8524,-1.2949,144.1,95.4,0.585
52.26,31691.0,34449.8,-1.1913,-1.3531,144.1,95.4,0.586
52.28,31667.9,34506.0,-1.2807,-1.2148,144.1,95.3,0.587
52.3,31712.6,34473.8,-1.1079,-1.2941,144.0,95.3,0.587
52.32,31918.0,34929.3,-0.3155,-0.1746,144.0,95.3,0.588
52.34,32099.7,35326.1,0.3857,0.8006,144.0,95.3,0.588
52.36,32298.6,35477.9,1.1532,1.1737,144.0,95.3,0.589
52.38,32429.5,35687.8,1.6582,1.6897,143.9,95.3,0.59
52.4,32348.9,35714.1,1.3475,1.7542,143.9,95.2,0.59
52.42,32249.9,35570.0,0.9652,1.4001,143.9,95.2,0.591
52.44,32254.7,35412.3,0.9838,1.0124,143.9,95.2,0.592
52.46,32160.5,35224.4,0.6204,0.5506,143.8,95.2,0.592
52.48,32034.2,35060.4,0.1332,0.1477,143.8,95.2,0.593
52.5,32063.4,35013.2,0.2458,0.0317,143.8,95.2,0.594
52.52,31992.6,35100.7,-0.0276,0.2468,143.8,95.1,0.594
52.54,31995.5,34976.5,-0.0163,-0.0585,143.8,95.1,0.595
52.56,31872.9,34788.7,-0.4894,-0.5201,143.7,95.1,0.595
52.58,31849.3,34730.4,-0.5806,-0.6633,143.7,95.1,0.596
52.6,31886.4,34692.3,-0.4374,-0.7569,143.7,95.1,0.597
52.62,31776.0,34690.6,-0.8632,-0.7611,143.7,95.1,0.597
52.64,31733.8,34654.2,-1.0263,-0.8508,143.6,95.0,0.598
52.66,31774.6,34549.0,-0.8687,-1.1091,143.6,95.0,0.599
52.68,31702.2,34497.0,-1.1483,-1.237,143.6,95.0,0.599
52.7,31678.5,34457.0,-1.2397,-1.3354,143.6,95.0,0.6
52.72,31741.9,34612.8,-0.9948,-0.9524,143.5,95.0,0.601
52.74,31898.3,34867.2,-0.3912,-0.3273,143.5,95.0,0.601
52.76,32101.8,35219.3,0.3938,0.5381,143.5,95.0,0.602
52.78,32350.8,35624.7,1.3548,1.5344,143.5,94.9,0.603
52.8,32353.8,35761.3,1.3664,1.8701,143.4,94.9,0.603
52.82,32387.4,35741.5,1.4961,1.8216,143.4,94.9,0.604
52.84,32324.5,35580.9,1.2532,1.4268,143.4,94.9,0.604
52.86,32088.3,35339.0,0.3416,0.8323,143.4,94.9,0.605
52.88,32137.2,35210.4,0.5306,0.5162,143.3,94.9,0.606
52.9,32050.7,35120.5,0.1966,0.2954,143.3,94.8,0.606
52.92,32128.7,35140.9,0.4977,0.3456,143.3,94.8,0.607
52.94,32039.7,35050.9,0.1542,0.1242,143.3,94.8,0.608
52.96,31973.8,34940.2,-0.1002,-0.1479,143.2,94.8,0.608
52.98,31949.5,34820.6,-0.1939,-0.4417,143.2,94.8,0.609
53.0,31750.6,34734.1,-0.9613,-0.6542,143.2,94.8,0.61
53.02,31786.3,34778.5,-0.8236,-0.5453,143.2,94.7,0.61
53.04,31780.8,34736.0,-0.8449,-0.6496,143.2,94.7,0.611
53.06,31747.4,34520.0,-0.9736,-1.1805,143.1,94.7,0.611
53.08,31744.2,34534.9,-0.9861,-1.144,143.1,94.7,0.612
53.1,31717.6,34499.3,-1.0886,-1.2313,143.1,94.7,0.613
53.12,31737.8,34511.5,-1.0109,-1.2015,143.1,94.7,0.613
53.14,31844.9,34653.6,-0.5976,-0.8522,143.0,94.6,0.614
53.16,32031.4,34943.1,0.122,-0.1407,143.0,94.6,0.615
53.18,32091.5,35216.8,0.3539,0.5321,143.0,94.6,0.615
53.2,32292.0,35618.0,1.1277,1.5181,143.0,94.6,0.616
53.22,32501.0,35727.1,1.9344,1.7862,142.9,94.6,0.617
53.24,32394.9,35633.0,1.5249,1.555,142.9,94.6,0.617
53.26,32313.3,35628.4,1.2099,1.5435,142.9,94.6,0.618
53.28,32182.0,35383.6,0.7035,0.9419,142.9,94.5,0.619
53.3,32139.6,35184.7,0.5397,0.4531,142.8,94.5,0.619
53.32,32079.9,35115.8,0.3094,0.2838,142.8,94.5,0.62
53.34,31992.2,35117.6,-0.029,0.2882,142.8,94.5,0.62
53.36,31951.7,35077.9,-0.1853,0.1906,142.8,94.5,0.621
53.38,31979.1,34924.9,-0.0796,-0.1853,142.7,94.5,0.622
53.4,31901.7,34734.5,-0.3784,-0.6533,142.7,94.4,0.622
53.42,31926.0,34724.0,-0.2844,-0.6791,142.7,94.4,0.623
53.44,31930.6,34678.9,-0.2666,-0.7899,142.7,94.4,0.624
53.46,31729.2,34731.4,-1.044,-0.661,142.6,94.4,0.624
53.48,31862.9,34616.0,-0.528,-0.9446,142.6,94.4,0.625
53.5,31761.8,34567.5,-0.9181,-1.0636,142.6,94.4,0.626
53.52,31629.5,34484.3,-1.4287,-1.2683,142.6,94.3,0.626
53.54,31710.2,34495.6,-1.1172,-1.2405,142.6,94.3,0.627
53.56,31798.9,34599.5,-0.7749,-0.985,142.5,94.3,0.627
53.58,31984.6,34919.2,-0.0582,-0.1993,142.5,94.3,0.628
53.6,32200.9,35184.6,0.7764,0.4528,142.5,94.3,0.629
53.62,32337.3,35632.7,1.3025,1.5541,142.5,94.3,0.629
53.64,32415.2,35850.4,1.6033,2.0893,142.4,94.2,0.63
53.66,32411.3,35702.1,1.5881,1.7248,142.4,94.2,0.631
53.68,32308.1,35526.5,1.1898,1.2933,142.4,94.2,0.631
53.7,32253.4,35326.3,0.9789,0.8012,142.4,94.2,0.632
53.72,32161.0,35255.0,0.6223,0.626,142.3,94.2,0.633
53.74,32062.6,35095.7,0.2427,0.2343,142.3,94.2,0.633
53.76,32138.0,34991.1,0.5335,-0.0226,142.3,94.2,0.634
53.78,32107.3,34996.5,0.4149,-0.0094,142.3,94.1,0.635
53.8,31997.4,34942.6,-0.0091,-0.1419,142.2,94.1,0.635
53.82,31861.5,34736.4,-0.5333,-0.6486,142.2,94.1,0.636
53.84,31869.4,34703.1,-0.5029,-0.7306,142.2,94.1,0.636
53.86,31714.7,34639.8,-1.1,-0.8861,142.2,94.1,0.637
53.88,31746.0,34626.6,-0.979,-0.9186,142.1,94.1,0.638
53.9,31772.2,34579.4,-0.8782,-1.0344,142.1,94.0,0.638
53.92,31784.7,34533.7,-0.8299,-1.1469,142.1,94.0,0.639
53.94,31697.4,34495.3,-1.1668,-1.2411,142.1,94.0,0.64
53.96,31651.0,34413.7,-1.3456,-1.4417,142.0,94.0,0.64
53.98,31851.8,34576.0,-0.5707,-1.0429,142.0,94.0,0.641
54.0,31863.6,34914.7,-0.5253,-0.2104,142.0,94.0,0.642
54.02,32129.1,35186.3,0.4992,0.4571,142.0,93.9,0.642
54.04,32335.5,35542.5,1.2958,1.3326,142.0,93.9,0.643
54.06,32467.4,35654.2,1.8047,1.607,141.9,93.9,0.643
54.08,32403.1,35701.6,1.5564,1.7234,141.9,93.9,0.644
54.1,32300.3,35568.3,1.1599,1.3959,141.9,93.9,0.645
54.12,32295.0,35426.1,1.1394,1.0464,141.9,93.9,0.645
54.14,32129.4,35301.6,0.5005,0.7405,141.8,93.8,0.646
54.16,32104.6,35101.2,0.4045,0.2478,141.8,93.8,0.647
54.18,32132.9,35056.1,0.5138,0.137,141.8,93.8,0.647
54.2,32041.0,35025.3,0.1592,0.0615,141.8,93.8,0.648
54.22,31992.6,34847.8,-0.0276,-0.3749,141.7,93.8,0.649
54.24,31842.5,34819.8,-0.6069,-0.4436,141.7,93.8,0.649
54.26,31864.2,34798.4,-0.5228,-0.4963,141.7,93.8,0.65
54.28,31794.3,34654.3,-0.7929,-0.8505,141.7,93.7,0.651
54.3,31730.4,34635.7,-1.0394,-0.8962,141.6,93.7,0.651
54.32,31782.4,34721.8,-0.8387,-0.6845,141.6,93.7,0.652
54.34,31741.8,34609.9,-0.9952,-0.9596,141.6,93.7,0.652
54.36,31679.5,34503.0,-1.2359,-1.2223,141.6,93.7,0.653
54.38,31741.6,34438.6,-0.9959,-1.3805,141.5,93.7,0.654
54.4,31758.2,34477.7,-0.9319,-1.2845,141.5,93.6,0.654
54.42,31849.0,34792.0,-0.5817,-0.5119,141.5,93.6,0.655
54.44,32092.6,35105.3,0.3584,0.258,141.5,93.6,0.656
54.46,32246.1,35522.1,0.9508,1.2823,141.4,93.6,0.656
54.48,32384.0,35778.4,1.4827,1.9122,141.4,93.6,0.657
54.5,32432.1,35732.0,1.6683,1.7983,141.4,93.6,0.658
54.52,32354.8,35582.8,1.3703,1.4316,141.4,93.5,0.658
54.54,32387.2,35428.7,1.4951,1.0529,141.4,93.5,0.659
54.56,32113.7,35233.2,0.4398,0.5723,141.3,93.5,0.659
54.58,32080.6,35133.0,0.312,0.326,141.3,93.5,0.66
54.6,32179.8,35133.3,0.6948,0.3267,141.3,93.5,0.661
54.62,31983.1,35020.0,-0.064,0.0483,141.3,93.5,0.661
54.64,32029.2,34939.2,0.1137,-0.1502,141.2,93.4,0.662
54.66,31849.1,34926.7,-0.5812,-0.1808,141.2,93.4,0.663
54.68,31809.1,34775.5,-0.7357,-0.5525,141.2,93.4,0.663
54.7,31776.1,34722.9,-0.8628,-0.6818,141.2,93.4,0.664
54.72,31786.3,34713.5,-0.8234,-0.705,141.1,93.4,0.665
54.74,31777.3,34647.3,-0.8582,-0.8676,141.1,93.4,0.665
54.76,31690.8,34611.9,-1.1922,-0.9546,141.1,93.4,0.666
54.78,31738.4,34478.4,-1.0085,-1.2827,141.1,93.3,0.667
54.8,31646.2,34513.7,-1.3641,-1.1959,141.0,93.3,0.667
54.82,31721.1,34528.7,-1.075,-1.1592,141.0,93.3,0.668
54.84,31811.6,34797.5,-0.7259,-0.4986,141.0,93.3,0.668
54.86,32085.1,35036.8,0.3295,0.0897,141.0,93.3,0.669
54.88,32273.6,35513.6,1.0567,1.2614,140.9,93.3,0.67
54.9,32414.7,35639.7,1.6013,1.5714,140.9,93.2,0.67
54.92,32405.0,35765.0,1.5638,1.8795,140.9,93.2,0.671
54.94,32420.1,35620.1,1.6222,1.5233,140.9,93.2,0.672
54.96,32343.7,35434.9,1.3275,1.0681,140.8,93.2,0.672
54.98,32122.7,35329.0,0.4745,0.8078,140.8,93.2,0.673
55.0,32076.0,35080.1,0.2942,0.196,140.8,93.2,0.674
55.02,32062.5,35043.8,0.2421,0.1067,140.8,93.1,0.674
55.04,32077.0,35017.1,0.2981,0.0412,140.8,93.1,0.675
55.06,31942.4,35045.2,-0.2213,0.1103,140.7,93.1,0.675
55.08,31942.4,34874.5,-0.2213,-0.3092,140.7,93.1,0.676
55.1,31768.5,34809.3,-0.8921,-0.4695,140.7,93.1,0.677
55.12,31806.6,34652.4,-0.7451,-0.855,140.7,93.1,0.677
55.14,31829.8,34602.8,-0.6557,-0.977,140.6,93.0,0.678
55.16,31792.4,34594.0,-0.8002,-0.9987,140.6,93.0,0.679
55.18,31770.7,34515.4,-0.8837,-1.1919,140.6,93.0,0.679
55.2,31808.3,34470.3,-0.7388,-1.3027,140.6,93.0,0.68
55.22,31681.6,34439.3,-1.2278,-1.3788,140.5,93.0,0.681
55.24,31813.8,34493.8,-0.7175,-1.2449,140.5,93.0,0.681
55.26,31730.2,34610.3,-1.0399,-0.9587,140.5,93.0,0.682
55.28,31909.7,34958.4,-0.3475,-0.1031,140.5,92.9,0.683
55.3,32242.2,35304.0,0.9356,0.7465,140.4,92.9,0.683
55.32,32343.2,35550.8,1.3253,1.3528,140.4,92.9,0.684
55.34,32440.5,35747.9,1.7008,1.8373,140.4,92.9,0.684
55.36,32442.2,35687.5,1.7075,1.6889,140.4,92.9,0.685
55.38,32330.9,35539.0,1.2778,1.3238,140.3,92.9,0.686
55.4,32334.0,35333.5,1.2899,0.8187,140.3,92.8,0.686
55.42,32188.1,35083.6,0.7267,0.2046,140.3,92.8,0.687
55.44,32083.1,35056.5,0.3217,0.138,140.3,92.8,0.688
55.46,32109.3,35096.5,0.4228,0.2365,140.2,92.8,0.688
55.48,31950.2,34970.4,-0.1911,-0.0735,140.2,92.8,0.689
55.5,31936.1,34889.1,-0.2456,-0.2734,140.2,92.8,0.69
55.52,31848.7,34735.3,-0.5829,-0.6514,140.2,92.7,0.69
55.54,31873.0,34772.3,-0.4892,-0.5605,140.2,92.7,0.691
55.56,31829.9,34709.8,-0.6554,-0.7141,140.1,92.7,0.691
55.58,31899.8,34676.5,-0.3857,-0.7958,140.1,92.7,0.692
55.6,31724.8,34660.6,-1.0609,-0.835,140.1,92.7,0.693
55.62,31715.5,34449.6,-1.0969,-1.3536,140.1,92.7,0.693
55.64,31644.8,34570.0,-1.3698,-1.0575,140.0,92.6,0.694
55.66,31678.8,34382.6,-1.2386,-1.5182,140.0,92.6,0.695
55.68,31686.2,34523.6,-1.21,-1.1716,140.0,92.6,0.695
55.7,31884.1,34837.7,-0.4464,-0.3996,140.0,92.6,0.696
55.72,32131.8,35114.0,0.5095,0.2795,139.9,92.6,0.697
55.74,32303.9,35497.1,1.1736,1.2208,139.9,92.6,0.697
55.76,32418.3,35747.7,1.6153,1.8367,139.9,92.6,0.698
55.78,32475.8,35745.2,1.8372,1.8306,139.9,92.5,0.699
55.8,32332.9,35564.1,1.2855,1.3855,139.8,92.5,0.699
55.82,32298.6,35374.9,1.1532,0.9206,139.8,92.5,0.7
55.84,32192.6,35222.1,0.7443,0.545,139.8,92.5,0.7
55.86,32086.9,35097.0,0.3363,0.2375,139.8,92.5,0.701
55.88,32049.0,35138.7,0.1902,0.34,139.7,92.5,0.702
55.9,32053.8,35001.9,0.2088,0.0039,139.7,92.4,0.702
55.92,31943.6,34922.5,-0.2167,-0.1913,139.7,92.4,0.703
55.94,31822.0,34773.7,-0.686,-0.5568,139.7,92.4,0.704
55.96,31855.8,34760.6,-0.5553,-0.5891,139.6,92.4,0.704
55.98,31690.6,34638.2,-1.193,-0.8899,139.6,92.4,0.705
56.0,31800.9,34697.4,-0.7674,-0.7445,139.6,92.4,0.706
56.02,31858.7,34692.1,-0.5442,-0.7576,139.6,92.3,0.706
56.04,31724.2,34597.1,-1.0633,-0.991,139.6,92.3,0.707
56.06,31689.9,34597.7,-1.1957,-0.9894,139.5,92.3,0.707
56.08,31668.6,34497.9,-1.2777,-1.2348,139.5,92.3,0.708
56.1,31675.3,34463.5,-1.2521,-1.3193,139.5,92.3,0.709
56.12,31756.9,34674.9,-0.9372,-0.7997,139.5,92.3,0.709
56.14,31919.0,34963.6,-0.3117,-0.0903,139.4,92.2,0.71
56.16,32251.9,35369.0,0.9732,0.906,139.4,92.2,0.711
56.18,32324.1,35624.4,1.2515,1.5338,139.4,92.2,0.711
56.2,32466.6,35731.8,1.8017,1.7976,139.4,92.2,0.712
56.22,32448.6,35658.6,1.7321,1.6178,139.3,92.2,0.713
56.24,32313.8,35437.5,1.2118,1.0745,139.3,92.2,0.713
56.26,32217.9,35268.0,0.8417,0.6578,139.3,92.2,0.714
56.28,32112.6,35141.4,0.4356,0.3468,139.3,92.1,0.715
56.3,32110.2,35124.6,0.4264,0.3054,139.2,92.1,0.715
56.32,32090.6,35015.9,0.3507,0.0383,139.2,92.1,0.716
56.34,32100.0,35029.9,0.3868,0.0726,139.2,92.1,0.716
56.36,31943.7,34889.1,-0.2163,-0.2733,139.2,92.1,0.717
56.38,31913.0,34845.7,-0.3348,-0.38,139.1,92.1,0.718
56.4,31828.5,34668.3,-0.6609,-0.816,139.1,92.0,0.718
56.42,31857.7,34679.0,-0.548,-0.7897,139.1,92.0,0.719
56.44,31759.6,34626.7,-0.9265,-0.9184,139.1,92.0,0.72
56.46,31784.9,34525.3,-0.8291,-1.1675,139.0,92.0,0.72
56.48,31718.3,34593.6,-1.086,-0.9996,139.0,92.0,0.721
56.5,31632.2,34422.7,-1.4184,-1.4196,139.0,92.0,0.722
56.52,31701.4,34479.0,-1.1512,-1.2813,139.0,91.9,0.722
56.54,31698.5,34594.7,-1.1626,-0.9969,139.0,91.9,0.723
56.56,31948.8,34793.6,-0.1964,-0.5082,138.9,91.9,0.723
56.58,32115.5,35182.6,0.4468,0.4481,138.9,91.9,0.724
56.6,32335.5,35511.0,1.2958,1.2552,138.9,91.9,0.725
56.62,32490.9,35711.6,1.8953,1.7481,138.9,91.9,0.725
56.64,32430.4,35740.6,1.662,1.8193,138.8,91.8,0.726
56.66,32406.0,35731.2,1.5677,1.7962,138.8,91.8,0.727
56.68,32303.3,35364.9,1.1714,0.8961,138.8,91.8,0.727
56.7,32163.0,35259.5,0.63,0.6371,138.8,91.8,0.728
56.72,31997.2,35120.6,-0.01,0.2957,138.7,91.8,0.729
56.74,32089.7,35067.3,0.347,0.1645,138.7,91.8,0.729
56.76,31947.5,35050.1,-0.2017,0.1224,138.7,91.8,0.73
56.78,31945.4,34998.5,-0.2095,-0.0046,138.7,91.7,0.731
56.8,31915.7,34851.7,-0.3243,-0.3654,138.6,91.7,0.731
56.82,31774.8,34854.6,-0.868,-0.3582,138.6,91.7,0.732
56.84,31859.4,34707.6,-0.5413,-0.7195,138.6,91.7,0.732
56.86,31893.8,34623.5,-0.4089,-0.9262,138.6,91.7,0.733
56.88,31735.5,34679.7,-1.0195,-0.7879,138.5,91.7,0.734
56.9,31769.6,34661.9,-0.8882,-0.8318,138.5,91.6,0.734
56.92,31703.3,34613.1,-1.1438,-0.9517,138.5,91.6,0.735
56.94,31671.1,34560.8,-1.2681,-1.0801,138.5,91.6,0.736
56.96,31580.5,34458.8,-1.6177,-1.3309,138.4,91.6,0.736
56.98,31756.4,34648.4,-0.939,-0.8648,138.4,91.6,0.737
57.0,31892.1,34915.7,-0.4153,-0.2079,138.4,91.6,0.738
57.02,32213.6,35325.8,0.8252,0.7999,138.4,91.5,0.738
57.04,32417.2,35554.8,1.6111,1.3627,138.4,91.5,0.739
57.06,32454.1,35722.2,1.7532,1.7741,138.3,91.5,0.739
57.08,32538.3,35726.6,2.0784,1.7849,138.3,91.5,0.74
57.1,32367.4,35616.6,1.4187,1.5146,138.3,91.5,0.741
57.12,32188.7,35373.9,0.729,0.9182,138.3,91.5,0.741
57.14,32137.8,35233.1,0.5326,0.5722,138.2,91.4,0.742
57.16,32055.1,35147.3,0.2136,0.3613,138.2,91.4,0.743
57.18,32073.3,35098.4,0.2838,0.2411,138.2,91.4,0.743
57.2,32056.1,35047.2,0.2176,0.1152,138.2,91.4,0.744
57.22,31926.4,34948.0,-0.2828,-0.1285,138.1,91.4,0.745
57.24,31844.4,34800.3,-0.5994,-0.4916,138.1,91.4,0.745
57.26,31833.3,34576.4,-0.6421,-1.0419,138.1,91.4,0.746
57.28,31750.6,34611.9,-0.9614,-0.9547,138.1,91.3,0.747
57.3,31760.9,34733.7,-0.9215,-0.6554,138.0,91.3,0.747
57.32,31640.6,34736.9,-1.3858,-0.6474,138.0,91.3,0.748
57.34,31728.2,34571.3,-1.048,-1.0544,138.0,91.3,0.748
57.36,31678.0,34512.1,-1.2415,-1.2,138.0,91.3,0.749
57.38,31637.8,34529.2,-1.3966,-1.158,137.9,91.3,0.75
57.4,31695.3,34558.9,-1.1749,-1.0849,137.9,91.2,0.75
57.42,31725.6,34567.7,-1.0579,-1.0632,137.9,91.2,0.751
57.44,32059.9,35010.1,0.2322,0.0241,137.9,91.2,0.752
57.46,32238.3,35327.4,0.9205,0.8038,137.8,91.2,0.752
57.48,32433.0,35650.2,1.6718,1.5972,137.8,91.2,0.753
57.5,32590.9,35756.9,2.2814,1.8594,137.8,91.2,0.754
57.52,32506.6,35611.9,1.9561,1.5031,137.8,91.1,0.754
57.54,32380.0,35555.1,1.4675,1.3635,137.8,91.1,0.755
57.56,32238.2,35278.8,0.9202,0.6845,137.7,91.1,0.755
57.58,32159.1,35171.3,0.6148,0.4203,137.7,91.1,0.756
57.6,31977.3,35264.6,-0.0867,0.6495,137.7,91.1,0.757
57.62,32008.1,35111.0,0.0321,0.272,137.7,91.1,0.757
57.64,32088.4,34971.8,0.3422,-0.0701,137.6,91.0,0.758
57.66,31976.6,34869.9,-0.0891,-0.3206,137.6,91.0,0.759
57.68,31830.3,34787.4,-0.6539,-0.5234,137.6,91.0,0.759
57.7,31754.6,34702.3,-0.9458,-0.7326,137.6,91.0,0.76
57.72,31757.1,34605.8,-0.9364,-0.9696,137.5,91.0,0.761
57.74,31703.0,34671.5,-1.145,-0.8081,137.5,91.0,0.761
57.76,31740.7,34694.1,-0.9994,-0.7527,137.5,91.0,0.762
57.78,31795.8,34647.1,-0.7869,-0.8682,137.5,90.9,0.763
57.8,31610.9,34545.0,-1.5004,-1.1191,137.4,90.9,0.763
57.82,31597.6,34462.4,-1.5518,-1.3222,137.4,90.9,0.764
57.84,31724.8,34476.1,-1.0609,-1.2883,137.4,90.9,0.764
57.86,31795.9,34700.4,-0.7864,-0.7371,137.4,90.9,0.765
57.88,32067.7,35048.5,0.2623,0.1185,137.3,90.9,0.766
57.9,32283.0,35490.4,1.0931,1.2044,137.3,90.8,0.766
57.92,32447.8,35753.7,1.7288,1.8515,137.3,90.8,0.767
57.94,32607.8,35780.3,2.3464,1.917,137.3,90.8,0.768
57.96,32548.1,35648.1,2.1162,1.592,137.2,90.8,0.768
57.98,32401.4,35518.2,1.5499,1.2729,137.2,90.8,0.769
58.0,32202.6,35345.8,0.7828,0.849,137.2,90.8,0.77
58.02,32067.6,35154.6,0.262,0.3791,137.2,90.7,0.77
58.04,32101.2,35081.8,0.3916,0.2003,137.2,90.7,0.771
58.06,32072.5,35054.4,0.2809,0.1328,137.1,90.7,0.771
58.08,31977.5,35019.4,-0.0859,0.0469,137.1,90.7,0.772
58.1,31970.8,34909.6,-0.1115,-0.2231,137.1,90.7,0.773
58.12,31846.6,34819.0,-0.591,-0.4456,137.1,90.7,0.773
58.14,31805.4,34717.5,-0.7501,-0.6951,137.0,90.6,0.774
58.16,31770.7,34708.3,-0.8839,-0.7177,137.0,90.6,0.775
58.18,31760.4,34779.6,-0.9237,-0.5425,137.0,90.6,0.775
58.2,31695.7,34642.5,-1.1732,-0.8794,137.0,90.6,0.776
58.22,31688.2,34597.6,-1.2021,-0.9898,136.9,90.6,0.777
58.24,31588.4,34536.5,-1.5874,-1.1399,136.9,90.6,0.777
58.26,31608.6,34457.0,-1.5095,-1.3352,136.9,90.6,0.778
58.28,31678.6,34569.9,-1.2392,-1.0579,136.9,90.5,0.779
58.3,31768.8,34784.7,-0.8912,-0.5298,136.8,90.5,0.779
58.32,32049.9,35146.7,0.1935,0.3597,136.8,90.5,0.78
58.34,32397.3,35404.2,1.5343,0.9926,136.8,90.5,0.78
58.36,32517.8,35658.6,1.999,1.6179,136.8,90.5,0.781
58.38,32477.3,35834.7,1.8428,2.0506,136.7,90.5,0.782
58.4,32483.9,35591.9,1.8685,1.454,136.7,90.4,0.782
58.42,32343.9,35498.3,1.328,1.2239,136.7,90.4,0.783
58.44,32124.6,35363.0,0.4817,0.8913,136.7,90.4,0.784
58.46,32119.8,35148.8,0.4635,0.365,136.6,90.4,0.784
58.48,32119.8,35191.1,0.4632,0.4688,136.6,90.4,0.785
58.5,32101.1,35068.2,0.3911,0.1667,136.6,90.4,0.786
58.52,32060.4,34996.2,0.2342,-0.0101,136.6,90.3,0.786
58.54,31927.2,34850.2,-0.28,-0.3689,136.6,90.3,0.787
58.56,31780.1,34774.6,-0.8476,-0.5546,136.5,90.3,0.787
58.58,31821.3,34726.0,-0.6887,-0.6741,136.5,90.3,0.788
58.6,31797.4,34579.9,-0.7809,-1.0331,136.5,90.3,0.789
58.62,31756.3,34757.9,-0.9394,-0.5959,136.5,90.3,0.789
58.64,31844.3,34628.7,-0.5997,-0.9134,136.4,90.2,0.79
58.66,31783.2,34556.3,-0.8357,-1.0912,136.4,90.2,0.791
58.68,31680.0,34453.5,-1.2338,-1.344,136.4,90.2,0.791
58.7,31704.7,34422.0,-1.1385,-1.4214,136.4,90.2,0.792
58.72,31664.4,34432.2,-1.2941,-1.3963,136.3,90.2,0.793
58.74,31807.9,34752.9,-0.7404,-0.6081,136.3,90.2,0.793
58.76,32201.9,35136.4,0.7801,0.3343,136.3,90.2,0.794
58.78,32428.0,35456.1,1.6527,1.1202,136.3,90.1,0.795
58.8,32424.3,35633.9,1.6383,1.557,136.2,90.1,0.795
58.82,32501.8,35750.4,1.9373,1.8436,136.2,90.1,0.796
58.84,32491.6,35626.4,1.8979,1.5388,136.2,90.1,0.796
58.86,32338.2,35413.8,1.3063,1.0161,136.2,90.1,0.797
58.88,32211.1,35316.4,0.8157,0.7768,136.1,90.1,0.798
58.9,32136.1,35204.3,0.5261,0.5014,136.1,90.0,0.798
58.92,32014.9,35099.9,0.0587,0.2447,136.1,90.0,0.799
58.94,32041.2,35043.8,0.1599,0.1068,136.1,90.0,0.8
58.96,32017.3,34961.2,0.0677,-0.0961,136.0,90.0,0.8
58.98,31965.0,34830.1,-0.1342,-0.4183,136.0,90.0,0.801
59.0,31839.4,34723.5,-0.6185,-0.6803,136.0,90.0,0.802
59.02,31784.4,34650.9,-0.8308,-0.8587,136.0,89.9,0.802
59.04,31838.0,34722.3,-0.6241,-0.6834,136.0,89.9,0.803
59.06,31727.7,34688.4,-1.0497,-0.7667,135.9,89.9,0.803
59.08,31726.1,34635.0,-1.0561,-0.8978,135.9,89.9,0.804
59.1,31570.3,34569.4,-1.6572,-1.0589,135.9,89.9,0.805
59.12,31562.8,34439.0,-1.686,-1.3795,135.9,89.9,0.805
59.14,31563.6,34438.3,-1.6829,-1.3812,135.8,89.8,0.806
59.16,31724.8,34524.0,-1.0609,-1.1707,135.8,89.8,0.807
59.18,31806.8,34833.1,-0.7446,-0.4111,135.8,89.8,0.807
59.2,32106.1,35123.4,0.4104,0.3025,135.8,89.8,0.808
59.22,32344.6,35454.4,1.3307,1.1161,135.7,89.8,0.809
59.24,32511.3,35679.0,1.9739,1.6679,135.7,89.8,0.809
59.26,32528.5,35851.0,2.0405,2.0906,135.7,89.8,0.81
59.28,32482.5,35610.9,1.8631,1.5007,135.7,89.7,0.811
59.3,32385.0,35461.0,1.4869,1.1322,135.6,89.7,0.811
59.32,32203.1,35251.4,0.7846,0.617,135.6,89.7,0.812
59.34,32072.2,35215.5,0.2796,0.5289,135.6,89.7,0.812
59.36,32101.4,35108.8,0.3924,0.2666,135.6,89.7,0.813
59.38,31995.9,35045.6,-0.0148,0.1113,135.5,89.7,0.814
59.4,32013.1,34833.0,0.0517,-0.4113,135.5,89.6,0.814
59.42,32006.0,34895.5,0.0242,-0.2575,135.5,89.6,0.815
59.44,31879.4,34821.6,-0.4642,-0.4393,135.5,89.6,0.816
59.46,31756.6,34656.9,-0.938,-0.8441,135.4,89.6,0.816
59.48,31799.2,34673.5,-0.7739,-0.8033,135.4,89.6,0.817
59.5,31730.3,34672.4,-1.0398,-0.8058,135.4,89.6,0.818
59.52,31706.5,34645.6,-1.1315,-0.8717,135.4,89.5,0.818
59.54,31697.1,34579.5,-1.1679,-1.0343,135.4,89.5,0.819
59.56,31616.4,34534.1,-1.4793,-1.1458,135.3,89.5,0.819
59.58,31589.8,34508.9,-1.5817,-1.2078,135.3,89.5,0.82
59.6,31516.1,34584.6,-1.8663,-1.0216,135.3,89.5,0.821
59.62,31818.5,34778.8,-0.6993,-0.5443,135.3,89.5,0.821
59.64,32047.7,35177.5,0.185,0.4355,135.2,89.4,0.822
59.66,32339.9,35403.5,1.3125,0.991,135.2,89.4,0.823
59.68,32553.3,35662.1,2.1361,1.6264,135.2,89.4,0.823
59.7,32648.2,35765.6,2.5023,1.8808,135.2,89.4,0.824
59.72,32412.1,35619.7,1.5913,1.5223,135.1,89.4,0.825
59.74,32398.7,35622.6,1.5396,1.5294,135.1,89.4,0.825
59.76,32264.6,35387.2,1.022,0.9508,135.1,89.4,0.826
59.78,32210.0,35152.4,0.8113,0.3739,135.1,89.3,0.827
59.8,32043.9,35108.8,0.1703,0.2666,135.0,89.3,0.827
59.82,32037.5,35078.5,0.1456,0.192,135.0,89.3,0.828
59.84,32073.2,34934.9,0.2837,-0.1609,135.0,89.3,0.828
59.86,31985.4,34817.1,-0.0554,-0.4504,135.0,89.3,0.829
59.88,31877.3,34821.8,-0.4724,-0.4386,134.9,89.3,0.83
59.9,31871.4,34765.6,-0.4954,-0.5768,134.9,89.2,0.83
59.92,31725.0,34675.5,-1.06,-0.7984,134.9,89.2,0.831
59.94,31709.9,34745.5,-1.1185,-0.6262,134.9,89.2,0.832
59.96,31692.9,34552.6,-1.1838,-1.1005,134.8,89.2,0.832
59.98,31666.0,34539.3,-1.288,-1.1331,134.8,89.2,0.833
60.0,31636.3,34604.7,-1.4025,-0.9723,134.8,89.2,0.834
60.02,31591.5,34366.7,-1.5752,-1.5573,134.8,89.1,0.834
60.04,31633.5,34405.7,-1.4132,-1.4615,134.8,89.1,0.835
60.06,31797.8,34747.8,-0.7793,-0.6207,134.7,89.1,0.835
60.08,31996.9,34945.3,-0.0111,-0.1351,134.7,89.1,0.836
60.1,32311.2,35254.6,1.2019,0.6248,134.7,89.1,0.837
60.12,32430.1,35527.6,1.6607,1.2959,134.7,89.1,0.837
60.14,32567.1,35918.5,2.1893,2.2566,134.6,89.0,0.838
60.16,32587.5,35688.4,2.268,1.6912,134.6,89.0,0.839
60.18,32433.0,35467.6,1.6721,1.1485,134.6,89.0,0.839
60.2,32216.0,35346.8,0.8343,0.8516,134.6,89.0,0.84
60.22,32129.8,35246.0,0.5019,0.6038,134.5,89.0,0.841
60.24,32149.9,35114.9,0.5795,0.2816,134.5,89.0,0.841
60.26,32078.3,35127.5,0.303,0.3125,134.5,89.0,0.842
60.28,31995.4,35006.1,-0.0167,0.0141,134.5,88.9,0.843
60.3,31930.3,34882.4,-0.2679,-0.2898,134.4,88.9,0.843
60.32,31852.8,34771.0,-0.567,-0.5636,134.4,88.9,0.844
60.34,31844.5,34800.0,-0.599,-0.4924,134.4,88.9,0.844
60.36,31720.2,34679.7,-1.0785,-0.7881,134.4,88.9,0.845
60.38,31825.3,34632.6,-0.6731,-0.9039,134.3,88.9,0.846
60.4,31799.6,34656.8,-0.7724,-0.8442,134.3,88.8,0.846
60.42,31755.7,34620.3,-0.9416,-0.934,134.3,88.8,0.847
60.44,31613.9,34472.6,-1.4891,-1.297,134.3,88.8,0.848
60.46,31579.4,34433.4,-1.622,-1.3933,134.2,88.8,0.848
60.48,31563.1,34532.4,-1.6848,-1.1499,134.2,88.8,0.849
60.5,31657.5,34584.1,-1.3205,-1.023,134.2,88.8,0.85
60.52,31900.3,34861.4,-0.3836,-0.3414,134.2,88.7,0.85
60.54,32258.0,35203.5,0.9965,0.4994,134.2,88.7,0.851
60.56,32428.5,35629.5,1.6547,1.5464,134.1,88.7,0.851
60.58,32526.0,35730.5,2.0309,1.7944,134.1,88.7,0.852
60.6,32598.3,35762.7,2.3096,1.8736,134.1,88.7,0.853
60.62,32507.9,35664.5,1.961,1.6325,134.1,88.7,0.853
60.64,32344.9,35437.1,1.3321,1.0735,134.0,88.6,0.854
60.66,32239.6,35243.7,0.9255,0.5981,134.0,88.6,0.855
60.68,32091.8,35127.8,0.3554,0.3133,134.0,88.6,0.855
60.7,32063.9,35191.6,0.2475,0.4702,134.0,88.6,0.856
60.72,32026.2,35045.3,0.1023,0.1106,133.9,88.6,0.857
60.74,31984.7,34965.4,-0.0579,-0.0858,133.9,88.6,0.857
60.76,31988.6,34841.0,-0.0432,-0.3916,133.9,88.6,0.858
60.78,31875.7,34750.4,-0.4786,-0.6142,133.9,88.5,0.859
60.8,31791.5,34825.5,-0.8037,-0.4296,133.8,88.5,0.859
60.82,31772.6,34722.4,-0.8763,-0.6831,133.8,88.5,0.86
60.84,31807.1,34654.0,-0.7434,-0.8511,133.8,88.5,0.86
60.86,31709.7,34630.8,-1.119,-0.9083,133.8,88.5,0.861
60.88,31684.7,34593.0,-1.2158,-1.001,133.7,88.5,0.862
60.9,31588.9,34460.4,-1.5854,-1.3271,133.7,88.4,0.862
60.92,31538.1,34445.2,-1.7815,-1.3643,133.7,88.4,0.863
60.94,31598.2,34536.4,-1.5496,-1.1402,133.7,88.4,0.864
60.96,31801.7,34788.4,-0.7642,-0.5208,133.6,88.4,0.864
60.98,32008.5,35086.0,0.0339,0.2106,133.6,88.4,0.865
61.0,32252.1,35549.3,0.974,1.3492,133.6,88.4,0.866
61.02,32592.2,35561.9,2.2861,1.3802,133.6,88.3,0.866
61.04,32503.6,35738.9,1.9445,1.8153,133.6,88.3,0.867
61.06,32504.9,35654.3,1.9493,1.6073,133.5,88.3,0.867
61.08,32455.4,35466.7,1.7583,1.1461,133.5,88.3,0.868
61.1,32220.8,35307.5,0.8529,0.7549,133.5,88.3,0.869
61.12,32107.4,35183.4,0.4155,0.4499,133.5,88.3,0.869
61.14,32066.7,35164.8,0.2584,0.4043,133.4,88.2,0.87
61.16,32098.1,35093.2,0.3794,0.2282,133.4,88.2,0.871
61.18,32017.4,35063.6,0.0682,0.1555,133.4,88.2,0.871
61.2,31935.9,34923.7,-0.2463,-0.1884,133.4,88.2,0.872
61.22,31975.0,34851.3,-0.0955,-0.3663,133.3,88.2,0.873
61.24,31815.8,34676.3,-0.7096,-0.7964,133.3,88.2,0.873
61.26,31794.1,34715.5,-0.7935,-0.7001,133.3,88.2,0.874
61.28,31740.7,34699.7,-0.9994,-0.7389,133.3,88.1,0.875
61.3,31751.5,34676.6,-0.9578,-0.7956,133.2,88.1,0.875
61.32,31682.3,34612.3,-1.2249,-0.9535,133.2,88.1,0.876
61.34,31616.6,34593.6,-1.4786,-0.9996,133.2,88.1,0.876
61.36,31527.7,34411.2,-1.8214,-1.4478,133.2,88.1,0.877
61.38,31587.9,34529.5,-1.589,-1.157,133.1,88.1,0.878
61.4,31778.5,34642.9,-0.8537,-0.8785,133.1,88.0,0.878
61.42,31956.4,34826.8,-0.1674,-0.4266,133.1,88.0,0.879
61.44,32258.1,35309.4,0.9968,0.7597,133.1,88.0,0.88
61.46,32462.2,35469.8,1.7847,1.1537,133.0,88.0,0.88
61.48,32686.5,35731.9,2.6503,1.7981,133.0,88.0,0.881
61.5,32500.6,35777.9,1.9328,1.9109,133.0,88.0,0.882
61.52,32483.8,35672.1,1.8679,1.651,133.0,87.9,0.882
61.54,32473.7,35390.6,1.8292,0.9592,133.0,87.9,0.883
61.56,32198.3,35254.2,0.7663,0.6238,132.9,87.9,0.883
61.58,32137.7,35106.7,0.5323,0.2613,132.9,87.9,0.884
61.6,32105.2,35217.5,0.407,0.5337,132.9,87.9,0.885
61.62,32048.6,35019.5,0.1886,0.0472,132.9,87.9,0.885
61.64,32050.9,35045.7,0.1974,0.1116,132.8,87.8,0.886
61.66,31944.9,34831.5,-0.2117,-0.4149,132.8,87.8,0.887
61.68,31839.8,34811.7,-0.6172,-0.4637,132.8,87.8,0.887
61.7,31727.2,34696.5,-1.0515,-0.7466,132.8,87.8,0.888
61.72,31792.2,34680.2,-0.8008,-0.7868,132.7,87.8,0.889
61.74,31716.6,34725.8,-1.0925,-0.6746,132.7,87.8,0.889
61.76,31708.7,34603.8,-1.1229,-0.9745,132.7,87.8,0.89
61.78,31658.6,34489.1,-1.3163,-1.2565,132.7,87.7,0.891
61.8,31641.0,34416.9,-1.3844,-1.434,132.6,87.7,0.891
61.82,31559.0,34465.1,-1.7007,-1.3154,132.6,87.7,0.892
61.84,31597.1,34457.1,-1.5536,-1.3351,132.6,87.7,0.892
61.86,31834.0,34702.1,-0.6397,-0.7331,132.6,87.7,0.893
61.88,32088.2,35090.8,0.3415,0.2223,132.5,87.7,0.894
61.9,32440.7,35392.0,1.7016,0.9627,132.5,87.6,0.894
61.92,32464.0,35618.4,1.7916,1.5189,132.5,87.6,0.895
61.94,32603.5,35887.3,2.3299,2.1799,132.5,87.6,0.896
61.96,32588.2,35655.4,2.2709,1.6099,132.4,87.6,0.896
61.98,32354.2,35582.1,1.368,1.4298,132.4,87.6,0.897
62.0,32340.4,35298.1,1.3147,0.7318,132.4,87.6,0.898
62.02,32279.6,35205.5,1.0801,0.5044,132.4,87.5,0.898
62.04,32025.4,35072.7,0.0991,0.1778,132.4,87.5,0.899
62.06,32042.1,35079.1,0.1635,0.1936,132.3,87.5,0.899
62.08,32105.6,35016.6,0.4087,0.04,132.3,87.5,0.9
62.1,31942.4,34911.6,-0.2214,-0.2181,132.3,87.5,0.901
62.12,31898.7,34813.8,-0.39,-0.4584,132.3,87.5,0.901
62.14,31720.5,34783.9,-1.0777,-0.532,132.2,87.4,0.902
62.16,31813.0,34760.2,-0.7205,-0.5902,132.2,87.4,0.903
62.18,31736.6,34744.4,-1.0153,-0.6289,132.2,87.4,0.903
62.2,31716.9,34684.0,-1.0914,-0.7775,132.2,87.4,0.904
62.22,31640.9,34708.2,-1.3846,-0.718,132.1,87.4,0.905
62.24,31631.5,34528.0,-1.421,-1.1609,132.1,87.4,0.905
62.26,31550.0,34584.8,-1.7354,-1.0211,132.1,87.4,0.906
62.28,31536.8,34436.9,-1.7863,-1.3847,132.1,87.3,0.907
62.3,31661.0,34682.2,-1.307,-0.7818,132.0,87.3,0.907
62.32,31890.6,34806.0,-0.421,-0.4775,132.0,87.3,0.908
62.34,32082.5,35216.1,0.3194,0.5304,132.0,87.3,0.908
62.36,32462.1,35382.8,1.7842,0.9399,132.0,87.3,0.909
62.38,32604.0,35681.5,2.3319,1.674,131.9,87.3,0.91
62.4,32631.2,35721.0,2.4367,1.7713,131.9,87.2,0.91
62.42,32544.0,35614.3,2.1002,1.5089,131.9,87.2,0.911
62.44,32335.1,35442.0,1.2942,1.0856,131.9,87.2,0.912
62.46,32241.8,35340.5,0.9342,0.8361,131.8,87.2,0.912
62.48,32113.2,35179.0,0.4378,0.4392,131.8,87.2,0.913
62.5,32181.7,35097.9,0.7021,0.2398,131.8,87.2,0.914
62.52,32069.2,35041.6,0.2679,0.1014,131.8,87.1,0.914
62.54,32032.2,35006.6,0.1252,0.0153,131.8,87.1,0.915
62.56,31947.9,34944.7,-0.2002,-0.1368,131.7,87.1,0.915
62.58,31711.4,34763.6,-1.1125,-0.5819,131.7,87.1,0.916
62.6,31825.5,34644.4,-0.6725,-0.8748,131.7,87.1,0.917
62.62,31780.9,34740.7,-0.8444,-0.638,131.7,87.1,0.917
62.64,31613.4,34638.1,-1.4906,-0.8901,131.6,87.0,0.918
62.66,31747.6,34686.0,-0.973,-0.7724,131.6,87.0,0.919
62.68,31698.2,34609.5,-1.1636,-0.9604,131.6,87.0,0.919
62.7,31603.7,34455.4,-1.5283,-1.3391,131.6,87.0,0.92
62.72,31552.8,34438.4,-1.7245,-1.3809,131.5,87.0,0.921
62.74,31492.4,34494.5,-1.9575,-1.2432,131.5,87.0,0.921
62.76,31768.8,34648.6,-0.8912,-0.8644,131.5,87.0,0.922
62.78,31953.3,34817.6,-0.1791,-0.449,131.5,86.9,0.923
62.8,32202.7,35269.7,0.7834,0.6621,131.4,86.9,0.923
62.82,32510.3,35434.1,1.9701,1.066,131.4,86.9,0.924
62.84,32643.4,35736.9,2.4838,1.8102,131.4,86.9,0.924
62.86,32650.9,35767.2,2.5129,1.8848,131.4,86.9,0.925
62.88,32556.7,35630.0,2.1493,1.5476,131.3,86.9,0.926
62.9,32363.4,35471.5,1.4034,1.1581,131.3,86.8,0.926
62.92,32321.6,35242.9,1.2422,0.5962,131.3,86.8,0.927
62.94,32127.1,35187.2,0.4914,0.4592,131.3,86.8,0.928
62.96,32170.4,35050.1,0.6587,0.1224,131.2,86.8,0.928
62.98,31956.3,35087.9,-0.1677,0.2151,131.2,86.8,0.929
63.0,32010.2,35028.6,0.0402,0.0694,131.2,86.8,0.93
63.02,31879.9,34935.4,-0.4625,-0.1595,131.2,86.7,0.93
63.04,31849.7,34788.5,-0.5791,-0.5205,131.2,86.7,0.931
63.06,31768.2,34659.0,-0.8935,-0.8387,131.1,86.7,0.931
63.08,31772.6,34706.8,-0.8764,-0.7215,131.1,86.7,0.932
63.1,31691.2,34750.1,-1.1907,-0.6148,131.1,86.7,0.933
63.12,31676.0,34613.7,-1.2493,-0.9502,131.1,86.7,0.933
63.14,31663.3,34647.6,-1.2984,-0.867,131.0,86.6,0.934
63.16,31602.6,34456.0,-1.5323,-1.3379,131.0,86.6,0.935
63.18,31504.7,34444.1,-1.9104,-1.367,131.0,86.6,0.935
63.2,31542.3,34551.0,-1.765,-1.1044,131.0,86.6,0.936
63.22,31835.5,34620.1,-0.6338,-0.9344,130.9,86.6,0.937
63.24,32023.0,34868.9,0.0897,-0.3231,130.9,86.6,0.937
63.26,32296.6,35343.5,1.1457,0.8433,130.9,86.6,0.938
63.28,32543.5,35632.5,2.0985,1.5536,130.9,86.5,0.939
63.3,32652.7,35795.6,2.5196,1.9545,130.8,86.5,0.939
63.32,32658.1,35726.3,2.5404,1.7843,130.8,86.5,0.94
63.34,32498.2,35636.1,1.9235,1.5625,130.8,86.5,0.94
63.36,32421.5,35369.0,1.6275,0.906,130.8,86.5,0.941
63.38,32253.9,35226.6,0.9809,0.5562,130.7,86.5,0.942
63.4,32143.3,35207.4,0.5539,0.5089,130.7,86.4,0.942
63.42,32082.1,35014.7,0.3179,0.0353,130.7,86.4,0.943
63.44,32027.4,35091.4,0.1067,0.2238,130.7,86.4,0.944
63.46,31934.8,34988.6,-0.2505,-0.0289,130.6,86.4,0.944
63.48,31952.4,34784.5,-0.1825,-0.5303,130.6,86.4,0.945
63.5,31719.8,34797.8,-1.0802,-0.4976,130.6,86.4,0.946
63.52,31708.7,34741.5,-1.123,-0.636,130.6,86.3,0.946
63.54,31708.2,34693.2,-1.125,-0.7548,130.6,86.3,0.947
63.56,31728.2,34667.7,-1.0477,-0.8176,130.5,86.3,0.947
63.58,31712.9,34592.9,-1.1068,-1.0013,130.5,86.3,0.948
63.6,31672.9,34561.2,-1.2612,-1.0793,130.5,86.3,0.949
63.62,31583.9,34504.8,-1.6046,-1.218,130.5,86.3,0.949
63.64,31374.8,34309.5,-2.4114,-1.6979,130.4,86.2,0.95
63.66,31615.3,34481.4,-1.4835,-1.2754,130.4,86.2,0.951
63.68,31732.0,34642.4,-1.0331,-0.8798,130.4,86.2,0.951
63.7,31944.1,35094.8,-0.2145,0.2322,130.4,86.2,0.952
63.72,32244.4,35295.0,0.9442,0.7242,130.3,86.2,0.953
63.74,32534.6,35575.1,2.064,1.4126,130.3,86.2,0.953
63.76,32605.1,35845.3,2.3359,2.0768,130.3,86.2,0.954
63.78,32592.3,35713.5,2.2864,1.7528,130.3,86.1,0.955
63.8,32586.9,35617.7,2.2657,1.5173,130.2,86.1,0.955
63.82,32321.5,35431.5,1.2415,1.0597,130.2,86.1,0.956
63.84,32246.7,35273.3,0.9531,0.6708,130.2,86.1,0.956
63.86,32114.6,35180.0,0.4434,0.4416,130.2,86.1,0.957
63.88,32049.9,35152.7,0.1934,0.3746,130.1,86.1,0.958
63.9,32088.2,35069.1,0.3413,0.1691,130.1,86.0,0.958
63.92,31923.9,35012.8,-0.2928,0.0306,130.1,86.0,0.959
63.94,32016.1,34847.9,0.0632,-0.3746,130.1,86.0,0.96
63.96,31848.8,34809.0,-0.5823,-0.4702,130.0,86.0,0.96
63.98,31827.7,34626.2,-0.6638,-0.9195,130.0,86.0,0.961
64.0,31681.5,34710.6,-1.228,-0.712,130.0,86.0,0.962
64.02,31666.9,34677.2,-1.2844,-0.794,130.0,85.9,0.962
64.04,31736.5,34567.0,-1.0158,-1.0651,130.0,85.9,0.963
64.06,31655.9,34627.2,-1.3268,-0.9169,129.9,85.9,0.963
64.08,31647.6,34472.5,-1.359,-1.2973,129.9,85.9,0.964
64.1,31561.0,34451.9,-1.6931,-1.3478,129.9,85.9,0.965
64.12,31650.2,34526.9,-1.349,-1.1636,129.9,85.9,0.965
64.14,31664.0,34722.2,-1.2956,-0.6835,129.8,85.8,0.966
64.16,31919.5,34935.1,-0.3096,-0.1602,129.8,85.8,0.967
64.18,32270.3,35323.4,1.0439,0.7941,129.8,85.8,0.967
64.2,32517.6,35720.2,1.9985,1.7693,129.8,85.8,0.968
64.22,32669.4,35750.6,2.5843,1.8439,129.7,85.8,0.969
64.24,32660.8,35717.1,2.551,1.7615,129.7,85.8,0.969
64.26,32593.7,35736.9,2.2919,1.8103,129.7,85.8,0.97
64.28,32291.0,35516.5,1.1238,1.2687,129.7,85.7,0.971
64.3,32204.8,35380.7,0.7915,0.9349,129.6,85.7,0.971
64.32,32065.5,35077.0,0.2537,0.1885,129.6,85.7,0.972
64.34,32123.2,35112.5,0.4764,0.2756,129.6,85.7,0.972
64.36,32111.0,35128.2,0.4294,0.3142,129.6,85.7,0.973
64.38,31986.3,34996.7,-0.0517,-0.009,129.5,85.7,0.974
64.4,31865.8,34900.1,-0.517,-0.2464,129.5,85.6,0.974
64.42,31777.2,34840.9,-0.8586,-0.3918,129.5,85.6,0.975
64.44,31798.2,34729.9,-0.7776,-0.6647,129.5,85.6,0.976
64.46,31713.8,34652.1,-1.1032,-0.8558,129.4,85.6,0.976
64.48,31722.0,34645.6,-1.0717,-0.8717,129.4,85.6,0.977
64.5,31652.3,34640.4,-1.3406,-0.8846,129.4,85.6,0.978
64.52,31607.1,34662.5,-1.5151,-0.8303,129.4,85.5,0.978
64.54,31596.4,34581.3,-1.5565,-1.0299,129.4,85.5,0.979
64.56,31535.7,34368.9,-1.7907,-1.5518,129.3,85.5,0.979
64.58,31499.5,34445.6,-1.9304,-1.3634,129.3,85.5,0.98
64.6,31603.0,34622.1,-1.5311,-0.9296,129.3,85.5,0.981
64.62,31909.7,34776.1,-0.3475,-0.551,129.3,85.5,0.981
64.64,32205.4,35243.2,0.7936,0.5968,129.2,85.4,0.982
64.66,32499.4,35522.6,1.9283,1.2835,129.2,85.4,0.983
64.68,32563.5,35705.4,2.1753,1.7328,129.2,85.4,0.983
64.7,32690.2,35738.6,2.6645,1.8144,129.2,85.4,0.984
64.72,32648.7,35700.1,2.5044,1.7197,129.1,85.4,0.985
64.74,32437.1,35545.9,1.6879,1.341,129.1,85.4,0.985
64.76,32292.7,35349.6,1.1305,0.8585,129.1,85.4,0.986
64.78,32150.3,35147.5,0.5809,0.3616,129.1,85.3,0.987
64.8,32089.4,35112.1,0.3461,0.2747,129.0,85.3,0.987
64.82,32009.6,35008.5,0.0381,0.0202,129.0,85.3,0.988
64.84,32032.2,34945.7,0.1253,-0.1342,129.0,85.3,0.988
64.86,32018.7,34943.8,0.0731,-0.1388,129.0,85.3,0.989
64.88,31833.1,34834.5,-0.643,-0.4075,128.9,85.3,0.99
64.9,31711.5,34787.2,-1.1121,-0.5238,128.9,85.2,0.99
64.92,31721.1,34778.4,-1.0753,-0.5455,128.9,85.2,0.991
64.94,31635.0,34644.0,-1.4073,-0.8756,128.9,85.2,0.992
64.96,31609.6,34696.9,-1.5055,-0.7457,128.8,85.2,0.992
64.98,31649.1,34607.2,-1.3531,-0.9661,128.8,85.2,0.993
65.0,31541.4,34487.6,-1.7688,-1.26,128.8,85.2,0.994
65.02,31538.9,34466.2,-1.7784,-1.3126,128.8,85.1,0.994
65.04,31594.6,34480.9,-1.5633,-1.2766,128.8,85.1,0.995
65.06,31610.2,34513.9,-1.503,-1.1955,128.7,85.1,0.995
65.08,31918.9,34741.9,-0.3121,-0.6352,128.7,85.1,0.996
65.1,32041.7,35097.2,0.162,0.238,128.7,85.1,0.997
65.12,32314.8,35421.5,1.2158,1.0352,128.7,85.1,0.997
65.14,32573.7,35707.1,2.2148,1.737,128.6,85.0,0.998
65.16,32699.9,35671.9,2.7018,1.6505,128.6,85.0,0.999
65.18,32633.0,35712.3,2.4438,1.7499,128.6,85.0,0.999
65.2,32482.2,35615.3,1.8618,1.5115,128.6,85.0,1.0
65.22,32256.9,35296.8,0.9924,0.7287,128.5,85.0,1.001
65.24,32206.6,35206.8,0.7984,0.5075,128.5,85.0,1.001
65.26,32140.0,35166.1,0.5414,0.4073,128.5,85.0,1.002
65.28,32099.6,35093.3,0.3855,0.2285,128.5,84.9,1.003
65.3,32052.6,34997.9,0.2039,-0.006,128.4,84.9,1.003
65.32,31950.4,34907.2,-0.1904,-0.2289,128.4,84.9,1.004
65.34,31904.5,34807.6,-0.3676,-0.4736,128.4,84.9,1.004
65.36,31858.1,34808.2,-0.5464,-0.4722,128.4,84.9,1.005
65.38,31762.2,34731.4,-0.9164,-0.661,128.3,84.9,1.006
65.4,31700.3,34730.8,-1.1556,-0.6624,128.3,84.8,1.006
65.42,31673.7,34584.1,-1.2582,-1.0231,128.3,84.8,1.007
65.44,31672.6,34588.9,-1.2624,-1.0111,128.3,84.8,1.008
65.46,31566.0,34654.0,-1.6737,-0.8511,128.2,84.8,1.008
65.48,31416.2,34526.2,-2.2519,-1.1652,128.2,84.8,1.009
65.5,31440.1,34417.1,-2.1596,-1.4334,128.2,84.8,1.01
65.52,31489.5,34570.8,-1.9689,-1.0557,128.2,84.7,1.01
65.54,31765.7,34707.7,-0.9029,-0.7192,128.2,84.7,1.011
65.56,31968.1,34932.1,-0.1223,-0.1676,128.1,84.7,1.011
65.58,32247.1,35296.2,0.9544,0.7272,128.1,84.7,1.012
65.6,32579.2,35683.8,2.236,1.6798,128.1,84.7,1.013
65.62,32779.1,35742.6,3.0075,1.8244,128.1,84.7,1.013
65.64,32593.8,35728.5,2.2925,1.7896,128.0,84.6,1.014
65.66,32574.8,35631.6,2.2191,1.5515,128.0,84.6,1.015
65.68,32420.8,35400.0,1.6249,0.9823,128.0,84.6,1.015
65.7,32261.8,35151.8,1.0113,0.3722,128.0,84.6,1.016
65.72,32109.9,35103.4,0.4252,0.2534,127.9,84.6,1.017
65.74,32065.7,35104.6,0.2545,0.2564,127.9,84.6,1.017
65.76,32046.9,35139.4,0.1821,0.3418,127.9,84.6,1.018
65.78,31997.4,35037.9,-0.009,0.0923,127.9,84.5,1.019
65.8,31934.3,34828.0,-0.2526,-0.4236,127.8,84.5,1.019
65.82,31921.5,34851.7,-0.302,-0.3654,127.8,84.5,1.02
65.84,31726.5,34757.6,-1.0544,-0.5965,127.8,84.5,1.02
65.86,31701.8,34592.5,-1.1497,-1.0023,127.8,84.5,1.021
65.88,31717.7,34603.0,-1.0883,-0.9764,127.7,84.5,1.022
65.9,31693.0,34606.2,-1.1837,-0.9687,127.7,84.4,1.022
65.92,31561.7,34593.6,-1.6904,-0.9997,127.7,84.4,1.023
65.94,31524.0,34532.1,-1.8356,-1.1507,127.7,84.4,1.024
65.96,31575.3,34461.8,-1.6377,-1.3236,127.6,84.4,1.024
65.98,31548.0,34503.4,-1.7432,-1.2212,127.6,84.4,1.025
66.0,31635.6,34627.4,-1.4052,-0.9166,127.6,84.4,1.026
66.02,31900.0,34917.1,-0.3849,-0.2046,127.6,84.3,1.026
66.04,32188.6,35218.1,0.7286,0.5352,127.6,84.3,1.027
66.06,32479.9,35423.3,1.853,1.0396,127.5,84.3,1.027
66.08,32708.0,35604.3,2.733,1.4844,127.5,84.3,1.028
66.1,32723.2,35782.1,2.7919,1.9213,127.5,84.3,1.029
66.12,32570.6,35699.3,2.2028,1.7179,127.5,84.3,1.029
66.14,32433.0,35470.2,1.672,1.1547,127.4,84.2,1.03
66.16,32370.5,35293.6,1.4307,0.7208,127.4,84.2,1.031
66.18,32140.4,35222.1,0.5428,0.5451,127.4,84.2,1.031
66.2,32122.5,35101.0,0.4737,0.2473,127.4,84.2,1.032
66.22,32080.3,35015.7,0.3109,0.0377,127.3,84.2,1.033
66.24,32082.5,35012.4,0.3193,0.0297,127.3,84.2,1.033
66.26,31964.0,34919.7,-0.1378,-0.1981,127.3,84.2,1.034
66.28,31879.6,34750.6,-0.4636,-0.6137,127.3,84.1,1.035
66.3,31817.6,34806.2,-0.7027,-0.4771,127.2,84.1,1.035
66.32,31711.6,34752.4,-1.112,-0.6094,127.2,84.1,1.036
66.34,31625.1,34653.9,-1.4458,-0.8513,127.2,84.1,1.036
66.36,31613.0,34646.6,-1.4923,-0.8693,127.2,84.1,1.037
66.38,31736.4,34611.0,-1.016,-0.9568,127.1,84.1,1.038
66.4,31630.3,34617.9,-1.4255,-0.9398,127.1,84.0,1.038
66.42,31505.0,34523.1,-1.909,-1.1729,127.1,84.0,1.039
66.44,31517.9,34484.7,-1.8593,-1.2672,127.1,84.0,1.04
66.46,31568.7,34440.0,-1.6635,-1.3771,127.0,84.0,1.04
66.48,31677.4,34648.6,-1.2439,-0.8645,127.0,84.0,1.041
66.5,32017.9,34975.4,0.0699,-0.0612,127.0,84.0,1.042
66.52,32331.8,35344.2,1.2814,0.8452,127.0,83.9,1.042
66.54,32615.4,35636.8,2.3757,1.5642,127.0,83.9,1.043
66.56,32677.1,35764.2,2.614,1.8773,126.9,83.9,1.043
66.58,32721.9,35773.9,2.7869,1.9012,126.9,83.9,1.044
66.6,32651.5,35668.5,2.5151,1.6422,126.9,83.9,1.045
66.62,32357.8,35397.1,1.3819,0.9751,126.9,83.9,1.045
66.64,32249.7,35308.1,0.9644,0.7565,126.8,83.8,1.046
66.66,32225.9,35202.3,0.8726,0.4964,126.8,83.8,1.047
66.68,32040.7,35098.3,0.1583,0.2408,126.8,83.8,1.047
66.7,32088.2,35108.5,0.3415,0.2659,126.8,83.8,1.048
66.72,31968.4,35034.4,-0.1209,0.0837,126.7,83.8,1.049
66.74,31900.5,34899.1,-0.383,-0.2487,126.7,83.8,1.049
66.76,31916.1,34848.3,-0.3226,-0.3736,126.7,83.8,1.05
66.78,31766.2,34758.9,-0.9011,-0.5934,126.7,83.7,1.051
66.8,31665.6,34619.0,-1.2892,-0.9373,126.6,83.7,1.051
66.82,31703.4,34673.2,-1.1437,-0.804,126.6,83.7,1.052
66.84,31639.9,34759.5,-1.3886,-0.5918,126.6,83.7,1.052
66.86,31545.2,34629.0,-1.7541,-0.9125,126.6,83.7,1.053
66.88,31476.6,34584.4,-2.0188,-1.0223,126.5,83.7,1.054
66.9,31514.8,34447.4,-1.8714,-1.3589,126.5,83.6,1.054
66.92,31472.9,34527.4,-2.0329,-1.1623,126.5,83.6,1.055
66.94,31537.6,34543.8,-1.7832,-1.122,126.5,83.6,1.056
66.96,31754.2,34840.6,-0.9475,-0.3925,126.4,83.6,1.056
66.98,32168.6,35148.8,0.6517,0.3649,126.4,83.6,1.057
67.0,32448.0,35463.8,1.7296,1.139,126.4,83.6,1.058
67.02,32683.3,35629.0,2.6377,1.5452,126.4,83.5,1.058
67.04,32729.6,35745.7,2.8165,1.8319,126.4,83.5,1.059
67.06,32604.8,35702.2,2.3349,1.725,126.3,83.5,1.059
67.08,32525.2,35594.4,2.0277,1.4602,126.3,83.5,1.06
67.1,32427.4,35339.5,1.6504,0.8336,126.3,83.5,1.061
67.12,32217.5,35223.3,0.8403,0.5481,126.3,83.5,1.061
67.14,32178.2,35157.9,0.6887,0.3873,126.2,83.4,1.062
67.16,32062.6,35093.1,0.2425,0.228,126.2,83.4,1.063
67.18,32072.3,35138.5,0.28,0.3396,126.2,83.4,1.063
67.2,32027.1,34892.5,0.1056,-0.2649,126.2,83.4,1.064
67.22,31912.3,34979.3,-0.3376,-0.0516,126.1,83.4,1.065
67.24,31849.7,34705.6,-0.5789,-0.7243,126.1,83.4,1.065
67.26,31716.6,34781.4,-1.0928,-0.5382,126.1,83.4,1.066
67.28,31658.2,34693.2,-1.3177,-0.7549,126.1,83.3,1.067
67.3,31680.9,34620.2,-1.2302,-0.9341,126.0,83.3,1.067
67.32,31701.4,34683.0,-1.151,-0.7799,126.0,83.3,1.068
67.34,31607.7,34583.8,-1.5129,-1.0237,126.0,83.3,1.068
67.36,31610.9,34487.5,-1.5005,-1.2605,126.0,83.3,1.069
67.38,31431.1,34510.7,-2.1943,-1.2034,125.9,83.3,1.07
67.4,31490.9,34430.1,-1.9634,-1.4015,125.9,83.2,1.07
67.42,31478.6,34624.9,-2.0111,-0.9226,125.9,83.2,1.071
67.44,31842.5,34784.5,-0.6067,-0.5305,125.9,83.2,1.072
67.46,32098.6,35234.6,0.3817,0.5759,125.8,83.2,1.072
67.48,32546.8,35511.5,2.1109,1.2563,125.8,83.2,1.073
67.5,32710.4,35678.2,2.7423,1.6661,125.8,83.2,1.074
67.52,32784.0,35800.8,3.0264,1.9674,125.8,83.1,1.074
67.54,32689.0,35800.8,2.6599,1.9672,125.8,83.1,1.075
67.56,32436.0,35544.6,1.6834,1.3376,125.7,83.1,1.075
67.58,32355.7,35351.7,1.3736,0.8635,125.7,83.1,1.076
67.6,32235.6,35208.3,0.9104,0.5112,125.7,83.1,1.077
67.62,32040.0,35201.8,0.1554,0.4951,125.7,83.1,1.077
67.64,32089.7,35166.8,0.3471,0.4092,125.6,83.0,1.078
67.66,32015.6,35009.3,0.0612,0.0221,125.6,83.0,1.079
67.68,31938.6,35069.9,-0.236,0.171,125.6,83.0,1.079
67.7,31795.1,34864.3,-0.7896,-0.3342,125.6,83.0,1.08
67.72,31818.8,34847.8,-0.6983,-0.3748,125.5,83.0,1.081
67.74,31654.3,34567.0,-1.333,-1.065,125.5,83.0,1.081
67.76,31657.8,34630.3,-1.3193,-0.9093,125.5,83.0,1.082
67.78,31603.6,34637.1,-1.5286,-0.8927,125.5,82.9,1.083
67.8,31755.5,34700.7,-0.9424,-0.7365,125.4,82.9,1.083
67.82,31578.7,34646.4,-1.6246,-0.8698,125.4,82.9,1.084
67.84,31479.3,34492.0,-2.0084,-1.2493,125.4,82.9,1.084
67.86,31402.1,34411.3,-2.3063,-1.4477,125.4,82.9,1.085
67.88,31524.4,34566.1,-1.8343,-1.0672,125.3,82.9,1.086
67.9,31693.8,34627.0,-1.1805,-0.9174,125.3,82.8,1.086
67.92,31807.9,34819.7,-0.7403,-0.4438,125.3,82.8,1.087
67.94,32124.9,35291.1,0.4829,0.7146,125.3,82.8,1.088
67.96,32440.2,35515.0,1.6996,1.265,125.2,82.8,1.088
67.98,32825.9,35707.4,3.1881,1.7378,125.2,82.8,1.089
68.0,32794.2,35791.8,3.0656,1.9453,125.2,82.8,1.09
68.02,32675.5,35721.5,2.6076,1.7723,125.2,82.7,1.09
68.04,32498.5,35492.5,1.9246,1.2096,125.2,82.7,1.091
68.06,32298.3,35356.8,1.1521,0.876,125.1,82.7,1.091
68.08,32225.0,35247.7,0.8691,0.608,125.1,82.7,1.092
68.1,32158.8,35151.3,0.6138,0.371,125.1,82.7,1.093
68.12,32066.1,35114.2,0.2561,0.2799,125.1,82.7,1.093
68.14,32049.4,35052.2,0.1917,0.1274,125.0,82.6,1.094
68.16,31940.6,34918.4,-0.2282,-0.2013,125.0,82.6,1.095
68.18,31840.7,34913.8,-0.6136,-0.2126,125.0,82.6,1.095
68.2,31708.6,34760.3,-1.1236,-0.5899,125.0,82.6,1.096
68.22,31676.3,34652.4,-1.2481,-0.855,124.9,82.6,1.097
68.24,31679.1,34630.7,-1.2371,-0.9084,124.9,82.6,1.097
68.26,31650.7,34772.7,-1.347,-0.5595,124.9,82.6,1.098
68.28,31694.9,34657.2,-1.1765,-0.8434,124.9,82.5,1.099
68.3,31615.0,34599.1,-1.4846,-0.9861,124.8,82.5,1.099
68.32,31424.3,34581.8,-2.2205,-1.0286,124.8,82.5,1.1
68.34,31456.6,34529.3,-2.0957,-1.1576,124.8,82.5,1.1
68.36,31558.8,34507.6,-1.7013,-1.2109,124.8,82.5,1.101
68.38,31656.4,34699.1,-1.325,-0.7403,124.7,82.5,1.102
68.4,31935.0,34862.7,-0.2497,-0.3382,124.7,82.4,1.102
68.42,32210.0,35259.3,0.8115,0.6364,124.7,82.4,1.103
68.44,32446.9,35538.4,1.7254,1.3224,124.7,82.4,1.104
68.46,32725.0,35699.6,2.7988,1.7186,124.6,82.4,1.104
68.48,32746.2,35719.8,2.8805,1.7682,124.6,82.4,1.105
68.5,32618.0,35666.1,2.3857,1.6363,124.6,82.4,1.106
68.52,32544.8,35527.9,2.1034,1.2967,124.6,82.3,1.106
68.54,32359.5,35348.7,1.3883,0.8563,124.6,82.3,1.107
68.56,32253.2,35215.1,0.9779,0.5279,124.5,82.3,1.107
68.58,32100.1,35144.8,0.3874,0.3551,124.5,82.3,1.108
68.6,32075.3,35123.7,0.2914,0.3032,124.5,82.3,1.109
68.62,31949.8,35108.2,-0.1925,0.2652,124.5,82.3,1.109
68.64,32000.6,34983.7,0.0033,-0.0409,124.4,82.2,1.11
68.66,31775.3,34955.0,-0.8659,-0.1114,124.4,82.2,1.111
68.68,31856.8,34799.3,-0.5514,-0.494,124.4,82.2,1.111
68.7,31724.1,34774.0,-1.0638,-0.5563,124.4,82.2,1.112
68.72,31634.7,34664.7,-1.4084,-0.8248,124.3,82.2,1.113
68.74,31587.4,34695.6,-1.5912,-0.7488,124.3,82.2,1.113
68.76,31631.2,34600.3,-1.4221,-0.983,124.3,82.2,1.114
68.78,31511.2,34555.4,-1.885,-1.0934,124.3,82.1,1.115
68.8,31465.8,34537.4,-2.0604,-1.1377,124.2,82.1,1.115
68.82,31493.1,34499.1,-1.9551,-1.2318,124.2,82.1,1.116
68.84,31600.8,34464.5,-1.5395,-1.317,124.2,82.1,1.116
68.86,31495.5,34577.5,-1.9457,-1.0392,124.2,82.1,1.117
68.88,31849.2,34847.8,-0.5807,-0.3748,124.1,82.1,1.118
68.9,32187.6,35139.6,0.7248,0.3424,124.1,82.0,1.118
68.92,32549.8,35420.0,2.1226,1.0315,124.1,82.0,1.119
68.94,32775.8,35650.8,2.9949,1.5987,124.1,82.0,1.12
68.96,32773.6,35758.1,2.9862,1.8624,124.0,82.0,1.12
68.98,32794.5,35564.4,3.0667,1.3863,124.0,82.0,1.121
69.0,32597.5,35542.0,2.3065,1.3312,124.0,82.0,1.122
69.02,32358.9,35383.2,1.3858,0.9411,124.0,81.9,1.122
69.04,32217.1,35244.4,0.8386,0.5999,124.0,81.9,1.123
69.06,32112.3,35228.2,0.4346,0.56,123.9,81.9,1.123
69.08,32058.0,35070.9,0.2248,0.1734,123.9,81.9,1.124
69.1,32143.7,35072.7,0.5554,0.1779,123.9,81.9,1.125
69.12,31981.2,34981.0,-0.0715,-0.0475,123.9,81.9,1.125
69.14,31856.3,34895.8,-0.5536,-0.2569,123.8,81.8,1.126
69.16,31696.4,34785.9,-1.1706,-0.5271,123.8,81.8,1.127
69.18,31718.9,34693.4,-1.0836,-0.7544,123.8,81.8,1.127
69.2,31665.9,34756.6,-1.2883,-0.5989,123.8,81.8,1.128
69.22,31661.7,34780.6,-1.3044,-0.54,123.7,81.8,1.129
69.24,31660.9,34739.5,-1.3077,-0.641,123.7,81.8,1.129
69.26,31632.8,34646.4,-1.416,-0.8699,123.7,81.8,1.13
69.28,31574.0,34490.2,-1.643,-1.2536,123.7,81.7,1.131
69.3,31485.3,34428.4,-1.9852,-1.4057,123.6,81.7,1.131
69.32,31502.4,34458.3,-1.919,-1.3322,123.6,81.7,1.132
69.34,31585.6,34624.0,-1.5982,-0.9248,123.6,81.7,1.132
69.36,31852.2,34750.3,-0.5693,-0.6144,123.6,81.7,1.133
69.38,32062.8,35164.7,0.2435,0.4041,123.5,81.7,1.134
69.4,32423.1,35386.4,1.6336,0.9488,123.5,81.6,1.134
69.42,32701.5,35591.5,2.7079,1.453,123.5,81.6,1.135
69.44,32792.7,35716.6,3.0599,1.7603,123.5,81.6,1.136
69.46,32684.1,35679.4,2.641,1.6689,123.4,81.6,1.136
69.48,32580.1,35648.3,2.2395,1.5926,123.4,81.6,1.137
69.5,32377.0,35429.0,1.4556,1.0536,123.4,81.6,1.138
69.52,32288.8,35228.4,1.1155,0.5606,123.4,81.5,1.138
69.54,32124.6,35244.0,0.482,0.5989,123.4,81.5,1.139
69.56,32158.2,35124.0,0.6115,0.304,123.3,81.5,1.139
69.58,32067.1,35059.6,0.2601,0.1456,123.3,81.5,1.14
69.6,32029.7,35060.3,0.1158,0.1475,123.3,81.5,1.141
69.62,31935.9,34960.1,-0.2464,-0.0988,123.3,81.5,1.141
69.64,31811.3,34885.3,-0.7273,-0.2827,123.2,81.4,1.142
69.66,31705.1,34738.6,-1.1369,-0.6432,123.2,81.4,1.143
69.68,31695.8,34640.5,-1.1727,-0.8843,123.2,81.4,1.143
69.7,31718.8,34656.3,-1.084,-0.8456,123.2,81.4,1.144
69.72,31759.3,34572.0,-0.9279,-1.0527,123.1,81.4,1.145
69.74,31645.3,34727.1,-1.3676,-0.6715,123.1,81.4,1.145
69.76,31570.7,34598.7,-1.6555,-0.987,123.1,81.4,1.146
69.78,31455.0,34527.7,-2.102,-1.1615,123.1,81.3,1.147
69.8,31374.2,34440.1,-2.414,-1.3769,123.0,81.3,1.147
69.82,31489.0,34537.0,-1.9707,-1.1388,123.0,81.3,1.148
69.84,31612.9,34711.7,-1.4929,-0.7093,123.0,81.3,1.148
69.86,32007.7,35000.8,0.0307,0.0011,123.0,81.3,1.149
69.88,32386.2,35341.1,1.4914,0.8375,122.9,81.3,1.15
69.9,32570.7,35547.3,2.2032,1.3443,122.9,81.2,1.15
69.92,32752.4,35836.6,2.9043,2.0554,122.9,81.2,1.151
69.94,32759.1,35689.2,2.9302,1.6929,122.9,81.2,1.152
69.96,32625.8,35784.4,2.416,1.9269,122.8,81.2,1.152
69.98,32509.7,35519.4,1.9679,1.2758,122.8,81.2,1.153
70.0,32314.4,35264.5,1.2144,0.6493,122.8,81.2,1.154
70.02,32210.3,35179.4,0.8125,0.44,122.8,81.2,1.154
70.04,32102.4,35019.0,0.3962,0.0458,122.8,81.2,1.154
70.06,32152.2,35078.3,0.5882,0.1915,122.8,81.2,1.154
70.08,31981.1,35065.3,-0.0718,0.1597,122.8,81.2,1.154
70.1,31945.5,34945.9,-0.2094,-0.1337,122.8,81.2,1.154
70.12,31860.8,34802.3,-0.5363,-0.4867,122.8,81.2,1.154
70.14,31739.8,34847.8,-1.003,-0.3748,122.8,81.2,1.154
70.16,31719.9,34711.7,-1.08,-0.7094,122.8,81.2,1.154
70.18,31674.5,34651.6,-1.2552,-0.857,122.8,81.2,1.154
70.2,31620.3,34727.5,-1.4643,-0.6705,122.8,81.2,1.154
70.22,31594.4,34666.4,-1.5643,-0.8206,122.8,81.2,1.154
70.24,31571.9,34588.3,-1.6508,-1.0125,122.8,81.2,1.154
70.26,31557.3,34522.4,-1.7074,-1.1747,122.8,81.2,1.154
70.28,31406.4,34474.4,-2.2894,-1.2926,122.8,81.2,1.154
70.3,31379.6,34467.6,-2.3929,-1.3092,122.8,81.2,1.154
70.32,31633.2,34599.1,-1.4142,-0.986,122.8,81.2,1.154
70.34,31816.2,34887.7,-0.7081,-0.2767,122.8,81.2,1.154
70.36,32095.2,35120.5,0.3685,0.2953,122.8,81.2,1.154
70.38,32543.5,35484.7,2.0984,1.1904,122.8,81.2,1.154
70.4,32786.9,35750.2,3.0375,1.8429,122.8,81.2,1.154
70.42,32880.6,35740.5,3.3992,1.8191,122.8,81.2,1.154
70.44,32685.5,35732.3,2.6462,1.7989,122.8,81.2,1.154
70.46,32528.2,35497.8,2.0395,1.2227,122.8,81.2,1.154
70.48,32291.1,35315.2,1.1242,0.7739,122.8,81.2,1.154
70.5,32245.7,35167.7,0.9492,0.4115,122.8,81.2,1.154
70.52,32283.5,35143.3,1.0949,0.3515,122.8,81.2,1.154
70.54,32062.8,35069.2,0.2432,0.1693,122.8,81.2,1.154
70.56,32045.5,34996.1,0.1767,-0.0104,122.8,81.2,1.154
70.58,32039.6,35034.8,0.1537,0.0848,122.8,81.2,1.154
70.6,31943.0,35008.9,-0.2188,0.021,122.8,81.2,1.154
70.62,31797.5,34797.7,-0.7804,-0.4979,122.8,81.2,1.154
70.64,31663.4,34720.7,-1.298,-0.6873,122.8,81.2,1.154
70.66,31784.0,34696.5,-0.8326,-0.7468,122.8,81.2,1.154
70.68,31561.6,34677.1,-1.6908,-0.7943,122.8,81.2,1.154
70.7,31640.8,34659.6,-1.3851,-0.8374,122.8,81.2,1.154
70.72,31548.5,34566.1,-1.7412,-1.0672,122.8,81.2,1.154
70.74,31528.9,34513.2,-1.8169,-1.1971,122.8,81.2,1.154
70.76,31412.0,34420.8,-2.268,-1.4243,122.8,81.2,1.154
70.78,31473.0,34443.2,-2.0327,-1.3692,122.8,81.2,1.154
70.8,31637.5,34448.4,-1.3979,-1.3565,122.8,81.2,1.154
70.82,31767.8,34692.0,-0.8951,-0.7577,122.8,81.2,1.154
70.84,32045.1,35001.4,0.175,0.0027,122.8,81.2,1.154
70.86,32353.6,35342.7,1.3655,0.8415,122.8,81.2,1.154
70.88,32664.4,35613.2,2.565,1.5064,122.8,81.2,1.154
70.9,32819.6,35778.7,3.1639,1.913,122.8,81.2,1.154
70.92,32856.6,35763.0,3.3066,1.8745,122.8,81.2,1.154
70.94,32628.0,35587.0,2.4243,1.4419,122.8,81.2,1.154
70.96,32436.3,35533.8,1.6846,1.3111,122.8,81.2,1.154
70.98,32251.0,35274.3,0.9698,0.6734,122.8,81.2,1.154
71.0,32126.7,35081.3,0.4898,0.199,122.8,81.2,1.154
71.02,32143.5,35121.7,0.5546,0.2984,122.8,81.2,1.154
71.04,32148.5,35029.7,0.5742,0.0721,122.8,81.2,1.154
71.06,32106.3,35028.9,0.4111,0.0702,122.8,81.2,1.154
71.08,31978.5,35053.8,-0.0818,0.1315,122.8,81.2,1.154
71.1,31871.7,34819.4,-0.4941,-0.4446,122.8,81.2,1.154
71.12,31703.0,34777.7,-1.1449,-0.5471,122.8,81.2,1.154
71.14,31662.7,34689.9,-1.3006,-0.763,122.8,81.2,1.154
71.16,31657.1,34724.9,-1.3222,-0.677,122.8,81.2,1.154
71.18,31598.2,34748.2,-1.5495,-0.6196,122.8,81.2,1.154
71.2,31601.5,34540.5,-1.5365,-1.1301,122.8,81.2,1.154
71.22,31508.7,34537.3,-1.8948,-1.1378,122.8,81.2,1.154
71.24,31438.2,34490.0,-2.167,-1.2541,122.8,81.2,1.154
71.26,31423.8,34468.7,-2.2223,-1.3064,122.8,81.2,1.154
71.28,31515.7,34465.0,-1.8677,-1.3157,122.8,81.2,1.154
71.3,31534.3,34623.0,-1.7961,-0.9274,122.8,81.2,1.154
71.32,31895.7,34831.1,-0.4015,-0.4159,122.8,81.2,1.154
71.34,32239.6,35167.3,0.9255,0.4105,122.8,81.2,1.154
71.36,32552.4,35424.0,2.1326,1.0413,122.8,81.2,1.154
71.38,32788.3,35617.9,3.043,1.5179,122.8,81.2,1.154
71.4,32852.6,35667.8,3.291,1.6404,122.8,81.2,1.154
71.42,32731.6,35704.1,2.8242,1.7297,122.8,81.2,1.154
71.44,32550.0,35530.2,2.1233,1.3024,122.8,81.2,1.154
71.46,32357.6,35390.8,1.381,0.9597,122.8,81.2,1.154
71.48,32235.7,35251.9,0.9107,0.6182,122.8,81.2,1.154
71.5,32233.6,35135.5,0.9024,0.3323,122.8,81.2,1.154
71.52,32134.6,35029.8,0.5206,0.0724,122.8,81.2,1.154
71.54,32089.3,35073.3,0.3457,0.1794,122.8,81.2,1.154
71.56,31989.1,35038.4,-0.041,0.0936,122.8,81.2,1.154
71.58,31878.6,34950.6,-0.4673,-0.1221,122.8,81.2,1.154
71.6,31787.1,34770.8,-0.8205,-0.5642,122.8,81.2,1.154
71.62,31754.8,34847.1,-0.945,-0.3766,122.8,81.2,1.154
71.64,31592.6,34687.8,-1.5712,-0.7681,122.8,81.2,1.154
71.66,31661.5,34704.7,-1.3051,-0.7266,122.8,81.2,1.154
71.68,31593.2,34681.6,-1.5687,-0.7832,122.8,81.2,1.154
71.7,31516.2,34733.6,-1.8659,-0.6555,122.8,81.2,1.154
71.72,31562.5,34365.5,-1.6872,-1.5603,122.8,81.2,1.154
71.74,31339.3,34475.5,-2.5484,-1.2898,122.8,81.2,1.154
71.76,31383.4,34477.5,-2.3783,-1.285,122.8,81.2,1.154
71.78,31559.1,34469.3,-1.7002,-1.3051,122.8,81.2,1.154
71.8,31809.1,34728.8,-0.7354,-0.6673,122.8,81.2,1.154
71.82,32071.4,35103.9,0.2766,0.2546,122.8,81.2,1.154
71.84,32493.4,35404.8,1.905,0.9942,122.8,81.2,1.154
71.86,32684.6,35723.7,2.6429,1.7779,122.8,81.2,1.154
71.88,32780.0,35741.1,3.0108,1.8207,122.8,81.2,1.154
71.9,32766.5,35752.7,2.9589,1.8492,122.8,81.2,1.154
71.92,32641.4,35566.3,2.4759,1.3911,122.8,81.2,1.154
71.94,32491.3,35455.7,1.897,1.1191,122.8,81.2,1.154
71.96,32270.5,35176.7,1.0448,0.4336,122.8,81.2,1.154
71.98,32280.5,35150.1,1.0836,0.368,122.8,81.2,1.154
72.0,32072.1,35052.5,0.2791,0.1282,122.8,81.2,1.154
72.02,32129.1,35051.6,0.4992,0.126,122.8,81.2,1.154
72.04,31983.1,35038.8,-0.0643,0.0947,122.8,81.2,1.154
72.06,31973.3,34981.2,-0.1021,-0.0469,122.8,81.2,1.154
72.08,31837.3,34831.5,-0.627,-0.4148,122.8,81.2,1.154
72.1,31752.0,34737.5,-0.9561,-0.6459,122.8,81.2,1.154
72.12,31614.1,34745.1,-1.4883,-0.6274,122.8,81.2,1.154
72.14,31679.9,34781.4,-1.2341,-0.538,122.8,81.2,1.154
72.16,31632.5,34674.7,-1.4171,-0.8002,122.8,81.2,1.154
72.18,31616.9,34614.7,-1.4773,-0.9477,122.8,81.2,1.154
72.2,31551.3,34530.1,-1.7304,-1.1556,122.8,81.2,1.154
72.22,31376.2,34471.4,-2.4061,-1.2999,122.8,81.2,1.154
72.24,31362.8,34418.2,-2.4578,-1.4307,122.8,81.2,1.154
72.26,31380.5,34479.0,-2.3895,-1.2812,122.8,81.2,1.154
72.28,31552.3,34625.2,-1.7264,-0.922,122.8,81.2,1.154
72.3,31887.7,34972.6,-0.4322,-0.0682,122.8,81.2,1.154
72.32,32253.7,35285.6,0.9802,0.7011,122.8,81.2,1.154
72.34,32573.8,35537.4,2.2152,1.3199,122.8,81.2,1.154
72.36,32755.2,35778.2,2.9154,1.9118,122.8,81.2,1.154
72.38,32829.2,35787.1,3.2009,1.9336,122.8,81.2,1.154
72.4,32759.0,35662.6,2.9299,1.6277,122.8,81.2,1.154
72.42,32565.5,35481.6,2.1831,1.1829,122.8,81.2,1.154
72.44,32333.6,35364.4,1.2883,0.8949,122.8,81.2,1.154
72.46,32182.9,35210.2,0.7067,0.5157,122.8,81.2,1.154
72.48,32111.5,35156.9,0.4313,0.3849,122.8,81.2,1.154
72.5,32085.7,35094.4,0.3317,0.2312,122.8,81.2,1.154
72.52,32078.0,35066.4,0.3022,0.1625,122.8,81.2,1.154
72.54,32004.5,34887.0,0.0182,-0.2786,122.8,81.2,1.154
72.56,31848.7,34858.5,-0.5828,-0.3486,122.8,81.2,1.154
72.58,31722.3,34925.3,-1.0707,-0.1843,122.8,81.2,1.154
72.6,31769.9,34685.6,-0.8869,-0.7735,122.8,81.2,1.154
72.62,31600.0,34637.1,-1.5426,-0.8927,122.8,81.2,1.154
72.64,31598.7,34581.3,-1.5477,-1.0297,122.8,81.2,1.154
72.66,31634.5,34695.2,-1.4094,-0.7498,122.8,81.2,1.154
72.68,31564.1,34568.6,-1.6812,-1.0609,122.8,81.2,1.154
72.7,31572.7,34489.5,-1.648,-1.2554,122.8,81.2,1.154
72.72,31449.4,34430.9,-2.1236,-1.3995,122.8,81.2,1.154
72.74,31457.4,34449.8,-2.0927,-1.3531,122.8,81.2,1.154
72.76,31579.3,34536.4,-1.6222,-1.1402,122.8,81.2,1.154
72.78,31709.0,34791.8,-1.1219,-0.5124,122.8,81.2,1.154
72.8,32199.0,35086.0,0.7688,0.2105,122.8,81.2,1.154
72.82,32406.8,35484.8,1.5709,1.1907,122.8,81.2,1.154
72.84,32621.8,35659.5,2.4006,1.6201,122.8,81.2,1.154
72.86,32800.5,35801.0,3.09,1.9679,122.8,81.2,1.154
72.88,32732.2,35685.4,2.8263,1.6838,122.8,81.2,1.154
72.9,32611.6,35598.4,2.361,1.4699,122.8,81.2,1.154
72.92,32420.9,35484.4,1.625,1.1896,122.8,81.2,1.154
72.94,32390.5,35280.4,1.5077,0.6884,122.8,81.2,1.154
72.96,32204.9,35255.4,0.7919,0.627,122.8,81.2,1.154
72.98,32083.4,35145.3,0.323,0.3563,122.8,81.2,1.154
73.0,32082.1,35045.0,0.3178,0.1097,122.8,81.2,1.154
73.02,31949.5,34923.3,-0.1937,-0.1892,122.8,81.2,1.154
73.04,31933.4,34903.4,-0.2561,-0.2383,122.8,81.2,1.154
73.06,31777.2,34844.4,-0.8586,-0.3833,122.8,81.2,1.154
73.08,31756.6,34817.1,-0.9381,-0.4504,122.8,81.2,1.154
73.1,31683.6,34671.2,-1.22,-0.8088,122.8,81.2,1.154
73.12,31580.7,34709.9,-1.6171,-0.7137,122.8,81.2,1.154
73.14,31672.8,34637.7,-1.2615,-0.8913,122.8,81.2,1.154
73.16,31576.8,34609.2,-1.6319,-0.9612,122.8,81.2,1.154
73.18,31529.3,34514.2,-1.8154,-1.1947,122.8,81.2,1.154
73.2,31469.4,34461.5,-2.0466,-1.3242,122.8,81.2,1.154
73.22,31393.8,34453.3,-2.338,-1.3443,122.8,81.2,1.154
73.24,31502.6,34521.2,-1.9183,-1.1775,122.8,81.2,1.154
73.26,31685.5,34675.8,-1.2125,-0.7975,122.8,81.2,1.154
73.28,31947.5,34927.6,-0.2015,-0.1786,122.8,81.2,1.154
73.3,32264.1,35152.2,1.0202,0.3732,122.8,81.2,1.154
73.32,32721.5,35462.3,2.7853,1.1355,122.8,81.2,1.154
73.34,32739.4,35734.2,2.8542,1.8037,122.8,81.2,1.154
73.36,32775.6,35737.9,2.9939,1.8127,122.8,81.2,1.154
73.38,32668.3,35629.2,2.58,1.5457,122.8,81.2,1.154
73.4,32560.8,35410.2,2.1652,1.0073,122.8,81.2,1.154
73.42,32319.3,35291.5,1.2331,0.7157,122.8,81.2,1.154
73.44,32154.5,35239.2,0.5973,0.5871,122.8,81.2,1.154
73.46,32140.9,35151.8,0.5447,0.3724,122.8,81.2,1.154
73.48,32075.0,35112.2,0.2903,0.2751,122.8,81.2,1.154
73.5,32064.0,35009.0,0.2482,0.0214,122.8,81.2,1.154
73.52,31866.8,34905.7,-0.5129,-0.2325,122.8,81.2,1.154
73.54,31870.5,34886.6,-0.4989,-0.2795,122.8,81.2,1.154
73.56,31698.6,34737.6,-1.1619,-0.6457,122.8,81.2,1.154
73.58,31639.5,34717.7,-1.3901,-0.6945,122.8,81.2,1.154
73.6,31606.1,34708.9,-1.5189,-0.7163,122.8,81.2,1.154
73.62,31609.0,34626.7,-1.5077,-0.9182,122.8,81.2,1.154
73.64,31663.9,34656.1,-1.2959,-0.846,122.8,81.2,1.154
73.66,31653.2,34596.9,-1.3372,-0.9914,122.8,81.2,1.154
73.68,31506.0,34480.9,-1.9053,-1.2766,122.8,81.2,1.154
73.7,31406.9,34347.8,-2.2878,-1.6038,122.8,81.2,1.154
73.72,31340.7,34402.5,-2.5431,-1.4692,122.8,81.2,1.154
73.74,31546.4,34609.6,-1.7493,-0.9602,122.8,81.2,1.154
73.76,31878.1,34906.2,-0.4692,-0.2314,122.8,81.2,1.154
73.78,32154.5,35152.8,0.5971,0.3748,122.8,81.2,1.154
73.8,32485.2,35524.7,1.8734,1.2888,122.8,81.2,1.154
73.82,32711.0,35742.6,2.7449,1.8242,122.8,81.2,1.154
73.84,32815.4,35671.2,3.1474,1.6488,122.8,81.2,1.154
73.86,32710.4,35680.1,2.7423,1.6707,122.8,81.2,1.154
73.88,32557.2,35568.3,2.1511,1.396,122.8,81.2,1.154
73.9,32344.8,35316.9,1.3315,0.778,122.8,81.2,1.154
73.92,32301.3,35244.0,1.1639,0.5989,122.8,81.2,1.154
73.94,32136.3,35218.3,0.5269,0.5357,122.8,81.2,1.154
73.96,32090.1,35043.4,0.3487,0.1059,122.8,81.2,1.154
73.98,32029.7,35067.3,0.1155,0.1646,122.8,81.2,1.154
74.0,31929.1,35028.1,-0.2725,0.0684,122.8,81.2,1.154
74.02,31941.1,34932.1,-0.2262,-0.1677,122.8,81.2,1.154
74.04,31741.9,34833.9,-0.995,-0.4091,122.8,81.2,1.154
74.06,31725.0,34730.6,-1.06,-0.663,122.8,81.2,1.154
74.08,31682.4,34700.7,-1.2244,-0.7365,122.8,81.2,1.154
74.1,31593.6,34695.4,-1.5673,-0.7494,122.8,81.2,1.154
74.12,31531.7,34682.3,-1.8062,-0.7817,122.8,81.2,1.154
74.14,31621.9,34661.4,-1.4581,-0.833,122.8,81.2,1.154
74.16,31490.3,34654.5,-1.9656,-0.85,122.8,81.2,1.154
74.18,31397.5,34538.2,-2.3237,-1.1357,122.8,81.2,1.154
74.2,31352.6,34491.7,-2.4973,-1.25,122.8,81.2,1.154
74.22,31513.3,34527.7,-1.8771,-1.1615,122.8,81.2,1.154
74.24,31768.4,34702.1,-0.8925,-0.7328,122.8,81.2,1.154
74.26,32031.7,35051.6,0.1234,0.1261,122.8,81.2,1.154
74.28,32349.7,35323.1,1.3506,0.7932,122.8,81.2,1.154
74.3,32648.2,35660.7,2.5022,1.6229,122.8,81.2,1.154
74.32,32728.9,35753.4,2.8137,1.8507,122.8,81.2,1.154
74.34,32761.6,35700.7,2.94,1.7213,122.8,81.2,1.154
74.36,32733.9,35579.9,2.8332,1.4244,122.8,81.2,1.154
74.38,32510.9,35417.2,1.9725,1.0245,122.8,81.2,1.154
74.4,32337.0,35399.7,1.3014,0.9815,122.8,81.2,1.154
74.42,32183.4,35244.8,0.7086,0.6008,122.8,81.2,1.154
74.44,32076.8,35203.4,0.2973,0.4992,122.8,81.2,1.154
74.46,32050.3,35038.6,0.1951,0.0942,122.8,81.2,1.154
74.48,32081.9,34902.9,0.3169,-0.2393,122.8,81.2,1.154
74.5,31923.9,34929.5,-0.2925,-0.1742,122.8,81.2,1.154
74.52,31829.1,34882.2,-0.6585,-0.2902,122.8,81.2,1.154
74.54,31702.6,34740.2,-1.1468,-0.6394,122.8,81.2,1.154
74.56,31667.3,34714.4,-1.2827,-0.7028,122.8,81.2,1.154
74.58,31634.8,34650.6,-1.4083,-0.8595,122.8,81.2,1.154
74.6,31549.0,34669.3,-1.7394,-0.8135,122.8,81.2,1.154
74.62,31584.0,34609.1,-1.6043,-0.9615,122.8,81.2,1.154
74.64,31581.8,34622.9,-1.6128,-0.9275,122.8,81.2,1.154
74.66,31513.4,34551.9,-1.8767,-1.1021,122.8,81.2,1.154
74.68,31486.4,34394.4,-1.9807,-1.4891,122.8,81.2,1.154
74.7,31473.2,34494.1,-2.0319,-1.244,122.8,81.2,1.154
74.72,31540.1,34642.4,-1.7738,-0.8798,122.8,81.2,1.154
74.74,31866.9,34945.5,-0.5126,-0.1346,122.8,81.2,1.154
74.76,32205.3,35147.7,0.7932,0.3622,122.8,81.2,1.154
74.78,32551.6,35535.0,2.1294,1.314,122.8,81.2,1.154
74.8,32725.5,35751.4,2.8006,1.8458,122.8,81.2,1.154
74.82,32774.9,35816.7,2.9911,2.0063,122.8,81.2,1.154
74.84,32699.8,35690.9,2.7016,1.6972,122.8,81.2,1.154
74.86,32537.4,35551.0,2.0746,1.3533,122.8,81.2,1.154
74.88,32466.9,35353.3,1.8028,0.8674,122.8,81.2,1.154
74.9,32208.9,35150.7,0.8071,0.3695,122.8,81.2,1.154
74.92,32114.9,35213.8,0.4445,0.5246,122.8,81.2,1.154
74.94,32141.6,35104.3,0.5475,0.2556,122.8,81.2,1.154
74.96,32047.3,34989.5,0.1836,-0.0267,122.8,81.2,1.154
74.98,31931.5,35016.1,-0.2632,0.0387,122.8,81.2,1.154
75.0,31920.1,34919.3,-0.3073,-0.1991,122.8,81.2,1.154
75.02,31770.6,34776.8,-0.8843,-0.5493,122.8,81.2,1.154
75.04,31753.4,34693.2,-0.9505,-0.7548,122.8,81.2,1.154
75.06,31753.2,34651.3,-0.9515,-0.8579,122.8,81.2,1.154
75.08,31688.5,34636.0,-1.201,-0.8954,122.8,81.2,1.154
75.1,31625.3,34647.4,-1.4447,-0.8674,122.8,81.2,1.154
75.12,31651.4,34645.5,-1.3442,-0.872,122.8,81.2,1.154
75.14,31527.9,34610.4,-1.8206,-0.9582,122.8,81.2,1.154
75.16,31550.1,34461.3,-1.7352,-1.3248,122.8,81.2,1.154
75.18,31355.5,34476.6,-2.486,-1.2871,122.8,81.2,1.154
75.2,31494.0,34560.5,-1.9516,-1.081,122.8,81.2,1.154
75.22,31800.3,34812.9,-0.7697,-0.4606,122.8,81.2,1.154
75.24,32140.4,35084.3,0.5428,0.2064,122.8,81.2,1.154
75.26,32382.7,35415.3,1.4779,1.0199,122.8,81.2,1.154
75.28,32651.0,35623.8,2.5132,1.5324,122.8,81.2,1.154
75.3,32874.8,35798.4,3.3769,1.9615,122.8,81.2,1.154
75.32,32719.7,35845.3,2.7781,2.0768,122.8,81.2,1.154
75.34,32644.1,35624.7,2.4866,1.5345,122.8,81.2,1.154
75.36,32444.0,35424.7,1.7145,1.043,122.8,81.2,1.154
75.38,32286.5,35223.8,1.1064,0.5491,122.8,81.2,1.154
75.4,32211.8,35147.1,0.8184,0.3607,122.8,81.2,1.154
75.42,32066.8,35107.9,0.2588,0.2645,122.8,81.2,1.154
75.44,32105.8,35063.5,0.4093,0.1553,122.8,81.2,1.154
75.46,32056.9,35051.8,0.2208,0.1264,122.8,81.2,1.154
75.48,31937.6,34970.2,-0.2399,-0.0739,122.8,81.2,1.154
75.5,31827.9,34840.4,-0.6632,-0.3931,122.8,81.2,1.154
75.52,31667.0,34676.3,-1.284,-0.7964,122.8,81.2,1.154
75.54,31745.7,34607.4,-0.9804,-0.9657,122.8,81.2,1.154
75.56,31696.0,34638.0,-1.1721,-0.8905,122.8,81.2,1.154
75.58,31572.3,34682.7,-1.6493,-0.7806,122.8,81.2,1.154
75.6,31602.5,34647.8,-1.5327,-0.8663,122.8,81.2,1.154
75.62,31511.7,34566.6,-1.8833,-1.0659,122.8,81.2,1.154
75.64,31446.0,34412.1,-2.1369,-1.4456,122.8,81.2,1.154
75.66,31524.0,34471.0,-1.8358,-1.301,122.8,81.2,1.154
75.68,31428.6,34550.8,-2.2039,-1.1048,122.8,81.2,1.154
75.7,31726.9,34638.9,-1.053,-0.8882,122.8,81.2,1.154
75.72,31897.6,34920.3,-0.3939,-0.1967,122.8,81.2,1.154
75.74,32264.1,35215.9,1.02,0.5299,122.8,81.2,1.154
75.76,32499.9,35388.8,1.9299,0.9546,122.8,81.2,1.154
75.78,32756.8,35683.2,2.9214,1.6784,122.8,81.2,1.154
75.8,32812.5,35745.4,3.1363,1.8312,122.8,81.2,1.154
75.82,32734.1,35701.6,2.8339,1.7236,122.8,81.2,1.154
75.84,32584.9,35464.9,2.2579,1.1417,122.8,81.2,1.154
75.86,32309.4,35297.2,1.1948,0.7297,122.8,81.2,1.154
75.88,32236.2,35206.5,0.9125,0.5066,122.8,81.2,1.154
75.9,32247.0,35120.4,0.954,0.295,122.8,81.2,1.154
75.92,32125.5,34994.2,0.4851,-0.015,122.8,81.2,1.154
75.94,32053.5,35056.6,0.2075,0.1384,122.8,81.2,1.154
75.96,31973.5,34940.4,-0.1013,-0.1473,122.8,81.2,1.154
75.98,31902.5,34876.0,-0.3753,-0.3055,122.8,81.2,1.154
76.0,31779.7,34805.8,-0.8492,-0.478,122.8,81.2,1.154
76.02,31695.7,34732.4,-1.1731,-0.6585,122.8,81.2,1.154
76.04,31700.4,34611.3,-1.1551,-0.9561,122.8,81.2,1.154
76.06,31580.4,34624.9,-1.618,-0.9226,122.8,81.2,1.154
76.08,31620.6,34634.8,-1.4631,-0.8984,122.8,81.2,1.154
76.1,31521.9,34593.9,-1.844,-0.9988,122.8,81.2,1.154
76.12,31518.5,34508.4,-1.8569,-1.2089,122.8,81.2,1.154
76.14,31548.3,34418.5,-1.7421,-1.4298,122.8,81.2,1.154
76.16,31406.6,34478.7,-2.2889,-1.282,122.8,81.2,1.154
76.18,31614.8,34604.7,-1.4855,-0.9722,122.8,81.2,1.154
76.2,31827.4,34737.7,-0.665,-0.6455,122.8,81.2,1.154
76.22,32194.0,35146.3,0.7498,0.3588,122.8,81.2,1.154
76.24,32440.0,35413.8,1.6988,1.0162,122.8,81.2,1.154
76.26,32659.0,35652.8,2.544,1.6036,122.8,81.2,1.154
76.28,32799.4,35698.9,3.0856,1.7169,122.8,81.2,1.154
76.3,32763.4,35760.4,2.9469,1.868,122.8,81.2,1.154
76.32,32604.7,35582.2,2.3344,1.43,122.8,81.2,1.154
76.34,32403.3,35456.2,1.5572,1.1203,122.8,81.2,1.154
76.36,32255.1,35281.0,0.9852,0.6898,122.8,81.2,1.154
76.38,32137.0,35295.0,0.5297,0.7243,122.8,81.2,1.154
76.4,32131.2,35149.8,0.5073,0.3674,122.8,81.2,1.154
76.42,32055.8,35083.2,0.2165,0.2036,122.8,81.2,1.154
76.44,32021.0,35030.5,0.082,0.0743,122.8,81.2,1.154
76.46,31889.4,34893.7,-0.4257,-0.2619,122.8,81.2,1.154
76.48,31775.9,34769.4,-0.8637,-0.5674,122.8,81.2,1.154
76.5,31757.1,34781.1,-0.9362,-0.5389,122.8,81.2,1.154
76.52,31677.4,34716.3,-1.2436,-0.6979,122.8,81.2,1.154
76.54,31676.2,34659.3,-1.2483,-0.8381,122.8,81.2,1.154
76.56,31623.6,34565.4,-1.4513,-1.0688,122.8,81.2,1.154
76.58,31609.2,34695.7,-1.507,-0.7487,122.8,81.2,1.154
76.6,31545.6,34509.0,-1.7525,-1.2075,122.8,81.2,1.154
76.62,31429.8,34497.5,-2.1991,-1.2358,122.8,81.2,1.154
76.64,31430.2,34505.3,-2.1978,-1.2165,122.8,81.2,1.154
76.66,31496.7,34469.7,-1.9412,-1.3042,122.8,81.2,1.154
76.68,31724.5,34731.9,-1.0622,-0.6597,122.8,81.2,1.154
76.7,31904.5,34986.2,-0.3673,-0.0348,122.8,81.2,1.154
76.72,32357.4,35271.7,1.38,0.6671,122.8,81.2,1.154
76.74,32589.5,35560.4,2.2758,1.3764,122.8,81.2,1.154
76.76,32764.2,35697.1,2.9498,1.7125,122.8,81.2,1.154
76.78,32744.3,35719.4,2.8732,1.7671,122.8,81.2,1.154
76.8,32684.6,35608.2,2.6429,1.494,122.8,81.2,1.154
76.82,32584.4,35500.4,2.2561,1.2291,122.8,81.2,1.154
76.84,32343.1,35365.1,1.3249,0.8965,122.8,81.2,1.154
76.86,32169.5,35148.1,0.6551,0.3633,122.8,81.2,1.154
76.88,32163.6,35117.1,0.6322,0.287,122.8,81.2,1.154
76.9,32043.6,35084.5,0.1691,0.2069,122.8,81.2,1.154
76.92,32024.5,35034.8,0.0955,0.0846,122.8,81.2,1.154
76.94,31942.4,34961.1,-0.2211,-0.0964,122.8,81.2,1.154
76.96,31808.7,34865.2,-0.7372,-0.3322,122.8,81.2,1.154
76.98,31748.7,34775.4,-0.9685,-0.5527,122.8,81.2,1.154
77.0,31621.1,34719.2,-1.4611,-0.6908,122.8,81.2,1.154
77.02,31674.9,34705.6,-1.2535,-0.7243,122.8,81.2,1.154
77.04,31672.8,34677.1,-1.2614,-0.7944,122.8,81.2,1.154
77.06,31694.1,34568.6,-1.1793,-1.061,122.8,81.2,1.154
77.08,31566.7,34625.6,-1.6709,-0.921,122.8,81.2,1.154
77.1,31463.6,34473.9,-2.069,-1.2938,122.8,81.2,1.154
77.12,31470.1,34423.8,-2.0438,-1.4169,122.8,81.2,1.154
77.14,31491.7,34369.0,-1.9603,-1.5517,122.8,81.2,1.154
77.16,31548.5,34645.5,-1.7414,-0.8719,122.8,81.2,1.154
77.18,31867.7,34789.9,-0.5094,-0.5171,122.8,81.2,1.154
77.2,32084.9,35154.6,0.3287,0.3791,122.8,81.2,1.154
77.22,32484.0,35520.6,1.8687,1.2788,122.8,81.2,1.154
77.24,32683.1,35705.9,2.637,1.734,122.8,81.2,1.154
77.26,32795.2,35815.7,3.0694,2.0039,122.8,81.2,1.154
77.28,32791.4,35563.8,3.0549,1.3848,122.8,81.2,1.154
77.3,32618.5,35482.5,2.3877,1.185,122.8,81.2,1.154
77.32,32352.7,35367.5,1.3622,0.9023,122.8,81.2,1.154
77.34,32288.1,35235.5,1.1126,0.5781,122.8,81.2,1.154
77.36,32104.1,35046.7,0.4027,0.1139,122.8,81.2,1.154
77.38,32093.3,35078.2,0.3612,0.1914,122.8,81.2,1.154
77.4,32133.9,35056.2,0.5179,0.1374,122.8,81.2,1.154
77.42,31918.1,34993.2,-0.315,-0.0175,122.8,81.2,1.154
77.44,31903.2,34947.9,-0.3726,-0.1288,122.8,81.2,1.154
77.46,31828.7,34788.3,-0.6601,-0.521,122.8,81.2,1.154
77.48,31744.6,34709.4,-0.9846,-0.715,122.8,81.2,1.154
77.5,31594.9,34674.6,-1.5621,-0.8006,122.8,81.2,1.154
77.52,31697.2,34658.6,-1.1675,-0.8397,122.8,81.2,1.154
77.54,31644.9,34696.0,-1.3693,-0.7478,122.8,81.2,1.154
77.56,31601.4,34579.3,-1.5369,-1.0347,122.8,81.2,1.154
77.58,31509.7,34548.4,-1.8908,-1.1107,122.8,81.2,1.154
77.6,31519.5,34427.5,-1.8531,-1.4078,122.8,81.2,1.154
77.62,31495.5,34373.9,-1.9457,-1.5395,122.8,81.2,1.154
77.64,31455.0,34595.9,-2.102,-0.9939,122.8,81.2,1.154
77.66,31712.4,34723.5,-1.1088,-0.6804,122.8,81.2,1.154
77.68,32029.1,34980.7,0.1132,-0.0482,122.8,81.2,1.154
77.7,32328.2,35282.0,1.2674,0.6923,122.8,81.2,1.154
77.72,32619.2,35727.3,2.3903,1.7866,122.8,81.2,1.154
77.74,32800.2,35828.7,3.0888,2.0359,122.8,81.2,1.154
77.76,32770.9,35753.5,2.9758,1.8511,122.8,81.2,1.154
77.78,32657.4,35666.8,2.5378,1.638,122.8,81.2,1.154
77.8,32413.4,35433.3,1.5963,1.0641,122.8,81.2,1.154
77.82,32336.3,35297.8,1.2989,0.7312,122.8,81.2,1.154
77.84,32217.8,35199.1,0.8415,0.4886,122.8,81.2,1.154
77.86,32191.8,35099.6,0.7413,0.244,122.8,81.2,1.154
77.88,32048.4,35090.8,0.1878,0.2225,122.8,81.2,1.154
77.9,32025.5,35042.2,0.0992,0.1028,122.8,81.2,1.154
77.92,31945.2,34924.8,-0.2105,-0.1856,122.8,81.2,1.154
77.94,31793.0,34863.4,-0.7977,-0.3366,122.8,81.2,1.154
77.96,31757.8,34678.2,-0.9336,-0.7917,122.8,81.2,1.154
77.98,31599.0,34718.5,-1.5464,-0.6925,122.8,81.2,1.154
78.0,31766.7,34643.0,-0.8994,-0.8781,122.8,81.2,1.154
78.02,31648.1,34614.0,-1.3569,-0.9494,122.8,81.2,1.154
78.04,31606.4,34618.0,-1.5179,-0.9396,122.8,81.2,1.154
78.06,31528.4,34559.2,-1.8186,-1.0841,122.8,81.2,1.154
78.08,31452.4,34517.4,-2.1119,-1.1868,122.8,81.2,1.154
78.1,31470.8,34452.1,-2.041,-1.3474,122.8,81.2,1.154
78.12,31427.2,34399.1,-2.2095,-1.4776,122.8,81.2,1.154
78.14,31678.7,34597.3,-1.2389,-0.9906,122.8,81.2,1.154
78.16,31931.3,34911.5,-0.2642,-0.2182,122.8,81.2,1.154
78.18,32186.9,35224.7,0.7224,0.5513,122.8,81.2,1.154
78.2,32519.3,35482.8,2.0049,1.1857,122.8,81.2,1.154
78.22,32721.7,35627.9,2.786,1.5424,122.8,81.2,1.154
78.24,32807.4,35689.6,3.1165,1.694,122.8,81.2,1.154
78.26,32711.1,35724.4,2.7451,1.7795,122.8,81.2,1.154
78.28,32567.2,35504.9,2.1898,1.24,122.8,81.2,1.154
78.3,32327.0,35377.6,1.2629,0.9273,122.8,81.2,1.154
78.32,32190.4,35186.5,0.7356,0.4576,122.8,81.2,1.154
78.34,32247.1,35140.7,0.9547,0.3451,122.8,81.2,1.154
78.36,32115.7,35131.0,0.4473,0.3213,122.8,81.2,1.154
78.38,32038.2,35068.8,0.1485,0.1683,122.8,81.2,1.154
78.4,32067.3,35045.1,0.2608,0.1099,122.8,81.2,1.154
78.42,31852.5,34956.5,-0.5682,-0.1077,122.8,81.2,1.154
78.44,31791.2,34842.4,-0.8048,-0.3882,122.8,81.2,1.154
78.46,31684.6,34754.2,-1.216,-0.6049,122.8,81.2,1.154
78.48,31665.1,34691.6,-1.2914,-0.7586,122.8,81.2,1.154
78.5,31651.4,34591.8,-1.3443,-1.004,122.8,81.2,1.154
78.52,31572.7,34607.4,-1.6477,-0.9656,122.8,81.2,1.154
78.54,31531.0,34622.4,-1.8089,-0.9288,122.8,81.2,1.154
78.56,31570.0,34551.6,-1.6581,-1.1029,122.8,81.2,1.154
78.58,31388.1,34491.9,-2.3604,-1.2495,122.8,81.2,1.154
78.6,31332.7,34504.4,-2.5738,-1.2189,122.8,81.2,1.154
78.62,31453.7,34516.9,-2.1071,-1.1882,122.8,81.2,1.154
78.64,31801.0,34685.7,-0.767,-0.7733,122.8,81.2,1.154
78.66,32108.9,35145.6,0.4213,0.3571,122.8,81.2,1.154
78.68,32411.7,35398.7,1.5897,0.9791,122.8,81.2,1.154
78.7,32669.9,35548.9,2.5861,1.3482,122.8,81.2,1.154
78.72,32764.9,35745.6,2.9528,1.8317,122.8,81.2,1.154
78.74,32798.2,35751.0,3.0812,1.8448,122.8,81.2,1.154
78.76,32698.7,35679.1,2.697,1.6682,122.8,81.2,1.154
78.78,32325.6,35411.2,1.2575,1.0099,122.8,81.2,1.154
78.8,32346.9,35285.6,1.3396,0.7012,122.8,81.2,1.154
78.82,32149.8,35110.2,0.5791,0.2702,122.8,81.2,1.154
78.84,32085.8,35108.2,0.3322,0.2651,122.8,81.2,1.154
78.86,31965.1,35083.3,-0.1337,0.2039,122.8,81.2,1.154
78.88,31949.5,34992.3,-0.1939,-0.0196,122.8,81.2,1.154
78.9,31943.5,35010.0,-0.217,0.0238,122.8,81.2,1.154
78.92,31889.3,34795.2,-0.4262,-0.504,122.8,81.2,1.154
78.94,31691.0,34611.2,-1.1913,-0.9562,122.8,81.2,1.154
78.96,31650.3,34683.4,-1.3482,-0.7789,122.8,81.2,1.154
78.98,31631.1,34669.8,-1.4226,-0.8124,122.8,81.2,1.154
79.0,31649.5,34738.8,-1.3514,-0.6427,122.8,81.2,1.154
79.02,31629.5,34620.0,-1.4286,-0.9348,122.8,81.2,1.154
79.04,31455.2,34593.1,-2.1012,-1.0009,122.8,81.2,1.154
79.06,31529.2,34401.5,-1.8157,-1.4718,122.8,81.2,1.154
79.08,31354.4,34394.0,-2.4901,-1.4901,122.8,81.2,1.154
79.1,31523.7,34471.6,-1.8371,-1.2995,122.8,81.2,1.154
79.12,31533.4,34563.3,-1.7995,-1.0739,122.8,81.2,1.154
79.14,31882.6,34854.6,-0.4521,-0.3582,122.8,81.2,1.154
79.16,32173.4,35220.5,0.6703,0.5411,122.8,81.2,1.154
79.18,32572.6,35493.7,2.2107,1.2125,122.8,81.2,1.154
79.2,32748.3,35781.9,2.8885,1.9209,122.8,81.2,1.154
79.22,32689.6,35711.2,2.6619,1.7471,122.8,81.2,1.154
79.24,32719.2,35693.1,2.7763,1.7027,122.8,81.2,1.154
79.26,32600.6,35505.0,2.3187,1.2403,122.8,81.2,1.154
79.28,32404.3,35323.8,1.5611,0.795,122.8,81.2,1.154
79.3,32212.7,35178.9,0.8219,0.439,122.8,81.2,1.154
79.32,32058.0,35182.1,0.2247,0.4468,122.8,81.2,1.154
79.34,32087.6,35147.4,0.3392,0.3615,122.8,81.2,1.154
79.36,32153.5,35090.1,0.5933,0.2206,122.8,81.2,1.154
79.38,32037.1,34949.5,0.1442,-0.1248,122.8,81.2,1.154
79.4,31868.4,34872.1,-0.5069,-0.3151,122.8,81.2,1.154
79.42,31800.5,34797.9,-0.7687,-0.4976,122.8,81.2,1.154
79.44,31633.4,34752.2,-1.4138,-0.6099,122.8,81.2,1.154
79.46,31726.7,34686.6,-1.0535,-0.7711,122.8,81.2,1.154
79.48,31696.7,34685.0,-1.1695,-0.775,122.8,81.2,1.154
79.5,31536.7,34603.7,-1.787,-0.9747,122.8,81.2,1.154
79.52,31598.1,34549.3,-1.5498,-1.1084,122.8,81.2,1.154
79.54,31445.1,34600.1,-2.1404,-0.9837,122.8,81.2,1.154
79.56,31448.6,34395.0,-2.1268,-1.4876,122.8,81.2,1.154
79.58,31485.9,34412.2,-1.9827,-1.4454,122.8,81.2,1.154
79.6,31490.6,34559.5,-1.9648,-1.0834,122.8,81.2,1.154
79.62,31845.6,34822.9,-0.5947,-0.436,122.8,81.2,1.154
79.64,32201.2,35131.5,0.7772,0.3224,122.8,81.2,1.154
79.66,32444.1,35399.8,1.7146,0.9817,122.8,81.2,1.154
79.68,32637.2,35717.7,2.46,1.7631,122.8,81.2,1.154
79.7,32885.6,35723.8,3.4184,1.778,122.8,81.2,1.154
79.72,32786.6,35766.9,3.0366,1.884,122.8,81.2,1.154
79.74,32685.8,35611.5,2.6473,1.502,122.8,81.2,1.154
79.76,32425.7,35495.6,1.6436,1.2171,122.8,81.2,1.154
79.78,32317.6,35172.1,1.2266,0.4222,122.8,81.2,1.154
79.8,32065.8,35203.8,0.2551,0.5001,122.8,81.2,1.154
79.82,32116.0,35054.4,0.4488,0.1328,122.8,81.2,1.154
79.84,32030.1,35051.4,0.1172,0.1256,122.8,81.2,1.154
79.86,31966.3,34959.8,-0.129,-0.0995,122.8,81.2,1.154
79.88,31979.2,34904.9,-0.0792,-0.2345,122.8,81.2,1.154
79.9,31844.6,34741.4,-0.5987,-0.6363,122.8,81.2,1.154
79.92,31708.4,34748.0,-1.1241,-0.6201,122.8,81.2,1.154
79.94,31655.6,34695.3,-1.328,-0.7497,122.8,81.2,1.154
79.96,31575.4,34709.9,-1.6373,-0.7138,122.8,81.2,1.154
79.98,31678.4,34639.7,-1.2399,-0.8862,122.8,81.2,1.154
80.0,31567.5,34608.8,-1.668,-0.9623,122.8,81.2,1.154
80.02,31532.3,34566.1,-1.8036,-1.0671,122.8,81.2,1.154
80.04,31406.9,34462.6,-2.2877,-1.3216,122.8,81.2,1.154
80.06,31439.7,34438.8,-2.1611,-1.3801,122.8,81.2,1.154
80.08,31480.0,34518.7,-2.0055,-1.1837,122.8,81.2,1.154
80.1,31732.1,34638.7,-1.0329,-0.8888,122.8,81.2,1.154
80.12,31961.9,35109.3,-0.1459,0.2679,122.8,81.2,1.154
80.14,32303.3,35304.0,1.1713,0.7463,122.8,81.2,1.154
80.16,32605.9,35598.5,2.3391,1.4702,122.8,81.2,1.154
80.18,32794.1,35689.4,3.0655,1.6934,122.8,81.2,1.154
80.2,32693.6,35752.4,2.6774,1.8485,122.8,81.2,1.154
80.22,32686.0,35651.5,2.6483,1.6005,122.8,81.2,1.154
80.24,32510.6,35531.7,1.9715,1.306,122.8,81.2,1.154
80.26,32381.1,35393.0,1.4715,0.965,122.8,81.2,1.154
80.28,32141.9,35179.7,0.5485,0.4409,122.8,81.2,1.154
80.3,32116.5,35188.2,0.4504,0.4617,122.8,81.2,1.154
80.32,32156.9,35106.4,0.6064,0.2608,122.8,81.2,1.154
80.34,32037.4,34982.9,0.1452,-0.0429,122.8,81.2,1.154
80.36,31931.4,34971.1,-0.2636,-0.0718,122.8,81.2,1.154
80.38,31849.3,34818.9,-0.5806,-0.4458,122.8,81.2,1.154
80.4,31738.6,34820.8,-1.0076,-0.4411,122.8,81.2,1.154
80.42,31747.9,34674.2,-0.9718,-0.8015,122.8,81.2,1.154
80.44,31579.7,34642.7,-1.6207,-0.879,122.8,81.2,1.154
80.46,31725.0,34665.9,-1.0603,-0.8218,122.8,81.2,1.154
80.48,31578.9,34669.7,-1.6241,-0.8127,122.8,81.2,1.154
80.5,31660.9,34563.0,-1.3073,-1.0749,122.8,81.2,1.154
80.52,31475.1,34481.3,-2.0246,-1.2756,122.8,81.2,1.154
80.54,31545.1,34448.2,-1.7543,-1.3571,122.8,81.2,1.154
80.56,31532.8,34488.4,-1.802,-1.2582,122.8,81.2,1.154
80.58,31561.1,34654.0,-1.6926,-0.8512,122.8,81.2,1.154
80.6,31874.0,34885.1,-0.4853,-0.2832,122.8,81.2,1.154
80.62,32172.9,35204.1,0.6684,0.5009,122.8,81.2,1.154
80.64,32451.1,35418.4,1.7416,1.0276,122.8,81.2,1.154
80.66,32687.5,35721.4,2.6539,1.7722,122.8,81.2,1.154
80.68,32815.9,35780.2,3.1496,1.9166,122.8,81.2,1.154
80.7,32721.0,35707.3,2.7831,1.7375,122.8,81.2,1.154
80.72,32594.7,35631.0,2.2957,1.55,122.8,81.2,1.154
80.74,32417.4,35388.4,1.6116,0.9537,122.8,81.2,1.154
80.76,32332.1,35211.0,1.2826,0.5178,122.8,81.2,1.154
80.78,32205.2,35109.1,0.7927,0.2672,122.8,81.2,1.154
80.8,32153.6,35078.9,0.5936,0.1932,122.8,81.2,1.154
80.82,32084.3,35060.0,0.3265,0.1467,122.8,81.2,1.154
80.84,31981.0,35014.8,-0.0723,0.0356,122.8,81.2,1.154
80.86,31894.1,34834.6,-0.4076,-0.4072,122.8,81.2,1.154
80.88,31803.4,34806.7,-0.7575,-0.4758,122.8,81.2,1.154
80.9,31715.7,34733.9,-1.0961,-0.6547,122.8,81.2,1.154
80.92,31587.4,34644.6,-1.5913,-0.8742,122.8,81.2,1.154
80.94,31602.5,34674.0,-1.5328,-0.802,122.8,81.2,1.154
80.96,31513.8,34678.2,-1.875,-0.7916,122.8,81.2,1.154
80.98,31560.9,34606.9,-1.6935,-0.9668,122.8,81.2,1.154
81.0,31561.6,34524.5,-1.6907,-1.1694,122.8,81.2,1.154
81.02,31492.4,34447.9,-1.9576,-1.3577,122.8,81.2,1.154
81.04,31451.9,34432.1,-2.114,-1.3966,122.8,81.2,1.154
81.06,31563.4,34528.3,-1.6838,-1.1601,122.8,81.2,1.154
81.08,31720.5,34712.8,-1.0774,-0.7068,122.8,81.2,1.154
81.1,31994.6,35028.6,-0.0199,0.0694,122.8,81.2,1.154
81.12,32418.9,35299.3,1.6176,0.7349,122.8,81.2,1.154
81.14,32667.9,35615.0,2.5784,1.5106,122.8,81.2,1.154
81.16,32751.9,35789.4,2.9023,1.9393,122.8,81.2,1.154
81.18,32669.3,35705.4,2.5839,1.733,122.8,81.2,1.154
81.2,32650.4,35658.9,2.5107,1.6186,122.8,81.2,1.154
81.22,32452.7,35438.4,1.7478,1.0767,122.8,81.2,1.154
81.24,32281.4,35304.9,1.0868,0.7485,122.8,81.2,1.154
81.26,32148.3,35143.0,0.5734,0.3506,122.8,81.2,1.154
81.28,32125.8,35093.4,0.4863,0.2286,122.8,81.2,1.154
81.3,32070.1,35133.5,0.2716,0.3274,122.8,81.2,1.154
81.32,32060.5,35066.1,0.2344,0.1617,122.8,81.2,1.154
81.34,32010.4,34958.6,0.041,-0.1026,122.8,81.2,1.154
81.36,31859.8,34833.9,-0.5401,-0.4089,122.8,81.2,1.154
81.38,31814.1,34742.1,-0.7162,-0.6346,122.8,81.2,1.154
81.4,31771.0,34636.2,-0.8827,-0.8948,122.8,81.2,1.154
81.42,31620.5,34689.4,-1.4634,-0.7642,122.8,81.2,1.154
81.44,31642.8,34741.8,-1.3774,-0.6353,122.8,81.2,1.154
81.46,31655.6,34627.9,-1.3278,-0.9153,122.8,81.2,1.154
81.48,31489.8,34546.5,-1.9676,-1.1153,122.8,81.2,1.154
81.5,31514.4,34485.5,-1.8729,-1.2652,122.8,81.2,1.154
81.52,31351.6,34502.7,-2.5012,-1.2229,122.8,81.2,1.154
81.54,31448.7,34469.7,-2.1264,-1.304,122.8,81.2,1.154
81.56,31629.8,34644.9,-1.4274,-0.8736,122.8,81.2,1.154
81.58,31947.9,34932.8,-0.2,-0.1659,122.8,81.2,1.154
81.6,32153.6,35193.3,0.5939,0.4742,122.8,81.2,1.154
81.62,32540.2,35474.7,2.0855,1.166,122.8,81.2,1.154
81.64,32664.3,35588.1,2.5646,1.4445,122.8,81.2,1.154
81.66,32859.4,35790.5,3.3175,1.942,122.8,81.2,1.154
81.68,32712.2,35652.4,2.7493,1.6026,122.8,81.2,1.154
81.7,32593.9,35559.6,2.2928,1.3746,122.8,81.2,1.154
81.72,32381.6,35285.3,1.4735,0.7004,122.8,81.2,1.154
81.74,32218.1,35304.1,0.8426,0.7465,122.8,81.2,1.154
81.76,32166.3,35041.1,0.6427,0.1002,122.8,81.2,1.154
81.78,32091.2,35030.5,0.3528,0.0742,122.8,81.2,1.154
81.8,32043.9,35104.9,0.1704,0.257,122.8,81.2,1.154
81.82,31990.0,35039.8,-0.0376,0.0971,122.8,81.2,1.154
81.84,31948.6,34990.0,-0.1972,-0.0254,122.8,81.2,1.154
81.86,31770.3,34760.0,-0.8852,-0.5907,122.8,81.2,1.154
81.88,31560.9,34710.0,-1.6936,-0.7134,122.8,81.2,1.154
81.9,31678.5,34615.1,-1.2398,-0.9469,122.8,81.2,1.154
81.92,31624.6,34710.0,-1.4475,-0.7134,122.8,81.2,1.154
81.94,31587.9,34741.6,-1.5891,-0.6358,122.8,81.2,1.154
81.96,31541.2,34609.6,-1.7693,-0.9604,122.8,81.2,1.154
81.98,31545.1,34520.8,-1.7544,-1.1786,122.8,81.2,1.154
82.0,31436.1,34514.5,-2.1749,-1.1939,122.8,81.2,1.154
82.02,31452.1,34365.2,-2.1133,-1.5609,122.8,81.2,1.154
82.04,31537.9,34517.7,-1.7823,-1.1862,122.8,81.2,1.154
82.06,31716.4,34664.9,-1.0934,-0.8243,122.8,81.2,1.154
82.08,32040.1,35041.8,0.1559,0.102,122.8,81.2,1.154
82.1,32442.6,35385.1,1.709,0.9456,122.8,81.2,1.154
82.12,32690.0,35649.4,2.6637,1.5951,122.8,81.2,1.154
82.14,32800.2,35816.5,3.0888,2.0059,122.8,81.2,1.154
82.16,32772.2,35721.4,2.981,1.7722,122.8,81.2,1.154
82.18,32698.0,35615.3,2.6946,1.5115,122.8,81.2,1.154
82.2,32395.4,35412.0,1.5267,1.0117,122.8,81.2,1.154
82.22,32242.6,35278.7,0.937,0.6842,122.8,81.2,1.154
82.24,32277.3,35127.9,1.0713,0.3135,122.8,81.2,1.154
82.26,32094.4,35174.9,0.3654,0.4289,122.8,81.2,1.154
82.28,31974.8,35001.4,-0.0963,0.0026,122.8,81.2,1.154
82.3,31991.3,34948.8,-0.0326,-0.1267,122.8,81.2,1.154
82.32,31884.6,34887.8,-0.4442,-0.2765,122.8,81.2,1.154
82.34,31861.9,34803.7,-0.532,-0.4832,122.8,81.2,1.154
82.36,31698.4,34638.5,-1.1629,-0.8893,122.8,81.2,1.154
82.38,31644.6,34669.3,-1.3704,-0.8135,122.8,81.2,1.154
82.4,31634.4,34743.3,-1.4099,-0.6318,122.8,81.2,1.154
82.42,31641.3,34735.3,-1.3831,-0.6514,122.8,81.2,1.154
82.44,31546.2,34643.8,-1.7501,-0.8762,122.8,81.2,1.154
82.46,31464.1,34571.4,-2.0668,-1.0541,122.8,81.2,1.154
82.48,31442.6,34493.2,-2.1499,-1.2464,122.8,81.2,1.154
82.5,31363.5,34361.3,-2.4549,-1.5704,122.8,81.2,1.154
82.52,31439.6,34472.2,-2.1614,-1.298,122.8,81.2,1.154
82.54,31644.6,34680.3,-1.3704,-0.7866,122.8,81.2,1.154
82.56,31944.1,35020.8,-0.2146,0.0503,122.8,81.2,1.154
82.58,32259.1,35173.4,1.0008,0.4254,122.8,81.2,1.154
82.6,32630.2,35483.1,2.4327,1.1866,122.8,81.2,1.154
82.62,32780.9,35748.2,3.0144,1.838,122.8,81.2,1.154
82.64,32745.7,35715.8,2.8784,1.7585,122.8,81.2,1.154
82.66,32726.3,35717.1,2.8036,1.7617,122.8,81.2,1.154
82.68,32523.1,35549.4,2.0198,1.3495,122.8,81.2,1.154
82.7,32310.7,35314.1,1.1999,0.7711,122.8,81.2,1.154
82.72,32229.6,35197.4,0.8868,0.4844,122.8,81.2,1.154
82.74,32212.6,35110.9,0.8215,0.2717,122.8,81.2,1.154
82.76,32051.8,35138.5,0.2009,0.3397,122.8,81.2,1.154
82.78,32046.1,35109.0,0.1788,0.267,122.8,81.2,1.154
82.8,31969.4,35039.5,-0.1171,0.0963,122.8,81.2,1.154
82.82,31749.6,34835.2,-0.9654,-0.4058,122.8,81.2,1.154
82.84,31857.8,34789.2,-0.5478,-0.5189,122.8,81.2,1.154
82.86,31651.4,34674.7,-1.3443,-0.8002,122.8,81.2,1.154
82.88,31642.0,34700.9,-1.3805,-0.7358,122.8,81.2,1.154
82.9,31575.7,34713.5,-1.6362,-0.705,122.8,81.2,1.154
82.92,31613.5,34720.7,-1.4904,-0.6873,122.8,81.2,1.154
82.94,31591.0,34621.0,-1.5772,-0.9322,122.8,81.2,1.154
82.96,31643.3,34473.9,-1.3752,-1.2937,122.8,81.2,1.154
82.98,31433.9,34483.3,-2.1835,-1.2708,122.8,81.2,1.154
83.0,31452.4,34406.6,-2.1122,-1.4592,122.8,81.2,1.154
83.02,31530.8,34540.8,-1.8094,-1.1294,122.8,81.2,1.154
83.04,31843.6,34848.6,-0.6025,-0.3728,122.8,81.2,1.154
83.06,32110.4,35054.3,0.4271,0.1327,122.8,81.2,1.154
83.08,32437.9,35404.1,1.6908,0.9922,122.8,81.2,1.154
83.1,32640.9,35664.7,2.4742,1.6328,122.8,81.2,1.154
83.12,32736.1,35760.8,2.8417,1.869,122.8,81.2,1.154
83.14,32745.0,35693.6,2.8757,1.7039,122.8,81.2,1.154
83.16,32678.2,35566.5,2.6179,1.3916,122.8,81.2,1.154
83.18,32428.3,35383.0,1.6537,0.9405,122.8,81.2,1.154
83.2,32299.1,35321.3,1.155,0.7888,122.8,81.2,1.154
83.22,32199.9,35144.3,0.7724,0.3539,122.8,81.2,1.154
83.24,32063.3,35144.7,0.2451,0.3549,122.8,81.2,1.154
83.26,32030.8,35115.6,0.12,0.2833,122.8,81.2,1.154
83.28,32117.0,34890.2,0.4526,-0.2707,122.8,81.2,1.154
83.3,31853.8,34885.7,-0.563,-0.2818,122.8,81.2,1.154
83.32,31823.1,34746.9,-0.6814,-0.6229,122.8,81.2,1.154
83.34,31813.5,34707.9,-0.7188,-0.7186,122.8,81.2,1.154
83.36,31723.7,34745.2,-1.065,-0.6271,122.8,81.2,1.154
83.38,31680.3,34602.0,-1.2328,-0.979,122.8,81.2,1.154
83.4,31675.1,34721.2,-1.2528,-0.6859,122.8,81.2,1.154
83.42,31607.1,34585.8,-1.5152,-1.0187,122.8,81.2,1.154
83.44,31565.9,34638.6,-1.6742,-0.8891,122.8,81.2,1.154
83.46,31461.7,34580.1,-2.0763,-1.0329,122.8,81.2,1.154
83.48,31429.3,34488.4,-2.201,-1.2582,122.8,81.2,1.154
83.5,31448.2,34461.8,-2.1283,-1.3236,122.8,81.2,1.154
83.52,31646.7,34663.2,-1.3624,-0.8284,122.8,81.2,1.154
83.54,32023.5,35022.2,0.0918,0.0537,122.8,81.2,1.154
83.56,32227.1,35301.7,0.8773,0.7407,122.8,81.2,1.154
83.58,32660.4,35604.1,2.5496,1.484,122.8,81.2,1.154
83.6,32791.7,35730.8,3.056,1.7952,122.8,81.2,1.154
83.62,32778.6,35746.6,3.0056,1.8341,122.8,81.2,1.154
83.64,32703.9,35617.3,2.7174,1.5164,122.8,81.2,1.154
83.66,32560.1,35548.9,2.1625,1.3482,122.8,81.2,1.154
83.68,32299.6,35345.4,1.1572,0.848,122.8,81.2,1.154
83.7,32180.1,35236.8,0.6959,0.5813,122.8,81.2,1.154
83.72,32137.3,35091.2,0.531,0.2234,122.8,81.2,1.154
83.74,32084.4,35016.1,0.3268,0.0387,122.8,81.2,1.154
83.76,31968.9,35036.1,-0.1191,0.0879,122.8,81.2,1.154
83.78,31985.6,34924.5,-0.0544,-0.1862,122.8,81.2,1.154
83.8,31825.9,34831.3,-0.671,-0.4154,122.8,81.2,1.154
83.82,31778.5,34732.1,-0.8538,-0.6593,122.8,81.2,1.154
83.84,31706.6,34728.4,-1.1313,-0.6684,122.8,81.2,1.154
83.86,31683.3,34687.8,-1.2211,-0.768,122.8,81.2,1.154
83.88,31640.5,34741.0,-1.3863,-0.6372,122.8,81.2,1.154
83.9,31587.5,34669.9,-1.5908,-0.8122,122.8,81.2,1.154
83.92,31624.3,34662.0,-1.4489,-0.8316,122.8,81.2,1.154
83.94,31461.5,34572.4,-2.077,-1.0518,122.8,81.2,1.154
83.96,31496.1,34425.7,-1.9433,-1.4121,122.8,81.2,1.154
83.98,31410.2,34394.4,-2.2749,-1.4891,122.8,81.2,1.154
84.0,31646.4,34634.7,-1.3635,-0.8985,122.8,81.2,1.154
84.02,31854.8,34835.9,-0.5593,-0.404,122.8,81.2,1.154
84.04,32106.0,35117.8,0.41,0.2886,122.8,81.2,1.154
84.06,32509.6,35494.4,1.9673,1.2142,122.8,81.2,1.154
84.08,32676.0,35701.5,2.6094,1.7234,122.8,81.2,1.154
84.1,32798.2,35683.7,3.081,1.6795,122.8,81.2,1.154
84.12,32626.7,35653.5,2.4195,1.6052,122.8,81.2,1.154
84.14,32472.0,35697.7,1.8222,1.714,122.8,81.2,1.154
84.16,32428.3,35419.6,1.6537,1.0304,122.8,81.2,1.154
84.18,32264.7,35233.3,1.0224,0.5725,122.8,81.2,1.154
84.2,32206.6,35044.2,0.7982,0.1077,122.8,81.2,1.154
84.22,32048.5,35120.1,0.1882,0.2945,122.8,81.2,1.154
84.24,32052.7,35063.6,0.2043,0.1555,122.8,81.2,1.154
84.26,31979.8,35055.8,-0.077,0.1364,122.8,81.2,1.154
84.28,31841.2,34946.1,-0.6116,-0.1332,122.8,81.2,1.154
84.3,31822.6,34766.5,-0.6835,-0.5746,122.8,81.2,1.154
84.32,31730.7,34680.5,-1.0383,-0.7859,122.8,81.2,1.154
84.34,31693.5,34661.1,-1.1815,-0.8337,122.8,81.2,1.154
84.36,31648.4,34738.5,-1.3556,-0.6434,122.8,81.2,1.154
84.38,31597.5,34729.0,-1.5521,-0.6668,122.8,81.2,1.154
84.4,31573.4,34663.4,-1.6453,-0.8281,122.8,81.2,1.154
84.42,31496.9,34582.3,-1.9402,-1.0273,122.8,81.2,1.154
84.44,31468.2,34471.1,-2.0512,-1.3007,122.8,81.2,1.154
84.46,31408.9,34369.8,-2.2798,-1.5496,122.8,81.2,1.154
84.48,31485.6,34533.2,-1.984,-1.1481,122.8,81.2,1.154
84.5,31719.1,34760.5,-1.0828,-0.5894,122.8,81.2,1.154
84.52,31958.1,34977.4,-0.1605,-0.0562,122.8,81.2,1.154
84.54,32370.0,35294.8,1.4288,0.7236,122.8,81.2,1.154
84.56,32668.9,35616.8,2.5821,1.5152,122.8,81.2,1.154
84.58,32829.5,35773.9,3.2018,1.9011,122.8,81.2,1.154
84.6,32751.9,35661.8,2.9026,1.6256,122.8,81.2,1.154
84.62,32712.8,35663.6,2.7517,1.6302,122.8,81.2,1.154
84.64,32462.6,35410.8,1.786,1.0088,122.8,81.2,1.154
84.66,32276.9,35305.4,1.0694,0.7497,122.8,81.2,1.154
84.68,32166.8,35115.7,0.6447,0.2836,122.8,81.2,1.154
84.7,32122.2,35182.6,0.4725,0.4481,122.8,81.2,1.154
84.72,32059.9,35073.9,0.2321,0.1809,122.8,81.2,1.154
84.74,32052.3,34943.2,0.2029,-0.1403,122.8,81.2,1.154
84.76,31922.0,34990.5,-0.3,-0.0242,122.8,81.2,1.154
84.78,31855.6,34780.7,-0.556,-0.5398,122.8,81.2,1.154
84.8,31742.6,34789.2,-0.9921,-0.519,122.8,81.2,1.154
84.82,31738.9,34607.6,-1.0067,-0.9652,122.8,81.2,1.154
84.84,31641.9,34693.4,-1.381,-0.7542,122.8,81.2,1.154
84.86,31696.3,34668.3,-1.1711,-0.8161,122.8,81.2,1.154
84.88,31646.6,34668.4,-1.3626,-0.8158,122.8,81.2,1.154
84.9,31535.6,34601.1,-1.7911,-0.9812,122.8,81.2,1.154
84.92,31384.7,34454.4,-2.3731,-1.3417,122.8,81.2,1.154
84.94,31438.0,34477.0,-2.1676,-1.286,122.8,81.2,1.154
84.96,31401.2,34464.3,-2.3096,-1.3174,122.8,81.2,1.154
84.98,31720.7,34555.3,-1.0767,-1.0936,122.8,81.2,1.154
85.0,32061.8,34913.0,0.2396,-0.2147,146.8,97.2,0.514
85.02,32266.8,35262.6,1.0305,0.6446,146.8,97.2,0.514
85.04,32333.6,35645.8,1.2885,1.5865,146.8,97.2,0.514
85.06,32332.8,35706.8,1.2852,1.7363,146.8,97.2,0.514
85.08,32328.7,35747.3,1.2696,1.8357,146.8,97.2,0.514
85.1,32257.7,35502.4,0.9956,1.234,146.8,97.2,0.514
85.12,32130.5,35364.7,0.5046,0.8954,146.8,97.2,0.514
85.14,32168.5,35177.8,0.6511,0.4362,146.8,97.2,0.514
85.16,31991.3,35063.8,-0.0326,0.1561,146.8,97.2,0.514
85.18,32078.6,35037.4,0.3042,0.091,146.8,97.2,0.514
85.2,32063.3,34874.4,0.2451,-0.3094,146.8,97.2,0.514
85.22,31936.2,34805.5,-0.2451,-0.4789,146.8,97.2,0.514
85.24,31863.6,34775.5,-0.5252,-0.5526,146.8,97.2,0.514
85.26,31851.3,34690.6,-0.5726,-0.7612,146.8,97.2,0.514
85.28,31892.0,34748.8,-0.4158,-0.6182,146.8,97.2,0.514
85.3,31914.2,34658.1,-0.3299,-0.8411,146.8,97.2,0.514
85.32,31825.2,34593.7,-0.6735,-0.9992,146.8,97.2,0.514
85.34,31765.6,34479.6,-0.9037,-1.2797,146.8,97.2,0.514
85.36,31760.3,34408.4,-0.924,-1.4547,146.8,97.2,0.514
85.38,31785.4,34512.3,-0.8271,-1.1993,146.8,97.2,0.514
85.4,31805.2,34826.4,-0.7505,-0.4274,146.8,97.2,0.514
85.42,32196.5,35179.4,0.7591,0.44,146.8,97.2,0.514
85.44,32261.8,35552.2,1.0113,1.3562,146.8,97.2,0.514
85.46,32334.9,35724.2,1.2932,1.7791,146.8,97.2,0.514
85.48,32304.1,35795.3,1.1744,1.9537,146.8,97.2,0.514
85.5,32330.3,35653.0,1.2755,1.6042,146.8,97.2,0.514
85.52,32192.2,35363.0,0.7425,0.8914,146.8,97.2,0.514
85.54,32187.7,35210.2,0.7254,0.5159,146.8,97.2,0.514
85.56,32073.5,35072.9,0.2846,0.1783,146.8,97.2,0.514
85.58,32062.2,35034.8,0.2411,0.0848,146.8,97.2,0.514
85.6,31971.8,34980.6,-0.108,-0.0485,146.8,97.2,0.514
85.62,31962.2,34831.4,-0.1449,-0.4151,146.8,97.2,0.514
85.64,31963.8,34781.7,-0.1388,-0.5373,146.8,97.2,0.514
85.66,31870.1,34730.6,-0.5004,-0.663,146.8,97.2,0.514
85.68,31880.0,34684.8,-0.4619,-0.7755,146.8,97.2,0.514
85.7,31904.6,34682.3,-0.3672,-0.7816,146.8,97.2,0.514
85.72,31875.2,34617.1,-0.4805,-0.9419,146.8,97.2,0.514
85.74,31758.1,34517.5,-0.9325,-1.1867,146.8,97.2,0.514
85.76,31669.9,34440.0,-1.2728,-1.377,146.8,97.2,0.514
85.78,31746.2,34417.7,-0.9784,-1.4319,146.8,97.2,0.514
85.8,31865.1,34577.6,-0.5197,-1.0389,146.8,97.2,0.514
85.82,32056.3,34980.1,0.2184,-0.0497,146.8,97.2,0.514
85.84,32309.4,35314.4,1.1949,0.7719,146.8,97.2,0.514
85.86,32322.5,35635.6,1.2454,1.5614,146.8,97.2,0.514
85.88,32387.4,35823.0,1.496,2.0218,146.8,97.2,0.514
85.9,32235.5,35704.3,0.9097,1.7301,146.8,97.2,0.514
85.92,32274.4,35462.2,1.0599,1.1352,146.8,97.2,0.514
85.94,32166.3,35213.0,0.6427,0.5227,146.8,97.2,0.514
85.96,32111.9,35118.7,0.4329,0.2909,146.8,97.2,0.514
85.98,32144.1,35062.2,0.5571,0.152,146.8,97.2,0.514
86.0,32028.9,35149.7,0.1127,0.3672,146.8,97.2,0.514
86.02,31906.9,34993.4,-0.3583,-0.0169,146.8,97.2,0.514
86.04,31878.8,34857.3,-0.4666,-0.3515,146.8,97.2,0.514
86.06,31821.3,34697.9,-0.6887,-0.7432,146.8,97.2,0.514
86.08,31799.5,34673.3,-0.7729,-0.8036,146.8,97.2,0.514
86.1,31826.7,34696.2,-0.6678,-0.7473,146.8,97.2,0.514
86.12,31831.8,34729.9,-0.6481,-0.6647,146.8,97.2,0.514
86.14,31809.4,34585.5,-0.7345,-1.0196,146.8,97.2,0.514
86.16,31845.9,34491.9,-0.5937,-1.2494,146.8,97.2,0.514
86.18,31763.9,34576.4,-0.9099,-1.0418,146.8,97.2,0.514
86.2,31841.7,34449.1,-0.6097,-1.3547,146.8,97.2,0.514
86.22,31932.8,34826.7,-0.2584,-0.4266,146.8,97.2,0.514
86.24,32038.7,35187.6,0.1505,0.4602,146.8,97.2,0.514
86.26,32217.8,35553.7,0.8416,1.3601,146.8,97.2,0.514
86.28,32428.2,35785.4,1.6535,1.9294,146.8,97.2,0.514
86.3,32397.5,35741.9,1.5351,1.8225,146.8,97.2,0.514
86.32,32255.5,35551.0,0.9868,1.3535,146.8,97.2,0.514
86.34,32234.5,35420.9,0.9061,1.0337,146.8,97.2,0.514
86.36,32108.9,35215.8,0.4214,0.5295,146.8,97.2,0.514
86.38,32037.2,35177.1,0.1445,0.4344,146.8,97.2,0.514
86.4,32041.8,35115.8,0.1623,0.2839,146.8,97.2,0.514
86.42,32030.6,34931.7,0.1192,-0.1687,146.8,97.2,0.514
86.44,32057.0,34877.5,0.2209,-0.3019,146.8,97.2,0.514
86.46,31869.8,34681.4,-0.5015,-0.7839,146.8,97.2,0.514
86.48,31848.8,34741.6,-0.5825,-0.6358,146.8,97.2,0.514
86.5,31748.6,34571.5,-0.969,-1.054,146.8,97.2,0.514
86.52,31947.2,34687.6,-0.2028,-0.7685,146.8,97.2,0.514
86.54,31746.0,34696.6,-0.9792,-0.7465,146.8,97.2,0.514
86.56,31865.0,34594.1,-0.5199,-0.9983,146.8,97.2,0.514
86.58,31681.6,34423.4,-1.2275,-1.4178,146.8,97.2,0.514
86.6,31739.3,34477.9,-1.0048,-1.2838,146.8,97.2,0.514
86.62,31846.8,34663.1,-0.59,-0.8289,146.8,97.2,0.514
86.64,32073.3,35059.7,0.2837,0.146,146.8,97.2,0.514
86.66,32158.0,35370.6,0.6107,0.9099,146.8,97.2,0.514
86.68,32383.4,35706.9,1.4804,1.7366,146.8,97.2,0.514
86.7,32316.5,35835.6,1.2225,2.0527,146.8,97.2,0.514
86.72,32364.2,35657.4,1.4063,1.6148,146.8,97.2,0.514
86.74,32251.3,35475.2,0.9706,1.1671,146.8,97.2,0.514
86.76,32070.1,35293.0,0.2717,0.7194,146.8,97.2,0.514
86.78,32101.5,35161.0,0.3926,0.3948,146.8,97.2,0.514
86.8,31958.3,35055.0,-0.1599,0.1344,146.8,97.2,0.514
86.82,32042.8,35030.9,0.1661,0.0751,146.8,97.2,0.514
86.84,32082.5,34961.0,0.3194,-0.0967,146.8,97.2,0.514
86.86,31950.3,34846.6,-0.1906,-0.3779,146.8,97.2,0.514
86.88,31929.4,34662.6,-0.2712,-0.83,146.8,97.2,0.514
86.9,31783.8,34649.2,-0.8331,-0.863,146.8,97.2,0.514
86.92,31905.0,34548.1,-0.3657,-1.1115,146.8,97.2,0.514
86.94,31779.1,34686.7,-0.8513,-0.7708,146.8,97.2,0.514
86.96,31777.4,34589.9,-0.8581,-1.0086,146.8,97.2,0.514
86.98,31711.4,34553.5,-1.1124,-1.0981,146.8,97.2,0.514
87.0,31739.1,34479.8,-1.0058,-1.2794,146.8,97.2,0.514
87.02,31759.1,34605.9,-0.9284,-0.9694,146.8,97.2,0.514
87.04,31942.6,34844.9,-0.2206,-0.3819,146.8,97.2,0.514
87.06,32179.1,35192.8,0.692,0.4731,146.8,97.2,0.514
87.08,32268.8,35525.6,1.0383,1.291,146.8,97.2,0.514
87.1,32340.2,35752.6,1.3138,1.8488,146.8,97.2,0.514
87.12,32403.6,35694.1,1.5585,1.705,146.8,97.2,0.514
87.14,32237.6,35596.8,0.9177,1.4659,146.8,97.2,0.514
87.16,32116.9,35345.8,0.4522,0.849,146.8,97.2,0.514
87.18,32088.4,35195.1,0.342,0.4786,146.8,97.2,0.514
87.2,32098.7,35076.3,0.382,0.1869,146.8,97.2,0.514
87.22,32041.5,35118.2,0.161,0.2898,146.8,97.2,0.514
87.24,32002.9,34983.8,0.0121,-0.0405,146.8,97.2,0.514
87.26,31988.2,34890.8,-0.0445,-0.2693,146.8,97.2,0.514
87.28,31828.9,34766.2,-0.6592,-0.5755,146.8,97.2,0.514
87.3,31791.5,34698.6,-0.8036,-0.7416,146.8,97.2,0.514
87.32,31811.1,34666.5,-0.7279,-0.8203,146.8,97.2,0.514
87.34,31756.5,34630.6,-0.9384,-0.9087,146.8,97.2,0.514
87.36,31895.2,34502.2,-0.4034,-1.2241,146.8,97.2,0.514
87.38,31810.0,34563.0,-0.7321,-1.0749,146.8,97.2,0.514
87.4,31708.0,34426.5,-1.1256,-1.4103,146.8,97.2,0.514
87.42,31743.2,34442.8,-0.9901,-1.3701,146.8,97.2,0.514
87.44,31913.1,34737.8,-0.3344,-0.6451,146.8,97.2,0.514
87.46,32103.8,35048.5,0.4015,0.1184,146.8,97.2,0.514
87.48,32297.9,35486.3,1.1508,1.1945,146.8,97.2,0.514
87.5,32373.0,35665.6,1.4402,1.635,146.8,97.2,0.514
87.52,32304.0,35763.7,1.174,1.8761,146.8,97.2,0.514
87.54,32231.4,35609.3,0.8941,1.4967,146.8,97.2,0.514
87.56,32156.1,35403.0,0.6034,0.9897,146.8,97.2,0.514
87.58,32048.1,35238.4,0.1865,0.585,146.8,97.2,0.514
87.6,32090.0,35107.8,0.3481,0.2641,146.8,97.2,0.514
87.62,32059.4,35038.3,0.2302,0.0934,146.8,97.2,0.514
87.64,32097.4,35068.4,0.3768,0.1673,146.8,97.2,0.514
87.66,31969.2,34925.5,-0.1178,-0.1838,146.8,97.2,0.514
87.68,31912.8,34874.1,-0.3356,-0.3103,146.8,97.2,0.514
87.7,31939.7,34667.5,-0.2318,-0.8179,146.8,97.2,0.514
87.72,31889.4,34690.8,-0.4256,-0.7606,146.8,97.2,0.514
87.74,31882.6,34633.8,-0.4519,-0.9008,146.8,97.2,0.514
87.76,31774.0,34591.4,-0.871,-1.005,146.8,97.2,0.514
87.78,31820.2,34582.6,-0.693,-1.0267,146.8,97.2,0.514
87.8,31774.2,34547.3,-0.8703,-1.1134,146.8,97.2,0.514
87.82,31800.3,34504.6,-0.7696,-1.2182,146.8,97.2,0.514
87.84,31798.4,34631.0,-0.7771,-0.9076,146.8,97.2,0.514
87.86,32010.7,34901.3,0.0423,-0.2434,146.8,97.2,0.514
87.88,32110.0,35390.1,0.4254,0.9579,146.8,97.2,0.514
87.9,32204.0,35600.0,0.7882,1.4739,146.8,97.2,0.514
87.92,32456.5,35664.6,1.7626,1.6326,146.8,97.2,0.514
87.94,32236.7,35664.4,0.9145,1.632,146.8,97.2,0.514
87.96,32217.6,35478.5,0.8409,1.1753,146.8,97.2,0.514
87.98,32141.0,35278.4,0.5452,0.6835,146.8,97.2,0.514
88.0,32034.9,35120.6,0.1355,0.2955,146.8,97.2,0.514
88.02,32027.8,35110.7,0.1082,0.2713,146.8,97.2,0.514
88.04,32098.7,35032.9,0.3819,0.0802,146.8,97.2,0.514
88.06,32015.0,35008.2,0.0587,0.0193,146.8,97.2,0.514
88.08,31904.0,34834.4,-0.3696,-0.4078,146.8,97.2,0.514
88.1,31964.3,34844.1,-0.1368,-0.384,146.8,97.2,0.514
88.12,31829.1,34745.1,-0.6586,-0.6274,146.8,97.2,0.514
88.14,31849.8,34675.8,-0.5787,-0.7976,146.8,97.2,0.514
88.16,31823.4,34638.1,-0.6803,-0.8901,146.8,97.2,0.514
88.18,31837.8,34616.0,-0.6248,-0.9447,146.8,97.2,0.514
88.2,31788.0,34440.5,-0.817,-1.376,146.8,97.2,0.514
88.22,31742.1,34435.7,-0.9941,-1.3876,146.8,97.2,0.514
88.24,31781.5,34493.2,-0.8422,-1.2463,146.8,97.2,0.514
88.26,31940.8,34862.2,-0.2276,-0.3394,146.8,97.2,0.514
88.28,32056.3,35101.2,0.2185,0.248,146.8,97.2,0.514
88.3,32200.3,35497.4,0.7738,1.2217,146.8,97.2,0.514
88.32,32227.4,35664.3,0.8787,1.6319,146.8,97.2,0.514
88.34,32397.4,35659.6,1.5346,1.6203,146.8,97.2,0.514
88.36,32312.9,35656.8,1.2083,1.6133,146.8,97.2,0.514
88.38,32200.6,35374.7,0.775,0.92,146.8,97.2,0.514
88.4,32197.7,35259.6,0.7641,0.6372,146.8,97.2,0.514
88.42,32026.3,35171.7,0.1025,0.4212,146.8,97.2,0.514
88.44,32017.8,34928.6,0.0698,-0.1763,146.8,97.2,0.514
88.46,32053.4,35076.9,0.207,0.1882,146.8,97.2,0.514
88.48,31980.6,34955.9,-0.0737,-0.1093,146.8,97.2,0.514
88.5,31880.7,34834.0,-0.4592,-0.4089,146.8,97.2,0.514
88.52,31811.6,34605.2,-0.7258,-0.9712,146.8,97.2,0.514
88.54,31790.1,34680.2,-0.8091,-0.7868,146.8,97.2,0.514
88.56,31886.6,34618.6,-0.4368,-0.9382,146.8,97.2,0.514
88.58,31842.9,34605.4,-0.6052,-0.9706,146.8,97.2,0.514
88.6,31775.2,34611.5,-0.8663,-0.9556,146.8,97.2,0.514
88.62,31855.1,34497.2,-0.5581,-1.2366,146.8,97.2,0.514
88.64,31734.6,34468.7,-1.023,-1.3066,146.8,97.2,0.514
88.66,31890.5,34627.1,-0.4216,-0.9174,146.8,97.2,0.514
88.68,31967.7,34933.0,-0.1237,-0.1654,146.8,97.2,0.514
88.7,32086.0,35304.2,0.3331,0.7468,146.8,97.2,0.514
88.72,32351.1,35605.5,1.3558,1.4873,146.8,97.2,0.514
88.74,32294.4,35728.2,1.1372,1.7888,146.8,97.2,0.514
88.76,32300.2,35673.0,1.1594,1.6532,146.8,97.2,0.514
88.78,32177.5,35402.4,0.6858,0.9882,146.8,97.2,0.514
88.8,32181.5,35271.7,0.7015,0.667,146.8,97.2,0.514
88.82,32080.6,35227.8,0.3119,0.559,146.8,97.2,0.514
88.84,32094.2,35137.9,0.3644,0.3382,146.8,97.2,0.514
88.86,32016.6,35124.0,0.065,0.304,146.8,97.2,0.514
88.88,31935.6,35002.8,-0.2473,0.0062,146.8,97.2,0.514
88.9,32002.8,34824.0,0.0118,-0.4333,146.8,97.2,0.514
88.92,31921.1,34724.8,-0.3036,-0.6772,146.8,97.2,0.514
88.94,31839.0,34703.5,-0.6203,-0.7295,146.8,97.2,0.514
88.96,31936.7,34706.6,-0.2431,-0.722,146.8,97.2,0.514
88.98,31902.2,34656.0,-0.3762,-0.8462,146.8,97.2,0.514
89.0,31862.5,34699.8,-0.5295,-0.7386,146.8,97.2,0.514
89.02,31695.1,34496.1,-1.1757,-1.2391,146.8,97.2,0.514
89.04,31737.6,34449.6,-1.0115,-1.3535,146.8,97.2,0.514
89.06,31778.2,34454.6,-0.8549,-1.3413,146.8,97.2,0.514
89.08,31895.1,34767.9,-0.4038,-0.5713,146.8,97.2,0.514
89.1,32066.7,35230.3,0.2586,0.5651,146.8,97.2,0.514
89.12,32221.0,35535.9,0.8538,1.3163,146.8,97.2,0.514
89.14,32342.4,35782.0,1.3222,1.9212,146.8,97.2,0.514
89.16,32363.4,35689.5,1.4032,1.6937,146.8,97.2,0.514
89.18,32233.8,35606.7,0.9032,1.4903,146.8,97.2,0.514
89.2,32200.3,35399.6,0.7739,0.9813,146.8,97.2,0.514
89.22,32092.1,35175.0,0.3563,0.4294,146.8,97.2,0.514
89.24,31983.9,35114.4,-0.061,0.2804,146.8,97.2,0.514
89.26,31997.5,35141.9,-0.0085,0.3478,146.8,97.2,0.514
89.28,31971.5,34849.4,-0.109,-0.3708,146.8,97.2,0.514
89.3,31906.6,34972.2,-0.3595,-0.0691,146.8,97.2,0.514
89.32,31904.6,34776.6,-0.3671,-0.5499,146.8,97.2,0.514
89.34,31843.0,34720.6,-0.6049,-0.6874,146.8,97.2,0.514
89.36,31922.4,34669.5,-0.2984,-0.8129,146.8,97.2,0.514
89.38,31859.1,34634.9,-0.5425,-0.8981,146.8,97.2,0.514
89.4,31737.4,34551.8,-1.0124,-1.1022,146.8,97.2,0.514
89.42,31749.0,34394.0,-0.9675,-1.49,146.8,97.2,0.514
89.44,31707.3,34538.9,-1.1286,-1.1341,146.8,97.2,0.514
89.46,31729.0,34480.9,-1.0447,-1.2765,146.8,97.2,0.514
89.48,31869.5,34669.3,-0.5025,-0.8136,146.8,97.2,0.514
89.5,32073.5,35014.5,0.2847,0.0348,146.8,97.2,0.514
89.52,32263.5,35395.8,1.0178,0.9719,146.8,97.2,0.514
89.54,32294.5,35749.0,1.1375,1.8401,146.8,97.2,0.514
89.56,32320.4,35758.7,1.2375,1.8639,146.8,97.2,0.514
89.58,32259.1,35705.1,1.0008,1.7322,146.8,97.2,0.514
89.6,32195.3,35404.0,0.7545,0.9921,146.8,97.2,0.514
89.62,32059.9,35245.2,0.2322,0.6019,146.8,97.2,0.514
89.64,31998.6,35115.2,-0.0044,0.2823,146.8,97.2,0.514
89.66,32057.8,35039.4,0.2242,0.096,146.8,97.2,0.514
89.68,32051.6,35083.8,0.2001,0.2052,146.8,97.2,0.514
89.7,31912.1,34972.1,-0.3382,-0.0693,146.8,97.2,0.514
89.72,31936.2,34793.4,-0.2451,-0.5086,146.8,97.2,0.514
89.74,31814.8,34743.9,-0.7136,-0.6303,146.8,97.2,0.514
89.76,31918.1,34738.3,-0.315,-0.6441,146.8,97.2,0.514
89.78,31811.0,34715.9,-0.7284,-0.6989,146.8,97.2,0.514
89.8,31847.3,34600.3,-0.5883,-0.9831,146.8,97.2,0.514
89.82,31888.8,34577.3,-0.4281,-1.0397,146.8,97.2,0.514
89.84,31771.4,34543.8,-0.8812,-1.1219,146.8,97.2,0.514
89.86,31792.7,34426.5,-0.7988,-1.4104,146.8,97.2,0.514
89.88,31844.7,34659.1,-0.5983,-0.8386,146.8,97.2,0.514
89.9,31868.4,34804.7,-0.5068,-0.4807,146.8,97.2,0.514
89.92,32117.6,35277.3,0.4547,0.6807,146.8,97.2,0.514
89.94,32228.3,35576.5,0.8821,1.416,146.8,97.2,0.514
89.96,32301.4,35755.0,1.1641,1.8548,146.8,97.2,0.514
89.98,32346.3,35738.1,1.3375,1.8133,146.8,97.2,0.514
90.0,32231.7,35525.0,0.8951,1.2895,146.8,97.2,0.514
90.02,32127.5,35360.7,0.4929,0.8856,146.8,97.2,0.514
90.04,32046.2,35198.4,0.1794,0.4869,146.8,97.2,0.514
90.06,32051.6,35149.4,0.2,0.3664,146.8,97.2,0.514
90.08,32062.2,35002.1,0.2409,0.0043,146.8,97.2,0.514
90.1,31988.4,34966.7,-0.0439,-0.0825,146.8,97.2,0.514
90.12,31887.8,34924.6,-0.432,-0.186,146.8,97.2,0.514
90.14,31970.7,34768.7,-0.1121,-0.5693,146.8,97.2,0.514
90.16,31846.5,34732.2,-0.5913,-0.659,146.8,97.2,0.514
90.18,31857.6,34713.2,-0.5483,-0.7058,146.8,97.2,0.514
90.2,31751.2,34667.1,-0.9589,-0.819,146.8,97.2,0.514
90.22,31722.4,34570.9,-1.0702,-1.0553,146.8,97.2,0.514
90.24,31779.8,34560.5,-0.8488,-1.081,146.8,97.2,0.514
90.26,31682.8,34477.3,-1.2231,-1.2855,146.8,97.2,0.514
90.28,31797.0,34477.1,-0.7823,-1.286,146.8,97.2,0.514
90.3,31856.0,34764.7,-0.5547,-0.5792,146.8,97.2,0.514
90.32,32052.4,35008.7,0.2032,0.0206,146.8,97.2,0.514
90.34,32213.4,35434.2,0.8245,1.0662,146.8,97.2,0.514
90.36,32336.0,35730.7,1.2975,1.7949,146.8,97.2,0.514
90.38,32287.3,35707.3,1.1098,1.7375,146.8,97.2,0.514
90.4,32266.0,35684.1,1.0276,1.6805,146.8,97.2,0.514
90.42,32181.2,35391.2,0.7003,0.9607,146.8,97.2,0.514
90.44,32111.5,35321.7,0.4312,0.7897,146.8,97.2,0.514
90.46,32146.8,35056.6,0.5676,0.1382,146.8,97.2,0.514
90.48,32071.5,35137.7,0.2769,0.3376,146.8,97.2,0.514
90.5,31960.7,35038.7,-0.1506,0.0942,146.8,97.2,0.514
90.52,32018.9,34967.8,0.0741,-0.0798,146.8,97.2,0.514
90.54,31947.7,34793.8,-0.2008,-0.5076,146.8,97.2,0.514
90.56,31844.7,34677.1,-0.5981,-0.7943,146.8,97.2,0.514
90.58,31933.8,34638.8,-0.2544,-0.8884,146.8,97.2,0.514
90.6,31833.6,34774.5,-0.641,-0.5551,146.8,97.2,0.514
90.62,31733.4,34697.3,-1.0279,-0.7447,146.8,97.2,0.514
90.64,31755.7,34606.7,-0.9417,-0.9673,146.8,97.2,0.514
90.66,31685.3,34516.8,-1.2133,-1.1884,146.8,97.2,0.514
90.68,31751.3,34509.3,-0.9588,-1.2067,146.8,97.2,0.514
90.7,31842.7,34629.1,-0.6059,-0.9122,146.8,97.2,0.514
90.72,31934.7,34813.6,-0.251,-0.4588,146.8,97.2,0.514
90.74,32088.8,35261.6,0.3439,0.6421,146.8,97.2,0.514
90.76,32278.6,35615.8,1.076,1.5127,146.8,97.2,0.514
90.78,32379.8,35717.0,1.4665,1.7613,146.8,97.2,0.514
90.8,32227.4,35731.7,0.8786,1.7975,146.8,97.2,0.514
90.82,32233.6,35581.7,0.9025,1.4289,146.8,97.2,0.514
90.84,32188.8,35271.4,0.7297,0.6663,146.8,97.2,0.514
90.86,32175.3,35170.6,0.6775,0.4184,146.8,97.2,0.514
90.88,32033.2,35122.0,0.1293,0.2991,146.8,97.2,0.514
90.9,31992.1,35071.7,-0.0296,0.1754,146.8,97.2,0.514
90.92,31906.5,34912.4,-0.3597,-0.216,146.8,97.2,0.514
90.94,31970.6,34858.9,-0.1124,-0.3477,146.8,97.2,0.514
90.96,31968.3,34693.7,-0.1212,-0.7537,146.8,97.2,0.514
90.98,31852.5,34543.2,-0.5682,-1.1235,146.8,97.2,0.514
91.0,31825.8,34674.0,-0.6711,-0.802,146.8,97.2,0.514
91.02,31744.8,34708.6,-0.9836,-0.717,146.8,97.2,0.514
91.04,31750.3,34463.7,-0.9626,-1.3189,146.8,97.2,0.514
91.06,31742.7,34644.8,-0.9917,-0.8738,146.8,97.2,0.514
91.08,31826.6,34559.0,-0.668,-1.0847,146.8,97.2,0.514
91.1,31792.0,34420.2,-0.8016,-1.4258,146.8,97.2,0.514
91.12,31867.3,34743.3,-0.5112,-0.6317,146.8,97.2,0.514
91.14,31966.7,35112.7,-0.1274,0.2762,146.8,97.2,0.514
91.16,32183.4,35509.5,0.7086,1.2513,146.8,97.2,0.514
91.18,32311.3,35828.6,1.2022,2.0356,146.8,97.2,0.514
91.2,32417.1,35703.0,1.6105,1.7271,146.8,97.2,0.514
91.22,32222.1,35629.9,0.8579,1.5474,146.8,97.2,0.514
91.24,32131.6,35429.1,0.5087,1.0539,146.8,97.2,0.514
91.26,32142.6,35240.5,0.5512,0.5902,146.8,97.2,0.514
91.28,32062.7,35164.4,0.2428,0.4033,146.8,97.2,0.514
91.3,32144.8,35105.5,0.5597,0.2584,146.8,97.2,0.514
91.32,32139.4,35119.5,0.5389,0.293,146.8,97.2,0.514
91.34,31962.9,34959.4,-0.1422,-0.1005,146.8,97.2,0.514
91.36,31897.0,34809.9,-0.3966,-0.468,146.8,97.2,0.514
91.38,31887.2,34736.9,-0.4344,-0.6474,146.8,97.2,0.514
91.4,31828.9,34715.1,-0.6593,-0.701,146.8,97.2,0.514
91.42,31866.4,34639.9,-0.5144,-0.8858,146.8,97.2,0.514
91.44,31831.8,34643.9,-0.648,-0.8759,146.8,97.2,0.514
91.46,31834.0,34615.6,-0.6395,-0.9456,146.8,97.2,0.514
91.48,31748.4,34417.8,-0.9699,-1.4317,146.8,97.2,0.514
91.5,31765.4,34487.7,-0.9043,-1.2598,146.8,97.2,0.514
91.52,31860.8,34657.9,-0.536,-0.8416,146.8,97.2,0.514
91.54,32015.3,34910.6,0.0602,-0.2205,146.8,97.2,0.514
91.56,32128.5,35447.7,0.497,1.0994,146.8,97.2,0.514
91.58,32268.6,35697.3,1.0374,1.7131,146.8,97.2,0.514
91.6,32313.9,35778.7,1.2122,1.913,146.8,97.2,0.514
91.62,32298.0,35669.8,1.1509,1.6455,146.8,97.2,0.514
91.64,32356.6,35464.8,1.377,1.1416,146.8,97.2,0.514
91.66,32144.7,35322.5,0.5595,0.7917,146.8,97.2,0.514
91.68,32024.5,35227.2,0.0955,0.5576,146.8,97.2,0.514
91.7,31999.3,35121.2,-0.0016,0.2972,146.8,97.2,0.514
91.72,32054.2,35086.1,0.2103,0.2107,146.8,97.2,0.514
91.74,32016.1,34950.8,0.0631,-0.1218,146.8,97.2,0.514
91.76,32012.3,34820.5,0.0485,-0.442,146.8,97.2,0.514
91.78,31849.1,34847.6,-0.5814,-0.3754,146.8,97.2,0.514
91.8,31796.2,34638.4,-0.7855,-0.8894,146.8,97.2,0.514
91.82,31806.5,34756.0,-0.7458,-0.6006,146.8,97.2,0.514
91.84,31816.8,34636.6,-0.7058,-0.894,146.8,97.2,0.514
91.86,31839.9,34539.3,-0.6169,-1.133,146.8,97.2,0.514
91.88,31828.0,34536.3,-0.6628,-1.1405,146.8,97.2,0.514
91.9,31776.7,34435.0,-0.8606,-1.3894,146.8,97.2,0.514
91.92,31847.5,34560.0,-0.5875,-1.0821,146.8,97.2,0.514
91.94,31963.9,34772.0,-0.1384,-0.5612,146.8,97.2,0.514
91.96,32192.7,35239.0,0.7446,0.5866,146.8,97.2,0.514
91.98,32252.1,35593.7,0.9739,1.4583,146.8,97.2,0.514
92.0,32400.2,35757.0,1.5452,1.8597,146.8,97.2,0.514
92.02,32376.8,35765.1,1.4552,1.8795,146.8,97.2,0.514
92.04,32310.5,35669.4,1.1991,1.6443,146.8,97.2,0.514
92.06,32218.4,35331.0,0.8439,0.8128,146.8,97.2,0.514
92.08,32175.8,35171.8,0.6794,0.4215,146.8,97.2,0.514
92.1,32032.2,35132.2,0.1254,0.3241,146.8,97.2,0.514
92.12,31989.5,34981.5,-0.0394,-0.0462,146.8,97.2,0.514
92.14,31989.9,34995.1,-0.038,-0.0129,146.8,97.2,0.514
92.16,31969.6,35038.3,-0.1163,0.0933,146.8,97.2,0.514
92.18,31900.3,34824.4,-0.3835,-0.4323,146.8,97.2,0.514
92.2,31781.2,34707.0,-0.8433,-0.7209,146.8,97.2,0.514
92.22,31894.1,34760.1,-0.4076,-0.5904,146.8,97.2,0.514
92.24,31844.2,34697.9,-0.6003,-0.7432,146.8,97.2,0.514
92.26,31747.6,34586.3,-0.973,-1.0177,146.8,97.2,0.514
92.28,31718.2,34573.8,-1.0863,-1.0483,146.8,97.2,0.514
92.3,31786.8,34407.7,-0.8215,-1.4565,146.8,97.2,0.514
92.32,31753.1,34494.4,-0.9519,-1.2435,146.8,97.2,0.514
92.34,31903.3,34745.8,-0.3723,-0.6256,146.8,97.2,0.514
92.36,31892.8,35087.7,-0.4126,0.2148,146.8,97.2,0.514
92.38,32157.3,35310.7,0.6081,0.7627,146.8,97.2,0.514
92.4,32353.4,35685.6,1.3649,1.6843,146.8,97.2,0.514
92.42,32370.6,35737.4,1.4311,1.8116,146.8,97.2,0.514
92.44,32255.2,35658.9,0.9858,1.6186,146.8,97.2,0.514
92.46,32139.7,35480.7,0.5399,1.1807,146.8,97.2,0.514
92.48,32092.3,35304.9,0.3573,0.7486,146.8,97.2,0.514
92.5,32156.1,35197.1,0.6035,0.4837,146.8,97.2,0.514
92.52,32059.2,35129.5,0.2294,0.3174,146.8,97.2,0.514
92.54,32127.3,35016.4,0.4923,0.0395,146.8,97.2,0.514
92.56,31949.6,35014.6,-0.1934,0.0352,146.8,97.2,0.514
92.58,31978.4,34804.7,-0.0824,-0.4808,146.8,97.2,0.514
92.6,31837.2,34745.4,-0.6273,-0.6265,146.8,97.2,0.514
92.62,31872.0,34677.6,-0.4929,-0.7931,146.8,97.2,0.514
92.64,31857.2,34637.3,-0.5502,-0.8922,146.8,97.2,0.514
92.66,31851.0,34634.2,-0.574,-0.8998,146.8,97.2,0.514
92.68,31840.5,34510.3,-0.6144,-1.2043,146.8,97.2,0.514
92.7,31734.1,34528.0,-1.025,-1.1607,146.8,97.2,0.514
92.72,31733.5,34553.2,-1.0273,-1.0989,146.8,97.2,0.514
92.74,31686.0,34577.3,-1.2108,-1.0396,146.8,97.2,0.514
92.76,31893.2,34870.8,-0.411,-0.3183,146.8,97.2,0.514
92.78,32104.1,35176.9,0.4027,0.4339,146.8,97.2,0.514
92.8,32228.5,35572.0,0.8827,1.4051,146.8,97.2,0.514
92.82,32346.5,35713.3,1.3381,1.7522,146.8,97.2,0.514
92.84,32334.3,35756.0,1.291,1.8573,146.8,97.2,0.514
92.86,32330.2,35657.0,1.2754,1.6139,146.8,97.2,0.514
92.88,32179.0,35391.2,0.6917,0.9606,146.8,97.2,0.514
92.9,32093.9,35187.1,0.3634,0.4591,146.8,97.2,0.514
92.92,32055.1,35177.5,0.2138,0.4355,146.8,97.2,0.514
92.94,32032.2,34981.5,0.1252,-0.0462,146.8,97.2,0.514
92.96,31968.9,35015.9,-0.1189,0.0383,146.8,97.2,0.514
92.98,31986.7,34907.7,-0.0505,-0.2277,146.8,97.2,0.514
93.0,31910.7,34741.1,-0.3434,-0.6371,146.8,97.2,0.514
93.02,31890.8,34759.3,-0.4204,-0.5923,146.8,97.2,0.514
93.04,31881.7,34604.4,-0.4556,-0.9729,146.8,97.2,0.514
93.06,31878.9,34768.6,-0.4662,-0.5696,146.8,97.2,0.514
93.08,31865.4,34610.4,-0.5184,-0.9584,146.8,97.2,0.514
93.1,31727.3,34536.5,-1.0512,-1.1398,146.8,97.2,0.514
93.12,31722.4,34520.7,-1.07,-1.1787,146.8,97.2,0.514
93.14,31870.2,34397.1,-0.4997,-1.4825,146.8,97.2,0.514
93.16,31871.8,34828.3,-0.4937,-0.4228,146.8,97.2,0.514
93.18,32081.7,35049.5,0.3163,0.1209,146.8,97.2,0.514
93.2,32168.7,35483.7,0.652,1.1881,146.8,97.2,0.514
93.22,32376.6,35751.9,1.4542,1.8472,146.8,97.2,0.514
93.24,32314.9,35783.1,1.2162,1.9239,146.8,97.2,0.514
93.26,32316.4,35733.4,1.2221,1.8016,146.8,97.2,0.514
93.28,32265.7,35422.1,1.0264,1.0367,146.8,97.2,0.514
93.3,32098.9,35298.7,0.3826,0.7334,146.8,97.2,0.514
93.32,32027.7,35129.8,0.108,0.3182,146.8,97.2,0.514
93.34,32066.1,35010.2,0.2561,0.0243,146.8,97.2,0.514
93.36,32010.0,34942.8,0.0395,-0.1414,146.8,97.2,0.514
93.38,32013.2,34941.6,0.0521,-0.1444,146.8,97.2,0.514
93.4,31967.3,34885.1,-0.1252,-0.2831,146.8,97.2,0.514
93.42,31840.2,34735.1,-0.6155,-0.6518,146.8,97.2,0.514
93.44,31898.3,34617.7,-0.3914,-0.9404,146.8,97.2,0.514
93.46,31830.5,34653.1,-0.653,-0.8534,146.8,97.2,0.514
93.48,31737.7,34635.3,-1.0112,-0.8971,146.8,97.2,0.514
93.5,31821.9,34544.3,-0.6861,-1.1208,146.8,97.2,0.514
93.52,31761.1,34553.3,-0.921,-1.0987,146.8,97.2,0.514
93.54,31611.9,34508.6,-1.4967,-1.2084,146.8,97.2,0.514
93.56,31845.0,34633.0,-0.5972,-0.9027,146.8,97.2,0.514
93.58,31877.8,34841.2,-0.4704,-0.3912,146.8,97.2,0.514
93.6,32059.5,35206.5,0.2307,0.5067,146.8,97.2,0.514
93.62,32245.8,35643.7,0.9494,1.5812,146.8,97.2,0.514
93.64,32401.6,35767.7,1.5507,1.886,146.8,97.2,0.514
93.66,32419.9,35739.4,1.6213,1.8163,146.8,97.2,0.514
93.68,32286.6,35495.8,1.1071,1.2177,146.8,97.2,0.514
93.7,32156.9,35382.3,0.6063,0.9388,146.8,97.2,0.514
93.72,32074.6,35143.8,0.289,0.3527,146.8,97.2,0.514
93.74,31961.5,35092.3,-0.1475,0.2261,146.8,97.2,0.514
93.76,32100.1,35041.1,0.3874,0.1003,146.8,97.2,0.514
93.78,31936.9,34955.1,-0.2424,-0.1111,146.8,97.2,0.514
93.8,31926.6,34805.7,-0.2821,-0.4784,146.8,97.2,0.514
93.82,31834.3,34870.7,-0.6384,-0.3187,146.8,97.2,0.514
93.84,31846.5,34625.3,-0.5913,-0.9218,146.8,97.2,0.514
93.86,31822.2,34652.3,-0.685,-0.8553,146.8,97.2,0.514
93.88,31872.4,34568.5,-0.4915,-1.0612,146.8,97.2,0.514
93.9,31810.5,34529.7,-0.7301,-1.1567,146.8,97.2,0.514
93.92,31880.3,34512.4,-0.461,-1.199,146.8,97.2,0.514
93.94,31728.7,34499.0,-1.0459,-1.2321,146.8,97.2,0.514
93.96,31789.4,34570.9,-0.8115,-1.0553,146.8,97.2,0.514
93.98,31864.8,34774.4,-0.5207,-0.5551,146.8,97.2,0.514
94.0,32137.4,35084.1,0.5313,0.2058,146.8,97.2,0.514
94.02,32254.0,35455.3,0.9811,1.1182,146.8,97.2,0.514
94.04,32336.4,35701.8,1.2992,1.7239,146.8,97.2,0.514
94.06,32291.3,35744.7,1.1252,1.8293,146.8,97.2,0.514
94.08,32190.4,35575.3,0.7359,1.4131,146.8,97.2,0.514
94.1,32261.5,35457.0,1.0101,1.1225,146.8,97.2,0.514
94.12,32211.8,35358.5,0.8183,0.8802,146.8,97.2,0.514
94.14,32085.7,35161.1,0.3316,0.395,146.8,97.2,0.514
94.16,31982.7,35063.9,-0.0657,0.1563,146.8,97.2,0.514
94.18,32045.1,35006.1,0.175,0.0141,146.8,97.2,0.514
94.2,32051.7,34934.0,0.2006,-0.1631,146.8,97.2,0.514
94.22,31932.1,34824.0,-0.2612,-0.4334,146.8,97.2,0.514
94.24,31866.2,34737.6,-0.5153,-0.6457,146.8,97.2,0.514
94.26,31777.3,34547.9,-0.8584,-1.1119,146.8,97.2,0.514
94.28,31819.3,34538.2,-0.6965,-1.1358,146.8,97.2,0.514
94.3,31891.5,34638.4,-0.4177,-0.8895,146.8,97.2,0.514
94.32,31843.0,34636.7,-0.6047,-0.8936,146.8,97.2,0.514
94.34,31732.9,34491.1,-1.0298,-1.2516,146.8,97.2,0.514
94.36,31710.2,34520.8,-1.1173,-1.1786,146.8,97.2,0.514
94.38,31825.2,34630.5,-0.6735,-0.909,146.8,97.2,0.514
94.4,31986.1,34938.9,-0.0526,-0.1509,146.8,97.2,0.514
94.42,32119.0,35292.1,0.4603,0.7171,146.8,97.2,0.514
94.44,32273.4,35589.5,1.0562,1.4481,146.8,97.2,0.514
94.46,32338.9,35825.5,1.3086,2.028,146.8,97.2,0.514
94.48,32207.6,35702.5,0.8022,1.7257,146.8,97.2,0.514
94.5,32285.9,35559.4,1.1044,1.374,146.8,97.2,0.514
94.52,32124.7,35310.5,0.4821,0.7622,146.8,97.2,0.514
94.54,32099.3,35170.0,0.3842,0.4169,146.8,97.2,0.514
94.56,32101.9,35049.8,0.3941,0.1216,146.8,97.2,0.514
94.58,32015.0,35109.7,0.059,0.2689,146.8,97.2,0.514
94.6,32008.6,35013.3,0.0343,0.032,146.8,97.2,0.514
94.62,31861.0,34878.1,-0.5352,-0.3004,146.8,97.2,0.514
94.64,31903.7,34724.4,-0.3707,-0.6782,146.8,97.2,0.514
94.66,31846.0,34730.4,-0.5934,-0.6634,146.8,97.2,0.514
94.68,31911.0,34685.8,-0.3426,-0.773,146.8,97.2,0.514
94.7,31902.2,34613.4,-0.3763,-0.951,146.8,97.2,0.514
94.72,31695.2,34553.3,-1.1751,-1.0986,146.8,97.2,0.514
94.74,31776.0,34585.5,-0.8635,-1.0195,146.8,97.2,0.514
94.76,31694.5,34473.9,-1.1778,-1.2937,146.8,97.2,0.514
94.78,31826.5,34477.1,-0.6684,-1.2858,146.8,97.2,0.514
94.8,31819.6,34802.1,-0.695,-0.4871,146.8,97.2,0.514
94.82,32070.9,35095.7,0.2745,0.2345,146.8,97.2,0.514
94.84,32271.2,35579.6,1.0474,1.4237,146.8,97.2,0.514
94.86,32347.6,35704.9,1.3425,1.7317,146.8,97.2,0.514
94.88,32265.5,35706.9,1.0256,1.7366,146.8,97.2,0.514
94.9,32362.7,35604.1,1.4008,1.4838,146.8,97.2,0.514
94.92,32195.7,35407.2,0.7562,1.0,146.8,97.2,0.514
94.94,32140.6,35309.0,0.5436,0.7586,146.8,97.2,0.514
94.96,32108.5,35184.1,0.4197,0.4516,146.8,97.2,0.514
94.98,32062.6,35111.4,0.2426,0.273,146.8,97.2,0.514
95.0,32040.3,34936.6,0.1564,-0.1565,146.8,97.2,0.514
95.02,31901.5,34872.4,-0.379,-0.3143,146.8,97.2,0.514
95.04,31939.8,34700.7,-0.2314,-0.7363,146.8,97.2,0.514
95.06,31817.9,34639.2,-0.7017,-0.8874,146.8,97.2,0.514
95.08,31725.8,34634.2,-1.0571,-0.8998,146.8,97.2,0.514
95.1,31773.7,34634.2,-0.8722,-0.8998,146.8,97.2,0.514
95.12,31846.3,34598.4,-0.5921,-0.9879,146.8,97.2,0.514
95.14,31717.3,34522.3,-1.0897,-1.1747,146.8,97.2,0.514
95.16,31731.4,34448.5,-1.0355,-1.3561,146.8,97.2,0.514
95.18,31743.7,34430.1,-0.9881,-1.4013,146.8,97.2,0.514
95.2,31870.4,34591.0,-0.4992,-1.0059,146.8,97.2,0.514
95.22,31993.5,34877.5,-0.0241,-0.3018,146.8,97.2,0.514
95.24,32168.3,35390.2,0.6506,0.9582,146.8,97.2,0.514
95.26,32328.7,35637.7,1.2694,1.5665,146.8,97.2,0.514
95.28,32313.1,35701.8,1.2094,1.7241,146.8,97.2,0.514
95.3,32280.6,35658.1,1.084,1.6167,146.8,97.2,0.514
95.32,32214.6,35463.9,0.8293,1.1394,146.8,97.2,0.514
95.34,32066.7,35254.9,0.2585,0.6256,146.8,97.2,0.514
95.36,32050.4,35203.7,0.1956,0.4997,146.8,97.2,0.514
95.38,31977.3,35155.7,-0.0866,0.382,146.8,97.2,0.514
95.4,32031.6,35072.5,0.1229,0.1775,146.8,97.2,0.514
95.42,31973.2,34992.1,-0.1023,-0.0201,146.8,97.2,0.514
95.44,31928.9,34859.0,-0.2733,-0.3473,146.8,97.2,0.514
95.46,31880.7,34716.7,-0.4593,-0.697,146.8,97.2,0.514
95.48,31821.9,34665.9,-0.6862,-0.8219,146.8,97.2,0.514
95.5,31880.7,34619.1,-0.4594,-0.937,146.8,97.2,0.514
95.52,31859.7,34614.7,-0.5402,-0.9478,146.8,97.2,0.514
95.54,31766.5,34575.0,-0.8999,-1.0453,146.8,97.2,0.514
95.56,31793.1,34481.6,-0.7974,-1.2748,146.8,97.2,0.514
95.58,31704.9,34454.2,-1.1379,-1.3421,146.8,97.2,0.514
95.6,31841.9,34502.7,-0.6092,-1.223,146.8,97.2,0.514
95.62,31856.6,34849.0,-0.5524,-0.372,146.8,97.2,0.514
95.64,32033.5,35245.0,0.1302,0.6014,146.8,97.2,0.514
95.66,32181.3,35488.6,0.7006,1.2001,146.8,97.2,0.514
95.68,32439.6,35688.3,1.6975,1.6909,146.8,97.2,0.514
95.7,32284.0,35821.4,1.0971,2.0179,146.8,97.2,0.514
95.72,32249.1,35530.6,0.9623,1.3031,146.8,97.2,0.514
95.74,32112.4,35405.7,0.4349,0.9963,146.8,97.2,0.514
95.76,32081.7,35245.6,0.3164,0.6029,146.8,97.2,0.514
95.78,32056.0,35168.8,0.2173,0.4141,146.8,97.2,0.514
95.8,32131.5,35104.3,0.5083,0.2556,146.8,97.2,0.514
95.82,32099.0,34970.8,0.3831,-0.0725,146.8,97.2,0.514
95.84,31924.9,34799.2,-0.2886,-0.4943,146.8,97.2,0.514
95.86,31905.5,34888.0,-0.3638,-0.276,146.8,97.2,0.514
95.88,31862.9,34719.5,-0.528,-0.6902,146.8,97.2,0.514
95.9,31786.9,34725.8,-0.8214,-0.6747,146.8,97.2,0.514
95.92,31817.1,34700.4,-0.7048,-0.7371,146.8,97.2,0.514
95.94,31806.7,34558.9,-0.7448,-1.0848,146.8,97.2,0.514
95.96,31882.4,34416.8,-0.4528,-1.434,146.8,97.2,0.514
95.98,31848.9,34428.0,-0.5819,-1.4066,146.8,97.2,0.514
96.0,31768.1,34486.1,-0.8938,-1.2638,146.8,97.2,0.514
96.02,31854.6,34619.8,-0.56,-0.9352,146.8,97.2,0.514
96.04,32004.8,35035.2,0.0195,0.0858,146.8,97.2,0.514
96.06,32252.2,35402.7,0.9742,0.9888,146.8,97.2,0.514
96.08,32279.2,35636.1,1.0784,1.5624,146.8,97.2,0.514
96.1,32285.6,35699.4,1.1031,1.718,146.8,97.2,0.514
96.12,32300.7,35595.8,1.1616,1.4634,146.8,97.2,0.514
96.14,32097.9,35417.4,0.3788,1.025,146.8,97.2,0.514
96.16,32092.3,35290.3,0.3571,0.7128,146.8,97.2,0.514
96.18,32051.5,35107.8,0.1999,0.264,146.8,97.2,0.514
96.2,32035.3,35108.8,0.1371,0.2667,146.8,97.2,0.514
96.22,31953.8,35002.5,-0.1774,0.0055,146.8,97.2,0.514
96.24,31931.9,35019.7,-0.2619,0.0477,146.8,97.2,0.514
96.26,31989.0,34764.6,-0.0414,-0.5794,146.8,97.2,0.514
96.28,31885.2,34714.2,-0.442,-0.7032,146.8,97.2,0.514
96.3,31884.5,34662.5,-0.4445,-0.8304,146.8,97.2,0.514
96.32,31947.0,34671.2,-0.2033,-0.8089,146.8,97.2,0.514
96.34,31807.5,34651.3,-0.7419,-0.8579,146.8,97.2,0.514
96.36,31751.4,34605.4,-0.9583,-0.9706,146.8,97.2,0.514
96.38,31708.7,34431.5,-1.1229,-1.3979,146.8,97.2,0.514
96.4,31748.2,34427.8,-0.9706,-1.407,146.8,97.2,0.514
96.42,31838.2,34522.8,-0.6231,-1.1737,146.8,97.2,0.514
96.44,31884.9,34859.4,-0.4431,-0.3463,146.8,97.2,0.514
96.46,32129.9,35329.8,0.5022,0.8098,146.8,97.2,0.514
96.48,32225.3,35581.1,0.8704,1.4274,146.8,97.2,0.514
96.5,32388.1,35739.6,1.4988,1.8169,146.8,97.2,0.514
96.52,32338.1,35743.4,1.3056,1.8262,146.8,97.2,0.514
96.54,32285.8,35482.7,1.104,1.1856,146.8,97.2,0.514
96.56,32159.7,35377.6,0.6174,0.9273,146.8,97.2,0.514
96.58,32076.5,35184.0,0.2962,0.4515,146.8,97.2,0.514
96.6,32051.4,35132.0,0.1996,0.3236,146.8,97.2,0.514
96.62,31934.7,35101.3,-0.2509,0.2483,146.8,97.2,0.514
96.64,32037.1,34922.8,0.1442,-0.1905,146.8,97.2,0.514
96.66,31894.9,34881.8,-0.4046,-0.2912,146.8,97.2,0.514
96.68,31946.1,34702.5,-0.207,-0.7321,146.8,97.2,0.514
96.7,31943.0,34616.3,-0.2188,-0.9437,146.8,97.2,0.514
96.72,31824.3,34749.6,-0.6769,-0.6162,146.8,97.2,0.514
96.74,31796.1,34671.0,-0.7859,-0.8094,146.8,97.2,0.514
96.76,31758.4,34658.4,-0.9311,-0.8404,146.8,97.2,0.514
96.78,31696.1,34519.3,-1.1717,-1.1823,146.8,97.2,0.514
96.8,31743.7,34422.7,-0.9879,-1.4195,146.8,97.2,0.514
96.82,31815.7,34427.3,-0.7103,-1.4084,146.8,97.2,0.514
96.84,31940.5,34703.5,-0.2285,-0.7295,146.8,97.2,0.514
96.86,32012.7,35067.3,0.05,0.1647,146.8,97.2,0.514
96.88,32199.7,35445.1,0.7717,1.0932,146.8,97.2,0.514
96.9,32366.5,35682.3,1.4154,1.6761,146.8,97.2,0.514
96.92,32379.8,35739.2,1.4667,1.816,146.8,97.2,0.514
96.94,32312.6,35636.3,1.2074,1.563,146.8,97.2,0.514
96.96,32158.8,35390.1,0.6139,0.9579,146.8,97.2,0.514
96.98,32180.0,35260.8,0.6955,0.6401,146.8,97.2,0.514
97.0,32046.8,35123.1,0.1817,0.3018,146.8,97.2,0.514
97.02,32011.4,35109.3,0.045,0.2679,146.8,97.2,0.514
97.04,31936.4,35051.2,-0.2444,0.125,146.8,97.2,0.514
97.06,31990.5,34923.5,-0.0356,-0.1888,146.8,97.2,0.514
97.08,31938.0,34729.7,-0.2383,-0.6652,146.8,97.2,0.514
97.1,31859.6,34688.0,-0.5407,-0.7676,146.8,97.2,0.514
97.12,31873.1,34672.6,-0.4885,-0.8054,146.8,97.2,0.514
97.14,31777.5,34585.8,-0.8574,-1.0187,146.8,97.2,0.514
97.16,31856.5,34580.4,-0.5526,-1.0321,146.8,97.2,0.514
97.18,31779.4,34584.1,-0.8503,-1.0231,146.8,97.2,0.514
97.2,31793.2,34513.6,-0.7969,-1.1961,146.8,97.2,0.514
97.22,31637.2,34352.7,-1.399,-1.5918,146.8,97.2,0.514
97.24,31891.7,34642.2,-0.417,-0.8802,146.8,97.2,0.514
97.26,31939.3,34895.0,-0.233,-0.2588,146.8,97.2,0.514
97.28,32096.0,35287.4,0.3715,0.7055,146.8,97.2,0.514
97.3,32264.7,35707.0,1.0224,1.7368,146.8,97.2,0.514
97.32,32291.4,35779.6,1.1253,1.9153,146.8,97.2,0.514
97.34,32277.7,35640.2,1.0726,1.5725,146.8,97.2,0.514
97.36,32264.7,35559.9,1.0223,1.3753,146.8,97.2,0.514
97.38,32204.7,35252.6,0.7909,0.62,146.8,97.2,0.514
97.4,32062.8,35127.7,0.2435,0.3131,146.8,97.2,0.514
97.42,32055.3,35103.5,0.2145,0.2536,146.8,97.2,0.514
97.44,32090.0,35084.3,0.3485,0.2064,146.8,97.2,0.514
97.46,32048.4,34960.7,0.1876,-0.0973,146.8,97.2,0.514
97.48,32022.9,34919.2,0.0893,-0.1993,146.8,97.2,0.514
97.5,31838.3,34714.6,-0.6228,-0.7022,146.8,97.2,0.514
97.52,31761.7,34638.6,-0.9187,-0.889,146.8,97.2,0.514
97.54,31839.6,34671.5,-0.6179,-0.8082,146.8,97.2,0.514
97.56,31797.1,34772.2,-0.7819,-0.5605,146.8,97.2,0.514
97.58,31899.1,34573.9,-0.3883,-1.0481,146.8,97.2,0.514
97.6,31810.3,34441.7,-0.731,-1.373,146.8,97.2,0.514
97.62,31744.4,34394.2,-0.9851,-1.4897,146.8,97.2,0.514
97.64,31761.2,34471.0,-0.9206,-1.3009,146.8,97.2,0.514
97.66,31855.4,34725.8,-0.5571,-0.6746,146.8,97.2,0.514
97.68,32127.1,35147.4,0.4915,0.3615,146.8,97.2,0.514
97.7,32275.5,35451.0,1.0642,1.1076,146.8,97.2,0.514
97.72,32311.2,35721.8,1.2018,1.7732,146.8,97.2,0.514
97.74,32304.7,35710.9,1.177,1.7463,146.8,97.2,0.514
97.76,32337.2,35511.0,1.3021,1.255,146.8,97.2,0.514
97.78,32210.1,35456.6,0.8118,1.1213,146.8,97.2,0.514
97.8,32058.8,35243.1,0.228,0.5967,146.8,97.2,0.514
97.82,32126.5,35144.5,0.4891,0.3544,146.8,97.2,0.514
97.84,32036.8,35030.1,0.1429,0.0731,146.8,97.2,0.514
97.86,31966.2,35029.4,-0.1294,0.0715,146.8,97.2,0.514
97.88,31918.7,34949.7,-0.3128,-0.1244,146.8,97.2,0.514
97.9,31902.7,34878.9,-0.3745,-0.2983,146.8,97.2,0.514
97.92,31823.0,34704.0,-0.682,-0.7282,146.8,97.2,0.514
97.94,31781.9,34726.9,-0.8407,-0.672,146.8,97.2,0.514
97.96,31894.8,34690.7,-0.4048,-0.761,146.8,97.2,0.514
97.98,31826.6,34620.4,-0.6682,-0.9336,146.8,97.2,0.514
98.0,31801.1,34529.0,-0.7665,-1.1583,146.8,97.2,0.514
98.02,31752.1,34457.1,-0.9555,-1.3351,146.8,97.2,0.514
98.04,31610.3,34568.8,-1.5027,-1.0605,146.8,97.2,0.514
98.06,31710.0,34607.6,-1.1182,-0.9651,146.8,97.2,0.514
98.08,32029.0,34926.9,0.1128,-0.1805,146.8,97.2,0.514
98.1,32240.9,35359.3,0.9307,0.8821,146.8,97.2,0.514
98.12,32341.3,35580.2,1.3179,1.4252,146.8,97.2,0.514
98.14,32399.8,35766.1,1.544,1.882,146.8,97.2,0.514
98.16,32275.7,35777.9,1.065,1.9109,146.8,97.2,0.514
98.18,32251.3,35539.7,0.9709,1.3256,146.8,97.2,0.514
98.2,32103.6,35285.5,0.4009,0.701,146.8,97.2,0.514
98.22,32062.4,35041.7,0.2417,0.1017,146.8,97.2,0.514
98.24,32085.5,35048.6,0.331,0.1187,146.8,97.2,0.514
98.26,32038.8,34935.7,0.1509,-0.1589,146.8,97.2,0.514
98.28,31974.0,34986.4,-0.0994,-0.0343,146.8,97.2,0.514
98.3,31866.9,34764.0,-0.5125,-0.5807,146.8,97.2,0.514
98.32,31886.8,34716.8,-0.4359,-0.6967,146.8,97.2,0.514
98.34,31884.4,34579.4,-0.4451,-1.0344,146.8,97.2,0.514
98.36,31805.7,34600.0,-0.7487,-0.9837,146.8,97.2,0.514
98.38,31847.8,34616.1,-0.5862,-0.9442,146.8,97.2,0.514
98.4,31821.6,34667.3,-0.6876,-0.8184,146.8,97.2,0.514
98.42,31761.3,34496.0,-0.9202,-1.2394,146.8,97.2,0.514
98.44,31725.3,34403.7,-1.0589,-1.4662,146.8,97.2,0.514
98.46,31670.2,34575.5,-1.2717,-1.0441,146.8,97.2,0.514
98.48,31853.5,34806.0,-0.5644,-0.4776,146.8,97.2,0.514
98.5,31995.6,35196.7,-0.0159,0.4827,146.8,97.2,0.514
98.52,32236.8,35570.3,0.9146,1.4008,146.8,97.2,0.514
98.54,32382.1,35793.8,1.4754,1.9502,146.8,97.2,0.514
98.56,32397.7,35796.2,1.5357,1.9561,146.8,97.2,0.514
98.58,32295.3,35588.5,1.1404,1.4456,146.8,97.2,0.514
98.6,32274.9,35422.3,1.0619,1.037,146.8,97.2,0.514
98.62,32158.2,35257.3,0.6116,0.6317,146.8,97.2,0.514
98.64,32044.6,35123.6,0.1732,0.3029,146.8,97.2,0.514
98.66,32038.1,35150.1,0.1479,0.3682,146.8,97.2,0.514
98.68,31961.5,34912.3,-0.1476,-0.2164,146.8,97.2,0.514
98.7,31834.4,34963.3,-0.6378,-0.091,146.8,97.2,0.514
98.72,31901.8,34788.8,-0.3778,-0.5198,146.8,97.2,0.514
98.74,31840.6,34692.6,-0.6141,-0.7562,146.8,97.2,0.514
98.76,31846.2,34704.0,-0.5924,-0.7283,146.8,97.2,0.514
98.78,31768.1,34628.2,-0.8939,-0.9144,146.8,97.2,0.514
98.8,31748.2,34742.2,-0.9706,-0.6343,146.8,97.2,0.514
98.82,31708.1,34579.9,-1.1253,-1.0333,146.8,97.2,0.514
98.84,31738.6,34475.0,-1.0078,-1.2911,146.8,97.2,0.514
98.86,31768.4,34424.3,-0.8925,-1.4156,146.8,97.2,0.514
98.88,31860.2,34599.8,-0.5385,-0.9845,146.8,97.2,0.514
98.9,31993.6,35034.1,-0.0236,0.083,146.8,97.2,0.514
98.92,32147.7,35409.1,0.571,1.0046,146.8,97.2,0.514
98.94,32269.5,35651.0,1.0412,1.5992,146.8,97.2,0.514
98.96,32365.0,35763.0,1.4094,1.8744,146.8,97.2,0.514
98.98,32302.1,35654.3,1.167,1.6073,146.8,97.2,0.514
99.0,32240.2,35446.0,0.9281,1.0952,146.8,97.2,0.514
99.02,32127.0,35353.5,0.491,0.868,146.8,97.2,0.514
99.04,32078.2,35091.2,0.3029,0.2232,146.8,97.2,0.514
99.06,31988.2,35120.7,-0.0446,0.2959,146.8,97.2,0.514
99.08,32036.4,34993.3,0.1416,-0.0173,146.8,97.2,0.514
99.1,32034.2,34827.2,0.1328,-0.4254,146.8,97.2,0.514
99.12,31896.5,34877.5,-0.3983,-0.3017,146.8,97.2,0.514
99.14,31811.8,34677.8,-0.7253,-0.7928,146.8,97.2,0.514
99.16,31924.5,34607.5,-0.2903,-0.9653,146.8,97.2,0.514
99.18,31746.3,34617.0,-0.9781,-0.9422,146.8,97.2,0.514
99.2,31789.1,34605.7,-0.8128,-0.9698,146.8,97.2,0.514
99.22,31873.2,34558.2,-0.4884,-1.0865,146.8,97.2,0.514
99.24,31700.1,34449.0,-1.1563,-1.3551,146.8,97.2,0.514
99.26,31704.0,34311.0,-1.1413,-1.6943,146.8,97.2,0.514
99.28,31784.3,34665.3,-0.8313,-0.8234,146.8,97.2,0.514
99.3,31853.7,34846.9,-0.5636,-0.3772,146.8,97.2,0.514
99.32,32128.9,35073.1,0.4985,0.1789,146.8,97.2,0.514
99.34,32325.9,35546.2,1.2586,1.3416,146.8,97.2,0.514
99.36,32330.6,35779.0,1.2769,1.9138,146.8,97.2,0.514
99.38,32336.6,35574.0,1.3,1.41,146.8,97.2,0.514
99.4,32317.6,35491.8,1.2267,1.208,146.8,97.2,0.514
99.42,32202.2,35366.5,0.7814,0.8999,146.8,97.2,0.514
99.44,32058.4,35190.0,0.2262,0.4663,146.8,97.2,0.514
99.46,31997.4,35073.0,-0.0089,0.1787,146.8,97.2,0.514
99.48,32047.1,35024.8,0.1826,0.0601,146.8,97.2,0.514
99.5,31934.1,34981.5,-0.2534,-0.0464,146.8,97.2,0.514
99.52,31983.8,34910.7,-0.0616,-0.2203,146.8,97.2,0.514
99.54,31883.3,34832.3,-0.4493,-0.413,146.8,97.2,0.514
99.56,31858.0,34714.7,-0.5468,-0.702,146.8,97.2,0.514
99.58,31867.1,34656.1,-0.5119,-0.8461,146.8,97.2,0.514
99.6,31926.4,34764.8,-0.283,-0.5788,146.8,97.2,0.514
99.62,31818.0,34485.1,-0.7013,-1.2661,146.8,97.2,0.514
99.64,31708.6,34584.7,-1.1235,-1.0216,146.8,97.2,0.514
99.66,31823.9,34469.2,-0.6783,-1.3053,146.8,97.2,0.514
99.68,31819.6,34486.8,-0.695,-1.2621,146.8,97.2,0.514
99.7,31846.6,34638.6,-0.5909,-0.8891,146.8,97.2,0.514
99.72,32104.0,35106.3,0.4022,0.2605,146.8,97.2,0.514
99.74,32227.3,35394.7,0.8782,0.9692,146.8,97.2,0.514
99.76,32267.7,35653.7,1.0341,1.6057,146.8,97.2,0.514
99.78,32315.0,35741.6,1.2165,1.8219,146.8,97.2,0.514
99.8,32365.8,35601.3,1.4125,1.4771,146.8,97.2,0.514
99.82,32234.8,35444.7,0.9069,1.0921,146.8,97.2,0.514
99.84,32061.7,35273.1,0.2393,0.6703,146.8,97.2,0.514
99.86,32051.6,35175.5,0.2002,0.4305,146.8,97.2,0.514
99.88,31938.0,35091.9,-0.238,0.2251,146.8,97.2,0.514
99.9,32016.6,35042.8,0.065,0.1045,146.8,97.2,0.514
99.92,31927.0,34879.0,-0.2806,-0.2983,146.8,97.2,0.514
99.94,31908.6,34769.7,-0.3515,-0.5667,146.8,97.2,0.514
99.96,31926.1,34792.8,-0.284,-0.5099,146.8,97.2,0.514
99.98,31822.3,34750.6,-0.6847,-0.6138,146.8,97.2,0.514
100.0,31774.1,34658.1,-0.8708,-0.841,146.8,97.2,0.514
100.02,31794.2,34599.0,-0.7933,-0.9862,146.8,97.2,0.514
100.04,31860.0,34489.6,-0.5391,-1.2552,146.8,97.2,0.514
100.06,31704.0,34509.5,-1.1412,-1.2063,146.8,97.2,0.514
100.08,31808.4,34562.2,-0.7382,-1.0767,146.8,97.2,0.514
100.1,31829.7,34486.1,-0.6562,-1.2639,146.8,97.2,0.514
100.12,31854.4,34844.9,-0.561,-0.3821,146.8,97.2,0.514
100.14,32127.3,35316.2,0.4924,0.7763,146.8,97.2,0.514
100.16,32236.3,35485.3,0.9129,1.1918,146.8,97.2,0.514
100.18,32341.9,35748.1,1.3204,1.8378,146.8,97.2,0.514
100.2,32345.2,35766.3,1.3332,1.8824,146.8,97.2,0.514
100.22,32244.7,35453.0,0.9453,1.1125,146.8,97.2,0.514
100.24,32176.1,35336.6,0.6805,0.8266,146.8,97.2,0.514
100.26,32047.1,35154.7,0.1826,0.3793,146.8,97.2,0.514
100.28,32042.3,35041.6,0.1642,0.1014,146.8,97.2,0.514
100.3,31989.1,35013.9,-0.0409,0.0334,146.8,97.2,0.514
100.32,31915.0,35063.2,-0.327,0.1546,146.8,97.2,0.514
100.34,31924.5,34837.4,-0.2902,-0.4005,146.8,97.2,0.514
100.36,31939.2,34850.8,-0.2338,-0.3675,146.8,97.2,0.514
100.38,31924.9,34634.8,-0.2889,-0.8983,146.8,97.2,0.514
100.4,31908.8,34613.6,-0.351,-0.9504,146.8,97.2,0.514
100.42,31866.3,34628.4,-0.5149,-0.9141,146.8,97.2,0.514
100.44,31856.1,34654.0,-0.5544,-0.851,146.8,97.2,0.514
100.46,31781.6,34586.7,-0.8416,-1.0166,146.8,97.2,0.514
100.48,31723.6,34459.8,-1.0656,-1.3285,146.8,97.2,0.514
100.5,31839.1,34475.5,-0.6198,-1.29,146.8,97.2,0.514
100.52,31864.0,34716.0,-0.5239,-0.6988,146.8,97.2,0.514
100.54,32158.8,35084.2,0.6139,0.2063,146.8,97.2,0.514
100.56,32212.1,35379.6,0.8196,0.9322,146.8,97.2,0.514
100.58,32329.9,35869.1,1.274,2.1351,146.8,97.2,0.514
100.6,32414.4,35684.7,1.5999,1.6821,146.8,97.2,0.514
100.62,32266.9,35599.4,1.031,1.4722,146.8,97.2,0.514
100.64,32191.6,35346.3,0.7402,0.8503,146.8,97.2,0.514
100.66,32094.3,35259.4,0.3649,0.6366,146.8,97.2,0.514
100.68,32001.1,35021.3,0.0054,0.0514,146.8,97.2,0.514
100.7,32014.6,35203.5,0.0572,0.4992,146.8,97.2,0.514
100.72,32044.4,34941.1,0.1725,-0.1455,146.8,97.2,0.514
100.74,31913.7,34854.8,-0.3319,-0.3576,146.8,97.2,0.514
100.76,31885.5,34802.0,-0.4407,-0.4875,146.8,97.2,0.514
100.78,31904.4,34682.5,-0.3679,-0.7811,146.8,97.2,0.514
100.8,31979.9,34601.0,-0.0766,-0.9815,146.8,97.2,0.514
100.82,31838.8,34594.0,-0.621,-0.9987,146.8,97.2,0.514
100.84,31743.3,34578.2,-0.9897,-1.0374,146.8,97.2,0.514
100.86,31840.7,34508.6,-0.6136,-1.2085,146.8,97.2,0.514
100.88,31721.9,34477.9,-1.0722,-1.2838,146.8,97.2,0.514
100.9,31781.0,34524.5,-0.8442,-1.1693,146.8,97.2,0.514
100.92,31908.2,34601.6,-0.3533,-0.98,146.8,97.2,0.514
100.94,31922.7,34946.3,-0.2972,-0.1327,146.8,97.2,0.514
100.96,32154.8,35341.2,0.5985,0.8378,146.8,97.2,0.514
100.98,32323.3,35653.6,1.2485,1.6056,146.8,97.2,0.514
101.0,32409.8,35660.5,1.5822,1.6225,146.8,97.2,0.514
101.02,32348.4,35682.0,1.3455,1.6754,146.8,97.2,0.514
101.04,32269.9,35542.1,1.0427,1.3315,146.8,97.2,0.514
101.06,32152.4,35266.2,0.5893,0.6534,146.8,97.2,0.514
101.08,32034.3,35253.8,0.1335,0.623,146.8,97.2,0.514
101.1,31934.6,35024.2,-0.2513,0.0587,146.8,97.2,0.514
101.12,32050.2,35068.6,0.1946,0.1679,146.8,97.2,0.514
101.14,31957.9,34953.8,-0.1613,-0.1143,146.8,97.2,0.514
101.16,32019.7,34858.4,0.0769,-0.3489,146.8,97.2,0.514
101.18,31834.1,34759.1,-0.639,-0.5929,146.8,97.2,0.514
101.2,31925.5,34670.2,-0.2865,-0.8114,146.8,97.2,0.514
101.22,31813.1,34618.9,-0.72,-0.9375,146.8,97.2,0.514
101.24,31802.1,34706.6,-0.7625,-0.7219,146.8,97.2,0.514
101.26,31801.8,34572.7,-0.7636,-1.0509,146.8,97.2,0.514
101.28,31805.5,34459.6,-0.7496,-1.329,146.8,97.2,0.514
101.3,31821.6,34498.3,-0.6874,-1.2339,146.8,97.2,0.514
101.32,31771.1,34496.2,-0.8823,-1.239,146.8,97.2,0.514
101.34,31856.4,34736.9,-0.5531,-0.6475,146.8,97.2,0.514
101.36,32121.3,35317.4,0.4691,0.7792,146.8,97.2,0.514
101.38,32212.0,35460.1,0.819,1.13,146.8,97.2,0.514
101.4,32368.7,35758.9,1.4237,1.8642,146.8,97.2,0.514
101.42,32332.0,35778.2,1.2821,1.9117,146.8,97.2,0.514
101.44,32313.2,35555.6,1.2096,1.3648,146.8,97.2,0.514
101.46,32270.8,35359.6,1.0461,0.8829,146.8,97.2,0.514
101.48,32095.4,35291.3,0.3692,0.7152,146.8,97.2,0.514
101.5,31951.2,35180.2,-0.1874,0.442,146.8,97.2,0.514
101.52,32012.4,35058.1,0.049,0.1419,146.8,97.2,0.514
101.54,31925.4,35051.6,-0.2868,0.126,146.8,97.2,0.514
101.56,31897.5,34901.9,-0.3945,-0.242,146.8,97.2,0.514
101.58,31906.3,34765.8,-0.3604,-0.5764,146.8,97.2,0.514
101.6,31920.8,34776.5,-0.3045,-0.5501,146.8,97.2,0.514
101.62,31838.7,34697.8,-0.6213,-0.7435,146.8,97.2,0.514
101.64,31817.4,34576.6,-0.7037,-1.0415,146.8,97.2,0.514
101.66,31773.8,34638.3,-0.8717,-0.8897,146.8,97.2,0.514
101.68,31770.6,34544.8,-0.8842,-1.1196,146.8,97.2,0.514
101.7,31719.3,34511.1,-1.082,-1.2022,146.8,97.2,0.514
101.72,31817.1,34477.4,-0.7049,-1.2852,146.8,97.2,0.514
101.74,31890.2,34601.8,-0.4228,-0.9795,146.8,97.2,0.514
101.76,32031.0,34957.2,0.1208,-0.1059,146.8,97.2,0.514
101.78,32135.0,35368.8,0.5221,0.9057,146.8,97.2,0.514
101.8,32343.2,35707.1,1.3255,1.7371,146.8,97.2,0.514
101.82,32323.2,35808.3,1.2481,1.9857,146.8,97.2,0.514
101.84,32229.8,35685.5,0.888,1.684,146.8,97.2,0.514
101.86,32171.2,35366.9,0.6616,0.9008,146.8,97.2,0.514
101.88,32102.6,35283.7,0.3969,0.6965,146.8,97.2,0.514
101.9,32132.1,35267.4,0.5108,0.6565,146.8,97.2,0.514
101.92,32136.1,35064.3,0.5263,0.1572,146.8,97.2,0.514
101.94,32006.2,34991.3,0.0248,-0.0222,146.8,97.2,0.514
101.96,31929.4,34955.0,-0.2714,-0.1115,146.8,97.2,0.514
101.98,31888.0,34850.4,-0.4312,-0.3686,146.8,97.2,0.514
102.0,31923.2,34744.5,-0.2954,-0.6287,146.8,97.2,0.514
102.02,31864.3,34663.5,-0.5228,-0.8277,146.8,97.2,0.514
102.04,31884.1,34616.8,-0.4463,-0.9425,146.8,97.2,0.514
102.06,31887.3,34618.3,-0.4337,-0.939,146.8,97.2,0.514
102.08,31777.0,34575.6,-0.8595,-1.0437,146.8,97.2,0.514
102.1,31784.1,34573.2,-0.8322,-1.0498,146.8,97.2,0.514
102.12,31855.6,34341.9,-0.5563,-1.6182,146.8,97.2,0.514
102.14,31742.5,34490.2,-0.9927,-1.2538,146.8,97.2,0.514
102.16,31879.7,34776.0,-0.4631,-0.5514,146.8,97.2,0.514
102.18,32038.2,35180.9,0.1484,0.4437,146.8,97.2,0.514
102.2,32321.5,35528.6,1.2416,1.2982,146.8,97.2,0.514
102.22,32366.8,35677.8,1.4166,1.665,146.8,97.2,0.514
102.24,32298.4,35609.3,1.1523,1.4966,146.8,97.2,0.514
102.26,32222.5,35642.6,0.8595,1.5786,146.8,97.2,0.514
102.28,32098.3,35381.2,0.3804,0.9362,146.8,97.2,0.514
102.3,32191.4,35180.6,0.7397,0.4432,146.8,97.2,0.514
102.32,32008.1,35097.9,0.0322,0.2397,146.8,97.2,0.514
102.34,31961.3,35102.1,-0.1481,0.2502,146.8,97.2,0.514
102.36,32043.8,34897.1,0.17,-0.2538,146.8,97.2,0.514
102.38,32116.9,34863.8,0.4521,-0.3356,146.8,97.2,0.514
102.4,31886.7,34895.9,-0.4362,-0.2566,146.8,97.2,0.514
102.42,31793.2,34724.8,-0.7968,-0.6772,146.8,97.2,0.514
102.44,31846.4,34631.6,-0.5917,-0.9062,146.8,97.2,0.514
102.46,31812.6,34660.0,-0.7221,-0.8363,146.8,97.2,0.514
102.48,31789.2,34631.3,-0.8124,-0.9068,146.8,97.2,0.514
102.5,31717.6,34473.9,-1.0888,-1.2938,146.8,97.2,0.514
102.52,31769.9,34362.6,-0.887,-1.5674,146.8,97.2,0.514
102.54,31694.4,34469.8,-1.1784,-1.3038,146.8,97.2,0.514
102.56,31843.2,34681.6,-0.6042,-0.7834,146.8,97.2,0.514
102.58,32094.9,35065.3,0.3672,0.1596,146.8,97.2,0.514
102.6,32249.9,35491.6,0.9655,1.2074,146.8,97.2,0.514
102.62,32345.0,35732.4,1.3323,1.7993,146.8,97.2,0.514
102.64,32408.8,35764.5,1.5787,1.8781,146.8,97.2,0.514
102.66,32198.8,35643.4,0.7683,1.5806,146.8,97.2,0.514
102.68,32112.7,35547.1,0.4358,1.3439,146.8,97.2,0.514
102.7,32121.8,35233.2,0.471,0.5724,146.8,97.2,0.514
102.72,32052.8,35121.7,0.2048,0.2983,146.8,97.2,0.514
102.74,32064.2,35041.1,0.2488,0.1003,146.8,97.2,0.514
102.76,31997.4,35026.1,-0.0091,0.0633,146.8,97.2,0.514
102.78,31922.1,34904.7,-0.2997,-0.2349,146.8,97.2,0.514
102.8,31952.9,34785.4,-0.1806,-0.5282,146.8,97.2,0.514
102.82,31919.1,34706.5,-0.3111,-0.722,146.8,97.2,0.514
102.84,31761.4,34681.0,-0.9199,-0.7848,146.8,97.2,0.514
102.86,31816.3,34620.7,-0.7077,-0.933,146.8,97.2,0.514
102.88,31823.9,34629.6,-0.6784,-0.911,146.8,97.2,0.514
102.9,31757.5,34535.0,-0.9348,-1.1435,146.8,97.2,0.514
102.92,31741.6,34424.2,-0.9962,-1.416,146.8,97.2,0.514
102.94,31820.8,34566.1,-0.6904,-1.0672,146.8,97.2,0.514
102.96,31795.9,34626.1,-0.7864,-0.9197,146.8,97.2,0.514
102.98,31949.8,34822.9,-0.1928,-0.4361,146.8,97.2,0.514
103.0,32137.6,35295.8,0.532,0.7263,146.8,97.2,0.514
103.02,32277.1,35583.3,1.0702,1.4329,146.8,97.2,0.514
103.04,32369.0,35737.0,1.4248,1.8104,146.8,97.2,0.514
103.06,32413.0,35766.9,1.5947,1.8839,146.8,97.2,0.514
103.08,32188.4,35447.4,0.728,1.0989,146.8,97.2,0.514
103.1,32068.8,35389.7,0.2665,0.957,146.8,97.2,0.514
103.12,32133.0,35222.8,0.5141,0.5467,146.8,97.2,0.514
103.14,32013.1,35122.4,0.0515,0.3,146.8,97.2,0.514
103.16,31989.2,35052.4,-0.0406,0.1279,146.8,97.2,0.514
103.18,31970.9,34870.8,-0.1111,-0.3184,146.8,97.2,0.514
103.2,31963.3,34888.8,-0.1407,-0.2741,146.8,97.2,0.514
103.22,31946.9,34836.5,-0.2038,-0.4027,146.8,97.2,0.514
103.24,31882.7,34642.2,-0.4515,-0.8801,146.8,97.2,0.514
103.26,31916.2,34653.0,-0.3222,-0.8536,146.8,97.2,0.514
103.28,31820.1,34622.1,-0.6933,-0.9295,146.8,97.2,0.514
103.3,31739.4,34656.2,-1.0045,-0.8457,146.8,97.2,0.514
103.32,31826.0,34544.5,-0.6704,-1.1202,146.8,97.2,0.514
103.34,31741.4,34416.8,-0.9967,-1.4342,146.8,97.2,0.514
103.36,31780.7,34466.2,-0.8451,-1.3126,146.8,97.2,0.514
103.38,31919.3,34628.8,-0.3103,-0.913,146.8,97.2,0.514
103.4,32047.6,35046.9,0.1848,0.1144,146.8,97.2,0.514
103.42,32264.3,35511.2,1.021,1.2556,146.8,97.2,0.514
103.44,32343.5,35670.8,1.3267,1.6479,146.8,97.2,0.514
103.46,32382.3,35810.3,1.4761,1.9907,146.8,97.2,0.514
103.48,32254.5,35669.7,0.983,1.645,146.8,97.2,0.514
103.5,32235.1,35470.7,0.9084,1.156,146.8,97.2,0.514
103.52,32098.1,35320.2,0.3798,0.7861,146.8,97.2,0.514
103.54,32051.7,35161.3,0.2007,0.3956,146.8,97.2,0.514
103.56,32056.8,35036.1,0.2201,0.0879,146.8,97.2,0.514
103.58,31899.4,35024.7,-0.3873,0.0598,146.8,97.2,0.514
103.6,31993.9,34942.1,-0.0227,-0.1432,146.8,97.2,0.514
103.62,31903.8,34829.4,-0.37,-0.4202,146.8,97.2,0.514
103.64,31833.3,34694.7,-0.6421,-0.7512,146.8,97.2,0.514
103.66,31857.3,34687.4,-0.5498,-0.7691,146.8,97.2,0.514
103.68,31843.6,34642.4,-0.6025,-0.8796,146.8,97.2,0.514
103.7,31840.2,34630.3,-0.6156,-0.9095,146.8,97.2,0.514
103.72,31807.0,34430.6,-0.7437,-1.4001,146.8,97.2,0.514
103.74,31679.4,34484.5,-1.2362,-1.2678,146.8,97.2,0.514
103.76,31722.7,34434.9,-1.0691,-1.3897,146.8,97.2,0.514
103.78,31736.0,34601.1,-1.0176,-0.9811,146.8,97.2,0.514
103.8,31953.4,34937.7,-0.1789,-0.1539,146.8,97.2,0.514
103.82,32118.1,35314.8,0.4568,0.7729,146.8,97.2,0.514
103.84,32314.4,35618.2,1.2141,1.5187,146.8,97.2,0.514
103.86,32401.1,35770.6,1.5487,1.8931,146.8,97.2,0.514
103.88,32435.2,35690.4,1.6804,1.6961,146.8,97.2,0.514
103.9,32201.0,35532.0,0.7768,1.3068,146.8,97.2,0.514
103.92,32075.4,35299.1,0.292,0.7343,146.8,97.2,0.514
103.94,31993.7,35162.4,-0.0232,0.3982,146.8,97.2,0.514
103.96,32046.1,35101.1,0.1789,0.2478,146.8,97.2,0.514
103.98,32010.9,35053.7,0.0431,0.1311,146.8,97.2,0.514
104.0,31990.8,34919.4,-0.0346,-0.1988,146.8,97.2,0.514
104.02,31916.8,34957.9,-0.3201,-0.1042,146.8,97.2,0.514
104.04,31992.4,34718.3,-0.0282,-0.6931,146.8,97.2,0.514
104.06,31905.4,34658.4,-0.364,-0.8403,146.8,97.2,0.514
104.08,31859.4,34721.6,-0.5416,-0.685,146.8,97.2,0.514
104.1,31842.8,34597.4,-0.6055,-0.9903,146.8,97.2,0.514
104.12,31798.0,34629.0,-0.7784,-0.9126,146.8,97.2,0.514
104.14,31784.9,34486.0,-0.8289,-1.264,146.8,97.2,0.514
104.16,31732.5,34404.3,-1.0312,-1.4649,146.8,97.2,0.514
104.18,31759.7,34460.4,-0.9264,-1.327,146.8,97.2,0.514
104.2,31878.1,34742.9,-0.4692,-0.6326,146.8,97.2,0.514
104.22,32069.5,35026.3,0.2691,0.0639,146.8,97.2,0.514
104.24,32274.1,35445.9,1.0586,1.0951,146.8,97.2,0.514
104.26,32384.8,35791.2,1.4857,1.9438,146.8,97.2,0.514
104.28,32293.6,35713.6,1.1339,1.7529,146.8,97.2,0.514
104.3,32282.6,35633.5,1.0915,1.5563,146.8,97.2,0.514
104.32,32232.8,35405.7,0.8994,0.9963,146.8,97.2,0.514
104.34,32126.1,35251.5,0.4877,0.6173,146.8,97.2,0.514
104.36,32096.3,35157.0,0.3728,0.3852,146.8,97.2,0.514
104.38,32008.0,35077.4,0.0321,0.1896,146.8,97.2,0.514
104.4,32007.5,35060.4,0.0298,0.1477,146.8,97.2,0.514
104.42,31973.4,34835.3,-0.1016,-0.4055,146.8,97.2,0.514
104.44,31862.2,34905.3,-0.5306,-0.2334,146.8,97.2,0.514
104.46,31898.6,34643.5,-0.3901,-0.8769,146.8,97.2,0.514
104.48,31911.3,34666.9,-0.3412,-0.8194,146.8,97.2,0.514
104.5,31776.3,34698.0,-0.8623,-0.743,146.8,97.2,0.514
104.52,31810.0,34532.0,-0.7322,-1.1511,146.8,97.2,0.514
104.54,31786.5,34534.4,-0.8229,-1.1452,146.8,97.2,0.514
104.56,31664.5,34472.4,-1.2936,-1.2975,146.8,97.2,0.514
104.58,31748.4,34467.1,-0.9698,-1.3104,146.8,97.2,0.514
104.6,31870.8,34669.5,-0.4973,-0.813,146.8,97.2,0.514
104.62,32022.1,34938.9,0.0864,-0.1509,146.8,97.2,0.514
104.64,32186.2,35367.2,0.7194,0.9017,146.8,97.2,0.514
104.66,32287.9,35645.3,1.112,1.585,146.8,97.2,0.514
104.68,32313.5,35821.4,1.2108,2.018,146.8,97.2,0.514
104.7,32347.7,35697.6,1.3429,1.7136,146.8,97.2,0.514
104.72,32200.6,35507.9,0.7753,1.2474,146.8,97.2,0.514
104.74,32152.4,35250.0,0.589,0.6136,146.8,97.2,0.514
104.76,32063.5,35234.9,0.2462,0.5765,146.8,97.2,0.514
104.78,32056.6,35047.4,0.2193,0.1158,146.8,97.2,0.514
104.8,31964.1,35105.6,-0.1374,0.2587,146.8,97.2,0.514
104.82,31973.1,34938.4,-0.1029,-0.1521,146.8,97.2,0.514
104.84,31979.0,34875.1,-0.0801,-0.3077,146.8,97.2,0.514
104.86,31883.5,34762.9,-0.4485,-0.5835,146.8,97.2,0.514
104.88,31906.1,34715.5,-0.3614,-0.6999,146.8,97.2,0.514
104.9,31919.7,34712.0,-0.3088,-0.7087,146.8,97.2,0.514
104.92,31957.7,34623.3,-0.1622,-0.9266,146.8,97.2,0.514
104.94,31858.4,34625.9,-0.5454,-0.9203,146.8,97.2,0.514
104.96,31795.7,34517.6,-0.7872,-1.1864,146.8,97.2,0.514
104.98,31704.8,34419.8,-1.1382,-1.4268,146.8,97.2,0.514
105.0,31814.9,34646.7,-0.7131,-0.8692,146.8,97.2,0.514
105.02,31840.8,34849.5,-0.6135,-0.3706,146.8,97.2,0.514
105.04,32125.6,35128.6,0.4859,0.3153,146.8,97.2,0.514
105.06,32221.3,35577.3,0.8549,1.4181,146.8,97.2,0.514
105.08,32311.2,35747.4,1.2018,1.836,146.8,97.2,0.514
105.1,32363.9,35767.4,1.4053,1.8852,146.8,97.2,0.514
105.12,32244.0,35630.9,0.9425,1.5498,146.8,97.2,0.514
105.14,32133.8,35387.4,0.5174,0.9512,146.8,97.2,0.514
105.16,32119.5,35238.9,0.4621,0.5862,146.8,97.2,0.514
105.18,32097.1,35170.0,0.3758,0.4169,146.8,97.2,0.514
105.2,32053.9,35075.4,0.2089,0.1845,146.8,97.2,0.514
105.22,32007.0,35033.5,0.0282,0.0815,146.8,97.2,0.514
105.24,31956.5,34908.5,-0.1669,-0.2256,146.8,97.2,0.514
105.26,31964.5,34755.9,-0.1359,-0.6007,146.8,97.2,0.514
105.28,31980.0,34776.7,-0.076,-0.5495,146.8,97.2,0.514
105.3,31830.6,34628.3,-0.6525,-0.9143,146.8,97.2,0.514
105.32,31833.7,34661.4,-0.6406,-0.8329,146.8,97.2,0.514
105.34,31767.7,34513.1,-0.8954,-1.1976,146.8,97.2,0.514
105.36,31785.2,34457.6,-0.828,-1.3339,146.8,97.2,0.514
105.38,31783.4,34415.8,-0.8349,-1.4365,146.8,97.2,0.514
105.4,31816.3,34452.1,-0.7079,-1.3473,146.8,97.2,0.514
105.42,31926.9,34642.2,-0.2811,-0.8801,146.8,97.2,0.514
105.44,31956.0,35012.9,-0.1688,0.031,146.8,97.2,0.514
105.46,32222.4,35335.1,0.8592,0.8227,146.8,97.2,0.514
105.48,32324.4,35739.4,1.2527,1.8165,146.8,97.2,0.514
105.5,32392.9,35744.1,1.5173,1.828,146.8,97.2,0.514
105.52,32350.7,35657.2,1.3545,1.6144,146.8,97.2,0.514
105.54,32230.4,35442.1,0.89,1.0859,146.8,97.2,0.514
105.56,32218.3,35218.6,0.8435,0.5364,146.8,97.2,0.514
105.58,31968.0,35175.9,-0.1225,0.4314,146.8,97.2,0.514
105.6,32089.1,35041.7,0.3448,0.1017,146.8,97.2,0.514
105.62,32021.3,34915.5,0.0833,-0.2084,146.8,97.2,0.514
105.64,32013.7,34972.1,0.054,-0.0693,146.8,97.2,0.514
105.66,31820.4,34748.0,-0.6919,-0.6201,146.8,97.2,0.514
105.68,31789.2,34758.5,-0.8125,-0.5944,146.8,97.2,0.514
105.7,31858.8,34651.8,-0.5438,-0.8566,146.8,97.2,0.514
105.72,31808.8,34576.7,-0.7367,-1.0412,146.8,97.2,0.514
105.74,31897.4,34709.2,-0.3948,-0.7155,146.8,97.2,0.514
105.76,31894.3,34541.8,-0.4069,-1.1269,146.8,97.2,0.514
105.78,31741.5,34573.0,-0.9964,-1.0501,146.8,97.2,0.514
105.8,31779.2,34532.9,-0.8509,-1.1488,146.8,97.2,0.514
105.82,31853.8,34550.2,-0.5632,-1.1062,146.8,97.2,0.514
105.84,31959.2,34923.8,-0.1566,-0.188,146.8,97.2,0.514
105.86,32178.1,35175.0,0.6883,0.4292,146.8,97.2,0.514
105.88,32306.9,35595.2,1.1853,1.462,146.8,97.2,0.514
105.9,32325.0,35795.9,1.2551,1.9552,146.8,97.2,0.514
105.92,32379.5,35659.1,1.4656,1.619,146.8,97.2,0.514
105.94,32364.5,35590.6,1.4078,1.4506,146.8,97.2,0.514
105.96,32142.4,35389.7,0.5504,0.957,146.8,97.2,0.514
105.98,32049.7,35127.9,0.193,0.3134,146.8,97.2,0.514
106.0,32084.6,34993.1,0.3276,-0.0178,146.8,97.2,0.514
106.02,32005.4,35053.5,0.0218,0.1307,146.8,97.2,0.514
106.04,31918.5,35052.6,-0.3136,0.1285,146.8,97.2,0.514
106.06,31940.6,34848.2,-0.2282,-0.374,146.8,97.2,0.514
106.08,31890.8,34676.8,-0.4203,-0.7952,146.8,97.2,0.514
106.1,31968.1,34701.3,-0.1222,-0.735,146.8,97.2,0.514
106.12,31897.3,34649.6,-0.3953,-0.8619,146.8,97.2,0.514
106.14,31848.6,34686.5,-0.5833,-0.7713,146.8,97.2,0.514
106.16,31746.7,34595.3,-0.9763,-0.9954,146.8,97.2,0.514
106.18,31722.4,34517.0,-1.0701,-1.188,146.8,97.2,0.514
106.2,31769.9,34359.0,-0.8868,-1.5763,146.8,97.2,0.514
106.22,31717.8,34476.5,-1.0878,-1.2875,146.8,97.2,0.514
106.24,31920.9,34750.4,-0.3041,-0.6143,146.8,97.2,0.514
106.26,32058.8,34943.5,0.2279,-0.1396,146.8,97.2,0.514
106.28,32184.7,35398.3,0.7136,0.9781,146.8,97.2,0.514
106.3,32259.8,35754.1,1.0035,1.8526,146.8,97.2,0.514
106.32,32323.2,35853.8,1.248,2.0975,146.8,97.2,0.514
106.34,32393.1,35671.2,1.5181,1.6489,146.8,97.2,0.514
106.36,32155.3,35406.3,0.6002,0.9977,146.8,97.2,0.514
106.38,32093.7,35216.7,0.3626,0.5318,146.8,97.2,0.514
106.4,32045.2,35139.5,0.1755,0.342,146.8,97.2,0.514
106.42,32102.0,35099.7,0.3946,0.2441,146.8,97.2,0.514
106.44,31947.5,35048.7,-0.2015,0.1188,146.8,97.2,0.514
106.46,31964.8,34918.0,-0.1347,-0.2024,146.8,97.2,0.514
106.48,31923.2,34868.3,-0.2953,-0.3245,146.8,97.2,0.514
106.5,31873.2,34744.7,-0.4881,-0.6281,146.8,97.2,0.514
106.52,31801.7,34600.4,-0.7642,-0.9828,146.8,97.2,0.514
106.54,31816.3,34618.9,-0.7076,-0.9375,146.8,97.2,0.514
106.56,31779.4,34704.8,-0.8503,-0.7263,146.8,97.2,0.514
106.58,31842.0,34546.6,-0.6087,-1.1151,146.8,97.2,0.514
106.6,31653.1,34506.8,-1.3375,-1.2129,146.8,97.2,0.514
106.62,31731.5,34377.1,-1.0352,-1.5316,146.8,97.2,0.514
106.64,31857.7,34649.0,-0.5482,-0.8635,146.8,97.2,0.514
106.66,31948.9,34892.8,-0.1961,-0.2643,146.8,97.2,0.514
106.68,32260.1,35273.2,1.0048,0.6706,146.8,97.2,0.514
106.7,32364.3,35532.5,1.4067,1.3078,146.8,97.2,0.514
106.72,32379.0,35778.5,1.4637,1.9125,146.8,97.2,0.514
106.74,32380.9,35735.1,1.4709,1.8059,146.8,97.2,0.514
106.76,32301.5,35528.7,1.1645,1.2987,146.8,97.2,0.514
106.78,32111.5,35347.7,0.4312,0.8536,146.8,97.2,0.514
106.8,32060.6,35135.5,0.2348,0.3322,146.8,97.2,0.514
106.82,31993.0,35118.7,-0.0259,0.291,146.8,97.2,0.514
106.84,32041.2,34988.9,0.16,-0.028,146.8,97.2,0.514
106.86,31990.4,34977.5,-0.036,-0.0562,146.8,97.2,0.514
106.88,31878.3,34881.9,-0.4684,-0.2911,146.8,97.2,0.514
106.9,31852.8,34761.8,-0.567,-0.5861,146.8,97.2,0.514
106.92,31792.0,34713.4,-0.8018,-0.7052,146.8,97.2,0.514
106.94,31911.8,34653.0,-0.3394,-0.8537,146.8,97.2,0.514
106.96,31893.8,34674.1,-0.4087,-0.8017,146.8,97.2,0.514
106.98,31810.0,34701.8,-0.7323,-0.7336,146.8,97.2,0.514
107.0,31682.7,34474.5,-1.2236,-1.2922,146.8,97.2,0.514
107.02,31697.0,34357.8,-1.1682,-1.5791,146.8,97.2,0.514
107.04,31720.5,34510.7,-1.0774,-1.2034,146.8,97.2,0.514
107.06,31910.6,34631.2,-0.3439,-0.9072,146.8,97.2,0.514
107.08,32065.2,35094.4,0.2527,0.2312,146.8,97.2,0.514
107.1,32259.0,35441.1,1.0006,1.0832,146.8,97.2,0.514
107.12,32285.4,35761.2,1.1024,1.87,146.8,97.2,0.514
107.14,32381.3,35744.2,1.4723,1.8281,146.8,97.2,0.514
107.16,32310.7,35633.1,1.1998,1.5552,146.8,97.2,0.514
107.18,32183.3,35356.9,0.7083,0.8764,146.8,97.2,0.514
107.2,32126.2,35198.6,0.4881,0.4873,146.8,97.2,0.514
107.22,32059.8,35116.7,0.2316,0.2861,146.8,97.2,0.514
107.24,32001.7,35049.1,0.0078,0.12,146.8,97.2,0.514
107.26,31986.8,35002.6,-0.05,0.0055,146.8,97.2,0.514
107.28,31942.0,35002.7,-0.2228,0.0058,146.8,97.2,0.514
107.3,31979.5,34799.6,-0.0779,-0.4934,146.8,97.2,0.514
107.32,31783.4,34592.8,-0.8346,-1.0016,146.8,97.2,0.514
107.34,31884.1,34623.7,-0.4463,-0.9257,146.8,97.2,0.514
107.36,31851.3,34662.1,-0.5728,-0.8312,146.8,97.2,0.514
107.38,31736.6,34667.8,-1.0154,-0.8173,146.8,97.2,0.514
107.4,31753.9,34564.5,-0.9487,-1.0711,146.8,97.2,0.514
107.42,31761.6,34462.9,-0.9191,-1.3209,146.8,97.2,0.514
107.44,31648.0,34538.8,-1.3574,-1.1344,146.8,97.2,0.514
107.46,31814.3,34640.5,-0.7154,-0.8842,146.8,97.2,0.514
107.48,31985.0,34923.6,-0.0567,-0.1885,146.8,97.2,0.514
107.5,32182.7,35314.7,0.7059,0.7726,146.8,97.2,0.514
107.52,32257.3,35638.8,0.9939,1.5692,146.8,97.2,0.514
107.54,32331.3,35707.2,1.2795,1.7374,146.8,97.2,0.514
107.56,32418.5,35713.1,1.6161,1.7517,146.8,97.2,0.514
107.58,32267.6,35457.7,1.0338,1.124,146.8,97.2,0.514
107.6,32132.0,35331.9,0.5103,0.815,146.8,97.2,0.514
107.62,32081.0,35215.5,0.3135,0.5288,146.8,97.2,0.514
107.64,32045.4,35166.2,0.1762,0.4076,146.8,97.2,0.514
107.66,32003.3,35064.1,0.0136,0.1568,146.8,97.2,0.514
107.68,31957.0,34999.7,-0.1649,-0.0015,146.8,97.2,0.514
107.7,31964.3,34920.9,-0.1366,-0.1952,146.8,97.2,0.514
107.72,31896.7,34800.2,-0.3975,-0.4918,146.8,97.2,0.514
107.74,31786.7,34642.3,-0.8221,-0.8798,146.8,97.2,0.514
107.76,31902.7,34635.1,-0.3744,-0.8977,146.8,97.2,0.514
107.78,31778.9,34704.1,-0.8522,-0.728,146.8,97.2,0.514
107.8,31685.3,34633.3,-1.2133,-0.9021,146.8,97.2,0.514
107.82,31763.3,34540.4,-0.9123,-1.1303,146.8,97.2,0.514
107.84,31752.7,34483.0,-0.9532,-1.2714,146.8,97.2,0.514
107.86,31820.5,34651.5,-0.6915,-0.8573,146.8,97.2,0.514
107.88,31863.0,34752.8,-0.5277,-0.6084,146.8,97.2,0.514
107.9,32025.7,35251.8,0.1,0.618,146.8,97.2,0.514
107.92,32293.0,35520.2,1.1315,1.2777,146.8,97.2,0.514
107.94,32377.1,35714.7,1.4561,1.7557,146.8,97.2,0.514
107.96,32360.8,35670.6,1.3933,1.6474,146.8,97.2,0.514
107.98,32282.6,35548.3,1.0914,1.3467,146.8,97.2,0.514
108.0,32093.0,35399.5,0.3599,0.981,146.8,97.2,0.514
108.02,32180.7,35184.2,0.6984,0.452,146.8,97.2,0.514
108.04,32171.0,35121.1,0.6607,0.2969,146.8,97.2,0.514
108.06,32098.1,35083.3,0.3795,0.204,146.8,97.2,0.514
108.08,32055.5,34958.6,0.2151,-0.1025,146.8,97.2,0.514
108.1,31902.7,34839.0,-0.3744,-0.3964,146.8,97.2,0.514
108.12,32025.2,34790.0,0.0984,-0.5169,146.8,97.2,0.514
108.14,31941.2,34669.9,-0.2258,-0.8121,146.8,97.2,0.514
108.16,31900.8,34620.5,-0.3819,-0.9336,146.8,97.2,0.514
108.18,31782.4,34779.0,-0.8385,-0.5439,146.8,97.2,0.514
108.2,31745.0,34620.5,-0.9828,-0.9334,146.8,97.2,0.514
108.22,31757.2,34470.3,-0.9359,-1.3027,146.8,97.2,0.514
108.24,31705.0,34470.2,-1.1372,-1.3028,146.8,97.2,0.514
108.26,31820.7,34487.5,-0.6908,-1.2603,146.8,97.2,0.514
108.28,31800.2,34644.0,-0.77,-0.8758,146.8,97.2,0.514
108.3,32054.5,34973.2,0.2112,-0.0666,146.8,97.2,0.514
108.32,32248.8,35451.7,0.961,1.1092,146.8,97.2,0.514
108.34,32380.4,35710.7,1.4691,1.7458,146.8,97.2,0.514
108.36,32291.3,35818.9,1.125,2.0118,146.8,97.2,0.514
108.38,32395.5,35652.6,1.5272,1.6031,146.8,97.2,0.514
108.4,32317.6,35382.6,1.2267,0.9396,146.8,97.2,0.514
108.42,32106.9,35334.8,0.4137,0.8221,146.8,97.2,0.514
108.44,32184.4,35119.1,0.7125,0.2919,146.8,97.2,0.514
108.46,32008.8,35081.5,0.0348,0.1995,146.8,97.2,0.514
108.48,32117.2,35078.2,0.4534,0.1913,146.8,97.2,0.514
108.5,31993.2,34864.4,-0.0254,-0.334,146.8,97.2,0.514
108.52,31936.1,34897.9,-0.2455,-0.2516,146.8,97.2,0.514
108.54,31928.4,34639.7,-0.2754,-0.8863,146.8,97.2,0.514
108.56,31846.0,34651.1,-0.5932,-0.8584,146.8,97.2,0.514
108.58,31889.5,34661.2,-0.4252,-0.8336,146.8,97.2,0.514
108.6,31839.8,34696.5,-0.6171,-0.7466,146.8,97.2,0.514
108.62,31706.0,34585.2,-1.1333,-1.0203,146.8,97.2,0.514
108.64,31749.5,34355.8,-0.9658,-1.5841,146.8,97.2,0.514
108.66,31811.1,34623.3,-0.728,-0.9266,146.8,97.2,0.514
108.68,31770.0,34607.2,-0.8865,-0.9661,146.8,97.2,0.514
108.7,31927.6,34856.4,-0.2785,-0.3537,146.8,97.2,0.514
108.72,32086.9,35138.0,0.3362,0.3384,146.8,97.2,0.514
108.74,32236.6,35570.9,0.9141,1.4023,146.8,97.2,0.514
108.76,32286.8,35852.9,1.1079,2.0955,146.8,97.2,0.514
108.78,32356.9,35772.3,1.3783,1.8973,146.8,97.2,0.514
108.8,32304.1,35498.2,1.1744,1.2237,146.8,97.2,0.514
108.82,32120.5,35341.9,0.4659,0.8394,146.8,97.2,0.514
108.84,32027.6,35158.6,0.1076,0.3891,146.8,97.2,0.514
108.86,32071.3,35093.1,0.2762,0.228,146.8,97.2,0.514
108.88,31968.5,35026.6,-0.1204,0.0645,146.8,97.2,0.514
108.9,31985.6,34960.1,-0.0547,-0.0989,146.8,97.2,0.514
108.92,31893.3,34920.8,-0.4107,-0.1954,146.8,97.2,0.514
108.94,31920.1,34772.5,-0.3072,-0.56,146.8,97.2,0.514
108.96,31917.6,34723.6,-0.3169,-0.6801,146.8,97.2,0.514
108.98,31790.0,34541.0,-0.8095,-1.1288,146.8,97.2,0.514
109.0,31846.8,34608.5,-0.59,-0.963,146.8,97.2,0.514
109.02,31790.3,34551.0,-0.8082,-1.1043,146.8,97.2,0.514
109.04,31814.1,34524.0,-0.7162,-1.1706,146.8,97.2,0.514
109.06,31814.8,34490.6,-0.7137,-1.2528,146.8,97.2,0.514
109.08,31835.0,34427.4,-0.6355,-1.4081,146.8,97.2,0.514
109.1,31799.6,34598.2,-0.7722,-0.9884,146.8,97.2,0.514
109.12,31936.6,35041.5,-0.2436,0.1012,146.8,97.2,0.514
109.14,32244.2,35447.3,0.9434,1.0986,146.8,97.2,0.514
109.16,32393.7,35800.8,1.5203,1.9673,146.8,97.2,0.514
109.18,32257.6,35722.4,0.995,1.7746,146.8,97.2,0.514
109.2,32390.9,35643.7,1.5094,1.5812,146.8,97.2,0.514
109.22,32259.4,35465.1,1.0022,1.1422,146.8,97.2,0.514
109.24,32096.8,35234.9,0.3744,0.5766,146.8,97.2,0.514
109.26,32144.3,35225.3,0.5577,0.5529,146.8,97.2,0.514
109.28,32052.2,35197.3,0.2026,0.4841,146.8,97.2,0.514
109.3,32054.9,35065.0,0.213,0.1589,146.8,97.2,0.514
109.32,31940.8,34944.7,-0.2273,-0.1368,146.8,97.2,0.514
109.34,31941.7,34866.0,-0.2241,-0.3301,146.8,97.2,0.514
109.36,31907.5,34662.7,-0.3557,-0.8297,146.8,97.2,0.514
109.38,31863.3,34712.5,-0.5265,-0.7074,146.8,97.2,0.514
109.4,31779.3,34670.3,-0.8507,-0.811,146.8,97.2,0.514
109.42,31850.1,34714.4,-0.5775,-0.7026,146.8,97.2,0.514
109.44,31767.1,34546.6,-0.8977,-1.1152,146.8,97.2,0.514
109.46,31730.6,34435.2,-1.0385,-1.3889,146.8,97.2,0.514
109.48,31845.7,34471.0,-0.5945,-1.3008,146.8,97.2,0.514
109.5,31886.4,34709.2,-0.4373,-0.7155,146.8,97.2,0.514
109.52,31794.9,34910.9,-0.7904,-0.2198,146.8,97.2,0.514
109.54,32152.9,35169.1,0.5909,0.4148,146.8,97.2,0.514
109.56,32279.7,35499.2,1.0805,1.2262,146.8,97.2,0.514
109.58,32355.0,35743.8,1.3709,1.8271,146.8,97.2,0.514
109.6,32343.0,35676.8,1.3247,1.6625,146.8,97.2,0.514
109.62,32293.6,35559.0,1.1339,1.373,146.8,97.2,0.514
109.64,32107.9,35349.3,0.4176,0.8577,146.8,97.2,0.514
109.66,32046.4,35153.6,0.1802,0.3766,146.8,97.2,0.514
109.68,32015.0,35116.9,0.059,0.2866,146.8,97.2,0.514
109.7,32084.3,35118.7,0.3264,0.2909,146.8,97.2,0.514
109.72,32005.1,34954.0,0.0208,-0.1138,146.8,97.2,0.514
109.74,31931.8,34884.5,-0.2621,-0.2845,146.8,97.2,0.514
109.76,31924.9,34800.7,-0.2888,-0.4906,146.8,97.2,0.514
109.78,31871.9,34669.0,-0.4932,-0.8142,146.8,97.2,0.514
109.8,31907.5,34683.3,-0.3561,-0.7791,146.8,97.2,0.514
109.82,31855.6,34647.1,-0.556,-0.8681,146.8,97.2,0.514
109.84,31886.5,34644.6,-0.4368,-0.8743,146.8,97.2,0.514
109.86,31776.9,34585.1,-0.8598,-1.0205,146.8,97.2,0.514
109.88,31782.1,34467.9,-0.8397,-1.3085,146.8,97.2,0.514
109.9,31766.2,34479.4,-0.9011,-1.2802,146.8,97.2,0.514
109.92,31820.9,34738.1,-0.69,-0.6446,146.8,97.2,0.514
109.94,32090.8,35197.0,0.3514,0.4834,146.8,97.2,0.514
109.96,32239.0,35414.4,0.9232,1.0178,146.8,97.2,0.514
109.98,32344.0,35734.7,1.3286,1.8049,146.8,97.2,0.514
110.0,32404.6,35817.9,1.5624,2.0094,146.8,97.2,0.514
110.02,32230.6,35627.2,0.891,1.5408,146.8,97.2,0.514
110.04,32270.4,35360.6,1.0443,0.8856,146.8,97.2,0.514
110.06,32037.5,35163.1,0.1457,0.4,146.8,97.2,0.514
110.08,31999.0,35066.1,-0.0028,0.1617,146.8,97.2,0.514
110.1,32090.0,35044.5,0.3483,0.1087,146.8,97.2,0.514
110.12,32063.7,34914.0,0.2467,-0.2121,146.8,97.2,0.514
110.14,31861.0,34944.7,-0.5354,-0.1367,146.8,97.2,0.514
110.16,31855.7,34798.6,-0.5559,-0.4958,146.8,97.2,0.514
110.18,31809.2,34657.1,-0.7354,-0.8436,146.8,97.2,0.514
110.2,31825.0,34695.2,-0.6744,-0.7498,146.8,97.2,0.514
110.22,31795.6,34740.6,-0.7877,-0.6384,146.8,97.2,0.514
110.24,31841.0,34572.0,-0.6127,-1.0526,146.8,97.2,0.514
110.26,31874.4,34558.3,-0.4837,-1.0863,146.8,97.2,0.514
110.28,31738.9,34507.1,-1.0066,-1.2123,146.8,97.2,0.514
110.3,31773.8,34380.7,-0.8718,-1.5229,146.8,97.2,0.514
110.32,31794.7,34593.7,-0.7913,-0.9993,146.8,97.2,0.514
110.34,31916.7,34887.1,-0.3202,-0.2782,146.8,97.2,0.514
110.36,32022.5,35334.6,0.0879,0.8216,146.8,97.2,0.514
110.38,32280.3,35603.1,1.0826,1.4814,146.8,97.2,0.514
110.4,32383.7,35837.0,1.4816,2.0562,146.8,97.2,0.514
110.42,32287.3,35656.5,1.1098,1.6128,146.8,97.2,0.514
110.44,32348.0,35510.2,1.3439,1.2532,146.8,97.2,0.514
110.46,32238.4,35335.8,0.9208,0.8245,146.8,97.2,0.514
110.48,32050.2,35165.0,0.1946,0.4047,146.8,97.2,0.514
110.5,32111.3,35063.7,0.4305,0.1557,146.8,97.2,0.514
110.52,32007.7,34962.0,0.0307,-0.0942,146.8,97.2,0.514
110.54,32047.3,34961.6,0.1835,-0.0951,146.8,97.2,0.514
110.56,31850.7,34838.8,-0.5749,-0.3969,146.8,97.2,0.514
110.58,31884.4,34751.7,-0.4449,-0.6111,146.8,97.2,0.514
110.6,31803.0,34692.1,-0.7593,-0.7576,146.8,97.2,0.514
110.62,31825.8,34633.9,-0.6713,-0.9005,146.8,97.2,0.514
110.64,31825.3,34639.5,-0.6732,-0.8867,146.8,97.2,0.514
110.66,31808.4,34618.9,-0.7382,-0.9375,146.8,97.2,0.514
110.68,31738.0,34491.3,-1.0101,-1.251,146.8,97.2,0.514
110.7,31842.1,34510.5,-0.6082,-1.2038,146.8,97.2,0.514
110.72,31752.5,34616.6,-0.954,-0.9431,146.8,97.2,0.514
110.74,31883.8,34795.4,-0.4472,-0.5037,146.8,97.2,0.514
110.76,32034.1,35110.4,0.1328,0.2705,146.8,97.2,0.514
110.78,32284.0,35433.6,1.0969,1.0649,146.8,97.2,0.514
110.8,32390.6,35690.1,1.5081,1.6954,146.8,97.2,0.514
110.82,32342.4,35725.0,1.3225,1.7811,146.8,97.2,0.514
110.84,32304.7,35622.4,1.1767,1.529,146.8,97.2,0.514
110.86,32105.4,35383.0,0.4077,0.9405,146.8,97.2,0.514
110.88,32191.7,35267.1,0.7408,0.6557,146.8,97.2,0.514
110.9,31997.2,35038.6,-0.0098,0.0942,146.8,97.2,0.514
110.92,32055.5,35193.5,0.215,0.4747,146.8,97.2,0.514
110.94,31967.3,35086.2,-0.1253,0.2111,146.8,97.2,0.514
110.96,31923.6,34936.7,-0.2936,-0.1564,146.8,97.2,0.514
110.98,31885.3,34822.6,-0.4416,-0.4367,146.8,97.2,0.514
111.0,31861.7,34795.7,-0.5327,-0.5028,146.8,97.2,0.514
111.02,31880.5,34645.2,-0.4599,-0.8728,146.8,97.2,0.514
111.04,31881.0,34742.8,-0.4581,-0.633,146.8,97.2,0.514
111.06,31903.8,34662.4,-0.3701,-0.8304,146.8,97.2,0.514
111.08,31794.0,34590.1,-0.7937,-1.0081,146.8,97.2,0.514
111.1,31723.1,34534.7,-1.0673,-1.1444,146.8,97.2,0.514
111.12,31696.6,34418.9,-1.1699,-1.429,146.8,97.2,0.514
111.14,31912.6,34654.2,-0.3364,-0.8505,146.8,97.2,0.514
111.16,31953.0,34956.7,-0.1803,-0.1073,146.8,97.2,0.514
111.18,32100.2,35345.4,0.3878,0.8482,146.8,97.2,0.514
111.2,32293.0,35624.7,1.1315,1.5345,146.8,97.2,0.514
111.22,32307.5,35668.1,1.1874,1.6411,146.8,97.2,0.514
111.24,32407.2,35667.2,1.5725,1.639,146.8,97.2,0.514
111.26,32201.0,35485.8,0.7767,1.193,146.8,97.2,0.514
111.28,32095.2,35349.2,0.3685,0.8574,146.8,97.2,0.514
111.3,32106.3,35065.7,0.4114,0.1607,146.8,97.2,0.514
111.32,31989.9,35113.0,-0.0379,0.2769,146.8,97.2,0.514
111.34,32026.0,35052.1,0.1012,0.1273,146.8,97.2,0.514
111.36,32003.2,34879.8,0.0135,-0.2962,146.8,97.2,0.514
111.38,31899.3,34857.2,-0.3875,-0.3518,146.8,97.2,0.514
111.4,31987.3,34734.6,-0.0481,-0.6531,146.8,97.2,0.514
111.42,31929.4,34719.0,-0.2713,-0.6913,146.8,97.2,0.514
111.44,31861.7,34705.4,-0.5327,-0.7248,146.8,97.2,0.514
111.46,31834.5,34629.2,-0.6376,-0.9121,146.8,97.2,0.514
111.48,31852.2,34618.7,-0.5694,-0.938,146.8,97.2,0.514
111.5,31735.2,34487.9,-1.0206,-1.2595,146.8,97.2,0.514
111.52,31714.9,34465.6,-1.0991,-1.3143,146.8,97.2,0.514
111.54,31740.2,34407.8,-1.0015,-1.4562,146.8,97.2,0.514
111.56,31907.1,34887.0,-0.3576,-0.2786,146.8,97.2,0.514
111.58,32075.6,35248.5,0.2928,0.6099,146.8,97.2,0.514
111.6,32257.7,35463.3,0.9953,1.1378,146.8,97.2,0.514
111.62,32377.5,35807.6,1.4576,1.984,146.8,97.2,0.514
111.64,32351.5,35687.9,1.3575,1.6899,146.8,97.2,0.514
111.66,32216.8,35519.1,0.8377,1.2751,146.8,97.2,0.514
111.68,32177.1,35303.4,0.6845,0.7448,146.8,97.2,0.514
111.7,32059.5,35173.0,0.2304,0.4243,146.8,97.2,0.514
111.72,32054.1,35051.0,0.2098,0.1245,146.8,97.2,0.514
111.74,32087.3,35019.0,0.338,0.046,146.8,97.2,0.514
111.76,32026.4,35010.2,0.1031,0.0243,146.8,97.2,0.514
111.78,31872.1,34925.9,-0.4924,-0.183,146.8,97.2,0.514
111.8,31926.8,34844.1,-0.2815,-0.3839,146.8,97.2,0.514
111.82,31909.2,34716.2,-0.3494,-0.6983,146.8,97.2,0.514
111.84,31827.7,34654.1,-0.664,-0.8509,146.8,97.2,0.514
111.86,31880.2,34704.9,-0.4611,-0.726,146.8,97.2,0.514
111.88,31785.3,34576.1,-0.8275,-1.0426,146.8,97.2,0.514
111.9,31767.3,34483.2,-0.897,-1.271,146.8,97.2,0.514
111.92,31813.5,34430.9,-0.7187,-1.3995,146.8,97.2,0.514
111.94,31784.6,34472.6,-0.8303,-1.2969,146.8,97.2,0.514
111.96,31959.8,34651.5,-0.1542,-0.8572,146.8,97.2,0.514
111.98,31955.3,35024.0,-0.1713,0.0582,146.8,97.2,0.514
112.0,32166.2,35408.7,0.6423,1.0036,146.8,97.2,0.514
112.02,32320.7,35672.3,1.2386,1.6516,146.8,97.2,0.514
112.04,32337.6,35679.9,1.3039,1.6703,146.8,97.2,0.514
112.06,32399.9,35661.5,1.544,1.6251,146.8,97.2,0.514
112.08,32291.2,35429.7,1.1246,1.0552,146.8,97.2,0.514
112.1,32104.8,35156.5,0.4054,0.3838,146.8,97.2,0.514
112.12,32083.2,35228.3,0.3223,0.5603,146.8,97.2,0.514
112.14,32034.4,35103.7,0.134,0.2542,146.8,97.2,0.514
112.16,32108.3,35017.0,0.4191,0.041,146.8,97.2,0.514
112.18,31931.8,34950.7,-0.2622,-0.122,146.8,97.2,0.514
112.2,31879.0,34855.8,-0.466,-0.3551,146.8,97.2,0.514
112.22,31798.9,34803.2,-0.7749,-0.4844,146.8,97.2,0.514
112.24,31801.2,34692.0,-0.7661,-0.7579,146.8,97.2,0.514
112.26,31825.5,34636.0,-0.6725,-0.8955,146.8,97.2,0.514
112.28,31765.4,34643.2,-0.9044,-0.8777,146.8,97.2,0.514
112.3,31810.9,34609.0,-0.7286,-0.9617,146.8,97.2,0.514
112.32,31731.8,34408.2,-1.034,-1.4552,146.8,97.2,0.514
112.34,31754.8,34529.1,-0.9453,-1.158,146.8,97.2,0.514
112.36,31839.5,34657.3,-0.6182,-0.8429,146.8,97.2,0.514
112.38,31950.7,34945.1,-0.1894,-0.1357,146.8,97.2,0.514
112.4,32040.8,35204.1,0.1584,0.5007,146.8,97.2,0.514
112.42,32162.4,35621.6,0.6276,1.5269,146.8,97.2,0.514
112.44,32295.3,35775.3,1.1404,1.9046,146.8,97.2,0.514
112.46,32170.6,35627.0,0.6592,1.5402,146.8,97.2,0.514
112.48,32272.2,35571.6,1.0515,1.4041,146.8,97.2,0.514
112.5,32160.2,35307.7,0.6191,0.7555,146.8,97.2,0.514
112.52,32097.1,35179.1,0.3755,0.4394,146.8,97.2,0.514
112.54,31975.3,35145.7,-0.0942,0.3573,146.8,97.2,0.514
112.56,32123.1,35084.5,0.4761,0.2068,146.8,97.2,0.514
112.58,31986.5,34899.7,-0.0509,-0.2474,146.8,97.2,0.514
112.6,31939.8,34927.4,-0.2313,-0.1791,146.8,97.2,0.514
112.62,31917.6,34823.8,-0.3168,-0.4338,146.8,97.2,0.514
112.64,31970.7,34700.5,-0.1119,-0.737,146.8,97.2,0.514
112.66,31773.4,34744.3,-0.8734,-0.6292,146.8,97.2,0.514
112.68,31904.8,34637.7,-0.3663,-0.8913,146.8,97.2,0.514
112.7,31851.5,34560.2,-0.5722,-1.0816,146.8,97.2,0.514
112.72,31734.4,34549.7,-1.0239,-1.1075,146.8,97.2,0.514
112.74,31699.0,34449.6,-1.1604,-1.3535,146.8,97.2,0.514
112.76,31688.5,34588.6,-1.201,-1.012,146.8,97.2,0.514
112.78,31822.6,34686.2,-0.6837,-0.7721,146.8,97.2,0.514
112.8,31900.6,34976.7,-0.3827,-0.0581,146.8,97.2,0.514
112.82,32231.2,35500.1,0.893,1.2284,146.8,97.2,0.514
112.84,32400.2,35780.7,1.5454,1.918,146.8,97.2,0.514
112.86,32326.8,35775.0,1.2622,1.904,146.8,97.2,0.514
112.88,32314.4,35590.2,1.2141,1.4497,146.8,97.2,0.514
112.9,32181.8,35409.5,0.7026,1.0057,146.8,97.2,0.514
112.92,32135.9,35245.3,0.5255,0.6021,146.8,97.2,0.514
112.94,32089.6,35100.6,0.3466,0.2466,146.8,97.2,0.514
112.96,31963.9,35118.1,-0.1384,0.2896,146.8,97.2,0.514
112.98,31970.4,34933.9,-0.1131,-0.1632,146.8,97.2,0.514
113.0,32047.0,34874.9,0.1822,-0.3083,146.8,97.2,0.514
113.02,31868.6,34744.2,-0.5059,-0.6295,146.8,97.2,0.514
113.04,31842.8,34650.9,-0.6057,-0.8587,146.8,97.2,0.514
113.06,31793.1,34618.7,-0.7975,-0.9378,146.8,97.2,0.514
113.08,31794.9,34687.2,-0.7903,-0.7695,146.8,97.2,0.514
113.1,31844.6,34627.4,-0.5986,-0.9166,146.8,97.2,0.514
113.12,31891.4,34495.0,-0.4182,-1.2419,146.8,97.2,0.514
113.14,31827.0,34477.7,-0.6666,-1.2843,146.8,97.2,0.514
113.16,31615.3,34398.3,-1.4836,-1.4797,146.8,97.2,0.514
113.18,31809.5,34629.0,-0.734,-0.9127,146.8,97.2,0.514
113.2,31875.3,34821.1,-0.4801,-0.4404,146.8,97.2,0.514
113.22,32141.0,35259.2,0.5453,0.6362,146.8,97.2,0.514
113.24,32269.7,35610.7,1.0418,1.5002,146.8,97.2,0.514
113.26,32326.9,35723.8,1.2626,1.7781,146.8,97.2,0.514
113.28,32277.6,35700.4,1.0721,1.7205,146.8,97.2,0.514
113.3,32308.7,35481.6,1.1924,1.1827,146.8,97.2,0.514
113.32,32247.4,35208.9,0.9558,0.5127,146.8,97.2,0.514
113.34,31962.2,35176.7,-0.1448,0.4335,146.8,97.2,0.514
113.36,32076.0,35133.3,0.2943,0.3268,146.8,97.2,0.514
113.38,32067.6,35090.6,0.2618,0.2218,146.8,97.2,0.514
113.4,31931.4,35037.6,-0.2635,0.0916,146.8,97.2,0.514
113.42,31883.2,34948.3,-0.4496,-0.1279,146.8,97.2,0.514
113.44,31897.9,34751.5,-0.393,-0.6115,146.8,97.2,0.514
113.46,31952.0,34648.4,-0.1843,-0.8648,146.8,97.2,0.514
113.48,31814.5,34775.3,-0.7149,-0.553,146.8,97.2,0.514
113.5,31821.3,34704.6,-0.6887,-0.7269,146.8,97.2,0.514
113.52,31824.4,34527.2,-0.6764,-1.1628,146.8,97.2,0.514
113.54,31773.3,34463.2,-0.8738,-1.3201,146.8,97.2,0.514
113.56,31770.3,34380.7,-0.8853,-1.5227,146.8,97.2,0.514
113.58,31699.4,34540.7,-1.1589,-1.1295,146.8,97.2,0.514
113.6,31870.7,34710.6,-0.498,-0.712,146.8,97.2,0.514
113.62,32026.9,35067.0,0.1048,0.1638,146.8,97.2,0.514
113.64,32260.4,35545.2,1.0057,1.3392,146.8,97.2,0.514
113.66,32418.3,35773.4,1.6153,1.9,146.8,97.2,0.514
113.68,32372.6,35737.9,1.4388,1.8127,146.8,97.2,0.514
113.7,32238.4,35600.4,0.9208,1.4748,146.8,97.2,0.514
113.72,32207.1,35343.4,0.8001,0.8431,146.8,97.2,0.514
113.74,32090.6,35224.7,0.3506,0.5514,146.8,97.2,0.514
113.76,32092.5,35145.1,0.3581,0.3557,146.8,97.2,0.514
113.78,32060.3,35023.0,0.2337,0.0557,146.8,97.2,0.514
113.8,32030.2,34966.6,0.1174,-0.083,146.8,97.2,0.514
113.82,31983.8,34892.4,-0.0614,-0.2653,146.8,97.2,0.514
113.84,31831.9,34867.1,-0.6476,-0.3274,146.8,97.2,0.514
113.86,31796.4,34738.9,-0.7846,-0.6424,146.8,97.2,0.514
113.88,31898.0,34749.1,-0.3925,-0.6175,146.8,97.2,0.514
113.9,31885.1,34605.9,-0.4422,-0.9694,146.8,97.2,0.514
113.92,31813.1,34644.7,-0.7201,-0.8739,146.8,97.2,0.514
113.94,31777.2,34573.6,-0.8587,-1.0487,146.8,97.2,0.514
113.96,31702.9,34528.5,-1.1452,-1.1595,146.8,97.2,0.514
113.98,31784.5,34509.2,-0.8307,-1.207,146.8,97.2,0.514
114.0,31931.3,34689.4,-0.2642,-0.764,146.8,97.2,0.514
114.02,31936.4,35026.9,-0.2444,0.0654,146.8,97.2,0.514
114.04,32156.8,35323.3,0.6061,0.7938,146.8,97.2,0.514
114.06,32300.1,35556.2,1.159,1.3661,146.8,97.2,0.514
114.08,32384.9,35720.3,1.4864,1.7696,146.8,97.2,0.514
114.1,32306.0,35660.2,1.1818,1.6217,146.8,97.2,0.514
114.12,32266.0,35551.2,1.0273,1.354,146.8,97.2,0.514
114.14,32049.9,35329.4,0.1935,0.8089,146.8,97.2,0.514
114.16,32020.3,35213.0,0.0792,0.5228,146.8,97.2,0.514
114.18,32055.4,35100.0,0.2149,0.245,146.8,97.2,0.514
114.2,32022.6,35058.9,0.0884,0.1441,146.8,97.2,0.514
114.22,32008.3,35052.4,0.033,0.1281,146.8,97.2,0.514
114.24,31961.1,34815.0,-0.149,-0.4554,146.8,97.2,0.514
114.26,31860.5,34718.2,-0.5373,-0.6934,146.8,97.2,0.514
114.28,31777.4,34670.5,-0.8578,-0.8105,146.8,97.2,0.514
114.3,31820.4,34692.3,-0.6921,-0.7571,146.8,97.2,0.514
114.32,31814.6,34618.3,-0.7143,-0.9389,146.8,97.2,0.514
114.34,31796.1,34516.1,-0.7859,-1.1902,146.8,97.2,0.514
114.36,31719.0,34553.0,-1.0833,-1.0995,146.8,97.2,0.514
114.38,31604.1,34546.7,-1.5265,-1.1148,146.8,97.2,0.514
114.4,31816.8,34515.1,-0.7059,-1.1926,146.8,97.2,0.514
114.42,31982.4,34813.5,-0.0669,-0.4592,146.8,97.2,0.514
114.44,32146.3,35135.2,0.5655,0.3314,146.8,97.2,0.514
114.46,32244.5,35509.6,0.9446,1.2517,146.8,97.2,0.514
114.48,32252.0,35755.4,0.9733,1.8556,146.8,97.2,0.514
114.5,32383.9,35718.4,1.4824,1.7647,146.8,97.2,0.514
114.52,32259.1,35610.9,1.0007,1.5006,146.8,97.2,0.514
114.54,32173.5,35356.0,0.6706,0.8742,146.8,97.2,0.514
114.56,32077.7,35197.6,0.301,0.4848,146.8,97.2,0.514
114.58,32050.0,35105.0,0.1939,0.2572,146.8,97.2,0.514
114.6,32079.4,35034.5,0.3073,0.084,146.8,97.2,0.514
114.62,32046.0,35048.1,0.1784,0.1173,146.8,97.2,0.514
114.64,31894.7,34890.2,-0.4052,-0.2705,146.8,97.2,0.514
114.66,31901.4,34734.3,-0.3796,-0.6539,146.8,97.2,0.514
114.68,31871.9,34710.7,-0.4934,-0.7118,146.8,97.2,0.514
114.7,31808.9,34700.3,-0.7366,-0.7374,146.8,97.2,0.514
114.72,31820.7,34553.0,-0.6909,-1.0994,146.8,97.2,0.514
114.74,31767.8,34516.4,-0.8949,-1.1893,146.8,97.2,0.514
114.76,31801.3,34463.7,-0.7657,-1.3189,146.8,97.2,0.514
114.78,31873.2,34486.5,-0.4882,-1.2628,146.8,97.2,0.514
114.8,31796.8,34501.3,-0.783,-1.2264,146.8,97.2,0.514
114.82,31893.9,34632.6,-0.4085,-0.9038,146.8,97.2,0.514
114.84,32016.9,35035.1,0.0661,0.0854,146.8,97.2,0.514
114.86,32169.0,35468.9,0.6533,1.1517,146.8,97.2,0.514
114.88,32277.0,35571.8,1.07,1.4046,146.8,97.2,0.514
114.9,32347.3,35798.9,1.3414,1.9626,146.8,97.2,0.514
114.92,32280.3,35728.6,1.0828,1.79,146.8,97.2,0.514
114.94,32250.3,35438.9,0.9667,1.0778,146.8,97.2,0.514
114.96,32033.6,35247.4,0.1307,0.6072,146.8,97.2,0.514
114.98,32092.0,35096.4,0.3561,0.2361,146.8,97.2,0.514
115.0,32072.5,35189.0,0.2808,0.4637,146.8,97.2,0.514
115.02,31946.3,35075.1,-0.2061,0.1837,146.8,97.2,0.514
115.04,31897.3,34929.8,-0.3951,-0.1734,146.8,97.2,0.514
115.06,31959.2,34904.7,-0.1564,-0.235,146.8,97.2,0.514
115.08,32018.5,34650.8,0.0726,-0.859,146.8,97.2,0.514
115.1,31819.8,34705.4,-0.6942,-0.7248,146.8,97.2,0.514
115.12,31811.0,34655.4,-0.7282,-0.8477,146.8,97.2,0.514
115.14,31735.7,34642.6,-1.019,-0.8791,146.8,97.2,0.514
115.16,31754.2,34572.8,-0.9476,-1.0508,146.8,97.2,0.514
115.18,31785.8,34456.9,-0.8256,-1.3356,146.8,97.2,0.514
115.2,31631.5,34428.9,-1.4211,-1.4044,146.8,97.2,0.514
115.22,31765.7,34619.4,-0.903,-0.9361,146.8,97.2,0.514
115.24,31973.5,34824.6,-0.1013,-0.4319,146.8,97.2,0.514
115.26,32080.3,35240.0,0.311,0.5891,146.8,97.2,0.514
115.28,32295.1,35589.3,1.1399,1.4475,146.8,97.2,0.514
115.3,32342.9,35800.9,1.3243,1.9676,146.8,97.2,0.514
115.32,32288.2,35723.8,1.113,1.7781,146.8,97.2,0.514
115.34,32308.9,35589.7,1.193,1.4485,146.8,97.2,0.514
115.36,32167.0,35350.7,0.6454,0.8612,146.8,97.2,0.514
115.38,32183.9,35194.5,0.7108,0.4771,146.8,97.2,0.514
115.4,31968.3,35106.0,-0.1213,0.2597,146.8,97.2,0.514
115.42,31914.7,35074.5,-0.3283,0.1824,146.8,97.2,0.514
115.44,32008.7,35077.7,0.0346,0.1902,146.8,97.2,0.514
115.46,31919.4,34830.0,-0.31,-0.4187,146.8,97.2,0.514
115.48,31979.3,34724.4,-0.0789,-0.678,146.8,97.2,0.514
115.5,31921.4,34750.5,-0.3024,-0.6141,146.8,97.2,0.514
115.52,31871.1,34694.0,-0.4963,-0.7529,146.8,97.2,0.514
115.54,31799.9,34608.1,-0.7711,-0.9641,146.8,97.2,0.514
115.56,31956.5,34643.4,-0.1668,-0.8771,146.8,97.2,0.514
115.58,31738.4,34512.3,-1.0084,-1.1995,146.8,97.2,0.514
115.6,31719.8,34412.4,-1.0802,-1.4449,146.8,97.2,0.514
115.62,31840.2,34501.9,-0.6155,-1.225,146.8,97.2,0.514
115.64,31831.8,34705.8,-0.6481,-0.7238,146.8,97.2,0.514
115.66,32037.8,35079.0,0.147,0.1934,146.8,97.2,0.514
115.68,32158.7,35436.0,0.6135,1.0709,146.8,97.2,0.514
115.7,32287.1,35793.4,1.1087,1.9492,146.8,97.2,0.514
115.72,32313.7,35747.2,1.2115,1.8355,146.8,97.2,0.514
115.74,32359.5,35623.8,1.3884,1.5323,146.8,97.2,0.514
115.76,32230.9,35479.6,0.8919,1.1778,146.8,97.2,0.514
115.78,32135.2,35304.8,0.5226,0.7484,146.8,97.2,0.514
115.8,32161.2,35131.9,0.6229,0.3233,146.8,97.2,0.514
115.82,32088.6,35157.0,0.3428,0.385,146.8,97.2,0.514
115.84,31948.6,34970.7,-0.1974,-0.0727,146.8,97.2,0.514
115.86,32058.3,34968.0,0.2261,-0.0793,146.8,97.2,0.514
115.88,31916.7,34871.4,-0.3204,-0.3168,146.8,97.2,0.514
115.9,31862.4,34626.6,-0.5298,-0.9186,146.8,97.2,0.514
115.92,31855.5,34720.1,-0.5566,-0.6886,146.8,97.2,0.514
115.94,31955.9,34648.4,-0.1691,-0.8649,146.8,97.2,0.514
115.96,31891.6,34654.5,-0.4172,-0.8499,146.8,97.2,0.514
115.98,31901.2,34603.1,-0.3801,-0.9763,146.8,97.2,0.514
116.0,31885.5,34466.0,-0.441,-1.3132,146.8,97.2,0.514
116.02,31837.0,34435.3,-0.6279,-1.3887,146.8,97.2,0.514
116.04,31862.3,34579.9,-0.5302,-1.0334,146.8,97.2,0.514
116.06,31961.5,34876.9,-0.1476,-0.3032,146.8,97.2,0.514
116.08,32155.6,35235.5,0.6015,0.5781,146.8,97.2,0.514
116.1,32336.4,35583.7,1.299,1.4338,146.8,97.2,0.514
116.12,32248.1,35748.3,0.9585,1.8383,146.8,97.2,0.514
116.14,32262.1,35580.8,1.0124,1.4266,146.8,97.2,0.514
116.16,32183.8,35556.2,0.7102,1.3663,146.8,97.2,0.514
116.18,32179.9,35257.0,0.6954,0.6308,146.8,97.2,0.514
116.2,32131.2,35149.8,0.5072,0.3674,146.8,97.2,0.514
116.22,32059.0,35056.4,0.2288,0.1377,146.8,97.2,0.514
116.24,32010.0,35019.2,0.0396,0.0464,146.8,97.2,0.514
116.26,32040.7,34949.0,0.1582,-0.1261,146.8,97.2,0.514
116.28,32021.3,34787.6,0.0833,-0.5228,146.8,97.2,0.514
116.3,31893.0,34733.5,-0.4117,-0.6557,146.8,97.2,0.514
116.32,31885.9,34751.3,-0.4394,-0.6121,146.8,97.2,0.514
116.34,31880.1,34657.7,-0.4616,-0.8421,146.8,97.2,0.514
116.36,31820.7,34610.1,-0.6908,-0.9589,146.8,97.2,0.514
116.38,31818.4,34696.8,-0.6998,-0.7461,146.8,97.2,0.514
116.4,31743.4,34410.7,-0.9892,-1.4491,146.8,97.2,0.514
116.42,31714.7,34454.0,-1.0999,-1.3426,146.8,97.2,0.514
116.44,31709.2,34513.6,-1.121,-1.1961,146.8,97.2,0.514
116.46,31835.1,34743.5,-0.6354,-0.6311,146.8,97.2,0.514
116.48,32066.5,35127.4,0.2575,0.3124,146.8,97.2,0.514
116.5,32269.7,35481.0,1.0419,1.1813,146.8,97.2,0.514
116.52,32347.8,35712.9,1.3432,1.7513,146.8,97.2,0.514
116.54,32431.8,35725.3,1.6674,1.7818,146.8,97.2,0.514
116.56,32367.3,35675.0,1.4182,1.6582,146.8,97.2,0.514
116.58,32124.4,35449.6,0.481,1.1041,146.8,97.2,0.514
116.6,32080.1,35257.6,0.3102,0.6322,146.8,97.2,0.514
116.62,31994.7,35076.9,-0.0196,0.1883,146.8,97.2,0.514
116.64,32070.5,35075.4,0.2733,0.1846,146.8,97.2,0.514
116.66,31957.2,35080.8,-0.1641,0.1977,146.8,97.2,0.514
116.68,31948.9,34918.3,-0.1961,-0.2015,146.8,97.2,0.514
116.7,31946.9,34862.6,-0.2039,-0.3385,146.8,97.2,0.514
116.72,31804.9,34678.8,-0.7518,-0.7902,146.8,97.2,0.514
116.74,31777.9,34684.4,-0.8559,-0.7765,146.8,97.2,0.514
116.76,31874.9,34644.1,-0.4818,-0.8754,146.8,97.2,0.514
116.78,31878.9,34580.9,-0.4665,-1.0308,146.8,97.2,0.514
116.8,31829.4,34553.1,-0.6572,-1.099,146.8,97.2,0.514
116.82,31791.7,34520.4,-0.8028,-1.1794,146.8,97.2,0.514
116.84,31744.2,34534.7,-0.986,-1.1444,146.8,97.2,0.514
116.86,31759.8,34598.7,-0.926,-0.987,146.8,97.2,0.514
116.88,31955.4,34894.7,-0.1712,-0.2596,146.8,97.2,0.514
116.9,32150.8,35293.5,0.5829,0.7205,146.8,97.2,0.514
116.92,32293.6,35638.5,1.1339,1.5683,146.8,97.2,0.514
116.94,32357.7,35725.0,1.3812,1.7811,146.8,97.2,0.514
116.96,32349.2,35751.9,1.3484,1.8473,146.8,97.2,0.514
116.98,32231.0,35572.8,0.8926,1.407,146.8,97.2,0.514
117.0,32052.7,35287.8,0.2043,0.7066,146.8,97.2,0.514
117.02,32085.4,35165.1,0.3304,0.4049,146.8,97.2,0.514
117.04,32055.6,35150.3,0.2155,0.3686,146.8,97.2,0.514
117.06,31999.8,35048.8,0.0002,0.1191,146.8,97.2,0.514
117.08,31968.9,34971.8,-0.1188,-0.07,146.8,97.2,0.514
117.1,31914.0,34841.5,-0.3309,-0.3902,146.8,97.2,0.514
117.12,31855.8,34736.2,-0.5556,-0.6492,146.8,97.2,0.514
117.14,31882.2,34711.4,-0.4536,-0.7102,146.8,97.2,0.514
117.16,31816.2,34748.8,-0.7084,-0.6182,146.8,97.2,0.514
117.18,31817.8,34677.1,-0.7019,-0.7944,146.8,97.2,0.514
117.2,31869.3,34588.8,-0.5033,-1.0114,146.8,97.2,0.514
117.22,31686.5,34500.2,-1.2086,-1.2292,146.8,97.2,0.514
117.24,31837.3,34363.3,-0.6266,-1.5656,146.8,97.2,0.514
117.26,31721.7,34509.0,-1.0728,-1.2075,146.8,97.2,0.514
117.28,31794.0,34734.8,-0.7939,-0.6526,146.8,97.2,0.514
117.3,31990.0,35244.2,-0.0375,0.5993,146.8,97.2,0.514
117.32,32182.2,35546.8,0.7041,1.3431,146.8,97.2,0.514
117.34,32293.2,35702.5,1.1324,1.7257,146.8,97.2,0.514
117.36,32418.2,35837.5,1.6147,2.0575,146.8,97.2,0.514
117.38,32232.5,35533.4,0.8983,1.3102,146.8,97.2,0.514
117.4,32243.6,35408.5,0.9412,1.0031,146.8,97.2,0.514
117.42,32114.9,35117.5,0.4444,0.2879,146.8,97.2,0.514
117.44,31998.8,35107.5,-0.0036,0.2634,146.8,97.2,0.514
117.46,32036.1,35097.0,0.1404,0.2377,146.8,97.2,0.514
117.48,32022.6,35091.7,0.0881,0.2245,146.8,97.2,0.514
117.5,31910.5,34881.0,-0.3443,-0.2932,146.8,97.2,0.514
117.52,31986.2,34822.4,-0.0524,-0.4373,146.8,97.2,0.514
117.54,31785.4,34810.2,-0.827,-0.4673,146.8,97.2,0.514
117.56,31842.1,34705.1,-0.6083,-0.7256,146.8,97.2,0.514
117.58,31873.6,34658.9,-0.4868,-0.8391,146.8,97.2,0.514
117.6,31819.2,34601.1,-0.6967,-0.9811,146.8,97.2,0.514
117.62,31748.7,34518.2,-0.9687,-1.185,146.8,97.2,0.514
117.64,31775.2,34464.7,-0.8665,-1.3163,146.8,97.2,0.514
117.66,31716.7,34534.2,-1.0922,-1.1456,146.8,97.2,0.514
117.68,31795.1,34612.9,-0.7897,-0.9521,146.8,97.2,0.514
117.7,31903.5,35021.7,-0.3714,0.0524,146.8,97.2,0.514
117.72,32233.6,35426.6,0.9023,1.0476,146.8,97.2,0.514
117.74,32504.4,35635.3,1.9474,1.5605,146.8,97.2,0.514
117.76,32377.1,35724.3,1.4562,1.7792,146.8,97.2,0.514
117.78,32377.8,35715.7,1.4591,1.7581,146.8,97.2,0.514
117.8,32183.7,35530.3,0.71,1.3026,146.8,97.2,0.514
117.82,32060.4,35260.8,0.2342,0.6403,146.8,97.2,0.514
117.84,32012.7,35210.3,0.0499,0.516,146.8,97.2,0.514
117.86,32075.4,35070.0,0.2919,0.1712,146.8,97.2,0.514
117.88,32070.9,35075.4,0.2745,0.1846,146.8,97.2,0.514
117.9,31968.9,34881.6,-0.1188,-0.2918,146.8,97.2,0.514
117.92,31894.4,34875.1,-0.4065,-0.3078,146.8,97.2,0.514
117.94,31846.5,34639.3,-0.5913,-0.8873,146.8,97.2,0.514
117.96,31872.4,34638.3,-0.4915,-0.8897,146.8,97.2,0.514
117.98,31903.8,34623.8,-0.3702,-0.9255,146.8,97.2,0.514
118.0,31822.9,34576.1,-0.6825,-1.0426,146.8,97.2,0.514
118.02,31875.9,34405.9,-0.478,-1.4608,146.8,97.2,0.514
118.04,31810.4,34479.9,-0.7307,-1.279,146.8,97.2,0.514
118.06,31796.1,34485.5,-0.7857,-1.2653,146.8,97.2,0.514
118.08,31752.2,34554.6,-0.9553,-1.0954,146.8,97.2,0.514
118.1,31903.7,34839.4,-0.3705,-0.3954,146.8,97.2,0.514
118.12,32074.0,35240.6,0.2868,0.5906,146.8,97.2,0.514
118.14,32242.9,35544.8,0.9385,1.3381,146.8,97.2,0.514
118.16,32321.5,35713.4,1.2418,1.7525,146.8,97.2,0.514
118.18,32284.7,35769.7,1.0997,1.891,146.8,97.2,0.514
118.2,32138.5,35514.4,0.5357,1.2635,146.8,97.2,0.514
118.22,32121.7,35361.7,0.4706,0.8883,146.8,97.2,0.514
118.24,32152.8,35143.0,0.5906,0.3506,146.8,97.2,0.514
118.26,32125.2,35129.9,0.4841,0.3183,146.8,97.2,0.514
118.28,32071.4,35120.6,0.2767,0.2956,146.8,97.2,0.514
118.3,32031.2,34950.5,0.1216,-0.1225,146.8,97.2,0.514
118.32,31885.7,34817.7,-0.4402,-0.4489,146.8,97.2,0.514
118.34,31928.0,34836.4,-0.2769,-0.4029,146.8,97.2,0.514
118.36,31829.2,34656.1,-0.6581,-0.846,146.8,97.2,0.514
118.38,31863.8,34573.7,-0.5245,-1.0484,146.8,97.2,0.514
118.4,31793.0,34610.0,-0.7977,-0.9593,146.8,97.2,0.514
118.42,31827.1,34638.7,-0.6662,-0.8887,146.8,97.2,0.514
118.44,31736.8,34467.7,-1.0147,-1.309,146.8,97.2,0.514
118.46,31758.1,34411.2,-0.9323,-1.4478,146.8,97.2,0.514
118.48,31817.7,34443.3,-0.7026,-1.3689,146.8,97.2,0.514
118.5,31796.4,34752.7,-0.7847,-0.6087,146.8,97.2,0.514
118.52,31876.7,35111.4,-0.4748,0.273,146.8,97.2,0.514
118.54,32240.7,35451.7,0.93,1.1093,146.8,97.2,0.514
118.56,32321.3,35649.6,1.241,1.5958,146.8,97.2,0.514
118.58,32264.9,35743.2,1.0232,1.8258,146.8,97.2,0.514
118.6,32325.2,35664.6,1.2559,1.6327,146.8,97.2,0.514
118.62,32246.8,35453.0,0.9536,1.1125,146.8,97.2,0.514
118.64,32202.8,35218.9,0.7835,0.5372,146.8,97.2,0.514
118.66,32024.2,35119.7,0.0946,0.2934,146.8,97.2,0.514
118.68,32013.5,35108.1,0.053,0.265,146.8,97.2,0.514
118.7,32019.9,34979.6,0.0779,-0.051,146.8,97.2,0.514
118.72,31940.4,34947.7,-0.2288,-0.1293,146.8,97.2,0.514
118.74,31996.2,34837.9,-0.0135,-0.3992,146.8,97.2,0.514
118.76,31844.8,34751.1,-0.5979,-0.6124,146.8,97.2,0.514
118.78,31907.6,34600.3,-0.3555,-0.9831,146.8,97.2,0.514
118.8,31838.7,34720.3,-0.6213,-0.6882,146.8,97.2,0.514
118.82,31800.9,34606.8,-0.7673,-0.9671,146.8,97.2,0.514
118.84,31818.3,34569.4,-0.7002,-1.059,146.8,97.2,0.514
118.86,31789.4,34492.7,-0.8116,-1.2476,146.8,97.2,0.514
118.88,31751.4,34384.3,-0.9581,-1.514,146.8,97.2,0.514
118.9,31760.8,34598.3,-0.9222,-0.9881,146.8,97.2,0.514
118.92,31976.3,34893.8,-0.0903,-0.2619,146.8,97.2,0.514
118.94,32072.8,35284.7,0.2821,0.6988,146.8,97.2,0.514
118.96,32297.8,35533.1,1.1501,1.3093,146.8,97.2,0.514
118.98,32400.3,35848.4,1.5456,2.0844,146.8,97.2,0.514
119.0,32382.0,35708.2,1.475,1.7397,146.8,97.2,0.514
119.02,32322.4,35543.1,1.2453,1.3341,146.8,97.2,0.514
119.04,32112.7,35325.4,0.4357,0.7989,146.8,97.2,0.514
119.06,31978.9,35292.0,-0.0803,0.7168,146.8,97.2,0.514
119.08,32095.2,35166.5,0.3685,0.4084,146.8,97.2,0.514
119.1,32020.2,34994.5,0.079,-0.0143,146.8,97.2,0.514
119.12,31992.9,34931.8,-0.0265,-0.1685,146.8,97.2,0.514
119.14,31922.3,34955.4,-0.2987,-0.1104,146.8,97.2,0.514
119.16,31858.5,34771.7,-0.5449,-0.5619,146.8,97.2,0.514
119.18,31774.8,34704.8,-0.8681,-0.7263,146.8,97.2,0.514
119.2,31880.1,34606.7,-0.4617,-0.9674,146.8,97.2,0.514
119.22,31871.7,34675.0,-0.4941,-0.7995,146.8,97.2,0.514
119.24,31869.2,34595.8,-0.5037,-0.9942,146.8,97.2,0.514
119.26,31810.9,34501.5,-0.7287,-1.2259,146.8,97.2,0.514
119.28,31734.2,34422.4,-1.0245,-1.4204,146.8,97.2,0.514
119.3,31827.0,34527.6,-0.6664,-1.1618,146.8,97.2,0.514
119.32,31827.2,34716.3,-0.6658,-0.6981,146.8,97.2,0.514
119.34,32033.4,35137.6,0.13,0.3374,146.8,97.2,0.514
119.36,32340.2,35400.4,1.3138,0.9833,146.8,97.2,0.514
119.38,32364.0,35712.8,1.4056,1.751,146.8,97.2,0.514
119.4,32361.0,35768.8,1.3942,1.8887,146.8,97.2,0.514
119.42,32253.7,35625.7,0.9799,1.5369,146.8,97.2,0.514
119.44,32105.2,35437.2,0.4068,1.0736,146.8,97.2,0.514
119.46,32141.7,35237.1,0.5477,0.5819,146.8,97.2,0.514
119.48,32025.8,35138.9,0.1007,0.3406,146.8,97.2,0.514
119.5,32118.5,35087.1,0.4583,0.2132,146.8,97.2,0.514
119.52,32026.9,35037.1,0.1049,0.0904,146.8,97.2,0.514
119.54,31905.0,34936.8,-0.3655,-0.1561,146.8,97.2,0.514
119.56,31841.6,34739.8,-0.6103,-0.6403,146.8,97.2,0.514
119.58,31804.3,34670.7,-0.7543,-0.81,146.8,97.2,0.514
119.6,31837.0,34704.0,-0.628,-0.7282,146.8,97.2,0.514
119.62,31688.2,34691.2,-1.2023,-0.7597,146.8,97.2,0.514
119.64,31916.4,34592.8,-0.3214,-1.0017,146.8,97.2,0.514
119.66,31790.3,34602.1,-0.8081,-0.9788,146.8,97.2,0.514
119.68,31739.3,34481.3,-1.005,-1.2756,146.8,97.2,0.514
119.7,31763.8,34466.1,-0.9105,-1.3129,146.8,97.2,0.514
119.72,31937.9,34616.5,-0.2385,-0.9434,146.8,97.2,0.514
119.74,31889.9,34870.4,-0.4237,-0.3192,146.8,97.2,0.514
119.76,32103.1,35209.1,0.3988,0.5132,146.8,97.2,0.514
119.78,32303.6,35600.2,1.1725,1.4742,146.8,97.2,0.514
119.8,32400.4,35699.6,1.5463,1.7185,146.8,97.2,0.514
119.82,32305.8,35692.5,1.1812,1.7012,146.8,97.2,0.514
119.84,32203.8,35525.2,0.7876,1.29,146.8,97.2,0.514
119.86,32125.7,35278.5,0.486,0.6836,146.8,97.2,0.514
119.88,32090.7,35225.9,0.3509,0.5545,146.8,97.2,0.514
119.9,32076.0,35194.2,0.2943,0.4766,146.8,97.2,0.514
119.92,32033.0,35070.5,0.1282,0.1726,146.8,97.2,0.514
119.94,31926.1,35004.7,-0.2843,0.0108,146.8,97.2,0.514
119.96,31884.8,34894.4,-0.4436,-0.2603,146.8,97.2,0.514
119.98,31897.6,34665.5,-0.394,-0.8228,146.8,97.2,0.514
