timestamp,raw_red,raw_ir,filtered_red,filtered_ir,heart_rate,spo2,ac_dc_ratio
0.0,32109.2,35145.0,0.5909,0.3586,142.7,97.9,0.482
0.02,32243.9,35563.0,1.3141,1.3877,142.7,97.9,0.482
0.04,32330.7,35620.4,1.7803,1.5291,142.7,97.9,0.482
0.06,32283.1,35685.0,1.5245,1.6881,142.7,97.9,0.482
0.08,32302.6,35658.5,1.6296,1.6228,142.7,97.9,0.482
0.1,32147.8,35384.0,0.7984,0.947,142.7,97.9,0.482
0.12,32013.1,35164.3,0.0748,0.406,142.7,97.9,0.482
0.14,32038.2,35129.0,0.2098,0.3192,142.7,97.9,0.482
0.16,32013.4,35107.9,0.0766,0.2672,142.7,97.9,0.482
0.18,31945.3,34997.4,-0.2891,-0.0048,142.7,97.9,0.482
0.2,31989.5,35008.9,-0.0521,0.0235,142.7,97.9,0.482
0.22,31876.5,34877.0,-0.6586,-0.3014,142.7,97.9,0.482
0.24,31855.6,34651.0,-0.7709,-0.8577,142.7,97.9,0.482
0.26,31868.1,34684.9,-0.7038,-0.7744,142.7,97.9,0.482
0.28,31891.0,34708.1,-0.5807,-0.717,142.7,97.9,0.482
0.3,31914.6,34696.6,-0.4539,-0.7454,142.7,97.9,0.482
0.32,31898.5,34538.2,-0.5404,-1.1354,142.7,97.9,0.482
0.34,31762.4,34476.4,-1.2716,-1.2876,142.7,97.9,0.482
0.36,31750.7,34454.9,-1.3343,-1.3406,142.7,97.9,0.482
0.38,31803.6,34544.1,-1.0503,-1.121,142.7,97.9,0.482
0.4,32014.3,34814.6,0.0811,-0.4549,142.7,97.9,0.482
0.42,32048.1,35096.3,0.2626,0.2386,142.7,97.9,0.482
0.44,32243.3,35499.7,1.3111,1.2318,142.7,97.9,0.482
0.46,32272.4,35738.5,1.4672,1.8199,142.7,97.9,0.482
0.48,32333.1,35753.4,1.793,1.8565,142.7,97.9,0.482
0.5,32361.6,35620.4,1.9464,1.529,142.7,97.9,0.482
0.52,32172.7,35365.7,0.932,0.902,142.7,97.9,0.482
0.54,32173.9,35199.3,0.9385,0.4923,142.7,97.9,0.482
0.56,32171.2,35175.7,0.9236,0.4343,142.7,97.9,0.482
0.58,32017.7,35114.9,0.0994,0.2844,142.7,97.9,0.482
0.6,32059.6,35127.6,0.3247,0.3159,142.7,97.9,0.482
0.62,31955.3,34953.2,-0.2357,-0.1137,142.7,97.9,0.482
0.64,31852.1,34812.2,-0.7895,-0.4608,142.7,97.9,0.482
0.66,31851.3,34783.9,-0.794,-0.5305,142.7,97.9,0.482
0.68,31896.2,34694.6,-0.5528,-0.7504,142.7,97.9,0.482
0.7,31969.7,34586.9,-0.1584,-1.0155,142.7,97.9,0.482
0.72,31762.1,34656.7,-1.2727,-0.8438,142.7,97.9,0.482
0.74,31781.7,34494.3,-1.1678,-1.2435,142.7,97.9,0.482
0.76,31715.8,34455.6,-1.5216,-1.3388,142.7,97.9,0.482
0.78,31785.7,34414.8,-1.1464,-1.4392,142.7,97.9,0.482
0.8,31693.2,34565.7,-1.6428,-1.0677,142.7,97.9,0.482
0.82,31887.9,34764.4,-0.5977,-0.5786,142.7,97.9,0.482
0.84,32138.0,35132.9,0.7454,0.3288,142.7,97.9,0.482
0.86,32260.2,35521.9,1.4015,1.2866,142.7,97.9,0.482
0.88,32261.5,35739.9,1.4089,1.8233,142.7,97.9,0.482
0.9,32307.2,35767.0,1.6543,1.89,142.7,97.9,0.482
0.92,32275.8,35623.2,1.4856,1.5359,142.7,97.9,0.482
0.94,32197.4,35395.5,1.0645,0.9754,142.7,97.9,0.482
0.96,32113.1,35222.5,0.6117,0.5494,142.7,97.9,0.482
0.98,32029.4,35147.1,0.1622,0.3638,142.7,97.9,0.482
1.0,31985.6,35134.9,-0.0729,0.3336,142.7,97.9,0.482
1.02,32022.9,34998.0,0.1276,-0.0033,142.7,97.9,0.482
1.04,32049.1,34913.8,0.268,-0.2106,142.7,97.9,0.482
1.06,31939.2,34834.2,-0.3223,-0.4067,142.7,97.9,0.482
1.08,31862.6,34865.2,-0.7333,-0.3303,142.7,97.9,0.482
1.1,31836.3,34706.6,-0.8743,-0.7208,142.7,97.9,0.482
1.12,31891.9,34603.6,-0.5763,-0.9744,142.7,97.9,0.482
1.14,31879.2,34700.4,-0.6444,-0.7362,142.7,97.9,0.482
1.16,31853.9,34644.7,-0.7802,-0.8733,142.7,97.9,0.482
1.18,31891.0,34533.0,-0.5807,-1.1481,142.7,97.9,0.482
1.2,31751.7,34352.0,-1.3291,-1.5939,142.7,97.9,0.482
1.22,31837.2,34404.7,-0.8695,-1.4641,142.7,97.9,0.482
1.24,31807.9,34917.2,-1.0269,-0.2023,142.7,97.9,0.482
1.26,32029.7,35161.8,0.1638,0.3999,142.7,97.9,0.482
1.28,32212.9,35477.3,1.1476,1.1767,142.7,97.9,0.482
1.3,32318.6,35641.4,1.7153,1.5807,142.7,97.9,0.482
1.32,32407.6,35695.7,2.1931,1.7144,142.7,97.9,0.482
1.34,32228.6,35688.5,1.2322,1.6968,142.7,97.9,0.482
1.36,32196.0,35366.6,1.0568,0.9043,142.7,97.9,0.482
1.38,32051.1,35213.8,0.2789,0.5279,142.7,97.9,0.482
1.4,32143.8,35042.0,0.7769,0.105,142.7,97.9,0.482
1.42,31986.0,35132.8,-0.0708,0.3285,142.7,97.9,0.482
1.44,32050.8,35072.4,0.2774,0.1797,142.7,97.9,0.482
1.46,31918.1,34868.6,-0.4355,-0.322,142.7,97.9,0.482
1.48,31907.1,34849.8,-0.4945,-0.3683,142.7,97.9,0.482
1.5,31913.4,34714.6,-0.4608,-0.7012,142.7,97.9,0.482
1.52,31836.3,34734.4,-0.8745,-0.6524,142.7,97.9,0.482
1.54,31938.3,34573.3,-0.3266,-1.0489,142.7,97.9,0.482
1.56,31876.5,34690.7,-0.6586,-0.7601,142.7,97.9,0.482
1.58,31744.8,34542.1,-1.3661,-1.1259,142.7,97.9,0.482
1.6,31677.0,34494.9,-1.7302,-1.2421,142.7,97.9,0.482
1.62,31808.2,34508.9,-1.0255,-1.2076,142.7,97.9,0.482
1.64,31856.6,34443.0,-0.7658,-1.3697,142.7,97.9,0.482
1.66,31895.8,34722.0,-0.5551,-0.6828,142.7,97.9,0.482
1.68,32068.4,35177.4,0.3719,0.4383,142.7,97.9,0.482
1.7,32237.7,35496.5,1.2812,1.2241,142.7,97.9,0.482
1.72,32354.1,35665.9,1.9058,1.6412,142.7,97.9,0.482
1.74,32303.6,35714.8,1.635,1.7615,142.7,97.9,0.482
1.76,32295.8,35680.0,1.5927,1.6758,142.7,97.9,0.482
1.78,32178.7,35431.5,0.9643,1.064,142.7,97.9,0.482
1.8,32118.2,35291.3,0.639,0.7187,142.7,97.9,0.482
1.82,32108.9,35167.3,0.5894,0.4134,142.7,97.9,0.482
1.84,32040.7,35087.7,0.2231,0.2175,142.7,97.9,0.482
1.86,32044.4,35016.7,0.243,0.0427,142.7,97.9,0.482
1.88,31926.3,34906.7,-0.3914,-0.2281,142.7,97.9,0.482
1.9,31889.5,34744.4,-0.589,-0.6278,142.7,97.9,0.482
1.92,31879.6,34760.1,-0.642,-0.5892,142.7,97.9,0.482
1.94,31912.2,34679.9,-0.4672,-0.7865,142.7,97.9,0.482
1.96,31865.1,34660.4,-0.7201,-0.8346,142.7,97.9,0.482
1.98,31918.7,34624.2,-0.4322,-0.9237,142.7,97.9,0.482
2.0,31953.3,34551.4,-0.2462,-1.103,142.7,97.9,0.482
2.02,31746.2,34550.3,-1.3585,-1.1056,142.7,97.9,0.482
2.04,31713.0,34424.4,-1.5365,-1.4156,142.7,97.9,0.482
2.06,31839.7,34564.3,-0.8561,-1.0712,142.7,97.9,0.482
2.08,31944.9,34718.7,-0.2915,-0.691,142.7,97.9,0.482
2.1,31992.7,35199.3,-0.0345,0.4922,142.7,97.9,0.482
2.12,32208.8,35448.9,1.126,1.1069,142.7,97.9,0.482
2.14,32340.6,35738.7,1.8335,1.8205,142.7,97.9,0.482
2.16,32337.6,35840.6,1.8173,2.0712,142.7,97.9,0.482
2.18,32302.3,35627.2,1.6277,1.5458,142.7,97.9,0.482
2.2,32141.4,35366.0,0.7636,0.9028,142.7,97.9,0.482
2.22,32141.3,35240.4,0.7634,0.5936,142.7,97.9,0.482
2.24,32080.3,35181.0,0.4359,0.4472,142.7,97.9,0.482
2.26,32078.8,35167.5,0.4275,0.4139,142.7,97.9,0.482
2.28,32000.3,35071.6,0.006,0.1778,142.7,97.9,0.482
2.3,31938.8,34889.2,-0.3243,-0.2712,142.7,97.9,0.482
2.32,31926.6,34889.3,-0.3898,-0.271,142.7,97.9,0.482
2.34,31988.3,34699.1,-0.0582,-0.7392,142.7,97.9,0.482
2.36,31833.2,34669.6,-0.8914,-0.812,142.7,97.9,0.482
2.38,31833.5,34616.1,-0.8894,-0.9437,142.7,97.9,0.482
2.4,31854.3,34626.3,-0.7777,-0.9185,142.7,97.9,0.482
2.42,31817.0,34623.0,-0.9783,-0.9267,142.7,97.9,0.482
2.44,31802.8,34485.9,-1.0545,-1.2642,142.7,97.9,0.482
2.46,31786.2,34455.5,-1.1438,-1.3391,142.7,97.9,0.482
2.48,31776.8,34468.8,-1.1941,-1.3062,142.7,97.9,0.482
2.5,31903.0,34788.6,-0.5164,-0.519,142.7,97.9,0.482
2.52,32031.4,35120.5,0.1732,0.2983,142.7,97.9,0.482
2.54,32301.9,35430.0,1.6257,1.0603,142.7,97.9,0.482
2.56,32284.0,35667.2,1.5296,1.6442,142.7,97.9,0.482
2.58,32397.3,35800.7,2.1377,1.9731,142.7,97.9,0.482
2.6,32306.4,35637.3,1.6499,1.5708,142.7,97.9,0.482
2.62,32241.8,35474.2,1.303,1.1691,142.7,97.9,0.482
2.64,32082.3,35249.7,0.4466,0.6164,142.7,97.9,0.482
2.66,32095.5,35247.1,0.5173,0.6099,142.7,97.9,0.482
2.68,32125.4,35093.0,0.6781,0.2305,142.7,97.9,0.482
2.7,31990.4,35035.8,-0.0469,0.0896,142.7,97.9,0.482
2.72,32018.1,34929.3,0.1018,-0.1724,142.7,97.9,0.482
2.74,31907.1,34851.6,-0.4941,-0.3637,142.7,97.9,0.482
2.76,31789.2,34812.1,-1.1276,-0.4611,142.7,97.9,0.482
2.78,31825.5,34716.3,-0.9327,-0.6969,142.7,97.9,0.482
2.8,31922.7,34664.7,-0.4106,-0.8239,142.7,97.9,0.482
2.82,31862.5,34629.4,-0.7338,-0.911,142.7,97.9,0.482
2.84,31853.0,34552.1,-0.7846,-1.1013,142.7,97.9,0.482
2.86,31836.0,34435.3,-0.8764,-1.3887,142.7,97.9,0.482
2.88,31699.0,34377.0,-1.6121,-1.5323,142.7,97.9,0.482
2.9,31749.1,34475.3,-1.3426,-1.2903,142.7,97.9,0.482
2.92,31908.3,34827.7,-0.4877,-0.4226,142.7,97.9,0.482
2.94,31960.5,35225.6,-0.2075,0.5569,142.7,97.9,0.482
2.96,32228.3,35504.2,1.2305,1.2431,142.7,97.9,0.482
2.98,32303.8,35723.6,1.6358,1.7832,142.7,97.9,0.482
3.0,32381.0,35728.6,2.0505,1.7954,142.7,97.9,0.482
3.02,32311.7,35616.7,1.6785,1.5201,142.7,97.9,0.482
3.04,32270.9,35466.8,1.4594,1.151,142.7,97.9,0.482
3.06,32132.4,35259.1,0.7155,0.6395,142.7,97.9,0.482
3.08,32123.5,35183.3,0.6678,0.4528,142.7,97.9,0.482
3.1,32112.4,35102.5,0.608,0.254,142.7,97.9,0.482
3.12,31996.3,34997.8,-0.0155,-0.0038,142.7,97.9,0.482
3.14,31940.0,34966.7,-0.3178,-0.0804,142.7,97.9,0.482
3.16,32006.8,34832.1,0.041,-0.4118,142.7,97.9,0.482
3.18,31854.6,34702.3,-0.7765,-0.7315,142.7,97.9,0.482
3.2,31846.5,34697.7,-0.8197,-0.7426,142.7,97.9,0.482
3.22,31839.2,34698.3,-0.859,-0.7412,142.7,97.9,0.482
3.24,31806.7,34571.6,-1.0337,-1.0533,142.7,97.9,0.482
3.26,31924.2,34683.4,-0.4025,-0.7779,142.7,97.9,0.482
3.28,31797.2,34581.9,-1.0846,-1.0279,142.7,97.9,0.482
3.3,31741.0,34481.7,-1.3862,-1.2744,142.7,97.9,0.482
3.32,31858.8,34504.3,-0.7537,-1.2188,142.7,97.9,0.482
3.34,31903.3,34722.4,-0.5147,-0.682,142.7,97.9,0.482
3.36,32101.1,34998.5,0.5474,-0.002,142.7,97.9,0.482
3.38,32213.6,35407.4,1.1514,1.0046,142.7,97.9,0.482
3.4,32314.1,35692.7,1.6913,1.707,142.7,97.9,0.482
3.42,32402.8,35743.2,2.1674,1.8315,142.7,97.9,0.482
3.44,32350.5,35661.8,1.8866,1.631,142.7,97.9,0.482
3.46,32192.6,35407.9,1.0389,1.006,142.7,97.9,0.482
3.48,32140.4,35261.1,0.7584,0.6444,142.7,97.9,0.482
3.5,32020.6,35137.3,0.1151,0.3395,142.7,97.9,0.482
3.52,32077.2,35050.1,0.4192,0.1249,142.7,97.9,0.482
3.54,32022.7,35010.7,0.1265,0.0278,142.7,97.9,0.482
3.56,31981.7,34964.2,-0.0939,-0.0866,142.7,97.9,0.482
3.58,31847.9,34811.6,-0.8121,-0.4623,142.7,97.9,0.482
3.6,31904.1,34724.2,-0.5105,-0.6774,142.7,97.9,0.482
3.62,31855.6,34728.5,-0.7708,-0.6668,142.7,97.9,0.482
3.64,31752.3,34638.5,-1.3254,-0.8885,142.7,97.9,0.482
3.66,31903.2,34656.1,-0.5151,-0.8451,142.7,97.9,0.482
3.68,31759.3,34555.4,-1.288,-1.093,142.7,97.9,0.482
3.7,31784.4,34460.2,-1.1531,-1.3276,142.7,97.9,0.482
3.72,31835.0,34534.1,-0.8815,-1.1455,142.7,97.9,0.482
3.74,31814.4,34467.0,-0.9921,-1.3107,142.7,97.9,0.482
3.76,31951.8,34781.4,-0.2542,-0.5365,142.7,97.9,0.482
3.78,31989.5,35062.1,-0.0517,0.1545,142.7,97.9,0.482
3.8,32287.2,35423.9,1.5469,1.0453,142.7,97.9,0.482
3.82,32302.6,35664.8,1.6295,1.6383,142.7,97.9,0.482
3.84,32343.1,35710.3,1.847,1.7505,142.7,97.9,0.482
3.86,32357.1,35598.4,1.9219,1.4749,142.7,97.9,0.482
3.88,32264.3,35514.1,1.4238,1.2675,142.7,97.9,0.482
3.9,32198.5,35306.1,1.0702,0.7553,142.7,97.9,0.482
3.92,32081.5,35187.5,0.442,0.4631,142.7,97.9,0.482
3.94,32096.6,35098.0,0.523,0.2428,142.7,97.9,0.482
3.96,32023.4,35005.1,0.1303,0.0141,142.7,97.9,0.482
3.98,32056.3,34964.3,0.3066,-0.0863,142.7,97.9,0.482
4.0,31897.9,34881.0,-0.5438,-0.2915,142.7,97.9,0.482
4.02,31960.1,34697.2,-0.2098,-0.7439,142.7,97.9,0.482
4.04,31886.5,34717.7,-0.6048,-0.6936,142.7,97.9,0.482
4.06,31865.2,34696.3,-0.7192,-0.7463,142.7,97.9,0.482
4.08,31882.0,34647.6,-0.6289,-0.866,142.7,97.9,0.482
4.1,31787.1,34584.5,-1.1385,-1.0215,142.7,97.9,0.482
4.12,31878.3,34505.9,-0.6493,-1.2149,142.7,97.9,0.482
4.14,31714.5,34440.6,-1.5284,-1.3757,142.7,97.9,0.482
4.16,31882.4,34441.1,-0.6268,-1.3745,142.7,97.9,0.482
4.18,31775.1,34713.5,-1.2029,-0.7039,142.7,97.9,0.482
4.2,32096.2,35018.6,0.5211,0.0473,142.7,97.9,0.482
4.22,32092.4,35412.3,0.5005,1.0167,142.7,97.9,0.482
4.24,32350.9,35746.8,1.8889,1.8402,142.7,97.9,0.482
4.26,32316.4,35758.2,1.7035,1.8684,142.7,97.9,0.482
4.28,32327.8,35660.4,1.7646,1.6274,142.7,97.9,0.482
4.3,32139.5,35495.9,0.7537,1.2225,142.7,97.9,0.482
4.32,32114.3,35360.1,0.6184,0.8882,142.7,97.9,0.482
4.34,32123.5,35177.6,0.6674,0.4389,142.7,97.9,0.482
4.36,32004.1,35157.1,0.0267,0.3884,142.7,97.9,0.482
4.38,32008.7,35092.5,0.051,0.2293,142.7,97.9,0.482
4.4,32028.7,34879.5,0.1585,-0.2951,142.7,97.9,0.482
4.42,31950.7,34825.6,-0.2601,-0.4278,142.7,97.9,0.482
4.44,31887.0,34815.8,-0.6021,-0.4519,142.7,97.9,0.482
4.46,31874.2,34649.3,-0.6711,-0.8618,142.7,97.9,0.482
4.48,32006.7,34670.8,0.0406,-0.8089,142.7,97.9,0.482
4.5,31908.5,34659.6,-0.4868,-0.8366,142.7,97.9,0.482
4.52,31823.0,34658.6,-0.9461,-0.8389,142.7,97.9,0.482
4.54,31768.7,34545.2,-1.2373,-1.1183,142.7,97.9,0.482
4.56,31799.4,34413.2,-1.0725,-1.4431,142.7,97.9,0.482
4.58,31786.0,34569.5,-1.1446,-1.0583,142.7,97.9,0.482
4.6,31799.2,34731.5,-1.0736,-0.6594,142.7,97.9,0.482
4.62,31930.7,35106.9,-0.3674,0.2647,142.7,97.9,0.482
4.64,32241.6,35317.1,1.302,0.7823,142.7,97.9,0.482
4.66,32255.3,35710.9,1.3753,1.7518,142.7,97.9,0.482
4.68,32325.3,35737.4,1.7513,1.8171,142.7,97.9,0.482
4.7,32302.8,35701.2,1.6307,1.7279,142.7,97.9,0.482
4.72,32184.2,35480.3,0.9938,1.184,142.7,97.9,0.482
4.74,32135.5,35280.5,0.7321,0.6921,142.7,97.9,0.482
4.76,32235.3,35152.9,1.268,0.378,142.7,97.9,0.482
4.78,32023.3,35112.0,0.1296,0.2773,142.7,97.9,0.482
4.8,32057.0,35141.4,0.3108,0.3497,142.7,97.9,0.482
4.82,31971.1,34957.7,-0.1507,-0.1026,142.7,97.9,0.482
4.84,31923.0,34920.7,-0.4089,-0.1936,142.7,97.9,0.482
4.86,31941.4,34719.0,-0.3103,-0.6902,142.7,97.9,0.482
4.88,31841.4,34755.0,-0.8473,-0.6017,142.7,97.9,0.482
4.9,31775.2,34600.8,-1.2028,-0.9813,142.7,97.9,0.482
4.92,31757.4,34746.4,-1.298,-0.6228,142.7,97.9,0.482
4.94,31779.4,34619.0,-1.1799,-0.9365,142.7,97.9,0.482
4.96,31752.9,34553.2,-1.3225,-1.0984,142.7,97.9,0.482
4.98,31746.2,34287.6,-1.3584,-1.7525,142.7,97.9,0.482
5.0,31798.4,34528.0,-1.0779,-1.1606,142.7,97.9,0.482
5.02,31855.6,34800.7,-0.771,-0.4891,142.7,97.9,0.482
5.04,32047.2,35014.3,0.2579,0.0368,142.7,97.9,0.482
5.06,32201.8,35378.0,1.088,0.9322,142.7,97.9,0.482
5.08,32307.5,35700.1,1.6556,1.7254,142.7,97.9,0.482
5.1,32308.4,35798.8,1.6605,1.9683,142.7,97.9,0.482
5.12,32404.9,35648.2,2.1786,1.5975,142.7,97.9,0.482
5.14,32206.0,35574.4,1.1106,1.4159,142.7,97.9,0.482
5.16,32157.0,35236.4,0.8475,0.5835,142.7,97.9,0.482
5.18,32110.2,35205.5,0.596,0.5075,142.7,97.9,0.482
5.2,31994.4,35085.9,-0.0257,0.2131,142.7,97.9,0.482
5.22,32042.2,34988.6,0.2313,-0.0266,142.7,97.9,0.482
5.24,31956.2,34943.3,-0.2307,-0.1381,142.7,97.9,0.482
5.26,31863.8,34848.8,-0.727,-0.3706,142.7,97.9,0.482
5.28,31823.8,34800.0,-0.9418,-0.491,142.7,97.9,0.482
5.3,31868.1,34653.3,-0.7039,-0.8522,142.7,97.9,0.482
5.32,31852.1,34649.6,-0.7896,-0.8612,142.7,97.9,0.482
5.34,31818.9,34621.3,-0.968,-0.9309,142.7,97.9,0.482
5.36,31769.1,34582.4,-1.2352,-1.0265,142.7,97.9,0.482
5.38,31749.0,34485.1,-1.3431,-1.2662,142.7,97.9,0.482
5.4,31674.9,34425.8,-1.7412,-1.4122,142.7,97.9,0.482
5.42,31709.9,34440.9,-1.5534,-1.3749,142.7,97.9,0.482
5.44,31836.2,34665.2,-0.8753,-0.8227,142.7,97.9,0.482
5.46,32032.2,35004.2,0.1773,0.0119,142.7,97.9,0.482
5.48,32120.5,35503.8,0.6515,1.2419,142.7,97.9,0.482
5.5,32296.4,35759.3,1.5964,1.8711,142.7,97.9,0.482
5.52,32360.1,35808.4,1.9384,1.9919,142.7,97.9,0.482
5.54,32287.3,35655.6,1.5474,1.6156,142.7,97.9,0.482
5.56,32177.7,35422.9,0.9588,1.0428,142.7,97.9,0.482
5.58,32208.3,35279.5,1.1232,0.6896,142.7,97.9,0.482
5.6,32082.9,35191.6,0.4497,0.4732,142.7,97.9,0.482
5.62,32021.0,35174.7,0.1171,0.4317,142.7,97.9,0.482
5.64,32034.3,34972.7,0.1888,-0.0655,142.7,97.9,0.482
5.66,31985.0,34987.8,-0.0762,-0.0284,142.7,97.9,0.482
5.68,31880.4,34855.9,-0.6378,-0.3532,142.7,97.9,0.482
5.7,31939.5,34726.2,-0.3206,-0.6725,142.7,97.9,0.482
5.72,31925.9,34689.1,-0.3936,-0.764,142.7,97.9,0.482
5.74,31845.5,34667.6,-0.8251,-0.8168,142.7,97.9,0.482
5.76,31857.6,34619.3,-0.76,-0.9357,142.7,97.9,0.482
5.78,31764.1,34625.9,-1.2622,-0.9194,142.7,97.9,0.482
5.8,31734.4,34572.1,-1.4216,-1.0521,142.7,97.9,0.482
5.82,31709.6,34513.6,-1.5548,-1.1961,142.7,97.9,0.482
5.84,31846.0,34410.3,-0.8227,-1.4504,142.7,97.9,0.482
5.86,31880.5,34702.0,-0.637,-0.7322,142.7,97.9,0.482
5.88,32037.3,34967.8,0.205,-0.0777,142.7,97.9,0.482
5.9,32159.6,35375.3,0.8614,0.9257,142.7,97.9,0.482
5.92,32287.4,35659.7,1.5478,1.6259,142.7,97.9,0.482
5.94,32356.9,35720.2,1.9209,1.7747,142.7,97.9,0.482
5.96,32276.6,35730.4,1.49,1.8,142.7,97.9,0.482
5.98,32237.6,35516.7,1.2805,1.2738,142.7,97.9,0.482
6.0,32119.3,35264.3,0.6451,0.6523,142.7,97.9,0.482
6.02,32041.7,35160.3,0.2282,0.3962,142.7,97.9,0.482
6.04,32075.7,35071.9,0.4111,0.1785,142.7,97.9,0.482
6.06,32007.4,35036.1,0.0442,0.0906,142.7,97.9,0.482
6.08,32043.1,35043.7,0.2359,0.1093,142.7,97.9,0.482
6.1,32016.2,34958.7,0.0915,-0.1002,142.7,97.9,0.482
6.12,31829.4,34675.3,-0.9115,-0.7978,142.7,97.9,0.482
6.14,31936.5,34676.0,-0.3365,-0.7961,142.7,97.9,0.482
6.16,31853.9,34659.3,-0.7799,-0.8373,142.7,97.9,0.482
6.18,31917.3,34629.8,-0.4396,-0.9099,142.7,97.9,0.482
6.2,31744.5,34572.2,-1.3676,-1.0518,142.7,97.9,0.482
6.22,31876.9,34542.2,-0.6565,-1.1257,142.7,97.9,0.482
6.24,31842.7,34556.6,-0.84,-1.09,142.7,97.9,0.482
6.26,31751.7,34510.2,-1.3287,-1.2045,142.7,97.9,0.482
6.28,31826.3,34728.8,-0.9283,-0.6661,142.7,97.9,0.482
6.3,32008.7,35015.8,0.0515,0.0404,142.7,97.9,0.482
6.32,32142.3,35379.5,0.7689,0.936,142.7,97.9,0.482
6.34,32244.9,35775.0,1.3196,1.9098,142.7,97.9,0.482
6.36,32391.7,35720.7,2.1076,1.7759,142.7,97.9,0.482
6.38,32248.6,35685.7,1.3393,1.6899,142.7,97.9,0.482
6.4,32336.5,35497.1,1.8117,1.2254,142.7,97.9,0.482
6.42,32120.5,35301.8,0.6514,0.7447,142.7,97.9,0.482
6.44,32031.8,35183.6,0.1753,0.4536,142.7,97.9,0.482
6.46,32107.4,35106.8,0.5815,0.2645,142.7,97.9,0.482
6.48,32041.6,34969.2,0.2281,-0.0743,142.7,97.9,0.482
6.5,31913.2,34986.5,-0.4614,-0.0316,142.7,97.9,0.482
6.52,31965.2,34905.8,-0.1826,-0.2303,142.7,97.9,0.482
6.54,31887.1,34708.1,-0.6016,-0.7171,142.7,97.9,0.482
6.56,31955.3,34671.3,-0.2354,-0.8077,142.7,97.9,0.482
6.58,31909.1,34695.2,-0.4834,-0.7489,142.7,97.9,0.482
6.6,31770.0,34601.0,-1.2308,-0.9807,142.7,97.9,0.482
6.62,31804.9,34531.4,-1.0433,-1.1523,142.7,97.9,0.482
6.64,31831.8,34630.4,-0.8989,-0.9083,142.7,97.9,0.482
6.66,31868.6,34459.2,-0.7013,-1.3299,142.7,97.9,0.482
6.68,31818.6,34443.4,-0.9698,-1.3689,142.7,97.9,0.482
6.7,31866.2,34728.3,-0.7138,-0.6674,142.7,97.9,0.482
6.72,32044.1,34970.9,0.2414,-0.0701,142.7,97.9,0.482
6.74,32130.9,35330.4,0.7073,0.815,142.7,97.9,0.482
6.76,32316.7,35653.8,1.7054,1.6112,142.7,97.9,0.482
6.78,32250.0,35802.9,1.3471,1.9785,142.7,97.9,0.482
6.8,32330.8,35621.8,1.7808,1.5326,142.7,97.9,0.482
6.82,32256.3,35574.0,1.3811,1.4148,142.7,97.9,0.482
6.84,32123.9,35360.7,0.6698,0.8896,142.7,97.9,0.482
6.86,32140.1,35124.6,0.7571,0.3082,142.7,97.9,0.482
6.88,32063.7,35111.5,0.3467,0.2761,142.7,97.9,0.482
6.9,31933.3,35004.7,-0.3536,0.0131,142.7,97.9,0.482
6.92,31941.0,34998.0,-0.3123,-0.0035,142.7,97.9,0.482
6.94,31916.2,34811.9,-0.4454,-0.4615,142.7,97.9,0.482
6.96,31926.0,34757.1,-0.3931,-0.5966,142.7,97.9,0.482
6.98,31780.9,34692.7,-1.1718,-0.7551,142.7,97.9,0.482
7.0,31838.3,34663.9,-0.8638,-0.826,142.7,97.9,0.482
7.02,31838.0,34674.8,-0.8656,-0.7992,142.7,97.9,0.482
7.04,31800.1,34553.5,-1.0689,-1.0979,142.7,97.9,0.482
7.06,31762.4,34482.9,-1.2716,-1.2716,142.7,97.9,0.482
7.08,31767.3,34537.0,-1.2451,-1.1385,142.7,97.9,0.482
7.1,31714.9,34535.0,-1.5263,-1.1434,142.7,97.9,0.482
7.12,31923.5,34667.4,-0.4061,-0.8175,142.7,97.9,0.482
7.14,32043.9,35045.4,0.2403,0.1133,142.7,97.9,0.482
7.16,32097.6,35466.2,0.5286,1.1494,142.7,97.9,0.482
7.18,32286.4,35700.9,1.5425,1.7274,142.7,97.9,0.482
7.2,32332.1,35706.3,1.7876,1.7406,142.7,97.9,0.482
7.22,32279.2,35684.2,1.5039,1.6861,142.7,97.9,0.482
7.24,32241.2,35546.9,1.2997,1.3482,142.7,97.9,0.482
7.26,32163.5,35337.7,0.8826,0.833,142.7,97.9,0.482
7.28,31966.7,35250.4,-0.1742,0.6182,142.7,97.9,0.482
7.3,32006.6,35117.9,0.04,0.2918,142.7,97.9,0.482
7.32,32059.8,35041.7,0.3256,0.1043,142.7,97.9,0.482
7.34,32055.5,35033.0,0.3027,0.0828,142.7,97.9,0.482
7.36,31953.5,34891.3,-0.2452,-0.266,142.7,97.9,0.482
7.38,31889.5,34744.1,-0.5887,-0.6286,142.7,97.9,0.482
7.4,31863.8,34690.7,-0.7267,-0.7601,142.7,97.9,0.482
7.42,31889.5,34629.3,-0.5887,-0.9111,142.7,97.9,0.482
7.44,31886.6,34655.7,-0.6043,-0.8461,142.7,97.9,0.482
7.46,31821.9,34597.2,-0.9521,-0.9901,142.7,97.9,0.482
7.48,31807.0,34583.8,-1.0319,-1.0232,142.7,97.9,0.482
7.5,31738.5,34461.6,-1.3995,-1.3241,142.7,97.9,0.482
7.52,31780.8,34516.9,-1.1724,-1.1878,142.7,97.9,0.482
7.54,31891.3,34705.1,-0.5791,-0.7244,142.7,97.9,0.482
7.56,31968.9,34952.6,-0.1622,-0.1151,142.7,97.9,0.482
7.58,32269.8,35349.8,1.4536,0.8629,142.7,97.9,0.482
7.6,32206.9,35647.1,1.1158,1.5947,142.7,97.9,0.482
7.62,32358.9,35732.3,1.9319,1.8046,142.7,97.9,0.482
7.64,32346.8,35639.4,1.8669,1.5758,142.7,97.9,0.482
7.66,32313.0,35494.7,1.6852,1.2197,142.7,97.9,0.482
7.68,32171.2,35321.9,0.924,0.7942,142.7,97.9,0.482
7.7,32092.5,35174.2,0.501,0.4305,142.7,97.9,0.482
7.72,32082.9,35051.0,0.4494,0.127,142.7,97.9,0.482
7.74,31997.5,35076.2,-0.0088,0.1891,142.7,97.9,0.482
7.76,32068.7,35000.3,0.3736,0.0023,142.7,97.9,0.482
7.78,31927.0,34883.0,-0.3878,-0.2866,142.7,97.9,0.482
7.8,31831.3,34720.0,-0.9012,-0.6878,142.7,97.9,0.482
7.82,31806.1,34657.6,-1.0366,-0.8413,142.7,97.9,0.482
7.84,31917.9,34689.5,-0.4366,-0.7628,142.7,97.9,0.482
7.86,31834.5,34666.2,-0.884,-0.8203,142.7,97.9,0.482
7.88,31925.9,34540.4,-0.3936,-1.1301,142.7,97.9,0.482
7.9,31785.3,34482.5,-1.1486,-1.2725,142.7,97.9,0.482
7.92,31784.6,34470.2,-1.1521,-1.3028,142.7,97.9,0.482
7.94,31727.8,34506.7,-1.4574,-1.213,142.7,97.9,0.482
7.96,31930.2,34643.8,-0.3704,-0.8756,142.7,97.9,0.482
7.98,32026.1,34951.5,0.1448,-0.1178,142.7,97.9,0.482
8.0,32119.2,35415.1,0.6446,1.0235,142.7,97.9,0.482
8.02,32301.3,35618.0,1.6226,1.5232,142.7,97.9,0.482
8.04,32310.6,35766.3,1.6722,1.8884,142.7,97.9,0.482
8.06,32301.4,35700.9,1.6228,1.7272,142.7,97.9,0.482
8.08,32260.6,35502.4,1.4038,1.2385,142.7,97.9,0.482
8.1,32148.7,35316.2,0.8031,0.7801,142.7,97.9,0.482
8.12,32023.8,35203.1,0.1322,0.5017,142.7,97.9,0.482
8.14,32088.8,35087.5,0.4812,0.2171,142.7,97.9,0.482
8.16,32059.3,35104.6,0.323,0.2592,142.7,97.9,0.482
8.18,32061.5,34947.4,0.3347,-0.128,142.7,97.9,0.482
8.2,31926.5,34850.0,-0.3904,-0.3678,142.7,97.9,0.482
8.22,31884.5,34828.9,-0.6155,-0.4197,142.7,97.9,0.482
8.24,31800.5,34766.4,-1.067,-0.5737,142.7,97.9,0.482
8.26,31805.5,34724.5,-1.0402,-0.6767,142.7,97.9,0.482
8.28,31848.6,34696.8,-0.8083,-0.7449,142.7,97.9,0.482
8.3,31872.2,34607.4,-0.6816,-0.965,142.7,97.9,0.482
8.32,31732.7,34534.9,-1.4309,-1.1436,142.7,97.9,0.482
8.34,31799.6,34422.9,-1.0717,-1.4193,142.7,97.9,0.482
8.36,31803.5,34399.3,-1.0506,-1.4775,142.7,97.9,0.482
8.38,31836.1,34611.2,-0.8754,-0.9557,142.7,97.9,0.482
8.4,31866.8,35013.5,-0.7105,0.0347,142.7,97.9,0.482
8.42,32201.5,35364.0,1.0866,0.8978,142.7,97.9,0.482
8.44,32264.5,35659.1,1.4248,1.6243,142.7,97.9,0.482
8.46,32232.4,35696.4,1.2524,1.7162,142.7,97.9,0.482
8.48,32380.8,35637.6,2.0495,1.5715,142.7,97.9,0.482
8.5,32259.8,35479.6,1.3996,1.1824,142.7,97.9,0.482
8.52,32104.7,35251.1,0.5669,0.6197,142.7,97.9,0.482
8.54,32072.9,35149.0,0.3957,0.3685,142.7,97.9,0.482
8.56,32036.7,35099.4,0.2014,0.2464,142.7,97.9,0.482
8.58,31982.6,35056.7,-0.089,0.1412,142.7,97.9,0.482
8.6,32037.2,35070.4,0.2045,0.175,142.7,97.9,0.482
8.62,31913.3,34947.9,-0.4612,-0.1266,142.7,97.9,0.482
8.64,31890.1,34794.7,-0.5859,-0.5039,142.7,97.9,0.482
8.66,31846.1,34776.3,-0.8221,-0.5492,142.7,97.9,0.482
8.68,31958.9,34607.1,-0.2164,-0.9657,142.7,97.9,0.482
8.7,31865.4,34662.6,-0.7184,-0.8291,142.7,97.9,0.482
8.72,31890.9,34629.9,-0.5814,-0.9097,142.7,97.9,0.482
8.74,31843.6,34569.7,-0.8355,-1.0579,142.7,97.9,0.482
8.76,31722.7,34477.4,-1.4848,-1.2852,142.7,97.9,0.482
8.78,31780.4,34439.0,-1.1747,-1.3796,142.7,97.9,0.482
8.8,31794.0,34632.2,-1.1019,-0.904,142.7,97.9,0.482
8.82,32019.8,34979.1,0.1107,-0.05,142.7,97.9,0.482
8.84,32159.4,35406.8,0.8603,1.003,142.7,97.9,0.482
8.86,32320.8,35691.8,1.7272,1.7048,142.7,97.9,0.482
8.88,32281.2,35748.3,1.5145,1.8439,142.7,97.9,0.482
8.9,32251.1,35631.2,1.3527,1.5556,142.7,97.9,0.482
8.92,32220.0,35553.9,1.186,1.3653,142.7,97.9,0.482
8.94,32131.9,35311.4,0.713,0.7683,142.7,97.9,0.482
8.96,32076.6,35084.1,0.4158,0.2086,142.7,97.9,0.482
8.98,32066.6,35081.7,0.3624,0.2027,142.7,97.9,0.482
9.0,32036.9,34872.2,0.2025,-0.313,142.7,97.9,0.482
9.02,32026.5,35037.4,0.147,0.0937,142.7,97.9,0.482
9.04,32001.0,34928.7,0.01,-0.1739,142.7,97.9,0.482
9.06,31929.1,34749.9,-0.376,-0.6142,142.7,97.9,0.482
9.08,31816.7,34720.7,-0.9798,-0.6861,142.7,97.9,0.482
9.1,31899.8,34691.8,-0.5338,-0.7572,142.7,97.9,0.482
9.12,31826.0,34596.2,-0.9297,-0.9925,142.7,97.9,0.482
9.14,31810.4,34614.0,-1.0134,-0.9488,142.7,97.9,0.482
9.16,31729.9,34565.2,-1.4458,-1.0689,142.7,97.9,0.482
9.18,31713.6,34484.2,-1.5333,-1.2684,142.7,97.9,0.482
9.2,31852.6,34439.2,-0.7868,-1.3792,142.7,97.9,0.482
9.22,31842.5,34651.9,-0.8412,-0.8555,142.7,97.9,0.482
9.24,31916.2,34857.3,-0.4457,-0.3498,142.7,97.9,0.482
9.26,32198.8,35274.6,1.0722,0.6777,142.7,97.9,0.482
9.28,32306.0,35676.5,1.6476,1.6671,142.7,97.9,0.482
9.3,32478.2,35852.4,2.5722,2.1002,142.7,97.9,0.482
9.32,32335.6,35703.3,1.8067,1.7331,142.7,97.9,0.482
9.34,32265.3,35505.9,1.4293,1.2471,142.7,97.9,0.482
9.36,32093.9,35341.8,0.5086,0.8432,142.7,97.9,0.482
9.38,32098.6,35220.0,0.5339,0.5432,142.7,97.9,0.482
9.4,32034.6,35071.1,0.1904,0.1766,142.7,97.9,0.482
9.42,32071.8,35068.3,0.3903,0.1696,142.7,97.9,0.482
9.44,32016.0,34995.2,0.0904,-0.0102,142.7,97.9,0.482
9.46,31986.2,34857.0,-0.0694,-0.3506,142.7,97.9,0.482
9.48,31898.7,34764.7,-0.5395,-0.5779,142.7,97.9,0.482
9.5,31814.4,34685.1,-0.9924,-0.7739,142.7,97.9,0.482
9.52,31817.5,34737.5,-0.9757,-0.6447,142.7,97.9,0.482
9.54,31851.1,34693.6,-0.7951,-0.7527,142.7,97.9,0.482
9.56,31862.3,34635.2,-0.735,-0.8965,142.7,97.9,0.482
9.58,31715.8,34517.0,-1.5217,-1.1877,142.7,97.9,0.482
9.6,31763.1,34361.2,-1.2675,-1.5712,142.7,97.9,0.482
9.62,31778.4,34429.7,-1.1855,-1.4025,142.7,97.9,0.482
9.64,31794.5,34608.4,-1.0989,-0.9626,142.7,97.9,0.482
9.66,31941.2,34964.2,-0.3111,-0.0866,142.7,97.9,0.482
9.68,32140.4,35330.1,0.7585,0.8143,142.7,97.9,0.482
9.7,32310.1,35535.0,1.6695,1.3189,142.7,97.9,0.482
9.72,32336.5,35766.0,1.8114,1.8875,142.7,97.9,0.482
9.74,32326.2,35708.8,1.756,1.7466,142.7,97.9,0.482
9.76,32145.7,35515.7,0.7868,1.2713,142.7,97.9,0.482
9.78,32206.7,35380.6,1.1146,0.9386,142.7,97.9,0.482
9.8,32112.1,35153.4,0.6064,0.3793,142.7,97.9,0.482
9.82,31969.9,35084.5,-0.1571,0.2096,142.7,97.9,0.482
9.84,32035.9,35118.3,0.1972,0.2929,142.7,97.9,0.482
9.86,31980.9,35030.1,-0.0978,0.0758,142.7,97.9,0.482
9.88,31914.7,34862.2,-0.4538,-0.3378,142.7,97.9,0.482
9.9,31876.6,34846.4,-0.658,-0.3766,142.7,97.9,0.482
9.92,31850.0,34691.9,-0.801,-0.757,142.7,97.9,0.482
9.94,31847.6,34669.9,-0.8137,-0.8111,142.7,97.9,0.482
9.96,31875.0,34661.0,-0.6669,-0.8331,142.7,97.9,0.482
9.98,31846.8,34682.5,-0.8179,-0.7801,142.7,97.9,0.482
10.0,31763.7,34524.7,-1.2647,-1.1687,142.7,97.9,0.482
10.02,31830.6,34515.7,-0.905,-1.1907,142.7,97.9,0.482
10.04,31819.8,34489.3,-0.9632,-1.2557,142.7,97.9,0.482
10.06,31849.9,34658.7,-0.8013,-0.8387,142.7,97.9,0.482
10.08,31939.8,34977.8,-0.3188,-0.0532,142.7,97.9,0.482
10.1,32140.6,35317.2,0.7594,0.7825,142.7,97.9,0.482
10.12,32318.4,35583.7,1.7145,1.4386,142.7,97.9,0.482
10.14,32375.3,35731.1,2.0196,1.8016,142.7,97.9,0.482
10.16,32400.2,35712.7,2.1537,1.7563,142.7,97.9,0.482
10.18,32227.7,35469.2,1.2273,1.1567,142.7,97.9,0.482
10.2,32141.4,35374.5,0.764,0.9237,142.7,97.9,0.482
10.22,32110.3,35086.2,0.597,0.2138,142.7,97.9,0.482
10.24,31964.9,35009.2,-0.1842,0.0242,142.7,97.9,0.482
10.26,31996.4,35087.4,-0.0147,0.2167,142.7,97.9,0.482
10.28,32003.8,34999.0,0.0248,-0.0008,142.7,97.9,0.482
10.3,31917.7,34996.6,-0.4376,-0.0067,142.7,97.9,0.482
10.32,31973.4,34760.2,-0.1386,-0.5888,142.7,97.9,0.482
10.34,31796.3,34734.2,-1.0893,-0.6528,142.7,97.9,0.482
10.36,31904.6,34633.5,-0.5078,-0.9008,142.7,97.9,0.482
10.38,31851.1,34687.2,-0.7948,-0.7685,142.7,97.9,0.482
10.4,31834.4,34630.1,-0.8847,-0.9091,142.7,97.9,0.482
10.42,31785.7,34554.6,-1.1462,-1.0949,142.7,97.9,0.482
10.44,31806.2,34395.9,-1.0361,-1.4858,142.7,97.9,0.482
10.46,31788.4,34409.0,-1.1317,-1.4537,142.7,97.9,0.482
10.48,31790.0,34656.0,-1.1231,-0.8454,142.7,97.9,0.482
10.5,31938.3,34925.1,-0.3267,-0.1829,142.7,97.9,0.482
10.52,32179.5,35278.4,0.9684,0.6871,142.7,97.9,0.482
10.54,32194.0,35550.2,1.0464,1.3563,142.7,97.9,0.482
10.56,32369.1,35828.7,1.9866,2.0419,142.7,97.9,0.482
10.58,32242.9,35679.7,1.3087,1.675,142.7,97.9,0.482
10.6,32208.0,35460.4,1.1214,1.1352,142.7,97.9,0.482
10.62,32124.9,35298.9,0.6755,0.7376,142.7,97.9,0.482
10.64,32072.5,35194.4,0.394,0.4801,142.7,97.9,0.482
10.66,32041.8,35134.6,0.2289,0.333,142.7,97.9,0.482
10.68,32062.6,35080.6,0.3405,0.1999,142.7,97.9,0.482
10.7,31964.8,34994.6,-0.1847,-0.0117,142.7,97.9,0.482
10.72,31901.5,34866.4,-0.5244,-0.3273,142.7,97.9,0.482
10.74,31972.3,34885.8,-0.1443,-0.2796,142.7,97.9,0.482
10.76,31765.5,34732.3,-1.2545,-0.6574,142.7,97.9,0.482
10.78,31899.8,34664.4,-0.5336,-0.8247,142.7,97.9,0.482
10.8,31838.3,34709.4,-0.864,-0.714,142.7,97.9,0.482
10.82,31860.3,34624.8,-0.7455,-0.9221,142.7,97.9,0.482
10.84,31847.3,34587.9,-0.8154,-1.013,142.7,97.9,0.482
10.86,31750.3,34498.4,-1.3361,-1.2334,142.7,97.9,0.482
10.88,31785.1,34527.2,-1.1497,-1.1624,142.7,97.9,0.482
10.9,31748.9,34626.3,-1.3441,-0.9184,142.7,97.9,0.482
10.92,31939.4,34999.7,-0.3209,0.0009,142.7,97.9,0.482
10.94,32109.4,35319.7,0.5917,0.7886,142.7,97.9,0.482
10.96,32270.8,35645.6,1.4586,1.591,142.7,97.9,0.482
10.98,32373.1,35770.9,2.0082,1.8997,142.7,97.9,0.482
11.0,32268.0,35686.0,1.4435,1.6906,142.7,97.9,0.482
11.02,32215.6,35534.7,1.1625,1.318,142.7,97.9,0.482
11.04,32126.0,35429.4,0.6811,1.0587,142.7,97.9,0.482
11.06,32095.2,35150.6,0.5156,0.3723,142.7,97.9,0.482
11.08,32045.4,35056.0,0.2482,0.1394,142.7,97.9,0.482
11.1,32089.2,35108.2,0.4833,0.2681,142.7,97.9,0.482
11.12,32050.1,34965.7,0.2733,-0.0829,142.7,97.9,0.482
11.14,31910.8,34823.2,-0.4747,-0.4338,142.7,97.9,0.482
11.16,31942.7,34836.5,-0.3031,-0.4009,142.7,97.9,0.482
11.18,31911.7,34628.2,-0.4696,-0.9138,142.7,97.9,0.482
11.2,31943.8,34693.3,-0.2971,-0.7535,142.7,97.9,0.482
11.22,31853.9,34637.2,-0.7803,-0.8917,142.7,97.9,0.482
11.24,31791.2,34656.2,-1.117,-0.8448,142.7,97.9,0.482
11.26,31808.5,34479.8,-1.0239,-1.2792,142.7,97.9,0.482
11.28,31738.6,34454.6,-1.3994,-1.3413,142.7,97.9,0.482
11.3,31728.5,34475.9,-1.4536,-1.2888,142.7,97.9,0.482
11.32,31831.1,34694.9,-0.9024,-0.7496,142.7,97.9,0.482
11.34,31931.8,34961.3,-0.362,-0.0938,142.7,97.9,0.482
11.36,32066.4,35252.7,0.3609,0.6237,142.7,97.9,0.482
11.38,32208.4,35637.6,1.1238,1.5714,142.7,97.9,0.482
11.4,32414.8,35782.0,2.2321,1.927,142.7,97.9,0.482
11.42,32245.3,35671.0,1.3215,1.6537,142.7,97.9,0.482
11.44,32267.1,35566.9,1.4387,1.3972,142.7,97.9,0.482
11.46,32143.2,35384.4,0.7732,0.948,142.7,97.9,0.482
11.48,32067.9,35173.7,0.369,0.4291,142.7,97.9,0.482
11.5,32064.5,35178.0,0.351,0.4398,142.7,97.9,0.482
11.52,32021.9,35024.9,0.1221,0.0628,142.7,97.9,0.482
11.54,32070.4,34939.7,0.3823,-0.1468,142.7,97.9,0.482
11.56,31980.7,34929.6,-0.0992,-0.1718,142.7,97.9,0.482
11.58,31896.2,34704.7,-0.5531,-0.7256,142.7,97.9,0.482
11.6,31939.3,34725.9,-0.3214,-0.6733,142.7,97.9,0.482
11.62,31817.6,34621.1,-0.9749,-0.9314,142.7,97.9,0.482
11.64,31771.6,34637.1,-1.222,-0.8919,142.7,97.9,0.482
11.66,31883.5,34632.1,-0.6209,-0.9043,142.7,97.9,0.482
11.68,31767.0,34464.4,-1.2466,-1.3172,142.7,97.9,0.482
11.7,31766.6,34455.6,-1.2489,-1.3389,142.7,97.9,0.482
11.72,31743.6,34495.4,-1.3721,-1.2407,142.7,97.9,0.482
11.74,31765.5,34567.2,-1.2548,-1.0641,142.7,97.9,0.482
11.76,31968.9,34912.8,-0.1625,-0.2131,142.7,97.9,0.482
11.78,32161.5,35209.0,0.872,0.5162,142.7,97.9,0.482
11.8,32208.0,35563.5,1.1213,1.3891,142.7,97.9,0.482
11.82,32267.7,35763.7,1.4419,1.882,142.7,97.9,0.482
11.84,32369.2,35736.7,1.987,1.8154,142.7,97.9,0.482
11.86,32262.4,35542.6,1.4134,1.3376,142.7,97.9,0.482
11.88,32130.0,35341.0,0.7024,0.8411,142.7,97.9,0.482
11.9,32172.3,35151.9,0.93,0.3755,142.7,97.9,0.482
11.92,32005.0,35141.3,0.0313,0.3494,142.7,97.9,0.482
11.94,32004.9,35155.8,0.0307,0.3853,142.7,97.9,0.482
11.96,32083.5,35075.5,0.4528,0.1875,142.7,97.9,0.482
11.98,31980.3,34898.7,-0.1014,-0.2479,142.7,97.9,0.482
12.0,31895.2,34792.5,-0.5583,-0.5093,142.7,97.9,0.482
12.02,31767.0,34695.7,-1.2467,-0.7478,142.7,97.9,0.482
12.04,31907.9,34717.8,-0.4903,-0.6932,142.7,97.9,0.482
12.06,31916.7,34637.4,-0.4427,-0.8913,142.7,97.9,0.482
12.08,31838.2,34626.1,-0.8641,-0.919,142.7,97.9,0.482
12.1,31890.0,34514.5,-0.5865,-1.1937,142.7,97.9,0.482
12.12,31703.1,34455.4,-1.5898,-1.3393,142.7,97.9,0.482
12.14,31829.0,34445.1,-0.9138,-1.3646,142.7,97.9,0.482
12.16,31851.9,34559.8,-0.7907,-1.0822,142.7,97.9,0.482
12.18,31951.7,34950.8,-0.2547,-0.1197,142.7,97.9,0.482
12.2,32130.0,35256.8,0.7028,0.6338,142.7,97.9,0.482
12.22,32239.6,35641.9,1.2911,1.5821,142.7,97.9,0.482
12.24,32403.8,35709.5,2.173,1.7485,142.7,97.9,0.482
12.26,32288.9,35744.2,1.5558,1.8339,142.7,97.9,0.482
12.28,32254.0,35605.6,1.3686,1.4927,142.7,97.9,0.482
12.3,32167.3,35295.5,0.9029,0.729,142.7,97.9,0.482
12.32,32091.0,35180.4,0.4934,0.4456,142.7,97.9,0.482
12.34,31999.6,35122.3,0.0021,0.3026,142.7,97.9,0.482
12.36,31989.6,35085.1,-0.0516,0.211,142.7,97.9,0.482
12.38,32073.6,35040.7,0.3998,0.1017,142.7,97.9,0.482
12.4,31933.4,34861.9,-0.3532,-0.3384,142.7,97.9,0.482
12.42,31917.0,34877.4,-0.441,-0.3003,142.7,97.9,0.482
12.44,31863.6,34780.3,-0.7279,-0.5394,142.7,97.9,0.482
12.46,31870.8,34695.6,-0.6894,-0.7479,142.7,97.9,0.482
12.48,31895.9,34517.4,-0.5546,-1.1867,142.7,97.9,0.482
12.5,31853.7,34686.9,-0.781,-0.7692,142.7,97.9,0.482
12.52,31819.3,34513.2,-0.9661,-1.1969,142.7,97.9,0.482
12.54,31729.5,34408.9,-1.4481,-1.4539,142.7,97.9,0.482
12.56,31754.4,34503.1,-1.3142,-1.2219,142.7,97.9,0.482
12.58,31804.4,34512.9,-1.0457,-1.1976,142.7,97.9,0.482
12.6,31953.0,34858.3,-0.2477,-0.3472,142.7,97.9,0.482
12.62,32043.2,35247.0,0.2364,0.6098,142.7,97.9,0.482
12.64,32216.2,35579.7,1.1656,1.4289,142.7,97.9,0.482
12.66,32333.7,35734.2,1.7966,1.8092,142.7,97.9,0.482
12.68,32413.1,35762.6,2.223,1.8793,142.7,97.9,0.482
12.7,32304.3,35521.6,1.6388,1.2857,142.7,97.9,0.482
12.72,32119.4,35421.3,0.6458,1.0388,142.7,97.9,0.482
12.74,32054.9,35240.0,0.2995,0.5925,142.7,97.9,0.482
12.76,32019.1,35155.7,0.1071,0.3849,142.7,97.9,0.482
12.78,32027.4,35006.2,0.1514,0.0168,142.7,97.9,0.482
12.8,31987.0,34980.4,-0.0655,-0.0467,142.7,97.9,0.482
12.82,32033.8,34913.1,0.1857,-0.2123,142.7,97.9,0.482
12.84,31890.6,34764.2,-0.5828,-0.5789,142.7,97.9,0.482
12.86,31806.3,34712.0,-1.0357,-0.7074,142.7,97.9,0.482
12.88,31835.7,34676.7,-0.8777,-0.7944,142.7,97.9,0.482
12.9,31837.1,34603.8,-0.87,-0.974,142.7,97.9,0.482
12.92,31873.1,34549.8,-0.677,-1.107,142.7,97.9,0.482
12.94,31661.7,34587.5,-1.8124,-1.014,142.7,97.9,0.482
12.96,31777.5,34452.3,-1.1903,-1.347,142.7,97.9,0.482
12.98,31844.0,34450.6,-0.8329,-1.3511,142.7,97.9,0.482
13.0,31954.0,34604.4,-0.2428,-0.9726,142.7,97.9,0.482
13.02,31995.3,34816.4,-0.0206,-0.4505,142.7,97.9,0.482
13.04,32151.2,35170.9,0.8165,0.4223,142.7,97.9,0.482
13.06,32203.7,35627.8,1.0984,1.5472,142.7,97.9,0.482
13.08,32368.6,35741.9,1.9838,1.8283,142.7,97.9,0.482
13.1,32312.9,35723.9,1.685,1.784,142.7,97.9,0.482
13.12,32163.4,35579.6,0.8817,1.4287,142.7,97.9,0.482
13.14,32170.0,35395.4,0.9173,0.975,142.7,97.9,0.482
13.16,32096.0,35271.4,0.5198,0.6697,142.7,97.9,0.482
13.18,32076.4,35152.9,0.4146,0.3781,142.7,97.9,0.482
13.2,32066.9,35080.1,0.364,0.1987,142.7,97.9,0.482
13.22,32023.0,35102.5,0.1282,0.254,142.7,97.9,0.482
13.24,32055.4,34905.9,0.3019,-0.23,142.7,97.9,0.482
13.26,31983.5,34752.8,-0.0842,-0.6071,142.7,97.9,0.482
13.28,31926.7,34687.2,-0.3892,-0.7685,142.7,97.9,0.482
13.3,31912.1,34659.7,-0.4677,-0.8364,142.7,97.9,0.482
13.32,31754.5,34638.9,-1.3138,-0.8876,142.7,97.9,0.482
13.34,31819.5,34623.9,-0.9647,-0.9244,142.7,97.9,0.482
13.36,31726.9,34603.7,-1.4622,-0.9741,142.7,97.9,0.482
13.38,31788.4,34495.3,-1.1318,-1.241,142.7,97.9,0.482
13.4,31825.7,34481.6,-0.9315,-1.2748,142.7,97.9,0.482
13.42,31832.4,34584.8,-0.8956,-1.0208,142.7,97.9,0.482
13.44,31888.0,34889.1,-0.5968,-0.2715,142.7,97.9,0.482
13.46,32139.1,35163.1,0.7516,0.403,142.7,97.9,0.482
13.48,32167.3,35467.8,0.9029,1.1534,142.7,97.9,0.482
13.5,32289.0,35732.2,1.5566,1.8042,142.7,97.9,0.482
13.52,32374.7,35726.6,2.0163,1.7905,142.7,97.9,0.482
13.54,32324.3,35557.1,1.7461,1.3733,142.7,97.9,0.482
13.56,32116.4,35411.8,0.6296,1.0154,142.7,97.9,0.482
13.58,32112.7,35202.3,0.6096,0.4997,142.7,97.9,0.482
13.6,32083.5,35078.6,0.4527,0.1951,142.7,97.9,0.482
13.62,32054.5,35072.5,0.297,0.1801,142.7,97.9,0.482
13.64,31916.2,34970.2,-0.4455,-0.0717,142.7,97.9,0.482
13.66,31938.7,34932.8,-0.3247,-0.1639,142.7,97.9,0.482
13.68,32067.1,34746.8,0.3649,-0.6218,142.7,97.9,0.482
13.7,31972.1,34750.6,-0.1453,-0.6126,142.7,97.9,0.482
13.72,31819.8,34688.3,-0.963,-0.7658,142.7,97.9,0.482
13.74,31838.7,34607.2,-0.8617,-0.9656,142.7,97.9,0.482
13.76,31881.2,34605.1,-0.6336,-0.9707,142.7,97.9,0.482
13.78,31730.7,34556.7,-1.4414,-1.09,142.7,97.9,0.482
13.8,31674.7,34518.4,-1.7424,-1.1842,142.7,97.9,0.482
13.82,31713.0,34486.7,-1.5364,-1.2623,142.7,97.9,0.482
13.84,31896.4,34602.9,-0.5517,-0.9763,142.7,97.9,0.482
13.86,31917.8,34977.5,-0.4371,-0.0539,142.7,97.9,0.482
13.88,32084.0,35097.1,0.4555,0.2405,142.7,97.9,0.482
13.9,32248.5,35586.4,1.3391,1.4455,142.7,97.9,0.482
13.92,32247.8,35714.6,1.335,1.761,142.7,97.9,0.482
13.94,32367.3,35672.1,1.9766,1.6563,142.7,97.9,0.482
13.96,32217.5,35615.9,1.1727,1.518,142.7,97.9,0.482
13.98,32151.4,35340.9,0.8175,0.841,142.7,97.9,0.482
14.0,32086.3,35215.6,0.4677,0.5324,142.7,97.9,0.482
14.02,32101.3,35067.0,0.5484,0.1666,142.7,97.9,0.482
14.04,32103.3,35047.5,0.5591,0.1184,142.7,97.9,0.482
14.06,32020.8,35020.6,0.1161,0.0524,142.7,97.9,0.482
14.08,32029.3,34894.1,0.1617,-0.2591,142.7,97.9,0.482
14.1,31885.4,34872.3,-0.6111,-0.3129,142.7,97.9,0.482
14.12,31904.7,34698.6,-0.5075,-0.7404,142.7,97.9,0.482
14.14,31862.9,34667.7,-0.732,-0.8166,142.7,97.9,0.482
14.16,31823.8,34707.0,-0.9417,-0.7198,142.7,97.9,0.482
14.18,31828.7,34618.4,-0.9151,-0.938,142.7,97.9,0.482
14.2,31854.6,34516.1,-0.7761,-1.1898,142.7,97.9,0.482
14.22,31718.9,34515.9,-1.505,-1.1903,142.7,97.9,0.482
14.24,31674.3,34481.3,-1.7447,-1.2754,142.7,97.9,0.482
14.26,31755.5,34646.6,-1.3083,-0.8686,142.7,97.9,0.482
14.28,31905.9,34882.5,-0.501,-0.2877,142.7,97.9,0.482
14.3,32121.5,35195.8,0.6569,0.4836,142.7,97.9,0.482
14.32,32185.8,35587.6,1.0024,1.4483,142.7,97.9,0.482
14.34,32348.4,35698.4,1.8756,1.7211,142.7,97.9,0.482
14.36,32294.7,35779.0,1.5869,1.9196,142.7,97.9,0.482
14.38,32306.5,35607.8,1.6504,1.4979,142.7,97.9,0.482
14.4,32220.7,35449.6,1.1897,1.1086,142.7,97.9,0.482
14.42,32171.0,35293.5,0.9227,0.7241,142.7,97.9,0.482
14.44,32038.6,35162.3,0.2119,0.4011,142.7,97.9,0.482
14.46,32043.3,35101.4,0.2369,0.2513,142.7,97.9,0.482
14.48,32002.4,34993.4,0.0172,-0.0146,142.7,97.9,0.482
14.5,31968.8,34917.0,-0.1628,-0.2029,142.7,97.9,0.482
14.52,31875.2,34746.9,-0.6655,-0.6216,142.7,97.9,0.482
14.54,31814.7,34760.0,-0.9904,-0.5893,142.7,97.9,0.482
14.56,31851.3,34685.8,-0.7943,-0.7721,142.7,97.9,0.482
14.58,31848.1,34644.3,-0.8111,-0.8741,142.7,97.9,0.482
14.6,31881.6,34635.1,-0.6312,-0.8968,142.7,97.9,0.482
14.62,31822.2,34579.3,-0.9502,-1.0343,142.7,97.9,0.482
14.64,31702.4,34596.7,-1.5936,-0.9915,142.7,97.9,0.482
14.66,31758.5,34482.1,-1.2924,-1.2736,142.7,97.9,0.482
14.68,31831.7,34570.5,-0.8991,-1.0559,142.7,97.9,0.482
14.7,31967.8,34824.7,-0.1686,-0.4299,142.7,97.9,0.482
14.72,32057.7,35193.2,0.3142,0.4773,142.7,97.9,0.482
14.74,32293.5,35616.9,1.5808,1.5204,142.7,97.9,0.482
14.76,32337.6,35717.3,1.8172,1.7676,142.7,97.9,0.482
14.78,32318.9,35667.0,1.717,1.6439,142.7,97.9,0.482
14.8,32238.8,35532.7,1.2868,1.3132,142.7,97.9,0.482
14.82,32109.7,35434.6,0.5937,1.0716,142.7,97.9,0.482
14.84,32068.5,35287.2,0.3724,0.7086,142.7,97.9,0.482
14.86,32061.0,35119.4,0.3323,0.2956,142.7,97.9,0.482
14.88,31995.2,35030.4,-0.0212,0.0763,142.7,97.9,0.482
14.9,32036.6,34984.1,0.2008,-0.0377,142.7,97.9,0.482
14.92,32010.2,34927.8,0.0593,-0.1762,142.7,97.9,0.482
14.94,31949.6,34750.0,-0.2663,-0.614,142.7,97.9,0.482
14.96,31808.9,34696.6,-1.0219,-0.7455,142.7,97.9,0.482
14.98,31827.6,34686.4,-0.921,-0.7707,142.7,97.9,0.482
15.0,31834.7,34705.5,-0.8829,-0.7234,142.7,97.9,0.482
15.02,31834.2,34637.4,-0.8858,-0.8913,142.7,97.9,0.482
15.04,31797.6,34537.1,-1.0825,-1.1381,142.7,97.9,0.482
15.06,31823.6,34467.3,-0.9428,-1.31,142.7,97.9,0.482
15.08,31748.3,34435.3,-1.3469,-1.3887,142.7,97.9,0.482
15.1,31670.0,34533.6,-1.7673,-1.1467,142.7,97.9,0.482
15.12,31910.3,34822.0,-0.4769,-0.4367,142.7,97.9,0.482
15.14,32088.3,35228.3,0.4786,0.5637,142.7,97.9,0.482
15.16,32163.4,35536.5,0.8822,1.3225,142.7,97.9,0.482
15.18,32342.6,35724.8,1.844,1.7862,142.7,97.9,0.482
15.2,32416.2,35723.8,2.2394,1.7836,142.7,97.9,0.482
15.22,32208.6,35624.4,1.1245,1.5389,142.7,97.9,0.482
15.24,32107.3,35532.2,0.5807,1.312,142.7,97.9,0.482
15.26,32121.5,35106.5,0.6569,0.2638,142.7,97.9,0.482
15.28,32076.7,35158.8,0.4165,0.3925,142.7,97.9,0.482
15.3,32029.6,35164.4,0.1635,0.4063,142.7,97.9,0.482
15.32,31928.7,34974.9,-0.3784,-0.0602,142.7,97.9,0.482
15.34,31986.0,34827.6,-0.0706,-0.423,142.7,97.9,0.482
15.36,31826.4,34754.5,-0.9277,-0.603,142.7,97.9,0.482
15.38,31836.0,34787.1,-0.8762,-0.5226,142.7,97.9,0.482
15.4,31897.3,34653.1,-0.5471,-0.8525,142.7,97.9,0.482
15.42,31918.4,34665.4,-0.4335,-0.8222,142.7,97.9,0.482
15.44,31795.7,34607.4,-1.0927,-0.965,142.7,97.9,0.482
15.46,31812.2,34579.3,-1.004,-1.0343,142.7,97.9,0.482
15.48,31852.4,34485.7,-0.7882,-1.2647,142.7,97.9,0.482
15.5,31750.8,34494.7,-1.3336,-1.2426,142.7,97.9,0.482
15.52,31733.9,34544.7,-1.4245,-1.1195,142.7,97.9,0.482
15.54,31884.2,34791.2,-0.6173,-0.5125,142.7,97.9,0.482
15.56,31966.9,35120.1,-0.1732,0.2973,142.7,97.9,0.482
15.58,32296.0,35594.2,1.5942,1.4647,142.7,97.9,0.482
15.6,32342.3,35732.4,1.8425,1.8049,142.7,97.9,0.482
15.62,32336.0,35712.2,1.8086,1.7551,142.7,97.9,0.482
15.64,32297.8,35658.4,1.6036,1.6225,142.7,97.9,0.482
15.66,32240.2,35399.0,1.2941,0.9839,142.7,97.9,0.482
15.68,32124.5,35230.8,0.6729,0.5699,142.7,97.9,0.482
15.7,32035.6,35116.1,0.1959,0.2875,142.7,97.9,0.482
15.72,31953.9,35030.2,-0.2429,0.076,142.7,97.9,0.482
15.74,31969.8,35052.3,-0.1578,0.1303,142.7,97.9,0.482
15.76,32019.6,34909.2,0.1095,-0.2219,142.7,97.9,0.482
15.78,31895.4,34771.4,-0.5574,-0.5614,142.7,97.9,0.482
15.8,31843.3,34674.8,-0.837,-0.7992,142.7,97.9,0.482
15.82,31885.0,34627.8,-0.613,-0.9147,142.7,97.9,0.482
15.84,31737.1,34696.4,-1.4073,-0.746,142.7,97.9,0.482
15.86,31871.7,34676.7,-0.6845,-0.7945,142.7,97.9,0.482
15.88,31804.1,34582.2,-1.0473,-1.027,142.7,97.9,0.482
15.9,31739.1,34466.8,-1.3964,-1.3111,142.7,97.9,0.482
15.92,31770.9,34496.7,-1.2257,-1.2376,142.7,97.9,0.482
15.94,31860.8,34561.7,-0.7429,-1.0776,142.7,97.9,0.482
15.96,31934.0,34856.9,-0.3501,-0.3507,142.7,97.9,0.482
15.98,32020.2,35155.0,0.113,0.3831,142.7,97.9,0.482
16.0,32227.6,35540.0,1.2269,1.331,142.7,97.9,0.482
16.02,32365.4,35793.6,1.9668,1.9555,142.7,97.9,0.482
16.04,32383.3,35741.0,2.0626,1.8259,142.7,97.9,0.482
16.06,32257.9,35620.9,1.3894,1.5302,142.7,97.9,0.482
16.08,32179.4,35318.1,0.9678,0.7847,142.7,97.9,0.482
16.1,32192.7,35257.7,1.039,0.636,142.7,97.9,0.482
16.12,32091.5,35187.6,0.4958,0.4635,142.7,97.9,0.482
16.14,32085.2,35097.9,0.4618,0.2425,142.7,97.9,0.482
16.16,32003.0,35000.2,0.0205,0.0019,142.7,97.9,0.482
16.18,31958.8,34970.6,-0.2168,-0.0709,142.7,97.9,0.482
16.2,31935.5,34817.4,-0.3417,-0.448,142.7,97.9,0.482
16.22,31844.3,34686.9,-0.8315,-0.7694,142.7,97.9,0.482
16.24,31804.9,34661.6,-1.0433,-0.8316,142.7,97.9,0.482
16.26,31849.8,34586.8,-0.8019,-1.0159,142.7,97.9,0.482
16.28,31828.1,34549.7,-0.9185,-1.1072,142.7,97.9,0.482
16.3,31821.7,34628.1,-0.9528,-0.9142,142.7,97.9,0.482
16.32,31820.6,34399.3,-0.959,-1.4774,142.7,97.9,0.482
16.34,31718.3,34367.8,-1.5081,-1.5551,142.7,97.9,0.482
16.36,31853.6,34636.4,-0.7815,-0.8937,142.7,97.9,0.482
16.38,31849.1,34839.4,-0.806,-0.3939,142.7,97.9,0.482
16.4,32112.8,35245.0,0.6103,0.6048,142.7,97.9,0.482
16.42,32232.9,35551.7,1.2551,1.3598,142.7,97.9,0.482
16.44,32355.0,35704.6,1.9109,1.7363,142.7,97.9,0.482
16.46,32268.8,35694.9,1.448,1.7125,142.7,97.9,0.482
16.48,32278.7,35587.1,1.5012,1.447,142.7,97.9,0.482
16.5,32132.2,35355.9,0.7143,0.8778,142.7,97.9,0.482
16.52,32008.8,35201.1,0.052,0.4966,142.7,97.9,0.482
16.54,32122.2,35149.1,0.6605,0.3686,142.7,97.9,0.482
16.56,32077.0,35133.2,0.4181,0.3296,142.7,97.9,0.482
16.58,32010.7,35105.2,0.0622,0.2606,142.7,97.9,0.482
16.6,32017.1,34939.1,0.0965,-0.1484,142.7,97.9,0.482
16.62,31882.3,34760.7,-0.6274,-0.5876,142.7,97.9,0.482
16.64,31804.5,34704.5,-1.0453,-0.7259,142.7,97.9,0.482
16.66,31839.6,34719.0,-0.857,-0.6902,142.7,97.9,0.482
16.68,31833.7,34747.9,-0.8886,-0.6192,142.7,97.9,0.482
16.7,31894.6,34593.1,-0.5614,-1.0003,142.7,97.9,0.482
16.72,31751.4,34590.0,-1.3306,-1.0079,142.7,97.9,0.482
16.74,31836.7,34428.8,-0.8726,-1.4048,142.7,97.9,0.482
16.76,31709.5,34476.1,-1.5556,-1.2884,142.7,97.9,0.482
16.78,31817.6,34576.6,-0.9752,-1.0409,142.7,97.9,0.482
16.8,31901.7,34837.9,-0.5235,-0.3975,142.7,97.9,0.482
16.82,32019.5,35168.6,0.1092,0.4168,142.7,97.9,0.482
16.84,32267.8,35536.6,1.4427,1.3227,142.7,97.9,0.482
16.86,32287.7,35690.1,1.5494,1.7006,142.7,97.9,0.482
16.88,32326.0,35764.0,1.7553,1.8827,142.7,97.9,0.482
16.9,32344.2,35544.2,1.853,1.3414,142.7,97.9,0.482
16.92,32128.6,35430.0,0.695,1.0602,142.7,97.9,0.482
16.94,32070.9,35353.2,0.3853,0.8712,142.7,97.9,0.482
16.96,32088.4,35067.9,0.4792,0.1688,142.7,97.9,0.482
16.98,32009.5,35120.8,0.0557,0.2991,142.7,97.9,0.482
17.0,31967.9,35092.0,-0.168,0.2282,142.7,97.9,0.482
17.02,31940.9,34962.7,-0.313,-0.0903,142.7,97.9,0.482
17.04,31959.9,34906.0,-0.2109,-0.2299,142.7,97.9,0.482
17.06,31914.5,34673.0,-0.4547,-0.8035,142.7,97.9,0.482
17.08,31827.4,34757.5,-0.9221,-0.5956,142.7,97.9,0.482
17.1,31869.8,34640.2,-0.6949,-0.8843,142.7,97.9,0.482
17.12,31935.1,34604.7,-0.3441,-0.9716,142.7,97.9,0.482
17.14,31777.6,34636.9,-1.1897,-0.8924,142.7,97.9,0.482
17.16,31727.0,34498.7,-1.4616,-1.2327,142.7,97.9,0.482
17.18,31688.6,34454.3,-1.6678,-1.3421,142.7,97.9,0.482
17.2,31802.1,34431.9,-1.0582,-1.3973,142.7,97.9,0.482
17.22,32052.1,34793.8,0.2842,-0.5062,142.7,97.9,0.482
17.24,31963.4,35191.5,-0.192,0.4731,142.7,97.9,0.482
17.26,32163.0,35591.9,0.8795,1.459,142.7,97.9,0.482
17.28,32313.6,35632.0,1.6886,1.5575,142.7,97.9,0.482
17.3,32211.1,35778.8,1.1382,1.9191,142.7,97.9,0.482
17.32,32295.2,35652.7,1.5896,1.6086,142.7,97.9,0.482
17.34,32160.1,35494.7,0.8642,1.2196,142.7,97.9,0.482
17.36,32041.1,35249.3,0.225,0.6155,142.7,97.9,0.482
17.38,32095.3,35169.0,0.5161,0.4177,142.7,97.9,0.482
17.4,32021.1,35003.5,0.1178,0.0102,142.7,97.9,0.482
17.42,31942.0,35020.4,-0.3072,0.0519,142.7,97.9,0.482
17.44,31962.2,35000.9,-0.1983,0.0039,142.7,97.9,0.482
17.46,32003.7,34796.0,0.0244,-0.5008,142.7,97.9,0.482
17.48,31968.2,34699.5,-0.1662,-0.7384,142.7,97.9,0.482
17.5,31861.0,34659.3,-0.7418,-0.8373,142.7,97.9,0.482
17.52,31841.4,34659.1,-0.8471,-0.8377,142.7,97.9,0.482
17.54,31916.4,34646.6,-0.4443,-0.8685,142.7,97.9,0.482
17.56,31829.2,34561.6,-0.9125,-1.0777,142.7,97.9,0.482
17.58,31792.1,34427.6,-1.1117,-1.4078,142.7,97.9,0.482
17.6,31611.6,34528.1,-2.0811,-1.1604,142.7,97.9,0.482
17.62,31786.3,34582.3,-1.1433,-1.0268,142.7,97.9,0.482
17.64,31918.0,34815.8,-0.4357,-0.452,142.7,97.9,0.482
17.66,32098.8,35137.6,0.5351,0.3403,142.7,97.9,0.482
17.68,32207.5,35460.0,1.1185,1.1341,142.7,97.9,0.482
17.7,32260.7,35716.2,1.4046,1.7649,142.7,97.9,0.482
17.72,32273.0,35697.9,1.4704,1.7199,142.7,97.9,0.482
17.74,32298.7,35573.8,1.6086,1.4144,142.7,97.9,0.482
17.76,32194.9,35462.7,1.0512,1.1408,142.7,97.9,0.482
17.78,32054.5,35223.8,0.2971,0.5527,142.7,97.9,0.482
17.8,32040.3,35221.1,0.221,0.546,142.7,97.9,0.482
17.82,32037.9,35057.4,0.2083,0.143,142.7,97.9,0.482
17.84,32113.0,34986.1,0.6114,-0.0325,142.7,97.9,0.482
17.86,31905.3,34956.8,-0.5043,-0.1048,142.7,97.9,0.482
17.88,31798.6,34853.1,-1.0772,-0.3601,142.7,97.9,0.482
17.9,31830.4,34683.7,-0.9062,-0.7772,142.7,97.9,0.482
17.92,31897.7,34698.8,-0.5451,-0.7399,142.7,97.9,0.482
17.94,31783.7,34695.6,-1.1569,-0.7479,142.7,97.9,0.482
17.96,31813.3,34613.3,-0.9981,-0.9505,142.7,97.9,0.482
17.98,31804.3,34591.4,-1.0464,-1.0044,142.7,97.9,0.482
18.0,31798.5,34548.0,-1.0775,-1.1113,142.7,97.9,0.482
18.02,31661.4,34454.4,-1.8136,-1.3419,142.7,97.9,0.482
18.04,31783.7,34482.2,-1.1571,-1.2733,142.7,97.9,0.482
18.06,31885.9,34783.9,-0.6079,-0.5304,142.7,97.9,0.482
18.08,31976.4,35203.0,-0.1222,0.5014,142.7,97.9,0.482
18.1,32240.0,35470.2,1.293,1.1591,142.7,97.9,0.482
18.12,32300.2,35680.2,1.6164,1.6763,142.7,97.9,0.482
18.14,32351.3,35764.4,1.8911,1.8836,142.7,97.9,0.482
18.16,32258.1,35627.4,1.3903,1.5462,142.7,97.9,0.482
18.18,32159.3,35359.9,0.8598,0.8876,142.7,97.9,0.482
18.2,32123.5,35285.1,0.6674,0.7036,142.7,97.9,0.482
18.22,32098.4,35101.3,0.5327,0.2509,142.7,97.9,0.482
18.24,32091.8,35011.2,0.4972,0.0292,142.7,97.9,0.482
18.26,31972.1,35059.4,-0.1452,0.1477,142.7,97.9,0.482
18.28,31940.3,34957.4,-0.3163,-0.1033,142.7,97.9,0.482
18.3,31916.8,34804.3,-0.4423,-0.4803,142.7,97.9,0.482
18.32,31845.9,34732.5,-0.8229,-0.6571,142.7,97.9,0.482
18.34,31871.0,34674.3,-0.6882,-0.8004,142.7,97.9,0.482
18.36,31885.0,34698.3,-0.6131,-0.7414,142.7,97.9,0.482
18.38,31925.5,34633.3,-0.3953,-0.9013,142.7,97.9,0.482
18.4,31837.5,34546.6,-0.8679,-1.1147,142.7,97.9,0.482
18.42,31713.3,34518.3,-1.5353,-1.1845,142.7,97.9,0.482
18.44,31805.8,34467.0,-1.0382,-1.3108,142.7,97.9,0.482
18.46,31789.4,34554.9,-1.1263,-1.0944,142.7,97.9,0.482
18.48,31897.8,34702.4,-0.5445,-0.7313,142.7,97.9,0.482
18.5,32061.4,35116.4,0.3343,0.2881,142.7,97.9,0.482
18.52,32185.4,35439.0,1.0003,1.0825,142.7,97.9,0.482
18.54,32335.8,35668.7,1.8075,1.6481,142.7,97.9,0.482
18.56,32272.7,35717.9,1.4687,1.7692,142.7,97.9,0.482
18.58,32295.0,35574.2,1.5888,1.4153,142.7,97.9,0.482
18.6,32144.5,35405.5,0.7806,0.9999,142.7,97.9,0.482
18.62,32147.8,35292.9,0.7982,0.7227,142.7,97.9,0.482
18.64,32075.8,35163.5,0.4117,0.4041,142.7,97.9,0.482
18.66,32064.1,35134.2,0.3486,0.3319,142.7,97.9,0.482
18.68,32044.6,34936.6,0.2439,-0.1545,142.7,97.9,0.482
18.7,31954.2,34944.8,-0.2413,-0.1345,142.7,97.9,0.482
18.72,32005.9,34827.1,0.0361,-0.4241,142.7,97.9,0.482
18.74,31804.3,34801.8,-1.0464,-0.4864,142.7,97.9,0.482
18.76,31787.3,34631.6,-1.1379,-0.9054,142.7,97.9,0.482
18.78,31830.7,34733.3,-0.9044,-0.655,142.7,97.9,0.482
18.8,31787.2,34583.8,-1.1381,-1.0232,142.7,97.9,0.482
18.82,31835.2,34539.3,-0.8805,-1.1327,142.7,97.9,0.482
18.84,31793.7,34412.7,-1.1032,-1.4445,142.7,97.9,0.482
18.86,31788.9,34480.3,-1.1288,-1.2781,142.7,97.9,0.482
18.88,31797.5,34510.0,-1.0827,-1.2049,142.7,97.9,0.482
18.9,31784.0,34798.2,-1.1556,-0.4954,142.7,97.9,0.482
18.92,32051.5,35165.7,0.2809,0.4095,142.7,97.9,0.482
18.94,32125.6,35524.4,0.6789,1.2928,142.7,97.9,0.482
18.96,32252.0,35628.7,1.3579,1.5496,142.7,97.9,0.482
18.98,32233.8,35770.1,1.2602,1.8975,142.7,97.9,0.482
19.0,32246.4,35662.0,1.3274,1.6315,142.7,97.9,0.482
19.02,32195.7,35370.7,1.0554,0.9142,142.7,97.9,0.482
19.04,32129.2,35181.3,0.6983,0.4479,142.7,97.9,0.482
19.06,32112.1,35109.4,0.6065,0.2708,142.7,97.9,0.482
19.08,32042.6,35091.3,0.2335,0.2264,142.7,97.9,0.482
19.1,31903.6,35028.6,-0.5134,0.0719,142.7,97.9,0.482
19.12,31890.6,34970.3,-0.5831,-0.0716,142.7,97.9,0.482
19.14,31883.4,34819.6,-0.6218,-0.4426,142.7,97.9,0.482
19.16,31871.8,34716.6,-0.684,-0.6962,142.7,97.9,0.482
19.18,31829.4,34724.3,-0.9116,-0.6773,142.7,97.9,0.482
19.2,31795.3,34735.4,-1.0946,-0.65,142.7,97.9,0.482
19.22,31817.1,34663.6,-0.9775,-0.8268,142.7,97.9,0.482
19.24,31914.7,34588.7,-0.4537,-1.0111,142.7,97.9,0.482
19.26,31807.6,34610.0,-1.0286,-0.9588,142.7,97.9,0.482
19.28,31712.5,34433.6,-1.5394,-1.3931,142.7,97.9,0.482
19.3,31795.1,34541.9,-1.0956,-1.1262,142.7,97.9,0.482
19.32,31858.4,34783.5,-0.7558,-0.5314,142.7,97.9,0.482
19.34,32015.8,35117.2,0.0893,0.2901,142.7,97.9,0.482
19.36,32180.4,35446.2,0.973,1.1001,142.7,97.9,0.482
19.38,32254.1,35641.5,1.3692,1.581,142.7,97.9,0.482
19.4,32381.1,35580.3,2.0511,1.4302,142.7,97.9,0.482
19.42,32295.8,35585.1,1.5931,1.442,142.7,97.9,0.482
19.44,32100.2,35399.2,0.5427,0.9845,142.7,97.9,0.482
19.46,32091.9,35311.2,0.498,0.7678,142.7,97.9,0.482
19.48,32134.0,35124.5,0.724,0.3082,142.7,97.9,0.482
19.5,32031.7,35161.9,0.1747,0.4001,142.7,97.9,0.482
19.52,31943.8,34951.1,-0.2973,-0.1189,142.7,97.9,0.482
19.54,32068.8,34929.6,0.3738,-0.1717,142.7,97.9,0.482
19.56,31995.8,34833.7,-0.0181,-0.408,142.7,97.9,0.482
19.58,31851.0,34720.7,-0.7957,-0.6861,142.7,97.9,0.482
19.6,31848.9,34655.9,-0.807,-0.8457,142.7,97.9,0.482
19.62,31691.8,34682.2,-1.6507,-0.7808,142.7,97.9,0.482
19.64,31877.3,34717.3,-0.6543,-0.6944,142.7,97.9,0.482
19.66,31814.1,34586.0,-0.9939,-1.0177,142.7,97.9,0.482
19.68,31769.7,34477.6,-1.232,-1.2847,142.7,97.9,0.482
19.7,31756.0,34509.8,-1.306,-1.2054,142.7,97.9,0.482
19.72,31703.6,34435.1,-1.5871,-1.3893,142.7,97.9,0.482
19.74,31824.4,34773.0,-0.9385,-0.5574,142.7,97.9,0.482
19.76,32071.6,35037.2,0.389,0.0931,142.7,97.9,0.482
19.78,32222.5,35503.1,1.1995,1.2404,142.7,97.9,0.482
19.8,32341.8,35737.7,1.8402,1.8179,142.7,97.9,0.482
19.82,32338.5,35816.8,1.8221,2.0127,142.7,97.9,0.482
19.84,32272.9,35691.4,1.4701,1.704,142.7,97.9,0.482
19.86,32242.8,35424.3,1.3083,1.0462,142.7,97.9,0.482
19.88,32118.9,35290.3,0.6431,0.7163,142.7,97.9,0.482
19.9,32102.1,35109.0,0.5527,0.2698,142.7,97.9,0.482
19.92,31933.9,35209.0,-0.3502,0.5161,142.7,97.9,0.482
19.94,32038.8,35029.0,0.2128,0.073,142.7,97.9,0.482
19.96,32013.8,34916.2,0.0783,-0.2047,142.7,97.9,0.482
19.98,31885.0,34931.9,-0.6132,-0.1662,142.7,97.9,0.482
20.0,31846.5,34685.0,-0.8197,-0.7741,142.7,97.9,0.482
20.02,31846.1,34594.7,-0.8221,-0.9963,142.7,97.9,0.482
20.04,31907.7,34569.7,-0.4911,-1.0579,142.7,97.9,0.482
20.06,31848.8,34615.7,-0.8075,-0.9447,142.7,97.9,0.482
20.08,31830.9,34591.6,-0.9035,-1.004,142.7,97.9,0.482
20.1,31784.1,34548.0,-1.1547,-1.1112,142.7,97.9,0.482
20.12,31683.8,34458.6,-1.6932,-1.3314,142.7,97.9,0.482
20.14,31782.5,34541.9,-1.1636,-1.1263,142.7,97.9,0.482
20.16,31878.1,34786.9,-0.6503,-0.5231,142.7,97.9,0.482
20.18,32042.9,35118.9,0.235,0.2943,142.7,97.9,0.482
20.2,32184.1,35457.5,0.9931,1.128,142.7,97.9,0.482
20.22,32337.4,35633.5,1.8161,1.5612,142.7,97.9,0.482
20.24,32379.7,35789.4,2.0437,1.9452,142.7,97.9,0.482
20.26,32337.8,35609.2,1.8184,1.5016,142.7,97.9,0.482
20.28,32223.7,35471.4,1.206,1.1622,142.7,97.9,0.482
20.3,32088.2,35351.3,0.4783,0.8664,142.7,97.9,0.482
20.32,32007.3,35126.5,0.0435,0.3131,142.7,97.9,0.482
20.34,32080.5,35035.9,0.437,0.0899,142.7,97.9,0.482
20.36,32021.3,35070.9,0.1187,0.1762,142.7,97.9,0.482
20.38,31963.7,34935.1,-0.1907,-0.1582,142.7,97.9,0.482
20.4,32052.0,34827.4,0.2837,-0.4235,142.7,97.9,0.482
20.42,31916.2,34728.6,-0.4457,-0.6666,142.7,97.9,0.482
20.44,31823.3,34744.4,-0.9446,-0.6279,142.7,97.9,0.482
20.46,31824.0,34737.6,-0.9404,-0.6446,142.7,97.9,0.482
20.48,31763.0,34650.3,-1.2684,-0.8593,142.7,97.9,0.482
20.5,31785.2,34523.3,-1.149,-1.172,142.7,97.9,0.482
20.52,31799.5,34518.0,-1.072,-1.1852,142.7,97.9,0.482
20.54,31762.1,34533.3,-1.2732,-1.1474,142.7,97.9,0.482
20.56,31744.7,34473.7,-1.3662,-1.2942,142.7,97.9,0.482
20.58,31913.5,34719.2,-0.4599,-0.6897,142.7,97.9,0.482
20.6,31942.1,35071.1,-0.3064,0.1767,142.7,97.9,0.482
20.62,32200.1,35447.3,1.0788,1.1028,142.7,97.9,0.482
20.64,32309.8,35678.0,1.668,1.671,142.7,97.9,0.482
20.66,32236.9,35724.6,1.2765,1.7857,142.7,97.9,0.482
20.68,32225.4,35590.3,1.2151,1.455,142.7,97.9,0.482
20.7,32166.3,35455.9,0.8977,1.124,142.7,97.9,0.482
20.72,32199.3,35316.9,1.0745,0.7818,142.7,97.9,0.482
20.74,32083.2,35162.6,0.4511,0.4018,142.7,97.9,0.482
20.76,32063.0,35125.2,0.3431,0.3099,142.7,97.9,0.482
20.78,31916.4,35027.3,-0.4444,0.0688,142.7,97.9,0.482
20.8,32032.2,35006.8,0.1772,0.0182,142.7,97.9,0.482
20.82,31885.7,34852.5,-0.6094,-0.3616,142.7,97.9,0.482
20.84,31892.6,34852.5,-0.5724,-0.3617,142.7,97.9,0.482
20.86,31840.4,34803.1,-0.8523,-0.4833,142.7,97.9,0.482
20.88,31874.2,34691.6,-0.6711,-0.7578,142.7,97.9,0.482
20.9,31846.4,34621.6,-0.8205,-0.9301,142.7,97.9,0.482
20.92,31836.4,34551.2,-0.8742,-1.1033,142.7,97.9,0.482
20.94,31803.8,34658.7,-1.0489,-0.8388,142.7,97.9,0.482
20.96,31769.2,34391.0,-1.235,-1.4979,142.7,97.9,0.482
20.98,31758.5,34493.8,-1.2926,-1.2447,142.7,97.9,0.482
21.0,31917.4,34735.2,-0.4392,-0.6505,142.7,97.9,0.482
21.02,32020.7,35131.6,0.1158,0.3255,142.7,97.9,0.482
21.04,32196.7,35425.3,1.0605,1.0486,142.7,97.9,0.482
21.06,32320.9,35722.2,1.7279,1.7797,142.7,97.9,0.482
21.08,32310.9,35732.6,1.6742,1.8053,142.7,97.9,0.482
21.1,32311.4,35615.6,1.6769,1.5173,142.7,97.9,0.482
21.12,32296.2,35469.2,1.595,1.1567,142.7,97.9,0.482
21.14,32198.7,35296.4,1.0717,0.7313,142.7,97.9,0.482
21.16,32092.6,35189.5,0.5018,0.4681,142.7,97.9,0.482
21.18,32108.1,35235.2,0.5851,0.5807,142.7,97.9,0.482
21.2,31986.8,34958.0,-0.0664,-0.1019,142.7,97.9,0.482
21.22,31973.8,34905.3,-0.1362,-0.2316,142.7,97.9,0.482
21.24,31907.9,34799.2,-0.4901,-0.4928,142.7,97.9,0.482
21.26,31831.2,34843.4,-0.9017,-0.3841,142.7,97.9,0.482
21.28,31860.4,34783.5,-0.7452,-0.5316,142.7,97.9,0.482
21.3,31886.3,34607.9,-0.6061,-0.9639,142.7,97.9,0.482
21.32,31835.8,34541.6,-0.8771,-1.127,142.7,97.9,0.482
21.34,31806.9,34586.6,-1.0327,-1.0162,142.7,97.9,0.482
21.36,31712.7,34436.5,-1.5381,-1.3858,142.7,97.9,0.482
21.38,31665.0,34460.6,-1.7942,-1.3264,142.7,97.9,0.482
21.4,31797.2,34525.4,-1.0845,-1.1669,142.7,97.9,0.482
21.42,31911.2,34799.1,-0.4725,-0.4932,142.7,97.9,0.482
21.44,31997.8,34976.5,-0.0074,-0.0562,142.7,97.9,0.482
21.46,32190.6,35433.7,1.0279,1.0695,142.7,97.9,0.482
21.48,32275.8,35714.4,1.4856,1.7606,142.7,97.9,0.482
21.5,32286.7,35786.2,1.5439,1.9372,142.7,97.9,0.482
21.52,32290.6,35696.5,1.5649,1.7164,142.7,97.9,0.482
21.54,32220.4,35469.9,1.1883,1.1586,142.7,97.9,0.482
21.56,32171.0,35299.1,0.923,0.7379,142.7,97.9,0.482
21.58,32105.0,35145.3,0.5681,0.3592,142.7,97.9,0.482
21.6,31969.9,35129.8,-0.1573,0.321,142.7,97.9,0.482
21.62,32028.3,35083.1,0.1567,0.2063,142.7,97.9,0.482
21.64,31941.1,34928.5,-0.3118,-0.1746,142.7,97.9,0.482
21.66,31912.1,34913.9,-0.4675,-0.2104,142.7,97.9,0.482
21.68,31787.3,34762.2,-1.1377,-0.5839,142.7,97.9,0.482
21.7,31902.0,34758.6,-0.522,-0.5929,142.7,97.9,0.482
21.72,31864.0,34631.8,-0.7256,-0.9049,142.7,97.9,0.482
21.74,31830.5,34625.6,-0.9057,-0.9203,142.7,97.9,0.482
21.76,31812.0,34635.2,-1.005,-0.8966,142.7,97.9,0.482
21.78,31737.7,34474.1,-1.4038,-1.2933,142.7,97.9,0.482
21.8,31682.3,34431.3,-1.7017,-1.3987,142.7,97.9,0.482
21.82,31761.6,34477.4,-1.2759,-1.2852,142.7,97.9,0.482
21.84,31828.7,34704.4,-0.9153,-0.7262,142.7,97.9,0.482
21.86,31993.0,35047.0,-0.033,0.1172,142.7,97.9,0.482
21.88,32163.2,35440.1,0.8808,1.0852,142.7,97.9,0.482
21.9,32349.9,35680.6,1.8834,1.6773,142.7,97.9,0.482
21.92,32267.4,35816.3,1.4404,2.0114,142.7,97.9,0.482
21.94,32307.2,35660.0,1.6539,1.6266,142.7,97.9,0.482
21.96,32234.2,35544.7,1.2619,1.3428,142.7,97.9,0.482
21.98,32068.5,35355.5,0.3722,0.8769,142.7,97.9,0.482
22.0,32093.8,35236.1,0.5083,0.5829,142.7,97.9,0.482
22.02,32029.0,35078.5,0.1603,0.1948,142.7,97.9,0.482
22.04,32057.4,35129.0,0.3126,0.3192,142.7,97.9,0.482
22.06,31943.5,34894.3,-0.299,-0.2587,142.7,97.9,0.482
22.08,31911.3,34846.5,-0.4717,-0.3764,142.7,97.9,0.482
22.1,31783.9,34807.9,-1.1561,-0.4715,142.7,97.9,0.482
22.12,31782.5,34729.8,-1.1633,-0.6637,142.7,97.9,0.482
22.14,31956.1,34622.9,-0.2311,-0.9269,142.7,97.9,0.482
22.16,31876.3,34577.4,-0.6597,-1.039,142.7,97.9,0.482
22.18,31755.3,34635.1,-1.3094,-0.8969,142.7,97.9,0.482
22.2,31752.9,34474.8,-1.3223,-1.2916,142.7,97.9,0.482
22.22,31844.2,34398.0,-0.8319,-1.4806,142.7,97.9,0.482
22.24,31818.2,34517.3,-0.9717,-1.1868,142.7,97.9,0.482
22.26,31986.9,34748.8,-0.066,-0.6169,142.7,97.9,0.482
22.28,31951.5,35061.3,-0.2557,0.1526,142.7,97.9,0.482
22.3,32182.2,35429.6,0.983,1.0594,142.7,97.9,0.482
22.32,32319.2,35618.0,1.7187,1.5233,142.7,97.9,0.482
22.34,32340.5,35680.1,1.8328,1.6761,142.7,97.9,0.482
22.36,32360.4,35742.1,1.94,1.8287,142.7,97.9,0.482
22.38,32286.0,35403.9,1.5402,0.9961,142.7,97.9,0.482
22.4,32119.2,35188.8,0.6444,0.4664,142.7,97.9,0.482
22.42,32050.1,35167.7,0.2735,0.4145,142.7,97.9,0.482
22.44,32027.9,35122.0,0.1542,0.3019,142.7,97.9,0.482
22.46,32060.6,35007.8,0.3302,0.0209,142.7,97.9,0.482
22.48,31995.5,34849.2,-0.0197,-0.3698,142.7,97.9,0.482
22.5,31912.2,34834.0,-0.4669,-0.4072,142.7,97.9,0.482
22.52,31808.2,34748.7,-1.0257,-0.6171,142.7,97.9,0.482
22.54,31776.1,34779.6,-1.1978,-0.5411,142.7,97.9,0.482
22.56,31911.6,34680.2,-0.4701,-0.7859,142.7,97.9,0.482
22.58,31856.6,34642.8,-0.7658,-0.878,142.7,97.9,0.482
22.6,31854.9,34561.7,-0.7749,-1.0776,142.7,97.9,0.482
22.62,31744.6,34567.4,-1.3672,-1.0634,142.7,97.9,0.482
22.64,31754.0,34505.1,-1.3163,-1.2168,142.7,97.9,0.482
22.66,31779.4,34475.5,-1.1803,-1.2898,142.7,97.9,0.482
22.68,31865.9,34746.5,-0.7155,-0.6227,142.7,97.9,0.482
22.7,32006.6,35027.0,0.0401,0.068,142.7,97.9,0.482
22.72,32139.5,35396.3,0.7538,0.9773,142.7,97.9,0.482
22.74,32249.6,35559.1,1.3449,1.3782,142.7,97.9,0.482
22.76,32293.5,35761.0,1.5807,1.8751,142.7,97.9,0.482
22.78,32288.1,35613.0,1.5513,1.5107,142.7,97.9,0.482
22.8,32232.4,35551.2,1.2525,1.3586,142.7,97.9,0.482
22.82,32171.6,35192.6,0.9257,0.4757,142.7,97.9,0.482
22.84,32030.4,35152.6,0.1677,0.3772,142.7,97.9,0.482
22.86,32091.4,35128.7,0.4953,0.3185,142.7,97.9,0.482
22.88,32029.7,35018.3,0.1642,0.0467,142.7,97.9,0.482
22.9,32010.3,34884.8,0.0598,-0.2822,142.7,97.9,0.482
22.92,31897.2,34836.2,-0.5473,-0.4017,142.7,97.9,0.482
22.94,31865.8,34703.3,-0.7163,-0.7289,142.7,97.9,0.482
22.96,31878.8,34787.2,-0.6462,-0.5224,142.7,97.9,0.482
22.98,31855.0,34677.0,-0.7742,-0.7937,142.7,97.9,0.482
23.0,31893.2,34641.0,-0.5692,-0.8822,142.7,97.9,0.482
23.02,31846.6,34627.9,-0.8194,-0.9147,142.7,97.9,0.482
23.04,31884.5,34525.4,-0.6157,-1.1668,142.7,97.9,0.482
23.06,31745.4,34464.9,-1.3628,-1.316,142.7,97.9,0.482
23.08,31772.7,34505.7,-1.2163,-1.2155,142.7,97.9,0.482
23.1,31878.2,34743.7,-0.6494,-0.6294,142.7,97.9,0.482
23.12,31996.1,35033.6,-0.0167,0.0842,142.7,97.9,0.482
23.14,32122.8,35404.5,0.6639,0.9975,142.7,97.9,0.482
23.16,32423.2,35736.2,2.2769,1.8141,142.7,97.9,0.482
23.18,32337.8,35746.3,1.8185,1.8391,142.7,97.9,0.482
23.2,32203.2,35729.3,1.0956,1.7972,142.7,97.9,0.482
23.22,32228.3,35483.9,1.2303,1.193,142.7,97.9,0.482
23.24,32075.1,35327.4,0.4078,0.8076,142.7,97.9,0.482
23.26,31974.9,35264.3,-0.1301,0.6523,142.7,97.9,0.482
23.28,32037.5,35184.9,0.2056,0.4567,142.7,97.9,0.482
23.3,32082.5,35018.2,0.4474,0.0464,142.7,97.9,0.482
23.32,32009.7,34970.0,0.0567,-0.0723,142.7,97.9,0.482
23.34,31905.9,34845.9,-0.501,-0.3778,142.7,97.9,0.482
23.36,31869.0,34798.7,-0.6989,-0.4939,142.7,97.9,0.482
23.38,31880.2,34705.6,-0.6389,-0.7234,142.7,97.9,0.482
23.4,31829.2,34754.1,-0.9128,-0.6038,142.7,97.9,0.482
23.42,31868.8,34676.3,-0.7003,-0.7955,142.7,97.9,0.482
23.44,31767.2,34680.6,-1.2455,-0.7848,142.7,97.9,0.482
23.46,31759.4,34561.7,-1.2875,-1.0776,142.7,97.9,0.482
23.48,31755.8,34559.3,-1.3067,-1.0834,142.7,97.9,0.482
23.5,31745.3,34423.5,-1.3634,-1.4179,142.7,97.9,0.482
23.52,31866.2,34688.9,-0.7138,-0.7643,142.7,97.9,0.482
23.54,31903.8,35025.8,-0.512,0.0651,142.7,97.9,0.482
23.56,32160.6,35396.9,0.8668,0.9789,142.7,97.9,0.482
23.58,32247.0,35582.9,1.331,1.4366,142.7,97.9,0.482
23.6,32285.6,35817.5,1.5384,2.0143,142.7,97.9,0.482
23.62,32280.4,35668.4,1.5101,1.6471,142.7,97.9,0.482
23.64,32226.2,35561.0,1.2189,1.3829,142.7,97.9,0.482
23.66,32102.7,35361.7,0.5561,0.8922,142.7,97.9,0.482
23.68,32047.0,35138.2,0.2568,0.3418,142.7,97.9,0.482
23.7,32124.4,35047.8,0.6724,0.1192,142.7,97.9,0.482
23.72,32069.0,35009.4,0.375,0.0248,142.7,97.9,0.482
23.74,31877.7,35064.9,-0.6524,0.1614,142.7,97.9,0.482
23.76,31934.9,34827.6,-0.345,-0.4228,142.7,97.9,0.482
23.78,31904.5,34783.3,-0.5083,-0.5319,142.7,97.9,0.482
23.8,31862.3,34733.6,-0.7351,-0.6543,142.7,97.9,0.482
23.82,31868.2,34652.1,-0.7035,-0.8551,142.7,97.9,0.482
23.84,31841.6,34623.1,-0.8458,-0.9263,142.7,97.9,0.482
23.86,31914.1,34692.2,-0.4568,-0.7562,142.7,97.9,0.482
23.88,31927.2,34488.8,-0.3862,-1.2572,142.7,97.9,0.482
23.9,31691.5,34495.2,-1.6519,-1.2414,142.7,97.9,0.482
23.92,31793.2,34503.6,-1.1062,-1.2206,142.7,97.9,0.482
23.94,31801.2,34714.4,-1.063,-0.7017,142.7,97.9,0.482
23.96,31905.1,35021.2,-0.5053,0.0538,142.7,97.9,0.482
23.98,32094.0,35313.9,0.5095,0.7745,142.7,97.9,0.482
24.0,32244.3,35675.8,1.3166,1.6655,142.7,97.9,0.482
24.02,32336.8,35767.6,1.813,1.8914,142.7,97.9,0.482
24.04,32306.9,35688.8,1.6527,1.6975,142.7,97.9,0.482
24.06,32215.3,35512.6,1.1605,1.2637,142.7,97.9,0.482
24.08,32135.3,35281.0,0.7312,0.6933,142.7,97.9,0.482
24.1,32118.1,35184.3,0.6386,0.4554,142.7,97.9,0.482
24.12,32077.4,35083.3,0.4199,0.2067,142.7,97.9,0.482
24.14,31951.6,35077.5,-0.2556,0.1923,142.7,97.9,0.482
24.16,31949.8,34983.0,-0.2649,-0.0403,142.7,97.9,0.482
24.18,31956.5,34790.0,-0.229,-0.5156,142.7,97.9,0.482
24.2,31887.1,34729.5,-0.6017,-0.6645,142.7,97.9,0.482
24.22,31881.9,34770.9,-0.6299,-0.5625,142.7,97.9,0.482
24.24,31909.7,34680.3,-0.4804,-0.7857,142.7,97.9,0.482
24.26,31835.7,34629.8,-0.8776,-0.9099,142.7,97.9,0.482
24.28,31747.7,34554.6,-1.3502,-1.095,142.7,97.9,0.482
24.3,31756.7,34551.0,-1.3023,-1.104,142.7,97.9,0.482
24.32,31790.3,34339.4,-1.1216,-1.6249,142.7,97.9,0.482
24.34,31680.1,34506.0,-1.7132,-1.2146,142.7,97.9,0.482
24.36,31913.9,34723.2,-0.4579,-0.6799,142.7,97.9,0.482
24.38,32049.3,34950.7,0.2693,-0.1197,142.7,97.9,0.482
24.4,32212.0,35367.9,1.143,0.9073,142.7,97.9,0.482
24.42,32296.9,35679.0,1.5988,1.6733,142.7,97.9,0.482
24.44,32340.0,35754.9,1.83,1.8603,142.7,97.9,0.482
24.46,32266.0,35722.3,1.433,1.78,142.7,97.9,0.482
24.48,32122.3,35428.0,0.6611,1.0553,142.7,97.9,0.482
24.5,32180.3,35347.2,0.9729,0.8563,142.7,97.9,0.482
24.52,32027.6,35181.9,0.1528,0.4495,142.7,97.9,0.482
24.54,32037.8,35072.7,0.2075,0.1806,142.7,97.9,0.482
24.56,31981.4,35057.8,-0.0954,0.144,142.7,97.9,0.482
24.58,31978.9,34959.4,-0.1086,-0.0983,142.7,97.9,0.482
24.6,31946.1,34874.4,-0.2849,-0.3078,142.7,97.9,0.482
24.62,31929.9,34742.9,-0.3719,-0.6316,142.7,97.9,0.482
24.64,31821.9,34789.7,-0.952,-0.5161,142.7,97.9,0.482
24.66,31822.7,34601.2,-0.9474,-0.9803,142.7,97.9,0.482
24.68,31834.8,34623.3,-0.8828,-0.9259,142.7,97.9,0.482
24.7,31834.0,34590.2,-0.8871,-1.0074,142.7,97.9,0.482
24.72,31942.0,34631.4,-0.307,-0.906,142.7,97.9,0.482
24.74,31738.8,34388.8,-1.3984,-1.5033,142.7,97.9,0.482
24.76,31746.1,34492.1,-1.359,-1.2489,142.7,97.9,0.482
24.78,31880.0,34664.3,-0.6399,-0.8249,142.7,97.9,0.482
24.8,32057.3,34997.5,0.3122,-0.0046,142.7,97.9,0.482
24.82,32173.0,35360.5,0.9333,0.8891,142.7,97.9,0.482
24.84,32281.9,35627.2,1.5181,1.5457,142.7,97.9,0.482
24.86,32481.3,35762.0,2.5888,1.8777,142.7,97.9,0.482
24.88,32323.4,35680.8,1.7412,1.6778,142.7,97.9,0.482
24.9,32188.4,35422.1,1.0161,1.0407,142.7,97.9,0.482
24.92,32201.1,35333.3,1.0843,0.8221,142.7,97.9,0.482
24.94,32171.7,35089.6,0.9267,0.2222,142.7,97.9,0.482
24.96,32019.4,35079.2,0.1085,0.1967,142.7,97.9,0.482
24.98,31953.3,34948.0,-0.2465,-0.1266,142.7,97.9,0.482
25.0,32034.1,35014.4,0.1878,0.0369,142.7,97.9,0.482
25.02,31882.1,34882.5,-0.6286,-0.2878,142.7,97.9,0.482
25.04,31854.4,34784.9,-0.7774,-0.528,142.7,97.9,0.482
25.06,31852.6,34696.8,-0.7872,-0.745,142.7,97.9,0.482
25.08,31812.0,34669.7,-1.0049,-0.8117,142.7,97.9,0.482
25.1,31854.8,34654.2,-0.775,-0.8499,142.7,97.9,0.482
25.12,31785.2,34615.4,-1.1492,-0.9455,142.7,97.9,0.482
25.14,31755.2,34425.8,-1.3098,-1.4121,142.7,97.9,0.482
25.16,31797.5,34460.0,-1.083,-1.3279,142.7,97.9,0.482
25.18,31778.3,34521.8,-1.1858,-1.1759,142.7,97.9,0.482
25.2,31842.1,34634.0,-0.8434,-0.8996,142.7,97.9,0.482
25.22,31979.5,35027.1,-0.1058,0.0684,142.7,97.9,0.482
25.24,32045.3,35388.1,0.2478,0.9572,142.7,97.9,0.482
25.26,32274.7,35651.8,1.4795,1.6064,142.7,97.9,0.482
25.28,32316.9,35687.2,1.7062,1.6934,142.7,97.9,0.482
25.3,32235.5,35631.1,1.2689,1.5555,142.7,97.9,0.482
25.32,32248.3,35521.2,1.3381,1.2847,142.7,97.9,0.482
25.34,32127.6,35366.1,0.6898,0.903,142.7,97.9,0.482
25.36,32053.7,35183.1,0.2926,0.4523,142.7,97.9,0.482
25.38,32069.5,35035.4,0.3775,0.0888,142.7,97.9,0.482
25.4,32013.1,35011.9,0.0747,0.0309,142.7,97.9,0.482
25.42,32027.4,34921.0,0.1517,-0.193,142.7,97.9,0.482
25.44,31894.3,34883.3,-0.5628,-0.2858,142.7,97.9,0.482
25.46,31851.0,34832.2,-0.7958,-0.4117,142.7,97.9,0.482
25.48,31907.6,34739.4,-0.4914,-0.64,142.7,97.9,0.482
25.5,31881.2,34653.9,-0.6337,-0.8507,142.7,97.9,0.482
25.52,31777.6,34606.0,-1.19,-0.9686,142.7,97.9,0.482
25.54,31856.3,34599.7,-0.7672,-0.984,142.7,97.9,0.482
25.56,31711.1,34522.3,-1.5471,-1.1746,142.7,97.9,0.482
25.58,31811.6,34497.3,-1.007,-1.2362,142.7,97.9,0.482
25.6,31775.8,34531.2,-1.1996,-1.1526,142.7,97.9,0.482
25.62,31824.3,34623.8,-0.9388,-0.9246,142.7,97.9,0.482
25.64,31942.6,34966.3,-0.3036,-0.0815,142.7,97.9,0.482
25.66,32188.8,35342.5,1.0183,0.8448,142.7,97.9,0.482
25.68,32179.9,35646.0,0.9704,1.5921,142.7,97.9,0.482
25.7,32369.8,35737.1,1.9905,1.8164,142.7,97.9,0.482
25.72,32301.7,35636.6,1.6246,1.5689,142.7,97.9,0.482
25.74,32248.2,35485.6,1.3374,1.1971,142.7,97.9,0.482
25.76,32087.3,35242.0,0.4733,0.5975,142.7,97.9,0.482
25.78,32023.5,35092.1,0.1307,0.2284,142.7,97.9,0.482
25.8,32071.3,35073.0,0.3872,0.1814,142.7,97.9,0.482
25.82,31978.8,35047.1,-0.1094,0.1174,142.7,97.9,0.482
25.84,32067.6,34937.1,0.3676,-0.1532,142.7,97.9,0.482
25.86,32052.4,34884.0,0.2859,-0.2839,142.7,97.9,0.482
25.88,31840.5,34801.9,-0.8518,-0.4862,142.7,97.9,0.482
25.9,31893.5,34655.0,-0.5674,-0.8478,142.7,97.9,0.482
25.92,31844.1,34592.6,-0.8325,-1.0016,142.7,97.9,0.482
25.94,31841.6,34652.5,-0.8463,-0.8539,142.7,97.9,0.482
25.96,31799.6,34679.9,-1.0717,-0.7865,142.7,97.9,0.482
25.98,31865.1,34507.2,-0.7198,-1.2118,142.7,97.9,0.482
26.0,31816.2,34441.5,-0.9825,-1.3736,142.7,97.9,0.482
26.02,31759.2,34529.7,-1.2884,-1.1564,142.7,97.9,0.482
26.04,31823.2,34588.6,-0.945,-1.0114,142.7,97.9,0.482
26.06,31978.8,34997.5,-0.1093,-0.0047,142.7,97.9,0.482
26.08,32174.9,35337.2,0.9437,0.8317,142.7,97.9,0.482
26.1,32344.8,35675.6,1.8563,1.665,142.7,97.9,0.482
26.12,32371.0,35711.4,1.9968,1.7531,142.7,97.9,0.482
26.14,32270.0,35746.4,1.4543,1.8392,142.7,97.9,0.482
26.16,32236.3,35505.7,1.2734,1.2468,142.7,97.9,0.482
26.18,32117.4,35322.8,0.635,0.7963,142.7,97.9,0.482
26.2,32024.2,35176.4,0.1344,0.4358,142.7,97.9,0.482
26.22,32006.9,35051.4,0.0414,0.1282,142.7,97.9,0.482
26.24,31953.1,35091.8,-0.2476,0.2277,142.7,97.9,0.482
26.26,31961.2,35032.3,-0.2037,0.081,142.7,97.9,0.482
26.28,31933.7,34986.2,-0.3514,-0.0324,142.7,97.9,0.482
26.3,31876.0,34814.7,-0.6614,-0.4547,142.7,97.9,0.482
26.32,31897.6,34753.6,-0.5453,-0.605,142.7,97.9,0.482
26.34,31792.0,34680.0,-1.1127,-0.7862,142.7,97.9,0.482
26.36,31834.3,34615.8,-0.8851,-0.9443,142.7,97.9,0.482
26.38,31849.7,34575.3,-0.8025,-1.044,142.7,97.9,0.482
26.4,31834.2,34524.5,-0.8859,-1.1692,142.7,97.9,0.482
26.42,31802.4,34517.3,-1.0566,-1.1868,142.7,97.9,0.482
26.44,31817.3,34387.8,-0.9768,-1.5058,142.7,97.9,0.482
26.46,31812.4,34683.9,-1.0028,-0.7766,142.7,97.9,0.482
26.48,31982.3,34909.4,-0.0903,-0.2214,142.7,97.9,0.482
26.5,32172.8,35431.8,0.9322,1.0648,142.7,97.9,0.482
26.52,32279.7,35650.8,1.5063,1.604,142.7,97.9,0.482
26.54,32359.6,35761.6,1.9354,1.8768,142.7,97.9,0.482
26.56,32273.9,35653.3,1.4751,1.61,142.7,97.9,0.482
26.58,32231.6,35579.2,1.2481,1.4276,142.7,97.9,0.482
26.6,32095.9,35400.3,0.5196,0.9872,142.7,97.9,0.482
26.62,32030.8,35141.6,0.1699,0.3503,142.7,97.9,0.482
26.64,32089.7,35100.6,0.4861,0.2494,142.7,97.9,0.482
26.66,32058.7,35100.5,0.3196,0.249,142.7,97.9,0.482
26.68,31912.1,34991.3,-0.4673,-0.0199,142.7,97.9,0.482
26.7,31934.2,34886.9,-0.3489,-0.2769,142.7,97.9,0.482
26.72,31812.0,34772.2,-1.0049,-0.5594,142.7,97.9,0.482
26.74,31932.3,34767.5,-0.3589,-0.5709,142.7,97.9,0.482
26.76,31862.2,34639.1,-0.7354,-0.8871,142.7,97.9,0.482
26.78,31831.7,34718.7,-0.8991,-0.6911,142.7,97.9,0.482
26.8,31795.2,34520.6,-1.0953,-1.1787,142.7,97.9,0.482
26.82,31802.6,34552.7,-1.0554,-1.0996,142.7,97.9,0.482
26.84,31807.9,34547.5,-1.0273,-1.1126,142.7,97.9,0.482
26.86,31779.0,34476.1,-1.1823,-1.2883,142.7,97.9,0.482
26.88,31827.7,34637.5,-0.9208,-0.8911,142.7,97.9,0.482
26.9,31965.7,35012.2,-0.1795,0.0316,142.7,97.9,0.482
26.92,32151.2,35380.2,0.8163,0.9376,142.7,97.9,0.482
26.94,32255.0,35630.5,1.3741,1.5539,142.7,97.9,0.482
26.96,32337.5,35735.1,1.8167,1.8115,142.7,97.9,0.482
26.98,32403.3,35728.1,2.1704,1.7941,142.7,97.9,0.482
27.0,32232.6,35550.3,1.2538,1.3566,142.7,97.9,0.482
27.02,32134.9,35317.5,0.729,0.7834,142.7,97.9,0.482
27.04,32071.5,35230.8,0.3882,0.5699,142.7,97.9,0.482
27.06,32017.6,35090.1,0.099,0.2233,142.7,97.9,0.482
27.08,32013.2,35025.1,0.0756,0.0633,142.7,97.9,0.482
27.1,32007.8,34986.6,0.0464,-0.0313,142.7,97.9,0.482
27.12,31997.5,34853.9,-0.0092,-0.3581,142.7,97.9,0.482
27.14,31881.7,34713.3,-0.6308,-0.7043,142.7,97.9,0.482
27.16,31914.9,34763.1,-0.4523,-0.5816,142.7,97.9,0.482
27.18,31888.2,34697.2,-0.5957,-0.7441,142.7,97.9,0.482
27.2,31913.0,34669.9,-0.4626,-0.8111,142.7,97.9,0.482
27.22,31820.3,34737.1,-0.9607,-0.6457,142.7,97.9,0.482
27.24,31806.7,34562.8,-1.0333,-1.0748,142.7,97.9,0.482
27.26,31763.6,34387.0,-1.2648,-1.5078,142.7,97.9,0.482
27.28,31800.0,34543.0,-1.0695,-1.1236,142.7,97.9,0.482
27.3,31884.1,34645.1,-0.6181,-0.8722,142.7,97.9,0.482
27.32,32016.7,34866.6,0.094,-0.327,142.7,97.9,0.482
27.34,32282.5,35284.3,1.5216,0.7014,142.7,97.9,0.482
27.36,32221.4,35656.2,1.1936,1.6172,142.7,97.9,0.482
27.38,32170.3,35722.6,0.919,1.7807,142.7,97.9,0.482
27.4,32338.8,35655.2,1.8236,1.6147,142.7,97.9,0.482
27.42,32196.4,35424.9,1.059,1.0478,142.7,97.9,0.482
27.44,32115.0,35298.1,0.622,0.7356,142.7,97.9,0.482
27.46,32043.5,35174.6,0.238,0.4315,142.7,97.9,0.482
27.48,32046.3,35149.4,0.2533,0.3695,142.7,97.9,0.482
27.5,32084.7,35106.3,0.4592,0.2633,142.7,97.9,0.482
27.52,32067.9,34983.1,0.3692,-0.0401,142.7,97.9,0.482
27.54,31987.0,34866.9,-0.0655,-0.326,142.7,97.9,0.482
27.56,31886.5,34837.7,-0.6051,-0.3981,142.7,97.9,0.482
27.58,31815.6,34709.9,-0.9859,-0.7126,142.7,97.9,0.482
27.6,31819.4,34687.0,-0.9655,-0.7691,142.7,97.9,0.482
27.62,31772.1,34651.2,-1.219,-0.8573,142.7,97.9,0.482
27.64,31816.8,34511.9,-0.9795,-1.2001,142.7,97.9,0.482
27.66,31790.1,34503.9,-1.1227,-1.2198,142.7,97.9,0.482
27.68,31815.2,34459.3,-0.9878,-1.3298,142.7,97.9,0.482
27.7,31788.8,34485.6,-1.1299,-1.265,142.7,97.9,0.482
27.72,31867.6,34548.4,-0.7063,-1.1103,142.7,97.9,0.482
27.74,31915.5,34970.3,-0.449,-0.0716,142.7,97.9,0.482
27.76,32090.1,35261.7,0.4885,0.6458,142.7,97.9,0.482
27.78,32261.2,35628.9,1.4073,1.55,142.7,97.9,0.482
27.8,32313.2,35764.0,1.6861,1.8825,142.7,97.9,0.482
27.82,32265.6,35592.4,1.4309,1.4602,142.7,97.9,0.482
27.84,32105.3,35471.1,0.5701,1.1615,142.7,97.9,0.482
27.86,32212.0,35301.4,1.143,0.7435,142.7,97.9,0.482
27.88,32083.5,35074.2,0.453,0.1843,142.7,97.9,0.482
27.9,32049.6,35100.0,0.2707,0.2477,142.7,97.9,0.482
27.92,32070.7,35058.6,0.384,0.1459,142.7,97.9,0.482
27.94,32068.8,35036.6,0.3742,0.0916,142.7,97.9,0.482
27.96,31869.0,34807.4,-0.6989,-0.4725,142.7,97.9,0.482
27.98,31874.1,34732.9,-0.6718,-0.6561,142.7,97.9,0.482
28.0,31932.8,34633.5,-0.3564,-0.9007,142.7,97.9,0.482
28.02,31872.6,34730.1,-0.6795,-0.663,142.7,97.9,0.482
28.04,31863.6,34716.7,-0.7277,-0.696,142.7,97.9,0.482
28.06,31785.9,34597.4,-1.1453,-0.9897,142.7,97.9,0.482
28.08,31920.4,34606.4,-0.4229,-0.9675,142.7,97.9,0.482
28.1,31791.8,34421.9,-1.1136,-1.4217,142.7,97.9,0.482
28.12,31757.7,34492.7,-1.2967,-1.2474,142.7,97.9,0.482
28.14,31828.3,34649.7,-0.9173,-0.861,142.7,97.9,0.482
28.16,32044.8,35003.7,0.245,0.0108,142.7,97.9,0.482
28.18,32163.7,35319.9,0.8833,0.7891,142.7,97.9,0.482
28.2,32301.8,35617.3,1.6252,1.5214,142.7,97.9,0.482
28.22,32412.5,35729.5,2.2198,1.7977,142.7,97.9,0.482
28.24,32301.9,35810.1,1.6256,1.9961,142.7,97.9,0.482
28.26,32169.9,35529.1,0.9167,1.3043,142.7,97.9,0.482
28.28,32175.1,35300.3,0.9447,0.741,142.7,97.9,0.482
28.3,32060.4,35260.9,0.3289,0.644,142.7,97.9,0.482
28.32,32081.0,35059.5,0.4393,0.148,142.7,97.9,0.482
28.34,32121.9,34994.9,0.6591,-0.011,142.7,97.9,0.482
28.36,31966.1,34997.6,-0.1777,-0.0044,142.7,97.9,0.482
28.38,31946.2,34990.9,-0.2842,-0.0207,142.7,97.9,0.482
28.4,31878.2,34866.8,-0.6497,-0.3265,142.7,97.9,0.482
28.42,31811.1,34652.0,-1.0098,-0.8552,142.7,97.9,0.482
28.44,31820.3,34645.6,-0.9606,-0.871,142.7,97.9,0.482
28.46,31821.5,34653.1,-0.9538,-0.8526,142.7,97.9,0.482
28.48,31846.0,34584.8,-0.8223,-1.0207,142.7,97.9,0.482
28.5,31692.7,34574.9,-1.6456,-1.0451,142.7,97.9,0.482
28.52,31750.6,34359.1,-1.3346,-1.5765,142.7,97.9,0.482
28.54,31793.8,34470.5,-1.103,-1.3021,142.7,97.9,0.482
28.56,31749.6,34701.1,-1.3403,-0.7344,142.7,97.9,0.482
28.58,31940.8,34876.9,-0.3135,-0.3016,142.7,97.9,0.482
28.6,32114.0,35218.7,0.6169,0.5399,142.7,97.9,0.482
28.62,32163.8,35561.1,0.8843,1.383,142.7,97.9,0.482
28.64,32392.1,35706.1,2.1102,1.7402,142.7,97.9,0.482
28.66,32280.1,35646.0,1.5085,1.5921,142.7,97.9,0.482
28.68,32288.9,35558.0,1.5557,1.3754,142.7,97.9,0.482
28.7,32164.3,35418.9,0.8869,1.0329,142.7,97.9,0.482
28.72,32105.1,35167.2,0.5689,0.4133,142.7,97.9,0.482
28.74,32046.0,35139.8,0.2513,0.3458,142.7,97.9,0.482
28.76,31970.3,35025.8,-0.1549,0.0651,142.7,97.9,0.482
28.78,31990.1,35030.9,-0.0489,0.0777,142.7,97.9,0.482
28.8,31969.7,34918.8,-0.158,-0.1984,142.7,97.9,0.482
28.82,31871.1,34741.9,-0.6879,-0.6339,142.7,97.9,0.482
28.84,31831.6,34620.3,-0.8997,-0.9333,142.7,97.9,0.482
28.86,31831.9,34670.0,-0.898,-0.8109,142.7,97.9,0.482
28.88,31814.9,34690.3,-0.9896,-0.761,142.7,97.9,0.482
28.9,31844.6,34595.7,-0.8301,-0.9938,142.7,97.9,0.482
28.92,31807.7,34575.7,-1.0279,-1.043,142.7,97.9,0.482
28.94,31812.7,34428.7,-1.0013,-1.405,142.7,97.9,0.482
28.96,31754.8,34443.4,-1.3124,-1.3688,142.7,97.9,0.482
28.98,31801.4,34610.0,-1.0622,-0.9587,142.7,97.9,0.482
29.0,32037.5,34838.5,0.2059,-0.396,142.7,97.9,0.482
29.02,32103.5,35315.7,0.5604,0.7787,142.7,97.9,0.482
29.04,32206.9,35547.7,1.1155,1.3501,142.7,97.9,0.482
29.06,32393.2,35803.0,2.1157,1.9786,142.7,97.9,0.482
29.08,32301.5,35715.8,1.6235,1.764,142.7,97.9,0.482
29.1,32198.1,35545.6,1.0681,1.345,142.7,97.9,0.482
29.12,32120.2,35356.1,0.6502,0.8783,142.7,97.9,0.482
29.14,32063.1,35195.6,0.3436,0.4832,142.7,97.9,0.482
29.16,32005.7,35157.9,0.0352,0.3903,142.7,97.9,0.482
29.18,32004.6,35081.1,0.0291,0.2013,142.7,97.9,0.482
29.2,32068.4,35052.9,0.3719,0.1319,142.7,97.9,0.482
29.22,31990.5,34943.0,-0.0464,-0.1388,142.7,97.9,0.482
29.24,31918.3,34727.3,-0.4344,-0.6699,142.7,97.9,0.482
29.26,31949.0,34733.0,-0.2694,-0.6559,142.7,97.9,0.482
29.28,31779.5,34765.1,-1.1796,-0.5769,142.7,97.9,0.482
29.3,31865.6,34745.3,-0.7174,-0.6255,142.7,97.9,0.482
29.32,31879.6,34585.7,-0.642,-1.0186,142.7,97.9,0.482
29.34,31873.4,34508.1,-0.6751,-1.2094,142.7,97.9,0.482
29.36,31775.7,34370.0,-1.1998,-1.5495,142.7,97.9,0.482
29.38,31742.7,34462.1,-1.3772,-1.3229,142.7,97.9,0.482
29.4,31881.9,34553.8,-0.6297,-1.097,142.7,97.9,0.482
29.42,31928.0,34840.8,-0.3821,-0.3905,142.7,97.9,0.482
29.44,32124.1,35154.2,0.671,0.3813,142.7,97.9,0.482
29.46,32275.7,35602.2,1.4851,1.4842,142.7,97.9,0.482
29.48,32223.6,35769.7,1.2051,1.8967,142.7,97.9,0.482
29.5,32390.3,35703.7,2.1002,1.7343,142.7,97.9,0.482
29.52,32301.9,35609.3,1.6259,1.5017,142.7,97.9,0.482
29.54,32157.2,35276.1,0.8486,0.6814,142.7,97.9,0.482
29.56,32033.9,35304.5,0.1866,0.7513,142.7,97.9,0.482
29.58,32121.1,35044.4,0.6547,0.1109,142.7,97.9,0.482
29.6,32033.1,35076.5,0.1823,0.19,142.7,97.9,0.482
29.62,32073.8,34935.6,0.4008,-0.1571,142.7,97.9,0.482
29.64,32032.2,34886.9,0.1774,-0.2769,142.7,97.9,0.482
29.66,31874.1,34706.5,-0.6714,-0.7211,142.7,97.9,0.482
29.68,31857.8,34763.1,-0.759,-0.5816,142.7,97.9,0.482
29.7,31846.5,34712.7,-0.82,-0.7059,142.7,97.9,0.482
29.72,31810.2,34642.0,-1.0146,-0.88,142.7,97.9,0.482
29.74,31861.1,34609.2,-0.7413,-0.9606,142.7,97.9,0.482
29.76,31873.1,34514.2,-0.6768,-1.1946,142.7,97.9,0.482
29.78,31770.4,34508.7,-1.2283,-1.2082,142.7,97.9,0.482
29.8,31763.0,34403.6,-1.268,-1.4668,142.7,97.9,0.482
29.82,31796.8,34559.9,-1.0865,-1.082,142.7,97.9,0.482
29.84,31864.0,34912.8,-0.7256,-0.2132,142.7,97.9,0.482
29.86,32157.9,35217.8,0.8526,0.5378,142.7,97.9,0.482
29.88,32193.7,35550.0,1.0448,1.3557,142.7,97.9,0.482
29.9,32363.7,35749.7,1.9576,1.8474,142.7,97.9,0.482
29.92,32350.8,35696.7,1.8883,1.717,142.7,97.9,0.482
29.94,32268.8,35551.3,1.4478,1.3589,142.7,97.9,0.482
29.96,32138.2,35402.4,0.7464,0.9923,142.7,97.9,0.482
29.98,32083.7,35144.9,0.4542,0.3584,142.7,97.9,0.482
30.0,31972.6,35178.6,-0.1429,0.4414,142.7,97.9,0.482
30.02,32126.1,35062.2,0.6814,0.1548,142.7,97.9,0.482
30.04,32018.6,35049.4,0.1042,0.1232,142.7,97.9,0.482
30.06,31853.9,34892.9,-0.78,-0.262,142.7,97.9,0.482
30.08,31918.3,34738.2,-0.4343,-0.6431,142.7,97.9,0.482
30.1,31856.4,34729.6,-0.7667,-0.6643,142.7,97.9,0.482
30.12,31929.0,34561.2,-0.3766,-1.0789,142.7,97.9,0.482
30.14,31800.3,34672.4,-1.068,-0.8051,142.7,97.9,0.482
30.16,31811.2,34709.7,-1.0093,-0.7132,142.7,97.9,0.482
30.18,31808.1,34537.6,-1.0261,-1.1368,142.7,97.9,0.482
30.2,31787.2,34484.3,-1.138,-1.2681,142.7,97.9,0.482
30.22,31785.5,34481.6,-1.1471,-1.2748,142.7,97.9,0.482
30.24,31797.7,34606.2,-1.082,-0.968,142.7,97.9,0.482
30.26,31948.5,34917.6,-0.2721,-0.2012,142.7,97.9,0.482
30.28,32126.7,35227.5,0.6846,0.5617,142.7,97.9,0.482
30.3,32209.8,35535.7,1.1313,1.3206,142.7,97.9,0.482
30.32,32349.1,35735.3,1.8794,1.812,142.7,97.9,0.482
30.34,32215.7,35744.9,1.1629,1.8355,142.7,97.9,0.482
30.36,32175.0,35563.0,0.9444,1.3878,142.7,97.9,0.482
30.38,32217.6,35378.0,1.173,0.9322,142.7,97.9,0.482
30.4,32142.5,35220.9,0.7697,0.5453,142.7,97.9,0.482
30.42,31926.4,35112.4,-0.3909,0.2784,142.7,97.9,0.482
30.44,31965.7,35063.5,-0.1797,0.1578,142.7,97.9,0.482
30.46,31885.6,34957.0,-0.61,-0.1044,142.7,97.9,0.482
30.48,31971.7,34819.5,-0.1474,-0.4428,142.7,97.9,0.482
30.5,31817.6,34843.3,-0.9749,-0.3843,142.7,97.9,0.482
30.52,31947.8,34753.7,-0.276,-0.6049,142.7,97.9,0.482
30.54,31806.5,34538.0,-1.0344,-1.1358,142.7,97.9,0.482
30.56,31906.7,34539.7,-0.4964,-1.1317,142.7,97.9,0.482
30.58,31811.4,34656.9,-1.0081,-0.8432,142.7,97.9,0.482
30.6,31854.2,34476.8,-0.7785,-1.2865,142.7,97.9,0.482
30.62,31794.5,34536.7,-1.099,-1.1392,142.7,97.9,0.482
30.64,31730.2,34420.4,-1.4445,-1.4255,142.7,97.9,0.482
30.66,31815.5,34547.2,-0.9862,-1.1132,142.7,97.9,0.482
30.68,31912.8,34943.3,-0.4638,-0.1381,142.7,97.9,0.482
30.7,32060.4,35257.1,0.3289,0.6347,142.7,97.9,0.482
30.72,32282.1,35545.8,1.5195,1.3454,142.7,97.9,0.482
30.74,32344.3,35668.8,1.8536,1.6481,142.7,97.9,0.482
30.76,32290.1,35706.0,1.5624,1.7398,142.7,97.9,0.482
30.78,32204.1,35481.0,1.1006,1.186,142.7,97.9,0.482
30.8,32121.8,35425.7,0.6584,1.0497,142.7,97.9,0.482
30.82,32038.7,35182.7,0.2125,0.4515,142.7,97.9,0.482
30.84,32047.1,35049.3,0.2573,0.123,142.7,97.9,0.482
30.86,31949.7,35121.0,-0.2654,0.2994,142.7,97.9,0.482
30.88,32040.0,35053.0,0.2191,0.1322,142.7,97.9,0.482
30.9,31914.9,34971.9,-0.4522,-0.0675,142.7,97.9,0.482
30.92,31862.9,34835.0,-0.7319,-0.4048,142.7,97.9,0.482
30.94,31855.7,34656.7,-0.7705,-0.8436,142.7,97.9,0.482
30.96,31819.3,34789.0,-0.9658,-0.5179,142.7,97.9,0.482
30.98,31866.9,34729.9,-0.7102,-0.6635,142.7,97.9,0.482
31.0,31851.0,34651.4,-0.7955,-0.8568,142.7,97.9,0.482
31.02,31737.3,34550.1,-1.4064,-1.106,142.7,97.9,0.482
31.04,31823.5,34419.4,-0.9435,-1.428,142.7,97.9,0.482
31.06,31717.8,34447.9,-1.5109,-1.3579,142.7,97.9,0.482
31.08,31770.1,34498.7,-1.2299,-1.2326,142.7,97.9,0.482
31.1,31912.5,34884.2,-0.4653,-0.2837,142.7,97.9,0.482
31.12,32149.7,35249.0,0.8083,0.6147,142.7,97.9,0.482
31.14,32259.6,35555.1,1.3988,1.3683,142.7,97.9,0.482
31.16,32332.9,35844.2,1.792,2.0802,142.7,97.9,0.482
31.18,32343.5,35825.1,1.8492,2.0329,142.7,97.9,0.482
31.2,32213.5,35632.4,1.151,1.5587,142.7,97.9,0.482
31.22,32172.0,35353.4,0.928,0.8717,142.7,97.9,0.482
31.24,32178.0,35216.7,0.9601,0.5351,142.7,97.9,0.482
31.26,32067.9,35107.0,0.3693,0.265,142.7,97.9,0.482
31.28,32026.4,34956.7,0.1463,-0.105,142.7,97.9,0.482
31.3,32051.2,34988.0,0.2794,-0.0281,142.7,97.9,0.482
31.32,31891.3,34912.4,-0.5791,-0.2141,142.7,97.9,0.482
31.34,31904.6,34874.1,-0.5079,-0.3084,142.7,97.9,0.482
31.36,31872.3,34686.7,-0.6814,-0.7699,142.7,97.9,0.482
31.38,32000.0,34748.5,0.0045,-0.6177,142.7,97.9,0.482
31.4,31860.2,34663.2,-0.7463,-0.8277,142.7,97.9,0.482
31.42,31898.7,34699.0,-0.5395,-0.7396,142.7,97.9,0.482
31.44,31758.9,34554.1,-1.2904,-1.0963,142.7,97.9,0.482
31.46,31772.7,34463.6,-1.216,-1.3191,142.7,97.9,0.482
31.48,31670.6,34426.5,-1.7644,-1.4104,142.7,97.9,0.482
31.5,31935.3,34593.7,-0.3432,-0.9988,142.7,97.9,0.482
31.52,31906.8,34854.1,-0.496,-0.3578,142.7,97.9,0.482
31.54,32068.1,35155.6,0.37,0.3846,142.7,97.9,0.482
31.56,32255.6,35519.1,1.377,1.2795,142.7,97.9,0.482
31.58,32341.2,35754.0,1.8367,1.8581,142.7,97.9,0.482
31.6,32424.4,35777.5,2.2833,1.9158,142.7,97.9,0.482
31.62,32307.2,35581.6,1.654,1.4334,142.7,97.9,0.482
31.64,32151.7,35355.7,0.819,0.8773,142.7,97.9,0.482
31.66,32067.6,35303.1,0.3673,0.7477,142.7,97.9,0.482
31.68,32114.6,35138.8,0.6197,0.3433,142.7,97.9,0.482
31.7,31984.0,35031.9,-0.0814,0.0801,142.7,97.9,0.482
31.72,32046.6,35008.9,0.255,0.0235,142.7,97.9,0.482
31.74,31906.8,34881.8,-0.496,-0.2893,142.7,97.9,0.482
31.76,31899.2,34872.1,-0.5369,-0.3133,142.7,97.9,0.482
31.78,31915.1,34687.7,-0.4514,-0.7674,142.7,97.9,0.482
31.8,31854.2,34664.1,-0.7787,-0.8254,142.7,97.9,0.482
31.82,31822.9,34720.5,-0.9465,-0.6866,142.7,97.9,0.482
31.84,31870.1,34591.6,-0.6932,-1.0039,142.7,97.9,0.482
31.86,31722.6,34531.6,-1.485,-1.1517,142.7,97.9,0.482
31.88,31761.9,34453.8,-1.2739,-1.3432,142.7,97.9,0.482
31.9,31838.9,34469.2,-0.8603,-1.3054,142.7,97.9,0.482
31.92,31798.4,34495.2,-1.0782,-1.2412,142.7,97.9,0.482
31.94,31990.1,34875.1,-0.0485,-0.306,142.7,97.9,0.482
31.96,32093.2,35254.7,0.505,0.6286,142.7,97.9,0.482
31.98,32213.8,35550.4,1.1526,1.3567,142.7,97.9,0.482
32.0,32232.5,35720.4,1.2528,1.7753,142.7,97.9,0.482
32.02,32235.8,35756.0,1.2708,1.863,142.7,97.9,0.482
32.04,32262.4,35664.3,1.4133,1.6371,142.7,97.9,0.482
32.06,32157.5,35436.1,0.8502,1.0752,142.7,97.9,0.482
32.08,32136.6,35234.5,0.7379,0.579,142.7,97.9,0.482
32.1,31993.6,35129.7,-0.0297,0.3209,142.7,97.9,0.482
32.12,31983.5,35155.6,-0.0841,0.3846,142.7,97.9,0.482
32.14,32026.8,34969.2,0.1481,-0.0743,142.7,97.9,0.482
32.16,31924.7,34866.1,-0.4,-0.3281,142.7,97.9,0.482
32.18,31856.2,34762.3,-0.7679,-0.5837,142.7,97.9,0.482
32.2,31897.3,34714.4,-0.5468,-0.7017,142.7,97.9,0.482
32.22,31846.0,34694.8,-0.8224,-0.75,142.7,97.9,0.482
32.24,31830.8,34696.0,-0.9042,-0.7468,142.7,97.9,0.482
32.26,31854.9,34648.6,-0.7745,-0.8635,142.7,97.9,0.482
32.28,31889.9,34596.6,-0.587,-0.9917,142.7,97.9,0.482
32.3,31791.5,34576.8,-1.1153,-1.0404,142.7,97.9,0.482
32.32,31828.2,34497.9,-0.918,-1.2346,142.7,97.9,0.482
32.34,31816.3,34565.8,-0.9818,-1.0674,142.7,97.9,0.482
32.36,31800.4,34812.0,-1.0673,-0.4614,142.7,97.9,0.482
32.38,32031.1,35182.6,0.1717,0.4511,142.7,97.9,0.482
32.4,32180.3,35486.8,0.9726,1.2001,142.7,97.9,0.482
32.42,32334.0,35703.9,1.7982,1.7347,142.7,97.9,0.482
32.44,32373.7,35735.6,2.0114,1.8126,142.7,97.9,0.482
32.46,32214.4,35647.4,1.1559,1.5956,142.7,97.9,0.482
32.48,32192.6,35353.7,1.0386,0.8725,142.7,97.9,0.482
32.5,32102.9,35309.0,0.5573,0.7623,142.7,97.9,0.482
32.52,32119.3,35192.4,0.6452,0.4753,142.7,97.9,0.482
32.54,31952.1,35006.6,-0.2526,0.0177,142.7,97.9,0.482
32.56,32094.6,34957.1,0.5125,-0.1041,142.7,97.9,0.482
32.58,31853.0,34934.1,-0.7848,-0.1606,142.7,97.9,0.482
32.6,31931.5,34858.2,-0.3636,-0.3476,142.7,97.9,0.482
32.62,31843.7,34757.1,-0.835,-0.5965,142.7,97.9,0.482
32.64,31833.1,34639.6,-0.8919,-0.8859,142.7,97.9,0.482
32.66,31919.3,34613.2,-0.4286,-0.9508,142.7,97.9,0.482
32.68,31914.0,34699.0,-0.4575,-0.7395,142.7,97.9,0.482
32.7,31768.1,34619.6,-1.2407,-0.9349,142.7,97.9,0.482
32.72,31790.5,34461.5,-1.1204,-1.3243,142.7,97.9,0.482
32.74,31827.1,34331.6,-0.9237,-1.6442,142.7,97.9,0.482
32.76,31863.6,34607.5,-0.7278,-0.9649,142.7,97.9,0.482
32.78,31903.3,34899.3,-0.5149,-0.2463,142.7,97.9,0.482
32.8,32024.8,35214.6,0.1378,0.53,142.7,97.9,0.482
32.82,32307.5,35519.3,1.6557,1.2801,142.7,97.9,0.482
32.84,32334.0,35786.5,1.798,1.9379,142.7,97.9,0.482
32.86,32320.1,35723.9,1.7234,1.784,142.7,97.9,0.482
32.88,32225.9,35572.8,1.2174,1.4119,142.7,97.9,0.482
32.9,32243.1,35440.7,1.3098,1.0866,142.7,97.9,0.482
32.92,32103.5,35231.5,0.5604,0.5715,142.7,97.9,0.482
32.94,32109.4,35133.0,0.5918,0.329,142.7,97.9,0.482
32.96,32165.4,35015.1,0.8929,0.0388,142.7,97.9,0.482
32.98,31944.4,35049.0,-0.2939,0.1223,142.7,97.9,0.482
33.0,31993.8,34968.3,-0.0286,-0.0765,142.7,97.9,0.482
33.02,31916.9,34817.2,-0.4416,-0.4485,142.7,97.9,0.482
33.04,31909.0,34837.7,-0.4843,-0.3981,142.7,97.9,0.482
33.06,31878.9,34613.3,-0.6459,-0.9505,142.7,97.9,0.482
33.08,31840.6,34738.2,-0.8515,-0.6431,142.7,97.9,0.482
33.1,31781.1,34549.3,-1.171,-1.1082,142.7,97.9,0.482
33.12,31748.9,34558.3,-1.3441,-1.086,142.7,97.9,0.482
33.14,31742.6,34534.8,-1.3779,-1.1439,142.7,97.9,0.482
33.16,31775.4,34541.6,-1.2014,-1.1271,142.7,97.9,0.482
33.18,31764.7,34543.6,-1.259,-1.1221,142.7,97.9,0.482
33.2,32039.5,34713.1,0.2168,-0.7048,142.7,97.9,0.482
33.22,32068.3,35129.0,0.3711,0.3193,142.7,97.9,0.482
33.24,32195.5,35460.5,1.0541,1.1355,142.7,97.9,0.482
33.26,32327.7,35732.5,1.764,1.805,142.7,97.9,0.482
33.28,32321.8,35773.0,1.7327,1.9047,142.7,97.9,0.482
33.3,32237.5,35637.2,1.28,1.5705,142.7,97.9,0.482
33.32,32206.3,35387.1,1.1124,0.9546,142.7,97.9,0.482
33.34,32080.7,35132.2,0.4379,0.3271,142.7,97.9,0.482
33.36,32056.9,35063.8,0.3101,0.1586,142.7,97.9,0.482
33.38,32125.7,35128.3,0.6794,0.3174,142.7,97.9,0.482
33.4,32036.2,35018.5,0.1991,0.0472,142.7,97.9,0.482
33.42,31966.4,34949.0,-0.1758,-0.124,142.7,97.9,0.482
33.44,31985.8,34782.4,-0.0719,-0.5342,142.7,97.9,0.482
33.46,31841.8,34668.7,-0.8451,-0.8141,142.7,97.9,0.482
33.48,31767.7,34694.9,-1.2432,-0.7496,142.7,97.9,0.482
33.5,31870.2,34709.1,-0.6926,-0.7147,142.7,97.9,0.482
33.52,31810.1,34671.5,-1.0152,-0.8072,142.7,97.9,0.482
33.54,31870.1,34509.0,-0.6931,-1.2073,142.7,97.9,0.482
33.56,31786.2,34508.3,-1.1438,-1.2091,142.7,97.9,0.482
33.58,31755.0,34474.7,-1.3109,-1.2918,142.7,97.9,0.482
33.6,31760.9,34456.4,-1.2796,-1.3368,142.7,97.9,0.482
33.62,32022.6,34870.7,0.126,-0.3169,142.7,97.9,0.482
33.64,32069.5,35112.0,0.3776,0.2772,142.7,97.9,0.482
33.66,32307.1,35499.8,1.6534,1.2321,142.7,97.9,0.482
33.68,32330.4,35720.0,1.7786,1.7743,142.7,97.9,0.482
33.7,32399.5,35815.7,2.1495,2.0099,142.7,97.9,0.482
33.72,32304.6,35562.6,1.64,1.3868,142.7,97.9,0.482
33.74,32153.5,35452.0,0.8287,1.1145,142.7,97.9,0.482
33.76,32056.6,35294.4,0.3084,0.7264,142.7,97.9,0.482
33.78,32111.5,35146.4,0.603,0.3619,142.7,97.9,0.482
33.8,31996.0,35064.9,-0.0168,0.1614,142.7,97.9,0.482
33.82,31989.8,35070.0,-0.0502,0.174,142.7,97.9,0.482
33.84,31938.7,34903.3,-0.3246,-0.2366,142.7,97.9,0.482
33.86,31927.8,34897.3,-0.3831,-0.2513,142.7,97.9,0.482
33.88,31906.7,34733.3,-0.4962,-0.655,142.7,97.9,0.482
33.9,31925.3,34633.8,-0.3968,-0.8999,142.7,97.9,0.482
33.92,31756.0,34700.5,-1.306,-0.7359,142.7,97.9,0.482
33.94,31779.8,34682.7,-1.1781,-0.7797,142.7,97.9,0.482
33.96,31838.2,34529.2,-0.8641,-1.1577,142.7,97.9,0.482
33.98,31746.2,34526.2,-1.3581,-1.1649,142.7,97.9,0.482
34.0,31743.7,34349.2,-1.3716,-1.6007,142.7,97.9,0.482
34.02,31777.4,34505.1,-1.191,-1.217,142.7,97.9,0.482
34.04,31806.8,34750.6,-1.033,-0.6124,142.7,97.9,0.482
34.06,32118.6,35129.0,0.6415,0.3193,142.7,97.9,0.482
34.08,32243.6,35439.5,1.3127,1.0836,142.7,97.9,0.482
34.1,32340.9,35777.4,1.8351,1.9155,142.7,97.9,0.482
34.12,32409.6,35722.4,2.204,1.7801,142.7,97.9,0.482
34.14,32306.7,35568.8,1.6514,1.402,142.7,97.9,0.482
34.16,32232.3,35446.3,1.2518,1.1004,142.7,97.9,0.482
34.18,32032.6,35132.4,0.1798,0.3276,142.7,97.9,0.482
34.2,32146.6,35149.9,0.7915,0.3707,142.7,97.9,0.482
34.22,31978.3,35136.6,-0.1122,0.3379,142.7,97.9,0.482
34.24,31974.8,35017.2,-0.1306,0.044,142.7,97.9,0.482
34.26,32031.6,35002.8,0.1742,0.0083,142.7,97.9,0.482
34.28,31901.5,34821.9,-0.5244,-0.4368,142.7,97.9,0.482
34.3,31797.2,34752.9,-1.0846,-0.6068,142.7,97.9,0.482
34.32,31841.6,34655.5,-0.8461,-0.8466,142.7,97.9,0.482
34.34,31779.7,34747.2,-1.1785,-0.621,142.7,97.9,0.482
34.36,31852.9,34611.5,-0.7856,-0.955,142.7,97.9,0.482
34.38,31866.4,34653.0,-0.7129,-0.8528,142.7,97.9,0.482
34.4,31697.6,34550.0,-1.6194,-1.1063,142.7,97.9,0.482
34.42,31733.1,34469.8,-1.4285,-1.3038,142.7,97.9,0.482
34.44,31915.4,34481.0,-0.4498,-1.2762,142.7,97.9,0.482
34.46,31861.6,34841.8,-0.7389,-0.388,142.7,97.9,0.482
34.48,31993.2,35151.2,-0.032,0.3739,142.7,97.9,0.482
34.5,32274.0,35506.1,1.4757,1.2477,142.7,97.9,0.482
34.52,32344.8,35802.3,1.8562,1.977,142.7,97.9,0.482
34.54,32379.0,35683.1,2.0394,1.6835,142.7,97.9,0.482
34.56,32337.7,35727.1,1.818,1.7917,142.7,97.9,0.482
34.58,32241.3,35457.6,1.3003,1.1283,142.7,97.9,0.482
34.6,32074.0,35294.8,0.4019,0.7274,142.7,97.9,0.482
34.62,32003.5,35209.1,0.023,0.5164,142.7,97.9,0.482
34.64,32028.1,35052.8,0.1551,0.1316,142.7,97.9,0.482
34.66,32043.0,34969.1,0.2354,-0.0746,142.7,97.9,0.482
34.68,31981.2,34916.9,-0.0965,-0.203,142.7,97.9,0.482
34.7,31992.4,34881.2,-0.0365,-0.2908,142.7,97.9,0.482
34.72,31822.1,34722.9,-0.9509,-0.6806,142.7,97.9,0.482
34.74,31844.8,34663.6,-0.8288,-0.8266,142.7,97.9,0.482
34.76,31798.1,34688.5,-1.0799,-0.7653,142.7,97.9,0.482
34.78,31861.7,34711.9,-0.738,-0.7077,142.7,97.9,0.482
34.8,31845.0,34601.3,-0.8276,-0.98,142.7,97.9,0.482
34.82,31813.0,34482.4,-0.9996,-1.2728,142.7,97.9,0.482
34.84,31743.9,34463.2,-1.3705,-1.32,142.7,97.9,0.482
34.86,31847.7,34540.7,-0.8136,-1.1292,142.7,97.9,0.482
34.88,31878.4,34785.0,-0.6484,-0.5278,142.7,97.9,0.482
34.9,32167.6,35047.2,0.9047,0.1178,142.7,97.9,0.482
34.92,32241.8,35465.6,1.3028,1.1478,142.7,97.9,0.482
34.94,32324.2,35697.7,1.7452,1.7194,142.7,97.9,0.482
34.96,32394.6,35680.4,2.1237,1.6768,142.7,97.9,0.482
34.98,32292.2,35549.2,1.5735,1.3538,142.7,97.9,0.482
35.0,32202.9,35378.7,1.0942,0.934,142.7,97.9,0.482
35.02,32056.8,35228.8,0.3095,0.5648,142.7,97.9,0.482
35.04,31988.7,35163.5,-0.0561,0.4041,142.7,97.9,0.482
35.06,32092.3,35054.0,0.4999,0.1345,142.7,97.9,0.482
35.08,31995.5,35052.0,-0.0198,0.1296,142.7,97.9,0.482
35.1,31997.9,34956.2,-0.0068,-0.1064,142.7,97.9,0.482
35.12,31891.6,34870.2,-0.5773,-0.3179,142.7,97.9,0.482
35.14,31774.0,34751.3,-1.2093,-0.6108,142.7,97.9,0.482
35.16,31903.3,34717.2,-0.5147,-0.6948,142.7,97.9,0.482
35.18,31843.5,34658.7,-0.8359,-0.8387,142.7,97.9,0.482
35.2,31814.7,34545.2,-0.9906,-1.1183,142.7,97.9,0.482
35.22,31888.4,34515.7,-0.5947,-1.1909,142.7,97.9,0.482
35.24,31799.3,34498.7,-1.0734,-1.2328,142.7,97.9,0.482
35.26,31723.4,34428.2,-1.4806,-1.4063,142.7,97.9,0.482
35.28,31775.6,34525.0,-1.2004,-1.1679,142.7,97.9,0.482
35.3,31946.2,34795.5,-0.2845,-0.5018,142.7,97.9,0.482
35.32,32125.4,35157.6,0.678,0.3896,142.7,97.9,0.482
35.34,32178.8,35541.7,0.9649,1.3354,142.7,97.9,0.482
35.36,32244.8,35789.7,1.319,1.9458,142.7,97.9,0.482
35.38,32340.4,35746.3,1.8322,1.839,142.7,97.9,0.482
35.4,32289.5,35612.2,1.559,1.5088,142.7,97.9,0.482
35.42,32149.9,35422.7,0.8094,1.0424,142.7,97.9,0.482
35.44,32111.5,35286.2,0.6031,0.7062,142.7,97.9,0.482
35.46,32114.0,35113.3,0.6165,0.2806,142.7,97.9,0.482
35.48,32141.8,35168.4,0.7657,0.4162,142.7,97.9,0.482
35.5,31991.7,34981.8,-0.0402,-0.0432,142.7,97.9,0.482
35.52,31973.4,34949.7,-0.1382,-0.1222,142.7,97.9,0.482
35.54,31953.1,34929.6,-0.2472,-0.1718,142.7,97.9,0.482
35.56,31884.7,34739.3,-0.6144,-0.6404,142.7,97.9,0.482
35.58,31825.9,34729.3,-0.9306,-0.665,142.7,97.9,0.482
35.6,31833.6,34666.1,-0.889,-0.8207,142.7,97.9,0.482
35.62,31812.8,34635.4,-1.001,-0.8961,142.7,97.9,0.482
35.64,31837.4,34545.0,-0.8686,-1.1188,142.7,97.9,0.482
35.66,31693.6,34429.2,-1.6409,-1.4038,142.7,97.9,0.482
35.68,31682.4,34474.6,-1.7009,-1.2921,142.7,97.9,0.482
35.7,31838.6,34564.3,-0.8624,-1.0712,142.7,97.9,0.482
35.72,31931.6,34751.7,-0.3631,-0.6098,142.7,97.9,0.482
35.74,32025.8,35197.4,0.1429,0.4875,142.7,97.9,0.482
35.76,32139.4,35474.0,0.7529,1.1686,142.7,97.9,0.482
35.78,32237.9,35794.2,1.2818,1.9569,142.7,97.9,0.482
35.8,32316.7,35888.8,1.7049,2.1899,142.7,97.9,0.482
35.82,32208.6,35629.5,1.1247,1.5516,142.7,97.9,0.482
35.84,32148.0,35425.4,0.7992,1.049,142.7,97.9,0.482
35.86,32102.5,35295.2,0.5548,0.7283,142.7,97.9,0.482
35.88,32095.1,35108.5,0.5149,0.2686,142.7,97.9,0.482
35.9,31998.8,35048.9,-0.002,0.1221,142.7,97.9,0.482
35.92,31991.4,35092.8,-0.0415,0.2301,142.7,97.9,0.482
35.94,31983.2,35079.9,-0.0855,0.1984,142.7,97.9,0.482
35.96,31919.2,34899.5,-0.4292,-0.2459,142.7,97.9,0.482
35.98,31854.8,34741.8,-0.7753,-0.6342,142.7,97.9,0.482
36.0,31776.5,34729.9,-1.1954,-0.6635,142.7,97.9,0.482
36.02,31949.9,34605.9,-0.2647,-0.9687,142.7,97.9,0.482
36.04,31901.3,34671.2,-0.5256,-0.8079,142.7,97.9,0.482
36.06,31872.0,34616.2,-0.6828,-0.9433,142.7,97.9,0.482
36.08,31788.5,34480.1,-1.1313,-1.2786,142.7,97.9,0.482
36.1,31669.9,34426.2,-1.768,-1.4112,142.7,97.9,0.482
36.12,31799.6,34513.5,-1.0716,-1.1961,142.7,97.9,0.482
36.14,31835.3,34740.5,-0.8799,-0.6374,142.7,97.9,0.482
36.16,32053.6,35110.6,0.2922,0.2739,142.7,97.9,0.482
36.18,32184.3,35432.8,0.9942,1.0672,142.7,97.9,0.482
36.2,32300.2,35702.0,1.6165,1.7299,142.7,97.9,0.482
36.22,32469.7,35720.4,2.5269,1.7753,142.7,97.9,0.482
36.24,32325.3,35661.5,1.7511,1.6303,142.7,97.9,0.482
36.26,32200.6,35422.8,1.0815,1.0424,142.7,97.9,0.482
36.28,32024.9,35182.2,0.138,0.4501,142.7,97.9,0.482
36.3,32057.4,35146.7,0.3125,0.3628,142.7,97.9,0.482
36.32,32099.2,35026.6,0.537,0.067,142.7,97.9,0.482
36.34,32019.1,35071.2,0.1072,0.1768,142.7,97.9,0.482
36.36,31980.0,34979.4,-0.1027,-0.0491,142.7,97.9,0.482
36.38,31962.9,34830.4,-0.1948,-0.416,142.7,97.9,0.482
36.4,31796.6,34704.2,-1.088,-0.7268,142.7,97.9,0.482
36.42,31889.3,34652.3,-0.5901,-0.8546,142.7,97.9,0.482
36.44,31846.1,34702.4,-0.8217,-0.7312,142.7,97.9,0.482
36.46,31736.4,34550.3,-1.4109,-1.1056,142.7,97.9,0.482
36.48,31763.2,34593.4,-1.267,-0.9995,142.7,97.9,0.482
36.5,31845.1,34481.6,-0.827,-1.2748,142.7,97.9,0.482
36.52,31782.3,34426.2,-1.1645,-1.4111,142.7,97.9,0.482
36.54,31872.0,34536.9,-0.6827,-1.1386,142.7,97.9,0.482
36.56,31866.1,34760.7,-0.7144,-0.5876,142.7,97.9,0.482
36.58,31983.0,35099.6,-0.0869,0.2468,142.7,97.9,0.482
36.6,32271.7,35415.7,1.4633,1.0251,142.7,97.9,0.482
36.62,32323.0,35669.2,1.7389,1.6491,142.7,97.9,0.482
36.64,32336.0,35669.3,1.8086,1.6495,142.7,97.9,0.482
36.66,32295.6,35653.4,1.5918,1.6104,142.7,97.9,0.482
36.68,32159.5,35426.8,0.861,1.0523,142.7,97.9,0.482
36.7,32030.7,35235.3,0.1695,0.581,142.7,97.9,0.482
36.72,32057.9,35199.4,0.3154,0.4926,142.7,97.9,0.482
36.74,32079.1,35074.6,0.4291,0.1852,142.7,97.9,0.482
36.76,32021.2,34976.6,0.1186,-0.056,142.7,97.9,0.482
36.78,31940.9,34974.5,-0.3129,-0.0612,142.7,97.9,0.482
36.8,31942.2,34891.5,-0.306,-0.2655,142.7,97.9,0.482
36.82,31902.5,34688.2,-0.5193,-0.7661,142.7,97.9,0.482
36.84,31959.2,34704.2,-0.2147,-0.7268,142.7,97.9,0.482
36.86,31810.9,34681.7,-1.0111,-0.7821,142.7,97.9,0.482
36.88,31853.9,34601.2,-0.7799,-0.9803,142.7,97.9,0.482
36.9,31742.2,34633.9,-1.3797,-0.8998,142.7,97.9,0.482
36.92,31658.2,34494.8,-1.8309,-1.2423,142.7,97.9,0.482
36.94,31724.4,34405.8,-1.4757,-1.4614,142.7,97.9,0.482
36.96,31742.0,34387.0,-1.3809,-1.5077,142.7,97.9,0.482
36.98,31971.5,34740.3,-0.1486,-0.6378,142.7,97.9,0.482
37.0,32011.6,35160.3,0.0669,0.3962,142.7,97.9,0.482
37.02,32232.5,35412.7,1.2528,1.0176,142.7,97.9,0.482
37.04,32266.3,35714.9,1.4343,1.7618,142.7,97.9,0.482
37.06,32338.1,35744.9,1.8203,1.8356,142.7,97.9,0.482
37.08,32331.3,35678.4,1.7837,1.6718,142.7,97.9,0.482
37.1,32263.0,35367.2,1.4167,0.9056,142.7,97.9,0.482
37.12,32051.5,35246.1,0.281,0.6076,142.7,97.9,0.482
37.14,32104.5,35058.5,0.5658,0.1457,142.7,97.9,0.482
37.16,32052.8,35179.2,0.2881,0.4428,142.7,97.9,0.482
37.18,31965.3,34949.1,-0.1819,-0.1237,142.7,97.9,0.482
37.2,31959.7,34927.8,-0.2118,-0.1763,142.7,97.9,0.482
37.22,32008.4,34804.3,0.0498,-0.4802,142.7,97.9,0.482
37.24,31974.9,34765.3,-0.1305,-0.5763,142.7,97.9,0.482
37.26,31909.5,34677.0,-0.4816,-0.7938,142.7,97.9,0.482
37.28,31923.7,34735.7,-0.4051,-0.6492,142.7,97.9,0.482
37.3,31865.0,34623.0,-0.7204,-0.9267,142.7,97.9,0.482
37.32,31851.5,34580.6,-0.7927,-1.031,142.7,97.9,0.482
37.34,31792.8,34520.2,-1.1082,-1.1797,142.7,97.9,0.482
37.36,31852.6,34450.4,-0.787,-1.3516,142.7,97.9,0.482
37.38,31788.7,34532.9,-1.1303,-1.1485,142.7,97.9,0.482
37.4,31912.6,34683.9,-0.4647,-0.7767,142.7,97.9,0.482
37.42,31973.1,35063.2,-0.1398,0.1572,142.7,97.9,0.482
37.44,32208.3,35357.0,1.1233,0.8805,142.7,97.9,0.482
37.46,32327.0,35640.1,1.7603,1.5776,142.7,97.9,0.482
37.48,32346.7,35797.4,1.866,1.9648,142.7,97.9,0.482
37.5,32384.2,35649.8,2.0674,1.6014,142.7,97.9,0.482
37.52,32141.6,35460.0,0.7648,1.1342,142.7,97.9,0.482
37.54,32151.4,35247.4,0.8174,0.6108,142.7,97.9,0.482
37.56,32027.1,35137.3,0.1501,0.3396,142.7,97.9,0.482
37.58,32162.1,35049.1,0.8751,0.1225,142.7,97.9,0.482
37.6,32087.6,35140.9,0.4748,0.3485,142.7,97.9,0.482
37.62,31969.0,34967.6,-0.1622,-0.0783,142.7,97.9,0.482
37.64,31928.7,34826.3,-0.3784,-0.4262,142.7,97.9,0.482
37.66,31932.7,34807.5,-0.357,-0.4723,142.7,97.9,0.482
37.68,31865.6,34706.7,-0.717,-0.7207,142.7,97.9,0.482
37.7,31838.5,34740.9,-0.8629,-0.6363,142.7,97.9,0.482
37.72,31947.9,34553.6,-0.2752,-1.0974,142.7,97.9,0.482
37.74,31750.6,34633.2,-1.3348,-0.9014,142.7,97.9,0.482
37.76,31748.3,34438.0,-1.3469,-1.3821,142.7,97.9,0.482
37.78,31804.6,34428.4,-1.0448,-1.4057,142.7,97.9,0.482
37.8,31730.3,34532.0,-1.4438,-1.1506,142.7,97.9,0.482
37.82,31897.5,34762.2,-0.5458,-0.5838,142.7,97.9,0.482
37.84,32033.9,35077.1,0.1866,0.1915,142.7,97.9,0.482
37.86,32181.5,35332.8,0.979,0.821,142.7,97.9,0.482
37.88,32313.2,35655.3,1.6863,1.615,142.7,97.9,0.482
37.9,32303.0,35813.5,1.6318,2.0044,142.7,97.9,0.482
37.92,32328.1,35660.6,1.7664,1.628,142.7,97.9,0.482
37.94,32159.5,35433.6,0.8608,1.0692,142.7,97.9,0.482
37.96,32112.1,35266.3,0.6067,0.6573,142.7,97.9,0.482
37.98,32111.5,35126.2,0.6032,0.3124,142.7,97.9,0.482
38.0,32034.5,35135.9,0.1897,0.3363,142.7,97.9,0.482
38.02,31987.3,35092.5,-0.0634,0.2294,142.7,97.9,0.482
38.04,31988.6,34958.5,-0.0565,-0.1005,142.7,97.9,0.482
38.06,31938.7,34889.8,-0.3248,-0.2697,142.7,97.9,0.482
38.08,31881.6,34754.9,-0.6311,-0.6019,142.7,97.9,0.482
38.1,31862.5,34703.2,-0.7338,-0.7292,142.7,97.9,0.482
38.12,31886.7,34704.7,-0.604,-0.7256,142.7,97.9,0.482
38.14,31823.9,34634.6,-0.9409,-0.8982,142.7,97.9,0.482
38.16,31908.9,34584.5,-0.4849,-1.0215,142.7,97.9,0.482
38.18,31788.2,34458.1,-1.1329,-1.3327,142.7,97.9,0.482
38.2,31729.5,34478.6,-1.4481,-1.2822,142.7,97.9,0.482
38.22,31776.7,34576.2,-1.1945,-1.042,142.7,97.9,0.482
38.24,31970.2,34635.9,-0.1555,-0.8949,142.7,97.9,0.482
38.26,32087.0,35053.4,0.4715,0.1331,142.7,97.9,0.482
38.28,32123.2,35430.6,0.6659,1.0617,142.7,97.9,0.482
38.3,32340.4,35684.2,1.8323,1.6862,142.7,97.9,0.482
38.32,32313.9,35818.9,1.6903,2.0178,142.7,97.9,0.482
38.34,32296.9,35573.4,1.5986,1.4134,142.7,97.9,0.482
38.36,32136.9,35550.8,0.7399,1.3578,142.7,97.9,0.482
38.38,32085.7,35214.8,0.4649,0.5305,142.7,97.9,0.482
38.4,32125.9,35244.7,0.6805,0.604,142.7,97.9,0.482
38.42,31999.1,35063.6,-0.0003,0.1582,142.7,97.9,0.482
38.44,31995.3,35079.8,-0.0206,0.198,142.7,97.9,0.482
38.46,31961.3,34906.3,-0.2031,-0.2292,142.7,97.9,0.482
38.48,31995.0,34796.1,-0.0222,-0.5005,142.7,97.9,0.482
38.5,31881.2,34758.1,-0.6334,-0.5939,142.7,97.9,0.482
38.52,31800.5,34657.1,-1.0666,-0.8428,142.7,97.9,0.482
38.54,31782.5,34636.5,-1.1633,-0.8935,142.7,97.9,0.482
38.56,31944.3,34668.9,-0.2945,-0.8137,142.7,97.9,0.482
38.58,31906.9,34624.3,-0.4952,-0.9235,142.7,97.9,0.482
38.6,31870.3,34570.1,-0.6919,-1.0569,142.7,97.9,0.482
38.62,31819.0,34524.4,-0.9677,-1.1694,142.7,97.9,0.482
38.64,31707.8,34526.5,-1.5648,-1.1643,142.7,97.9,0.482
38.66,31878.7,34826.0,-0.6469,-0.4269,142.7,97.9,0.482
38.68,32078.8,35075.7,0.4274,0.188,142.7,97.9,0.482
38.7,32231.3,35387.8,1.2466,0.9564,142.7,97.9,0.482
38.72,32331.0,35625.8,1.7821,1.5424,142.7,97.9,0.482
38.74,32331.4,35730.9,1.7838,1.801,142.7,97.9,0.482
38.76,32297.1,35675.2,1.5998,1.6639,142.7,97.9,0.482
38.78,32248.4,35420.6,1.3381,1.037,142.7,97.9,0.482
38.8,32048.7,35293.1,0.266,0.7233,142.7,97.9,0.482
38.82,32087.0,35195.7,0.4717,0.4833,142.7,97.9,0.482
38.84,32015.5,35060.1,0.0876,0.1495,142.7,97.9,0.482
38.86,31978.5,35093.1,-0.1109,0.2307,142.7,97.9,0.482
38.88,31991.8,34944.6,-0.0396,-0.1349,142.7,97.9,0.482
38.9,31892.8,34835.7,-0.5711,-0.4028,142.7,97.9,0.482
38.92,31851.0,34799.2,-0.7955,-0.4928,142.7,97.9,0.482
38.94,31854.0,34736.5,-0.7796,-0.6472,142.7,97.9,0.482
38.96,31898.8,34634.7,-0.539,-0.8977,142.7,97.9,0.482
38.98,31771.8,34671.8,-1.2209,-0.8066,142.7,97.9,0.482
39.0,31814.0,34596.4,-0.9943,-0.9922,142.7,97.9,0.482
39.02,31904.4,34492.7,-0.509,-1.2475,142.7,97.9,0.482
39.04,31797.3,34445.9,-1.0839,-1.3628,142.7,97.9,0.482
39.06,31801.1,34638.7,-1.0634,-0.8879,142.7,97.9,0.482
39.08,31805.0,34743.2,-1.0424,-0.6308,142.7,97.9,0.482
39.1,31960.5,35022.8,-0.2075,0.0576,142.7,97.9,0.482
39.12,32215.5,35417.7,1.1615,1.0299,142.7,97.9,0.482
39.14,32321.0,35771.7,1.7285,1.9016,142.7,97.9,0.482
39.16,32394.5,35774.0,2.1228,1.9072,142.7,97.9,0.482
39.18,32335.1,35653.8,1.8038,1.6112,142.7,97.9,0.482
39.2,32271.7,35481.0,1.4637,1.1858,142.7,97.9,0.482
39.22,32035.5,35300.3,0.1954,0.7408,142.7,97.9,0.482
39.24,31990.3,35204.6,-0.0477,0.5054,142.7,97.9,0.482
39.26,32060.4,35102.5,0.329,0.254,142.7,97.9,0.482
39.28,32005.6,35046.1,0.0347,0.115,142.7,97.9,0.482
39.3,31954.9,34875.3,-0.2375,-0.3054,142.7,97.9,0.482
39.32,31936.9,34803.4,-0.3345,-0.4824,142.7,97.9,0.482
39.34,31912.0,34804.3,-0.468,-0.4803,142.7,97.9,0.482
39.36,31858.9,34760.4,-0.7534,-0.5884,142.7,97.9,0.482
39.38,31784.9,34702.4,-1.1503,-0.7312,142.7,97.9,0.482
39.4,31844.2,34660.5,-0.8321,-0.8343,142.7,97.9,0.482
39.42,31772.0,34610.0,-1.2198,-0.9588,142.7,97.9,0.482
39.44,31824.6,34556.6,-0.9376,-1.0901,142.7,97.9,0.482
39.46,31752.0,34451.0,-1.3271,-1.3502,142.7,97.9,0.482
39.48,31713.9,34461.6,-1.5318,-1.3239,142.7,97.9,0.482
39.5,31909.8,34660.7,-0.4797,-0.8337,142.7,97.9,0.482
39.52,31998.9,35067.7,-0.0016,0.1683,142.7,97.9,0.482
39.54,32119.3,35369.0,0.6453,0.9102,142.7,97.9,0.482
39.56,32314.6,35718.6,1.6936,1.7709,142.7,97.9,0.482
39.58,32319.7,35697.0,1.7215,1.7176,142.7,97.9,0.482
39.6,32369.6,35704.6,1.9892,1.7363,142.7,97.9,0.482
39.62,32243.1,35436.5,1.3099,1.0764,142.7,97.9,0.482
39.64,32150.3,35251.1,0.8118,0.6198,142.7,97.9,0.482
39.66,32053.5,35208.6,0.2919,0.5152,142.7,97.9,0.482
39.68,32053.2,35083.4,0.2901,0.207,142.7,97.9,0.482
39.7,32029.7,35075.8,0.164,0.1881,142.7,97.9,0.482
39.72,31919.4,35066.2,-0.4284,0.1645,142.7,97.9,0.482
39.74,31955.4,34773.5,-0.2348,-0.5561,142.7,97.9,0.482
39.76,31922.3,34688.5,-0.4128,-0.7654,142.7,97.9,0.482
39.78,31868.2,34693.2,-0.7031,-0.7539,142.7,97.9,0.482
39.8,31820.9,34665.8,-0.9575,-0.8214,142.7,97.9,0.482
39.82,31835.3,34560.1,-0.8797,-1.0816,142.7,97.9,0.482
39.84,31793.4,34624.4,-1.105,-0.9232,142.7,97.9,0.482
39.86,31856.2,34414.8,-0.7679,-1.4394,142.7,97.9,0.482
39.88,31806.5,34409.6,-1.0347,-1.452,142.7,97.9,0.482
39.9,31867.4,34448.9,-0.7078,-1.3553,142.7,97.9,0.482
39.92,31855.5,34786.3,-0.7716,-0.5246,142.7,97.9,0.482
39.94,32034.7,34960.8,0.1906,-0.0949,142.7,97.9,0.482
39.96,32045.4,35300.4,0.2482,0.7412,142.7,97.9,0.482
39.98,32303.6,35701.4,1.6346,1.7284,142.7,97.9,0.482
40.0,32468.3,35760.6,2.5191,1.8742,142.7,97.9,0.482
40.02,32265.9,35733.6,1.4323,1.8078,142.7,97.9,0.482
40.04,32237.6,35432.8,1.2802,1.0672,142.7,97.9,0.482
40.06,32062.1,35275.8,0.3382,0.6806,142.7,97.9,0.482
40.08,32033.7,35143.5,0.1857,0.3549,142.7,97.9,0.482
40.1,32014.0,35033.4,0.0796,0.0839,142.7,97.9,0.482
40.12,32122.1,35091.8,0.6601,0.2275,142.7,97.9,0.482
40.14,31905.1,34980.7,-0.505,-0.0459,142.7,97.9,0.482
40.16,31962.5,34886.2,-0.1969,-0.2786,142.7,97.9,0.482
40.18,31903.5,34785.0,-0.514,-0.5278,142.7,97.9,0.482
40.2,31887.3,34688.4,-0.6007,-0.7657,142.7,97.9,0.482
40.22,31922.7,34689.0,-0.4106,-0.7641,142.7,97.9,0.482
40.24,31878.8,34729.8,-0.6464,-0.6637,142.7,97.9,0.482
40.26,31861.4,34622.7,-0.7397,-0.9273,142.7,97.9,0.482
40.28,31778.3,34608.1,-1.186,-0.9633,142.7,97.9,0.482
40.3,31796.3,34390.2,-1.0894,-1.4999,142.7,97.9,0.482
40.32,31816.2,34540.6,-0.9823,-1.1296,142.7,97.9,0.482
40.34,31896.9,34682.3,-0.5492,-0.7807,142.7,97.9,0.482
40.36,32008.2,35020.6,0.0484,0.0523,142.7,97.9,0.482
40.38,32072.2,35401.9,0.3919,0.991,142.7,97.9,0.482
40.4,32293.3,35712.4,1.5792,1.7556,142.7,97.9,0.482
40.42,32344.4,35710.9,1.854,1.7518,142.7,97.9,0.482
40.44,32314.7,35717.6,1.6943,1.7683,142.7,97.9,0.482
40.46,32209.5,35517.2,1.1294,1.275,142.7,97.9,0.482
40.48,32171.6,35256.1,0.9261,0.6322,142.7,97.9,0.482
40.5,32084.7,35165.5,0.4591,0.4092,142.7,97.9,0.482
40.52,32055.4,35096.4,0.3019,0.2388,142.7,97.9,0.482
40.54,32012.6,34942.1,0.0719,-0.1411,142.7,97.9,0.482
40.56,31982.0,34967.3,-0.092,-0.0788,142.7,97.9,0.482
40.58,31843.8,34899.8,-0.8341,-0.2451,142.7,97.9,0.482
40.6,31879.7,34779.7,-0.6413,-0.5409,142.7,97.9,0.482
40.62,31773.3,34714.5,-1.2126,-0.7013,142.7,97.9,0.482
40.64,31827.1,34711.2,-0.9242,-0.7095,142.7,97.9,0.482
40.66,31827.4,34739.8,-0.9223,-0.639,142.7,97.9,0.482
40.68,31848.5,34586.2,-0.8091,-1.0172,142.7,97.9,0.482
40.7,31833.4,34536.8,-0.89,-1.1388,142.7,97.9,0.482
40.72,31669.0,34454.5,-1.7729,-1.3414,142.7,97.9,0.482
40.74,31787.2,34501.3,-1.1385,-1.2264,142.7,97.9,0.482
40.76,31778.0,34600.0,-1.1879,-0.9833,142.7,97.9,0.482
40.78,31991.2,34977.0,-0.0428,-0.0552,142.7,97.9,0.482
40.8,32084.1,35417.1,0.4559,1.0286,142.7,97.9,0.482
40.82,32220.5,35658.0,1.1886,1.6217,142.7,97.9,0.482
40.84,32316.1,35789.5,1.7018,1.9454,142.7,97.9,0.482
40.86,32294.7,35650.6,1.5868,1.6035,142.7,97.9,0.482
40.88,32244.0,35531.3,1.315,1.3098,142.7,97.9,0.482
40.9,32117.3,35344.3,0.6343,0.8493,142.7,97.9,0.482
40.92,32004.8,35142.1,0.0302,0.3515,142.7,97.9,0.482
40.94,32103.6,35093.5,0.5607,0.2319,142.7,97.9,0.482
40.96,32079.7,35043.3,0.4324,0.1082,142.7,97.9,0.482
40.98,31992.4,34999.1,-0.0364,-0.0006,142.7,97.9,0.482
41.0,32008.0,34818.8,0.0476,-0.4446,142.7,97.9,0.482
41.02,31908.6,34793.6,-0.4862,-0.5066,142.7,97.9,0.482
41.04,31864.8,34767.6,-0.7216,-0.5707,142.7,97.9,0.482
41.06,31800.9,34650.0,-1.0648,-0.8603,142.7,97.9,0.482
41.08,31768.3,34682.8,-1.2394,-0.7793,142.7,97.9,0.482
41.1,31827.8,34528.1,-0.9203,-1.1603,142.7,97.9,0.482
41.12,31811.8,34513.8,-1.0063,-1.1956,142.7,97.9,0.482
41.14,31725.4,34505.5,-1.4699,-1.2159,142.7,97.9,0.482
41.16,31703.3,34440.3,-1.5889,-1.3766,142.7,97.9,0.482
41.18,31755.2,34548.6,-1.3099,-1.1098,142.7,97.9,0.482
41.2,31927.3,35024.0,-0.3857,0.0607,142.7,97.9,0.482
41.22,32155.0,35377.2,0.8369,0.9303,142.7,97.9,0.482
41.24,32299.1,35571.9,1.6105,1.4096,142.7,97.9,0.482
41.26,32441.4,35696.5,2.3747,1.7165,142.7,97.9,0.482
41.28,32302.8,35723.4,1.6304,1.7827,142.7,97.9,0.482
41.3,32204.1,35546.3,1.1006,1.3466,142.7,97.9,0.482
41.32,32098.0,35352.8,0.5308,0.8702,142.7,97.9,0.482
41.34,32127.8,35260.3,0.6909,0.6425,142.7,97.9,0.482
41.36,31982.5,35096.3,-0.0895,0.2387,142.7,97.9,0.482
41.38,31989.5,35077.1,-0.0521,0.1913,142.7,97.9,0.482
41.4,31988.2,35047.0,-0.0588,0.1172,142.7,97.9,0.482
41.42,31992.3,34924.8,-0.037,-0.1835,142.7,97.9,0.482
41.44,31915.3,34817.0,-0.4503,-0.4491,142.7,97.9,0.482
41.46,31890.2,34718.1,-0.585,-0.6925,142.7,97.9,0.482
41.48,31867.6,34665.3,-0.7064,-0.8226,142.7,97.9,0.482
41.5,31888.1,34691.4,-0.5963,-0.7582,142.7,97.9,0.482
41.52,31814.9,34567.7,-0.9896,-1.0629,142.7,97.9,0.482
41.54,31818.0,34505.1,-0.9727,-1.2169,142.7,97.9,0.482
41.56,31822.2,34437.2,-0.9503,-1.384,142.7,97.9,0.482
41.58,31771.1,34531.8,-1.2247,-1.1513,142.7,97.9,0.482
41.6,31867.3,34638.8,-0.7084,-0.8876,142.7,97.9,0.482
41.62,32081.9,34858.0,0.4443,-0.3481,142.7,97.9,0.482
41.64,32186.9,35306.0,1.0079,0.755,142.7,97.9,0.482
41.66,32298.0,35665.3,1.605,1.6396,142.7,97.9,0.482
41.68,32414.0,35781.7,2.2278,1.9261,142.7,97.9,0.482
41.7,32217.3,35625.1,1.1715,1.5407,142.7,97.9,0.482
41.72,32234.0,35492.0,1.2609,1.2129,142.7,97.9,0.482
41.74,32111.6,35188.9,0.6038,0.4667,142.7,97.9,0.482
41.76,32021.2,35223.2,0.1181,0.5511,142.7,97.9,0.482
41.78,32091.4,35085.3,0.4954,0.2116,142.7,97.9,0.482
41.8,32005.7,35024.7,0.0352,0.0625,142.7,97.9,0.482
41.82,31942.8,34996.4,-0.3026,-0.0073,142.7,97.9,0.482
41.84,31908.8,34871.1,-0.4851,-0.3158,142.7,97.9,0.482
41.86,31878.0,34653.3,-0.6509,-0.8522,142.7,97.9,0.482
41.88,31940.2,34713.4,-0.3168,-0.7041,142.7,97.9,0.482
41.9,31834.3,34786.2,-0.8851,-0.5249,142.7,97.9,0.482
41.92,31801.0,34621.8,-1.0641,-0.9295,142.7,97.9,0.482
41.94,31721.3,34522.2,-1.4919,-1.1747,142.7,97.9,0.482
41.96,31784.0,34633.1,-1.1552,-0.9019,142.7,97.9,0.482
41.98,31762.4,34493.6,-1.2712,-1.2451,142.7,97.9,0.482
42.0,31790.6,34516.6,-1.1201,-1.1886,142.7,97.9,0.482
42.02,31833.3,34679.8,-0.8906,-0.7869,142.7,97.9,0.482
42.04,32018.5,34945.5,0.1039,-0.1326,142.7,97.9,0.482
42.06,32132.9,35287.2,0.7181,0.7086,142.7,97.9,0.482
42.08,32304.7,35711.7,1.6409,1.7538,142.7,97.9,0.482
42.1,32250.3,35735.4,1.3483,1.8123,142.7,97.9,0.482
42.12,32290.5,35690.1,1.5644,1.7007,142.7,97.9,0.482
42.14,32281.1,35528.9,1.514,1.3038,142.7,97.9,0.482
42.16,32196.6,35198.5,1.0603,0.4903,142.7,97.9,0.482
42.18,32137.6,35187.7,0.7435,0.4637,142.7,97.9,0.482
42.2,31953.0,35106.1,-0.2477,0.2629,142.7,97.9,0.482
42.22,32041.7,34922.9,0.2286,-0.1882,142.7,97.9,0.482
42.24,31925.4,34953.7,-0.3964,-0.1123,142.7,97.9,0.482
42.26,31962.3,34893.5,-0.198,-0.2607,142.7,97.9,0.482
42.28,31880.5,34750.0,-0.6373,-0.614,142.7,97.9,0.482
42.3,31933.6,34671.5,-0.352,-0.8072,142.7,97.9,0.482
42.32,31859.8,34728.3,-0.7485,-0.6675,142.7,97.9,0.482
42.34,31796.8,34622.2,-1.0868,-0.9287,142.7,97.9,0.482
42.36,31836.8,34545.9,-0.8716,-1.1165,142.7,97.9,0.482
42.38,31745.1,34517.1,-1.364,-1.1874,142.7,97.9,0.482
42.4,31709.9,34507.7,-1.5534,-1.2106,142.7,97.9,0.482
42.42,31865.4,34481.6,-0.7184,-1.2749,142.7,97.9,0.482
42.44,31853.6,34639.5,-0.7818,-0.886,142.7,97.9,0.482
42.46,31969.9,35007.5,-0.1571,0.02,142.7,97.9,0.482
42.48,32254.8,35286.6,1.3728,0.7071,142.7,97.9,0.482
42.5,32274.4,35656.6,1.4781,1.6183,142.7,97.9,0.482
42.52,32352.0,35818.4,1.8946,2.0166,142.7,97.9,0.482
42.54,32345.8,35735.8,1.8615,1.8133,142.7,97.9,0.482
42.56,32234.0,35522.3,1.2612,1.2876,142.7,97.9,0.482
42.58,32078.2,35349.1,0.4243,0.8611,142.7,97.9,0.482
42.6,32070.9,35199.5,0.385,0.4927,142.7,97.9,0.482
42.62,32016.3,35096.7,0.092,0.2398,142.7,97.9,0.482
42.64,32029.0,35135.0,0.1602,0.3339,142.7,97.9,0.482
42.66,32014.0,35023.8,0.0794,0.0601,142.7,97.9,0.482
42.68,31969.3,34844.4,-0.1605,-0.3815,142.7,97.9,0.482
42.7,31870.9,34775.2,-0.6886,-0.552,142.7,97.9,0.482
42.72,31927.0,34772.3,-0.3874,-0.559,142.7,97.9,0.482
42.74,31854.4,34655.6,-0.7775,-0.8463,142.7,97.9,0.482
42.76,31773.7,34653.1,-1.2106,-0.8527,142.7,97.9,0.482
42.78,31749.0,34606.5,-1.3435,-0.9673,142.7,97.9,0.482
42.8,31892.8,34479.3,-0.5711,-1.2804,142.7,97.9,0.482
42.82,31720.1,34455.7,-1.4988,-1.3386,142.7,97.9,0.482
42.84,31784.7,34469.6,-1.1515,-1.3042,142.7,97.9,0.482
42.86,31797.5,34691.4,-1.0832,-0.7583,142.7,97.9,0.482
42.88,32004.7,34942.3,0.0296,-0.1406,142.7,97.9,0.482
42.9,32112.6,35389.5,0.6091,0.9606,142.7,97.9,0.482
42.92,32286.1,35624.1,1.5406,1.5381,142.7,97.9,0.482
42.94,32362.7,35730.6,1.9522,1.8004,142.7,97.9,0.482
42.96,32385.5,35693.2,2.0746,1.7083,142.7,97.9,0.482
42.98,32261.9,35539.2,1.4106,1.3292,142.7,97.9,0.482
43.0,32097.8,35264.2,0.5298,0.6521,142.7,97.9,0.482
43.02,32140.2,35081.3,0.7572,0.2018,142.7,97.9,0.482
43.04,31997.7,35128.4,-0.0078,0.3177,142.7,97.9,0.482
43.06,31949.3,35052.9,-0.2679,0.1317,142.7,97.9,0.482
43.08,32017.3,35014.1,0.0976,0.0363,142.7,97.9,0.482
43.1,31954.2,34824.9,-0.2416,-0.4296,142.7,97.9,0.482
43.12,31938.4,34754.1,-0.3265,-0.6039,142.7,97.9,0.482
43.14,31853.8,34670.6,-0.7804,-0.8094,142.7,97.9,0.482
43.16,31779.0,34640.6,-1.1822,-0.8832,142.7,97.9,0.482
43.18,31782.1,34620.5,-1.1658,-0.9327,142.7,97.9,0.482
43.2,31806.4,34630.3,-1.0354,-0.9087,142.7,97.9,0.482
43.22,31756.5,34544.0,-1.3032,-1.1212,142.7,97.9,0.482
43.24,31812.1,34583.8,-1.0047,-1.0232,142.7,97.9,0.482
43.26,31737.4,34503.5,-1.4057,-1.2209,142.7,97.9,0.482
43.28,31835.9,34714.0,-0.8766,-0.7027,142.7,97.9,0.482
43.3,31984.2,34953.6,-0.0802,-0.1128,142.7,97.9,0.482
43.32,32095.2,35315.5,0.5158,0.7785,142.7,97.9,0.482
43.34,32303.1,35698.4,1.632,1.7212,142.7,97.9,0.482
43.36,32425.2,35736.9,2.2877,1.8158,142.7,97.9,0.482
43.38,32271.3,35708.8,1.4613,1.7466,142.7,97.9,0.482
43.4,32236.4,35561.1,1.2737,1.383,142.7,97.9,0.482
43.42,32117.3,35320.7,0.6342,0.7911,142.7,97.9,0.482
43.44,32090.7,35233.2,0.4916,0.5758,142.7,97.9,0.482
43.46,32028.6,35078.9,0.1579,0.1957,142.7,97.9,0.482
43.48,31992.9,34941.7,-0.0336,-0.1419,142.7,97.9,0.482
43.5,32090.2,35054.0,0.4888,0.1345,142.7,97.9,0.482
43.52,32003.5,34905.1,0.0231,-0.2322,142.7,97.9,0.482
43.54,31988.3,34804.9,-0.0585,-0.4789,142.7,97.9,0.482
43.56,31869.1,34684.8,-0.6986,-0.7746,142.7,97.9,0.482
43.58,31809.0,34664.9,-1.021,-0.8235,142.7,97.9,0.482
43.6,31772.0,34789.0,-1.2199,-0.5179,142.7,97.9,0.482
43.62,31787.4,34620.2,-1.1369,-0.9335,142.7,97.9,0.482
43.64,31913.7,34495.1,-0.459,-1.2416,142.7,97.9,0.482
43.66,31791.9,34357.1,-1.113,-1.5812,142.7,97.9,0.482
43.68,31816.8,34470.9,-0.9795,-1.3012,142.7,97.9,0.482
43.7,31856.3,34694.7,-0.7673,-0.7501,142.7,97.9,0.482
43.72,31989.6,34957.5,-0.0516,-0.1032,142.7,97.9,0.482
43.74,32120.1,35239.0,0.6495,0.5899,142.7,97.9,0.482
43.76,32280.0,35535.0,1.5083,1.3189,142.7,97.9,0.482
43.78,32359.7,35795.1,1.9361,1.9593,142.7,97.9,0.482
43.8,32314.0,35623.5,1.6905,1.5367,142.7,97.9,0.482
43.82,32201.4,35621.2,1.086,1.5312,142.7,97.9,0.482
43.84,32119.2,35350.9,0.6448,0.8656,142.7,97.9,0.482
43.86,32066.6,35223.2,0.3621,0.5511,142.7,97.9,0.482
43.88,32036.8,35057.9,0.2022,0.1442,142.7,97.9,0.482
43.9,32102.8,34991.8,0.5564,-0.0187,142.7,97.9,0.482
43.92,31976.6,34916.1,-0.1212,-0.205,142.7,97.9,0.482
43.94,31883.1,34828.2,-0.6232,-0.4214,142.7,97.9,0.482
43.96,31839.1,34777.1,-0.8594,-0.5471,142.7,97.9,0.482
43.98,31808.9,34695.8,-1.0215,-0.7475,142.7,97.9,0.482
44.0,31860.8,34691.6,-0.7427,-0.7577,142.7,97.9,0.482
44.02,31909.4,34726.3,-0.482,-0.6724,142.7,97.9,0.482
44.04,31832.4,34660.5,-0.8955,-0.8342,142.7,97.9,0.482
44.06,31828.7,34454.4,-0.9152,-1.3417,142.7,97.9,0.482
44.08,31678.8,34420.8,-1.7202,-1.4246,142.7,97.9,0.482
44.1,31802.6,34524.8,-1.0558,-1.1684,142.7,97.9,0.482
44.12,31820.5,34614.6,-0.9595,-0.9473,142.7,97.9,0.482
44.14,31910.9,34956.4,-0.474,-0.1059,142.7,97.9,0.482
44.16,32092.1,35341.1,0.4993,0.8413,142.7,97.9,0.482
44.18,32217.2,35643.8,1.1711,1.5866,142.7,97.9,0.482
44.2,32303.6,35731.3,1.6346,1.802,142.7,97.9,0.482
44.22,32232.1,35709.6,1.2508,1.7486,142.7,97.9,0.482
44.24,32081.4,35535.3,0.4415,1.3195,142.7,97.9,0.482
44.26,32229.4,35217.1,1.2362,0.536,142.7,97.9,0.482
44.28,32012.2,35205.1,0.07,0.5066,142.7,97.9,0.482
44.3,32045.9,35113.4,0.251,0.2807,142.7,97.9,0.482
44.32,31970.9,35104.6,-0.152,0.259,142.7,97.9,0.482
44.34,32003.9,34975.6,0.0253,-0.0586,142.7,97.9,0.482
44.36,32019.9,34891.6,0.1113,-0.2653,142.7,97.9,0.482
44.38,31925.4,34751.7,-0.3964,-0.6098,142.7,97.9,0.482
44.4,31836.2,34743.1,-0.8753,-0.6308,142.7,97.9,0.482
44.42,31839.6,34685.4,-0.8567,-0.773,142.7,97.9,0.482
44.44,31823.8,34552.5,-0.9414,-1.1002,142.7,97.9,0.482
44.46,31865.6,34602.0,-0.7171,-0.9783,142.7,97.9,0.482
44.48,31855.4,34479.9,-0.7717,-1.279,142.7,97.9,0.482
44.5,31698.2,34483.5,-1.616,-1.2701,142.7,97.9,0.482
44.52,31753.1,34496.4,-1.3214,-1.2384,142.7,97.9,0.482
44.54,31859.4,34626.2,-0.7504,-0.9187,142.7,97.9,0.482
44.56,32044.1,34954.7,0.2415,-0.11,142.7,97.9,0.482
44.58,32051.9,35283.5,0.2832,0.6997,142.7,97.9,0.482
44.6,32267.5,35583.0,1.4409,1.437,142.7,97.9,0.482
44.62,32439.9,35763.8,2.3666,1.8821,142.7,97.9,0.482
44.64,32307.5,35711.9,1.6555,1.7543,142.7,97.9,0.482
44.66,32183.1,35487.6,0.9878,1.2021,142.7,97.9,0.482
44.68,32130.0,35333.1,0.7027,0.8217,142.7,97.9,0.482
44.7,32178.5,35197.0,0.9631,0.4866,142.7,97.9,0.482
44.72,32042.5,35208.3,0.2328,0.5144,142.7,97.9,0.482
44.74,32010.0,35084.8,0.0584,0.2103,142.7,97.9,0.482
44.76,32099.5,35058.7,0.5388,0.1462,142.7,97.9,0.482
44.78,31942.0,34857.6,-0.3072,-0.3491,142.7,97.9,0.482
44.8,31873.3,34757.5,-0.6758,-0.5954,142.7,97.9,0.482
44.82,31864.4,34732.4,-0.7234,-0.6574,142.7,97.9,0.482
44.84,31887.4,34612.0,-0.6001,-0.9537,142.7,97.9,0.482
44.86,31950.9,34631.7,-0.2594,-0.9053,142.7,97.9,0.482
44.88,31759.2,34702.7,-1.2885,-0.7304,142.7,97.9,0.482
44.9,31819.3,34604.1,-0.9658,-0.9732,142.7,97.9,0.482
44.92,31703.9,34421.7,-1.5858,-1.4222,142.7,97.9,0.482
44.94,31803.7,34458.5,-1.0496,-1.3317,142.7,97.9,0.482
44.96,31875.1,34630.8,-0.6659,-0.9075,142.7,97.9,0.482
44.98,31860.0,34854.5,-0.7471,-0.3567,142.7,97.9,0.482
45.0,32086.0,35326.0,0.4662,0.8042,142.7,97.9,0.482
45.02,32310.2,35664.3,1.6703,1.6373,142.7,97.9,0.482
45.04,32382.0,35841.3,2.0557,2.0729,142.7,97.9,0.482
45.06,32315.1,35667.3,1.6965,1.6446,142.7,97.9,0.482
45.08,32262.4,35494.7,1.4133,1.2197,142.7,97.9,0.482
45.1,32063.0,35347.7,0.343,0.8575,142.7,97.9,0.482
45.12,32000.3,35224.5,0.0061,0.5543,142.7,97.9,0.482
45.14,32047.3,35135.8,0.2582,0.3359,142.7,97.9,0.482
45.16,31978.4,35108.1,-0.1118,0.2677,142.7,97.9,0.482
45.18,31984.1,34969.5,-0.0806,-0.0735,142.7,97.9,0.482
45.2,31927.5,34926.5,-0.3846,-0.1795,142.7,97.9,0.482
45.22,31894.1,34774.9,-0.564,-0.5525,142.7,97.9,0.482
45.24,31806.4,34736.6,-1.0353,-0.647,142.7,97.9,0.482
45.26,31878.2,34614.8,-0.6496,-0.9469,142.7,97.9,0.482
45.28,31879.1,34699.1,-0.6447,-0.7394,142.7,97.9,0.482
45.3,31852.4,34612.4,-0.7881,-0.9526,142.7,97.9,0.482
45.32,31796.6,34570.1,-1.0879,-1.0568,142.7,97.9,0.482
45.34,31848.4,34442.8,-0.8095,-1.3704,142.7,97.9,0.482
45.36,31841.0,34374.5,-0.8492,-1.5384,142.7,97.9,0.482
45.38,31812.6,34581.4,-1.0017,-1.0291,142.7,97.9,0.482
45.4,31964.3,34882.2,-0.1871,-0.2884,142.7,97.9,0.482
45.42,32101.2,35256.0,0.5477,0.6319,142.7,97.9,0.482
45.44,32203.5,35612.7,1.0975,1.51,142.7,97.9,0.482
45.46,32359.3,35804.9,1.9338,1.9832,142.7,97.9,0.482
45.48,32305.0,35787.0,1.6426,1.9392,142.7,97.9,0.482
45.5,32240.0,35501.7,1.2934,1.2369,142.7,97.9,0.482
45.52,32151.5,35271.4,0.8183,0.6697,142.7,97.9,0.482
45.54,32194.3,35265.1,1.0478,0.6543,142.7,97.9,0.482
45.56,32023.7,35144.2,0.1316,0.3565,142.7,97.9,0.482
45.58,32038.0,35040.0,0.2088,0.1001,142.7,97.9,0.482
45.6,31975.4,34987.1,-0.1278,-0.0303,142.7,97.9,0.482
45.62,32024.9,34893.2,0.1383,-0.2613,142.7,97.9,0.482
45.64,31938.6,34677.6,-0.3254,-0.7923,142.7,97.9,0.482
45.66,31769.7,34681.6,-1.232,-0.7823,142.7,97.9,0.482
45.68,31805.4,34693.2,-1.0405,-0.7537,142.7,97.9,0.482
45.7,31922.1,34506.9,-0.4138,-1.2125,142.7,97.9,0.482
45.72,31831.4,34654.9,-0.9009,-0.848,142.7,97.9,0.482
45.74,31839.6,34568.3,-0.8569,-1.0612,142.7,97.9,0.482
45.76,31780.5,34511.5,-1.1742,-1.2012,142.7,97.9,0.482
45.78,31721.4,34406.2,-1.4916,-1.4605,142.7,97.9,0.482
45.8,31749.8,34580.6,-1.3389,-1.031,142.7,97.9,0.482
45.82,32020.1,34904.1,0.1126,-0.2346,142.7,97.9,0.482
45.84,32186.3,35257.7,1.005,0.6361,142.7,97.9,0.482
45.86,32246.3,35594.3,1.3271,1.4647,142.7,97.9,0.482
45.88,32270.8,35789.1,1.4589,1.9443,142.7,97.9,0.482
45.9,32319.2,35712.1,1.7187,1.755,142.7,97.9,0.482
45.92,32338.5,35492.1,1.8222,1.2131,142.7,97.9,0.482
45.94,32198.2,35344.8,1.069,0.8506,142.7,97.9,0.482
45.96,32066.6,35309.7,0.3623,0.764,142.7,97.9,0.482
45.98,32113.1,35188.6,0.612,0.4658,142.7,97.9,0.482
46.0,31939.2,35097.2,-0.3218,0.2409,142.7,97.9,0.482
46.02,31968.7,35046.8,-0.1638,0.1168,142.7,97.9,0.482
46.04,32007.3,34952.1,0.0436,-0.1164,142.7,97.9,0.482
46.06,31930.1,34759.8,-0.3711,-0.5897,142.7,97.9,0.482
46.08,31829.5,34736.1,-0.9109,-0.6481,142.7,97.9,0.482
46.1,31920.1,34654.3,-0.4248,-0.8496,142.7,97.9,0.482
46.12,31838.7,34713.2,-0.8618,-0.7045,142.7,97.9,0.482
46.14,31747.0,34559.0,-1.3541,-1.0841,142.7,97.9,0.482
46.16,31843.3,34458.8,-0.8371,-1.331,142.7,97.9,0.482
46.18,31781.5,34459.2,-1.169,-1.3299,142.7,97.9,0.482
46.2,31740.7,34433.9,-1.3877,-1.3923,142.7,97.9,0.482
46.22,31836.6,34598.8,-0.8729,-0.9861,142.7,97.9,0.482
46.24,31975.9,34840.2,-0.125,-0.3919,142.7,97.9,0.482
46.26,32067.3,35265.1,0.3657,0.6542,142.7,97.9,0.482
46.28,32263.2,35625.3,1.418,1.5411,142.7,97.9,0.482
46.3,32319.7,35726.5,1.7213,1.7904,142.7,97.9,0.482
46.32,32278.9,35701.6,1.502,1.7291,142.7,97.9,0.482
46.34,32287.0,35568.8,1.5458,1.402,142.7,97.9,0.482
46.36,32136.2,35449.1,0.7358,1.1072,142.7,97.9,0.482
46.38,31958.7,35269.1,-0.2171,0.664,142.7,97.9,0.482
46.4,32000.9,35140.8,0.0095,0.3483,142.7,97.9,0.482
46.42,32045.5,35098.6,0.249,0.2444,142.7,97.9,0.482
46.44,32046.3,35024.2,0.2534,0.0613,142.7,97.9,0.482
46.46,31956.0,35063.7,-0.2317,0.1585,142.7,97.9,0.482
46.48,31848.8,34783.7,-0.8073,-0.5309,142.7,97.9,0.482
46.5,31861.5,34722.4,-0.7392,-0.6819,142.7,97.9,0.482
46.52,31806.9,34814.1,-1.0326,-0.4561,142.7,97.9,0.482
46.54,31887.3,34579.2,-0.6007,-1.0346,142.7,97.9,0.482
46.56,31884.9,34544.2,-0.6134,-1.1208,142.7,97.9,0.482
46.58,31822.2,34621.1,-0.9504,-0.9312,142.7,97.9,0.482
46.6,31709.0,34471.2,-1.5583,-1.3003,142.7,97.9,0.482
46.62,31746.1,34497.6,-1.3591,-1.2355,142.7,97.9,0.482
46.64,31854.5,34618.0,-0.7768,-0.9391,142.7,97.9,0.482
46.66,31902.8,34926.3,-0.5175,-0.1799,142.7,97.9,0.482
46.68,32081.2,35275.0,0.4404,0.6786,142.7,97.9,0.482
46.7,32209.3,35571.8,1.1282,1.4093,142.7,97.9,0.482
46.72,32335.0,35706.5,1.8033,1.7411,142.7,97.9,0.482
46.74,32305.8,35706.8,1.6466,1.7419,142.7,97.9,0.482
46.76,32226.9,35534.9,1.223,1.3185,142.7,97.9,0.482
46.78,32185.5,35365.9,1.0007,0.9024,142.7,97.9,0.482
46.8,32120.3,35172.8,0.6507,0.427,142.7,97.9,0.482
46.82,32011.0,35123.6,0.0633,0.3058,142.7,97.9,0.482
46.84,31983.5,35165.8,-0.0843,0.4098,142.7,97.9,0.482
46.86,32037.2,35002.9,0.2041,0.0087,142.7,97.9,0.482
46.88,31931.1,34866.3,-0.3653,-0.3277,142.7,97.9,0.482
46.9,31924.2,34800.3,-0.4028,-0.49,142.7,97.9,0.482
46.92,31890.1,34703.7,-0.5854,-0.7281,142.7,97.9,0.482
46.94,31856.2,34614.6,-0.7677,-0.9474,142.7,97.9,0.482
46.96,31805.5,34673.7,-1.04,-0.8017,142.7,97.9,0.482
46.98,31878.9,34660.7,-0.6456,-0.8337,142.7,97.9,0.482
47.0,31752.3,34627.3,-1.3258,-0.916,142.7,97.9,0.482
47.02,31778.1,34479.6,-1.1869,-1.2797,142.7,97.9,0.482
47.04,31776.8,34514.9,-1.1938,-1.1927,142.7,97.9,0.482
47.06,31801.3,34588.9,-1.0624,-1.0106,142.7,97.9,0.482
47.08,31811.1,34794.9,-1.0099,-0.5033,142.7,97.9,0.482
47.1,32034.4,35249.1,0.1893,0.6149,142.7,97.9,0.482
47.12,32248.2,35609.9,1.3374,1.5033,142.7,97.9,0.482
47.14,32287.2,35737.0,1.5466,1.8161,142.7,97.9,0.482
47.16,32342.5,35652.3,1.8439,1.6075,142.7,97.9,0.482
47.18,32330.7,35669.2,1.7803,1.6493,142.7,97.9,0.482
47.2,32051.7,35334.4,0.282,0.8248,142.7,97.9,0.482
47.22,32030.0,35165.1,0.1658,0.4082,142.7,97.9,0.482
47.24,32121.7,35213.9,0.6581,0.5283,142.7,97.9,0.482
47.26,32104.1,35074.4,0.5634,0.1848,142.7,97.9,0.482
47.28,31995.4,34989.3,-0.02,-0.0249,142.7,97.9,0.482
47.3,32050.5,34844.7,0.2757,-0.3809,142.7,97.9,0.482
47.32,31917.4,34818.4,-0.4393,-0.4455,142.7,97.9,0.482
47.34,31839.3,34780.8,-0.8587,-0.538,142.7,97.9,0.482
47.36,31853.4,34665.4,-0.7829,-0.8223,142.7,97.9,0.482
47.38,31866.3,34656.1,-0.7133,-0.8451,142.7,97.9,0.482
47.4,31890.0,34651.3,-0.5862,-0.8569,142.7,97.9,0.482
47.42,31814.1,34628.7,-0.9936,-0.9127,142.7,97.9,0.482
47.44,31801.4,34434.4,-1.062,-1.3911,142.7,97.9,0.482
47.46,31755.9,34448.0,-1.3065,-1.3575,142.7,97.9,0.482
47.48,31793.2,34570.7,-1.106,-1.0554,142.7,97.9,0.482
47.5,31968.2,34783.2,-0.1665,-0.5322,142.7,97.9,0.482
47.52,32070.9,35345.9,0.3855,0.8533,142.7,97.9,0.482
47.54,32160.0,35559.4,0.8639,1.3788,142.7,97.9,0.482
47.56,32280.5,35749.1,1.5107,1.846,142.7,97.9,0.482
47.58,32288.7,35793.3,1.5549,1.9548,142.7,97.9,0.482
47.6,32184.6,35584.9,0.9959,1.4417,142.7,97.9,0.482
47.62,32201.4,35297.0,1.0858,0.7327,142.7,97.9,0.482
47.64,32074.4,35299.0,0.4039,0.7377,142.7,97.9,0.482
47.66,32052.2,35086.1,0.2851,0.2137,142.7,97.9,0.482
47.68,32080.4,35101.5,0.4365,0.2514,142.7,97.9,0.482
47.7,32124.4,35032.1,0.6723,0.0805,142.7,97.9,0.482
47.72,31977.4,35030.6,-0.1171,0.0769,142.7,97.9,0.482
47.74,31937.9,34744.5,-0.3292,-0.6276,142.7,97.9,0.482
47.76,31924.0,34645.1,-0.4038,-0.8723,142.7,97.9,0.482
47.78,31836.1,34690.7,-0.8758,-0.7599,142.7,97.9,0.482
47.8,31806.7,34629.8,-1.0333,-0.9099,142.7,97.9,0.482
47.82,31885.9,34521.0,-0.6081,-1.1779,142.7,97.9,0.482
47.84,31906.6,34499.5,-0.4969,-1.2308,142.7,97.9,0.482
47.86,31756.2,34494.5,-1.3046,-1.2429,142.7,97.9,0.482
47.88,31758.6,34387.1,-1.292,-1.5076,142.7,97.9,0.482
47.9,31822.9,34492.3,-0.9463,-1.2484,142.7,97.9,0.482
47.92,31945.6,34895.9,-0.2875,-0.2549,142.7,97.9,0.482
47.94,32132.3,35232.5,0.7151,0.5739,142.7,97.9,0.482
47.96,32283.7,35641.9,1.528,1.582,142.7,97.9,0.482
47.98,32386.9,35779.2,2.0824,1.9201,142.7,97.9,0.482
48.0,32358.0,35717.2,1.9267,1.7674,142.7,97.9,0.482
48.02,32298.2,35537.0,1.6055,1.3237,142.7,97.9,0.482
48.04,32216.9,35328.3,1.169,0.81,142.7,97.9,0.482
48.06,32117.2,35123.0,0.6338,0.3044,142.7,97.9,0.482
48.08,32105.8,35093.5,0.5725,0.2317,142.7,97.9,0.482
48.1,32006.1,35168.2,0.0375,0.4156,142.7,97.9,0.482
48.12,32059.6,35053.7,0.3243,0.1338,142.7,97.9,0.482
48.14,32018.5,34954.1,0.1039,-0.1114,142.7,97.9,0.482
48.16,31968.8,34815.5,-0.163,-0.4527,142.7,97.9,0.482
48.18,31846.5,34738.2,-0.8197,-0.643,142.7,97.9,0.482
48.2,31831.8,34657.8,-0.8987,-0.8411,142.7,97.9,0.482
48.22,31871.0,34699.5,-0.6883,-0.7383,142.7,97.9,0.482
48.24,31888.9,34672.7,-0.5921,-0.8042,142.7,97.9,0.482
48.26,31882.6,34540.4,-0.6259,-1.1301,142.7,97.9,0.482
48.28,31767.3,34551.4,-1.2448,-1.1028,142.7,97.9,0.482
48.3,31839.6,34431.1,-0.8569,-1.3991,142.7,97.9,0.482
48.32,31847.7,34657.5,-0.8136,-0.8417,142.7,97.9,0.482
48.34,31968.2,34842.2,-0.1664,-0.3868,142.7,97.9,0.482
48.36,32110.2,35267.8,0.5962,0.661,142.7,97.9,0.482
48.38,32249.9,35576.0,1.3465,1.4197,142.7,97.9,0.482
48.4,32325.7,35825.4,1.7537,2.0338,142.7,97.9,0.482
48.42,32305.0,35794.7,1.6426,1.9583,142.7,97.9,0.482
48.44,32311.9,35532.0,1.6792,1.3114,142.7,97.9,0.482
48.46,32209.6,35429.5,1.1299,1.059,142.7,97.9,0.482
48.48,32135.8,35255.7,0.7339,0.6311,142.7,97.9,0.482
48.5,31989.3,35208.5,-0.0529,0.515,142.7,97.9,0.482
48.52,32060.0,35100.6,0.3267,0.2494,142.7,97.9,0.482
48.54,32053.4,35011.0,0.291,0.0287,142.7,97.9,0.482
48.56,32039.5,35001.9,0.2167,0.0063,142.7,97.9,0.482
48.58,31978.8,34833.0,-0.1095,-0.4095,142.7,97.9,0.482
48.6,31857.7,34659.6,-0.7596,-0.8365,142.7,97.9,0.482
48.62,31858.6,34686.4,-0.7546,-0.7705,142.7,97.9,0.482
48.64,31829.3,34643.8,-0.9119,-0.8754,142.7,97.9,0.482
48.66,31858.2,34689.9,-0.7568,-0.7618,142.7,97.9,0.482
48.68,31882.4,34595.9,-0.6268,-0.9933,142.7,97.9,0.482
48.7,31762.7,34532.5,-1.2696,-1.1496,142.7,97.9,0.482
48.72,31706.8,34511.3,-1.57,-1.2017,142.7,97.9,0.482
48.74,31844.2,34621.5,-0.832,-0.9303,142.7,97.9,0.482
48.76,31967.7,34758.2,-0.1688,-0.5938,142.7,97.9,0.482
48.78,32090.9,35145.1,0.4927,0.3589,142.7,97.9,0.482
48.8,32211.1,35508.3,1.138,1.2531,142.7,97.9,0.482
48.82,32264.4,35853.2,1.4243,2.1021,142.7,97.9,0.482
48.84,32263.2,35803.0,1.418,1.9786,142.7,97.9,0.482
48.86,32234.4,35549.7,1.2629,1.355,142.7,97.9,0.482
48.88,32109.6,35298.6,0.5928,0.7367,142.7,97.9,0.482
48.9,32135.4,35279.3,0.7315,0.6893,142.7,97.9,0.482
48.92,32038.5,35085.9,0.2111,0.213,142.7,97.9,0.482
48.94,32046.1,35082.3,0.2519,0.2043,142.7,97.9,0.482
48.96,31919.3,34963.6,-0.4287,-0.0881,142.7,97.9,0.482
48.98,32010.9,34977.0,0.0632,-0.0549,142.7,97.9,0.482
49.0,31885.9,34831.7,-0.6084,-0.4127,142.7,97.9,0.482
49.02,31908.4,34785.6,-0.4876,-0.5264,142.7,97.9,0.482
49.04,31940.0,34729.2,-0.3175,-0.6651,142.7,97.9,0.482
49.06,31809.1,34671.4,-1.0206,-0.8075,142.7,97.9,0.482
49.08,31875.4,34608.0,-0.6648,-0.9637,142.7,97.9,0.482
49.1,31817.9,34518.5,-0.9736,-1.1838,142.7,97.9,0.482
49.12,31782.5,34431.0,-1.1637,-1.3994,142.7,97.9,0.482
49.14,31676.9,34471.3,-1.7307,-1.3001,142.7,97.9,0.482
49.16,31802.1,34514.0,-1.0584,-1.1949,142.7,97.9,0.482
49.18,31980.1,34854.9,-0.1025,-0.3556,142.7,97.9,0.482
49.2,32046.1,35214.1,0.2523,0.5288,142.7,97.9,0.482
49.22,32210.6,35495.6,1.1353,1.2217,142.7,97.9,0.482
49.24,32360.5,35812.8,1.9401,2.0027,142.7,97.9,0.482
49.26,32422.7,35817.3,2.2743,2.0139,142.7,97.9,0.482
49.28,32294.7,35550.3,1.5872,1.3564,142.7,97.9,0.482
49.3,32154.4,35389.1,0.8336,0.9595,142.7,97.9,0.482
49.32,32141.7,35233.4,0.7657,0.5763,142.7,97.9,0.482
49.34,32009.9,35154.8,0.0577,0.3827,142.7,97.9,0.482
49.36,32082.9,35055.6,0.4498,0.1384,142.7,97.9,0.482
49.38,31962.5,35065.5,-0.1966,0.1629,142.7,97.9,0.482
49.4,31947.9,34965.4,-0.2752,-0.0836,142.7,97.9,0.482
49.42,31880.0,34855.8,-0.6397,-0.3534,142.7,97.9,0.482
49.44,31839.8,34722.7,-0.8559,-0.6812,142.7,97.9,0.482
49.46,31806.7,34693.9,-1.0333,-0.752,142.7,97.9,0.482
49.48,31814.0,34632.8,-0.9941,-0.9025,142.7,97.9,0.482
49.5,31919.7,34588.0,-0.4268,-1.0129,142.7,97.9,0.482
49.52,31845.7,34588.6,-0.8243,-1.0113,142.7,97.9,0.482
49.54,31696.5,34433.2,-1.6251,-1.3939,142.7,97.9,0.482
49.56,31865.3,34476.8,-0.719,-1.2866,142.7,97.9,0.482
49.58,31669.0,34629.1,-1.7731,-0.9116,142.7,97.9,0.482
49.6,31879.2,34821.8,-0.6439,-0.4371,142.7,97.9,0.482
49.62,32117.5,35141.8,0.6352,0.3506,142.7,97.9,0.482
49.64,32171.2,35514.7,0.9236,1.2688,142.7,97.9,0.482
49.66,32312.3,35736.8,1.6814,1.8158,142.7,97.9,0.482
49.68,32283.8,35849.3,1.5286,2.0928,142.7,97.9,0.482
49.7,32230.2,35541.5,1.2405,1.3348,142.7,97.9,0.482
49.72,32200.4,35394.9,1.0807,0.9738,142.7,97.9,0.482
49.74,32124.8,35263.3,0.6748,0.6499,142.7,97.9,0.482
49.76,31994.2,35124.6,-0.0265,0.3083,142.7,97.9,0.482
49.78,32024.0,35071.6,0.1333,0.1778,142.7,97.9,0.482
49.8,31991.3,34981.3,-0.0425,-0.0445,142.7,97.9,0.482
49.82,31922.1,34919.3,-0.4141,-0.1972,142.7,97.9,0.482
49.84,31894.9,34833.4,-0.5601,-0.4086,142.7,97.9,0.482
49.86,31861.0,34829.8,-0.7418,-0.4174,142.7,97.9,0.482
49.88,31873.6,34601.4,-0.6742,-0.9797,142.7,97.9,0.482
49.9,31854.7,34688.9,-0.776,-0.7643,142.7,97.9,0.482
49.92,31836.0,34707.9,-0.8761,-0.7176,142.7,97.9,0.482
49.94,31821.8,34614.0,-0.9526,-0.9489,142.7,97.9,0.482
49.96,31741.8,34464.0,-1.382,-1.3181,142.7,97.9,0.482
49.98,31681.3,34442.1,-1.707,-1.3721,142.7,97.9,0.482
50.0,31776.1,34536.3,-1.1979,-1.1401,142.7,97.9,0.482
50.02,31841.2,34827.3,-0.8481,-0.4237,142.7,97.9,0.482
50.04,32116.3,35202.0,0.6291,0.499,142.7,97.9,0.482
50.06,32255.8,35458.4,1.3781,1.1302,142.7,97.9,0.482
50.08,32383.2,35700.3,2.0625,1.7258,142.7,97.9,0.482
50.1,32325.9,35690.6,1.7545,1.7018,142.7,97.9,0.482
50.12,32241.5,35573.8,1.3016,1.4144,142.7,97.9,0.482
50.14,32081.8,35359.1,0.444,0.8858,142.7,97.9,0.482
50.16,32031.8,35238.2,0.1752,0.588,142.7,97.9,0.482
50.18,32178.9,35143.3,0.9652,0.3543,142.7,97.9,0.482
50.2,32051.4,35057.3,0.2804,0.1426,142.7,97.9,0.482
50.22,32053.8,35061.7,0.2937,0.1534,142.7,97.9,0.482
50.24,31923.9,34858.4,-0.404,-0.3472,142.7,97.9,0.482
50.26,31961.8,34828.7,-0.2004,-0.4201,142.7,97.9,0.482
50.28,31952.1,34694.1,-0.253,-0.7515,142.7,97.9,0.482
50.3,31838.0,34775.2,-0.8652,-0.5519,142.7,97.9,0.482
50.32,31929.3,34735.0,-0.3754,-0.6508,142.7,97.9,0.482
50.34,31886.9,34618.9,-0.6028,-0.9367,142.7,97.9,0.482
50.36,31760.2,34665.2,-1.2835,-0.8228,142.7,97.9,0.482
50.38,31806.3,34552.6,-1.0356,-1.1001,142.7,97.9,0.482
50.4,31799.9,34468.9,-1.0702,-1.306,142.7,97.9,0.482
50.42,31786.2,34556.3,-1.1437,-1.0908,142.7,97.9,0.482
50.44,31901.1,34778.1,-0.5267,-0.5447,142.7,97.9,0.482
50.46,32116.5,35159.5,0.6298,0.3943,142.7,97.9,0.482
50.48,32311.7,35415.5,1.6786,1.0247,142.7,97.9,0.482
50.5,32414.7,35704.3,2.2314,1.7355,142.7,97.9,0.482
50.52,32290.6,35709.0,1.5652,1.7472,142.7,97.9,0.482
50.54,32335.3,35592.0,1.8049,1.4593,142.7,97.9,0.482
50.56,32163.7,35387.7,0.8835,0.9561,142.7,97.9,0.482
50.58,32047.3,35290.6,0.2586,0.717,142.7,97.9,0.482
50.6,32154.6,35200.4,0.8346,0.4949,142.7,97.9,0.482
50.62,32013.3,35030.5,0.0757,0.0766,142.7,97.9,0.482
50.64,31974.3,34991.2,-0.1332,-0.0202,142.7,97.9,0.482
50.66,31995.0,34844.3,-0.0223,-0.3819,142.7,97.9,0.482
50.68,31918.6,34770.8,-0.4324,-0.5627,142.7,97.9,0.482
50.7,31861.8,34718.5,-0.7376,-0.6916,142.7,97.9,0.482
50.72,31845.7,34643.2,-0.8242,-0.877,142.7,97.9,0.482
50.74,31828.5,34680.2,-0.9165,-0.7858,142.7,97.9,0.482
50.76,31785.9,34636.6,-1.1453,-0.8931,142.7,97.9,0.482
50.78,31819.5,34521.4,-0.9648,-1.1769,142.7,97.9,0.482
50.8,31824.0,34465.7,-0.9406,-1.3139,142.7,97.9,0.482
50.82,31711.2,34459.1,-1.5463,-1.3301,142.7,97.9,0.482
50.84,31831.3,34503.9,-0.9012,-1.2198,142.7,97.9,0.482
50.86,31848.0,34737.9,-0.812,-0.6436,142.7,97.9,0.482
50.88,32080.1,35138.4,0.4347,0.3423,142.7,97.9,0.482
50.9,32287.2,35522.8,1.5469,1.2887,142.7,97.9,0.482
50.92,32359.0,35584.3,1.9322,1.4401,142.7,97.9,0.482
50.94,32322.8,35742.9,1.7378,1.8308,142.7,97.9,0.482
50.96,32319.8,35544.5,1.7218,1.3422,142.7,97.9,0.482
50.98,32122.5,35369.8,0.6622,0.912,142.7,97.9,0.482
51.0,32142.7,35326.3,0.7706,0.8049,142.7,97.9,0.482
51.02,32054.1,35175.7,0.2948,0.434,142.7,97.9,0.482
51.04,32067.7,35117.3,0.3682,0.2904,142.7,97.9,0.482
51.06,32009.6,35030.5,0.0558,0.0768,142.7,97.9,0.482
51.08,31996.2,35006.8,-0.0159,0.0183,142.7,97.9,0.482
51.1,31904.2,34838.4,-0.5098,-0.3963,142.7,97.9,0.482
51.12,31852.8,34677.7,-0.7857,-0.792,142.7,97.9,0.482
51.14,31853.7,34692.0,-0.7812,-0.7567,142.7,97.9,0.482
51.16,31849.0,34615.5,-0.8064,-0.9451,142.7,97.9,0.482
51.18,31832.1,34586.2,-0.897,-1.0174,142.7,97.9,0.482
51.2,31751.8,34520.6,-1.3285,-1.1788,142.7,97.9,0.482
51.22,31803.9,34518.3,-1.0485,-1.1844,142.7,97.9,0.482
51.24,31838.8,34550.4,-0.8613,-1.1054,142.7,97.9,0.482
51.26,31779.9,34537.1,-1.1776,-1.1382,142.7,97.9,0.482
51.28,31937.7,34820.9,-0.3303,-0.4394,142.7,97.9,0.482
51.3,32122.4,35122.8,0.6616,0.3039,142.7,97.9,0.482
51.32,32134.1,35507.8,0.7244,1.2518,142.7,97.9,0.482
51.34,32313.8,35779.1,1.6894,1.9197,142.7,97.9,0.482
51.36,32346.4,35829.3,1.8646,2.0433,142.7,97.9,0.482
51.38,32281.8,35594.9,1.5179,1.4662,142.7,97.9,0.482
51.4,32158.2,35373.4,0.8539,0.9209,142.7,97.9,0.482
51.42,32210.5,35173.8,1.1346,0.4295,142.7,97.9,0.482
51.44,32108.8,35089.7,0.5885,0.2223,142.7,97.9,0.482
51.46,32079.7,35042.5,0.4324,0.1062,142.7,97.9,0.482
51.48,32045.7,34959.3,0.2498,-0.0986,142.7,97.9,0.482
51.5,31986.6,34903.0,-0.0673,-0.2372,142.7,97.9,0.482
51.52,31862.4,34808.1,-0.7344,-0.4708,142.7,97.9,0.482
51.54,31934.1,34780.6,-0.3495,-0.5385,142.7,97.9,0.482
51.56,31868.0,34583.7,-0.7043,-1.0234,142.7,97.9,0.482
51.58,31808.3,34683.0,-1.0252,-0.779,142.7,97.9,0.482
51.6,31857.5,34561.9,-0.7607,-1.077,142.7,97.9,0.482
51.62,31759.7,34655.8,-1.2857,-0.8458,142.7,97.9,0.482
51.64,31740.8,34514.9,-1.3875,-1.1929,142.7,97.9,0.482
51.66,31801.8,34406.4,-1.0598,-1.4599,142.7,97.9,0.482
51.68,31867.0,34507.4,-0.7097,-1.2114,142.7,97.9,0.482
51.7,31911.3,34817.2,-0.472,-0.4485,142.7,97.9,0.482
51.72,32030.0,35098.2,0.1656,0.2432,142.7,97.9,0.482
51.74,32299.8,35468.7,1.6146,1.1556,142.7,97.9,0.482
51.76,32426.4,35712.4,2.2944,1.7555,142.7,97.9,0.482
51.78,32347.9,35776.0,1.8725,1.9123,142.7,97.9,0.482
51.8,32280.1,35615.0,1.5087,1.5157,142.7,97.9,0.482
51.82,32191.7,35419.9,1.0341,1.0354,142.7,97.9,0.482
51.84,32158.8,35276.1,0.8571,0.6814,142.7,97.9,0.482
51.86,32065.4,35100.0,0.3558,0.2477,142.7,97.9,0.482
51.88,32083.5,35054.1,0.4529,0.1348,142.7,97.9,0.482
51.9,32024.2,35051.4,0.1343,0.1281,142.7,97.9,0.482
51.92,31962.3,34989.7,-0.198,-0.0238,142.7,97.9,0.482
51.94,31945.6,34950.6,-0.2879,-0.12,142.7,97.9,0.482
51.96,31925.7,34671.6,-0.3946,-0.8069,142.7,97.9,0.482
51.98,31881.1,34599.3,-0.634,-0.985,142.7,97.9,0.482
52.0,31782.9,34656.7,-1.1611,-0.8437,142.7,97.9,0.482
52.02,31754.5,34610.7,-1.3137,-0.9568,142.7,97.9,0.482
52.04,31751.5,34575.4,-1.3297,-1.0439,142.7,97.9,0.482
52.06,31785.7,34421.2,-1.1462,-1.4234,142.7,97.9,0.482
52.08,31724.0,34307.9,-1.4776,-1.7026,142.7,97.9,0.482
52.1,31831.3,34617.1,-0.9013,-0.9412,142.7,97.9,0.482
52.12,31950.4,34786.0,-0.2617,-0.5254,142.7,97.9,0.482
52.14,32109.4,35073.0,0.5919,0.1812,142.7,97.9,0.482
52.16,32193.6,35526.6,1.0443,1.2982,142.7,97.9,0.482
52.18,32447.0,35682.0,2.4047,1.6806,142.7,97.9,0.482
52.2,32319.1,35789.4,1.7181,1.9452,142.7,97.9,0.482
52.22,32300.0,35682.9,1.6153,1.6829,142.7,97.9,0.482
52.24,32182.4,35478.1,0.9839,1.1788,142.7,97.9,0.482
52.26,32116.2,35217.0,0.6282,0.5358,142.7,97.9,0.482
52.28,32111.3,35176.5,0.6024,0.4361,142.7,97.9,0.482
52.3,32026.9,35112.3,0.1491,0.2781,142.7,97.9,0.482
52.32,31889.4,35078.0,-0.5893,0.1935,142.7,97.9,0.482
52.34,32024.5,35008.4,0.1361,0.0223,142.7,97.9,0.482
52.36,31968.4,34854.0,-0.1654,-0.3578,142.7,97.9,0.482
52.38,31874.6,34818.1,-0.6687,-0.4463,142.7,97.9,0.482
52.4,31844.0,34631.9,-0.8332,-0.9048,142.7,97.9,0.482
52.42,31882.7,34590.0,-0.6252,-1.0078,142.7,97.9,0.482
52.44,31915.1,34738.1,-0.4517,-0.6432,142.7,97.9,0.482
52.46,31780.0,34636.1,-1.1769,-0.8944,142.7,97.9,0.482
52.48,31730.1,34424.5,-1.445,-1.4154,142.7,97.9,0.482
52.5,31694.9,34433.4,-1.6337,-1.3936,142.7,97.9,0.482
52.52,31752.5,34581.5,-1.3247,-1.0289,142.7,97.9,0.482
52.54,31879.7,34744.3,-0.6417,-0.628,142.7,97.9,0.482
52.56,31959.3,35131.7,-0.2141,0.3259,142.7,97.9,0.482
52.58,32217.7,35491.6,1.1737,1.2119,142.7,97.9,0.482
52.6,32378.4,35622.2,2.0367,1.5334,142.7,97.9,0.482
52.62,32347.3,35680.0,1.8696,1.6758,142.7,97.9,0.482
52.64,32326.1,35638.8,1.7557,1.5743,142.7,97.9,0.482
52.66,32253.1,35397.6,1.3637,0.9806,142.7,97.9,0.482
52.68,32172.8,35230.9,0.9327,0.57,142.7,97.9,0.482
52.7,32086.7,35157.7,0.4699,0.3898,142.7,97.9,0.482
52.72,32052.3,35014.8,0.2855,0.0381,142.7,97.9,0.482
52.74,32035.3,34994.4,0.1939,-0.0123,142.7,97.9,0.482
52.76,31939.8,34956.3,-0.3185,-0.1061,142.7,97.9,0.482
52.78,31901.3,34802.8,-0.5257,-0.4839,142.7,97.9,0.482
52.8,31895.6,34725.2,-0.5562,-0.6751,142.7,97.9,0.482
52.82,31916.1,34681.7,-0.4462,-0.782,142.7,97.9,0.482
52.84,31810.4,34707.5,-1.0138,-0.7186,142.7,97.9,0.482
52.86,31897.4,34596.7,-0.5464,-0.9915,142.7,97.9,0.482
52.88,31912.0,34640.4,-0.4682,-0.8838,142.7,97.9,0.482
52.9,31837.9,34502.9,-0.8658,-1.2222,142.7,97.9,0.482
52.92,31831.0,34459.1,-0.903,-1.3303,142.7,97.9,0.482
52.94,31824.9,34465.3,-0.9358,-1.3149,142.7,97.9,0.482
52.96,31875.4,34765.9,-0.6646,-0.5747,142.7,97.9,0.482
52.98,32136.1,35033.3,0.7351,0.0836,142.7,97.9,0.482
53.0,32088.9,35461.0,0.4819,1.1366,142.7,97.9,0.482
53.02,32326.2,35772.9,1.7561,1.9047,142.7,97.9,0.482
53.04,32325.6,35632.6,1.7527,1.5591,142.7,97.9,0.482
53.06,32226.4,35574.3,1.22,1.4157,142.7,97.9,0.482
53.08,32132.8,35517.2,0.7175,1.2749,142.7,97.9,0.482
53.1,32072.4,35308.3,0.3932,0.7605,142.7,97.9,0.482
53.12,32045.5,35067.8,0.2491,0.1686,142.7,97.9,0.482
53.14,32040.2,35237.2,0.2202,0.5856,142.7,97.9,0.482
53.16,31951.1,35016.6,-0.2579,0.0423,142.7,97.9,0.482
53.18,31952.9,34980.8,-0.2483,-0.0458,142.7,97.9,0.482
53.2,31918.5,34844.7,-0.433,-0.3808,142.7,97.9,0.482
53.22,31870.7,34725.1,-0.6899,-0.6753,142.7,97.9,0.482
53.24,31849.0,34702.4,-0.8062,-0.7312,142.7,97.9,0.482
53.26,31861.1,34731.6,-0.7414,-0.6593,142.7,97.9,0.482
53.28,31878.8,34555.5,-0.6464,-1.0928,142.7,97.9,0.482
53.3,31884.3,34531.4,-0.617,-1.1522,142.7,97.9,0.482
53.32,31797.6,34443.6,-1.0825,-1.3684,142.7,97.9,0.482
53.34,31763.2,34399.4,-1.267,-1.4772,142.7,97.9,0.482
53.36,31821.6,34561.6,-0.9536,-1.0779,142.7,97.9,0.482
53.38,31885.0,34702.8,-0.6129,-0.7301,142.7,97.9,0.482
53.4,32085.9,35063.3,0.4658,0.1574,142.7,97.9,0.482
53.42,32267.8,35390.5,1.4426,0.9631,142.7,97.9,0.482
53.44,32335.0,35803.6,1.8032,1.9802,142.7,97.9,0.482
53.46,32284.0,35813.7,1.5296,2.0049,142.7,97.9,0.482
53.48,32219.0,35700.9,1.1807,1.7272,142.7,97.9,0.482
53.5,32226.6,35481.1,1.2213,1.1862,142.7,97.9,0.482
53.52,32165.1,35239.3,0.891,0.5906,142.7,97.9,0.482
53.54,32100.2,35149.0,0.5425,0.3683,142.7,97.9,0.482
53.56,32096.0,35069.5,0.5198,0.1728,142.7,97.9,0.482
53.58,31996.8,35028.0,-0.0126,0.0704,142.7,97.9,0.482
53.6,31948.0,34933.7,-0.2746,-0.1616,142.7,97.9,0.482
53.62,31915.0,34853.0,-0.4518,-0.3605,142.7,97.9,0.482
53.64,31925.8,34726.0,-0.3938,-0.673,142.7,97.9,0.482
53.66,31868.6,34664.7,-0.7014,-0.824,142.7,97.9,0.482
53.68,31861.2,34724.2,-0.7411,-0.6775,142.7,97.9,0.482
53.7,31900.2,34692.8,-0.5316,-0.7548,142.7,97.9,0.482
53.72,31750.5,34542.4,-1.3351,-1.1251,142.7,97.9,0.482
53.74,31820.5,34524.7,-0.9594,-1.1686,142.7,97.9,0.482
53.76,31759.0,34485.8,-1.2896,-1.2645,142.7,97.9,0.482
53.78,31716.7,34571.7,-1.5166,-1.0529,142.7,97.9,0.482
53.8,31854.3,34693.9,-0.7776,-0.7521,142.7,97.9,0.482
53.82,32055.7,35034.4,0.3034,0.0863,142.7,97.9,0.482
53.84,32148.4,35483.6,0.8016,1.1922,142.7,97.9,0.482
53.86,32286.0,35716.6,1.5403,1.766,142.7,97.9,0.482
53.88,32281.3,35758.0,1.515,1.8678,142.7,97.9,0.482
53.9,32300.8,35653.0,1.6195,1.6092,142.7,97.9,0.482
53.92,32172.0,35470.1,0.9283,1.1589,142.7,97.9,0.482
53.94,32157.8,35229.1,0.852,0.5657,142.7,97.9,0.482
53.96,32044.8,35067.8,0.245,0.1684,142.7,97.9,0.482
53.98,31998.4,35171.0,-0.0039,0.4225,142.7,97.9,0.482
54.0,32008.1,35077.2,0.048,0.1916,142.7,97.9,0.482
54.02,31973.9,34923.3,-0.1358,-0.1873,142.7,97.9,0.482
54.04,31954.1,34841.8,-0.2422,-0.388,142.7,97.9,0.482
54.06,31978.8,34775.5,-0.1093,-0.5511,142.7,97.9,0.482
54.08,31943.0,34731.1,-0.3016,-0.6605,142.7,97.9,0.482
54.1,31823.3,34589.1,-0.9443,-1.0101,142.7,97.9,0.482
54.12,31891.1,34714.2,-0.58,-0.702,142.7,97.9,0.482
54.14,31770.8,34613.2,-1.2265,-0.9508,142.7,97.9,0.482
54.16,31757.6,34619.4,-1.297,-0.9355,142.7,97.9,0.482
54.18,31780.3,34521.7,-1.1754,-1.1762,142.7,97.9,0.482
54.2,31772.9,34438.9,-1.2152,-1.38,142.7,97.9,0.482
54.22,31990.9,34722.7,-0.0445,-0.6812,142.7,97.9,0.482
54.24,31993.0,35063.6,-0.0329,0.1581,142.7,97.9,0.482
54.26,32190.8,35530.6,1.0291,1.308,142.7,97.9,0.482
54.28,32274.8,35616.2,1.4801,1.5187,142.7,97.9,0.482
54.3,32397.8,35677.2,2.1407,1.669,142.7,97.9,0.482
54.32,32267.7,35700.8,1.4418,1.7271,142.7,97.9,0.482
54.34,32165.2,35404.4,0.8915,0.9973,142.7,97.9,0.482
54.36,32067.4,35296.3,0.3662,0.7311,142.7,97.9,0.482
54.38,32045.7,35254.8,0.2501,0.6289,142.7,97.9,0.482
54.4,32023.0,35063.8,0.128,0.1586,142.7,97.9,0.482
54.42,32044.2,35140.1,0.2421,0.3466,142.7,97.9,0.482
54.44,31930.6,34996.6,-0.3684,-0.0067,142.7,97.9,0.482
54.46,31970.2,34887.3,-0.1553,-0.2758,142.7,97.9,0.482
54.48,31975.6,34774.5,-0.1263,-0.5537,142.7,97.9,0.482
54.5,31916.6,34712.5,-0.4436,-0.7062,142.7,97.9,0.482
54.52,31819.0,34659.9,-0.9676,-0.8359,142.7,97.9,0.482
54.54,31838.4,34684.2,-0.8633,-0.7761,142.7,97.9,0.482
54.56,31780.6,34609.4,-1.1734,-0.9601,142.7,97.9,0.482
54.58,31865.4,34547.3,-0.7184,-1.1131,142.7,97.9,0.482
54.6,31783.9,34452.6,-1.1558,-1.3462,142.7,97.9,0.482
54.62,31757.0,34487.8,-1.3004,-1.2595,142.7,97.9,0.482
54.64,31839.4,34739.6,-0.8577,-0.6395,142.7,97.9,0.482
54.66,32083.4,35094.4,0.4521,0.234,142.7,97.9,0.482
54.68,32281.6,35369.6,1.5166,0.9117,142.7,97.9,0.482
54.7,32407.1,35680.0,2.1908,1.6759,142.7,97.9,0.482
54.72,32389.2,35732.8,2.0945,1.8057,142.7,97.9,0.482
54.74,32333.2,35633.6,1.7938,1.5616,142.7,97.9,0.482
54.76,32209.8,35521.2,1.1311,1.2849,142.7,97.9,0.482
54.78,32193.4,35404.2,1.043,0.9969,142.7,97.9,0.482
54.8,32089.5,35124.6,0.4853,0.3083,142.7,97.9,0.482
54.82,32098.2,35026.6,0.5317,0.067,142.7,97.9,0.482
54.84,31943.7,34977.3,-0.2978,-0.0544,142.7,97.9,0.482
54.86,32003.1,35009.2,0.0212,0.0242,142.7,97.9,0.482
54.88,31873.5,34854.1,-0.6747,-0.3577,142.7,97.9,0.482
54.9,31849.2,34867.0,-0.8054,-0.3259,142.7,97.9,0.482
54.92,31946.7,34615.3,-0.2819,-0.9456,142.7,97.9,0.482
54.94,31870.6,34773.7,-0.6901,-0.5555,142.7,97.9,0.482
54.96,31782.2,34669.6,-1.1652,-0.8119,142.7,97.9,0.482
54.98,31829.4,34644.6,-0.9115,-0.8734,142.7,97.9,0.482
55.0,31847.9,34399.7,-0.8123,-1.4765,142.7,97.9,0.482
55.02,31788.6,34479.9,-1.1305,-1.2789,142.7,97.9,0.482
55.04,31776.8,34416.9,-1.194,-1.4342,142.7,97.9,0.482
55.06,31870.1,34713.2,-0.6931,-0.7046,142.7,97.9,0.482
55.08,31998.4,35040.5,-0.0042,0.1013,142.7,97.9,0.482
55.1,32174.5,35425.7,0.9414,1.0498,142.7,97.9,0.482
55.12,32277.2,35660.9,1.4929,1.6289,142.7,97.9,0.482
55.14,32226.6,35721.7,1.2216,1.7784,142.7,97.9,0.482
55.16,32272.1,35592.2,1.4657,1.4596,142.7,97.9,0.482
55.18,32073.0,35455.6,0.3963,1.1234,142.7,97.9,0.482
55.2,32020.0,35311.1,0.1118,0.7675,142.7,97.9,0.482
55.22,32029.7,35139.7,0.1642,0.3456,142.7,97.9,0.482
55.24,32063.9,35113.9,0.3476,0.2819,142.7,97.9,0.482
55.26,32092.8,35049.6,0.5031,0.1238,142.7,97.9,0.482
55.28,31998.1,34934.9,-0.0059,-0.1586,142.7,97.9,0.482
55.3,31934.9,34941.9,-0.3453,-0.1414,142.7,97.9,0.482
55.32,31927.3,34712.7,-0.3861,-0.7057,142.7,97.9,0.482
55.34,31863.5,34699.2,-0.7287,-0.7391,142.7,97.9,0.482
55.36,31796.6,34720.9,-1.088,-0.6856,142.7,97.9,0.482
55.38,31869.1,34641.3,-0.6984,-0.8816,142.7,97.9,0.482
55.4,31846.6,34608.4,-0.819,-0.9626,142.7,97.9,0.482
55.42,31690.5,34509.3,-1.6573,-1.2067,142.7,97.9,0.482
55.44,31788.2,34441.0,-1.133,-1.3748,142.7,97.9,0.482
55.46,31838.1,34516.2,-0.8649,-1.1896,142.7,97.9,0.482
55.48,31850.9,34686.9,-0.7963,-0.7692,142.7,97.9,0.482
55.5,31940.1,35044.8,-0.3169,0.1118,142.7,97.9,0.482
55.52,32212.4,35458.1,1.1449,1.1294,142.7,97.9,0.482
55.54,32297.0,35735.7,1.5993,1.813,142.7,97.9,0.482
55.56,32321.0,35818.1,1.728,2.0159,142.7,97.9,0.482
55.58,32295.1,35703.4,1.5894,1.7335,142.7,97.9,0.482
55.6,32151.5,35492.4,0.8182,1.2138,142.7,97.9,0.482
55.62,32112.5,35285.6,0.6085,0.7047,142.7,97.9,0.482
55.64,31984.8,35143.4,-0.0773,0.3546,142.7,97.9,0.482
55.66,32095.0,35199.3,0.5147,0.4922,142.7,97.9,0.482
55.68,32021.5,35088.0,0.1202,0.2183,142.7,97.9,0.482
55.7,32039.9,34919.4,0.2187,-0.1968,142.7,97.9,0.482
55.72,31927.6,34865.7,-0.3841,-0.3291,142.7,97.9,0.482
55.74,31893.0,34767.0,-0.5701,-0.572,142.7,97.9,0.482
55.76,31857.8,34749.2,-0.759,-0.6159,142.7,97.9,0.482
55.78,31871.7,34619.9,-0.6842,-0.9342,142.7,97.9,0.482
55.8,31807.1,34694.5,-1.0314,-0.7506,142.7,97.9,0.482
55.82,31726.6,34518.0,-1.4638,-1.1852,142.7,97.9,0.482
55.84,31778.2,34541.6,-1.1867,-1.1272,142.7,97.9,0.482
55.86,31711.3,34474.8,-1.5457,-1.2915,142.7,97.9,0.482
55.88,31907.1,34418.0,-0.4942,-1.4315,142.7,97.9,0.482
55.9,31855.6,34718.5,-0.7709,-0.6915,142.7,97.9,0.482
55.92,32012.5,35013.4,0.0715,0.0345,142.7,97.9,0.482
55.94,32250.3,35478.5,1.3488,1.1798,142.7,97.9,0.482
55.96,32271.9,35648.9,1.4645,1.5993,142.7,97.9,0.482
55.98,32385.9,35723.4,2.077,1.7826,142.7,97.9,0.482
56.0,32375.4,35662.8,2.0201,1.6334,142.7,97.9,0.482
56.02,32213.9,35431.6,1.1529,1.0642,142.7,97.9,0.482
56.04,31990.1,35263.8,-0.0485,0.6511,142.7,97.9,0.482
56.06,32082.6,35261.3,0.4482,0.6448,142.7,97.9,0.482
56.08,32090.0,35134.1,0.4879,0.3317,142.7,97.9,0.482
56.1,32003.8,35043.5,0.025,0.1088,142.7,97.9,0.482
56.12,32003.1,35008.6,0.0213,0.0226,142.7,97.9,0.482
56.14,31928.3,34861.2,-0.3808,-0.3402,142.7,97.9,0.482
56.16,31873.5,34848.2,-0.675,-0.3722,142.7,97.9,0.482
56.18,31721.4,34701.8,-1.4918,-0.7327,142.7,97.9,0.482
56.2,31807.5,34574.8,-1.0292,-1.0454,142.7,97.9,0.482
56.22,31763.5,34706.9,-1.2655,-0.72,142.7,97.9,0.482
56.24,31779.7,34676.6,-1.1785,-0.7948,142.7,97.9,0.482
56.26,31797.0,34510.1,-1.0855,-1.2046,142.7,97.9,0.482
56.28,31785.8,34465.0,-1.1459,-1.3157,142.7,97.9,0.482
56.3,31696.3,34504.2,-1.6264,-1.2192,142.7,97.9,0.482
56.32,31843.5,34688.0,-0.8357,-0.7666,142.7,97.9,0.482
56.34,31963.9,35061.8,-0.1894,0.1538,142.7,97.9,0.482
56.36,32179.1,35471.2,0.9665,1.1618,142.7,97.9,0.482
56.38,32277.7,35670.6,1.4959,1.6527,142.7,97.9,0.482
56.4,32368.7,35777.2,1.9844,1.9151,142.7,97.9,0.482
56.42,32231.0,35659.4,1.245,1.625,142.7,97.9,0.482
56.44,32179.2,35528.1,0.9667,1.3018,142.7,97.9,0.482
56.46,32047.7,35253.7,0.2606,0.6262,142.7,97.9,0.482
56.48,32091.1,35180.1,0.4939,0.4451,142.7,97.9,0.482
56.5,32034.6,35044.6,0.1904,0.1113,142.7,97.9,0.482
56.52,32031.3,34980.7,0.1727,-0.0459,142.7,97.9,0.482
56.54,32013.6,34987.7,0.0773,-0.0286,142.7,97.9,0.482
56.56,31975.8,34950.1,-0.1256,-0.1212,142.7,97.9,0.482
56.58,31973.7,34689.4,-0.1369,-0.7631,142.7,97.9,0.482
56.6,31915.1,34622.9,-0.4512,-0.9268,142.7,97.9,0.482
56.62,31893.2,34519.2,-0.5691,-1.1823,142.7,97.9,0.482
56.64,31879.7,34669.8,-0.6416,-0.8114,142.7,97.9,0.482
56.66,31869.5,34615.2,-0.6965,-0.9457,142.7,97.9,0.482
56.68,31747.1,34456.4,-1.3536,-1.3369,142.7,97.9,0.482
56.7,31823.9,34481.7,-0.941,-1.2745,142.7,97.9,0.482
56.72,31734.3,34511.4,-1.4222,-1.2015,142.7,97.9,0.482
56.74,31922.3,34677.0,-0.4128,-0.7936,142.7,97.9,0.482
56.76,32065.6,34943.8,0.3567,-0.1368,142.7,97.9,0.482
56.78,32096.0,35438.1,0.5203,1.0802,142.7,97.9,0.482
56.8,32279.9,35713.2,1.5078,1.7576,142.7,97.9,0.482
56.82,32353.3,35733.5,1.9019,1.8075,142.7,97.9,0.482
56.84,32302.1,35672.8,1.6269,1.658,142.7,97.9,0.482
56.86,32271.4,35438.9,1.4618,1.0822,142.7,97.9,0.482
56.88,32162.4,35246.6,0.8765,0.6088,142.7,97.9,0.482
56.9,32194.3,35204.0,1.0479,0.5038,142.7,97.9,0.482
56.92,32142.6,35135.9,0.7705,0.3362,142.7,97.9,0.482
56.94,32057.3,35113.2,0.312,0.2803,142.7,97.9,0.482
56.96,31983.8,34978.7,-0.0823,-0.051,142.7,97.9,0.482
56.98,32039.9,34906.4,0.2189,-0.2288,142.7,97.9,0.482
57.0,31907.3,34818.9,-0.493,-0.4444,142.7,97.9,0.482
57.02,31934.4,34739.4,-0.3477,-0.64,142.7,97.9,0.482
57.04,31899.1,34678.3,-0.5373,-0.7906,142.7,97.9,0.482
57.06,31858.2,34658.2,-0.757,-0.84,142.7,97.9,0.482
57.08,31826.5,34550.6,-0.9269,-1.105,142.7,97.9,0.482
57.1,31816.4,34553.8,-0.9814,-1.097,142.7,97.9,0.482
57.12,31814.2,34579.1,-0.9935,-1.0346,142.7,97.9,0.482
57.14,31699.7,34443.7,-1.6081,-1.3681,142.7,97.9,0.482
57.16,31943.9,34680.3,-0.2969,-0.7857,142.7,97.9,0.482
57.18,32026.6,35007.7,0.1471,0.0204,142.7,97.9,0.482
57.2,32064.1,35347.6,0.3489,0.8573,142.7,97.9,0.482
57.22,32342.1,35695.0,1.8417,1.7128,142.7,97.9,0.482
57.24,32328.3,35755.7,1.7672,1.8623,142.7,97.9,0.482
57.26,32319.7,35643.5,1.7214,1.5859,142.7,97.9,0.482
57.28,32161.9,35444.4,0.874,1.0957,142.7,97.9,0.482
57.3,32154.6,35317.2,0.8346,0.7825,142.7,97.9,0.482
57.32,32094.3,35246.0,0.5106,0.6072,142.7,97.9,0.482
57.34,32028.1,35070.5,0.1552,0.1751,142.7,97.9,0.482
57.36,32051.9,35031.8,0.283,0.08,142.7,97.9,0.482
57.38,32047.8,34951.8,0.2613,-0.1171,142.7,97.9,0.482
57.4,31967.8,34868.4,-0.1684,-0.3225,142.7,97.9,0.482
57.42,31948.7,34796.0,-0.2708,-0.5007,142.7,97.9,0.482
57.44,31866.6,34747.7,-0.7117,-0.6197,142.7,97.9,0.482
57.46,31907.6,34678.8,-0.4916,-0.7893,142.7,97.9,0.482
57.48,31858.6,34601.1,-0.755,-0.9805,142.7,97.9,0.482
57.5,31834.1,34563.7,-0.8864,-1.0726,142.7,97.9,0.482
57.52,31862.7,34526.2,-0.733,-1.165,142.7,97.9,0.482
57.54,31672.9,34488.6,-1.7519,-1.2577,142.7,97.9,0.482
57.56,31779.9,34497.3,-1.1772,-1.236,142.7,97.9,0.482
57.58,31911.0,34705.5,-0.4735,-0.7236,142.7,97.9,0.482
57.6,31941.6,35015.7,-0.3094,0.0403,142.7,97.9,0.482
57.62,32166.9,35426.5,0.9007,1.0516,142.7,97.9,0.482
57.64,32237.0,35597.8,1.277,1.4735,142.7,97.9,0.482
57.66,32402.5,35728.5,2.1656,1.7953,142.7,97.9,0.482
57.68,32289.0,35670.8,1.5563,1.6532,142.7,97.9,0.482
57.7,32203.2,35517.4,1.0954,1.2754,142.7,97.9,0.482
57.72,32136.4,35251.7,0.7368,0.6213,142.7,97.9,0.482
57.74,32062.2,35171.8,0.3387,0.4246,142.7,97.9,0.482
57.76,31989.1,35169.0,-0.054,0.4177,142.7,97.9,0.482
57.78,31923.4,35047.3,-0.4071,0.1181,142.7,97.9,0.482
57.8,31985.3,34991.5,-0.0746,-0.0193,142.7,97.9,0.482
57.82,31905.1,34947.6,-0.5051,-0.1274,142.7,97.9,0.482
57.84,31920.2,34894.3,-0.4242,-0.2586,142.7,97.9,0.482
57.86,31863.9,34678.8,-0.7263,-0.7894,142.7,97.9,0.482
57.88,31873.3,34690.5,-0.676,-0.7604,142.7,97.9,0.482
57.9,31829.9,34696.3,-0.9088,-0.7462,142.7,97.9,0.482
57.92,31948.7,34542.4,-0.2708,-1.1251,142.7,97.9,0.482
57.94,31760.0,34465.3,-1.2842,-1.3149,142.7,97.9,0.482
57.96,31790.4,34463.9,-1.1211,-1.3183,142.7,97.9,0.482
57.98,31797.1,34409.1,-1.0853,-1.4533,142.7,97.9,0.482
58.0,31808.9,34617.9,-1.0218,-0.9392,142.7,97.9,0.482
58.02,32064.9,34972.1,0.3528,-0.0672,142.7,97.9,0.482
58.04,32098.2,35455.3,0.5318,1.1225,142.7,97.9,0.482
58.06,32348.4,35726.1,1.8752,1.7894,142.7,97.9,0.482
58.08,32344.5,35812.2,1.8545,2.0014,142.7,97.9,0.482
58.1,32258.4,35643.9,1.3919,1.587,142.7,97.9,0.482
58.12,32188.0,35385.7,1.0141,0.9511,142.7,97.9,0.482
58.14,32122.4,35209.5,0.6616,0.5175,142.7,97.9,0.482
58.16,32114.0,35188.7,0.6168,0.4663,142.7,97.9,0.482
58.18,32112.7,35195.0,0.6098,0.4818,142.7,97.9,0.482
58.2,31990.5,35047.1,-0.0463,0.1176,142.7,97.9,0.482
58.22,31978.1,34975.5,-0.1129,-0.0588,142.7,97.9,0.482
58.24,31876.7,34935.0,-0.6578,-0.1585,142.7,97.9,0.482
58.26,31845.3,34821.2,-0.8264,-0.4387,142.7,97.9,0.482
58.28,31874.7,34674.2,-0.6682,-0.8006,142.7,97.9,0.482
58.3,31842.1,34715.5,-0.8436,-0.699,142.7,97.9,0.482
58.32,31827.0,34537.4,-0.9246,-1.1374,142.7,97.9,0.482
58.34,31842.9,34620.4,-0.8393,-0.9331,142.7,97.9,0.482
58.36,31797.3,34505.7,-1.0838,-1.2155,142.7,97.9,0.482
58.38,31740.4,34408.8,-1.3898,-1.4541,142.7,97.9,0.482
58.4,31626.3,34436.6,-2.0024,-1.3855,142.7,97.9,0.482
58.42,31912.8,34649.5,-0.4639,-0.8614,142.7,97.9,0.482
58.44,31995.0,35010.6,-0.0225,0.0276,142.7,97.9,0.482
58.46,32204.9,35368.5,1.1046,0.9089,142.7,97.9,0.482
58.48,32322.4,35608.5,1.736,1.4998,142.7,97.9,0.482
58.5,32405.3,35797.7,2.1811,1.9657,142.7,97.9,0.482
58.52,32375.8,35652.3,2.0227,1.6075,142.7,97.9,0.482
58.54,32198.5,35477.0,1.0704,1.1759,142.7,97.9,0.482
58.56,32096.6,35378.8,0.5232,0.9342,142.7,97.9,0.482
58.58,32057.7,35171.7,0.3145,0.4242,142.7,97.9,0.482
58.6,32009.7,35061.7,0.0565,0.1534,142.7,97.9,0.482
58.62,32005.9,35092.3,0.036,0.2287,142.7,97.9,0.482
58.64,32140.6,34913.9,0.7596,-0.2104,142.7,97.9,0.482
58.66,31957.1,34949.7,-0.2261,-0.1224,142.7,97.9,0.482
58.68,31820.1,34753.8,-0.9614,-0.6047,142.7,97.9,0.482
58.7,31789.7,34779.1,-1.1249,-0.5422,142.7,97.9,0.482
58.72,31846.5,34723.2,-0.8198,-0.68,142.7,97.9,0.482
58.74,31826.1,34635.4,-0.9294,-0.8961,142.7,97.9,0.482
58.76,31754.9,34578.7,-1.3119,-1.0357,142.7,97.9,0.482
58.78,31830.0,34488.3,-0.9085,-1.2582,142.7,97.9,0.482
58.8,31872.1,34462.6,-0.6821,-1.3215,142.7,97.9,0.482
58.82,31745.1,34472.0,-1.3644,-1.2984,142.7,97.9,0.482
58.84,31818.1,34633.9,-0.9726,-0.8998,142.7,97.9,0.482
58.86,31924.4,34885.2,-0.4014,-0.2811,142.7,97.9,0.482
58.88,32208.9,35238.6,1.126,0.5891,142.7,97.9,0.482
58.9,32285.6,35595.8,1.5383,1.4685,142.7,97.9,0.482
58.92,32339.2,35784.6,1.8257,1.9334,142.7,97.9,0.482
58.94,32231.7,35781.7,1.2486,1.9262,142.7,97.9,0.482
58.96,32169.8,35429.8,0.9164,1.0598,142.7,97.9,0.482
58.98,32236.3,35301.1,1.2736,0.7429,142.7,97.9,0.482
59.0,32074.3,35144.9,0.4035,0.3583,142.7,97.9,0.482
59.02,32049.6,35073.2,0.2708,0.1817,142.7,97.9,0.482
59.04,31925.3,35022.0,-0.3965,0.0556,142.7,97.9,0.482
59.06,31960.7,35010.5,-0.2066,0.0274,142.7,97.9,0.482
59.08,32007.3,34929.3,0.0434,-0.1725,142.7,97.9,0.482
59.1,31859.4,34792.0,-0.7505,-0.5105,142.7,97.9,0.482
59.12,31907.9,34679.1,-0.4899,-0.7886,142.7,97.9,0.482
59.14,31823.1,34656.9,-0.9454,-0.8431,142.7,97.9,0.482
59.16,31840.5,34715.8,-0.852,-0.6982,142.7,97.9,0.482
59.18,31830.7,34594.3,-0.9047,-0.9972,142.7,97.9,0.482
59.2,31761.4,34468.7,-1.2767,-1.3066,142.7,97.9,0.482
59.22,31792.6,34495.0,-1.1095,-1.2418,142.7,97.9,0.482
59.24,31790.3,34384.4,-1.1215,-1.5142,142.7,97.9,0.482
59.26,31894.4,34658.3,-0.5627,-0.8397,142.7,97.9,0.482
59.28,32027.9,34926.8,0.1545,-0.1786,142.7,97.9,0.482
59.3,32205.7,35379.4,1.1091,0.9357,142.7,97.9,0.482
59.32,32284.3,35560.8,1.531,1.3823,142.7,97.9,0.482
59.34,32246.6,35701.2,1.3287,1.7279,142.7,97.9,0.482
59.36,32321.4,35724.6,1.7305,1.7857,142.7,97.9,0.482
59.38,32198.8,35569.1,1.0722,1.4028,142.7,97.9,0.482
59.4,32166.7,35329.9,0.8994,0.8139,142.7,97.9,0.482
59.42,32130.6,35189.7,0.7059,0.4686,142.7,97.9,0.482
59.44,32126.3,35147.8,0.6826,0.3656,142.7,97.9,0.482
59.46,32124.1,35134.1,0.6708,0.3319,142.7,97.9,0.482
59.48,31958.1,34924.7,-0.2204,-0.1839,142.7,97.9,0.482
59.5,31968.1,34940.5,-0.1666,-0.1449,142.7,97.9,0.482
59.52,31904.2,34722.1,-0.5097,-0.6827,142.7,97.9,0.482
59.54,31860.8,34743.0,-0.7428,-0.6313,142.7,97.9,0.482
59.56,31896.3,34716.1,-0.5523,-0.6973,142.7,97.9,0.482
59.58,31829.6,34676.1,-0.9104,-0.796,142.7,97.9,0.482
59.6,31890.9,34566.7,-0.5813,-1.0652,142.7,97.9,0.482
59.62,31802.6,34548.0,-1.0553,-1.1113,142.7,97.9,0.482
59.64,31732.0,34580.0,-1.4344,-1.0324,142.7,97.9,0.482
59.66,31691.0,34414.2,-1.655,-1.4407,142.7,97.9,0.482
59.68,31760.5,34587.2,-1.2818,-1.0148,142.7,97.9,0.482
59.7,31966.4,35029.9,-0.1759,0.0753,142.7,97.9,0.482
59.72,32175.6,35295.6,0.9477,0.7295,142.7,97.9,0.482
59.74,32273.6,35536.3,1.4738,1.322,142.7,97.9,0.482
59.76,32379.1,35709.5,2.0404,1.7484,142.7,97.9,0.482
59.78,32296.0,35681.6,1.5942,1.6798,142.7,97.9,0.482
59.8,32195.5,35513.7,1.0545,1.2665,142.7,97.9,0.482
59.82,32113.5,35352.3,0.6139,0.8689,142.7,97.9,0.482
59.84,32146.8,35162.3,0.7925,0.4012,142.7,97.9,0.482
59.86,32116.1,35119.0,0.628,0.2944,142.7,97.9,0.482
59.88,32014.7,35020.0,0.0836,0.0507,142.7,97.9,0.482
59.9,31943.6,34937.8,-0.2985,-0.1516,142.7,97.9,0.482
59.92,31929.0,34823.5,-0.3767,-0.433,142.7,97.9,0.482
59.94,31853.3,34758.2,-0.7831,-0.5937,142.7,97.9,0.482
59.96,31937.0,34731.8,-0.3337,-0.6589,142.7,97.9,0.482
59.98,31786.1,34568.7,-1.1441,-1.0603,142.7,97.9,0.482
60.0,31900.5,34733.8,-0.5298,-0.6538,142.7,97.9,0.482
60.02,31880.6,34521.8,-0.6365,-1.1759,142.7,97.9,0.482
60.04,31825.3,34574.8,-0.9339,-1.0454,142.7,97.9,0.482
60.06,31723.7,34461.0,-1.4792,-1.3254,142.7,97.9,0.482
60.08,31701.1,34452.6,-1.6005,-1.3461,142.7,97.9,0.482
60.1,31859.4,34654.9,-0.7503,-0.8482,142.7,97.9,0.482
60.12,31948.3,34966.0,-0.2731,-0.0822,142.7,97.9,0.482
60.14,32147.7,35280.4,0.7975,0.692,142.7,97.9,0.482
60.16,32197.2,35633.1,1.0635,1.5602,142.7,97.9,0.482
60.18,32331.4,35766.5,1.784,1.8887,142.7,97.9,0.482
60.2,32289.8,35656.2,1.5607,1.6172,142.7,97.9,0.482
60.22,32231.7,35448.4,1.2487,1.1056,142.7,97.9,0.482
60.24,32080.0,35357.3,0.4339,0.8813,142.7,97.9,0.482
60.26,32107.8,35166.8,0.5836,0.4124,142.7,97.9,0.482
60.28,31988.1,35136.5,-0.0594,0.3376,142.7,97.9,0.482
60.3,32112.0,35025.2,0.6061,0.0636,142.7,97.9,0.482
60.32,31988.3,35087.1,-0.0582,0.2159,142.7,97.9,0.482
60.34,31887.8,34914.5,-0.5979,-0.2088,142.7,97.9,0.482
60.36,31963.3,34759.3,-0.1925,-0.591,142.7,97.9,0.482
60.38,31814.1,34697.7,-0.994,-0.7428,142.7,97.9,0.482
60.4,31842.6,34628.4,-0.8405,-0.9134,142.7,97.9,0.482
60.42,31909.6,34658.3,-0.4811,-0.8397,142.7,97.9,0.482
60.44,31869.0,34660.1,-0.6987,-0.8354,142.7,97.9,0.482
60.46,31721.2,34490.2,-1.4928,-1.2537,142.7,97.9,0.482
60.48,31853.5,34483.4,-0.7822,-1.2703,142.7,97.9,0.482
60.5,31822.4,34479.7,-0.9494,-1.2796,142.7,97.9,0.482
60.52,31843.9,34556.2,-0.834,-1.0912,142.7,97.9,0.482
60.54,31947.0,34953.0,-0.2804,-0.1142,142.7,97.9,0.482
60.56,32133.9,35355.6,0.7236,0.8771,142.7,97.9,0.482
60.58,32356.2,35594.6,1.917,1.4656,142.7,97.9,0.482
60.6,32307.8,35815.8,1.6573,2.0102,142.7,97.9,0.482
60.62,32394.2,35742.6,2.1216,1.8298,142.7,97.9,0.482
60.64,32208.2,35549.8,1.1223,1.3552,142.7,97.9,0.482
60.66,32281.4,35298.9,1.5157,0.7375,142.7,97.9,0.482
60.68,32100.9,35259.3,0.5464,0.6401,142.7,97.9,0.482
60.7,32001.7,35261.8,0.0138,0.6461,142.7,97.9,0.482
60.72,32030.8,35024.0,0.1701,0.0607,142.7,97.9,0.482
60.74,31983.5,35054.4,-0.0838,0.1355,142.7,97.9,0.482
60.76,31964.6,34894.0,-0.1857,-0.2594,142.7,97.9,0.482
60.78,31951.3,34846.0,-0.2568,-0.3777,142.7,97.9,0.482
60.8,31898.4,34670.1,-0.5411,-0.8108,142.7,97.9,0.482
60.82,31803.9,34728.8,-1.0488,-0.6662,142.7,97.9,0.482
60.84,31922.2,34658.1,-0.4132,-0.8401,142.7,97.9,0.482
60.86,31829.1,34603.5,-0.9131,-0.9748,142.7,97.9,0.482
60.88,31787.2,34575.6,-1.1385,-1.0433,142.7,97.9,0.482
60.9,31711.6,34412.0,-1.5442,-1.4461,142.7,97.9,0.482
60.92,31741.9,34484.9,-1.3815,-1.2666,142.7,97.9,0.482
60.94,31821.2,34713.0,-0.9554,-0.705,142.7,97.9,0.482
60.96,31969.1,34911.2,-0.1613,-0.217,142.7,97.9,0.482
60.98,32120.9,35274.6,0.6535,0.6777,142.7,97.9,0.482
61.0,32209.9,35554.9,1.1318,1.3679,142.7,97.9,0.482
61.02,32317.4,35746.8,1.7091,1.8403,142.7,97.9,0.482
61.04,32244.9,35672.4,1.3198,1.6571,142.7,97.9,0.482
61.06,32322.6,35520.8,1.7366,1.2838,142.7,97.9,0.482
61.08,32134.8,35330.3,0.7286,0.8148,142.7,97.9,0.482
61.1,32056.5,35254.6,0.3078,0.6283,142.7,97.9,0.482
61.12,32110.7,35109.7,0.5987,0.2717,142.7,97.9,0.482
61.14,32115.9,35114.4,0.627,0.2832,142.7,97.9,0.482
61.16,32001.6,35002.6,0.013,0.0081,142.7,97.9,0.482
61.18,31872.8,35002.9,-0.6784,0.0088,142.7,97.9,0.482
61.2,31869.0,34690.0,-0.6987,-0.7616,142.7,97.9,0.482
61.22,31905.0,34705.3,-0.5056,-0.724,142.7,97.9,0.482
61.24,31889.7,34670.0,-0.5878,-0.8109,142.7,97.9,0.482
61.26,31793.3,34699.9,-1.1052,-0.7373,142.7,97.9,0.482
61.28,31850.0,34619.1,-0.8009,-0.9362,142.7,97.9,0.482
61.3,31817.1,34444.3,-0.9774,-1.3667,142.7,97.9,0.482
61.32,31773.9,34490.0,-1.2098,-1.2541,142.7,97.9,0.482
61.34,31730.7,34438.8,-1.4416,-1.3801,142.7,97.9,0.482
61.36,31923.5,34624.3,-0.4062,-0.9234,142.7,97.9,0.482
61.38,31913.5,34994.7,-0.4601,-0.0115,142.7,97.9,0.482
61.4,32114.7,35397.7,0.6206,0.9808,142.7,97.9,0.482
61.42,32287.5,35594.3,1.5484,1.4648,142.7,97.9,0.482
61.44,32310.1,35760.3,1.6697,1.8736,142.7,97.9,0.482
61.46,32280.2,35691.4,1.5094,1.7038,142.7,97.9,0.482
61.48,32232.8,35574.4,1.2545,1.4158,142.7,97.9,0.482
61.5,32181.8,35434.3,0.9808,1.071,142.7,97.9,0.482
61.52,32100.5,35186.5,0.5442,0.4608,142.7,97.9,0.482
61.54,32052.8,35137.3,0.2882,0.3395,142.7,97.9,0.482
61.56,31987.6,35108.6,-0.0622,0.2689,142.7,97.9,0.482
61.58,31960.9,34954.7,-0.2052,-0.11,142.7,97.9,0.482
61.6,31880.5,34987.1,-0.637,-0.0301,142.7,97.9,0.482
61.62,31864.6,34764.3,-0.7228,-0.5787,142.7,97.9,0.482
61.64,31822.4,34795.1,-0.9492,-0.5029,142.7,97.9,0.482
61.66,31892.3,34692.8,-0.5738,-0.7547,142.7,97.9,0.482
61.68,31890.1,34595.9,-0.5856,-0.9933,142.7,97.9,0.482
61.7,31954.1,34696.7,-0.2418,-0.7453,142.7,97.9,0.482
61.72,31841.3,34613.6,-0.8478,-0.9499,142.7,97.9,0.482
61.74,31830.1,34417.0,-0.9078,-1.4338,142.7,97.9,0.482
61.76,31752.3,34434.0,-1.3254,-1.392,142.7,97.9,0.482
61.78,31768.3,34569.0,-1.2399,-1.0597,142.7,97.9,0.482
61.8,32033.0,34926.6,0.1815,-0.179,142.7,97.9,0.482
61.82,32080.2,35302.8,0.4354,0.7471,142.7,97.9,0.482
61.84,32177.6,35568.2,0.958,1.4006,142.7,97.9,0.482
61.86,32393.9,35659.9,2.1196,1.6262,142.7,97.9,0.482
61.88,32372.0,35703.3,2.0023,1.7332,142.7,97.9,0.482
61.9,32208.8,35461.4,1.126,1.1375,142.7,97.9,0.482
61.92,32157.6,35321.8,0.851,0.7938,142.7,97.9,0.482
61.94,32123.7,35230.9,0.6687,0.5701,142.7,97.9,0.482
61.96,32053.1,35105.1,0.2897,0.2604,142.7,97.9,0.482
61.98,31951.7,35175.4,-0.2549,0.4335,142.7,97.9,0.482
62.0,31935.1,35012.8,-0.3438,0.0331,142.7,97.9,0.482
62.02,31986.9,34964.6,-0.066,-0.0855,142.7,97.9,0.482
62.04,31807.3,34828.1,-1.0302,-0.4218,142.7,97.9,0.482
62.06,31835.3,34611.0,-0.8801,-0.9562,142.7,97.9,0.482
62.08,31904.3,34664.1,-0.5093,-0.8254,142.7,97.9,0.482
62.1,31890.6,34704.8,-0.583,-0.7252,142.7,97.9,0.482
62.12,31814.7,34595.8,-0.9905,-0.9935,142.7,97.9,0.482
62.14,31799.7,34595.6,-1.0712,-0.9941,142.7,97.9,0.482
62.16,31737.7,34394.5,-1.4042,-1.4893,142.7,97.9,0.482
62.18,31734.9,34442.8,-1.419,-1.3704,142.7,97.9,0.482
62.2,31846.0,34632.1,-0.8225,-0.9041,142.7,97.9,0.482
62.22,31939.1,34890.8,-0.3223,-0.2673,142.7,97.9,0.482
62.24,32115.9,35208.0,0.6268,0.5137,142.7,97.9,0.482
62.26,32186.3,35633.0,1.0048,1.5601,142.7,97.9,0.482
62.28,32347.7,35742.6,1.8713,1.8299,142.7,97.9,0.482
62.3,32375.2,35754.7,2.0195,1.8598,142.7,97.9,0.482
62.32,32306.8,35614.2,1.6519,1.5137,142.7,97.9,0.482
62.34,32105.6,35374.1,0.5715,0.9227,142.7,97.9,0.482
62.36,32080.0,35181.9,0.434,0.4494,142.7,97.9,0.482
62.38,32028.3,35095.4,0.1564,0.2365,142.7,97.9,0.482
62.4,31991.0,35103.1,-0.0438,0.2553,142.7,97.9,0.482
62.42,31899.3,35048.7,-0.5363,0.1215,142.7,97.9,0.482
62.44,31886.2,34915.5,-0.6064,-0.2066,142.7,97.9,0.482
62.46,31954.8,34731.2,-0.2382,-0.6602,142.7,97.9,0.482
62.48,31929.6,34639.2,-0.3738,-0.8868,142.7,97.9,0.482
62.5,31761.1,34671.4,-1.2781,-0.8075,142.7,97.9,0.482
62.52,31833.8,34630.6,-0.8882,-0.908,142.7,97.9,0.482
62.54,31872.9,34602.0,-0.6778,-0.9784,142.7,97.9,0.482
62.56,31801.2,34520.9,-1.063,-1.1779,142.7,97.9,0.482
62.58,31757.1,34478.5,-1.3001,-1.2825,142.7,97.9,0.482
62.6,31772.8,34389.7,-1.2158,-1.5011,142.7,97.9,0.482
62.62,31719.6,34597.9,-1.5012,-0.9886,142.7,97.9,0.482
62.64,31898.2,34915.1,-0.5421,-0.2075,142.7,97.9,0.482
62.66,32176.9,35270.4,0.9543,0.6674,142.7,97.9,0.482
62.68,32246.0,35554.8,1.3258,1.3676,142.7,97.9,0.482
62.7,32218.5,35690.4,1.1778,1.7015,142.7,97.9,0.482
62.72,32246.1,35682.7,1.3262,1.6824,142.7,97.9,0.482
62.74,32226.7,35518.1,1.2219,1.2772,142.7,97.9,0.482
62.76,32219.9,35353.2,1.1851,0.8713,142.7,97.9,0.482
62.78,32055.9,35144.5,0.3047,0.3573,142.7,97.9,0.482
62.8,31979.8,35122.3,-0.1038,0.3027,142.7,97.9,0.482
62.82,31942.7,35155.9,-0.3031,0.3855,142.7,97.9,0.482
62.84,32024.4,35093.2,0.1358,0.2311,142.7,97.9,0.482
62.86,31881.6,34929.2,-0.6313,-0.1728,142.7,97.9,0.482
62.88,31854.0,34752.5,-0.7794,-0.6077,142.7,97.9,0.482
62.9,31923.6,34670.5,-0.4057,-0.8098,142.7,97.9,0.482
62.92,31923.2,34748.7,-0.4077,-0.617,142.7,97.9,0.482
62.94,31834.4,34632.2,-0.8845,-0.9041,142.7,97.9,0.482
62.96,31815.1,34733.2,-0.9885,-0.6553,142.7,97.9,0.482
62.98,31792.3,34570.4,-1.1109,-1.0562,142.7,97.9,0.482
63.0,31804.7,34422.0,-1.0445,-1.4215,142.7,97.9,0.482
63.02,31756.1,34474.9,-1.3053,-1.2912,142.7,97.9,0.482
63.04,31781.5,34622.0,-1.169,-0.9292,142.7,97.9,0.482
63.06,31998.7,34905.1,-0.0025,-0.232,142.7,97.9,0.482
63.08,32173.8,35242.3,0.9378,0.5981,142.7,97.9,0.482
63.1,32258.8,35503.3,1.3945,1.2407,142.7,97.9,0.482
63.12,32324.7,35736.5,1.748,1.8149,142.7,97.9,0.482
63.14,32332.1,35707.2,1.7878,1.7427,142.7,97.9,0.482
63.16,32243.1,35625.3,1.3097,1.5412,142.7,97.9,0.482
63.18,32190.1,35407.0,1.0252,1.0037,142.7,97.9,0.482
63.2,32080.4,35150.9,0.4364,0.373,142.7,97.9,0.482
63.22,32034.0,35211.8,0.187,0.5231,142.7,97.9,0.482
63.24,32013.6,35044.8,0.0775,0.1118,142.7,97.9,0.482
63.26,31994.8,35056.8,-0.0235,0.1414,142.7,97.9,0.482
63.28,32016.3,34878.9,0.0923,-0.2966,142.7,97.9,0.482
63.3,32027.6,34806.8,0.1526,-0.4742,142.7,97.9,0.482
63.32,31864.6,34670.8,-0.7228,-0.8089,142.7,97.9,0.482
63.34,31832.5,34686.9,-0.8949,-0.7693,142.7,97.9,0.482
63.36,31902.7,34650.1,-0.5179,-0.8599,142.7,97.9,0.482
63.38,31870.4,34634.9,-0.6912,-0.8974,142.7,97.9,0.482
63.4,31763.0,34423.3,-1.2681,-1.4184,142.7,97.9,0.482
63.42,31676.6,34501.7,-1.7324,-1.2253,142.7,97.9,0.482
63.44,31782.3,34498.8,-1.1644,-1.2326,142.7,97.9,0.482
63.46,31784.8,34566.5,-1.1514,-1.0658,142.7,97.9,0.482
63.48,31890.2,34862.9,-0.5852,-0.3361,142.7,97.9,0.482
63.5,32161.1,35219.0,0.8697,0.5408,142.7,97.9,0.482
63.52,32218.9,35505.2,1.1802,1.2453,142.7,97.9,0.482
63.54,32305.4,35680.8,1.6445,1.6778,142.7,97.9,0.482
63.56,32330.3,35859.2,1.7784,2.117,142.7,97.9,0.482
63.58,32282.4,35625.8,1.5211,1.5424,142.7,97.9,0.482
63.6,32077.1,35476.9,0.4187,1.1757,142.7,97.9,0.482
63.62,32061.3,35251.6,0.3335,0.621,142.7,97.9,0.482
63.64,32121.1,35158.2,0.6546,0.3912,142.7,97.9,0.482
63.66,32150.4,35067.3,0.812,0.1674,142.7,97.9,0.482
63.68,31977.0,34981.4,-0.119,-0.0444,142.7,97.9,0.482
63.7,31889.0,34969.4,-0.5918,-0.0737,142.7,97.9,0.482
63.72,31919.2,34808.6,-0.4294,-0.4696,142.7,97.9,0.482
63.74,31874.2,34629.4,-0.6711,-0.9109,142.7,97.9,0.482
63.76,31925.7,34724.6,-0.3947,-0.6765,142.7,97.9,0.482
63.78,31877.4,34682.2,-0.6539,-0.781,142.7,97.9,0.482
63.8,31917.2,34563.1,-0.4404,-1.0742,142.7,97.9,0.482
63.82,31722.2,34516.8,-1.487,-1.1881,142.7,97.9,0.482
63.84,31826.4,34405.6,-0.9275,-1.4618,142.7,97.9,0.482
63.86,31669.3,34497.9,-1.7716,-1.2346,142.7,97.9,0.482
63.88,31743.9,34595.3,-1.3705,-0.9948,142.7,97.9,0.482
63.9,31916.2,34817.0,-0.4454,-0.4491,142.7,97.9,0.482
63.92,32113.9,35257.0,0.6164,0.6344,142.7,97.9,0.482
63.94,32322.6,35526.4,1.737,1.2976,142.7,97.9,0.482
63.96,32285.3,35705.6,1.5366,1.7388,142.7,97.9,0.482
63.98,32301.7,35691.4,1.6248,1.7038,142.7,97.9,0.482
64.0,32248.8,35656.2,1.3404,1.6172,142.7,97.9,0.482
64.02,32138.0,35285.0,0.7453,0.7033,142.7,97.9,0.482
64.04,32101.1,35118.8,0.5475,0.2942,142.7,97.9,0.482
64.06,32039.6,35134.1,0.2174,0.3316,142.7,97.9,0.482
64.08,32017.2,35078.7,0.0971,0.1953,142.7,97.9,0.482
64.1,32040.1,35076.3,0.22,0.1893,142.7,97.9,0.482
64.12,31912.5,34916.2,-0.4653,-0.2048,142.7,97.9,0.482
64.14,31931.4,34824.8,-0.3637,-0.4297,142.7,97.9,0.482
64.16,31966.2,34788.1,-0.177,-0.5202,142.7,97.9,0.482
64.18,31817.6,34616.3,-0.9751,-0.9431,142.7,97.9,0.482
64.2,31787.1,34696.1,-1.1388,-0.7466,142.7,97.9,0.482
64.22,31812.9,34625.7,-1.0004,-0.9201,142.7,97.9,0.482
64.24,31756.4,34574.0,-1.3036,-1.0473,142.7,97.9,0.482
64.26,31772.8,34466.2,-1.2155,-1.3126,142.7,97.9,0.482
64.28,31784.3,34426.5,-1.1537,-1.4103,142.7,97.9,0.482
64.3,31773.8,34519.4,-1.2104,-1.1818,142.7,97.9,0.482
64.32,31933.4,34876.3,-0.353,-0.3031,142.7,97.9,0.482
64.34,32062.8,35091.7,0.3415,0.2273,142.7,97.9,0.482
64.36,32206.6,35547.4,1.1137,1.3494,142.7,97.9,0.482
64.38,32322.8,35719.6,1.7379,1.7734,142.7,97.9,0.482
64.4,32393.4,35757.3,2.1168,1.8662,142.7,97.9,0.482
64.42,32316.3,35555.0,1.7032,1.3682,142.7,97.9,0.482
64.44,32205.6,35369.6,1.1086,0.9115,142.7,97.9,0.482
64.46,31981.6,35148.9,-0.0945,0.3682,142.7,97.9,0.482
64.48,31974.4,35211.2,-0.1327,0.5215,142.7,97.9,0.482
64.5,32166.1,34962.6,0.8962,-0.0905,142.7,97.9,0.482
64.52,32028.4,35043.3,0.157,0.1081,142.7,97.9,0.482
64.54,32006.5,35015.6,0.0396,0.0401,142.7,97.9,0.482
64.56,31963.5,34830.9,-0.1916,-0.4148,142.7,97.9,0.482
64.58,31821.1,34716.4,-0.9562,-0.6967,142.7,97.9,0.482
64.6,31866.2,34618.4,-0.7138,-0.938,142.7,97.9,0.482
64.62,31835.9,34619.7,-0.8765,-0.9348,142.7,97.9,0.482
64.64,31793.3,34646.6,-1.1053,-0.8686,142.7,97.9,0.482
64.66,31766.8,34517.8,-1.2479,-1.1856,142.7,97.9,0.482
64.68,31855.8,34489.0,-0.7699,-1.2566,142.7,97.9,0.482
64.7,31713.4,34444.0,-1.5346,-1.3675,142.7,97.9,0.482
64.72,31885.1,34624.3,-0.6128,-0.9235,142.7,97.9,0.482
64.74,31891.4,34839.2,-0.5785,-0.3944,142.7,97.9,0.482
64.76,32072.5,35279.5,0.3937,0.6898,142.7,97.9,0.482
64.78,32195.6,35589.6,1.0548,1.4533,142.7,97.9,0.482
64.8,32318.4,35738.3,1.7143,1.8194,142.7,97.9,0.482
64.82,32366.8,35742.2,1.9744,1.829,142.7,97.9,0.482
64.84,32317.0,35587.9,1.7065,1.4489,142.7,97.9,0.482
64.86,32130.8,35320.8,0.7066,0.7915,142.7,97.9,0.482
64.88,32018.4,35209.4,0.1032,0.5172,142.7,97.9,0.482
64.9,32061.6,35113.3,0.3353,0.2806,142.7,97.9,0.482
64.92,31998.6,35098.0,-0.0032,0.2428,142.7,97.9,0.482
64.94,31960.0,35094.8,-0.2103,0.2349,142.7,97.9,0.482
64.96,31961.4,34847.4,-0.2026,-0.3742,142.7,97.9,0.482
64.98,31989.6,34751.7,-0.0514,-0.6099,142.7,97.9,0.482
65.0,31888.0,34718.9,-0.5967,-0.6905,142.7,97.9,0.482
65.02,31885.7,34693.4,-0.6092,-0.7534,142.7,97.9,0.482
65.04,31854.6,34672.2,-0.7765,-0.8056,142.7,97.9,0.482
65.06,31821.4,34596.8,-0.9547,-0.9911,142.7,97.9,0.482
65.08,31766.9,34636.1,-1.247,-0.8944,142.7,97.9,0.482
65.1,31726.2,34469.5,-1.4659,-1.3047,142.7,97.9,0.482
65.12,31770.8,34503.0,-1.2262,-1.2221,142.7,97.9,0.482
65.14,31852.1,34577.9,-0.7894,-1.0377,142.7,97.9,0.482
65.16,31945.4,34819.2,-0.2886,-0.4436,142.7,97.9,0.482
65.18,32131.8,35160.8,0.712,0.3976,142.7,97.9,0.482
65.2,32292.9,35548.1,1.5776,1.3511,142.7,97.9,0.482
65.22,32342.9,35787.8,1.8456,1.9412,142.7,97.9,0.482
65.24,32202.8,35756.0,1.0933,1.863,142.7,97.9,0.482
65.26,32323.7,35543.4,1.7428,1.3395,142.7,97.9,0.482
65.28,32104.4,35267.2,0.5649,0.6594,142.7,97.9,0.482
65.3,32120.7,35178.8,0.6528,0.4418,142.7,97.9,0.482
65.32,32031.3,35141.2,0.1727,0.3492,142.7,97.9,0.482
65.34,32008.2,35123.3,0.0488,0.3052,142.7,97.9,0.482
65.36,32069.6,34985.5,0.3781,-0.0342,142.7,97.9,0.482
65.38,32081.4,34923.8,0.4416,-0.186,142.7,97.9,0.482
65.4,31943.5,34844.2,-0.2988,-0.3819,142.7,97.9,0.482
65.42,31911.2,34744.0,-0.4725,-0.6288,142.7,97.9,0.482
65.44,31897.7,34610.2,-0.5447,-0.9581,142.7,97.9,0.482
65.46,31782.2,34613.8,-1.1651,-0.9492,142.7,97.9,0.482
65.48,31817.9,34592.0,-0.9735,-1.0029,142.7,97.9,0.482
65.5,31825.5,34535.7,-0.9323,-1.1415,142.7,97.9,0.482
65.52,31778.8,34503.9,-1.1834,-1.2199,142.7,97.9,0.482
65.54,31725.7,34419.1,-1.4686,-1.4287,142.7,97.9,0.482
65.56,31838.4,34445.3,-0.8633,-1.3641,142.7,97.9,0.482
65.58,31961.4,34900.1,-0.2029,-0.2445,142.7,97.9,0.482
65.6,32122.0,35125.5,0.6598,0.3106,142.7,97.9,0.482
65.62,32248.1,35566.0,1.3367,1.3952,142.7,97.9,0.482
65.64,32341.2,35766.4,1.8366,1.8886,142.7,97.9,0.482
65.66,32292.1,35679.3,1.573,1.674,142.7,97.9,0.482
65.68,32310.5,35654.7,1.6717,1.6136,142.7,97.9,0.482
65.7,32115.4,35430.6,0.6241,1.0616,142.7,97.9,0.482
65.72,32056.8,35349.1,0.3093,0.8611,142.7,97.9,0.482
65.74,32051.9,35054.2,0.2831,0.135,142.7,97.9,0.482
65.76,32120.1,34968.9,0.6497,-0.0751,142.7,97.9,0.482
65.78,31985.3,35021.3,-0.0745,0.0541,142.7,97.9,0.482
65.8,31909.0,34896.3,-0.4842,-0.2537,142.7,97.9,0.482
65.82,31965.6,34809.7,-0.1804,-0.467,142.7,97.9,0.482
65.84,31979.9,34651.6,-0.1036,-0.8563,142.7,97.9,0.482
65.86,31802.3,34622.4,-1.0571,-0.9282,142.7,97.9,0.482
65.88,31794.9,34762.8,-1.0968,-0.5825,142.7,97.9,0.482
65.9,31916.0,34627.3,-0.4467,-0.9161,142.7,97.9,0.482
65.92,31802.3,34545.0,-1.0572,-1.1186,142.7,97.9,0.482
65.94,31753.6,34571.5,-1.3189,-1.0535,142.7,97.9,0.482
65.96,31629.7,34424.0,-1.9839,-1.4165,142.7,97.9,0.482
65.98,31754.2,34572.0,-1.3152,-1.0523,142.7,97.9,0.482
66.0,31851.1,34911.5,-0.7953,-0.2163,142.7,97.9,0.482
66.02,32087.3,35167.0,0.4735,0.4126,142.7,97.9,0.482
66.04,32301.3,35627.0,1.6224,1.5453,142.7,97.9,0.482
66.06,32283.4,35803.7,1.5264,1.9804,142.7,97.9,0.482
66.08,32400.3,35806.8,2.1539,1.9881,142.7,97.9,0.482
66.1,32182.3,35675.6,0.9836,1.6649,142.7,97.9,0.482
66.12,32227.2,35438.9,1.2246,1.0821,142.7,97.9,0.482
66.14,32116.1,35172.5,0.6282,0.4264,142.7,97.9,0.482
66.16,32097.2,35194.3,0.5267,0.4798,142.7,97.9,0.482
66.18,32016.8,35046.5,0.095,0.116,142.7,97.9,0.482
66.2,32022.4,35035.4,0.1248,0.0888,142.7,97.9,0.482
66.22,31984.9,34972.7,-0.0768,-0.0656,142.7,97.9,0.482
66.24,31824.3,34785.4,-0.9392,-0.5268,142.7,97.9,0.482
66.26,31944.2,34780.4,-0.2953,-0.5392,142.7,97.9,0.482
66.28,31858.3,34631.5,-0.7564,-0.9057,142.7,97.9,0.482
66.3,31893.9,34729.8,-0.5653,-0.6637,142.7,97.9,0.482
66.32,31911.2,34663.9,-0.4725,-0.8259,142.7,97.9,0.482
66.34,31892.0,34606.3,-0.5754,-0.9676,142.7,97.9,0.482
66.36,31806.8,34414.3,-1.0327,-1.4405,142.7,97.9,0.482
66.38,31807.0,34441.0,-1.0317,-1.3748,142.7,97.9,0.482
66.4,31847.3,34571.1,-0.8158,-1.0544,142.7,97.9,0.482
66.42,31963.7,34811.9,-0.1902,-0.4615,142.7,97.9,0.482
66.44,32027.7,35075.9,0.1535,0.1885,142.7,97.9,0.482
66.46,32258.2,35433.6,1.3909,1.0691,142.7,97.9,0.482
66.48,32345.8,35700.3,1.8614,1.7259,142.7,97.9,0.482
66.5,32419.5,35820.9,2.2573,2.0226,142.7,97.9,0.482
66.52,32261.0,35715.9,1.4061,1.7642,142.7,97.9,0.482
66.54,32214.6,35454.7,1.1566,1.1211,142.7,97.9,0.482
66.56,32171.9,35296.0,0.9277,0.7304,142.7,97.9,0.482
66.58,31938.1,35181.6,-0.3277,0.4488,142.7,97.9,0.482
66.6,32043.5,35030.4,0.2383,0.0765,142.7,97.9,0.482
66.62,32008.2,35034.2,0.0484,0.0858,142.7,97.9,0.482
66.64,31889.2,34941.8,-0.5907,-0.1417,142.7,97.9,0.482
66.66,31960.4,34879.1,-0.2082,-0.2961,142.7,97.9,0.482
66.68,31882.3,34751.6,-0.6275,-0.61,142.7,97.9,0.482
66.7,31911.4,34662.2,-0.471,-0.8302,142.7,97.9,0.482
66.72,31915.6,34719.7,-0.4487,-0.6885,142.7,97.9,0.482
66.74,31862.1,34622.5,-0.736,-0.9279,142.7,97.9,0.482
66.76,31755.1,34558.9,-1.3105,-1.0844,142.7,97.9,0.482
66.78,31828.9,34578.3,-0.9142,-1.0368,142.7,97.9,0.482
66.8,31758.0,34408.8,-1.295,-1.4539,142.7,97.9,0.482
66.82,31763.7,34561.8,-1.2644,-1.0774,142.7,97.9,0.482
66.84,31934.9,34723.3,-0.3449,-0.6797,142.7,97.9,0.482
66.86,32133.9,35216.5,0.7234,0.5346,142.7,97.9,0.482
66.88,32170.6,35491.6,0.9206,1.212,142.7,97.9,0.482
66.9,32263.5,35689.5,1.4195,1.6993,142.7,97.9,0.482
66.92,32331.0,35800.3,1.7821,1.9721,142.7,97.9,0.482
66.94,32272.7,35566.7,1.4688,1.3968,142.7,97.9,0.482
66.96,32164.5,35315.8,0.888,0.7791,142.7,97.9,0.482
66.98,32066.3,35276.3,0.3607,0.6819,142.7,97.9,0.482
67.0,32083.9,35148.6,0.4548,0.3674,142.7,97.9,0.482
67.02,32061.6,35111.5,0.3352,0.276,142.7,97.9,0.482
67.04,32077.5,35042.3,0.4205,0.1057,142.7,97.9,0.482
67.06,31981.7,34836.8,-0.0936,-0.4003,142.7,97.9,0.482
67.08,32001.0,34938.8,0.0097,-0.1491,142.7,97.9,0.482
67.1,31807.3,34780.0,-1.03,-0.5401,142.7,97.9,0.482
67.12,31883.5,34644.0,-0.6211,-0.875,142.7,97.9,0.482
67.14,31804.6,34742.2,-1.0446,-0.6331,142.7,97.9,0.482
67.16,31840.0,34636.3,-0.8548,-0.894,142.7,97.9,0.482
67.18,31806.6,34568.4,-1.0341,-1.061,142.7,97.9,0.482
67.2,31783.9,34474.3,-1.1559,-1.2929,142.7,97.9,0.482
67.22,31819.5,34450.9,-0.9648,-1.3503,142.7,97.9,0.482
67.24,31858.4,34532.8,-0.756,-1.1486,142.7,97.9,0.482
67.26,31974.1,34813.2,-0.1345,-0.4584,142.7,97.9,0.482
67.28,32054.2,35179.9,0.2955,0.4446,142.7,97.9,0.482
67.3,32336.7,35468.5,1.8124,1.1551,142.7,97.9,0.482
67.32,32277.6,35682.0,1.4954,1.6808,142.7,97.9,0.482
67.34,32340.8,35694.4,1.8348,1.7113,142.7,97.9,0.482
67.36,32356.2,35646.6,1.9172,1.5935,142.7,97.9,0.482
67.38,32134.3,35328.1,0.7255,0.8094,142.7,97.9,0.482
67.4,32104.4,35295.6,0.5652,0.7294,142.7,97.9,0.482
67.42,32121.2,35073.0,0.6555,0.1812,142.7,97.9,0.482
67.44,32004.4,35070.2,0.0282,0.1744,142.7,97.9,0.482
67.46,32042.8,34979.5,0.2341,-0.049,142.7,97.9,0.482
67.48,31908.0,34929.5,-0.4893,-0.1719,142.7,97.9,0.482
67.5,32002.3,34775.7,0.0169,-0.5508,142.7,97.9,0.482
67.52,31843.7,34778.8,-0.8346,-0.543,142.7,97.9,0.482
67.54,31842.0,34578.6,-0.8438,-1.0361,142.7,97.9,0.482
67.56,31807.2,34632.2,-1.0306,-0.9041,142.7,97.9,0.482
67.58,31829.8,34604.3,-0.9094,-0.9727,142.7,97.9,0.482
67.6,31781.2,34654.2,-1.1706,-0.8498,142.7,97.9,0.482
67.62,31763.9,34478.2,-1.2634,-1.2831,142.7,97.9,0.482
67.64,31753.9,34438.4,-1.3172,-1.3811,142.7,97.9,0.482
67.66,31744.2,34545.7,-1.3693,-1.117,142.7,97.9,0.482
67.68,31947.2,34766.1,-0.2789,-0.5744,142.7,97.9,0.482
67.7,32084.2,35141.2,0.4566,0.3491,142.7,97.9,0.482
67.72,32283.2,35497.1,1.525,1.2255,142.7,97.9,0.482
67.74,32433.9,35729.1,2.3346,1.7967,142.7,97.9,0.482
67.76,32285.6,35711.6,1.5379,1.7536,142.7,97.9,0.482
67.78,32370.9,35580.0,1.996,1.4295,142.7,97.9,0.482
67.8,32225.8,35444.2,1.217,1.0951,142.7,97.9,0.482
67.82,32072.8,35273.6,0.3953,0.6751,142.7,97.9,0.482
67.84,32129.9,35142.6,0.7022,0.3528,142.7,97.9,0.482
67.86,32047.8,35036.8,0.2613,0.0921,142.7,97.9,0.482
67.88,32001.4,35082.4,0.0122,0.2044,142.7,97.9,0.482
67.9,31947.2,34908.1,-0.2791,-0.2246,142.7,97.9,0.482
67.92,31929.8,34720.9,-0.3725,-0.6855,142.7,97.9,0.482
67.94,31922.6,34717.5,-0.4113,-0.6939,142.7,97.9,0.482
67.96,31814.3,34670.4,-0.9928,-0.81,142.7,97.9,0.482
67.98,31836.1,34631.3,-0.8758,-0.9063,142.7,97.9,0.482
68.0,31952.6,34666.4,-0.2499,-0.8198,142.7,97.9,0.482
68.02,31791.9,34617.6,-1.113,-0.94,142.7,97.9,0.482
68.04,31781.6,34567.1,-1.1681,-1.0642,142.7,97.9,0.482
68.06,31700.5,34465.1,-1.6037,-1.3155,142.7,97.9,0.482
68.08,31818.0,34658.2,-0.9727,-0.8401,142.7,97.9,0.482
68.1,31867.0,34770.3,-0.7095,-0.5639,142.7,97.9,0.482
68.12,32084.7,35129.5,0.4595,0.3205,142.7,97.9,0.482
68.14,32238.6,35581.8,1.2855,1.4341,142.7,97.9,0.482
68.16,32344.7,35731.6,1.8557,1.8027,142.7,97.9,0.482
68.18,32345.4,35784.0,1.8591,1.9318,142.7,97.9,0.482
68.2,32370.6,35591.8,1.9946,1.4585,142.7,97.9,0.482
68.22,32141.0,35336.9,0.7616,0.8311,142.7,97.9,0.482
68.24,32107.0,35191.7,0.5789,0.4736,142.7,97.9,0.482
68.26,32063.8,35089.5,0.3471,0.2219,142.7,97.9,0.482
68.28,32005.3,35069.8,0.033,0.1735,142.7,97.9,0.482
68.3,31991.8,35002.8,-0.0395,0.0086,142.7,97.9,0.482
68.32,31901.8,34872.2,-0.5229,-0.313,142.7,97.9,0.482
68.34,31910.9,34835.9,-0.4742,-0.4024,142.7,97.9,0.482
68.36,31835.1,34689.8,-0.8811,-0.7621,142.7,97.9,0.482
68.38,31866.4,34786.2,-0.7129,-0.5248,142.7,97.9,0.482
68.4,31860.4,34678.3,-0.745,-0.7906,142.7,97.9,0.482
68.42,31838.0,34557.5,-0.8656,-1.0879,142.7,97.9,0.482
68.44,31792.7,34541.2,-1.1085,-1.128,142.7,97.9,0.482
68.46,31760.6,34422.6,-1.281,-1.42,142.7,97.9,0.482
68.48,31770.5,34478.7,-1.2281,-1.2819,142.7,97.9,0.482
68.5,31875.1,34479.6,-0.6663,-1.2798,142.7,97.9,0.482
68.52,31879.6,34712.1,-0.6419,-0.7074,142.7,97.9,0.482
68.54,32039.7,35098.7,0.2175,0.2445,142.7,97.9,0.482
68.56,32163.0,35466.7,0.8799,1.1507,142.7,97.9,0.482
68.58,32341.3,35679.8,1.8371,1.6753,142.7,97.9,0.482
68.6,32392.6,35773.2,2.1126,1.9052,142.7,97.9,0.482
68.62,32248.9,35723.3,1.3411,1.7825,142.7,97.9,0.482
68.64,32334.0,35419.8,1.7982,1.0352,142.7,97.9,0.482
68.66,32163.8,35290.5,0.8843,0.7167,142.7,97.9,0.482
68.68,32003.2,35158.2,0.0217,0.3911,142.7,97.9,0.482
68.7,32063.4,35025.6,0.3451,0.0645,142.7,97.9,0.482
68.72,32079.5,35051.6,0.4315,0.1287,142.7,97.9,0.482
68.74,31993.2,34995.3,-0.0319,-0.0101,142.7,97.9,0.482
68.76,31916.8,34879.7,-0.4421,-0.2946,142.7,97.9,0.482
68.78,31976.7,34777.6,-0.1208,-0.546,142.7,97.9,0.482
68.8,31916.1,34691.9,-0.4461,-0.7571,142.7,97.9,0.482
68.82,31779.0,34668.5,-1.1821,-0.8146,142.7,97.9,0.482
68.84,31833.7,34708.0,-0.8883,-0.7173,142.7,97.9,0.482
68.86,31849.1,34579.5,-0.806,-1.0337,142.7,97.9,0.482
68.88,31760.1,34480.8,-1.2839,-1.2768,142.7,97.9,0.482
68.9,31725.4,34430.2,-1.4699,-1.4014,142.7,97.9,0.482
68.92,31649.4,34542.7,-1.8784,-1.1245,142.7,97.9,0.482
68.94,31870.3,34843.9,-0.6922,-0.3828,142.7,97.9,0.482
68.96,32153.8,35120.4,0.8303,0.298,142.7,97.9,0.482
68.98,32200.9,35435.2,1.0834,1.0731,142.7,97.9,0.482
69.0,32284.3,35769.4,1.5314,1.8958,142.7,97.9,0.482
69.02,32311.9,35772.1,1.6792,1.9025,142.7,97.9,0.482
69.04,32323.1,35760.9,1.7394,1.8749,142.7,97.9,0.482
69.06,32106.3,35397.9,0.5752,0.9813,142.7,97.9,0.482
69.08,32146.8,35173.8,0.793,0.4294,142.7,97.9,0.482
69.1,32054.7,35163.7,0.298,0.4047,142.7,97.9,0.482
69.12,32044.9,35137.4,0.2458,0.3399,142.7,97.9,0.482
69.14,32003.4,34975.1,0.0226,-0.0598,142.7,97.9,0.482
69.16,31993.1,34907.6,-0.0325,-0.226,142.7,97.9,0.482
69.18,31937.6,34892.8,-0.3304,-0.2623,142.7,97.9,0.482
69.2,31820.0,34782.5,-0.9621,-0.534,142.7,97.9,0.482
69.22,31777.4,34652.8,-1.1907,-0.8534,142.7,97.9,0.482
69.24,31931.8,34673.8,-0.3617,-0.8016,142.7,97.9,0.482
69.26,31840.4,34603.4,-0.8526,-0.975,142.7,97.9,0.482
69.28,31793.9,34549.2,-1.1023,-1.1084,142.7,97.9,0.482
69.3,31771.8,34545.0,-1.2208,-1.1186,142.7,97.9,0.482
69.32,31819.5,34398.9,-0.965,-1.4784,142.7,97.9,0.482
69.34,31730.5,34484.3,-1.4429,-1.2681,142.7,97.9,0.482
69.36,31941.0,34821.5,-0.3122,-0.438,142.7,97.9,0.482
69.38,31977.0,35130.5,-0.1192,0.3229,142.7,97.9,0.482
69.4,32227.0,35484.1,1.2236,1.1934,142.7,97.9,0.482
69.42,32370.6,35744.8,1.9945,1.8353,142.7,97.9,0.482
69.44,32306.8,35747.5,1.6522,1.8419,142.7,97.9,0.482
69.46,32211.3,35673.1,1.1393,1.6587,142.7,97.9,0.482
69.48,32139.0,35342.9,0.7507,0.8457,142.7,97.9,0.482
69.5,32046.5,35214.9,0.2542,0.5306,142.7,97.9,0.482
69.52,32028.4,35189.7,0.1569,0.4687,142.7,97.9,0.482
69.54,32051.9,35067.0,0.283,0.1666,142.7,97.9,0.482
69.56,32063.4,35056.3,0.345,0.1403,142.7,97.9,0.482
69.58,31964.6,35008.5,-0.1857,0.0225,142.7,97.9,0.482
69.6,31902.5,34867.7,-0.5188,-0.3241,142.7,97.9,0.482
69.62,31831.3,34748.6,-0.9014,-0.6173,142.7,97.9,0.482
69.64,31826.4,34674.4,-0.9275,-0.8002,142.7,97.9,0.482
69.66,31909.9,34714.0,-0.4791,-0.7027,142.7,97.9,0.482
69.68,31821.9,34618.1,-0.9518,-0.9387,142.7,97.9,0.482
69.7,31727.7,34637.1,-1.4576,-0.8919,142.7,97.9,0.482
69.72,31715.5,34455.6,-1.5234,-1.3389,142.7,97.9,0.482
69.74,31722.2,34393.3,-1.4872,-1.4923,142.7,97.9,0.482
69.76,31770.3,34583.7,-1.2288,-1.0234,142.7,97.9,0.482
69.78,31845.0,34796.1,-0.8281,-0.5004,142.7,97.9,0.482
69.8,32014.5,35119.6,0.0825,0.296,142.7,97.9,0.482
69.82,32196.4,35412.4,1.0594,1.0171,142.7,97.9,0.482
69.84,32371.6,35741.5,2.0001,1.8272,142.7,97.9,0.482
69.86,32257.1,35653.8,1.3851,1.6112,142.7,97.9,0.482
69.88,32341.5,35671.4,1.8385,1.6545,142.7,97.9,0.482
69.9,32168.5,35447.8,0.9091,1.1042,142.7,97.9,0.482
69.92,32234.3,35226.7,1.2625,0.5598,142.7,97.9,0.482
69.94,32097.1,35108.3,0.5259,0.2683,142.7,97.9,0.482
69.96,32088.4,35021.9,0.4794,0.0554,142.7,97.9,0.482
69.98,32016.1,35041.2,0.091,0.103,142.7,97.9,0.482
70.0,31969.8,34955.0,-0.1578,-0.1093,142.7,97.9,0.482
70.02,31950.2,34852.6,-0.263,-0.3613,142.7,97.9,0.482
70.04,31939.7,34764.7,-0.3193,-0.5778,142.7,97.9,0.482
70.06,31848.8,34696.3,-0.8076,-0.7463,142.7,97.9,0.482
70.08,31941.7,34703.5,-0.3086,-0.7286,142.7,97.9,0.482
70.1,31891.6,34677.6,-0.5778,-0.7923,142.7,97.9,0.482
70.12,31817.9,34625.5,-0.9734,-0.9206,142.7,97.9,0.482
70.14,31740.8,34551.7,-1.3871,-1.1023,142.7,97.9,0.482
70.16,31625.9,34415.6,-2.0042,-1.4372,142.7,97.9,0.482
70.18,31719.2,34606.2,-1.5035,-0.9679,142.7,97.9,0.482
70.2,31916.1,34638.6,-0.4458,-0.8883,142.7,97.9,0.482
70.22,31969.1,35028.7,-0.1616,0.0722,142.7,97.9,0.482
70.24,32260.8,35459.8,1.4051,1.1337,142.7,97.9,0.482
70.26,32342.7,35705.3,1.8447,1.7381,142.7,97.9,0.482
70.28,32328.1,35712.0,1.7663,1.7546,142.7,97.9,0.482
70.3,32353.8,35629.9,1.9044,1.5525,142.7,97.9,0.482
70.32,32184.2,35493.6,0.9939,1.217,142.7,97.9,0.482
70.34,32226.3,35249.1,1.22,0.6149,142.7,97.9,0.482
70.36,32071.5,35184.3,0.3887,0.4554,142.7,97.9,0.482
70.38,31977.4,35084.7,-0.1171,0.2102,142.7,97.9,0.482
70.4,31923.5,35048.7,-0.4065,0.1214,142.7,97.9,0.482
70.42,31931.7,35006.6,-0.3625,0.0179,142.7,97.9,0.482
70.44,31870.2,34761.8,-0.6923,-0.5848,142.7,97.9,0.482
70.46,31908.7,34712.0,-0.4858,-0.7074,142.7,97.9,0.482
70.48,31911.4,34707.7,-0.4711,-0.7182,142.7,97.9,0.482
70.5,31885.0,34668.0,-0.6131,-0.8159,142.7,97.9,0.482
70.52,31729.4,34648.6,-1.4485,-0.8636,142.7,97.9,0.482
70.54,31849.6,34660.7,-0.803,-0.8337,142.7,97.9,0.482
70.56,31737.6,34494.2,-1.4048,-1.2438,142.7,97.9,0.482
70.58,31780.6,34414.6,-1.1739,-1.4397,142.7,97.9,0.482
70.6,31767.8,34524.6,-1.2424,-1.1689,142.7,97.9,0.482
70.62,31881.5,34746.4,-0.6319,-0.6228,142.7,97.9,0.482
70.64,32037.5,35012.6,0.206,0.0325,142.7,97.9,0.482
70.66,32185.9,35353.4,1.0029,0.8717,142.7,97.9,0.482
70.68,32307.4,35629.9,1.6549,1.5525,142.7,97.9,0.482
70.7,32328.0,35754.0,1.7656,1.8579,142.7,97.9,0.482
70.72,32332.3,35655.4,1.7889,1.6153,142.7,97.9,0.482
70.74,32147.8,35501.3,0.7981,1.2359,142.7,97.9,0.482
70.76,32177.6,35223.9,0.9582,0.5527,142.7,97.9,0.482
70.78,32117.4,35110.5,0.6351,0.2736,142.7,97.9,0.482
70.8,32156.1,35013.2,0.843,0.034,142.7,97.9,0.482
70.82,32040.3,35054.7,0.221,0.1363,142.7,97.9,0.482
70.84,31951.5,34977.1,-0.2557,-0.0549,142.7,97.9,0.482
70.86,31943.4,34901.7,-0.2992,-0.2403,142.7,97.9,0.482
70.88,31840.5,34828.6,-0.8521,-0.4205,142.7,97.9,0.482
70.9,31880.0,34632.9,-0.6397,-0.9024,142.7,97.9,0.482
70.92,31920.8,34690.4,-0.4206,-0.7607,142.7,97.9,0.482
70.94,31826.6,34622.2,-0.9267,-0.9286,142.7,97.9,0.482
70.96,31918.3,34606.1,-0.4342,-0.9681,142.7,97.9,0.482
70.98,31705.6,34466.9,-1.5762,-1.311,142.7,97.9,0.482
71.0,31714.4,34430.7,-1.529,-1.4001,142.7,97.9,0.482
71.02,31827.5,34525.3,-0.922,-1.1671,142.7,97.9,0.482
71.04,31914.2,34770.8,-0.4561,-0.5628,142.7,97.9,0.482
71.06,32028.3,35081.1,0.1563,0.2011,142.7,97.9,0.482
71.08,32175.7,35463.5,0.9478,1.1427,142.7,97.9,0.482
71.1,32250.6,35658.5,1.3504,1.6228,142.7,97.9,0.482
71.12,32266.2,35675.4,1.4339,1.6644,142.7,97.9,0.482
71.14,32307.6,35597.8,1.6564,1.4735,142.7,97.9,0.482
71.16,32182.2,35494.2,0.9828,1.2183,142.7,97.9,0.482
71.18,32223.9,35338.1,1.2067,0.8341,142.7,97.9,0.482
71.2,32049.7,35173.0,0.2715,0.4275,142.7,97.9,0.482
71.22,32206.1,35044.1,1.111,0.1102,142.7,97.9,0.482
71.24,32024.4,35045.5,0.1356,0.1137,142.7,97.9,0.482
71.26,31912.6,34992.9,-0.4646,-0.0158,142.7,97.9,0.482
71.28,31872.8,34834.9,-0.6783,-0.4049,142.7,97.9,0.482
71.3,31854.1,34809.6,-0.779,-0.4671,142.7,97.9,0.482
71.32,31809.5,34708.1,-1.0187,-0.717,142.7,97.9,0.482
71.34,31768.5,34683.2,-1.2387,-0.7785,142.7,97.9,0.482
71.36,31779.3,34635.9,-1.1805,-0.8948,142.7,97.9,0.482
71.38,31834.3,34597.8,-0.8851,-0.9888,142.7,97.9,0.482
71.4,31796.4,34482.4,-1.0889,-1.2729,142.7,97.9,0.482
71.42,31690.9,34476.5,-1.6552,-1.2872,142.7,97.9,0.482
71.44,31755.4,34547.3,-1.3091,-1.1129,142.7,97.9,0.482
71.46,31871.8,34766.6,-0.6838,-0.5732,142.7,97.9,0.482
71.48,32037.8,34998.0,0.2077,-0.0033,142.7,97.9,0.482
71.5,32203.3,35380.7,1.0959,0.939,142.7,97.9,0.482
71.52,32278.7,35698.1,1.5009,1.7205,142.7,97.9,0.482
71.54,32374.4,35755.1,2.015,1.8606,142.7,97.9,0.482
71.56,32205.1,35701.3,1.1061,1.7282,142.7,97.9,0.482
71.58,32208.6,35465.4,1.1247,1.1473,142.7,97.9,0.482
71.6,32150.4,35351.4,0.812,0.8668,142.7,97.9,0.482
71.62,32101.5,35141.4,0.5496,0.3496,142.7,97.9,0.482
71.64,32017.5,35081.2,0.0986,0.2016,142.7,97.9,0.482
71.66,32033.3,34957.8,0.1832,-0.1024,142.7,97.9,0.482
71.68,31933.7,34921.4,-0.3514,-0.192,142.7,97.9,0.482
71.7,31988.3,34755.7,-0.0586,-0.6,142.7,97.9,0.482
71.72,31885.3,34660.6,-0.6117,-0.8341,142.7,97.9,0.482
71.74,31799.1,34731.4,-1.0745,-0.6597,142.7,97.9,0.482
71.76,31824.3,34634.9,-0.9392,-0.8975,142.7,97.9,0.482
71.78,31882.8,34669.2,-0.625,-0.8129,142.7,97.9,0.482
71.8,31884.8,34565.6,-0.6139,-1.0681,142.7,97.9,0.482
71.82,31780.6,34481.4,-1.1735,-1.2753,142.7,97.9,0.482
71.84,31807.0,34466.2,-1.0318,-1.3127,142.7,97.9,0.482
71.86,31814.4,34507.0,-0.9921,-1.2123,142.7,97.9,0.482
71.88,31807.2,34741.3,-1.0306,-0.6353,142.7,97.9,0.482
71.9,32008.4,35076.4,0.0495,0.1897,142.7,97.9,0.482
71.92,32204.0,35378.3,1.1002,0.9329,142.7,97.9,0.482
71.94,32284.1,35619.7,1.5302,1.5274,142.7,97.9,0.482
71.96,32361.9,35782.5,1.9479,1.9283,142.7,97.9,0.482
71.98,32233.3,35648.7,1.2574,1.5988,142.7,97.9,0.482
72.0,32129.4,35478.9,0.6996,1.1807,142.7,97.9,0.482
72.02,32120.1,35283.4,0.6493,0.6992,142.7,97.9,0.482
72.04,32056.3,35178.1,0.3067,0.4401,142.7,97.9,0.482
72.06,31954.4,35055.4,-0.2401,0.1379,142.7,97.9,0.482
72.08,32061.4,34976.1,0.3343,-0.0573,142.7,97.9,0.482
72.1,32093.6,35013.5,0.5071,0.0349,142.7,97.9,0.482
72.12,31957.7,34878.6,-0.2227,-0.2972,142.7,97.9,0.482
72.14,31837.3,34751.1,-0.8691,-0.6111,142.7,97.9,0.482
72.16,31901.6,34624.2,-0.5237,-0.9236,142.7,97.9,0.482
72.18,31890.6,34636.5,-0.5829,-0.8935,142.7,97.9,0.482
72.2,31822.9,34642.8,-0.9465,-0.8779,142.7,97.9,0.482
72.22,31807.1,34590.6,-1.0311,-1.0065,142.7,97.9,0.482
72.24,31721.2,34611.7,-1.4928,-0.9546,142.7,97.9,0.482
72.26,31799.5,34390.4,-1.0721,-1.4994,142.7,97.9,0.482
72.28,31821.7,34539.0,-0.9529,-1.1336,142.7,97.9,0.482
72.3,31847.2,34727.1,-0.8162,-0.6704,142.7,97.9,0.482
72.32,32110.2,35061.0,0.5961,0.1518,142.7,97.9,0.482
72.34,32142.2,35415.2,0.7682,1.0238,142.7,97.9,0.482
72.36,32276.7,35680.6,1.4901,1.6772,142.7,97.9,0.482
72.38,32311.5,35726.3,1.6772,1.7898,142.7,97.9,0.482
72.4,32350.3,35719.7,1.8855,1.7735,142.7,97.9,0.482
72.42,32120.6,35516.0,0.652,1.2719,142.7,97.9,0.482
72.44,32169.4,35277.9,0.9143,0.6857,142.7,97.9,0.482
72.46,32087.9,35126.8,0.4767,0.3137,142.7,97.9,0.482
72.48,32073.7,35023.3,0.4005,0.0588,142.7,97.9,0.482
72.5,31973.7,35051.5,-0.1368,0.1283,142.7,97.9,0.482
72.52,32091.7,35007.4,0.4967,0.0198,142.7,97.9,0.482
72.54,32013.6,34836.5,0.0778,-0.401,142.7,97.9,0.482
72.56,31995.6,34773.1,-0.0192,-0.5572,142.7,97.9,0.482
72.58,31809.6,34763.6,-1.018,-0.5806,142.7,97.9,0.482
72.6,31808.6,34714.8,-1.0235,-0.7007,142.7,97.9,0.482
72.62,31777.3,34700.8,-1.1914,-0.735,142.7,97.9,0.482
72.64,31796.6,34528.9,-1.0875,-1.1583,142.7,97.9,0.482
72.66,31852.0,34556.1,-0.7903,-1.0914,142.7,97.9,0.482
72.68,31808.1,34435.3,-1.026,-1.3889,142.7,97.9,0.482
72.7,31723.2,34489.6,-1.4819,-1.2552,142.7,97.9,0.482
72.72,31926.4,34689.2,-0.3906,-0.7638,142.7,97.9,0.482
72.74,32045.6,34998.0,0.2494,-0.0035,142.7,97.9,0.482
72.76,32246.0,35409.6,1.3257,1.0101,142.7,97.9,0.482
72.78,32259.3,35607.7,1.3966,1.4977,142.7,97.9,0.482
72.8,32336.6,35726.1,1.8118,1.7894,142.7,97.9,0.482
72.82,32349.9,35673.7,1.8833,1.6603,142.7,97.9,0.482
72.84,32226.2,35421.4,1.2194,1.0392,142.7,97.9,0.482
72.86,32162.8,35375.4,0.8787,0.9259,142.7,97.9,0.482
72.88,32148.1,35033.0,0.7999,0.0828,142.7,97.9,0.482
72.9,31964.4,35082.8,-0.1865,0.2054,142.7,97.9,0.482
72.92,32065.0,35109.8,0.3538,0.2718,142.7,97.9,0.482
72.94,32025.3,34973.4,0.1403,-0.0639,142.7,97.9,0.482
72.96,31915.0,34839.6,-0.452,-0.3934,142.7,97.9,0.482
72.98,31965.6,34713.1,-0.1801,-0.7047,142.7,97.9,0.482
73.0,31855.3,34722.3,-0.7726,-0.6823,142.7,97.9,0.482
73.02,31788.9,34664.9,-1.1289,-0.8236,142.7,97.9,0.482
73.04,31835.0,34643.4,-0.8813,-0.8765,142.7,97.9,0.482
73.06,31857.9,34641.4,-0.7586,-0.8815,142.7,97.9,0.482
73.08,31727.5,34525.8,-1.459,-1.1659,142.7,97.9,0.482
73.1,31812.3,34527.5,-1.0036,-1.1617,142.7,97.9,0.482
73.12,31807.8,34476.4,-1.0277,-1.2876,142.7,97.9,0.482
73.14,31901.9,34636.8,-0.5221,-0.8927,142.7,97.9,0.482
73.16,31932.6,35100.0,-0.3574,0.2477,142.7,97.9,0.482
73.18,32196.4,35380.1,1.0589,0.9374,142.7,97.9,0.482
73.2,32286.5,35600.1,1.5428,1.4791,142.7,97.9,0.482
73.22,32242.1,35815.1,1.3046,2.0084,142.7,97.9,0.482
73.24,32276.8,35716.9,1.4909,1.7665,142.7,97.9,0.482
73.26,32192.9,35570.3,1.0405,1.4056,142.7,97.9,0.482
73.28,32129.7,35426.0,0.701,1.0505,142.7,97.9,0.482
73.3,32046.9,35261.6,0.2566,0.6456,142.7,97.9,0.482
73.32,32004.4,35043.9,0.0279,0.1097,142.7,97.9,0.482
73.34,31920.2,35059.5,-0.4242,0.1481,142.7,97.9,0.482
73.36,32001.1,35035.6,0.0103,0.0893,142.7,97.9,0.482
73.38,31836.8,34831.1,-0.8716,-0.4143,142.7,97.9,0.482
73.4,31917.1,34628.1,-0.4408,-0.9142,142.7,97.9,0.482
73.42,31841.6,34721.4,-0.8461,-0.6843,142.7,97.9,0.482
73.44,31851.0,34736.9,-0.7958,-0.6461,142.7,97.9,0.482
73.46,31770.9,34689.8,-1.2256,-0.7622,142.7,97.9,0.482
73.48,31866.4,34601.3,-0.713,-0.9801,142.7,97.9,0.482
73.5,31744.0,34501.1,-1.3704,-1.2267,142.7,97.9,0.482
73.52,31775.6,34474.0,-1.2007,-1.2936,142.7,97.9,0.482
73.54,31758.6,34359.2,-1.2916,-1.5762,142.7,97.9,0.482
73.56,31847.9,34682.3,-0.8124,-0.7807,142.7,97.9,0.482
73.58,32044.5,34996.3,0.2436,-0.0076,142.7,97.9,0.482
73.6,32252.2,35407.3,1.3586,1.0045,142.7,97.9,0.482
73.62,32399.4,35604.1,2.1491,1.489,142.7,97.9,0.482
73.64,32308.6,35776.7,1.6614,1.914,142.7,97.9,0.482
73.66,32336.9,35634.7,1.8136,1.5643,142.7,97.9,0.482
73.68,32215.4,35530.5,1.161,1.3077,142.7,97.9,0.482
73.7,32019.2,35280.4,0.1074,0.6919,142.7,97.9,0.482
73.72,32040.8,35185.1,0.2236,0.4574,142.7,97.9,0.482
73.74,32047.9,35078.5,0.2619,0.1948,142.7,97.9,0.482
73.76,32040.2,35133.3,0.2202,0.3299,142.7,97.9,0.482
73.78,31959.0,34966.3,-0.2154,-0.0814,142.7,97.9,0.482
73.8,31967.9,34883.5,-0.1679,-0.2852,142.7,97.9,0.482
73.82,31876.9,34835.7,-0.6568,-0.4029,142.7,97.9,0.482
73.84,31819.4,34627.3,-0.9652,-0.9162,142.7,97.9,0.482
73.86,31863.8,34651.6,-0.727,-0.8562,142.7,97.9,0.482
73.88,31845.5,34619.0,-0.8253,-0.9364,142.7,97.9,0.482
73.9,31796.9,34574.2,-1.086,-1.0469,142.7,97.9,0.482
73.92,31783.2,34609.8,-1.1599,-0.9591,142.7,97.9,0.482
73.94,31801.9,34520.5,-1.0591,-1.1791,142.7,97.9,0.482
73.96,31778.7,34484.6,-1.1839,-1.2674,142.7,97.9,0.482
73.98,31756.1,34684.4,-1.3051,-0.7756,142.7,97.9,0.482
74.0,31987.9,34879.2,-0.0603,-0.2959,142.7,97.9,0.482
74.02,32220.8,35426.9,1.1899,1.0528,142.7,97.9,0.482
74.04,32346.9,35598.0,1.8674,1.4739,142.7,97.9,0.482
74.06,32277.5,35879.8,1.4944,2.1678,142.7,97.9,0.482
74.08,32250.3,35671.7,1.3485,1.6554,142.7,97.9,0.482
74.1,32276.5,35498.0,1.4894,1.2276,142.7,97.9,0.482
74.12,32097.1,35260.7,0.5257,0.6434,142.7,97.9,0.482
74.14,32008.0,35200.1,0.0476,0.4943,142.7,97.9,0.482
74.16,32022.1,35067.3,0.123,0.1673,142.7,97.9,0.482
74.18,31935.8,35096.5,-0.3403,0.2393,142.7,97.9,0.482
74.2,31922.3,34972.7,-0.4128,-0.0657,142.7,97.9,0.482
74.22,31923.5,34884.0,-0.4065,-0.2841,142.7,97.9,0.482
74.24,31827.3,34645.2,-0.9229,-0.8719,142.7,97.9,0.482
74.26,31874.3,34684.3,-0.6703,-0.7758,142.7,97.9,0.482
74.28,31738.1,34665.5,-1.4021,-0.8221,142.7,97.9,0.482
74.3,31865.4,34582.4,-0.7184,-1.0266,142.7,97.9,0.482
74.32,31800.3,34670.6,-1.068,-0.8095,142.7,97.9,0.482
74.34,31750.3,34550.9,-1.3361,-1.1041,142.7,97.9,0.482
74.36,31889.4,34401.3,-0.5893,-1.4725,142.7,97.9,0.482
74.38,31735.9,34468.1,-1.4136,-1.308,142.7,97.9,0.482
74.4,31786.2,34643.5,-1.1438,-0.8763,142.7,97.9,0.482
74.42,32025.7,34969.8,0.1428,-0.0728,142.7,97.9,0.482
74.44,32103.8,35407.0,0.5617,1.0037,142.7,97.9,0.482
74.46,32299.2,35636.5,1.6109,1.5688,142.7,97.9,0.482
74.48,32280.9,35713.9,1.5129,1.7594,142.7,97.9,0.482
74.5,32234.8,35739.7,1.2654,1.8229,142.7,97.9,0.482
74.52,32254.4,35486.6,1.3707,1.1996,142.7,97.9,0.482
74.54,32172.4,35231.9,0.9303,0.5726,142.7,97.9,0.482
74.56,32084.5,35209.5,0.4582,0.5174,142.7,97.9,0.482
74.58,32157.1,35097.5,0.8483,0.2417,142.7,97.9,0.482
74.6,32046.4,35156.0,0.2538,0.3856,142.7,97.9,0.482
74.62,31952.2,35027.9,-0.2524,0.0702,142.7,97.9,0.482
74.64,31991.3,34846.6,-0.0422,-0.3761,142.7,97.9,0.482
74.66,31900.5,34718.3,-0.53,-0.692,142.7,97.9,0.482
74.68,31814.1,34630.8,-0.9937,-0.9075,142.7,97.9,0.482
74.7,31879.2,34681.6,-0.6441,-0.7824,142.7,97.9,0.482
74.72,31840.3,34696.5,-0.8531,-0.7457,142.7,97.9,0.482
74.74,31833.5,34614.2,-0.8893,-0.9484,142.7,97.9,0.482
74.76,31789.6,34594.7,-1.1254,-0.9963,142.7,97.9,0.482
74.78,31717.6,34490.4,-1.5118,-1.2532,142.7,97.9,0.482
74.8,31739.7,34477.4,-1.3932,-1.2852,142.7,97.9,0.482
74.82,31804.8,34695.7,-1.0435,-0.7477,142.7,97.9,0.482
74.84,31929.6,34976.7,-0.3734,-0.0557,142.7,97.9,0.482
74.86,32105.9,35320.9,0.5732,0.7916,142.7,97.9,0.482
74.88,32192.9,35588.8,1.0403,1.4512,142.7,97.9,0.482
74.9,32330.4,35818.3,1.7785,2.0163,142.7,97.9,0.482
74.92,32329.3,35661.2,1.773,1.6296,142.7,97.9,0.482
74.94,32226.4,35438.2,1.2201,1.0803,142.7,97.9,0.482
74.96,32178.8,35287.6,0.9647,0.7096,142.7,97.9,0.482
74.98,31936.1,35221.0,-0.3386,0.5456,142.7,97.9,0.482
75.0,32041.0,35056.7,0.2249,0.1411,142.7,97.9,0.482
75.02,32004.3,35011.3,0.0276,0.0293,142.7,97.9,0.482
75.04,32013.1,34996.9,0.0748,-0.0061,142.7,97.9,0.482
75.06,31875.9,34873.6,-0.6619,-0.3095,142.7,97.9,0.482
75.08,31918.7,34801.2,-0.4323,-0.4879,142.7,97.9,0.482
75.1,31889.8,34641.7,-0.5873,-0.8807,142.7,97.9,0.482
75.12,31856.6,34724.5,-0.7657,-0.6767,142.7,97.9,0.482
75.14,31910.3,34692.1,-0.4774,-0.7566,142.7,97.9,0.482
75.16,31802.9,34624.0,-1.0541,-0.9242,142.7,97.9,0.482
75.18,31723.8,34498.7,-1.4789,-1.2326,142.7,97.9,0.482
75.2,31708.3,34424.9,-1.5618,-1.4144,142.7,97.9,0.482
75.22,31813.9,34448.8,-0.9947,-1.3556,142.7,97.9,0.482
75.24,31812.8,34632.5,-1.0006,-0.9032,142.7,97.9,0.482
75.26,31955.1,35017.8,-0.2368,0.0453,142.7,97.9,0.482
75.28,32196.5,35357.9,1.0594,0.8829,142.7,97.9,0.482
75.3,32265.6,35633.2,1.4309,1.5606,142.7,97.9,0.482
75.32,32339.1,35749.7,1.8255,1.8474,142.7,97.9,0.482
75.34,32264.5,35594.2,1.4248,1.4645,142.7,97.9,0.482
75.36,32277.0,35546.9,1.4921,1.3481,142.7,97.9,0.482
75.38,32080.4,35352.3,0.4362,0.8689,142.7,97.9,0.482
75.4,32004.5,35131.1,0.0285,0.3243,142.7,97.9,0.482
75.42,31943.7,35110.3,-0.2979,0.2731,142.7,97.9,0.482
75.44,32033.8,35030.6,0.1862,0.077,142.7,97.9,0.482
75.46,32072.3,35048.4,0.3926,0.1207,142.7,97.9,0.482
75.48,31890.0,34864.7,-0.5861,-0.3316,142.7,97.9,0.482
75.5,31944.4,34818.3,-0.2943,-0.4459,142.7,97.9,0.482
75.52,31869.1,34727.5,-0.6983,-0.6695,142.7,97.9,0.482
75.54,31911.8,34646.1,-0.4693,-0.8698,142.7,97.9,0.482
75.56,31890.1,34591.2,-0.5857,-1.005,142.7,97.9,0.482
75.58,31731.0,34625.9,-1.44,-0.9195,142.7,97.9,0.482
75.6,31774.1,34510.6,-1.2086,-1.2034,142.7,97.9,0.482
75.62,31751.1,34481.1,-1.332,-1.2761,142.7,97.9,0.482
75.64,31732.9,34509.5,-1.43,-1.2061,142.7,97.9,0.482
75.66,31861.6,34613.2,-0.7387,-0.9508,142.7,97.9,0.482
75.68,31913.9,35055.7,-0.4579,0.1387,142.7,97.9,0.482
75.7,32231.3,35393.4,1.2467,0.9703,142.7,97.9,0.482
75.72,32293.9,35627.0,1.5826,1.5452,142.7,97.9,0.482
75.74,32376.9,35721.5,2.0283,1.7779,142.7,97.9,0.482
75.76,32322.9,35613.3,1.7386,1.5115,142.7,97.9,0.482
75.78,32109.3,35484.3,0.5916,1.1939,142.7,97.9,0.482
75.8,32118.8,35388.4,0.6425,0.9578,142.7,97.9,0.482
75.82,32100.9,35203.4,0.5461,0.5024,142.7,97.9,0.482
75.84,32073.2,35164.2,0.3978,0.4057,142.7,97.9,0.482
75.86,32148.6,35020.6,0.8024,0.0522,142.7,97.9,0.482
75.88,32024.5,35045.1,0.1359,0.1127,142.7,97.9,0.482
75.9,31976.6,34896.9,-0.1212,-0.2523,142.7,97.9,0.482
75.92,31930.2,34712.1,-0.3704,-0.7073,142.7,97.9,0.482
75.94,31848.3,34628.0,-0.81,-0.9144,142.7,97.9,0.482
75.96,31851.6,34667.3,-0.7925,-0.8176,142.7,97.9,0.482
75.98,31861.0,34704.7,-0.7418,-0.7255,142.7,97.9,0.482
76.0,31820.4,34608.7,-0.9599,-0.9619,142.7,97.9,0.482
76.02,31763.6,34483.6,-1.2651,-1.2698,142.7,97.9,0.482
76.04,31811.0,34428.7,-1.0103,-1.4052,142.7,97.9,0.482
76.06,31731.0,34482.3,-1.4399,-1.2732,142.7,97.9,0.482
76.08,31765.6,34596.4,-1.2544,-0.9922,142.7,97.9,0.482
76.1,31893.1,34992.9,-0.5695,-0.016,142.7,97.9,0.482
76.12,32109.3,35332.2,0.5913,0.8196,142.7,97.9,0.482
76.14,32268.0,35586.3,1.4436,1.4451,142.7,97.9,0.482
76.16,32372.4,35789.6,2.0043,1.9457,142.7,97.9,0.482
76.18,32220.9,35688.4,1.1905,1.6964,142.7,97.9,0.482
76.2,32190.6,35461.2,1.0278,1.1371,142.7,97.9,0.482
76.22,32190.0,35321.9,1.025,0.794,142.7,97.9,0.482
76.24,32113.2,35147.2,0.6126,0.3639,142.7,97.9,0.482
76.26,32018.2,35086.2,0.1024,0.2139,142.7,97.9,0.482
76.28,32100.2,34989.5,0.5426,-0.0242,142.7,97.9,0.482
76.3,31982.6,34939.0,-0.0891,-0.1487,142.7,97.9,0.482
76.32,31984.9,34902.2,-0.0764,-0.2391,142.7,97.9,0.482
76.34,31977.1,34734.1,-0.1183,-0.6531,142.7,97.9,0.482
76.36,31834.2,34766.0,-0.8859,-0.5747,142.7,97.9,0.482
76.38,31813.0,34698.5,-0.9998,-0.7407,142.7,97.9,0.482
76.4,31744.7,34565.1,-1.3665,-1.0692,142.7,97.9,0.482
76.42,31826.5,34590.1,-0.9273,-1.0076,142.7,97.9,0.482
76.44,31856.5,34489.9,-0.7662,-1.2543,142.7,97.9,0.482
76.46,31757.1,34451.0,-1.3,-1.35,142.7,97.9,0.482
76.48,31759.2,34477.6,-1.2884,-1.2846,142.7,97.9,0.482
76.5,31918.2,34592.4,-0.4349,-1.002,142.7,97.9,0.482
76.52,32001.3,34926.2,0.0113,-0.1802,142.7,97.9,0.482
76.54,32134.8,35350.6,0.7284,0.8648,142.7,97.9,0.482
76.56,32303.7,35662.8,1.6355,1.6334,142.7,97.9,0.482
76.58,32369.9,35724.7,1.991,1.7859,142.7,97.9,0.482
76.6,32369.1,35814.4,1.9864,2.0066,142.7,97.9,0.482
76.62,32215.1,35531.1,1.1597,1.3091,142.7,97.9,0.482
76.64,32168.2,35348.5,0.9075,0.8595,142.7,97.9,0.482
76.66,32090.9,35192.2,0.4925,0.4747,142.7,97.9,0.482
76.68,32088.4,35111.8,0.4792,0.2768,142.7,97.9,0.482
76.7,32051.2,35065.5,0.2795,0.1628,142.7,97.9,0.482
76.72,31987.8,34985.8,-0.0611,-0.0334,142.7,97.9,0.482
76.74,31984.6,34928.8,-0.0784,-0.1737,142.7,97.9,0.482
76.76,31943.6,34705.4,-0.2986,-0.7239,142.7,97.9,0.482
76.78,31830.2,34780.5,-0.9072,-0.5388,142.7,97.9,0.482
76.8,31912.5,34635.6,-0.4655,-0.8956,142.7,97.9,0.482
76.82,31891.0,34578.4,-0.5808,-1.0366,142.7,97.9,0.482
76.84,31851.3,34738.2,-0.7942,-0.6431,142.7,97.9,0.482
76.86,31737.1,34569.0,-1.4073,-1.0595,142.7,97.9,0.482
76.88,31670.2,34418.4,-1.7664,-1.4305,142.7,97.9,0.482
76.9,31787.0,34505.5,-1.1395,-1.2159,142.7,97.9,0.482
76.92,31838.3,34643.2,-0.8638,-0.877,142.7,97.9,0.482
76.94,32050.0,34896.7,0.2728,-0.2529,142.7,97.9,0.482
76.96,32055.3,35391.9,0.3016,0.9665,142.7,97.9,0.482
76.98,32248.9,35627.7,1.3413,1.5471,142.7,97.9,0.482
77.0,32277.9,35743.1,1.4969,1.8312,142.7,97.9,0.482
77.02,32320.8,35714.8,1.7271,1.7615,142.7,97.9,0.482
77.04,32227.1,35538.7,1.2241,1.3279,142.7,97.9,0.482
77.06,32158.0,35251.0,0.8529,0.6196,142.7,97.9,0.482
77.08,32009.2,35170.8,0.054,0.4221,142.7,97.9,0.482
77.1,32041.9,35126.7,0.2293,0.3136,142.7,97.9,0.482
77.12,32047.4,35035.0,0.2593,0.0877,142.7,97.9,0.482
77.14,32028.3,34980.4,0.1566,-0.0467,142.7,97.9,0.482
77.16,31930.1,34978.4,-0.3707,-0.0516,142.7,97.9,0.482
77.18,31937.0,34822.0,-0.334,-0.4366,142.7,97.9,0.482
77.2,31880.4,34684.1,-0.638,-0.7762,142.7,97.9,0.482
77.22,31971.7,34665.5,-0.1473,-0.8219,142.7,97.9,0.482
77.24,31925.3,34581.4,-0.3967,-1.029,142.7,97.9,0.482
77.26,31868.8,34652.9,-0.7,-0.8529,142.7,97.9,0.482
77.28,31871.3,34499.3,-0.6864,-1.2311,142.7,97.9,0.482
77.3,31793.7,34433.3,-1.1033,-1.3938,142.7,97.9,0.482
77.32,31762.5,34388.4,-1.2709,-1.5042,142.7,97.9,0.482
77.34,31812.7,34604.9,-1.0012,-0.9713,142.7,97.9,0.482
77.36,31969.2,34980.6,-0.1607,-0.0463,142.7,97.9,0.482
77.38,32084.4,35339.0,0.4579,0.8361,142.7,97.9,0.482
77.4,32280.2,35676.7,1.5092,1.6676,142.7,97.9,0.482
77.42,32340.0,35764.3,1.8301,1.8834,142.7,97.9,0.482
77.44,32250.1,35651.6,1.3475,1.6058,142.7,97.9,0.482
77.46,32206.9,35539.9,1.1156,1.3308,142.7,97.9,0.482
77.48,32182.9,35360.9,0.9866,0.8901,142.7,97.9,0.482
77.5,32095.2,35242.4,0.5158,0.5983,142.7,97.9,0.482
77.52,32052.0,35033.0,0.2838,0.0829,142.7,97.9,0.482
77.54,32002.2,35083.1,0.0164,0.2061,142.7,97.9,0.482
77.56,31941.6,35003.4,-0.309,0.0099,142.7,97.9,0.482
77.58,31946.2,34953.6,-0.2843,-0.1126,142.7,97.9,0.482
77.6,31901.6,34805.2,-0.5237,-0.4779,142.7,97.9,0.482
77.62,31860.2,34637.9,-0.7464,-0.8899,142.7,97.9,0.482
77.64,31847.8,34627.0,-0.8125,-0.9169,142.7,97.9,0.482
77.66,31913.9,34635.4,-0.4577,-0.8962,142.7,97.9,0.482
77.68,31808.4,34565.5,-1.0243,-1.0681,142.7,97.9,0.482
77.7,31817.1,34510.1,-0.9775,-1.2047,142.7,97.9,0.482
77.72,31739.1,34473.5,-1.3963,-1.2946,142.7,97.9,0.482
77.74,31761.3,34566.5,-1.2773,-1.0659,142.7,97.9,0.482
77.76,31848.6,34673.2,-0.8087,-0.803,142.7,97.9,0.482
77.78,31860.3,34883.2,-0.7454,-0.2861,142.7,97.9,0.482
77.8,32138.3,35249.0,0.7472,0.6145,142.7,97.9,0.482
77.82,32202.8,35621.4,1.0933,1.5316,142.7,97.9,0.482
77.84,32385.6,35614.8,2.0751,1.5153,142.7,97.9,0.482
77.86,32202.0,35704.8,1.0893,1.7369,142.7,97.9,0.482
77.88,32230.1,35553.4,1.2403,1.3641,142.7,97.9,0.482
77.9,32139.1,35459.8,0.7512,1.1336,142.7,97.9,0.482
77.92,32149.9,35295.7,0.8093,0.7296,142.7,97.9,0.482
77.94,32051.9,35154.2,0.283,0.3812,142.7,97.9,0.482
77.96,31953.4,35117.2,-0.2459,0.29,142.7,97.9,0.482
77.98,32008.4,35045.2,0.0497,0.1129,142.7,97.9,0.482
78.0,31903.6,34931.2,-0.513,-0.1678,142.7,97.9,0.482
78.02,31853.3,34758.8,-0.7831,-0.5924,142.7,97.9,0.482
78.04,31886.6,34770.2,-0.6044,-0.5643,142.7,97.9,0.482
78.06,31780.7,34722.9,-1.1733,-0.6807,142.7,97.9,0.482
78.08,31811.4,34735.4,-1.0084,-0.6498,142.7,97.9,0.482
78.1,31860.5,34600.4,-0.7445,-0.9824,142.7,97.9,0.482
78.12,31814.7,34591.3,-0.9904,-1.0048,142.7,97.9,0.482
78.14,31868.3,34474.6,-0.7028,-1.292,142.7,97.9,0.482
78.16,31814.0,34479.0,-0.9941,-1.2812,142.7,97.9,0.482
78.18,31831.3,34575.1,-0.9016,-1.0446,142.7,97.9,0.482
78.2,31996.0,34913.8,-0.0169,-0.2106,142.7,97.9,0.482
78.22,32159.1,35313.9,0.8587,0.7744,142.7,97.9,0.482
78.24,32304.8,35588.1,1.6411,1.4497,142.7,97.9,0.482
78.26,32362.1,35741.1,1.949,1.8262,142.7,97.9,0.482
78.28,32331.9,35748.8,1.7868,1.8451,142.7,97.9,0.482
78.3,32284.3,35510.4,1.5313,1.2582,142.7,97.9,0.482
78.32,32253.6,35302.3,1.3663,0.7459,142.7,97.9,0.482
78.34,32086.9,35173.3,0.4709,0.4283,142.7,97.9,0.482
78.36,32074.4,35147.9,0.4042,0.3657,142.7,97.9,0.482
78.38,32043.8,35040.1,0.2397,0.1002,142.7,97.9,0.482
78.4,32051.9,34965.1,0.2829,-0.0843,142.7,97.9,0.482
78.42,31845.9,34877.3,-0.8232,-0.3006,142.7,97.9,0.482
78.44,31959.0,34822.5,-0.2157,-0.4355,142.7,97.9,0.482
78.46,31892.2,34661.8,-0.5741,-0.8311,142.7,97.9,0.482
78.48,31788.4,34708.9,-1.1315,-0.7151,142.7,97.9,0.482
78.5,31817.2,34713.5,-0.9769,-0.7038,142.7,97.9,0.482
78.52,31862.6,34632.5,-0.7333,-0.9031,142.7,97.9,0.482
78.54,31728.0,34511.5,-1.4562,-1.2011,142.7,97.9,0.482
78.56,31734.0,34481.2,-1.4241,-1.2759,142.7,97.9,0.482
78.58,31768.6,34529.6,-1.238,-1.1566,142.7,97.9,0.482
78.6,31878.8,34641.3,-0.6461,-0.8815,142.7,97.9,0.482
78.62,31931.2,34891.0,-0.3651,-0.2668,142.7,97.9,0.482
78.64,32135.0,35195.0,0.7293,0.4818,142.7,97.9,0.482
78.66,32323.6,35581.5,1.742,1.4333,142.7,97.9,0.482
78.68,32372.4,35773.4,2.0044,1.9059,142.7,97.9,0.482
78.7,32399.3,35802.8,2.1486,1.9782,142.7,97.9,0.482
78.72,32259.4,35574.8,1.3977,1.4167,142.7,97.9,0.482
78.74,32166.4,35397.7,0.8982,0.9807,142.7,97.9,0.482
78.76,32099.0,35242.2,0.5362,0.5979,142.7,97.9,0.482
78.78,32151.6,35194.7,0.8188,0.4809,142.7,97.9,0.482
78.8,32078.7,35096.7,0.427,0.2398,142.7,97.9,0.482
78.82,31969.7,34882.4,-0.1583,-0.2879,142.7,97.9,0.482
78.84,31928.6,34951.4,-0.3789,-0.1181,142.7,97.9,0.482
78.86,31899.5,34836.4,-0.5353,-0.4012,142.7,97.9,0.482
78.88,31947.9,34742.2,-0.2755,-0.6333,142.7,97.9,0.482
78.9,31768.1,34679.0,-1.2407,-0.7889,142.7,97.9,0.482
78.92,31827.4,34714.3,-0.9223,-0.7019,142.7,97.9,0.482
78.94,31791.1,34623.1,-1.1174,-0.9265,142.7,97.9,0.482
78.96,31809.1,34626.5,-1.0205,-0.918,142.7,97.9,0.482
78.98,31701.9,34451.0,-1.596,-1.3501,142.7,97.9,0.482
79.0,31783.7,34446.0,-1.1569,-1.3624,142.7,97.9,0.482
79.02,31804.0,34658.7,-1.0482,-0.8388,142.7,97.9,0.482
79.04,31965.9,34877.2,-0.1788,-0.3008,142.7,97.9,0.482
79.06,32140.3,35285.3,0.7579,0.704,142.7,97.9,0.482
79.08,32278.4,35578.2,1.4994,1.4251,142.7,97.9,0.482
79.1,32346.8,35742.9,1.8666,1.8306,142.7,97.9,0.482
79.12,32315.0,35715.2,1.6962,1.7626,142.7,97.9,0.482
79.14,32297.5,35596.7,1.6021,1.4707,142.7,97.9,0.482
79.16,32216.4,35400.2,1.1664,0.9869,142.7,97.9,0.482
79.18,32038.6,35196.6,0.2117,0.4856,142.7,97.9,0.482
79.2,32057.7,35117.6,0.3146,0.2912,142.7,97.9,0.482
79.22,31971.9,35079.3,-0.1464,0.1968,142.7,97.9,0.482
79.24,32101.6,34989.6,0.5498,-0.0241,142.7,97.9,0.482
79.26,32049.3,34837.9,0.2692,-0.3976,142.7,97.9,0.482
79.28,31932.0,34748.0,-0.3605,-0.6189,142.7,97.9,0.482
79.3,31822.8,34805.0,-0.947,-0.4785,142.7,97.9,0.482
79.32,31731.5,34692.4,-1.4372,-0.7558,142.7,97.9,0.482
79.34,31845.6,34723.8,-0.8245,-0.6785,142.7,97.9,0.482
79.36,31857.6,34640.9,-0.76,-0.8827,142.7,97.9,0.482
79.38,31808.1,34553.1,-1.0258,-1.0987,142.7,97.9,0.482
79.4,31768.8,34445.8,-1.237,-1.3629,142.7,97.9,0.482
79.42,31772.1,34442.7,-1.2193,-1.3706,142.7,97.9,0.482
79.44,31862.5,34622.8,-0.7337,-0.927,142.7,97.9,0.482
79.46,31882.8,34943.7,-0.6246,-0.1371,142.7,97.9,0.482
79.48,32133.4,35223.7,0.7209,0.5523,142.7,97.9,0.482
79.5,32282.4,35578.5,1.5211,1.4258,142.7,97.9,0.482
79.52,32395.4,35755.3,2.1278,1.8613,142.7,97.9,0.482
79.54,32358.5,35804.6,1.9294,1.9826,142.7,97.9,0.482
79.56,32296.5,35592.0,1.5965,1.4592,142.7,97.9,0.482
79.58,32042.8,35376.9,0.2343,0.9294,142.7,97.9,0.482
79.6,32125.3,35306.2,0.6775,0.7556,142.7,97.9,0.482
79.62,32014.5,35179.5,0.0826,0.4435,142.7,97.9,0.482
79.64,31910.1,35044.8,-0.4783,0.1119,142.7,97.9,0.482
79.66,32028.5,35046.9,0.1575,0.1171,142.7,97.9,0.482
79.68,31990.2,34959.4,-0.0479,-0.0985,142.7,97.9,0.482
79.7,31860.6,34770.3,-0.7443,-0.564,142.7,97.9,0.482
79.72,31984.2,34678.7,-0.0804,-0.7895,142.7,97.9,0.482
79.74,31859.3,34705.2,-0.7511,-0.7243,142.7,97.9,0.482
79.76,31831.6,34686.5,-0.8999,-0.7704,142.7,97.9,0.482
79.78,31850.0,34641.0,-0.801,-0.8822,142.7,97.9,0.482
79.8,31726.9,34576.5,-1.4619,-1.0413,142.7,97.9,0.482
79.82,31857.6,34496.5,-0.7604,-1.2381,142.7,97.9,0.482
79.84,31680.8,34496.7,-1.7098,-1.2377,142.7,97.9,0.482
79.86,31703.9,34579.9,-1.5853,-1.0327,142.7,97.9,0.482
79.88,31971.4,34880.2,-0.1489,-0.2934,142.7,97.9,0.482
79.9,32140.9,35294.6,0.7612,0.7268,142.7,97.9,0.482
79.92,32137.2,35574.9,0.7411,1.4171,142.7,97.9,0.482
79.94,32265.9,35732.9,1.4325,1.806,142.7,97.9,0.482
79.96,32277.5,35749.9,1.4945,1.8479,142.7,97.9,0.482
79.98,32227.1,35641.6,1.2239,1.5812,142.7,97.9,0.482
80.0,32118.7,35308.8,0.6421,0.7618,142.7,97.9,0.482
80.02,32126.9,35217.8,0.6859,0.5377,142.7,97.9,0.482
80.04,32120.9,35171.1,0.6536,0.4229,142.7,97.9,0.482
80.06,32029.6,35037.2,0.1635,0.0931,142.7,97.9,0.482
80.08,32019.0,35080.6,0.1063,0.1999,142.7,97.9,0.482
80.1,31948.9,34916.5,-0.2702,-0.204,142.7,97.9,0.482
80.12,31974.4,34815.8,-0.1332,-0.4519,142.7,97.9,0.482
80.14,31857.1,34800.9,-0.7628,-0.4886,142.7,97.9,0.482
80.16,31913.8,34705.0,-0.4583,-0.7247,142.7,97.9,0.482
80.18,31816.1,34696.2,-0.9831,-0.7463,142.7,97.9,0.482
80.2,31773.3,34546.8,-1.213,-1.1143,142.7,97.9,0.482
80.22,31786.9,34539.8,-1.1397,-1.1316,142.7,97.9,0.482
80.24,31793.9,34414.9,-1.1024,-1.439,142.7,97.9,0.482
80.26,31804.3,34460.5,-1.0465,-1.3268,142.7,97.9,0.482
80.28,31797.3,34620.0,-1.0839,-0.9341,142.7,97.9,0.482
80.3,31976.5,34922.3,-0.1214,-0.1897,142.7,97.9,0.482
80.32,32100.8,35250.2,0.5456,0.6176,142.7,97.9,0.482
80.34,32226.9,35574.7,1.223,1.4166,142.7,97.9,0.482
80.36,32201.4,35739.0,1.0859,1.821,142.7,97.9,0.482
80.38,32287.3,35662.3,1.5474,1.6322,142.7,97.9,0.482
80.4,32236.8,35624.5,1.2763,1.5391,142.7,97.9,0.482
80.42,32192.4,35351.7,1.0374,0.8676,142.7,97.9,0.482
80.44,32135.8,35187.6,0.7336,0.4635,142.7,97.9,0.482
80.46,32025.6,35143.8,0.142,0.3557,142.7,97.9,0.482
80.48,32009.1,35038.6,0.0532,0.0965,142.7,97.9,0.482
80.5,31999.7,34970.8,0.0031,-0.0703,142.7,97.9,0.482
80.52,31880.8,34887.6,-0.6357,-0.2752,142.7,97.9,0.482
80.54,31993.3,34773.9,-0.0315,-0.5552,142.7,97.9,0.482
80.56,31964.4,34673.6,-0.1868,-0.802,142.7,97.9,0.482
80.58,31898.9,34697.5,-0.5386,-0.7433,142.7,97.9,0.482
80.6,31881.7,34660.3,-0.6307,-0.8348,142.7,97.9,0.482
80.62,31862.0,34701.4,-0.7367,-0.7337,142.7,97.9,0.482
80.64,31950.2,34529.5,-0.2627,-1.1569,142.7,97.9,0.482
80.66,31843.6,34562.2,-0.8353,-1.0763,142.7,97.9,0.482
80.68,31847.4,34390.0,-0.8149,-1.5004,142.7,97.9,0.482
80.7,31814.0,34588.9,-0.9945,-1.0105,142.7,97.9,0.482
80.72,31883.2,34913.8,-0.6225,-0.2107,142.7,97.9,0.482
80.74,32115.4,35266.3,0.6243,0.6573,142.7,97.9,0.482
80.76,32232.3,35572.9,1.2522,1.4121,142.7,97.9,0.482
80.78,32285.0,35709.2,1.5349,1.7476,142.7,97.9,0.482
80.8,32435.8,35682.6,2.3447,1.6823,142.7,97.9,0.482
80.82,32208.7,35531.4,1.1249,1.31,142.7,97.9,0.482
80.84,32158.7,35384.3,0.8569,0.9479,142.7,97.9,0.482
80.86,32090.2,35198.0,0.489,0.489,142.7,97.9,0.482
80.88,32043.7,35158.0,0.2391,0.3906,142.7,97.9,0.482
80.9,32028.2,35054.1,0.1561,0.1348,142.7,97.9,0.482
80.92,31977.1,34943.9,-0.1184,-0.1365,142.7,97.9,0.482
80.94,31951.6,34995.0,-0.2553,-0.0109,142.7,97.9,0.482
80.96,31871.6,34856.2,-0.685,-0.3525,142.7,97.9,0.482
80.98,32003.6,34716.9,0.0238,-0.6955,142.7,97.9,0.482
81.0,31892.4,34637.6,-0.5731,-0.8907,142.7,97.9,0.482
81.02,31903.1,34671.8,-0.5157,-0.8064,142.7,97.9,0.482
81.04,31841.8,34573.1,-0.8448,-1.0496,142.7,97.9,0.482
81.06,31847.4,34500.3,-0.8148,-1.2288,142.7,97.9,0.482
81.08,31785.6,34457.9,-1.1466,-1.3331,142.7,97.9,0.482
81.1,31705.1,34452.6,-1.5793,-1.3462,142.7,97.9,0.482
81.12,31790.0,34594.7,-1.123,-0.9962,142.7,97.9,0.482
81.14,32036.1,34839.8,0.1986,-0.393,142.7,97.9,0.482
81.16,32080.8,35210.2,0.4385,0.519,142.7,97.9,0.482
81.18,32206.4,35521.9,1.1128,1.2864,142.7,97.9,0.482
81.2,32331.0,35822.1,1.7821,2.0257,142.7,97.9,0.482
81.22,32290.0,35816.3,1.5618,2.0114,142.7,97.9,0.482
81.24,32287.9,35619.0,1.5507,1.5256,142.7,97.9,0.482
81.26,32087.0,35319.2,0.4715,0.7876,142.7,97.9,0.482
81.28,32095.6,35209.2,0.5179,0.5167,142.7,97.9,0.482
81.3,32037.5,35185.3,0.206,0.4578,142.7,97.9,0.482
81.32,32026.9,35028.5,0.1488,0.0717,142.7,97.9,0.482
81.34,32010.5,34982.6,0.0609,-0.0412,142.7,97.9,0.482
81.36,31940.9,34817.8,-0.3126,-0.447,142.7,97.9,0.482
81.38,31856.8,34759.6,-0.7645,-0.5903,142.7,97.9,0.482
81.4,31900.6,34786.1,-0.5294,-0.5252,142.7,97.9,0.482
81.42,31860.3,34720.1,-0.7454,-0.6875,142.7,97.9,0.482
81.44,31886.6,34602.6,-0.6045,-0.9768,142.7,97.9,0.482
81.46,31879.0,34614.5,-0.6455,-0.9475,142.7,97.9,0.482
81.48,31833.2,34580.6,-0.8911,-1.0311,142.7,97.9,0.482
81.5,31733.7,34449.7,-1.4254,-1.3533,142.7,97.9,0.482
81.52,31680.3,34428.0,-1.7123,-1.4068,142.7,97.9,0.482
81.54,31749.1,34580.9,-1.3428,-1.0303,142.7,97.9,0.482
81.56,31997.3,34851.2,-0.0101,-0.3647,142.7,97.9,0.482
81.58,32189.4,35108.6,1.0217,0.2688,142.7,97.9,0.482
81.6,32244.2,35557.7,1.3159,1.3748,142.7,97.9,0.482
81.62,32345.0,35641.6,1.8572,1.5812,142.7,97.9,0.482
81.64,32312.5,35646.2,1.6828,1.5926,142.7,97.9,0.482
81.66,32209.3,35635.5,1.1283,1.5661,142.7,97.9,0.482
81.68,32205.9,35364.7,1.11,0.8996,142.7,97.9,0.482
81.7,32078.2,35210.2,0.4245,0.519,142.7,97.9,0.482
81.72,32131.4,35119.3,0.71,0.2952,142.7,97.9,0.482
81.74,32032.6,35090.8,0.1794,0.2252,142.7,97.9,0.482
81.76,31992.7,34969.4,-0.0345,-0.0739,142.7,97.9,0.482
81.78,31989.0,34951.1,-0.0548,-0.1188,142.7,97.9,0.482
81.8,31940.3,34820.5,-0.3162,-0.4404,142.7,97.9,0.482
81.82,31837.8,34708.5,-0.8666,-0.7162,142.7,97.9,0.482
81.84,31929.8,34642.4,-0.3726,-0.8789,142.7,97.9,0.482
81.86,31827.0,34723.0,-0.9246,-0.6805,142.7,97.9,0.482
81.88,31823.1,34657.1,-0.9453,-0.8427,142.7,97.9,0.482
81.9,31805.9,34589.5,-1.0378,-1.0092,142.7,97.9,0.482
81.92,31791.9,34511.6,-1.1129,-1.2009,142.7,97.9,0.482
81.94,31648.7,34430.6,-1.8822,-1.4004,142.7,97.9,0.482
81.96,31816.5,34587.9,-0.9811,-1.0132,142.7,97.9,0.482
81.98,31897.6,34798.6,-0.5452,-0.4943,142.7,97.9,0.482
82.0,32067.1,35245.3,0.3649,0.6056,142.7,97.9,0.482
82.02,32073.5,35580.5,0.3991,1.4308,142.7,97.9,0.482
82.04,32298.0,35674.6,1.6046,1.6624,142.7,97.9,0.482
82.06,32386.9,35761.3,2.0819,1.876,142.7,97.9,0.482
82.08,32129.8,35522.9,0.7013,1.2889,142.7,97.9,0.482
82.1,32145.6,35426.1,0.7862,1.0507,142.7,97.9,0.482
82.12,32164.7,35146.0,0.889,0.361,142.7,97.9,0.482
82.14,32109.4,35105.2,0.5919,0.2607,142.7,97.9,0.482
82.16,31988.8,35031.6,-0.0555,0.0794,142.7,97.9,0.482
82.18,32035.2,34972.9,0.1933,-0.0652,142.7,97.9,0.482
82.2,31947.5,34857.6,-0.2774,-0.3491,142.7,97.9,0.482
82.22,31886.0,34860.6,-0.6075,-0.3417,142.7,97.9,0.482
82.24,31789.1,34752.5,-1.1282,-0.6077,142.7,97.9,0.482
82.26,31859.3,34682.4,-0.7509,-0.7805,142.7,97.9,0.482
82.28,31840.0,34733.7,-0.8549,-0.654,142.7,97.9,0.482
82.3,31841.9,34703.7,-0.8443,-0.7279,142.7,97.9,0.482
82.32,31758.3,34518.4,-1.2936,-1.1842,142.7,97.9,0.482
82.34,31766.1,34529.7,-1.2514,-1.1564,142.7,97.9,0.482
82.36,31778.9,34453.3,-1.1827,-1.3444,142.7,97.9,0.482
82.38,31740.0,34463.5,-1.3915,-1.3195,142.7,97.9,0.482
82.4,31855.6,34843.8,-0.7711,-0.3831,142.7,97.9,0.482
82.42,32093.5,35243.6,0.5067,0.6012,142.7,97.9,0.482
82.44,32244.9,35508.3,1.3196,1.2529,142.7,97.9,0.482
82.46,32320.3,35747.0,1.7246,1.8407,142.7,97.9,0.482
82.48,32350.9,35722.3,1.889,1.7799,142.7,97.9,0.482
82.5,32226.4,35664.8,1.2202,1.6384,142.7,97.9,0.482
82.52,32208.4,35409.3,1.1233,1.0093,142.7,97.9,0.482
82.54,32064.6,35255.9,0.3512,0.6317,142.7,97.9,0.482
82.56,32005.7,35140.6,0.0352,0.3478,142.7,97.9,0.482
82.58,32164.6,35007.0,0.8882,0.0187,142.7,97.9,0.482
82.6,32021.4,34959.9,0.1192,-0.0972,142.7,97.9,0.482
82.62,31965.2,34990.4,-0.1822,-0.022,142.7,97.9,0.482
82.64,31919.4,34748.7,-0.4281,-0.6171,142.7,97.9,0.482
82.66,31896.7,34843.2,-0.5503,-0.3845,142.7,97.9,0.482
82.68,31838.9,34659.3,-0.8606,-0.8372,142.7,97.9,0.482
82.7,31762.6,34674.9,-1.2705,-0.799,142.7,97.9,0.482
82.72,31879.4,34621.5,-0.6429,-0.9302,142.7,97.9,0.482
82.74,31882.2,34657.7,-0.628,-0.8413,142.7,97.9,0.482
82.76,31735.2,34440.1,-1.4174,-1.3769,142.7,97.9,0.482
82.78,31738.3,34406.1,-1.4007,-1.4606,142.7,97.9,0.482
82.8,31841.9,34592.1,-0.8445,-1.0027,142.7,97.9,0.482
82.82,31910.4,34785.3,-0.4764,-0.5271,142.7,97.9,0.482
82.84,32118.8,35264.3,0.6423,0.6522,142.7,97.9,0.482
82.86,32214.9,35435.3,1.1584,1.0734,142.7,97.9,0.482
82.88,32269.8,35677.8,1.4534,1.6705,142.7,97.9,0.482
82.9,32362.2,35794.0,1.9494,1.9564,142.7,97.9,0.482
82.92,32301.9,35574.4,1.6254,1.4157,142.7,97.9,0.482
82.94,32139.3,35353.7,0.7526,0.8724,142.7,97.9,0.482
82.96,32067.1,35215.5,0.3649,0.532,142.7,97.9,0.482
82.98,32043.7,35150.6,0.2392,0.3725,142.7,97.9,0.482
83.0,32025.9,35033.0,0.1436,0.0828,142.7,97.9,0.482
83.02,31982.4,34960.9,-0.09,-0.0948,142.7,97.9,0.482
83.04,31961.6,34971.1,-0.202,-0.0696,142.7,97.9,0.482
83.06,31945.2,34820.4,-0.2896,-0.4406,142.7,97.9,0.482
83.08,31866.6,34757.0,-0.7117,-0.5968,142.7,97.9,0.482
83.1,31915.3,34706.9,-0.4503,-0.7202,142.7,97.9,0.482
83.12,31876.2,34663.2,-0.6602,-0.8278,142.7,97.9,0.482
83.14,31852.3,34691.0,-0.7888,-0.7593,142.7,97.9,0.482
83.16,31791.9,34464.4,-1.1131,-1.3171,142.7,97.9,0.482
83.18,31607.6,34451.0,-2.1028,-1.3501,142.7,97.9,0.482
83.2,31797.6,34398.4,-1.0822,-1.4796,142.7,97.9,0.482
83.22,31914.7,34565.7,-0.4536,-1.0676,142.7,97.9,0.482
83.24,31960.1,34848.9,-0.21,-0.3704,142.7,97.9,0.482
83.26,31979.7,35101.6,-0.1045,0.2517,142.7,97.9,0.482
83.28,32290.9,35520.2,1.5665,1.2825,142.7,97.9,0.482
83.3,32348.3,35727.2,1.8748,1.792,142.7,97.9,0.482
83.32,32358.1,35740.7,1.9273,1.8252,142.7,97.9,0.482
83.34,32286.9,35548.6,1.5453,1.3523,142.7,97.9,0.482
83.36,32187.4,35359.7,1.0111,0.8873,142.7,97.9,0.482
83.38,32147.1,35232.3,0.7946,0.5736,142.7,97.9,0.482
83.4,32047.0,35113.4,0.2569,0.2808,142.7,97.9,0.482
83.42,32102.1,35098.1,0.553,0.2431,142.7,97.9,0.482
83.44,32017.7,35038.3,0.0997,0.0959,142.7,97.9,0.482
83.46,32002.8,34874.3,0.0196,-0.3079,142.7,97.9,0.482
83.48,31929.2,34915.8,-0.3759,-0.2058,142.7,97.9,0.482
83.5,31891.3,34702.0,-0.5792,-0.7321,142.7,97.9,0.482
83.52,31860.1,34711.2,-0.7466,-0.7094,142.7,97.9,0.482
83.54,31882.8,34603.0,-0.625,-0.976,142.7,97.9,0.482
83.56,31892.7,34759.0,-0.5715,-0.5918,142.7,97.9,0.482
83.58,31788.9,34526.2,-1.129,-1.1649,142.7,97.9,0.482
83.6,31742.4,34467.1,-1.3789,-1.3105,142.7,97.9,0.482
83.62,31702.4,34406.6,-1.5937,-1.4594,142.7,97.9,0.482
83.64,31862.4,34534.0,-0.7346,-1.1458,142.7,97.9,0.482
83.66,31907.7,34847.8,-0.491,-0.3732,142.7,97.9,0.482
83.68,32068.8,35180.2,0.3742,0.4453,142.7,97.9,0.482
83.7,32258.0,35479.1,1.3899,1.1811,142.7,97.9,0.482
83.72,32363.2,35666.4,1.9547,1.6424,142.7,97.9,0.482
83.74,32348.7,35754.7,1.8772,1.8597,142.7,97.9,0.482
83.76,32355.0,35671.0,1.9109,1.6537,142.7,97.9,0.482
83.78,32101.5,35330.5,0.5497,0.8153,142.7,97.9,0.482
83.8,32104.1,35224.7,0.5634,0.5548,142.7,97.9,0.482
83.82,32037.7,35205.5,0.2068,0.5076,142.7,97.9,0.482
83.84,32014.7,35094.5,0.0836,0.2343,142.7,97.9,0.482
83.86,31942.1,35005.8,-0.3062,0.0159,142.7,97.9,0.482
83.88,32061.8,34918.9,0.3361,-0.1981,142.7,97.9,0.482
83.9,32064.2,34870.4,0.349,-0.3176,142.7,97.9,0.482
83.92,31849.2,34640.7,-0.8053,-0.8831,142.7,97.9,0.482
83.94,31934.1,34714.0,-0.3494,-0.7025,142.7,97.9,0.482
83.96,31889.9,34638.3,-0.5865,-0.8889,142.7,97.9,0.482
83.98,31847.5,34557.1,-0.8147,-1.0888,142.7,97.9,0.482
84.0,31871.7,34524.2,-0.6844,-1.1699,142.7,97.9,0.482
84.02,31783.3,34616.8,-1.1593,-0.9418,142.7,97.9,0.482
84.04,31706.1,34399.4,-1.5734,-1.4771,142.7,97.9,0.482
84.06,31742.0,34519.1,-1.3809,-1.1825,142.7,97.9,0.482
84.08,31838.9,34791.0,-0.8605,-0.513,142.7,97.9,0.482
84.1,32013.0,35148.5,0.0745,0.3673,142.7,97.9,0.482
84.12,32134.3,35623.9,0.7258,1.5376,142.7,97.9,0.482
84.14,32298.7,35686.7,1.6084,1.6923,142.7,97.9,0.482
84.16,32225.7,35789.8,1.2163,1.9462,142.7,97.9,0.482
84.18,32223.8,35577.2,1.2064,1.4227,142.7,97.9,0.482
84.2,32176.4,35360.9,0.9517,0.8903,142.7,97.9,0.482
84.22,32056.5,35155.4,0.3081,0.3841,142.7,97.9,0.482
84.24,32023.4,35152.6,0.13,0.3772,142.7,97.9,0.482
84.26,32056.7,34983.4,0.3088,-0.0393,142.7,97.9,0.482
84.28,32016.3,35185.8,0.092,0.4591,142.7,97.9,0.482
84.3,31884.8,34900.3,-0.6142,-0.244,142.7,97.9,0.482
84.32,31815.2,34881.3,-0.9876,-0.2906,142.7,97.9,0.482
84.34,31925.7,34697.4,-0.3947,-0.7434,142.7,97.9,0.482
84.36,31876.3,34730.9,-0.6599,-0.6609,142.7,97.9,0.482
84.38,31929.7,34668.4,-0.3732,-0.8148,142.7,97.9,0.482
84.4,31882.5,34676.0,-0.6264,-0.7961,142.7,97.9,0.482
84.42,31767.9,34562.0,-1.2417,-1.0769,142.7,97.9,0.482
84.44,31812.9,34409.3,-1.0003,-1.4529,142.7,97.9,0.482
84.46,31762.6,34437.8,-1.2704,-1.3826,142.7,97.9,0.482
84.48,31749.0,34574.4,-1.3431,-1.0463,142.7,97.9,0.482
84.5,31912.2,34845.6,-0.4667,-0.3787,142.7,97.9,0.482
84.52,32053.3,35146.1,0.2909,0.3613,142.7,97.9,0.482
84.54,32195.7,35427.5,1.0556,1.054,142.7,97.9,0.482
84.56,32333.5,35751.1,1.7951,1.8509,142.7,97.9,0.482
84.58,32275.7,35754.6,1.485,1.8594,142.7,97.9,0.482
84.6,32326.5,35672.2,1.7579,1.6566,142.7,97.9,0.482
84.62,32238.9,35452.6,1.2872,1.1159,142.7,97.9,0.482
84.64,32083.3,35301.7,0.4519,0.7444,142.7,97.9,0.482
84.66,32050.5,35147.7,0.2757,0.3653,142.7,97.9,0.482
84.68,32139.2,35112.7,0.7521,0.2791,142.7,97.9,0.482
84.7,31991.8,35059.6,-0.0398,0.1482,142.7,97.9,0.482
84.72,31859.0,34924.8,-0.7528,-0.1836,142.7,97.9,0.482
84.74,31929.6,34887.0,-0.3737,-0.2767,142.7,97.9,0.482
84.76,31957.3,34681.3,-0.225,-0.7831,142.7,97.9,0.482
84.78,31827.9,34698.8,-0.9198,-0.7401,142.7,97.9,0.482
84.8,31903.3,34608.9,-0.5147,-0.9613,142.7,97.9,0.482
84.82,31871.9,34648.3,-0.6833,-0.8644,142.7,97.9,0.482
84.84,31777.7,34674.6,-1.189,-0.7995,142.7,97.9,0.482
84.86,31859.5,34499.3,-0.7502,-1.2313,142.7,97.9,0.482
84.88,31710.0,34565.0,-1.5527,-1.0694,142.7,97.9,0.482
84.9,31716.7,34648.0,-1.517,-0.865,142.7,97.9,0.482
84.92,31875.0,34733.5,-0.667,-0.6545,142.7,97.9,0.482
84.94,32129.4,35153.5,0.6993,0.3795,142.7,97.9,0.482
84.96,32250.8,35476.0,1.3511,1.1736,142.7,97.9,0.482
84.98,32174.8,35717.2,0.9431,1.7674,142.7,97.9,0.482
85.0,32391.2,35692.1,2.1051,1.7056,142.7,97.9,0.482
85.02,32216.1,35512.6,1.165,1.2637,142.7,97.9,0.482
85.04,32231.5,35505.6,1.2476,1.2465,142.7,97.9,0.482
85.06,32060.7,35232.5,0.3307,0.574,142.7,97.9,0.482
85.08,32104.4,35098.6,0.5652,0.2444,142.7,97.9,0.482
85.1,32099.9,35119.2,0.5412,0.295,142.7,97.9,0.482
85.12,31981.5,34998.8,-0.0947,-0.0015,142.7,97.9,0.482
85.14,31932.0,34916.1,-0.3605,-0.2051,142.7,97.9,0.482
85.16,31954.8,34793.5,-0.238,-0.5068,142.7,97.9,0.482
85.18,31858.4,34693.0,-0.756,-0.7542,142.7,97.9,0.482
85.2,31759.3,34625.7,-1.2879,-0.9199,142.7,97.9,0.482
85.22,31933.6,34602.5,-0.3522,-0.9771,142.7,97.9,0.482
85.24,31800.8,34594.4,-1.0653,-0.997,142.7,97.9,0.482
85.26,31725.9,34523.3,-1.4673,-1.1721,142.7,97.9,0.482
85.28,31811.1,34595.4,-1.01,-0.9947,142.7,97.9,0.482
85.3,31885.2,34487.3,-0.612,-1.2608,142.7,97.9,0.482
85.32,31745.7,34541.9,-1.3613,-1.1264,142.7,97.9,0.482
85.34,31912.5,34694.7,-0.4655,-0.7501,142.7,97.9,0.482
85.36,32080.2,35180.9,0.435,0.4469,142.7,97.9,0.482
85.38,32150.9,35468.0,0.8146,1.1539,142.7,97.9,0.482
85.4,32251.6,35659.5,1.3558,1.6254,142.7,97.9,0.482
85.42,32378.3,35740.1,2.0357,1.8238,142.7,97.9,0.482
85.44,32254.8,35668.5,1.3729,1.6475,142.7,97.9,0.482
85.46,32177.7,35418.3,0.9589,1.0315,142.7,97.9,0.482
85.48,32021.7,35204.2,0.1208,0.5044,142.7,97.9,0.482
85.5,32116.9,35087.5,0.6324,0.2169,142.7,97.9,0.482
85.52,31978.4,35138.5,-0.1113,0.3425,142.7,97.9,0.482
85.54,32003.8,35053.7,0.0248,0.1337,142.7,97.9,0.482
85.56,32050.5,34976.4,0.2757,-0.0565,142.7,97.9,0.482
85.58,31999.3,34807.4,0.0007,-0.4727,142.7,97.9,0.482
85.6,31969.4,34720.5,-0.1599,-0.6865,142.7,97.9,0.482
85.62,31884.2,34693.4,-0.6171,-0.7534,142.7,97.9,0.482
85.64,31854.6,34696.6,-0.7765,-0.7455,142.7,97.9,0.482
85.66,31758.0,34606.2,-1.2949,-0.9681,142.7,97.9,0.482
85.68,31788.6,34547.8,-1.1307,-1.1117,142.7,97.9,0.482
85.7,31714.9,34500.4,-1.5267,-1.2284,142.7,97.9,0.482
85.72,31719.8,34448.8,-1.5003,-1.3556,142.7,97.9,0.482
85.74,31771.3,34470.3,-1.2234,-1.3025,142.7,97.9,0.482
85.76,31798.0,34765.6,-1.0801,-0.5755,142.7,97.9,0.482
85.78,32141.0,35080.2,0.7617,0.1991,142.7,97.9,0.482
85.8,32170.6,35419.5,0.9207,1.0344,142.7,97.9,0.482
85.82,32359.3,35711.5,1.9341,1.7534,142.7,97.9,0.482
85.84,32388.7,35729.5,2.0919,1.7977,142.7,97.9,0.482
85.86,32242.2,35574.2,1.3053,1.4154,142.7,97.9,0.482
85.88,32173.5,35354.2,0.936,0.8737,142.7,97.9,0.482
85.9,32037.6,35392.0,0.2063,0.9668,142.7,97.9,0.482
85.92,32045.1,35197.8,0.2468,0.4886,142.7,97.9,0.482
85.94,32087.6,35113.4,0.4751,0.2807,142.7,97.9,0.482
85.96,32061.4,34962.8,0.3343,-0.0899,142.7,97.9,0.482
85.98,31994.3,34968.9,-0.026,-0.075,142.7,97.9,0.482
86.0,31883.1,34805.8,-0.6231,-0.4766,142.7,97.9,0.482
86.02,31947.3,34719.5,-0.2783,-0.6891,142.7,97.9,0.482
86.04,31922.3,34711.4,-0.4127,-0.7091,142.7,97.9,0.482
86.06,31899.7,34694.4,-0.5341,-0.7509,142.7,97.9,0.482
86.08,31894.5,34652.2,-0.5623,-0.8547,142.7,97.9,0.482
86.1,31798.5,34629.7,-1.0773,-0.9102,142.7,97.9,0.482
86.12,31776.3,34505.1,-1.1968,-1.2169,142.7,97.9,0.482
86.14,31710.5,34590.0,-1.5501,-1.0079,142.7,97.9,0.482
86.16,31770.0,34556.5,-1.2306,-1.0904,142.7,97.9,0.482
86.18,31894.0,34806.2,-0.5649,-0.4755,142.7,97.9,0.482
86.2,32102.5,35144.9,0.555,0.3583,142.7,97.9,0.482
86.22,32240.0,35492.1,1.2932,1.2131,142.7,97.9,0.482
86.24,32354.4,35667.6,1.9076,1.6452,142.7,97.9,0.482
86.26,32320.9,35727.5,1.7275,1.7927,142.7,97.9,0.482
86.28,32321.2,35583.3,1.7294,1.4377,142.7,97.9,0.482
86.3,32159.3,35493.2,0.8598,1.2159,142.7,97.9,0.482
86.32,32028.4,35149.8,0.157,0.3704,142.7,97.9,0.482
86.34,31904.6,35129.3,-0.5077,0.3199,142.7,97.9,0.482
86.36,32091.4,35056.7,0.4952,0.1411,142.7,97.9,0.482
86.38,32092.4,35043.3,0.5008,0.1083,142.7,97.9,0.482
86.4,32040.8,34988.7,0.2234,-0.0263,142.7,97.9,0.482
86.42,31924.3,34765.3,-0.4022,-0.5762,142.7,97.9,0.482
86.44,31848.5,34843.9,-0.8091,-0.3828,142.7,97.9,0.482
86.46,31821.2,34808.8,-0.9555,-0.4692,142.7,97.9,0.482
86.48,31937.2,34692.6,-0.333,-0.7552,142.7,97.9,0.482
86.5,31824.1,34623.2,-0.9403,-0.9263,142.7,97.9,0.482
86.52,31895.4,34573.6,-0.5574,-1.0484,142.7,97.9,0.482
86.54,31697.9,34545.7,-1.6178,-1.1169,142.7,97.9,0.482
86.56,31683.6,34450.5,-1.6947,-1.3513,142.7,97.9,0.482
86.58,31746.5,34494.1,-1.357,-1.2441,142.7,97.9,0.482
86.6,31811.2,34773.6,-1.0093,-0.556,142.7,97.9,0.482
86.62,32042.6,35115.6,0.2334,0.2862,142.7,97.9,0.482
86.64,32234.1,35343.9,1.2613,0.8483,142.7,97.9,0.482
86.66,32274.7,35697.8,1.4797,1.7196,142.7,97.9,0.482
86.68,32330.0,35751.1,1.7767,1.8508,142.7,97.9,0.482
86.7,32291.5,35631.4,1.5699,1.5561,142.7,97.9,0.482
86.72,32189.1,35470.1,1.0199,1.1589,142.7,97.9,0.482
86.74,32064.2,35279.6,0.3492,0.69,142.7,97.9,0.482
86.76,32116.0,35150.9,0.6276,0.373,142.7,97.9,0.482
86.78,32016.6,35156.6,0.0936,0.387,142.7,97.9,0.482
86.8,31928.8,35013.6,-0.3778,0.0351,142.7,97.9,0.482
86.82,31991.9,34792.9,-0.0388,-0.5082,142.7,97.9,0.482
86.84,31872.0,34857.9,-0.6827,-0.3483,142.7,97.9,0.482
86.86,31890.7,34745.6,-0.5825,-0.6249,142.7,97.9,0.482
86.88,31846.2,34756.6,-0.8212,-0.5978,142.7,97.9,0.482
86.9,31829.2,34691.5,-0.9129,-0.7579,142.7,97.9,0.482
86.92,31903.7,34631.2,-0.5128,-0.9065,142.7,97.9,0.482
86.94,31855.5,34656.3,-0.7712,-0.8447,142.7,97.9,0.482
86.96,31829.8,34518.5,-0.9092,-1.1838,142.7,97.9,0.482
86.98,31686.9,34502.4,-1.6769,-1.2236,142.7,97.9,0.482
87.0,31900.8,34535.1,-0.5284,-1.143,142.7,97.9,0.482
87.02,31852.8,34731.5,-0.7861,-0.6594,142.7,97.9,0.482
87.04,32198.7,35135.4,1.0718,0.3349,142.7,97.9,0.482
87.06,32236.6,35474.3,1.2749,1.1693,142.7,97.9,0.482
87.08,32332.9,35670.3,1.7919,1.652,142.7,97.9,0.482
87.1,32298.5,35714.5,1.6075,1.7607,142.7,97.9,0.482
87.12,32206.7,35695.9,1.1146,1.715,142.7,97.9,0.482
87.14,32184.6,35437.0,0.9958,1.0775,142.7,97.9,0.482
87.16,32095.1,35280.7,0.5153,0.6928,142.7,97.9,0.482
87.18,32029.4,35187.6,0.1623,0.4635,142.7,97.9,0.482
87.2,32159.3,35019.5,0.8599,0.0496,142.7,97.9,0.482
87.22,32035.5,35138.3,0.1952,0.342,142.7,97.9,0.482
87.24,31884.9,34937.6,-0.6135,-0.1522,142.7,97.9,0.482
87.26,31922.1,34725.2,-0.414,-0.6751,142.7,97.9,0.482
87.28,31878.6,34725.0,-0.6475,-0.6754,142.7,97.9,0.482
87.3,31834.8,34675.5,-0.8828,-0.7975,142.7,97.9,0.482
87.32,31862.1,34669.0,-0.7358,-0.8135,142.7,97.9,0.482
87.34,31884.0,34642.9,-0.6186,-0.8777,142.7,97.9,0.482
87.36,31861.8,34539.8,-0.7377,-1.1315,142.7,97.9,0.482
87.38,31699.4,34428.2,-1.6095,-1.4062,142.7,97.9,0.482
87.4,31722.3,34511.0,-1.4866,-1.2023,142.7,97.9,0.482
87.42,31784.7,34444.6,-1.1517,-1.3659,142.7,97.9,0.482
87.44,31886.6,34712.2,-0.6046,-0.7069,142.7,97.9,0.482
87.46,32038.7,35092.3,0.2126,0.2289,142.7,97.9,0.482
87.48,32210.7,35457.6,1.1359,1.1283,142.7,97.9,0.482
87.5,32404.4,35710.6,2.1758,1.7511,142.7,97.9,0.482
87.52,32280.5,35768.9,1.5106,1.8947,142.7,97.9,0.482
87.54,32213.6,35696.2,1.1514,1.7158,142.7,97.9,0.482
87.56,32165.3,35401.4,0.8921,0.9899,142.7,97.9,0.482
87.58,32132.1,35265.2,0.7136,0.6544,142.7,97.9,0.482
87.6,32025.8,35188.7,0.1431,0.4662,142.7,97.9,0.482
87.62,31913.1,35075.2,-0.4621,0.1867,142.7,97.9,0.482
87.64,31907.4,35112.9,-0.4926,0.2795,142.7,97.9,0.482
87.66,31885.1,34931.0,-0.6123,-0.1684,142.7,97.9,0.482
87.68,31957.8,34754.5,-0.2219,-0.603,142.7,97.9,0.482
87.7,31895.8,34687.0,-0.555,-0.769,142.7,97.9,0.482
87.72,31935.7,34784.9,-0.3408,-0.5279,142.7,97.9,0.482
87.74,31776.1,34630.6,-1.1979,-0.908,142.7,97.9,0.482
87.76,31946.8,34650.2,-0.2814,-0.8597,142.7,97.9,0.482
87.78,31829.9,34597.4,-0.909,-0.9897,142.7,97.9,0.482
87.8,31666.9,34495.9,-1.7841,-1.2395,142.7,97.9,0.482
87.82,31788.1,34606.6,-1.1336,-0.9671,142.7,97.9,0.482
87.84,31758.7,34520.7,-1.2913,-1.1786,142.7,97.9,0.482
87.86,31871.5,34745.6,-0.6856,-0.6249,142.7,97.9,0.482
87.88,32060.3,35111.2,0.3281,0.2754,142.7,97.9,0.482
87.9,32126.6,35387.7,0.6843,0.9561,142.7,97.9,0.482
87.92,32337.8,35515.5,1.8185,1.2707,142.7,97.9,0.482
87.94,32320.0,35703.0,1.723,1.7325,142.7,97.9,0.482
87.96,32362.4,35678.3,1.9504,1.6717,142.7,97.9,0.482
87.98,32263.2,35419.6,1.418,1.0347,142.7,97.9,0.482
88.0,32044.1,35265.8,0.2415,0.656,142.7,97.9,0.482
88.02,32065.6,35190.1,0.3568,0.4696,142.7,97.9,0.482
88.04,32049.7,35076.8,0.2712,0.1908,142.7,97.9,0.482
88.06,32048.0,35042.4,0.2625,0.1059,142.7,97.9,0.482
88.08,31991.9,34841.2,-0.0391,-0.3893,142.7,97.9,0.482
88.1,31958.9,34920.8,-0.2163,-0.1935,142.7,97.9,0.482
88.12,31926.8,34663.0,-0.3886,-0.8282,142.7,97.9,0.482
88.14,31835.1,34714.2,-0.8809,-0.7021,142.7,97.9,0.482
88.16,31813.5,34684.5,-0.9968,-0.7753,142.7,97.9,0.482
88.18,31818.3,34772.2,-0.9711,-0.5593,142.7,97.9,0.482
88.2,31862.9,34547.0,-0.7319,-1.1137,142.7,97.9,0.482
88.22,31746.1,34546.4,-1.359,-1.1153,142.7,97.9,0.482
88.24,31786.7,34491.5,-1.1409,-1.2504,142.7,97.9,0.482
88.26,31740.5,34487.2,-1.3891,-1.2611,142.7,97.9,0.482
88.28,31826.7,34701.0,-0.926,-0.7346,142.7,97.9,0.482
88.3,32008.8,35091.2,0.0519,0.2261,142.7,97.9,0.482
88.32,32080.0,35374.6,0.434,0.924,142.7,97.9,0.482
88.34,32271.1,35652.0,1.46,1.6069,142.7,97.9,0.482
88.36,32320.4,35741.8,1.7249,1.828,142.7,97.9,0.482
88.38,32372.6,35694.2,2.0051,1.7108,142.7,97.9,0.482
88.4,32233.0,35442.4,1.2554,1.0908,142.7,97.9,0.482
88.42,32126.4,35241.4,0.6835,0.596,142.7,97.9,0.482
88.44,32074.4,35207.2,0.4041,0.5116,142.7,97.9,0.482
88.46,32040.3,35003.7,0.2208,0.0108,142.7,97.9,0.482
88.48,32030.7,35010.5,0.1696,0.0275,142.7,97.9,0.482
88.5,31995.2,34893.3,-0.0212,-0.2613,142.7,97.9,0.482
88.52,31933.1,34765.9,-0.3548,-0.5748,142.7,97.9,0.482
88.54,31817.7,34850.8,-0.9743,-0.3657,142.7,97.9,0.482
88.56,31880.1,34715.4,-0.6392,-0.6992,142.7,97.9,0.482
88.58,31833.8,34597.0,-0.888,-0.9906,142.7,97.9,0.482
88.6,31786.4,34771.2,-1.1425,-0.5618,142.7,97.9,0.482
88.62,31853.9,34663.9,-0.7803,-0.826,142.7,97.9,0.482
88.64,31741.6,34531.7,-1.3831,-1.1514,142.7,97.9,0.482
88.66,31768.0,34500.1,-1.2412,-1.2293,142.7,97.9,0.482
88.68,31756.2,34495.4,-1.3046,-1.2408,142.7,97.9,0.482
88.7,31881.3,34622.6,-0.6331,-0.9276,142.7,97.9,0.482
88.72,32036.3,34982.4,0.1997,-0.0419,142.7,97.9,0.482
88.74,32217.7,35493.8,1.1738,1.2172,142.7,97.9,0.482
88.76,32353.8,35654.7,1.9042,1.6136,142.7,97.9,0.482
88.78,32211.6,35695.9,1.1407,1.7149,142.7,97.9,0.482
88.8,32294.4,35610.4,1.5852,1.5043,142.7,97.9,0.482
88.82,32266.0,35437.4,1.4329,1.0785,142.7,97.9,0.482
88.84,32147.4,35286.1,0.7962,0.7059,142.7,97.9,0.482
88.86,32097.7,35162.0,0.5292,0.4004,142.7,97.9,0.482
88.88,31994.0,35157.9,-0.0279,0.3903,142.7,97.9,0.482
88.9,32024.1,35010.9,0.1342,0.0284,142.7,97.9,0.482
88.92,32022.8,35037.0,0.1267,0.0928,142.7,97.9,0.482
88.94,31874.3,34805.7,-0.6703,-0.4768,142.7,97.9,0.482
88.96,31879.8,34761.5,-0.6408,-0.5856,142.7,97.9,0.482
88.98,31801.2,34688.1,-1.0629,-0.7663,142.7,97.9,0.482
89.0,31868.4,34595.1,-0.702,-0.9953,142.7,97.9,0.482
89.02,31839.5,34580.3,-0.8575,-1.0317,142.7,97.9,0.482
89.04,31783.0,34566.0,-1.1608,-1.0669,142.7,97.9,0.482
89.06,31709.2,34568.5,-1.5571,-1.0609,142.7,97.9,0.482
89.08,31759.1,34373.9,-1.2891,-1.54,142.7,97.9,0.482
89.1,31797.9,34465.2,-1.0808,-1.3151,142.7,97.9,0.482
89.12,31873.2,34711.3,-0.6764,-0.7093,142.7,97.9,0.482
89.14,32017.5,34949.0,0.0984,-0.1239,142.7,97.9,0.482
89.16,32206.4,35331.4,1.1127,0.8175,142.7,97.9,0.482
89.18,32373.8,35662.5,2.0118,1.6326,142.7,97.9,0.482
89.2,32396.0,35737.5,2.1308,1.8175,142.7,97.9,0.482
89.22,32305.8,35717.6,1.6467,1.7683,142.7,97.9,0.482
89.24,32172.3,35461.0,0.9298,1.1366,142.7,97.9,0.482
89.26,32132.2,35302.9,0.7142,0.7473,142.7,97.9,0.482
89.28,32072.4,35084.4,0.3931,0.2094,142.7,97.9,0.482
89.3,32022.5,34962.9,0.1252,-0.0899,142.7,97.9,0.482
89.32,32012.6,34954.4,0.0721,-0.1106,142.7,97.9,0.482
89.34,32080.5,34964.8,0.4369,-0.0851,142.7,97.9,0.482
89.36,31942.0,34881.2,-0.3067,-0.2909,142.7,97.9,0.482
89.38,32016.0,34819.0,0.0902,-0.4441,142.7,97.9,0.482
89.4,31784.4,34691.4,-1.1535,-0.7582,142.7,97.9,0.482
89.42,31904.4,34655.1,-0.5091,-0.8476,142.7,97.9,0.482
89.44,31821.7,34495.0,-0.9532,-1.2417,142.7,97.9,0.482
89.46,31881.5,34640.5,-0.6317,-0.8836,142.7,97.9,0.482
89.48,31734.2,34519.4,-1.4228,-1.1818,142.7,97.9,0.482
89.5,31763.9,34439.8,-1.2633,-1.3778,142.7,97.9,0.482
89.52,31794.1,34487.9,-1.101,-1.2593,142.7,97.9,0.482
89.54,31816.4,34629.9,-0.9812,-0.9096,142.7,97.9,0.482
89.56,31996.4,35011.6,-0.0149,0.0301,142.7,97.9,0.482
89.58,32122.7,35328.9,0.6634,0.8113,142.7,97.9,0.482
89.6,32239.5,35712.9,1.2908,1.7568,142.7,97.9,0.482
89.62,32385.8,35766.6,2.0764,1.8891,142.7,97.9,0.482
89.64,32380.8,35596.0,2.0495,1.469,142.7,97.9,0.482
89.66,32244.3,35425.5,1.3165,1.0491,142.7,97.9,0.482
89.68,32060.6,35176.1,0.3301,0.435,142.7,97.9,0.482
89.7,32031.5,35145.6,0.1735,0.36,142.7,97.9,0.482
89.72,32020.6,35098.1,0.1153,0.243,142.7,97.9,0.482
89.74,31990.1,35059.5,-0.0487,0.1481,142.7,97.9,0.482
89.76,31989.7,34936.9,-0.0507,-0.1539,142.7,97.9,0.482
89.78,31984.2,34788.2,-0.0803,-0.5199,142.7,97.9,0.482
89.8,32043.0,34764.6,0.2356,-0.5781,142.7,97.9,0.482
89.82,31801.7,34765.7,-1.0605,-0.5754,142.7,97.9,0.482
89.84,31861.6,34702.0,-0.7385,-0.7322,142.7,97.9,0.482
89.86,31753.8,34569.9,-1.3176,-1.0575,142.7,97.9,0.482
89.88,31843.9,34580.1,-0.8337,-1.0322,142.7,97.9,0.482
89.9,31767.2,34558.2,-1.2456,-1.0861,142.7,97.9,0.482
89.92,31808.2,34425.6,-1.0256,-1.4126,142.7,97.9,0.482
89.94,31807.6,34493.2,-1.0285,-1.2462,142.7,97.9,0.482
89.96,31795.5,34768.1,-1.0936,-0.5693,142.7,97.9,0.482
89.98,31944.8,35055.3,-0.2917,0.1378,142.7,97.9,0.482
90.0,32259.7,35364.4,1.399,0.8988,142.7,97.9,0.482
90.02,32302.4,35684.4,1.6283,1.6866,142.7,97.9,0.482
90.04,32358.8,35684.0,1.9313,1.6858,142.7,97.9,0.482
90.06,32239.7,35659.5,1.2917,1.6254,142.7,97.9,0.482
90.08,32243.5,35605.4,1.3118,1.4921,142.7,97.9,0.482
90.1,32078.8,35272.6,0.4276,0.6727,142.7,97.9,0.482
90.12,31980.0,35109.5,-0.1029,0.2712,142.7,97.9,0.482
90.14,32089.9,35104.3,0.4871,0.2583,142.7,97.9,0.482
90.16,31964.6,35076.4,-0.1857,0.1897,142.7,97.9,0.482
90.18,32000.3,34919.3,0.0063,-0.1972,142.7,97.9,0.482
90.2,31997.4,34874.1,-0.0094,-0.3083,142.7,97.9,0.482
90.22,31932.6,34755.5,-0.3574,-0.6005,142.7,97.9,0.482
90.24,31887.5,34691.8,-0.5997,-0.7573,142.7,97.9,0.482
90.26,31859.6,34676.8,-0.7496,-0.7942,142.7,97.9,0.482
90.28,31868.3,34710.9,-0.7025,-0.7102,142.7,97.9,0.482
90.3,31721.6,34639.7,-1.4903,-0.8855,142.7,97.9,0.482
90.32,31758.6,34474.8,-1.2918,-1.2914,142.7,97.9,0.482
90.34,31762.2,34443.6,-1.2723,-1.3683,142.7,97.9,0.482
90.36,31841.3,34483.1,-0.8475,-1.2711,142.7,97.9,0.482
90.38,31885.8,34705.5,-0.6088,-0.7236,142.7,97.9,0.482
90.4,32038.9,35001.5,0.2133,0.0052,142.7,97.9,0.482
90.42,32244.3,35465.0,1.3162,1.1464,142.7,97.9,0.482
90.44,32355.7,35704.8,1.9146,1.7369,142.7,97.9,0.482
90.46,32308.9,35715.1,1.6635,1.7622,142.7,97.9,0.482
90.48,32310.9,35655.3,1.6737,1.615,142.7,97.9,0.482
90.5,32097.2,35541.5,0.5263,1.3347,142.7,97.9,0.482
90.52,32097.3,35313.5,0.5268,0.7735,142.7,97.9,0.482
90.54,32075.4,35120.5,0.4093,0.2984,142.7,97.9,0.482
90.56,32060.2,35175.8,0.3277,0.4343,142.7,97.9,0.482
90.58,32007.6,35060.7,0.0455,0.1509,142.7,97.9,0.482
90.6,31950.9,34972.1,-0.259,-0.067,142.7,97.9,0.482
90.62,31926.8,34849.3,-0.3886,-0.3694,142.7,97.9,0.482
90.64,31889.3,34696.5,-0.5899,-0.7456,142.7,97.9,0.482
90.66,31920.0,34742.9,-0.4252,-0.6315,142.7,97.9,0.482
90.68,31816.8,34664.9,-0.9792,-0.8235,142.7,97.9,0.482
90.7,31747.1,34734.0,-1.3533,-0.6534,142.7,97.9,0.482
90.72,31811.8,34595.5,-1.0063,-0.9943,142.7,97.9,0.482
90.74,31773.2,34482.5,-1.2132,-1.2726,142.7,97.9,0.482
90.76,31771.0,34532.2,-1.2252,-1.1502,142.7,97.9,0.482
90.78,31763.1,34527.1,-1.2674,-1.1627,142.7,97.9,0.482
90.8,31852.4,34615.5,-0.7883,-0.9451,142.7,97.9,0.482
90.82,32038.8,35029.7,0.2126,0.0746,142.7,97.9,0.482
90.84,32095.5,35298.8,0.5171,0.7372,142.7,97.9,0.482
90.86,32337.5,35640.7,1.8171,1.579,142.7,97.9,0.482
90.88,32437.5,35672.1,2.3539,1.6564,142.7,97.9,0.482
90.9,32320.3,35669.7,1.7246,1.6504,142.7,97.9,0.482
90.92,32219.2,35551.7,1.1814,1.36,142.7,97.9,0.482
90.94,32126.6,35303.4,0.6845,0.7487,142.7,97.9,0.482
90.96,32042.0,35201.4,0.2298,0.4975,142.7,97.9,0.482
90.98,32016.7,35089.2,0.0944,0.2212,142.7,97.9,0.482
91.0,32056.4,35061.2,0.3074,0.1521,142.7,97.9,0.482
91.02,32006.3,34982.2,0.0381,-0.0422,142.7,97.9,0.482
91.04,31946.6,34858.5,-0.2825,-0.3467,142.7,97.9,0.482
91.06,31911.9,34704.6,-0.4687,-0.7259,142.7,97.9,0.482
91.08,31965.3,34640.6,-0.1818,-0.8834,142.7,97.9,0.482
91.1,31869.2,34614.7,-0.6978,-0.9471,142.7,97.9,0.482
91.12,31811.7,34651.7,-1.0068,-0.8561,142.7,97.9,0.482
91.14,31727.1,34658.1,-1.461,-0.8402,142.7,97.9,0.482
91.16,31816.5,34516.5,-0.981,-1.1888,142.7,97.9,0.482
91.18,31764.6,34396.7,-1.2593,-1.4837,142.7,97.9,0.482
91.2,31753.0,34452.9,-1.3217,-1.3455,142.7,97.9,0.482
91.22,31842.3,34613.7,-0.8421,-0.9496,142.7,97.9,0.482
91.24,32013.1,35066.0,0.0747,0.164,142.7,97.9,0.482
91.26,32108.8,35384.7,0.5887,0.9487,142.7,97.9,0.482
91.28,32342.0,35648.9,1.8413,1.5993,142.7,97.9,0.482
91.3,32289.3,35823.4,1.5582,2.0289,142.7,97.9,0.482
91.32,32339.0,35627.4,1.8247,1.5464,142.7,97.9,0.482
91.34,32226.1,35624.7,1.2186,1.5395,142.7,97.9,0.482
91.36,32206.4,35302.4,1.113,0.7461,142.7,97.9,0.482
91.38,32048.9,35089.6,0.2673,0.2221,142.7,97.9,0.482
91.4,32123.7,35095.7,0.6689,0.2372,142.7,97.9,0.482
91.42,32004.5,35025.3,0.0289,0.0638,142.7,97.9,0.482
91.44,32010.3,35027.7,0.0597,0.0697,142.7,97.9,0.482
91.46,31963.1,34929.8,-0.1937,-0.1713,142.7,97.9,0.482
91.48,31851.3,34854.8,-0.7942,-0.3561,142.7,97.9,0.482
91.5,31904.1,34670.2,-0.5102,-0.8104,142.7,97.9,0.482
91.52,31849.6,34676.4,-0.8032,-0.7952,142.7,97.9,0.482
91.54,31863.9,34732.9,-0.7262,-0.656,142.7,97.9,0.482
91.56,31723.0,34646.2,-1.483,-0.8695,142.7,97.9,0.482
91.58,31735.5,34474.6,-1.4159,-1.292,142.7,97.9,0.482
91.6,31676.9,34467.1,-1.7307,-1.3106,142.7,97.9,0.482
91.62,31744.1,34437.9,-1.3694,-1.3824,142.7,97.9,0.482
91.64,31827.4,34669.7,-0.9225,-0.8116,142.7,97.9,0.482
91.66,32026.9,34995.4,0.1489,-0.0098,142.7,97.9,0.482
91.68,32126.0,35376.4,0.6812,0.9282,142.7,97.9,0.482
91.7,32313.7,35652.4,1.6889,1.6079,142.7,97.9,0.482
91.72,32384.7,35744.9,2.0703,1.8357,142.7,97.9,0.482
91.74,32305.3,35644.5,1.6439,1.5885,142.7,97.9,0.482
91.76,32291.4,35526.4,1.5695,1.2976,142.7,97.9,0.482
91.78,32185.0,35319.1,0.9982,0.7872,142.7,97.9,0.482
91.8,32104.3,35175.4,0.5648,0.4335,142.7,97.9,0.482
91.82,32114.7,35130.4,0.6203,0.3227,142.7,97.9,0.482
91.84,32056.6,34972.6,0.3085,-0.0659,142.7,97.9,0.482
91.86,32070.9,35002.6,0.3854,0.0079,142.7,97.9,0.482
91.88,31992.6,34886.6,-0.0351,-0.2776,142.7,97.9,0.482
91.9,31982.4,34743.1,-0.09,-0.6309,142.7,97.9,0.482
91.92,31863.7,34738.1,-0.7272,-0.6432,142.7,97.9,0.482
91.94,31850.5,34609.8,-0.7985,-0.959,142.7,97.9,0.482
91.96,31824.3,34536.6,-0.9388,-1.1393,142.7,97.9,0.482
91.98,31820.1,34646.6,-0.9614,-0.8686,142.7,97.9,0.482
92.0,31704.5,34459.5,-1.5825,-1.3292,142.7,97.9,0.482
92.02,31799.9,34452.6,-1.0702,-1.3463,142.7,97.9,0.482
92.04,31684.4,34532.4,-1.6901,-1.1498,142.7,97.9,0.482
92.06,31854.9,34610.8,-0.7746,-0.9567,142.7,97.9,0.482
92.08,32035.9,34913.9,0.1972,-0.2104,142.7,97.9,0.482
92.1,32243.1,35318.1,1.31,0.7849,142.7,97.9,0.482
92.12,32200.7,35584.3,1.0823,1.4402,142.7,97.9,0.482
92.14,32289.6,35762.3,1.5598,1.8784,142.7,97.9,0.482
92.16,32262.4,35650.8,1.4135,1.604,142.7,97.9,0.482
92.18,32285.7,35463.7,1.5384,1.1433,142.7,97.9,0.482
92.2,32107.0,35344.0,0.5791,0.8485,142.7,97.9,0.482
92.22,32106.6,35122.5,0.5772,0.3033,142.7,97.9,0.482
92.24,32001.3,35143.4,0.0115,0.3545,142.7,97.9,0.482
92.26,32050.7,35125.4,0.2769,0.3103,142.7,97.9,0.482
92.28,31908.5,34991.2,-0.4869,-0.0201,142.7,97.9,0.482
92.3,31902.6,34899.2,-0.5183,-0.2465,142.7,97.9,0.482
92.32,31907.8,34784.5,-0.4905,-0.529,142.7,97.9,0.482
92.34,31929.9,34643.6,-0.372,-0.8759,142.7,97.9,0.482
92.36,31900.9,34656.5,-0.5275,-0.8443,142.7,97.9,0.482
92.38,31904.8,34627.5,-0.5069,-0.9156,142.7,97.9,0.482
92.4,31861.7,34607.2,-0.7383,-0.9655,142.7,97.9,0.482
92.42,31821.1,34582.6,-0.9564,-1.026,142.7,97.9,0.482
92.44,31795.5,34467.5,-1.0934,-1.3096,142.7,97.9,0.482
92.46,31791.6,34495.5,-1.1146,-1.2405,142.7,97.9,0.482
92.48,31872.3,34686.8,-0.6812,-0.7697,142.7,97.9,0.482
92.5,31929.7,34976.2,-0.373,-0.057,142.7,97.9,0.482
92.52,32037.5,35273.7,0.2057,0.6754,142.7,97.9,0.482
92.54,32331.9,35654.8,1.7865,1.6136,142.7,97.9,0.482
92.56,32276.1,35763.4,1.487,1.8811,142.7,97.9,0.482
92.58,32311.3,35784.5,1.6761,1.933,142.7,97.9,0.482
92.6,32273.5,35490.9,1.4731,1.2103,142.7,97.9,0.482
92.62,32146.3,35298.9,0.7901,0.7375,142.7,97.9,0.482
92.64,32103.8,35180.4,0.5617,0.4458,142.7,97.9,0.482
92.66,32045.5,35121.2,0.2488,0.2999,142.7,97.9,0.482
92.68,32113.5,34963.1,0.6138,-0.0893,142.7,97.9,0.482
92.7,31994.9,34908.0,-0.0231,-0.2249,142.7,97.9,0.482
92.72,32057.7,34894.6,0.3144,-0.2579,142.7,97.9,0.482
92.74,31902.8,34828.9,-0.5173,-0.4198,142.7,97.9,0.482
92.76,31890.9,34672.9,-0.5815,-0.8038,142.7,97.9,0.482
92.78,31815.3,34753.7,-0.9871,-0.6049,142.7,97.9,0.482
92.8,31923.5,34665.7,-0.4061,-0.8216,142.7,97.9,0.482
92.82,31742.0,34630.6,-1.3812,-0.908,142.7,97.9,0.482
92.84,31783.9,34539.7,-1.1559,-1.1317,142.7,97.9,0.482
92.86,31681.1,34472.4,-1.708,-1.2976,142.7,97.9,0.482
92.88,31778.1,34452.2,-1.187,-1.3472,142.7,97.9,0.482
92.9,31877.2,34608.6,-0.655,-0.9622,142.7,97.9,0.482
92.92,32011.2,34968.0,0.0645,-0.0771,142.7,97.9,0.482
92.94,32176.9,35329.7,0.9542,0.8132,142.7,97.9,0.482
92.96,32273.6,35621.8,1.4735,1.5324,142.7,97.9,0.482
92.98,32365.5,35706.3,1.9673,1.7405,142.7,97.9,0.482
93.0,32283.4,35663.7,1.5262,1.6356,142.7,97.9,0.482
93.02,32175.7,35462.4,0.9482,1.14,142.7,97.9,0.482
93.04,32113.6,35345.1,0.6146,0.8513,142.7,97.9,0.482
93.06,32091.6,35182.8,0.4966,0.4515,142.7,97.9,0.482
93.08,32033.9,35142.1,0.1866,0.3515,142.7,97.9,0.482
93.1,31990.5,35102.1,-0.0464,0.2529,142.7,97.9,0.482
93.12,31989.2,34979.0,-0.0537,-0.0501,142.7,97.9,0.482
93.14,31911.2,34903.0,-0.4725,-0.2374,142.7,97.9,0.482
93.16,31914.6,34734.7,-0.4543,-0.6516,142.7,97.9,0.482
93.18,31851.4,34676.5,-0.7933,-0.7949,142.7,97.9,0.482
93.2,31794.9,34707.0,-1.0968,-0.7198,142.7,97.9,0.482
93.22,31812.1,34678.2,-1.0045,-0.7908,142.7,97.9,0.482
93.24,31854.6,34654.3,-0.7763,-0.8495,142.7,97.9,0.482
93.26,31795.5,34501.9,-1.0937,-1.2249,142.7,97.9,0.482
93.28,31790.5,34589.6,-1.1206,-1.0089,142.7,97.9,0.482
93.3,31797.7,34444.1,-1.0818,-1.3671,142.7,97.9,0.482
93.32,31819.6,34620.1,-0.9642,-0.9338,142.7,97.9,0.482
93.34,31969.7,34962.5,-0.1585,-0.0909,142.7,97.9,0.482
93.36,32058.6,35299.8,0.3189,0.7398,142.7,97.9,0.482
93.38,32275.8,35573.9,1.4854,1.4145,142.7,97.9,0.482
93.4,32347.8,35713.4,1.8723,1.758,142.7,97.9,0.482
93.42,32277.9,35843.6,1.4968,2.0787,142.7,97.9,0.482
93.44,32294.8,35537.9,1.5875,1.326,142.7,97.9,0.482
93.46,32106.4,35346.8,0.5756,0.8554,142.7,97.9,0.482
93.48,32053.9,35197.5,0.2941,0.4878,142.7,97.9,0.482
93.5,32041.7,35120.9,0.2282,0.2993,142.7,97.9,0.482
93.52,32007.7,35145.3,0.0458,0.3594,142.7,97.9,0.482
93.54,32097.6,34957.2,0.5285,-0.1037,142.7,97.9,0.482
93.56,31995.2,34839.4,-0.0213,-0.3939,142.7,97.9,0.482
93.58,31911.6,34835.6,-0.4703,-0.4031,142.7,97.9,0.482
93.6,31771.8,34723.1,-1.2209,-0.6802,142.7,97.9,0.482
93.62,31780.5,34667.2,-1.1743,-0.8177,142.7,97.9,0.482
93.64,31819.6,34703.3,-0.9644,-0.7289,142.7,97.9,0.482
93.66,31824.7,34690.0,-0.9371,-0.7618,142.7,97.9,0.482
93.68,31781.1,34650.7,-1.1711,-0.8584,142.7,97.9,0.482
93.7,31786.7,34534.2,-1.1406,-1.1454,142.7,97.9,0.482
93.72,31804.0,34494.1,-1.0482,-1.244,142.7,97.9,0.482
93.74,31946.0,34666.2,-0.2854,-0.8204,142.7,97.9,0.482
93.76,31956.9,34931.7,-0.227,-0.1665,142.7,97.9,0.482
93.78,32137.1,35325.8,0.7405,0.8037,142.7,97.9,0.482
93.8,32300.1,35631.5,1.6159,1.5564,142.7,97.9,0.482
93.82,32294.7,35743.1,1.587,1.8311,142.7,97.9,0.482
93.84,32238.2,35761.2,1.2837,1.8756,142.7,97.9,0.482
93.86,32230.6,35563.3,1.2428,1.3886,142.7,97.9,0.482
93.88,32103.3,35233.5,0.5594,0.5765,142.7,97.9,0.482
93.9,32120.6,35227.8,0.6521,0.5624,142.7,97.9,0.482
93.92,31944.1,35137.9,-0.2957,0.3412,142.7,97.9,0.482
93.94,32005.9,35047.8,0.036,0.1194,142.7,97.9,0.482
93.96,31954.0,35002.6,-0.2425,0.008,142.7,97.9,0.482
93.98,31981.4,34880.6,-0.0955,-0.2924,142.7,97.9,0.482
94.0,31877.5,34875.3,-0.6531,-0.3054,142.7,97.9,0.482
94.02,31972.1,34713.6,-0.1451,-0.7036,142.7,97.9,0.482
94.04,31870.5,34726.9,-0.6907,-0.6707,142.7,97.9,0.482
94.06,31843.9,34653.9,-0.8339,-0.8507,142.7,97.9,0.482
94.08,31856.5,34573.6,-0.7659,-1.0482,142.7,97.9,0.482
94.1,31816.6,34485.1,-0.9805,-1.2661,142.7,97.9,0.482
94.12,31740.0,34617.1,-1.3916,-0.9411,142.7,97.9,0.482
94.14,31658.3,34395.2,-1.8303,-1.4875,142.7,97.9,0.482
94.16,31750.0,34620.1,-1.3379,-0.9339,142.7,97.9,0.482
94.18,32061.4,34949.8,0.3341,-0.1221,142.7,97.9,0.482
94.2,32115.8,35280.2,0.6265,0.6915,142.7,97.9,0.482
94.22,32169.6,35625.2,0.9151,1.541,142.7,97.9,0.482
94.24,32389.1,35767.3,2.0937,1.8906,142.7,97.9,0.482
94.26,32304.3,35695.9,1.6387,1.7149,142.7,97.9,0.482
94.28,32322.6,35512.2,1.737,1.2627,142.7,97.9,0.482
94.3,32042.8,35304.6,0.2344,0.7516,142.7,97.9,0.482
94.32,32094.8,35143.5,0.5136,0.3548,142.7,97.9,0.482
94.34,32152.6,35140.1,0.824,0.3466,142.7,97.9,0.482
94.36,32069.7,35097.0,0.3785,0.2405,142.7,97.9,0.482
94.38,31989.6,34995.4,-0.0512,-0.0098,142.7,97.9,0.482
94.4,31923.7,34970.0,-0.405,-0.0723,142.7,97.9,0.482
94.42,31884.0,34853.6,-0.6186,-0.359,142.7,97.9,0.482
94.44,31845.3,34675.8,-0.8264,-0.7967,142.7,97.9,0.482
94.46,31910.2,34678.6,-0.4779,-0.7898,142.7,97.9,0.482
94.48,31778.5,34784.4,-1.1849,-0.5292,142.7,97.9,0.482
94.5,31826.3,34629.6,-0.928,-0.9105,142.7,97.9,0.482
94.52,31775.5,34571.6,-1.2011,-1.0531,142.7,97.9,0.482
94.54,31789.5,34540.4,-1.1259,-1.13,142.7,97.9,0.482
94.56,31758.0,34459.6,-1.2952,-1.3289,142.7,97.9,0.482
94.58,31822.2,34634.5,-0.9501,-0.8982,142.7,97.9,0.482
94.6,31969.5,35004.9,-0.1591,0.0136,142.7,97.9,0.482
94.62,32003.1,35276.7,0.0214,0.6829,142.7,97.9,0.482
94.64,32251.4,35585.8,1.3546,1.4439,142.7,97.9,0.482
94.66,32324.9,35776.9,1.749,1.9144,142.7,97.9,0.482
94.68,32247.8,35649.6,1.3352,1.6009,142.7,97.9,0.482
94.7,32265.1,35480.7,1.4281,1.1851,142.7,97.9,0.482
94.72,32127.4,35319.6,0.6889,0.7884,142.7,97.9,0.482
94.74,32085.0,35120.3,0.4608,0.2977,142.7,97.9,0.482
94.76,32055.3,35049.6,0.3013,0.1237,142.7,97.9,0.482
94.78,32002.4,35102.6,0.0175,0.2541,142.7,97.9,0.482
94.8,31984.8,35035.3,-0.0773,0.0885,142.7,97.9,0.482
94.82,32035.8,34924.8,0.1966,-0.1835,142.7,97.9,0.482
94.84,31900.7,34758.1,-0.5289,-0.594,142.7,97.9,0.482
94.86,31869.1,34661.8,-0.6984,-0.8311,142.7,97.9,0.482
94.88,31793.5,34676.5,-1.1046,-0.7949,142.7,97.9,0.482
94.9,31830.6,34595.5,-0.9052,-0.9943,142.7,97.9,0.482
94.92,31833.7,34517.6,-0.8886,-1.1862,142.7,97.9,0.482
94.94,31787.3,34464.7,-1.1379,-1.3163,142.7,97.9,0.482
94.96,31789.5,34393.6,-1.126,-1.4914,142.7,97.9,0.482
94.98,31723.6,34493.1,-1.48,-1.2464,142.7,97.9,0.482
95.0,31801.6,34649.5,-1.0608,-0.8613,142.7,97.9,0.482
95.02,31919.1,34867.6,-0.4301,-0.3243,142.7,97.9,0.482
95.04,32206.1,35298.9,1.1114,0.7376,142.7,97.9,0.482
95.06,32188.3,35588.2,1.0159,1.4498,142.7,97.9,0.482
95.08,32333.9,35688.6,1.7974,1.6969,142.7,97.9,0.482
95.1,32337.8,35683.2,1.8185,1.6836,142.7,97.9,0.482
95.12,32226.2,35516.3,1.2192,1.2727,142.7,97.9,0.482
95.14,32068.5,35357.9,0.3724,0.8827,142.7,97.9,0.482
95.16,32058.7,35265.3,0.3199,0.6548,142.7,97.9,0.482
95.18,31957.3,35155.3,-0.2247,0.384,142.7,97.9,0.482
95.2,31977.6,35144.7,-0.116,0.3579,142.7,97.9,0.482
95.22,31910.6,34982.2,-0.4757,-0.0422,142.7,97.9,0.482
95.24,32117.5,34853.2,0.6353,-0.3598,142.7,97.9,0.482
95.26,31950.1,34826.2,-0.2636,-0.4264,142.7,97.9,0.482
95.28,31886.1,34759.8,-0.6072,-0.5898,142.7,97.9,0.482
95.3,31874.1,34716.7,-0.6715,-0.6959,142.7,97.9,0.482
95.32,31899.2,34674.9,-0.5369,-0.7988,142.7,97.9,0.482
95.34,31815.2,34529.9,-0.9878,-1.1558,142.7,97.9,0.482
95.36,31807.4,34498.3,-1.0296,-1.2338,142.7,97.9,0.482
95.38,31691.6,34449.5,-1.6518,-1.3538,142.7,97.9,0.482
95.4,31731.7,34517.6,-1.4363,-1.1862,142.7,97.9,0.482
95.42,31799.8,34637.8,-1.0707,-0.8901,142.7,97.9,0.482
95.44,31976.7,34845.0,-0.1206,-0.3801,142.7,97.9,0.482
95.46,32093.2,35199.1,0.505,0.4918,142.7,97.9,0.482
95.48,32242.4,35601.0,1.306,1.4812,142.7,97.9,0.482
95.5,32317.7,35771.8,1.7105,1.9017,142.7,97.9,0.482
95.52,32320.0,35617.4,1.7229,1.5216,142.7,97.9,0.482
95.54,32225.5,35574.3,1.2152,1.4156,142.7,97.9,0.482
95.56,32178.0,35348.6,0.9605,0.8599,142.7,97.9,0.482
95.58,31997.8,35169.1,-0.0074,0.4179,142.7,97.9,0.482
95.6,32033.4,35172.6,0.1839,0.4265,142.7,97.9,0.482
95.62,32009.3,35061.6,0.0544,0.1533,142.7,97.9,0.482
95.64,31979.0,34939.8,-0.1081,-0.1467,142.7,97.9,0.482
95.66,31975.6,34930.3,-0.1265,-0.1701,142.7,97.9,0.482
95.68,31909.0,34747.3,-0.4843,-0.6205,142.7,97.9,0.482
95.7,31818.7,34676.5,-0.9692,-0.795,142.7,97.9,0.482
95.72,31929.6,34757.8,-0.3733,-0.5948,142.7,97.9,0.482
95.74,31883.8,34733.3,-0.6193,-0.6552,142.7,97.9,0.482
95.76,31907.3,34643.4,-0.4932,-0.8763,142.7,97.9,0.482
95.78,31816.2,34534.8,-0.9824,-1.1439,142.7,97.9,0.482
95.8,31747.8,34471.6,-1.3495,-1.2994,142.7,97.9,0.482
95.82,31728.2,34462.8,-1.455,-1.3212,142.7,97.9,0.482
95.84,31896.2,34574.7,-0.5529,-1.0456,142.7,97.9,0.482
95.86,31904.2,34817.4,-0.5101,-0.4481,142.7,97.9,0.482
95.88,32226.6,35297.0,1.2212,0.7328,142.7,97.9,0.482
95.9,32268.3,35610.5,1.4454,1.5048,142.7,97.9,0.482
95.92,32244.9,35725.4,1.3194,1.7876,142.7,97.9,0.482
95.94,32315.6,35746.5,1.6993,1.8394,142.7,97.9,0.482
95.96,32298.0,35542.0,1.6048,1.3361,142.7,97.9,0.482
95.98,32189.4,35405.6,1.0217,1.0001,142.7,97.9,0.482
96.0,32042.0,35245.9,0.2301,0.6071,142.7,97.9,0.482
96.02,32139.3,35130.5,0.7527,0.323,142.7,97.9,0.482
96.04,32128.1,35119.5,0.6923,0.2959,142.7,97.9,0.482
96.06,32051.8,35045.5,0.2829,0.1135,142.7,97.9,0.482
96.08,31950.9,34868.2,-0.2589,-0.3229,142.7,97.9,0.482
96.1,31929.6,34772.8,-0.3738,-0.5577,142.7,97.9,0.482
96.12,31859.7,34669.4,-0.7487,-0.8124,142.7,97.9,0.482
96.14,31828.8,34779.4,-0.9148,-0.5416,142.7,97.9,0.482
96.16,31844.1,34641.3,-0.8328,-0.8815,142.7,97.9,0.482
96.18,31860.6,34542.9,-0.744,-1.1239,142.7,97.9,0.482
96.2,31868.5,34576.8,-0.7015,-1.0404,142.7,97.9,0.482
96.22,31800.3,34395.5,-1.068,-1.4867,142.7,97.9,0.482
96.24,31710.4,34399.9,-1.5504,-1.4759,142.7,97.9,0.482
96.26,31861.9,34582.3,-0.7371,-1.027,142.7,97.9,0.482
96.28,32032.4,34805.9,0.1787,-0.4763,142.7,97.9,0.482
96.3,32114.4,35212.7,0.6187,0.5253,142.7,97.9,0.482
96.32,32239.6,35524.0,1.2912,1.2917,142.7,97.9,0.482
96.34,32258.7,35659.2,1.3939,1.6245,142.7,97.9,0.482
96.36,32324.5,35766.7,1.747,1.8892,142.7,97.9,0.482
96.38,32249.7,35655.2,1.3456,1.6148,142.7,97.9,0.482
96.4,32108.7,35335.1,0.5884,0.8266,142.7,97.9,0.482
96.42,32076.9,35252.8,0.4177,0.6241,142.7,97.9,0.482
96.44,32110.8,35130.3,0.5994,0.3224,142.7,97.9,0.482
96.46,31995.5,35076.6,-0.0197,0.1901,142.7,97.9,0.482
96.48,32036.6,34964.6,0.2013,-0.0857,142.7,97.9,0.482
96.5,31945.6,34895.7,-0.2875,-0.2553,142.7,97.9,0.482
96.52,31896.8,34892.0,-0.5499,-0.2642,142.7,97.9,0.482
96.54,31944.0,34634.8,-0.2962,-0.8975,142.7,97.9,0.482
96.56,31793.5,34648.6,-1.1046,-0.8637,142.7,97.9,0.482
96.58,31969.7,34642.8,-0.158,-0.8779,142.7,97.9,0.482
96.6,31924.7,34645.3,-0.3997,-0.8718,142.7,97.9,0.482
96.62,31824.5,34465.2,-0.9378,-1.3151,142.7,97.9,0.482
96.64,31771.2,34427.3,-1.2241,-1.4084,142.7,97.9,0.482
96.66,31756.9,34550.6,-1.3007,-1.105,142.7,97.9,0.482
96.68,31689.3,34568.1,-1.6638,-1.0618,142.7,97.9,0.482
96.7,31944.9,34832.6,-0.2914,-0.4105,142.7,97.9,0.482
96.72,32137.4,35333.1,0.7424,0.8218,142.7,97.9,0.482
96.74,32232.2,35659.7,1.2511,1.6259,142.7,97.9,0.482
96.76,32246.9,35752.4,1.3301,1.854,142.7,97.9,0.482
96.78,32353.1,35703.9,1.9007,1.7347,142.7,97.9,0.482
96.8,32190.3,35598.6,1.0264,1.4754,142.7,97.9,0.482
96.82,32154.8,35311.7,0.836,0.7691,142.7,97.9,0.482
96.84,32166.4,35203.6,0.8982,0.5028,142.7,97.9,0.482
96.86,32012.0,35153.5,0.0688,0.3794,142.7,97.9,0.482
96.88,31941.4,35005.1,-0.3101,0.0142,142.7,97.9,0.482
96.9,31942.5,35017.0,-0.3044,0.0433,142.7,97.9,0.482
96.92,31985.7,34914.4,-0.0725,-0.2092,142.7,97.9,0.482
96.94,31846.1,34865.3,-0.8221,-0.33,142.7,97.9,0.482
96.96,31877.1,34619.6,-0.6553,-0.9351,142.7,97.9,0.482
96.98,31793.7,34749.1,-1.1032,-0.6162,142.7,97.9,0.482
97.0,31867.9,34708.0,-0.7048,-0.7174,142.7,97.9,0.482
97.02,31870.9,34543.2,-0.6888,-1.1231,142.7,97.9,0.482
97.04,31851.8,34497.8,-0.7914,-1.2348,142.7,97.9,0.482
97.06,31798.6,34458.2,-1.0768,-1.3324,142.7,97.9,0.482
97.08,31659.8,34475.9,-1.8223,-1.2887,142.7,97.9,0.482
97.1,31740.4,34657.4,-1.3897,-0.8419,142.7,97.9,0.482
97.12,31949.6,34948.8,-0.2663,-0.1246,142.7,97.9,0.482
97.14,32082.3,35236.1,0.4462,0.5829,142.7,97.9,0.482
97.16,32281.9,35636.1,1.5184,1.5678,142.7,97.9,0.482
97.18,32302.7,35799.3,1.6299,1.9697,142.7,97.9,0.482
97.2,32289.4,35655.5,1.5584,1.6154,142.7,97.9,0.482
97.22,32194.7,35558.0,1.0498,1.3754,142.7,97.9,0.482
97.24,32181.7,35396.4,0.9801,0.9775,142.7,97.9,0.482
97.26,32029.1,35168.0,0.161,0.4151,142.7,97.9,0.482
97.28,32107.6,35089.6,0.5822,0.2222,142.7,97.9,0.482
97.3,32098.6,35120.1,0.534,0.2972,142.7,97.9,0.482
97.32,31967.4,35029.7,-0.1707,0.0748,142.7,97.9,0.482
97.34,31957.3,34936.0,-0.225,-0.156,142.7,97.9,0.482
97.36,31901.6,34791.3,-0.5238,-0.5124,142.7,97.9,0.482
97.38,31849.7,34808.4,-0.8025,-0.4701,142.7,97.9,0.482
97.4,31830.9,34637.5,-0.9033,-0.8911,142.7,97.9,0.482
97.42,31963.2,34647.6,-0.1933,-0.8661,142.7,97.9,0.482
97.44,31817.9,34623.1,-0.9732,-0.9265,142.7,97.9,0.482
97.46,31878.0,34557.1,-0.6507,-1.0888,142.7,97.9,0.482
97.48,31828.5,34523.2,-0.9166,-1.1724,142.7,97.9,0.482
97.5,31806.5,34488.7,-1.0348,-1.2574,142.7,97.9,0.482
97.52,31846.5,34604.2,-0.8199,-0.9729,142.7,97.9,0.482
97.54,31954.8,34907.5,-0.2381,-0.2263,142.7,97.9,0.482
97.56,32066.9,35237.2,0.3637,0.5856,142.7,97.9,0.482
97.58,32204.5,35503.4,1.1028,1.241,142.7,97.9,0.482
97.6,32308.0,35700.8,1.6583,1.727,142.7,97.9,0.482
97.62,32296.9,35774.9,1.5986,1.9094,142.7,97.9,0.482
97.64,32253.9,35559.9,1.3681,1.3802,142.7,97.9,0.482
97.66,32125.9,35385.1,0.6806,0.9497,142.7,97.9,0.482
97.68,32066.6,35163.0,0.3623,0.403,142.7,97.9,0.482
97.7,32079.8,35097.8,0.4331,0.2422,142.7,97.9,0.482
97.72,32063.4,35044.5,0.3447,0.1112,142.7,97.9,0.482
97.74,32000.5,35017.8,0.0071,0.0454,142.7,97.9,0.482
97.76,31882.2,34934.2,-0.6282,-0.1604,142.7,97.9,0.482
97.78,31922.7,34803.7,-0.4108,-0.4818,142.7,97.9,0.482
97.8,31967.0,34728.9,-0.1729,-0.6659,142.7,97.9,0.482
97.82,31854.4,34650.7,-0.7774,-0.8584,142.7,97.9,0.482
97.84,31882.4,34639.5,-0.6272,-0.886,142.7,97.9,0.482
97.86,31904.2,34603.2,-0.5097,-0.9755,142.7,97.9,0.482
97.88,31766.2,34492.9,-1.2512,-1.2471,142.7,97.9,0.482
97.9,31616.0,34448.3,-2.0578,-1.3569,142.7,97.9,0.482
97.92,31811.0,34497.8,-1.0102,-1.2349,142.7,97.9,0.482
97.94,31746.8,34503.0,-1.3553,-1.2222,142.7,97.9,0.482
97.96,31968.5,34868.7,-0.1649,-0.3218,142.7,97.9,0.482
97.98,32117.9,35261.9,0.6375,0.6464,142.7,97.9,0.482
98.0,32245.2,35675.0,1.3214,1.6635,142.7,97.9,0.482
98.02,32328.6,35728.1,1.7692,1.7941,142.7,97.9,0.482
98.04,32362.7,35676.6,1.9524,1.6675,142.7,97.9,0.482
98.06,32212.6,35534.7,1.146,1.3182,142.7,97.9,0.482
98.08,32151.5,35398.3,0.8178,0.9822,142.7,97.9,0.482
98.1,32095.6,35172.2,0.518,0.4256,142.7,97.9,0.482
98.12,32051.6,35063.4,0.2814,0.1577,142.7,97.9,0.482
98.14,32079.6,35085.1,0.4317,0.2112,142.7,97.9,0.482
98.16,32031.7,34996.1,0.1748,-0.0081,142.7,97.9,0.482
98.18,32011.9,34975.1,0.0687,-0.0597,142.7,97.9,0.482
98.2,31942.9,34664.5,-0.3022,-0.8245,142.7,97.9,0.482
98.22,31907.7,34730.3,-0.4913,-0.6625,142.7,97.9,0.482
98.24,31808.3,34747.1,-1.0247,-0.621,142.7,97.9,0.482
98.26,31860.1,34695.7,-0.7467,-0.7477,142.7,97.9,0.482
98.28,31835.4,34689.3,-0.8795,-0.7635,142.7,97.9,0.482
98.3,31875.0,34413.8,-0.6669,-1.4418,142.7,97.9,0.482
98.32,31745.6,34451.7,-1.3616,-1.3483,142.7,97.9,0.482
98.34,31773.7,34430.5,-1.2109,-1.4006,142.7,97.9,0.482
98.36,31863.5,34590.6,-0.7286,-1.0065,142.7,97.9,0.482
98.38,31910.5,34837.4,-0.4759,-0.3989,142.7,97.9,0.482
98.4,32015.7,35206.6,0.0887,0.5102,142.7,97.9,0.482
98.42,32199.9,35451.7,1.078,1.1137,142.7,97.9,0.482
98.44,32228.1,35865.1,1.2293,2.1316,142.7,97.9,0.482
98.46,32320.7,35802.7,1.7265,1.9779,142.7,97.9,0.482
98.48,32258.3,35600.0,1.3914,1.479,142.7,97.9,0.482
98.5,32182.1,35402.1,0.9822,0.9915,142.7,97.9,0.482
98.52,32014.9,35185.9,0.0845,0.4594,142.7,97.9,0.482
98.54,32079.0,35068.5,0.4289,0.1702,142.7,97.9,0.482
98.56,32106.0,35123.8,0.5739,0.3064,142.7,97.9,0.482
98.58,32026.2,35006.7,0.145,0.0181,142.7,97.9,0.482
98.6,31953.1,34912.1,-0.2475,-0.2147,142.7,97.9,0.482
98.62,31837.3,34873.2,-0.869,-0.3106,142.7,97.9,0.482
98.64,31815.1,34693.1,-0.9884,-0.7541,142.7,97.9,0.482
98.66,31886.9,34583.2,-0.6029,-1.0246,142.7,97.9,0.482
98.68,31753.8,34700.7,-1.3176,-0.7354,142.7,97.9,0.482
98.7,31851.3,34675.2,-0.7939,-0.798,142.7,97.9,0.482
98.72,31758.9,34598.7,-1.2904,-0.9865,142.7,97.9,0.482
98.74,31800.2,34478.3,-1.0682,-1.2829,142.7,97.9,0.482
98.76,31634.5,34426.1,-1.9584,-1.4115,142.7,97.9,0.482
98.78,31858.8,34595.0,-0.7539,-0.9955,142.7,97.9,0.482
98.8,31983.4,34808.6,-0.0847,-0.4697,142.7,97.9,0.482
98.82,32071.6,35213.6,0.3891,0.5274,142.7,97.9,0.482
98.84,32162.3,35590.9,0.876,1.4564,142.7,97.9,0.482
98.86,32411.0,35689.3,2.2117,1.6988,142.7,97.9,0.482
98.88,32331.1,35682.0,1.7823,1.6807,142.7,97.9,0.482
98.9,32203.8,35564.2,1.0988,1.3907,142.7,97.9,0.482
98.92,32223.5,35487.9,1.2044,1.2029,142.7,97.9,0.482
98.94,32152.6,35164.8,0.8241,0.4074,142.7,97.9,0.482
98.96,31977.6,34953.4,-0.1158,-0.1133,142.7,97.9,0.482
98.98,32001.2,34987.7,0.0111,-0.0287,142.7,97.9,0.482
99.0,31956.2,35115.5,-0.2305,0.2859,142.7,97.9,0.482
99.02,32036.8,35005.2,0.202,0.0144,142.7,97.9,0.482
99.04,31959.4,34892.5,-0.2136,-0.2631,142.7,97.9,0.482
99.06,31843.0,34639.8,-0.8383,-0.8852,142.7,97.9,0.482
99.08,31842.5,34667.4,-0.841,-0.8172,142.7,97.9,0.482
99.1,31918.7,34598.2,-0.432,-0.9877,142.7,97.9,0.482
99.12,31849.2,34663.2,-0.8051,-0.8277,142.7,97.9,0.482
99.14,31855.8,34566.5,-0.7698,-1.0659,142.7,97.9,0.482
99.16,31687.9,34360.6,-1.6717,-1.5727,142.7,97.9,0.482
99.18,31802.5,34503.4,-1.0563,-1.2212,142.7,97.9,0.482
99.2,31852.7,34577.2,-0.7864,-1.0394,142.7,97.9,0.482
99.22,31926.4,34837.0,-0.3907,-0.3997,142.7,97.9,0.482
99.24,32043.2,35233.6,0.2367,0.5768,142.7,97.9,0.482
99.26,32293.6,35539.0,1.5809,1.3286,142.7,97.9,0.482
99.28,32320.1,35720.2,1.7232,1.7747,142.7,97.9,0.482
99.3,32368.9,35760.6,1.9854,1.8742,142.7,97.9,0.482
99.32,32254.2,35506.4,1.3695,1.2484,142.7,97.9,0.482
99.34,32124.1,35372.3,0.6707,0.9181,142.7,97.9,0.482
99.36,32106.1,35193.2,0.5745,0.4772,142.7,97.9,0.482
99.38,32049.0,35119.0,0.2676,0.2945,142.7,97.9,0.482
99.4,32044.1,35197.4,0.2413,0.4875,142.7,97.9,0.482
99.42,32001.4,35043.9,0.0122,0.1097,142.7,97.9,0.482
99.44,31956.9,34969.9,-0.2268,-0.0725,142.7,97.9,0.482
99.46,31936.8,34865.4,-0.3347,-0.3299,142.7,97.9,0.482
99.48,31878.4,34719.0,-0.6483,-0.6903,142.7,97.9,0.482
99.5,31836.3,34734.7,-0.8747,-0.6515,142.7,97.9,0.482
99.52,31794.5,34667.0,-1.099,-0.8183,142.7,97.9,0.482
99.54,31683.5,34598.5,-1.6948,-0.9869,142.7,97.9,0.482
99.56,31829.2,34579.3,-0.9126,-1.0342,142.7,97.9,0.482
99.58,31702.3,34444.3,-1.5943,-1.3667,142.7,97.9,0.482
99.6,31741.5,34408.4,-1.3834,-1.4549,142.7,97.9,0.482
99.62,31791.5,34486.4,-1.1151,-1.2631,142.7,97.9,0.482
99.64,31979.3,34826.5,-0.1067,-0.4255,142.7,97.9,0.482
99.66,32064.9,35145.0,0.3529,0.3585,142.7,97.9,0.482
99.68,32209.0,35517.1,1.1267,1.2748,142.7,97.9,0.482
99.7,32291.4,35704.6,1.5693,1.7364,142.7,97.9,0.482
99.72,32276.9,35745.0,1.4917,1.8359,142.7,97.9,0.482
99.74,32254.0,35686.8,1.3685,1.6925,142.7,97.9,0.482
99.76,32266.2,35443.0,1.434,1.0922,142.7,97.9,0.482
99.78,32064.9,35248.3,0.3529,0.6129,142.7,97.9,0.482
99.8,32060.4,35137.6,0.3291,0.3403,142.7,97.9,0.482
99.82,32004.5,35112.3,0.0287,0.278,142.7,97.9,0.482
99.84,31993.2,35093.7,-0.032,0.2323,142.7,97.9,0.482
99.86,32014.7,34963.6,0.0834,-0.088,142.7,97.9,0.482
99.88,31857.3,34817.9,-0.762,-0.4468,142.7,97.9,0.482
99.9,31890.0,34699.4,-0.5863,-0.7386,142.7,97.9,0.482
99.92,31779.3,34646.7,-1.1807,-0.8683,142.7,97.9,0.482
99.94,31781.1,34732.6,-1.1708,-0.6569,142.7,97.9,0.482
99.96,31797.9,34550.9,-1.0806,-1.1042,142.7,97.9,0.482
99.98,31856.6,34582.1,-0.7653,-1.0274,142.7,97.9,0.482
100.0,31837.0,34505.1,-0.8706,-1.2168,142.7,97.9,0.482
100.02,31623.5,34485.0,-2.0171,-1.2664,142.7,97.9,0.482
100.04,31747.8,34512.2,-1.3495,-1.1995,142.7,97.9,0.482
100.06,31929.7,34898.2,-0.373,-0.2491,142.7,97.9,0.482
100.08,32040.6,35191.8,0.2225,0.4737,142.7,97.9,0.482
100.1,32274.1,35534.0,1.4765,1.3165,142.7,97.9,0.482
100.12,32472.1,35759.3,2.5394,1.8711,142.7,97.9,0.482
100.14,32332.9,35688.9,1.7919,1.6977,142.7,97.9,0.482
100.16,32273.7,35648.7,1.4742,1.5987,142.7,97.9,0.482
100.18,32186.6,35424.4,1.0065,1.0464,142.7,97.9,0.482
100.2,32104.5,35259.4,0.5655,0.6402,142.7,97.9,0.482
100.22,32056.5,35110.8,0.308,0.2744,142.7,97.9,0.482
100.24,31965.0,35121.2,-0.1835,0.3,142.7,97.9,0.482
100.26,31968.3,34990.2,-0.1656,-0.0227,142.7,97.9,0.482
100.28,31936.7,34930.4,-0.3356,-0.1698,142.7,97.9,0.482
100.3,31894.5,34919.8,-0.5619,-0.1958,142.7,97.9,0.482
100.32,31991.9,34699.1,-0.0391,-0.7393,142.7,97.9,0.482
100.34,31863.5,34673.2,-0.7283,-0.8032,142.7,97.9,0.482
100.36,31720.0,34733.3,-1.499,-0.6551,142.7,97.9,0.482
100.38,31837.7,34752.9,-0.8668,-0.6068,142.7,97.9,0.482
100.4,31747.9,34513.1,-1.3495,-1.1972,142.7,97.9,0.482
100.42,31774.7,34498.8,-1.2053,-1.2325,142.7,97.9,0.482
100.44,31783.1,34467.8,-1.1603,-1.3088,142.7,97.9,0.482
100.46,31723.5,34545.5,-1.4802,-1.1174,142.7,97.9,0.482
100.48,31870.1,34772.0,-0.6932,-0.5597,142.7,97.9,0.482
100.5,32082.8,35161.9,0.4491,0.4002,142.7,97.9,0.482
100.52,32153.4,35502.3,0.8284,1.2383,142.7,97.9,0.482
100.54,32326.5,35633.6,1.7577,1.5615,142.7,97.9,0.482
100.56,32292.3,35804.8,1.574,1.9831,142.7,97.9,0.482
100.58,32252.8,35650.1,1.3622,1.6021,142.7,97.9,0.482
100.6,32165.0,35394.6,0.8905,0.9732,142.7,97.9,0.482
100.62,32171.5,35303.7,0.9252,0.7493,142.7,97.9,0.482
100.64,31971.4,35175.0,-0.1492,0.4324,142.7,97.9,0.482
100.66,32031.5,35113.9,0.1737,0.2821,142.7,97.9,0.482
100.68,31973.3,35124.4,-0.139,0.3079,142.7,97.9,0.482
100.7,31984.3,34813.8,-0.0799,-0.4568,142.7,97.9,0.482
100.72,31988.0,34841.6,-0.0598,-0.3886,142.7,97.9,0.482
100.74,31895.7,34728.0,-0.5557,-0.6681,142.7,97.9,0.482
100.76,31820.4,34693.7,-0.96,-0.7527,142.7,97.9,0.482
100.78,31867.1,34588.4,-0.7091,-1.0119,142.7,97.9,0.482
100.8,31805.2,34649.7,-1.0417,-0.861,142.7,97.9,0.482
100.82,31793.5,34610.5,-1.1043,-0.9574,142.7,97.9,0.482
100.84,31806.3,34533.8,-1.0358,-1.1462,142.7,97.9,0.482
100.86,31785.2,34384.0,-1.1491,-1.5152,142.7,97.9,0.482
100.88,31893.4,34650.5,-0.5678,-0.8588,142.7,97.9,0.482
100.9,31877.4,34772.7,-0.6541,-0.5581,142.7,97.9,0.482
100.92,32139.7,35102.6,0.7547,0.2541,142.7,97.9,0.482
100.94,32242.9,35544.8,1.3087,1.3429,142.7,97.9,0.482
100.96,32402.4,35733.3,2.1655,1.807,142.7,97.9,0.482
100.98,32282.1,35745.1,1.5192,1.8361,142.7,97.9,0.482
101.0,32232.3,35644.1,1.252,1.5873,142.7,97.9,0.482
101.02,32159.2,35457.7,0.8596,1.1285,142.7,97.9,0.482
101.04,32050.4,35217.0,0.2751,0.5357,142.7,97.9,0.482
101.06,32104.4,35210.5,0.5651,0.5198,142.7,97.9,0.482
101.08,32065.1,35194.2,0.3539,0.4796,142.7,97.9,0.482
101.1,31886.7,35025.9,-0.6037,0.0654,142.7,97.9,0.482
101.12,31902.6,34868.2,-0.5187,-0.3229,142.7,97.9,0.482
101.14,31985.1,34877.6,-0.0758,-0.2999,142.7,97.9,0.482
101.16,31862.5,34782.1,-0.7336,-0.535,142.7,97.9,0.482
101.18,31840.3,34714.8,-0.853,-0.7005,142.7,97.9,0.482
101.2,31839.0,34631.5,-0.8599,-0.9057,142.7,97.9,0.482
101.22,31795.4,34669.8,-1.0944,-0.8115,142.7,97.9,0.482
101.24,31805.1,34621.9,-1.0422,-0.9295,142.7,97.9,0.482
101.26,31686.2,34564.5,-1.6807,-1.0707,142.7,97.9,0.482
101.28,31728.5,34387.4,-1.4532,-1.5068,142.7,97.9,0.482
101.3,31843.3,34534.2,-0.8367,-1.1452,142.7,97.9,0.482
101.32,31895.9,34758.3,-0.5544,-0.5934,142.7,97.9,0.482
101.34,32003.5,35047.6,0.0235,0.1188,142.7,97.9,0.482
101.36,32255.8,35517.6,1.378,1.276,142.7,97.9,0.482
101.38,32251.7,35751.7,1.356,1.8523,142.7,97.9,0.482
101.4,32237.9,35817.1,1.2819,2.0134,142.7,97.9,0.482
101.42,32315.0,35615.7,1.6961,1.5175,142.7,97.9,0.482
101.44,32190.7,35509.1,1.0284,1.255,142.7,97.9,0.482
101.46,32142.7,35238.5,0.771,0.5888,142.7,97.9,0.482
101.48,32097.9,35203.3,0.53,0.502,142.7,97.9,0.482
101.5,32078.2,35076.6,0.4244,0.1901,142.7,97.9,0.482
101.52,32069.9,35044.1,0.38,0.1102,142.7,97.9,0.482
101.54,32005.5,34934.8,0.0339,-0.159,142.7,97.9,0.482
101.56,31980.7,34854.3,-0.0992,-0.3572,142.7,97.9,0.482
101.58,31863.5,34739.3,-0.7284,-0.6403,142.7,97.9,0.482
101.6,31797.0,34606.8,-1.0855,-0.9665,142.7,97.9,0.482
101.62,31796.7,34683.1,-1.0872,-0.7788,142.7,97.9,0.482
101.64,31922.4,34689.8,-0.4121,-0.7623,142.7,97.9,0.482
101.66,31814.6,34621.5,-0.9912,-0.9304,142.7,97.9,0.482
101.68,31734.9,34588.4,-1.4188,-1.0119,142.7,97.9,0.482
101.7,31740.9,34403.5,-1.3869,-1.467,142.7,97.9,0.482
101.72,31742.1,34548.6,-1.3806,-1.1097,142.7,97.9,0.482
101.74,31915.3,34778.9,-0.4503,-0.5429,142.7,97.9,0.482
101.76,32058.6,35184.2,0.3193,0.4551,142.7,97.9,0.482
101.78,32182.4,35486.6,0.9837,1.1996,142.7,97.9,0.482
101.8,32371.9,35685.7,2.0017,1.6899,142.7,97.9,0.482
101.82,32443.4,35739.6,2.3855,1.8226,142.7,97.9,0.482
101.84,32351.9,35570.8,1.8942,1.4069,142.7,97.9,0.482
101.86,32284.9,35359.0,1.5345,0.8854,142.7,97.9,0.482
101.88,32106.1,35281.4,0.5743,0.6945,142.7,97.9,0.482
101.9,32129.7,35133.1,0.701,0.3292,142.7,97.9,0.482
101.92,32113.6,35040.3,0.6147,0.1007,142.7,97.9,0.482
101.94,31953.9,35112.4,-0.2431,0.2784,142.7,97.9,0.482
101.96,32093.5,34943.1,0.5063,-0.1386,142.7,97.9,0.482
101.98,31984.6,34848.7,-0.078,-0.3708,142.7,97.9,0.482
102.0,31870.4,34690.9,-0.6916,-0.7594,142.7,97.9,0.482
102.02,31848.5,34653.4,-0.8089,-0.8518,142.7,97.9,0.482
102.04,31822.9,34666.1,-0.9463,-0.8206,142.7,97.9,0.482
102.06,31900.5,34668.2,-0.53,-0.8154,142.7,97.9,0.482
102.08,31839.5,34543.6,-0.8572,-1.1221,142.7,97.9,0.482
102.1,31870.0,34487.2,-0.6938,-1.261,142.7,97.9,0.482
102.12,31744.6,34487.8,-1.3669,-1.2596,142.7,97.9,0.482
102.14,31788.9,34590.9,-1.1293,-1.0057,142.7,97.9,0.482
102.16,31859.4,34770.5,-0.7507,-0.5635,142.7,97.9,0.482
102.18,32075.2,35100.0,0.4082,0.2479,142.7,97.9,0.482
102.2,32205.1,35493.1,1.1056,1.2157,142.7,97.9,0.482
102.22,32322.2,35708.5,1.7349,1.7461,142.7,97.9,0.482
102.24,32289.9,35790.0,1.5611,1.9467,142.7,97.9,0.482
102.26,32195.0,35548.5,1.0514,1.352,142.7,97.9,0.482
102.28,32198.5,35420.7,1.0703,1.0375,142.7,97.9,0.482
102.3,32146.5,35315.0,0.7912,0.7771,142.7,97.9,0.482
102.32,32069.3,35212.3,0.3768,0.5243,142.7,97.9,0.482
102.34,32062.9,35088.7,0.3423,0.2199,142.7,97.9,0.482
102.36,32024.0,35101.3,0.1334,0.251,142.7,97.9,0.482
102.38,31864.2,35002.6,-0.7248,0.0079,142.7,97.9,0.482
102.4,31936.6,34813.8,-0.3359,-0.4569,142.7,97.9,0.482
102.42,31930.0,34770.3,-0.3716,-0.5639,142.7,97.9,0.482
102.44,31802.2,34713.4,-1.0575,-0.704,142.7,97.9,0.482
102.46,31789.7,34695.5,-1.125,-0.7483,142.7,97.9,0.482
102.48,31892.4,34603.4,-0.5733,-0.9749,142.7,97.9,0.482
102.5,31761.0,34604.6,-1.2789,-0.9721,142.7,97.9,0.482
102.52,31737.8,34661.5,-1.4037,-0.8318,142.7,97.9,0.482
102.54,31783.3,34536.2,-1.1594,-1.1403,142.7,97.9,0.482
102.56,31899.6,34520.4,-0.5345,-1.1794,142.7,97.9,0.482
102.58,31930.3,34738.4,-0.37,-0.6426,142.7,97.9,0.482
102.6,32014.3,35196.6,0.0813,0.4857,142.7,97.9,0.482
102.62,32225.1,35514.4,1.2131,1.2681,142.7,97.9,0.482
102.64,32302.8,35675.8,1.6304,1.6655,142.7,97.9,0.482
102.66,32382.2,35737.0,2.0567,1.8161,142.7,97.9,0.482
102.68,32303.5,35625.4,1.6342,1.5415,142.7,97.9,0.482
102.7,32137.4,35458.0,0.7423,1.1292,142.7,97.9,0.482
102.72,32155.9,35245.5,0.8419,0.6059,142.7,97.9,0.482
102.74,31989.0,35112.0,-0.0545,0.2774,142.7,97.9,0.482
102.76,31967.2,35103.3,-0.1716,0.256,142.7,97.9,0.482
102.78,32019.7,35161.8,0.1104,0.3999,142.7,97.9,0.482
102.8,31972.2,34968.4,-0.145,-0.0761,142.7,97.9,0.482
102.82,31932.2,34907.9,-0.3595,-0.2252,142.7,97.9,0.482
102.84,31793.5,34728.9,-1.1041,-0.6658,142.7,97.9,0.482
102.86,31847.0,34791.3,-0.8169,-0.5122,142.7,97.9,0.482
102.88,31837.0,34707.3,-0.8707,-0.719,142.7,97.9,0.482
102.9,31748.5,34577.1,-1.3462,-1.0397,142.7,97.9,0.482
102.92,31754.2,34636.1,-1.3154,-0.8944,142.7,97.9,0.482
102.94,31667.1,34481.6,-1.7833,-1.2747,142.7,97.9,0.482
102.96,31747.7,34450.8,-1.3505,-1.3507,142.7,97.9,0.482
102.98,31798.7,34548.6,-1.0762,-1.1097,142.7,97.9,0.482
103.0,31804.1,34827.1,-1.0474,-0.4241,142.7,97.9,0.482
103.02,31995.4,35155.7,-0.02,0.3849,142.7,97.9,0.482
103.04,32124.0,35465.5,0.6701,1.1476,142.7,97.9,0.482
103.06,32347.1,35630.0,1.8684,1.5528,142.7,97.9,0.482
103.08,32462.2,35755.1,2.4865,1.8607,142.7,97.9,0.482
103.1,32286.5,35653.6,1.543,1.6107,142.7,97.9,0.482
103.12,32272.6,35478.8,1.4683,1.1805,142.7,97.9,0.482
103.14,32064.1,35286.0,0.3488,0.7057,142.7,97.9,0.482
103.16,32067.3,35111.9,0.366,0.2771,142.7,97.9,0.482
103.18,32027.9,35104.5,0.1543,0.2588,142.7,97.9,0.482
103.2,31998.0,34989.0,-0.006,-0.0256,142.7,97.9,0.482
103.22,31944.3,34895.7,-0.2947,-0.2553,142.7,97.9,0.482
103.24,31978.5,34925.8,-0.1111,-0.181,142.7,97.9,0.482
103.26,31941.9,34720.5,-0.3077,-0.6866,142.7,97.9,0.482
103.28,31854.1,34691.5,-0.7788,-0.7581,142.7,97.9,0.482
103.3,31875.2,34709.6,-0.6658,-0.7134,142.7,97.9,0.482
103.32,31901.2,34601.9,-0.5263,-0.9787,142.7,97.9,0.482
103.34,31783.4,34558.9,-1.1584,-1.0846,142.7,97.9,0.482
103.36,31788.3,34605.1,-1.1324,-0.9707,142.7,97.9,0.482
103.38,31716.8,34416.2,-1.5161,-1.4358,142.7,97.9,0.482
103.4,31778.0,34480.1,-1.1878,-1.2784,142.7,97.9,0.482
103.42,31869.6,34644.8,-0.6958,-0.8729,142.7,97.9,0.482
103.44,32084.2,35109.6,0.4569,0.2715,142.7,97.9,0.482
103.46,32202.1,35416.9,1.0897,1.0281,142.7,97.9,0.482
103.48,32354.6,35604.4,1.9086,1.4897,142.7,97.9,0.482
103.5,32318.6,35733.5,1.7155,1.8075,142.7,97.9,0.482
103.52,32384.0,35622.6,2.0663,1.5345,142.7,97.9,0.482
103.54,32200.2,35487.3,1.0797,1.2015,142.7,97.9,0.482
103.56,32098.9,35218.6,0.5358,0.5397,142.7,97.9,0.482
103.58,32157.2,35175.7,0.8488,0.4341,142.7,97.9,0.482
103.6,31962.7,35000.9,-0.1956,0.0039,142.7,97.9,0.482
103.62,32050.9,35057.9,0.2777,0.1441,142.7,97.9,0.482
103.64,32017.7,35046.0,0.0996,0.1149,142.7,97.9,0.482
103.66,31931.4,34730.0,-0.364,-0.6631,142.7,97.9,0.482
103.68,31868.8,34828.5,-0.7001,-0.4207,142.7,97.9,0.482
103.7,31803.6,34633.1,-1.0501,-0.9017,142.7,97.9,0.482
103.72,31872.9,34629.5,-0.6779,-0.9108,142.7,97.9,0.482
103.74,31748.8,34691.3,-1.3446,-0.7585,142.7,97.9,0.482
103.76,31806.9,34687.6,-1.0323,-0.7676,142.7,97.9,0.482
103.78,31782.2,34579.6,-1.1652,-1.0335,142.7,97.9,0.482
103.8,31672.9,34409.4,-1.7521,-1.4525,142.7,97.9,0.482
103.82,31766.6,34623.5,-1.2488,-0.9253,142.7,97.9,0.482
103.84,31961.0,34734.6,-0.2049,-0.6519,142.7,97.9,0.482
103.86,32069.1,35049.9,0.3755,0.1244,142.7,97.9,0.482
103.88,32196.8,35529.6,1.0614,1.3056,142.7,97.9,0.482
103.9,32328.9,35726.2,1.7708,1.7896,142.7,97.9,0.482
103.92,32310.8,35774.6,1.6737,1.9087,142.7,97.9,0.482
103.94,32330.3,35614.4,1.778,1.5143,142.7,97.9,0.482
103.96,32191.7,35543.3,1.0341,1.3393,142.7,97.9,0.482
103.98,32076.5,35268.5,0.4154,0.6627,142.7,97.9,0.482
104.0,32022.6,35197.5,0.1258,0.4878,142.7,97.9,0.482
104.02,32065.9,35000.5,0.3583,0.0027,142.7,97.9,0.482
104.04,31957.3,34979.0,-0.2249,-0.0501,142.7,97.9,0.482
104.06,31967.7,34919.5,-0.169,-0.1967,142.7,97.9,0.482
104.08,31984.0,34829.8,-0.0813,-0.4174,142.7,97.9,0.482
104.1,31858.1,34785.5,-0.7573,-0.5266,142.7,97.9,0.482
104.12,31887.8,34659.1,-0.598,-0.8377,142.7,97.9,0.482
104.14,31882.7,34570.4,-0.6256,-1.0561,142.7,97.9,0.482
104.16,31862.7,34585.1,-0.7326,-1.0199,142.7,97.9,0.482
104.18,31786.5,34496.4,-1.142,-1.2384,142.7,97.9,0.482
104.2,31890.7,34514.0,-0.5825,-1.195,142.7,97.9,0.482
104.22,31790.3,34513.5,-1.1216,-1.1963,142.7,97.9,0.482
104.24,31892.4,34577.2,-0.5731,-1.0393,142.7,97.9,0.482
104.26,31914.9,34652.3,-0.4526,-0.8544,142.7,97.9,0.482
104.28,32003.7,35055.2,0.0246,0.1374,142.7,97.9,0.482
104.3,32110.3,35432.1,0.5967,1.0655,142.7,97.9,0.482
104.32,32296.1,35788.4,1.5943,1.9427,142.7,97.9,0.482
104.34,32346.8,35787.2,1.8668,1.9396,142.7,97.9,0.482
104.36,32197.8,35645.8,1.0665,1.5917,142.7,97.9,0.482
104.38,32130.7,35471.3,0.7063,1.1619,142.7,97.9,0.482
104.4,32093.6,35222.7,0.5071,0.5499,142.7,97.9,0.482
104.42,32072.9,35200.3,0.396,0.4947,142.7,97.9,0.482
104.44,31991.4,35112.2,-0.0416,0.2777,142.7,97.9,0.482
104.46,32086.6,34991.9,0.4694,-0.0183,142.7,97.9,0.482
104.48,31965.8,35076.1,-0.1793,0.1889,142.7,97.9,0.482
104.5,31960.3,34901.6,-0.2085,-0.2407,142.7,97.9,0.482
104.52,31923.3,34765.7,-0.4072,-0.5753,142.7,97.9,0.482
104.54,31829.1,34656.3,-0.9134,-0.8448,142.7,97.9,0.482
104.56,31860.2,34650.5,-0.7464,-0.8588,142.7,97.9,0.482
104.58,31767.0,34713.2,-1.2467,-0.7046,142.7,97.9,0.482
104.6,31860.6,34659.2,-0.7442,-0.8375,142.7,97.9,0.482
104.62,31870.9,34550.5,-0.6887,-1.1052,142.7,97.9,0.482
104.64,31703.5,34499.8,-1.5878,-1.23,142.7,97.9,0.482
104.66,31786.7,34555.2,-1.1407,-1.0936,142.7,97.9,0.482
104.68,31834.0,34727.0,-0.8869,-0.6705,142.7,97.9,0.482
104.7,31996.2,35016.7,-0.0162,0.0428,142.7,97.9,0.482
104.72,32146.1,35372.0,0.7893,0.9174,142.7,97.9,0.482
104.74,32301.0,35653.8,1.6209,1.6112,142.7,97.9,0.482
104.76,32339.1,35732.1,1.8252,1.8042,142.7,97.9,0.482
104.78,32259.3,35637.4,1.3971,1.5709,142.7,97.9,0.482
104.8,32200.9,35441.5,1.0831,1.0886,142.7,97.9,0.482
104.82,32141.4,35274.7,0.7639,0.6779,142.7,97.9,0.482
104.84,32089.0,35225.0,0.4823,0.5556,142.7,97.9,0.482
104.86,32052.3,35016.3,0.2854,0.0416,142.7,97.9,0.482
104.88,32058.8,35064.3,0.3204,0.1599,142.7,97.9,0.482
104.9,31968.6,34939.1,-0.164,-0.1485,142.7,97.9,0.482
104.92,31915.6,34899.0,-0.4489,-0.2472,142.7,97.9,0.482
104.94,31907.4,34697.8,-0.4925,-0.7425,142.7,97.9,0.482
104.96,31845.7,34720.6,-0.8239,-0.6864,142.7,97.9,0.482
104.98,31861.7,34665.2,-0.7379,-0.8227,142.7,97.9,0.482
105.0,31813.1,34724.7,-0.999,-0.6764,142.7,97.9,0.482
105.02,31878.2,34623.4,-0.6498,-0.9257,142.7,97.9,0.482
105.04,31838.1,34537.3,-0.8651,-1.1376,142.7,97.9,0.482
105.06,31806.7,34432.0,-1.0335,-1.397,142.7,97.9,0.482
105.08,31831.3,34464.6,-0.9014,-1.3165,142.7,97.9,0.482
105.1,31911.5,34636.3,-0.4708,-0.8939,142.7,97.9,0.482
105.12,32001.5,34994.6,0.0126,-0.0117,142.7,97.9,0.482
105.14,32156.4,35377.7,0.8445,0.9314,142.7,97.9,0.482
105.16,32255.9,35613.8,1.3785,1.5129,142.7,97.9,0.482
105.18,32250.7,35731.9,1.3508,1.8036,142.7,97.9,0.482
105.2,32238.7,35697.3,1.2865,1.7185,142.7,97.9,0.482
105.22,32228.7,35412.7,1.2326,1.0178,142.7,97.9,0.482
105.24,32100.6,35297.0,0.5446,0.7327,142.7,97.9,0.482
105.26,32132.3,35195.5,0.7149,0.4829,142.7,97.9,0.482
105.28,32028.6,35100.8,0.1583,0.2499,142.7,97.9,0.482
105.3,32046.9,35018.8,0.2562,0.0479,142.7,97.9,0.482
105.32,31990.9,35015.9,-0.0445,0.0407,142.7,97.9,0.482
105.34,32055.6,34796.9,0.3032,-0.4984,142.7,97.9,0.482
105.36,31880.6,34809.5,-0.6368,-0.4676,142.7,97.9,0.482
105.38,31872.8,34629.2,-0.6788,-0.9114,142.7,97.9,0.482
105.4,31894.9,34701.4,-0.5601,-0.7335,142.7,97.9,0.482
105.42,31831.0,34714.3,-0.9031,-0.7017,142.7,97.9,0.482
105.44,31783.4,34650.0,-1.1585,-0.8601,142.7,97.9,0.482
105.46,31741.0,34513.2,-1.3862,-1.197,142.7,97.9,0.482
105.48,31808.8,34544.4,-1.0223,-1.1202,142.7,97.9,0.482
105.5,31823.6,34468.5,-0.9426,-1.3071,142.7,97.9,0.482
105.52,31884.7,34667.7,-0.6148,-0.8165,142.7,97.9,0.482
105.54,31914.1,34988.7,-0.4569,-0.0263,142.7,97.9,0.482
105.56,32255.0,35406.7,1.3736,1.0028,142.7,97.9,0.482
105.58,32345.8,35695.0,1.8611,1.7127,142.7,97.9,0.482
105.6,32375.6,35731.8,2.0216,1.8032,142.7,97.9,0.482
105.62,32352.0,35678.3,1.8944,1.6717,142.7,97.9,0.482
105.64,32191.4,35454.8,1.0323,1.1213,142.7,97.9,0.482
105.66,32069.1,35312.8,0.3756,0.7717,142.7,97.9,0.482
105.68,32040.6,35155.6,0.2227,0.3847,142.7,97.9,0.482
105.7,31959.6,35083.1,-0.2126,0.2062,142.7,97.9,0.482
105.72,32072.7,35073.9,0.395,0.1834,142.7,97.9,0.482
105.74,31990.8,34960.5,-0.0447,-0.0956,142.7,97.9,0.482
105.76,31944.4,34755.5,-0.2939,-0.6004,142.7,97.9,0.482
105.78,31885.2,34723.2,-0.6117,-0.6799,142.7,97.9,0.482
105.8,31865.7,34743.5,-0.7169,-0.6299,142.7,97.9,0.482
105.82,31835.1,34810.7,-0.8812,-0.4646,142.7,97.9,0.482
105.84,31798.5,34655.4,-1.0773,-0.847,142.7,97.9,0.482
105.86,31852.4,34551.9,-0.788,-1.1016,142.7,97.9,0.482
105.88,31864.5,34628.1,-0.7232,-0.914,142.7,97.9,0.482
105.9,31769.9,34427.3,-1.2314,-1.4086,142.7,97.9,0.482
105.92,31825.3,34389.9,-0.9337,-1.5006,142.7,97.9,0.482
105.94,31929.4,34683.6,-0.3745,-0.7775,142.7,97.9,0.482
105.96,31993.0,34986.8,-0.0331,-0.031,142.7,97.9,0.482
105.98,32153.5,35376.5,0.8286,0.9285,142.7,97.9,0.482
106.0,32234.5,35749.5,1.2637,1.8469,142.7,97.9,0.482
106.02,32244.2,35698.6,1.3159,1.7217,142.7,97.9,0.482
106.04,32304.7,35659.4,1.6405,1.625,142.7,97.9,0.482
106.06,32178.0,35498.0,0.9603,1.2277,142.7,97.9,0.482
106.08,32142.8,35309.2,0.7715,0.7629,142.7,97.9,0.482
106.1,32039.4,35194.4,0.2161,0.4803,142.7,97.9,0.482
106.12,31948.9,35051.4,-0.2697,0.128,142.7,97.9,0.482
106.14,32030.0,35010.7,0.1654,0.0279,142.7,97.9,0.482
106.16,32005.9,34972.2,0.0363,-0.0669,142.7,97.9,0.482
106.18,31944.6,34851.0,-0.2929,-0.3653,142.7,97.9,0.482
106.2,31896.0,34705.0,-0.5539,-0.7247,142.7,97.9,0.482
106.22,31968.7,34622.3,-0.1636,-0.9283,142.7,97.9,0.482
106.24,31872.0,34749.0,-0.6829,-0.6163,142.7,97.9,0.482
106.26,31843.1,34736.0,-0.8378,-0.6485,142.7,97.9,0.482
106.28,31766.1,34592.5,-1.2514,-1.0018,142.7,97.9,0.482
106.3,31777.5,34464.9,-1.1904,-1.3159,142.7,97.9,0.482
106.32,31807.5,34416.3,-1.0293,-1.4357,142.7,97.9,0.482
106.34,31753.5,34628.5,-1.3194,-0.913,142.7,97.9,0.482
106.36,31861.8,34649.3,-0.7377,-0.8618,142.7,97.9,0.482
106.38,31988.4,35063.1,-0.058,0.1568,142.7,97.9,0.482
106.4,32184.1,35398.0,0.993,0.9814,142.7,97.9,0.482
106.42,32240.7,35701.1,1.2968,1.7277,142.7,97.9,0.482
106.44,32344.6,35800.8,1.8548,1.9732,142.7,97.9,0.482
106.46,32332.7,35607.9,1.791,1.4982,142.7,97.9,0.482
106.48,32160.5,35410.3,0.8666,1.0117,142.7,97.9,0.482
106.5,32107.8,35267.8,0.5832,0.661,142.7,97.9,0.482
106.52,32067.6,35135.6,0.3674,0.3353,142.7,97.9,0.482
106.54,32089.2,35113.6,0.4832,0.2812,142.7,97.9,0.482
106.56,32102.5,35031.2,0.5549,0.0783,142.7,97.9,0.482
106.58,31959.3,34919.1,-0.2141,-0.1976,142.7,97.9,0.482
106.6,31879.3,34796.8,-0.6439,-0.4987,142.7,97.9,0.482
106.62,31865.8,34756.6,-0.716,-0.5977,142.7,97.9,0.482
106.64,31763.3,34685.4,-1.2668,-0.7729,142.7,97.9,0.482
106.66,31893.5,34662.2,-0.5675,-0.8301,142.7,97.9,0.482
106.68,31902.6,34629.3,-0.5186,-0.9111,142.7,97.9,0.482
106.7,31789.9,34574.8,-1.1237,-1.0454,142.7,97.9,0.482
106.72,31811.2,34585.1,-1.0095,-1.0199,142.7,97.9,0.482
106.74,31743.0,34515.1,-1.3754,-1.1924,142.7,97.9,0.482
106.76,31799.4,34534.3,-1.0727,-1.1451,142.7,97.9,0.482
106.78,31888.0,34669.2,-0.5972,-0.8129,142.7,97.9,0.482
106.8,31996.3,34866.8,-0.0154,-0.3264,142.7,97.9,0.482
106.82,32161.4,35338.5,0.871,0.835,142.7,97.9,0.482
106.84,32335.2,35688.4,1.8044,1.6965,142.7,97.9,0.482
106.86,32412.8,35774.1,2.2214,1.9074,142.7,97.9,0.482
106.88,32317.1,35671.2,1.7073,1.6542,142.7,97.9,0.482
106.9,32216.1,35480.0,1.1651,1.1835,142.7,97.9,0.482
106.92,32081.6,35272.6,0.4424,0.6728,142.7,97.9,0.482
106.94,32078.9,35218.6,0.4283,0.5397,142.7,97.9,0.482
106.96,32070.1,35068.1,0.3811,0.1692,142.7,97.9,0.482
106.98,32059.6,34989.9,0.3248,-0.0234,142.7,97.9,0.482
107.0,31975.5,34794.9,-0.1268,-0.5033,142.7,97.9,0.482
107.02,31942.7,34821.0,-0.3034,-0.4392,142.7,97.9,0.482
107.04,31876.3,34787.4,-0.6599,-0.522,142.7,97.9,0.482
107.06,31859.7,34714.6,-0.749,-0.701,142.7,97.9,0.482
107.08,31790.7,34627.4,-1.1196,-0.9158,142.7,97.9,0.482
107.1,31821.4,34711.8,-0.9545,-0.7081,142.7,97.9,0.482
107.12,31764.7,34640.9,-1.2588,-0.8827,142.7,97.9,0.482
107.14,31806.3,34580.8,-1.0354,-1.0307,142.7,97.9,0.482
107.16,31778.3,34383.9,-1.1863,-1.5154,142.7,97.9,0.482
107.18,31812.8,34467.7,-1.0009,-1.3089,142.7,97.9,0.482
107.2,31872.0,34725.2,-0.6827,-0.6749,142.7,97.9,0.482
107.22,31942.0,35105.4,-0.3067,0.2611,142.7,97.9,0.482
107.24,32202.2,35333.0,1.0902,0.8214,142.7,97.9,0.482
107.26,32281.5,35702.9,1.5161,1.7321,142.7,97.9,0.482
107.28,32271.9,35780.1,1.4645,1.9222,142.7,97.9,0.482
107.3,32370.6,35637.9,1.9944,1.5722,142.7,97.9,0.482
107.32,32190.0,35509.8,1.025,1.2569,142.7,97.9,0.482
107.34,32105.3,35374.4,0.5698,0.9235,142.7,97.9,0.482
107.36,32064.2,35214.6,0.3491,0.5299,142.7,97.9,0.482
107.38,32166.5,35120.5,0.8985,0.2982,142.7,97.9,0.482
107.4,32088.5,35094.4,0.4798,0.234,142.7,97.9,0.482
107.42,31995.4,34935.9,-0.0201,-0.1563,142.7,97.9,0.482
107.44,31917.6,34917.6,-0.4378,-0.2014,142.7,97.9,0.482
107.46,31823.9,34747.1,-0.9413,-0.6211,142.7,97.9,0.482
107.48,31868.0,34666.6,-0.7042,-0.8192,142.7,97.9,0.482
107.5,31852.7,34696.1,-0.7864,-0.7468,142.7,97.9,0.482
107.52,31782.6,34644.9,-1.1631,-0.8728,142.7,97.9,0.482
107.54,31842.3,34706.3,-0.8424,-0.7215,142.7,97.9,0.482
107.56,31823.6,34490.0,-0.9429,-1.254,142.7,97.9,0.482
107.58,31727.4,34379.6,-1.4595,-1.526,142.7,97.9,0.482
107.6,31819.9,34505.3,-0.9624,-1.2163,142.7,97.9,0.482
107.62,31876.3,34635.5,-0.6596,-0.8959,142.7,97.9,0.482
107.64,31955.7,35019.9,-0.2334,0.0505,142.7,97.9,0.482
107.66,32147.0,35442.0,0.7938,1.0898,142.7,97.9,0.482
107.68,32284.8,35632.1,1.5339,1.5578,142.7,97.9,0.482
107.7,32354.4,35761.8,1.9078,1.8773,142.7,97.9,0.482
107.72,32267.1,35668.8,1.4388,1.6483,142.7,97.9,0.482
107.74,32259.7,35579.2,1.3988,1.4275,142.7,97.9,0.482
107.76,32131.8,35281.1,0.7123,0.6937,142.7,97.9,0.482
107.78,32063.2,35285.7,0.3438,0.705,142.7,97.9,0.482
107.8,32063.0,35163.7,0.3426,0.4045,142.7,97.9,0.482
107.82,32043.8,35059.0,0.2399,0.1469,142.7,97.9,0.482
107.84,32036.9,35005.9,0.2028,0.0162,142.7,97.9,0.482
107.86,31875.0,34859.9,-0.6669,-0.3433,142.7,97.9,0.482
107.88,31937.6,34724.4,-0.3304,-0.677,142.7,97.9,0.482
107.9,31896.2,34653.9,-0.5526,-0.8506,142.7,97.9,0.482
107.92,31803.7,34692.1,-1.0494,-0.7565,142.7,97.9,0.482
107.94,31854.1,34630.2,-0.7791,-0.909,142.7,97.9,0.482
107.96,31906.0,34585.9,-0.5005,-1.0181,142.7,97.9,0.482
107.98,31735.6,34453.4,-1.4151,-1.3442,142.7,97.9,0.482
108.0,31745.0,34385.5,-1.3649,-1.5113,142.7,97.9,0.482
108.02,31842.5,34504.0,-0.8414,-1.2195,142.7,97.9,0.482
108.04,31813.5,34650.7,-0.997,-0.8584,142.7,97.9,0.482
108.06,32004.4,34979.7,0.0281,-0.0483,142.7,97.9,0.482
108.08,32183.4,35348.9,0.9891,0.8605,142.7,97.9,0.482
108.1,32316.7,35745.0,1.7052,1.8358,142.7,97.9,0.482
108.12,32355.5,35738.3,1.9133,1.8194,142.7,97.9,0.482
108.14,32355.7,35576.4,1.9145,1.4208,142.7,97.9,0.482
108.16,32239.9,35508.7,1.2928,1.2539,142.7,97.9,0.482
108.18,32151.7,35284.4,0.8192,0.7017,142.7,97.9,0.482
108.2,32088.2,35106.8,0.4779,0.2645,142.7,97.9,0.482
108.22,32016.5,35074.3,0.0929,0.1846,142.7,97.9,0.482
108.24,32061.0,35099.5,0.3323,0.2465,142.7,97.9,0.482
108.26,31975.0,34993.5,-0.1297,-0.0144,142.7,97.9,0.482
108.28,31906.5,34916.4,-0.4976,-0.2043,142.7,97.9,0.482
108.3,31893.6,34882.9,-0.567,-0.2869,142.7,97.9,0.482
108.32,31866.6,34657.6,-0.7119,-0.8415,142.7,97.9,0.482
108.34,31875.9,34714.1,-0.6619,-0.7025,142.7,97.9,0.482
108.36,31779.3,34672.6,-1.1807,-0.8045,142.7,97.9,0.482
108.38,31958.3,34593.8,-0.2195,-0.9986,142.7,97.9,0.482
108.4,31849.9,34575.2,-0.8015,-1.0444,142.7,97.9,0.482
108.42,31790.0,34512.6,-1.1231,-1.1986,142.7,97.9,0.482
108.44,31678.0,34478.3,-1.7245,-1.2829,142.7,97.9,0.482
108.46,31880.0,34738.1,-0.64,-0.6433,142.7,97.9,0.482
108.48,32084.0,34999.3,0.4558,-0.0003,142.7,97.9,0.482
108.5,32174.5,35354.8,0.9414,0.8752,142.7,97.9,0.482
108.52,32180.3,35730.2,0.9728,1.7993,142.7,97.9,0.482
108.54,32276.4,35708.7,1.4886,1.7464,142.7,97.9,0.482
108.56,32314.0,35661.8,1.6908,1.631,142.7,97.9,0.482
108.58,32283.5,35465.2,1.5271,1.147,142.7,97.9,0.482
108.6,32115.9,35327.3,0.6266,0.8075,142.7,97.9,0.482
108.62,32073.3,35254.6,0.398,0.6284,142.7,97.9,0.482
108.64,32110.8,35032.0,0.5994,0.0802,142.7,97.9,0.482
108.66,31950.9,34976.5,-0.259,-0.0563,142.7,97.9,0.482
108.68,31925.3,34961.4,-0.3965,-0.0935,142.7,97.9,0.482
108.7,32071.4,34920.7,0.388,-0.1937,142.7,97.9,0.482
108.72,31936.7,34838.8,-0.3355,-0.3954,142.7,97.9,0.482
108.74,31936.4,34769.4,-0.3371,-0.5662,142.7,97.9,0.482
108.76,31905.2,34705.2,-0.5047,-0.7243,142.7,97.9,0.482
108.78,31877.8,34632.0,-0.652,-0.9046,142.7,97.9,0.482
108.8,31816.5,34645.5,-0.9809,-0.8712,142.7,97.9,0.482
108.82,31776.6,34492.8,-1.1953,-1.2471,142.7,97.9,0.482
108.84,31702.9,34454.1,-1.5908,-1.3425,142.7,97.9,0.482
108.86,31762.5,34458.8,-1.2708,-1.3309,142.7,97.9,0.482
108.88,31826.4,34668.8,-0.9275,-0.8138,142.7,97.9,0.482
108.9,32004.1,34881.1,0.0263,-0.2911,142.7,97.9,0.482
108.92,31994.3,35359.4,-0.0263,0.8864,142.7,97.9,0.482
108.94,32381.3,35695.8,2.0521,1.7148,142.7,97.9,0.482
108.96,32306.6,35759.5,1.6508,1.8715,142.7,97.9,0.482
108.98,32276.9,35741.5,1.4914,1.8271,142.7,97.9,0.482
109.0,32163.3,35533.3,0.8814,1.3146,142.7,97.9,0.482
109.02,32110.3,35339.3,0.5969,0.837,142.7,97.9,0.482
109.04,32089.2,35137.4,0.4833,0.3399,142.7,97.9,0.482
109.06,32060.2,35095.6,0.3277,0.237,142.7,97.9,0.482
109.08,31971.9,35016.5,-0.1464,0.0422,142.7,97.9,0.482
109.1,32064.5,34952.8,0.3507,-0.1146,142.7,97.9,0.482
109.12,31866.0,34830.4,-0.7148,-0.416,142.7,97.9,0.482
109.14,31842.5,34793.2,-0.8412,-0.5077,142.7,97.9,0.482
109.16,31858.3,34671.0,-0.7567,-0.8084,142.7,97.9,0.482
109.18,31852.4,34669.8,-0.7882,-0.8113,142.7,97.9,0.482
109.2,31807.7,34600.5,-1.0279,-0.982,142.7,97.9,0.482
109.22,31838.6,34619.2,-0.8622,-0.9361,142.7,97.9,0.482
109.24,31737.6,34579.4,-1.4043,-1.0339,142.7,97.9,0.482
109.26,31646.6,34417.5,-1.8931,-1.4327,142.7,97.9,0.482
109.28,31708.9,34447.8,-1.5588,-1.358,142.7,97.9,0.482
109.3,31947.6,34547.4,-0.2769,-1.1128,142.7,97.9,0.482
109.32,32017.0,34958.0,0.0959,-0.1018,142.7,97.9,0.482
109.34,32202.0,35382.2,1.0892,0.9425,142.7,97.9,0.482
109.36,32264.2,35597.4,1.4234,1.4725,142.7,97.9,0.482
109.38,32259.7,35740.0,1.3988,1.8236,142.7,97.9,0.482
109.4,32292.3,35661.8,1.574,1.631,142.7,97.9,0.482
109.42,32238.2,35595.8,1.2834,1.4685,142.7,97.9,0.482
109.44,32162.5,35312.1,0.8772,0.7701,142.7,97.9,0.482
109.46,32139.5,35111.0,0.7535,0.2749,142.7,97.9,0.482
109.48,31952.9,35151.9,-0.2483,0.3755,142.7,97.9,0.482
109.5,32033.3,34981.2,0.1833,-0.0447,142.7,97.9,0.482
109.52,31935.8,35061.6,-0.3405,0.1533,142.7,97.9,0.482
109.54,31895.2,34866.5,-0.5585,-0.3271,142.7,97.9,0.482
109.56,31915.0,34847.5,-0.4522,-0.3739,142.7,97.9,0.482
109.58,31873.6,34752.0,-0.6745,-0.609,142.7,97.9,0.482
109.6,31950.0,34710.0,-0.2642,-0.7124,142.7,97.9,0.482
109.62,31776.2,34637.9,-1.1971,-0.89,142.7,97.9,0.482
109.64,31827.8,34675.7,-0.92,-0.797,142.7,97.9,0.482
109.66,31719.2,34532.4,-1.5032,-1.1497,142.7,97.9,0.482
109.68,31789.8,34580.3,-1.124,-1.0319,142.7,97.9,0.482
109.7,31737.7,34485.5,-1.4039,-1.2652,142.7,97.9,0.482
109.72,31764.5,34663.2,-1.2599,-0.8277,142.7,97.9,0.482
109.74,31978.4,34988.8,-0.1117,-0.026,142.7,97.9,0.482
109.76,32173.1,35284.8,0.9338,0.7027,142.7,97.9,0.482
109.78,32280.5,35661.6,1.5106,1.6305,142.7,97.9,0.482
109.8,32422.4,35716.8,2.2725,1.7663,142.7,97.9,0.482
109.82,32333.1,35754.4,1.7931,1.8589,142.7,97.9,0.482
109.84,32275.2,35561.8,1.4821,1.3848,142.7,97.9,0.482
109.86,32122.7,35302.7,0.6635,0.7467,142.7,97.9,0.482
109.88,32077.0,35188.3,0.4181,0.4652,142.7,97.9,0.482
109.9,32217.2,35098.8,1.1709,0.2447,142.7,97.9,0.482
109.92,32038.7,35047.3,0.2124,0.118,142.7,97.9,0.482
109.94,31975.0,35042.1,-0.1299,0.1051,142.7,97.9,0.482
109.96,31959.1,34969.6,-0.215,-0.0734,142.7,97.9,0.482
109.98,31855.0,34684.1,-0.7741,-0.7761,142.7,97.9,0.482
110.0,31864.4,34626.6,-0.7238,-0.9178,142.7,97.9,0.482
110.02,31888.7,34572.8,-0.5929,-1.0503,142.7,97.9,0.482
110.04,31849.8,34628.7,-0.8022,-0.9127,142.7,97.9,0.482
110.06,31759.6,34571.9,-1.2865,-1.0525,142.7,97.9,0.482
110.08,31761.5,34542.4,-1.2761,-1.1251,142.7,97.9,0.482
110.1,31804.4,34478.6,-1.0458,-1.2822,142.7,97.9,0.482
110.12,31786.3,34454.2,-1.1429,-1.3423,142.7,97.9,0.482
110.14,31832.7,34717.2,-0.8936,-0.6948,142.7,97.9,0.482
110.16,32024.3,34860.0,0.1347,-0.3432,142.7,97.9,0.482
110.18,32178.2,35286.9,0.9614,0.708,142.7,97.9,0.482
110.2,32218.0,35619.5,1.1749,1.5269,142.7,97.9,0.482
110.22,32295.9,35824.8,1.5932,2.0324,142.7,97.9,0.482
110.24,32396.4,35684.8,2.133,1.6877,142.7,97.9,0.482
110.26,32274.1,35601.7,1.4762,1.483,142.7,97.9,0.482
110.28,32161.0,35339.6,0.869,0.8378,142.7,97.9,0.482
110.3,32011.3,35070.1,0.0649,0.1742,142.7,97.9,0.482
110.32,32029.3,35011.0,0.1618,0.0287,142.7,97.9,0.482
110.34,32093.4,35024.2,0.5059,0.0612,142.7,97.9,0.482
110.36,32016.5,34967.3,0.0929,-0.0791,142.7,97.9,0.482
110.38,31907.6,34835.3,-0.4917,-0.404,142.7,97.9,0.482
110.4,31938.9,34822.2,-0.3234,-0.4361,142.7,97.9,0.482
110.42,31954.1,34744.6,-0.2422,-0.6273,142.7,97.9,0.482
110.44,31914.0,34674.4,-0.4571,-0.8002,142.7,97.9,0.482
110.46,31853.5,34673.2,-0.7822,-0.8031,142.7,97.9,0.482
110.48,31776.8,34600.8,-1.1942,-0.9814,142.7,97.9,0.482
110.5,31744.0,34537.7,-1.37,-1.1366,142.7,97.9,0.482
110.52,31735.0,34464.4,-1.4188,-1.3171,142.7,97.9,0.482
110.54,31682.4,34526.8,-1.701,-1.1634,142.7,97.9,0.482
110.56,31743.1,34727.1,-1.3749,-0.6704,142.7,97.9,0.482
110.58,31961.6,34939.7,-0.2018,-0.1469,142.7,97.9,0.482
110.6,32092.5,35309.7,0.5014,0.7642,142.7,97.9,0.482
110.62,32240.9,35689.1,1.2979,1.6981,142.7,97.9,0.482
110.64,32288.9,35779.9,1.5558,1.9218,142.7,97.9,0.482
110.66,32302.8,35765.4,1.6305,1.8861,142.7,97.9,0.482
110.68,32228.9,35509.4,1.2338,1.2558,142.7,97.9,0.482
110.7,32163.0,35314.2,0.88,0.7751,142.7,97.9,0.482
110.72,32161.0,35095.0,0.8692,0.2354,142.7,97.9,0.482
110.74,32067.7,35131.6,0.368,0.3256,142.7,97.9,0.482
110.76,32130.1,35075.1,0.7033,0.1865,142.7,97.9,0.482
110.78,32011.2,34969.8,0.0646,-0.0728,142.7,97.9,0.482
110.8,32028.0,34820.9,0.1546,-0.4395,142.7,97.9,0.482
110.82,31905.4,34831.7,-0.5033,-0.4129,142.7,97.9,0.482
110.84,31880.9,34721.2,-0.635,-0.6848,142.7,97.9,0.482
110.86,31751.2,34689.8,-1.3314,-0.7622,142.7,97.9,0.482
110.88,31882.8,34652.4,-0.6249,-0.8542,142.7,97.9,0.482
110.9,31817.3,34593.3,-0.9764,-0.9999,142.7,97.9,0.482
110.92,31820.5,34431.1,-0.9596,-1.3992,142.7,97.9,0.482
110.94,31736.3,34483.7,-1.4114,-1.2696,142.7,97.9,0.482
110.96,31707.1,34510.5,-1.5685,-1.2037,142.7,97.9,0.482
110.98,31877.0,34656.6,-0.6562,-0.8439,142.7,97.9,0.482
111.0,32023.4,34933.3,0.1299,-0.1626,142.7,97.9,0.482
111.02,32073.6,35342.6,0.3998,0.845,142.7,97.9,0.482
111.04,32288.0,35650.6,1.5512,1.6033,142.7,97.9,0.482
111.06,32363.0,35640.3,1.9538,1.578,142.7,97.9,0.482
111.08,32386.7,35640.2,2.0809,1.5778,142.7,97.9,0.482
111.1,32269.3,35556.7,1.4506,1.3722,142.7,97.9,0.482
111.12,32148.7,35413.2,0.8031,1.0189,142.7,97.9,0.482
111.14,32165.9,35194.7,0.8952,0.4809,142.7,97.9,0.482
111.16,32038.2,35142.0,0.2097,0.3512,142.7,97.9,0.482
111.18,32071.4,35035.0,0.3882,0.0877,142.7,97.9,0.482
111.2,31955.3,35035.8,-0.2358,0.0896,142.7,97.9,0.482
111.22,31875.5,34902.9,-0.664,-0.2375,142.7,97.9,0.482
111.24,31941.4,34788.9,-0.31,-0.5181,142.7,97.9,0.482
111.26,31835.7,34697.3,-0.878,-0.7437,142.7,97.9,0.482
111.28,31888.2,34734.7,-0.5956,-0.6516,142.7,97.9,0.482
111.3,31703.5,34645.1,-1.5874,-0.8724,142.7,97.9,0.482
111.32,31733.4,34660.1,-1.4269,-0.8354,142.7,97.9,0.482
111.34,31722.1,34606.9,-1.4876,-0.9664,142.7,97.9,0.482
111.36,31730.9,34542.9,-1.4404,-1.1238,142.7,97.9,0.482
111.38,31793.2,34554.3,-1.106,-1.0958,142.7,97.9,0.482
111.4,31759.2,34660.4,-1.2886,-0.8345,142.7,97.9,0.482
111.42,31931.1,34912.3,-0.3655,-0.2144,142.7,97.9,0.482
111.44,32222.3,35347.1,1.1983,0.8562,142.7,97.9,0.482
111.46,32266.1,35692.8,1.4335,1.7073,142.7,97.9,0.482
111.48,32387.7,35747.5,2.0864,1.842,142.7,97.9,0.482
111.5,32260.4,35720.8,1.4029,1.7763,142.7,97.9,0.482
111.52,32208.8,35556.4,1.1258,1.3716,142.7,97.9,0.482
111.54,32180.1,35249.8,0.9716,0.6165,142.7,97.9,0.482
111.56,32129.1,35238.5,0.6978,0.5887,142.7,97.9,0.482
111.58,32003.7,35059.2,0.0246,0.1474,142.7,97.9,0.482
111.6,32036.5,35032.2,0.2004,0.0809,142.7,97.9,0.482
111.62,32006.4,35035.6,0.0391,0.0893,142.7,97.9,0.482
111.64,31913.1,34922.3,-0.4619,-0.1897,142.7,97.9,0.482
111.66,32002.0,34768.2,0.0154,-0.5691,142.7,97.9,0.482
111.68,31804.8,34736.3,-1.0439,-0.6477,142.7,97.9,0.482
111.7,31855.2,34643.4,-0.7732,-0.8765,142.7,97.9,0.482
111.72,31812.2,34602.6,-1.0039,-0.9768,142.7,97.9,0.482
111.74,31883.8,34640.4,-0.6195,-0.8838,142.7,97.9,0.482
111.76,31763.6,34598.9,-1.2649,-0.986,142.7,97.9,0.482
111.78,31782.3,34457.9,-1.1647,-1.3332,142.7,97.9,0.482
111.8,31785.0,34484.8,-1.1502,-1.2669,142.7,97.9,0.482
111.82,31874.4,34545.9,-0.67,-1.1165,142.7,97.9,0.482
111.84,32033.7,34782.5,0.1852,-0.534,142.7,97.9,0.482
111.86,32183.5,35229.1,0.9899,0.5655,142.7,97.9,0.482
111.88,32257.8,35591.0,1.3887,1.4568,142.7,97.9,0.482
111.9,32391.5,35881.3,2.1069,2.1713,142.7,97.9,0.482
111.92,32206.3,35693.4,1.1125,1.7088,142.7,97.9,0.482
111.94,32205.3,35604.5,1.1068,1.49,142.7,97.9,0.482
111.96,32171.1,35304.1,0.923,0.7504,142.7,97.9,0.482
111.98,32137.2,35199.2,0.7411,0.4919,142.7,97.9,0.482
112.0,32077.6,35095.4,0.421,0.2365,142.7,97.9,0.482
112.02,31974.9,35093.6,-0.1304,0.2321,142.7,97.9,0.482
112.04,31921.4,35016.1,-0.4178,0.0413,142.7,97.9,0.482
112.06,32026.7,34912.7,0.1481,-0.2133,142.7,97.9,0.482
112.08,32027.9,34790.5,0.1544,-0.5144,142.7,97.9,0.482
112.1,31899.0,34728.1,-0.5381,-0.6678,142.7,97.9,0.482
112.12,31922.7,34694.1,-0.4106,-0.7515,142.7,97.9,0.482
112.14,31870.8,34615.6,-0.6895,-0.9449,142.7,97.9,0.482
112.16,31844.6,34583.8,-0.83,-1.0231,142.7,97.9,0.482
112.18,31809.5,34549.0,-1.0185,-1.1089,142.7,97.9,0.482
112.2,31750.8,34473.4,-1.3337,-1.2949,142.7,97.9,0.482
112.22,31780.0,34433.8,-1.1767,-1.3925,142.7,97.9,0.482
112.24,31852.6,34532.0,-0.787,-1.1507,142.7,97.9,0.482
112.26,31854.6,34937.5,-0.7762,-0.1523,142.7,97.9,0.482
112.28,32047.2,35232.1,0.258,0.573,142.7,97.9,0.482
112.3,32380.3,35661.7,2.0466,1.6308,142.7,97.9,0.482
112.32,32369.7,35749.3,1.9898,1.8465,142.7,97.9,0.482
112.34,32297.7,35732.7,1.6031,1.8056,142.7,97.9,0.482
112.36,32223.9,35541.3,1.207,1.3343,142.7,97.9,0.482
112.38,32140.7,35376.0,0.76,0.9273,142.7,97.9,0.482
112.4,32122.5,35214.2,0.6624,0.529,142.7,97.9,0.482
112.42,32037.4,35024.8,0.2053,0.0626,142.7,97.9,0.482
112.44,31998.5,35108.7,-0.0034,0.2692,142.7,97.9,0.482
112.46,32094.8,35035.9,0.5133,0.0898,142.7,97.9,0.482
112.48,32048.4,34978.2,0.2645,-0.0521,142.7,97.9,0.482
112.5,31913.1,34796.0,-0.4623,-0.5006,142.7,97.9,0.482
112.52,31841.8,34644.5,-0.8449,-0.8738,142.7,97.9,0.482
112.54,31779.9,34663.7,-1.1774,-0.8264,142.7,97.9,0.482
112.56,31861.5,34639.7,-0.739,-0.8855,142.7,97.9,0.482
112.58,31853.4,34691.2,-0.7829,-0.7587,142.7,97.9,0.482
112.6,31764.0,34529.0,-1.263,-1.1582,142.7,97.9,0.482
112.62,31786.9,34439.3,-1.1396,-1.379,142.7,97.9,0.482
112.64,31723.4,34444.9,-1.4808,-1.3653,142.7,97.9,0.482
112.66,31817.1,34578.3,-0.9776,-1.0368,142.7,97.9,0.482
112.68,31980.2,34887.7,-0.1019,-0.275,142.7,97.9,0.482
112.7,32195.4,35223.1,1.0536,0.5508,142.7,97.9,0.482
112.72,32378.4,35631.8,2.0362,1.5572,142.7,97.9,0.482
112.74,32365.1,35757.3,1.965,1.8661,142.7,97.9,0.482
112.76,32216.2,35647.2,1.1652,1.5951,142.7,97.9,0.482
112.78,32230.3,35479.1,1.2414,1.1812,142.7,97.9,0.482
112.8,32157.7,35339.3,0.8514,0.8369,142.7,97.9,0.482
112.82,32173.3,35167.9,0.9352,0.415,142.7,97.9,0.482
112.84,32060.2,35037.9,0.3277,0.095,142.7,97.9,0.482
112.86,32029.8,35036.8,0.1643,0.0922,142.7,97.9,0.482
112.88,31927.6,35033.1,-0.3843,0.0831,142.7,97.9,0.482
112.9,32055.8,34806.9,0.3039,-0.4739,142.7,97.9,0.482
112.92,31926.0,34852.2,-0.3928,-0.3624,142.7,97.9,0.482
112.94,31902.6,34684.6,-0.5187,-0.7749,142.7,97.9,0.482
112.96,31880.1,34696.9,-0.6395,-0.7448,142.7,97.9,0.482
112.98,31829.5,34638.8,-0.911,-0.8877,142.7,97.9,0.482
113.0,31897.7,34620.4,-0.5451,-0.933,142.7,97.9,0.482
113.02,31891.8,34598.1,-0.5763,-0.9879,142.7,97.9,0.482
113.04,31660.7,34361.8,-1.8176,-1.5698,142.7,97.9,0.482
113.06,31774.6,34474.3,-1.2059,-1.2927,142.7,97.9,0.482
113.08,31772.1,34647.6,-1.2195,-0.8661,142.7,97.9,0.482
113.1,32003.0,34840.9,0.0205,-0.3902,142.7,97.9,0.482
113.12,32118.1,35394.0,0.6389,0.9717,142.7,97.9,0.482
113.14,32266.3,35546.7,1.4345,1.3476,142.7,97.9,0.482
113.16,32374.6,35725.4,2.0163,1.7876,142.7,97.9,0.482
113.18,32309.1,35669.7,1.6641,1.6503,142.7,97.9,0.482
113.2,32183.8,35566.2,0.9916,1.3957,142.7,97.9,0.482
113.22,32138.0,35362.7,0.7457,0.8945,142.7,97.9,0.482
113.24,32101.2,35281.2,0.5477,0.6938,142.7,97.9,0.482
113.26,32113.6,35042.1,0.6143,0.1052,142.7,97.9,0.482
113.28,31975.5,35142.0,-0.1271,0.3512,142.7,97.9,0.482
113.3,32011.9,34968.4,0.0683,-0.0763,142.7,97.9,0.482
113.32,31930.2,34941.6,-0.3705,-0.1423,142.7,97.9,0.482
113.34,31926.2,34725.0,-0.3919,-0.6755,142.7,97.9,0.482
113.36,31844.7,34640.2,-0.8296,-0.8844,142.7,97.9,0.482
113.38,31909.3,34667.7,-0.4825,-0.8165,142.7,97.9,0.482
113.4,31842.9,34618.0,-0.8393,-0.9389,142.7,97.9,0.482
113.42,31739.5,34647.4,-1.3946,-0.8666,142.7,97.9,0.482
113.44,31784.8,34550.1,-1.1512,-1.1061,142.7,97.9,0.482
113.46,31841.6,34479.9,-0.846,-1.2791,142.7,97.9,0.482
113.48,31747.1,34588.6,-1.3537,-1.0114,142.7,97.9,0.482
113.5,31770.2,34614.7,-1.2293,-0.9471,142.7,97.9,0.482
113.52,31970.2,34894.6,-0.1554,-0.258,142.7,97.9,0.482
113.54,32122.5,35233.1,0.6623,0.5755,142.7,97.9,0.482
113.56,32200.6,35637.0,1.0817,1.5699,142.7,97.9,0.482
113.58,32284.8,35725.2,1.5339,1.7872,142.7,97.9,0.482
113.6,32243.8,35761.3,1.3137,1.8759,142.7,97.9,0.482
113.62,32248.3,35525.6,1.3376,1.2956,142.7,97.9,0.482
113.64,32181.2,35287.4,0.9775,0.7091,142.7,97.9,0.482
113.66,32020.8,35233.1,0.1162,0.5755,142.7,97.9,0.482
113.68,32055.3,35126.1,0.3012,0.3121,142.7,97.9,0.482
113.7,32022.2,35099.5,0.1238,0.2466,142.7,97.9,0.482
113.72,32039.8,34969.4,0.2181,-0.0738,142.7,97.9,0.482
113.74,32004.5,34859.0,0.0285,-0.3456,142.7,97.9,0.482
113.76,31909.1,34832.2,-0.4839,-0.4116,142.7,97.9,0.482
113.78,31837.7,34665.3,-0.867,-0.8225,142.7,97.9,0.482
113.8,31808.6,34680.1,-1.0235,-0.786,142.7,97.9,0.482
113.82,31844.1,34663.3,-0.8328,-0.8275,142.7,97.9,0.482
113.84,31816.7,34631.6,-0.9799,-0.9056,142.7,97.9,0.482
113.86,31803.3,34619.6,-1.0519,-0.9351,142.7,97.9,0.482
113.88,31621.7,34454.2,-2.0269,-1.3422,142.7,97.9,0.482
113.9,31773.1,34432.2,-1.214,-1.3965,142.7,97.9,0.482
113.92,31882.3,34558.6,-0.6275,-1.0852,142.7,97.9,0.482
113.94,31910.7,34857.2,-0.475,-0.35,142.7,97.9,0.482
113.96,32094.0,35237.4,0.5095,0.586,142.7,97.9,0.482
113.98,32211.3,35515.7,1.1394,1.2712,142.7,97.9,0.482
114.0,32305.0,35741.3,1.6423,1.8267,142.7,97.9,0.482
114.02,32348.2,35766.6,1.8741,1.8889,142.7,97.9,0.482
114.04,32232.1,35518.9,1.2511,1.2792,142.7,97.9,0.482
114.06,32187.5,35253.7,1.0112,0.6263,142.7,97.9,0.482
114.08,32075.6,35188.0,0.4103,0.4644,142.7,97.9,0.482
114.1,32025.0,35100.6,0.139,0.2493,142.7,97.9,0.482
114.12,31926.6,35089.8,-0.3896,0.2228,142.7,97.9,0.482
114.14,32087.8,35037.8,0.4762,0.0946,142.7,97.9,0.482
114.16,31952.8,34946.0,-0.2491,-0.1313,142.7,97.9,0.482
114.18,31869.5,34804.1,-0.6965,-0.4807,142.7,97.9,0.482
114.2,31888.3,34720.3,-0.5955,-0.6871,142.7,97.9,0.482
114.22,31919.9,34619.0,-0.4256,-0.9364,142.7,97.9,0.482
114.24,31780.9,34636.8,-1.1722,-0.8927,142.7,97.9,0.482
114.26,31763.2,34627.6,-1.2671,-0.9152,142.7,97.9,0.482
114.28,31767.6,34570.2,-1.2433,-1.0567,142.7,97.9,0.482
114.3,31778.4,34486.9,-1.1852,-1.2617,142.7,97.9,0.482
114.32,31767.5,34498.8,-1.2438,-1.2325,142.7,97.9,0.482
114.34,31818.4,34569.5,-0.9705,-1.0584,142.7,97.9,0.482
114.36,31981.9,34798.5,-0.0929,-0.4944,142.7,97.9,0.482
114.38,32086.1,35234.2,0.467,0.5781,142.7,97.9,0.482
114.4,32276.7,35475.1,1.4903,1.1712,142.7,97.9,0.482
114.42,32390.8,35720.2,2.1033,1.7747,142.7,97.9,0.482
114.44,32315.3,35750.3,1.6979,1.8488,142.7,97.9,0.482
114.46,32257.3,35641.7,1.386,1.5816,142.7,97.9,0.482
114.48,32139.0,35362.4,0.7508,0.8939,142.7,97.9,0.482
114.5,32049.1,35262.4,0.2681,0.6477,142.7,97.9,0.482
114.52,31989.6,35134.6,-0.0512,0.3329,142.7,97.9,0.482
114.54,32125.7,35077.9,0.6795,0.1933,142.7,97.9,0.482
114.56,31980.6,35013.6,-0.0995,0.0351,142.7,97.9,0.482
114.58,31899.0,34992.0,-0.5377,-0.0182,142.7,97.9,0.482
114.6,31912.7,34668.3,-0.4645,-0.8151,142.7,97.9,0.482
114.62,31852.1,34746.5,-0.7896,-0.6227,142.7,97.9,0.482
114.64,31846.3,34605.4,-0.8206,-0.97,142.7,97.9,0.482
114.66,31892.3,34657.1,-0.5737,-0.8427,142.7,97.9,0.482
114.68,31851.1,34677.9,-0.7952,-0.7915,142.7,97.9,0.482
114.7,31772.6,34579.6,-1.2166,-1.0335,142.7,97.9,0.482
114.72,31814.6,34462.2,-0.991,-1.3226,142.7,97.9,0.482
114.74,31754.5,34457.7,-1.314,-1.3337,142.7,97.9,0.482
114.76,31760.7,34558.2,-1.2803,-1.0861,142.7,97.9,0.482
114.78,31848.8,34850.5,-0.8074,-0.3666,142.7,97.9,0.482
114.8,32130.3,35164.7,0.7039,0.407,142.7,97.9,0.482
114.82,32205.8,35615.1,1.1097,1.516,142.7,97.9,0.482
114.84,32350.4,35731.8,1.8859,1.8033,142.7,97.9,0.482
114.86,32305.5,35697.0,1.6451,1.7177,142.7,97.9,0.482
114.88,32271.2,35606.8,1.4607,1.4956,142.7,97.9,0.482
114.9,32084.5,35475.7,0.4582,1.1729,142.7,97.9,0.482
114.92,32100.9,35196.6,0.5462,0.4856,142.7,97.9,0.482
114.94,32087.4,35118.9,0.474,0.2943,142.7,97.9,0.482
114.96,32054.4,35111.6,0.2964,0.2763,142.7,97.9,0.482
114.98,31969.8,34946.8,-0.1576,-0.1295,142.7,97.9,0.482
115.0,31958.1,34890.3,-0.2206,-0.2684,142.7,97.9,0.482
115.02,31863.5,34753.1,-0.7285,-0.6063,142.7,97.9,0.482
115.04,31876.0,34791.9,-0.6611,-0.5108,142.7,97.9,0.482
115.06,31906.8,34698.4,-0.4961,-0.7411,142.7,97.9,0.482
115.08,31804.0,34594.3,-1.0479,-0.9974,142.7,97.9,0.482
115.1,31852.6,34668.6,-0.7871,-0.8144,142.7,97.9,0.482
115.12,31856.5,34517.8,-0.7662,-1.1857,142.7,97.9,0.482
115.14,31716.8,34464.1,-1.5162,-1.318,142.7,97.9,0.482
115.16,31851.6,34483.9,-0.7923,-1.269,142.7,97.9,0.482
115.18,31770.0,34465.4,-1.2307,-1.3146,142.7,97.9,0.482
115.2,31980.6,34904.6,-0.0996,-0.2332,142.7,97.9,0.482
115.22,31998.0,35044.5,-0.0063,0.1111,142.7,97.9,0.482
115.24,32153.8,35462.6,0.8303,1.1406,142.7,97.9,0.482
115.26,32385.0,35757.8,2.0718,1.8675,142.7,97.9,0.482
115.28,32278.9,35736.8,1.5021,1.8156,142.7,97.9,0.482
115.3,32347.5,35617.1,1.8704,1.5209,142.7,97.9,0.482
115.32,32219.0,35378.4,1.1805,0.9332,142.7,97.9,0.482
115.34,32135.0,35133.7,0.7296,0.3306,142.7,97.9,0.482
115.36,32050.8,35121.5,0.2775,0.3008,142.7,97.9,0.482
115.38,32123.2,35137.5,0.6662,0.34,142.7,97.9,0.482
115.4,32047.4,35041.9,0.2592,0.1047,142.7,97.9,0.482
115.42,31943.5,34868.0,-0.2991,-0.3234,142.7,97.9,0.482
115.44,31830.1,34815.4,-0.9076,-0.4529,142.7,97.9,0.482
115.46,31871.1,34754.9,-0.6877,-0.6019,142.7,97.9,0.482
115.48,31820.8,34684.6,-0.9576,-0.7751,142.7,97.9,0.482
115.5,31854.3,34663.8,-0.7781,-0.8261,142.7,97.9,0.482
115.52,31821.8,34597.3,-0.9526,-0.9899,142.7,97.9,0.482
115.54,31786.8,34553.8,-1.1402,-1.097,142.7,97.9,0.482
115.56,31714.0,34540.5,-1.5311,-1.1298,142.7,97.9,0.482
115.58,31761.0,34435.3,-1.2789,-1.3888,142.7,97.9,0.482
115.6,31771.6,34541.1,-1.2217,-1.1283,142.7,97.9,0.482
115.62,31850.7,34761.9,-0.7974,-0.5846,142.7,97.9,0.482
115.64,32087.9,35173.4,0.4767,0.4284,142.7,97.9,0.482
115.66,32274.5,35591.3,1.4787,1.4574,142.7,97.9,0.482
115.68,32353.1,35745.9,1.9005,1.838,142.7,97.9,0.482
115.7,32325.2,35703.0,1.751,1.7325,142.7,97.9,0.482
115.72,32266.8,35482.0,1.4372,1.1882,142.7,97.9,0.482
115.74,32138.8,35342.9,0.7501,0.8457,142.7,97.9,0.482
115.76,32182.2,35263.0,0.9828,0.649,142.7,97.9,0.482
115.78,32080.4,35093.2,0.4362,0.2312,142.7,97.9,0.482
115.8,31983.3,35085.7,-0.0854,0.2126,142.7,97.9,0.482
115.82,32025.6,34990.8,0.1418,-0.0211,142.7,97.9,0.482
115.84,31939.9,34891.8,-0.3182,-0.2647,142.7,97.9,0.482
115.86,31911.4,34827.0,-0.4711,-0.4245,142.7,97.9,0.482
115.88,31881.2,34706.7,-0.6332,-0.7205,142.7,97.9,0.482
115.9,31838.1,34710.0,-0.8648,-0.7125,142.7,97.9,0.482
115.92,31812.9,34551.2,-1.0003,-1.1033,142.7,97.9,0.482
115.94,31817.7,34534.3,-0.9744,-1.1451,142.7,97.9,0.482
115.96,31850.5,34556.9,-0.7983,-1.0895,142.7,97.9,0.482
115.98,31816.4,34497.3,-0.9816,-1.236,142.7,97.9,0.482
116.0,31651.4,34461.1,-1.8675,-1.3253,142.7,97.9,0.482
116.02,31806.6,34494.5,-1.0338,-1.2429,142.7,97.9,0.482
116.04,31896.9,34748.7,-0.5489,-0.6172,142.7,97.9,0.482
116.06,32108.6,35183.7,0.5877,0.4539,142.7,97.9,0.482
116.08,32357.3,35479.2,1.9232,1.1814,142.7,97.9,0.482
116.1,32349.8,35674.7,1.883,1.6626,142.7,97.9,0.482
116.12,32324.9,35714.7,1.7493,1.7612,142.7,97.9,0.482
116.14,32225.6,35535.0,1.2161,1.3188,142.7,97.9,0.482
116.16,32208.5,35338.7,1.1241,0.8356,142.7,97.9,0.482
116.18,32118.7,35279.3,0.642,0.6892,142.7,97.9,0.482
116.2,32065.7,35056.6,0.3571,0.1409,142.7,97.9,0.482
116.22,32071.9,35127.9,0.3908,0.3164,142.7,97.9,0.482
116.24,31979.0,35034.5,-0.1083,0.0864,142.7,97.9,0.482
116.26,31877.2,34941.7,-0.6547,-0.142,142.7,97.9,0.482
116.28,31926.0,34837.8,-0.3931,-0.3977,142.7,97.9,0.482
116.3,31881.1,34712.1,-0.634,-0.7072,142.7,97.9,0.482
116.32,31835.4,34638.7,-0.8792,-0.8879,142.7,97.9,0.482
116.34,31812.7,34619.1,-1.0013,-0.9363,142.7,97.9,0.482
116.36,31811.8,34590.3,-1.0062,-1.0072,142.7,97.9,0.482
116.38,31805.1,34590.0,-1.042,-1.0079,142.7,97.9,0.482
116.4,31886.3,34397.5,-0.6058,-1.4819,142.7,97.9,0.482
116.42,31698.4,34438.9,-1.6151,-1.3799,142.7,97.9,0.482
116.44,31683.1,34523.2,-1.6972,-1.1723,142.7,97.9,0.482
116.46,31940.0,34875.2,-0.3178,-0.3056,142.7,97.9,0.482
116.48,32042.1,35174.9,0.2307,0.4321,142.7,97.9,0.482
116.5,32272.9,35491.2,1.4698,1.2111,142.7,97.9,0.482
116.52,32303.3,35647.4,1.6333,1.5956,142.7,97.9,0.482
116.54,32372.6,35753.4,2.0051,1.8565,142.7,97.9,0.482
116.56,32297.0,35668.5,1.5991,1.6474,142.7,97.9,0.482
116.58,32244.3,35473.6,1.3166,1.1675,142.7,97.9,0.482
116.6,32159.6,35238.4,0.8618,0.5886,142.7,97.9,0.482
116.62,32008.9,35082.6,0.0524,0.2049,142.7,97.9,0.482
116.64,31986.2,35098.9,-0.0694,0.245,142.7,97.9,0.482
116.66,31994.1,35087.2,-0.0272,0.2163,142.7,97.9,0.482
116.68,31977.9,34927.4,-0.114,-0.1772,142.7,97.9,0.482
116.7,31853.6,34852.4,-0.7815,-0.3617,142.7,97.9,0.482
116.72,31914.6,34734.0,-0.4541,-0.6533,142.7,97.9,0.482
116.74,31890.2,34666.1,-0.5851,-0.8204,142.7,97.9,0.482
116.76,31858.6,34653.7,-0.7549,-0.851,142.7,97.9,0.482
116.78,31797.4,34638.8,-1.0832,-0.8877,142.7,97.9,0.482
116.8,31821.7,34548.8,-0.9529,-1.1093,142.7,97.9,0.482
116.82,31689.7,34434.5,-1.662,-1.3907,142.7,97.9,0.482
116.84,31802.5,34463.8,-1.0563,-1.3186,142.7,97.9,0.482
116.86,31787.2,34553.2,-1.138,-1.0986,142.7,97.9,0.482
116.88,31933.5,34816.1,-0.3524,-0.4511,142.7,97.9,0.482
116.9,32029.0,35157.3,0.1601,0.3889,142.7,97.9,0.482
116.92,32214.0,35550.5,1.1534,1.357,142.7,97.9,0.482
116.94,32408.3,35755.5,2.1972,1.8617,142.7,97.9,0.482
116.96,32342.2,35740.3,1.842,1.8243,142.7,97.9,0.482
116.98,32276.8,35543.3,1.4909,1.3393,142.7,97.9,0.482
117.0,32148.2,35384.0,0.8003,0.947,142.7,97.9,0.482
117.02,32187.9,35193.0,1.0134,0.4767,142.7,97.9,0.482
117.04,32082.2,35112.4,0.4459,0.2782,142.7,97.9,0.482
117.06,32043.0,35127.5,0.2354,0.3154,142.7,97.9,0.482
117.08,32079.7,35033.1,0.4327,0.083,142.7,97.9,0.482
117.1,31987.8,34850.4,-0.0608,-0.3668,142.7,97.9,0.482
117.12,31920.5,34757.8,-0.4223,-0.5948,142.7,97.9,0.482
117.14,31915.7,34724.7,-0.448,-0.6762,142.7,97.9,0.482
117.16,31923.0,34697.7,-0.4091,-0.7428,142.7,97.9,0.482
117.18,31918.8,34846.8,-0.4317,-0.3756,142.7,97.9,0.482
117.2,31845.0,34637.2,-0.8278,-0.8917,142.7,97.9,0.482
117.22,31762.9,34572.1,-1.2688,-1.0521,142.7,97.9,0.482
117.24,31699.2,34502.6,-1.611,-1.2232,142.7,97.9,0.482
117.26,31771.3,34540.4,-1.2237,-1.13,142.7,97.9,0.482
117.28,31841.6,34551.8,-0.8461,-1.1019,142.7,97.9,0.482
117.3,31924.1,34773.8,-0.4028,-0.5553,142.7,97.9,0.482
117.32,32160.8,35152.0,0.868,0.3758,142.7,97.9,0.482
117.34,32207.2,35523.8,1.1169,1.2912,142.7,97.9,0.482
117.36,32366.1,35741.1,1.9702,1.8262,142.7,97.9,0.482
117.38,32271.5,35756.3,1.4627,1.8637,142.7,97.9,0.482
117.4,32255.0,35556.1,1.3737,1.3707,142.7,97.9,0.482
117.42,32267.3,35355.0,1.4399,0.8757,142.7,97.9,0.482
117.44,32075.0,35139.1,0.4071,0.3441,142.7,97.9,0.482
117.46,32053.2,35195.3,0.2902,0.4824,142.7,97.9,0.482
117.48,32016.7,35142.5,0.0944,0.3525,142.7,97.9,0.482
117.5,32084.3,34983.1,0.457,-0.0401,142.7,97.9,0.482
117.52,31930.1,34852.4,-0.371,-0.3618,142.7,97.9,0.482
117.54,31995.0,34782.3,-0.0226,-0.5344,142.7,97.9,0.482
117.56,31869.7,34673.1,-0.6955,-0.8032,142.7,97.9,0.482
117.58,31821.9,34685.5,-0.9519,-0.7727,142.7,97.9,0.482
117.6,31880.4,34616.6,-0.6379,-0.9423,142.7,97.9,0.482
117.62,31827.0,34710.9,-0.9245,-0.7102,142.7,97.9,0.482
117.64,31848.3,34520.6,-0.81,-1.1789,142.7,97.9,0.482
117.66,31837.1,34467.7,-0.8704,-1.3091,142.7,97.9,0.482
117.68,31770.8,34468.3,-1.2261,-1.3074,142.7,97.9,0.482
117.7,31773.0,34518.1,-1.2145,-1.1849,142.7,97.9,0.482
117.72,31930.1,34835.1,-0.3709,-0.4044,142.7,97.9,0.482
117.74,32072.7,35134.2,0.3948,0.3319,142.7,97.9,0.482
117.76,32200.5,35475.4,1.0811,1.172,142.7,97.9,0.482
117.78,32354.8,35766.2,1.91,1.8881,142.7,97.9,0.482
117.8,32289.4,35770.0,1.5586,1.8975,142.7,97.9,0.482
117.82,32292.5,35518.4,1.5749,1.278,142.7,97.9,0.482
117.84,32250.1,35443.6,1.3476,1.0937,142.7,97.9,0.482
117.86,32055.4,35209.2,0.3019,0.5166,142.7,97.9,0.482
117.88,32071.3,35036.3,0.3872,0.0909,142.7,97.9,0.482
117.9,32121.0,35075.9,0.6541,0.1884,142.7,97.9,0.482
117.92,31949.7,35014.9,-0.2659,0.0382,142.7,97.9,0.482
117.94,31959.5,34881.6,-0.2129,-0.2899,142.7,97.9,0.482
117.96,31913.3,34912.2,-0.4609,-0.2146,142.7,97.9,0.482
117.98,31907.7,34741.2,-0.4911,-0.6356,142.7,97.9,0.482
118.0,31821.1,34667.7,-0.9564,-0.8165,142.7,97.9,0.482
118.02,31845.2,34667.3,-0.8266,-0.8176,142.7,97.9,0.482
118.04,31844.1,34582.7,-0.8329,-1.0258,142.7,97.9,0.482
118.06,31866.2,34599.7,-0.7137,-0.984,142.7,97.9,0.482
118.08,31707.9,34374.4,-1.5639,-1.5388,142.7,97.9,0.482
118.1,31738.2,34449.5,-1.4015,-1.3539,142.7,97.9,0.482
118.12,31816.0,34537.8,-0.9837,-1.1364,142.7,97.9,0.482
118.14,31913.9,34864.0,-0.4578,-0.3334,142.7,97.9,0.482
118.16,31980.1,35101.1,-0.1023,0.2504,142.7,97.9,0.482
118.18,32277.3,35556.0,1.4938,1.3705,142.7,97.9,0.482
118.2,32339.7,35670.4,1.8286,1.6521,142.7,97.9,0.482
118.22,32273.3,35729.7,1.4719,1.7982,142.7,97.9,0.482
118.24,32294.4,35524.5,1.5853,1.2931,142.7,97.9,0.482
118.26,32138.4,35439.0,0.7479,1.0824,142.7,97.9,0.482
118.28,32170.6,35200.9,0.9207,0.4961,142.7,97.9,0.482
118.3,32105.2,35190.1,0.5694,0.4695,142.7,97.9,0.482
118.32,31952.0,35100.7,-0.2532,0.2495,142.7,97.9,0.482
118.34,31947.6,35062.8,-0.2767,0.1561,142.7,97.9,0.482
118.36,31993.0,34938.4,-0.033,-0.1501,142.7,97.9,0.482
118.38,31957.1,34861.9,-0.2258,-0.3384,142.7,97.9,0.482
118.4,31893.3,34693.4,-0.5684,-0.7532,142.7,97.9,0.482
118.42,31860.5,34829.0,-0.7448,-0.4195,142.7,97.9,0.482
118.44,31849.7,34620.1,-0.8027,-0.9339,142.7,97.9,0.482
118.46,31838.0,34703.0,-0.8654,-0.7296,142.7,97.9,0.482
118.48,31818.9,34562.5,-0.9679,-1.0755,142.7,97.9,0.482
118.5,31718.1,34471.7,-1.5093,-1.2992,142.7,97.9,0.482
118.52,31740.5,34453.0,-1.389,-1.3453,142.7,97.9,0.482
118.54,31826.2,34653.1,-0.9285,-0.8527,142.7,97.9,0.482
118.56,31930.0,34819.0,-0.3715,-0.444,142.7,97.9,0.482
118.58,32042.5,35164.1,0.2328,0.4057,142.7,97.9,0.482
118.6,32209.9,35492.3,1.1315,1.2137,142.7,97.9,0.482
118.62,32448.8,35651.4,2.4146,1.6054,142.7,97.9,0.482
118.64,32325.3,35802.3,1.7511,1.9768,142.7,97.9,0.482
118.66,32314.8,35673.6,1.6947,1.66,142.7,97.9,0.482
118.68,32162.4,35465.0,0.8764,1.1464,142.7,97.9,0.482
118.7,32198.9,35320.2,1.0728,0.79,142.7,97.9,0.482
118.72,32046.5,35110.4,0.2543,0.2735,142.7,97.9,0.482
118.74,32099.5,35137.1,0.5388,0.3392,142.7,97.9,0.482
118.76,31989.2,35014.6,-0.0536,0.0376,142.7,97.9,0.482
118.78,32003.0,34838.5,0.0207,-0.3961,142.7,97.9,0.482
118.8,31847.9,34826.9,-0.8125,-0.4247,142.7,97.9,0.482
118.82,31776.8,34820.1,-1.1941,-0.4414,142.7,97.9,0.482
118.84,31765.0,34681.6,-1.2574,-0.7823,142.7,97.9,0.482
118.86,31857.1,34685.9,-0.7627,-0.7718,142.7,97.9,0.482
118.88,31864.0,34616.8,-0.7256,-0.942,142.7,97.9,0.482
118.9,31770.0,34577.5,-1.2306,-1.0388,142.7,97.9,0.482
118.92,31831.3,34475.8,-0.9017,-1.289,142.7,97.9,0.482
118.94,31736.4,34406.3,-1.4109,-1.4602,142.7,97.9,0.482
118.96,31781.8,34495.1,-1.167,-1.2415,142.7,97.9,0.482
118.98,31902.6,34841.9,-0.5183,-0.3877,142.7,97.9,0.482
119.0,32044.0,35225.1,0.2409,0.5557,142.7,97.9,0.482
119.02,32210.2,35496.7,1.1335,1.2244,142.7,97.9,0.482
119.04,32304.6,35713.2,1.6404,1.7576,142.7,97.9,0.482
119.06,32357.6,35778.7,1.9249,1.9188,142.7,97.9,0.482
119.08,32202.0,35650.8,1.0893,1.6039,142.7,97.9,0.482
119.1,32255.3,35363.9,1.3754,0.8976,142.7,97.9,0.482
119.12,32157.4,35276.0,0.8497,0.6811,142.7,97.9,0.482
119.14,32106.1,35122.9,0.5744,0.3041,142.7,97.9,0.482
119.16,32013.8,35100.8,0.0787,0.2496,142.7,97.9,0.482
119.18,31987.5,35098.8,-0.0624,0.2449,142.7,97.9,0.482
119.2,31886.7,35026.1,-0.6042,0.0658,142.7,97.9,0.482
119.22,31860.7,34896.3,-0.7434,-0.2538,142.7,97.9,0.482
119.24,31947.7,34777.3,-0.2766,-0.5468,142.7,97.9,0.482
119.26,31802.9,34751.5,-1.0542,-0.6101,142.7,97.9,0.482
119.28,31846.8,34581.7,-0.8182,-1.0284,142.7,97.9,0.482
119.3,31906.4,34671.9,-0.4979,-0.8062,142.7,97.9,0.482
119.32,31805.2,34617.9,-1.0417,-0.9392,142.7,97.9,0.482
119.34,31862.8,34525.3,-0.7322,-1.1673,142.7,97.9,0.482
119.36,31745.1,34527.7,-1.3641,-1.1613,142.7,97.9,0.482
119.38,31735.7,34453.5,-1.415,-1.3441,142.7,97.9,0.482
119.4,31867.7,34782.8,-0.7057,-0.5332,142.7,97.9,0.482
119.42,32087.5,35174.0,0.4744,0.4299,142.7,97.9,0.482
119.44,32184.8,35480.7,0.9967,1.1851,142.7,97.9,0.482
119.46,32361.8,35672.5,1.9473,1.6572,142.7,97.9,0.482
119.48,32278.3,35714.3,1.499,1.7603,142.7,97.9,0.482
119.5,32229.0,35661.5,1.2339,1.6303,142.7,97.9,0.482
119.52,32190.1,35407.1,1.0252,1.004,142.7,97.9,0.482
119.54,32157.6,35267.6,0.8511,0.6605,142.7,97.9,0.482
119.56,32055.0,35174.4,0.2998,0.4309,142.7,97.9,0.482
119.58,31936.9,34996.5,-0.3343,-0.0071,142.7,97.9,0.482
119.6,32065.8,35043.6,0.3577,0.1088,142.7,97.9,0.482
119.62,32038.1,35038.7,0.2093,0.097,142.7,97.9,0.482
119.64,31853.2,34881.9,-0.7838,-0.2891,142.7,97.9,0.482
119.66,31835.2,34769.3,-0.8804,-0.5664,142.7,97.9,0.482
119.68,31849.2,34734.1,-0.8051,-0.6531,142.7,97.9,0.482
119.7,31882.3,34633.9,-0.6275,-0.8998,142.7,97.9,0.482
119.72,31889.4,34666.0,-0.5895,-0.8209,142.7,97.9,0.482
119.74,31729.2,34502.2,-1.4499,-1.2241,142.7,97.9,0.482
119.76,31727.5,34581.9,-1.4589,-1.0279,142.7,97.9,0.482
119.78,31749.2,34444.0,-1.3424,-1.3673,142.7,97.9,0.482
119.8,31788.9,34526.5,-1.1292,-1.1642,142.7,97.9,0.482
119.82,31871.9,34733.8,-0.6835,-0.6539,142.7,97.9,0.482
119.84,32022.3,35069.4,0.1241,0.1725,142.7,97.9,0.482
119.86,32122.1,35486.2,0.6603,1.1986,142.7,97.9,0.482
119.88,32291.9,35681.1,1.5719,1.6786,142.7,97.9,0.482
119.9,32400.1,35802.1,2.1532,1.9763,142.7,97.9,0.482
119.92,32321.5,35686.5,1.731,1.6919,142.7,97.9,0.482
119.94,32221.1,35504.0,1.1918,1.2425,142.7,97.9,0.482
119.96,32084.3,35274.4,0.457,0.6771,142.7,97.9,0.482
119.98,32093.1,35233.4,0.5042,0.5762,142.7,97.9,0.482
