timestamp,raw_red,raw_ir,filtered_red,filtered_ir,heart_rate,spo2,ac_dc_ratio
0.0,32077.8,35182.5,1.188,1.1936,147.3,96.5,0.539
0.02,32276.9,35470.1,1.2006,1.2103,147.3,96.5,0.539
0.04,32400.6,35725.2,1.2084,1.2251,147.3,96.5,0.539
0.06,32397.9,35719.9,1.2083,1.2248,147.3,96.5,0.539
0.08,32330.9,35588.9,1.204,1.2172,147.3,96.5,0.539
0.1,32174.3,35363.6,1.1941,1.2041,147.3,96.5,0.539
0.12,32126.8,35142.4,1.1911,1.1913,147.3,96.5,0.539
0.14,32067.4,35037.7,1.1873,1.1852,147.3,96.5,0.539
0.16,32057.8,35060.7,1.1867,1.1866,147.3,96.5,0.539
0.18,32027.6,35040.3,1.1848,1.1854,147.3,96.5,0.539
0.2,31937.6,34926.8,1.1791,1.1788,147.3,96.5,0.539
0.22,32098.4,34757.0,1.1893,1.169,147.3,96.5,0.539
0.24,31871.6,34758.8,1.1749,1.1691,147.3,96.5,0.539
0.26,31761.2,34693.4,1.1679,1.1653,147.3,96.5,0.539
0.28,31806.5,34728.1,1.1708,1.1673,147.3,96.5,0.539
0.3,31784.9,34527.5,1.1694,1.1557,147.3,96.5,0.539
0.32,31796.6,34497.1,1.1701,1.1539,147.3,96.5,0.539
0.34,31776.8,34466.6,1.1689,1.1521,147.3,96.5,0.539
0.36,31770.8,34395.1,1.1685,1.148,147.3,96.5,0.539
0.38,31866.2,34661.0,1.1746,1.1634,147.3,96.5,0.539
0.4,31960.3,35071.7,1.1805,1.1872,147.3,96.5,0.539
0.42,32130.3,35385.6,1.1913,1.2054,147.3,96.5,0.539
0.44,32408.1,35681.2,1.2089,1.2225,147.3,96.5,0.539
0.46,32383.4,35872.5,1.2073,1.2336,147.3,96.5,0.539
0.48,32317.3,35613.3,1.2032,1.2186,147.3,96.5,0.539
0.5,32226.4,35473.0,1.1974,1.2104,147.3,96.5,0.539
0.52,32121.8,35250.7,1.1908,1.1976,147.3,96.5,0.539
0.54,32085.5,35104.4,1.1885,1.1891,147.3,96.5,0.539
0.56,32028.4,35154.9,1.1848,1.192,147.3,96.5,0.539
0.58,32051.3,35031.5,1.1863,1.1849,147.3,96.5,0.539
0.6,31995.5,34914.9,1.1828,1.1781,147.3,96.5,0.539
0.62,31896.3,34755.5,1.1765,1.1689,147.3,96.5,0.539
0.64,31878.0,34665.3,1.1753,1.1636,147.3,96.5,0.539
0.66,31872.1,34671.6,1.1749,1.164,147.3,96.5,0.539
0.68,31793.3,34727.2,1.1699,1.1672,147.3,96.5,0.539
0.7,31859.7,34625.3,1.1741,1.1613,147.3,96.5,0.539
0.72,31766.2,34529.7,1.1682,1.1558,147.3,96.5,0.539
0.74,31751.0,34480.3,1.1673,1.1529,147.3,96.5,0.539
0.76,31727.1,34490.5,1.1657,1.1535,147.3,96.5,0.539
0.78,31851.8,34637.0,1.1736,1.162,147.3,96.5,0.539
0.8,31918.0,34807.6,1.1778,1.1719,147.3,96.5,0.539
0.82,32078.3,35326.9,1.188,1.202,147.3,96.5,0.539
0.84,32249.5,35569.6,1.1989,1.216,147.3,96.5,0.539
0.86,32430.5,35825.1,1.2103,1.2309,147.3,96.5,0.539
0.88,32350.8,35694.9,1.2053,1.2233,147.3,96.5,0.539
0.9,32260.7,35474.6,1.1996,1.2105,147.3,96.5,0.539
0.92,32105.7,35362.9,1.1897,1.2041,147.3,96.5,0.539
0.94,32041.8,35133.0,1.1857,1.1907,147.3,96.5,0.539
0.96,32111.0,35129.9,1.1901,1.1906,147.3,96.5,0.539
0.98,32044.5,35117.1,1.1859,1.1898,147.3,96.5,0.539
1.0,31972.6,34970.4,1.1813,1.1813,147.3,96.5,0.539
1.02,31890.0,34888.1,1.1761,1.1766,147.3,96.5,0.539
1.04,31847.1,34703.2,1.1734,1.1658,147.3,96.5,0.539
1.06,31780.8,34678.2,1.1691,1.1644,147.3,96.5,0.539
1.08,31871.7,34651.2,1.1749,1.1628,147.3,96.5,0.539
1.1,31809.4,34775.3,1.171,1.17,147.3,96.5,0.539
1.12,31739.3,34577.0,1.1665,1.1585,147.3,96.5,0.539
1.14,31760.2,34565.7,1.1678,1.1579,147.3,96.5,0.539
1.16,31781.7,34497.9,1.1692,1.1539,147.3,96.5,0.539
1.18,31850.2,34512.6,1.1736,1.1548,147.3,96.5,0.539
1.2,31978.0,34767.7,1.1817,1.1696,147.3,96.5,0.539
1.22,31949.2,35082.7,1.1798,1.1878,147.3,96.5,0.539
1.24,32268.7,35500.7,1.2001,1.2121,147.3,96.5,0.539
1.26,32465.6,35786.1,1.2126,1.2286,147.3,96.5,0.539
1.28,32468.1,35762.5,1.2127,1.2272,147.3,96.5,0.539
1.3,32418.5,35513.8,1.2096,1.2128,147.3,96.5,0.539
1.32,32160.8,35363.6,1.1932,1.2041,147.3,96.5,0.539
1.34,32134.2,35284.1,1.1915,1.1995,147.3,96.5,0.539
1.36,32040.0,35062.6,1.1856,1.1867,147.3,96.5,0.539
1.38,32091.0,35082.3,1.1888,1.1878,147.3,96.5,0.539
1.4,32067.0,35087.6,1.1873,1.1881,147.3,96.5,0.539
1.42,31938.6,34919.7,1.1792,1.1784,147.3,96.5,0.539
1.44,32036.1,34771.5,1.1853,1.1698,147.3,96.5,0.539
1.46,31860.3,34704.6,1.1742,1.1659,147.3,96.5,0.539
1.48,31864.4,34732.5,1.1744,1.1675,147.3,96.5,0.539
1.5,31851.4,34666.8,1.1736,1.1637,147.3,96.5,0.539
1.52,31778.7,34653.7,1.169,1.163,147.3,96.5,0.539
1.54,31793.1,34627.9,1.1699,1.1615,147.3,96.5,0.539
1.56,31701.9,34583.6,1.1641,1.1589,147.3,96.5,0.539
1.58,31707.7,34544.5,1.1645,1.1566,147.3,96.5,0.539
1.6,31905.8,34678.0,1.1771,1.1644,147.3,96.5,0.539
1.62,31979.1,34944.3,1.1817,1.1798,147.3,96.5,0.539
1.64,32257.3,35324.9,1.1994,1.2019,147.3,96.5,0.539
1.66,32270.6,35666.4,1.2002,1.2217,147.3,96.5,0.539
1.68,32389.9,35832.7,1.2078,1.2313,147.3,96.5,0.539
1.7,32379.3,35735.1,1.2071,1.2256,147.3,96.5,0.539
1.72,32250.9,35442.6,1.1989,1.2087,147.3,96.5,0.539
1.74,32136.6,35371.2,1.1917,1.2045,147.3,96.5,0.539
1.76,32050.7,35144.9,1.1863,1.1914,147.3,96.5,0.539
1.78,32063.1,35105.6,1.187,1.1892,147.3,96.5,0.539
1.8,31971.8,35137.7,1.1813,1.191,147.3,96.5,0.539
1.82,32029.4,35021.3,1.1849,1.1843,147.3,96.5,0.539
1.84,31811.8,34828.4,1.1711,1.1731,147.3,96.5,0.539
1.86,31847.1,34793.9,1.1734,1.1711,147.3,96.5,0.539
1.88,31814.0,34592.7,1.1713,1.1594,147.3,96.5,0.539
1.9,31959.1,34693.8,1.1805,1.1653,147.3,96.5,0.539
1.92,31849.1,34661.8,1.1735,1.1634,147.3,96.5,0.539
1.94,31764.7,34589.3,1.1681,1.1592,147.3,96.5,0.539
1.96,31860.7,34430.9,1.1742,1.1501,147.3,96.5,0.539
1.98,31710.3,34423.9,1.1647,1.1497,147.3,96.5,0.539
2.0,31761.0,34618.2,1.1679,1.1609,147.3,96.5,0.539
2.02,31842.9,34841.9,1.1731,1.1739,147.3,96.5,0.539
2.04,32074.4,35382.0,1.1878,1.2052,147.3,96.5,0.539
2.06,32203.8,35618.4,1.196,1.2189,147.3,96.5,0.539
2.08,32391.9,35755.7,1.2079,1.2268,147.3,96.5,0.539
2.1,32377.7,35780.3,1.207,1.2283,147.3,96.5,0.539
2.12,32145.2,35593.5,1.1922,1.2174,147.3,96.5,0.539
2.14,32153.2,35450.8,1.1928,1.2092,147.3,96.5,0.539
2.16,32005.9,35246.1,1.1834,1.1973,147.3,96.5,0.539
2.18,31986.5,35119.8,1.1822,1.19,147.3,96.5,0.539
2.2,32048.4,35080.3,1.1861,1.1877,147.3,96.5,0.539
2.22,32086.8,35029.3,1.1885,1.1847,147.3,96.5,0.539
2.24,31880.2,34844.4,1.1755,1.174,147.3,96.5,0.539
2.26,31863.5,34791.5,1.1744,1.171,147.3,96.5,0.539
2.28,31837.8,34668.1,1.1728,1.1638,147.3,96.5,0.539
2.3,31819.4,34680.9,1.1716,1.1645,147.3,96.5,0.539
2.32,31847.6,34619.0,1.1734,1.161,147.3,96.5,0.539
2.34,31819.6,34601.5,1.1716,1.1599,147.3,96.5,0.539
2.36,31842.9,34492.5,1.1731,1.1536,147.3,96.5,0.539
2.38,31769.9,34493.5,1.1685,1.1537,147.3,96.5,0.539
2.4,31748.8,34481.6,1.1671,1.153,147.3,96.5,0.539
2.42,31920.2,34717.9,1.178,1.1667,147.3,96.5,0.539
2.44,32014.5,35075.1,1.184,1.1874,147.3,96.5,0.539
2.46,32173.0,35479.4,1.194,1.2108,147.3,96.5,0.539
2.48,32375.4,35641.1,1.2068,1.2202,147.3,96.5,0.539
2.5,32372.0,35685.0,1.2066,1.2227,147.3,96.5,0.539
2.52,32332.1,35675.6,1.2041,1.2222,147.3,96.5,0.539
2.54,32213.8,35400.2,1.1966,1.2062,147.3,96.5,0.539
2.56,32128.1,35193.5,1.1912,1.1943,147.3,96.5,0.539
2.58,32040.4,35027.8,1.1856,1.1846,147.3,96.5,0.539
2.6,32106.9,35128.6,1.1898,1.1905,147.3,96.5,0.539
2.62,31935.8,35047.9,1.179,1.1858,147.3,96.5,0.539
2.64,31967.6,34879.0,1.181,1.176,147.3,96.5,0.539
2.66,31987.9,34771.3,1.1823,1.1698,147.3,96.5,0.539
2.68,31826.8,34673.7,1.1721,1.1641,147.3,96.5,0.539
2.7,31803.9,34691.2,1.1706,1.1651,147.3,96.5,0.539
2.72,31877.3,34613.8,1.1753,1.1607,147.3,96.5,0.539
2.74,31799.0,34606.3,1.1703,1.1602,147.3,96.5,0.539
2.76,31648.9,34559.0,1.1608,1.1575,147.3,96.5,0.539
2.78,31760.2,34484.6,1.1678,1.1532,147.3,96.5,0.539
2.8,31765.4,34495.2,1.1682,1.1538,147.3,96.5,0.539
2.82,31824.7,34670.5,1.1719,1.1639,147.3,96.5,0.539
2.84,31935.8,34946.3,1.179,1.1799,147.3,96.5,0.539
2.86,32152.6,35315.4,1.1927,1.2013,147.3,96.5,0.539
2.88,32264.4,35650.1,1.1998,1.2207,147.3,96.5,0.539
2.9,32444.7,35729.4,1.2112,1.2253,147.3,96.5,0.539
2.92,32397.4,35751.5,1.2082,1.2266,147.3,96.5,0.539
2.94,32226.8,35523.2,1.1974,1.2134,147.3,96.5,0.539
2.96,32096.3,35281.9,1.1891,1.1994,147.3,96.5,0.539
2.98,32096.8,35250.7,1.1892,1.1976,147.3,96.5,0.539
3.0,31998.8,35113.7,1.183,1.1896,147.3,96.5,0.539
3.02,32061.8,34980.7,1.187,1.1819,147.3,96.5,0.539
3.04,32065.7,35010.2,1.1872,1.1836,147.3,96.5,0.539
3.06,31914.0,34763.2,1.1776,1.1693,147.3,96.5,0.539
3.08,31861.9,34687.9,1.1743,1.165,147.3,96.5,0.539
3.1,31848.0,34638.7,1.1734,1.1621,147.3,96.5,0.539
3.12,31906.4,34632.9,1.1771,1.1618,147.3,96.5,0.539
3.14,31828.2,34673.8,1.1722,1.1641,147.3,96.5,0.539
3.16,31682.2,34636.6,1.1629,1.162,147.3,96.5,0.539
3.18,31779.2,34434.1,1.169,1.1503,147.3,96.5,0.539
3.2,31666.3,34470.1,1.1619,1.1523,147.3,96.5,0.539
3.22,31782.5,34589.7,1.1693,1.1593,147.3,96.5,0.539
3.24,32044.7,34763.4,1.1859,1.1693,147.3,96.5,0.539
3.26,32034.2,35186.5,1.1852,1.1938,147.3,96.5,0.539
3.28,32350.2,35590.7,1.2052,1.2173,147.3,96.5,0.539
3.3,32439.4,35683.3,1.2109,1.2226,147.3,96.5,0.539
3.32,32398.7,35658.0,1.2083,1.2212,147.3,96.5,0.539
3.34,32249.2,35523.0,1.1988,1.2133,147.3,96.5,0.539
3.36,32142.2,35316.4,1.1921,1.2014,147.3,96.5,0.539
3.38,32096.9,35295.1,1.1892,1.2001,147.3,96.5,0.539
3.4,32078.4,35130.8,1.188,1.1906,147.3,96.5,0.539
3.42,32046.8,35083.3,1.186,1.1879,147.3,96.5,0.539
3.44,31956.3,35053.4,1.1803,1.1861,147.3,96.5,0.539
3.46,32000.6,35015.4,1.1831,1.1839,147.3,96.5,0.539
3.48,31941.5,34813.4,1.1793,1.1722,147.3,96.5,0.539
3.5,31773.2,34743.9,1.1687,1.1682,147.3,96.5,0.539
3.52,31895.6,34746.0,1.1764,1.1683,147.3,96.5,0.539
3.54,31865.2,34621.1,1.1745,1.1611,147.3,96.5,0.539
3.56,31816.3,34659.3,1.1714,1.1633,147.3,96.5,0.539
3.58,31730.2,34527.6,1.1659,1.1557,147.3,96.5,0.539
3.6,31718.7,34408.7,1.1652,1.1488,147.3,96.5,0.539
3.62,31750.9,34508.2,1.1673,1.1545,147.3,96.5,0.539
3.64,31825.9,34749.3,1.172,1.1685,147.3,96.5,0.539
3.66,32062.7,35051.3,1.187,1.186,147.3,96.5,0.539
3.68,32226.6,35435.4,1.1974,1.2083,147.3,96.5,0.539
3.7,32248.8,35684.3,1.1988,1.2227,147.3,96.5,0.539
3.72,32317.0,35774.0,1.2031,1.2279,147.3,96.5,0.539
3.74,32362.6,35588.0,1.206,1.2171,147.3,96.5,0.539
3.76,32259.2,35481.1,1.1995,1.2109,147.3,96.5,0.539
3.78,32162.6,35253.6,1.1933,1.1977,147.3,96.5,0.539
3.8,32099.2,35199.0,1.1893,1.1946,147.3,96.5,0.539
3.82,31988.3,35084.4,1.1823,1.1879,147.3,96.5,0.539
3.84,31949.1,35007.1,1.1798,1.1835,147.3,96.5,0.539
3.86,31995.7,34926.5,1.1828,1.1788,147.3,96.5,0.539
3.88,31931.9,34840.8,1.1787,1.1738,147.3,96.5,0.539
3.9,31825.2,34707.4,1.172,1.1661,147.3,96.5,0.539
3.92,31837.7,34606.9,1.1728,1.1603,147.3,96.5,0.539
3.94,31771.9,34648.9,1.1686,1.1627,147.3,96.5,0.539
3.96,31850.1,34597.4,1.1735,1.1597,147.3,96.5,0.539
3.98,31796.4,34631.4,1.1701,1.1617,147.3,96.5,0.539
4.0,31665.5,34529.5,1.1618,1.1558,147.3,96.5,0.539
4.02,31795.6,34402.4,1.1701,1.1484,147.3,96.5,0.539
4.04,31700.1,34582.9,1.164,1.1589,147.3,96.5,0.539
4.06,31992.6,34853.0,1.1826,1.1745,147.3,96.5,0.539
4.08,32092.5,35246.3,1.1889,1.1973,147.3,96.5,0.539
4.1,32278.8,35662.4,1.2007,1.2214,147.3,96.5,0.539
4.12,32321.8,35791.3,1.2034,1.2289,147.3,96.5,0.539
4.14,32336.2,35703.3,1.2044,1.2238,147.3,96.5,0.539
4.16,32249.7,35519.8,1.1989,1.2132,147.3,96.5,0.539
4.18,32215.9,35298.6,1.1967,1.2003,147.3,96.5,0.539
4.2,32195.0,35206.0,1.1954,1.195,147.3,96.5,0.539
4.22,32078.9,35224.2,1.188,1.196,147.3,96.5,0.539
4.24,31873.8,35042.2,1.175,1.1855,147.3,96.5,0.539
4.26,32027.5,35010.8,1.1848,1.1837,147.3,96.5,0.539
4.28,31922.3,34835.5,1.1781,1.1735,147.3,96.5,0.539
4.3,31808.8,34733.6,1.1709,1.1676,147.3,96.5,0.539
4.32,31782.2,34607.0,1.1692,1.1603,147.3,96.5,0.539
4.34,31817.3,34636.4,1.1715,1.162,147.3,96.5,0.539
4.36,31836.8,34621.8,1.1727,1.1611,147.3,96.5,0.539
4.38,31737.8,34492.1,1.1664,1.1536,147.3,96.5,0.539
4.4,31767.6,34411.4,1.1683,1.1489,147.3,96.5,0.539
4.42,31853.8,34523.3,1.1738,1.1554,147.3,96.5,0.539
4.44,31711.8,34535.9,1.1648,1.1561,147.3,96.5,0.539
4.46,31884.8,34813.0,1.1757,1.1722,147.3,96.5,0.539
4.48,32181.8,35226.9,1.1946,1.1962,147.3,96.5,0.539
4.5,32203.2,35497.9,1.1959,1.2119,147.3,96.5,0.539
4.52,32417.9,35679.9,1.2095,1.2224,147.3,96.5,0.539
4.54,32401.6,35711.8,1.2085,1.2243,147.3,96.5,0.539
4.56,32298.2,35569.1,1.2019,1.216,147.3,96.5,0.539
4.58,32234.1,35330.3,1.1979,1.2022,147.3,96.5,0.539
4.6,32173.3,35258.0,1.194,1.198,147.3,96.5,0.539
4.62,32032.7,35075.3,1.1851,1.1874,147.3,96.5,0.539
4.64,31869.8,35154.9,1.1748,1.192,147.3,96.5,0.539
4.66,31937.8,34962.9,1.1791,1.1809,147.3,96.5,0.539
4.68,31978.9,34892.1,1.1817,1.1768,147.3,96.5,0.539
4.7,31916.9,34829.2,1.1778,1.1731,147.3,96.5,0.539
4.72,31849.7,34697.6,1.1735,1.1655,147.3,96.5,0.539
4.74,31838.4,34593.3,1.1728,1.1595,147.3,96.5,0.539
4.76,31829.5,34596.2,1.1722,1.1596,147.3,96.5,0.539
4.78,31814.1,34585.7,1.1713,1.159,147.3,96.5,0.539
4.8,31808.8,34527.2,1.1709,1.1556,147.3,96.5,0.539
4.82,31804.2,34326.3,1.1706,1.144,147.3,96.5,0.539
4.84,31740.7,34552.1,1.1666,1.1571,147.3,96.5,0.539
4.86,31853.5,34654.5,1.1738,1.163,147.3,96.5,0.539
4.88,31979.7,34986.6,1.1818,1.1823,147.3,96.5,0.539
4.9,32120.6,35422.3,1.1907,1.2075,147.3,96.5,0.539
4.92,32381.6,35642.4,1.2072,1.2203,147.3,96.5,0.539
4.94,32368.5,35787.3,1.2064,1.2287,147.3,96.5,0.539
4.96,32403.5,35696.9,1.2086,1.2234,147.3,96.5,0.539
4.98,32252.6,35398.7,1.1991,1.2061,147.3,96.5,0.539
5.0,32236.0,35274.3,1.198,1.1989,147.3,96.5,0.539
5.02,31996.4,35238.5,1.1828,1.1969,147.3,96.5,0.539
5.04,32038.8,35077.8,1.1855,1.1875,147.3,96.5,0.539
5.06,31968.7,35084.0,1.1811,1.1879,147.3,96.5,0.539
5.08,32030.4,34918.0,1.185,1.1783,147.3,96.5,0.539
5.1,31952.4,34932.0,1.18,1.1791,147.3,96.5,0.539
5.12,31781.1,34746.2,1.1692,1.1683,147.3,96.5,0.539
5.14,31894.5,34665.0,1.1764,1.1636,147.3,96.5,0.539
5.16,31809.9,34748.1,1.171,1.1684,147.3,96.5,0.539
5.18,31872.8,34601.1,1.175,1.1599,147.3,96.5,0.539
5.2,31842.4,34521.9,1.1731,1.1553,147.3,96.5,0.539
5.22,31739.0,34427.8,1.1665,1.1499,147.3,96.5,0.539
5.24,31743.1,34413.5,1.1668,1.1491,147.3,96.5,0.539
5.26,31785.8,34567.0,1.1695,1.1579,147.3,96.5,0.539
5.28,31967.7,34867.6,1.181,1.1754,147.3,96.5,0.539
5.3,32106.7,35282.0,1.1898,1.1994,147.3,96.5,0.539
5.32,32237.9,35485.3,1.1981,1.2112,147.3,96.5,0.539
5.34,32367.9,35772.3,1.2064,1.2278,147.3,96.5,0.539
5.36,32405.5,35684.5,1.2087,1.2227,147.3,96.5,0.539
5.38,32312.6,35483.4,1.2029,1.2111,147.3,96.5,0.539
5.4,32158.5,35266.8,1.1931,1.1985,147.3,96.5,0.539
5.42,32039.1,35121.3,1.1855,1.1901,147.3,96.5,0.539
5.44,32019.5,35049.1,1.1843,1.1859,147.3,96.5,0.539
5.46,31959.9,35028.4,1.1805,1.1847,147.3,96.5,0.539
5.48,32037.7,35141.0,1.1854,1.1912,147.3,96.5,0.539
5.5,31937.1,34812.3,1.1791,1.1722,147.3,96.5,0.539
5.52,31921.6,34732.8,1.1781,1.1676,147.3,96.5,0.539
5.54,31870.2,34777.3,1.1748,1.1701,147.3,96.5,0.539
5.56,31796.0,34615.0,1.1701,1.1607,147.3,96.5,0.539
5.58,31832.6,34656.8,1.1724,1.1632,147.3,96.5,0.539
5.6,31805.3,34525.3,1.1707,1.1555,147.3,96.5,0.539
5.62,31686.3,34619.2,1.1632,1.161,147.3,96.5,0.539
5.64,31668.6,34362.9,1.162,1.1461,147.3,96.5,0.539
5.66,31809.9,34509.7,1.171,1.1546,147.3,96.5,0.539
5.68,31860.1,34713.4,1.1742,1.1664,147.3,96.5,0.539
5.7,31995.4,35125.1,1.1827,1.1903,147.3,96.5,0.539
5.72,32274.2,35469.8,1.2004,1.2103,147.3,96.5,0.539
5.74,32399.9,35757.5,1.2084,1.2269,147.3,96.5,0.539
5.76,32387.8,35772.5,1.2076,1.2278,147.3,96.5,0.539
5.78,32283.3,35623.1,1.201,1.2191,147.3,96.5,0.539
5.8,32139.8,35398.4,1.1919,1.2061,147.3,96.5,0.539
5.82,32189.8,35157.1,1.1951,1.1921,147.3,96.5,0.539
5.84,32025.3,35201.4,1.1846,1.1947,147.3,96.5,0.539
5.86,31997.5,34957.0,1.1829,1.1805,147.3,96.5,0.539
5.88,31982.5,35025.2,1.1819,1.1845,147.3,96.5,0.539
5.9,31866.0,34953.9,1.1746,1.1804,147.3,96.5,0.539
5.92,31874.1,34830.6,1.1751,1.1732,147.3,96.5,0.539
5.94,31800.0,34749.1,1.1704,1.1685,147.3,96.5,0.539
5.96,31820.1,34679.3,1.1716,1.1645,147.3,96.5,0.539
5.98,31792.9,34608.6,1.1699,1.1604,147.3,96.5,0.539
6.0,31783.4,34612.2,1.1693,1.1606,147.3,96.5,0.539
6.02,31732.8,34602.7,1.1661,1.16,147.3,96.5,0.539
6.04,31821.5,34545.8,1.1717,1.1567,147.3,96.5,0.539
6.06,31725.7,34516.9,1.1657,1.155,147.3,96.5,0.539
6.08,31805.0,34655.0,1.1707,1.163,147.3,96.5,0.539
6.1,32036.6,34991.7,1.1854,1.1826,147.3,96.5,0.539
6.12,32150.4,35381.0,1.1926,1.2051,147.3,96.5,0.539
6.14,32302.5,35624.9,1.2022,1.2193,147.3,96.5,0.539
6.16,32369.4,35810.2,1.2065,1.23,147.3,96.5,0.539
6.18,32317.6,35745.4,1.2032,1.2262,147.3,96.5,0.539
6.2,32238.0,35495.1,1.1981,1.2117,147.3,96.5,0.539
6.22,32088.5,35400.1,1.1886,1.2062,147.3,96.5,0.539
6.24,32020.9,35144.4,1.1844,1.1914,147.3,96.5,0.539
6.26,32007.9,35131.2,1.1835,1.1906,147.3,96.5,0.539
6.28,31995.1,35089.7,1.1827,1.1882,147.3,96.5,0.539
6.3,31987.5,34936.2,1.1823,1.1793,147.3,96.5,0.539
6.32,31883.5,34841.6,1.1757,1.1739,147.3,96.5,0.539
6.34,31858.0,34693.4,1.174,1.1653,147.3,96.5,0.539
6.36,31878.7,34729.4,1.1754,1.1674,147.3,96.5,0.539
6.38,31815.5,34726.8,1.1714,1.1672,147.3,96.5,0.539
6.4,31740.6,34727.9,1.1666,1.1673,147.3,96.5,0.539
6.42,31769.9,34554.6,1.1685,1.1572,147.3,96.5,0.539
6.44,31739.7,34542.0,1.1665,1.1565,147.3,96.5,0.539
6.46,31760.8,34497.9,1.1679,1.1539,147.3,96.5,0.539
6.48,31803.9,34607.8,1.1706,1.1603,147.3,96.5,0.539
6.5,31880.0,34844.7,1.1754,1.174,147.3,96.5,0.539
6.52,32148.3,35270.2,1.1924,1.1987,147.3,96.5,0.539
6.54,32286.3,35561.8,1.2012,1.2156,147.3,96.5,0.539
6.56,32293.7,35709.4,1.2017,1.2241,147.3,96.5,0.539
6.58,32429.0,35687.3,1.2102,1.2229,147.3,96.5,0.539
6.6,32282.7,35633.4,1.201,1.2197,147.3,96.5,0.539
6.62,32187.0,35370.7,1.1949,1.2045,147.3,96.5,0.539
6.64,32088.7,35165.5,1.1887,1.1926,147.3,96.5,0.539
6.66,32132.0,35114.4,1.1914,1.1897,147.3,96.5,0.539
6.68,32030.4,35077.0,1.185,1.1875,147.3,96.5,0.539
6.7,32091.5,35023.7,1.1888,1.1844,147.3,96.5,0.539
6.72,31953.7,34934.0,1.1801,1.1792,147.3,96.5,0.539
6.74,31798.6,34806.1,1.1703,1.1718,147.3,96.5,0.539
6.76,31827.8,34603.8,1.1721,1.1601,147.3,96.5,0.539
6.78,31882.0,34618.1,1.1756,1.1609,147.3,96.5,0.539
6.8,31821.3,34638.3,1.1717,1.1621,147.3,96.5,0.539
6.82,31773.0,34576.0,1.1687,1.1585,147.3,96.5,0.539
6.84,31712.4,34523.8,1.1648,1.1554,147.3,96.5,0.539
6.86,31746.3,34440.6,1.167,1.1506,147.3,96.5,0.539
6.88,31699.2,34512.8,1.164,1.1548,147.3,96.5,0.539
6.9,31828.0,34818.9,1.1721,1.1725,147.3,96.5,0.539
6.92,32031.4,35058.0,1.185,1.1864,147.3,96.5,0.539
6.94,32238.8,35475.6,1.1982,1.2106,147.3,96.5,0.539
6.96,32325.2,35683.4,1.2037,1.2226,147.3,96.5,0.539
6.98,32310.4,35804.1,1.2027,1.2296,147.3,96.5,0.539
7.0,32369.3,35619.1,1.2065,1.2189,147.3,96.5,0.539
7.02,32231.2,35458.0,1.1977,1.2096,147.3,96.5,0.539
7.04,32174.8,35309.5,1.1941,1.201,147.3,96.5,0.539
7.06,32114.4,35058.6,1.1903,1.1864,147.3,96.5,0.539
7.08,32038.0,35177.8,1.1855,1.1933,147.3,96.5,0.539
7.1,31947.6,35012.9,1.1797,1.1838,147.3,96.5,0.539
7.12,32000.5,34917.7,1.1831,1.1783,147.3,96.5,0.539
7.14,31805.7,34846.2,1.1707,1.1741,147.3,96.5,0.539
7.16,31943.7,34635.9,1.1795,1.1619,147.3,96.5,0.539
7.18,31868.4,34705.0,1.1747,1.1659,147.3,96.5,0.539
7.2,31818.7,34626.6,1.1716,1.1614,147.3,96.5,0.539
7.22,31856.7,34682.8,1.174,1.1647,147.3,96.5,0.539
7.24,31685.0,34575.9,1.1631,1.1585,147.3,96.5,0.539
7.26,31676.2,34532.7,1.1625,1.156,147.3,96.5,0.539
7.28,31697.4,34437.5,1.1639,1.1504,147.3,96.5,0.539
7.3,31743.5,34607.9,1.1668,1.1603,147.3,96.5,0.539
7.32,31959.0,35034.2,1.1804,1.185,147.3,96.5,0.539
7.34,32077.2,35272.1,1.1879,1.1988,147.3,96.5,0.539
7.36,32217.5,35598.6,1.1968,1.2177,147.3,96.5,0.539
7.38,32365.2,35714.5,1.2062,1.2244,147.3,96.5,0.539
7.4,32301.5,35678.2,1.2022,1.2223,147.3,96.5,0.539
7.42,32221.9,35560.6,1.1971,1.2155,147.3,96.5,0.539
7.44,32130.9,35260.4,1.1913,1.1981,147.3,96.5,0.539
7.46,32103.1,35134.9,1.1896,1.1909,147.3,96.5,0.539
7.48,32009.9,35154.7,1.1837,1.192,147.3,96.5,0.539
7.5,31971.2,35062.5,1.1812,1.1867,147.3,96.5,0.539
7.52,31882.2,35009.9,1.1756,1.1836,147.3,96.5,0.539
7.54,31895.6,34913.2,1.1764,1.178,147.3,96.5,0.539
7.56,31956.5,34735.0,1.1803,1.1677,147.3,96.5,0.539
7.58,31814.2,34668.1,1.1713,1.1638,147.3,96.5,0.539
7.6,31788.4,34758.2,1.1696,1.169,147.3,96.5,0.539
7.62,31813.6,34564.5,1.1712,1.1578,147.3,96.5,0.539
7.64,31837.4,34657.2,1.1727,1.1632,147.3,96.5,0.539
7.66,31752.1,34471.7,1.1673,1.1524,147.3,96.5,0.539
7.68,31665.8,34406.6,1.1619,1.1487,147.3,96.5,0.539
7.7,31718.7,34536.9,1.1652,1.1562,147.3,96.5,0.539
7.72,31973.5,34820.9,1.1814,1.1727,147.3,96.5,0.539
7.74,32049.9,35186.5,1.1862,1.1938,147.3,96.5,0.539
7.76,32289.2,35549.0,1.2014,1.2149,147.3,96.5,0.539
7.78,32377.2,35744.3,1.207,1.2262,147.3,96.5,0.539
7.8,32276.0,35764.4,1.2005,1.2273,147.3,96.5,0.539
7.82,32199.9,35605.4,1.1957,1.2181,147.3,96.5,0.539
7.84,32292.3,35258.9,1.2016,1.198,147.3,96.5,0.539
7.86,32064.5,35195.3,1.1871,1.1944,147.3,96.5,0.539
7.88,32010.9,35122.3,1.1837,1.1901,147.3,96.5,0.539
7.9,31954.4,35059.9,1.1802,1.1865,147.3,96.5,0.539
7.92,31909.3,35061.6,1.1773,1.1866,147.3,96.5,0.539
7.94,31931.3,35024.1,1.1787,1.1844,147.3,96.5,0.539
7.96,31904.2,34782.3,1.177,1.1704,147.3,96.5,0.539
7.98,31831.0,34634.1,1.1723,1.1618,147.3,96.5,0.539
8.0,31828.4,34689.6,1.1722,1.1651,147.3,96.5,0.539
8.02,31781.7,34616.3,1.1692,1.1608,147.3,96.5,0.539
8.04,31671.2,34687.2,1.1622,1.1649,147.3,96.5,0.539
8.06,31734.9,34602.5,1.1662,1.16,147.3,96.5,0.539
8.08,31689.7,34372.2,1.1634,1.1467,147.3,96.5,0.539
8.1,31731.7,34498.7,1.166,1.154,147.3,96.5,0.539
8.12,31888.3,34682.5,1.176,1.1646,147.3,96.5,0.539
8.14,31941.5,34974.2,1.1793,1.1815,147.3,96.5,0.539
8.16,32163.3,35429.2,1.1934,1.2079,147.3,96.5,0.539
8.18,32355.9,35651.2,1.2056,1.2208,147.3,96.5,0.539
8.2,32344.3,35811.6,1.2049,1.2301,147.3,96.5,0.539
8.22,32383.2,35576.5,1.2073,1.2164,147.3,96.5,0.539
8.24,32272.4,35489.4,1.2003,1.2114,147.3,96.5,0.539
8.26,32211.9,35240.6,1.1965,1.197,147.3,96.5,0.539
8.28,32038.6,35194.7,1.1855,1.1943,147.3,96.5,0.539
8.3,32057.0,35056.8,1.1867,1.1863,147.3,96.5,0.539
8.32,31978.0,34988.6,1.1816,1.1824,147.3,96.5,0.539
8.34,31996.4,34927.9,1.1828,1.1789,147.3,96.5,0.539
8.36,31821.7,34933.7,1.1717,1.1792,147.3,96.5,0.539
8.38,31950.9,34788.6,1.1799,1.1708,147.3,96.5,0.539
8.4,31916.1,34667.2,1.1777,1.1638,147.3,96.5,0.539
8.42,31815.9,34664.2,1.1714,1.1636,147.3,96.5,0.539
8.44,31857.3,34551.2,1.174,1.157,147.3,96.5,0.539
8.46,31805.9,34558.9,1.1707,1.1575,147.3,96.5,0.539
8.48,31764.0,34537.4,1.1681,1.1562,147.3,96.5,0.539
8.5,31726.0,34309.3,1.1657,1.143,147.3,96.5,0.539
8.52,31702.4,34635.6,1.1642,1.1619,147.3,96.5,0.539
8.54,32010.6,34994.3,1.1837,1.1827,147.3,96.5,0.539
8.56,32173.6,35268.9,1.194,1.1986,147.3,96.5,0.539
8.58,32378.0,35605.6,1.207,1.2181,147.3,96.5,0.539
8.6,32324.7,35688.4,1.2036,1.2229,147.3,96.5,0.539
8.62,32379.6,35803.8,1.2071,1.2296,147.3,96.5,0.539
8.64,32278.6,35469.9,1.2007,1.2103,147.3,96.5,0.539
8.66,32176.1,35245.6,1.1942,1.1973,147.3,96.5,0.539
8.68,32145.4,35198.0,1.1923,1.1945,147.3,96.5,0.539
8.7,32046.3,35070.1,1.186,1.1871,147.3,96.5,0.539
8.72,32057.8,35079.3,1.1867,1.1876,147.3,96.5,0.539
8.74,31957.2,34964.7,1.1803,1.181,147.3,96.5,0.539
8.76,31907.3,34900.9,1.1772,1.1773,147.3,96.5,0.539
8.78,31833.6,34747.2,1.1725,1.1684,147.3,96.5,0.539
8.8,31739.3,34692.6,1.1665,1.1652,147.3,96.5,0.539
8.82,31879.3,34672.0,1.1754,1.164,147.3,96.5,0.539
8.84,31860.6,34629.9,1.1742,1.1616,147.3,96.5,0.539
8.86,31756.6,34591.3,1.1676,1.1594,147.3,96.5,0.539
8.88,31753.8,34539.6,1.1674,1.1564,147.3,96.5,0.539
8.9,31768.6,34446.6,1.1684,1.151,147.3,96.5,0.539
8.92,31659.4,34516.7,1.1615,1.155,147.3,96.5,0.539
8.94,31870.8,34731.9,1.1749,1.1675,147.3,96.5,0.539
8.96,32070.5,35179.3,1.1875,1.1934,147.3,96.5,0.539
8.98,32220.8,35408.8,1.197,1.2067,147.3,96.5,0.539
9.0,32348.1,35732.9,1.2051,1.2255,147.3,96.5,0.539
9.02,32356.7,35694.5,1.2057,1.2233,147.3,96.5,0.539
9.04,32322.3,35611.9,1.2035,1.2185,147.3,96.5,0.539
9.06,32259.5,35374.3,1.1995,1.2047,147.3,96.5,0.539
9.08,32073.9,35215.6,1.1877,1.1955,147.3,96.5,0.539
9.1,32042.8,35081.4,1.1858,1.1878,147.3,96.5,0.539
9.12,32083.0,35177.4,1.1883,1.1933,147.3,96.5,0.539
9.14,31971.4,35012.5,1.1812,1.1838,147.3,96.5,0.539
9.16,31987.5,34880.7,1.1823,1.1761,147.3,96.5,0.539
9.18,31907.2,34765.2,1.1772,1.1694,147.3,96.5,0.539
9.2,31840.3,34754.9,1.1729,1.1688,147.3,96.5,0.539
9.22,31921.9,34686.8,1.1781,1.1649,147.3,96.5,0.539
9.24,31973.1,34555.4,1.1813,1.1573,147.3,96.5,0.539
9.26,31739.1,34685.1,1.1665,1.1648,147.3,96.5,0.539
9.28,31840.3,34529.6,1.1729,1.1558,147.3,96.5,0.539
9.3,31776.6,34443.5,1.1689,1.1508,147.3,96.5,0.539
9.32,31659.4,34502.1,1.1615,1.1542,147.3,96.5,0.539
9.34,31850.2,34690.3,1.1735,1.1651,147.3,96.5,0.539
9.36,32035.6,34966.0,1.1853,1.1811,147.3,96.5,0.539
9.38,32188.2,35325.7,1.195,1.2019,147.3,96.5,0.539
9.4,32371.0,35634.1,1.2066,1.2198,147.3,96.5,0.539
9.42,32261.7,35778.1,1.1996,1.2281,147.3,96.5,0.539
9.44,32392.4,35620.3,1.2079,1.219,147.3,96.5,0.539
9.46,32249.2,35529.4,1.1988,1.2137,147.3,96.5,0.539
9.48,32190.2,35305.1,1.1951,1.2007,147.3,96.5,0.539
9.5,31985.2,35205.9,1.1821,1.195,147.3,96.5,0.539
9.52,32019.3,35054.6,1.1843,1.1862,147.3,96.5,0.539
9.54,31988.7,35044.0,1.1823,1.1856,147.3,96.5,0.539
9.56,32041.9,35063.4,1.1857,1.1867,147.3,96.5,0.539
9.58,31870.9,34766.7,1.1749,1.1695,147.3,96.5,0.539
9.6,31850.2,34771.9,1.1736,1.1698,147.3,96.5,0.539
9.62,31888.6,34717.3,1.176,1.1667,147.3,96.5,0.539
9.64,31846.3,34668.8,1.1733,1.1638,147.3,96.5,0.539
9.66,31852.2,34639.9,1.1737,1.1622,147.3,96.5,0.539
9.68,31862.7,34646.3,1.1743,1.1625,147.3,96.5,0.539
9.7,31772.2,34403.6,1.1686,1.1485,147.3,96.5,0.539
9.72,31624.3,34479.6,1.1592,1.1529,147.3,96.5,0.539
9.74,31807.2,34585.4,1.1708,1.159,147.3,96.5,0.539
9.76,31845.0,34881.5,1.1732,1.1762,147.3,96.5,0.539
9.78,32095.9,35206.1,1.1891,1.195,147.3,96.5,0.539
9.8,32267.6,35629.7,1.2,1.2195,147.3,96.5,0.539
9.82,32417.8,35704.4,1.2095,1.2239,147.3,96.5,0.539
9.84,32351.3,35725.9,1.2053,1.2251,147.3,96.5,0.539
9.86,32373.2,35540.6,1.2067,1.2144,147.3,96.5,0.539
9.88,32167.4,35349.3,1.1937,1.2033,147.3,96.5,0.539
9.9,32096.2,35247.0,1.1891,1.1974,147.3,96.5,0.539
9.92,32047.3,35136.3,1.186,1.1909,147.3,96.5,0.539
9.94,31971.7,35024.4,1.1812,1.1845,147.3,96.5,0.539
9.96,32039.9,34934.2,1.1856,1.1792,147.3,96.5,0.539
9.98,31998.8,34832.8,1.183,1.1733,147.3,96.5,0.539
10.0,31895.1,34753.5,1.1764,1.1688,147.3,96.5,0.539
10.02,31829.7,34747.2,1.1723,1.1684,147.3,96.5,0.539
10.04,31838.9,34678.2,1.1728,1.1644,147.3,96.5,0.539
10.06,31842.5,34679.5,1.1731,1.1645,147.3,96.5,0.539
10.08,31807.4,34600.2,1.1708,1.1599,147.3,96.5,0.539
10.1,31804.3,34523.1,1.1706,1.1554,147.3,96.5,0.539
10.12,31691.4,34450.8,1.1635,1.1512,147.3,96.5,0.539
10.14,31792.0,34532.0,1.1699,1.1559,147.3,96.5,0.539
10.16,31859.1,34696.4,1.1741,1.1654,147.3,96.5,0.539
10.18,32120.5,35131.5,1.1907,1.1907,147.3,96.5,0.539
10.2,32203.8,35433.9,1.196,1.2082,147.3,96.5,0.539
10.22,32307.4,35618.5,1.2025,1.2189,147.3,96.5,0.539
10.24,32336.3,35793.2,1.2044,1.229,147.3,96.5,0.539
10.26,32319.1,35640.2,1.2033,1.2201,147.3,96.5,0.539
10.28,32177.1,35376.7,1.1943,1.2049,147.3,96.5,0.539
10.3,32144.6,35263.3,1.1922,1.1983,147.3,96.5,0.539
10.32,32058.9,35098.0,1.1868,1.1887,147.3,96.5,0.539
10.34,31983.5,35106.8,1.182,1.1892,147.3,96.5,0.539
10.36,31906.8,35031.4,1.1771,1.1849,147.3,96.5,0.539
10.38,31983.7,34903.0,1.182,1.1774,147.3,96.5,0.539
10.4,31878.8,34816.8,1.1754,1.1724,147.3,96.5,0.539
10.42,31822.4,34738.9,1.1718,1.1679,147.3,96.5,0.539
10.44,31751.5,34644.3,1.1673,1.1624,147.3,96.5,0.539
10.46,31858.2,34639.0,1.1741,1.1621,147.3,96.5,0.539
10.48,31798.4,34575.2,1.1703,1.1584,147.3,96.5,0.539
10.5,31775.8,34529.7,1.1688,1.1558,147.3,96.5,0.539
10.52,31745.9,34400.8,1.1669,1.1483,147.3,96.5,0.539
10.54,31767.2,34468.8,1.1683,1.1523,147.3,96.5,0.539
10.56,31804.4,34677.9,1.1706,1.1644,147.3,96.5,0.539
10.58,31955.8,34928.1,1.1802,1.1789,147.3,96.5,0.539
10.6,32095.8,35389.6,1.1891,1.2056,147.3,96.5,0.539
10.62,32348.4,35727.9,1.2051,1.2252,147.3,96.5,0.539
10.64,32424.9,35804.2,1.21,1.2296,147.3,96.5,0.539
10.66,32377.9,35662.5,1.207,1.2214,147.3,96.5,0.539
10.68,32227.1,35482.9,1.1974,1.211,147.3,96.5,0.539
10.7,32099.0,35281.4,1.1893,1.1993,147.3,96.5,0.539
10.72,32105.1,35155.2,1.1897,1.192,147.3,96.5,0.539
10.74,32052.1,35151.2,1.1863,1.1918,147.3,96.5,0.539
10.76,31960.4,35072.6,1.1805,1.1872,147.3,96.5,0.539
10.78,31979.8,34961.0,1.1818,1.1808,147.3,96.5,0.539
10.8,31874.8,34800.5,1.1751,1.1715,147.3,96.5,0.539
10.82,31876.1,34744.9,1.1752,1.1683,147.3,96.5,0.539
10.84,31859.9,34729.9,1.1742,1.1674,147.3,96.5,0.539
10.86,31840.7,34575.1,1.1729,1.1584,147.3,96.5,0.539
10.88,31740.7,34689.1,1.1666,1.165,147.3,96.5,0.539
10.9,31760.3,34555.2,1.1679,1.1573,147.3,96.5,0.539
10.92,31690.0,34432.1,1.1634,1.1501,147.3,96.5,0.539
10.94,31762.6,34431.2,1.168,1.1501,147.3,96.5,0.539
10.96,31777.9,34635.1,1.169,1.1619,147.3,96.5,0.539
10.98,31877.0,34828.0,1.1752,1.1731,147.3,96.5,0.539
11.0,32109.2,35204.1,1.19,1.1949,147.3,96.5,0.539
11.02,32253.7,35486.3,1.1991,1.2112,147.3,96.5,0.539
11.04,32386.6,35663.9,1.2075,1.2215,147.3,96.5,0.539
11.06,32430.2,35685.8,1.2103,1.2228,147.3,96.5,0.539
11.08,32384.9,35571.4,1.2074,1.2162,147.3,96.5,0.539
11.1,32176.5,35347.9,1.1942,1.2032,147.3,96.5,0.539
11.12,32051.7,35175.1,1.1863,1.1932,147.3,96.5,0.539
11.14,32064.4,35184.5,1.1871,1.1937,147.3,96.5,0.539
11.16,32039.3,35041.7,1.1855,1.1855,147.3,96.5,0.539
11.18,32101.9,35024.2,1.1895,1.1844,147.3,96.5,0.539
11.2,31858.8,34874.4,1.1741,1.1758,147.3,96.5,0.539
11.22,31868.1,34846.3,1.1747,1.1741,147.3,96.5,0.539
11.24,31867.2,34568.0,1.1746,1.158,147.3,96.5,0.539
11.26,31776.0,34822.3,1.1688,1.1727,147.3,96.5,0.539
11.28,31758.9,34718.7,1.1678,1.1667,147.3,96.5,0.539
11.3,31781.7,34573.8,1.1692,1.1583,147.3,96.5,0.539
11.32,31743.2,34490.1,1.1668,1.1535,147.3,96.5,0.539
11.34,31752.3,34479.1,1.1673,1.1529,147.3,96.5,0.539
11.36,31816.9,34452.0,1.1714,1.1513,147.3,96.5,0.539
11.38,31921.5,34770.1,1.1781,1.1697,147.3,96.5,0.539
11.4,32045.7,35056.0,1.1859,1.1863,147.3,96.5,0.539
11.42,32164.9,35455.1,1.1935,1.2094,147.3,96.5,0.539
11.44,32447.8,35730.6,1.2114,1.2254,147.3,96.5,0.539
11.46,32419.6,35782.8,1.2096,1.2284,147.3,96.5,0.539
11.48,32276.2,35676.0,1.2006,1.2222,147.3,96.5,0.539
11.5,32224.3,35357.3,1.1973,1.2037,147.3,96.5,0.539
11.52,32138.7,35222.9,1.1918,1.196,147.3,96.5,0.539
11.54,32090.2,35135.7,1.1888,1.1909,147.3,96.5,0.539
11.56,32110.5,35122.1,1.19,1.1901,147.3,96.5,0.539
11.58,32070.6,35023.3,1.1875,1.1844,147.3,96.5,0.539
11.6,31990.9,34976.5,1.1825,1.1817,147.3,96.5,0.539
11.62,32024.6,34822.2,1.1846,1.1727,147.3,96.5,0.539
11.64,31853.0,34731.4,1.1737,1.1675,147.3,96.5,0.539
11.66,31769.9,34748.0,1.1685,1.1684,147.3,96.5,0.539
11.68,31784.7,34678.8,1.1694,1.1644,147.3,96.5,0.539
11.7,31836.4,34668.5,1.1727,1.1638,147.3,96.5,0.539
11.72,31717.2,34472.5,1.1651,1.1525,147.3,96.5,0.539
11.74,31865.1,34545.6,1.1745,1.1567,147.3,96.5,0.539
11.76,31597.9,34429.6,1.1576,1.15,147.3,96.5,0.539
11.78,31819.5,34621.7,1.1716,1.1611,147.3,96.5,0.539
11.8,32046.2,34909.5,1.186,1.1778,147.3,96.5,0.539
11.82,32093.2,35207.3,1.189,1.1951,147.3,96.5,0.539
11.84,32244.2,35607.1,1.1985,1.2182,147.3,96.5,0.539
11.86,32420.1,35775.4,1.2097,1.228,147.3,96.5,0.539
11.88,32386.4,35674.8,1.2075,1.2221,147.3,96.5,0.539
11.9,32367.4,35547.5,1.2063,1.2148,147.3,96.5,0.539
11.92,32116.1,35347.3,1.1904,1.2032,147.3,96.5,0.539
11.94,32106.5,35156.1,1.1898,1.1921,147.3,96.5,0.539
11.96,31948.1,35074.7,1.1798,1.1874,147.3,96.5,0.539
11.98,31992.0,35018.9,1.1825,1.1841,147.3,96.5,0.539
12.0,32037.2,35015.2,1.1854,1.1839,147.3,96.5,0.539
12.02,31861.4,34951.5,1.1743,1.1802,147.3,96.5,0.539
12.04,31911.8,34824.1,1.1775,1.1728,147.3,96.5,0.539
12.06,31889.7,34679.7,1.1761,1.1645,147.3,96.5,0.539
12.08,31789.3,34721.1,1.1697,1.1669,147.3,96.5,0.539
12.1,31787.9,34646.1,1.1696,1.1625,147.3,96.5,0.539
12.12,31779.1,34524.0,1.169,1.1555,147.3,96.5,0.539
12.14,31762.0,34554.8,1.168,1.1572,147.3,96.5,0.539
12.16,31668.6,34419.9,1.162,1.1494,147.3,96.5,0.539
12.18,31867.1,34491.5,1.1746,1.1536,147.3,96.5,0.539
12.2,31951.5,34782.8,1.18,1.1705,147.3,96.5,0.539
12.22,32030.6,35251.7,1.185,1.1976,147.3,96.5,0.539
12.24,32154.7,35551.6,1.1928,1.215,147.3,96.5,0.539
12.26,32362.9,35693.1,1.206,1.2232,147.3,96.5,0.539
12.28,32357.8,35732.3,1.2057,1.2255,147.3,96.5,0.539
12.3,32299.9,35618.1,1.202,1.2189,147.3,96.5,0.539
12.32,32195.2,35389.3,1.1954,1.2056,147.3,96.5,0.539
12.34,32227.3,35256.7,1.1974,1.1979,147.3,96.5,0.539
12.36,32062.2,35209.0,1.187,1.1952,147.3,96.5,0.539
12.38,32054.1,35071.3,1.1865,1.1872,147.3,96.5,0.539
12.4,32031.5,35035.3,1.185,1.1851,147.3,96.5,0.539
12.42,31977.8,34888.9,1.1816,1.1766,147.3,96.5,0.539
12.44,32031.3,34792.5,1.185,1.171,147.3,96.5,0.539
12.46,31824.8,34791.3,1.1719,1.1709,147.3,96.5,0.539
12.48,31900.6,34648.5,1.1767,1.1627,147.3,96.5,0.539
12.5,31858.4,34680.3,1.1741,1.1645,147.3,96.5,0.539
12.52,31844.1,34547.9,1.1732,1.1568,147.3,96.5,0.539
12.54,31699.8,34540.8,1.164,1.1564,147.3,96.5,0.539
12.56,31823.2,34466.6,1.1718,1.1521,147.3,96.5,0.539
12.58,31748.0,34529.8,1.1671,1.1558,147.3,96.5,0.539
12.6,31863.8,34692.6,1.1744,1.1652,147.3,96.5,0.539
12.62,32033.1,35073.5,1.1851,1.1873,147.3,96.5,0.539
12.64,32205.6,35392.6,1.1961,1.2058,147.3,96.5,0.539
12.66,32374.6,35619.4,1.2068,1.2189,147.3,96.5,0.539
12.68,32285.6,35744.0,1.2011,1.2261,147.3,96.5,0.539
12.7,32276.9,35649.7,1.2006,1.2207,147.3,96.5,0.539
12.72,32178.9,35522.9,1.1944,1.2133,147.3,96.5,0.539
12.74,32126.9,35398.3,1.1911,1.2061,147.3,96.5,0.539
12.76,32075.3,35131.7,1.1878,1.1907,147.3,96.5,0.539
12.78,32075.1,35085.9,1.1878,1.188,147.3,96.5,0.539
12.8,32010.4,35053.6,1.1837,1.1861,147.3,96.5,0.539
12.82,32008.4,34919.3,1.1836,1.1784,147.3,96.5,0.539
12.84,31885.7,34854.2,1.1758,1.1746,147.3,96.5,0.539
12.86,31827.9,34697.4,1.1721,1.1655,147.3,96.5,0.539
12.88,31801.4,34695.7,1.1705,1.1654,147.3,96.5,0.539
12.9,31841.1,34658.2,1.173,1.1632,147.3,96.5,0.539
12.92,31740.2,34543.4,1.1666,1.1566,147.3,96.5,0.539
12.94,31842.1,34531.1,1.173,1.1559,147.3,96.5,0.539
12.96,31675.8,34515.8,1.1625,1.155,147.3,96.5,0.539
12.98,31682.1,34458.9,1.1629,1.1517,147.3,96.5,0.539
13.0,31760.1,34576.9,1.1678,1.1585,147.3,96.5,0.539
13.02,31942.4,34897.0,1.1794,1.1771,147.3,96.5,0.539
13.04,32141.6,35327.1,1.192,1.202,147.3,96.5,0.539
13.06,32315.1,35551.6,1.203,1.215,147.3,96.5,0.539
13.08,32339.7,35784.6,1.2046,1.2285,147.3,96.5,0.539
13.1,32343.8,35697.5,1.2048,1.2235,147.3,96.5,0.539
13.12,32263.1,35490.8,1.1997,1.2115,147.3,96.5,0.539
13.14,32215.4,35336.0,1.1967,1.2025,147.3,96.5,0.539
13.16,32012.5,35150.5,1.1838,1.1918,147.3,96.5,0.539
13.18,32076.4,35167.9,1.1879,1.1928,147.3,96.5,0.539
13.2,31973.9,35039.1,1.1814,1.1853,147.3,96.5,0.539
13.22,31998.0,34982.1,1.1829,1.182,147.3,96.5,0.539
13.24,31872.1,34868.1,1.1749,1.1754,147.3,96.5,0.539
13.26,31876.5,34755.0,1.1752,1.1688,147.3,96.5,0.539
13.28,31916.7,34661.9,1.1778,1.1634,147.3,96.5,0.539
13.3,31881.9,34704.5,1.1756,1.1659,147.3,96.5,0.539
13.32,31812.8,34652.0,1.1712,1.1629,147.3,96.5,0.539
13.34,31868.2,34583.8,1.1747,1.1589,147.3,96.5,0.539
13.36,31743.5,34481.4,1.1668,1.153,147.3,96.5,0.539
13.38,31685.1,34478.3,1.1631,1.1528,147.3,96.5,0.539
13.4,31783.3,34586.5,1.1693,1.1591,147.3,96.5,0.539
13.42,31831.4,34736.3,1.1724,1.1678,147.3,96.5,0.539
13.44,31998.0,35095.6,1.1829,1.1886,147.3,96.5,0.539
13.46,32207.2,35484.5,1.1962,1.2111,147.3,96.5,0.539
13.48,32350.6,35712.8,1.2053,1.2243,147.3,96.5,0.539
13.5,32412.9,35788.5,1.2092,1.2287,147.3,96.5,0.539
13.52,32316.4,35549.7,1.2031,1.2149,147.3,96.5,0.539
13.54,32236.0,35409.9,1.198,1.2068,147.3,96.5,0.539
13.56,32199.8,35314.3,1.1957,1.2012,147.3,96.5,0.539
13.58,32148.6,35089.4,1.1925,1.1882,147.3,96.5,0.539
13.6,31968.3,35109.6,1.181,1.1894,147.3,96.5,0.539
13.62,32053.9,35104.2,1.1865,1.1891,147.3,96.5,0.539
13.64,32007.8,34949.3,1.1835,1.1801,147.3,96.5,0.539
13.66,31925.3,34748.3,1.1783,1.1685,147.3,96.5,0.539
13.68,31839.3,34770.6,1.1729,1.1697,147.3,96.5,0.539
13.7,31883.9,34642.1,1.1757,1.1623,147.3,96.5,0.539
13.72,31809.7,34679.5,1.171,1.1645,147.3,96.5,0.539
13.74,31823.9,34658.0,1.1719,1.1632,147.3,96.5,0.539
13.76,31811.0,34464.5,1.1711,1.152,147.3,96.5,0.539
13.78,31728.2,34450.4,1.1658,1.1512,147.3,96.5,0.539
13.8,31778.6,34441.6,1.169,1.1507,147.3,96.5,0.539
13.82,31780.8,34720.7,1.1691,1.1669,147.3,96.5,0.539
13.84,31941.1,34973.7,1.1793,1.1815,147.3,96.5,0.539
13.86,32286.4,35353.1,1.2012,1.2035,147.3,96.5,0.539
13.88,32326.9,35689.1,1.2038,1.223,147.3,96.5,0.539
13.9,32329.2,35821.9,1.2039,1.2307,147.3,96.5,0.539
13.92,32288.0,35671.9,1.2013,1.222,147.3,96.5,0.539
13.94,32294.2,35439.3,1.2017,1.2085,147.3,96.5,0.539
13.96,32147.3,35321.0,1.1924,1.2016,147.3,96.5,0.539
13.98,32105.4,35140.0,1.1897,1.1912,147.3,96.5,0.539
14.0,32095.1,35011.7,1.1891,1.1837,147.3,96.5,0.539
14.02,32016.9,35028.2,1.1841,1.1847,147.3,96.5,0.539
14.04,32106.5,34973.5,1.1898,1.1815,147.3,96.5,0.539
14.06,31872.3,34863.1,1.1749,1.1751,147.3,96.5,0.539
14.08,31762.9,34715.7,1.168,1.1666,147.3,96.5,0.539
14.1,31979.0,34833.6,1.1817,1.1734,147.3,96.5,0.539
14.12,31815.0,34716.7,1.1713,1.1666,147.3,96.5,0.539
14.14,31819.8,34663.6,1.1716,1.1635,147.3,96.5,0.539
14.16,31864.7,34531.8,1.1745,1.1559,147.3,96.5,0.539
14.18,31755.7,34535.0,1.1676,1.1561,147.3,96.5,0.539
14.2,31634.5,34442.5,1.1599,1.1507,147.3,96.5,0.539
14.22,31834.5,34643.8,1.1726,1.1624,147.3,96.5,0.539
14.24,31885.7,34859.8,1.1758,1.1749,147.3,96.5,0.539
14.26,32175.6,35161.5,1.1942,1.1924,147.3,96.5,0.539
14.28,32247.0,35543.7,1.1987,1.2145,147.3,96.5,0.539
14.3,32394.3,35684.1,1.208,1.2227,147.3,96.5,0.539
14.32,32425.3,35785.7,1.21,1.2286,147.3,96.5,0.539
14.34,32360.4,35595.4,1.2059,1.2175,147.3,96.5,0.539
14.36,32181.3,35352.8,1.1945,1.2035,147.3,96.5,0.539
14.38,32083.3,35235.0,1.1883,1.1967,147.3,96.5,0.539
14.4,32054.7,35150.3,1.1865,1.1917,147.3,96.5,0.539
14.42,32085.0,35012.2,1.1884,1.1837,147.3,96.5,0.539
14.44,32009.6,34971.1,1.1837,1.1814,147.3,96.5,0.539
14.46,31989.6,34932.9,1.1824,1.1792,147.3,96.5,0.539
14.48,31883.1,34762.8,1.1756,1.1693,147.3,96.5,0.539
14.5,31921.6,34690.8,1.1781,1.1651,147.3,96.5,0.539
14.52,31841.7,34677.3,1.173,1.1643,147.3,96.5,0.539
14.54,31853.8,34729.4,1.1738,1.1674,147.3,96.5,0.539
14.56,31781.9,34563.5,1.1692,1.1577,147.3,96.5,0.539
14.58,31831.2,34543.1,1.1723,1.1566,147.3,96.5,0.539
14.6,31744.5,34424.1,1.1668,1.1497,147.3,96.5,0.539
14.62,31755.4,34492.1,1.1675,1.1536,147.3,96.5,0.539
14.64,31827.8,34579.7,1.1721,1.1587,147.3,96.5,0.539
14.66,32083.8,35053.6,1.1884,1.1861,147.3,96.5,0.539
14.68,32213.8,35515.0,1.1966,1.2129,147.3,96.5,0.539
14.7,32307.3,35625.0,1.2025,1.2193,147.3,96.5,0.539
14.72,32462.9,35844.4,1.2124,1.232,147.3,96.5,0.539
14.74,32263.9,35655.2,1.1998,1.221,147.3,96.5,0.539
14.76,32290.8,35409.3,1.2015,1.2068,147.3,96.5,0.539
14.78,32117.4,35280.3,1.1905,1.1993,147.3,96.5,0.539
14.8,32123.5,35105.1,1.1909,1.1891,147.3,96.5,0.539
14.82,32060.5,35149.4,1.1869,1.1917,147.3,96.5,0.539
14.84,32024.9,34981.5,1.1846,1.182,147.3,96.5,0.539
14.86,31919.3,35108.0,1.1779,1.1893,147.3,96.5,0.539
14.88,31946.8,34749.0,1.1797,1.1685,147.3,96.5,0.539
14.9,31926.3,34728.0,1.1784,1.1673,147.3,96.5,0.539
14.92,31906.2,34754.5,1.1771,1.1688,147.3,96.5,0.539
14.94,31785.3,34677.4,1.1694,1.1643,147.3,96.5,0.539
14.96,31782.1,34664.5,1.1692,1.1636,147.3,96.5,0.539
14.98,31810.9,34555.1,1.1711,1.1573,147.3,96.5,0.539
15.0,31760.0,34449.4,1.1678,1.1511,147.3,96.5,0.539
15.02,31688.6,34496.0,1.1633,1.1538,147.3,96.5,0.539
15.04,31815.7,34569.0,1.1714,1.1581,147.3,96.5,0.539
15.06,31961.0,34859.9,1.1806,1.1749,147.3,96.5,0.539
15.08,32098.8,35365.5,1.1893,1.2042,147.3,96.5,0.539
15.1,32334.0,35626.5,1.2042,1.2193,147.3,96.5,0.539
15.12,32449.3,35721.0,1.2115,1.2248,147.3,96.5,0.539
15.14,32286.6,35732.7,1.2012,1.2255,147.3,96.5,0.539
15.16,32199.0,35527.1,1.1957,1.2136,147.3,96.5,0.539
15.18,32230.6,35341.8,1.1977,1.2028,147.3,96.5,0.539
15.2,32120.7,35142.9,1.1907,1.1913,147.3,96.5,0.539
15.22,32100.0,35094.0,1.1894,1.1885,147.3,96.5,0.539
15.24,32029.3,35052.3,1.1849,1.1861,147.3,96.5,0.539
15.26,32000.4,34995.0,1.1831,1.1827,147.3,96.5,0.539
15.28,31888.7,34823.5,1.176,1.1728,147.3,96.5,0.539
15.3,31843.8,34776.1,1.1731,1.1701,147.3,96.5,0.539
15.32,31850.6,34765.7,1.1736,1.1695,147.3,96.5,0.539
15.34,31820.1,34680.8,1.1716,1.1645,147.3,96.5,0.539
15.36,31817.2,34656.2,1.1715,1.1631,147.3,96.5,0.539
15.38,31727.8,34589.4,1.1658,1.1592,147.3,96.5,0.539
15.4,31767.4,34464.9,1.1683,1.152,147.3,96.5,0.539
15.42,31755.3,34453.4,1.1675,1.1514,147.3,96.5,0.539
15.44,31810.7,34478.8,1.171,1.1528,147.3,96.5,0.539
15.46,31824.6,34782.4,1.1719,1.1704,147.3,96.5,0.539
15.48,32082.7,35212.1,1.1883,1.1953,147.3,96.5,0.539
15.5,32251.1,35524.5,1.199,1.2134,147.3,96.5,0.539
15.52,32406.5,35709.2,1.2088,1.2241,147.3,96.5,0.539
15.54,32350.7,35776.3,1.2053,1.228,147.3,96.5,0.539
15.56,32216.9,35576.2,1.1968,1.2164,147.3,96.5,0.539
15.58,32140.8,35399.8,1.192,1.2062,147.3,96.5,0.539
15.6,32096.5,35240.6,1.1892,1.197,147.3,96.5,0.539
15.62,32089.1,35087.1,1.1887,1.1881,147.3,96.5,0.539
15.64,32006.0,35063.4,1.1834,1.1867,147.3,96.5,0.539
15.66,31991.7,34941.1,1.1825,1.1796,147.3,96.5,0.539
15.68,31931.5,34906.2,1.1787,1.1776,147.3,96.5,0.539
15.7,31940.3,34774.4,1.1793,1.17,147.3,96.5,0.539
15.72,31841.6,34740.0,1.173,1.168,147.3,96.5,0.539
15.74,31947.7,34743.3,1.1797,1.1682,147.3,96.5,0.539
15.76,31798.8,34587.6,1.1703,1.1591,147.3,96.5,0.539
15.78,31869.3,34653.7,1.1748,1.163,147.3,96.5,0.539
15.8,31795.1,34598.0,1.1701,1.1597,147.3,96.5,0.539
15.82,31740.6,34354.8,1.1666,1.1457,147.3,96.5,0.539
15.84,31762.2,34512.7,1.168,1.1548,147.3,96.5,0.539
15.86,31843.1,34589.8,1.1731,1.1593,147.3,96.5,0.539
15.88,31980.8,35045.4,1.1818,1.1857,147.3,96.5,0.539
15.9,32203.0,35391.0,1.1959,1.2057,147.3,96.5,0.539
15.92,32307.4,35661.4,1.2025,1.2214,147.3,96.5,0.539
15.94,32401.2,35782.6,1.2085,1.2284,147.3,96.5,0.539
15.96,32389.2,35664.5,1.2077,1.2215,147.3,96.5,0.539
15.98,32272.0,35518.1,1.2003,1.2131,147.3,96.5,0.539
16.0,32220.7,35195.7,1.197,1.1944,147.3,96.5,0.539
16.02,32074.6,35172.9,1.1878,1.1931,147.3,96.5,0.539
16.04,32106.4,35044.6,1.1898,1.1856,147.3,96.5,0.539
16.06,31961.5,35117.6,1.1806,1.1899,147.3,96.5,0.539
16.08,32007.4,35049.5,1.1835,1.1859,147.3,96.5,0.539
16.1,32024.3,34839.4,1.1846,1.1737,147.3,96.5,0.539
16.12,31850.1,34645.1,1.1735,1.1625,147.3,96.5,0.539
16.14,31833.4,34647.1,1.1725,1.1626,147.3,96.5,0.539
16.16,31794.8,34716.3,1.17,1.1666,147.3,96.5,0.539
16.18,31743.1,34712.0,1.1668,1.1663,147.3,96.5,0.539
16.2,31823.3,34550.7,1.1718,1.157,147.3,96.5,0.539
16.22,31652.5,34490.0,1.161,1.1535,147.3,96.5,0.539
16.24,31778.5,34396.7,1.169,1.1481,147.3,96.5,0.539
16.26,31809.7,34691.9,1.171,1.1652,147.3,96.5,0.539
16.28,31979.0,34905.9,1.1817,1.1776,147.3,96.5,0.539
16.3,32128.0,35254.8,1.1912,1.1978,147.3,96.5,0.539
16.32,32188.7,35610.4,1.195,1.2184,147.3,96.5,0.539
16.34,32407.2,35713.7,1.2089,1.2244,147.3,96.5,0.539
16.36,32451.4,35674.4,1.2117,1.2221,147.3,96.5,0.539
16.38,32276.2,35511.0,1.2005,1.2127,147.3,96.5,0.539
16.4,32185.4,35262.8,1.1948,1.1983,147.3,96.5,0.539
16.42,32055.2,35145.4,1.1865,1.1915,147.3,96.5,0.539
16.44,32024.4,35158.7,1.1846,1.1922,147.3,96.5,0.539
16.46,31961.7,35014.8,1.1806,1.1839,147.3,96.5,0.539
16.48,31995.1,34948.2,1.1827,1.18,147.3,96.5,0.539
16.5,31967.9,34882.3,1.181,1.1762,147.3,96.5,0.539
16.52,31969.6,34723.8,1.1811,1.167,147.3,96.5,0.539
16.54,31869.9,34684.1,1.1748,1.1647,147.3,96.5,0.539
16.56,31834.6,34681.1,1.1726,1.1646,147.3,96.5,0.539
16.58,31720.4,34747.1,1.1653,1.1684,147.3,96.5,0.539
16.6,31820.0,34625.7,1.1716,1.1613,147.3,96.5,0.539
16.62,31764.8,34576.4,1.1681,1.1585,147.3,96.5,0.539
16.64,31850.1,34388.6,1.1735,1.1476,147.3,96.5,0.539
16.66,31719.1,34548.2,1.1652,1.1569,147.3,96.5,0.539
16.68,31849.7,34675.4,1.1735,1.1642,147.3,96.5,0.539
16.7,32096.0,35142.6,1.1891,1.1913,147.3,96.5,0.539
16.72,32188.7,35499.8,1.195,1.212,147.3,96.5,0.539
16.74,32390.3,35675.0,1.2078,1.2222,147.3,96.5,0.539
16.76,32337.4,35764.6,1.2044,1.2273,147.3,96.5,0.539
16.78,32454.7,35527.6,1.2119,1.2136,147.3,96.5,0.539
16.8,32216.7,35397.0,1.1968,1.206,147.3,96.5,0.539
16.82,32077.5,35240.4,1.188,1.197,147.3,96.5,0.539
16.84,32056.2,35227.0,1.1866,1.1962,147.3,96.5,0.539
16.86,32052.6,34930.8,1.1864,1.179,147.3,96.5,0.539
16.88,32013.9,35061.4,1.1839,1.1866,147.3,96.5,0.539
16.9,32070.8,34875.4,1.1875,1.1758,147.3,96.5,0.539
16.92,31952.4,34773.4,1.18,1.1699,147.3,96.5,0.539
16.94,31778.9,34763.9,1.169,1.1694,147.3,96.5,0.539
16.96,31898.1,34677.5,1.1766,1.1644,147.3,96.5,0.539
16.98,31818.4,34717.0,1.1715,1.1666,147.3,96.5,0.539
17.0,31787.3,34656.2,1.1696,1.1631,147.3,96.5,0.539
17.02,31771.0,34574.8,1.1685,1.1584,147.3,96.5,0.539
17.04,31679.2,34441.8,1.1627,1.1507,147.3,96.5,0.539
17.06,31742.6,34512.7,1.1667,1.1548,147.3,96.5,0.539
17.08,31748.1,34717.4,1.1671,1.1667,147.3,96.5,0.539
17.1,31984.0,34969.7,1.182,1.1813,147.3,96.5,0.539
17.12,32239.2,35448.0,1.1982,1.209,147.3,96.5,0.539
17.14,32261.4,35629.1,1.1996,1.2195,147.3,96.5,0.539
17.16,32446.0,35791.1,1.2113,1.2289,147.3,96.5,0.539
17.18,32303.4,35751.6,1.2023,1.2266,147.3,96.5,0.539
17.2,32270.5,35492.8,1.2002,1.2116,147.3,96.5,0.539
17.22,32185.3,35314.6,1.1948,1.2013,147.3,96.5,0.539
17.24,32031.8,35175.1,1.1851,1.1932,147.3,96.5,0.539
17.26,32064.0,35159.6,1.1871,1.1923,147.3,96.5,0.539
17.28,32026.1,35029.1,1.1847,1.1847,147.3,96.5,0.539
17.3,31986.9,34999.2,1.1822,1.183,147.3,96.5,0.539
17.32,31815.9,34847.4,1.1714,1.1742,147.3,96.5,0.539
17.34,31902.9,34675.0,1.1769,1.1642,147.3,96.5,0.539
17.36,31864.8,34677.6,1.1745,1.1644,147.3,96.5,0.539
17.38,31775.7,34667.5,1.1688,1.1638,147.3,96.5,0.539
17.4,31769.8,34648.6,1.1685,1.1627,147.3,96.5,0.539
17.42,31727.7,34616.9,1.1658,1.1608,147.3,96.5,0.539
17.44,31746.4,34506.1,1.167,1.1544,147.3,96.5,0.539
17.46,31781.0,34483.1,1.1692,1.1531,147.3,96.5,0.539
17.48,31782.8,34566.0,1.1693,1.1579,147.3,96.5,0.539
17.5,31956.9,34825.5,1.1803,1.1729,147.3,96.5,0.539
17.52,32009.1,35138.9,1.1836,1.1911,147.3,96.5,0.539
17.54,32268.3,35629.6,1.2,1.2195,147.3,96.5,0.539
17.56,32311.6,35671.7,1.2028,1.222,147.3,96.5,0.539
17.58,32342.4,35736.3,1.2047,1.2257,147.3,96.5,0.539
17.6,32313.5,35528.5,1.2029,1.2137,147.3,96.5,0.539
17.62,32174.7,35302.7,1.1941,1.2006,147.3,96.5,0.539
17.64,32059.6,35174.7,1.1868,1.1932,147.3,96.5,0.539
17.66,32162.3,35113.0,1.1933,1.1896,147.3,96.5,0.539
17.68,31987.4,35073.8,1.1822,1.1873,147.3,96.5,0.539
17.7,32056.6,34969.8,1.1866,1.1813,147.3,96.5,0.539
17.72,31903.7,34896.2,1.1769,1.177,147.3,96.5,0.539
17.74,31915.4,34741.5,1.1777,1.1681,147.3,96.5,0.539
17.76,31875.2,34710.2,1.1751,1.1662,147.3,96.5,0.539
17.78,31858.3,34625.1,1.1741,1.1613,147.3,96.5,0.539
17.8,31830.9,34709.8,1.1723,1.1662,147.3,96.5,0.539
17.82,31821.2,34573.7,1.1717,1.1583,147.3,96.5,0.539
17.84,31731.2,34462.4,1.166,1.1519,147.3,96.5,0.539
17.86,31737.7,34455.3,1.1664,1.1515,147.3,96.5,0.539
17.88,31742.6,34489.4,1.1667,1.1535,147.3,96.5,0.539
17.9,31889.6,34649.2,1.176,1.1627,147.3,96.5,0.539
17.92,32047.7,35080.5,1.1861,1.1877,147.3,96.5,0.539
17.94,32186.5,35392.0,1.1949,1.2058,147.3,96.5,0.539
17.96,32384.9,35699.5,1.2074,1.2236,147.3,96.5,0.539
17.98,32348.7,35852.7,1.2051,1.2325,147.3,96.5,0.539
18.0,32375.1,35632.3,1.2068,1.2197,147.3,96.5,0.539
18.02,32219.4,35424.9,1.197,1.2077,147.3,96.5,0.539
18.04,32149.1,35243.6,1.1925,1.1972,147.3,96.5,0.539
18.06,32045.7,35142.6,1.1859,1.1913,147.3,96.5,0.539
18.08,31993.2,35084.7,1.1826,1.1879,147.3,96.5,0.539
18.1,31958.3,35069.6,1.1804,1.1871,147.3,96.5,0.539
18.12,32018.7,34920.0,1.1842,1.1784,147.3,96.5,0.539
18.14,31912.9,34805.8,1.1775,1.1718,147.3,96.5,0.539
18.16,31898.7,34760.3,1.1766,1.1691,147.3,96.5,0.539
18.18,31893.8,34744.8,1.1763,1.1683,147.3,96.5,0.539
18.2,31907.4,34701.2,1.1772,1.1657,147.3,96.5,0.539
18.22,31904.1,34611.0,1.177,1.1605,147.3,96.5,0.539
18.24,31800.3,34501.5,1.1704,1.1542,147.3,96.5,0.539
18.26,31688.6,34416.9,1.1633,1.1493,147.3,96.5,0.539
18.28,31768.8,34421.2,1.1684,1.1495,147.3,96.5,0.539
18.3,31721.3,34611.0,1.1654,1.1605,147.3,96.5,0.539
18.32,31993.3,34888.3,1.1826,1.1766,147.3,96.5,0.539
18.34,32156.5,35319.2,1.193,1.2015,147.3,96.5,0.539
18.36,32247.0,35608.4,1.1987,1.2183,147.3,96.5,0.539
18.38,32444.9,35783.9,1.2112,1.2285,147.3,96.5,0.539
18.4,32337.2,35677.8,1.2044,1.2223,147.3,96.5,0.539
18.42,32186.9,35563.1,1.1949,1.2157,147.3,96.5,0.539
18.44,32115.2,35406.7,1.1903,1.2066,147.3,96.5,0.539
18.46,32113.0,35147.1,1.1902,1.1916,147.3,96.5,0.539
18.48,32092.5,35078.3,1.1889,1.1876,147.3,96.5,0.539
18.5,32039.0,35097.7,1.1855,1.1887,147.3,96.5,0.539
18.52,32034.1,34971.1,1.1852,1.1814,147.3,96.5,0.539
18.54,31930.3,34815.8,1.1786,1.1724,147.3,96.5,0.539
18.56,31844.9,34664.4,1.1732,1.1636,147.3,96.5,0.539
18.58,31900.5,34639.4,1.1767,1.1621,147.3,96.5,0.539
18.6,31834.2,34663.3,1.1725,1.1635,147.3,96.5,0.539
18.62,31787.3,34610.2,1.1696,1.1605,147.3,96.5,0.539
18.64,31801.6,34562.4,1.1705,1.1577,147.3,96.5,0.539
18.66,31701.5,34531.2,1.1641,1.1559,147.3,96.5,0.539
18.68,31771.5,34505.5,1.1686,1.1544,147.3,96.5,0.539
18.7,31787.7,34530.1,1.1696,1.1558,147.3,96.5,0.539
18.72,31871.2,34855.8,1.1749,1.1747,147.3,96.5,0.539
18.74,32048.4,35246.4,1.1861,1.1973,147.3,96.5,0.539
18.76,32256.1,35582.1,1.1993,1.2168,147.3,96.5,0.539
18.78,32305.0,35714.1,1.2024,1.2244,147.3,96.5,0.539
18.8,32361.2,35702.2,1.2059,1.2237,147.3,96.5,0.539
18.82,32216.0,35559.5,1.1967,1.2155,147.3,96.5,0.539
18.84,32180.5,35318.7,1.1945,1.2015,147.3,96.5,0.539
18.86,32182.2,35248.9,1.1946,1.1975,147.3,96.5,0.539
18.88,32019.6,35141.9,1.1843,1.1913,147.3,96.5,0.539
18.9,32007.6,35104.1,1.1835,1.1891,147.3,96.5,0.539
18.92,31961.1,35036.2,1.1806,1.1851,147.3,96.5,0.539
18.94,31972.5,34926.8,1.1813,1.1788,147.3,96.5,0.539
18.96,31906.2,34800.5,1.1771,1.1715,147.3,96.5,0.539
18.98,31785.7,34668.6,1.1695,1.1638,147.3,96.5,0.539
19.0,31822.3,34665.2,1.1718,1.1636,147.3,96.5,0.539
19.02,31834.0,34606.6,1.1725,1.1602,147.3,96.5,0.539
19.04,31836.9,34593.6,1.1727,1.1595,147.3,96.5,0.539
19.06,31837.3,34459.4,1.1727,1.1517,147.3,96.5,0.539
19.08,31749.7,34438.5,1.1672,1.1505,147.3,96.5,0.539
19.1,31736.2,34520.5,1.1663,1.1553,147.3,96.5,0.539
19.12,31906.7,34700.0,1.1771,1.1657,147.3,96.5,0.539
19.14,32084.0,35060.0,1.1884,1.1865,147.3,96.5,0.539
19.16,32242.1,35397.3,1.1984,1.2061,147.3,96.5,0.539
19.18,32268.8,35700.3,1.2001,1.2236,147.3,96.5,0.539
19.2,32428.3,35747.2,1.2102,1.2263,147.3,96.5,0.539
19.22,32235.8,35745.6,1.198,1.2262,147.3,96.5,0.539
19.24,32196.4,35405.4,1.1955,1.2065,147.3,96.5,0.539
19.26,32045.2,35340.0,1.1859,1.2027,147.3,96.5,0.539
19.28,32055.8,35176.8,1.1866,1.1933,147.3,96.5,0.539
19.3,32031.4,35115.7,1.185,1.1897,147.3,96.5,0.539
19.32,32095.7,35006.5,1.1891,1.1834,147.3,96.5,0.539
19.34,31980.5,34945.6,1.1818,1.1799,147.3,96.5,0.539
19.36,31895.0,34779.1,1.1764,1.1702,147.3,96.5,0.539
19.38,31870.6,34813.5,1.1748,1.1722,147.3,96.5,0.539
19.4,31920.7,34674.2,1.178,1.1642,147.3,96.5,0.539
19.42,31920.5,34653.1,1.178,1.1629,147.3,96.5,0.539
19.44,31854.2,34587.4,1.1738,1.1591,147.3,96.5,0.539
19.46,31826.4,34519.9,1.172,1.1552,147.3,96.5,0.539
19.48,31866.2,34500.6,1.1746,1.1541,147.3,96.5,0.539
19.5,31817.9,34508.6,1.1715,1.1546,147.3,96.5,0.539
19.52,31817.6,34632.4,1.1715,1.1617,147.3,96.5,0.539
19.54,31809.9,34888.0,1.171,1.1765,147.3,96.5,0.539
19.56,32180.1,35377.6,1.1945,1.2049,147.3,96.5,0.539
19.58,32414.1,35619.3,1.2093,1.2189,147.3,96.5,0.539
19.6,32348.8,35736.4,1.2051,1.2257,147.3,96.5,0.539
19.62,32386.2,35705.0,1.2075,1.2239,147.3,96.5,0.539
19.64,32295.9,35431.2,1.2018,1.208,147.3,96.5,0.539
19.66,32188.3,35299.9,1.195,1.2004,147.3,96.5,0.539
19.68,31984.8,35210.7,1.1821,1.1952,147.3,96.5,0.539
19.7,32019.2,35164.2,1.1843,1.1926,147.3,96.5,0.539
19.72,32018.1,35101.3,1.1842,1.1889,147.3,96.5,0.539
19.74,31998.9,34947.7,1.183,1.18,147.3,96.5,0.539
19.76,31929.1,34952.3,1.1785,1.1803,147.3,96.5,0.539
19.78,31908.2,34753.6,1.1772,1.1688,147.3,96.5,0.539
19.8,31816.3,34681.1,1.1714,1.1646,147.3,96.5,0.539
19.82,31694.7,34740.8,1.1637,1.168,147.3,96.5,0.539
19.84,31805.8,34665.8,1.1707,1.1637,147.3,96.5,0.539
19.86,31785.3,34701.6,1.1694,1.1657,147.3,96.5,0.539
19.88,31763.3,34502.2,1.168,1.1542,147.3,96.5,0.539
19.9,31721.2,34465.0,1.1654,1.152,147.3,96.5,0.539
19.92,31796.6,34496.6,1.1702,1.1539,147.3,96.5,0.539
19.94,31940.6,34766.6,1.1793,1.1695,147.3,96.5,0.539
19.96,32207.1,35140.5,1.1962,1.1912,147.3,96.5,0.539
19.98,32299.5,35611.6,1.202,1.2185,147.3,96.5,0.539
20.0,32271.4,35675.2,1.2002,1.2222,147.3,96.5,0.539
20.02,32307.7,35728.7,1.2025,1.2253,147.3,96.5,0.539
20.04,32344.7,35618.5,1.2049,1.2189,147.3,96.5,0.539
20.06,32157.4,35349.8,1.193,1.2033,147.3,96.5,0.539
20.08,32055.7,35191.5,1.1866,1.1941,147.3,96.5,0.539
20.1,32014.3,35129.1,1.1839,1.1905,147.3,96.5,0.539
20.12,32045.0,35027.3,1.1859,1.1846,147.3,96.5,0.539
20.14,31985.6,35028.6,1.1821,1.1847,147.3,96.5,0.539
20.16,32014.2,34917.5,1.1839,1.1783,147.3,96.5,0.539
20.18,31942.4,34785.8,1.1794,1.1706,147.3,96.5,0.539
20.2,31887.0,34644.5,1.1759,1.1624,147.3,96.5,0.539
20.22,31796.8,34723.8,1.1702,1.167,147.3,96.5,0.539
20.24,31839.8,34678.4,1.1729,1.1644,147.3,96.5,0.539
20.26,31758.0,34701.4,1.1677,1.1657,147.3,96.5,0.539
20.28,31825.6,34548.4,1.172,1.1569,147.3,96.5,0.539
20.3,31771.8,34429.6,1.1686,1.15,147.3,96.5,0.539
20.32,31706.0,34473.1,1.1644,1.1525,147.3,96.5,0.539
20.34,31848.6,34619.5,1.1734,1.161,147.3,96.5,0.539
20.36,31920.9,35044.4,1.178,1.1856,147.3,96.5,0.539
20.38,32219.1,35400.9,1.1969,1.2063,147.3,96.5,0.539
20.4,32398.2,35691.8,1.2083,1.2231,147.3,96.5,0.539
20.42,32307.7,35760.8,1.2025,1.2271,147.3,96.5,0.539
20.44,32394.3,35626.2,1.208,1.2193,147.3,96.5,0.539
20.46,32315.9,35446.7,1.2031,1.2089,147.3,96.5,0.539
20.48,32194.0,35265.3,1.1953,1.1984,147.3,96.5,0.539
20.5,32002.8,35175.7,1.1832,1.1932,147.3,96.5,0.539
20.52,32107.6,35150.6,1.1899,1.1918,147.3,96.5,0.539
20.54,32067.5,35009.4,1.1873,1.1836,147.3,96.5,0.539
20.56,32093.4,34936.4,1.189,1.1794,147.3,96.5,0.539
20.58,31950.2,34909.8,1.1799,1.1778,147.3,96.5,0.539
20.6,31795.1,34658.4,1.1701,1.1632,147.3,96.5,0.539
20.62,31820.1,34635.5,1.1716,1.1619,147.3,96.5,0.539
20.64,31850.5,34668.8,1.1736,1.1638,147.3,96.5,0.539
20.66,31806.5,34597.9,1.1708,1.1597,147.3,96.5,0.539
20.68,31756.8,34457.9,1.1676,1.1516,147.3,96.5,0.539
20.7,31665.7,34396.3,1.1619,1.1481,147.3,96.5,0.539
20.72,31794.1,34446.5,1.17,1.151,147.3,96.5,0.539
20.74,31830.1,34494.4,1.1723,1.1537,147.3,96.5,0.539
20.76,31926.0,34893.8,1.1783,1.1769,147.3,96.5,0.539
20.78,32123.3,35169.5,1.1909,1.1929,147.3,96.5,0.539
20.8,32299.8,35515.7,1.202,1.2129,147.3,96.5,0.539
20.82,32387.0,35747.0,1.2076,1.2263,147.3,96.5,0.539
20.84,32293.1,35691.9,1.2016,1.2231,147.3,96.5,0.539
20.86,32278.8,35512.6,1.2007,1.2127,147.3,96.5,0.539
20.88,32131.0,35319.6,1.1913,1.2016,147.3,96.5,0.539
20.9,32040.6,35155.3,1.1856,1.192,147.3,96.5,0.539
20.92,32103.0,35080.6,1.1896,1.1877,147.3,96.5,0.539
20.94,32068.9,35019.2,1.1874,1.1842,147.3,96.5,0.539
20.96,32034.6,34943.7,1.1852,1.1798,147.3,96.5,0.539
20.98,32024.6,34928.5,1.1846,1.1789,147.3,96.5,0.539
21.0,31880.6,34737.1,1.1755,1.1678,147.3,96.5,0.539
21.02,31842.3,34713.0,1.173,1.1664,147.3,96.5,0.539
21.04,31741.6,34647.0,1.1667,1.1626,147.3,96.5,0.539
21.06,31803.7,34687.8,1.1706,1.1649,147.3,96.5,0.539
21.08,31845.4,34706.6,1.1732,1.166,147.3,96.5,0.539
21.1,31758.6,34462.0,1.1677,1.1519,147.3,96.5,0.539
21.12,31806.7,34624.0,1.1708,1.1613,147.3,96.5,0.539
21.14,31766.2,34519.4,1.1682,1.1552,147.3,96.5,0.539
21.16,31888.0,34784.1,1.1759,1.1705,147.3,96.5,0.539
21.18,32067.2,35073.2,1.1873,1.1873,147.3,96.5,0.539
21.2,32233.9,35445.7,1.1979,1.2089,147.3,96.5,0.539
21.22,32345.6,35630.3,1.2049,1.2196,147.3,96.5,0.539
21.24,32401.3,35759.5,1.2085,1.227,147.3,96.5,0.539
21.26,32198.1,35671.8,1.1956,1.222,147.3,96.5,0.539
21.28,32250.8,35403.6,1.1989,1.2064,147.3,96.5,0.539
21.3,32124.1,35188.0,1.1909,1.1939,147.3,96.5,0.539
21.32,32040.5,35099.8,1.1856,1.1888,147.3,96.5,0.539
21.34,32023.2,35130.3,1.1845,1.1906,147.3,96.5,0.539
21.36,32024.9,35043.0,1.1846,1.1855,147.3,96.5,0.539
21.38,31943.6,34875.3,1.1795,1.1758,147.3,96.5,0.539
21.4,31875.6,34806.6,1.1752,1.1718,147.3,96.5,0.539
21.42,31800.5,34666.0,1.1704,1.1637,147.3,96.5,0.539
21.44,31802.0,34715.7,1.1705,1.1666,147.3,96.5,0.539
21.46,31747.3,34653.9,1.167,1.163,147.3,96.5,0.539
21.48,31890.8,34553.6,1.1761,1.1572,147.3,96.5,0.539
21.5,31721.4,34491.4,1.1654,1.1536,147.3,96.5,0.539
21.52,31828.6,34459.7,1.1722,1.1517,147.3,96.5,0.539
21.54,31782.9,34398.0,1.1693,1.1482,147.3,96.5,0.539
21.56,31848.4,34650.6,1.1734,1.1628,147.3,96.5,0.539
21.58,32014.2,34924.0,1.1839,1.1786,147.3,96.5,0.539
21.6,32239.9,35349.5,1.1982,1.2033,147.3,96.5,0.539
21.62,32321.8,35713.3,1.2034,1.2244,147.3,96.5,0.539
21.64,32336.6,35737.6,1.2044,1.2258,147.3,96.5,0.539
21.66,32393.4,35745.6,1.208,1.2262,147.3,96.5,0.539
21.68,32199.6,35509.4,1.1957,1.2126,147.3,96.5,0.539
21.7,32170.2,35262.0,1.1938,1.1982,147.3,96.5,0.539
21.72,32139.7,35162.7,1.1919,1.1925,147.3,96.5,0.539
21.74,31959.8,35138.8,1.1805,1.1911,147.3,96.5,0.539
21.76,31993.0,34834.0,1.1826,1.1734,147.3,96.5,0.539
21.78,31997.5,34977.3,1.1829,1.1817,147.3,96.5,0.539
21.8,31858.7,34829.3,1.1741,1.1731,147.3,96.5,0.539
21.82,31856.0,34701.7,1.1739,1.1658,147.3,96.5,0.539
21.84,31833.7,34737.2,1.1725,1.1678,147.3,96.5,0.539
21.86,31835.0,34670.5,1.1726,1.1639,147.3,96.5,0.539
21.88,31825.2,34547.6,1.172,1.1568,147.3,96.5,0.539
21.9,31875.7,34505.0,1.1752,1.1544,147.3,96.5,0.539
21.92,31853.3,34453.7,1.1737,1.1514,147.3,96.5,0.539
21.94,31777.0,34441.4,1.1689,1.1507,147.3,96.5,0.539
21.96,31840.1,34642.4,1.1729,1.1623,147.3,96.5,0.539
21.98,31830.1,34902.0,1.1723,1.1774,147.3,96.5,0.539
22.0,32169.1,35174.4,1.1938,1.1931,147.3,96.5,0.539
22.02,32212.9,35533.0,1.1965,1.2139,147.3,96.5,0.539
22.04,32308.1,35751.8,1.2026,1.2266,147.3,96.5,0.539
22.06,32303.8,35740.4,1.2023,1.2259,147.3,96.5,0.539
22.08,32219.9,35575.5,1.197,1.2164,147.3,96.5,0.539
22.1,32172.1,35358.6,1.1939,1.2038,147.3,96.5,0.539
22.12,32062.0,35176.4,1.187,1.1933,147.3,96.5,0.539
22.14,32083.0,35109.2,1.1883,1.1894,147.3,96.5,0.539
22.16,32034.3,35073.3,1.1852,1.1873,147.3,96.5,0.539
22.18,32010.3,35033.6,1.1837,1.185,147.3,96.5,0.539
22.2,31902.3,34928.3,1.1768,1.1789,147.3,96.5,0.539
22.22,31821.1,34732.4,1.1717,1.1675,147.3,96.5,0.539
22.24,31861.0,34681.4,1.1742,1.1646,147.3,96.5,0.539
22.26,31928.6,34715.0,1.1785,1.1665,147.3,96.5,0.539
22.28,31880.1,34600.5,1.1754,1.1599,147.3,96.5,0.539
22.3,31749.4,34572.3,1.1672,1.1583,147.3,96.5,0.539
22.32,31820.9,34540.7,1.1717,1.1564,147.3,96.5,0.539
22.34,31749.2,34412.7,1.1671,1.149,147.3,96.5,0.539
22.36,31868.4,34548.7,1.1747,1.1569,147.3,96.5,0.539
22.38,31870.1,34740.4,1.1748,1.168,147.3,96.5,0.539
22.4,32113.5,35069.0,1.1902,1.187,147.3,96.5,0.539
22.42,32281.7,35368.2,1.2009,1.2044,147.3,96.5,0.539
22.44,32375.6,35703.0,1.2068,1.2238,147.3,96.5,0.539
22.46,32358.1,35728.4,1.2057,1.2252,147.3,96.5,0.539
22.48,32389.4,35614.4,1.2077,1.2186,147.3,96.5,0.539
22.5,32226.2,35510.9,1.1974,1.2126,147.3,96.5,0.539
22.52,32110.6,35211.5,1.1901,1.1953,147.3,96.5,0.539
22.54,32223.2,35115.4,1.1972,1.1897,147.3,96.5,0.539
22.56,32160.2,35109.0,1.1932,1.1894,147.3,96.5,0.539
22.58,32073.6,35006.4,1.1877,1.1834,147.3,96.5,0.539
22.6,31954.1,34952.8,1.1801,1.1803,147.3,96.5,0.539
22.62,31875.8,34912.2,1.1752,1.178,147.3,96.5,0.539
22.64,31788.3,34740.2,1.1696,1.168,147.3,96.5,0.539
22.66,31897.7,34716.6,1.1766,1.1666,147.3,96.5,0.539
22.68,31863.4,34637.2,1.1744,1.162,147.3,96.5,0.539
22.7,31838.3,34682.3,1.1728,1.1646,147.3,96.5,0.539
22.72,31706.7,34481.0,1.1645,1.153,147.3,96.5,0.539
22.74,31734.2,34559.4,1.1662,1.1575,147.3,96.5,0.539
22.76,31705.0,34432.5,1.1643,1.1502,147.3,96.5,0.539
22.78,31841.5,34661.2,1.173,1.1634,147.3,96.5,0.539
22.8,31888.8,34979.3,1.176,1.1818,147.3,96.5,0.539
22.82,32129.9,35346.0,1.1913,1.2031,147.3,96.5,0.539
22.84,32260.6,35740.2,1.1996,1.2259,147.3,96.5,0.539
22.86,32336.7,35781.5,1.2044,1.2283,147.3,96.5,0.539
22.88,32333.1,35732.8,1.2042,1.2255,147.3,96.5,0.539
22.9,32235.7,35506.7,1.198,1.2124,147.3,96.5,0.539
22.92,32185.0,35201.9,1.1948,1.1947,147.3,96.5,0.539
22.94,32173.4,35134.6,1.194,1.1908,147.3,96.5,0.539
22.96,32059.4,34996.3,1.1868,1.1828,147.3,96.5,0.539
22.98,32065.7,35037.2,1.1872,1.1852,147.3,96.5,0.539
23.0,31992.0,34933.1,1.1825,1.1792,147.3,96.5,0.539
23.02,31968.5,34855.8,1.181,1.1747,147.3,96.5,0.539
23.04,31785.5,34769.0,1.1694,1.1697,147.3,96.5,0.539
23.06,31902.2,34622.7,1.1768,1.1612,147.3,96.5,0.539
23.08,31759.6,34645.7,1.1678,1.1625,147.3,96.5,0.539
23.1,31901.8,34725.7,1.1768,1.1671,147.3,96.5,0.539
23.12,31798.2,34605.9,1.1703,1.1602,147.3,96.5,0.539
23.14,31715.2,34514.0,1.165,1.1549,147.3,96.5,0.539
23.16,31734.4,34413.5,1.1662,1.1491,147.3,96.5,0.539
23.18,31843.4,34658.8,1.1731,1.1633,147.3,96.5,0.539
23.2,31913.1,34852.8,1.1775,1.1745,147.3,96.5,0.539
23.22,32088.0,35146.1,1.1886,1.1915,147.3,96.5,0.539
23.24,32206.7,35564.7,1.1961,1.2158,147.3,96.5,0.539
23.26,32407.6,35679.6,1.2089,1.2224,147.3,96.5,0.539
23.28,32352.6,35706.6,1.2054,1.224,147.3,96.5,0.539
23.3,32244.4,35477.8,1.1985,1.2107,147.3,96.5,0.539
23.32,32097.7,35396.4,1.1892,1.206,147.3,96.5,0.539
23.34,32017.5,35258.5,1.1842,1.198,147.3,96.5,0.539
23.36,31988.5,35092.5,1.1823,1.1884,147.3,96.5,0.539
23.38,32040.1,35173.8,1.1856,1.1931,147.3,96.5,0.539
23.4,32013.0,34997.0,1.1839,1.1829,147.3,96.5,0.539
23.42,31917.5,34874.3,1.1778,1.1758,147.3,96.5,0.539
23.44,31984.8,34736.7,1.1821,1.1678,147.3,96.5,0.539
23.46,31764.7,34661.1,1.1681,1.1634,147.3,96.5,0.539
23.48,31877.3,34616.0,1.1753,1.1608,147.3,96.5,0.539
23.5,31819.7,34587.7,1.1716,1.1591,147.3,96.5,0.539
23.52,31781.8,34528.0,1.1692,1.1557,147.3,96.5,0.539
23.54,31722.1,34507.1,1.1654,1.1545,147.3,96.5,0.539
23.56,31710.0,34385.8,1.1647,1.1474,147.3,96.5,0.539
23.58,31769.6,34463.6,1.1684,1.152,147.3,96.5,0.539
23.6,31819.2,34685.3,1.1716,1.1648,147.3,96.5,0.539
23.62,32042.6,35065.4,1.1857,1.1868,147.3,96.5,0.539
23.64,32206.9,35338.1,1.1962,1.2026,147.3,96.5,0.539
23.66,32282.1,35646.0,1.2009,1.2205,147.3,96.5,0.539
23.68,32339.2,35776.4,1.2045,1.228,147.3,96.5,0.539
23.7,32246.8,35704.6,1.1987,1.2239,147.3,96.5,0.539
23.72,32210.7,35462.9,1.1964,1.2099,147.3,96.5,0.539
23.74,32086.0,35304.3,1.1885,1.2007,147.3,96.5,0.539
23.76,32031.9,35166.8,1.1851,1.1927,147.3,96.5,0.539
23.78,32077.7,35008.6,1.188,1.1835,147.3,96.5,0.539
23.8,32041.4,35150.8,1.1857,1.1918,147.3,96.5,0.539
23.82,31889.2,34997.3,1.176,1.1829,147.3,96.5,0.539
23.84,31872.1,34880.5,1.1749,1.1761,147.3,96.5,0.539
23.86,31885.4,34794.5,1.1758,1.1711,147.3,96.5,0.539
23.88,31882.0,34695.0,1.1756,1.1654,147.3,96.5,0.539
23.9,31902.9,34524.6,1.1769,1.1555,147.3,96.5,0.539
23.92,31820.6,34572.0,1.1717,1.1582,147.3,96.5,0.539
23.94,31753.0,34602.4,1.1674,1.16,147.3,96.5,0.539
23.96,31675.1,34498.7,1.1625,1.154,147.3,96.5,0.539
23.98,31744.7,34455.8,1.1669,1.1515,147.3,96.5,0.539
24.0,31740.0,34676.9,1.1666,1.1643,147.3,96.5,0.539
24.02,31997.6,34785.6,1.1829,1.1706,147.3,96.5,0.539
24.04,32135.7,35244.1,1.1916,1.1972,147.3,96.5,0.539
24.06,32260.6,35641.0,1.1996,1.2202,147.3,96.5,0.539
24.08,32366.9,35769.1,1.2063,1.2276,147.3,96.5,0.539
24.1,32365.8,35736.9,1.2062,1.2257,147.3,96.5,0.539
24.12,32269.0,35560.2,1.2001,1.2155,147.3,96.5,0.539
24.14,32252.1,35328.2,1.199,1.2021,147.3,96.5,0.539
24.16,32013.7,35177.1,1.1839,1.1933,147.3,96.5,0.539
24.18,32076.8,35076.8,1.1879,1.1875,147.3,96.5,0.539
24.2,32055.1,35096.4,1.1865,1.1886,147.3,96.5,0.539
24.22,31987.1,34938.9,1.1822,1.1795,147.3,96.5,0.539
24.24,31947.2,34845.2,1.1797,1.1741,147.3,96.5,0.539
24.26,31841.2,34671.0,1.173,1.164,147.3,96.5,0.539
24.28,31940.9,34735.7,1.1793,1.1677,147.3,96.5,0.539
24.3,31867.7,34627.0,1.1747,1.1614,147.3,96.5,0.539
24.32,31829.5,34720.1,1.1722,1.1668,147.3,96.5,0.539
24.34,31761.5,34522.7,1.1679,1.1554,147.3,96.5,0.539
24.36,31681.6,34536.1,1.1629,1.1562,147.3,96.5,0.539
24.38,31777.3,34470.2,1.1689,1.1523,147.3,96.5,0.539
24.4,31791.2,34554.6,1.1698,1.1572,147.3,96.5,0.539
24.42,31883.2,34704.6,1.1756,1.1659,147.3,96.5,0.539
24.44,32158.6,35167.0,1.1931,1.1927,147.3,96.5,0.539
24.46,32248.6,35469.4,1.1988,1.2102,147.3,96.5,0.539
24.48,32284.5,35730.5,1.2011,1.2254,147.3,96.5,0.539
24.5,32502.8,35766.9,1.2149,1.2275,147.3,96.5,0.539
24.52,32241.0,35697.4,1.1983,1.2234,147.3,96.5,0.539
24.54,32305.8,35496.4,1.2024,1.2118,147.3,96.5,0.539
24.56,32121.7,35237.3,1.1908,1.1968,147.3,96.5,0.539
24.58,32082.2,35134.4,1.1883,1.1908,147.3,96.5,0.539
24.6,32028.7,35083.0,1.1849,1.1878,147.3,96.5,0.539
24.62,31971.8,34983.8,1.1813,1.1821,147.3,96.5,0.539
24.64,31987.2,34942.3,1.1822,1.1797,147.3,96.5,0.539
24.66,31966.3,34854.0,1.1809,1.1746,147.3,96.5,0.539
24.68,31851.5,34690.5,1.1736,1.1651,147.3,96.5,0.539
24.7,31824.1,34717.0,1.1719,1.1666,147.3,96.5,0.539
24.72,31733.8,34685.0,1.1662,1.1648,147.3,96.5,0.539
24.74,31802.0,34688.8,1.1705,1.165,147.3,96.5,0.539
24.76,31712.4,34563.7,1.1648,1.1578,147.3,96.5,0.539
24.78,31845.8,34556.7,1.1733,1.1574,147.3,96.5,0.539
24.8,31715.9,34471.8,1.165,1.1524,147.3,96.5,0.539
24.82,31896.4,34604.6,1.1765,1.1601,147.3,96.5,0.539
24.84,31933.1,34972.0,1.1788,1.1814,147.3,96.5,0.539
24.86,32215.7,35385.4,1.1967,1.2054,147.3,96.5,0.539
24.88,32319.9,35716.5,1.2033,1.2246,147.3,96.5,0.539
24.9,32327.7,35819.1,1.2038,1.2305,147.3,96.5,0.539
24.92,32330.4,35628.0,1.204,1.2194,147.3,96.5,0.539
24.94,32246.0,35512.8,1.1986,1.2128,147.3,96.5,0.539
24.96,32188.3,35264.4,1.195,1.1984,147.3,96.5,0.539
24.98,32106.1,35159.5,1.1898,1.1923,147.3,96.5,0.539
25.0,32070.9,35138.4,1.1875,1.1911,147.3,96.5,0.539
25.02,32006.8,35126.5,1.1835,1.1904,147.3,96.5,0.539
25.04,31886.0,34842.9,1.1758,1.1739,147.3,96.5,0.539
25.06,31920.3,34884.5,1.178,1.1763,147.3,96.5,0.539
25.08,31869.6,34825.2,1.1748,1.1729,147.3,96.5,0.539
25.1,31823.8,34624.0,1.1719,1.1612,147.3,96.5,0.539
25.12,31886.9,34609.3,1.1759,1.1604,147.3,96.5,0.539
25.14,31804.9,34636.8,1.1707,1.162,147.3,96.5,0.539
25.16,31732.2,34461.6,1.1661,1.1518,147.3,96.5,0.539
25.18,31790.1,34581.5,1.1697,1.1588,147.3,96.5,0.539
25.2,31765.1,34442.9,1.1682,1.1508,147.3,96.5,0.539
25.22,31778.3,34625.1,1.169,1.1613,147.3,96.5,0.539
25.24,31914.8,34803.8,1.1776,1.1717,147.3,96.5,0.539
25.26,32137.6,35205.4,1.1918,1.1949,147.3,96.5,0.539
25.28,32279.4,35606.5,1.2008,1.2182,147.3,96.5,0.539
25.3,32253.4,35692.3,1.1991,1.2232,147.3,96.5,0.539
25.32,32387.7,35692.8,1.2076,1.2232,147.3,96.5,0.539
25.34,32217.0,35690.4,1.1968,1.223,147.3,96.5,0.539
25.36,32094.0,35325.5,1.189,1.2019,147.3,96.5,0.539
25.38,32125.2,35192.2,1.191,1.1942,147.3,96.5,0.539
25.4,32086.1,35099.5,1.1885,1.1888,147.3,96.5,0.539
25.42,32051.3,35135.4,1.1863,1.1909,147.3,96.5,0.539
25.44,32044.2,34957.9,1.1858,1.1806,147.3,96.5,0.539
25.46,31994.4,34949.9,1.1827,1.1801,147.3,96.5,0.539
25.48,31799.5,34757.7,1.1703,1.169,147.3,96.5,0.539
25.5,31853.2,34711.6,1.1737,1.1663,147.3,96.5,0.539
25.52,31815.7,34722.4,1.1714,1.167,147.3,96.5,0.539
25.54,31796.6,34666.7,1.1702,1.1637,147.3,96.5,0.539
25.56,31886.2,34725.3,1.1758,1.1671,147.3,96.5,0.539
25.58,31868.5,34514.9,1.1747,1.1549,147.3,96.5,0.539
25.6,31726.7,34442.2,1.1657,1.1507,147.3,96.5,0.539
25.62,31762.8,34470.4,1.168,1.1523,147.3,96.5,0.539
25.64,31950.0,34745.0,1.1799,1.1683,147.3,96.5,0.539
25.66,32104.0,35061.3,1.1896,1.1866,147.3,96.5,0.539
25.68,32248.5,35429.7,1.1988,1.2079,147.3,96.5,0.539
25.7,32291.8,35713.2,1.2015,1.2244,147.3,96.5,0.539
25.72,32419.6,35783.7,1.2096,1.2285,147.3,96.5,0.539
25.74,32252.9,35604.8,1.1991,1.2181,147.3,96.5,0.539
25.76,32108.7,35445.9,1.1899,1.2089,147.3,96.5,0.539
25.78,32096.0,35208.1,1.1891,1.1951,147.3,96.5,0.539
25.8,32125.7,35001.5,1.191,1.1831,147.3,96.5,0.539
25.82,31957.6,35152.2,1.1804,1.1919,147.3,96.5,0.539
25.84,32078.2,34957.7,1.188,1.1806,147.3,96.5,0.539
25.86,31899.9,34907.4,1.1767,1.1777,147.3,96.5,0.539
25.88,31982.6,34765.7,1.1819,1.1695,147.3,96.5,0.539
25.9,31862.1,34791.1,1.1743,1.1709,147.3,96.5,0.539
25.92,31872.1,34674.1,1.1749,1.1642,147.3,96.5,0.539
25.94,31846.0,34699.5,1.1733,1.1656,147.3,96.5,0.539
25.96,31846.0,34687.3,1.1733,1.1649,147.3,96.5,0.539
25.98,31849.8,34526.1,1.1735,1.1556,147.3,96.5,0.539
26.0,31810.1,34515.6,1.171,1.155,147.3,96.5,0.539
26.02,31791.2,34451.5,1.1698,1.1513,147.3,96.5,0.539
26.04,31743.8,34607.9,1.1668,1.1603,147.3,96.5,0.539
26.06,31971.1,34956.3,1.1812,1.1805,147.3,96.5,0.539
26.08,32111.3,35231.3,1.1901,1.1964,147.3,96.5,0.539
26.1,32274.9,35629.2,1.2005,1.2195,147.3,96.5,0.539
26.12,32246.8,35677.0,1.1987,1.2223,147.3,96.5,0.539
26.14,32425.3,35798.0,1.21,1.2293,147.3,96.5,0.539
26.16,32164.0,35428.2,1.1934,1.2079,147.3,96.5,0.539
26.18,32268.5,35261.7,1.2001,1.1982,147.3,96.5,0.539
26.2,32015.8,35140.6,1.184,1.1912,147.3,96.5,0.539
26.22,32051.1,35169.4,1.1863,1.1929,147.3,96.5,0.539
26.24,32068.1,35130.9,1.1874,1.1906,147.3,96.5,0.539
26.26,31985.7,34949.8,1.1821,1.1801,147.3,96.5,0.539
26.28,31913.5,34818.0,1.1776,1.1725,147.3,96.5,0.539
26.3,31906.7,34722.8,1.1771,1.167,147.3,96.5,0.539
26.32,31951.5,34600.8,1.18,1.1599,147.3,96.5,0.539
26.34,31859.1,34709.8,1.1741,1.1662,147.3,96.5,0.539
26.36,31777.1,34647.9,1.1689,1.1626,147.3,96.5,0.539
26.38,31746.2,34638.9,1.167,1.1621,147.3,96.5,0.539
26.4,31655.1,34492.0,1.1612,1.1536,147.3,96.5,0.539
26.42,31821.5,34390.1,1.1717,1.1477,147.3,96.5,0.539
26.44,31701.8,34539.7,1.1641,1.1564,147.3,96.5,0.539
26.46,31844.1,34919.9,1.1732,1.1784,147.3,96.5,0.539
26.48,32091.4,35277.1,1.1888,1.1991,147.3,96.5,0.539
26.5,32329.5,35537.4,1.2039,1.2142,147.3,96.5,0.539
26.52,32424.8,35743.1,1.21,1.2261,147.3,96.5,0.539
26.54,32311.0,35743.4,1.2028,1.2261,147.3,96.5,0.539
26.56,32340.6,35636.3,1.2046,1.2199,147.3,96.5,0.539
26.58,32249.7,35274.0,1.1989,1.1989,147.3,96.5,0.539
26.6,32119.4,35144.0,1.1906,1.1914,147.3,96.5,0.539
26.62,32081.8,35095.8,1.1882,1.1886,147.3,96.5,0.539
26.64,32046.9,35111.3,1.186,1.1895,147.3,96.5,0.539
26.66,31986.6,35078.7,1.1822,1.1876,147.3,96.5,0.539
26.68,31843.3,34909.3,1.1731,1.1778,147.3,96.5,0.539
26.7,31925.8,34779.7,1.1783,1.1703,147.3,96.5,0.539
26.72,31797.4,34741.6,1.1702,1.1681,147.3,96.5,0.539
26.74,31934.4,34721.6,1.1789,1.1669,147.3,96.5,0.539
26.76,31772.6,34655.1,1.1686,1.1631,147.3,96.5,0.539
26.78,31774.4,34576.9,1.1687,1.1585,147.3,96.5,0.539
26.8,31714.1,34517.4,1.1649,1.1551,147.3,96.5,0.539
26.82,31729.5,34450.1,1.1659,1.1512,147.3,96.5,0.539
26.84,31738.0,34445.3,1.1664,1.1509,147.3,96.5,0.539
26.86,31875.4,34691.2,1.1751,1.1651,147.3,96.5,0.539
26.88,32012.8,35002.6,1.1839,1.1832,147.3,96.5,0.539
26.9,32153.0,35432.0,1.1927,1.2081,147.3,96.5,0.539
26.92,32375.7,35724.4,1.2069,1.225,147.3,96.5,0.539
26.94,32342.5,35849.4,1.2048,1.2323,147.3,96.5,0.539
26.96,32345.2,35642.8,1.2049,1.2203,147.3,96.5,0.539
26.98,32222.0,35378.7,1.1971,1.205,147.3,96.5,0.539
27.0,32052.1,35180.4,1.1863,1.1935,147.3,96.5,0.539
27.02,32087.9,35176.2,1.1886,1.1932,147.3,96.5,0.539
27.04,31972.8,35089.9,1.1813,1.1882,147.3,96.5,0.539
27.06,32001.1,34960.3,1.1831,1.1807,147.3,96.5,0.539
27.08,31949.7,34861.2,1.1799,1.175,147.3,96.5,0.539
27.1,31876.7,34871.5,1.1752,1.1756,147.3,96.5,0.539
27.12,31892.1,34739.5,1.1762,1.1679,147.3,96.5,0.539
27.14,31823.4,34636.1,1.1718,1.1619,147.3,96.5,0.539
27.16,31761.7,34679.8,1.1679,1.1645,147.3,96.5,0.539
27.18,31754.1,34604.8,1.1675,1.1601,147.3,96.5,0.539
27.2,31786.5,34511.9,1.1695,1.1548,147.3,96.5,0.539
27.22,31786.8,34552.6,1.1695,1.1571,147.3,96.5,0.539
27.24,31745.7,34530.4,1.1669,1.1558,147.3,96.5,0.539
27.26,31813.4,34564.6,1.1712,1.1578,147.3,96.5,0.539
27.28,32005.6,34891.1,1.1834,1.1767,147.3,96.5,0.539
27.3,32145.0,35402.1,1.1922,1.2063,147.3,96.5,0.539
27.32,32244.1,35520.5,1.1985,1.2132,147.3,96.5,0.539
27.34,32402.1,35820.2,1.2085,1.2306,147.3,96.5,0.539
27.36,32234.2,35626.5,1.1979,1.2193,147.3,96.5,0.539
27.38,32246.5,35446.0,1.1987,1.2089,147.3,96.5,0.539
27.4,32076.9,35342.5,1.1879,1.2029,147.3,96.5,0.539
27.42,32077.7,35115.3,1.188,1.1897,147.3,96.5,0.539
27.44,32053.6,35085.9,1.1864,1.188,147.3,96.5,0.539
27.46,32010.3,35063.0,1.1837,1.1867,147.3,96.5,0.539
27.48,32082.6,34935.8,1.1883,1.1793,147.3,96.5,0.539
27.5,31948.4,34847.8,1.1798,1.1742,147.3,96.5,0.539
27.52,31886.8,34771.5,1.1759,1.1698,147.3,96.5,0.539
27.54,31892.5,34740.1,1.1762,1.168,147.3,96.5,0.539
27.56,31822.4,34743.1,1.1718,1.1682,147.3,96.5,0.539
27.58,31828.9,34632.4,1.1722,1.1617,147.3,96.5,0.539
27.6,31818.7,34514.2,1.1716,1.1549,147.3,96.5,0.539
27.62,31735.3,34492.4,1.1663,1.1536,147.3,96.5,0.539
27.64,31730.4,34468.5,1.166,1.1522,147.3,96.5,0.539
27.66,31789.9,34522.1,1.1697,1.1553,147.3,96.5,0.539
27.68,31949.6,34816.9,1.1798,1.1724,147.3,96.5,0.539
27.7,32028.1,35165.8,1.1848,1.1926,147.3,96.5,0.539
27.72,32210.1,35501.3,1.1964,1.2121,147.3,96.5,0.539
27.74,32398.2,35712.1,1.2083,1.2243,147.3,96.5,0.539
27.76,32420.1,35809.1,1.2097,1.2299,147.3,96.5,0.539
27.78,32344.6,35600.7,1.2049,1.2178,147.3,96.5,0.539
27.8,32174.7,35396.3,1.1941,1.206,147.3,96.5,0.539
27.82,32042.6,35223.8,1.1857,1.196,147.3,96.5,0.539
27.84,32075.8,35077.6,1.1878,1.1875,147.3,96.5,0.539
27.86,31983.5,35076.9,1.182,1.1875,147.3,96.5,0.539
27.88,31937.7,34965.7,1.1791,1.181,147.3,96.5,0.539
27.9,31813.4,34832.4,1.1712,1.1733,147.3,96.5,0.539
27.92,31959.7,34830.4,1.1805,1.1732,147.3,96.5,0.539
27.94,31862.8,34749.1,1.1743,1.1685,147.3,96.5,0.539
27.96,31799.8,34693.5,1.1704,1.1653,147.3,96.5,0.539
27.98,31891.6,34676.7,1.1762,1.1643,147.3,96.5,0.539
28.0,31789.5,34632.6,1.1697,1.1617,147.3,96.5,0.539
28.02,31837.4,34539.5,1.1727,1.1564,147.3,96.5,0.539
28.04,31774.5,34448.2,1.1687,1.1511,147.3,96.5,0.539
28.06,31685.3,34525.7,1.1631,1.1556,147.3,96.5,0.539
28.08,31746.1,34653.9,1.167,1.163,147.3,96.5,0.539
28.1,31987.4,35049.7,1.1822,1.1859,147.3,96.5,0.539
28.12,32167.6,35368.9,1.1937,1.2044,147.3,96.5,0.539
28.14,32317.4,35562.9,1.2032,1.2157,147.3,96.5,0.539
28.16,32432.1,35696.2,1.2104,1.2234,147.3,96.5,0.539
28.18,32259.1,35645.4,1.1995,1.2204,147.3,96.5,0.539
28.2,32155.4,35471.6,1.1929,1.2104,147.3,96.5,0.539
28.22,32100.6,35139.0,1.1894,1.1911,147.3,96.5,0.539
28.24,32152.6,35149.8,1.1927,1.1917,147.3,96.5,0.539
28.26,32085.2,35069.4,1.1884,1.1871,147.3,96.5,0.539
28.28,31984.5,34988.0,1.1821,1.1823,147.3,96.5,0.539
28.3,31916.0,35004.2,1.1777,1.1833,147.3,96.5,0.539
28.32,32049.9,34866.4,1.1862,1.1753,147.3,96.5,0.539
28.34,31881.5,34738.5,1.1755,1.1679,147.3,96.5,0.539
28.36,31821.3,34676.0,1.1717,1.1643,147.3,96.5,0.539
28.38,31778.6,34692.0,1.169,1.1652,147.3,96.5,0.539
28.4,31830.1,34601.1,1.1723,1.1599,147.3,96.5,0.539
28.42,31784.2,34586.1,1.1694,1.1591,147.3,96.5,0.539
28.44,31742.9,34486.2,1.1667,1.1533,147.3,96.5,0.539
28.46,31591.7,34464.8,1.1572,1.152,147.3,96.5,0.539
28.48,31810.0,34600.1,1.171,1.1599,147.3,96.5,0.539
28.5,31949.0,34881.1,1.1798,1.1762,147.3,96.5,0.539
28.52,32114.5,35262.7,1.1903,1.1983,147.3,96.5,0.539
28.54,32287.0,35560.5,1.2012,1.2155,147.3,96.5,0.539
28.56,32362.7,35747.9,1.206,1.2264,147.3,96.5,0.539
28.58,32336.4,35823.2,1.2044,1.2307,147.3,96.5,0.539
28.6,32363.7,35510.4,1.2061,1.2126,147.3,96.5,0.539
28.62,32209.3,35282.2,1.1963,1.1994,147.3,96.5,0.539
28.64,32167.8,35225.6,1.1937,1.1961,147.3,96.5,0.539
28.66,31986.3,35106.1,1.1822,1.1892,147.3,96.5,0.539
28.68,32029.5,35080.5,1.1849,1.1877,147.3,96.5,0.539
28.7,31956.9,35011.9,1.1803,1.1837,147.3,96.5,0.539
28.72,31948.3,34816.6,1.1798,1.1724,147.3,96.5,0.539
28.74,31853.4,34765.5,1.1738,1.1695,147.3,96.5,0.539
28.76,31823.8,34675.1,1.1719,1.1642,147.3,96.5,0.539
28.78,31832.0,34696.5,1.1724,1.1655,147.3,96.5,0.539
28.8,31908.9,34661.2,1.1773,1.1634,147.3,96.5,0.539
28.82,31821.1,34640.9,1.1717,1.1622,147.3,96.5,0.539
28.84,31794.8,34457.9,1.17,1.1516,147.3,96.5,0.539
28.86,31747.7,34459.4,1.167,1.1517,147.3,96.5,0.539
28.88,31743.6,34530.0,1.1668,1.1558,147.3,96.5,0.539
28.9,31841.2,34805.0,1.173,1.1717,147.3,96.5,0.539
28.92,32063.1,35181.8,1.187,1.1936,147.3,96.5,0.539
28.94,32277.0,35476.5,1.2006,1.2107,147.3,96.5,0.539
28.96,32439.4,35730.8,1.2109,1.2254,147.3,96.5,0.539
28.98,32324.9,35785.6,1.2036,1.2286,147.3,96.5,0.539
29.0,32331.4,35612.9,1.204,1.2186,147.3,96.5,0.539
29.02,32179.1,35340.9,1.1944,1.2028,147.3,96.5,0.539
29.04,32162.7,35207.6,1.1934,1.1951,147.3,96.5,0.539
29.06,32130.6,35143.4,1.1913,1.1913,147.3,96.5,0.539
29.08,32110.4,35077.3,1.19,1.1875,147.3,96.5,0.539
29.1,32079.0,35021.0,1.188,1.1843,147.3,96.5,0.539
29.12,31940.6,34784.0,1.1793,1.1705,147.3,96.5,0.539
29.14,32025.1,34800.3,1.1846,1.1715,147.3,96.5,0.539
29.16,31807.9,34785.0,1.1709,1.1706,147.3,96.5,0.539
29.18,31883.4,34705.7,1.1756,1.166,147.3,96.5,0.539
29.2,31774.6,34611.7,1.1688,1.1605,147.3,96.5,0.539
29.22,31893.6,34584.6,1.1763,1.159,147.3,96.5,0.539
29.24,31725.3,34461.6,1.1656,1.1518,147.3,96.5,0.539
29.26,31780.8,34395.9,1.1691,1.148,147.3,96.5,0.539
29.28,31778.3,34567.0,1.169,1.1579,147.3,96.5,0.539
29.3,31860.7,34673.8,1.1742,1.1641,147.3,96.5,0.539
29.32,32025.9,35090.9,1.1847,1.1883,147.3,96.5,0.539
29.34,32171.8,35275.2,1.1939,1.199,147.3,96.5,0.539
29.36,32405.6,35647.0,1.2087,1.2205,147.3,96.5,0.539
29.38,32315.4,35731.2,1.203,1.2254,147.3,96.5,0.539
29.4,32350.3,35787.2,1.2052,1.2287,147.3,96.5,0.539
29.42,32225.8,35489.3,1.1974,1.2114,147.3,96.5,0.539
29.44,32194.3,35344.5,1.1954,1.203,147.3,96.5,0.539
29.46,32034.5,35177.9,1.1852,1.1933,147.3,96.5,0.539
29.48,32085.1,35173.7,1.1884,1.1931,147.3,96.5,0.539
29.5,31919.2,35086.5,1.1779,1.1881,147.3,96.5,0.539
29.52,31929.9,34912.1,1.1786,1.1779,147.3,96.5,0.539
29.54,31920.2,34844.0,1.178,1.174,147.3,96.5,0.539
29.56,31969.4,34781.6,1.1811,1.1704,147.3,96.5,0.539
29.58,31900.7,34710.4,1.1768,1.1663,147.3,96.5,0.539
29.6,31849.0,34607.9,1.1735,1.1603,147.3,96.5,0.539
29.62,31824.2,34652.2,1.1719,1.1629,147.3,96.5,0.539
29.64,31825.3,34610.1,1.172,1.1604,147.3,96.5,0.539
29.66,31774.3,34534.7,1.1687,1.1561,147.3,96.5,0.539
29.68,31697.1,34503.4,1.1638,1.1543,147.3,96.5,0.539
29.7,31771.9,34599.6,1.1686,1.1598,147.3,96.5,0.539
29.72,31920.5,34864.1,1.178,1.1752,147.3,96.5,0.539
29.74,32165.5,35310.9,1.1935,1.2011,147.3,96.5,0.539
29.76,32193.6,35484.6,1.1953,1.2111,147.3,96.5,0.539
29.78,32358.2,35648.2,1.2057,1.2206,147.3,96.5,0.539
29.8,32374.1,35727.3,1.2068,1.2252,147.3,96.5,0.539
29.82,32327.0,35587.3,1.2038,1.2171,147.3,96.5,0.539
29.84,32142.8,35308.2,1.1921,1.2009,147.3,96.5,0.539
29.86,32092.2,35246.2,1.1889,1.1973,147.3,96.5,0.539
29.88,32024.5,35056.3,1.1846,1.1863,147.3,96.5,0.539
29.9,31991.0,35089.0,1.1825,1.1882,147.3,96.5,0.539
29.92,32009.4,34959.7,1.1836,1.1807,147.3,96.5,0.539
29.94,31982.7,34912.6,1.1819,1.178,147.3,96.5,0.539
29.96,31900.7,34778.7,1.1767,1.1702,147.3,96.5,0.539
29.98,31866.2,34738.7,1.1746,1.1679,147.3,96.5,0.539
30.0,31854.5,34655.3,1.1738,1.1631,147.3,96.5,0.539
30.02,31807.3,34644.5,1.1708,1.1624,147.3,96.5,0.539
30.04,31791.1,34720.9,1.1698,1.1669,147.3,96.5,0.539
30.06,31782.1,34524.3,1.1692,1.1555,147.3,96.5,0.539
30.08,31817.6,34473.8,1.1715,1.1525,147.3,96.5,0.539
30.1,31691.6,34421.9,1.1635,1.1495,147.3,96.5,0.539
30.12,31812.7,34613.6,1.1712,1.1606,147.3,96.5,0.539
30.14,32017.5,35072.7,1.1841,1.1872,147.3,96.5,0.539
30.16,32266.1,35437.8,1.1999,1.2084,147.3,96.5,0.539
30.18,32364.3,35672.3,1.2061,1.222,147.3,96.5,0.539
30.2,32314.2,35706.3,1.203,1.224,147.3,96.5,0.539
30.22,32233.0,35654.4,1.1978,1.221,147.3,96.5,0.539
30.24,32161.8,35382.6,1.1933,1.2052,147.3,96.5,0.539
30.26,32125.3,35220.8,1.191,1.1958,147.3,96.5,0.539
30.28,32024.1,35151.6,1.1846,1.1918,147.3,96.5,0.539
30.3,32060.3,35029.2,1.1869,1.1847,147.3,96.5,0.539
30.32,32027.2,35017.3,1.1848,1.184,147.3,96.5,0.539
30.34,31934.8,35045.0,1.1789,1.1856,147.3,96.5,0.539
30.36,31825.7,34700.2,1.172,1.1657,147.3,96.5,0.539
30.38,31834.0,34695.5,1.1725,1.1654,147.3,96.5,0.539
30.4,31814.8,34681.6,1.1713,1.1646,147.3,96.5,0.539
30.42,31734.8,34688.9,1.1662,1.165,147.3,96.5,0.539
30.44,31810.2,34559.8,1.171,1.1575,147.3,96.5,0.539
30.46,31765.2,34418.8,1.1682,1.1494,147.3,96.5,0.539
30.48,31816.2,34431.1,1.1714,1.1501,147.3,96.5,0.539
30.5,31768.8,34440.8,1.1684,1.1506,147.3,96.5,0.539
30.52,31765.9,34493.6,1.1682,1.1537,147.3,96.5,0.539
30.54,32044.8,34906.1,1.1859,1.1776,147.3,96.5,0.539
30.56,32186.7,35271.0,1.1949,1.1987,147.3,96.5,0.539
30.58,32390.0,35517.3,1.2078,1.213,147.3,96.5,0.539
30.6,32409.1,35789.7,1.209,1.2288,147.3,96.5,0.539
30.62,32361.6,35688.1,1.206,1.2229,147.3,96.5,0.539
30.64,32221.1,35515.3,1.1971,1.2129,147.3,96.5,0.539
30.66,32220.5,35298.9,1.197,1.2004,147.3,96.5,0.539
30.68,32142.9,35187.6,1.1921,1.1939,147.3,96.5,0.539
30.7,31993.0,35134.2,1.1826,1.1908,147.3,96.5,0.539
30.72,32049.4,35076.1,1.1862,1.1874,147.3,96.5,0.539
30.74,31934.5,34969.7,1.1789,1.1813,147.3,96.5,0.539
30.76,31897.6,34902.7,1.1766,1.1774,147.3,96.5,0.539
30.78,31903.0,34696.7,1.1769,1.1655,147.3,96.5,0.539
30.8,31795.8,34734.7,1.1701,1.1677,147.3,96.5,0.539
30.82,31783.6,34598.5,1.1693,1.1598,147.3,96.5,0.539
30.84,31871.5,34624.3,1.1749,1.1613,147.3,96.5,0.539
30.86,31749.7,34585.8,1.1672,1.159,147.3,96.5,0.539
30.88,31731.6,34423.1,1.166,1.1496,147.3,96.5,0.539
30.9,31706.8,34395.8,1.1645,1.148,147.3,96.5,0.539
30.92,31782.6,34570.5,1.1693,1.1581,147.3,96.5,0.539
30.94,31939.5,34889.0,1.1792,1.1766,147.3,96.5,0.539
30.96,32129.5,35135.4,1.1913,1.1909,147.3,96.5,0.539
30.98,32228.0,35513.6,1.1975,1.2128,147.3,96.5,0.539
31.0,32380.4,35730.4,1.2072,1.2254,147.3,96.5,0.539
31.02,32354.5,35748.3,1.2055,1.2264,147.3,96.5,0.539
31.04,32240.8,35581.5,1.1983,1.2167,147.3,96.5,0.539
31.06,32149.3,35474.8,1.1925,1.2106,147.3,96.5,0.539
31.08,32092.2,35208.2,1.1889,1.1951,147.3,96.5,0.539
31.1,32097.1,35126.3,1.1892,1.1904,147.3,96.5,0.539
31.12,32004.7,35130.8,1.1833,1.1906,147.3,96.5,0.539
31.14,31947.1,35008.9,1.1797,1.1836,147.3,96.5,0.539
31.16,32058.9,34918.4,1.1868,1.1783,147.3,96.5,0.539
31.18,31844.0,34725.7,1.1732,1.1671,147.3,96.5,0.539
31.2,31752.0,34719.6,1.1673,1.1668,147.3,96.5,0.539
31.22,31827.6,34703.9,1.1721,1.1659,147.3,96.5,0.539
31.24,31849.8,34766.5,1.1735,1.1695,147.3,96.5,0.539
31.26,31971.2,34622.6,1.1812,1.1612,147.3,96.5,0.539
31.28,31793.6,34608.5,1.17,1.1604,147.3,96.5,0.539
31.3,31708.6,34467.3,1.1646,1.1522,147.3,96.5,0.539
31.32,31723.4,34440.9,1.1655,1.1506,147.3,96.5,0.539
31.34,31841.0,34722.0,1.173,1.1669,147.3,96.5,0.539
31.36,32117.5,34967.8,1.1905,1.1812,147.3,96.5,0.539
31.38,32217.1,35368.7,1.1968,1.2044,147.3,96.5,0.539
31.4,32378.2,35620.6,1.207,1.219,147.3,96.5,0.539
31.42,32371.6,35744.2,1.2066,1.2262,147.3,96.5,0.539
31.44,32258.7,35647.1,1.1994,1.2205,147.3,96.5,0.539
31.46,32204.1,35471.2,1.196,1.2103,147.3,96.5,0.539
31.48,32159.1,35191.9,1.1931,1.1942,147.3,96.5,0.539
31.5,32058.4,35155.0,1.1867,1.192,147.3,96.5,0.539
31.52,32037.8,35050.6,1.1854,1.186,147.3,96.5,0.539
31.54,32014.6,35066.8,1.184,1.1869,147.3,96.5,0.539
31.56,31983.7,34956.5,1.182,1.1805,147.3,96.5,0.539
31.58,31929.5,34876.0,1.1786,1.1759,147.3,96.5,0.539
31.6,31905.8,34745.5,1.1771,1.1683,147.3,96.5,0.539
31.62,31822.2,34676.4,1.1718,1.1643,147.3,96.5,0.539
31.64,31815.8,34721.6,1.1714,1.1669,147.3,96.5,0.539
31.66,31914.8,34539.1,1.1776,1.1563,147.3,96.5,0.539
31.68,31833.9,34511.8,1.1725,1.1547,147.3,96.5,0.539
31.7,31775.0,34399.1,1.1688,1.1482,147.3,96.5,0.539
31.72,31782.7,34478.9,1.1693,1.1528,147.3,96.5,0.539
31.74,31747.5,34620.7,1.167,1.1611,147.3,96.5,0.539
31.76,32009.7,34930.1,1.1837,1.179,147.3,96.5,0.539
31.78,32109.6,35247.9,1.19,1.1974,147.3,96.5,0.539
31.8,32261.0,35631.3,1.1996,1.2196,147.3,96.5,0.539
31.82,32450.3,35775.0,1.2116,1.2279,147.3,96.5,0.539
31.84,32329.6,35721.4,1.2039,1.2248,147.3,96.5,0.539
31.86,32206.7,35400.3,1.1961,1.2062,147.3,96.5,0.539
31.88,32140.2,35211.7,1.1919,1.1953,147.3,96.5,0.539
31.9,32067.8,35159.5,1.1873,1.1923,147.3,96.5,0.539
31.92,32218.1,35121.8,1.1969,1.1901,147.3,96.5,0.539
31.94,32064.6,35027.6,1.1871,1.1846,147.3,96.5,0.539
31.96,31976.6,34914.5,1.1816,1.1781,147.3,96.5,0.539
31.98,31986.0,34777.0,1.1822,1.1701,147.3,96.5,0.539
32.0,31866.1,34742.2,1.1746,1.1681,147.3,96.5,0.539
32.02,31790.4,34663.4,1.1698,1.1635,147.3,96.5,0.539
32.04,31814.2,34700.1,1.1713,1.1657,147.3,96.5,0.539
32.06,31871.0,34553.7,1.1749,1.1572,147.3,96.5,0.539
32.08,31726.8,34664.4,1.1657,1.1636,147.3,96.5,0.539
32.1,31727.1,34441.9,1.1657,1.1507,147.3,96.5,0.539
32.12,31725.6,34402.6,1.1657,1.1484,147.3,96.5,0.539
32.14,31672.5,34474.7,1.1623,1.1526,147.3,96.5,0.539
32.16,31855.1,34777.3,1.1739,1.1701,147.3,96.5,0.539
32.18,32117.4,35226.6,1.1905,1.1962,147.3,96.5,0.539
32.2,32278.5,35447.0,1.2007,1.2089,147.3,96.5,0.539
32.22,32356.5,35705.5,1.2056,1.2239,147.3,96.5,0.539
32.24,32251.7,35776.3,1.199,1.228,147.3,96.5,0.539
32.26,32299.3,35676.5,1.202,1.2222,147.3,96.5,0.539
32.28,32215.6,35504.0,1.1967,1.2122,147.3,96.5,0.539
32.3,32194.3,35252.4,1.1954,1.1977,147.3,96.5,0.539
32.32,32139.4,35068.1,1.1919,1.187,147.3,96.5,0.539
32.34,32023.6,35009.3,1.1845,1.1836,147.3,96.5,0.539
32.36,31937.2,35030.3,1.1791,1.1848,147.3,96.5,0.539
32.38,31986.6,34853.9,1.1822,1.1746,147.3,96.5,0.539
32.4,31854.7,34767.4,1.1738,1.1696,147.3,96.5,0.539
32.42,31900.2,34707.9,1.1767,1.1661,147.3,96.5,0.539
32.44,31812.4,34610.7,1.1712,1.1605,147.3,96.5,0.539
32.46,31943.4,34517.2,1.1795,1.1551,147.3,96.5,0.539
32.48,31798.4,34612.5,1.1703,1.1606,147.3,96.5,0.539
32.5,31784.3,34556.6,1.1694,1.1573,147.3,96.5,0.539
32.52,31748.0,34516.0,1.1671,1.155,147.3,96.5,0.539
32.54,31734.7,34592.3,1.1662,1.1594,147.3,96.5,0.539
32.56,31898.2,34681.3,1.1766,1.1646,147.3,96.5,0.539
32.58,31902.6,35010.4,1.1769,1.1836,147.3,96.5,0.539
32.6,32254.4,35412.9,1.1992,1.207,147.3,96.5,0.539
32.62,32321.2,35632.3,1.2034,1.2197,147.3,96.5,0.539
32.64,32362.9,35709.0,1.206,1.2241,147.3,96.5,0.539
32.66,32214.5,35702.8,1.1966,1.2238,147.3,96.5,0.539
32.68,32220.2,35459.1,1.197,1.2096,147.3,96.5,0.539
32.7,32167.9,35412.4,1.1937,1.2069,147.3,96.5,0.539
32.72,31975.2,35059.1,1.1815,1.1865,147.3,96.5,0.539
32.74,32009.2,35160.1,1.1836,1.1923,147.3,96.5,0.539
32.76,32024.8,35041.7,1.1846,1.1855,147.3,96.5,0.539
32.78,31967.5,34949.9,1.181,1.1801,147.3,96.5,0.539
32.8,31934.8,34812.8,1.1789,1.1722,147.3,96.5,0.539
32.82,31874.6,34717.7,1.1751,1.1667,147.3,96.5,0.539
32.84,31865.7,34631.4,1.1745,1.1617,147.3,96.5,0.539
32.86,31863.1,34676.4,1.1744,1.1643,147.3,96.5,0.539
32.88,31817.9,34635.4,1.1715,1.1619,147.3,96.5,0.539
32.9,31803.1,34577.1,1.1706,1.1585,147.3,96.5,0.539
32.92,31750.5,34506.6,1.1672,1.1544,147.3,96.5,0.539
32.94,31662.9,34360.1,1.1617,1.146,147.3,96.5,0.539
32.96,31753.1,34563.9,1.1674,1.1578,147.3,96.5,0.539
32.98,31912.3,34919.5,1.1775,1.1784,147.3,96.5,0.539
33.0,32129.8,35208.4,1.1913,1.1951,147.3,96.5,0.539
33.02,32428.9,35666.2,1.2102,1.2216,147.3,96.5,0.539
33.04,32430.0,35732.4,1.2103,1.2255,147.3,96.5,0.539
33.06,32373.4,35759.1,1.2067,1.227,147.3,96.5,0.539
33.08,32176.1,35596.0,1.1942,1.2176,147.3,96.5,0.539
33.1,32286.1,35342.0,1.2012,1.2029,147.3,96.5,0.539
33.12,32087.5,35123.9,1.1886,1.1902,147.3,96.5,0.539
33.14,32015.8,35149.2,1.184,1.1917,147.3,96.5,0.539
33.16,32045.4,35004.6,1.1859,1.1833,147.3,96.5,0.539
33.18,31988.0,34902.7,1.1823,1.1774,147.3,96.5,0.539
33.2,31945.8,34947.0,1.1796,1.18,147.3,96.5,0.539
33.22,31996.3,34789.4,1.1828,1.1708,147.3,96.5,0.539
33.24,31841.5,34668.9,1.173,1.1639,147.3,96.5,0.539
33.26,31851.2,34695.1,1.1736,1.1654,147.3,96.5,0.539
33.28,31760.2,34659.6,1.1678,1.1633,147.3,96.5,0.539
33.3,31726.3,34607.2,1.1657,1.1603,147.3,96.5,0.539
33.32,31802.5,34508.7,1.1705,1.1546,147.3,96.5,0.539
33.34,31690.8,34409.1,1.1634,1.1488,147.3,96.5,0.539
33.36,31786.2,34457.0,1.1695,1.1516,147.3,96.5,0.539
33.38,31870.0,34783.2,1.1748,1.1705,147.3,96.5,0.539
33.4,32127.0,35017.6,1.1911,1.1841,147.3,96.5,0.539
33.42,32221.2,35522.8,1.1971,1.2133,147.3,96.5,0.539
33.44,32387.6,35653.9,1.2076,1.2209,147.3,96.5,0.539
33.46,32299.1,35760.0,1.202,1.2271,147.3,96.5,0.539
33.48,32320.0,35594.9,1.2033,1.2175,147.3,96.5,0.539
33.5,32257.1,35491.1,1.1993,1.2115,147.3,96.5,0.539
33.52,32067.1,35294.1,1.1873,1.2001,147.3,96.5,0.539
33.54,32167.9,35101.9,1.1937,1.1889,147.3,96.5,0.539
33.56,32007.2,35018.3,1.1835,1.1841,147.3,96.5,0.539
33.58,31968.1,35009.1,1.181,1.1836,147.3,96.5,0.539
33.6,31958.2,34917.6,1.1804,1.1783,147.3,96.5,0.539
33.62,31931.2,34817.6,1.1787,1.1725,147.3,96.5,0.539
33.64,31773.7,34742.6,1.1687,1.1681,147.3,96.5,0.539
33.66,31828.8,34696.9,1.1722,1.1655,147.3,96.5,0.539
33.68,31874.9,34737.3,1.1751,1.1678,147.3,96.5,0.539
33.7,31904.8,34610.3,1.177,1.1605,147.3,96.5,0.539
33.72,31723.6,34469.8,1.1655,1.1523,147.3,96.5,0.539
33.74,31800.6,34393.6,1.1704,1.1479,147.3,96.5,0.539
33.76,31773.8,34520.9,1.1687,1.1553,147.3,96.5,0.539
33.78,31847.5,34654.9,1.1734,1.163,147.3,96.5,0.539
33.8,32016.5,34946.2,1.1841,1.1799,147.3,96.5,0.539
33.82,32209.2,35338.0,1.1963,1.2026,147.3,96.5,0.539
33.84,32287.8,35576.9,1.2013,1.2165,147.3,96.5,0.539
33.86,32309.7,35787.4,1.2027,1.2287,147.3,96.5,0.539
33.88,32331.7,35745.3,1.2041,1.2262,147.3,96.5,0.539
33.9,32286.1,35416.5,1.2012,1.2072,147.3,96.5,0.539
33.92,32199.6,35241.8,1.1957,1.197,147.3,96.5,0.539
33.94,32111.5,35228.2,1.1901,1.1963,147.3,96.5,0.539
33.96,32014.3,35153.6,1.184,1.1919,147.3,96.5,0.539
33.98,32108.8,35064.1,1.1899,1.1868,147.3,96.5,0.539
34.0,32023.2,35002.0,1.1845,1.1832,147.3,96.5,0.539
34.02,31982.8,34750.5,1.182,1.1686,147.3,96.5,0.539
34.04,31871.2,34746.4,1.1749,1.1683,147.3,96.5,0.539
34.06,31871.6,34696.1,1.1749,1.1654,147.3,96.5,0.539
34.08,31828.4,34744.8,1.1722,1.1683,147.3,96.5,0.539
34.1,31806.6,34659.7,1.1708,1.1633,147.3,96.5,0.539
34.12,31759.4,34562.4,1.1678,1.1577,147.3,96.5,0.539
34.14,31711.7,34512.5,1.1648,1.1548,147.3,96.5,0.539
34.16,31798.9,34425.4,1.1703,1.1497,147.3,96.5,0.539
34.18,31855.4,34542.4,1.1739,1.1565,147.3,96.5,0.539
34.2,31969.9,34840.2,1.1811,1.1738,147.3,96.5,0.539
34.22,32122.3,35165.1,1.1908,1.1926,147.3,96.5,0.539
34.24,32242.7,35634.3,1.1984,1.2198,147.3,96.5,0.539
34.26,32432.2,35748.2,1.2104,1.2264,147.3,96.5,0.539
34.28,32353.4,35688.8,1.2054,1.223,147.3,96.5,0.539
34.3,32276.2,35609.0,1.2005,1.2183,147.3,96.5,0.539
34.32,32186.7,35303.5,1.1949,1.2006,147.3,96.5,0.539
34.34,32145.5,35212.4,1.1923,1.1953,147.3,96.5,0.539
34.36,32068.7,35141.0,1.1874,1.1912,147.3,96.5,0.539
34.38,32020.8,35099.8,1.1844,1.1888,147.3,96.5,0.539
34.4,32039.9,35010.7,1.1856,1.1837,147.3,96.5,0.539
34.42,31988.4,34817.3,1.1823,1.1725,147.3,96.5,0.539
34.44,31866.1,34813.2,1.1746,1.1722,147.3,96.5,0.539
34.46,31809.5,34709.2,1.171,1.1662,147.3,96.5,0.539
34.48,31799.1,34671.9,1.1703,1.164,147.3,96.5,0.539
34.5,31853.9,34629.6,1.1738,1.1616,147.3,96.5,0.539
34.52,31844.4,34643.4,1.1732,1.1624,147.3,96.5,0.539
34.54,31766.0,34592.4,1.1682,1.1594,147.3,96.5,0.539
34.56,31698.4,34457.0,1.1639,1.1516,147.3,96.5,0.539
34.58,31796.4,34543.7,1.1701,1.1566,147.3,96.5,0.539
34.6,31907.8,34784.3,1.1772,1.1705,147.3,96.5,0.539
34.62,32028.8,35010.6,1.1849,1.1837,147.3,96.5,0.539
34.64,32189.4,35372.9,1.195,1.2046,147.3,96.5,0.539
34.66,32401.6,35633.4,1.2085,1.2197,147.3,96.5,0.539
34.68,32352.1,35813.6,1.2054,1.2302,147.3,96.5,0.539
34.7,32292.5,35544.5,1.2016,1.2146,147.3,96.5,0.539
34.72,32199.2,35374.3,1.1957,1.2047,147.3,96.5,0.539
34.74,32105.5,35219.3,1.1897,1.1957,147.3,96.5,0.539
34.76,31984.5,35114.2,1.1821,1.1897,147.3,96.5,0.539
34.78,32035.7,35067.3,1.1853,1.1869,147.3,96.5,0.539
34.8,32009.6,35017.3,1.1837,1.184,147.3,96.5,0.539
34.82,31934.0,34948.1,1.1789,1.18,147.3,96.5,0.539
34.84,31928.9,34827.5,1.1785,1.173,147.3,96.5,0.539
34.86,31906.5,34744.3,1.1771,1.1682,147.3,96.5,0.539
34.88,31793.2,34698.7,1.1699,1.1656,147.3,96.5,0.539
34.9,31734.2,34694.3,1.1662,1.1653,147.3,96.5,0.539
34.92,31803.5,34534.8,1.1706,1.1561,147.3,96.5,0.539
34.94,31735.0,34570.5,1.1662,1.1582,147.3,96.5,0.539
34.96,31718.4,34446.0,1.1652,1.1509,147.3,96.5,0.539
34.98,31751.6,34557.1,1.1673,1.1574,147.3,96.5,0.539
35.0,31733.7,34624.8,1.1662,1.1613,147.3,96.5,0.539
35.02,31943.1,34875.4,1.1794,1.1758,147.3,96.5,0.539
35.04,32059.7,35330.9,1.1868,1.2022,147.3,96.5,0.539
35.06,32262.3,35534.7,1.1997,1.214,147.3,96.5,0.539
35.08,32433.2,35756.5,1.2105,1.2269,147.3,96.5,0.539
35.1,32343.4,35684.9,1.2048,1.2227,147.3,96.5,0.539
35.12,32216.6,35478.9,1.1968,1.2108,147.3,96.5,0.539
35.14,32156.3,35377.9,1.1929,1.2049,147.3,96.5,0.539
35.16,32002.9,35215.8,1.1832,1.1955,147.3,96.5,0.539
35.18,32069.2,35089.4,1.1874,1.1882,147.3,96.5,0.539
35.2,32005.2,35022.4,1.1834,1.1843,147.3,96.5,0.539
35.22,31960.7,34937.8,1.1806,1.1794,147.3,96.5,0.539
35.24,31928.3,34821.0,1.1785,1.1727,147.3,96.5,0.539
35.26,31793.0,34720.4,1.1699,1.1668,147.3,96.5,0.539
35.28,31898.7,34695.3,1.1766,1.1654,147.3,96.5,0.539
35.3,31847.1,34652.4,1.1733,1.1629,147.3,96.5,0.539
35.32,31897.8,34682.0,1.1766,1.1646,147.3,96.5,0.539
35.34,31804.8,34498.8,1.1707,1.154,147.3,96.5,0.539
35.36,31899.8,34503.3,1.1767,1.1543,147.3,96.5,0.539
35.38,31763.2,34536.1,1.168,1.1562,147.3,96.5,0.539
35.4,31828.9,34517.1,1.1722,1.1551,147.3,96.5,0.539
35.42,31853.7,34809.1,1.1738,1.172,147.3,96.5,0.539
35.44,32077.4,35147.9,1.1879,1.1916,147.3,96.5,0.539
35.46,32165.2,35563.7,1.1935,1.2157,147.3,96.5,0.539
35.48,32335.9,35709.0,1.2043,1.2241,147.3,96.5,0.539
35.5,32350.8,35740.3,1.2053,1.2259,147.3,96.5,0.539
35.52,32326.7,35596.7,1.2037,1.2176,147.3,96.5,0.539
35.54,32210.5,35431.6,1.1964,1.208,147.3,96.5,0.539
35.56,32070.7,35213.9,1.1875,1.1954,147.3,96.5,0.539
35.58,31979.7,35055.0,1.1818,1.1862,147.3,96.5,0.539
35.6,32098.8,35109.1,1.1893,1.1894,147.3,96.5,0.539
35.62,31996.5,35029.9,1.1828,1.1848,147.3,96.5,0.539
35.64,31932.7,34937.4,1.1788,1.1794,147.3,96.5,0.539
35.66,31904.6,34776.6,1.177,1.1701,147.3,96.5,0.539
35.68,31855.4,34697.8,1.1739,1.1655,147.3,96.5,0.539
35.7,31901.9,34717.8,1.1768,1.1667,147.3,96.5,0.539
35.72,31748.4,34657.5,1.1671,1.1632,147.3,96.5,0.539
35.74,31886.9,34592.2,1.1759,1.1594,147.3,96.5,0.539
35.76,31840.9,34502.0,1.173,1.1542,147.3,96.5,0.539
35.78,31692.0,34487.5,1.1635,1.1533,147.3,96.5,0.539
35.8,31803.5,34500.1,1.1706,1.1541,147.3,96.5,0.539
35.82,31799.3,34713.0,1.1703,1.1664,147.3,96.5,0.539
35.84,31990.9,35068.2,1.1825,1.187,147.3,96.5,0.539
35.86,32279.9,35446.1,1.2008,1.2089,147.3,96.5,0.539
35.88,32329.7,35656.9,1.2039,1.2211,147.3,96.5,0.539
35.9,32400.8,35797.4,1.2084,1.2292,147.3,96.5,0.539
35.92,32380.3,35705.9,1.2071,1.2239,147.3,96.5,0.539
35.94,32248.2,35486.4,1.1988,1.2112,147.3,96.5,0.539
35.96,32178.1,35224.6,1.1943,1.1961,147.3,96.5,0.539
35.98,32022.0,35166.3,1.1844,1.1927,147.3,96.5,0.539
36.0,32067.6,35141.2,1.1873,1.1912,147.3,96.5,0.539
36.02,31908.2,34971.6,1.1772,1.1814,147.3,96.5,0.539
36.04,31935.5,34914.7,1.179,1.1781,147.3,96.5,0.539
36.06,31958.4,34793.9,1.1804,1.1711,147.3,96.5,0.539
36.08,31936.7,34813.9,1.179,1.1723,147.3,96.5,0.539
36.1,31895.1,34756.0,1.1764,1.1689,147.3,96.5,0.539
36.12,31866.6,34675.1,1.1746,1.1642,147.3,96.5,0.539
36.14,31739.9,34590.5,1.1666,1.1593,147.3,96.5,0.539
36.16,31784.2,34545.3,1.1694,1.1567,147.3,96.5,0.539
36.18,31760.7,34527.3,1.1679,1.1556,147.3,96.5,0.539
36.2,31793.5,34400.8,1.17,1.1483,147.3,96.5,0.539
36.22,31799.8,34663.2,1.1704,1.1635,147.3,96.5,0.539
36.24,32019.9,34803.4,1.1843,1.1716,147.3,96.5,0.539
36.26,32106.3,35167.3,1.1898,1.1927,147.3,96.5,0.539
36.28,32262.8,35474.5,1.1997,1.2105,147.3,96.5,0.539
36.3,32376.3,35718.0,1.2069,1.2246,147.3,96.5,0.539
36.32,32307.0,35703.1,1.2025,1.2238,147.3,96.5,0.539
36.34,32216.1,35477.6,1.1967,1.2107,147.3,96.5,0.539
36.36,32242.1,35350.9,1.1984,1.2034,147.3,96.5,0.539
36.38,32139.1,35115.5,1.1919,1.1897,147.3,96.5,0.539
36.4,32048.9,35161.7,1.1861,1.1924,147.3,96.5,0.539
36.42,32057.1,35012.7,1.1867,1.1838,147.3,96.5,0.539
36.44,31990.4,34870.8,1.1824,1.1756,147.3,96.5,0.539
36.46,31993.1,34772.5,1.1826,1.1699,147.3,96.5,0.539
36.48,31931.2,34688.2,1.1787,1.165,147.3,96.5,0.539
36.5,31743.5,34781.2,1.1668,1.1704,147.3,96.5,0.539
36.52,31846.7,34628.9,1.1733,1.1615,147.3,96.5,0.539
36.54,31791.0,34704.2,1.1698,1.1659,147.3,96.5,0.539
36.56,31747.9,34676.7,1.1671,1.1643,147.3,96.5,0.539
36.58,31718.7,34456.6,1.1652,1.1515,147.3,96.5,0.539
36.6,31723.3,34493.9,1.1655,1.1537,147.3,96.5,0.539
36.62,31779.2,34507.4,1.169,1.1545,147.3,96.5,0.539
36.64,31846.4,34711.7,1.1733,1.1663,147.3,96.5,0.539
36.66,32040.1,35019.0,1.1856,1.1841,147.3,96.5,0.539
36.68,32273.5,35409.0,1.2004,1.2067,147.3,96.5,0.539
36.7,32345.8,35704.1,1.205,1.2238,147.3,96.5,0.539
36.72,32440.8,35803.4,1.211,1.2296,147.3,96.5,0.539
36.74,32272.4,35639.9,1.2003,1.2201,147.3,96.5,0.539
36.76,32223.6,35459.4,1.1972,1.2097,147.3,96.5,0.539
36.78,32169.4,35233.3,1.1938,1.1966,147.3,96.5,0.539
36.8,32091.5,35087.6,1.1888,1.1881,147.3,96.5,0.539
36.82,32016.9,35037.5,1.1841,1.1852,147.3,96.5,0.539
36.84,32118.2,34988.6,1.1905,1.1824,147.3,96.5,0.539
36.86,31914.3,34920.2,1.1776,1.1784,147.3,96.5,0.539
36.88,32011.2,34851.8,1.1838,1.1744,147.3,96.5,0.539
36.9,31786.8,34748.8,1.1695,1.1685,147.3,96.5,0.539
36.92,31785.5,34713.4,1.1694,1.1664,147.3,96.5,0.539
36.94,31931.6,34757.1,1.1787,1.169,147.3,96.5,0.539
36.96,31833.7,34536.3,1.1725,1.1562,147.3,96.5,0.539
36.98,31826.7,34524.4,1.1721,1.1555,147.3,96.5,0.539
37.0,31731.3,34517.9,1.166,1.1551,147.3,96.5,0.539
37.02,31711.5,34473.2,1.1648,1.1525,147.3,96.5,0.539
37.04,31829.8,34541.6,1.1723,1.1565,147.3,96.5,0.539
37.06,31922.4,34966.7,1.1781,1.1811,147.3,96.5,0.539
37.08,32096.5,35438.9,1.1892,1.2085,147.3,96.5,0.539
37.1,32305.1,35663.7,1.2024,1.2215,147.3,96.5,0.539
37.12,32380.1,35823.8,1.2071,1.2308,147.3,96.5,0.539
37.14,32228.4,35688.2,1.1975,1.2229,147.3,96.5,0.539
37.16,32251.8,35541.4,1.199,1.2144,147.3,96.5,0.539
37.18,32095.3,35274.5,1.1891,1.1989,147.3,96.5,0.539
37.2,32091.8,35223.3,1.1889,1.196,147.3,96.5,0.539
37.22,32137.4,35144.5,1.1918,1.1914,147.3,96.5,0.539
37.24,32053.7,35097.1,1.1864,1.1887,147.3,96.5,0.539
37.26,32079.3,35039.6,1.1881,1.1853,147.3,96.5,0.539
37.28,31911.2,34857.5,1.1774,1.1748,147.3,96.5,0.539
37.3,31890.7,34735.3,1.1761,1.1677,147.3,96.5,0.539
37.32,31751.8,34783.6,1.1673,1.1705,147.3,96.5,0.539
37.34,31903.6,34685.6,1.1769,1.1648,147.3,96.5,0.539
37.36,31846.7,34625.3,1.1733,1.1613,147.3,96.5,0.539
37.38,31732.1,34634.6,1.1661,1.1619,147.3,96.5,0.539
37.4,31783.8,34507.3,1.1693,1.1545,147.3,96.5,0.539
37.42,31662.2,34413.4,1.1616,1.149,147.3,96.5,0.539
37.44,31790.3,34555.3,1.1698,1.1573,147.3,96.5,0.539
37.46,31936.4,34864.3,1.179,1.1752,147.3,96.5,0.539
37.48,32087.9,35189.5,1.1886,1.194,147.3,96.5,0.539
37.5,32347.8,35486.7,1.2051,1.2112,147.3,96.5,0.539
37.52,32330.2,35822.8,1.204,1.2307,147.3,96.5,0.539
37.54,32392.0,35708.2,1.2079,1.2241,147.3,96.5,0.539
37.56,32391.5,35537.7,1.2079,1.2142,147.3,96.5,0.539
37.58,32185.6,35284.5,1.1948,1.1995,147.3,96.5,0.539
37.6,32154.1,35281.0,1.1928,1.1993,147.3,96.5,0.539
37.62,32070.5,35105.6,1.1875,1.1892,147.3,96.5,0.539
37.64,32076.3,35102.9,1.1879,1.189,147.3,96.5,0.539
37.66,31889.7,34972.9,1.1761,1.1815,147.3,96.5,0.539
37.68,31914.1,34800.9,1.1776,1.1715,147.3,96.5,0.539
37.7,31830.2,34754.6,1.1723,1.1688,147.3,96.5,0.539
37.72,31916.7,34756.9,1.1778,1.169,147.3,96.5,0.539
37.74,31898.2,34644.6,1.1766,1.1624,147.3,96.5,0.539
37.76,31782.7,34538.4,1.1693,1.1563,147.3,96.5,0.539
37.78,31771.2,34524.1,1.1685,1.1555,147.3,96.5,0.539
37.8,31737.4,34622.8,1.1664,1.1612,147.3,96.5,0.539
37.82,31803.6,34456.3,1.1706,1.1515,147.3,96.5,0.539
37.84,31802.9,34471.7,1.1705,1.1524,147.3,96.5,0.539
37.86,31955.0,34729.8,1.1802,1.1674,147.3,96.5,0.539
37.88,32058.2,35133.3,1.1867,1.1908,147.3,96.5,0.539
37.9,32230.1,35501.7,1.1976,1.2121,147.3,96.5,0.539
37.92,32378.8,35732.5,1.2071,1.2255,147.3,96.5,0.539
37.94,32333.4,35771.0,1.2042,1.2277,147.3,96.5,0.539
37.96,32384.8,35674.5,1.2074,1.2221,147.3,96.5,0.539
37.98,32139.0,35406.2,1.1919,1.2066,147.3,96.5,0.539
38.0,32082.2,35226.8,1.1883,1.1962,147.3,96.5,0.539
38.02,32095.1,35123.0,1.1891,1.1902,147.3,96.5,0.539
38.04,32076.4,35046.1,1.1879,1.1857,147.3,96.5,0.539
38.06,32077.8,35073.2,1.188,1.1873,147.3,96.5,0.539
38.08,31955.5,34935.8,1.1802,1.1793,147.3,96.5,0.539
38.1,31936.6,34748.4,1.179,1.1685,147.3,96.5,0.539
38.12,31834.2,34800.3,1.1725,1.1715,147.3,96.5,0.539
38.14,31827.6,34673.3,1.1721,1.1641,147.3,96.5,0.539
38.16,31904.9,34727.5,1.177,1.1672,147.3,96.5,0.539
38.18,31793.3,34647.2,1.1699,1.1626,147.3,96.5,0.539
38.2,31788.4,34586.4,1.1696,1.1591,147.3,96.5,0.539
38.22,31757.5,34387.1,1.1677,1.1475,147.3,96.5,0.539
38.24,31816.9,34519.5,1.1714,1.1552,147.3,96.5,0.539
38.26,31866.5,34518.9,1.1746,1.1552,147.3,96.5,0.539
38.28,32002.9,34920.1,1.1832,1.1784,147.3,96.5,0.539
38.3,32168.8,35297.4,1.1937,1.2003,147.3,96.5,0.539
38.32,32242.0,35594.9,1.1984,1.2175,147.3,96.5,0.539
38.34,32405.8,35763.8,1.2088,1.2273,147.3,96.5,0.539
38.36,32373.7,35675.1,1.2067,1.2222,147.3,96.5,0.539
38.38,32228.6,35498.1,1.1975,1.2119,147.3,96.5,0.539
38.4,32080.4,35239.5,1.1881,1.1969,147.3,96.5,0.539
38.42,32098.1,35182.5,1.1893,1.1936,147.3,96.5,0.539
38.44,31990.6,35062.4,1.1824,1.1867,147.3,96.5,0.539
38.46,31979.7,35091.1,1.1818,1.1883,147.3,96.5,0.539
38.48,31990.8,34977.1,1.1825,1.1817,147.3,96.5,0.539
38.5,32011.5,34862.3,1.1838,1.1751,147.3,96.5,0.539
38.52,31915.5,34824.0,1.1777,1.1728,147.3,96.5,0.539
38.54,31874.9,34775.6,1.1751,1.17,147.3,96.5,0.539
38.56,31868.0,34608.6,1.1747,1.1604,147.3,96.5,0.539
38.58,31884.6,34687.1,1.1757,1.1649,147.3,96.5,0.539
38.6,31760.3,34545.6,1.1678,1.1567,147.3,96.5,0.539
38.62,31740.0,34603.5,1.1666,1.1601,147.3,96.5,0.539
38.64,31781.0,34444.4,1.1692,1.1508,147.3,96.5,0.539
38.66,31730.8,34582.9,1.166,1.1589,147.3,96.5,0.539
38.68,31969.7,34787.1,1.1811,1.1707,147.3,96.5,0.539
38.7,32261.9,34998.4,1.1996,1.1829,147.3,96.5,0.539
38.72,32324.7,35507.1,1.2036,1.2124,147.3,96.5,0.539
38.74,32392.4,35751.7,1.2079,1.2266,147.3,96.5,0.539
38.76,32423.6,35750.4,1.2099,1.2265,147.3,96.5,0.539
38.78,32300.3,35594.4,1.2021,1.2175,147.3,96.5,0.539
38.8,32244.0,35371.1,1.1985,1.2045,147.3,96.5,0.539
38.82,32111.0,35248.6,1.1901,1.1974,147.3,96.5,0.539
38.84,32064.2,35138.8,1.1871,1.1911,147.3,96.5,0.539
38.86,32070.9,35101.5,1.1875,1.1889,147.3,96.5,0.539
38.88,32040.5,35023.5,1.1856,1.1844,147.3,96.5,0.539
38.9,31942.0,34894.2,1.1794,1.1769,147.3,96.5,0.539
38.92,31895.7,34733.3,1.1764,1.1676,147.3,96.5,0.539
38.94,31855.6,34760.9,1.1739,1.1692,147.3,96.5,0.539
38.96,31826.7,34642.0,1.1721,1.1623,147.3,96.5,0.539
38.98,31846.4,34713.8,1.1733,1.1665,147.3,96.5,0.539
39.0,31807.6,34642.5,1.1708,1.1623,147.3,96.5,0.539
39.02,31794.2,34595.6,1.17,1.1596,147.3,96.5,0.539
39.04,31747.9,34474.7,1.1671,1.1526,147.3,96.5,0.539
39.06,31862.0,34482.4,1.1743,1.153,147.3,96.5,0.539
39.08,31862.1,34686.2,1.1743,1.1649,147.3,96.5,0.539
39.1,31995.6,35056.0,1.1828,1.1863,147.3,96.5,0.539
39.12,32227.8,35328.4,1.1975,1.2021,147.3,96.5,0.539
39.14,32377.5,35716.9,1.207,1.2246,147.3,96.5,0.539
39.16,32382.0,35663.6,1.2073,1.2215,147.3,96.5,0.539
39.18,32317.9,35591.2,1.2032,1.2173,147.3,96.5,0.539
39.2,32260.4,35441.7,1.1995,1.2086,147.3,96.5,0.539
39.22,32118.1,35283.8,1.1905,1.1995,147.3,96.5,0.539
39.24,32015.0,35187.0,1.184,1.1939,147.3,96.5,0.539
39.26,32018.1,35138.7,1.1842,1.1911,147.3,96.5,0.539
39.28,32144.7,35048.3,1.1922,1.1858,147.3,96.5,0.539
39.3,31949.7,34957.1,1.1799,1.1806,147.3,96.5,0.539
39.32,31936.4,34846.8,1.179,1.1742,147.3,96.5,0.539
39.34,31890.9,34757.6,1.1761,1.169,147.3,96.5,0.539
39.36,31769.7,34708.6,1.1684,1.1662,147.3,96.5,0.539
39.38,31791.0,34735.4,1.1698,1.1677,147.3,96.5,0.539
39.4,31775.5,34696.1,1.1688,1.1654,147.3,96.5,0.539
39.42,31685.2,34459.9,1.1631,1.1517,147.3,96.5,0.539
39.44,31708.3,34464.6,1.1646,1.152,147.3,96.5,0.539
39.46,31700.0,34366.3,1.164,1.1463,147.3,96.5,0.539
39.48,31780.1,34549.0,1.1691,1.1569,147.3,96.5,0.539
39.5,31984.7,34874.5,1.1821,1.1758,147.3,96.5,0.539
39.52,32164.4,35189.2,1.1935,1.194,147.3,96.5,0.539
39.54,32410.9,35649.4,1.2091,1.2207,147.3,96.5,0.539
39.56,32401.2,35804.5,1.2085,1.2297,147.3,96.5,0.539
39.58,32343.0,35711.2,1.2048,1.2242,147.3,96.5,0.539
39.6,32273.7,35576.4,1.2004,1.2164,147.3,96.5,0.539
39.62,32130.5,35290.9,1.1913,1.1999,147.3,96.5,0.539
39.64,32074.4,35212.3,1.1878,1.1953,147.3,96.5,0.539
39.66,32028.9,35097.4,1.1849,1.1887,147.3,96.5,0.539
39.68,32022.0,34968.8,1.1844,1.1812,147.3,96.5,0.539
39.7,32004.9,34893.2,1.1834,1.1768,147.3,96.5,0.539
39.72,31995.9,34868.8,1.1828,1.1754,147.3,96.5,0.539
39.74,31889.1,34659.5,1.176,1.1633,147.3,96.5,0.539
39.76,31936.5,34691.8,1.179,1.1652,147.3,96.5,0.539
39.78,31860.2,34642.3,1.1742,1.1623,147.3,96.5,0.539
39.8,31865.5,34634.3,1.1745,1.1618,147.3,96.5,0.539
39.82,31748.8,34564.9,1.1671,1.1578,147.3,96.5,0.539
39.84,31729.0,34595.7,1.1659,1.1596,147.3,96.5,0.539
39.86,31651.7,34468.0,1.161,1.1522,147.3,96.5,0.539
39.88,31748.9,34410.7,1.1671,1.1489,147.3,96.5,0.539
39.9,31802.7,34853.5,1.1705,1.1745,147.3,96.5,0.539
39.92,32022.9,35135.5,1.1845,1.1909,147.3,96.5,0.539
39.94,32203.0,35496.1,1.1959,1.2118,147.3,96.5,0.539
39.96,32397.0,35770.6,1.2082,1.2277,147.3,96.5,0.539
39.98,32334.5,35651.9,1.2042,1.2208,147.3,96.5,0.539
40.0,32244.6,35676.9,1.1985,1.2223,147.3,96.5,0.539
40.02,32142.3,35323.8,1.1921,1.2018,147.3,96.5,0.539
40.04,32137.4,35180.5,1.1918,1.1935,147.3,96.5,0.539
40.06,31975.2,35038.1,1.1815,1.1852,147.3,96.5,0.539
40.08,32033.6,35043.2,1.1852,1.1855,147.3,96.5,0.539
40.1,31940.6,35019.9,1.1793,1.1842,147.3,96.5,0.539
40.12,32032.0,34981.9,1.1851,1.182,147.3,96.5,0.539
40.14,31838.9,34749.7,1.1728,1.1685,147.3,96.5,0.539
40.16,31880.0,34672.0,1.1754,1.164,147.3,96.5,0.539
40.18,31902.3,34704.1,1.1769,1.1659,147.3,96.5,0.539
40.2,31855.8,34667.0,1.1739,1.1637,147.3,96.5,0.539
40.22,31737.3,34578.4,1.1664,1.1586,147.3,96.5,0.539
40.24,31774.2,34574.7,1.1687,1.1584,147.3,96.5,0.539
40.26,31774.6,34516.5,1.1688,1.155,147.3,96.5,0.539
40.28,31728.0,34471.8,1.1658,1.1524,147.3,96.5,0.539
40.3,31903.7,34664.2,1.1769,1.1636,147.3,96.5,0.539
40.32,31988.7,35014.8,1.1823,1.1839,147.3,96.5,0.539
40.34,32212.4,35435.4,1.1965,1.2083,147.3,96.5,0.539
40.36,32331.7,35688.1,1.2041,1.2229,147.3,96.5,0.539
40.38,32334.1,35816.5,1.2042,1.2304,147.3,96.5,0.539
40.4,32370.7,35636.6,1.2065,1.2199,147.3,96.5,0.539
40.42,32205.3,35444.5,1.1961,1.2088,147.3,96.5,0.539
40.44,32142.0,35225.0,1.192,1.1961,147.3,96.5,0.539
40.46,32180.8,35098.1,1.1945,1.1887,147.3,96.5,0.539
40.48,32058.5,35089.6,1.1868,1.1882,147.3,96.5,0.539
40.5,32028.5,35024.7,1.1848,1.1845,147.3,96.5,0.539
40.52,31969.2,34932.2,1.1811,1.1791,147.3,96.5,0.539
40.54,31947.9,34783.3,1.1797,1.1705,147.3,96.5,0.539
40.56,31861.4,34789.4,1.1743,1.1708,147.3,96.5,0.539
40.58,31786.1,34723.3,1.1695,1.167,147.3,96.5,0.539
40.6,31741.6,34686.0,1.1667,1.1648,147.3,96.5,0.539
40.62,31895.5,34706.5,1.1764,1.166,147.3,96.5,0.539
40.64,31930.1,34516.7,1.1786,1.155,147.3,96.5,0.539
40.66,31696.2,34384.7,1.1638,1.1474,147.3,96.5,0.539
40.68,31733.8,34393.1,1.1662,1.1479,147.3,96.5,0.539
40.7,31844.9,34475.9,1.1732,1.1527,147.3,96.5,0.539
40.72,31810.8,34997.1,1.1711,1.1829,147.3,96.5,0.539
40.74,32144.7,35367.8,1.1922,1.2043,147.3,96.5,0.539
40.76,32279.0,35557.2,1.2007,1.2153,147.3,96.5,0.539
40.78,32382.2,35838.9,1.2073,1.2317,147.3,96.5,0.539
40.8,32379.5,35725.1,1.2071,1.2251,147.3,96.5,0.539
40.82,32286.1,35508.5,1.2012,1.2125,147.3,96.5,0.539
40.84,32163.6,35302.2,1.1934,1.2005,147.3,96.5,0.539
40.86,32077.3,35186.7,1.1879,1.1939,147.3,96.5,0.539
40.88,32001.7,35063.2,1.1832,1.1867,147.3,96.5,0.539
40.9,32019.0,35054.1,1.1842,1.1862,147.3,96.5,0.539
40.92,31983.4,34952.5,1.182,1.1803,147.3,96.5,0.539
40.94,31929.7,34961.4,1.1786,1.1808,147.3,96.5,0.539
40.96,31976.8,34667.6,1.1816,1.1638,147.3,96.5,0.539
40.98,31912.4,34815.9,1.1775,1.1724,147.3,96.5,0.539
41.0,31909.0,34714.3,1.1773,1.1665,147.3,96.5,0.539
41.02,31853.3,34689.8,1.1737,1.1651,147.3,96.5,0.539
41.04,31780.7,34650.5,1.1691,1.1628,147.3,96.5,0.539
41.06,31739.6,34494.7,1.1665,1.1538,147.3,96.5,0.539
41.08,31771.6,34368.7,1.1686,1.1465,147.3,96.5,0.539
41.1,31778.8,34538.2,1.169,1.1563,147.3,96.5,0.539
41.12,31875.7,34697.0,1.1752,1.1655,147.3,96.5,0.539
41.14,32000.3,35082.7,1.1831,1.1878,147.3,96.5,0.539
41.16,32228.6,35487.1,1.1975,1.2113,147.3,96.5,0.539
41.18,32394.0,35701.4,1.208,1.2237,147.3,96.5,0.539
41.2,32385.9,35703.1,1.2075,1.2238,147.3,96.5,0.539
41.22,32319.8,35615.5,1.2033,1.2187,147.3,96.5,0.539
41.24,32236.0,35360.6,1.198,1.2039,147.3,96.5,0.539
41.26,32150.1,35290.7,1.1926,1.1999,147.3,96.5,0.539
41.28,32172.3,35134.0,1.194,1.1908,147.3,96.5,0.539
41.3,32023.2,34986.7,1.1845,1.1823,147.3,96.5,0.539
41.32,32082.6,34976.9,1.1883,1.1817,147.3,96.5,0.539
41.34,31946.1,34900.3,1.1796,1.1773,147.3,96.5,0.539
41.36,31919.0,34796.1,1.1779,1.1712,147.3,96.5,0.539
41.38,31833.8,34712.5,1.1725,1.1664,147.3,96.5,0.539
41.4,31843.8,34646.4,1.1731,1.1625,147.3,96.5,0.539
41.42,31874.0,34648.0,1.1751,1.1626,147.3,96.5,0.539
41.44,31860.4,34652.6,1.1742,1.1629,147.3,96.5,0.539
41.46,31797.5,34547.8,1.1702,1.1568,147.3,96.5,0.539
41.48,31741.2,34506.8,1.1666,1.1545,147.3,96.5,0.539
41.5,31730.5,34483.1,1.166,1.1531,147.3,96.5,0.539
41.52,31844.6,34543.3,1.1732,1.1566,147.3,96.5,0.539
41.54,31978.4,34912.4,1.1817,1.178,147.3,96.5,0.539
41.56,32172.7,35385.7,1.194,1.2054,147.3,96.5,0.539
41.58,32217.0,35652.9,1.1968,1.2209,147.3,96.5,0.539
41.6,32344.9,35851.0,1.2049,1.2324,147.3,96.5,0.539
41.62,32388.4,35723.6,1.2077,1.225,147.3,96.5,0.539
41.64,32188.4,35471.6,1.195,1.2104,147.3,96.5,0.539
41.66,32138.0,35340.8,1.1918,1.2028,147.3,96.5,0.539
41.68,32049.5,35157.0,1.1862,1.1921,147.3,96.5,0.539
41.7,32110.1,35103.1,1.19,1.189,147.3,96.5,0.539
41.72,32044.0,35037.1,1.1858,1.1852,147.3,96.5,0.539
41.74,31934.0,34905.5,1.1789,1.1776,147.3,96.5,0.539
41.76,31932.6,34824.8,1.1788,1.1729,147.3,96.5,0.539
41.78,31857.0,34778.6,1.174,1.1702,147.3,96.5,0.539
41.8,31868.4,34627.8,1.1747,1.1615,147.3,96.5,0.539
41.82,31845.2,34726.2,1.1732,1.1672,147.3,96.5,0.539
41.84,31817.8,34562.9,1.1715,1.1577,147.3,96.5,0.539
41.86,31774.7,34501.2,1.1688,1.1541,147.3,96.5,0.539
41.88,31792.9,34472.4,1.1699,1.1525,147.3,96.5,0.539
41.9,31788.4,34427.3,1.1696,1.1499,147.3,96.5,0.539
41.92,31883.4,34540.2,1.1757,1.1564,147.3,96.5,0.539
41.94,31879.2,34742.9,1.1754,1.1681,147.3,96.5,0.539
41.96,32057.8,35217.1,1.1867,1.1956,147.3,96.5,0.539
41.98,32276.6,35669.0,1.2006,1.2218,147.3,96.5,0.539
42.0,32297.5,35660.9,1.2019,1.2213,147.3,96.5,0.539
42.02,32373.9,35713.0,1.2067,1.2244,147.3,96.5,0.539
42.04,32263.9,35577.8,1.1998,1.2165,147.3,96.5,0.539
42.06,32253.0,35307.6,1.1991,1.2009,147.3,96.5,0.539
42.08,32100.7,35296.6,1.1894,1.2002,147.3,96.5,0.539
42.1,32041.0,35195.8,1.1856,1.1944,147.3,96.5,0.539
42.12,31989.4,35074.1,1.1824,1.1873,147.3,96.5,0.539
42.14,32006.0,34961.6,1.1834,1.1808,147.3,96.5,0.539
42.16,31954.5,34945.9,1.1802,1.1799,147.3,96.5,0.539
42.18,31836.1,34809.4,1.1727,1.172,147.3,96.5,0.539
42.2,31787.1,34647.6,1.1695,1.1626,147.3,96.5,0.539
42.22,31785.6,34668.3,1.1695,1.1638,147.3,96.5,0.539
42.24,31794.1,34706.7,1.17,1.166,147.3,96.5,0.539
42.26,31776.5,34518.0,1.1689,1.1551,147.3,96.5,0.539
42.28,31688.2,34580.4,1.1633,1.1587,147.3,96.5,0.539
42.3,31764.0,34486.5,1.1681,1.1533,147.3,96.5,0.539
42.32,31689.9,34467.6,1.1634,1.1522,147.3,96.5,0.539
42.34,31833.5,34679.0,1.1725,1.1644,147.3,96.5,0.539
42.36,31985.3,35006.1,1.1821,1.1834,147.3,96.5,0.539
42.38,32196.1,35445.7,1.1955,1.2089,147.3,96.5,0.539
42.4,32234.9,35684.9,1.1979,1.2227,147.3,96.5,0.539
42.42,32404.1,35780.0,1.2087,1.2282,147.3,96.5,0.539
42.44,32220.3,35573.3,1.197,1.2163,147.3,96.5,0.539
42.46,32209.4,35506.1,1.1963,1.2124,147.3,96.5,0.539
42.48,32079.1,35255.5,1.1881,1.1978,147.3,96.5,0.539
42.5,32107.1,35173.0,1.1898,1.1931,147.3,96.5,0.539
42.52,32086.8,35042.9,1.1885,1.1855,147.3,96.5,0.539
42.54,32064.4,35034.5,1.1871,1.185,147.3,96.5,0.539
42.56,32033.2,34941.5,1.1851,1.1797,147.3,96.5,0.539
42.58,31866.9,34797.1,1.1746,1.1713,147.3,96.5,0.539
42.6,31909.1,34703.4,1.1773,1.1659,147.3,96.5,0.539
42.62,31836.7,34716.5,1.1727,1.1666,147.3,96.5,0.539
42.64,31805.4,34613.8,1.1707,1.1607,147.3,96.5,0.539
42.66,31844.3,34615.9,1.1732,1.1608,147.3,96.5,0.539
42.68,31778.9,34582.8,1.169,1.1589,147.3,96.5,0.539
42.7,31687.0,34461.2,1.1632,1.1518,147.3,96.5,0.539
42.72,31719.1,34564.0,1.1652,1.1578,147.3,96.5,0.539
42.74,31819.5,34576.6,1.1716,1.1585,147.3,96.5,0.539
42.76,31861.9,34937.6,1.1743,1.1794,147.3,96.5,0.539
42.78,32156.3,35258.3,1.193,1.198,147.3,96.5,0.539
42.8,32251.7,35581.5,1.199,1.2167,147.3,96.5,0.539
42.82,32414.5,35843.9,1.2093,1.2319,147.3,96.5,0.539
42.84,32363.0,35662.7,1.2061,1.2214,147.3,96.5,0.539
42.86,32357.5,35487.2,1.2057,1.2113,147.3,96.5,0.539
42.88,32071.1,35210.3,1.1876,1.1952,147.3,96.5,0.539
42.9,32130.5,35172.0,1.1913,1.193,147.3,96.5,0.539
42.92,32055.3,35147.9,1.1865,1.1916,147.3,96.5,0.539
42.94,32015.6,35008.8,1.184,1.1835,147.3,96.5,0.539
42.96,31994.3,34972.7,1.1827,1.1815,147.3,96.5,0.539
42.98,31961.9,34921.7,1.1806,1.1785,147.3,96.5,0.539
43.0,31842.3,34706.2,1.173,1.166,147.3,96.5,0.539
43.02,31775.9,34512.4,1.1688,1.1548,147.3,96.5,0.539
43.04,31872.5,34669.4,1.175,1.1639,147.3,96.5,0.539
43.06,31817.2,34756.1,1.1715,1.1689,147.3,96.5,0.539
43.08,31814.1,34588.5,1.1713,1.1592,147.3,96.5,0.539
43.1,31832.3,34497.7,1.1724,1.1539,147.3,96.5,0.539
43.12,31757.1,34473.5,1.1676,1.1525,147.3,96.5,0.539
43.14,31801.1,34515.3,1.1704,1.155,147.3,96.5,0.539
43.16,31874.8,34750.0,1.1751,1.1686,147.3,96.5,0.539
43.18,32146.2,35128.8,1.1923,1.1905,147.3,96.5,0.539
43.2,32342.1,35397.3,1.2047,1.2061,147.3,96.5,0.539
43.22,32410.9,35728.1,1.2091,1.2252,147.3,96.5,0.539
43.24,32362.5,35724.2,1.206,1.225,147.3,96.5,0.539
43.26,32370.8,35722.8,1.2065,1.2249,147.3,96.5,0.539
43.28,32246.7,35464.3,1.1987,1.2099,147.3,96.5,0.539
43.3,32061.9,35231.9,1.187,1.1965,147.3,96.5,0.539
43.32,32040.3,35182.2,1.1856,1.1936,147.3,96.5,0.539
43.34,32067.0,35051.9,1.1873,1.186,147.3,96.5,0.539
43.36,32023.2,35033.2,1.1845,1.185,147.3,96.5,0.539
43.38,31987.6,34897.8,1.1823,1.1771,147.3,96.5,0.539
43.4,31872.5,34715.3,1.175,1.1665,147.3,96.5,0.539
43.42,31905.7,34709.6,1.1771,1.1662,147.3,96.5,0.539
43.44,31849.8,34700.6,1.1735,1.1657,147.3,96.5,0.539
43.46,31839.0,34581.7,1.1728,1.1588,147.3,96.5,0.539
43.48,31754.8,34573.5,1.1675,1.1583,147.3,96.5,0.539
43.5,31835.3,34553.5,1.1726,1.1572,147.3,96.5,0.539
43.52,31765.6,34424.0,1.1682,1.1497,147.3,96.5,0.539
43.54,31655.7,34455.5,1.1612,1.1515,147.3,96.5,0.539
43.56,31812.3,34647.7,1.1711,1.1626,147.3,96.5,0.539
43.58,32009.3,34942.5,1.1836,1.1797,147.3,96.5,0.539
43.6,32120.2,35378.4,1.1907,1.205,147.3,96.5,0.539
43.62,32286.2,35738.4,1.2012,1.2258,147.3,96.5,0.539
43.64,32276.8,35781.5,1.2006,1.2283,147.3,96.5,0.539
43.66,32439.3,35682.7,1.2109,1.2226,147.3,96.5,0.539
43.68,32242.3,35526.7,1.1984,1.2136,147.3,96.5,0.539
43.7,32104.3,35256.8,1.1897,1.1979,147.3,96.5,0.539
43.72,32081.4,35153.1,1.1882,1.1919,147.3,96.5,0.539
43.74,31984.3,35062.0,1.182,1.1866,147.3,96.5,0.539
43.76,32045.4,35008.9,1.1859,1.1836,147.3,96.5,0.539
43.78,31913.4,34894.2,1.1776,1.1769,147.3,96.5,0.539
43.8,31866.5,34763.5,1.1746,1.1693,147.3,96.5,0.539
43.82,31892.5,34717.5,1.1762,1.1667,147.3,96.5,0.539
43.84,31896.3,34625.6,1.1765,1.1613,147.3,96.5,0.539
43.86,31897.7,34694.3,1.1766,1.1653,147.3,96.5,0.539
43.88,31838.1,34645.3,1.1728,1.1625,147.3,96.5,0.539
43.9,31843.6,34549.9,1.1731,1.157,147.3,96.5,0.539
43.92,31744.1,34458.1,1.1668,1.1516,147.3,96.5,0.539
43.94,31750.0,34530.4,1.1672,1.1558,147.3,96.5,0.539
43.96,31717.4,34603.2,1.1651,1.16,147.3,96.5,0.539
43.98,31903.7,34860.3,1.1769,1.1749,147.3,96.5,0.539
44.0,32162.0,35260.8,1.1933,1.1981,147.3,96.5,0.539
44.02,32358.7,35637.5,1.2058,1.22,147.3,96.5,0.539
44.04,32349.2,35741.7,1.2052,1.226,147.3,96.5,0.539
44.06,32387.8,35718.0,1.2076,1.2246,147.3,96.5,0.539
44.08,32283.7,35643.2,1.201,1.2203,147.3,96.5,0.539
44.1,32122.9,35344.5,1.1908,1.203,147.3,96.5,0.539
44.12,32021.1,35187.3,1.1844,1.1939,147.3,96.5,0.539
44.14,32008.9,35162.0,1.1836,1.1924,147.3,96.5,0.539
44.16,31937.7,35044.8,1.1791,1.1856,147.3,96.5,0.539
44.18,32017.1,34985.5,1.1841,1.1822,147.3,96.5,0.539
44.2,31904.6,34841.5,1.177,1.1739,147.3,96.5,0.539
44.22,31821.3,34760.6,1.1717,1.1692,147.3,96.5,0.539
44.24,31812.3,34724.6,1.1711,1.1671,147.3,96.5,0.539
44.26,31879.9,34665.2,1.1754,1.1636,147.3,96.5,0.539
44.28,31814.8,34757.5,1.1713,1.169,147.3,96.5,0.539
44.3,31798.8,34580.3,1.1703,1.1587,147.3,96.5,0.539
44.32,31734.3,34499.0,1.1662,1.154,147.3,96.5,0.539
44.34,31645.8,34481.5,1.1606,1.153,147.3,96.5,0.539
44.36,31796.3,34611.0,1.1701,1.1605,147.3,96.5,0.539
44.38,31941.1,34801.0,1.1793,1.1715,147.3,96.5,0.539
44.4,32144.5,35045.4,1.1922,1.1857,147.3,96.5,0.539
44.42,32205.7,35465.0,1.1961,1.21,147.3,96.5,0.539
44.44,32327.6,35717.4,1.2038,1.2246,147.3,96.5,0.539
44.46,32358.0,35695.4,1.2057,1.2233,147.3,96.5,0.539
44.48,32276.3,35624.0,1.2006,1.2192,147.3,96.5,0.539
44.5,32268.7,35474.6,1.2001,1.2105,147.3,96.5,0.539
44.52,32179.9,35179.9,1.1944,1.1935,147.3,96.5,0.539
44.54,32108.6,35158.9,1.1899,1.1922,147.3,96.5,0.539
44.56,32012.8,35014.9,1.1839,1.1839,147.3,96.5,0.539
44.58,32026.9,34982.7,1.1847,1.182,147.3,96.5,0.539
44.6,31919.4,34954.9,1.1779,1.1804,147.3,96.5,0.539
44.62,31771.0,34761.3,1.1685,1.1692,147.3,96.5,0.539
44.64,31881.8,34597.3,1.1756,1.1597,147.3,96.5,0.539
44.66,31795.2,34668.5,1.1701,1.1638,147.3,96.5,0.539
44.68,31887.7,34696.4,1.1759,1.1654,147.3,96.5,0.539
44.7,31879.8,34535.6,1.1754,1.1561,147.3,96.5,0.539
44.72,31813.8,34560.9,1.1712,1.1576,147.3,96.5,0.539
44.74,31735.4,34481.1,1.1663,1.153,147.3,96.5,0.539
44.76,31644.2,34478.3,1.1605,1.1528,147.3,96.5,0.539
44.78,31822.4,34639.5,1.1718,1.1622,147.3,96.5,0.539
44.8,31932.8,34909.1,1.1788,1.1778,147.3,96.5,0.539
44.82,32148.8,35240.9,1.1925,1.197,147.3,96.5,0.539
44.84,32278.4,35668.3,1.2007,1.2218,147.3,96.5,0.539
44.86,32422.6,35759.4,1.2098,1.227,147.3,96.5,0.539
44.88,32374.1,35634.7,1.2068,1.2198,147.3,96.5,0.539
44.9,32191.9,35550.2,1.1952,1.2149,147.3,96.5,0.539
44.92,32124.0,35271.7,1.1909,1.1988,147.3,96.5,0.539
44.94,32061.9,35120.2,1.187,1.19,147.3,96.5,0.539
44.96,32124.0,35139.6,1.1909,1.1911,147.3,96.5,0.539
44.98,32004.8,35032.2,1.1833,1.1849,147.3,96.5,0.539
45.0,31969.0,34988.1,1.1811,1.1824,147.3,96.5,0.539
45.02,31903.6,34837.0,1.1769,1.1736,147.3,96.5,0.539
45.04,31848.7,34699.9,1.1735,1.1656,147.3,96.5,0.539
45.06,31880.7,34654.0,1.1755,1.163,147.3,96.5,0.539
45.08,31897.4,34709.8,1.1765,1.1662,147.3,96.5,0.539
45.1,31794.6,34756.5,1.17,1.1689,147.3,96.5,0.539
45.12,31841.9,34663.4,1.173,1.1635,147.3,96.5,0.539
45.14,31802.2,34631.8,1.1705,1.1617,147.3,96.5,0.539
45.16,31722.9,34528.3,1.1655,1.1557,147.3,96.5,0.539
45.18,31790.7,34602.0,1.1698,1.16,147.3,96.5,0.539
45.2,31931.1,34794.4,1.1787,1.1711,147.3,96.5,0.539
45.22,32134.4,35252.7,1.1916,1.1977,147.3,96.5,0.539
45.24,32264.7,35624.6,1.1998,1.2192,147.3,96.5,0.539
45.26,32517.4,35651.3,1.2158,1.2208,147.3,96.5,0.539
45.28,32364.7,35717.8,1.2062,1.2246,147.3,96.5,0.539
45.3,32244.6,35657.3,1.1985,1.2211,147.3,96.5,0.539
45.32,32176.1,35314.0,1.1942,1.2012,147.3,96.5,0.539
45.34,32078.9,35276.6,1.188,1.1991,147.3,96.5,0.539
45.36,32037.1,35131.8,1.1854,1.1907,147.3,96.5,0.539
45.38,32075.8,35029.7,1.1878,1.1848,147.3,96.5,0.539
45.4,32003.9,35015.1,1.1833,1.1839,147.3,96.5,0.539
45.42,31920.3,34835.3,1.178,1.1735,147.3,96.5,0.539
45.44,31933.2,34837.7,1.1788,1.1736,147.3,96.5,0.539
45.46,31903.2,34757.5,1.1769,1.169,147.3,96.5,0.539
45.48,31805.6,34732.7,1.1707,1.1676,147.3,96.5,0.539
45.5,31799.5,34605.2,1.1703,1.1602,147.3,96.5,0.539
45.52,31889.1,34637.3,1.176,1.162,147.3,96.5,0.539
45.54,31785.8,34610.7,1.1695,1.1605,147.3,96.5,0.539
45.56,31797.6,34375.2,1.1702,1.1468,147.3,96.5,0.539
45.58,31761.8,34430.2,1.1679,1.15,147.3,96.5,0.539
45.6,31743.3,34772.1,1.1668,1.1698,147.3,96.5,0.539
45.62,31995.8,35093.7,1.1828,1.1885,147.3,96.5,0.539
45.64,32203.3,35362.2,1.1959,1.204,147.3,96.5,0.539
45.66,32414.1,35680.8,1.2093,1.2225,147.3,96.5,0.539
45.68,32285.0,35671.0,1.2011,1.2219,147.3,96.5,0.539
45.7,32288.1,35654.9,1.2013,1.221,147.3,96.5,0.539
45.72,32320.7,35455.6,1.2034,1.2094,147.3,96.5,0.539
45.74,32161.0,35281.7,1.1932,1.1994,147.3,96.5,0.539
45.76,32121.1,35241.1,1.1907,1.197,147.3,96.5,0.539
45.78,32030.8,34956.4,1.185,1.1805,147.3,96.5,0.539
45.8,32104.1,34968.1,1.1896,1.1812,147.3,96.5,0.539
45.82,31855.8,34913.3,1.1739,1.178,147.3,96.5,0.539
45.84,31893.2,34794.7,1.1763,1.1711,147.3,96.5,0.539
45.86,31898.3,34730.5,1.1766,1.1674,147.3,96.5,0.539
45.88,31791.7,34648.8,1.1698,1.1627,147.3,96.5,0.539
45.9,31849.0,34610.9,1.1735,1.1605,147.3,96.5,0.539
45.92,31858.5,34714.9,1.1741,1.1665,147.3,96.5,0.539
45.94,31689.3,34473.1,1.1633,1.1525,147.3,96.5,0.539
45.96,31773.0,34454.2,1.1687,1.1514,147.3,96.5,0.539
45.98,31787.4,34397.9,1.1696,1.1481,147.3,96.5,0.539
46.0,31881.0,34622.2,1.1755,1.1611,147.3,96.5,0.539
46.02,32033.0,34925.5,1.1851,1.1787,147.3,96.5,0.539
46.04,32166.9,35334.1,1.1936,1.2024,147.3,96.5,0.539
46.06,32312.9,35551.7,1.2029,1.215,147.3,96.5,0.539
46.08,32448.8,35812.3,1.2115,1.2301,147.3,96.5,0.539
46.1,32352.3,35668.4,1.2054,1.2218,147.3,96.5,0.539
46.12,32298.6,35494.7,1.202,1.2117,147.3,96.5,0.539
46.14,32079.5,35306.6,1.1881,1.2008,147.3,96.5,0.539
46.16,32091.5,35147.8,1.1888,1.1916,147.3,96.5,0.539
46.18,32018.2,35103.9,1.1842,1.1891,147.3,96.5,0.539
46.2,32064.6,35068.5,1.1871,1.187,147.3,96.5,0.539
46.22,31968.2,34962.9,1.181,1.1809,147.3,96.5,0.539
46.24,31937.4,34874.9,1.1791,1.1758,147.3,96.5,0.539
46.26,31847.8,34748.9,1.1734,1.1685,147.3,96.5,0.539
46.28,31840.7,34728.5,1.1729,1.1673,147.3,96.5,0.539
46.3,31894.7,34705.8,1.1764,1.166,147.3,96.5,0.539
46.32,31802.6,34639.5,1.1705,1.1621,147.3,96.5,0.539
46.34,31817.6,34524.5,1.1715,1.1555,147.3,96.5,0.539
46.36,31810.3,34508.7,1.171,1.1546,147.3,96.5,0.539
46.38,31683.1,34447.5,1.163,1.151,147.3,96.5,0.539
46.4,31800.2,34491.3,1.1704,1.1536,147.3,96.5,0.539
46.42,31932.8,34765.7,1.1788,1.1695,147.3,96.5,0.539
46.44,32041.8,35218.9,1.1857,1.1957,147.3,96.5,0.539
46.46,32181.1,35467.2,1.1945,1.2101,147.3,96.5,0.539
46.48,32359.4,35747.9,1.2058,1.2264,147.3,96.5,0.539
46.5,32320.9,35734.8,1.2034,1.2256,147.3,96.5,0.539
46.52,32255.6,35548.3,1.1992,1.2148,147.3,96.5,0.539
46.54,32241.3,35487.2,1.1983,1.2113,147.3,96.5,0.539
46.56,32100.0,35250.9,1.1894,1.1976,147.3,96.5,0.539
46.58,32048.6,35055.4,1.1861,1.1862,147.3,96.5,0.539
46.6,32058.1,35111.1,1.1867,1.1895,147.3,96.5,0.539
46.62,32051.8,34907.2,1.1863,1.1777,147.3,96.5,0.539
46.64,31969.6,34896.7,1.1811,1.1771,147.3,96.5,0.539
46.66,31917.5,34814.8,1.1778,1.1723,147.3,96.5,0.539
46.68,31815.2,34777.0,1.1713,1.1701,147.3,96.5,0.539
46.7,31832.3,34681.2,1.1724,1.1646,147.3,96.5,0.539
46.72,31925.9,34621.9,1.1783,1.1611,147.3,96.5,0.539
46.74,31794.1,34590.0,1.17,1.1593,147.3,96.5,0.539
46.76,31809.9,34607.7,1.171,1.1603,147.3,96.5,0.539
46.78,31683.8,34433.3,1.163,1.1502,147.3,96.5,0.539
46.8,31740.8,34426.3,1.1666,1.1498,147.3,96.5,0.539
46.82,31878.8,34765.4,1.1754,1.1694,147.3,96.5,0.539
46.84,31962.6,35100.8,1.1807,1.1889,147.3,96.5,0.539
46.86,32218.4,35383.6,1.1969,1.2053,147.3,96.5,0.539
46.88,32402.5,35784.9,1.2086,1.2285,147.3,96.5,0.539
46.9,32355.0,35830.0,1.2055,1.2311,147.3,96.5,0.539
46.92,32345.9,35583.1,1.205,1.2168,147.3,96.5,0.539
46.94,32243.4,35400.0,1.1985,1.2062,147.3,96.5,0.539
46.96,32153.4,35312.9,1.1928,1.2012,147.3,96.5,0.539
46.98,32038.6,35027.9,1.1855,1.1847,147.3,96.5,0.539
47.0,32047.7,35123.4,1.1861,1.1902,147.3,96.5,0.539
47.02,32083.0,35028.6,1.1883,1.1847,147.3,96.5,0.539
47.04,32031.8,34861.3,1.1851,1.175,147.3,96.5,0.539
47.06,31942.8,34821.7,1.1794,1.1727,147.3,96.5,0.539
47.08,31829.8,34769.5,1.1723,1.1697,147.3,96.5,0.539
47.1,31843.1,34664.9,1.1731,1.1636,147.3,96.5,0.539
47.12,31823.9,34645.4,1.1719,1.1625,147.3,96.5,0.539
47.14,31835.1,34672.3,1.1726,1.164,147.3,96.5,0.539
47.16,31765.1,34453.3,1.1682,1.1514,147.3,96.5,0.539
47.18,31827.3,34463.1,1.1721,1.1519,147.3,96.5,0.539
47.2,31640.0,34512.8,1.1602,1.1548,147.3,96.5,0.539
47.22,31782.4,34510.4,1.1693,1.1547,147.3,96.5,0.539
47.24,31999.8,34919.6,1.183,1.1784,147.3,96.5,0.539
47.26,32097.9,35313.4,1.1892,1.2012,147.3,96.5,0.539
47.28,32317.5,35671.4,1.2032,1.2219,147.3,96.5,0.539
47.3,32247.1,35740.2,1.1987,1.2259,147.3,96.5,0.539
47.32,32356.2,35702.9,1.2056,1.2238,147.3,96.5,0.539
47.34,32255.4,35528.6,1.1992,1.2137,147.3,96.5,0.539
47.36,32127.4,35334.0,1.1911,1.2024,147.3,96.5,0.539
47.38,32164.8,35149.7,1.1935,1.1917,147.3,96.5,0.539
47.4,32064.1,35099.7,1.1871,1.1888,147.3,96.5,0.539
47.42,32048.7,35013.6,1.1861,1.1838,147.3,96.5,0.539
47.44,31929.2,34978.9,1.1786,1.1818,147.3,96.5,0.539
47.46,31930.7,34875.7,1.1787,1.1758,147.3,96.5,0.539
47.48,31944.6,34723.1,1.1795,1.167,147.3,96.5,0.539
47.5,31904.2,34610.6,1.177,1.1605,147.3,96.5,0.539
47.52,31819.2,34612.2,1.1716,1.1606,147.3,96.5,0.539
47.54,31875.1,34595.7,1.1751,1.1596,147.3,96.5,0.539
47.56,31737.1,34556.4,1.1664,1.1573,147.3,96.5,0.539
47.58,31697.9,34527.5,1.1639,1.1557,147.3,96.5,0.539
47.6,31711.0,34446.7,1.1647,1.151,147.3,96.5,0.539
47.62,31768.0,34515.7,1.1683,1.155,147.3,96.5,0.539
47.64,31928.1,34751.7,1.1785,1.1686,147.3,96.5,0.539
47.66,32114.5,35031.8,1.1903,1.1849,147.3,96.5,0.539
47.68,32278.4,35495.0,1.2007,1.2117,147.3,96.5,0.539
47.7,32325.0,35772.7,1.2036,1.2278,147.3,96.5,0.539
47.72,32363.3,35688.6,1.2061,1.2229,147.3,96.5,0.539
47.74,32259.2,35527.7,1.1995,1.2136,147.3,96.5,0.539
47.76,32180.3,35410.7,1.1945,1.2068,147.3,96.5,0.539
47.78,32004.7,35249.4,1.1833,1.1975,147.3,96.5,0.539
47.8,32132.8,35118.4,1.1915,1.1899,147.3,96.5,0.539
47.82,31986.1,35029.0,1.1822,1.1847,147.3,96.5,0.539
47.84,31981.0,35033.0,1.1818,1.185,147.3,96.5,0.539
47.86,31966.4,34846.9,1.1809,1.1742,147.3,96.5,0.539
47.88,31909.7,34806.4,1.1773,1.1718,147.3,96.5,0.539
47.9,31907.5,34746.7,1.1772,1.1684,147.3,96.5,0.539
47.92,31852.5,34607.2,1.1737,1.1603,147.3,96.5,0.539
47.94,31832.0,34710.6,1.1724,1.1663,147.3,96.5,0.539
47.96,31798.5,34614.3,1.1703,1.1607,147.3,96.5,0.539
47.98,31754.2,34466.6,1.1675,1.1521,147.3,96.5,0.539
48.0,31724.6,34505.6,1.1656,1.1544,147.3,96.5,0.539
48.02,31845.3,34365.0,1.1732,1.1462,147.3,96.5,0.539
48.04,31896.5,34604.4,1.1765,1.1601,147.3,96.5,0.539
48.06,31947.7,35008.1,1.1797,1.1835,147.3,96.5,0.539
48.08,32153.7,35385.4,1.1928,1.2054,147.3,96.5,0.539
48.1,32195.5,35679.0,1.1954,1.2224,147.3,96.5,0.539
48.12,32322.7,35765.5,1.2035,1.2274,147.3,96.5,0.539
48.14,32334.2,35649.8,1.2042,1.2207,147.3,96.5,0.539
48.16,32186.3,35462.9,1.1948,1.2099,147.3,96.5,0.539
48.18,32165.1,35219.5,1.1935,1.1958,147.3,96.5,0.539
48.2,32047.7,35188.8,1.1861,1.194,147.3,96.5,0.539
48.22,32108.7,35062.4,1.1899,1.1867,147.3,96.5,0.539
48.24,32015.6,35043.4,1.184,1.1856,147.3,96.5,0.539
48.26,32005.1,34849.9,1.1834,1.1743,147.3,96.5,0.539
48.28,31953.1,34838.5,1.1801,1.1737,147.3,96.5,0.539
48.3,31927.7,34712.1,1.1785,1.1664,147.3,96.5,0.539
48.32,31829.5,34635.7,1.1722,1.1619,147.3,96.5,0.539
48.34,31812.9,34669.9,1.1712,1.1639,147.3,96.5,0.539
48.36,31801.7,34562.2,1.1705,1.1577,147.3,96.5,0.539
48.38,31779.6,34632.0,1.1691,1.1617,147.3,96.5,0.539
48.4,31690.4,34539.0,1.1634,1.1563,147.3,96.5,0.539
48.42,31702.9,34417.4,1.1642,1.1493,147.3,96.5,0.539
48.44,31805.6,34648.1,1.1707,1.1626,147.3,96.5,0.539
48.46,31888.8,34874.8,1.176,1.1758,147.3,96.5,0.539
48.48,32036.1,35255.3,1.1853,1.1978,147.3,96.5,0.539
48.5,32224.2,35488.2,1.1973,1.2113,147.3,96.5,0.539
48.52,32374.1,35706.7,1.2068,1.224,147.3,96.5,0.539
48.54,32418.4,35711.1,1.2096,1.2242,147.3,96.5,0.539
48.56,32231.9,35489.7,1.1977,1.2114,147.3,96.5,0.539
48.58,32183.5,35266.3,1.1947,1.1985,147.3,96.5,0.539
48.6,32134.4,35156.1,1.1916,1.1921,147.3,96.5,0.539
48.62,32026.0,35088.1,1.1847,1.1881,147.3,96.5,0.539
48.64,31980.6,35047.1,1.1818,1.1858,147.3,96.5,0.539
48.66,31957.7,35037.4,1.1804,1.1852,147.3,96.5,0.539
48.68,31875.9,34861.9,1.1752,1.175,147.3,96.5,0.539
48.7,31746.3,34811.8,1.167,1.1721,147.3,96.5,0.539
48.72,31941.2,34671.0,1.1793,1.164,147.3,96.5,0.539
48.74,31893.3,34628.5,1.1763,1.1615,147.3,96.5,0.539
48.76,31815.3,34682.6,1.1713,1.1646,147.3,96.5,0.539
48.78,31844.2,34561.2,1.1732,1.1576,147.3,96.5,0.539
48.8,31711.7,34585.0,1.1648,1.159,147.3,96.5,0.539
48.82,31577.6,34394.0,1.1563,1.1479,147.3,96.5,0.539
48.84,31734.1,34583.8,1.1662,1.1589,147.3,96.5,0.539
48.86,31811.9,34699.2,1.1711,1.1656,147.3,96.5,0.539
48.88,32018.0,35044.8,1.1842,1.1856,147.3,96.5,0.539
48.9,32203.0,35399.2,1.1959,1.2062,147.3,96.5,0.539
48.92,32394.3,35630.3,1.208,1.2196,147.3,96.5,0.539
48.94,32340.6,35776.5,1.2046,1.228,147.3,96.5,0.539
48.96,32342.3,35693.0,1.2047,1.2232,147.3,96.5,0.539
48.98,32217.7,35403.1,1.1968,1.2064,147.3,96.5,0.539
49.0,32022.9,35196.8,1.1845,1.1944,147.3,96.5,0.539
49.02,32068.4,35165.1,1.1874,1.1926,147.3,96.5,0.539
49.04,32074.9,35162.6,1.1878,1.1925,147.3,96.5,0.539
49.06,31992.2,35052.3,1.1826,1.1861,147.3,96.5,0.539
49.08,32017.6,34950.7,1.1842,1.1802,147.3,96.5,0.539
49.1,31928.2,34762.9,1.1785,1.1693,147.3,96.5,0.539
49.12,31831.7,34681.5,1.1724,1.1646,147.3,96.5,0.539
49.14,31852.1,34762.1,1.1737,1.1693,147.3,96.5,0.539
49.16,31839.9,34627.8,1.1729,1.1615,147.3,96.5,0.539
49.18,31777.4,34721.2,1.1689,1.1669,147.3,96.5,0.539
49.2,31815.3,34609.2,1.1713,1.1604,147.3,96.5,0.539
49.22,31714.3,34471.2,1.1649,1.1524,147.3,96.5,0.539
49.24,31732.7,34452.0,1.1661,1.1513,147.3,96.5,0.539
49.26,31763.7,34516.4,1.1681,1.155,147.3,96.5,0.539
49.28,31976.6,34905.9,1.1816,1.1776,147.3,96.5,0.539
49.3,32206.7,35307.7,1.1961,1.2009,147.3,96.5,0.539
49.32,32236.1,35693.2,1.198,1.2232,147.3,96.5,0.539
49.34,32402.3,35663.3,1.2085,1.2215,147.3,96.5,0.539
49.36,32301.7,35708.8,1.2022,1.2241,147.3,96.5,0.539
49.38,32200.0,35537.5,1.1957,1.2142,147.3,96.5,0.539
49.4,32114.6,35316.0,1.1903,1.2014,147.3,96.5,0.539
49.42,32060.9,35064.4,1.1869,1.1868,147.3,96.5,0.539
49.44,31955.4,35057.7,1.1802,1.1864,147.3,96.5,0.539
49.46,32090.7,35006.5,1.1888,1.1834,147.3,96.5,0.539
49.48,32060.7,34987.6,1.1869,1.1823,147.3,96.5,0.539
49.5,31935.4,34755.3,1.1789,1.1689,147.3,96.5,0.539
49.52,31934.7,34650.3,1.1789,1.1628,147.3,96.5,0.539
49.54,31792.6,34712.7,1.1699,1.1664,147.3,96.5,0.539
49.56,31809.5,34728.8,1.171,1.1673,147.3,96.5,0.539
49.58,31834.5,34682.6,1.1726,1.1646,147.3,96.5,0.539
49.6,31847.5,34547.8,1.1734,1.1568,147.3,96.5,0.539
49.62,31817.7,34412.4,1.1715,1.149,147.3,96.5,0.539
49.64,31687.6,34500.5,1.1632,1.1541,147.3,96.5,0.539
49.66,31752.4,34558.9,1.1674,1.1575,147.3,96.5,0.539
49.68,31862.5,34795.1,1.1743,1.1712,147.3,96.5,0.539
49.7,32158.2,35208.9,1.1931,1.1951,147.3,96.5,0.539
49.72,32258.5,35592.8,1.1994,1.2174,147.3,96.5,0.539
49.74,32296.0,35699.8,1.2018,1.2236,147.3,96.5,0.539
49.76,32430.0,35790.5,1.2103,1.2288,147.3,96.5,0.539
49.78,32210.2,35623.5,1.1964,1.2192,147.3,96.5,0.539
49.8,32236.9,35305.7,1.1981,1.2008,147.3,96.5,0.539
49.82,32138.2,35117.8,1.1918,1.1899,147.3,96.5,0.539
49.84,32032.1,35093.4,1.1851,1.1884,147.3,96.5,0.539
49.86,32043.6,35030.3,1.1858,1.1848,147.3,96.5,0.539
49.88,32051.0,34953.7,1.1863,1.1804,147.3,96.5,0.539
49.9,31988.1,34838.7,1.1823,1.1737,147.3,96.5,0.539
49.92,31819.2,34702.7,1.1716,1.1658,147.3,96.5,0.539
49.94,31863.7,34649.9,1.1744,1.1628,147.3,96.5,0.539
49.96,31836.0,34689.6,1.1727,1.1651,147.3,96.5,0.539
49.98,31714.3,34596.2,1.1649,1.1596,147.3,96.5,0.539
50.0,0.0,0.0,-0.8451,-0.8451,0.0,0.0,1.4
50.02,0.0,0.0,-0.8451,-0.8451,0.0,0.0,1.4
50.04,0.0,0.0,-0.8451,-0.8451,0.0,0.0,1.4
50.06,0.0,0.0,-0.8451,-0.8451,0.0,0.0,1.4
50.08,0.0,0.0,-0.8451,-0.8451,0.0,0.0,1.4
50.1,0.0,0.0,-0.8451,-0.8451,0.0,0.0,1.4
50.12,0.0,0.0,-0.8451,-0.8451,0.0,0.0,1.4
50.14,0.0,0.0,-0.8451,-0.8451,0.0,0.0,1.4
50.16,0.0,0.0,-0.8451,-0.8451,0.0,0.0,1.4
50.18,0.0,0.0,-0.8451,-0.8451,0.0,0.0,1.4
50.2,0.0,0.0,-0.8451,-0.8451,0.0,0.0,1.4
50.22,0.0,0.0,-0.8451,-0.8451,0.0,0.0,1.4
50.24,0.0,0.0,-0.8451,-0.8451,0.0,0.0,1.4
50.26,0.0,0.0,-0.8451,-0.8451,0.0,0.0,1.4
50.28,0.0,0.0,-0.8451,-0.8451,0.0,0.0,1.4
50.3,0.0,0.0,-0.8451,-0.8451,0.0,0.0,1.4
50.32,0.0,0.0,-0.8451,-0.8451,0.0,0.0,1.4
50.34,0.0,0.0,-0.8451,-0.8451,0.0,0.0,1.4
50.36,0.0,0.0,-0.8451,-0.8451,0.0,0.0,1.4
50.38,0.0,0.0,-0.8451,-0.8451,0.0,0.0,1.4
50.4,0.0,0.0,-0.8451,-0.8451,0.0,0.0,1.4
50.42,0.0,0.0,-0.8451,-0.8451,0.0,0.0,1.4
50.44,0.0,0.0,-0.8451,-0.8451,0.0,0.0,1.4
50.46,0.0,0.0,-0.8451,-0.8451,0.0,0.0,1.4
50.48,0.0,0.0,-0.8451,-0.8451,0.0,0.0,1.4
50.5,0.0,0.0,-0.8451,-0.8451,0.0,0.0,1.4
50.52,0.0,0.0,-0.8451,-0.8451,0.0,0.0,1.4
50.54,0.0,0.0,-0.8451,-0.8451,0.0,0.0,1.4
50.56,0.0,0.0,-0.8451,-0.8451,0.0,0.0,1.4
50.58,0.0,0.0,-0.8451,-0.8451,0.0,0.0,1.4
50.6,0.0,0.0,-0.8451,-0.8451,0.0,0.0,1.4
50.62,0.0,0.0,-0.8451,-0.8451,0.0,0.0,1.4
50.64,0.0,0.0,-0.8451,-0.8451,0.0,0.0,1.4
50.66,0.0,0.0,-0.8451,-0.8451,0.0,0.0,1.4
50.68,0.0,0.0,-0.8451,-0.8451,0.0,0.0,1.4
50.7,0.0,0.0,-0.8451,-0.8451,0.0,0.0,1.4
50.72,0.0,0.0,-0.8451,-0.8451,0.0,0.0,1.4
50.74,0.0,0.0,-0.8451,-0.8451,0.0,0.0,1.4
50.76,0.0,0.0,-0.8451,-0.8451,0.0,0.0,1.4
50.78,0.0,0.0,-0.8451,-0.8451,0.0,0.0,1.4
50.8,0.0,0.0,-0.8451,-0.8451,0.0,0.0,1.4
50.82,0.0,0.0,-0.8451,-0.8451,0.0,0.0,1.4
50.84,0.0,0.0,-0.8451,-0.8451,0.0,0.0,1.4
50.86,0.0,0.0,-0.8451,-0.8451,0.0,0.0,1.4
50.88,0.0,0.0,-0.8451,-0.8451,0.0,0.0,1.4
50.9,0.0,0.0,-0.8451,-0.8451,0.0,0.0,1.4
50.92,0.0,0.0,-0.8451,-0.8451,0.0,0.0,1.4
50.94,0.0,0.0,-0.8451,-0.8451,0.0,0.0,1.4
50.96,0.0,0.0,-0.8451,-0.8451,0.0,0.0,1.4
50.98,0.0,0.0,-0.8451,-0.8451,0.0,0.0,1.4
51.0,0.0,0.0,-0.8451,-0.8451,0.0,0.0,1.4
51.02,0.0,0.0,-0.8451,-0.8451,0.0,0.0,1.4
51.04,0.0,0.0,-0.8451,-0.8451,0.0,0.0,1.4
51.06,0.0,0.0,-0.8451,-0.8451,0.0,0.0,1.4
51.08,0.0,0.0,-0.8451,-0.8451,0.0,0.0,1.4
51.1,0.0,0.0,-0.8451,-0.8451,0.0,0.0,1.4
51.12,0.0,0.0,-0.8451,-0.8451,0.0,0.0,1.4
51.14,0.0,0.0,-0.8451,-0.8451,0.0,0.0,1.4
51.16,0.0,0.0,-0.8451,-0.8451,0.0,0.0,1.4
51.18,0.0,0.0,-0.8451,-0.8451,0.0,0.0,1.4
51.2,0.0,0.0,-0.8451,-0.8451,0.0,0.0,1.4
51.22,0.0,0.0,-0.8451,-0.8451,0.0,0.0,1.4
51.24,0.0,0.0,-0.8451,-0.8451,0.0,0.0,1.4
51.26,0.0,0.0,-0.8451,-0.8451,0.0,0.0,1.4
51.28,0.0,0.0,-0.8451,-0.8451,0.0,0.0,1.4
51.3,0.0,0.0,-0.8451,-0.8451,0.0,0.0,1.4
51.32,0.0,0.0,-0.8451,-0.8451,0.0,0.0,1.4
51.34,0.0,0.0,-0.8451,-0.8451,0.0,0.0,1.4
51.36,0.0,0.0,-0.8451,-0.8451,0.0,0.0,1.4
51.38,0.0,0.0,-0.8451,-0.8451,0.0,0.0,1.4
51.4,0.0,0.0,-0.8451,-0.8451,0.0,0.0,1.4
51.42,0.0,0.0,-0.8451,-0.8451,0.0,0.0,1.4
51.44,0.0,0.0,-0.8451,-0.8451,0.0,0.0,1.4
51.46,0.0,0.0,-0.8451,-0.8451,0.0,0.0,1.4
51.48,0.0,0.0,-0.8451,-0.8451,0.0,0.0,1.4
51.5,0.0,0.0,-0.8451,-0.8451,0.0,0.0,1.4
51.52,0.0,0.0,-0.8451,-0.8451,0.0,0.0,1.4
51.54,0.0,0.0,-0.8451,-0.8451,0.0,0.0,1.4
51.56,0.0,0.0,-0.8451,-0.8451,0.0,0.0,1.4
51.58,0.0,0.0,-0.8451,-0.8451,0.0,0.0,1.4
51.6,0.0,0.0,-0.8451,-0.8451,0.0,0.0,1.4
51.62,0.0,0.0,-0.8451,-0.8451,0.0,0.0,1.4
51.64,0.0,0.0,-0.8451,-0.8451,0.0,0.0,1.4
51.66,0.0,0.0,-0.8451,-0.8451,0.0,0.0,1.4
51.68,0.0,0.0,-0.8451,-0.8451,0.0,0.0,1.4
51.7,0.0,0.0,-0.8451,-0.8451,0.0,0.0,1.4
51.72,0.0,0.0,-0.8451,-0.8451,0.0,0.0,1.4
51.74,0.0,0.0,-0.8451,-0.8451,0.0,0.0,1.4
51.76,0.0,0.0,-0.8451,-0.8451,0.0,0.0,1.4
51.78,0.0,0.0,-0.8451,-0.8451,0.0,0.0,1.4
51.8,0.0,0.0,-0.8451,-0.8451,0.0,0.0,1.4
51.82,0.0,0.0,-0.8451,-0.8451,0.0,0.0,1.4
51.84,0.0,0.0,-0.8451,-0.8451,0.0,0.0,1.4
51.86,0.0,0.0,-0.8451,-0.8451,0.0,0.0,1.4
51.88,0.0,0.0,-0.8451,-0.8451,0.0,0.0,1.4
51.9,0.0,0.0,-0.8451,-0.8451,0.0,0.0,1.4
51.92,0.0,0.0,-0.8451,-0.8451,0.0,0.0,1.4
51.94,0.0,0.0,-0.8451,-0.8451,0.0,0.0,1.4
51.96,0.0,0.0,-0.8451,-0.8451,0.0,0.0,1.4
51.98,0.0,0.0,-0.8451,-0.8451,0.0,0.0,1.4
52.0,0.0,0.0,-0.8451,-0.8451,0.0,0.0,1.4
52.02,0.0,0.0,-0.8451,-0.8451,0.0,0.0,1.4
52.04,0.0,0.0,-0.8451,-0.8451,0.0,0.0,1.4
52.06,0.0,0.0,-0.8451,-0.8451,0.0,0.0,1.4
52.08,0.0,0.0,-0.8451,-0.8451,0.0,0.0,1.4
52.1,0.0,0.0,-0.8451,-0.8451,0.0,0.0,1.4
52.12,0.0,0.0,-0.8451,-0.8451,0.0,0.0,1.4
52.14,0.0,0.0,-0.8451,-0.8451,0.0,0.0,1.4
52.16,0.0,0.0,-0.8451,-0.8451,0.0,0.0,1.4
52.18,0.0,0.0,-0.8451,-0.8451,0.0,0.0,1.4
52.2,0.0,0.0,-0.8451,-0.8451,0.0,0.0,1.4
52.22,0.0,0.0,-0.8451,-0.8451,0.0,0.0,1.4
52.24,0.0,0.0,-0.8451,-0.8451,0.0,0.0,1.4
52.26,0.0,0.0,-0.8451,-0.8451,0.0,0.0,1.4
52.28,0.0,0.0,-0.8451,-0.8451,0.0,0.0,1.4
52.3,0.0,0.0,-0.8451,-0.8451,0.0,0.0,1.4
52.32,0.0,0.0,-0.8451,-0.8451,0.0,0.0,1.4
52.34,0.0,0.0,-0.8451,-0.8451,0.0,0.0,1.4
52.36,0.0,0.0,-0.8451,-0.8451,0.0,0.0,1.4
52.38,0.0,0.0,-0.8451,-0.8451,0.0,0.0,1.4
52.4,0.0,0.0,-0.8451,-0.8451,0.0,0.0,1.4
52.42,0.0,0.0,-0.8451,-0.8451,0.0,0.0,1.4
52.44,0.0,0.0,-0.8451,-0.8451,0.0,0.0,1.4
52.46,0.0,0.0,-0.8451,-0.8451,0.0,0.0,1.4
52.48,0.0,0.0,-0.8451,-0.8451,0.0,0.0,1.4
52.5,0.0,0.0,-0.8451,-0.8451,0.0,0.0,1.4
52.52,0.0,0.0,-0.8451,-0.8451,0.0,0.0,1.4
52.54,0.0,0.0,-0.8451,-0.8451,0.0,0.0,1.4
52.56,0.0,0.0,-0.8451,-0.8451,0.0,0.0,1.4
52.58,0.0,0.0,-0.8451,-0.8451,0.0,0.0,1.4
52.6,0.0,0.0,-0.8451,-0.8451,0.0,0.0,1.4
52.62,0.0,0.0,-0.8451,-0.8451,0.0,0.0,1.4
52.64,0.0,0.0,-0.8451,-0.8451,0.0,0.0,1.4
52.66,0.0,0.0,-0.8451,-0.8451,0.0,0.0,1.4
52.68,0.0,0.0,-0.8451,-0.8451,0.0,0.0,1.4
52.7,0.0,0.0,-0.8451,-0.8451,0.0,0.0,1.4
52.72,0.0,0.0,-0.8451,-0.8451,0.0,0.0,1.4
52.74,0.0,0.0,-0.8451,-0.8451,0.0,0.0,1.4
52.76,0.0,0.0,-0.8451,-0.8451,0.0,0.0,1.4
52.78,0.0,0.0,-0.8451,-0.8451,0.0,0.0,1.4
52.8,0.0,0.0,-0.8451,-0.8451,0.0,0.0,1.4
52.82,0.0,0.0,-0.8451,-0.8451,0.0,0.0,1.4
52.84,0.0,0.0,-0.8451,-0.8451,0.0,0.0,1.4
52.86,0.0,0.0,-0.8451,-0.8451,0.0,0.0,1.4
52.88,0.0,0.0,-0.8451,-0.8451,0.0,0.0,1.4
52.9,0.0,0.0,-0.8451,-0.8451,0.0,0.0,1.4
52.92,0.0,0.0,-0.8451,-0.8451,0.0,0.0,1.4
52.94,0.0,0.0,-0.8451,-0.8451,0.0,0.0,1.4
52.96,0.0,0.0,-0.8451,-0.8451,0.0,0.0,1.4
52.98,0.0,0.0,-0.8451,-0.8451,0.0,0.0,1.4
53.0,0.0,0.0,-0.8451,-0.8451,0.0,0.0,1.4
53.02,0.0,0.0,-0.8451,-0.8451,0.0,0.0,1.4
53.04,0.0,0.0,-0.8451,-0.8451,0.0,0.0,1.4
53.06,0.0,0.0,-0.8451,-0.8451,0.0,0.0,1.4
53.08,0.0,0.0,-0.8451,-0.8451,0.0,0.0,1.4
53.1,0.0,0.0,-0.8451,-0.8451,0.0,0.0,1.4
53.12,0.0,0.0,-0.8451,-0.8451,0.0,0.0,1.4
53.14,0.0,0.0,-0.8451,-0.8451,0.0,0.0,1.4
53.16,0.0,0.0,-0.8451,-0.8451,0.0,0.0,1.4
53.18,0.0,0.0,-0.8451,-0.8451,0.0,0.0,1.4
53.2,0.0,0.0,-0.8451,-0.8451,0.0,0.0,1.4
53.22,0.0,0.0,-0.8451,-0.8451,0.0,0.0,1.4
53.24,0.0,0.0,-0.8451,-0.8451,0.0,0.0,1.4
53.26,0.0,0.0,-0.8451,-0.8451,0.0,0.0,1.4
53.28,0.0,0.0,-0.8451,-0.8451,0.0,0.0,1.4
53.3,0.0,0.0,-0.8451,-0.8451,0.0,0.0,1.4
53.32,0.0,0.0,-0.8451,-0.8451,0.0,0.0,1.4
53.34,0.0,0.0,-0.8451,-0.8451,0.0,0.0,1.4
53.36,0.0,0.0,-0.8451,-0.8451,0.0,0.0,1.4
53.38,0.0,0.0,-0.8451,-0.8451,0.0,0.0,1.4
53.4,0.0,0.0,-0.8451,-0.8451,0.0,0.0,1.4
53.42,0.0,0.0,-0.8451,-0.8451,0.0,0.0,1.4
53.44,0.0,0.0,-0.8451,-0.8451,0.0,0.0,1.4
53.46,0.0,0.0,-0.8451,-0.8451,0.0,0.0,1.4
53.48,0.0,0.0,-0.8451,-0.8451,0.0,0.0,1.4
53.5,0.0,0.0,-0.8451,-0.8451,0.0,0.0,1.4
53.52,0.0,0.0,-0.8451,-0.8451,0.0,0.0,1.4
53.54,0.0,0.0,-0.8451,-0.8451,0.0,0.0,1.4
53.56,0.0,0.0,-0.8451,-0.8451,0.0,0.0,1.4
53.58,0.0,0.0,-0.8451,-0.8451,0.0,0.0,1.4
53.6,0.0,0.0,-0.8451,-0.8451,0.0,0.0,1.4
53.62,0.0,0.0,-0.8451,-0.8451,0.0,0.0,1.4
53.64,0.0,0.0,-0.8451,-0.8451,0.0,0.0,1.4
53.66,0.0,0.0,-0.8451,-0.8451,0.0,0.0,1.4
53.68,0.0,0.0,-0.8451,-0.8451,0.0,0.0,1.4
53.7,0.0,0.0,-0.8451,-0.8451,0.0,0.0,1.4
53.72,0.0,0.0,-0.8451,-0.8451,0.0,0.0,1.4
53.74,0.0,0.0,-0.8451,-0.8451,0.0,0.0,1.4
53.76,0.0,0.0,-0.8451,-0.8451,0.0,0.0,1.4
53.78,0.0,0.0,-0.8451,-0.8451,0.0,0.0,1.4
53.8,0.0,0.0,-0.8451,-0.8451,0.0,0.0,1.4
53.82,0.0,0.0,-0.8451,-0.8451,0.0,0.0,1.4
53.84,0.0,0.0,-0.8451,-0.8451,0.0,0.0,1.4
53.86,0.0,0.0,-0.8451,-0.8451,0.0,0.0,1.4
53.88,0.0,0.0,-0.8451,-0.8451,0.0,0.0,1.4
53.9,0.0,0.0,-0.8451,-0.8451,0.0,0.0,1.4
53.92,0.0,0.0,-0.8451,-0.8451,0.0,0.0,1.4
53.94,0.0,0.0,-0.8451,-0.8451,0.0,0.0,1.4
53.96,0.0,0.0,-0.8451,-0.8451,0.0,0.0,1.4
53.98,0.0,0.0,-0.8451,-0.8451,0.0,0.0,1.4
54.0,0.0,0.0,-0.8451,-0.8451,0.0,0.0,1.4
54.02,0.0,0.0,-0.8451,-0.8451,0.0,0.0,1.4
54.04,0.0,0.0,-0.8451,-0.8451,0.0,0.0,1.4
54.06,0.0,0.0,-0.8451,-0.8451,0.0,0.0,1.4
54.08,0.0,0.0,-0.8451,-0.8451,0.0,0.0,1.4
54.1,0.0,0.0,-0.8451,-0.8451,0.0,0.0,1.4
54.12,0.0,0.0,-0.8451,-0.8451,0.0,0.0,1.4
54.14,0.0,0.0,-0.8451,-0.8451,0.0,0.0,1.4
54.16,0.0,0.0,-0.8451,-0.8451,0.0,0.0,1.4
54.18,0.0,0.0,-0.8451,-0.8451,0.0,0.0,1.4
54.2,0.0,0.0,-0.8451,-0.8451,0.0,0.0,1.4
54.22,0.0,0.0,-0.8451,-0.8451,0.0,0.0,1.4
54.24,0.0,0.0,-0.8451,-0.8451,0.0,0.0,1.4
54.26,0.0,0.0,-0.8451,-0.8451,0.0,0.0,1.4
54.28,0.0,0.0,-0.8451,-0.8451,0.0,0.0,1.4
54.3,0.0,0.0,-0.8451,-0.8451,0.0,0.0,1.4
54.32,0.0,0.0,-0.8451,-0.8451,0.0,0.0,1.4
54.34,0.0,0.0,-0.8451,-0.8451,0.0,0.0,1.4
54.36,0.0,0.0,-0.8451,-0.8451,0.0,0.0,1.4
54.38,0.0,0.0,-0.8451,-0.8451,0.0,0.0,1.4
54.4,0.0,0.0,-0.8451,-0.8451,0.0,0.0,1.4
54.42,0.0,0.0,-0.8451,-0.8451,0.0,0.0,1.4
54.44,0.0,0.0,-0.8451,-0.8451,0.0,0.0,1.4
54.46,0.0,0.0,-0.8451,-0.8451,0.0,0.0,1.4
54.48,0.0,0.0,-0.8451,-0.8451,0.0,0.0,1.4
54.5,0.0,0.0,-0.8451,-0.8451,0.0,0.0,1.4
54.52,0.0,0.0,-0.8451,-0.8451,0.0,0.0,1.4
54.54,0.0,0.0,-0.8451,-0.8451,0.0,0.0,1.4
54.56,0.0,0.0,-0.8451,-0.8451,0.0,0.0,1.4
54.58,0.0,0.0,-0.8451,-0.8451,0.0,0.0,1.4
54.6,0.0,0.0,-0.8451,-0.8451,0.0,0.0,1.4
54.62,0.0,0.0,-0.8451,-0.8451,0.0,0.0,1.4
54.64,0.0,0.0,-0.8451,-0.8451,0.0,0.0,1.4
54.66,0.0,0.0,-0.8451,-0.8451,0.0,0.0,1.4
54.68,0.0,0.0,-0.8451,-0.8451,0.0,0.0,1.4
54.7,0.0,0.0,-0.8451,-0.8451,0.0,0.0,1.4
54.72,0.0,0.0,-0.8451,-0.8451,0.0,0.0,1.4
54.74,0.0,0.0,-0.8451,-0.8451,0.0,0.0,1.4
54.76,0.0,0.0,-0.8451,-0.8451,0.0,0.0,1.4
54.78,0.0,0.0,-0.8451,-0.8451,0.0,0.0,1.4
54.8,0.0,0.0,-0.8451,-0.8451,0.0,0.0,1.4
54.82,0.0,0.0,-0.8451,-0.8451,0.0,0.0,1.4
54.84,0.0,0.0,-0.8451,-0.8451,0.0,0.0,1.4
54.86,0.0,0.0,-0.8451,-0.8451,0.0,0.0,1.4
54.88,0.0,0.0,-0.8451,-0.8451,0.0,0.0,1.4
54.9,0.0,0.0,-0.8451,-0.8451,0.0,0.0,1.4
54.92,0.0,0.0,-0.8451,-0.8451,0.0,0.0,1.4
54.94,0.0,0.0,-0.8451,-0.8451,0.0,0.0,1.4
54.96,0.0,0.0,-0.8451,-0.8451,0.0,0.0,1.4
54.98,0.0,0.0,-0.8451,-0.8451,0.0,0.0,1.4
55.0,0.0,0.0,-0.8451,-0.8451,0.0,0.0,1.4
55.02,0.0,0.0,-0.8451,-0.8451,0.0,0.0,1.4
55.04,0.0,0.0,-0.8451,-0.8451,0.0,0.0,1.4
55.06,0.0,0.0,-0.8451,-0.8451,0.0,0.0,1.4
55.08,0.0,0.0,-0.8451,-0.8451,0.0,0.0,1.4
55.1,0.0,0.0,-0.8451,-0.8451,0.0,0.0,1.4
55.12,0.0,0.0,-0.8451,-0.8451,0.0,0.0,1.4
55.14,0.0,0.0,-0.8451,-0.8451,0.0,0.0,1.4
55.16,0.0,0.0,-0.8451,-0.8451,0.0,0.0,1.4
55.18,0.0,0.0,-0.8451,-0.8451,0.0,0.0,1.4
55.2,0.0,0.0,-0.8451,-0.8451,0.0,0.0,1.4
55.22,0.0,0.0,-0.8451,-0.8451,0.0,0.0,1.4
55.24,0.0,0.0,-0.8451,-0.8451,0.0,0.0,1.4
55.26,0.0,0.0,-0.8451,-0.8451,0.0,0.0,1.4
55.28,0.0,0.0,-0.8451,-0.8451,0.0,0.0,1.4
55.3,0.0,0.0,-0.8451,-0.8451,0.0,0.0,1.4
55.32,0.0,0.0,-0.8451,-0.8451,0.0,0.0,1.4
55.34,0.0,0.0,-0.8451,-0.8451,0.0,0.0,1.4
55.36,0.0,0.0,-0.8451,-0.8451,0.0,0.0,1.4
55.38,0.0,0.0,-0.8451,-0.8451,0.0,0.0,1.4
55.4,0.0,0.0,-0.8451,-0.8451,0.0,0.0,1.4
55.42,0.0,0.0,-0.8451,-0.8451,0.0,0.0,1.4
55.44,0.0,0.0,-0.8451,-0.8451,0.0,0.0,1.4
55.46,0.0,0.0,-0.8451,-0.8451,0.0,0.0,1.4
55.48,0.0,0.0,-0.8451,-0.8451,0.0,0.0,1.4
55.5,0.0,0.0,-0.8451,-0.8451,0.0,0.0,1.4
55.52,0.0,0.0,-0.8451,-0.8451,0.0,0.0,1.4
55.54,0.0,0.0,-0.8451,-0.8451,0.0,0.0,1.4
55.56,0.0,0.0,-0.8451,-0.8451,0.0,0.0,1.4
55.58,0.0,0.0,-0.8451,-0.8451,0.0,0.0,1.4
55.6,0.0,0.0,-0.8451,-0.8451,0.0,0.0,1.4
55.62,0.0,0.0,-0.8451,-0.8451,0.0,0.0,1.4
55.64,0.0,0.0,-0.8451,-0.8451,0.0,0.0,1.4
55.66,0.0,0.0,-0.8451,-0.8451,0.0,0.0,1.4
55.68,0.0,0.0,-0.8451,-0.8451,0.0,0.0,1.4
55.7,0.0,0.0,-0.8451,-0.8451,0.0,0.0,1.4
55.72,0.0,0.0,-0.8451,-0.8451,0.0,0.0,1.4
55.74,0.0,0.0,-0.8451,-0.8451,0.0,0.0,1.4
55.76,0.0,0.0,-0.8451,-0.8451,0.0,0.0,1.4
55.78,0.0,0.0,-0.8451,-0.8451,0.0,0.0,1.4
55.8,0.0,0.0,-0.8451,-0.8451,0.0,0.0,1.4
55.82,0.0,0.0,-0.8451,-0.8451,0.0,0.0,1.4
55.84,0.0,0.0,-0.8451,-0.8451,0.0,0.0,1.4
55.86,0.0,0.0,-0.8451,-0.8451,0.0,0.0,1.4
55.88,0.0,0.0,-0.8451,-0.8451,0.0,0.0,1.4
55.9,0.0,0.0,-0.8451,-0.8451,0.0,0.0,1.4
55.92,0.0,0.0,-0.8451,-0.8451,0.0,0.0,1.4
55.94,0.0,0.0,-0.8451,-0.8451,0.0,0.0,1.4
55.96,0.0,0.0,-0.8451,-0.8451,0.0,0.0,1.4
55.98,0.0,0.0,-0.8451,-0.8451,0.0,0.0,1.4
56.0,0.0,0.0,-0.8451,-0.8451,0.0,0.0,1.4
56.02,0.0,0.0,-0.8451,-0.8451,0.0,0.0,1.4
56.04,0.0,0.0,-0.8451,-0.8451,0.0,0.0,1.4
56.06,0.0,0.0,-0.8451,-0.8451,0.0,0.0,1.4
56.08,0.0,0.0,-0.8451,-0.8451,0.0,0.0,1.4
56.1,0.0,0.0,-0.8451,-0.8451,0.0,0.0,1.4
56.12,0.0,0.0,-0.8451,-0.8451,0.0,0.0,1.4
56.14,0.0,0.0,-0.8451,-0.8451,0.0,0.0,1.4
56.16,0.0,0.0,-0.8451,-0.8451,0.0,0.0,1.4
56.18,0.0,0.0,-0.8451,-0.8451,0.0,0.0,1.4
56.2,0.0,0.0,-0.8451,-0.8451,0.0,0.0,1.4
56.22,0.0,0.0,-0.8451,-0.8451,0.0,0.0,1.4
56.24,0.0,0.0,-0.8451,-0.8451,0.0,0.0,1.4
56.26,0.0,0.0,-0.8451,-0.8451,0.0,0.0,1.4
56.28,0.0,0.0,-0.8451,-0.8451,0.0,0.0,1.4
56.3,0.0,0.0,-0.8451,-0.8451,0.0,0.0,1.4
56.32,0.0,0.0,-0.8451,-0.8451,0.0,0.0,1.4
56.34,0.0,0.0,-0.8451,-0.8451,0.0,0.0,1.4
56.36,0.0,0.0,-0.8451,-0.8451,0.0,0.0,1.4
56.38,0.0,0.0,-0.8451,-0.8451,0.0,0.0,1.4
56.4,0.0,0.0,-0.8451,-0.8451,0.0,0.0,1.4
56.42,0.0,0.0,-0.8451,-0.8451,0.0,0.0,1.4
56.44,0.0,0.0,-0.8451,-0.8451,0.0,0.0,1.4
56.46,0.0,0.0,-0.8451,-0.8451,0.0,0.0,1.4
56.48,0.0,0.0,-0.8451,-0.8451,0.0,0.0,1.4
56.5,0.0,0.0,-0.8451,-0.8451,0.0,0.0,1.4
56.52,0.0,0.0,-0.8451,-0.8451,0.0,0.0,1.4
56.54,0.0,0.0,-0.8451,-0.8451,0.0,0.0,1.4
56.56,0.0,0.0,-0.8451,-0.8451,0.0,0.0,1.4
56.58,0.0,0.0,-0.8451,-0.8451,0.0,0.0,1.4
56.6,0.0,0.0,-0.8451,-0.8451,0.0,0.0,1.4
56.62,0.0,0.0,-0.8451,-0.8451,0.0,0.0,1.4
56.64,0.0,0.0,-0.8451,-0.8451,0.0,0.0,1.4
56.66,0.0,0.0,-0.8451,-0.8451,0.0,0.0,1.4
56.68,0.0,0.0,-0.8451,-0.8451,0.0,0.0,1.4
56.7,0.0,0.0,-0.8451,-0.8451,0.0,0.0,1.4
56.72,0.0,0.0,-0.8451,-0.8451,0.0,0.0,1.4
56.74,0.0,0.0,-0.8451,-0.8451,0.0,0.0,1.4
56.76,0.0,0.0,-0.8451,-0.8451,0.0,0.0,1.4
56.78,0.0,0.0,-0.8451,-0.8451,0.0,0.0,1.4
56.8,0.0,0.0,-0.8451,-0.8451,0.0,0.0,1.4
56.82,0.0,0.0,-0.8451,-0.8451,0.0,0.0,1.4
56.84,0.0,0.0,-0.8451,-0.8451,0.0,0.0,1.4
56.86,0.0,0.0,-0.8451,-0.8451,0.0,0.0,1.4
56.88,0.0,0.0,-0.8451,-0.8451,0.0,0.0,1.4
56.9,0.0,0.0,-0.8451,-0.8451,0.0,0.0,1.4
56.92,0.0,0.0,-0.8451,-0.8451,0.0,0.0,1.4
56.94,0.0,0.0,-0.8451,-0.8451,0.0,0.0,1.4
56.96,0.0,0.0,-0.8451,-0.8451,0.0,0.0,1.4
56.98,0.0,0.0,-0.8451,-0.8451,0.0,0.0,1.4
57.0,0.0,0.0,-0.8451,-0.8451,0.0,0.0,1.4
57.02,0.0,0.0,-0.8451,-0.8451,0.0,0.0,1.4
57.04,0.0,0.0,-0.8451,-0.8451,0.0,0.0,1.4
57.06,0.0,0.0,-0.8451,-0.8451,0.0,0.0,1.4
57.08,0.0,0.0,-0.8451,-0.8451,0.0,0.0,1.4
57.1,0.0,0.0,-0.8451,-0.8451,0.0,0.0,1.4
57.12,0.0,0.0,-0.8451,-0.8451,0.0,0.0,1.4
57.14,0.0,0.0,-0.8451,-0.8451,0.0,0.0,1.4
57.16,0.0,0.0,-0.8451,-0.8451,0.0,0.0,1.4
57.18,0.0,0.0,-0.8451,-0.8451,0.0,0.0,1.4
57.2,0.0,0.0,-0.8451,-0.8451,0.0,0.0,1.4
57.22,0.0,0.0,-0.8451,-0.8451,0.0,0.0,1.4
57.24,0.0,0.0,-0.8451,-0.8451,0.0,0.0,1.4
57.26,0.0,0.0,-0.8451,-0.8451,0.0,0.0,1.4
57.28,0.0,0.0,-0.8451,-0.8451,0.0,0.0,1.4
57.3,0.0,0.0,-0.8451,-0.8451,0.0,0.0,1.4
57.32,0.0,0.0,-0.8451,-0.8451,0.0,0.0,1.4
57.34,0.0,0.0,-0.8451,-0.8451,0.0,0.0,1.4
57.36,0.0,0.0,-0.8451,-0.8451,0.0,0.0,1.4
57.38,0.0,0.0,-0.8451,-0.8451,0.0,0.0,1.4
57.4,0.0,0.0,-0.8451,-0.8451,0.0,0.0,1.4
57.42,0.0,0.0,-0.8451,-0.8451,0.0,0.0,1.4
57.44,0.0,0.0,-0.8451,-0.8451,0.0,0.0,1.4
57.46,0.0,0.0,-0.8451,-0.8451,0.0,0.0,1.4
57.48,0.0,0.0,-0.8451,-0.8451,0.0,0.0,1.4
57.5,0.0,0.0,-0.8451,-0.8451,0.0,0.0,1.4
57.52,0.0,0.0,-0.8451,-0.8451,0.0,0.0,1.4
57.54,0.0,0.0,-0.8451,-0.8451,0.0,0.0,1.4
57.56,0.0,0.0,-0.8451,-0.8451,0.0,0.0,1.4
57.58,0.0,0.0,-0.8451,-0.8451,0.0,0.0,1.4
57.6,0.0,0.0,-0.8451,-0.8451,0.0,0.0,1.4
57.62,0.0,0.0,-0.8451,-0.8451,0.0,0.0,1.4
57.64,0.0,0.0,-0.8451,-0.8451,0.0,0.0,1.4
57.66,0.0,0.0,-0.8451,-0.8451,0.0,0.0,1.4
57.68,0.0,0.0,-0.8451,-0.8451,0.0,0.0,1.4
57.7,0.0,0.0,-0.8451,-0.8451,0.0,0.0,1.4
57.72,0.0,0.0,-0.8451,-0.8451,0.0,0.0,1.4
57.74,0.0,0.0,-0.8451,-0.8451,0.0,0.0,1.4
57.76,0.0,0.0,-0.8451,-0.8451,0.0,0.0,1.4
57.78,0.0,0.0,-0.8451,-0.8451,0.0,0.0,1.4
57.8,0.0,0.0,-0.8451,-0.8451,0.0,0.0,1.4
57.82,0.0,0.0,-0.8451,-0.8451,0.0,0.0,1.4
57.84,0.0,0.0,-0.8451,-0.8451,0.0,0.0,1.4
57.86,0.0,0.0,-0.8451,-0.8451,0.0,0.0,1.4
57.88,0.0,0.0,-0.8451,-0.8451,0.0,0.0,1.4
57.9,0.0,0.0,-0.8451,-0.8451,0.0,0.0,1.4
57.92,0.0,0.0,-0.8451,-0.8451,0.0,0.0,1.4
57.94,0.0,0.0,-0.8451,-0.8451,0.0,0.0,1.4
57.96,0.0,0.0,-0.8451,-0.8451,0.0,0.0,1.4
57.98,0.0,0.0,-0.8451,-0.8451,0.0,0.0,1.4
58.0,0.0,0.0,-0.8451,-0.8451,0.0,0.0,1.4
58.02,0.0,0.0,-0.8451,-0.8451,0.0,0.0,1.4
58.04,0.0,0.0,-0.8451,-0.8451,0.0,0.0,1.4
58.06,0.0,0.0,-0.8451,-0.8451,0.0,0.0,1.4
58.08,0.0,0.0,-0.8451,-0.8451,0.0,0.0,1.4
58.1,0.0,0.0,-0.8451,-0.8451,0.0,0.0,1.4
58.12,0.0,0.0,-0.8451,-0.8451,0.0,0.0,1.4
58.14,0.0,0.0,-0.8451,-0.8451,0.0,0.0,1.4
58.16,0.0,0.0,-0.8451,-0.8451,0.0,0.0,1.4
58.18,0.0,0.0,-0.8451,-0.8451,0.0,0.0,1.4
58.2,0.0,0.0,-0.8451,-0.8451,0.0,0.0,1.4
58.22,0.0,0.0,-0.8451,-0.8451,0.0,0.0,1.4
58.24,0.0,0.0,-0.8451,-0.8451,0.0,0.0,1.4
58.26,0.0,0.0,-0.8451,-0.8451,0.0,0.0,1.4
58.28,0.0,0.0,-0.8451,-0.8451,0.0,0.0,1.4
58.3,0.0,0.0,-0.8451,-0.8451,0.0,0.0,1.4
58.32,0.0,0.0,-0.8451,-0.8451,0.0,0.0,1.4
58.34,0.0,0.0,-0.8451,-0.8451,0.0,0.0,1.4
58.36,0.0,0.0,-0.8451,-0.8451,0.0,0.0,1.4
58.38,0.0,0.0,-0.8451,-0.8451,0.0,0.0,1.4
58.4,0.0,0.0,-0.8451,-0.8451,0.0,0.0,1.4
58.42,0.0,0.0,-0.8451,-0.8451,0.0,0.0,1.4
58.44,0.0,0.0,-0.8451,-0.8451,0.0,0.0,1.4
58.46,0.0,0.0,-0.8451,-0.8451,0.0,0.0,1.4
58.48,0.0,0.0,-0.8451,-0.8451,0.0,0.0,1.4
58.5,0.0,0.0,-0.8451,-0.8451,0.0,0.0,1.4
58.52,0.0,0.0,-0.8451,-0.8451,0.0,0.0,1.4
58.54,0.0,0.0,-0.8451,-0.8451,0.0,0.0,1.4
58.56,0.0,0.0,-0.8451,-0.8451,0.0,0.0,1.4
58.58,0.0,0.0,-0.8451,-0.8451,0.0,0.0,1.4
58.6,0.0,0.0,-0.8451,-0.8451,0.0,0.0,1.4
58.62,0.0,0.0,-0.8451,-0.8451,0.0,0.0,1.4
58.64,0.0,0.0,-0.8451,-0.8451,0.0,0.0,1.4
58.66,0.0,0.0,-0.8451,-0.8451,0.0,0.0,1.4
58.68,0.0,0.0,-0.8451,-0.8451,0.0,0.0,1.4
58.7,0.0,0.0,-0.8451,-0.8451,0.0,0.0,1.4
58.72,0.0,0.0,-0.8451,-0.8451,0.0,0.0,1.4
58.74,0.0,0.0,-0.8451,-0.8451,0.0,0.0,1.4
58.76,0.0,0.0,-0.8451,-0.8451,0.0,0.0,1.4
58.78,0.0,0.0,-0.8451,-0.8451,0.0,0.0,1.4
58.8,0.0,0.0,-0.8451,-0.8451,0.0,0.0,1.4
58.82,0.0,0.0,-0.8451,-0.8451,0.0,0.0,1.4
58.84,0.0,0.0,-0.8451,-0.8451,0.0,0.0,1.4
58.86,0.0,0.0,-0.8451,-0.8451,0.0,0.0,1.4
58.88,0.0,0.0,-0.8451,-0.8451,0.0,0.0,1.4
58.9,0.0,0.0,-0.8451,-0.8451,0.0,0.0,1.4
58.92,0.0,0.0,-0.8451,-0.8451,0.0,0.0,1.4
58.94,0.0,0.0,-0.8451,-0.8451,0.0,0.0,1.4
58.96,0.0,0.0,-0.8451,-0.8451,0.0,0.0,1.4
58.98,0.0,0.0,-0.8451,-0.8451,0.0,0.0,1.4
59.0,0.0,0.0,-0.8451,-0.8451,0.0,0.0,1.4
59.02,0.0,0.0,-0.8451,-0.8451,0.0,0.0,1.4
59.04,0.0,0.0,-0.8451,-0.8451,0.0,0.0,1.4
59.06,0.0,0.0,-0.8451,-0.8451,0.0,0.0,1.4
59.08,0.0,0.0,-0.8451,-0.8451,0.0,0.0,1.4
59.1,0.0,0.0,-0.8451,-0.8451,0.0,0.0,1.4
59.12,0.0,0.0,-0.8451,-0.8451,0.0,0.0,1.4
59.14,0.0,0.0,-0.8451,-0.8451,0.0,0.0,1.4
59.16,0.0,0.0,-0.8451,-0.8451,0.0,0.0,1.4
59.18,0.0,0.0,-0.8451,-0.8451,0.0,0.0,1.4
59.2,0.0,0.0,-0.8451,-0.8451,0.0,0.0,1.4
59.22,0.0,0.0,-0.8451,-0.8451,0.0,0.0,1.4
59.24,0.0,0.0,-0.8451,-0.8451,0.0,0.0,1.4
59.26,0.0,0.0,-0.8451,-0.8451,0.0,0.0,1.4
59.28,0.0,0.0,-0.8451,-0.8451,0.0,0.0,1.4
59.3,0.0,0.0,-0.8451,-0.8451,0.0,0.0,1.4
59.32,0.0,0.0,-0.8451,-0.8451,0.0,0.0,1.4
59.34,0.0,0.0,-0.8451,-0.8451,0.0,0.0,1.4
59.36,0.0,0.0,-0.8451,-0.8451,0.0,0.0,1.4
59.38,0.0,0.0,-0.8451,-0.8451,0.0,0.0,1.4
59.4,0.0,0.0,-0.8451,-0.8451,0.0,0.0,1.4
59.42,0.0,0.0,-0.8451,-0.8451,0.0,0.0,1.4
59.44,0.0,0.0,-0.8451,-0.8451,0.0,0.0,1.4
59.46,0.0,0.0,-0.8451,-0.8451,0.0,0.0,1.4
59.48,0.0,0.0,-0.8451,-0.8451,0.0,0.0,1.4
59.5,0.0,0.0,-0.8451,-0.8451,0.0,0.0,1.4
59.52,0.0,0.0,-0.8451,-0.8451,0.0,0.0,1.4
59.54,0.0,0.0,-0.8451,-0.8451,0.0,0.0,1.4
59.56,0.0,0.0,-0.8451,-0.8451,0.0,0.0,1.4
59.58,0.0,0.0,-0.8451,-0.8451,0.0,0.0,1.4
59.6,0.0,0.0,-0.8451,-0.8451,0.0,0.0,1.4
59.62,0.0,0.0,-0.8451,-0.8451,0.0,0.0,1.4
59.64,0.0,0.0,-0.8451,-0.8451,0.0,0.0,1.4
59.66,0.0,0.0,-0.8451,-0.8451,0.0,0.0,1.4
59.68,0.0,0.0,-0.8451,-0.8451,0.0,0.0,1.4
59.7,0.0,0.0,-0.8451,-0.8451,0.0,0.0,1.4
59.72,0.0,0.0,-0.8451,-0.8451,0.0,0.0,1.4
59.74,0.0,0.0,-0.8451,-0.8451,0.0,0.0,1.4
59.76,0.0,0.0,-0.8451,-0.8451,0.0,0.0,1.4
59.78,0.0,0.0,-0.8451,-0.8451,0.0,0.0,1.4
59.8,0.0,0.0,-0.8451,-0.8451,0.0,0.0,1.4
59.82,0.0,0.0,-0.8451,-0.8451,0.0,0.0,1.4
59.84,0.0,0.0,-0.8451,-0.8451,0.0,0.0,1.4
59.86,0.0,0.0,-0.8451,-0.8451,0.0,0.0,1.4
59.88,0.0,0.0,-0.8451,-0.8451,0.0,0.0,1.4
59.9,0.0,0.0,-0.8451,-0.8451,0.0,0.0,1.4
59.92,0.0,0.0,-0.8451,-0.8451,0.0,0.0,1.4
59.94,0.0,0.0,-0.8451,-0.8451,0.0,0.0,1.4
59.96,0.0,0.0,-0.8451,-0.8451,0.0,0.0,1.4
59.98,0.0,0.0,-0.8451,-0.8451,0.0,0.0,1.4
60.0,0.0,0.0,-0.8451,-0.8451,0.0,0.0,1.4
60.02,0.0,0.0,-0.8451,-0.8451,0.0,0.0,1.4
60.04,0.0,0.0,-0.8451,-0.8451,0.0,0.0,1.4
60.06,0.0,0.0,-0.8451,-0.8451,0.0,0.0,1.4
60.08,0.0,0.0,-0.8451,-0.8451,0.0,0.0,1.4
60.1,0.0,0.0,-0.8451,-0.8451,0.0,0.0,1.4
60.12,0.0,0.0,-0.8451,-0.8451,0.0,0.0,1.4
60.14,0.0,0.0,-0.8451,-0.8451,0.0,0.0,1.4
60.16,0.0,0.0,-0.8451,-0.8451,0.0,0.0,1.4
60.18,0.0,0.0,-0.8451,-0.8451,0.0,0.0,1.4
60.2,0.0,0.0,-0.8451,-0.8451,0.0,0.0,1.4
60.22,0.0,0.0,-0.8451,-0.8451,0.0,0.0,1.4
60.24,0.0,0.0,-0.8451,-0.8451,0.0,0.0,1.4
60.26,0.0,0.0,-0.8451,-0.8451,0.0,0.0,1.4
60.28,0.0,0.0,-0.8451,-0.8451,0.0,0.0,1.4
60.3,0.0,0.0,-0.8451,-0.8451,0.0,0.0,1.4
60.32,0.0,0.0,-0.8451,-0.8451,0.0,0.0,1.4
60.34,0.0,0.0,-0.8451,-0.8451,0.0,0.0,1.4
60.36,0.0,0.0,-0.8451,-0.8451,0.0,0.0,1.4
60.38,0.0,0.0,-0.8451,-0.8451,0.0,0.0,1.4
60.4,0.0,0.0,-0.8451,-0.8451,0.0,0.0,1.4
60.42,0.0,0.0,-0.8451,-0.8451,0.0,0.0,1.4
60.44,0.0,0.0,-0.8451,-0.8451,0.0,0.0,1.4
60.46,0.0,0.0,-0.8451,-0.8451,0.0,0.0,1.4
60.48,0.0,0.0,-0.8451,-0.8451,0.0,0.0,1.4
60.5,0.0,0.0,-0.8451,-0.8451,0.0,0.0,1.4
60.52,0.0,0.0,-0.8451,-0.8451,0.0,0.0,1.4
60.54,0.0,0.0,-0.8451,-0.8451,0.0,0.0,1.4
60.56,0.0,0.0,-0.8451,-0.8451,0.0,0.0,1.4
60.58,0.0,0.0,-0.8451,-0.8451,0.0,0.0,1.4
60.6,0.0,0.0,-0.8451,-0.8451,0.0,0.0,1.4
60.62,0.0,0.0,-0.8451,-0.8451,0.0,0.0,1.4
60.64,0.0,0.0,-0.8451,-0.8451,0.0,0.0,1.4
60.66,0.0,0.0,-0.8451,-0.8451,0.0,0.0,1.4
60.68,0.0,0.0,-0.8451,-0.8451,0.0,0.0,1.4
60.7,0.0,0.0,-0.8451,-0.8451,0.0,0.0,1.4
60.72,0.0,0.0,-0.8451,-0.8451,0.0,0.0,1.4
60.74,0.0,0.0,-0.8451,-0.8451,0.0,0.0,1.4
60.76,0.0,0.0,-0.8451,-0.8451,0.0,0.0,1.4
60.78,0.0,0.0,-0.8451,-0.8451,0.0,0.0,1.4
60.8,0.0,0.0,-0.8451,-0.8451,0.0,0.0,1.4
60.82,0.0,0.0,-0.8451,-0.8451,0.0,0.0,1.4
60.84,0.0,0.0,-0.8451,-0.8451,0.0,0.0,1.4
60.86,0.0,0.0,-0.8451,-0.8451,0.0,0.0,1.4
60.88,0.0,0.0,-0.8451,-0.8451,0.0,0.0,1.4
60.9,0.0,0.0,-0.8451,-0.8451,0.0,0.0,1.4
60.92,0.0,0.0,-0.8451,-0.8451,0.0,0.0,1.4
60.94,0.0,0.0,-0.8451,-0.8451,0.0,0.0,1.4
60.96,0.0,0.0,-0.8451,-0.8451,0.0,0.0,1.4
60.98,0.0,0.0,-0.8451,-0.8451,0.0,0.0,1.4
61.0,0.0,0.0,-0.8451,-0.8451,0.0,0.0,1.4
61.02,0.0,0.0,-0.8451,-0.8451,0.0,0.0,1.4
61.04,0.0,0.0,-0.8451,-0.8451,0.0,0.0,1.4
61.06,0.0,0.0,-0.8451,-0.8451,0.0,0.0,1.4
61.08,0.0,0.0,-0.8451,-0.8451,0.0,0.0,1.4
61.1,0.0,0.0,-0.8451,-0.8451,0.0,0.0,1.4
61.12,0.0,0.0,-0.8451,-0.8451,0.0,0.0,1.4
61.14,0.0,0.0,-0.8451,-0.8451,0.0,0.0,1.4
61.16,0.0,0.0,-0.8451,-0.8451,0.0,0.0,1.4
61.18,0.0,0.0,-0.8451,-0.8451,0.0,0.0,1.4
61.2,0.0,0.0,-0.8451,-0.8451,0.0,0.0,1.4
61.22,0.0,0.0,-0.8451,-0.8451,0.0,0.0,1.4
61.24,0.0,0.0,-0.8451,-0.8451,0.0,0.0,1.4
61.26,0.0,0.0,-0.8451,-0.8451,0.0,0.0,1.4
61.28,0.0,0.0,-0.8451,-0.8451,0.0,0.0,1.4
61.3,0.0,0.0,-0.8451,-0.8451,0.0,0.0,1.4
61.32,0.0,0.0,-0.8451,-0.8451,0.0,0.0,1.4
61.34,0.0,0.0,-0.8451,-0.8451,0.0,0.0,1.4
61.36,0.0,0.0,-0.8451,-0.8451,0.0,0.0,1.4
61.38,0.0,0.0,-0.8451,-0.8451,0.0,0.0,1.4
61.4,0.0,0.0,-0.8451,-0.8451,0.0,0.0,1.4
61.42,0.0,0.0,-0.8451,-0.8451,0.0,0.0,1.4
61.44,0.0,0.0,-0.8451,-0.8451,0.0,0.0,1.4
61.46,0.0,0.0,-0.8451,-0.8451,0.0,0.0,1.4
61.48,0.0,0.0,-0.8451,-0.8451,0.0,0.0,1.4
61.5,0.0,0.0,-0.8451,-0.8451,0.0,0.0,1.4
61.52,0.0,0.0,-0.8451,-0.8451,0.0,0.0,1.4
61.54,0.0,0.0,-0.8451,-0.8451,0.0,0.0,1.4
61.56,0.0,0.0,-0.8451,-0.8451,0.0,0.0,1.4
61.58,0.0,0.0,-0.8451,-0.8451,0.0,0.0,1.4
61.6,0.0,0.0,-0.8451,-0.8451,0.0,0.0,1.4
61.62,0.0,0.0,-0.8451,-0.8451,0.0,0.0,1.4
61.64,0.0,0.0,-0.8451,-0.8451,0.0,0.0,1.4
61.66,0.0,0.0,-0.8451,-0.8451,0.0,0.0,1.4
61.68,0.0,0.0,-0.8451,-0.8451,0.0,0.0,1.4
61.7,0.0,0.0,-0.8451,-0.8451,0.0,0.0,1.4
61.72,0.0,0.0,-0.8451,-0.8451,0.0,0.0,1.4
61.74,0.0,0.0,-0.8451,-0.8451,0.0,0.0,1.4
61.76,0.0,0.0,-0.8451,-0.8451,0.0,0.0,1.4
61.78,0.0,0.0,-0.8451,-0.8451,0.0,0.0,1.4
61.8,0.0,0.0,-0.8451,-0.8451,0.0,0.0,1.4
61.82,0.0,0.0,-0.8451,-0.8451,0.0,0.0,1.4
61.84,0.0,0.0,-0.8451,-0.8451,0.0,0.0,1.4
61.86,0.0,0.0,-0.8451,-0.8451,0.0,0.0,1.4
61.88,0.0,0.0,-0.8451,-0.8451,0.0,0.0,1.4
61.9,0.0,0.0,-0.8451,-0.8451,0.0,0.0,1.4
61.92,0.0,0.0,-0.8451,-0.8451,0.0,0.0,1.4
61.94,0.0,0.0,-0.8451,-0.8451,0.0,0.0,1.4
61.96,0.0,0.0,-0.8451,-0.8451,0.0,0.0,1.4
61.98,0.0,0.0,-0.8451,-0.8451,0.0,0.0,1.4
62.0,0.0,0.0,-0.8451,-0.8451,0.0,0.0,1.4
62.02,0.0,0.0,-0.8451,-0.8451,0.0,0.0,1.4
62.04,0.0,0.0,-0.8451,-0.8451,0.0,0.0,1.4
62.06,0.0,0.0,-0.8451,-0.8451,0.0,0.0,1.4
62.08,0.0,0.0,-0.8451,-0.8451,0.0,0.0,1.4
62.1,0.0,0.0,-0.8451,-0.8451,0.0,0.0,1.4
62.12,0.0,0.0,-0.8451,-0.8451,0.0,0.0,1.4
62.14,0.0,0.0,-0.8451,-0.8451,0.0,0.0,1.4
62.16,0.0,0.0,-0.8451,-0.8451,0.0,0.0,1.4
62.18,0.0,0.0,-0.8451,-0.8451,0.0,0.0,1.4
62.2,0.0,0.0,-0.8451,-0.8451,0.0,0.0,1.4
62.22,0.0,0.0,-0.8451,-0.8451,0.0,0.0,1.4
62.24,0.0,0.0,-0.8451,-0.8451,0.0,0.0,1.4
62.26,0.0,0.0,-0.8451,-0.8451,0.0,0.0,1.4
62.28,0.0,0.0,-0.8451,-0.8451,0.0,0.0,1.4
62.3,0.0,0.0,-0.8451,-0.8451,0.0,0.0,1.4
62.32,0.0,0.0,-0.8451,-0.8451,0.0,0.0,1.4
62.34,0.0,0.0,-0.8451,-0.8451,0.0,0.0,1.4
62.36,0.0,0.0,-0.8451,-0.8451,0.0,0.0,1.4
62.38,0.0,0.0,-0.8451,-0.8451,0.0,0.0,1.4
62.4,0.0,0.0,-0.8451,-0.8451,0.0,0.0,1.4
62.42,0.0,0.0,-0.8451,-0.8451,0.0,0.0,1.4
62.44,0.0,0.0,-0.8451,-0.8451,0.0,0.0,1.4
62.46,0.0,0.0,-0.8451,-0.8451,0.0,0.0,1.4
62.48,0.0,0.0,-0.8451,-0.8451,0.0,0.0,1.4
62.5,0.0,0.0,-0.8451,-0.8451,0.0,0.0,1.4
62.52,0.0,0.0,-0.8451,-0.8451,0.0,0.0,1.4
62.54,0.0,0.0,-0.8451,-0.8451,0.0,0.0,1.4
62.56,0.0,0.0,-0.8451,-0.8451,0.0,0.0,1.4
62.58,0.0,0.0,-0.8451,-0.8451,0.0,0.0,1.4
62.6,0.0,0.0,-0.8451,-0.8451,0.0,0.0,1.4
62.62,0.0,0.0,-0.8451,-0.8451,0.0,0.0,1.4
62.64,0.0,0.0,-0.8451,-0.8451,0.0,0.0,1.4
62.66,0.0,0.0,-0.8451,-0.8451,0.0,0.0,1.4
62.68,0.0,0.0,-0.8451,-0.8451,0.0,0.0,1.4
62.7,0.0,0.0,-0.8451,-0.8451,0.0,0.0,1.4
62.72,0.0,0.0,-0.8451,-0.8451,0.0,0.0,1.4
62.74,0.0,0.0,-0.8451,-0.8451,0.0,0.0,1.4
62.76,0.0,0.0,-0.8451,-0.8451,0.0,0.0,1.4
62.78,0.0,0.0,-0.8451,-0.8451,0.0,0.0,1.4
62.8,0.0,0.0,-0.8451,-0.8451,0.0,0.0,1.4
62.82,0.0,0.0,-0.8451,-0.8451,0.0,0.0,1.4
62.84,0.0,0.0,-0.8451,-0.8451,0.0,0.0,1.4
62.86,0.0,0.0,-0.8451,-0.8451,0.0,0.0,1.4
62.88,0.0,0.0,-0.8451,-0.8451,0.0,0.0,1.4
62.9,0.0,0.0,-0.8451,-0.8451,0.0,0.0,1.4
62.92,0.0,0.0,-0.8451,-0.8451,0.0,0.0,1.4
62.94,0.0,0.0,-0.8451,-0.8451,0.0,0.0,1.4
62.96,0.0,0.0,-0.8451,-0.8451,0.0,0.0,1.4
62.98,0.0,0.0,-0.8451,-0.8451,0.0,0.0,1.4
63.0,0.0,0.0,-0.8451,-0.8451,0.0,0.0,1.4
63.02,0.0,0.0,-0.8451,-0.8451,0.0,0.0,1.4
63.04,0.0,0.0,-0.8451,-0.8451,0.0,0.0,1.4
63.06,0.0,0.0,-0.8451,-0.8451,0.0,0.0,1.4
63.08,0.0,0.0,-0.8451,-0.8451,0.0,0.0,1.4
63.1,0.0,0.0,-0.8451,-0.8451,0.0,0.0,1.4
63.12,0.0,0.0,-0.8451,-0.8451,0.0,0.0,1.4
63.14,0.0,0.0,-0.8451,-0.8451,0.0,0.0,1.4
63.16,0.0,0.0,-0.8451,-0.8451,0.0,0.0,1.4
63.18,0.0,0.0,-0.8451,-0.8451,0.0,0.0,1.4
63.2,0.0,0.0,-0.8451,-0.8451,0.0,0.0,1.4
63.22,0.0,0.0,-0.8451,-0.8451,0.0,0.0,1.4
63.24,0.0,0.0,-0.8451,-0.8451,0.0,0.0,1.4
63.26,0.0,0.0,-0.8451,-0.8451,0.0,0.0,1.4
63.28,0.0,0.0,-0.8451,-0.8451,0.0,0.0,1.4
63.3,0.0,0.0,-0.8451,-0.8451,0.0,0.0,1.4
63.32,0.0,0.0,-0.8451,-0.8451,0.0,0.0,1.4
63.34,0.0,0.0,-0.8451,-0.8451,0.0,0.0,1.4
63.36,0.0,0.0,-0.8451,-0.8451,0.0,0.0,1.4
63.38,0.0,0.0,-0.8451,-0.8451,0.0,0.0,1.4
63.4,0.0,0.0,-0.8451,-0.8451,0.0,0.0,1.4
63.42,0.0,0.0,-0.8451,-0.8451,0.0,0.0,1.4
63.44,0.0,0.0,-0.8451,-0.8451,0.0,0.0,1.4
63.46,0.0,0.0,-0.8451,-0.8451,0.0,0.0,1.4
63.48,0.0,0.0,-0.8451,-0.8451,0.0,0.0,1.4
63.5,0.0,0.0,-0.8451,-0.8451,0.0,0.0,1.4
63.52,0.0,0.0,-0.8451,-0.8451,0.0,0.0,1.4
63.54,0.0,0.0,-0.8451,-0.8451,0.0,0.0,1.4
63.56,0.0,0.0,-0.8451,-0.8451,0.0,0.0,1.4
63.58,0.0,0.0,-0.8451,-0.8451,0.0,0.0,1.4
63.6,0.0,0.0,-0.8451,-0.8451,0.0,0.0,1.4
63.62,0.0,0.0,-0.8451,-0.8451,0.0,0.0,1.4
63.64,0.0,0.0,-0.8451,-0.8451,0.0,0.0,1.4
63.66,0.0,0.0,-0.8451,-0.8451,0.0,0.0,1.4
63.68,0.0,0.0,-0.8451,-0.8451,0.0,0.0,1.4
63.7,0.0,0.0,-0.8451,-0.8451,0.0,0.0,1.4
63.72,0.0,0.0,-0.8451,-0.8451,0.0,0.0,1.4
63.74,0.0,0.0,-0.8451,-0.8451,0.0,0.0,1.4
63.76,0.0,0.0,-0.8451,-0.8451,0.0,0.0,1.4
63.78,0.0,0.0,-0.8451,-0.8451,0.0,0.0,1.4
63.8,0.0,0.0,-0.8451,-0.8451,0.0,0.0,1.4
63.82,0.0,0.0,-0.8451,-0.8451,0.0,0.0,1.4
63.84,0.0,0.0,-0.8451,-0.8451,0.0,0.0,1.4
63.86,0.0,0.0,-0.8451,-0.8451,0.0,0.0,1.4
63.88,0.0,0.0,-0.8451,-0.8451,0.0,0.0,1.4
63.9,0.0,0.0,-0.8451,-0.8451,0.0,0.0,1.4
63.92,0.0,0.0,-0.8451,-0.8451,0.0,0.0,1.4
63.94,0.0,0.0,-0.8451,-0.8451,0.0,0.0,1.4
63.96,0.0,0.0,-0.8451,-0.8451,0.0,0.0,1.4
63.98,0.0,0.0,-0.8451,-0.8451,0.0,0.0,1.4
64.0,0.0,0.0,-0.8451,-0.8451,0.0,0.0,1.4
64.02,0.0,0.0,-0.8451,-0.8451,0.0,0.0,1.4
64.04,0.0,0.0,-0.8451,-0.8451,0.0,0.0,1.4
64.06,0.0,0.0,-0.8451,-0.8451,0.0,0.0,1.4
64.08,0.0,0.0,-0.8451,-0.8451,0.0,0.0,1.4
64.1,0.0,0.0,-0.8451,-0.8451,0.0,0.0,1.4
64.12,0.0,0.0,-0.8451,-0.8451,0.0,0.0,1.4
64.14,0.0,0.0,-0.8451,-0.8451,0.0,0.0,1.4
64.16,0.0,0.0,-0.8451,-0.8451,0.0,0.0,1.4
64.18,0.0,0.0,-0.8451,-0.8451,0.0,0.0,1.4
64.2,0.0,0.0,-0.8451,-0.8451,0.0,0.0,1.4
64.22,0.0,0.0,-0.8451,-0.8451,0.0,0.0,1.4
64.24,0.0,0.0,-0.8451,-0.8451,0.0,0.0,1.4
64.26,0.0,0.0,-0.8451,-0.8451,0.0,0.0,1.4
64.28,0.0,0.0,-0.8451,-0.8451,0.0,0.0,1.4
64.3,0.0,0.0,-0.8451,-0.8451,0.0,0.0,1.4
64.32,0.0,0.0,-0.8451,-0.8451,0.0,0.0,1.4
64.34,0.0,0.0,-0.8451,-0.8451,0.0,0.0,1.4
64.36,0.0,0.0,-0.8451,-0.8451,0.0,0.0,1.4
64.38,0.0,0.0,-0.8451,-0.8451,0.0,0.0,1.4
64.4,0.0,0.0,-0.8451,-0.8451,0.0,0.0,1.4
64.42,0.0,0.0,-0.8451,-0.8451,0.0,0.0,1.4
64.44,0.0,0.0,-0.8451,-0.8451,0.0,0.0,1.4
64.46,0.0,0.0,-0.8451,-0.8451,0.0,0.0,1.4
64.48,0.0,0.0,-0.8451,-0.8451,0.0,0.0,1.4
64.5,0.0,0.0,-0.8451,-0.8451,0.0,0.0,1.4
64.52,0.0,0.0,-0.8451,-0.8451,0.0,0.0,1.4
64.54,0.0,0.0,-0.8451,-0.8451,0.0,0.0,1.4
64.56,0.0,0.0,-0.8451,-0.8451,0.0,0.0,1.4
64.58,0.0,0.0,-0.8451,-0.8451,0.0,0.0,1.4
64.6,0.0,0.0,-0.8451,-0.8451,0.0,0.0,1.4
64.62,0.0,0.0,-0.8451,-0.8451,0.0,0.0,1.4
64.64,0.0,0.0,-0.8451,-0.8451,0.0,0.0,1.4
64.66,0.0,0.0,-0.8451,-0.8451,0.0,0.0,1.4
64.68,0.0,0.0,-0.8451,-0.8451,0.0,0.0,1.4
64.7,0.0,0.0,-0.8451,-0.8451,0.0,0.0,1.4
64.72,0.0,0.0,-0.8451,-0.8451,0.0,0.0,1.4
64.74,0.0,0.0,-0.8451,-0.8451,0.0,0.0,1.4
64.76,0.0,0.0,-0.8451,-0.8451,0.0,0.0,1.4
64.78,0.0,0.0,-0.8451,-0.8451,0.0,0.0,1.4
64.8,0.0,0.0,-0.8451,-0.8451,0.0,0.0,1.4
64.82,0.0,0.0,-0.8451,-0.8451,0.0,0.0,1.4
64.84,0.0,0.0,-0.8451,-0.8451,0.0,0.0,1.4
64.86,0.0,0.0,-0.8451,-0.8451,0.0,0.0,1.4
64.88,0.0,0.0,-0.8451,-0.8451,0.0,0.0,1.4
64.9,0.0,0.0,-0.8451,-0.8451,0.0,0.0,1.4
64.92,0.0,0.0,-0.8451,-0.8451,0.0,0.0,1.4
64.94,0.0,0.0,-0.8451,-0.8451,0.0,0.0,1.4
64.96,0.0,0.0,-0.8451,-0.8451,0.0,0.0,1.4
64.98,0.0,0.0,-0.8451,-0.8451,0.0,0.0,1.4
65.0,0.0,0.0,-0.8451,-0.8451,0.0,0.0,1.4
65.02,0.0,0.0,-0.8451,-0.8451,0.0,0.0,1.4
65.04,0.0,0.0,-0.8451,-0.8451,0.0,0.0,1.4
65.06,0.0,0.0,-0.8451,-0.8451,0.0,0.0,1.4
65.08,0.0,0.0,-0.8451,-0.8451,0.0,0.0,1.4
65.1,0.0,0.0,-0.8451,-0.8451,0.0,0.0,1.4
65.12,0.0,0.0,-0.8451,-0.8451,0.0,0.0,1.4
65.14,0.0,0.0,-0.8451,-0.8451,0.0,0.0,1.4
65.16,0.0,0.0,-0.8451,-0.8451,0.0,0.0,1.4
65.18,0.0,0.0,-0.8451,-0.8451,0.0,0.0,1.4
65.2,0.0,0.0,-0.8451,-0.8451,0.0,0.0,1.4
65.22,0.0,0.0,-0.8451,-0.8451,0.0,0.0,1.4
65.24,0.0,0.0,-0.8451,-0.8451,0.0,0.0,1.4
65.26,0.0,0.0,-0.8451,-0.8451,0.0,0.0,1.4
65.28,0.0,0.0,-0.8451,-0.8451,0.0,0.0,1.4
65.3,0.0,0.0,-0.8451,-0.8451,0.0,0.0,1.4
65.32,0.0,0.0,-0.8451,-0.8451,0.0,0.0,1.4
65.34,0.0,0.0,-0.8451,-0.8451,0.0,0.0,1.4
65.36,0.0,0.0,-0.8451,-0.8451,0.0,0.0,1.4
65.38,0.0,0.0,-0.8451,-0.8451,0.0,0.0,1.4
65.4,0.0,0.0,-0.8451,-0.8451,0.0,0.0,1.4
65.42,0.0,0.0,-0.8451,-0.8451,0.0,0.0,1.4
65.44,0.0,0.0,-0.8451,-0.8451,0.0,0.0,1.4
65.46,0.0,0.0,-0.8451,-0.8451,0.0,0.0,1.4
65.48,0.0,0.0,-0.8451,-0.8451,0.0,0.0,1.4
65.5,0.0,0.0,-0.8451,-0.8451,0.0,0.0,1.4
65.52,0.0,0.0,-0.8451,-0.8451,0.0,0.0,1.4
65.54,0.0,0.0,-0.8451,-0.8451,0.0,0.0,1.4
65.56,0.0,0.0,-0.8451,-0.8451,0.0,0.0,1.4
65.58,0.0,0.0,-0.8451,-0.8451,0.0,0.0,1.4
65.6,0.0,0.0,-0.8451,-0.8451,0.0,0.0,1.4
65.62,0.0,0.0,-0.8451,-0.8451,0.0,0.0,1.4
65.64,0.0,0.0,-0.8451,-0.8451,0.0,0.0,1.4
65.66,0.0,0.0,-0.8451,-0.8451,0.0,0.0,1.4
65.68,0.0,0.0,-0.8451,-0.8451,0.0,0.0,1.4
65.7,0.0,0.0,-0.8451,-0.8451,0.0,0.0,1.4
65.72,0.0,0.0,-0.8451,-0.8451,0.0,0.0,1.4
65.74,0.0,0.0,-0.8451,-0.8451,0.0,0.0,1.4
65.76,0.0,0.0,-0.8451,-0.8451,0.0,0.0,1.4
65.78,0.0,0.0,-0.8451,-0.8451,0.0,0.0,1.4
65.8,0.0,0.0,-0.8451,-0.8451,0.0,0.0,1.4
65.82,0.0,0.0,-0.8451,-0.8451,0.0,0.0,1.4
65.84,0.0,0.0,-0.8451,-0.8451,0.0,0.0,1.4
65.86,0.0,0.0,-0.8451,-0.8451,0.0,0.0,1.4
65.88,0.0,0.0,-0.8451,-0.8451,0.0,0.0,1.4
65.9,0.0,0.0,-0.8451,-0.8451,0.0,0.0,1.4
65.92,0.0,0.0,-0.8451,-0.8451,0.0,0.0,1.4
65.94,0.0,0.0,-0.8451,-0.8451,0.0,0.0,1.4
65.96,0.0,0.0,-0.8451,-0.8451,0.0,0.0,1.4
65.98,0.0,0.0,-0.8451,-0.8451,0.0,0.0,1.4
66.0,0.0,0.0,-0.8451,-0.8451,0.0,0.0,1.4
66.02,0.0,0.0,-0.8451,-0.8451,0.0,0.0,1.4
66.04,0.0,0.0,-0.8451,-0.8451,0.0,0.0,1.4
66.06,0.0,0.0,-0.8451,-0.8451,0.0,0.0,1.4
66.08,0.0,0.0,-0.8451,-0.8451,0.0,0.0,1.4
66.1,0.0,0.0,-0.8451,-0.8451,0.0,0.0,1.4
66.12,0.0,0.0,-0.8451,-0.8451,0.0,0.0,1.4
66.14,0.0,0.0,-0.8451,-0.8451,0.0,0.0,1.4
66.16,0.0,0.0,-0.8451,-0.8451,0.0,0.0,1.4
66.18,0.0,0.0,-0.8451,-0.8451,0.0,0.0,1.4
66.2,0.0,0.0,-0.8451,-0.8451,0.0,0.0,1.4
66.22,0.0,0.0,-0.8451,-0.8451,0.0,0.0,1.4
66.24,0.0,0.0,-0.8451,-0.8451,0.0,0.0,1.4
66.26,0.0,0.0,-0.8451,-0.8451,0.0,0.0,1.4
66.28,0.0,0.0,-0.8451,-0.8451,0.0,0.0,1.4
66.3,0.0,0.0,-0.8451,-0.8451,0.0,0.0,1.4
66.32,0.0,0.0,-0.8451,-0.8451,0.0,0.0,1.4
66.34,0.0,0.0,-0.8451,-0.8451,0.0,0.0,1.4
66.36,0.0,0.0,-0.8451,-0.8451,0.0,0.0,1.4
66.38,0.0,0.0,-0.8451,-0.8451,0.0,0.0,1.4
66.4,0.0,0.0,-0.8451,-0.8451,0.0,0.0,1.4
66.42,0.0,0.0,-0.8451,-0.8451,0.0,0.0,1.4
66.44,0.0,0.0,-0.8451,-0.8451,0.0,0.0,1.4
66.46,0.0,0.0,-0.8451,-0.8451,0.0,0.0,1.4
66.48,0.0,0.0,-0.8451,-0.8451,0.0,0.0,1.4
66.5,0.0,0.0,-0.8451,-0.8451,0.0,0.0,1.4
66.52,0.0,0.0,-0.8451,-0.8451,0.0,0.0,1.4
66.54,0.0,0.0,-0.8451,-0.8451,0.0,0.0,1.4
66.56,0.0,0.0,-0.8451,-0.8451,0.0,0.0,1.4
66.58,0.0,0.0,-0.8451,-0.8451,0.0,0.0,1.4
66.6,0.0,0.0,-0.8451,-0.8451,0.0,0.0,1.4
66.62,0.0,0.0,-0.8451,-0.8451,0.0,0.0,1.4
66.64,0.0,0.0,-0.8451,-0.8451,0.0,0.0,1.4
66.66,0.0,0.0,-0.8451,-0.8451,0.0,0.0,1.4
66.68,0.0,0.0,-0.8451,-0.8451,0.0,0.0,1.4
66.7,0.0,0.0,-0.8451,-0.8451,0.0,0.0,1.4
66.72,0.0,0.0,-0.8451,-0.8451,0.0,0.0,1.4
66.74,0.0,0.0,-0.8451,-0.8451,0.0,0.0,1.4
66.76,0.0,0.0,-0.8451,-0.8451,0.0,0.0,1.4
66.78,0.0,0.0,-0.8451,-0.8451,0.0,0.0,1.4
66.8,0.0,0.0,-0.8451,-0.8451,0.0,0.0,1.4
66.82,0.0,0.0,-0.8451,-0.8451,0.0,0.0,1.4
66.84,0.0,0.0,-0.8451,-0.8451,0.0,0.0,1.4
66.86,0.0,0.0,-0.8451,-0.8451,0.0,0.0,1.4
66.88,0.0,0.0,-0.8451,-0.8451,0.0,0.0,1.4
66.9,0.0,0.0,-0.8451,-0.8451,0.0,0.0,1.4
66.92,0.0,0.0,-0.8451,-0.8451,0.0,0.0,1.4
66.94,0.0,0.0,-0.8451,-0.8451,0.0,0.0,1.4
66.96,0.0,0.0,-0.8451,-0.8451,0.0,0.0,1.4
66.98,0.0,0.0,-0.8451,-0.8451,0.0,0.0,1.4
67.0,0.0,0.0,-0.8451,-0.8451,0.0,0.0,1.4
67.02,0.0,0.0,-0.8451,-0.8451,0.0,0.0,1.4
67.04,0.0,0.0,-0.8451,-0.8451,0.0,0.0,1.4
67.06,0.0,0.0,-0.8451,-0.8451,0.0,0.0,1.4
67.08,0.0,0.0,-0.8451,-0.8451,0.0,0.0,1.4
67.1,0.0,0.0,-0.8451,-0.8451,0.0,0.0,1.4
67.12,0.0,0.0,-0.8451,-0.8451,0.0,0.0,1.4
67.14,0.0,0.0,-0.8451,-0.8451,0.0,0.0,1.4
67.16,0.0,0.0,-0.8451,-0.8451,0.0,0.0,1.4
67.18,0.0,0.0,-0.8451,-0.8451,0.0,0.0,1.4
67.2,0.0,0.0,-0.8451,-0.8451,0.0,0.0,1.4
67.22,0.0,0.0,-0.8451,-0.8451,0.0,0.0,1.4
67.24,0.0,0.0,-0.8451,-0.8451,0.0,0.0,1.4
67.26,0.0,0.0,-0.8451,-0.8451,0.0,0.0,1.4
67.28,0.0,0.0,-0.8451,-0.8451,0.0,0.0,1.4
67.3,0.0,0.0,-0.8451,-0.8451,0.0,0.0,1.4
67.32,0.0,0.0,-0.8451,-0.8451,0.0,0.0,1.4
67.34,0.0,0.0,-0.8451,-0.8451,0.0,0.0,1.4
67.36,0.0,0.0,-0.8451,-0.8451,0.0,0.0,1.4
67.38,0.0,0.0,-0.8451,-0.8451,0.0,0.0,1.4
67.4,0.0,0.0,-0.8451,-0.8451,0.0,0.0,1.4
67.42,0.0,0.0,-0.8451,-0.8451,0.0,0.0,1.4
67.44,0.0,0.0,-0.8451,-0.8451,0.0,0.0,1.4
67.46,0.0,0.0,-0.8451,-0.8451,0.0,0.0,1.4
67.48,0.0,0.0,-0.8451,-0.8451,0.0,0.0,1.4
67.5,0.0,0.0,-0.8451,-0.8451,0.0,0.0,1.4
67.52,0.0,0.0,-0.8451,-0.8451,0.0,0.0,1.4
67.54,0.0,0.0,-0.8451,-0.8451,0.0,0.0,1.4
67.56,0.0,0.0,-0.8451,-0.8451,0.0,0.0,1.4
67.58,0.0,0.0,-0.8451,-0.8451,0.0,0.0,1.4
67.6,0.0,0.0,-0.8451,-0.8451,0.0,0.0,1.4
67.62,0.0,0.0,-0.8451,-0.8451,0.0,0.0,1.4
67.64,0.0,0.0,-0.8451,-0.8451,0.0,0.0,1.4
67.66,0.0,0.0,-0.8451,-0.8451,0.0,0.0,1.4
67.68,0.0,0.0,-0.8451,-0.8451,0.0,0.0,1.4
67.7,0.0,0.0,-0.8451,-0.8451,0.0,0.0,1.4
67.72,0.0,0.0,-0.8451,-0.8451,0.0,0.0,1.4
67.74,0.0,0.0,-0.8451,-0.8451,0.0,0.0,1.4
67.76,0.0,0.0,-0.8451,-0.8451,0.0,0.0,1.4
67.78,0.0,0.0,-0.8451,-0.8451,0.0,0.0,1.4
67.8,0.0,0.0,-0.8451,-0.8451,0.0,0.0,1.4
67.82,0.0,0.0,-0.8451,-0.8451,0.0,0.0,1.4
67.84,0.0,0.0,-0.8451,-0.8451,0.0,0.0,1.4
67.86,0.0,0.0,-0.8451,-0.8451,0.0,0.0,1.4
67.88,0.0,0.0,-0.8451,-0.8451,0.0,0.0,1.4
67.9,0.0,0.0,-0.8451,-0.8451,0.0,0.0,1.4
67.92,0.0,0.0,-0.8451,-0.8451,0.0,0.0,1.4
67.94,0.0,0.0,-0.8451,-0.8451,0.0,0.0,1.4
67.96,0.0,0.0,-0.8451,-0.8451,0.0,0.0,1.4
67.98,0.0,0.0,-0.8451,-0.8451,0.0,0.0,1.4
68.0,0.0,0.0,-0.8451,-0.8451,0.0,0.0,1.4
68.02,0.0,0.0,-0.8451,-0.8451,0.0,0.0,1.4
68.04,0.0,0.0,-0.8451,-0.8451,0.0,0.0,1.4
68.06,0.0,0.0,-0.8451,-0.8451,0.0,0.0,1.4
68.08,0.0,0.0,-0.8451,-0.8451,0.0,0.0,1.4
68.1,0.0,0.0,-0.8451,-0.8451,0.0,0.0,1.4
68.12,0.0,0.0,-0.8451,-0.8451,0.0,0.0,1.4
68.14,0.0,0.0,-0.8451,-0.8451,0.0,0.0,1.4
68.16,0.0,0.0,-0.8451,-0.8451,0.0,0.0,1.4
68.18,0.0,0.0,-0.8451,-0.8451,0.0,0.0,1.4
68.2,0.0,0.0,-0.8451,-0.8451,0.0,0.0,1.4
68.22,0.0,0.0,-0.8451,-0.8451,0.0,0.0,1.4
68.24,0.0,0.0,-0.8451,-0.8451,0.0,0.0,1.4
68.26,0.0,0.0,-0.8451,-0.8451,0.0,0.0,1.4
68.28,0.0,0.0,-0.8451,-0.8451,0.0,0.0,1.4
68.3,0.0,0.0,-0.8451,-0.8451,0.0,0.0,1.4
68.32,0.0,0.0,-0.8451,-0.8451,0.0,0.0,1.4
68.34,0.0,0.0,-0.8451,-0.8451,0.0,0.0,1.4
68.36,0.0,0.0,-0.8451,-0.8451,0.0,0.0,1.4
68.38,0.0,0.0,-0.8451,-0.8451,0.0,0.0,1.4
68.4,0.0,0.0,-0.8451,-0.8451,0.0,0.0,1.4
68.42,0.0,0.0,-0.8451,-0.8451,0.0,0.0,1.4
68.44,0.0,0.0,-0.8451,-0.8451,0.0,0.0,1.4
68.46,0.0,0.0,-0.8451,-0.8451,0.0,0.0,1.4
68.48,0.0,0.0,-0.8451,-0.8451,0.0,0.0,1.4
68.5,0.0,0.0,-0.8451,-0.8451,0.0,0.0,1.4
68.52,0.0,0.0,-0.8451,-0.8451,0.0,0.0,1.4
68.54,0.0,0.0,-0.8451,-0.8451,0.0,0.0,1.4
68.56,0.0,0.0,-0.8451,-0.8451,0.0,0.0,1.4
68.58,0.0,0.0,-0.8451,-0.8451,0.0,0.0,1.4
68.6,0.0,0.0,-0.8451,-0.8451,0.0,0.0,1.4
68.62,0.0,0.0,-0.8451,-0.8451,0.0,0.0,1.4
68.64,0.0,0.0,-0.8451,-0.8451,0.0,0.0,1.4
68.66,0.0,0.0,-0.8451,-0.8451,0.0,0.0,1.4
68.68,0.0,0.0,-0.8451,-0.8451,0.0,0.0,1.4
68.7,0.0,0.0,-0.8451,-0.8451,0.0,0.0,1.4
68.72,0.0,0.0,-0.8451,-0.8451,0.0,0.0,1.4
68.74,0.0,0.0,-0.8451,-0.8451,0.0,0.0,1.4
68.76,0.0,0.0,-0.8451,-0.8451,0.0,0.0,1.4
68.78,0.0,0.0,-0.8451,-0.8451,0.0,0.0,1.4
68.8,0.0,0.0,-0.8451,-0.8451,0.0,0.0,1.4
68.82,0.0,0.0,-0.8451,-0.8451,0.0,0.0,1.4
68.84,0.0,0.0,-0.8451,-0.8451,0.0,0.0,1.4
68.86,0.0,0.0,-0.8451,-0.8451,0.0,0.0,1.4
68.88,0.0,0.0,-0.8451,-0.8451,0.0,0.0,1.4
68.9,0.0,0.0,-0.8451,-0.8451,0.0,0.0,1.4
68.92,0.0,0.0,-0.8451,-0.8451,0.0,0.0,1.4
68.94,0.0,0.0,-0.8451,-0.8451,0.0,0.0,1.4
68.96,0.0,0.0,-0.8451,-0.8451,0.0,0.0,1.4
68.98,0.0,0.0,-0.8451,-0.8451,0.0,0.0,1.4
69.0,0.0,0.0,-0.8451,-0.8451,0.0,0.0,1.4
69.02,0.0,0.0,-0.8451,-0.8451,0.0,0.0,1.4
69.04,0.0,0.0,-0.8451,-0.8451,0.0,0.0,1.4
69.06,0.0,0.0,-0.8451,-0.8451,0.0,0.0,1.4
69.08,0.0,0.0,-0.8451,-0.8451,0.0,0.0,1.4
69.1,0.0,0.0,-0.8451,-0.8451,0.0,0.0,1.4
69.12,0.0,0.0,-0.8451,-0.8451,0.0,0.0,1.4
69.14,0.0,0.0,-0.8451,-0.8451,0.0,0.0,1.4
69.16,0.0,0.0,-0.8451,-0.8451,0.0,0.0,1.4
69.18,0.0,0.0,-0.8451,-0.8451,0.0,0.0,1.4
69.2,0.0,0.0,-0.8451,-0.8451,0.0,0.0,1.4
69.22,0.0,0.0,-0.8451,-0.8451,0.0,0.0,1.4
69.24,0.0,0.0,-0.8451,-0.8451,0.0,0.0,1.4
69.26,0.0,0.0,-0.8451,-0.8451,0.0,0.0,1.4
69.28,0.0,0.0,-0.8451,-0.8451,0.0,0.0,1.4
69.3,0.0,0.0,-0.8451,-0.8451,0.0,0.0,1.4
69.32,0.0,0.0,-0.8451,-0.8451,0.0,0.0,1.4
69.34,0.0,0.0,-0.8451,-0.8451,0.0,0.0,1.4
69.36,0.0,0.0,-0.8451,-0.8451,0.0,0.0,1.4
69.38,0.0,0.0,-0.8451,-0.8451,0.0,0.0,1.4
69.4,0.0,0.0,-0.8451,-0.8451,0.0,0.0,1.4
69.42,0.0,0.0,-0.8451,-0.8451,0.0,0.0,1.4
69.44,0.0,0.0,-0.8451,-0.8451,0.0,0.0,1.4
69.46,0.0,0.0,-0.8451,-0.8451,0.0,0.0,1.4
69.48,0.0,0.0,-0.8451,-0.8451,0.0,0.0,1.4
69.5,0.0,0.0,-0.8451,-0.8451,0.0,0.0,1.4
69.52,0.0,0.0,-0.8451,-0.8451,0.0,0.0,1.4
69.54,0.0,0.0,-0.8451,-0.8451,0.0,0.0,1.4
69.56,0.0,0.0,-0.8451,-0.8451,0.0,0.0,1.4
69.58,0.0,0.0,-0.8451,-0.8451,0.0,0.0,1.4
69.6,0.0,0.0,-0.8451,-0.8451,0.0,0.0,1.4
69.62,0.0,0.0,-0.8451,-0.8451,0.0,0.0,1.4
69.64,0.0,0.0,-0.8451,-0.8451,0.0,0.0,1.4
69.66,0.0,0.0,-0.8451,-0.8451,0.0,0.0,1.4
69.68,0.0,0.0,-0.8451,-0.8451,0.0,0.0,1.4
69.7,0.0,0.0,-0.8451,-0.8451,0.0,0.0,1.4
69.72,0.0,0.0,-0.8451,-0.8451,0.0,0.0,1.4
69.74,0.0,0.0,-0.8451,-0.8451,0.0,0.0,1.4
69.76,0.0,0.0,-0.8451,-0.8451,0.0,0.0,1.4
69.78,0.0,0.0,-0.8451,-0.8451,0.0,0.0,1.4
69.8,0.0,0.0,-0.8451,-0.8451,0.0,0.0,1.4
69.82,0.0,0.0,-0.8451,-0.8451,0.0,0.0,1.4
69.84,0.0,0.0,-0.8451,-0.8451,0.0,0.0,1.4
69.86,0.0,0.0,-0.8451,-0.8451,0.0,0.0,1.4
69.88,0.0,0.0,-0.8451,-0.8451,0.0,0.0,1.4
69.9,0.0,0.0,-0.8451,-0.8451,0.0,0.0,1.4
69.92,0.0,0.0,-0.8451,-0.8451,0.0,0.0,1.4
69.94,0.0,0.0,-0.8451,-0.8451,0.0,0.0,1.4
69.96,0.0,0.0,-0.8451,-0.8451,0.0,0.0,1.4
69.98,0.0,0.0,-0.8451,-0.8451,0.0,0.0,1.4
70.0,0.0,0.0,-0.8451,-0.8451,0.0,0.0,1.4
70.02,0.0,0.0,-0.8451,-0.8451,0.0,0.0,1.4
70.04,0.0,0.0,-0.8451,-0.8451,0.0,0.0,1.4
70.06,0.0,0.0,-0.8451,-0.8451,0.0,0.0,1.4
70.08,0.0,0.0,-0.8451,-0.8451,0.0,0.0,1.4
70.1,0.0,0.0,-0.8451,-0.8451,0.0,0.0,1.4
70.12,0.0,0.0,-0.8451,-0.8451,0.0,0.0,1.4
70.14,0.0,0.0,-0.8451,-0.8451,0.0,0.0,1.4
70.16,0.0,0.0,-0.8451,-0.8451,0.0,0.0,1.4
70.18,0.0,0.0,-0.8451,-0.8451,0.0,0.0,1.4
70.2,0.0,0.0,-0.8451,-0.8451,0.0,0.0,1.4
70.22,0.0,0.0,-0.8451,-0.8451,0.0,0.0,1.4
70.24,0.0,0.0,-0.8451,-0.8451,0.0,0.0,1.4
70.26,0.0,0.0,-0.8451,-0.8451,0.0,0.0,1.4
70.28,0.0,0.0,-0.8451,-0.8451,0.0,0.0,1.4
70.3,0.0,0.0,-0.8451,-0.8451,0.0,0.0,1.4
70.32,0.0,0.0,-0.8451,-0.8451,0.0,0.0,1.4
70.34,0.0,0.0,-0.8451,-0.8451,0.0,0.0,1.4
70.36,0.0,0.0,-0.8451,-0.8451,0.0,0.0,1.4
70.38,0.0,0.0,-0.8451,-0.8451,0.0,0.0,1.4
70.4,0.0,0.0,-0.8451,-0.8451,0.0,0.0,1.4
70.42,0.0,0.0,-0.8451,-0.8451,0.0,0.0,1.4
70.44,0.0,0.0,-0.8451,-0.8451,0.0,0.0,1.4
70.46,0.0,0.0,-0.8451,-0.8451,0.0,0.0,1.4
70.48,0.0,0.0,-0.8451,-0.8451,0.0,0.0,1.4
70.5,0.0,0.0,-0.8451,-0.8451,0.0,0.0,1.4
70.52,0.0,0.0,-0.8451,-0.8451,0.0,0.0,1.4
70.54,0.0,0.0,-0.8451,-0.8451,0.0,0.0,1.4
70.56,0.0,0.0,-0.8451,-0.8451,0.0,0.0,1.4
70.58,0.0,0.0,-0.8451,-0.8451,0.0,0.0,1.4
70.6,0.0,0.0,-0.8451,-0.8451,0.0,0.0,1.4
70.62,0.0,0.0,-0.8451,-0.8451,0.0,0.0,1.4
70.64,0.0,0.0,-0.8451,-0.8451,0.0,0.0,1.4
70.66,0.0,0.0,-0.8451,-0.8451,0.0,0.0,1.4
70.68,0.0,0.0,-0.8451,-0.8451,0.0,0.0,1.4
70.7,0.0,0.0,-0.8451,-0.8451,0.0,0.0,1.4
70.72,0.0,0.0,-0.8451,-0.8451,0.0,0.0,1.4
70.74,0.0,0.0,-0.8451,-0.8451,0.0,0.0,1.4
70.76,0.0,0.0,-0.8451,-0.8451,0.0,0.0,1.4
70.78,0.0,0.0,-0.8451,-0.8451,0.0,0.0,1.4
70.8,0.0,0.0,-0.8451,-0.8451,0.0,0.0,1.4
70.82,0.0,0.0,-0.8451,-0.8451,0.0,0.0,1.4
70.84,0.0,0.0,-0.8451,-0.8451,0.0,0.0,1.4
70.86,0.0,0.0,-0.8451,-0.8451,0.0,0.0,1.4
70.88,0.0,0.0,-0.8451,-0.8451,0.0,0.0,1.4
70.9,0.0,0.0,-0.8451,-0.8451,0.0,0.0,1.4
70.92,0.0,0.0,-0.8451,-0.8451,0.0,0.0,1.4
70.94,0.0,0.0,-0.8451,-0.8451,0.0,0.0,1.4
70.96,0.0,0.0,-0.8451,-0.8451,0.0,0.0,1.4
70.98,0.0,0.0,-0.8451,-0.8451,0.0,0.0,1.4
71.0,0.0,0.0,-0.8451,-0.8451,0.0,0.0,1.4
71.02,0.0,0.0,-0.8451,-0.8451,0.0,0.0,1.4
71.04,0.0,0.0,-0.8451,-0.8451,0.0,0.0,1.4
71.06,0.0,0.0,-0.8451,-0.8451,0.0,0.0,1.4
71.08,0.0,0.0,-0.8451,-0.8451,0.0,0.0,1.4
71.1,0.0,0.0,-0.8451,-0.8451,0.0,0.0,1.4
71.12,0.0,0.0,-0.8451,-0.8451,0.0,0.0,1.4
71.14,0.0,0.0,-0.8451,-0.8451,0.0,0.0,1.4
71.16,0.0,0.0,-0.8451,-0.8451,0.0,0.0,1.4
71.18,0.0,0.0,-0.8451,-0.8451,0.0,0.0,1.4
71.2,0.0,0.0,-0.8451,-0.8451,0.0,0.0,1.4
71.22,0.0,0.0,-0.8451,-0.8451,0.0,0.0,1.4
71.24,0.0,0.0,-0.8451,-0.8451,0.0,0.0,1.4
71.26,0.0,0.0,-0.8451,-0.8451,0.0,0.0,1.4
71.28,0.0,0.0,-0.8451,-0.8451,0.0,0.0,1.4
71.3,0.0,0.0,-0.8451,-0.8451,0.0,0.0,1.4
71.32,0.0,0.0,-0.8451,-0.8451,0.0,0.0,1.4
71.34,0.0,0.0,-0.8451,-0.8451,0.0,0.0,1.4
71.36,0.0,0.0,-0.8451,-0.8451,0.0,0.0,1.4
71.38,0.0,0.0,-0.8451,-0.8451,0.0,0.0,1.4
71.4,0.0,0.0,-0.8451,-0.8451,0.0,0.0,1.4
71.42,0.0,0.0,-0.8451,-0.8451,0.0,0.0,1.4
71.44,0.0,0.0,-0.8451,-0.8451,0.0,0.0,1.4
71.46,0.0,0.0,-0.8451,-0.8451,0.0,0.0,1.4
71.48,0.0,0.0,-0.8451,-0.8451,0.0,0.0,1.4
71.5,0.0,0.0,-0.8451,-0.8451,0.0,0.0,1.4
71.52,0.0,0.0,-0.8451,-0.8451,0.0,0.0,1.4
71.54,0.0,0.0,-0.8451,-0.8451,0.0,0.0,1.4
71.56,0.0,0.0,-0.8451,-0.8451,0.0,0.0,1.4
71.58,0.0,0.0,-0.8451,-0.8451,0.0,0.0,1.4
71.6,0.0,0.0,-0.8451,-0.8451,0.0,0.0,1.4
71.62,0.0,0.0,-0.8451,-0.8451,0.0,0.0,1.4
71.64,0.0,0.0,-0.8451,-0.8451,0.0,0.0,1.4
71.66,0.0,0.0,-0.8451,-0.8451,0.0,0.0,1.4
71.68,0.0,0.0,-0.8451,-0.8451,0.0,0.0,1.4
71.7,0.0,0.0,-0.8451,-0.8451,0.0,0.0,1.4
71.72,0.0,0.0,-0.8451,-0.8451,0.0,0.0,1.4
71.74,0.0,0.0,-0.8451,-0.8451,0.0,0.0,1.4
71.76,0.0,0.0,-0.8451,-0.8451,0.0,0.0,1.4
71.78,0.0,0.0,-0.8451,-0.8451,0.0,0.0,1.4
71.8,0.0,0.0,-0.8451,-0.8451,0.0,0.0,1.4
71.82,0.0,0.0,-0.8451,-0.8451,0.0,0.0,1.4
71.84,0.0,0.0,-0.8451,-0.8451,0.0,0.0,1.4
71.86,0.0,0.0,-0.8451,-0.8451,0.0,0.0,1.4
71.88,0.0,0.0,-0.8451,-0.8451,0.0,0.0,1.4
71.9,0.0,0.0,-0.8451,-0.8451,0.0,0.0,1.4
71.92,0.0,0.0,-0.8451,-0.8451,0.0,0.0,1.4
71.94,0.0,0.0,-0.8451,-0.8451,0.0,0.0,1.4
71.96,0.0,0.0,-0.8451,-0.8451,0.0,0.0,1.4
71.98,0.0,0.0,-0.8451,-0.8451,0.0,0.0,1.4
72.0,0.0,0.0,-0.8451,-0.8451,0.0,0.0,1.4
72.02,0.0,0.0,-0.8451,-0.8451,0.0,0.0,1.4
72.04,0.0,0.0,-0.8451,-0.8451,0.0,0.0,1.4
72.06,0.0,0.0,-0.8451,-0.8451,0.0,0.0,1.4
72.08,0.0,0.0,-0.8451,-0.8451,0.0,0.0,1.4
72.1,0.0,0.0,-0.8451,-0.8451,0.0,0.0,1.4
72.12,0.0,0.0,-0.8451,-0.8451,0.0,0.0,1.4
72.14,0.0,0.0,-0.8451,-0.8451,0.0,0.0,1.4
72.16,0.0,0.0,-0.8451,-0.8451,0.0,0.0,1.4
72.18,0.0,0.0,-0.8451,-0.8451,0.0,0.0,1.4
72.2,0.0,0.0,-0.8451,-0.8451,0.0,0.0,1.4
72.22,0.0,0.0,-0.8451,-0.8451,0.0,0.0,1.4
72.24,0.0,0.0,-0.8451,-0.8451,0.0,0.0,1.4
72.26,0.0,0.0,-0.8451,-0.8451,0.0,0.0,1.4
72.28,0.0,0.0,-0.8451,-0.8451,0.0,0.0,1.4
72.3,0.0,0.0,-0.8451,-0.8451,0.0,0.0,1.4
72.32,0.0,0.0,-0.8451,-0.8451,0.0,0.0,1.4
72.34,0.0,0.0,-0.8451,-0.8451,0.0,0.0,1.4
72.36,0.0,0.0,-0.8451,-0.8451,0.0,0.0,1.4
72.38,0.0,0.0,-0.8451,-0.8451,0.0,0.0,1.4
72.4,0.0,0.0,-0.8451,-0.8451,0.0,0.0,1.4
72.42,0.0,0.0,-0.8451,-0.8451,0.0,0.0,1.4
72.44,0.0,0.0,-0.8451,-0.8451,0.0,0.0,1.4
72.46,0.0,0.0,-0.8451,-0.8451,0.0,0.0,1.4
72.48,0.0,0.0,-0.8451,-0.8451,0.0,0.0,1.4
72.5,0.0,0.0,-0.8451,-0.8451,0.0,0.0,1.4
72.52,0.0,0.0,-0.8451,-0.8451,0.0,0.0,1.4
72.54,0.0,0.0,-0.8451,-0.8451,0.0,0.0,1.4
72.56,0.0,0.0,-0.8451,-0.8451,0.0,0.0,1.4
72.58,0.0,0.0,-0.8451,-0.8451,0.0,0.0,1.4
72.6,0.0,0.0,-0.8451,-0.8451,0.0,0.0,1.4
72.62,0.0,0.0,-0.8451,-0.8451,0.0,0.0,1.4
72.64,0.0,0.0,-0.8451,-0.8451,0.0,0.0,1.4
72.66,0.0,0.0,-0.8451,-0.8451,0.0,0.0,1.4
72.68,0.0,0.0,-0.8451,-0.8451,0.0,0.0,1.4
72.7,0.0,0.0,-0.8451,-0.8451,0.0,0.0,1.4
72.72,0.0,0.0,-0.8451,-0.8451,0.0,0.0,1.4
72.74,0.0,0.0,-0.8451,-0.8451,0.0,0.0,1.4
72.76,0.0,0.0,-0.8451,-0.8451,0.0,0.0,1.4
72.78,0.0,0.0,-0.8451,-0.8451,0.0,0.0,1.4
72.8,0.0,0.0,-0.8451,-0.8451,0.0,0.0,1.4
72.82,0.0,0.0,-0.8451,-0.8451,0.0,0.0,1.4
72.84,0.0,0.0,-0.8451,-0.8451,0.0,0.0,1.4
72.86,0.0,0.0,-0.8451,-0.8451,0.0,0.0,1.4
72.88,0.0,0.0,-0.8451,-0.8451,0.0,0.0,1.4
72.9,0.0,0.0,-0.8451,-0.8451,0.0,0.0,1.4
72.92,0.0,0.0,-0.8451,-0.8451,0.0,0.0,1.4
72.94,0.0,0.0,-0.8451,-0.8451,0.0,0.0,1.4
72.96,0.0,0.0,-0.8451,-0.8451,0.0,0.0,1.4
72.98,0.0,0.0,-0.8451,-0.8451,0.0,0.0,1.4
73.0,0.0,0.0,-0.8451,-0.8451,0.0,0.0,1.4
73.02,0.0,0.0,-0.8451,-0.8451,0.0,0.0,1.4
73.04,0.0,0.0,-0.8451,-0.8451,0.0,0.0,1.4
73.06,0.0,0.0,-0.8451,-0.8451,0.0,0.0,1.4
73.08,0.0,0.0,-0.8451,-0.8451,0.0,0.0,1.4
73.1,0.0,0.0,-0.8451,-0.8451,0.0,0.0,1.4
73.12,0.0,0.0,-0.8451,-0.8451,0.0,0.0,1.4
73.14,0.0,0.0,-0.8451,-0.8451,0.0,0.0,1.4
73.16,0.0,0.0,-0.8451,-0.8451,0.0,0.0,1.4
73.18,0.0,0.0,-0.8451,-0.8451,0.0,0.0,1.4
73.2,0.0,0.0,-0.8451,-0.8451,0.0,0.0,1.4
73.22,0.0,0.0,-0.8451,-0.8451,0.0,0.0,1.4
73.24,0.0,0.0,-0.8451,-0.8451,0.0,0.0,1.4
73.26,0.0,0.0,-0.8451,-0.8451,0.0,0.0,1.4
73.28,0.0,0.0,-0.8451,-0.8451,0.0,0.0,1.4
73.3,0.0,0.0,-0.8451,-0.8451,0.0,0.0,1.4
73.32,0.0,0.0,-0.8451,-0.8451,0.0,0.0,1.4
73.34,0.0,0.0,-0.8451,-0.8451,0.0,0.0,1.4
73.36,0.0,0.0,-0.8451,-0.8451,0.0,0.0,1.4
73.38,0.0,0.0,-0.8451,-0.8451,0.0,0.0,1.4
73.4,0.0,0.0,-0.8451,-0.8451,0.0,0.0,1.4
73.42,0.0,0.0,-0.8451,-0.8451,0.0,0.0,1.4
73.44,0.0,0.0,-0.8451,-0.8451,0.0,0.0,1.4
73.46,0.0,0.0,-0.8451,-0.8451,0.0,0.0,1.4
73.48,0.0,0.0,-0.8451,-0.8451,0.0,0.0,1.4
73.5,0.0,0.0,-0.8451,-0.8451,0.0,0.0,1.4
73.52,0.0,0.0,-0.8451,-0.8451,0.0,0.0,1.4
73.54,0.0,0.0,-0.8451,-0.8451,0.0,0.0,1.4
73.56,0.0,0.0,-0.8451,-0.8451,0.0,0.0,1.4
73.58,0.0,0.0,-0.8451,-0.8451,0.0,0.0,1.4
73.6,0.0,0.0,-0.8451,-0.8451,0.0,0.0,1.4
73.62,0.0,0.0,-0.8451,-0.8451,0.0,0.0,1.4
73.64,0.0,0.0,-0.8451,-0.8451,0.0,0.0,1.4
73.66,0.0,0.0,-0.8451,-0.8451,0.0,0.0,1.4
73.68,0.0,0.0,-0.8451,-0.8451,0.0,0.0,1.4
73.7,0.0,0.0,-0.8451,-0.8451,0.0,0.0,1.4
73.72,0.0,0.0,-0.8451,-0.8451,0.0,0.0,1.4
73.74,0.0,0.0,-0.8451,-0.8451,0.0,0.0,1.4
73.76,0.0,0.0,-0.8451,-0.8451,0.0,0.0,1.4
73.78,0.0,0.0,-0.8451,-0.8451,0.0,0.0,1.4
73.8,0.0,0.0,-0.8451,-0.8451,0.0,0.0,1.4
73.82,0.0,0.0,-0.8451,-0.8451,0.0,0.0,1.4
73.84,0.0,0.0,-0.8451,-0.8451,0.0,0.0,1.4
73.86,0.0,0.0,-0.8451,-0.8451,0.0,0.0,1.4
73.88,0.0,0.0,-0.8451,-0.8451,0.0,0.0,1.4
73.9,0.0,0.0,-0.8451,-0.8451,0.0,0.0,1.4
73.92,0.0,0.0,-0.8451,-0.8451,0.0,0.0,1.4
73.94,0.0,0.0,-0.8451,-0.8451,0.0,0.0,1.4
73.96,0.0,0.0,-0.8451,-0.8451,0.0,0.0,1.4
73.98,0.0,0.0,-0.8451,-0.8451,0.0,0.0,1.4
74.0,0.0,0.0,-0.8451,-0.8451,0.0,0.0,1.4
74.02,0.0,0.0,-0.8451,-0.8451,0.0,0.0,1.4
74.04,0.0,0.0,-0.8451,-0.8451,0.0,0.0,1.4
74.06,0.0,0.0,-0.8451,-0.8451,0.0,0.0,1.4
74.08,0.0,0.0,-0.8451,-0.8451,0.0,0.0,1.4
74.1,0.0,0.0,-0.8451,-0.8451,0.0,0.0,1.4
74.12,0.0,0.0,-0.8451,-0.8451,0.0,0.0,1.4
74.14,0.0,0.0,-0.8451,-0.8451,0.0,0.0,1.4
74.16,0.0,0.0,-0.8451,-0.8451,0.0,0.0,1.4
74.18,0.0,0.0,-0.8451,-0.8451,0.0,0.0,1.4
74.2,0.0,0.0,-0.8451,-0.8451,0.0,0.0,1.4
74.22,0.0,0.0,-0.8451,-0.8451,0.0,0.0,1.4
74.24,0.0,0.0,-0.8451,-0.8451,0.0,0.0,1.4
74.26,0.0,0.0,-0.8451,-0.8451,0.0,0.0,1.4
74.28,0.0,0.0,-0.8451,-0.8451,0.0,0.0,1.4
74.3,0.0,0.0,-0.8451,-0.8451,0.0,0.0,1.4
74.32,0.0,0.0,-0.8451,-0.8451,0.0,0.0,1.4
74.34,0.0,0.0,-0.8451,-0.8451,0.0,0.0,1.4
74.36,0.0,0.0,-0.8451,-0.8451,0.0,0.0,1.4
74.38,0.0,0.0,-0.8451,-0.8451,0.0,0.0,1.4
74.4,0.0,0.0,-0.8451,-0.8451,0.0,0.0,1.4
74.42,0.0,0.0,-0.8451,-0.8451,0.0,0.0,1.4
74.44,0.0,0.0,-0.8451,-0.8451,0.0,0.0,1.4
74.46,0.0,0.0,-0.8451,-0.8451,0.0,0.0,1.4
74.48,0.0,0.0,-0.8451,-0.8451,0.0,0.0,1.4
74.5,0.0,0.0,-0.8451,-0.8451,0.0,0.0,1.4
74.52,0.0,0.0,-0.8451,-0.8451,0.0,0.0,1.4
74.54,0.0,0.0,-0.8451,-0.8451,0.0,0.0,1.4
74.56,0.0,0.0,-0.8451,-0.8451,0.0,0.0,1.4
74.58,0.0,0.0,-0.8451,-0.8451,0.0,0.0,1.4
74.6,0.0,0.0,-0.8451,-0.8451,0.0,0.0,1.4
74.62,0.0,0.0,-0.8451,-0.8451,0.0,0.0,1.4
74.64,0.0,0.0,-0.8451,-0.8451,0.0,0.0,1.4
74.66,0.0,0.0,-0.8451,-0.8451,0.0,0.0,1.4
74.68,0.0,0.0,-0.8451,-0.8451,0.0,0.0,1.4
74.7,0.0,0.0,-0.8451,-0.8451,0.0,0.0,1.4
74.72,0.0,0.0,-0.8451,-0.8451,0.0,0.0,1.4
74.74,0.0,0.0,-0.8451,-0.8451,0.0,0.0,1.4
74.76,0.0,0.0,-0.8451,-0.8451,0.0,0.0,1.4
74.78,0.0,0.0,-0.8451,-0.8451,0.0,0.0,1.4
74.8,0.0,0.0,-0.8451,-0.8451,0.0,0.0,1.4
74.82,0.0,0.0,-0.8451,-0.8451,0.0,0.0,1.4
74.84,0.0,0.0,-0.8451,-0.8451,0.0,0.0,1.4
74.86,0.0,0.0,-0.8451,-0.8451,0.0,0.0,1.4
74.88,0.0,0.0,-0.8451,-0.8451,0.0,0.0,1.4
74.9,0.0,0.0,-0.8451,-0.8451,0.0,0.0,1.4
74.92,0.0,0.0,-0.8451,-0.8451,0.0,0.0,1.4
74.94,0.0,0.0,-0.8451,-0.8451,0.0,0.0,1.4
74.96,0.0,0.0,-0.8451,-0.8451,0.0,0.0,1.4
74.98,0.0,0.0,-0.8451,-0.8451,0.0,0.0,1.4
75.0,0.0,0.0,-0.8451,-0.8451,0.0,0.0,1.4
75.02,0.0,0.0,-0.8451,-0.8451,0.0,0.0,1.4
75.04,0.0,0.0,-0.8451,-0.8451,0.0,0.0,1.4
75.06,0.0,0.0,-0.8451,-0.8451,0.0,0.0,1.4
75.08,0.0,0.0,-0.8451,-0.8451,0.0,0.0,1.4
75.1,0.0,0.0,-0.8451,-0.8451,0.0,0.0,1.4
75.12,0.0,0.0,-0.8451,-0.8451,0.0,0.0,1.4
75.14,0.0,0.0,-0.8451,-0.8451,0.0,0.0,1.4
75.16,0.0,0.0,-0.8451,-0.8451,0.0,0.0,1.4
75.18,0.0,0.0,-0.8451,-0.8451,0.0,0.0,1.4
75.2,0.0,0.0,-0.8451,-0.8451,0.0,0.0,1.4
75.22,0.0,0.0,-0.8451,-0.8451,0.0,0.0,1.4
75.24,0.0,0.0,-0.8451,-0.8451,0.0,0.0,1.4
75.26,0.0,0.0,-0.8451,-0.8451,0.0,0.0,1.4
75.28,0.0,0.0,-0.8451,-0.8451,0.0,0.0,1.4
75.3,0.0,0.0,-0.8451,-0.8451,0.0,0.0,1.4
75.32,0.0,0.0,-0.8451,-0.8451,0.0,0.0,1.4
75.34,0.0,0.0,-0.8451,-0.8451,0.0,0.0,1.4
75.36,0.0,0.0,-0.8451,-0.8451,0.0,0.0,1.4
75.38,0.0,0.0,-0.8451,-0.8451,0.0,0.0,1.4
75.4,0.0,0.0,-0.8451,-0.8451,0.0,0.0,1.4
75.42,0.0,0.0,-0.8451,-0.8451,0.0,0.0,1.4
75.44,0.0,0.0,-0.8451,-0.8451,0.0,0.0,1.4
75.46,0.0,0.0,-0.8451,-0.8451,0.0,0.0,1.4
75.48,0.0,0.0,-0.8451,-0.8451,0.0,0.0,1.4
75.5,0.0,0.0,-0.8451,-0.8451,0.0,0.0,1.4
75.52,0.0,0.0,-0.8451,-0.8451,0.0,0.0,1.4
75.54,0.0,0.0,-0.8451,-0.8451,0.0,0.0,1.4
75.56,0.0,0.0,-0.8451,-0.8451,0.0,0.0,1.4
75.58,0.0,0.0,-0.8451,-0.8451,0.0,0.0,1.4
75.6,0.0,0.0,-0.8451,-0.8451,0.0,0.0,1.4
75.62,0.0,0.0,-0.8451,-0.8451,0.0,0.0,1.4
75.64,0.0,0.0,-0.8451,-0.8451,0.0,0.0,1.4
75.66,0.0,0.0,-0.8451,-0.8451,0.0,0.0,1.4
75.68,0.0,0.0,-0.8451,-0.8451,0.0,0.0,1.4
75.7,0.0,0.0,-0.8451,-0.8451,0.0,0.0,1.4
75.72,0.0,0.0,-0.8451,-0.8451,0.0,0.0,1.4
75.74,0.0,0.0,-0.8451,-0.8451,0.0,0.0,1.4
75.76,0.0,0.0,-0.8451,-0.8451,0.0,0.0,1.4
75.78,0.0,0.0,-0.8451,-0.8451,0.0,0.0,1.4
75.8,0.0,0.0,-0.8451,-0.8451,0.0,0.0,1.4
75.82,0.0,0.0,-0.8451,-0.8451,0.0,0.0,1.4
75.84,0.0,0.0,-0.8451,-0.8451,0.0,0.0,1.4
75.86,0.0,0.0,-0.8451,-0.8451,0.0,0.0,1.4
75.88,0.0,0.0,-0.8451,-0.8451,0.0,0.0,1.4
75.9,0.0,0.0,-0.8451,-0.8451,0.0,0.0,1.4
75.92,0.0,0.0,-0.8451,-0.8451,0.0,0.0,1.4
75.94,0.0,0.0,-0.8451,-0.8451,0.0,0.0,1.4
75.96,0.0,0.0,-0.8451,-0.8451,0.0,0.0,1.4
75.98,0.0,0.0,-0.8451,-0.8451,0.0,0.0,1.4
76.0,0.0,0.0,-0.8451,-0.8451,0.0,0.0,1.4
76.02,0.0,0.0,-0.8451,-0.8451,0.0,0.0,1.4
76.04,0.0,0.0,-0.8451,-0.8451,0.0,0.0,1.4
76.06,0.0,0.0,-0.8451,-0.8451,0.0,0.0,1.4
76.08,0.0,0.0,-0.8451,-0.8451,0.0,0.0,1.4
76.1,0.0,0.0,-0.8451,-0.8451,0.0,0.0,1.4
76.12,0.0,0.0,-0.8451,-0.8451,0.0,0.0,1.4
76.14,0.0,0.0,-0.8451,-0.8451,0.0,0.0,1.4
76.16,0.0,0.0,-0.8451,-0.8451,0.0,0.0,1.4
76.18,0.0,0.0,-0.8451,-0.8451,0.0,0.0,1.4
76.2,0.0,0.0,-0.8451,-0.8451,0.0,0.0,1.4
76.22,0.0,0.0,-0.8451,-0.8451,0.0,0.0,1.4
76.24,0.0,0.0,-0.8451,-0.8451,0.0,0.0,1.4
76.26,0.0,0.0,-0.8451,-0.8451,0.0,0.0,1.4
76.28,0.0,0.0,-0.8451,-0.8451,0.0,0.0,1.4
76.3,0.0,0.0,-0.8451,-0.8451,0.0,0.0,1.4
76.32,0.0,0.0,-0.8451,-0.8451,0.0,0.0,1.4
76.34,0.0,0.0,-0.8451,-0.8451,0.0,0.0,1.4
76.36,0.0,0.0,-0.8451,-0.8451,0.0,0.0,1.4
76.38,0.0,0.0,-0.8451,-0.8451,0.0,0.0,1.4
76.4,0.0,0.0,-0.8451,-0.8451,0.0,0.0,1.4
76.42,0.0,0.0,-0.8451,-0.8451,0.0,0.0,1.4
76.44,0.0,0.0,-0.8451,-0.8451,0.0,0.0,1.4
76.46,0.0,0.0,-0.8451,-0.8451,0.0,0.0,1.4
76.48,0.0,0.0,-0.8451,-0.8451,0.0,0.0,1.4
76.5,0.0,0.0,-0.8451,-0.8451,0.0,0.0,1.4
76.52,0.0,0.0,-0.8451,-0.8451,0.0,0.0,1.4
76.54,0.0,0.0,-0.8451,-0.8451,0.0,0.0,1.4
76.56,0.0,0.0,-0.8451,-0.8451,0.0,0.0,1.4
76.58,0.0,0.0,-0.8451,-0.8451,0.0,0.0,1.4
76.6,0.0,0.0,-0.8451,-0.8451,0.0,0.0,1.4
76.62,0.0,0.0,-0.8451,-0.8451,0.0,0.0,1.4
76.64,0.0,0.0,-0.8451,-0.8451,0.0,0.0,1.4
76.66,0.0,0.0,-0.8451,-0.8451,0.0,0.0,1.4
76.68,0.0,0.0,-0.8451,-0.8451,0.0,0.0,1.4
76.7,0.0,0.0,-0.8451,-0.8451,0.0,0.0,1.4
76.72,0.0,0.0,-0.8451,-0.8451,0.0,0.0,1.4
76.74,0.0,0.0,-0.8451,-0.8451,0.0,0.0,1.4
76.76,0.0,0.0,-0.8451,-0.8451,0.0,0.0,1.4
76.78,0.0,0.0,-0.8451,-0.8451,0.0,0.0,1.4
76.8,0.0,0.0,-0.8451,-0.8451,0.0,0.0,1.4
76.82,0.0,0.0,-0.8451,-0.8451,0.0,0.0,1.4
76.84,0.0,0.0,-0.8451,-0.8451,0.0,0.0,1.4
76.86,0.0,0.0,-0.8451,-0.8451,0.0,0.0,1.4
76.88,0.0,0.0,-0.8451,-0.8451,0.0,0.0,1.4
76.9,0.0,0.0,-0.8451,-0.8451,0.0,0.0,1.4
76.92,0.0,0.0,-0.8451,-0.8451,0.0,0.0,1.4
76.94,0.0,0.0,-0.8451,-0.8451,0.0,0.0,1.4
76.96,0.0,0.0,-0.8451,-0.8451,0.0,0.0,1.4
76.98,0.0,0.0,-0.8451,-0.8451,0.0,0.0,1.4
77.0,0.0,0.0,-0.8451,-0.8451,0.0,0.0,1.4
77.02,0.0,0.0,-0.8451,-0.8451,0.0,0.0,1.4
77.04,0.0,0.0,-0.8451,-0.8451,0.0,0.0,1.4
77.06,0.0,0.0,-0.8451,-0.8451,0.0,0.0,1.4
77.08,0.0,0.0,-0.8451,-0.8451,0.0,0.0,1.4
77.1,0.0,0.0,-0.8451,-0.8451,0.0,0.0,1.4
77.12,0.0,0.0,-0.8451,-0.8451,0.0,0.0,1.4
77.14,0.0,0.0,-0.8451,-0.8451,0.0,0.0,1.4
77.16,0.0,0.0,-0.8451,-0.8451,0.0,0.0,1.4
77.18,0.0,0.0,-0.8451,-0.8451,0.0,0.0,1.4
77.2,0.0,0.0,-0.8451,-0.8451,0.0,0.0,1.4
77.22,0.0,0.0,-0.8451,-0.8451,0.0,0.0,1.4
77.24,0.0,0.0,-0.8451,-0.8451,0.0,0.0,1.4
77.26,0.0,0.0,-0.8451,-0.8451,0.0,0.0,1.4
77.28,0.0,0.0,-0.8451,-0.8451,0.0,0.0,1.4
77.3,0.0,0.0,-0.8451,-0.8451,0.0,0.0,1.4
77.32,0.0,0.0,-0.8451,-0.8451,0.0,0.0,1.4
77.34,0.0,0.0,-0.8451,-0.8451,0.0,0.0,1.4
77.36,0.0,0.0,-0.8451,-0.8451,0.0,0.0,1.4
77.38,0.0,0.0,-0.8451,-0.8451,0.0,0.0,1.4
77.4,0.0,0.0,-0.8451,-0.8451,0.0,0.0,1.4
77.42,0.0,0.0,-0.8451,-0.8451,0.0,0.0,1.4
77.44,0.0,0.0,-0.8451,-0.8451,0.0,0.0,1.4
77.46,0.0,0.0,-0.8451,-0.8451,0.0,0.0,1.4
77.48,0.0,0.0,-0.8451,-0.8451,0.0,0.0,1.4
77.5,0.0,0.0,-0.8451,-0.8451,0.0,0.0,1.4
77.52,0.0,0.0,-0.8451,-0.8451,0.0,0.0,1.4
77.54,0.0,0.0,-0.8451,-0.8451,0.0,0.0,1.4
77.56,0.0,0.0,-0.8451,-0.8451,0.0,0.0,1.4
77.58,0.0,0.0,-0.8451,-0.8451,0.0,0.0,1.4
77.6,0.0,0.0,-0.8451,-0.8451,0.0,0.0,1.4
77.62,0.0,0.0,-0.8451,-0.8451,0.0,0.0,1.4
77.64,0.0,0.0,-0.8451,-0.8451,0.0,0.0,1.4
77.66,0.0,0.0,-0.8451,-0.8451,0.0,0.0,1.4
77.68,0.0,0.0,-0.8451,-0.8451,0.0,0.0,1.4
77.7,0.0,0.0,-0.8451,-0.8451,0.0,0.0,1.4
77.72,0.0,0.0,-0.8451,-0.8451,0.0,0.0,1.4
77.74,0.0,0.0,-0.8451,-0.8451,0.0,0.0,1.4
77.76,0.0,0.0,-0.8451,-0.8451,0.0,0.0,1.4
77.78,0.0,0.0,-0.8451,-0.8451,0.0,0.0,1.4
77.8,0.0,0.0,-0.8451,-0.8451,0.0,0.0,1.4
77.82,0.0,0.0,-0.8451,-0.8451,0.0,0.0,1.4
77.84,0.0,0.0,-0.8451,-0.8451,0.0,0.0,1.4
77.86,0.0,0.0,-0.8451,-0.8451,0.0,0.0,1.4
77.88,0.0,0.0,-0.8451,-0.8451,0.0,0.0,1.4
77.9,0.0,0.0,-0.8451,-0.8451,0.0,0.0,1.4
77.92,0.0,0.0,-0.8451,-0.8451,0.0,0.0,1.4
77.94,0.0,0.0,-0.8451,-0.8451,0.0,0.0,1.4
77.96,0.0,0.0,-0.8451,-0.8451,0.0,0.0,1.4
77.98,0.0,0.0,-0.8451,-0.8451,0.0,0.0,1.4
78.0,0.0,0.0,-0.8451,-0.8451,0.0,0.0,1.4
78.02,0.0,0.0,-0.8451,-0.8451,0.0,0.0,1.4
78.04,0.0,0.0,-0.8451,-0.8451,0.0,0.0,1.4
78.06,0.0,0.0,-0.8451,-0.8451,0.0,0.0,1.4
78.08,0.0,0.0,-0.8451,-0.8451,0.0,0.0,1.4
78.1,0.0,0.0,-0.8451,-0.8451,0.0,0.0,1.4
78.12,0.0,0.0,-0.8451,-0.8451,0.0,0.0,1.4
78.14,0.0,0.0,-0.8451,-0.8451,0.0,0.0,1.4
78.16,0.0,0.0,-0.8451,-0.8451,0.0,0.0,1.4
78.18,0.0,0.0,-0.8451,-0.8451,0.0,0.0,1.4
78.2,0.0,0.0,-0.8451,-0.8451,0.0,0.0,1.4
78.22,0.0,0.0,-0.8451,-0.8451,0.0,0.0,1.4
78.24,0.0,0.0,-0.8451,-0.8451,0.0,0.0,1.4
78.26,0.0,0.0,-0.8451,-0.8451,0.0,0.0,1.4
78.28,0.0,0.0,-0.8451,-0.8451,0.0,0.0,1.4
78.3,0.0,0.0,-0.8451,-0.8451,0.0,0.0,1.4
78.32,0.0,0.0,-0.8451,-0.8451,0.0,0.0,1.4
78.34,0.0,0.0,-0.8451,-0.8451,0.0,0.0,1.4
78.36,0.0,0.0,-0.8451,-0.8451,0.0,0.0,1.4
78.38,0.0,0.0,-0.8451,-0.8451,0.0,0.0,1.4
78.4,0.0,0.0,-0.8451,-0.8451,0.0,0.0,1.4
78.42,0.0,0.0,-0.8451,-0.8451,0.0,0.0,1.4
78.44,0.0,0.0,-0.8451,-0.8451,0.0,0.0,1.4
78.46,0.0,0.0,-0.8451,-0.8451,0.0,0.0,1.4
78.48,0.0,0.0,-0.8451,-0.8451,0.0,0.0,1.4
78.5,0.0,0.0,-0.8451,-0.8451,0.0,0.0,1.4
78.52,0.0,0.0,-0.8451,-0.8451,0.0,0.0,1.4
78.54,0.0,0.0,-0.8451,-0.8451,0.0,0.0,1.4
78.56,0.0,0.0,-0.8451,-0.8451,0.0,0.0,1.4
78.58,0.0,0.0,-0.8451,-0.8451,0.0,0.0,1.4
78.6,0.0,0.0,-0.8451,-0.8451,0.0,0.0,1.4
78.62,0.0,0.0,-0.8451,-0.8451,0.0,0.0,1.4
78.64,0.0,0.0,-0.8451,-0.8451,0.0,0.0,1.4
78.66,0.0,0.0,-0.8451,-0.8451,0.0,0.0,1.4
78.68,0.0,0.0,-0.8451,-0.8451,0.0,0.0,1.4
78.7,0.0,0.0,-0.8451,-0.8451,0.0,0.0,1.4
78.72,0.0,0.0,-0.8451,-0.8451,0.0,0.0,1.4
78.74,0.0,0.0,-0.8451,-0.8451,0.0,0.0,1.4
78.76,0.0,0.0,-0.8451,-0.8451,0.0,0.0,1.4
78.78,0.0,0.0,-0.8451,-0.8451,0.0,0.0,1.4
78.8,0.0,0.0,-0.8451,-0.8451,0.0,0.0,1.4
78.82,0.0,0.0,-0.8451,-0.8451,0.0,0.0,1.4
78.84,0.0,0.0,-0.8451,-0.8451,0.0,0.0,1.4
78.86,0.0,0.0,-0.8451,-0.8451,0.0,0.0,1.4
78.88,0.0,0.0,-0.8451,-0.8451,0.0,0.0,1.4
78.9,0.0,0.0,-0.8451,-0.8451,0.0,0.0,1.4
78.92,0.0,0.0,-0.8451,-0.8451,0.0,0.0,1.4
78.94,0.0,0.0,-0.8451,-0.8451,0.0,0.0,1.4
78.96,0.0,0.0,-0.8451,-0.8451,0.0,0.0,1.4
78.98,0.0,0.0,-0.8451,-0.8451,0.0,0.0,1.4
79.0,0.0,0.0,-0.8451,-0.8451,0.0,0.0,1.4
79.02,0.0,0.0,-0.8451,-0.8451,0.0,0.0,1.4
79.04,0.0,0.0,-0.8451,-0.8451,0.0,0.0,1.4
79.06,0.0,0.0,-0.8451,-0.8451,0.0,0.0,1.4
79.08,0.0,0.0,-0.8451,-0.8451,0.0,0.0,1.4
79.1,0.0,0.0,-0.8451,-0.8451,0.0,0.0,1.4
79.12,0.0,0.0,-0.8451,-0.8451,0.0,0.0,1.4
79.14,0.0,0.0,-0.8451,-0.8451,0.0,0.0,1.4
79.16,0.0,0.0,-0.8451,-0.8451,0.0,0.0,1.4
79.18,0.0,0.0,-0.8451,-0.8451,0.0,0.0,1.4
79.2,0.0,0.0,-0.8451,-0.8451,0.0,0.0,1.4
79.22,0.0,0.0,-0.8451,-0.8451,0.0,0.0,1.4
79.24,0.0,0.0,-0.8451,-0.8451,0.0,0.0,1.4
79.26,0.0,0.0,-0.8451,-0.8451,0.0,0.0,1.4
79.28,0.0,0.0,-0.8451,-0.8451,0.0,0.0,1.4
79.3,0.0,0.0,-0.8451,-0.8451,0.0,0.0,1.4
79.32,0.0,0.0,-0.8451,-0.8451,0.0,0.0,1.4
79.34,0.0,0.0,-0.8451,-0.8451,0.0,0.0,1.4
79.36,0.0,0.0,-0.8451,-0.8451,0.0,0.0,1.4
79.38,0.0,0.0,-0.8451,-0.8451,0.0,0.0,1.4
79.4,0.0,0.0,-0.8451,-0.8451,0.0,0.0,1.4
79.42,0.0,0.0,-0.8451,-0.8451,0.0,0.0,1.4
79.44,0.0,0.0,-0.8451,-0.8451,0.0,0.0,1.4
79.46,0.0,0.0,-0.8451,-0.8451,0.0,0.0,1.4
79.48,0.0,0.0,-0.8451,-0.8451,0.0,0.0,1.4
79.5,0.0,0.0,-0.8451,-0.8451,0.0,0.0,1.4
79.52,0.0,0.0,-0.8451,-0.8451,0.0,0.0,1.4
79.54,0.0,0.0,-0.8451,-0.8451,0.0,0.0,1.4
79.56,0.0,0.0,-0.8451,-0.8451,0.0,0.0,1.4
79.58,0.0,0.0,-0.8451,-0.8451,0.0,0.0,1.4
79.6,0.0,0.0,-0.8451,-0.8451,0.0,0.0,1.4
79.62,0.0,0.0,-0.8451,-0.8451,0.0,0.0,1.4
79.64,0.0,0.0,-0.8451,-0.8451,0.0,0.0,1.4
79.66,0.0,0.0,-0.8451,-0.8451,0.0,0.0,1.4
79.68,0.0,0.0,-0.8451,-0.8451,0.0,0.0,1.4
79.7,0.0,0.0,-0.8451,-0.8451,0.0,0.0,1.4
79.72,0.0,0.0,-0.8451,-0.8451,0.0,0.0,1.4
79.74,0.0,0.0,-0.8451,-0.8451,0.0,0.0,1.4
79.76,0.0,0.0,-0.8451,-0.8451,0.0,0.0,1.4
79.78,0.0,0.0,-0.8451,-0.8451,0.0,0.0,1.4
79.8,0.0,0.0,-0.8451,-0.8451,0.0,0.0,1.4
79.82,0.0,0.0,-0.8451,-0.8451,0.0,0.0,1.4
79.84,0.0,0.0,-0.8451,-0.8451,0.0,0.0,1.4
79.86,0.0,0.0,-0.8451,-0.8451,0.0,0.0,1.4
79.88,0.0,0.0,-0.8451,-0.8451,0.0,0.0,1.4
79.9,0.0,0.0,-0.8451,-0.8451,0.0,0.0,1.4
79.92,0.0,0.0,-0.8451,-0.8451,0.0,0.0,1.4
79.94,0.0,0.0,-0.8451,-0.8451,0.0,0.0,1.4
79.96,0.0,0.0,-0.8451,-0.8451,0.0,0.0,1.4
79.98,0.0,0.0,-0.8451,-0.8451,0.0,0.0,1.4
80.0,0.0,0.0,-0.8451,-0.8451,0.0,0.0,1.4
80.02,0.0,0.0,-0.8451,-0.8451,0.0,0.0,1.4
80.04,0.0,0.0,-0.8451,-0.8451,0.0,0.0,1.4
80.06,0.0,0.0,-0.8451,-0.8451,0.0,0.0,1.4
80.08,0.0,0.0,-0.8451,-0.8451,0.0,0.0,1.4
80.1,0.0,0.0,-0.8451,-0.8451,0.0,0.0,1.4
80.12,0.0,0.0,-0.8451,-0.8451,0.0,0.0,1.4
80.14,0.0,0.0,-0.8451,-0.8451,0.0,0.0,1.4
80.16,0.0,0.0,-0.8451,-0.8451,0.0,0.0,1.4
80.18,0.0,0.0,-0.8451,-0.8451,0.0,0.0,1.4
80.2,0.0,0.0,-0.8451,-0.8451,0.0,0.0,1.4
80.22,0.0,0.0,-0.8451,-0.8451,0.0,0.0,1.4
80.24,0.0,0.0,-0.8451,-0.8451,0.0,0.0,1.4
80.26,0.0,0.0,-0.8451,-0.8451,0.0,0.0,1.4
80.28,0.0,0.0,-0.8451,-0.8451,0.0,0.0,1.4
80.3,0.0,0.0,-0.8451,-0.8451,0.0,0.0,1.4
80.32,0.0,0.0,-0.8451,-0.8451,0.0,0.0,1.4
80.34,0.0,0.0,-0.8451,-0.8451,0.0,0.0,1.4
80.36,0.0,0.0,-0.8451,-0.8451,0.0,0.0,1.4
80.38,0.0,0.0,-0.8451,-0.8451,0.0,0.0,1.4
80.4,0.0,0.0,-0.8451,-0.8451,0.0,0.0,1.4
80.42,0.0,0.0,-0.8451,-0.8451,0.0,0.0,1.4
80.44,0.0,0.0,-0.8451,-0.8451,0.0,0.0,1.4
80.46,0.0,0.0,-0.8451,-0.8451,0.0,0.0,1.4
80.48,0.0,0.0,-0.8451,-0.8451,0.0,0.0,1.4
80.5,0.0,0.0,-0.8451,-0.8451,0.0,0.0,1.4
80.52,0.0,0.0,-0.8451,-0.8451,0.0,0.0,1.4
80.54,0.0,0.0,-0.8451,-0.8451,0.0,0.0,1.4
80.56,0.0,0.0,-0.8451,-0.8451,0.0,0.0,1.4
80.58,0.0,0.0,-0.8451,-0.8451,0.0,0.0,1.4
80.6,0.0,0.0,-0.8451,-0.8451,0.0,0.0,1.4
80.62,0.0,0.0,-0.8451,-0.8451,0.0,0.0,1.4
80.64,0.0,0.0,-0.8451,-0.8451,0.0,0.0,1.4
80.66,0.0,0.0,-0.8451,-0.8451,0.0,0.0,1.4
80.68,0.0,0.0,-0.8451,-0.8451,0.0,0.0,1.4
80.7,0.0,0.0,-0.8451,-0.8451,0.0,0.0,1.4
80.72,0.0,0.0,-0.8451,-0.8451,0.0,0.0,1.4
80.74,0.0,0.0,-0.8451,-0.8451,0.0,0.0,1.4
80.76,0.0,0.0,-0.8451,-0.8451,0.0,0.0,1.4
80.78,0.0,0.0,-0.8451,-0.8451,0.0,0.0,1.4
80.8,0.0,0.0,-0.8451,-0.8451,0.0,0.0,1.4
80.82,0.0,0.0,-0.8451,-0.8451,0.0,0.0,1.4
80.84,0.0,0.0,-0.8451,-0.8451,0.0,0.0,1.4
80.86,0.0,0.0,-0.8451,-0.8451,0.0,0.0,1.4
80.88,0.0,0.0,-0.8451,-0.8451,0.0,0.0,1.4
80.9,0.0,0.0,-0.8451,-0.8451,0.0,0.0,1.4
80.92,0.0,0.0,-0.8451,-0.8451,0.0,0.0,1.4
80.94,0.0,0.0,-0.8451,-0.8451,0.0,0.0,1.4
80.96,0.0,0.0,-0.8451,-0.8451,0.0,0.0,1.4
80.98,0.0,0.0,-0.8451,-0.8451,0.0,0.0,1.4
81.0,0.0,0.0,-0.8451,-0.8451,0.0,0.0,1.4
81.02,0.0,0.0,-0.8451,-0.8451,0.0,0.0,1.4
81.04,0.0,0.0,-0.8451,-0.8451,0.0,0.0,1.4
81.06,0.0,0.0,-0.8451,-0.8451,0.0,0.0,1.4
81.08,0.0,0.0,-0.8451,-0.8451,0.0,0.0,1.4
81.1,0.0,0.0,-0.8451,-0.8451,0.0,0.0,1.4
81.12,0.0,0.0,-0.8451,-0.8451,0.0,0.0,1.4
81.14,0.0,0.0,-0.8451,-0.8451,0.0,0.0,1.4
81.16,0.0,0.0,-0.8451,-0.8451,0.0,0.0,1.4
81.18,0.0,0.0,-0.8451,-0.8451,0.0,0.0,1.4
81.2,0.0,0.0,-0.8451,-0.8451,0.0,0.0,1.4
81.22,0.0,0.0,-0.8451,-0.8451,0.0,0.0,1.4
81.24,0.0,0.0,-0.8451,-0.8451,0.0,0.0,1.4
81.26,0.0,0.0,-0.8451,-0.8451,0.0,0.0,1.4
81.28,0.0,0.0,-0.8451,-0.8451,0.0,0.0,1.4
81.3,0.0,0.0,-0.8451,-0.8451,0.0,0.0,1.4
81.32,0.0,0.0,-0.8451,-0.8451,0.0,0.0,1.4
81.34,0.0,0.0,-0.8451,-0.8451,0.0,0.0,1.4
81.36,0.0,0.0,-0.8451,-0.8451,0.0,0.0,1.4
81.38,0.0,0.0,-0.8451,-0.8451,0.0,0.0,1.4
81.4,0.0,0.0,-0.8451,-0.8451,0.0,0.0,1.4
81.42,0.0,0.0,-0.8451,-0.8451,0.0,0.0,1.4
81.44,0.0,0.0,-0.8451,-0.8451,0.0,0.0,1.4
81.46,0.0,0.0,-0.8451,-0.8451,0.0,0.0,1.4
81.48,0.0,0.0,-0.8451,-0.8451,0.0,0.0,1.4
81.5,0.0,0.0,-0.8451,-0.8451,0.0,0.0,1.4
81.52,0.0,0.0,-0.8451,-0.8451,0.0,0.0,1.4
81.54,0.0,0.0,-0.8451,-0.8451,0.0,0.0,1.4
81.56,0.0,0.0,-0.8451,-0.8451,0.0,0.0,1.4
81.58,0.0,0.0,-0.8451,-0.8451,0.0,0.0,1.4
81.6,0.0,0.0,-0.8451,-0.8451,0.0,0.0,1.4
81.62,0.0,0.0,-0.8451,-0.8451,0.0,0.0,1.4
81.64,0.0,0.0,-0.8451,-0.8451,0.0,0.0,1.4
81.66,0.0,0.0,-0.8451,-0.8451,0.0,0.0,1.4
81.68,0.0,0.0,-0.8451,-0.8451,0.0,0.0,1.4
81.7,0.0,0.0,-0.8451,-0.8451,0.0,0.0,1.4
81.72,0.0,0.0,-0.8451,-0.8451,0.0,0.0,1.4
81.74,0.0,0.0,-0.8451,-0.8451,0.0,0.0,1.4
81.76,0.0,0.0,-0.8451,-0.8451,0.0,0.0,1.4
81.78,0.0,0.0,-0.8451,-0.8451,0.0,0.0,1.4
81.8,0.0,0.0,-0.8451,-0.8451,0.0,0.0,1.4
81.82,0.0,0.0,-0.8451,-0.8451,0.0,0.0,1.4
81.84,0.0,0.0,-0.8451,-0.8451,0.0,0.0,1.4
81.86,0.0,0.0,-0.8451,-0.8451,0.0,0.0,1.4
81.88,0.0,0.0,-0.8451,-0.8451,0.0,0.0,1.4
81.9,0.0,0.0,-0.8451,-0.8451,0.0,0.0,1.4
81.92,0.0,0.0,-0.8451,-0.8451,0.0,0.0,1.4
81.94,0.0,0.0,-0.8451,-0.8451,0.0,0.0,1.4
81.96,0.0,0.0,-0.8451,-0.8451,0.0,0.0,1.4
81.98,0.0,0.0,-0.8451,-0.8451,0.0,0.0,1.4
82.0,0.0,0.0,-0.8451,-0.8451,0.0,0.0,1.4
82.02,0.0,0.0,-0.8451,-0.8451,0.0,0.0,1.4
82.04,0.0,0.0,-0.8451,-0.8451,0.0,0.0,1.4
82.06,0.0,0.0,-0.8451,-0.8451,0.0,0.0,1.4
82.08,0.0,0.0,-0.8451,-0.8451,0.0,0.0,1.4
82.1,0.0,0.0,-0.8451,-0.8451,0.0,0.0,1.4
82.12,0.0,0.0,-0.8451,-0.8451,0.0,0.0,1.4
82.14,0.0,0.0,-0.8451,-0.8451,0.0,0.0,1.4
82.16,0.0,0.0,-0.8451,-0.8451,0.0,0.0,1.4
82.18,0.0,0.0,-0.8451,-0.8451,0.0,0.0,1.4
82.2,0.0,0.0,-0.8451,-0.8451,0.0,0.0,1.4
82.22,0.0,0.0,-0.8451,-0.8451,0.0,0.0,1.4
82.24,0.0,0.0,-0.8451,-0.8451,0.0,0.0,1.4
82.26,0.0,0.0,-0.8451,-0.8451,0.0,0.0,1.4
82.28,0.0,0.0,-0.8451,-0.8451,0.0,0.0,1.4
82.3,0.0,0.0,-0.8451,-0.8451,0.0,0.0,1.4
82.32,0.0,0.0,-0.8451,-0.8451,0.0,0.0,1.4
82.34,0.0,0.0,-0.8451,-0.8451,0.0,0.0,1.4
82.36,0.0,0.0,-0.8451,-0.8451,0.0,0.0,1.4
82.38,0.0,0.0,-0.8451,-0.8451,0.0,0.0,1.4
82.4,0.0,0.0,-0.8451,-0.8451,0.0,0.0,1.4
82.42,0.0,0.0,-0.8451,-0.8451,0.0,0.0,1.4
82.44,0.0,0.0,-0.8451,-0.8451,0.0,0.0,1.4
82.46,0.0,0.0,-0.8451,-0.8451,0.0,0.0,1.4
82.48,0.0,0.0,-0.8451,-0.8451,0.0,0.0,1.4
82.5,0.0,0.0,-0.8451,-0.8451,0.0,0.0,1.4
82.52,0.0,0.0,-0.8451,-0.8451,0.0,0.0,1.4
82.54,0.0,0.0,-0.8451,-0.8451,0.0,0.0,1.4
82.56,0.0,0.0,-0.8451,-0.8451,0.0,0.0,1.4
82.58,0.0,0.0,-0.8451,-0.8451,0.0,0.0,1.4
82.6,0.0,0.0,-0.8451,-0.8451,0.0,0.0,1.4
82.62,0.0,0.0,-0.8451,-0.8451,0.0,0.0,1.4
82.64,0.0,0.0,-0.8451,-0.8451,0.0,0.0,1.4
82.66,0.0,0.0,-0.8451,-0.8451,0.0,0.0,1.4
82.68,0.0,0.0,-0.8451,-0.8451,0.0,0.0,1.4
82.7,0.0,0.0,-0.8451,-0.8451,0.0,0.0,1.4
82.72,0.0,0.0,-0.8451,-0.8451,0.0,0.0,1.4
82.74,0.0,0.0,-0.8451,-0.8451,0.0,0.0,1.4
82.76,0.0,0.0,-0.8451,-0.8451,0.0,0.0,1.4
82.78,0.0,0.0,-0.8451,-0.8451,0.0,0.0,1.4
82.8,0.0,0.0,-0.8451,-0.8451,0.0,0.0,1.4
82.82,0.0,0.0,-0.8451,-0.8451,0.0,0.0,1.4
82.84,0.0,0.0,-0.8451,-0.8451,0.0,0.0,1.4
82.86,0.0,0.0,-0.8451,-0.8451,0.0,0.0,1.4
82.88,0.0,0.0,-0.8451,-0.8451,0.0,0.0,1.4
82.9,0.0,0.0,-0.8451,-0.8451,0.0,0.0,1.4
82.92,0.0,0.0,-0.8451,-0.8451,0.0,0.0,1.4
82.94,0.0,0.0,-0.8451,-0.8451,0.0,0.0,1.4
82.96,0.0,0.0,-0.8451,-0.8451,0.0,0.0,1.4
82.98,0.0,0.0,-0.8451,-0.8451,0.0,0.0,1.4
83.0,0.0,0.0,-0.8451,-0.8451,0.0,0.0,1.4
83.02,0.0,0.0,-0.8451,-0.8451,0.0,0.0,1.4
83.04,0.0,0.0,-0.8451,-0.8451,0.0,0.0,1.4
83.06,0.0,0.0,-0.8451,-0.8451,0.0,0.0,1.4
83.08,0.0,0.0,-0.8451,-0.8451,0.0,0.0,1.4
83.1,0.0,0.0,-0.8451,-0.8451,0.0,0.0,1.4
83.12,0.0,0.0,-0.8451,-0.8451,0.0,0.0,1.4
83.14,0.0,0.0,-0.8451,-0.8451,0.0,0.0,1.4
83.16,0.0,0.0,-0.8451,-0.8451,0.0,0.0,1.4
83.18,0.0,0.0,-0.8451,-0.8451,0.0,0.0,1.4
83.2,0.0,0.0,-0.8451,-0.8451,0.0,0.0,1.4
83.22,0.0,0.0,-0.8451,-0.8451,0.0,0.0,1.4
83.24,0.0,0.0,-0.8451,-0.8451,0.0,0.0,1.4
83.26,0.0,0.0,-0.8451,-0.8451,0.0,0.0,1.4
83.28,0.0,0.0,-0.8451,-0.8451,0.0,0.0,1.4
83.3,0.0,0.0,-0.8451,-0.8451,0.0,0.0,1.4
83.32,0.0,0.0,-0.8451,-0.8451,0.0,0.0,1.4
83.34,0.0,0.0,-0.8451,-0.8451,0.0,0.0,1.4
83.36,0.0,0.0,-0.8451,-0.8451,0.0,0.0,1.4
83.38,0.0,0.0,-0.8451,-0.8451,0.0,0.0,1.4
83.4,0.0,0.0,-0.8451,-0.8451,0.0,0.0,1.4
83.42,0.0,0.0,-0.8451,-0.8451,0.0,0.0,1.4
83.44,0.0,0.0,-0.8451,-0.8451,0.0,0.0,1.4
83.46,0.0,0.0,-0.8451,-0.8451,0.0,0.0,1.4
83.48,0.0,0.0,-0.8451,-0.8451,0.0,0.0,1.4
83.5,0.0,0.0,-0.8451,-0.8451,0.0,0.0,1.4
83.52,0.0,0.0,-0.8451,-0.8451,0.0,0.0,1.4
83.54,0.0,0.0,-0.8451,-0.8451,0.0,0.0,1.4
83.56,0.0,0.0,-0.8451,-0.8451,0.0,0.0,1.4
83.58,0.0,0.0,-0.8451,-0.8451,0.0,0.0,1.4
83.6,0.0,0.0,-0.8451,-0.8451,0.0,0.0,1.4
83.62,0.0,0.0,-0.8451,-0.8451,0.0,0.0,1.4
83.64,0.0,0.0,-0.8451,-0.8451,0.0,0.0,1.4
83.66,0.0,0.0,-0.8451,-0.8451,0.0,0.0,1.4
83.68,0.0,0.0,-0.8451,-0.8451,0.0,0.0,1.4
83.7,0.0,0.0,-0.8451,-0.8451,0.0,0.0,1.4
83.72,0.0,0.0,-0.8451,-0.8451,0.0,0.0,1.4
83.74,0.0,0.0,-0.8451,-0.8451,0.0,0.0,1.4
83.76,0.0,0.0,-0.8451,-0.8451,0.0,0.0,1.4
83.78,0.0,0.0,-0.8451,-0.8451,0.0,0.0,1.4
83.8,0.0,0.0,-0.8451,-0.8451,0.0,0.0,1.4
83.82,0.0,0.0,-0.8451,-0.8451,0.0,0.0,1.4
83.84,0.0,0.0,-0.8451,-0.8451,0.0,0.0,1.4
83.86,0.0,0.0,-0.8451,-0.8451,0.0,0.0,1.4
83.88,0.0,0.0,-0.8451,-0.8451,0.0,0.0,1.4
83.9,0.0,0.0,-0.8451,-0.8451,0.0,0.0,1.4
83.92,0.0,0.0,-0.8451,-0.8451,0.0,0.0,1.4
83.94,0.0,0.0,-0.8451,-0.8451,0.0,0.0,1.4
83.96,0.0,0.0,-0.8451,-0.8451,0.0,0.0,1.4
83.98,0.0,0.0,-0.8451,-0.8451,0.0,0.0,1.4
84.0,0.0,0.0,-0.8451,-0.8451,0.0,0.0,1.4
84.02,0.0,0.0,-0.8451,-0.8451,0.0,0.0,1.4
84.04,0.0,0.0,-0.8451,-0.8451,0.0,0.0,1.4
84.06,0.0,0.0,-0.8451,-0.8451,0.0,0.0,1.4
84.08,0.0,0.0,-0.8451,-0.8451,0.0,0.0,1.4
84.1,0.0,0.0,-0.8451,-0.8451,0.0,0.0,1.4
84.12,0.0,0.0,-0.8451,-0.8451,0.0,0.0,1.4
84.14,0.0,0.0,-0.8451,-0.8451,0.0,0.0,1.4
84.16,0.0,0.0,-0.8451,-0.8451,0.0,0.0,1.4
84.18,0.0,0.0,-0.8451,-0.8451,0.0,0.0,1.4
84.2,0.0,0.0,-0.8451,-0.8451,0.0,0.0,1.4
84.22,0.0,0.0,-0.8451,-0.8451,0.0,0.0,1.4
84.24,0.0,0.0,-0.8451,-0.8451,0.0,0.0,1.4
84.26,0.0,0.0,-0.8451,-0.8451,0.0,0.0,1.4
84.28,0.0,0.0,-0.8451,-0.8451,0.0,0.0,1.4
84.3,0.0,0.0,-0.8451,-0.8451,0.0,0.0,1.4
84.32,0.0,0.0,-0.8451,-0.8451,0.0,0.0,1.4
84.34,0.0,0.0,-0.8451,-0.8451,0.0,0.0,1.4
84.36,0.0,0.0,-0.8451,-0.8451,0.0,0.0,1.4
84.38,0.0,0.0,-0.8451,-0.8451,0.0,0.0,1.4
84.4,0.0,0.0,-0.8451,-0.8451,0.0,0.0,1.4
84.42,0.0,0.0,-0.8451,-0.8451,0.0,0.0,1.4
84.44,0.0,0.0,-0.8451,-0.8451,0.0,0.0,1.4
84.46,0.0,0.0,-0.8451,-0.8451,0.0,0.0,1.4
84.48,0.0,0.0,-0.8451,-0.8451,0.0,0.0,1.4
84.5,0.0,0.0,-0.8451,-0.8451,0.0,0.0,1.4
84.52,0.0,0.0,-0.8451,-0.8451,0.0,0.0,1.4
84.54,0.0,0.0,-0.8451,-0.8451,0.0,0.0,1.4
84.56,0.0,0.0,-0.8451,-0.8451,0.0,0.0,1.4
84.58,0.0,0.0,-0.8451,-0.8451,0.0,0.0,1.4
84.6,0.0,0.0,-0.8451,-0.8451,0.0,0.0,1.4
84.62,0.0,0.0,-0.8451,-0.8451,0.0,0.0,1.4
84.64,0.0,0.0,-0.8451,-0.8451,0.0,0.0,1.4
84.66,0.0,0.0,-0.8451,-0.8451,0.0,0.0,1.4
84.68,0.0,0.0,-0.8451,-0.8451,0.0,0.0,1.4
84.7,0.0,0.0,-0.8451,-0.8451,0.0,0.0,1.4
84.72,0.0,0.0,-0.8451,-0.8451,0.0,0.0,1.4
84.74,0.0,0.0,-0.8451,-0.8451,0.0,0.0,1.4
84.76,0.0,0.0,-0.8451,-0.8451,0.0,0.0,1.4
84.78,0.0,0.0,-0.8451,-0.8451,0.0,0.0,1.4
84.8,0.0,0.0,-0.8451,-0.8451,0.0,0.0,1.4
84.82,0.0,0.0,-0.8451,-0.8451,0.0,0.0,1.4
84.84,0.0,0.0,-0.8451,-0.8451,0.0,0.0,1.4
84.86,0.0,0.0,-0.8451,-0.8451,0.0,0.0,1.4
84.88,0.0,0.0,-0.8451,-0.8451,0.0,0.0,1.4
84.9,0.0,0.0,-0.8451,-0.8451,0.0,0.0,1.4
84.92,0.0,0.0,-0.8451,-0.8451,0.0,0.0,1.4
84.94,0.0,0.0,-0.8451,-0.8451,0.0,0.0,1.4
84.96,0.0,0.0,-0.8451,-0.8451,0.0,0.0,1.4
84.98,0.0,0.0,-0.8451,-0.8451,0.0,0.0,1.4
85.0,0.0,0.0,-0.8451,-0.8451,0.0,0.0,1.4
85.02,0.0,0.0,-0.8451,-0.8451,0.0,0.0,1.4
85.04,0.0,0.0,-0.8451,-0.8451,0.0,0.0,1.4
85.06,0.0,0.0,-0.8451,-0.8451,0.0,0.0,1.4
85.08,0.0,0.0,-0.8451,-0.8451,0.0,0.0,1.4
85.1,0.0,0.0,-0.8451,-0.8451,0.0,0.0,1.4
85.12,0.0,0.0,-0.8451,-0.8451,0.0,0.0,1.4
85.14,0.0,0.0,-0.8451,-0.8451,0.0,0.0,1.4
85.16,0.0,0.0,-0.8451,-0.8451,0.0,0.0,1.4
85.18,0.0,0.0,-0.8451,-0.8451,0.0,0.0,1.4
85.2,0.0,0.0,-0.8451,-0.8451,0.0,0.0,1.4
85.22,0.0,0.0,-0.8451,-0.8451,0.0,0.0,1.4
85.24,0.0,0.0,-0.8451,-0.8451,0.0,0.0,1.4
85.26,0.0,0.0,-0.8451,-0.8451,0.0,0.0,1.4
85.28,0.0,0.0,-0.8451,-0.8451,0.0,0.0,1.4
85.3,0.0,0.0,-0.8451,-0.8451,0.0,0.0,1.4
85.32,0.0,0.0,-0.8451,-0.8451,0.0,0.0,1.4
85.34,0.0,0.0,-0.8451,-0.8451,0.0,0.0,1.4
85.36,0.0,0.0,-0.8451,-0.8451,0.0,0.0,1.4
85.38,0.0,0.0,-0.8451,-0.8451,0.0,0.0,1.4
85.4,0.0,0.0,-0.8451,-0.8451,0.0,0.0,1.4
85.42,0.0,0.0,-0.8451,-0.8451,0.0,0.0,1.4
85.44,0.0,0.0,-0.8451,-0.8451,0.0,0.0,1.4
85.46,0.0,0.0,-0.8451,-0.8451,0.0,0.0,1.4
85.48,0.0,0.0,-0.8451,-0.8451,0.0,0.0,1.4
85.5,0.0,0.0,-0.8451,-0.8451,0.0,0.0,1.4
85.52,0.0,0.0,-0.8451,-0.8451,0.0,0.0,1.4
85.54,0.0,0.0,-0.8451,-0.8451,0.0,0.0,1.4
85.56,0.0,0.0,-0.8451,-0.8451,0.0,0.0,1.4
85.58,0.0,0.0,-0.8451,-0.8451,0.0,0.0,1.4
85.6,0.0,0.0,-0.8451,-0.8451,0.0,0.0,1.4
85.62,0.0,0.0,-0.8451,-0.8451,0.0,0.0,1.4
85.64,0.0,0.0,-0.8451,-0.8451,0.0,0.0,1.4
85.66,0.0,0.0,-0.8451,-0.8451,0.0,0.0,1.4
85.68,0.0,0.0,-0.8451,-0.8451,0.0,0.0,1.4
85.7,0.0,0.0,-0.8451,-0.8451,0.0,0.0,1.4
85.72,0.0,0.0,-0.8451,-0.8451,0.0,0.0,1.4
85.74,0.0,0.0,-0.8451,-0.8451,0.0,0.0,1.4
85.76,0.0,0.0,-0.8451,-0.8451,0.0,0.0,1.4
85.78,0.0,0.0,-0.8451,-0.8451,0.0,0.0,1.4
85.8,0.0,0.0,-0.8451,-0.8451,0.0,0.0,1.4
85.82,0.0,0.0,-0.8451,-0.8451,0.0,0.0,1.4
85.84,0.0,0.0,-0.8451,-0.8451,0.0,0.0,1.4
85.86,0.0,0.0,-0.8451,-0.8451,0.0,0.0,1.4
85.88,0.0,0.0,-0.8451,-0.8451,0.0,0.0,1.4
85.9,0.0,0.0,-0.8451,-0.8451,0.0,0.0,1.4
85.92,0.0,0.0,-0.8451,-0.8451,0.0,0.0,1.4
85.94,0.0,0.0,-0.8451,-0.8451,0.0,0.0,1.4
85.96,0.0,0.0,-0.8451,-0.8451,0.0,0.0,1.4
85.98,0.0,0.0,-0.8451,-0.8451,0.0,0.0,1.4
86.0,0.0,0.0,-0.8451,-0.8451,0.0,0.0,1.4
86.02,0.0,0.0,-0.8451,-0.8451,0.0,0.0,1.4
86.04,0.0,0.0,-0.8451,-0.8451,0.0,0.0,1.4
86.06,0.0,0.0,-0.8451,-0.8451,0.0,0.0,1.4
86.08,0.0,0.0,-0.8451,-0.8451,0.0,0.0,1.4
86.1,0.0,0.0,-0.8451,-0.8451,0.0,0.0,1.4
86.12,0.0,0.0,-0.8451,-0.8451,0.0,0.0,1.4
86.14,0.0,0.0,-0.8451,-0.8451,0.0,0.0,1.4
86.16,0.0,0.0,-0.8451,-0.8451,0.0,0.0,1.4
86.18,0.0,0.0,-0.8451,-0.8451,0.0,0.0,1.4
86.2,0.0,0.0,-0.8451,-0.8451,0.0,0.0,1.4
86.22,0.0,0.0,-0.8451,-0.8451,0.0,0.0,1.4
86.24,0.0,0.0,-0.8451,-0.8451,0.0,0.0,1.4
86.26,0.0,0.0,-0.8451,-0.8451,0.0,0.0,1.4
86.28,0.0,0.0,-0.8451,-0.8451,0.0,0.0,1.4
86.3,0.0,0.0,-0.8451,-0.8451,0.0,0.0,1.4
86.32,0.0,0.0,-0.8451,-0.8451,0.0,0.0,1.4
86.34,0.0,0.0,-0.8451,-0.8451,0.0,0.0,1.4
86.36,0.0,0.0,-0.8451,-0.8451,0.0,0.0,1.4
86.38,0.0,0.0,-0.8451,-0.8451,0.0,0.0,1.4
86.4,0.0,0.0,-0.8451,-0.8451,0.0,0.0,1.4
86.42,0.0,0.0,-0.8451,-0.8451,0.0,0.0,1.4
86.44,0.0,0.0,-0.8451,-0.8451,0.0,0.0,1.4
86.46,0.0,0.0,-0.8451,-0.8451,0.0,0.0,1.4
86.48,0.0,0.0,-0.8451,-0.8451,0.0,0.0,1.4
86.5,0.0,0.0,-0.8451,-0.8451,0.0,0.0,1.4
86.52,0.0,0.0,-0.8451,-0.8451,0.0,0.0,1.4
86.54,0.0,0.0,-0.8451,-0.8451,0.0,0.0,1.4
86.56,0.0,0.0,-0.8451,-0.8451,0.0,0.0,1.4
86.58,0.0,0.0,-0.8451,-0.8451,0.0,0.0,1.4
86.6,0.0,0.0,-0.8451,-0.8451,0.0,0.0,1.4
86.62,0.0,0.0,-0.8451,-0.8451,0.0,0.0,1.4
86.64,0.0,0.0,-0.8451,-0.8451,0.0,0.0,1.4
86.66,0.0,0.0,-0.8451,-0.8451,0.0,0.0,1.4
86.68,0.0,0.0,-0.8451,-0.8451,0.0,0.0,1.4
86.7,0.0,0.0,-0.8451,-0.8451,0.0,0.0,1.4
86.72,0.0,0.0,-0.8451,-0.8451,0.0,0.0,1.4
86.74,0.0,0.0,-0.8451,-0.8451,0.0,0.0,1.4
86.76,0.0,0.0,-0.8451,-0.8451,0.0,0.0,1.4
86.78,0.0,0.0,-0.8451,-0.8451,0.0,0.0,1.4
86.8,0.0,0.0,-0.8451,-0.8451,0.0,0.0,1.4
86.82,0.0,0.0,-0.8451,-0.8451,0.0,0.0,1.4
86.84,0.0,0.0,-0.8451,-0.8451,0.0,0.0,1.4
86.86,0.0,0.0,-0.8451,-0.8451,0.0,0.0,1.4
86.88,0.0,0.0,-0.8451,-0.8451,0.0,0.0,1.4
86.9,0.0,0.0,-0.8451,-0.8451,0.0,0.0,1.4
86.92,0.0,0.0,-0.8451,-0.8451,0.0,0.0,1.4
86.94,0.0,0.0,-0.8451,-0.8451,0.0,0.0,1.4
86.96,0.0,0.0,-0.8451,-0.8451,0.0,0.0,1.4
86.98,0.0,0.0,-0.8451,-0.8451,0.0,0.0,1.4
87.0,0.0,0.0,-0.8451,-0.8451,0.0,0.0,1.4
87.02,0.0,0.0,-0.8451,-0.8451,0.0,0.0,1.4
87.04,0.0,0.0,-0.8451,-0.8451,0.0,0.0,1.4
87.06,0.0,0.0,-0.8451,-0.8451,0.0,0.0,1.4
87.08,0.0,0.0,-0.8451,-0.8451,0.0,0.0,1.4
87.1,0.0,0.0,-0.8451,-0.8451,0.0,0.0,1.4
87.12,0.0,0.0,-0.8451,-0.8451,0.0,0.0,1.4
87.14,0.0,0.0,-0.8451,-0.8451,0.0,0.0,1.4
87.16,0.0,0.0,-0.8451,-0.8451,0.0,0.0,1.4
87.18,0.0,0.0,-0.8451,-0.8451,0.0,0.0,1.4
87.2,0.0,0.0,-0.8451,-0.8451,0.0,0.0,1.4
87.22,0.0,0.0,-0.8451,-0.8451,0.0,0.0,1.4
87.24,0.0,0.0,-0.8451,-0.8451,0.0,0.0,1.4
87.26,0.0,0.0,-0.8451,-0.8451,0.0,0.0,1.4
87.28,0.0,0.0,-0.8451,-0.8451,0.0,0.0,1.4
87.3,0.0,0.0,-0.8451,-0.8451,0.0,0.0,1.4
87.32,0.0,0.0,-0.8451,-0.8451,0.0,0.0,1.4
87.34,0.0,0.0,-0.8451,-0.8451,0.0,0.0,1.4
87.36,0.0,0.0,-0.8451,-0.8451,0.0,0.0,1.4
87.38,0.0,0.0,-0.8451,-0.8451,0.0,0.0,1.4
87.4,0.0,0.0,-0.8451,-0.8451,0.0,0.0,1.4
87.42,0.0,0.0,-0.8451,-0.8451,0.0,0.0,1.4
87.44,0.0,0.0,-0.8451,-0.8451,0.0,0.0,1.4
87.46,0.0,0.0,-0.8451,-0.8451,0.0,0.0,1.4
87.48,0.0,0.0,-0.8451,-0.8451,0.0,0.0,1.4
87.5,0.0,0.0,-0.8451,-0.8451,0.0,0.0,1.4
87.52,0.0,0.0,-0.8451,-0.8451,0.0,0.0,1.4
87.54,0.0,0.0,-0.8451,-0.8451,0.0,0.0,1.4
87.56,0.0,0.0,-0.8451,-0.8451,0.0,0.0,1.4
87.58,0.0,0.0,-0.8451,-0.8451,0.0,0.0,1.4
87.6,0.0,0.0,-0.8451,-0.8451,0.0,0.0,1.4
87.62,0.0,0.0,-0.8451,-0.8451,0.0,0.0,1.4
87.64,0.0,0.0,-0.8451,-0.8451,0.0,0.0,1.4
87.66,0.0,0.0,-0.8451,-0.8451,0.0,0.0,1.4
87.68,0.0,0.0,-0.8451,-0.8451,0.0,0.0,1.4
87.7,0.0,0.0,-0.8451,-0.8451,0.0,0.0,1.4
87.72,0.0,0.0,-0.8451,-0.8451,0.0,0.0,1.4
87.74,0.0,0.0,-0.8451,-0.8451,0.0,0.0,1.4
87.76,0.0,0.0,-0.8451,-0.8451,0.0,0.0,1.4
87.78,0.0,0.0,-0.8451,-0.8451,0.0,0.0,1.4
87.8,0.0,0.0,-0.8451,-0.8451,0.0,0.0,1.4
87.82,0.0,0.0,-0.8451,-0.8451,0.0,0.0,1.4
87.84,0.0,0.0,-0.8451,-0.8451,0.0,0.0,1.4
87.86,0.0,0.0,-0.8451,-0.8451,0.0,0.0,1.4
87.88,0.0,0.0,-0.8451,-0.8451,0.0,0.0,1.4
87.9,0.0,0.0,-0.8451,-0.8451,0.0,0.0,1.4
87.92,0.0,0.0,-0.8451,-0.8451,0.0,0.0,1.4
87.94,0.0,0.0,-0.8451,-0.8451,0.0,0.0,1.4
87.96,0.0,0.0,-0.8451,-0.8451,0.0,0.0,1.4
87.98,0.0,0.0,-0.8451,-0.8451,0.0,0.0,1.4
88.0,0.0,0.0,-0.8451,-0.8451,0.0,0.0,1.4
88.02,0.0,0.0,-0.8451,-0.8451,0.0,0.0,1.4
88.04,0.0,0.0,-0.8451,-0.8451,0.0,0.0,1.4
88.06,0.0,0.0,-0.8451,-0.8451,0.0,0.0,1.4
88.08,0.0,0.0,-0.8451,-0.8451,0.0,0.0,1.4
88.1,0.0,0.0,-0.8451,-0.8451,0.0,0.0,1.4
88.12,0.0,0.0,-0.8451,-0.8451,0.0,0.0,1.4
88.14,0.0,0.0,-0.8451,-0.8451,0.0,0.0,1.4
88.16,0.0,0.0,-0.8451,-0.8451,0.0,0.0,1.4
88.18,0.0,0.0,-0.8451,-0.8451,0.0,0.0,1.4
88.2,0.0,0.0,-0.8451,-0.8451,0.0,0.0,1.4
88.22,0.0,0.0,-0.8451,-0.8451,0.0,0.0,1.4
88.24,0.0,0.0,-0.8451,-0.8451,0.0,0.0,1.4
88.26,0.0,0.0,-0.8451,-0.8451,0.0,0.0,1.4
88.28,0.0,0.0,-0.8451,-0.8451,0.0,0.0,1.4
88.3,0.0,0.0,-0.8451,-0.8451,0.0,0.0,1.4
88.32,0.0,0.0,-0.8451,-0.8451,0.0,0.0,1.4
88.34,0.0,0.0,-0.8451,-0.8451,0.0,0.0,1.4
88.36,0.0,0.0,-0.8451,-0.8451,0.0,0.0,1.4
88.38,0.0,0.0,-0.8451,-0.8451,0.0,0.0,1.4
88.4,0.0,0.0,-0.8451,-0.8451,0.0,0.0,1.4
88.42,0.0,0.0,-0.8451,-0.8451,0.0,0.0,1.4
88.44,0.0,0.0,-0.8451,-0.8451,0.0,0.0,1.4
88.46,0.0,0.0,-0.8451,-0.8451,0.0,0.0,1.4
88.48,0.0,0.0,-0.8451,-0.8451,0.0,0.0,1.4
88.5,0.0,0.0,-0.8451,-0.8451,0.0,0.0,1.4
88.52,0.0,0.0,-0.8451,-0.8451,0.0,0.0,1.4
88.54,0.0,0.0,-0.8451,-0.8451,0.0,0.0,1.4
88.56,0.0,0.0,-0.8451,-0.8451,0.0,0.0,1.4
88.58,0.0,0.0,-0.8451,-0.8451,0.0,0.0,1.4
88.6,0.0,0.0,-0.8451,-0.8451,0.0,0.0,1.4
88.62,0.0,0.0,-0.8451,-0.8451,0.0,0.0,1.4
88.64,0.0,0.0,-0.8451,-0.8451,0.0,0.0,1.4
88.66,0.0,0.0,-0.8451,-0.8451,0.0,0.0,1.4
88.68,0.0,0.0,-0.8451,-0.8451,0.0,0.0,1.4
88.7,0.0,0.0,-0.8451,-0.8451,0.0,0.0,1.4
88.72,0.0,0.0,-0.8451,-0.8451,0.0,0.0,1.4
88.74,0.0,0.0,-0.8451,-0.8451,0.0,0.0,1.4
88.76,0.0,0.0,-0.8451,-0.8451,0.0,0.0,1.4
88.78,0.0,0.0,-0.8451,-0.8451,0.0,0.0,1.4
88.8,0.0,0.0,-0.8451,-0.8451,0.0,0.0,1.4
88.82,0.0,0.0,-0.8451,-0.8451,0.0,0.0,1.4
88.84,0.0,0.0,-0.8451,-0.8451,0.0,0.0,1.4
88.86,0.0,0.0,-0.8451,-0.8451,0.0,0.0,1.4
88.88,0.0,0.0,-0.8451,-0.8451,0.0,0.0,1.4
88.9,0.0,0.0,-0.8451,-0.8451,0.0,0.0,1.4
88.92,0.0,0.0,-0.8451,-0.8451,0.0,0.0,1.4
88.94,0.0,0.0,-0.8451,-0.8451,0.0,0.0,1.4
88.96,0.0,0.0,-0.8451,-0.8451,0.0,0.0,1.4
88.98,0.0,0.0,-0.8451,-0.8451,0.0,0.0,1.4
89.0,0.0,0.0,-0.8451,-0.8451,0.0,0.0,1.4
89.02,0.0,0.0,-0.8451,-0.8451,0.0,0.0,1.4
89.04,0.0,0.0,-0.8451,-0.8451,0.0,0.0,1.4
89.06,0.0,0.0,-0.8451,-0.8451,0.0,0.0,1.4
89.08,0.0,0.0,-0.8451,-0.8451,0.0,0.0,1.4
89.1,0.0,0.0,-0.8451,-0.8451,0.0,0.0,1.4
89.12,0.0,0.0,-0.8451,-0.8451,0.0,0.0,1.4
89.14,0.0,0.0,-0.8451,-0.8451,0.0,0.0,1.4
89.16,0.0,0.0,-0.8451,-0.8451,0.0,0.0,1.4
89.18,0.0,0.0,-0.8451,-0.8451,0.0,0.0,1.4
89.2,0.0,0.0,-0.8451,-0.8451,0.0,0.0,1.4
89.22,0.0,0.0,-0.8451,-0.8451,0.0,0.0,1.4
89.24,0.0,0.0,-0.8451,-0.8451,0.0,0.0,1.4
89.26,0.0,0.0,-0.8451,-0.8451,0.0,0.0,1.4
89.28,0.0,0.0,-0.8451,-0.8451,0.0,0.0,1.4
89.3,0.0,0.0,-0.8451,-0.8451,0.0,0.0,1.4
89.32,0.0,0.0,-0.8451,-0.8451,0.0,0.0,1.4
89.34,0.0,0.0,-0.8451,-0.8451,0.0,0.0,1.4
89.36,0.0,0.0,-0.8451,-0.8451,0.0,0.0,1.4
89.38,0.0,0.0,-0.8451,-0.8451,0.0,0.0,1.4
89.4,0.0,0.0,-0.8451,-0.8451,0.0,0.0,1.4
89.42,0.0,0.0,-0.8451,-0.8451,0.0,0.0,1.4
89.44,0.0,0.0,-0.8451,-0.8451,0.0,0.0,1.4
89.46,0.0,0.0,-0.8451,-0.8451,0.0,0.0,1.4
89.48,0.0,0.0,-0.8451,-0.8451,0.0,0.0,1.4
89.5,0.0,0.0,-0.8451,-0.8451,0.0,0.0,1.4
89.52,0.0,0.0,-0.8451,-0.8451,0.0,0.0,1.4
89.54,0.0,0.0,-0.8451,-0.8451,0.0,0.0,1.4
89.56,0.0,0.0,-0.8451,-0.8451,0.0,0.0,1.4
89.58,0.0,0.0,-0.8451,-0.8451,0.0,0.0,1.4
89.6,0.0,0.0,-0.8451,-0.8451,0.0,0.0,1.4
89.62,0.0,0.0,-0.8451,-0.8451,0.0,0.0,1.4
89.64,0.0,0.0,-0.8451,-0.8451,0.0,0.0,1.4
89.66,0.0,0.0,-0.8451,-0.8451,0.0,0.0,1.4
89.68,0.0,0.0,-0.8451,-0.8451,0.0,0.0,1.4
89.7,0.0,0.0,-0.8451,-0.8451,0.0,0.0,1.4
89.72,0.0,0.0,-0.8451,-0.8451,0.0,0.0,1.4
89.74,0.0,0.0,-0.8451,-0.8451,0.0,0.0,1.4
89.76,0.0,0.0,-0.8451,-0.8451,0.0,0.0,1.4
89.78,0.0,0.0,-0.8451,-0.8451,0.0,0.0,1.4
89.8,0.0,0.0,-0.8451,-0.8451,0.0,0.0,1.4
89.82,0.0,0.0,-0.8451,-0.8451,0.0,0.0,1.4
89.84,0.0,0.0,-0.8451,-0.8451,0.0,0.0,1.4
89.86,0.0,0.0,-0.8451,-0.8451,0.0,0.0,1.4
89.88,0.0,0.0,-0.8451,-0.8451,0.0,0.0,1.4
89.9,0.0,0.0,-0.8451,-0.8451,0.0,0.0,1.4
89.92,0.0,0.0,-0.8451,-0.8451,0.0,0.0,1.4
89.94,0.0,0.0,-0.8451,-0.8451,0.0,0.0,1.4
89.96,0.0,0.0,-0.8451,-0.8451,0.0,0.0,1.4
89.98,0.0,0.0,-0.8451,-0.8451,0.0,0.0,1.4
90.0,0.0,0.0,-0.8451,-0.8451,0.0,0.0,1.4
90.02,0.0,0.0,-0.8451,-0.8451,0.0,0.0,1.4
90.04,0.0,0.0,-0.8451,-0.8451,0.0,0.0,1.4
90.06,0.0,0.0,-0.8451,-0.8451,0.0,0.0,1.4
90.08,0.0,0.0,-0.8451,-0.8451,0.0,0.0,1.4
90.1,0.0,0.0,-0.8451,-0.8451,0.0,0.0,1.4
90.12,0.0,0.0,-0.8451,-0.8451,0.0,0.0,1.4
90.14,0.0,0.0,-0.8451,-0.8451,0.0,0.0,1.4
90.16,0.0,0.0,-0.8451,-0.8451,0.0,0.0,1.4
90.18,0.0,0.0,-0.8451,-0.8451,0.0,0.0,1.4
90.2,0.0,0.0,-0.8451,-0.8451,0.0,0.0,1.4
90.22,0.0,0.0,-0.8451,-0.8451,0.0,0.0,1.4
90.24,0.0,0.0,-0.8451,-0.8451,0.0,0.0,1.4
90.26,0.0,0.0,-0.8451,-0.8451,0.0,0.0,1.4
90.28,0.0,0.0,-0.8451,-0.8451,0.0,0.0,1.4
90.3,0.0,0.0,-0.8451,-0.8451,0.0,0.0,1.4
90.32,0.0,0.0,-0.8451,-0.8451,0.0,0.0,1.4
90.34,0.0,0.0,-0.8451,-0.8451,0.0,0.0,1.4
90.36,0.0,0.0,-0.8451,-0.8451,0.0,0.0,1.4
90.38,0.0,0.0,-0.8451,-0.8451,0.0,0.0,1.4
90.4,0.0,0.0,-0.8451,-0.8451,0.0,0.0,1.4
90.42,0.0,0.0,-0.8451,-0.8451,0.0,0.0,1.4
90.44,0.0,0.0,-0.8451,-0.8451,0.0,0.0,1.4
90.46,0.0,0.0,-0.8451,-0.8451,0.0,0.0,1.4
90.48,0.0,0.0,-0.8451,-0.8451,0.0,0.0,1.4
90.5,0.0,0.0,-0.8451,-0.8451,0.0,0.0,1.4
90.52,0.0,0.0,-0.8451,-0.8451,0.0,0.0,1.4
90.54,0.0,0.0,-0.8451,-0.8451,0.0,0.0,1.4
90.56,0.0,0.0,-0.8451,-0.8451,0.0,0.0,1.4
90.58,0.0,0.0,-0.8451,-0.8451,0.0,0.0,1.4
90.6,0.0,0.0,-0.8451,-0.8451,0.0,0.0,1.4
90.62,0.0,0.0,-0.8451,-0.8451,0.0,0.0,1.4
90.64,0.0,0.0,-0.8451,-0.8451,0.0,0.0,1.4
90.66,0.0,0.0,-0.8451,-0.8451,0.0,0.0,1.4
90.68,0.0,0.0,-0.8451,-0.8451,0.0,0.0,1.4
90.7,0.0,0.0,-0.8451,-0.8451,0.0,0.0,1.4
90.72,0.0,0.0,-0.8451,-0.8451,0.0,0.0,1.4
90.74,0.0,0.0,-0.8451,-0.8451,0.0,0.0,1.4
90.76,0.0,0.0,-0.8451,-0.8451,0.0,0.0,1.4
90.78,0.0,0.0,-0.8451,-0.8451,0.0,0.0,1.4
90.8,0.0,0.0,-0.8451,-0.8451,0.0,0.0,1.4
90.82,0.0,0.0,-0.8451,-0.8451,0.0,0.0,1.4
90.84,0.0,0.0,-0.8451,-0.8451,0.0,0.0,1.4
90.86,0.0,0.0,-0.8451,-0.8451,0.0,0.0,1.4
90.88,0.0,0.0,-0.8451,-0.8451,0.0,0.0,1.4
90.9,0.0,0.0,-0.8451,-0.8451,0.0,0.0,1.4
90.92,0.0,0.0,-0.8451,-0.8451,0.0,0.0,1.4
90.94,0.0,0.0,-0.8451,-0.8451,0.0,0.0,1.4
90.96,0.0,0.0,-0.8451,-0.8451,0.0,0.0,1.4
90.98,0.0,0.0,-0.8451,-0.8451,0.0,0.0,1.4
91.0,0.0,0.0,-0.8451,-0.8451,0.0,0.0,1.4
91.02,0.0,0.0,-0.8451,-0.8451,0.0,0.0,1.4
91.04,0.0,0.0,-0.8451,-0.8451,0.0,0.0,1.4
91.06,0.0,0.0,-0.8451,-0.8451,0.0,0.0,1.4
91.08,0.0,0.0,-0.8451,-0.8451,0.0,0.0,1.4
91.1,0.0,0.0,-0.8451,-0.8451,0.0,0.0,1.4
91.12,0.0,0.0,-0.8451,-0.8451,0.0,0.0,1.4
91.14,0.0,0.0,-0.8451,-0.8451,0.0,0.0,1.4
91.16,0.0,0.0,-0.8451,-0.8451,0.0,0.0,1.4
91.18,0.0,0.0,-0.8451,-0.8451,0.0,0.0,1.4
91.2,0.0,0.0,-0.8451,-0.8451,0.0,0.0,1.4
91.22,0.0,0.0,-0.8451,-0.8451,0.0,0.0,1.4
91.24,0.0,0.0,-0.8451,-0.8451,0.0,0.0,1.4
91.26,0.0,0.0,-0.8451,-0.8451,0.0,0.0,1.4
91.28,0.0,0.0,-0.8451,-0.8451,0.0,0.0,1.4
91.3,0.0,0.0,-0.8451,-0.8451,0.0,0.0,1.4
91.32,0.0,0.0,-0.8451,-0.8451,0.0,0.0,1.4
91.34,0.0,0.0,-0.8451,-0.8451,0.0,0.0,1.4
91.36,0.0,0.0,-0.8451,-0.8451,0.0,0.0,1.4
91.38,0.0,0.0,-0.8451,-0.8451,0.0,0.0,1.4
91.4,0.0,0.0,-0.8451,-0.8451,0.0,0.0,1.4
91.42,0.0,0.0,-0.8451,-0.8451,0.0,0.0,1.4
91.44,0.0,0.0,-0.8451,-0.8451,0.0,0.0,1.4
91.46,0.0,0.0,-0.8451,-0.8451,0.0,0.0,1.4
91.48,0.0,0.0,-0.8451,-0.8451,0.0,0.0,1.4
91.5,0.0,0.0,-0.8451,-0.8451,0.0,0.0,1.4
91.52,0.0,0.0,-0.8451,-0.8451,0.0,0.0,1.4
91.54,0.0,0.0,-0.8451,-0.8451,0.0,0.0,1.4
91.56,0.0,0.0,-0.8451,-0.8451,0.0,0.0,1.4
91.58,0.0,0.0,-0.8451,-0.8451,0.0,0.0,1.4
91.6,0.0,0.0,-0.8451,-0.8451,0.0,0.0,1.4
91.62,0.0,0.0,-0.8451,-0.8451,0.0,0.0,1.4
91.64,0.0,0.0,-0.8451,-0.8451,0.0,0.0,1.4
91.66,0.0,0.0,-0.8451,-0.8451,0.0,0.0,1.4
91.68,0.0,0.0,-0.8451,-0.8451,0.0,0.0,1.4
91.7,0.0,0.0,-0.8451,-0.8451,0.0,0.0,1.4
91.72,0.0,0.0,-0.8451,-0.8451,0.0,0.0,1.4
91.74,0.0,0.0,-0.8451,-0.8451,0.0,0.0,1.4
91.76,0.0,0.0,-0.8451,-0.8451,0.0,0.0,1.4
91.78,0.0,0.0,-0.8451,-0.8451,0.0,0.0,1.4
91.8,0.0,0.0,-0.8451,-0.8451,0.0,0.0,1.4
91.82,0.0,0.0,-0.8451,-0.8451,0.0,0.0,1.4
91.84,0.0,0.0,-0.8451,-0.8451,0.0,0.0,1.4
91.86,0.0,0.0,-0.8451,-0.8451,0.0,0.0,1.4
91.88,0.0,0.0,-0.8451,-0.8451,0.0,0.0,1.4
91.9,0.0,0.0,-0.8451,-0.8451,0.0,0.0,1.4
91.92,0.0,0.0,-0.8451,-0.8451,0.0,0.0,1.4
91.94,0.0,0.0,-0.8451,-0.8451,0.0,0.0,1.4
91.96,0.0,0.0,-0.8451,-0.8451,0.0,0.0,1.4
91.98,0.0,0.0,-0.8451,-0.8451,0.0,0.0,1.4
92.0,0.0,0.0,-0.8451,-0.8451,0.0,0.0,1.4
92.02,0.0,0.0,-0.8451,-0.8451,0.0,0.0,1.4
92.04,0.0,0.0,-0.8451,-0.8451,0.0,0.0,1.4
92.06,0.0,0.0,-0.8451,-0.8451,0.0,0.0,1.4
92.08,0.0,0.0,-0.8451,-0.8451,0.0,0.0,1.4
92.1,0.0,0.0,-0.8451,-0.8451,0.0,0.0,1.4
92.12,0.0,0.0,-0.8451,-0.8451,0.0,0.0,1.4
92.14,0.0,0.0,-0.8451,-0.8451,0.0,0.0,1.4
92.16,0.0,0.0,-0.8451,-0.8451,0.0,0.0,1.4
92.18,0.0,0.0,-0.8451,-0.8451,0.0,0.0,1.4
92.2,0.0,0.0,-0.8451,-0.8451,0.0,0.0,1.4
92.22,0.0,0.0,-0.8451,-0.8451,0.0,0.0,1.4
92.24,0.0,0.0,-0.8451,-0.8451,0.0,0.0,1.4
92.26,0.0,0.0,-0.8451,-0.8451,0.0,0.0,1.4
92.28,0.0,0.0,-0.8451,-0.8451,0.0,0.0,1.4
92.3,0.0,0.0,-0.8451,-0.8451,0.0,0.0,1.4
92.32,0.0,0.0,-0.8451,-0.8451,0.0,0.0,1.4
92.34,0.0,0.0,-0.8451,-0.8451,0.0,0.0,1.4
92.36,0.0,0.0,-0.8451,-0.8451,0.0,0.0,1.4
92.38,0.0,0.0,-0.8451,-0.8451,0.0,0.0,1.4
92.4,0.0,0.0,-0.8451,-0.8451,0.0,0.0,1.4
92.42,0.0,0.0,-0.8451,-0.8451,0.0,0.0,1.4
92.44,0.0,0.0,-0.8451,-0.8451,0.0,0.0,1.4
92.46,0.0,0.0,-0.8451,-0.8451,0.0,0.0,1.4
92.48,0.0,0.0,-0.8451,-0.8451,0.0,0.0,1.4
92.5,0.0,0.0,-0.8451,-0.8451,0.0,0.0,1.4
92.52,0.0,0.0,-0.8451,-0.8451,0.0,0.0,1.4
92.54,0.0,0.0,-0.8451,-0.8451,0.0,0.0,1.4
92.56,0.0,0.0,-0.8451,-0.8451,0.0,0.0,1.4
92.58,0.0,0.0,-0.8451,-0.8451,0.0,0.0,1.4
92.6,0.0,0.0,-0.8451,-0.8451,0.0,0.0,1.4
92.62,0.0,0.0,-0.8451,-0.8451,0.0,0.0,1.4
92.64,0.0,0.0,-0.8451,-0.8451,0.0,0.0,1.4
92.66,0.0,0.0,-0.8451,-0.8451,0.0,0.0,1.4
92.68,0.0,0.0,-0.8451,-0.8451,0.0,0.0,1.4
92.7,0.0,0.0,-0.8451,-0.8451,0.0,0.0,1.4
92.72,0.0,0.0,-0.8451,-0.8451,0.0,0.0,1.4
92.74,0.0,0.0,-0.8451,-0.8451,0.0,0.0,1.4
92.76,0.0,0.0,-0.8451,-0.8451,0.0,0.0,1.4
92.78,0.0,0.0,-0.8451,-0.8451,0.0,0.0,1.4
92.8,0.0,0.0,-0.8451,-0.8451,0.0,0.0,1.4
92.82,0.0,0.0,-0.8451,-0.8451,0.0,0.0,1.4
92.84,0.0,0.0,-0.8451,-0.8451,0.0,0.0,1.4
92.86,0.0,0.0,-0.8451,-0.8451,0.0,0.0,1.4
92.88,0.0,0.0,-0.8451,-0.8451,0.0,0.0,1.4
92.9,0.0,0.0,-0.8451,-0.8451,0.0,0.0,1.4
92.92,0.0,0.0,-0.8451,-0.8451,0.0,0.0,1.4
92.94,0.0,0.0,-0.8451,-0.8451,0.0,0.0,1.4
92.96,0.0,0.0,-0.8451,-0.8451,0.0,0.0,1.4
92.98,0.0,0.0,-0.8451,-0.8451,0.0,0.0,1.4
93.0,0.0,0.0,-0.8451,-0.8451,0.0,0.0,1.4
93.02,0.0,0.0,-0.8451,-0.8451,0.0,0.0,1.4
93.04,0.0,0.0,-0.8451,-0.8451,0.0,0.0,1.4
93.06,0.0,0.0,-0.8451,-0.8451,0.0,0.0,1.4
93.08,0.0,0.0,-0.8451,-0.8451,0.0,0.0,1.4
93.1,0.0,0.0,-0.8451,-0.8451,0.0,0.0,1.4
93.12,0.0,0.0,-0.8451,-0.8451,0.0,0.0,1.4
93.14,0.0,0.0,-0.8451,-0.8451,0.0,0.0,1.4
93.16,0.0,0.0,-0.8451,-0.8451,0.0,0.0,1.4
93.18,0.0,0.0,-0.8451,-0.8451,0.0,0.0,1.4
93.2,0.0,0.0,-0.8451,-0.8451,0.0,0.0,1.4
93.22,0.0,0.0,-0.8451,-0.8451,0.0,0.0,1.4
93.24,0.0,0.0,-0.8451,-0.8451,0.0,0.0,1.4
93.26,0.0,0.0,-0.8451,-0.8451,0.0,0.0,1.4
93.28,0.0,0.0,-0.8451,-0.8451,0.0,0.0,1.4
93.3,0.0,0.0,-0.8451,-0.8451,0.0,0.0,1.4
93.32,0.0,0.0,-0.8451,-0.8451,0.0,0.0,1.4
93.34,0.0,0.0,-0.8451,-0.8451,0.0,0.0,1.4
93.36,0.0,0.0,-0.8451,-0.8451,0.0,0.0,1.4
93.38,0.0,0.0,-0.8451,-0.8451,0.0,0.0,1.4
93.4,0.0,0.0,-0.8451,-0.8451,0.0,0.0,1.4
93.42,0.0,0.0,-0.8451,-0.8451,0.0,0.0,1.4
93.44,0.0,0.0,-0.8451,-0.8451,0.0,0.0,1.4
93.46,0.0,0.0,-0.8451,-0.8451,0.0,0.0,1.4
93.48,0.0,0.0,-0.8451,-0.8451,0.0,0.0,1.4
93.5,0.0,0.0,-0.8451,-0.8451,0.0,0.0,1.4
93.52,0.0,0.0,-0.8451,-0.8451,0.0,0.0,1.4
93.54,0.0,0.0,-0.8451,-0.8451,0.0,0.0,1.4
93.56,0.0,0.0,-0.8451,-0.8451,0.0,0.0,1.4
93.58,0.0,0.0,-0.8451,-0.8451,0.0,0.0,1.4
93.6,0.0,0.0,-0.8451,-0.8451,0.0,0.0,1.4
93.62,0.0,0.0,-0.8451,-0.8451,0.0,0.0,1.4
93.64,0.0,0.0,-0.8451,-0.8451,0.0,0.0,1.4
93.66,0.0,0.0,-0.8451,-0.8451,0.0,0.0,1.4
93.68,0.0,0.0,-0.8451,-0.8451,0.0,0.0,1.4
93.7,0.0,0.0,-0.8451,-0.8451,0.0,0.0,1.4
93.72,0.0,0.0,-0.8451,-0.8451,0.0,0.0,1.4
93.74,0.0,0.0,-0.8451,-0.8451,0.0,0.0,1.4
93.76,0.0,0.0,-0.8451,-0.8451,0.0,0.0,1.4
93.78,0.0,0.0,-0.8451,-0.8451,0.0,0.0,1.4
93.8,0.0,0.0,-0.8451,-0.8451,0.0,0.0,1.4
93.82,0.0,0.0,-0.8451,-0.8451,0.0,0.0,1.4
93.84,0.0,0.0,-0.8451,-0.8451,0.0,0.0,1.4
93.86,0.0,0.0,-0.8451,-0.8451,0.0,0.0,1.4
93.88,0.0,0.0,-0.8451,-0.8451,0.0,0.0,1.4
93.9,0.0,0.0,-0.8451,-0.8451,0.0,0.0,1.4
93.92,0.0,0.0,-0.8451,-0.8451,0.0,0.0,1.4
93.94,0.0,0.0,-0.8451,-0.8451,0.0,0.0,1.4
93.96,0.0,0.0,-0.8451,-0.8451,0.0,0.0,1.4
93.98,0.0,0.0,-0.8451,-0.8451,0.0,0.0,1.4
94.0,0.0,0.0,-0.8451,-0.8451,0.0,0.0,1.4
94.02,0.0,0.0,-0.8451,-0.8451,0.0,0.0,1.4
94.04,0.0,0.0,-0.8451,-0.8451,0.0,0.0,1.4
94.06,0.0,0.0,-0.8451,-0.8451,0.0,0.0,1.4
94.08,0.0,0.0,-0.8451,-0.8451,0.0,0.0,1.4
94.1,0.0,0.0,-0.8451,-0.8451,0.0,0.0,1.4
94.12,0.0,0.0,-0.8451,-0.8451,0.0,0.0,1.4
94.14,0.0,0.0,-0.8451,-0.8451,0.0,0.0,1.4
94.16,0.0,0.0,-0.8451,-0.8451,0.0,0.0,1.4
94.18,0.0,0.0,-0.8451,-0.8451,0.0,0.0,1.4
94.2,0.0,0.0,-0.8451,-0.8451,0.0,0.0,1.4
94.22,0.0,0.0,-0.8451,-0.8451,0.0,0.0,1.4
94.24,0.0,0.0,-0.8451,-0.8451,0.0,0.0,1.4
94.26,0.0,0.0,-0.8451,-0.8451,0.0,0.0,1.4
94.28,0.0,0.0,-0.8451,-0.8451,0.0,0.0,1.4
94.3,0.0,0.0,-0.8451,-0.8451,0.0,0.0,1.4
94.32,0.0,0.0,-0.8451,-0.8451,0.0,0.0,1.4
94.34,0.0,0.0,-0.8451,-0.8451,0.0,0.0,1.4
94.36,0.0,0.0,-0.8451,-0.8451,0.0,0.0,1.4
94.38,0.0,0.0,-0.8451,-0.8451,0.0,0.0,1.4
94.4,0.0,0.0,-0.8451,-0.8451,0.0,0.0,1.4
94.42,0.0,0.0,-0.8451,-0.8451,0.0,0.0,1.4
94.44,0.0,0.0,-0.8451,-0.8451,0.0,0.0,1.4
94.46,0.0,0.0,-0.8451,-0.8451,0.0,0.0,1.4
94.48,0.0,0.0,-0.8451,-0.8451,0.0,0.0,1.4
94.5,0.0,0.0,-0.8451,-0.8451,0.0,0.0,1.4
94.52,0.0,0.0,-0.8451,-0.8451,0.0,0.0,1.4
94.54,0.0,0.0,-0.8451,-0.8451,0.0,0.0,1.4
94.56,0.0,0.0,-0.8451,-0.8451,0.0,0.0,1.4
94.58,0.0,0.0,-0.8451,-0.8451,0.0,0.0,1.4
94.6,0.0,0.0,-0.8451,-0.8451,0.0,0.0,1.4
94.62,0.0,0.0,-0.8451,-0.8451,0.0,0.0,1.4
94.64,0.0,0.0,-0.8451,-0.8451,0.0,0.0,1.4
94.66,0.0,0.0,-0.8451,-0.8451,0.0,0.0,1.4
94.68,0.0,0.0,-0.8451,-0.8451,0.0,0.0,1.4
94.7,0.0,0.0,-0.8451,-0.8451,0.0,0.0,1.4
94.72,0.0,0.0,-0.8451,-0.8451,0.0,0.0,1.4
94.74,0.0,0.0,-0.8451,-0.8451,0.0,0.0,1.4
94.76,0.0,0.0,-0.8451,-0.8451,0.0,0.0,1.4
94.78,0.0,0.0,-0.8451,-0.8451,0.0,0.0,1.4
94.8,0.0,0.0,-0.8451,-0.8451,0.0,0.0,1.4
94.82,0.0,0.0,-0.8451,-0.8451,0.0,0.0,1.4
94.84,0.0,0.0,-0.8451,-0.8451,0.0,0.0,1.4
94.86,0.0,0.0,-0.8451,-0.8451,0.0,0.0,1.4
94.88,0.0,0.0,-0.8451,-0.8451,0.0,0.0,1.4
94.9,0.0,0.0,-0.8451,-0.8451,0.0,0.0,1.4
94.92,0.0,0.0,-0.8451,-0.8451,0.0,0.0,1.4
94.94,0.0,0.0,-0.8451,-0.8451,0.0,0.0,1.4
94.96,0.0,0.0,-0.8451,-0.8451,0.0,0.0,1.4
94.98,0.0,0.0,-0.8451,-0.8451,0.0,0.0,1.4
95.0,0.0,0.0,-0.8451,-0.8451,0.0,0.0,1.4
95.02,0.0,0.0,-0.8451,-0.8451,0.0,0.0,1.4
95.04,0.0,0.0,-0.8451,-0.8451,0.0,0.0,1.4
95.06,0.0,0.0,-0.8451,-0.8451,0.0,0.0,1.4
95.08,0.0,0.0,-0.8451,-0.8451,0.0,0.0,1.4
95.1,0.0,0.0,-0.8451,-0.8451,0.0,0.0,1.4
95.12,0.0,0.0,-0.8451,-0.8451,0.0,0.0,1.4
95.14,0.0,0.0,-0.8451,-0.8451,0.0,0.0,1.4
95.16,0.0,0.0,-0.8451,-0.8451,0.0,0.0,1.4
95.18,0.0,0.0,-0.8451,-0.8451,0.0,0.0,1.4
95.2,0.0,0.0,-0.8451,-0.8451,0.0,0.0,1.4
95.22,0.0,0.0,-0.8451,-0.8451,0.0,0.0,1.4
95.24,0.0,0.0,-0.8451,-0.8451,0.0,0.0,1.4
95.26,0.0,0.0,-0.8451,-0.8451,0.0,0.0,1.4
95.28,0.0,0.0,-0.8451,-0.8451,0.0,0.0,1.4
95.3,0.0,0.0,-0.8451,-0.8451,0.0,0.0,1.4
95.32,0.0,0.0,-0.8451,-0.8451,0.0,0.0,1.4
95.34,0.0,0.0,-0.8451,-0.8451,0.0,0.0,1.4
95.36,0.0,0.0,-0.8451,-0.8451,0.0,0.0,1.4
95.38,0.0,0.0,-0.8451,-0.8451,0.0,0.0,1.4
95.4,0.0,0.0,-0.8451,-0.8451,0.0,0.0,1.4
95.42,0.0,0.0,-0.8451,-0.8451,0.0,0.0,1.4
95.44,0.0,0.0,-0.8451,-0.8451,0.0,0.0,1.4
95.46,0.0,0.0,-0.8451,-0.8451,0.0,0.0,1.4
95.48,0.0,0.0,-0.8451,-0.8451,0.0,0.0,1.4
95.5,0.0,0.0,-0.8451,-0.8451,0.0,0.0,1.4
95.52,0.0,0.0,-0.8451,-0.8451,0.0,0.0,1.4
95.54,0.0,0.0,-0.8451,-0.8451,0.0,0.0,1.4
95.56,0.0,0.0,-0.8451,-0.8451,0.0,0.0,1.4
95.58,0.0,0.0,-0.8451,-0.8451,0.0,0.0,1.4
95.6,0.0,0.0,-0.8451,-0.8451,0.0,0.0,1.4
95.62,0.0,0.0,-0.8451,-0.8451,0.0,0.0,1.4
95.64,0.0,0.0,-0.8451,-0.8451,0.0,0.0,1.4
95.66,0.0,0.0,-0.8451,-0.8451,0.0,0.0,1.4
95.68,0.0,0.0,-0.8451,-0.8451,0.0,0.0,1.4
95.7,0.0,0.0,-0.8451,-0.8451,0.0,0.0,1.4
95.72,0.0,0.0,-0.8451,-0.8451,0.0,0.0,1.4
95.74,0.0,0.0,-0.8451,-0.8451,0.0,0.0,1.4
95.76,0.0,0.0,-0.8451,-0.8451,0.0,0.0,1.4
95.78,0.0,0.0,-0.8451,-0.8451,0.0,0.0,1.4
95.8,0.0,0.0,-0.8451,-0.8451,0.0,0.0,1.4
95.82,0.0,0.0,-0.8451,-0.8451,0.0,0.0,1.4
95.84,0.0,0.0,-0.8451,-0.8451,0.0,0.0,1.4
95.86,0.0,0.0,-0.8451,-0.8451,0.0,0.0,1.4
95.88,0.0,0.0,-0.8451,-0.8451,0.0,0.0,1.4
95.9,0.0,0.0,-0.8451,-0.8451,0.0,0.0,1.4
95.92,0.0,0.0,-0.8451,-0.8451,0.0,0.0,1.4
95.94,0.0,0.0,-0.8451,-0.8451,0.0,0.0,1.4
95.96,0.0,0.0,-0.8451,-0.8451,0.0,0.0,1.4
95.98,0.0,0.0,-0.8451,-0.8451,0.0,0.0,1.4
96.0,0.0,0.0,-0.8451,-0.8451,0.0,0.0,1.4
96.02,0.0,0.0,-0.8451,-0.8451,0.0,0.0,1.4
96.04,0.0,0.0,-0.8451,-0.8451,0.0,0.0,1.4
96.06,0.0,0.0,-0.8451,-0.8451,0.0,0.0,1.4
96.08,0.0,0.0,-0.8451,-0.8451,0.0,0.0,1.4
96.1,0.0,0.0,-0.8451,-0.8451,0.0,0.0,1.4
96.12,0.0,0.0,-0.8451,-0.8451,0.0,0.0,1.4
96.14,0.0,0.0,-0.8451,-0.8451,0.0,0.0,1.4
96.16,0.0,0.0,-0.8451,-0.8451,0.0,0.0,1.4
96.18,0.0,0.0,-0.8451,-0.8451,0.0,0.0,1.4
96.2,0.0,0.0,-0.8451,-0.8451,0.0,0.0,1.4
96.22,0.0,0.0,-0.8451,-0.8451,0.0,0.0,1.4
96.24,0.0,0.0,-0.8451,-0.8451,0.0,0.0,1.4
96.26,0.0,0.0,-0.8451,-0.8451,0.0,0.0,1.4
96.28,0.0,0.0,-0.8451,-0.8451,0.0,0.0,1.4
96.3,0.0,0.0,-0.8451,-0.8451,0.0,0.0,1.4
96.32,0.0,0.0,-0.8451,-0.8451,0.0,0.0,1.4
96.34,0.0,0.0,-0.8451,-0.8451,0.0,0.0,1.4
96.36,0.0,0.0,-0.8451,-0.8451,0.0,0.0,1.4
96.38,0.0,0.0,-0.8451,-0.8451,0.0,0.0,1.4
96.4,0.0,0.0,-0.8451,-0.8451,0.0,0.0,1.4
96.42,0.0,0.0,-0.8451,-0.8451,0.0,0.0,1.4
96.44,0.0,0.0,-0.8451,-0.8451,0.0,0.0,1.4
96.46,0.0,0.0,-0.8451,-0.8451,0.0,0.0,1.4
96.48,0.0,0.0,-0.8451,-0.8451,0.0,0.0,1.4
96.5,0.0,0.0,-0.8451,-0.8451,0.0,0.0,1.4
96.52,0.0,0.0,-0.8451,-0.8451,0.0,0.0,1.4
96.54,0.0,0.0,-0.8451,-0.8451,0.0,0.0,1.4
96.56,0.0,0.0,-0.8451,-0.8451,0.0,0.0,1.4
96.58,0.0,0.0,-0.8451,-0.8451,0.0,0.0,1.4
96.6,0.0,0.0,-0.8451,-0.8451,0.0,0.0,1.4
96.62,0.0,0.0,-0.8451,-0.8451,0.0,0.0,1.4
96.64,0.0,0.0,-0.8451,-0.8451,0.0,0.0,1.4
96.66,0.0,0.0,-0.8451,-0.8451,0.0,0.0,1.4
96.68,0.0,0.0,-0.8451,-0.8451,0.0,0.0,1.4
96.7,0.0,0.0,-0.8451,-0.8451,0.0,0.0,1.4
96.72,0.0,0.0,-0.8451,-0.8451,0.0,0.0,1.4
96.74,0.0,0.0,-0.8451,-0.8451,0.0,0.0,1.4
96.76,0.0,0.0,-0.8451,-0.8451,0.0,0.0,1.4
96.78,0.0,0.0,-0.8451,-0.8451,0.0,0.0,1.4
96.8,0.0,0.0,-0.8451,-0.8451,0.0,0.0,1.4
96.82,0.0,0.0,-0.8451,-0.8451,0.0,0.0,1.4
96.84,0.0,0.0,-0.8451,-0.8451,0.0,0.0,1.4
96.86,0.0,0.0,-0.8451,-0.8451,0.0,0.0,1.4
96.88,0.0,0.0,-0.8451,-0.8451,0.0,0.0,1.4
96.9,0.0,0.0,-0.8451,-0.8451,0.0,0.0,1.4
96.92,0.0,0.0,-0.8451,-0.8451,0.0,0.0,1.4
96.94,0.0,0.0,-0.8451,-0.8451,0.0,0.0,1.4
96.96,0.0,0.0,-0.8451,-0.8451,0.0,0.0,1.4
96.98,0.0,0.0,-0.8451,-0.8451,0.0,0.0,1.4
97.0,0.0,0.0,-0.8451,-0.8451,0.0,0.0,1.4
97.02,0.0,0.0,-0.8451,-0.8451,0.0,0.0,1.4
97.04,0.0,0.0,-0.8451,-0.8451,0.0,0.0,1.4
97.06,0.0,0.0,-0.8451,-0.8451,0.0,0.0,1.4
97.08,0.0,0.0,-0.8451,-0.8451,0.0,0.0,1.4
97.1,0.0,0.0,-0.8451,-0.8451,0.0,0.0,1.4
97.12,0.0,0.0,-0.8451,-0.8451,0.0,0.0,1.4
97.14,0.0,0.0,-0.8451,-0.8451,0.0,0.0,1.4
97.16,0.0,0.0,-0.8451,-0.8451,0.0,0.0,1.4
97.18,0.0,0.0,-0.8451,-0.8451,0.0,0.0,1.4
97.2,0.0,0.0,-0.8451,-0.8451,0.0,0.0,1.4
97.22,0.0,0.0,-0.8451,-0.8451,0.0,0.0,1.4
97.24,0.0,0.0,-0.8451,-0.8451,0.0,0.0,1.4
97.26,0.0,0.0,-0.8451,-0.8451,0.0,0.0,1.4
97.28,0.0,0.0,-0.8451,-0.8451,0.0,0.0,1.4
97.3,0.0,0.0,-0.8451,-0.8451,0.0,0.0,1.4
97.32,0.0,0.0,-0.8451,-0.8451,0.0,0.0,1.4
97.34,0.0,0.0,-0.8451,-0.8451,0.0,0.0,1.4
97.36,0.0,0.0,-0.8451,-0.8451,0.0,0.0,1.4
97.38,0.0,0.0,-0.8451,-0.8451,0.0,0.0,1.4
97.4,0.0,0.0,-0.8451,-0.8451,0.0,0.0,1.4
97.42,0.0,0.0,-0.8451,-0.8451,0.0,0.0,1.4
97.44,0.0,0.0,-0.8451,-0.8451,0.0,0.0,1.4
97.46,0.0,0.0,-0.8451,-0.8451,0.0,0.0,1.4
97.48,0.0,0.0,-0.8451,-0.8451,0.0,0.0,1.4
97.5,0.0,0.0,-0.8451,-0.8451,0.0,0.0,1.4
97.52,0.0,0.0,-0.8451,-0.8451,0.0,0.0,1.4
97.54,0.0,0.0,-0.8451,-0.8451,0.0,0.0,1.4
97.56,0.0,0.0,-0.8451,-0.8451,0.0,0.0,1.4
97.58,0.0,0.0,-0.8451,-0.8451,0.0,0.0,1.4
97.6,0.0,0.0,-0.8451,-0.8451,0.0,0.0,1.4
97.62,0.0,0.0,-0.8451,-0.8451,0.0,0.0,1.4
97.64,0.0,0.0,-0.8451,-0.8451,0.0,0.0,1.4
97.66,0.0,0.0,-0.8451,-0.8451,0.0,0.0,1.4
97.68,0.0,0.0,-0.8451,-0.8451,0.0,0.0,1.4
97.7,0.0,0.0,-0.8451,-0.8451,0.0,0.0,1.4
97.72,0.0,0.0,-0.8451,-0.8451,0.0,0.0,1.4
97.74,0.0,0.0,-0.8451,-0.8451,0.0,0.0,1.4
97.76,0.0,0.0,-0.8451,-0.8451,0.0,0.0,1.4
97.78,0.0,0.0,-0.8451,-0.8451,0.0,0.0,1.4
97.8,0.0,0.0,-0.8451,-0.8451,0.0,0.0,1.4
97.82,0.0,0.0,-0.8451,-0.8451,0.0,0.0,1.4
97.84,0.0,0.0,-0.8451,-0.8451,0.0,0.0,1.4
97.86,0.0,0.0,-0.8451,-0.8451,0.0,0.0,1.4
97.88,0.0,0.0,-0.8451,-0.8451,0.0,0.0,1.4
97.9,0.0,0.0,-0.8451,-0.8451,0.0,0.0,1.4
97.92,0.0,0.0,-0.8451,-0.8451,0.0,0.0,1.4
97.94,0.0,0.0,-0.8451,-0.8451,0.0,0.0,1.4
97.96,0.0,0.0,-0.8451,-0.8451,0.0,0.0,1.4
97.98,0.0,0.0,-0.8451,-0.8451,0.0,0.0,1.4
98.0,0.0,0.0,-0.8451,-0.8451,0.0,0.0,1.4
98.02,0.0,0.0,-0.8451,-0.8451,0.0,0.0,1.4
98.04,0.0,0.0,-0.8451,-0.8451,0.0,0.0,1.4
98.06,0.0,0.0,-0.8451,-0.8451,0.0,0.0,1.4
98.08,0.0,0.0,-0.8451,-0.8451,0.0,0.0,1.4
98.1,0.0,0.0,-0.8451,-0.8451,0.0,0.0,1.4
98.12,0.0,0.0,-0.8451,-0.8451,0.0,0.0,1.4
98.14,0.0,0.0,-0.8451,-0.8451,0.0,0.0,1.4
98.16,0.0,0.0,-0.8451,-0.8451,0.0,0.0,1.4
98.18,0.0,0.0,-0.8451,-0.8451,0.0,0.0,1.4
98.2,0.0,0.0,-0.8451,-0.8451,0.0,0.0,1.4
98.22,0.0,0.0,-0.8451,-0.8451,0.0,0.0,1.4
98.24,0.0,0.0,-0.8451,-0.8451,0.0,0.0,1.4
98.26,0.0,0.0,-0.8451,-0.8451,0.0,0.0,1.4
98.28,0.0,0.0,-0.8451,-0.8451,0.0,0.0,1.4
98.3,0.0,0.0,-0.8451,-0.8451,0.0,0.0,1.4
98.32,0.0,0.0,-0.8451,-0.8451,0.0,0.0,1.4
98.34,0.0,0.0,-0.8451,-0.8451,0.0,0.0,1.4
98.36,0.0,0.0,-0.8451,-0.8451,0.0,0.0,1.4
98.38,0.0,0.0,-0.8451,-0.8451,0.0,0.0,1.4
98.4,0.0,0.0,-0.8451,-0.8451,0.0,0.0,1.4
98.42,0.0,0.0,-0.8451,-0.8451,0.0,0.0,1.4
98.44,0.0,0.0,-0.8451,-0.8451,0.0,0.0,1.4
98.46,0.0,0.0,-0.8451,-0.8451,0.0,0.0,1.4
98.48,0.0,0.0,-0.8451,-0.8451,0.0,0.0,1.4
98.5,0.0,0.0,-0.8451,-0.8451,0.0,0.0,1.4
98.52,0.0,0.0,-0.8451,-0.8451,0.0,0.0,1.4
98.54,0.0,0.0,-0.8451,-0.8451,0.0,0.0,1.4
98.56,0.0,0.0,-0.8451,-0.8451,0.0,0.0,1.4
98.58,0.0,0.0,-0.8451,-0.8451,0.0,0.0,1.4
98.6,0.0,0.0,-0.8451,-0.8451,0.0,0.0,1.4
98.62,0.0,0.0,-0.8451,-0.8451,0.0,0.0,1.4
98.64,0.0,0.0,-0.8451,-0.8451,0.0,0.0,1.4
98.66,0.0,0.0,-0.8451,-0.8451,0.0,0.0,1.4
98.68,0.0,0.0,-0.8451,-0.8451,0.0,0.0,1.4
98.7,0.0,0.0,-0.8451,-0.8451,0.0,0.0,1.4
98.72,0.0,0.0,-0.8451,-0.8451,0.0,0.0,1.4
98.74,0.0,0.0,-0.8451,-0.8451,0.0,0.0,1.4
98.76,0.0,0.0,-0.8451,-0.8451,0.0,0.0,1.4
98.78,0.0,0.0,-0.8451,-0.8451,0.0,0.0,1.4
98.8,0.0,0.0,-0.8451,-0.8451,0.0,0.0,1.4
98.82,0.0,0.0,-0.8451,-0.8451,0.0,0.0,1.4
98.84,0.0,0.0,-0.8451,-0.8451,0.0,0.0,1.4
98.86,0.0,0.0,-0.8451,-0.8451,0.0,0.0,1.4
98.88,0.0,0.0,-0.8451,-0.8451,0.0,0.0,1.4
98.9,0.0,0.0,-0.8451,-0.8451,0.0,0.0,1.4
98.92,0.0,0.0,-0.8451,-0.8451,0.0,0.0,1.4
98.94,0.0,0.0,-0.8451,-0.8451,0.0,0.0,1.4
98.96,0.0,0.0,-0.8451,-0.8451,0.0,0.0,1.4
98.98,0.0,0.0,-0.8451,-0.8451,0.0,0.0,1.4
99.0,0.0,0.0,-0.8451,-0.8451,0.0,0.0,1.4
99.02,0.0,0.0,-0.8451,-0.8451,0.0,0.0,1.4
99.04,0.0,0.0,-0.8451,-0.8451,0.0,0.0,1.4
99.06,0.0,0.0,-0.8451,-0.8451,0.0,0.0,1.4
99.08,0.0,0.0,-0.8451,-0.8451,0.0,0.0,1.4
99.1,0.0,0.0,-0.8451,-0.8451,0.0,0.0,1.4
99.12,0.0,0.0,-0.8451,-0.8451,0.0,0.0,1.4
99.14,0.0,0.0,-0.8451,-0.8451,0.0,0.0,1.4
99.16,0.0,0.0,-0.8451,-0.8451,0.0,0.0,1.4
99.18,0.0,0.0,-0.8451,-0.8451,0.0,0.0,1.4
99.2,0.0,0.0,-0.8451,-0.8451,0.0,0.0,1.4
99.22,0.0,0.0,-0.8451,-0.8451,0.0,0.0,1.4
99.24,0.0,0.0,-0.8451,-0.8451,0.0,0.0,1.4
99.26,0.0,0.0,-0.8451,-0.8451,0.0,0.0,1.4
99.28,0.0,0.0,-0.8451,-0.8451,0.0,0.0,1.4
99.3,0.0,0.0,-0.8451,-0.8451,0.0,0.0,1.4
99.32,0.0,0.0,-0.8451,-0.8451,0.0,0.0,1.4
99.34,0.0,0.0,-0.8451,-0.8451,0.0,0.0,1.4
99.36,0.0,0.0,-0.8451,-0.8451,0.0,0.0,1.4
99.38,0.0,0.0,-0.8451,-0.8451,0.0,0.0,1.4
99.4,0.0,0.0,-0.8451,-0.8451,0.0,0.0,1.4
99.42,0.0,0.0,-0.8451,-0.8451,0.0,0.0,1.4
99.44,0.0,0.0,-0.8451,-0.8451,0.0,0.0,1.4
99.46,0.0,0.0,-0.8451,-0.8451,0.0,0.0,1.4
99.48,0.0,0.0,-0.8451,-0.8451,0.0,0.0,1.4
99.5,0.0,0.0,-0.8451,-0.8451,0.0,0.0,1.4
99.52,0.0,0.0,-0.8451,-0.8451,0.0,0.0,1.4
99.54,0.0,0.0,-0.8451,-0.8451,0.0,0.0,1.4
99.56,0.0,0.0,-0.8451,-0.8451,0.0,0.0,1.4
99.58,0.0,0.0,-0.8451,-0.8451,0.0,0.0,1.4
99.6,0.0,0.0,-0.8451,-0.8451,0.0,0.0,1.4
99.62,0.0,0.0,-0.8451,-0.8451,0.0,0.0,1.4
99.64,0.0,0.0,-0.8451,-0.8451,0.0,0.0,1.4
99.66,0.0,0.0,-0.8451,-0.8451,0.0,0.0,1.4
99.68,0.0,0.0,-0.8451,-0.8451,0.0,0.0,1.4
99.7,0.0,0.0,-0.8451,-0.8451,0.0,0.0,1.4
99.72,0.0,0.0,-0.8451,-0.8451,0.0,0.0,1.4
99.74,0.0,0.0,-0.8451,-0.8451,0.0,0.0,1.4
99.76,0.0,0.0,-0.8451,-0.8451,0.0,0.0,1.4
99.78,0.0,0.0,-0.8451,-0.8451,0.0,0.0,1.4
99.8,0.0,0.0,-0.8451,-0.8451,0.0,0.0,1.4
99.82,0.0,0.0,-0.8451,-0.8451,0.0,0.0,1.4
99.84,0.0,0.0,-0.8451,-0.8451,0.0,0.0,1.4
99.86,0.0,0.0,-0.8451,-0.8451,0.0,0.0,1.4
99.88,0.0,0.0,-0.8451,-0.8451,0.0,0.0,1.4
99.9,0.0,0.0,-0.8451,-0.8451,0.0,0.0,1.4
99.92,0.0,0.0,-0.8451,-0.8451,0.0,0.0,1.4
99.94,0.0,0.0,-0.8451,-0.8451,0.0,0.0,1.4
99.96,0.0,0.0,-0.8451,-0.8451,0.0,0.0,1.4
99.98,0.0,0.0,-0.8451,-0.8451,0.0,0.0,1.4
100.0,0.0,0.0,-0.8451,-0.8451,0.0,0.0,1.4
100.02,0.0,0.0,-0.8451,-0.8451,0.0,0.0,1.4
100.04,0.0,0.0,-0.8451,-0.8451,0.0,0.0,1.4
100.06,0.0,0.0,-0.8451,-0.8451,0.0,0.0,1.4
100.08,0.0,0.0,-0.8451,-0.8451,0.0,0.0,1.4
100.1,0.0,0.0,-0.8451,-0.8451,0.0,0.0,1.4
100.12,0.0,0.0,-0.8451,-0.8451,0.0,0.0,1.4
100.14,0.0,0.0,-0.8451,-0.8451,0.0,0.0,1.4
100.16,0.0,0.0,-0.8451,-0.8451,0.0,0.0,1.4
100.18,0.0,0.0,-0.8451,-0.8451,0.0,0.0,1.4
100.2,0.0,0.0,-0.8451,-0.8451,0.0,0.0,1.4
100.22,0.0,0.0,-0.8451,-0.8451,0.0,0.0,1.4
100.24,0.0,0.0,-0.8451,-0.8451,0.0,0.0,1.4
100.26,0.0,0.0,-0.8451,-0.8451,0.0,0.0,1.4
100.28,0.0,0.0,-0.8451,-0.8451,0.0,0.0,1.4
100.3,0.0,0.0,-0.8451,-0.8451,0.0,0.0,1.4
100.32,0.0,0.0,-0.8451,-0.8451,0.0,0.0,1.4
100.34,0.0,0.0,-0.8451,-0.8451,0.0,0.0,1.4
100.36,0.0,0.0,-0.8451,-0.8451,0.0,0.0,1.4
100.38,0.0,0.0,-0.8451,-0.8451,0.0,0.0,1.4
100.4,0.0,0.0,-0.8451,-0.8451,0.0,0.0,1.4
100.42,0.0,0.0,-0.8451,-0.8451,0.0,0.0,1.4
100.44,0.0,0.0,-0.8451,-0.8451,0.0,0.0,1.4
100.46,0.0,0.0,-0.8451,-0.8451,0.0,0.0,1.4
100.48,0.0,0.0,-0.8451,-0.8451,0.0,0.0,1.4
100.5,0.0,0.0,-0.8451,-0.8451,0.0,0.0,1.4
100.52,0.0,0.0,-0.8451,-0.8451,0.0,0.0,1.4
100.54,0.0,0.0,-0.8451,-0.8451,0.0,0.0,1.4
100.56,0.0,0.0,-0.8451,-0.8451,0.0,0.0,1.4
100.58,0.0,0.0,-0.8451,-0.8451,0.0,0.0,1.4
100.6,0.0,0.0,-0.8451,-0.8451,0.0,0.0,1.4
100.62,0.0,0.0,-0.8451,-0.8451,0.0,0.0,1.4
100.64,0.0,0.0,-0.8451,-0.8451,0.0,0.0,1.4
100.66,0.0,0.0,-0.8451,-0.8451,0.0,0.0,1.4
100.68,0.0,0.0,-0.8451,-0.8451,0.0,0.0,1.4
100.7,0.0,0.0,-0.8451,-0.8451,0.0,0.0,1.4
100.72,0.0,0.0,-0.8451,-0.8451,0.0,0.0,1.4
100.74,0.0,0.0,-0.8451,-0.8451,0.0,0.0,1.4
100.76,0.0,0.0,-0.8451,-0.8451,0.0,0.0,1.4
100.78,0.0,0.0,-0.8451,-0.8451,0.0,0.0,1.4
100.8,0.0,0.0,-0.8451,-0.8451,0.0,0.0,1.4
100.82,0.0,0.0,-0.8451,-0.8451,0.0,0.0,1.4
100.84,0.0,0.0,-0.8451,-0.8451,0.0,0.0,1.4
100.86,0.0,0.0,-0.8451,-0.8451,0.0,0.0,1.4
100.88,0.0,0.0,-0.8451,-0.8451,0.0,0.0,1.4
100.9,0.0,0.0,-0.8451,-0.8451,0.0,0.0,1.4
100.92,0.0,0.0,-0.8451,-0.8451,0.0,0.0,1.4
100.94,0.0,0.0,-0.8451,-0.8451,0.0,0.0,1.4
100.96,0.0,0.0,-0.8451,-0.8451,0.0,0.0,1.4
100.98,0.0,0.0,-0.8451,-0.8451,0.0,0.0,1.4
101.0,0.0,0.0,-0.8451,-0.8451,0.0,0.0,1.4
101.02,0.0,0.0,-0.8451,-0.8451,0.0,0.0,1.4
101.04,0.0,0.0,-0.8451,-0.8451,0.0,0.0,1.4
101.06,0.0,0.0,-0.8451,-0.8451,0.0,0.0,1.4
101.08,0.0,0.0,-0.8451,-0.8451,0.0,0.0,1.4
101.1,0.0,0.0,-0.8451,-0.8451,0.0,0.0,1.4
101.12,0.0,0.0,-0.8451,-0.8451,0.0,0.0,1.4
101.14,0.0,0.0,-0.8451,-0.8451,0.0,0.0,1.4
101.16,0.0,0.0,-0.8451,-0.8451,0.0,0.0,1.4
101.18,0.0,0.0,-0.8451,-0.8451,0.0,0.0,1.4
101.2,0.0,0.0,-0.8451,-0.8451,0.0,0.0,1.4
101.22,0.0,0.0,-0.8451,-0.8451,0.0,0.0,1.4
101.24,0.0,0.0,-0.8451,-0.8451,0.0,0.0,1.4
101.26,0.0,0.0,-0.8451,-0.8451,0.0,0.0,1.4
101.28,0.0,0.0,-0.8451,-0.8451,0.0,0.0,1.4
101.3,0.0,0.0,-0.8451,-0.8451,0.0,0.0,1.4
101.32,0.0,0.0,-0.8451,-0.8451,0.0,0.0,1.4
101.34,0.0,0.0,-0.8451,-0.8451,0.0,0.0,1.4
101.36,0.0,0.0,-0.8451,-0.8451,0.0,0.0,1.4
101.38,0.0,0.0,-0.8451,-0.8451,0.0,0.0,1.4
101.4,0.0,0.0,-0.8451,-0.8451,0.0,0.0,1.4
101.42,0.0,0.0,-0.8451,-0.8451,0.0,0.0,1.4
101.44,0.0,0.0,-0.8451,-0.8451,0.0,0.0,1.4
101.46,0.0,0.0,-0.8451,-0.8451,0.0,0.0,1.4
101.48,0.0,0.0,-0.8451,-0.8451,0.0,0.0,1.4
101.5,0.0,0.0,-0.8451,-0.8451,0.0,0.0,1.4
101.52,0.0,0.0,-0.8451,-0.8451,0.0,0.0,1.4
101.54,0.0,0.0,-0.8451,-0.8451,0.0,0.0,1.4
101.56,0.0,0.0,-0.8451,-0.8451,0.0,0.0,1.4
101.58,0.0,0.0,-0.8451,-0.8451,0.0,0.0,1.4
101.6,0.0,0.0,-0.8451,-0.8451,0.0,0.0,1.4
101.62,0.0,0.0,-0.8451,-0.8451,0.0,0.0,1.4
101.64,0.0,0.0,-0.8451,-0.8451,0.0,0.0,1.4
101.66,0.0,0.0,-0.8451,-0.8451,0.0,0.0,1.4
101.68,0.0,0.0,-0.8451,-0.8451,0.0,0.0,1.4
101.7,0.0,0.0,-0.8451,-0.8451,0.0,0.0,1.4
101.72,0.0,0.0,-0.8451,-0.8451,0.0,0.0,1.4
101.74,0.0,0.0,-0.8451,-0.8451,0.0,0.0,1.4
101.76,0.0,0.0,-0.8451,-0.8451,0.0,0.0,1.4
101.78,0.0,0.0,-0.8451,-0.8451,0.0,0.0,1.4
101.8,0.0,0.0,-0.8451,-0.8451,0.0,0.0,1.4
101.82,0.0,0.0,-0.8451,-0.8451,0.0,0.0,1.4
101.84,0.0,0.0,-0.8451,-0.8451,0.0,0.0,1.4
101.86,0.0,0.0,-0.8451,-0.8451,0.0,0.0,1.4
101.88,0.0,0.0,-0.8451,-0.8451,0.0,0.0,1.4
101.9,0.0,0.0,-0.8451,-0.8451,0.0,0.0,1.4
101.92,0.0,0.0,-0.8451,-0.8451,0.0,0.0,1.4
101.94,0.0,0.0,-0.8451,-0.8451,0.0,0.0,1.4
101.96,0.0,0.0,-0.8451,-0.8451,0.0,0.0,1.4
101.98,0.0,0.0,-0.8451,-0.8451,0.0,0.0,1.4
102.0,0.0,0.0,-0.8451,-0.8451,0.0,0.0,1.4
102.02,0.0,0.0,-0.8451,-0.8451,0.0,0.0,1.4
102.04,0.0,0.0,-0.8451,-0.8451,0.0,0.0,1.4
102.06,0.0,0.0,-0.8451,-0.8451,0.0,0.0,1.4
102.08,0.0,0.0,-0.8451,-0.8451,0.0,0.0,1.4
102.1,0.0,0.0,-0.8451,-0.8451,0.0,0.0,1.4
102.12,0.0,0.0,-0.8451,-0.8451,0.0,0.0,1.4
102.14,0.0,0.0,-0.8451,-0.8451,0.0,0.0,1.4
102.16,0.0,0.0,-0.8451,-0.8451,0.0,0.0,1.4
102.18,0.0,0.0,-0.8451,-0.8451,0.0,0.0,1.4
102.2,0.0,0.0,-0.8451,-0.8451,0.0,0.0,1.4
102.22,0.0,0.0,-0.8451,-0.8451,0.0,0.0,1.4
102.24,0.0,0.0,-0.8451,-0.8451,0.0,0.0,1.4
102.26,0.0,0.0,-0.8451,-0.8451,0.0,0.0,1.4
102.28,0.0,0.0,-0.8451,-0.8451,0.0,0.0,1.4
102.3,0.0,0.0,-0.8451,-0.8451,0.0,0.0,1.4
102.32,0.0,0.0,-0.8451,-0.8451,0.0,0.0,1.4
102.34,0.0,0.0,-0.8451,-0.8451,0.0,0.0,1.4
102.36,0.0,0.0,-0.8451,-0.8451,0.0,0.0,1.4
102.38,0.0,0.0,-0.8451,-0.8451,0.0,0.0,1.4
102.4,0.0,0.0,-0.8451,-0.8451,0.0,0.0,1.4
102.42,0.0,0.0,-0.8451,-0.8451,0.0,0.0,1.4
102.44,0.0,0.0,-0.8451,-0.8451,0.0,0.0,1.4
102.46,0.0,0.0,-0.8451,-0.8451,0.0,0.0,1.4
102.48,0.0,0.0,-0.8451,-0.8451,0.0,0.0,1.4
102.5,0.0,0.0,-0.8451,-0.8451,0.0,0.0,1.4
102.52,0.0,0.0,-0.8451,-0.8451,0.0,0.0,1.4
102.54,0.0,0.0,-0.8451,-0.8451,0.0,0.0,1.4
102.56,0.0,0.0,-0.8451,-0.8451,0.0,0.0,1.4
102.58,0.0,0.0,-0.8451,-0.8451,0.0,0.0,1.4
102.6,0.0,0.0,-0.8451,-0.8451,0.0,0.0,1.4
102.62,0.0,0.0,-0.8451,-0.8451,0.0,0.0,1.4
102.64,0.0,0.0,-0.8451,-0.8451,0.0,0.0,1.4
102.66,0.0,0.0,-0.8451,-0.8451,0.0,0.0,1.4
102.68,0.0,0.0,-0.8451,-0.8451,0.0,0.0,1.4
102.7,0.0,0.0,-0.8451,-0.8451,0.0,0.0,1.4
102.72,0.0,0.0,-0.8451,-0.8451,0.0,0.0,1.4
102.74,0.0,0.0,-0.8451,-0.8451,0.0,0.0,1.4
102.76,0.0,0.0,-0.8451,-0.8451,0.0,0.0,1.4
102.78,0.0,0.0,-0.8451,-0.8451,0.0,0.0,1.4
102.8,0.0,0.0,-0.8451,-0.8451,0.0,0.0,1.4
102.82,0.0,0.0,-0.8451,-0.8451,0.0,0.0,1.4
102.84,0.0,0.0,-0.8451,-0.8451,0.0,0.0,1.4
102.86,0.0,0.0,-0.8451,-0.8451,0.0,0.0,1.4
102.88,0.0,0.0,-0.8451,-0.8451,0.0,0.0,1.4
102.9,0.0,0.0,-0.8451,-0.8451,0.0,0.0,1.4
102.92,0.0,0.0,-0.8451,-0.8451,0.0,0.0,1.4
102.94,0.0,0.0,-0.8451,-0.8451,0.0,0.0,1.4
102.96,0.0,0.0,-0.8451,-0.8451,0.0,0.0,1.4
102.98,0.0,0.0,-0.8451,-0.8451,0.0,0.0,1.4
103.0,0.0,0.0,-0.8451,-0.8451,0.0,0.0,1.4
103.02,0.0,0.0,-0.8451,-0.8451,0.0,0.0,1.4
103.04,0.0,0.0,-0.8451,-0.8451,0.0,0.0,1.4
103.06,0.0,0.0,-0.8451,-0.8451,0.0,0.0,1.4
103.08,0.0,0.0,-0.8451,-0.8451,0.0,0.0,1.4
103.1,0.0,0.0,-0.8451,-0.8451,0.0,0.0,1.4
103.12,0.0,0.0,-0.8451,-0.8451,0.0,0.0,1.4
103.14,0.0,0.0,-0.8451,-0.8451,0.0,0.0,1.4
103.16,0.0,0.0,-0.8451,-0.8451,0.0,0.0,1.4
103.18,0.0,0.0,-0.8451,-0.8451,0.0,0.0,1.4
103.2,0.0,0.0,-0.8451,-0.8451,0.0,0.0,1.4
103.22,0.0,0.0,-0.8451,-0.8451,0.0,0.0,1.4
103.24,0.0,0.0,-0.8451,-0.8451,0.0,0.0,1.4
103.26,0.0,0.0,-0.8451,-0.8451,0.0,0.0,1.4
103.28,0.0,0.0,-0.8451,-0.8451,0.0,0.0,1.4
103.3,0.0,0.0,-0.8451,-0.8451,0.0,0.0,1.4
103.32,0.0,0.0,-0.8451,-0.8451,0.0,0.0,1.4
103.34,0.0,0.0,-0.8451,-0.8451,0.0,0.0,1.4
103.36,0.0,0.0,-0.8451,-0.8451,0.0,0.0,1.4
103.38,0.0,0.0,-0.8451,-0.8451,0.0,0.0,1.4
103.4,0.0,0.0,-0.8451,-0.8451,0.0,0.0,1.4
103.42,0.0,0.0,-0.8451,-0.8451,0.0,0.0,1.4
103.44,0.0,0.0,-0.8451,-0.8451,0.0,0.0,1.4
103.46,0.0,0.0,-0.8451,-0.8451,0.0,0.0,1.4
103.48,0.0,0.0,-0.8451,-0.8451,0.0,0.0,1.4
103.5,0.0,0.0,-0.8451,-0.8451,0.0,0.0,1.4
103.52,0.0,0.0,-0.8451,-0.8451,0.0,0.0,1.4
103.54,0.0,0.0,-0.8451,-0.8451,0.0,0.0,1.4
103.56,0.0,0.0,-0.8451,-0.8451,0.0,0.0,1.4
103.58,0.0,0.0,-0.8451,-0.8451,0.0,0.0,1.4
103.6,0.0,0.0,-0.8451,-0.8451,0.0,0.0,1.4
103.62,0.0,0.0,-0.8451,-0.8451,0.0,0.0,1.4
103.64,0.0,0.0,-0.8451,-0.8451,0.0,0.0,1.4
103.66,0.0,0.0,-0.8451,-0.8451,0.0,0.0,1.4
103.68,0.0,0.0,-0.8451,-0.8451,0.0,0.0,1.4
103.7,0.0,0.0,-0.8451,-0.8451,0.0,0.0,1.4
103.72,0.0,0.0,-0.8451,-0.8451,0.0,0.0,1.4
103.74,0.0,0.0,-0.8451,-0.8451,0.0,0.0,1.4
103.76,0.0,0.0,-0.8451,-0.8451,0.0,0.0,1.4
103.78,0.0,0.0,-0.8451,-0.8451,0.0,0.0,1.4
103.8,0.0,0.0,-0.8451,-0.8451,0.0,0.0,1.4
103.82,0.0,0.0,-0.8451,-0.8451,0.0,0.0,1.4
103.84,0.0,0.0,-0.8451,-0.8451,0.0,0.0,1.4
103.86,0.0,0.0,-0.8451,-0.8451,0.0,0.0,1.4
103.88,0.0,0.0,-0.8451,-0.8451,0.0,0.0,1.4
103.9,0.0,0.0,-0.8451,-0.8451,0.0,0.0,1.4
103.92,0.0,0.0,-0.8451,-0.8451,0.0,0.0,1.4
103.94,0.0,0.0,-0.8451,-0.8451,0.0,0.0,1.4
103.96,0.0,0.0,-0.8451,-0.8451,0.0,0.0,1.4
103.98,0.0,0.0,-0.8451,-0.8451,0.0,0.0,1.4
104.0,0.0,0.0,-0.8451,-0.8451,0.0,0.0,1.4
104.02,0.0,0.0,-0.8451,-0.8451,0.0,0.0,1.4
104.04,0.0,0.0,-0.8451,-0.8451,0.0,0.0,1.4
104.06,0.0,0.0,-0.8451,-0.8451,0.0,0.0,1.4
104.08,0.0,0.0,-0.8451,-0.8451,0.0,0.0,1.4
104.1,0.0,0.0,-0.8451,-0.8451,0.0,0.0,1.4
104.12,0.0,0.0,-0.8451,-0.8451,0.0,0.0,1.4
104.14,0.0,0.0,-0.8451,-0.8451,0.0,0.0,1.4
104.16,0.0,0.0,-0.8451,-0.8451,0.0,0.0,1.4
104.18,0.0,0.0,-0.8451,-0.8451,0.0,0.0,1.4
104.2,0.0,0.0,-0.8451,-0.8451,0.0,0.0,1.4
104.22,0.0,0.0,-0.8451,-0.8451,0.0,0.0,1.4
104.24,0.0,0.0,-0.8451,-0.8451,0.0,0.0,1.4
104.26,0.0,0.0,-0.8451,-0.8451,0.0,0.0,1.4
104.28,0.0,0.0,-0.8451,-0.8451,0.0,0.0,1.4
104.3,0.0,0.0,-0.8451,-0.8451,0.0,0.0,1.4
104.32,0.0,0.0,-0.8451,-0.8451,0.0,0.0,1.4
104.34,0.0,0.0,-0.8451,-0.8451,0.0,0.0,1.4
104.36,0.0,0.0,-0.8451,-0.8451,0.0,0.0,1.4
104.38,0.0,0.0,-0.8451,-0.8451,0.0,0.0,1.4
104.4,0.0,0.0,-0.8451,-0.8451,0.0,0.0,1.4
104.42,0.0,0.0,-0.8451,-0.8451,0.0,0.0,1.4
104.44,0.0,0.0,-0.8451,-0.8451,0.0,0.0,1.4
104.46,0.0,0.0,-0.8451,-0.8451,0.0,0.0,1.4
104.48,0.0,0.0,-0.8451,-0.8451,0.0,0.0,1.4
104.5,0.0,0.0,-0.8451,-0.8451,0.0,0.0,1.4
104.52,0.0,0.0,-0.8451,-0.8451,0.0,0.0,1.4
104.54,0.0,0.0,-0.8451,-0.8451,0.0,0.0,1.4
104.56,0.0,0.0,-0.8451,-0.8451,0.0,0.0,1.4
104.58,0.0,0.0,-0.8451,-0.8451,0.0,0.0,1.4
104.6,0.0,0.0,-0.8451,-0.8451,0.0,0.0,1.4
104.62,0.0,0.0,-0.8451,-0.8451,0.0,0.0,1.4
104.64,0.0,0.0,-0.8451,-0.8451,0.0,0.0,1.4
104.66,0.0,0.0,-0.8451,-0.8451,0.0,0.0,1.4
104.68,0.0,0.0,-0.8451,-0.8451,0.0,0.0,1.4
104.7,0.0,0.0,-0.8451,-0.8451,0.0,0.0,1.4
104.72,0.0,0.0,-0.8451,-0.8451,0.0,0.0,1.4
104.74,0.0,0.0,-0.8451,-0.8451,0.0,0.0,1.4
104.76,0.0,0.0,-0.8451,-0.8451,0.0,0.0,1.4
104.78,0.0,0.0,-0.8451,-0.8451,0.0,0.0,1.4
104.8,0.0,0.0,-0.8451,-0.8451,0.0,0.0,1.4
104.82,0.0,0.0,-0.8451,-0.8451,0.0,0.0,1.4
104.84,0.0,0.0,-0.8451,-0.8451,0.0,0.0,1.4
104.86,0.0,0.0,-0.8451,-0.8451,0.0,0.0,1.4
104.88,0.0,0.0,-0.8451,-0.8451,0.0,0.0,1.4
104.9,0.0,0.0,-0.8451,-0.8451,0.0,0.0,1.4
104.92,0.0,0.0,-0.8451,-0.8451,0.0,0.0,1.4
104.94,0.0,0.0,-0.8451,-0.8451,0.0,0.0,1.4
104.96,0.0,0.0,-0.8451,-0.8451,0.0,0.0,1.4
104.98,0.0,0.0,-0.8451,-0.8451,0.0,0.0,1.4
105.0,0.0,0.0,-0.8451,-0.8451,0.0,0.0,1.4
105.02,0.0,0.0,-0.8451,-0.8451,0.0,0.0,1.4
105.04,0.0,0.0,-0.8451,-0.8451,0.0,0.0,1.4
105.06,0.0,0.0,-0.8451,-0.8451,0.0,0.0,1.4
105.08,0.0,0.0,-0.8451,-0.8451,0.0,0.0,1.4
105.1,0.0,0.0,-0.8451,-0.8451,0.0,0.0,1.4
105.12,0.0,0.0,-0.8451,-0.8451,0.0,0.0,1.4
105.14,0.0,0.0,-0.8451,-0.8451,0.0,0.0,1.4
105.16,0.0,0.0,-0.8451,-0.8451,0.0,0.0,1.4
105.18,0.0,0.0,-0.8451,-0.8451,0.0,0.0,1.4
105.2,0.0,0.0,-0.8451,-0.8451,0.0,0.0,1.4
105.22,0.0,0.0,-0.8451,-0.8451,0.0,0.0,1.4
105.24,0.0,0.0,-0.8451,-0.8451,0.0,0.0,1.4
105.26,0.0,0.0,-0.8451,-0.8451,0.0,0.0,1.4
105.28,0.0,0.0,-0.8451,-0.8451,0.0,0.0,1.4
105.3,0.0,0.0,-0.8451,-0.8451,0.0,0.0,1.4
105.32,0.0,0.0,-0.8451,-0.8451,0.0,0.0,1.4
105.34,0.0,0.0,-0.8451,-0.8451,0.0,0.0,1.4
105.36,0.0,0.0,-0.8451,-0.8451,0.0,0.0,1.4
105.38,0.0,0.0,-0.8451,-0.8451,0.0,0.0,1.4
105.4,0.0,0.0,-0.8451,-0.8451,0.0,0.0,1.4
105.42,0.0,0.0,-0.8451,-0.8451,0.0,0.0,1.4
105.44,0.0,0.0,-0.8451,-0.8451,0.0,0.0,1.4
105.46,0.0,0.0,-0.8451,-0.8451,0.0,0.0,1.4
105.48,0.0,0.0,-0.8451,-0.8451,0.0,0.0,1.4
105.5,0.0,0.0,-0.8451,-0.8451,0.0,0.0,1.4
105.52,0.0,0.0,-0.8451,-0.8451,0.0,0.0,1.4
105.54,0.0,0.0,-0.8451,-0.8451,0.0,0.0,1.4
105.56,0.0,0.0,-0.8451,-0.8451,0.0,0.0,1.4
105.58,0.0,0.0,-0.8451,-0.8451,0.0,0.0,1.4
105.6,0.0,0.0,-0.8451,-0.8451,0.0,0.0,1.4
105.62,0.0,0.0,-0.8451,-0.8451,0.0,0.0,1.4
105.64,0.0,0.0,-0.8451,-0.8451,0.0,0.0,1.4
105.66,0.0,0.0,-0.8451,-0.8451,0.0,0.0,1.4
105.68,0.0,0.0,-0.8451,-0.8451,0.0,0.0,1.4
105.7,0.0,0.0,-0.8451,-0.8451,0.0,0.0,1.4
105.72,0.0,0.0,-0.8451,-0.8451,0.0,0.0,1.4
105.74,0.0,0.0,-0.8451,-0.8451,0.0,0.0,1.4
105.76,0.0,0.0,-0.8451,-0.8451,0.0,0.0,1.4
105.78,0.0,0.0,-0.8451,-0.8451,0.0,0.0,1.4
105.8,0.0,0.0,-0.8451,-0.8451,0.0,0.0,1.4
105.82,0.0,0.0,-0.8451,-0.8451,0.0,0.0,1.4
105.84,0.0,0.0,-0.8451,-0.8451,0.0,0.0,1.4
105.86,0.0,0.0,-0.8451,-0.8451,0.0,0.0,1.4
105.88,0.0,0.0,-0.8451,-0.8451,0.0,0.0,1.4
105.9,0.0,0.0,-0.8451,-0.8451,0.0,0.0,1.4
105.92,0.0,0.0,-0.8451,-0.8451,0.0,0.0,1.4
105.94,0.0,0.0,-0.8451,-0.8451,0.0,0.0,1.4
105.96,0.0,0.0,-0.8451,-0.8451,0.0,0.0,1.4
105.98,0.0,0.0,-0.8451,-0.8451,0.0,0.0,1.4
106.0,0.0,0.0,-0.8451,-0.8451,0.0,0.0,1.4
106.02,0.0,0.0,-0.8451,-0.8451,0.0,0.0,1.4
106.04,0.0,0.0,-0.8451,-0.8451,0.0,0.0,1.4
106.06,0.0,0.0,-0.8451,-0.8451,0.0,0.0,1.4
106.08,0.0,0.0,-0.8451,-0.8451,0.0,0.0,1.4
106.1,0.0,0.0,-0.8451,-0.8451,0.0,0.0,1.4
106.12,0.0,0.0,-0.8451,-0.8451,0.0,0.0,1.4
106.14,0.0,0.0,-0.8451,-0.8451,0.0,0.0,1.4
106.16,0.0,0.0,-0.8451,-0.8451,0.0,0.0,1.4
106.18,0.0,0.0,-0.8451,-0.8451,0.0,0.0,1.4
106.2,0.0,0.0,-0.8451,-0.8451,0.0,0.0,1.4
106.22,0.0,0.0,-0.8451,-0.8451,0.0,0.0,1.4
106.24,0.0,0.0,-0.8451,-0.8451,0.0,0.0,1.4
106.26,0.0,0.0,-0.8451,-0.8451,0.0,0.0,1.4
106.28,0.0,0.0,-0.8451,-0.8451,0.0,0.0,1.4
106.3,0.0,0.0,-0.8451,-0.8451,0.0,0.0,1.4
106.32,0.0,0.0,-0.8451,-0.8451,0.0,0.0,1.4
106.34,0.0,0.0,-0.8451,-0.8451,0.0,0.0,1.4
106.36,0.0,0.0,-0.8451,-0.8451,0.0,0.0,1.4
106.38,0.0,0.0,-0.8451,-0.8451,0.0,0.0,1.4
106.4,0.0,0.0,-0.8451,-0.8451,0.0,0.0,1.4
106.42,0.0,0.0,-0.8451,-0.8451,0.0,0.0,1.4
106.44,0.0,0.0,-0.8451,-0.8451,0.0,0.0,1.4
106.46,0.0,0.0,-0.8451,-0.8451,0.0,0.0,1.4
106.48,0.0,0.0,-0.8451,-0.8451,0.0,0.0,1.4
106.5,0.0,0.0,-0.8451,-0.8451,0.0,0.0,1.4
106.52,0.0,0.0,-0.8451,-0.8451,0.0,0.0,1.4
106.54,0.0,0.0,-0.8451,-0.8451,0.0,0.0,1.4
106.56,0.0,0.0,-0.8451,-0.8451,0.0,0.0,1.4
106.58,0.0,0.0,-0.8451,-0.8451,0.0,0.0,1.4
106.6,0.0,0.0,-0.8451,-0.8451,0.0,0.0,1.4
106.62,0.0,0.0,-0.8451,-0.8451,0.0,0.0,1.4
106.64,0.0,0.0,-0.8451,-0.8451,0.0,0.0,1.4
106.66,0.0,0.0,-0.8451,-0.8451,0.0,0.0,1.4
106.68,0.0,0.0,-0.8451,-0.8451,0.0,0.0,1.4
106.7,0.0,0.0,-0.8451,-0.8451,0.0,0.0,1.4
106.72,0.0,0.0,-0.8451,-0.8451,0.0,0.0,1.4
106.74,0.0,0.0,-0.8451,-0.8451,0.0,0.0,1.4
106.76,0.0,0.0,-0.8451,-0.8451,0.0,0.0,1.4
106.78,0.0,0.0,-0.8451,-0.8451,0.0,0.0,1.4
106.8,0.0,0.0,-0.8451,-0.8451,0.0,0.0,1.4
106.82,0.0,0.0,-0.8451,-0.8451,0.0,0.0,1.4
106.84,0.0,0.0,-0.8451,-0.8451,0.0,0.0,1.4
106.86,0.0,0.0,-0.8451,-0.8451,0.0,0.0,1.4
106.88,0.0,0.0,-0.8451,-0.8451,0.0,0.0,1.4
106.9,0.0,0.0,-0.8451,-0.8451,0.0,0.0,1.4
106.92,0.0,0.0,-0.8451,-0.8451,0.0,0.0,1.4
106.94,0.0,0.0,-0.8451,-0.8451,0.0,0.0,1.4
106.96,0.0,0.0,-0.8451,-0.8451,0.0,0.0,1.4
106.98,0.0,0.0,-0.8451,-0.8451,0.0,0.0,1.4
107.0,0.0,0.0,-0.8451,-0.8451,0.0,0.0,1.4
107.02,0.0,0.0,-0.8451,-0.8451,0.0,0.0,1.4
107.04,0.0,0.0,-0.8451,-0.8451,0.0,0.0,1.4
107.06,0.0,0.0,-0.8451,-0.8451,0.0,0.0,1.4
107.08,0.0,0.0,-0.8451,-0.8451,0.0,0.0,1.4
107.1,0.0,0.0,-0.8451,-0.8451,0.0,0.0,1.4
107.12,0.0,0.0,-0.8451,-0.8451,0.0,0.0,1.4
107.14,0.0,0.0,-0.8451,-0.8451,0.0,0.0,1.4
107.16,0.0,0.0,-0.8451,-0.8451,0.0,0.0,1.4
107.18,0.0,0.0,-0.8451,-0.8451,0.0,0.0,1.4
107.2,0.0,0.0,-0.8451,-0.8451,0.0,0.0,1.4
107.22,0.0,0.0,-0.8451,-0.8451,0.0,0.0,1.4
107.24,0.0,0.0,-0.8451,-0.8451,0.0,0.0,1.4
107.26,0.0,0.0,-0.8451,-0.8451,0.0,0.0,1.4
107.28,0.0,0.0,-0.8451,-0.8451,0.0,0.0,1.4
107.3,0.0,0.0,-0.8451,-0.8451,0.0,0.0,1.4
107.32,0.0,0.0,-0.8451,-0.8451,0.0,0.0,1.4
107.34,0.0,0.0,-0.8451,-0.8451,0.0,0.0,1.4
107.36,0.0,0.0,-0.8451,-0.8451,0.0,0.0,1.4
107.38,0.0,0.0,-0.8451,-0.8451,0.0,0.0,1.4
107.4,0.0,0.0,-0.8451,-0.8451,0.0,0.0,1.4
107.42,0.0,0.0,-0.8451,-0.8451,0.0,0.0,1.4
107.44,0.0,0.0,-0.8451,-0.8451,0.0,0.0,1.4
107.46,0.0,0.0,-0.8451,-0.8451,0.0,0.0,1.4
107.48,0.0,0.0,-0.8451,-0.8451,0.0,0.0,1.4
107.5,0.0,0.0,-0.8451,-0.8451,0.0,0.0,1.4
107.52,0.0,0.0,-0.8451,-0.8451,0.0,0.0,1.4
107.54,0.0,0.0,-0.8451,-0.8451,0.0,0.0,1.4
107.56,0.0,0.0,-0.8451,-0.8451,0.0,0.0,1.4
107.58,0.0,0.0,-0.8451,-0.8451,0.0,0.0,1.4
107.6,0.0,0.0,-0.8451,-0.8451,0.0,0.0,1.4
107.62,0.0,0.0,-0.8451,-0.8451,0.0,0.0,1.4
107.64,0.0,0.0,-0.8451,-0.8451,0.0,0.0,1.4
107.66,0.0,0.0,-0.8451,-0.8451,0.0,0.0,1.4
107.68,0.0,0.0,-0.8451,-0.8451,0.0,0.0,1.4
107.7,0.0,0.0,-0.8451,-0.8451,0.0,0.0,1.4
107.72,0.0,0.0,-0.8451,-0.8451,0.0,0.0,1.4
107.74,0.0,0.0,-0.8451,-0.8451,0.0,0.0,1.4
107.76,0.0,0.0,-0.8451,-0.8451,0.0,0.0,1.4
107.78,0.0,0.0,-0.8451,-0.8451,0.0,0.0,1.4
107.8,0.0,0.0,-0.8451,-0.8451,0.0,0.0,1.4
107.82,0.0,0.0,-0.8451,-0.8451,0.0,0.0,1.4
107.84,0.0,0.0,-0.8451,-0.8451,0.0,0.0,1.4
107.86,0.0,0.0,-0.8451,-0.8451,0.0,0.0,1.4
107.88,0.0,0.0,-0.8451,-0.8451,0.0,0.0,1.4
107.9,0.0,0.0,-0.8451,-0.8451,0.0,0.0,1.4
107.92,0.0,0.0,-0.8451,-0.8451,0.0,0.0,1.4
107.94,0.0,0.0,-0.8451,-0.8451,0.0,0.0,1.4
107.96,0.0,0.0,-0.8451,-0.8451,0.0,0.0,1.4
107.98,0.0,0.0,-0.8451,-0.8451,0.0,0.0,1.4
108.0,0.0,0.0,-0.8451,-0.8451,0.0,0.0,1.4
108.02,0.0,0.0,-0.8451,-0.8451,0.0,0.0,1.4
108.04,0.0,0.0,-0.8451,-0.8451,0.0,0.0,1.4
108.06,0.0,0.0,-0.8451,-0.8451,0.0,0.0,1.4
108.08,0.0,0.0,-0.8451,-0.8451,0.0,0.0,1.4
108.1,0.0,0.0,-0.8451,-0.8451,0.0,0.0,1.4
108.12,0.0,0.0,-0.8451,-0.8451,0.0,0.0,1.4
108.14,0.0,0.0,-0.8451,-0.8451,0.0,0.0,1.4
108.16,0.0,0.0,-0.8451,-0.8451,0.0,0.0,1.4
108.18,0.0,0.0,-0.8451,-0.8451,0.0,0.0,1.4
108.2,0.0,0.0,-0.8451,-0.8451,0.0,0.0,1.4
108.22,0.0,0.0,-0.8451,-0.8451,0.0,0.0,1.4
108.24,0.0,0.0,-0.8451,-0.8451,0.0,0.0,1.4
108.26,0.0,0.0,-0.8451,-0.8451,0.0,0.0,1.4
108.28,0.0,0.0,-0.8451,-0.8451,0.0,0.0,1.4
108.3,0.0,0.0,-0.8451,-0.8451,0.0,0.0,1.4
108.32,0.0,0.0,-0.8451,-0.8451,0.0,0.0,1.4
108.34,0.0,0.0,-0.8451,-0.8451,0.0,0.0,1.4
108.36,0.0,0.0,-0.8451,-0.8451,0.0,0.0,1.4
108.38,0.0,0.0,-0.8451,-0.8451,0.0,0.0,1.4
108.4,0.0,0.0,-0.8451,-0.8451,0.0,0.0,1.4
108.42,0.0,0.0,-0.8451,-0.8451,0.0,0.0,1.4
108.44,0.0,0.0,-0.8451,-0.8451,0.0,0.0,1.4
108.46,0.0,0.0,-0.8451,-0.8451,0.0,0.0,1.4
108.48,0.0,0.0,-0.8451,-0.8451,0.0,0.0,1.4
108.5,0.0,0.0,-0.8451,-0.8451,0.0,0.0,1.4
108.52,0.0,0.0,-0.8451,-0.8451,0.0,0.0,1.4
108.54,0.0,0.0,-0.8451,-0.8451,0.0,0.0,1.4
108.56,0.0,0.0,-0.8451,-0.8451,0.0,0.0,1.4
108.58,0.0,0.0,-0.8451,-0.8451,0.0,0.0,1.4
108.6,0.0,0.0,-0.8451,-0.8451,0.0,0.0,1.4
108.62,0.0,0.0,-0.8451,-0.8451,0.0,0.0,1.4
108.64,0.0,0.0,-0.8451,-0.8451,0.0,0.0,1.4
108.66,0.0,0.0,-0.8451,-0.8451,0.0,0.0,1.4
108.68,0.0,0.0,-0.8451,-0.8451,0.0,0.0,1.4
108.7,0.0,0.0,-0.8451,-0.8451,0.0,0.0,1.4
108.72,0.0,0.0,-0.8451,-0.8451,0.0,0.0,1.4
108.74,0.0,0.0,-0.8451,-0.8451,0.0,0.0,1.4
108.76,0.0,0.0,-0.8451,-0.8451,0.0,0.0,1.4
108.78,0.0,0.0,-0.8451,-0.8451,0.0,0.0,1.4
108.8,0.0,0.0,-0.8451,-0.8451,0.0,0.0,1.4
108.82,0.0,0.0,-0.8451,-0.8451,0.0,0.0,1.4
108.84,0.0,0.0,-0.8451,-0.8451,0.0,0.0,1.4
108.86,0.0,0.0,-0.8451,-0.8451,0.0,0.0,1.4
108.88,0.0,0.0,-0.8451,-0.8451,0.0,0.0,1.4
108.9,0.0,0.0,-0.8451,-0.8451,0.0,0.0,1.4
108.92,0.0,0.0,-0.8451,-0.8451,0.0,0.0,1.4
108.94,0.0,0.0,-0.8451,-0.8451,0.0,0.0,1.4
108.96,0.0,0.0,-0.8451,-0.8451,0.0,0.0,1.4
108.98,0.0,0.0,-0.8451,-0.8451,0.0,0.0,1.4
109.0,0.0,0.0,-0.8451,-0.8451,0.0,0.0,1.4
109.02,0.0,0.0,-0.8451,-0.8451,0.0,0.0,1.4
109.04,0.0,0.0,-0.8451,-0.8451,0.0,0.0,1.4
109.06,0.0,0.0,-0.8451,-0.8451,0.0,0.0,1.4
109.08,0.0,0.0,-0.8451,-0.8451,0.0,0.0,1.4
109.1,0.0,0.0,-0.8451,-0.8451,0.0,0.0,1.4
109.12,0.0,0.0,-0.8451,-0.8451,0.0,0.0,1.4
109.14,0.0,0.0,-0.8451,-0.8451,0.0,0.0,1.4
109.16,0.0,0.0,-0.8451,-0.8451,0.0,0.0,1.4
109.18,0.0,0.0,-0.8451,-0.8451,0.0,0.0,1.4
109.2,0.0,0.0,-0.8451,-0.8451,0.0,0.0,1.4
109.22,0.0,0.0,-0.8451,-0.8451,0.0,0.0,1.4
109.24,0.0,0.0,-0.8451,-0.8451,0.0,0.0,1.4
109.26,0.0,0.0,-0.8451,-0.8451,0.0,0.0,1.4
109.28,0.0,0.0,-0.8451,-0.8451,0.0,0.0,1.4
109.3,0.0,0.0,-0.8451,-0.8451,0.0,0.0,1.4
109.32,0.0,0.0,-0.8451,-0.8451,0.0,0.0,1.4
109.34,0.0,0.0,-0.8451,-0.8451,0.0,0.0,1.4
109.36,0.0,0.0,-0.8451,-0.8451,0.0,0.0,1.4
109.38,0.0,0.0,-0.8451,-0.8451,0.0,0.0,1.4
109.4,0.0,0.0,-0.8451,-0.8451,0.0,0.0,1.4
109.42,0.0,0.0,-0.8451,-0.8451,0.0,0.0,1.4
109.44,0.0,0.0,-0.8451,-0.8451,0.0,0.0,1.4
109.46,0.0,0.0,-0.8451,-0.8451,0.0,0.0,1.4
109.48,0.0,0.0,-0.8451,-0.8451,0.0,0.0,1.4
109.5,0.0,0.0,-0.8451,-0.8451,0.0,0.0,1.4
109.52,0.0,0.0,-0.8451,-0.8451,0.0,0.0,1.4
109.54,0.0,0.0,-0.8451,-0.8451,0.0,0.0,1.4
109.56,0.0,0.0,-0.8451,-0.8451,0.0,0.0,1.4
109.58,0.0,0.0,-0.8451,-0.8451,0.0,0.0,1.4
109.6,0.0,0.0,-0.8451,-0.8451,0.0,0.0,1.4
109.62,0.0,0.0,-0.8451,-0.8451,0.0,0.0,1.4
109.64,0.0,0.0,-0.8451,-0.8451,0.0,0.0,1.4
109.66,0.0,0.0,-0.8451,-0.8451,0.0,0.0,1.4
109.68,0.0,0.0,-0.8451,-0.8451,0.0,0.0,1.4
109.7,0.0,0.0,-0.8451,-0.8451,0.0,0.0,1.4
109.72,0.0,0.0,-0.8451,-0.8451,0.0,0.0,1.4
109.74,0.0,0.0,-0.8451,-0.8451,0.0,0.0,1.4
109.76,0.0,0.0,-0.8451,-0.8451,0.0,0.0,1.4
109.78,0.0,0.0,-0.8451,-0.8451,0.0,0.0,1.4
109.8,0.0,0.0,-0.8451,-0.8451,0.0,0.0,1.4
109.82,0.0,0.0,-0.8451,-0.8451,0.0,0.0,1.4
109.84,0.0,0.0,-0.8451,-0.8451,0.0,0.0,1.4
109.86,0.0,0.0,-0.8451,-0.8451,0.0,0.0,1.4
109.88,0.0,0.0,-0.8451,-0.8451,0.0,0.0,1.4
109.9,0.0,0.0,-0.8451,-0.8451,0.0,0.0,1.4
109.92,0.0,0.0,-0.8451,-0.8451,0.0,0.0,1.4
109.94,0.0,0.0,-0.8451,-0.8451,0.0,0.0,1.4
109.96,0.0,0.0,-0.8451,-0.8451,0.0,0.0,1.4
109.98,0.0,0.0,-0.8451,-0.8451,0.0,0.0,1.4
110.0,0.0,0.0,-0.8451,-0.8451,0.0,0.0,1.4
110.02,0.0,0.0,-0.8451,-0.8451,0.0,0.0,1.4
110.04,0.0,0.0,-0.8451,-0.8451,0.0,0.0,1.4
110.06,0.0,0.0,-0.8451,-0.8451,0.0,0.0,1.4
110.08,0.0,0.0,-0.8451,-0.8451,0.0,0.0,1.4
110.1,0.0,0.0,-0.8451,-0.8451,0.0,0.0,1.4
110.12,0.0,0.0,-0.8451,-0.8451,0.0,0.0,1.4
110.14,0.0,0.0,-0.8451,-0.8451,0.0,0.0,1.4
110.16,0.0,0.0,-0.8451,-0.8451,0.0,0.0,1.4
110.18,0.0,0.0,-0.8451,-0.8451,0.0,0.0,1.4
110.2,0.0,0.0,-0.8451,-0.8451,0.0,0.0,1.4
110.22,0.0,0.0,-0.8451,-0.8451,0.0,0.0,1.4
110.24,0.0,0.0,-0.8451,-0.8451,0.0,0.0,1.4
110.26,0.0,0.0,-0.8451,-0.8451,0.0,0.0,1.4
110.28,0.0,0.0,-0.8451,-0.8451,0.0,0.0,1.4
110.3,0.0,0.0,-0.8451,-0.8451,0.0,0.0,1.4
110.32,0.0,0.0,-0.8451,-0.8451,0.0,0.0,1.4
110.34,0.0,0.0,-0.8451,-0.8451,0.0,0.0,1.4
110.36,0.0,0.0,-0.8451,-0.8451,0.0,0.0,1.4
110.38,0.0,0.0,-0.8451,-0.8451,0.0,0.0,1.4
110.4,0.0,0.0,-0.8451,-0.8451,0.0,0.0,1.4
110.42,0.0,0.0,-0.8451,-0.8451,0.0,0.0,1.4
110.44,0.0,0.0,-0.8451,-0.8451,0.0,0.0,1.4
110.46,0.0,0.0,-0.8451,-0.8451,0.0,0.0,1.4
110.48,0.0,0.0,-0.8451,-0.8451,0.0,0.0,1.4
110.5,0.0,0.0,-0.8451,-0.8451,0.0,0.0,1.4
110.52,0.0,0.0,-0.8451,-0.8451,0.0,0.0,1.4
110.54,0.0,0.0,-0.8451,-0.8451,0.0,0.0,1.4
110.56,0.0,0.0,-0.8451,-0.8451,0.0,0.0,1.4
110.58,0.0,0.0,-0.8451,-0.8451,0.0,0.0,1.4
110.6,0.0,0.0,-0.8451,-0.8451,0.0,0.0,1.4
110.62,0.0,0.0,-0.8451,-0.8451,0.0,0.0,1.4
110.64,0.0,0.0,-0.8451,-0.8451,0.0,0.0,1.4
110.66,0.0,0.0,-0.8451,-0.8451,0.0,0.0,1.4
110.68,0.0,0.0,-0.8451,-0.8451,0.0,0.0,1.4
110.7,0.0,0.0,-0.8451,-0.8451,0.0,0.0,1.4
110.72,0.0,0.0,-0.8451,-0.8451,0.0,0.0,1.4
110.74,0.0,0.0,-0.8451,-0.8451,0.0,0.0,1.4
110.76,0.0,0.0,-0.8451,-0.8451,0.0,0.0,1.4
110.78,0.0,0.0,-0.8451,-0.8451,0.0,0.0,1.4
110.8,0.0,0.0,-0.8451,-0.8451,0.0,0.0,1.4
110.82,0.0,0.0,-0.8451,-0.8451,0.0,0.0,1.4
110.84,0.0,0.0,-0.8451,-0.8451,0.0,0.0,1.4
110.86,0.0,0.0,-0.8451,-0.8451,0.0,0.0,1.4
110.88,0.0,0.0,-0.8451,-0.8451,0.0,0.0,1.4
110.9,0.0,0.0,-0.8451,-0.8451,0.0,0.0,1.4
110.92,0.0,0.0,-0.8451,-0.8451,0.0,0.0,1.4
110.94,0.0,0.0,-0.8451,-0.8451,0.0,0.0,1.4
110.96,0.0,0.0,-0.8451,-0.8451,0.0,0.0,1.4
110.98,0.0,0.0,-0.8451,-0.8451,0.0,0.0,1.4
111.0,0.0,0.0,-0.8451,-0.8451,0.0,0.0,1.4
111.02,0.0,0.0,-0.8451,-0.8451,0.0,0.0,1.4
111.04,0.0,0.0,-0.8451,-0.8451,0.0,0.0,1.4
111.06,0.0,0.0,-0.8451,-0.8451,0.0,0.0,1.4
111.08,0.0,0.0,-0.8451,-0.8451,0.0,0.0,1.4
111.1,0.0,0.0,-0.8451,-0.8451,0.0,0.0,1.4
111.12,0.0,0.0,-0.8451,-0.8451,0.0,0.0,1.4
111.14,0.0,0.0,-0.8451,-0.8451,0.0,0.0,1.4
111.16,0.0,0.0,-0.8451,-0.8451,0.0,0.0,1.4
111.18,0.0,0.0,-0.8451,-0.8451,0.0,0.0,1.4
111.2,0.0,0.0,-0.8451,-0.8451,0.0,0.0,1.4
111.22,0.0,0.0,-0.8451,-0.8451,0.0,0.0,1.4
111.24,0.0,0.0,-0.8451,-0.8451,0.0,0.0,1.4
111.26,0.0,0.0,-0.8451,-0.8451,0.0,0.0,1.4
111.28,0.0,0.0,-0.8451,-0.8451,0.0,0.0,1.4
111.3,0.0,0.0,-0.8451,-0.8451,0.0,0.0,1.4
111.32,0.0,0.0,-0.8451,-0.8451,0.0,0.0,1.4
111.34,0.0,0.0,-0.8451,-0.8451,0.0,0.0,1.4
111.36,0.0,0.0,-0.8451,-0.8451,0.0,0.0,1.4
111.38,0.0,0.0,-0.8451,-0.8451,0.0,0.0,1.4
111.4,0.0,0.0,-0.8451,-0.8451,0.0,0.0,1.4
111.42,0.0,0.0,-0.8451,-0.8451,0.0,0.0,1.4
111.44,0.0,0.0,-0.8451,-0.8451,0.0,0.0,1.4
111.46,0.0,0.0,-0.8451,-0.8451,0.0,0.0,1.4
111.48,0.0,0.0,-0.8451,-0.8451,0.0,0.0,1.4
111.5,0.0,0.0,-0.8451,-0.8451,0.0,0.0,1.4
111.52,0.0,0.0,-0.8451,-0.8451,0.0,0.0,1.4
111.54,0.0,0.0,-0.8451,-0.8451,0.0,0.0,1.4
111.56,0.0,0.0,-0.8451,-0.8451,0.0,0.0,1.4
111.58,0.0,0.0,-0.8451,-0.8451,0.0,0.0,1.4
111.6,0.0,0.0,-0.8451,-0.8451,0.0,0.0,1.4
111.62,0.0,0.0,-0.8451,-0.8451,0.0,0.0,1.4
111.64,0.0,0.0,-0.8451,-0.8451,0.0,0.0,1.4
111.66,0.0,0.0,-0.8451,-0.8451,0.0,0.0,1.4
111.68,0.0,0.0,-0.8451,-0.8451,0.0,0.0,1.4
111.7,0.0,0.0,-0.8451,-0.8451,0.0,0.0,1.4
111.72,0.0,0.0,-0.8451,-0.8451,0.0,0.0,1.4
111.74,0.0,0.0,-0.8451,-0.8451,0.0,0.0,1.4
111.76,0.0,0.0,-0.8451,-0.8451,0.0,0.0,1.4
111.78,0.0,0.0,-0.8451,-0.8451,0.0,0.0,1.4
111.8,0.0,0.0,-0.8451,-0.8451,0.0,0.0,1.4
111.82,0.0,0.0,-0.8451,-0.8451,0.0,0.0,1.4
111.84,0.0,0.0,-0.8451,-0.8451,0.0,0.0,1.4
111.86,0.0,0.0,-0.8451,-0.8451,0.0,0.0,1.4
111.88,0.0,0.0,-0.8451,-0.8451,0.0,0.0,1.4
111.9,0.0,0.0,-0.8451,-0.8451,0.0,0.0,1.4
111.92,0.0,0.0,-0.8451,-0.8451,0.0,0.0,1.4
111.94,0.0,0.0,-0.8451,-0.8451,0.0,0.0,1.4
111.96,0.0,0.0,-0.8451,-0.8451,0.0,0.0,1.4
111.98,0.0,0.0,-0.8451,-0.8451,0.0,0.0,1.4
112.0,0.0,0.0,-0.8451,-0.8451,0.0,0.0,1.4
112.02,0.0,0.0,-0.8451,-0.8451,0.0,0.0,1.4
112.04,0.0,0.0,-0.8451,-0.8451,0.0,0.0,1.4
112.06,0.0,0.0,-0.8451,-0.8451,0.0,0.0,1.4
112.08,0.0,0.0,-0.8451,-0.8451,0.0,0.0,1.4
112.1,0.0,0.0,-0.8451,-0.8451,0.0,0.0,1.4
112.12,0.0,0.0,-0.8451,-0.8451,0.0,0.0,1.4
112.14,0.0,0.0,-0.8451,-0.8451,0.0,0.0,1.4
112.16,0.0,0.0,-0.8451,-0.8451,0.0,0.0,1.4
112.18,0.0,0.0,-0.8451,-0.8451,0.0,0.0,1.4
112.2,0.0,0.0,-0.8451,-0.8451,0.0,0.0,1.4
112.22,0.0,0.0,-0.8451,-0.8451,0.0,0.0,1.4
112.24,0.0,0.0,-0.8451,-0.8451,0.0,0.0,1.4
112.26,0.0,0.0,-0.8451,-0.8451,0.0,0.0,1.4
112.28,0.0,0.0,-0.8451,-0.8451,0.0,0.0,1.4
112.3,0.0,0.0,-0.8451,-0.8451,0.0,0.0,1.4
112.32,0.0,0.0,-0.8451,-0.8451,0.0,0.0,1.4
112.34,0.0,0.0,-0.8451,-0.8451,0.0,0.0,1.4
112.36,0.0,0.0,-0.8451,-0.8451,0.0,0.0,1.4
112.38,0.0,0.0,-0.8451,-0.8451,0.0,0.0,1.4
112.4,0.0,0.0,-0.8451,-0.8451,0.0,0.0,1.4
112.42,0.0,0.0,-0.8451,-0.8451,0.0,0.0,1.4
112.44,0.0,0.0,-0.8451,-0.8451,0.0,0.0,1.4
112.46,0.0,0.0,-0.8451,-0.8451,0.0,0.0,1.4
112.48,0.0,0.0,-0.8451,-0.8451,0.0,0.0,1.4
112.5,0.0,0.0,-0.8451,-0.8451,0.0,0.0,1.4
112.52,0.0,0.0,-0.8451,-0.8451,0.0,0.0,1.4
112.54,0.0,0.0,-0.8451,-0.8451,0.0,0.0,1.4
112.56,0.0,0.0,-0.8451,-0.8451,0.0,0.0,1.4
112.58,0.0,0.0,-0.8451,-0.8451,0.0,0.0,1.4
112.6,0.0,0.0,-0.8451,-0.8451,0.0,0.0,1.4
112.62,0.0,0.0,-0.8451,-0.8451,0.0,0.0,1.4
112.64,0.0,0.0,-0.8451,-0.8451,0.0,0.0,1.4
112.66,0.0,0.0,-0.8451,-0.8451,0.0,0.0,1.4
112.68,0.0,0.0,-0.8451,-0.8451,0.0,0.0,1.4
112.7,0.0,0.0,-0.8451,-0.8451,0.0,0.0,1.4
112.72,0.0,0.0,-0.8451,-0.8451,0.0,0.0,1.4
112.74,0.0,0.0,-0.8451,-0.8451,0.0,0.0,1.4
112.76,0.0,0.0,-0.8451,-0.8451,0.0,0.0,1.4
112.78,0.0,0.0,-0.8451,-0.8451,0.0,0.0,1.4
112.8,0.0,0.0,-0.8451,-0.8451,0.0,0.0,1.4
112.82,0.0,0.0,-0.8451,-0.8451,0.0,0.0,1.4
112.84,0.0,0.0,-0.8451,-0.8451,0.0,0.0,1.4
112.86,0.0,0.0,-0.8451,-0.8451,0.0,0.0,1.4
112.88,0.0,0.0,-0.8451,-0.8451,0.0,0.0,1.4
112.9,0.0,0.0,-0.8451,-0.8451,0.0,0.0,1.4
112.92,0.0,0.0,-0.8451,-0.8451,0.0,0.0,1.4
112.94,0.0,0.0,-0.8451,-0.8451,0.0,0.0,1.4
112.96,0.0,0.0,-0.8451,-0.8451,0.0,0.0,1.4
112.98,0.0,0.0,-0.8451,-0.8451,0.0,0.0,1.4
113.0,0.0,0.0,-0.8451,-0.8451,0.0,0.0,1.4
113.02,0.0,0.0,-0.8451,-0.8451,0.0,0.0,1.4
113.04,0.0,0.0,-0.8451,-0.8451,0.0,0.0,1.4
113.06,0.0,0.0,-0.8451,-0.8451,0.0,0.0,1.4
113.08,0.0,0.0,-0.8451,-0.8451,0.0,0.0,1.4
113.1,0.0,0.0,-0.8451,-0.8451,0.0,0.0,1.4
113.12,0.0,0.0,-0.8451,-0.8451,0.0,0.0,1.4
113.14,0.0,0.0,-0.8451,-0.8451,0.0,0.0,1.4
113.16,0.0,0.0,-0.8451,-0.8451,0.0,0.0,1.4
113.18,0.0,0.0,-0.8451,-0.8451,0.0,0.0,1.4
113.2,0.0,0.0,-0.8451,-0.8451,0.0,0.0,1.4
113.22,0.0,0.0,-0.8451,-0.8451,0.0,0.0,1.4
113.24,0.0,0.0,-0.8451,-0.8451,0.0,0.0,1.4
113.26,0.0,0.0,-0.8451,-0.8451,0.0,0.0,1.4
113.28,0.0,0.0,-0.8451,-0.8451,0.0,0.0,1.4
113.3,0.0,0.0,-0.8451,-0.8451,0.0,0.0,1.4
113.32,0.0,0.0,-0.8451,-0.8451,0.0,0.0,1.4
113.34,0.0,0.0,-0.8451,-0.8451,0.0,0.0,1.4
113.36,0.0,0.0,-0.8451,-0.8451,0.0,0.0,1.4
113.38,0.0,0.0,-0.8451,-0.8451,0.0,0.0,1.4
113.4,0.0,0.0,-0.8451,-0.8451,0.0,0.0,1.4
113.42,0.0,0.0,-0.8451,-0.8451,0.0,0.0,1.4
113.44,0.0,0.0,-0.8451,-0.8451,0.0,0.0,1.4
113.46,0.0,0.0,-0.8451,-0.8451,0.0,0.0,1.4
113.48,0.0,0.0,-0.8451,-0.8451,0.0,0.0,1.4
113.5,0.0,0.0,-0.8451,-0.8451,0.0,0.0,1.4
113.52,0.0,0.0,-0.8451,-0.8451,0.0,0.0,1.4
113.54,0.0,0.0,-0.8451,-0.8451,0.0,0.0,1.4
113.56,0.0,0.0,-0.8451,-0.8451,0.0,0.0,1.4
113.58,0.0,0.0,-0.8451,-0.8451,0.0,0.0,1.4
113.6,0.0,0.0,-0.8451,-0.8451,0.0,0.0,1.4
113.62,0.0,0.0,-0.8451,-0.8451,0.0,0.0,1.4
113.64,0.0,0.0,-0.8451,-0.8451,0.0,0.0,1.4
113.66,0.0,0.0,-0.8451,-0.8451,0.0,0.0,1.4
113.68,0.0,0.0,-0.8451,-0.8451,0.0,0.0,1.4
113.7,0.0,0.0,-0.8451,-0.8451,0.0,0.0,1.4
113.72,0.0,0.0,-0.8451,-0.8451,0.0,0.0,1.4
113.74,0.0,0.0,-0.8451,-0.8451,0.0,0.0,1.4
113.76,0.0,0.0,-0.8451,-0.8451,0.0,0.0,1.4
113.78,0.0,0.0,-0.8451,-0.8451,0.0,0.0,1.4
113.8,0.0,0.0,-0.8451,-0.8451,0.0,0.0,1.4
113.82,0.0,0.0,-0.8451,-0.8451,0.0,0.0,1.4
113.84,0.0,0.0,-0.8451,-0.8451,0.0,0.0,1.4
113.86,0.0,0.0,-0.8451,-0.8451,0.0,0.0,1.4
113.88,0.0,0.0,-0.8451,-0.8451,0.0,0.0,1.4
113.9,0.0,0.0,-0.8451,-0.8451,0.0,0.0,1.4
113.92,0.0,0.0,-0.8451,-0.8451,0.0,0.0,1.4
113.94,0.0,0.0,-0.8451,-0.8451,0.0,0.0,1.4
113.96,0.0,0.0,-0.8451,-0.8451,0.0,0.0,1.4
113.98,0.0,0.0,-0.8451,-0.8451,0.0,0.0,1.4
114.0,0.0,0.0,-0.8451,-0.8451,0.0,0.0,1.4
114.02,0.0,0.0,-0.8451,-0.8451,0.0,0.0,1.4
114.04,0.0,0.0,-0.8451,-0.8451,0.0,0.0,1.4
114.06,0.0,0.0,-0.8451,-0.8451,0.0,0.0,1.4
114.08,0.0,0.0,-0.8451,-0.8451,0.0,0.0,1.4
114.1,0.0,0.0,-0.8451,-0.8451,0.0,0.0,1.4
114.12,0.0,0.0,-0.8451,-0.8451,0.0,0.0,1.4
114.14,0.0,0.0,-0.8451,-0.8451,0.0,0.0,1.4
114.16,0.0,0.0,-0.8451,-0.8451,0.0,0.0,1.4
114.18,0.0,0.0,-0.8451,-0.8451,0.0,0.0,1.4
114.2,0.0,0.0,-0.8451,-0.8451,0.0,0.0,1.4
114.22,0.0,0.0,-0.8451,-0.8451,0.0,0.0,1.4
114.24,0.0,0.0,-0.8451,-0.8451,0.0,0.0,1.4
114.26,0.0,0.0,-0.8451,-0.8451,0.0,0.0,1.4
114.28,0.0,0.0,-0.8451,-0.8451,0.0,0.0,1.4
114.3,0.0,0.0,-0.8451,-0.8451,0.0,0.0,1.4
114.32,0.0,0.0,-0.8451,-0.8451,0.0,0.0,1.4
114.34,0.0,0.0,-0.8451,-0.8451,0.0,0.0,1.4
114.36,0.0,0.0,-0.8451,-0.8451,0.0,0.0,1.4
114.38,0.0,0.0,-0.8451,-0.8451,0.0,0.0,1.4
114.4,0.0,0.0,-0.8451,-0.8451,0.0,0.0,1.4
114.42,0.0,0.0,-0.8451,-0.8451,0.0,0.0,1.4
114.44,0.0,0.0,-0.8451,-0.8451,0.0,0.0,1.4
114.46,0.0,0.0,-0.8451,-0.8451,0.0,0.0,1.4
114.48,0.0,0.0,-0.8451,-0.8451,0.0,0.0,1.4
114.5,0.0,0.0,-0.8451,-0.8451,0.0,0.0,1.4
114.52,0.0,0.0,-0.8451,-0.8451,0.0,0.0,1.4
114.54,0.0,0.0,-0.8451,-0.8451,0.0,0.0,1.4
114.56,0.0,0.0,-0.8451,-0.8451,0.0,0.0,1.4
114.58,0.0,0.0,-0.8451,-0.8451,0.0,0.0,1.4
114.6,0.0,0.0,-0.8451,-0.8451,0.0,0.0,1.4
114.62,0.0,0.0,-0.8451,-0.8451,0.0,0.0,1.4
114.64,0.0,0.0,-0.8451,-0.8451,0.0,0.0,1.4
114.66,0.0,0.0,-0.8451,-0.8451,0.0,0.0,1.4
114.68,0.0,0.0,-0.8451,-0.8451,0.0,0.0,1.4
114.7,0.0,0.0,-0.8451,-0.8451,0.0,0.0,1.4
114.72,0.0,0.0,-0.8451,-0.8451,0.0,0.0,1.4
114.74,0.0,0.0,-0.8451,-0.8451,0.0,0.0,1.4
114.76,0.0,0.0,-0.8451,-0.8451,0.0,0.0,1.4
114.78,0.0,0.0,-0.8451,-0.8451,0.0,0.0,1.4
114.8,0.0,0.0,-0.8451,-0.8451,0.0,0.0,1.4
114.82,0.0,0.0,-0.8451,-0.8451,0.0,0.0,1.4
114.84,0.0,0.0,-0.8451,-0.8451,0.0,0.0,1.4
114.86,0.0,0.0,-0.8451,-0.8451,0.0,0.0,1.4
114.88,0.0,0.0,-0.8451,-0.8451,0.0,0.0,1.4
114.9,0.0,0.0,-0.8451,-0.8451,0.0,0.0,1.4
114.92,0.0,0.0,-0.8451,-0.8451,0.0,0.0,1.4
114.94,0.0,0.0,-0.8451,-0.8451,0.0,0.0,1.4
114.96,0.0,0.0,-0.8451,-0.8451,0.0,0.0,1.4
114.98,0.0,0.0,-0.8451,-0.8451,0.0,0.0,1.4
115.0,0.0,0.0,-0.8451,-0.8451,0.0,0.0,1.4
115.02,0.0,0.0,-0.8451,-0.8451,0.0,0.0,1.4
115.04,0.0,0.0,-0.8451,-0.8451,0.0,0.0,1.4
115.06,0.0,0.0,-0.8451,-0.8451,0.0,0.0,1.4
115.08,0.0,0.0,-0.8451,-0.8451,0.0,0.0,1.4
115.1,0.0,0.0,-0.8451,-0.8451,0.0,0.0,1.4
115.12,0.0,0.0,-0.8451,-0.8451,0.0,0.0,1.4
115.14,0.0,0.0,-0.8451,-0.8451,0.0,0.0,1.4
115.16,0.0,0.0,-0.8451,-0.8451,0.0,0.0,1.4
115.18,0.0,0.0,-0.8451,-0.8451,0.0,0.0,1.4
115.2,0.0,0.0,-0.8451,-0.8451,0.0,0.0,1.4
115.22,0.0,0.0,-0.8451,-0.8451,0.0,0.0,1.4
115.24,0.0,0.0,-0.8451,-0.8451,0.0,0.0,1.4
115.26,0.0,0.0,-0.8451,-0.8451,0.0,0.0,1.4
115.28,0.0,0.0,-0.8451,-0.8451,0.0,0.0,1.4
115.3,0.0,0.0,-0.8451,-0.8451,0.0,0.0,1.4
115.32,0.0,0.0,-0.8451,-0.8451,0.0,0.0,1.4
115.34,0.0,0.0,-0.8451,-0.8451,0.0,0.0,1.4
115.36,0.0,0.0,-0.8451,-0.8451,0.0,0.0,1.4
115.38,0.0,0.0,-0.8451,-0.8451,0.0,0.0,1.4
115.4,0.0,0.0,-0.8451,-0.8451,0.0,0.0,1.4
115.42,0.0,0.0,-0.8451,-0.8451,0.0,0.0,1.4
115.44,0.0,0.0,-0.8451,-0.8451,0.0,0.0,1.4
115.46,0.0,0.0,-0.8451,-0.8451,0.0,0.0,1.4
115.48,0.0,0.0,-0.8451,-0.8451,0.0,0.0,1.4
115.5,0.0,0.0,-0.8451,-0.8451,0.0,0.0,1.4
115.52,0.0,0.0,-0.8451,-0.8451,0.0,0.0,1.4
115.54,0.0,0.0,-0.8451,-0.8451,0.0,0.0,1.4
115.56,0.0,0.0,-0.8451,-0.8451,0.0,0.0,1.4
115.58,0.0,0.0,-0.8451,-0.8451,0.0,0.0,1.4
115.6,0.0,0.0,-0.8451,-0.8451,0.0,0.0,1.4
115.62,0.0,0.0,-0.8451,-0.8451,0.0,0.0,1.4
115.64,0.0,0.0,-0.8451,-0.8451,0.0,0.0,1.4
115.66,0.0,0.0,-0.8451,-0.8451,0.0,0.0,1.4
115.68,0.0,0.0,-0.8451,-0.8451,0.0,0.0,1.4
115.7,0.0,0.0,-0.8451,-0.8451,0.0,0.0,1.4
115.72,0.0,0.0,-0.8451,-0.8451,0.0,0.0,1.4
115.74,0.0,0.0,-0.8451,-0.8451,0.0,0.0,1.4
115.76,0.0,0.0,-0.8451,-0.8451,0.0,0.0,1.4
115.78,0.0,0.0,-0.8451,-0.8451,0.0,0.0,1.4
115.8,0.0,0.0,-0.8451,-0.8451,0.0,0.0,1.4
115.82,0.0,0.0,-0.8451,-0.8451,0.0,0.0,1.4
115.84,0.0,0.0,-0.8451,-0.8451,0.0,0.0,1.4
115.86,0.0,0.0,-0.8451,-0.8451,0.0,0.0,1.4
115.88,0.0,0.0,-0.8451,-0.8451,0.0,0.0,1.4
115.9,0.0,0.0,-0.8451,-0.8451,0.0,0.0,1.4
115.92,0.0,0.0,-0.8451,-0.8451,0.0,0.0,1.4
115.94,0.0,0.0,-0.8451,-0.8451,0.0,0.0,1.4
115.96,0.0,0.0,-0.8451,-0.8451,0.0,0.0,1.4
115.98,0.0,0.0,-0.8451,-0.8451,0.0,0.0,1.4
116.0,0.0,0.0,-0.8451,-0.8451,0.0,0.0,1.4
116.02,0.0,0.0,-0.8451,-0.8451,0.0,0.0,1.4
116.04,0.0,0.0,-0.8451,-0.8451,0.0,0.0,1.4
116.06,0.0,0.0,-0.8451,-0.8451,0.0,0.0,1.4
116.08,0.0,0.0,-0.8451,-0.8451,0.0,0.0,1.4
116.1,0.0,0.0,-0.8451,-0.8451,0.0,0.0,1.4
116.12,0.0,0.0,-0.8451,-0.8451,0.0,0.0,1.4
116.14,0.0,0.0,-0.8451,-0.8451,0.0,0.0,1.4
116.16,0.0,0.0,-0.8451,-0.8451,0.0,0.0,1.4
116.18,0.0,0.0,-0.8451,-0.8451,0.0,0.0,1.4
116.2,0.0,0.0,-0.8451,-0.8451,0.0,0.0,1.4
116.22,0.0,0.0,-0.8451,-0.8451,0.0,0.0,1.4
116.24,0.0,0.0,-0.8451,-0.8451,0.0,0.0,1.4
116.26,0.0,0.0,-0.8451,-0.8451,0.0,0.0,1.4
116.28,0.0,0.0,-0.8451,-0.8451,0.0,0.0,1.4
116.3,0.0,0.0,-0.8451,-0.8451,0.0,0.0,1.4
116.32,0.0,0.0,-0.8451,-0.8451,0.0,0.0,1.4
116.34,0.0,0.0,-0.8451,-0.8451,0.0,0.0,1.4
116.36,0.0,0.0,-0.8451,-0.8451,0.0,0.0,1.4
116.38,0.0,0.0,-0.8451,-0.8451,0.0,0.0,1.4
116.4,0.0,0.0,-0.8451,-0.8451,0.0,0.0,1.4
116.42,0.0,0.0,-0.8451,-0.8451,0.0,0.0,1.4
116.44,0.0,0.0,-0.8451,-0.8451,0.0,0.0,1.4
116.46,0.0,0.0,-0.8451,-0.8451,0.0,0.0,1.4
116.48,0.0,0.0,-0.8451,-0.8451,0.0,0.0,1.4
116.5,0.0,0.0,-0.8451,-0.8451,0.0,0.0,1.4
116.52,0.0,0.0,-0.8451,-0.8451,0.0,0.0,1.4
116.54,0.0,0.0,-0.8451,-0.8451,0.0,0.0,1.4
116.56,0.0,0.0,-0.8451,-0.8451,0.0,0.0,1.4
116.58,0.0,0.0,-0.8451,-0.8451,0.0,0.0,1.4
116.6,0.0,0.0,-0.8451,-0.8451,0.0,0.0,1.4
116.62,0.0,0.0,-0.8451,-0.8451,0.0,0.0,1.4
116.64,0.0,0.0,-0.8451,-0.8451,0.0,0.0,1.4
116.66,0.0,0.0,-0.8451,-0.8451,0.0,0.0,1.4
116.68,0.0,0.0,-0.8451,-0.8451,0.0,0.0,1.4
116.7,0.0,0.0,-0.8451,-0.8451,0.0,0.0,1.4
116.72,0.0,0.0,-0.8451,-0.8451,0.0,0.0,1.4
116.74,0.0,0.0,-0.8451,-0.8451,0.0,0.0,1.4
116.76,0.0,0.0,-0.8451,-0.8451,0.0,0.0,1.4
116.78,0.0,0.0,-0.8451,-0.8451,0.0,0.0,1.4
116.8,0.0,0.0,-0.8451,-0.8451,0.0,0.0,1.4
116.82,0.0,0.0,-0.8451,-0.8451,0.0,0.0,1.4
116.84,0.0,0.0,-0.8451,-0.8451,0.0,0.0,1.4
116.86,0.0,0.0,-0.8451,-0.8451,0.0,0.0,1.4
116.88,0.0,0.0,-0.8451,-0.8451,0.0,0.0,1.4
116.9,0.0,0.0,-0.8451,-0.8451,0.0,0.0,1.4
116.92,0.0,0.0,-0.8451,-0.8451,0.0,0.0,1.4
116.94,0.0,0.0,-0.8451,-0.8451,0.0,0.0,1.4
116.96,0.0,0.0,-0.8451,-0.8451,0.0,0.0,1.4
116.98,0.0,0.0,-0.8451,-0.8451,0.0,0.0,1.4
117.0,0.0,0.0,-0.8451,-0.8451,0.0,0.0,1.4
117.02,0.0,0.0,-0.8451,-0.8451,0.0,0.0,1.4
117.04,0.0,0.0,-0.8451,-0.8451,0.0,0.0,1.4
117.06,0.0,0.0,-0.8451,-0.8451,0.0,0.0,1.4
117.08,0.0,0.0,-0.8451,-0.8451,0.0,0.0,1.4
117.1,0.0,0.0,-0.8451,-0.8451,0.0,0.0,1.4
117.12,0.0,0.0,-0.8451,-0.8451,0.0,0.0,1.4
117.14,0.0,0.0,-0.8451,-0.8451,0.0,0.0,1.4
117.16,0.0,0.0,-0.8451,-0.8451,0.0,0.0,1.4
117.18,0.0,0.0,-0.8451,-0.8451,0.0,0.0,1.4
117.2,0.0,0.0,-0.8451,-0.8451,0.0,0.0,1.4
117.22,0.0,0.0,-0.8451,-0.8451,0.0,0.0,1.4
117.24,0.0,0.0,-0.8451,-0.8451,0.0,0.0,1.4
117.26,0.0,0.0,-0.8451,-0.8451,0.0,0.0,1.4
117.28,0.0,0.0,-0.8451,-0.8451,0.0,0.0,1.4
117.3,0.0,0.0,-0.8451,-0.8451,0.0,0.0,1.4
117.32,0.0,0.0,-0.8451,-0.8451,0.0,0.0,1.4
117.34,0.0,0.0,-0.8451,-0.8451,0.0,0.0,1.4
117.36,0.0,0.0,-0.8451,-0.8451,0.0,0.0,1.4
117.38,0.0,0.0,-0.8451,-0.8451,0.0,0.0,1.4
117.4,0.0,0.0,-0.8451,-0.8451,0.0,0.0,1.4
117.42,0.0,0.0,-0.8451,-0.8451,0.0,0.0,1.4
117.44,0.0,0.0,-0.8451,-0.8451,0.0,0.0,1.4
117.46,0.0,0.0,-0.8451,-0.8451,0.0,0.0,1.4
117.48,0.0,0.0,-0.8451,-0.8451,0.0,0.0,1.4
117.5,0.0,0.0,-0.8451,-0.8451,0.0,0.0,1.4
117.52,0.0,0.0,-0.8451,-0.8451,0.0,0.0,1.4
117.54,0.0,0.0,-0.8451,-0.8451,0.0,0.0,1.4
117.56,0.0,0.0,-0.8451,-0.8451,0.0,0.0,1.4
117.58,0.0,0.0,-0.8451,-0.8451,0.0,0.0,1.4
117.6,0.0,0.0,-0.8451,-0.8451,0.0,0.0,1.4
117.62,0.0,0.0,-0.8451,-0.8451,0.0,0.0,1.4
117.64,0.0,0.0,-0.8451,-0.8451,0.0,0.0,1.4
117.66,0.0,0.0,-0.8451,-0.8451,0.0,0.0,1.4
117.68,0.0,0.0,-0.8451,-0.8451,0.0,0.0,1.4
117.7,0.0,0.0,-0.8451,-0.8451,0.0,0.0,1.4
117.72,0.0,0.0,-0.8451,-0.8451,0.0,0.0,1.4
117.74,0.0,0.0,-0.8451,-0.8451,0.0,0.0,1.4
117.76,0.0,0.0,-0.8451,-0.8451,0.0,0.0,1.4
117.78,0.0,0.0,-0.8451,-0.8451,0.0,0.0,1.4
117.8,0.0,0.0,-0.8451,-0.8451,0.0,0.0,1.4
117.82,0.0,0.0,-0.8451,-0.8451,0.0,0.0,1.4
117.84,0.0,0.0,-0.8451,-0.8451,0.0,0.0,1.4
117.86,0.0,0.0,-0.8451,-0.8451,0.0,0.0,1.4
117.88,0.0,0.0,-0.8451,-0.8451,0.0,0.0,1.4
117.9,0.0,0.0,-0.8451,-0.8451,0.0,0.0,1.4
117.92,0.0,0.0,-0.8451,-0.8451,0.0,0.0,1.4
117.94,0.0,0.0,-0.8451,-0.8451,0.0,0.0,1.4
117.96,0.0,0.0,-0.8451,-0.8451,0.0,0.0,1.4
117.98,0.0,0.0,-0.8451,-0.8451,0.0,0.0,1.4
118.0,0.0,0.0,-0.8451,-0.8451,0.0,0.0,1.4
118.02,0.0,0.0,-0.8451,-0.8451,0.0,0.0,1.4
118.04,0.0,0.0,-0.8451,-0.8451,0.0,0.0,1.4
118.06,0.0,0.0,-0.8451,-0.8451,0.0,0.0,1.4
118.08,0.0,0.0,-0.8451,-0.8451,0.0,0.0,1.4
118.1,0.0,0.0,-0.8451,-0.8451,0.0,0.0,1.4
118.12,0.0,0.0,-0.8451,-0.8451,0.0,0.0,1.4
118.14,0.0,0.0,-0.8451,-0.8451,0.0,0.0,1.4
118.16,0.0,0.0,-0.8451,-0.8451,0.0,0.0,1.4
118.18,0.0,0.0,-0.8451,-0.8451,0.0,0.0,1.4
118.2,0.0,0.0,-0.8451,-0.8451,0.0,0.0,1.4
118.22,0.0,0.0,-0.8451,-0.8451,0.0,0.0,1.4
118.24,0.0,0.0,-0.8451,-0.8451,0.0,0.0,1.4
118.26,0.0,0.0,-0.8451,-0.8451,0.0,0.0,1.4
118.28,0.0,0.0,-0.8451,-0.8451,0.0,0.0,1.4
118.3,0.0,0.0,-0.8451,-0.8451,0.0,0.0,1.4
118.32,0.0,0.0,-0.8451,-0.8451,0.0,0.0,1.4
118.34,0.0,0.0,-0.8451,-0.8451,0.0,0.0,1.4
118.36,0.0,0.0,-0.8451,-0.8451,0.0,0.0,1.4
118.38,0.0,0.0,-0.8451,-0.8451,0.0,0.0,1.4
118.4,0.0,0.0,-0.8451,-0.8451,0.0,0.0,1.4
118.42,0.0,0.0,-0.8451,-0.8451,0.0,0.0,1.4
118.44,0.0,0.0,-0.8451,-0.8451,0.0,0.0,1.4
118.46,0.0,0.0,-0.8451,-0.8451,0.0,0.0,1.4
118.48,0.0,0.0,-0.8451,-0.8451,0.0,0.0,1.4
118.5,0.0,0.0,-0.8451,-0.8451,0.0,0.0,1.4
118.52,0.0,0.0,-0.8451,-0.8451,0.0,0.0,1.4
118.54,0.0,0.0,-0.8451,-0.8451,0.0,0.0,1.4
118.56,0.0,0.0,-0.8451,-0.8451,0.0,0.0,1.4
118.58,0.0,0.0,-0.8451,-0.8451,0.0,0.0,1.4
118.6,0.0,0.0,-0.8451,-0.8451,0.0,0.0,1.4
118.62,0.0,0.0,-0.8451,-0.8451,0.0,0.0,1.4
118.64,0.0,0.0,-0.8451,-0.8451,0.0,0.0,1.4
118.66,0.0,0.0,-0.8451,-0.8451,0.0,0.0,1.4
118.68,0.0,0.0,-0.8451,-0.8451,0.0,0.0,1.4
118.7,0.0,0.0,-0.8451,-0.8451,0.0,0.0,1.4
118.72,0.0,0.0,-0.8451,-0.8451,0.0,0.0,1.4
118.74,0.0,0.0,-0.8451,-0.8451,0.0,0.0,1.4
118.76,0.0,0.0,-0.8451,-0.8451,0.0,0.0,1.4
118.78,0.0,0.0,-0.8451,-0.8451,0.0,0.0,1.4
118.8,0.0,0.0,-0.8451,-0.8451,0.0,0.0,1.4
118.82,0.0,0.0,-0.8451,-0.8451,0.0,0.0,1.4
118.84,0.0,0.0,-0.8451,-0.8451,0.0,0.0,1.4
118.86,0.0,0.0,-0.8451,-0.8451,0.0,0.0,1.4
118.88,0.0,0.0,-0.8451,-0.8451,0.0,0.0,1.4
118.9,0.0,0.0,-0.8451,-0.8451,0.0,0.0,1.4
118.92,0.0,0.0,-0.8451,-0.8451,0.0,0.0,1.4
118.94,0.0,0.0,-0.8451,-0.8451,0.0,0.0,1.4
118.96,0.0,0.0,-0.8451,-0.8451,0.0,0.0,1.4
118.98,0.0,0.0,-0.8451,-0.8451,0.0,0.0,1.4
119.0,0.0,0.0,-0.8451,-0.8451,0.0,0.0,1.4
119.02,0.0,0.0,-0.8451,-0.8451,0.0,0.0,1.4
119.04,0.0,0.0,-0.8451,-0.8451,0.0,0.0,1.4
119.06,0.0,0.0,-0.8451,-0.8451,0.0,0.0,1.4
119.08,0.0,0.0,-0.8451,-0.8451,0.0,0.0,1.4
119.1,0.0,0.0,-0.8451,-0.8451,0.0,0.0,1.4
119.12,0.0,0.0,-0.8451,-0.8451,0.0,0.0,1.4
119.14,0.0,0.0,-0.8451,-0.8451,0.0,0.0,1.4
119.16,0.0,0.0,-0.8451,-0.8451,0.0,0.0,1.4
119.18,0.0,0.0,-0.8451,-0.8451,0.0,0.0,1.4
119.2,0.0,0.0,-0.8451,-0.8451,0.0,0.0,1.4
119.22,0.0,0.0,-0.8451,-0.8451,0.0,0.0,1.4
119.24,0.0,0.0,-0.8451,-0.8451,0.0,0.0,1.4
119.26,0.0,0.0,-0.8451,-0.8451,0.0,0.0,1.4
119.28,0.0,0.0,-0.8451,-0.8451,0.0,0.0,1.4
119.3,0.0,0.0,-0.8451,-0.8451,0.0,0.0,1.4
119.32,0.0,0.0,-0.8451,-0.8451,0.0,0.0,1.4
119.34,0.0,0.0,-0.8451,-0.8451,0.0,0.0,1.4
119.36,0.0,0.0,-0.8451,-0.8451,0.0,0.0,1.4
119.38,0.0,0.0,-0.8451,-0.8451,0.0,0.0,1.4
119.4,0.0,0.0,-0.8451,-0.8451,0.0,0.0,1.4
119.42,0.0,0.0,-0.8451,-0.8451,0.0,0.0,1.4
119.44,0.0,0.0,-0.8451,-0.8451,0.0,0.0,1.4
119.46,0.0,0.0,-0.8451,-0.8451,0.0,0.0,1.4
119.48,0.0,0.0,-0.8451,-0.8451,0.0,0.0,1.4
119.5,0.0,0.0,-0.8451,-0.8451,0.0,0.0,1.4
119.52,0.0,0.0,-0.8451,-0.8451,0.0,0.0,1.4
119.54,0.0,0.0,-0.8451,-0.8451,0.0,0.0,1.4
119.56,0.0,0.0,-0.8451,-0.8451,0.0,0.0,1.4
119.58,0.0,0.0,-0.8451,-0.8451,0.0,0.0,1.4
119.6,0.0,0.0,-0.8451,-0.8451,0.0,0.0,1.4
119.62,0.0,0.0,-0.8451,-0.8451,0.0,0.0,1.4
119.64,0.0,0.0,-0.8451,-0.8451,0.0,0.0,1.4
119.66,0.0,0.0,-0.8451,-0.8451,0.0,0.0,1.4
119.68,0.0,0.0,-0.8451,-0.8451,0.0,0.0,1.4
119.7,0.0,0.0,-0.8451,-0.8451,0.0,0.0,1.4
119.72,0.0,0.0,-0.8451,-0.8451,0.0,0.0,1.4
119.74,0.0,0.0,-0.8451,-0.8451,0.0,0.0,1.4
119.76,0.0,0.0,-0.8451,-0.8451,0.0,0.0,1.4
119.78,0.0,0.0,-0.8451,-0.8451,0.0,0.0,1.4
119.8,0.0,0.0,-0.8451,-0.8451,0.0,0.0,1.4
119.82,0.0,0.0,-0.8451,-0.8451,0.0,0.0,1.4
119.84,0.0,0.0,-0.8451,-0.8451,0.0,0.0,1.4
119.86,0.0,0.0,-0.8451,-0.8451,0.0,0.0,1.4
119.88,0.0,0.0,-0.8451,-0.8451,0.0,0.0,1.4
119.9,0.0,0.0,-0.8451,-0.8451,0.0,0.0,1.4
119.92,0.0,0.0,-0.8451,-0.8451,0.0,0.0,1.4
119.94,0.0,0.0,-0.8451,-0.8451,0.0,0.0,1.4
119.96,0.0,0.0,-0.8451,-0.8451,0.0,0.0,1.4
119.98,0.0,0.0,-0.8451,-0.8451,0.0,0.0,1.4
