timestamp,raw_red,raw_ir,filtered_red,filtered_ir,heart_rate,spo2,ac_dc_ratio
0.0,32118.7,35163.7,0.5127,0.4041,149.5,96.9,0.526
0.02,32296.6,35598.3,1.2862,1.4741,149.5,96.9,0.526
0.04,32318.6,35803.2,1.3819,1.9785,149.5,96.9,0.526
0.06,32310.0,35610.3,1.3445,1.5036,149.5,96.9,0.526
0.08,32274.0,35447.8,1.1877,1.1036,149.5,96.9,0.526
0.1,32257.3,35363.7,1.1152,0.8965,149.5,96.9,0.526
0.12,32062.2,35192.6,0.2674,0.4751,149.5,96.9,0.526
0.14,32056.3,35096.3,0.2415,0.238,149.5,96.9,0.526
0.16,32002.8,35026.5,0.0092,0.0662,149.5,96.9,0.526
0.18,32087.8,34976.8,0.3784,-0.056,149.5,96.9,0.526
0.2,31985.9,34857.7,-0.0643,-0.3492,149.5,96.9,0.526
0.22,31923.3,34874.9,-0.3364,-0.307,149.5,96.9,0.526
0.24,31847.9,34641.4,-0.6639,-0.8819,149.5,96.9,0.526
0.26,31853.2,34696.5,-0.6409,-0.7462,149.5,96.9,0.526
0.28,31909.3,34683.9,-0.3973,-0.7772,149.5,96.9,0.526
0.3,31791.1,34486.8,-0.9107,-1.2625,149.5,96.9,0.526
0.32,31792.1,34575.8,-0.9065,-1.0435,149.5,96.9,0.526
0.34,31766.2,34336.4,-1.019,-1.6328,149.5,96.9,0.526
0.36,31751.6,34537.8,-1.0825,-1.1369,149.5,96.9,0.526
0.38,31939.9,34760.8,-0.2641,-0.588,149.5,96.9,0.526
0.4,32046.1,35167.4,0.1975,0.4131,149.5,96.9,0.526
0.42,32243.8,35519.1,1.0566,1.2792,149.5,96.9,0.526
0.44,32369.2,35640.6,1.6017,1.5783,149.5,96.9,0.526
0.46,32479.7,35677.0,2.0819,1.6677,149.5,96.9,0.526
0.48,32340.7,35658.1,1.4775,1.6214,149.5,96.9,0.526
0.5,32153.9,35312.5,0.6659,0.7705,149.5,96.9,0.526
0.52,32018.9,35208.1,0.0791,0.5134,149.5,96.9,0.526
0.54,32097.7,35142.9,0.4218,0.353,149.5,96.9,0.526
0.56,32091.6,35119.2,0.3953,0.2945,149.5,96.9,0.526
0.58,31950.7,34955.4,-0.2174,-0.1088,149.5,96.9,0.526
0.6,31940.2,34941.9,-0.2627,-0.1421,149.5,96.9,0.526
0.62,31930.6,34759.6,-0.3045,-0.5907,149.5,96.9,0.526
0.64,31862.3,34581.5,-0.6017,-1.0294,149.5,96.9,0.526
0.66,31883.3,34694.3,-0.5102,-0.7517,149.5,96.9,0.526
0.68,31825.7,34725.3,-0.7603,-0.6753,149.5,96.9,0.526
0.7,31826.8,34600.2,-0.7559,-0.9832,149.5,96.9,0.526
0.72,31759.7,34528.7,-1.0475,-1.1592,149.5,96.9,0.526
0.74,31862.1,34448.4,-0.6024,-1.357,149.5,96.9,0.526
0.76,31894.6,34449.1,-0.4613,-1.3552,149.5,96.9,0.526
0.78,31846.4,34734.1,-0.6703,-0.6536,149.5,96.9,0.526
0.8,32089.2,35143.6,0.3848,0.3545,149.5,96.9,0.526
0.82,32279.6,35486.9,1.2124,1.1999,149.5,96.9,0.526
0.84,32353.8,35724.3,1.5348,1.7844,149.5,96.9,0.526
0.86,32375.2,35803.5,1.6276,1.9792,149.5,96.9,0.526
0.88,32246.3,35525.6,1.0674,1.295,149.5,96.9,0.526
0.9,32105.5,35396.2,0.4556,0.9764,149.5,96.9,0.526
0.92,32049.1,35241.2,0.2103,0.5949,149.5,96.9,0.526
0.94,32055.8,35199.5,0.2393,0.4922,149.5,96.9,0.526
0.96,32047.2,35042.0,0.2022,0.1044,149.5,96.9,0.526
0.98,31967.1,35116.1,-0.1461,0.2868,149.5,96.9,0.526
1.0,31981.7,34844.8,-0.0827,-0.381,149.5,96.9,0.526
1.02,31872.8,34745.8,-0.5556,-0.6248,149.5,96.9,0.526
1.04,31790.9,34697.2,-0.9116,-0.7444,149.5,96.9,0.526
1.06,31794.9,34614.5,-0.8945,-0.948,149.5,96.9,0.526
1.08,31850.3,34657.6,-0.6538,-0.8421,149.5,96.9,0.526
1.1,31895.0,34530.5,-0.4592,-1.1549,149.5,96.9,0.526
1.12,31743.5,34445.3,-1.1176,-1.3646,149.5,96.9,0.526
1.14,31812.5,34477.7,-0.8178,-1.285,149.5,96.9,0.526
1.16,31766.2,34588.5,-1.0189,-1.012,149.5,96.9,0.526
1.18,31858.8,34777.3,-0.6165,-0.5473,149.5,96.9,0.526
1.2,32075.8,35157.3,0.3265,0.3883,149.5,96.9,0.526
1.22,32170.3,35401.1,0.7373,0.9886,149.5,96.9,0.526
1.24,32419.8,35741.5,1.8217,1.8266,149.5,96.9,0.526
1.26,32337.0,35739.5,1.4615,1.8218,149.5,96.9,0.526
1.28,32256.3,35521.8,1.1111,1.2857,149.5,96.9,0.526
1.3,32215.4,35433.1,0.9333,1.0672,149.5,96.9,0.526
1.32,32105.6,35177.6,0.4561,0.4382,149.5,96.9,0.526
1.34,32019.2,35134.5,0.0803,0.3322,149.5,96.9,0.526
1.36,32060.3,35036.6,0.2589,0.0912,149.5,96.9,0.526
1.38,31999.9,34913.6,-0.0034,-0.2118,149.5,96.9,0.526
1.4,31966.8,34900.6,-0.1471,-0.2437,149.5,96.9,0.526
1.42,31847.3,34799.5,-0.6666,-0.4925,149.5,96.9,0.526
1.44,31769.5,34668.6,-1.0048,-0.815,149.5,96.9,0.526
1.46,31820.9,34696.1,-0.7815,-0.7472,149.5,96.9,0.526
1.48,31867.3,34618.7,-0.5796,-0.9378,149.5,96.9,0.526
1.5,31902.0,34556.8,-0.429,-1.0902,149.5,96.9,0.526
1.52,31790.3,34490.7,-0.9142,-1.2529,149.5,96.9,0.526
1.54,31751.6,34490.6,-1.0826,-1.2532,149.5,96.9,0.526
1.56,31800.0,34549.2,-0.872,-1.1088,149.5,96.9,0.526
1.58,31830.6,34679.7,-0.7393,-0.7875,149.5,96.9,0.526
1.6,31985.9,35098.9,-0.0644,0.2445,149.5,96.9,0.526
1.62,32246.5,35466.2,1.0681,1.1489,149.5,96.9,0.526
1.64,32345.5,35731.9,1.4985,1.8031,149.5,96.9,0.526
1.66,32351.9,35822.7,1.5265,2.0266,149.5,96.9,0.526
1.68,32267.8,35674.2,1.1608,1.661,149.5,96.9,0.526
1.7,32177.9,35384.2,0.77,0.947,149.5,96.9,0.526
1.72,32135.7,35217.6,0.5867,0.5368,149.5,96.9,0.526
1.74,32084.6,35119.5,0.3648,0.2952,149.5,96.9,0.526
1.76,32003.9,35090.8,0.0139,0.2247,149.5,96.9,0.526
1.78,31951.6,35120.4,-0.2134,0.2974,149.5,96.9,0.526
1.8,31975.5,34899.0,-0.1096,-0.2476,149.5,96.9,0.526
1.82,31911.9,34708.4,-0.3859,-0.7169,149.5,96.9,0.526
1.84,31870.2,34615.5,-0.5673,-0.9456,149.5,96.9,0.526
1.86,31912.6,34650.4,-0.3828,-0.8596,149.5,96.9,0.526
1.88,31968.1,34715.4,-0.1415,-0.6997,149.5,96.9,0.526
1.9,31739.5,34698.7,-1.1353,-0.7407,149.5,96.9,0.526
1.92,31812.6,34530.1,-0.8174,-1.1559,149.5,96.9,0.526
1.94,31711.3,34415.6,-1.2575,-1.4378,149.5,96.9,0.526
1.96,31764.9,34496.7,-1.0247,-1.2382,149.5,96.9,0.526
1.98,31876.8,34695.9,-0.5383,-0.7478,149.5,96.9,0.526
2.0,32027.3,34872.9,0.1155,-0.3118,149.5,96.9,0.526
2.02,32276.5,35482.7,1.1988,1.1894,149.5,96.9,0.526
2.04,32310.6,35719.5,1.3467,1.7725,149.5,96.9,0.526
2.06,32300.4,35762.9,1.3026,1.8793,149.5,96.9,0.526
2.08,32323.8,35525.3,1.4041,1.2942,149.5,96.9,0.526
2.1,32148.9,35412.5,0.6443,1.0166,149.5,96.9,0.526
2.12,32163.4,35269.2,0.707,0.6638,149.5,96.9,0.526
2.14,31970.5,35197.6,-0.1314,0.4875,149.5,96.9,0.526
2.16,32094.4,35014.5,0.4072,0.0368,149.5,96.9,0.526
2.18,32031.5,35024.2,0.1339,0.0607,149.5,96.9,0.526
2.2,31930.7,34927.6,-0.3042,-0.1772,149.5,96.9,0.526
2.22,31860.8,34874.7,-0.6079,-0.3075,149.5,96.9,0.526
2.24,31877.0,34743.7,-0.5377,-0.6301,149.5,96.9,0.526
2.26,31835.7,34699.4,-0.7173,-0.7391,149.5,96.9,0.526
2.28,31834.7,34588.9,-0.7216,-1.011,149.5,96.9,0.526
2.3,31817.0,34655.4,-0.7984,-0.8475,149.5,96.9,0.526
2.32,31748.0,34488.1,-1.0982,-1.2592,149.5,96.9,0.526
2.34,31741.3,34493.7,-1.1272,-1.2456,149.5,96.9,0.526
2.36,31846.9,34581.7,-0.6682,-1.0287,149.5,96.9,0.526
2.38,31913.1,34657.6,-0.3805,-0.842,149.5,96.9,0.526
2.4,32059.3,35022.3,0.2546,0.056,149.5,96.9,0.526
2.42,32149.0,35463.1,0.6444,1.1412,149.5,96.9,0.526
2.44,32323.3,35605.6,1.4021,1.492,149.5,96.9,0.526
2.46,32464.4,35735.6,2.0152,1.8121,149.5,96.9,0.526
2.48,32302.6,35679.2,1.3122,1.6734,149.5,96.9,0.526
2.5,32231.4,35399.1,1.0026,0.9837,149.5,96.9,0.526
2.52,32189.9,35261.7,0.8225,0.6454,149.5,96.9,0.526
2.54,32085.5,35109.6,0.3687,0.271,149.5,96.9,0.526
2.56,32026.4,35047.4,0.1119,0.1178,149.5,96.9,0.526
2.58,32025.0,34999.5,0.1058,-0.0002,149.5,96.9,0.526
2.6,32000.8,34914.7,0.0004,-0.209,149.5,96.9,0.526
2.62,31951.5,34822.7,-0.2136,-0.4354,149.5,96.9,0.526
2.64,31846.3,34729.8,-0.671,-0.6643,149.5,96.9,0.526
2.66,31844.3,34715.3,-0.6797,-0.6998,149.5,96.9,0.526
2.68,31906.7,34709.3,-0.4086,-0.7147,149.5,96.9,0.526
2.7,31904.2,34666.3,-0.4195,-0.8206,149.5,96.9,0.526
2.72,31831.3,34572.9,-0.736,-1.0504,149.5,96.9,0.526
2.74,31747.0,34498.1,-1.1027,-1.2345,149.5,96.9,0.526
2.76,31661.6,34450.6,-1.4737,-1.3516,149.5,96.9,0.526
2.78,31865.3,34673.5,-0.5883,-0.8028,149.5,96.9,0.526
2.8,31998.2,35100.5,-0.011,0.2485,149.5,96.9,0.526
2.82,32263.3,35368.7,1.1414,0.9089,149.5,96.9,0.526
2.84,32247.4,35680.8,1.0724,1.6771,149.5,96.9,0.526
2.86,32404.3,35861.1,1.7543,2.121,149.5,96.9,0.526
2.88,32324.7,35646.8,1.408,1.5935,149.5,96.9,0.526
2.9,32171.6,35429.6,0.7427,1.0587,149.5,96.9,0.526
2.92,32016.8,35259.4,0.0701,0.6396,149.5,96.9,0.526
2.94,32198.2,35175.7,0.8585,0.4337,149.5,96.9,0.526
2.96,32079.5,35096.3,0.3424,0.2382,149.5,96.9,0.526
2.98,31972.9,35005.9,-0.1206,0.0157,149.5,96.9,0.526
3.0,32026.7,35009.4,0.1129,0.0241,149.5,96.9,0.526
3.02,31947.1,34787.6,-0.2331,-0.5218,149.5,96.9,0.526
3.04,31953.8,34777.3,-0.2039,-0.5474,149.5,96.9,0.526
3.06,31871.8,34696.9,-0.5603,-0.7453,149.5,96.9,0.526
3.08,31808.9,34629.7,-0.8333,-0.9107,149.5,96.9,0.526
3.1,31820.9,34629.3,-0.7812,-0.9116,149.5,96.9,0.526
3.12,31725.6,34460.3,-1.1957,-1.3278,149.5,96.9,0.526
3.14,31782.1,34416.5,-0.9502,-1.4356,149.5,96.9,0.526
3.16,31730.9,34479.1,-1.1724,-1.2815,149.5,96.9,0.526
3.18,31836.8,34633.4,-0.7121,-0.9016,149.5,96.9,0.526
3.2,31957.0,35030.1,-0.1899,0.0751,149.5,96.9,0.526
3.22,32134.9,35343.6,0.5831,0.8471,149.5,96.9,0.526
3.24,32272.9,35669.1,1.1829,1.6483,149.5,96.9,0.526
3.26,32285.5,35700.4,1.2379,1.7255,149.5,96.9,0.526
3.28,32352.3,35598.2,1.5283,1.4738,149.5,96.9,0.526
3.3,32243.6,35530.2,1.0557,1.3064,149.5,96.9,0.526
3.32,32108.1,35235.4,0.4669,0.5806,149.5,96.9,0.526
3.34,32030.4,35004.1,0.1291,0.011,149.5,96.9,0.526
3.36,32063.3,35197.3,0.2719,0.4868,149.5,96.9,0.526
3.38,31965.2,35050.8,-0.1541,0.1261,149.5,96.9,0.526
3.4,31986.5,34944.9,-0.0616,-0.1347,149.5,96.9,0.526
3.42,31899.4,34828.5,-0.4402,-0.4211,149.5,96.9,0.526
3.44,31884.4,34688.8,-0.5056,-0.7652,149.5,96.9,0.526
3.46,31916.2,34700.3,-0.3671,-0.7368,149.5,96.9,0.526
3.48,31862.2,34691.4,-0.6018,-0.7589,149.5,96.9,0.526
3.5,31935.0,34479.7,-0.2853,-1.2798,149.5,96.9,0.526
3.52,31838.8,34521.3,-0.7035,-1.1775,149.5,96.9,0.526
3.54,31719.0,34522.6,-1.2241,-1.1744,149.5,96.9,0.526
3.56,31751.1,34490.8,-1.0849,-1.2526,149.5,96.9,0.526
3.58,31896.9,34636.0,-0.4509,-0.8951,149.5,96.9,0.526
3.6,31986.5,34896.1,-0.0618,-0.2548,149.5,96.9,0.526
3.62,32214.2,35213.3,0.9281,0.5262,149.5,96.9,0.526
3.64,32291.5,35580.0,1.2638,1.4289,149.5,96.9,0.526
3.66,32329.5,35793.6,1.4289,1.9549,149.5,96.9,0.526
3.68,32241.4,35613.6,1.0463,1.5119,149.5,96.9,0.526
3.7,32237.3,35594.8,1.0285,1.4654,149.5,96.9,0.526
3.72,32114.5,35231.6,0.4945,0.5711,149.5,96.9,0.526
3.74,32045.4,35194.1,0.1944,0.479,149.5,96.9,0.526
3.76,32035.5,35108.3,0.1512,0.2676,149.5,96.9,0.526
3.78,32056.0,35146.3,0.2403,0.3613,149.5,96.9,0.526
3.8,31967.8,34983.0,-0.1429,-0.0408,149.5,96.9,0.526
3.82,31954.5,34846.4,-0.2007,-0.377,149.5,96.9,0.526
3.84,31790.2,34802.6,-0.9147,-0.485,149.5,96.9,0.526
3.86,31860.5,34689.8,-0.6094,-0.7627,149.5,96.9,0.526
3.88,31867.1,34701.8,-0.5805,-0.7332,149.5,96.9,0.526
3.9,31935.5,34580.9,-0.2832,-1.0307,149.5,96.9,0.526
3.92,31786.0,34544.5,-0.9328,-1.1204,149.5,96.9,0.526
3.94,31688.3,34470.1,-1.3577,-1.3036,149.5,96.9,0.526
3.96,31713.0,34406.3,-1.2505,-1.4606,149.5,96.9,0.526
3.98,31795.4,34605.1,-0.892,-0.9713,149.5,96.9,0.526
4.0,31904.2,34976.0,-0.4193,-0.0581,149.5,96.9,0.526
4.02,32159.9,35257.4,0.6919,0.6347,149.5,96.9,0.526
4.04,32249.5,35615.1,1.0813,1.5153,149.5,96.9,0.526
4.06,32352.6,35762.6,1.5295,1.8785,149.5,96.9,0.526
4.08,32264.0,35718.5,1.1442,1.77,149.5,96.9,0.526
4.1,32261.7,35559.9,1.1346,1.3795,149.5,96.9,0.526
4.12,32155.8,35355.4,0.6741,0.8759,149.5,96.9,0.526
4.14,32103.7,35223.5,0.4478,0.5514,149.5,96.9,0.526
4.16,32023.5,35026.6,0.0992,0.0666,149.5,96.9,0.526
4.18,32093.8,34978.6,0.4047,-0.0516,149.5,96.9,0.526
4.2,31937.9,34959.2,-0.2728,-0.0994,149.5,96.9,0.526
4.22,31911.0,34891.6,-0.3897,-0.2659,149.5,96.9,0.526
4.24,31881.4,34722.8,-0.5184,-0.6815,149.5,96.9,0.526
4.26,31842.3,34672.1,-0.6882,-0.8062,149.5,96.9,0.526
4.28,31957.3,34660.1,-0.1887,-0.8358,149.5,96.9,0.526
4.3,31761.6,34615.1,-1.039,-0.9465,149.5,96.9,0.526
4.32,31753.1,34581.7,-1.0758,-1.0287,149.5,96.9,0.526
4.34,31737.7,34568.8,-1.1431,-1.0606,149.5,96.9,0.526
4.36,31822.4,34440.6,-0.775,-1.3761,149.5,96.9,0.526
4.38,31853.9,34533.5,-0.638,-1.1474,149.5,96.9,0.526
4.4,31894.5,34876.2,-0.4614,-0.3038,149.5,96.9,0.526
4.42,32166.4,35243.4,0.72,0.6004,149.5,96.9,0.526
4.44,32359.9,35584.2,1.5612,1.4393,149.5,96.9,0.526
4.46,32261.1,35735.5,1.1318,1.8118,149.5,96.9,0.526
4.48,32380.4,35691.8,1.6505,1.7042,149.5,96.9,0.526
4.5,32213.9,35496.8,0.9267,1.2241,149.5,96.9,0.526
4.52,32188.4,35305.2,0.8159,0.7525,149.5,96.9,0.526
4.54,32048.7,35187.8,0.2087,0.4635,149.5,96.9,0.526
4.56,32109.0,35205.8,0.4709,0.5078,149.5,96.9,0.526
4.58,32082.6,34968.4,0.356,-0.0767,149.5,96.9,0.526
4.6,31982.3,34927.9,-0.0797,-0.1764,149.5,96.9,0.526
4.62,31797.7,34809.5,-0.8822,-0.4679,149.5,96.9,0.526
4.64,31840.2,34839.0,-0.6975,-0.3953,149.5,96.9,0.526
4.66,31808.5,34613.9,-0.8352,-0.9497,149.5,96.9,0.526
4.68,31911.5,34635.1,-0.3876,-0.8975,149.5,96.9,0.526
4.7,31799.2,34664.6,-0.8755,-0.8248,149.5,96.9,0.526
4.72,31748.9,34557.1,-1.0942,-1.0893,149.5,96.9,0.526
4.74,31715.8,34477.0,-1.238,-1.2866,149.5,96.9,0.526
4.76,31814.8,34543.7,-0.808,-1.1223,149.5,96.9,0.526
4.78,31750.3,34487.9,-1.0884,-1.2597,149.5,96.9,0.526
4.8,31949.6,34767.8,-0.2221,-0.5707,149.5,96.9,0.526
4.82,32123.8,35244.1,0.5352,0.6021,149.5,96.9,0.526
4.84,32206.3,35583.8,0.8935,1.4383,149.5,96.9,0.526
4.86,32391.7,35763.2,1.6993,1.88,149.5,96.9,0.526
4.88,32266.8,35720.4,1.1566,1.7747,149.5,96.9,0.526
4.9,32267.5,35462.6,1.1598,1.1399,149.5,96.9,0.526
4.92,32168.0,35320.3,0.727,0.7895,149.5,96.9,0.526
4.94,31991.7,35195.8,-0.0392,0.483,149.5,96.9,0.526
4.96,32079.4,35066.1,0.3419,0.1638,149.5,96.9,0.526
4.98,31989.6,35003.8,-0.0482,0.0104,149.5,96.9,0.526
5.0,31931.1,34994.7,-0.3025,-0.0119,149.5,96.9,0.526
5.02,31954.4,34781.1,-0.2013,-0.5379,149.5,96.9,0.526
5.04,31857.7,34825.9,-0.6216,-0.4276,149.5,96.9,0.526
5.06,31825.0,34674.5,-0.7635,-0.8003,149.5,96.9,0.526
5.08,31859.6,34684.0,-0.6132,-0.777,149.5,96.9,0.526
5.1,31904.0,34632.8,-0.4203,-0.903,149.5,96.9,0.526
5.12,31783.4,34586.9,-0.9442,-1.0161,149.5,96.9,0.526
5.14,31665.7,34448.1,-1.4557,-1.3577,149.5,96.9,0.526
5.16,31751.7,34430.0,-1.0821,-1.4023,149.5,96.9,0.526
5.18,31832.8,34629.1,-0.7297,-0.912,149.5,96.9,0.526
5.2,32054.5,34879.1,0.234,-0.2966,149.5,96.9,0.526
5.22,32057.7,35166.3,0.248,0.4106,149.5,96.9,0.526
5.24,32279.8,35568.1,1.2132,1.3998,149.5,96.9,0.526
5.26,32367.8,35775.1,1.5954,1.9094,149.5,96.9,0.526
5.28,32323.6,35733.3,1.4036,1.8066,149.5,96.9,0.526
5.3,32277.7,35508.4,1.2038,1.2527,149.5,96.9,0.526
5.32,32188.0,35251.3,0.8142,0.6199,149.5,96.9,0.526
5.34,32108.6,35192.9,0.4688,0.4759,149.5,96.9,0.526
5.36,32032.2,35148.6,0.1367,0.367,149.5,96.9,0.526
5.38,32095.4,35066.4,0.4115,0.1646,149.5,96.9,0.526
5.4,32026.6,35021.8,0.1126,0.0546,149.5,96.9,0.526
5.42,31886.5,34798.8,-0.4962,-0.4944,149.5,96.9,0.526
5.44,31892.5,34732.5,-0.4704,-0.6574,149.5,96.9,0.526
5.46,31771.4,34621.7,-0.9964,-0.9303,149.5,96.9,0.526
5.48,31820.8,34734.4,-0.7818,-0.6528,149.5,96.9,0.526
5.5,31827.7,34741.3,-0.7516,-0.6359,149.5,96.9,0.526
5.52,31701.9,34587.7,-1.2986,-1.0141,149.5,96.9,0.526
5.54,31826.7,34477.7,-0.756,-1.2848,149.5,96.9,0.526
5.56,31845.3,34534.9,-0.6752,-1.144,149.5,96.9,0.526
5.58,31854.0,34495.1,-0.6374,-1.242,149.5,96.9,0.526
5.6,31938.1,34881.2,-0.272,-0.2915,149.5,96.9,0.526
5.62,32025.9,35146.5,0.1095,0.3618,149.5,96.9,0.526
5.64,32304.8,35592.9,1.3217,1.4607,149.5,96.9,0.526
5.66,32375.4,35856.4,1.6286,2.1094,149.5,96.9,0.526
5.68,32350.5,35751.3,1.5203,1.8508,149.5,96.9,0.526
5.7,32198.3,35482.3,0.8589,1.1884,149.5,96.9,0.526
5.72,32158.6,35365.5,0.6863,0.901,149.5,96.9,0.526
5.74,31933.6,35168.4,-0.2916,0.4156,149.5,96.9,0.526
5.76,32026.0,35165.0,0.1101,0.4072,149.5,96.9,0.526
5.78,32065.7,35099.7,0.2823,0.2465,149.5,96.9,0.526
5.8,31934.8,34992.9,-0.2865,-0.0164,149.5,96.9,0.526
5.82,31948.8,34826.4,-0.2254,-0.4263,149.5,96.9,0.526
5.84,31894.8,34765.7,-0.46,-0.5758,149.5,96.9,0.526
5.86,31839.0,34763.7,-0.7028,-0.5809,149.5,96.9,0.526
5.88,31868.0,34728.4,-0.5769,-0.6676,149.5,96.9,0.526
5.9,31769.2,34817.4,-1.0059,-0.4486,149.5,96.9,0.526
5.92,31824.7,34558.5,-0.7648,-1.0859,149.5,96.9,0.526
5.94,31779.3,34535.4,-0.9621,-1.1428,149.5,96.9,0.526
5.96,31799.0,34423.8,-0.8766,-1.4175,149.5,96.9,0.526
5.98,31793.1,34524.9,-0.9024,-1.1686,149.5,96.9,0.526
6.0,31869.8,34824.5,-0.5687,-0.431,149.5,96.9,0.526
6.02,32055.0,35198.9,0.236,0.4907,149.5,96.9,0.526
6.04,32256.1,35579.1,1.11,1.4268,149.5,96.9,0.526
6.06,32341.8,35773.1,1.4824,1.9044,149.5,96.9,0.526
6.08,32310.2,35763.2,1.3454,1.88,149.5,96.9,0.526
6.1,32237.5,35455.8,1.029,1.1231,149.5,96.9,0.526
6.12,32158.2,35264.7,0.6846,0.6528,149.5,96.9,0.526
6.14,32085.6,35140.8,0.3692,0.3477,149.5,96.9,0.526
6.16,31975.7,35154.0,-0.1085,0.3801,149.5,96.9,0.526
6.18,32021.9,35055.0,0.0922,0.1365,149.5,96.9,0.526
6.2,31997.4,34946.3,-0.0142,-0.1313,149.5,96.9,0.526
6.22,31957.7,34824.7,-0.1868,-0.4305,149.5,96.9,0.526
6.24,31961.0,34781.7,-0.1725,-0.5363,149.5,96.9,0.526
6.26,31839.8,34666.9,-0.6992,-0.819,149.5,96.9,0.526
6.28,31883.5,34642.2,-0.5092,-0.88,149.5,96.9,0.526
6.3,31825.2,34583.9,-0.7627,-1.0233,149.5,96.9,0.526
6.32,31775.5,34602.0,-0.9789,-0.9789,149.5,96.9,0.526
6.34,31734.2,34492.9,-1.158,-1.2475,149.5,96.9,0.526
6.36,31806.2,34388.8,-0.8453,-1.5039,149.5,96.9,0.526
6.38,31844.7,34623.5,-0.6781,-0.9259,149.5,96.9,0.526
6.4,31867.9,34765.6,-0.5772,-0.576,149.5,96.9,0.526
6.42,32003.7,35222.8,0.0131,0.5495,149.5,96.9,0.526
6.44,32293.3,35576.0,1.2718,1.4191,149.5,96.9,0.526
6.46,32335.4,35776.7,1.4547,1.9134,149.5,96.9,0.526
6.48,32373.3,35828.9,1.6192,2.0419,149.5,96.9,0.526
6.5,32265.1,35581.5,1.1491,1.4328,149.5,96.9,0.526
6.52,32171.9,35331.0,0.7441,0.8159,149.5,96.9,0.526
6.54,32091.6,35174.2,0.3951,0.4299,149.5,96.9,0.526
6.56,31986.0,35139.2,-0.0637,0.3436,149.5,96.9,0.526
6.58,32049.2,34976.0,0.2108,-0.0581,149.5,96.9,0.526
6.6,32006.8,35050.6,0.0266,0.1257,149.5,96.9,0.526
6.62,32078.5,34839.3,0.3381,-0.3947,149.5,96.9,0.526
6.64,31891.8,34805.5,-0.4733,-0.478,149.5,96.9,0.526
6.66,31818.6,34635.8,-0.7915,-0.8957,149.5,96.9,0.526
6.68,31853.3,34720.4,-0.6404,-0.6874,149.5,96.9,0.526
6.7,31825.3,34633.3,-0.7622,-0.9018,149.5,96.9,0.526
6.72,31659.4,34578.1,-1.4834,-1.0378,149.5,96.9,0.526
6.74,31728.2,34522.9,-1.1841,-1.1736,149.5,96.9,0.526
6.76,31820.1,34389.7,-0.7847,-1.5015,149.5,96.9,0.526
6.78,31762.7,34538.7,-1.0343,-1.1346,149.5,96.9,0.526
6.8,31849.5,34807.8,-0.6569,-0.4721,149.5,96.9,0.526
6.82,32084.8,35131.2,0.3658,0.3241,149.5,96.9,0.526
6.84,32224.1,35566.1,0.9709,1.3949,149.5,96.9,0.526
6.86,32331.6,35590.9,1.4382,1.4559,149.5,96.9,0.526
6.88,32394.6,35697.9,1.712,1.7193,149.5,96.9,0.526
6.9,32256.6,35530.4,1.1124,1.3069,149.5,96.9,0.526
6.92,32267.8,35416.3,1.1608,1.0259,149.5,96.9,0.526
6.94,32042.7,35182.5,0.1827,0.4504,149.5,96.9,0.526
6.96,32094.7,35114.8,0.4084,0.2836,149.5,96.9,0.526
6.98,31995.4,35044.3,-0.0231,0.11,149.5,96.9,0.526
7.0,31971.6,34952.4,-0.1266,-0.1162,149.5,96.9,0.526
7.02,32101.4,34761.2,0.4376,-0.5868,149.5,96.9,0.526
7.04,31926.9,34719.8,-0.3209,-0.6889,149.5,96.9,0.526
7.06,31830.8,34721.0,-0.7383,-0.6859,149.5,96.9,0.526
7.08,31872.3,34626.9,-0.558,-0.9176,149.5,96.9,0.526
7.1,31828.7,34671.7,-0.7473,-0.8073,149.5,96.9,0.526
7.12,31904.3,34609.7,-0.4187,-0.96,149.5,96.9,0.526
7.14,31842.9,34493.2,-0.6858,-1.2468,149.5,96.9,0.526
7.16,31782.3,34353.0,-0.9491,-1.5919,149.5,96.9,0.526
7.18,31719.2,34527.1,-1.2232,-1.1632,149.5,96.9,0.526
7.2,31845.9,34771.2,-0.6728,-0.5624,149.5,96.9,0.526
7.22,32059.9,35139.3,0.2573,0.344,149.5,96.9,0.526
7.24,32257.9,35550.1,1.118,1.3554,149.5,96.9,0.526
7.26,32328.2,35673.7,1.4234,1.6598,149.5,96.9,0.526
7.28,32360.4,35801.5,1.5635,1.9744,149.5,96.9,0.526
7.3,32226.5,35568.9,0.9813,1.4018,149.5,96.9,0.526
7.32,32127.0,35521.4,0.5491,1.2846,149.5,96.9,0.526
7.34,32014.1,35163.4,0.0584,0.4034,149.5,96.9,0.526
7.36,32025.6,35260.8,0.1085,0.6431,149.5,96.9,0.526
7.38,32161.4,35046.7,0.6985,0.116,149.5,96.9,0.526
7.4,31956.5,35037.8,-0.192,0.0941,149.5,96.9,0.526
7.42,31939.3,34959.5,-0.267,-0.0986,149.5,96.9,0.526
7.44,31876.1,34762.1,-0.5415,-0.5846,149.5,96.9,0.526
7.46,31772.7,34709.9,-0.9907,-0.7132,149.5,96.9,0.526
7.48,31861.1,34635.8,-0.6065,-0.8957,149.5,96.9,0.526
7.5,31799.1,34660.5,-0.8759,-0.8349,149.5,96.9,0.526
7.52,31803.3,34526.4,-0.8577,-1.1649,149.5,96.9,0.526
7.54,31763.1,34550.8,-1.0324,-1.105,149.5,96.9,0.526
7.56,31700.4,34372.4,-1.305,-1.5442,149.5,96.9,0.526
7.58,31698.3,34526.2,-1.3144,-1.1656,149.5,96.9,0.526
7.6,31780.9,34754.8,-0.9551,-0.6027,149.5,96.9,0.526
7.62,31941.1,35125.7,-0.2588,0.3106,149.5,96.9,0.526
7.64,32297.5,35470.8,1.2902,1.16,149.5,96.9,0.526
7.66,32330.2,35618.5,1.432,1.5239,149.5,96.9,0.526
7.68,32442.1,35832.3,1.9186,2.0503,149.5,96.9,0.526
7.7,32319.3,35592.5,1.3849,1.4597,149.5,96.9,0.526
7.72,32167.0,35441.6,0.7226,1.0884,149.5,96.9,0.526
7.74,32157.9,35154.3,0.6832,0.381,149.5,96.9,0.526
7.76,32077.2,35150.8,0.3326,0.3724,149.5,96.9,0.526
7.78,31956.9,35055.2,-0.1902,0.1371,149.5,96.9,0.526
7.8,32048.8,35010.6,0.2093,0.0271,149.5,96.9,0.526
7.82,31929.5,34905.6,-0.3096,-0.2314,149.5,96.9,0.526
7.84,31899.7,34692.6,-0.4391,-0.7558,149.5,96.9,0.526
7.86,31896.0,34753.1,-0.4548,-0.6069,149.5,96.9,0.526
7.88,31797.3,34644.3,-0.884,-0.8746,149.5,96.9,0.526
7.9,31829.5,34687.0,-0.7438,-0.7695,149.5,96.9,0.526
7.92,31830.8,34666.5,-0.7385,-0.82,149.5,96.9,0.526
7.94,31721.4,34453.6,-1.2137,-1.3443,149.5,96.9,0.526
7.96,31731.3,34467.7,-1.1709,-1.3094,149.5,96.9,0.526
7.98,31688.3,34499.9,-1.3575,-1.2303,149.5,96.9,0.526
8.0,31872.1,34803.9,-0.5588,-0.4817,149.5,96.9,0.526
8.02,31988.1,35070.6,-0.0548,0.175,149.5,96.9,0.526
8.04,32302.4,35433.7,1.3111,1.0687,149.5,96.9,0.526
8.06,32276.1,35740.2,1.197,1.8234,149.5,96.9,0.526
8.08,32290.1,35761.1,1.2576,1.8749,149.5,96.9,0.526
8.1,32335.2,35622.2,1.454,1.533,149.5,96.9,0.526
8.12,32172.0,35307.9,0.7443,0.7591,149.5,96.9,0.526
8.14,32086.1,35328.4,0.3711,0.8096,149.5,96.9,0.526
8.16,32050.9,35083.1,0.2183,0.2056,149.5,96.9,0.526
8.18,32039.9,35069.7,0.1705,0.1726,149.5,96.9,0.526
8.2,31995.6,34993.5,-0.0222,-0.0149,149.5,96.9,0.526
8.22,32122.3,34904.9,0.5283,-0.2331,149.5,96.9,0.526
8.24,31902.6,34758.8,-0.4263,-0.5929,149.5,96.9,0.526
8.26,31926.6,34648.6,-0.322,-0.8641,149.5,96.9,0.526
8.28,31817.9,34632.3,-0.7944,-0.9042,149.5,96.9,0.526
8.3,31857.3,34623.5,-0.623,-0.9259,149.5,96.9,0.526
8.32,31819.8,34607.0,-0.786,-0.9665,149.5,96.9,0.526
8.34,31829.5,34522.6,-0.744,-1.1743,149.5,96.9,0.526
8.36,31652.4,34487.2,-1.5137,-1.2616,149.5,96.9,0.526
8.38,31742.0,34434.3,-1.1245,-1.3918,149.5,96.9,0.526
8.4,31773.8,34664.2,-0.9862,-0.8257,149.5,96.9,0.526
8.42,32106.2,35007.1,0.4587,0.0184,149.5,96.9,0.526
8.44,32089.2,35479.7,0.3848,1.182,149.5,96.9,0.526
8.46,32328.9,35707.9,1.4264,1.7438,149.5,96.9,0.526
8.48,32305.5,35706.7,1.3249,1.7409,149.5,96.9,0.526
8.5,32321.0,35612.7,1.3922,1.5094,149.5,96.9,0.526
8.52,32165.3,35436.0,0.7153,1.0744,149.5,96.9,0.526
8.54,32173.1,35260.9,0.7493,0.6434,149.5,96.9,0.526
8.56,32002.9,35095.8,0.0098,0.237,149.5,96.9,0.526
8.58,32030.6,35069.4,0.1302,0.172,149.5,96.9,0.526
8.6,32065.0,35055.1,0.2795,0.1367,149.5,96.9,0.526
8.62,31827.0,34918.0,-0.7548,-0.2009,149.5,96.9,0.526
8.64,31923.6,34769.9,-0.3349,-0.5655,149.5,96.9,0.526
8.66,31889.4,34765.4,-0.4837,-0.5766,149.5,96.9,0.526
8.68,31861.4,34702.0,-0.6052,-0.7327,149.5,96.9,0.526
8.7,31853.7,34649.6,-0.6389,-0.8616,149.5,96.9,0.526
8.72,31822.0,34678.9,-0.7764,-0.7896,149.5,96.9,0.526
8.74,31870.0,34573.0,-0.5681,-1.0502,149.5,96.9,0.526
8.76,31812.9,34443.7,-0.8162,-1.3687,149.5,96.9,0.526
8.78,31790.2,34476.4,-0.9148,-1.2881,149.5,96.9,0.526
8.8,31825.0,34603.9,-0.7635,-0.9742,149.5,96.9,0.526
8.82,31970.5,35067.4,-0.1311,0.1669,149.5,96.9,0.526
8.84,32202.4,35380.2,0.8765,0.9372,149.5,96.9,0.526
8.86,32215.5,35633.9,0.9335,1.5617,149.5,96.9,0.526
8.88,32300.8,35671.1,1.3044,1.6534,149.5,96.9,0.526
8.9,32399.7,35565.7,1.7339,1.3939,149.5,96.9,0.526
8.92,32264.1,35497.2,1.1447,1.2252,149.5,96.9,0.526
8.94,32153.3,35256.8,0.6633,0.6333,149.5,96.9,0.526
8.96,32134.2,35242.6,0.5802,0.5983,149.5,96.9,0.526
8.98,32038.8,35038.4,0.1657,0.0955,149.5,96.9,0.526
9.0,32009.8,35053.3,0.0396,0.1323,149.5,96.9,0.526
9.02,31929.9,35015.2,-0.3078,0.0384,149.5,96.9,0.526
9.04,31913.9,34865.2,-0.3771,-0.3308,149.5,96.9,0.526
9.06,31835.4,34670.6,-0.7184,-0.8099,149.5,96.9,0.526
9.08,31828.8,34701.9,-0.747,-0.7328,149.5,96.9,0.526
9.1,31819.8,34693.0,-0.7864,-0.7547,149.5,96.9,0.526
9.12,31758.4,34590.8,-1.053,-1.0064,149.5,96.9,0.526
9.14,31806.2,34496.0,-0.8453,-1.2397,149.5,96.9,0.526
9.16,31762.4,34494.7,-1.0358,-1.2431,149.5,96.9,0.526
9.18,31867.4,34448.7,-0.5791,-1.3564,149.5,96.9,0.526
9.2,31732.0,34518.9,-1.1678,-1.1834,149.5,96.9,0.526
9.22,31943.4,34954.3,-0.2491,-0.1114,149.5,96.9,0.526
9.24,32169.1,35494.4,0.7318,1.2182,149.5,96.9,0.526
9.26,32429.5,35716.3,1.8638,1.7645,149.5,96.9,0.526
9.28,32304.0,35819.3,1.3183,2.0181,149.5,96.9,0.526
9.3,32344.6,35627.2,1.4947,1.5452,149.5,96.9,0.526
9.32,32204.5,35416.0,0.886,1.0253,149.5,96.9,0.526
9.34,32041.5,35312.2,0.1776,0.7696,149.5,96.9,0.526
9.36,31897.4,35135.4,-0.4489,0.3343,149.5,96.9,0.526
9.38,32030.1,35066.1,0.128,0.1638,149.5,96.9,0.526
9.4,31994.6,35120.8,-0.0266,0.2984,149.5,96.9,0.526
9.42,31947.7,34836.1,-0.2305,-0.4026,149.5,96.9,0.526
9.44,31884.8,34885.8,-0.5038,-0.2802,149.5,96.9,0.526
9.46,31871.5,34735.3,-0.5613,-0.6505,149.5,96.9,0.526
9.48,31804.6,34653.0,-0.8524,-0.8534,149.5,96.9,0.526
9.5,31827.2,34676.7,-0.7542,-0.7949,149.5,96.9,0.526
9.52,31833.9,34668.4,-0.725,-0.8155,149.5,96.9,0.526
9.54,31795.4,34590.1,-0.8924,-1.0082,149.5,96.9,0.526
9.56,31642.7,34442.5,-1.556,-1.3716,149.5,96.9,0.526
9.58,31724.5,34523.1,-1.2005,-1.1732,149.5,96.9,0.526
9.6,31797.3,34669.8,-0.8841,-0.812,149.5,96.9,0.526
9.62,31986.5,34932.6,-0.0618,-0.1649,149.5,96.9,0.526
9.64,32178.8,35305.0,0.7742,0.7519,149.5,96.9,0.526
9.66,32316.0,35736.2,1.3706,1.8136,149.5,96.9,0.526
9.68,32359.0,35726.9,1.5571,1.7907,149.5,96.9,0.526
9.7,32364.3,35605.3,1.5801,1.4914,149.5,96.9,0.526
9.72,32137.4,35471.8,0.5942,1.1625,149.5,96.9,0.526
9.74,32154.6,35248.7,0.6691,0.6134,149.5,96.9,0.526
9.76,32136.1,35268.7,0.5887,0.6626,149.5,96.9,0.526
9.78,31989.1,35118.4,-0.0503,0.2926,149.5,96.9,0.526
9.8,32021.3,35007.7,0.0896,0.02,149.5,96.9,0.526
9.82,32125.6,34893.1,0.5428,-0.2622,149.5,96.9,0.526
9.84,31822.2,34877.4,-0.7758,-0.3009,149.5,96.9,0.526
9.86,31761.0,34747.4,-1.0417,-0.6208,149.5,96.9,0.526
9.88,31975.9,34633.3,-0.1079,-0.9017,149.5,96.9,0.526
9.9,31732.1,34703.8,-1.1675,-0.7281,149.5,96.9,0.526
9.92,31840.1,34611.9,-0.698,-0.9545,149.5,96.9,0.526
9.94,31744.3,34593.9,-1.1145,-0.9988,149.5,96.9,0.526
9.96,31732.7,34547.5,-1.1647,-1.113,149.5,96.9,0.526
9.98,31692.7,34443.5,-1.3387,-1.3692,149.5,96.9,0.526
10.0,31762.5,34588.1,-1.0353,-1.0131,149.5,96.9,0.526
10.02,32004.3,35001.1,0.0156,0.0037,149.5,96.9,0.526
10.04,32189.9,35308.2,0.8225,0.7598,149.5,96.9,0.526
10.06,32389.1,35664.9,1.6881,1.6379,149.5,96.9,0.526
10.08,32283.5,35713.1,1.2291,1.7566,149.5,96.9,0.526
10.1,32345.3,35604.2,1.4978,1.4886,149.5,96.9,0.526
10.12,32190.0,35494.8,0.8229,1.2193,149.5,96.9,0.526
10.14,32121.4,35347.5,0.5248,0.8566,149.5,96.9,0.526
10.16,32136.8,35225.4,0.5916,0.556,149.5,96.9,0.526
10.18,32025.4,35059.3,0.1072,0.1469,149.5,96.9,0.526
10.2,31977.6,34968.3,-0.1005,-0.0769,149.5,96.9,0.526
10.22,32062.7,34860.5,0.2694,-0.3424,149.5,96.9,0.526
10.24,31862.9,34810.8,-0.5989,-0.4648,149.5,96.9,0.526
10.26,31894.5,34665.5,-0.4616,-0.8226,149.5,96.9,0.526
10.28,31804.9,34700.8,-0.8511,-0.7356,149.5,96.9,0.526
10.3,31756.6,34717.2,-1.0607,-0.6953,149.5,96.9,0.526
10.32,31823.5,34594.9,-0.7702,-0.9962,149.5,96.9,0.526
10.34,31738.6,34590.1,-1.1389,-1.0082,149.5,96.9,0.526
10.36,31696.1,34526.7,-1.3237,-1.1642,149.5,96.9,0.526
10.38,31745.7,34394.3,-1.1084,-1.4903,149.5,96.9,0.526
10.4,31842.1,34568.7,-0.6891,-1.0609,149.5,96.9,0.526
10.42,31918.7,34864.5,-0.3565,-0.3325,149.5,96.9,0.526
10.44,32212.5,35231.5,0.9207,0.5711,149.5,96.9,0.526
10.46,32186.4,35607.5,0.8073,1.4966,149.5,96.9,0.526
10.48,32292.3,35758.1,1.2672,1.8675,149.5,96.9,0.526
10.5,32342.7,35634.3,1.4863,1.5626,149.5,96.9,0.526
10.52,32324.1,35502.9,1.4055,1.2393,149.5,96.9,0.526
10.54,32203.7,35318.8,0.8821,0.786,149.5,96.9,0.526
10.56,32200.0,35097.4,0.866,0.2407,149.5,96.9,0.526
10.58,31989.4,35098.4,-0.0492,0.2433,149.5,96.9,0.526
10.6,32055.0,35053.6,0.2362,0.1329,149.5,96.9,0.526
10.62,31967.8,34918.7,-0.1428,-0.199,149.5,96.9,0.526
10.64,31900.5,34787.0,-0.4353,-0.5235,149.5,96.9,0.526
10.66,31845.1,34725.8,-0.6762,-0.6741,149.5,96.9,0.526
10.68,31779.0,34728.3,-0.9633,-0.6678,149.5,96.9,0.526
10.7,31840.0,34718.4,-0.6984,-0.6923,149.5,96.9,0.526
10.72,31791.0,34652.8,-0.9114,-0.8537,149.5,96.9,0.526
10.74,31816.6,34566.8,-0.8002,-1.0656,149.5,96.9,0.526
10.76,31667.4,34500.2,-1.4486,-1.2294,149.5,96.9,0.526
10.78,31759.1,34396.4,-1.0499,-1.4851,149.5,96.9,0.526
10.8,31796.1,34560.5,-0.8892,-1.0809,149.5,96.9,0.526
10.82,31998.2,34857.1,-0.0108,-0.3508,149.5,96.9,0.526
10.84,32085.3,35184.1,0.3677,0.4543,149.5,96.9,0.526
10.86,32352.0,35695.4,1.5269,1.7131,149.5,96.9,0.526
10.88,32366.7,35740.6,1.5909,1.8245,149.5,96.9,0.526
10.9,32349.8,35681.4,1.5171,1.6786,149.5,96.9,0.526
10.92,32197.0,35566.1,0.8532,1.3949,149.5,96.9,0.526
10.94,32084.3,35347.0,0.3636,0.8553,149.5,96.9,0.526
10.96,32033.3,35185.0,0.1419,0.4565,149.5,96.9,0.526
10.98,32060.3,35126.1,0.259,0.3115,149.5,96.9,0.526
11.0,32007.1,35021.0,0.0277,0.0526,149.5,96.9,0.526
11.02,31964.4,34949.3,-0.1575,-0.1238,149.5,96.9,0.526
11.04,31938.4,34853.1,-0.2708,-0.3606,149.5,96.9,0.526
11.06,31902.2,34739.1,-0.428,-0.6414,149.5,96.9,0.526
11.08,31794.5,34734.7,-0.8959,-0.652,149.5,96.9,0.526
11.1,31762.7,34607.5,-1.0345,-0.9653,149.5,96.9,0.526
11.12,31823.1,34628.1,-0.7717,-0.9145,149.5,96.9,0.526
11.14,31735.4,34531.5,-1.1532,-1.1525,149.5,96.9,0.526
11.16,31836.1,34491.3,-0.7152,-1.2515,149.5,96.9,0.526
11.18,31719.3,34495.5,-1.223,-1.241,149.5,96.9,0.526
11.2,31807.4,34508.3,-0.8401,-1.2095,149.5,96.9,0.526
11.22,31883.3,34870.4,-0.5101,-0.3182,149.5,96.9,0.526
11.24,32151.4,35347.0,0.6548,0.8554,149.5,96.9,0.526
11.26,32216.8,35627.8,0.9394,1.5468,149.5,96.9,0.526
11.28,32348.3,35690.8,1.5108,1.7017,149.5,96.9,0.526
11.3,32320.6,35751.3,1.3903,1.8509,149.5,96.9,0.526
11.32,32222.3,35519.8,0.9633,1.2807,149.5,96.9,0.526
11.34,32240.1,35396.9,1.0404,0.9783,149.5,96.9,0.526
11.36,32030.7,35167.2,0.1304,0.4126,149.5,96.9,0.526
11.38,32059.0,35065.5,0.2536,0.1622,149.5,96.9,0.526
11.4,32039.3,35125.8,0.1678,0.3107,149.5,96.9,0.526
11.42,31933.5,35018.6,-0.2919,0.0468,149.5,96.9,0.526
11.44,31928.3,34883.4,-0.3144,-0.2859,149.5,96.9,0.526
11.46,31898.5,34745.7,-0.444,-0.6252,149.5,96.9,0.526
11.48,31818.8,34707.9,-0.7906,-0.7182,149.5,96.9,0.526
11.5,31804.0,34610.5,-0.855,-0.958,149.5,96.9,0.526
11.52,31817.7,34646.6,-0.7951,-0.869,149.5,96.9,0.526
11.54,31807.6,34582.0,-0.8393,-1.0282,149.5,96.9,0.526
11.56,31839.2,34517.3,-0.702,-1.1873,149.5,96.9,0.526
11.58,31672.0,34548.8,-1.4285,-1.1099,149.5,96.9,0.526
11.6,31890.5,34562.3,-0.4789,-1.0766,149.5,96.9,0.526
11.62,31851.3,34738.4,-0.6491,-0.6429,149.5,96.9,0.526
11.64,32081.8,35203.5,0.3527,0.502,149.5,96.9,0.526
11.66,32255.5,35589.6,1.1072,1.4527,149.5,96.9,0.526
11.68,32393.2,35696.0,1.7058,1.7147,149.5,96.9,0.526
11.7,32321.1,35715.6,1.3926,1.7629,149.5,96.9,0.526
11.72,32310.6,35540.5,1.347,1.3319,149.5,96.9,0.526
11.74,32207.2,35394.1,0.8976,0.9713,149.5,96.9,0.526
11.76,32063.8,35156.1,0.2745,0.3853,149.5,96.9,0.526
11.78,32063.7,35091.7,0.274,0.2269,149.5,96.9,0.526
11.8,31971.5,35195.3,-0.127,0.4818,149.5,96.9,0.526
11.82,31990.8,35067.8,-0.0428,0.1678,149.5,96.9,0.526
11.84,31888.6,34887.1,-0.4872,-0.2769,149.5,96.9,0.526
11.86,31897.4,34739.5,-0.4488,-0.6403,149.5,96.9,0.526
11.88,31842.1,34635.3,-0.6893,-0.8969,149.5,96.9,0.526
11.9,31873.9,34617.5,-0.5511,-0.9406,149.5,96.9,0.526
11.92,31709.0,34666.4,-1.2677,-0.8203,149.5,96.9,0.526
11.94,31716.7,34553.0,-1.2343,-1.0996,149.5,96.9,0.526
11.96,31808.9,34446.8,-0.8336,-1.3609,149.5,96.9,0.526
11.98,31695.3,34426.8,-1.3272,-1.4102,149.5,96.9,0.526
12.0,31848.9,34531.6,-0.6597,-1.1521,149.5,96.9,0.526
12.02,31906.3,34808.8,-0.4104,-0.4698,149.5,96.9,0.526
12.04,32074.2,35108.8,0.3194,0.2689,149.5,96.9,0.526
12.06,32262.7,35581.6,1.1388,1.4329,149.5,96.9,0.526
12.08,32319.3,35722.8,1.3847,1.7806,149.5,96.9,0.526
12.1,32338.7,35656.2,1.4689,1.6167,149.5,96.9,0.526
12.12,32290.6,35644.5,1.2599,1.5877,149.5,96.9,0.526
12.14,32118.7,35316.0,0.5129,0.7791,149.5,96.9,0.526
12.16,32011.4,35200.4,0.0465,0.4943,149.5,96.9,0.526
12.18,32121.1,35131.6,0.5235,0.3251,149.5,96.9,0.526
12.2,32049.3,34993.8,0.2111,-0.0142,149.5,96.9,0.526
12.22,32029.0,34985.1,0.1232,-0.0358,149.5,96.9,0.526
12.24,31864.4,34871.8,-0.5923,-0.3145,149.5,96.9,0.526
12.26,31813.5,34724.6,-0.8136,-0.6771,149.5,96.9,0.526
12.28,31809.0,34660.5,-0.833,-0.8349,149.5,96.9,0.526
12.3,31885.0,34642.3,-0.5028,-0.8797,149.5,96.9,0.526
12.32,31850.8,34668.7,-0.6514,-0.8147,149.5,96.9,0.526
12.34,31763.7,34623.9,-1.0299,-0.9249,149.5,96.9,0.526
12.36,31724.8,34534.9,-1.1988,-1.144,149.5,96.9,0.526
12.38,31683.1,34512.4,-1.3804,-1.1996,149.5,96.9,0.526
12.4,31841.8,34412.1,-0.6905,-1.4465,149.5,96.9,0.526
12.42,32023.8,34809.8,0.1005,-0.4673,149.5,96.9,0.526
12.44,32030.8,35200.3,0.131,0.4941,149.5,96.9,0.526
12.46,32301.3,35515.1,1.3064,1.2691,149.5,96.9,0.526
12.48,32416.2,35782.4,1.8057,1.9273,149.5,96.9,0.526
12.5,32395.8,35649.9,1.7173,1.601,149.5,96.9,0.526
12.52,32241.2,35533.7,1.0454,1.3149,149.5,96.9,0.526
12.54,32194.1,35318.7,0.8407,0.7858,149.5,96.9,0.526
12.56,32063.7,35157.4,0.2737,0.3886,149.5,96.9,0.526
12.58,32034.7,35151.6,0.1479,0.3742,149.5,96.9,0.526
12.6,32035.5,35089.4,0.1514,0.2211,149.5,96.9,0.526
12.62,31940.4,35002.4,-0.262,0.007,149.5,96.9,0.526
12.64,31943.6,34933.8,-0.2479,-0.1621,149.5,96.9,0.526
12.66,31845.7,34861.0,-0.6734,-0.3413,149.5,96.9,0.526
12.68,31784.6,34658.1,-0.9391,-0.8407,149.5,96.9,0.526
12.7,31866.0,34575.7,-0.5856,-1.0436,149.5,96.9,0.526
12.72,31818.7,34647.9,-0.7911,-0.8657,149.5,96.9,0.526
12.74,31737.1,34571.7,-1.1458,-1.0536,149.5,96.9,0.526
12.76,31795.9,34449.0,-0.8898,-1.3554,149.5,96.9,0.526
12.78,31637.3,34463.8,-1.5791,-1.3192,149.5,96.9,0.526
12.8,31755.5,34521.7,-1.0655,-1.1764,149.5,96.9,0.526
12.82,31956.3,34822.8,-0.1931,-0.4352,149.5,96.9,0.526
12.84,32167.0,35108.2,0.7229,0.2673,149.5,96.9,0.526
12.86,32286.3,35457.2,1.2414,1.1266,149.5,96.9,0.526
12.88,32312.5,35629.5,1.3551,1.551,149.5,96.9,0.526
12.9,32355.0,35806.8,1.5401,1.9875,149.5,96.9,0.526
12.92,32330.5,35539.3,1.4336,1.3287,149.5,96.9,0.526
12.94,32093.1,35416.2,0.4017,1.0258,149.5,96.9,0.526
12.96,32106.6,35160.2,0.4601,0.3953,149.5,96.9,0.526
12.98,32028.3,35142.3,0.1201,0.3515,149.5,96.9,0.526
13.0,32100.2,35137.9,0.4324,0.3405,149.5,96.9,0.526
13.02,32013.7,34923.8,0.0564,-0.1865,149.5,96.9,0.526
13.04,31967.7,34735.9,-0.1433,-0.6491,149.5,96.9,0.526
13.06,31837.1,34752.0,-0.7111,-0.6095,149.5,96.9,0.526
13.08,31873.4,34693.0,-0.5531,-0.7547,149.5,96.9,0.526
13.1,31865.2,34712.1,-0.5889,-0.7078,149.5,96.9,0.526
13.12,31853.0,34651.4,-0.6418,-0.8573,149.5,96.9,0.526
13.14,31751.6,34616.3,-1.0824,-0.9436,149.5,96.9,0.526
13.16,31818.1,34513.7,-0.7934,-1.1963,149.5,96.9,0.526
13.18,31675.2,34422.8,-1.4145,-1.42,149.5,96.9,0.526
13.2,31787.2,34593.1,-0.928,-1.0008,149.5,96.9,0.526
13.22,31817.7,34766.0,-0.7952,-0.5751,149.5,96.9,0.526
13.24,32168.1,35181.8,0.7277,0.4487,149.5,96.9,0.526
13.26,32300.0,35481.5,1.301,1.1865,149.5,96.9,0.526
13.28,32340.9,35718.3,1.4787,1.7696,149.5,96.9,0.526
13.3,32357.0,35671.7,1.5488,1.6547,149.5,96.9,0.526
13.32,32277.8,35588.8,1.2044,1.4508,149.5,96.9,0.526
13.34,32138.6,35411.3,0.5996,1.0137,149.5,96.9,0.526
13.36,32194.2,35195.7,0.8408,0.4828,149.5,96.9,0.526
13.38,32116.2,35082.6,0.502,0.2044,149.5,96.9,0.526
13.4,32019.2,35016.2,0.0804,0.041,149.5,96.9,0.526
13.42,32018.5,35035.2,0.0775,0.0876,149.5,96.9,0.526
13.44,32102.7,34878.2,0.4432,-0.2988,149.5,96.9,0.526
13.46,31905.0,34703.8,-0.4158,-0.7282,149.5,96.9,0.526
13.48,31837.9,34762.4,-0.7073,-0.5839,149.5,96.9,0.526
13.5,31900.2,34699.0,-0.4368,-0.74,149.5,96.9,0.526
13.52,31809.8,34700.4,-0.8294,-0.7366,149.5,96.9,0.526
13.54,31807.3,34651.9,-0.8404,-0.8559,149.5,96.9,0.526
13.56,31768.9,34517.3,-1.0072,-1.1874,149.5,96.9,0.526
13.58,31727.9,34397.1,-1.1854,-1.4834,149.5,96.9,0.526
13.6,31762.6,34494.5,-1.0348,-1.2435,149.5,96.9,0.526
13.62,31867.0,34783.1,-0.5809,-0.5329,149.5,96.9,0.526
13.64,32020.3,35070.2,0.0854,0.1739,149.5,96.9,0.526
13.66,32256.4,35609.8,1.1114,1.5025,149.5,96.9,0.526
13.68,32386.4,35829.0,1.6762,2.0422,149.5,96.9,0.526
13.7,32305.1,35687.2,1.323,1.6929,149.5,96.9,0.526
13.72,32338.9,35630.6,1.47,1.5535,149.5,96.9,0.526
13.74,32218.3,35394.8,0.9456,0.9731,149.5,96.9,0.526
13.76,32141.6,35285.9,0.6124,0.705,149.5,96.9,0.526
13.78,32055.0,35157.7,0.236,0.3892,149.5,96.9,0.526
13.8,32120.1,35074.0,0.5191,0.1832,149.5,96.9,0.526
13.82,31999.4,35161.0,-0.0056,0.3973,149.5,96.9,0.526
13.84,32033.9,34961.5,0.1441,-0.0936,149.5,96.9,0.526
13.86,31903.4,34771.2,-0.423,-0.5623,149.5,96.9,0.526
13.88,31861.2,34721.8,-0.6064,-0.6839,149.5,96.9,0.526
13.9,31869.5,34752.7,-0.5703,-0.6079,149.5,96.9,0.526
13.92,31701.2,34592.8,-1.3016,-1.0015,149.5,96.9,0.526
13.94,31847.4,34582.6,-0.6662,-1.0267,149.5,96.9,0.526
13.96,31769.6,34558.8,-1.0045,-1.0853,149.5,96.9,0.526
13.98,31693.7,34470.6,-1.3343,-1.3023,149.5,96.9,0.526
14.0,31822.9,34549.2,-0.7727,-1.1089,149.5,96.9,0.526
14.02,31900.7,34643.7,-0.4347,-0.8761,149.5,96.9,0.526
14.04,32080.5,35131.2,0.3469,0.3242,149.5,96.9,0.526
14.06,32261.4,35430.0,1.1332,1.0597,149.5,96.9,0.526
14.08,32250.1,35614.7,1.0839,1.5146,149.5,96.9,0.526
14.1,32297.7,35789.8,1.2907,1.9454,149.5,96.9,0.526
14.12,32284.5,35670.9,1.2333,1.6528,149.5,96.9,0.526
14.14,32128.0,35430.6,0.5532,1.0612,149.5,96.9,0.526
14.16,32012.7,35198.0,0.0521,0.4884,149.5,96.9,0.526
14.18,31965.8,35153.4,-0.1518,0.3788,149.5,96.9,0.526
14.2,32081.5,35090.7,0.351,0.2244,149.5,96.9,0.526
14.22,31981.7,35089.5,-0.0825,0.2214,149.5,96.9,0.526
14.24,31884.4,34908.5,-0.5055,-0.2241,149.5,96.9,0.526
14.26,31944.7,34798.1,-0.2432,-0.4962,149.5,96.9,0.526
14.28,31835.4,34766.0,-0.7183,-0.5751,149.5,96.9,0.526
14.3,31774.4,34664.4,-0.9834,-0.8252,149.5,96.9,0.526
14.32,31868.5,34717.5,-0.5745,-0.6944,149.5,96.9,0.526
14.34,31799.3,34579.4,-0.8752,-1.0345,149.5,96.9,0.526
14.36,31812.5,34567.9,-0.8178,-1.0627,149.5,96.9,0.526
14.38,31723.3,34426.2,-1.2057,-1.4116,149.5,96.9,0.526
14.4,31779.0,34535.8,-0.9633,-1.1418,149.5,96.9,0.526
14.42,31873.2,34644.6,-0.5542,-0.874,149.5,96.9,0.526
14.44,31939.8,35039.4,-0.2647,0.098,149.5,96.9,0.526
14.46,32233.1,35440.9,1.01,1.0867,149.5,96.9,0.526
14.48,32316.9,35722.8,1.3742,1.7807,149.5,96.9,0.526
14.5,32278.6,35739.5,1.2079,1.8216,149.5,96.9,0.526
14.52,32196.7,35624.0,0.8517,1.5373,149.5,96.9,0.526
14.54,32162.4,35362.0,0.7028,0.8924,149.5,96.9,0.526
14.56,32163.2,35328.6,0.7062,0.8102,149.5,96.9,0.526
14.58,32105.9,35139.1,0.4572,0.3436,149.5,96.9,0.526
14.6,32069.7,35131.6,0.3001,0.325,149.5,96.9,0.526
14.62,32013.1,35021.6,0.0538,0.0542,149.5,96.9,0.526
14.64,31945.7,34914.2,-0.2391,-0.2103,149.5,96.9,0.526
14.66,31939.2,34865.2,-0.2672,-0.331,149.5,96.9,0.526
14.68,31843.3,34681.0,-0.6841,-0.7844,149.5,96.9,0.526
14.7,31886.1,34697.1,-0.498,-0.7448,149.5,96.9,0.526
14.72,31930.9,34658.5,-0.3032,-0.8398,149.5,96.9,0.526
14.74,31829.8,34684.9,-0.7425,-0.7747,149.5,96.9,0.526
14.76,31771.1,34497.4,-0.9977,-1.2363,149.5,96.9,0.526
14.78,31777.0,34500.5,-0.9721,-1.2287,149.5,96.9,0.526
14.8,31692.8,34513.4,-1.3383,-1.1969,149.5,96.9,0.526
14.82,31887.8,34676.2,-0.4906,-0.7962,149.5,96.9,0.526
14.84,31966.1,34990.1,-0.1502,-0.0234,149.5,96.9,0.526
14.86,32172.6,35458.8,0.747,1.1307,149.5,96.9,0.526
14.88,32322.6,35657.6,1.3991,1.6201,149.5,96.9,0.526
14.9,32435.4,35759.6,1.8892,1.8712,149.5,96.9,0.526
14.92,32265.9,35677.9,1.1526,1.6701,149.5,96.9,0.526
14.94,32255.4,35419.9,1.107,1.0349,149.5,96.9,0.526
14.96,32147.7,35247.2,0.6388,0.6096,149.5,96.9,0.526
14.98,32094.4,35108.6,0.4074,0.2683,149.5,96.9,0.526
15.0,31965.6,35130.4,-0.1523,0.3221,149.5,96.9,0.526
15.02,31973.6,35030.2,-0.1176,0.0755,149.5,96.9,0.526
15.04,31901.9,34899.3,-0.4292,-0.247,149.5,96.9,0.526
15.06,31962.1,34761.0,-0.1678,-0.5873,149.5,96.9,0.526
15.08,31829.5,34591.3,-0.744,-1.0052,149.5,96.9,0.526
15.1,31881.1,34653.5,-0.52,-0.852,149.5,96.9,0.526
15.12,31849.0,34646.8,-0.6592,-0.8685,149.5,96.9,0.526
15.14,31757.0,34582.0,-1.0589,-1.0281,149.5,96.9,0.526
15.16,31831.0,34523.9,-0.7373,-1.1712,149.5,96.9,0.526
15.18,31723.4,34434.3,-1.2052,-1.3918,149.5,96.9,0.526
15.2,31798.7,34474.6,-0.8776,-1.2926,149.5,96.9,0.526
15.22,31804.5,34696.1,-0.8529,-0.7472,149.5,96.9,0.526
15.24,31911.8,35006.1,-0.3865,0.0161,149.5,96.9,0.526
15.26,32180.4,35385.4,0.7811,0.9499,149.5,96.9,0.526
15.28,32395.7,35746.3,1.7167,1.8385,149.5,96.9,0.526
15.3,32359.0,35733.4,1.5572,1.8067,149.5,96.9,0.526
15.32,32225.7,35648.4,0.9781,1.5974,149.5,96.9,0.526
15.34,32237.7,35501.8,1.0302,1.2366,149.5,96.9,0.526
15.36,32097.1,35264.3,0.419,0.6518,149.5,96.9,0.526
15.38,32078.2,35167.2,0.3369,0.4128,149.5,96.9,0.526
15.4,32078.8,35095.8,0.3393,0.2369,149.5,96.9,0.526
15.42,32095.3,34980.3,0.4113,-0.0475,149.5,96.9,0.526
15.44,31967.7,35076.8,-0.1434,0.1902,149.5,96.9,0.526
15.46,31971.1,34835.4,-0.1288,-0.4042,149.5,96.9,0.526
15.48,31904.3,34668.1,-0.4189,-0.8161,149.5,96.9,0.526
15.5,31900.5,34682.9,-0.4353,-0.7796,149.5,96.9,0.526
15.52,31816.6,34672.9,-0.8002,-0.8043,149.5,96.9,0.526
15.54,31841.8,34641.4,-0.6905,-0.8818,149.5,96.9,0.526
15.56,31752.6,34506.5,-1.0782,-1.2139,149.5,96.9,0.526
15.58,31704.0,34440.8,-1.2893,-1.3757,149.5,96.9,0.526
15.6,31745.7,34434.3,-1.1084,-1.3918,149.5,96.9,0.526
15.62,31907.6,34638.0,-0.4045,-0.8903,149.5,96.9,0.526
15.64,31948.6,34999.7,-0.2265,0.0003,149.5,96.9,0.526
15.66,32117.8,35331.1,0.5089,0.8162,149.5,96.9,0.526
15.68,32284.9,35668.1,1.2351,1.6458,149.5,96.9,0.526
15.7,32335.2,35713.1,1.4538,1.7567,149.5,96.9,0.526
15.72,32380.3,35667.7,1.65,1.645,149.5,96.9,0.526
15.74,32149.8,35584.9,0.648,1.441,149.5,96.9,0.526
15.76,32270.7,35094.6,1.1733,0.234,149.5,96.9,0.526
15.78,32071.4,35122.6,0.3072,0.3028,149.5,96.9,0.526
15.8,32092.0,35014.2,0.3967,0.036,149.5,96.9,0.526
15.82,32054.5,34994.5,0.2339,-0.0124,149.5,96.9,0.526
15.84,32001.1,34962.2,0.002,-0.0921,149.5,96.9,0.526
15.86,31861.5,34829.1,-0.6049,-0.4198,149.5,96.9,0.526
15.88,31837.8,34718.2,-0.7078,-0.6927,149.5,96.9,0.526
15.9,31762.1,34684.5,-1.0369,-0.7758,149.5,96.9,0.526
15.92,31828.5,34648.8,-0.7482,-0.8635,149.5,96.9,0.526
15.94,31875.8,34637.0,-0.5427,-0.8926,149.5,96.9,0.526
15.96,31695.8,34514.0,-1.325,-1.1955,149.5,96.9,0.526
15.98,31718.9,34477.0,-1.2245,-1.2865,149.5,96.9,0.526
16.0,31714.0,34397.1,-1.2459,-1.4834,149.5,96.9,0.526
16.02,31902.4,34593.7,-0.427,-0.9994,149.5,96.9,0.526
16.04,31998.8,35021.1,-0.0083,0.0529,149.5,96.9,0.526
16.06,32180.0,35307.3,0.7791,0.7577,149.5,96.9,0.526
16.08,32232.4,35616.0,1.0069,1.5177,149.5,96.9,0.526
16.1,32323.2,35757.2,1.4018,1.8652,149.5,96.9,0.526
16.12,32358.1,35670.5,1.5535,1.6518,149.5,96.9,0.526
16.14,32231.7,35413.9,1.0041,1.0201,149.5,96.9,0.526
16.16,31992.5,35263.6,-0.0355,0.6501,149.5,96.9,0.526
16.18,31993.8,35152.2,-0.03,0.3758,149.5,96.9,0.526
16.2,32118.4,35081.9,0.5117,0.2026,149.5,96.9,0.526
16.22,32040.9,35070.3,0.1749,0.1741,149.5,96.9,0.526
16.24,31900.9,34982.3,-0.4335,-0.0426,149.5,96.9,0.526
16.26,31902.5,34801.6,-0.4268,-0.4875,149.5,96.9,0.526
16.28,31871.7,34776.2,-0.5608,-0.5501,149.5,96.9,0.526
16.3,31806.4,34731.1,-0.8443,-0.6611,149.5,96.9,0.526
16.32,31851.1,34631.0,-0.65,-0.9075,149.5,96.9,0.526
16.34,31750.4,34681.4,-1.0877,-0.7834,149.5,96.9,0.526
16.36,31725.3,34603.0,-1.1968,-0.9763,149.5,96.9,0.526
16.38,31722.1,34456.2,-1.2107,-1.3378,149.5,96.9,0.526
16.4,31778.6,34431.3,-0.9652,-1.3991,149.5,96.9,0.526
16.42,31741.2,34740.7,-1.1278,-0.6375,149.5,96.9,0.526
16.44,32004.9,35021.2,0.0184,0.0533,149.5,96.9,0.526
16.46,32183.7,35367.7,0.7956,0.9063,149.5,96.9,0.526
16.48,32179.0,35627.3,0.7751,1.5455,149.5,96.9,0.526
16.5,32359.1,35725.1,1.5576,1.7863,149.5,96.9,0.526
16.52,32337.8,35717.1,1.4651,1.7665,149.5,96.9,0.526
16.54,32170.2,35484.1,0.7369,1.1929,149.5,96.9,0.526
16.56,32046.3,35260.1,0.1981,0.6415,149.5,96.9,0.526
16.58,32079.0,35107.6,0.3405,0.2659,149.5,96.9,0.526
16.6,32048.1,35081.4,0.206,0.2014,149.5,96.9,0.526
16.62,32071.0,34994.3,0.3057,-0.013,149.5,96.9,0.526
16.64,31914.6,34925.2,-0.3744,-0.1831,149.5,96.9,0.526
16.66,31860.9,34847.7,-0.6077,-0.3739,149.5,96.9,0.526
16.68,31832.7,34781.7,-0.7299,-0.5365,149.5,96.9,0.526
16.7,31797.7,34750.7,-0.8822,-0.6129,149.5,96.9,0.526
16.72,31815.9,34661.2,-0.8032,-0.8331,149.5,96.9,0.526
16.74,31843.1,34658.9,-0.6849,-0.8389,149.5,96.9,0.526
16.76,31832.8,34591.6,-0.7297,-1.0044,149.5,96.9,0.526
16.78,31761.6,34528.9,-1.039,-1.1588,149.5,96.9,0.526
16.8,31735.8,34476.5,-1.1513,-1.2879,149.5,96.9,0.526
16.82,31785.7,34578.2,-0.9345,-1.0375,149.5,96.9,0.526
16.84,31963.6,34892.0,-0.1613,-0.2648,149.5,96.9,0.526
16.86,32117.5,35287.3,0.5077,0.7085,149.5,96.9,0.526
16.88,32264.5,35688.6,1.1464,1.6965,149.5,96.9,0.526
16.9,32330.5,35730.2,1.4333,1.7987,149.5,96.9,0.526
16.92,32303.9,35709.1,1.318,1.7468,149.5,96.9,0.526
16.94,32200.5,35447.8,0.8686,1.1036,149.5,96.9,0.526
16.96,32169.2,35295.8,0.7324,0.7294,149.5,96.9,0.526
16.98,32090.6,35151.6,0.3906,0.3742,149.5,96.9,0.526
17.0,32037.8,35089.6,0.1612,0.2216,149.5,96.9,0.526
17.02,31938.2,35081.0,-0.2718,0.2006,149.5,96.9,0.526
17.04,31981.5,34876.4,-0.0834,-0.3032,149.5,96.9,0.526
17.06,32008.4,34745.4,0.0334,-0.6258,149.5,96.9,0.526
17.08,31940.7,34726.2,-0.2605,-0.6731,149.5,96.9,0.526
17.1,31884.6,34654.9,-0.5045,-0.8487,149.5,96.9,0.526
17.12,31757.0,34580.8,-1.0591,-1.0311,149.5,96.9,0.526
17.14,31779.8,34590.2,-0.9602,-1.0078,149.5,96.9,0.526
17.16,31775.0,34613.6,-0.981,-0.9504,149.5,96.9,0.526
17.18,31744.1,34449.6,-1.1151,-1.3542,149.5,96.9,0.526
17.2,31803.8,34454.0,-0.8558,-1.3432,149.5,96.9,0.526
17.22,31788.8,34554.0,-0.9211,-1.0971,149.5,96.9,0.526
17.24,32016.1,34880.6,0.067,-0.2929,149.5,96.9,0.526
17.26,32178.9,35265.3,0.7743,0.6543,149.5,96.9,0.526
17.28,32273.7,35675.6,1.1867,1.6644,149.5,96.9,0.526
17.3,32357.9,35711.5,1.5523,1.7527,149.5,96.9,0.526
17.32,32284.9,35691.6,1.2352,1.7039,149.5,96.9,0.526
17.34,32227.0,35524.6,0.9835,1.2927,149.5,96.9,0.526
17.36,32162.5,35258.8,0.7031,0.6383,149.5,96.9,0.526
17.38,32000.5,35170.5,-0.0007,0.4208,149.5,96.9,0.526
17.4,32097.0,35092.4,0.4184,0.2286,149.5,96.9,0.526
17.42,32076.3,35117.5,0.3288,0.2904,149.5,96.9,0.526
17.44,31949.6,34959.1,-0.2218,-0.0998,149.5,96.9,0.526
17.46,31971.7,34821.4,-0.1259,-0.4387,149.5,96.9,0.526
17.48,31889.1,34705.2,-0.4849,-0.7247,149.5,96.9,0.526
17.5,31908.7,34667.2,-0.3998,-0.8184,149.5,96.9,0.526
17.52,31824.8,34643.8,-0.7642,-0.876,149.5,96.9,0.526
17.54,31815.6,34657.5,-0.8045,-0.8422,149.5,96.9,0.526
17.56,31778.0,34515.8,-0.9676,-1.1912,149.5,96.9,0.526
17.58,31741.2,34357.4,-1.1276,-1.5812,149.5,96.9,0.526
17.6,31760.8,34458.0,-1.0424,-1.3335,149.5,96.9,0.526
17.62,31806.6,34612.5,-0.8437,-0.9529,149.5,96.9,0.526
17.64,31955.1,34940.6,-0.1981,-0.1453,149.5,96.9,0.526
17.66,32178.7,35266.7,0.7738,0.6576,149.5,96.9,0.526
17.68,32288.3,35613.6,1.2499,1.5117,149.5,96.9,0.526
17.7,32325.9,35800.4,1.4133,1.9716,149.5,96.9,0.526
17.72,32371.2,35690.9,1.6104,1.7022,149.5,96.9,0.526
17.74,32248.5,35472.7,1.0771,1.165,149.5,96.9,0.526
17.76,32191.7,35341.8,0.83,0.8425,149.5,96.9,0.526
17.78,32092.9,35265.7,0.4006,0.6552,149.5,96.9,0.526
17.8,32070.8,35101.5,0.3045,0.251,149.5,96.9,0.526
17.82,31979.5,35117.2,-0.0919,0.2895,149.5,96.9,0.526
17.84,31973.4,34981.2,-0.1187,-0.0453,149.5,96.9,0.526
17.86,31960.0,34877.1,-0.1769,-0.3016,149.5,96.9,0.526
17.88,31927.9,34707.6,-0.3165,-0.7188,149.5,96.9,0.526
17.9,31851.0,34712.5,-0.6506,-0.7067,149.5,96.9,0.526
17.92,31865.6,34695.0,-0.5872,-0.7499,149.5,96.9,0.526
17.94,31858.2,34515.1,-0.6191,-1.1929,149.5,96.9,0.526
17.96,31831.8,34556.0,-0.734,-1.0921,149.5,96.9,0.526
17.98,31764.3,34533.5,-1.0273,-1.1476,149.5,96.9,0.526
18.0,31805.9,34507.4,-0.8467,-1.2118,149.5,96.9,0.526
18.02,31687.0,34554.3,-1.3633,-1.0963,149.5,96.9,0.526
18.04,31931.5,34839.8,-0.3008,-0.3933,149.5,96.9,0.526
18.06,32227.0,35166.6,0.9835,0.4113,149.5,96.9,0.526
18.08,32300.4,35555.8,1.3027,1.3694,149.5,96.9,0.526
18.1,32385.9,35828.2,1.674,2.0401,149.5,96.9,0.526
18.12,32438.9,35686.5,1.9046,1.6913,149.5,96.9,0.526
18.14,32273.1,35520.2,1.184,1.2819,149.5,96.9,0.526
18.16,32091.4,35419.6,0.3944,1.0341,149.5,96.9,0.526
18.18,32104.9,35251.7,0.4528,0.6207,149.5,96.9,0.526
18.2,32033.1,35113.3,0.141,0.28,149.5,96.9,0.526
18.22,31960.0,35057.2,-0.1767,0.1418,149.5,96.9,0.526
18.24,32042.4,35008.2,0.1812,0.0213,149.5,96.9,0.526
18.26,31801.9,34920.4,-0.864,-0.1951,149.5,96.9,0.526
18.28,31876.0,34754.6,-0.5418,-0.6033,149.5,96.9,0.526
18.3,31798.3,34793.4,-0.8795,-0.5077,149.5,96.9,0.526
18.32,31779.9,34665.4,-0.9595,-0.8228,149.5,96.9,0.526
18.34,31772.9,34674.4,-0.99,-0.8005,149.5,96.9,0.526
18.36,31801.3,34535.8,-0.8667,-1.1418,149.5,96.9,0.526
18.38,31748.3,34464.9,-1.0968,-1.3165,149.5,96.9,0.526
18.4,31704.1,34379.7,-1.289,-1.5261,149.5,96.9,0.526
18.42,31826.8,34524.9,-0.7558,-1.1688,149.5,96.9,0.526
18.44,31857.4,34761.5,-0.623,-0.5863,149.5,96.9,0.526
18.46,32237.4,35186.4,1.029,0.46,149.5,96.9,0.526
18.48,32247.1,35623.2,1.0707,1.5353,149.5,96.9,0.526
18.5,32338.5,35718.6,1.4681,1.7701,149.5,96.9,0.526
18.52,32429.4,35706.8,1.8631,1.7411,149.5,96.9,0.526
18.54,32258.1,35532.4,1.1187,1.3119,149.5,96.9,0.526
18.56,32167.3,35284.8,0.7243,0.7023,149.5,96.9,0.526
18.58,32182.7,35173.0,0.7912,0.427,149.5,96.9,0.526
18.6,32063.7,35122.3,0.2741,0.302,149.5,96.9,0.526
18.62,32037.1,35163.6,0.1581,0.4039,149.5,96.9,0.526
18.64,31983.2,35052.6,-0.0759,0.1306,149.5,96.9,0.526
18.66,31924.4,34887.9,-0.3316,-0.2749,149.5,96.9,0.526
18.68,31920.0,34827.1,-0.3506,-0.4247,149.5,96.9,0.526
18.7,31809.9,34617.1,-0.829,-0.9417,149.5,96.9,0.526
18.72,31861.7,34617.7,-0.6042,-0.9402,149.5,96.9,0.526
18.74,31863.4,34628.2,-0.5969,-0.9143,149.5,96.9,0.526
18.76,31768.0,34529.5,-1.0114,-1.1573,149.5,96.9,0.526
18.78,31691.6,34536.3,-1.3432,-1.1407,149.5,96.9,0.526
18.8,31786.8,34447.1,-0.9296,-1.3603,149.5,96.9,0.526
18.82,31724.6,34533.8,-1.1997,-1.1468,149.5,96.9,0.526
18.84,31788.8,34685.3,-0.921,-0.7737,149.5,96.9,0.526
18.86,32059.9,35102.1,0.2575,0.2524,149.5,96.9,0.526
18.88,32161.9,35577.4,0.7007,1.4226,149.5,96.9,0.526
18.9,32361.4,35736.8,1.5675,1.8151,149.5,96.9,0.526
18.92,32334.9,35774.5,1.4524,1.908,149.5,96.9,0.526
18.94,32201.9,35477.9,0.8743,1.1775,149.5,96.9,0.526
18.96,32199.4,35321.1,0.8638,0.7916,149.5,96.9,0.526
18.98,32082.9,35165.6,0.3572,0.4088,149.5,96.9,0.526
19.0,32092.6,35124.1,0.3994,0.3066,149.5,96.9,0.526
19.02,32094.8,35077.0,0.4089,0.1905,149.5,96.9,0.526
19.04,32002.9,34947.3,0.0097,-0.1287,149.5,96.9,0.526
19.06,31900.9,34870.2,-0.4339,-0.3186,149.5,96.9,0.526
19.08,31943.8,34804.1,-0.2474,-0.4813,149.5,96.9,0.526
19.1,31818.9,34815.0,-0.79,-0.4545,149.5,96.9,0.526
19.12,31820.1,34671.3,-0.7848,-0.8083,149.5,96.9,0.526
19.14,31861.2,34606.7,-0.6061,-0.9672,149.5,96.9,0.526
19.16,31787.5,34532.2,-0.9266,-1.1506,149.5,96.9,0.526
19.18,31735.7,34397.1,-1.1517,-1.4833,149.5,96.9,0.526
19.2,31685.9,34343.5,-1.368,-1.6154,149.5,96.9,0.526
19.22,31837.2,34509.3,-0.7107,-1.2071,149.5,96.9,0.526
19.24,31925.8,34749.4,-0.3256,-0.6159,149.5,96.9,0.526
19.26,32040.2,35102.0,0.1718,0.2521,149.5,96.9,0.526
19.28,32241.7,35482.2,1.0476,1.1881,149.5,96.9,0.526
19.3,32400.0,35788.5,1.7356,1.9423,149.5,96.9,0.526
19.32,32284.7,35769.9,1.2343,1.8967,149.5,96.9,0.526
19.34,32280.6,35501.3,1.2164,1.2352,149.5,96.9,0.526
19.36,32122.7,35388.6,0.5301,0.9578,149.5,96.9,0.526
19.38,32167.9,35191.4,0.7267,0.4723,149.5,96.9,0.526
19.4,32110.4,35060.9,0.4769,0.1509,149.5,96.9,0.526
19.42,32129.8,35100.2,0.561,0.2477,149.5,96.9,0.526
19.44,31978.1,35050.6,-0.0981,0.1257,149.5,96.9,0.526
19.46,31933.9,34899.9,-0.2904,-0.2455,149.5,96.9,0.526
19.48,31940.5,34700.2,-0.2618,-0.7371,149.5,96.9,0.526
19.5,31937.7,34752.6,-0.2736,-0.6081,149.5,96.9,0.526
19.52,31842.5,34640.4,-0.6876,-0.8844,149.5,96.9,0.526
19.54,31878.9,34724.2,-0.5294,-0.678,149.5,96.9,0.526
19.56,31850.4,34483.4,-0.6533,-1.2709,149.5,96.9,0.526
19.58,31721.5,34485.0,-1.2136,-1.267,149.5,96.9,0.526
19.6,31764.6,34425.3,-1.0263,-1.414,149.5,96.9,0.526
19.62,31763.2,34495.8,-1.0321,-1.2402,149.5,96.9,0.526
19.64,31902.5,34794.6,-0.4266,-0.5046,149.5,96.9,0.526
19.66,32025.6,35145.0,0.1081,0.3581,149.5,96.9,0.526
19.68,32184.7,35560.1,0.7997,1.38,149.5,96.9,0.526
19.7,32340.0,35680.1,1.4748,1.6754,149.5,96.9,0.526
19.72,32339.4,35742.8,1.4722,1.8299,149.5,96.9,0.526
19.74,32325.5,35578.6,1.4116,1.4257,149.5,96.9,0.526
19.76,32171.7,35450.5,0.743,1.1101,149.5,96.9,0.526
19.78,32118.2,35055.0,0.5105,0.1366,149.5,96.9,0.526
19.8,32035.7,35124.4,0.152,0.3072,149.5,96.9,0.526
19.82,32060.9,35054.1,0.2617,0.1342,149.5,96.9,0.526
19.84,32037.9,35022.8,0.1618,0.0572,149.5,96.9,0.526
19.86,31935.7,34852.4,-0.2825,-0.3623,149.5,96.9,0.526
19.88,31887.2,34769.5,-0.4933,-0.5664,149.5,96.9,0.526
19.9,31779.0,34665.5,-0.9635,-0.8225,149.5,96.9,0.526
19.92,31823.8,34674.2,-0.7686,-0.8011,149.5,96.9,0.526
19.94,31840.9,34729.6,-0.6943,-0.6646,149.5,96.9,0.526
19.96,31750.1,34602.4,-1.089,-0.9779,149.5,96.9,0.526
19.98,31649.7,34466.6,-1.5256,-1.3122,149.5,96.9,0.526
20.0,31742.5,34432.0,-1.1223,-1.3974,149.5,96.9,0.526
20.02,31709.0,34560.5,-1.2678,-1.0811,149.5,96.9,0.526
20.04,31871.8,34707.7,-0.56,-0.7186,149.5,96.9,0.526
20.06,32071.1,35114.7,0.3061,0.2834,149.5,96.9,0.526
20.08,32201.1,35543.3,0.871,1.3387,149.5,96.9,0.526
20.1,32382.9,35751.2,1.6612,1.8504,149.5,96.9,0.526
20.12,32319.0,35708.7,1.3836,1.746,149.5,96.9,0.526
20.14,32259.3,35530.0,1.1239,1.3058,149.5,96.9,0.526
20.16,32188.7,35359.0,0.8171,0.8848,149.5,96.9,0.526
20.18,32128.9,35201.0,0.5572,0.4959,149.5,96.9,0.526
20.2,32094.7,35050.6,0.4087,0.1256,149.5,96.9,0.526
20.22,32008.2,35005.6,0.0328,0.0148,149.5,96.9,0.526
20.24,32075.4,34975.3,0.3247,-0.0599,149.5,96.9,0.526
20.26,31984.9,34864.1,-0.0686,-0.3336,149.5,96.9,0.526
20.28,31803.7,34748.5,-0.8559,-0.6183,149.5,96.9,0.526
20.3,31892.0,34764.6,-0.4725,-0.5785,149.5,96.9,0.526
20.32,31750.3,34681.0,-1.0883,-0.7843,149.5,96.9,0.526
20.34,31843.3,34677.7,-0.6839,-0.7925,149.5,96.9,0.526
20.36,31768.4,34605.9,-1.0098,-0.9691,149.5,96.9,0.526
20.38,31706.1,34446.9,-1.2802,-1.3608,149.5,96.9,0.526
20.4,31723.6,34536.2,-1.2044,-1.141,149.5,96.9,0.526
20.42,31735.7,34411.2,-1.1516,-1.4487,149.5,96.9,0.526
20.44,31851.4,34702.2,-0.6487,-0.7321,149.5,96.9,0.526
20.46,32053.6,35098.7,0.2301,0.2439,149.5,96.9,0.526
20.48,32217.5,35442.8,0.9423,1.0911,149.5,96.9,0.526
20.5,32293.2,35702.9,1.2712,1.7316,149.5,96.9,0.526
20.52,32349.0,35719.8,1.5139,1.7732,149.5,96.9,0.526
20.54,32374.9,35604.9,1.6262,1.4902,149.5,96.9,0.526
20.56,32148.9,35335.0,0.6442,0.8259,149.5,96.9,0.526
20.58,32140.4,35248.3,0.6072,0.6125,149.5,96.9,0.526
20.6,32077.5,35071.2,0.3339,0.1764,149.5,96.9,0.526
20.62,32075.5,35105.8,0.3253,0.2614,149.5,96.9,0.526
20.64,32048.2,35019.0,0.2063,0.0479,149.5,96.9,0.526
20.66,31982.3,34954.1,-0.0799,-0.1119,149.5,96.9,0.526
20.68,31883.3,34766.6,-0.5103,-0.5737,149.5,96.9,0.526
20.7,31943.4,34693.1,-0.2489,-0.7546,149.5,96.9,0.526
20.72,31864.5,34662.5,-0.592,-0.83,149.5,96.9,0.526
20.74,31827.9,34664.7,-0.751,-0.8244,149.5,96.9,0.526
20.76,31763.8,34640.1,-1.0296,-0.8849,149.5,96.9,0.526
20.78,31844.2,34501.0,-0.6803,-1.2274,149.5,96.9,0.526
20.8,31650.8,34456.9,-1.5205,-1.3361,149.5,96.9,0.526
20.82,31780.3,34452.3,-0.9579,-1.3475,149.5,96.9,0.526
20.84,31893.0,34630.4,-0.4681,-0.9088,149.5,96.9,0.526
20.86,32009.7,35081.5,0.0391,0.2016,149.5,96.9,0.526
20.88,32264.9,35423.0,1.1483,1.0425,149.5,96.9,0.526
20.9,32237.8,35647.6,1.0305,1.5953,149.5,96.9,0.526
20.92,32336.7,35741.6,1.4605,1.8269,149.5,96.9,0.526
20.94,32361.5,35576.7,1.568,1.4209,149.5,96.9,0.526
20.96,32195.5,35387.9,0.8468,0.9562,149.5,96.9,0.526
20.98,32156.0,35224.1,0.6752,0.5528,149.5,96.9,0.526
21.0,32140.6,35119.0,0.6081,0.294,149.5,96.9,0.526
21.02,32041.9,35050.4,0.1791,0.1251,149.5,96.9,0.526
21.04,32075.6,35026.9,0.3254,0.0673,149.5,96.9,0.526
21.06,31883.6,34957.8,-0.5091,-0.1028,149.5,96.9,0.526
21.08,31940.1,34857.8,-0.2635,-0.3492,149.5,96.9,0.526
21.1,31873.4,34641.4,-0.5534,-0.8818,149.5,96.9,0.526
21.12,31854.9,34688.5,-0.6337,-0.766,149.5,96.9,0.526
21.14,31897.7,34625.2,-0.4477,-0.9218,149.5,96.9,0.526
21.16,31768.9,34611.2,-1.0076,-0.9563,149.5,96.9,0.526
21.18,31863.8,34509.6,-0.5948,-1.2064,149.5,96.9,0.526
21.2,31703.8,34386.4,-1.2903,-1.5097,149.5,96.9,0.526
21.22,31794.4,34528.5,-0.8967,-1.1598,149.5,96.9,0.526
21.24,31943.8,34651.0,-0.2472,-0.8583,149.5,96.9,0.526
21.26,32014.2,35042.7,0.0587,0.1062,149.5,96.9,0.526
21.28,32273.1,35387.5,1.184,0.955,149.5,96.9,0.526
21.3,32401.7,35668.7,1.7427,1.6474,149.5,96.9,0.526
21.32,32364.9,35840.7,1.5831,2.0708,149.5,96.9,0.526
21.34,32307.8,35615.5,1.3346,1.5163,149.5,96.9,0.526
21.36,32225.2,35446.6,0.9756,1.1006,149.5,96.9,0.526
21.38,32213.1,35273.6,0.9231,0.6747,149.5,96.9,0.526
21.4,32016.9,35157.6,0.0704,0.3892,149.5,96.9,0.526
21.42,32104.9,35076.3,0.4528,0.1888,149.5,96.9,0.526
21.44,31902.3,35053.4,-0.4277,0.1324,149.5,96.9,0.526
21.46,31950.2,34939.0,-0.2194,-0.1491,149.5,96.9,0.526
21.48,31898.1,34798.8,-0.4457,-0.4943,149.5,96.9,0.526
21.5,31863.7,34725.1,-0.5952,-0.6758,149.5,96.9,0.526
21.52,31832.0,34624.5,-0.7331,-0.9236,149.5,96.9,0.526
21.54,31810.1,34643.9,-0.8282,-0.8757,149.5,96.9,0.526
21.56,31827.2,34677.5,-0.754,-0.793,149.5,96.9,0.526
21.58,31798.4,34529.5,-0.8792,-1.1573,149.5,96.9,0.526
21.6,31801.7,34557.5,-0.8648,-1.0884,149.5,96.9,0.526
21.62,31786.2,34429.5,-0.9322,-1.4035,149.5,96.9,0.526
21.64,31801.6,34738.6,-0.8652,-0.6425,149.5,96.9,0.526
21.66,32038.8,34981.1,0.1658,-0.0454,149.5,96.9,0.526
21.68,32233.0,35411.4,1.0098,1.014,149.5,96.9,0.526
21.7,32309.3,35671.5,1.3413,1.6543,149.5,96.9,0.526
21.72,32368.9,35777.5,1.6004,1.9153,149.5,96.9,0.526
21.74,32319.8,35662.0,1.3869,1.6309,149.5,96.9,0.526
21.76,32251.5,35438.6,1.0903,1.0809,149.5,96.9,0.526
21.78,32109.4,35316.2,0.4724,0.7796,149.5,96.9,0.526
21.8,32069.0,35094.5,0.2969,0.2337,149.5,96.9,0.526
21.82,32025.2,35115.0,0.1063,0.2841,149.5,96.9,0.526
21.84,31989.4,35020.1,-0.049,0.0506,149.5,96.9,0.526
21.86,31952.5,34938.9,-0.2092,-0.1494,149.5,96.9,0.526
21.88,31915.1,34900.9,-0.372,-0.243,149.5,96.9,0.526
21.9,31874.4,34660.1,-0.5487,-0.8358,149.5,96.9,0.526
21.92,31829.1,34698.6,-0.7456,-0.7411,149.5,96.9,0.526
21.94,31711.2,34786.1,-1.258,-0.5256,149.5,96.9,0.526
21.96,31790.6,34555.4,-0.9132,-1.0937,149.5,96.9,0.526
21.98,31779.8,34455.3,-0.96,-1.3399,149.5,96.9,0.526
22.0,31617.2,34399.7,-1.6669,-1.4769,149.5,96.9,0.526
22.02,31724.3,34536.3,-1.2013,-1.1407,149.5,96.9,0.526
22.04,31796.1,34705.6,-0.8893,-0.7238,149.5,96.9,0.526
22.06,31988.5,34894.2,-0.0532,-0.2595,149.5,96.9,0.526
22.08,32130.2,35347.7,0.5628,0.8571,149.5,96.9,0.526
22.1,32260.9,35755.1,1.1307,1.86,149.5,96.9,0.526
22.12,32298.0,35660.4,1.292,1.627,149.5,96.9,0.526
22.14,32338.0,35696.4,1.4662,1.7156,149.5,96.9,0.526
22.16,32187.8,35373.7,0.8131,0.921,149.5,96.9,0.526
22.18,32185.2,35238.0,0.8017,0.5869,149.5,96.9,0.526
22.2,32056.5,35038.0,0.2427,0.0946,149.5,96.9,0.526
22.22,32050.6,35124.7,0.2169,0.3081,149.5,96.9,0.526
22.24,32031.0,35074.3,0.1316,0.1839,149.5,96.9,0.526
22.26,31974.9,34883.9,-0.112,-0.2848,149.5,96.9,0.526
22.28,31898.9,34847.2,-0.4424,-0.3753,149.5,96.9,0.526
22.3,31839.5,34709.9,-0.7006,-0.7132,149.5,96.9,0.526
22.32,31766.8,34663.8,-1.0165,-0.8268,149.5,96.9,0.526
22.34,31817.8,34709.6,-0.7949,-0.714,149.5,96.9,0.526
22.36,31782.9,34621.1,-0.9465,-0.9318,149.5,96.9,0.526
22.38,31736.5,34515.2,-1.1481,-1.1925,149.5,96.9,0.526
22.4,31732.4,34488.1,-1.1659,-1.2592,149.5,96.9,0.526
22.42,31719.9,34573.8,-1.2201,-1.0483,149.5,96.9,0.526
22.44,31793.0,34565.6,-0.9027,-1.0686,149.5,96.9,0.526
22.46,31952.1,35005.0,-0.2114,0.0133,149.5,96.9,0.526
22.48,32027.6,35275.4,0.117,0.679,149.5,96.9,0.526
22.5,32393.8,35689.1,1.7085,1.6977,149.5,96.9,0.526
22.52,32343.6,35801.1,1.4904,1.9734,149.5,96.9,0.526
22.54,32353.1,35658.5,1.5315,1.6222,149.5,96.9,0.526
22.56,32239.9,35443.2,1.0398,1.0923,149.5,96.9,0.526
22.58,32132.8,35262.7,0.5743,0.6478,149.5,96.9,0.526
22.6,32115.7,35108.3,0.4998,0.2678,149.5,96.9,0.526
22.62,32035.2,35074.7,0.15,0.1848,149.5,96.9,0.526
22.64,32091.1,35046.2,0.3931,0.1148,149.5,96.9,0.526
22.66,31942.7,34905.9,-0.2521,-0.2307,149.5,96.9,0.526
22.68,31914.8,34789.7,-0.3732,-0.5166,149.5,96.9,0.526
22.7,31853.1,34733.5,-0.6415,-0.6551,149.5,96.9,0.526
22.72,31799.7,34682.2,-0.8736,-0.7814,149.5,96.9,0.526
22.74,31786.1,34708.3,-0.9327,-0.717,149.5,96.9,0.526
22.76,31844.6,34515.4,-0.6783,-1.192,149.5,96.9,0.526
22.78,31881.5,34561.3,-0.5181,-1.079,149.5,96.9,0.526
22.8,31747.4,34462.3,-1.1009,-1.3228,149.5,96.9,0.526
22.82,31743.1,34575.2,-1.1197,-1.0447,149.5,96.9,0.526
22.84,31934.3,34714.6,-0.2885,-0.7017,149.5,96.9,0.526
22.86,31947.5,34896.1,-0.2311,-0.2548,149.5,96.9,0.526
22.88,32084.8,35366.0,0.3654,0.9022,149.5,96.9,0.526
22.9,32448.1,35716.6,1.9444,1.7654,149.5,96.9,0.526
22.92,32346.0,35787.7,1.5006,1.9405,149.5,96.9,0.526
22.94,32331.3,35647.4,1.4368,1.5949,149.5,96.9,0.526
22.96,32286.9,35500.0,1.2439,1.2321,149.5,96.9,0.526
22.98,32125.0,35244.6,0.5402,0.6033,149.5,96.9,0.526
23.0,32163.5,35157.9,0.7077,0.3898,149.5,96.9,0.526
23.02,32058.1,35119.3,0.2497,0.2948,149.5,96.9,0.526
23.04,32001.5,35029.4,0.0037,0.0734,149.5,96.9,0.526
23.06,31972.3,34952.1,-0.1234,-0.1169,149.5,96.9,0.526
23.08,31911.1,34881.4,-0.3895,-0.2911,149.5,96.9,0.526
23.1,31928.7,34758.3,-0.313,-0.594,149.5,96.9,0.526
23.12,31887.5,34693.3,-0.4921,-0.754,149.5,96.9,0.526
23.14,31861.8,34741.9,-0.6037,-0.6344,149.5,96.9,0.526
23.16,31828.2,34657.7,-0.7497,-0.8418,149.5,96.9,0.526
23.18,31759.9,34507.4,-1.0467,-1.2117,149.5,96.9,0.526
23.2,31721.8,34505.3,-1.212,-1.217,149.5,96.9,0.526
23.22,31709.5,34449.3,-1.2654,-1.3549,149.5,96.9,0.526
23.24,31767.5,34603.2,-1.0135,-0.9759,149.5,96.9,0.526
23.26,32005.1,34882.1,0.0192,-0.2892,149.5,96.9,0.526
23.28,32161.1,35249.8,0.6973,0.6161,149.5,96.9,0.526
23.3,32306.0,35642.5,1.3271,1.583,149.5,96.9,0.526
23.32,32289.5,35718.8,1.2552,1.7707,149.5,96.9,0.526
23.34,32435.6,35622.1,1.89,1.5327,149.5,96.9,0.526
23.36,32222.8,35543.5,0.9655,1.3392,149.5,96.9,0.526
23.38,32029.5,35319.3,0.1253,0.7871,149.5,96.9,0.526
23.4,32102.9,35145.1,0.4443,0.3583,149.5,96.9,0.526
23.42,31984.0,35044.1,-0.0726,0.1097,149.5,96.9,0.526
23.44,32006.7,34994.2,0.0263,-0.0132,149.5,96.9,0.526
23.46,32009.9,35009.1,0.0401,0.0234,149.5,96.9,0.526
23.48,31907.5,34862.7,-0.405,-0.3369,149.5,96.9,0.526
23.5,31962.3,34695.4,-0.1667,-0.7489,149.5,96.9,0.526
23.52,31854.1,34686.7,-0.6371,-0.7702,149.5,96.9,0.526
23.54,31805.8,34694.4,-0.847,-0.7513,149.5,96.9,0.526
23.56,31773.5,34669.6,-0.9875,-0.8124,149.5,96.9,0.526
23.58,31816.5,34612.5,-0.8004,-0.9531,149.5,96.9,0.526
23.6,31761.8,34456.6,-1.0381,-1.3369,149.5,96.9,0.526
23.62,31688.9,34561.8,-1.355,-1.0779,149.5,96.9,0.526
23.64,31740.1,34475.2,-1.1324,-1.291,149.5,96.9,0.526
23.66,31921.7,34898.4,-0.3433,-0.249,149.5,96.9,0.526
23.68,32089.8,35218.6,0.3872,0.5392,149.5,96.9,0.526
23.7,32289.0,35653.5,1.2532,1.61,149.5,96.9,0.526
23.72,32332.6,35761.5,1.4425,1.8759,149.5,96.9,0.526
23.74,32419.7,35661.0,1.8209,1.6284,149.5,96.9,0.526
23.76,32251.9,35524.0,1.0916,1.2912,149.5,96.9,0.526
23.78,32077.4,35338.6,0.3335,0.8347,149.5,96.9,0.526
23.8,32077.8,35252.2,0.335,0.622,149.5,96.9,0.526
23.82,32079.2,35129.7,0.3411,0.3203,149.5,96.9,0.526
23.84,32062.7,35064.5,0.2697,0.1599,149.5,96.9,0.526
23.86,31923.6,34913.6,-0.3349,-0.2118,149.5,96.9,0.526
23.88,31962.7,34869.5,-0.165,-0.3203,149.5,96.9,0.526
23.9,31898.1,34743.8,-0.4459,-0.6297,149.5,96.9,0.526
23.92,31895.3,34695.0,-0.4582,-0.75,149.5,96.9,0.526
23.94,31789.2,34679.8,-0.9193,-0.7873,149.5,96.9,0.526
23.96,31790.9,34685.7,-0.9119,-0.7728,149.5,96.9,0.526
23.98,31773.3,34571.3,-0.9881,-1.0544,149.5,96.9,0.526
24.0,31751.9,34519.6,-1.0813,-1.1816,149.5,96.9,0.526
24.02,31752.8,34472.3,-1.0775,-1.2981,149.5,96.9,0.526
24.04,31793.7,34633.8,-0.8995,-0.9005,149.5,96.9,0.526
24.06,31915.1,34810.3,-0.372,-0.4659,149.5,96.9,0.526
24.08,32160.3,35251.1,0.6937,0.6192,149.5,96.9,0.526
24.1,32250.3,35620.8,1.0846,1.5294,149.5,96.9,0.526
24.12,32324.3,35789.3,1.4063,1.9442,149.5,96.9,0.526
24.14,32362.5,35692.7,1.5726,1.7065,149.5,96.9,0.526
24.16,32246.4,35498.9,1.0679,1.2292,149.5,96.9,0.526
24.18,32242.6,35344.1,1.0515,0.8482,149.5,96.9,0.526
24.2,32047.4,35252.3,0.2031,0.6222,149.5,96.9,0.526
24.22,32034.5,35131.1,0.1469,0.3238,149.5,96.9,0.526
24.24,31983.6,35036.1,-0.0741,0.0899,149.5,96.9,0.526
24.26,31969.5,34959.2,-0.1357,-0.0993,149.5,96.9,0.526
24.28,31915.0,34867.0,-0.3725,-0.3264,149.5,96.9,0.526
24.3,31871.3,34731.0,-0.5623,-0.6612,149.5,96.9,0.526
24.32,31870.7,34782.4,-0.5651,-0.5348,149.5,96.9,0.526
24.34,31813.3,34653.3,-0.8143,-0.8526,149.5,96.9,0.526
24.36,31810.2,34608.3,-0.8277,-0.9634,149.5,96.9,0.526
24.38,31804.8,34580.5,-0.8512,-1.0318,149.5,96.9,0.526
24.4,31794.9,34409.5,-0.8946,-1.4528,149.5,96.9,0.526
24.42,31819.2,34405.8,-0.7888,-1.4619,149.5,96.9,0.526
24.44,31777.1,34557.1,-0.9718,-1.0893,149.5,96.9,0.526
24.46,31924.8,34780.6,-0.3297,-0.5391,149.5,96.9,0.526
24.48,32155.5,35244.4,0.6728,0.6027,149.5,96.9,0.526
24.5,32213.7,35528.7,0.9259,1.3028,149.5,96.9,0.526
24.52,32346.2,35686.4,1.5017,1.691,149.5,96.9,0.526
24.54,32379.6,35743.9,1.6466,1.8325,149.5,96.9,0.526
24.56,32292.8,35546.7,1.2696,1.3471,149.5,96.9,0.526
24.58,32201.1,35338.3,0.8711,0.8339,149.5,96.9,0.526
24.6,32099.9,35220.2,0.4312,0.5432,149.5,96.9,0.526
24.62,32095.9,35057.3,0.4137,0.1421,149.5,96.9,0.526
24.64,32047.8,35117.3,0.2047,0.2898,149.5,96.9,0.526
24.66,31941.4,34933.8,-0.2575,-0.1618,149.5,96.9,0.526
24.68,31970.5,34860.0,-0.1314,-0.3437,149.5,96.9,0.526
24.7,31839.6,34874.5,-0.6999,-0.3079,149.5,96.9,0.526
24.72,31837.8,34663.5,-0.7081,-0.8274,149.5,96.9,0.526
24.74,31875.4,34653.3,-0.5446,-0.8526,149.5,96.9,0.526
24.76,31881.4,34721.3,-0.5183,-0.6853,149.5,96.9,0.526
24.78,31803.9,34554.6,-0.8552,-1.0957,149.5,96.9,0.526
24.8,31713.8,34536.3,-1.2469,-1.1405,149.5,96.9,0.526
24.82,31822.9,34495.7,-0.7729,-1.2406,149.5,96.9,0.526
24.84,31713.4,34541.1,-1.2487,-1.1289,149.5,96.9,0.526
24.86,31798.2,34871.8,-0.8798,-0.3145,149.5,96.9,0.526
24.88,32035.9,35154.2,0.1531,0.3806,149.5,96.9,0.526
24.9,32267.2,35611.3,1.1581,1.5062,149.5,96.9,0.526
24.92,32354.3,35715.8,1.537,1.7633,149.5,96.9,0.526
24.94,32372.1,35601.7,1.6141,1.4824,149.5,96.9,0.526
24.96,32305.9,35596.0,1.3264,1.4685,149.5,96.9,0.526
24.98,32099.3,35309.8,0.4287,0.7637,149.5,96.9,0.526
25.0,32074.6,35289.0,0.3214,0.7126,149.5,96.9,0.526
25.02,32148.8,35073.9,0.6435,0.183,149.5,96.9,0.526
25.04,31997.1,35151.3,-0.0158,0.3735,149.5,96.9,0.526
25.06,31894.4,34999.1,-0.4619,-0.0013,149.5,96.9,0.526
25.08,31881.9,34867.0,-0.5165,-0.3264,149.5,96.9,0.526
25.1,31983.3,34680.8,-0.0756,-0.7848,149.5,96.9,0.526
25.12,31908.6,34629.8,-0.4001,-0.9104,149.5,96.9,0.526
25.14,31829.3,34679.6,-0.7447,-0.7878,149.5,96.9,0.526
25.16,31872.1,34681.9,-0.5589,-0.7822,149.5,96.9,0.526
25.18,31784.3,34600.8,-0.9403,-0.9818,149.5,96.9,0.526
25.2,31785.2,34561.8,-0.9367,-1.0778,149.5,96.9,0.526
25.22,31737.1,34436.6,-1.1456,-1.3862,149.5,96.9,0.526
25.24,31730.9,34480.5,-1.1725,-1.2781,149.5,96.9,0.526
25.26,31917.8,34785.5,-0.3605,-0.527,149.5,96.9,0.526
25.28,32073.2,35177.8,0.3153,0.4387,149.5,96.9,0.526
25.3,32341.2,35565.6,1.48,1.3936,149.5,96.9,0.526
25.32,32330.2,35759.5,1.4323,1.8709,149.5,96.9,0.526
25.34,32366.8,35726.5,1.591,1.7897,149.5,96.9,0.526
25.36,32356.9,35682.7,1.5482,1.682,149.5,96.9,0.526
25.38,32150.0,35353.8,0.649,0.872,149.5,96.9,0.526
25.4,32170.0,35267.7,0.736,0.6601,149.5,96.9,0.526
25.42,32058.7,35135.1,0.2521,0.3338,149.5,96.9,0.526
25.44,32033.5,35015.0,0.1424,0.038,149.5,96.9,0.526
25.46,31954.2,35050.7,-0.2022,0.1258,149.5,96.9,0.526
25.48,31941.3,34926.3,-0.2581,-0.1805,149.5,96.9,0.526
25.5,31866.8,34700.8,-0.5819,-0.7357,149.5,96.9,0.526
25.52,31877.1,34621.4,-0.5371,-0.931,149.5,96.9,0.526
25.54,31917.2,34655.9,-0.3631,-0.846,149.5,96.9,0.526
25.56,31792.8,34680.9,-0.9034,-0.7846,149.5,96.9,0.526
25.58,31802.4,34675.1,-0.8617,-0.7989,149.5,96.9,0.526
25.6,31754.2,34541.7,-1.0713,-1.1273,149.5,96.9,0.526
25.62,31717.0,34463.6,-1.2328,-1.3195,149.5,96.9,0.526
25.64,31758.6,34591.4,-1.0522,-1.0049,149.5,96.9,0.526
25.66,31953.4,34710.8,-0.2056,-0.7109,149.5,96.9,0.526
25.68,32033.3,35163.5,0.1417,0.4035,149.5,96.9,0.526
25.7,32225.9,35572.1,0.9788,1.4095,149.5,96.9,0.526
25.72,32434.2,35799.4,1.8842,1.9692,149.5,96.9,0.526
25.74,32333.1,35668.3,1.4446,1.6464,149.5,96.9,0.526
25.76,32292.2,35630.6,1.2669,1.5536,149.5,96.9,0.526
25.78,32183.2,35399.5,0.7933,0.9846,149.5,96.9,0.526
25.8,32170.9,35262.9,0.74,0.6482,149.5,96.9,0.526
25.82,32096.5,35158.8,0.4164,0.3921,149.5,96.9,0.526
25.84,32120.0,35055.6,0.5185,0.138,149.5,96.9,0.526
25.86,31962.3,34958.3,-0.1671,-0.1017,149.5,96.9,0.526
25.88,31930.3,34918.1,-0.3059,-0.2005,149.5,96.9,0.526
25.9,31885.0,34761.7,-0.5026,-0.5857,149.5,96.9,0.526
25.92,31932.5,34729.0,-0.2963,-0.6661,149.5,96.9,0.526
25.94,31879.3,34702.6,-0.5276,-0.7312,149.5,96.9,0.526
25.96,31817.0,34689.4,-0.7985,-0.7637,149.5,96.9,0.526
25.98,31887.4,34577.9,-0.4923,-1.0382,149.5,96.9,0.526
26.0,31714.5,34529.8,-1.2438,-1.1567,149.5,96.9,0.526
26.02,31774.8,34539.7,-0.9818,-1.1322,149.5,96.9,0.526
26.04,31760.8,34502.8,-1.0425,-1.223,149.5,96.9,0.526
26.06,31774.9,34675.1,-0.9814,-0.7988,149.5,96.9,0.526
26.08,32150.2,35114.1,0.6498,0.2819,149.5,96.9,0.526
26.1,32300.5,35559.3,1.3028,1.3782,149.5,96.9,0.526
26.12,32344.4,35731.6,1.4937,1.8024,149.5,96.9,0.526
26.14,32356.5,35782.2,1.5465,1.9268,149.5,96.9,0.526
26.16,32238.9,35558.2,1.0351,1.3754,149.5,96.9,0.526
26.18,32178.7,35311.9,0.7737,0.7688,149.5,96.9,0.526
26.2,32055.5,35215.0,0.2381,0.5303,149.5,96.9,0.526
26.22,32014.7,35090.2,0.0607,0.2231,149.5,96.9,0.526
26.24,31988.7,35103.4,-0.052,0.2555,149.5,96.9,0.526
26.26,31930.2,35054.7,-0.3063,0.1358,149.5,96.9,0.526
26.28,31907.3,34960.5,-0.4058,-0.0961,149.5,96.9,0.526
26.3,31934.0,34812.1,-0.2898,-0.4616,149.5,96.9,0.526
26.32,31829.6,34769.0,-0.7437,-0.5676,149.5,96.9,0.526
26.34,31876.3,34686.7,-0.5404,-0.7702,149.5,96.9,0.526
26.36,31897.8,34766.5,-0.4473,-0.5737,149.5,96.9,0.526
26.38,31736.4,34568.1,-1.1486,-1.0622,149.5,96.9,0.526
26.4,31775.8,34528.6,-0.9772,-1.1597,149.5,96.9,0.526
26.42,31670.4,34451.5,-1.4353,-1.3493,149.5,96.9,0.526
26.44,31760.1,34505.8,-1.0455,-1.2158,149.5,96.9,0.526
26.46,31871.8,34667.7,-0.5602,-0.8172,149.5,96.9,0.526
26.48,32155.6,35092.1,0.6735,0.2278,149.5,96.9,0.526
26.5,32243.8,35484.0,1.0566,1.1926,149.5,96.9,0.526
26.52,32355.4,35612.6,1.5414,1.5093,149.5,96.9,0.526
26.54,32367.8,35818.4,1.5957,2.0159,149.5,96.9,0.526
26.56,32249.7,35652.9,1.0821,1.6085,149.5,96.9,0.526
26.58,32261.0,35450.3,1.1316,1.1097,149.5,96.9,0.526
26.6,32019.8,35088.3,0.0831,0.2184,149.5,96.9,0.526
26.62,32026.1,35069.8,0.1106,0.1729,149.5,96.9,0.526
26.64,32018.3,35029.9,0.0767,0.0747,149.5,96.9,0.526
26.66,31986.0,35020.6,-0.0639,0.0516,149.5,96.9,0.526
26.68,31987.7,34915.2,-0.0565,-0.2078,149.5,96.9,0.526
26.7,31947.3,34808.0,-0.232,-0.4716,149.5,96.9,0.526
26.72,31871.6,34766.0,-0.5608,-0.5751,149.5,96.9,0.526
26.74,31893.5,34684.6,-0.4658,-0.7756,149.5,96.9,0.526
26.76,31830.4,34598.8,-0.7402,-0.9867,149.5,96.9,0.526
26.78,31832.1,34616.7,-0.7326,-0.9426,149.5,96.9,0.526
26.8,31731.8,34528.3,-1.1687,-1.1604,149.5,96.9,0.526
26.82,31766.0,34471.7,-1.0198,-1.2997,149.5,96.9,0.526
26.84,31724.0,34479.2,-1.2024,-1.2813,149.5,96.9,0.526
26.86,31853.4,34739.5,-0.6401,-0.6404,149.5,96.9,0.526
26.88,32048.2,35132.0,0.2063,0.3259,149.5,96.9,0.526
26.9,32211.0,35496.1,0.9138,1.2225,149.5,96.9,0.526
26.92,32249.7,35707.8,1.0822,1.7438,149.5,96.9,0.526
26.94,32290.5,35765.9,1.2597,1.8867,149.5,96.9,0.526
26.96,32358.5,35587.0,1.5552,1.4464,149.5,96.9,0.526
26.98,32187.9,35347.3,0.8138,0.8561,149.5,96.9,0.526
27.0,32082.3,35202.2,0.3547,0.4987,149.5,96.9,0.526
27.02,32069.3,35137.7,0.298,0.3402,149.5,96.9,0.526
27.04,32017.5,35055.8,0.0731,0.1385,149.5,96.9,0.526
27.06,32104.7,35032.1,0.4521,0.0801,149.5,96.9,0.526
27.08,31924.4,34963.9,-0.3317,-0.088,149.5,96.9,0.526
27.1,31855.9,34790.3,-0.6291,-0.5152,149.5,96.9,0.526
27.12,31862.0,34636.1,-0.6028,-0.8948,149.5,96.9,0.526
27.14,31875.0,34717.8,-0.5462,-0.6937,149.5,96.9,0.526
27.16,31878.1,34630.3,-0.5327,-0.9091,149.5,96.9,0.526
27.18,31898.8,34727.1,-0.4428,-0.6709,149.5,96.9,0.526
27.2,31674.1,34568.6,-1.4195,-1.0611,149.5,96.9,0.526
27.22,31705.6,34438.5,-1.2825,-1.3815,149.5,96.9,0.526
27.24,31764.4,34459.9,-1.0269,-1.3287,149.5,96.9,0.526
27.26,31861.9,34658.2,-0.6031,-0.8406,149.5,96.9,0.526
27.28,32014.0,35064.7,0.0579,0.1604,149.5,96.9,0.526
27.3,32239.3,35399.9,1.0369,0.9856,149.5,96.9,0.526
27.32,32348.2,35762.9,1.5101,1.8792,149.5,96.9,0.526
27.34,32405.3,35748.2,1.7585,1.8431,149.5,96.9,0.526
27.36,32355.3,35670.0,1.5413,1.6507,149.5,96.9,0.526
27.38,32169.0,35380.5,0.7314,0.9378,149.5,96.9,0.526
27.4,32168.0,35255.8,0.7273,0.6309,149.5,96.9,0.526
27.42,32124.5,35208.9,0.5381,0.5154,149.5,96.9,0.526
27.44,32076.9,35104.7,0.3311,0.2587,149.5,96.9,0.526
27.46,32064.6,35052.9,0.2777,0.1314,149.5,96.9,0.526
27.48,31979.3,34899.9,-0.0929,-0.2454,149.5,96.9,0.526
27.5,31873.3,34750.8,-0.5535,-0.6126,149.5,96.9,0.526
27.52,31861.8,34740.5,-0.6037,-0.6379,149.5,96.9,0.526
27.54,32007.7,34783.9,0.0306,-0.531,149.5,96.9,0.526
27.56,31861.9,34696.2,-0.6034,-0.7468,149.5,96.9,0.526
27.58,31839.5,34594.1,-0.7006,-0.9983,149.5,96.9,0.526
27.6,31712.2,34553.4,-1.2538,-1.0986,149.5,96.9,0.526
27.62,31680.8,34489.2,-1.3902,-1.2566,149.5,96.9,0.526
27.64,31729.7,34544.1,-1.1778,-1.1214,149.5,96.9,0.526
27.66,31920.6,34723.9,-0.3481,-0.6788,149.5,96.9,0.526
27.68,32037.2,34981.5,0.1585,-0.0444,149.5,96.9,0.526
27.7,32242.1,35416.4,1.0492,1.0263,149.5,96.9,0.526
27.72,32257.5,35771.5,1.1161,1.9004,149.5,96.9,0.526
27.74,32361.2,35772.2,1.5667,1.9022,149.5,96.9,0.526
27.76,32333.2,35636.6,1.445,1.5683,149.5,96.9,0.526
27.78,32100.0,35349.9,0.4318,0.8624,149.5,96.9,0.526
27.8,32153.3,35214.3,0.6634,0.5287,149.5,96.9,0.526
27.82,32087.6,35189.9,0.3778,0.4687,149.5,96.9,0.526
27.84,31909.3,35154.7,-0.397,0.382,149.5,96.9,0.526
27.86,32020.6,34964.2,0.0866,-0.0871,149.5,96.9,0.526
27.88,31943.0,34948.3,-0.2506,-0.1262,149.5,96.9,0.526
27.9,31902.9,34845.3,-0.425,-0.3797,149.5,96.9,0.526
27.92,31821.4,34730.0,-0.7794,-0.6637,149.5,96.9,0.526
27.94,31768.1,34750.6,-1.0108,-0.6129,149.5,96.9,0.526
27.96,31869.0,34644.5,-0.5723,-0.8743,149.5,96.9,0.526
27.98,31946.1,34606.5,-0.2372,-0.9677,149.5,96.9,0.526
28.0,31812.7,34617.7,-0.817,-0.9403,149.5,96.9,0.526
28.02,31823.7,34425.4,-0.7691,-1.4136,149.5,96.9,0.526
28.04,31701.1,34504.6,-1.3019,-1.2186,149.5,96.9,0.526
28.06,31814.5,34630.7,-0.8094,-0.9082,149.5,96.9,0.526
28.08,32051.7,34966.8,0.2216,-0.0807,149.5,96.9,0.526
28.1,32239.8,35325.1,1.0394,0.8015,149.5,96.9,0.526
28.12,32295.1,35661.0,1.2797,1.6285,149.5,96.9,0.526
28.14,32332.0,35831.1,1.4399,2.0472,149.5,96.9,0.526
28.16,32337.9,35643.3,1.4655,1.5848,149.5,96.9,0.526
28.18,32289.9,35437.2,1.2567,1.0774,149.5,96.9,0.526
28.2,32089.1,35252.7,0.3842,0.6233,149.5,96.9,0.526
28.22,32054.5,35065.6,0.234,0.1626,149.5,96.9,0.526
28.24,32019.2,35014.8,0.0806,0.0374,149.5,96.9,0.526
28.26,32016.3,35033.0,0.068,0.0823,149.5,96.9,0.526
28.28,31991.3,34975.9,-0.0406,-0.0583,149.5,96.9,0.526
28.3,31874.3,34799.3,-0.5494,-0.493,149.5,96.9,0.526
28.32,31970.3,34792.0,-0.1322,-0.511,149.5,96.9,0.526
28.34,31934.9,34658.6,-0.2857,-0.8395,149.5,96.9,0.526
28.36,31779.4,34685.1,-0.9616,-0.7742,149.5,96.9,0.526
28.38,31894.6,34638.9,-0.461,-0.8881,149.5,96.9,0.526
28.4,31772.3,34521.2,-0.9928,-1.1777,149.5,96.9,0.526
28.42,31808.4,34411.1,-0.8358,-1.449,149.5,96.9,0.526
28.44,31800.3,34430.4,-0.8708,-1.4012,149.5,96.9,0.526
28.46,31971.9,34696.4,-0.1253,-0.7464,149.5,96.9,0.526
28.48,31961.1,34985.8,-0.1719,-0.0339,149.5,96.9,0.526
28.5,32150.1,35434.2,0.6496,1.07,149.5,96.9,0.526
28.52,32392.2,35639.4,1.7016,1.5751,149.5,96.9,0.526
28.54,32356.1,35757.7,1.5445,1.8665,149.5,96.9,0.526
28.56,32337.5,35714.0,1.4637,1.7589,149.5,96.9,0.526
28.58,32245.2,35514.3,1.0625,1.2672,149.5,96.9,0.526
28.6,32190.7,35306.7,0.8258,0.7562,149.5,96.9,0.526
28.62,32048.7,35135.2,0.2087,0.3339,149.5,96.9,0.526
28.64,32011.7,35048.4,0.0477,0.1202,149.5,96.9,0.526
28.66,31979.8,35006.8,-0.0908,0.0177,149.5,96.9,0.526
28.68,32013.5,34898.4,0.0555,-0.249,149.5,96.9,0.526
28.7,31932.6,34763.7,-0.296,-0.5808,149.5,96.9,0.526
28.72,31821.5,34689.6,-0.7788,-0.7631,149.5,96.9,0.526
28.74,31734.3,34674.5,-1.1578,-0.8005,149.5,96.9,0.526
28.76,31892.5,34641.4,-0.4702,-0.8819,149.5,96.9,0.526
28.78,31811.8,34666.5,-0.8211,-0.8199,149.5,96.9,0.526
28.8,31772.3,34575.1,-0.9927,-1.0451,149.5,96.9,0.526
28.82,31758.8,34488.5,-1.0515,-1.2583,149.5,96.9,0.526
28.84,31700.1,34463.5,-1.3062,-1.3197,149.5,96.9,0.526
28.86,31843.8,34643.7,-0.6818,-0.8763,149.5,96.9,0.526
28.88,31949.8,34925.0,-0.221,-0.1837,149.5,96.9,0.526
28.9,32120.3,35354.7,0.5197,0.8744,149.5,96.9,0.526
28.92,32312.2,35654.1,1.354,1.6115,149.5,96.9,0.526
28.94,32348.8,35822.6,1.5127,2.0262,149.5,96.9,0.526
28.96,32363.7,35683.3,1.5775,1.6834,149.5,96.9,0.526
28.98,32173.9,35394.2,0.7529,0.9714,149.5,96.9,0.526
29.0,32154.9,35300.4,0.67,0.7407,149.5,96.9,0.526
29.02,32025.5,35079.7,0.1077,0.1972,149.5,96.9,0.526
29.04,32070.6,35067.5,0.3039,0.1672,149.5,96.9,0.526
29.06,31992.8,35088.6,-0.0344,0.2193,149.5,96.9,0.526
29.08,32025.4,34959.2,0.1072,-0.0995,149.5,96.9,0.526
29.1,31889.2,34885.5,-0.4847,-0.281,149.5,96.9,0.526
29.12,31879.0,34808.3,-0.5287,-0.471,149.5,96.9,0.526
29.14,31787.1,34731.6,-0.9283,-0.6599,149.5,96.9,0.526
29.16,31827.8,34590.0,-0.7516,-1.0083,149.5,96.9,0.526
29.18,31828.0,34641.5,-0.7507,-0.8816,149.5,96.9,0.526
29.2,31769.4,34609.6,-1.0054,-0.9602,149.5,96.9,0.526
29.22,31726.1,34478.0,-1.1935,-1.2843,149.5,96.9,0.526
29.24,31685.8,34489.8,-1.3686,-1.2551,149.5,96.9,0.526
29.26,31737.3,34589.7,-1.1449,-1.009,149.5,96.9,0.526
29.28,31999.8,34880.3,-0.0037,-0.2937,149.5,96.9,0.526
29.3,32075.3,35218.8,0.3244,0.5398,149.5,96.9,0.526
29.32,32282.1,35641.2,1.2231,1.5797,149.5,96.9,0.526
29.34,32367.2,35649.1,1.593,1.5993,149.5,96.9,0.526
29.36,32372.3,35793.1,1.6152,1.9536,149.5,96.9,0.526
29.38,32257.6,35524.2,1.1165,1.2916,149.5,96.9,0.526
29.4,32151.5,35221.2,0.6557,0.5456,149.5,96.9,0.526
29.42,32115.3,35190.1,0.4981,0.469,149.5,96.9,0.526
29.44,31946.5,35113.4,-0.2357,0.2803,149.5,96.9,0.526
29.46,31996.7,34993.7,-0.0173,-0.0144,149.5,96.9,0.526
29.48,32013.4,35027.2,0.0554,0.0681,149.5,96.9,0.526
29.5,31895.9,34832.8,-0.4556,-0.4106,149.5,96.9,0.526
29.52,31902.1,34769.7,-0.4285,-0.5661,149.5,96.9,0.526
29.54,31884.3,34712.8,-0.5059,-0.706,149.5,96.9,0.526
29.56,31765.9,34643.6,-1.0205,-0.8763,149.5,96.9,0.526
29.58,31842.6,34653.5,-0.6871,-0.852,149.5,96.9,0.526
29.6,31771.1,34551.2,-0.998,-1.104,149.5,96.9,0.526
29.62,31678.7,34487.8,-1.3994,-1.2601,149.5,96.9,0.526
29.64,31779.2,34398.7,-0.9628,-1.4793,149.5,96.9,0.526
29.66,31719.9,34526.1,-1.2204,-1.1657,149.5,96.9,0.526
29.68,31929.9,34875.1,-0.3075,-0.3065,149.5,96.9,0.526
29.7,32182.4,35220.7,0.7897,0.5444,149.5,96.9,0.526
29.72,32335.0,35668.4,1.453,1.6468,149.5,96.9,0.526
29.74,32388.6,35781.0,1.6858,1.9238,149.5,96.9,0.526
29.76,32305.9,35695.7,1.3267,1.7138,149.5,96.9,0.526
29.78,32308.6,35512.2,1.338,1.262,149.5,96.9,0.526
29.8,32212.4,35328.6,0.9199,0.8102,149.5,96.9,0.526
29.82,32107.6,35170.6,0.4647,0.421,149.5,96.9,0.526
29.84,32033.9,35061.8,0.1442,0.1533,149.5,96.9,0.526
29.86,31934.6,35001.2,-0.2874,0.0039,149.5,96.9,0.526
29.88,32116.7,34925.6,0.504,-0.1822,149.5,96.9,0.526
29.9,31871.4,34869.2,-0.562,-0.3211,149.5,96.9,0.526
29.92,31897.1,34757.2,-0.4503,-0.5968,149.5,96.9,0.526
29.94,31762.7,34656.9,-1.0342,-0.8438,149.5,96.9,0.526
29.96,31828.4,34707.4,-0.7488,-0.7192,149.5,96.9,0.526
29.98,31789.3,34618.6,-0.9187,-0.938,149.5,96.9,0.526
30.0,31833.6,34606.1,-0.7263,-0.9687,149.5,96.9,0.526
30.02,31769.0,34561.5,-1.0069,-1.0786,149.5,96.9,0.526
30.04,31683.0,34452.1,-1.3805,-1.3479,149.5,96.9,0.526
30.06,31814.7,34614.9,-0.8085,-0.9471,149.5,96.9,0.526
30.08,31904.1,34921.3,-0.4196,-0.1927,149.5,96.9,0.526
30.1,32106.9,35290.0,0.4616,0.7151,149.5,96.9,0.526
30.12,32287.5,35621.1,1.2464,1.5303,149.5,96.9,0.526
30.14,32413.6,35868.4,1.7945,2.139,149.5,96.9,0.526
30.16,32391.0,35650.1,1.6965,1.6016,149.5,96.9,0.526
30.18,32237.5,35528.9,1.0291,1.3033,149.5,96.9,0.526
30.2,32093.9,35274.8,0.4053,0.6777,149.5,96.9,0.526
30.22,32067.6,35077.0,0.2909,0.1906,149.5,96.9,0.526
30.24,31992.2,35034.3,-0.0371,0.0855,149.5,96.9,0.526
30.26,32063.2,35078.6,0.2715,0.1945,149.5,96.9,0.526
30.28,31921.1,34989.0,-0.3458,-0.0261,149.5,96.9,0.526
30.3,31920.4,34921.8,-0.3491,-0.1915,149.5,96.9,0.526
30.32,31929.9,34747.7,-0.3078,-0.6202,149.5,96.9,0.526
30.34,31818.2,34681.4,-0.7931,-0.7834,149.5,96.9,0.526
30.36,31796.5,34691.2,-0.8873,-0.7592,149.5,96.9,0.526
30.38,31849.1,34613.7,-0.6586,-0.95,149.5,96.9,0.526
30.4,31825.7,34603.3,-0.7604,-0.9756,149.5,96.9,0.526
30.42,31776.4,34499.3,-0.9747,-1.2317,149.5,96.9,0.526
30.44,31778.2,34535.2,-0.9668,-1.1432,149.5,96.9,0.526
30.46,31783.6,34495.6,-0.9433,-1.2408,149.5,96.9,0.526
30.48,31963.8,34832.8,-0.1605,-0.4107,149.5,96.9,0.526
30.5,32055.1,35264.8,0.2366,0.6531,149.5,96.9,0.526
30.52,32265.6,35582.2,1.1513,1.4344,149.5,96.9,0.526
30.54,32358.7,35724.6,1.556,1.7851,149.5,96.9,0.526
30.56,32274.6,35744.4,1.1903,1.8337,149.5,96.9,0.526
30.58,32193.9,35489.6,0.8398,1.2063,149.5,96.9,0.526
30.6,32149.0,35340.8,0.6445,0.84,149.5,96.9,0.526
30.62,32221.2,35186.2,0.9584,0.4593,149.5,96.9,0.526
30.64,32055.8,35115.5,0.2396,0.2855,149.5,96.9,0.526
30.66,32069.9,35094.4,0.3007,0.2334,149.5,96.9,0.526
30.68,31968.2,35037.1,-0.1413,0.0925,149.5,96.9,0.526
30.7,31915.1,34812.3,-0.3718,-0.461,149.5,96.9,0.526
30.72,31804.9,34823.0,-0.8509,-0.4348,149.5,96.9,0.526
30.74,31854.6,34658.4,-0.6349,-0.84,149.5,96.9,0.526
30.76,31832.7,34749.3,-0.73,-0.6162,149.5,96.9,0.526
30.78,31757.7,34684.5,-1.0559,-0.7758,149.5,96.9,0.526
30.8,31838.8,34521.1,-0.7034,-1.1779,149.5,96.9,0.526
30.82,31661.5,34521.3,-1.4743,-1.1776,149.5,96.9,0.526
30.84,31673.6,34383.3,-1.4214,-1.5172,149.5,96.9,0.526
30.86,31852.9,34616.1,-0.6422,-0.9441,149.5,96.9,0.526
30.88,31917.7,34849.0,-0.3607,-0.3706,149.5,96.9,0.526
30.9,32104.4,35182.3,0.4508,0.45,149.5,96.9,0.526
30.92,32309.5,35531.6,1.342,1.3098,149.5,96.9,0.526
30.94,32366.6,35785.7,1.5903,1.9354,149.5,96.9,0.526
30.96,32381.1,35710.7,1.6535,1.7507,149.5,96.9,0.526
30.98,32221.6,35501.0,0.9601,1.2346,149.5,96.9,0.526
31.0,32177.6,35330.4,0.7689,0.8146,149.5,96.9,0.526
31.02,32094.8,35168.4,0.4091,0.4156,149.5,96.9,0.526
31.04,32013.4,35111.6,0.0554,0.2758,149.5,96.9,0.526
31.06,32080.4,35053.6,0.3464,0.1331,149.5,96.9,0.526
31.08,32027.0,35051.9,0.1146,0.1289,149.5,96.9,0.526
31.1,31847.8,34815.4,-0.6646,-0.4535,149.5,96.9,0.526
31.12,31859.5,34845.7,-0.6138,-0.379,149.5,96.9,0.526
31.14,31860.8,34739.6,-0.6079,-0.6401,149.5,96.9,0.526
31.16,31772.5,34665.0,-0.9918,-0.8236,149.5,96.9,0.526
31.18,31813.8,34657.0,-0.8121,-0.8434,149.5,96.9,0.526
31.2,31840.8,34561.3,-0.6949,-1.0791,149.5,96.9,0.526
31.22,31692.4,34470.8,-1.3399,-1.3018,149.5,96.9,0.526
31.24,31727.5,34565.2,-1.1874,-1.0695,149.5,96.9,0.526
31.26,31865.2,34505.2,-0.5888,-1.2171,149.5,96.9,0.526
31.28,31811.2,34792.6,-0.8234,-0.5095,149.5,96.9,0.526
31.3,32110.0,35168.5,0.4751,0.4159,149.5,96.9,0.526
31.32,32204.6,35556.6,0.8863,1.3713,149.5,96.9,0.526
31.34,32346.1,35639.3,1.5013,1.5751,149.5,96.9,0.526
31.36,32317.6,35727.3,1.3772,1.7917,149.5,96.9,0.526
31.38,32371.5,35583.4,1.6117,1.4374,149.5,96.9,0.526
31.4,32185.5,35233.7,0.8034,0.5765,149.5,96.9,0.526
31.42,32087.2,35271.4,0.376,0.6692,149.5,96.9,0.526
31.44,32063.8,35079.1,0.2745,0.1958,149.5,96.9,0.526
31.46,32099.7,35065.2,0.4303,0.1616,149.5,96.9,0.526
31.48,31851.2,34923.9,-0.6496,-0.1864,149.5,96.9,0.526
31.5,31804.9,34868.0,-0.8508,-0.3239,149.5,96.9,0.526
31.52,31894.0,34600.4,-0.4637,-0.9828,149.5,96.9,0.526
31.54,31902.4,34644.1,-0.4271,-0.8753,149.5,96.9,0.526
31.56,31929.2,34677.1,-0.3108,-0.7939,149.5,96.9,0.526
31.58,31792.3,34689.2,-0.9055,-0.7641,149.5,96.9,0.526
31.6,31780.8,34692.7,-0.9557,-0.7554,149.5,96.9,0.526
31.62,31762.3,34491.8,-1.0359,-1.2502,149.5,96.9,0.526
31.64,31698.8,34367.7,-1.3122,-1.5556,149.5,96.9,0.526
31.66,31779.6,34601.2,-0.9607,-0.9808,149.5,96.9,0.526
31.68,31883.1,34693.9,-0.5111,-0.7527,149.5,96.9,0.526
31.7,32018.3,35076.3,0.0763,0.1889,149.5,96.9,0.526
31.72,32270.1,35466.4,1.1708,1.1494,149.5,96.9,0.526
31.74,32337.0,35812.8,1.4615,2.0023,149.5,96.9,0.526
31.76,32353.7,35746.4,1.5342,1.8386,149.5,96.9,0.526
31.78,32246.5,35502.5,1.0683,1.2382,149.5,96.9,0.526
31.8,32051.6,35400.9,0.2211,0.988,149.5,96.9,0.526
31.82,32143.6,35277.6,0.6211,0.6845,149.5,96.9,0.526
31.84,32143.5,35088.1,0.6208,0.218,149.5,96.9,0.526
31.86,32005.1,34997.6,0.0193,-0.0048,149.5,96.9,0.526
31.88,31948.7,35099.7,-0.2261,0.2465,149.5,96.9,0.526
31.9,31989.0,34790.3,-0.0508,-0.5152,149.5,96.9,0.526
31.92,31811.7,34793.9,-0.8216,-0.5064,149.5,96.9,0.526
31.94,31885.0,34754.5,-0.5027,-0.6034,149.5,96.9,0.526
31.96,31889.4,34783.8,-0.4836,-0.5312,149.5,96.9,0.526
31.98,31795.0,34674.9,-0.8938,-0.7994,149.5,96.9,0.526
32.0,31729.8,34554.0,-1.1774,-1.0971,149.5,96.9,0.526
32.02,31752.5,34562.3,-1.0785,-1.0765,149.5,96.9,0.526
32.04,31704.6,34444.9,-1.287,-1.3656,149.5,96.9,0.526
32.06,31821.5,34438.6,-0.7788,-1.3812,149.5,96.9,0.526
32.08,31900.8,34741.7,-0.4341,-0.635,149.5,96.9,0.526
32.1,31974.0,35178.2,-0.1158,0.4398,149.5,96.9,0.526
32.12,32222.0,35469.3,0.9617,1.1564,149.5,96.9,0.526
32.14,32352.2,35745.6,1.5276,1.8368,149.5,96.9,0.526
32.16,32313.1,35680.1,1.3579,1.6754,149.5,96.9,0.526
32.18,32396.3,35578.4,1.7192,1.4251,149.5,96.9,0.526
32.2,32229.4,35396.1,0.994,0.9762,149.5,96.9,0.526
32.22,31989.2,35247.6,-0.0501,0.6107,149.5,96.9,0.526
32.24,32085.8,35106.9,0.37,0.2643,149.5,96.9,0.526
32.26,32038.5,35115.7,0.1642,0.2858,149.5,96.9,0.526
32.28,31979.8,35044.0,-0.091,0.1093,149.5,96.9,0.526
32.3,32055.5,34969.7,0.2382,-0.0736,149.5,96.9,0.526
32.32,31865.2,34777.9,-0.589,-0.5458,149.5,96.9,0.526
32.34,31891.9,34677.1,-0.4728,-0.7939,149.5,96.9,0.526
32.36,31822.8,34632.9,-0.7731,-0.9029,149.5,96.9,0.526
32.38,31827.0,34661.2,-0.7547,-0.8332,149.5,96.9,0.526
32.4,31787.9,34587.3,-0.9246,-1.0151,149.5,96.9,0.526
32.42,31760.5,34567.9,-1.0438,-1.0628,149.5,96.9,0.526
32.44,31744.5,34423.9,-1.1133,-1.4173,149.5,96.9,0.526
32.46,31714.1,34431.1,-1.2456,-1.3996,149.5,96.9,0.526
32.48,31906.7,34694.7,-0.4085,-0.7505,149.5,96.9,0.526
32.5,32020.9,34980.4,0.0877,-0.0473,149.5,96.9,0.526
32.52,32282.4,35401.3,1.2243,0.989,149.5,96.9,0.526
32.54,32278.4,35709.4,1.2068,1.7477,149.5,96.9,0.526
32.56,32324.2,35687.5,1.4061,1.6937,149.5,96.9,0.526
32.58,32260.6,35574.8,1.1298,1.4163,149.5,96.9,0.526
32.6,32250.8,35424.9,1.087,1.0471,149.5,96.9,0.526
32.62,32109.6,35226.2,0.4735,0.558,149.5,96.9,0.526
32.64,32190.4,35194.0,0.8244,0.4786,149.5,96.9,0.526
32.66,32033.4,35008.9,0.1423,0.0229,149.5,96.9,0.526
32.68,31987.3,34945.3,-0.0583,-0.1336,149.5,96.9,0.526
32.7,31859.7,34912.2,-0.6126,-0.215,149.5,96.9,0.526
32.72,31774.2,34893.6,-0.9845,-0.261,149.5,96.9,0.526
32.74,31913.3,34683.6,-0.3796,-0.7779,149.5,96.9,0.526
32.76,31831.4,34622.0,-0.7356,-0.9297,149.5,96.9,0.526
32.78,31849.4,34699.0,-0.6577,-0.74,149.5,96.9,0.526
32.8,31864.5,34620.3,-0.5918,-0.9339,149.5,96.9,0.526
32.82,31677.1,34455.0,-1.4062,-1.3409,149.5,96.9,0.526
32.84,31696.1,34466.7,-1.3239,-1.3119,149.5,96.9,0.526
32.86,31696.0,34514.2,-1.3244,-1.195,149.5,96.9,0.526
32.88,31839.4,34784.8,-0.701,-0.5288,149.5,96.9,0.526
32.9,32050.7,35177.7,0.2176,0.4386,149.5,96.9,0.526
32.92,32244.2,35467.8,1.0584,1.1527,149.5,96.9,0.526
32.94,32358.3,35720.0,1.5541,1.7738,149.5,96.9,0.526
32.96,32327.6,35817.0,1.4208,2.0126,149.5,96.9,0.526
32.98,32319.4,35553.2,1.385,1.3631,149.5,96.9,0.526
33.0,32180.3,35478.1,0.7808,1.1781,149.5,96.9,0.526
33.02,32145.1,35293.7,0.6275,0.7241,149.5,96.9,0.526
33.04,32145.6,35102.5,0.6299,0.2534,149.5,96.9,0.526
33.06,32003.8,35070.0,0.0135,0.1733,149.5,96.9,0.526
33.08,32103.5,34946.8,0.4468,-0.1299,149.5,96.9,0.526
33.1,31930.9,34865.3,-0.3031,-0.3305,149.5,96.9,0.526
33.12,31925.4,34759.4,-0.3273,-0.5913,149.5,96.9,0.526
33.14,31891.5,34702.0,-0.4747,-0.7327,149.5,96.9,0.526
33.16,31895.0,34707.8,-0.4592,-0.7183,149.5,96.9,0.526
33.18,31834.8,34615.8,-0.7208,-0.9449,149.5,96.9,0.526
33.2,31813.1,34587.3,-0.8153,-1.015,149.5,96.9,0.526
33.22,31674.2,34466.6,-1.419,-1.3122,149.5,96.9,0.526
33.24,31774.2,34462.7,-0.9841,-1.3218,149.5,96.9,0.526
33.26,31723.4,34421.8,-1.2052,-1.4224,149.5,96.9,0.526
33.28,31876.8,34694.7,-0.5386,-0.7507,149.5,96.9,0.526
33.3,32016.2,35098.7,0.0674,0.244,149.5,96.9,0.526
33.32,32121.2,35465.7,0.524,1.1475,149.5,96.9,0.526
33.34,32330.7,35653.8,1.4344,1.6107,149.5,96.9,0.526
33.36,32305.7,35682.9,1.3254,1.6824,149.5,96.9,0.526
33.38,32279.6,35687.2,1.2123,1.6928,149.5,96.9,0.526
33.4,32263.0,35434.9,1.1399,1.0718,149.5,96.9,0.526
33.42,32204.3,35274.6,0.8847,0.6771,149.5,96.9,0.526
33.44,32149.1,35211.0,0.6449,0.5206,149.5,96.9,0.526
33.46,31982.9,35096.2,-0.0775,0.2378,149.5,96.9,0.526
33.48,32042.2,34931.1,0.1805,-0.1685,149.5,96.9,0.526
33.5,31943.5,34908.0,-0.2484,-0.2256,149.5,96.9,0.526
33.52,31909.8,34871.2,-0.3952,-0.3161,149.5,96.9,0.526
33.54,31790.0,34704.0,-0.9158,-0.7278,149.5,96.9,0.526
33.56,31803.6,34750.5,-0.8566,-0.6133,149.5,96.9,0.526
33.58,31835.6,34745.4,-0.7174,-0.6257,149.5,96.9,0.526
33.6,31783.5,34601.1,-0.9439,-0.9812,149.5,96.9,0.526
33.62,31851.7,34479.4,-0.6475,-1.2806,149.5,96.9,0.526
33.64,31736.1,34463.6,-1.1499,-1.3195,149.5,96.9,0.526
33.66,31722.3,34489.2,-1.2099,-1.2566,149.5,96.9,0.526
33.68,31817.3,34574.5,-0.797,-1.0467,149.5,96.9,0.526
33.7,32063.6,35070.4,0.2733,0.1743,149.5,96.9,0.526
33.72,32092.1,35322.7,0.3974,0.7956,149.5,96.9,0.526
33.74,32263.4,35651.3,1.1417,1.6044,149.5,96.9,0.526
33.76,32386.7,35650.9,1.6775,1.6036,149.5,96.9,0.526
33.78,32393.5,35541.8,1.7071,1.3349,149.5,96.9,0.526
33.8,32223.0,35439.4,0.9664,1.0829,149.5,96.9,0.526
33.82,32109.3,35285.1,0.4719,0.7031,149.5,96.9,0.526
33.84,31955.6,35208.0,-0.1958,0.5132,149.5,96.9,0.526
33.86,32019.4,35039.6,0.0812,0.0986,149.5,96.9,0.526
33.88,31930.7,35018.8,-0.3041,0.0473,149.5,96.9,0.526
33.9,31997.1,34960.0,-0.0154,-0.0975,149.5,96.9,0.526
33.92,31990.5,34886.7,-0.0443,-0.2779,149.5,96.9,0.526
33.94,31885.7,34715.7,-0.4999,-0.699,149.5,96.9,0.526
33.96,31792.0,34733.1,-0.9069,-0.6561,149.5,96.9,0.526
33.98,31773.6,34718.3,-0.9871,-0.6925,149.5,96.9,0.526
34.0,31846.4,34547.7,-0.6705,-1.1125,149.5,96.9,0.526
34.02,31815.5,34502.6,-0.8049,-1.2236,149.5,96.9,0.526
34.04,31806.8,34494.6,-0.8427,-1.2433,149.5,96.9,0.526
34.06,31769.3,34437.4,-1.0059,-1.3841,149.5,96.9,0.526
34.08,31891.2,34697.3,-0.4761,-0.7442,149.5,96.9,0.526
34.1,31965.2,34941.6,-0.1542,-0.1427,149.5,96.9,0.526
34.12,32136.5,35383.9,0.5904,0.9462,149.5,96.9,0.526
34.14,32310.5,35614.7,1.3467,1.5145,149.5,96.9,0.526
34.16,32352.6,35729.5,1.5292,1.797,149.5,96.9,0.526
34.18,32321.6,35715.0,1.3948,1.7614,149.5,96.9,0.526
34.2,32134.4,35402.3,0.5809,0.9916,149.5,96.9,0.526
34.22,32076.3,35333.8,0.3288,0.8229,149.5,96.9,0.526
34.24,31957.4,35184.0,-0.1881,0.4542,149.5,96.9,0.526
34.26,32050.8,35101.6,0.2177,0.2513,149.5,96.9,0.526
34.28,32124.1,34922.2,0.5362,-0.1904,149.5,96.9,0.526
34.3,31919.6,34932.6,-0.3524,-0.165,149.5,96.9,0.526
34.32,31901.1,34882.9,-0.4326,-0.2873,149.5,96.9,0.526
34.34,31952.9,34720.8,-0.2077,-0.6865,149.5,96.9,0.526
34.36,31871.4,34658.8,-0.5617,-0.8389,149.5,96.9,0.526
34.38,31880.7,34616.0,-0.5216,-0.9444,149.5,96.9,0.526
34.4,31851.8,34615.8,-0.647,-0.9448,149.5,96.9,0.526
34.42,31802.7,34557.3,-0.8604,-1.0889,149.5,96.9,0.526
34.44,31673.9,34563.4,-1.4204,-1.0738,149.5,96.9,0.526
34.46,31883.6,34524.9,-0.5087,-1.1687,149.5,96.9,0.526
34.48,31907.6,34603.8,-0.4046,-0.9745,149.5,96.9,0.526
34.5,31941.2,34955.5,-0.2586,-0.1086,149.5,96.9,0.526
34.52,32212.6,35384.5,0.921,0.9478,149.5,96.9,0.526
34.54,32355.2,35629.2,1.5406,1.5502,149.5,96.9,0.526
34.56,32367.4,35806.8,1.5937,1.9875,149.5,96.9,0.526
34.58,32391.7,35713.2,1.6996,1.7569,149.5,96.9,0.526
34.6,32320.8,35483.3,1.3912,1.1909,149.5,96.9,0.526
34.62,32102.0,35298.8,0.4403,0.7368,149.5,96.9,0.526
34.64,32050.4,35212.2,0.2159,0.5234,149.5,96.9,0.526
34.66,32145.2,35083.6,0.6283,0.2069,149.5,96.9,0.526
34.68,32020.0,35046.6,0.0841,0.1158,149.5,96.9,0.526
34.7,31972.6,34885.1,-0.122,-0.2818,149.5,96.9,0.526
34.72,31950.6,34710.3,-0.2177,-0.7122,149.5,96.9,0.526
34.74,31987.5,34651.5,-0.0575,-0.8571,149.5,96.9,0.526
34.76,31880.7,34577.6,-0.5213,-1.0389,149.5,96.9,0.526
34.78,31837.4,34624.8,-0.7097,-0.9227,149.5,96.9,0.526
34.8,31814.0,34607.5,-0.8115,-0.9652,149.5,96.9,0.526
34.82,31765.2,34466.8,-1.0233,-1.3118,149.5,96.9,0.526
34.84,31731.3,34414.8,-1.1707,-1.4397,149.5,96.9,0.526
34.86,31771.2,34390.0,-0.9973,-1.5009,149.5,96.9,0.526
34.88,31841.2,34606.2,-0.6931,-0.9685,149.5,96.9,0.526
34.9,32056.9,34984.9,0.2441,-0.0361,149.5,96.9,0.526
34.92,32245.7,35337.4,1.0649,0.8318,149.5,96.9,0.526
34.94,32293.8,35671.9,1.2739,1.6552,149.5,96.9,0.526
34.96,32445.2,35710.4,1.9321,1.7502,149.5,96.9,0.526
34.98,32383.1,35662.3,1.6622,1.6316,149.5,96.9,0.526
35.0,32165.8,35429.0,0.7175,1.0574,149.5,96.9,0.526
35.02,32123.4,35240.8,0.5335,0.5939,149.5,96.9,0.526
35.04,32059.7,35068.3,0.2563,0.1692,149.5,96.9,0.526
35.06,31999.2,35118.7,-0.0065,0.2932,149.5,96.9,0.526
35.08,31997.2,35044.2,-0.0152,0.11,149.5,96.9,0.526
35.1,31936.8,34977.7,-0.2779,-0.054,149.5,96.9,0.526
35.12,31892.0,34877.9,-0.4722,-0.2995,149.5,96.9,0.526
35.14,31831.7,34737.1,-0.7342,-0.6463,149.5,96.9,0.526
35.16,31795.1,34717.8,-0.8936,-0.6937,149.5,96.9,0.526
35.18,31851.7,34709.0,-0.6477,-0.7154,149.5,96.9,0.526
35.2,31820.5,34592.2,-0.7831,-1.0029,149.5,96.9,0.526
35.22,31830.3,34560.6,-0.7407,-1.0808,149.5,96.9,0.526
35.24,31757.0,34593.6,-1.0591,-0.9995,149.5,96.9,0.526
35.26,31760.8,34450.1,-1.0426,-1.3527,149.5,96.9,0.526
35.28,31840.7,34586.7,-0.6953,-1.0166,149.5,96.9,0.526
35.3,31918.0,34979.2,-0.3596,-0.0502,149.5,96.9,0.526
35.32,32192.8,35359.1,0.835,0.8853,149.5,96.9,0.526
35.34,32396.0,35678.9,1.7182,1.6724,149.5,96.9,0.526
35.36,32474.0,35763.8,2.0572,1.8815,149.5,96.9,0.526
35.38,32372.3,35619.8,1.6151,1.5269,149.5,96.9,0.526
35.4,32262.0,35562.3,1.1356,1.3854,149.5,96.9,0.526
35.42,32187.0,35280.1,0.8098,0.6905,149.5,96.9,0.526
35.44,32078.7,35057.8,0.3393,0.1433,149.5,96.9,0.526
35.46,32038.0,35104.3,0.1622,0.2578,149.5,96.9,0.526
35.48,32020.9,35048.4,0.088,0.1202,149.5,96.9,0.526
35.5,32069.5,34935.8,0.2992,-0.1571,149.5,96.9,0.526
35.52,31845.6,34771.0,-0.6741,-0.5628,149.5,96.9,0.526
35.54,31932.5,34827.4,-0.2965,-0.4238,149.5,96.9,0.526
35.56,31938.8,34691.5,-0.2691,-0.7584,149.5,96.9,0.526
35.58,31830.2,34673.6,-0.7408,-0.8026,149.5,96.9,0.526
35.6,31769.5,34539.0,-1.0046,-1.1339,149.5,96.9,0.526
35.62,31815.1,34582.3,-0.8068,-1.0273,149.5,96.9,0.526
35.64,31756.1,34464.0,-1.0631,-1.3187,149.5,96.9,0.526
35.66,31771.3,34444.7,-0.997,-1.3662,149.5,96.9,0.526
35.68,31765.6,34600.9,-1.0218,-0.9815,149.5,96.9,0.526
35.7,31944.8,34890.8,-0.243,-0.2679,149.5,96.9,0.526
35.72,32190.8,35314.8,0.8261,0.776,149.5,96.9,0.526
35.74,32361.4,35707.8,1.5678,1.7436,149.5,96.9,0.526
35.76,32401.6,35796.3,1.7423,1.9615,149.5,96.9,0.526
35.78,32350.2,35745.7,1.519,1.837,149.5,96.9,0.526
35.8,32260.4,35534.1,1.1286,1.316,149.5,96.9,0.526
35.82,32109.6,35287.4,0.4732,0.7086,149.5,96.9,0.526
35.84,32062.5,35240.4,0.2688,0.5929,149.5,96.9,0.526
35.86,32057.7,35135.9,0.248,0.3357,149.5,96.9,0.526
35.88,32075.5,35095.2,0.3253,0.2355,149.5,96.9,0.526
35.9,31986.1,34853.8,-0.0632,-0.3589,149.5,96.9,0.526
35.92,31858.7,34855.3,-0.6171,-0.3552,149.5,96.9,0.526
35.94,31894.8,34667.9,-0.4604,-0.8167,149.5,96.9,0.526
35.96,31915.3,34656.3,-0.3711,-0.8451,149.5,96.9,0.526
35.98,31877.3,34690.0,-0.5362,-0.7623,149.5,96.9,0.526
36.0,31781.9,34685.9,-0.9507,-0.7724,149.5,96.9,0.526
36.02,31898.4,34564.1,-0.4447,-1.0722,149.5,96.9,0.526
36.04,31779.7,34463.6,-0.9605,-1.3196,149.5,96.9,0.526
36.06,31726.4,34482.4,-1.1923,-1.2733,149.5,96.9,0.526
36.08,31849.0,34556.4,-0.6592,-1.0912,149.5,96.9,0.526
36.1,31980.2,34948.4,-0.0891,-0.126,149.5,96.9,0.526
36.12,32186.5,35186.5,0.8075,0.4602,149.5,96.9,0.526
36.14,32209.4,35631.5,0.9069,1.5558,149.5,96.9,0.526
36.16,32344.9,35731.8,1.4961,1.8027,149.5,96.9,0.526
36.18,32304.3,35748.2,1.3196,1.843,149.5,96.9,0.526
36.2,32253.5,35553.4,1.0989,1.3635,149.5,96.9,0.526
36.22,32146.0,35151.0,0.6313,0.3728,149.5,96.9,0.526
36.24,32076.8,35194.0,0.331,0.4787,149.5,96.9,0.526
36.26,31949.9,35100.0,-0.2207,0.2472,149.5,96.9,0.526
36.28,32026.2,35091.6,0.111,0.2267,149.5,96.9,0.526
36.3,31978.9,34907.0,-0.0948,-0.2279,149.5,96.9,0.526
36.32,31984.9,34988.0,-0.0688,-0.0284,149.5,96.9,0.526
36.34,31874.9,34779.7,-0.5466,-0.5413,149.5,96.9,0.526
36.36,31907.2,34659.9,-0.4062,-0.8362,149.5,96.9,0.526
36.38,31890.2,34658.4,-0.4804,-0.8401,149.5,96.9,0.526
36.4,31848.8,34629.4,-0.6603,-0.9113,149.5,96.9,0.526
36.42,31794.3,34613.6,-0.8969,-0.9502,149.5,96.9,0.526
36.44,31713.3,34453.2,-1.249,-1.3452,149.5,96.9,0.526
36.46,31739.1,34395.4,-1.1368,-1.4874,149.5,96.9,0.526
36.48,31801.1,34688.4,-0.8672,-0.7662,149.5,96.9,0.526
36.5,31901.5,34971.1,-0.431,-0.0702,149.5,96.9,0.526
36.52,32169.3,35280.8,0.733,0.6923,149.5,96.9,0.526
36.54,32285.1,35599.3,1.2361,1.4765,149.5,96.9,0.526
36.56,32306.9,35725.3,1.3307,1.7869,149.5,96.9,0.526
36.58,32377.3,35665.2,1.637,1.6387,149.5,96.9,0.526
36.6,32263.2,35504.3,1.1409,1.2426,149.5,96.9,0.526
36.62,32177.9,35325.7,0.7701,0.8029,149.5,96.9,0.526
36.64,32124.0,35187.0,0.5358,0.4615,149.5,96.9,0.526
36.66,32046.8,35052.6,0.2003,0.1304,149.5,96.9,0.526
36.68,32033.1,35137.1,0.141,0.3385,149.5,96.9,0.526
36.7,31996.2,35032.8,-0.0196,0.0817,149.5,96.9,0.526
36.72,31959.5,34929.0,-0.1788,-0.1738,149.5,96.9,0.526
36.74,31800.1,34743.9,-0.8718,-0.6296,149.5,96.9,0.526
36.76,31819.6,34704.0,-0.7869,-0.7278,149.5,96.9,0.526
36.78,31873.0,34727.4,-0.555,-0.6701,149.5,96.9,0.526
36.8,31806.9,34712.4,-0.8424,-0.7071,149.5,96.9,0.526
36.82,31795.0,34498.9,-0.8938,-1.2328,149.5,96.9,0.526
36.84,31777.3,34407.7,-0.9708,-1.4571,149.5,96.9,0.526
36.86,31750.1,34522.4,-1.0892,-1.1749,149.5,96.9,0.526
36.88,31775.0,34571.2,-0.981,-1.0546,149.5,96.9,0.526
36.9,31886.7,34906.6,-0.4956,-0.2288,149.5,96.9,0.526
36.92,32181.4,35190.2,0.7853,0.4694,149.5,96.9,0.526
36.94,32241.2,35477.9,1.0452,1.1776,149.5,96.9,0.526
36.96,32261.0,35747.0,1.1314,1.8402,149.5,96.9,0.526
36.98,32422.9,35691.5,1.8348,1.7035,149.5,96.9,0.526
37.0,32219.1,35572.8,0.9491,1.4112,149.5,96.9,0.526
37.02,32014.5,35391.8,0.0599,0.9657,149.5,96.9,0.526
37.04,32124.3,35203.8,0.5373,0.5029,149.5,96.9,0.526
37.06,32035.1,35208.6,0.1494,0.5147,149.5,96.9,0.526
37.08,31999.7,35056.8,-0.0045,0.141,149.5,96.9,0.526
37.1,31826.9,34971.8,-0.7552,-0.0683,149.5,96.9,0.526
37.12,31934.3,34843.4,-0.2884,-0.3844,149.5,96.9,0.526
37.14,32056.1,34695.6,0.2409,-0.7483,149.5,96.9,0.526
37.16,31833.4,34599.5,-0.7272,-0.9851,149.5,96.9,0.526
37.18,31821.1,34703.0,-0.7805,-0.7301,149.5,96.9,0.526
37.2,31827.9,34676.7,-0.7507,-0.795,149.5,96.9,0.526
37.22,31820.3,34544.7,-0.7842,-1.12,149.5,96.9,0.526
37.24,31763.2,34398.5,-1.0322,-1.4799,149.5,96.9,0.526
37.26,31718.3,34509.9,-1.2274,-1.2055,149.5,96.9,0.526
37.28,31770.0,34559.5,-1.0027,-1.0836,149.5,96.9,0.526
37.3,31918.8,34807.6,-0.3557,-0.4726,149.5,96.9,0.526
37.32,32100.3,35194.7,0.4328,0.4805,149.5,96.9,0.526
37.34,32373.7,35588.8,1.6214,1.4507,149.5,96.9,0.526
37.36,32329.4,35638.7,1.4288,1.5734,149.5,96.9,0.526
37.38,32307.8,35741.4,1.3347,1.8263,149.5,96.9,0.526
37.4,32321.1,35583.7,1.3926,1.4382,149.5,96.9,0.526
37.42,32170.6,35292.9,0.7383,0.7222,149.5,96.9,0.526
37.44,32036.7,35236.3,0.1563,0.5828,149.5,96.9,0.526
37.46,32090.3,35091.0,0.3894,0.2251,149.5,96.9,0.526
37.48,32129.9,35079.8,0.5615,0.1974,149.5,96.9,0.526
37.5,32019.4,34995.8,0.0815,-0.0092,149.5,96.9,0.526
37.52,31894.2,34876.1,-0.4629,-0.3041,149.5,96.9,0.526
37.54,31897.3,34784.3,-0.4495,-0.53,149.5,96.9,0.526
37.56,31835.8,34711.6,-0.7164,-0.7091,149.5,96.9,0.526
37.58,31865.2,34654.5,-0.589,-0.8497,149.5,96.9,0.526
37.6,31792.8,34642.9,-0.9036,-0.8782,149.5,96.9,0.526
37.62,31848.2,34579.6,-0.6628,-1.034,149.5,96.9,0.526
37.64,31673.8,34386.1,-1.4208,-1.5105,149.5,96.9,0.526
37.66,31726.4,34431.1,-1.192,-1.3995,149.5,96.9,0.526
37.68,31680.6,34627.9,-1.3911,-0.9151,149.5,96.9,0.526
37.7,31823.7,34852.5,-0.7693,-0.3621,149.5,96.9,0.526
37.72,32063.0,35155.0,0.2709,0.3826,149.5,96.9,0.526
37.74,32253.7,35537.1,1.0996,1.3235,149.5,96.9,0.526
37.76,32323.1,35788.6,1.4014,1.9427,149.5,96.9,0.526
37.78,32353.5,35787.0,1.5336,1.9387,149.5,96.9,0.526
37.8,32212.0,35592.9,0.9185,1.4608,149.5,96.9,0.526
37.82,32113.5,35325.0,0.4904,0.8013,149.5,96.9,0.526
37.84,32072.2,35213.2,0.3108,0.5259,149.5,96.9,0.526
37.86,32117.9,35137.4,0.5096,0.3393,149.5,96.9,0.526
37.88,31955.1,35056.1,-0.1982,0.1391,149.5,96.9,0.526
37.9,31952.5,34977.0,-0.2094,-0.0555,149.5,96.9,0.526
37.92,31958.0,34869.0,-0.1855,-0.3214,149.5,96.9,0.526
37.94,31749.5,34786.3,-1.0916,-0.5251,149.5,96.9,0.526
37.96,31852.3,34653.0,-0.6448,-0.8533,149.5,96.9,0.526
37.98,31852.8,34689.8,-0.6425,-0.7628,149.5,96.9,0.526
38.0,31820.6,34618.3,-0.7826,-0.9388,149.5,96.9,0.526
38.02,31775.8,34454.0,-0.9773,-1.3432,149.5,96.9,0.526
38.04,31703.3,34513.1,-1.2925,-1.1977,149.5,96.9,0.526
38.06,31762.2,34316.6,-1.0366,-1.6814,149.5,96.9,0.526
38.08,31848.3,34535.7,-0.6623,-1.142,149.5,96.9,0.526
38.1,31906.3,34823.5,-0.4104,-0.4334,149.5,96.9,0.526
38.12,32111.2,35156.9,0.4803,0.3873,149.5,96.9,0.526
38.14,32184.3,35526.7,0.7982,1.2977,149.5,96.9,0.526
38.16,32352.3,35761.1,1.5283,1.8749,149.5,96.9,0.526
38.18,32326.1,35692.2,1.4145,1.7052,149.5,96.9,0.526
38.2,32348.4,35599.4,1.5111,1.4769,149.5,96.9,0.526
38.22,32152.8,35339.7,0.661,0.8375,149.5,96.9,0.526
38.24,31989.9,35123.6,-0.0471,0.3054,149.5,96.9,0.526
38.26,32012.7,35172.3,0.0523,0.4253,149.5,96.9,0.526
38.28,32000.3,34982.1,-0.0015,-0.043,149.5,96.9,0.526
38.3,31890.2,34968.9,-0.4802,-0.0754,149.5,96.9,0.526
38.32,31951.5,34886.0,-0.2139,-0.2796,149.5,96.9,0.526
38.34,31913.8,34745.7,-0.3776,-0.625,149.5,96.9,0.526
38.36,31825.8,34794.3,-0.76,-0.5054,149.5,96.9,0.526
38.38,31902.0,34741.9,-0.429,-0.6343,149.5,96.9,0.526
38.4,31808.8,34696.6,-0.8341,-0.7459,149.5,96.9,0.526
38.42,31803.5,34661.5,-0.8568,-0.8325,149.5,96.9,0.526
38.44,31828.7,34516.1,-0.7477,-1.1904,149.5,96.9,0.526
38.46,31707.2,34395.6,-1.2754,-1.4871,149.5,96.9,0.526
38.48,31779.9,34522.5,-0.9596,-1.1746,149.5,96.9,0.526
38.5,31886.9,34776.0,-0.4943,-0.5505,149.5,96.9,0.526
38.52,32108.1,35224.8,0.4667,0.5545,149.5,96.9,0.526
38.54,32229.1,35507.5,0.9929,1.2505,149.5,96.9,0.526
38.56,32360.3,35746.6,1.5628,1.8393,149.5,96.9,0.526
38.58,32391.3,35662.9,1.6975,1.6331,149.5,96.9,0.526
38.6,32281.8,35553.2,1.2219,1.3631,149.5,96.9,0.526
38.62,32112.9,35344.5,0.4879,0.8492,149.5,96.9,0.526
38.64,32122.1,35136.2,0.5278,0.3363,149.5,96.9,0.526
38.66,32132.4,35123.7,0.5725,0.3055,149.5,96.9,0.526
38.68,32038.5,35043.6,0.1644,0.1083,149.5,96.9,0.526
38.7,32022.0,34949.4,0.0927,-0.1235,149.5,96.9,0.526
38.72,32058.9,34920.0,0.253,-0.196,149.5,96.9,0.526
38.74,31946.2,34715.4,-0.2368,-0.6997,149.5,96.9,0.526
38.76,31910.8,34578.3,-0.3906,-1.0373,149.5,96.9,0.526
38.78,31829.3,34658.7,-0.7449,-0.8393,149.5,96.9,0.526
38.8,31880.6,34686.1,-0.5219,-0.7718,149.5,96.9,0.526
38.82,31842.0,34705.7,-0.6897,-0.7235,149.5,96.9,0.526
38.84,31813.5,34532.1,-0.8136,-1.1509,149.5,96.9,0.526
38.86,31850.5,34428.0,-0.6527,-1.4072,149.5,96.9,0.526
38.88,31667.8,34509.1,-1.4468,-1.2076,149.5,96.9,0.526
38.9,31854.4,34745.0,-0.6359,-0.6268,149.5,96.9,0.526
38.92,32044.8,35089.1,0.1919,0.2204,149.5,96.9,0.526
38.94,32226.7,35545.5,0.9824,1.344,149.5,96.9,0.526
38.96,32268.1,35657.1,1.1623,1.6188,149.5,96.9,0.526
38.98,32338.6,35760.0,1.4684,1.8722,149.5,96.9,0.526
39.0,32381.0,35513.6,1.6528,1.2655,149.5,96.9,0.526
39.02,32222.0,35405.8,0.962,1.0,149.5,96.9,0.526
39.04,32207.7,35173.1,0.8997,0.4271,149.5,96.9,0.526
39.06,32055.7,35099.6,0.239,0.2463,149.5,96.9,0.526
39.08,31984.5,35119.6,-0.0703,0.2955,149.5,96.9,0.526
39.1,32030.2,35043.8,0.1283,0.1088,149.5,96.9,0.526
39.12,31876.3,34878.4,-0.5404,-0.2984,149.5,96.9,0.526
39.14,31915.9,34775.2,-0.3684,-0.5523,149.5,96.9,0.526
39.16,31835.0,34674.5,-0.7202,-0.8003,149.5,96.9,0.526
39.18,31942.0,34661.2,-0.2552,-0.8331,149.5,96.9,0.526
39.2,31879.5,34657.7,-0.5266,-0.8417,149.5,96.9,0.526
39.22,31832.4,34616.8,-0.7314,-0.9425,149.5,96.9,0.526
39.24,31774.4,34630.1,-0.9836,-0.9097,149.5,96.9,0.526
39.26,31694.9,34510.8,-1.329,-1.2034,149.5,96.9,0.526
39.28,31796.6,34665.9,-0.887,-0.8215,149.5,96.9,0.526
39.3,31883.2,34734.8,-0.5108,-0.6519,149.5,96.9,0.526
39.32,31973.9,35120.4,-0.1163,0.2976,149.5,96.9,0.526
39.34,32099.8,35438.7,0.4306,1.0811,149.5,96.9,0.526
39.36,32327.8,35719.7,1.4219,1.773,149.5,96.9,0.526
39.38,32340.5,35805.8,1.4769,1.9848,149.5,96.9,0.526
39.4,32272.8,35611.2,1.1827,1.5059,149.5,96.9,0.526
39.42,32238.8,35377.4,1.0347,0.9302,149.5,96.9,0.526
39.44,32031.1,35343.1,0.132,0.8456,149.5,96.9,0.526
39.46,32071.5,34973.0,0.3076,-0.0653,149.5,96.9,0.526
39.48,32049.5,35071.1,0.2123,0.176,149.5,96.9,0.526
39.5,32024.1,34969.8,0.1018,-0.0733,149.5,96.9,0.526
39.52,31893.5,34882.4,-0.4657,-0.2885,149.5,96.9,0.526
39.54,31825.4,34793.6,-0.7617,-0.507,149.5,96.9,0.526
39.56,31851.2,34687.6,-0.6496,-0.7682,149.5,96.9,0.526
39.58,31930.4,34727.0,-0.3054,-0.6711,149.5,96.9,0.526
39.6,31718.8,34640.3,-1.2251,-0.8846,149.5,96.9,0.526
39.62,31823.2,34648.5,-0.7715,-0.8644,149.5,96.9,0.526
39.64,31790.2,34616.7,-0.9147,-0.9427,149.5,96.9,0.526
39.66,31782.2,34368.5,-0.9497,-1.5537,149.5,96.9,0.526
39.68,31703.9,34439.2,-1.2897,-1.3798,149.5,96.9,0.526
39.7,31857.1,34664.8,-0.624,-0.8241,149.5,96.9,0.526
39.72,32022.8,35085.6,0.0962,0.2119,149.5,96.9,0.526
39.74,32244.1,35399.4,1.0577,0.9844,149.5,96.9,0.526
39.76,32328.8,35725.5,1.4262,1.7871,149.5,96.9,0.526
39.78,32493.0,35796.6,2.1398,1.9622,149.5,96.9,0.526
39.8,32275.2,35699.0,1.1931,1.7219,149.5,96.9,0.526
39.82,32104.2,35575.7,0.4497,1.4184,149.5,96.9,0.526
39.84,32115.8,35347.6,0.5004,0.8569,149.5,96.9,0.526
39.86,32179.9,35132.1,0.779,0.3262,149.5,96.9,0.526
39.88,32010.2,35038.9,0.0412,0.0969,149.5,96.9,0.526
39.9,31962.7,34993.7,-0.1652,-0.0145,149.5,96.9,0.526
39.92,32032.4,34985.2,0.138,-0.0355,149.5,96.9,0.526
39.94,31946.2,34689.3,-0.237,-0.7638,149.5,96.9,0.526
39.96,31827.6,34729.6,-0.7521,-0.6646,149.5,96.9,0.526
39.98,31755.1,34744.5,-1.0672,-0.6281,149.5,96.9,0.526
40.0,31895.8,34661.2,-0.4561,-0.8332,149.5,96.9,0.526
40.02,31740.8,34545.6,-1.1293,-1.1177,149.5,96.9,0.526
40.04,31775.7,34496.4,-0.9778,-1.2388,149.5,96.9,0.526
40.06,31851.1,34432.2,-0.6499,-1.397,149.5,96.9,0.526
40.08,31835.5,34428.0,-0.718,-1.4073,149.5,96.9,0.526
40.1,31817.6,34712.2,-0.7959,-0.7076,149.5,96.9,0.526
40.12,32071.7,35067.1,0.3084,0.1661,149.5,96.9,0.526
40.14,32167.4,35414.7,0.7245,1.022,149.5,96.9,0.526
40.16,32326.4,35685.3,1.4156,1.6882,149.5,96.9,0.526
40.18,32347.5,35796.0,1.5072,1.9608,149.5,96.9,0.526
40.2,32343.5,35618.7,1.4901,1.5244,149.5,96.9,0.526
40.22,32294.5,35381.6,1.2768,0.9406,149.5,96.9,0.526
40.24,32072.3,35263.9,0.3112,0.6506,149.5,96.9,0.526
40.26,32088.5,35188.5,0.3817,0.4652,149.5,96.9,0.526
40.28,32055.1,35116.3,0.2365,0.2874,149.5,96.9,0.526
40.3,32051.0,35005.8,0.2187,0.0153,149.5,96.9,0.526
40.32,31890.5,34884.4,-0.4788,-0.2835,149.5,96.9,0.526
40.34,31876.9,34739.4,-0.538,-0.6405,149.5,96.9,0.526
40.36,31898.2,34756.9,-0.4453,-0.5976,149.5,96.9,0.526
40.38,31855.0,34692.7,-0.6333,-0.7555,149.5,96.9,0.526
40.4,31834.0,34653.6,-0.7245,-0.8518,149.5,96.9,0.526
40.42,31830.8,34602.2,-0.7384,-0.9783,149.5,96.9,0.526
40.44,31817.7,34624.6,-0.7952,-0.9232,149.5,96.9,0.526
40.46,31760.8,34400.9,-1.0427,-1.4739,149.5,96.9,0.526
40.48,31760.3,34526.1,-1.0447,-1.1658,149.5,96.9,0.526
40.5,31805.0,34625.8,-0.8507,-0.9203,149.5,96.9,0.526
40.52,32075.3,34975.8,0.3242,-0.0585,149.5,96.9,0.526
40.54,32215.4,35455.0,0.9332,1.1213,149.5,96.9,0.526
40.56,32306.8,35647.7,1.3306,1.5957,149.5,96.9,0.526
40.58,32347.0,35753.7,1.5052,1.8567,149.5,96.9,0.526
40.6,32313.3,35623.5,1.3585,1.5361,149.5,96.9,0.526
40.62,32262.9,35403.0,1.1394,0.9932,149.5,96.9,0.526
40.64,32169.1,35259.4,0.7319,0.6397,149.5,96.9,0.526
40.66,32097.2,35089.0,0.4194,0.2202,149.5,96.9,0.526
40.68,32021.7,35109.5,0.0911,0.2706,149.5,96.9,0.526
40.7,32005.1,34930.4,0.019,-0.1703,149.5,96.9,0.526
40.72,31955.1,34812.5,-0.1983,-0.4607,149.5,96.9,0.526
40.74,31846.7,34859.0,-0.6693,-0.3462,149.5,96.9,0.526
40.76,31836.6,34750.7,-0.7132,-0.6128,149.5,96.9,0.526
40.78,31801.7,34613.4,-0.8647,-0.9507,149.5,96.9,0.526
40.8,31828.1,34671.3,-0.75,-0.8083,149.5,96.9,0.526
40.82,31905.7,34628.5,-0.4127,-0.9137,149.5,96.9,0.526
40.84,31802.1,34524.1,-0.8631,-1.1707,149.5,96.9,0.526
40.86,31766.1,34455.1,-1.0196,-1.3406,149.5,96.9,0.526
40.88,31723.3,34497.1,-1.2055,-1.2371,149.5,96.9,0.526
40.9,31849.4,34653.9,-0.6577,-0.8511,149.5,96.9,0.526
40.92,31953.3,34975.1,-0.2061,-0.0602,149.5,96.9,0.526
40.94,32090.9,35275.7,0.3921,0.6798,149.5,96.9,0.526
40.96,32261.4,35549.0,1.1332,1.3526,149.5,96.9,0.526
40.98,32367.1,35747.9,1.5925,1.8425,149.5,96.9,0.526
41.0,32333.8,35594.2,1.4479,1.464,149.5,96.9,0.526
41.02,32196.4,35377.1,0.8504,0.9294,149.5,96.9,0.526
41.04,32109.9,35276.3,0.4746,0.6812,149.5,96.9,0.526
41.06,32084.3,35117.5,0.3636,0.2904,149.5,96.9,0.526
41.08,31983.2,35198.5,-0.0761,0.4897,149.5,96.9,0.526
41.1,32027.6,34988.2,0.1171,-0.028,149.5,96.9,0.526
41.12,31979.4,34898.1,-0.0927,-0.2499,149.5,96.9,0.526
41.14,31917.6,34839.0,-0.3612,-0.3952,149.5,96.9,0.526
41.16,31876.5,34807.9,-0.5399,-0.472,149.5,96.9,0.526
41.18,31839.9,34722.8,-0.6986,-0.6814,149.5,96.9,0.526
41.2,31734.3,34679.5,-1.1576,-0.7881,149.5,96.9,0.526
41.22,31833.0,34686.4,-0.7287,-0.771,149.5,96.9,0.526
41.24,31894.4,34548.7,-0.4618,-1.1101,149.5,96.9,0.526
41.26,31750.1,34520.7,-1.0893,-1.179,149.5,96.9,0.526
41.28,31754.6,34450.1,-1.0695,-1.3528,149.5,96.9,0.526
41.3,31783.4,34693.4,-0.9443,-0.7538,149.5,96.9,0.526
41.32,31972.1,35045.1,-0.1242,0.112,149.5,96.9,0.526
41.34,32181.8,35398.8,0.7873,0.9829,149.5,96.9,0.526
41.36,32438.7,35586.8,1.9036,1.4457,149.5,96.9,0.526
41.38,32420.5,35775.3,1.8245,1.9098,149.5,96.9,0.526
41.4,32328.5,35757.4,1.4247,1.8659,149.5,96.9,0.526
41.42,32239.6,35531.3,1.0384,1.3091,149.5,96.9,0.526
41.44,32133.3,35220.2,0.5763,0.5431,149.5,96.9,0.526
41.46,32081.5,35068.9,0.3512,0.1707,149.5,96.9,0.526
41.48,32029.8,35089.9,0.1263,0.2224,149.5,96.9,0.526
41.5,32076.1,34948.1,0.3275,-0.1269,149.5,96.9,0.526
41.52,31913.0,34956.2,-0.3812,-0.1068,149.5,96.9,0.526
41.54,32010.2,34797.5,0.0414,-0.4975,149.5,96.9,0.526
41.56,31873.7,34746.7,-0.5521,-0.6225,149.5,96.9,0.526
41.58,31904.1,34750.3,-0.4198,-0.6137,149.5,96.9,0.526
41.6,31787.5,34599.8,-0.9267,-0.9842,149.5,96.9,0.526
41.62,31768.3,34658.2,-1.0101,-0.8406,149.5,96.9,0.526
41.64,31787.9,34649.1,-0.9247,-0.8629,149.5,96.9,0.526
41.66,31733.1,34390.6,-1.163,-1.4994,149.5,96.9,0.526
41.68,31806.2,34472.3,-0.8454,-1.2983,149.5,96.9,0.526
41.7,31786.2,34596.3,-0.9323,-0.9929,149.5,96.9,0.526
41.72,31879.3,34914.6,-0.5275,-0.2092,149.5,96.9,0.526
41.74,32066.0,35357.8,0.284,0.8818,149.5,96.9,0.526
41.76,32315.3,35648.7,1.3674,1.5981,149.5,96.9,0.526
41.78,32456.8,35816.4,1.9823,2.011,149.5,96.9,0.526
41.8,32379.8,35654.2,1.6475,1.6117,149.5,96.9,0.526
41.82,32198.6,35479.8,0.8601,1.1823,149.5,96.9,0.526
41.84,32098.0,35333.5,0.4231,0.8222,149.5,96.9,0.526
41.86,32073.6,35104.8,0.3169,0.2592,149.5,96.9,0.526
41.88,32059.7,35090.6,0.2566,0.2242,149.5,96.9,0.526
41.9,31970.6,35087.2,-0.1306,0.2156,149.5,96.9,0.526
41.92,31979.7,35085.8,-0.0912,0.2123,149.5,96.9,0.526
41.94,31969.2,34869.7,-0.1369,-0.3199,149.5,96.9,0.526
41.96,31884.1,34813.0,-0.5068,-0.4595,149.5,96.9,0.526
41.98,31915.5,34686.5,-0.3704,-0.7707,149.5,96.9,0.526
42.0,31833.8,34681.4,-0.7254,-0.7834,149.5,96.9,0.526
42.02,31792.2,34642.7,-0.9063,-0.8787,149.5,96.9,0.526
42.04,31824.0,34535.5,-0.7678,-1.1426,149.5,96.9,0.526
42.06,31818.5,34525.0,-0.7917,-1.1685,149.5,96.9,0.526
42.08,31803.5,34344.3,-0.8568,-1.6134,149.5,96.9,0.526
42.1,31855.3,34585.3,-0.632,-1.02,149.5,96.9,0.526
42.12,31993.2,34895.5,-0.0326,-0.2562,149.5,96.9,0.526
42.14,32117.0,35215.2,0.5053,0.5308,149.5,96.9,0.526
42.16,32339.7,35634.3,1.4733,1.5626,149.5,96.9,0.526
42.18,32343.6,35832.3,1.4905,2.0503,149.5,96.9,0.526
42.2,32351.2,35812.7,1.5232,2.002,149.5,96.9,0.526
42.22,32216.9,35559.5,0.9396,1.3785,149.5,96.9,0.526
42.24,32138.3,35311.0,0.5979,0.7668,149.5,96.9,0.526
42.26,32168.2,35171.3,0.7279,0.4229,149.5,96.9,0.526
42.28,31964.9,35048.0,-0.1557,0.1191,149.5,96.9,0.526
42.3,31950.3,34995.4,-0.2191,-0.0102,149.5,96.9,0.526
42.32,32006.2,34987.7,0.0239,-0.0292,149.5,96.9,0.526
42.34,31897.9,34870.0,-0.4469,-0.3191,149.5,96.9,0.526
42.36,31951.5,34709.0,-0.2137,-0.7155,149.5,96.9,0.526
42.38,31811.9,34775.1,-0.8204,-0.5528,149.5,96.9,0.526
42.4,31847.0,34639.6,-0.6678,-0.8862,149.5,96.9,0.526
42.42,31790.7,34588.5,-0.9128,-1.012,149.5,96.9,0.526
42.44,31739.0,34686.4,-1.1371,-0.7712,149.5,96.9,0.526
42.46,31831.6,34437.5,-0.7347,-1.3839,149.5,96.9,0.526
42.48,31718.4,34383.3,-1.2269,-1.5173,149.5,96.9,0.526
42.5,31790.9,34628.5,-0.9117,-0.9136,149.5,96.9,0.526
42.52,31943.9,34933.3,-0.247,-0.1632,149.5,96.9,0.526
42.54,32155.5,35194.9,0.6729,0.481,149.5,96.9,0.526
42.56,32295.8,35557.0,1.2826,1.3724,149.5,96.9,0.526
42.58,32398.7,35729.1,1.7299,1.7962,149.5,96.9,0.526
42.6,32301.5,35778.7,1.3072,1.9181,149.5,96.9,0.526
42.62,32202.7,35586.3,0.878,1.4446,149.5,96.9,0.526
42.64,32225.7,35333.9,0.978,0.8231,149.5,96.9,0.526
42.66,32024.9,35086.4,0.1052,0.2137,149.5,96.9,0.526
42.68,32067.7,35158.7,0.2911,0.3918,149.5,96.9,0.526
42.7,32053.8,34999.6,0.2306,0.0,149.5,96.9,0.526
42.72,32020.8,34949.1,0.0875,-0.1243,149.5,96.9,0.526
42.74,31927.6,34840.9,-0.3178,-0.3908,149.5,96.9,0.526
42.76,31946.9,34752.5,-0.2339,-0.6084,149.5,96.9,0.526
42.78,31876.7,34643.1,-0.5391,-0.8776,149.5,96.9,0.526
42.8,31865.8,34670.8,-0.5864,-0.8094,149.5,96.9,0.526
42.82,31821.1,34600.5,-0.7804,-0.9827,149.5,96.9,0.526
42.84,31779.2,34633.3,-0.9627,-0.9017,149.5,96.9,0.526
42.86,31811.3,34543.5,-0.8231,-1.1228,149.5,96.9,0.526
42.88,31783.2,34457.7,-0.9453,-1.3342,149.5,96.9,0.526
42.9,31759.1,34600.5,-1.0499,-0.9825,149.5,96.9,0.526
42.92,31866.9,34779.0,-0.5814,-0.543,149.5,96.9,0.526
42.94,32193.5,35204.9,0.8379,0.5055,149.5,96.9,0.526
42.96,32413.8,35571.4,1.7954,1.4078,149.5,96.9,0.526
42.98,32336.2,35759.5,1.4583,1.871,149.5,96.9,0.526
43.0,32294.5,35688.1,1.2768,1.6953,149.5,96.9,0.526
43.02,32296.5,35498.0,1.2858,1.227,149.5,96.9,0.526
43.04,32156.5,35335.7,0.6771,0.8274,149.5,96.9,0.526
43.06,32039.4,35245.9,0.1681,0.6065,149.5,96.9,0.526
43.08,32052.3,35135.3,0.2243,0.3341,149.5,96.9,0.526
43.1,32051.4,35084.2,0.2204,0.2083,149.5,96.9,0.526
43.12,31945.4,34981.8,-0.2403,-0.0438,149.5,96.9,0.526
43.14,31979.8,34833.1,-0.0908,-0.4098,149.5,96.9,0.526
43.16,31902.4,34826.6,-0.4272,-0.4259,149.5,96.9,0.526
43.18,31829.6,34658.6,-0.7435,-0.8395,149.5,96.9,0.526
43.2,31954.4,34583.6,-0.201,-1.0242,149.5,96.9,0.526
43.22,31865.0,34731.8,-0.5897,-0.6594,149.5,96.9,0.526
43.24,31792.5,34571.3,-0.9047,-1.0544,149.5,96.9,0.526
43.26,31795.3,34584.1,-0.8926,-1.0229,149.5,96.9,0.526
43.28,31706.9,34487.8,-1.2768,-1.2599,149.5,96.9,0.526
43.3,31770.2,34458.2,-1.0016,-1.333,149.5,96.9,0.526
43.32,31964.9,34763.3,-0.1555,-0.5818,149.5,96.9,0.526
43.34,32171.7,35238.5,0.7432,0.5882,149.5,96.9,0.526
43.36,32295.2,35528.2,1.2798,1.3014,149.5,96.9,0.526
43.38,32388.3,35792.0,1.6845,1.9511,149.5,96.9,0.526
43.4,32370.6,35754.3,1.6076,1.8581,149.5,96.9,0.526
43.42,32276.1,35495.8,1.1968,1.2216,149.5,96.9,0.526
43.44,32140.7,35315.0,0.6086,0.7767,149.5,96.9,0.526
43.46,31939.0,35155.0,-0.2679,0.3827,149.5,96.9,0.526
43.48,32038.6,35037.2,0.165,0.0927,149.5,96.9,0.526
43.5,32011.2,35002.9,0.0458,0.0081,149.5,96.9,0.526
43.52,31983.7,35009.8,-0.0737,0.0253,149.5,96.9,0.526
43.54,31944.2,34871.6,-0.2454,-0.3151,149.5,96.9,0.526
43.56,31960.6,34695.0,-0.1742,-0.7499,149.5,96.9,0.526
43.58,31752.3,34649.3,-1.0796,-0.8623,149.5,96.9,0.526
43.6,31776.3,34703.9,-0.9753,-0.7281,149.5,96.9,0.526
43.62,31874.0,34688.1,-0.5504,-0.7668,149.5,96.9,0.526
43.64,31866.3,34581.5,-0.5841,-1.0294,149.5,96.9,0.526
43.66,31701.1,34526.8,-1.3022,-1.1641,149.5,96.9,0.526
43.68,31707.4,34504.9,-1.2747,-1.2179,149.5,96.9,0.526
43.7,31763.6,34622.8,-1.0303,-0.9276,149.5,96.9,0.526
43.72,31945.7,34842.0,-0.2392,-0.3879,149.5,96.9,0.526
43.74,32143.4,35288.4,0.6201,0.7112,149.5,96.9,0.526
43.76,32247.6,35535.4,1.0732,1.3192,149.5,96.9,0.526
43.78,32356.1,35789.2,1.5447,1.944,149.5,96.9,0.526
43.8,32315.9,35738.7,1.3699,1.8198,149.5,96.9,0.526
43.82,32260.4,35506.1,1.1285,1.247,149.5,96.9,0.526
43.84,32301.5,35357.8,1.3074,0.882,149.5,96.9,0.526
43.86,31978.1,35197.2,-0.0981,0.4866,149.5,96.9,0.526
43.88,32041.6,35079.8,0.1778,0.1975,149.5,96.9,0.526
43.9,32034.8,35042.3,0.1485,0.1052,149.5,96.9,0.526
43.92,32101.3,35015.2,0.4373,0.0385,149.5,96.9,0.526
43.94,31964.6,34971.1,-0.1569,-0.0702,149.5,96.9,0.526
43.96,31900.9,34827.6,-0.4337,-0.4234,149.5,96.9,0.526
43.98,31850.9,34703.9,-0.6511,-0.7281,149.5,96.9,0.526
44.0,31835.2,34682.6,-0.719,-0.7804,149.5,96.9,0.526
44.02,31861.8,34660.8,-0.6035,-0.834,149.5,96.9,0.526
44.04,31775.7,34651.2,-0.978,-0.8577,149.5,96.9,0.526
44.06,31729.5,34507.2,-1.1785,-1.2122,149.5,96.9,0.526
44.08,31705.1,34540.4,-1.2846,-1.1306,149.5,96.9,0.526
44.1,31658.9,34585.3,-1.4855,-1.02,149.5,96.9,0.526
44.12,31866.4,34754.1,-0.5837,-0.6044,149.5,96.9,0.526
44.14,32018.5,35125.4,0.0775,0.3098,149.5,96.9,0.526
44.16,32266.4,35477.3,1.1547,1.1761,149.5,96.9,0.526
44.18,32309.1,35712.4,1.3403,1.755,149.5,96.9,0.526
44.2,32345.7,35837.8,1.4993,2.0638,149.5,96.9,0.526
44.22,32197.5,35582.7,0.8553,1.4356,149.5,96.9,0.526
44.24,32136.1,35393.8,0.5884,0.9707,149.5,96.9,0.526
44.26,31987.8,35139.5,-0.056,0.3446,149.5,96.9,0.526
44.28,32039.5,35038.7,0.1687,0.0963,149.5,96.9,0.526
44.3,32024.9,35082.5,0.1051,0.2042,149.5,96.9,0.526
44.32,32002.7,35074.8,0.0088,0.1852,149.5,96.9,0.526
44.34,32030.2,34863.8,0.1281,-0.3343,149.5,96.9,0.526
44.36,31929.2,34773.8,-0.3107,-0.5558,149.5,96.9,0.526
44.38,31834.4,34652.0,-0.7227,-0.8558,149.5,96.9,0.526
44.4,31808.3,34704.0,-0.8362,-0.7277,149.5,96.9,0.526
44.42,31877.7,34693.6,-0.5346,-0.7534,149.5,96.9,0.526
44.44,31784.0,34644.8,-0.9417,-0.8735,149.5,96.9,0.526
44.46,31803.2,34485.7,-0.8584,-1.2652,149.5,96.9,0.526
44.48,31759.4,34502.3,-1.0487,-1.2243,149.5,96.9,0.526
44.5,31745.5,34463.9,-1.109,-1.319,149.5,96.9,0.526
44.52,31842.2,34686.9,-0.689,-0.7699,149.5,96.9,0.526
44.54,32078.6,35104.8,0.3386,0.2592,149.5,96.9,0.526
44.56,32157.7,35564.1,0.6825,1.3899,149.5,96.9,0.526
44.58,32326.7,35690.5,1.4167,1.7012,149.5,96.9,0.526
44.6,32410.3,35658.8,1.7801,1.6231,149.5,96.9,0.526
44.62,32324.9,35586.0,1.4092,1.4439,149.5,96.9,0.526
44.64,32292.1,35326.1,1.2665,0.8039,149.5,96.9,0.526
44.66,32128.5,35209.1,0.5554,0.5159,149.5,96.9,0.526
44.68,32111.0,35098.5,0.4792,0.2436,149.5,96.9,0.526
44.7,32051.5,34901.9,0.221,-0.2405,149.5,96.9,0.526
44.72,32013.6,35032.1,0.0561,0.0802,149.5,96.9,0.526
44.74,31879.6,34936.0,-0.5264,-0.1565,149.5,96.9,0.526
44.76,31804.7,34750.4,-0.8516,-0.6134,149.5,96.9,0.526
44.78,31948.6,34652.2,-0.2265,-0.8553,149.5,96.9,0.526
44.8,31843.3,34594.5,-0.6841,-0.9973,149.5,96.9,0.526
44.82,31894.5,34736.1,-0.4614,-0.6486,149.5,96.9,0.526
44.84,31820.0,34595.3,-0.7853,-0.9953,149.5,96.9,0.526
44.86,31887.6,34427.9,-0.4916,-1.4074,149.5,96.9,0.526
44.88,31792.6,34397.7,-0.9045,-1.4819,149.5,96.9,0.526
44.9,31715.7,34504.4,-1.2384,-1.2192,149.5,96.9,0.526
44.92,31873.8,34658.0,-0.5513,-0.841,149.5,96.9,0.526
44.94,32116.9,35069.1,0.5052,0.1712,149.5,96.9,0.526
44.96,32202.8,35438.1,0.8783,1.0795,149.5,96.9,0.526
44.98,32377.7,35754.5,1.6387,1.8587,149.5,96.9,0.526
45.0,32395.7,35747.1,1.7167,1.8404,149.5,96.9,0.526
45.02,32254.3,35584.2,1.102,1.4394,149.5,96.9,0.526
45.04,32193.6,35470.6,0.8383,1.1597,149.4,96.9,0.526
45.06,32140.5,35238.0,0.6075,0.587,149.3,96.9,0.526
45.08,32045.8,35090.9,0.1962,0.2247,149.3,96.9,0.526
45.1,32068.4,35076.8,0.2943,0.1901,149.2,96.9,0.526
45.12,31973.4,34948.2,-0.1186,-0.1265,149.1,96.9,0.526
45.14,31994.3,34921.4,-0.0276,-0.1924,149.1,96.9,0.526
45.16,31857.9,34784.8,-0.6204,-0.5287,149.0,96.9,0.526
45.18,31824.6,34734.2,-0.7655,-0.6534,149.0,96.9,0.526
45.2,31886.2,34706.0,-0.4974,-0.7227,148.9,96.9,0.526
45.22,31934.8,34643.7,-0.2863,-0.8763,148.8,96.9,0.526
45.24,31853.7,34621.4,-0.6387,-0.9312,148.8,96.9,0.526
45.26,31794.1,34513.8,-0.8978,-1.1961,148.7,96.9,0.526
45.28,31765.5,34358.4,-1.0223,-1.5785,148.6,96.9,0.526
45.3,31834.0,34579.6,-0.7243,-1.034,148.6,96.9,0.526
45.32,31868.3,34805.4,-0.5753,-0.478,148.5,96.9,0.526
45.34,32044.1,35134.2,0.1886,0.3315,148.5,96.9,0.526
45.36,32304.0,35350.6,1.3182,0.8643,148.4,96.9,0.526
45.38,32308.2,35750.5,1.3365,1.8487,148.3,96.9,0.526
45.4,32336.4,35714.8,1.459,1.7608,148.3,96.9,0.526
45.42,32320.8,35739.5,1.3911,1.8218,148.2,96.9,0.526
45.44,32156.1,35383.6,0.6753,0.9456,148.1,96.9,0.526
45.46,32028.2,35170.7,0.1197,0.4214,148.1,96.9,0.526
45.48,32019.2,35226.7,0.0805,0.5592,148.0,96.9,0.526
45.5,32034.0,35163.2,0.1446,0.4029,148.0,96.9,0.526
45.52,31956.3,35005.1,-0.1929,0.0135,147.9,96.9,0.526
45.54,31962.3,34984.9,-0.167,-0.0362,147.8,96.9,0.526
45.56,31902.6,34687.9,-0.4265,-0.7673,147.8,96.9,0.526
45.58,31946.5,34689.5,-0.2354,-0.7635,147.7,96.9,0.526
45.6,31841.1,34759.9,-0.6936,-0.59,147.6,96.9,0.526
45.62,31848.5,34731.6,-0.6614,-0.6598,147.6,96.9,0.526
45.64,31713.7,34632.9,-1.2471,-0.9027,147.5,96.9,0.526
45.66,31858.9,34525.9,-0.6161,-1.1662,147.5,96.9,0.526
45.68,31750.7,34463.4,-1.0864,-1.3202,147.4,96.9,0.526
45.7,31665.6,34390.6,-1.4565,-1.4993,147.3,96.9,0.526
45.72,31781.8,34679.3,-0.9514,-0.7886,147.3,96.9,0.526
45.74,31993.0,35048.4,-0.0334,0.1203,147.2,96.9,0.526
45.76,32142.5,35387.4,0.6165,0.9549,147.1,96.9,0.526
45.78,32326.0,35645.6,1.4137,1.5906,147.1,96.9,0.526
45.8,32439.1,35779.7,1.9052,1.9208,147.0,96.9,0.526
45.82,32338.8,35640.2,1.4693,1.5773,146.9,96.9,0.526
45.84,32270.1,35418.9,1.1711,1.0323,146.9,96.9,0.526
45.86,32065.9,35367.5,0.2835,0.9058,146.8,96.9,0.526
45.88,32128.1,35227.3,0.5536,0.5607,146.8,96.9,0.526
45.9,32003.0,35170.5,0.0102,0.4208,146.7,96.9,0.526
45.92,32004.1,35027.0,0.0149,0.0675,146.6,96.9,0.526
45.94,31897.9,34870.7,-0.4466,-0.3174,146.6,96.9,0.526
45.96,32000.6,34804.3,-0.0003,-0.4809,146.5,96.9,0.526
45.98,31964.2,34750.3,-0.1587,-0.6137,146.4,96.9,0.526
46.0,31846.1,34715.6,-0.6719,-0.6991,146.4,96.9,0.526
46.02,31823.9,34707.2,-0.7681,-0.7198,146.3,96.9,0.526
46.04,31860.7,34578.4,-0.6082,-1.037,146.3,96.9,0.526
46.06,31798.5,34573.7,-0.8789,-1.0485,146.2,96.9,0.526
46.08,31687.3,34486.2,-1.3622,-1.264,146.1,96.9,0.526
46.1,31700.0,34482.7,-1.307,-1.2726,146.1,96.9,0.526
46.12,31817.5,34524.9,-0.7963,-1.1686,146.0,96.9,0.526
46.14,31832.2,34859.3,-0.7321,-0.3455,146.0,96.9,0.526
46.16,32085.8,35146.0,0.37,0.3604,145.9,96.9,0.526
46.18,32226.9,35474.0,0.9833,1.1681,145.8,96.9,0.526
46.2,32331.3,35726.6,1.4369,1.7899,145.8,96.9,0.526
46.22,32404.7,35683.0,1.7559,1.6825,145.7,96.9,0.526
46.24,32281.4,35612.9,1.2201,1.5101,145.6,96.9,0.526
46.26,32201.1,35404.6,0.8709,0.9971,145.6,96.9,0.526
46.28,32055.7,35238.0,0.2389,0.5871,145.5,96.9,0.526
46.3,32036.8,35125.7,0.157,0.3105,145.5,96.9,0.526
46.32,32083.2,34972.3,0.3587,-0.0672,145.4,96.9,0.526
46.34,32006.7,35005.4,0.0262,0.0143,145.3,96.9,0.526
46.36,31952.9,34960.3,-0.2076,-0.0966,145.3,96.9,0.526
46.38,31886.1,34815.1,-0.4979,-0.4542,145.2,96.9,0.526
46.4,31928.9,34678.2,-0.312,-0.7911,145.1,96.9,0.526
46.42,31846.0,34644.4,-0.6724,-0.8746,145.1,96.9,0.526
46.44,31892.6,34690.0,-0.4696,-0.7621,145.0,96.9,0.526
46.46,31845.9,34656.9,-0.6726,-0.8437,145.0,96.9,0.526
46.48,31754.0,34635.1,-1.072,-0.8974,144.9,96.9,0.526
46.5,31667.1,34460.5,-1.4499,-1.3272,144.8,96.9,0.526
46.52,31726.8,34503.0,-1.1903,-1.2225,144.8,96.9,0.526
46.54,31860.0,34664.5,-0.6116,-0.8251,144.7,96.9,0.526
46.56,31955.7,34897.6,-0.1957,-0.2512,144.6,96.9,0.526
46.58,32211.4,35257.6,0.916,0.6352,144.6,96.9,0.526
46.6,32358.1,35616.6,1.5533,1.5192,144.5,96.9,0.526
46.62,32320.9,35760.2,1.3916,1.8727,144.5,96.9,0.526
46.64,32389.7,35705.4,1.6909,1.7377,144.4,96.9,0.526
46.66,32222.0,35587.4,0.962,1.4472,144.3,96.9,0.526
46.68,32260.1,35360.5,1.1273,0.8886,144.3,96.9,0.526
46.7,32061.5,35150.8,0.2642,0.3722,144.2,96.9,0.526
46.72,32029.6,35098.5,0.1255,0.2436,144.2,96.9,0.526
46.74,31991.0,35036.8,-0.042,0.0917,144.1,96.9,0.526
46.76,32041.8,35022.2,0.1786,0.0556,144.0,96.9,0.526
46.78,31965.5,34846.7,-0.1528,-0.3765,144.0,96.9,0.526
46.8,31862.7,34759.7,-0.5999,-0.5906,143.9,96.9,0.526
46.82,31827.4,34747.1,-0.7531,-0.6217,143.8,96.9,0.526
46.84,31896.4,34615.8,-0.4531,-0.9449,143.8,96.9,0.526
46.86,31783.7,34710.9,-0.9429,-0.7108,143.7,96.9,0.526
46.88,31881.7,34631.6,-0.5173,-0.906,143.7,96.9,0.526
46.9,31804.7,34523.9,-0.8517,-1.1711,143.6,96.9,0.526
46.92,31712.7,34383.5,-1.2518,-1.5168,143.5,96.9,0.526
46.94,31690.3,34500.9,-1.3491,-1.2277,143.5,96.9,0.526
46.96,31782.4,34631.9,-0.9488,-0.9054,143.4,96.9,0.526
46.98,31947.7,34933.9,-0.2301,-0.1617,143.4,96.9,0.526
47.0,32144.1,35334.6,0.6231,0.8248,143.3,96.9,0.526
47.02,32268.5,35586.8,1.164,1.4458,143.2,96.9,0.526
47.04,32394.3,35794.9,1.7109,1.958,143.2,96.9,0.526
47.06,32306.5,35696.0,1.3292,1.7146,143.1,96.9,0.526
47.08,32174.9,35478.9,0.757,1.1802,143.0,96.9,0.526
47.1,32150.3,35233.0,0.6501,0.5748,143.0,96.9,0.526
47.12,32041.4,35253.2,0.177,0.6244,142.9,96.9,0.526
47.14,32080.2,35061.2,0.3456,0.1517,142.9,96.9,0.526
47.16,32000.1,35125.1,-0.0028,0.3089,142.8,96.9,0.526
47.18,32011.0,34999.1,0.0449,-0.0013,142.7,96.9,0.526
47.2,31842.1,34912.7,-0.6893,-0.2139,142.7,96.9,0.526
47.22,31961.5,34793.5,-0.1705,-0.5075,142.6,96.9,0.526
47.24,31873.8,34710.1,-0.5514,-0.7127,142.6,96.9,0.526
47.26,31736.7,34677.2,-1.1472,-0.7937,142.5,96.9,0.526
47.28,31800.2,34684.9,-0.8715,-0.7748,142.4,96.9,0.526
47.3,31909.3,34607.8,-0.3972,-0.9645,142.4,96.9,0.526
47.32,31782.2,34492.9,-0.9496,-1.2474,142.3,96.9,0.526
47.34,31702.9,34459.3,-1.2942,-1.3301,142.3,96.9,0.526
47.36,31759.0,34508.1,-1.0505,-1.2101,142.2,96.9,0.526
47.38,31825.1,34612.8,-0.7632,-0.9522,142.1,96.9,0.526
47.4,31989.9,34947.6,-0.0467,-0.128,142.1,96.9,0.526
47.42,32279.7,35382.4,1.2127,0.9426,142.0,96.9,0.526
47.44,32270.9,35600.5,1.1744,1.4794,142.0,96.9,0.526
47.46,32350.3,35743.3,1.5194,1.831,141.9,96.9,0.526
47.48,32351.6,35680.7,1.5252,1.6769,141.8,96.9,0.526
47.5,32334.9,35421.4,1.4526,1.0386,141.8,96.9,0.526
47.52,32180.5,35266.6,0.7816,0.6575,141.7,96.9,0.526
47.54,32049.1,35139.7,0.2106,0.3449,141.7,96.9,0.526
47.56,32088.5,35134.1,0.3818,0.3313,141.6,96.9,0.526
47.58,32025.9,35047.7,0.1094,0.1185,141.5,96.9,0.526
47.6,32077.8,35010.1,0.3353,0.026,141.5,96.9,0.526
47.62,31984.5,34935.8,-0.0705,-0.157,141.4,96.9,0.526
47.64,31866.9,34715.0,-0.5813,-0.7007,141.3,96.9,0.526
47.66,31846.3,34718.0,-0.6709,-0.6932,141.3,96.9,0.526
47.68,31835.8,34799.0,-0.7166,-0.4939,141.2,96.9,0.526
47.7,31854.9,34677.9,-0.6335,-0.792,141.2,96.9,0.526
47.72,31846.2,34580.9,-0.6713,-1.0309,141.1,96.9,0.526
47.74,31767.0,34570.0,-1.0157,-1.0577,141.0,96.9,0.526
47.76,31721.7,34405.3,-1.2126,-1.4632,141.0,96.9,0.526
47.78,31759.1,34483.8,-1.0498,-1.2698,140.9,96.9,0.526
47.8,31888.4,34604.8,-0.4882,-0.972,140.9,96.9,0.526
47.82,31877.5,34842.5,-0.5355,-0.3866,140.8,96.9,0.526
47.84,32129.0,35303.2,0.5576,0.7476,140.8,96.9,0.526
47.86,32283.0,35606.7,1.2271,1.4948,140.7,96.9,0.526
47.88,32315.9,35665.6,1.3698,1.6398,140.6,96.9,0.526
47.9,32410.3,35653.4,1.78,1.6098,140.6,96.9,0.526
47.92,32200.9,35579.1,0.87,1.4267,140.5,96.9,0.526
47.94,32191.0,35449.3,0.8273,1.1072,140.5,96.9,0.526
47.96,32051.1,35150.0,0.2189,0.3704,140.4,96.9,0.526
47.98,32022.9,35063.0,0.0964,0.1561,140.3,96.9,0.526
48.0,32103.9,34961.0,0.4486,-0.0951,140.3,96.9,0.526
48.02,32035.6,35005.6,0.1519,0.0148,140.2,96.9,0.526
48.04,31962.2,34931.5,-0.1672,-0.1675,140.2,96.9,0.526
48.06,31916.7,34810.1,-0.3649,-0.4665,140.1,96.9,0.526
48.08,31858.7,34685.2,-0.6173,-0.7741,140.0,96.9,0.526
48.1,31770.5,34718.7,-1.0003,-0.6914,140.0,96.9,0.526
48.12,31841.5,34609.6,-0.6917,-0.9601,139.9,96.9,0.526
48.14,31937.2,34562.1,-0.276,-1.077,139.9,96.9,0.526
48.16,31778.3,34580.9,-0.9666,-1.0307,139.8,96.9,0.526
48.18,31715.7,34469.7,-1.2388,-1.3046,139.7,96.9,0.526
48.2,31701.7,34479.0,-1.2995,-1.2817,139.7,96.9,0.526
48.22,31814.1,34546.3,-0.8108,-1.116,139.6,96.9,0.526
48.24,31875.8,34786.3,-0.5429,-0.5252,139.6,96.9,0.526
48.26,32036.0,35039.6,0.1533,0.0984,139.5,96.9,0.526
48.28,32286.4,35479.9,1.2417,1.1825,139.4,96.9,0.526
48.3,32268.8,35651.6,1.1652,1.6053,139.4,96.9,0.526
48.32,32431.1,35695.7,1.8704,1.7138,139.3,96.9,0.526
48.34,32321.6,35686.6,1.3948,1.6915,139.3,96.9,0.526
48.36,32221.0,35423.0,0.9573,1.0424,139.2,96.9,0.526
48.38,32133.9,35291.4,0.579,0.7186,139.2,96.9,0.526
48.4,32112.3,35174.8,0.4851,0.4314,139.1,96.9,0.526
48.42,31979.1,35068.6,-0.0937,0.17,139.0,96.9,0.526
48.44,32008.3,35076.2,0.0331,0.1888,139.0,96.9,0.526
48.46,31901.3,35010.8,-0.4319,0.0276,138.9,96.9,0.526
48.48,32027.3,34904.5,0.1157,-0.2342,138.9,96.9,0.526
48.5,31885.7,34812.5,-0.4998,-0.4605,138.8,96.9,0.526
48.52,31872.4,34709.9,-0.5576,-0.7132,138.7,96.9,0.526
48.54,31906.2,34716.7,-0.4108,-0.6966,138.7,96.9,0.526
48.56,31819.0,34605.6,-0.7896,-0.9701,138.6,96.9,0.526
48.58,31784.0,34611.4,-0.9418,-0.9556,138.6,96.9,0.526
48.6,31838.4,34495.9,-0.7053,-1.2402,138.5,96.9,0.526
48.62,31792.6,34415.7,-0.9043,-1.4376,138.5,96.9,0.526
48.64,31752.1,34499.9,-1.0804,-1.2302,138.4,96.9,0.526
48.66,31949.5,34597.4,-0.2225,-0.9902,138.3,96.9,0.526
48.68,31917.9,34862.8,-0.3599,-0.3366,138.3,96.9,0.526
48.7,32088.9,35255.2,0.3832,0.6294,138.2,96.9,0.526
48.72,32271.8,35515.6,1.1784,1.2703,138.2,96.9,0.526
48.74,32331.9,35743.3,1.4397,1.831,138.1,96.9,0.526
48.76,32251.6,35703.5,1.0905,1.7331,138.1,96.9,0.526
48.78,32332.9,35574.3,1.4439,1.4149,138.0,96.9,0.526
48.8,32164.1,35387.2,0.7101,0.9542,137.9,96.9,0.526
48.82,32122.6,35313.4,0.5298,0.7726,137.9,96.9,0.526
48.84,32127.3,35148.4,0.5502,0.3665,137.8,96.9,0.526
48.86,31992.7,35137.3,-0.0347,0.339,137.8,96.9,0.526
48.88,31999.4,35011.5,-0.0057,0.0294,137.7,96.9,0.526
48.9,31952.5,35014.0,-0.2094,0.0356,137.7,96.9,0.526
48.92,31965.1,34837.2,-0.1546,-0.3997,137.6,96.9,0.526
48.94,31856.7,34753.2,-0.6259,-0.6066,137.5,96.9,0.526
48.96,31826.2,34757.1,-0.7583,-0.5971,137.5,96.9,0.526
48.98,31820.6,34736.0,-0.7825,-0.649,137.4,96.9,0.526
49.0,31864.7,34677.6,-0.591,-0.7926,137.4,96.9,0.526
49.02,31818.3,34626.7,-0.7926,-0.9182,137.3,96.9,0.526
49.04,31856.3,34551.4,-0.6274,-1.1035,137.3,96.9,0.526
49.06,31791.2,34469.7,-0.9105,-1.3045,137.2,96.9,0.526
49.08,31678.4,34411.4,-1.4007,-1.4482,137.1,96.9,0.526
49.1,31783.4,34639.4,-0.9443,-0.8867,137.1,96.9,0.526
49.12,32022.7,34959.2,0.0955,-0.0995,137.0,96.9,0.526
49.14,32135.5,35306.0,0.586,0.7543,137.0,96.9,0.526
49.16,32297.6,35681.9,1.2906,1.6798,136.9,96.9,0.526
49.18,32280.8,35740.6,1.2174,1.8245,136.9,96.9,0.526
49.2,32405.7,35788.9,1.7604,1.9432,136.8,96.9,0.526
49.22,32271.3,35429.4,1.176,1.0582,136.8,96.9,0.526
49.24,32197.8,35472.9,0.8569,1.1653,136.7,96.9,0.526
49.26,32079.9,35180.2,0.3443,0.4447,136.6,96.9,0.526
49.28,31945.5,35094.0,-0.2397,0.2326,136.6,96.9,0.526
49.3,32091.7,35163.8,0.3956,0.4042,136.5,96.9,0.526
49.32,31976.7,34991.4,-0.1044,-0.02,136.5,96.9,0.526
49.34,31930.9,34972.9,-0.3034,-0.0657,136.4,96.9,0.526
49.36,31926.8,34826.6,-0.3211,-0.4259,136.4,96.9,0.526
49.38,31870.4,34693.3,-0.5663,-0.7541,136.3,96.9,0.526
49.4,31852.5,34688.8,-0.644,-0.7652,136.3,96.9,0.526
49.42,31815.9,34619.3,-0.8031,-0.9362,136.2,96.9,0.526
49.44,31873.1,34659.0,-0.5547,-0.8386,136.1,96.9,0.526
49.46,31739.4,34598.8,-1.1354,-0.9868,136.1,96.9,0.526
49.48,31733.7,34520.1,-1.1603,-1.1804,136.0,96.9,0.526
49.5,31750.4,34481.4,-1.0879,-1.2758,136.0,96.9,0.526
49.52,31779.0,34508.5,-0.9633,-1.2092,135.9,96.9,0.526
49.54,31858.7,34586.6,-0.6171,-1.0167,135.9,96.9,0.526
49.56,31975.0,34920.2,-0.1118,-0.1954,135.8,96.9,0.526
49.58,32194.0,35353.7,0.8402,0.8718,135.8,96.9,0.526
49.6,32281.6,35641.3,1.221,1.5799,135.7,96.9,0.526
49.62,32389.8,35665.2,1.6912,1.6389,135.6,96.9,0.526
49.64,32361.6,35617.8,1.5687,1.5221,135.6,96.9,0.526
49.66,32269.3,35660.8,1.1674,1.6279,135.5,96.9,0.526
49.68,32117.3,35421.0,0.5067,1.0376,135.5,96.9,0.526
49.7,32227.9,35223.2,0.9873,0.5505,135.4,96.9,0.526
49.72,32030.3,35107.4,0.1285,0.2655,135.4,96.9,0.526
49.74,32055.0,35055.8,0.2361,0.1384,135.3,96.9,0.526
49.76,32027.3,35087.9,0.1157,0.2176,135.3,96.9,0.526
49.78,31994.4,34967.4,-0.0275,-0.0793,135.2,96.9,0.526
49.8,31860.8,34876.5,-0.6079,-0.303,135.2,96.9,0.526
49.82,31821.9,34740.7,-0.7768,-0.6373,135.1,96.9,0.526
49.84,31811.3,34751.9,-0.8229,-0.6098,135.1,96.9,0.526
49.86,31744.3,34631.0,-1.1144,-0.9075,135.0,96.9,0.526
49.88,31827.5,34780.2,-0.7526,-0.5401,134.9,96.9,0.526
49.9,31764.2,34626.1,-1.0279,-0.9196,134.9,96.9,0.526
49.92,31752.7,34503.0,-1.078,-1.2227,134.8,96.9,0.526
49.94,31804.0,34452.8,-0.8549,-1.3461,134.8,96.9,0.526
49.96,31784.3,34384.9,-0.9406,-1.5134,134.7,96.9,0.526
49.98,31807.5,34555.9,-0.8398,-1.0922,134.7,96.9,0.526
50.0,31937.2,34940.9,-0.2757,-0.1444,134.6,96.9,0.526
50.02,32161.5,35244.1,0.6989,0.602,134.6,96.9,0.526
50.04,32313.2,35518.0,1.3583,1.2765,134.5,96.9,0.526
50.06,32351.1,35693.8,1.5228,1.7093,134.5,96.9,0.526
50.08,32409.7,35787.4,1.7776,1.9396,134.4,96.9,0.526
50.1,32175.5,35608.5,0.7597,1.4991,134.4,96.9,0.526
50.12,32246.7,35496.2,1.0692,1.2226,134.3,96.9,0.526
50.14,32164.5,35264.6,0.7119,0.6526,134.3,96.9,0.526
50.16,32067.7,35200.7,0.2912,0.4951,134.2,96.9,0.526
50.18,31987.9,35020.5,-0.0557,0.0516,134.1,96.9,0.526
50.2,32083.8,35113.6,0.3612,0.2807,134.1,96.9,0.526
50.22,32081.5,35051.2,0.351,0.1271,134.0,96.9,0.526
50.24,31947.5,34842.5,-0.2313,-0.3869,134.0,96.9,0.526
50.26,31952.8,34661.2,-0.208,-0.8331,133.9,96.9,0.526
50.28,31939.8,34657.6,-0.2646,-0.8419,133.9,96.9,0.526
50.3,31832.3,34716.3,-0.7317,-0.6976,133.8,96.9,0.526
50.32,31888.5,34636.0,-0.4878,-0.8953,133.8,96.9,0.526
50.34,31836.5,34653.5,-0.7136,-0.8521,133.7,96.9,0.526
50.36,31766.0,34498.5,-1.02,-1.2336,133.7,96.9,0.526
50.38,31793.0,34496.2,-0.9026,-1.2393,133.6,96.9,0.526
50.4,31725.0,34380.2,-1.1984,-1.5249,133.6,96.9,0.526
50.42,31748.5,34545.5,-1.0958,-1.1181,133.5,96.9,0.526
50.44,31887.6,34630.4,-0.4913,-0.9088,133.5,96.9,0.526
50.46,32103.2,35081.5,0.4454,0.2017,133.4,96.9,0.526
50.48,32191.5,35323.7,0.8292,0.798,133.4,96.9,0.526
50.5,32367.5,35597.5,1.5943,1.4721,133.3,96.9,0.526
50.52,32413.2,35753.9,1.7927,1.8571,133.3,96.9,0.526
50.54,32360.2,35679.0,1.5626,1.6727,133.2,96.9,0.526
50.56,32246.2,35511.6,1.067,1.2606,133.2,96.9,0.526
50.58,32106.7,35328.0,0.4605,0.8085,133.1,96.9,0.526
50.6,32154.8,35156.3,0.6697,0.3859,133.1,96.9,0.526
50.62,32018.8,35074.9,0.0785,0.1855,133.0,96.9,0.526
50.64,32063.9,35064.4,0.2747,0.1596,133.0,96.9,0.526
50.66,31929.1,35010.3,-0.3111,0.0265,132.9,96.9,0.526
50.68,31936.5,34845.5,-0.2789,-0.3792,132.9,96.9,0.526
50.7,31874.0,34783.8,-0.5505,-0.5313,132.8,96.9,0.526
50.72,31847.9,34647.0,-0.6641,-0.8681,132.8,96.9,0.526
50.74,31873.9,34684.0,-0.5512,-0.777,132.7,96.9,0.526
50.76,31771.9,34745.3,-0.9941,-0.6261,132.7,96.9,0.526
50.78,31794.7,34644.5,-0.8953,-0.8743,132.6,96.9,0.526
50.8,31780.0,34599.1,-0.959,-0.986,132.6,96.9,0.526
50.82,31789.8,34561.1,-0.9165,-1.0797,132.5,96.9,0.526
50.84,31759.6,34478.7,-1.0478,-1.2824,132.5,96.9,0.526
50.86,31825.2,34464.1,-0.7628,-1.3183,132.4,96.9,0.526
50.88,31827.6,34634.9,-0.752,-0.8978,132.4,96.9,0.526
50.9,32025.3,34871.3,0.1068,-0.3158,132.3,96.9,0.526
50.92,32143.3,35159.7,0.62,0.3941,132.3,96.9,0.526
50.94,32332.0,35536.5,1.4399,1.322,132.2,96.9,0.526
50.96,32409.9,35764.5,1.7786,1.8833,132.2,96.9,0.526
50.98,32379.8,35806.3,1.6477,1.9862,132.1,96.9,0.526
51.0,32375.3,35654.9,1.628,1.6134,132.1,96.9,0.526
51.02,32243.0,35515.0,1.0533,1.2691,132.0,96.8,0.527
51.04,32072.8,35264.1,0.3135,0.6512,132.0,96.8,0.528
51.06,32107.2,35192.7,0.4628,0.4755,131.9,96.8,0.529
51.08,32041.0,35089.0,0.1753,0.2202,131.9,96.7,0.53
51.1,32024.2,35101.9,0.1021,0.2518,131.8,96.7,0.532
51.12,32044.4,34970.6,0.1901,-0.0713,131.8,96.7,0.533
51.14,31977.4,34967.7,-0.1014,-0.0786,131.7,96.7,0.534
51.16,31941.4,34797.3,-0.2579,-0.4979,131.7,96.6,0.535
51.18,31821.8,34773.7,-0.7774,-0.5562,131.6,96.6,0.536
51.2,31822.2,34709.3,-0.7756,-0.7146,131.6,96.6,0.538
51.22,31887.3,34662.7,-0.4926,-0.8293,131.5,96.5,0.539
51.24,31708.5,34687.9,-1.27,-0.7674,131.5,96.5,0.54
51.26,31864.1,34612.8,-0.5936,-0.9523,131.4,96.5,0.541
51.28,31824.5,34519.7,-0.7658,-1.1815,131.4,96.4,0.542
51.3,31726.4,34497.0,-1.1922,-1.2374,131.3,96.4,0.544
51.32,31726.5,34541.4,-1.1917,-1.128,131.3,96.4,0.545
51.34,31784.2,34655.6,-0.941,-0.847,131.2,96.4,0.546
51.36,31981.5,34984.7,-0.0836,-0.0368,131.2,96.3,0.547
51.38,32151.2,35420.6,0.6541,1.0367,131.1,96.3,0.548
51.4,32264.5,35696.9,1.1466,1.7169,131.1,96.3,0.55
51.42,32384.8,35769.1,1.6692,1.8945,131.1,96.2,0.551
51.44,32440.3,35736.3,1.9106,1.8139,131.0,96.2,0.552
51.46,32310.2,35623.0,1.345,1.5348,131.0,96.2,0.553
51.48,32195.3,35372.3,0.8458,0.9177,130.9,96.1,0.554
51.5,32117.0,35234.3,0.5054,0.5779,130.9,96.1,0.556
51.52,32144.6,35118.5,0.6255,0.2927,130.8,96.1,0.557
51.54,32041.6,35136.9,0.1776,0.3381,130.8,96.1,0.558
51.56,32073.4,35103.2,0.3159,0.2551,130.7,96.0,0.559
51.58,31945.2,35008.5,-0.241,0.022,130.7,96.0,0.56
51.6,31923.6,34850.7,-0.3348,-0.3667,130.6,96.0,0.562
51.62,31894.2,34796.9,-0.4629,-0.4991,130.6,95.9,0.563
51.64,31861.1,34646.6,-0.6067,-0.869,130.5,95.9,0.564
51.66,31851.9,34672.8,-0.6465,-0.8047,130.5,95.9,0.565
51.68,31792.2,34728.1,-0.9062,-0.6685,130.4,95.8,0.566
51.7,31831.3,34604.7,-0.7361,-0.9722,130.4,95.8,0.568
51.72,31782.6,34596.3,-0.948,-0.9929,130.4,95.8,0.569
51.74,31715.8,34511.3,-1.2383,-1.2022,130.3,95.8,0.57
51.76,31790.7,34520.7,-0.9127,-1.1789,130.3,95.7,0.571
51.78,31720.4,34540.8,-1.218,-1.1295,130.2,95.7,0.572
51.8,31805.4,34601.3,-0.8487,-0.9806,130.2,95.7,0.574
51.82,31880.9,34962.4,-0.5206,-0.0915,130.1,95.6,0.575
51.84,32163.0,35386.7,0.7056,0.9532,130.1,95.6,0.576
51.86,32271.0,35618.9,1.1747,1.5247,130.0,95.6,0.577
51.88,32442.6,35800.3,1.9205,1.9714,130.0,95.5,0.578
51.9,32401.8,35680.6,1.7431,1.6768,129.9,95.5,0.58
51.92,32343.3,35574.2,1.489,1.4148,129.9,95.5,0.581
51.94,32208.8,35402.7,0.9045,0.9924,129.9,95.5,0.582
51.96,32140.9,35280.8,0.6093,0.6923,129.8,95.4,0.583
51.98,32070.1,35143.9,0.3016,0.3552,129.8,95.4,0.584
52.0,32022.7,35059.4,0.0955,0.1472,129.7,95.4,0.586
52.02,31991.8,35114.2,-0.0387,0.2822,129.7,95.3,0.587
52.04,31909.7,34976.8,-0.3954,-0.0562,129.6,95.3,0.588
52.06,31954.3,34839.3,-0.2015,-0.3946,129.6,95.3,0.589
52.08,32004.7,34739.2,0.0175,-0.641,129.5,95.2,0.59
52.1,31741.1,34653.4,-1.1281,-0.8523,129.5,95.2,0.592
52.12,31755.2,34646.7,-1.067,-0.8688,129.5,95.2,0.593
52.14,31839.2,34606.4,-0.7018,-0.9681,129.4,95.2,0.594
52.16,31834.5,34529.2,-0.7223,-1.158,129.4,95.1,0.595
52.18,31686.0,34577.6,-1.3675,-1.039,129.3,95.1,0.596
52.2,31740.5,34517.8,-1.1309,-1.1862,129.3,95.1,0.598
52.22,31731.7,34390.6,-1.1692,-1.4994,129.2,95.0,0.599
52.24,31706.0,34352.8,-1.2809,-1.5924,129.2,95.0,0.6
52.26,31821.9,34653.9,-0.7769,-0.8511,129.2,95.0,0.601
52.28,31890.9,34935.7,-0.4771,-0.1572,129.1,94.9,0.602
52.3,32060.0,35224.3,0.2579,0.5533,129.1,94.9,0.604
52.32,32374.7,35561.7,1.6257,1.384,129.0,94.9,0.605
52.34,32503.9,35717.9,2.1871,1.7685,129.0,94.9,0.606
52.36,32413.3,35781.1,1.7931,1.9242,128.9,94.8,0.607
52.38,32325.3,35624.0,1.4108,1.5373,128.9,94.8,0.608
52.4,32236.4,35536.0,1.0244,1.3207,128.9,94.8,0.61
52.42,32119.6,35388.5,0.5169,0.9575,128.8,94.7,0.611
52.44,32025.5,35207.2,0.1077,0.5112,128.8,94.7,0.612
52.46,32045.6,35115.4,0.1951,0.2852,128.7,94.7,0.613
52.48,32052.9,35108.2,0.2271,0.2674,128.7,94.6,0.614
52.5,32056.7,35059.7,0.2435,0.148,128.6,94.6,0.616
52.52,32003.0,34843.3,0.0103,-0.3847,128.6,94.6,0.617
52.54,31881.7,34799.5,-0.517,-0.4925,128.6,94.6,0.618
52.56,31877.9,34775.2,-0.5338,-0.5524,128.5,94.5,0.619
52.58,31827.2,34610.5,-0.754,-0.9578,128.5,94.5,0.62
52.6,31838.2,34769.5,-0.7063,-0.5664,128.4,94.5,0.622
52.62,31809.5,34577.1,-0.8308,-1.0402,128.4,94.4,0.623
52.64,31835.5,34646.1,-0.718,-0.8704,128.4,94.4,0.624
52.66,31794.9,34450.1,-0.8945,-1.3527,128.3,94.4,0.625
52.68,31740.8,34522.1,-1.1294,-1.1757,128.3,94.3,0.626
52.7,31682.6,34485.5,-1.3823,-1.2658,128.2,94.3,0.628
52.72,31734.3,34543.9,-1.1577,-1.122,128.2,94.3,0.629
52.74,31919.4,34854.3,-0.3534,-0.3578,128.1,94.3,0.63
52.76,32030.1,35102.4,0.128,0.2532,128.1,94.2,0.631
52.78,32222.6,35493.4,0.9643,1.2159,128.1,94.2,0.632
52.8,32448.7,35761.5,1.9471,1.8759,128.0,94.2,0.634
52.82,32427.8,35704.3,1.8565,1.735,128.0,94.1,0.635
52.84,32352.1,35758.3,1.5274,1.868,127.9,94.1,0.636
52.86,32371.0,35516.6,1.6094,1.273,127.9,94.1,0.637
52.88,32208.4,35253.0,0.9028,0.6239,127.9,94.0,0.638
52.9,32152.9,35217.2,0.6613,0.5359,127.8,94.0,0.64
52.92,32094.6,35166.5,0.4083,0.411,127.8,94.0,0.641
52.94,32073.7,35161.1,0.3171,0.3977,127.7,94.0,0.642
52.96,31955.9,34998.9,-0.1948,-0.0016,127.7,93.9,0.643
52.98,31985.1,35007.2,-0.0678,0.0188,127.7,93.9,0.644
53.0,31923.6,34842.1,-0.335,-0.3877,127.6,93.9,0.646
53.02,31787.8,34739.2,-0.9253,-0.641,127.6,93.8,0.647
53.04,31768.8,34643.8,-1.008,-0.876,127.6,93.8,0.648
53.06,31795.5,34677.7,-0.8919,-0.7924,127.5,93.8,0.649
53.08,31668.0,34719.0,-1.4459,-0.6908,127.5,93.7,0.65
53.1,31776.7,34636.7,-0.9734,-0.8933,127.4,93.7,0.652
53.12,31799.1,34643.7,-0.8763,-0.8762,127.4,93.7,0.653
53.14,31755.1,34530.3,-1.0674,-1.1553,127.4,93.7,0.654
53.16,31683.4,34493.3,-1.379,-1.2466,127.3,93.6,0.655
53.18,31762.6,34554.6,-1.0349,-1.0956,127.3,93.6,0.656
53.2,31670.3,34754.9,-1.4361,-0.6024,127.2,93.6,0.658
53.22,32008.9,34877.2,0.0359,-0.3012,127.2,93.5,0.659
53.24,32192.2,35270.7,0.8323,0.6676,127.2,93.5,0.66
53.26,32360.0,35706.2,1.5618,1.7396,127.1,93.5,0.661
53.28,32414.5,35729.5,1.7986,1.7972,127.1,93.4,0.662
53.3,32419.9,35825.7,1.8218,2.0338,127.1,93.4,0.664
53.32,32359.0,35559.7,1.5571,1.379,127.0,93.4,0.665
53.34,32287.5,35319.5,1.2467,0.7876,127.0,93.4,0.666
53.36,32146.5,35294.3,0.6335,0.7257,126.9,93.3,0.667
53.38,32137.4,35182.3,0.594,0.45,126.9,93.3,0.668
53.4,31984.8,35172.6,-0.0689,0.426,126.9,93.3,0.67
53.42,31996.7,35054.5,-0.0175,0.1352,126.8,93.2,0.671
53.44,31959.5,35027.2,-0.1789,0.0681,126.8,93.2,0.672
53.46,31996.6,34963.3,-0.0178,-0.0894,126.8,93.2,0.673
53.48,31756.5,34756.0,-1.0612,-0.5996,126.7,93.1,0.674
53.5,31788.3,34751.8,-0.9231,-0.6101,126.7,93.1,0.676
53.52,31802.4,34710.8,-0.8619,-0.711,126.7,93.1,0.677
53.54,31777.0,34737.5,-0.9723,-0.6451,126.6,93.1,0.678
53.56,31762.2,34770.8,-1.0364,-0.5634,126.6,93.0,0.679
53.58,31677.4,34654.3,-1.4052,-0.8502,126.5,93.0,0.68
53.6,31810.0,34524.3,-0.829,-1.1702,126.5,93.0,0.682
53.62,31629.4,34398.8,-1.6135,-1.4791,126.5,92.9,0.683
53.64,31711.2,34486.6,-1.2581,-1.263,126.4,92.9,0.684
53.66,31662.9,34597.6,-1.4679,-0.9898,126.4,92.9,0.685
53.68,31915.5,34728.3,-0.3703,-0.6678,126.4,92.8,0.686
53.7,32102.4,35105.9,0.442,0.2617,126.3,92.8,0.688
53.72,32310.3,35473.9,1.3455,1.1679,126.3,92.8,0.689
53.74,32366.8,35658.7,1.591,1.6228,126.3,92.8,0.69
53.76,32325.3,35734.6,1.4108,1.8096,126.2,92.7,0.691
53.78,32354.2,35720.3,1.5363,1.7745,126.2,92.7,0.692
53.8,32415.7,35549.2,1.8035,1.3532,126.2,92.7,0.694
53.82,32266.5,35361.8,1.1551,0.8919,126.1,92.6,0.695
53.84,32145.5,35211.7,0.6294,0.5223,126.1,92.6,0.696
53.86,32053.2,35221.9,0.2284,0.5473,126.1,92.6,0.697
53.88,31993.3,35122.6,-0.0321,0.3028,126.0,92.5,0.698
53.9,32029.0,35080.9,0.1232,0.2001,126.0,92.5,0.7
53.92,31888.9,34946.7,-0.4859,-0.1303,125.9,92.5,0.701
53.94,31934.9,34822.2,-0.2859,-0.4368,125.9,92.5,0.702
53.96,31895.7,34775.0,-0.4562,-0.553,125.9,92.4,0.703
53.98,31824.5,34682.1,-0.7656,-0.7816,125.8,92.4,0.704
54.0,31697.0,34740.8,-1.3198,-0.6371,125.8,92.4,0.706
54.02,31887.4,34672.7,-0.4923,-0.8049,125.8,92.3,0.707
54.04,31741.7,34668.6,-1.1258,-0.8148,125.7,92.3,0.708
54.06,31691.7,34662.9,-1.3429,-0.8288,125.7,92.3,0.709
54.08,31661.3,34527.8,-1.4749,-1.1614,125.7,92.2,0.71
54.1,31753.2,34435.3,-1.0756,-1.3893,125.6,92.2,0.712
54.12,31684.8,34463.5,-1.3731,-1.3198,125.6,92.2,0.713
54.14,31732.6,34622.2,-1.1653,-0.9292,125.6,92.2,0.714
54.16,31925.3,34879.9,-0.3277,-0.2946,125.6,92.1,0.715
54.18,32184.9,35142.7,0.8007,0.3523,125.5,92.1,0.716
54.2,32277.9,35514.9,1.2048,1.2689,125.5,92.1,0.718
54.22,32423.7,35654.5,1.8385,1.6125,125.5,92.0,0.719
54.24,32442.7,35761.6,1.921,1.8761,125.4,92.0,0.72
54.26,32519.5,35693.8,2.2547,1.7092,125.4,92.0,0.721
54.28,32267.8,35468.6,1.1611,1.1547,125.4,91.9,0.722
54.3,32256.0,35382.2,1.1097,0.9421,125.3,91.9,0.724
54.32,32066.8,35255.6,0.2875,0.6302,125.3,91.9,0.725
54.34,32183.7,35112.9,0.7954,0.2791,125.3,91.9,0.726
54.36,32042.4,35133.7,0.1812,0.3303,125.2,91.8,0.727
54.38,32058.2,35129.9,0.25,0.3209,125.2,91.8,0.728
54.4,31970.9,35062.2,-0.1296,0.1541,125.2,91.8,0.73
54.42,31884.5,34829.0,-0.5049,-0.4201,125.1,91.7,0.731
54.44,31946.4,34899.9,-0.2361,-0.2454,125.1,91.7,0.732
54.46,31756.8,34735.3,-1.0598,-0.6507,125.1,91.7,0.733
54.48,31765.6,34576.3,-1.0215,-1.0421,125.0,91.6,0.734
54.5,31839.4,34692.2,-0.7009,-0.7568,125.0,91.6,0.736
54.52,31810.3,34682.4,-0.8276,-0.7808,125.0,91.6,0.737
54.54,31696.7,34561.4,-1.3211,-1.0788,125.0,91.6,0.738
54.56,31642.2,34453.9,-1.5579,-1.3436,124.9,91.5,0.739
54.58,31623.8,34400.4,-1.6379,-1.4752,124.9,91.5,0.74
54.6,31708.8,34497.2,-1.2684,-1.2368,124.9,91.5,0.742
54.62,31796.9,34589.8,-0.8858,-1.009,124.8,91.4,0.743
54.64,31860.5,34843.3,-0.6092,-0.3848,124.8,91.4,0.744
54.66,32032.7,35197.5,0.1393,0.4874,124.8,91.4,0.745
54.68,32284.1,35403.5,1.2317,0.9946,124.7,91.3,0.746
54.7,32482.0,35659.3,2.092,1.6242,124.7,91.3,0.748
54.72,32648.8,35730.3,2.8166,1.799,124.7,91.3,0.749
54.74,32504.0,35701.6,2.1873,1.7284,124.7,91.3,0.75
54.76,32376.1,35497.7,1.6315,1.2265,124.6,91.2,0.751
54.78,32182.2,35345.7,0.7888,0.8521,124.6,91.2,0.752
54.8,32158.6,35234.9,0.6863,0.5794,124.6,91.2,0.754
54.82,32114.5,35128.3,0.4945,0.317,124.5,91.1,0.755
54.84,32066.4,35079.6,0.2857,0.197,124.5,91.1,0.756
54.86,32005.9,35062.6,0.0226,0.1551,124.5,91.1,0.757
54.88,32043.0,35015.8,0.1839,0.04,124.5,91.0,0.758
54.9,31854.7,34895.8,-0.6344,-0.2555,124.4,91.0,0.76
54.92,31827.1,34840.7,-0.7543,-0.3913,124.4,91.0,0.761
54.94,31845.2,34720.7,-0.6759,-0.6865,124.4,91.0,0.762
54.96,31774.2,34663.5,-0.9844,-0.8275,124.3,90.9,0.763
54.98,31768.4,34672.6,-1.0095,-0.805,124.3,90.9,0.764
55.0,31691.9,34621.3,-1.3421,-0.9314,124.3,90.9,0.766
55.02,31682.7,34616.9,-1.3819,-0.9423,124.3,90.8,0.767
55.04,31695.7,34554.7,-1.3255,-1.0952,124.2,90.8,0.768
55.06,31684.5,34362.8,-1.3742,-1.5678,124.2,90.8,0.769
55.08,31527.2,34440.7,-2.0579,-1.3759,124.2,90.7,0.77
55.1,31672.0,34586.9,-1.4286,-1.0161,124.2,90.7,0.772
55.12,31758.7,34875.1,-1.0518,-0.3065,124.1,90.7,0.773
55.14,32039.0,35088.5,0.1663,0.219,124.1,90.7,0.774
55.16,32231.7,35491.9,1.004,1.2121,124.1,90.6,0.775
55.18,32413.6,35682.3,1.7945,1.6808,124.1,90.6,0.776
55.2,32618.3,35695.2,2.6841,1.7126,124.0,90.6,0.778
55.22,32547.6,35716.6,2.3771,1.7652,124.0,90.5,0.779
55.24,32354.1,35528.9,1.5361,1.3033,124.0,90.5,0.78
55.26,32275.3,35356.8,1.1936,0.8794,124.0,90.5,0.781
55.28,32159.7,35280.8,0.6912,0.6924,123.9,90.4,0.782
55.3,32025.8,35155.1,0.1093,0.3829,123.9,90.4,0.784
55.32,32008.1,35064.7,0.0322,0.1604,123.9,90.4,0.785
55.34,32000.2,35078.3,-0.0023,0.1938,123.9,90.4,0.786
55.36,31983.0,35027.9,-0.077,0.0696,123.8,90.3,0.787
55.38,31932.8,34878.1,-0.2951,-0.2991,123.8,90.3,0.788
55.4,31857.2,34740.0,-0.6236,-0.639,123.8,90.3,0.79
55.42,31860.5,34621.9,-0.6094,-0.93,123.8,90.2,0.791
55.44,31737.9,34658.5,-1.142,-0.8398,123.7,90.2,0.792
55.46,31780.2,34681.9,-0.9584,-0.7821,123.7,90.2,0.793
55.48,31745.2,34647.9,-1.1102,-0.866,123.7,90.1,0.794
55.5,31745.6,34625.6,-1.1086,-0.9209,123.7,90.1,0.796
55.52,31690.6,34452.3,-1.3477,-1.3475,123.6,90.1,0.797
55.54,31614.7,34545.7,-1.6776,-1.1176,123.6,90.1,0.798
55.56,31667.4,34429.5,-1.4487,-1.4035,123.6,90.0,0.799
55.58,31665.9,34496.7,-1.4551,-1.2381,123.6,90.0,0.8
55.6,31815.1,34806.3,-0.8067,-0.4759,123.5,90.0,0.802
55.62,32080.8,35008.1,0.3481,0.0211,123.5,89.9,0.803
55.64,32298.2,35299.9,1.2932,0.7394,123.5,89.9,0.804
55.66,32473.6,35601.6,2.0554,1.4822,123.5,89.9,0.805
55.68,32494.3,35709.8,2.1454,1.7486,123.4,89.8,0.806
55.7,32560.1,35651.3,2.4315,1.6045,123.4,89.8,0.808
55.72,32376.7,35564.4,1.6344,1.3907,123.4,89.8,0.809
55.74,32355.7,35447.5,1.543,1.1029,123.4,89.8,0.81
55.76,32175.7,35244.9,0.7606,0.6039,123.4,89.7,0.811
55.78,32053.0,35144.7,0.2272,0.3573,123.3,89.7,0.812
55.8,32138.5,35138.7,0.5988,0.3425,123.3,89.7,0.814
55.82,32060.7,35094.7,0.2608,0.2341,123.3,89.6,0.815
55.84,31991.3,35056.9,-0.0408,0.1411,123.3,89.6,0.816
55.86,31887.9,34912.3,-0.49,-0.2149,123.2,89.6,0.817
55.88,31900.4,34818.0,-0.4359,-0.4471,123.2,89.5,0.818
55.9,31815.8,34789.5,-0.8037,-0.5172,123.2,89.5,0.82
55.92,31734.1,34726.3,-1.1587,-0.6729,123.2,89.5,0.821
55.94,31727.7,34630.9,-1.1866,-0.9078,123.2,89.5,0.822
55.96,31748.8,34649.3,-1.0948,-0.8623,123.1,89.4,0.823
55.98,31693.2,34601.8,-1.3365,-0.9794,123.1,89.4,0.824
56.0,31713.8,34581.4,-1.2469,-1.0295,123.1,89.4,0.826
56.02,31684.6,34428.4,-1.3739,-1.4064,123.1,89.3,0.827
56.04,31508.6,34446.2,-2.1386,-1.3625,123.1,89.3,0.828
56.06,31611.1,34471.1,-1.693,-1.301,123.0,89.3,0.829
56.08,31813.9,34689.7,-0.8116,-0.763,123.0,89.2,0.83
56.1,31943.0,35016.9,-0.2508,0.0427,123.0,89.2,0.832
56.12,32242.7,35215.1,1.0519,0.5307,123.0,89.2,0.833
56.14,32478.7,35558.0,2.0777,1.3748,123.0,89.2,0.834
56.16,32617.1,35696.7,2.6792,1.7163,122.9,89.1,0.835
56.18,32635.9,35743.9,2.7607,1.8324,122.9,89.1,0.836
56.2,32483.9,35645.4,2.0999,1.5899,122.9,89.1,0.838
56.22,32342.5,35486.7,1.4856,1.1992,122.9,89.0,0.839
56.24,32276.1,35302.6,1.197,0.7459,122.9,89.0,0.84
56.26,32164.6,35232.3,0.7122,0.5729,122.8,89.0,0.841
56.28,32111.5,35141.6,0.4817,0.3497,122.8,88.9,0.842
56.3,32019.1,35152.4,0.08,0.3762,122.8,88.9,0.844
56.32,32046.3,34909.7,0.1981,-0.2212,122.8,88.9,0.845
56.34,32001.2,34949.3,0.0022,-0.1239,122.8,88.9,0.846
56.36,31883.8,34908.8,-0.5081,-0.2236,122.7,88.8,0.847
56.38,31766.0,34773.5,-1.0198,-0.5566,122.7,88.8,0.848
56.4,31767.7,34712.3,-1.0127,-0.7072,122.7,88.8,0.85
56.42,31765.2,34767.5,-1.0237,-0.5714,122.7,88.7,0.851
56.44,31721.6,34669.6,-1.213,-0.8124,122.7,88.7,0.852
56.46,31697.9,34629.9,-1.316,-0.9102,122.7,88.7,0.853
56.48,31652.2,34562.4,-1.5148,-1.0764,122.6,88.6,0.854
56.5,31662.5,34533.8,-1.4697,-1.1467,122.6,88.6,0.856
56.52,31604.4,34497.9,-1.7222,-1.2352,122.6,88.6,0.857
56.54,31477.5,34429.3,-2.274,-1.4041,122.6,88.6,0.858
56.56,31745.6,34598.5,-1.1086,-0.9874,122.6,88.5,0.859
56.58,31862.0,34739.0,-0.6028,-0.6414,122.5,88.5,0.86
56.6,32131.6,35184.0,0.5691,0.4541,122.5,88.5,0.862
56.62,32407.5,35467.5,1.768,1.1519,122.5,88.4,0.863
56.64,32495.7,35620.8,2.1514,1.5295,122.5,88.4,0.864
56.66,32645.7,35736.8,2.8035,1.8152,122.5,88.4,0.865
56.68,32563.0,35643.1,2.444,1.5843,122.5,88.3,0.866
56.7,32396.2,35610.0,1.7187,1.5029,122.4,88.3,0.868
56.72,32413.6,35462.8,1.7948,1.1405,122.4,88.3,0.869
56.74,32157.3,35201.1,0.6805,0.4962,122.4,88.3,0.87
56.76,32114.3,35046.8,0.4937,0.1162,122.4,88.2,0.871
56.78,32117.1,35079.0,0.506,0.1955,122.4,88.2,0.872
56.8,32123.2,35039.2,0.5325,0.0975,122.4,88.2,0.874
56.82,32122.6,35026.8,0.5299,0.0671,122.4,88.1,0.875
56.84,31953.0,34877.4,-0.2075,-0.3009,122.3,88.1,0.876
56.86,31864.6,34831.4,-0.5913,-0.4141,122.3,88.1,0.877
56.88,31759.5,34753.4,-1.0483,-0.6061,122.3,88.0,0.878
56.9,31794.0,34618.7,-0.8983,-0.9378,122.3,88.0,0.88
56.92,31751.0,34720.3,-1.0852,-0.6876,122.3,88.0,0.881
56.94,31683.4,34573.3,-1.3788,-1.0494,122.3,88.0,0.882
56.96,31708.7,34552.0,-1.2691,-1.1019,122.3,87.9,0.883
56.98,31753.3,34532.1,-1.0751,-1.1509,122.2,87.9,0.884
57.0,31572.5,34518.1,-1.8607,-1.1854,122.2,87.9,0.886
57.02,31546.9,34510.6,-1.9722,-1.2038,122.2,87.8,0.887
57.04,31614.0,34517.1,-1.6804,-1.1878,122.2,87.8,0.888
57.06,31812.8,34530.3,-0.8164,-1.1554,122.2,87.8,0.889
57.08,31953.0,34915.7,-0.2075,-0.2066,122.2,87.7,0.89
57.1,32222.2,35264.4,0.9628,0.652,122.2,87.7,0.892
57.12,32531.7,35542.9,2.3078,1.3376,122.1,87.7,0.893
57.14,32575.4,35686.8,2.4979,1.692,122.1,87.7,0.894
57.16,32569.6,35734.0,2.4726,1.8081,122.1,87.6,0.895
57.18,32589.1,35652.9,2.5575,1.6085,122.1,87.6,0.896
57.2,32379.4,35482.3,1.646,1.1886,122.1,87.6,0.898
57.22,32256.9,35351.2,1.1136,0.8656,122.1,87.5,0.899
57.24,32140.0,35148.5,0.6054,0.3667,122.1,87.5,0.9
57.26,32070.6,35117.4,0.3037,0.2902,122.1,87.5,0.901
57.28,32049.9,35065.7,0.214,0.1628,122.0,87.4,0.902
57.3,31980.3,35049.3,-0.0884,0.1224,122.0,87.4,0.904
57.32,31921.9,35030.2,-0.3423,0.0754,122.0,87.4,0.905
57.34,31817.9,34940.1,-0.7946,-0.1464,122.0,87.4,0.906
57.36,31814.9,34758.2,-0.8076,-0.5942,122.0,87.3,0.907
57.38,31781.7,34691.5,-0.9516,-0.7586,122.0,87.3,0.908
57.4,31723.9,34645.1,-1.2029,-0.8728,122.0,87.3,0.91
57.42,31746.6,34667.3,-1.1044,-0.8181,122.0,87.2,0.911
57.44,31702.0,34637.7,-1.298,-0.8911,121.9,87.2,0.912
57.46,31689.6,34655.4,-1.3521,-0.8475,121.9,87.2,0.913
57.48,31582.0,34469.5,-1.8196,-1.3051,121.9,87.1,0.914
57.5,31583.8,34429.5,-1.8118,-1.4035,121.9,87.1,0.916
57.52,31479.0,34442.1,-2.2674,-1.3725,121.9,87.1,0.917
57.54,31640.9,34487.2,-1.5637,-1.2615,121.9,87.1,0.918
57.56,31883.5,34765.9,-0.5094,-0.5752,121.9,87.0,0.919
57.58,32028.9,34917.8,0.1226,-0.2012,121.9,87.0,0.92
57.6,32371.9,35430.7,1.6133,1.0615,121.9,87.0,0.922
57.62,32537.2,35697.7,2.3317,1.7187,121.9,86.9,0.923
57.64,32690.3,35745.9,2.9969,1.8375,121.8,86.9,0.924
57.66,32663.9,35791.3,2.8822,1.9493,121.8,86.9,0.925
57.68,32573.3,35540.1,2.4888,1.3307,121.8,86.8,0.926
57.7,32335.8,35421.1,1.4563,1.0379,121.8,86.8,0.928
57.72,32239.7,35177.2,1.0386,0.4374,121.8,86.8,0.929
57.74,32126.2,35102.7,0.5455,0.2539,121.8,86.8,0.93
57.76,32134.6,35154.9,0.582,0.3825,121.8,86.7,0.931
57.78,32052.2,35093.9,0.224,0.2321,121.8,86.7,0.932
57.8,31943.9,35065.3,-0.2468,0.1619,121.8,86.7,0.934
57.82,31934.4,34885.5,-0.288,-0.2809,121.8,86.6,0.935
57.84,31882.7,34832.1,-0.5127,-0.4122,121.8,86.6,0.936
57.86,31782.8,34736.6,-0.9471,-0.6474,121.8,86.6,0.937
57.88,31731.6,34614.4,-1.1696,-0.9485,121.7,86.5,0.938
57.9,31733.9,34645.7,-1.1596,-0.8714,121.7,86.5,0.94
57.92,31610.3,34630.0,-1.6966,-0.9098,121.7,86.5,0.941
57.94,31673.7,34599.9,-1.4213,-0.984,121.7,86.5,0.942
57.96,31540.0,34530.5,-2.0022,-1.1549,121.7,86.4,0.943
57.98,31543.2,34495.8,-1.9881,-1.2404,121.7,86.4,0.944
58.0,31600.6,34458.7,-1.739,-1.3318,121.7,86.4,0.946
58.02,31488.3,34506.2,-2.2271,-1.2148,121.7,86.3,0.947
58.04,31617.7,34566.6,-1.6647,-1.066,121.7,86.3,0.948
58.06,31880.8,34905.9,-0.5212,-0.2306,121.7,86.3,0.949
58.08,32216.8,35254.3,0.9393,0.6271,121.7,86.2,0.95
58.1,32428.2,35423.0,1.858,1.0424,121.7,86.2,0.952
58.12,32731.9,35765.0,3.178,1.8846,121.7,86.2,0.953
58.14,32678.3,35788.5,2.945,1.9424,121.7,86.2,0.954
58.16,32608.6,35714.3,2.6418,1.7597,121.6,86.1,0.955
58.18,32457.2,35598.8,1.9842,1.4754,121.6,86.1,0.956
58.2,32252.0,35304.8,1.0924,0.7516,121.6,86.1,0.958
58.22,32212.5,35198.1,0.9204,0.4888,121.6,86.0,0.959
58.24,32042.9,35156.7,0.1836,0.3869,121.6,86.0,0.96
58.26,32072.1,35134.0,0.3105,0.3309,121.6,86.0,0.961
58.28,32031.2,35005.7,0.1325,0.015,121.6,85.9,0.962
58.3,32030.9,34948.8,0.1315,-0.125,121.6,85.9,0.964
58.32,31930.9,34857.8,-0.3033,-0.349,121.6,85.9,0.965
58.34,31858.5,34860.7,-0.618,-0.342,121.6,85.9,0.966
58.36,31722.2,34721.1,-1.2103,-0.6857,121.6,85.8,0.967
58.38,31737.8,34610.3,-1.1426,-0.9584,121.6,85.8,0.968
58.4,31703.3,34595.0,-1.2925,-0.9962,121.6,85.8,0.97
58.42,31667.2,34630.7,-1.4492,-0.9082,121.6,85.7,0.971
58.44,31661.1,34644.2,-1.476,-0.8751,121.6,85.7,0.972
58.46,31616.0,34506.6,-1.6721,-1.2138,121.6,85.7,0.973
58.48,31504.7,34546.9,-2.1558,-1.1145,121.6,85.6,0.974
58.5,31580.0,34460.0,-1.8285,-1.3284,121.6,85.6,0.976
58.52,31604.5,34515.0,-1.722,-1.193,121.6,85.6,0.977
58.54,31814.4,34611.8,-0.8094,-0.9547,121.6,85.6,0.978
58.56,32132.7,35031.4,0.5739,0.0783,121.6,85.5,0.979
58.58,32248.9,35276.4,1.0789,0.6816,121.6,85.5,0.98
58.6,32579.0,35563.6,2.5135,1.3887,121.6,85.5,0.982
58.62,32644.5,35653.1,2.7981,1.609,121.5,85.4,0.983
58.64,32744.6,35767.9,3.2333,1.8917,121.5,85.4,0.984
58.66,32574.1,35587.8,2.4921,1.4483,121.5,85.4,0.985
58.68,32529.9,35594.6,2.3002,1.4649,121.5,85.3,0.986
58.7,32229.8,35330.5,0.9956,0.8147,121.5,85.3,0.988
58.72,32217.3,35160.5,0.9413,0.3961,121.5,85.3,0.989
58.74,32120.8,35157.0,0.5222,0.3875,121.5,85.3,0.99
58.76,32107.3,35043.6,0.4636,0.1083,121.5,85.2,0.991
58.78,32034.9,34939.2,0.1486,-0.1486,121.5,85.2,0.992
58.8,31885.9,34983.5,-0.499,-0.0395,121.5,85.2,0.994
58.82,31840.5,34908.6,-0.696,-0.2241,121.5,85.1,0.995
58.84,31757.5,34782.0,-1.057,-0.5356,121.5,85.1,0.996
58.86,31720.1,34744.3,-1.2195,-0.6285,121.5,85.1,0.997
58.88,31662.7,34651.8,-1.4688,-0.8564,121.5,85.0,0.998
58.9,31688.9,34713.0,-1.355,-0.7056,121.5,85.0,1.0
58.92,31700.6,34644.4,-1.3043,-0.8744,121.5,85.0,1.001
58.94,31623.7,34659.0,-1.6383,-0.8386,121.5,85.0,1.002
58.96,31590.3,34508.1,-1.7836,-1.2101,121.5,84.9,1.003
58.98,31464.7,34513.2,-2.3295,-1.1974,121.5,84.9,1.004
59.0,31448.1,34430.8,-2.4017,-1.4003,121.5,84.9,1.006
59.02,31627.1,34569.7,-1.6237,-1.0583,121.5,84.8,1.007
59.04,31821.9,34755.2,-0.7769,-0.6016,121.6,84.8,1.008
59.06,32055.8,35094.0,0.2393,0.2324,121.6,84.8,1.009
59.08,32397.1,35468.1,1.7229,1.1534,121.6,84.7,1.01
59.1,32522.0,35599.9,2.2658,1.4779,121.7,84.7,1.012
59.12,32680.0,35769.9,2.9524,1.8965,121.7,84.7,1.013
59.14,32728.9,35778.2,3.165,1.9169,121.7,84.7,1.014
59.16,32657.1,35585.0,2.853,1.4413,121.7,84.6,1.015
59.18,32375.8,35411.3,1.6302,1.0136,121.8,84.6,1.016
59.2,32204.8,35305.4,0.8871,0.7528,121.8,84.6,1.018
59.22,32141.5,35112.0,0.6118,0.2768,121.8,84.5,1.019
59.24,32088.9,35092.6,0.3834,0.2291,121.9,84.5,1.02
59.26,32042.0,35141.4,0.1793,0.3492,121.9,84.5,1.021
59.28,31990.0,35024.5,-0.0465,0.0614,121.9,84.4,1.022
59.3,31984.2,34987.6,-0.0717,-0.0296,121.9,84.4,1.024
59.32,31864.4,34903.8,-0.5924,-0.2358,122.0,84.4,1.025
59.34,31786.8,34806.6,-0.9296,-0.4752,122.0,84.4,1.026
59.36,31646.8,34765.0,-1.5381,-0.5776,122.0,84.3,1.027
59.38,31629.2,34655.7,-1.6145,-0.8467,122.1,84.3,1.028
59.4,31600.0,34605.4,-1.7415,-0.9704,122.1,84.3,1.03
59.42,31627.3,34651.1,-1.623,-0.8579,122.1,84.2,1.031
59.44,31541.4,34556.1,-1.996,-1.092,122.1,84.2,1.032
59.46,31592.6,34526.1,-1.7738,-1.1656,122.2,84.2,1.033
59.48,31538.2,34420.7,-2.0099,-1.4253,122.2,84.1,1.034
59.5,31473.9,34475.9,-2.2894,-1.2894,122.2,84.1,1.036
59.52,31617.0,34579.7,-1.6676,-1.0337,122.2,84.1,1.037
59.54,31877.8,34884.2,-0.5341,-0.284,122.3,84.1,1.038
59.56,32207.8,35234.2,0.9,0.5776,122.3,84.0,1.039
59.58,32504.5,35550.9,2.1895,1.3573,122.3,84.0,1.04
59.6,32637.6,35679.8,2.7681,1.6747,122.4,84.0,1.042
59.62,32605.3,35817.8,2.6277,2.0145,122.4,83.9,1.043
59.64,32691.2,35730.3,3.0012,1.7991,122.4,83.9,1.044
59.66,32548.9,35383.5,2.3826,0.9452,122.4,83.9,1.045
59.68,32293.6,35347.0,1.273,0.8555,122.5,83.8,1.046
59.7,32249.3,35123.4,1.0804,0.3048,122.5,83.8,1.048
59.72,32080.8,35113.5,0.348,0.2805,122.5,83.8,1.049
59.74,32169.9,35066.2,0.7355,0.1641,122.6,83.8,1.05
59.76,32116.9,35112.1,0.5051,0.2771,122.6,83.7,1.051
59.78,31965.4,35125.6,-0.1536,0.3103,122.6,83.7,1.052
59.8,31983.8,34862.9,-0.0735,-0.3366,122.6,83.7,1.054
59.82,31781.0,34847.8,-0.9549,-0.3737,122.7,83.6,1.055
59.84,31871.9,34748.9,-0.5596,-0.6173,122.7,83.6,1.056
59.86,31619.1,34595.7,-1.6586,-0.9943,122.7,83.6,1.057
59.88,31712.8,34740.0,-1.2512,-0.6391,122.7,83.5,1.058
59.9,31718.5,34653.2,-1.2264,-0.8527,122.8,83.5,1.06
59.92,31671.0,34641.5,-1.4331,-0.8817,122.8,83.5,1.061
59.94,31558.4,34605.7,-1.9221,-0.9697,122.8,83.5,1.062
59.96,31506.1,34456.8,-2.1495,-1.3365,122.9,83.4,1.063
59.98,31590.8,34456.4,-1.7813,-1.3373,122.9,83.4,1.064
60.0,31573.3,34591.3,-1.8576,-1.0051,122.9,83.4,1.066
60.02,31769.7,34846.0,-1.004,-0.3781,122.9,83.3,1.067
60.04,32152.4,34985.1,0.6592,-0.0357,123.0,83.3,1.068
60.06,32385.2,35360.5,1.6709,0.8886,123.0,83.3,1.069
60.08,32678.8,35611.8,2.9474,1.5073,123.0,83.2,1.07
60.1,32673.7,35795.9,2.925,1.9605,123.1,83.2,1.072
60.12,32750.8,35745.4,3.2601,1.8363,123.1,83.2,1.073
60.14,32514.6,35585.3,2.2335,1.442,123.1,83.2,1.074
60.16,32447.4,35435.2,1.9415,1.0724,123.1,83.1,1.075
60.18,32234.4,35237.3,1.0159,0.5852,123.2,83.1,1.076
60.2,32195.6,35122.6,0.8472,0.303,123.2,83.1,1.078
60.22,32117.7,35162.8,0.5087,0.4018,123.2,83.0,1.079
60.24,32023.6,35021.3,0.0995,0.0536,123.2,83.0,1.08
60.26,32202.7,34994.3,0.878,-0.013,123.3,83.0,1.081
60.28,31901.6,34906.5,-0.4308,-0.2292,123.3,82.9,1.082
60.3,31859.7,34701.3,-0.6129,-0.7344,123.3,82.9,1.084
60.32,31815.7,34738.1,-0.8038,-0.6437,123.4,82.9,1.085
60.34,31645.4,34667.3,-1.5441,-0.8182,123.4,82.9,1.086
60.36,31595.5,34732.3,-1.7612,-0.658,123.4,82.8,1.087
60.38,31679.2,34637.9,-1.3971,-0.8906,123.4,82.8,1.088
60.4,31635.8,34647.0,-1.586,-0.8682,123.5,82.8,1.09
60.42,31588.0,34542.5,-1.7938,-1.1254,123.5,82.7,1.091
60.44,31452.5,34477.1,-2.3823,-1.2864,123.5,82.7,1.092
60.46,31425.3,34435.4,-2.5005,-1.3891,123.6,82.7,1.093
60.48,31526.1,34502.8,-2.0628,-1.2231,123.6,82.6,1.094
60.5,31650.5,34702.6,-1.5219,-0.7311,123.6,82.6,1.096
60.52,32021.4,34917.1,0.0901,-0.203,123.6,82.6,1.097
60.54,32261.5,35205.5,1.1337,0.507,123.7,82.6,1.098
60.56,32558.7,35531.9,2.4253,1.3105,123.7,82.5,1.099
60.58,32677.4,35695.8,2.9409,1.714,123.7,82.5,1.1
60.6,32673.6,35686.8,2.9245,1.692,123.7,82.5,1.102
60.62,32659.3,35595.3,2.8623,1.4667,123.8,82.4,1.103
60.64,32537.4,35508.9,2.3327,1.2541,123.8,82.4,1.104
60.66,32317.1,35339.1,1.3752,0.8359,123.8,82.4,1.105
60.68,32210.7,35186.6,0.9128,0.4605,123.9,82.3,1.106
60.7,32044.7,35170.7,0.1914,0.4214,123.9,82.3,1.108
60.72,32124.1,35095.9,0.5365,0.2373,123.9,82.3,1.109
60.74,32064.8,35011.2,0.2785,0.0287,123.9,82.3,1.11
60.76,31995.1,35013.8,-0.0244,0.0351,124.0,82.2,1.111
60.78,31788.8,34911.5,-0.9209,-0.2169,124.0,82.2,1.112
60.8,31797.9,34822.7,-0.8813,-0.4356,124.0,82.2,1.114
60.82,31759.1,34679.6,-1.0498,-0.7878,124.1,82.1,1.115
60.84,31571.6,34630.4,-1.8651,-0.909,124.1,82.1,1.116
60.86,31681.1,34709.5,-1.3891,-0.7141,124.1,82.1,1.117
60.88,31633.3,34574.8,-1.5966,-1.0458,124.1,82.0,1.118
60.9,31572.8,34558.6,-1.8595,-1.0858,124.2,82.0,1.12
60.92,31531.6,34533.6,-2.0386,-1.1474,124.2,82.0,1.121
60.94,31487.7,34448.0,-2.2295,-1.3579,124.2,82.0,1.122
60.96,31456.9,34494.8,-2.3633,-1.2427,124.2,81.9,1.123
60.98,31662.3,34711.0,-1.4706,-0.7104,124.3,81.9,1.124
61.0,31904.5,34968.2,-0.4181,-0.0772,124.3,81.9,1.126
61.02,32211.9,35230.2,0.9178,0.5678,124.3,82.3,1.109
61.04,32552.4,35440.9,2.3977,1.0866,124.4,82.5,1.102
61.06,32725.2,35711.2,3.1487,1.752,124.4,82.6,1.096
61.08,32721.8,35767.8,3.1341,1.8914,124.4,82.7,1.092
61.1,32741.0,35695.8,3.2174,1.714,124.4,82.8,1.088
61.12,32569.0,35516.0,2.4701,1.2714,124.5,82.9,1.084
61.14,32298.6,35347.6,1.2949,0.8569,124.5,83.0,1.081
61.16,32270.9,35144.9,1.1745,0.3578,124.5,83.1,1.078
61.18,32119.9,35052.9,0.5183,0.1313,124.6,83.1,1.075
61.2,32076.1,35055.2,0.3277,0.1369,124.6,83.2,1.072
61.22,32041.3,34994.8,0.1766,-0.0118,124.6,83.3,1.069
61.24,31935.5,34911.3,-0.2834,-0.2174,124.6,83.3,1.067
61.26,31833.7,34939.7,-0.7258,-0.1474,124.7,83.4,1.064
61.28,31758.9,34802.5,-1.0507,-0.4853,124.7,83.4,1.062
61.3,31601.1,34719.8,-1.7368,-0.6889,124.7,83.5,1.06
61.32,31768.6,34727.8,-1.0087,-0.6691,124.7,83.6,1.058
61.34,31684.5,34700.2,-1.3744,-0.7371,124.8,83.6,1.056
61.36,31632.2,34668.3,-1.6013,-0.8156,124.8,83.7,1.054
61.38,31638.4,34537.3,-1.5744,-1.1382,124.8,83.7,1.052
61.4,31580.2,34484.1,-1.8274,-1.2691,124.9,83.8,1.05
61.42,31463.8,34378.5,-2.3332,-1.5292,124.9,83.8,1.048
61.44,31515.7,34507.2,-2.1077,-1.2122,124.9,83.9,1.046
61.46,31742.5,34494.2,-1.1223,-1.2443,124.9,83.9,1.044
61.48,31869.2,34982.6,-0.5713,-0.0418,125.0,83.9,1.042
61.5,32165.1,35215.2,0.7148,0.5309,125.0,84.0,1.041
61.52,32435.3,35472.1,1.8891,1.1633,125.0,84.0,1.039
61.54,32724.7,35721.1,3.1468,1.7765,125.1,84.1,1.037
61.56,32806.7,35777.4,3.5028,1.9151,125.1,84.1,1.036
61.58,32631.4,35613.0,2.741,1.5104,125.1,84.1,1.034
61.6,32480.0,35348.9,2.0833,0.86,125.1,84.2,1.033
61.62,32302.1,35423.4,1.3098,1.0436,125.2,84.2,1.031
61.64,32267.9,35200.1,1.1615,0.4938,125.2,84.3,1.03
61.66,32102.3,35057.0,0.4416,0.1414,125.2,84.3,1.028
61.68,31972.8,34950.7,-0.121,-0.1203,125.3,84.3,1.027
61.7,31993.4,35029.7,-0.0315,0.0742,125.3,84.4,1.025
61.72,31968.4,34925.4,-0.1405,-0.1826,125.3,84.4,1.024
61.74,31913.8,34827.1,-0.3774,-0.4245,125.3,84.4,1.022
61.76,31832.0,34778.7,-0.7331,-0.5438,125.4,84.5,1.021
61.78,31852.7,34657.2,-0.643,-0.843,125.4,84.5,1.02
61.8,31672.2,34630.0,-1.4275,-0.9099,125.4,84.5,1.018
61.82,31709.9,34680.1,-1.2638,-0.7866,125.4,84.6,1.017
61.84,31596.6,34641.7,-1.7562,-0.8811,125.5,84.6,1.016
61.86,31685.8,34597.4,-1.3684,-0.9903,125.5,84.6,1.014
61.88,31463.0,34489.4,-2.3367,-1.256,125.5,84.7,1.013
61.9,31528.8,34435.4,-2.0509,-1.3889,125.6,84.7,1.012
61.92,31512.8,34348.1,-2.1204,-1.6041,125.6,84.7,1.01
61.94,31620.6,34671.5,-1.652,-0.8078,125.6,84.8,1.009
61.96,31925.8,34893.6,-0.3256,-0.2609,125.6,84.8,1.008
61.98,32240.7,35196.6,1.043,0.4852,125.7,84.8,1.007
62.0,32553.1,35482.8,2.4007,1.1896,125.7,84.9,1.006
62.02,32719.6,35713.4,3.1247,1.7575,125.7,84.9,1.004
62.04,32698.5,35809.0,3.033,1.9929,125.8,84.9,1.003
62.06,32611.6,35706.2,2.6549,1.7398,125.8,84.9,1.002
62.08,32510.4,35564.4,2.2152,1.3906,125.8,85.0,1.001
62.1,32237.7,35465.6,1.0302,1.1473,125.8,85.0,1.0
62.12,32204.6,35190.3,0.886,0.4697,125.9,85.0,0.999
62.14,32085.9,35108.2,0.3705,0.2673,125.9,85.1,0.997
62.16,32153.1,35030.7,0.6623,0.0766,125.9,85.1,0.996
62.18,32002.9,34953.5,0.0095,-0.1136,125.9,85.1,0.995
62.2,31986.8,35056.8,-0.0604,0.1408,126.0,85.1,0.994
62.22,31848.5,34813.4,-0.6613,-0.4584,126.0,85.2,0.993
62.24,31776.8,34745.8,-0.9732,-0.6248,126.0,85.2,0.992
62.26,31802.8,34741.4,-0.86,-0.6357,126.1,85.2,0.991
62.28,31726.0,34671.0,-1.1937,-0.8089,126.1,85.3,0.99
62.3,31654.8,34707.8,-1.5032,-0.7184,126.1,85.3,0.989
62.32,31744.7,34663.8,-1.1123,-0.8268,126.1,85.3,0.988
62.34,31620.0,34607.6,-1.6544,-0.965,126.2,85.3,0.987
62.36,31524.0,34545.5,-2.0719,-1.1181,126.2,85.4,0.986
62.38,31551.2,34468.8,-1.9536,-1.3067,126.2,85.4,0.985
62.4,31528.1,34573.2,-2.054,-1.0498,126.3,85.4,0.984
62.42,31742.6,34736.8,-1.1215,-0.647,126.3,85.4,0.983
62.44,31934.3,34934.2,-0.2887,-0.1611,126.3,85.5,0.982
62.46,32231.6,35341.2,1.0038,0.8412,126.3,85.5,0.981
62.48,32573.3,35547.2,2.4888,1.3483,126.4,85.5,0.98
62.5,32626.0,35733.8,2.7176,1.8078,126.4,85.5,0.979
62.52,32694.4,35855.5,3.0148,2.1074,126.4,85.6,0.978
62.54,32602.1,35661.1,2.6139,1.6288,126.4,85.6,0.977
62.56,32329.3,35512.5,1.428,1.2628,126.5,85.6,0.976
62.58,32185.0,35242.3,0.8012,0.5976,126.5,85.6,0.975
62.6,32175.9,35148.4,0.7613,0.3663,126.5,85.7,0.974
62.62,32111.5,35124.9,0.4815,0.3085,126.6,85.7,0.973
62.64,32030.6,35061.5,0.1302,0.1525,126.6,85.7,0.972
62.66,31942.7,34921.9,-0.2522,-0.1912,126.6,85.7,0.971
62.68,31928.2,34916.1,-0.3151,-0.2056,126.6,85.7,0.97
62.7,31808.7,34880.0,-0.8343,-0.2945,126.7,85.8,0.969
62.72,31795.5,34796.7,-0.8919,-0.4996,126.7,85.8,0.968
62.74,31782.9,34661.3,-0.9467,-0.8329,126.7,85.8,0.967
62.76,31661.3,34679.9,-1.475,-0.7871,126.8,85.8,0.966
62.78,31688.6,34660.2,-1.3563,-0.8355,126.8,85.9,0.965
62.8,31582.4,34579.0,-1.8177,-1.0355,126.8,85.9,0.965
62.82,31644.0,34597.4,-1.5502,-0.9902,126.8,85.9,0.964
62.84,31547.0,34496.7,-1.9717,-1.2381,126.9,85.9,0.963
62.86,31512.2,34443.2,-2.1231,-1.3699,126.9,86.0,0.962
62.88,31509.0,34543.7,-2.1371,-1.1224,126.9,86.0,0.961
62.9,31792.3,34710.5,-0.9058,-0.7118,126.9,86.0,0.96
62.92,32038.0,35006.2,0.162,0.0162,127.0,86.0,0.959
62.94,32354.3,35311.9,1.537,0.7689,127.0,86.0,0.958
62.96,32471.9,35682.0,2.0478,1.6801,127.0,86.1,0.958
62.98,32700.1,35733.6,3.0395,1.8071,127.1,86.1,0.957
63.0,32587.4,35728.8,2.5501,1.7954,127.1,86.1,0.956
63.02,32580.1,35497.1,2.5181,1.225,127.1,86.1,0.955
63.04,32366.8,35350.6,1.5912,0.8642,127.1,86.1,0.954
63.06,32211.0,35269.8,0.9141,0.6652,127.2,86.2,0.953
63.08,32153.1,35169.8,0.6625,0.4192,127.2,86.2,0.953
63.1,32051.8,35132.9,0.2222,0.3283,127.2,86.2,0.952
63.12,32045.6,35125.8,0.1953,0.3107,127.3,86.2,0.951
63.14,32072.8,34927.7,0.3134,-0.1769,127.3,86.2,0.95
63.16,31878.3,34832.1,-0.5321,-0.4124,127.3,86.3,0.949
63.18,31830.5,34722.7,-0.7398,-0.6816,127.3,86.3,0.948
63.2,31695.9,34733.4,-1.3246,-0.6552,127.4,86.3,0.948
63.22,31736.3,34759.0,-1.149,-0.5923,127.4,86.3,0.947
63.24,31777.4,34680.2,-0.9703,-0.7862,127.4,86.4,0.946
63.26,31663.4,34611.9,-1.4658,-0.9546,127.4,86.4,0.945
63.28,31682.2,34584.9,-1.384,-1.0209,127.5,86.4,0.944
63.3,31649.4,34568.4,-1.5269,-1.0616,127.5,86.4,0.944
63.32,31480.7,34412.9,-2.2601,-1.4445,127.5,86.4,0.943
63.34,31561.1,34440.4,-1.9107,-1.3767,127.6,86.4,0.942
63.36,31630.5,34640.2,-1.6087,-0.8847,127.6,86.5,0.941
63.38,31979.8,34864.9,-0.0907,-0.3315,127.6,86.5,0.94
63.4,32220.7,35147.3,0.9562,0.3637,127.6,86.5,0.94
63.42,32461.5,35615.3,2.0028,1.5159,127.7,86.5,0.939
63.44,32600.4,35655.3,2.6062,1.6145,127.7,86.5,0.938
63.46,32643.1,35755.4,2.7918,1.8607,127.7,86.6,0.937
63.48,32558.3,35749.1,2.4235,1.8453,127.8,86.6,0.937
63.5,32384.4,35403.2,1.6679,0.9938,127.8,86.6,0.936
63.52,32122.7,35342.7,0.5301,0.8448,127.8,86.6,0.935
63.54,32251.6,35266.4,1.0906,0.6568,127.8,86.6,0.934
63.56,32097.8,35146.1,0.422,0.3606,127.9,86.7,0.934
63.58,32078.5,35033.1,0.3381,0.0826,127.9,86.7,0.933
63.6,32024.5,35054.4,0.1035,0.1351,127.9,86.7,0.932
63.62,31901.9,34872.5,-0.4295,-0.3128,127.9,86.7,0.931
63.64,31897.0,34852.6,-0.4508,-0.362,128.0,86.7,0.931
63.66,31764.7,34974.0,-1.0257,-0.0631,128.0,86.8,0.93
63.68,31704.9,34734.8,-1.2855,-0.6519,128.0,86.8,0.929
63.7,31780.4,34580.7,-0.9573,-1.0314,128.1,86.8,0.928
63.72,31687.3,34633.8,-1.3619,-0.9006,128.1,86.8,0.928
63.74,31688.4,34607.1,-1.3573,-0.9663,128.1,86.8,0.927
63.76,31635.3,34642.2,-1.588,-0.8798,128.1,86.8,0.926
63.78,31590.4,34425.6,-1.7831,-1.413,128.2,86.9,0.926
63.8,31500.8,34495.5,-2.1725,-1.2411,128.2,86.9,0.925
63.82,31644.8,34470.1,-1.5469,-1.3037,128.2,86.9,0.924
63.84,31834.4,34825.6,-0.7225,-0.4283,128.3,86.9,0.923
63.86,32054.2,35035.5,0.2324,0.0885,128.3,86.9,0.923
63.88,32329.4,35310.9,1.4287,0.7665,128.3,87.0,0.922
63.9,32626.2,35693.9,2.7185,1.7094,128.3,87.0,0.921
63.92,32664.2,35797.0,2.8837,1.9633,128.4,87.0,0.921
63.94,32568.0,35710.7,2.4657,1.7509,128.4,87.0,0.92
63.96,32500.8,35604.8,2.1734,1.4902,128.4,87.0,0.919
63.98,32319.7,35374.5,1.3865,0.9232,128.5,87.0,0.918
64.0,32218.2,35186.3,0.9455,0.4598,128.5,87.1,0.918
64.02,32041.1,35068.4,0.1757,0.1695,128.5,87.1,0.917
64.04,32024.0,35077.5,0.1015,0.1918,128.5,87.1,0.916
64.06,32030.1,35085.4,0.1277,0.2112,128.6,87.1,0.916
64.08,31923.1,34925.1,-0.337,-0.1833,128.6,87.1,0.915
64.1,31852.4,34902.6,-0.6446,-0.2387,128.6,87.1,0.914
64.12,31855.7,34827.2,-0.6301,-0.4244,128.6,87.2,0.914
64.14,31752.3,34675.8,-1.0796,-0.7971,128.7,87.2,0.913
64.16,31668.7,34635.5,-1.443,-0.8964,128.7,87.2,0.912
64.18,31725.9,34704.6,-1.1943,-0.7263,128.7,87.2,0.912
64.2,31666.8,34617.8,-1.4512,-0.9399,128.8,87.2,0.911
64.22,31692.8,34640.6,-1.3383,-0.8838,128.8,87.2,0.91
64.24,31626.4,34492.8,-1.6266,-1.2478,128.8,87.3,0.91
64.26,31530.8,34458.2,-2.0424,-1.3329,128.8,87.3,0.909
64.28,31573.8,34567.8,-1.8554,-1.0631,128.9,87.3,0.908
64.3,31744.0,34639.2,-1.1158,-0.8872,128.9,87.3,0.908
64.32,31918.6,34869.3,-0.3568,-0.3207,128.9,87.3,0.907
64.34,32211.4,35393.1,0.9157,0.9689,129.0,87.3,0.906
64.36,32503.1,35480.9,2.1833,1.1849,129.0,87.4,0.906
64.38,32626.9,35712.8,2.7217,1.7559,129.0,87.4,0.905
64.4,32609.6,35768.8,2.6462,1.8939,129.0,87.4,0.904
64.42,32512.1,35563.7,2.2227,1.3889,129.1,87.4,0.904
64.44,32422.2,35371.3,1.8318,0.9151,129.1,87.4,0.903
64.46,32259.2,35237.2,1.1237,0.5851,129.1,87.4,0.902
64.48,32224.0,35133.7,0.9707,0.3301,129.1,87.5,0.902
64.5,32041.7,35111.0,0.1784,0.2744,129.2,87.5,0.901
64.52,31998.0,35011.8,-0.0117,0.0302,129.2,87.5,0.9
64.54,32063.3,34948.9,0.272,-0.1248,129.2,87.5,0.9
64.56,31889.6,34963.1,-0.4829,-0.0898,129.3,87.5,0.899
64.58,31962.3,34826.4,-0.1668,-0.4265,129.3,87.5,0.899
64.6,31747.4,34801.6,-1.1007,-0.4875,129.3,87.6,0.898
64.62,31727.8,34706.7,-1.1859,-0.721,129.3,87.6,0.897
64.64,31791.1,34656.2,-0.9107,-0.8453,129.4,87.6,0.897
64.66,31766.1,34654.0,-1.0197,-0.8509,129.4,87.6,0.896
64.68,31628.3,34552.3,-1.6183,-1.1013,129.4,87.6,0.895
64.7,31589.4,34463.7,-1.7877,-1.3194,129.5,87.6,0.895
64.72,31572.5,34444.2,-1.8609,-1.3674,129.5,87.6,0.894
64.74,31591.7,34413.8,-1.7773,-1.4422,129.5,87.7,0.894
64.76,31678.4,34590.0,-1.4009,-1.0084,129.5,87.7,0.893
64.78,32016.2,34890.9,0.0674,-0.2676,129.6,87.7,0.892
64.8,32197.4,35161.4,0.855,0.3983,129.6,87.7,0.892
64.82,32487.5,35538.3,2.1158,1.3263,129.6,87.7,0.891
64.84,32557.9,35648.3,2.4216,1.5972,129.6,87.7,0.89
64.86,32550.3,35788.4,2.3888,1.9422,129.7,87.8,0.89
64.88,32529.3,35633.4,2.2973,1.5605,129.7,87.8,0.889
64.9,32359.2,35382.0,1.5581,0.9416,129.7,87.8,0.889
64.92,32239.6,35400.0,1.0384,0.9859,129.8,87.8,0.888
64.94,32131.4,35154.1,0.5681,0.3804,129.8,87.8,0.887
64.96,32206.0,35018.4,0.8924,0.0462,129.8,87.8,0.887
64.98,32160.3,35134.5,0.6938,0.3321,129.8,87.8,0.886
65.0,31948.3,34976.0,-0.2278,-0.058,129.9,87.9,0.886
65.02,31962.3,34853.7,-0.1669,-0.3592,129.9,87.9,0.885
65.04,31899.0,34790.9,-0.4419,-0.5139,129.9,87.9,0.884
65.06,31818.7,34743.4,-0.791,-0.6308,130.0,87.9,0.884
65.08,31785.4,34668.4,-0.9357,-0.8153,130.0,87.9,0.883
65.1,31850.1,34648.9,-0.6545,-0.8633,130.0,87.9,0.883
65.12,31690.6,34551.6,-1.3476,-1.1029,130.0,87.9,0.882
65.14,31711.5,34614.9,-1.2569,-0.947,130.1,88.0,0.881
65.16,31625.3,34547.1,-1.6315,-1.1141,130.1,88.0,0.881
65.18,31630.3,34447.8,-1.6097,-1.3584,130.1,88.0,0.88
65.2,31628.1,34509.9,-1.6194,-1.2055,130.1,88.0,0.88
65.22,31622.3,34558.4,-1.6445,-1.0862,130.2,88.0,0.879
65.24,31915.8,34777.0,-0.3691,-0.5479,130.2,88.0,0.879
65.26,32216.0,35283.1,0.9356,0.6979,130.2,88.1,0.878
65.28,32462.8,35418.6,2.0086,1.0317,130.3,88.1,0.877
65.3,32503.0,35693.1,2.1833,1.7074,130.3,88.1,0.877
65.32,32548.0,35775.5,2.3785,1.9102,130.3,88.1,0.876
65.34,32490.3,35659.5,2.1278,1.6247,130.3,88.1,0.876
65.36,32337.5,35521.9,1.4639,1.2861,130.4,88.1,0.875
65.38,32249.7,35344.1,1.0822,0.8482,130.4,88.1,0.874
65.4,32210.4,35216.5,0.9115,0.5342,130.4,88.2,0.874
65.42,32077.3,35166.5,0.3328,0.4109,130.5,88.2,0.873
65.44,32051.0,35021.6,0.2186,0.0543,130.5,88.2,0.873
65.46,32093.0,34971.5,0.4012,-0.0692,130.5,88.2,0.872
65.48,31914.2,34923.4,-0.376,-0.1876,130.5,88.2,0.872
65.5,31856.4,34777.9,-0.6273,-0.5459,130.6,88.2,0.871
65.52,31780.9,34720.5,-0.9552,-0.6872,130.6,88.2,0.87
65.54,31709.1,34697.6,-1.2673,-0.7435,130.6,88.3,0.87
65.56,31595.0,34695.8,-1.7632,-0.7478,130.6,88.3,0.869
65.58,31802.7,34680.5,-0.8604,-0.7856,130.7,88.3,0.869
65.6,31685.6,34599.6,-1.3696,-0.9848,130.7,88.3,0.868
65.62,31679.4,34510.1,-1.3964,-1.2052,130.7,88.3,0.868
65.64,31555.7,34428.2,-1.9339,-1.4067,130.8,88.3,0.867
65.66,31699.3,34450.9,-1.3098,-1.3508,130.8,88.3,0.867
65.68,31651.2,34532.0,-1.5188,-1.1512,130.8,88.4,0.866
65.7,31800.5,34821.2,-0.8699,-0.4391,130.8,88.4,0.865
65.72,32201.3,35185.0,0.8721,0.4565,130.9,88.4,0.865
65.74,32531.9,35530.1,2.3086,1.3061,130.9,88.4,0.864
65.76,32482.1,35826.2,2.0923,2.0351,130.9,88.4,0.864
65.78,32641.6,35780.0,2.7856,1.9213,131.0,88.4,0.863
65.8,32601.4,35659.1,2.6108,1.6238,131.0,88.4,0.863
65.82,32463.2,35554.0,2.0101,1.3651,131.0,88.4,0.862
65.84,32280.3,35198.0,1.2154,0.4885,131.0,88.5,0.862
65.86,32119.4,35245.9,0.5159,0.6064,131.1,88.5,0.861
65.88,32051.1,35164.0,0.2191,0.4047,131.1,88.5,0.861
65.9,31992.9,35116.2,-0.0338,0.2871,131.1,88.5,0.86
65.92,31966.8,34968.1,-0.1473,-0.0776,131.1,88.5,0.859
65.94,31821.3,34946.0,-0.7797,-0.1318,131.2,88.5,0.859
65.96,31871.0,34750.8,-0.5637,-0.6124,131.2,88.5,0.858
65.98,31840.5,34726.3,-0.6961,-0.6727,131.2,88.6,0.858
66.0,31774.7,34698.8,-0.9822,-0.7405,131.3,88.6,0.857
66.02,31666.0,34635.3,-1.4544,-0.897,131.3,88.6,0.857
66.04,31709.6,34781.7,-1.2653,-0.5364,131.3,88.6,0.856
66.06,31753.7,34627.4,-1.0733,-0.9163,131.3,88.6,0.856
66.08,31616.6,34551.8,-1.6694,-1.1023,131.4,88.6,0.855
66.1,31575.3,34561.4,-1.8489,-1.0787,131.4,88.6,0.855
66.12,31661.4,34445.8,-1.4746,-1.3634,131.4,88.6,0.854
66.14,31624.5,34587.3,-1.6349,-1.0149,131.5,88.7,0.854
66.16,32027.8,34877.4,0.1176,-0.3008,131.5,88.7,0.853
66.18,32157.6,35309.9,0.6819,0.7641,131.5,88.7,0.852
66.2,32346.1,35495.5,1.5014,1.221,131.5,88.7,0.852
66.22,32582.5,35700.4,2.5284,1.7255,131.6,88.7,0.851
66.24,32612.6,35683.1,2.6592,1.6828,131.6,88.7,0.851
66.26,32470.6,35684.0,2.0424,1.6851,131.6,88.7,0.85
66.28,32389.9,35418.5,1.6915,1.0314,131.7,88.8,0.85
66.3,32200.1,35268.1,0.8668,0.6611,131.7,88.8,0.849
66.32,32156.0,35091.8,0.6749,0.2269,131.7,88.8,0.849
66.34,32065.7,35131.9,0.2826,0.3258,131.7,88.8,0.848
66.36,32075.8,35009.4,0.3264,0.0241,131.8,88.8,0.848
66.38,31934.2,35049.5,-0.2891,0.123,131.8,88.8,0.847
66.4,31899.8,34885.8,-0.4385,-0.2801,131.8,88.8,0.847
66.42,31817.8,34773.1,-0.7948,-0.5575,131.8,88.8,0.846
66.44,31842.0,34719.0,-0.6895,-0.6908,131.9,88.9,0.846
66.46,31836.0,34739.0,-0.7158,-0.6415,131.9,88.9,0.845
66.48,31671.2,34706.6,-1.432,-0.7213,131.9,88.9,0.845
66.5,31737.8,34656.6,-1.1426,-0.8445,132.0,88.9,0.844
66.52,31702.5,34540.8,-1.2961,-1.1295,132.0,88.9,0.844
66.54,31714.6,34507.3,-1.2435,-1.2121,132.0,88.9,0.843
66.56,31588.0,34435.9,-1.7935,-1.3877,132.0,88.9,0.843
66.58,31555.9,34478.0,-1.933,-1.2841,132.1,88.9,0.842
66.6,31767.8,34640.4,-1.012,-0.8843,132.1,89.0,0.842
66.62,31866.2,34994.5,-0.5846,-0.0124,132.1,89.0,0.841
66.64,32125.7,35377.8,0.5435,0.9311,132.2,89.0,0.841
66.66,32527.7,35547.2,2.2904,1.3483,132.2,89.0,0.84
66.68,32666.0,35735.8,2.8917,1.8125,132.2,89.0,0.84
66.7,32539.3,35759.1,2.341,1.87,132.2,89.0,0.839
66.72,32349.5,35603.5,1.516,1.4868,132.3,89.0,0.839
66.74,32341.0,35336.8,1.4791,0.8302,132.3,89.0,0.838
66.76,32280.2,35227.1,1.2147,0.5602,132.3,89.1,0.838
66.78,32083.2,35219.3,0.3588,0.5409,132.3,89.1,0.837
66.8,32130.1,35056.3,0.5625,0.1397,132.4,89.1,0.837
66.82,32051.0,35041.5,0.2185,0.1032,132.4,89.1,0.836
66.84,31942.0,34936.9,-0.2549,-0.1544,132.4,89.1,0.836
66.86,31979.1,34805.9,-0.0939,-0.4767,132.5,89.1,0.835
66.88,31780.4,34742.7,-0.9572,-0.6324,132.5,89.1,0.835
66.9,31758.9,34692.1,-1.051,-0.7571,132.5,89.1,0.834
66.92,31700.4,34717.2,-1.3053,-0.6952,132.5,89.2,0.834
66.94,31790.6,34715.0,-0.913,-0.7006,132.6,89.2,0.833
66.96,31745.4,34570.7,-1.1095,-1.0558,132.6,89.2,0.833
66.98,31687.0,34543.8,-1.3634,-1.122,132.6,89.2,0.832
67.0,31552.6,34459.4,-1.9473,-1.3298,132.7,89.2,0.832
67.02,31608.3,34415.6,-1.7055,-1.4377,132.7,89.2,0.831
67.04,31703.6,34529.7,-1.291,-1.1569,132.7,89.2,0.831
67.06,31891.1,34820.3,-0.4764,-0.4414,132.7,89.2,0.83
67.08,32185.5,35065.8,0.8034,0.1631,132.8,89.3,0.83
67.1,32412.9,35478.0,1.7915,1.178,132.8,89.3,0.829
67.12,32557.5,35700.9,2.4202,1.7268,132.8,89.3,0.829
67.14,32609.0,35726.9,2.6437,1.7908,132.8,89.3,0.828
67.16,32464.7,35661.8,2.0166,1.6304,132.9,89.3,0.828
67.18,32389.4,35514.1,1.6892,1.2668,132.9,89.3,0.827
67.2,32284.9,35317.8,1.2353,0.7836,132.9,89.3,0.827
67.22,32012.6,35187.1,0.0516,0.4617,133.0,89.3,0.826
67.24,32151.9,35092.6,0.6573,0.2291,133.0,89.4,0.826
67.26,32066.2,35058.6,0.2845,0.1454,133.0,89.4,0.825
67.28,32069.1,35077.3,0.2973,0.1914,133.0,89.4,0.825
67.3,31954.3,34881.6,-0.2017,-0.2906,133.1,89.4,0.824
67.32,31893.0,34799.7,-0.4681,-0.4921,133.1,89.4,0.824
67.34,31868.1,34749.1,-0.5761,-0.6166,133.1,89.4,0.823
67.36,31709.2,34751.3,-1.2667,-0.6113,133.2,89.4,0.823
67.38,31799.4,34716.0,-0.8748,-0.6981,133.2,89.4,0.822
67.4,31786.6,34657.5,-0.9304,-0.8422,133.2,89.4,0.822
67.42,31827.4,34561.6,-0.753,-1.0784,133.2,89.5,0.822
67.44,31665.6,34569.4,-1.4564,-1.0591,133.3,89.5,0.821
67.46,31610.5,34510.0,-1.6958,-1.2053,133.3,89.5,0.821
67.48,31612.9,34531.3,-1.6852,-1.153,133.3,89.5,0.82
67.5,31667.0,34554.0,-1.4503,-1.0971,133.3,89.5,0.82
67.52,31963.7,34851.2,-0.1609,-0.3654,133.4,89.5,0.819
67.54,32211.9,35247.3,0.9178,0.6098,133.4,89.5,0.819
67.56,32380.8,35656.9,1.652,1.6183,133.4,89.5,0.818
67.58,32553.1,35750.5,2.4009,1.8488,133.5,89.6,0.818
67.6,32460.1,35751.8,1.9968,1.8521,133.5,89.6,0.817
67.62,32437.2,35512.7,1.8973,1.2634,133.5,89.6,0.817
67.64,32266.5,35348.3,1.1551,0.8587,133.5,89.6,0.816
67.66,32193.2,35319.1,0.8367,0.7867,133.6,89.6,0.816
67.68,32139.6,35075.8,0.6036,0.1876,133.6,89.6,0.815
67.7,32114.7,35069.8,0.4955,0.1729,133.6,89.6,0.815
67.72,32122.9,35035.5,0.531,0.0885,133.7,89.6,0.815
67.74,31991.7,34980.9,-0.0389,-0.046,133.7,89.6,0.814
67.76,31885.1,34966.0,-0.5026,-0.0826,133.7,89.7,0.814
67.78,31798.4,34791.1,-0.8793,-0.5132,133.7,89.7,0.813
67.8,31724.2,34833.7,-1.2017,-0.4085,133.8,89.7,0.813
67.82,31816.3,34653.0,-0.8015,-0.8534,133.8,89.7,0.812
67.84,31781.1,34657.2,-0.9544,-0.843,133.8,89.7,0.812
67.86,31680.0,34706.8,-1.3937,-0.7208,133.8,89.7,0.811
67.88,31766.1,34558.4,-1.0196,-1.0861,133.9,89.7,0.811
67.9,31573.8,34491.6,-1.8554,-1.2506,133.9,89.7,0.81
67.92,31692.8,34448.5,-1.338,-1.3568,133.9,89.8,0.81
67.94,31600.3,34464.8,-1.74,-1.3166,134.0,89.8,0.809
67.96,31808.8,34759.0,-0.8338,-0.5922,134.0,89.8,0.809
67.98,32008.6,35166.8,0.0344,0.4116,134.0,89.8,0.809
68.0,32314.9,35422.3,1.3656,1.0409,134.0,89.8,0.808
68.02,32542.0,35738.1,2.3526,1.8182,134.1,89.8,0.808
68.04,32535.8,35649.0,2.3256,1.5989,134.1,89.8,0.807
68.06,32531.9,35778.5,2.3088,1.9177,134.1,89.8,0.807
68.08,32411.4,35546.8,1.7849,1.3474,134.2,89.8,0.806
68.1,32201.9,35324.9,0.8747,0.8008,134.2,89.9,0.806
68.12,32170.2,35163.6,0.7368,0.4039,134.2,89.9,0.805
68.14,32003.0,35127.2,0.0102,0.3142,134.2,89.9,0.805
68.16,32010.7,35112.6,0.0436,0.2783,134.3,89.9,0.804
68.18,31966.4,35054.7,-0.1491,0.1357,134.3,89.9,0.804
68.2,31933.5,34865.0,-0.2921,-0.3313,134.3,89.9,0.804
68.22,31894.8,34839.9,-0.46,-0.3933,134.3,89.9,0.803
68.24,31774.1,34751.4,-0.9848,-0.6109,134.4,89.9,0.803
68.26,31672.5,34725.6,-1.4264,-0.6745,134.4,89.9,0.802
68.28,31836.4,34601.6,-0.7141,-0.9797,134.4,90.0,0.802
68.3,31766.2,34664.8,-1.0189,-0.8242,134.5,90.0,0.801
68.32,31709.9,34620.7,-1.2637,-0.9328,134.5,90.0,0.801
68.34,31610.2,34480.2,-1.6973,-1.2787,134.5,90.0,0.8
68.36,31666.9,34423.8,-1.4506,-1.4176,134.5,90.0,0.8
68.38,31608.3,34523.8,-1.7056,-1.1713,134.6,90.0,0.8
68.4,31746.3,34773.8,-1.1058,-0.5558,134.6,90.0,0.799
68.42,31930.0,35068.9,-0.3073,0.1707,134.6,90.0,0.799
68.44,32351.3,35353.6,1.5238,0.8715,134.7,90.0,0.798
68.46,32546.1,35641.7,2.3704,1.581,134.7,90.1,0.798
68.48,32656.6,35727.1,2.8505,1.7912,134.7,90.1,0.797
68.5,32477.6,35706.4,2.0726,1.7403,134.7,90.1,0.797
68.52,32414.7,35656.6,1.7993,1.6176,134.8,90.1,0.797
68.54,32225.5,35307.9,0.9769,0.7591,134.8,90.1,0.796
68.56,32216.5,35171.6,0.9378,0.4234,134.8,90.1,0.796
68.58,32103.9,35103.1,0.4484,0.2548,134.9,90.1,0.795
68.6,31901.7,35024.0,-0.4303,0.06,134.9,90.1,0.795
68.62,32021.5,34999.2,0.0903,-0.001,134.9,90.1,0.794
68.64,31979.7,34958.3,-0.0911,-0.1015,134.9,90.2,0.794
68.66,31893.4,34773.5,-0.4662,-0.5565,135.0,90.2,0.793
68.68,31871.2,34768.5,-0.5626,-0.5689,135.0,90.2,0.793
68.7,31730.7,34582.1,-1.1732,-1.0279,135.0,90.2,0.793
68.72,31836.8,34655.4,-0.7122,-0.8474,135.0,90.2,0.792
68.74,31687.6,34784.5,-1.3606,-0.5295,135.1,90.2,0.792
68.76,31780.2,34654.8,-0.9581,-0.8489,135.1,90.2,0.791
68.78,31604.7,34408.0,-1.7208,-1.4564,135.1,90.2,0.791
68.8,31597.0,34375.0,-1.7545,-1.5378,135.2,90.2,0.79
68.82,31562.0,34536.6,-1.9064,-1.14,135.2,90.2,0.79
68.84,31696.7,34685.1,-1.3213,-0.7742,135.2,90.3,0.79
68.86,31945.1,34907.8,-0.2414,-0.2259,135.2,90.3,0.789
68.88,32177.5,35256.4,0.7683,0.6323,135.3,90.3,0.789
68.9,32439.8,35586.3,1.9086,1.4445,135.3,90.3,0.788
68.92,32575.9,35673.3,2.4999,1.6588,135.3,90.3,0.788
68.94,32486.2,35753.3,2.1099,1.8556,135.4,90.3,0.787
68.96,32419.1,35592.7,1.8186,1.4602,135.4,90.3,0.787
68.98,32354.8,35410.2,1.539,1.0109,135.4,90.3,0.787
69.0,32265.1,35133.3,1.149,0.3292,135.4,90.3,0.786
69.02,32161.7,35145.1,0.6997,0.3582,135.5,90.4,0.786
69.04,31986.8,35088.8,-0.0602,0.2197,135.5,90.4,0.785
69.06,32006.6,35097.7,0.0256,0.2417,135.5,90.4,0.785
69.08,32007.1,34961.3,0.0278,-0.0942,135.5,90.4,0.784
69.1,31957.4,34814.2,-0.1882,-0.4565,135.6,90.4,0.784
69.12,31884.9,34759.6,-0.5032,-0.5907,135.6,90.4,0.784
69.14,31898.2,34681.8,-0.4454,-0.7824,135.6,90.4,0.783
69.16,31732.0,34649.5,-1.1679,-0.8619,135.7,90.4,0.783
69.18,31716.4,34621.5,-1.2357,-0.9308,135.7,90.4,0.782
69.2,31613.2,34552.5,-1.6841,-1.1008,135.7,90.5,0.782
69.22,31660.0,34502.0,-1.4807,-1.2251,135.7,90.5,0.782
69.24,31562.8,34479.4,-1.9033,-1.2807,135.8,90.5,0.781
69.26,31677.4,34490.2,-1.4052,-1.2541,135.8,90.5,0.781
69.28,31771.8,34653.2,-0.9949,-0.8529,135.8,90.5,0.78
69.3,31939.5,34832.0,-0.266,-0.4125,135.9,90.5,0.78
69.32,32111.7,35245.1,0.4823,0.6045,135.9,90.5,0.779
69.34,32459.8,35632.3,1.9951,1.5577,135.9,90.5,0.779
69.36,32535.6,35736.0,2.3247,1.813,135.9,90.5,0.779
69.38,32549.0,35675.2,2.3828,1.6633,136.0,90.5,0.778
69.4,32365.3,35631.9,1.5845,1.5569,136.0,90.6,0.778
69.42,32238.1,35442.5,1.0317,1.0905,136.0,90.6,0.777
69.44,32176.8,35164.1,0.7655,0.405,136.0,90.6,0.777
69.46,32186.7,35193.9,0.8084,0.4784,136.1,90.6,0.777
69.48,32079.4,35031.4,0.342,0.0782,136.1,90.6,0.776
69.5,32130.8,34979.3,0.5656,-0.0499,136.1,90.6,0.776
69.52,31996.5,35024.3,-0.0181,0.061,136.2,90.6,0.775
69.54,31897.5,34953.7,-0.4484,-0.1131,136.2,90.6,0.775
69.56,31830.9,34802.8,-0.7381,-0.4844,136.2,90.6,0.775
69.58,31763.0,34687.3,-1.033,-0.7687,136.2,90.6,0.774
69.6,31856.8,34680.8,-0.6253,-0.7848,136.3,90.7,0.774
69.62,31796.5,34628.5,-0.8876,-0.9137,136.3,90.7,0.773
69.64,31777.7,34635.0,-0.9693,-0.8977,136.3,90.7,0.773
69.66,31669.7,34455.9,-1.4383,-1.3386,136.4,90.7,0.772
69.68,31683.0,34562.3,-1.3806,-1.0765,136.4,90.7,0.772
69.7,31646.1,34414.3,-1.5412,-1.4409,136.4,90.7,0.772
69.72,31692.2,34564.6,-1.3405,-1.0708,136.4,90.7,0.771
69.74,31843.9,34869.3,-0.6815,-0.3207,136.5,90.7,0.771
69.76,32098.6,35212.3,0.4257,0.5236,136.5,90.7,0.77
69.78,32456.8,35481.1,1.9824,1.1856,136.5,90.7,0.77
69.8,32494.8,35730.4,2.1477,1.7992,136.5,90.8,0.77
69.82,32472.9,35738.7,2.0523,1.8197,136.6,90.8,0.769
69.84,32420.9,35554.9,1.8265,1.3672,136.6,90.8,0.769
69.86,32242.7,35433.3,1.0516,1.0677,136.6,90.8,0.768
69.88,32274.9,35206.3,1.1916,0.509,136.7,90.8,0.768
69.9,32008.1,35064.9,0.032,0.1608,136.7,90.8,0.768
69.92,32062.4,35093.7,0.2682,0.2317,136.7,90.8,0.767
69.94,32030.2,35104.9,0.1281,0.2592,136.7,90.8,0.767
69.96,32002.0,34952.2,0.0056,-0.1167,136.8,90.8,0.766
69.98,31896.5,34729.9,-0.4526,-0.6641,136.8,90.9,0.766
70.0,31866.0,34850.5,-0.5854,-0.367,136.8,90.9,0.766
70.02,31804.3,34703.3,-0.8535,-0.7293,136.9,90.9,0.765
70.04,31733.2,34653.1,-1.1626,-0.853,136.9,90.9,0.765
70.06,31750.2,34721.0,-1.0888,-0.6859,136.9,90.9,0.764
70.08,31742.3,34683.2,-1.1231,-0.7788,136.9,90.9,0.764
70.1,31583.6,34542.2,-1.8129,-1.126,137.0,90.9,0.764
70.12,31612.2,34470.5,-1.6886,-1.3027,137.0,90.9,0.763
70.14,31571.4,34494.5,-1.8656,-1.2435,137.0,90.9,0.763
70.16,31713.6,34614.8,-1.2477,-0.9474,137.0,90.9,0.762
70.18,31967.5,34996.6,-0.1444,-0.0073,137.1,90.9,0.762
70.2,32189.7,35256.6,0.8216,0.6328,137.1,91.0,0.762
70.22,32392.5,35449.1,1.7027,1.1068,137.1,91.0,0.761
70.24,32502.8,35828.4,2.1822,2.0405,137.2,91.0,0.761
70.26,32543.7,35729.7,2.36,1.7976,137.2,91.0,0.76
70.28,32439.6,35604.9,1.9075,1.4904,137.2,91.0,0.76
70.3,32307.0,35393.5,1.3311,0.9699,137.2,91.0,0.76
70.32,32117.8,35252.0,0.5089,0.6215,137.3,91.0,0.759
70.34,32068.8,35190.0,0.2962,0.4688,137.3,91.0,0.759
70.36,32036.8,34996.7,0.157,-0.0071,137.3,91.0,0.758
70.38,32073.7,35013.9,0.3173,0.0352,137.4,91.0,0.758
70.4,32047.8,34889.6,0.2047,-0.2708,137.4,91.1,0.758
70.42,31900.9,34812.4,-0.4338,-0.4609,137.4,91.1,0.757
70.44,31826.7,34729.6,-0.7562,-0.6646,137.4,91.1,0.757
70.46,31706.9,34726.3,-1.2769,-0.6728,137.5,91.1,0.757
70.48,31786.2,34713.5,-0.9324,-0.7044,137.5,91.1,0.756
70.5,31740.0,34665.3,-1.1332,-0.8231,137.5,91.1,0.756
70.52,31722.1,34526.8,-1.211,-1.164,137.5,91.1,0.755
70.54,31752.0,34527.9,-1.0808,-1.1612,137.6,91.1,0.755
70.56,31637.3,34411.8,-1.5795,-1.4471,137.6,91.1,0.755
70.58,31691.5,34535.1,-1.3437,-1.1435,137.6,91.1,0.754
70.6,31766.1,34603.2,-1.0194,-0.9759,137.7,91.2,0.754
70.62,31982.3,34829.3,-0.0798,-0.4192,137.7,91.2,0.753
70.64,32165.4,35240.6,0.7157,0.5934,137.7,91.2,0.753
70.66,32356.8,35715.7,1.5479,1.7632,137.7,91.2,0.753
70.68,32546.2,35647.6,2.3707,1.5954,137.8,91.2,0.752
70.7,32526.5,35754.0,2.2851,1.8574,137.8,91.2,0.752
70.72,32407.5,35588.8,1.7679,1.4506,137.8,91.2,0.751
70.74,32275.7,35309.7,1.195,0.7635,137.9,91.2,0.751
70.76,32246.4,35257.7,1.068,0.6356,137.9,91.2,0.751
70.78,32001.9,35205.2,0.0053,0.5062,137.9,91.2,0.75
70.8,32125.1,35087.8,0.5407,0.2172,137.9,91.3,0.75
70.82,32022.4,34988.8,0.0943,-0.0265,138.0,91.3,0.75
70.84,31970.1,34988.1,-0.133,-0.0283,138.0,91.3,0.749
70.86,31883.9,34812.0,-0.5078,-0.4619,138.0,91.3,0.749
70.88,31766.3,34723.9,-1.0185,-0.6788,138.1,91.3,0.748
70.9,31745.7,34683.3,-1.1081,-0.7786,138.1,91.3,0.748
70.92,31753.4,34637.4,-1.0747,-0.8918,138.1,91.3,0.748
70.94,31768.1,34707.5,-1.0109,-0.7192,138.1,91.3,0.747
70.96,31782.9,34567.6,-0.9466,-1.0636,138.2,91.3,0.747
70.98,31720.7,34558.2,-1.217,-1.0866,138.2,91.3,0.747
71.0,31674.9,34476.8,-1.4158,-1.2872,138.2,91.3,0.746
71.02,31640.4,34540.7,-1.566,-1.1297,138.2,91.4,0.746
71.04,31820.2,34711.5,-0.7843,-0.7092,138.3,91.4,0.745
71.06,31984.9,34956.3,-0.0687,-0.1066,138.3,91.4,0.745
71.08,32292.3,35464.6,1.2675,1.1449,138.3,91.4,0.745
71.1,32483.8,35660.1,2.0998,1.6261,138.4,91.4,0.744
71.12,32459.4,35791.3,1.9938,1.9492,138.4,91.4,0.744
71.14,32415.7,35757.5,1.8039,1.8661,138.4,91.4,0.743
71.16,32335.0,35437.1,1.4529,1.0773,138.4,91.4,0.743
71.18,32264.2,35280.7,1.1454,0.6922,138.5,91.4,0.743
71.2,32163.6,35215.6,0.7078,0.5319,138.5,91.4,0.742
71.22,32027.0,35078.2,0.1144,0.1936,138.5,91.5,0.742
71.24,32016.7,35082.0,0.0695,0.2029,138.6,91.5,0.742
71.26,32010.8,35016.0,0.0439,0.0405,138.6,91.5,0.741
71.28,31877.6,34859.6,-0.5349,-0.3446,138.6,91.5,0.741
71.3,31878.5,34790.7,-0.5309,-0.5144,138.6,91.5,0.74
71.32,31712.7,34724.6,-1.2516,-0.6769,138.7,91.5,0.74
71.34,31768.3,34723.2,-1.0101,-0.6806,138.7,91.5,0.74
71.36,31794.7,34716.0,-0.8952,-0.6982,138.7,91.5,0.739
71.38,31699.9,34682.8,-1.3071,-0.7798,138.7,91.5,0.739
71.4,31684.5,34588.1,-1.3743,-1.013,138.8,91.5,0.739
71.42,31636.9,34403.3,-1.5808,-1.4681,138.8,91.5,0.738
71.44,31740.7,34476.1,-1.1298,-1.2888,138.8,91.6,0.738
71.46,31651.7,34584.3,-1.5168,-1.0225,138.9,91.6,0.737
71.48,31940.9,34836.5,-0.26,-0.4016,138.9,91.6,0.737
71.5,32146.5,35249.0,0.6337,0.6142,138.9,91.6,0.737
71.52,32315.0,35483.4,1.3659,1.1913,138.9,91.6,0.736
71.54,32530.6,35703.6,2.3031,1.7333,139.0,91.6,0.736
71.56,32452.1,35729.6,1.9617,1.7974,139.0,91.6,0.736
71.58,32521.3,35674.1,2.2627,1.6608,139.0,91.6,0.735
71.6,32331.9,35474.8,1.4396,1.17,139.1,91.6,0.735
71.62,32068.5,35240.5,0.2945,0.5932,139.1,91.6,0.735
71.64,32222.0,35101.5,0.9618,0.2509,139.1,91.6,0.734
71.66,32043.6,35101.3,0.1866,0.2504,139.1,91.7,0.734
71.68,31976.9,35050.8,-0.1035,0.126,139.2,91.7,0.733
71.7,32013.5,34937.6,0.0559,-0.1525,139.2,91.7,0.733
71.72,31912.0,34840.8,-0.3853,-0.3909,139.2,91.7,0.733
71.74,31732.5,34855.7,-1.1657,-0.3543,139.2,91.7,0.732
71.76,31824.3,34662.4,-0.7666,-0.8301,139.3,91.7,0.732
71.78,31783.0,34708.0,-0.9463,-0.7178,139.3,91.7,0.732
71.8,31774.5,34655.8,-0.983,-0.8463,139.3,91.7,0.731
71.82,31756.0,34671.2,-1.0633,-0.8084,139.4,91.7,0.731
71.84,31749.6,34556.6,-1.0912,-1.0906,139.4,91.7,0.731
71.86,31714.2,34451.6,-1.2451,-1.3492,139.4,91.7,0.73
71.88,31678.1,34461.3,-1.402,-1.3254,139.4,91.8,0.73
71.9,31783.1,34787.4,-0.9456,-0.5223,139.5,91.8,0.729
71.92,31943.9,34904.7,-0.2469,-0.2335,139.5,91.8,0.729
71.94,32233.1,35305.2,1.01,0.7524,139.5,91.8,0.729
71.96,32457.6,35570.6,1.9858,1.4059,139.6,91.8,0.728
71.98,32576.1,35686.3,2.501,1.6906,139.6,91.8,0.728
72.0,32474.4,35760.6,2.0586,1.8737,139.6,91.8,0.728
72.02,32245.9,35470.5,1.0655,1.1594,139.6,91.8,0.727
72.04,32274.0,35299.6,1.1877,0.7386,139.7,91.8,0.727
72.06,32043.6,35284.8,0.1866,0.7022,139.7,91.8,0.727
72.08,32076.4,35143.1,0.3292,0.3534,139.7,91.8,0.726
72.1,32051.9,34995.1,0.2225,-0.0111,139.7,91.9,0.726
72.12,31898.3,34993.7,-0.4452,-0.0145,139.8,91.9,0.725
72.14,31889.8,35026.2,-0.4818,0.0655,139.8,91.9,0.725
72.16,31878.1,34761.3,-0.5327,-0.5867,139.8,91.9,0.725
72.18,31902.7,34722.9,-0.426,-0.6813,139.9,91.9,0.724
72.2,31757.7,34630.8,-1.056,-0.908,139.9,91.9,0.724
72.22,31742.7,34740.3,-1.1212,-0.6382,139.9,91.9,0.724
72.24,31782.2,34695.6,-0.9496,-0.7484,139.9,91.9,0.723
72.26,31715.8,34582.1,-1.2383,-1.0278,140.0,91.9,0.723
72.28,31568.1,34542.5,-1.8802,-1.1252,140.0,91.9,0.723
72.3,31610.3,34487.8,-1.6968,-1.26,140.0,91.9,0.722
72.32,31729.6,34537.7,-1.1783,-1.1371,140.1,92.0,0.722
72.34,31770.8,34762.4,-0.999,-0.5839,140.1,92.0,0.721
72.36,32082.0,35131.7,0.3535,0.3252,140.1,92.0,0.721
72.38,32301.3,35491.3,1.3066,1.2105,140.1,92.0,0.721
72.4,32440.7,35762.7,1.9122,1.8789,140.2,92.0,0.72
72.42,32509.5,35766.5,2.2115,1.8882,140.2,92.0,0.72
72.44,32389.5,35608.1,1.69,1.4982,140.2,92.0,0.72
72.46,32251.4,35368.1,1.0897,0.9073,140.2,92.0,0.719
72.48,32193.9,35251.7,0.8397,0.6208,140.3,92.0,0.719
72.5,32126.2,35100.2,0.5457,0.2476,140.3,92.0,0.719
72.52,32013.3,35125.2,0.0547,0.3093,140.3,92.0,0.718
72.54,32041.7,35026.3,0.1781,0.0658,140.4,92.1,0.718
72.56,31954.1,34961.2,-0.2026,-0.0945,140.4,92.1,0.718
72.58,31930.5,34859.6,-0.3051,-0.3446,140.4,92.1,0.717
72.6,31864.7,34728.9,-0.5911,-0.6665,140.4,92.1,0.717
72.62,31827.6,34725.0,-0.7522,-0.676,140.5,92.1,0.717
72.64,31760.9,34684.8,-1.0423,-0.7751,140.5,92.1,0.716
72.66,31792.2,34775.5,-0.906,-0.5518,140.5,92.1,0.716
72.68,31788.7,34716.2,-0.9211,-0.6977,140.6,92.1,0.715
72.7,31692.9,34464.0,-1.3378,-1.3187,140.6,92.1,0.715
72.72,31713.2,34423.6,-1.2497,-1.418,140.6,92.1,0.715
72.74,31635.7,34480.5,-1.5862,-1.2781,140.6,92.1,0.714
72.76,31849.2,34648.4,-0.6585,-0.8645,140.7,92.1,0.714
72.78,32107.6,35011.5,0.4647,0.0293,140.7,92.2,0.714
72.8,32260.1,35321.3,1.1275,0.792,140.7,92.2,0.713
72.82,32438.8,35651.1,1.9041,1.6041,140.7,92.2,0.713
72.84,32495.7,35780.1,2.1514,1.9217,140.8,92.2,0.713
72.86,32433.2,35687.5,1.8799,1.6938,140.8,92.2,0.712
72.88,32298.9,35502.2,1.2962,1.2375,140.8,92.2,0.712
72.9,32165.5,35281.5,0.7163,0.6941,140.9,92.2,0.712
72.92,32088.2,35113.5,0.3805,0.2806,140.9,92.2,0.711
72.94,32123.1,35009.0,0.5319,0.0232,140.9,92.2,0.711
72.96,32019.1,35031.1,0.0801,0.0777,140.9,92.2,0.711
72.98,31988.6,34946.7,-0.0525,-0.1301,141.0,92.2,0.71
73.0,31919.2,34865.8,-0.3543,-0.3293,141.0,92.3,0.71
73.02,31860.7,34850.5,-0.6082,-0.3671,141.0,92.3,0.71
73.04,31795.5,34696.0,-0.8917,-0.7473,141.1,92.3,0.709
73.06,31772.4,34691.2,-0.9922,-0.7593,141.1,92.3,0.709
73.08,31777.6,34635.8,-0.9697,-0.8956,141.1,92.3,0.709
73.1,31700.1,34602.9,-1.3065,-0.9767,141.1,92.3,0.708
73.12,31781.3,34491.2,-0.9536,-1.2517,141.2,92.3,0.708
73.14,31670.5,34424.3,-1.4351,-1.4164,141.2,92.3,0.707
73.16,31682.8,34480.3,-1.3814,-1.2785,141.2,92.3,0.707
73.18,31795.8,34590.7,-0.8904,-1.0066,141.3,92.3,0.707
73.2,31975.7,34955.9,-0.1085,-0.1076,141.3,92.3,0.706
73.22,32149.3,35310.7,0.6458,0.766,141.3,92.3,0.706
73.24,32403.4,35623.4,1.7502,1.5359,141.3,92.4,0.706
73.26,32451.5,35826.9,1.9594,2.037,141.4,92.4,0.705
73.28,32528.9,35701.9,2.2958,1.7291,141.4,92.4,0.705
73.3,32351.9,35553.3,1.5266,1.3633,141.4,92.4,0.705
73.32,32173.4,35322.6,0.7506,0.7954,141.4,92.4,0.704
73.34,32113.1,35173.4,0.4887,0.4281,141.5,92.4,0.704
73.36,32032.8,35056.0,0.1397,0.1388,141.5,92.4,0.704
73.38,32017.3,35037.3,0.0723,0.0928,141.5,92.4,0.703
73.4,32000.4,35066.8,-0.0012,0.1654,141.6,92.4,0.703
73.42,31914.0,34848.1,-0.3767,-0.3729,141.6,92.4,0.703
73.44,31877.7,34787.1,-0.5347,-0.523,141.6,92.4,0.702
73.46,31844.7,34638.3,-0.678,-0.8895,141.6,92.4,0.702
73.48,31820.0,34701.3,-0.7851,-0.7344,141.7,92.5,0.702
73.5,31859.0,34657.0,-0.6157,-0.8434,141.7,92.5,0.701
73.52,31693.1,34719.8,-1.337,-0.6889,141.7,92.5,0.701
73.54,31676.9,34502.8,-1.4074,-1.2231,141.8,92.5,0.701
73.56,31572.3,34462.8,-1.8618,-1.3215,141.8,92.5,0.7
73.58,31665.0,34454.8,-1.4587,-1.3412,141.8,92.5,0.7
73.6,31736.1,34636.2,-1.1497,-0.8947,141.8,92.5,0.7
73.62,31952.8,34857.9,-0.2079,-0.3489,141.9,92.5,0.699
73.64,32185.4,35226.0,0.8029,0.5574,141.9,92.5,0.699
73.66,32460.0,35555.1,1.9962,1.3678,141.9,92.5,0.699
73.68,32424.4,35721.8,1.8413,1.7782,141.9,92.5,0.698
73.7,32448.3,35806.3,1.9453,1.9861,142.0,92.6,0.698
73.72,32362.2,35541.3,1.5712,1.3337,142.0,92.6,0.698
73.74,32183.2,35355.6,0.7931,0.8764,142.0,92.6,0.697
73.76,32120.6,35229.4,0.5214,0.5659,142.1,92.6,0.697
73.78,32003.9,35148.1,0.0139,0.3656,142.1,92.6,0.697
73.8,31978.6,35094.6,-0.0961,0.2339,142.1,92.6,0.696
73.82,32050.5,35014.1,0.2167,0.0356,142.1,92.6,0.696
73.84,31920.3,34829.3,-0.3492,-0.4191,142.2,92.6,0.696
73.86,31817.8,34782.3,-0.795,-0.535,142.2,92.6,0.695
73.88,31838.3,34697.0,-0.7056,-0.7449,142.2,92.6,0.695
73.9,31824.9,34686.0,-0.764,-0.7721,142.3,92.6,0.695
73.92,31756.6,34663.8,-1.0607,-0.8267,142.3,92.6,0.694
73.94,31778.1,34645.3,-0.9675,-0.8724,142.3,92.7,0.694
73.96,31685.1,34596.8,-1.3717,-0.9917,142.3,92.7,0.694
73.98,31606.9,34481.5,-1.7116,-1.2755,142.4,92.7,0.693
74.0,31692.3,34457.2,-1.3402,-1.3353,142.4,92.7,0.693
74.02,31736.1,34484.0,-1.15,-1.2693,142.4,92.7,0.693
74.04,31992.4,34818.5,-0.0361,-0.4458,142.4,92.7,0.692
74.06,32164.3,35192.1,0.7111,0.474,142.5,92.7,0.692
74.08,32285.5,35454.6,1.238,1.1202,142.5,92.7,0.692
74.1,32441.2,35662.1,1.9143,1.6311,142.5,92.7,0.691
74.12,32424.6,35707.2,1.8423,1.7421,142.6,92.7,0.691
74.14,32322.1,35588.1,1.3967,1.4489,142.6,92.7,0.691
74.16,32193.6,35380.9,0.8382,0.9389,142.6,92.7,0.69
74.18,32085.5,35247.7,0.3685,0.6109,142.6,92.8,0.69
74.2,32043.2,35177.3,0.1849,0.4376,142.7,92.8,0.69
74.22,32074.3,35148.5,0.32,0.3666,142.7,92.8,0.689
74.24,32043.5,34996.8,0.1859,-0.0068,142.7,92.8,0.689
74.26,31865.8,34894.7,-0.5861,-0.2582,142.8,92.8,0.689
74.28,31915.5,34800.3,-0.3704,-0.4905,142.8,92.8,0.688
74.3,31854.5,34643.7,-0.6355,-0.8763,142.8,92.8,0.688
74.32,31809.2,34685.8,-0.8321,-0.7726,142.8,92.8,0.688
74.34,31796.3,34700.0,-0.8881,-0.7376,142.9,92.8,0.687
74.36,31747.4,34620.6,-1.1009,-0.933,142.9,92.8,0.687
74.38,31786.2,34500.4,-0.9323,-1.229,142.9,92.8,0.687
74.4,31714.7,34429.5,-1.2427,-1.4035,142.9,92.8,0.686
74.42,31684.8,34477.0,-1.3728,-1.2867,143.0,92.9,0.686
74.44,31720.5,34589.7,-1.2179,-1.0091,143.0,92.9,0.686
74.46,31897.1,34883.7,-0.4504,-0.2852,143.0,92.9,0.685
74.48,32111.8,35190.7,0.483,0.4704,143.1,92.9,0.685
74.5,32350.2,35573.7,1.5192,1.4134,143.1,92.9,0.685
74.52,32420.2,35798.3,1.8231,1.9666,143.1,92.9,0.684
74.54,32484.5,35715.0,2.1028,1.7615,143.1,92.9,0.684
74.56,32293.0,35622.5,1.2703,1.5336,143.2,92.9,0.684
74.58,32196.3,35408.7,0.8502,1.0072,143.2,92.9,0.683
74.6,32110.2,35234.5,0.4759,0.5783,143.2,92.9,0.683
74.62,32077.7,35160.6,0.3349,0.3963,143.3,92.9,0.683
74.64,32040.1,35090.3,0.1713,0.2233,143.3,92.9,0.682
74.66,32054.2,35009.5,0.2327,0.0244,143.3,92.9,0.682
74.68,31943.4,34914.6,-0.249,-0.2091,143.3,93.0,0.682
74.7,31872.0,34810.0,-0.5595,-0.4668,143.4,93.0,0.681
74.72,31801.0,34705.0,-0.868,-0.7253,143.4,93.0,0.681
74.74,31823.7,34711.0,-0.7691,-0.7105,143.4,93.0,0.681
74.76,31844.0,34626.6,-0.6811,-0.9183,143.4,93.0,0.68
74.78,31808.4,34638.2,-0.8358,-0.8898,143.5,93.0,0.68
74.8,31708.6,34528.5,-1.2693,-1.1598,143.5,93.0,0.68
74.82,31705.1,34427.0,-1.2846,-1.4097,143.5,93.0,0.679
74.84,31720.2,34473.7,-1.2192,-1.2949,143.6,93.0,0.679
74.86,31692.1,34613.0,-1.3413,-0.9517,143.6,93.0,0.679
74.88,31871.7,34857.1,-0.5608,-0.3508,143.6,93.0,0.679
74.9,32097.1,35171.0,0.4188,0.4221,143.6,93.0,0.678
74.92,32336.7,35629.5,1.4604,1.5508,143.7,93.1,0.678
74.94,32471.3,35722.8,2.0452,1.7806,143.7,93.1,0.678
74.96,32442.6,35772.6,1.9206,1.9031,143.7,93.1,0.677
74.98,32354.1,35582.7,1.5358,1.4357,143.8,93.1,0.677
75.0,32264.6,35447.0,1.1469,1.1017,143.8,93.1,0.677
75.02,32198.2,35205.4,0.8585,0.5067,143.8,93.1,0.676
75.04,32078.4,35174.8,0.3378,0.4315,143.8,93.1,0.676
75.06,32089.5,35034.0,0.3861,0.0848,143.9,93.1,0.676
75.08,32063.7,34979.1,0.2737,-0.0504,143.9,93.1,0.675
75.1,32024.7,34885.0,0.1043,-0.2821,143.9,93.1,0.675
75.12,31933.4,34833.6,-0.2925,-0.4085,143.9,93.1,0.675
75.14,31903.3,34674.2,-0.4231,-0.801,144.0,93.1,0.674
75.16,31873.0,34559.8,-0.555,-1.0828,144.0,93.1,0.674
75.18,31765.9,34664.0,-1.0204,-0.8262,144.0,93.2,0.674
75.2,31757.0,34644.3,-1.0589,-0.8747,144.1,93.2,0.673
75.22,31721.5,34613.9,-1.2133,-0.9496,144.1,93.2,0.673
75.24,31713.9,34479.9,-1.2463,-1.2794,144.1,93.2,0.673
75.26,31667.5,34507.4,-1.4482,-1.2119,144.1,93.2,0.672
75.28,31759.2,34581.1,-1.0497,-1.0304,144.2,93.2,0.672
75.3,31995.7,34851.7,-0.0218,-0.364,144.2,93.2,0.672
75.32,32158.7,35255.0,0.6867,0.629,144.2,93.2,0.671
75.34,32378.7,35632.1,1.6428,1.5573,144.3,93.2,0.671
75.36,32485.0,35723.4,2.1048,1.782,144.3,93.2,0.671
75.38,32425.1,35703.3,1.8443,1.7326,144.3,93.2,0.671
75.4,32359.8,35513.3,1.5606,1.2648,144.3,93.2,0.67
75.42,32155.9,35387.0,0.6744,0.954,144.4,93.3,0.67
75.44,32065.0,35251.4,0.2795,0.6199,144.4,93.3,0.67
75.46,31974.6,35123.6,-0.1134,0.3054,144.4,93.3,0.669
75.48,31975.4,35052.4,-0.1101,0.13,144.5,93.3,0.669
75.5,32055.5,35029.4,0.2383,0.0735,144.5,93.3,0.669
75.52,32015.1,34853.8,0.0625,-0.359,144.5,93.3,0.668
75.54,31821.6,34819.6,-0.7782,-0.4431,144.5,93.3,0.668
75.56,31910.6,34751.7,-0.3915,-0.6102,144.6,93.3,0.668
75.58,31817.9,34656.5,-0.7943,-0.8447,144.6,93.3,0.667
75.6,31811.3,34640.1,-0.8231,-0.8849,144.6,93.3,0.667
75.62,31797.3,34469.8,-0.8838,-1.3043,144.6,93.3,0.667
75.64,31711.6,34512.4,-1.2564,-1.1996,144.7,93.3,0.666
75.66,31667.6,34455.6,-1.4477,-1.3393,144.7,93.3,0.666
75.68,31665.8,34478.8,-1.4557,-1.2823,144.7,93.4,0.666
75.7,31773.4,34647.1,-0.988,-0.8678,144.8,93.4,0.666
75.72,32032.1,35130.3,0.1365,0.3219,144.8,93.4,0.665
75.74,32295.9,35325.4,1.2831,0.8022,144.8,93.4,0.665
75.76,32390.0,35533.8,1.6919,1.3154,144.8,93.4,0.665
75.78,32451.9,35747.0,1.9612,1.8401,144.9,93.4,0.664
75.8,32356.4,35736.1,1.5458,1.8133,144.9,93.4,0.664
75.82,32384.3,35505.8,1.6673,1.2463,144.9,93.4,0.664
75.84,32098.4,35280.5,0.4245,0.6917,145.0,93.4,0.663
75.86,32093.1,35234.9,0.4016,0.5794,145.0,93.4,0.663
75.88,31982.7,35154.5,-0.0784,0.3815,145.0,93.4,0.663
75.9,32071.4,35036.6,0.3072,0.0912,145.0,93.4,0.662
75.92,31947.4,34989.3,-0.2314,-0.0253,145.1,93.4,0.662
75.94,31884.7,34886.6,-0.504,-0.2781,145.1,93.5,0.662
75.96,31792.4,34684.5,-0.9053,-0.7757,145.1,93.5,0.661
75.98,31870.8,34644.5,-0.5646,-0.8742,145.1,93.5,0.661
76.0,31747.4,34675.6,-1.1007,-0.7977,145.2,93.5,0.661
76.02,31759.1,34588.9,-1.0502,-1.0111,145.2,93.5,0.661
76.04,31723.6,34659.5,-1.2041,-0.8373,145.2,93.5,0.66
76.06,31695.8,34501.8,-1.3249,-1.2256,145.3,93.5,0.66
76.08,31679.7,34428.3,-1.395,-1.4064,145.3,93.5,0.66
76.1,31748.7,34462.0,-1.0952,-1.3236,145.3,93.5,0.659
76.12,31819.2,34738.4,-0.7888,-0.6431,145.3,93.5,0.659
76.14,32090.0,35157.3,0.3881,0.3883,145.4,93.5,0.659
76.16,32305.6,35359.6,1.325,0.8863,145.4,93.5,0.658
76.18,32510.9,35606.1,2.2175,1.4932,145.4,93.5,0.658
76.2,32382.7,35686.1,1.6601,1.6901,145.5,93.6,0.658
76.22,32370.8,35670.0,1.6087,1.6506,145.5,93.6,0.657
76.24,32184.0,35389.8,0.7967,0.9608,145.5,93.6,0.657
76.26,32157.8,35214.8,0.6829,0.5299,145.5,93.6,0.657
76.28,32060.7,35153.2,0.2607,0.3782,145.6,93.6,0.657
76.3,32011.6,35057.7,0.0476,0.1432,145.6,93.6,0.656
76.32,31992.1,35093.4,-0.0375,0.2309,145.6,93.6,0.656
76.34,31895.7,34895.0,-0.4564,-0.2576,145.6,93.6,0.656
76.36,31996.9,34822.9,-0.0165,-0.4351,145.7,93.6,0.655
76.38,31884.3,34662.9,-0.5057,-0.8289,145.7,93.6,0.655
76.4,31808.1,34745.3,-0.8371,-0.626,145.7,93.6,0.655
76.42,31907.1,34682.6,-0.4069,-0.7804,145.8,93.6,0.654
76.44,31716.0,34558.3,-1.2371,-1.0865,145.8,93.6,0.654
76.46,31756.6,34523.0,-1.0609,-1.1734,145.8,93.7,0.654
76.48,31631.9,34451.6,-1.6026,-1.3491,145.8,93.7,0.653
76.5,31755.4,34515.8,-1.0662,-1.1912,145.9,93.7,0.653
76.52,31689.6,34544.1,-1.3522,-1.1215,145.9,93.7,0.653
76.54,31922.3,34969.6,-0.3405,-0.0737,145.9,93.7,0.653
76.56,32197.2,35238.6,0.8542,0.5884,146.0,93.7,0.652
76.58,32369.7,35624.3,1.6039,1.5382,146.0,93.7,0.652
76.6,32433.0,35816.1,1.8787,2.0104,146.0,93.7,0.652
76.62,32362.8,35675.0,1.5739,1.6629,146.0,93.7,0.651
76.64,32406.4,35594.3,1.7632,1.4641,146.1,93.7,0.651
76.66,32257.7,35321.7,1.1172,0.793,146.1,93.7,0.651
76.68,32044.0,35131.8,0.1881,0.3257,146.1,93.7,0.65
76.7,32016.5,35160.0,0.0686,0.395,146.1,93.7,0.65
76.72,32031.0,35067.4,0.1318,0.1669,146.2,93.8,0.65
76.74,32093.5,34994.0,0.4035,-0.0137,146.2,93.8,0.65
76.76,31862.0,34899.3,-0.6029,-0.2468,146.2,93.8,0.649
76.78,31864.6,34803.5,-0.5915,-0.4826,146.3,93.8,0.649
76.8,31889.6,34582.9,-0.4829,-1.0258,146.3,93.8,0.649
76.82,31812.8,34692.3,-0.8167,-0.7566,146.3,93.8,0.648
76.84,31814.4,34639.2,-0.8096,-0.8873,146.3,93.8,0.648
76.86,31800.1,34610.0,-0.8718,-0.9591,146.4,93.8,0.648
76.88,31738.2,34640.1,-1.1408,-0.8852,146.4,93.8,0.647
76.9,31674.9,34468.6,-1.416,-1.3074,146.4,93.8,0.647
76.92,31690.1,34411.0,-1.3497,-1.4492,146.5,93.8,0.647
76.94,31751.2,34732.4,-1.0841,-0.6577,146.5,93.8,0.646
76.96,32066.2,35054.2,0.2845,0.1345,146.5,93.8,0.646
76.98,32292.1,35398.1,1.2667,0.9811,146.5,93.9,0.646
77.0,32425.6,35652.8,1.8468,1.6083,146.6,93.9,0.646
77.02,32465.7,35699.5,2.0211,1.7232,146.6,93.9,0.645
77.04,32386.1,35655.0,1.675,1.6136,146.6,93.9,0.645
77.06,32261.4,35478.4,1.133,1.1788,146.6,93.9,0.645
77.08,32125.8,35200.5,0.5438,0.4946,146.7,93.9,0.644
77.1,32122.9,35119.0,0.5313,0.2941,146.7,93.9,0.644
77.12,32015.3,35137.9,0.0634,0.3406,146.7,93.9,0.644
77.14,31998.1,35138.6,-0.0114,0.3423,146.8,93.9,0.644
77.16,32023.2,35004.3,0.098,0.0116,146.8,93.9,0.643
77.18,31848.4,34735.6,-0.6619,-0.6499,146.8,93.9,0.643
77.2,31844.8,34751.4,-0.6774,-0.611,146.8,93.9,0.643
77.22,31832.4,34723.2,-0.7316,-0.6804,146.9,93.9,0.642
77.24,31813.9,34683.7,-0.8116,-0.7776,146.9,93.9,0.642
77.26,31833.2,34632.6,-0.7281,-0.9036,146.9,94.0,0.642
77.28,31788.4,34493.9,-0.9226,-1.245,147.0,94.0,0.641
77.3,31708.4,34470.5,-1.2703,-1.3027,147.0,94.0,0.641
77.32,31804.5,34410.1,-0.8526,-1.4512,147.0,94.0,0.641
77.34,31759.6,34697.5,-1.0479,-0.7438,147.0,94.0,0.641
77.36,32018.0,34931.5,0.0752,-0.1677,147.1,94.0,0.64
77.38,32288.1,35202.2,1.2492,0.4989,147.1,94.0,0.64
77.4,32356.3,35657.1,1.5453,1.6188,147.1,94.0,0.64
77.42,32425.8,35853.5,1.8478,2.1023,147.1,94.0,0.639
77.44,32485.6,35704.2,2.1074,1.7349,147.2,94.0,0.639
77.46,32331.8,35526.9,1.439,1.2982,147.2,94.0,0.639
77.48,32213.6,35210.1,0.9254,0.5182,147.2,94.0,0.638
77.5,32026.6,35229.6,0.1128,0.5664,147.3,94.0,0.638
77.52,32126.4,35122.0,0.5462,0.3013,147.3,94.1,0.638
77.54,32015.9,35125.1,0.0661,0.3091,147.3,94.1,0.638
77.56,31884.8,35096.1,-0.5037,0.2375,147.3,94.1,0.637
77.58,31881.2,34803.3,-0.5192,-0.4832,147.4,94.1,0.637
77.6,31927.3,34715.5,-0.3191,-0.6993,147.4,94.1,0.637
77.62,31862.4,34760.8,-0.601,-0.5879,147.4,94.1,0.636
77.64,31751.4,34778.8,-1.0834,-0.5435,147.5,94.1,0.636
77.66,31721.7,34711.5,-1.2124,-0.7093,147.5,94.1,0.636
77.68,31773.2,34584.4,-0.9887,-1.0222,147.5,94.1,0.636
77.7,31699.6,34515.4,-1.3084,-1.1921,147.5,94.1,0.635
77.72,31703.9,34433.9,-1.2897,-1.3926,147.6,94.1,0.635
77.74,31685.6,34535.3,-1.3694,-1.143,147.6,94.1,0.635
77.76,31860.5,34767.1,-0.6094,-0.5724,147.6,94.1,0.634
77.78,32087.5,35144.1,0.3775,0.3558,147.7,94.1,0.634
77.8,32288.5,35537.3,1.2507,1.324,147.7,94.2,0.634
77.82,32462.8,35713.5,2.0085,1.7576,147.7,94.2,0.633
77.84,32443.0,35736.4,1.9224,1.814,147.7,94.2,0.633
77.86,32303.2,35533.8,1.3148,1.3153,147.8,94.2,0.633
77.88,32196.7,35395.5,0.8518,0.9748,147.8,94.2,0.633
77.9,32050.4,35153.0,0.216,0.3778,147.8,94.2,0.632
77.92,31993.7,35174.6,-0.0302,0.4308,147.8,94.2,0.632
77.94,32028.9,35029.5,0.1227,0.0737,147.9,94.2,0.632
77.96,31951.2,35004.2,-0.2151,0.0113,147.9,94.2,0.631
77.98,31927.1,34805.2,-0.3196,-0.4785,147.9,94.2,0.631
78.0,31886.2,34731.3,-0.4976,-0.6606,148.0,94.2,0.631
78.02,31827.4,34728.4,-0.7533,-0.6676,148.0,94.2,0.631
78.04,31737.3,34635.5,-1.1446,-0.8963,148.0,94.2,0.63
78.06,31823.7,34705.6,-0.7693,-0.7238,148.0,94.3,0.63
78.08,31719.6,34630.8,-1.2214,-0.908,148.1,94.3,0.63
78.1,31741.8,34442.7,-1.1253,-1.371,148.1,94.3,0.629
78.12,31636.0,34514.5,-1.585,-1.1943,148.1,94.3,0.629
78.14,31635.4,34489.4,-1.5877,-1.256,148.2,94.3,0.629
78.16,31854.8,34781.0,-0.6339,-0.5382,148.2,94.3,0.629
78.18,31998.1,35042.3,-0.0111,0.1051,148.2,94.3,0.628
78.2,32168.9,35470.9,0.731,1.1605,148.2,94.3,0.628
78.22,32355.4,35606.0,1.5418,1.493,148.3,94.3,0.628
78.24,32529.8,35799.0,2.2994,1.9682,148.3,94.3,0.627
78.26,32375.4,35657.4,1.6283,1.6195,148.3,94.3,0.627
78.28,32307.3,35504.0,1.3327,1.2419,148.3,94.3,0.627
78.3,32141.5,35270.2,0.612,0.6663,148.4,94.3,0.626
78.32,32000.4,35261.2,-0.0013,0.6442,148.4,94.3,0.626
78.34,32015.0,35151.1,0.0622,0.373,148.4,94.4,0.626
78.36,32036.6,35018.7,0.156,0.047,148.5,94.4,0.626
78.38,31947.2,34964.9,-0.2325,-0.0855,148.5,94.4,0.625
78.4,31798.6,34858.0,-0.8785,-0.3485,148.5,94.4,0.625
78.42,31818.0,34695.8,-0.7942,-0.7479,148.5,94.4,0.625
78.44,31726.8,34656.5,-1.1905,-0.8446,148.6,94.4,0.624
78.46,31820.1,34609.9,-0.785,-0.9594,148.6,94.4,0.624
78.48,31776.1,34658.1,-0.9759,-0.8407,148.6,94.4,0.624
78.5,31720.7,34594.9,-1.217,-0.9964,148.7,94.4,0.624
78.52,31778.2,34469.7,-0.9668,-1.3045,148.7,94.4,0.623
78.54,31697.5,34474.9,-1.3177,-1.2917,148.7,94.4,0.623
78.56,31791.4,34602.4,-0.9096,-0.9779,148.7,94.4,0.623
78.58,31990.9,34904.8,-0.0425,-0.2333,148.8,94.4,0.622
78.6,32192.8,35315.3,0.835,0.7774,148.8,94.4,0.622
78.62,32366.6,35648.4,1.5903,1.5973,148.8,94.5,0.622
78.64,32526.5,35710.9,2.2851,1.7512,148.8,94.5,0.622
78.66,32403.7,35699.4,1.7515,1.7229,148.9,94.5,0.621
78.68,32253.0,35469.6,1.0967,1.1572,148.9,94.5,0.621
78.7,32079.8,35300.1,0.3438,0.7399,148.9,94.5,0.621
78.72,32111.8,35065.8,0.4831,0.163,149.0,94.5,0.62
78.74,32027.0,35159.6,0.1142,0.394,149.0,94.5,0.62
78.76,32040.0,35004.8,0.171,0.0128,149.0,94.5,0.62
78.78,31954.8,34895.2,-0.1994,-0.2569,149.0,94.5,0.62
78.8,31857.6,34792.2,-0.622,-0.5105,149.1,94.5,0.619
78.82,31874.0,34752.7,-0.5505,-0.6078,149.1,94.5,0.619
78.84,31803.3,34591.8,-0.8578,-1.0039,149.1,94.5,0.619
78.86,31855.6,34662.7,-0.6306,-0.8295,149.2,94.5,0.618
78.88,31807.0,34587.1,-0.8419,-1.0156,149.2,94.5,0.618
78.9,31780.8,34555.8,-0.9559,-1.0925,149.2,94.6,0.618
78.92,31702.6,34487.9,-1.2954,-1.2599,149.2,94.6,0.618
78.94,31752.1,34530.0,-1.0802,-1.1561,149.3,94.6,0.617
78.96,31801.0,34608.2,-0.868,-0.9635,149.3,94.6,0.617
78.98,31856.4,34796.4,-0.6271,-0.5002,149.3,94.6,0.617
79.0,32109.2,35299.7,0.4717,0.739,149.3,94.6,0.616
79.02,32371.2,35638.1,1.6102,1.572,149.4,94.6,0.616
79.04,32406.5,35809.6,1.7638,1.9943,149.4,94.6,0.616
79.06,32417.3,35655.6,1.8107,1.6151,149.4,94.6,0.616
79.08,32350.4,35538.7,1.5197,1.3273,149.5,94.6,0.615
79.1,32137.5,35272.4,0.5944,0.6717,149.5,94.6,0.615
79.12,32092.7,35134.8,0.3999,0.3329,149.5,94.6,0.615
79.14,32015.9,35090.7,0.066,0.2243,149.5,94.6,0.615
79.16,32068.7,34998.6,0.2954,-0.0025,149.6,94.6,0.614
79.18,31929.5,34972.7,-0.3095,-0.0661,149.6,94.7,0.614
79.2,31893.3,34876.1,-0.4666,-0.3041,149.6,94.7,0.614
79.22,31894.1,34822.5,-0.4633,-0.4359,149.7,94.7,0.613
79.24,31755.5,34754.9,-1.0654,-0.6025,149.7,94.7,0.613
79.26,31825.4,34695.8,-0.762,-0.748,149.7,94.7,0.613
79.28,31865.3,34710.7,-0.5883,-0.7113,149.7,94.7,0.613
79.3,31761.6,34534.7,-1.0389,-1.1445,149.8,94.7,0.612
79.32,31711.7,34541.6,-1.2561,-1.1275,149.8,94.7,0.612
79.34,31783.6,34424.5,-0.9435,-1.4159,149.8,94.7,0.612
79.36,31832.1,34668.8,-0.7328,-0.8145,149.8,94.7,0.611
79.38,31905.3,34910.1,-0.4148,-0.2203,149.9,94.7,0.611
79.4,32166.5,35245.8,0.7205,0.6062,149.9,94.7,0.611
79.42,32411.9,35539.9,1.7873,1.3302,149.9,94.7,0.611
79.44,32396.6,35907.5,1.7207,2.2353,150.0,94.7,0.61
79.46,32376.7,35654.5,1.634,1.6125,150.0,94.7,0.61
79.48,32317.7,35546.7,1.3779,1.347,150.0,94.8,0.61
79.5,32144.1,35233.5,0.6234,0.576,150.0,94.8,0.609
79.52,32080.5,35174.1,0.3468,0.4298,150.1,94.8,0.609
79.54,32109.8,35100.5,0.4744,0.2484,150.1,94.8,0.609
79.56,32128.6,35031.0,0.5559,0.0774,150.1,94.8,0.609
79.58,31915.0,34985.5,-0.3726,-0.0346,150.2,94.8,0.608
79.6,31904.3,34933.0,-0.4191,-0.1638,150.2,94.8,0.608
79.62,31917.1,34834.2,-0.3633,-0.4071,150.2,94.8,0.608
79.64,31819.4,34719.7,-0.7878,-0.6891,150.2,94.8,0.608
79.66,31922.5,34676.2,-0.3398,-0.7961,150.3,94.8,0.607
79.68,31838.7,34618.0,-0.704,-0.9395,150.3,94.8,0.607
79.7,31748.4,34605.5,-1.0964,-0.9702,150.3,94.8,0.607
79.72,31693.5,34512.9,-1.3351,-1.1981,150.3,94.8,0.606
79.74,31653.8,34468.2,-1.5075,-1.3084,150.4,94.8,0.606
79.76,31822.9,34510.4,-0.7728,-1.2045,150.4,94.9,0.606
79.78,31938.4,34911.3,-0.2706,-0.2173,150.4,94.9,0.606
79.8,32202.1,35286.9,0.8755,0.7075,150.5,94.9,0.605
79.82,32295.8,35589.5,1.2826,1.4525,150.5,94.9,0.605
79.84,32508.6,35841.1,2.2076,2.0718,150.5,94.9,0.605
79.86,32349.1,35682.3,1.5143,1.6808,150.5,94.9,0.604
79.88,32317.5,35457.2,1.3767,1.1267,150.6,94.9,0.604
79.9,32199.3,35231.3,0.8634,0.5704,150.6,94.9,0.604
79.92,32128.8,35111.1,0.557,0.2745,150.6,94.9,0.604
79.94,31974.6,35034.9,-0.1132,0.0869,150.7,94.9,0.603
79.96,31940.5,35053.0,-0.2615,0.1315,150.7,94.9,0.603
79.98,31945.8,34970.9,-0.2387,-0.0706,150.7,94.9,0.603
80.0,31879.9,34833.2,-0.5248,-0.4097,150.7,94.9,0.603
80.02,31887.8,34678.5,-0.4904,-0.7905,150.8,94.9,0.602
80.04,31761.2,34691.8,-1.0406,-0.7577,150.8,95.0,0.602
80.06,31776.2,34599.0,-0.9754,-0.9863,150.8,95.0,0.602
80.08,31803.1,34580.1,-0.8585,-1.0329,150.9,95.0,0.601
80.1,31780.0,34595.9,-0.9589,-0.9938,150.9,95.0,0.601
80.12,31790.1,34426.0,-0.9152,-1.4122,150.9,95.0,0.601
80.14,31749.1,34480.0,-1.0933,-1.2793,150.9,95.0,0.601
80.16,31850.1,34657.2,-0.6546,-0.8429,151.0,95.0,0.6
80.18,31973.0,35012.9,-0.1203,0.0329,151.0,95.0,0.6
80.2,32222.7,35357.0,0.9651,0.8799,151.0,95.0,0.6
80.22,32336.9,35550.0,1.4613,1.3552,151.0,95.0,0.6
80.24,32425.9,35783.9,1.8478,1.9311,151.1,95.0,0.599
80.26,32370.5,35746.0,1.6071,1.8376,151.1,95.0,0.599
80.28,32250.1,35455.5,1.0839,1.1225,151.1,95.0,0.599
80.3,32097.3,35304.8,0.4199,0.7516,151.2,95.0,0.598
80.32,32119.6,35247.5,0.5167,0.6104,151.2,95.0,0.598
80.34,32019.3,35103.7,0.0807,0.2564,151.2,95.1,0.598
80.36,32025.7,35096.5,0.1087,0.2386,151.2,95.1,0.598
80.38,31982.6,34922.3,-0.0785,-0.1903,151.3,95.1,0.597
80.4,31920.4,34855.4,-0.3487,-0.3551,151.3,95.1,0.597
80.42,31844.5,34592.3,-0.679,-1.0027,151.3,95.1,0.597
80.44,31813.9,34651.2,-0.8117,-0.8578,151.4,95.1,0.597
80.46,31780.2,34626.9,-0.9583,-0.9175,151.4,95.1,0.596
80.48,31716.5,34569.6,-1.2353,-1.0587,151.4,95.1,0.596
80.5,31717.2,34532.3,-1.232,-1.1505,151.4,95.1,0.596
80.52,31779.7,34420.7,-0.9604,-1.4251,151.5,95.1,0.595
80.54,31685.2,34415.4,-1.3712,-1.4383,151.5,95.1,0.595
80.56,31924.4,34654.4,-0.3316,-0.8499,151.5,95.1,0.595
80.58,32004.9,34980.9,0.0181,-0.0459,151.5,95.1,0.595
80.6,32197.2,35427.5,0.8539,1.0537,151.6,95.1,0.594
80.62,32391.4,35715.9,1.6981,1.7635,151.6,95.1,0.594
80.64,32314.4,35735.6,1.3634,1.8121,151.6,95.2,0.594
80.66,32312.0,35620.3,1.353,1.5282,151.7,95.2,0.594
80.68,32248.7,35545.8,1.0778,1.3449,151.7,95.2,0.593
80.7,32198.9,35290.1,0.8615,0.7152,151.7,95.2,0.593
80.72,32030.7,35118.5,0.1306,0.2927,151.7,95.2,0.593
80.74,31993.6,35075.1,-0.0307,0.1858,151.8,95.2,0.592
80.76,31972.6,35037.3,-0.1219,0.0928,151.8,95.2,0.592
80.78,31945.2,34965.6,-0.2412,-0.0838,151.8,95.2,0.592
80.8,31982.9,34794.1,-0.0773,-0.5059,151.9,95.2,0.592
80.82,31794.1,34720.0,-0.8979,-0.6884,151.9,95.2,0.591
80.84,31773.3,34671.9,-0.9883,-0.8067,151.9,95.2,0.591
80.86,31843.0,34679.9,-0.6855,-0.787,151.9,95.2,0.591
80.88,31781.0,34603.4,-0.9546,-0.9754,152.0,95.2,0.591
80.9,31729.2,34533.2,-1.1801,-1.1483,152.0,95.2,0.59
80.92,31780.2,34482.6,-0.9582,-1.2729,152.0,95.2,0.59
80.94,31663.3,34483.2,-1.4665,-1.2713,152.0,95.3,0.59
80.96,31818.6,34711.6,-0.7913,-0.7091,152.1,95.3,0.589
80.98,32108.1,35034.5,0.4666,0.086,152.1,95.3,0.589
81.0,32169.9,35481.7,0.7355,1.187,152.1,95.3,0.589
81.02,32280.3,35731.1,1.2152,1.8009,152.2,95.3,0.589
81.04,32434.7,35808.5,1.8863,1.9917,152.2,95.3,0.588
81.06,32317.2,35490.3,1.3755,1.2081,152.2,95.3,0.588
81.08,32119.3,35324.4,0.5153,0.7997,152.2,95.3,0.588
81.1,32157.2,35153.0,0.6803,0.3778,152.3,95.3,0.588
81.12,32091.9,35147.9,0.3962,0.3652,152.3,95.3,0.587
81.14,32046.0,35072.7,0.1968,0.1801,152.3,95.3,0.587
81.16,32050.1,34950.4,0.2147,-0.1211,152.4,95.3,0.587
81.18,31979.5,34800.2,-0.092,-0.4909,152.4,95.3,0.587
81.2,31911.0,34884.0,-0.3898,-0.2846,152.4,95.3,0.586
81.22,31762.4,34673.5,-1.0356,-0.8029,152.4,95.4,0.586
81.24,31793.3,34748.4,-0.9014,-0.6184,152.5,95.4,0.586
81.26,31870.1,34646.7,-0.5674,-0.8687,152.5,95.4,0.585
81.28,31715.6,34645.1,-1.2389,-0.8728,152.5,95.4,0.585
81.3,31729.0,34499.4,-1.1806,-1.2316,152.5,95.4,0.585
81.32,31707.7,34544.7,-1.2733,-1.12,152.6,95.4,0.585
81.34,31825.5,34519.6,-0.7614,-1.1817,152.6,95.4,0.584
81.36,31899.5,34819.1,-0.4399,-0.4444,152.6,95.4,0.584
81.38,32146.9,35274.8,0.6355,0.6775,152.7,95.4,0.584
81.4,32286.4,35509.8,1.2417,1.2563,152.7,95.4,0.584
81.42,32363.3,35870.7,1.576,2.1448,152.7,95.4,0.583
81.44,32321.5,35796.9,1.3941,1.963,152.7,95.4,0.583
81.46,32256.6,35608.2,1.1123,1.4984,152.8,95.4,0.583
81.48,32127.7,35349.9,0.5521,0.8625,152.8,95.4,0.583
81.5,32124.8,35137.4,0.5395,0.3392,152.8,95.4,0.582
81.52,32109.7,35066.2,0.4739,0.1641,152.9,95.4,0.582
81.54,32116.6,34940.5,0.5038,-0.1455,152.9,95.5,0.582
81.56,31975.7,34945.4,-0.1084,-0.1334,152.9,95.5,0.581
81.58,31875.4,34892.3,-0.5445,-0.2641,152.9,95.5,0.581
81.6,31860.0,34670.4,-0.6113,-0.8104,153.0,95.5,0.581
81.62,31932.3,34768.8,-0.2971,-0.5683,153.0,95.5,0.581
81.64,31775.7,34719.8,-0.978,-0.6887,153.0,95.5,0.58
81.66,31844.5,34672.4,-0.6789,-0.8056,153.0,95.5,0.58
81.68,31734.4,34563.2,-1.1571,-1.0743,153.1,95.5,0.58
81.7,31704.3,34530.5,-1.2881,-1.155,153.1,95.5,0.58
81.72,31683.6,34404.2,-1.3779,-1.4659,153.1,95.5,0.579
81.74,31819.4,34687.8,-0.7878,-0.7677,153.2,95.5,0.579
81.76,32075.1,34991.0,0.3235,-0.0211,153.2,95.5,0.579
81.78,32211.1,35518.4,0.9144,1.2773,153.2,95.5,0.579
81.8,32292.9,35613.6,1.2701,1.5117,153.2,95.5,0.578
81.82,32448.1,35825.5,1.9444,2.0335,153.3,95.5,0.578
81.84,32321.3,35601.5,1.3934,1.482,153.3,95.6,0.578
81.86,32260.1,35362.0,1.1272,0.8923,153.3,95.6,0.578
81.88,32109.1,35306.9,0.471,0.7567,153.4,95.6,0.577
81.9,32102.7,35096.0,0.4436,0.2373,153.4,95.6,0.577
81.92,32081.3,35078.2,0.3503,0.1936,153.4,95.6,0.577
81.94,31964.7,35014.6,-0.1563,0.037,153.4,95.6,0.576
81.96,31881.6,34806.0,-0.5176,-0.4767,153.5,95.6,0.576
81.98,31914.5,34833.7,-0.3747,-0.4084,153.5,95.6,0.576
82.0,31847.4,34699.6,-0.6664,-0.7386,149.5,95.6,0.576
82.02,31762.1,34706.8,-1.0368,-0.7209,149.5,95.6,0.575
82.04,31727.7,34655.2,-1.1863,-0.8478,149.5,95.6,0.575
82.06,31725.2,34540.8,-1.1974,-1.1296,149.5,95.6,0.575
82.08,31776.0,34493.4,-0.9765,-1.2463,149.5,95.6,0.575
82.1,31622.9,34552.4,-1.6421,-1.1009,149.5,95.6,0.574
82.12,31806.8,34531.3,-0.8426,-1.1528,149.5,95.6,0.574
82.14,31848.5,34753.2,-0.6615,-0.6066,149.5,95.7,0.574
82.16,32102.3,35006.0,0.4415,0.0159,149.5,95.7,0.574
82.18,32186.2,35445.8,0.8064,1.0987,149.5,95.7,0.573
82.2,32395.7,35700.8,1.7169,1.7263,149.5,95.7,0.573
82.22,32340.6,35775.1,1.4771,1.9093,149.5,95.7,0.573
82.24,32380.3,35605.1,1.6497,1.4909,149.5,95.7,0.573
82.26,32214.6,35424.3,0.9298,1.0457,149.5,95.7,0.572
82.28,32098.9,35256.5,0.4269,0.6325,149.5,95.7,0.572
82.3,32154.3,35168.9,0.6677,0.4169,149.5,95.7,0.572
82.32,32084.1,35146.5,0.3627,0.3617,149.5,95.7,0.572
82.34,32089.5,35076.3,0.386,0.1888,149.5,95.7,0.571
82.36,31936.4,34970.1,-0.2795,-0.0727,149.5,95.7,0.571
82.38,31852.2,34780.1,-0.6454,-0.5405,149.5,95.7,0.571
82.4,31816.7,34740.8,-0.7995,-0.6371,149.5,95.7,0.57
82.42,31815.1,34687.8,-0.8066,-0.7677,149.5,95.7,0.57
82.44,31801.0,34559.6,-0.8679,-1.0833,149.5,95.8,0.57
82.46,31771.7,34583.0,-0.9953,-1.0256,149.5,95.8,0.57
82.48,31688.4,34449.8,-1.3574,-1.3536,149.5,95.8,0.569
82.5,31651.9,34529.4,-1.5157,-1.1576,149.5,95.8,0.569
82.52,31712.8,34542.1,-1.2514,-1.1263,149.5,95.8,0.569
82.54,31843.6,34609.1,-0.6829,-0.9614,149.5,95.8,0.569
82.56,32074.4,34996.3,0.3203,-0.0082,149.5,95.8,0.568
82.58,32276.0,35393.1,1.1964,0.9689,149.5,95.8,0.568
82.6,32282.1,35775.9,1.2229,1.9114,149.5,95.8,0.568
82.62,32366.0,35737.2,1.5878,1.816,149.5,95.8,0.568
82.64,32379.2,35572.4,1.6452,1.4102,149.5,95.8,0.567
82.66,32246.8,35463.6,1.0696,1.1425,149.5,95.8,0.567
82.68,32200.2,35259.3,0.8672,0.6395,149.5,95.8,0.567
82.7,32094.2,35117.8,0.4062,0.291,149.5,95.8,0.567
82.72,32084.1,35111.1,0.3625,0.2746,149.5,95.8,0.566
82.74,32069.8,35051.4,0.3005,0.1277,149.5,95.8,0.566
82.76,31882.4,34825.8,-0.5141,-0.4277,149.5,95.9,0.566
82.78,31961.1,34780.3,-0.172,-0.5399,149.5,95.9,0.566
82.8,31833.7,34694.1,-0.7257,-0.7521,149.5,95.9,0.565
82.82,31821.3,34735.0,-0.7796,-0.6515,149.5,95.9,0.565
82.84,31840.0,34684.9,-0.6983,-0.7748,149.5,95.9,0.565
82.86,31831.5,34677.1,-0.7351,-0.7939,149.5,95.9,0.565
82.88,31752.6,34606.2,-1.0783,-0.9686,149.5,95.9,0.564
82.9,31720.5,34440.4,-1.2179,-1.3767,149.5,95.9,0.564
82.92,31794.7,34495.7,-0.8953,-1.2405,149.5,95.9,0.564
82.94,31839.6,34636.0,-0.7003,-0.8951,149.5,95.9,0.564
82.96,32059.6,34958.2,0.2561,-0.1019,149.5,95.9,0.563
82.98,32177.7,35395.4,0.7691,0.9746,149.5,95.9,0.563
83.0,32319.3,35676.5,1.3846,1.6665,149.5,95.9,0.563
83.02,32569.5,35820.0,2.4722,2.0199,149.5,95.9,0.562
83.04,32372.9,35646.8,1.6177,1.5935,149.5,95.9,0.562
83.06,32227.8,35413.5,0.9872,1.0192,149.5,96.0,0.562
83.08,32144.2,35266.5,0.6237,0.6572,149.5,96.0,0.562
83.1,32090.8,35109.7,0.3918,0.271,149.5,96.0,0.561
83.12,32058.7,35127.6,0.252,0.3153,149.5,96.0,0.561
83.14,31977.8,35025.5,-0.0993,0.0637,149.5,96.0,0.561
83.16,31904.0,34890.8,-0.4201,-0.2677,149.5,96.0,0.561
83.18,31936.1,34847.4,-0.2806,-0.3747,149.5,96.0,0.56
83.2,31812.5,34784.8,-0.8178,-0.5287,149.5,96.0,0.56
83.22,31857.1,34720.9,-0.6242,-0.6861,149.5,96.0,0.56
83.24,31844.7,34522.6,-0.6781,-1.1744,149.5,96.0,0.56
83.26,31803.2,34628.7,-0.8581,-0.9132,149.5,96.0,0.559
83.28,31803.5,34500.2,-0.8569,-1.2296,149.5,96.0,0.559
83.3,31802.5,34558.0,-0.8611,-1.0871,149.5,96.0,0.559
83.32,31669.7,34411.9,-1.4384,-1.4469,149.5,96.0,0.559
83.34,31924.9,34676.8,-0.3295,-0.7948,149.5,96.0,0.558
83.36,32067.9,35010.5,0.2922,0.0269,149.5,96.0,0.558
83.38,32234.0,35333.3,1.0139,0.8216,149.5,96.1,0.558
83.4,32350.2,35616.3,1.5189,1.5184,149.5,96.1,0.558
83.42,32421.8,35764.9,1.8304,1.8844,149.5,96.1,0.557
83.44,32389.2,35745.9,1.6884,1.8375,149.5,96.1,0.557
83.46,32229.5,35456.5,0.9946,1.1249,149.5,96.1,0.557
83.48,32142.5,35212.6,0.6163,0.5244,149.5,96.1,0.557
83.5,32110.3,35135.6,0.4763,0.3349,149.5,96.1,0.556
83.52,32051.4,35119.7,0.2206,0.2958,149.5,96.1,0.556
83.54,32034.9,35016.6,0.1485,0.0419,149.5,96.1,0.556
83.56,31989.7,34955.6,-0.0478,-0.1084,149.5,96.1,0.556
83.58,31864.8,34905.2,-0.5906,-0.2324,149.5,96.1,0.555
83.6,31860.3,34686.0,-0.6103,-0.7721,149.5,96.1,0.555
83.62,31930.9,34621.6,-0.3035,-0.9306,149.5,96.1,0.555
83.64,31784.3,34751.5,-0.9404,-0.6108,149.5,96.1,0.555
83.66,31862.2,34590.6,-0.6018,-1.007,149.5,96.1,0.554
83.68,31807.1,34576.6,-0.8415,-1.0413,149.5,96.1,0.554
83.7,31729.9,34449.1,-1.177,-1.3552,149.5,96.2,0.554
83.72,31720.2,34487.2,-1.2189,-1.2616,149.5,96.2,0.554
83.74,31781.0,34696.5,-0.9549,-0.7462,149.5,96.2,0.553
83.76,32031.2,35005.7,0.1327,0.0151,149.5,96.2,0.553
83.78,32160.8,35431.7,0.6957,1.0639,149.5,96.2,0.553
83.8,32302.8,35508.5,1.3131,1.2529,149.5,96.2,0.553
83.82,32395.7,35606.2,1.7169,1.4935,149.5,96.2,0.552
83.84,32331.7,35689.2,1.4388,1.698,149.5,96.2,0.552
83.86,32186.8,35568.4,0.8089,1.4005,149.5,96.2,0.552
83.88,32126.3,35206.0,0.5458,0.5083,149.5,96.2,0.552
83.9,32088.8,35112.7,0.3831,0.2784,149.5,96.2,0.551
83.92,31958.9,35043.9,-0.1817,0.109,149.5,96.2,0.551
83.94,32082.0,35068.3,0.3536,0.1692,149.5,96.2,0.551
83.96,31961.1,34939.3,-0.1722,-0.1484,149.5,96.2,0.551
83.98,31921.4,34807.2,-0.3446,-0.4737,149.5,96.2,0.55
84.0,31776.3,34741.6,-0.9754,-0.6352,149.5,96.2,0.55
84.02,31795.1,34634.0,-0.8933,-0.9001,149.5,96.3,0.55
84.04,31876.9,34786.3,-0.5378,-0.5251,149.5,96.3,0.55
84.06,31831.7,34623.5,-0.7343,-0.9258,149.5,96.3,0.549
84.08,31786.6,34582.0,-0.9304,-1.0281,149.5,96.3,0.549
84.1,31803.3,34520.0,-0.858,-1.1806,149.5,96.3,0.549
84.12,31747.9,34371.9,-1.0988,-1.5454,149.5,96.3,0.549
84.14,31821.1,34681.8,-0.7805,-0.7823,149.5,96.3,0.548
84.16,31944.8,34914.8,-0.2431,-0.2088,149.5,96.3,0.548
84.18,32158.4,35249.6,0.6854,0.6155,149.5,96.3,0.548
84.2,32361.4,35637.3,1.5677,1.57,149.5,96.3,0.548
84.22,32344.8,35749.6,1.4954,1.8465,149.5,96.3,0.547
84.24,32389.4,35660.9,1.6893,1.6283,149.5,96.3,0.547
84.26,32217.9,35470.6,0.9442,1.1597,149.5,96.3,0.547
84.28,32201.5,35266.3,0.8729,0.6566,149.5,96.3,0.547
84.3,32100.6,35125.5,0.4343,0.3101,149.5,96.3,0.546
84.32,32041.7,35118.4,0.1781,0.2925,149.5,96.3,0.546
84.34,32027.1,35093.4,0.1147,0.231,149.5,96.4,0.546
84.36,31961.6,35021.8,-0.17,0.0547,149.5,96.4,0.546
84.38,31947.7,34705.5,-0.2302,-0.724,149.5,96.4,0.545
84.4,31859.3,34745.0,-0.6143,-0.6268,149.5,96.4,0.545
84.42,31896.3,34633.1,-0.4538,-0.9023,149.5,96.4,0.545
84.44,31881.1,34587.1,-0.5196,-1.0155,149.5,96.4,0.545
84.46,31830.6,34585.2,-0.7392,-1.0202,149.5,96.4,0.544
84.48,31790.1,34573.4,-0.9154,-1.0492,149.5,96.4,0.544
84.5,31726.0,34532.1,-1.1937,-1.151,149.5,96.4,0.544
84.52,31707.5,34449.3,-1.2742,-1.3547,149.5,96.4,0.544
84.54,31815.7,34565.7,-0.804,-1.0682,149.5,96.4,0.543
84.56,32007.7,35053.3,0.0305,0.1323,149.5,96.4,0.543
84.58,32080.4,35210.4,0.3462,0.5191,149.5,96.4,0.543
84.6,32237.5,35569.1,1.0291,1.4021,149.5,96.4,0.543
84.62,32340.1,35782.6,1.4752,1.9277,149.5,96.4,0.542
84.64,32418.8,35721.6,1.817,1.7776,149.5,96.4,0.542
84.66,32283.7,35564.4,1.23,1.3906,149.5,96.5,0.542
84.68,32109.3,35299.5,0.4718,0.7385,149.5,96.5,0.542
84.7,32168.8,35153.7,0.7308,0.3794,149.5,96.5,0.541
84.72,32060.1,35115.1,0.2582,0.2843,149.5,96.5,0.541
84.74,32009.8,35057.7,0.0398,0.1431,149.5,96.5,0.541
84.76,31977.4,34883.8,-0.1014,-0.285,149.5,96.5,0.541
84.78,31861.6,34846.8,-0.6044,-0.3762,149.5,96.5,0.54
84.8,31731.0,34715.7,-1.1722,-0.699,149.5,96.5,0.54
84.82,31836.5,34754.6,-0.7137,-0.6031,149.5,96.5,0.54
84.84,31916.5,34709.1,-0.3659,-0.7153,149.5,96.5,0.54
84.86,31852.0,34588.4,-0.646,-1.0125,149.5,96.5,0.539
84.88,31824.1,34599.0,-0.7674,-0.9863,149.5,96.5,0.539
84.9,31829.5,34487.8,-0.7442,-1.2601,149.5,96.5,0.539
84.92,31723.6,34349.9,-1.2042,-1.5994,149.5,96.5,0.539
84.94,31791.4,34588.3,-0.9094,-1.0127,149.5,96.5,0.538
84.96,32016.1,34822.6,0.0671,-0.4358,149.5,96.5,0.538
84.98,32077.4,35268.2,0.3333,0.6614,149.5,96.6,0.538
85.0,32365.9,35664.9,1.5871,1.6379,149.5,96.6,0.538
85.02,32483.1,35714.3,2.0965,1.7597,149.5,96.6,0.537
85.04,32257.6,35780.3,1.1167,1.9221,149.5,96.6,0.537
85.06,32256.7,35478.4,1.1128,1.1788,149.5,96.6,0.537
85.08,32180.0,35271.4,0.7791,0.6692,149.5,96.6,0.537
85.1,32168.8,35207.4,0.7306,0.5118,149.5,96.6,0.536
85.12,31975.8,35126.7,-0.1082,0.313,149.5,96.6,0.536
85.14,32006.7,35056.5,0.0262,0.1402,149.5,96.6,0.536
85.16,31962.9,34945.8,-0.1641,-0.1325,149.5,96.6,0.536
85.18,31893.8,34775.8,-0.4645,-0.551,149.5,96.6,0.536
85.2,31801.7,34752.5,-0.8648,-0.6083,149.5,96.6,0.535
85.22,31767.9,34637.4,-1.0118,-0.8916,149.5,96.6,0.535
85.24,31809.0,34655.9,-0.8333,-0.8463,149.5,96.6,0.535
85.26,31786.8,34671.6,-0.9295,-0.8075,149.5,96.6,0.535
85.28,31743.1,34607.8,-1.1194,-0.9647,149.5,96.6,0.534
85.3,31729.7,34586.6,-1.1778,-1.0167,149.5,96.6,0.534
85.32,31696.0,34456.4,-1.3242,-1.3374,149.5,96.7,0.534
85.34,31860.5,34617.1,-0.6092,-0.9417,149.5,96.7,0.534
85.36,31926.2,34846.2,-0.3239,-0.3776,149.5,96.7,0.533
85.38,32143.8,35329.5,0.6219,0.8123,149.5,96.7,0.533
85.4,32297.4,35532.5,1.2895,1.312,149.5,96.7,0.533
85.42,32379.3,35830.9,1.6456,2.0467,149.5,96.7,0.533
85.44,32294.9,35689.5,1.2788,1.6986,149.5,96.7,0.532
85.46,32248.2,35550.4,1.0759,1.3561,149.5,96.7,0.532
85.48,32100.9,35332.4,0.4354,0.8193,149.5,96.7,0.532
85.5,32089.9,35118.5,0.3878,0.2927,149.5,96.7,0.532
85.52,31994.3,35132.5,-0.0278,0.3271,149.5,96.7,0.531
85.54,32066.9,35190.8,0.288,0.4708,149.5,96.7,0.531
85.56,31969.0,34926.3,-0.1377,-0.1803,149.5,96.7,0.531
85.58,31882.8,34910.7,-0.5123,-0.2188,149.5,96.7,0.531
85.6,31969.8,34758.4,-0.1341,-0.5938,149.5,96.7,0.53
85.62,31823.9,34654.7,-0.7683,-0.849,149.5,96.7,0.53
85.64,31818.8,34657.8,-0.7903,-0.8415,149.5,96.8,0.53
85.66,31790.6,34620.9,-0.9132,-0.9324,149.5,96.8,0.53
85.68,31744.3,34579.3,-1.1145,-1.0347,149.5,96.8,0.529
85.7,31709.7,34421.2,-1.2646,-1.4241,149.5,96.8,0.529
85.72,31735.8,34400.7,-1.1513,-1.4744,149.5,96.8,0.529
85.74,31731.5,34498.6,-1.17,-1.2334,149.5,96.8,0.529
85.76,31935.1,34880.7,-0.285,-0.2926,149.5,96.8,0.528
85.78,32185.8,35325.0,0.8043,0.8011,149.5,96.8,0.528
85.8,32338.2,35611.2,1.467,1.5059,149.5,96.8,0.528
85.82,32397.3,35772.3,1.7236,1.9026,149.5,96.8,0.528
85.84,32339.5,35765.5,1.4723,1.8858,149.5,96.8,0.528
85.86,32294.4,35503.7,1.2765,1.2412,149.5,96.8,0.527
85.88,32112.9,35281.8,0.4876,0.6948,149.5,96.8,0.527
85.9,31998.9,35227.3,-0.0076,0.5605,149.5,96.8,0.527
85.92,32117.7,35113.1,0.5084,0.2795,149.5,96.8,0.527
85.94,32028.5,35042.6,0.1208,0.1059,149.5,96.8,0.526
85.96,31981.0,34985.8,-0.0855,-0.0339,149.5,96.8,0.526
85.98,32002.7,34889.9,0.0088,-0.2701,149.5,96.9,0.526
86.0,31874.7,34693.6,-0.5475,-0.7534,149.5,96.9,0.526
86.02,31844.4,34696.0,-0.6791,-0.7473,149.5,96.9,0.526
86.04,31867.2,34706.7,-0.5802,-0.721,149.5,96.9,0.526
86.06,31718.9,34678.5,-1.2246,-0.7906,149.5,96.9,0.526
86.08,31760.6,34574.3,-1.0433,-1.0469,149.5,96.9,0.526
86.1,31712.9,34598.8,-1.2508,-0.9868,149.5,96.9,0.526
86.12,31762.0,34387.9,-1.0376,-1.5059,149.5,96.9,0.526
86.14,31827.8,34581.2,-0.7514,-1.03,149.5,96.9,0.526
86.16,31985.9,34864.9,-0.0644,-0.3316,149.5,96.9,0.526
86.18,32109.8,35219.3,0.474,0.5409,149.5,96.9,0.526
86.2,32228.0,35492.7,0.9878,1.214,149.5,96.9,0.526
86.22,32323.5,35772.8,1.4029,1.9037,149.5,96.9,0.526
86.24,32252.5,35695.8,1.0944,1.7142,149.5,96.9,0.526
86.26,32217.9,35454.6,0.9439,1.1203,149.5,96.9,0.526
86.28,32180.8,35352.4,0.7826,0.8686,149.5,96.9,0.526
86.3,32068.1,35219.9,0.293,0.5425,149.5,96.9,0.526
86.32,32059.1,35142.1,0.254,0.351,149.5,96.9,0.526
86.34,32071.8,34914.3,0.309,-0.2099,149.5,96.9,0.526
86.36,31995.4,35064.9,-0.0228,0.1609,149.5,96.9,0.526
86.38,31888.5,34856.2,-0.4876,-0.353,149.5,96.9,0.526
86.4,32026.4,34736.5,0.1116,-0.6477,149.5,96.9,0.526
86.42,31845.8,34761.5,-0.6731,-0.5863,149.5,96.9,0.526
86.44,31801.5,34704.6,-0.8659,-0.7263,149.5,96.9,0.526
86.46,31827.2,34626.7,-0.7539,-0.9179,149.5,96.9,0.526
86.48,31919.9,34694.6,-0.351,-0.7508,149.5,96.9,0.526
86.5,31700.0,34502.9,-1.307,-1.223,149.5,96.9,0.526
86.52,31729.5,34441.3,-1.1785,-1.3744,149.5,96.9,0.526
86.54,31771.5,34517.3,-0.9961,-1.1874,149.5,96.9,0.526
86.56,31892.8,34770.6,-0.4687,-0.5637,149.5,96.9,0.526
86.58,32164.2,35226.5,0.7106,0.5587,149.5,96.9,0.526
86.6,32297.0,35552.5,1.288,1.3613,149.5,96.9,0.526
86.62,32438.0,35770.9,1.9006,1.899,149.5,96.9,0.526
86.64,32414.9,35668.2,1.8003,1.6461,149.5,96.9,0.526
86.66,32318.8,35553.8,1.3823,1.3646,149.5,96.9,0.526
86.68,32180.7,35390.4,0.7821,0.9623,149.5,96.9,0.526
86.7,32097.2,35217.5,0.4197,0.5366,149.5,96.9,0.526
86.72,32025.8,35169.1,0.1091,0.4174,149.5,96.9,0.526
86.74,31927.6,35095.1,-0.3179,0.2351,149.5,96.9,0.526
86.76,31994.1,34970.8,-0.0288,-0.0709,149.5,96.9,0.526
86.78,32016.6,34782.4,0.0692,-0.5348,149.5,96.9,0.526
86.8,31862.5,34789.9,-0.6004,-0.5162,149.5,96.9,0.526
86.82,31859.9,34691.0,-0.6119,-0.7598,149.5,96.9,0.526
86.84,31860.3,34705.6,-0.6103,-0.7237,149.5,96.9,0.526
86.86,31871.0,34641.6,-0.5636,-0.8814,149.5,96.9,0.526
86.88,31838.3,34603.6,-0.7059,-0.975,149.5,96.9,0.526
86.9,31890.0,34625.2,-0.4811,-0.9217,149.5,96.9,0.526
86.92,31775.9,34429.2,-0.9769,-1.4043,149.5,96.9,0.526
86.94,31741.0,34556.8,-1.1284,-1.0901,149.5,96.9,0.526
86.96,31899.5,34909.0,-0.4399,-0.2231,149.5,96.9,0.526
86.98,32052.0,35237.5,0.223,0.5859,149.5,96.9,0.526
87.0,32299.4,35641.6,1.2983,1.5806,149.5,96.9,0.526
87.02,32258.6,35728.6,1.1209,1.7949,149.5,96.9,0.526
87.04,32444.9,35620.0,1.9304,1.5276,149.5,96.9,0.526
87.06,32241.9,35582.4,1.0485,1.4349,149.5,96.9,0.526
87.08,32176.4,35435.3,0.7637,1.0728,149.5,96.9,0.526
87.1,32119.3,35242.7,0.5153,0.5986,149.5,96.9,0.526
87.12,32082.7,35051.2,0.3563,0.127,149.5,96.9,0.526
87.14,32048.4,35088.4,0.2072,0.2186,149.5,96.9,0.526
87.16,32040.2,34992.7,0.1718,-0.0169,149.5,96.9,0.526
87.18,31945.7,34827.7,-0.2389,-0.4231,149.5,96.9,0.526
87.2,31806.2,34765.0,-0.8454,-0.5776,149.5,96.9,0.526
87.22,31949.8,34671.0,-0.2212,-0.8089,149.5,96.9,0.526
87.24,31718.1,34642.4,-1.2282,-0.8794,149.5,96.9,0.526
87.26,31883.5,34643.9,-0.5094,-0.8757,149.5,96.9,0.526
87.28,31814.1,34643.1,-0.8109,-0.8776,149.5,96.9,0.526
87.3,31768.7,34630.8,-1.0084,-0.908,149.5,96.9,0.526
87.32,31700.8,34410.5,-1.3032,-1.4503,149.5,96.9,0.526
87.34,31766.0,34522.9,-1.0199,-1.1736,149.5,96.9,0.526
87.36,31866.6,34801.1,-0.5827,-0.4886,149.5,96.9,0.526
87.38,31974.8,35045.1,-0.1123,0.112,149.5,96.9,0.526
87.4,32246.1,35575.6,1.0668,1.4183,149.5,96.9,0.526
87.42,32268.7,35713.0,1.1649,1.7565,149.5,96.9,0.526
87.44,32289.4,35702.3,1.2549,1.7301,149.5,96.9,0.526
87.46,32330.4,35635.8,1.4328,1.5663,149.5,96.9,0.526
87.48,32177.1,35405.4,0.7666,0.9991,149.5,96.9,0.526
87.5,32086.3,35250.8,0.3723,0.6184,149.5,96.9,0.526
87.52,32046.2,35142.1,0.1977,0.3509,149.5,96.9,0.526
87.54,32041.9,35091.0,0.1789,0.2251,149.5,96.9,0.526
87.56,32091.7,35004.9,0.3956,0.013,149.5,96.9,0.526
87.58,31953.0,34937.7,-0.2072,-0.1523,149.5,96.9,0.526
87.6,31867.7,34765.5,-0.5778,-0.5763,149.5,96.9,0.526
87.62,31808.4,34782.6,-0.8356,-0.5343,149.5,96.9,0.526
87.64,31791.3,34727.5,-0.91,-0.6699,149.5,96.9,0.526
87.66,31837.8,34575.5,-0.7081,-1.0442,149.5,96.9,0.526
87.68,31903.3,34579.5,-0.4232,-1.0343,149.5,96.9,0.526
87.7,31823.9,34552.7,-0.7685,-1.1001,149.5,96.9,0.526
87.72,31679.8,34456.0,-1.3946,-1.3383,149.5,96.9,0.526
87.74,31654.0,34476.5,-1.5068,-1.2878,149.5,96.9,0.526
87.76,31841.8,34719.7,-0.6905,-0.6891,149.5,96.9,0.526
87.78,32012.8,35195.0,0.0525,0.4811,149.5,96.9,0.526
87.8,32253.8,35460.9,1.0999,1.1358,149.5,96.9,0.526
87.82,32358.2,35710.7,1.5539,1.7507,149.5,96.9,0.526
87.84,32302.9,35760.7,1.3133,1.874,149.5,96.9,0.526
87.86,32342.9,35590.9,1.4872,1.4558,149.5,96.9,0.526
87.88,32176.1,35323.2,0.7624,0.7967,149.5,96.9,0.526
87.9,32189.3,35196.5,0.8197,0.4848,149.5,96.9,0.526
87.92,32070.4,35011.9,0.303,0.0304,149.5,96.9,0.526
87.94,32067.5,35070.2,0.2903,0.1738,149.5,96.9,0.526
87.96,31923.2,35082.4,-0.3366,0.2039,149.5,96.9,0.526
87.98,31969.1,34846.7,-0.1372,-0.3763,149.5,96.9,0.526
88.0,31882.9,34820.3,-0.5121,-0.4413,149.5,96.9,0.526
88.02,31842.0,34625.9,-0.6898,-0.9201,149.5,96.9,0.526
88.04,31804.1,34720.1,-0.8543,-0.6881,149.5,96.9,0.526
88.06,31784.8,34711.4,-0.9383,-0.7095,149.5,96.9,0.526
88.08,31693.0,34590.1,-1.3373,-1.0082,149.5,96.9,0.526
88.1,31669.7,34598.3,-1.4386,-0.9879,149.5,96.9,0.526
88.12,31734.1,34433.4,-1.1584,-1.3939,149.5,96.9,0.526
88.14,31812.7,34515.0,-0.8171,-1.193,149.5,96.9,0.526
88.16,31888.5,34794.5,-0.4877,-0.5049,149.5,96.9,0.526
88.18,32104.2,35074.5,0.4499,0.1843,149.5,96.9,0.526
88.2,32203.0,35444.4,0.8794,1.0952,149.5,96.9,0.526
88.22,32426.9,35688.6,1.8525,1.6965,149.5,96.9,0.526
88.24,32444.5,35799.1,1.9287,1.9684,149.5,96.9,0.526
88.26,32209.5,35676.1,0.9076,1.6656,149.5,96.9,0.526
88.28,32285.0,35384.1,1.2358,0.9467,149.5,96.9,0.526
88.3,32138.0,35258.6,0.5967,0.6378,149.5,96.9,0.526
88.32,32175.6,35105.2,0.76,0.2601,149.5,96.9,0.526
88.34,32110.8,34989.5,0.4785,-0.0247,149.5,96.9,0.526
88.36,32023.6,34910.6,0.0995,-0.219,149.5,96.9,0.526
88.38,31957.2,34892.9,-0.1889,-0.2627,149.5,96.9,0.526
88.4,31875.7,34789.2,-0.5434,-0.518,149.5,96.9,0.526
88.42,31835.8,34735.8,-0.7167,-0.6494,149.5,96.9,0.526
88.44,31883.5,34702.6,-0.5095,-0.7312,149.5,96.9,0.526
88.46,31867.4,34617.1,-0.5792,-0.9417,149.5,96.9,0.526
88.48,31816.8,34681.2,-0.7993,-0.7839,149.5,96.9,0.526
88.5,31785.8,34543.3,-0.9341,-1.1233,149.5,96.9,0.526
88.52,31674.2,34401.7,-1.4188,-1.4721,149.5,96.9,0.526
88.54,31735.4,34485.0,-1.1531,-1.2669,149.5,96.9,0.526
88.56,31852.2,34583.1,-0.6452,-1.0253,149.5,96.9,0.526
88.58,32025.3,34948.2,0.1069,-0.1265,149.5,96.9,0.526
88.6,32204.3,35447.7,0.8847,1.1034,149.5,96.9,0.526
88.62,32323.9,35677.5,1.4046,1.669,149.5,96.9,0.526
88.64,32349.6,35745.3,1.5162,1.8359,149.5,96.9,0.526
88.66,32349.2,35594.6,1.5146,1.465,149.5,96.9,0.526
88.68,32203.0,35426.3,0.8793,1.0507,149.5,96.9,0.526
88.7,32137.3,35291.8,0.5935,0.7195,149.5,96.9,0.526
88.72,31983.8,35198.3,-0.0732,0.4892,149.5,96.9,0.526
88.74,32036.1,35101.0,0.1537,0.2496,149.5,96.9,0.526
88.76,31996.5,35022.3,-0.0183,0.0559,149.5,96.9,0.526
88.78,32023.3,34797.3,0.0983,-0.4981,149.5,96.9,0.526
88.8,31909.6,34813.0,-0.3961,-0.4593,149.5,96.9,0.526
88.82,31874.9,34729.0,-0.5468,-0.6661,149.5,96.9,0.526
88.84,31789.7,34710.3,-0.9172,-0.7122,149.5,96.9,0.526
88.86,31828.5,34660.7,-0.7485,-0.8343,149.5,96.9,0.526
88.88,31903.9,34622.3,-0.4208,-0.9288,149.5,96.9,0.526
88.9,31718.9,34489.3,-1.2249,-1.2563,149.5,96.9,0.526
88.92,31754.8,34470.5,-1.0686,-1.3027,149.5,96.9,0.526
88.94,31626.7,34565.9,-1.6252,-1.0678,149.5,96.9,0.526
88.96,31821.7,34644.1,-0.7777,-0.8752,149.5,96.9,0.526
88.98,32022.5,34969.6,0.0947,-0.0737,149.5,96.9,0.526
89.0,32243.4,35390.5,1.0547,0.9623,149.5,96.9,0.526
89.02,32368.4,35643.9,1.5982,1.5862,149.5,96.9,0.526
89.04,32367.2,35760.3,1.5927,1.8729,149.5,96.9,0.526
89.06,32350.3,35633.1,1.5195,1.5596,149.5,96.9,0.526
89.08,32186.4,35437.2,0.8072,1.0773,149.5,96.9,0.526
89.1,32129.3,35224.0,0.5591,0.5526,149.5,96.9,0.526
89.12,32093.7,35161.9,0.404,0.3997,149.5,96.9,0.526
89.14,32047.9,35101.2,0.2051,0.2502,149.5,96.9,0.526
89.16,31990.6,35008.5,-0.0436,0.0221,149.5,96.9,0.526
89.18,31950.5,34881.4,-0.218,-0.2909,149.5,96.9,0.526
89.2,31939.5,34781.0,-0.2661,-0.5381,149.5,96.9,0.526
89.22,31885.1,34725.7,-0.5026,-0.6744,149.5,96.9,0.526
89.24,31897.6,34564.0,-0.4482,-1.0723,149.5,96.9,0.526
89.26,31895.0,34617.8,-0.4595,-0.9399,149.5,96.9,0.526
89.28,31789.8,34666.1,-0.9165,-0.8211,149.5,96.9,0.526
89.3,31844.9,34612.0,-0.6772,-0.9543,149.5,96.9,0.526
89.32,31730.3,34567.7,-1.1753,-1.0633,149.5,96.9,0.526
89.34,31718.4,34491.0,-1.2269,-1.2521,149.5,96.9,0.526
89.36,31825.6,34709.0,-0.7611,-0.7154,149.5,96.9,0.526
89.38,32100.2,35061.9,0.4323,0.1533,149.5,96.9,0.526
89.4,32191.6,35317.3,0.8295,0.7824,149.5,96.9,0.526
89.42,32289.6,35720.5,1.2558,1.775,149.5,96.9,0.526
89.44,32335.6,35785.3,1.4554,1.9344,149.5,96.9,0.526
89.46,32225.2,35720.8,0.976,1.7756,149.5,96.9,0.526
89.48,32206.3,35472.8,0.8937,1.1651,149.5,96.9,0.526
89.5,32165.9,35316.7,0.7182,0.7807,149.5,96.9,0.526
89.52,32008.2,35164.8,0.0329,0.4068,149.5,96.9,0.526
89.54,32124.1,35066.5,0.5366,0.1648,149.5,96.9,0.526
89.56,31910.7,35050.1,-0.391,0.1243,149.5,96.9,0.526
89.58,31978.4,34888.7,-0.0969,-0.273,149.5,96.9,0.526
89.6,31860.9,34828.2,-0.6075,-0.422,149.5,96.9,0.526
89.62,31884.7,34739.6,-0.5041,-0.64,149.5,96.9,0.526
89.64,31777.2,34717.4,-0.9712,-0.6948,149.5,96.9,0.526
89.66,31796.7,34641.4,-0.8863,-0.882,149.5,96.9,0.526
89.68,31795.4,34732.7,-0.8922,-0.6571,149.5,96.9,0.526
89.7,31788.2,34437.2,-0.9235,-1.3846,149.5,96.9,0.526
89.72,31726.4,34445.8,-1.1921,-1.3635,149.5,96.9,0.526
89.74,31781.2,34477.9,-0.9541,-1.2845,149.5,96.9,0.526
89.76,31838.0,34622.3,-0.7071,-0.9289,149.5,96.9,0.526
89.78,32031.1,34916.6,0.1323,-0.2042,149.5,96.9,0.526
89.8,32156.6,35473.0,0.6778,1.1655,149.5,96.9,0.526
89.82,32373.2,35648.2,1.6189,1.597,149.5,96.9,0.526
89.84,32333.0,35733.9,1.4442,1.8079,149.5,96.9,0.526
89.86,32252.5,35665.7,1.0942,1.64,149.5,96.9,0.526
89.88,32171.4,35481.1,0.742,1.1854,149.5,96.9,0.526
89.9,32152.0,35233.3,0.6574,0.5753,149.5,96.9,0.526
89.92,32112.5,35184.3,0.486,0.4548,149.5,96.9,0.526
89.94,32054.9,35055.8,0.2356,0.1384,149.5,96.9,0.526
89.96,31987.5,34986.0,-0.0572,-0.0334,149.5,96.9,0.526
89.98,31952.9,34957.0,-0.2078,-0.1049,149.5,96.9,0.526
90.0,31928.5,34804.5,-0.3139,-0.4804,149.5,96.9,0.526
90.02,31860.1,34739.7,-0.6108,-0.6397,149.5,96.9,0.526
90.04,31848.3,34606.3,-0.6621,-0.9683,149.5,96.9,0.526
90.06,31817.9,34605.2,-0.7943,-0.971,149.5,96.9,0.526
90.08,31824.3,34580.5,-0.7667,-1.0317,149.5,96.9,0.526
90.1,31798.8,34586.3,-0.8775,-1.0175,149.5,96.9,0.526
90.12,31835.3,34504.3,-0.7189,-1.2194,149.5,96.9,0.526
90.14,31721.9,34564.6,-1.2115,-1.0709,149.5,96.9,0.526
90.16,31914.4,34527.6,-0.3751,-1.1619,149.5,96.9,0.526
90.18,31955.6,34962.6,-0.196,-0.0911,149.5,96.9,0.526
90.2,32131.9,35344.5,0.5703,0.8492,149.5,96.9,0.526
90.22,32386.2,35568.7,1.6756,1.4011,149.5,96.9,0.526
90.24,32344.7,35647.6,1.4952,1.5955,149.5,96.9,0.526
90.26,32271.8,35617.2,1.1782,1.5205,149.5,96.9,0.526
90.28,32279.0,35386.1,1.2098,0.9516,149.5,96.9,0.526
90.3,32086.3,35342.1,0.3722,0.8433,149.5,96.9,0.526
90.32,32139.1,35029.8,0.6016,0.0743,149.5,96.9,0.526
90.34,31937.1,35192.6,-0.2764,0.4752,149.5,96.9,0.526
90.36,31961.0,34933.1,-0.1727,-0.1637,149.5,96.9,0.526
90.38,32088.8,34971.7,0.383,-0.0685,149.5,96.9,0.526
90.4,31970.2,34803.2,-0.1323,-0.4836,149.5,96.9,0.526
90.42,31855.4,34770.6,-0.6316,-0.5637,149.5,96.9,0.526
90.44,31892.8,34649.0,-0.4689,-0.8632,149.5,96.9,0.526
90.46,31721.4,34666.2,-1.2137,-0.8208,149.5,96.9,0.526
90.48,31857.7,34620.5,-0.6214,-0.9332,149.5,96.9,0.526
90.5,31752.5,34618.4,-1.0789,-0.9385,149.5,96.9,0.526
90.52,31767.5,34471.3,-1.0136,-1.3005,149.5,96.9,0.526
90.54,31760.7,34485.9,-1.043,-1.2646,149.5,96.9,0.526
90.56,31808.2,34612.7,-0.8365,-0.9524,149.5,96.9,0.526
90.58,31949.8,34904.5,-0.2213,-0.2341,149.5,96.9,0.526
90.6,32211.2,35254.7,0.915,0.628,149.5,96.9,0.526
90.62,32330.8,35707.7,1.4347,1.7433,149.5,96.9,0.526
90.64,32441.1,35743.4,1.9142,1.8314,149.5,96.9,0.526
90.66,32289.9,35732.5,1.257,1.8046,149.5,96.9,0.526
90.68,32223.7,35413.5,0.9694,1.0191,149.5,96.9,0.526
90.7,32184.3,35244.1,0.7978,0.602,149.5,96.9,0.526
90.72,31957.7,35147.0,-0.1867,0.3628,149.5,96.9,0.526
90.74,31950.5,35052.1,-0.2181,0.1292,149.5,96.9,0.526
90.76,32034.7,35083.5,0.1478,0.2065,149.5,96.9,0.526
90.78,31995.0,34957.0,-0.0249,-0.1048,149.5,96.9,0.526
90.8,31860.1,34851.5,-0.6111,-0.3647,149.5,96.9,0.526
90.82,31960.0,34733.6,-0.1768,-0.6547,149.5,96.9,0.526
90.84,31866.8,34744.4,-0.5818,-0.6282,149.5,96.9,0.526
90.86,31765.9,34684.4,-1.0202,-0.776,149.5,96.9,0.526
90.88,31940.6,34548.7,-0.2613,-1.1102,149.5,96.9,0.526
90.9,31787.4,34550.4,-0.9271,-1.1059,149.5,96.9,0.526
90.92,31888.2,34467.7,-0.4891,-1.3095,149.5,96.9,0.526
90.94,31740.0,34489.7,-1.1331,-1.2554,149.5,96.9,0.526
90.96,31816.0,34571.9,-0.8025,-1.053,149.5,96.9,0.526
90.98,31898.5,34819.5,-0.444,-0.4433,149.5,96.9,0.526
91.0,32147.5,35276.9,0.638,0.6827,149.5,96.9,0.526
91.02,32288.0,35694.6,1.2487,1.7111,149.5,96.9,0.526
91.04,32406.4,35714.2,1.7634,1.7594,149.5,96.9,0.526
91.06,32282.6,35685.1,1.2254,1.6877,149.5,96.9,0.526
91.08,32251.5,35542.1,1.0901,1.3358,149.5,96.9,0.526
91.1,32185.9,35315.5,0.805,0.7778,149.5,96.9,0.526
91.12,32047.5,35268.6,0.2035,0.6623,149.5,96.9,0.526
91.14,31955.8,35142.3,-0.1953,0.3515,149.5,96.9,0.526
91.16,32043.1,35049.4,0.1843,0.1226,149.5,96.9,0.526
91.18,31936.5,35010.9,-0.2789,0.028,149.5,96.9,0.526
91.2,31899.8,34808.8,-0.4386,-0.4696,149.5,96.9,0.526
91.22,31725.1,34801.2,-1.1979,-0.4885,149.5,96.9,0.526
91.24,31815.2,34690.5,-0.8063,-0.761,149.5,96.9,0.526
91.26,31923.8,34663.1,-0.3341,-0.8284,149.5,96.9,0.526
91.28,31898.0,34658.3,-0.4464,-0.8402,149.5,96.9,0.526
91.3,31690.8,34555.4,-1.3468,-1.0935,149.5,96.9,0.526
91.32,31742.3,34524.1,-1.1229,-1.1707,149.5,96.9,0.526
91.34,31663.7,34460.4,-1.4646,-1.3274,149.5,96.9,0.526
91.36,31869.9,34485.5,-0.5683,-1.2658,149.5,96.9,0.526
91.38,31918.3,34761.5,-0.3579,-0.5862,149.5,96.9,0.526
91.4,32131.4,35248.7,0.568,0.6134,149.5,96.9,0.526
91.42,32310.7,35576.9,1.3472,1.4214,149.5,96.9,0.526
91.44,32345.2,35779.9,1.4974,1.9213,149.5,96.9,0.526
91.46,32287.3,35711.4,1.2455,1.7526,149.5,96.9,0.526
91.48,32266.9,35420.6,1.1571,1.0365,149.5,96.9,0.526
91.5,32159.4,35341.9,0.6899,0.8428,149.5,96.9,0.526
91.52,32088.0,35207.3,0.3793,0.5113,149.5,96.9,0.526
91.54,31968.1,35085.1,-0.1418,0.2105,149.5,96.9,0.526
91.56,31974.0,35053.6,-0.1159,0.133,149.5,96.9,0.526
91.58,32033.5,34985.2,0.1428,-0.0354,149.5,96.9,0.526
91.6,31962.5,34838.3,-0.1662,-0.397,149.5,96.9,0.526
91.62,31923.7,34630.9,-0.3345,-0.9076,149.5,96.9,0.526
91.64,31847.1,34716.9,-0.6676,-0.696,149.5,96.9,0.526
91.66,31693.2,34722.2,-1.3365,-0.6829,149.5,96.9,0.526
91.68,31858.4,34550.6,-0.6186,-1.1054,149.5,96.9,0.526
91.7,31813.5,34525.8,-0.8135,-1.1666,149.5,96.9,0.526
91.72,31775.2,34452.5,-0.9799,-1.3468,149.5,96.9,0.526
91.74,31851.5,34323.5,-0.6485,-1.6646,149.5,96.9,0.526
91.76,31716.0,34583.5,-1.2371,-1.0244,149.5,96.9,0.526
91.78,31903.9,34917.1,-0.4208,-0.203,149.5,96.9,0.526
91.8,32070.1,35218.4,0.3018,0.5388,149.5,96.9,0.526
91.82,32249.9,35588.2,1.083,1.4491,149.5,96.9,0.526
91.84,32360.0,35739.4,1.5615,1.8216,149.5,96.9,0.526
91.86,32301.9,35746.6,1.3092,1.8391,149.5,96.9,0.526
91.88,32299.1,35548.0,1.2967,1.3502,149.5,96.9,0.526
91.9,32105.5,35377.6,0.4553,0.9307,149.5,96.9,0.526
91.92,32049.7,35208.2,0.2129,0.5137,149.5,96.9,0.526
91.94,32089.4,35101.2,0.3856,0.2503,149.5,96.9,0.526
91.96,32085.8,35019.4,0.3699,0.0488,149.5,96.9,0.526
91.98,31852.2,34998.9,-0.6454,-0.0016,149.5,96.9,0.526
92.0,31996.4,34845.0,-0.0186,-0.3806,149.5,96.9,0.526
92.02,31915.5,34714.7,-0.3701,-0.7014,149.5,96.9,0.526
92.04,31884.7,34766.4,-0.5042,-0.5742,149.5,96.9,0.526
92.06,31826.8,34644.0,-0.7556,-0.8754,149.5,96.9,0.526
92.08,31793.1,34570.6,-0.9024,-1.0561,149.5,96.9,0.526
92.1,31765.6,34576.3,-1.0216,-1.042,149.5,96.9,0.526
92.12,31736.1,34490.7,-1.1498,-1.253,149.5,96.9,0.526
92.14,31715.9,34460.2,-1.2377,-1.3279,149.5,96.9,0.526
92.16,31779.4,34507.9,-0.9619,-1.2105,149.5,96.9,0.526
92.18,31890.1,34809.9,-0.4807,-0.4669,149.5,96.9,0.526
92.2,32158.5,35189.7,0.686,0.4681,149.5,96.9,0.526
92.22,32256.8,35501.7,1.113,1.2363,149.5,96.9,0.526
92.24,32425.4,35794.5,1.8457,1.9571,149.5,96.9,0.526
92.26,32346.6,35673.3,1.5035,1.6587,149.5,96.9,0.526
92.28,32371.7,35538.2,1.6126,1.3261,149.5,96.9,0.526
92.3,32105.7,35415.5,0.4565,1.024,149.5,96.9,0.526
92.32,32113.3,35168.2,0.4894,0.4151,149.5,96.9,0.526
92.34,31997.5,35100.9,-0.0138,0.2495,149.5,96.9,0.526
92.36,31996.8,35000.7,-0.0169,0.0028,149.5,96.9,0.526
92.38,32053.9,34965.4,0.2314,-0.0842,149.5,96.9,0.526
92.4,31977.1,34967.3,-0.1025,-0.0794,149.5,96.9,0.526
92.42,31837.2,34784.9,-0.7107,-0.5286,149.5,96.9,0.526
92.44,31846.9,34698.6,-0.6682,-0.741,149.5,96.9,0.526
92.46,31931.9,34826.8,-0.2991,-0.4253,149.5,96.9,0.526
92.48,31821.0,34580.0,-0.781,-1.033,149.5,96.9,0.526
92.5,31842.8,34625.0,-0.6862,-0.9223,149.5,96.9,0.526
92.52,31741.3,34578.4,-1.1275,-1.0371,149.5,96.9,0.526
92.54,31672.6,34523.1,-1.4261,-1.1732,149.5,96.9,0.526
92.56,31746.3,34522.6,-1.1054,-1.1744,149.5,96.9,0.526
92.58,31834.2,34861.8,-0.7236,-0.3393,149.5,96.9,0.526
92.6,32022.7,35159.0,0.0958,0.3924,149.5,96.9,0.526
92.62,32254.6,35499.0,1.1037,1.2297,149.5,96.9,0.526
92.64,32246.4,35803.7,1.068,1.9797,149.5,96.9,0.526
92.66,32274.6,35726.7,1.1904,1.7901,149.5,96.9,0.526
92.68,32247.0,35531.1,1.0707,1.3086,149.5,96.9,0.526
92.7,32148.0,35396.0,0.6403,0.976,149.5,96.9,0.526
92.72,32091.4,35235.5,0.3942,0.5809,149.5,96.9,0.526
92.74,32046.6,35116.7,0.1993,0.2882,149.5,96.9,0.526
92.76,31993.2,35056.8,-0.0327,0.1408,149.5,96.9,0.526
92.78,31903.5,34964.2,-0.4222,-0.0871,149.5,96.9,0.526
92.8,31977.2,34907.0,-0.1019,-0.228,149.5,96.9,0.526
92.82,31848.1,34692.2,-0.663,-0.7568,149.5,96.9,0.526
92.84,31976.3,34713.8,-0.1062,-0.7036,149.5,96.9,0.526
92.86,31827.4,34662.8,-0.7531,-0.8292,149.5,96.9,0.526
92.88,31901.3,34607.8,-0.4321,-0.9645,149.5,96.9,0.526
92.9,31760.9,34702.7,-1.0422,-0.731,149.5,96.9,0.526
92.92,31781.2,34374.0,-0.9538,-1.5402,149.5,96.9,0.526
92.94,31712.3,34455.8,-1.2532,-1.3389,149.5,96.9,0.526
92.96,31830.4,34504.6,-0.7402,-1.2188,149.5,96.9,0.526
92.98,31878.1,34829.6,-0.5328,-0.4185,149.5,96.9,0.526
93.0,32115.9,35156.8,0.5009,0.3871,149.5,96.9,0.526
93.02,32203.1,35537.2,0.8799,1.3237,149.5,96.9,0.526
93.04,32357.6,35764.3,1.5512,1.8827,149.5,96.9,0.526
93.06,32292.6,35705.8,1.2685,1.7386,149.5,96.9,0.526
93.08,32290.1,35633.3,1.258,1.5602,149.5,96.9,0.526
93.1,32203.0,35434.0,0.8793,1.0696,149.5,96.9,0.526
93.12,32087.5,35220.3,0.3773,0.5434,149.5,96.9,0.526
93.14,32133.3,35048.9,0.5765,0.1214,149.5,96.9,0.526
93.16,32027.3,35056.4,0.1155,0.1399,149.5,96.9,0.526
93.18,31981.0,34907.3,-0.0854,-0.2272,149.5,96.9,0.526
93.2,31940.3,34924.4,-0.2626,-0.185,149.5,96.9,0.526
93.22,31918.6,34785.2,-0.357,-0.5279,149.5,96.9,0.526
93.24,31876.8,34671.8,-0.5383,-0.807,149.5,96.9,0.526
93.26,31837.0,34637.3,-0.7113,-0.892,149.5,96.9,0.526
93.28,31784.4,34592.3,-0.9402,-1.0028,149.5,96.9,0.526
93.3,31787.9,34621.0,-0.9248,-0.932,149.5,96.9,0.526
93.32,31688.6,34461.1,-1.3565,-1.3259,149.5,96.9,0.526
93.34,31754.2,34390.1,-1.0711,-1.5005,149.5,96.9,0.526
93.36,31765.6,34473.7,-1.0218,-1.2947,149.5,96.9,0.526
93.38,31915.1,34789.2,-0.372,-0.518,149.5,96.9,0.526
93.4,32184.5,35208.0,0.7987,0.5131,149.5,96.9,0.526
93.42,32217.1,35484.3,0.9406,1.1934,149.5,96.9,0.526
93.44,32391.1,35697.9,1.697,1.7192,149.5,96.9,0.526
93.46,32305.4,35689.8,1.3245,1.6993,149.5,96.9,0.526
93.48,32242.7,35569.7,1.0516,1.4036,149.5,96.9,0.526
93.5,32167.1,35400.6,0.7231,0.9872,149.5,96.9,0.526
93.52,32155.8,35155.7,0.674,0.3845,149.5,96.9,0.526
93.54,32101.8,35075.0,0.4396,0.1858,149.5,96.9,0.526
93.56,32078.8,35104.2,0.3393,0.2575,149.5,96.9,0.526
93.58,32006.2,34970.2,0.0241,-0.0724,149.5,96.9,0.526
93.6,32002.5,34896.2,0.008,-0.2544,149.5,96.9,0.526
93.62,31880.1,34833.1,-0.5242,-0.41,149.5,96.9,0.526
93.64,31861.7,34637.4,-0.6039,-0.8917,149.5,96.9,0.526
93.66,31962.8,34681.1,-0.1647,-0.7842,149.5,96.9,0.526
93.68,31715.8,34614.5,-1.2383,-0.948,149.5,96.9,0.526
93.7,31859.3,34615.6,-0.6143,-0.9453,149.5,96.9,0.526
93.72,31782.4,34561.1,-0.9487,-1.0795,149.5,96.9,0.526
93.74,31664.0,34414.6,-1.4634,-1.4402,149.5,96.9,0.526
93.76,31819.0,34515.6,-0.7896,-1.1915,149.5,96.9,0.526
93.78,31781.5,34707.8,-0.9524,-0.7183,149.5,96.9,0.526
93.8,32096.3,35130.9,0.4155,0.3232,149.5,96.9,0.526
93.82,32212.0,35461.2,0.9184,1.1365,149.5,96.9,0.526
93.84,32395.5,35776.9,1.716,1.9139,149.5,96.9,0.526
93.86,32268.4,35674.1,1.1637,1.6607,149.5,96.9,0.526
93.88,32207.4,35604.3,0.8983,1.4887,149.5,96.9,0.526
93.9,32174.1,35296.6,0.7536,0.7312,149.5,96.9,0.526
93.92,32100.2,35202.1,0.4325,0.4987,149.5,96.9,0.526
93.94,32036.3,35180.6,0.1549,0.4458,149.5,96.9,0.526
93.96,31967.9,35117.6,-0.1423,0.2905,149.5,96.9,0.526
93.98,32026.5,35016.6,0.112,0.0419,149.5,96.9,0.526
94.0,31907.4,34905.4,-0.4056,-0.2318,149.5,96.9,0.526
94.02,31811.2,34808.6,-0.8235,-0.4701,149.5,96.9,0.526
94.04,31810.2,34743.7,-0.8278,-0.63,149.5,96.9,0.526
94.06,31778.9,34609.6,-0.9638,-0.9602,149.5,96.9,0.526
94.08,31738.5,34699.7,-1.1395,-0.7384,149.5,96.9,0.526
94.1,31744.2,34696.7,-1.1145,-0.7458,149.5,96.9,0.526
94.12,31798.0,34596.0,-0.8809,-0.9935,149.5,96.9,0.526
94.14,31688.9,34450.4,-1.3549,-1.3521,149.5,96.9,0.526
94.16,31819.3,34417.3,-0.7883,-1.4336,149.5,96.9,0.526
94.18,31764.8,34703.7,-1.0254,-0.7286,149.5,96.9,0.526
94.2,31944.5,35093.7,-0.2442,0.2316,149.5,96.9,0.526
94.22,32186.5,35272.1,0.8077,0.671,149.5,96.9,0.526
94.24,32289.6,35675.0,1.2558,1.6628,149.5,96.9,0.526
94.26,32406.8,35712.9,1.7651,1.7562,149.5,96.9,0.526
94.28,32316.7,35603.0,1.3735,1.4858,149.5,96.9,0.526
94.3,32136.0,35314.2,0.5881,0.7746,149.5,96.9,0.526
94.32,32128.1,35224.9,0.5537,0.5546,149.5,96.9,0.526
94.34,32052.3,35124.6,0.2242,0.3079,149.5,96.9,0.526
94.36,32122.1,35115.9,0.5275,0.2865,149.5,96.9,0.526
94.38,31912.0,35052.9,-0.3855,0.1312,149.5,96.9,0.526
94.4,32039.6,34920.6,0.1692,-0.1946,149.5,96.9,0.526
94.42,31872.0,34756.7,-0.5592,-0.598,149.5,96.9,0.526
94.44,31885.2,34736.0,-0.5021,-0.6489,149.5,96.9,0.526
94.46,31862.8,34681.6,-0.5992,-0.7829,149.5,96.9,0.526
94.48,31773.6,34711.3,-0.987,-0.7099,149.5,96.9,0.526
94.5,31778.3,34588.7,-0.9666,-1.0115,149.5,96.9,0.526
94.52,31787.9,34471.6,-0.925,-1.2999,149.5,96.9,0.526
94.54,31766.6,34462.4,-1.0173,-1.3227,149.5,96.9,0.526
94.56,31804.1,34518.2,-0.8544,-1.1852,149.5,96.9,0.526
94.58,31900.7,34721.1,-0.4347,-0.6857,149.5,96.9,0.526
94.6,32081.4,34998.1,0.3506,-0.0036,149.5,96.9,0.526
94.62,32253.9,35386.0,1.1004,0.9515,149.5,96.9,0.526
94.64,32540.3,35610.6,2.3452,1.5043,149.5,96.9,0.526
94.66,32274.4,35755.7,1.1894,1.8617,149.5,96.9,0.526
94.68,32279.5,35611.4,1.2119,1.5063,149.5,96.9,0.526
94.7,32296.7,35421.3,1.2863,1.0384,149.5,96.9,0.526
94.72,32114.4,35375.8,0.4941,0.9263,149.5,96.9,0.526
94.74,32052.6,35116.0,0.2255,0.2867,149.5,96.9,0.526
94.76,32020.9,35102.6,0.0879,0.2537,149.5,96.9,0.526
94.78,32037.7,34998.2,0.1607,-0.0035,149.5,96.9,0.526
94.8,31931.6,34854.5,-0.3004,-0.3573,149.5,96.9,0.526
94.82,31924.8,34689.2,-0.3298,-0.7641,149.5,96.9,0.526
94.84,31913.9,34739.0,-0.3772,-0.6416,149.5,96.9,0.526
94.86,31849.8,34704.5,-0.656,-0.7264,149.5,96.9,0.526
94.88,31801.7,34627.3,-0.8649,-0.9167,149.5,96.9,0.526
94.9,31862.8,34630.5,-0.5991,-0.9086,149.5,96.9,0.526
94.92,31699.8,34452.7,-1.3077,-1.3465,149.5,96.9,0.526
94.94,31762.0,34413.4,-1.0374,-1.4432,149.5,96.9,0.526
94.96,31705.2,34487.7,-1.2842,-1.2602,149.5,96.9,0.526
94.98,31849.0,34739.8,-0.6592,-0.6395,149.5,96.9,0.526
95.0,32077.1,35001.8,0.3322,0.0055,149.5,96.9,0.526
95.02,32368.3,35375.3,1.5977,0.9249,149.5,96.9,0.526
95.04,32419.7,35676.1,1.8212,1.6657,149.5,96.9,0.526
95.06,32359.7,35784.9,1.5604,1.9334,149.5,96.9,0.526
95.08,32290.7,35662.4,1.2605,1.6318,149.5,96.9,0.526
95.1,32205.2,35317.4,0.889,0.7824,149.5,96.9,0.526
95.12,32022.0,35306.5,0.0925,0.7557,149.5,96.9,0.526
95.14,32117.1,35106.5,0.506,0.2631,149.5,96.9,0.526
95.16,32041.7,35049.5,0.1782,0.1229,149.5,96.9,0.526
95.18,32025.6,34968.7,0.1081,-0.0759,149.5,96.9,0.526
95.2,32033.7,34914.2,0.1436,-0.2103,149.5,96.9,0.526
95.22,31827.3,34717.2,-0.7535,-0.6952,149.5,96.9,0.526
95.24,31891.5,34666.8,-0.4747,-0.8193,149.5,96.9,0.526
95.26,31836.5,34675.4,-0.7138,-0.7982,149.5,96.9,0.526
95.28,31779.5,34729.9,-0.9612,-0.6639,149.5,96.9,0.526
95.3,31781.9,34652.4,-0.951,-0.8547,149.5,96.9,0.526
95.32,31813.0,34612.0,-0.8157,-0.9543,149.5,96.9,0.526
95.34,31741.2,34436.4,-1.1278,-1.3866,149.5,96.9,0.526
95.36,31735.1,34457.5,-1.1544,-1.3347,149.5,96.9,0.526
95.38,31883.7,34744.1,-0.5084,-0.629,149.5,96.9,0.526
95.4,31919.4,35044.3,-0.3533,0.1101,149.5,96.9,0.526
95.42,32206.9,35379.0,0.8963,0.9342,149.5,96.9,0.526
95.44,32375.0,35685.3,1.6267,1.6883,149.5,96.9,0.526
95.46,32406.3,35821.9,1.7628,2.0247,149.5,96.9,0.526
95.48,32302.1,35644.2,1.3101,1.5871,149.5,96.9,0.526
95.5,32195.7,35383.5,0.8477,0.9453,149.5,96.9,0.526
95.52,32028.1,35287.6,0.119,0.7092,149.5,96.9,0.526
95.54,32041.4,35129.7,0.1769,0.3203,149.5,96.9,0.526
95.56,31992.9,35140.1,-0.034,0.3459,149.5,96.9,0.526
95.58,32078.5,34988.5,0.3381,-0.0272,149.5,96.9,0.526
95.6,31977.3,34924.2,-0.1017,-0.1857,149.5,96.9,0.526
95.62,31864.3,34796.7,-0.5928,-0.4996,149.5,96.9,0.526
95.64,31835.0,34761.8,-0.7201,-0.5854,149.5,96.9,0.526
95.66,31883.0,34724.3,-0.5117,-0.6778,149.5,96.9,0.526
95.68,31828.4,34644.4,-0.7486,-0.8744,149.5,96.9,0.526
95.7,31834.0,34666.5,-0.7246,-0.8202,149.5,96.9,0.526
95.72,31773.0,34569.6,-0.9896,-1.0587,149.5,96.9,0.526
95.74,31769.2,34482.2,-1.0059,-1.2737,149.5,96.9,0.526
95.76,31707.0,34418.7,-1.2763,-1.43,149.5,96.9,0.526
95.78,31812.4,34704.5,-0.8182,-0.7264,149.5,96.9,0.526
95.8,31961.9,35023.8,-0.1685,0.0597,149.5,96.9,0.526
95.82,32208.5,35407.6,0.9032,1.0046,149.5,96.9,0.526
95.84,32333.5,35658.6,1.4464,1.6225,149.5,96.9,0.526
95.86,32406.7,35824.0,1.7645,2.0297,149.5,96.9,0.526
95.88,32287.0,35694.0,1.2445,1.7096,149.5,96.9,0.526
95.9,32200.3,35453.2,0.8677,1.1167,149.5,96.9,0.526
95.92,32050.5,35237.3,0.2163,0.5854,149.5,96.9,0.526
95.94,32081.9,35155.7,0.3529,0.3845,149.5,96.9,0.526
95.96,32132.9,35130.7,0.5748,0.3229,149.5,96.9,0.526
95.98,32139.8,35093.0,0.6046,0.2299,149.5,96.9,0.526
96.0,31917.3,34858.9,-0.3623,-0.3464,149.5,96.9,0.526
96.02,31939.7,34731.6,-0.2649,-0.6597,149.5,96.9,0.526
96.04,31786.3,34768.2,-0.9318,-0.5697,149.5,96.9,0.526
96.06,31895.1,34635.5,-0.4591,-0.8965,149.5,96.9,0.526
96.08,31816.8,34667.9,-0.7992,-0.8165,149.5,96.9,0.526
96.1,31773.2,34578.0,-0.9888,-1.0378,149.5,96.9,0.526
96.12,31772.5,34587.1,-0.9917,-1.0155,149.5,96.9,0.526
96.14,31688.2,34482.9,-1.3579,-1.2721,149.5,96.9,0.526
96.16,31661.6,34473.2,-1.4738,-1.296,149.5,96.9,0.526
96.18,31847.0,34613.3,-0.6679,-0.9509,149.5,96.9,0.526
96.2,32019.7,34903.0,0.0826,-0.2378,149.5,96.9,0.526
96.22,32124.9,35382.0,0.54,0.9416,149.5,96.9,0.526
96.24,32289.1,35695.2,1.2535,1.7128,149.5,96.9,0.526
96.26,32330.7,35607.1,1.4343,1.4959,149.5,96.9,0.526
96.28,32395.9,35613.6,1.7175,1.5116,149.5,96.9,0.526
96.3,32203.4,35470.6,0.881,1.1598,149.5,96.9,0.526
96.32,32129.6,35204.0,0.56,0.5034,149.5,96.9,0.526
96.34,31981.7,35180.2,-0.0826,0.4446,149.5,96.9,0.526
96.36,32099.9,35124.6,0.4311,0.3078,149.5,96.9,0.526
96.38,32013.5,35031.8,0.0555,0.0794,149.5,96.9,0.526
96.4,31983.1,34947.2,-0.0766,-0.1289,149.5,96.9,0.526
96.42,31899.5,34726.2,-0.4399,-0.6731,149.5,96.9,0.526
96.44,31903.4,34703.0,-0.4228,-0.7302,149.5,96.9,0.526
96.46,31862.2,34659.1,-0.6019,-0.8384,149.5,96.9,0.526
96.48,31882.1,34687.7,-0.5152,-0.768,149.5,96.9,0.526
96.5,31813.5,34669.1,-0.8135,-0.8136,149.5,96.9,0.526
96.52,31753.9,34482.0,-1.0727,-1.2742,149.5,96.9,0.526
96.54,31706.7,34433.6,-1.2777,-1.3934,149.5,96.9,0.526
96.56,31742.3,34470.6,-1.1231,-1.3023,149.5,96.9,0.526
96.58,31838.7,34662.0,-0.704,-0.8312,149.5,96.9,0.526
96.6,32010.9,34960.9,0.0442,-0.0952,149.5,96.9,0.526
96.62,32113.0,35291.4,0.488,0.7186,149.5,96.9,0.526
96.64,32313.1,35608.6,1.3576,1.4994,149.5,96.9,0.526
96.66,32275.8,35722.5,1.1958,1.7798,149.5,96.9,0.526
96.68,32277.4,35670.2,1.2026,1.6512,149.5,96.9,0.526
96.7,32277.4,35506.0,1.2028,1.2469,149.5,96.9,0.526
96.72,32093.3,35297.1,0.4025,0.7326,149.5,96.9,0.526
96.74,32019.3,35144.5,0.0811,0.3569,149.5,96.9,0.526
96.76,32033.5,35080.0,0.1428,0.198,149.5,96.9,0.526
96.78,31972.0,35059.6,-0.1248,0.1479,149.5,96.9,0.526
96.8,31963.8,34984.2,-0.1602,-0.038,149.5,96.9,0.526
96.82,31950.4,34827.6,-0.2186,-0.4235,149.5,96.9,0.526
96.84,31892.4,34687.8,-0.4704,-0.7677,149.5,96.9,0.526
96.86,31794.5,34659.7,-0.8963,-0.8369,149.5,96.9,0.526
96.88,31841.7,34665.8,-0.6911,-0.8218,149.5,96.9,0.526
96.9,31823.1,34611.9,-0.7719,-0.9544,149.5,96.9,0.526
96.92,31824.7,34528.0,-0.7649,-1.161,149.5,96.9,0.526
96.94,31772.1,34428.8,-0.9935,-1.4053,149.5,96.9,0.526
96.96,31676.1,34462.4,-1.4105,-1.3225,149.5,96.9,0.526
96.98,31880.6,34565.6,-0.5217,-1.0685,149.5,96.9,0.526
97.0,31974.6,34887.0,-0.1132,-0.2771,149.5,96.9,0.526
97.02,32239.6,35392.2,1.0383,0.9667,149.5,96.9,0.526
97.04,32412.1,35641.9,1.7882,1.5815,149.5,96.9,0.526
97.06,32406.8,35766.9,1.7649,1.8891,149.5,96.9,0.526
97.08,32306.7,35776.1,1.33,1.9118,149.5,96.9,0.526
97.1,32235.5,35487.3,1.0206,1.2009,149.5,96.9,0.526
97.12,32148.5,35338.9,0.6424,0.8355,149.5,96.9,0.526
97.14,32034.1,35200.9,0.1453,0.4957,149.5,96.9,0.526
97.16,32112.7,35146.0,0.4868,0.3605,149.5,96.9,0.526
97.18,31993.0,35020.3,-0.0332,0.051,149.5,96.9,0.526
97.2,31944.2,34948.5,-0.2455,-0.1258,149.5,96.9,0.526
97.22,31894.1,34823.2,-0.4632,-0.4343,149.5,96.9,0.526
97.24,31852.6,34685.5,-0.6437,-0.7733,149.5,96.9,0.526
97.26,31812.8,34770.9,-0.8167,-0.563,149.5,96.9,0.526
97.28,31844.0,34675.3,-0.6808,-0.7984,149.5,96.9,0.526
97.3,31859.6,34634.6,-0.6134,-0.8986,149.5,96.9,0.526
97.32,31825.5,34638.3,-0.7612,-0.8894,149.5,96.9,0.526
97.34,31767.9,34560.4,-1.0118,-1.0812,149.5,96.9,0.526
97.36,31755.4,34356.0,-1.0661,-1.5845,149.5,96.9,0.526
97.38,31902.8,34532.9,-0.4256,-1.149,149.5,96.9,0.526
97.4,31796.7,34903.0,-0.8865,-0.2378,149.5,96.9,0.526
97.42,32165.7,35322.5,0.7172,0.7951,149.5,96.9,0.526
97.44,32330.5,35536.8,1.4334,1.3227,149.5,96.9,0.526
97.46,32350.4,35639.7,1.5197,1.5759,149.5,96.9,0.526
97.48,32368.6,35660.4,1.5991,1.6269,149.5,96.9,0.526
97.5,32222.9,35592.9,0.9658,1.4608,149.5,96.9,0.526
97.52,32088.5,35311.4,0.3817,0.7678,149.5,96.9,0.526
97.54,32084.7,35088.7,0.365,0.2194,149.5,96.9,0.526
97.56,32025.2,35073.3,0.1064,0.1816,149.5,96.9,0.526
97.58,32095.8,35097.4,0.4134,0.2408,149.5,96.9,0.526
97.6,31951.8,34962.2,-0.2126,-0.0919,149.5,96.9,0.526
97.62,31883.8,34849.4,-0.5078,-0.3698,149.5,96.9,0.526
97.64,31933.5,34895.4,-0.2921,-0.2564,149.5,96.9,0.526
97.66,31822.8,34677.3,-0.773,-0.7936,149.5,96.9,0.526
97.68,31766.7,34713.6,-1.0168,-0.7041,149.5,96.9,0.526
97.7,31789.9,34628.1,-0.9163,-0.9146,149.5,96.9,0.526
97.72,31842.3,34591.0,-0.6885,-1.0059,149.5,96.9,0.526
97.74,31759.4,34502.3,-1.0486,-1.2244,149.5,96.9,0.526
97.76,31685.1,34430.6,-1.3714,-1.4008,149.5,96.9,0.526
97.78,31768.6,34604.3,-1.0085,-0.9732,149.5,96.9,0.526
97.8,31848.7,34886.7,-0.6605,-0.2779,149.5,96.9,0.526
97.82,32100.9,35255.6,0.4356,0.6302,149.5,96.9,0.526
97.84,32289.2,35593.8,1.2537,1.4631,149.5,96.9,0.526
97.86,32448.4,35650.1,1.9456,1.6015,149.5,96.9,0.526
97.88,32267.1,35701.4,1.1581,1.7279,149.5,96.9,0.526
97.9,32325.0,35415.8,1.4097,1.0246,149.5,96.9,0.526
97.92,32136.6,35377.1,0.5905,0.9295,149.5,96.9,0.526
97.94,31978.5,35064.6,-0.0964,0.1601,149.5,96.9,0.526
97.96,32068.9,35144.5,0.2965,0.3567,149.5,96.9,0.526
97.98,31931.1,35026.8,-0.3026,0.0669,149.5,96.9,0.526
98.0,31953.3,34927.4,-0.2061,-0.1776,149.5,96.9,0.526
98.02,31939.3,34918.5,-0.2668,-0.1997,149.5,96.9,0.526
98.04,31900.1,34673.4,-0.4371,-0.8031,149.5,96.9,0.526
98.06,31925.9,34626.6,-0.3249,-0.9184,149.5,96.9,0.526
98.08,31831.7,34593.9,-0.7345,-0.9988,149.5,96.9,0.526
98.1,31767.4,34631.0,-1.0138,-0.9074,149.5,96.9,0.526
98.12,31760.2,34571.5,-1.0453,-1.0539,149.5,96.9,0.526
98.14,31746.1,34566.2,-1.1063,-1.0669,149.5,96.9,0.526
98.16,31832.3,34467.6,-0.7318,-1.3098,149.5,96.9,0.526
98.18,31863.4,34526.5,-0.5967,-1.1647,149.5,96.9,0.526
98.2,31914.7,34804.4,-0.3736,-0.4807,149.5,96.9,0.526
98.22,32133.1,35184.9,0.5756,0.4562,149.5,96.9,0.526
98.24,32239.2,35625.2,1.0367,1.5404,149.5,96.9,0.526
98.26,32352.5,35801.2,1.5289,1.9736,149.5,96.9,0.526
98.28,32367.6,35752.2,1.5946,1.8531,149.5,96.9,0.526
98.3,32247.3,35480.5,1.0716,1.184,149.5,96.9,0.526
98.32,32147.2,35359.4,0.6368,0.8859,149.5,96.9,0.526
98.34,32085.1,35200.4,0.3669,0.4945,149.5,96.9,0.526
98.36,32103.3,35099.5,0.4459,0.2459,149.5,96.9,0.526
98.38,32004.8,35151.0,0.0181,0.3728,149.5,96.9,0.526
98.4,31948.3,35013.7,-0.2277,0.0347,149.5,96.9,0.526
98.42,31916.2,34875.6,-0.3674,-0.3053,149.5,96.9,0.526
98.44,31973.1,34721.9,-0.1199,-0.6835,149.5,96.9,0.526
98.46,31885.3,34635.0,-0.5016,-0.8976,149.5,96.9,0.526
98.48,31913.0,34578.7,-0.3811,-1.0362,149.5,96.9,0.526
98.5,31847.6,34665.9,-0.6652,-0.8214,149.5,96.9,0.526
98.52,31766.6,34670.6,-1.0175,-0.8098,149.5,96.9,0.526
98.54,31696.4,34501.5,-1.3224,-1.2263,149.5,96.9,0.526
98.56,31750.1,34366.9,-1.0889,-1.5576,149.5,96.9,0.526
98.58,31704.3,34434.7,-1.2879,-1.3907,149.5,96.9,0.526
98.6,31895.7,34753.8,-0.4564,-0.6052,149.5,96.9,0.526
98.62,32140.3,35262.1,0.6066,0.6464,149.5,96.9,0.526
98.64,32295.5,35530.8,1.2813,1.3079,149.5,96.9,0.526
98.66,32419.8,35798.8,1.8216,1.9678,149.5,96.9,0.526
98.68,32374.7,35713.3,1.6254,1.7573,149.5,96.9,0.526
98.7,32281.4,35520.4,1.2201,1.2822,149.5,96.9,0.526
98.72,32084.0,35392.9,0.3621,0.9684,149.5,96.9,0.526
98.74,32156.1,35164.6,0.6756,0.4063,149.5,96.9,0.526
98.76,32009.1,35218.9,0.0364,0.5401,149.5,96.9,0.526
98.78,32007.0,35041.8,0.0276,0.1039,149.5,96.9,0.526
98.8,31974.4,34989.7,-0.1144,-0.0242,149.5,96.9,0.526
98.82,31974.9,34905.6,-0.1123,-0.2313,149.5,96.9,0.526
98.84,31844.9,34745.3,-0.6772,-0.626,149.5,96.9,0.526
98.86,31747.0,34683.4,-1.1023,-0.7784,149.5,96.9,0.526
98.88,31864.2,34702.1,-0.5933,-0.7325,149.5,96.9,0.526
98.9,31776.9,34599.6,-0.9728,-0.9848,149.5,96.9,0.526
98.92,31841.3,34513.8,-0.6927,-1.1959,149.5,96.9,0.526
98.94,31779.1,34655.7,-0.963,-0.8467,149.5,96.9,0.526
98.96,31801.0,34480.5,-0.8679,-1.2781,149.5,96.9,0.526
98.98,31770.2,34493.7,-1.0017,-1.2454,149.5,96.9,0.526
99.0,31943.6,34807.3,-0.2482,-0.4735,149.5,96.9,0.526
99.02,32220.1,35181.1,0.9537,0.4469,149.5,96.9,0.526
99.04,32245.2,35531.1,1.0625,1.3085,149.5,96.9,0.526
99.06,32323.9,35769.8,1.4047,1.8964,149.5,96.9,0.526
99.08,32369.9,35782.9,1.6044,1.9285,149.5,96.9,0.526
99.1,32197.5,35640.4,0.8552,1.5777,149.5,96.9,0.526
99.12,32207.6,35322.5,0.8994,0.795,149.5,96.9,0.526
99.14,32102.4,35164.3,0.442,0.4056,149.5,96.9,0.526
99.16,31959.1,35148.4,-0.1808,0.3664,149.5,96.9,0.526
99.18,32053.9,35117.9,0.2312,0.2914,149.5,96.9,0.526
99.2,32017.0,34964.5,0.0709,-0.0865,149.5,96.9,0.526
99.22,31981.7,34903.6,-0.0827,-0.2363,149.5,96.9,0.526
99.24,31933.9,34895.1,-0.2902,-0.2572,149.5,96.9,0.526
99.26,31791.6,34724.7,-0.9087,-0.6767,149.5,96.9,0.526
99.28,31811.2,34646.4,-0.8236,-0.8696,149.5,96.9,0.526
99.3,31752.1,34616.8,-1.0805,-0.9423,149.5,96.9,0.526
99.32,31790.1,34606.9,-0.9153,-0.9667,149.5,96.9,0.526
99.34,31748.0,34492.2,-1.0981,-1.2492,149.5,96.9,0.526
99.36,31667.2,34449.5,-1.4495,-1.3543,149.5,96.9,0.526
99.38,31740.8,34568.0,-1.1297,-1.0626,149.5,96.9,0.526
99.4,31904.7,34739.3,-0.4172,-0.6408,149.5,96.9,0.526
99.42,32043.0,35078.6,0.1839,0.1945,149.5,96.9,0.526
99.44,32179.0,35471.6,0.7751,1.1621,149.5,96.9,0.526
99.46,32307.9,35708.6,1.3351,1.7455,149.5,96.9,0.526
99.48,32371.3,35739.2,1.6107,1.8211,149.5,96.9,0.526
99.5,32216.9,35513.6,0.9397,1.2656,149.5,96.9,0.526
99.52,32135.5,35348.0,0.5859,0.8579,149.5,96.9,0.526
99.54,32149.9,35161.2,0.6485,0.398,149.5,96.9,0.526
99.56,32113.6,35090.5,0.4907,0.2239,149.5,96.9,0.526
99.58,32018.9,35074.7,0.0792,0.185,149.5,96.9,0.526
99.6,32013.6,34938.8,0.0562,-0.1497,149.5,96.9,0.526
99.62,31959.8,34931.1,-0.1775,-0.1686,149.5,96.9,0.526
99.64,31902.1,34776.3,-0.4284,-0.5498,149.5,96.9,0.526
99.66,31847.8,34768.0,-0.6644,-0.5701,149.5,96.9,0.526
99.68,31795.6,34657.4,-0.8913,-0.8424,149.5,96.9,0.526
99.7,31903.1,34608.5,-0.4243,-0.9629,149.5,96.9,0.526
99.72,31752.5,34550.3,-1.0785,-1.1061,149.5,96.9,0.526
99.74,31704.5,34525.2,-1.2874,-1.1678,149.5,96.9,0.526
99.76,31737.4,34397.8,-1.1443,-1.4815,149.5,96.9,0.526
99.78,31781.3,34507.0,-0.9533,-1.2127,149.5,96.9,0.526
99.8,31863.8,34800.8,-0.5951,-0.4893,149.5,96.9,0.526
99.82,32124.4,35077.7,0.5375,0.1924,149.5,96.9,0.526
99.84,32226.1,35453.3,0.9796,1.1171,149.5,96.9,0.526
99.86,32379.4,35701.8,1.6458,1.7288,149.5,96.9,0.526
99.88,32313.5,35774.5,1.3596,1.908,149.5,96.9,0.526
99.9,32339.0,35701.9,1.4704,1.7291,149.5,96.9,0.526
99.92,32212.6,35354.3,0.9212,0.8733,149.5,96.9,0.526
99.94,32061.1,35204.0,0.2624,0.5033,149.5,96.9,0.526
99.96,31972.6,35050.6,-0.1223,0.1257,149.5,96.9,0.526
99.98,32018.9,35029.7,0.079,0.0742,149.5,96.9,0.526
100.0,32019.3,35025.3,0.0807,0.0632,149.5,96.9,0.526
100.02,31951.2,34845.3,-0.2149,-0.3798,149.5,96.9,0.526
100.04,31864.9,34830.1,-0.5902,-0.4173,149.5,96.9,0.526
100.06,31901.1,34776.8,-0.4328,-0.5485,149.5,96.9,0.526
100.08,31791.6,34667.6,-0.9087,-0.8173,149.5,96.9,0.526
100.1,31798.1,34647.4,-0.8803,-0.867,149.5,96.9,0.526
100.12,31845.3,34557.6,-0.6755,-1.0883,149.5,96.9,0.526
100.14,31778.4,34520.9,-0.9661,-1.1784,149.5,96.9,0.526
100.16,31638.6,34416.9,-1.5737,-1.4346,149.5,96.9,0.526
100.18,31750.2,34611.7,-1.0886,-0.9549,149.5,96.9,0.526
100.2,31831.5,34743.7,-0.7352,-0.63,149.5,96.9,0.526
100.22,32146.5,35099.1,0.6339,0.2449,149.5,96.9,0.526
100.24,32203.8,35501.1,0.8829,1.2348,149.5,96.9,0.526
100.26,32322.6,35695.4,1.3991,1.7132,149.5,96.9,0.526
100.28,32295.5,35724.3,1.2813,1.7843,149.5,96.9,0.526
100.3,32232.1,35625.1,1.0057,1.5401,149.5,96.9,0.526
100.32,32252.0,35428.1,1.0922,1.0549,149.5,96.9,0.526
100.34,32106.0,35172.5,0.4577,0.4257,149.5,96.9,0.526
100.36,32047.0,35058.1,0.2015,0.144,149.5,96.9,0.526
100.38,32053.5,35127.0,0.2294,0.3137,149.5,96.9,0.526
100.4,32029.1,35097.6,0.1234,0.2414,149.5,96.9,0.526
100.42,31955.7,34904.2,-0.1955,-0.2348,149.5,96.9,0.526
100.44,31938.7,34860.8,-0.2693,-0.3416,149.5,96.9,0.526
100.46,31900.1,34711.2,-0.4373,-0.7099,149.5,96.9,0.526
100.48,31753.9,34742.2,-1.0725,-0.6336,149.5,96.9,0.526
100.5,31834.9,34644.8,-0.7204,-0.8735,149.5,96.9,0.526
100.52,31838.7,34471.0,-0.7039,-1.3013,149.5,96.9,0.526
100.54,31710.4,34624.6,-1.2614,-0.9232,149.5,96.9,0.526
100.56,31737.2,34517.6,-1.1453,-1.1867,149.5,96.9,0.526
100.58,31747.8,34480.2,-1.099,-1.2787,149.5,96.9,0.526
100.6,31873.8,34747.2,-0.5516,-0.6213,149.5,96.9,0.526
100.62,32012.0,35094.5,0.0492,0.2338,149.5,96.9,0.526
100.64,32215.1,35470.6,0.9317,1.1597,149.5,96.9,0.526
100.66,32365.3,35645.6,1.5846,1.5905,149.5,96.9,0.526
100.68,32393.1,35759.4,1.7055,1.8707,149.5,96.9,0.526
100.7,32189.8,35533.6,0.8218,1.3147,149.5,96.9,0.526
100.72,32175.1,35403.9,0.7582,0.9954,149.5,96.9,0.526
100.74,32111.0,35235.4,0.4795,0.5807,149.5,96.9,0.526
100.76,31957.7,35068.8,-0.1867,0.1705,149.5,96.9,0.526
100.78,31997.3,35115.8,-0.0147,0.2861,149.5,96.9,0.526
100.8,31956.0,35032.7,-0.1941,0.0815,149.5,96.9,0.526
100.82,31858.3,34911.9,-0.6189,-0.2158,149.5,96.9,0.526
100.84,31910.4,34855.5,-0.3925,-0.3548,149.5,96.9,0.526
100.86,31831.6,34652.9,-0.7351,-0.8535,149.5,96.9,0.526
100.88,31840.9,34665.1,-0.6945,-0.8235,149.5,96.9,0.526
100.9,31805.6,34613.3,-0.8479,-0.951,149.5,96.9,0.526
100.92,31812.9,34673.0,-0.8164,-0.8039,149.5,96.9,0.526
100.94,31745.7,34632.7,-1.1082,-0.9033,149.5,96.9,0.526
100.96,31807.1,34541.2,-0.8416,-1.1285,149.5,96.9,0.526
100.98,31723.8,34569.6,-1.2033,-1.0586,149.5,96.9,0.526
101.0,31890.9,34748.4,-0.4771,-0.6185,149.5,96.9,0.526
101.02,32013.2,35026.4,0.0544,0.066,149.5,96.9,0.526
101.04,32154.5,35492.6,0.6684,1.2138,149.5,96.9,0.526
101.06,32355.8,35665.9,1.5434,1.6405,149.5,96.9,0.526
101.08,32275.4,35779.7,1.194,1.9208,149.5,96.9,0.526
101.1,32341.5,35635.0,1.4811,1.5644,149.5,96.9,0.526
101.12,32118.7,35404.4,0.513,0.9966,149.5,96.9,0.526
101.14,32096.2,35208.5,0.4149,0.5143,149.5,96.9,0.526
101.16,32082.2,35149.3,0.3544,0.3686,149.5,96.9,0.526
101.18,32116.1,35093.7,0.5016,0.2318,149.5,96.9,0.526
101.2,32047.4,34950.9,0.2029,-0.1198,149.5,96.9,0.526
101.22,31982.9,34909.2,-0.0774,-0.2225,149.5,96.9,0.526
101.24,31940.1,34769.5,-0.2634,-0.5664,149.5,96.9,0.526
101.26,31878.0,34692.5,-0.5332,-0.756,149.5,96.9,0.526
101.28,31819.4,34696.7,-0.7879,-0.7456,149.5,96.9,0.526
101.3,31808.8,34558.1,-0.8338,-1.0869,149.5,96.9,0.526
101.32,31831.6,34625.2,-0.7349,-0.9217,149.5,96.9,0.526
101.34,31787.7,34544.1,-0.9255,-1.1214,149.5,96.9,0.526
101.36,31660.0,34420.9,-1.4807,-1.4248,149.5,96.9,0.526
101.38,31725.3,34448.6,-1.197,-1.3566,149.5,96.9,0.526
101.4,31788.5,34663.5,-0.9221,-0.8273,149.5,96.9,0.526
101.42,32041.1,35036.7,0.1754,0.0914,149.5,96.9,0.526
101.44,32138.5,35445.2,0.5988,1.0971,149.5,96.9,0.526
101.46,32329.8,35626.7,1.4305,1.5441,149.5,96.9,0.526
101.48,32403.5,35819.2,1.7507,2.018,149.5,96.9,0.526
101.5,32407.4,35650.2,1.7678,1.6019,149.5,96.9,0.526
101.52,32183.7,35439.3,0.7956,1.0827,149.5,96.9,0.526
101.54,31977.6,35206.4,-0.1005,0.5092,149.5,96.9,0.526
101.56,32053.2,35070.5,0.2281,0.1746,149.5,96.9,0.526
101.58,32098.1,35026.0,0.4234,0.0651,149.5,96.9,0.526
101.6,31990.4,35058.1,-0.0447,0.1442,149.5,96.9,0.526
101.62,32037.1,34971.6,0.1582,-0.0688,149.5,96.9,0.526
101.64,31867.3,34919.3,-0.5796,-0.1977,149.5,96.9,0.526
101.66,31937.1,34728.6,-0.2763,-0.6672,149.5,96.9,0.526
101.68,31817.5,34640.1,-0.7963,-0.885,149.5,96.9,0.526
101.7,31898.9,34635.8,-0.4424,-0.8955,149.5,96.9,0.526
101.72,31839.9,34670.7,-0.6987,-0.8098,149.5,96.9,0.526
101.74,31776.6,34536.6,-0.9738,-1.14,149.5,96.9,0.526
101.76,31821.2,34543.1,-0.78,-1.1238,149.5,96.9,0.526
101.78,31762.1,34595.6,-1.0369,-0.9946,149.5,96.9,0.526
101.8,31820.9,34748.4,-0.7813,-0.6185,149.5,96.9,0.526
101.82,32013.8,34974.2,0.0569,-0.0625,149.5,96.9,0.526
101.84,32133.3,35413.3,0.5765,1.0186,149.5,96.9,0.526
101.86,32385.9,35672.0,1.674,1.6555,149.5,96.9,0.526
101.88,32367.6,35822.9,1.5947,2.0269,149.5,96.9,0.526
101.9,32374.0,35687.3,1.6224,1.6932,149.5,96.9,0.526
101.92,32244.7,35437.0,1.0605,1.0768,149.5,96.9,0.526
101.94,32010.7,35278.0,0.0437,0.6856,149.5,96.9,0.526
101.96,32083.2,35086.0,0.3587,0.2128,149.5,96.9,0.526
101.98,32060.0,35065.6,0.2579,0.1624,149.5,96.9,0.526
102.0,32059.8,34955.5,0.2568,-0.1085,149.5,96.9,0.526
102.02,31959.9,34941.7,-0.1771,-0.1424,149.5,96.9,0.526
102.04,31918.6,34819.0,-0.3567,-0.4447,149.5,96.9,0.526
102.06,31882.7,34749.5,-0.5126,-0.6158,149.5,96.9,0.526
102.08,31788.5,34701.5,-0.9222,-0.734,149.5,96.9,0.526
102.1,31737.8,34633.2,-1.1427,-0.902,149.5,96.9,0.526
102.12,31790.6,34523.0,-0.9129,-1.1733,149.5,96.9,0.526
102.14,31773.6,34598.9,-0.987,-0.9864,149.5,96.9,0.526
102.16,31738.0,34488.7,-1.1415,-1.2577,149.5,96.9,0.526
102.18,31741.8,34437.2,-1.125,-1.3847,149.5,96.9,0.526
102.2,31761.6,34637.8,-1.0392,-0.8908,149.5,96.9,0.526
102.22,31978.4,35012.4,-0.0968,0.0317,149.5,96.9,0.526
102.24,32197.1,35363.5,0.8538,0.8959,149.5,96.9,0.526
102.26,32317.7,35619.3,1.3777,1.5257,149.5,96.9,0.526
102.28,32419.0,35721.1,1.8178,1.7764,149.5,96.9,0.526
102.3,32326.1,35710.8,1.4143,1.7511,149.5,96.9,0.526
102.32,32210.7,35416.4,0.9127,1.0263,149.5,96.9,0.526
102.34,32218.3,35209.4,0.946,0.5167,149.5,96.9,0.526
102.36,32077.9,35089.1,0.3356,0.2204,149.5,96.9,0.526
102.38,32063.9,35071.9,0.2746,0.178,149.5,96.9,0.526
102.4,32041.7,35050.7,0.1782,0.1259,149.5,96.9,0.526
102.42,31967.8,34884.4,-0.1429,-0.2836,149.5,96.9,0.526
102.44,31900.4,34786.5,-0.4358,-0.5247,149.5,96.9,0.526
102.46,31786.3,34637.4,-0.9319,-0.8918,149.5,96.9,0.526
102.48,31857.6,34773.5,-0.6219,-0.5566,149.5,96.9,0.526
102.5,31930.1,34619.2,-0.3068,-0.9366,149.5,96.9,0.526
102.52,31760.8,34665.8,-1.0428,-0.8218,149.5,96.9,0.526
102.54,31770.0,34506.0,-1.0026,-1.2151,149.5,96.9,0.526
102.56,31703.0,34416.6,-1.2939,-1.4353,149.5,96.9,0.526
102.58,31728.5,34506.9,-1.183,-1.2129,149.5,96.9,0.526
102.6,31828.1,34663.3,-0.75,-0.8279,149.5,96.9,0.526
102.62,32026.4,34929.2,0.1116,-0.1734,149.5,96.9,0.526
102.64,32204.4,35340.0,0.8856,0.8381,149.5,96.9,0.526
102.66,32347.5,35653.5,1.5075,1.61,149.5,96.9,0.526
102.68,32324.6,35792.4,1.4075,1.9519,149.5,96.9,0.526
102.7,32358.6,35637.9,1.5555,1.5716,149.5,96.9,0.526
102.72,32210.4,35497.8,0.9115,1.2267,149.5,96.9,0.526
102.74,32081.8,35204.9,0.3527,0.5055,149.5,96.9,0.526
102.76,32052.4,35149.3,0.2248,0.3687,149.5,96.9,0.526
102.78,32081.9,35128.3,0.3528,0.3169,149.5,96.9,0.526
102.8,31970.6,35050.8,-0.131,0.1261,149.5,96.9,0.526
102.82,32012.3,34945.3,0.0503,-0.1335,149.5,96.9,0.526
102.84,31973.8,34767.4,-0.1168,-0.5717,149.5,96.9,0.526
102.86,31844.1,34751.6,-0.6805,-0.6105,149.5,96.9,0.526
102.88,31840.5,34652.1,-0.6963,-0.8555,149.5,96.9,0.526
102.9,31853.1,34739.3,-0.6415,-0.6408,149.5,96.9,0.526
102.92,31838.4,34613.4,-0.7051,-0.9509,149.5,96.9,0.526
102.94,31842.0,34600.1,-0.6899,-0.9835,149.5,96.9,0.526
102.96,31749.0,34531.3,-1.0937,-1.153,149.5,96.9,0.526
102.98,31743.0,34472.4,-1.12,-1.2979,149.5,96.9,0.526
103.0,31795.4,34543.6,-0.892,-1.1227,149.5,96.9,0.526
103.02,31966.0,34915.6,-0.1509,-0.2068,149.5,96.9,0.526
103.04,32206.8,35328.1,0.8958,0.8088,149.5,96.9,0.526
103.06,32235.9,35643.9,1.0222,1.5863,149.5,96.9,0.526
103.08,32337.6,35762.4,1.4642,1.8781,149.5,96.9,0.526
103.1,32341.9,35679.0,1.4828,1.6727,149.5,96.9,0.526
103.12,32282.9,35490.5,1.2263,1.2088,149.5,96.9,0.526
103.14,32045.3,35338.1,0.1939,0.8334,149.5,96.9,0.526
103.16,32080.3,35193.3,0.3459,0.4769,149.5,96.9,0.526
103.18,32091.8,35116.5,0.3959,0.288,149.5,96.9,0.526
103.2,31983.3,35104.8,-0.0757,0.259,149.5,96.9,0.526
103.22,31931.1,34947.3,-0.3023,-0.1288,149.5,96.9,0.526
103.24,31887.6,34788.0,-0.4916,-0.5208,149.5,96.9,0.526
103.26,31837.0,34796.0,-0.7112,-0.5011,149.5,96.9,0.526
103.28,31815.3,34686.6,-0.8055,-0.7707,149.5,96.9,0.526
103.3,31939.1,34652.4,-0.2678,-0.8549,149.5,96.9,0.526
103.32,31769.9,34637.7,-1.0032,-0.8909,149.5,96.9,0.526
103.34,31795.2,34569.1,-0.893,-1.06,149.5,96.9,0.526
103.36,31778.9,34302.0,-0.9639,-1.7175,149.5,96.9,0.526
103.38,31699.5,34581.5,-1.309,-1.0293,149.5,96.9,0.526
103.4,31877.3,34630.6,-0.5363,-0.9085,149.5,96.9,0.526
103.42,31957.6,34879.8,-0.1873,-0.295,149.5,96.9,0.526
103.44,32173.4,35239.6,0.7506,0.591,149.5,96.9,0.526
103.46,32282.8,35536.2,1.2259,1.3213,149.5,96.9,0.526
103.48,32387.8,35755.9,1.6825,1.8621,149.5,96.9,0.526
103.5,32365.9,35626.7,1.5873,1.544,149.5,96.9,0.526
103.52,32207.9,35472.6,0.9008,1.1647,149.5,96.9,0.526
103.54,32132.8,35330.4,0.5741,0.8145,149.5,96.9,0.526
103.56,32098.2,35178.4,0.4236,0.4403,149.5,96.9,0.526
103.58,32055.9,35063.9,0.2398,0.1583,149.5,96.9,0.526
103.6,32060.4,35109.3,0.2595,0.27,149.5,96.9,0.526
103.62,31957.7,34858.1,-0.1867,-0.3483,149.5,96.9,0.526
103.64,31932.5,34936.2,-0.2962,-0.1561,149.5,96.9,0.526
103.66,31772.9,34704.6,-0.9898,-0.7262,149.5,96.9,0.526
103.68,31848.8,34680.8,-0.6601,-0.7849,149.5,96.9,0.526
103.7,31889.8,34568.3,-0.4818,-1.0618,149.5,96.9,0.526
103.72,31759.7,34561.7,-1.0475,-1.078,149.5,96.9,0.526
103.74,31726.3,34624.8,-1.1925,-0.9227,149.5,96.9,0.526
103.76,31757.3,34498.4,-1.058,-1.234,149.5,96.9,0.526
103.78,31740.7,34466.6,-1.1298,-1.3122,149.5,96.9,0.526
103.8,31733.2,34629.2,-1.1624,-0.9119,149.5,96.9,0.526
103.82,31913.2,34868.9,-0.3804,-0.3216,149.5,96.9,0.526
103.84,32115.6,35284.3,0.4994,0.701,149.5,96.9,0.526
103.86,32251.2,35644.2,1.0886,1.5871,149.5,96.9,0.526
103.88,32429.1,35752.5,1.8617,1.8536,149.5,96.9,0.526
103.9,32357.2,35758.2,1.5496,1.8678,149.5,96.9,0.526
103.92,32279.1,35490.2,1.21,1.2079,149.5,96.9,0.526
103.94,32158.4,35427.0,0.6855,1.0522,149.5,96.9,0.526
103.96,32078.7,35144.3,0.3391,0.3564,149.5,96.9,0.526
103.98,32017.2,35092.8,0.0717,0.2294,149.5,96.9,0.526
104.0,31990.5,34980.3,-0.0444,-0.0474,149.5,96.9,0.526
104.02,32018.2,35000.3,0.0761,0.0019,149.5,96.9,0.526
104.04,31888.6,34869.1,-0.4872,-0.3213,149.5,96.9,0.526
104.06,31861.7,34748.0,-0.6041,-0.6193,149.5,96.9,0.526
104.08,31847.3,34619.2,-0.6664,-0.9366,149.5,96.9,0.526
104.1,31893.4,34718.1,-0.4662,-0.693,149.5,96.9,0.526
104.12,31728.2,34648.6,-1.1842,-0.864,149.5,96.9,0.526
104.14,31842.2,34664.5,-0.689,-0.825,149.5,96.9,0.526
104.16,31714.2,34521.4,-1.245,-1.1774,149.5,96.9,0.526
104.18,31679.5,34375.4,-1.3961,-1.5368,149.5,96.9,0.526
104.2,31836.1,34540.2,-0.7153,-1.1311,149.5,96.9,0.526
104.22,31963.7,34885.3,-0.1608,-0.2812,149.5,96.9,0.526
104.24,32129.8,35265.4,0.5612,0.6544,149.5,96.9,0.526
104.26,32167.0,35618.7,0.723,1.5244,149.5,96.9,0.526
104.28,32401.9,35700.9,1.7437,1.7268,149.5,96.9,0.526
104.3,32357.2,35678.1,1.5493,1.6705,149.5,96.9,0.526
104.32,32300.6,35512.0,1.3033,1.2617,149.5,96.9,0.526
104.34,32123.4,35278.2,0.5332,0.6861,149.5,96.9,0.526
104.36,32091.4,35188.6,0.394,0.4653,149.5,96.9,0.526
104.38,32014.4,35097.3,0.0595,0.2407,149.5,96.9,0.526
104.4,32042.4,35056.3,0.1814,0.1396,149.5,96.9,0.526
104.42,31963.7,34932.9,-0.1607,-0.1642,149.5,96.9,0.526
104.44,31951.0,34810.2,-0.2159,-0.4663,149.5,96.9,0.526
104.46,31977.4,34791.5,-0.1013,-0.5123,149.5,96.9,0.526
104.48,31886.3,34733.7,-0.4971,-0.6546,149.5,96.9,0.526
104.5,31776.6,34711.8,-0.9738,-0.7085,149.5,96.9,0.526
104.52,31777.7,34650.3,-0.9691,-0.8599,149.5,96.9,0.526
104.54,31721.1,34629.5,-1.2149,-0.9111,149.5,96.9,0.526
104.56,31788.4,34498.0,-0.9225,-1.2348,149.5,96.9,0.526
104.58,31730.8,34555.0,-1.1731,-1.0947,149.5,96.9,0.526
104.6,31694.9,34565.2,-1.3291,-1.0695,149.5,96.9,0.526
104.62,31967.2,34901.1,-0.1458,-0.2425,149.5,96.9,0.526
104.64,32068.6,35254.1,0.2953,0.6267,149.5,96.9,0.526
104.66,32349.2,35537.0,1.5147,1.3231,149.5,96.9,0.526
104.68,32436.1,35805.5,1.8923,1.9841,149.5,96.9,0.526
104.7,32292.4,35709.9,1.2678,1.7487,149.5,96.9,0.526
104.72,32266.1,35584.9,1.1535,1.4411,149.5,96.9,0.526
104.74,32235.3,35351.2,1.0197,0.8657,149.5,96.9,0.526
104.76,32069.4,35106.9,0.2987,0.2642,149.5,96.9,0.526
104.78,32010.2,35119.7,0.0414,0.2958,149.5,96.9,0.526
104.8,31962.5,35049.4,-0.1661,0.1227,149.5,96.9,0.526
104.82,32053.1,34902.7,0.2276,-0.2386,149.5,96.9,0.526
104.84,31872.9,34839.7,-0.5554,-0.3937,149.5,96.9,0.526
104.86,31960.8,34716.2,-0.1734,-0.6976,149.5,96.9,0.526
104.88,31946.7,34600.3,-0.2346,-0.983,149.5,96.9,0.526
104.9,31865.4,34675.6,-0.5881,-0.7977,149.5,96.9,0.526
104.92,31858.0,34682.9,-0.6204,-0.7798,149.5,96.9,0.526
104.94,31791.1,34599.9,-0.9109,-0.984,149.5,96.9,0.526
104.96,31743.5,34485.1,-1.1176,-1.2667,149.5,96.9,0.526
104.98,31776.6,34475.5,-0.974,-1.2903,149.5,96.9,0.526
105.0,31784.0,34559.8,-0.9418,-1.0827,149.5,96.9,0.526
105.02,31879.7,34841.9,-0.5257,-0.3881,149.5,96.9,0.526
105.04,31986.4,35273.2,-0.0621,0.6737,149.5,96.9,0.526
105.06,32210.3,35387.6,0.911,0.9552,149.5,96.9,0.526
105.08,32412.9,35657.1,1.7917,1.6187,149.5,96.9,0.526
105.1,32238.1,35663.4,1.0319,1.6345,149.5,96.9,0.526
105.12,32240.1,35568.6,1.0405,1.4009,149.5,96.9,0.526
105.14,32115.0,35439.9,0.497,1.0841,149.5,96.9,0.526
105.16,32126.2,35194.4,0.5453,0.4797,149.5,96.9,0.526
105.18,32082.8,35061.6,0.3568,0.1527,149.5,96.9,0.526
105.2,32002.6,34937.3,0.0084,-0.1533,149.5,96.9,0.526
105.22,31900.7,34954.5,-0.4344,-0.1109,149.5,96.9,0.526
105.24,31887.2,34809.7,-0.4931,-0.4674,149.5,96.9,0.526
105.26,31909.5,34755.9,-0.3963,-0.5998,149.5,96.9,0.526
105.28,31853.4,34712.5,-0.64,-0.7067,149.5,96.9,0.526
105.3,31889.1,34600.1,-0.4849,-0.9836,149.5,96.9,0.526
105.32,31783.0,34680.4,-0.9462,-0.7859,149.5,96.9,0.526
105.34,31736.3,34603.3,-1.1488,-0.9757,149.5,96.9,0.526
105.36,31728.0,34457.2,-1.1852,-1.3353,149.5,96.9,0.526
105.38,31706.7,34460.9,-1.2776,-1.3262,149.5,96.9,0.526
105.4,31723.0,34560.5,-1.207,-1.0811,149.5,96.9,0.526
105.42,31886.8,34823.7,-0.4949,-0.433,149.5,96.9,0.526
105.44,32018.5,35139.9,0.0776,0.3455,149.5,96.9,0.526
105.46,32191.3,35510.1,0.8284,1.2568,149.5,96.9,0.526
105.48,32382.2,35747.0,1.658,1.8402,149.5,96.9,0.526
105.5,32306.4,35714.9,1.3288,1.7612,149.5,96.9,0.526
105.52,32325.7,35566.5,1.4126,1.3958,149.5,96.9,0.526
105.54,32097.9,35306.1,0.4224,0.7545,149.5,96.9,0.526
105.56,32050.7,35289.4,0.2173,0.7136,149.5,96.9,0.526
105.58,32049.1,35101.7,0.2102,0.2513,149.5,96.9,0.526
105.6,31998.1,35053.6,-0.0113,0.1331,149.5,96.9,0.526
105.62,32043.6,35051.0,0.1866,0.1265,149.5,96.9,0.526
105.64,32053.0,34904.3,0.2272,-0.2346,149.5,96.9,0.526
105.66,31918.7,34827.9,-0.3565,-0.4227,149.5,96.9,0.526
105.68,31844.9,34730.5,-0.677,-0.6624,149.5,96.9,0.526
105.7,31873.2,34663.6,-0.5539,-0.8272,149.5,96.9,0.526
105.72,31893.2,34608.9,-0.4673,-0.9619,149.5,96.9,0.526
105.74,31800.5,34562.9,-0.8701,-1.0752,149.5,96.9,0.526
105.76,31703.1,34575.9,-1.2935,-1.0432,149.5,96.9,0.526
105.78,31773.6,34448.2,-0.9871,-1.3575,149.5,96.9,0.526
105.8,31764.1,34618.1,-1.0283,-0.9392,149.5,96.9,0.526
105.82,31953.3,34760.1,-0.2058,-0.5895,149.5,96.9,0.526
105.84,32043.7,35200.6,0.187,0.4948,149.5,96.9,0.526
105.86,32207.8,35565.4,0.9,1.3931,149.5,96.9,0.526
105.88,32362.2,35709.5,1.571,1.7477,149.5,96.9,0.526
105.9,32343.7,35661.6,1.4909,1.6299,149.5,96.9,0.526
105.92,32253.6,35631.6,1.0994,1.556,149.5,96.9,0.526
105.94,32267.8,35304.8,1.1609,0.7516,149.5,96.9,0.526
105.96,32061.6,35266.8,0.2648,0.6578,149.5,96.9,0.526
105.98,32107.4,35028.9,0.464,0.0721,149.5,96.9,0.526
106.0,32048.8,35019.4,0.209,0.0487,149.5,96.9,0.526
106.02,32007.3,34952.3,0.0288,-0.1163,149.5,96.9,0.526
106.04,32010.0,34932.6,0.0404,-0.1649,149.5,96.9,0.526
106.06,31960.7,34744.6,-0.1739,-0.6277,149.5,96.9,0.526
106.08,31815.0,34595.5,-0.8071,-0.9949,149.5,96.9,0.526
106.1,31880.0,34566.1,-0.5247,-1.0671,149.5,96.9,0.526
106.12,31854.2,34559.6,-0.6367,-1.0833,149.5,96.9,0.526
106.14,31854.1,34673.3,-0.6371,-0.8032,149.5,96.9,0.526
106.16,31750.8,34575.4,-1.0859,-1.0442,149.5,96.9,0.526
106.18,31808.5,34442.1,-0.8351,-1.3725,149.5,96.9,0.526
106.2,31699.8,34520.5,-1.3075,-1.1796,149.5,96.9,0.526
106.22,31891.3,34780.8,-0.4752,-0.5385,149.5,96.9,0.526
106.24,31999.6,35141.7,-0.0048,0.3499,149.5,96.9,0.526
106.26,32322.6,35435.6,1.3992,1.0735,149.5,96.9,0.526
106.28,32326.9,35768.2,1.4179,1.8924,149.5,96.9,0.526
106.3,32336.4,35784.8,1.4592,1.9332,149.5,96.9,0.526
106.32,32198.8,35601.9,0.861,1.4829,149.5,96.9,0.526
106.34,32215.5,35330.4,0.9336,0.8146,149.5,96.9,0.526
106.36,32225.5,35153.8,0.9769,0.3798,149.5,96.9,0.526
106.38,32029.6,35092.1,0.1255,0.2278,149.5,96.9,0.526
106.4,32075.1,35155.0,0.3233,0.3825,149.5,96.9,0.526
106.42,32013.7,34966.9,0.0567,-0.0804,149.5,96.9,0.526
106.44,31938.7,34881.9,-0.2696,-0.2897,149.5,96.9,0.526
106.46,31911.2,34691.2,-0.389,-0.7593,149.5,96.9,0.526
106.48,31842.8,34687.8,-0.6863,-0.7677,149.5,96.9,0.526
106.5,31832.1,34638.1,-0.7327,-0.8901,149.5,96.9,0.526
106.52,31766.1,34600.7,-1.0197,-0.9821,149.5,96.9,0.526
106.54,31823.8,34636.8,-0.769,-0.8931,149.5,96.9,0.526
106.56,31749.1,34543.8,-1.0933,-1.1221,149.5,96.9,0.526
106.58,31783.5,34472.5,-0.9439,-1.2976,149.5,96.9,0.526
106.6,31845.3,34493.4,-0.6755,-1.2462,149.5,96.9,0.526
106.62,31826.7,34739.9,-0.7562,-0.6395,149.5,96.9,0.526
106.64,32016.5,35130.9,0.0688,0.3234,149.5,96.9,0.526
106.66,32255.6,35457.2,1.1078,1.1268,149.5,96.9,0.526
106.68,32334.3,35757.9,1.4498,1.8669,149.5,96.9,0.526
106.7,32397.7,35743.3,1.7253,1.831,149.5,96.9,0.526
106.72,32365.9,35601.4,1.5873,1.4817,149.5,96.9,0.526
106.74,32228.8,35376.4,0.9912,0.9276,149.5,96.9,0.526
106.76,32079.0,35233.7,0.3404,0.5764,149.5,96.9,0.526
106.78,32089.0,35169.3,0.3839,0.4179,149.5,96.9,0.526
106.8,31934.6,35003.8,-0.2872,0.0105,149.5,96.9,0.526
106.82,32072.9,35055.2,0.314,0.137,149.5,96.9,0.526
106.84,31921.1,34960.0,-0.3457,-0.0975,149.5,96.9,0.526
106.86,31881.9,34685.8,-0.5162,-0.7725,149.5,96.9,0.526
106.88,31826.2,34783.8,-0.7583,-0.5313,149.5,96.9,0.526
106.9,31802.3,34734.0,-0.8624,-0.6539,149.5,96.9,0.526
106.92,31843.5,34682.4,-0.6832,-0.781,149.5,96.9,0.526
106.94,31751.7,34633.0,-1.0821,-0.9026,149.5,96.9,0.526
106.96,31747.4,34492.4,-1.101,-1.2487,149.5,96.9,0.526
106.98,31719.7,34540.5,-1.221,-1.1303,149.5,96.9,0.526
107.0,31863.3,34499.2,-0.597,-1.232,149.5,96.9,0.526
107.02,31809.2,34625.5,-0.8322,-0.9209,149.5,96.9,0.526
107.04,32068.8,34995.3,0.2958,-0.0105,149.5,96.9,0.526
107.06,32249.5,35525.7,1.0812,1.2953,149.5,96.9,0.526
107.08,32360.8,35729.1,1.565,1.7961,149.5,96.9,0.526
107.1,32429.1,35724.9,1.8621,1.7858,149.5,96.9,0.526
107.12,32271.4,35647.4,1.1766,1.595,149.5,96.9,0.526
107.14,32275.8,35425.1,1.1955,1.0476,149.5,96.9,0.526
107.16,32173.6,35183.2,0.7514,0.452,149.5,96.9,0.526
107.18,32063.4,35098.6,0.2726,0.2439,149.5,96.9,0.526
107.2,32042.2,35105.0,0.1806,0.2595,149.5,96.9,0.526
107.22,31968.7,35027.5,-0.1391,0.0686,149.5,96.9,0.526
107.24,31884.5,34992.8,-0.5052,-0.0166,149.5,96.9,0.526
107.26,31882.9,34744.8,-0.5119,-0.6273,149.5,96.9,0.526
107.28,31842.2,34772.2,-0.6886,-0.5597,149.5,96.9,0.526
107.3,31897.1,34724.8,-0.45,-0.6764,149.5,96.9,0.526
107.32,31892.9,34721.9,-0.4686,-0.6838,149.5,96.9,0.526
107.34,31757.4,34607.4,-1.0573,-0.9654,149.5,96.9,0.526
107.36,31835.3,34483.1,-0.7189,-1.2717,149.5,96.9,0.526
107.38,31694.6,34488.3,-1.3303,-1.2587,149.5,96.9,0.526
107.4,31751.7,34440.1,-1.0819,-1.3774,149.5,96.9,0.526
107.42,31877.3,34763.0,-0.5362,-0.5826,149.5,96.9,0.526
107.44,32116.8,35090.2,0.5045,0.2232,149.5,96.9,0.526
107.46,32210.2,35423.4,0.9107,1.0435,149.5,96.9,0.526
107.48,32333.5,35785.3,1.4464,1.9344,149.5,96.9,0.526
107.5,32304.4,35709.1,1.32,1.7468,149.5,96.9,0.526
107.52,32309.9,35683.9,1.344,1.6848,149.5,96.9,0.526
107.54,32176.2,35435.1,0.7626,1.0722,149.5,96.9,0.526
107.56,32144.1,35288.2,0.6234,0.7107,149.5,96.9,0.526
107.58,32048.6,35108.5,0.2084,0.2682,149.5,96.9,0.526
107.6,32071.2,35157.1,0.3063,0.3879,149.5,96.9,0.526
107.62,31999.8,34949.3,-0.0039,-0.1238,149.5,96.9,0.526
107.64,31918.0,34884.4,-0.3595,-0.2836,149.5,96.9,0.526
107.66,31928.9,34761.6,-0.3119,-0.586,149.5,96.9,0.526
107.68,31760.7,34719.7,-1.0431,-0.6891,149.5,96.9,0.526
107.7,31864.8,34666.3,-0.5907,-0.8204,149.5,96.9,0.526
107.72,31763.1,34673.6,-1.0327,-0.8026,149.5,96.9,0.526
107.74,31819.6,34649.7,-0.7871,-0.8613,149.5,96.9,0.526
107.76,31749.1,34468.2,-1.0935,-1.3084,149.5,96.9,0.526
107.78,31648.4,34437.0,-1.5311,-1.3851,149.5,96.9,0.526
107.8,31731.9,34447.3,-1.1683,-1.3597,149.5,96.9,0.526
107.82,31841.4,34591.7,-0.6922,-1.0041,149.5,96.9,0.526
107.84,32102.3,34961.2,0.4418,-0.0944,149.5,96.9,0.526
107.86,32253.5,35447.9,1.0989,1.1038,149.5,96.9,0.526
107.88,32412.0,35681.7,1.7877,1.6793,149.5,96.9,0.526
107.9,32374.8,35798.5,1.6261,1.9669,149.5,96.9,0.526
107.92,32405.8,35664.0,1.7605,1.6358,149.5,96.9,0.526
107.94,32256.8,35449.5,1.1131,1.1076,149.5,96.9,0.526
107.96,32045.7,35271.2,0.1958,0.6687,149.5,96.9,0.526
107.98,31977.4,35198.3,-0.1011,0.4893,149.5,96.9,0.526
108.0,31980.8,35038.3,-0.0864,0.0952,149.5,96.9,0.526
108.02,31904.7,35059.1,-0.4171,0.1465,149.5,96.9,0.526
108.04,31898.9,34895.7,-0.4424,-0.2558,149.5,96.9,0.526
108.06,31964.1,34852.5,-0.1592,-0.3621,149.5,96.9,0.526
108.08,31947.5,34753.7,-0.231,-0.6055,149.5,96.9,0.526
108.1,31885.8,34673.0,-0.4994,-0.804,149.5,96.9,0.526
108.12,31835.7,34627.0,-0.7172,-0.9174,149.5,96.9,0.526
108.14,31750.7,34622.5,-1.0865,-0.9283,149.5,96.9,0.526
108.16,31817.3,34554.7,-0.7971,-1.0953,149.5,96.9,0.526
108.18,31696.7,34456.8,-1.3212,-1.3364,149.5,96.9,0.526
108.2,31787.9,34480.2,-0.925,-1.2788,149.5,96.9,0.526
108.22,31917.4,34750.7,-0.3621,-0.6127,149.5,96.9,0.526
108.24,31978.4,35069.1,-0.0967,0.1712,149.5,96.9,0.526
108.26,32181.6,35322.6,0.7865,0.7953,149.5,96.9,0.526
108.28,32371.1,35657.0,1.6099,1.6187,149.5,96.9,0.526
108.3,32402.0,35678.0,1.7443,1.6702,149.5,96.9,0.526
108.32,32342.3,35626.3,1.4847,1.5431,149.5,96.9,0.526
108.34,32286.1,35438.1,1.2402,1.0797,149.5,96.9,0.526
108.36,32169.1,35249.8,0.7319,0.616,149.5,96.9,0.526
108.38,32115.3,35153.7,0.4983,0.3794,149.5,96.9,0.526
108.4,32184.4,35051.7,0.7983,0.1284,149.5,96.9,0.526
108.42,32076.1,35007.6,0.3276,0.0197,149.5,96.9,0.526
108.44,31902.3,34933.0,-0.4276,-0.1638,149.5,96.9,0.526
108.46,31886.1,34884.7,-0.4979,-0.2829,149.5,96.9,0.526
108.48,31835.1,34695.1,-0.7199,-0.7497,149.5,96.9,0.526
108.5,31881.0,34691.5,-0.5202,-0.7585,149.5,96.9,0.526
108.52,31920.7,34668.4,-0.3478,-0.8154,149.5,96.9,0.526
108.54,31807.7,34633.9,-0.8388,-0.9003,149.5,96.9,0.526
108.56,31757.0,34576.3,-1.059,-1.042,149.5,96.9,0.526
108.58,31700.4,34451.3,-1.3049,-1.3498,149.5,96.9,0.526
108.6,31795.0,34516.1,-0.8941,-1.1903,149.5,96.9,0.526
108.62,31799.5,34706.4,-0.8745,-0.7219,149.5,96.9,0.526
108.64,31981.1,34991.0,-0.0852,-0.0212,149.5,96.9,0.526
108.66,32162.8,35321.7,0.7046,0.7932,149.5,96.9,0.526
108.68,32316.0,35745.6,1.3702,1.8367,149.5,96.9,0.526
108.7,32392.6,35846.7,1.7031,2.0855,149.5,96.9,0.526
108.72,32262.8,35591.5,1.1392,1.4572,149.5,96.9,0.526
108.74,32248.8,35465.6,1.0783,1.1473,149.5,96.9,0.526
108.76,32078.6,35290.0,0.3388,0.715,149.5,96.9,0.526
108.78,32068.3,35167.6,0.2937,0.4137,149.5,96.9,0.526
108.8,32052.2,35096.9,0.2238,0.2396,149.5,96.9,0.526
108.82,31929.6,35019.0,-0.3092,0.0477,149.5,96.9,0.526
108.84,32001.0,34943.8,0.0012,-0.1374,149.5,96.9,0.526
108.86,31888.1,34896.9,-0.4894,-0.2529,149.5,96.9,0.526
108.88,31868.6,34739.5,-0.574,-0.6403,149.5,96.9,0.526
108.9,31804.0,34719.6,-0.855,-0.6892,149.5,96.9,0.526
108.92,31812.3,34660.2,-0.8186,-0.8355,149.5,96.9,0.526
108.94,31842.7,34704.0,-0.6866,-0.7277,149.5,96.9,0.526
108.96,31760.6,34507.1,-1.0434,-1.2125,149.5,96.9,0.526
108.98,31856.0,34491.2,-0.6286,-1.2517,149.5,96.9,0.526
109.0,31777.8,34500.1,-0.9688,-1.2297,149.5,96.9,0.526
109.02,31842.8,34615.1,-0.6861,-0.9466,149.5,96.9,0.526
109.04,32062.4,34932.7,0.2681,-0.1648,149.5,96.9,0.526
109.06,32158.5,35411.5,0.6857,1.0142,149.5,96.9,0.526
109.08,32313.7,35557.6,1.3603,1.3738,149.5,96.9,0.526
109.1,32432.8,35744.3,1.878,1.8335,149.5,96.9,0.526
109.12,32263.8,35646.1,1.1433,1.5918,149.5,96.9,0.526
109.14,32217.3,35477.3,0.9414,1.1762,149.5,96.9,0.526
109.16,32145.4,35315.2,0.6288,0.777,149.5,96.9,0.526
109.18,32091.1,35211.2,0.3929,0.5211,149.5,96.9,0.526
109.2,32059.4,35041.4,0.255,0.1029,149.5,96.9,0.526
109.22,32077.1,35054.2,0.3322,0.1346,149.5,96.9,0.526
109.24,32101.5,34960.9,0.4383,-0.0953,149.5,96.9,0.526
109.26,31920.3,34876.2,-0.3495,-0.3037,149.5,96.9,0.526
109.28,32011.1,34701.1,0.0454,-0.7348,149.5,96.9,0.526
109.3,31917.3,34698.0,-0.3626,-0.7426,149.5,96.9,0.526
109.32,31777.7,34667.4,-0.9689,-0.8178,149.5,96.9,0.526
109.34,31710.2,34674.5,-1.2626,-0.8004,149.5,96.9,0.526
109.36,31812.4,34598.2,-0.8184,-0.9882,149.5,96.9,0.526
109.38,31711.4,34443.4,-1.2571,-1.3692,149.5,96.9,0.526
109.4,31696.6,34525.4,-1.3215,-1.1675,149.5,96.9,0.526
109.42,31786.6,34562.8,-0.9305,-1.0753,149.5,96.9,0.526
109.44,31956.7,34912.5,-0.1913,-0.2145,149.5,96.9,0.526
109.46,32116.2,35367.4,0.5019,0.9056,149.5,96.9,0.526
109.48,32279.8,35563.1,1.2129,1.3873,149.5,96.9,0.526
109.5,32262.3,35768.8,1.137,1.8938,149.5,96.9,0.526
109.52,32271.4,35701.6,1.1766,1.7284,149.5,96.9,0.526
109.54,32335.6,35522.3,1.4558,1.287,149.5,96.9,0.526
109.56,32073.5,35354.5,0.3164,0.8738,149.5,96.9,0.526
109.58,32040.6,35078.9,0.1734,0.1953,149.5,96.9,0.526
109.6,32003.4,35099.0,0.0116,0.2448,149.5,96.9,0.526
109.62,32018.2,35026.2,0.0759,0.0657,149.5,96.9,0.526
109.64,31935.7,35024.6,-0.2826,0.0616,149.5,96.9,0.526
109.66,31963.3,34757.6,-0.1627,-0.5958,149.5,96.9,0.526
109.68,31818.4,34707.4,-0.7922,-0.7193,149.5,96.9,0.526
109.7,31835.6,34689.0,-0.7175,-0.7646,149.5,96.9,0.526
109.72,31860.1,34624.6,-0.6112,-0.9231,149.5,96.9,0.526
109.74,31773.7,34600.1,-0.9864,-0.9835,149.5,96.9,0.526
109.76,31793.0,34501.3,-0.9026,-1.2267,149.5,96.9,0.526
109.78,31767.3,34488.1,-1.0145,-1.2592,149.5,96.9,0.526
109.8,31762.4,34426.6,-1.0356,-1.4106,149.5,96.9,0.526
109.82,31767.8,34643.9,-1.012,-0.8758,149.5,96.9,0.526
109.84,31841.2,34885.6,-0.6931,-0.2805,149.5,96.9,0.526
109.86,32138.4,35311.8,0.5984,0.7688,149.5,96.9,0.526
109.88,32273.6,35608.7,1.1861,1.4998,149.5,96.9,0.526
109.9,32315.2,35755.1,1.367,1.8601,149.5,96.9,0.526
109.92,32427.9,35726.7,1.8566,1.7902,149.5,96.9,0.526
109.94,32237.9,35443.2,1.0308,1.0921,149.5,96.9,0.526
109.96,32104.3,35294.9,0.4503,0.7271,149.5,96.9,0.526
109.98,32070.6,35193.7,0.3039,0.4781,149.5,96.9,0.526
110.0,31955.4,35125.1,-0.197,0.3091,149.5,96.9,0.526
110.02,32017.6,34961.8,0.0736,-0.0931,149.5,96.9,0.526
110.04,32018.3,34982.8,0.0764,-0.0412,149.5,96.9,0.526
110.06,31958.8,34888.4,-0.1819,-0.2737,149.5,96.9,0.526
110.08,31883.6,34673.0,-0.5087,-0.8041,149.5,96.9,0.526
110.1,31715.8,34557.9,-1.2381,-1.0875,149.5,96.9,0.526
110.12,31887.0,34630.5,-0.4942,-0.9086,149.5,96.9,0.526
110.14,31756.9,34707.8,-1.0593,-0.7184,149.5,96.9,0.526
110.16,31877.4,34589.7,-0.5358,-1.0093,149.5,96.9,0.526
110.18,31757.1,34448.2,-1.0587,-1.3575,149.5,96.9,0.526
110.2,31685.2,34415.2,-1.3712,-1.4387,149.5,96.9,0.526
110.22,31732.7,34523.2,-1.1649,-1.1729,149.5,96.9,0.526
110.24,31846.9,34955.3,-0.6682,-0.1089,149.5,96.9,0.526
110.26,32070.6,35281.5,0.304,0.6942,149.5,96.9,0.526
110.28,32328.8,35601.8,1.4259,1.4826,149.5,96.9,0.526
110.3,32376.5,35757.1,1.6332,1.865,149.5,96.9,0.526
110.32,32361.2,35647.8,1.5668,1.5959,149.5,96.9,0.526
110.34,32226.0,35484.4,0.9791,1.1936,149.5,96.9,0.526
110.36,32230.3,35326.1,0.9981,0.804,149.5,96.9,0.526
110.38,32144.6,35180.6,0.6254,0.4457,149.5,96.9,0.526
110.4,32084.1,35015.8,0.3627,0.0398,149.5,96.9,0.526
110.42,32047.5,34998.0,0.2034,-0.0039,149.5,96.9,0.526
110.44,31957.3,35011.2,-0.1885,0.0285,149.5,96.9,0.526
110.46,32006.4,34883.5,0.0248,-0.2857,149.5,96.9,0.526
110.48,31929.2,34802.9,-0.3108,-0.4842,149.5,96.9,0.526
110.5,31831.3,34636.1,-0.7362,-0.8948,149.5,96.9,0.526
110.52,31838.3,34667.5,-0.7059,-0.8175,149.5,96.9,0.526
110.54,31768.4,34655.8,-1.0095,-0.8463,149.5,96.9,0.526
110.56,31762.4,34635.8,-1.0355,-0.8957,149.5,96.9,0.526
110.58,31759.1,34491.3,-1.0499,-1.2514,149.5,96.9,0.526
110.6,31761.0,34435.9,-1.0417,-1.3878,149.5,96.9,0.526
110.62,31887.6,34592.9,-0.4917,-1.0014,149.5,96.9,0.526
110.64,31832.6,34810.0,-0.7306,-0.4667,149.5,96.9,0.526
110.66,32062.8,35153.2,0.2701,0.3781,149.5,96.9,0.526
110.68,32265.6,35559.7,1.1514,1.379,149.5,96.9,0.526
110.7,32477.8,35720.0,2.0734,1.7736,149.5,96.9,0.526
110.72,32392.1,35689.8,1.7011,1.6993,149.5,96.9,0.526
110.74,32199.7,35602.2,0.8649,1.4836,149.5,96.9,0.526
110.76,32179.0,35244.3,0.7752,0.6026,149.5,96.9,0.526
110.78,32059.4,35197.1,0.255,0.4862,149.5,96.9,0.526
110.8,32032.9,35010.5,0.1398,0.0268,149.5,96.9,0.526
110.82,32054.2,35012.8,0.2326,0.0327,149.5,96.9,0.526
110.84,31871.4,34890.9,-0.5621,-0.2675,149.5,96.9,0.526
110.86,31958.5,34860.9,-0.1835,-0.3414,149.5,96.9,0.526
110.88,31918.4,34767.3,-0.3576,-0.5719,149.5,96.9,0.526
110.9,31852.4,34748.4,-0.6444,-0.6185,149.5,96.9,0.526
110.92,31841.4,34688.7,-0.6924,-0.7655,149.5,96.9,0.526
110.94,31793.6,34647.8,-0.8999,-0.866,149.5,96.9,0.526
110.96,31856.6,34597.5,-0.6261,-0.9899,149.5,96.9,0.526
110.98,31806.8,34561.7,-0.8427,-1.0781,149.5,96.9,0.526
111.0,31719.3,34471.1,-1.2227,-1.3012,149.5,96.9,0.526
111.02,31804.1,34511.7,-0.8544,-1.2012,149.5,96.9,0.526
111.04,31876.2,34857.5,-0.5409,-0.3499,149.5,96.9,0.526
111.06,32113.6,35187.7,0.4906,0.4631,149.5,96.9,0.526
111.08,32341.7,35478.4,1.482,1.1788,149.5,96.9,0.526
111.1,32322.1,35778.2,1.3968,1.9171,149.5,96.9,0.526
111.12,32370.7,35702.1,1.6081,1.7297,149.5,96.9,0.526
111.14,32262.6,35485.9,1.1384,1.1974,149.5,96.9,0.526
111.16,32120.0,35417.9,0.5184,1.0299,149.5,96.9,0.526
111.18,32122.7,35225.4,0.5303,0.5559,149.5,96.9,0.526
111.2,32025.1,35075.4,0.1063,0.1867,149.5,96.9,0.526
111.22,31984.2,35007.5,-0.0718,0.0196,149.5,96.9,0.526
111.24,32023.5,34941.1,0.0993,-0.144,149.5,96.9,0.526
111.26,31961.4,34831.4,-0.1706,-0.4142,149.5,96.9,0.526
111.28,31876.3,34731.5,-0.5404,-0.6599,149.5,96.9,0.526
111.3,31899.9,34659.3,-0.4379,-0.8378,149.5,96.9,0.526
111.32,31865.2,34684.5,-0.5888,-0.7758,149.5,96.9,0.526
111.34,31860.2,34685.9,-0.6104,-0.7724,149.5,96.9,0.526
111.36,31838.3,34565.5,-0.7056,-1.0688,149.5,96.9,0.526
111.38,31822.8,34522.9,-0.7732,-1.1737,149.5,96.9,0.526
111.4,31758.0,34466.5,-1.0545,-1.3125,149.5,96.9,0.526
111.42,31788.5,34515.1,-0.9223,-1.1929,149.5,96.9,0.526
111.44,32022.4,34858.4,0.0942,-0.3477,149.5,96.9,0.526
111.46,32153.3,35236.6,0.6635,0.5836,149.5,96.9,0.526
111.48,32242.9,35532.4,1.0526,1.3119,149.5,96.9,0.526
111.5,32401.2,35819.3,1.7408,2.0181,149.5,96.9,0.526
111.52,32383.9,35798.6,1.6655,1.9671,149.5,96.9,0.526
111.54,32276.5,35520.3,1.1988,1.2822,149.5,96.9,0.526
111.56,32152.8,35328.3,0.6611,0.8094,149.5,96.9,0.526
111.58,32099.1,35226.5,0.4276,0.5586,149.5,96.9,0.526
111.6,32064.6,35061.4,0.2776,0.1522,149.5,96.9,0.526
111.62,32139.0,35085.8,0.6011,0.2123,149.5,96.9,0.526
111.64,32071.9,35005.8,0.3096,0.0154,149.5,96.9,0.526
111.66,31970.3,34896.4,-0.1319,-0.2539,149.5,96.9,0.526
111.68,32039.7,34734.6,0.1694,-0.6524,149.5,96.9,0.526
111.7,31883.1,34640.0,-0.5111,-0.8852,149.5,96.9,0.526
111.72,31902.6,34671.3,-0.4263,-0.8082,149.5,96.9,0.526
111.74,31909.1,34658.2,-0.3981,-0.8405,149.5,96.9,0.526
111.76,31846.3,34576.8,-0.6709,-1.0408,149.5,96.9,0.526
111.78,31732.0,34478.4,-1.1677,-1.2832,149.5,96.9,0.526
111.8,31664.1,34412.1,-1.4629,-1.4463,149.5,96.9,0.526
111.82,31777.9,34505.2,-0.9682,-1.2171,149.5,96.9,0.526
111.84,31948.1,34840.5,-0.2287,-0.3916,149.5,96.9,0.526
111.86,32136.4,35194.2,0.5897,0.4791,149.5,96.9,0.526
111.88,32241.7,35575.0,1.0477,1.4167,149.5,96.9,0.526
111.9,32435.5,35696.8,1.8895,1.7166,149.5,96.9,0.526
111.92,32498.8,35707.6,2.1649,1.7431,149.5,96.9,0.526
111.94,32235.5,35591.7,1.0204,1.4578,149.5,96.9,0.526
111.96,32093.9,35298.4,0.4051,0.7357,149.5,96.9,0.526
111.98,32145.0,35186.9,0.6273,0.4611,149.5,96.9,0.526
112.0,31994.1,34990.2,-0.0285,-0.0231,149.5,96.9,0.526
112.02,32011.2,35049.8,0.0456,0.1236,149.5,96.9,0.526
112.04,31992.8,35024.5,-0.0343,0.0614,149.5,96.9,0.526
112.06,31980.0,34939.2,-0.09,-0.1486,149.5,96.9,0.526
112.08,31863.1,34743.0,-0.598,-0.6317,149.5,96.9,0.526
112.1,31831.1,34671.8,-0.737,-0.8069,149.5,96.9,0.526
112.12,31903.5,34664.8,-0.4222,-0.8241,149.5,96.9,0.526
112.14,31812.2,34609.9,-0.8193,-0.9595,149.5,96.9,0.526
112.16,31832.5,34519.8,-0.7308,-1.1812,149.5,96.9,0.526
112.18,31743.9,34527.2,-1.116,-1.163,149.5,96.9,0.526
112.2,31671.7,34379.0,-1.4297,-1.5278,149.5,96.9,0.526
112.22,31792.6,34524.3,-0.9044,-1.17,149.5,96.9,0.526
112.24,31833.8,34730.1,-0.7253,-0.6634,149.5,96.9,0.526
112.26,32078.2,35128.1,0.3367,0.3165,149.5,96.9,0.526
112.28,32241.4,35449.1,1.0463,1.1068,149.5,96.9,0.526
112.3,32372.1,35734.2,1.614,1.8087,149.5,96.9,0.526
112.32,32366.5,35732.0,1.5898,1.8032,149.5,96.9,0.526
112.34,32239.7,35567.7,1.0387,1.3988,149.5,96.9,0.526
112.36,32213.8,35418.0,0.926,1.0302,149.5,96.9,0.526
112.38,32096.4,35242.2,0.416,0.5974,149.5,96.9,0.526
112.4,32030.6,35102.6,0.13,0.2537,149.5,96.9,0.526
112.42,32072.1,35054.1,0.3102,0.1342,149.5,96.9,0.526
112.44,31928.5,35029.4,-0.3136,0.0733,149.5,96.9,0.526
112.46,31919.1,34932.9,-0.3545,-0.1641,149.5,96.9,0.526
112.48,31880.8,34887.6,-0.5209,-0.2758,149.5,96.9,0.526
112.5,31807.7,34738.2,-0.8389,-0.6435,149.5,96.9,0.526
112.52,31761.3,34624.9,-1.0405,-0.9225,149.5,96.9,0.526
112.54,31825.7,34750.0,-0.7604,-0.6145,149.5,96.9,0.526
112.56,31753.7,34574.0,-1.0734,-1.0478,149.5,96.9,0.526
112.58,31828.2,34497.5,-0.7497,-1.2361,149.5,96.9,0.526
112.6,31733.5,34532.9,-1.1611,-1.1491,149.5,96.9,0.526
112.62,31694.7,34474.2,-1.3297,-1.2934,149.5,96.9,0.526
112.64,31926.9,34868.0,-0.3209,-0.3241,149.5,96.9,0.526
112.66,32034.5,35086.8,0.1469,0.2147,149.5,96.9,0.526
112.68,32267.2,35529.0,1.1585,1.3033,149.5,96.9,0.526
112.7,32336.1,35696.3,1.4579,1.7155,149.5,96.9,0.526
112.72,32411.3,35637.0,1.7844,1.5693,149.5,96.9,0.526
112.74,32288.5,35634.1,1.2511,1.5622,149.5,96.9,0.526
112.76,32174.7,35374.6,0.7562,0.9233,149.5,96.9,0.526
112.78,32097.2,35217.8,0.4194,0.5373,149.5,96.9,0.526
112.8,32117.7,35105.8,0.5088,0.2616,149.5,96.9,0.526
112.82,32124.1,35044.6,0.5362,0.1109,149.5,96.9,0.526
112.84,32047.2,35017.1,0.2021,0.043,149.5,96.9,0.526
112.86,31913.8,34977.8,-0.3777,-0.0535,149.5,96.9,0.526
112.88,31927.0,34792.0,-0.3202,-0.5111,149.5,96.9,0.526
112.9,31853.9,34780.3,-0.638,-0.5399,149.5,96.9,0.526
112.92,31909.6,34639.2,-0.3961,-0.8873,149.5,96.9,0.526
112.94,31869.5,34602.1,-0.5703,-0.9786,149.5,96.9,0.526
112.96,31823.5,34587.1,-0.77,-1.0155,149.5,96.9,0.526
112.98,31768.1,34617.1,-1.0107,-0.9417,149.5,96.9,0.526
113.0,31716.8,34442.1,-1.2336,-1.3724,149.5,96.9,0.526
113.02,31838.0,34621.0,-0.7071,-0.932,149.5,96.9,0.526
113.04,31869.8,34648.7,-0.5689,-0.8639,149.5,96.9,0.526
113.06,32032.4,35077.7,0.1379,0.1923,149.5,96.9,0.526
113.08,32348.9,35454.4,1.5131,1.1198,149.5,96.9,0.526
113.1,32288.3,35682.6,1.2502,1.6817,149.5,96.9,0.526
113.12,32304.6,35685.0,1.3209,1.6875,149.5,96.9,0.526
113.14,32281.1,35635.6,1.2189,1.566,149.5,96.9,0.526
113.16,32199.3,35360.7,0.8632,0.8891,149.5,96.9,0.526
113.18,32106.2,35230.8,0.4585,0.5693,149.5,96.9,0.526
113.2,32024.0,35172.3,0.1011,0.4252,149.5,96.9,0.526
113.22,32051.6,35081.8,0.2211,0.2025,149.5,96.9,0.526
113.24,31973.2,34980.8,-0.1194,-0.0462,149.5,96.9,0.526
113.26,31963.6,34903.8,-0.1614,-0.2357,149.5,96.9,0.526
113.28,31859.2,34761.6,-0.6148,-0.586,149.5,96.9,0.526
113.3,31906.6,34680.8,-0.409,-0.7848,149.5,96.9,0.526
113.32,31809.4,34608.9,-0.8313,-0.9618,149.5,96.9,0.526
113.34,31743.5,34602.1,-1.118,-0.9786,149.5,96.9,0.526
113.36,31789.8,34663.1,-0.9166,-0.8285,149.5,96.9,0.526
113.38,31733.4,34479.2,-1.1616,-1.2812,149.5,96.9,0.526
113.4,31735.8,34405.1,-1.1513,-1.4636,149.5,96.9,0.526
113.42,31849.6,34397.7,-0.6567,-1.482,149.5,96.9,0.526
113.44,31945.9,34738.8,-0.2382,-0.6421,149.5,96.9,0.526
113.46,32034.9,35062.1,0.1487,0.154,149.5,96.9,0.526
113.48,32247.4,35474.7,1.0724,1.1697,149.5,96.9,0.526
113.5,32326.0,35724.2,1.4139,1.784,149.5,96.9,0.526
113.52,32319.2,35767.6,1.3842,1.891,149.5,96.9,0.526
113.54,32281.9,35603.6,1.222,1.4871,149.5,96.9,0.526
113.56,32221.5,35408.6,0.9598,1.007,149.5,96.9,0.526
113.58,32130.4,35270.7,0.5636,0.6675,149.5,96.9,0.526
113.6,32142.6,35151.1,0.6169,0.3731,149.5,96.9,0.526
113.62,32124.3,35018.9,0.5372,0.0475,149.5,96.9,0.526
113.64,32071.1,34987.9,0.3061,-0.0288,149.5,96.9,0.526
113.66,32019.6,34988.3,0.0822,-0.0279,149.5,96.9,0.526
113.68,31926.0,34771.4,-0.3245,-0.5618,149.5,96.9,0.526
113.7,31810.9,34606.3,-0.8251,-0.9683,149.5,96.9,0.526
113.72,31862.4,34623.5,-0.6009,-0.9259,149.5,96.9,0.526
113.74,31803.1,34693.7,-0.8589,-0.7531,149.5,96.9,0.526
113.76,31795.2,34588.5,-0.8931,-1.0122,149.5,96.9,0.526
113.78,31777.4,34549.3,-0.9704,-1.1087,149.5,96.9,0.526
113.8,31748.2,34478.8,-1.0975,-1.2822,149.5,96.9,0.526
113.82,31742.2,34541.0,-1.1232,-1.1291,149.5,96.9,0.526
113.84,31932.7,34742.9,-0.2954,-0.632,149.5,96.9,0.526
113.86,32040.3,35052.4,0.1723,0.1301,149.5,96.9,0.526
113.88,32214.1,35403.0,0.9277,0.9933,149.5,96.9,0.526
113.9,32406.7,35656.4,1.7646,1.6172,149.5,96.9,0.526
113.92,32300.0,35701.6,1.3009,1.7283,149.5,96.9,0.526
113.94,32225.7,35644.4,0.9777,1.5875,149.5,96.9,0.526
113.96,32199.9,35372.7,0.8656,0.9186,149.5,96.9,0.526
113.98,32078.0,35206.2,0.3359,0.5086,149.5,96.9,0.526
114.0,32121.3,35147.5,0.5243,0.3641,149.5,96.9,0.526
114.02,32052.6,35162.2,0.2254,0.4004,149.5,96.9,0.526
114.04,32004.5,34940.8,0.0165,-0.1446,149.5,96.9,0.526
114.06,31851.8,34875.2,-0.6472,-0.3063,149.5,96.9,0.526
114.08,31983.0,34882.7,-0.0767,-0.2877,149.5,96.9,0.526
114.1,31814.8,34674.6,-0.8078,-0.8,149.5,96.9,0.526
114.12,31935.4,34590.6,-0.2839,-1.0068,149.5,96.9,0.526
114.14,31854.4,34596.1,-0.6359,-0.9934,149.5,96.9,0.526
114.16,31727.2,34593.1,-1.1888,-1.0008,149.5,96.9,0.526
114.18,31750.7,34590.6,-1.0866,-1.007,149.5,96.9,0.526
114.2,31840.4,34414.7,-0.6967,-1.44,149.5,96.9,0.526
114.22,31820.8,34477.2,-0.782,-1.2861,149.5,96.9,0.526
114.24,31905.3,34826.5,-0.4146,-0.4262,149.5,96.9,0.526
114.26,32069.9,35004.7,0.301,0.0127,149.5,96.9,0.526
114.28,32243.4,35473.1,1.0548,1.1658,149.5,96.9,0.526
114.3,32308.6,35771.7,1.3383,1.9009,149.5,96.9,0.526
114.32,32374.6,35731.9,1.625,1.8029,149.5,96.9,0.526
114.34,32317.2,35608.8,1.3754,1.4999,149.5,96.9,0.526
114.36,32240.3,35377.4,1.0414,0.9303,149.5,96.9,0.526
114.38,32204.6,35272.0,0.8864,0.6706,149.5,96.9,0.526
114.4,32029.6,35139.5,0.1258,0.3444,149.5,96.9,0.526
114.42,32138.4,35057.3,0.5984,0.1421,149.5,96.9,0.526
114.44,32015.8,34913.8,0.0655,-0.2113,149.5,96.9,0.526
114.46,31875.5,34947.8,-0.5441,-0.1276,149.5,96.9,0.526
114.48,31930.1,34785.6,-0.3068,-0.5269,149.5,96.9,0.526
114.5,31962.5,34783.6,-0.1662,-0.5318,149.5,96.9,0.526
114.52,31788.0,34645.9,-0.9242,-0.8709,149.5,96.9,0.526
114.54,31895.8,34639.6,-0.4559,-0.8862,149.5,96.9,0.526
114.56,31814.5,34675.2,-0.809,-0.7987,149.5,96.9,0.526
114.58,31754.5,34574.0,-1.0699,-1.0478,149.5,96.9,0.526
114.6,31722.9,34411.4,-1.2074,-1.4482,149.5,96.9,0.526
114.62,31738.7,34503.2,-1.1387,-1.2221,149.5,96.9,0.526
114.64,31841.8,34615.2,-0.6907,-0.9463,149.5,96.9,0.526
114.66,32103.4,34989.9,0.4462,-0.0239,149.5,96.9,0.526
114.68,32234.3,35404.3,1.0153,0.9964,149.5,96.9,0.526
114.7,32239.6,35592.2,1.0385,1.4591,149.5,96.9,0.526
114.72,32351.1,35763.5,1.5228,1.8809,149.5,96.9,0.526
114.74,32322.6,35584.3,1.3989,1.4397,149.5,96.9,0.526
114.76,32165.3,35515.5,0.7155,1.2703,149.5,96.9,0.526
114.78,32114.3,35162.0,0.4937,0.3999,149.5,96.9,0.526
114.8,32093.4,35164.7,0.4031,0.4066,149.5,96.9,0.526
114.82,32056.6,35077.6,0.2431,0.192,149.5,96.9,0.526
114.84,32036.9,35015.4,0.1572,0.0389,149.5,96.9,0.526
114.86,31979.7,35029.1,-0.0914,0.0726,149.5,96.9,0.526
114.88,31992.6,34874.9,-0.0354,-0.3069,149.5,96.9,0.526
114.9,31796.6,34689.9,-0.8872,-0.7624,149.5,96.9,0.526
114.92,31821.5,34589.1,-0.7786,-1.0106,149.5,96.9,0.526
114.94,31845.1,34642.9,-0.6761,-0.8781,149.5,96.9,0.526
114.96,31771.9,34648.5,-0.9944,-0.8644,149.5,96.9,0.526
114.98,31687.0,34480.4,-1.3633,-1.2782,149.5,96.9,0.526
115.0,31713.1,34528.4,-1.2497,-1.1599,149.5,96.9,0.526
115.02,31763.6,34539.8,-1.0306,-1.1321,149.5,96.9,0.526
115.04,31776.9,34655.5,-0.9725,-0.8471,149.5,96.9,0.526
115.06,31988.1,34980.0,-0.0545,-0.0482,149.5,96.9,0.526
115.08,32204.6,35338.1,0.8862,0.8335,149.5,96.9,0.526
115.1,32320.1,35684.8,1.3881,1.687,149.5,96.9,0.526
115.12,32393.8,35793.8,1.7087,1.9554,149.5,96.9,0.526
115.14,32414.3,35729.1,1.7977,1.7961,149.5,96.9,0.526
115.16,32141.4,35442.6,0.6116,1.0907,149.5,96.9,0.526
115.18,32079.4,35220.2,0.3421,0.5432,149.5,96.9,0.526
115.2,31989.4,35238.0,-0.0489,0.5869,149.5,96.9,0.526
115.22,32054.5,35113.9,0.2338,0.2814,149.5,96.9,0.526
115.24,32069.4,34901.8,0.2986,-0.2408,149.5,96.9,0.526
115.26,31929.6,34945.1,-0.3091,-0.1342,149.5,96.9,0.526
115.28,31871.6,34825.9,-0.5611,-0.4276,149.5,96.9,0.526
115.3,31877.3,34761.7,-0.5361,-0.5856,149.5,96.9,0.526
115.32,31860.7,34705.6,-0.6086,-0.7237,149.5,96.9,0.526
115.34,31918.1,34707.0,-0.3589,-0.7204,149.5,96.9,0.526
115.36,31795.8,34618.4,-0.8904,-0.9386,149.5,96.9,0.526
115.38,31707.6,34567.4,-1.2737,-1.064,149.5,96.9,0.526
115.4,31785.5,34524.9,-0.9354,-1.1686,149.5,96.9,0.526
115.42,31725.4,34540.5,-1.1966,-1.1303,149.5,96.9,0.526
115.44,31796.6,34703.7,-0.887,-0.7284,149.5,96.9,0.526
115.46,32007.0,34994.2,0.0276,-0.0133,149.5,96.9,0.526
115.48,32175.9,35315.7,0.7613,0.7783,149.5,96.9,0.526
115.5,32167.6,35487.3,0.7252,1.2008,149.5,96.9,0.526
115.52,32278.6,35820.1,1.2077,2.0203,149.5,96.9,0.526
115.54,32357.8,35684.2,1.5519,1.6856,149.5,96.9,0.526
115.56,32272.8,35529.2,1.1828,1.304,149.5,96.9,0.526
115.58,32165.5,35228.1,0.7164,0.5626,149.5,96.9,0.526
115.6,32110.9,35112.4,0.4789,0.2777,149.5,96.9,0.526
115.62,32040.6,35083.0,0.1734,0.2055,149.5,96.9,0.526
115.64,32044.5,35051.9,0.1902,0.1288,149.5,96.9,0.526
115.66,32016.3,34876.3,0.068,-0.3035,149.5,96.9,0.526
115.68,31883.2,34777.9,-0.5107,-0.5458,149.5,96.9,0.526
115.7,31954.4,34739.7,-0.2012,-0.6399,149.5,96.9,0.526
115.72,31862.9,34673.9,-0.5989,-0.8019,149.5,96.9,0.526
115.74,31926.1,34640.3,-0.324,-0.8846,149.5,96.9,0.526
115.76,31814.3,34533.0,-0.81,-1.1487,149.5,96.9,0.526
115.78,31830.1,34592.0,-0.7415,-1.0036,149.5,96.9,0.526
115.8,31677.2,34501.1,-1.4058,-1.2273,149.5,96.9,0.526
115.82,31740.0,34495.9,-1.133,-1.24,149.5,96.9,0.526
115.84,31803.4,34601.7,-0.8573,-0.9797,149.5,96.9,0.526
115.86,32001.1,34928.6,0.0016,-0.1749,149.5,96.9,0.526
115.88,32252.6,35360.9,1.0949,0.8896,149.5,96.9,0.526
115.9,32243.2,35656.4,1.0538,1.617,149.5,96.9,0.526
115.92,32410.5,35826.1,1.781,2.035,149.5,96.9,0.526
115.94,32359.6,35633.6,1.5597,1.561,149.5,96.9,0.526
115.96,32287.0,35457.7,1.2442,1.1278,149.5,96.9,0.526
115.98,32195.1,35302.0,0.8451,0.7447,149.5,96.9,0.526
116.0,32083.5,35202.4,0.3599,0.4994,149.5,96.9,0.526
116.02,32141.1,35135.7,0.6102,0.3351,149.5,96.9,0.526
116.04,32040.2,35048.1,0.1717,0.1194,149.5,96.9,0.526
116.06,31934.4,34975.6,-0.288,-0.059,149.5,96.9,0.526
116.08,31910.8,34802.6,-0.3906,-0.485,149.5,96.9,0.526
116.1,31894.1,34765.5,-0.4633,-0.5762,149.5,96.9,0.526
116.12,31861.4,34679.6,-0.6053,-0.7877,149.5,96.9,0.526
116.14,31833.5,34637.4,-0.7267,-0.8917,149.5,96.9,0.526
116.16,31865.3,34648.1,-0.5885,-0.8653,149.5,96.9,0.526
116.18,31824.7,34516.2,-0.765,-1.19,149.5,96.9,0.526
116.2,31761.1,34441.3,-1.0414,-1.3745,149.5,96.9,0.526
116.22,31798.7,34516.4,-0.8779,-1.1895,149.5,96.9,0.526
116.24,31783.4,34574.8,-0.9446,-1.0459,149.5,96.9,0.526
116.26,31888.4,34860.3,-0.4878,-0.343,149.5,96.9,0.526
116.28,32229.3,35238.1,0.9936,0.5872,149.5,96.9,0.526
116.3,32284.9,35651.8,1.2353,1.6058,149.5,96.9,0.526
116.32,32325.2,35801.3,1.4103,1.9738,149.5,96.9,0.526
116.34,32347.1,35692.1,1.5055,1.705,149.5,96.9,0.526
116.36,32266.5,35503.9,1.1554,1.2417,149.5,96.9,0.526
116.38,32239.7,35387.7,1.0386,0.9555,149.5,96.9,0.526
116.4,32082.3,35239.1,0.3547,0.5897,149.5,96.9,0.526
116.42,32021.0,35108.6,0.0884,0.2685,149.5,96.9,0.526
116.44,32013.9,35024.9,0.0574,0.0625,149.5,96.9,0.526
116.46,32095.8,34954.1,0.4133,-0.1121,149.5,96.9,0.526
116.48,32013.5,34869.2,0.0558,-0.3211,149.5,96.9,0.526
116.5,31898.0,34715.6,-0.4464,-0.6991,149.5,96.9,0.526
116.52,31823.5,34716.2,-0.7701,-0.6977,149.5,96.9,0.526
116.54,31881.3,34655.1,-0.5187,-0.8482,149.5,96.9,0.526
116.56,31883.3,34586.4,-0.5104,-1.0173,149.5,96.9,0.526
116.58,31762.4,34655.9,-1.0357,-0.8463,149.5,96.9,0.526
116.6,31795.2,34477.7,-0.893,-1.2849,149.5,96.9,0.526
116.62,31760.5,34344.2,-1.0438,-1.6137,149.5,96.9,0.526
116.64,31780.4,34536.8,-0.9573,-1.1393,149.5,96.9,0.526
116.66,31929.4,34876.3,-0.31,-0.3035,149.5,96.9,0.526
116.68,32115.5,35213.7,0.499,0.5273,149.5,96.9,0.526
116.7,32346.8,35597.1,1.504,1.4712,149.5,96.9,0.526
116.72,32360.1,35760.5,1.5622,1.8734,149.5,96.9,0.526
116.74,32358.2,35815.1,1.554,2.0078,149.5,96.9,0.526
116.76,32127.2,35544.7,0.55,1.342,149.5,96.9,0.526
116.78,32153.9,35365.9,0.6657,0.9019,149.5,96.9,0.526
116.8,32123.6,35207.4,0.5343,0.5118,149.5,96.9,0.526
116.82,32062.4,35137.0,0.2683,0.3382,149.5,96.9,0.526
116.84,31957.7,35010.8,-0.1868,0.0277,149.5,96.9,0.526
116.86,31978.6,34994.3,-0.0961,-0.013,149.5,96.9,0.526
116.88,31905.8,34812.5,-0.4126,-0.4605,149.5,96.9,0.526
116.9,31821.7,34637.0,-0.7781,-0.8926,149.5,96.9,0.526
116.92,31820.5,34609.1,-0.7833,-0.9615,149.5,96.9,0.526
116.94,31816.2,34689.3,-0.8018,-0.764,149.5,96.9,0.526
116.96,31781.0,34676.8,-0.9549,-0.7948,149.5,96.9,0.526
116.98,31767.3,34605.4,-1.0143,-0.9705,149.5,96.9,0.526
117.0,31690.3,34441.9,-1.3488,-1.3731,149.5,96.9,0.526
117.02,31718.4,34488.1,-1.2267,-1.2594,149.5,96.9,0.526
117.04,31731.4,34583.7,-1.1701,-1.024,149.5,96.9,0.526
117.06,31851.9,34831.6,-0.6467,-0.4135,149.5,96.9,0.526
117.08,32156.7,35178.5,0.6779,0.4406,149.5,96.9,0.526
117.1,32315.7,35570.0,1.3689,1.4044,149.5,96.9,0.526
117.12,32393.1,35727.9,1.7053,1.7932,149.5,96.9,0.526
117.14,32370.2,35804.7,1.606,1.9823,149.5,96.9,0.526
117.16,32336.3,35531.1,1.4587,1.3085,149.5,96.9,0.526
117.18,32175.4,35297.8,0.7592,0.7341,149.5,96.9,0.526
117.2,32030.4,35209.5,0.1291,0.5167,149.5,96.9,0.526
117.22,32059.2,35194.5,0.2544,0.4798,149.5,96.9,0.526
117.24,32061.1,35081.3,0.2627,0.2012,149.5,96.9,0.526
117.26,31932.4,35052.9,-0.2966,0.1314,149.5,96.9,0.526
117.28,31937.8,34871.7,-0.2732,-0.3149,149.5,96.9,0.526
117.3,31854.7,34775.6,-0.6345,-0.5515,149.5,96.9,0.526
117.32,31817.2,34728.5,-0.7976,-0.6674,149.5,96.9,0.526
117.34,31871.7,34647.5,-0.5607,-0.8668,149.5,96.9,0.526
117.36,31866.2,34635.0,-0.5846,-0.8977,149.5,96.9,0.526
117.38,31800.0,34689.5,-0.8722,-0.7633,149.5,96.9,0.526
117.4,31705.7,34520.4,-1.2822,-1.1798,149.5,96.9,0.526
117.42,31701.4,34422.1,-1.3007,-1.4217,149.5,96.9,0.526
117.44,31788.0,34497.3,-0.9242,-1.2367,149.5,96.9,0.526
117.46,31873.9,34835.8,-0.5509,-0.4031,149.5,96.9,0.526
117.48,32017.7,35192.1,0.0741,0.474,149.5,96.9,0.526
117.5,32261.7,35450.0,1.1344,1.109,149.5,96.9,0.526
117.52,32394.9,35868.5,1.7132,2.1393,149.5,96.9,0.526
117.54,32397.1,35746.0,1.7226,1.8377,149.5,96.9,0.526
117.56,32250.6,35554.6,1.086,1.3665,149.5,96.9,0.526
117.58,32163.2,35444.5,0.7062,1.0955,149.5,96.9,0.526
117.6,32171.6,35239.0,0.743,0.5894,149.5,96.9,0.526
117.62,32088.7,35081.9,0.3824,0.2027,149.5,96.9,0.526
117.64,31961.2,34965.4,-0.1717,-0.0841,149.5,96.9,0.526
117.66,32014.8,34988.2,0.0614,-0.0281,149.5,96.9,0.526
117.68,31921.6,34833.1,-0.3437,-0.41,149.5,96.9,0.526
117.7,31897.2,34817.4,-0.4498,-0.4485,149.5,96.9,0.526
117.72,31828.1,34761.3,-0.75,-0.5866,149.5,96.9,0.526
117.74,31781.5,34641.1,-0.9526,-0.8827,149.5,96.9,0.526
117.76,31768.9,34663.0,-1.0073,-0.8286,149.5,96.9,0.526
117.78,31830.5,34573.9,-0.7395,-1.0481,149.5,96.9,0.526
117.8,31670.4,34494.0,-1.4353,-1.2448,149.5,96.9,0.526
117.82,31662.4,34439.4,-1.4701,-1.3791,149.5,96.9,0.526
117.84,31700.8,34553.3,-1.3034,-1.0987,149.5,96.9,0.526
117.86,31907.6,34901.0,-0.4047,-0.2426,149.5,96.9,0.526
117.88,32122.9,35189.9,0.5312,0.4686,149.5,96.9,0.526
117.9,32282.3,35564.4,1.224,1.3907,149.5,96.9,0.526
117.92,32405.5,35742.4,1.7594,1.8288,149.5,96.9,0.526
117.94,32336.1,35749.0,1.4576,1.8451,149.5,96.9,0.526
117.96,32249.1,35590.8,1.0794,1.4556,149.5,96.9,0.526
117.98,32194.8,35409.9,0.8435,1.0103,149.5,96.9,0.526
118.0,32130.8,35170.0,0.5653,0.4195,149.5,96.9,0.526
118.02,32066.9,35126.4,0.2879,0.3122,149.5,96.9,0.526
118.04,32029.9,35034.9,0.1268,0.087,149.5,96.9,0.526
118.06,32008.9,34964.0,0.0355,-0.0876,149.5,96.9,0.526
118.08,31936.5,34888.1,-0.2789,-0.2745,149.5,96.9,0.526
118.1,31822.5,34725.2,-0.7742,-0.6756,149.5,96.9,0.526
118.12,31823.1,34758.1,-0.7717,-0.5946,149.5,96.9,0.526
118.14,31876.4,34547.3,-0.54,-1.1136,149.5,96.9,0.526
118.16,31806.5,34711.3,-0.8441,-0.7097,149.5,96.9,0.526
118.18,31731.2,34645.2,-1.171,-0.8724,149.5,96.9,0.526
118.2,31665.3,34588.8,-1.4577,-1.0114,149.5,96.9,0.526
118.22,31694.1,34458.3,-1.3326,-1.3327,149.5,96.9,0.526
118.24,31788.8,34556.6,-0.9209,-1.0907,149.5,96.9,0.526
118.26,31950.0,34880.5,-0.2201,-0.2932,149.5,96.9,0.526
118.28,32138.7,35199.6,0.5998,0.4925,149.5,96.9,0.526
118.3,32218.2,35587.5,0.9453,1.4476,149.5,96.9,0.526
118.32,32349.9,35693.3,1.5176,1.7081,149.5,96.9,0.526
118.34,32400.7,35681.3,1.7385,1.6784,149.5,96.9,0.526
118.36,32237.1,35494.2,1.0277,1.2179,149.5,96.9,0.526
118.38,32130.6,35399.3,0.5646,0.9842,149.5,96.9,0.526
118.4,32023.1,35250.3,0.0976,0.6173,149.5,96.9,0.526
118.42,32045.9,35128.1,0.1967,0.3164,149.5,96.9,0.526
118.44,32078.4,35030.1,0.3376,0.0751,149.5,96.9,0.526
118.46,32075.9,35027.2,0.3268,0.0681,149.5,96.9,0.526
118.48,31944.6,34945.6,-0.2437,-0.1328,149.5,96.9,0.526
118.5,31932.5,34740.3,-0.2965,-0.6383,149.5,96.9,0.526
118.52,31980.8,34619.8,-0.0866,-0.9351,149.5,96.9,0.526
118.54,31785.4,34642.8,-0.9357,-0.8785,149.5,96.9,0.526
118.56,31785.7,34655.6,-0.9346,-0.8469,149.5,96.9,0.526
118.58,31887.9,34674.9,-0.4904,-0.7995,149.5,96.9,0.526
118.6,31818.3,34526.5,-0.7926,-1.1648,149.5,96.9,0.526
118.62,31726.1,34365.0,-1.1932,-1.5623,149.5,96.9,0.526
118.64,31710.1,34596.5,-1.2631,-0.9924,149.5,96.9,0.526
118.66,31901.1,34779.0,-0.4328,-0.5431,149.5,96.9,0.526
118.68,32054.4,35152.6,0.2335,0.3768,149.5,96.9,0.526
118.7,32279.6,35425.0,1.212,1.0473,149.5,96.9,0.526
118.72,32270.1,35827.7,1.1708,2.0388,149.5,96.9,0.526
118.74,32367.5,35708.5,1.5942,1.7453,149.5,96.9,0.526
118.76,32291.3,35603.4,1.2631,1.4867,149.5,96.9,0.526
118.78,32076.3,35196.3,0.3284,0.4843,149.5,96.9,0.526
118.8,32058.4,35233.8,0.2507,0.5766,149.5,96.9,0.526
118.82,32101.3,35137.2,0.4372,0.3387,149.5,96.9,0.526
118.84,31981.0,35022.9,-0.0855,0.0575,149.5,96.9,0.526
118.86,32017.6,34972.0,0.0735,-0.068,149.5,96.9,0.526
118.88,31986.2,34860.0,-0.063,-0.3436,149.5,96.9,0.526
118.9,31880.0,34789.8,-0.5244,-0.5164,149.5,96.9,0.526
118.92,31879.5,34729.2,-0.5268,-0.6657,149.5,96.9,0.526
118.94,31868.0,34704.0,-0.5766,-0.7278,149.5,96.9,0.526
118.96,31824.4,34681.8,-0.766,-0.7824,149.5,96.9,0.526
118.98,31783.1,34534.7,-0.9457,-1.1444,149.5,96.9,0.526
119.0,31786.2,34431.9,-0.9323,-1.3976,149.5,96.9,0.526
119.02,31722.6,34492.3,-1.2087,-1.2489,149.5,96.9,0.526
119.04,31753.1,34599.2,-1.0759,-0.9856,149.5,96.9,0.526
119.06,31881.2,34694.6,-0.5192,-0.7508,149.5,96.9,0.526
119.08,31943.9,35181.6,-0.2468,0.4482,149.5,96.9,0.526
119.1,32315.5,35453.5,1.3683,1.1176,149.5,96.9,0.526
119.12,32294.0,35624.7,1.2747,1.539,149.5,96.9,0.526
119.14,32294.6,35801.2,1.2775,1.9735,149.5,96.9,0.526
119.16,32272.3,35617.1,1.1805,1.5203,149.5,96.9,0.526
119.18,32207.8,35409.3,0.9003,1.0089,149.5,96.9,0.526
119.2,32129.9,35274.9,0.5617,0.6778,149.5,96.9,0.526
119.22,31987.0,35198.0,-0.0594,0.4884,149.5,96.9,0.526
119.24,32027.4,35188.9,0.1162,0.4661,149.5,96.9,0.526
119.26,32058.7,35011.7,0.2522,0.0298,149.5,96.9,0.526
119.28,31989.9,34871.6,-0.0469,-0.3152,149.5,96.9,0.526
119.3,31795.3,34681.6,-0.8926,-0.783,149.5,96.9,0.526
119.32,31871.9,34768.6,-0.5598,-0.5687,149.5,96.9,0.526
119.34,31877.2,34626.9,-0.5365,-0.9175,149.5,96.9,0.526
119.36,31828.5,34650.0,-0.7484,-0.8606,149.5,96.9,0.526
119.38,31788.2,34535.6,-0.9233,-1.1425,149.5,96.9,0.526
119.4,31759.7,34497.6,-1.0472,-1.236,149.5,96.9,0.526
119.42,31838.4,34490.5,-0.7053,-1.2534,149.5,96.9,0.526
119.44,31780.7,34559.6,-0.9563,-1.0832,149.5,96.9,0.526
119.46,31873.1,34777.9,-0.5545,-0.5458,149.5,96.9,0.526
119.48,32041.6,35114.3,0.178,0.2823,149.5,96.9,0.526
119.5,32233.1,35523.6,1.0102,1.2902,149.5,96.9,0.526
119.52,32340.6,35721.0,1.4774,1.7762,149.5,96.9,0.526
119.54,32325.3,35814.7,1.411,2.0069,149.5,96.9,0.526
119.56,32258.1,35645.9,1.1189,1.5912,149.5,96.9,0.526
119.58,32210.7,35315.4,0.9125,0.7777,149.5,96.9,0.526
119.6,32194.8,35208.8,0.8434,0.5151,149.5,96.9,0.526
119.62,32117.9,35104.7,0.5095,0.2588,149.5,96.9,0.526
119.64,32043.2,35147.0,0.1846,0.363,149.5,96.9,0.526
119.66,31979.4,34989.0,-0.0927,-0.026,149.5,96.9,0.526
119.68,32017.0,34896.1,0.071,-0.2548,149.5,96.9,0.526
119.7,31885.9,34782.7,-0.4989,-0.5338,149.5,96.9,0.526
119.72,31905.8,34735.4,-0.4125,-0.6504,149.5,96.9,0.526
119.74,31762.0,34631.5,-1.0373,-0.9061,149.5,96.9,0.526
119.76,31825.2,34655.7,-0.7627,-0.8467,149.5,96.9,0.526
119.78,31871.4,34704.5,-0.5618,-0.7265,149.5,96.9,0.526
119.8,31702.4,34582.5,-1.2965,-1.0268,149.5,96.9,0.526
119.82,31720.1,34494.4,-1.2194,-1.2438,149.5,96.9,0.526
119.84,31790.3,34560.2,-0.9144,-1.0819,149.5,96.9,0.526
119.86,31861.7,34638.3,-0.6039,-0.8894,149.5,96.9,0.526
119.88,32045.8,35148.6,0.1962,0.3668,149.5,96.9,0.526
119.9,32192.4,35468.1,0.8334,1.1535,149.5,96.9,0.526
119.92,32375.6,35643.2,1.6294,1.5847,149.5,96.9,0.526
119.94,32373.7,35796.8,1.6211,1.9628,149.5,96.9,0.526
119.96,32308.8,35653.3,1.3392,1.6095,149.5,96.9,0.526
119.98,32208.3,35303.0,0.9024,0.747,149.5,96.9,0.526
