timestamp,raw_red,raw_ir,filtered_red,filtered_ir,heart_rate,spo2,ac_dc_ratio
0.0,32146.7,35196.9,0.2183,0.2285,146.6,96.7,0.532
0.02,32158.7,35463.9,0.2344,0.5449,146.6,96.7,0.532
0.04,32223.7,35753.1,0.3222,0.8876,146.6,96.7,0.532
0.06,32411.6,35638.8,0.576,0.7522,146.6,96.7,0.532
0.08,32251.3,35554.4,0.3595,0.6521,146.6,96.7,0.532
0.1,32077.0,35329.5,0.1242,0.3857,146.6,96.7,0.532
0.12,32187.4,35250.9,0.2732,0.2924,146.6,96.7,0.532
0.14,31987.4,35093.3,0.0032,0.1057,146.6,96.7,0.532
0.16,31990.0,35116.9,0.0067,0.1337,146.6,96.7,0.532
0.18,32002.1,34948.5,0.023,-0.0658,146.6,96.7,0.532
0.2,32029.0,34979.3,0.0593,-0.0293,146.6,96.7,0.532
0.22,31892.2,34739.3,-0.1254,-0.3137,146.6,96.7,0.532
0.24,31842.7,34781.1,-0.1923,-0.2643,146.6,96.7,0.532
0.26,31793.0,34670.7,-0.2594,-0.3951,146.6,96.7,0.532
0.28,31764.4,34675.2,-0.2979,-0.3897,146.6,96.7,0.532
0.3,31704.3,34513.9,-0.3791,-0.5808,146.6,96.7,0.532
0.32,31718.7,34598.9,-0.3597,-0.4802,146.6,96.7,0.532
0.34,31779.6,34489.4,-0.2775,-0.6099,146.6,96.7,0.532
0.36,31727.1,34471.4,-0.3484,-0.6312,146.6,96.7,0.532
0.38,31792.0,34624.0,-0.2607,-0.4503,146.6,96.7,0.532
0.4,32014.5,34971.1,0.0397,-0.0391,146.6,96.7,0.532
0.42,32108.7,35344.9,0.1669,0.4039,146.6,96.7,0.532
0.44,32359.3,35704.9,0.5054,0.8305,146.6,96.7,0.532
0.46,32380.4,35787.0,0.5339,0.9278,146.6,96.7,0.532
0.48,32306.2,35626.2,0.4337,0.7373,146.6,96.7,0.532
0.5,32266.0,35509.7,0.3793,0.5991,146.6,96.7,0.532
0.52,32097.3,35307.6,0.1515,0.3597,146.6,96.7,0.532
0.54,31995.2,35106.7,0.0136,0.1216,146.6,96.7,0.532
0.56,32085.4,35143.3,0.1355,0.165,146.6,96.7,0.532
0.58,32011.8,35062.8,0.0361,0.0696,146.6,96.7,0.532
0.6,31944.9,34896.8,-0.0543,-0.1272,146.6,96.7,0.532
0.62,31931.4,34775.7,-0.0725,-0.2707,146.6,96.7,0.532
0.64,31753.2,34700.3,-0.3131,-0.36,146.6,96.7,0.532
0.66,31892.0,34648.8,-0.1257,-0.421,146.6,96.7,0.532
0.68,31837.5,34613.0,-0.1992,-0.4634,146.6,96.7,0.532
0.7,31755.7,34672.3,-0.3097,-0.3931,146.6,96.7,0.532
0.72,31821.3,34532.9,-0.2212,-0.5584,146.6,96.7,0.532
0.74,31752.8,34454.2,-0.3136,-0.6516,146.6,96.7,0.532
0.76,31761.7,34398.6,-0.3016,-0.7175,146.6,96.7,0.532
0.78,31817.4,34527.8,-0.2265,-0.5644,146.6,96.7,0.532
0.8,31860.7,34893.1,-0.168,-0.1315,146.6,96.7,0.532
0.82,32131.2,35147.4,0.1974,0.1699,146.6,96.7,0.532
0.84,32223.0,35586.0,0.3213,0.6896,146.6,96.7,0.532
0.86,32345.6,35801.3,0.4869,0.9448,146.6,96.7,0.532
0.88,32300.9,35691.9,0.4265,0.8151,146.6,96.7,0.532
0.9,32313.5,35558.7,0.4435,0.6573,146.6,96.7,0.532
0.92,32136.3,35414.6,0.2042,0.4864,146.6,96.7,0.532
0.94,32083.0,35221.1,0.1322,0.2572,146.6,96.7,0.532
0.96,32001.0,35107.1,0.0215,0.122,146.6,96.7,0.532
0.98,32130.7,35133.1,0.1966,0.1529,146.6,96.7,0.532
1.0,32046.3,34970.2,0.0827,-0.0401,146.6,96.7,0.532
1.02,31995.4,34977.5,0.0139,-0.0315,146.6,96.7,0.532
1.04,31787.6,34822.0,-0.2667,-0.2157,146.6,96.7,0.532
1.06,31861.6,34603.3,-0.1667,-0.4749,146.6,96.7,0.532
1.08,31785.9,34654.7,-0.2689,-0.414,146.6,96.7,0.532
1.1,31851.2,34615.9,-0.1808,-0.46,146.6,96.7,0.532
1.12,31761.8,34593.6,-0.3016,-0.4865,146.6,96.7,0.532
1.14,31776.5,34520.9,-0.2817,-0.5726,146.6,96.7,0.532
1.16,31589.5,34485.0,-0.5342,-0.6151,146.6,96.7,0.532
1.18,31749.6,34487.5,-0.318,-0.6121,146.6,96.7,0.532
1.2,31797.0,34731.3,-0.254,-0.3233,146.6,96.7,0.532
1.22,32048.1,35002.1,0.0851,-0.0024,146.6,96.7,0.532
1.24,32207.1,35353.8,0.2998,0.4144,146.6,96.7,0.532
1.26,32275.0,35634.4,0.3914,0.747,146.6,96.7,0.532
1.28,32298.9,35782.0,0.4238,0.9218,146.6,96.7,0.532
1.3,32363.3,35589.1,0.5107,0.6933,146.6,96.7,0.532
1.32,32176.3,35443.9,0.2583,0.5213,146.6,96.7,0.532
1.34,32163.6,35218.5,0.2411,0.2541,146.6,96.7,0.532
1.36,32017.0,35129.2,0.0431,0.1482,146.6,96.7,0.532
1.38,32024.5,35144.3,0.0533,0.1662,146.6,96.7,0.532
1.4,32029.9,35084.2,0.0606,0.0949,146.6,96.7,0.532
1.42,31992.5,35013.2,0.01,0.0108,146.6,96.7,0.532
1.44,31868.1,34817.0,-0.158,-0.2217,146.6,96.7,0.532
1.46,31908.6,34788.1,-0.1032,-0.256,146.6,96.7,0.532
1.48,31770.5,34749.4,-0.2897,-0.3018,146.6,96.7,0.532
1.5,31904.4,34631.2,-0.1089,-0.4418,146.6,96.7,0.532
1.52,31810.4,34680.5,-0.2358,-0.3834,146.6,96.7,0.532
1.54,31835.9,34522.9,-0.2015,-0.5701,146.6,96.7,0.532
1.56,31685.1,34587.9,-0.4051,-0.4931,146.6,96.7,0.532
1.58,31698.6,34386.6,-0.3868,-0.7317,146.6,96.7,0.532
1.6,31654.4,34605.7,-0.4465,-0.4721,146.6,96.7,0.532
1.62,31888.4,34827.8,-0.1306,-0.2089,146.6,96.7,0.532
1.64,32090.9,35188.2,0.1429,0.2183,146.6,96.7,0.532
1.66,32327.4,35558.9,0.4622,0.6574,146.6,96.7,0.532
1.68,32290.7,35668.4,0.4127,0.7873,146.6,96.7,0.532
1.7,32313.9,35759.2,0.4441,0.8949,146.6,96.7,0.532
1.72,32195.7,35579.9,0.2844,0.6823,146.6,96.7,0.532
1.74,32192.1,35426.0,0.2795,0.5,146.6,96.7,0.532
1.76,31977.8,35149.0,-0.0098,0.1717,146.6,96.7,0.532
1.78,32054.6,35135.2,0.0939,0.1554,146.6,96.7,0.532
1.8,32031.6,35085.6,0.0628,0.0967,146.6,96.7,0.532
1.82,32020.1,34976.8,0.0472,-0.0323,146.6,96.7,0.532
1.84,31984.4,34863.7,-0.001,-0.1664,146.6,96.7,0.532
1.86,31905.0,34763.6,-0.1081,-0.2849,146.6,96.7,0.532
1.88,31922.4,34703.3,-0.0846,-0.3564,146.6,96.7,0.532
1.9,31873.7,34669.7,-0.1504,-0.3962,146.6,96.7,0.532
1.92,31923.0,34634.1,-0.0839,-0.4384,146.6,96.7,0.532
1.94,31679.1,34570.6,-0.4131,-0.5136,146.6,96.7,0.532
1.96,31715.4,34509.5,-0.3642,-0.5861,146.6,96.7,0.532
1.98,31763.5,34390.7,-0.2993,-0.7268,146.6,96.7,0.532
2.0,31792.7,34442.9,-0.2598,-0.665,146.6,96.7,0.532
2.02,31928.4,34719.8,-0.0766,-0.3369,146.6,96.7,0.532
2.04,32007.6,35052.5,0.0305,0.0574,146.6,96.7,0.532
2.06,32178.5,35327.7,0.2612,0.3835,146.6,96.7,0.532
2.08,32301.5,35733.6,0.4273,0.8645,146.6,96.7,0.532
2.1,32316.9,35703.5,0.4481,0.8289,146.6,96.7,0.532
2.12,32373.5,35608.0,0.5245,0.7157,146.6,96.7,0.532
2.14,32260.0,35474.6,0.3712,0.5576,146.6,96.7,0.532
2.16,32085.1,35283.5,0.135,0.3312,146.6,96.7,0.532
2.18,32074.5,35112.4,0.1207,0.1284,146.6,96.7,0.532
2.2,32002.1,35151.7,0.023,0.175,146.6,96.7,0.532
2.22,32089.3,35035.6,0.1408,0.0373,146.6,96.7,0.532
2.24,31953.3,34968.1,-0.043,-0.0426,146.6,96.7,0.532
2.26,31945.4,34733.2,-0.0536,-0.321,146.6,96.7,0.532
2.28,31909.8,34698.6,-0.1016,-0.362,146.6,96.7,0.532
2.3,31849.9,34662.4,-0.1825,-0.4049,146.6,96.7,0.532
2.32,31866.4,34669.8,-0.1603,-0.3961,146.6,96.7,0.532
2.34,31880.1,34680.3,-0.1417,-0.3837,146.6,96.7,0.532
2.36,31873.9,34595.6,-0.1502,-0.484,146.6,96.7,0.532
2.38,31818.3,34539.4,-0.2253,-0.5506,146.6,96.7,0.532
2.4,31634.1,34470.0,-0.4739,-0.6329,146.6,96.7,0.532
2.42,31822.8,34557.9,-0.2191,-0.5287,146.6,96.7,0.532
2.44,32010.5,34915.6,0.0344,-0.1049,146.6,96.7,0.532
2.46,32159.1,35198.7,0.2349,0.2306,146.6,96.7,0.532
2.48,32297.1,35630.5,0.4213,0.7423,146.6,96.7,0.532
2.5,32386.1,35817.5,0.5415,0.9639,146.6,96.7,0.532
2.52,32345.9,35762.6,0.4872,0.8989,146.6,96.7,0.532
2.54,32243.1,35508.9,0.3484,0.5983,146.6,96.7,0.532
2.56,32112.4,35351.1,0.1719,0.4113,146.6,96.7,0.532
2.58,32085.9,35208.7,0.1362,0.2424,146.6,96.7,0.532
2.6,32020.1,35095.6,0.0473,0.1085,146.6,96.7,0.532
2.62,31965.0,35046.4,-0.0271,0.0501,146.6,96.7,0.532
2.64,32020.0,35001.1,0.0472,-0.0035,146.6,96.7,0.532
2.66,31899.3,34870.3,-0.1158,-0.1585,146.6,96.7,0.532
2.68,31836.4,34817.3,-0.2007,-0.2213,146.6,96.7,0.532
2.7,31843.9,34673.5,-0.1907,-0.3917,146.6,96.7,0.532
2.72,31824.0,34730.0,-0.2175,-0.3248,146.6,96.7,0.532
2.74,31792.3,34581.0,-0.2604,-0.5013,146.6,96.7,0.532
2.76,31845.7,34695.6,-0.1883,-0.3656,146.6,96.7,0.532
2.78,31749.3,34532.1,-0.3184,-0.5593,146.6,96.7,0.532
2.8,31767.0,34462.7,-0.2945,-0.6415,146.6,96.7,0.532
2.82,31733.1,34479.9,-0.3403,-0.6212,146.6,96.7,0.532
2.84,31839.9,34579.2,-0.1961,-0.5035,146.6,96.7,0.532
2.86,31975.4,35101.4,-0.0131,0.1153,146.6,96.7,0.532
2.88,32162.5,35490.2,0.2396,0.5761,146.6,96.7,0.532
2.9,32272.8,35692.8,0.3886,0.8162,146.6,96.7,0.532
2.92,32300.8,35734.5,0.4264,0.8656,146.6,96.7,0.532
2.94,32373.8,35618.2,0.5249,0.7278,146.6,96.7,0.532
2.96,32212.5,35394.7,0.307,0.4629,146.6,96.7,0.532
2.98,32085.1,35326.8,0.1351,0.3825,146.6,96.7,0.532
3.0,32031.6,35138.4,0.0628,0.1592,146.6,96.7,0.532
3.02,32015.1,35062.4,0.0405,0.0691,146.6,96.7,0.532
3.04,32022.0,35053.1,0.0499,0.0581,146.6,96.7,0.532
3.06,31962.1,34937.0,-0.031,-0.0795,146.6,96.7,0.532
3.08,31944.8,34754.4,-0.0544,-0.2958,146.6,96.7,0.532
3.1,31933.3,34706.2,-0.0699,-0.3529,146.6,96.7,0.532
3.12,31823.3,34634.0,-0.2184,-0.4386,146.6,96.7,0.532
3.14,31779.6,34638.6,-0.2775,-0.4331,146.6,96.7,0.532
3.16,31766.9,34603.7,-0.2947,-0.4744,146.6,96.7,0.532
3.18,31814.1,34585.1,-0.2308,-0.4965,146.6,96.7,0.532
3.2,31780.0,34498.8,-0.277,-0.5988,146.6,96.7,0.532
3.22,31686.8,34499.6,-0.4027,-0.5978,146.6,96.7,0.532
3.24,31803.1,34596.5,-0.2457,-0.4829,146.6,96.7,0.532
3.26,31882.7,34861.2,-0.1382,-0.1693,146.6,96.7,0.532
3.28,32186.5,35313.6,0.2719,0.3669,146.6,96.7,0.532
3.3,32279.3,35589.9,0.3973,0.6942,146.6,96.7,0.532
3.32,32342.8,35666.9,0.483,0.7855,146.6,96.7,0.532
3.34,32377.6,35701.5,0.53,0.8265,146.6,96.7,0.532
3.36,32277.6,35556.8,0.395,0.655,146.6,96.7,0.532
3.38,32169.0,35323.7,0.2483,0.3788,146.6,96.7,0.532
3.4,32026.1,35123.0,0.0555,0.141,146.6,96.7,0.532
3.42,32168.3,35146.7,0.2474,0.1691,146.6,96.7,0.532
3.44,32001.7,34999.6,0.0225,-0.0053,146.6,96.7,0.532
3.46,32049.4,35029.2,0.0869,0.0298,146.6,96.7,0.532
3.48,31925.4,34886.8,-0.0806,-0.139,146.6,96.7,0.532
3.5,31996.0,34781.5,0.0148,-0.2638,146.6,96.7,0.532
3.52,31848.8,34774.7,-0.184,-0.2718,146.6,96.7,0.532
3.54,31890.3,34767.5,-0.128,-0.2804,146.6,96.7,0.532
3.56,31823.5,34663.6,-0.2182,-0.4034,146.6,96.7,0.532
3.58,31814.4,34584.4,-0.2304,-0.4973,146.6,96.7,0.532
3.6,31822.7,34440.9,-0.2193,-0.6673,146.6,96.7,0.532
3.62,31671.7,34424.9,-0.4232,-0.6863,146.6,96.7,0.532
3.64,31702.6,34494.7,-0.3815,-0.6036,146.6,96.7,0.532
3.66,31823.4,34740.1,-0.2183,-0.3128,146.6,96.7,0.532
3.68,32033.5,35070.7,0.0653,0.0789,146.6,96.7,0.532
3.7,32233.5,35384.1,0.3354,0.4504,146.6,96.7,0.532
3.72,32376.9,35637.7,0.5291,0.7508,146.6,96.7,0.532
3.74,32346.9,35737.7,0.4886,0.8693,146.6,96.7,0.532
3.76,32342.5,35604.6,0.4826,0.7117,146.6,96.7,0.532
3.78,32203.9,35407.8,0.2955,0.4784,146.6,96.7,0.532
3.8,32139.5,35228.5,0.2086,0.2659,146.6,96.7,0.532
3.82,32077.7,35200.4,0.125,0.2327,146.6,96.7,0.532
3.84,32098.1,35052.7,0.1527,0.0576,146.6,96.7,0.532
3.86,32056.8,34960.9,0.0969,-0.0512,146.6,96.7,0.532
3.88,31917.4,34908.8,-0.0915,-0.1129,146.6,96.7,0.532
3.9,31953.1,34742.8,-0.0432,-0.3096,146.6,96.7,0.532
3.92,31848.1,34745.1,-0.185,-0.3069,146.6,96.7,0.532
3.94,31830.1,34700.8,-0.2093,-0.3594,146.6,96.7,0.532
3.96,31841.7,34627.0,-0.1936,-0.4468,146.6,96.7,0.532
3.98,31831.9,34690.3,-0.2068,-0.3718,146.6,96.7,0.532
4.0,31821.8,34583.9,-0.2205,-0.4979,146.6,96.7,0.532
4.02,31769.6,34536.6,-0.291,-0.554,146.6,96.7,0.532
4.04,31651.1,34384.5,-0.4509,-0.7342,146.6,96.7,0.532
4.06,31783.5,34619.0,-0.2722,-0.4563,146.6,96.7,0.532
4.08,31954.2,34922.2,-0.0417,-0.097,146.6,96.7,0.532
4.1,32181.7,35289.9,0.2655,0.3387,146.6,96.7,0.532
4.12,32338.6,35611.3,0.4774,0.7195,146.6,96.7,0.532
4.14,32417.8,35825.3,0.5843,0.9732,146.6,96.7,0.532
4.16,32308.8,35739.3,0.4372,0.8712,146.6,96.7,0.532
4.18,32177.3,35569.4,0.2596,0.67,146.6,96.7,0.532
4.2,32226.6,35327.0,0.3262,0.3826,146.6,96.7,0.532
4.22,32106.7,35211.7,0.1642,0.2461,146.6,96.7,0.532
4.24,32042.9,35069.6,0.0781,0.0776,146.6,96.7,0.532
4.26,31984.3,35060.2,-0.001,0.0665,146.6,96.7,0.532
4.28,31943.2,35037.1,-0.0566,0.0391,146.6,96.7,0.532
4.3,32000.5,34749.1,0.0208,-0.3021,146.6,96.7,0.532
4.32,31817.2,34746.6,-0.2266,-0.3051,146.6,96.7,0.532
4.34,31867.0,34786.6,-0.1594,-0.2577,146.6,96.7,0.532
4.36,31881.4,34559.3,-0.14,-0.5271,146.6,96.7,0.532
4.38,31848.4,34699.1,-0.1846,-0.3614,146.6,96.7,0.532
4.4,31783.5,34538.2,-0.2722,-0.552,146.6,96.7,0.532
4.42,31774.7,34463.9,-0.2841,-0.6401,146.6,96.7,0.532
4.44,31667.8,34474.0,-0.4285,-0.6281,146.6,96.7,0.532
4.46,31824.1,34597.4,-0.2174,-0.4819,146.6,96.7,0.532
4.48,31869.1,34651.8,-0.1566,-0.4174,146.6,96.7,0.532
4.5,32017.0,35052.0,0.0431,0.0568,146.6,96.7,0.532
4.52,32242.1,35522.6,0.347,0.6145,146.6,96.7,0.532
4.54,32317.2,35768.8,0.4484,0.9062,146.6,96.7,0.532
4.56,32486.0,35771.8,0.6764,0.9097,146.6,96.7,0.532
4.58,32318.0,35644.7,0.4495,0.7592,146.6,96.7,0.532
4.6,32241.6,35471.6,0.3464,0.554,146.6,96.7,0.532
4.62,32125.0,35206.6,0.189,0.2401,146.6,96.7,0.532
4.64,32005.1,35056.0,0.027,0.0616,146.6,96.7,0.532
4.66,32125.6,35092.5,0.1897,0.1048,146.6,96.7,0.532
4.68,32028.0,35038.0,0.058,0.0402,146.6,96.7,0.532
4.7,31916.0,34878.5,-0.0932,-0.1488,146.6,96.7,0.532
4.72,31885.8,34907.8,-0.1341,-0.1141,146.6,96.7,0.532
4.74,31903.0,34734.2,-0.1108,-0.3198,146.6,96.7,0.532
4.76,31862.4,34700.6,-0.1656,-0.3596,146.6,96.7,0.532
4.78,31933.7,34633.1,-0.0694,-0.4396,146.6,96.7,0.532
4.8,31843.3,34583.6,-0.1914,-0.4983,146.6,96.7,0.532
4.82,31776.9,34599.7,-0.2811,-0.4792,146.6,96.7,0.532
4.84,31765.1,34490.3,-0.297,-0.6089,146.6,96.7,0.532
4.86,31766.9,34450.7,-0.2947,-0.6558,146.6,96.7,0.532
4.88,31796.1,34639.8,-0.2552,-0.4317,146.6,96.7,0.532
4.9,32027.8,34854.2,0.0576,-0.1776,146.6,96.7,0.532
4.92,32193.3,35285.0,0.2811,0.3329,146.6,96.7,0.532
4.94,32284.9,35615.3,0.4048,0.7243,146.6,96.7,0.532
4.96,32367.3,35762.3,0.5161,0.8985,146.6,96.7,0.532
4.98,32302.4,35706.8,0.4284,0.8328,146.6,96.7,0.532
5.0,32175.3,35433.2,0.2568,0.5085,146.6,96.7,0.532
5.02,32061.0,35347.4,0.1025,0.4068,146.6,96.7,0.532
5.04,32063.8,35149.6,0.1063,0.1725,146.6,96.7,0.532
5.06,32008.6,35160.6,0.0318,0.1855,146.6,96.7,0.532
5.08,32103.4,35059.0,0.1597,0.0651,146.6,96.7,0.532
5.1,32011.9,34905.0,0.0362,-0.1174,146.6,96.7,0.532
5.12,31986.3,34843.0,0.0017,-0.1909,146.6,96.7,0.532
5.14,31792.4,34731.5,-0.2602,-0.323,146.6,96.7,0.532
5.16,31766.6,34751.1,-0.295,-0.2998,146.6,96.7,0.532
5.18,31758.4,34751.8,-0.306,-0.2989,146.6,96.7,0.532
5.2,31832.2,34676.0,-0.2065,-0.3887,146.6,96.7,0.532
5.22,31817.4,34609.6,-0.2265,-0.4674,146.6,96.7,0.532
5.24,31807.5,34459.4,-0.2399,-0.6454,146.6,96.7,0.532
5.26,31654.1,34504.3,-0.447,-0.5922,146.6,96.7,0.532
5.28,31765.9,34529.6,-0.2959,-0.5622,146.6,96.7,0.532
5.3,31887.1,34760.1,-0.1322,-0.2891,146.6,96.7,0.532
5.32,32096.3,35155.1,0.1502,0.179,146.6,96.7,0.532
5.34,32285.2,35511.1,0.4052,0.6009,146.6,96.7,0.532
5.36,32387.0,35717.9,0.5427,0.8459,146.6,96.7,0.532
5.38,32343.7,35851.9,0.4843,1.0047,146.6,96.7,0.532
5.4,32360.0,35579.6,0.5063,0.682,146.6,96.7,0.532
5.42,32208.1,35414.4,0.3012,0.4863,146.6,96.7,0.532
5.44,32114.3,35279.9,0.1745,0.3269,146.6,96.7,0.532
5.46,32045.6,35101.4,0.0817,0.1154,146.6,96.7,0.532
5.48,32061.0,35015.5,0.1025,0.0135,146.6,96.7,0.532
5.5,32033.0,35011.4,0.0648,0.0087,146.6,96.7,0.532
5.52,31928.8,34807.0,-0.076,-0.2336,146.6,96.7,0.532
5.54,31869.3,34834.5,-0.1564,-0.2009,146.6,96.7,0.532
5.56,31853.8,34697.2,-0.1773,-0.3637,146.6,96.7,0.532
5.58,31845.9,34655.2,-0.1879,-0.4134,146.6,96.7,0.532
5.6,31848.8,34696.9,-0.184,-0.364,146.6,96.7,0.532
5.62,31801.3,34533.7,-0.2482,-0.5573,146.6,96.7,0.532
5.64,31797.1,34591.0,-0.2539,-0.4895,146.6,96.7,0.532
5.66,31765.7,34491.6,-0.2962,-0.6073,146.6,96.7,0.532
5.68,31655.5,34449.5,-0.445,-0.6571,146.6,96.7,0.532
5.7,31880.5,34607.1,-0.1412,-0.4704,146.6,96.7,0.532
5.72,31952.5,34960.8,-0.0441,-0.0513,146.6,96.7,0.532
5.74,32192.1,35336.3,0.2796,0.3938,146.6,96.7,0.532
5.76,32362.4,35610.8,0.5095,0.719,146.6,96.7,0.532
5.78,32417.7,35750.4,0.5842,0.8845,146.6,96.7,0.532
5.8,32321.6,35641.5,0.4545,0.7554,146.6,96.7,0.532
5.82,32186.1,35471.1,0.2715,0.5534,146.6,96.7,0.532
5.84,32163.8,35331.4,0.2414,0.3879,146.6,96.7,0.532
5.86,32059.7,35160.1,0.1008,0.1849,146.6,96.7,0.532
5.88,32046.3,35090.0,0.0826,0.1018,146.6,96.7,0.532
5.9,31993.1,35052.0,0.0108,0.0568,146.6,96.7,0.532
5.92,31949.2,35043.5,-0.0484,0.0468,146.6,96.7,0.532
5.94,31885.6,34901.9,-0.1344,-0.1211,146.6,96.7,0.532
5.96,31852.8,34773.8,-0.1786,-0.2729,146.6,96.7,0.532
5.98,31818.2,34714.9,-0.2254,-0.3426,146.6,96.7,0.532
6.0,31827.3,34649.2,-0.2131,-0.4206,146.6,96.7,0.532
6.02,31843.4,34672.4,-0.1913,-0.3931,146.6,96.7,0.532
6.04,31709.7,34494.3,-0.3718,-0.6041,146.6,96.7,0.532
6.06,31693.7,34459.8,-0.3935,-0.6449,146.6,96.7,0.532
6.08,31735.9,34493.7,-0.3365,-0.6048,146.6,96.7,0.532
6.1,31816.6,34501.2,-0.2275,-0.5959,146.6,96.7,0.532
6.12,31872.6,34807.0,-0.1519,-0.2336,146.6,96.7,0.532
6.14,32117.1,35070.9,0.1783,0.0792,146.6,96.7,0.532
6.16,32195.9,35398.6,0.2847,0.4675,146.6,96.7,0.532
6.18,32315.9,35696.8,0.4468,0.8209,146.6,96.7,0.532
6.2,32341.9,35746.3,0.4819,0.8795,146.6,96.7,0.532
6.22,32267.5,35559.6,0.3814,0.6583,146.6,96.7,0.532
6.24,32083.0,35437.2,0.1323,0.5133,146.6,96.7,0.532
6.26,32119.2,35169.1,0.1811,0.1956,146.6,96.7,0.532
6.28,31988.6,35151.1,0.0047,0.1742,146.6,96.7,0.532
6.3,32010.7,35202.2,0.0346,0.2348,146.6,96.7,0.532
6.32,32087.5,35060.2,0.1383,0.0666,146.6,96.7,0.532
6.34,31923.2,34958.4,-0.0835,-0.0541,146.6,96.7,0.532
6.36,31822.3,34807.8,-0.2198,-0.2326,146.6,96.7,0.532
6.38,31844.4,34681.1,-0.19,-0.3827,146.6,96.7,0.532
6.4,31789.7,34668.9,-0.2638,-0.3972,146.6,96.7,0.532
6.42,31828.3,34672.9,-0.2118,-0.3924,146.6,96.7,0.532
6.44,31815.6,34571.3,-0.2288,-0.5128,146.6,96.7,0.532
6.46,31738.8,34515.5,-0.3326,-0.5789,146.6,96.7,0.532
6.48,31693.6,34456.6,-0.3937,-0.6488,146.6,96.7,0.532
6.5,31768.1,34475.6,-0.293,-0.6262,146.6,96.7,0.532
6.52,31834.7,34698.8,-0.2031,-0.3617,146.6,96.7,0.532
6.54,32019.1,34989.2,0.0459,-0.0176,146.6,96.7,0.532
6.56,32189.1,35286.5,0.2755,0.3347,146.6,96.7,0.532
6.58,32318.5,35614.7,0.4502,0.7236,146.6,96.7,0.532
6.6,32358.8,35766.0,0.5046,0.903,146.6,96.7,0.532
6.62,32297.5,35708.3,0.4219,0.8345,146.6,96.7,0.532
6.64,32302.8,35485.5,0.429,0.5705,146.6,96.7,0.532
6.66,32128.3,35312.6,0.1934,0.3656,146.6,96.7,0.532
6.68,32169.7,35042.6,0.2493,0.0456,146.6,96.7,0.532
6.7,32002.4,35105.2,0.0234,0.1198,146.6,96.7,0.532
6.72,31999.1,34987.9,0.0189,-0.0192,146.6,96.7,0.532
6.74,31957.3,34910.2,-0.0376,-0.1112,146.6,96.7,0.532
6.76,31935.8,34914.5,-0.0666,-0.1062,146.6,96.7,0.532
6.78,32028.3,34754.3,0.0584,-0.296,146.6,96.7,0.532
6.8,31730.2,34612.7,-0.3441,-0.4637,146.6,96.7,0.532
6.82,31837.9,34639.3,-0.1987,-0.4323,146.6,96.7,0.532
6.84,31818.5,34606.0,-0.2249,-0.4717,146.6,96.7,0.532
6.86,31824.1,34618.2,-0.2174,-0.4572,146.6,96.7,0.532
6.88,31704.5,34447.3,-0.3789,-0.6598,146.6,96.7,0.532
6.9,31763.0,34475.4,-0.2999,-0.6264,146.6,96.7,0.532
6.92,31791.8,34543.1,-0.2609,-0.5463,146.6,96.7,0.532
6.94,31985.2,34854.1,0.0001,-0.1778,146.6,96.7,0.532
6.96,32087.3,35146.9,0.138,0.1692,146.6,96.7,0.532
6.98,32249.6,35484.8,0.3572,0.5697,146.6,96.7,0.532
7.0,32338.7,35693.0,0.4774,0.8164,146.6,96.7,0.532
7.02,32341.7,35619.2,0.4816,0.7289,146.6,96.7,0.532
7.04,32281.9,35550.1,0.4007,0.6471,146.6,96.7,0.532
7.06,32169.2,35414.1,0.2487,0.4859,146.6,96.7,0.532
7.08,32083.0,35177.4,0.1323,0.2054,146.6,96.7,0.532
7.1,32066.8,35128.8,0.1104,0.1478,146.6,96.7,0.532
7.12,31948.3,34958.7,-0.0497,-0.0537,146.6,96.7,0.532
7.14,32035.1,34963.4,0.0676,-0.0482,146.6,96.7,0.532
7.16,31976.0,34938.8,-0.0122,-0.0773,146.6,96.7,0.532
7.18,31915.6,34746.9,-0.0938,-0.3047,146.6,96.7,0.532
7.2,31859.2,34699.7,-0.17,-0.3607,146.6,96.7,0.532
7.22,31755.0,34585.1,-0.3107,-0.4965,146.6,96.7,0.532
7.24,31857.4,34660.7,-0.1724,-0.4069,146.6,96.7,0.532
7.26,31802.4,34618.2,-0.2467,-0.4572,146.6,96.7,0.532
7.28,31759.4,34537.4,-0.3048,-0.553,146.6,96.7,0.532
7.3,31740.6,34491.5,-0.3301,-0.6074,146.6,96.7,0.532
7.32,31751.2,34521.8,-0.3158,-0.5714,146.6,96.7,0.532
7.34,31778.6,34680.9,-0.2788,-0.3829,146.6,96.7,0.532
7.36,32058.7,35094.8,0.0995,0.1075,146.6,96.7,0.532
7.38,32311.9,35415.7,0.4413,0.4878,146.6,96.7,0.532
7.4,32334.6,35658.8,0.472,0.7759,146.6,96.7,0.532
7.42,32438.4,35717.9,0.6121,0.8459,146.6,96.7,0.532
7.44,32352.8,35704.4,0.4966,0.8299,146.6,96.7,0.532
7.46,32185.2,35443.8,0.2703,0.5212,146.6,96.7,0.532
7.48,32138.0,35238.2,0.2066,0.2775,146.6,96.7,0.532
7.5,32062.7,35151.6,0.1048,0.1748,146.6,96.7,0.532
7.52,31944.2,35111.7,-0.0551,0.1276,146.6,96.7,0.532
7.54,31977.9,35045.4,-0.0096,0.049,146.6,96.7,0.532
7.56,32004.2,34940.5,0.0258,-0.0753,146.6,96.7,0.532
7.58,31938.2,34815.4,-0.0633,-0.2236,146.6,96.7,0.532
7.6,31892.3,34720.5,-0.1253,-0.336,146.6,96.7,0.532
7.62,31980.1,34667.2,-0.0067,-0.3992,146.6,96.7,0.532
7.64,31790.0,34682.0,-0.2634,-0.3816,146.6,96.7,0.532
7.66,31816.9,34652.5,-0.2272,-0.4166,146.6,96.7,0.532
7.68,31768.9,34527.0,-0.2919,-0.5653,146.6,96.7,0.532
7.7,31754.7,34489.9,-0.311,-0.6093,146.6,96.7,0.532
7.72,31675.8,34407.9,-0.4177,-0.7064,146.6,96.7,0.532
7.74,31727.3,34570.7,-0.3481,-0.5136,146.6,96.7,0.532
7.76,31908.3,34758.7,-0.1037,-0.2908,146.6,96.7,0.532
7.78,32058.7,35206.8,0.0994,0.2402,146.6,96.7,0.532
7.8,32251.2,35525.7,0.3593,0.6182,146.6,96.7,0.532
7.82,32251.7,35728.9,0.36,0.859,146.6,96.7,0.532
7.84,32325.0,35619.3,0.459,0.729,146.6,96.7,0.532
7.86,32281.3,35578.5,0.4,0.6807,146.6,96.7,0.532
7.88,32128.9,35386.2,0.1942,0.4528,146.6,96.7,0.532
7.9,32111.9,35153.4,0.1713,0.177,146.6,96.7,0.532
7.92,32044.1,35113.7,0.0797,0.13,146.6,96.7,0.532
7.94,31958.8,35014.6,-0.0354,0.0124,146.6,96.7,0.532
7.96,32082.3,34984.6,0.1312,-0.0231,146.6,96.7,0.532
7.98,31876.3,34935.7,-0.1469,-0.081,146.6,96.7,0.532
8.0,31973.2,34694.7,-0.016,-0.3665,146.6,96.7,0.532
8.02,31889.7,34773.5,-0.1287,-0.2733,146.6,96.7,0.532
8.04,31782.2,34757.0,-0.274,-0.2928,146.6,96.7,0.532
8.06,31820.2,34640.8,-0.2227,-0.4305,146.6,96.7,0.532
8.08,31827.0,34665.1,-0.2135,-0.4017,146.6,96.7,0.532
8.1,31783.7,34502.5,-0.272,-0.5943,146.6,96.7,0.532
8.12,31665.5,34551.3,-0.4315,-0.5366,146.6,96.7,0.532
8.14,31700.3,34495.8,-0.3845,-0.6023,146.6,96.7,0.532
8.16,31933.1,34654.7,-0.0702,-0.414,146.6,96.7,0.532
8.18,31907.2,35060.3,-0.1051,0.0667,146.6,96.7,0.532
8.2,32220.5,35433.7,0.3179,0.5092,146.6,96.7,0.532
8.22,32341.1,35579.8,0.4807,0.6822,146.6,96.7,0.532
8.24,32388.5,35773.0,0.5448,0.9112,146.6,96.7,0.532
8.26,32305.1,35672.7,0.4322,0.7923,146.6,96.7,0.532
8.28,32249.5,35475.3,0.3571,0.5585,146.6,96.7,0.532
8.3,32110.9,35198.0,0.1698,0.2299,146.6,96.7,0.532
8.32,31951.0,35110.8,-0.046,0.1265,146.6,96.7,0.532
8.34,32058.2,35066.6,0.0988,0.0741,146.6,96.7,0.532
8.36,32003.6,35032.1,0.025,0.0333,146.6,96.7,0.532
8.38,31858.1,35021.5,-0.1715,0.0207,146.6,96.7,0.532
8.4,31905.7,34837.0,-0.1072,-0.198,146.6,96.7,0.532
8.42,31808.7,34729.5,-0.2382,-0.3254,146.6,96.7,0.532
8.44,31801.5,34655.0,-0.2479,-0.4137,146.6,96.7,0.532
8.46,31823.6,34644.6,-0.2181,-0.426,146.6,96.7,0.532
8.48,31744.3,34605.4,-0.3251,-0.4724,146.6,96.7,0.532
8.5,31833.8,34529.9,-0.2043,-0.5619,146.6,96.7,0.532
8.52,31760.1,34547.2,-0.3038,-0.5414,146.6,96.7,0.532
8.54,31780.3,34419.6,-0.2765,-0.6926,146.6,96.7,0.532
8.56,31746.7,34562.3,-0.3219,-0.5235,146.6,96.7,0.532
8.58,31960.3,34824.3,-0.0335,-0.213,146.6,96.7,0.532
8.6,32188.7,35227.0,0.2749,0.2641,146.6,96.7,0.532
8.62,32296.6,35538.9,0.4206,0.6338,146.6,96.7,0.532
8.64,32397.4,35824.4,0.5568,0.9721,146.6,96.7,0.532
8.66,32304.3,35773.6,0.431,0.9119,146.6,96.7,0.532
8.68,32244.0,35526.3,0.3496,0.6189,146.6,96.7,0.532
8.7,32233.1,35347.8,0.3349,0.4073,146.6,96.7,0.532
8.72,32076.1,35144.8,0.1229,0.1667,146.6,96.7,0.532
8.74,32080.3,35083.6,0.1286,0.0943,146.6,96.7,0.532
8.76,32019.3,35136.1,0.0463,0.1565,146.6,96.7,0.532
8.78,32024.9,35045.6,0.0538,0.0493,146.6,96.7,0.532
8.8,31957.2,34932.0,-0.0376,-0.0853,146.6,96.7,0.532
8.82,31885.7,34830.2,-0.1342,-0.2061,146.6,96.7,0.532
8.84,31881.5,34627.5,-0.1399,-0.4462,146.6,96.7,0.532
8.86,31875.3,34668.9,-0.1482,-0.3971,146.6,96.7,0.532
8.88,31742.9,34611.0,-0.327,-0.4658,146.6,96.7,0.532
8.9,31869.6,34578.6,-0.1559,-0.5041,146.6,96.7,0.532
8.92,31811.5,34510.4,-0.2344,-0.5849,146.6,96.7,0.532
8.94,31677.4,34385.6,-0.4155,-0.7329,146.6,96.7,0.532
8.96,31753.7,34540.9,-0.3124,-0.5489,146.6,96.7,0.532
8.98,31762.2,34678.3,-0.301,-0.386,146.6,96.7,0.532
9.0,32120.9,35001.9,0.1833,-0.0025,146.6,96.7,0.532
9.02,32191.4,35482.0,0.2786,0.5664,146.6,96.7,0.532
9.04,32280.5,35663.3,0.3989,0.7812,146.6,96.7,0.532
9.06,32299.5,35752.8,0.4246,0.8873,146.6,96.7,0.532
9.08,32281.2,35604.5,0.3998,0.7116,146.6,96.7,0.532
9.1,32305.7,35462.1,0.433,0.5427,146.6,96.7,0.532
9.12,32160.2,35344.2,0.2365,0.403,146.6,96.7,0.532
9.14,32043.1,35127.8,0.0784,0.1466,146.6,96.7,0.532
9.16,32098.9,35077.0,0.1537,0.0864,146.6,96.7,0.532
9.18,32026.2,35019.0,0.0556,0.0177,146.6,96.7,0.532
9.2,31949.2,34988.3,-0.0485,-0.0187,146.6,96.7,0.532
9.22,31891.2,34914.1,-0.1268,-0.1066,146.6,96.7,0.532
9.24,32018.2,34783.9,0.0447,-0.2609,146.6,96.7,0.532
9.26,31842.5,34719.2,-0.1926,-0.3375,146.6,96.7,0.532
9.28,31810.4,34820.6,-0.2359,-0.2174,146.6,96.7,0.532
9.3,31830.8,34573.0,-0.2083,-0.5108,146.6,96.7,0.532
9.32,31814.2,34565.8,-0.2308,-0.5193,146.6,96.7,0.532
9.34,31722.4,34559.6,-0.3547,-0.5267,146.6,96.7,0.532
9.36,31728.1,34495.6,-0.3471,-0.6026,146.6,96.7,0.532
9.38,31853.6,34508.7,-0.1775,-0.587,146.6,96.7,0.532
9.4,31914.4,34858.8,-0.0954,-0.1721,146.6,96.7,0.532
9.42,32225.5,35269.9,0.3247,0.315,146.6,96.7,0.532
9.44,32292.8,35568.8,0.4156,0.6692,146.6,96.7,0.532
9.46,32430.8,35703.1,0.6018,0.8284,146.6,96.7,0.532
9.48,32319.2,35723.6,0.4511,0.8526,146.6,96.7,0.532
9.5,32243.3,35578.1,0.3486,0.6803,146.6,96.7,0.532
9.52,32147.0,35361.9,0.2186,0.424,146.6,96.7,0.532
9.54,32167.6,35236.8,0.2465,0.2757,146.6,96.7,0.532
9.56,32086.4,35077.4,0.1368,0.0869,146.6,96.7,0.532
9.58,32065.1,34966.9,0.1081,-0.0441,146.6,96.7,0.532
9.6,31994.7,35044.5,0.013,0.0479,146.6,96.7,0.532
9.62,31914.4,34884.6,-0.0954,-0.1416,146.6,96.7,0.532
9.64,31902.9,34697.4,-0.1109,-0.3634,146.6,96.7,0.532
9.66,31811.1,34677.0,-0.235,-0.3876,146.6,96.7,0.532
9.68,31881.5,34706.0,-0.1399,-0.3533,146.6,96.7,0.532
9.7,31802.3,34691.3,-0.2468,-0.3706,146.6,96.7,0.532
9.72,31851.0,34644.3,-0.1811,-0.4264,146.6,96.7,0.532
9.74,31783.3,34522.8,-0.2725,-0.5703,146.6,96.7,0.532
9.76,31737.6,34524.4,-0.3342,-0.5685,146.6,96.7,0.532
9.78,31796.7,34527.9,-0.2544,-0.5643,146.6,96.7,0.532
9.8,31928.9,34737.0,-0.0759,-0.3165,146.6,96.7,0.532
9.82,32041.3,35021.3,0.076,0.0204,146.6,96.7,0.532
9.84,32242.4,35381.2,0.3475,0.4469,146.6,96.7,0.532
9.86,32260.2,35724.7,0.3715,0.854,146.6,96.7,0.532
9.88,32380.7,35771.3,0.5342,0.9092,146.6,96.7,0.532
9.9,32319.7,35580.6,0.4518,0.6832,146.6,96.7,0.532
9.92,32193.8,35437.2,0.2818,0.5133,146.6,96.7,0.532
9.94,32130.1,35244.1,0.1958,0.2844,146.6,96.7,0.532
9.96,32059.8,35143.5,0.1009,0.1652,146.6,96.7,0.532
9.98,32020.7,35081.3,0.0481,0.0916,146.6,96.7,0.532
10.0,32000.9,35075.1,0.0214,0.0841,146.6,96.7,0.532
10.02,31923.5,34952.1,-0.0832,-0.0616,146.6,96.7,0.532
10.04,31977.9,34809.7,-0.0096,-0.2303,146.6,96.7,0.532
10.06,31809.5,34692.3,-0.2371,-0.3695,146.6,96.7,0.532
10.08,31863.8,34665.3,-0.1638,-0.4014,146.6,96.7,0.532
10.1,31874.9,34629.6,-0.1487,-0.4437,146.6,96.7,0.532
10.12,31832.0,34589.0,-0.2067,-0.4919,146.6,96.7,0.532
10.14,31729.0,34542.3,-0.3458,-0.5472,146.6,96.7,0.532
10.16,31784.7,34505.6,-0.2705,-0.5907,146.6,96.7,0.532
10.18,31773.4,34444.7,-0.2858,-0.6629,146.6,96.7,0.532
10.2,31783.9,34612.3,-0.2716,-0.4642,146.6,96.7,0.532
10.22,31946.8,35009.9,-0.0517,0.0069,146.6,96.7,0.532
10.24,32151.9,35276.0,0.2252,0.3223,146.6,96.7,0.532
10.26,32382.0,35610.3,0.5359,0.7184,146.6,96.7,0.532
10.28,32426.3,35700.7,0.5959,0.8255,146.6,96.7,0.532
10.3,32289.4,35621.8,0.4109,0.7321,146.6,96.7,0.532
10.32,32280.6,35544.3,0.3991,0.6401,146.6,96.7,0.532
10.34,32135.0,35346.7,0.2024,0.406,146.6,96.7,0.532
10.36,32082.1,35213.3,0.1311,0.248,146.6,96.7,0.532
10.38,32008.6,35018.7,0.0318,0.0174,146.6,96.7,0.532
10.4,32028.4,34989.4,0.0585,-0.0173,146.6,96.7,0.532
10.42,31996.7,34973.2,0.0157,-0.0365,146.6,96.7,0.532
10.44,31914.7,34925.0,-0.0951,-0.0937,146.6,96.7,0.532
10.46,32001.8,34704.2,0.0226,-0.3553,146.6,96.7,0.532
10.48,31813.5,34679.3,-0.2317,-0.3848,146.6,96.7,0.532
10.5,31886.2,34707.5,-0.1335,-0.3514,146.6,96.7,0.532
10.52,31856.1,34741.3,-0.1742,-0.3114,146.6,96.7,0.532
10.54,31795.0,34596.0,-0.2566,-0.4836,146.6,96.7,0.532
10.56,31766.0,34539.2,-0.2959,-0.5509,146.6,96.7,0.532
10.58,31789.5,34505.3,-0.2641,-0.5911,146.6,96.7,0.532
10.6,31737.2,34510.6,-0.3347,-0.5847,146.6,96.7,0.532
10.62,31951.8,34693.5,-0.0449,-0.368,146.6,96.7,0.532
10.64,32066.5,35120.6,0.1099,0.1381,146.6,96.7,0.532
10.66,32252.8,35437.4,0.3615,0.5135,146.6,96.7,0.532
10.68,32388.9,35763.1,0.5453,0.8995,146.6,96.7,0.532
10.7,32320.2,35781.8,0.4525,0.9216,146.6,96.7,0.532
10.72,32263.2,35621.3,0.3756,0.7315,146.6,96.7,0.532
10.74,32209.8,35342.7,0.3034,0.4013,146.6,96.7,0.532
10.76,32193.6,35205.6,0.2816,0.2389,146.6,96.7,0.532
10.78,31972.9,35128.5,-0.0165,0.1474,146.6,96.7,0.532
10.8,32096.8,35109.6,0.1509,0.1251,146.6,96.7,0.532
10.82,32017.2,35061.0,0.0434,0.0675,146.6,96.7,0.532
10.84,31993.8,34997.7,0.0117,-0.0075,146.6,96.7,0.532
10.86,31901.7,34840.7,-0.1125,-0.1936,146.6,96.7,0.532
10.88,31884.2,34813.5,-0.1362,-0.2258,146.6,96.7,0.532
10.9,31828.0,34647.1,-0.2121,-0.4231,146.6,96.7,0.532
10.92,31806.9,34698.6,-0.2406,-0.3619,146.6,96.7,0.532
10.94,31864.4,34652.7,-0.1629,-0.4164,146.6,96.7,0.532
10.96,31753.1,34609.6,-0.3133,-0.4674,146.6,96.7,0.532
10.98,31733.1,34443.4,-0.3403,-0.6644,146.6,96.7,0.532
11.0,31659.1,34382.2,-0.4402,-0.737,146.6,96.7,0.532
11.02,31775.8,34579.1,-0.2826,-0.5036,146.6,96.7,0.532
11.04,31871.3,34938.8,-0.1537,-0.0773,146.6,96.7,0.532
11.06,32084.7,35340.0,0.1346,0.3981,146.6,96.7,0.532
11.08,32258.9,35620.0,0.3698,0.7299,146.6,96.7,0.532
11.1,32402.5,35800.4,0.5637,0.9437,146.6,96.7,0.532
11.12,32397.7,35657.9,0.5572,0.7748,146.6,96.7,0.532
11.14,32292.6,35407.8,0.4153,0.4784,146.6,96.7,0.532
11.16,32214.0,35303.4,0.3091,0.3547,146.6,96.7,0.532
11.18,32160.7,35191.7,0.2371,0.2223,146.6,96.7,0.532
11.2,32017.8,35066.5,0.0442,0.0739,146.6,96.7,0.532
11.22,32039.0,35047.0,0.0729,0.0509,146.6,96.7,0.532
11.24,31923.5,34951.1,-0.0831,-0.0628,146.6,96.7,0.532
11.26,31927.8,34877.0,-0.0773,-0.1506,146.6,96.7,0.532
11.28,31831.0,34761.9,-0.2081,-0.2869,146.6,96.7,0.532
11.3,31793.1,34755.9,-0.2593,-0.2941,146.6,96.7,0.532
11.32,31915.7,34657.8,-0.0937,-0.4104,146.6,96.7,0.532
11.34,31737.8,34653.6,-0.3339,-0.4153,146.6,96.7,0.532
11.36,31757.9,34489.8,-0.3067,-0.6094,146.6,96.7,0.532
11.38,31804.3,34492.0,-0.2441,-0.6068,146.6,96.7,0.532
11.4,31748.8,34454.1,-0.3191,-0.6517,146.6,96.7,0.532
11.42,31714.5,34550.7,-0.3653,-0.5372,146.6,96.7,0.532
11.44,31895.3,34785.0,-0.1212,-0.2597,146.6,96.7,0.532
11.46,32087.5,35155.2,0.1383,0.1791,146.6,96.7,0.532
11.48,32217.3,35550.8,0.3135,0.6479,146.6,96.7,0.532
11.5,32259.4,35741.9,0.3705,0.8743,146.6,96.7,0.532
11.52,32382.1,35841.8,0.5362,0.9927,146.6,96.7,0.532
11.54,32322.3,35691.8,0.4554,0.815,146.6,96.7,0.532
11.56,32119.0,35382.1,0.1808,0.448,146.6,96.7,0.532
11.58,32134.0,35288.4,0.2011,0.3369,146.6,96.7,0.532
11.6,32008.8,35182.2,0.032,0.2111,146.6,96.7,0.532
11.62,32094.2,35095.1,0.1473,0.1079,146.6,96.7,0.532
11.64,31946.3,34983.8,-0.0523,-0.0241,146.6,96.7,0.532
11.66,32036.8,34983.9,0.0698,-0.0239,146.6,96.7,0.532
11.68,31870.6,34729.5,-0.1546,-0.3254,146.6,96.7,0.532
11.7,31799.4,34741.1,-0.2508,-0.3116,146.6,96.7,0.532
11.72,31798.4,34744.0,-0.2521,-0.3082,146.6,96.7,0.532
11.74,31903.5,34674.2,-0.1101,-0.3908,146.6,96.7,0.532
11.76,31857.2,34633.4,-0.1727,-0.4392,146.6,96.7,0.532
11.78,31782.3,34525.1,-0.2738,-0.5676,146.6,96.7,0.532
11.8,31703.0,34559.0,-0.3809,-0.5274,146.6,96.7,0.532
11.82,31721.3,34439.8,-0.3562,-0.6687,146.6,96.7,0.532
11.84,31849.0,34668.7,-0.1838,-0.3974,146.6,96.7,0.532
11.86,31914.0,34964.1,-0.096,-0.0473,146.6,96.7,0.532
11.88,32278.2,35298.8,0.3959,0.3492,146.6,96.7,0.532
11.9,32340.9,35595.7,0.4805,0.7011,146.6,96.7,0.532
11.92,32348.1,35866.8,0.4902,1.0224,146.6,96.7,0.532
11.94,32283.9,35609.5,0.4035,0.7174,146.6,96.7,0.532
11.96,32180.7,35594.0,0.2642,0.6991,146.6,96.7,0.532
11.98,32100.0,35270.4,0.1552,0.3156,146.6,96.7,0.532
12.0,32138.1,35131.2,0.2066,0.1507,146.6,96.7,0.532
12.02,32081.2,35069.2,0.1298,0.0772,146.6,96.7,0.532
12.04,32038.6,35200.8,0.0722,0.2332,146.6,96.7,0.532
12.06,31950.8,35053.8,-0.0464,0.059,146.6,96.7,0.532
12.08,31945.6,34809.0,-0.0534,-0.2311,146.6,96.7,0.532
12.1,31863.5,34802.8,-0.1642,-0.2385,146.6,96.7,0.532
12.12,31831.5,34650.7,-0.2074,-0.4187,146.6,96.7,0.532
12.14,31886.3,34654.5,-0.1333,-0.4142,146.6,96.7,0.532
12.16,31817.7,34712.3,-0.226,-0.3457,146.6,96.7,0.532
12.18,31746.2,34581.2,-0.3226,-0.501,146.6,96.7,0.532
12.2,31784.5,34404.3,-0.2708,-0.7107,146.6,96.7,0.532
12.22,31727.0,34365.4,-0.3484,-0.7569,146.6,96.7,0.532
12.24,31820.1,34497.3,-0.2228,-0.6005,146.6,96.7,0.532
12.26,31878.8,34787.5,-0.1435,-0.2566,146.6,96.7,0.532
12.28,32107.3,35219.1,0.165,0.2548,146.6,96.7,0.532
12.3,32299.9,35432.4,0.4251,0.5075,146.6,96.7,0.532
12.32,32248.8,35679.1,0.3561,0.7999,146.6,96.7,0.532
12.34,32344.1,35775.7,0.4848,0.9144,146.6,96.7,0.532
12.36,32269.0,35603.1,0.3834,0.7098,146.6,96.7,0.532
12.38,32106.0,35291.9,0.1633,0.341,146.6,96.7,0.532
12.4,31993.9,35268.3,0.012,0.3131,146.6,96.7,0.532
12.42,32052.3,35199.6,0.0908,0.2317,146.6,96.7,0.532
12.44,32032.7,35047.9,0.0644,0.052,146.6,96.7,0.532
12.46,31967.6,35056.3,-0.0235,0.0619,146.6,96.7,0.532
12.48,31929.4,34786.8,-0.0752,-0.2574,146.6,96.7,0.532
12.5,31774.9,34867.8,-0.2838,-0.1615,146.6,96.7,0.532
12.52,31897.9,34802.3,-0.1177,-0.2391,146.6,96.7,0.532
12.54,31779.2,34640.3,-0.2779,-0.431,146.6,96.7,0.532
12.56,31862.3,34648.6,-0.1657,-0.4212,146.6,96.7,0.532
12.58,31759.3,34656.4,-0.3048,-0.412,146.6,96.7,0.532
12.6,31700.6,34544.0,-0.3842,-0.5452,146.6,96.7,0.532
12.62,31734.7,34509.6,-0.3381,-0.5859,146.6,96.7,0.532
12.64,31763.9,34538.6,-0.2987,-0.5516,146.6,96.7,0.532
12.66,31896.2,34645.0,-0.12,-0.4255,146.6,96.7,0.532
12.68,31981.1,34952.2,-0.0053,-0.0615,146.6,96.7,0.532
12.7,32203.3,35327.4,0.2947,0.3831,146.6,96.7,0.532
12.72,32269.4,35623.2,0.384,0.7337,146.6,96.7,0.532
12.74,32353.3,35843.6,0.4973,0.9948,146.6,96.7,0.532
12.76,32341.8,35678.4,0.4817,0.7991,146.6,96.7,0.532
12.78,32278.7,35481.2,0.3965,0.5654,146.6,96.7,0.532
12.8,32104.4,35308.5,0.1612,0.3608,146.6,96.7,0.532
12.82,32099.1,35150.5,0.154,0.1736,146.6,96.7,0.532
12.84,32068.6,35017.6,0.1127,0.0161,146.6,96.7,0.532
12.86,32003.2,35033.0,0.0245,0.0343,146.6,96.7,0.532
12.88,32055.8,34952.6,0.0955,-0.061,146.6,96.7,0.532
12.9,31915.8,34867.7,-0.0936,-0.1616,146.6,96.7,0.532
12.92,31909.9,34731.4,-0.1015,-0.3231,146.6,96.7,0.532
12.94,31861.3,34702.6,-0.1671,-0.3573,146.6,96.7,0.532
12.96,31834.1,34565.6,-0.2039,-0.5196,146.6,96.7,0.532
12.98,31760.7,34556.8,-0.3029,-0.53,146.6,96.7,0.532
13.0,31713.0,34630.5,-0.3674,-0.4427,146.6,96.7,0.532
13.02,31666.9,34386.1,-0.4296,-0.7323,146.6,96.7,0.532
13.04,31673.5,34496.6,-0.4208,-0.6014,146.6,96.7,0.532
13.06,31756.0,34519.5,-0.3093,-0.5742,146.6,96.7,0.532
13.08,31971.3,34780.8,-0.0186,-0.2646,146.6,96.7,0.532
13.1,32070.3,35184.5,0.1151,0.2138,146.6,96.7,0.532
13.12,32201.9,35582.4,0.2928,0.6854,146.6,96.7,0.532
13.14,32329.7,35681.6,0.4653,0.8029,146.6,96.7,0.532
13.16,32394.5,35682.0,0.5528,0.8034,146.6,96.7,0.532
13.18,32263.9,35613.7,0.3766,0.7225,146.6,96.7,0.532
13.2,32278.1,35286.3,0.3956,0.3344,146.6,96.7,0.532
13.22,32162.2,35325.6,0.2392,0.381,146.6,96.7,0.532
13.24,32038.8,35190.6,0.0725,0.221,146.6,96.7,0.532
13.26,32092.0,35072.5,0.1444,0.0811,146.6,96.7,0.532
13.28,31977.1,35053.1,-0.0107,0.0581,146.6,96.7,0.532
13.3,31905.4,34903.1,-0.1076,-0.1197,146.6,96.7,0.532
13.32,31899.1,34760.9,-0.1162,-0.2881,146.6,96.7,0.532
13.34,31877.3,34727.2,-0.1456,-0.3281,146.6,96.7,0.532
13.36,31800.0,34627.5,-0.25,-0.4462,146.6,96.7,0.532
13.38,31778.6,34588.5,-0.2788,-0.4925,146.6,96.7,0.532
13.4,31797.9,34710.5,-0.2528,-0.3479,146.6,96.7,0.532
13.42,31803.1,34469.8,-0.2458,-0.6331,146.6,96.7,0.532
13.44,31735.8,34508.8,-0.3367,-0.5869,146.6,96.7,0.532
13.46,31718.8,34480.1,-0.3596,-0.6209,146.6,96.7,0.532
13.48,31823.2,34608.3,-0.2186,-0.469,146.6,96.7,0.532
13.5,31977.0,35136.3,-0.011,0.1567,146.6,96.7,0.532
13.52,32142.8,35331.9,0.213,0.3884,146.6,96.7,0.532
13.54,32352.3,35666.2,0.4958,0.7847,146.6,96.7,0.532
13.56,32319.1,35818.3,0.451,0.9648,146.6,96.7,0.532
13.58,32356.3,35623.4,0.5012,0.7339,146.6,96.7,0.532
13.6,32241.9,35476.1,0.3468,0.5593,146.6,96.7,0.532
13.62,32114.8,35247.3,0.1752,0.2883,146.6,96.7,0.532
13.64,31984.7,35059.3,-0.0005,0.0654,146.6,96.7,0.532
13.66,32055.8,35047.1,0.0955,0.051,146.6,96.7,0.532
13.68,32024.7,35046.3,0.0535,0.05,146.6,96.7,0.532
13.7,32032.5,34903.3,0.0641,-0.1194,146.6,96.7,0.532
13.72,31832.9,34757.5,-0.2056,-0.2922,146.6,96.7,0.532
13.74,31900.9,34685.3,-0.1137,-0.3778,146.6,96.7,0.532
13.76,31855.2,34592.5,-0.1754,-0.4877,146.6,96.7,0.532
13.78,31891.2,34719.4,-0.1267,-0.3373,146.6,96.7,0.532
13.8,31786.8,34598.6,-0.2677,-0.4805,146.6,96.7,0.532
13.82,31742.4,34614.1,-0.3277,-0.4621,146.6,96.7,0.532
13.84,31780.4,34468.2,-0.2764,-0.635,146.6,96.7,0.532
13.86,31667.4,34477.9,-0.429,-0.6235,146.6,96.7,0.532
13.88,31850.1,34604.9,-0.1822,-0.473,146.6,96.7,0.532
13.9,31892.9,34811.0,-0.1244,-0.2288,146.6,96.7,0.532
13.92,32150.7,35251.4,0.2236,0.2931,146.6,96.7,0.532
13.94,32269.6,35631.7,0.3842,0.7438,146.6,96.7,0.532
13.96,32432.5,35653.7,0.6042,0.7699,146.6,96.7,0.532
13.98,32357.3,35803.9,0.5026,0.9478,146.6,96.7,0.532
14.0,32340.2,35564.2,0.4795,0.6638,146.6,96.7,0.532
14.02,32177.8,35358.5,0.2603,0.42,146.6,96.7,0.532
14.04,32145.1,35237.3,0.2161,0.2764,146.6,96.7,0.532
14.06,32068.0,35215.6,0.1119,0.2507,146.6,96.7,0.532
14.08,31965.4,35019.4,-0.0266,0.0181,146.6,96.7,0.532
14.1,32063.4,35026.1,0.1057,0.0261,146.6,96.7,0.532
14.12,31931.2,34880.1,-0.0727,-0.1469,146.6,96.7,0.532
14.14,31980.8,34855.1,-0.0057,-0.1765,146.6,96.7,0.532
14.16,31817.0,34599.0,-0.227,-0.48,146.6,96.7,0.532
14.18,31843.4,34660.5,-0.1913,-0.4071,146.6,96.7,0.532
14.2,31747.5,34678.6,-0.3208,-0.3857,146.6,96.7,0.532
14.22,31833.5,34652.6,-0.2046,-0.4165,146.6,96.7,0.532
14.24,31714.9,34443.7,-0.3649,-0.664,146.6,96.7,0.532
14.26,31834.8,34439.2,-0.2029,-0.6693,146.6,96.7,0.532
14.28,31771.5,34447.8,-0.2885,-0.6592,146.6,96.7,0.532
14.3,31752.2,34750.9,-0.3145,-0.3,146.6,96.7,0.532
14.32,32019.9,34992.6,0.047,-0.0135,146.6,96.7,0.532
14.34,32143.6,35284.3,0.214,0.332,146.6,96.7,0.532
14.36,32377.7,35682.6,0.5302,0.8041,146.6,96.7,0.532
14.38,32400.1,35805.5,0.5604,0.9498,146.6,96.7,0.532
14.4,32249.5,35620.8,0.357,0.7309,146.6,96.7,0.532
14.42,32270.4,35553.7,0.3853,0.6514,146.6,96.7,0.532
14.44,32135.2,35263.9,0.2027,0.3079,146.6,96.7,0.532
14.46,32094.3,35118.0,0.1475,0.135,146.6,96.7,0.532
14.48,32065.2,35085.0,0.1082,0.0959,146.6,96.7,0.532
14.5,32017.9,35077.1,0.0444,0.0866,146.6,96.7,0.532
14.52,32014.2,34956.7,0.0394,-0.0562,146.6,96.7,0.532
14.54,31950.9,34963.4,-0.0461,-0.0482,146.6,96.7,0.532
14.56,31896.8,34683.3,-0.1192,-0.3801,146.6,96.7,0.532
14.58,31862.1,34722.3,-0.1661,-0.3339,146.6,96.7,0.532
14.6,31780.1,34690.5,-0.2768,-0.3716,146.6,96.7,0.532
14.62,31872.6,34644.6,-0.1519,-0.426,146.6,96.7,0.532
14.64,31800.1,34525.6,-0.2498,-0.567,146.6,96.7,0.532
14.66,31703.8,34576.3,-0.3799,-0.5069,146.6,96.7,0.532
14.68,31756.7,34422.5,-0.3084,-0.6892,146.6,96.7,0.532
14.7,31761.8,34686.0,-0.3015,-0.377,146.6,96.7,0.532
14.72,31997.0,34791.6,0.016,-0.2518,146.6,96.7,0.532
14.74,32054.5,35257.9,0.0938,0.3008,146.6,96.7,0.532
14.76,32248.6,35516.2,0.3559,0.6069,146.6,96.7,0.532
14.78,32371.3,35800.4,0.5215,0.9437,146.6,96.7,0.532
14.8,32349.5,35705.2,0.4921,0.8308,146.6,96.7,0.532
14.82,32230.8,35500.5,0.3317,0.5883,146.6,96.7,0.532
14.84,32218.7,35272.3,0.3154,0.3179,146.6,96.7,0.532
14.86,32086.9,35089.9,0.1374,0.1017,146.6,96.7,0.532
14.88,32058.5,35132.1,0.0992,0.1517,146.6,96.7,0.532
14.9,32002.6,35116.9,0.0236,0.1337,146.6,96.7,0.532
14.92,31910.2,34986.6,-0.1011,-0.0207,146.6,96.7,0.532
14.94,31964.2,34893.4,-0.0282,-0.1311,146.6,96.7,0.532
14.96,31850.7,34891.2,-0.1815,-0.1337,146.6,96.7,0.532
14.98,31899.6,34707.5,-0.1154,-0.3515,146.6,96.7,0.532
15.0,31796.3,34670.1,-0.2549,-0.3958,146.6,96.7,0.532
15.02,31815.8,34680.6,-0.2286,-0.3833,146.6,96.7,0.532
15.04,31806.2,34642.8,-0.2416,-0.4282,146.6,96.7,0.532
15.06,31709.6,34470.4,-0.3721,-0.6324,146.6,96.7,0.532
15.08,31782.0,34463.1,-0.2743,-0.6411,146.6,96.7,0.532
15.1,31771.3,34538.1,-0.2886,-0.5521,146.6,96.7,0.532
15.12,31901.0,34790.5,-0.1135,-0.2531,146.6,96.7,0.532
15.14,31984.1,35008.9,-0.0013,0.0058,146.6,96.7,0.532
15.16,32172.1,35392.5,0.2526,0.4603,146.6,96.7,0.532
15.18,32411.3,35648.7,0.5755,0.7639,146.6,96.7,0.532
15.2,32345.3,35738.3,0.4864,0.8701,146.6,96.7,0.532
15.22,32381.0,35574.6,0.5346,0.6761,146.6,96.7,0.532
15.24,32311.4,35427.8,0.4406,0.5021,146.6,96.7,0.532
15.26,32051.9,35345.8,0.0902,0.405,146.6,96.7,0.532
15.28,32049.2,35135.8,0.0866,0.1562,146.6,96.7,0.532
15.3,31929.1,35049.9,-0.0756,0.0543,146.6,96.7,0.532
15.32,31981.7,35050.5,-0.0045,0.055,146.6,96.7,0.532
15.34,31948.5,35000.7,-0.0493,-0.004,146.6,96.7,0.532
15.36,31893.5,34838.3,-0.1236,-0.1964,146.6,96.7,0.532
15.38,31878.9,34713.8,-0.1434,-0.344,146.6,96.7,0.532
15.4,31781.3,34646.6,-0.2752,-0.4236,146.6,96.7,0.532
15.42,31868.1,34638.7,-0.1579,-0.4329,146.6,96.7,0.532
15.44,31846.9,34575.0,-0.1865,-0.5084,146.6,96.7,0.532
15.46,31827.2,34532.3,-0.2132,-0.559,146.6,96.7,0.532
15.48,31799.8,34525.7,-0.2502,-0.5669,146.6,96.7,0.532
15.5,31823.0,34425.9,-0.2188,-0.6852,146.6,96.7,0.532
15.52,31797.4,34624.8,-0.2534,-0.4494,146.6,96.7,0.532
15.54,31938.3,34851.4,-0.0632,-0.1809,146.6,96.7,0.532
15.56,32184.2,35249.2,0.2688,0.2905,146.6,96.7,0.532
15.58,32311.6,35636.6,0.4409,0.7495,146.6,96.7,0.532
15.6,32392.5,35747.4,0.5502,0.8808,146.6,96.7,0.532
15.62,32274.3,35798.9,0.3906,0.9419,146.6,96.7,0.532
15.64,32293.1,35547.6,0.4159,0.6441,146.6,96.7,0.532
15.66,32208.2,35354.7,0.3013,0.4155,146.6,96.7,0.532
15.68,32019.1,35227.6,0.046,0.2648,146.6,96.7,0.532
15.7,31977.5,35123.2,-0.0103,0.1412,146.6,96.7,0.532
15.72,32017.5,35132.0,0.0438,0.1516,146.6,96.7,0.532
15.74,31963.9,34956.5,-0.0286,-0.0564,146.6,96.7,0.532
15.76,31966.2,34928.8,-0.0255,-0.0892,146.6,96.7,0.532
15.78,31959.1,34774.0,-0.0351,-0.2726,146.6,96.7,0.532
15.8,31778.6,34734.4,-0.2789,-0.3196,146.6,96.7,0.532
15.82,31867.0,34601.7,-0.1594,-0.4768,146.6,96.7,0.532
15.84,31842.3,34656.7,-0.1927,-0.4117,146.6,96.7,0.532
15.86,31734.3,34662.9,-0.3386,-0.4043,146.6,96.7,0.532
15.88,31706.9,34489.2,-0.3757,-0.6101,146.6,96.7,0.532
15.9,31763.2,34467.5,-0.2996,-0.6359,146.6,96.7,0.532
15.92,31707.5,34466.7,-0.3748,-0.6368,146.6,96.7,0.532
15.94,31923.8,34705.9,-0.0827,-0.3534,146.6,96.7,0.532
15.96,32075.3,35049.6,0.1219,0.054,146.6,96.7,0.532
15.98,32149.0,35474.7,0.2213,0.5578,146.6,96.7,0.532
16.0,32319.2,35719.8,0.4511,0.8481,146.6,96.7,0.532
16.02,32355.6,35764.8,0.5004,0.9015,146.6,96.7,0.532
16.04,32292.5,35748.5,0.4151,0.8822,146.6,96.7,0.532
16.06,32216.7,35469.3,0.3128,0.5514,146.6,96.7,0.532
16.08,32162.5,35202.0,0.2395,0.2345,146.6,96.7,0.532
16.1,32069.6,35122.4,0.1142,0.1403,146.6,96.7,0.532
16.12,32061.6,35045.9,0.1033,0.0495,146.6,96.7,0.532
16.14,31982.7,35009.1,-0.0031,0.006,146.6,96.7,0.532
16.16,32030.0,34969.2,0.0607,-0.0413,146.6,96.7,0.532
16.18,31979.9,34826.0,-0.007,-0.211,146.6,96.7,0.532
16.2,31828.0,34790.1,-0.2121,-0.2535,146.6,96.7,0.532
16.22,31721.2,34666.8,-0.3563,-0.3997,146.6,96.7,0.532
16.24,31860.5,34635.3,-0.1682,-0.437,146.6,96.7,0.532
16.26,31863.5,34602.3,-0.1641,-0.4761,146.6,96.7,0.532
16.28,31806.7,34662.9,-0.2409,-0.4043,146.6,96.7,0.532
16.3,31733.5,34423.7,-0.3398,-0.6878,146.6,96.7,0.532
16.32,31744.0,34456.1,-0.3256,-0.6493,146.6,96.7,0.532
16.34,31867.6,34621.4,-0.1587,-0.4534,146.6,96.7,0.532
16.36,32035.4,34876.9,0.068,-0.1507,146.6,96.7,0.532
16.38,32074.7,35305.4,0.1211,0.3571,146.6,96.7,0.532
16.4,32353.7,35598.5,0.4978,0.7044,146.6,96.7,0.532
16.42,32362.2,35671.3,0.5092,0.7907,146.6,96.7,0.532
16.44,32302.6,35717.7,0.4288,0.8457,146.6,96.7,0.532
16.46,32271.6,35530.6,0.3869,0.624,146.6,96.7,0.532
16.48,32193.9,35299.1,0.282,0.3497,146.6,96.7,0.532
16.5,32029.7,35147.1,0.0602,0.1695,146.6,96.7,0.532
16.52,32096.1,35115.3,0.1499,0.1318,146.6,96.7,0.532
16.54,32008.9,35144.2,0.0322,0.1661,146.6,96.7,0.532
16.56,31974.2,34949.5,-0.0147,-0.0647,146.6,96.7,0.532
16.58,31901.5,34868.8,-0.1129,-0.1603,146.6,96.7,0.532
16.6,31829.7,34877.3,-0.2098,-0.1503,146.6,96.7,0.532
16.62,31909.9,34647.7,-0.1015,-0.4223,146.6,96.7,0.532
16.64,31831.4,34672.2,-0.2075,-0.3932,146.6,96.7,0.532
16.66,31787.5,34705.7,-0.2668,-0.3535,146.6,96.7,0.532
16.68,31806.9,34667.0,-0.2406,-0.3994,146.6,96.7,0.532
16.7,31827.5,34454.9,-0.2128,-0.6508,146.6,96.7,0.532
16.72,31777.4,34464.5,-0.2805,-0.6394,146.6,96.7,0.532
16.74,31743.7,34501.6,-0.3259,-0.5954,146.6,96.7,0.532
16.76,31931.5,34787.3,-0.0724,-0.2569,146.6,96.7,0.532
16.78,32062.2,35043.8,0.1042,0.0471,146.6,96.7,0.532
16.8,32321.3,35453.0,0.454,0.5319,146.6,96.7,0.532
16.82,32374.6,35597.1,0.5259,0.7028,146.6,96.7,0.532
16.84,32453.4,35767.7,0.6323,0.9049,146.6,96.7,0.532
16.86,32318.6,35653.3,0.4504,0.7694,146.6,96.7,0.532
16.88,32222.9,35438.8,0.3212,0.5152,146.6,96.7,0.532
16.9,31959.4,35247.1,-0.0347,0.288,146.6,96.7,0.532
16.92,32110.5,35181.3,0.1694,0.21,146.6,96.7,0.532
16.94,31996.4,35063.0,0.0153,0.0699,146.6,96.7,0.532
16.96,32114.5,35077.3,0.1747,0.0868,146.6,96.7,0.532
16.98,32040.0,34902.6,0.0741,-0.1202,146.6,96.7,0.532
17.0,31885.8,34742.9,-0.1341,-0.3095,146.6,96.7,0.532
17.02,31847.4,34751.5,-0.1859,-0.2992,146.6,96.7,0.532
17.04,31889.9,34555.5,-0.1286,-0.5315,146.6,96.7,0.532
17.06,31843.7,34698.6,-0.1909,-0.362,146.6,96.7,0.532
17.08,31775.5,34622.2,-0.283,-0.4525,146.6,96.7,0.532
17.1,31868.5,34547.9,-0.1575,-0.5405,146.6,96.7,0.532
17.12,31714.9,34460.5,-0.3648,-0.6441,146.6,96.7,0.532
17.14,31759.0,34476.6,-0.3053,-0.6251,146.6,96.7,0.532
17.16,31782.1,34576.8,-0.2741,-0.5063,146.6,96.7,0.532
17.18,32015.5,34919.0,0.0411,-0.1008,146.6,96.7,0.532
17.2,32171.0,35273.0,0.2511,0.3187,146.6,96.7,0.532
17.22,32334.9,35645.0,0.4724,0.7596,146.6,96.7,0.532
17.24,32346.8,35674.9,0.4884,0.7949,146.6,96.7,0.532
17.26,32331.6,35707.8,0.4679,0.834,146.6,96.7,0.532
17.28,32212.8,35502.8,0.3074,0.591,146.6,96.7,0.532
17.3,32147.1,35218.2,0.2188,0.2537,146.6,96.7,0.532
17.32,32062.8,35106.5,0.1049,0.1214,146.6,96.7,0.532
17.34,32004.6,35067.2,0.0263,0.0748,146.6,96.7,0.532
17.36,32016.3,35048.8,0.0422,0.053,146.6,96.7,0.532
17.38,31993.8,34898.0,0.0118,-0.1257,146.6,96.7,0.532
17.4,31876.4,34888.2,-0.1468,-0.1373,146.6,96.7,0.532
17.42,31800.8,34790.3,-0.2488,-0.2533,146.6,96.7,0.532
17.44,31853.8,34679.5,-0.1772,-0.3847,146.6,96.7,0.532
17.46,31840.1,34623.8,-0.1957,-0.4506,146.6,96.7,0.532
17.48,31849.6,34698.7,-0.1829,-0.3619,146.6,96.7,0.532
17.5,31751.1,34655.8,-0.3159,-0.4126,146.6,96.7,0.532
17.52,31811.6,34541.2,-0.2343,-0.5485,146.6,96.7,0.532
17.54,31814.5,34463.1,-0.2304,-0.641,146.6,96.7,0.532
17.56,31745.7,34468.1,-0.3232,-0.6352,146.6,96.7,0.532
17.58,31960.4,34810.3,-0.0333,-0.2296,146.6,96.7,0.532
17.6,32057.9,35163.7,0.0984,0.1892,146.6,96.7,0.532
17.62,32235.4,35545.0,0.3381,0.641,146.6,96.7,0.532
17.64,32363.9,35752.9,0.5115,0.8874,146.6,96.7,0.532
17.66,32424.3,35760.0,0.593,0.8958,146.6,96.7,0.532
17.68,32233.7,35650.1,0.3357,0.7656,146.6,96.7,0.532
17.7,32174.8,35470.2,0.2562,0.5524,146.6,96.7,0.532
17.72,32226.4,35205.3,0.3259,0.2384,146.6,96.7,0.532
17.74,32048.6,35138.2,0.0857,0.159,146.6,96.7,0.532
17.76,32019.9,35110.3,0.0471,0.1258,146.6,96.7,0.532
17.78,31995.8,34946.9,0.0145,-0.0677,146.6,96.7,0.532
17.8,31933.2,34912.7,-0.0701,-0.1083,146.6,96.7,0.532
17.82,31960.5,34764.5,-0.0331,-0.2838,146.6,96.7,0.532
17.84,31818.4,34733.2,-0.225,-0.321,146.6,96.7,0.532
17.86,31951.4,34680.2,-0.0454,-0.3838,146.6,96.7,0.532
17.88,31802.5,34561.0,-0.2465,-0.525,146.6,96.7,0.532
17.9,31865.7,34549.3,-0.1612,-0.5389,146.6,96.7,0.532
17.92,31862.2,34498.9,-0.1659,-0.5987,146.6,96.7,0.532
17.94,31797.8,34403.0,-0.2529,-0.7122,146.6,96.7,0.532
17.96,31758.8,34485.1,-0.3056,-0.615,146.6,96.7,0.532
17.98,31804.1,34652.7,-0.2443,-0.4164,146.6,96.7,0.532
18.0,31909.5,34967.3,-0.102,-0.0436,146.6,96.7,0.532
18.02,32156.5,35310.9,0.2315,0.3637,146.6,96.7,0.532
18.04,32294.4,35564.5,0.4177,0.6641,146.6,96.7,0.532
18.06,32407.7,35750.9,0.5706,0.885,146.6,96.7,0.532
18.08,32256.5,35580.7,0.3665,0.6833,146.6,96.7,0.532
18.1,32194.1,35510.8,0.2823,0.6005,146.6,96.7,0.532
18.12,32122.4,35386.3,0.1854,0.453,146.6,96.7,0.532
18.14,32055.3,35271.8,0.0948,0.3173,146.6,96.7,0.532
18.16,32061.2,35142.2,0.1028,0.1637,146.6,96.7,0.532
18.18,31900.8,35044.7,-0.1138,0.0482,146.6,96.7,0.532
18.2,31918.9,34936.6,-0.0894,-0.0799,146.6,96.7,0.532
18.22,31916.7,34814.8,-0.0924,-0.2243,146.6,96.7,0.532
18.24,31898.2,34748.6,-0.1174,-0.3027,146.6,96.7,0.532
18.26,31855.2,34669.8,-0.1754,-0.3961,146.6,96.7,0.532
18.28,31796.9,34686.3,-0.2542,-0.3766,146.6,96.7,0.532
18.3,31824.2,34672.9,-0.2173,-0.3925,146.6,96.7,0.532
18.32,31832.2,34584.8,-0.2064,-0.4968,146.6,96.7,0.532
18.34,31687.5,34387.7,-0.4018,-0.7304,146.6,96.7,0.532
18.36,31715.6,34535.6,-0.3639,-0.5551,146.6,96.7,0.532
18.38,31808.7,34600.0,-0.2382,-0.4788,146.6,96.7,0.532
18.4,31824.2,34839.5,-0.2173,-0.1951,146.6,96.7,0.532
18.42,32105.5,35187.8,0.1626,0.2177,146.6,96.7,0.532
18.44,32243.3,35510.4,0.3487,0.6,146.6,96.7,0.532
18.46,32365.8,35653.3,0.5141,0.7694,146.6,96.7,0.532
18.48,32249.0,35767.0,0.3563,0.9041,146.6,96.7,0.532
18.5,32227.4,35605.6,0.3272,0.7128,146.6,96.7,0.532
18.52,32229.1,35427.4,0.3295,0.5016,146.6,96.7,0.532
18.54,32022.1,35227.6,0.05,0.2649,146.6,96.7,0.532
18.56,32098.8,35173.9,0.1536,0.2012,146.6,96.7,0.532
18.58,32066.4,35026.9,0.1098,0.0271,146.6,96.7,0.532
18.6,31995.8,34952.8,0.0144,-0.0608,146.6,96.7,0.532
18.62,31937.5,34880.4,-0.0643,-0.1466,146.6,96.7,0.532
18.64,31888.6,34776.0,-0.1302,-0.2703,146.6,96.7,0.532
18.66,31827.3,34665.2,-0.2131,-0.4016,146.6,96.7,0.532
18.68,31838.5,34718.2,-0.1979,-0.3388,146.6,96.7,0.532
18.7,31743.1,34681.3,-0.3268,-0.3824,146.6,96.7,0.532
18.72,31851.0,34644.4,-0.1811,-0.4262,146.6,96.7,0.532
18.74,31859.4,34535.1,-0.1697,-0.5558,146.6,96.7,0.532
18.76,31657.4,34466.1,-0.4425,-0.6375,146.6,96.7,0.532
18.78,31686.6,34452.7,-0.4031,-0.6534,146.6,96.7,0.532
18.8,31865.0,34574.8,-0.1621,-0.5086,146.6,96.7,0.532
18.82,32064.5,34976.9,0.1072,-0.0322,146.6,96.7,0.532
18.84,32075.9,35376.4,0.1227,0.4412,146.6,96.7,0.532
18.86,32306.5,35759.5,0.434,0.8952,146.6,96.7,0.532
18.88,32295.3,35775.4,0.4189,0.9141,146.6,96.7,0.532
18.9,32410.8,35699.4,0.5749,0.824,146.6,96.7,0.532
18.92,32320.7,35460.7,0.4532,0.5411,146.6,96.7,0.532
18.94,32114.0,35187.9,0.1741,0.2179,146.6,96.7,0.532
18.96,32134.8,35113.0,0.2022,0.1291,146.6,96.7,0.532
18.98,32091.9,35094.9,0.1442,0.1077,146.6,96.7,0.532
19.0,31975.6,34990.5,-0.0128,-0.0161,146.6,96.7,0.532
19.02,31991.8,34927.2,0.009,-0.0911,146.6,96.7,0.532
19.04,31945.6,34867.1,-0.0534,-0.1623,146.6,96.7,0.532
19.06,31828.8,34682.6,-0.211,-0.3809,146.6,96.7,0.532
19.08,31832.0,34659.0,-0.2068,-0.409,146.6,96.7,0.532
19.1,31853.6,34605.6,-0.1775,-0.4721,146.6,96.7,0.532
19.12,31879.7,34654.5,-0.1423,-0.4142,146.6,96.7,0.532
19.14,31809.0,34489.7,-0.2378,-0.6096,146.6,96.7,0.532
19.16,31818.3,34456.2,-0.2252,-0.6492,146.6,96.7,0.532
19.18,31704.7,34427.6,-0.3786,-0.6831,146.6,96.7,0.532
19.2,31799.9,34451.3,-0.2501,-0.655,146.6,96.7,0.532
19.22,31812.6,34870.5,-0.2329,-0.1582,146.6,96.7,0.532
19.24,31993.4,35159.8,0.0113,0.1845,146.6,96.7,0.532
19.26,32355.3,35488.8,0.4999,0.5744,146.6,96.7,0.532
19.28,32437.0,35771.1,0.6103,0.909,146.6,96.7,0.532
19.3,32353.5,35787.6,0.4975,0.9285,146.6,96.7,0.532
19.32,32219.2,35475.6,0.3162,0.5588,146.6,96.7,0.532
19.34,32282.8,35340.8,0.402,0.3991,146.6,96.7,0.532
19.36,32192.5,35224.3,0.28,0.261,146.6,96.7,0.532
19.38,32112.7,35117.1,0.1724,0.1339,146.6,96.7,0.532
19.4,32036.3,35131.4,0.0691,0.1509,146.6,96.7,0.532
19.42,32034.9,35031.9,0.0673,0.033,146.6,96.7,0.532
19.44,31947.2,34876.2,-0.0512,-0.1515,146.6,96.7,0.532
19.46,31859.4,34751.2,-0.1697,-0.2997,146.6,96.7,0.532
19.48,31894.7,34770.7,-0.122,-0.2765,146.6,96.7,0.532
19.5,31880.5,34765.8,-0.1412,-0.2823,146.6,96.7,0.532
19.52,31753.9,34704.5,-0.3122,-0.3549,146.6,96.7,0.532
19.54,31779.2,34636.1,-0.2781,-0.436,146.6,96.7,0.532
19.56,31726.9,34508.5,-0.3486,-0.5872,146.6,96.7,0.532
19.58,31693.9,34458.4,-0.3931,-0.6466,146.6,96.7,0.532
19.6,31777.1,34416.7,-0.2808,-0.6961,146.6,96.7,0.532
19.62,31857.6,34601.4,-0.1722,-0.4772,146.6,96.7,0.532
19.64,32002.3,35039.7,0.0232,0.0422,146.6,96.7,0.532
19.66,32102.5,35369.5,0.1586,0.433,146.6,96.7,0.532
19.68,32292.1,35588.1,0.4145,0.6921,146.6,96.7,0.532
19.7,32371.1,35766.6,0.5212,0.9037,146.6,96.7,0.532
19.72,32352.9,35638.0,0.4967,0.7513,146.6,96.7,0.532
19.74,32190.7,35477.4,0.2776,0.561,146.6,96.7,0.532
19.76,32173.7,35288.9,0.2547,0.3375,146.6,96.7,0.532
19.78,32067.6,35190.3,0.1114,0.2207,146.6,96.7,0.532
19.8,32056.9,35026.2,0.097,0.0262,146.6,96.7,0.532
19.82,32072.7,35042.4,0.1183,0.0454,146.6,96.7,0.532
19.84,31929.7,34918.8,-0.0748,-0.101,146.6,96.7,0.532
19.86,31865.1,34847.1,-0.1621,-0.1859,146.6,96.7,0.532
19.88,31877.3,34724.4,-0.1455,-0.3314,146.6,96.7,0.532
19.9,31745.9,34666.3,-0.323,-0.4003,146.6,96.7,0.532
19.92,31793.2,34668.6,-0.259,-0.3975,146.6,96.7,0.532
19.94,31889.5,34652.4,-0.129,-0.4167,146.6,96.7,0.532
19.96,31793.9,34532.7,-0.2582,-0.5586,146.6,96.7,0.532
19.98,31744.4,34436.0,-0.325,-0.6731,146.6,96.7,0.532
20.0,31698.1,34522.1,-0.3875,-0.5711,146.6,96.7,0.532
20.02,31883.8,34565.0,-0.1367,-0.5203,146.6,96.7,0.532
20.04,31912.2,34786.5,-0.0984,-0.2578,146.6,96.7,0.532
20.06,32011.7,35179.1,0.036,0.2074,146.6,96.7,0.532
20.08,32199.9,35519.6,0.29,0.6109,146.6,96.7,0.532
20.1,32386.4,35680.5,0.5419,0.8016,146.6,96.7,0.532
20.12,32312.9,35738.4,0.4427,0.8702,146.6,96.7,0.532
20.14,32202.7,35509.8,0.2938,0.5994,146.6,96.7,0.532
20.16,32230.8,35374.7,0.3319,0.4393,146.6,96.7,0.532
20.18,32096.7,35338.1,0.1507,0.3958,146.6,96.7,0.532
20.2,32014.5,35113.5,0.0398,0.1297,146.6,96.7,0.532
20.22,32014.5,35176.2,0.0397,0.204,146.6,96.7,0.532
20.24,32049.7,34952.6,0.0873,-0.0609,146.6,96.7,0.532
20.26,32002.3,35006.0,0.0233,0.0022,146.6,96.7,0.532
20.28,31928.9,34782.7,-0.0758,-0.2623,146.6,96.7,0.532
20.3,31844.9,34736.0,-0.1894,-0.3176,146.6,96.7,0.532
20.32,31751.0,34603.3,-0.3161,-0.4749,146.6,96.7,0.532
20.34,31884.8,34646.8,-0.1355,-0.4234,146.6,96.7,0.532
20.36,31880.6,34615.4,-0.1411,-0.4605,146.6,96.7,0.532
20.38,31736.7,34547.8,-0.3353,-0.5406,146.6,96.7,0.532
20.4,31745.2,34463.2,-0.324,-0.6409,146.6,96.7,0.532
20.42,31750.8,34537.5,-0.3164,-0.5529,146.6,96.7,0.532
20.44,31799.3,34646.6,-0.2508,-0.4236,146.6,96.7,0.532
20.46,31940.3,34988.1,-0.0604,-0.0189,146.6,96.7,0.532
20.48,32202.7,35320.4,0.2939,0.3749,146.6,96.7,0.532
20.5,32237.5,35672.5,0.3409,0.7922,146.6,96.7,0.532
20.52,32400.2,35769.0,0.5605,0.9065,146.6,96.7,0.532
20.54,32215.6,35660.1,0.3113,0.7774,146.6,96.7,0.532
20.56,32275.6,35478.0,0.3923,0.5616,146.6,96.7,0.532
20.58,32044.9,35321.5,0.0808,0.3761,146.6,96.7,0.532
20.6,32054.9,35248.5,0.0942,0.2897,146.6,96.7,0.532
20.62,32017.2,35110.5,0.0433,0.1261,146.6,96.7,0.532
20.64,32087.3,35090.9,0.138,0.1029,146.6,96.7,0.532
20.66,32017.6,35060.5,0.0439,0.0669,146.6,96.7,0.532
20.68,31836.9,34849.1,-0.2001,-0.1837,146.6,96.7,0.532
20.7,31860.6,34689.1,-0.168,-0.3732,146.6,96.7,0.532
20.72,31839.6,34682.1,-0.1965,-0.3815,146.6,96.7,0.532
20.74,31782.8,34720.3,-0.2732,-0.3363,146.6,96.7,0.532
20.76,31867.0,34549.0,-0.1595,-0.5392,146.6,96.7,0.532
20.78,31881.2,34605.8,-0.1402,-0.472,146.6,96.7,0.532
20.8,31782.2,34467.2,-0.2739,-0.6362,146.6,96.7,0.532
20.82,31734.6,34431.3,-0.3382,-0.6787,146.6,96.7,0.532
20.84,31772.1,34618.2,-0.2876,-0.4572,146.6,96.7,0.532
20.86,31949.1,34821.3,-0.0486,-0.2166,146.6,96.7,0.532
20.88,32087.8,35247.2,0.1387,0.2881,146.6,96.7,0.532
20.9,32260.5,35643.6,0.3719,0.7578,146.6,96.7,0.532
20.92,32334.2,35759.3,0.4714,0.895,146.6,96.7,0.532
20.94,32334.2,35754.3,0.4715,0.889,146.6,96.7,0.532
20.96,32325.1,35606.9,0.4591,0.7143,146.6,96.7,0.532
20.98,32255.2,35330.7,0.3648,0.3871,146.6,96.7,0.532
21.0,32076.6,35211.9,0.1236,0.2462,146.6,96.7,0.532
21.02,31976.0,35039.6,-0.0123,0.0421,146.6,96.7,0.532
21.04,31942.6,34993.0,-0.0574,-0.0131,146.6,96.7,0.532
21.06,31958.4,34975.0,-0.036,-0.0344,146.6,96.7,0.532
21.08,31876.1,34917.8,-0.1472,-0.1023,146.6,96.7,0.532
21.1,31855.4,34765.4,-0.1751,-0.2829,146.6,96.7,0.532
21.12,31827.4,34605.8,-0.213,-0.472,146.6,96.7,0.532
21.14,31763.2,34525.9,-0.2996,-0.5667,146.6,96.7,0.532
21.16,31822.0,34698.6,-0.2202,-0.362,146.6,96.7,0.532
21.18,31848.7,34549.4,-0.1842,-0.5388,146.6,96.7,0.532
21.2,31838.1,34535.7,-0.1985,-0.555,146.6,96.7,0.532
21.22,31754.3,34418.3,-0.3116,-0.6941,146.6,96.7,0.532
21.24,31772.7,34538.6,-0.2868,-0.5516,146.6,96.7,0.532
21.26,31852.6,34735.1,-0.179,-0.3187,146.6,96.7,0.532
21.28,32089.4,35025.1,0.1409,0.0249,146.6,96.7,0.532
21.3,32240.7,35373.4,0.3452,0.4377,146.6,96.7,0.532
21.32,32415.3,35704.3,0.5809,0.8298,146.6,96.7,0.532
21.34,32410.9,35797.8,0.575,0.9405,146.6,96.7,0.532
21.36,32286.0,35691.6,0.4063,0.8147,146.6,96.7,0.532
21.38,32111.1,35465.1,0.1702,0.5463,146.6,96.7,0.532
21.4,32206.8,35291.7,0.2993,0.3409,146.6,96.7,0.532
21.42,32013.4,35187.2,0.0382,0.2171,146.6,96.7,0.532
21.44,31985.0,35112.4,-0.0001,0.1284,146.6,96.7,0.532
21.46,32050.3,35062.1,0.0881,0.0688,146.6,96.7,0.532
21.48,31953.7,34905.1,-0.0423,-0.1172,146.6,96.7,0.532
21.5,31909.6,34786.4,-0.102,-0.258,146.6,96.7,0.532
21.52,31899.6,34746.8,-0.1155,-0.3049,146.6,96.7,0.532
21.54,31814.2,34732.1,-0.2308,-0.3223,146.6,96.7,0.532
21.56,31810.3,34667.8,-0.236,-0.3984,146.6,96.7,0.532
21.58,31818.1,34706.9,-0.2255,-0.3522,146.6,96.7,0.532
21.6,31800.4,34566.4,-0.2494,-0.5187,146.6,96.7,0.532
21.62,31706.1,34502.4,-0.3767,-0.5944,146.6,96.7,0.532
21.64,31795.4,34426.6,-0.2562,-0.6843,146.6,96.7,0.532
21.66,31885.5,34658.6,-0.1345,-0.4094,146.6,96.7,0.532
21.68,31952.6,34980.3,-0.0439,-0.0282,146.6,96.7,0.532
21.7,32078.2,35304.0,0.1258,0.3555,146.6,96.7,0.532
21.72,32221.7,35601.3,0.3196,0.7077,146.6,96.7,0.532
21.74,32419.2,35801.4,0.5862,0.9448,146.6,96.7,0.532
21.76,32442.3,35772.5,0.6174,0.9106,146.6,96.7,0.532
21.78,32228.9,35493.9,0.3292,0.5805,146.6,96.7,0.532
21.8,32135.3,35363.2,0.2029,0.4256,146.6,96.7,0.532
21.82,32128.8,35198.0,0.1941,0.2298,146.6,96.7,0.532
21.84,32168.4,35079.5,0.2475,0.0894,146.6,96.7,0.532
21.86,32034.7,35072.2,0.0669,0.0808,146.6,96.7,0.532
21.88,32053.9,35059.8,0.0929,0.066,146.6,96.7,0.532
21.9,32016.7,34948.5,0.0427,-0.0659,146.6,96.7,0.532
21.92,32002.7,34805.2,0.0238,-0.2356,146.6,96.7,0.532
21.94,31825.9,34717.0,-0.2149,-0.3402,146.6,96.7,0.532
21.96,31787.5,34666.1,-0.2668,-0.4005,146.6,96.7,0.532
21.98,31797.1,34646.2,-0.2538,-0.4241,146.6,96.7,0.532
22.0,31867.2,34563.0,-0.1592,-0.5226,146.6,96.7,0.532
22.02,31756.0,34571.2,-0.3093,-0.5129,146.6,96.7,0.532
22.04,31671.0,34434.1,-0.4242,-0.6755,146.6,96.7,0.532
22.06,31724.6,34483.9,-0.3518,-0.6164,146.6,96.7,0.532
22.08,31729.3,34753.3,-0.3454,-0.2971,146.6,96.7,0.532
22.1,31934.3,35144.1,-0.0685,0.1659,146.6,96.7,0.532
22.12,32135.6,35401.4,0.2033,0.4708,146.6,96.7,0.532
22.14,32410.9,35713.1,0.575,0.8402,146.6,96.7,0.532
22.16,32425.1,35722.7,0.5941,0.8516,146.6,96.7,0.532
22.18,32394.9,35615.6,0.5534,0.7247,146.6,96.7,0.532
22.2,32193.1,35390.0,0.2809,0.4573,146.6,96.7,0.532
22.22,32102.8,35214.8,0.159,0.2497,146.6,96.7,0.532
22.24,32075.8,35163.5,0.1225,0.1889,146.6,96.7,0.532
22.26,32103.8,35119.7,0.1603,0.137,146.6,96.7,0.532
22.28,31985.7,35017.0,0.0009,0.0154,146.6,96.7,0.532
22.3,31936.1,34900.7,-0.0662,-0.1224,146.6,96.7,0.532
22.32,31881.7,34884.8,-0.1397,-0.1414,146.6,96.7,0.532
22.34,31844.4,34688.6,-0.19,-0.3739,146.6,96.7,0.532
22.36,31873.0,34605.5,-0.1513,-0.4723,146.6,96.7,0.532
22.38,31850.3,34569.9,-0.182,-0.5145,146.6,96.7,0.532
22.4,31711.3,34648.5,-0.3697,-0.4213,146.6,96.7,0.532
22.42,31712.4,34631.9,-0.3681,-0.4411,146.6,96.7,0.532
22.44,31816.8,34465.2,-0.2273,-0.6386,146.6,96.7,0.532
22.46,31831.8,34403.5,-0.2069,-0.7117,146.6,96.7,0.532
22.48,31860.3,34658.0,-0.1685,-0.4101,146.6,96.7,0.532
22.5,31990.5,34863.6,0.0073,-0.1665,146.6,96.7,0.532
22.52,32147.3,35191.1,0.219,0.2216,146.6,96.7,0.532
22.54,32378.1,35612.3,0.5307,0.7207,146.6,96.7,0.532
22.56,32331.2,35694.4,0.4673,0.818,146.6,96.7,0.532
22.58,32357.7,35615.6,0.5032,0.7246,146.6,96.7,0.532
22.6,32151.5,35477.8,0.2247,0.5613,146.6,96.7,0.532
22.62,32187.9,35353.7,0.2738,0.4144,146.6,96.7,0.532
22.64,32072.4,35156.3,0.1179,0.1804,146.6,96.7,0.532
22.66,32083.9,35126.5,0.1335,0.1451,146.6,96.7,0.532
22.68,32059.2,35071.3,0.1001,0.0797,146.6,96.7,0.532
22.7,31907.9,35098.5,-0.1042,0.112,146.6,96.7,0.532
22.72,32025.7,34961.0,0.0548,-0.051,146.6,96.7,0.532
22.74,31896.7,34833.0,-0.1193,-0.2027,146.6,96.7,0.532
22.76,31779.2,34706.7,-0.278,-0.3524,146.6,96.7,0.532
22.78,31789.9,34669.6,-0.2635,-0.3964,146.6,96.7,0.532
22.8,31822.3,34585.3,-0.2198,-0.4962,146.6,96.7,0.532
22.82,31770.3,34739.6,-0.29,-0.3134,146.6,96.7,0.532
22.84,31810.4,34446.6,-0.2359,-0.6606,146.6,96.7,0.532
22.86,31810.0,34449.2,-0.2364,-0.6575,146.6,96.7,0.532
22.88,31793.9,34530.7,-0.2581,-0.561,146.6,96.7,0.532
22.9,31840.2,34684.3,-0.1956,-0.379,146.6,96.7,0.532
22.92,32111.5,35186.4,0.1707,0.2161,146.6,96.7,0.532
22.94,32198.4,35430.3,0.288,0.5051,146.6,96.7,0.532
22.96,32347.0,35694.5,0.4887,0.8182,146.6,96.7,0.532
22.98,32351.1,35772.1,0.4942,0.9102,146.6,96.7,0.532
23.0,32248.4,35581.1,0.3556,0.6838,146.6,96.7,0.532
23.02,32148.2,35333.6,0.2203,0.3906,146.6,96.7,0.532
23.04,32123.6,35208.0,0.1871,0.2417,146.6,96.7,0.532
23.06,32110.2,35134.3,0.169,0.1543,146.6,96.7,0.532
23.08,32039.7,35152.8,0.0738,0.1763,146.6,96.7,0.532
23.1,31937.4,35025.6,-0.0644,0.0255,146.6,96.7,0.532
23.12,32006.3,35006.9,0.0287,0.0033,146.6,96.7,0.532
23.14,31928.9,34797.7,-0.0759,-0.2446,146.6,96.7,0.532
23.16,31803.7,34679.4,-0.2449,-0.3847,146.6,96.7,0.532
23.18,31877.8,34683.6,-0.1449,-0.3798,146.6,96.7,0.532
23.2,31851.2,34634.9,-0.1808,-0.4375,146.6,96.7,0.532
23.22,31869.4,34694.2,-0.1562,-0.3672,146.6,96.7,0.532
23.24,31829.8,34538.9,-0.2097,-0.5513,146.6,96.7,0.532
23.26,31702.7,34463.4,-0.3814,-0.6407,146.6,96.7,0.532
23.28,31754.2,34456.6,-0.3118,-0.6488,146.6,96.7,0.532
23.3,31795.4,34595.4,-0.2561,-0.4842,146.6,96.7,0.532
23.32,31996.8,34905.6,0.0158,-0.1166,146.6,96.7,0.532
23.34,32117.9,35280.5,0.1794,0.3275,146.6,96.7,0.532
23.36,32311.2,35599.8,0.4403,0.706,146.6,96.7,0.532
23.38,32425.0,35705.6,0.594,0.8313,146.6,96.7,0.532
23.4,32382.8,35738.3,0.5371,0.8701,146.6,96.7,0.532
23.42,32311.6,35550.2,0.4409,0.6472,146.6,96.7,0.532
23.44,32154.2,35335.0,0.2283,0.3922,146.6,96.7,0.532
23.46,32095.2,35244.0,0.1487,0.2843,146.6,96.7,0.532
23.48,32024.1,35045.6,0.0526,0.0492,146.6,96.7,0.532
23.5,32062.8,35068.8,0.1049,0.0768,146.6,96.7,0.532
23.52,32025.3,35012.1,0.0543,0.0095,146.6,96.7,0.532
23.54,31893.2,34848.1,-0.124,-0.1848,146.6,96.7,0.532
23.56,31880.4,34789.4,-0.1413,-0.2543,146.6,96.7,0.532
23.58,31787.0,34689.4,-0.2675,-0.3729,146.6,96.7,0.532
23.6,31920.9,34598.2,-0.0867,-0.4809,146.6,96.7,0.532
23.62,31874.0,34688.2,-0.15,-0.3743,146.6,96.7,0.532
23.64,31770.4,34516.7,-0.2899,-0.5776,146.6,96.7,0.532
23.66,31793.8,34498.6,-0.2583,-0.599,146.6,96.7,0.532
23.68,31750.6,34449.4,-0.3166,-0.6573,146.6,96.7,0.532
23.7,31707.8,34568.2,-0.3744,-0.5165,146.6,96.7,0.532
23.72,31832.6,34752.0,-0.2058,-0.2986,146.6,96.7,0.532
23.74,32074.8,35067.9,0.1212,0.0756,146.6,96.7,0.532
23.76,32216.6,35455.0,0.3126,0.5344,146.6,96.7,0.532
23.78,32384.0,35803.6,0.5387,0.9475,146.6,96.7,0.532
23.8,32274.7,35797.5,0.3911,0.9403,146.6,96.7,0.532
23.82,32270.7,35639.5,0.3857,0.753,146.6,96.7,0.532
23.84,32253.0,35447.3,0.3618,0.5253,146.6,96.7,0.532
23.86,32153.8,35221.0,0.2279,0.2571,146.6,96.7,0.532
23.88,32035.7,35133.8,0.0683,0.1537,146.6,96.7,0.532
23.9,31956.6,35054.2,-0.0384,0.0594,146.6,96.7,0.532
23.92,32020.9,35027.2,0.0483,0.0274,146.6,96.7,0.532
23.94,31977.3,34917.8,-0.0106,-0.1022,146.6,96.7,0.532
23.96,31943.6,34854.6,-0.0561,-0.1771,146.6,96.7,0.532
23.98,31859.1,34806.7,-0.1702,-0.2339,146.6,96.7,0.532
24.0,31838.0,34655.1,-0.1985,-0.4136,146.6,96.7,0.532
24.02,31922.1,34657.4,-0.0851,-0.4108,146.6,96.7,0.532
24.04,31873.2,34578.7,-0.1511,-0.5041,146.6,96.7,0.532
24.06,31753.7,34634.2,-0.3125,-0.4383,146.6,96.7,0.532
24.08,31799.6,34522.8,-0.2505,-0.5703,146.6,96.7,0.532
24.1,31780.2,34493.4,-0.2766,-0.6052,146.6,96.7,0.532
24.12,31823.6,34526.5,-0.2181,-0.5659,146.6,96.7,0.532
24.14,31965.8,34928.6,-0.0261,-0.0894,146.6,96.7,0.532
24.16,32144.2,35299.1,0.2149,0.3496,146.6,96.7,0.532
24.18,32313.0,35646.6,0.4429,0.7614,146.6,96.7,0.532
24.2,32368.5,35845.2,0.5177,0.9967,146.6,96.7,0.532
24.22,32330.9,35762.0,0.467,0.8982,146.6,96.7,0.532
24.24,32321.6,35487.5,0.4544,0.5729,146.6,96.7,0.532
24.26,32164.8,35302.1,0.2426,0.3531,146.6,96.7,0.532
24.28,32040.5,35267.7,0.0748,0.3124,146.6,96.7,0.532
24.3,32024.6,35055.6,0.0534,0.0611,146.6,96.7,0.532
24.32,32081.6,35063.7,0.1303,0.0707,146.6,96.7,0.532
24.34,31981.8,35014.7,-0.0045,0.0126,146.6,96.7,0.532
24.36,31923.0,34844.3,-0.0838,-0.1894,146.6,96.7,0.532
24.38,31938.0,34799.0,-0.0636,-0.243,146.6,96.7,0.532
24.4,31771.2,34640.5,-0.2889,-0.4309,146.6,96.7,0.532
24.42,31906.6,34689.5,-0.1059,-0.3728,146.6,96.7,0.532
24.44,31879.6,34687.9,-0.1424,-0.3747,146.6,96.7,0.532
24.46,31866.2,34568.5,-0.1605,-0.5162,146.6,96.7,0.532
24.48,31780.9,34497.3,-0.2757,-0.6005,146.6,96.7,0.532
24.5,31686.9,34572.4,-0.4027,-0.5115,146.6,96.7,0.532
24.52,31847.2,34537.5,-0.1861,-0.5529,146.6,96.7,0.532
24.54,31841.5,34714.2,-0.1939,-0.3435,146.6,96.7,0.532
24.56,32041.9,35153.9,0.0767,0.1775,146.6,96.7,0.532
24.58,32254.9,35548.7,0.3644,0.6454,146.6,96.7,0.532
24.6,32271.3,35736.7,0.3865,0.8682,146.6,96.7,0.532
24.62,32420.2,35747.1,0.5875,0.8805,146.6,96.7,0.532
24.64,32281.0,35606.3,0.3996,0.7137,146.6,96.7,0.532
24.66,32047.1,35402.6,0.0837,0.4723,146.6,96.7,0.532
24.68,32082.9,35271.2,0.1321,0.3165,146.6,96.7,0.532
24.7,32013.6,35110.9,0.0385,0.1266,146.6,96.7,0.532
24.72,31991.0,35039.3,0.008,0.0418,146.6,96.7,0.532
24.74,32084.4,35000.7,0.134,-0.004,146.6,96.7,0.532
24.76,31959.9,34896.1,-0.034,-0.1279,146.6,96.7,0.532
24.78,31925.0,34837.5,-0.0811,-0.1973,146.6,96.7,0.532
24.8,31783.6,34697.5,-0.2721,-0.3633,146.6,96.7,0.532
24.82,31791.7,34671.4,-0.2611,-0.3943,146.6,96.7,0.532
24.84,31828.6,34768.8,-0.2114,-0.2788,146.6,96.7,0.532
24.86,31805.9,34534.8,-0.242,-0.5561,146.6,96.7,0.532
24.88,31734.5,34653.9,-0.3383,-0.415,146.6,96.7,0.532
24.9,31759.1,34418.7,-0.3051,-0.6937,146.6,96.7,0.532
24.92,31777.6,34477.9,-0.2801,-0.6235,146.6,96.7,0.532
24.94,31796.9,34628.1,-0.2541,-0.4455,146.6,96.7,0.532
24.96,31883.1,34933.9,-0.1377,-0.0831,146.6,96.7,0.532
24.98,32215.3,35309.0,0.3108,0.3614,146.6,96.7,0.532
25.0,32270.2,35582.2,0.385,0.6851,146.6,96.7,0.532
25.02,32441.8,35800.6,0.6167,0.944,146.6,96.7,0.532
25.04,32380.0,35658.2,0.5332,0.7752,146.6,96.7,0.532
25.06,32258.3,35482.2,0.3689,0.5666,146.6,96.7,0.532
25.08,32147.1,35275.2,0.2188,0.3213,146.6,96.7,0.532
25.1,32000.6,35117.4,0.0209,0.1342,146.6,96.7,0.532
25.12,32000.6,35098.5,0.021,0.1119,146.6,96.7,0.532
25.14,31961.4,35046.2,-0.0319,0.0499,146.6,96.7,0.532
25.16,31939.1,34973.0,-0.062,-0.0368,146.6,96.7,0.532
25.18,31890.1,34855.9,-0.1283,-0.1756,146.6,96.7,0.532
25.2,31811.9,34786.9,-0.2338,-0.2573,146.6,96.7,0.532
25.22,31832.8,34704.7,-0.2056,-0.3548,146.6,96.7,0.532
25.24,31863.9,34716.3,-0.1636,-0.341,146.6,96.7,0.532
25.26,31884.0,34629.7,-0.1365,-0.4437,146.6,96.7,0.532
25.28,31703.4,34588.8,-0.3804,-0.4921,146.6,96.7,0.532
25.3,31756.0,34505.5,-0.3094,-0.5908,146.6,96.7,0.532
25.32,31767.1,34456.4,-0.2943,-0.649,146.6,96.7,0.532
25.34,31753.5,34488.3,-0.3127,-0.6112,146.6,96.7,0.532
25.36,31879.1,34774.7,-0.1431,-0.2718,146.6,96.7,0.532
25.38,32113.4,35199.6,0.1733,0.2317,146.6,96.7,0.532
25.4,32240.9,35499.1,0.3455,0.5866,146.6,96.7,0.532
25.42,32293.6,35755.3,0.4166,0.8903,146.6,96.7,0.532
25.44,32271.5,35585.7,0.3868,0.6892,146.6,96.7,0.532
25.46,32206.4,35637.7,0.2989,0.7508,146.6,96.7,0.532
25.48,32165.1,35379.7,0.2431,0.4452,146.6,96.7,0.532
25.5,31985.4,35157.8,0.0005,0.1821,146.6,96.7,0.532
25.52,31981.6,35140.3,-0.0048,0.1614,146.6,96.7,0.532
25.54,31963.8,35084.1,-0.0287,0.0949,146.6,96.7,0.532
25.56,31903.6,34984.1,-0.1101,-0.0237,146.6,96.7,0.532
25.58,31960.7,34934.8,-0.033,-0.082,146.6,96.7,0.532
25.6,31961.7,34766.4,-0.0315,-0.2816,146.6,96.7,0.532
25.62,31900.2,34709.6,-0.1147,-0.349,146.6,96.7,0.532
25.64,31822.6,34650.3,-0.2194,-0.4192,146.6,96.7,0.532
25.66,31845.1,34673.8,-0.189,-0.3914,146.6,96.7,0.532
25.68,31826.4,34698.4,-0.2143,-0.3622,146.6,96.7,0.532
25.7,31677.0,34531.9,-0.4159,-0.5596,146.6,96.7,0.532
25.72,31830.2,34485.3,-0.2091,-0.6147,146.6,96.7,0.532
25.74,31673.1,34467.1,-0.4213,-0.6363,146.6,96.7,0.532
25.76,31775.4,34685.0,-0.2831,-0.3781,146.6,96.7,0.532
25.78,31998.7,34974.7,0.0184,-0.0349,146.6,96.7,0.532
25.8,32128.6,35388.3,0.1938,0.4553,146.6,96.7,0.532
25.82,32297.0,35650.9,0.4212,0.7665,146.6,96.7,0.532
25.84,32414.9,35848.7,0.5804,1.0009,146.6,96.7,0.532
25.86,32374.5,35646.1,0.5259,0.7608,146.6,96.7,0.532
25.88,32174.5,35513.4,0.2558,0.6036,146.6,96.7,0.532
25.9,32138.1,35355.4,0.2066,0.4164,146.6,96.7,0.532
25.92,32129.5,35157.3,0.195,0.1815,146.6,96.7,0.532
25.94,32131.2,35138.2,0.1973,0.1589,146.6,96.7,0.532
25.96,32069.5,34949.6,0.1141,-0.0645,146.6,96.7,0.532
25.98,31934.2,35008.9,-0.0686,0.0057,146.6,96.7,0.532
26.0,31930.4,34857.2,-0.0738,-0.174,146.6,96.7,0.532
26.02,31936.1,34688.6,-0.0662,-0.3739,146.6,96.7,0.532
26.04,31701.5,34703.4,-0.3829,-0.3563,146.6,96.7,0.532
26.06,31785.4,34649.6,-0.2696,-0.42,146.6,96.7,0.532
26.08,31801.6,34693.8,-0.2477,-0.3677,146.6,96.7,0.532
26.1,31763.3,34537.4,-0.2995,-0.5529,146.6,96.7,0.532
26.12,31731.1,34461.2,-0.3429,-0.6433,146.6,96.7,0.532
26.14,31809.6,34435.0,-0.2369,-0.6743,146.6,96.7,0.532
26.16,31828.1,34565.4,-0.212,-0.5199,146.6,96.7,0.532
26.18,31877.8,34803.4,-0.1448,-0.2377,146.6,96.7,0.532
26.2,31979.0,35136.8,-0.0083,0.1573,146.6,96.7,0.532
26.22,32251.6,35563.1,0.36,0.6625,146.6,96.7,0.532
26.24,32326.7,35781.3,0.4612,0.921,146.6,96.7,0.532
26.26,32372.0,35701.4,0.5225,0.8263,146.6,96.7,0.532
26.28,32352.2,35536.5,0.4957,0.6309,146.6,96.7,0.532
26.3,32239.9,35405.3,0.3441,0.4755,146.6,96.7,0.532
26.32,32017.6,35280.3,0.0439,0.3273,146.6,96.7,0.532
26.34,31993.3,35064.3,0.0111,0.0714,146.6,96.7,0.532
26.36,32005.7,35004.0,0.0278,-0.0,146.6,96.7,0.532
26.38,31982.5,34903.9,-0.0034,-0.1186,146.6,96.7,0.532
26.4,32006.9,34932.3,0.0294,-0.085,146.6,96.7,0.532
26.42,31852.7,34889.2,-0.1787,-0.1361,146.6,96.7,0.532
26.44,31933.0,34682.0,-0.0703,-0.3816,146.6,96.7,0.532
26.46,31881.3,34742.1,-0.1401,-0.3104,146.6,96.7,0.532
26.48,31884.6,34643.5,-0.1357,-0.4272,146.6,96.7,0.532
26.5,31823.3,34651.6,-0.2184,-0.4177,146.6,96.7,0.532
26.52,31818.6,34522.5,-0.2248,-0.5706,146.6,96.7,0.532
26.54,31769.5,34395.3,-0.2911,-0.7213,146.6,96.7,0.532
26.56,31686.8,34444.2,-0.4028,-0.6634,146.6,96.7,0.532
26.58,31944.8,34728.6,-0.0544,-0.3264,146.6,96.7,0.532
26.6,32010.7,35043.6,0.0346,0.0469,146.6,96.7,0.532
26.62,32229.0,35374.1,0.3294,0.4385,146.6,96.7,0.532
26.64,32402.3,35685.5,0.5634,0.8075,146.6,96.7,0.532
26.66,32409.3,35836.0,0.5729,0.9859,146.6,96.7,0.532
26.68,32386.9,35678.5,0.5426,0.7992,146.6,96.7,0.532
26.7,32180.3,35465.7,0.2636,0.547,146.6,96.7,0.532
26.72,32178.9,35266.1,0.2617,0.3105,146.6,96.7,0.532
26.74,32062.7,35166.8,0.1048,0.1929,146.6,96.7,0.532
26.76,31995.9,35160.4,0.0146,0.1852,146.6,96.7,0.532
26.78,31993.4,35053.7,0.0112,0.0588,146.6,96.7,0.532
26.8,31993.4,34910.4,0.0112,-0.111,146.6,96.7,0.532
26.82,31871.7,34745.1,-0.1532,-0.3069,146.6,96.7,0.532
26.84,31856.7,34775.0,-0.1733,-0.2715,146.6,96.7,0.532
26.86,31908.2,34788.7,-0.1037,-0.2552,146.6,96.7,0.532
26.88,31880.8,34601.4,-0.1408,-0.4772,146.6,96.7,0.532
26.9,31845.9,34630.7,-0.1879,-0.4425,146.6,96.7,0.532
26.92,31896.2,34538.0,-0.1201,-0.5523,146.6,96.7,0.532
26.94,31793.1,34470.3,-0.2593,-0.6325,146.6,96.7,0.532
26.96,31710.7,34444.2,-0.3704,-0.6635,146.6,96.7,0.532
26.98,31722.1,34622.9,-0.3551,-0.4517,146.6,96.7,0.532
27.0,31837.6,34897.6,-0.1991,-0.1261,146.6,96.7,0.532
27.02,32086.2,35257.6,0.1365,0.3005,146.6,96.7,0.532
27.04,32318.1,35590.7,0.4497,0.6951,146.6,96.7,0.532
27.06,32461.1,35719.6,0.6427,0.848,146.6,96.7,0.532
27.08,32329.5,35711.3,0.4651,0.8381,146.6,96.7,0.532
27.1,32298.1,35651.3,0.4227,0.767,146.6,96.7,0.532
27.12,32148.8,35353.8,0.221,0.4144,146.6,96.7,0.532
27.14,32079.0,35204.5,0.1268,0.2376,146.6,96.7,0.532
27.16,32010.9,35071.3,0.0349,0.0796,146.6,96.7,0.532
27.18,32071.1,35016.4,0.1162,0.0146,146.6,96.7,0.532
27.2,32006.5,35022.1,0.0289,0.0214,146.6,96.7,0.532
27.22,31921.9,34917.7,-0.0853,-0.1023,146.6,96.7,0.532
27.24,31907.3,34735.2,-0.1051,-0.3187,146.6,96.7,0.532
27.26,31866.1,34663.1,-0.1607,-0.404,146.6,96.7,0.532
27.28,31875.2,34719.5,-0.1484,-0.3372,146.6,96.7,0.532
27.3,31763.1,34641.9,-0.2997,-0.4292,146.6,96.7,0.532
27.32,31819.9,34593.8,-0.2231,-0.4862,146.6,96.7,0.532
27.34,31763.7,34559.2,-0.2989,-0.5271,146.6,96.7,0.532
27.36,31742.3,34521.7,-0.3279,-0.5716,146.6,96.7,0.532
27.38,31755.2,34544.0,-0.3104,-0.5452,146.6,96.7,0.532
27.4,31773.7,34709.2,-0.2854,-0.3494,146.6,96.7,0.532
27.42,31990.3,35005.3,0.007,0.0014,146.6,96.7,0.532
27.44,32250.6,35428.9,0.3586,0.5034,146.6,96.7,0.532
27.46,32334.0,35677.4,0.4711,0.7979,146.6,96.7,0.532
27.48,32421.1,35837.9,0.5887,0.9881,146.6,96.7,0.532
27.5,32373.2,35643.8,0.5241,0.7581,146.6,96.7,0.532
27.52,32259.8,35474.1,0.371,0.557,146.6,96.7,0.532
27.54,32155.1,35306.5,0.2296,0.3583,146.6,96.7,0.532
27.56,32045.0,35114.6,0.0809,0.1309,146.6,96.7,0.532
27.58,32087.0,35130.7,0.1376,0.1501,146.6,96.7,0.532
27.6,32035.0,35026.3,0.0674,0.0263,146.6,96.7,0.532
27.62,31924.6,35005.6,-0.0817,0.0019,146.6,96.7,0.532
27.64,31842.7,34891.6,-0.1922,-0.1332,146.6,96.7,0.532
27.66,31979.0,34736.1,-0.0082,-0.3175,146.6,96.7,0.532
27.68,31866.8,34733.5,-0.1597,-0.3206,146.6,96.7,0.532
27.7,31713.5,34629.2,-0.3668,-0.4442,146.6,96.7,0.532
27.72,31858.2,34731.0,-0.1714,-0.3236,146.6,96.7,0.532
27.74,31811.8,34544.0,-0.234,-0.5452,146.6,96.7,0.532
27.76,31714.9,34472.0,-0.3648,-0.6305,146.6,96.7,0.532
27.78,31711.4,34446.2,-0.3696,-0.6611,146.6,96.7,0.532
27.8,31697.2,34525.4,-0.3888,-0.5672,146.6,96.7,0.532
27.82,31897.7,34869.6,-0.118,-0.1593,146.6,96.7,0.532
27.84,32066.7,35274.3,0.1103,0.3203,146.6,96.7,0.532
27.86,32237.9,35530.4,0.3414,0.6237,146.6,96.7,0.532
27.88,32417.8,35800.8,0.5844,0.9441,146.6,96.7,0.532
27.9,32302.0,35759.2,0.4279,0.8949,146.6,96.7,0.532
27.92,32255.0,35535.2,0.3645,0.6294,146.6,96.7,0.532
27.94,32115.9,35374.9,0.1767,0.4394,146.6,96.7,0.532
27.96,32008.5,35275.5,0.0317,0.3216,146.6,96.7,0.532
27.98,32004.0,35078.9,0.0255,0.0887,146.6,96.7,0.532
28.0,31973.5,35009.1,-0.0156,0.006,146.6,96.7,0.532
28.02,32020.8,34989.5,0.0483,-0.0173,146.6,96.7,0.532
28.04,31932.8,34825.7,-0.0706,-0.2113,146.6,96.7,0.532
28.06,31955.2,34747.2,-0.0404,-0.3044,146.6,96.7,0.532
28.08,31803.4,34726.7,-0.2453,-0.3286,146.6,96.7,0.532
28.1,31844.6,34713.6,-0.1897,-0.3442,146.6,96.7,0.532
28.12,31831.1,34582.4,-0.2079,-0.4996,146.6,96.7,0.532
28.14,31826.2,34630.5,-0.2145,-0.4427,146.6,96.7,0.532
28.16,31721.9,34519.1,-0.3553,-0.5747,146.6,96.7,0.532
28.18,31769.8,34408.5,-0.2907,-0.7058,146.6,96.7,0.532
28.2,31742.3,34520.7,-0.3278,-0.5728,146.6,96.7,0.532
28.22,31783.5,34696.0,-0.2722,-0.365,146.6,96.7,0.532
28.24,32099.2,35007.8,0.1541,0.0045,146.6,96.7,0.532
28.26,32330.0,35489.3,0.4657,0.5751,146.6,96.7,0.532
28.28,32249.4,35729.7,0.3569,0.8598,146.6,96.7,0.532
28.3,32393.2,35724.7,0.5511,0.8539,146.6,96.7,0.532
28.32,32229.5,35640.2,0.33,0.7539,146.6,96.7,0.532
28.34,32165.2,35477.3,0.2433,0.5607,146.6,96.7,0.532
28.36,32160.8,35277.4,0.2373,0.3239,146.6,96.7,0.532
28.38,32083.8,35141.6,0.1333,0.163,146.6,96.7,0.532
28.4,31919.5,35085.3,-0.0885,0.0963,146.6,96.7,0.532
28.42,32055.3,35086.5,0.0949,0.0977,146.6,96.7,0.532
28.44,32042.9,34959.7,0.0781,-0.0526,146.6,96.7,0.532
28.46,31909.7,34873.2,-0.1017,-0.155,146.6,96.7,0.532
28.48,31863.9,34775.1,-0.1637,-0.2713,146.6,96.7,0.532
28.5,31946.8,34684.9,-0.0517,-0.3782,146.6,96.7,0.532
28.52,31822.0,34679.1,-0.2203,-0.3851,146.6,96.7,0.532
28.54,31880.8,34658.5,-0.1409,-0.4095,146.6,96.7,0.532
28.56,31743.7,34632.1,-0.326,-0.4408,146.6,96.7,0.532
28.58,31699.9,34482.2,-0.3851,-0.6184,146.6,96.7,0.532
28.6,31766.8,34424.7,-0.2947,-0.6865,146.6,96.7,0.532
28.62,31804.8,34598.7,-0.2434,-0.4804,146.6,96.7,0.532
28.64,31882.1,34889.1,-0.1391,-0.1362,146.6,96.7,0.532
28.66,32076.1,35252.9,0.1229,0.2949,146.6,96.7,0.532
28.68,32243.5,35702.2,0.3489,0.8273,146.6,96.7,0.532
28.7,32394.1,35837.0,0.5523,0.9871,146.6,96.7,0.532
28.72,32314.9,35738.6,0.4454,0.8704,146.6,96.7,0.532
28.74,32349.1,35446.9,0.4916,0.5247,146.6,96.7,0.532
28.76,32126.5,35316.9,0.191,0.3707,146.6,96.7,0.532
28.78,32087.2,35243.4,0.1379,0.2836,146.6,96.7,0.532
28.8,31993.2,35061.5,0.0109,0.0681,146.6,96.7,0.532
28.82,32062.0,35104.5,0.1039,0.119,146.6,96.7,0.532
28.84,32059.4,34993.1,0.1004,-0.013,146.6,96.7,0.532
28.86,31900.7,34815.9,-0.1139,-0.223,146.6,96.7,0.532
28.88,31907.1,34722.8,-0.1054,-0.3333,146.6,96.7,0.532
28.9,31816.0,34586.9,-0.2284,-0.4944,146.6,96.7,0.532
28.92,31808.2,34585.7,-0.2388,-0.4957,146.6,96.7,0.532
28.94,31838.5,34646.3,-0.1979,-0.4239,146.6,96.7,0.532
28.96,31745.7,34594.5,-0.3233,-0.4853,146.6,96.7,0.532
28.98,31893.1,34540.9,-0.1242,-0.5489,146.6,96.7,0.532
29.0,31706.8,34397.1,-0.3758,-0.7192,146.6,96.7,0.532
29.02,31775.6,34492.7,-0.2829,-0.606,146.6,96.7,0.532
29.04,31909.0,34686.2,-0.1028,-0.3766,146.6,96.7,0.532
29.06,31958.8,35202.2,-0.0355,0.2348,146.6,96.7,0.532
29.08,32120.6,35502.2,0.1829,0.5903,146.6,96.7,0.532
29.1,32320.7,35738.2,0.4532,0.8699,146.6,96.7,0.532
29.12,32456.9,35789.7,0.6371,0.9309,146.6,96.7,0.532
29.14,32342.3,35627.2,0.4824,0.7385,146.6,96.7,0.532
29.16,32223.0,35546.9,0.3213,0.6433,146.6,96.7,0.532
29.18,32060.1,35242.4,0.1013,0.2824,146.6,96.7,0.532
29.2,32052.8,35139.6,0.0914,0.1606,146.6,96.7,0.532
29.22,32101.3,35093.4,0.1569,0.1059,146.6,96.7,0.532
29.24,32046.4,35043.2,0.0828,0.0464,146.6,96.7,0.532
29.26,31922.0,34928.1,-0.0852,-0.0901,146.6,96.7,0.532
29.28,31819.7,34755.3,-0.2234,-0.2948,146.6,96.7,0.532
29.3,31824.7,34704.3,-0.2166,-0.3552,146.6,96.7,0.532
29.32,31887.0,34614.2,-0.1325,-0.462,146.6,96.7,0.532
29.34,31821.3,34704.3,-0.2211,-0.3552,146.6,96.7,0.532
29.36,31900.3,34587.0,-0.1145,-0.4942,146.6,96.7,0.532
29.38,31760.1,34559.4,-0.3038,-0.527,146.6,96.7,0.532
29.4,31685.7,34423.2,-0.4043,-0.6884,146.6,96.7,0.532
29.42,31756.1,34466.8,-0.3092,-0.6367,146.6,96.7,0.532
29.44,31817.3,34609.2,-0.2266,-0.4679,146.6,96.7,0.532
29.46,31888.6,34977.5,-0.1303,-0.0315,146.6,96.7,0.532
29.48,32146.2,35264.1,0.2176,0.3082,146.6,96.7,0.532
29.5,32282.2,35612.3,0.4013,0.7208,146.6,96.7,0.532
29.52,32352.7,35720.2,0.4964,0.8486,146.6,96.7,0.532
29.54,32355.8,35631.0,0.5006,0.743,146.6,96.7,0.532
29.56,32278.5,35541.7,0.3963,0.6371,146.6,96.7,0.532
29.58,32193.1,35290.5,0.2808,0.3394,146.6,96.7,0.532
29.6,32036.8,35145.7,0.0699,0.1679,146.6,96.7,0.532
29.62,32066.2,35160.8,0.1096,0.1858,146.6,96.7,0.532
29.64,32082.2,35114.9,0.1311,0.1313,146.6,96.7,0.532
29.66,32055.7,35015.6,0.0953,0.0136,146.6,96.7,0.532
29.68,31918.0,34912.7,-0.0906,-0.1082,146.6,96.7,0.532
29.7,31918.2,34663.3,-0.0904,-0.4038,146.6,96.7,0.532
29.72,31880.7,34791.1,-0.1409,-0.2524,146.6,96.7,0.532
29.74,31864.0,34726.5,-0.1635,-0.3289,146.6,96.7,0.532
29.76,31733.4,34698.5,-0.3399,-0.3621,146.6,96.7,0.532
29.78,31777.2,34613.6,-0.2807,-0.4627,146.6,96.7,0.532
29.8,31777.2,34443.5,-0.2807,-0.6643,146.6,96.7,0.532
29.82,31670.5,34397.0,-0.4248,-0.7194,146.6,96.7,0.532
29.84,31839.3,34458.4,-0.1969,-0.6466,146.6,96.7,0.532
29.86,31881.0,34809.7,-0.1406,-0.2303,146.6,96.7,0.532
29.88,32087.3,35104.4,0.1381,0.1189,146.6,96.7,0.532
29.9,32313.3,35539.1,0.4432,0.634,146.6,96.7,0.532
29.92,32328.1,35805.6,0.4632,0.9498,146.6,96.7,0.532
29.94,32318.5,35739.9,0.4503,0.872,146.6,96.7,0.532
29.96,32206.9,35602.7,0.2995,0.7094,146.6,96.7,0.532
29.98,32177.9,35393.3,0.2603,0.4612,146.6,96.7,0.532
30.0,29131.0,33693.4,-3.8539,-1.5532,146.6,96.7,0.532
30.02,32169.6,34267.8,0.2491,-0.8725,146.6,96.7,0.532
30.04,29677.4,35547.9,-3.1161,0.6444,146.6,96.7,0.532
30.06,33710.9,36367.7,2.3304,1.6159,146.6,96.7,0.532
30.08,31658.8,36081.0,-0.4406,1.2761,146.6,96.7,0.532
30.1,29550.1,35814.6,-3.2881,0.9605,146.6,96.7,0.532
30.12,31688.3,36667.8,-0.4007,1.9715,146.6,96.7,0.532
30.14,32086.3,35023.2,0.1366,0.0227,146.6,96.7,0.532
30.16,29935.1,36358.2,-2.7682,1.6046,146.6,96.7,0.532
30.18,33122.9,34463.0,1.5364,-0.6411,146.6,96.7,0.532
30.2,30758.2,37351.5,-1.6567,2.7817,146.6,96.7,0.532
30.22,31727.3,36151.1,-0.3481,1.3592,146.6,96.7,0.532
30.24,31046.4,34853.1,-1.2676,-0.1789,146.6,96.7,0.532
30.26,28181.6,32839.4,-5.136,-2.5652,146.6,96.7,0.532
30.28,29685.3,32106.9,-3.1055,-3.4332,146.6,96.7,0.532
30.3,31746.6,32884.4,-0.322,-2.5118,146.6,96.7,0.532
30.32,29610.4,34544.0,-3.2066,-0.5451,146.6,96.7,0.532
30.34,30597.2,41586.9,-1.8741,7.8007,146.6,96.7,0.532
30.36,32612.9,33116.0,0.8477,-2.2374,146.6,96.7,0.532
30.38,31786.9,33202.3,-0.2676,-2.1352,146.6,96.7,0.532
30.4,34341.9,37885.9,3.1825,3.4151,146.6,96.7,0.532
30.42,31796.2,36094.2,-0.255,1.2919,146.6,96.7,0.532
30.44,30478.4,33285.6,-2.0345,-2.0364,146.6,96.7,0.532
30.46,27442.2,36290.9,-6.1344,1.5249,146.6,96.7,0.532
30.48,31231.3,36588.3,-1.0179,1.8774,146.6,96.7,0.532
30.5,28850.7,34269.1,-4.2325,-0.8709,146.6,96.7,0.532
30.52,31993.8,38535.6,0.0118,4.185,146.6,96.7,0.532
30.54,31449.9,32878.5,-0.7226,-2.5188,146.6,96.7,0.532
30.56,35024.1,33075.0,4.1037,-2.286,146.6,96.7,0.532
30.58,32986.9,31568.9,1.3527,-4.0708,146.6,96.7,0.532
30.6,27719.5,34551.6,-5.7599,-0.5362,146.6,96.7,0.532
30.62,30184.4,33396.6,-2.4315,-1.9048,146.6,96.7,0.532
30.64,30857.2,35482.8,-1.5231,0.5674,146.6,96.7,0.532
30.66,36212.3,39195.3,5.7082,4.9667,146.6,96.7,0.532
30.68,33556.2,34392.5,2.1216,-0.7247,146.6,96.7,0.532
30.7,30787.7,36211.7,-1.6169,1.4311,146.6,96.7,0.532
30.72,31690.1,37414.9,-0.3984,2.8568,146.6,96.7,0.532
30.74,31145.2,33161.0,-1.1341,-2.1841,146.6,96.7,0.532
30.76,32471.6,39214.7,0.6569,4.9897,146.6,96.7,0.532
30.78,29830.6,37905.1,-2.9093,3.4378,146.6,96.7,0.532
30.8,28954.8,38489.7,-4.0919,4.1305,146.6,96.7,0.532
30.82,32928.8,39186.1,1.2744,4.9558,146.6,96.7,0.532
30.84,32240.1,35521.0,0.3443,0.6125,146.6,96.7,0.532
30.86,29928.3,33071.2,-2.7774,-2.2905,146.6,96.7,0.532
30.88,32581.2,33473.6,0.805,-1.8137,146.6,96.7,0.532
30.9,34959.0,33955.8,4.0157,-1.2422,146.6,96.7,0.532
30.92,30652.9,31095.3,-1.7989,-4.6319,146.6,96.7,0.532
30.94,34165.6,32724.4,2.9445,-2.7015,146.6,96.7,0.532
30.96,32644.5,31621.6,0.8904,-4.0083,146.6,96.7,0.532
30.98,30746.8,34202.6,-1.672,-0.9498,146.6,96.7,0.532
31.0,32773.5,36269.5,1.0647,1.4995,146.6,96.7,0.532
31.02,29901.1,34944.8,-2.8141,-0.0702,146.6,96.7,0.532
31.04,34447.1,35091.4,3.3246,0.1034,146.6,96.7,0.532
31.06,30903.4,32682.4,-1.4607,-2.7512,146.6,96.7,0.532
31.08,30797.0,33583.2,-1.6044,-1.6838,146.6,96.7,0.532
31.1,30480.3,37159.3,-2.0319,2.554,146.6,96.7,0.532
31.12,31588.2,35535.7,-0.536,0.6301,146.6,96.7,0.532
31.14,32939.2,39582.9,1.2884,5.426,146.6,96.7,0.532
31.16,32030.9,38969.9,0.0618,4.6996,146.6,96.7,0.532
31.18,29015.3,37182.3,-4.0102,2.5813,146.6,96.7,0.532
31.2,32431.0,38540.7,0.6022,4.191,146.6,96.7,0.532
31.22,33977.5,36305.2,2.6904,1.5419,146.6,96.7,0.532
31.24,28961.0,33618.3,-4.0835,-1.6421,146.6,96.7,0.532
31.26,32340.4,34665.5,0.4798,-0.4012,146.6,96.7,0.532
31.28,33852.5,35669.7,2.5217,0.7888,146.6,96.7,0.532
31.3,35138.0,35133.5,4.2575,0.1534,146.6,96.7,0.532
31.32,32356.1,33073.5,0.501,-2.2878,146.6,96.7,0.532
31.34,30671.2,33609.4,-1.7741,-1.6527,146.6,96.7,0.532
31.36,29293.0,36474.5,-3.6352,1.7424,146.6,96.7,0.532
31.38,29438.5,33337.0,-3.4387,-1.9755,146.6,96.7,0.532
31.4,34249.6,36375.7,3.0578,1.6254,146.6,96.7,0.532
31.42,32380.4,31287.4,0.5338,-4.4043,146.6,96.7,0.532
31.44,32719.1,36318.5,0.9912,1.5577,146.6,96.7,0.532
31.46,29948.8,35202.8,-2.7497,0.2355,146.6,96.7,0.532
31.48,31666.1,40076.8,-0.4308,6.0112,146.6,96.7,0.532
31.5,28084.8,32481.6,-5.2666,-2.9892,146.6,96.7,0.532
31.52,35809.0,37631.8,5.1636,3.114,146.6,96.7,0.532
31.54,33854.6,34897.6,2.5245,-0.1262,146.6,96.7,0.532
31.56,33048.9,35435.5,1.4365,0.5113,146.6,96.7,0.532
31.58,28822.3,33990.3,-4.2708,-1.2013,146.6,96.7,0.532
31.6,33476.1,35549.8,2.0134,0.6467,146.6,96.7,0.532
31.62,30856.3,37800.5,-1.5243,3.3138,146.6,96.7,0.532
31.64,35210.5,33847.3,4.3554,-1.3708,146.6,96.7,0.532
31.66,30534.0,34347.7,-1.9595,-0.7778,146.6,96.7,0.532
31.68,29540.3,34895.9,-3.3013,-0.1282,146.6,96.7,0.532
31.7,33247.9,38986.7,1.7052,4.7195,146.6,96.7,0.532
31.72,32566.1,33488.7,0.7846,-1.7958,146.6,96.7,0.532
31.74,30192.3,33478.3,-2.4208,-1.8081,146.6,96.7,0.532
31.76,32251.9,35897.0,0.3603,1.0582,146.6,96.7,0.532
31.78,28638.6,36818.2,-4.5189,2.1497,146.6,96.7,0.532
31.8,31352.8,38134.4,-0.8537,3.7095,146.6,96.7,0.532
31.82,31188.9,39213.0,-1.0751,4.9877,146.6,96.7,0.532
31.84,34813.0,37501.1,3.8186,2.959,146.6,96.7,0.532
31.86,36686.0,35263.5,6.3478,0.3075,146.6,96.7,0.532
31.88,33511.2,36250.9,2.0608,1.4775,146.6,96.7,0.532
31.9,28168.5,35057.5,-5.1537,0.0633,146.6,96.7,0.532
31.92,33861.7,28762.0,2.5341,-7.3969,146.6,96.7,0.532
31.94,30380.0,35072.5,-2.1674,0.0811,146.6,96.7,0.532
31.96,38293.6,37291.7,8.5186,2.7109,146.6,96.7,0.532
31.98,33705.8,37721.9,2.3235,3.2207,146.6,96.7,0.532
32.0,28592.4,35996.9,-4.5812,1.1765,146.6,96.7,0.532
32.02,32712.1,34126.9,0.9817,-1.0394,146.6,96.7,0.532
32.04,28494.0,37056.7,-4.7141,2.4324,146.6,96.7,0.532
32.06,29716.8,37374.6,-3.0629,2.8091,146.6,96.7,0.532
32.08,36040.6,33518.7,5.4763,-1.7602,146.6,96.7,0.532
32.1,31160.6,35980.6,-1.1133,1.1572,146.6,96.7,0.532
32.12,31757.7,34074.5,-0.3071,-1.1015,146.6,96.7,0.532
32.14,30803.3,38009.2,-1.5958,3.5611,146.6,96.7,0.532
32.16,34294.3,36579.8,3.1182,1.8673,146.6,96.7,0.532
32.18,30015.7,34452.7,-2.6593,-0.6534,146.6,96.7,0.532
32.2,30185.8,33090.9,-2.4297,-2.2671,146.6,96.7,0.532
32.22,31287.7,31022.9,-0.9417,-4.7178,146.6,96.7,0.532
32.24,35856.9,36504.1,5.2283,1.7775,146.6,96.7,0.532
32.26,31316.5,30754.3,-0.9028,-5.036,146.6,96.7,0.532
32.28,31885.2,34139.0,-0.1349,-1.0252,146.6,96.7,0.532
32.3,33880.2,35578.0,2.559,0.6801,146.6,96.7,0.532
32.32,30979.4,37912.6,-1.358,3.4467,146.6,96.7,0.532
32.34,30936.6,34898.8,-1.4158,-0.1247,146.6,96.7,0.532
32.36,31967.6,34429.4,-0.0236,-0.681,146.6,96.7,0.532
32.38,33842.5,34042.0,2.5081,-1.14,146.6,96.7,0.532
32.4,30612.7,37541.6,-1.8531,3.007,146.6,96.7,0.532
32.42,32316.4,35309.8,0.4474,0.3623,146.6,96.7,0.532
32.44,31626.6,35903.7,-0.4841,1.0661,146.6,96.7,0.532
32.46,30071.6,38076.1,-2.5839,3.6405,146.6,96.7,0.532
32.48,34877.4,33863.5,3.9056,-1.3516,146.6,96.7,0.532
32.5,33002.4,37186.0,1.3737,2.5856,146.6,96.7,0.532
32.52,34343.2,36583.6,3.1842,1.8718,146.6,96.7,0.532
32.54,29097.9,33619.8,-3.8986,-1.6403,146.6,96.7,0.532
32.56,30845.4,34029.1,-1.539,-1.1553,146.6,96.7,0.532
32.58,31578.7,35521.0,-0.5488,0.6126,146.6,96.7,0.532
32.6,27353.5,36861.1,-6.2542,2.2006,146.6,96.7,0.532
32.62,31146.3,35424.9,-1.1327,0.4987,146.6,96.7,0.532
32.64,30986.7,33757.9,-1.3481,-1.4767,146.6,96.7,0.532
32.66,33702.3,35796.3,2.3188,0.9388,146.6,96.7,0.532
32.68,33600.4,33104.1,2.1812,-2.2515,146.6,96.7,0.532
32.7,32019.7,33994.7,0.0468,-1.1961,146.6,96.7,0.532
32.72,31008.9,34748.6,-1.3182,-0.3027,146.6,96.7,0.532
32.74,31094.3,34940.9,-1.2028,-0.0748,146.6,96.7,0.532
32.76,31564.0,38060.6,-0.5686,3.622,146.6,96.7,0.532
32.78,33177.0,33288.4,1.6095,-2.0331,146.6,96.7,0.532
32.8,27735.0,35305.7,-5.739,0.3574,146.6,96.7,0.532
32.82,32910.6,35012.8,1.2497,0.0104,146.6,96.7,0.532
32.84,29944.1,33247.8,-2.756,-2.0812,146.6,96.7,0.532
32.86,31763.2,33986.4,-0.2996,-1.206,146.6,96.7,0.532
32.88,33190.2,35113.3,1.6273,0.1294,146.6,96.7,0.532
32.9,32602.9,35079.2,0.8342,0.089,146.6,96.7,0.532
32.92,33368.8,36099.9,1.8684,1.2986,146.6,96.7,0.532
32.94,32238.1,34056.6,0.3416,-1.1228,146.6,96.7,0.532
32.96,28828.6,36368.4,-4.2622,1.6168,146.6,96.7,0.532
32.98,33643.5,37416.9,2.2395,2.8592,146.6,96.7,0.532
33.0,30025.5,32102.7,-2.6461,-3.4382,146.6,96.7,0.532
33.02,31466.5,32541.1,-0.7003,-2.9187,146.6,96.7,0.532
33.04,30624.4,32746.2,-1.8374,-2.6756,146.6,96.7,0.532
33.06,29680.8,34967.4,-3.1116,-0.0435,146.6,96.7,0.532
33.08,29684.7,34094.0,-3.1063,-1.0784,146.6,96.7,0.532
33.1,36667.4,36623.5,6.3227,1.9191,146.6,96.7,0.532
33.12,37928.6,33863.2,8.0257,-1.3519,146.6,96.7,0.532
33.14,32147.0,36207.4,0.2187,1.426,146.6,96.7,0.532
33.16,26769.4,36613.7,-7.0429,1.9075,146.6,96.7,0.532
33.18,33786.7,32909.7,2.4328,-2.4819,146.6,96.7,0.532
33.2,31213.8,37313.9,-1.0415,2.7372,146.6,96.7,0.532
33.22,31867.9,38842.7,-0.1582,4.5489,146.6,96.7,0.532
33.24,28720.2,37965.2,-4.4086,3.509,146.6,96.7,0.532
33.26,32258.1,37120.8,0.3686,2.5083,146.6,96.7,0.532
33.28,33506.3,33193.3,2.0542,-2.1458,146.6,96.7,0.532
33.3,32352.3,35195.4,0.4958,0.2267,146.6,96.7,0.532
33.32,34391.5,33905.1,3.2495,-1.3023,146.6,96.7,0.532
33.34,32578.2,34783.2,0.801,-0.2617,146.6,96.7,0.532
33.36,28617.6,34686.4,-4.5473,-0.3764,146.6,96.7,0.532
33.38,33740.5,35078.3,2.3704,0.088,146.6,96.7,0.532
33.4,32530.0,34943.6,0.7358,-0.0716,146.6,96.7,0.532
33.42,31026.7,36836.9,-1.2941,2.1719,146.6,96.7,0.532
33.44,29458.1,40386.5,-3.4123,6.3783,146.6,96.7,0.532
33.46,33264.9,32488.4,1.7281,-2.9811,146.6,96.7,0.532
33.48,30076.8,32234.3,-2.5768,-3.2822,146.6,96.7,0.532
33.5,32445.2,36471.0,0.6213,1.7383,146.6,96.7,0.532
33.52,32909.4,32237.7,1.2482,-3.2782,146.6,96.7,0.532
33.54,31717.8,31762.3,-0.3609,-3.8415,146.6,96.7,0.532
33.56,31268.3,36928.0,-0.9678,2.2799,146.6,96.7,0.532
33.58,33040.7,33689.3,1.4254,-1.558,146.6,96.7,0.532
33.6,30545.8,35856.2,-1.9435,1.0099,146.6,96.7,0.532
33.62,33005.9,35155.8,1.3785,0.1798,146.6,96.7,0.532
33.64,32293.3,32135.5,0.4162,-3.3993,146.6,96.7,0.532
33.66,32335.6,33730.9,0.4733,-1.5087,146.6,96.7,0.532
33.68,30427.1,35147.5,-2.1038,0.17,146.6,96.7,0.532
33.7,32431.3,36621.1,0.6025,1.9162,146.6,96.7,0.532
33.72,28038.4,32850.7,-5.3294,-2.5518,146.6,96.7,0.532
33.74,29976.6,35419.5,-2.7121,0.4923,146.6,96.7,0.532
33.76,30116.6,36663.6,-2.523,1.9666,146.6,96.7,0.532
33.78,35080.2,35954.5,4.1794,1.1263,146.6,96.7,0.532
33.8,32451.5,37268.0,0.6298,2.6828,146.6,96.7,0.532
33.82,33389.1,34299.9,1.8959,-0.8345,146.6,96.7,0.532
33.84,26545.4,35546.6,-7.3454,0.6429,146.6,96.7,0.532
33.86,33884.4,34977.9,2.5647,-0.0311,146.6,96.7,0.532
33.88,29488.0,32066.8,-3.3719,-3.4807,146.6,96.7,0.532
33.9,31481.7,34049.3,-0.6797,-1.1314,146.6,96.7,0.532
33.92,33566.8,35543.5,2.1359,0.6393,146.6,96.7,0.532
33.94,33294.9,34731.7,1.7687,-0.3228,146.6,96.7,0.532
33.96,31273.9,37792.5,-0.9604,3.3044,146.6,96.7,0.532
33.98,29127.1,34462.0,-3.8592,-0.6423,146.6,96.7,0.532
34.0,36300.9,30140.9,5.8278,-5.7629,146.6,96.7,0.532
34.02,34006.3,36258.3,2.7293,1.4863,146.6,96.7,0.532
34.04,32420.1,37395.2,0.5874,2.8335,146.6,96.7,0.532
34.06,33555.4,37448.4,2.1205,2.8965,146.6,96.7,0.532
34.08,34630.1,34363.2,3.5717,-0.7594,146.6,96.7,0.532
34.1,32034.1,35921.9,0.0661,1.0876,146.6,96.7,0.532
34.12,28481.6,36458.0,-4.7309,1.7229,146.6,96.7,0.532
34.14,30399.0,33234.7,-2.1417,-2.0968,146.6,96.7,0.532
34.16,31840.8,36503.0,-0.1949,1.7762,146.6,96.7,0.532
34.18,29161.2,36844.1,-3.8131,2.1804,146.6,96.7,0.532
34.2,29644.0,35141.6,-3.1613,0.163,146.6,96.7,0.532
34.22,31584.8,34821.4,-0.5406,-0.2164,146.6,96.7,0.532
34.24,31457.3,33148.3,-0.7127,-2.1991,146.6,96.7,0.532
34.26,29442.7,34712.7,-3.4331,-0.3452,146.6,96.7,0.532
34.28,32620.0,38055.7,0.8573,3.6163,146.6,96.7,0.532
34.3,30891.7,34943.6,-1.4764,-0.0717,146.6,96.7,0.532
34.32,32089.8,34266.2,0.1414,-0.8743,146.6,96.7,0.532
34.34,34002.0,36860.7,2.7235,2.2001,146.6,96.7,0.532
34.36,34209.5,36771.3,3.0037,2.0942,146.6,96.7,0.532
34.38,34043.9,34611.0,2.78,-0.4658,146.6,96.7,0.532
34.4,28736.1,34755.1,-4.3872,-0.295,146.6,96.7,0.532
34.42,32736.1,42043.2,1.0141,8.3415,146.6,96.7,0.532
34.44,26226.0,37106.8,-7.7767,2.4917,146.6,96.7,0.532
34.46,31297.9,36111.4,-0.9279,1.3123,146.6,96.7,0.532
34.48,32901.4,36223.6,1.2373,1.4452,146.6,96.7,0.532
34.5,31377.6,32820.3,-0.8202,-2.5878,146.6,96.7,0.532
34.52,34656.6,34549.5,3.6074,-0.5386,146.6,96.7,0.532
34.54,29978.8,33057.0,-2.7091,-2.3073,146.6,96.7,0.532
34.56,32289.2,34208.3,0.4107,-0.943,146.6,96.7,0.532
34.58,33076.8,35952.4,1.4742,1.1238,146.6,96.7,0.532
34.6,28179.3,32413.8,-5.1391,-3.0695,146.6,96.7,0.532
34.62,29848.3,30067.9,-2.8853,-5.8494,146.6,96.7,0.532
34.64,35572.0,37327.7,4.8435,2.7535,146.6,96.7,0.532
34.66,34906.8,33277.8,3.9453,-2.0457,146.6,96.7,0.532
34.68,31525.2,33173.2,-0.6209,-2.1696,146.6,96.7,0.532
34.7,33478.6,33644.5,2.0168,-1.6111,146.6,96.7,0.532
34.72,31552.5,38187.2,-0.5841,3.7721,146.6,96.7,0.532
34.74,31473.7,35370.5,-0.6905,0.4342,146.6,96.7,0.532
34.76,32401.8,34292.6,0.5627,-0.8431,146.6,96.7,0.532
34.78,34724.4,33780.3,3.6989,-1.4502,146.6,96.7,0.532
34.8,32712.6,37084.9,0.9824,2.4658,146.6,96.7,0.532
34.82,33453.2,38916.3,1.9824,4.6361,146.6,96.7,0.532
34.84,34347.4,34169.0,3.1899,-0.9895,146.6,96.7,0.532
34.86,33134.3,39299.3,1.5518,5.09,146.6,96.7,0.532
34.88,34106.7,35035.4,2.865,0.0371,146.6,96.7,0.532
34.9,32813.5,33777.1,1.1186,-1.454,146.6,96.7,0.532
34.92,31434.4,33035.1,-0.7435,-2.3333,146.6,96.7,0.532
34.94,30154.5,33916.4,-2.4719,-1.2889,146.6,96.7,0.532
34.96,34952.2,34546.6,4.0066,-0.5421,146.6,96.7,0.532
34.98,32788.8,33493.2,1.0853,-1.7904,146.6,96.7,0.532
35.0,30884.5,34078.1,-1.4862,-1.0973,146.6,96.7,0.532
35.02,31900.1,33534.8,-0.1148,-1.7411,146.6,96.7,0.532
35.04,30868.3,32412.3,-1.5081,-3.0713,146.6,96.7,0.532
35.06,30159.7,34404.3,-2.4649,-0.7107,146.6,96.7,0.532
35.08,31756.3,31742.1,-0.309,-3.8655,146.6,96.7,0.532
35.1,35570.8,34923.4,4.8419,-0.0955,146.6,96.7,0.532
35.12,32378.8,33908.3,0.5316,-1.2985,146.6,96.7,0.532
35.14,29352.9,37869.6,-3.5543,3.3957,146.6,96.7,0.532
35.16,30983.5,33842.7,-1.3525,-1.3763,146.6,96.7,0.532
35.18,28707.4,34723.1,-4.426,-0.333,146.6,96.7,0.532
35.2,30457.2,36249.0,-2.0631,1.4752,146.6,96.7,0.532
35.22,31109.0,32100.5,-1.183,-3.4407,146.6,96.7,0.532
35.24,35305.0,33811.2,4.4829,-1.4136,146.6,96.7,0.532
35.26,35113.2,36623.0,4.2241,1.9185,146.6,96.7,0.532
35.28,30503.9,36155.2,-2.0,1.3641,146.6,96.7,0.532
35.3,31553.6,38259.2,-0.5826,3.8574,146.6,96.7,0.532
35.32,31351.0,35500.2,-0.8562,0.5879,146.6,96.7,0.532
35.34,28153.4,35082.7,-5.1741,0.0932,146.6,96.7,0.532
35.36,27366.3,32111.1,-6.2369,-3.4282,146.6,96.7,0.532
35.38,31893.4,32497.1,-0.1238,-2.9708,146.6,96.7,0.532
35.4,32099.5,37903.6,0.1545,3.4359,146.6,96.7,0.532
35.42,31498.0,34467.4,-0.6577,-0.636,146.6,96.7,0.532
35.44,33213.7,37595.8,1.6591,3.0713,146.6,96.7,0.532
35.46,35293.7,37742.3,4.4678,3.2449,146.6,96.7,0.532
35.48,31877.4,35727.0,-0.1454,0.8566,146.6,96.7,0.532
35.5,32212.7,32984.3,0.3073,-2.3935,146.6,96.7,0.532
35.52,31200.5,31016.5,-1.0595,-4.7254,146.6,96.7,0.532
35.54,31231.5,34373.5,-1.0176,-0.7472,146.6,96.7,0.532
35.56,30520.7,34280.0,-1.9774,-0.858,146.6,96.7,0.532
35.58,31473.8,34882.7,-0.6904,-0.1438,146.6,96.7,0.532
35.6,26937.2,36980.5,-6.8163,2.3421,146.6,96.7,0.532
35.62,35254.3,33887.1,4.4146,-1.3237,146.6,96.7,0.532
35.64,31144.4,36270.4,-1.1352,1.5007,146.6,96.7,0.532
35.66,30603.1,38368.0,-1.8662,3.9863,146.6,96.7,0.532
35.68,32817.8,39047.2,1.1245,4.7911,146.6,96.7,0.532
35.7,32813.8,35229.0,1.119,0.2666,146.6,96.7,0.532
35.72,31130.7,35942.2,-1.1537,1.1117,146.6,96.7,0.532
35.74,33748.7,32549.4,2.3815,-2.9088,146.6,96.7,0.532
35.76,33058.3,35518.3,1.4492,0.6094,146.6,96.7,0.532
35.78,33287.2,33198.4,1.7582,-2.1397,146.6,96.7,0.532
35.8,30005.7,34176.4,-2.6728,-0.9808,146.6,96.7,0.532
35.82,31863.1,37684.6,-0.1648,3.1765,146.6,96.7,0.532
35.84,37027.8,36037.4,6.8094,1.2245,146.6,96.7,0.532
35.86,30941.6,37238.4,-1.409,2.6477,146.6,96.7,0.532
35.88,29172.3,34476.9,-3.7981,-0.6247,146.6,96.7,0.532
35.9,27973.1,34960.1,-5.4176,-0.0521,146.6,96.7,0.532
35.92,34764.7,34909.1,3.7534,-0.1126,146.6,96.7,0.532
35.94,32816.4,34814.3,1.1225,-0.2249,146.6,96.7,0.532
35.96,34590.1,32405.3,3.5176,-3.0796,146.6,96.7,0.532
35.98,30953.0,35705.9,-1.3936,0.8317,146.6,96.7,0.532
36.0,33293.8,33655.1,1.7671,-1.5986,146.6,96.7,0.532
36.02,34179.4,35101.7,2.9631,0.1158,146.6,96.7,0.532
36.04,36062.9,40722.2,5.5065,6.7761,146.6,96.7,0.532
36.06,33097.5,32804.0,1.5021,-2.6071,146.6,96.7,0.532
36.08,31917.5,37086.6,-0.0913,2.4678,146.6,96.7,0.532
36.1,32904.7,39059.1,1.2418,4.8053,146.6,96.7,0.532
36.12,35569.4,36562.3,4.8401,1.8466,146.6,96.7,0.532
36.14,26095.7,35797.5,-7.9527,0.9402,146.6,96.7,0.532
36.16,29854.5,33357.4,-2.877,-1.9513,146.6,96.7,0.532
36.18,29469.0,32208.5,-3.3975,-3.3127,146.6,96.7,0.532
36.2,34541.1,36809.4,3.4515,2.1394,146.6,96.7,0.532
36.22,31212.4,33768.3,-1.0434,-1.4644,146.6,96.7,0.532
36.24,32084.7,31954.4,0.1345,-3.6139,146.6,96.7,0.532
36.26,35568.8,33745.9,4.8392,-1.491,146.6,96.7,0.532
36.28,30586.6,33320.7,-1.8884,-1.9948,146.6,96.7,0.532
36.3,29946.3,31362.7,-2.7531,-4.3151,146.6,96.7,0.532
36.32,29995.1,33426.2,-2.6871,-1.8698,146.6,96.7,0.532
36.34,32890.6,37538.8,1.2228,3.0037,146.6,96.7,0.532
36.36,31839.0,34807.9,-0.1973,-0.2325,146.6,96.7,0.532
36.38,33210.4,35382.4,1.6546,0.4483,146.6,96.7,0.532
36.4,31377.6,36261.3,-0.8203,1.4898,146.6,96.7,0.532
36.42,29042.1,30815.3,-3.974,-4.9637,146.6,96.7,0.532
36.44,31474.8,35463.6,-0.689,0.5446,146.6,96.7,0.532
36.46,28356.4,34447.2,-4.8999,-0.6599,146.6,96.7,0.532
36.48,26803.3,35678.3,-6.9971,0.799,146.6,96.7,0.532
36.5,31362.9,35000.9,-0.8401,-0.0038,146.6,96.7,0.532
36.52,37456.1,35731.4,7.3877,0.8619,146.6,96.7,0.532
36.54,31570.5,32849.7,-0.5598,-2.5529,146.6,96.7,0.532
36.56,30981.7,35004.9,-1.3549,0.0009,146.6,96.7,0.532
36.58,30055.7,36020.0,-2.6053,1.2039,146.6,96.7,0.532
36.6,30167.4,37220.4,-2.4544,2.6264,146.6,96.7,0.532
36.62,32822.3,36156.0,1.1305,1.3651,146.6,96.7,0.532
36.64,33345.2,36017.0,1.8367,1.2003,146.6,96.7,0.532
36.66,33979.4,32818.0,2.693,-2.5905,146.6,96.7,0.532
36.68,30714.4,33673.6,-1.7158,-1.5766,146.6,96.7,0.532
36.7,30196.3,32438.6,-2.4155,-3.0401,146.6,96.7,0.532
36.72,32404.1,33382.8,0.5658,-1.9212,146.6,96.7,0.532
36.74,32706.5,31756.1,0.9741,-3.8489,146.6,96.7,0.532
36.76,31848.0,33374.5,-0.1851,-1.9311,146.6,96.7,0.532
36.78,29425.2,33770.6,-3.4566,-1.4617,146.6,96.7,0.532
36.8,32174.0,34137.8,0.2551,-1.0266,146.6,96.7,0.532
36.82,30768.4,32770.5,-1.6429,-2.6468,146.6,96.7,0.532
36.84,35874.4,35780.0,5.2519,0.9195,146.6,96.7,0.532
36.86,34278.7,38371.9,3.0972,3.9909,146.6,96.7,0.532
36.88,32898.5,33276.5,1.2334,-2.0472,146.6,96.7,0.532
36.9,31955.0,38894.2,-0.0406,4.6098,146.6,96.7,0.532
36.92,33007.5,39372.9,1.3806,5.1772,146.6,96.7,0.532
36.94,33113.6,34609.7,1.5239,-0.4673,146.6,96.7,0.532
36.96,31012.1,34018.4,-1.3138,-1.168,146.6,96.7,0.532
36.98,32928.4,34034.0,1.2739,-1.1495,146.6,96.7,0.532
37.0,28554.0,39220.4,-4.6331,4.9964,146.6,96.7,0.532
37.02,29483.8,32898.6,-3.3775,-2.495,146.6,96.7,0.532
37.04,33352.9,28791.2,1.8471,-7.3623,146.6,96.7,0.532
37.06,33785.6,32503.2,2.4312,-2.9635,146.6,96.7,0.532
37.08,33053.3,37867.7,1.4424,3.3935,146.6,96.7,0.532
37.1,30111.0,38096.8,-2.5306,3.6649,146.6,96.7,0.532
37.12,32594.5,35843.7,0.823,0.995,146.6,96.7,0.532
37.14,34854.2,33925.3,3.8742,-1.2784,146.6,96.7,0.532
37.16,30242.1,36679.8,-2.3535,1.9857,146.6,96.7,0.532
37.18,31125.0,34076.5,-1.1614,-1.0991,146.6,96.7,0.532
37.2,31962.8,31146.8,-0.0301,-4.5709,146.6,96.7,0.532
37.22,34081.2,32612.5,2.8304,-2.8341,146.6,96.7,0.532
37.24,32575.0,33657.2,0.7966,-1.596,146.6,96.7,0.532
37.26,33326.2,34753.9,1.8109,-0.2964,146.6,96.7,0.532
37.28,31672.5,34734.1,-0.422,-0.3199,146.6,96.7,0.532
37.3,31248.8,37514.3,-0.9942,2.9746,146.6,96.7,0.532
37.32,31822.9,36266.0,-0.219,1.4954,146.6,96.7,0.532
37.34,34160.2,33385.6,2.9371,-1.9179,146.6,96.7,0.532
37.36,31192.9,37179.3,-1.0697,2.5777,146.6,96.7,0.532
37.38,30096.1,36792.5,-2.5508,2.1193,146.6,96.7,0.532
37.4,36315.9,35660.2,5.848,0.7776,146.6,96.7,0.532
37.42,33109.8,35666.5,1.5188,0.785,146.6,96.7,0.532
37.44,30653.9,36562.3,-1.7975,1.8466,146.6,96.7,0.532
37.46,34168.6,34375.4,2.9485,-0.745,146.6,96.7,0.532
37.48,33747.6,38072.2,2.38,3.6358,146.6,96.7,0.532
37.5,31848.0,33581.1,-0.1851,-1.6863,146.6,96.7,0.532
37.52,36170.2,31701.8,5.6513,-3.9133,146.6,96.7,0.532
37.54,31777.6,33078.8,-0.2801,-2.2814,146.6,96.7,0.532
37.56,33967.6,36652.3,2.677,1.9532,146.6,96.7,0.532
37.58,32188.3,32493.0,0.2745,-2.9756,146.6,96.7,0.532
37.6,31309.5,35589.6,-0.9122,0.6939,146.6,96.7,0.532
37.62,29631.7,37106.5,-3.1779,2.4915,146.6,96.7,0.532
37.64,32231.2,34751.5,0.3323,-0.2993,146.6,96.7,0.532
37.66,30408.6,33678.3,-2.1288,-1.5711,146.6,96.7,0.532
37.68,29865.6,37949.6,-2.862,3.4905,146.6,96.7,0.532
37.7,32997.8,33934.0,1.3675,-1.2681,146.6,96.7,0.532
37.72,30846.3,33778.7,-1.5377,-1.4521,146.6,96.7,0.532
37.74,32398.0,38204.8,0.5576,3.7929,146.6,96.7,0.532
37.76,36158.6,35367.2,5.6357,0.4304,146.6,96.7,0.532
37.78,31132.8,33675.1,-1.1508,-1.5748,146.6,96.7,0.532
37.8,32110.1,39166.8,0.1688,4.9329,146.6,96.7,0.532
37.82,34732.6,32957.6,3.7101,-2.4251,146.6,96.7,0.532
37.84,29226.9,32695.2,-3.7245,-2.7361,146.6,96.7,0.532
37.86,30693.4,37496.5,-1.7442,2.9536,146.6,96.7,0.532
37.88,32647.6,33966.1,0.8946,-1.23,146.6,96.7,0.532
37.9,34983.8,35634.4,4.0493,0.747,146.6,96.7,0.532
37.92,31782.5,33738.1,-0.2736,-1.5001,146.6,96.7,0.532
37.94,32799.4,36779.6,1.0997,2.1041,146.6,96.7,0.532
37.96,30173.8,35872.1,-2.4459,1.0287,146.6,96.7,0.532
37.98,30704.0,33054.7,-1.7299,-2.31,146.6,96.7,0.532
38.0,30143.8,33770.4,-2.4864,-1.4619,146.6,96.7,0.532
38.02,31813.4,33439.9,-0.2319,-1.8535,146.6,96.7,0.532
38.04,29136.0,35226.5,-3.8472,0.2636,146.6,96.7,0.532
38.06,30932.3,33369.3,-1.4216,-1.9373,146.6,96.7,0.532
38.08,30519.4,34676.2,-1.9791,-0.3886,146.6,96.7,0.532
38.1,31861.2,36542.6,-0.1672,1.8232,146.6,96.7,0.532
38.12,35942.8,37417.2,5.3442,2.8596,146.6,96.7,0.532
38.14,30126.6,35809.4,-2.5096,0.9544,146.6,96.7,0.532
38.16,29265.3,31937.4,-3.6726,-3.6341,146.6,96.7,0.532
38.18,29161.0,34512.8,-3.8135,-0.5821,146.6,96.7,0.532
38.2,31690.2,35890.7,-0.3982,1.0506,146.6,96.7,0.532
38.22,32816.8,34866.3,1.1231,-0.1633,146.6,96.7,0.532
38.24,31838.8,32714.7,-0.1975,-2.713,146.6,96.7,0.532
38.26,34818.1,36333.0,3.8255,1.5748,146.6,96.7,0.532
38.28,29906.4,33508.0,-2.807,-1.7728,146.6,96.7,0.532
38.3,30044.7,28711.9,-2.6201,-7.4564,146.6,96.7,0.532
38.32,31186.3,32225.5,-1.0786,-3.2926,146.6,96.7,0.532
38.34,31215.7,33976.2,-1.0389,-1.2181,146.6,96.7,0.532
38.36,34160.2,31330.2,2.9371,-4.3536,146.6,96.7,0.532
38.38,31216.1,33897.2,-1.0383,-1.3117,146.6,96.7,0.532
38.4,32226.1,35193.3,0.3255,0.2242,146.6,96.7,0.532
38.42,34508.6,36189.7,3.4075,1.405,146.6,96.7,0.532
38.44,32495.6,34616.9,0.6893,-0.4588,146.6,96.7,0.532
38.46,30758.6,35982.0,-1.6562,1.1588,146.6,96.7,0.532
38.48,34443.1,35491.3,3.3191,0.5773,146.6,96.7,0.532
38.5,33107.9,36153.6,1.5162,1.3622,146.6,96.7,0.532
38.52,30648.0,38889.8,-1.8055,4.6047,146.6,96.7,0.532
38.54,30118.5,35865.6,-2.5205,1.0209,146.6,96.7,0.532
38.56,35613.7,37014.2,4.8999,2.3821,146.6,96.7,0.532
38.58,33063.3,37373.3,1.456,2.8076,146.6,96.7,0.532
38.6,33135.6,33591.2,1.5536,-1.6743,146.6,96.7,0.532
38.62,30089.2,35520.0,-2.5601,0.6114,146.6,96.7,0.532
38.64,28326.2,34721.3,-4.9407,-0.3351,146.6,96.7,0.532
38.66,29189.5,35142.3,-3.7749,0.1638,146.6,96.7,0.532
38.68,32189.6,35449.3,0.2761,0.5276,146.6,96.7,0.532
38.7,32082.5,32313.1,0.1316,-3.1888,146.6,96.7,0.532
38.72,32517.2,36809.3,0.7186,2.1392,146.6,96.7,0.532
38.74,32472.1,32423.8,0.6577,-3.0576,146.6,96.7,0.532
38.76,33727.1,36490.5,2.3523,1.7615,146.6,96.7,0.532
38.78,34447.2,39460.7,3.3247,5.2812,146.6,96.7,0.532
38.8,33795.1,30514.8,2.4441,-5.3199,146.6,96.7,0.532
38.82,30257.4,32285.3,-2.333,-3.2218,146.6,96.7,0.532
38.84,31834.2,31287.7,-0.2038,-4.4039,146.6,96.7,0.532
38.86,30701.5,35970.6,-1.7333,1.1453,146.6,96.7,0.532
38.88,29265.1,36590.0,-3.6729,1.8793,146.6,96.7,0.532
38.9,32625.5,34898.7,0.8648,-0.1248,146.6,96.7,0.532
38.92,31494.5,36436.6,-0.6625,1.6976,146.6,96.7,0.532
38.94,34756.7,34437.5,3.7426,-0.6714,146.6,96.7,0.532
38.96,35767.4,40490.8,5.1074,6.5019,146.6,96.7,0.532
38.98,30479.4,35967.2,-2.0332,1.1413,146.6,96.7,0.532
39.0,34561.4,33370.0,3.4789,-1.9364,146.6,96.7,0.532
39.02,31835.8,35403.9,-0.2016,0.4739,146.6,96.7,0.532
39.04,32764.6,37724.9,1.0526,3.2243,146.6,96.7,0.532
39.06,31267.3,33544.3,-0.9693,-1.7299,146.6,96.7,0.532
39.08,32794.7,33906.0,1.0933,-1.3013,146.6,96.7,0.532
39.1,30267.3,34607.4,-2.3196,-0.47,146.6,96.7,0.532
39.12,33637.2,34858.2,2.2309,-0.1729,146.6,96.7,0.532
39.14,34513.7,30282.4,3.4145,-5.5953,146.6,96.7,0.532
39.16,33119.7,31511.4,1.5321,-4.1389,146.6,96.7,0.532
39.18,29354.2,38237.8,-3.5526,3.832,146.6,96.7,0.532
39.2,30747.9,33263.9,-1.6706,-2.0621,146.6,96.7,0.532
39.22,29334.8,36632.0,-3.5787,1.9291,146.6,96.7,0.532
39.24,32574.0,31676.7,0.7953,-3.943,146.6,96.7,0.532
39.26,26835.1,32597.1,-6.9542,-2.8523,146.6,96.7,0.532
39.28,30747.9,31656.6,-1.6707,-3.9668,146.6,96.7,0.532
39.3,32477.6,33046.2,0.665,-2.3202,146.6,96.7,0.532
39.32,33696.2,37776.8,2.3106,3.2857,146.6,96.7,0.532
39.34,32981.9,38803.5,1.3461,4.5024,146.6,96.7,0.532
39.36,35010.5,37255.3,4.0853,2.6678,146.6,96.7,0.532
39.38,34245.7,38751.3,3.0525,4.4406,146.6,96.7,0.532
39.4,31056.6,33826.7,-1.2538,-1.3953,146.6,96.7,0.532
39.42,34290.1,33886.4,3.1126,-1.3244,146.6,96.7,0.532
39.44,35537.4,33018.6,4.7967,-2.3529,146.6,96.7,0.532
39.46,33214.8,35206.2,1.6606,0.2396,146.6,96.7,0.532
39.48,33289.2,36632.2,1.761,1.9293,146.6,96.7,0.532
39.5,31853.8,35678.6,-0.1773,0.7994,146.6,96.7,0.532
39.52,28748.3,34015.7,-4.3707,-1.1712,146.6,96.7,0.532
39.54,30172.2,38308.0,-2.448,3.9153,146.6,96.7,0.532
39.56,33114.9,39602.8,1.5256,5.4496,146.6,96.7,0.532
39.58,30036.2,39351.8,-2.6317,5.1522,146.6,96.7,0.532
39.6,35872.9,33445.0,5.2498,-1.8475,146.6,96.7,0.532
39.62,31722.3,33933.4,-0.3548,-1.2687,146.6,96.7,0.532
39.64,31771.4,35265.2,-0.2885,0.3095,146.6,96.7,0.532
39.66,30067.7,33418.9,-2.5891,-1.8785,146.6,96.7,0.532
39.68,31271.0,32720.5,-0.9643,-2.7061,146.6,96.7,0.532
39.7,33349.8,37048.7,1.8429,2.4229,146.6,96.7,0.532
39.72,34301.7,34908.4,3.1281,-0.1133,146.6,96.7,0.532
39.74,30854.7,34132.1,-1.5263,-1.0333,146.6,96.7,0.532
39.76,31815.4,35718.4,-0.2292,0.8465,146.6,96.7,0.532
39.78,32163.1,34570.1,0.2404,-0.5142,146.6,96.7,0.532
39.8,31465.7,37236.1,-0.7014,2.645,146.6,96.7,0.532
39.82,30944.0,36018.4,-1.4059,1.202,146.6,96.7,0.532
39.84,32149.2,31055.3,0.2217,-4.6794,146.6,96.7,0.532
39.86,32898.2,36844.6,1.2331,2.1811,146.6,96.7,0.532
39.88,31419.4,36882.0,-0.7639,2.2253,146.6,96.7,0.532
39.9,30293.1,37422.7,-2.2847,2.8662,146.6,96.7,0.532
39.92,30808.2,35129.2,-1.5892,0.1483,146.6,96.7,0.532
39.94,28791.9,37629.4,-4.3118,3.111,146.6,96.7,0.532
39.96,31018.8,33766.3,-1.3047,-1.4667,146.6,96.7,0.532
39.98,35353.9,36232.0,4.549,1.4551,146.6,96.7,0.532
40.0,32444.6,36812.0,0.6204,2.1425,146.6,96.7,0.532
40.02,30972.5,31017.6,-1.3673,-4.724,146.6,96.7,0.532
40.04,34968.5,30204.5,4.0286,-5.6875,146.6,96.7,0.532
40.06,28858.9,33436.1,-4.2214,-1.8581,146.6,96.7,0.532
40.08,30385.4,32645.4,-2.1601,-2.7951,146.6,96.7,0.532
40.1,34708.5,31339.0,3.6776,-4.3431,146.6,96.7,0.532
40.12,32004.3,34186.9,0.026,-0.9684,146.6,96.7,0.532
40.14,31191.3,34125.7,-1.0718,-1.0409,146.6,96.7,0.532
40.16,30072.0,34524.9,-2.5833,-0.5679,146.6,96.7,0.532
40.18,26986.8,36354.2,-6.7493,1.5999,146.6,96.7,0.532
40.2,32595.0,40113.0,0.8235,6.0542,146.6,96.7,0.532
40.22,32882.0,36376.8,1.2111,1.6267,146.6,96.7,0.532
40.24,30611.2,34017.1,-1.8552,-1.1695,146.6,96.7,0.532
40.26,29277.1,35446.6,-3.6567,0.5244,146.6,96.7,0.532
40.28,32025.4,35360.2,0.0545,0.4221,146.6,96.7,0.532
40.3,32727.1,36022.8,1.002,1.2073,146.6,96.7,0.532
40.32,31335.1,31908.4,-0.8776,-3.6685,146.6,96.7,0.532
40.34,29162.6,35533.4,-3.8113,0.6273,146.6,96.7,0.532
40.36,30305.8,32026.0,-2.2676,-3.529,146.6,96.7,0.532
40.38,34011.8,32008.1,2.7367,-3.5503,146.6,96.7,0.532
40.4,31802.0,34501.1,-0.2473,-0.596,146.6,96.7,0.532
40.42,31773.2,33933.8,-0.2861,-1.2683,146.6,96.7,0.532
40.44,26458.6,35785.9,-7.4626,0.9265,146.6,96.7,0.532
40.46,28416.8,35015.6,-4.8183,0.0136,146.6,96.7,0.532
40.48,33676.7,35434.1,2.2843,0.5096,146.6,96.7,0.532
40.5,30217.6,32850.8,-2.3867,-2.5517,146.6,96.7,0.532
40.52,30093.4,33030.9,-2.5545,-2.3382,146.6,96.7,0.532
40.54,30241.7,33259.3,-2.3541,-2.0676,146.6,96.7,0.532
40.56,34374.9,37159.8,3.227,2.5546,146.6,96.7,0.532
40.58,32411.7,34992.6,0.576,-0.0136,146.6,96.7,0.532
40.6,35629.0,35497.5,4.9205,0.5847,146.6,96.7,0.532
40.62,34844.4,39075.9,3.861,4.8253,146.6,96.7,0.532
40.64,33102.7,35144.6,1.5091,0.1666,146.6,96.7,0.532
40.66,33261.8,35375.5,1.7239,0.4401,146.6,96.7,0.532
40.68,32386.5,36818.2,0.5421,2.1498,146.6,96.7,0.532
40.7,30228.2,39375.6,-2.3724,5.1803,146.6,96.7,0.532
40.72,30231.2,33853.4,-2.3683,-1.3636,146.6,96.7,0.532
40.74,29196.6,35311.3,-3.7654,0.3641,146.6,96.7,0.532
40.76,33749.5,35841.1,2.3826,0.9919,146.6,96.7,0.532
40.78,33532.9,32206.0,2.0901,-3.3158,146.6,96.7,0.532
40.8,31890.5,33674.1,-0.1277,-1.5761,146.6,96.7,0.532
40.82,29693.8,36117.0,-3.094,1.3189,146.6,96.7,0.532
40.84,31909.9,37534.4,-0.1015,2.9984,146.6,96.7,0.532
40.86,28900.1,36142.3,-4.1657,1.3488,146.6,96.7,0.532
40.88,32648.3,34584.4,0.8956,-0.4973,146.6,96.7,0.532
40.9,34379.6,34798.6,3.2334,-0.2434,146.6,96.7,0.532
40.92,28440.9,33812.3,-4.7858,-1.4122,146.6,96.7,0.532
40.94,29825.5,32935.5,-2.9162,-2.4513,146.6,96.7,0.532
40.96,32719.7,38109.7,0.992,3.6802,146.6,96.7,0.532
40.98,30625.3,37633.9,-1.8361,3.1164,146.6,96.7,0.532
41.0,32294.2,33866.9,0.4174,-1.3476,146.6,96.7,0.532
41.02,31112.2,38221.2,-1.1787,3.8123,146.6,96.7,0.532
41.04,34319.3,39213.3,3.152,4.988,146.6,96.7,0.532
41.06,29917.5,34952.4,-2.7919,-0.0612,146.6,96.7,0.532
41.08,34574.1,35831.4,3.496,0.9804,146.6,96.7,0.532
41.1,35072.0,34989.2,4.1684,-0.0176,146.6,96.7,0.532
41.12,34240.1,33984.7,3.0451,-1.208,146.6,96.7,0.532
41.14,30208.4,34085.6,-2.399,-1.0884,146.6,96.7,0.532
41.16,33058.8,36321.8,1.4499,1.5616,146.6,96.7,0.532
41.18,33547.8,35308.3,2.1102,0.3605,146.6,96.7,0.532
41.2,32457.4,27303.0,0.6378,-9.1259,146.6,96.7,0.532
41.22,31656.2,35253.9,-0.4441,0.2961,146.6,96.7,0.532
41.24,31253.0,32438.8,-0.9886,-3.0399,146.6,96.7,0.532
41.26,31311.0,31390.8,-0.9103,-4.2818,146.6,96.7,0.532
41.28,32271.0,33565.9,0.3861,-1.7043,146.6,96.7,0.532
41.3,29076.9,35570.8,-3.927,0.6716,146.6,96.7,0.532
41.32,30073.0,36992.5,-2.5819,2.3564,146.6,96.7,0.532
41.34,30860.4,35763.1,-1.5187,0.8995,146.6,96.7,0.532
41.36,32341.4,33792.6,0.4811,-1.4356,146.6,96.7,0.532
41.38,30164.5,35011.4,-2.4584,0.0086,146.6,96.7,0.532
41.4,34892.9,37698.8,3.9266,3.1933,146.6,96.7,0.532
41.42,28712.0,37507.6,-4.4197,2.9667,146.6,96.7,0.532
41.44,30807.8,38652.8,-1.5897,4.3238,146.6,96.7,0.532
41.46,30514.9,35235.4,-1.9852,0.2742,146.6,96.7,0.532
41.48,29764.7,34682.7,-2.9983,-0.3809,146.6,96.7,0.532
41.5,32796.2,37478.0,1.0953,2.9317,146.6,96.7,0.532
41.52,33744.4,37259.0,2.3757,2.6721,146.6,96.7,0.532
41.54,32862.6,38417.8,1.185,4.0453,146.6,96.7,0.532
41.56,32388.9,30738.6,0.5453,-5.0546,146.6,96.7,0.532
41.58,31392.8,36713.8,-0.7998,2.0261,146.6,96.7,0.532
41.6,31491.3,33890.0,-0.6667,-1.3202,146.6,96.7,0.532
41.62,32106.2,36355.7,0.1635,1.6017,146.6,96.7,0.532
41.64,33162.9,36828.9,1.5904,2.1625,146.6,96.7,0.532
41.66,32482.5,35833.3,0.6717,0.9827,146.6,96.7,0.532
41.68,30482.8,35428.9,-2.0286,0.5034,146.6,96.7,0.532
41.7,30391.0,34543.7,-2.1526,-0.5455,146.6,96.7,0.532
41.72,31921.9,38003.1,-0.0854,3.5539,146.6,96.7,0.532
41.74,33978.9,30699.8,2.6923,-5.1006,146.6,96.7,0.532
41.76,31050.6,36117.3,-1.2618,1.3192,146.6,96.7,0.532
41.78,29307.0,32322.9,-3.6163,-3.1773,146.6,96.7,0.532
41.8,35477.8,37618.7,4.7163,3.0984,146.6,96.7,0.532
41.82,30372.8,35362.5,-2.1771,0.4247,146.6,96.7,0.532
41.84,33685.4,34672.3,2.2959,-0.3931,146.6,96.7,0.532
41.86,32855.5,33748.2,1.1753,-1.4882,146.6,96.7,0.532
41.88,32678.2,33734.4,0.9359,-1.5045,146.6,96.7,0.532
41.9,32485.7,35116.0,0.6761,0.1327,146.6,96.7,0.532
41.92,29855.3,35659.6,-2.8759,0.7768,146.6,96.7,0.532
41.94,34956.6,34815.9,4.0126,-0.223,146.6,96.7,0.532
41.96,33087.4,36527.6,1.4884,1.8054,146.6,96.7,0.532
41.98,33886.4,30642.3,2.5675,-5.1687,146.6,96.7,0.532
42.0,35214.0,34337.1,4.3601,-0.7904,146.6,96.7,0.532
42.02,34250.6,33688.1,3.0592,-1.5595,146.6,96.7,0.532
42.04,30549.5,35303.4,-1.9385,0.3547,146.6,96.7,0.532
42.06,30492.4,32781.2,-2.0156,-2.6342,146.6,96.7,0.532
42.08,28556.2,33817.6,-4.6302,-1.406,146.6,96.7,0.532
42.1,31709.4,36284.2,-0.3723,1.517,146.6,96.7,0.532
42.12,34017.0,33402.1,2.7437,-1.8983,146.6,96.7,0.532
42.14,36238.6,30931.4,5.7436,-4.8262,146.6,96.7,0.532
42.16,33663.1,32769.2,2.2658,-2.6483,146.6,96.7,0.532
42.18,30555.3,34318.5,-1.9307,-0.8124,146.6,96.7,0.532
42.2,29525.4,37207.5,-3.3214,2.6112,146.6,96.7,0.532
42.22,34423.4,36805.5,3.2925,2.1348,146.6,96.7,0.532
42.24,33673.7,36407.1,2.2802,1.6626,146.6,96.7,0.532
42.26,30930.3,34495.5,-1.4243,-0.6026,146.6,96.7,0.532
42.28,31432.4,37509.2,-0.7462,2.9686,146.6,96.7,0.532
42.3,34170.7,32838.3,2.9514,-2.5665,146.6,96.7,0.532
42.32,32733.7,36371.8,1.0109,1.6208,146.6,96.7,0.532
42.34,34031.1,32370.8,2.7628,-3.1204,146.6,96.7,0.532
42.36,33871.9,33218.9,2.5478,-2.1155,146.6,96.7,0.532
42.38,32665.8,34481.2,0.9192,-0.6196,146.6,96.7,0.532
42.4,30275.8,31137.8,-2.3081,-4.5816,146.6,96.7,0.532
42.42,30261.2,33405.7,-2.3278,-1.8941,146.6,96.7,0.532
42.44,30408.5,31123.3,-2.1289,-4.5988,146.6,96.7,0.532
42.46,33046.9,36198.3,1.4338,1.4152,146.6,96.7,0.532
42.48,31455.9,30980.1,-0.7146,-4.7685,146.6,96.7,0.532
42.5,29465.2,32273.9,-3.4027,-3.2353,146.6,96.7,0.532
42.52,31845.4,36965.6,-0.1886,2.3244,146.6,96.7,0.532
42.54,31275.4,34418.6,-0.9583,-0.6938,146.6,96.7,0.532
42.56,32183.9,34390.0,0.2684,-0.7276,146.6,96.7,0.532
42.58,32611.5,39580.4,0.8459,5.423,146.6,96.7,0.532
42.6,29683.2,35750.8,-3.1083,0.8849,146.6,96.7,0.532
42.62,32561.4,33829.6,0.7782,-1.3918,146.6,96.7,0.532
42.64,31039.2,35728.5,-1.2773,0.8585,146.6,96.7,0.532
42.66,29350.8,34606.2,-3.5571,-0.4714,146.6,96.7,0.532
42.68,33200.6,35900.1,1.6414,1.0619,146.6,96.7,0.532
42.7,32285.6,37241.9,0.4058,2.6518,146.6,96.7,0.532
42.72,31938.8,32095.4,-0.0625,-3.4468,146.6,96.7,0.532
42.74,28588.1,35513.4,-4.5871,0.6035,146.6,96.7,0.532
42.76,33531.1,34670.1,2.0876,-0.3958,146.6,96.7,0.532
42.78,35192.4,37000.5,4.331,2.3658,146.6,96.7,0.532
42.8,33716.3,34114.7,2.3378,-1.054,146.6,96.7,0.532
42.82,31073.9,36635.6,-1.2304,1.9334,146.6,96.7,0.532
42.84,31187.5,28898.3,-1.077,-7.2355,146.6,96.7,0.532
42.86,26781.9,34642.1,-7.026,-0.4289,146.6,96.7,0.532
42.88,34451.3,31196.8,3.3302,-4.5116,146.6,96.7,0.532
42.9,33749.2,34160.4,2.3821,-0.9997,146.6,96.7,0.532
42.92,30435.2,35097.6,-2.0928,0.1108,146.6,96.7,0.532
42.94,31900.8,35984.3,-0.1138,1.1615,146.6,96.7,0.532
42.96,31085.2,34637.4,-1.2151,-0.4345,146.6,96.7,0.532
42.98,32275.6,35121.5,0.3922,0.1391,146.6,96.7,0.532
43.0,35053.3,39462.4,4.1431,5.2832,146.6,96.7,0.532
43.02,31947.5,37833.0,-0.0508,3.3523,146.6,96.7,0.532
43.04,31439.0,36169.5,-0.7374,1.3811,146.6,96.7,0.532
43.06,32405.5,33402.5,0.5677,-1.8978,146.6,96.7,0.532
43.08,28514.1,35676.2,-4.687,0.7965,146.6,96.7,0.532
43.1,30953.0,33237.3,-1.3937,-2.0936,146.6,96.7,0.532
43.12,37216.2,32043.3,7.0638,-3.5085,146.6,96.7,0.532
43.14,33512.3,34505.1,2.0622,-0.5913,146.6,96.7,0.532
43.16,31384.3,36710.9,-0.8113,2.0227,146.6,96.7,0.532
43.18,33938.4,33463.9,2.6376,-1.8252,146.6,96.7,0.532
43.2,28200.1,35069.9,-5.111,0.078,146.6,96.7,0.532
43.22,32968.5,34934.5,1.328,-0.0824,146.6,96.7,0.532
43.24,29348.8,32753.7,-3.5598,-2.6668,146.6,96.7,0.532
43.26,31818.8,35692.2,-0.2245,0.8155,146.6,96.7,0.532
43.28,31522.0,33018.9,-0.6253,-2.3524,146.6,96.7,0.532
43.3,31065.1,36307.5,-1.2423,1.5446,146.6,96.7,0.532
43.32,31606.4,31694.2,-0.5113,-3.9223,146.6,96.7,0.532
43.34,31578.9,32954.8,-0.5485,-2.4284,146.6,96.7,0.532
43.36,29675.1,31105.7,-3.1192,-4.6197,146.6,96.7,0.532
43.38,30383.5,37136.6,-2.1627,2.5271,146.6,96.7,0.532
43.4,30765.3,32821.3,-1.6472,-2.5866,146.6,96.7,0.532
43.42,31624.7,34935.7,-0.4867,-0.081,146.6,96.7,0.532
43.44,31607.8,36897.0,-0.5095,2.2432,146.6,96.7,0.532
43.46,31451.1,34942.1,-0.721,-0.0735,146.6,96.7,0.532
43.48,31011.9,34420.9,-1.3141,-0.6911,146.6,96.7,0.532
43.5,33896.0,34883.7,2.5804,-0.1426,146.6,96.7,0.532
43.52,27372.7,34953.4,-6.2282,-0.0601,146.6,96.7,0.532
43.54,38684.3,32561.3,9.0462,-2.8947,146.6,96.7,0.532
43.56,33418.2,34158.8,1.9351,-1.0017,146.6,96.7,0.532
43.58,30990.9,38053.9,-1.3425,3.6141,146.6,96.7,0.532
43.6,31119.4,33954.7,-1.1689,-1.2435,146.6,96.7,0.532
43.62,30764.5,34807.4,-1.6482,-0.233,146.6,96.7,0.532
43.64,33007.2,32846.5,1.3802,-2.5568,146.6,96.7,0.532
43.66,32426.2,33432.9,0.5956,-1.8618,146.6,96.7,0.532
43.68,33320.5,38504.6,1.8033,4.1482,146.6,96.7,0.532
43.7,33059.2,31191.4,1.4504,-4.5181,146.6,96.7,0.532
43.72,31469.0,36052.6,-0.6969,1.2425,146.6,96.7,0.532
43.74,30987.4,32687.4,-1.3472,-2.7453,146.6,96.7,0.532
43.76,28715.4,36006.1,-4.4151,1.1874,146.6,96.7,0.532
43.78,30826.5,34947.0,-1.5645,-0.0676,146.6,96.7,0.532
43.8,30950.4,34510.1,-1.3971,-0.5854,146.6,96.7,0.532
43.82,32475.5,35961.3,0.6622,1.1344,146.6,96.7,0.532
43.84,31565.7,34041.8,-0.5663,-1.1403,146.6,96.7,0.532
43.86,31616.0,37788.1,-0.4984,3.2992,146.6,96.7,0.532
43.88,31891.9,33542.8,-0.1258,-1.7316,146.6,96.7,0.532
43.9,34682.2,36205.1,3.642,1.4233,146.6,96.7,0.532
43.92,30743.4,33494.5,-1.6766,-1.7889,146.6,96.7,0.532
43.94,34795.7,36077.7,3.7953,1.2723,146.6,96.7,0.532
43.96,28659.0,37847.3,-4.4914,3.3693,146.6,96.7,0.532
43.98,31127.2,32866.9,-1.1584,-2.5326,146.6,96.7,0.532
44.0,30651.6,36144.4,-1.8006,1.3514,146.6,96.7,0.532
44.02,30171.0,34143.8,-2.4497,-1.0195,146.6,96.7,0.532
44.04,30962.3,37605.3,-1.3811,3.0825,146.6,96.7,0.532
44.06,31747.0,36158.9,-0.3215,1.3686,146.6,96.7,0.532
44.08,30216.2,32833.3,-2.3886,-2.5724,146.6,96.7,0.532
44.1,30409.4,35573.3,-2.1277,0.6746,146.6,96.7,0.532
44.12,34622.1,34600.4,3.5608,-0.4783,146.6,96.7,0.532
44.14,31194.8,30091.5,-1.0672,-5.8215,146.6,96.7,0.532
44.16,32886.2,32702.5,1.2168,-2.7274,146.6,96.7,0.532
44.18,35183.2,32928.3,4.3185,-2.4598,146.6,96.7,0.532
44.2,29572.7,37239.2,-3.2575,2.6487,146.6,96.7,0.532
44.22,33518.3,36393.4,2.0704,1.6464,146.6,96.7,0.532
44.24,31585.0,34379.7,-0.5402,-0.7399,146.6,96.7,0.532
44.26,33889.2,36261.9,2.5711,1.4905,146.6,96.7,0.532
44.28,36592.1,35980.3,6.221,1.1569,146.6,96.7,0.532
44.3,33929.7,39036.7,2.6258,4.7788,146.6,96.7,0.532
44.32,32308.5,37002.9,0.4368,2.3687,146.6,96.7,0.532
44.34,31909.0,33672.0,-0.1027,-1.5785,146.6,96.7,0.532
44.36,29780.2,36724.8,-2.9774,2.0391,146.6,96.7,0.532
44.38,31957.1,34016.2,-0.0378,-1.1706,146.6,96.7,0.532
44.4,30827.0,37550.7,-1.5638,3.0178,146.6,96.7,0.532
44.42,32914.8,34402.2,1.2554,-0.7132,146.6,96.7,0.532
44.44,30262.3,36137.4,-2.3264,1.343,146.6,96.7,0.532
44.46,32157.5,39138.9,0.2329,4.8998,146.6,96.7,0.532
44.48,29833.6,34615.8,-2.9052,-0.4601,146.6,96.7,0.532
44.5,30180.8,35587.9,-2.4363,0.6918,146.6,96.7,0.532
44.52,31021.5,34790.3,-1.3011,-0.2533,146.6,96.7,0.532
44.54,31392.5,37772.3,-0.8002,3.2804,146.6,96.7,0.532
44.56,32640.4,35038.9,0.8849,0.0413,146.6,96.7,0.532
44.58,31225.8,33258.9,-1.0253,-2.0681,146.6,96.7,0.532
44.6,31190.6,35396.1,-1.0728,0.4646,146.6,96.7,0.532
44.62,31376.9,39926.0,-0.8213,5.8326,146.6,96.7,0.532
44.64,32518.0,35768.5,0.7196,0.9058,146.6,96.7,0.532
44.66,31398.4,36473.0,-0.7923,1.7408,146.6,96.7,0.532
44.68,32811.1,38180.8,1.1154,3.7645,146.6,96.7,0.532
44.7,35366.5,37231.5,4.566,2.6395,146.6,96.7,0.532
44.72,33731.1,34269.0,2.3576,-0.871,146.6,96.7,0.532
44.74,31132.5,35394.4,-1.1513,0.4626,146.6,96.7,0.532
44.76,35346.4,31961.5,4.5389,-3.6055,146.6,96.7,0.532
44.78,30405.8,33450.3,-2.1325,-1.8412,146.6,96.7,0.532
44.8,35144.2,32191.1,4.2658,-3.3334,146.6,96.7,0.532
44.82,30661.7,34812.8,-1.787,-0.2266,146.6,96.7,0.532
44.84,34704.7,34757.9,3.6723,-0.2917,146.6,96.7,0.532
44.86,28967.1,30486.5,-4.0752,-5.3534,146.6,96.7,0.532
44.88,30751.5,32910.5,-1.6657,-2.4809,146.6,96.7,0.532
44.9,28337.8,36092.2,-4.925,1.2895,146.6,96.7,0.532
44.92,32355.1,36397.2,0.4997,1.6509,146.6,96.7,0.532
44.94,30655.7,33063.3,-1.7951,-2.2998,146.6,96.7,0.532
44.96,30663.5,35533.8,-1.7846,0.6277,146.6,96.7,0.532
44.98,30155.1,34154.6,-2.4711,-1.0066,146.6,96.7,0.532
45.0,31830.4,34610.8,-0.2089,-0.4661,146.6,96.7,0.532
45.02,32019.7,34996.5,0.0468,-0.009,146.6,96.7,0.532
45.04,32157.9,35450.3,0.2334,0.5288,146.6,96.7,0.532
45.06,32333.4,35640.6,0.4704,0.7543,146.6,96.7,0.532
45.08,32351.6,35767.0,0.495,0.9041,146.6,96.7,0.532
45.1,32355.8,35648.0,0.5007,0.7631,146.6,96.7,0.532
45.12,32207.3,35487.5,0.3001,0.5729,146.6,96.7,0.532
45.14,32119.8,35290.4,0.1819,0.3394,146.6,96.7,0.532
45.16,32112.6,35111.3,0.1721,0.1271,146.6,96.7,0.532
45.18,31987.5,35073.4,0.0033,0.0822,146.6,96.7,0.532
45.2,32078.7,35007.4,0.1264,0.0039,146.6,96.7,0.532
45.22,31933.2,34984.0,-0.07,-0.0238,146.6,96.7,0.532
45.24,31862.7,34898.0,-0.1653,-0.1257,146.6,96.7,0.532
45.26,32008.9,34779.7,0.0322,-0.2659,146.6,96.7,0.532
45.28,31857.9,34636.9,-0.1717,-0.4351,146.6,96.7,0.532
45.3,31831.0,34791.2,-0.208,-0.2523,146.6,96.7,0.532
45.32,31797.1,34689.7,-0.2539,-0.3726,146.6,96.7,0.532
45.34,31785.6,34615.5,-0.2694,-0.4604,146.6,96.7,0.532
45.36,31809.5,34494.7,-0.237,-0.6036,146.6,96.7,0.532
45.38,31708.8,34468.8,-0.373,-0.6343,146.6,96.7,0.532
45.4,31776.9,34539.6,-0.2812,-0.5504,146.6,96.7,0.532
45.42,31939.1,34828.7,-0.0621,-0.2078,146.6,96.7,0.532
45.44,32045.7,35188.3,0.0819,0.2183,146.6,96.7,0.532
45.46,32199.8,35606.1,0.2899,0.7134,146.6,96.7,0.532
45.48,32313.8,35779.0,0.4438,0.9183,146.6,96.7,0.532
45.5,32329.8,35690.2,0.4655,0.8131,146.6,96.7,0.532
45.52,32336.6,35515.5,0.4746,0.6061,146.6,96.7,0.532
45.54,32176.0,35386.6,0.2578,0.4533,146.6,96.7,0.532
45.56,32143.9,35190.3,0.2145,0.2207,146.6,96.7,0.532
45.58,32022.3,35053.7,0.0503,0.0588,146.6,96.7,0.532
45.6,32046.0,35067.9,0.0822,0.0756,146.6,96.7,0.532
45.62,32013.2,35010.6,0.038,0.0078,146.6,96.7,0.532
45.64,31950.4,34942.7,-0.0468,-0.0727,146.6,96.7,0.532
45.66,31862.9,34716.9,-0.165,-0.3403,146.6,96.7,0.532
45.68,31915.4,34734.9,-0.0941,-0.319,146.6,96.7,0.532
45.7,31825.2,34594.2,-0.2159,-0.4857,146.6,96.7,0.532
45.72,31884.8,34623.6,-0.1354,-0.4509,146.6,96.7,0.532
45.74,31856.9,34576.0,-0.173,-0.5073,146.6,96.7,0.532
45.76,31802.9,34565.5,-0.246,-0.5197,146.6,96.7,0.532
45.78,31694.9,34504.0,-0.3918,-0.5926,146.6,96.7,0.532
45.8,31791.1,34509.5,-0.2619,-0.5861,146.6,96.7,0.532
45.82,31843.4,34656.1,-0.1913,-0.4123,146.6,96.7,0.532
45.84,31965.8,35017.9,-0.026,0.0164,146.6,96.7,0.532
45.86,32163.0,35427.6,0.2402,0.5019,146.6,96.7,0.532
45.88,32378.0,35687.1,0.5306,0.8094,146.6,96.7,0.532
45.9,32338.8,35739.6,0.4776,0.8716,146.6,96.7,0.532
45.92,32246.1,35655.3,0.3524,0.7717,146.6,96.7,0.532
45.94,32231.0,35558.5,0.3321,0.657,146.6,96.7,0.532
45.96,32089.6,35288.3,0.1412,0.3368,146.6,96.7,0.532
45.98,32092.6,35186.8,0.1452,0.2165,146.6,96.7,0.532
46.0,31982.0,35124.5,-0.0042,0.1427,146.6,96.7,0.532
46.02,32108.3,35003.5,0.1664,-0.0007,146.6,96.7,0.532
46.04,31944.9,34851.3,-0.0542,-0.1811,146.6,96.7,0.532
46.06,31993.3,34822.2,0.011,-0.2155,146.6,96.7,0.532
46.08,31892.7,34690.2,-0.1248,-0.3719,146.6,96.7,0.532
46.1,31813.3,34770.5,-0.2319,-0.2768,146.6,96.7,0.532
46.12,31775.4,34575.4,-0.2832,-0.508,146.6,96.7,0.532
46.14,31891.7,34579.9,-0.126,-0.5027,146.6,96.7,0.532
46.16,31845.3,34531.7,-0.1888,-0.5597,146.6,96.7,0.532
46.18,31812.4,34498.1,-0.2332,-0.5996,146.6,96.7,0.532
46.2,31714.3,34425.6,-0.3656,-0.6855,146.6,96.7,0.532
46.22,31844.8,34695.7,-0.1894,-0.3654,146.6,96.7,0.532
46.24,31915.2,34750.8,-0.0943,-0.3001,146.6,96.7,0.532
46.26,32110.1,35179.4,0.1688,0.2078,146.6,96.7,0.532
46.28,32137.4,35552.5,0.2057,0.6499,146.6,96.7,0.532
46.3,32406.5,35774.4,0.5691,0.9129,146.6,96.7,0.532
46.32,32354.5,35616.8,0.4989,0.7262,146.6,96.7,0.532
46.34,32241.5,35571.7,0.3463,0.6727,146.6,96.7,0.532
46.36,32163.0,35303.4,0.2402,0.3547,146.6,96.7,0.532
46.38,32104.2,35180.5,0.1608,0.2091,146.6,96.7,0.532
46.4,32062.5,35164.1,0.1045,0.1896,146.6,96.7,0.532
46.42,32072.9,35083.4,0.1186,0.094,146.6,96.7,0.532
46.44,32005.3,34986.6,0.0273,-0.0208,146.6,96.7,0.532
46.46,31838.1,34814.8,-0.1984,-0.2243,146.6,96.7,0.532
46.48,31850.3,34784.1,-0.1819,-0.2607,146.6,96.7,0.532
46.5,31755.1,34696.4,-0.3105,-0.3646,146.6,96.7,0.532
46.52,31735.1,34793.8,-0.3375,-0.2492,146.6,96.7,0.532
46.54,31810.7,34645.4,-0.2355,-0.4251,146.6,96.7,0.532
46.56,31807.6,34662.1,-0.2397,-0.4053,146.6,96.7,0.532
46.58,31747.4,34557.7,-0.321,-0.529,146.6,96.7,0.532
46.6,31753.0,34500.1,-0.3134,-0.5972,146.6,96.7,0.532
46.62,31727.5,34569.3,-0.3479,-0.5152,146.6,96.7,0.532
46.64,31767.3,34637.7,-0.2941,-0.4341,146.6,96.7,0.532
46.66,32026.3,35022.2,0.0556,0.0215,146.6,96.7,0.532
46.68,32220.6,35449.2,0.318,0.5275,146.6,96.7,0.532
46.7,32288.7,35627.1,0.41,0.7383,146.6,96.7,0.532
46.72,32288.3,35719.1,0.4094,0.8473,146.6,96.7,0.532
46.74,32320.4,35632.8,0.4527,0.745,146.6,96.7,0.532
46.76,32168.7,35395.2,0.2479,0.4635,146.6,96.7,0.532
46.78,32176.5,35333.3,0.2585,0.3901,146.6,96.7,0.532
46.8,32088.0,35198.4,0.139,0.2303,146.6,96.7,0.532
46.82,32090.6,34982.3,0.1425,-0.0258,146.6,96.7,0.532
46.84,31988.9,35026.3,0.0052,0.0264,146.6,96.7,0.532
46.86,31890.8,34905.0,-0.1274,-0.1174,146.6,96.7,0.532
46.88,31988.3,34816.5,0.0043,-0.2222,146.6,96.7,0.532
46.9,31850.2,34715.9,-0.1821,-0.3414,146.6,96.7,0.532
46.92,31883.1,34667.4,-0.1377,-0.399,146.6,96.7,0.532
46.94,31765.3,34677.3,-0.2968,-0.3872,146.6,96.7,0.532
46.96,31825.2,34753.5,-0.2158,-0.2969,146.6,96.7,0.532
46.98,31749.9,34534.5,-0.3176,-0.5564,146.6,96.7,0.532
47.0,31784.0,34448.8,-0.2716,-0.658,146.6,96.7,0.532
47.02,31837.0,34495.8,-0.1999,-0.6023,146.6,96.7,0.532
47.04,31856.2,34523.4,-0.174,-0.5696,146.6,96.7,0.532
47.06,31921.6,34838.9,-0.0857,-0.1958,146.6,96.7,0.532
47.08,32076.1,35206.2,0.123,0.2396,146.6,96.7,0.532
47.1,32279.9,35587.2,0.3981,0.691,146.6,96.7,0.532
47.12,32212.8,35747.0,0.3075,0.8803,146.6,96.7,0.532
47.14,32412.6,35694.7,0.5773,0.8184,146.6,96.7,0.532
47.16,32254.1,35501.8,0.3632,0.5898,146.6,96.7,0.532
47.18,32197.1,35237.8,0.2863,0.277,146.6,96.7,0.532
47.2,32015.7,35086.3,0.0413,0.0974,146.6,96.7,0.532
47.22,32089.8,35158.4,0.1414,0.1829,146.6,96.7,0.532
47.24,31980.3,35164.3,-0.0065,0.1899,146.6,96.7,0.532
47.26,32083.0,35003.8,0.1322,-0.0003,146.6,96.7,0.532
47.28,31891.1,34760.9,-0.1269,-0.2881,146.6,96.7,0.532
47.3,31920.9,34834.0,-0.0866,-0.2015,146.6,96.7,0.532
47.32,31905.9,34762.7,-0.1069,-0.2861,146.6,96.7,0.532
47.34,31795.6,34647.7,-0.2558,-0.4223,146.6,96.7,0.532
47.36,31860.2,34761.5,-0.1687,-0.2875,146.6,96.7,0.532
47.38,31742.6,34542.1,-0.3274,-0.5474,146.6,96.7,0.532
47.4,31739.0,34478.7,-0.3322,-0.6226,146.6,96.7,0.532
47.42,31703.4,34514.5,-0.3803,-0.5801,146.6,96.7,0.532
47.44,31726.6,34475.4,-0.349,-0.6264,146.6,96.7,0.532
47.46,31863.2,34743.5,-0.1646,-0.3088,146.6,96.7,0.532
47.48,32035.9,35060.8,0.0686,0.0673,146.6,96.7,0.532
47.5,32245.3,35419.5,0.3514,0.4923,146.6,96.7,0.532
47.52,32336.6,35700.7,0.4747,0.8256,146.6,96.7,0.532
47.54,32386.7,35809.6,0.5423,0.9546,146.6,96.7,0.532
47.56,32319.0,35596.4,0.4509,0.702,146.6,96.7,0.532
47.58,32277.7,35483.5,0.3951,0.5681,146.6,96.7,0.532
47.6,32146.6,35351.0,0.2181,0.4111,146.6,96.7,0.532
47.62,32143.1,35090.8,0.2133,0.1028,146.6,96.7,0.532
47.64,31986.6,35068.3,0.0021,0.0761,146.6,96.7,0.532
47.66,31995.1,34997.9,0.0135,-0.0073,146.6,96.7,0.532
47.68,31973.0,34959.2,-0.0164,-0.0532,146.6,96.7,0.532
47.7,31852.3,34934.1,-0.1793,-0.0829,146.6,96.7,0.532
47.72,31845.5,34629.7,-0.1885,-0.4437,146.6,96.7,0.532
47.74,31856.5,34678.8,-0.1736,-0.3854,146.6,96.7,0.532
47.76,31849.5,34698.1,-0.183,-0.3625,146.6,96.7,0.532
47.78,31795.8,34648.8,-0.2555,-0.421,146.6,96.7,0.532
47.8,31890.1,34583.4,-0.1283,-0.4985,146.6,96.7,0.532
47.82,31741.4,34482.1,-0.329,-0.6185,146.6,96.7,0.532
47.84,31744.8,34431.5,-0.3244,-0.6785,146.6,96.7,0.532
47.86,31823.7,34521.1,-0.2179,-0.5723,146.6,96.7,0.532
47.88,31911.2,34845.1,-0.0998,-0.1884,146.6,96.7,0.532
47.9,32108.7,35263.9,0.167,0.3079,146.6,96.7,0.532
47.92,32255.1,35713.4,0.3646,0.8406,146.6,96.7,0.532
47.94,32350.2,35687.7,0.493,0.8102,146.6,96.7,0.532
47.96,32385.9,35674.3,0.5413,0.7943,146.6,96.7,0.532
47.98,32279.1,35426.7,0.3971,0.5008,146.6,96.7,0.532
48.0,32135.6,35299.9,0.2032,0.3506,146.6,96.7,0.532
48.02,32073.8,35258.8,0.1198,0.3018,146.6,96.7,0.532
48.04,32127.3,35143.6,0.1921,0.1653,146.6,96.7,0.532
48.06,32056.1,35092.1,0.0959,0.1044,146.6,96.7,0.532
48.08,32024.6,34993.3,0.0534,-0.0127,146.6,96.7,0.532
48.1,31909.5,34828.7,-0.1021,-0.2078,146.6,96.7,0.532
48.12,31994.7,34787.1,0.013,-0.2571,146.6,96.7,0.532
48.14,31881.1,34743.0,-0.1404,-0.3094,146.6,96.7,0.532
48.16,31790.3,34697.6,-0.2631,-0.3631,146.6,96.7,0.532
48.18,31902.5,34634.5,-0.1115,-0.4379,146.6,96.7,0.532
48.2,31839.7,34662.7,-0.1962,-0.4045,146.6,96.7,0.532
48.22,31733.8,34496.7,-0.3392,-0.6013,146.6,96.7,0.532
48.24,31655.4,34433.3,-0.4451,-0.6764,146.6,96.7,0.532
48.26,31730.6,34474.5,-0.3436,-0.6275,146.6,96.7,0.532
48.28,31774.1,34842.2,-0.2848,-0.1918,146.6,96.7,0.532
48.3,32009.5,35065.6,0.0329,0.0729,146.6,96.7,0.532
48.32,32194.6,35384.1,0.2829,0.4504,146.6,96.7,0.532
48.34,32459.1,35711.0,0.64,0.8378,146.6,96.7,0.532
48.36,32420.9,35803.7,0.5885,0.9476,146.6,96.7,0.532
48.38,32272.3,35550.0,0.3879,0.6469,146.6,96.7,0.532
48.4,32185.3,35399.2,0.2703,0.4683,146.6,96.7,0.532
48.42,32146.3,35170.8,0.2177,0.1976,146.6,96.7,0.532
48.44,32073.6,35152.9,0.1195,0.1764,146.6,96.7,0.532
48.46,32020.1,35047.9,0.0473,0.0519,146.6,96.7,0.532
48.48,32028.8,34987.7,0.059,-0.0194,146.6,96.7,0.532
48.5,31909.0,34936.5,-0.1028,-0.08,146.6,96.7,0.532
48.52,31907.0,34751.2,-0.1055,-0.2996,146.6,96.7,0.532
48.54,31870.3,34644.2,-0.155,-0.4264,146.6,96.7,0.532
48.56,31889.9,34714.2,-0.1286,-0.3434,146.6,96.7,0.532
48.58,31747.4,34705.6,-0.321,-0.3537,146.6,96.7,0.532
48.6,31787.3,34702.7,-0.2671,-0.3571,146.6,96.7,0.532
48.62,31686.5,34579.5,-0.4032,-0.5031,146.6,96.7,0.532
48.64,31757.8,34537.9,-0.3069,-0.5525,146.6,96.7,0.532
48.66,31734.3,34517.1,-0.3387,-0.577,146.6,96.7,0.532
48.68,31787.2,34621.8,-0.2672,-0.4529,146.6,96.7,0.532
48.7,31921.3,34946.2,-0.0861,-0.0686,146.6,96.7,0.532
48.72,32110.5,35329.3,0.1693,0.3854,146.6,96.7,0.532
48.74,32308.5,35637.6,0.4367,0.7507,146.6,96.7,0.532
48.76,32400.4,35917.1,0.5608,1.0819,146.6,96.7,0.532
48.78,32355.9,35624.4,0.5008,0.7351,146.6,96.7,0.532
48.8,32172.8,35505.4,0.2535,0.5941,146.6,96.7,0.532
48.82,32108.3,35358.9,0.1663,0.4205,146.6,96.7,0.532
48.84,32038.8,35194.1,0.0726,0.2252,146.6,96.7,0.532
48.86,32025.1,35116.0,0.054,0.1327,146.6,96.7,0.532
48.88,32088.4,34994.9,0.1395,-0.0109,146.6,96.7,0.532
48.9,31922.7,34989.9,-0.0842,-0.0168,146.6,96.7,0.532
48.92,31855.1,34890.4,-0.1756,-0.1347,146.6,96.7,0.532
48.94,31963.1,34666.5,-0.0296,-0.4,146.6,96.7,0.532
48.96,31894.7,34701.3,-0.1221,-0.3588,146.6,96.7,0.532
48.98,31792.4,34739.8,-0.2602,-0.3131,146.6,96.7,0.532
49.0,31868.6,34575.0,-0.1572,-0.5084,146.6,96.7,0.532
49.02,31794.7,34499.9,-0.2571,-0.5975,146.6,96.7,0.532
49.04,31696.7,34483.6,-0.3894,-0.6167,146.6,96.7,0.532
49.06,31749.0,34503.7,-0.3188,-0.593,146.6,96.7,0.532
49.08,31829.1,34417.5,-0.2107,-0.6951,146.6,96.7,0.532
49.1,31811.7,34727.9,-0.2342,-0.3272,146.6,96.7,0.532
49.12,32040.4,35179.6,0.0747,0.2081,146.6,96.7,0.532
49.14,32294.8,35467.4,0.4182,0.549,146.6,96.7,0.532
49.16,32378.3,35669.2,0.531,0.7882,146.6,96.7,0.532
49.18,32260.6,35702.7,0.3721,0.8279,146.6,96.7,0.532
49.2,32356.0,35657.4,0.5009,0.7742,146.6,96.7,0.532
49.22,32168.5,35381.4,0.2476,0.4472,146.6,96.7,0.532
49.24,32214.1,35212.3,0.3093,0.2468,146.6,96.7,0.532
49.26,32013.7,35166.3,0.0386,0.1922,146.6,96.7,0.532
49.28,32084.7,35077.3,0.1345,0.0868,146.6,96.7,0.532
49.3,31993.3,34999.8,0.0111,-0.0051,146.6,96.7,0.532
49.32,31973.8,34935.5,-0.0153,-0.0812,146.6,96.7,0.532
49.34,31952.3,34864.5,-0.0443,-0.1654,146.6,96.7,0.532
49.36,31916.4,34736.2,-0.0928,-0.3174,146.6,96.7,0.532
49.38,31814.6,34787.8,-0.2302,-0.2563,146.6,96.7,0.532
49.4,31722.7,34547.4,-0.3543,-0.5411,146.6,96.7,0.532
49.42,31855.2,34647.2,-0.1754,-0.4229,146.6,96.7,0.532
49.44,31797.1,34564.8,-0.2538,-0.5205,146.6,96.7,0.532
49.46,31741.3,34419.7,-0.3292,-0.6925,146.6,96.7,0.532
49.48,31803.2,34608.0,-0.2456,-0.4694,146.6,96.7,0.532
49.5,31790.4,34689.8,-0.2629,-0.3724,146.6,96.7,0.532
49.52,31953.5,34868.6,-0.0426,-0.1605,146.6,96.7,0.532
49.54,32188.4,35276.6,0.2745,0.3229,146.6,96.7,0.532
49.56,32249.6,35601.5,0.3572,0.708,146.6,96.7,0.532
49.58,32415.6,35726.4,0.5813,0.856,146.6,96.7,0.532
49.6,32440.9,35664.8,0.6156,0.7829,146.6,96.7,0.532
49.62,32215.6,35428.3,0.3113,0.5027,146.6,96.7,0.532
49.64,32108.6,35331.7,0.1668,0.3882,146.6,96.7,0.532
49.66,32129.5,35159.8,0.195,0.1845,146.6,96.7,0.532
49.68,32074.8,35124.1,0.1212,0.1422,146.6,96.7,0.532
49.7,32042.7,35070.2,0.0777,0.0784,146.6,96.7,0.532
49.72,31872.3,34993.8,-0.1523,-0.0121,146.6,96.7,0.532
49.74,31865.0,34836.9,-0.1622,-0.1981,146.6,96.7,0.532
49.76,31851.4,34698.9,-0.1806,-0.3616,146.6,96.7,0.532
49.78,31862.8,34718.6,-0.1651,-0.3383,146.6,96.7,0.532
49.8,31775.8,34621.2,-0.2826,-0.4537,146.6,96.7,0.532
49.82,31796.7,34658.0,-0.2544,-0.4101,146.6,96.7,0.532
49.84,31844.8,34536.2,-0.1894,-0.5545,146.6,96.7,0.532
49.86,31810.0,34572.9,-0.2364,-0.5109,146.6,96.7,0.532
49.88,31785.2,34445.5,-0.2699,-0.6619,146.6,96.7,0.532
49.9,31641.6,34537.5,-0.4638,-0.5529,146.6,96.7,0.532
49.92,31905.8,34660.2,-0.1071,-0.4074,146.6,96.7,0.532
49.94,32002.6,35024.7,0.0237,0.0245,146.6,96.7,0.532
49.96,32285.3,35480.6,0.4054,0.5647,146.6,96.7,0.532
49.98,32367.3,35669.8,0.5162,0.7889,146.6,96.7,0.532
50.0,32359.3,35656.5,0.5053,0.7731,146.6,96.7,0.532
50.02,32295.4,35616.9,0.4191,0.7262,146.6,96.7,0.532
50.04,32279.0,35454.6,0.397,0.5339,146.6,96.7,0.532
50.06,32066.4,35271.0,0.1098,0.3164,146.6,96.7,0.532
50.08,32111.4,35183.4,0.1706,0.2125,146.6,96.7,0.532
50.1,32024.7,35019.3,0.0536,0.0181,146.6,96.7,0.532
50.12,31981.7,35018.8,-0.0046,0.0175,146.6,96.7,0.532
50.14,31909.8,34875.3,-0.1017,-0.1526,146.6,96.7,0.532
50.16,31860.6,34799.1,-0.1681,-0.2428,146.6,96.7,0.532
50.18,31910.5,34771.5,-0.1007,-0.2756,146.6,96.7,0.532
50.2,31803.3,34749.0,-0.2455,-0.3023,146.6,96.7,0.532
50.22,31810.1,34636.1,-0.2363,-0.4361,146.6,96.7,0.532
50.24,31803.0,34648.8,-0.2458,-0.421,146.6,96.7,0.532
50.26,31737.8,34504.7,-0.3339,-0.5917,146.6,96.7,0.532
50.28,31782.4,34410.7,-0.2737,-0.7031,146.6,96.7,0.532
50.3,31688.7,34496.5,-0.4002,-0.6015,146.6,96.7,0.532
50.32,31872.4,34633.3,-0.1521,-0.4394,146.6,96.7,0.532
50.34,31981.7,34908.3,-0.0046,-0.1135,146.6,96.7,0.532
50.36,32121.3,35283.9,0.1839,0.3316,146.6,96.7,0.532
50.38,32309.3,35512.1,0.4378,0.6021,146.6,96.7,0.532
50.4,32410.7,35758.2,0.5748,0.8937,146.6,96.7,0.532
50.42,32340.4,35612.2,0.4797,0.7207,146.6,96.7,0.532
50.44,32258.1,35555.7,0.3687,0.6537,146.6,96.7,0.532
50.46,32118.2,35283.4,0.1797,0.331,146.6,96.7,0.532
50.48,32151.9,35165.5,0.2252,0.1913,146.6,96.7,0.532
50.5,32084.9,35088.8,0.1348,0.1004,146.6,96.7,0.532
50.52,31994.3,35062.8,0.0125,0.0696,146.6,96.7,0.532
50.54,31920.6,34950.2,-0.087,-0.0639,146.6,96.7,0.532
50.56,31860.8,34834.1,-0.1678,-0.2015,146.6,96.7,0.532
50.58,31851.4,34705.8,-0.1805,-0.3534,146.6,96.7,0.532
50.6,31917.9,34706.8,-0.0907,-0.3523,146.6,96.7,0.532
50.62,31810.0,34731.0,-0.2364,-0.3236,146.6,96.7,0.532
50.64,31833.9,34634.8,-0.2042,-0.4376,146.6,96.7,0.532
50.66,31769.5,34639.5,-0.2911,-0.432,146.6,96.7,0.532
50.68,31771.5,34452.3,-0.2884,-0.6539,146.6,96.7,0.532
50.7,31736.4,34419.1,-0.3357,-0.6932,146.6,96.7,0.532
50.72,31831.0,34545.8,-0.2081,-0.5431,146.6,96.7,0.532
50.74,31880.5,34846.7,-0.1413,-0.1865,146.6,96.7,0.532
50.76,32019.7,35160.6,0.0468,0.1855,146.6,96.7,0.532
50.78,32213.4,35554.0,0.3083,0.6516,146.6,96.7,0.532
50.8,32309.8,35740.2,0.4385,0.8724,146.6,96.7,0.532
50.82,32376.7,35625.6,0.5288,0.7366,146.6,96.7,0.532
50.84,32336.1,35568.7,0.4739,0.6691,146.6,96.7,0.532
50.86,32204.6,35445.0,0.2965,0.5225,146.6,96.7,0.532
50.88,32084.3,35240.3,0.1339,0.2799,146.6,96.7,0.532
50.9,32080.7,35214.9,0.1291,0.2499,146.6,96.7,0.532
50.92,32029.2,35036.6,0.0596,0.0385,146.6,96.7,0.532
50.94,32042.4,35053.6,0.0775,0.0586,146.6,96.7,0.532
50.96,31974.5,34922.6,-0.0143,-0.0965,146.6,96.7,0.532
50.98,31848.3,34799.9,-0.1847,-0.2419,146.6,96.7,0.532
51.0,31947.2,34756.0,-0.0511,-0.294,146.6,96.7,0.532
51.02,31770.6,34747.0,-0.2896,-0.3046,146.6,96.7,0.532
51.04,31860.3,34656.4,-0.1685,-0.412,146.6,96.7,0.532
51.06,31803.9,34636.8,-0.2446,-0.4352,146.6,96.7,0.532
51.08,31775.9,34554.0,-0.2825,-0.5334,146.6,96.7,0.532
51.1,31809.8,34491.4,-0.2367,-0.6075,146.6,96.7,0.532
51.12,31724.6,34442.3,-0.3518,-0.6656,146.6,96.7,0.532
51.14,31910.8,34599.5,-0.1002,-0.4795,146.6,96.7,0.532
51.16,32043.5,34969.4,0.0789,-0.0411,146.6,96.7,0.532
51.18,32165.6,35322.3,0.2437,0.3771,146.6,96.7,0.532
51.2,32338.3,35773.1,0.477,0.9114,146.6,96.7,0.532
51.22,32403.9,35781.1,0.5656,0.9208,146.6,96.7,0.532
51.24,32349.8,35689.0,0.4925,0.8117,146.6,96.7,0.532
51.26,32202.2,35480.0,0.2932,0.564,146.6,96.7,0.532
51.28,32161.3,35311.8,0.2379,0.3647,146.6,96.7,0.532
51.3,32098.3,35124.6,0.1529,0.1428,146.6,96.7,0.532
51.32,32094.7,35133.3,0.148,0.1532,146.6,96.7,0.532
51.34,32067.5,35037.0,0.1113,0.0391,146.6,96.7,0.532
51.36,31944.3,34963.1,-0.0551,-0.0485,146.6,96.7,0.532
51.38,31954.7,34835.1,-0.0411,-0.2003,146.6,96.7,0.532
51.4,31830.5,34611.9,-0.2087,-0.4647,146.6,96.7,0.532
51.42,31894.2,34658.5,-0.1227,-0.4095,146.6,96.7,0.532
51.44,31843.4,34634.9,-0.1913,-0.4374,146.6,96.7,0.532
51.46,31826.7,34626.4,-0.2139,-0.4475,146.6,96.7,0.532
51.48,31843.9,34536.9,-0.1907,-0.5536,146.6,96.7,0.532
51.5,31762.3,34517.4,-0.3008,-0.5767,146.6,96.7,0.532
51.52,31723.6,34509.2,-0.3531,-0.5864,146.6,96.7,0.532
51.54,31822.7,34581.4,-0.2192,-0.5008,146.6,96.7,0.532
51.56,31870.7,34768.4,-0.1544,-0.2792,146.6,96.7,0.532
51.58,32056.9,35164.5,0.097,0.1901,146.6,96.7,0.532
51.6,32237.9,35518.8,0.3414,0.61,146.6,96.7,0.532
51.62,32385.3,35785.8,0.5405,0.9264,146.6,96.7,0.532
51.64,32406.2,35703.8,0.5687,0.8292,146.6,96.7,0.532
51.66,32239.6,35637.4,0.3437,0.7505,146.6,96.7,0.532
51.68,32121.0,35435.6,0.1836,0.5114,146.6,96.7,0.532
51.7,32082.0,35175.1,0.1309,0.2027,146.6,96.7,0.532
51.72,32080.9,35198.8,0.1293,0.2307,146.6,96.7,0.532
51.74,31967.0,35094.2,-0.0244,0.1068,146.6,96.7,0.532
51.76,32065.3,35012.8,0.1083,0.0103,146.6,96.7,0.532
51.78,31902.4,34851.1,-0.1117,-0.1813,146.6,96.7,0.532
51.8,31881.5,34807.9,-0.1398,-0.2324,146.6,96.7,0.532
51.82,31752.1,34729.5,-0.3147,-0.3254,146.6,96.7,0.532
51.84,31858.8,34712.0,-0.1705,-0.3461,146.6,96.7,0.532
51.86,31870.7,34626.2,-0.1545,-0.4478,146.6,96.7,0.532
51.88,31775.1,34531.3,-0.2836,-0.5603,146.6,96.7,0.532
51.9,31650.4,34450.3,-0.4519,-0.6562,146.6,96.7,0.532
51.92,31695.3,34471.5,-0.3914,-0.6311,146.6,96.7,0.532
51.94,31807.3,34427.6,-0.2401,-0.6831,146.6,96.7,0.532
51.96,31883.3,34644.0,-0.1374,-0.4267,146.6,96.7,0.532
51.98,32050.7,35000.5,0.0887,-0.0043,146.6,96.7,0.532
52.0,32207.3,35401.6,0.3001,0.4711,146.6,96.7,0.532
52.02,32326.8,35733.4,0.4614,0.8643,146.6,96.7,0.532
52.04,32280.3,35757.2,0.3987,0.8925,146.6,96.7,0.532
52.06,32319.7,35742.8,0.4519,0.8754,146.6,96.7,0.532
52.08,32205.0,35357.8,0.2969,0.4192,146.6,96.7,0.532
52.1,32126.8,35211.4,0.1914,0.2457,146.6,96.7,0.532
52.12,32118.4,35208.1,0.18,0.2418,146.6,96.7,0.532
52.14,31986.1,35033.3,0.0013,0.0346,146.6,96.7,0.532
52.16,32086.8,35014.0,0.1374,0.0118,146.6,96.7,0.532
52.18,32058.0,34974.7,0.0984,-0.0348,146.6,96.7,0.532
52.2,31939.2,34960.7,-0.062,-0.0514,146.6,96.7,0.532
52.22,31897.2,34731.7,-0.1187,-0.3227,146.6,96.7,0.532
52.24,31834.5,34665.4,-0.2033,-0.4013,146.6,96.7,0.532
52.26,31846.5,34693.9,-0.1871,-0.3676,146.6,96.7,0.532
52.28,31790.8,34570.2,-0.2623,-0.5141,146.6,96.7,0.532
52.3,31707.6,34593.5,-0.3747,-0.4865,146.6,96.7,0.532
52.32,31808.5,34514.7,-0.2384,-0.58,146.6,96.7,0.532
52.34,31679.3,34405.1,-0.4129,-0.7098,146.6,96.7,0.532
52.36,31771.2,34503.4,-0.2889,-0.5933,146.6,96.7,0.532
52.38,31997.2,34870.1,0.0164,-0.1587,146.6,96.7,0.532
52.4,31978.2,35229.5,-0.0093,0.2671,146.6,96.7,0.532
52.42,32335.1,35615.0,0.4726,0.7239,146.6,96.7,0.532
52.44,32358.4,35658.5,0.5041,0.7755,146.6,96.7,0.532
52.46,32308.8,35757.0,0.4371,0.8923,146.6,96.7,0.532
52.48,32237.7,35610.8,0.3411,0.719,146.6,96.7,0.532
52.5,32212.4,35363.9,0.307,0.4264,146.6,96.7,0.532
52.52,32167.7,35137.5,0.2465,0.1581,146.6,96.7,0.532
52.54,32116.7,35140.0,0.1777,0.1611,146.6,96.7,0.532
52.56,31922.1,35129.8,-0.085,0.149,146.6,96.7,0.532
52.58,32016.7,34973.7,0.0427,-0.036,146.6,96.7,0.532
52.6,31975.4,34859.5,-0.0131,-0.1714,146.6,96.7,0.532
52.62,31848.9,34772.9,-0.1839,-0.274,146.6,96.7,0.532
52.64,31894.9,34764.5,-0.1217,-0.2839,146.6,96.7,0.532
52.66,31907.8,34651.3,-0.1044,-0.418,146.6,96.7,0.532
52.68,31853.1,34667.3,-0.1782,-0.3991,146.6,96.7,0.532
52.7,31841.0,34561.1,-0.1946,-0.5249,146.6,96.7,0.532
52.72,31716.3,34522.9,-0.363,-0.5702,146.6,96.7,0.532
52.74,31731.3,34458.9,-0.3426,-0.646,146.6,96.7,0.532
52.76,31794.2,34500.9,-0.2578,-0.5963,146.6,96.7,0.532
52.78,31741.3,34681.5,-0.3292,-0.3822,146.6,96.7,0.532
52.8,32047.2,35011.1,0.0838,0.0083,146.6,96.7,0.532
52.82,32283.5,35445.3,0.4029,0.5229,146.6,96.7,0.532
52.84,32343.5,35625.6,0.4839,0.7366,146.6,96.7,0.532
52.86,32344.2,35648.9,0.485,0.7642,146.6,96.7,0.532
52.88,32443.9,35651.1,0.6196,0.7667,146.6,96.7,0.532
52.9,32256.5,35457.1,0.3665,0.5369,146.6,96.7,0.532
52.92,32131.5,35232.0,0.1977,0.27,146.6,96.7,0.532
52.94,32222.0,35084.7,0.3199,0.0956,146.6,96.7,0.532
52.96,32039.1,35062.1,0.0729,0.0688,146.6,96.7,0.532
52.98,31993.4,35064.1,0.0112,0.0712,146.6,96.7,0.532
53.0,32050.2,34933.0,0.088,-0.0842,146.6,96.7,0.532
53.02,31848.7,34833.8,-0.1842,-0.2018,146.6,96.7,0.532
53.04,31900.2,34767.6,-0.1146,-0.2802,146.6,96.7,0.532
53.06,31967.8,34660.0,-0.0233,-0.4077,146.6,96.7,0.532
53.08,31911.1,34640.6,-0.0999,-0.4307,146.6,96.7,0.532
53.1,31806.2,34627.3,-0.2416,-0.4465,146.6,96.7,0.532
53.12,31834.6,34597.7,-0.2032,-0.4816,146.6,96.7,0.532
53.14,31763.2,34489.0,-0.2997,-0.6104,146.6,96.7,0.532
53.16,31728.4,34381.8,-0.3466,-0.7374,146.6,96.7,0.532
53.18,31881.8,34570.9,-0.1395,-0.5133,146.6,96.7,0.532
53.2,31929.5,34941.4,-0.075,-0.0743,146.6,96.7,0.532
53.22,32191.4,35237.3,0.2786,0.2764,146.6,96.7,0.532
53.24,32312.9,35649.9,0.4427,0.7653,146.6,96.7,0.532
53.26,32332.0,35745.4,0.4684,0.8785,146.6,96.7,0.532
53.28,32312.2,35750.6,0.4417,0.8847,146.6,96.7,0.532
53.3,32270.7,35574.2,0.3856,0.6756,146.6,96.7,0.532
53.32,32176.4,35319.6,0.2583,0.3739,146.6,96.7,0.532
53.34,32077.1,35225.0,0.1242,0.2619,146.6,96.7,0.532
53.36,32094.3,35220.0,0.1475,0.2559,146.6,96.7,0.532
53.38,31914.3,35062.4,-0.0956,0.0691,146.6,96.7,0.532
53.4,32056.6,34979.9,0.0965,-0.0287,146.6,96.7,0.532
53.42,31852.1,34906.9,-0.1796,-0.1152,146.6,96.7,0.532
53.44,31856.3,34737.3,-0.1738,-0.3161,146.6,96.7,0.532
53.46,31908.5,34686.0,-0.1035,-0.3769,146.6,96.7,0.532
53.48,31886.4,34721.9,-0.1333,-0.3344,146.6,96.7,0.532
53.5,31757.9,34577.6,-0.3068,-0.5054,146.6,96.7,0.532
53.52,31855.2,34613.4,-0.1754,-0.4629,146.6,96.7,0.532
53.54,31792.4,34568.1,-0.2602,-0.5166,146.6,96.7,0.532
53.56,31786.5,34524.7,-0.2681,-0.5681,146.6,96.7,0.532
53.58,31799.6,34391.2,-0.2504,-0.7263,146.6,96.7,0.532
53.6,31833.1,34721.7,-0.2052,-0.3346,146.6,96.7,0.532
53.62,31950.6,35045.2,-0.0465,0.0487,146.6,96.7,0.532
53.64,32235.0,35498.2,0.3374,0.5856,146.6,96.7,0.532
53.66,32334.4,35724.5,0.4717,0.8538,146.6,96.7,0.532
53.68,32393.9,35758.4,0.5521,0.894,146.6,96.7,0.532
53.7,32267.8,35675.4,0.3817,0.7956,146.6,96.7,0.532
53.72,32237.0,35330.4,0.3402,0.3867,146.6,96.7,0.532
53.74,32148.1,35316.2,0.2202,0.3699,146.6,96.7,0.532
53.76,32130.5,35107.0,0.1963,0.122,146.6,96.7,0.532
53.78,32056.2,35063.5,0.096,0.0705,146.6,96.7,0.532
53.8,31935.4,34977.3,-0.067,-0.0317,146.6,96.7,0.532
53.82,31968.1,34880.3,-0.0229,-0.1467,146.6,96.7,0.532
53.84,31956.5,34832.6,-0.0386,-0.2032,146.6,96.7,0.532
53.86,31874.9,34775.3,-0.1488,-0.2711,146.6,96.7,0.532
53.88,31892.5,34652.4,-0.125,-0.4167,146.6,96.7,0.532
53.9,31811.2,34643.0,-0.2348,-0.4279,146.6,96.7,0.532
53.92,31892.8,34679.2,-0.1246,-0.3849,146.6,96.7,0.532
53.94,31740.4,34612.1,-0.3303,-0.4644,146.6,96.7,0.532
53.96,31814.2,34457.1,-0.2307,-0.6481,146.6,96.7,0.532
53.98,31694.3,34441.8,-0.3927,-0.6663,146.6,96.7,0.532
54.0,31829.2,34508.6,-0.2105,-0.5871,146.6,96.7,0.532
54.02,31901.4,34951.4,-0.113,-0.0624,146.6,96.7,0.532
54.04,32045.2,35302.2,0.0812,0.3533,146.6,96.7,0.532
54.06,32322.0,35559.7,0.4549,0.6584,146.6,96.7,0.532
54.08,32272.7,35795.0,0.3884,0.9373,146.6,96.7,0.532
54.1,32334.0,35731.1,0.4711,0.8615,146.6,96.7,0.532
54.12,32327.6,35566.0,0.4625,0.6659,146.6,96.7,0.532
54.14,32194.3,35363.5,0.2826,0.426,146.6,96.7,0.532
54.16,32067.8,35210.0,0.1117,0.244,146.6,96.7,0.532
54.18,32066.4,35160.3,0.1098,0.1852,146.6,96.7,0.532
54.2,32097.2,35026.0,0.1514,0.026,146.6,96.7,0.532
54.22,32025.7,34979.4,0.0549,-0.0292,146.6,96.7,0.532
54.24,31908.6,34923.4,-0.1032,-0.0956,146.6,96.7,0.532
54.26,31910.7,34852.1,-0.1004,-0.1801,146.6,96.7,0.532
54.28,31824.1,34728.5,-0.2173,-0.3265,146.6,96.7,0.532
54.3,31802.8,34619.2,-0.2461,-0.4561,146.6,96.7,0.532
54.32,31819.5,34615.9,-0.2236,-0.46,146.6,96.7,0.532
54.34,31771.9,34627.3,-0.2878,-0.4464,146.6,96.7,0.532
54.36,31798.0,34512.2,-0.2526,-0.5829,146.6,96.7,0.532
54.38,31719.8,34407.9,-0.3582,-0.7065,146.6,96.7,0.532
54.4,31741.7,34467.4,-0.3286,-0.636,146.6,96.7,0.532
54.42,31864.0,34734.6,-0.1635,-0.3193,146.6,96.7,0.532
54.44,31986.0,35078.7,0.0013,0.0884,146.6,96.7,0.532
54.46,32223.6,35481.7,0.322,0.566,146.6,96.7,0.532
54.48,32310.3,35726.1,0.4392,0.8557,146.6,96.7,0.532
54.5,32387.6,35658.4,0.5435,0.7754,146.6,96.7,0.532
54.52,32273.2,35628.6,0.3891,0.7401,146.6,96.7,0.532
54.54,32201.3,35460.5,0.292,0.5408,146.6,96.7,0.532
54.56,32136.6,35270.5,0.2046,0.3157,146.6,96.7,0.532
54.58,32125.2,35088.2,0.1893,0.0997,146.6,96.7,0.532
54.6,32001.8,35073.1,0.0225,0.0818,146.6,96.7,0.532
54.62,32055.1,35046.0,0.0946,0.0497,146.6,96.7,0.532
54.64,31900.1,35006.6,-0.1147,0.003,146.6,96.7,0.532
54.66,31896.3,34835.8,-0.1199,-0.1994,146.6,96.7,0.532
54.68,31893.5,34695.6,-0.1236,-0.3655,146.6,96.7,0.532
54.7,31761.1,34738.3,-0.3024,-0.3149,146.6,96.7,0.532
54.72,31790.7,34757.5,-0.2624,-0.2921,146.6,96.7,0.532
54.74,31880.0,34645.6,-0.1418,-0.4248,146.6,96.7,0.532
54.76,31723.5,34527.0,-0.3533,-0.5653,146.6,96.7,0.532
54.78,31722.9,34476.6,-0.3541,-0.6251,146.6,96.7,0.532
54.8,31788.7,34438.0,-0.2652,-0.6708,146.6,96.7,0.532
54.82,31837.9,34653.6,-0.1988,-0.4153,146.6,96.7,0.532
54.84,32036.4,34918.6,0.0693,-0.1012,146.6,96.7,0.532
54.86,32036.8,35321.4,0.0698,0.376,146.6,96.7,0.532
54.88,32260.0,35757.7,0.3713,0.893,146.6,96.7,0.532
54.9,32329.1,35842.9,0.4646,0.9941,146.6,96.7,0.532
54.92,32284.1,35681.4,0.4038,0.8027,146.6,96.7,0.532
54.94,32272.5,35482.6,0.3881,0.567,146.6,96.7,0.532
54.96,32131.2,35212.0,0.1973,0.2465,146.6,96.7,0.532
54.98,31991.6,35228.3,0.0088,0.2657,146.6,96.7,0.532
55.0,32063.6,35109.3,0.106,0.1247,146.6,96.7,0.532
55.02,32043.5,34982.9,0.0789,-0.0251,146.6,96.7,0.532
55.04,31929.7,35069.4,-0.0747,0.0775,146.6,96.7,0.532
55.06,31920.3,34890.2,-0.0875,-0.1349,146.6,96.7,0.532
55.08,31982.8,34747.2,-0.0031,-0.3044,146.6,96.7,0.532
55.1,31770.3,34624.5,-0.29,-0.4498,146.6,96.7,0.532
55.12,31892.0,34629.8,-0.1256,-0.4435,146.6,96.7,0.532
55.14,31838.5,34699.2,-0.1979,-0.3613,146.6,96.7,0.532
55.16,31810.4,34603.2,-0.2359,-0.475,146.6,96.7,0.532
55.18,31760.8,34353.1,-0.3029,-0.7714,146.6,96.7,0.532
55.2,31716.0,34472.4,-0.3633,-0.6301,146.6,96.7,0.532
55.22,31713.8,34546.9,-0.3663,-0.5418,146.6,96.7,0.532
55.24,31868.1,34755.4,-0.158,-0.2947,146.6,96.7,0.532
55.26,32039.6,35090.5,0.0736,0.1024,146.6,96.7,0.532
55.28,32265.0,35523.2,0.378,0.6152,146.6,96.7,0.532
55.3,32349.2,35686.6,0.4916,0.8088,146.6,96.7,0.532
55.32,32396.6,35760.9,0.5557,0.8968,146.6,96.7,0.532
55.34,32260.2,35624.5,0.3716,0.7352,146.6,96.7,0.532
55.36,32181.0,35476.5,0.2645,0.5599,146.6,96.7,0.532
55.38,32090.9,35209.0,0.1429,0.2429,146.6,96.7,0.532
55.4,32048.4,35033.2,0.0855,0.0346,146.6,96.7,0.532
55.42,32005.9,34960.1,0.0281,-0.0521,146.6,96.7,0.532
55.44,32024.7,34978.8,0.0535,-0.03,146.6,96.7,0.532
55.46,31976.4,34874.1,-0.0117,-0.154,146.6,96.7,0.532
55.48,31898.1,34771.5,-0.1174,-0.2756,146.6,96.7,0.532
55.5,31852.2,34828.3,-0.1794,-0.2083,146.6,96.7,0.532
55.52,31845.1,34632.9,-0.189,-0.4398,146.6,96.7,0.532
55.54,31875.2,34713.2,-0.1484,-0.3446,146.6,96.7,0.532
55.56,31825.8,34635.0,-0.2151,-0.4374,146.6,96.7,0.532
55.58,31763.4,34461.1,-0.2994,-0.6434,146.6,96.7,0.532
55.6,31786.1,34574.0,-0.2687,-0.5096,146.6,96.7,0.532
55.62,31786.6,34423.3,-0.268,-0.6883,146.6,96.7,0.532
55.64,31884.3,34629.0,-0.1361,-0.4444,146.6,96.7,0.532
55.66,31990.8,34823.9,0.0078,-0.2135,146.6,96.7,0.532
55.68,32185.2,35314.1,0.2703,0.3674,146.6,96.7,0.532
55.7,32192.7,35608.4,0.2804,0.7161,146.6,96.7,0.532
55.72,32319.6,35722.0,0.4517,0.8507,146.6,96.7,0.532
55.74,32342.6,35720.3,0.4828,0.8488,146.6,96.7,0.532
55.76,32208.6,35544.2,0.3018,0.6401,146.6,96.7,0.532
55.78,32133.9,35307.0,0.2009,0.359,146.6,96.7,0.532
55.8,32093.3,35106.4,0.1462,0.1213,146.6,96.7,0.532
55.82,32062.7,35044.7,0.1048,0.0482,146.6,96.7,0.532
55.84,32071.7,35061.1,0.1169,0.0676,146.6,96.7,0.532
55.86,32006.1,34875.5,0.0284,-0.1524,146.6,96.7,0.532
55.88,31962.8,34835.2,-0.03,-0.2001,146.6,96.7,0.532
55.9,31879.7,34744.6,-0.1422,-0.3075,146.6,96.7,0.532
55.92,31789.6,34752.4,-0.264,-0.2982,146.6,96.7,0.532
55.94,31869.6,34693.9,-0.1559,-0.3675,146.6,96.7,0.532
55.96,31797.7,34684.9,-0.2531,-0.3782,146.6,96.7,0.532
55.98,31751.9,34526.8,-0.3148,-0.5655,146.6,96.7,0.532
56.0,31777.6,34559.2,-0.2801,-0.5272,146.6,96.7,0.532
56.02,31672.9,34512.8,-0.4216,-0.5822,146.6,96.7,0.532
56.04,31843.1,34618.0,-0.1917,-0.4575,146.6,96.7,0.532
56.06,31908.8,34776.0,-0.103,-0.2702,146.6,96.7,0.532
56.08,32037.4,35073.0,0.0707,0.0817,146.6,96.7,0.532
56.1,32310.9,35509.9,0.4399,0.5994,146.6,96.7,0.532
56.12,32373.6,35657.4,0.5246,0.7742,146.6,96.7,0.532
56.14,32406.2,35737.2,0.5687,0.8687,146.6,96.7,0.532
56.16,32269.4,35623.0,0.3839,0.7335,146.6,96.7,0.532
56.18,32243.0,35444.5,0.3482,0.5219,146.6,96.7,0.532
56.2,32144.4,35268.4,0.2151,0.3132,146.6,96.7,0.532
56.22,31984.8,35113.3,-0.0004,0.1295,146.6,96.7,0.532
56.24,31984.3,35074.8,-0.001,0.0838,146.6,96.7,0.532
56.26,31951.0,34937.0,-0.0461,-0.0795,146.6,96.7,0.532
56.28,31983.6,34937.3,-0.002,-0.0791,146.6,96.7,0.532
56.3,31898.3,34827.6,-0.1172,-0.2092,146.6,96.7,0.532
56.32,31910.0,34658.2,-0.1014,-0.4099,146.6,96.7,0.532
56.34,31847.7,34688.0,-0.1855,-0.3745,146.6,96.7,0.532
56.36,31828.3,34660.0,-0.2117,-0.4077,146.6,96.7,0.532
56.38,31787.8,34598.5,-0.2664,-0.4806,146.6,96.7,0.532
56.4,31799.5,34579.0,-0.2506,-0.5038,146.6,96.7,0.532
56.42,31689.0,34477.4,-0.3999,-0.6241,146.6,96.7,0.532
56.44,31819.1,34502.6,-0.2242,-0.5942,146.6,96.7,0.532
56.46,31800.1,34639.8,-0.2498,-0.4316,146.6,96.7,0.532
56.48,31982.2,34937.9,-0.0039,-0.0784,146.6,96.7,0.532
56.5,32210.9,35327.0,0.3049,0.3826,146.6,96.7,0.532
56.52,32301.8,35562.5,0.4277,0.6618,146.6,96.7,0.532
56.54,32368.5,35803.4,0.5178,0.9473,146.6,96.7,0.532
56.56,32282.1,35691.2,0.4011,0.8143,146.6,96.7,0.532
56.58,32240.1,35529.1,0.3444,0.6221,146.6,96.7,0.532
56.6,32162.6,35313.0,0.2397,0.3661,146.6,96.7,0.532
56.62,32022.4,35144.8,0.0504,0.1668,146.6,96.7,0.532
56.64,31967.2,35034.6,-0.0242,0.0362,146.6,96.7,0.532
56.66,32036.4,35054.8,0.0693,0.0601,146.6,96.7,0.532
56.68,31894.6,35011.6,-0.1222,0.0089,146.6,96.7,0.532
56.7,32011.4,34825.0,0.0355,-0.2123,146.6,96.7,0.532
56.72,31878.0,34756.8,-0.1446,-0.293,146.6,96.7,0.532
56.74,31794.6,34670.3,-0.2573,-0.3955,146.6,96.7,0.532
56.76,31825.6,34701.7,-0.2154,-0.3583,146.6,96.7,0.532
56.78,31925.7,34717.7,-0.0802,-0.3394,146.6,96.7,0.532
56.8,31806.4,34631.4,-0.2413,-0.4416,146.6,96.7,0.532
56.82,31722.7,34509.3,-0.3542,-0.5863,146.6,96.7,0.532
56.84,31738.9,34515.1,-0.3324,-0.5795,146.6,96.7,0.532
56.86,31758.4,34552.0,-0.3061,-0.5357,146.6,96.7,0.532
56.88,31907.9,34808.1,-0.1042,-0.2322,146.6,96.7,0.532
56.9,32167.5,35137.7,0.2464,0.1584,146.6,96.7,0.532
56.92,32223.5,35400.6,0.3219,0.4699,146.6,96.7,0.532
56.94,32334.2,35686.4,0.4714,0.8086,146.6,96.7,0.532
56.96,32338.0,35808.4,0.4765,0.9531,146.6,96.7,0.532
56.98,32274.3,35552.4,0.3905,0.6498,146.6,96.7,0.532
57.0,32107.0,35340.5,0.1647,0.3987,146.6,96.7,0.532
57.02,32073.9,35198.8,0.12,0.2308,146.6,96.7,0.532
57.04,32056.1,35146.9,0.0959,0.1692,146.6,96.7,0.532
57.06,32067.7,35114.3,0.1115,0.1306,146.6,96.7,0.532
57.08,31992.1,35100.0,0.0094,0.1137,146.6,96.7,0.532
57.1,32023.6,34881.2,0.052,-0.1455,146.6,96.7,0.532
57.12,31949.7,34771.7,-0.0477,-0.2753,146.6,96.7,0.532
57.14,31901.1,34702.4,-0.1134,-0.3574,146.6,96.7,0.532
57.16,31832.1,34647.0,-0.2066,-0.4232,146.6,96.7,0.532
57.18,31871.8,34615.6,-0.153,-0.4603,146.6,96.7,0.532
57.2,31862.3,34611.6,-0.1658,-0.465,146.6,96.7,0.532
57.22,31757.6,34524.7,-0.3072,-0.568,146.6,96.7,0.532
57.24,31794.5,34442.4,-0.2573,-0.6655,146.6,96.7,0.532
57.26,31663.7,34491.1,-0.434,-0.6079,146.6,96.7,0.532
57.28,31877.3,34679.3,-0.1456,-0.3848,146.6,96.7,0.532
57.3,32026.4,34968.5,0.0558,-0.0422,146.6,96.7,0.532
57.32,32145.5,35402.1,0.2166,0.4717,146.6,96.7,0.532
57.34,32230.0,35658.4,0.3307,0.7753,146.6,96.7,0.532
57.36,32381.1,35745.1,0.5347,0.8781,146.6,96.7,0.532
57.38,32271.7,35679.5,0.3871,0.8004,146.6,96.7,0.532
57.4,32286.3,35507.4,0.4068,0.5965,146.6,96.7,0.532
57.42,32147.1,35292.3,0.2187,0.3416,146.6,96.7,0.532
57.44,32086.0,35096.4,0.1363,0.1095,146.6,96.7,0.532
57.46,32082.0,35066.4,0.1309,0.0739,146.6,96.7,0.532
57.48,32055.9,34957.0,0.0956,-0.0558,146.6,96.7,0.532
57.5,31948.4,35015.4,-0.0495,0.0134,146.6,96.7,0.532
57.52,31921.9,34868.4,-0.0853,-0.1607,146.6,96.7,0.532
57.54,31883.5,34781.6,-0.1372,-0.2636,146.6,96.7,0.532
57.56,31783.7,34756.4,-0.2719,-0.2935,146.6,96.7,0.532
57.58,31902.5,34645.6,-0.1115,-0.4248,146.6,96.7,0.532
57.6,31868.1,34648.7,-0.1579,-0.4211,146.6,96.7,0.532
57.62,31743.1,34594.7,-0.3267,-0.4851,146.6,96.7,0.532
57.64,31795.8,34525.0,-0.2556,-0.5677,146.6,96.7,0.532
57.66,31761.0,34542.9,-0.3025,-0.5465,146.6,96.7,0.532
57.68,31764.7,34504.1,-0.2975,-0.5924,146.6,96.7,0.532
57.7,31964.4,34848.1,-0.028,-0.1848,146.6,96.7,0.532
57.72,32155.4,35188.1,0.2299,0.2181,146.6,96.7,0.532
57.74,32229.7,35534.0,0.3303,0.628,146.6,96.7,0.532
57.76,32376.0,35734.2,0.5278,0.8653,146.6,96.7,0.532
57.78,32202.4,35685.5,0.2935,0.8075,146.6,96.7,0.532
57.8,32265.7,35588.0,0.379,0.6919,146.6,96.7,0.532
57.82,32139.0,35340.8,0.2078,0.399,146.6,96.7,0.532
57.84,32099.2,35267.8,0.154,0.3125,146.6,96.7,0.532
57.86,31999.8,35128.2,0.0198,0.1471,146.6,96.7,0.532
57.88,32097.4,35111.8,0.1517,0.1276,146.6,96.7,0.532
57.9,32049.9,34970.3,0.0875,-0.0401,146.6,96.7,0.532
57.92,31942.0,34832.9,-0.0582,-0.2028,146.6,96.7,0.532
57.94,31881.2,34806.1,-0.1403,-0.2346,146.6,96.7,0.532
57.96,31849.0,34740.6,-0.1837,-0.3122,146.6,96.7,0.532
57.98,31788.8,34746.0,-0.265,-0.3058,146.6,96.7,0.532
58.0,31832.9,34653.0,-0.2055,-0.416,146.6,96.7,0.532
58.02,31835.6,34654.3,-0.2019,-0.4145,146.6,96.7,0.532
58.04,31836.7,34520.3,-0.2003,-0.5732,146.6,96.7,0.532
58.06,31739.1,34393.5,-0.3322,-0.7236,146.6,96.7,0.532
58.08,31776.2,34455.0,-0.2821,-0.6507,146.6,96.7,0.532
58.1,31806.9,34696.2,-0.2407,-0.3648,146.6,96.7,0.532
58.12,31928.6,35002.7,-0.0763,-0.0017,146.6,96.7,0.532
58.14,32182.1,35366.9,0.2661,0.4299,146.6,96.7,0.532
58.16,32364.0,35617.4,0.5117,0.7268,146.6,96.7,0.532
58.18,32324.7,35696.7,0.4586,0.8208,146.6,96.7,0.532
58.2,32346.9,35688.5,0.4886,0.811,146.6,96.7,0.532
58.22,32248.5,35505.4,0.3557,0.5941,146.6,96.7,0.532
58.24,32141.0,35244.1,0.2105,0.2845,146.6,96.7,0.532
58.26,32027.8,35251.9,0.0577,0.2937,146.6,96.7,0.532
58.28,31979.1,35142.5,-0.008,0.1641,146.6,96.7,0.532
58.3,31971.1,35027.7,-0.0189,0.028,146.6,96.7,0.532
58.32,31981.4,34912.1,-0.005,-0.109,146.6,96.7,0.532
58.34,31854.2,34829.5,-0.1767,-0.2068,146.6,96.7,0.532
58.36,31976.6,34640.8,-0.0114,-0.4305,146.6,96.7,0.532
58.38,31855.3,34729.2,-0.1753,-0.3257,146.6,96.7,0.532
58.4,31873.6,34690.5,-0.1505,-0.3716,146.6,96.7,0.532
58.42,31960.3,34716.8,-0.0335,-0.3404,146.6,96.7,0.532
58.44,31829.9,34596.1,-0.2096,-0.4835,146.6,96.7,0.532
58.46,31764.8,34508.2,-0.2974,-0.5876,146.6,96.7,0.532
58.48,31746.4,34447.7,-0.3223,-0.6594,146.6,96.7,0.532
58.5,31775.0,34581.4,-0.2837,-0.5008,146.6,96.7,0.532
58.52,31842.8,34787.4,-0.1921,-0.2567,146.6,96.7,0.532
58.54,32063.9,35312.1,0.1064,0.365,146.6,96.7,0.532
58.56,32279.2,35552.9,0.3972,0.6503,146.6,96.7,0.532
58.58,32371.4,35637.7,0.5217,0.7509,146.6,96.7,0.532
58.6,32332.4,35763.6,0.469,0.9,146.6,96.7,0.532
58.62,32322.9,35608.0,0.4562,0.7157,146.6,96.7,0.532
58.64,32162.8,35394.8,0.2399,0.463,146.6,96.7,0.532
58.66,32113.6,35269.5,0.1735,0.3146,146.6,96.7,0.532
58.68,32042.0,35149.1,0.0769,0.1718,146.6,96.7,0.532
58.7,31997.6,35104.1,0.0169,0.1185,146.6,96.7,0.532
58.72,32051.3,35001.0,0.0894,-0.0036,146.6,96.7,0.532
58.74,31949.8,34943.4,-0.0477,-0.0719,146.6,96.7,0.532
58.76,31907.0,34700.3,-0.1054,-0.36,146.6,96.7,0.532
58.78,31807.0,34624.0,-0.2405,-0.4504,146.6,96.7,0.532
58.8,31729.6,34706.8,-0.345,-0.3522,146.6,96.7,0.532
58.82,31806.7,34619.1,-0.2408,-0.4561,146.6,96.7,0.532
58.84,31791.1,34631.7,-0.2619,-0.4412,146.6,96.7,0.532
58.86,31626.1,34501.6,-0.4847,-0.5955,146.6,96.7,0.532
58.88,31681.0,34464.6,-0.4106,-0.6392,146.6,96.7,0.532
58.9,31725.4,34515.0,-0.3507,-0.5795,146.6,96.7,0.532
58.92,31827.9,34702.1,-0.2123,-0.3578,146.6,96.7,0.532
58.94,31972.2,35072.1,-0.0174,0.0806,146.6,96.7,0.532
58.96,32265.0,35500.7,0.378,0.5885,146.6,96.7,0.532
58.98,32296.1,35629.8,0.4199,0.7415,146.6,96.7,0.532
59.0,32341.8,35835.9,0.4816,0.9858,146.6,96.7,0.532
59.02,32357.9,35684.6,0.5035,0.8065,146.6,96.7,0.532
59.04,32218.0,35346.8,0.3145,0.4062,146.6,96.7,0.532
59.06,32141.6,35266.3,0.2113,0.3107,146.6,96.7,0.532
59.08,32117.4,35217.8,0.1786,0.2533,146.6,96.7,0.532
59.1,32058.7,35165.5,0.0993,0.1913,146.6,96.7,0.532
59.12,32080.0,34974.7,0.1281,-0.0348,146.6,96.7,0.532
59.14,32002.7,34944.2,0.0238,-0.0709,146.6,96.7,0.532
59.16,31892.5,34826.7,-0.1249,-0.2101,146.6,96.7,0.532
59.18,31905.3,34595.9,-0.1077,-0.4837,146.6,96.7,0.532
59.2,31852.3,34705.1,-0.1792,-0.3543,146.6,96.7,0.532
59.22,31756.9,34596.4,-0.3081,-0.4831,146.6,96.7,0.532
59.24,31832.1,34629.2,-0.2066,-0.4442,146.6,96.7,0.532
59.26,31841.3,34549.7,-0.1942,-0.5384,146.6,96.7,0.532
59.28,31703.4,34518.6,-0.3803,-0.5752,146.6,96.7,0.532
59.3,31737.1,34455.8,-0.3348,-0.6497,146.6,96.7,0.532
59.32,31770.4,34557.2,-0.2899,-0.5295,146.6,96.7,0.532
59.34,31932.7,34835.0,-0.0707,-0.2004,146.6,96.7,0.532
59.36,32099.0,35298.0,0.1538,0.3483,146.6,96.7,0.532
59.38,32247.7,35616.2,0.3546,0.7254,146.6,96.7,0.532
59.4,32413.0,35882.2,0.5778,1.0406,146.6,96.7,0.532
59.42,32291.1,35685.4,0.4132,0.8074,146.6,96.7,0.532
59.44,32196.8,35511.1,0.2859,0.6008,146.6,96.7,0.532
59.46,32143.9,35285.0,0.2144,0.333,146.6,96.7,0.532
59.48,32119.1,35246.5,0.1809,0.2873,146.6,96.7,0.532
59.5,31992.5,35102.9,0.01,0.1171,146.6,96.7,0.532
59.52,32077.7,34999.5,0.125,-0.0054,146.6,96.7,0.532
59.54,31940.0,34998.2,-0.0608,-0.0069,146.6,96.7,0.532
59.56,32050.8,34842.9,0.0887,-0.191,146.6,96.7,0.532
59.58,31860.7,34840.1,-0.1679,-0.1943,146.6,96.7,0.532
59.6,31894.2,34694.3,-0.1227,-0.367,146.6,96.7,0.532
59.62,31859.6,34652.4,-0.1694,-0.4168,146.6,96.7,0.532
59.64,31887.8,34739.0,-0.1314,-0.3142,146.6,96.7,0.532
59.66,31776.2,34552.5,-0.2821,-0.5351,146.6,96.7,0.532
59.68,31834.1,34473.0,-0.2038,-0.6294,146.6,96.7,0.532
59.7,31766.8,34339.1,-0.2947,-0.7879,146.6,96.7,0.532
59.72,31704.7,34570.9,-0.3787,-0.5133,146.6,96.7,0.532
59.74,31901.7,34785.5,-0.1126,-0.259,146.6,96.7,0.532
59.76,31993.8,35046.1,0.0118,0.0498,146.6,96.7,0.532
59.78,32170.1,35311.9,0.2499,0.3648,146.6,96.7,0.532
59.8,32266.1,35648.2,0.3795,0.7633,146.6,96.7,0.532
59.82,32376.6,35682.2,0.5287,0.8036,146.6,96.7,0.532
59.84,32340.9,35702.2,0.4805,0.8273,146.6,96.7,0.532
59.86,32302.7,35404.2,0.429,0.4741,146.6,96.7,0.532
59.88,32077.4,35216.6,0.1247,0.2519,146.6,96.7,0.532
59.9,32003.2,35126.7,0.0244,0.1453,146.6,96.7,0.532
59.92,32084.8,35048.7,0.1347,0.0528,146.6,96.7,0.532
59.94,32067.0,35064.9,0.1107,0.0721,146.6,96.7,0.532
59.96,31909.6,34965.0,-0.1019,-0.0463,146.6,96.7,0.532
59.98,31802.7,34899.3,-0.2463,-0.1241,146.6,96.7,0.532
60.0,31858.0,34798.8,-0.1716,-0.2433,146.6,96.7,0.532
60.02,31811.1,34650.1,-0.235,-0.4194,146.6,96.7,0.532
60.04,31866.4,34580.1,-0.1603,-0.5024,146.6,96.7,0.532
60.06,31745.1,34657.6,-0.3241,-0.4106,146.6,96.7,0.532
60.08,31677.3,34568.2,-0.4156,-0.5165,146.6,96.7,0.532
60.1,31699.3,34532.0,-0.3859,-0.5594,146.6,96.7,0.532
60.12,31702.5,34468.3,-0.3815,-0.6349,146.6,96.7,0.532
60.14,31819.5,34595.2,-0.2237,-0.4846,146.6,96.7,0.532
60.16,31925.5,34929.5,-0.0805,-0.0883,146.6,96.7,0.532
60.18,32097.6,35351.2,0.152,0.4113,146.6,96.7,0.532
60.2,32304.3,35540.8,0.4311,0.6361,146.6,96.7,0.532
60.22,32368.9,35712.5,0.5183,0.8396,146.6,96.7,0.532
60.24,32347.0,35779.4,0.4887,0.9187,146.6,96.7,0.532
60.26,32240.0,35549.7,0.3442,0.6466,146.6,96.7,0.532
60.28,32153.1,35359.7,0.2268,0.4214,146.6,96.7,0.532
60.3,32094.9,35330.7,0.1483,0.3871,146.6,96.7,0.532
60.32,32006.6,35076.8,0.0291,0.0862,146.6,96.7,0.532
60.34,32071.4,35060.6,0.1165,0.067,146.6,96.7,0.532
60.36,32008.2,35002.3,0.0312,-0.0021,146.6,96.7,0.532
60.38,31961.1,34838.2,-0.0324,-0.1966,146.6,96.7,0.532
60.4,31955.1,34786.8,-0.0404,-0.2575,146.6,96.7,0.532
60.42,31899.4,34652.6,-0.1158,-0.4165,146.6,96.7,0.532
60.44,31783.5,34574.8,-0.2722,-0.5087,146.6,96.7,0.532
60.46,31803.5,34635.1,-0.2452,-0.4373,146.6,96.7,0.532
60.48,31806.1,34650.5,-0.2417,-0.419,146.6,96.7,0.532
60.5,31840.1,34591.7,-0.1957,-0.4886,146.6,96.7,0.532
60.52,31720.0,34467.5,-0.3579,-0.6358,146.6,96.7,0.532
60.54,31682.6,34552.6,-0.4085,-0.535,146.6,96.7,0.532
60.56,31888.7,34755.7,-0.1302,-0.2943,146.6,96.7,0.532
60.58,32015.9,34962.7,0.0416,-0.049,146.6,96.7,0.532
60.6,32181.0,35452.0,0.2646,0.5308,146.6,96.7,0.532
60.62,32270.2,35656.5,0.385,0.7732,146.6,96.7,0.532
60.64,32367.8,35797.5,0.5168,0.9402,146.6,96.7,0.532
60.66,32365.5,35674.9,0.5137,0.7949,146.6,96.7,0.532
60.68,32223.6,35406.3,0.3221,0.4767,146.6,96.7,0.532
60.7,32185.8,35290.3,0.271,0.3392,146.6,96.7,0.532
60.72,32093.7,35169.3,0.1467,0.1958,146.6,96.7,0.532
60.74,32015.2,35148.7,0.0406,0.1714,146.6,96.7,0.532
60.76,32041.1,35005.2,0.0756,0.0014,146.6,96.7,0.532
60.78,32031.5,34909.2,0.0627,-0.1124,146.6,96.7,0.532
60.8,31945.1,34826.7,-0.054,-0.2102,146.6,96.7,0.532
60.82,31960.7,34578.4,-0.033,-0.5044,146.6,96.7,0.532
60.84,31811.2,34681.9,-0.2348,-0.3817,146.6,96.7,0.532
60.86,31803.9,34660.3,-0.2447,-0.4074,146.6,96.7,0.532
60.88,31834.6,34628.2,-0.2032,-0.4454,146.6,96.7,0.532
60.9,31846.9,34495.7,-0.1866,-0.6024,146.6,96.7,0.532
60.92,31806.8,34438.9,-0.2407,-0.6697,146.6,96.7,0.532
60.94,31715.9,34422.4,-0.3635,-0.6893,146.6,96.7,0.532
60.96,31811.3,34592.8,-0.2346,-0.4874,146.6,96.7,0.532
60.98,31978.6,34951.7,-0.0088,-0.062,146.6,96.7,0.532
61.0,32096.8,35215.4,0.1509,0.2504,146.6,96.7,0.532
61.02,32401.8,35650.9,0.5627,0.7665,146.6,96.7,0.532
61.04,32392.7,35781.0,0.5504,0.9207,146.6,96.7,0.532
61.06,32350.2,35770.7,0.493,0.9085,146.6,96.7,0.532
61.08,32163.1,35483.7,0.2404,0.5683,146.6,96.7,0.532
61.1,32193.4,35288.8,0.2813,0.3375,146.6,96.7,0.532
61.12,32019.1,35198.1,0.046,0.2299,146.6,96.7,0.532
61.14,32115.4,35226.8,0.1759,0.2639,146.6,96.7,0.532
61.16,32029.0,35073.6,0.0593,0.0825,146.6,96.7,0.532
61.18,31997.3,35013.2,0.0165,0.0109,146.6,96.7,0.532
61.2,31934.5,34952.2,-0.0683,-0.0614,146.6,96.7,0.532
61.22,31931.4,34827.5,-0.0725,-0.2093,146.6,96.7,0.532
61.24,31822.6,34788.2,-0.2193,-0.2557,146.6,96.7,0.532
61.26,31954.6,34649.5,-0.0412,-0.4202,146.6,96.7,0.532
61.28,31906.3,34641.5,-0.1063,-0.4297,146.6,96.7,0.532
61.3,31714.7,34587.8,-0.3651,-0.4933,146.6,96.7,0.532
61.32,31805.0,34543.7,-0.2432,-0.5455,146.6,96.7,0.532
61.34,31715.6,34429.5,-0.3639,-0.6809,146.6,96.7,0.532
61.36,31778.6,34545.1,-0.2789,-0.5439,146.6,96.7,0.532
61.38,31933.8,34777.3,-0.0692,-0.2687,146.6,96.7,0.532
61.4,32047.3,35051.3,0.084,0.0559,146.6,96.7,0.532
61.42,32254.8,35492.4,0.3642,0.5787,146.6,96.7,0.532
61.44,32402.6,35707.9,0.5637,0.834,146.6,96.7,0.532
61.46,32361.8,35713.3,0.5087,0.8405,146.6,96.7,0.532
61.48,32242.3,35668.1,0.3473,0.7868,146.6,96.7,0.532
61.5,32221.7,35396.9,0.3194,0.4655,146.6,96.7,0.532
61.52,32147.6,35260.6,0.2195,0.304,146.6,96.7,0.532
61.54,32028.0,35124.3,0.058,0.1425,146.6,96.7,0.532
61.56,31987.8,35036.8,0.0037,0.0388,146.6,96.7,0.532
61.58,31931.9,35076.8,-0.0718,0.0862,146.6,96.7,0.532
61.6,32028.5,34981.8,0.0587,-0.0263,146.6,96.7,0.532
61.62,31871.0,34879.4,-0.1541,-0.1478,146.6,96.7,0.532
61.64,31876.8,34614.3,-0.1463,-0.4619,146.6,96.7,0.532
61.66,31819.5,34659.2,-0.2236,-0.4087,146.6,96.7,0.532
61.68,31772.8,34813.0,-0.2867,-0.2264,146.6,96.7,0.532
61.7,31856.1,34618.8,-0.1741,-0.4566,146.6,96.7,0.532
61.72,31839.4,34582.0,-0.1967,-0.5001,146.6,96.7,0.532
61.74,31749.4,34530.2,-0.3182,-0.5615,146.6,96.7,0.532
61.76,31753.3,34458.2,-0.3129,-0.6469,146.6,96.7,0.532
61.78,31752.4,34624.4,-0.3142,-0.4499,146.6,96.7,0.532
61.8,31939.4,34958.4,-0.0617,-0.0541,146.6,96.7,0.532
61.82,32132.0,35307.9,0.1984,0.36,146.6,96.7,0.532
61.84,32301.7,35585.1,0.4276,0.6886,146.6,96.7,0.532
61.86,32303.4,35720.1,0.4298,0.8485,146.6,96.7,0.532
61.88,32294.3,35695.0,0.4175,0.8188,146.6,96.7,0.532
61.9,32185.6,35458.7,0.2707,0.5388,146.6,96.7,0.532
61.92,32205.1,35382.9,0.2971,0.4489,146.6,96.7,0.532
61.94,32178.7,35189.6,0.2614,0.2199,146.6,96.7,0.532
61.96,32071.7,35019.7,0.1169,0.0185,146.6,96.7,0.532
61.98,31961.0,35082.7,-0.0325,0.0932,146.6,96.7,0.532
62.0,31999.0,34884.0,0.0188,-0.1422,146.6,96.7,0.532
62.02,31980.3,34876.9,-0.0065,-0.1507,146.6,96.7,0.532
62.04,31925.4,34695.8,-0.0806,-0.3653,146.6,96.7,0.532
62.06,31890.6,34727.4,-0.1275,-0.3278,146.6,96.7,0.532
62.08,31904.7,34571.3,-0.1085,-0.5128,146.6,96.7,0.532
62.1,31771.2,34684.7,-0.2888,-0.3785,146.6,96.7,0.532
62.12,31886.3,34608.7,-0.1334,-0.4685,146.6,96.7,0.532
62.14,31796.6,34492.2,-0.2546,-0.6066,146.6,96.7,0.532
62.16,31776.1,34403.3,-0.2822,-0.7119,146.6,96.7,0.532
62.18,31720.2,34502.1,-0.3576,-0.5949,146.6,96.7,0.532
62.2,31818.0,34748.2,-0.2256,-0.3032,146.6,96.7,0.532
62.22,32140.2,35097.9,0.2094,0.1112,146.6,96.7,0.532
62.24,32302.5,35458.9,0.4286,0.539,146.6,96.7,0.532
62.26,32290.4,35687.6,0.4123,0.81,146.6,96.7,0.532
62.28,32259.6,35679.0,0.3707,0.7998,146.6,96.7,0.532
62.3,32289.1,35650.4,0.4105,0.766,146.6,96.7,0.532
62.32,32165.8,35392.6,0.2441,0.4604,146.6,96.7,0.532
62.34,32072.8,35281.6,0.1184,0.3289,146.6,96.7,0.532
62.36,32140.8,35228.0,0.2102,0.2654,146.6,96.7,0.532
62.38,32035.6,35162.9,0.0682,0.1883,146.6,96.7,0.532
62.4,32033.4,35020.9,0.0653,0.02,146.6,96.7,0.532
62.42,31993.4,34881.0,0.0112,-0.1458,146.6,96.7,0.532
62.44,31961.7,34852.6,-0.0316,-0.1795,146.6,96.7,0.532
62.46,31905.7,34701.3,-0.1072,-0.3587,146.6,96.7,0.532
62.48,31889.5,34670.5,-0.1291,-0.3953,146.6,96.7,0.532
62.5,31832.5,34699.1,-0.206,-0.3614,146.6,96.7,0.532
62.52,31784.4,34584.0,-0.271,-0.4978,146.6,96.7,0.532
62.54,31741.3,34515.1,-0.3291,-0.5795,146.6,96.7,0.532
62.56,31724.0,34406.6,-0.3525,-0.7081,146.6,96.7,0.532
62.58,31755.8,34490.4,-0.3096,-0.6087,146.6,96.7,0.532
62.6,31804.6,34642.4,-0.2437,-0.4286,146.6,96.7,0.532
62.62,31913.5,35064.5,-0.0966,0.0716,146.6,96.7,0.532
62.64,32201.8,35361.8,0.2927,0.4239,146.6,96.7,0.532
62.66,32444.1,35588.5,0.6198,0.6926,146.6,96.7,0.532
62.68,32293.9,35790.1,0.417,0.9314,146.6,96.7,0.532
62.7,32362.0,35619.1,0.5089,0.7289,146.6,96.7,0.532
62.72,32187.2,35479.5,0.273,0.5634,146.6,96.7,0.532
62.74,32160.4,35295.2,0.2368,0.345,146.6,96.7,0.532
62.76,32217.1,35107.2,0.3133,0.1223,146.6,96.7,0.532
62.78,32051.0,35139.7,0.089,0.1607,146.6,96.7,0.532
62.8,32050.9,35029.4,0.0888,0.03,146.6,96.7,0.532
62.82,31899.6,34913.3,-0.1155,-0.1075,146.6,96.7,0.532
62.84,31952.8,34853.4,-0.0435,-0.1786,146.6,96.7,0.532
62.86,31877.0,34677.5,-0.1459,-0.387,146.6,96.7,0.532
62.88,31861.1,34725.1,-0.1674,-0.3306,146.6,96.7,0.532
62.9,31803.2,34778.7,-0.2456,-0.267,146.6,96.7,0.532
62.92,31853.3,34659.5,-0.178,-0.4083,146.6,96.7,0.532
62.94,31816.1,34601.8,-0.2282,-0.4767,146.6,96.7,0.532
62.96,31784.9,34503.1,-0.2704,-0.5937,146.6,96.7,0.532
62.98,31746.1,34502.7,-0.3228,-0.5941,146.6,96.7,0.532
63.0,31772.9,34552.4,-0.2865,-0.5352,146.6,96.7,0.532
63.02,31825.8,34845.5,-0.2151,-0.1879,146.6,96.7,0.532
63.04,32077.1,35170.1,0.1242,0.1968,146.6,96.7,0.532
63.06,32196.6,35620.5,0.2856,0.7305,146.6,96.7,0.532
63.08,32358.5,35714.2,0.5042,0.8415,146.6,96.7,0.532
63.1,32416.2,35854.6,0.5821,1.008,146.6,96.7,0.532
63.12,32325.6,35621.0,0.4598,0.7311,146.6,96.7,0.532
63.14,32187.8,35375.9,0.2738,0.4406,146.6,96.7,0.532
63.16,32137.9,35275.2,0.2064,0.3213,146.6,96.7,0.532
63.18,32120.1,35087.0,0.1823,0.0983,146.6,96.7,0.532
63.2,32084.8,35101.3,0.1346,0.1152,146.6,96.7,0.532
63.22,31996.6,35023.5,0.0155,0.023,146.6,96.7,0.532
63.24,32011.0,34896.6,0.0349,-0.1274,146.6,96.7,0.532
63.26,31858.6,34787.2,-0.1708,-0.2569,146.6,96.7,0.532
63.28,31817.9,34706.1,-0.2258,-0.3532,146.6,96.7,0.532
63.3,31831.3,34679.7,-0.2077,-0.3844,146.6,96.7,0.532
63.32,31863.5,34703.1,-0.1641,-0.3566,146.6,96.7,0.532
63.34,31851.2,34628.0,-0.1808,-0.4456,146.6,96.7,0.532
63.36,31709.4,34484.5,-0.3723,-0.6157,146.6,96.7,0.532
63.38,31667.5,34430.8,-0.4288,-0.6794,146.6,96.7,0.532
63.4,31771.7,34514.9,-0.2881,-0.5796,146.6,96.7,0.532
63.42,31777.4,34664.6,-0.2805,-0.4023,146.6,96.7,0.532
63.44,31944.7,34904.6,-0.0545,-0.1179,146.6,96.7,0.532
63.46,32160.5,35324.1,0.2369,0.3793,146.6,96.7,0.532
63.48,32365.1,35705.9,0.5131,0.8317,146.6,96.7,0.532
63.5,32364.9,35715.4,0.5129,0.8429,146.6,96.7,0.532
63.52,32328.3,35612.2,0.4635,0.7207,146.6,96.7,0.532
63.54,32197.5,35584.2,0.2868,0.6875,146.6,96.7,0.532
63.56,32103.5,35251.4,0.1599,0.2931,146.6,96.7,0.532
63.58,32091.7,35085.3,0.144,0.0963,146.6,96.7,0.532
63.6,32032.7,35102.9,0.0643,0.1171,146.6,96.7,0.532
63.62,31948.8,35047.4,-0.049,0.0514,146.6,96.7,0.532
63.64,32020.3,34963.8,0.0476,-0.0477,146.6,96.7,0.532
63.66,31828.4,34666.3,-0.2115,-0.4002,146.6,96.7,0.532
63.68,31841.8,34796.3,-0.1935,-0.2462,146.6,96.7,0.532
63.7,31799.6,34623.0,-0.2505,-0.4516,146.6,96.7,0.532
63.72,31919.5,34630.7,-0.0885,-0.4424,146.6,96.7,0.532
63.74,31857.5,34546.7,-0.1722,-0.542,146.6,96.7,0.532
63.76,31817.7,34588.3,-0.2261,-0.4927,146.6,96.7,0.532
63.78,31809.0,34450.5,-0.2377,-0.6559,146.6,96.7,0.532
63.8,31752.3,34373.1,-0.3144,-0.7478,146.6,96.7,0.532
63.82,31793.8,34636.2,-0.2583,-0.4359,146.6,96.7,0.532
63.84,31933.9,34826.9,-0.0691,-0.2099,146.6,96.7,0.532
63.86,32109.4,35199.4,0.1678,0.2314,146.6,96.7,0.532
63.88,32228.4,35517.9,0.3286,0.609,146.6,96.7,0.532
63.9,32263.3,35834.7,0.3757,0.9843,146.6,96.7,0.532
63.92,32375.8,35740.0,0.5277,0.8721,146.6,96.7,0.532
63.94,32252.9,35504.1,0.3616,0.5926,146.6,96.7,0.532
63.96,32205.3,35284.8,0.2974,0.3327,146.6,96.7,0.532
63.98,32047.0,35227.5,0.0835,0.2648,146.6,96.7,0.532
64.0,32024.1,35091.8,0.0527,0.104,146.6,96.7,0.532
64.02,31968.6,35104.8,-0.0223,0.1194,146.6,96.7,0.532
64.04,32028.7,34949.8,0.059,-0.0643,146.6,96.7,0.532
64.06,31918.1,34944.7,-0.0905,-0.0704,146.6,96.7,0.532
64.08,31901.3,34725.5,-0.1131,-0.3301,146.6,96.7,0.532
64.1,31841.8,34688.7,-0.1935,-0.3737,146.6,96.7,0.532
64.12,31814.6,34625.1,-0.2301,-0.4491,146.6,96.7,0.532
64.14,31751.1,34662.2,-0.3159,-0.4051,146.6,96.7,0.532
64.16,31838.1,34634.7,-0.1984,-0.4377,146.6,96.7,0.532
64.18,31855.4,34487.3,-0.1751,-0.6124,146.6,96.7,0.532
64.2,31812.1,34416.0,-0.2335,-0.6969,146.6,96.7,0.532
64.22,31702.5,34452.2,-0.3816,-0.6539,146.6,96.7,0.532
64.24,31803.1,34589.1,-0.2457,-0.4918,146.6,96.7,0.532
64.26,32041.8,34915.8,0.0766,-0.1046,146.6,96.7,0.532
64.28,32193.1,35297.6,0.2808,0.3478,146.6,96.7,0.532
64.3,32294.0,35606.2,0.4172,0.7135,146.6,96.7,0.532
64.32,32426.3,35768.2,0.5958,0.9055,146.6,96.7,0.532
64.34,32367.1,35700.0,0.5159,0.8247,146.6,96.7,0.532
64.36,32209.9,35442.3,0.3036,0.5193,146.6,96.7,0.532
64.38,32177.7,35312.7,0.2601,0.3657,146.6,96.7,0.532
64.4,32164.6,35196.3,0.2424,0.2278,146.6,96.7,0.532
64.42,31995.8,35046.2,0.0145,0.0499,146.6,96.7,0.532
64.44,31975.1,35006.1,-0.0135,0.0025,146.6,96.7,0.532
64.46,31983.2,34989.3,-0.0025,-0.0175,146.6,96.7,0.532
64.48,31920.3,34888.8,-0.0874,-0.1366,146.6,96.7,0.532
64.5,31910.6,34718.4,-0.1006,-0.3385,146.6,96.7,0.532
64.52,31883.2,34785.7,-0.1376,-0.2587,146.6,96.7,0.532
64.54,31821.8,34734.7,-0.2204,-0.3192,146.6,96.7,0.532
64.56,31849.7,34604.5,-0.1828,-0.4735,146.6,96.7,0.532
64.58,31783.4,34528.0,-0.2724,-0.5642,146.6,96.7,0.532
64.6,31757.7,34529.1,-0.3071,-0.5628,146.6,96.7,0.532
64.62,31681.0,34522.0,-0.4107,-0.5713,146.6,96.7,0.532
64.64,31764.2,34600.8,-0.2982,-0.4779,146.6,96.7,0.532
64.66,31909.5,34742.4,-0.1021,-0.31,146.6,96.7,0.532
64.68,32042.7,35301.6,0.0778,0.3526,146.6,96.7,0.532
64.7,32245.3,35586.3,0.3514,0.6899,146.6,96.7,0.532
64.72,32338.0,35728.4,0.4766,0.8584,146.6,96.7,0.532
64.74,32364.0,35754.6,0.5117,0.8894,146.6,96.7,0.532
64.76,32204.4,35626.9,0.2961,0.7381,146.6,96.7,0.532
64.78,32220.9,35374.0,0.3184,0.4384,146.6,96.7,0.532
64.8,32144.5,35241.7,0.2152,0.2816,146.6,96.7,0.532
64.82,32036.2,35028.2,0.069,0.0286,146.6,96.7,0.532
64.84,32062.4,35124.8,0.1044,0.143,146.6,96.7,0.532
64.86,31952.9,35001.9,-0.0434,-0.0025,146.6,96.7,0.532
64.88,31922.6,34843.4,-0.0844,-0.1904,146.6,96.7,0.532
64.9,31879.9,34792.5,-0.142,-0.2508,146.6,96.7,0.532
64.92,31814.5,34671.2,-0.2304,-0.3945,146.6,96.7,0.532
64.94,31824.0,34788.1,-0.2175,-0.2559,146.6,96.7,0.532
64.96,31848.5,34656.6,-0.1845,-0.4118,146.6,96.7,0.532
64.98,31778.2,34612.6,-0.2794,-0.4639,146.6,96.7,0.532
65.0,31794.1,34550.6,-0.2578,-0.5373,146.6,96.7,0.532
65.02,31877.8,34430.4,-0.1449,-0.6798,146.6,96.7,0.532
65.04,31775.4,34551.9,-0.2832,-0.5358,146.6,96.7,0.532
65.06,31891.5,34631.8,-0.1264,-0.4412,146.6,96.7,0.532
65.08,32015.0,35049.4,0.0404,0.0537,146.6,96.7,0.532
65.1,32189.7,35308.2,0.2764,0.3605,146.6,96.7,0.532
65.12,32385.1,35806.9,0.5401,0.9514,146.6,96.7,0.532
65.14,32448.0,35692.1,0.6251,0.8154,146.6,96.7,0.532
65.16,32283.7,35654.8,0.4032,0.7711,146.6,96.7,0.532
65.18,32167.8,35402.3,0.2468,0.4719,146.6,96.7,0.532
65.2,32076.0,35185.4,0.1228,0.2149,146.6,96.7,0.532
65.22,32089.3,35104.5,0.1407,0.119,146.6,96.7,0.532
65.24,32012.6,35162.9,0.0372,0.1883,146.6,96.7,0.532
65.26,31987.1,34986.2,0.0027,-0.0212,146.6,96.7,0.532
65.28,32062.9,35028.2,0.105,0.0285,146.6,96.7,0.532
65.3,31899.9,34884.5,-0.115,-0.1417,146.6,96.7,0.532
65.32,31887.6,34661.8,-0.1316,-0.4055,146.6,96.7,0.532
65.34,31868.4,34692.6,-0.1576,-0.369,146.6,96.7,0.532
65.36,31794.1,34658.9,-0.2579,-0.4091,146.6,96.7,0.532
65.38,31798.9,34605.7,-0.2514,-0.4721,146.6,96.7,0.532
65.4,31789.2,34513.8,-0.2645,-0.581,146.6,96.7,0.532
65.42,31768.6,34583.4,-0.2923,-0.4984,146.6,96.7,0.532
65.44,31650.3,34521.0,-0.452,-0.5725,146.6,96.7,0.532
65.46,31791.7,34570.3,-0.2612,-0.5141,146.6,96.7,0.532
65.48,31997.0,34854.3,0.0161,-0.1774,146.6,96.7,0.532
65.5,32044.2,35199.6,0.0798,0.2318,146.6,96.7,0.532
65.52,32298.1,35489.7,0.4227,0.5755,146.6,96.7,0.532
65.54,32334.0,35739.6,0.4712,0.8717,146.6,96.7,0.532
65.56,32319.8,35722.4,0.4519,0.8512,146.6,96.7,0.532
65.58,32225.3,35563.6,0.3244,0.663,146.6,96.7,0.532
65.6,32045.3,35302.0,0.0813,0.353,146.6,96.7,0.532
65.62,32120.1,35163.9,0.1823,0.1894,146.6,96.7,0.532
65.64,32133.3,35060.4,0.2002,0.0667,146.6,96.7,0.532
65.66,32128.6,35064.6,0.1938,0.0717,146.6,96.7,0.532
65.68,32030.1,34993.7,0.0607,-0.0123,146.6,96.7,0.532
65.7,32047.8,34907.3,0.0846,-0.1147,146.6,96.7,0.532
65.72,31828.5,34736.6,-0.2114,-0.3169,146.6,96.7,0.532
65.74,31863.2,34655.1,-0.1645,-0.4135,146.6,96.7,0.532
65.76,31830.3,34695.9,-0.209,-0.3652,146.6,96.7,0.532
65.78,31766.1,34597.5,-0.2957,-0.4817,146.6,96.7,0.532
65.8,31714.5,34560.0,-0.3654,-0.5262,146.6,96.7,0.532
65.82,31842.1,34476.1,-0.1931,-0.6257,146.6,96.7,0.532
65.84,31764.6,34369.8,-0.2977,-0.7516,146.6,96.7,0.532
65.86,31787.0,34455.5,-0.2675,-0.65,146.6,96.7,0.532
65.88,31825.7,34716.1,-0.2152,-0.3412,146.6,96.7,0.532
65.9,32013.5,35062.6,0.0384,0.0694,146.6,96.7,0.532
65.92,32156.3,35430.2,0.2313,0.505,146.6,96.7,0.532
65.94,32382.4,35676.0,0.5365,0.7962,146.6,96.7,0.532
65.96,32369.9,35752.4,0.5197,0.8868,146.6,96.7,0.532
65.98,32232.8,35676.7,0.3345,0.797,146.6,96.7,0.532
66.0,32220.7,35394.8,0.3182,0.463,146.6,96.7,0.532
66.02,32134.6,35302.3,0.2019,0.3535,146.6,96.7,0.532
66.04,32042.5,35207.4,0.0775,0.2409,146.6,96.7,0.532
66.06,31958.3,35053.9,-0.0362,0.059,146.6,96.7,0.532
66.08,32013.7,35026.3,0.0387,0.0263,146.6,96.7,0.532
66.1,31921.2,35036.0,-0.0862,0.0378,146.6,96.7,0.532
66.12,31940.9,34822.5,-0.0596,-0.2152,146.6,96.7,0.532
66.14,31846.9,34728.3,-0.1866,-0.3268,146.6,96.7,0.532
66.16,31834.0,34665.7,-0.204,-0.401,146.6,96.7,0.532
66.18,31782.0,34712.0,-0.2742,-0.346,146.6,96.7,0.532
66.2,31715.4,34663.3,-0.3641,-0.4039,146.6,96.7,0.532
66.22,31809.9,34563.0,-0.2365,-0.5227,146.6,96.7,0.532
66.24,31661.9,34539.6,-0.4364,-0.5504,146.6,96.7,0.532
66.26,31788.9,34434.6,-0.2649,-0.6749,146.6,96.7,0.532
66.28,31694.2,34570.4,-0.3928,-0.5139,146.6,96.7,0.532
66.3,31892.7,34910.5,-0.1247,-0.1109,146.6,96.7,0.532
66.32,32072.3,35265.1,0.1177,0.3094,146.6,96.7,0.532
66.34,32315.1,35562.4,0.4456,0.6616,146.6,96.7,0.532
66.36,32329.9,35846.5,0.4656,0.9982,146.6,96.7,0.532
66.38,32279.0,35736.7,0.3969,0.8681,146.6,96.7,0.532
66.4,32337.9,35481.8,0.4764,0.5661,146.6,96.7,0.532
66.42,32161.8,35328.3,0.2387,0.3842,146.6,96.7,0.532
66.44,32049.7,35127.9,0.0872,0.1468,146.6,96.7,0.532
66.46,32079.9,35049.6,0.1281,0.0539,146.6,96.7,0.532
66.48,32071.6,34933.7,0.1168,-0.0834,146.6,96.7,0.532
66.5,32025.1,34952.5,0.054,-0.0611,146.6,96.7,0.532
66.52,31897.8,34878.5,-0.1178,-0.1487,146.6,96.7,0.532
66.54,31905.6,34615.3,-0.1074,-0.4607,146.6,96.7,0.532
66.56,31894.5,34674.1,-0.1223,-0.3911,146.6,96.7,0.532
66.58,31775.0,34632.8,-0.2837,-0.44,146.6,96.7,0.532
66.6,31821.6,34651.7,-0.2208,-0.4176,146.6,96.7,0.532
66.62,31836.3,34576.4,-0.2009,-0.5067,146.6,96.7,0.532
66.64,31769.0,34514.2,-0.2917,-0.5805,146.6,96.7,0.532
66.66,31835.3,34392.9,-0.2022,-0.7242,146.6,96.7,0.532
66.68,31815.9,34430.3,-0.2284,-0.68,146.6,96.7,0.532
66.7,31851.9,34750.7,-0.1798,-0.3002,146.6,96.7,0.532
66.72,32048.7,34981.8,0.0859,-0.0264,146.6,96.7,0.532
66.74,32161.4,35443.3,0.2381,0.5205,146.6,96.7,0.532
66.76,32241.2,35685.6,0.3459,0.8076,146.6,96.7,0.532
66.78,32348.5,35698.7,0.4907,0.8231,146.6,96.7,0.532
66.8,32323.6,35621.1,0.4571,0.7312,146.6,96.7,0.532
66.82,32238.0,35458.0,0.3416,0.538,146.6,96.7,0.532
66.84,32191.9,35293.5,0.2793,0.343,146.6,96.7,0.532
66.86,32116.8,35125.7,0.1779,0.1442,146.6,96.7,0.532
66.88,32067.2,35043.2,0.1108,0.0464,146.6,96.7,0.532
66.9,31935.3,35120.0,-0.0672,0.1374,146.6,96.7,0.532
66.92,32042.4,34962.1,0.0773,-0.0497,146.6,96.7,0.532
66.94,31915.4,34875.3,-0.094,-0.1526,146.6,96.7,0.532
66.96,31878.0,34804.2,-0.1446,-0.2369,146.6,96.7,0.532
66.98,31815.9,34712.3,-0.2285,-0.3458,146.6,96.7,0.532
67.0,31858.0,34671.5,-0.1717,-0.3941,146.6,96.7,0.532
67.02,31843.6,34704.9,-0.1911,-0.3545,146.6,96.7,0.532
67.04,31837.1,34578.7,-0.1998,-0.5041,146.6,96.7,0.532
67.06,31664.3,34538.8,-0.4332,-0.5513,146.6,96.7,0.532
67.08,31723.3,34473.7,-0.3535,-0.6285,146.6,96.7,0.532
67.1,31857.1,34587.2,-0.1728,-0.494,146.6,96.7,0.532
67.12,31916.0,34981.3,-0.0933,-0.027,146.6,96.7,0.532
67.14,32167.2,35188.1,0.246,0.2181,146.6,96.7,0.532
67.16,32269.3,35621.3,0.3838,0.7315,146.6,96.7,0.532
67.18,32448.7,35834.5,0.626,0.9841,146.6,96.7,0.532
67.2,32369.3,35723.1,0.5188,0.8521,146.6,96.7,0.532
67.22,32258.6,35541.6,0.3694,0.637,146.6,96.7,0.532
67.24,32101.0,35454.5,0.1566,0.5337,146.6,96.7,0.532
67.26,32140.7,35241.1,0.2102,0.2809,146.6,96.7,0.532
67.28,31985.2,35153.7,0.0001,0.1774,146.6,96.7,0.532
67.3,32027.1,35044.6,0.0568,0.048,146.6,96.7,0.532
67.32,32021.3,34905.1,0.049,-0.1172,146.6,96.7,0.532
67.34,31865.0,34997.6,-0.1621,-0.0076,146.6,96.7,0.532
67.36,31883.8,34892.0,-0.1368,-0.1328,146.6,96.7,0.532
67.38,31791.9,34689.4,-0.2609,-0.3728,146.6,96.7,0.532
67.4,31836.6,34625.5,-0.2005,-0.4486,146.6,96.7,0.532
67.42,31738.4,34637.6,-0.3331,-0.4342,146.6,96.7,0.532
67.44,31738.3,34647.7,-0.3332,-0.4224,146.6,96.7,0.532
67.46,31809.2,34552.9,-0.2375,-0.5346,146.6,96.7,0.532
67.48,31744.6,34403.4,-0.3247,-0.7118,146.6,96.7,0.532
67.5,31857.8,34478.5,-0.1719,-0.6228,146.6,96.7,0.532
67.52,31842.9,34725.0,-0.1919,-0.3307,146.6,96.7,0.532
67.54,32021.1,35017.2,0.0486,0.0155,146.6,96.7,0.532
67.56,32188.1,35411.7,0.2742,0.483,146.6,96.7,0.532
67.58,32363.2,35703.8,0.5105,0.8292,146.6,96.7,0.532
67.6,32297.1,35730.1,0.4213,0.8603,146.6,96.7,0.532
67.62,32341.1,35650.0,0.4808,0.7654,146.6,96.7,0.532
67.64,32239.4,35532.4,0.3434,0.6261,146.6,96.7,0.532
67.66,32099.7,35375.0,0.1548,0.4396,146.6,96.7,0.532
67.68,32054.7,35138.6,0.094,0.1594,146.6,96.7,0.532
67.7,32039.1,35103.3,0.0729,0.1175,146.6,96.7,0.532
67.72,31884.3,35051.0,-0.1361,0.0556,146.6,96.7,0.532
67.74,31972.1,34957.8,-0.0175,-0.0549,146.6,96.7,0.532
67.76,31872.8,34743.4,-0.1516,-0.3089,146.6,96.7,0.532
67.78,31907.2,34718.9,-0.1052,-0.3379,146.6,96.7,0.532
67.8,31795.1,34733.7,-0.2565,-0.3204,146.6,96.7,0.532
67.82,31855.1,34567.5,-0.1755,-0.5173,146.6,96.7,0.532
67.84,31891.2,34536.8,-0.1268,-0.5537,146.6,96.7,0.532
67.86,31790.7,34534.5,-0.2624,-0.5564,146.6,96.7,0.532
67.88,31796.8,34458.6,-0.2542,-0.6464,146.6,96.7,0.532
67.9,31744.1,34457.3,-0.3254,-0.6479,146.6,96.7,0.532
67.92,31828.7,34657.1,-0.2112,-0.4111,146.6,96.7,0.532
67.94,31991.1,34876.3,0.0081,-0.1514,146.6,96.7,0.532
67.96,32070.9,35336.6,0.1159,0.394,146.6,96.7,0.532
67.98,32256.2,35665.7,0.3661,0.7841,146.6,96.7,0.532
68.0,32434.6,35743.0,0.607,0.8756,146.6,96.7,0.532
68.02,32355.7,35709.8,0.5004,0.8363,146.6,96.7,0.532
68.04,32250.1,35447.4,0.3578,0.5253,146.6,96.7,0.532
68.06,32191.3,35324.9,0.2785,0.3802,146.6,96.7,0.532
68.08,32057.4,35195.6,0.0976,0.227,146.6,96.7,0.532
68.1,32029.5,35088.0,0.0599,0.0995,146.6,96.7,0.532
68.12,32020.4,35031.5,0.0477,0.0325,146.6,96.7,0.532
68.14,31935.9,34919.1,-0.0664,-0.1007,146.6,96.7,0.532
68.16,32015.5,34917.0,0.041,-0.1032,146.6,96.7,0.532
68.18,31910.8,34709.8,-0.1004,-0.3487,146.6,96.7,0.532
68.2,31883.9,34667.4,-0.1366,-0.399,146.6,96.7,0.532
68.22,31881.4,34690.9,-0.14,-0.3712,146.6,96.7,0.532
68.24,31841.1,34664.9,-0.1945,-0.4019,146.6,96.7,0.532
68.26,31771.0,34508.4,-0.289,-0.5874,146.6,96.7,0.532
68.28,31800.1,34562.2,-0.2497,-0.5236,146.6,96.7,0.532
68.3,31763.5,34409.1,-0.2992,-0.705,146.6,96.7,0.532
68.32,31787.1,34503.9,-0.2673,-0.5928,146.6,96.7,0.532
68.34,31852.2,34707.0,-0.1794,-0.352,146.6,96.7,0.532
68.36,32024.0,35099.8,0.0525,0.1134,146.6,96.7,0.532
68.38,32223.5,35515.9,0.3219,0.6066,146.6,96.7,0.532
68.4,32411.5,35751.7,0.5758,0.886,146.6,96.7,0.532
68.42,32425.0,35775.5,0.594,0.9141,146.6,96.7,0.532
68.44,32301.3,35683.6,0.4271,0.8053,146.6,96.7,0.532
68.46,32253.0,35453.5,0.3618,0.5326,146.6,96.7,0.532
68.48,32144.3,35202.3,0.2149,0.2349,146.6,96.7,0.532
68.5,31992.3,35212.5,0.0097,0.247,146.6,96.7,0.532
68.52,32071.2,34962.9,0.1163,-0.0487,146.6,96.7,0.532
68.54,32022.5,35043.6,0.0506,0.0468,146.6,96.7,0.532
68.56,31988.7,34877.8,0.0049,-0.1496,146.6,96.7,0.532
68.58,31841.5,34764.4,-0.1939,-0.284,146.6,96.7,0.532
68.6,31843.7,34670.2,-0.1909,-0.3956,146.6,96.7,0.532
68.62,31856.1,34704.1,-0.1742,-0.3555,146.6,96.7,0.532
68.64,31831.1,34627.8,-0.2079,-0.4459,146.6,96.7,0.532
68.66,31779.5,34618.0,-0.2776,-0.4575,146.6,96.7,0.532
68.68,31844.3,34578.2,-0.1902,-0.5047,146.6,96.7,0.532
68.7,31727.9,34375.1,-0.3472,-0.7453,146.6,96.7,0.532
68.72,31761.9,34498.2,-0.3014,-0.5995,146.6,96.7,0.532
68.74,31837.5,34659.9,-0.1993,-0.4079,146.6,96.7,0.532
68.76,32015.7,34861.9,0.0413,-0.1684,146.6,96.7,0.532
68.78,32097.0,35321.3,0.1511,0.376,146.6,96.7,0.532
68.8,32379.5,35630.9,0.5326,0.7429,146.6,96.7,0.532
68.82,32340.9,35756.9,0.4805,0.8922,146.6,96.7,0.532
68.84,32348.7,35785.4,0.491,0.9259,146.6,96.7,0.532
68.86,32342.2,35479.4,0.4822,0.5633,146.6,96.7,0.532
68.88,32173.0,35251.6,0.2537,0.2933,146.6,96.7,0.532
68.9,31975.8,35182.5,-0.0125,0.2114,146.6,96.7,0.532
68.92,32094.2,35075.0,0.1473,0.0841,146.6,96.7,0.532
68.94,32084.2,35033.2,0.1339,0.0345,146.6,96.7,0.532
68.96,31970.8,34998.7,-0.0193,-0.0063,146.6,96.7,0.532
68.98,31947.5,34917.4,-0.0508,-0.1027,146.6,96.7,0.532
69.0,31925.6,34798.0,-0.0803,-0.2442,146.6,96.7,0.532
69.02,31839.5,34647.4,-0.1966,-0.4227,146.6,96.7,0.532
69.04,31875.6,34759.0,-0.1478,-0.2904,146.6,96.7,0.532
69.06,31834.3,34691.7,-0.2036,-0.3702,146.6,96.7,0.532
69.08,31808.5,34618.4,-0.2384,-0.457,146.6,96.7,0.532
69.1,31872.5,34430.1,-0.1521,-0.6802,146.6,96.7,0.532
69.12,31799.2,34410.3,-0.251,-0.7036,146.6,96.7,0.532
69.14,31856.2,34451.3,-0.174,-0.6551,146.6,96.7,0.532
69.16,31913.9,34734.9,-0.0961,-0.319,146.6,96.7,0.532
69.18,32048.3,35143.9,0.0854,0.1657,146.6,96.7,0.532
69.2,32280.1,35592.3,0.3984,0.697,146.6,96.7,0.532
69.22,32292.2,35779.4,0.4147,0.9188,146.6,96.7,0.532
69.24,32329.8,35709.4,0.4655,0.8359,146.6,96.7,0.532
69.26,32304.3,35654.2,0.431,0.7705,146.6,96.7,0.532
69.28,32179.6,35480.2,0.2627,0.5642,146.6,96.7,0.532
69.3,32078.5,35245.8,0.1262,0.2865,146.6,96.7,0.532
69.32,32068.2,35059.4,0.1122,0.0656,146.6,96.7,0.532
69.34,32084.1,35127.7,0.1337,0.1465,146.6,96.7,0.532
69.36,31983.8,34955.8,-0.0017,-0.0572,146.6,96.7,0.532
69.38,31934.1,34831.9,-0.0689,-0.2041,146.6,96.7,0.532
69.4,31944.5,34853.0,-0.0548,-0.179,146.6,96.7,0.532
69.42,31825.1,34663.2,-0.216,-0.4039,146.6,96.7,0.532
69.44,31915.2,34777.6,-0.0943,-0.2683,146.6,96.7,0.532
69.46,31835.9,34776.4,-0.2015,-0.2698,146.6,96.7,0.532
69.48,31758.9,34612.7,-0.3054,-0.4638,146.6,96.7,0.532
69.5,31678.9,34475.1,-0.4134,-0.6269,146.6,96.7,0.532
69.52,31790.2,34477.6,-0.2632,-0.6239,146.6,96.7,0.532
69.54,31781.3,34525.3,-0.2752,-0.5673,146.6,96.7,0.532
69.56,31812.9,34704.5,-0.2325,-0.355,146.6,96.7,0.532
69.58,31961.6,34966.0,-0.0317,-0.0451,146.6,96.7,0.532
69.6,32193.8,35250.1,0.2818,0.2915,146.6,96.7,0.532
69.62,32359.6,35604.4,0.5058,0.7115,146.6,96.7,0.532
69.64,32305.1,35801.2,0.4321,0.9447,146.6,96.7,0.532
69.66,32254.2,35623.9,0.3634,0.7345,146.6,96.7,0.532
69.68,32190.0,35609.9,0.2767,0.7179,146.6,96.7,0.532
69.7,32186.0,35378.5,0.2713,0.4438,146.6,96.7,0.532
69.72,32095.9,35190.3,0.1496,0.2207,146.6,96.7,0.532
69.74,32010.8,35122.7,0.0348,0.1406,146.6,96.7,0.532
69.76,32107.3,34975.5,0.1651,-0.0338,146.6,96.7,0.532
69.78,31989.8,34856.6,0.0063,-0.1747,146.6,96.7,0.532
69.8,31909.7,34777.6,-0.1018,-0.2684,146.6,96.7,0.532
69.82,31916.7,34633.5,-0.0923,-0.4391,146.6,96.7,0.532
69.84,31858.6,34696.1,-0.1708,-0.365,146.6,96.7,0.532
69.86,31821.0,34625.8,-0.2215,-0.4483,146.6,96.7,0.532
69.88,31810.5,34713.8,-0.2357,-0.3439,146.6,96.7,0.532
69.9,31828.4,34557.4,-0.2116,-0.5293,146.6,96.7,0.532
69.92,31717.6,34450.3,-0.3611,-0.6562,146.6,96.7,0.532
69.94,31745.0,34440.1,-0.3243,-0.6683,146.6,96.7,0.532
69.96,31827.8,34595.0,-0.2123,-0.4848,146.6,96.7,0.532
69.98,31874.7,34831.0,-0.149,-0.2051,146.6,96.7,0.532
70.0,32108.2,35103.6,0.1663,0.1179,146.6,96.7,0.532
70.02,32233.7,35433.7,0.3358,0.5091,146.6,96.7,0.532
70.04,32424.1,35744.4,0.5928,0.8773,146.6,96.7,0.532
70.06,32371.9,35728.8,0.5223,0.8589,146.6,96.7,0.532
70.08,32258.1,35577.7,0.3686,0.6798,146.6,96.7,0.532
70.1,32249.6,35390.5,0.3572,0.458,146.6,96.7,0.532
70.12,32067.8,35197.8,0.1117,0.2295,146.6,96.7,0.532
70.14,32028.7,35156.7,0.0589,0.1808,146.6,96.7,0.532
70.16,32090.2,35124.4,0.1419,0.1426,146.6,96.7,0.532
70.18,32052.0,34985.2,0.0903,-0.0224,146.6,96.7,0.532
70.2,31919.2,34957.1,-0.0889,-0.0556,146.6,96.7,0.532
70.22,31939.7,34722.9,-0.0613,-0.3332,146.6,96.7,0.532
70.24,31886.9,34706.5,-0.1326,-0.3526,146.6,96.7,0.532
70.26,31741.5,34643.6,-0.3289,-0.4271,146.6,96.7,0.532
70.28,31762.5,34538.0,-0.3006,-0.5523,146.6,96.7,0.532
70.3,31849.7,34623.0,-0.1827,-0.4516,146.6,96.7,0.532
70.32,31771.0,34538.6,-0.2891,-0.5515,146.6,96.7,0.532
70.34,31714.2,34407.8,-0.3658,-0.7066,146.6,96.7,0.532
70.36,31840.5,34447.5,-0.1952,-0.6596,146.6,96.7,0.532
70.38,31863.7,34652.8,-0.1638,-0.4162,146.6,96.7,0.532
70.4,32034.6,35059.9,0.0669,0.0662,146.6,96.7,0.532
70.42,32188.4,35308.1,0.2745,0.3603,146.6,96.7,0.532
70.44,32375.4,35696.0,0.527,0.82,146.6,96.7,0.532
70.46,32459.9,35740.5,0.6411,0.8727,146.6,96.7,0.532
70.48,32305.8,35700.5,0.4331,0.8253,146.6,96.7,0.532
70.5,32248.0,35432.1,0.355,0.5073,146.6,96.7,0.532
70.52,32113.9,35297.7,0.1739,0.3479,146.6,96.7,0.532
70.54,32075.1,35136.5,0.1216,0.1569,146.6,96.7,0.532
70.56,32031.4,35067.6,0.0625,0.0753,146.6,96.7,0.532
70.58,32033.1,35140.6,0.0648,0.1618,146.6,96.7,0.532
70.6,31983.4,34973.5,-0.0023,-0.0363,146.6,96.7,0.532
70.62,32027.2,34964.4,0.0568,-0.0469,146.6,96.7,0.532
70.64,31813.3,34687.7,-0.232,-0.3749,146.6,96.7,0.532
70.66,31823.9,34713.1,-0.2177,-0.3448,146.6,96.7,0.532
70.68,31884.8,34674.2,-0.1354,-0.3909,146.6,96.7,0.532
70.7,31904.7,34554.9,-0.1085,-0.5322,146.6,96.7,0.532
70.72,31858.8,34527.5,-0.1705,-0.5647,146.6,96.7,0.532
70.74,31748.2,34414.7,-0.3199,-0.6984,146.6,96.7,0.532
70.76,31761.9,34395.6,-0.3014,-0.721,146.6,96.7,0.532
70.78,31791.9,34539.3,-0.2609,-0.5508,146.6,96.7,0.532
70.8,31919.4,34892.4,-0.0887,-0.1323,146.6,96.7,0.532
70.82,32111.1,35141.7,0.1702,0.1631,146.6,96.7,0.532
70.84,32279.7,35566.4,0.3978,0.6664,146.6,96.7,0.532
70.86,32338.2,35887.7,0.4768,1.0472,146.6,96.7,0.532
70.88,32420.3,35633.2,0.5878,0.7455,146.6,96.7,0.532
70.9,32247.6,35624.5,0.3545,0.7352,146.6,96.7,0.532
70.92,32169.9,35354.8,0.2495,0.4156,146.6,96.7,0.532
70.94,32032.6,35212.4,0.0641,0.2469,146.6,96.7,0.532
70.96,31958.8,35034.5,-0.0355,0.0361,146.6,96.7,0.532
70.98,32068.6,35047.6,0.1128,0.0516,146.6,96.7,0.532
71.0,32047.9,35020.6,0.0848,0.0195,146.6,96.7,0.532
71.02,31988.1,34827.9,0.004,-0.2087,146.6,96.7,0.532
71.04,31833.0,34740.3,-0.2053,-0.3125,146.6,96.7,0.532
71.06,31930.4,34710.9,-0.0739,-0.3474,146.6,96.7,0.532
71.08,31800.8,34740.7,-0.2488,-0.3121,146.6,96.7,0.532
71.1,31870.1,34703.3,-0.1553,-0.3564,146.6,96.7,0.532
71.12,31857.8,34696.9,-0.1718,-0.364,146.6,96.7,0.532
71.14,31733.8,34506.9,-0.3393,-0.5891,146.6,96.7,0.532
71.16,31686.3,34477.6,-0.4035,-0.6239,146.6,96.7,0.532
71.18,31729.3,34433.0,-0.3454,-0.6767,146.6,96.7,0.532
71.2,31821.6,34573.9,-0.2208,-0.5098,146.6,96.7,0.532
71.22,32033.0,34958.1,0.0646,-0.0545,146.6,96.7,0.532
71.24,32200.9,35309.0,0.2914,0.3614,146.6,96.7,0.532
71.26,32385.7,35626.5,0.541,0.7376,146.6,96.7,0.532
71.28,32385.6,35687.7,0.5408,0.8102,146.6,96.7,0.532
71.3,32330.3,35660.2,0.4662,0.7775,146.6,96.7,0.532
71.32,32282.9,35438.1,0.4021,0.5144,146.6,96.7,0.532
71.34,32151.0,35297.2,0.224,0.3474,146.6,96.7,0.532
71.36,32048.4,35122.2,0.0855,0.14,146.6,96.7,0.532
71.38,32020.6,35089.6,0.048,0.1013,146.6,96.7,0.532
71.4,32015.2,35021.1,0.0406,0.0202,146.6,96.7,0.532
71.42,31972.0,35003.7,-0.0177,-0.0005,146.6,96.7,0.532
71.44,31837.8,34844.3,-0.1988,-0.1893,146.6,96.7,0.532
71.46,31882.3,34693.1,-0.1388,-0.3685,146.6,96.7,0.532
71.48,31967.4,34643.8,-0.0238,-0.427,146.6,96.7,0.532
71.5,31782.4,34636.5,-0.2738,-0.4355,146.6,96.7,0.532
71.52,31849.3,34627.3,-0.1834,-0.4465,146.6,96.7,0.532
71.54,31713.5,34690.1,-0.3667,-0.3721,146.6,96.7,0.532
71.56,31743.8,34490.6,-0.3259,-0.6084,146.6,96.7,0.532
71.58,31758.4,34415.5,-0.306,-0.6974,146.6,96.7,0.532
71.6,31825.8,34448.5,-0.2151,-0.6584,146.6,96.7,0.532
71.62,31867.8,34863.6,-0.1583,-0.1664,146.6,96.7,0.532
71.64,32107.6,35105.5,0.1654,0.1202,146.6,96.7,0.532
71.66,32294.9,35601.3,0.4183,0.7078,146.6,96.7,0.532
71.68,32295.4,35740.4,0.419,0.8726,146.6,96.7,0.532
71.7,32368.4,35612.7,0.5177,0.7212,146.6,96.7,0.532
71.72,32265.5,35634.6,0.3786,0.7472,146.6,96.7,0.532
71.74,32151.9,35360.8,0.2252,0.4227,146.6,96.7,0.532
71.76,32096.3,35172.2,0.1502,0.1992,146.6,96.7,0.532
71.78,31993.5,35065.0,0.0114,0.0722,146.6,96.7,0.532
71.8,32060.3,35058.5,0.1016,0.0645,146.6,96.7,0.532
71.82,32062.6,35074.1,0.1046,0.083,146.6,96.7,0.532
71.84,31911.2,34891.1,-0.0997,-0.1338,146.6,96.7,0.532
71.86,31918.4,34820.1,-0.09,-0.218,146.6,96.7,0.532
71.88,31954.6,34753.1,-0.0412,-0.2974,146.6,96.7,0.532
71.9,31935.9,34749.9,-0.0664,-0.3011,146.6,96.7,0.532
71.92,31841.5,34635.4,-0.1938,-0.4369,146.6,96.7,0.532
71.94,31792.1,34574.1,-0.2606,-0.5095,146.6,96.7,0.532
71.96,31777.8,34495.3,-0.2799,-0.6029,146.6,96.7,0.532
71.98,31762.3,34382.5,-0.3009,-0.7365,146.6,96.7,0.532
72.0,31749.5,34412.8,-0.318,-0.7007,146.6,96.7,0.532
72.02,31835.6,34666.0,-0.2019,-0.4007,146.6,96.7,0.532
72.04,32126.6,35035.0,0.191,0.0366,146.6,96.7,0.532
72.06,32212.9,35454.0,0.3076,0.5332,146.6,96.7,0.532
72.08,32293.8,35691.9,0.4169,0.8151,146.6,96.7,0.532
72.1,32356.7,35735.8,0.5018,0.8672,146.6,96.7,0.532
72.12,32272.7,35614.5,0.3884,0.7233,146.6,96.7,0.532
72.14,32285.2,35432.7,0.4052,0.508,146.6,96.7,0.532
72.16,32205.3,35273.8,0.2973,0.3196,146.6,96.7,0.532
72.18,32093.1,35161.7,0.1458,0.1868,146.6,96.7,0.532
72.2,32070.1,35164.3,0.1148,0.1899,146.6,96.7,0.532
72.22,32104.1,34999.6,0.1607,-0.0053,146.6,96.7,0.532
72.24,31965.1,34946.7,-0.0269,-0.068,146.6,96.7,0.532
72.26,31922.3,34791.7,-0.0847,-0.2516,146.6,96.7,0.532
72.28,31847.1,34757.8,-0.1863,-0.2918,146.6,96.7,0.532
72.3,31840.5,34681.7,-0.1953,-0.382,146.6,96.7,0.532
72.32,31880.3,34664.4,-0.1415,-0.4025,146.6,96.7,0.532
72.34,31905.2,34678.7,-0.1079,-0.3856,146.6,96.7,0.532
72.36,31768.8,34555.5,-0.292,-0.5316,146.6,96.7,0.532
72.38,31803.1,34433.4,-0.2458,-0.6762,146.6,96.7,0.532
72.4,31662.2,34420.5,-0.436,-0.6916,146.6,96.7,0.532
72.42,31828.4,34612.4,-0.2116,-0.4641,146.6,96.7,0.532
72.44,31930.0,34919.2,-0.0744,-0.1006,146.6,96.7,0.532
72.46,32085.7,35199.2,0.1359,0.2312,146.6,96.7,0.532
72.48,32278.5,35587.3,0.3962,0.6911,146.6,96.7,0.532
72.5,32433.0,35780.1,0.6049,0.9196,146.6,96.7,0.532
72.52,32321.4,35760.1,0.4542,0.8959,146.6,96.7,0.532
72.54,32288.4,35497.2,0.4095,0.5843,146.6,96.7,0.532
72.56,32152.5,35351.3,0.2261,0.4115,146.6,96.7,0.532
72.58,32130.1,35200.7,0.1958,0.233,146.6,96.7,0.532
72.6,32165.7,35127.3,0.2439,0.146,146.6,96.7,0.532
72.62,32068.7,35064.9,0.1129,0.0721,146.6,96.7,0.532
72.64,32036.4,35044.3,0.0693,0.0477,146.6,96.7,0.532
72.66,31914.0,34920.4,-0.0959,-0.0991,146.6,96.7,0.532
72.68,31867.8,34773.7,-0.1584,-0.273,146.6,96.7,0.532
72.7,31902.4,34715.7,-0.1116,-0.3417,146.6,96.7,0.532
72.72,31837.0,34730.1,-0.1999,-0.3247,146.6,96.7,0.532
72.74,31995.0,34648.0,0.0134,-0.4219,146.6,96.7,0.532
72.76,31765.7,34608.8,-0.2962,-0.4683,146.6,96.7,0.532
72.78,31734.0,34476.2,-0.339,-0.6255,146.6,96.7,0.532
72.8,31689.8,34432.9,-0.3988,-0.6768,146.6,96.7,0.532
72.82,31719.3,34430.3,-0.3589,-0.6799,146.6,96.7,0.532
72.84,31835.6,34678.4,-0.2019,-0.3859,146.6,96.7,0.532
72.86,32143.9,35065.2,0.2145,0.0724,146.6,96.7,0.532
72.88,32179.4,35475.3,0.2624,0.5584,146.6,96.7,0.532
72.9,32357.3,35650.2,0.5027,0.7657,146.6,96.7,0.532
72.92,32307.1,35792.4,0.4349,0.9342,146.6,96.7,0.532
72.94,32323.2,35639.9,0.4566,0.7535,146.6,96.7,0.532
72.96,32214.9,35466.5,0.3103,0.548,146.6,96.7,0.532
72.98,32134.2,35194.6,0.2013,0.2258,146.6,96.7,0.532
73.0,32053.3,35104.9,0.0922,0.1195,146.6,96.7,0.532
73.02,32110.1,35010.5,0.1688,0.0077,146.6,96.7,0.532
73.04,32008.5,35107.1,0.0316,0.1221,146.6,96.7,0.532
73.06,31918.2,34984.0,-0.0903,-0.0238,146.6,96.7,0.532
73.08,31958.4,34834.2,-0.0361,-0.2013,146.6,96.7,0.532
73.1,31840.2,34799.3,-0.1956,-0.2426,146.6,96.7,0.532
73.12,31849.0,34672.6,-0.1837,-0.3927,146.6,96.7,0.532
73.14,31816.2,34588.6,-0.2281,-0.4923,146.6,96.7,0.532
73.16,31890.3,34624.4,-0.128,-0.4499,146.6,96.7,0.532
73.18,31767.7,34602.0,-0.2935,-0.4764,146.6,96.7,0.532
73.2,31776.9,34455.6,-0.2811,-0.65,146.6,96.7,0.532
73.22,31626.0,34412.0,-0.4849,-0.7016,146.6,96.7,0.532
73.24,31709.9,34464.8,-0.3716,-0.639,146.6,96.7,0.532
73.26,31947.3,34933.6,-0.051,-0.0835,146.6,96.7,0.532
73.28,32158.4,35219.8,0.234,0.2556,146.6,96.7,0.532
73.3,32318.8,35626.5,0.4507,0.7376,146.6,96.7,0.532
73.32,32413.8,35685.7,0.5789,0.8077,146.6,96.7,0.532
73.34,32324.2,35759.0,0.4579,0.8946,146.6,96.7,0.532
73.36,32261.6,35546.2,0.3734,0.6424,146.6,96.7,0.532
73.38,32168.2,35254.5,0.2473,0.2968,146.6,96.7,0.532
73.4,32042.5,35238.2,0.0776,0.2775,146.6,96.7,0.532
73.42,32013.6,35114.3,0.0385,0.1307,146.6,96.7,0.532
73.44,31951.9,35091.0,-0.0449,0.103,146.6,96.7,0.532
73.46,31949.3,35032.0,-0.0484,0.033,146.6,96.7,0.532
73.48,31917.7,34901.8,-0.091,-0.1211,146.6,96.7,0.532
73.5,31826.3,34828.7,-0.2144,-0.2078,146.6,96.7,0.532
73.52,31914.8,34629.6,-0.0949,-0.4437,146.6,96.7,0.532
73.54,31890.6,34719.8,-0.1276,-0.3369,146.6,96.7,0.532
73.56,31878.9,34557.6,-0.1433,-0.5291,146.6,96.7,0.532
73.58,31876.7,34557.2,-0.1464,-0.5296,146.6,96.7,0.532
73.6,31738.1,34574.3,-0.3336,-0.5093,146.6,96.7,0.532
73.62,31752.5,34455.0,-0.3141,-0.6506,146.6,96.7,0.532
73.64,31791.6,34523.8,-0.2613,-0.5691,146.6,96.7,0.532
73.66,31952.0,34729.3,-0.0446,-0.3256,146.6,96.7,0.532
73.68,32031.4,35116.4,0.0625,0.1331,146.6,96.7,0.532
73.7,32290.4,35424.7,0.4123,0.4985,146.6,96.7,0.532
73.72,32399.4,35606.1,0.5594,0.7134,146.6,96.7,0.532
73.74,32365.4,35797.8,0.5135,0.9406,146.6,96.7,0.532
73.76,32271.9,35667.1,0.3874,0.7857,146.6,96.7,0.532
73.78,32174.8,35323.1,0.2562,0.378,146.6,96.7,0.532
73.8,32108.3,35264.8,0.1664,0.309,146.6,96.7,0.532
73.82,32136.1,35251.2,0.204,0.2929,146.6,96.7,0.532
73.84,32042.3,35081.1,0.0772,0.0913,146.6,96.7,0.532
73.86,31936.6,35010.4,-0.0655,0.0075,146.6,96.7,0.532
73.88,31964.1,34885.1,-0.0283,-0.141,146.6,96.7,0.532
73.9,31919.0,34846.8,-0.0892,-0.1863,146.6,96.7,0.532
73.92,31884.5,34699.4,-0.1359,-0.361,146.6,96.7,0.532
73.94,31789.8,34690.9,-0.2636,-0.3711,146.6,96.7,0.532
73.96,31825.8,34687.6,-0.215,-0.375,146.6,96.7,0.532
73.98,31826.1,34570.3,-0.2146,-0.514,146.6,96.7,0.532
74.0,31788.6,34610.0,-0.2653,-0.467,146.6,96.7,0.532
74.02,31702.5,34533.7,-0.3816,-0.5574,146.6,96.7,0.532
74.04,31756.4,34440.2,-0.3088,-0.6682,146.6,96.7,0.532
74.06,31761.4,34652.7,-0.302,-0.4164,146.6,96.7,0.532
74.08,31938.7,34916.7,-0.0627,-0.1035,146.6,96.7,0.532
74.1,32109.6,35348.8,0.1681,0.4085,146.6,96.7,0.532
74.12,32356.4,35523.4,0.5014,0.6155,146.6,96.7,0.532
74.14,32436.4,35734.8,0.6095,0.8659,146.6,96.7,0.532
74.16,32363.6,35728.6,0.5111,0.8586,146.6,96.7,0.532
74.18,32203.6,35491.7,0.295,0.5779,146.6,96.7,0.532
74.2,32128.1,35342.6,0.1932,0.4011,146.6,96.7,0.532
74.22,32102.0,35190.9,0.1579,0.2214,146.6,96.7,0.532
74.24,32035.1,35158.6,0.0675,0.1831,146.6,96.7,0.532
74.26,31967.0,35086.0,-0.0244,0.0971,146.6,96.7,0.532
74.28,31944.6,34957.6,-0.0547,-0.055,146.6,96.7,0.532
74.3,31915.8,34843.5,-0.0935,-0.1903,146.6,96.7,0.532
74.32,31911.6,34813.1,-0.0992,-0.2263,146.6,96.7,0.532
74.34,31850.1,34672.3,-0.1822,-0.3932,146.6,96.7,0.532
74.36,31866.6,34700.6,-0.16,-0.3597,146.6,96.7,0.532
74.38,31785.2,34692.6,-0.27,-0.3691,146.6,96.7,0.532
74.4,31858.9,34550.2,-0.1704,-0.5379,146.6,96.7,0.532
74.42,31763.5,34513.6,-0.2992,-0.5813,146.6,96.7,0.532
74.44,31784.6,34374.4,-0.2707,-0.7462,146.6,96.7,0.532
74.46,31769.2,34442.7,-0.2915,-0.6653,146.6,96.7,0.532
74.48,31857.1,34718.8,-0.1728,-0.338,146.6,96.7,0.532
74.5,32082.8,35042.7,0.132,0.0458,146.6,96.7,0.532
74.52,32209.6,35392.8,0.3032,0.4606,146.6,96.7,0.532
74.54,32233.4,35774.7,0.3353,0.9132,146.6,96.7,0.532
74.56,32317.5,35754.9,0.4489,0.8897,146.6,96.7,0.532
74.58,32303.0,35574.4,0.4293,0.6758,146.6,96.7,0.532
74.6,32224.3,35401.0,0.3231,0.4704,146.6,96.7,0.532
74.62,32148.0,35324.5,0.22,0.3797,146.6,96.7,0.532
74.64,32077.2,35148.1,0.1244,0.1707,146.6,96.7,0.532
74.66,32061.0,35083.4,0.1026,0.094,146.6,96.7,0.532
74.68,32045.7,34932.5,0.0819,-0.0848,146.6,96.7,0.532
74.7,31996.0,35007.0,0.0148,0.0035,146.6,96.7,0.532
74.72,31938.2,34814.0,-0.0632,-0.2253,146.6,96.7,0.532
74.74,31812.0,34635.0,-0.2337,-0.4373,146.6,96.7,0.532
74.76,31878.6,34647.5,-0.1438,-0.4225,146.6,96.7,0.532
74.78,31818.7,34661.6,-0.2247,-0.4059,146.6,96.7,0.532
74.8,31901.1,34629.7,-0.1133,-0.4437,146.6,96.7,0.532
74.82,31765.2,34561.2,-0.2969,-0.5247,146.6,96.7,0.532
74.84,31779.1,34485.0,-0.2781,-0.6151,146.6,96.7,0.532
74.86,31729.6,34574.6,-0.345,-0.5089,146.6,96.7,0.532
74.88,31824.6,34628.1,-0.2167,-0.4456,146.6,96.7,0.532
74.9,32033.3,34903.2,0.0651,-0.1195,146.6,96.7,0.532
74.92,32177.1,35288.5,0.2593,0.337,146.6,96.7,0.532
74.94,32333.3,35708.7,0.4703,0.835,146.6,96.7,0.532
74.96,32518.7,35787.0,0.7206,0.9277,146.6,96.7,0.532
74.98,32374.7,35841.2,0.5262,0.9921,146.6,96.7,0.532
75.0,32240.1,35616.3,0.3443,0.7255,146.6,96.7,0.532
75.02,32204.7,35263.4,0.2965,0.3074,146.6,96.7,0.532
75.04,32057.9,35171.1,0.0983,0.1979,146.6,96.7,0.532
75.06,32062.1,35118.2,0.104,0.1352,146.6,96.7,0.532
75.08,32051.5,35078.5,0.0898,0.0882,146.6,96.7,0.532
75.1,31930.9,34992.7,-0.0732,-0.0135,146.6,96.7,0.532
75.12,31901.1,34748.6,-0.1134,-0.3027,146.6,96.7,0.532
75.14,32002.1,34790.1,0.023,-0.2536,146.6,96.7,0.532
75.16,31870.5,34721.9,-0.1547,-0.3344,146.6,96.7,0.532
75.18,31920.2,34675.9,-0.0876,-0.3888,146.6,96.7,0.532
75.2,31854.1,34662.5,-0.1768,-0.4047,146.6,96.7,0.532
75.22,31802.9,34571.1,-0.2461,-0.5131,146.6,96.7,0.532
75.24,31810.4,34533.2,-0.2359,-0.558,146.6,96.7,0.532
75.26,31622.1,34462.7,-0.4902,-0.6416,146.6,96.7,0.532
75.28,31729.2,34526.5,-0.3455,-0.5659,146.6,96.7,0.532
75.3,31948.4,34786.4,-0.0495,-0.2579,146.6,96.7,0.532
75.32,32012.0,35148.7,0.0364,0.1714,146.6,96.7,0.532
75.34,32244.9,35448.9,0.3509,0.5271,146.6,96.7,0.532
75.36,32272.8,35705.8,0.3886,0.8316,146.6,96.7,0.532
75.38,32417.7,35731.6,0.5842,0.8622,146.6,96.7,0.532
75.4,32299.7,35593.4,0.4249,0.6984,146.6,96.7,0.532
75.42,32159.9,35402.3,0.236,0.4719,146.6,96.7,0.532
75.44,31951.4,35228.0,-0.0455,0.2654,146.6,96.7,0.532
75.46,32047.9,35160.0,0.0848,0.1848,146.6,96.7,0.532
75.48,32071.2,35173.0,0.1163,0.2002,146.6,96.7,0.532
75.5,31981.0,35069.8,-0.0056,0.0779,146.6,96.7,0.532
75.52,32050.9,34877.7,0.0889,-0.1497,146.6,96.7,0.532
75.54,31945.4,34820.0,-0.0536,-0.2181,146.6,96.7,0.532
75.56,31976.9,34720.1,-0.0111,-0.3365,146.6,96.7,0.532
75.58,31761.0,34790.7,-0.3026,-0.2529,146.6,96.7,0.532
75.6,31926.8,34687.3,-0.0787,-0.3753,146.6,96.7,0.532
75.62,31805.9,34669.5,-0.2419,-0.3964,146.6,96.7,0.532
75.64,31825.7,34540.0,-0.2152,-0.5499,146.6,96.7,0.532
75.66,31868.6,34546.4,-0.1573,-0.5424,146.6,96.7,0.532
75.68,31737.3,34505.2,-0.3346,-0.5911,146.6,96.7,0.532
75.7,31789.9,34575.5,-0.2636,-0.5079,146.6,96.7,0.532
75.72,32023.4,34904.6,0.0518,-0.1179,146.6,96.7,0.532
75.74,32169.1,35298.9,0.2484,0.3494,146.6,96.7,0.532
75.76,32279.1,35680.3,0.397,0.8013,146.6,96.7,0.532
75.78,32402.3,35794.7,0.5633,0.9369,146.6,96.7,0.532
75.8,32358.2,35734.4,0.5038,0.8655,146.6,96.7,0.532
75.82,32214.4,35478.4,0.3096,0.5621,146.6,96.7,0.532
75.84,32160.2,35338.8,0.2365,0.3967,146.6,96.7,0.532
75.86,32052.7,35139.4,0.0913,0.1603,146.6,96.7,0.532
75.88,32147.7,35158.7,0.2195,0.1833,146.6,96.7,0.532
75.9,31948.8,35011.3,-0.049,0.0085,146.6,96.7,0.532
75.92,31972.5,34965.9,-0.017,-0.0452,146.6,96.7,0.532
75.94,31941.3,34856.4,-0.0592,-0.1749,146.6,96.7,0.532
75.96,31809.4,34765.2,-0.2372,-0.2831,146.6,96.7,0.532
75.98,31890.8,34736.8,-0.1273,-0.3167,146.6,96.7,0.532
76.0,31870.9,34673.9,-0.1542,-0.3913,146.6,96.7,0.532
76.02,31862.7,34687.4,-0.1652,-0.3752,146.6,96.7,0.532
76.04,31881.2,34612.8,-0.1403,-0.4637,146.6,96.7,0.532
76.06,31831.0,34484.3,-0.2081,-0.6159,146.6,96.7,0.532
76.08,31708.8,34494.5,-0.3731,-0.6038,146.6,96.7,0.532
76.1,31804.7,34631.8,-0.2436,-0.4411,146.6,96.7,0.532
76.12,31894.6,34763.3,-0.1222,-0.2853,146.6,96.7,0.532
76.14,32095.4,35194.6,0.149,0.2258,146.6,96.7,0.532
76.16,32214.6,35514.8,0.3099,0.6052,146.6,96.7,0.532
76.18,32380.5,35694.7,0.534,0.8184,146.6,96.7,0.532
76.2,32296.4,35735.2,0.4204,0.8664,146.6,96.7,0.532
76.22,32395.0,35682.8,0.5535,0.8043,146.6,96.7,0.532
76.24,32177.8,35387.7,0.2603,0.4546,146.6,96.7,0.532
76.26,32101.2,35166.0,0.1568,0.1919,146.6,96.7,0.532
76.28,32028.1,35094.1,0.058,0.1067,146.6,96.7,0.532
76.3,32045.7,35068.7,0.0819,0.0766,146.6,96.7,0.532
76.32,32021.3,34980.2,0.0489,-0.0283,146.6,96.7,0.532
76.34,31987.1,34966.3,0.0027,-0.0448,146.6,96.7,0.532
76.36,31945.9,34770.0,-0.053,-0.2774,146.6,96.7,0.532
76.38,31910.4,34739.8,-0.1008,-0.3132,146.6,96.7,0.532
76.4,31843.8,34689.3,-0.1908,-0.373,146.6,96.7,0.532
76.42,31921.3,34569.6,-0.0862,-0.5149,146.6,96.7,0.532
76.44,31801.5,34652.9,-0.2478,-0.4162,146.6,96.7,0.532
76.46,31822.5,34524.1,-0.2196,-0.5688,146.6,96.7,0.532
76.48,31773.8,34567.9,-0.2853,-0.5169,146.6,96.7,0.532
76.5,31648.9,34460.2,-0.4539,-0.6444,146.6,96.7,0.532
76.52,31807.9,34641.0,-0.2393,-0.4303,146.6,96.7,0.532
76.54,32050.3,34899.6,0.0881,-0.1238,146.6,96.7,0.532
76.56,32207.7,35379.9,0.3007,0.4453,146.6,96.7,0.532
76.58,32375.4,35674.8,0.5271,0.7949,146.6,96.7,0.532
76.6,32353.3,35842.7,0.4972,0.9938,146.6,96.7,0.532
76.62,32391.6,35713.7,0.5489,0.8409,146.6,96.7,0.532
76.64,32279.7,35448.5,0.3978,0.5267,146.6,96.7,0.532
76.66,32156.3,35300.5,0.2312,0.3513,146.6,96.7,0.532
76.68,32069.2,35165.6,0.1136,0.1915,146.6,96.7,0.532
76.7,32032.1,35098.7,0.0635,0.1122,146.6,96.7,0.532
76.72,32080.9,35017.3,0.1293,0.0157,146.6,96.7,0.532
76.74,31994.7,35015.5,0.0129,0.0136,146.6,96.7,0.532
76.76,31971.0,34727.5,-0.0191,-0.3277,146.6,96.7,0.532
76.78,31966.3,34706.2,-0.0254,-0.3529,146.6,96.7,0.532
76.8,31787.7,34704.1,-0.2666,-0.3555,146.6,96.7,0.532
76.82,31864.4,34684.5,-0.1629,-0.3787,146.6,96.7,0.532
76.84,31902.9,34565.6,-0.111,-0.5196,146.6,96.7,0.532
76.86,31793.8,34588.9,-0.2583,-0.492,146.6,96.7,0.532
76.88,31685.7,34609.2,-0.4043,-0.4679,146.6,96.7,0.532
76.9,31708.5,34412.1,-0.3734,-0.7015,146.6,96.7,0.532
76.92,31781.0,34490.3,-0.2755,-0.6088,146.6,96.7,0.532
76.94,31904.3,34861.7,-0.109,-0.1688,146.6,96.7,0.532
76.96,32138.9,35131.1,0.2077,0.1506,146.6,96.7,0.532
76.98,32239.7,35635.5,0.3438,0.7483,146.6,96.7,0.532
77.0,32400.9,35766.7,0.5615,0.9038,146.6,96.7,0.532
77.02,32362.1,35728.2,0.5091,0.8581,146.6,96.7,0.532
77.04,32382.3,35607.9,0.5364,0.7156,146.6,96.7,0.532
77.06,32194.1,35352.1,0.2822,0.4125,146.6,96.7,0.532
77.08,32088.3,35363.7,0.1394,0.4262,146.6,96.7,0.532
77.1,32190.3,35104.7,0.2771,0.1192,146.6,96.7,0.532
77.12,32068.9,35094.0,0.1131,0.1065,146.6,96.7,0.532
77.14,31943.4,34960.4,-0.0563,-0.0518,146.6,96.7,0.532
77.16,31977.6,34868.6,-0.0101,-0.1606,146.6,96.7,0.532
77.18,31804.7,34822.4,-0.2436,-0.2153,146.6,96.7,0.532
77.2,31946.4,34697.6,-0.0522,-0.3631,146.6,96.7,0.532
77.22,31849.4,34595.4,-0.1832,-0.4842,146.6,96.7,0.532
77.24,31814.6,34644.6,-0.2302,-0.4259,146.6,96.7,0.532
77.26,31840.2,34594.3,-0.1956,-0.4856,146.6,96.7,0.532
77.28,31821.0,34514.0,-0.2216,-0.5808,146.6,96.7,0.532
77.3,31749.8,34441.7,-0.3177,-0.6664,146.6,96.7,0.532
77.32,31835.4,34527.9,-0.2021,-0.5642,146.6,96.7,0.532
77.34,31962.8,34623.3,-0.0301,-0.4513,146.6,96.7,0.532
77.36,31946.8,35024.2,-0.0516,0.0238,146.6,96.7,0.532
77.38,32085.9,35483.9,0.1362,0.5686,146.6,96.7,0.532
77.4,32314.7,35629.9,0.4451,0.7416,146.6,96.7,0.532
77.42,32321.1,35783.5,0.4537,0.9237,146.6,96.7,0.532
77.44,32263.6,35615.6,0.3761,0.7247,146.6,96.7,0.532
77.46,32167.0,35424.8,0.2456,0.4986,146.6,96.7,0.532
77.48,32154.7,35262.4,0.2291,0.3062,146.6,96.7,0.532
77.5,32076.7,35058.8,0.1237,0.0648,146.6,96.7,0.532
77.52,32110.2,35095.3,0.169,0.1081,146.6,96.7,0.532
77.54,31915.7,34963.9,-0.0937,-0.0476,146.6,96.7,0.532
77.56,31875.2,35004.3,-0.1484,0.0002,146.6,96.7,0.532
77.58,31959.4,34782.7,-0.0347,-0.2624,146.6,96.7,0.532
77.6,31905.1,34748.4,-0.108,-0.3029,146.6,96.7,0.532
77.62,31759.7,34635.8,-0.3043,-0.4364,146.6,96.7,0.532
77.64,31880.4,34693.8,-0.1414,-0.3677,146.6,96.7,0.532
77.66,31839.8,34728.9,-0.1962,-0.3261,146.6,96.7,0.532
77.68,31693.9,34501.1,-0.3932,-0.596,146.6,96.7,0.532
77.7,31795.3,34530.6,-0.2562,-0.561,146.6,96.7,0.532
77.72,31783.7,34410.4,-0.2719,-0.7035,146.6,96.7,0.532
77.74,31732.9,34507.5,-0.3405,-0.5885,146.6,96.7,0.532
77.76,31874.0,34862.1,-0.15,-0.1682,146.6,96.7,0.532
77.78,32125.8,35128.1,0.1901,0.1469,146.6,96.7,0.532
77.8,32370.7,35588.0,0.5207,0.692,146.6,96.7,0.532
77.82,32384.2,35826.8,0.5389,0.9749,146.6,96.7,0.532
77.84,32262.2,35739.0,0.3743,0.8709,146.6,96.7,0.532
77.86,32316.5,35491.5,0.4476,0.5776,146.6,96.7,0.532
77.88,32157.1,35361.7,0.2323,0.4237,146.6,96.7,0.532
77.9,32044.0,35119.4,0.0796,0.1367,146.6,96.7,0.532
77.92,32111.9,35136.7,0.1713,0.1571,146.6,96.7,0.532
77.94,32114.9,35105.7,0.1753,0.1205,146.6,96.7,0.532
77.96,32050.0,35037.9,0.0876,0.0401,146.6,96.7,0.532
77.98,31913.9,34819.4,-0.0961,-0.2189,146.6,96.7,0.532
78.0,31930.6,34781.9,-0.0735,-0.2633,146.6,96.7,0.532
78.02,31836.7,34677.7,-0.2003,-0.3868,146.6,96.7,0.532
78.04,31860.5,34642.1,-0.1682,-0.429,146.6,96.7,0.532
78.06,31776.4,34671.7,-0.2817,-0.3939,146.6,96.7,0.532
78.08,31867.3,34543.4,-0.1591,-0.5459,146.6,96.7,0.532
78.1,31812.4,34555.5,-0.2332,-0.5316,146.6,96.7,0.532
78.12,31760.7,34451.9,-0.3029,-0.6543,146.6,96.7,0.532
78.14,31758.0,34466.6,-0.3067,-0.6369,146.6,96.7,0.532
78.16,31777.5,34737.2,-0.2803,-0.3162,146.6,96.7,0.532
78.18,32035.4,35031.8,0.068,0.0329,146.6,96.7,0.532
78.2,32172.9,35424.1,0.2537,0.4978,146.6,96.7,0.532
78.22,32383.5,35765.8,0.538,0.9027,146.6,96.7,0.532
78.24,32373.4,35708.5,0.5244,0.8348,146.6,96.7,0.532
78.26,32346.8,35584.5,0.4884,0.6878,146.6,96.7,0.532
78.28,32124.2,35390.3,0.1878,0.4577,146.6,96.7,0.532
78.3,32141.9,35370.7,0.2117,0.4345,146.6,96.7,0.532
78.32,32147.6,35261.0,0.2195,0.3045,146.6,96.7,0.532
78.34,32006.0,35165.6,0.0283,0.1915,146.6,96.7,0.532
78.36,32060.2,34967.7,0.1014,-0.0431,146.6,96.7,0.532
78.38,32032.8,34883.4,0.0644,-0.143,146.6,96.7,0.532
78.4,31938.3,34792.2,-0.0631,-0.2511,146.6,96.7,0.532
78.42,31844.0,34681.1,-0.1905,-0.3827,146.6,96.7,0.532
78.44,31808.2,34712.3,-0.2389,-0.3457,146.6,96.7,0.532
78.46,31817.3,34679.2,-0.2266,-0.385,146.6,96.7,0.532
78.48,31813.3,34627.5,-0.232,-0.4463,146.6,96.7,0.532
78.5,31878.6,34546.7,-0.1438,-0.542,146.6,96.7,0.532
78.52,31795.8,34489.7,-0.2556,-0.6095,146.6,96.7,0.532
78.54,31726.5,34455.3,-0.3492,-0.6502,146.6,96.7,0.532
78.56,31745.0,34537.0,-0.3242,-0.5535,146.6,96.7,0.532
78.58,31965.4,34921.9,-0.0266,-0.0974,146.6,96.7,0.532
78.6,32136.2,35291.0,0.2041,0.34,146.6,96.7,0.532
78.62,32252.7,35581.0,0.3614,0.6837,146.6,96.7,0.532
78.64,32294.2,35748.6,0.4174,0.8822,146.6,96.7,0.532
78.66,32353.4,35804.6,0.4974,0.9487,146.6,96.7,0.532
78.68,32353.6,35490.5,0.4977,0.5764,146.6,96.7,0.532
78.7,32164.7,35273.6,0.2425,0.3194,146.6,96.7,0.532
78.72,32077.4,35227.7,0.1247,0.265,146.6,96.7,0.532
78.74,32007.6,35168.5,0.0304,0.1949,146.6,96.7,0.532
78.76,32039.5,35004.4,0.0735,0.0004,146.6,96.7,0.532
78.78,31994.4,34984.7,0.0126,-0.0229,146.6,96.7,0.532
78.8,32081.8,34966.5,0.1306,-0.0445,146.6,96.7,0.532
78.82,31895.8,34743.4,-0.1206,-0.3089,146.6,96.7,0.532
78.84,31903.1,34667.8,-0.1107,-0.3985,146.6,96.7,0.532
78.86,31857.3,34611.7,-0.1725,-0.465,146.6,96.7,0.532
78.88,31797.9,34564.9,-0.2528,-0.5204,146.6,96.7,0.532
78.9,31829.7,34660.0,-0.2098,-0.4077,146.6,96.7,0.532
78.92,31697.8,34517.6,-0.3879,-0.5765,146.6,96.7,0.532
78.94,31665.3,34446.8,-0.4319,-0.6604,146.6,96.7,0.532
78.96,31847.7,34573.0,-0.1855,-0.5109,146.6,96.7,0.532
78.98,31795.7,34723.2,-0.2557,-0.3328,146.6,96.7,0.532
79.0,32109.0,35048.8,0.1673,0.053,146.6,96.7,0.532
79.02,32161.6,35498.9,0.2384,0.5864,146.6,96.7,0.532
79.04,32369.4,35683.4,0.519,0.8051,146.6,96.7,0.532
79.06,32353.0,35745.5,0.4968,0.8786,146.6,96.7,0.532
79.08,32345.4,35671.1,0.4865,0.7905,146.6,96.7,0.532
79.1,32183.0,35414.2,0.2673,0.486,146.6,96.7,0.532
79.12,32082.5,35261.3,0.1316,0.3049,146.6,96.7,0.532
79.14,32066.9,35154.8,0.1105,0.1786,146.6,96.7,0.532
79.16,32036.7,35143.6,0.0697,0.1654,146.6,96.7,0.532
79.18,32072.7,35040.6,0.1184,0.0433,146.6,96.7,0.532
79.2,32061.7,34961.1,0.1034,-0.0509,146.6,96.7,0.532
79.22,31954.1,34891.3,-0.0418,-0.1337,146.6,96.7,0.532
79.24,31871.1,34665.0,-0.154,-0.4018,146.6,96.7,0.532
79.26,31858.5,34744.8,-0.171,-0.3072,146.6,96.7,0.532
79.28,31829.3,34610.7,-0.2103,-0.4662,146.6,96.7,0.532
79.3,31856.8,34637.2,-0.1733,-0.4348,146.6,96.7,0.532
79.32,31752.5,34609.7,-0.314,-0.4673,146.6,96.7,0.532
79.34,31623.4,34523.4,-0.4883,-0.5696,146.6,96.7,0.532
79.36,31821.9,34474.3,-0.2203,-0.6278,146.6,96.7,0.532
79.38,31830.8,34494.2,-0.2083,-0.6042,146.6,96.7,0.532
79.4,31962.1,34955.1,-0.0311,-0.058,146.6,96.7,0.532
79.42,32122.8,35254.4,0.186,0.2967,146.6,96.7,0.532
79.44,32299.8,35576.0,0.4249,0.6778,146.6,96.7,0.532
79.46,32444.7,35697.1,0.6206,0.8213,146.6,96.7,0.532
79.48,32389.6,35696.6,0.5463,0.8207,146.6,96.7,0.532
79.5,32389.3,35526.6,0.5458,0.6192,146.6,96.7,0.532
79.52,32126.5,35341.9,0.1909,0.4003,146.6,96.7,0.532
79.54,32104.9,35121.9,0.1618,0.1396,146.6,96.7,0.532
79.56,32022.9,35141.1,0.0511,0.1623,146.6,96.7,0.532
79.58,32089.2,35023.4,0.1406,0.0229,146.6,96.7,0.532
79.6,31927.1,34994.1,-0.0783,-0.0118,146.6,96.7,0.532
79.62,31922.0,34868.0,-0.0852,-0.1613,146.6,96.7,0.532
79.64,31926.2,34839.0,-0.0795,-0.1957,146.6,96.7,0.532
79.66,31891.0,34752.7,-0.1271,-0.2978,146.6,96.7,0.532
79.68,31903.9,34670.2,-0.1096,-0.3956,146.6,96.7,0.532
79.7,31787.2,34691.5,-0.2672,-0.3703,146.6,96.7,0.532
79.72,31734.8,34541.3,-0.338,-0.5484,146.6,96.7,0.532
79.74,31793.5,34564.9,-0.2586,-0.5205,146.6,96.7,0.532
79.76,31735.6,34554.2,-0.3369,-0.5331,146.6,96.7,0.532
79.78,31787.7,34439.6,-0.2665,-0.6689,146.6,96.7,0.532
79.8,31898.2,34825.6,-0.1173,-0.2115,146.6,96.7,0.532
79.82,32077.3,35085.3,0.1246,0.0963,146.6,96.7,0.532
79.84,32249.2,35458.8,0.3567,0.5389,146.6,96.7,0.532
79.86,32334.3,35670.1,0.4715,0.7893,146.6,96.7,0.532
79.88,32415.6,35772.1,0.5814,0.9101,146.6,96.7,0.532
79.9,32304.1,35680.3,0.4308,0.8013,146.6,96.7,0.532
79.92,32263.3,35410.2,0.3757,0.4812,146.6,96.7,0.532
79.94,32120.1,35243.8,0.1823,0.2841,146.6,96.7,0.532
79.96,32033.5,35065.9,0.0654,0.0733,146.6,96.7,0.532
79.98,32053.5,35077.3,0.0924,0.0868,146.6,96.7,0.532
80.0,31942.2,34957.2,-0.0579,-0.0555,146.6,96.7,0.532
80.02,31953.5,34943.0,-0.0426,-0.0724,146.6,96.7,0.532
80.04,31956.3,34885.9,-0.0388,-0.1401,146.6,96.7,0.532
80.06,31969.6,34645.6,-0.021,-0.4248,146.6,96.7,0.532
80.08,31920.9,34628.6,-0.0867,-0.4449,146.6,96.7,0.532
80.1,31815.3,34639.2,-0.2292,-0.4324,146.6,96.7,0.532
80.12,31867.9,34680.8,-0.1583,-0.3831,146.6,96.7,0.532
80.14,31743.5,34667.1,-0.3262,-0.3993,146.6,96.7,0.532
80.16,31724.0,34374.1,-0.3526,-0.7465,146.6,96.7,0.532
80.18,31720.0,34423.7,-0.358,-0.6878,146.6,96.7,0.532
80.2,31791.7,34626.2,-0.2611,-0.4478,146.6,96.7,0.532
80.22,31851.8,34823.5,-0.18,-0.2139,146.6,96.7,0.532
80.24,32090.2,35269.5,0.142,0.3146,146.6,96.7,0.532
80.26,32263.3,35509.0,0.3757,0.5984,146.6,96.7,0.532
80.28,32326.8,35791.3,0.4614,0.9329,146.6,96.7,0.532
80.3,32339.8,35751.6,0.479,0.8858,146.6,96.7,0.532
80.32,32334.1,35502.5,0.4713,0.5906,146.6,96.7,0.532
80.34,32089.4,35254.4,0.1408,0.2966,146.6,96.7,0.532
80.36,32103.1,35126.0,0.1594,0.1444,146.6,96.7,0.532
80.38,32064.6,35094.9,0.1074,0.1077,146.6,96.7,0.532
80.4,32068.7,35068.9,0.1129,0.0768,146.6,96.7,0.532
80.42,31976.2,34970.8,-0.012,-0.0394,146.6,96.7,0.532
80.44,32018.0,34940.9,0.0444,-0.0749,146.6,96.7,0.532
80.46,31840.4,34714.4,-0.1954,-0.3433,146.6,96.7,0.532
80.48,31878.9,34709.5,-0.1434,-0.349,146.6,96.7,0.532
80.5,31862.3,34628.0,-0.1658,-0.4457,146.6,96.7,0.532
80.52,31825.9,34765.3,-0.2149,-0.2829,146.6,96.7,0.532
80.54,31738.1,34565.5,-0.3336,-0.5197,146.6,96.7,0.532
80.56,31817.0,34510.3,-0.2269,-0.5852,146.6,96.7,0.532
80.58,31748.6,34491.9,-0.3193,-0.6069,146.6,96.7,0.532
80.6,31736.5,34594.2,-0.3357,-0.4856,146.6,96.7,0.532
80.62,31778.9,34799.9,-0.2785,-0.2419,146.6,96.7,0.532
80.64,32105.3,35009.7,0.1624,0.0067,146.6,96.7,0.532
80.66,32210.3,35403.4,0.3041,0.4732,146.6,96.7,0.532
80.68,32362.2,35728.1,0.5092,0.858,146.6,96.7,0.532
80.7,32361.8,35707.8,0.5087,0.8339,146.6,96.7,0.532
80.72,32329.0,35588.6,0.4644,0.6927,146.6,96.7,0.532
80.74,32261.1,35424.0,0.3727,0.4976,146.6,96.7,0.532
80.76,32065.9,35246.0,0.1092,0.2867,146.6,96.7,0.532
80.78,32121.8,35160.1,0.1846,0.1849,146.6,96.7,0.532
80.8,32029.7,35039.4,0.0603,0.0419,146.6,96.7,0.532
80.82,32029.1,35037.4,0.0594,0.0395,146.6,96.7,0.532
80.84,31962.9,34994.1,-0.0299,-0.0118,146.6,96.7,0.532
80.86,31941.8,34832.2,-0.0585,-0.2036,146.6,96.7,0.532
80.88,31822.0,34780.3,-0.2202,-0.2652,146.6,96.7,0.532
80.9,31919.3,34671.2,-0.0889,-0.3945,146.6,96.7,0.532
80.92,31834.5,34662.4,-0.2033,-0.4049,146.6,96.7,0.532
80.94,31839.3,34632.8,-0.1969,-0.44,146.6,96.7,0.532
80.96,31796.3,34600.8,-0.2549,-0.4779,146.6,96.7,0.532
80.98,31684.9,34425.6,-0.4053,-0.6855,146.6,96.7,0.532
81.0,31757.8,34442.1,-0.3069,-0.6659,146.6,96.7,0.532
81.02,31707.4,34640.1,-0.375,-0.4313,146.6,96.7,0.532
81.04,32010.4,34972.9,0.0342,-0.037,146.6,96.7,0.532
81.06,32155.6,35333.3,0.2303,0.3902,146.6,96.7,0.532
81.08,32271.0,35615.4,0.3861,0.7244,146.6,96.7,0.532
81.1,32450.5,35717.9,0.6285,0.8459,146.6,96.7,0.532
81.12,32363.8,35657.8,0.5113,0.7747,146.6,96.7,0.532
81.14,32168.5,35525.7,0.2477,0.6182,146.6,96.7,0.532
81.16,32150.3,35337.4,0.2231,0.395,146.6,96.7,0.532
81.18,32077.9,35120.3,0.1254,0.1378,146.6,96.7,0.532
81.2,32036.4,35089.5,0.0693,0.1012,146.6,96.7,0.532
81.22,32039.7,35017.8,0.0738,0.0163,146.6,96.7,0.532
81.24,31966.2,35087.5,-0.0255,0.0989,146.6,96.7,0.532
81.26,31905.1,34858.1,-0.108,-0.1729,146.6,96.7,0.532
81.28,31925.3,34723.5,-0.0808,-0.3325,146.6,96.7,0.532
81.3,31863.5,34707.2,-0.1642,-0.3518,146.6,96.7,0.532
81.32,31856.9,34724.6,-0.1731,-0.3312,146.6,96.7,0.532
81.34,31862.9,34618.3,-0.165,-0.4572,146.6,96.7,0.532
81.36,31829.3,34644.4,-0.2104,-0.4262,146.6,96.7,0.532
81.38,31802.0,34465.9,-0.2472,-0.6377,146.6,96.7,0.532
81.4,31769.0,34431.5,-0.2918,-0.6785,146.6,96.7,0.532
81.42,31787.6,34496.9,-0.2667,-0.601,146.6,96.7,0.532
81.44,31991.6,34795.1,0.0088,-0.2477,146.6,96.7,0.532
81.46,32107.0,35080.6,0.1647,0.0907,146.6,96.7,0.532
81.48,32221.2,35508.0,0.3188,0.5971,146.6,96.7,0.532
81.5,32284.0,35729.2,0.4037,0.8594,146.6,96.7,0.532
81.52,32321.1,35760.4,0.4537,0.8962,146.6,96.7,0.532
81.54,32256.4,35545.3,0.3663,0.6414,146.6,96.7,0.532
81.56,32212.9,35447.5,0.3076,0.5255,146.6,96.7,0.532
81.58,32100.3,35285.7,0.1556,0.3337,146.6,96.7,0.532
81.6,32139.9,35106.0,0.2091,0.1207,146.6,96.7,0.532
81.62,32044.6,35057.7,0.0803,0.0636,146.6,96.7,0.532
81.64,32008.8,35013.8,0.032,0.0116,146.6,96.7,0.532
81.66,31943.1,34831.3,-0.0566,-0.2047,146.6,96.7,0.532
81.68,31979.7,34759.0,-0.0073,-0.2904,146.6,96.7,0.532
81.7,31815.1,34688.3,-0.2296,-0.3742,146.6,96.7,0.532
81.72,31872.5,34677.5,-0.152,-0.387,146.6,96.7,0.532
81.74,31868.7,34600.9,-0.1572,-0.4778,146.6,96.7,0.532
81.76,31757.0,34551.3,-0.3079,-0.5365,146.6,96.7,0.532
81.78,31801.0,34558.6,-0.2485,-0.5279,146.6,96.7,0.532
81.8,31700.6,34467.8,-0.3842,-0.6355,146.6,96.7,0.532
81.82,31714.8,34477.8,-0.3649,-0.6237,146.6,96.7,0.532
81.84,31921.7,34660.8,-0.0856,-0.4067,146.6,96.7,0.532
81.86,31975.2,34912.2,-0.0133,-0.1089,146.6,96.7,0.532
81.88,32200.5,35357.5,0.2909,0.4188,146.6,96.7,0.532
81.9,32312.0,35593.9,0.4415,0.699,146.6,96.7,0.532
81.92,32320.4,35676.1,0.4528,0.7964,146.6,96.7,0.532
81.94,32388.4,35696.9,0.5445,0.821,146.6,96.7,0.532
81.96,32364.9,35548.2,0.5129,0.6448,146.6,96.7,0.532
81.98,32164.0,35387.0,0.2416,0.4538,146.6,96.7,0.532
82.0,32165.2,35180.7,0.2433,0.2093,146.6,96.7,0.532
82.02,32062.2,35145.4,0.1041,0.1675,146.6,96.7,0.532
82.04,32123.6,34984.0,0.187,-0.0237,146.6,96.7,0.532
82.06,31936.3,34984.4,-0.0658,-0.0234,146.6,96.7,0.532
82.08,31865.3,34962.0,-0.1617,-0.0499,146.6,96.7,0.532
82.1,31871.8,34789.4,-0.1529,-0.2544,146.6,96.7,0.532
82.12,31917.1,34740.5,-0.0919,-0.3123,146.6,96.7,0.532
82.14,31831.1,34691.3,-0.208,-0.3706,146.6,96.7,0.532
82.16,31830.4,34621.4,-0.2089,-0.4535,146.6,96.7,0.532
82.18,31853.6,34626.0,-0.1776,-0.448,146.6,96.7,0.532
82.2,31740.6,34526.4,-0.3302,-0.5661,146.6,96.7,0.532
82.22,31806.7,34490.4,-0.2408,-0.6087,146.6,96.7,0.532
82.24,31769.9,34484.6,-0.2905,-0.6156,146.6,96.7,0.532
82.26,31946.4,34751.1,-0.0523,-0.2997,146.6,96.7,0.532
82.28,32086.9,35157.9,0.1375,0.1822,146.6,96.7,0.532
82.3,32301.5,35584.1,0.4272,0.6873,146.6,96.7,0.532
82.32,32377.3,35634.8,0.5297,0.7474,146.6,96.7,0.532
82.34,32460.5,35804.0,0.642,0.9479,146.6,96.7,0.532
82.36,32309.7,35660.4,0.4383,0.7777,146.6,96.7,0.532
82.38,32176.3,35358.2,0.2582,0.4197,146.6,96.7,0.532
82.4,32116.1,35187.7,0.177,0.2176,146.6,96.7,0.532
82.42,32160.6,35191.4,0.237,0.222,146.6,96.7,0.532
82.44,32068.1,34995.6,0.1121,-0.01,146.6,96.7,0.532
82.46,31962.6,35028.8,-0.0304,0.0293,146.6,96.7,0.532
82.48,31938.5,34876.5,-0.0629,-0.1512,146.6,96.7,0.532
82.5,31856.0,34833.6,-0.1743,-0.202,146.6,96.7,0.532
82.52,31768.3,34735.8,-0.2928,-0.3178,146.6,96.7,0.532
82.54,31819.1,34663.2,-0.2241,-0.404,146.6,96.7,0.532
82.56,31883.2,34625.6,-0.1375,-0.4485,146.6,96.7,0.532
82.58,31838.3,34591.1,-0.1982,-0.4893,146.6,96.7,0.532
82.6,31769.0,34567.9,-0.2918,-0.5169,146.6,96.7,0.532
82.62,31569.6,34400.3,-0.561,-0.7154,146.6,96.7,0.532
82.64,31821.8,34499.6,-0.2205,-0.5978,146.6,96.7,0.532
82.66,31837.4,34566.0,-0.1994,-0.5191,146.6,96.7,0.532
82.68,32010.6,34946.7,0.0344,-0.068,146.6,96.7,0.532
82.7,32161.9,35220.0,0.2388,0.2559,146.6,96.7,0.532
82.72,32273.8,35513.4,0.3898,0.6036,146.6,96.7,0.532
82.74,32352.7,35722.0,0.4964,0.8507,146.6,96.7,0.532
82.76,32206.9,35701.2,0.2996,0.8261,146.6,96.7,0.532
82.78,32214.1,35496.8,0.3093,0.5839,146.6,96.7,0.532
82.8,32142.6,35283.9,0.2127,0.3316,146.6,96.7,0.532
82.82,32039.9,35151.6,0.0741,0.1748,146.6,96.7,0.532
82.84,32199.6,35086.7,0.2897,0.0979,146.6,96.7,0.532
82.86,31940.7,35091.4,-0.06,0.1035,146.6,96.7,0.532
82.88,32041.6,34997.9,0.0763,-0.0073,146.6,96.7,0.532
82.9,31958.4,34873.1,-0.036,-0.1552,146.6,96.7,0.532
82.92,31854.6,34715.9,-0.1762,-0.3415,146.6,96.7,0.532
82.94,31742.5,34718.6,-0.3276,-0.3383,146.6,96.7,0.532
82.96,31883.7,34781.8,-0.1369,-0.2634,146.6,96.7,0.532
82.98,31795.8,34747.2,-0.2556,-0.3044,146.6,96.7,0.532
83.0,31794.1,34521.0,-0.2579,-0.5724,146.6,96.7,0.532
83.02,31811.5,34459.3,-0.2344,-0.6455,146.6,96.7,0.532
83.04,31694.5,34460.1,-0.3924,-0.6446,146.6,96.7,0.532
83.06,31745.7,34533.7,-0.3232,-0.5574,146.6,96.7,0.532
83.08,31888.8,34750.3,-0.1301,-0.3008,146.6,96.7,0.532
83.1,32133.7,35154.3,0.2007,0.178,146.6,96.7,0.532
83.12,32269.5,35523.8,0.384,0.6159,146.6,96.7,0.532
83.14,32391.1,35813.3,0.5482,0.9589,146.6,96.7,0.532
83.16,32341.2,35762.5,0.4809,0.8987,146.6,96.7,0.532
83.18,32307.1,35568.8,0.4349,0.6692,146.6,96.7,0.532
83.2,32163.5,35374.7,0.241,0.4392,146.6,96.7,0.532
83.22,32045.4,35251.9,0.0814,0.2937,146.6,96.7,0.532
83.24,32106.8,35154.6,0.1643,0.1783,146.6,96.7,0.532
83.26,32009.8,35083.8,0.0333,0.0945,146.6,96.7,0.532
83.28,31986.2,35021.4,0.0016,0.0205,146.6,96.7,0.532
83.3,32025.1,34887.8,0.0541,-0.1378,146.6,96.7,0.532
83.32,31903.0,34845.0,-0.1108,-0.1885,146.6,96.7,0.532
83.34,31820.0,34768.8,-0.2229,-0.2788,146.6,96.7,0.532
83.36,31887.4,34671.7,-0.1319,-0.3938,146.6,96.7,0.532
83.38,31818.4,34711.8,-0.2251,-0.3464,146.6,96.7,0.532
83.4,31839.7,34613.6,-0.1963,-0.4627,146.6,96.7,0.532
83.42,31772.6,34545.0,-0.2869,-0.544,146.6,96.7,0.532
83.44,31817.9,34482.6,-0.2258,-0.618,146.6,96.7,0.532
83.46,31685.8,34483.9,-0.4042,-0.6164,146.6,96.7,0.532
83.48,31818.6,34605.8,-0.2248,-0.472,146.6,96.7,0.532
83.5,32044.5,34887.8,0.0802,-0.1378,146.6,96.7,0.532
83.52,32181.9,35364.5,0.2658,0.4271,146.6,96.7,0.532
83.54,32361.9,35616.9,0.5088,0.7262,146.6,96.7,0.532
83.56,32419.0,35760.3,0.586,0.8961,146.6,96.7,0.532
83.58,32396.9,35665.3,0.5561,0.7836,146.6,96.7,0.532
83.6,32273.1,35501.5,0.3889,0.5894,146.6,96.7,0.532
83.62,32212.2,35252.9,0.3068,0.2948,146.6,96.7,0.532
83.64,32163.8,35148.7,0.2414,0.1714,146.6,96.7,0.532
83.66,32010.9,35152.2,0.0349,0.1755,146.6,96.7,0.532
83.68,32005.4,35080.3,0.0274,0.0903,146.6,96.7,0.532
83.7,32002.9,35013.5,0.0241,0.0112,146.6,96.7,0.532
83.72,31907.0,34809.7,-0.1055,-0.2303,146.6,96.7,0.532
83.74,31843.9,34777.0,-0.1907,-0.2691,146.6,96.7,0.532
83.76,31903.7,34715.4,-0.1098,-0.3421,146.6,96.7,0.532
83.78,31781.8,34786.7,-0.2745,-0.2576,146.6,96.7,0.532
83.8,31885.5,34575.3,-0.1345,-0.5081,146.6,96.7,0.532
83.82,31751.7,34607.3,-0.3152,-0.4702,146.6,96.7,0.532
83.84,31757.4,34425.1,-0.3075,-0.686,146.6,96.7,0.532
83.86,31711.4,34460.7,-0.3695,-0.6439,146.6,96.7,0.532
83.88,31766.2,34501.5,-0.2955,-0.5955,146.6,96.7,0.532
83.9,31810.4,34845.1,-0.2359,-0.1883,146.6,96.7,0.532
83.92,32069.6,35174.9,0.1141,0.2024,146.6,96.7,0.532
83.94,32291.8,35575.4,0.4141,0.677,146.6,96.7,0.532
83.96,32358.3,35715.6,0.5039,0.8432,146.6,96.7,0.532
83.98,32355.6,35825.0,0.5003,0.9728,146.6,96.7,0.532
84.0,32300.4,35630.9,0.4258,0.7428,146.6,96.7,0.532
84.02,32156.9,35323.7,0.2321,0.3787,146.6,96.7,0.532
84.04,32124.1,35197.4,0.1878,0.2291,146.6,96.7,0.532
84.06,32118.0,35102.7,0.1794,0.1169,146.6,96.7,0.532
84.08,32024.1,34938.5,0.0526,-0.0777,146.6,96.7,0.532
84.1,32010.5,34974.2,0.0343,-0.0354,146.6,96.7,0.532
84.12,31911.2,34895.2,-0.0997,-0.129,146.6,96.7,0.532
84.14,31883.3,34817.6,-0.1375,-0.2209,146.6,96.7,0.532
84.16,31914.1,34811.5,-0.0959,-0.2283,146.6,96.7,0.532
84.18,31949.9,34762.1,-0.0475,-0.2868,146.6,96.7,0.532
84.2,31812.4,34710.3,-0.2332,-0.3482,146.6,96.7,0.532
84.22,31892.6,34590.7,-0.1249,-0.4899,146.6,96.7,0.532
84.24,31844.0,34506.5,-0.1905,-0.5897,146.6,96.7,0.532
84.26,31731.2,34505.2,-0.3429,-0.5911,146.6,96.7,0.532
84.28,31808.0,34490.9,-0.2391,-0.6081,146.6,96.7,0.532
84.3,31831.4,34629.3,-0.2075,-0.4441,146.6,96.7,0.532
84.32,32025.5,35058.5,0.0546,0.0644,146.6,96.7,0.532
84.34,32198.9,35525.3,0.2888,0.6177,146.6,96.7,0.532
84.36,32388.7,35655.5,0.545,0.772,146.6,96.7,0.532
84.38,32336.0,35710.7,0.4738,0.8374,146.6,96.7,0.532
84.4,32361.1,35658.8,0.5077,0.7759,146.6,96.7,0.532
84.42,32177.1,35477.9,0.2593,0.5615,146.6,96.7,0.532
84.44,32092.9,35252.9,0.1456,0.2949,146.6,96.7,0.532
84.46,32130.4,35069.0,0.1963,0.077,146.6,96.7,0.532
84.48,31959.3,35090.3,-0.0348,0.1022,146.6,96.7,0.532
84.5,31958.6,34938.0,-0.0358,-0.0783,146.6,96.7,0.532
84.52,31925.2,35040.0,-0.0809,0.0426,146.6,96.7,0.532
84.54,31866.6,34894.6,-0.16,-0.1298,146.6,96.7,0.532
84.56,31955.3,34735.8,-0.0403,-0.3179,146.6,96.7,0.532
84.58,31848.5,34716.9,-0.1844,-0.3403,146.6,96.7,0.532
84.6,31810.0,34694.6,-0.2364,-0.3667,146.6,96.7,0.532
84.62,31795.2,34688.5,-0.2563,-0.374,146.6,96.7,0.532
84.64,31773.8,34599.2,-0.2853,-0.4798,146.6,96.7,0.532
84.66,31789.8,34575.5,-0.2636,-0.5079,146.6,96.7,0.532
84.68,31832.9,34406.6,-0.2055,-0.708,146.6,96.7,0.532
84.7,31781.8,34634.2,-0.2745,-0.4383,146.6,96.7,0.532
84.72,31957.4,34872.2,-0.0374,-0.1562,146.6,96.7,0.532
84.74,32188.4,35249.5,0.2746,0.2908,146.6,96.7,0.532
84.76,32234.3,35559.7,0.3366,0.6585,146.6,96.7,0.532
84.78,32350.7,35694.0,0.4937,0.8176,146.6,96.7,0.532
84.8,32362.3,35788.3,0.5094,0.9293,146.6,96.7,0.532
84.82,32297.1,35497.6,0.4213,0.5849,146.6,96.7,0.532
84.84,32206.5,35368.7,0.299,0.4321,146.6,96.7,0.532
84.86,32142.8,35202.0,0.213,0.2346,146.6,96.7,0.532
84.88,32097.7,35055.8,0.1521,0.0613,146.6,96.7,0.532
84.9,32142.5,35078.7,0.2126,0.0884,146.6,96.7,0.532
84.92,32016.1,34997.5,0.0419,-0.0078,146.6,96.7,0.532
84.94,31927.0,34844.5,-0.0785,-0.1891,146.6,96.7,0.532
84.96,32011.7,34738.9,0.036,-0.3143,146.6,96.7,0.532
84.98,31904.6,34682.1,-0.1087,-0.3815,146.6,96.7,0.532
85.0,31824.1,34704.0,-0.2174,-0.3556,146.6,96.7,0.532
85.02,31886.5,34689.0,-0.1331,-0.3734,146.6,96.7,0.532
85.04,31788.4,34562.6,-0.2656,-0.5231,146.6,96.7,0.532
85.06,31799.2,34516.3,-0.2511,-0.578,146.6,96.7,0.532
85.08,31722.8,34411.6,-0.3541,-0.7021,146.6,96.7,0.532
85.1,31780.8,34576.4,-0.2758,-0.5068,146.6,96.7,0.532
85.12,31819.5,34697.4,-0.2236,-0.3634,146.6,96.7,0.532
85.14,31969.5,35008.3,-0.0211,0.0051,146.6,96.7,0.532
85.16,32179.6,35427.8,0.2626,0.5022,146.6,96.7,0.532
85.18,32352.9,35703.5,0.4967,0.8289,146.6,96.7,0.532
85.2,32369.2,35689.9,0.5187,0.8128,146.6,96.7,0.532
85.22,32357.7,35649.0,0.5031,0.7643,146.6,96.7,0.532
85.24,32179.7,35465.0,0.2628,0.5462,146.6,96.7,0.532
85.26,32163.8,35255.4,0.2414,0.2978,146.6,96.7,0.532
85.28,32042.0,35105.5,0.0769,0.1202,146.6,96.7,0.532
85.3,32058.1,35107.1,0.0986,0.1221,146.6,96.7,0.532
85.32,32026.8,35063.4,0.0564,0.0703,146.6,96.7,0.532
85.34,32051.9,34990.7,0.0902,-0.0158,146.6,96.7,0.532
85.36,31881.3,34856.3,-0.1401,-0.1751,146.6,96.7,0.532
85.38,31914.4,34684.3,-0.0955,-0.3789,146.6,96.7,0.532
85.4,31827.4,34656.2,-0.213,-0.4123,146.6,96.7,0.532
85.42,31901.4,34556.1,-0.113,-0.5308,146.6,96.7,0.532
85.44,31753.0,34701.8,-0.3134,-0.3582,146.6,96.7,0.532
85.46,31798.8,34599.3,-0.2515,-0.4797,146.6,96.7,0.532
85.48,31775.3,34459.5,-0.2833,-0.6453,146.6,96.7,0.532
85.5,31640.1,34447.4,-0.4659,-0.6597,146.6,96.7,0.532
85.52,31786.8,34538.8,-0.2677,-0.5514,146.6,96.7,0.532
85.54,31995.5,34868.0,0.0141,-0.1613,146.6,96.7,0.532
85.56,32143.3,35253.3,0.2136,0.2953,146.6,96.7,0.532
85.58,32286.7,35518.9,0.4072,0.6101,146.6,96.7,0.532
85.6,32295.8,35821.0,0.4196,0.9681,146.6,96.7,0.532
85.62,32310.6,35729.7,0.4395,0.8599,146.6,96.7,0.532
85.64,32247.6,35554.2,0.3545,0.6519,146.6,96.7,0.532
85.66,32159.8,35319.7,0.2359,0.374,146.6,96.7,0.532
85.68,32073.1,35238.0,0.1188,0.2772,146.6,96.7,0.532
85.7,32184.1,35104.6,0.2687,0.1192,146.6,96.7,0.532
85.72,32013.2,35095.9,0.0379,0.1089,146.6,96.7,0.532
85.74,32044.9,35114.2,0.0808,0.1305,146.6,96.7,0.532
85.76,31990.9,34802.1,0.0078,-0.2393,146.6,96.7,0.532
85.78,31970.4,34697.1,-0.0198,-0.3638,146.6,96.7,0.532
85.8,31886.8,34742.9,-0.1327,-0.3094,146.6,96.7,0.532
85.82,31756.2,34665.0,-0.3091,-0.4018,146.6,96.7,0.532
85.84,31862.6,34628.4,-0.1654,-0.4452,146.6,96.7,0.532
85.86,31802.7,34589.3,-0.2463,-0.4915,146.6,96.7,0.532
85.88,31836.1,34490.7,-0.2012,-0.6083,146.6,96.7,0.532
85.9,31754.1,34400.2,-0.3119,-0.7156,146.6,96.7,0.532
85.92,31759.1,34586.7,-0.3052,-0.4946,146.6,96.7,0.532
85.94,31858.5,34708.5,-0.171,-0.3503,146.6,96.7,0.532
85.96,32049.5,35068.2,0.0869,0.076,146.6,96.7,0.532
85.98,32312.7,35438.4,0.4424,0.5147,146.6,96.7,0.532
86.0,32302.4,35635.9,0.4285,0.7488,146.6,96.7,0.532
86.02,32393.2,35782.5,0.5511,0.9225,146.6,96.7,0.532
86.04,32243.8,35799.8,0.3494,0.9429,146.6,96.7,0.532
86.06,32172.6,35542.5,0.2532,0.6381,146.6,96.7,0.532
86.08,32108.3,35201.0,0.1663,0.2334,146.6,96.7,0.532
86.1,32069.8,35178.7,0.1144,0.2069,146.6,96.7,0.532
86.12,32041.9,35031.4,0.0767,0.0324,146.6,96.7,0.532
86.14,32130.8,35069.4,0.1967,0.0774,146.6,96.7,0.532
86.16,32027.4,34941.2,0.0572,-0.0745,146.6,96.7,0.532
86.18,31902.5,34826.0,-0.1115,-0.211,146.6,96.7,0.532
86.2,31832.3,34770.5,-0.2063,-0.2767,146.6,96.7,0.532
86.22,31819.0,34688.5,-0.2242,-0.374,146.6,96.7,0.532
86.24,31862.5,34755.2,-0.1655,-0.2949,146.6,96.7,0.532
86.26,31712.8,34628.2,-0.3676,-0.4454,146.6,96.7,0.532
86.28,31851.6,34550.5,-0.1803,-0.5375,146.6,96.7,0.532
86.3,31757.8,34483.3,-0.3069,-0.6171,146.6,96.7,0.532
86.32,31723.2,34462.0,-0.3536,-0.6424,146.6,96.7,0.532
86.34,31813.7,34627.6,-0.2314,-0.4461,146.6,96.7,0.532
86.36,31987.6,34877.7,0.0033,-0.1497,146.6,96.7,0.532
86.38,32034.7,35306.4,0.067,0.3583,146.6,96.7,0.532
86.4,32285.8,35500.6,0.4061,0.5884,146.6,96.7,0.532
86.42,32399.4,35694.6,0.5595,0.8183,146.6,96.7,0.532
86.44,32350.4,35724.9,0.4934,0.8542,146.6,96.7,0.532
86.46,32276.4,35534.4,0.3933,0.6284,146.6,96.7,0.532
86.48,32133.7,35334.0,0.2006,0.391,146.6,96.7,0.532
86.5,32094.5,35177.9,0.1478,0.206,146.6,96.7,0.532
86.52,32107.9,35102.3,0.1659,0.1164,146.6,96.7,0.532
86.54,32047.4,34987.8,0.0842,-0.0193,146.6,96.7,0.532
86.56,31980.7,34931.9,-0.0059,-0.0855,146.6,96.7,0.532
86.58,31937.6,34878.2,-0.0641,-0.1492,146.6,96.7,0.532
86.6,31925.7,34649.2,-0.0802,-0.4205,146.6,96.7,0.532
86.62,31858.9,34762.1,-0.1704,-0.2867,146.6,96.7,0.532
86.64,31813.4,34717.8,-0.2319,-0.3392,146.6,96.7,0.532
86.66,31882.1,34592.0,-0.1391,-0.4884,146.6,96.7,0.532
86.68,31785.3,34655.7,-0.2697,-0.4128,146.6,96.7,0.532
86.7,31733.6,34537.3,-0.3396,-0.5532,146.6,96.7,0.532
86.72,31750.4,34482.4,-0.3169,-0.6182,146.6,96.7,0.532
86.74,31723.1,34532.1,-0.3537,-0.5593,146.6,96.7,0.532
86.76,31796.1,34759.4,-0.2552,-0.2899,146.6,96.7,0.532
86.78,32040.2,35080.0,0.0744,0.09,146.6,96.7,0.532
86.8,32238.1,35459.6,0.3416,0.5398,146.6,96.7,0.532
86.82,32371.3,35714.4,0.5216,0.8418,146.6,96.7,0.532
86.84,32384.9,35760.7,0.5399,0.8966,146.6,96.7,0.532
86.86,32327.2,35695.0,0.462,0.8187,146.6,96.7,0.532
86.88,32159.0,35433.1,0.2348,0.5085,146.6,96.7,0.532
86.9,32198.2,35217.6,0.2878,0.2531,146.6,96.7,0.532
86.92,32124.4,35145.6,0.1881,0.1677,146.6,96.7,0.532
86.94,31987.2,35204.8,0.0028,0.2379,146.6,96.7,0.532
86.96,31976.2,35049.6,-0.012,0.0539,146.6,96.7,0.532
86.98,31902.2,34914.6,-0.1119,-0.1061,146.6,96.7,0.532
87.0,31912.6,34803.6,-0.0979,-0.2375,146.6,96.7,0.532
87.02,31867.6,34644.8,-0.1586,-0.4257,146.6,96.7,0.532
87.04,31818.9,34775.2,-0.2244,-0.2712,146.6,96.7,0.532
87.06,31743.0,34693.8,-0.327,-0.3677,146.6,96.7,0.532
87.08,31779.2,34656.4,-0.278,-0.412,146.6,96.7,0.532
87.1,31699.4,34608.6,-0.3858,-0.4686,146.6,96.7,0.532
87.12,31771.7,34528.2,-0.2881,-0.5639,146.6,96.7,0.532
87.14,31711.9,34413.6,-0.3689,-0.6997,146.6,96.7,0.532
87.16,31722.7,34608.2,-0.3543,-0.4692,146.6,96.7,0.532
87.18,32066.8,34941.9,0.1104,-0.0737,146.6,96.7,0.532
87.2,32130.9,35227.8,0.1969,0.2652,146.6,96.7,0.532
87.22,32307.4,35687.3,0.4352,0.8097,146.6,96.7,0.532
87.24,32440.0,35760.4,0.6143,0.8963,146.6,96.7,0.532
87.26,32362.2,35735.7,0.5092,0.867,146.6,96.7,0.532
87.28,32311.0,35583.5,0.4401,0.6867,146.6,96.7,0.532
87.3,32182.6,35258.2,0.2667,0.3011,146.6,96.7,0.532
87.32,32062.4,35200.4,0.1044,0.2327,146.6,96.7,0.532
87.34,32025.7,35211.7,0.0549,0.246,146.6,96.7,0.532
87.36,31985.0,35021.4,-0.0001,0.0205,146.6,96.7,0.532
87.38,32035.3,34899.9,0.0678,-0.1234,146.6,96.7,0.532
87.4,31988.2,34900.3,0.0042,-0.123,146.6,96.7,0.532
87.42,31890.8,34780.0,-0.1274,-0.2655,146.6,96.7,0.532
87.44,31865.1,34712.1,-0.1621,-0.346,146.6,96.7,0.532
87.46,31816.6,34775.0,-0.2274,-0.2715,146.6,96.7,0.532
87.48,31852.2,34639.2,-0.1794,-0.4323,146.6,96.7,0.532
87.5,31775.5,34527.8,-0.2829,-0.5644,146.6,96.7,0.532
87.52,31683.8,34506.2,-0.4068,-0.59,146.6,96.7,0.532
87.54,31694.3,34464.3,-0.3927,-0.6396,146.6,96.7,0.532
87.56,31815.6,34622.6,-0.2289,-0.452,146.6,96.7,0.532
87.58,31922.0,34788.7,-0.0852,-0.2553,146.6,96.7,0.532
87.6,32137.4,35121.3,0.2057,0.139,146.6,96.7,0.532
87.62,32225.0,35414.9,0.324,0.4869,146.6,96.7,0.532
87.64,32315.5,35755.3,0.4462,0.8903,146.6,96.7,0.532
87.66,32427.1,35692.3,0.5969,0.8156,146.6,96.7,0.532
87.68,32225.1,35481.7,0.3241,0.566,146.6,96.7,0.532
87.7,32237.7,35323.4,0.3412,0.3784,146.6,96.7,0.532
87.72,32172.7,35229.2,0.2534,0.2668,146.6,96.7,0.532
87.74,32009.3,35152.8,0.0327,0.1763,146.6,96.7,0.532
87.76,32090.9,35071.1,0.1429,0.0794,146.6,96.7,0.532
87.78,32060.0,35047.7,0.1012,0.0517,146.6,96.7,0.532
87.8,31994.6,34981.6,0.0129,-0.0266,146.6,96.7,0.532
87.82,32031.9,34796.6,0.0632,-0.2459,146.6,96.7,0.532
87.84,31910.2,34674.4,-0.1011,-0.3907,146.6,96.7,0.532
87.86,31913.3,34646.8,-0.0969,-0.4234,146.6,96.7,0.532
87.88,31856.9,34710.1,-0.1731,-0.3483,146.6,96.7,0.532
87.9,31845.1,34581.4,-0.189,-0.5009,146.6,96.7,0.532
87.92,31840.9,34593.2,-0.1946,-0.4868,146.6,96.7,0.532
87.94,31681.8,34429.7,-0.4095,-0.6806,146.6,96.7,0.532
87.96,31749.9,34525.4,-0.3175,-0.5673,146.6,96.7,0.532
87.98,31910.6,34608.3,-0.1005,-0.469,146.6,96.7,0.532
88.0,31929.4,35009.2,-0.0751,0.0061,146.6,96.7,0.532
88.02,32090.3,35385.6,0.1421,0.4521,146.6,96.7,0.532
88.04,32319.3,35734.5,0.4513,0.8655,146.6,96.7,0.532
88.06,32229.3,35812.0,0.3297,0.9574,146.6,96.7,0.532
88.08,32388.8,35728.1,0.5451,0.8581,146.6,96.7,0.532
88.1,32279.6,35464.5,0.3977,0.5456,146.6,96.7,0.532
88.12,32070.3,35365.1,0.1151,0.4279,146.6,96.7,0.532
88.14,32115.3,35217.4,0.1758,0.2528,146.6,96.7,0.532
88.16,32083.3,35107.2,0.1326,0.1223,146.6,96.7,0.532
88.18,32130.3,35030.2,0.1961,0.0309,146.6,96.7,0.532
88.2,32008.8,35086.2,0.0321,0.0973,146.6,96.7,0.532
88.22,31989.0,34838.5,0.0052,-0.1962,146.6,96.7,0.532
88.24,31912.4,34721.6,-0.0981,-0.3348,146.6,96.7,0.532
88.26,31808.4,34656.4,-0.2386,-0.412,146.6,96.7,0.532
88.28,31859.1,34577.6,-0.1701,-0.5054,146.6,96.7,0.532
88.3,31783.1,34641.3,-0.2728,-0.4299,146.6,96.7,0.532
88.32,31836.1,34657.9,-0.2011,-0.4102,146.6,96.7,0.532
88.34,31714.7,34554.3,-0.3651,-0.5329,146.6,96.7,0.532
88.36,31762.2,34437.5,-0.3009,-0.6714,146.6,96.7,0.532
88.38,31860.0,34477.1,-0.1689,-0.6245,146.6,96.7,0.532
88.4,31931.1,34804.9,-0.0729,-0.2361,146.6,96.7,0.532
88.42,32148.7,35177.7,0.221,0.2057,146.6,96.7,0.532
88.44,32213.8,35548.4,0.3088,0.6451,146.6,96.7,0.532
88.46,32354.0,35723.2,0.4981,0.8522,146.6,96.7,0.532
88.48,32317.1,35745.9,0.4484,0.8791,146.6,96.7,0.532
88.5,32198.5,35581.1,0.2882,0.6838,146.6,96.7,0.532
88.52,32199.8,35473.9,0.29,0.5567,146.6,96.7,0.532
88.54,32155.8,35238.7,0.2305,0.2781,146.6,96.7,0.532
88.56,32085.6,35131.2,0.1357,0.1506,146.6,96.7,0.532
88.58,32043.2,35091.6,0.0785,0.1037,146.6,96.7,0.532
88.6,31979.8,34961.1,-0.0071,-0.0509,146.6,96.7,0.532
88.62,31955.8,34795.0,-0.0395,-0.2478,146.6,96.7,0.532
88.64,31881.3,34759.1,-0.1402,-0.2903,146.6,96.7,0.532
88.66,31882.3,34689.4,-0.1388,-0.3729,146.6,96.7,0.532
88.68,31753.3,34706.3,-0.313,-0.3528,146.6,96.7,0.532
88.7,31817.1,34683.5,-0.2268,-0.3799,146.6,96.7,0.532
88.72,31827.1,34613.9,-0.2134,-0.4624,146.6,96.7,0.532
88.74,31719.8,34600.9,-0.3582,-0.4777,146.6,96.7,0.532
88.76,31722.4,34552.1,-0.3547,-0.5355,146.6,96.7,0.532
88.78,31726.1,34481.4,-0.3497,-0.6194,146.6,96.7,0.532
88.8,31872.5,34639.2,-0.1521,-0.4323,146.6,96.7,0.532
88.82,31973.0,34948.7,-0.0163,-0.0656,146.6,96.7,0.532
88.84,32215.8,35380.6,0.3116,0.4462,146.6,96.7,0.532
88.86,32324.6,35665.7,0.4585,0.784,146.6,96.7,0.532
88.88,32430.6,35758.2,0.6016,0.8936,146.6,96.7,0.532
88.9,32329.6,35710.6,0.4652,0.8373,146.6,96.7,0.532
88.92,32250.7,35565.8,0.3587,0.6657,146.6,96.7,0.532
88.94,32163.2,35246.5,0.2405,0.2872,146.6,96.7,0.532
88.96,32086.2,35179.4,0.1365,0.2078,146.6,96.7,0.532
88.98,31998.5,35135.8,0.0181,0.1562,146.6,96.7,0.532
89.0,32047.5,35069.1,0.0842,0.0771,146.6,96.7,0.532
89.02,31980.9,34994.7,-0.0057,-0.0111,146.6,96.7,0.532
89.04,31977.7,34900.5,-0.01,-0.1228,146.6,96.7,0.532
89.06,31770.7,34737.6,-0.2895,-0.3158,146.6,96.7,0.532
89.08,31773.1,34635.5,-0.2863,-0.4368,146.6,96.7,0.532
89.1,31911.1,34661.5,-0.0999,-0.4059,146.6,96.7,0.532
89.12,31800.8,34603.6,-0.2488,-0.4746,146.6,96.7,0.532
89.14,31819.4,34616.3,-0.2237,-0.4595,146.6,96.7,0.532
89.16,31866.9,34599.1,-0.1596,-0.4798,146.6,96.7,0.532
89.18,31778.0,34460.1,-0.2796,-0.6446,146.6,96.7,0.532
89.2,31858.8,34585.1,-0.1705,-0.4964,146.6,96.7,0.532
89.22,31907.0,34716.2,-0.1055,-0.3412,146.6,96.7,0.532
89.24,32090.6,35232.1,0.1424,0.2703,146.6,96.7,0.532
89.26,32273.3,35627.4,0.3892,0.7387,146.6,96.7,0.532
89.28,32315.0,35755.0,0.4455,0.8899,146.6,96.7,0.532
89.3,32357.3,35717.8,0.5027,0.8458,146.6,96.7,0.532
89.32,32229.7,35591.9,0.3304,0.6966,146.6,96.7,0.532
89.34,32141.1,35338.1,0.2107,0.3958,146.6,96.7,0.532
89.36,32109.8,35200.6,0.1683,0.2329,146.6,96.7,0.532
89.38,31996.1,35122.2,0.0148,0.14,146.6,96.7,0.532
89.4,32041.9,35052.9,0.0768,0.0579,146.6,96.7,0.532
89.42,32026.6,34959.8,0.0561,-0.0525,146.6,96.7,0.532
89.44,32023.6,34745.5,0.052,-0.3065,146.6,96.7,0.532
89.46,31902.7,34736.4,-0.1112,-0.3172,146.6,96.7,0.532
89.48,31920.2,34707.6,-0.0876,-0.3513,146.6,96.7,0.532
89.5,31860.2,34762.7,-0.1686,-0.286,146.6,96.7,0.532
89.52,31862.6,34696.7,-0.1654,-0.3642,146.6,96.7,0.532
89.54,31828.3,34598.9,-0.2117,-0.4801,146.6,96.7,0.532
89.56,31741.2,34399.4,-0.3293,-0.7166,146.6,96.7,0.532
89.58,31776.3,34490.1,-0.282,-0.6091,146.6,96.7,0.532
89.6,31716.5,34492.3,-0.3627,-0.6064,146.6,96.7,0.532
89.62,31749.6,34677.2,-0.318,-0.3874,146.6,96.7,0.532
89.64,32064.3,34867.9,0.107,-0.1614,146.6,96.7,0.532
89.66,32176.9,35338.3,0.259,0.3961,146.6,96.7,0.532
89.68,32328.7,35641.9,0.464,0.7558,146.6,96.7,0.532
89.7,32373.0,35735.1,0.5239,0.8662,146.6,96.7,0.532
89.72,32267.2,35665.5,0.3809,0.7838,146.6,96.7,0.532
89.74,32291.2,35465.1,0.4134,0.5464,146.6,96.7,0.532
89.76,32120.9,35282.3,0.1834,0.3297,146.6,96.7,0.532
89.78,32046.2,35244.7,0.0825,0.2851,146.6,96.7,0.532
89.8,32009.9,35147.5,0.0336,0.17,146.6,96.7,0.532
89.82,32078.9,35031.1,0.1266,0.0321,146.6,96.7,0.532
89.84,32059.8,35026.7,0.1009,0.0268,146.6,96.7,0.532
89.86,31998.3,34728.8,0.0179,-0.3262,146.6,96.7,0.532
89.88,31864.1,34708.1,-0.1633,-0.3507,146.6,96.7,0.532
89.9,31861.7,34761.8,-0.1666,-0.2871,146.6,96.7,0.532
89.92,31815.9,34706.5,-0.2285,-0.3526,146.6,96.7,0.532
89.94,31809.5,34583.2,-0.237,-0.4988,146.6,96.7,0.532
89.96,31804.3,34537.2,-0.2442,-0.5533,146.6,96.7,0.532
89.98,31762.1,34521.6,-0.3011,-0.5717,146.6,96.7,0.532
90.0,31789.1,34407.3,-0.2646,-0.7072,146.6,96.7,0.532
90.02,31798.0,34558.5,-0.2526,-0.528,146.6,96.7,0.532
90.04,31942.7,34792.1,-0.0572,-0.2511,146.6,96.7,0.532
90.06,32102.8,35257.1,0.159,0.2999,146.6,96.7,0.532
90.08,32269.3,35541.8,0.3838,0.6372,146.6,96.7,0.532
90.1,32346.5,35697.6,0.488,0.8218,146.6,96.7,0.532
90.12,32444.1,35721.5,0.6198,0.8502,146.6,96.7,0.532
90.14,32256.3,35613.1,0.3663,0.7217,146.6,96.7,0.532
90.16,32228.9,35307.5,0.3292,0.3596,146.6,96.7,0.532
90.18,32146.2,35194.2,0.2176,0.2253,146.6,96.7,0.532
90.2,32005.6,35140.8,0.0278,0.162,146.6,96.7,0.532
90.22,31997.8,35061.8,0.0172,0.0684,146.6,96.7,0.532
90.24,31963.4,35026.6,-0.0292,0.0267,146.6,96.7,0.532
90.26,31908.8,34848.7,-0.103,-0.1841,146.6,96.7,0.532
90.28,31904.1,34836.4,-0.1093,-0.1986,146.6,96.7,0.532
90.3,31889.9,34723.2,-0.1285,-0.3329,146.6,96.7,0.532
90.32,31843.7,34708.4,-0.1909,-0.3504,146.6,96.7,0.532
90.34,31887.4,34695.7,-0.1318,-0.3655,146.6,96.7,0.532
90.36,31831.7,34602.4,-0.2071,-0.4759,146.6,96.7,0.532
90.38,31803.7,34476.7,-0.245,-0.6249,146.6,96.7,0.532
90.4,31835.2,34430.9,-0.2024,-0.6793,146.6,96.7,0.532
90.42,31869.6,34465.0,-0.1559,-0.6388,146.6,96.7,0.532
90.44,31959.8,34670.8,-0.0341,-0.3949,146.6,96.7,0.532
90.46,31956.7,35060.8,-0.0384,0.0672,146.6,96.7,0.532
90.48,32225.6,35393.0,0.3248,0.4609,146.6,96.7,0.532
90.5,32316.6,35748.6,0.4476,0.8823,146.6,96.7,0.532
90.52,32332.4,35807.8,0.469,0.9524,146.6,96.7,0.532
90.54,32244.3,35687.1,0.3501,0.8094,146.6,96.7,0.532
90.56,32263.3,35492.9,0.3757,0.5792,146.6,96.7,0.532
90.58,32102.8,35330.6,0.159,0.3869,146.6,96.7,0.532
90.6,32122.1,35096.0,0.185,0.109,146.6,96.7,0.532
90.62,32061.8,35126.1,0.1036,0.1446,146.6,96.7,0.532
90.64,32005.8,35008.8,0.0279,0.0056,146.6,96.7,0.532
90.66,31930.8,34956.1,-0.0734,-0.0569,146.6,96.7,0.532
90.68,31971.1,34874.0,-0.0188,-0.1541,146.6,96.7,0.532
90.7,31794.5,34706.5,-0.2574,-0.3526,146.6,96.7,0.532
90.72,31861.4,34661.2,-0.167,-0.4062,146.6,96.7,0.532
90.74,31882.5,34568.0,-0.1385,-0.5167,146.6,96.7,0.532
90.76,31778.0,34574.9,-0.2797,-0.5085,146.6,96.7,0.532
90.78,31764.1,34446.1,-0.2984,-0.6612,146.6,96.7,0.532
90.8,31795.9,34536.2,-0.2555,-0.5544,146.6,96.7,0.532
90.82,31686.2,34472.4,-0.4036,-0.63,146.6,96.7,0.532
90.84,31740.6,34545.0,-0.3302,-0.5441,146.6,96.7,0.532
90.86,31897.0,34944.5,-0.1189,-0.0706,146.6,96.7,0.532
90.88,32222.2,35143.3,0.3202,0.165,146.6,96.7,0.532
90.9,32300.4,35557.8,0.4257,0.6562,146.6,96.7,0.532
90.92,32346.7,35713.8,0.4883,0.8411,146.6,96.7,0.532
90.94,32373.5,35756.7,0.5245,0.8918,146.6,96.7,0.532
90.96,32286.3,35558.9,0.4067,0.6575,146.6,96.7,0.532
90.98,32243.5,35410.7,0.349,0.4819,146.6,96.7,0.532
91.0,32128.3,35316.1,0.1934,0.3697,146.6,96.7,0.532
91.02,31948.5,35103.6,-0.0494,0.1179,146.6,96.7,0.532
91.04,32029.7,35117.8,0.0602,0.1347,146.6,96.7,0.532
91.06,32071.1,35004.4,0.1161,0.0004,146.6,96.7,0.532
91.08,31954.1,34817.0,-0.0418,-0.2216,146.6,96.7,0.532
91.1,31896.2,34807.8,-0.12,-0.2326,146.6,96.7,0.532
91.12,31814.6,34762.6,-0.2302,-0.2861,146.6,96.7,0.532
91.14,31913.9,34658.5,-0.0962,-0.4095,146.6,96.7,0.532
91.16,31748.6,34722.4,-0.3193,-0.3338,146.6,96.7,0.532
91.18,31779.3,34553.1,-0.2779,-0.5345,146.6,96.7,0.532
91.2,31817.1,34559.5,-0.2268,-0.5268,146.6,96.7,0.532
91.22,31795.3,34448.3,-0.2563,-0.6587,146.6,96.7,0.532
91.24,31720.7,34404.0,-0.357,-0.7111,146.6,96.7,0.532
91.26,31866.0,34565.4,-0.1608,-0.5198,146.6,96.7,0.532
91.28,31994.7,35066.0,0.0131,0.0734,146.6,96.7,0.532
91.3,32244.8,35451.2,0.3507,0.5299,146.6,96.7,0.532
91.32,32360.9,35898.9,0.5074,1.0604,146.6,96.7,0.532
91.34,32302.5,35742.4,0.4286,0.875,146.6,96.7,0.532
91.36,32297.0,35574.0,0.4212,0.6753,146.6,96.7,0.532
91.38,32207.3,35385.8,0.3001,0.4524,146.6,96.7,0.532
91.4,32124.7,35157.3,0.1885,0.1816,146.6,96.7,0.532
91.42,32025.2,35162.9,0.0542,0.1882,146.6,96.7,0.532
91.44,32037.6,35057.5,0.071,0.0633,146.6,96.7,0.532
91.46,32078.1,35048.4,0.1256,0.0525,146.6,96.7,0.532
91.48,32004.4,34951.8,0.0261,-0.0619,146.6,96.7,0.532
91.5,31916.6,34906.7,-0.0924,-0.1154,146.6,96.7,0.532
91.52,31928.0,34684.7,-0.0771,-0.3784,146.6,96.7,0.532
91.54,31885.5,34792.8,-0.1344,-0.2504,146.6,96.7,0.532
91.56,31808.1,34650.9,-0.239,-0.4186,146.6,96.7,0.532
91.58,31828.6,34602.9,-0.2113,-0.4753,146.6,96.7,0.532
91.6,31817.1,34558.5,-0.2269,-0.528,146.6,96.7,0.532
91.62,31751.8,34508.0,-0.315,-0.5879,146.6,96.7,0.532
91.64,31781.3,34482.6,-0.2751,-0.6179,146.6,96.7,0.532
91.66,31721.1,34535.9,-0.3564,-0.5548,146.6,96.7,0.532
91.68,31945.5,34804.3,-0.0535,-0.2368,146.6,96.7,0.532
91.7,32192.1,35205.7,0.2796,0.2389,146.6,96.7,0.532
91.72,32334.3,35631.9,0.4716,0.744,146.6,96.7,0.532
91.74,32261.8,35806.3,0.3736,0.9507,146.6,96.7,0.532
91.76,32349.2,35612.1,0.4917,0.7205,146.6,96.7,0.532
91.78,32258.8,35518.8,0.3696,0.61,146.6,96.7,0.532
91.8,32215.2,35322.5,0.3107,0.3773,146.6,96.7,0.532
91.82,32046.1,35115.6,0.0824,0.1322,146.6,96.7,0.532
91.84,31954.4,35095.0,-0.0415,0.1078,146.6,96.7,0.532
91.86,32040.2,35085.1,0.0745,0.096,146.6,96.7,0.532
91.88,31959.2,34946.5,-0.035,-0.0683,146.6,96.7,0.532
91.9,31968.1,34823.0,-0.0229,-0.2145,146.6,96.7,0.532
91.92,31985.6,34808.2,0.0007,-0.2321,146.6,96.7,0.532
91.94,31850.1,34656.6,-0.1823,-0.4118,146.6,96.7,0.532
91.96,31719.3,34709.5,-0.3589,-0.3491,146.6,96.7,0.532
91.98,31827.3,34743.1,-0.213,-0.3092,146.6,96.7,0.532
92.0,31762.8,34641.7,-0.3001,-0.4294,146.6,96.7,0.532
92.02,31779.6,34468.5,-0.2775,-0.6346,146.6,96.7,0.532
92.04,31736.0,34436.4,-0.3364,-0.6727,146.6,96.7,0.532
92.06,31757.7,34410.9,-0.307,-0.7029,146.6,96.7,0.532
92.08,31910.6,34673.3,-0.1006,-0.3919,146.6,96.7,0.532
92.1,32090.5,35025.5,0.1424,0.0254,146.6,96.7,0.532
92.12,32282.2,35491.1,0.4013,0.5772,146.6,96.7,0.532
92.14,32273.0,35696.4,0.3887,0.8205,146.6,96.7,0.532
92.16,32484.8,35734.5,0.6748,0.8656,146.6,96.7,0.532
92.18,32308.7,35591.0,0.4371,0.6955,146.6,96.7,0.532
92.2,32267.2,35455.5,0.3809,0.535,146.6,96.7,0.532
92.22,32199.0,35276.3,0.2889,0.3226,146.6,96.7,0.532
92.24,32039.4,35162.3,0.0734,0.1875,146.6,96.7,0.532
92.26,32126.8,35072.7,0.1914,0.0813,146.6,96.7,0.532
92.28,31994.4,34997.5,0.0126,-0.0077,146.6,96.7,0.532
92.3,31966.5,34913.6,-0.0251,-0.1073,146.6,96.7,0.532
92.32,31906.6,34777.7,-0.106,-0.2682,146.6,96.7,0.532
92.34,31849.5,34791.6,-0.1831,-0.2518,146.6,96.7,0.532
92.36,31837.5,34628.0,-0.1993,-0.4457,146.6,96.7,0.532
92.38,31846.8,34708.4,-0.1868,-0.3504,146.6,96.7,0.532
92.4,31867.6,34679.7,-0.1586,-0.3844,146.6,96.7,0.532
92.42,31809.7,34511.4,-0.2368,-0.5838,146.6,96.7,0.532
92.44,31627.6,34436.0,-0.4827,-0.6732,146.6,96.7,0.532
92.46,31728.1,34452.1,-0.3471,-0.6541,146.6,96.7,0.532
92.48,31817.7,34585.6,-0.2261,-0.4959,146.6,96.7,0.532
92.5,31921.2,34921.8,-0.0862,-0.0975,146.6,96.7,0.532
92.52,32178.4,35236.9,0.261,0.2759,146.6,96.7,0.532
92.54,32281.6,35571.3,0.4005,0.6722,146.6,96.7,0.532
92.56,32450.5,35746.0,0.6285,0.8792,146.6,96.7,0.532
92.58,32341.5,35705.2,0.4813,0.8309,146.6,96.7,0.532
92.6,32235.9,35600.8,0.3387,0.7071,146.6,96.7,0.532
92.62,32194.9,35358.2,0.2833,0.4196,146.6,96.7,0.532
92.64,32029.8,35186.6,0.0604,0.2163,146.6,96.7,0.532
92.66,32065.5,35123.8,0.1086,0.1419,146.6,96.7,0.532
92.68,32050.6,34964.0,0.0884,-0.0475,146.6,96.7,0.532
92.7,32013.6,35088.4,0.0385,0.1,146.6,96.7,0.532
92.72,31951.3,34812.6,-0.0456,-0.2269,146.6,96.7,0.532
92.74,31828.7,34762.8,-0.2111,-0.286,146.6,96.7,0.532
92.76,31894.4,34775.3,-0.1225,-0.2711,146.6,96.7,0.532
92.78,31844.7,34681.9,-0.1896,-0.3818,146.6,96.7,0.532
92.8,31743.0,34701.5,-0.3269,-0.3586,146.6,96.7,0.532
92.82,31776.0,34637.3,-0.2823,-0.4346,146.6,96.7,0.532
92.84,31777.6,34469.1,-0.2802,-0.634,146.6,96.7,0.532
92.86,31753.7,34531.0,-0.3125,-0.5605,146.6,96.7,0.532
92.88,31695.2,34590.5,-0.3914,-0.4901,146.6,96.7,0.532
92.9,31777.5,34693.6,-0.2803,-0.3679,146.6,96.7,0.532
92.92,32076.5,35131.2,0.1234,0.1507,146.6,96.7,0.532
92.94,32243.4,35426.4,0.3488,0.5004,146.6,96.7,0.532
92.96,32360.9,35742.7,0.5075,0.8753,146.6,96.7,0.532
92.98,32341.4,35705.3,0.4811,0.831,146.6,96.7,0.532
93.0,32280.4,35618.0,0.3987,0.7275,146.6,96.7,0.532
93.02,32311.2,35529.2,0.4403,0.6223,146.6,96.7,0.532
93.04,32109.2,35268.5,0.1676,0.3133,146.6,96.7,0.532
93.06,32137.8,35153.4,0.2062,0.177,146.6,96.7,0.532
93.08,31973.1,35041.0,-0.0162,0.0438,146.6,96.7,0.532
93.1,32046.3,35001.0,0.0827,-0.0037,146.6,96.7,0.532
93.12,31964.7,34951.0,-0.0275,-0.0629,146.6,96.7,0.532
93.14,31839.8,34857.9,-0.1961,-0.1732,146.6,96.7,0.532
93.16,31919.5,34784.5,-0.0886,-0.2602,146.6,96.7,0.532
93.18,31850.7,34711.6,-0.1815,-0.3466,146.6,96.7,0.532
93.2,31855.8,34610.6,-0.1745,-0.4662,146.6,96.7,0.532
93.22,31822.9,34722.0,-0.219,-0.3342,146.6,96.7,0.532
93.24,31845.1,34611.7,-0.189,-0.465,146.6,96.7,0.532
93.26,31715.6,34425.9,-0.3639,-0.6852,146.6,96.7,0.532
93.28,31806.9,34437.2,-0.2407,-0.6718,146.6,96.7,0.532
93.3,31717.3,34704.4,-0.3616,-0.3552,146.6,96.7,0.532
93.32,31955.8,34945.1,-0.0395,-0.0699,146.6,96.7,0.532
93.34,32112.0,35252.9,0.1713,0.2948,146.6,96.7,0.532
93.36,32341.8,35566.4,0.4817,0.6664,146.6,96.7,0.532
93.38,32403.5,35801.9,0.565,0.9454,146.6,96.7,0.532
93.4,32363.2,35613.3,0.5106,0.7219,146.6,96.7,0.532
93.42,32234.9,35551.9,0.3373,0.6492,146.6,96.7,0.532
93.44,32207.0,35348.2,0.2996,0.4079,146.6,96.7,0.532
93.46,32053.5,35194.5,0.0924,0.2257,146.6,96.7,0.532
93.48,32045.3,35139.1,0.0813,0.16,146.6,96.7,0.532
93.5,32040.6,35050.6,0.075,0.0552,146.6,96.7,0.532
93.52,31968.0,34987.4,-0.0231,-0.0198,146.6,96.7,0.532
93.54,31810.0,34881.2,-0.2364,-0.1456,146.6,96.7,0.532
93.56,31777.9,34837.6,-0.2797,-0.1972,146.6,96.7,0.532
93.58,31858.0,34729.9,-0.1716,-0.3249,146.6,96.7,0.532
93.6,31809.1,34589.2,-0.2377,-0.4916,146.6,96.7,0.532
93.62,31821.7,34600.5,-0.2206,-0.4783,146.6,96.7,0.532
93.64,31858.1,34598.0,-0.1714,-0.4813,146.6,96.7,0.532
93.66,31749.6,34473.3,-0.318,-0.629,146.6,96.7,0.532
93.68,31730.9,34345.5,-0.3432,-0.7804,146.6,96.7,0.532
93.7,31782.9,34434.9,-0.273,-0.6745,146.6,96.7,0.532
93.72,31855.0,34714.5,-0.1756,-0.3432,146.6,96.7,0.532
93.74,32049.0,35095.8,0.0863,0.1087,146.6,96.7,0.532
93.76,32317.2,35461.5,0.4484,0.5421,146.6,96.7,0.532
93.78,32310.7,35721.8,0.4397,0.8505,146.6,96.7,0.532
93.8,32332.3,35717.5,0.4688,0.8454,146.6,96.7,0.532
93.82,32349.6,35699.3,0.4922,0.8239,146.6,96.7,0.532
93.84,32215.8,35367.5,0.3115,0.4307,146.6,96.7,0.532
93.86,32130.0,35226.0,0.1957,0.263,146.6,96.7,0.532
93.88,32033.5,35077.2,0.0654,0.0867,146.6,96.7,0.532
93.9,31975.1,35099.7,-0.0135,0.1133,146.6,96.7,0.532
93.92,31987.3,34950.8,0.003,-0.0631,146.6,96.7,0.532
93.94,31966.7,35017.7,-0.0249,0.0162,146.6,96.7,0.532
93.96,31919.2,34855.5,-0.0889,-0.1761,146.6,96.7,0.532
93.98,31814.8,34793.8,-0.2299,-0.2491,146.6,96.7,0.532
94.0,31893.8,34673.2,-0.1232,-0.392,146.6,96.7,0.532
94.02,31923.1,34683.2,-0.0837,-0.3802,146.6,96.7,0.532
94.04,31786.9,34689.6,-0.2676,-0.3727,146.6,96.7,0.532
94.06,31778.7,34589.8,-0.2787,-0.4909,146.6,96.7,0.532
94.08,31774.6,34507.4,-0.2842,-0.5886,146.6,96.7,0.532
94.1,31648.6,34534.0,-0.4543,-0.5571,146.6,96.7,0.532
94.12,31848.1,34566.5,-0.185,-0.5185,146.6,96.7,0.532
94.14,31940.8,34823.0,-0.0598,-0.2145,146.6,96.7,0.532
94.16,32146.7,35367.6,0.2182,0.4308,146.6,96.7,0.532
94.18,32331.7,35649.1,0.4681,0.7643,146.6,96.7,0.532
94.2,32403.4,35825.8,0.5649,0.9738,146.6,96.7,0.532
94.22,32387.8,35690.4,0.5438,0.8133,146.6,96.7,0.532
94.24,32225.3,35503.0,0.3244,0.5913,146.6,96.7,0.532
94.26,32166.5,35386.5,0.2449,0.4531,146.6,96.7,0.532
94.28,32071.0,35193.0,0.1161,0.2238,146.6,96.7,0.532
94.3,32000.3,35150.1,0.0205,0.1731,146.6,96.7,0.532
94.32,32095.8,35047.8,0.1495,0.0519,146.6,96.7,0.532
94.34,31994.4,35080.7,0.0125,0.0909,146.6,96.7,0.532
94.36,32038.9,34864.5,0.0727,-0.1654,146.6,96.7,0.532
94.38,31894.7,34745.9,-0.1221,-0.3059,146.6,96.7,0.532
94.4,31804.9,34682.5,-0.2433,-0.3811,146.6,96.7,0.532
94.42,31912.9,34606.4,-0.0975,-0.4712,146.6,96.7,0.532
94.44,31793.8,34626.6,-0.2582,-0.4473,146.6,96.7,0.532
94.46,31815.9,34615.2,-0.2285,-0.4608,146.6,96.7,0.532
94.48,31784.6,34519.5,-0.2707,-0.5743,146.6,96.7,0.532
94.5,31712.8,34446.8,-0.3676,-0.6604,146.6,96.7,0.532
94.52,31825.9,34585.3,-0.215,-0.4963,146.6,96.7,0.532
94.54,31858.9,34796.7,-0.1704,-0.2457,146.6,96.7,0.532
94.56,32026.9,35182.7,0.0565,0.2117,146.6,96.7,0.532
94.58,32225.1,35445.5,0.324,0.5231,146.6,96.7,0.532
94.6,32340.0,35703.4,0.4793,0.8287,146.6,96.7,0.532
94.62,32292.1,35635.5,0.4146,0.7483,146.6,96.7,0.532
94.64,32282.9,35516.7,0.4021,0.6074,146.6,96.7,0.532
94.66,32201.9,35381.4,0.2928,0.4472,146.6,96.7,0.532
94.68,32142.3,35343.6,0.2123,0.4024,146.6,96.7,0.532
94.7,32019.7,35080.5,0.0468,0.0906,146.6,96.7,0.532
94.72,32059.5,35032.0,0.1005,0.0332,146.6,96.7,0.532
94.74,32080.4,34971.5,0.1287,-0.0385,146.6,96.7,0.532
94.76,31877.7,34858.4,-0.145,-0.1726,146.6,96.7,0.532
94.78,31848.1,34799.6,-0.1849,-0.2423,146.6,96.7,0.532
94.8,31786.3,34783.2,-0.2684,-0.2617,146.6,96.7,0.532
94.82,31774.7,34724.3,-0.2841,-0.3315,146.6,96.7,0.532
94.84,31868.8,34734.8,-0.1571,-0.3191,146.6,96.7,0.532
94.86,31798.3,34615.9,-0.2523,-0.46,146.6,96.7,0.532
94.88,31750.8,34536.1,-0.3164,-0.5546,146.6,96.7,0.532
94.9,31811.5,34455.0,-0.2343,-0.6506,146.6,96.7,0.532
94.92,31623.7,34441.8,-0.488,-0.6663,146.6,96.7,0.532
94.94,31825.7,34596.7,-0.2152,-0.4828,146.6,96.7,0.532
94.96,31973.5,35008.3,-0.0156,0.005,146.6,96.7,0.532
94.98,32187.0,35243.5,0.2726,0.2838,146.6,96.7,0.532
95.0,32329.0,35553.8,0.4645,0.6514,146.6,96.7,0.532
95.02,32322.1,35807.6,0.4551,0.9522,146.6,96.7,0.532
95.04,32287.9,35693.7,0.4089,0.8172,146.6,96.7,0.532
95.06,32249.8,35514.8,0.3575,0.6052,146.6,96.7,0.532
95.08,32041.1,35303.4,0.0757,0.3547,146.6,96.7,0.532
95.1,32048.5,35154.1,0.0856,0.1778,146.6,96.7,0.532
95.12,32033.1,35117.2,0.0649,0.134,146.6,96.7,0.532
95.14,32063.4,35043.4,0.1058,0.0466,146.6,96.7,0.532
95.16,31874.5,34944.0,-0.1494,-0.0712,146.6,96.7,0.532
95.18,31874.8,34904.3,-0.1488,-0.1182,146.6,96.7,0.532
95.2,32002.6,34803.9,0.0237,-0.2372,146.6,96.7,0.532
95.22,31844.7,34745.4,-0.1896,-0.3065,146.6,96.7,0.532
95.24,31849.3,34701.4,-0.1834,-0.3587,146.6,96.7,0.532
95.26,31750.7,34649.4,-0.3165,-0.4203,146.6,96.7,0.532
95.28,31827.9,34632.5,-0.2123,-0.4403,146.6,96.7,0.532
95.3,31668.9,34570.5,-0.427,-0.5138,146.6,96.7,0.532
95.32,31699.8,34398.7,-0.3853,-0.7174,146.6,96.7,0.532
95.34,31855.1,34526.2,-0.1755,-0.5663,146.6,96.7,0.532
95.36,31931.6,34772.0,-0.0722,-0.275,146.6,96.7,0.532
95.38,32093.7,35099.0,0.1467,0.1125,146.6,96.7,0.532
95.4,32293.6,35466.5,0.4166,0.548,146.6,96.7,0.532
95.42,32363.4,35724.2,0.5108,0.8534,146.6,96.7,0.532
95.44,32313.4,35809.4,0.4433,0.9543,146.6,96.7,0.532
95.46,32311.2,35497.3,0.4403,0.5844,146.6,96.7,0.532
95.48,32235.9,35344.1,0.3387,0.403,146.6,96.7,0.532
95.5,32130.1,35202.4,0.1958,0.2351,146.6,96.7,0.532
95.52,32083.5,35054.4,0.1329,0.0597,146.6,96.7,0.532
95.54,32027.0,34972.2,0.0566,-0.0378,146.6,96.7,0.532
95.56,31967.5,34955.2,-0.0237,-0.058,146.6,96.7,0.532
95.58,31879.3,34919.5,-0.1429,-0.1002,146.6,96.7,0.532
95.6,31925.8,34735.3,-0.0801,-0.3185,146.6,96.7,0.532
95.62,31929.0,34688.1,-0.0757,-0.3745,146.6,96.7,0.532
95.64,31755.3,34618.5,-0.3103,-0.4569,146.6,96.7,0.532
95.66,31826.4,34710.1,-0.2142,-0.3484,146.6,96.7,0.532
95.68,31809.6,34503.6,-0.2369,-0.593,146.6,96.7,0.532
95.7,31817.5,34510.5,-0.2263,-0.5849,146.6,96.7,0.532
95.72,31699.7,34443.7,-0.3854,-0.6641,146.6,96.7,0.532
95.74,31752.6,34493.8,-0.3139,-0.6047,146.6,96.7,0.532
95.76,31824.6,34736.7,-0.2167,-0.3169,146.6,96.7,0.532
95.78,31974.2,34949.1,-0.0147,-0.0651,146.6,96.7,0.532
95.8,32192.0,35412.0,0.2795,0.4835,146.6,96.7,0.532
95.82,32379.9,35806.8,0.5331,0.9512,146.6,96.7,0.532
95.84,32431.1,35711.0,0.6023,0.8378,146.6,96.7,0.532
95.86,32354.6,35639.5,0.4989,0.753,146.6,96.7,0.532
95.88,32186.0,35459.1,0.2714,0.5392,146.6,96.7,0.532
95.9,32205.4,35302.1,0.2975,0.3532,146.6,96.7,0.532
95.92,32083.3,35125.4,0.1327,0.1438,146.6,96.7,0.532
95.94,32046.9,35117.7,0.0834,0.1346,146.6,96.7,0.532
95.96,32099.2,35002.0,0.1541,-0.0024,146.6,96.7,0.532
95.98,31992.8,35037.0,0.0105,0.0391,146.6,96.7,0.532
96.0,31901.6,34963.4,-0.1127,-0.0482,146.6,96.7,0.532
96.02,31837.3,34686.4,-0.1996,-0.3764,146.6,96.7,0.532
96.04,31776.7,34687.0,-0.2813,-0.3757,146.6,96.7,0.532
96.06,31894.5,34599.2,-0.1223,-0.4798,146.6,96.7,0.532
96.08,31756.7,34626.7,-0.3084,-0.4472,146.6,96.7,0.532
96.1,31826.5,34539.7,-0.2141,-0.5503,146.6,96.7,0.532
96.12,31730.3,34489.4,-0.3441,-0.6099,146.6,96.7,0.532
96.14,31761.4,34501.9,-0.302,-0.5951,146.6,96.7,0.532
96.16,31837.7,34617.8,-0.199,-0.4578,146.6,96.7,0.532
96.18,31903.5,34743.2,-0.1102,-0.3092,146.6,96.7,0.532
96.2,32098.0,35233.2,0.1525,0.2716,146.6,96.7,0.532
96.22,32196.4,35615.5,0.2854,0.7246,146.6,96.7,0.532
96.24,32361.4,35753.2,0.5081,0.8877,146.6,96.7,0.532
96.26,32388.8,35821.3,0.5451,0.9684,146.6,96.7,0.532
96.28,32254.3,35643.2,0.3636,0.7574,146.6,96.7,0.532
96.3,32193.3,35320.8,0.2811,0.3754,146.6,96.7,0.532
96.32,32073.6,35126.5,0.1195,0.145,146.6,96.7,0.532
96.34,32131.6,35124.4,0.1978,0.1426,146.6,96.7,0.532
96.36,32001.5,35011.8,0.0221,0.0092,146.6,96.7,0.532
96.38,32045.6,34973.1,0.0817,-0.0367,146.6,96.7,0.532
96.4,31899.7,34786.7,-0.1153,-0.2576,146.6,96.7,0.532
96.42,31975.3,34780.6,-0.0132,-0.2648,146.6,96.7,0.532
96.44,31859.5,34737.2,-0.1696,-0.3162,146.6,96.7,0.532
96.46,31909.1,34570.0,-0.1026,-0.5143,146.6,96.7,0.532
96.48,31861.6,34585.0,-0.1667,-0.4966,146.6,96.7,0.532
96.5,31830.2,34638.5,-0.2092,-0.4332,146.6,96.7,0.532
96.52,31779.2,34568.5,-0.278,-0.5162,146.6,96.7,0.532
96.54,31701.8,34404.4,-0.3825,-0.7106,146.6,96.7,0.532
96.56,31836.5,34523.9,-0.2007,-0.5691,146.6,96.7,0.532
96.58,31892.5,34675.5,-0.1251,-0.3893,146.6,96.7,0.532
96.6,31912.5,34958.0,-0.0979,-0.0546,146.6,96.7,0.532
96.62,32175.9,35401.7,0.2576,0.4712,146.6,96.7,0.532
96.64,32335.1,35660.4,0.4727,0.7778,146.6,96.7,0.532
96.66,32321.3,35774.1,0.454,0.9125,146.6,96.7,0.532
96.68,32208.2,35699.6,0.3012,0.8242,146.6,96.7,0.532
96.7,32276.3,35481.7,0.3932,0.566,146.6,96.7,0.532
96.72,32111.5,35206.9,0.1707,0.2404,146.6,96.7,0.532
96.74,32157.9,35159.4,0.2334,0.1841,146.6,96.7,0.532
96.76,32129.8,35094.9,0.1954,0.1077,146.6,96.7,0.532
96.78,32064.2,35039.3,0.1069,0.0418,146.6,96.7,0.532
96.8,31958.9,34974.8,-0.0354,-0.0347,146.6,96.7,0.532
96.82,31922.8,34845.0,-0.084,-0.1885,146.6,96.7,0.532
96.84,31891.7,34748.9,-0.1261,-0.3024,146.6,96.7,0.532
96.86,31858.2,34755.6,-0.1714,-0.2944,146.6,96.7,0.532
96.88,31799.8,34663.1,-0.2501,-0.4041,146.6,96.7,0.532
96.9,31773.6,34698.1,-0.2856,-0.3626,146.6,96.7,0.532
96.92,31741.1,34577.7,-0.3295,-0.5053,146.6,96.7,0.532
96.94,31709.2,34527.5,-0.3725,-0.5647,146.6,96.7,0.532
96.96,31758.4,34403.5,-0.3061,-0.7117,146.6,96.7,0.532
96.98,31800.8,34489.0,-0.2489,-0.6103,146.6,96.7,0.532
97.0,31932.4,34838.3,-0.0711,-0.1965,146.6,96.7,0.532
97.02,32057.9,35142.6,0.0983,0.1642,146.6,96.7,0.532
97.04,32207.1,35593.0,0.2999,0.6979,146.6,96.7,0.532
97.06,32372.6,35766.1,0.5233,0.903,146.6,96.7,0.532
97.08,32335.4,35720.5,0.473,0.849,146.6,96.7,0.532
97.1,32275.7,35584.9,0.3924,0.6883,146.6,96.7,0.532
97.12,32174.0,35407.6,0.2552,0.4782,146.6,96.7,0.532
97.14,32055.3,35221.7,0.0948,0.2578,146.6,96.7,0.532
97.16,32025.3,35095.6,0.0544,0.1084,146.6,96.7,0.532
97.18,32049.0,35105.6,0.0864,0.1203,146.6,96.7,0.532
97.2,32087.7,35018.2,0.1385,0.0168,146.6,96.7,0.532
97.22,31977.3,34858.0,-0.0104,-0.1731,146.6,96.7,0.532
97.24,31930.8,34827.9,-0.0732,-0.2088,146.6,96.7,0.532
97.26,31816.5,34674.7,-0.2276,-0.3903,146.6,96.7,0.532
97.28,31894.4,34685.8,-0.1225,-0.3772,146.6,96.7,0.532
97.3,31743.7,34649.1,-0.3259,-0.4207,146.6,96.7,0.532
97.32,31777.7,34633.8,-0.2801,-0.4387,146.6,96.7,0.532
97.34,31775.0,34523.5,-0.2836,-0.5694,146.6,96.7,0.532
97.36,31778.0,34437.8,-0.2796,-0.6711,146.6,96.7,0.532
97.38,31594.7,34540.1,-0.5272,-0.5498,146.6,96.7,0.532
97.4,31913.7,34733.0,-0.0964,-0.3213,146.6,96.7,0.532
97.42,32027.2,35057.0,0.0568,0.0628,146.6,96.7,0.532
97.44,32286.1,35381.1,0.4065,0.4468,146.6,96.7,0.532
97.46,32373.7,35664.4,0.5248,0.7825,146.6,96.7,0.532
97.48,32422.1,35751.2,0.5901,0.8854,146.6,96.7,0.532
97.5,32423.2,35614.5,0.5916,0.7233,146.6,96.7,0.532
97.52,32151.8,35432.4,0.2251,0.5076,146.6,96.7,0.532
97.54,32231.7,35258.5,0.3331,0.3015,146.6,96.7,0.532
97.56,32184.2,35193.5,0.2689,0.2245,146.6,96.7,0.532
97.58,32083.5,35116.3,0.1329,0.133,146.6,96.7,0.532
97.6,32037.0,35018.6,0.0702,0.0172,146.6,96.7,0.532
97.62,31995.3,34925.8,0.0138,-0.0927,146.6,96.7,0.532
97.64,31950.8,34951.6,-0.0463,-0.0621,146.6,96.7,0.532
97.66,31944.4,34739.9,-0.0549,-0.3131,146.6,96.7,0.532
97.68,31873.9,34784.3,-0.1502,-0.2605,146.6,96.7,0.532
97.7,31753.1,34646.2,-0.3133,-0.4241,146.6,96.7,0.532
97.72,31842.0,34749.7,-0.1932,-0.3015,146.6,96.7,0.532
97.74,31763.4,34664.0,-0.2993,-0.4029,146.6,96.7,0.532
97.76,31727.3,34407.5,-0.3481,-0.707,146.6,96.7,0.532
97.78,31762.4,34479.7,-0.3006,-0.6213,146.6,96.7,0.532
97.8,31749.7,34541.3,-0.3178,-0.5484,146.6,96.7,0.532
97.82,31974.7,34840.3,-0.014,-0.1941,146.6,96.7,0.532
97.84,32025.8,35238.4,0.055,0.2777,146.6,96.7,0.532
97.86,32205.1,35523.0,0.2971,0.6149,146.6,96.7,0.532
97.88,32356.4,35731.0,0.5014,0.8614,146.6,96.7,0.532
97.9,32407.1,35606.0,0.5699,0.7132,146.6,96.7,0.532
97.92,32325.6,35568.0,0.4599,0.6683,146.6,96.7,0.532
97.94,32180.5,35357.0,0.2638,0.4182,146.6,96.7,0.532
97.96,32109.6,35124.6,0.1681,0.1428,146.6,96.7,0.532
97.98,32004.7,35157.1,0.0265,0.1814,146.6,96.7,0.532
98.0,31996.9,35027.1,0.0159,0.0273,146.6,96.7,0.532
98.02,31988.5,34915.7,0.0046,-0.1047,146.6,96.7,0.532
98.04,31972.2,34876.3,-0.0174,-0.1514,146.6,96.7,0.532
98.06,31922.0,34745.3,-0.0851,-0.3066,146.6,96.7,0.532
98.08,31875.9,34664.3,-0.1475,-0.4026,146.6,96.7,0.532
98.1,31836.3,34737.9,-0.2009,-0.3154,146.6,96.7,0.532
98.12,31894.4,34647.4,-0.1225,-0.4227,146.6,96.7,0.532
98.14,31795.7,34519.5,-0.2557,-0.5742,146.6,96.7,0.532
98.16,31837.9,34397.6,-0.1987,-0.7187,146.6,96.7,0.532
98.18,31666.7,34540.9,-0.4299,-0.5489,146.6,96.7,0.532
98.2,31760.9,34468.5,-0.3027,-0.6347,146.6,96.7,0.532
98.22,31899.1,34676.2,-0.1161,-0.3885,146.6,96.7,0.532
98.24,32060.4,35060.4,0.1017,0.0667,146.6,96.7,0.532
98.26,32139.9,35402.0,0.2091,0.4715,146.6,96.7,0.532
98.28,32270.1,35681.9,0.3849,0.8033,146.6,96.7,0.532
98.3,32398.9,35789.0,0.5587,0.9302,146.6,96.7,0.532
98.32,32307.6,35693.2,0.4356,0.8166,146.6,96.7,0.532
98.34,32171.1,35384.9,0.2512,0.4512,146.6,96.7,0.532
98.36,32181.5,35293.4,0.2652,0.3429,146.6,96.7,0.532
98.38,32143.8,35117.9,0.2143,0.1349,146.6,96.7,0.532
98.4,32053.1,35140.1,0.0919,0.1612,146.6,96.7,0.532
98.42,31941.0,35064.1,-0.0595,0.0711,146.6,96.7,0.532
98.44,31952.9,34916.2,-0.0435,-0.1041,146.6,96.7,0.532
98.46,31972.6,34808.2,-0.0169,-0.2321,146.6,96.7,0.532
98.48,31902.6,34752.9,-0.1113,-0.2976,146.6,96.7,0.532
98.5,31792.1,34690.5,-0.2606,-0.3715,146.6,96.7,0.532
98.52,31827.8,34649.1,-0.2124,-0.4206,146.6,96.7,0.532
98.54,31791.2,34645.4,-0.2618,-0.425,146.6,96.7,0.532
98.56,31763.2,34570.6,-0.2996,-0.5136,146.6,96.7,0.532
98.58,31793.7,34487.2,-0.2584,-0.6125,146.6,96.7,0.532
98.6,31719.6,34428.2,-0.3584,-0.6824,146.6,96.7,0.532
98.62,31760.6,34503.0,-0.3032,-0.5938,146.6,96.7,0.532
98.64,31910.6,34854.7,-0.1006,-0.177,146.6,96.7,0.532
98.66,32083.1,35218.1,0.1323,0.2536,146.6,96.7,0.532
98.68,32296.1,35529.6,0.4199,0.6228,146.6,96.7,0.532
98.7,32362.3,35731.7,0.5094,0.8623,146.6,96.7,0.532
98.72,32322.6,35703.6,0.4558,0.829,146.6,96.7,0.532
98.74,32247.0,35565.4,0.3537,0.6651,146.6,96.7,0.532
98.76,32152.5,35375.5,0.226,0.4402,146.6,96.7,0.532
98.78,32082.8,35126.2,0.132,0.1447,146.6,96.7,0.532
98.8,32021.2,35144.7,0.0487,0.1667,146.6,96.7,0.532
98.82,32018.6,35013.1,0.0453,0.0107,146.6,96.7,0.532
98.84,31957.7,34937.5,-0.037,-0.0789,146.6,96.7,0.532
98.86,31913.7,34857.0,-0.0964,-0.1743,146.6,96.7,0.532
98.88,31895.2,34734.8,-0.1214,-0.3191,146.6,96.7,0.532
98.9,31743.0,34724.1,-0.3269,-0.3318,146.6,96.7,0.532
98.92,31872.8,34596.2,-0.1516,-0.4834,146.6,96.7,0.532
98.94,31849.3,34625.8,-0.1834,-0.4482,146.6,96.7,0.532
98.96,31729.8,34560.2,-0.3447,-0.526,146.6,96.7,0.532
98.98,31817.9,34602.0,-0.2257,-0.4764,146.6,96.7,0.532
99.0,31687.1,34447.9,-0.4023,-0.6591,146.6,96.7,0.532
99.02,31763.4,34541.4,-0.2993,-0.5482,146.6,96.7,0.532
99.04,31875.7,34805.7,-0.1477,-0.2351,146.6,96.7,0.532
99.06,32000.8,35078.3,0.0212,0.0879,146.6,96.7,0.532
99.08,32209.9,35447.5,0.3035,0.5255,146.6,96.7,0.532
99.1,32349.8,35665.3,0.4925,0.7836,146.6,96.7,0.532
99.12,32332.8,35708.7,0.4695,0.835,146.6,96.7,0.532
99.14,32288.4,35562.5,0.4096,0.6618,146.6,96.7,0.532
99.16,32024.2,35439.1,0.0528,0.5155,146.6,96.7,0.532
99.18,32133.0,35337.8,0.1998,0.3955,146.6,96.7,0.532
99.2,31987.3,35233.3,0.0031,0.2716,146.6,96.7,0.532
99.22,31986.7,35141.2,0.0021,0.1625,146.6,96.7,0.532
99.24,32044.3,34953.5,0.0799,-0.0599,146.6,96.7,0.532
99.26,31999.3,34956.9,0.0192,-0.0559,146.6,96.7,0.532
99.28,31871.3,34870.0,-0.1536,-0.1588,146.6,96.7,0.532
99.3,31856.8,34738.7,-0.1732,-0.3145,146.6,96.7,0.532
99.32,31849.3,34719.6,-0.1834,-0.3371,146.6,96.7,0.532
99.34,31872.7,34696.3,-0.1517,-0.3647,146.6,96.7,0.532
99.36,31850.4,34663.9,-0.1818,-0.4031,146.6,96.7,0.532
99.38,31784.4,34569.4,-0.271,-0.5151,146.6,96.7,0.532
99.4,31810.0,34362.2,-0.2365,-0.7607,146.6,96.7,0.532
99.42,31692.5,34447.2,-0.3951,-0.6598,146.6,96.7,0.532
99.44,31805.6,34593.6,-0.2423,-0.4864,146.6,96.7,0.532
99.46,31978.0,34849.4,-0.0095,-0.1833,146.6,96.7,0.532
99.48,32121.0,35280.8,0.1835,0.3279,146.6,96.7,0.532
99.5,32264.5,35651.0,0.3773,0.7666,146.6,96.7,0.532
99.52,32322.9,35730.0,0.4562,0.8603,146.6,96.7,0.532
99.54,32330.7,35700.0,0.4668,0.8246,146.6,96.7,0.532
99.56,32237.9,35465.1,0.3415,0.5464,146.6,96.7,0.532
99.58,32232.1,35360.4,0.3335,0.4222,146.6,96.7,0.532
99.6,32105.3,35203.6,0.1623,0.2364,146.6,96.7,0.532
99.62,32011.6,35044.1,0.0358,0.0475,146.6,96.7,0.532
99.64,32091.0,35008.6,0.1431,0.0053,146.6,96.7,0.532
99.66,31944.4,34932.5,-0.0549,-0.0848,146.6,96.7,0.532
99.68,31883.5,34935.3,-0.1372,-0.0815,146.6,96.7,0.532
99.7,31852.5,34801.4,-0.179,-0.2401,146.6,96.7,0.532
99.72,31881.9,34729.9,-0.1393,-0.3249,146.6,96.7,0.532
99.74,31890.7,34585.3,-0.1274,-0.4963,146.6,96.7,0.532
99.76,31915.3,34593.1,-0.0942,-0.4869,146.6,96.7,0.532
99.78,31791.8,34616.4,-0.261,-0.4594,146.6,96.7,0.532
99.8,31827.5,34492.8,-0.2128,-0.6058,146.6,96.7,0.532
99.82,31727.5,34494.5,-0.3479,-0.6038,146.6,96.7,0.532
99.84,31794.7,34545.6,-0.2571,-0.5433,146.6,96.7,0.532
99.86,31883.6,34745.7,-0.137,-0.3062,146.6,96.7,0.532
99.88,32088.7,35043.5,0.14,0.0468,146.6,96.7,0.532
99.9,32166.8,35465.4,0.2454,0.5467,146.6,96.7,0.532
99.92,32370.4,35704.3,0.5202,0.8298,146.6,96.7,0.532
99.94,32284.4,35792.6,0.4042,0.9345,146.6,96.7,0.532
99.96,32354.7,35637.6,0.4992,0.7507,146.6,96.7,0.532
99.98,32197.9,35450.4,0.2874,0.5289,146.6,96.7,0.532
100.0,32151.1,35261.6,0.2242,0.3052,146.6,96.7,0.532
100.02,32053.1,35086.0,0.0918,0.097,146.6,96.7,0.532
100.04,32030.9,34984.9,0.0619,-0.0227,146.6,96.7,0.532
100.06,31999.1,35120.8,0.0189,0.1383,146.6,96.7,0.532
100.08,31927.9,34803.6,-0.0772,-0.2375,146.6,96.7,0.532
100.1,31857.4,34824.2,-0.1724,-0.2131,146.6,96.7,0.532
100.12,31870.5,34643.5,-0.1548,-0.4272,146.6,96.7,0.532
100.14,31753.3,34610.2,-0.313,-0.4668,146.6,96.7,0.532
100.16,31855.1,34666.5,-0.1755,-0.4,146.6,96.7,0.532
100.18,31831.6,34590.4,-0.2072,-0.4902,146.6,96.7,0.532
100.2,31804.8,34494.7,-0.2435,-0.6036,146.6,96.7,0.532
100.22,31742.6,34608.9,-0.3274,-0.4682,146.6,96.7,0.532
100.24,31727.8,34463.9,-0.3474,-0.64,146.6,96.7,0.532
100.26,31761.4,34601.2,-0.3021,-0.4774,146.6,96.7,0.532
100.28,31881.2,34907.5,-0.1403,-0.1144,146.6,96.7,0.532
100.3,32030.7,35242.4,0.0616,0.2824,146.6,96.7,0.532
100.32,32265.7,35600.7,0.379,0.707,146.6,96.7,0.532
100.34,32337.7,35847.5,0.4762,0.9994,146.6,96.7,0.532
100.36,32305.4,35667.5,0.4326,0.7862,146.6,96.7,0.532
100.38,32221.9,35561.3,0.3198,0.6604,146.6,96.7,0.532
100.4,32252.3,35294.3,0.3609,0.3439,146.6,96.7,0.532
100.42,32017.7,35184.4,0.044,0.2137,146.6,96.7,0.532
100.44,32012.5,35245.1,0.037,0.2857,146.6,96.7,0.532
100.46,31985.4,35122.8,0.0004,0.1408,146.6,96.7,0.532
100.48,31922.5,34981.8,-0.0845,-0.0264,146.6,96.7,0.532
100.5,31869.5,34798.0,-0.1561,-0.2442,146.6,96.7,0.532
100.52,31951.4,34767.5,-0.0455,-0.2804,146.6,96.7,0.532
100.54,31922.7,34605.6,-0.0842,-0.4721,146.6,96.7,0.532
100.56,31866.9,34652.3,-0.1596,-0.4169,146.6,96.7,0.532
100.58,31827.3,34637.8,-0.2131,-0.4341,146.6,96.7,0.532
100.6,31754.2,34587.6,-0.3118,-0.4935,146.6,96.7,0.532
100.62,31826.8,34503.6,-0.2137,-0.593,146.6,96.7,0.532
100.64,31738.6,34410.4,-0.3328,-0.7035,146.6,96.7,0.532
100.66,31723.5,34445.6,-0.3532,-0.6618,146.6,96.7,0.532
100.68,31858.1,34779.7,-0.1715,-0.2659,146.6,96.7,0.532
100.7,32092.7,35098.2,0.1454,0.1115,146.6,96.7,0.532
100.72,32202.2,35472.1,0.2931,0.5546,146.6,96.7,0.532
100.74,32237.9,35766.2,0.3414,0.9031,146.6,96.7,0.532
100.76,32394.4,35709.5,0.5527,0.836,146.6,96.7,0.532
100.78,32300.5,35605.4,0.426,0.7126,146.6,96.7,0.532
100.8,32160.2,35330.0,0.2364,0.3862,146.6,96.7,0.532
100.82,32115.5,35184.5,0.1761,0.2138,146.6,96.7,0.532
100.84,31978.4,35055.2,-0.009,0.0606,146.6,96.7,0.532
100.86,32055.0,35102.9,0.0944,0.1171,146.6,96.7,0.532
100.88,32039.3,35049.1,0.0732,0.0534,146.6,96.7,0.532
100.9,31940.6,34908.6,-0.0601,-0.1131,146.6,96.7,0.532
100.92,31789.5,34749.7,-0.2641,-0.3014,146.6,96.7,0.532
100.94,31788.8,34678.5,-0.265,-0.3858,146.6,96.7,0.532
100.96,31848.6,34661.7,-0.1844,-0.4057,146.6,96.7,0.532
100.98,31850.8,34621.7,-0.1814,-0.4532,146.6,96.7,0.532
101.0,31829.2,34584.6,-0.2105,-0.4971,146.6,96.7,0.532
101.02,31800.5,34644.3,-0.2492,-0.4264,146.6,96.7,0.532
101.04,31731.9,34454.9,-0.3419,-0.6508,146.6,96.7,0.532
101.06,31703.9,34416.6,-0.3797,-0.6962,146.6,96.7,0.532
101.08,31866.6,34612.3,-0.16,-0.4642,146.6,96.7,0.532
101.1,31996.9,34917.5,0.016,-0.1026,146.6,96.7,0.532
101.12,32128.5,35364.2,0.1936,0.4268,146.6,96.7,0.532
101.14,32400.4,35579.6,0.5608,0.682,146.6,96.7,0.532
101.16,32356.2,35827.5,0.5011,0.9758,146.6,96.7,0.532
101.18,32258.0,35706.2,0.3685,0.832,146.6,96.7,0.532
101.2,32220.4,35463.0,0.3178,0.5439,146.6,96.7,0.532
101.22,32114.1,35306.9,0.1742,0.3588,146.6,96.7,0.532
101.24,32117.0,35070.9,0.1781,0.0792,146.6,96.7,0.532
101.26,32053.2,35163.5,0.092,0.189,146.6,96.7,0.532
101.28,31990.7,35045.0,0.0075,0.0485,146.6,96.7,0.532
101.3,31981.2,35035.6,-0.0053,0.0373,146.6,96.7,0.532
101.32,31937.8,34820.0,-0.0639,-0.2181,146.6,96.7,0.532
101.34,31869.6,34768.3,-0.156,-0.2794,146.6,96.7,0.532
101.36,31829.3,34657.4,-0.2104,-0.4108,146.6,96.7,0.532
101.38,31755.2,34658.4,-0.3104,-0.4097,146.6,96.7,0.532
101.4,31808.6,34675.4,-0.2383,-0.3895,146.6,96.7,0.532
101.42,31758.7,34683.6,-0.3056,-0.3797,146.6,96.7,0.532
101.44,31715.6,34463.4,-0.3639,-0.6407,146.6,96.7,0.532
101.46,31688.9,34453.9,-0.3999,-0.6519,146.6,96.7,0.532
101.48,31702.3,34545.1,-0.3818,-0.5438,146.6,96.7,0.532
101.5,31817.3,34776.2,-0.2265,-0.27,146.6,96.7,0.532
101.52,32104.2,35200.9,0.1609,0.2332,146.6,96.7,0.532
101.54,32262.0,35467.8,0.374,0.5496,146.6,96.7,0.532
101.56,32449.0,35747.9,0.6264,0.8814,146.6,96.7,0.532
101.58,32400.4,35760.3,0.5608,0.8962,146.6,96.7,0.532
101.6,32262.8,35629.1,0.375,0.7406,146.6,96.7,0.532
101.62,32168.6,35341.4,0.2478,0.3997,146.6,96.7,0.532
101.64,32168.4,35139.8,0.2475,0.1609,146.6,96.7,0.532
101.66,32072.9,35183.1,0.1186,0.2122,146.6,96.7,0.532
101.68,32046.2,35020.7,0.0825,0.0197,146.6,96.7,0.532
101.7,32023.5,35110.8,0.0519,0.1265,146.6,96.7,0.532
101.72,31995.0,34816.3,0.0134,-0.2225,146.6,96.7,0.532
101.74,31996.8,34786.1,0.0159,-0.2583,146.6,96.7,0.532
101.76,31851.4,34707.9,-0.1805,-0.351,146.6,96.7,0.532
101.78,31836.6,34717.1,-0.2005,-0.34,146.6,96.7,0.532
101.8,31880.0,34695.3,-0.1419,-0.3659,146.6,96.7,0.532
101.82,31903.5,34649.2,-0.1101,-0.4206,146.6,96.7,0.532
101.84,31751.8,34585.6,-0.315,-0.4959,146.6,96.7,0.532
101.86,31716.6,34483.1,-0.3625,-0.6173,146.6,96.7,0.532
101.88,31801.9,34575.4,-0.2473,-0.508,146.6,96.7,0.532
101.9,31768.6,34734.2,-0.2923,-0.3198,146.6,96.7,0.532
101.92,32022.1,34945.1,0.05,-0.0698,146.6,96.7,0.532
101.94,32058.2,35348.7,0.0987,0.4084,146.6,96.7,0.532
101.96,32310.7,35624.1,0.4397,0.7347,146.6,96.7,0.532
101.98,32311.5,35769.1,0.4408,0.9066,146.6,96.7,0.532
102.0,32304.5,35630.3,0.4313,0.7421,146.6,96.7,0.532
102.02,32291.7,35534.3,0.414,0.6283,146.6,96.7,0.532
102.04,32176.2,35299.7,0.2581,0.3503,146.6,96.7,0.532
102.06,32064.9,35083.2,0.1077,0.0938,146.6,96.7,0.532
102.08,32052.1,35058.1,0.0904,0.064,146.6,96.7,0.532
102.1,32091.9,35016.3,0.1443,0.0145,146.6,96.7,0.532
102.12,31930.7,34934.4,-0.0735,-0.0826,146.6,96.7,0.532
102.14,31985.2,34897.6,0.0001,-0.1262,146.6,96.7,0.532
102.16,31881.5,34685.0,-0.1398,-0.3781,146.6,96.7,0.532
102.18,31866.1,34719.4,-0.1606,-0.3373,146.6,96.7,0.532
102.2,31830.0,34655.5,-0.2094,-0.4131,146.6,96.7,0.532
102.22,31845.2,34611.4,-0.1889,-0.4653,146.6,96.7,0.532
102.24,31804.7,34558.0,-0.2435,-0.5286,146.6,96.7,0.532
102.26,31650.9,34532.1,-0.4513,-0.5593,146.6,96.7,0.532
102.28,31734.9,34509.3,-0.3378,-0.5863,146.6,96.7,0.532
102.3,31872.5,34463.7,-0.152,-0.6404,146.6,96.7,0.532
102.32,31816.3,34790.7,-0.228,-0.2528,146.6,96.7,0.532
102.34,32139.1,35202.1,0.208,0.2347,146.6,96.7,0.532
102.36,32205.4,35435.1,0.2975,0.5108,146.6,96.7,0.532
102.38,32397.7,35758.2,0.5572,0.8937,146.6,96.7,0.532
102.4,32400.2,35724.5,0.5605,0.8537,146.6,96.7,0.532
102.42,32237.4,35663.9,0.3407,0.7819,146.6,96.7,0.532
102.44,32193.7,35336.1,0.2816,0.3935,146.6,96.7,0.532
102.46,32184.6,35227.3,0.2694,0.2645,146.6,96.7,0.532
102.48,32038.8,35136.8,0.0726,0.1572,146.6,96.7,0.532
102.5,32115.4,35060.0,0.176,0.0662,146.6,96.7,0.532
102.52,32033.3,34985.3,0.0652,-0.0222,146.6,96.7,0.532
102.54,32065.0,34855.1,0.1079,-0.1765,146.6,96.7,0.532
102.56,31977.9,34794.1,-0.0097,-0.2489,146.6,96.7,0.532
102.58,31911.9,34687.7,-0.0988,-0.3749,146.6,96.7,0.532
102.6,31859.3,34623.8,-0.1698,-0.4506,146.6,96.7,0.532
102.62,31814.9,34716.2,-0.2298,-0.3411,146.6,96.7,0.532
102.64,31777.6,34669.9,-0.2801,-0.3959,146.6,96.7,0.532
102.66,31795.5,34540.2,-0.256,-0.5497,146.6,96.7,0.532
102.68,31762.1,34496.1,-0.3011,-0.602,146.6,96.7,0.532
102.7,31690.5,34497.0,-0.3978,-0.6008,146.6,96.7,0.532
102.72,31780.4,34646.8,-0.2764,-0.4233,146.6,96.7,0.532
102.74,31981.8,34988.3,-0.0044,-0.0186,146.6,96.7,0.532
102.76,32194.4,35453.8,0.2826,0.533,146.6,96.7,0.532
102.78,32376.9,35658.2,0.5291,0.7751,146.6,96.7,0.532
102.8,32274.7,35722.8,0.3911,0.8517,146.6,96.7,0.532
102.82,32235.1,35648.2,0.3376,0.7633,146.6,96.7,0.532
102.84,32232.5,35577.7,0.3341,0.6798,146.6,96.7,0.532
102.86,32214.3,35253.6,0.3095,0.2957,146.6,96.7,0.532
102.88,32086.3,35218.0,0.1366,0.2535,146.6,96.7,0.532
102.9,32093.7,35040.9,0.1467,0.0436,146.6,96.7,0.532
102.92,32000.4,34928.2,0.0207,-0.0899,146.6,96.7,0.532
102.94,31884.8,35046.6,-0.1354,0.0504,146.6,96.7,0.532
102.96,31985.7,34821.7,0.0009,-0.2161,146.6,96.7,0.532
102.98,31850.5,34802.7,-0.1818,-0.2386,146.6,96.7,0.532
103.0,31905.9,34711.1,-0.107,-0.3472,146.6,96.7,0.532
103.02,31810.8,34641.9,-0.2353,-0.4291,146.6,96.7,0.532
103.04,31872.6,34701.4,-0.1519,-0.3587,146.6,96.7,0.532
103.06,31894.7,34603.7,-0.122,-0.4744,146.6,96.7,0.532
103.08,31682.8,34447.1,-0.4081,-0.66,146.6,96.7,0.532
103.1,31643.3,34430.8,-0.4615,-0.6793,146.6,96.7,0.532
103.12,31802.9,34494.7,-0.246,-0.6036,146.6,96.7,0.532
103.14,31883.3,34830.5,-0.1374,-0.2056,146.6,96.7,0.532
103.16,32072.2,35227.3,0.1177,0.2646,146.6,96.7,0.532
103.18,32214.3,35565.4,0.3095,0.6652,146.6,96.7,0.532
103.2,32346.9,35716.3,0.4885,0.844,146.6,96.7,0.532
103.22,32320.1,35724.7,0.4524,0.854,146.6,96.7,0.532
103.24,32384.9,35583.1,0.5398,0.6862,146.6,96.7,0.532
103.26,32200.1,35384.6,0.2904,0.4509,146.6,96.7,0.532
103.28,32119.9,35243.3,0.1821,0.2835,146.6,96.7,0.532
103.3,32040.3,35064.7,0.0746,0.0719,146.6,96.7,0.532
103.32,32005.9,35046.1,0.0281,0.0498,146.6,96.7,0.532
103.34,32108.8,34983.0,0.1671,-0.025,146.6,96.7,0.532
103.36,32046.6,34899.1,0.083,-0.1244,146.6,96.7,0.532
103.38,31878.8,34797.2,-0.1436,-0.2451,146.6,96.7,0.532
103.4,31862.5,34746.7,-0.1655,-0.305,146.6,96.7,0.532
103.42,31885.2,34677.1,-0.1349,-0.3875,146.6,96.7,0.532
103.44,31912.9,34613.6,-0.0975,-0.4627,146.6,96.7,0.532
103.46,31753.6,34621.3,-0.3125,-0.4536,146.6,96.7,0.532
103.48,31788.7,34584.5,-0.2651,-0.4972,146.6,96.7,0.532
103.5,31751.7,34458.1,-0.3151,-0.647,146.6,96.7,0.532
103.52,31796.0,34460.3,-0.2554,-0.6444,146.6,96.7,0.532
103.54,31807.9,34634.9,-0.2393,-0.4375,146.6,96.7,0.532
103.56,32023.2,34983.9,0.0514,-0.0239,146.6,96.7,0.532
103.58,32201.7,35332.5,0.2924,0.3892,146.6,96.7,0.532
103.6,32323.0,35672.7,0.4563,0.7923,146.6,96.7,0.532
103.62,32397.8,35683.4,0.5573,0.805,146.6,96.7,0.532
103.64,32270.4,35662.1,0.3852,0.7798,146.6,96.7,0.532
103.66,32313.5,35388.0,0.4435,0.4549,146.6,96.7,0.532
103.68,32139.6,35225.9,0.2086,0.2629,146.6,96.7,0.532
103.7,32054.5,35135.2,0.0938,0.1554,146.6,96.7,0.532
103.72,32085.6,35163.8,0.1357,0.1893,146.6,96.7,0.532
103.74,32063.1,34926.9,0.1054,-0.0914,146.6,96.7,0.532
103.76,31972.6,34941.7,-0.0168,-0.0739,146.6,96.7,0.532
103.78,31852.8,34826.5,-0.1787,-0.2104,146.6,96.7,0.532
103.8,31807.3,34745.3,-0.24,-0.3067,146.6,96.7,0.532
103.82,31888.8,34674.5,-0.1301,-0.3905,146.6,96.7,0.532
103.84,31852.2,34646.4,-0.1795,-0.4239,146.6,96.7,0.532
103.86,31920.5,34617.4,-0.0873,-0.4582,146.6,96.7,0.532
103.88,31805.7,34570.9,-0.2422,-0.5134,146.6,96.7,0.532
103.9,31646.5,34531.8,-0.4573,-0.5596,146.6,96.7,0.532
103.92,31709.5,34419.9,-0.3721,-0.6923,146.6,96.7,0.532
103.94,31780.1,34568.8,-0.2768,-0.5158,146.6,96.7,0.532
103.96,31896.9,34758.5,-0.119,-0.291,146.6,96.7,0.532
103.98,32178.4,35205.1,0.261,0.2382,146.6,96.7,0.532
104.0,32284.3,35562.0,0.404,0.6611,146.6,96.7,0.532
104.02,32298.2,35764.8,0.4228,0.9014,146.6,96.7,0.532
104.04,32272.0,35714.7,0.3875,0.8421,146.6,96.7,0.532
104.06,32305.2,35629.8,0.4323,0.7415,146.6,96.7,0.532
104.08,32196.4,35365.4,0.2853,0.4282,146.6,96.7,0.532
104.1,32037.7,35176.6,0.071,0.2045,146.6,96.7,0.532
104.12,32045.4,35152.0,0.0815,0.1753,146.6,96.7,0.532
104.14,31983.1,34992.1,-0.0027,-0.0142,146.6,96.7,0.532
104.16,31924.3,34930.9,-0.0821,-0.0867,146.6,96.7,0.532
104.18,31866.9,34792.5,-0.1596,-0.2507,146.6,96.7,0.532
104.2,31900.8,34700.7,-0.1138,-0.3595,146.6,96.7,0.532
104.22,31814.6,34705.2,-0.2302,-0.3542,146.6,96.7,0.532
104.24,31842.4,34604.6,-0.1927,-0.4734,146.6,96.7,0.532
104.26,31784.1,34653.4,-0.2713,-0.4156,146.6,96.7,0.532
104.28,31885.8,34594.4,-0.134,-0.4854,146.6,96.7,0.532
104.3,31780.4,34493.9,-0.2764,-0.6046,146.6,96.7,0.532
104.32,31750.0,34469.6,-0.3174,-0.6334,146.6,96.7,0.532
104.34,31834.9,34463.0,-0.2028,-0.6411,146.6,96.7,0.532
104.36,31889.9,34672.2,-0.1285,-0.3933,146.6,96.7,0.532
104.38,32065.0,35079.0,0.1079,0.0888,146.6,96.7,0.532
104.4,32210.9,35424.7,0.3049,0.4985,146.6,96.7,0.532
104.42,32357.0,35654.8,0.5023,0.7712,146.6,96.7,0.532
104.44,32244.8,35792.4,0.3507,0.9342,146.6,96.7,0.532
104.46,32265.3,35710.6,0.3784,0.8373,146.6,96.7,0.532
104.48,32215.4,35490.8,0.311,0.5768,146.6,96.7,0.532
104.5,32145.0,35324.6,0.2159,0.3798,146.6,96.7,0.532
104.52,32119.8,35149.0,0.182,0.1718,146.6,96.7,0.532
104.54,32113.0,35088.0,0.1728,0.0995,146.6,96.7,0.532
104.56,31996.4,35057.3,0.0153,0.0631,146.6,96.7,0.532
104.58,31972.0,34940.3,-0.0176,-0.0756,146.6,96.7,0.532
104.6,32033.2,34825.2,0.0649,-0.212,146.6,96.7,0.532
104.62,31865.4,34745.6,-0.1616,-0.3063,146.6,96.7,0.532
104.64,31899.3,34704.4,-0.1159,-0.3552,146.6,96.7,0.532
104.66,31835.5,34654.9,-0.202,-0.4138,146.6,96.7,0.532
104.68,31781.9,34609.4,-0.2743,-0.4677,146.6,96.7,0.532
104.7,31773.3,34598.9,-0.286,-0.4801,146.6,96.7,0.532
104.72,31718.6,34476.0,-0.3598,-0.6257,146.6,96.7,0.532
104.74,31721.5,34472.4,-0.356,-0.63,146.6,96.7,0.532
104.76,31842.8,34528.3,-0.1921,-0.5638,146.6,96.7,0.532
104.78,31999.9,34869.0,0.02,-0.16,146.6,96.7,0.532
104.8,32049.9,35250.2,0.0876,0.2916,146.6,96.7,0.532
104.82,32312.0,35642.4,0.4414,0.7565,146.6,96.7,0.532
104.84,32430.3,35743.5,0.6012,0.8762,146.6,96.7,0.532
104.86,32345.8,35719.1,0.4872,0.8473,146.6,96.7,0.532
104.88,32246.2,35604.8,0.3526,0.7119,146.6,96.7,0.532
104.9,32152.3,35301.2,0.2258,0.3521,146.6,96.7,0.532
104.92,32083.2,35179.1,0.1326,0.2075,146.6,96.7,0.532
104.94,32068.9,35187.1,0.1132,0.2169,146.6,96.7,0.532
104.96,32040.6,35025.1,0.0749,0.0249,146.6,96.7,0.532
104.98,32023.4,34968.1,0.0518,-0.0426,146.6,96.7,0.532
105.0,31912.8,34885.2,-0.0976,-0.1408,146.6,96.7,0.532
105.02,31803.5,34731.5,-0.2452,-0.323,146.6,96.7,0.532
105.04,31923.5,34664.2,-0.0831,-0.4028,146.6,96.7,0.532
105.06,31810.1,34640.2,-0.2363,-0.4312,146.6,96.7,0.532
105.08,31844.9,34728.0,-0.1893,-0.3271,146.6,96.7,0.532
105.1,31942.8,34672.2,-0.0571,-0.3933,146.6,96.7,0.532
105.12,31773.8,34581.4,-0.2853,-0.5009,146.6,96.7,0.532
105.14,31766.5,34543.5,-0.2952,-0.5458,146.6,96.7,0.532
105.16,31775.8,34480.5,-0.2827,-0.6204,146.6,96.7,0.532
105.18,31827.8,34666.1,-0.2124,-0.4005,146.6,96.7,0.532
105.2,32017.1,35000.5,0.0432,-0.0043,146.6,96.7,0.532
105.22,32226.5,35511.0,0.3259,0.6007,146.6,96.7,0.532
105.24,32296.5,35853.2,0.4206,1.0062,146.6,96.7,0.532
105.26,32395.5,35676.0,0.5542,0.7963,146.6,96.7,0.532
105.28,32416.0,35658.1,0.5818,0.7751,146.6,96.7,0.532
105.3,32152.1,35442.0,0.2255,0.519,146.6,96.7,0.532
105.32,32150.0,35292.2,0.2227,0.3415,146.6,96.7,0.532
105.34,32083.1,35102.6,0.1324,0.1168,146.6,96.7,0.532
105.36,31990.7,35014.9,0.0076,0.0129,146.6,96.7,0.532
105.38,32034.7,35110.1,0.067,0.1257,146.6,96.7,0.532
105.4,31940.3,34908.1,-0.0605,-0.1137,146.6,96.7,0.532
105.42,31889.8,34797.4,-0.1286,-0.2449,146.6,96.7,0.532
105.44,31874.5,34791.6,-0.1493,-0.2517,146.6,96.7,0.532
105.46,31869.6,34755.7,-0.1559,-0.2943,146.6,96.7,0.532
105.48,31887.1,34601.4,-0.1324,-0.4771,146.6,96.7,0.532
105.5,31895.6,34653.2,-0.1209,-0.4157,146.6,96.7,0.532
105.52,31783.2,34626.7,-0.2726,-0.4471,146.6,96.7,0.532
105.54,31772.0,34474.1,-0.2877,-0.628,146.6,96.7,0.532
105.56,31754.7,34495.6,-0.3111,-0.6025,146.6,96.7,0.532
105.58,31804.2,34530.1,-0.2443,-0.5616,146.6,96.7,0.532
105.6,31989.6,34772.8,0.0061,-0.274,146.6,96.7,0.532
105.62,32105.1,35293.2,0.1621,0.3426,146.6,96.7,0.532
105.64,32293.4,35633.5,0.4164,0.7459,146.6,96.7,0.532
105.66,32386.1,35713.8,0.5414,0.8411,146.6,96.7,0.532
105.68,32297.7,35721.4,0.4222,0.8501,146.6,96.7,0.532
105.7,32287.2,35531.1,0.4079,0.6246,146.6,96.7,0.532
105.72,32156.3,35379.9,0.2312,0.4454,146.6,96.7,0.532
105.74,32111.0,35269.8,0.1701,0.3149,146.6,96.7,0.532
105.76,32141.9,35045.2,0.2117,0.0488,146.6,96.7,0.532
105.78,32053.7,34949.5,0.0926,-0.0647,146.6,96.7,0.532
105.8,31979.1,34994.3,-0.008,-0.0116,146.6,96.7,0.532
105.82,31851.3,34945.9,-0.1806,-0.0689,146.6,96.7,0.532
105.84,31912.3,34820.0,-0.0983,-0.2181,146.6,96.7,0.532
105.86,31914.2,34778.2,-0.0957,-0.2677,146.6,96.7,0.532
105.88,31841.3,34640.6,-0.1941,-0.4308,146.6,96.7,0.532
105.9,31811.9,34644.4,-0.2338,-0.4262,146.6,96.7,0.532
105.92,31735.0,34588.4,-0.3377,-0.4925,146.6,96.7,0.532
105.94,31862.0,34535.4,-0.1662,-0.5554,146.6,96.7,0.532
105.96,31697.9,34511.4,-0.3878,-0.5838,146.6,96.7,0.532
105.98,31791.3,34529.9,-0.2617,-0.5619,146.6,96.7,0.532
106.0,31809.2,34734.3,-0.2375,-0.3197,146.6,96.7,0.532
106.02,32060.3,35125.0,0.1015,0.1433,146.6,96.7,0.532
106.04,32232.9,35542.6,0.3347,0.6382,146.6,96.7,0.532
106.06,32354.1,35689.8,0.4983,0.8126,146.6,96.7,0.532
106.08,32352.5,35732.7,0.4961,0.8634,146.6,96.7,0.532
106.1,32363.2,35635.0,0.5106,0.7477,146.6,96.7,0.532
106.12,32297.7,35302.6,0.4222,0.3538,146.6,96.7,0.532
106.14,32155.9,35240.7,0.2306,0.2805,146.6,96.7,0.532
106.16,32032.8,35065.5,0.0644,0.0727,146.6,96.7,0.532
106.18,32021.5,35007.8,0.0492,0.0045,146.6,96.7,0.532
106.2,32067.4,34930.6,0.1111,-0.087,146.6,96.7,0.532
106.22,32035.1,34913.7,0.0675,-0.107,146.6,96.7,0.532
106.24,31971.2,34790.6,-0.0187,-0.253,146.6,96.7,0.532
106.26,31855.4,34780.5,-0.1751,-0.2649,146.6,96.7,0.532
106.28,31822.2,34628.1,-0.22,-0.4456,146.6,96.7,0.532
106.3,31924.4,34645.4,-0.082,-0.425,146.6,96.7,0.532
106.32,31720.7,34579.7,-0.3571,-0.5028,146.6,96.7,0.532
106.34,31780.2,34515.3,-0.2766,-0.5792,146.6,96.7,0.532
106.36,31698.7,34532.0,-0.3867,-0.5594,146.6,96.7,0.532
106.38,31779.0,34481.3,-0.2783,-0.6195,146.6,96.7,0.532
106.4,31878.8,34640.2,-0.1435,-0.4312,146.6,96.7,0.532
106.42,32060.3,34899.2,0.1015,-0.1243,146.6,96.7,0.532
106.44,32153.7,35339.3,0.2277,0.3973,146.6,96.7,0.532
106.46,32306.9,35603.8,0.4346,0.7107,146.6,96.7,0.532
106.48,32345.5,35736.6,0.4867,0.8681,146.6,96.7,0.532
106.5,32345.5,35659.0,0.4866,0.7761,146.6,96.7,0.532
106.52,32211.1,35445.1,0.3051,0.5227,146.6,96.7,0.532
106.54,32144.3,35390.6,0.215,0.4581,146.6,96.7,0.532
106.56,32145.7,35262.0,0.2169,0.3056,146.6,96.7,0.532
106.58,32079.6,35121.8,0.1276,0.1395,146.6,96.7,0.532
106.6,31958.9,35043.2,-0.0353,0.0464,146.6,96.7,0.532
106.62,32021.2,35017.1,0.0487,0.0155,146.6,96.7,0.532
106.64,31943.2,34972.3,-0.0566,-0.0376,146.6,96.7,0.532
106.66,31836.5,34758.8,-0.2006,-0.2907,146.6,96.7,0.532
106.68,31871.3,34767.5,-0.1536,-0.2803,146.6,96.7,0.532
106.7,31846.1,34739.4,-0.1877,-0.3137,146.6,96.7,0.532
106.72,31843.1,34694.5,-0.1917,-0.3668,146.6,96.7,0.532
106.74,31825.1,34616.6,-0.216,-0.4591,146.6,96.7,0.532
106.76,31692.3,34488.5,-0.3953,-0.6109,146.6,96.7,0.532
106.78,31807.8,34474.3,-0.2394,-0.6278,146.6,96.7,0.532
106.8,31751.6,34557.7,-0.3153,-0.5289,146.6,96.7,0.532
106.82,31923.6,34883.2,-0.0831,-0.1433,146.6,96.7,0.532
106.84,32059.1,35187.6,0.0999,0.2175,146.6,96.7,0.532
106.86,32206.2,35476.9,0.2986,0.5604,146.6,96.7,0.532
106.88,32294.1,35669.2,0.4173,0.7882,146.6,96.7,0.532
106.9,32389.7,35747.6,0.5464,0.8811,146.6,96.7,0.532
106.92,32316.3,35612.3,0.4473,0.7208,146.6,96.7,0.532
106.94,32342.7,35427.1,0.483,0.5013,146.6,96.7,0.532
106.96,32118.8,35218.2,0.1806,0.2537,146.6,96.7,0.532
106.98,32031.3,35144.0,0.0624,0.1658,146.6,96.7,0.532
107.0,32081.5,35016.7,0.1302,0.015,146.6,96.7,0.532
107.02,32050.6,35033.1,0.0885,0.0344,146.6,96.7,0.532
107.04,32006.5,34983.8,0.0289,-0.024,146.6,96.7,0.532
107.06,31900.0,34709.7,-0.1149,-0.3488,146.6,96.7,0.532
107.08,31890.4,34660.3,-0.1278,-0.4074,146.6,96.7,0.532
107.1,31826.8,34628.5,-0.2137,-0.445,146.6,96.7,0.532
107.12,31835.3,34687.7,-0.2022,-0.3749,146.6,96.7,0.532
107.14,31814.7,34646.3,-0.23,-0.424,146.6,96.7,0.532
107.16,31809.2,34459.8,-0.2375,-0.6449,146.6,96.7,0.532
107.18,31755.1,34422.5,-0.3105,-0.6892,146.6,96.7,0.532
107.2,31792.9,34444.9,-0.2594,-0.6626,146.6,96.7,0.532
107.22,31839.8,34661.3,-0.1962,-0.4062,146.6,96.7,0.532
107.24,32002.7,34822.0,0.0238,-0.2157,146.6,96.7,0.532
107.26,32191.0,35308.8,0.2781,0.3611,146.6,96.7,0.532
107.28,32300.0,35594.1,0.4252,0.6992,146.6,96.7,0.532
107.3,32345.4,35854.7,0.4866,1.008,146.6,96.7,0.532
107.32,32369.3,35722.2,0.5188,0.851,146.6,96.7,0.532
107.34,32306.3,35478.5,0.4338,0.5622,146.6,96.7,0.532
107.36,32162.5,35343.8,0.2396,0.4026,146.6,96.7,0.532
107.38,32211.2,35191.1,0.3054,0.2216,146.6,96.7,0.532
107.4,32091.3,35110.6,0.1434,0.1262,146.6,96.7,0.532
107.42,32044.6,34986.4,0.0804,-0.0209,146.6,96.7,0.532
107.44,32066.3,34921.9,0.1097,-0.0973,146.6,96.7,0.532
107.46,31907.7,34842.8,-0.1045,-0.1911,146.6,96.7,0.532
107.48,31787.2,34727.4,-0.2673,-0.3279,146.6,96.7,0.532
107.5,31853.3,34675.5,-0.1779,-0.3894,146.6,96.7,0.532
107.52,31860.9,34686.4,-0.1677,-0.3764,146.6,96.7,0.532
107.54,31893.6,34629.1,-0.1235,-0.4444,146.6,96.7,0.532
107.56,31757.4,34575.1,-0.3074,-0.5083,146.6,96.7,0.532
107.58,31698.0,34458.3,-0.3876,-0.6468,146.6,96.7,0.532
107.6,31683.2,34521.0,-0.4077,-0.5724,146.6,96.7,0.532
107.62,31682.2,34506.1,-0.409,-0.5901,146.6,96.7,0.532
107.64,31872.4,34816.4,-0.1521,-0.2224,146.6,96.7,0.532
107.66,32010.2,35117.1,0.034,0.1339,146.6,96.7,0.532
107.68,32231.3,35455.1,0.3325,0.5344,146.6,96.7,0.532
107.7,32330.4,35867.0,0.4663,1.0226,146.6,96.7,0.532
107.72,32375.3,35657.6,0.5269,0.7745,146.6,96.7,0.532
107.74,32336.5,35576.0,0.4745,0.6778,146.6,96.7,0.532
107.76,32208.1,35435.1,0.3012,0.5108,146.6,96.7,0.532
107.78,32174.9,35224.5,0.2563,0.2612,146.6,96.7,0.532
107.8,32032.9,35044.5,0.0645,0.048,146.6,96.7,0.532
107.82,32008.5,34961.0,0.0316,-0.051,146.6,96.7,0.532
107.84,31954.8,35123.4,-0.0409,0.1414,146.6,96.7,0.532
107.86,31982.7,34941.3,-0.0032,-0.0744,146.6,96.7,0.532
107.88,31894.3,34782.1,-0.1225,-0.2631,146.6,96.7,0.532
107.9,31811.7,34670.8,-0.2341,-0.3949,146.6,96.7,0.532
107.92,31865.3,34635.9,-0.1618,-0.4362,146.6,96.7,0.532
107.94,31867.0,34633.8,-0.1595,-0.4388,146.6,96.7,0.532
107.96,31751.8,34740.7,-0.315,-0.3121,146.6,96.7,0.532
107.98,31690.0,34407.1,-0.3985,-0.7074,146.6,96.7,0.532
108.0,31703.1,34432.5,-0.3807,-0.6773,146.6,96.7,0.532
108.02,31726.2,34491.5,-0.3496,-0.6074,146.6,96.7,0.532
108.04,31824.1,34636.4,-0.2173,-0.4357,146.6,96.7,0.532
108.06,31993.9,35011.5,0.0119,0.0088,146.6,96.7,0.532
108.08,32165.9,35408.6,0.2442,0.4794,146.6,96.7,0.532
108.1,32341.5,35640.3,0.4813,0.7539,146.6,96.7,0.532
108.12,32322.4,35818.8,0.4555,0.9654,146.6,96.7,0.532
108.14,32269.5,35705.9,0.3841,0.8316,146.6,96.7,0.532
108.16,32259.6,35528.2,0.3707,0.6211,146.6,96.7,0.532
108.18,32035.7,35307.7,0.0683,0.3599,146.6,96.7,0.532
108.2,32075.4,35251.4,0.122,0.2931,146.6,96.7,0.532
108.22,32071.9,35145.3,0.1172,0.1674,146.6,96.7,0.532
108.24,32061.4,35050.5,0.1031,0.055,146.6,96.7,0.532
108.26,32044.2,34989.6,0.0798,-0.0172,146.6,96.7,0.532
108.28,31976.7,34886.2,-0.0114,-0.1396,146.6,96.7,0.532
108.3,31804.9,34749.2,-0.2433,-0.302,146.6,96.7,0.532
108.32,31838.4,34654.9,-0.1981,-0.4137,146.6,96.7,0.532
108.34,31840.1,34691.0,-0.1958,-0.371,146.6,96.7,0.532
108.36,31840.3,34709.2,-0.1955,-0.3494,146.6,96.7,0.532
108.38,31784.7,34513.7,-0.2706,-0.581,146.6,96.7,0.532
108.4,31851.1,34499.2,-0.181,-0.5983,146.6,96.7,0.532
108.42,31704.0,34505.9,-0.3795,-0.5903,146.6,96.7,0.532
108.44,31754.6,34531.0,-0.3112,-0.5606,146.6,96.7,0.532
108.46,31927.4,34821.0,-0.0779,-0.2169,146.6,96.7,0.532
108.48,32109.5,35289.4,0.168,0.3382,146.6,96.7,0.532
108.5,32182.3,35545.7,0.2663,0.6419,146.6,96.7,0.532
108.52,32321.1,35807.4,0.4538,0.9519,146.6,96.7,0.532
108.54,32325.7,35712.5,0.4599,0.8395,146.6,96.7,0.532
108.56,32251.4,35579.8,0.3597,0.6822,146.6,96.7,0.532
108.58,32161.1,35317.5,0.2376,0.3715,146.6,96.7,0.532
108.6,32129.8,35173.0,0.1954,0.2002,146.6,96.7,0.532
108.62,32063.4,35156.5,0.1058,0.1807,146.6,96.7,0.532
108.64,32054.4,35157.8,0.0936,0.1822,146.6,96.7,0.532
108.66,31940.9,35033.1,-0.0596,0.0344,146.6,96.7,0.532
108.68,31966.2,34918.1,-0.0255,-0.1018,146.6,96.7,0.532
108.7,31928.6,34723.9,-0.0763,-0.332,146.6,96.7,0.532
108.72,31848.9,34737.5,-0.1839,-0.3159,146.6,96.7,0.532
108.74,31789.6,34662.5,-0.264,-0.4047,146.6,96.7,0.532
108.76,31872.9,34632.6,-0.1515,-0.4402,146.6,96.7,0.532
108.78,31970.5,34577.5,-0.0196,-0.5055,146.6,96.7,0.532
108.8,31823.3,34503.9,-0.2185,-0.5927,146.6,96.7,0.532
108.82,31724.0,34498.6,-0.3525,-0.599,146.6,96.7,0.532
108.84,31643.0,34499.2,-0.4619,-0.5983,146.6,96.7,0.532
108.86,31868.3,34665.1,-0.1577,-0.4017,146.6,96.7,0.532
108.88,31901.5,34941.9,-0.1129,-0.0737,146.6,96.7,0.532
108.9,32229.1,35434.2,0.3296,0.5097,146.6,96.7,0.532
108.92,32350.2,35612.8,0.4931,0.7214,146.6,96.7,0.532
108.94,32424.4,35740.6,0.5932,0.8728,146.6,96.7,0.532
108.96,32358.2,35792.4,0.5039,0.9342,146.6,96.7,0.532
108.98,32178.5,35457.2,0.2612,0.537,146.6,96.7,0.532
109.0,32189.4,35276.0,0.2758,0.3223,146.6,96.7,0.532
109.02,32050.0,35093.7,0.0877,0.1062,146.6,96.7,0.532
109.04,32128.8,35078.3,0.194,0.088,146.6,96.7,0.532
109.06,32112.9,35034.0,0.1726,0.0355,146.6,96.7,0.532
109.08,31963.2,34909.5,-0.0296,-0.1121,146.6,96.7,0.532
109.1,31926.4,34848.3,-0.0793,-0.1846,146.6,96.7,0.532
109.12,31772.1,34708.5,-0.2877,-0.3502,146.6,96.7,0.532
109.14,31862.9,34711.3,-0.165,-0.3469,146.6,96.7,0.532
109.16,31822.1,34741.6,-0.2201,-0.311,146.6,96.7,0.532
109.18,31849.8,34619.2,-0.1827,-0.4561,146.6,96.7,0.532
109.2,31705.3,34577.6,-0.3778,-0.5053,146.6,96.7,0.532
109.22,31737.4,34553.2,-0.3344,-0.5343,146.6,96.7,0.532
109.24,31676.1,34419.2,-0.4172,-0.693,146.6,96.7,0.532
109.26,31752.9,34606.0,-0.3135,-0.4717,146.6,96.7,0.532
109.28,31839.4,34879.7,-0.1967,-0.1473,146.6,96.7,0.532
109.3,32145.2,35208.2,0.2162,0.2419,146.6,96.7,0.532
109.32,32319.5,35616.8,0.4515,0.7261,146.6,96.7,0.532
109.34,32364.9,35721.4,0.5129,0.85,146.6,96.7,0.532
109.36,32362.1,35785.5,0.5091,0.926,146.6,96.7,0.532
109.38,32267.5,35517.5,0.3814,0.6085,146.6,96.7,0.532
109.4,32276.9,35365.4,0.3941,0.4282,146.6,96.7,0.532
109.42,32159.2,35170.8,0.2351,0.1976,146.6,96.7,0.532
109.44,32048.8,35072.8,0.086,0.0815,146.6,96.7,0.532
109.46,31980.1,35038.5,-0.0067,0.0409,146.6,96.7,0.532
109.48,31940.1,34985.0,-0.0608,-0.0226,146.6,96.7,0.532
109.5,31876.9,34862.1,-0.1461,-0.1682,146.6,96.7,0.532
109.52,31889.7,34796.1,-0.1288,-0.2464,146.6,96.7,0.532
109.54,31797.1,34790.2,-0.2538,-0.2534,146.6,96.7,0.532
109.56,31947.4,34702.4,-0.0509,-0.3575,146.6,96.7,0.532
109.58,31886.4,34722.3,-0.1333,-0.3339,146.6,96.7,0.532
109.6,31783.2,34547.1,-0.2726,-0.5415,146.6,96.7,0.532
109.62,31674.5,34521.8,-0.4194,-0.5714,146.6,96.7,0.532
109.64,31751.8,34408.5,-0.315,-0.7057,146.6,96.7,0.532
109.66,31645.8,34444.6,-0.4581,-0.663,146.6,96.7,0.532
109.68,31841.0,34609.0,-0.1945,-0.4682,146.6,96.7,0.532
109.7,31941.0,35011.0,-0.0596,0.0082,146.6,96.7,0.532
109.72,32233.7,35414.1,0.3357,0.4858,146.6,96.7,0.532
109.74,32376.4,35705.5,0.5284,0.8312,146.6,96.7,0.532
109.76,32343.0,35655.5,0.4833,0.772,146.6,96.7,0.532
109.78,32309.9,35722.1,0.4386,0.8509,146.6,96.7,0.532
109.8,32206.8,35453.7,0.2993,0.5328,146.6,96.7,0.532
109.82,32171.7,35344.5,0.252,0.4034,146.6,96.7,0.532
109.84,32048.6,35230.7,0.0858,0.2686,146.6,96.7,0.532
109.86,32083.8,35113.0,0.1333,0.1291,146.6,96.7,0.532
109.88,32081.1,35053.6,0.1296,0.0587,146.6,96.7,0.532
109.9,31952.2,34920.7,-0.0444,-0.0987,146.6,96.7,0.532
109.92,31930.5,34708.9,-0.0737,-0.3498,146.6,96.7,0.532
109.94,31822.8,34700.5,-0.2192,-0.3598,146.6,96.7,0.532
109.96,31854.9,34644.0,-0.1757,-0.4267,146.6,96.7,0.532
109.98,31873.6,34675.1,-0.1505,-0.3899,146.6,96.7,0.532
110.0,31765.6,34636.4,-0.2963,-0.4356,146.6,96.7,0.532
110.02,31854.3,34542.6,-0.1766,-0.5469,146.6,96.7,0.532
110.04,31805.0,34420.3,-0.2432,-0.6918,146.6,96.7,0.532
110.06,31652.7,34564.1,-0.4489,-0.5213,146.6,96.7,0.532
110.08,31829.9,34557.8,-0.2096,-0.5288,146.6,96.7,0.532
110.1,31911.0,34801.7,-0.1001,-0.2398,146.6,96.7,0.532
110.12,32164.6,35247.1,0.2424,0.288,146.6,96.7,0.532
110.14,32237.7,35643.2,0.3412,0.7574,146.6,96.7,0.532
110.16,32321.6,35686.4,0.4545,0.8086,146.6,96.7,0.532
110.18,32464.5,35711.8,0.6474,0.8386,146.6,96.7,0.532
110.2,32261.0,35534.4,0.3725,0.6285,146.6,96.7,0.532
110.22,32261.4,35262.3,0.3731,0.306,146.6,96.7,0.532
110.24,32121.3,35248.8,0.184,0.29,146.6,96.7,0.532
110.26,32184.9,35162.9,0.2698,0.1882,146.6,96.7,0.532
110.28,32001.2,35063.2,0.0217,0.0701,146.6,96.7,0.532
110.3,32004.8,34987.2,0.0266,-0.0199,146.6,96.7,0.532
110.32,31905.4,34960.6,-0.1076,-0.0515,146.6,96.7,0.532
110.34,31852.0,34797.8,-0.1797,-0.2444,146.6,96.7,0.532
110.36,31860.1,34735.0,-0.1688,-0.3188,146.6,96.7,0.532
110.38,31905.1,34751.6,-0.1081,-0.2992,146.6,96.7,0.532
110.4,31731.5,34576.0,-0.3424,-0.5073,146.6,96.7,0.532
110.42,31818.0,34709.6,-0.2256,-0.349,146.6,96.7,0.532
110.44,31737.7,34602.6,-0.3341,-0.4758,146.6,96.7,0.532
110.46,31768.2,34384.1,-0.2929,-0.7347,146.6,96.7,0.532
110.48,31805.3,34404.7,-0.2428,-0.7103,146.6,96.7,0.532
110.5,31951.3,34699.3,-0.0456,-0.3612,146.6,96.7,0.532
110.52,31955.0,35095.3,-0.0407,0.1081,146.6,96.7,0.532
110.54,32188.5,35476.7,0.2746,0.5601,146.6,96.7,0.532
110.56,32354.8,35671.6,0.4993,0.7911,146.6,96.7,0.532
110.58,32428.1,35668.6,0.5982,0.7874,146.6,96.7,0.532
110.6,32266.6,35644.1,0.3801,0.7584,146.6,96.7,0.532
110.62,32177.3,35438.1,0.2596,0.5143,146.6,96.7,0.532
110.64,32130.7,35152.5,0.1967,0.1759,146.6,96.7,0.532
110.66,32078.9,35150.6,0.1267,0.1737,146.6,96.7,0.532
110.68,32037.7,35098.0,0.0711,0.1114,146.6,96.7,0.532
110.7,32071.0,34981.9,0.116,-0.0263,146.6,96.7,0.532
110.72,31965.6,34929.6,-0.0264,-0.0883,146.6,96.7,0.532
110.74,31943.4,34868.9,-0.0563,-0.1602,146.6,96.7,0.532
110.76,31897.5,34739.2,-0.1182,-0.3139,146.6,96.7,0.532
110.78,31932.2,34744.1,-0.0714,-0.3081,146.6,96.7,0.532
110.8,31874.3,34660.3,-0.1496,-0.4074,146.6,96.7,0.532
110.82,31854.3,34609.7,-0.1766,-0.4674,146.6,96.7,0.532
110.84,31792.5,34589.1,-0.2601,-0.4917,146.6,96.7,0.532
110.86,31678.5,34500.2,-0.414,-0.5971,146.6,96.7,0.532
110.88,31779.6,34504.4,-0.2775,-0.5921,146.6,96.7,0.532
110.9,31761.8,34510.6,-0.3015,-0.5848,146.6,96.7,0.532
110.92,31921.5,34844.7,-0.0859,-0.1889,146.6,96.7,0.532
110.94,32151.9,35180.3,0.2253,0.2088,146.6,96.7,0.532
110.96,32287.9,35513.5,0.4089,0.6037,146.6,96.7,0.532
110.98,32466.5,35727.4,0.6501,0.8572,146.6,96.7,0.532
111.0,32335.4,35742.0,0.4731,0.8745,146.6,96.7,0.532
111.02,32251.2,35550.8,0.3594,0.6479,146.6,96.7,0.532
111.04,32178.9,35335.0,0.2618,0.3921,146.6,96.7,0.532
111.06,32169.9,35176.0,0.2496,0.2037,146.6,96.7,0.532
111.08,32170.8,35075.5,0.2508,0.0846,146.6,96.7,0.532
111.1,32036.4,35069.4,0.0693,0.0774,146.6,96.7,0.532
111.12,32019.2,34983.8,0.0461,-0.024,146.6,96.7,0.532
111.14,31912.5,34977.0,-0.098,-0.0321,146.6,96.7,0.532
111.16,31918.4,34707.6,-0.09,-0.3514,146.6,96.7,0.532
111.18,31909.5,34767.7,-0.1021,-0.2801,146.6,96.7,0.532
111.2,31833.7,34608.4,-0.2045,-0.4689,146.6,96.7,0.532
111.22,31784.9,34621.3,-0.2703,-0.4536,146.6,96.7,0.532
111.24,31774.8,34573.0,-0.284,-0.5108,146.6,96.7,0.532
111.26,31724.9,34533.7,-0.3513,-0.5574,146.6,96.7,0.532
111.28,31696.6,34519.6,-0.3895,-0.5741,146.6,96.7,0.532
111.3,31774.1,34481.8,-0.2849,-0.6189,146.6,96.7,0.532
111.32,31870.7,34664.6,-0.1545,-0.4023,146.6,96.7,0.532
111.34,31972.0,35111.6,-0.0177,0.1274,146.6,96.7,0.532
111.36,32156.2,35393.4,0.231,0.4614,146.6,96.7,0.532
111.38,32196.0,35638.4,0.2848,0.7517,146.6,96.7,0.532
111.4,32411.9,35744.4,0.5764,0.8773,146.6,96.7,0.532
111.42,32296.8,35589.2,0.421,0.6933,146.6,96.7,0.532
111.44,32134.4,35382.3,0.2016,0.4482,146.6,96.7,0.532
111.46,32162.1,35228.4,0.239,0.2659,146.6,96.7,0.532
111.48,32086.6,35046.7,0.137,0.0505,146.6,96.7,0.532
111.5,32005.9,35113.7,0.0281,0.1299,146.6,96.7,0.532
111.52,32033.4,34984.9,0.0653,-0.0228,146.6,96.7,0.532
111.54,32054.4,34978.9,0.0936,-0.0299,146.6,96.7,0.532
111.56,31872.2,34749.6,-0.1525,-0.3015,146.6,96.7,0.532
111.58,31890.0,34724.4,-0.1284,-0.3314,146.6,96.7,0.532
111.6,31867.5,34839.1,-0.1588,-0.1955,146.6,96.7,0.532
111.62,31917.2,34701.6,-0.0916,-0.3585,146.6,96.7,0.532
111.64,31852.0,34623.1,-0.1797,-0.4515,146.6,96.7,0.532
111.66,31854.4,34459.0,-0.1764,-0.646,146.6,96.7,0.532
111.68,31763.6,34468.3,-0.2991,-0.6349,146.6,96.7,0.532
111.7,31702.8,34567.7,-0.3812,-0.5171,146.6,96.7,0.532
111.72,31889.9,34535.4,-0.1285,-0.5554,146.6,96.7,0.532
111.74,31862.4,34888.8,-0.1657,-0.1366,146.6,96.7,0.532
111.76,32153.0,35272.6,0.2268,0.3182,146.6,96.7,0.532
111.78,32233.1,35618.8,0.3348,0.7285,146.6,96.7,0.532
111.8,32373.6,35761.1,0.5246,0.8971,146.6,96.7,0.532
111.82,32314.3,35769.1,0.4446,0.9065,146.6,96.7,0.532
111.84,32238.9,35546.6,0.3427,0.6429,146.6,96.7,0.532
111.86,32107.7,35320.5,0.1656,0.375,146.6,96.7,0.532
111.88,32155.4,35130.4,0.2299,0.1497,146.6,96.7,0.532
111.9,32053.1,35045.3,0.0919,0.0488,146.6,96.7,0.532
111.92,31910.7,35038.2,-0.1004,0.0404,146.6,96.7,0.532
111.94,31943.1,34970.7,-0.0567,-0.0395,146.6,96.7,0.532
111.96,31893.2,34906.1,-0.1241,-0.1161,146.6,96.7,0.532
111.98,31863.5,34774.4,-0.1641,-0.2721,146.6,96.7,0.532
112.0,31826.5,34779.7,-0.2141,-0.2659,146.6,96.7,0.532
112.02,31759.5,34627.5,-0.3047,-0.4463,146.6,96.7,0.532
112.04,31854.4,34762.0,-0.1765,-0.2869,146.6,96.7,0.532
112.06,31901.6,34614.0,-0.1128,-0.4622,146.6,96.7,0.532
112.08,31754.9,34524.8,-0.3108,-0.5679,146.6,96.7,0.532
112.1,31768.6,34366.3,-0.2923,-0.7558,146.6,96.7,0.532
112.12,31712.0,34495.0,-0.3688,-0.6032,146.6,96.7,0.532
112.14,31833.6,34718.8,-0.2045,-0.338,146.6,96.7,0.532
112.16,31952.8,34969.5,-0.0436,-0.041,146.6,96.7,0.532
112.18,32165.0,35518.2,0.243,0.6093,146.6,96.7,0.532
112.2,32329.6,35655.0,0.4652,0.7714,146.6,96.7,0.532
112.22,32399.2,35743.7,0.5592,0.8765,146.6,96.7,0.532
112.24,32280.3,35708.3,0.3986,0.8345,146.6,96.7,0.532
112.26,32174.2,35483.8,0.2553,0.5684,146.6,96.7,0.532
112.28,32093.0,35237.5,0.1457,0.2767,146.6,96.7,0.532
112.3,32044.9,35073.2,0.0807,0.0819,146.6,96.7,0.532
112.32,32019.2,35101.4,0.0461,0.1153,146.6,96.7,0.532
112.34,32003.4,35058.8,0.0247,0.0649,146.6,96.7,0.532
112.36,31905.3,34882.7,-0.1078,-0.1439,146.6,96.7,0.532
112.38,31799.0,34815.5,-0.2513,-0.2234,146.6,96.7,0.532
112.4,31825.0,34760.4,-0.2162,-0.2888,146.6,96.7,0.532
112.42,31803.5,34773.9,-0.2453,-0.2727,146.6,96.7,0.532
112.44,31801.7,34594.8,-0.2477,-0.485,146.6,96.7,0.532
112.46,31885.9,34646.5,-0.1339,-0.4237,146.6,96.7,0.532
112.48,31753.4,34562.0,-0.3129,-0.5239,146.6,96.7,0.532
112.5,31739.7,34482.3,-0.3314,-0.6182,146.6,96.7,0.532
112.52,31866.4,34318.6,-0.1602,-0.8123,146.6,96.7,0.532
112.54,31830.4,34654.4,-0.2089,-0.4144,146.6,96.7,0.532
112.56,31992.1,34879.2,0.0094,-0.1479,146.6,96.7,0.532
112.58,32164.9,35208.2,0.2428,0.2419,146.6,96.7,0.532
112.6,32324.6,35516.2,0.4584,0.6068,146.6,96.7,0.532
112.62,32416.4,35764.2,0.5825,0.9007,146.6,96.7,0.532
112.64,32333.6,35669.4,0.4706,0.7885,146.6,96.7,0.532
112.66,32296.2,35489.0,0.4201,0.5746,146.6,96.7,0.532
112.68,32098.4,35272.5,0.153,0.3181,146.6,96.7,0.532
112.7,32106.9,35188.5,0.1645,0.2186,146.6,96.7,0.532
112.72,32050.3,35058.5,0.0881,0.0645,146.6,96.7,0.532
112.74,32023.8,34992.6,0.0522,-0.0136,146.6,96.7,0.532
112.76,31979.8,34957.0,-0.0071,-0.0558,146.6,96.7,0.532
112.78,31921.7,34797.0,-0.0855,-0.2454,146.6,96.7,0.532
112.8,31958.2,34733.9,-0.0362,-0.3202,146.6,96.7,0.532
112.82,31852.9,34716.2,-0.1785,-0.3411,146.6,96.7,0.532
112.84,31852.4,34650.3,-0.1792,-0.4192,146.6,96.7,0.532
112.86,31897.1,34607.2,-0.1188,-0.4703,146.6,96.7,0.532
112.88,31711.9,34563.6,-0.3689,-0.522,146.6,96.7,0.532
112.9,31717.9,34439.9,-0.3608,-0.6686,146.6,96.7,0.532
112.92,31789.1,34339.1,-0.2647,-0.788,146.6,96.7,0.532
112.94,31779.8,34543.7,-0.2771,-0.5456,146.6,96.7,0.532
112.96,31909.3,34810.4,-0.1024,-0.2294,146.6,96.7,0.532
112.98,32003.8,35227.9,0.0252,0.2652,146.6,96.7,0.532
113.0,32212.7,35483.9,0.3073,0.5686,146.6,96.7,0.532
113.02,32283.3,35709.1,0.4027,0.8355,146.6,96.7,0.532
113.04,32398.5,35732.7,0.5582,0.8635,146.6,96.7,0.532
113.06,32218.0,35591.2,0.3146,0.6957,146.6,96.7,0.532
113.08,32171.4,35497.3,0.2517,0.5845,146.6,96.7,0.532
113.1,32123.4,35282.9,0.1867,0.3305,146.6,96.7,0.532
113.12,32088.8,35117.3,0.14,0.1342,146.6,96.7,0.532
113.14,31964.7,34982.1,-0.0275,-0.026,146.6,96.7,0.532
113.16,31976.6,35028.1,-0.0115,0.0285,146.6,96.7,0.532
113.18,31906.4,34981.6,-0.1062,-0.0267,146.6,96.7,0.532
113.2,31978.4,34893.7,-0.0091,-0.1308,146.6,96.7,0.532
113.22,31914.7,34644.8,-0.095,-0.4258,146.6,96.7,0.532
113.24,31829.5,34666.3,-0.2101,-0.4003,146.6,96.7,0.532
113.26,31884.6,34694.2,-0.1356,-0.3672,146.6,96.7,0.532
113.28,31844.5,34639.7,-0.1898,-0.4318,146.6,96.7,0.532
113.3,31761.0,34502.3,-0.3026,-0.5946,146.6,96.7,0.532
113.32,31787.3,34485.4,-0.2671,-0.6146,146.6,96.7,0.532
113.34,31728.0,34424.1,-0.3471,-0.6873,146.6,96.7,0.532
113.36,31870.7,34606.2,-0.1545,-0.4714,146.6,96.7,0.532
113.38,31960.9,34875.8,-0.0326,-0.1519,146.6,96.7,0.532
113.4,32197.2,35334.1,0.2865,0.3911,146.6,96.7,0.532
113.42,32316.2,35599.6,0.4472,0.7057,146.6,96.7,0.532
113.44,32419.2,35656.0,0.5861,0.7726,146.6,96.7,0.532
113.46,32240.4,35729.9,0.3447,0.8601,146.6,96.7,0.532
113.48,32288.2,35520.6,0.4092,0.6121,146.6,96.7,0.532
113.5,32111.7,35362.3,0.171,0.4245,146.6,96.7,0.532
113.52,32020.8,35288.7,0.0483,0.3373,146.6,96.7,0.532
113.54,32024.2,35049.7,0.0529,0.0541,146.6,96.7,0.532
113.56,32058.7,35028.8,0.0995,0.0293,146.6,96.7,0.532
113.58,32001.7,35026.6,0.0224,0.0267,146.6,96.7,0.532
113.6,31982.2,34824.2,-0.0038,-0.2131,146.6,96.7,0.532
113.62,31785.3,34709.1,-0.2698,-0.3495,146.6,96.7,0.532
113.64,31816.5,34680.3,-0.2277,-0.3836,146.6,96.7,0.532
113.66,31966.7,34665.3,-0.0248,-0.4014,146.6,96.7,0.532
113.68,31764.4,34662.1,-0.298,-0.4053,146.6,96.7,0.532
113.7,31847.6,34514.6,-0.1857,-0.58,146.6,96.7,0.532
113.72,31763.4,34498.8,-0.2993,-0.5988,146.6,96.7,0.532
113.74,31720.0,34397.3,-0.3579,-0.7191,146.6,96.7,0.532
113.76,31813.2,34598.8,-0.2322,-0.4802,146.6,96.7,0.532
113.78,31902.4,34738.3,-0.1117,-0.315,146.6,96.7,0.532
113.8,32107.7,35152.7,0.1656,0.1761,146.6,96.7,0.532
113.82,32248.6,35453.7,0.3558,0.5328,146.6,96.7,0.532
113.84,32370.1,35766.9,0.5199,0.904,146.6,96.7,0.532
113.86,32395.1,35762.5,0.5537,0.8988,146.6,96.7,0.532
113.88,32181.2,35587.2,0.2648,0.691,146.6,96.7,0.532
113.9,32193.0,35417.4,0.2807,0.4898,146.6,96.7,0.532
113.92,32122.5,35198.2,0.1855,0.23,146.6,96.7,0.532
113.94,32131.4,35097.2,0.1976,0.1104,146.6,96.7,0.532
113.96,32024.3,35057.1,0.053,0.0629,146.6,96.7,0.532
113.98,31918.7,35014.3,-0.0897,0.0122,146.6,96.7,0.532
114.0,31902.4,34907.2,-0.1116,-0.1148,146.6,96.7,0.532
114.02,31943.2,34839.6,-0.0566,-0.1949,146.6,96.7,0.532
114.04,31862.0,34767.2,-0.1662,-0.2806,146.6,96.7,0.532
114.06,31840.3,34638.5,-0.1955,-0.4332,146.6,96.7,0.532
114.08,31876.4,34711.3,-0.1468,-0.3469,146.6,96.7,0.532
114.1,31790.9,34641.5,-0.2622,-0.4296,146.6,96.7,0.532
114.12,31820.4,34614.0,-0.2223,-0.4622,146.6,96.7,0.532
114.14,31747.8,34466.0,-0.3204,-0.6376,146.6,96.7,0.532
114.16,31704.4,34521.6,-0.379,-0.5717,146.6,96.7,0.532
114.18,31839.8,34801.4,-0.1962,-0.2401,146.6,96.7,0.532
114.2,31996.6,34907.2,0.0155,-0.1148,146.6,96.7,0.532
114.22,32260.5,35378.5,0.3719,0.4437,146.6,96.7,0.532
114.24,32394.7,35526.1,0.5531,0.6186,146.6,96.7,0.532
114.26,32317.4,35836.4,0.4488,0.9863,146.6,96.7,0.532
114.28,32442.4,35690.8,0.6176,0.8138,146.6,96.7,0.532
114.3,32290.0,35398.8,0.4118,0.4678,146.6,96.7,0.532
114.32,32203.8,35276.0,0.2953,0.3222,146.6,96.7,0.532
114.34,32080.7,35136.8,0.1291,0.1572,146.6,96.7,0.532
114.36,32046.9,35189.7,0.0835,0.22,146.6,96.7,0.532
114.38,32033.0,35094.7,0.0646,0.1075,146.6,96.7,0.532
114.4,32011.0,35035.8,0.035,0.0376,146.6,96.7,0.532
114.42,31896.2,34879.3,-0.12,-0.1478,146.6,96.7,0.532
114.44,31968.4,34795.6,-0.0225,-0.2471,146.6,96.7,0.532
114.46,31790.7,34693.7,-0.2625,-0.3678,146.6,96.7,0.532
114.48,31908.3,34727.0,-0.1037,-0.3283,146.6,96.7,0.532
114.5,31773.4,34630.7,-0.2859,-0.4424,146.6,96.7,0.532
114.52,31796.8,34565.2,-0.2542,-0.5201,146.6,96.7,0.532
114.54,31789.4,34543.6,-0.2642,-0.5457,146.6,96.7,0.532
114.56,31677.6,34476.4,-0.4152,-0.6253,146.6,96.7,0.532
114.58,31762.4,34468.5,-0.3007,-0.6347,146.6,96.7,0.532
114.6,31916.9,34803.3,-0.0921,-0.238,146.6,96.7,0.532
114.62,32065.8,35167.2,0.109,0.1933,146.6,96.7,0.532
114.64,32252.6,35558.9,0.3613,0.6575,146.6,96.7,0.532
114.66,32359.2,35755.1,0.5051,0.89,146.6,96.7,0.532
114.68,32430.4,35729.4,0.6014,0.8595,146.6,96.7,0.532
114.7,32217.7,35506.4,0.3141,0.5952,146.6,96.7,0.532
114.72,32221.1,35355.9,0.3187,0.417,146.6,96.7,0.532
114.74,32111.6,35175.1,0.1708,0.2027,146.6,96.7,0.532
114.76,32094.7,35222.0,0.148,0.2582,146.6,96.7,0.532
114.78,31973.7,35136.1,-0.0154,0.1564,146.6,96.7,0.532
114.8,32009.4,35064.9,0.0329,0.0721,146.6,96.7,0.532
114.82,31945.3,34874.8,-0.0537,-0.1531,146.6,96.7,0.532
114.84,31904.0,34838.3,-0.1095,-0.1965,146.6,96.7,0.532
114.86,31801.4,34773.0,-0.248,-0.2738,146.6,96.7,0.532
114.88,31826.2,34664.0,-0.2145,-0.403,146.6,96.7,0.532
114.9,31807.5,34678.1,-0.2398,-0.3863,146.6,96.7,0.532
114.92,31837.3,34634.9,-0.1996,-0.4375,146.6,96.7,0.532
114.94,31793.0,34586.0,-0.2594,-0.4954,146.6,96.7,0.532
114.96,31769.9,34510.5,-0.2905,-0.5849,146.6,96.7,0.532
114.98,31689.5,34576.4,-0.3991,-0.5068,146.6,96.7,0.532
115.0,31849.1,34717.0,-0.1836,-0.3401,146.6,96.7,0.532
115.02,31974.3,34966.0,-0.0146,-0.0451,146.6,96.7,0.532
115.04,32177.5,35407.9,0.2598,0.4786,146.6,96.7,0.532
115.06,32303.7,35652.2,0.4303,0.768,146.6,96.7,0.532
115.08,32321.7,35738.5,0.4546,0.8703,146.6,96.7,0.532
115.1,32436.3,35657.4,0.6092,0.7742,146.6,96.7,0.532
115.12,32092.9,35397.2,0.1455,0.4659,146.6,96.7,0.532
115.14,32170.6,35293.3,0.2505,0.3428,146.6,96.7,0.532
115.16,32116.9,35066.7,0.178,0.0742,146.6,96.7,0.532
115.18,32040.1,35180.2,0.0742,0.2087,146.6,96.7,0.532
115.2,32021.1,35021.4,0.0486,0.0206,146.6,96.7,0.532
115.22,31900.0,34897.4,-0.1149,-0.1264,146.6,96.7,0.532
115.24,31987.3,34845.5,0.003,-0.1879,146.6,96.7,0.532
115.26,31965.6,34789.7,-0.0262,-0.254,146.6,96.7,0.532
115.28,31941.9,34657.3,-0.0583,-0.4109,146.6,96.7,0.532
115.3,31811.9,34707.0,-0.2339,-0.352,146.6,96.7,0.532
115.32,31820.7,34679.9,-0.222,-0.3841,146.6,96.7,0.532
115.34,31811.2,34641.1,-0.2347,-0.4302,146.6,96.7,0.532
115.36,31769.9,34515.0,-0.2906,-0.5796,146.6,96.7,0.532
115.38,31701.6,34473.0,-0.3828,-0.6293,146.6,96.7,0.532
115.4,31855.6,34476.0,-0.1749,-0.6258,146.6,96.7,0.532
115.42,32010.5,34805.6,0.0343,-0.2351,146.6,96.7,0.532
115.44,32032.3,35191.4,0.0638,0.222,146.6,96.7,0.532
115.46,32251.9,35493.6,0.3602,0.5801,146.6,96.7,0.532
115.48,32381.6,35742.7,0.5354,0.8753,146.6,96.7,0.532
115.5,32311.9,35782.3,0.4413,0.9222,146.6,96.7,0.532
115.52,32229.0,35578.6,0.3294,0.6809,146.6,96.7,0.532
115.54,32229.3,35423.9,0.3298,0.4975,146.6,96.7,0.532
115.56,32134.5,35240.5,0.2018,0.2801,146.6,96.7,0.532
115.58,32033.7,35095.0,0.0657,0.1077,146.6,96.7,0.532
115.6,32004.4,35072.9,0.026,0.0816,146.6,96.7,0.532
115.62,32103.3,34982.2,0.1596,-0.0259,146.6,96.7,0.532
115.64,31906.6,34855.7,-0.106,-0.1758,146.6,96.7,0.532
115.66,31885.4,34854.4,-0.1345,-0.1774,146.6,96.7,0.532
115.68,31864.7,34686.3,-0.1626,-0.3766,146.6,96.7,0.532
115.7,31810.6,34688.9,-0.2357,-0.3735,146.6,96.7,0.532
115.72,31791.2,34719.4,-0.2618,-0.3373,146.6,96.7,0.532
115.74,31814.7,34645.1,-0.2301,-0.4254,146.6,96.7,0.532
115.76,31792.2,34568.0,-0.2604,-0.5168,146.6,96.7,0.532
115.78,31682.4,34410.9,-0.4087,-0.7029,146.6,96.7,0.532
115.8,31836.7,34540.4,-0.2004,-0.5494,146.6,96.7,0.532
115.82,31756.7,34537.7,-0.3084,-0.5526,146.6,96.7,0.532
115.84,31967.4,34964.6,-0.0239,-0.0468,146.6,96.7,0.532
115.86,32144.6,35403.7,0.2154,0.4736,146.6,96.7,0.532
115.88,32370.6,35627.6,0.5205,0.7389,146.6,96.7,0.532
115.9,32438.1,35707.5,0.6117,0.8336,146.6,96.7,0.532
115.92,32270.8,35623.1,0.3858,0.7335,146.6,96.7,0.532
115.94,32173.1,35396.4,0.2539,0.465,146.6,96.7,0.532
115.96,32086.0,35281.4,0.1362,0.3286,146.6,96.7,0.532
115.98,32044.9,35223.9,0.0808,0.2605,146.6,96.7,0.532
116.0,32000.3,35066.2,0.0206,0.0736,146.6,96.7,0.532
116.02,32035.8,35018.5,0.0685,0.017,146.6,96.7,0.532
116.04,32056.6,34995.0,0.0966,-0.0107,146.6,96.7,0.532
116.06,31928.8,34881.7,-0.076,-0.1451,146.6,96.7,0.532
116.08,31801.5,34764.9,-0.2478,-0.2834,146.6,96.7,0.532
116.1,31900.8,34672.6,-0.1138,-0.3928,146.6,96.7,0.532
116.12,31835.8,34756.1,-0.2016,-0.2938,146.6,96.7,0.532
116.14,31753.9,34627.8,-0.3122,-0.4459,146.6,96.7,0.532
116.16,31749.8,34581.5,-0.3176,-0.5008,146.6,96.7,0.532
116.18,31737.2,34463.0,-0.3347,-0.6412,146.6,96.7,0.532
116.2,31754.6,34370.1,-0.3112,-0.7512,146.6,96.7,0.532
116.22,31800.8,34541.5,-0.2488,-0.5481,146.6,96.7,0.532
116.24,31798.2,34889.5,-0.2524,-0.1358,146.6,96.7,0.532
116.26,32073.4,35110.8,0.1193,0.1265,146.6,96.7,0.532
116.28,32231.4,35558.7,0.3326,0.6573,146.6,96.7,0.532
116.3,32396.8,35751.6,0.5559,0.8859,146.6,96.7,0.532
116.32,32310.9,35775.1,0.44,0.9137,146.6,96.7,0.532
116.34,32259.3,35582.9,0.3703,0.686,146.6,96.7,0.532
116.36,32241.1,35388.6,0.3458,0.4557,146.6,96.7,0.532
116.38,32080.4,35192.9,0.1288,0.2238,146.6,96.7,0.532
116.4,32149.3,35102.2,0.2218,0.1163,146.6,96.7,0.532
116.42,32092.6,35062.7,0.1452,0.0695,146.6,96.7,0.532
116.44,32007.8,35043.1,0.0306,0.0463,146.6,96.7,0.532
116.46,31964.8,34860.3,-0.0275,-0.1704,146.6,96.7,0.532
116.48,31892.5,34814.4,-0.125,-0.2247,146.6,96.7,0.532
116.5,31942.3,34751.0,-0.0578,-0.2999,146.6,96.7,0.532
116.52,31963.6,34717.3,-0.0291,-0.3399,146.6,96.7,0.532
116.54,31810.6,34648.9,-0.2357,-0.4209,146.6,96.7,0.532
116.56,31839.8,34592.7,-0.1961,-0.4875,146.6,96.7,0.532
116.58,31835.3,34448.4,-0.2023,-0.6585,146.6,96.7,0.532
116.6,31822.5,34425.8,-0.2195,-0.6852,146.6,96.7,0.532
116.62,31726.7,34418.9,-0.3489,-0.6934,146.6,96.7,0.532
116.64,31902.2,34746.8,-0.112,-0.3048,146.6,96.7,0.532
116.66,32032.3,35071.5,0.0637,0.08,146.6,96.7,0.532
116.68,32238.3,35408.6,0.3419,0.4793,146.6,96.7,0.532
116.7,32271.6,35645.4,0.3869,0.76,146.6,96.7,0.532
116.72,32221.9,35744.1,0.3198,0.877,146.6,96.7,0.532
116.74,32351.9,35648.3,0.4953,0.7634,146.6,96.7,0.532
116.76,32189.5,35380.7,0.276,0.4463,146.6,96.7,0.532
116.78,32101.9,35282.0,0.1577,0.3294,146.6,96.7,0.532
116.8,32055.8,35107.3,0.0955,0.1223,146.6,96.7,0.532
116.82,32003.3,35057.2,0.0247,0.0629,146.6,96.7,0.532
116.84,31912.7,34996.6,-0.0977,-0.0088,146.6,96.7,0.532
116.86,32095.5,34920.9,0.1491,-0.0986,146.6,96.7,0.532
116.88,31921.3,34827.8,-0.0861,-0.2089,146.6,96.7,0.532
116.9,31866.8,34617.3,-0.1597,-0.4584,146.6,96.7,0.532
116.92,31849.9,34642.9,-0.1826,-0.4279,146.6,96.7,0.532
116.94,31812.7,34743.4,-0.2328,-0.3089,146.6,96.7,0.532
116.96,31893.5,34629.9,-0.1237,-0.4435,146.6,96.7,0.532
116.98,31730.5,34654.7,-0.3438,-0.414,146.6,96.7,0.532
117.0,31772.5,34432.3,-0.2871,-0.6775,146.6,96.7,0.532
117.02,31592.9,34370.2,-0.5295,-0.7512,146.6,96.7,0.532
117.04,31910.0,34584.5,-0.1013,-0.4972,146.6,96.7,0.532
117.06,31859.7,34902.5,-0.1692,-0.1204,146.6,96.7,0.532
117.08,32240.6,35239.0,0.3451,0.2784,146.6,96.7,0.532
117.1,32253.7,35586.4,0.3627,0.6901,146.6,96.7,0.532
117.12,32401.2,35734.7,0.5619,0.8658,146.6,96.7,0.532
117.14,32317.9,35736.6,0.4494,0.8681,146.6,96.7,0.532
117.16,32248.6,35591.0,0.3559,0.6956,146.6,96.7,0.532
117.18,32147.1,35391.6,0.2188,0.4593,146.6,96.7,0.532
117.2,32084.6,35181.3,0.1344,0.2101,146.6,96.7,0.532
117.22,32000.1,35162.8,0.0202,0.1881,146.6,96.7,0.532
117.24,32042.6,35002.8,0.0777,-0.0015,146.6,96.7,0.532
117.26,31999.6,35006.3,0.0195,0.0027,146.6,96.7,0.532
117.28,31955.0,34894.8,-0.0406,-0.1294,146.6,96.7,0.532
117.3,31926.0,34852.9,-0.0798,-0.1792,146.6,96.7,0.532
117.32,31892.5,34651.7,-0.125,-0.4176,146.6,96.7,0.532
117.34,31942.5,34606.0,-0.0575,-0.4717,146.6,96.7,0.532
117.36,31855.9,34669.3,-0.1744,-0.3967,146.6,96.7,0.532
117.38,31810.3,34536.5,-0.2359,-0.5541,146.6,96.7,0.532
117.4,31826.6,34538.7,-0.214,-0.5515,146.6,96.7,0.532
117.42,31691.3,34464.5,-0.3967,-0.6393,146.6,96.7,0.532
117.44,31821.8,34409.2,-0.2205,-0.705,146.6,96.7,0.532
117.46,31836.4,34708.9,-0.2007,-0.3498,146.6,96.7,0.532
117.48,32018.0,35033.8,0.0445,0.0353,146.6,96.7,0.532
117.5,32265.9,35463.3,0.3793,0.5442,146.6,96.7,0.532
117.52,32243.7,35739.1,0.3493,0.871,146.6,96.7,0.532
117.54,32270.4,35761.4,0.3853,0.8975,146.6,96.7,0.532
117.56,32324.3,35678.2,0.4581,0.7988,146.6,96.7,0.532
117.58,32286.5,35459.4,0.407,0.5396,146.6,96.7,0.532
117.6,32192.0,35269.0,0.2793,0.314,146.6,96.7,0.532
117.62,32083.7,35124.8,0.1332,0.143,146.6,96.7,0.532
117.64,31991.0,35113.0,0.008,0.1291,146.6,96.7,0.532
117.66,32001.7,35061.4,0.0225,0.0679,146.6,96.7,0.532
117.68,31921.5,34880.6,-0.0858,-0.1463,146.6,96.7,0.532
117.7,31893.4,34794.7,-0.1238,-0.2481,146.6,96.7,0.532
117.72,31789.8,34715.9,-0.2637,-0.3415,146.6,96.7,0.532
117.74,31807.2,34686.1,-0.2401,-0.3768,146.6,96.7,0.532
117.76,31767.3,34740.0,-0.2941,-0.3129,146.6,96.7,0.532
117.78,31896.2,34781.3,-0.12,-0.2639,146.6,96.7,0.532
117.8,31829.4,34532.9,-0.2102,-0.5584,146.6,96.7,0.532
117.82,31765.1,34565.4,-0.2971,-0.5198,146.6,96.7,0.532
117.84,31702.2,34514.2,-0.382,-0.5805,146.6,96.7,0.532
117.86,31801.7,34679.6,-0.2476,-0.3845,146.6,96.7,0.532
117.88,31971.1,34852.1,-0.0188,-0.1801,146.6,96.7,0.532
117.9,32067.2,35216.3,0.1109,0.2515,146.6,96.7,0.532
117.92,32303.6,35544.9,0.4301,0.6409,146.6,96.7,0.532
117.94,32439.7,35708.0,0.6139,0.8342,146.6,96.7,0.532
117.96,32332.4,35777.8,0.469,0.9169,146.6,96.7,0.532
117.98,32332.1,35562.1,0.4686,0.6613,146.6,96.7,0.532
118.0,32054.2,35343.9,0.0933,0.4027,146.6,96.7,0.532
118.02,32144.8,35163.7,0.2157,0.1892,146.6,96.7,0.532
118.04,32073.3,35098.0,0.1192,0.1113,146.6,96.7,0.532
118.06,32036.9,35101.3,0.07,0.1152,146.6,96.7,0.532
118.08,31981.7,35064.8,-0.0046,0.072,146.6,96.7,0.532
118.1,32064.2,34891.5,0.1068,-0.1334,146.6,96.7,0.532
118.12,31821.6,34738.8,-0.2207,-0.3144,146.6,96.7,0.532
118.14,31867.1,34724.3,-0.1594,-0.3316,146.6,96.7,0.532
118.16,31920.0,34659.8,-0.0879,-0.4079,146.6,96.7,0.532
118.18,31911.3,34601.1,-0.0997,-0.4776,146.6,96.7,0.532
118.2,31796.3,34592.9,-0.2549,-0.4873,146.6,96.7,0.532
118.22,31743.3,34554.8,-0.3265,-0.5324,146.6,96.7,0.532
118.24,31791.4,34389.2,-0.2616,-0.7286,146.6,96.7,0.532
118.26,31800.8,34567.4,-0.2488,-0.5174,146.6,96.7,0.532
118.28,31905.6,34726.3,-0.1073,-0.3292,146.6,96.7,0.532
118.3,32093.0,35082.2,0.1457,0.0926,146.6,96.7,0.532
118.32,32175.7,35405.7,0.2573,0.476,146.6,96.7,0.532
118.34,32408.7,35798.8,0.5721,0.9418,146.6,96.7,0.532
118.36,32330.5,35780.8,0.4665,0.9205,146.6,96.7,0.532
118.38,32305.4,35701.6,0.4326,0.8266,146.6,96.7,0.532
118.4,32249.1,35512.1,0.3565,0.6021,146.6,96.7,0.532
118.42,32086.4,35315.3,0.1368,0.3688,146.6,96.7,0.532
118.44,32036.0,35096.3,0.0688,0.1093,146.6,96.7,0.532
118.46,32027.7,35090.0,0.0575,0.1018,146.6,96.7,0.532
118.48,31991.8,34942.2,0.0091,-0.0733,146.6,96.7,0.532
118.5,31955.1,34966.0,-0.0405,-0.0451,146.6,96.7,0.532
118.52,31914.7,34818.9,-0.0951,-0.2195,146.6,96.7,0.532
118.54,31882.9,34774.5,-0.138,-0.2721,146.6,96.7,0.532
118.56,31891.1,34703.3,-0.1269,-0.3564,146.6,96.7,0.532
118.58,31832.2,34668.8,-0.2065,-0.3973,146.6,96.7,0.532
118.6,31834.3,34481.8,-0.2036,-0.6189,146.6,96.7,0.532
118.62,31726.9,34513.5,-0.3487,-0.5814,146.6,96.7,0.532
118.64,31739.5,34481.5,-0.3317,-0.6193,146.6,96.7,0.532
118.66,31737.0,34477.9,-0.335,-0.6235,146.6,96.7,0.532
118.68,31815.9,34558.8,-0.2285,-0.5277,146.6,96.7,0.532
118.7,31984.5,34854.6,-0.0007,-0.1771,146.6,96.7,0.532
118.72,32097.6,35296.4,0.1519,0.3464,146.6,96.7,0.532
118.74,32372.1,35681.6,0.5227,0.8029,146.6,96.7,0.532
118.76,32349.7,35790.1,0.4924,0.9314,146.6,96.7,0.532
118.78,32303.6,35620.4,0.4301,0.7304,146.6,96.7,0.532
118.8,32275.2,35492.1,0.3918,0.5783,146.6,96.7,0.532
118.82,32141.7,35415.4,0.2115,0.4875,146.6,96.7,0.532
118.84,31952.5,35197.6,-0.0439,0.2293,146.6,96.7,0.532
118.86,32038.4,35114.2,0.0721,0.1306,146.6,96.7,0.532
118.88,32114.4,35104.8,0.1746,0.1194,146.6,96.7,0.532
118.9,32021.2,34964.4,0.0488,-0.047,146.6,96.7,0.532
118.92,31911.4,34873.9,-0.0995,-0.1543,146.6,96.7,0.532
118.94,31886.4,34798.0,-0.1333,-0.2442,146.6,96.7,0.532
118.96,31932.2,34702.4,-0.0714,-0.3575,146.6,96.7,0.532
118.98,31844.0,34691.1,-0.1905,-0.3709,146.6,96.7,0.532
119.0,31876.4,34504.1,-0.1468,-0.5924,146.6,96.7,0.532
119.02,31882.5,34604.0,-0.1385,-0.4741,146.6,96.7,0.532
119.04,31708.8,34485.8,-0.3731,-0.6141,146.6,96.7,0.532
119.06,31746.1,34476.7,-0.3226,-0.625,146.6,96.7,0.532
119.08,31747.6,34595.3,-0.3206,-0.4843,146.6,96.7,0.532
119.1,31886.4,34767.4,-0.1332,-0.2804,146.6,96.7,0.532
119.12,32079.9,35066.3,0.128,0.0738,146.6,96.7,0.532
119.14,32202.0,35518.2,0.293,0.6092,146.6,96.7,0.532
119.16,32342.6,35675.5,0.4828,0.7956,146.6,96.7,0.532
119.18,32353.9,35677.7,0.498,0.7983,146.6,96.7,0.532
119.2,32328.9,35620.9,0.4643,0.731,146.6,96.7,0.532
119.22,32207.1,35473.9,0.2998,0.5568,146.6,96.7,0.532
119.24,32063.3,35207.4,0.1056,0.241,146.6,96.7,0.532
119.26,32069.6,35103.5,0.1141,0.1178,146.6,96.7,0.532
119.28,32020.0,35090.8,0.0472,0.1028,146.6,96.7,0.532
119.3,32021.7,34925.2,0.0495,-0.0935,146.6,96.7,0.532
119.32,31995.0,34964.7,0.0135,-0.0467,146.6,96.7,0.532
119.34,31781.1,34889.5,-0.2754,-0.1358,146.6,96.7,0.532
119.36,31875.9,34735.1,-0.1474,-0.3187,146.6,96.7,0.532
119.38,31757.8,34689.0,-0.3069,-0.3733,146.6,96.7,0.532
119.4,31851.0,34644.5,-0.181,-0.4261,146.6,96.7,0.532
119.42,31802.5,34735.8,-0.2466,-0.3179,146.6,96.7,0.532
119.44,31736.8,34515.5,-0.3352,-0.579,146.6,96.7,0.532
119.46,31765.6,34478.9,-0.2964,-0.6223,146.6,96.7,0.532
119.48,31755.0,34423.9,-0.3107,-0.6875,146.6,96.7,0.532
119.5,31887.8,34603.3,-0.1314,-0.475,146.6,96.7,0.532
119.52,31940.4,34888.4,-0.0604,-0.1371,146.6,96.7,0.532
119.54,32186.0,35300.4,0.2713,0.3511,146.6,96.7,0.532
119.56,32315.0,35587.0,0.4455,0.6908,146.6,96.7,0.532
119.58,32327.5,35762.5,0.4624,0.8988,146.6,96.7,0.532
119.6,32401.4,35673.2,0.5621,0.7929,146.6,96.7,0.532
119.62,32260.7,35563.0,0.3721,0.6624,146.6,96.7,0.532
119.64,32106.3,35393.5,0.1637,0.4615,146.6,96.7,0.532
119.66,32026.6,35139.2,0.0561,0.1601,146.6,96.7,0.532
119.68,32082.6,35078.3,0.1316,0.0879,146.6,96.7,0.532
119.7,32048.4,35004.9,0.0856,0.001,146.6,96.7,0.532
119.72,31938.4,35072.8,-0.0631,0.0814,146.6,96.7,0.532
119.74,31913.7,34853.6,-0.0965,-0.1783,146.6,96.7,0.532
119.76,31925.1,34772.9,-0.081,-0.274,146.6,96.7,0.532
119.78,31921.0,34783.9,-0.0865,-0.2609,146.6,96.7,0.532
119.8,31782.4,34671.5,-0.2737,-0.3942,146.6,96.7,0.532
119.82,31869.6,34595.6,-0.156,-0.4841,146.6,96.7,0.532
119.84,31793.8,34606.5,-0.2583,-0.4711,146.6,96.7,0.532
119.86,31858.4,34404.6,-0.1711,-0.7103,146.6,96.7,0.532
119.88,31691.0,34508.1,-0.3972,-0.5878,146.6,96.7,0.532
119.9,31712.8,34494.3,-0.3677,-0.6041,146.6,96.7,0.532
119.92,31858.4,34739.1,-0.171,-0.314,146.6,96.7,0.532
119.94,32075.8,35142.8,0.1225,0.1644,146.6,96.7,0.532
119.96,32217.5,35562.6,0.3139,0.6619,146.6,96.7,0.532
119.98,32297.8,35706.7,0.4223,0.8326,146.6,96.7,0.532
