timestamp,raw_red,raw_ir,filtered_red,filtered_ir,heart_rate,spo2,ac_dc_ratio
0.0,31975.5,35111.7,-0.132,0.2725,139.0,98.3,0.467
0.02,32181.7,35496.3,1.0143,1.2165,139.0,98.3,0.467
0.04,32401.2,35729.7,2.2346,1.7893,139.0,98.3,0.467
0.06,32284.4,35825.0,1.5855,2.0233,139.0,98.3,0.467
0.08,32307.8,35623.7,1.7157,1.5291,139.0,98.3,0.467
0.1,32267.9,35520.0,1.4935,1.2746,139.0,98.3,0.467
0.12,32080.4,35210.5,0.451,0.5149,139.0,98.3,0.467
0.14,31997.3,35294.5,-0.0108,0.721,139.0,98.3,0.467
0.16,32016.6,35150.5,0.0961,0.3676,139.0,98.3,0.467
0.18,32016.0,35018.8,0.0927,0.0444,139.0,98.3,0.467
0.2,32025.9,34896.4,0.148,-0.2559,139.0,98.3,0.467
0.22,31911.9,34817.6,-0.4857,-0.4496,139.0,98.3,0.467
0.24,31991.3,34796.8,-0.0442,-0.5004,139.0,98.3,0.467
0.26,31872.1,34680.5,-0.7071,-0.7859,139.0,98.3,0.467
0.28,31779.4,34665.6,-1.2226,-0.8226,139.0,98.3,0.467
0.3,31892.0,34634.4,-0.5963,-0.8991,139.0,98.3,0.467
0.32,31921.5,34548.2,-0.4325,-1.1107,139.0,98.3,0.467
0.34,31745.0,34545.4,-1.414,-1.1176,139.0,98.3,0.467
0.36,31779.2,34458.5,-1.2236,-1.3309,139.0,98.3,0.467
0.38,31729.9,34506.9,-1.4978,-1.212,139.0,98.3,0.467
0.4,31858.0,34691.8,-0.7855,-0.7583,139.0,98.3,0.467
0.42,31892.1,34922.5,-0.5961,-0.192,139.0,98.3,0.467
0.44,32127.1,35325.5,0.7104,0.7973,139.0,98.3,0.467
0.46,32258.9,35670.0,1.4438,1.6428,139.0,98.3,0.467
0.48,32254.5,35836.2,1.4191,2.0507,139.0,98.3,0.467
0.5,32323.3,35683.5,1.8017,1.6759,139.0,98.3,0.467
0.52,32316.0,35550.2,1.7613,1.3487,139.0,98.3,0.467
0.54,32121.5,35264.1,0.6793,0.6465,139.0,98.3,0.467
0.56,32077.6,35241.4,0.4353,0.5907,139.0,98.3,0.467
0.58,32026.2,35075.5,0.1498,0.1835,139.0,98.3,0.467
0.6,31998.3,35043.4,-0.0054,0.1047,139.0,98.3,0.467
0.62,31983.1,35043.0,-0.0899,0.1039,139.0,98.3,0.467
0.64,32042.5,34937.2,0.2403,-0.1558,139.0,98.3,0.467
0.66,31939.6,34879.4,-0.3316,-0.2977,139.0,98.3,0.467
0.68,31854.1,34701.4,-0.8072,-0.7346,139.0,98.3,0.467
0.7,31847.2,34683.2,-0.8458,-0.7793,139.0,98.3,0.467
0.72,31783.8,34627.9,-1.1979,-0.9152,139.0,98.3,0.467
0.74,31909.6,34641.9,-0.4988,-0.8808,139.0,98.3,0.467
0.76,31846.5,34650.2,-0.8496,-0.8604,139.0,98.3,0.467
0.78,31764.3,34555.6,-1.3066,-1.0926,139.0,98.3,0.467
0.8,31768.8,34564.4,-1.2817,-1.071,139.0,98.3,0.467
0.82,31799.4,34486.9,-1.1114,-1.2612,139.0,98.3,0.467
0.84,31857.5,34785.3,-0.7884,-0.5286,139.0,98.3,0.467
0.86,32037.1,35100.8,0.2101,0.2458,139.0,98.3,0.467
0.88,32116.1,35460.1,0.6498,1.1275,139.0,98.3,0.467
0.9,32255.8,35653.8,1.4265,1.6029,139.0,98.3,0.467
0.92,32286.7,35646.2,1.5979,1.5843,139.0,98.3,0.467
0.94,32311.6,35587.1,1.7364,1.4393,139.0,98.3,0.467
0.96,32257.3,35453.2,1.4344,1.1106,139.0,98.3,0.467
0.98,32061.6,35264.7,0.3462,0.6479,139.0,98.3,0.467
1.0,32006.0,35175.3,0.0375,0.4286,139.0,98.3,0.467
1.02,32096.8,35076.0,0.5422,0.1849,139.0,98.3,0.467
1.04,32077.1,35123.3,0.4328,0.3008,139.0,98.3,0.467
1.06,31967.9,34962.8,-0.1747,-0.0931,139.0,98.3,0.467
1.08,31870.8,34910.7,-0.7144,-0.2209,139.0,98.3,0.467
1.1,31876.1,34868.5,-0.6852,-0.3245,139.0,98.3,0.467
1.12,31903.4,34636.4,-0.533,-0.8942,139.0,98.3,0.467
1.14,31862.9,34599.4,-0.7586,-0.985,139.0,98.3,0.467
1.16,31796.8,34632.3,-1.1262,-0.9043,139.0,98.3,0.467
1.18,31885.4,34604.2,-0.6335,-0.9732,139.0,98.3,0.467
1.2,31764.2,34595.5,-1.3072,-0.9946,139.0,98.3,0.467
1.22,31700.8,34440.6,-1.6595,-1.3747,139.0,98.3,0.467
1.24,31777.2,34606.3,-1.2346,-0.9682,139.0,98.3,0.467
1.26,31829.6,34517.8,-0.9435,-1.1853,139.0,98.3,0.467
1.28,31950.0,34909.4,-0.2742,-0.2242,139.0,98.3,0.467
1.3,32136.5,35267.2,0.7631,0.6542,139.0,98.3,0.467
1.32,32172.4,35481.3,0.9628,1.1796,139.0,98.3,0.467
1.34,32342.3,35689.9,1.907,1.6915,139.0,98.3,0.467
1.36,32296.9,35774.6,1.6547,1.8996,139.0,98.3,0.467
1.38,32265.2,35612.7,1.4785,1.5022,139.0,98.3,0.467
1.4,32177.4,35364.4,0.9904,0.8926,139.0,98.3,0.467
1.42,32182.5,35233.0,1.0189,0.5703,139.0,98.3,0.467
1.44,32058.4,35035.8,0.3288,0.086,139.0,98.3,0.467
1.46,32065.2,35045.0,0.3663,0.1088,139.0,98.3,0.467
1.48,32060.3,35038.2,0.3394,0.0921,139.0,98.3,0.467
1.5,31946.5,34933.6,-0.2935,-0.1648,139.0,98.3,0.467
1.52,31902.3,34822.6,-0.5394,-0.4371,139.0,98.3,0.467
1.54,31823.6,34737.1,-0.9769,-0.6469,139.0,98.3,0.467
1.56,31870.0,34662.6,-0.7186,-0.83,139.0,98.3,0.467
1.58,31954.0,34770.5,-0.2519,-0.565,139.0,98.3,0.467
1.6,31910.1,34685.1,-0.496,-0.7748,139.0,98.3,0.467
1.62,31751.2,34595.1,-1.3794,-0.9956,139.0,98.3,0.467
1.64,31858.3,34509.1,-0.784,-1.2068,139.0,98.3,0.467
1.66,31700.4,34473.1,-1.6617,-1.2951,139.0,98.3,0.467
1.68,31811.7,34500.4,-1.0428,-1.2279,139.0,98.3,0.467
1.7,31900.7,34717.5,-0.5483,-0.6952,139.0,98.3,0.467
1.72,32001.4,35062.1,0.0119,0.1508,139.0,98.3,0.467
1.74,32143.7,35331.2,0.8031,0.8112,139.0,98.3,0.467
1.76,32285.0,35619.7,1.5887,1.5194,139.0,98.3,0.467
1.78,32377.5,35667.2,2.1029,1.6358,139.0,98.3,0.467
1.8,32323.6,35725.4,1.8032,1.7789,139.0,98.3,0.467
1.82,32199.2,35567.3,1.1118,1.3906,139.0,98.3,0.467
1.84,32223.4,35286.5,1.246,0.7016,139.0,98.3,0.467
1.86,32054.1,35199.9,0.3048,0.4889,139.0,98.3,0.467
1.88,32126.0,35009.1,0.7048,0.0206,139.0,98.3,0.467
1.9,31996.0,35105.5,-0.0185,0.2571,139.0,98.3,0.467
1.92,32002.6,34943.3,0.0182,-0.141,139.0,98.3,0.467
1.94,31824.8,34827.0,-0.97,-0.4265,139.0,98.3,0.467
1.96,31890.2,34808.3,-0.6063,-0.4722,139.0,98.3,0.467
1.98,31881.7,34678.7,-0.6537,-0.7903,139.0,98.3,0.467
2.0,31919.2,34569.4,-0.4451,-1.0587,139.0,98.3,0.467
2.02,31872.3,34744.6,-0.7059,-0.6286,139.0,98.3,0.467
2.04,31739.7,34601.7,-1.4431,-0.9793,139.0,98.3,0.467
2.06,31816.1,34604.7,-1.0183,-0.972,139.0,98.3,0.467
2.08,31810.4,34440.0,-1.0502,-1.3762,139.0,98.3,0.467
2.1,31744.8,34452.4,-1.4152,-1.3459,139.0,98.3,0.467
2.12,31794.5,34511.3,-1.1389,-1.2013,139.0,98.3,0.467
2.14,31963.7,34889.3,-0.1981,-0.2733,139.0,98.3,0.467
2.16,32081.5,35198.1,0.4571,0.4844,139.0,98.3,0.467
2.18,32241.2,35570.8,1.3451,1.3993,139.0,98.3,0.467
2.2,32244.5,35763.6,1.3632,1.8724,139.0,98.3,0.467
2.22,32335.9,35695.3,1.8714,1.7049,139.0,98.3,0.467
2.24,32310.0,35602.8,1.7274,1.4778,139.0,98.3,0.467
2.26,32289.9,35503.1,1.6161,1.2331,139.0,98.3,0.467
2.28,32071.3,35214.9,0.4002,0.5258,139.0,98.3,0.467
2.3,32059.6,35189.7,0.3356,0.4639,139.0,98.3,0.467
2.32,32007.7,35060.2,0.0467,0.1461,139.0,98.3,0.467
2.34,32081.7,35047.8,0.4581,0.1155,139.0,98.3,0.467
2.36,31969.3,34939.1,-0.1669,-0.1512,139.0,98.3,0.467
2.38,31968.6,34912.8,-0.1706,-0.2157,139.0,98.3,0.467
2.4,31927.8,34673.8,-0.3975,-0.8024,139.0,98.3,0.467
2.42,31855.2,34687.0,-0.8011,-0.7701,139.0,98.3,0.467
2.44,31865.3,34743.1,-0.745,-0.6323,139.0,98.3,0.467
2.46,31803.0,34611.3,-1.0914,-0.9557,139.0,98.3,0.467
2.48,31849.7,34661.3,-0.8318,-0.8332,139.0,98.3,0.467
2.5,31742.4,34430.9,-1.4286,-1.3985,139.0,98.3,0.467
2.52,31738.3,34408.2,-1.4512,-1.4543,139.0,98.3,0.467
2.54,31837.6,34387.8,-0.8989,-1.5045,139.0,98.3,0.467
2.56,31715.3,34640.9,-1.5793,-0.8831,139.0,98.3,0.467
2.58,32003.0,34937.4,0.0206,-0.1553,139.0,98.3,0.467
2.6,32172.0,35337.4,0.9601,0.8265,139.0,98.3,0.467
2.62,32223.2,35634.6,1.2453,1.556,139.0,98.3,0.467
2.64,32376.8,35742.1,2.099,1.8197,139.0,98.3,0.467
2.66,32311.6,35708.0,1.7364,1.7361,139.0,98.3,0.467
2.68,32191.8,35565.0,1.0705,1.3851,139.0,98.3,0.467
2.7,32228.3,35251.4,1.2732,0.6152,139.0,98.3,0.467
2.72,32027.4,35218.4,0.1564,0.5343,139.0,98.3,0.467
2.74,31967.7,35244.1,-0.1758,0.5973,139.0,98.3,0.467
2.76,32017.8,35043.6,0.1027,0.1052,139.0,98.3,0.467
2.78,32005.1,35049.4,0.0324,0.1196,139.0,98.3,0.467
2.8,31975.4,34912.5,-0.133,-0.2164,139.0,98.3,0.467
2.82,31950.2,34851.9,-0.2727,-0.3652,139.0,98.3,0.467
2.84,31827.2,34783.0,-0.957,-0.5344,139.0,98.3,0.467
2.86,31911.9,34716.9,-0.4857,-0.6966,139.0,98.3,0.467
2.88,31876.0,34682.6,-0.6853,-0.7807,139.0,98.3,0.467
2.9,31791.4,34635.0,-1.1559,-0.8977,139.0,98.3,0.467
2.92,31795.9,34574.5,-1.1311,-1.0461,139.0,98.3,0.467
2.94,31877.6,34406.9,-0.6765,-1.4574,139.0,98.3,0.467
2.96,31830.8,34489.4,-0.9371,-1.2551,139.0,98.3,0.467
2.98,31752.8,34489.0,-1.3707,-1.2561,139.0,98.3,0.467
3.0,31833.2,34746.6,-0.9233,-0.6236,139.0,98.3,0.467
3.02,32037.4,35073.3,0.2118,0.1781,139.0,98.3,0.467
3.04,32180.4,35485.5,1.0072,1.19,139.0,98.3,0.467
3.06,32265.8,35709.2,1.4817,1.7391,139.0,98.3,0.467
3.08,32314.1,35743.8,1.7504,1.8239,139.0,98.3,0.467
3.1,32250.1,35640.1,1.3949,1.5694,139.0,98.3,0.467
3.12,32216.0,35439.7,1.2051,1.0775,139.0,98.3,0.467
3.14,32099.6,35228.0,0.5575,0.5579,139.0,98.3,0.467
3.16,32084.5,35127.3,0.4737,0.3108,139.0,98.3,0.467
3.18,32001.0,35109.5,0.0095,0.267,139.0,98.3,0.467
3.2,31947.9,35007.1,-0.2859,0.0156,139.0,98.3,0.467
3.22,32064.0,34944.8,0.3601,-0.1372,139.0,98.3,0.467
3.24,31874.9,34917.0,-0.6917,-0.2055,139.0,98.3,0.467
3.26,31867.8,34792.9,-0.7313,-0.51,139.0,98.3,0.467
3.28,31906.2,34668.9,-0.5178,-0.8145,139.0,98.3,0.467
3.3,31848.7,34576.6,-0.8373,-1.0409,139.0,98.3,0.467
3.32,31878.8,34729.7,-0.6701,-0.6652,139.0,98.3,0.467
3.34,31817.5,34566.6,-1.0108,-1.0654,139.0,98.3,0.467
3.36,31783.1,34578.8,-1.202,-1.0355,139.0,98.3,0.467
3.38,31738.1,34471.2,-1.4524,-1.2998,139.0,98.3,0.467
3.4,31776.5,34522.7,-1.2387,-1.1732,139.0,98.3,0.467
3.42,31814.2,34556.2,-1.0294,-1.091,139.0,98.3,0.467
3.44,32007.3,34879.3,0.0448,-0.2981,139.0,98.3,0.467
3.46,32128.5,35198.1,0.7187,0.4846,139.0,98.3,0.467
3.48,32262.0,35616.3,1.461,1.5111,139.0,98.3,0.467
3.5,32434.1,35700.5,2.4177,1.7176,139.0,98.3,0.467
3.52,32338.2,35696.1,1.8845,1.7069,139.0,98.3,0.467
3.54,32271.6,35601.2,1.5142,1.474,139.0,98.3,0.467
3.56,32184.5,35360.0,1.0299,0.8818,139.0,98.3,0.467
3.58,32088.6,35157.3,0.4964,0.3843,139.0,98.3,0.467
3.6,31930.8,35080.7,-0.381,0.1964,139.0,98.3,0.467
3.62,32094.9,35057.2,0.5314,0.1386,139.0,98.3,0.467
3.64,31978.5,35042.5,-0.1155,0.1026,139.0,98.3,0.467
3.66,31995.5,34948.1,-0.0209,-0.129,139.0,98.3,0.467
3.68,31952.1,34858.1,-0.2623,-0.3499,139.0,98.3,0.467
3.7,31841.7,34822.0,-0.8761,-0.4387,139.0,98.3,0.467
3.72,31798.4,34650.4,-1.1168,-0.8598,139.0,98.3,0.467
3.74,31890.6,34695.7,-0.6044,-0.7486,139.0,98.3,0.467
3.76,31822.9,34617.1,-0.981,-0.9416,139.0,98.3,0.467
3.78,31843.2,34614.6,-0.8678,-0.9477,139.0,98.3,0.467
3.8,31790.4,34528.3,-1.1617,-1.1594,139.0,98.3,0.467
3.82,31752.1,34451.7,-1.3745,-1.3476,139.0,98.3,0.467
3.84,31715.7,34504.5,-1.5767,-1.218,139.0,98.3,0.467
3.86,31882.4,34791.1,-0.6501,-0.5146,139.0,98.3,0.467
3.88,32060.0,35021.9,0.3378,0.0521,139.0,98.3,0.467
3.9,32173.8,35484.5,0.9703,1.1876,139.0,98.3,0.467
3.92,32323.5,35627.3,1.8028,1.538,139.0,98.3,0.467
3.94,32345.8,35701.2,1.9266,1.7193,139.0,98.3,0.467
3.96,32323.6,35659.3,1.8031,1.6165,139.0,98.3,0.467
3.98,32248.7,35487.5,1.3871,1.1949,139.0,98.3,0.467
4.0,32197.5,35366.8,1.1022,0.8987,139.0,98.3,0.467
4.02,32101.1,35221.8,0.5662,0.5426,139.0,98.3,0.467
4.04,32030.8,35068.9,0.1749,0.1674,139.0,98.3,0.467
4.06,32030.5,35104.6,0.1736,0.2551,139.0,98.3,0.467
4.08,32040.3,34985.8,0.228,-0.0366,139.0,98.3,0.467
4.1,32051.7,34989.0,0.2914,-0.0288,139.0,98.3,0.467
4.12,31924.0,34846.2,-0.4187,-0.3794,139.0,98.3,0.467
4.14,31880.0,34690.6,-0.6635,-0.7613,139.0,98.3,0.467
4.16,31944.6,34643.4,-0.3042,-0.8771,139.0,98.3,0.467
4.18,31831.3,34655.3,-0.9338,-0.8477,139.0,98.3,0.467
4.2,31856.8,34629.1,-0.792,-0.9122,139.0,98.3,0.467
4.22,31804.0,34555.5,-1.0861,-1.0927,139.0,98.3,0.467
4.24,31729.7,34435.0,-1.4988,-1.3886,139.0,98.3,0.467
4.26,31808.7,34507.5,-1.0599,-1.2106,139.0,98.3,0.467
4.28,31758.2,34564.4,-1.3403,-1.071,139.0,98.3,0.467
4.3,32006.6,34783.5,0.0409,-0.533,139.0,98.3,0.467
4.32,32050.2,35184.8,0.2829,0.4518,139.0,98.3,0.467
4.34,32177.7,35449.0,0.9918,1.1003,139.0,98.3,0.467
4.36,32312.2,35670.2,1.7399,1.6434,139.0,98.3,0.467
4.38,32274.2,35756.7,1.5288,1.8557,139.0,98.3,0.467
4.4,32356.0,35643.8,1.9832,1.5784,139.0,98.3,0.467
4.42,32152.8,35416.8,0.8537,1.0212,139.0,98.3,0.467
4.44,32098.9,35230.8,0.554,0.5648,139.0,98.3,0.467
4.46,32073.5,35105.0,0.4129,0.2559,139.0,98.3,0.467
4.48,32094.6,35128.8,0.5297,0.3143,139.0,98.3,0.467
4.5,31997.5,34978.0,-0.0101,-0.0557,139.0,98.3,0.467
4.52,32003.9,35087.4,0.0256,0.2127,139.0,98.3,0.467
4.54,31945.4,34845.4,-0.2996,-0.3812,139.0,98.3,0.467
4.56,31900.9,34857.2,-0.5471,-0.3522,139.0,98.3,0.467
4.58,31932.0,34720.1,-0.3743,-0.6889,139.0,98.3,0.467
4.6,31981.7,34581.5,-0.0977,-1.029,139.0,98.3,0.467
4.62,31862.4,34591.8,-0.761,-1.0037,139.0,98.3,0.467
4.64,31795.8,34561.6,-1.1313,-1.0778,139.0,98.3,0.467
4.66,31756.8,34438.1,-1.3482,-1.3808,139.0,98.3,0.467
4.68,31740.1,34459.9,-1.441,-1.3274,139.0,98.3,0.467
4.7,31738.1,34556.2,-1.4525,-1.0911,139.0,98.3,0.467
4.72,31834.5,34692.1,-0.9164,-0.7574,139.0,98.3,0.467
4.74,32033.1,35006.1,0.188,0.0132,139.0,98.3,0.467
4.76,32208.8,35410.2,1.1651,1.0052,139.0,98.3,0.467
4.78,32286.9,35616.2,1.5992,1.5109,139.0,98.3,0.467
4.8,32261.2,35787.0,1.4563,1.93,139.0,98.3,0.467
4.82,32348.2,35704.3,1.9401,1.7271,139.0,98.3,0.467
4.84,32223.6,35495.1,1.2473,1.2135,139.0,98.3,0.467
4.86,32137.2,35388.6,0.7671,0.9522,139.0,98.3,0.467
4.88,32012.7,35209.3,0.0747,0.512,139.0,98.3,0.467
4.9,32012.7,35127.1,0.0746,0.3103,139.0,98.3,0.467
4.92,31938.7,35078.1,-0.3369,0.1901,139.0,98.3,0.467
4.94,31893.8,34996.3,-0.5863,-0.0108,139.0,98.3,0.467
4.96,31923.4,34923.0,-0.4217,-0.1907,139.0,98.3,0.467
4.98,31965.5,34788.9,-0.1876,-0.52,139.0,98.3,0.467
5.0,31877.5,34747.0,-0.6769,-0.6226,139.0,98.3,0.467
5.02,31854.1,34682.1,-0.8074,-0.7821,139.0,98.3,0.467
5.04,31881.4,34735.9,-0.6557,-0.6499,139.0,98.3,0.467
5.06,31822.9,34636.1,-0.9809,-0.8949,139.0,98.3,0.467
5.08,31774.0,34573.4,-1.2524,-1.0489,139.0,98.3,0.467
5.1,31688.1,34485.5,-1.7305,-1.2645,139.0,98.3,0.467
5.12,31676.5,34485.6,-1.795,-1.2643,139.0,98.3,0.467
5.14,31878.9,34477.2,-0.6693,-1.2849,139.0,98.3,0.467
5.16,32011.2,34844.3,0.066,-0.384,139.0,98.3,0.467
5.18,31988.0,35098.1,-0.063,0.239,139.0,98.3,0.467
5.2,32170.0,35506.8,0.9491,1.2421,139.0,98.3,0.467
5.22,32233.8,35730.3,1.3042,1.7907,139.0,98.3,0.467
5.24,32425.8,35777.4,2.3713,1.9065,139.0,98.3,0.467
5.26,32285.8,35593.8,1.5933,1.4557,139.0,98.3,0.467
5.28,32165.9,35432.6,0.9265,1.0602,139.0,98.3,0.467
5.3,32107.1,35336.0,0.5993,0.8229,139.0,98.3,0.467
5.32,32055.9,35196.3,0.3148,0.4802,139.0,98.3,0.467
5.34,32133.4,35087.4,0.7456,0.2127,139.0,98.3,0.467
5.36,31952.1,35128.0,-0.2623,0.3124,139.0,98.3,0.467
5.38,32114.2,35005.0,0.6389,0.0105,139.0,98.3,0.467
5.4,31922.9,34860.7,-0.4246,-0.3437,139.0,98.3,0.467
5.42,31850.4,34792.9,-0.8279,-0.5102,139.0,98.3,0.467
5.44,31890.5,34673.7,-0.6049,-0.8026,139.0,98.3,0.467
5.46,31840.3,34756.6,-0.8843,-0.5991,139.0,98.3,0.467
5.48,31926.9,34635.9,-0.4025,-0.8955,139.0,98.3,0.467
5.5,31770.8,34600.1,-1.2704,-0.9833,139.0,98.3,0.467
5.52,31863.2,34503.6,-0.7567,-1.2202,139.0,98.3,0.467
5.54,31869.6,34484.7,-0.7212,-1.2666,139.0,98.3,0.467
5.56,31757.3,34383.2,-1.3453,-1.5157,139.0,98.3,0.467
5.58,31819.6,34653.0,-0.9991,-0.8534,139.0,98.3,0.467
5.6,31942.0,34887.9,-0.3187,-0.2769,139.0,98.3,0.467
5.62,32123.6,35270.5,0.6911,0.6623,139.0,98.3,0.467
5.64,32186.6,35624.5,1.0416,1.5312,139.0,98.3,0.467
5.66,32287.7,35731.4,1.6037,1.7934,139.0,98.3,0.467
5.68,32338.5,35716.9,1.8863,1.758,139.0,98.3,0.467
5.7,32181.3,35555.7,1.0119,1.3621,139.0,98.3,0.467
5.72,32129.0,35421.3,0.721,1.0323,139.0,98.3,0.467
5.74,32155.7,35260.2,0.87,0.6369,139.0,98.3,0.467
5.76,32017.9,35071.5,0.1035,0.1738,139.0,98.3,0.467
5.78,32093.9,35066.1,0.5262,0.1606,139.0,98.3,0.467
5.8,31905.4,34932.5,-0.5219,-0.1673,139.0,98.3,0.467
5.82,31976.7,34892.6,-0.1256,-0.2653,139.0,98.3,0.467
5.84,31908.2,34837.1,-0.5064,-0.4016,139.0,98.3,0.467
5.86,31837.7,34719.4,-0.8983,-0.6905,139.0,98.3,0.467
5.88,31836.2,34670.0,-0.9067,-0.8118,139.0,98.3,0.467
5.9,31862.1,34712.2,-0.7629,-0.7082,139.0,98.3,0.467
5.92,31838.9,34590.0,-0.8916,-1.0081,139.0,98.3,0.467
5.94,31878.3,34522.2,-0.6726,-1.1744,139.0,98.3,0.467
5.96,31779.9,34535.5,-1.2197,-1.1418,139.0,98.3,0.467
5.98,31759.8,34384.0,-1.3314,-1.5137,139.0,98.3,0.467
6.0,31765.9,34487.3,-1.2975,-1.2601,139.0,98.3,0.467
6.02,31831.6,34784.4,-0.9321,-0.5309,139.0,98.3,0.467
6.04,31985.1,34971.9,-0.079,-0.0708,139.0,98.3,0.467
6.06,32222.3,35432.9,1.2398,1.0608,139.0,98.3,0.467
6.08,32248.4,35699.1,1.385,1.7143,139.0,98.3,0.467
6.1,32396.8,35748.0,2.2102,1.8342,139.0,98.3,0.467
6.12,32182.9,35665.0,1.0207,1.6305,139.0,98.3,0.467
6.14,32265.5,35503.8,1.4801,1.2348,139.0,98.3,0.467
6.16,32077.0,35321.2,0.4323,0.7866,139.0,98.3,0.467
6.18,32103.3,35098.0,0.5781,0.2388,139.0,98.3,0.467
6.2,31981.2,35135.1,-0.1003,0.3298,139.0,98.3,0.467
6.22,32013.8,35078.2,0.081,0.1902,139.0,98.3,0.467
6.24,32065.8,35055.3,0.3697,0.1339,139.0,98.3,0.467
6.26,31960.3,34804.8,-0.2169,-0.4809,139.0,98.3,0.467
6.28,31875.2,34786.0,-0.69,-0.5271,139.0,98.3,0.467
6.3,31880.6,34750.4,-0.6597,-0.6145,139.0,98.3,0.467
6.32,31833.9,34668.4,-0.9198,-0.8156,139.0,98.3,0.467
6.34,31836.5,34765.4,-0.905,-0.5775,139.0,98.3,0.467
6.36,31886.7,34637.3,-0.6258,-0.8919,139.0,98.3,0.467
6.38,31742.5,34562.6,-1.4277,-1.0754,139.0,98.3,0.467
6.4,31790.2,34491.4,-1.1627,-1.2501,139.0,98.3,0.467
6.42,31768.2,34428.7,-1.2851,-1.4041,139.0,98.3,0.467
6.44,31839.8,34542.9,-0.8866,-1.1238,139.0,98.3,0.467
6.46,31935.5,34912.6,-0.3547,-0.2163,139.0,98.3,0.467
6.48,32099.7,35157.2,0.5582,0.3842,139.0,98.3,0.467
6.5,32223.6,35597.1,1.2474,1.4638,139.0,98.3,0.467
6.52,32292.1,35737.4,1.6282,1.8083,139.0,98.3,0.467
6.54,32271.6,35749.9,1.5142,1.8388,139.0,98.3,0.467
6.56,32261.4,35635.7,1.4574,1.5585,139.0,98.3,0.467
6.58,32073.7,35395.4,0.4135,0.9687,139.0,98.3,0.467
6.6,32088.4,35311.3,0.4953,0.7623,139.0,98.3,0.467
6.62,32110.6,35160.8,0.619,0.3931,139.0,98.3,0.467
6.64,32058.1,35137.5,0.3269,0.3357,139.0,98.3,0.467
6.66,32085.7,35010.6,0.4806,0.0242,139.0,98.3,0.467
6.68,31869.4,35014.8,-0.7223,0.0345,139.0,98.3,0.467
6.7,31980.4,34869.4,-0.1049,-0.3223,139.0,98.3,0.467
6.72,31887.1,34668.6,-0.6238,-0.8151,139.0,98.3,0.467
6.74,31878.3,34740.6,-0.6726,-0.6384,139.0,98.3,0.467
6.76,31933.4,34693.3,-0.3665,-0.7545,139.0,98.3,0.467
6.78,31843.1,34650.4,-0.8687,-0.8599,139.0,98.3,0.467
6.8,31872.1,34616.7,-0.7071,-0.9427,139.0,98.3,0.467
6.82,31784.5,34647.6,-1.1942,-0.8667,139.0,98.3,0.467
6.84,31797.9,34467.3,-1.1197,-1.3093,139.0,98.3,0.467
6.86,31772.5,34471.8,-1.2611,-1.2983,139.0,98.3,0.467
6.88,31902.0,34663.4,-0.541,-0.828,139.0,98.3,0.467
6.9,31939.3,35071.6,-0.3337,0.1741,139.0,98.3,0.467
6.92,32161.7,35338.2,0.9031,0.8285,139.0,98.3,0.467
6.94,32328.7,35622.0,1.8315,1.525,139.0,98.3,0.467
6.96,32344.6,35726.1,1.9199,1.7806,139.0,98.3,0.467
6.98,32293.8,35697.8,1.6376,1.711,139.0,98.3,0.467
7.0,32195.5,35539.1,1.0912,1.3215,139.0,98.3,0.467
7.02,32139.8,35310.6,0.7813,0.7606,139.0,98.3,0.467
7.04,32062.6,35181.9,0.3522,0.4446,139.0,98.3,0.467
7.06,32064.7,35087.0,0.3639,0.2117,139.0,98.3,0.467
7.08,31962.5,35039.0,-0.2045,0.094,139.0,98.3,0.467
7.1,31974.0,34964.9,-0.1407,-0.0879,139.0,98.3,0.467
7.12,31998.7,34827.7,-0.003,-0.4245,139.0,98.3,0.467
7.14,31954.6,34777.3,-0.2483,-0.5483,139.0,98.3,0.467
7.16,31846.3,34703.1,-0.8508,-0.7304,139.0,98.3,0.467
7.18,31840.6,34611.6,-0.8822,-0.955,139.0,98.3,0.467
7.2,31816.1,34633.5,-1.0186,-0.9014,139.0,98.3,0.467
7.22,31860.6,34680.4,-0.7711,-0.7862,139.0,98.3,0.467
7.24,31765.1,34629.0,-1.3024,-0.9125,139.0,98.3,0.467
7.26,31868.1,34497.6,-0.7297,-1.2349,139.0,98.3,0.467
7.28,31833.0,34463.4,-0.9244,-1.3189,139.0,98.3,0.467
7.3,31791.8,34577.8,-1.1535,-1.0381,139.0,98.3,0.467
7.32,31890.0,34770.7,-0.6075,-0.5645,139.0,98.3,0.467
7.34,31963.1,35120.2,-0.2014,0.2933,139.0,98.3,0.467
7.36,32222.2,35422.7,1.2397,1.0357,139.0,98.3,0.467
7.38,32400.3,35686.6,2.2297,1.6836,139.0,98.3,0.467
7.4,32251.6,35794.7,1.403,1.9488,139.0,98.3,0.467
7.42,32318.2,35618.1,1.7731,1.5155,139.0,98.3,0.467
7.44,32145.1,35356.6,0.8107,0.8736,139.0,98.3,0.467
7.46,32151.9,35351.6,0.8486,0.8612,139.0,98.3,0.467
7.48,32012.6,35167.4,0.0741,0.4091,139.0,98.3,0.467
7.5,32008.5,35151.1,0.0515,0.3692,139.0,98.3,0.467
7.52,32121.5,35068.3,0.6796,0.1658,139.0,98.3,0.467
7.54,32007.6,34914.5,0.0462,-0.2115,139.0,98.3,0.467
7.56,31921.7,34948.1,-0.4314,-0.1291,139.0,98.3,0.467
7.58,31880.7,34691.0,-0.6596,-0.7603,139.0,98.3,0.467
7.6,31927.8,34633.4,-0.3976,-0.9015,139.0,98.3,0.467
7.62,31930.1,34694.4,-0.3848,-0.7518,139.0,98.3,0.467
7.64,31858.7,34622.1,-0.7819,-0.9292,139.0,98.3,0.467
7.66,31886.1,34633.8,-0.6291,-0.9006,139.0,98.3,0.467
7.68,31772.8,34520.6,-1.2591,-1.1784,139.0,98.3,0.467
7.7,31705.8,34507.3,-1.6319,-1.2111,139.0,98.3,0.467
7.72,31742.0,34444.4,-1.4304,-1.3655,139.0,98.3,0.467
7.74,31856.4,34611.6,-0.7946,-0.9551,139.0,98.3,0.467
7.76,32025.3,34944.9,0.1449,-0.1369,139.0,98.3,0.467
7.78,32137.9,35234.3,0.7705,0.5733,139.0,98.3,0.467
7.8,32244.4,35580.5,1.3629,1.423,139.0,98.3,0.467
7.82,32367.3,35775.9,2.0463,1.9027,139.0,98.3,0.467
7.84,32301.3,35647.4,1.6793,1.5872,139.0,98.3,0.467
7.86,32260.1,35437.0,1.4503,1.0709,139.0,98.3,0.467
7.88,32158.0,35365.9,0.8823,0.8964,139.0,98.3,0.467
7.9,32142.0,35205.9,0.7938,0.5036,139.0,98.3,0.467
7.92,32053.3,35137.4,0.3003,0.3354,139.0,98.3,0.467
7.94,31947.6,35083.1,-0.2874,0.2023,139.0,98.3,0.467
7.96,32030.3,35058.9,0.1725,0.1427,139.0,98.3,0.467
7.98,31994.5,34894.2,-0.0268,-0.2614,139.0,98.3,0.467
8.0,31956.0,34816.6,-0.2405,-0.4519,139.0,98.3,0.467
8.02,31908.8,34754.3,-0.5033,-0.6047,139.0,98.3,0.467
8.04,31819.9,34678.8,-0.9976,-0.79,139.0,98.3,0.467
8.06,31867.3,34587.2,-0.7336,-1.0149,139.0,98.3,0.467
8.08,31867.5,34650.0,-0.733,-0.8608,139.0,98.3,0.467
8.1,31769.8,34519.8,-1.2761,-1.1804,139.0,98.3,0.467
8.12,31875.2,34508.6,-0.6899,-1.208,139.0,98.3,0.467
8.14,31787.7,34522.0,-1.1764,-1.1751,139.0,98.3,0.467
8.16,31850.3,34587.9,-0.8283,-1.0132,139.0,98.3,0.467
8.18,31823.4,34802.7,-0.9779,-0.4859,139.0,98.3,0.467
8.2,32116.3,34999.2,0.6505,-0.0037,139.0,98.3,0.467
8.22,32144.4,35449.2,0.8071,1.1009,139.0,98.3,0.467
8.24,32345.3,35688.8,1.9242,1.689,139.0,98.3,0.467
8.26,32306.0,35726.1,1.7053,1.7804,139.0,98.3,0.467
8.28,32235.0,35681.1,1.3105,1.6699,139.0,98.3,0.467
8.3,32272.2,35451.8,1.5176,1.1072,139.0,98.3,0.467
8.32,32176.1,35300.1,0.9832,0.7349,139.0,98.3,0.467
8.34,32068.9,35190.6,0.3871,0.466,139.0,98.3,0.467
8.36,31993.1,35168.8,-0.0345,0.4127,139.0,98.3,0.467
8.38,32068.8,35066.5,0.3867,0.1616,139.0,98.3,0.467
8.4,31994.7,35095.7,-0.0254,0.233,139.0,98.3,0.467
8.42,31869.2,34886.6,-0.7231,-0.28,139.0,98.3,0.467
8.44,31929.4,34699.5,-0.3885,-0.7394,139.0,98.3,0.467
8.46,31892.0,34703.7,-0.5965,-0.7291,139.0,98.3,0.467
8.48,31878.4,34711.5,-0.6723,-0.7099,139.0,98.3,0.467
8.5,31809.7,34698.1,-1.0544,-0.7426,139.0,98.3,0.467
8.52,31902.9,34550.8,-0.5358,-1.1042,139.0,98.3,0.467
8.54,31782.0,34526.4,-1.2082,-1.1643,139.0,98.3,0.467
8.56,31817.0,34416.8,-1.0138,-1.4333,139.0,98.3,0.467
8.58,31726.6,34462.3,-1.516,-1.3215,139.0,98.3,0.467
8.6,31902.4,34511.7,-0.5386,-1.2003,139.0,98.3,0.467
8.62,31909.5,34913.6,-0.4995,-0.2137,139.0,98.3,0.467
8.64,32080.5,35278.0,0.4517,0.6807,139.0,98.3,0.467
8.66,32244.6,35506.4,1.3641,1.2412,139.0,98.3,0.467
8.68,32337.8,35842.7,1.8821,2.0668,139.0,98.3,0.467
8.7,32231.0,35740.6,1.2881,1.816,139.0,98.3,0.467
8.72,32319.3,35620.5,1.7792,1.5214,139.0,98.3,0.467
8.74,32208.3,35453.9,1.1622,1.1124,139.0,98.3,0.467
8.76,32112.9,35219.0,0.6319,0.5357,139.0,98.3,0.467
8.78,32032.1,35210.3,0.1827,0.5144,139.0,98.3,0.467
8.8,32035.8,35091.4,0.203,0.2227,139.0,98.3,0.467
8.82,32054.0,35034.1,0.3039,0.0819,139.0,98.3,0.467
8.84,31984.5,34947.8,-0.0821,-0.1298,139.0,98.3,0.467
8.86,31932.4,34830.8,-0.3717,-0.4171,139.0,98.3,0.467
8.88,31918.7,34743.9,-0.4482,-0.6304,139.0,98.3,0.467
8.9,31807.1,34714.4,-1.0688,-0.7028,139.0,98.3,0.467
8.92,31891.5,34634.5,-0.5994,-0.8989,139.0,98.3,0.467
8.94,31892.6,34664.7,-0.5934,-0.8249,139.0,98.3,0.467
8.96,31863.8,34639.8,-0.7532,-0.886,139.0,98.3,0.467
8.98,31778.0,34396.8,-1.2306,-1.4822,139.0,98.3,0.467
9.0,31744.3,34456.4,-1.4177,-1.3359,139.0,98.3,0.467
9.02,31740.5,34572.8,-1.4389,-1.0504,139.0,98.3,0.467
9.04,31836.8,34683.9,-0.9032,-0.7776,139.0,98.3,0.467
9.06,31919.4,35007.2,-0.444,0.0161,139.0,98.3,0.467
9.08,32240.7,35328.5,1.3425,0.8046,139.0,98.3,0.467
9.1,32208.5,35719.3,1.1635,1.7638,139.0,98.3,0.467
9.12,32379.1,35737.5,2.1117,1.8086,139.0,98.3,0.467
9.14,32339.5,35616.9,1.8916,1.5124,139.0,98.3,0.467
9.16,32273.0,35573.3,1.5219,1.4053,139.0,98.3,0.467
9.18,32134.5,35298.4,0.7521,0.7307,139.0,98.3,0.467
9.2,32070.6,35209.4,0.3963,0.5122,139.0,98.3,0.467
9.22,32114.5,35101.7,0.6407,0.2479,139.0,98.3,0.467
9.24,32050.9,35063.6,0.2872,0.1543,139.0,98.3,0.467
9.26,32117.8,34975.0,0.6588,-0.0631,139.0,98.3,0.467
9.28,31981.7,34934.4,-0.0977,-0.1628,139.0,98.3,0.467
9.3,31919.0,34820.2,-0.4465,-0.4429,139.0,98.3,0.467
9.32,31860.3,34719.3,-0.7727,-0.6907,139.0,98.3,0.467
9.34,31849.1,34646.7,-0.8351,-0.8689,139.0,98.3,0.467
9.36,31861.9,34631.0,-0.764,-0.9076,139.0,98.3,0.467
9.38,31782.0,34612.0,-1.2082,-0.954,139.0,98.3,0.467
9.4,31840.6,34537.0,-0.8821,-1.1381,139.0,98.3,0.467
9.42,31776.8,34384.7,-1.2368,-1.5121,139.0,98.3,0.467
9.44,31695.5,34437.9,-1.6894,-1.3815,139.0,98.3,0.467
9.46,31800.7,34507.4,-1.104,-1.2109,139.0,98.3,0.467
9.48,31906.8,34801.5,-0.5142,-0.489,139.0,98.3,0.467
9.5,32164.8,35113.1,0.9204,0.276,139.0,98.3,0.467
9.52,32154.1,35569.6,0.8606,1.3964,139.0,98.3,0.467
9.54,32221.6,35657.6,1.2363,1.6124,139.0,98.3,0.467
9.56,32300.8,35710.1,1.6763,1.7412,139.0,98.3,0.467
9.58,32345.1,35652.8,1.9226,1.6005,139.0,98.3,0.467
9.6,32047.8,35370.5,0.2697,0.9077,139.0,98.3,0.467
9.62,32133.1,35241.0,0.7443,0.5898,139.0,98.3,0.467
9.64,32079.4,35163.1,0.4456,0.3985,139.0,98.3,0.467
9.66,32012.1,35127.4,0.0713,0.311,139.0,98.3,0.467
9.68,32024.3,35099.5,0.139,0.2425,139.0,98.3,0.467
9.7,31962.7,34962.0,-0.2035,-0.095,139.0,98.3,0.467
9.72,31978.4,34726.0,-0.1159,-0.6743,139.0,98.3,0.467
9.74,31813.3,34785.5,-1.034,-0.5282,139.0,98.3,0.467
9.76,31812.7,34747.8,-1.0373,-0.6207,139.0,98.3,0.467
9.78,31806.0,34635.6,-1.0748,-0.8961,139.0,98.3,0.467
9.8,31823.1,34630.3,-0.9795,-0.9091,139.0,98.3,0.467
9.82,31818.3,34655.5,-1.0063,-0.8473,139.0,98.3,0.467
9.84,31833.0,34470.1,-0.9245,-1.3024,139.0,98.3,0.467
9.86,31772.8,34423.9,-1.2595,-1.4159,139.0,98.3,0.467
9.88,31840.5,34476.9,-0.883,-1.2856,139.0,98.3,0.467
9.9,31919.7,34683.0,-0.4423,-0.7798,139.0,98.3,0.467
9.92,31994.4,35041.2,-0.0274,0.0993,139.0,98.3,0.467
9.94,32209.5,35271.2,1.1688,0.6639,139.0,98.3,0.467
9.96,32306.2,35690.9,1.7066,1.6941,139.0,98.3,0.467
9.98,32382.9,35728.6,2.1333,1.7866,139.0,98.3,0.467
10.0,32241.1,35707.8,1.3443,1.7356,139.0,98.3,0.467
10.02,32272.9,35668.7,1.5215,1.6396,139.0,98.3,0.467
10.04,32103.4,35289.7,0.579,0.7094,139.0,98.3,0.467
10.06,32131.0,35242.2,0.7326,0.5927,139.0,98.3,0.467
10.08,32099.1,35131.6,0.5551,0.3212,139.0,98.3,0.467
10.1,31988.6,35089.8,-0.0595,0.2188,139.0,98.3,0.467
10.12,31886.0,35020.7,-0.6299,0.0491,139.0,98.3,0.467
10.14,32056.5,34866.0,0.3181,-0.3307,139.0,98.3,0.467
10.16,31854.1,34720.5,-0.8073,-0.6879,139.0,98.3,0.467
10.18,31932.7,34716.7,-0.3702,-0.6971,139.0,98.3,0.467
10.2,31733.3,34683.8,-1.479,-0.7778,139.0,98.3,0.467
10.22,31831.1,34674.1,-0.935,-0.8017,139.0,98.3,0.467
10.24,31820.1,34555.9,-0.9964,-1.0919,139.0,98.3,0.467
10.26,31867.3,34587.3,-0.7337,-1.0148,139.0,98.3,0.467
10.28,31801.0,34489.2,-1.1025,-1.2555,139.0,98.3,0.467
10.3,31728.3,34438.1,-1.507,-1.381,139.0,98.3,0.467
10.32,31863.6,34528.9,-0.7542,-1.1582,139.0,98.3,0.467
10.34,31888.8,34694.5,-0.6142,-0.7517,139.0,98.3,0.467
10.36,31955.8,35177.1,-0.242,0.433,139.0,98.3,0.467
10.38,32249.4,35421.7,1.3905,1.0334,139.0,98.3,0.467
10.4,32303.2,35675.2,1.6897,1.6557,139.0,98.3,0.467
10.42,32261.0,35805.8,1.4553,1.9761,139.0,98.3,0.467
10.44,32266.7,35618.1,1.4872,1.5155,139.0,98.3,0.467
10.46,32160.1,35374.8,0.894,0.9183,139.0,98.3,0.467
10.48,32140.2,35292.1,0.7838,0.7153,139.0,98.3,0.467
10.5,32076.3,35207.4,0.4282,0.5073,139.0,98.3,0.467
10.52,32069.1,35158.9,0.3879,0.3883,139.0,98.3,0.467
10.54,31961.0,35113.2,-0.2126,0.2761,139.0,98.3,0.467
10.56,32016.9,34992.7,0.0979,-0.0196,139.0,98.3,0.467
10.58,31983.5,34909.0,-0.0876,-0.225,139.0,98.3,0.467
10.6,31961.8,34789.4,-0.2084,-0.5186,139.0,98.3,0.467
10.62,31934.0,34637.5,-0.3631,-0.8916,139.0,98.3,0.467
10.64,31855.8,34664.9,-0.7976,-0.8242,139.0,98.3,0.467
10.66,31848.6,34666.9,-0.8376,-0.8194,139.0,98.3,0.467
10.68,31900.2,34611.2,-0.5507,-0.9561,139.0,98.3,0.467
10.7,31786.3,34555.2,-1.1844,-1.0936,139.0,98.3,0.467
10.72,31738.6,34405.5,-1.4496,-1.4611,139.0,98.3,0.467
10.74,31794.6,34487.5,-1.138,-1.2597,139.0,98.3,0.467
10.76,31782.2,34619.7,-1.2072,-0.9353,139.0,98.3,0.467
10.78,31915.3,34885.7,-0.4671,-0.2823,139.0,98.3,0.467
10.8,32020.4,35296.5,0.1172,0.7261,139.0,98.3,0.467
10.82,32225.5,35573.3,1.2577,1.4055,139.0,98.3,0.467
10.84,32308.2,35732.2,1.7174,1.7955,139.0,98.3,0.467
10.86,32328.9,35760.7,1.8325,1.8655,139.0,98.3,0.467
10.88,32194.3,35697.9,1.0841,1.7112,139.0,98.3,0.467
10.9,32122.4,35403.5,0.6848,0.9885,139.0,98.3,0.467
10.92,32053.8,35253.0,0.3032,0.6192,139.0,98.3,0.467
10.94,31994.2,35117.0,-0.0281,0.2854,139.0,98.3,0.467
10.96,32092.0,35040.1,0.5156,0.0966,139.0,98.3,0.467
10.98,32056.6,34963.7,0.3184,-0.0908,139.0,98.3,0.467
11.0,31871.1,34911.6,-0.7129,-0.2187,139.0,98.3,0.467
11.02,31861.3,34820.5,-0.7675,-0.4422,139.0,98.3,0.467
11.04,31923.9,34805.5,-0.419,-0.4791,139.0,98.3,0.467
11.06,31880.7,34726.1,-0.6591,-0.6741,139.0,98.3,0.467
11.08,31931.4,34729.4,-0.3776,-0.666,139.0,98.3,0.467
11.1,31816.0,34674.6,-1.0191,-0.8003,139.0,98.3,0.467
11.12,31786.1,34653.9,-1.1855,-0.8512,139.0,98.3,0.467
11.14,31772.6,34535.0,-1.2605,-1.1431,139.0,98.3,0.467
11.16,31709.8,34408.6,-1.6098,-1.4533,139.0,98.3,0.467
11.18,31774.3,34484.8,-1.2508,-1.2663,139.0,98.3,0.467
11.2,31841.8,34725.2,-0.8757,-0.6763,139.0,98.3,0.467
11.22,31968.8,34992.5,-0.1695,-0.0201,139.0,98.3,0.467
11.24,32214.9,35320.2,1.1986,0.7841,139.0,98.3,0.467
11.26,32329.7,35633.5,1.837,1.5532,139.0,98.3,0.467
11.28,32245.0,35749.3,1.3661,1.8374,139.0,98.3,0.467
11.3,32340.9,35636.2,1.8993,1.5597,139.0,98.3,0.467
11.32,32189.0,35495.2,1.0549,1.2138,139.0,98.3,0.467
11.34,32235.0,35212.5,1.3104,0.52,139.0,98.3,0.467
11.36,32031.3,35158.7,0.1779,0.3879,139.0,98.3,0.467
11.38,32083.2,34989.3,0.4668,-0.0281,139.0,98.3,0.467
11.4,32062.4,35074.2,0.3509,0.1803,139.0,98.3,0.467
11.42,31949.2,35030.7,-0.2783,0.0736,139.0,98.3,0.467
11.44,31945.0,34957.9,-0.3021,-0.1051,139.0,98.3,0.467
11.46,31955.3,34728.3,-0.2443,-0.6687,139.0,98.3,0.467
11.48,31857.8,34757.4,-0.787,-0.5972,139.0,98.3,0.467
11.5,31905.4,34654.5,-0.5222,-0.8497,139.0,98.3,0.467
11.52,31917.9,34629.9,-0.4524,-0.9102,139.0,98.3,0.467
11.54,31867.2,34642.9,-0.7347,-0.8783,139.0,98.3,0.467
11.56,31823.1,34554.5,-0.9797,-1.0952,139.0,98.3,0.467
11.58,31743.4,34441.5,-1.4228,-1.3726,139.0,98.3,0.467
11.6,31760.8,34502.2,-1.3259,-1.2236,139.0,98.3,0.467
11.62,31862.0,34561.9,-0.7635,-1.0772,139.0,98.3,0.467
11.64,31869.1,34863.8,-0.7237,-0.3361,139.0,98.3,0.467
11.66,32123.8,35245.7,0.6921,0.6014,139.0,98.3,0.467
11.68,32205.1,35518.9,1.1443,1.2719,139.0,98.3,0.467
11.7,32206.7,35665.9,1.153,1.6328,139.0,98.3,0.467
11.72,32375.6,35696.7,2.0925,1.7084,139.0,98.3,0.467
11.74,32252.2,35597.2,1.4064,1.464,139.0,98.3,0.467
11.76,32107.9,35515.5,0.6038,1.2636,139.0,98.3,0.467
11.78,32085.1,35262.0,0.4774,0.6414,139.0,98.3,0.467
11.8,32047.4,35074.5,0.2677,0.1811,139.0,98.3,0.467
11.82,32025.9,35192.4,0.1477,0.4705,139.0,98.3,0.467
11.84,32054.6,35111.1,0.3074,0.271,139.0,98.3,0.467
11.86,32057.3,34925.0,0.3226,-0.1859,139.0,98.3,0.467
11.88,31902.1,34787.1,-0.5404,-0.5243,139.0,98.3,0.467
11.9,31899.9,34736.7,-0.5527,-0.6479,139.0,98.3,0.467
11.92,31893.3,34728.0,-0.5895,-0.6694,139.0,98.3,0.467
11.94,31848.3,34657.3,-0.8395,-0.843,139.0,98.3,0.467
11.96,31864.5,34565.0,-0.7495,-1.0695,139.0,98.3,0.467
11.98,31870.2,34730.2,-0.7176,-0.6639,139.0,98.3,0.467
12.0,31749.1,34531.9,-1.391,-1.1507,139.0,98.3,0.467
12.02,31840.4,34429.5,-0.8832,-1.4021,139.0,98.3,0.467
12.04,31674.0,34463.1,-1.8087,-1.3196,139.0,98.3,0.467
12.06,31883.8,34656.6,-0.6421,-0.8445,139.0,98.3,0.467
12.08,32011.5,34925.2,0.0677,-0.1854,139.0,98.3,0.467
12.1,32136.0,35236.0,0.76,0.5776,139.0,98.3,0.467
12.12,32237.9,35680.0,1.3269,1.6673,139.0,98.3,0.467
12.14,32356.1,35805.1,1.9842,1.9744,139.0,98.3,0.467
12.16,32272.6,35733.0,1.5198,1.7975,139.0,98.3,0.467
12.18,32216.9,35585.7,1.2101,1.4358,139.0,98.3,0.467
12.2,32123.2,35399.8,0.6891,0.9796,139.0,98.3,0.467
12.22,32140.0,35223.8,0.7823,0.5475,139.0,98.3,0.467
12.24,32060.0,35150.9,0.3374,0.3688,139.0,98.3,0.467
12.26,32037.4,35124.1,0.2117,0.3028,139.0,98.3,0.467
12.28,31925.9,35025.9,-0.4083,0.0619,139.0,98.3,0.467
12.3,31963.8,34896.4,-0.1972,-0.2561,139.0,98.3,0.467
12.32,31975.3,34766.5,-0.1335,-0.575,139.0,98.3,0.467
12.34,31804.9,34631.8,-1.0806,-0.9055,139.0,98.3,0.467
12.36,31953.2,34650.1,-0.2565,-0.8605,139.0,98.3,0.467
12.38,31882.7,34599.2,-0.648,-0.9856,139.0,98.3,0.467
12.4,31885.2,34594.4,-0.6342,-0.9972,139.0,98.3,0.467
12.42,31740.1,34534.6,-1.4414,-1.1441,139.0,98.3,0.467
12.44,31739.0,34491.2,-1.4473,-1.2506,139.0,98.3,0.467
12.46,31757.8,34450.2,-1.3428,-1.3513,139.0,98.3,0.467
12.48,31808.6,34417.7,-1.0603,-1.4309,139.0,98.3,0.467
12.5,32045.7,34799.9,0.2581,-0.4928,139.0,98.3,0.467
12.52,32038.3,35194.1,0.2168,0.4747,139.0,98.3,0.467
12.54,32193.1,35494.1,1.0774,1.2111,139.0,98.3,0.467
12.56,32273.2,35719.9,1.5228,1.7653,139.0,98.3,0.467
12.58,32331.0,35793.1,1.8446,1.9451,139.0,98.3,0.467
12.6,32268.6,35623.8,1.4975,1.5293,139.0,98.3,0.467
12.62,32180.7,35549.0,1.0089,1.3457,139.0,98.3,0.467
12.64,32093.8,35250.2,0.5257,0.6124,139.0,98.3,0.467
12.66,32074.9,35077.6,0.4205,0.1887,139.0,98.3,0.467
12.68,32097.8,35123.5,0.548,0.3015,139.0,98.3,0.467
12.7,32004.8,35099.0,0.0305,0.2414,139.0,98.3,0.467
12.72,31969.7,35014.7,-0.1645,0.0343,139.0,98.3,0.467
12.74,31995.4,34855.7,-0.0214,-0.3559,139.0,98.3,0.467
12.76,31953.2,34733.4,-0.2561,-0.6562,139.0,98.3,0.467
12.78,31874.2,34657.1,-0.6956,-0.8433,139.0,98.3,0.467
12.8,31878.3,34698.2,-0.6725,-0.7425,139.0,98.3,0.467
12.82,31872.6,34718.1,-0.7044,-0.6936,139.0,98.3,0.467
12.84,31789.6,34554.4,-1.166,-1.0954,139.0,98.3,0.467
12.86,31828.5,34497.0,-0.9497,-1.2363,139.0,98.3,0.467
12.88,31891.5,34472.0,-0.5991,-1.2978,139.0,98.3,0.467
12.9,31740.1,34438.9,-1.4412,-1.3789,139.0,98.3,0.467
12.92,31838.9,34704.6,-0.8919,-0.7267,139.0,98.3,0.467
12.94,31891.1,34946.7,-0.6013,-0.1326,139.0,98.3,0.467
12.96,32084.8,35300.2,0.4756,0.735,139.0,98.3,0.467
12.98,32264.1,35529.0,1.4724,1.2968,139.0,98.3,0.467
13.0,32306.2,35676.5,1.7064,1.6588,139.0,98.3,0.467
13.02,32167.9,35712.1,0.9373,1.7462,139.0,98.3,0.467
13.04,32200.4,35584.4,1.118,1.4326,139.0,98.3,0.467
13.06,32222.8,35419.8,1.2429,1.0288,139.0,98.3,0.467
13.08,32108.8,35166.3,0.6089,0.4064,139.0,98.3,0.467
13.1,32005.3,35178.3,0.0337,0.4359,139.0,98.3,0.467
13.12,31984.9,35117.5,-0.0798,0.2867,139.0,98.3,0.467
13.14,32001.7,35144.8,0.0134,0.3537,139.0,98.3,0.467
13.16,32054.9,35001.3,0.3094,0.0015,139.0,98.3,0.467
13.18,31940.5,34785.6,-0.3271,-0.528,139.0,98.3,0.467
13.2,31845.7,34696.8,-0.854,-0.746,139.0,98.3,0.467
13.22,31788.1,34714.1,-1.1743,-0.7034,139.0,98.3,0.467
13.24,31828.7,34668.6,-0.9487,-0.8152,139.0,98.3,0.467
13.26,31869.4,34639.1,-0.722,-0.8876,139.0,98.3,0.467
13.28,31801.4,34586.1,-1.1002,-1.0177,139.0,98.3,0.467
13.3,31827.5,34578.5,-0.955,-1.0363,139.0,98.3,0.467
13.32,31724.6,34430.9,-1.5276,-1.3987,139.0,98.3,0.467
13.34,31751.5,34623.5,-1.3775,-0.9258,139.0,98.3,0.467
13.36,31877.9,34624.7,-0.6748,-0.9229,139.0,98.3,0.467
13.38,31897.7,35091.7,-0.5648,0.2233,139.0,98.3,0.467
13.4,32218.7,35450.4,1.2202,1.1038,139.0,98.3,0.467
13.42,32133.9,35807.9,0.7484,1.9811,139.0,98.3,0.467
13.44,32344.4,35784.9,1.9191,1.9248,139.0,98.3,0.467
13.46,32281.4,35591.9,1.5687,1.4511,139.0,98.3,0.467
13.48,32247.9,35453.9,1.3821,1.1124,139.0,98.3,0.467
13.5,32130.6,35320.2,0.73,0.7843,139.0,98.3,0.467
13.52,32118.6,35087.0,0.6634,0.2118,139.0,98.3,0.467
13.54,32092.4,35168.1,0.5176,0.4108,139.0,98.3,0.467
13.56,31966.9,34993.8,-0.1802,-0.0169,139.0,98.3,0.467
13.58,32045.7,34955.8,0.2581,-0.1103,139.0,98.3,0.467
13.6,32010.5,34926.4,0.0625,-0.1824,139.0,98.3,0.467
13.62,31930.9,34809.8,-0.3804,-0.4686,139.0,98.3,0.467
13.64,31841.7,34695.1,-0.8763,-0.7502,139.0,98.3,0.467
13.66,31776.2,34582.5,-1.2405,-1.0264,139.0,98.3,0.467
13.68,31777.1,34652.0,-1.2352,-0.856,139.0,98.3,0.467
13.7,31854.2,34659.4,-0.8065,-0.8377,139.0,98.3,0.467
13.72,31916.1,34518.4,-0.4625,-1.1839,139.0,98.3,0.467
13.74,31725.4,34408.1,-1.523,-1.4546,139.0,98.3,0.467
13.76,31715.0,34472.8,-1.5809,-1.2957,139.0,98.3,0.467
13.78,31757.1,34555.4,-1.3468,-1.0931,139.0,98.3,0.467
13.8,31916.1,34791.5,-0.4625,-0.5134,139.0,98.3,0.467
13.82,32010.6,35153.8,0.0629,0.3759,139.0,98.3,0.467
13.84,32299.0,35491.4,1.6666,1.2044,139.0,98.3,0.467
13.86,32302.1,35769.7,1.6837,1.8874,139.0,98.3,0.467
13.88,32341.9,35687.3,1.9048,1.6852,139.0,98.3,0.467
13.9,32235.3,35564.8,1.3124,1.3847,139.0,98.3,0.467
13.92,32165.8,35388.0,0.9257,0.9507,139.0,98.3,0.467
13.94,32116.4,35189.9,0.6515,0.4643,139.0,98.3,0.467
13.96,31969.2,35140.9,-0.1671,0.344,139.0,98.3,0.467
13.98,32057.2,35062.5,0.3219,0.1517,139.0,98.3,0.467
14.0,32006.0,34988.4,0.0372,-0.0303,139.0,98.3,0.467
14.02,31949.1,35003.1,-0.2791,0.0058,139.0,98.3,0.467
14.04,31988.7,34879.0,-0.0591,-0.2987,139.0,98.3,0.467
14.06,31901.5,34751.6,-0.5436,-0.6114,139.0,98.3,0.467
14.08,31779.0,34686.4,-1.2251,-0.7715,139.0,98.3,0.467
14.1,31845.7,34588.2,-0.854,-1.0124,139.0,98.3,0.467
14.12,31946.3,34640.9,-0.2943,-0.8832,139.0,98.3,0.467
14.14,31843.2,34638.5,-0.8681,-0.8891,139.0,98.3,0.467
14.16,31825.7,34526.6,-0.9655,-1.1636,139.0,98.3,0.467
14.18,31740.1,34376.3,-1.441,-1.5327,139.0,98.3,0.467
14.2,31755.9,34530.0,-1.3533,-1.1553,139.0,98.3,0.467
14.22,31867.6,34684.4,-0.7323,-0.7763,139.0,98.3,0.467
14.24,31940.4,35004.2,-0.3276,0.0087,139.0,98.3,0.467
14.26,32129.7,35376.4,0.7254,0.9222,139.0,98.3,0.467
14.28,32268.0,35677.7,1.4941,1.6617,139.0,98.3,0.467
14.3,32398.0,35853.3,2.2168,2.0926,139.0,98.3,0.467
14.32,32282.1,35734.4,1.5723,1.8009,139.0,98.3,0.467
14.34,32255.7,35517.7,1.4258,1.2689,139.0,98.3,0.467
14.36,32167.7,35486.7,0.9365,1.1928,139.0,98.3,0.467
14.38,32168.1,35145.9,0.9388,0.3564,139.0,98.3,0.467
14.4,32083.8,35134.1,0.4697,0.3275,139.0,98.3,0.467
14.42,31985.2,35145.8,-0.0783,0.3562,139.0,98.3,0.467
14.44,32070.0,34987.6,0.393,-0.0322,139.0,98.3,0.467
14.46,31955.9,34882.8,-0.2411,-0.2895,139.0,98.3,0.467
14.48,31879.4,34815.7,-0.6664,-0.4541,139.0,98.3,0.467
14.5,31862.9,34685.2,-0.7585,-0.7744,139.0,98.3,0.467
14.52,31815.6,34641.9,-1.0216,-0.8806,139.0,98.3,0.467
14.54,31879.2,34709.0,-0.6679,-0.7159,139.0,98.3,0.467
14.56,31791.0,34636.5,-1.1584,-0.894,139.0,98.3,0.467
14.58,31733.9,34640.3,-1.4756,-0.8847,139.0,98.3,0.467
14.6,31774.0,34480.6,-1.2529,-1.2767,139.0,98.3,0.467
14.62,31847.4,34385.7,-0.8445,-1.5097,139.0,98.3,0.467
14.64,31799.5,34514.4,-1.1109,-1.1937,139.0,98.3,0.467
14.66,31961.3,34790.8,-0.2113,-0.5153,139.0,98.3,0.467
14.68,32070.5,35161.0,0.396,0.3934,139.0,98.3,0.467
14.7,32141.0,35408.8,0.7882,1.0016,139.0,98.3,0.467
14.72,32367.8,35809.5,2.0491,1.9852,139.0,98.3,0.467
14.74,32465.5,35802.3,2.5921,1.9675,139.0,98.3,0.467
14.76,32216.6,35731.9,1.2083,1.7947,139.0,98.3,0.467
14.78,32148.8,35444.6,0.8315,1.0895,139.0,98.3,0.467
14.8,32111.9,35312.8,0.6264,0.766,139.0,98.3,0.467
14.82,31916.6,35215.3,-0.4598,0.5267,139.0,98.3,0.467
14.84,31968.9,35082.8,-0.1691,0.2015,139.0,98.3,0.467
14.86,31984.7,34956.3,-0.0812,-0.109,139.0,98.3,0.467
14.88,31982.9,34928.3,-0.0912,-0.1778,139.0,98.3,0.467
14.9,31913.7,34783.2,-0.4759,-0.5338,139.0,98.3,0.467
14.92,31899.4,34692.1,-0.5552,-0.7576,139.0,98.3,0.467
14.94,31835.2,34777.8,-0.9124,-0.5472,139.0,98.3,0.467
14.96,31898.2,34658.9,-0.5619,-0.8389,139.0,98.3,0.467
14.98,31814.8,34735.3,-1.0257,-0.6515,139.0,98.3,0.467
15.0,31846.2,34608.1,-0.8511,-0.9636,139.0,98.3,0.467
15.02,31770.0,34609.4,-1.2749,-0.9605,139.0,98.3,0.467
15.04,31694.7,34481.9,-1.6936,-1.2734,139.0,98.3,0.467
15.06,31795.4,34542.4,-1.1339,-1.1248,139.0,98.3,0.467
15.08,31809.3,34596.4,-1.0562,-0.9924,139.0,98.3,0.467
15.1,31998.0,34990.5,-0.007,-0.0249,139.0,98.3,0.467
15.12,32200.8,35218.2,1.1207,0.5338,139.0,98.3,0.467
15.14,32210.7,35578.2,1.1753,1.4176,139.0,98.3,0.467
15.16,32320.0,35744.3,1.7832,1.825,139.0,98.3,0.467
15.18,32355.1,35757.1,1.9786,1.8565,139.0,98.3,0.467
15.2,32315.4,35439.8,1.7574,1.0777,139.0,98.3,0.467
15.22,32173.7,35376.4,0.9696,0.9222,139.0,98.3,0.467
15.24,32073.2,35177.9,0.4111,0.4349,139.0,98.3,0.467
15.26,31992.9,35194.7,-0.0356,0.4761,139.0,98.3,0.467
15.28,32029.0,35087.6,0.1652,0.2133,139.0,98.3,0.467
15.3,31966.5,35028.0,-0.182,0.0671,139.0,98.3,0.467
15.32,32018.1,34937.4,0.1048,-0.1555,139.0,98.3,0.467
15.34,31841.7,34747.1,-0.8764,-0.6224,139.0,98.3,0.467
15.36,31881.6,34739.8,-0.6542,-0.6404,139.0,98.3,0.467
15.38,31767.6,34729.5,-1.2881,-0.6657,139.0,98.3,0.467
15.4,31847.9,34748.4,-0.8419,-0.6194,139.0,98.3,0.467
15.42,31881.8,34645.9,-0.653,-0.8709,139.0,98.3,0.467
15.44,31786.2,34567.4,-1.185,-1.0636,139.0,98.3,0.467
15.46,31742.0,34461.7,-1.4305,-1.323,139.0,98.3,0.467
15.48,31717.2,34531.2,-1.5685,-1.1524,139.0,98.3,0.467
15.5,31744.1,34482.9,-1.4186,-1.2711,139.0,98.3,0.467
15.52,31951.3,34702.1,-0.267,-0.733,139.0,98.3,0.467
15.54,32042.8,35098.1,0.2419,0.239,139.0,98.3,0.467
15.56,32217.6,35457.0,1.2137,1.1199,139.0,98.3,0.467
15.58,32230.3,35620.9,1.2846,1.5223,139.0,98.3,0.467
15.6,32249.2,35794.1,1.3895,1.9475,139.0,98.3,0.467
15.62,32242.6,35723.4,1.353,1.7739,139.0,98.3,0.467
15.64,32265.4,35482.6,1.4795,1.1828,139.0,98.3,0.467
15.66,32191.7,35272.6,1.0701,0.6674,139.0,98.3,0.467
15.68,31990.1,35217.9,-0.051,0.5332,139.0,98.3,0.467
15.7,32021.6,35187.8,0.1242,0.4593,139.0,98.3,0.467
15.72,32062.7,35134.0,0.3526,0.3272,139.0,98.3,0.467
15.74,31895.1,35005.3,-0.5792,0.0112,139.0,98.3,0.467
15.76,31875.4,34807.0,-0.6889,-0.4754,139.0,98.3,0.467
15.78,31872.8,34781.2,-0.7034,-0.5388,139.0,98.3,0.467
15.8,31799.5,34718.2,-1.111,-0.6933,139.0,98.3,0.467
15.82,31801.7,34659.4,-1.0988,-0.8378,139.0,98.3,0.467
15.84,31785.3,34731.9,-1.1898,-0.6599,139.0,98.3,0.467
15.86,31826.5,34661.2,-0.9606,-0.8334,139.0,98.3,0.467
15.88,31866.0,34506.4,-0.741,-1.2132,139.0,98.3,0.467
15.9,31765.8,34448.9,-1.298,-1.3543,139.0,98.3,0.467
15.92,31745.0,34516.7,-1.4137,-1.1881,139.0,98.3,0.467
15.94,31917.8,34573.0,-0.4533,-1.0499,139.0,98.3,0.467
15.96,31917.7,34906.8,-0.4537,-0.2305,139.0,98.3,0.467
15.98,32074.4,35166.2,0.4175,0.4061,139.0,98.3,0.467
16.0,32134.0,35548.7,0.7493,1.3451,139.0,98.3,0.467
16.02,32329.9,35784.8,1.8384,1.9247,139.0,98.3,0.467
16.04,32286.1,35712.4,1.5949,1.7468,139.0,98.3,0.467
16.06,32177.7,35613.9,0.992,1.5051,139.0,98.3,0.467
16.08,32203.9,35341.4,1.1376,0.8362,139.0,98.3,0.467
16.1,32108.2,35180.4,0.6056,0.441,139.0,98.3,0.467
16.12,32048.2,35139.0,0.2719,0.3394,139.0,98.3,0.467
16.14,31994.9,35143.4,-0.0241,0.3502,139.0,98.3,0.467
16.16,32032.8,35146.8,0.1863,0.3585,139.0,98.3,0.467
16.18,31987.8,34916.1,-0.0639,-0.2076,139.0,98.3,0.467
16.2,31875.0,34813.0,-0.6913,-0.4606,139.0,98.3,0.467
16.22,31883.2,34743.6,-0.6456,-0.6311,139.0,98.3,0.467
16.24,31828.7,34748.8,-0.9486,-0.6182,139.0,98.3,0.467
16.26,31915.4,34704.3,-0.4666,-0.7275,139.0,98.3,0.467
16.28,31963.3,34643.1,-0.2002,-0.8779,139.0,98.3,0.467
16.3,31844.5,34575.5,-0.8607,-1.0436,139.0,98.3,0.467
16.32,31898.1,34456.0,-0.5627,-1.337,139.0,98.3,0.467
16.34,31829.7,34375.8,-0.943,-1.5339,139.0,98.3,0.467
16.36,31850.2,34533.3,-0.829,-1.1473,139.0,98.3,0.467
16.38,31901.7,34703.1,-0.5427,-0.7305,139.0,98.3,0.467
16.4,32021.3,34987.1,0.1223,-0.0335,139.0,98.3,0.467
16.42,32096.0,35466.4,0.5376,1.1429,139.0,98.3,0.467
16.44,32257.8,35614.8,1.4376,1.5074,139.0,98.3,0.467
16.46,32333.1,35749.7,1.8563,1.8384,139.0,98.3,0.467
16.48,32239.2,35778.9,1.3338,1.9101,139.0,98.3,0.467
16.5,32251.9,35527.6,1.4044,1.2932,139.0,98.3,0.467
16.52,32178.6,35416.4,0.997,1.0203,139.0,98.3,0.467
16.54,31991.3,35197.7,-0.0444,0.4834,139.0,98.3,0.467
16.56,32043.8,35210.7,0.2474,0.5154,139.0,98.3,0.467
16.58,32041.0,35093.4,0.2319,0.2275,139.0,98.3,0.467
16.6,31949.7,34947.5,-0.2755,-0.1305,139.0,98.3,0.467
16.62,32012.5,34851.0,0.0737,-0.3674,139.0,98.3,0.467
16.64,31860.0,34831.6,-0.7743,-0.415,139.0,98.3,0.467
16.66,31949.0,34720.0,-0.2798,-0.6891,139.0,98.3,0.467
16.68,31811.7,34601.2,-1.0428,-0.9807,139.0,98.3,0.467
16.7,31855.1,34631.8,-0.8015,-0.9055,139.0,98.3,0.467
16.72,31837.1,34709.0,-0.9018,-0.7159,139.0,98.3,0.467
16.74,31782.2,34530.2,-1.2069,-1.155,139.0,98.3,0.467
16.76,31800.2,34368.7,-1.1067,-1.5512,139.0,98.3,0.467
16.78,31747.9,34443.7,-1.3978,-1.3672,139.0,98.3,0.467
16.8,31872.6,34671.0,-0.7043,-0.8094,139.0,98.3,0.467
16.82,31825.4,34829.7,-0.9671,-0.4198,139.0,98.3,0.467
16.84,32085.7,35111.9,0.4802,0.2729,139.0,98.3,0.467
16.86,32180.3,35524.5,1.0066,1.2856,139.0,98.3,0.467
16.88,32441.8,35795.0,2.4608,1.9495,139.0,98.3,0.467
16.9,32349.2,35807.0,1.9456,1.979,139.0,98.3,0.467
16.92,32179.4,35594.6,1.0012,1.4576,139.0,98.3,0.467
16.94,32249.5,35360.9,1.3911,0.8842,139.0,98.3,0.467
16.96,32084.1,35300.5,0.4717,0.7357,139.0,98.3,0.467
16.98,32060.2,35186.8,0.339,0.4567,139.0,98.3,0.467
17.0,32090.8,35105.8,0.5089,0.258,139.0,98.3,0.467
17.02,32066.2,35077.4,0.3723,0.1883,139.0,98.3,0.467
17.04,31888.9,34971.8,-0.6136,-0.0708,139.0,98.3,0.467
17.06,31916.6,34828.0,-0.4599,-0.4239,139.0,98.3,0.467
17.08,31941.7,34808.1,-0.3201,-0.4729,139.0,98.3,0.467
17.1,31851.7,34723.2,-0.8204,-0.6811,139.0,98.3,0.467
17.12,31843.4,34722.0,-0.8666,-0.6841,139.0,98.3,0.467
17.14,31904.5,34662.4,-0.5268,-0.8303,139.0,98.3,0.467
17.16,31782.2,34528.1,-1.207,-1.16,139.0,98.3,0.467
17.18,31778.9,34575.0,-1.2252,-1.0449,139.0,98.3,0.467
17.2,31722.9,34498.5,-1.5367,-1.2328,139.0,98.3,0.467
17.22,31683.8,34468.2,-1.7542,-1.307,139.0,98.3,0.467
17.24,31804.8,34632.1,-1.0815,-0.9047,139.0,98.3,0.467
17.26,31940.2,34950.1,-0.3287,-0.1242,139.0,98.3,0.467
17.28,32148.9,35310.8,0.832,0.7611,139.0,98.3,0.467
17.3,32211.2,35603.6,1.1786,1.4799,139.0,98.3,0.467
17.32,32379.1,35785.1,2.1121,1.9252,139.0,98.3,0.467
17.34,32278.9,35654.9,1.555,1.6057,139.0,98.3,0.467
17.36,32285.7,35669.4,1.5927,1.6414,139.0,98.3,0.467
17.38,32176.8,35389.0,0.9869,0.953,139.0,98.3,0.467
17.4,32160.7,35222.3,0.8978,0.544,139.0,98.3,0.467
17.42,32175.2,35131.3,0.9783,0.3205,139.0,98.3,0.467
17.44,32084.8,35115.6,0.4753,0.282,139.0,98.3,0.467
17.46,31980.0,34952.9,-0.1072,-0.1172,139.0,98.3,0.467
17.48,32021.5,34898.3,0.1237,-0.2514,139.0,98.3,0.467
17.5,31975.4,34902.0,-0.133,-0.2422,139.0,98.3,0.467
17.52,31893.8,34712.9,-0.5868,-0.7064,139.0,98.3,0.467
17.54,31858.4,34683.2,-0.7831,-0.7794,139.0,98.3,0.467
17.56,31881.0,34640.0,-0.6575,-0.8853,139.0,98.3,0.467
17.58,31838.0,34591.7,-0.8965,-1.0039,139.0,98.3,0.467
17.6,31946.0,34602.5,-0.2962,-0.9774,139.0,98.3,0.467
17.62,31790.7,34588.2,-1.1598,-1.0125,139.0,98.3,0.467
17.64,31815.9,34496.1,-1.0196,-1.2385,139.0,98.3,0.467
17.66,31897.8,34494.9,-0.5641,-1.2415,139.0,98.3,0.467
17.68,31986.1,34788.1,-0.0735,-0.5218,139.0,98.3,0.467
17.7,31982.6,35103.4,-0.0929,0.2521,139.0,98.3,0.467
17.72,32199.2,35388.5,1.1115,0.9519,139.0,98.3,0.467
17.74,32241.4,35682.8,1.346,1.6741,139.0,98.3,0.467
17.76,32308.7,35779.7,1.7207,1.9121,139.0,98.3,0.467
17.78,32224.4,35713.5,1.2519,1.7495,139.0,98.3,0.467
17.8,32271.7,35547.8,1.515,1.343,139.0,98.3,0.467
17.82,32149.5,35346.7,0.835,0.8492,139.0,98.3,0.467
17.84,32106.3,35133.1,0.5952,0.325,139.0,98.3,0.467
17.86,32094.5,35038.6,0.5292,0.093,139.0,98.3,0.467
17.88,31981.1,35086.6,-0.1012,0.2108,139.0,98.3,0.467
17.9,32023.0,34951.6,0.1317,-0.1206,139.0,98.3,0.467
17.92,32025.9,34869.3,0.1481,-0.3225,139.0,98.3,0.467
17.94,31804.7,34739.7,-1.0819,-0.6406,139.0,98.3,0.467
17.96,31923.4,34826.2,-0.4219,-0.4284,139.0,98.3,0.467
17.98,31921.9,34617.6,-0.4301,-0.9403,139.0,98.3,0.467
18.0,31812.6,34699.1,-1.038,-0.7402,139.0,98.3,0.467
18.02,31826.4,34566.9,-0.9611,-1.0649,139.0,98.3,0.467
18.04,31790.0,34585.9,-1.1636,-1.0182,139.0,98.3,0.467
18.06,31798.0,34509.1,-1.1193,-1.2068,139.0,98.3,0.467
18.08,31748.1,34428.2,-1.3967,-1.4053,139.0,98.3,0.467
18.1,31882.4,34619.9,-0.6502,-0.9346,139.0,98.3,0.467
18.12,31907.6,34862.1,-0.5099,-0.3403,139.0,98.3,0.467
18.14,32055.4,35158.9,0.3119,0.3882,139.0,98.3,0.467
18.16,32244.4,35530.0,1.363,1.2992,139.0,98.3,0.467
18.18,32321.9,35857.5,1.7938,2.103,139.0,98.3,0.467
18.2,32350.0,35820.3,1.9503,2.0117,139.0,98.3,0.467
18.22,32195.7,35597.9,1.092,1.4658,139.0,98.3,0.467
18.24,32165.6,35401.2,0.9247,0.9831,139.0,98.3,0.467
18.26,32076.5,35288.4,0.4292,0.7062,139.0,98.3,0.467
18.28,32027.3,35153.8,0.1557,0.3758,139.0,98.3,0.467
18.3,32036.2,35105.4,0.205,0.257,139.0,98.3,0.467
18.32,31977.1,35134.3,-0.1231,0.3279,139.0,98.3,0.467
18.34,31945.2,34981.5,-0.3009,-0.0472,139.0,98.3,0.467
18.36,31831.6,34875.3,-0.9323,-0.3079,139.0,98.3,0.467
18.38,31920.0,34696.0,-0.4407,-0.7478,139.0,98.3,0.467
18.4,31852.4,34664.7,-0.817,-0.8247,139.0,98.3,0.467
18.42,31850.3,34681.3,-0.8284,-0.784,139.0,98.3,0.467
18.44,31880.8,34661.3,-0.6587,-0.8331,139.0,98.3,0.467
18.46,31882.2,34546.7,-0.6508,-1.1143,139.0,98.3,0.467
18.48,31753.8,34592.9,-1.365,-1.001,139.0,98.3,0.467
18.5,31741.1,34456.5,-1.4356,-1.3358,139.0,98.3,0.467
18.52,31812.6,34500.2,-1.038,-1.2285,139.0,98.3,0.467
18.54,31865.2,34673.6,-0.7458,-0.8028,139.0,98.3,0.467
18.56,32002.9,35041.4,0.02,0.0999,139.0,98.3,0.467
18.58,32180.6,35378.4,1.0081,0.9271,139.0,98.3,0.467
18.6,32249.4,35633.8,1.3906,1.5539,139.0,98.3,0.467
18.62,32328.6,35787.7,1.8311,1.9316,139.0,98.3,0.467
18.64,32222.0,35685.2,1.2383,1.6801,139.0,98.3,0.467
18.66,32294.7,35479.7,1.6428,1.1757,139.0,98.3,0.467
18.68,32074.1,35323.5,0.4158,0.7924,139.0,98.3,0.467
18.7,32028.2,35190.6,0.1608,0.4662,139.0,98.3,0.467
18.72,32071.0,35097.5,0.399,0.2377,139.0,98.3,0.467
18.74,32111.1,35129.6,0.6217,0.3164,139.0,98.3,0.467
18.76,31912.5,34982.8,-0.4825,-0.0439,139.0,98.3,0.467
18.78,31901.9,34964.3,-0.5413,-0.0894,139.0,98.3,0.467
18.8,31859.1,34745.0,-0.7797,-0.6276,139.0,98.3,0.467
18.82,31914.0,34699.0,-0.4743,-0.7406,139.0,98.3,0.467
18.84,31847.5,34633.9,-0.8442,-0.9004,139.0,98.3,0.467
18.86,31886.6,34683.5,-0.6267,-0.7786,139.0,98.3,0.467
18.88,31752.9,34705.9,-1.3699,-0.7236,139.0,98.3,0.467
18.9,31859.7,34632.7,-0.7759,-0.9034,139.0,98.3,0.467
18.92,31842.6,34422.4,-0.8715,-1.4194,139.0,98.3,0.467
18.94,31761.6,34488.7,-1.3217,-1.2567,139.0,98.3,0.467
18.96,31824.9,34602.1,-0.9695,-0.9783,139.0,98.3,0.467
18.98,31973.0,34829.8,-0.1462,-0.4196,139.0,98.3,0.467
19.0,32010.7,35218.7,0.0635,0.5352,139.0,98.3,0.467
19.02,32328.1,35537.7,1.8286,1.318,139.0,98.3,0.467
19.04,32313.0,35735.5,1.7443,1.8035,139.0,98.3,0.467
19.06,32287.0,35728.2,1.5995,1.7856,139.0,98.3,0.467
19.08,32232.4,35610.8,1.2964,1.4976,139.0,98.3,0.467
19.1,32112.4,35449.8,0.6291,1.1023,139.0,98.3,0.467
19.12,32063.6,35230.5,0.3576,0.5639,139.0,98.3,0.467
19.14,32050.7,35038.9,0.2861,0.0938,139.0,98.3,0.467
19.16,32031.7,35036.6,0.1804,0.0881,139.0,98.3,0.467
19.18,31956.5,35065.6,-0.238,0.1593,139.0,98.3,0.467
19.2,31971.1,34967.0,-0.1567,-0.0828,139.0,98.3,0.467
19.22,31895.6,34805.8,-0.5767,-0.4783,139.0,98.3,0.467
19.24,31875.3,34741.7,-0.6892,-0.6358,139.0,98.3,0.467
19.26,31852.5,34748.7,-0.816,-0.6187,139.0,98.3,0.467
19.28,31888.0,34686.5,-0.6188,-0.7713,139.0,98.3,0.467
19.3,31819.7,34675.9,-0.9988,-0.7973,139.0,98.3,0.467
19.32,31816.0,34601.1,-1.0189,-0.9808,139.0,98.3,0.467
19.34,31863.4,34479.4,-0.7555,-1.2797,139.0,98.3,0.467
19.36,31766.0,34560.8,-1.2974,-1.0796,139.0,98.3,0.467
19.38,31748.8,34469.5,-1.3927,-1.3038,139.0,98.3,0.467
19.4,31811.1,34590.7,-1.0464,-1.0064,139.0,98.3,0.467
19.42,32018.5,34934.9,0.1066,-0.1615,139.0,98.3,0.467
19.44,32202.7,35326.3,1.1313,0.7992,139.0,98.3,0.467
19.46,32286.2,35675.2,1.5952,1.6555,139.0,98.3,0.467
19.48,32297.6,35854.9,1.6584,2.0967,139.0,98.3,0.467
19.5,32315.6,35782.8,1.7587,1.9197,139.0,98.3,0.467
19.52,32176.5,35544.6,0.9852,1.335,139.0,98.3,0.467
19.54,32173.8,35387.4,0.9706,0.9491,139.0,98.3,0.467
19.56,31980.2,35245.2,-0.1061,0.6,139.0,98.3,0.467
19.58,32126.3,35152.0,0.706,0.3713,139.0,98.3,0.467
19.6,31995.3,35076.4,-0.0224,0.1857,139.0,98.3,0.467
19.62,31963.8,34955.0,-0.1975,-0.1122,139.0,98.3,0.467
19.64,31964.1,34940.0,-0.1955,-0.149,139.0,98.3,0.467
19.66,31983.8,34971.0,-0.0862,-0.0729,139.0,98.3,0.467
19.68,31932.9,34683.3,-0.3692,-0.7791,139.0,98.3,0.467
19.7,31911.9,34738.6,-0.486,-0.6434,139.0,98.3,0.467
19.72,31873.4,34567.9,-0.6998,-1.0624,139.0,98.3,0.467
19.74,31796.6,34650.4,-1.1268,-0.8598,139.0,98.3,0.467
19.76,31800.7,34631.8,-1.104,-0.9055,139.0,98.3,0.467
19.78,31794.4,34433.3,-1.1392,-1.3926,139.0,98.3,0.467
19.8,31763.3,34420.9,-1.3123,-1.4232,139.0,98.3,0.467
19.82,31843.2,34475.7,-0.8678,-1.2885,139.0,98.3,0.467
19.84,31972.7,34794.2,-0.1479,-0.5069,139.0,98.3,0.467
19.86,32101.8,34984.5,0.5698,-0.0398,139.0,98.3,0.467
19.88,32212.3,35532.4,1.1845,1.305,139.0,98.3,0.467
19.9,32292.8,35736.7,1.632,1.8064,139.0,98.3,0.467
19.92,32418.6,35770.3,2.3314,1.8891,139.0,98.3,0.467
19.94,32211.9,35706.4,1.1823,1.7322,139.0,98.3,0.467
19.96,32214.5,35429.5,1.1968,1.0525,139.0,98.3,0.467
19.98,32134.5,35270.8,0.752,0.6631,139.0,98.3,0.467
20.0,32085.3,35181.3,0.4784,0.4433,139.0,98.3,0.467
20.02,32066.3,35164.2,0.3725,0.4012,139.0,98.3,0.467
20.04,31927.6,35016.4,-0.3984,0.0384,139.0,98.3,0.467
20.06,31992.9,34987.8,-0.0355,-0.0316,139.0,98.3,0.467
20.08,31916.6,34921.4,-0.4595,-0.1945,139.0,98.3,0.467
20.1,31820.2,34709.9,-0.9958,-0.7138,139.0,98.3,0.467
20.12,31869.1,34693.7,-0.7238,-0.7536,139.0,98.3,0.467
20.14,31867.5,34688.8,-0.7329,-0.7655,139.0,98.3,0.467
20.16,31992.4,34628.3,-0.0383,-0.914,139.0,98.3,0.467
20.18,31819.1,34634.2,-1.0021,-0.8995,139.0,98.3,0.467
20.2,31733.5,34491.9,-1.4776,-1.2489,139.0,98.3,0.467
20.22,31699.3,34485.1,-1.6679,-1.2656,139.0,98.3,0.467
20.24,31797.6,34472.0,-1.1215,-1.2977,139.0,98.3,0.467
20.26,31745.9,34573.8,-1.4089,-1.0477,139.0,98.3,0.467
20.28,31923.4,34944.7,-0.4221,-0.1376,139.0,98.3,0.467
20.3,32008.0,35232.1,0.0485,0.568,139.0,98.3,0.467
20.32,32220.2,35519.9,1.2282,1.2744,139.0,98.3,0.467
20.34,32348.2,35739.8,1.9402,1.8141,139.0,98.3,0.467
20.36,32421.0,35659.6,2.3449,1.6173,139.0,98.3,0.467
20.38,32206.7,35572.2,1.153,1.4027,139.0,98.3,0.467
20.4,32144.4,35374.9,0.807,0.9185,139.0,98.3,0.467
20.42,32050.9,35224.0,0.2872,0.5481,139.0,98.3,0.467
20.44,32055.4,35012.0,0.3122,0.0277,139.0,98.3,0.467
20.46,32027.0,35040.4,0.1541,0.0975,139.0,98.3,0.467
20.48,31923.7,35100.8,-0.4201,0.2457,139.0,98.3,0.467
20.5,31996.9,34897.1,-0.0134,-0.2544,139.0,98.3,0.467
20.52,31815.9,34924.6,-1.02,-0.1867,139.0,98.3,0.467
20.54,31844.9,34642.0,-0.8585,-0.8804,139.0,98.3,0.467
20.56,31859.4,34657.4,-0.7778,-0.8427,139.0,98.3,0.467
20.58,31857.7,34662.2,-0.7871,-0.8309,139.0,98.3,0.467
20.6,31753.4,34653.0,-1.3674,-0.8533,139.0,98.3,0.467
20.62,31830.5,34533.7,-0.9386,-1.1464,139.0,98.3,0.467
20.64,31744.6,34465.5,-1.4164,-1.3137,139.0,98.3,0.467
20.66,31760.0,34537.5,-1.3303,-1.1368,139.0,98.3,0.467
20.68,31786.4,34559.6,-1.1837,-1.0826,139.0,98.3,0.467
20.7,31897.5,34762.1,-0.5661,-0.5856,139.0,98.3,0.467
20.72,32051.2,34950.4,0.2885,-0.1236,139.0,98.3,0.467
20.74,32161.1,35368.0,0.8999,0.9016,139.0,98.3,0.467
20.76,32285.6,35697.0,1.5922,1.709,139.0,98.3,0.467
20.78,32320.1,35725.5,1.7836,1.7791,139.0,98.3,0.467
20.8,32350.2,35632.3,1.9511,1.5503,139.0,98.3,0.467
20.82,32251.9,35529.3,1.4045,1.2975,139.0,98.3,0.467
20.84,32169.8,35232.2,0.9479,0.5681,139.0,98.3,0.467
20.86,32099.5,35086.1,0.5571,0.2096,139.0,98.3,0.467
20.88,32045.3,35089.8,0.2561,0.2187,139.0,98.3,0.467
20.9,32038.4,35032.9,0.2175,0.079,139.0,98.3,0.467
20.92,32032.1,34999.3,0.1826,-0.0034,139.0,98.3,0.467
20.94,31936.4,34920.5,-0.3496,-0.1969,139.0,98.3,0.467
20.96,31832.3,34841.6,-0.9285,-0.3906,139.0,98.3,0.467
20.98,31870.3,34736.7,-0.717,-0.648,139.0,98.3,0.467
21.0,31865.1,34711.2,-0.7464,-0.7105,139.0,98.3,0.467
21.02,31789.9,34567.7,-1.164,-1.0629,139.0,98.3,0.467
21.04,31834.0,34668.4,-0.9189,-0.8157,139.0,98.3,0.467
21.06,31829.8,34594.9,-0.9422,-0.9961,139.0,98.3,0.467
21.08,31723.9,34542.9,-1.5314,-1.1237,139.0,98.3,0.467
21.1,31744.9,34338.4,-1.4145,-1.6256,139.0,98.3,0.467
21.12,31815.0,34599.8,-1.0247,-0.984,139.0,98.3,0.467
21.14,32008.9,34756.4,0.0536,-0.5998,139.0,98.3,0.467
21.16,32122.5,35214.9,0.6849,0.5257,139.0,98.3,0.467
21.18,32162.0,35548.7,0.9049,1.3451,139.0,98.3,0.467
21.2,32234.2,35737.6,1.3062,1.8088,139.0,98.3,0.467
21.22,32290.8,35688.4,1.6212,1.688,139.0,98.3,0.467
21.24,32326.6,35641.3,1.8198,1.5723,139.0,98.3,0.467
21.26,32068.7,35429.9,0.3857,1.0534,139.0,98.3,0.467
21.28,32136.4,35201.4,0.7624,0.4926,139.0,98.3,0.467
21.3,32050.3,35181.9,0.2837,0.4449,139.0,98.3,0.467
21.32,32017.4,35136.4,0.1007,0.3332,139.0,98.3,0.467
21.34,32038.4,35052.9,0.2176,0.128,139.0,98.3,0.467
21.36,32001.8,34913.5,0.0142,-0.2142,139.0,98.3,0.467
21.38,31952.5,34843.7,-0.2603,-0.3855,139.0,98.3,0.467
21.4,31846.5,34700.4,-0.8496,-0.7372,139.0,98.3,0.467
21.42,31929.3,34637.9,-0.3894,-0.8905,139.0,98.3,0.467
21.44,31839.4,34638.9,-0.8893,-0.888,139.0,98.3,0.467
21.46,31807.3,34739.0,-1.0676,-0.6424,139.0,98.3,0.467
21.48,31807.7,34593.9,-1.0655,-0.9984,139.0,98.3,0.467
21.5,31765.2,34449.4,-1.3016,-1.3531,139.0,98.3,0.467
21.52,31781.6,34556.2,-1.2102,-1.0911,139.0,98.3,0.467
21.54,31797.0,34470.7,-1.1249,-1.3008,139.0,98.3,0.467
21.56,31850.9,34646.8,-0.8252,-0.8686,139.0,98.3,0.467
21.58,32013.4,35015.1,0.0785,0.0352,139.0,98.3,0.467
21.6,32168.5,35350.7,0.9411,0.8591,139.0,98.3,0.467
21.62,32257.8,35678.0,1.4373,1.6625,139.0,98.3,0.467
21.64,32357.0,35744.8,1.9888,1.8263,139.0,98.3,0.467
21.66,32315.6,35565.6,1.759,1.3865,139.0,98.3,0.467
21.68,32259.0,35456.1,1.4443,1.1178,139.0,98.3,0.467
21.7,32155.6,35354.3,0.8693,0.8678,139.0,98.3,0.467
21.72,32113.8,35152.9,0.637,0.3736,139.0,98.3,0.467
21.74,32081.3,35040.8,0.4562,0.0983,139.0,98.3,0.467
21.76,32050.1,35013.6,0.2824,0.0315,139.0,98.3,0.467
21.78,31956.3,34930.4,-0.2392,-0.1726,139.0,98.3,0.467
21.8,31903.1,34942.2,-0.5346,-0.1436,139.0,98.3,0.467
21.82,31995.8,34731.4,-0.0195,-0.6609,139.0,98.3,0.467
21.84,31871.6,34845.4,-0.7102,-0.3811,139.0,98.3,0.467
21.86,31809.0,34684.6,-1.0579,-0.776,139.0,98.3,0.467
21.88,31919.3,34692.7,-0.4449,-0.7561,139.0,98.3,0.467
21.9,31869.7,34584.0,-0.7204,-1.0229,139.0,98.3,0.467
21.92,31851.9,34449.4,-0.8194,-1.3531,139.0,98.3,0.467
21.94,31783.0,34638.2,-1.2025,-0.8897,139.0,98.3,0.467
21.96,31820.0,34483.1,-0.997,-1.2705,139.0,98.3,0.467
21.98,31775.7,34650.7,-1.2435,-0.859,139.0,98.3,0.467
22.0,31818.2,34814.0,-1.0066,-0.4583,139.0,98.3,0.467
22.02,32093.3,35093.6,0.5225,0.2279,139.0,98.3,0.467
22.04,32196.8,35590.0,1.0983,1.4465,139.0,98.3,0.467
22.06,32404.3,35671.9,2.2523,1.6475,139.0,98.3,0.467
22.08,32315.8,35793.9,1.7601,1.947,139.0,98.3,0.467
22.1,32238.2,35651.5,1.3284,1.5973,139.0,98.3,0.467
22.12,32179.8,35462.2,1.0035,1.1328,139.0,98.3,0.467
22.14,32203.4,35220.1,1.1349,0.5385,139.0,98.3,0.467
22.16,32121.1,35113.3,0.6776,0.2763,139.0,98.3,0.467
22.18,32040.8,35065.4,0.2309,0.1588,139.0,98.3,0.467
22.2,32097.0,34986.4,0.5435,-0.0352,139.0,98.3,0.467
22.22,32001.8,35008.7,0.0141,0.0197,139.0,98.3,0.467
22.24,31975.7,34983.6,-0.1311,-0.0419,139.0,98.3,0.467
22.26,31895.1,34734.6,-0.5792,-0.6531,139.0,98.3,0.467
22.28,31901.9,34668.5,-0.5414,-0.8154,139.0,98.3,0.467
22.3,31890.8,34779.1,-0.6032,-0.544,139.0,98.3,0.467
22.32,31808.8,34715.6,-1.0594,-0.6999,139.0,98.3,0.467
22.34,31801.5,34585.6,-1.1,-1.019,139.0,98.3,0.467
22.36,31742.3,34556.8,-1.4289,-1.0895,139.0,98.3,0.467
22.38,31890.5,34500.5,-0.6051,-1.2277,139.0,98.3,0.467
22.4,31716.8,34385.7,-1.5708,-1.5096,139.0,98.3,0.467
22.42,31806.4,34621.9,-1.0726,-0.9298,139.0,98.3,0.467
22.44,31988.8,34944.3,-0.0581,-0.1383,139.0,98.3,0.467
22.46,32209.5,35367.4,1.169,0.9002,139.0,98.3,0.467
22.48,32263.8,35548.1,1.471,1.3435,139.0,98.3,0.467
22.5,32302.0,35705.4,1.683,1.7297,139.0,98.3,0.467
22.52,32187.6,35713.7,1.0469,1.7499,139.0,98.3,0.467
22.54,32180.9,35549.8,1.01,1.3478,139.0,98.3,0.467
22.56,32214.3,35361.9,1.1957,0.8865,139.0,98.3,0.467
22.58,32105.0,35217.6,0.588,0.5324,139.0,98.3,0.467
22.6,32001.9,35164.2,0.0144,0.4013,139.0,98.3,0.467
22.62,31998.1,35093.4,-0.0066,0.2275,139.0,98.3,0.467
22.64,32038.3,34984.4,0.2168,-0.04,139.0,98.3,0.467
22.66,31992.2,34965.7,-0.0395,-0.086,139.0,98.3,0.467
22.68,31880.4,34750.9,-0.661,-0.613,139.0,98.3,0.467
22.7,31835.8,34786.4,-0.9088,-0.526,139.0,98.3,0.467
22.72,31857.8,34653.5,-0.787,-0.8521,139.0,98.3,0.467
22.74,31910.2,34687.5,-0.4952,-0.7687,139.0,98.3,0.467
22.76,31834.2,34688.1,-0.9179,-0.7673,139.0,98.3,0.467
22.78,31786.5,34509.6,-1.1829,-1.2055,139.0,98.3,0.467
22.8,31782.1,34560.7,-1.2074,-1.08,139.0,98.3,0.467
22.82,31780.0,34486.2,-1.2191,-1.2629,139.0,98.3,0.467
22.84,31766.0,34577.0,-1.2972,-1.0399,139.0,98.3,0.467
22.86,31854.6,34728.5,-0.8044,-0.6682,139.0,98.3,0.467
22.88,31938.7,35090.7,-0.3369,0.2208,139.0,98.3,0.467
22.9,32181.5,35340.3,1.0132,0.8336,139.0,98.3,0.467
22.92,32282.6,35658.4,1.575,1.6144,139.0,98.3,0.467
22.94,32313.6,35770.4,1.7474,1.8891,139.0,98.3,0.467
22.96,32265.1,35725.0,1.4783,1.7778,139.0,98.3,0.467
22.98,32229.2,35480.0,1.2783,1.1764,139.0,98.3,0.467
23.0,32032.0,35300.0,0.1819,0.7347,139.0,98.3,0.467
23.02,32098.3,35142.1,0.5505,0.3471,139.0,98.3,0.467
23.04,32052.1,35106.5,0.2935,0.2596,139.0,98.3,0.467
23.06,32038.7,34998.0,0.219,-0.0066,139.0,98.3,0.467
23.08,32020.7,34924.9,0.1191,-0.186,139.0,98.3,0.467
23.1,31943.1,34950.5,-0.3125,-0.1231,139.0,98.3,0.467
23.12,31923.5,34813.0,-0.4212,-0.4606,139.0,98.3,0.467
23.14,31830.0,34749.5,-0.9413,-0.6167,139.0,98.3,0.467
23.16,31790.1,34659.0,-1.1633,-0.8387,139.0,98.3,0.467
23.18,31900.6,34520.2,-0.5488,-1.1795,139.0,98.3,0.467
23.2,31830.0,34663.1,-0.9415,-0.8286,139.0,98.3,0.467
23.22,31826.2,34558.0,-0.9627,-1.0866,139.0,98.3,0.467
23.24,31824.0,34482.9,-0.9748,-1.271,139.0,98.3,0.467
23.26,31744.1,34464.7,-1.4187,-1.3156,139.0,98.3,0.467
23.28,31743.7,34624.3,-1.4214,-0.9239,139.0,98.3,0.467
23.3,31828.3,34857.5,-0.9505,-0.3516,139.0,98.3,0.467
23.32,31991.6,35222.2,-0.0426,0.5436,139.0,98.3,0.467
23.34,32212.0,35514.7,1.1827,1.2617,139.0,98.3,0.467
23.36,32379.4,35734.7,2.1136,1.8016,139.0,98.3,0.467
23.38,32390.7,35767.2,2.1764,1.8814,139.0,98.3,0.467
23.4,32254.9,35645.9,1.4213,1.5836,139.0,98.3,0.467
23.42,32242.1,35377.9,1.35,0.9258,139.0,98.3,0.467
23.44,32138.7,35108.6,0.7753,0.2649,139.0,98.3,0.467
23.46,32056.6,35110.0,0.3188,0.2684,139.0,98.3,0.467
23.48,32028.5,35115.0,0.1626,0.2806,139.0,98.3,0.467
23.5,32099.9,35148.1,0.5593,0.3618,139.0,98.3,0.467
23.52,31823.4,34975.0,-0.9778,-0.063,139.0,98.3,0.467
23.54,31937.8,34836.5,-0.3421,-0.4031,139.0,98.3,0.467
23.56,31803.5,34737.2,-1.0885,-0.6468,139.0,98.3,0.467
23.58,31884.4,34628.5,-0.639,-0.9135,139.0,98.3,0.467
23.6,31803.1,34676.4,-1.0908,-0.796,139.0,98.3,0.467
23.62,31852.3,34717.5,-0.8172,-0.6953,139.0,98.3,0.467
23.64,31863.8,34536.6,-0.7533,-1.1393,139.0,98.3,0.467
23.66,31833.5,34476.5,-0.9216,-1.2867,139.0,98.3,0.467
23.68,31797.1,34448.2,-1.1244,-1.3562,139.0,98.3,0.467
23.7,31820.5,34535.6,-0.9941,-1.1417,139.0,98.3,0.467
23.72,31901.0,34743.8,-0.5467,-0.6306,139.0,98.3,0.467
23.74,31908.3,35004.3,-0.5058,0.0087,139.0,98.3,0.467
23.76,32218.4,35391.3,1.2185,0.9586,139.0,98.3,0.467
23.78,32268.2,35649.9,1.495,1.5933,139.0,98.3,0.467
23.8,32351.0,35697.3,1.9555,1.7098,139.0,98.3,0.467
23.82,32303.7,35698.7,1.6925,1.7132,139.0,98.3,0.467
23.84,32156.5,35512.6,0.8743,1.2564,139.0,98.3,0.467
23.86,32081.0,35419.6,0.4545,1.0282,139.0,98.3,0.467
23.88,32096.5,35224.9,0.5405,0.5503,139.0,98.3,0.467
23.9,31980.2,35182.9,-0.1059,0.4471,139.0,98.3,0.467
23.92,31959.7,35055.1,-0.2202,0.1336,139.0,98.3,0.467
23.94,31993.8,34970.5,-0.0303,-0.0742,139.0,98.3,0.467
23.96,31917.8,34924.3,-0.4534,-0.1875,139.0,98.3,0.467
23.98,31914.2,34780.4,-0.4731,-0.5407,139.0,98.3,0.467
24.0,31851.4,34606.5,-0.8224,-0.9676,139.0,98.3,0.467
24.02,31970.2,34702.9,-0.1615,-0.731,139.0,98.3,0.467
24.04,31862.3,34616.4,-0.7615,-0.9432,139.0,98.3,0.467
24.06,31799.6,34545.0,-1.1101,-1.1185,139.0,98.3,0.467
24.08,31844.8,34571.2,-0.8592,-1.0542,139.0,98.3,0.467
24.1,31817.4,34430.3,-1.0111,-1.4,139.0,98.3,0.467
24.12,31756.9,34492.2,-1.3478,-1.2482,139.0,98.3,0.467
24.14,31771.8,34548.7,-1.2646,-1.1094,139.0,98.3,0.467
24.16,31803.7,34800.9,-1.0878,-0.4904,139.0,98.3,0.467
24.18,32077.4,35086.6,0.4343,0.2109,139.0,98.3,0.467
24.2,32175.2,35473.6,0.978,1.1607,139.0,98.3,0.467
24.22,32380.8,35709.1,2.1211,1.7388,139.0,98.3,0.467
24.24,32293.2,35762.3,1.6342,1.8693,139.0,98.3,0.467
24.26,32316.4,35660.4,1.7633,1.6192,139.0,98.3,0.467
24.28,32216.5,35436.5,1.2075,1.0697,139.0,98.3,0.467
24.3,32150.4,35258.3,0.8401,0.6322,139.0,98.3,0.467
24.32,32085.4,35099.7,0.4789,0.2431,139.0,98.3,0.467
24.34,32050.7,35181.2,0.2857,0.4431,139.0,98.3,0.467
24.36,32006.9,35104.6,0.0426,0.2549,139.0,98.3,0.467
24.38,31996.6,34978.4,-0.0147,-0.0549,139.0,98.3,0.467
24.4,31963.6,34901.0,-0.1984,-0.2448,139.0,98.3,0.467
24.42,31911.1,34823.8,-0.4903,-0.4341,139.0,98.3,0.467
24.44,31940.5,34619.1,-0.327,-0.9367,139.0,98.3,0.467
24.46,31782.6,34629.9,-1.2048,-0.9102,139.0,98.3,0.467
24.48,31859.7,34632.2,-0.7759,-0.9045,139.0,98.3,0.467
24.5,31834.9,34640.5,-0.9141,-0.8841,139.0,98.3,0.467
24.52,31837.5,34557.3,-0.8994,-1.0883,139.0,98.3,0.467
24.54,31821.5,34468.7,-0.9883,-1.3059,139.0,98.3,0.467
24.56,31778.8,34463.9,-1.2262,-1.3176,139.0,98.3,0.467
24.58,31775.0,34655.9,-1.247,-0.8464,139.0,98.3,0.467
24.6,31905.3,34932.1,-0.5225,-0.1685,139.0,98.3,0.467
24.62,32162.9,35267.6,0.9099,0.6552,139.0,98.3,0.467
24.64,32212.9,35519.7,1.1879,1.274,139.0,98.3,0.467
24.66,32255.8,35793.8,1.4261,1.9466,139.0,98.3,0.467
24.68,32301.7,35736.4,1.6813,1.8058,139.0,98.3,0.467
24.7,32183.0,35580.0,1.0215,1.4219,139.0,98.3,0.467
24.72,32054.5,35437.0,0.3073,1.0709,139.0,98.3,0.467
24.74,31999.0,35202.0,-0.0014,0.494,139.0,98.3,0.467
24.76,32040.3,34990.4,0.228,-0.0253,139.0,98.3,0.467
24.78,32027.5,35086.8,0.1568,0.2114,139.0,98.3,0.467
24.8,32021.5,34908.5,0.1235,-0.2263,139.0,98.3,0.467
24.82,31990.5,34906.1,-0.0489,-0.2322,139.0,98.3,0.467
24.84,31953.4,34912.3,-0.2552,-0.217,139.0,98.3,0.467
24.86,31791.7,34691.4,-1.1541,-0.7592,139.0,98.3,0.467
24.88,31887.9,34744.7,-0.6192,-0.6283,139.0,98.3,0.467
24.9,31805.3,34671.6,-1.0785,-0.8078,139.0,98.3,0.467
24.92,31934.7,34650.0,-0.3589,-0.8608,139.0,98.3,0.467
24.94,31771.2,34516.6,-1.2685,-1.1883,139.0,98.3,0.467
24.96,31776.9,34521.7,-1.2363,-1.1756,139.0,98.3,0.467
24.98,31779.5,34466.0,-1.2223,-1.3124,139.0,98.3,0.467
25.0,31710.0,34512.0,-1.6086,-1.1995,139.0,98.3,0.467
25.02,31945.4,34745.0,-0.2997,-0.6276,139.0,98.3,0.467
25.04,31986.1,35104.1,-0.0731,0.2538,139.0,98.3,0.467
25.06,32181.1,35465.9,1.011,1.1419,139.0,98.3,0.467
25.08,32269.7,35714.6,1.5038,1.7523,139.0,98.3,0.467
25.1,32408.7,35739.5,2.2763,1.8134,139.0,98.3,0.467
25.12,32227.5,35665.5,1.2691,1.6318,139.0,98.3,0.467
25.14,32250.5,35541.4,1.3967,1.327,139.0,98.3,0.467
25.16,32064.1,35237.8,0.3605,0.582,139.0,98.3,0.467
25.18,32024.0,35252.1,0.1372,0.6171,139.0,98.3,0.467
25.2,31931.4,35114.3,-0.3777,0.2789,139.0,98.3,0.467
25.22,31971.7,34993.7,-0.1532,-0.0172,139.0,98.3,0.467
25.24,31975.4,35135.1,-0.1329,0.3299,139.0,98.3,0.467
25.26,31924.1,34856.3,-0.4181,-0.3545,139.0,98.3,0.467
25.28,31954.8,34737.4,-0.2475,-0.6462,139.0,98.3,0.467
25.3,31828.4,34684.8,-0.9503,-0.7754,139.0,98.3,0.467
25.32,31931.9,34678.0,-0.3748,-0.7921,139.0,98.3,0.467
25.34,31833.1,34656.9,-0.9238,-0.8439,139.0,98.3,0.467
25.36,31840.4,34650.7,-0.8837,-0.859,139.0,98.3,0.467
25.38,31742.3,34547.8,-1.4291,-1.1116,139.0,98.3,0.467
25.4,31743.8,34514.1,-1.4207,-1.1945,139.0,98.3,0.467
25.42,31657.4,34458.4,-1.9009,-1.3312,139.0,98.3,0.467
25.44,31841.7,34569.8,-0.8761,-1.0577,139.0,98.3,0.467
25.46,31947.0,34892.5,-0.2908,-0.2656,139.0,98.3,0.467
25.48,32188.3,35340.8,1.0508,0.8348,139.0,98.3,0.467
25.5,32196.9,35607.8,1.099,1.49,139.0,98.3,0.467
25.52,32256.7,35774.9,1.4312,1.9003,139.0,98.3,0.467
25.54,32353.7,35738.4,1.9707,1.8107,139.0,98.3,0.467
25.56,32223.0,35522.8,1.2437,1.2814,139.0,98.3,0.467
25.58,32203.4,35347.0,1.1351,0.85,139.0,98.3,0.467
25.6,32061.2,35160.5,0.3444,0.3922,139.0,98.3,0.467
25.62,32027.7,35237.6,0.1579,0.5815,139.0,98.3,0.467
25.64,32013.1,35050.4,0.0769,0.122,139.0,98.3,0.467
25.66,32039.6,35009.1,0.2244,0.0205,139.0,98.3,0.467
25.68,31978.6,35000.9,-0.1149,0.0004,139.0,98.3,0.467
25.7,31882.7,34892.4,-0.6482,-0.2658,139.0,98.3,0.467
25.72,31838.4,34796.3,-0.8947,-0.5018,139.0,98.3,0.467
25.74,31947.0,34620.7,-0.291,-0.9326,139.0,98.3,0.467
25.76,31875.7,34709.3,-0.6873,-0.7153,139.0,98.3,0.467
25.78,31859.9,34629.5,-0.775,-0.9111,139.0,98.3,0.467
25.8,31829.9,34592.9,-0.942,-1.0011,139.0,98.3,0.467
25.82,31800.5,34543.0,-1.1055,-1.1233,139.0,98.3,0.467
25.84,31817.9,34394.3,-1.0088,-1.4883,139.0,98.3,0.467
25.86,31744.7,34502.8,-1.4154,-1.2221,139.0,98.3,0.467
25.88,31857.4,34650.2,-0.7888,-0.8604,139.0,98.3,0.467
25.9,31994.0,35064.6,-0.0297,0.1569,139.0,98.3,0.467
25.92,32179.8,35444.6,1.0036,1.0894,139.0,98.3,0.467
25.94,32228.3,35697.1,1.2732,1.7093,139.0,98.3,0.467
25.96,32257.0,35792.3,1.4331,1.9431,139.0,98.3,0.467
25.98,32252.2,35499.4,1.4065,1.2239,139.0,98.3,0.467
26.0,32291.6,35540.7,1.6251,1.3253,139.0,98.3,0.467
26.02,32102.5,35407.6,0.574,0.9987,139.0,98.3,0.467
26.04,32101.6,35201.9,0.5689,0.4939,139.0,98.3,0.467
26.06,32064.9,35064.6,0.3648,0.1568,139.0,98.3,0.467
26.08,31994.8,35004.1,-0.0252,0.0083,139.0,98.3,0.467
26.1,32002.4,35014.8,0.017,0.0345,139.0,98.3,0.467
26.12,31992.1,34924.7,-0.04,-0.1865,139.0,98.3,0.467
26.14,31973.0,34772.1,-0.146,-0.561,139.0,98.3,0.467
26.16,31871.3,34741.9,-0.7119,-0.6352,139.0,98.3,0.467
26.18,31803.3,34728.7,-1.0899,-0.6677,139.0,98.3,0.467
26.2,31801.4,34681.9,-1.1001,-0.7824,139.0,98.3,0.467
26.22,31796.7,34637.8,-1.1267,-0.8907,139.0,98.3,0.467
26.24,31732.1,34609.0,-1.4856,-0.9614,139.0,98.3,0.467
26.26,31781.5,34529.0,-1.2107,-1.1578,139.0,98.3,0.467
26.28,31700.0,34529.2,-1.6643,-1.1574,139.0,98.3,0.467
26.3,31769.1,34607.2,-1.2797,-0.966,139.0,98.3,0.467
26.32,31979.1,34804.7,-0.1121,-0.4811,139.0,98.3,0.467
26.34,32068.7,35193.9,0.3862,0.4742,139.0,98.3,0.467
26.36,32322.6,35476.4,1.7976,1.1675,139.0,98.3,0.467
26.38,32368.0,35705.0,2.0504,1.7288,139.0,98.3,0.467
26.4,32193.5,35813.0,1.0799,1.9939,139.0,98.3,0.467
26.42,32362.9,35636.5,2.0216,1.5605,139.0,98.3,0.467
26.44,32279.1,35396.6,1.5561,0.9717,139.0,98.3,0.467
26.46,32151.9,35260.5,0.8486,0.6376,139.0,98.3,0.467
26.48,32032.9,35147.6,0.1868,0.3604,139.0,98.3,0.467
26.5,32076.7,35144.4,0.4307,0.3526,139.0,98.3,0.467
26.52,32107.3,35089.0,0.6005,0.2167,139.0,98.3,0.467
26.54,31997.9,35018.2,-0.0076,0.043,139.0,98.3,0.467
26.56,31986.4,34792.6,-0.0715,-0.5107,139.0,98.3,0.467
26.58,31944.2,34743.7,-0.3062,-0.6309,139.0,98.3,0.467
26.6,31850.8,34799.6,-0.8255,-0.4937,139.0,98.3,0.467
26.62,31823.8,34633.2,-0.9757,-0.902,139.0,98.3,0.467
26.64,31890.4,34578.4,-0.6054,-1.0365,139.0,98.3,0.467
26.66,31770.8,34529.3,-1.2702,-1.1572,139.0,98.3,0.467
26.68,31843.2,34469.5,-0.8679,-1.3039,139.0,98.3,0.467
26.7,31852.9,34513.7,-0.8137,-1.1953,139.0,98.3,0.467
26.72,31763.1,34412.4,-1.3134,-1.4441,139.0,98.3,0.467
26.74,31761.4,34538.3,-1.3226,-1.135,139.0,98.3,0.467
26.76,31982.3,34953.5,-0.0947,-0.1158,139.0,98.3,0.467
26.78,32194.4,35294.6,1.0848,0.7213,139.0,98.3,0.467
26.8,32270.9,35620.9,1.5102,1.5223,139.0,98.3,0.467
26.82,32366.4,35778.3,2.0413,1.9086,139.0,98.3,0.467
26.84,32291.3,35775.0,1.6239,1.9004,139.0,98.3,0.467
26.86,32159.6,35647.1,0.8912,1.5865,139.0,98.3,0.467
26.88,32114.2,35386.1,0.6387,0.9458,139.0,98.3,0.467
26.9,32090.8,35228.6,0.5087,0.5593,139.0,98.3,0.467
26.92,32061.8,35111.3,0.3475,0.2714,139.0,98.3,0.467
26.94,32021.1,35080.8,0.1215,0.1965,139.0,98.3,0.467
26.96,31924.8,35004.0,-0.4141,0.008,139.0,98.3,0.467
26.98,31992.9,34909.1,-0.0356,-0.2249,139.0,98.3,0.467
27.0,31893.1,34831.8,-0.5905,-0.4146,139.0,98.3,0.467
27.02,31819.2,34750.0,-1.0012,-0.6153,139.0,98.3,0.467
27.04,31872.8,34652.8,-0.7031,-0.854,139.0,98.3,0.467
27.06,31905.6,34698.5,-0.5207,-0.7417,139.0,98.3,0.467
27.08,31847.9,34641.6,-0.8419,-0.8815,139.0,98.3,0.467
27.1,31798.5,34594.5,-1.1167,-0.997,139.0,98.3,0.467
27.12,31772.4,34464.6,-1.2617,-1.3159,139.0,98.3,0.467
27.14,31785.1,34418.1,-1.1912,-1.43,139.0,98.3,0.467
27.16,31807.3,34568.2,-1.0675,-1.0616,139.0,98.3,0.467
27.18,31876.0,34780.9,-0.6854,-0.5395,139.0,98.3,0.467
27.2,32071.7,35083.2,0.4026,0.2025,139.0,98.3,0.467
27.22,32177.7,35358.5,0.9918,0.8781,139.0,98.3,0.467
27.24,32359.2,35677.1,2.0011,1.6602,139.0,98.3,0.467
27.26,32379.6,35722.4,2.1148,1.7713,139.0,98.3,0.467
27.28,32253.9,35626.2,1.4155,1.5354,139.0,98.3,0.467
27.3,32137.2,35532.4,0.767,1.3049,139.0,98.3,0.467
27.32,32183.0,35302.7,1.0214,0.7412,139.0,98.3,0.467
27.34,32152.6,35091.5,0.8524,0.2228,139.0,98.3,0.467
27.36,32043.2,35203.1,0.2444,0.4967,139.0,98.3,0.467
27.38,32040.2,35132.5,0.2276,0.3236,139.0,98.3,0.467
27.4,32077.1,34923.6,0.4326,-0.1892,139.0,98.3,0.467
27.42,31930.6,34984.0,-0.382,-0.041,139.0,98.3,0.467
27.44,31902.9,34741.8,-0.5357,-0.6356,139.0,98.3,0.467
27.46,31906.2,34632.8,-0.5175,-0.9029,139.0,98.3,0.467
27.48,31788.3,34670.4,-1.1734,-0.8108,139.0,98.3,0.467
27.5,31862.1,34620.0,-0.763,-0.9345,139.0,98.3,0.467
27.52,31855.4,34571.1,-0.8,-1.0544,139.0,98.3,0.467
27.54,31776.4,34480.6,-1.2395,-1.2767,139.0,98.3,0.467
27.56,31834.4,34450.3,-0.9169,-1.3509,139.0,98.3,0.467
27.58,31816.2,34537.9,-1.0178,-1.136,139.0,98.3,0.467
27.6,31911.6,34666.2,-0.4873,-0.8211,139.0,98.3,0.467
27.62,31894.5,34861.2,-0.5825,-0.3425,139.0,98.3,0.467
27.64,32102.0,35312.3,0.5712,0.7648,139.0,98.3,0.467
27.66,32323.0,35625.9,1.8002,1.5346,139.0,98.3,0.467
27.68,32291.1,35679.8,1.6228,1.6668,139.0,98.3,0.467
27.7,32331.9,35802.6,1.8496,1.9683,139.0,98.3,0.467
27.72,32201.9,35557.5,1.1268,1.3666,139.0,98.3,0.467
27.74,32094.9,35408.1,0.5314,0.9999,139.0,98.3,0.467
27.76,32113.7,35156.7,0.6359,0.383,139.0,98.3,0.467
27.78,32109.9,35115.6,0.615,0.2821,139.0,98.3,0.467
27.8,32104.3,35040.1,0.5841,0.0966,139.0,98.3,0.467
27.82,31991.1,35075.7,-0.0456,0.184,139.0,98.3,0.467
27.84,31961.1,34886.3,-0.2126,-0.2808,139.0,98.3,0.467
27.86,31949.6,34861.9,-0.2764,-0.3408,139.0,98.3,0.467
27.88,31815.4,34734.3,-1.0225,-0.6539,139.0,98.3,0.467
27.9,31853.0,34707.9,-0.8132,-0.7187,139.0,98.3,0.467
27.92,31787.3,34761.7,-1.1784,-0.5867,139.0,98.3,0.467
27.94,31817.1,34658.6,-1.0128,-0.8398,139.0,98.3,0.467
27.96,31850.4,34635.2,-0.828,-0.8972,139.0,98.3,0.467
27.98,31837.1,34596.5,-0.9018,-0.9921,139.0,98.3,0.467
28.0,31780.8,34513.6,-1.2148,-1.1957,139.0,98.3,0.467
28.02,31776.5,34513.6,-1.2389,-1.1956,139.0,98.3,0.467
28.04,31864.6,34578.4,-0.7491,-1.0364,139.0,98.3,0.467
28.06,32049.9,34986.2,0.2816,-0.0356,139.0,98.3,0.467
28.08,32189.2,35381.6,1.0562,0.935,139.0,98.3,0.467
28.1,32210.8,35643.6,1.1761,1.578,139.0,98.3,0.467
28.12,32329.2,35819.9,1.8346,2.0108,139.0,98.3,0.467
28.14,32243.2,35646.6,1.3564,1.5855,139.0,98.3,0.467
28.16,32170.3,35516.0,0.9508,1.2647,139.0,98.3,0.467
28.18,32161.3,35285.2,0.9011,0.6982,139.0,98.3,0.467
28.2,32069.7,35179.3,0.3916,0.4383,139.0,98.3,0.467
28.22,31966.8,35006.3,-0.1805,0.0138,139.0,98.3,0.467
28.24,31996.0,35056.2,-0.0182,0.1361,139.0,98.3,0.467
28.26,31986.1,35004.2,-0.0734,0.0085,139.0,98.3,0.467
28.28,32035.4,34848.9,0.2011,-0.3725,139.0,98.3,0.467
28.3,31922.2,34767.8,-0.4289,-0.5717,139.0,98.3,0.467
28.32,31794.5,34813.4,-1.1385,-0.4597,139.0,98.3,0.467
28.34,31825.9,34612.6,-0.9638,-0.9527,139.0,98.3,0.467
28.36,31831.5,34639.7,-0.9329,-0.886,139.0,98.3,0.467
28.38,31865.0,34627.3,-0.7467,-0.9166,139.0,98.3,0.467
28.4,31843.3,34645.5,-0.8675,-0.8718,139.0,98.3,0.467
28.42,31889.0,34467.7,-0.613,-1.3082,139.0,98.3,0.467
28.44,31756.2,34458.9,-1.3514,-1.3299,139.0,98.3,0.467
28.46,31817.7,34522.0,-1.0095,-1.1749,139.0,98.3,0.467
28.48,31951.1,34780.4,-0.2682,-0.5406,139.0,98.3,0.467
28.5,32040.0,35150.1,0.2264,0.3666,139.0,98.3,0.467
28.52,32170.9,35522.4,0.9541,1.2804,139.0,98.3,0.467
28.54,32299.7,35737.7,1.6702,1.8089,139.0,98.3,0.467
28.56,32413.4,35764.4,2.3024,1.8745,139.0,98.3,0.467
28.58,32266.3,35570.7,1.4845,1.399,139.0,98.3,0.467
28.6,32186.4,35431.1,1.0405,1.0563,139.0,98.3,0.467
28.62,32225.7,35341.2,1.2587,0.8358,139.0,98.3,0.467
28.64,31945.6,35145.0,-0.2984,0.3542,139.0,98.3,0.467
28.66,32076.8,35151.6,0.431,0.3704,139.0,98.3,0.467
28.68,32118.1,35036.4,0.6604,0.0876,139.0,98.3,0.467
28.7,31975.8,34937.4,-0.1305,-0.1555,139.0,98.3,0.467
28.72,31943.6,34911.1,-0.3098,-0.2199,139.0,98.3,0.467
28.74,31865.5,34740.4,-0.7439,-0.639,139.0,98.3,0.467
28.76,31913.4,34703.7,-0.4776,-0.729,139.0,98.3,0.467
28.78,31897.5,34517.6,-0.5657,-1.1858,139.0,98.3,0.467
28.8,31883.5,34644.4,-0.6436,-0.8747,139.0,98.3,0.467
28.82,31785.1,34617.0,-1.191,-0.9418,139.0,98.3,0.467
28.84,31841.7,34524.7,-0.8764,-1.1683,139.0,98.3,0.467
28.86,31831.2,34470.6,-0.9347,-1.3012,139.0,98.3,0.467
28.88,31705.8,34443.8,-1.6317,-1.367,139.0,98.3,0.467
28.9,31933.2,34599.0,-0.3673,-0.986,139.0,98.3,0.467
28.92,31905.2,34986.4,-0.5229,-0.035,139.0,98.3,0.467
28.94,32085.5,35273.2,0.4793,0.6689,139.0,98.3,0.467
28.96,32169.0,35640.8,0.9438,1.571,139.0,98.3,0.467
28.98,32354.5,35799.0,1.9753,1.9594,139.0,98.3,0.467
29.0,32348.9,35686.9,1.9441,1.6843,139.0,98.3,0.467
29.02,32294.7,35530.7,1.6427,1.3009,139.0,98.3,0.467
29.04,32231.3,35271.0,1.2903,0.6634,139.0,98.3,0.467
29.06,32044.0,35246.5,0.2484,0.6033,139.0,98.3,0.467
29.08,32023.5,35096.9,0.1349,0.236,139.0,98.3,0.467
29.1,32013.8,35051.5,0.0804,0.1248,139.0,98.3,0.467
29.12,31951.5,35037.6,-0.2656,0.0906,139.0,98.3,0.467
29.14,31995.2,34976.8,-0.0225,-0.0586,139.0,98.3,0.467
29.16,31937.2,34703.1,-0.3452,-0.7304,139.0,98.3,0.467
29.18,31916.8,34701.6,-0.4586,-0.7342,139.0,98.3,0.467
29.2,31894.4,34753.6,-0.5831,-0.6066,139.0,98.3,0.467
29.22,31938.8,34699.2,-0.3366,-0.74,139.0,98.3,0.467
29.24,31880.1,34680.7,-0.6629,-0.7854,139.0,98.3,0.467
29.26,31767.3,34591.6,-1.2899,-1.0041,139.0,98.3,0.467
29.28,31808.0,34430.8,-1.0638,-1.3989,139.0,98.3,0.467
29.3,31714.1,34438.0,-1.5854,-1.3812,139.0,98.3,0.467
29.32,31781.1,34497.6,-1.2134,-1.2348,139.0,98.3,0.467
29.34,31973.5,34736.6,-0.1435,-0.6483,139.0,98.3,0.467
29.36,32052.3,35122.6,0.2946,0.2991,139.0,98.3,0.467
29.38,32155.3,35447.3,0.8676,1.0962,139.0,98.3,0.467
29.4,32227.3,35650.9,1.2679,1.5958,139.0,98.3,0.467
29.42,32266.3,35738.1,1.4847,1.8099,139.0,98.3,0.467
29.44,32285.0,35691.4,1.5889,1.6953,139.0,98.3,0.467
29.46,32166.2,35480.8,0.928,1.1784,139.0,98.3,0.467
29.48,32150.3,35245.0,0.8398,0.5996,139.0,98.3,0.467
29.5,32083.7,35211.1,0.4696,0.5165,139.0,98.3,0.467
29.52,32047.5,35096.4,0.268,0.235,139.0,98.3,0.467
29.54,31900.3,35083.6,-0.5503,0.2034,139.0,98.3,0.467
29.56,31974.3,35088.9,-0.1388,0.2164,139.0,98.3,0.467
29.58,31933.2,34874.2,-0.3677,-0.3106,139.0,98.3,0.467
29.6,31856.0,34759.7,-0.7967,-0.5916,139.0,98.3,0.467
29.62,31884.0,34578.3,-0.6411,-1.0367,139.0,98.3,0.467
29.64,31903.3,34593.3,-0.5336,-1.0,139.0,98.3,0.467
29.66,31789.4,34676.6,-1.1671,-0.7954,139.0,98.3,0.467
29.68,31791.5,34591.8,-1.1553,-1.0037,139.0,98.3,0.467
29.7,31850.8,34467.3,-0.8256,-1.3093,139.0,98.3,0.467
29.72,31763.2,34546.4,-1.3125,-1.1151,139.0,98.3,0.467
29.74,31725.1,34455.2,-1.5247,-1.3389,139.0,98.3,0.467
29.76,31822.8,34525.2,-0.981,-1.167,139.0,98.3,0.467
29.78,31827.6,34959.9,-0.9544,-0.1001,139.0,98.3,0.467
29.8,32103.5,35293.9,0.5796,0.7197,139.0,98.3,0.467
29.82,32276.3,35580.3,1.5402,1.4225,139.0,98.3,0.467
29.84,32280.0,35724.9,1.5606,1.7776,139.0,98.3,0.467
29.86,32342.1,35683.9,1.9061,1.6768,139.0,98.3,0.467
29.88,32212.7,35535.1,1.1864,1.3116,139.0,98.3,0.467
29.9,32246.8,35420.2,1.3762,1.0296,139.0,98.3,0.467
29.92,32161.2,35195.2,0.9001,0.4773,139.0,98.3,0.467
29.94,32040.3,35174.9,0.2279,0.4276,139.0,98.3,0.467
29.96,32063.1,35141.0,0.3546,0.3443,139.0,98.3,0.467
29.98,32071.4,35022.2,0.4008,0.0527,139.0,98.3,0.467
30.0,31938.3,34985.2,-0.3394,-0.0381,139.0,98.3,0.467
30.02,31870.3,34917.9,-0.7172,-0.2033,139.0,98.3,0.467
30.04,31978.5,34756.5,-0.1156,-0.5995,139.0,98.3,0.467
30.06,31798.4,34603.8,-1.117,-0.9742,139.0,98.3,0.467
30.08,31871.0,34753.6,-0.7133,-0.6065,139.0,98.3,0.467
30.1,31869.5,34590.9,-0.7217,-1.0059,139.0,98.3,0.467
30.12,31773.1,34640.4,-1.2577,-0.8845,139.0,98.3,0.467
30.14,31737.9,34485.1,-1.4532,-1.2657,139.0,98.3,0.467
30.16,31772.7,34440.6,-1.26,-1.3748,139.0,98.3,0.467
30.18,31810.2,34584.3,-1.0513,-1.0222,139.0,98.3,0.467
30.2,31902.2,34721.1,-0.54,-0.6864,139.0,98.3,0.467
30.22,32051.8,35067.8,0.2919,0.1646,139.0,98.3,0.467
30.24,32194.1,35294.7,1.0834,0.7217,139.0,98.3,0.467
30.26,32345.3,35699.1,1.9237,1.7143,139.0,98.3,0.467
30.28,32281.4,35747.3,1.5686,1.8325,139.0,98.3,0.467
30.3,32263.1,35701.4,1.4667,1.7199,139.0,98.3,0.467
30.32,32108.8,35487.8,0.6089,1.1956,139.0,98.3,0.467
30.34,32224.8,35242.5,1.254,0.5935,139.0,98.3,0.467
30.36,32079.0,35247.5,0.4433,0.6058,139.0,98.3,0.467
30.38,32048.6,35012.0,0.2743,0.0277,139.0,98.3,0.467
30.4,32006.0,35080.6,0.0376,0.1961,139.0,98.3,0.467
30.42,31985.0,35023.5,-0.0792,0.056,139.0,98.3,0.467
30.44,31951.2,34922.9,-0.2674,-0.191,139.0,98.3,0.467
30.46,31840.5,34873.7,-0.8826,-0.3117,139.0,98.3,0.467
30.48,31882.0,34690.0,-0.6521,-0.7626,139.0,98.3,0.467
30.5,31940.9,34727.6,-0.3246,-0.6704,139.0,98.3,0.467
30.52,31899.2,34598.3,-0.5564,-0.9876,139.0,98.3,0.467
30.54,31888.4,34622.4,-0.6163,-0.9287,139.0,98.3,0.467
30.56,31814.6,34537.3,-1.0268,-1.1375,139.0,98.3,0.467
30.58,31827.0,34522.4,-0.958,-1.1741,139.0,98.3,0.467
30.6,31841.3,34431.1,-0.8786,-1.3981,139.0,98.3,0.467
30.62,31896.9,34621.5,-0.5691,-0.9307,139.0,98.3,0.467
30.64,31977.9,34833.6,-0.1189,-0.4101,139.0,98.3,0.467
30.66,32136.0,35231.4,0.7603,0.5663,139.0,98.3,0.467
30.68,32244.9,35599.7,1.3659,1.4702,139.0,98.3,0.467
30.7,32259.7,35766.2,1.4479,1.8788,139.0,98.3,0.467
30.72,32302.4,35794.3,1.6853,1.9478,139.0,98.3,0.467
30.74,32255.7,35645.3,1.4255,1.5821,139.0,98.3,0.467
30.76,32158.0,35406.4,0.8826,0.9957,139.0,98.3,0.467
30.78,32159.6,35272.1,0.8915,0.6662,139.0,98.3,0.467
30.8,32085.7,35147.4,0.4803,0.36,139.0,98.3,0.467
30.82,32080.3,35096.8,0.4507,0.2358,139.0,98.3,0.467
30.84,31975.9,35056.3,-0.1303,0.1365,139.0,98.3,0.467
30.86,31965.5,34842.4,-0.1878,-0.3886,139.0,98.3,0.467
30.88,31944.7,34903.7,-0.3036,-0.238,139.0,98.3,0.467
30.9,31915.0,34772.8,-0.4684,-0.5595,139.0,98.3,0.467
30.92,31880.9,34654.9,-0.6581,-0.8489,139.0,98.3,0.467
30.94,31773.6,34641.9,-1.2549,-0.8806,139.0,98.3,0.467
30.96,31778.2,34679.1,-1.2295,-0.7893,139.0,98.3,0.467
30.98,31889.0,34444.7,-0.6132,-1.3648,139.0,98.3,0.467
31.0,31749.3,34509.6,-1.3899,-1.2054,139.0,98.3,0.467
31.02,31804.0,34420.9,-1.0856,-1.4232,139.0,98.3,0.467
31.04,31782.4,34511.2,-1.2059,-1.2015,139.0,98.3,0.467
31.06,31793.9,34701.6,-1.142,-0.7341,139.0,98.3,0.467
31.08,32007.1,35000.1,0.0437,-0.0016,139.0,98.3,0.467
31.1,32164.5,35343.1,0.9187,0.8404,139.0,98.3,0.467
31.12,32272.4,35597.6,1.5186,1.4651,139.0,98.3,0.467
31.14,32362.4,35720.6,2.0191,1.7671,139.0,98.3,0.467
31.16,32241.4,35821.3,1.3461,2.0142,139.0,98.3,0.467
31.18,32175.1,35527.1,0.9776,1.292,139.0,98.3,0.467
31.2,32158.0,35332.1,0.8826,0.8135,139.0,98.3,0.467
31.22,32042.9,35219.4,0.2423,0.5368,139.0,98.3,0.467
31.24,32032.9,35142.6,0.1869,0.3482,139.0,98.3,0.467
31.26,32006.8,35059.8,0.0417,0.1451,139.0,98.3,0.467
31.28,31942.4,34976.6,-0.3161,-0.0593,139.0,98.3,0.467
31.3,31849.3,34849.6,-0.834,-0.3708,139.0,98.3,0.467
31.32,32002.4,34820.2,0.0174,-0.4431,139.0,98.3,0.467
31.34,31860.8,34700.8,-0.7698,-0.7361,139.0,98.3,0.467
31.36,31863.9,34655.1,-0.7528,-0.8482,139.0,98.3,0.467
31.38,31848.1,34590.7,-0.8404,-1.0064,139.0,98.3,0.467
31.4,31900.1,34618.0,-0.5518,-0.9393,139.0,98.3,0.467
31.42,31779.3,34482.3,-1.223,-1.2725,139.0,98.3,0.467
31.44,31760.2,34450.2,-1.3295,-1.3511,139.0,98.3,0.467
31.46,31799.0,34471.8,-1.1137,-1.2983,139.0,98.3,0.467
31.48,31836.5,34476.9,-0.9053,-1.2856,139.0,98.3,0.467
31.5,32007.3,34687.0,0.0446,-0.7701,139.0,98.3,0.467
31.52,32088.3,35142.9,0.4948,0.3489,139.0,98.3,0.467
31.54,32111.7,35489.1,0.6249,1.1987,139.0,98.3,0.467
31.56,32355.8,35677.6,1.9825,1.6614,139.0,98.3,0.467
31.58,32320.2,35782.0,1.7846,1.9177,139.0,98.3,0.467
31.6,32450.5,35722.1,2.5086,1.7708,139.0,98.3,0.467
31.62,32228.9,35454.1,1.2766,1.113,139.0,98.3,0.467
31.64,32131.1,35187.9,0.733,0.4595,139.0,98.3,0.467
31.66,32021.7,35129.8,0.1248,0.3169,139.0,98.3,0.467
31.68,32071.1,35202.0,0.3992,0.4942,139.0,98.3,0.467
31.7,32044.5,35055.2,0.2514,0.1338,139.0,98.3,0.467
31.72,32055.9,34952.2,0.3149,-0.119,139.0,98.3,0.467
31.74,31814.5,34931.1,-1.0275,-0.1708,139.0,98.3,0.467
31.76,31836.9,34821.9,-0.9029,-0.4389,139.0,98.3,0.467
31.78,31839.2,34746.7,-0.8901,-0.6234,139.0,98.3,0.467
31.8,31994.8,34699.8,-0.0249,-0.7387,139.0,98.3,0.467
31.82,31908.5,34639.4,-0.5049,-0.8869,139.0,98.3,0.467
31.84,31867.0,34603.4,-0.7358,-0.9753,139.0,98.3,0.467
31.86,31860.3,34506.5,-0.773,-1.2131,139.0,98.3,0.467
31.88,31774.7,34422.6,-1.2487,-1.4189,139.0,98.3,0.467
31.9,31787.9,34496.4,-1.1756,-1.2378,139.0,98.3,0.467
31.92,31869.6,34621.1,-0.7211,-0.9318,139.0,98.3,0.467
31.94,31994.8,34993.9,-0.0249,-0.0168,139.0,98.3,0.467
31.96,32060.1,35249.8,0.3382,0.6114,139.0,98.3,0.467
31.98,32177.3,35571.6,0.9896,1.4014,139.0,98.3,0.467
32.0,32369.9,35728.3,2.0606,1.786,139.0,98.3,0.467
32.02,32333.5,35717.4,1.8583,1.7591,139.0,98.3,0.467
32.04,32155.6,35632.8,0.8694,1.5516,139.0,98.3,0.467
32.06,32183.2,35341.5,1.0225,0.8366,139.0,98.3,0.467
32.08,32084.1,35245.8,0.4714,0.6016,139.0,98.3,0.467
32.1,32053.5,35109.0,0.3012,0.2657,139.0,98.3,0.467
32.12,32085.2,35120.2,0.4776,0.2932,139.0,98.3,0.467
32.14,31998.3,35002.2,-0.0053,0.0037,139.0,98.3,0.467
32.16,32004.5,34956.0,0.029,-0.1098,139.0,98.3,0.467
32.18,31903.2,34801.5,-0.534,-0.4889,139.0,98.3,0.467
32.2,31817.2,34756.6,-1.0127,-0.5992,139.0,98.3,0.467
32.22,31863.0,34679.6,-0.7577,-0.7883,139.0,98.3,0.467
32.24,31886.5,34619.1,-0.6271,-0.9366,139.0,98.3,0.467
32.26,31843.9,34636.4,-0.8642,-0.8941,139.0,98.3,0.467
32.28,31846.2,34613.7,-0.8514,-0.95,139.0,98.3,0.467
32.3,31754.2,34520.6,-1.3629,-1.1785,139.0,98.3,0.467
32.32,31821.1,34536.3,-0.9908,-1.14,139.0,98.3,0.467
32.34,31821.9,34455.1,-0.9865,-1.3392,139.0,98.3,0.467
32.36,31920.1,34823.8,-0.4401,-0.4341,139.0,98.3,0.467
32.38,32033.3,35058.3,0.1891,0.1414,139.0,98.3,0.467
32.4,32186.2,35415.7,1.0393,1.0187,139.0,98.3,0.467
32.42,32280.0,35694.1,1.561,1.702,139.0,98.3,0.467
32.44,32293.3,35741.5,1.6346,1.8184,139.0,98.3,0.467
32.46,32231.6,35703.2,1.2917,1.7242,139.0,98.3,0.467
32.48,32262.1,35451.1,1.4614,1.1056,139.0,98.3,0.467
32.5,32156.5,35297.7,0.8739,0.7291,139.0,98.3,0.467
32.52,32048.6,35130.1,0.2742,0.3176,139.0,98.3,0.467
32.54,31998.2,35109.7,-0.0061,0.2675,139.0,98.3,0.467
32.56,31976.5,35008.5,-0.1269,0.0192,139.0,98.3,0.467
32.58,31898.7,35033.1,-0.5593,0.0795,139.0,98.3,0.467
32.6,31933.0,34967.5,-0.3687,-0.0815,139.0,98.3,0.467
32.62,31922.7,34851.9,-0.4261,-0.3651,139.0,98.3,0.467
32.64,31859.6,34673.1,-0.7768,-0.8041,139.0,98.3,0.467
32.66,31787.8,34787.8,-1.1758,-0.5225,139.0,98.3,0.467
32.68,31868.6,34593.6,-0.7268,-0.9993,139.0,98.3,0.467
32.7,31876.6,34629.4,-0.6822,-0.9114,139.0,98.3,0.467
32.72,31766.2,34479.7,-1.2961,-1.2788,139.0,98.3,0.467
32.74,31756.4,34518.7,-1.3507,-1.183,139.0,98.3,0.467
32.76,31770.2,34463.8,-1.2738,-1.3179,139.0,98.3,0.467
32.78,31822.5,34660.7,-0.9829,-0.8345,139.0,98.3,0.467
32.8,31999.7,34890.3,0.0024,-0.271,139.0,98.3,0.467
32.82,31983.4,35210.1,-0.0885,0.5139,139.0,98.3,0.467
32.84,32217.4,35502.0,1.2125,1.2305,139.0,98.3,0.467
32.86,32279.3,35776.8,1.5568,1.905,139.0,98.3,0.467
32.88,32266.3,35794.3,1.4846,1.948,139.0,98.3,0.467
32.9,32289.3,35648.5,1.6127,1.59,139.0,98.3,0.467
32.92,32117.4,35384.1,0.6567,0.9411,139.0,98.3,0.467
32.94,32094.0,35319.8,0.5267,0.7833,139.0,98.3,0.467
32.96,32056.2,35118.6,0.3166,0.2895,139.0,98.3,0.467
32.98,32084.7,35024.9,0.4752,0.0593,139.0,98.3,0.467
33.0,32002.4,35035.5,0.0175,0.0854,139.0,98.3,0.467
33.02,31909.6,34956.5,-0.4984,-0.1085,139.0,98.3,0.467
33.04,31965.7,34847.1,-0.1867,-0.3769,139.0,98.3,0.467
33.06,31906.2,34770.8,-0.5174,-0.5643,139.0,98.3,0.467
33.08,31896.7,34711.5,-0.5704,-0.7098,139.0,98.3,0.467
33.1,31838.4,34708.3,-0.8944,-0.7176,139.0,98.3,0.467
33.12,31847.8,34653.2,-0.8423,-0.853,139.0,98.3,0.467
33.14,31852.0,34645.6,-0.8191,-0.8716,139.0,98.3,0.467
33.16,31853.2,34625.6,-0.8121,-0.9208,139.0,98.3,0.467
33.18,31818.7,34429.0,-1.0043,-1.4033,139.0,98.3,0.467
33.2,31787.4,34424.2,-1.178,-1.415,139.0,98.3,0.467
33.22,31853.5,34699.0,-0.8108,-0.7404,139.0,98.3,0.467
33.24,31986.0,35013.5,-0.0738,0.0313,139.0,98.3,0.467
33.26,32167.6,35455.2,0.9361,1.1156,139.0,98.3,0.467
33.28,32214.2,35678.2,1.195,1.663,139.0,98.3,0.467
33.3,32354.8,35772.8,1.9769,1.8952,139.0,98.3,0.467
33.32,32265.2,35670.3,1.4783,1.6435,139.0,98.3,0.467
33.34,32210.5,35517.0,1.1745,1.2673,139.0,98.3,0.467
33.36,32246.7,35354.2,1.3756,0.8677,139.0,98.3,0.467
33.38,32212.0,35202.8,1.1826,0.496,139.0,98.3,0.467
33.4,32052.7,35045.8,0.2971,0.1107,139.0,98.3,0.467
33.42,31868.9,35035.3,-0.7249,0.085,139.0,98.3,0.467
33.44,31932.7,34975.2,-0.3702,-0.0625,139.0,98.3,0.467
33.46,31965.9,34950.8,-0.1858,-0.1226,139.0,98.3,0.467
33.48,31914.5,34806.0,-0.4714,-0.4779,139.0,98.3,0.467
33.5,31877.1,34732.4,-0.6792,-0.6585,139.0,98.3,0.467
33.52,31883.4,34671.4,-0.6443,-0.8082,139.0,98.3,0.467
33.54,31789.4,34632.6,-1.1671,-0.9035,139.0,98.3,0.467
33.56,31980.2,34593.3,-0.1059,-1.0001,139.0,98.3,0.467
33.58,31819.7,34502.4,-0.9983,-1.223,139.0,98.3,0.467
33.6,31823.6,34455.2,-0.9768,-1.339,139.0,98.3,0.467
33.62,31832.5,34453.9,-0.9275,-1.3421,139.0,98.3,0.467
33.64,31798.8,34629.1,-1.1149,-0.9121,139.0,98.3,0.467
33.66,31956.2,34835.7,-0.2393,-0.4051,139.0,98.3,0.467
33.68,32102.7,35096.0,0.5753,0.2339,139.0,98.3,0.467
33.7,32288.1,35600.1,1.6057,1.4711,139.0,98.3,0.467
33.72,32328.9,35677.6,1.8328,1.6614,139.0,98.3,0.467
33.74,32325.4,35873.3,1.8131,2.1417,139.0,98.3,0.467
33.76,32256.0,35665.0,1.4276,1.6306,139.0,98.3,0.467
33.78,32219.6,35402.8,1.2251,0.987,139.0,98.3,0.467
33.8,32075.0,35341.4,0.4209,0.8362,139.0,98.3,0.467
33.82,32034.4,35284.1,0.195,0.6956,139.0,98.3,0.467
33.84,32097.2,35067.6,0.5442,0.1643,139.0,98.3,0.467
33.86,31966.2,34987.3,-0.1837,-0.033,139.0,98.3,0.467
33.88,32018.0,34947.9,0.1039,-0.1296,139.0,98.3,0.467
33.9,32014.6,34883.8,0.0852,-0.287,139.0,98.3,0.467
33.92,31875.4,34693.6,-0.6888,-0.7537,139.0,98.3,0.467
33.94,31955.9,34641.7,-0.2413,-0.8813,139.0,98.3,0.467
33.96,31743.6,34651.8,-1.422,-0.8565,139.0,98.3,0.467
33.98,31906.5,34605.5,-0.5158,-0.97,139.0,98.3,0.467
34.0,31850.5,34558.6,-0.827,-1.0853,139.0,98.3,0.467
34.02,31766.0,34593.3,-1.2973,-1.0001,139.0,98.3,0.467
34.04,31888.0,34553.6,-0.6188,-1.0974,139.0,98.3,0.467
34.06,31811.9,34463.3,-1.0418,-1.319,139.0,98.3,0.467
34.08,31896.7,34654.0,-0.5705,-0.851,139.0,98.3,0.467
34.1,32011.3,34901.6,0.0668,-0.2432,139.0,98.3,0.467
34.12,32098.0,35357.2,0.549,0.875,139.0,98.3,0.467
34.14,32280.3,35617.1,1.5625,1.513,139.0,98.3,0.467
34.16,32315.9,35781.2,1.7604,1.9157,139.0,98.3,0.467
34.18,32297.3,35695.6,1.6572,1.7056,139.0,98.3,0.467
34.2,32299.5,35528.9,1.6694,1.2964,139.0,98.3,0.467
34.22,32149.5,35267.3,0.8355,0.6543,139.0,98.3,0.467
34.24,32069.5,35265.8,0.3903,0.6506,139.0,98.3,0.467
34.26,32078.5,35221.2,0.4406,0.5412,139.0,98.3,0.467
34.28,32008.3,35015.5,0.0503,0.0364,139.0,98.3,0.467
34.3,31969.9,34959.4,-0.1634,-0.1014,139.0,98.3,0.467
34.32,31975.8,34872.4,-0.1306,-0.3149,139.0,98.3,0.467
34.34,32019.2,34832.4,0.1108,-0.413,139.0,98.3,0.467
34.36,31854.1,34747.3,-0.807,-0.622,139.0,98.3,0.467
34.38,31943.9,34623.5,-0.3082,-0.9259,139.0,98.3,0.467
34.4,31817.9,34631.5,-1.0083,-0.9063,139.0,98.3,0.467
34.42,31891.2,34676.6,-0.6012,-0.7954,139.0,98.3,0.467
34.44,31854.6,34518.2,-0.8046,-1.1842,139.0,98.3,0.467
34.46,31896.2,34472.5,-0.573,-1.2965,139.0,98.3,0.467
34.48,31799.9,34447.0,-1.1088,-1.3591,139.0,98.3,0.467
34.5,31856.2,34530.3,-0.7957,-1.1546,139.0,98.3,0.467
34.52,32052.1,34800.0,0.2939,-0.4925,139.0,98.3,0.467
34.54,32033.6,35133.8,0.1905,0.3267,139.0,98.3,0.467
34.56,32198.5,35442.1,1.1076,1.0833,139.0,98.3,0.467
34.58,32323.8,35689.9,1.8046,1.6917,139.0,98.3,0.467
34.6,32316.4,35737.6,1.763,1.8086,139.0,98.3,0.467
34.62,32359.2,35679.4,2.0014,1.6659,139.0,98.3,0.467
34.64,32270.0,35430.8,1.5053,1.0557,139.0,98.3,0.467
34.66,32160.6,35242.2,0.8969,0.5927,139.0,98.3,0.467
34.68,32115.4,35072.4,0.6455,0.176,139.0,98.3,0.467
34.7,32018.2,35133.4,0.1052,0.3256,139.0,98.3,0.467
34.72,32094.5,35025.6,0.5294,0.0611,139.0,98.3,0.467
34.74,32018.9,34928.0,0.109,-0.1785,139.0,98.3,0.467
34.76,31898.3,34965.8,-0.5616,-0.0858,139.0,98.3,0.467
34.78,31947.4,34713.9,-0.2887,-0.7041,139.0,98.3,0.467
34.8,31856.9,34741.9,-0.7919,-0.6353,139.0,98.3,0.467
34.82,31867.4,34721.3,-0.7331,-0.6857,139.0,98.3,0.467
34.84,31919.2,34663.5,-0.4453,-0.8277,139.0,98.3,0.467
34.86,31886.2,34632.3,-0.6287,-0.9042,139.0,98.3,0.467
34.88,31803.9,34606.3,-1.0862,-0.9681,139.0,98.3,0.467
34.9,31753.3,34458.3,-1.3679,-1.3313,139.0,98.3,0.467
34.92,31766.0,34494.9,-1.297,-1.2415,139.0,98.3,0.467
34.94,31799.2,34645.6,-1.1128,-0.8715,139.0,98.3,0.467
34.96,31929.8,34926.8,-0.3863,-0.1813,139.0,98.3,0.467
34.98,32137.9,35228.9,0.7709,0.56,139.0,98.3,0.467
35.0,32241.2,35493.6,1.3452,1.2097,139.0,98.3,0.467
35.02,32329.6,35633.6,1.8367,1.5535,139.0,98.3,0.467
35.04,32260.4,35670.6,1.4517,1.6442,139.0,98.3,0.467
35.06,32331.9,35605.3,1.8495,1.4839,139.0,98.3,0.467
35.08,32260.0,35445.4,1.4494,1.0916,139.0,98.3,0.467
35.1,32061.0,35252.2,0.3433,0.6172,139.0,98.3,0.467
35.12,32065.7,35052.2,0.3693,0.1265,139.0,98.3,0.467
35.14,32057.3,35083.2,0.3225,0.2026,139.0,98.3,0.467
35.16,32023.0,35104.5,0.1321,0.2549,139.0,98.3,0.467
35.18,31929.9,34942.5,-0.3858,-0.143,139.0,98.3,0.467
35.2,31904.9,34824.3,-0.5247,-0.4331,139.0,98.3,0.467
35.22,31902.7,34735.8,-0.5373,-0.6501,139.0,98.3,0.467
35.24,31824.7,34665.4,-0.9705,-0.8231,139.0,98.3,0.467
35.26,31835.5,34544.0,-0.9108,-1.1211,139.0,98.3,0.467
35.28,31834.1,34653.0,-0.9183,-0.8534,139.0,98.3,0.467
35.3,31792.7,34618.8,-1.1485,-0.9375,139.0,98.3,0.467
35.32,31799.5,34549.7,-1.1108,-1.1071,139.0,98.3,0.467
35.34,31727.0,34459.6,-1.5138,-1.3281,139.0,98.3,0.467
35.36,31728.3,34561.5,-1.5068,-1.0779,139.0,98.3,0.467
35.38,31896.7,34649.9,-0.5703,-0.8611,139.0,98.3,0.467
35.4,31908.4,35045.9,-0.5056,0.1109,139.0,98.3,0.467
35.42,32169.4,35385.2,0.9457,0.9438,139.0,98.3,0.467
35.44,32250.9,35642.8,1.3993,1.5761,139.0,98.3,0.467
35.46,32389.6,35804.9,2.1703,1.9739,139.0,98.3,0.467
35.48,32233.2,35702.2,1.3004,1.7218,139.0,98.3,0.467
35.5,32290.5,35521.2,1.619,1.2776,139.0,98.3,0.467
35.52,32227.4,35390.7,1.2682,0.9572,139.0,98.3,0.467
35.54,32140.1,35202.2,0.7832,0.4946,139.0,98.3,0.467
35.56,32058.1,35111.7,0.3271,0.2724,139.0,98.3,0.467
35.58,32046.6,35070.0,0.2631,0.17,139.0,98.3,0.467
35.6,32060.0,34976.6,0.3375,-0.0591,139.0,98.3,0.467
35.62,31895.2,34937.7,-0.5785,-0.1547,139.0,98.3,0.467
35.64,31895.3,34748.5,-0.5785,-0.6191,139.0,98.3,0.467
35.66,31920.3,34672.1,-0.4393,-0.8066,139.0,98.3,0.467
35.68,31817.1,34563.9,-1.0131,-1.072,139.0,98.3,0.467
35.7,31828.1,34652.7,-0.9516,-0.8542,139.0,98.3,0.467
35.72,31806.7,34597.9,-1.0708,-0.9887,139.0,98.3,0.467
35.74,31815.6,34517.6,-1.0216,-1.1858,139.0,98.3,0.467
35.76,31804.0,34464.5,-1.0856,-1.316,139.0,98.3,0.467
35.78,31736.3,34471.7,-1.4622,-1.2985,139.0,98.3,0.467
35.8,31787.3,34588.0,-1.1786,-1.013,139.0,98.3,0.467
35.82,31966.3,34791.8,-0.1836,-0.5128,139.0,98.3,0.467
35.84,32033.5,35153.1,0.1904,0.374,139.0,98.3,0.467
35.86,32307.0,35583.5,1.7109,1.4305,139.0,98.3,0.467
35.88,32297.4,35766.5,1.6577,1.8796,139.0,98.3,0.467
35.9,32236.6,35814.6,1.3194,1.9978,139.0,98.3,0.467
35.92,32328.1,35665.5,1.8283,1.6318,139.0,98.3,0.467
35.94,32132.5,35325.2,0.7408,0.7964,139.0,98.3,0.467
35.96,32120.7,35262.9,0.6749,0.6437,139.0,98.3,0.467
35.98,32039.7,35032.1,0.2247,0.077,139.0,98.3,0.467
36.0,32042.6,35102.8,0.241,0.2505,139.0,98.3,0.467
36.02,31978.1,35056.7,-0.1176,0.1375,139.0,98.3,0.467
36.04,32037.0,34945.4,0.21,-0.1357,139.0,98.3,0.467
36.06,31926.8,34933.7,-0.4031,-0.1645,139.0,98.3,0.467
36.08,31806.8,34768.5,-1.07,-0.5699,139.0,98.3,0.467
36.1,31795.1,34657.6,-1.1354,-0.8422,139.0,98.3,0.467
36.12,31883.4,34779.7,-0.6442,-0.5424,139.0,98.3,0.467
36.14,31813.3,34668.8,-1.0341,-0.8147,139.0,98.3,0.467
36.16,31903.3,34660.9,-0.5335,-0.834,139.0,98.3,0.467
36.18,31740.2,34523.7,-1.4406,-1.1709,139.0,98.3,0.467
36.2,31684.9,34506.4,-1.7478,-1.2132,139.0,98.3,0.467
36.22,31812.8,34523.3,-1.0372,-1.1717,139.0,98.3,0.467
36.24,31932.2,34601.7,-0.3728,-0.9793,139.0,98.3,0.467
36.26,32033.9,34915.1,0.1926,-0.2102,139.0,98.3,0.467
36.28,32167.9,35333.2,0.9377,0.816,139.0,98.3,0.467
36.3,32280.8,35637.3,1.5651,1.5626,139.0,98.3,0.467
36.32,32329.8,35793.9,1.8376,1.9469,139.0,98.3,0.467
36.34,32314.6,35760.9,1.753,1.8658,139.0,98.3,0.467
36.36,32181.4,35562.1,1.0128,1.378,139.0,98.3,0.467
36.38,32145.3,35388.4,0.8116,0.9517,139.0,98.3,0.467
36.4,32212.9,35218.3,1.1876,0.5341,139.0,98.3,0.467
36.42,32092.6,35161.0,0.519,0.3934,139.0,98.3,0.467
36.44,32102.1,35099.3,0.5718,0.2419,139.0,98.3,0.467
36.46,32087.7,34989.8,0.4916,-0.0267,139.0,98.3,0.467
36.48,31836.4,34926.1,-0.9057,-0.1831,139.0,98.3,0.467
36.5,32036.3,34856.3,0.2056,-0.3544,139.0,98.3,0.467
36.52,31845.0,34664.2,-0.8576,-0.826,139.0,98.3,0.467
36.54,31808.7,34725.8,-1.0599,-0.6747,139.0,98.3,0.467
36.56,31955.6,34573.8,-0.243,-1.0477,139.0,98.3,0.467
36.58,31864.9,34651.0,-0.7474,-0.8583,139.0,98.3,0.467
36.6,31783.4,34579.9,-1.2005,-1.0328,139.0,98.3,0.467
36.62,31687.6,34443.6,-1.7329,-1.3675,139.0,98.3,0.467
36.64,31733.0,34450.6,-1.4804,-1.3503,139.0,98.3,0.467
36.66,31743.3,34538.6,-1.4234,-1.1342,139.0,98.3,0.467
36.68,31922.8,34770.2,-0.4251,-0.5657,139.0,98.3,0.467
36.7,32049.2,35203.2,0.2773,0.4969,139.0,98.3,0.467
36.72,32166.1,35443.4,0.9278,1.0865,139.0,98.3,0.467
36.74,32313.2,35711.4,1.7456,1.7445,139.0,98.3,0.467
36.76,32344.9,35734.1,1.9219,1.8,139.0,98.3,0.467
36.78,32245.8,35644.1,1.3706,1.5792,139.0,98.3,0.467
36.8,32172.8,35482.6,0.9646,1.1829,139.0,98.3,0.467
36.82,32051.3,35281.4,0.2891,0.6889,139.0,98.3,0.467
36.84,32035.2,35183.5,0.1999,0.4486,139.0,98.3,0.467
36.86,31965.6,35114.2,-0.1874,0.2785,139.0,98.3,0.467
36.88,31973.4,35044.9,-0.1437,0.1085,139.0,98.3,0.467
36.9,31977.0,34984.3,-0.124,-0.0403,139.0,98.3,0.467
36.92,31894.2,34914.1,-0.5843,-0.2127,139.0,98.3,0.467
36.94,31925.1,34746.4,-0.4126,-0.6242,139.0,98.3,0.467
36.96,31941.5,34748.7,-0.3213,-0.6186,139.0,98.3,0.467
36.98,31807.9,34609.2,-1.0643,-0.961,139.0,98.3,0.467
37.0,31861.2,34610.4,-0.7678,-0.9579,139.0,98.3,0.467
37.02,31870.5,34600.9,-0.716,-0.9813,139.0,98.3,0.467
37.04,31785.7,34546.6,-1.1878,-1.1146,139.0,98.3,0.467
37.06,31734.2,34437.1,-1.4742,-1.3833,139.0,98.3,0.467
37.08,31739.4,34485.3,-1.4449,-1.265,139.0,98.3,0.467
37.1,31783.9,34668.3,-1.1975,-0.8158,139.0,98.3,0.467
37.12,31889.8,34787.4,-0.6088,-0.5236,139.0,98.3,0.467
37.14,32123.1,35188.5,0.6882,0.461,139.0,98.3,0.467
37.16,32216.4,35546.1,1.2072,1.3387,139.0,98.3,0.467
37.18,32297.1,35803.7,1.6558,1.9709,139.0,98.3,0.467
37.2,32329.5,35728.8,1.8361,1.7871,139.0,98.3,0.467
37.22,32344.2,35519.3,1.9179,1.2728,139.0,98.3,0.467
37.24,32172.2,35376.1,0.9614,0.9213,139.0,98.3,0.467
37.26,32154.8,35260.1,0.8644,0.6368,139.0,98.3,0.467
37.28,32068.7,35192.2,0.3862,0.4701,139.0,98.3,0.467
37.3,31929.4,35056.9,-0.3887,0.1379,139.0,98.3,0.467
37.32,31933.6,35129.8,-0.3652,0.3168,139.0,98.3,0.467
37.34,31994.6,34904.8,-0.0259,-0.2354,139.0,98.3,0.467
37.36,31906.8,34797.3,-0.5144,-0.4993,139.0,98.3,0.467
37.38,31881.4,34709.2,-0.6557,-0.7155,139.0,98.3,0.467
37.4,31844.6,34668.9,-0.8604,-0.8144,139.0,98.3,0.467
37.42,31855.8,34586.6,-0.7977,-1.0163,139.0,98.3,0.467
37.44,31913.3,34574.3,-0.4782,-1.0466,139.0,98.3,0.467
37.46,31881.1,34592.2,-0.657,-1.0028,139.0,98.3,0.467
37.48,31782.1,34532.2,-1.2075,-1.15,139.0,98.3,0.467
37.5,31783.7,34375.5,-1.1988,-1.5345,139.0,98.3,0.467
37.52,31768.6,34558.0,-1.2827,-1.0867,139.0,98.3,0.467
37.54,31926.0,34729.2,-0.4077,-0.6665,139.0,98.3,0.467
37.56,31936.3,35008.2,-0.3505,0.0183,139.0,98.3,0.467
37.58,32185.7,35349.0,1.0368,0.8548,139.0,98.3,0.467
37.6,32335.6,35761.1,1.87,1.8663,139.0,98.3,0.467
37.62,32257.5,35685.8,1.4355,1.6816,139.0,98.3,0.467
37.64,32356.5,35646.9,1.9861,1.586,139.0,98.3,0.467
37.66,32172.7,35502.9,0.9643,1.2327,139.0,98.3,0.467
37.68,32142.1,35270.8,0.7941,0.663,139.0,98.3,0.467
37.7,32101.8,35185.0,0.5702,0.4523,139.0,98.3,0.467
37.72,32108.4,35066.7,0.6064,0.1621,139.0,98.3,0.467
37.74,32096.7,35107.9,0.5417,0.2631,139.0,98.3,0.467
37.76,32013.3,34936.8,0.0776,-0.1569,139.0,98.3,0.467
37.78,31804.4,34837.7,-1.0836,-0.4001,139.0,98.3,0.467
37.8,31939.0,34833.6,-0.3353,-0.4101,139.0,98.3,0.467
37.82,31935.4,34628.0,-0.3551,-0.9148,139.0,98.3,0.467
37.84,31844.0,34685.0,-0.8634,-0.7749,139.0,98.3,0.467
37.86,31847.8,34697.1,-0.8421,-0.7451,139.0,98.3,0.467
37.88,31843.6,34635.0,-0.8657,-0.8976,139.0,98.3,0.467
37.9,31834.7,34557.0,-0.915,-1.0891,139.0,98.3,0.467
37.92,31806.0,34483.5,-1.0747,-1.2694,139.0,98.3,0.467
37.94,31724.7,34439.3,-1.5266,-1.378,139.0,98.3,0.467
37.96,31851.5,34504.9,-0.8219,-1.2169,139.0,98.3,0.467
37.98,31915.5,34731.7,-0.466,-0.6602,139.0,98.3,0.467
38.0,32023.8,35207.1,0.1361,0.5066,139.0,98.3,0.467
38.02,32167.1,35519.7,0.9333,1.2738,139.0,98.3,0.467
38.04,32276.1,35699.8,1.5391,1.716,139.0,98.3,0.467
38.06,32302.1,35803.6,1.6837,1.9706,139.0,98.3,0.467
38.08,32272.8,35587.1,1.5208,1.4393,139.0,98.3,0.467
38.1,32129.5,35459.8,0.7238,1.1268,139.0,98.3,0.467
38.12,32142.7,35155.6,0.7977,0.3802,139.0,98.3,0.467
38.14,32045.5,35080.9,0.257,0.1969,139.0,98.3,0.467
38.16,32060.3,35134.1,0.3393,0.3275,139.0,98.3,0.467
38.18,32029.8,35091.1,0.1695,0.2218,139.0,98.3,0.467
38.2,31944.4,34897.4,-0.305,-0.2534,139.0,98.3,0.467
38.22,31964.6,34869.6,-0.1931,-0.3219,139.0,98.3,0.467
38.24,31898.6,34731.7,-0.5597,-0.6602,139.0,98.3,0.467
38.26,31821.6,34755.6,-0.9878,-0.6015,139.0,98.3,0.467
38.28,31834.9,34735.6,-0.914,-0.6507,139.0,98.3,0.467
38.3,31814.1,34580.1,-1.0294,-1.0324,139.0,98.3,0.467
38.32,31857.1,34566.4,-0.7908,-1.0659,139.0,98.3,0.467
38.34,31752.8,34568.2,-1.3706,-1.0615,139.0,98.3,0.467
38.36,31712.9,34419.7,-1.5922,-1.4261,139.0,98.3,0.467
38.38,31755.9,34416.3,-1.3531,-1.4344,139.0,98.3,0.467
38.4,31913.7,34694.4,-0.4758,-0.7518,139.0,98.3,0.467
38.42,32030.7,35022.8,0.1744,0.0541,139.0,98.3,0.467
38.44,32131.1,35266.7,0.733,0.6529,139.0,98.3,0.467
38.46,32220.4,35660.9,1.2296,1.6204,139.0,98.3,0.467
38.48,32172.0,35730.7,0.9604,1.7917,139.0,98.3,0.467
38.5,32271.6,35716.7,1.5143,1.7573,139.0,98.3,0.467
38.52,32228.0,35439.3,1.2717,1.0767,139.0,98.3,0.467
38.54,32079.9,35283.8,0.4483,0.6948,139.0,98.3,0.467
38.56,32075.3,35260.6,0.4224,0.6378,139.0,98.3,0.467
38.58,32025.9,35011.7,0.1479,0.0269,139.0,98.3,0.467
38.6,32047.5,35039.0,0.2681,0.0941,139.0,98.3,0.467
38.62,32094.0,34977.2,0.5269,-0.0576,139.0,98.3,0.467
38.64,31895.4,34982.0,-0.5774,-0.046,139.0,98.3,0.467
38.66,32005.0,34729.7,0.0318,-0.6652,139.0,98.3,0.467
38.68,31878.9,34716.9,-0.6694,-0.6967,139.0,98.3,0.467
38.7,31876.0,34626.3,-0.6854,-0.9191,139.0,98.3,0.467
38.72,31796.4,34639.1,-1.1283,-0.8876,139.0,98.3,0.467
38.74,31875.8,34720.7,-0.6865,-0.6873,139.0,98.3,0.467
38.76,31769.5,34627.3,-1.2776,-0.9165,139.0,98.3,0.467
38.78,31841.4,34498.4,-0.878,-1.2328,139.0,98.3,0.467
38.8,31776.9,34449.1,-1.2363,-1.3539,139.0,98.3,0.467
38.82,31839.1,34611.2,-0.8908,-0.956,139.0,98.3,0.467
38.84,32022.5,34911.7,0.1293,-0.2185,139.0,98.3,0.467
38.86,32052.0,35175.4,0.2934,0.4288,139.0,98.3,0.467
38.88,32126.4,35527.9,0.707,1.2939,139.0,98.3,0.467
38.9,32321.6,35758.7,1.7923,1.8604,139.0,98.3,0.467
38.92,32316.9,35744.7,1.7662,1.8261,139.0,98.3,0.467
38.94,32355.8,35643.8,1.9824,1.5784,139.0,98.3,0.467
38.96,32254.5,35480.3,1.4192,1.177,139.0,98.3,0.467
38.98,32138.7,35247.8,0.7751,0.6065,139.0,98.3,0.467
39.0,31982.6,35132.4,-0.093,0.3233,139.0,98.3,0.467
39.02,31991.7,34977.2,-0.0422,-0.0576,139.0,98.3,0.467
39.04,31976.1,34987.9,-0.129,-0.0315,139.0,98.3,0.467
39.06,32052.0,34954.2,0.2931,-0.1142,139.0,98.3,0.467
39.08,31898.8,34886.4,-0.559,-0.2805,139.0,98.3,0.467
39.1,31953.9,34764.0,-0.2522,-0.5809,139.0,98.3,0.467
39.12,31918.8,34694.5,-0.4475,-0.7517,139.0,98.3,0.467
39.14,31982.2,34746.7,-0.0951,-0.6234,139.0,98.3,0.467
39.16,31811.3,34650.0,-1.0453,-0.8607,139.0,98.3,0.467
39.18,31885.3,34647.2,-0.6338,-0.8677,139.0,98.3,0.467
39.2,31805.8,34581.6,-1.0758,-1.0286,139.0,98.3,0.467
39.22,31789.3,34450.5,-1.1676,-1.3505,139.0,98.3,0.467
39.24,31794.8,34457.8,-1.1369,-1.3327,139.0,98.3,0.467
39.26,31848.0,34671.2,-0.841,-0.8089,139.0,98.3,0.467
39.28,31927.4,34868.9,-0.3997,-0.3235,139.0,98.3,0.467
39.3,32090.4,35265.8,0.5065,0.6507,139.0,98.3,0.467
39.32,32221.5,35654.2,1.2357,1.6041,139.0,98.3,0.467
39.34,32327.7,35788.5,1.8263,1.9337,139.0,98.3,0.467
39.36,32250.0,35808.3,1.3941,1.9823,139.0,98.3,0.467
39.38,32318.8,35570.6,1.7768,1.3989,139.0,98.3,0.467
39.4,32195.3,35312.9,1.09,0.7662,139.0,98.3,0.467
39.42,32085.2,35192.2,0.4777,0.4701,139.0,98.3,0.467
39.44,32004.2,35098.8,0.0276,0.2408,139.0,98.3,0.467
39.46,32107.9,35097.8,0.6039,0.2384,139.0,98.3,0.467
39.48,31939.8,34993.5,-0.3309,-0.0176,139.0,98.3,0.467
39.5,32064.7,34865.2,0.3636,-0.3325,139.0,98.3,0.467
39.52,31914.2,34789.7,-0.4732,-0.518,139.0,98.3,0.467
39.54,31945.4,34710.9,-0.2996,-0.7115,139.0,98.3,0.467
39.56,31798.4,34691.6,-1.1171,-0.7588,139.0,98.3,0.467
39.58,31840.5,34648.0,-0.8832,-0.8658,139.0,98.3,0.467
39.6,31809.9,34583.2,-1.0533,-1.0248,139.0,98.3,0.467
39.62,31887.6,34550.0,-0.6208,-1.1063,139.0,98.3,0.467
39.64,31769.1,34461.7,-1.2797,-1.323,139.0,98.3,0.467
39.66,31787.9,34491.0,-1.1756,-1.2511,139.0,98.3,0.467
39.68,31811.4,34492.2,-1.0445,-1.2481,139.0,98.3,0.467
39.7,31926.5,34757.2,-0.4045,-0.5976,139.0,98.3,0.467
39.72,32062.5,35094.8,0.3512,0.2311,139.0,98.3,0.467
39.74,32125.0,35515.3,0.6991,1.263,139.0,98.3,0.467
39.76,32250.4,35610.3,1.3963,1.4963,139.0,98.3,0.467
39.78,32333.4,35811.5,1.8579,1.9901,139.0,98.3,0.467
39.8,32229.6,35666.3,1.2806,1.6337,139.0,98.3,0.467
39.82,32148.5,35529.0,0.8298,1.2967,139.0,98.3,0.467
39.84,32226.1,35419.5,1.261,1.028,139.0,98.3,0.467
39.86,32020.6,35120.3,0.1186,0.2935,139.0,98.3,0.467
39.88,32034.0,35109.0,0.1928,0.2658,139.0,98.3,0.467
39.9,32068.9,35089.0,0.3871,0.2167,139.0,98.3,0.467
39.92,31979.1,34888.9,-0.1124,-0.2743,139.0,98.3,0.467
39.94,31933.4,34881.2,-0.3666,-0.2934,139.0,98.3,0.467
39.96,31929.5,34777.2,-0.3878,-0.5486,139.0,98.3,0.467
39.98,31876.7,34709.3,-0.6815,-0.7153,139.0,98.3,0.467
40.0,31839.2,34679.2,-0.89,-0.7893,139.0,98.3,0.467
40.02,31802.2,34692.8,-1.0957,-0.7558,139.0,98.3,0.467
40.04,31841.4,34673.9,-0.8777,-0.8023,139.0,98.3,0.467
40.06,31806.2,34563.1,-1.0738,-1.0742,139.0,98.3,0.467
40.08,31699.6,34517.5,-1.6662,-1.1859,139.0,98.3,0.467
40.1,31825.0,34477.5,-0.9692,-1.2842,139.0,98.3,0.467
40.12,31874.3,34646.4,-0.695,-0.8696,139.0,98.3,0.467
40.14,31972.7,34832.0,-0.1476,-0.4141,139.0,98.3,0.467
40.16,32076.7,35247.5,0.4306,0.6058,139.0,98.3,0.467
40.18,32192.3,35514.1,1.073,1.2602,139.0,98.3,0.467
40.2,32374.0,35645.3,2.0834,1.5821,139.0,98.3,0.467
40.22,32333.6,35757.0,1.859,1.8563,139.0,98.3,0.467
40.24,32278.0,35556.0,1.5495,1.363,139.0,98.3,0.467
40.26,32177.2,35325.5,0.9894,0.7973,139.0,98.3,0.467
40.28,32119.1,35196.5,0.6662,0.4805,139.0,98.3,0.467
40.3,31961.6,35176.0,-0.2095,0.4303,139.0,98.3,0.467
40.32,32026.9,35099.9,0.1534,0.2434,139.0,98.3,0.467
40.34,32010.4,35012.6,0.0618,0.0292,139.0,98.3,0.467
40.36,31921.4,34948.4,-0.433,-0.1285,139.0,98.3,0.467
40.38,31983.8,34729.7,-0.0861,-0.6652,139.0,98.3,0.467
40.4,31894.1,34716.6,-0.5848,-0.6974,139.0,98.3,0.467
40.42,31901.5,34732.2,-0.5435,-0.6591,139.0,98.3,0.467
40.44,31857.0,34525.6,-0.7912,-1.1663,139.0,98.3,0.467
40.46,31788.9,34606.8,-1.1696,-0.9668,139.0,98.3,0.467
40.48,31816.3,34588.8,-1.0174,-1.0109,139.0,98.3,0.467
40.5,31716.3,34513.0,-1.5734,-1.1971,139.0,98.3,0.467
40.52,31739.9,34377.5,-1.4422,-1.5297,139.0,98.3,0.467
40.54,31778.6,34478.2,-1.2269,-1.2825,139.0,98.3,0.467
40.56,31796.1,34623.1,-1.1296,-0.927,139.0,98.3,0.467
40.58,31958.2,35001.0,-0.2285,0.0008,139.0,98.3,0.467
40.6,32217.1,35364.9,1.2112,0.8938,139.0,98.3,0.467
40.62,32295.5,35623.9,1.647,1.5296,139.0,98.3,0.467
40.64,32335.5,35660.3,1.8694,1.619,139.0,98.3,0.467
40.66,32286.8,35685.8,1.5989,1.6815,139.0,98.3,0.467
40.68,32226.3,35570.2,1.2623,1.398,139.0,98.3,0.467
40.7,32129.3,35301.8,0.7232,0.7389,139.0,98.3,0.467
40.72,32132.7,35202.7,0.7416,0.4957,139.0,98.3,0.467
40.74,32056.0,35158.5,0.3154,0.3873,139.0,98.3,0.467
40.76,31958.0,35070.8,-0.2293,0.172,139.0,98.3,0.467
40.78,32004.9,34992.0,0.0311,-0.0213,139.0,98.3,0.467
40.8,31949.2,34932.1,-0.2783,-0.1685,139.0,98.3,0.467
40.82,31922.6,34805.5,-0.4266,-0.4792,139.0,98.3,0.467
40.84,31862.8,34710.2,-0.7588,-0.713,139.0,98.3,0.467
40.86,31774.3,34631.1,-1.2509,-0.9072,139.0,98.3,0.467
40.88,31720.3,34698.3,-1.5515,-0.7422,139.0,98.3,0.467
40.9,31805.5,34643.2,-1.0775,-0.8776,139.0,98.3,0.467
40.92,31788.3,34592.8,-1.1732,-1.0013,139.0,98.3,0.467
40.94,31766.8,34467.3,-1.2926,-1.3093,139.0,98.3,0.467
40.96,31782.0,34479.2,-1.2083,-1.2799,139.0,98.3,0.467
40.98,31780.1,34633.3,-1.219,-0.9017,139.0,98.3,0.467
41.0,31859.5,34794.5,-0.7774,-0.5061,139.0,98.3,0.467
41.02,32050.9,35209.4,0.2872,0.5122,139.0,98.3,0.467
41.04,32255.3,35505.4,1.4234,1.2387,139.0,98.3,0.467
41.06,32370.0,35688.7,2.0613,1.6886,139.0,98.3,0.467
41.08,32281.3,35784.1,1.5679,1.9228,139.0,98.3,0.467
41.1,32302.8,35648.0,1.6876,1.5889,139.0,98.3,0.467
41.12,32243.7,35381.3,1.3593,0.9342,139.0,98.3,0.467
41.14,32000.2,35334.1,0.0052,0.8184,139.0,98.3,0.467
41.16,32046.8,35148.9,0.264,0.3638,139.0,98.3,0.467
41.18,31935.6,35124.5,-0.3542,0.3039,139.0,98.3,0.467
41.2,31987.2,35107.3,-0.0669,0.2616,139.0,98.3,0.467
41.22,31934.0,34982.7,-0.3632,-0.0441,139.0,98.3,0.467
41.24,31954.6,34835.0,-0.2485,-0.4067,139.0,98.3,0.467
41.26,31933.3,34770.1,-0.3671,-0.5661,139.0,98.3,0.467
41.28,31874.1,34633.3,-0.6962,-0.9018,139.0,98.3,0.467
41.3,31852.5,34660.2,-0.8159,-0.8358,139.0,98.3,0.467
41.32,31973.2,34684.7,-0.1452,-0.7757,139.0,98.3,0.467
41.34,31830.5,34629.0,-0.9388,-0.9125,139.0,98.3,0.467
41.36,31818.2,34483.6,-1.007,-1.2692,139.0,98.3,0.467
41.38,31684.9,34351.1,-1.748,-1.5945,139.0,98.3,0.467
41.4,31782.2,34464.6,-1.2073,-1.3159,139.0,98.3,0.467
41.42,31815.7,34609.4,-1.0209,-0.9606,139.0,98.3,0.467
41.44,31938.5,34941.0,-0.3379,-0.1465,139.0,98.3,0.467
41.46,32040.3,35248.1,0.228,0.6072,139.0,98.3,0.467
41.48,32257.0,35616.1,1.4331,1.5106,139.0,98.3,0.467
41.5,32343.8,35719.0,1.9158,1.7631,139.0,98.3,0.467
41.52,32238.0,35635.9,1.3274,1.5592,139.0,98.3,0.467
41.54,32255.8,35522.9,1.4264,1.2818,139.0,98.3,0.467
41.56,32122.3,35324.4,0.6839,0.7946,139.0,98.3,0.467
41.58,32082.5,35113.6,0.4626,0.2772,139.0,98.3,0.467
41.6,31951.7,35140.8,-0.2645,0.3438,139.0,98.3,0.467
41.62,31982.5,34970.0,-0.0932,-0.0754,139.0,98.3,0.467
41.64,31969.1,35052.5,-0.1678,0.1271,139.0,98.3,0.467
41.66,32045.9,34949.0,0.2589,-0.1268,139.0,98.3,0.467
41.68,31978.7,34760.0,-0.1147,-0.5907,139.0,98.3,0.467
41.7,31899.1,34628.7,-0.5569,-0.913,139.0,98.3,0.467
41.72,31779.3,34676.7,-1.223,-0.7953,139.0,98.3,0.467
41.74,31836.5,34616.6,-0.9049,-0.9427,139.0,98.3,0.467
41.76,31816.1,34692.5,-1.0187,-0.7564,139.0,98.3,0.467
41.78,31884.8,34607.8,-0.6366,-0.9644,139.0,98.3,0.467
41.8,31767.7,34520.3,-1.2879,-1.1792,139.0,98.3,0.467
41.82,31731.7,34453.1,-1.4877,-1.3442,139.0,98.3,0.467
41.84,31812.7,34465.0,-1.0373,-1.3149,139.0,98.3,0.467
41.86,31941.3,34734.6,-0.3224,-0.6532,139.0,98.3,0.467
41.88,32023.7,35113.4,0.1358,0.2766,139.0,98.3,0.467
41.9,32180.8,35485.7,1.0093,1.1905,139.0,98.3,0.467
41.92,32265.9,35627.3,1.4825,1.5379,139.0,98.3,0.467
41.94,32350.3,35683.4,1.9519,1.6756,139.0,98.3,0.467
41.96,32268.3,35689.7,1.4957,1.691,139.0,98.3,0.467
41.98,32268.0,35494.6,1.4943,1.2122,139.0,98.3,0.467
42.0,32093.6,35257.2,0.5243,0.6297,139.0,98.3,0.467
42.02,31992.7,35269.0,-0.0367,0.6585,139.0,98.3,0.467
42.04,31935.9,35126.4,-0.3524,0.3085,139.0,98.3,0.467
42.06,31911.3,35126.5,-0.4892,0.3087,139.0,98.3,0.467
42.08,32007.2,34929.6,0.0438,-0.1746,139.0,98.3,0.467
42.1,31912.1,34877.2,-0.4847,-0.3031,139.0,98.3,0.467
42.12,31843.4,34807.0,-0.8666,-0.4755,139.0,98.3,0.467
42.14,31941.9,34713.9,-0.3193,-0.7039,139.0,98.3,0.467
42.16,31906.3,34657.4,-0.5169,-0.8425,139.0,98.3,0.467
42.18,31850.7,34612.6,-0.8263,-0.9526,139.0,98.3,0.467
42.2,31730.4,34690.1,-1.495,-0.7623,139.0,98.3,0.467
42.22,31795.4,34584.7,-1.1339,-1.0212,139.0,98.3,0.467
42.24,31755.0,34483.9,-1.3583,-1.2686,139.0,98.3,0.467
42.26,31687.1,34495.3,-1.7357,-1.2405,139.0,98.3,0.467
42.28,31803.0,34683.6,-1.0913,-0.7784,139.0,98.3,0.467
42.3,31927.7,34923.4,-0.3983,-0.1899,139.0,98.3,0.467
42.32,32123.3,35275.9,0.6898,0.6754,139.0,98.3,0.467
42.34,32323.2,35541.5,1.801,1.3274,139.0,98.3,0.467
42.36,32274.7,35739.9,1.5314,1.8144,139.0,98.3,0.467
42.38,32309.2,35752.3,1.7233,1.8448,139.0,98.3,0.467
42.4,32189.0,35618.2,1.055,1.5157,139.0,98.3,0.467
42.42,32152.6,35357.6,0.8524,0.8761,139.0,98.3,0.467
42.44,32078.5,35331.2,0.4405,0.8111,139.0,98.3,0.467
42.46,32095.4,35123.9,0.5343,0.3023,139.0,98.3,0.467
42.48,32000.4,35058.4,0.0063,0.1417,139.0,98.3,0.467
42.5,32024.9,34897.5,0.1423,-0.2532,139.0,98.3,0.467
42.52,31884.7,34931.9,-0.6371,-0.1689,139.0,98.3,0.467
42.54,31876.6,34880.6,-0.6819,-0.2948,139.0,98.3,0.467
42.56,31879.6,34749.9,-0.6652,-0.6155,139.0,98.3,0.467
42.58,31859.7,34687.8,-0.776,-0.7681,139.0,98.3,0.467
42.6,31869.0,34554.2,-0.7247,-1.0959,139.0,98.3,0.467
42.62,31809.4,34541.3,-1.0557,-1.1276,139.0,98.3,0.467
42.64,31796.5,34566.3,-1.1278,-1.0663,139.0,98.3,0.467
42.66,31723.3,34442.8,-1.5344,-1.3694,139.0,98.3,0.467
42.68,31800.2,34441.7,-1.107,-1.3721,139.0,98.3,0.467
42.7,31822.6,34501.1,-0.9823,-1.2262,139.0,98.3,0.467
42.72,31893.8,34680.2,-0.5866,-0.7867,139.0,98.3,0.467
42.74,32013.7,35000.8,0.0802,0.0003,139.0,98.3,0.467
42.76,32129.3,35290.7,0.7227,0.7117,139.0,98.3,0.467
42.78,32321.2,35609.1,1.7902,1.4933,139.0,98.3,0.467
42.8,32233.6,35813.7,1.303,1.9954,139.0,98.3,0.467
42.82,32344.1,35774.4,1.9173,1.8989,139.0,98.3,0.467
42.84,32257.1,35480.4,1.4338,1.1775,139.0,98.3,0.467
42.86,32199.2,35360.4,1.1117,0.8829,139.0,98.3,0.467
42.88,32073.4,35200.0,0.4118,0.4892,139.0,98.3,0.467
42.9,32064.2,35116.6,0.361,0.2845,139.0,98.3,0.467
42.92,32087.4,35009.6,0.49,0.0219,139.0,98.3,0.467
42.94,31936.0,34934.1,-0.3521,-0.1634,139.0,98.3,0.467
42.96,31976.0,34914.9,-0.1297,-0.2107,139.0,98.3,0.467
42.98,31908.7,34776.0,-0.5039,-0.5515,139.0,98.3,0.467
43.0,31890.3,34690.8,-0.6058,-0.7607,139.0,98.3,0.467
43.02,31830.1,34583.5,-0.9408,-1.0241,139.0,98.3,0.467
43.04,31896.6,34594.9,-0.5712,-0.996,139.0,98.3,0.467
43.06,31891.6,34643.4,-0.599,-0.8769,139.0,98.3,0.467
43.08,31835.3,34630.7,-0.9118,-0.9082,139.0,98.3,0.467
43.1,31792.3,34572.3,-1.1512,-1.0514,139.0,98.3,0.467
43.12,31698.0,34511.8,-1.6753,-1.2001,139.0,98.3,0.467
43.14,31863.9,34531.2,-0.7525,-1.1525,139.0,98.3,0.467
43.16,31973.4,34795.4,-0.1438,-0.504,139.0,98.3,0.467
43.18,32040.9,35142.8,0.2315,0.3488,139.0,98.3,0.467
43.2,32227.1,35500.1,1.2668,1.2258,139.0,98.3,0.467
43.22,32345.2,35680.4,1.9235,1.6684,139.0,98.3,0.467
43.24,32266.0,35706.9,1.4831,1.7334,139.0,98.3,0.467
43.26,32298.1,35663.5,1.6617,1.6269,139.0,98.3,0.467
43.28,32234.7,35426.6,1.309,1.0454,139.0,98.3,0.467
43.3,32089.3,35208.3,0.5005,0.5096,139.0,98.3,0.467
43.32,32087.2,35218.3,0.4886,0.5341,139.0,98.3,0.467
43.34,32051.2,35113.5,0.2886,0.2768,139.0,98.3,0.467
43.36,32041.9,35125.5,0.2369,0.3063,139.0,98.3,0.467
43.38,31992.6,34989.1,-0.0374,-0.0285,139.0,98.3,0.467
43.4,31898.7,34821.6,-0.5591,-0.4396,139.0,98.3,0.467
43.42,31905.3,34768.7,-0.5228,-0.5694,139.0,98.3,0.467
43.44,31968.3,34683.0,-0.1724,-0.7798,139.0,98.3,0.467
43.46,31860.9,34643.4,-0.7694,-0.877,139.0,98.3,0.467
43.48,31877.0,34700.2,-0.6799,-0.7375,139.0,98.3,0.467
43.5,31871.8,34652.8,-0.7091,-0.854,139.0,98.3,0.467
43.52,31760.1,34427.9,-1.3299,-1.4059,139.0,98.3,0.467
43.54,31729.5,34340.0,-1.5001,-1.6217,139.0,98.3,0.467
43.56,31829.5,34490.7,-0.9443,-1.2519,139.0,98.3,0.467
43.58,31937.7,34597.5,-0.3423,-0.9896,139.0,98.3,0.467
43.6,32020.4,34904.2,0.1171,-0.2369,139.0,98.3,0.467
43.62,32157.5,35380.2,0.8798,0.9314,139.0,98.3,0.467
43.64,32237.5,35560.8,1.3246,1.3748,139.0,98.3,0.467
43.66,32340.0,35789.1,1.8943,1.9352,139.0,98.3,0.467
43.68,32204.2,35719.2,1.1391,1.7634,139.0,98.3,0.467
43.7,32272.6,35512.2,1.5194,1.2554,139.0,98.3,0.467
43.72,32148.4,35411.8,0.8289,1.009,139.0,98.3,0.467
43.74,32090.3,35258.4,0.506,0.6325,139.0,98.3,0.467
43.76,32084.4,35022.7,0.4732,0.054,139.0,98.3,0.467
43.78,32001.8,34996.7,0.0138,-0.0099,139.0,98.3,0.467
43.8,32080.6,35049.8,0.4519,0.1205,139.0,98.3,0.467
43.82,31953.3,34898.1,-0.2557,-0.2518,139.0,98.3,0.467
43.84,31885.8,34875.0,-0.6309,-0.3085,139.0,98.3,0.467
43.86,31883.8,34769.8,-0.6423,-0.5667,139.0,98.3,0.467
43.88,31827.9,34668.1,-0.9531,-0.8164,139.0,98.3,0.467
43.9,31919.1,34637.4,-0.446,-0.8917,139.0,98.3,0.467
43.92,31874.3,34748.4,-0.6951,-0.6193,139.0,98.3,0.467
43.94,31833.3,34641.2,-0.9231,-0.8824,139.0,98.3,0.467
43.96,31775.2,34511.7,-1.2462,-1.2003,139.0,98.3,0.467
43.98,31689.7,34411.6,-1.7214,-1.4459,139.0,98.3,0.467
44.0,31793.6,34580.8,-1.1434,-1.0308,139.0,98.3,0.467
44.02,31974.3,34777.6,-0.1388,-0.5476,139.0,98.3,0.467
44.04,32032.7,35102.6,0.1856,0.25,139.0,98.3,0.467
44.06,32216.4,35368.5,1.2071,0.9028,139.0,98.3,0.467
44.08,32230.1,35720.1,1.2833,1.7659,139.0,98.3,0.467
44.1,32395.5,35727.7,2.2032,1.7845,139.0,98.3,0.467
44.12,32185.3,35656.1,1.0345,1.6087,139.0,98.3,0.467
44.14,32208.5,35488.7,1.1632,1.1978,139.0,98.3,0.467
44.16,32258.3,35248.2,1.4403,0.6075,139.0,98.3,0.467
44.18,32072.3,35167.5,0.4059,0.4094,139.0,98.3,0.467
44.2,32063.6,35071.2,0.3577,0.1731,139.0,98.3,0.467
44.22,31960.2,35006.3,-0.2174,0.0136,139.0,98.3,0.467
44.24,32042.4,34966.0,0.2398,-0.0851,139.0,98.3,0.467
44.26,31946.8,34808.7,-0.2921,-0.4714,139.0,98.3,0.467
44.28,31869.6,34723.9,-0.7212,-0.6795,139.0,98.3,0.467
44.3,31925.8,34686.9,-0.4084,-0.7703,139.0,98.3,0.467
44.32,31768.9,34633.3,-1.2811,-0.9018,139.0,98.3,0.467
44.34,31827.9,34712.6,-0.9529,-0.7073,139.0,98.3,0.467
44.36,31757.6,34658.5,-1.3438,-0.84,139.0,98.3,0.467
44.38,31774.7,34597.0,-1.2489,-0.991,139.0,98.3,0.467
44.4,31752.8,34512.3,-1.3705,-1.1988,139.0,98.3,0.467
44.42,31798.0,34536.7,-1.1192,-1.139,139.0,98.3,0.467
44.44,31840.0,34614.9,-0.8857,-0.947,139.0,98.3,0.467
44.46,31973.4,34948.2,-0.1441,-0.1288,139.0,98.3,0.467
44.48,32102.4,35203.7,0.5736,0.4983,139.0,98.3,0.467
44.5,32175.9,35663.9,0.9821,1.6277,139.0,98.3,0.467
44.52,32175.3,35752.7,0.9786,1.8459,139.0,98.3,0.467
44.54,32290.5,35658.8,1.619,1.6153,139.0,98.3,0.467
44.56,32223.5,35561.6,1.2468,1.3767,139.0,98.3,0.467
44.58,32211.0,35383.8,1.177,0.9404,139.0,98.3,0.467
44.6,32180.4,35194.8,1.007,0.4764,139.0,98.3,0.467
44.62,32051.5,35205.2,0.2903,0.502,139.0,98.3,0.467
44.64,32025.0,35067.1,0.143,0.163,139.0,98.3,0.467
44.66,31955.7,35016.7,-0.2421,0.0392,139.0,98.3,0.467
44.68,32010.2,34945.7,0.0609,-0.135,139.0,98.3,0.467
44.7,31883.5,34850.3,-0.644,-0.3692,139.0,98.3,0.467
44.72,31935.2,34761.8,-0.3565,-0.5863,139.0,98.3,0.467
44.74,31924.2,34726.5,-0.4176,-0.673,139.0,98.3,0.467
44.76,31821.4,34673.9,-0.9889,-0.8022,139.0,98.3,0.467
44.78,31875.8,34705.6,-0.6869,-0.7243,139.0,98.3,0.467
44.8,31812.3,34619.8,-1.0399,-0.9349,139.0,98.3,0.467
44.82,31818.6,34522.2,-1.0049,-1.1744,139.0,98.3,0.467
44.84,31689.1,34464.8,-1.7246,-1.3153,139.0,98.3,0.467
44.86,31873.2,34481.5,-0.7011,-1.2745,139.0,98.3,0.467
44.88,31902.4,34774.2,-0.5388,-0.5561,139.0,98.3,0.467
44.9,32058.2,34976.1,0.3277,-0.0603,139.0,98.3,0.467
44.92,32224.0,35376.2,1.2497,0.9217,139.0,98.3,0.467
44.94,32407.5,35657.7,2.2696,1.6127,139.0,98.3,0.467
44.96,32298.8,35717.1,1.6652,1.7585,139.0,98.3,0.467
44.98,32287.6,35656.3,1.603,1.6092,139.0,98.3,0.467
45.0,32250.8,35531.9,1.3985,1.3038,139.0,98.3,0.467
45.02,32209.3,35270.0,1.1678,0.6611,139.0,98.3,0.467
45.04,31986.8,35232.5,-0.0693,0.569,139.0,98.3,0.467
45.06,32090.6,35029.7,0.5077,0.0712,139.0,98.3,0.467
45.08,31973.6,35069.0,-0.1426,0.1677,139.0,98.3,0.467
45.1,32090.0,35007.6,0.5046,0.017,139.0,98.3,0.467
45.12,31976.4,34934.3,-0.1275,-0.1631,139.0,98.3,0.467
45.14,31964.9,34779.0,-0.1914,-0.5443,139.0,98.3,0.467
45.16,31912.4,34715.9,-0.483,-0.6991,139.0,98.3,0.467
45.18,31868.7,34734.4,-0.7258,-0.6536,139.0,98.3,0.467
45.2,31733.0,34704.0,-1.4809,-0.7283,139.0,98.3,0.467
45.22,31837.5,34657.6,-0.8995,-0.8423,139.0,98.3,0.467
45.24,31824.9,34574.6,-0.9695,-1.0458,139.0,98.3,0.467
45.26,31771.8,34493.2,-1.2651,-1.2456,139.0,98.3,0.467
45.28,31754.6,34475.1,-1.3603,-1.2902,139.0,98.3,0.467
45.3,31829.5,34553.8,-0.9439,-1.097,139.0,98.3,0.467
45.32,31949.8,34900.2,-0.275,-0.2467,139.0,98.3,0.467
45.34,32092.3,35280.3,0.5172,0.6862,139.0,98.3,0.467
45.36,32268.1,35472.3,1.4945,1.1575,139.0,98.3,0.467
45.38,32310.5,35715.4,1.7303,1.7542,139.0,98.3,0.467
45.4,32365.0,35684.8,2.0336,1.6792,139.0,98.3,0.467
45.42,32198.3,35638.1,1.1065,1.5645,139.0,98.3,0.467
45.44,32138.7,35446.9,0.775,1.0953,139.0,98.3,0.467
45.46,32078.2,35201.2,0.439,0.492,139.0,98.3,0.467
45.48,32007.6,35180.1,0.0462,0.4404,139.0,98.3,0.467
45.5,32053.7,35119.4,0.3028,0.2914,139.0,98.3,0.467
45.52,32054.5,35110.7,0.3069,0.27,139.0,98.3,0.467
45.54,32082.0,34927.9,0.46,-0.1788,139.0,98.3,0.467
45.56,32041.8,34750.2,0.2362,-0.6149,139.0,98.3,0.467
45.58,31888.0,34736.7,-0.6186,-0.6479,139.0,98.3,0.467
45.6,31813.2,34745.3,-1.0347,-0.6269,139.0,98.3,0.467
45.62,31823.3,34733.1,-0.9786,-0.6568,139.0,98.3,0.467
45.64,31941.1,34558.2,-0.3237,-1.0862,139.0,98.3,0.467
45.66,31766.9,34615.4,-1.292,-0.9457,139.0,98.3,0.467
45.68,31767.1,34514.7,-1.291,-1.1929,139.0,98.3,0.467
45.7,31769.2,34449.4,-1.2795,-1.3532,139.0,98.3,0.467
45.72,31743.6,34489.4,-1.4214,-1.255,139.0,98.3,0.467
45.74,31838.6,34679.4,-0.8937,-0.7887,139.0,98.3,0.467
45.76,31906.2,34976.9,-0.5177,-0.0584,139.0,98.3,0.467
45.78,32110.1,35264.7,0.6162,0.6479,139.0,98.3,0.467
45.8,32220.1,35646.9,1.228,1.5861,139.0,98.3,0.467
45.82,32258.3,35707.4,1.4402,1.7345,139.0,98.3,0.467
45.84,32184.6,35715.9,1.0304,1.7555,139.0,98.3,0.467
45.86,32242.6,35519.2,1.3528,1.2727,139.0,98.3,0.467
45.88,32164.7,35305.6,0.9196,0.7483,139.0,98.3,0.467
45.9,32121.4,35201.6,0.6791,0.4932,139.0,98.3,0.467
45.92,32113.5,35033.5,0.6352,0.0804,139.0,98.3,0.467
45.94,32018.6,35026.5,0.1071,0.0633,139.0,98.3,0.467
45.96,31997.8,35033.8,-0.0084,0.0811,139.0,98.3,0.467
45.98,31888.3,34955.5,-0.617,-0.111,139.0,98.3,0.467
46.0,31915.7,34682.4,-0.4645,-0.7812,139.0,98.3,0.467
46.02,31936.9,34748.3,-0.347,-0.6195,139.0,98.3,0.467
46.04,31883.2,34600.2,-0.6453,-0.983,139.0,98.3,0.467
46.06,31851.4,34672.8,-0.8225,-0.8048,139.0,98.3,0.467
46.08,31761.4,34644.7,-1.3226,-0.8738,139.0,98.3,0.467
46.1,31781.7,34534.4,-1.2097,-1.1446,139.0,98.3,0.467
46.12,31759.5,34469.6,-1.3336,-1.3036,139.0,98.3,0.467
46.14,31786.5,34340.8,-1.1832,-1.6197,139.0,98.3,0.467
46.16,31699.2,34534.9,-1.6685,-1.1432,139.0,98.3,0.467
46.18,31948.4,34801.9,-0.283,-0.488,139.0,98.3,0.467
46.2,32031.7,35117.8,0.1802,0.2874,139.0,98.3,0.467
46.22,32200.5,35380.2,1.1191,0.9314,139.0,98.3,0.467
46.24,32285.2,35792.3,1.59,1.9429,139.0,98.3,0.467
46.26,32421.3,35831.4,2.3466,2.0389,139.0,98.3,0.467
46.28,32341.9,35588.8,1.9049,1.4436,139.0,98.3,0.467
46.3,32199.2,35465.4,1.1117,1.1407,139.0,98.3,0.467
46.32,32018.8,35267.6,0.1086,0.655,139.0,98.3,0.467
46.34,32075.4,35162.7,0.4232,0.3976,139.0,98.3,0.467
46.36,32060.1,35116.1,0.3381,0.2832,139.0,98.3,0.467
46.38,32122.8,35103.2,0.687,0.2515,139.0,98.3,0.467
46.4,31915.8,34952.9,-0.464,-0.1173,139.0,98.3,0.467
46.42,31980.8,34837.0,-0.1028,-0.4019,139.0,98.3,0.467
46.44,31861.1,34855.5,-0.7682,-0.3565,139.0,98.3,0.467
46.46,31816.4,34651.1,-1.0171,-0.858,139.0,98.3,0.467
46.48,31856.3,34650.0,-0.7949,-0.8608,139.0,98.3,0.467
46.5,31913.0,34690.5,-0.4797,-0.7615,139.0,98.3,0.467
46.52,31725.9,34597.7,-1.5203,-0.9893,139.0,98.3,0.467
46.54,31874.1,34572.2,-0.6962,-1.0518,139.0,98.3,0.467
46.56,31783.2,34477.3,-1.2017,-1.2848,139.0,98.3,0.467
46.58,31762.8,34450.7,-1.315,-1.3499,139.0,98.3,0.467
46.6,31849.4,34715.5,-0.8331,-0.7002,139.0,98.3,0.467
46.62,31969.2,34879.4,-0.1672,-0.2977,139.0,98.3,0.467
46.64,32214.9,35291.3,1.1988,0.7133,139.0,98.3,0.467
46.66,32149.1,35604.0,0.8332,1.4808,139.0,98.3,0.467
46.68,32285.4,35797.2,1.591,1.9549,139.0,98.3,0.467
46.7,32350.3,35774.4,1.9515,1.899,139.0,98.3,0.467
46.72,32217.3,35509.5,1.2123,1.2487,139.0,98.3,0.467
46.74,32191.3,35419.5,1.0679,1.0279,139.0,98.3,0.467
46.76,32073.7,35256.4,0.4136,0.6277,139.0,98.3,0.467
46.78,31998.8,35046.8,-0.0029,0.113,139.0,98.3,0.467
46.8,32058.3,35093.9,0.3282,0.2287,139.0,98.3,0.467
46.82,31942.5,35039.1,-0.3156,0.0943,139.0,98.3,0.467
46.84,31941.6,34840.4,-0.3207,-0.3934,139.0,98.3,0.467
46.86,31927.7,34820.7,-0.3982,-0.4418,139.0,98.3,0.467
46.88,31907.9,34708.8,-0.5081,-0.7164,139.0,98.3,0.467
46.9,31839.7,34709.6,-0.8876,-0.7146,139.0,98.3,0.467
46.92,31828.7,34720.6,-0.9486,-0.6874,139.0,98.3,0.467
46.94,31796.7,34600.5,-1.1263,-0.9824,139.0,98.3,0.467
46.96,31824.4,34552.8,-0.9725,-1.0993,139.0,98.3,0.467
46.98,31783.5,34534.5,-1.1998,-1.1443,139.0,98.3,0.467
47.0,31815.2,34407.0,-1.0233,-1.4572,139.0,98.3,0.467
47.02,31700.0,34482.1,-1.6639,-1.2729,139.0,98.3,0.467
47.04,31953.4,34735.9,-0.255,-0.65,139.0,98.3,0.467
47.06,32001.3,35031.8,0.011,0.0764,139.0,98.3,0.467
47.08,32194.9,35422.5,1.0874,1.0353,139.0,98.3,0.467
47.1,32267.6,35749.8,1.4918,1.8387,139.0,98.3,0.467
47.12,32342.6,35730.9,1.9087,1.7923,139.0,98.3,0.467
47.14,32262.6,35714.7,1.4639,1.7526,139.0,98.3,0.467
47.16,32265.1,35446.6,1.4778,1.0944,139.0,98.3,0.467
47.18,32165.7,35361.0,0.9253,0.8843,139.0,98.3,0.467
47.2,32092.4,35158.4,0.518,0.3871,139.0,98.3,0.467
47.22,32016.5,35042.4,0.0959,0.1024,139.0,98.3,0.467
47.24,32079.1,35044.3,0.4437,0.1071,139.0,98.3,0.467
47.26,32014.8,34983.5,0.0861,-0.0421,139.0,98.3,0.467
47.28,31949.5,34962.9,-0.277,-0.0927,139.0,98.3,0.467
47.3,31957.8,34799.7,-0.2305,-0.4934,139.0,98.3,0.467
47.32,31873.8,34715.8,-0.6977,-0.6993,139.0,98.3,0.467
47.34,31826.9,34741.2,-0.9583,-0.637,139.0,98.3,0.467
47.36,31789.0,34656.7,-1.1693,-0.8445,139.0,98.3,0.467
47.38,31819.2,34731.2,-1.0014,-0.6616,139.0,98.3,0.467
47.4,31751.5,34493.1,-1.378,-1.2459,139.0,98.3,0.467
47.42,31759.1,34430.9,-1.3355,-1.3986,139.0,98.3,0.467
47.44,31730.4,34514.2,-1.4953,-1.1941,139.0,98.3,0.467
47.46,31835.1,34612.7,-0.9127,-0.9523,139.0,98.3,0.467
47.48,31877.0,34799.6,-0.6799,-0.4937,139.0,98.3,0.467
47.5,32141.7,35183.3,0.7917,0.4481,139.0,98.3,0.467
47.52,32229.0,35479.0,1.2775,1.174,139.0,98.3,0.467
47.54,32326.0,35720.5,1.8166,1.7668,139.0,98.3,0.467
47.56,32382.0,35748.4,2.1279,1.8351,139.0,98.3,0.467
47.58,32243.8,35574.5,1.3595,1.4084,139.0,98.3,0.467
47.6,32171.6,35435.6,0.9582,1.0674,139.0,98.3,0.467
47.62,32100.8,35234.0,0.5643,0.5726,139.0,98.3,0.467
47.64,32080.3,35218.3,0.4503,0.5341,139.0,98.3,0.467
47.66,32044.6,35101.0,0.2522,0.2462,139.0,98.3,0.467
47.68,32000.3,35117.7,0.0054,0.2871,139.0,98.3,0.467
47.7,31980.1,34930.5,-0.1068,-0.1724,139.0,98.3,0.467
47.72,31933.0,34855.4,-0.3686,-0.3565,139.0,98.3,0.467
47.74,31918.1,34573.6,-0.4513,-1.0483,139.0,98.3,0.467
47.76,31934.8,34785.7,-0.3587,-0.5276,139.0,98.3,0.467
47.78,31863.4,34728.8,-0.7557,-0.6674,139.0,98.3,0.467
47.8,31869.5,34608.3,-0.7216,-0.9633,139.0,98.3,0.467
47.82,31834.7,34639.0,-0.915,-0.8877,139.0,98.3,0.467
47.84,31862.1,34539.7,-0.7629,-1.1316,139.0,98.3,0.467
47.86,31761.2,34366.6,-1.3237,-1.5564,139.0,98.3,0.467
47.88,31819.9,34388.7,-0.9974,-1.5023,139.0,98.3,0.467
47.9,31854.2,34586.6,-0.8067,-1.0164,139.0,98.3,0.467
47.92,31941.3,34976.9,-0.3227,-0.0584,139.0,98.3,0.467
47.94,32208.7,35325.8,1.1646,0.7979,139.0,98.3,0.467
47.96,32297.6,35776.9,1.6585,1.9052,139.0,98.3,0.467
47.98,32304.0,35838.9,1.6946,2.0573,139.0,98.3,0.467
48.0,32236.8,35724.2,1.3207,1.7757,139.0,98.3,0.467
48.02,32203.8,35518.1,1.137,1.27,139.0,98.3,0.467
48.04,32083.2,35235.0,0.4664,0.575,139.0,98.3,0.467
48.06,32102.3,35251.4,0.573,0.6152,139.0,98.3,0.467
48.08,32133.9,35099.9,0.7485,0.2434,139.0,98.3,0.467
48.1,32043.6,34997.5,0.2463,-0.0079,139.0,98.3,0.467
48.12,31978.7,35056.5,-0.1146,0.137,139.0,98.3,0.467
48.14,31862.4,34854.4,-0.7614,-0.3591,139.0,98.3,0.467
48.16,31924.0,34836.3,-0.4184,-0.4035,139.0,98.3,0.467
48.18,31953.4,34670.2,-0.2553,-0.8113,139.0,98.3,0.467
48.2,31825.7,34673.2,-0.9651,-0.8037,139.0,98.3,0.467
48.22,31828.8,34690.3,-0.9478,-0.7618,139.0,98.3,0.467
48.24,31858.1,34623.6,-0.7848,-0.9255,139.0,98.3,0.467
48.26,31821.8,34517.8,-0.9869,-1.1853,139.0,98.3,0.467
48.28,31840.0,34508.3,-0.8859,-1.2086,139.0,98.3,0.467
48.3,31671.1,34457.2,-1.8246,-1.3341,139.0,98.3,0.467
48.32,31715.5,34604.3,-1.578,-0.9729,139.0,98.3,0.467
48.34,31918.9,34817.6,-0.4468,-0.4495,139.0,98.3,0.467
48.36,32045.6,35230.8,0.2573,0.5648,139.0,98.3,0.467
48.38,32242.4,35449.5,1.3518,1.1016,139.0,98.3,0.467
48.4,32343.1,35714.7,1.9119,1.7526,139.0,98.3,0.467
48.42,32345.8,35710.9,1.9266,1.7431,139.0,98.3,0.467
48.44,32211.4,35634.1,1.1794,1.5546,139.0,98.3,0.467
48.46,32174.1,35445.5,0.9722,1.0917,139.0,98.3,0.467
48.48,32126.2,35293.2,0.7057,0.718,139.0,98.3,0.467
48.5,32093.4,35201.3,0.5233,0.4924,139.0,98.3,0.467
48.52,32018.9,35066.2,0.1093,0.1606,139.0,98.3,0.467
48.54,32074.5,35155.0,0.4181,0.3788,139.0,98.3,0.467
48.56,32034.9,34976.1,0.1979,-0.0604,139.0,98.3,0.467
48.58,31934.3,34806.7,-0.3611,-0.4761,139.0,98.3,0.467
48.6,31929.6,34739.9,-0.3873,-0.6401,139.0,98.3,0.467
48.62,31917.0,34646.2,-0.4578,-0.8701,139.0,98.3,0.467
48.64,31898.0,34591.5,-0.5631,-1.0045,139.0,98.3,0.467
48.66,31864.3,34662.1,-0.7506,-0.8311,139.0,98.3,0.467
48.68,31794.8,34567.4,-1.1367,-1.0636,139.0,98.3,0.467
48.7,31770.0,34484.5,-1.2749,-1.267,139.0,98.3,0.467
48.72,31775.8,34480.5,-1.2429,-1.2768,139.0,98.3,0.467
48.74,31750.5,34410.6,-1.3835,-1.4485,139.0,98.3,0.467
48.76,31736.0,34592.5,-1.4641,-1.002,139.0,98.3,0.467
48.78,32023.6,34969.0,0.135,-0.0778,139.0,98.3,0.467
48.8,32035.1,35317.3,0.1992,0.7772,139.0,98.3,0.467
48.82,32223.5,35647.8,1.2464,1.5882,139.0,98.3,0.467
48.84,32263.0,35760.0,1.4666,1.8637,139.0,98.3,0.467
48.86,32309.0,35742.8,1.7221,1.8215,139.0,98.3,0.467
48.88,32301.1,35538.3,1.6783,1.3196,139.0,98.3,0.467
48.9,32172.9,35436.3,0.9651,1.0693,139.0,98.3,0.467
48.92,32054.9,35212.4,0.3092,0.5197,139.0,98.3,0.467
48.94,32158.8,35132.1,0.887,0.3225,139.0,98.3,0.467
48.96,31987.0,35015.0,-0.0683,0.0351,139.0,98.3,0.467
48.98,32025.2,34963.4,0.1442,-0.0915,139.0,98.3,0.467
49.0,31937.9,34889.7,-0.3414,-0.2724,139.0,98.3,0.467
49.02,31940.4,34782.0,-0.3276,-0.5368,139.0,98.3,0.467
49.04,31814.5,34696.8,-1.0273,-0.7461,139.0,98.3,0.467
49.06,31828.7,34781.0,-0.9484,-0.5393,139.0,98.3,0.467
49.08,31899.1,34736.2,-0.5573,-0.6492,139.0,98.3,0.467
49.1,31841.4,34643.7,-0.8778,-0.8763,139.0,98.3,0.467
49.12,31863.0,34577.2,-0.7576,-1.0396,139.0,98.3,0.467
49.14,31833.3,34425.8,-0.9232,-1.4112,139.0,98.3,0.467
49.16,31790.4,34445.9,-1.1616,-1.3617,139.0,98.3,0.467
49.18,31812.7,34494.0,-1.0375,-1.2438,139.0,98.3,0.467
49.2,31995.2,34749.3,-0.0227,-0.6172,139.0,98.3,0.467
49.22,32112.6,35124.7,0.6303,0.3045,139.0,98.3,0.467
49.24,32178.4,35576.9,0.996,1.4143,139.0,98.3,0.467
49.26,32208.4,35660.2,1.1628,1.6189,139.0,98.3,0.467
49.28,32322.8,35785.6,1.7987,1.9265,139.0,98.3,0.467
49.3,32227.4,35630.2,1.2682,1.545,139.0,98.3,0.467
49.32,32200.0,35506.8,1.1161,1.2422,139.0,98.3,0.467
49.34,32183.5,35375.3,1.0244,0.9194,139.0,98.3,0.467
49.36,32058.0,35119.2,0.3265,0.2908,139.0,98.3,0.467
49.38,32114.4,35127.7,0.6401,0.3116,139.0,98.3,0.467
49.4,32015.0,35032.8,0.0873,0.0788,139.0,98.3,0.467
49.42,31990.1,34983.3,-0.0512,-0.0428,139.0,98.3,0.467
49.44,31953.1,34813.5,-0.2569,-0.4595,139.0,98.3,0.467
49.46,31953.6,34685.9,-0.254,-0.7726,139.0,98.3,0.467
49.48,31955.7,34654.8,-0.2423,-0.8491,139.0,98.3,0.467
49.5,31948.2,34682.0,-0.2839,-0.7823,139.0,98.3,0.467
49.52,31849.4,34665.0,-0.8337,-0.824,139.0,98.3,0.467
49.54,31818.1,34554.1,-1.0076,-1.0962,139.0,98.3,0.467
49.56,31744.3,34575.1,-1.4179,-1.0446,139.0,98.3,0.467
49.58,31794.6,34508.4,-1.1383,-1.2084,139.0,98.3,0.467
49.6,31709.0,34484.4,-1.6142,-1.2673,139.0,98.3,0.467
49.62,31972.9,34525.4,-0.1467,-1.1665,139.0,98.3,0.467
49.64,31894.1,34941.8,-0.5847,-0.1445,139.0,98.3,0.467
49.66,32163.1,35181.1,0.9109,0.4429,139.0,98.3,0.467
49.68,32232.6,35521.8,1.2973,1.2791,139.0,98.3,0.467
49.7,32282.4,35696.5,1.5741,1.7077,139.0,98.3,0.467
49.72,32214.9,35774.9,1.199,1.9003,139.0,98.3,0.467
49.74,32229.1,35624.4,1.2777,1.5309,139.0,98.3,0.467
49.76,32052.6,35300.2,0.2962,0.735,139.0,98.3,0.467
49.78,32054.0,35231.5,0.3041,0.5666,139.0,98.3,0.467
49.8,32053.3,35198.6,0.3001,0.4858,139.0,98.3,0.467
49.82,32140.0,35059.9,0.7823,0.1452,139.0,98.3,0.467
49.84,32071.5,34956.1,0.4015,-0.1095,139.0,98.3,0.467
49.86,31889.3,34971.9,-0.6118,-0.0708,139.0,98.3,0.467
49.88,31994.5,34865.8,-0.0268,-0.3312,139.0,98.3,0.467
49.9,31930.5,34726.0,-0.3823,-0.6742,139.0,98.3,0.467
49.92,31993.4,34635.7,-0.033,-0.8959,139.0,98.3,0.467
49.94,31848.8,34684.6,-0.8365,-0.776,139.0,98.3,0.467
49.96,31887.2,34576.2,-0.6231,-1.0418,139.0,98.3,0.467
49.98,31874.9,34605.2,-0.6917,-0.9708,139.0,98.3,0.467
50.0,31884.3,34545.6,-0.6395,-1.117,139.0,98.3,0.467
50.02,31732.2,34522.7,-1.4848,-1.1732,139.0,98.3,0.467
50.04,31827.5,34569.5,-0.9551,-1.0583,139.0,98.3,0.467
50.06,31840.1,34709.4,-0.8854,-0.715,139.0,98.3,0.467
50.08,32059.5,35054.2,0.3347,0.1314,139.0,98.3,0.467
50.1,32240.1,35347.1,1.3388,0.8503,139.0,98.3,0.467
50.12,32308.2,35565.0,1.7179,1.385,139.0,98.3,0.467
50.14,32355.2,35794.4,1.9788,1.9482,139.0,98.3,0.467
50.16,32326.5,35763.7,1.8197,1.8727,139.0,98.3,0.467
50.18,32204.4,35477.8,1.1403,1.1711,139.0,98.3,0.467
50.2,32133.4,35370.0,0.7459,0.9064,139.0,98.3,0.467
50.22,32154.5,35258.5,0.863,0.6328,139.0,98.3,0.467
50.24,31996.8,35122.1,-0.0137,0.2979,139.0,98.3,0.467
50.26,32034.6,35068.7,0.1966,0.1669,139.0,98.3,0.467
50.28,32065.5,34942.0,0.3683,-0.1442,139.0,98.3,0.467
50.3,32045.6,34869.1,0.2574,-0.3231,139.0,98.3,0.467
50.32,31947.1,34829.8,-0.2899,-0.4195,139.0,98.3,0.467
50.34,31892.5,34671.4,-0.5938,-0.8082,139.0,98.3,0.467
50.36,31933.5,34736.6,-0.3657,-0.6483,139.0,98.3,0.467
50.38,31801.9,34684.6,-1.0977,-0.7758,139.0,98.3,0.467
50.4,31775.6,34559.4,-1.2437,-1.0832,139.0,98.3,0.467
50.42,31797.3,34515.4,-1.1232,-1.1913,139.0,98.3,0.467
50.44,31835.6,34435.8,-0.9103,-1.3865,139.0,98.3,0.467
50.46,31762.9,34391.5,-1.3145,-1.4954,139.0,98.3,0.467
50.48,31801.0,34670.6,-1.1025,-0.8103,139.0,98.3,0.467
50.5,31928.6,34869.5,-0.3933,-0.3222,139.0,98.3,0.467
50.52,32056.7,35097.6,0.3195,0.2377,139.0,98.3,0.467
50.54,32093.4,35477.2,0.5235,1.1696,139.0,98.3,0.467
50.56,32276.6,35696.4,1.5418,1.7076,139.0,98.3,0.467
50.58,32282.1,35746.0,1.5725,1.8293,139.0,98.3,0.467
50.6,32285.7,35648.0,1.5923,1.5888,139.0,98.3,0.467
50.62,32078.1,35491.7,0.4381,1.2051,139.0,98.3,0.467
50.64,32108.0,35288.5,0.6045,0.7063,139.0,98.3,0.467
50.66,32012.8,35090.7,0.0753,0.2208,139.0,98.3,0.467
50.68,32041.7,35086.1,0.2357,0.2096,139.0,98.3,0.467
50.7,32065.1,35031.3,0.3657,0.0752,139.0,98.3,0.467
50.72,32028.1,34949.4,0.1603,-0.126,139.0,98.3,0.467
50.74,31917.7,34824.0,-0.4535,-0.4336,139.0,98.3,0.467
50.76,31972.5,34766.5,-0.149,-0.5749,139.0,98.3,0.467
50.78,31800.0,34737.0,-1.1082,-0.6472,139.0,98.3,0.467
50.8,31944.8,34710.0,-0.3029,-0.7137,139.0,98.3,0.467
50.82,31854.1,34608.1,-0.8071,-0.9637,139.0,98.3,0.467
50.84,31760.9,34701.9,-1.3258,-0.7334,139.0,98.3,0.467
50.86,31803.2,34504.3,-1.0902,-1.2183,139.0,98.3,0.467
50.88,31723.2,34481.7,-1.535,-1.274,139.0,98.3,0.467
50.9,31866.8,34566.2,-0.7367,-1.0664,139.0,98.3,0.467
50.92,31823.8,34701.0,-0.9755,-0.7356,139.0,98.3,0.467
50.94,31999.9,34856.6,0.0032,-0.3538,139.0,98.3,0.467
50.96,32127.5,35318.2,0.7128,0.7792,139.0,98.3,0.467
50.98,32282.7,35595.1,1.5756,1.459,139.0,98.3,0.467
51.0,32419.6,35776.4,2.3371,1.9039,139.0,98.3,0.467
51.02,32278.5,35725.1,1.5525,1.7779,139.0,98.3,0.467
51.04,32231.7,35501.2,1.2925,1.2285,139.0,98.3,0.467
51.06,32187.8,35354.1,1.0484,0.8673,139.0,98.3,0.467
51.08,32139.4,35219.2,0.779,0.5363,139.0,98.3,0.467
51.1,32007.5,35101.6,0.0455,0.2476,139.0,98.3,0.467
51.12,32075.3,35094.5,0.4225,0.2303,139.0,98.3,0.467
51.14,32036.4,35016.8,0.2064,0.0396,139.0,98.3,0.467
51.16,31887.7,35043.6,-0.6207,0.1054,139.0,98.3,0.467
51.18,31853.7,34838.2,-0.8094,-0.3988,139.0,98.3,0.467
51.2,31926.1,34681.4,-0.4067,-0.7838,139.0,98.3,0.467
51.22,31937.1,34661.9,-0.3459,-0.8317,139.0,98.3,0.467
51.24,31972.6,34695.1,-0.1481,-0.75,139.0,98.3,0.467
51.26,31808.3,34667.0,-1.0619,-0.819,139.0,98.3,0.467
51.28,31842.5,34642.6,-0.8717,-0.8789,139.0,98.3,0.467
51.3,31825.3,34439.5,-0.9675,-1.3776,139.0,98.3,0.467
51.32,31844.3,34467.6,-0.8617,-1.3086,139.0,98.3,0.467
51.34,31799.7,34544.8,-1.11,-1.1191,139.0,98.3,0.467
51.36,31851.6,34722.8,-0.8213,-0.682,139.0,98.3,0.467
51.38,32008.2,35098.7,0.0497,0.2405,139.0,98.3,0.467
51.4,32247.7,35437.2,1.3814,1.0714,139.0,98.3,0.467
51.42,32244.2,35740.6,1.3615,1.8161,139.0,98.3,0.467
51.44,32336.2,35750.5,1.8736,1.8405,139.0,98.3,0.467
51.46,32321.6,35674.0,1.7923,1.6526,139.0,98.3,0.467
51.48,32196.5,35534.3,1.0966,1.3097,139.0,98.3,0.467
51.5,32070.0,35245.2,0.3933,0.6002,139.0,98.3,0.467
51.52,32127.2,35160.8,0.7114,0.3929,139.0,98.3,0.467
51.54,32019.9,35113.2,0.1148,0.276,139.0,98.3,0.467
51.56,32004.3,34960.5,0.0277,-0.0987,139.0,98.3,0.467
51.58,31979.0,34925.7,-0.1126,-0.1841,139.0,98.3,0.467
51.6,31868.5,34920.7,-0.7273,-0.1964,139.0,98.3,0.467
51.62,31872.9,34746.1,-0.7026,-0.625,139.0,98.3,0.467
51.64,31980.2,34676.7,-0.1062,-0.7952,139.0,98.3,0.467
51.66,31944.5,34697.8,-0.3047,-0.7436,139.0,98.3,0.467
51.68,31774.2,34649.0,-1.2516,-0.8633,139.0,98.3,0.467
51.7,31887.0,34632.1,-0.6242,-0.9046,139.0,98.3,0.467
51.72,31868.9,34592.0,-0.7249,-1.0031,139.0,98.3,0.467
51.74,31803.0,34530.4,-1.0913,-1.1543,139.0,98.3,0.467
51.76,31842.0,34497.5,-0.8748,-1.2352,139.0,98.3,0.467
51.78,31761.4,34580.3,-1.323,-1.0319,139.0,98.3,0.467
51.8,32066.7,34893.2,0.3747,-0.264,139.0,98.3,0.467
51.82,32138.3,35217.7,0.773,0.5327,139.0,98.3,0.467
51.84,32261.0,35592.3,1.4552,1.4521,139.0,98.3,0.467
51.86,32263.7,35747.8,1.4702,1.8338,139.0,98.3,0.467
51.88,32254.5,35758.5,1.4188,1.8601,139.0,98.3,0.467
51.9,32260.0,35610.2,1.4497,1.496,139.0,98.3,0.467
51.92,32156.3,35401.2,0.8732,0.983,139.0,98.3,0.467
51.94,32180.8,35198.9,1.009,0.4865,139.0,98.3,0.467
51.96,32107.4,35057.9,0.6009,0.1404,139.0,98.3,0.467
51.98,32006.2,35123.2,0.0387,0.3007,139.0,98.3,0.467
52.0,32098.6,35088.8,0.5522,0.2163,139.0,98.3,0.467
52.02,31940.8,34948.2,-0.3254,-0.1289,139.0,98.3,0.467
52.04,31979.1,34801.0,-0.1124,-0.4901,139.0,98.3,0.467
52.06,31783.1,34742.7,-1.2023,-0.6333,139.0,98.3,0.467
52.08,31866.7,34616.9,-0.7371,-0.9421,139.0,98.3,0.467
52.1,31878.3,34723.1,-0.6728,-0.6814,139.0,98.3,0.467
52.12,31835.5,34632.2,-0.9106,-0.9046,139.0,98.3,0.467
52.14,31806.4,34561.3,-1.0726,-1.0786,139.0,98.3,0.467
52.16,31799.7,34460.8,-1.11,-1.3253,139.0,98.3,0.467
52.18,31795.5,34417.6,-1.1333,-1.4312,139.0,98.3,0.467
52.2,31769.9,34458.2,-1.2754,-1.3315,139.0,98.3,0.467
52.22,31845.8,34807.1,-0.8534,-0.4753,139.0,98.3,0.467
52.24,32044.7,35013.6,0.2527,0.0317,139.0,98.3,0.467
52.26,32149.3,35378.4,0.8343,0.9271,139.0,98.3,0.467
52.28,32262.1,35521.1,1.4611,1.2773,139.0,98.3,0.467
52.3,32337.7,35790.9,1.8819,1.9396,139.0,98.3,0.467
52.32,32164.8,35674.6,0.9204,1.6542,139.0,98.3,0.467
52.34,32152.3,35398.6,0.8511,0.9766,139.0,98.3,0.467
52.36,32211.0,35281.5,1.177,0.6892,139.0,98.3,0.467
52.38,32028.8,35193.1,0.1641,0.4722,139.0,98.3,0.467
52.4,32091.0,35088.5,0.5101,0.2155,139.0,98.3,0.467
52.42,32068.3,35017.5,0.3836,0.0413,139.0,98.3,0.467
52.44,32058.4,35005.4,0.3289,0.0115,139.0,98.3,0.467
52.46,32013.7,34877.2,0.0801,-0.303,139.0,98.3,0.467
52.48,31824.1,34814.5,-0.974,-0.4571,139.0,98.3,0.467
52.5,31828.5,34735.6,-0.9495,-0.6506,139.0,98.3,0.467
52.52,31855.9,34634.7,-0.7975,-0.8983,139.0,98.3,0.467
52.54,31915.7,34685.4,-0.4645,-0.7738,139.0,98.3,0.467
52.56,31817.6,34699.2,-1.0104,-0.7401,139.0,98.3,0.467
52.58,31805.6,34456.9,-1.0772,-1.3347,139.0,98.3,0.467
52.6,31831.5,34522.3,-0.9329,-1.1741,139.0,98.3,0.467
52.62,31748.0,34460.8,-1.3972,-1.3251,139.0,98.3,0.467
52.64,31851.3,34588.2,-0.823,-1.0125,139.0,98.3,0.467
52.66,31932.7,34826.8,-0.3702,-0.4268,139.0,98.3,0.467
52.68,32077.8,35249.2,0.4366,0.6099,139.0,98.3,0.467
52.7,32165.9,35601.5,0.9267,1.4746,139.0,98.3,0.467
52.72,32301.5,35701.5,1.6805,1.7201,139.0,98.3,0.467
52.74,32331.5,35744.9,1.8474,1.8266,139.0,98.3,0.467
52.76,32290.4,35663.1,1.6186,1.6259,139.0,98.3,0.467
52.78,32205.3,35348.7,1.1453,0.854,139.0,98.3,0.467
52.8,32041.2,35219.4,0.233,0.5368,139.0,98.3,0.467
52.82,32033.9,35092.7,0.1926,0.2257,139.0,98.3,0.467
52.84,32006.6,35081.5,0.0405,0.1984,139.0,98.3,0.467
52.86,31984.8,35035.5,-0.0806,0.0855,139.0,98.3,0.467
52.88,31992.9,34992.6,-0.0353,-0.0198,139.0,98.3,0.467
52.9,31932.0,34760.7,-0.374,-0.5891,139.0,98.3,0.467
52.92,31948.2,34678.5,-0.2841,-0.7909,139.0,98.3,0.467
52.94,31828.1,34646.6,-0.952,-0.8692,139.0,98.3,0.467
52.96,31846.4,34722.8,-0.8503,-0.6821,139.0,98.3,0.467
52.98,31909.4,34698.0,-0.4999,-0.7431,139.0,98.3,0.467
53.0,31799.7,34542.7,-1.1099,-1.1241,139.0,98.3,0.467
53.02,31819.3,34499.8,-1.0008,-1.2294,139.0,98.3,0.467
53.04,31728.4,34513.6,-1.5063,-1.1957,139.0,98.3,0.467
53.06,31850.8,34455.3,-0.8259,-1.3387,139.0,98.3,0.467
53.08,31939.5,34707.8,-0.3324,-0.7189,139.0,98.3,0.467
53.1,31988.6,35032.5,-0.0597,0.0781,139.0,98.3,0.467
53.12,32121.4,35391.5,0.6792,0.9592,139.0,98.3,0.467
53.14,32292.6,35617.6,1.6306,1.5142,139.0,98.3,0.467
53.16,32309.7,35816.4,1.7258,2.0021,139.0,98.3,0.467
53.18,32263.0,35676.7,1.466,1.6592,139.0,98.3,0.467
53.2,32285.1,35526.8,1.5894,1.2912,139.0,98.3,0.467
53.22,32170.0,35364.1,0.9491,0.892,139.0,98.3,0.467
53.24,32172.7,35235.3,0.9644,0.5758,139.0,98.3,0.467
53.26,32010.5,35092.4,0.0623,0.2249,139.0,98.3,0.467
53.28,32055.6,35081.7,0.3133,0.1989,139.0,98.3,0.467
53.3,31943.4,34981.0,-0.3107,-0.0483,139.0,98.3,0.467
53.32,31882.6,34962.8,-0.6488,-0.0931,139.0,98.3,0.467
53.34,31924.2,34837.9,-0.4178,-0.3996,139.0,98.3,0.467
53.36,31845.8,34642.7,-0.8533,-0.8788,139.0,98.3,0.467
53.38,31854.0,34679.1,-0.808,-0.7893,139.0,98.3,0.467
53.4,31849.1,34635.1,-0.8352,-0.8975,139.0,98.3,0.467
53.42,31844.1,34667.7,-0.8631,-0.8175,139.0,98.3,0.467
53.44,31787.6,34669.9,-1.1772,-0.8119,139.0,98.3,0.467
53.46,31751.9,34448.0,-1.3755,-1.3566,139.0,98.3,0.467
53.48,31838.0,34480.4,-0.8966,-1.2772,139.0,98.3,0.467
53.5,31871.2,34551.9,-0.712,-1.1015,139.0,98.3,0.467
53.52,31878.7,34693.6,-0.6702,-0.7538,139.0,98.3,0.467
53.54,31947.6,35215.8,-0.2873,0.528,139.0,98.3,0.467
53.56,32225.9,35394.1,1.26,0.9655,139.0,98.3,0.467
53.58,32315.6,35691.7,1.7585,1.6959,139.0,98.3,0.467
53.6,32297.3,35760.0,1.657,1.8637,139.0,98.3,0.467
53.62,32272.9,35606.8,1.5212,1.4875,139.0,98.3,0.467
53.64,32247.2,35468.1,1.3786,1.1473,139.0,98.3,0.467
53.66,32138.2,35355.5,0.7721,0.8708,139.0,98.3,0.467
53.68,32039.3,35164.0,0.2222,0.4008,139.0,98.3,0.467
53.7,32047.2,35114.8,0.2666,0.28,139.0,98.3,0.467
53.72,31915.1,35060.2,-0.4684,0.1459,139.0,98.3,0.467
53.74,31986.5,34894.1,-0.0709,-0.2617,139.0,98.3,0.467
53.76,31993.6,34854.4,-0.0316,-0.3591,139.0,98.3,0.467
53.78,31920.6,34768.5,-0.4377,-0.5699,139.0,98.3,0.467
53.8,31962.3,34690.1,-0.2054,-0.7623,139.0,98.3,0.467
53.82,31787.8,34634.5,-1.176,-0.8989,139.0,98.3,0.467
53.84,31946.1,34629.6,-0.2958,-0.911,139.0,98.3,0.467
53.86,31865.7,34609.6,-0.7429,-0.9599,139.0,98.3,0.467
53.88,31846.5,34534.8,-0.8494,-1.1435,139.0,98.3,0.467
53.9,31823.0,34538.0,-0.9805,-1.1357,139.0,98.3,0.467
53.92,31830.0,34465.3,-0.9415,-1.3143,139.0,98.3,0.467
53.94,31852.3,34668.6,-0.8176,-0.8151,139.0,98.3,0.467
53.96,31895.9,34875.1,-0.5747,-0.3083,139.0,98.3,0.467
53.98,32132.7,35339.1,0.7419,0.8307,139.0,98.3,0.467
54.0,32276.6,35645.1,1.5419,1.5817,139.0,98.3,0.467
54.02,32326.3,35686.3,1.8182,1.6828,139.0,98.3,0.467
54.04,32316.2,35835.0,1.7623,2.0478,139.0,98.3,0.467
54.06,32225.4,35523.1,1.2571,1.2821,139.0,98.3,0.467
54.08,32189.3,35369.7,1.0564,0.9057,139.0,98.3,0.467
54.1,32109.6,35150.8,0.6133,0.3685,139.0,98.3,0.467
54.12,32003.5,35085.1,0.0235,0.2071,139.0,98.3,0.467
54.14,32008.4,35073.7,0.0507,0.1791,139.0,98.3,0.467
54.16,31951.0,35015.5,-0.2685,0.0363,139.0,98.3,0.467
54.18,32003.2,34875.1,0.0219,-0.3084,139.0,98.3,0.467
54.2,31949.1,34779.5,-0.2793,-0.5429,139.0,98.3,0.467
54.22,31896.7,34698.6,-0.5706,-0.7415,139.0,98.3,0.467
54.24,31831.0,34694.4,-0.9356,-0.7519,139.0,98.3,0.467
54.26,32023.0,34673.2,0.1317,-0.8038,139.0,98.3,0.467
54.28,31856.3,34680.1,-0.7949,-0.787,139.0,98.3,0.467
54.3,31921.5,34511.4,-0.4327,-1.201,139.0,98.3,0.467
54.32,31839.9,34550.5,-0.8864,-1.1052,139.0,98.3,0.467
54.34,31824.4,34421.6,-0.9723,-1.4214,139.0,98.3,0.467
54.36,31886.0,34417.0,-0.6298,-1.4327,139.0,98.3,0.467
54.38,31881.7,34778.6,-0.6538,-0.5452,139.0,98.3,0.467
54.4,32006.0,35019.8,0.0372,0.0468,139.0,98.3,0.467
54.42,32274.4,35350.1,1.5299,0.8575,139.0,98.3,0.467
54.44,32264.9,35668.2,1.4769,1.6385,139.0,98.3,0.467
54.46,32284.4,35794.8,1.5853,1.9491,139.0,98.3,0.467
54.48,32275.8,35691.3,1.5378,1.6951,139.0,98.3,0.467
54.5,32249.2,35523.7,1.3897,1.2836,139.0,98.3,0.467
54.52,32195.2,35311.8,1.0892,0.7636,139.0,98.3,0.467
54.54,32101.5,35087.0,0.5685,0.2118,139.0,98.3,0.467
54.56,31954.1,35101.0,-0.2514,0.2462,139.0,98.3,0.467
54.58,31975.4,35099.0,-0.1327,0.2413,139.0,98.3,0.467
54.6,32054.0,35055.6,0.304,0.1348,139.0,98.3,0.467
54.62,31896.4,34921.8,-0.5719,-0.1938,139.0,98.3,0.467
54.64,31853.7,34811.3,-0.8093,-0.465,139.0,98.3,0.467
54.66,31783.8,34687.6,-1.1979,-0.7685,139.0,98.3,0.467
54.68,31902.8,34671.6,-0.5367,-0.8079,139.0,98.3,0.467
54.7,31876.5,34620.3,-0.6827,-0.9337,139.0,98.3,0.467
54.72,31828.9,34731.8,-0.9474,-0.66,139.0,98.3,0.467
54.74,31712.6,34612.6,-1.5943,-0.9527,139.0,98.3,0.467
54.76,31808.4,34378.7,-1.0611,-1.5268,139.0,98.3,0.467
54.78,31801.8,34493.9,-1.0983,-1.244,139.0,98.3,0.467
54.8,31690.7,34620.5,-1.716,-0.9333,139.0,98.3,0.467
54.82,32004.7,34852.7,0.03,-0.3634,139.0,98.3,0.467
54.84,32019.7,35213.1,0.1132,0.5213,139.0,98.3,0.467
54.86,32266.9,35604.3,1.4878,1.4815,139.0,98.3,0.467
54.88,32270.9,35772.2,1.5103,1.8935,139.0,98.3,0.467
54.9,32331.8,35681.6,1.8488,1.6713,139.0,98.3,0.467
54.92,32373.4,35669.3,2.08,1.641,139.0,98.3,0.467
54.94,32179.2,35470.5,1.0006,1.1531,139.0,98.3,0.467
54.96,32143.7,35184.3,0.8029,0.4506,139.0,98.3,0.467
54.98,31969.0,35169.0,-0.1684,0.413,139.0,98.3,0.467
55.0,31991.9,35119.3,-0.0413,0.2911,139.0,98.3,0.467
55.02,31927.4,35022.5,-0.3997,0.0534,139.0,98.3,0.467
55.04,31947.7,34887.2,-0.2869,-0.2785,139.0,98.3,0.467
55.06,31869.0,34821.2,-0.7244,-0.4407,139.0,98.3,0.467
55.08,31910.5,34758.4,-0.4937,-0.5947,139.0,98.3,0.467
55.1,31926.8,34672.5,-0.403,-0.8056,139.0,98.3,0.467
55.12,31874.4,34668.7,-0.6941,-0.815,139.0,98.3,0.467
55.14,31876.3,34674.8,-0.6838,-0.8,139.0,98.3,0.467
55.16,31887.3,34620.7,-0.6224,-0.9327,139.0,98.3,0.467
55.18,31716.0,34575.3,-1.575,-1.0442,139.0,98.3,0.467
55.2,31841.4,34465.6,-0.878,-1.3135,139.0,98.3,0.467
55.22,31907.9,34514.4,-0.5083,-1.1937,139.0,98.3,0.467
55.24,31823.2,34632.9,-0.9789,-0.9027,139.0,98.3,0.467
55.26,32045.6,34949.2,0.2573,-0.1264,139.0,98.3,0.467
55.28,32150.0,35403.2,0.8382,0.988,139.0,98.3,0.467
55.3,32254.4,35602.6,1.4184,1.4772,139.0,98.3,0.467
55.32,32286.6,35732.0,1.5974,1.795,139.0,98.3,0.467
55.34,32250.2,35654.8,1.3954,1.6055,139.0,98.3,0.467
55.36,32196.7,35533.4,1.0978,1.3076,139.0,98.3,0.467
55.38,32202.9,35366.0,1.1321,0.8965,139.0,98.3,0.467
55.4,32170.4,35200.9,0.9516,0.4915,139.0,98.3,0.467
55.42,31997.8,35055.7,-0.0081,0.1351,139.0,98.3,0.467
55.44,32029.6,35066.7,0.1684,0.1621,139.0,98.3,0.467
55.46,32052.5,35044.1,0.2958,0.1064,139.0,98.3,0.467
55.48,31948.6,34974.1,-0.2817,-0.0652,139.0,98.3,0.467
55.5,31849.0,34934.0,-0.8354,-0.1638,139.0,98.3,0.467
55.52,31941.1,34781.4,-0.3234,-0.5384,139.0,98.3,0.467
55.54,31853.3,34651.1,-0.8115,-0.8581,139.0,98.3,0.467
55.56,31868.5,34758.1,-0.7274,-0.5955,139.0,98.3,0.467
55.58,31813.0,34655.9,-1.0356,-0.8463,139.0,98.3,0.467
55.6,31762.7,34587.4,-1.3155,-1.0144,139.0,98.3,0.467
55.62,31718.5,34531.5,-1.5615,-1.1517,139.0,98.3,0.467
55.64,31735.3,34522.5,-1.4676,-1.1737,139.0,98.3,0.467
55.66,31765.5,34552.7,-1.2999,-1.0995,139.0,98.3,0.467
55.68,31963.1,34751.3,-0.2012,-0.6123,139.0,98.3,0.467
55.7,32058.9,35118.0,0.3317,0.2878,139.0,98.3,0.467
55.72,32154.3,35520.9,0.8617,1.2768,139.0,98.3,0.467
55.74,32291.4,35530.5,1.624,1.3004,139.0,98.3,0.467
55.76,32340.4,35802.6,1.8964,1.9683,139.0,98.3,0.467
55.78,32325.9,35627.3,1.8162,1.5379,139.0,98.3,0.467
55.8,32218.9,35403.3,1.2213,0.9881,139.0,98.3,0.467
55.82,32112.6,35328.5,0.63,0.8047,139.0,98.3,0.467
55.84,32013.3,35123.0,0.0779,0.3001,139.0,98.3,0.467
55.86,32038.7,35025.7,0.2189,0.0614,139.0,98.3,0.467
55.88,31974.8,35122.8,-0.136,0.2997,139.0,98.3,0.467
55.9,31939.8,34972.0,-0.3308,-0.0706,139.0,98.3,0.467
55.92,31966.9,34798.0,-0.1799,-0.4976,139.0,98.3,0.467
55.94,31877.7,34832.9,-0.676,-0.4119,139.0,98.3,0.467
55.96,31945.1,34721.0,-0.3013,-0.6864,139.0,98.3,0.467
55.98,31852.2,34740.3,-0.8177,-0.6391,139.0,98.3,0.467
56.0,31872.9,34661.7,-0.7027,-0.832,139.0,98.3,0.467
56.02,31870.9,34613.3,-0.7139,-0.951,139.0,98.3,0.467
56.04,31772.6,34483.3,-1.2606,-1.27,139.0,98.3,0.467
56.06,31768.6,34457.5,-1.2826,-1.3333,139.0,98.3,0.467
56.08,31751.1,34503.9,-1.3797,-1.2195,139.0,98.3,0.467
56.1,31891.6,34630.1,-0.5985,-0.9097,139.0,98.3,0.467
56.12,31953.3,34950.6,-0.256,-0.1229,139.0,98.3,0.467
56.14,32040.0,35338.7,0.2262,0.8296,139.0,98.3,0.467
56.16,32207.2,35628.9,1.156,1.5419,139.0,98.3,0.467
56.18,32304.2,35681.9,1.6956,1.672,139.0,98.3,0.467
56.2,32316.5,35725.6,1.7637,1.7794,139.0,98.3,0.467
56.22,32208.1,35581.7,1.1609,1.4261,139.0,98.3,0.467
56.24,32088.1,35335.3,0.4938,0.8213,139.0,98.3,0.467
56.26,32134.5,35274.7,0.7516,0.6725,139.0,98.3,0.467
56.28,32086.5,35089.2,0.4852,0.2173,139.0,98.3,0.467
56.3,31984.6,35051.7,-0.0816,0.1251,139.0,98.3,0.467
56.32,32024.1,35009.8,0.1382,0.0223,139.0,98.3,0.467
56.34,31908.9,34948.8,-0.5026,-0.1274,139.0,98.3,0.467
56.36,31974.7,34800.7,-0.1366,-0.491,139.0,98.3,0.467
56.38,31920.2,34786.1,-0.4398,-0.5268,139.0,98.3,0.467
56.4,31833.1,34737.3,-0.9238,-0.6465,139.0,98.3,0.467
56.42,31833.8,34667.4,-0.9201,-0.818,139.0,98.3,0.467
56.44,31769.2,34661.9,-1.2791,-0.8316,139.0,98.3,0.467
56.46,31743.6,34564.4,-1.4217,-1.071,139.0,98.3,0.467
56.48,31699.8,34553.5,-1.6651,-1.0976,139.0,98.3,0.467
56.5,31823.3,34495.2,-0.9785,-1.2408,139.0,98.3,0.467
56.52,31836.4,34626.7,-0.9058,-0.9181,139.0,98.3,0.467
56.54,31898.1,34737.7,-0.5624,-0.6455,139.0,98.3,0.467
56.56,32037.0,35056.6,0.2099,0.1372,139.0,98.3,0.467
56.58,32134.0,35415.4,0.749,1.0178,139.0,98.3,0.467
56.6,32274.3,35654.1,1.5289,1.6037,139.0,98.3,0.467
56.62,32371.2,35807.0,2.0681,1.9792,139.0,98.3,0.467
56.64,32347.3,35701.1,1.935,1.7191,139.0,98.3,0.467
56.66,32240.0,35414.7,1.3383,1.0162,139.0,98.3,0.467
56.68,32158.2,35250.9,0.8834,0.614,139.0,98.3,0.467
56.7,32082.8,35202.8,0.4645,0.496,139.0,98.3,0.467
56.72,32020.7,35096.8,0.1191,0.2359,139.0,98.3,0.467
56.74,32017.5,35089.2,0.1013,0.2172,139.0,98.3,0.467
56.76,32056.4,34953.0,0.3177,-0.1172,139.0,98.3,0.467
56.78,31903.4,34785.5,-0.5334,-0.5282,139.0,98.3,0.467
56.8,31997.3,34840.8,-0.0111,-0.3925,139.0,98.3,0.467
56.82,31924.3,34714.6,-0.4171,-0.7023,139.0,98.3,0.467
56.84,31880.1,34638.2,-0.6628,-0.8897,139.0,98.3,0.467
56.86,31817.8,34645.9,-1.0093,-0.8708,139.0,98.3,0.467
56.88,31870.3,34575.0,-0.7174,-1.0448,139.0,98.3,0.467
56.9,31815.3,34613.5,-1.0232,-0.9504,139.0,98.3,0.467
56.92,31822.9,34473.3,-0.9806,-1.2944,139.0,98.3,0.467
56.94,31765.8,34518.8,-1.298,-1.1828,139.0,98.3,0.467
56.96,31781.0,34652.4,-1.214,-0.8549,139.0,98.3,0.467
56.98,31933.8,34875.6,-0.3641,-0.307,139.0,98.3,0.467
57.0,32171.5,35247.4,0.9576,0.6056,139.0,98.3,0.467
57.02,32290.2,35607.6,1.6174,1.4897,139.0,98.3,0.467
57.04,32350.4,35799.8,1.9523,1.9614,139.0,98.3,0.467
57.06,32302.2,35652.6,1.6844,1.6002,139.0,98.3,0.467
57.08,32244.4,35595.1,1.3628,1.459,139.0,98.3,0.467
57.1,32159.9,35373.9,0.8929,0.9161,139.0,98.3,0.467
57.12,32186.9,35237.4,1.0433,0.5809,139.0,98.3,0.467
57.14,32141.3,35224.0,0.7894,0.5481,139.0,98.3,0.467
57.16,32004.6,35124.4,0.0293,0.3035,139.0,98.3,0.467
57.18,31885.5,35139.6,-0.6329,0.341,139.0,98.3,0.467
57.2,32052.1,34910.3,0.2934,-0.222,139.0,98.3,0.467
57.22,31917.0,34812.5,-0.4573,-0.462,139.0,98.3,0.467
57.24,31812.8,34700.6,-1.0369,-0.7367,139.0,98.3,0.467
57.26,31863.6,34635.5,-0.7546,-0.8964,139.0,98.3,0.467
57.28,31827.4,34665.8,-0.9557,-0.822,139.0,98.3,0.467
57.3,31879.4,34566.9,-0.6668,-1.0647,139.0,98.3,0.467
57.32,31799.9,34648.9,-1.1089,-0.8635,139.0,98.3,0.467
57.34,31857.6,34496.9,-0.7878,-1.2366,139.0,98.3,0.467
57.36,31702.2,34415.5,-1.6519,-1.4365,139.0,98.3,0.467
57.38,31790.1,34414.6,-1.1629,-1.4386,139.0,98.3,0.467
57.4,31858.1,34708.2,-0.7848,-0.7181,139.0,98.3,0.467
57.42,31998.2,35008.2,-0.0061,0.0183,139.0,98.3,0.467
57.44,32142.3,35298.1,0.7949,0.7301,139.0,98.3,0.467
57.46,32195.2,35699.5,1.0893,1.7151,139.0,98.3,0.467
57.48,32268.9,35735.9,1.4991,1.8046,139.0,98.3,0.467
57.5,32213.6,35679.3,1.1916,1.6656,139.0,98.3,0.467
57.52,32223.9,35551.9,1.2491,1.3528,139.0,98.3,0.467
57.54,32124.9,35280.4,0.6983,0.6866,139.0,98.3,0.467
57.56,32114.4,35174.3,0.6399,0.426,139.0,98.3,0.467
57.58,32040.2,35091.1,0.2273,0.2218,139.0,98.3,0.467
57.6,32108.2,34998.1,0.6056,-0.0063,139.0,98.3,0.467
57.62,31978.9,35045.0,-0.1136,0.1087,139.0,98.3,0.467
57.64,31932.2,34909.8,-0.3731,-0.223,139.0,98.3,0.467
57.66,31944.4,34809.5,-0.3053,-0.4694,139.0,98.3,0.467
57.68,31865.7,34697.2,-0.7428,-0.7449,139.0,98.3,0.467
57.7,31868.4,34604.6,-0.7278,-0.9724,139.0,98.3,0.467
57.72,31850.2,34672.1,-0.8292,-0.8066,139.0,98.3,0.467
57.74,31877.2,34603.5,-0.6786,-0.975,139.0,98.3,0.467
57.76,31799.6,34605.6,-1.1103,-0.9697,139.0,98.3,0.467
57.78,31852.9,34561.6,-0.8139,-1.0778,139.0,98.3,0.467
57.8,31787.3,34411.9,-1.1785,-1.4451,139.0,98.3,0.467
57.82,31824.1,34641.8,-0.9743,-0.881,139.0,98.3,0.467
57.84,31931.9,34848.7,-0.3747,-0.3732,139.0,98.3,0.467
57.86,32040.0,35074.9,0.2265,0.1821,139.0,98.3,0.467
57.88,32208.2,35518.1,1.1615,1.2699,139.0,98.3,0.467
57.9,32240.2,35791.5,1.3394,1.941,139.0,98.3,0.467
57.92,32348.1,35796.5,1.9394,1.9533,139.0,98.3,0.467
57.94,32233.2,35592.7,1.3004,1.453,139.0,98.3,0.467
57.96,32128.9,35371.6,0.7206,0.9103,139.0,98.3,0.467
57.98,32079.9,35309.1,0.4485,0.757,139.0,98.3,0.467
58.0,32168.3,35089.1,0.9396,0.2171,139.0,98.3,0.467
58.02,31966.7,35071.9,-0.1809,0.1747,139.0,98.3,0.467
58.04,32015.3,35042.8,0.0892,0.1033,139.0,98.3,0.467
58.06,32096.3,34910.9,0.5392,-0.2205,139.0,98.3,0.467
58.08,31956.4,34889.8,-0.2387,-0.2722,139.0,98.3,0.467
58.1,31939.1,34708.6,-0.3344,-0.7171,139.0,98.3,0.467
58.12,31826.9,34773.7,-0.9584,-0.5571,139.0,98.3,0.467
58.14,31787.4,34636.9,-1.178,-0.8929,139.0,98.3,0.467
58.16,31836.2,34782.4,-0.9071,-0.5359,139.0,98.3,0.467
58.18,31821.6,34576.2,-0.9882,-1.0421,139.0,98.3,0.467
58.2,31839.4,34504.0,-0.8889,-1.2193,139.0,98.3,0.467
58.22,31792.5,34551.9,-1.1501,-1.1016,139.0,98.3,0.467
58.24,31873.5,34435.6,-0.6996,-1.3871,139.0,98.3,0.467
58.26,31840.8,34672.6,-0.8811,-0.8053,139.0,98.3,0.467
58.28,31944.7,34917.0,-0.3035,-0.2054,139.0,98.3,0.467
58.3,32198.9,35243.9,1.1098,0.5969,139.0,98.3,0.467
58.32,32322.6,35540.7,1.7975,1.3255,139.0,98.3,0.467
58.34,32313.4,35752.2,1.7466,1.8446,139.0,98.3,0.467
58.36,32408.8,35639.6,2.2768,1.5682,139.0,98.3,0.467
58.38,32282.9,35561.5,1.5771,1.3764,139.0,98.3,0.467
58.4,32157.9,35390.8,0.8821,0.9576,139.0,98.3,0.467
58.42,32109.4,35322.7,0.6122,0.7903,139.0,98.3,0.467
58.44,32005.1,35162.4,0.0323,0.397,139.0,98.3,0.467
58.46,31957.0,35026.6,-0.2353,0.0636,139.0,98.3,0.467
58.48,32062.1,35072.4,0.3491,0.176,139.0,98.3,0.467
58.5,31962.3,34899.8,-0.2058,-0.2478,139.0,98.3,0.467
58.52,31872.9,34719.3,-0.7029,-0.6908,139.0,98.3,0.467
58.54,31923.3,34670.1,-0.4226,-0.8116,139.0,98.3,0.467
58.56,31883.9,34723.6,-0.6416,-0.6801,139.0,98.3,0.467
58.58,31894.8,34650.6,-0.5808,-0.8594,139.0,98.3,0.467
58.6,31771.9,34590.8,-1.2641,-1.0062,139.0,98.3,0.467
58.62,31782.6,34555.9,-1.2048,-1.0918,139.0,98.3,0.467
58.64,31828.7,34480.5,-0.9484,-1.2768,139.0,98.3,0.467
58.66,31727.3,34487.0,-1.5123,-1.261,139.0,98.3,0.467
58.68,31818.9,34537.4,-1.003,-1.1373,139.0,98.3,0.467
58.7,31881.3,34700.7,-0.656,-0.7363,139.0,98.3,0.467
58.72,32025.3,35156.3,0.1447,0.3819,139.0,98.3,0.467
58.74,32180.7,35442.1,1.0087,1.0834,139.0,98.3,0.467
58.76,32306.0,35662.4,1.7055,1.624,139.0,98.3,0.467
58.78,32320.6,35676.2,1.7867,1.6579,139.0,98.3,0.467
58.8,32290.3,35611.9,1.6181,1.5001,139.0,98.3,0.467
58.82,32184.9,35442.7,1.0319,1.0848,139.0,98.3,0.467
58.84,32221.4,35367.7,1.2348,0.9009,139.0,98.3,0.467
58.86,32068.3,35185.7,0.3837,0.454,139.0,98.3,0.467
58.88,31969.1,35124.9,-0.1679,0.3047,139.0,98.3,0.467
58.9,32018.1,35019.2,0.1046,0.0453,139.0,98.3,0.467
58.92,32083.6,34921.7,0.4686,-0.1939,139.0,98.3,0.467
58.94,32015.8,34808.9,0.0918,-0.4709,139.0,98.3,0.467
58.96,31894.8,34818.2,-0.5807,-0.448,139.0,98.3,0.467
58.98,31871.9,34744.7,-0.7083,-0.6284,139.0,98.3,0.467
59.0,31769.3,34655.0,-1.2789,-0.8487,139.0,98.3,0.467
59.02,31890.2,34539.3,-0.6065,-1.1326,139.0,98.3,0.467
59.04,31931.9,34612.1,-0.3747,-0.9539,139.0,98.3,0.467
59.06,31780.0,34495.9,-1.2195,-1.2392,139.0,98.3,0.467
59.08,31783.3,34537.0,-1.2008,-1.1381,139.0,98.3,0.467
59.1,31725.7,34297.8,-1.521,-1.7254,139.0,98.3,0.467
59.12,31842.6,34663.6,-0.8711,-0.8275,139.0,98.3,0.467
59.14,31932.0,34955.7,-0.3739,-0.1104,139.0,98.3,0.467
59.16,32040.1,35246.9,0.227,0.6043,139.0,98.3,0.467
59.18,32196.5,35572.4,1.0966,1.4032,139.0,98.3,0.467
59.2,32301.2,35712.0,1.6786,1.7458,139.0,98.3,0.467
59.22,32282.8,35724.7,1.5766,1.7771,139.0,98.3,0.467
59.24,32259.8,35622.2,1.4486,1.5255,139.0,98.3,0.467
59.26,32071.7,35373.5,0.4026,0.915,139.0,98.3,0.467
59.28,32016.0,35224.4,0.0929,0.5491,139.0,98.3,0.467
59.3,32111.2,35121.5,0.6221,0.2966,139.0,98.3,0.467
59.32,31955.7,35046.8,-0.2423,0.113,139.0,98.3,0.467
59.34,31945.8,34913.6,-0.2976,-0.2138,139.0,98.3,0.467
59.36,31913.8,34996.6,-0.4755,-0.0101,139.0,98.3,0.467
59.38,31927.0,34863.1,-0.4019,-0.3378,139.0,98.3,0.467
59.4,31821.4,34730.6,-0.9891,-0.663,139.0,98.3,0.467
59.42,31823.2,34626.1,-0.9791,-0.9194,139.0,98.3,0.467
59.44,31882.9,34667.0,-0.6473,-0.8191,139.0,98.3,0.467
59.46,31862.9,34624.5,-0.7583,-0.9235,139.0,98.3,0.467
59.48,31810.2,34624.0,-1.0511,-0.9247,139.0,98.3,0.467
59.5,31692.4,34593.0,-1.7066,-1.0008,139.0,98.3,0.467
59.52,31757.2,34389.1,-1.3461,-1.5013,139.0,98.3,0.467
59.54,31797.1,34533.6,-1.1244,-1.1465,139.0,98.3,0.467
59.56,31874.0,34773.6,-0.6967,-0.5573,139.0,98.3,0.467
59.58,31948.0,35038.9,-0.285,0.0936,139.0,98.3,0.467
59.6,32201.1,35383.7,1.1222,0.94,139.0,98.3,0.467
59.62,32263.6,35636.2,1.4695,1.5598,139.0,98.3,0.467
59.64,32412.5,35733.9,2.2976,1.7995,139.0,98.3,0.467
59.66,32312.5,35666.9,1.7414,1.6351,139.0,98.3,0.467
59.68,32218.3,35564.5,1.218,1.3838,139.0,98.3,0.467
59.7,32205.0,35360.5,1.1438,0.8831,139.0,98.3,0.467
59.72,32074.2,35230.8,0.4166,0.5647,139.0,98.3,0.467
59.74,32047.5,35070.6,0.2678,0.1716,139.0,98.3,0.467
59.76,32005.6,34987.3,0.0353,-0.0329,139.0,98.3,0.467
59.78,32009.6,34974.5,0.0572,-0.0642,139.0,98.3,0.467
59.8,31986.3,34865.9,-0.0725,-0.3309,139.0,98.3,0.467
59.82,31924.3,34855.3,-0.4167,-0.357,139.0,98.3,0.467
59.84,31878.1,34705.1,-0.6739,-0.7257,139.0,98.3,0.467
59.86,31853.3,34646.1,-0.8117,-0.8704,139.0,98.3,0.467
59.88,31836.0,34689.4,-0.908,-0.7641,139.0,98.3,0.467
59.9,31753.3,34588.1,-1.3675,-1.0128,139.0,98.3,0.467
59.92,31677.7,34566.3,-1.788,-1.0663,139.0,98.3,0.467
59.94,31740.9,34499.1,-1.4369,-1.2312,139.0,98.3,0.467
59.96,31787.9,34428.8,-1.1756,-1.4038,139.0,98.3,0.467
59.98,31877.5,34628.4,-0.677,-0.9137,139.0,98.3,0.467
60.0,32037.5,34773.8,0.2127,-0.557,139.0,98.3,0.467
60.02,32041.8,35097.2,0.2366,0.2368,139.0,98.3,0.467
60.04,32268.3,35468.6,1.4955,1.1485,139.0,98.3,0.467
60.06,32317.1,35819.1,1.7672,2.0088,139.0,98.3,0.467
60.08,32288.5,35779.4,1.6082,1.9113,139.0,98.3,0.467
60.1,32345.3,35665.1,1.9238,1.6308,139.0,98.3,0.467
60.12,32193.8,35443.3,1.0818,1.0862,139.0,98.3,0.467
60.14,32184.0,35248.3,1.0269,0.6076,139.0,98.3,0.467
60.16,32091.6,35122.0,0.5134,0.2976,139.0,98.3,0.467
60.18,32031.5,35045.3,0.1791,0.1094,139.0,98.3,0.467
60.2,31989.6,34979.4,-0.0537,-0.0522,139.0,98.3,0.467
60.22,31906.2,34898.4,-0.5178,-0.2511,139.0,98.3,0.467
60.24,31963.8,34771.2,-0.1971,-0.5632,139.0,98.3,0.467
60.26,31917.2,34750.5,-0.4564,-0.6143,139.0,98.3,0.467
60.28,31879.0,34606.7,-0.6689,-0.9671,139.0,98.3,0.467
60.3,31819.8,34649.4,-0.9979,-0.8624,139.0,98.3,0.467
60.32,31831.0,34658.3,-0.9356,-0.8405,139.0,98.3,0.467
60.34,31790.7,34587.8,-1.16,-1.0135,139.0,98.3,0.467
60.36,31731.3,34515.5,-1.49,-1.191,139.0,98.3,0.467
60.38,31774.6,34498.5,-1.2496,-1.2327,139.0,98.3,0.467
60.4,31849.9,34548.2,-0.8308,-1.1106,139.0,98.3,0.467
60.42,31895.1,34719.1,-0.5792,-0.6912,139.0,98.3,0.467
60.44,31995.2,35032.8,-0.0224,0.0787,139.0,98.3,0.467
60.46,32136.8,35341.7,0.7645,0.837,139.0,98.3,0.467
60.48,32305.0,35682.3,1.6998,1.6729,139.0,98.3,0.467
60.5,32384.1,35733.8,2.1396,1.7995,139.0,98.3,0.467
60.52,32341.9,35798.5,1.9049,1.9582,139.0,98.3,0.467
60.54,32209.4,35546.1,1.1684,1.3387,139.0,98.3,0.467
60.56,32113.3,35418.9,0.6342,1.0265,139.0,98.3,0.467
60.58,32179.2,35237.1,1.0004,0.5802,139.0,98.3,0.467
60.6,32061.0,35110.7,0.3431,0.2699,139.0,98.3,0.467
60.62,32050.9,35117.8,0.2872,0.2873,139.0,98.3,0.467
60.64,31977.6,34963.2,-0.1203,-0.092,139.0,98.3,0.467
60.66,31917.4,34948.5,-0.4551,-0.1282,139.0,98.3,0.467
60.68,31884.8,34836.7,-0.6364,-0.4027,139.0,98.3,0.467
60.7,31878.9,34743.3,-0.6692,-0.6317,139.0,98.3,0.467
60.72,31808.4,34634.4,-1.0615,-0.8991,139.0,98.3,0.467
60.74,31871.1,34700.5,-0.7127,-0.737,139.0,98.3,0.467
60.76,31757.3,34593.5,-1.3457,-0.9995,139.0,98.3,0.467
60.78,31807.4,34577.2,-1.0672,-1.0395,139.0,98.3,0.467
60.8,31804.2,34510.3,-1.0848,-1.2036,139.0,98.3,0.467
60.82,31759.2,34499.8,-1.3349,-1.2294,139.0,98.3,0.467
60.84,31840.1,34519.6,-0.8854,-1.1809,139.0,98.3,0.467
60.86,31823.6,34875.7,-0.977,-0.3067,139.0,98.3,0.467
60.88,32039.2,35058.1,0.2217,0.141,139.0,98.3,0.467
60.9,32164.8,35462.3,0.9201,1.133,139.0,98.3,0.467
60.92,32284.9,35699.2,1.588,1.7145,139.0,98.3,0.467
60.94,32355.8,35829.9,1.9821,2.0354,139.0,98.3,0.467
60.96,32255.8,35662.3,1.4261,1.6238,139.0,98.3,0.467
60.98,32168.3,35483.5,0.9398,1.1851,139.0,98.3,0.467
61.0,32091.7,35314.5,0.514,0.7703,139.0,98.3,0.467
61.02,32072.7,35143.1,0.4083,0.3494,139.0,98.3,0.467
61.04,32033.5,35142.3,0.1904,0.3477,139.0,98.3,0.467
61.06,32072.9,35041.8,0.4094,0.1009,139.0,98.3,0.467
61.08,31954.0,34931.4,-0.252,-0.1702,139.0,98.3,0.467
61.1,31970.0,34907.5,-0.1631,-0.2288,139.0,98.3,0.467
61.12,31807.8,34799.3,-1.0649,-0.4944,139.0,98.3,0.467
61.14,31968.0,34687.8,-0.1737,-0.768,139.0,98.3,0.467
61.16,31900.1,34685.5,-0.5513,-0.7736,139.0,98.3,0.467
61.18,31924.6,34624.7,-0.4152,-0.923,139.0,98.3,0.467
61.2,31789.5,34709.6,-1.1666,-0.7144,139.0,98.3,0.467
61.22,31805.6,34508.4,-1.0768,-1.2084,139.0,98.3,0.467
61.24,31715.6,34557.9,-1.5775,-1.0868,139.0,98.3,0.467
61.26,31827.9,34427.0,-0.9528,-1.4083,139.0,98.3,0.467
61.28,31826.1,34543.5,-0.963,-1.1223,139.0,98.3,0.467
61.3,32008.8,34944.0,0.0531,-0.1391,139.0,98.3,0.467
61.32,32110.6,35251.6,0.6189,0.6159,139.0,98.3,0.467
61.34,32197.4,35602.0,1.1016,1.4759,139.0,98.3,0.467
61.36,32253.1,35774.9,1.4112,1.9004,139.0,98.3,0.467
61.38,32374.5,35714.4,2.0863,1.7517,139.0,98.3,0.467
61.4,32266.7,35546.8,1.4871,1.3404,139.0,98.3,0.467
61.42,32174.4,35419.6,0.9736,1.0282,139.0,98.3,0.467
61.44,32092.0,35292.7,0.5158,0.7168,139.0,98.3,0.467
61.46,32138.7,35154.5,0.775,0.3776,139.0,98.3,0.467
61.48,32011.3,35227.2,0.0667,0.5559,139.0,98.3,0.467
61.5,32113.7,35003.1,0.6359,0.0058,139.0,98.3,0.467
61.52,31992.3,34871.0,-0.039,-0.3183,139.0,98.3,0.467
61.54,31894.1,34838.0,-0.5851,-0.3994,139.0,98.3,0.467
61.56,31883.6,34773.8,-0.6432,-0.557,139.0,98.3,0.467
61.58,31917.8,34704.1,-0.453,-0.7279,139.0,98.3,0.467
61.6,31771.4,34623.1,-1.2673,-0.9268,139.0,98.3,0.467
61.62,31756.8,34659.0,-1.3485,-0.8388,139.0,98.3,0.467
61.64,31768.8,34578.3,-1.2815,-1.0368,139.0,98.3,0.467
61.66,31781.9,34434.1,-1.2087,-1.3908,139.0,98.3,0.467
61.68,31769.1,34417.7,-1.2799,-1.4311,139.0,98.3,0.467
61.7,31811.5,34514.6,-1.0443,-1.1932,139.0,98.3,0.467
61.72,31828.4,34765.6,-0.9504,-0.577,139.0,98.3,0.467
61.74,31999.8,35021.4,0.0027,0.0509,139.0,98.3,0.467
61.76,32162.5,35459.7,0.9076,1.1266,139.0,98.3,0.467
61.78,32284.2,35666.0,1.584,1.6329,139.0,98.3,0.467
61.8,32381.3,35659.0,2.1239,1.6158,139.0,98.3,0.467
61.82,32286.7,35699.3,1.5981,1.7147,139.0,98.3,0.467
61.84,32255.9,35529.0,1.4269,1.2967,139.0,98.3,0.467
61.86,32046.0,35305.4,0.26,0.7478,139.0,98.3,0.467
61.88,32094.9,35118.9,0.5315,0.2901,139.0,98.3,0.467
61.9,32022.2,35141.7,0.1272,0.3461,139.0,98.3,0.467
61.92,32094.3,35074.3,0.5283,0.1807,139.0,98.3,0.467
61.94,32008.0,35002.6,0.0482,0.0046,139.0,98.3,0.467
61.96,31938.4,34978.2,-0.3386,-0.0552,139.0,98.3,0.467
61.98,32016.3,34861.9,0.0948,-0.3407,139.0,98.3,0.467
62.0,31775.6,34741.2,-1.244,-0.637,139.0,98.3,0.467
62.02,31965.7,34690.0,-0.1866,-0.7626,139.0,98.3,0.467
62.04,31878.9,34712.5,-0.6697,-0.7073,139.0,98.3,0.467
62.06,31820.4,34518.4,-0.9948,-1.1837,139.0,98.3,0.467
62.08,31785.3,34703.8,-1.19,-0.7289,139.0,98.3,0.467
62.1,31774.9,34515.1,-1.2478,-1.1919,139.0,98.3,0.467
62.12,31735.3,34495.7,-1.4681,-1.2397,139.0,98.3,0.467
62.14,31835.3,34540.4,-0.9116,-1.1298,139.0,98.3,0.467
62.16,31931.5,34808.7,-0.3769,-0.4712,139.0,98.3,0.467
62.18,32095.2,35149.7,0.5331,0.3656,139.0,98.3,0.467
62.2,32163.5,35523.3,0.9133,1.2826,139.0,98.3,0.467
62.22,32301.0,35753.0,1.6777,1.8466,139.0,98.3,0.467
62.24,32317.5,35721.7,1.7695,1.7698,139.0,98.3,0.467
62.26,32284.3,35561.4,1.5848,1.3763,139.0,98.3,0.467
62.28,32144.2,35491.2,0.8056,1.204,139.0,98.3,0.467
62.3,32077.5,35291.8,0.4347,0.7146,139.0,98.3,0.467
62.32,32114.6,35044.9,0.6414,0.1084,139.0,98.3,0.467
62.34,32076.6,34988.7,0.4301,-0.0294,139.0,98.3,0.467
62.36,32068.3,35010.4,0.3839,0.0239,139.0,98.3,0.467
62.38,31981.5,34990.5,-0.0991,-0.0251,139.0,98.3,0.467
62.4,31883.9,34852.7,-0.6414,-0.3632,139.0,98.3,0.467
62.42,31971.2,34804.7,-0.1563,-0.4811,139.0,98.3,0.467
62.44,31884.5,34735.0,-0.6383,-0.6523,139.0,98.3,0.467
62.46,31920.9,34614.4,-0.4359,-0.9482,139.0,98.3,0.467
62.48,31861.6,34593.9,-0.7654,-0.9984,139.0,98.3,0.467
62.5,31869.2,34636.1,-0.7234,-0.8949,139.0,98.3,0.467
62.52,31713.6,34592.9,-1.5888,-1.001,139.0,98.3,0.467
62.54,31829.5,34495.2,-0.944,-1.2407,139.0,98.3,0.467
62.56,31723.0,34449.4,-1.5363,-1.3532,139.0,98.3,0.467
62.58,31811.4,34691.9,-1.0447,-0.758,139.0,98.3,0.467
62.6,32047.2,34954.6,0.2662,-0.1132,139.0,98.3,0.467
62.62,32084.1,35332.7,0.4715,0.815,139.0,98.3,0.467
62.64,32285.3,35629.8,1.5903,1.5442,139.0,98.3,0.467
62.66,32244.0,35764.3,1.3605,1.8743,139.0,98.3,0.467
62.68,32256.3,35795.8,1.4292,1.9515,139.0,98.3,0.467
62.7,32256.6,35659.8,1.4307,1.6178,139.0,98.3,0.467
62.72,32151.1,35317.7,0.844,0.7781,139.0,98.3,0.467
62.74,32087.3,35249.6,0.4895,0.6109,139.0,98.3,0.467
62.76,32110.7,35109.7,0.6193,0.2676,139.0,98.3,0.467
62.78,31994.2,35080.5,-0.028,0.1959,139.0,98.3,0.467
62.8,32081.2,34995.8,0.4553,-0.0119,139.0,98.3,0.467
62.82,31955.0,34888.7,-0.2462,-0.2748,139.0,98.3,0.467
62.84,31849.4,34755.1,-0.8333,-0.6028,139.0,98.3,0.467
62.86,31901.9,34674.9,-0.5415,-0.7998,139.0,98.3,0.467
62.88,31838.5,34616.0,-0.8939,-0.9444,139.0,98.3,0.467
62.9,31919.0,34662.1,-0.4466,-0.8312,139.0,98.3,0.467
62.92,31914.5,34507.3,-0.4714,-1.211,139.0,98.3,0.467
62.94,31850.2,34647.5,-0.829,-0.8669,139.0,98.3,0.467
62.96,31773.8,34510.5,-1.2537,-1.2032,139.0,98.3,0.467
62.98,31764.3,34501.8,-1.3066,-1.2245,139.0,98.3,0.467
63.0,31792.4,34601.9,-1.1504,-0.9789,139.0,98.3,0.467
63.02,31888.5,34783.5,-0.6159,-0.5333,139.0,98.3,0.467
63.04,31991.8,35269.4,-0.0418,0.6595,139.0,98.3,0.467
63.06,32251.7,35394.6,1.4033,0.9669,139.0,98.3,0.467
63.08,32337.3,35681.5,1.8797,1.671,139.0,98.3,0.467
63.1,32460.0,35756.8,2.5616,1.8559,139.0,98.3,0.467
63.12,32309.9,35654.6,1.7269,1.605,139.0,98.3,0.467
63.14,32156.1,35481.3,0.8721,1.1796,139.0,98.3,0.467
63.16,32174.1,35272.7,0.9722,0.6676,139.0,98.3,0.467
63.18,32010.6,35160.7,0.0631,0.3927,139.0,98.3,0.467
63.2,31998.6,35024.1,-0.0036,0.0575,139.0,98.3,0.467
63.22,31965.6,35067.6,-0.1873,0.1643,139.0,98.3,0.467
63.24,32030.6,34887.6,0.1743,-0.2776,139.0,98.3,0.467
63.26,31977.1,34842.0,-0.1231,-0.3894,139.0,98.3,0.467
63.28,31912.1,34851.8,-0.4846,-0.3656,139.0,98.3,0.467
63.3,31896.5,34682.9,-0.5716,-0.7802,139.0,98.3,0.467
63.32,31876.2,34660.3,-0.6847,-0.8356,139.0,98.3,0.467
63.34,31796.5,34657.5,-1.1273,-0.8424,139.0,98.3,0.467
63.36,31851.3,34607.5,-0.823,-0.9651,139.0,98.3,0.467
63.38,31774.7,34601.8,-1.2489,-0.9792,139.0,98.3,0.467
63.4,31708.3,34453.7,-1.6179,-1.3427,139.0,98.3,0.467
63.42,31719.1,34503.9,-1.5578,-1.2193,139.0,98.3,0.467
63.44,31931.2,34645.1,-0.3787,-0.8728,139.0,98.3,0.467
63.46,32081.6,34976.9,0.4578,-0.0583,139.0,98.3,0.467
63.48,32086.3,35323.3,0.4836,0.7918,139.0,98.3,0.467
63.5,32231.2,35645.8,1.2896,1.5833,139.0,98.3,0.467
63.52,32310.5,35648.0,1.7302,1.5887,139.0,98.3,0.467
63.54,32279.1,35720.7,1.5558,1.7673,139.0,98.3,0.467
63.56,32242.9,35505.6,1.3544,1.2393,139.0,98.3,0.467
63.58,32110.1,35248.1,0.616,0.6073,139.0,98.3,0.467
63.6,32174.8,35186.2,0.9758,0.4552,139.0,98.3,0.467
63.62,32023.8,35099.4,0.1363,0.2422,139.0,98.3,0.467
63.64,32074.3,35096.1,0.417,0.2341,139.0,98.3,0.467
63.66,32058.7,35047.3,0.3303,0.1143,139.0,98.3,0.467
63.68,31943.5,34907.1,-0.3102,-0.2296,139.0,98.3,0.467
63.7,31919.9,34845.4,-0.4413,-0.3813,139.0,98.3,0.467
63.72,31877.0,34753.5,-0.6801,-0.6068,139.0,98.3,0.467
63.74,31914.0,34671.5,-0.4742,-0.808,139.0,98.3,0.467
63.76,31935.6,34643.8,-0.354,-0.876,139.0,98.3,0.467
63.78,31940.2,34636.4,-0.3283,-0.8942,139.0,98.3,0.467
63.8,31794.8,34549.7,-1.1368,-1.107,139.0,98.3,0.467
63.82,31777.8,34463.3,-1.2314,-1.3192,139.0,98.3,0.467
63.84,31787.7,34451.4,-1.1765,-1.3482,139.0,98.3,0.467
63.86,31683.5,34504.0,-1.7558,-1.2193,139.0,98.3,0.467
63.88,31902.7,34717.3,-0.5371,-0.6956,139.0,98.3,0.467
63.9,31951.8,35010.6,-0.2643,0.0242,139.0,98.3,0.467
63.92,32104.9,35435.4,0.5875,1.0669,139.0,98.3,0.467
63.94,32303.0,35760.3,1.6886,1.8644,139.0,98.3,0.467
63.96,32294.0,35745.3,1.6389,1.8276,139.0,98.3,0.467
63.98,32200.8,35782.6,1.1203,1.9191,139.0,98.3,0.467
64.0,32150.6,35595.3,0.8416,1.4595,139.0,98.3,0.467
64.02,32061.1,35379.2,0.3438,0.929,139.0,98.3,0.467
64.04,32084.4,35155.9,0.4734,0.381,139.0,98.3,0.467
64.06,32016.3,35156.3,0.0948,0.382,139.0,98.3,0.467
64.08,32049.7,35169.6,0.2802,0.4145,139.0,98.3,0.467
64.1,32011.0,34931.2,0.065,-0.1705,139.0,98.3,0.467
64.12,31886.0,34850.8,-0.6299,-0.3678,139.0,98.3,0.467
64.14,31935.7,34726.2,-0.3535,-0.6739,139.0,98.3,0.467
64.16,31887.1,34672.1,-0.6235,-0.8065,139.0,98.3,0.467
64.18,31805.7,34646.9,-1.0763,-0.8684,139.0,98.3,0.467
64.2,31851.7,34762.2,-0.8207,-0.5854,139.0,98.3,0.467
64.22,31815.2,34634.6,-1.0234,-0.8985,139.0,98.3,0.467
64.24,31757.8,34532.4,-1.3429,-1.1495,139.0,98.3,0.467
64.26,31717.6,34476.2,-1.5665,-1.2874,139.0,98.3,0.467
64.28,31823.6,34412.6,-0.9768,-1.4436,139.0,98.3,0.467
64.3,31891.1,34589.1,-0.6017,-1.0102,139.0,98.3,0.467
64.32,32013.6,34868.2,0.0793,-0.3253,139.0,98.3,0.467
64.34,32085.4,35134.6,0.4787,0.3286,139.0,98.3,0.467
64.36,32143.4,35590.1,0.801,1.4467,139.0,98.3,0.467
64.38,32304.1,35714.1,1.6949,1.751,139.0,98.3,0.467
64.4,32326.0,35678.4,1.8164,1.6635,139.0,98.3,0.467
64.42,32303.6,35657.2,1.6923,1.6114,139.0,98.3,0.467
64.44,32168.1,35406.4,0.9386,0.9958,139.0,98.3,0.467
64.46,32122.1,35216.0,0.683,0.5284,139.0,98.3,0.467
64.48,32137.0,35081.2,0.7658,0.1975,139.0,98.3,0.467
64.5,32004.2,35107.5,0.0274,0.262,139.0,98.3,0.467
64.52,32052.7,35030.1,0.297,0.0722,139.0,98.3,0.467
64.54,32008.4,34931.0,0.0505,-0.1712,139.0,98.3,0.467
64.56,31931.8,34840.8,-0.3754,-0.3926,139.0,98.3,0.467
64.58,31791.5,34805.7,-1.1555,-0.4786,139.0,98.3,0.467
64.6,31710.9,34678.5,-1.6035,-0.7909,139.0,98.3,0.467
64.62,31914.0,34624.7,-0.4743,-0.923,139.0,98.3,0.467
64.64,31886.1,34632.8,-0.6296,-0.903,139.0,98.3,0.467
64.66,31808.3,34545.9,-1.0622,-1.1164,139.0,98.3,0.467
64.68,31795.1,34533.1,-1.1355,-1.1477,139.0,98.3,0.467
64.7,31755.7,34478.4,-1.3545,-1.2819,139.0,98.3,0.467
64.72,31837.4,34542.2,-0.9003,-1.1254,139.0,98.3,0.467
64.74,31853.5,34606.5,-0.8107,-0.9675,139.0,98.3,0.467
64.76,31953.1,34974.2,-0.2566,-0.065,139.0,98.3,0.467
64.78,32291.4,35309.1,1.6243,0.757,139.0,98.3,0.467
64.8,32229.6,35601.5,1.2809,1.4746,139.0,98.3,0.467
64.82,32365.5,35761.4,2.0361,1.867,139.0,98.3,0.467
64.84,32363.6,35671.6,2.0259,1.6466,139.0,98.3,0.467
64.86,32175.0,35483.2,0.9769,1.1843,139.0,98.3,0.467
64.88,32148.2,35396.1,0.8278,0.9705,139.0,98.3,0.467
64.9,32035.7,35195.8,0.2026,0.4789,139.0,98.3,0.467
64.92,32024.7,35144.4,0.1413,0.3526,139.0,98.3,0.467
64.94,32043.0,35045.7,0.243,0.1103,139.0,98.3,0.467
64.96,32034.4,35060.6,0.1951,0.1471,139.0,98.3,0.467
64.98,31967.6,34858.6,-0.1763,-0.3489,139.0,98.3,0.467
65.0,31932.8,34796.5,-0.3696,-0.5011,139.0,98.3,0.467
65.02,31847.6,34746.3,-0.8434,-0.6244,139.0,98.3,0.467
65.04,31944.6,34729.5,-0.3041,-0.6658,139.0,98.3,0.467
65.06,31916.4,34587.0,-0.4606,-1.0154,139.0,98.3,0.467
65.08,31835.1,34597.8,-0.9132,-0.9889,139.0,98.3,0.467
65.1,31753.7,34613.5,-1.3654,-0.9504,139.0,98.3,0.467
65.12,31705.7,34499.8,-1.6325,-1.2296,139.0,98.3,0.467
65.14,31736.6,34376.6,-1.4606,-1.532,139.0,98.3,0.467
65.16,31771.5,34600.8,-1.2668,-0.9815,139.0,98.3,0.467
65.18,31933.1,34928.4,-0.3679,-0.1775,139.0,98.3,0.467
65.2,32021.9,35203.7,0.1259,0.4984,139.0,98.3,0.467
65.22,32237.9,35456.5,1.3268,1.1188,139.0,98.3,0.467
65.24,32329.9,35891.8,1.8384,2.1873,139.0,98.3,0.467
65.26,32322.7,35719.7,1.7981,1.7649,139.0,98.3,0.467
65.28,32218.2,35666.3,1.2172,1.6336,139.0,98.3,0.467
65.3,32167.0,35434.1,0.9325,1.0639,139.0,98.3,0.467
65.32,32118.6,35333.4,0.6633,0.8167,139.0,98.3,0.467
65.34,32070.3,35063.0,0.3951,0.153,139.0,98.3,0.467
65.36,31985.6,35030.3,-0.0762,0.0727,139.0,98.3,0.467
65.38,32059.9,35014.7,0.337,0.0342,139.0,98.3,0.467
65.4,31937.4,34983.1,-0.3439,-0.0432,139.0,98.3,0.467
65.42,31942.8,34823.5,-0.3142,-0.435,139.0,98.3,0.467
65.44,31934.9,34751.2,-0.3578,-0.6125,139.0,98.3,0.467
65.46,31892.4,34711.0,-0.5945,-0.7112,139.0,98.3,0.467
65.48,31775.3,34579.7,-1.2457,-1.0333,139.0,98.3,0.467
65.5,31979.9,34730.3,-0.1078,-0.6637,139.0,98.3,0.467
65.52,31851.4,34646.2,-0.8225,-0.8702,139.0,98.3,0.467
65.54,31833.3,34622.5,-0.9231,-0.9283,139.0,98.3,0.467
65.56,31691.6,34395.0,-1.7107,-1.4867,139.0,98.3,0.467
65.58,31774.7,34439.5,-1.2486,-1.3775,139.0,98.3,0.467
65.6,31911.4,34576.3,-0.4884,-1.0417,139.0,98.3,0.467
65.62,31996.0,34892.9,-0.0184,-0.2647,139.0,98.3,0.467
65.64,32137.2,35276.3,0.767,0.6765,139.0,98.3,0.467
65.66,32274.8,35582.3,1.532,1.4276,139.0,98.3,0.467
65.68,32347.6,35801.8,1.9368,1.9663,139.0,98.3,0.467
65.7,32263.5,35698.6,1.469,1.713,139.0,98.3,0.467
65.72,32222.1,35539.2,1.2392,1.3218,139.0,98.3,0.467
65.74,32256.3,35309.8,1.4293,0.7587,139.0,98.3,0.467
65.76,32110.8,35113.0,0.6203,0.2756,139.0,98.3,0.467
65.78,32024.7,35183.5,0.1412,0.4486,139.0,98.3,0.467
65.8,32056.8,35083.7,0.3196,0.2038,139.0,98.3,0.467
65.82,31989.0,35008.4,-0.0574,0.0188,139.0,98.3,0.467
65.84,31915.3,34871.6,-0.4669,-0.317,139.0,98.3,0.467
65.86,31917.0,34820.9,-0.4578,-0.4414,139.0,98.3,0.467
65.88,31881.5,34703.6,-0.6549,-0.7293,139.0,98.3,0.467
65.9,31949.9,34647.7,-0.2748,-0.8664,139.0,98.3,0.467
65.92,31917.8,34711.3,-0.4531,-0.7104,139.0,98.3,0.467
65.94,31872.0,34665.9,-0.7077,-0.8217,139.0,98.3,0.467
65.96,31802.5,34593.8,-1.0943,-0.9987,139.0,98.3,0.467
65.98,31783.3,34397.4,-1.2011,-1.4809,139.0,98.3,0.467
66.0,31754.1,34436.5,-1.3631,-1.385,139.0,98.3,0.467
66.02,31756.1,34552.4,-1.3524,-1.1003,139.0,98.3,0.467
66.04,31857.1,34846.3,-0.7906,-0.379,139.0,98.3,0.467
66.06,31968.7,35127.7,-0.1702,0.3116,139.0,98.3,0.467
66.08,32187.1,35427.8,1.0443,1.0482,139.0,98.3,0.467
66.1,32260.8,35664.2,1.4541,1.6286,139.0,98.3,0.467
66.12,32312.9,35725.3,1.7439,1.7785,139.0,98.3,0.467
66.14,32231.7,35665.5,1.2926,1.6318,139.0,98.3,0.467
66.16,32248.3,35636.7,1.3848,1.561,139.0,98.3,0.467
66.18,32162.9,35232.3,0.91,0.5683,139.0,98.3,0.467
66.2,32081.4,35168.6,0.4564,0.4122,139.0,98.3,0.467
66.22,32086.5,35119.7,0.4849,0.292,139.0,98.3,0.467
66.24,32091.4,35032.2,0.5119,0.0772,139.0,98.3,0.467
66.26,31970.1,34885.1,-0.1625,-0.2839,139.0,98.3,0.467
66.28,31872.0,34950.8,-0.7075,-0.1225,139.0,98.3,0.467
66.3,31923.5,34806.3,-0.4216,-0.4771,139.0,98.3,0.467
66.32,31877.3,34703.1,-0.6782,-0.7305,139.0,98.3,0.467
66.34,31836.1,34625.1,-0.9074,-0.9218,139.0,98.3,0.467
66.36,31882.1,34679.0,-0.6518,-0.7897,139.0,98.3,0.467
66.38,31874.6,34654.9,-0.6932,-0.8489,139.0,98.3,0.467
66.4,31849.3,34444.2,-0.8342,-1.366,139.0,98.3,0.467
66.42,31800.9,34540.7,-1.1034,-1.129,139.0,98.3,0.467
66.44,31774.4,34501.3,-1.2502,-1.2258,139.0,98.3,0.467
66.46,31803.7,34588.0,-1.0877,-1.0129,139.0,98.3,0.467
66.48,32064.6,34873.6,0.3629,-0.312,139.0,98.3,0.467
66.5,32187.6,35203.8,1.0473,0.4985,139.0,98.3,0.467
66.52,32234.8,35633.3,1.3094,1.5527,139.0,98.3,0.467
66.54,32326.1,35710.1,1.8173,1.7411,139.0,98.3,0.467
66.56,32307.9,35755.7,1.7161,1.8533,139.0,98.3,0.467
66.58,32264.9,35568.6,1.4771,1.3938,139.0,98.3,0.467
66.6,32127.0,35381.8,0.7103,0.9353,139.0,98.3,0.467
66.62,32064.9,35268.8,0.365,0.6581,139.0,98.3,0.467
66.64,31995.0,35046.8,-0.0237,0.113,139.0,98.3,0.467
66.66,31990.7,35026.1,-0.0478,0.0623,139.0,98.3,0.467
66.68,32029.7,35048.4,0.1689,0.1171,139.0,98.3,0.467
66.7,32055.7,34888.6,0.3137,-0.2752,139.0,98.3,0.467
66.72,31908.8,34882.7,-0.5034,-0.2896,139.0,98.3,0.467
66.74,31932.6,34739.0,-0.3709,-0.6423,139.0,98.3,0.467
66.76,31901.2,34695.4,-0.5456,-0.7493,139.0,98.3,0.467
66.78,31889.1,34700.3,-0.6129,-0.7374,139.0,98.3,0.467
66.8,31818.8,34620.8,-1.0036,-0.9326,139.0,98.3,0.467
66.82,31876.6,34474.2,-0.6822,-1.2923,139.0,98.3,0.467
66.84,31810.5,34421.3,-1.0497,-1.4222,139.0,98.3,0.467
66.86,31712.7,34361.4,-1.5937,-1.5691,139.0,98.3,0.467
66.88,31853.1,34511.4,-0.813,-1.2009,139.0,98.3,0.467
66.9,31810.1,34684.3,-1.052,-0.7766,139.0,98.3,0.467
66.92,31961.6,34978.7,-0.2097,-0.0541,139.0,98.3,0.467
66.94,32186.6,35293.3,1.0415,0.7182,139.0,98.3,0.467
66.96,32219.5,35630.1,1.2244,1.5449,139.0,98.3,0.467
66.98,32372.5,35777.8,2.0754,1.9073,139.0,98.3,0.467
67.0,32282.3,35765.2,1.5737,1.8765,139.0,98.3,0.467
67.02,32173.3,35526.6,0.9677,1.2909,139.0,98.3,0.467
67.04,32226.6,35347.6,1.2637,0.8514,139.0,98.3,0.467
67.06,32058.6,35184.9,0.3296,0.452,139.0,98.3,0.467
67.08,32159.7,35219.6,0.8922,0.5373,139.0,98.3,0.467
67.1,32023.5,35075.3,0.1345,0.1832,139.0,98.3,0.467
67.12,31997.0,35072.9,-0.0129,0.1771,139.0,98.3,0.467
67.14,31956.0,34904.9,-0.2409,-0.2351,139.0,98.3,0.467
67.16,31924.4,34870.4,-0.4162,-0.3198,139.0,98.3,0.467
67.18,31816.9,34734.4,-1.014,-0.6536,139.0,98.3,0.467
67.2,31822.5,34597.0,-0.9828,-0.9909,139.0,98.3,0.467
67.22,31814.0,34696.2,-1.0303,-0.7473,139.0,98.3,0.467
67.24,31914.7,34748.9,-0.4702,-0.6181,139.0,98.3,0.467
67.26,31862.0,34646.5,-0.7634,-0.8693,139.0,98.3,0.467
67.28,31799.0,34498.7,-1.1137,-1.2323,139.0,98.3,0.467
67.3,31815.6,34453.6,-1.0213,-1.3428,139.0,98.3,0.467
67.32,31792.3,34624.8,-1.1506,-0.9228,139.0,98.3,0.467
67.34,31943.7,34815.0,-0.3092,-0.4557,139.0,98.3,0.467
67.36,32093.3,35203.9,0.5227,0.4987,139.0,98.3,0.467
67.38,32171.4,35546.3,0.9571,1.3393,139.0,98.3,0.467
67.4,32279.7,35702.5,1.5593,1.7226,139.0,98.3,0.467
67.42,32343.2,35792.5,1.9123,1.9434,139.0,98.3,0.467
67.44,32312.5,35693.6,1.7415,1.7007,139.0,98.3,0.467
67.46,32192.6,35442.3,1.0746,1.0838,139.0,98.3,0.467
67.48,32074.3,35287.2,0.4169,0.7033,139.0,98.3,0.467
67.5,32031.8,35158.2,0.1806,0.3865,139.0,98.3,0.467
67.52,31992.5,35125.2,-0.0379,0.3055,139.0,98.3,0.467
67.54,32028.0,34957.3,0.1596,-0.1066,139.0,98.3,0.467
67.56,31896.3,34911.2,-0.5728,-0.2197,139.0,98.3,0.467
67.58,31984.6,34841.1,-0.0817,-0.3917,139.0,98.3,0.467
67.6,31871.4,34834.7,-0.7113,-0.4074,139.0,98.3,0.467
67.62,31764.0,34729.5,-1.3081,-0.6657,139.0,98.3,0.467
67.64,31803.2,34616.4,-1.0902,-0.9433,139.0,98.3,0.467
67.66,31870.0,34657.1,-0.719,-0.8433,139.0,98.3,0.467
67.68,31843.0,34593.1,-0.8689,-1.0004,139.0,98.3,0.467
67.7,31756.2,34484.5,-1.3515,-1.267,139.0,98.3,0.467
67.72,31788.7,34400.7,-1.1709,-1.4728,139.0,98.3,0.467
67.74,31732.7,34427.2,-1.4824,-1.4076,139.0,98.3,0.467
67.76,31801.6,34701.1,-1.0991,-0.7353,139.0,98.3,0.467
67.78,31901.7,34865.0,-0.5425,-0.3331,139.0,98.3,0.467
67.8,32118.5,35313.7,0.6627,0.7683,139.0,98.3,0.467
67.82,32296.8,35585.6,1.654,1.4355,139.0,98.3,0.467
67.84,32278.4,35742.1,1.5522,1.8197,139.0,98.3,0.467
67.86,32296.4,35727.5,1.6518,1.7838,139.0,98.3,0.467
67.88,32231.8,35549.1,1.293,1.3461,139.0,98.3,0.467
67.9,32136.2,35364.3,0.7614,0.8923,139.0,98.3,0.467
67.92,32090.0,35170.3,0.5046,0.4163,139.0,98.3,0.467
67.94,32004.1,35135.9,0.027,0.3318,139.0,98.3,0.467
67.96,32053.7,35028.7,0.3023,0.0686,139.0,98.3,0.467
67.98,32043.6,34990.6,0.2462,-0.0249,139.0,98.3,0.467
68.0,31985.1,34893.3,-0.0786,-0.2638,139.0,98.3,0.467
68.02,31934.2,34728.9,-0.3617,-0.6672,139.0,98.3,0.467
68.04,31841.7,34754.4,-0.8762,-0.6046,139.0,98.3,0.467
68.06,31823.4,34646.3,-0.9779,-0.87,139.0,98.3,0.467
68.08,31766.1,34689.0,-1.2968,-0.765,139.0,98.3,0.467
68.1,31809.9,34696.8,-1.0528,-0.7459,139.0,98.3,0.467
68.12,31772.6,34614.5,-1.2602,-0.9479,139.0,98.3,0.467
68.14,31836.2,34536.2,-0.9067,-1.1401,139.0,98.3,0.467
68.16,31796.9,34491.1,-1.1255,-1.2507,139.0,98.3,0.467
68.18,31714.8,34450.4,-1.5817,-1.3506,139.0,98.3,0.467
68.2,31879.4,34839.3,-0.6668,-0.3962,139.0,98.3,0.467
68.22,32041.5,35134.7,0.2347,0.3289,139.0,98.3,0.467
68.24,32242.3,35441.0,1.3512,1.0807,139.0,98.3,0.467
68.26,32270.0,35712.9,1.5052,1.7482,139.0,98.3,0.467
68.28,32402.7,35796.0,2.2431,1.952,139.0,98.3,0.467
68.3,32276.6,35621.2,1.5417,1.5229,139.0,98.3,0.467
68.32,32150.7,35470.3,0.8417,1.1525,139.0,98.3,0.467
68.34,32100.3,35366.8,0.5617,0.8985,139.0,98.3,0.467
68.36,32047.5,35195.0,0.2683,0.477,139.0,98.3,0.467
68.38,31970.5,35063.5,-0.16,0.1541,139.0,98.3,0.467
68.4,32013.2,35068.8,0.0776,0.1672,139.0,98.3,0.467
68.42,31996.8,34996.7,-0.0136,-0.0098,139.0,98.3,0.467
68.44,31902.7,34924.0,-0.5371,-0.1883,139.0,98.3,0.467
68.46,31873.7,34779.7,-0.6982,-0.5424,139.0,98.3,0.467
68.48,31890.2,34703.2,-0.6068,-0.7302,139.0,98.3,0.467
68.5,31957.7,34714.1,-0.2312,-0.7036,139.0,98.3,0.467
68.52,31851.9,34659.4,-0.8193,-0.8378,139.0,98.3,0.467
68.54,31871.7,34637.6,-0.7094,-0.8913,139.0,98.3,0.467
68.56,31811.2,34608.5,-1.0459,-0.9627,139.0,98.3,0.467
68.58,31777.3,34464.0,-1.2342,-1.3174,139.0,98.3,0.467
68.6,31774.9,34575.3,-1.2476,-1.0441,139.0,98.3,0.467
68.62,31779.5,34619.1,-1.222,-0.9367,139.0,98.3,0.467
68.64,32009.0,35018.7,0.0539,0.0441,139.0,98.3,0.467
68.66,32041.2,35272.9,0.2328,0.6681,139.0,98.3,0.467
68.68,32258.5,35636.3,1.4411,1.56,139.0,98.3,0.467
68.7,32352.9,35698.7,1.9661,1.7132,139.0,98.3,0.467
68.72,32374.3,35767.8,2.0853,1.8829,139.0,98.3,0.467
68.74,32383.2,35606.2,2.1347,1.4863,139.0,98.3,0.467
68.76,32052.4,35289.9,0.2952,0.7098,139.0,98.3,0.467
68.78,32070.1,35312.9,0.3935,0.7664,139.0,98.3,0.467
68.8,32000.7,35169.4,0.008,0.4141,139.0,98.3,0.467
68.82,31984.2,35093.2,-0.0838,0.2269,139.0,98.3,0.467
68.84,32000.9,35030.9,0.0088,0.074,139.0,98.3,0.467
68.86,31961.3,34995.4,-0.2112,-0.0129,139.0,98.3,0.467
68.88,31892.7,34882.9,-0.5925,-0.2892,139.0,98.3,0.467
68.9,31900.2,34780.6,-0.5512,-0.5403,139.0,98.3,0.467
68.92,31909.0,34781.8,-0.502,-0.5373,139.0,98.3,0.467
68.94,31838.3,34612.7,-0.8953,-0.9524,139.0,98.3,0.467
68.96,31821.7,34631.2,-0.9873,-0.907,139.0,98.3,0.467
68.98,31786.8,34518.4,-1.1814,-1.1838,139.0,98.3,0.467
69.0,31801.9,34504.2,-1.0977,-1.2187,139.0,98.3,0.467
69.02,31694.0,34474.7,-1.6973,-1.2911,139.0,98.3,0.467
69.04,31812.7,34474.1,-1.0376,-1.2926,139.0,98.3,0.467
69.06,31901.3,34735.0,-0.5447,-0.6523,139.0,98.3,0.467
69.08,32164.3,35083.3,0.9174,0.2027,139.0,98.3,0.467
69.1,32199.6,35441.7,1.1136,1.0823,139.0,98.3,0.467
69.12,32313.6,35653.2,1.7477,1.6015,139.0,98.3,0.467
69.14,32312.1,35798.6,1.7394,1.9585,139.0,98.3,0.467
69.16,32308.3,35679.9,1.718,1.6672,139.0,98.3,0.467
69.18,32148.0,35520.1,0.8268,1.2748,139.0,98.3,0.467
69.2,32183.7,35343.0,1.0254,0.8403,139.0,98.3,0.467
69.22,32080.6,35190.4,0.4519,0.4655,139.0,98.3,0.467
69.24,32098.0,35106.3,0.5491,0.2592,139.0,98.3,0.467
69.26,32173.0,35116.5,0.966,0.2842,139.0,98.3,0.467
69.28,31990.6,35007.7,-0.0482,0.0172,139.0,98.3,0.467
69.3,31982.1,34921.8,-0.0953,-0.1938,139.0,98.3,0.467
69.32,31896.5,34804.8,-0.5717,-0.4808,139.0,98.3,0.467
69.34,31870.7,34668.2,-0.7149,-0.816,139.0,98.3,0.467
69.36,31903.2,34635.3,-0.5345,-0.897,139.0,98.3,0.467
69.38,31803.6,34743.3,-1.0881,-0.6319,139.0,98.3,0.467
69.4,31954.8,34606.0,-0.2471,-0.9688,139.0,98.3,0.467
69.42,31912.1,34534.4,-0.4846,-1.1447,139.0,98.3,0.467
69.44,31798.0,34429.6,-1.1194,-1.4019,139.0,98.3,0.467
69.46,31808.5,34474.7,-1.061,-1.291,139.0,98.3,0.467
69.48,31886.9,34596.5,-0.625,-0.9922,139.0,98.3,0.467
69.5,31821.8,34805.0,-0.987,-0.4803,139.0,98.3,0.467
69.52,32089.4,35275.8,0.5009,0.6752,139.0,98.3,0.467
69.54,32319.2,35532.8,1.779,1.306,139.0,98.3,0.467
69.56,32356.4,35704.3,1.9855,1.7271,139.0,98.3,0.467
69.58,32406.2,35859.3,2.2627,2.1074,139.0,98.3,0.467
69.6,32206.0,35691.2,1.1496,1.6947,139.0,98.3,0.467
69.62,32098.3,35352.3,0.5507,0.863,139.0,98.3,0.467
69.64,32074.8,35315.3,0.4197,0.7722,139.0,98.3,0.467
69.66,32132.1,35087.2,0.7384,0.2124,139.0,98.3,0.467
69.68,32033.7,35099.7,0.1913,0.2429,139.0,98.3,0.467
69.7,32028.7,35143.5,0.1634,0.3505,139.0,98.3,0.467
69.72,31901.8,35026.3,-0.5422,0.0629,139.0,98.3,0.467
69.74,31974.0,34899.8,-0.1406,-0.2477,139.0,98.3,0.467
69.76,31901.1,34727.5,-0.5458,-0.6705,139.0,98.3,0.467
69.78,31882.3,34753.1,-0.6507,-0.6077,139.0,98.3,0.467
69.8,31783.1,34546.2,-1.202,-1.1156,139.0,98.3,0.467
69.82,31901.4,34709.3,-0.5443,-0.7152,139.0,98.3,0.467
69.84,31831.3,34638.5,-0.9341,-0.889,139.0,98.3,0.467
69.86,31745.2,34583.4,-1.4127,-1.0244,139.0,98.3,0.467
69.88,31814.1,34465.9,-1.0299,-1.3127,139.0,98.3,0.467
69.9,31682.2,34514.8,-1.7631,-1.1927,139.0,98.3,0.467
69.92,31903.7,34642.3,-0.5313,-0.8798,139.0,98.3,0.467
69.94,31992.6,34977.9,-0.0371,-0.056,139.0,98.3,0.467
69.96,32050.9,35373.8,0.2868,0.9159,139.0,98.3,0.467
69.98,32234.2,35653.0,1.3061,1.6009,139.0,98.3,0.467
70.0,32408.1,35739.9,2.2734,1.8144,139.0,98.3,0.467
70.02,32268.1,35714.0,1.4949,1.7507,139.0,98.3,0.467
70.04,32290.1,35570.0,1.6171,1.3973,139.0,98.3,0.467
70.06,32072.2,35357.6,0.4052,0.876,139.0,98.3,0.467
70.08,32017.7,35153.8,0.1025,0.3758,139.0,98.3,0.467
70.1,32163.2,35141.3,0.9114,0.345,139.0,98.3,0.467
70.12,32100.5,35133.8,0.5625,0.3268,139.0,98.3,0.467
70.14,31893.6,34952.2,-0.5875,-0.1192,139.0,98.3,0.467
70.16,31958.0,34895.6,-0.2293,-0.2579,139.0,98.3,0.467
70.18,31966.5,34802.2,-0.1823,-0.4873,139.0,98.3,0.467
70.2,31802.5,34701.9,-1.0944,-0.7335,139.0,98.3,0.467
70.22,31918.6,34670.7,-0.4487,-0.8101,139.0,98.3,0.467
70.24,31875.2,34688.5,-0.6898,-0.7663,139.0,98.3,0.467
70.26,31859.8,34571.5,-0.7754,-1.0535,139.0,98.3,0.467
70.28,31838.1,34611.7,-0.896,-0.9549,139.0,98.3,0.467
70.3,31744.5,34465.4,-1.4168,-1.3138,139.0,98.3,0.467
70.32,31832.4,34457.6,-0.9278,-1.333,139.0,98.3,0.467
70.34,31783.0,34501.3,-1.2028,-1.2257,139.0,98.3,0.467
70.36,31844.1,34765.6,-0.8631,-0.5771,139.0,98.3,0.467
70.38,31981.7,35180.4,-0.0976,0.4409,139.0,98.3,0.467
70.4,32239.6,35395.4,1.3362,0.9688,139.0,98.3,0.467
70.42,32325.6,35642.3,1.8146,1.5749,139.0,98.3,0.467
70.44,32194.0,35690.2,1.0825,1.6924,139.0,98.3,0.467
70.46,32250.3,35633.4,1.3959,1.5529,139.0,98.3,0.467
70.48,32262.7,35431.1,1.4648,1.0565,139.0,98.3,0.467
70.5,32060.6,35264.7,0.3408,0.648,139.0,98.3,0.467
70.52,32044.5,35219.3,0.2513,0.5365,139.0,98.3,0.467
70.54,32064.6,35147.4,0.363,0.3599,139.0,98.3,0.467
70.56,32038.0,35062.8,0.2152,0.1523,139.0,98.3,0.467
70.58,32014.9,35044.5,0.0866,0.1074,139.0,98.3,0.467
70.6,31927.4,34966.0,-0.4,-0.0852,139.0,98.3,0.467
70.62,31912.9,34798.7,-0.4803,-0.4957,139.0,98.3,0.467
70.64,31912.0,34603.4,-0.4856,-0.9753,139.0,98.3,0.467
70.66,31940.1,34717.1,-0.329,-0.6962,139.0,98.3,0.467
70.68,31757.2,34757.7,-1.3462,-0.5966,139.0,98.3,0.467
70.7,31849.8,34608.8,-0.8312,-0.962,139.0,98.3,0.467
70.72,31794.2,34521.4,-1.1404,-1.1765,139.0,98.3,0.467
70.74,31704.9,34480.5,-1.637,-1.2768,139.0,98.3,0.467
70.76,31769.8,34454.6,-1.2763,-1.3405,139.0,98.3,0.467
70.78,31841.2,34600.8,-0.8792,-0.9815,139.0,98.3,0.467
70.8,31986.2,34875.5,-0.073,-0.3073,139.0,98.3,0.467
70.82,32095.5,35188.2,0.5352,0.4601,139.0,98.3,0.467
70.84,32238.8,35477.4,1.3317,1.1699,139.0,98.3,0.467
70.86,32295.0,35693.5,1.6443,1.7006,139.0,98.3,0.467
70.88,32389.0,35703.6,2.1669,1.7253,139.0,98.3,0.467
70.9,32224.3,35550.1,1.2513,1.3484,139.0,98.3,0.467
70.92,32188.7,35388.1,1.0532,0.9509,139.0,98.3,0.467
70.94,32013.6,35294.9,0.0797,0.7221,139.0,98.3,0.467
70.96,32111.4,35097.4,0.6234,0.2373,139.0,98.3,0.467
70.98,32001.6,35034.1,0.0131,0.0821,139.0,98.3,0.467
71.0,32035.6,35007.0,0.202,0.0155,139.0,98.3,0.467
71.02,32029.1,34940.4,0.1658,-0.1481,139.0,98.3,0.467
71.04,31889.6,34884.1,-0.6102,-0.2863,139.0,98.3,0.467
71.06,31911.4,34772.2,-0.4887,-0.561,139.0,98.3,0.467
71.08,31976.7,34710.5,-0.1254,-0.7123,139.0,98.3,0.467
71.1,31944.3,34624.2,-0.3059,-0.9241,139.0,98.3,0.467
71.12,31833.1,34609.8,-0.924,-0.9594,139.0,98.3,0.467
71.14,31775.5,34568.0,-1.2441,-1.062,139.0,98.3,0.467
71.16,31716.5,34493.9,-1.5724,-1.244,139.0,98.3,0.467
71.18,31709.1,34447.2,-1.6132,-1.3587,139.0,98.3,0.467
71.2,31797.2,34517.4,-1.1234,-1.1862,139.0,98.3,0.467
71.22,31886.3,34801.1,-0.6284,-0.4899,139.0,98.3,0.467
71.24,32013.5,35058.3,0.0793,0.1414,139.0,98.3,0.467
71.26,32144.1,35425.5,0.8051,1.0427,139.0,98.3,0.467
71.28,32297.4,35601.0,1.6576,1.4734,139.0,98.3,0.467
71.3,32249.3,35767.4,1.3904,1.8819,139.0,98.3,0.467
71.32,32209.1,35621.8,1.1667,1.5246,139.0,98.3,0.467
71.34,32242.1,35522.9,1.3503,1.2817,139.0,98.3,0.467
71.36,32045.0,35301.4,0.2539,0.7382,139.0,98.3,0.467
71.38,32111.3,35177.7,0.623,0.4344,139.0,98.3,0.467
71.4,32015.5,35119.0,0.09,0.2904,139.0,98.3,0.467
71.42,32061.4,35018.3,0.3455,0.0432,139.0,98.3,0.467
71.44,32061.5,34991.8,0.3462,-0.0218,139.0,98.3,0.467
71.46,31981.5,34888.3,-0.099,-0.2759,139.0,98.3,0.467
71.48,31941.3,34819.9,-0.3226,-0.4439,139.0,98.3,0.467
71.5,31858.0,34704.2,-0.7857,-0.7277,139.0,98.3,0.467
71.52,31778.4,34612.8,-1.2284,-0.9522,139.0,98.3,0.467
71.54,31815.5,34662.5,-1.0219,-0.8302,139.0,98.3,0.467
71.56,31854.6,34699.0,-0.8043,-0.7405,139.0,98.3,0.467
71.58,31791.0,34553.1,-1.158,-1.0986,139.0,98.3,0.467
71.6,31788.5,34452.8,-1.1722,-1.3448,139.0,98.3,0.467
71.62,31796.2,34483.0,-1.1291,-1.2707,139.0,98.3,0.467
71.64,31783.1,34628.0,-1.2021,-0.9149,139.0,98.3,0.467
71.66,31900.9,34802.2,-0.547,-0.4871,139.0,98.3,0.467
71.68,32220.5,35180.5,1.2302,0.4413,139.0,98.3,0.467
71.7,32238.8,35515.5,1.3315,1.2635,139.0,98.3,0.467
71.72,32320.5,35756.4,1.7858,1.8549,139.0,98.3,0.467
71.74,32370.4,35815.6,2.0636,2.0001,139.0,98.3,0.467
71.76,32267.4,35662.4,1.491,1.6242,139.0,98.3,0.467
71.78,32270.0,35448.8,1.505,1.0999,139.0,98.3,0.467
71.8,32118.2,35176.8,0.6612,0.4321,139.0,98.3,0.467
71.82,32076.6,35180.1,0.43,0.4402,139.0,98.3,0.467
71.84,32028.9,35175.5,0.1646,0.4291,139.0,98.3,0.467
71.86,31967.9,34922.3,-0.1748,-0.1925,139.0,98.3,0.467
71.88,32017.8,34992.5,0.1027,-0.0201,139.0,98.3,0.467
71.9,31883.8,34850.2,-0.6421,-0.3695,139.0,98.3,0.467
71.92,31752.7,34714.5,-1.3713,-0.7024,139.0,98.3,0.467
71.94,31927.5,34602.4,-0.3992,-0.9775,139.0,98.3,0.467
71.96,31937.5,34597.6,-0.3433,-0.9895,139.0,98.3,0.467
71.98,31808.9,34698.0,-1.0586,-0.7431,139.0,98.3,0.467
72.0,31846.4,34599.4,-0.85,-0.9851,139.0,98.3,0.467
72.02,31818.8,34469.2,-1.0035,-1.3045,139.0,98.3,0.467
72.04,31718.3,34464.6,-1.5625,-1.316,139.0,98.3,0.467
72.06,31711.5,34544.0,-1.6004,-1.1209,139.0,98.3,0.467
72.08,31916.0,34674.8,-0.463,-0.8,139.0,98.3,0.467
72.1,32050.7,35000.6,0.286,-0.0002,139.0,98.3,0.467
72.12,32113.3,35371.8,0.6339,0.9109,139.0,98.3,0.467
72.14,32277.4,35748.7,1.5462,1.8359,139.0,98.3,0.467
72.16,32414.2,35771.9,2.3069,1.8928,139.0,98.3,0.467
72.18,32239.5,35629.0,1.3356,1.5422,139.0,98.3,0.467
72.2,32153.8,35453.3,0.8593,1.1109,139.0,98.3,0.467
72.22,32162.7,35343.5,0.9084,0.8414,139.0,98.3,0.467
72.24,31993.4,35236.9,-0.0325,0.5797,139.0,98.3,0.467
72.26,32086.4,35190.2,0.4843,0.465,139.0,98.3,0.467
72.28,31960.7,34986.3,-0.2144,-0.0354,139.0,98.3,0.467
72.3,31957.7,34964.8,-0.2313,-0.0881,139.0,98.3,0.467
72.32,31950.1,34871.6,-0.2736,-0.317,139.0,98.3,0.467
72.34,31933.8,34862.6,-0.364,-0.3391,139.0,98.3,0.467
72.36,31952.7,34748.8,-0.2588,-0.6182,139.0,98.3,0.467
72.38,32009.9,34663.6,0.0589,-0.8275,139.0,98.3,0.467
72.4,31949.5,34642.3,-0.2766,-0.8798,139.0,98.3,0.467
72.42,31802.3,34657.2,-1.0956,-0.8432,139.0,98.3,0.467
72.44,31858.2,34452.4,-0.7847,-1.3459,139.0,98.3,0.467
72.46,31848.6,34534.5,-0.838,-1.1442,139.0,98.3,0.467
72.48,31876.8,34471.1,-0.6809,-1.2999,139.0,98.3,0.467
72.5,31787.5,34539.9,-1.1777,-1.1311,139.0,98.3,0.467
72.52,31925.4,34809.9,-0.411,-0.4685,139.0,98.3,0.467
72.54,32131.8,35113.1,0.7367,0.2759,139.0,98.3,0.467
72.56,32226.7,35427.5,1.2647,1.0477,139.0,98.3,0.467
72.58,32333.9,35761.6,1.8605,1.8675,139.0,98.3,0.467
72.6,32324.3,35785.5,1.8072,1.9263,139.0,98.3,0.467
72.62,32321.0,35642.3,1.7891,1.5749,139.0,98.3,0.467
72.64,32212.0,35490.6,1.1827,1.2024,139.0,98.3,0.467
72.66,32068.8,35286.6,0.3866,0.7017,139.0,98.3,0.467
72.68,32032.9,35206.0,0.187,0.5038,139.0,98.3,0.467
72.7,32009.7,35076.6,0.0581,0.1862,139.0,98.3,0.467
72.72,31949.8,35055.4,-0.2754,0.1342,139.0,98.3,0.467
72.74,32045.4,34998.2,0.2562,-0.0061,139.0,98.3,0.467
72.76,31958.2,34781.2,-0.2287,-0.5387,139.0,98.3,0.467
72.78,31838.4,34815.4,-0.8943,-0.4549,139.0,98.3,0.467
72.8,31901.1,34675.1,-0.5462,-0.7993,139.0,98.3,0.467
72.82,31887.9,34630.5,-0.6196,-0.9088,139.0,98.3,0.467
72.84,31901.1,34647.5,-0.546,-0.867,139.0,98.3,0.467
72.86,31861.5,34664.3,-0.7661,-0.8258,139.0,98.3,0.467
72.88,31789.2,34524.1,-1.1679,-1.1699,139.0,98.3,0.467
72.9,31761.3,34525.7,-1.323,-1.1658,139.0,98.3,0.467
72.92,31752.6,34524.6,-1.3715,-1.1685,139.0,98.3,0.467
72.94,31835.5,34591.1,-0.911,-1.0053,139.0,98.3,0.467
72.96,31979.0,34887.6,-0.113,-0.2777,139.0,98.3,0.467
72.98,32103.6,35372.7,0.5801,0.913,139.0,98.3,0.467
73.0,32265.1,35556.1,1.4778,1.3632,139.0,98.3,0.467
73.02,32232.9,35758.0,1.2987,1.8587,139.0,98.3,0.467
73.04,32263.4,35738.7,1.4685,1.8115,139.0,98.3,0.467
73.06,32244.8,35640.6,1.3653,1.5707,139.0,98.3,0.467
73.08,32186.1,35442.1,1.0389,1.0835,139.0,98.3,0.467
73.1,32092.0,35111.6,0.5153,0.2723,139.0,98.3,0.467
73.12,32123.9,35041.9,0.6928,0.101,139.0,98.3,0.467
73.14,32065.7,35093.9,0.3695,0.2287,139.0,98.3,0.467
73.16,31996.9,34998.6,-0.0133,-0.0051,139.0,98.3,0.467
73.18,31933.3,34983.4,-0.3669,-0.0425,139.0,98.3,0.467
73.2,31921.4,34800.3,-0.4328,-0.492,139.0,98.3,0.467
73.22,31930.1,34767.7,-0.3848,-0.572,139.0,98.3,0.467
73.24,31823.9,34715.2,-0.9753,-0.7008,139.0,98.3,0.467
73.26,31844.4,34680.8,-0.8613,-0.7852,139.0,98.3,0.467
73.28,31836.2,34652.2,-0.9069,-0.8553,139.0,98.3,0.467
73.3,31815.7,34658.7,-1.0206,-0.8395,139.0,98.3,0.467
73.32,31828.1,34463.3,-0.952,-1.3191,139.0,98.3,0.467
73.34,31813.7,34418.1,-1.0319,-1.4301,139.0,98.3,0.467
73.36,31823.3,34491.9,-0.9788,-1.249,139.0,98.3,0.467
73.38,31799.3,34813.0,-1.112,-0.4608,139.0,98.3,0.467
73.4,32087.6,35129.5,0.491,0.3162,139.0,98.3,0.467
73.42,32086.2,35410.8,0.4832,1.0066,139.0,98.3,0.467
73.44,32198.9,35709.0,1.1097,1.7386,139.0,98.3,0.467
73.46,32207.5,35736.2,1.1577,1.8052,139.0,98.3,0.467
73.48,32289.1,35565.6,1.6116,1.3864,139.0,98.3,0.467
73.5,32199.6,35369.8,1.1136,0.906,139.0,98.3,0.467
73.52,32135.2,35269.9,0.7559,0.6607,139.0,98.3,0.467
73.54,32081.6,35198.9,0.4575,0.4864,139.0,98.3,0.467
73.56,32055.0,35140.3,0.3099,0.3426,139.0,98.3,0.467
73.58,31966.8,35120.8,-0.1808,0.2947,139.0,98.3,0.467
73.6,31981.3,34935.1,-0.0997,-0.161,139.0,98.3,0.467
73.62,31859.2,34870.4,-0.7788,-0.3198,139.0,98.3,0.467
73.64,31902.3,34744.3,-0.5394,-0.6294,139.0,98.3,0.467
73.66,31844.9,34697.9,-0.8585,-0.7432,139.0,98.3,0.467
73.68,31912.5,34709.1,-0.4828,-0.7159,139.0,98.3,0.467
73.7,31863.9,34638.3,-0.7525,-0.8894,139.0,98.3,0.467
73.72,31852.4,34712.4,-0.8168,-0.7077,139.0,98.3,0.467
73.74,31825.8,34542.5,-0.9649,-1.1248,139.0,98.3,0.467
73.76,31767.1,34499.3,-1.2908,-1.2306,139.0,98.3,0.467
73.78,31753.8,34508.7,-1.365,-1.2075,139.0,98.3,0.467
73.8,31920.8,34537.4,-0.4366,-1.1372,139.0,98.3,0.467
73.82,31857.7,34924.6,-0.7875,-0.1868,139.0,98.3,0.467
73.84,32025.9,35272.0,0.1482,0.6659,139.0,98.3,0.467
73.86,32257.2,35562.2,1.4339,1.3782,139.0,98.3,0.467
73.88,32346.5,35697.9,1.9307,1.7112,139.0,98.3,0.467
73.9,32355.6,35795.0,1.981,1.9496,139.0,98.3,0.467
73.92,32254.2,35697.5,1.4171,1.7102,139.0,98.3,0.467
73.94,32137.0,35360.1,0.7659,0.8821,139.0,98.3,0.467
73.96,32086.7,35215.1,0.4859,0.5263,139.0,98.3,0.467
73.98,32082.6,35124.5,0.4634,0.3039,139.0,98.3,0.467
74.0,32161.4,35107.8,0.9011,0.2629,139.0,98.3,0.467
74.02,32021.5,34988.3,0.1234,-0.0305,139.0,98.3,0.467
74.04,31929.0,34931.4,-0.391,-0.1702,139.0,98.3,0.467
74.06,31958.5,34777.4,-0.2268,-0.5481,139.0,98.3,0.467
74.08,31889.5,34803.7,-0.6104,-0.4835,139.0,98.3,0.467
74.1,31836.7,34707.9,-0.9043,-0.7186,139.0,98.3,0.467
74.12,31875.0,34655.9,-0.6909,-0.8463,139.0,98.3,0.467
74.14,31822.0,34625.4,-0.9855,-0.9212,139.0,98.3,0.467
74.16,31841.1,34599.1,-0.8796,-0.9858,139.0,98.3,0.467
74.18,31680.1,34536.0,-1.7747,-1.1406,139.0,98.3,0.467
74.2,31768.9,34375.1,-1.2809,-1.5355,139.0,98.3,0.467
74.22,31845.7,34445.8,-0.854,-1.3621,139.0,98.3,0.467
74.24,31901.2,34749.3,-0.5452,-0.617,139.0,98.3,0.467
74.26,31973.4,34958.7,-0.1438,-0.1031,139.0,98.3,0.467
74.28,32182.5,35269.8,1.0185,0.6605,139.0,98.3,0.467
74.3,32157.3,35719.7,0.8786,1.7648,139.0,98.3,0.467
74.32,32355.3,35607.2,1.9798,1.4886,139.0,98.3,0.467
74.34,32289.4,35718.7,1.6134,1.7623,139.0,98.3,0.467
74.36,32322.7,35564.8,1.7983,1.3845,139.0,98.3,0.467
74.38,32153.0,35439.2,0.8545,1.0764,139.0,98.3,0.467
74.4,32117.9,35254.4,0.6598,0.6227,139.0,98.3,0.467
74.42,32022.6,35137.3,0.1295,0.3353,139.0,98.3,0.467
74.44,32026.3,35055.4,0.1502,0.1343,139.0,98.3,0.467
74.46,31988.1,34958.8,-0.0622,-0.1029,139.0,98.3,0.467
74.48,32025.6,34845.1,0.1464,-0.3819,139.0,98.3,0.467
74.5,31944.0,34824.9,-0.3072,-0.4316,139.0,98.3,0.467
74.52,31907.2,34659.7,-0.5119,-0.8369,139.0,98.3,0.467
74.54,31912.9,34642.1,-0.4804,-0.8803,139.0,98.3,0.467
74.56,31814.4,34648.8,-1.0279,-0.8637,139.0,98.3,0.467
74.58,31811.5,34641.6,-1.0444,-0.8815,139.0,98.3,0.467
74.6,31886.1,34647.3,-0.6293,-0.8674,139.0,98.3,0.467
74.62,31753.2,34425.7,-1.3685,-1.4113,139.0,98.3,0.467
74.64,31776.3,34403.3,-1.24,-1.4664,139.0,98.3,0.467
74.66,31836.0,34536.0,-0.9082,-1.1406,139.0,98.3,0.467
74.68,31969.6,34849.0,-0.1648,-0.3724,139.0,98.3,0.467
74.7,32140.6,35109.1,0.786,0.2661,139.0,98.3,0.467
74.72,32197.0,35541.1,1.0995,1.3265,139.0,98.3,0.467
74.74,32270.1,35722.5,1.5059,1.7717,139.0,98.3,0.467
74.76,32401.5,35780.8,2.2366,1.9146,139.0,98.3,0.467
74.78,32340.0,35625.2,1.8943,1.5328,139.0,98.3,0.467
74.8,32217.1,35456.2,1.2111,1.1181,139.0,98.3,0.467
74.82,32096.4,35322.8,0.5399,0.7906,139.0,98.3,0.467
74.84,32022.1,35146.6,0.1268,0.3581,139.0,98.3,0.467
74.86,32038.9,35030.4,0.2203,0.0728,139.0,98.3,0.467
74.88,32021.2,35078.7,0.1216,0.1913,139.0,98.3,0.467
74.9,31925.7,35078.6,-0.4094,0.1911,139.0,98.3,0.467
74.92,31854.2,34962.8,-0.8065,-0.0931,139.0,98.3,0.467
74.94,31902.8,34764.5,-0.5366,-0.5797,139.0,98.3,0.467
74.96,31790.7,34657.0,-1.1598,-0.8437,139.0,98.3,0.467
74.98,31833.5,34579.1,-0.922,-1.0349,139.0,98.3,0.467
75.0,31951.2,34672.3,-0.2675,-0.8062,139.0,98.3,0.467
75.02,31848.9,34547.2,-0.8364,-1.1133,139.0,98.3,0.467
75.04,31824.0,34596.1,-0.9745,-0.993,139.0,98.3,0.467
75.06,31700.6,34394.9,-1.6609,-1.4869,139.0,98.3,0.467
75.08,31755.6,34439.9,-1.3548,-1.3765,139.0,98.3,0.467
75.1,31881.0,34642.8,-0.6578,-0.8784,139.0,98.3,0.467
75.12,31973.3,34950.2,-0.1446,-0.124,139.0,98.3,0.467
75.14,32082.6,35385.4,0.4632,0.9443,139.0,98.3,0.467
75.16,32308.0,35598.3,1.7163,1.4669,139.0,98.3,0.467
75.18,32385.0,35768.1,2.1446,1.8836,139.0,98.3,0.467
75.2,32287.6,35718.9,1.6029,1.7629,139.0,98.3,0.467
75.22,32123.2,35573.6,0.6892,1.4061,139.0,98.3,0.467
75.24,32188.0,35427.0,1.0496,1.0464,139.0,98.3,0.467
75.26,32137.4,35179.2,0.7679,0.4381,139.0,98.3,0.467
75.28,32056.5,35155.4,0.318,0.3797,139.0,98.3,0.467
75.3,32020.4,35039.6,0.1176,0.0953,139.0,98.3,0.467
75.32,32021.7,35080.3,0.1245,0.1953,139.0,98.3,0.467
75.34,32045.5,34969.5,0.2569,-0.0766,139.0,98.3,0.467
75.36,31924.3,34788.9,-0.4168,-0.5198,139.0,98.3,0.467
75.38,31857.5,34754.5,-0.7885,-0.6043,139.0,98.3,0.467
75.4,31865.1,34702.2,-0.7463,-0.7327,139.0,98.3,0.467
75.42,31833.2,34702.0,-0.9238,-0.7333,139.0,98.3,0.467
75.44,31874.6,34666.9,-0.6934,-0.8194,139.0,98.3,0.467
75.46,31747.9,34575.0,-1.3979,-1.0449,139.0,98.3,0.467
75.48,31763.2,34373.8,-1.3128,-1.5387,139.0,98.3,0.467
75.5,31728.2,34411.3,-1.5073,-1.4467,139.0,98.3,0.467
75.52,31762.1,34412.4,-1.3187,-1.4441,139.0,98.3,0.467
75.54,31822.4,34778.4,-0.9836,-0.5456,139.0,98.3,0.467
75.56,32069.3,35096.0,0.3892,0.2339,139.0,98.3,0.467
75.58,32089.5,35454.1,0.5018,1.1129,139.0,98.3,0.467
75.6,32271.9,35709.9,1.5158,1.7407,139.0,98.3,0.467
75.62,32385.0,35811.8,2.1447,1.9909,139.0,98.3,0.467
75.64,32249.5,35636.8,1.3914,1.5612,139.0,98.3,0.467
75.66,32280.1,35403.6,1.5616,0.989,139.0,98.3,0.467
75.68,32186.3,35346.8,1.0396,0.8495,139.0,98.3,0.467
75.7,32055.3,35142.2,0.3113,0.3472,139.0,98.3,0.467
75.72,32028.2,35075.8,0.1609,0.1842,139.0,98.3,0.467
75.74,31965.5,35087.6,-0.1877,0.2133,139.0,98.3,0.467
75.76,32027.2,34912.1,0.1551,-0.2174,139.0,98.3,0.467
75.78,31918.7,34831.0,-0.448,-0.4164,139.0,98.3,0.467
75.8,31852.2,34737.5,-0.8178,-0.646,139.0,98.3,0.467
75.82,31879.8,34760.0,-0.6643,-0.5908,139.0,98.3,0.467
75.84,31860.3,34639.3,-0.7731,-0.887,139.0,98.3,0.467
75.86,31890.7,34635.0,-0.6036,-0.8977,139.0,98.3,0.467
75.88,31804.2,34658.0,-1.0849,-0.8412,139.0,98.3,0.467
75.9,31822.0,34516.4,-0.9855,-1.1887,139.0,98.3,0.467
75.92,31739.7,34416.0,-1.4433,-1.4352,139.0,98.3,0.467
75.94,31701.5,34440.6,-1.656,-1.3748,139.0,98.3,0.467
75.96,31884.9,34633.0,-0.636,-0.9025,139.0,98.3,0.467
75.98,31906.8,34882.5,-0.5143,-0.2901,139.0,98.3,0.467
76.0,32097.3,35280.6,0.5451,0.687,139.0,98.3,0.467
76.02,32290.3,35651.9,1.618,1.5982,139.0,98.3,0.467
76.04,32359.3,35740.4,2.0016,1.8155,139.0,98.3,0.467
76.06,32299.7,35831.8,1.6704,2.0399,139.0,98.3,0.467
76.08,32252.2,35557.9,1.4061,1.3677,139.0,98.3,0.467
76.1,32215.1,35420.1,1.2,1.0294,139.0,98.3,0.467
76.12,32105.5,35281.6,0.5908,0.6894,139.0,98.3,0.467
76.14,32018.1,35195.0,0.1044,0.477,139.0,98.3,0.467
76.16,32073.7,35055.1,0.4136,0.1335,139.0,98.3,0.467
76.18,32111.6,35090.2,0.6242,0.2196,139.0,98.3,0.467
76.2,31998.6,34940.3,-0.0041,-0.1482,139.0,98.3,0.467
76.22,31945.9,34971.7,-0.2966,-0.0711,139.0,98.3,0.467
76.24,31885.8,34802.6,-0.6311,-0.4864,139.0,98.3,0.467
76.26,31730.0,34766.9,-1.4972,-0.5739,139.0,98.3,0.467
76.28,31790.1,34699.1,-1.1632,-0.7403,139.0,98.3,0.467
76.3,31752.3,34611.0,-1.3736,-0.9565,139.0,98.3,0.467
76.32,31759.6,34631.9,-1.3325,-0.9052,139.0,98.3,0.467
76.34,31819.3,34566.4,-1.0008,-1.066,139.0,98.3,0.467
76.36,31719.6,34370.1,-1.555,-1.5479,139.0,98.3,0.467
76.38,31812.4,34468.0,-1.0389,-1.3074,139.0,98.3,0.467
76.4,31966.9,34691.3,-0.1799,-0.7594,139.0,98.3,0.467
76.42,32050.8,35118.5,0.2866,0.2891,139.0,98.3,0.467
76.44,32208.3,35336.1,1.1619,0.8232,139.0,98.3,0.467
76.46,32326.3,35697.6,1.8181,1.7105,139.0,98.3,0.467
76.48,32351.8,35714.1,1.9598,1.751,139.0,98.3,0.467
76.5,32366.7,35686.3,2.0432,1.6828,139.0,98.3,0.467
76.52,32260.5,35485.4,1.4523,1.1896,139.0,98.3,0.467
76.54,32137.0,35352.0,0.7657,0.8622,139.0,98.3,0.467
76.56,32075.6,35174.6,0.4241,0.4268,139.0,98.3,0.467
76.58,32084.0,35116.5,0.4709,0.2842,139.0,98.3,0.467
76.6,32042.9,35075.8,0.2423,0.1843,139.0,98.3,0.467
76.62,31963.8,35033.2,-0.1974,0.0797,139.0,98.3,0.467
76.64,31828.5,34916.7,-0.9495,-0.2061,139.0,98.3,0.467
76.66,31847.5,34739.8,-0.844,-0.6404,139.0,98.3,0.467
76.68,31858.3,34771.3,-0.7837,-0.563,139.0,98.3,0.467
76.7,31885.2,34706.5,-0.6342,-0.7222,139.0,98.3,0.467
76.72,31924.3,34662.0,-0.4169,-0.8313,139.0,98.3,0.467
76.74,31821.1,34601.5,-0.991,-0.9798,139.0,98.3,0.467
76.76,31830.6,34599.4,-0.938,-0.9849,139.0,98.3,0.467
76.78,31780.2,34503.9,-1.218,-1.2194,139.0,98.3,0.467
76.8,31753.5,34502.6,-1.3666,-1.2227,139.0,98.3,0.467
76.82,31838.0,34603.3,-0.8969,-0.9753,139.0,98.3,0.467
76.84,31878.9,34923.4,-0.6695,-0.1898,139.0,98.3,0.467
76.86,31993.7,35238.7,-0.0313,0.5841,139.0,98.3,0.467
76.88,32190.3,35562.2,1.062,1.3782,139.0,98.3,0.467
76.9,32297.6,35738.8,1.6586,1.8117,139.0,98.3,0.467
76.92,32344.5,35757.1,1.9194,1.8566,139.0,98.3,0.467
76.94,32183.5,35620.2,1.0243,1.5206,139.0,98.3,0.467
76.96,32204.2,35395.6,1.1394,0.9692,139.0,98.3,0.467
76.98,32090.1,35253.7,0.5051,0.6211,139.0,98.3,0.467
77.0,32156.7,35126.2,0.8751,0.3079,139.0,98.3,0.467
77.02,31946.3,35105.1,-0.2946,0.2561,139.0,98.3,0.467
77.04,31975.2,35057.4,-0.134,0.1392,139.0,98.3,0.467
77.06,32002.9,34957.8,0.0203,-0.1053,139.0,98.3,0.467
77.08,31992.4,34794.9,-0.0381,-0.5052,139.0,98.3,0.467
77.1,31842.0,34848.3,-0.8745,-0.374,139.0,98.3,0.467
77.12,31850.4,34780.0,-0.8279,-0.5417,139.0,98.3,0.467
77.14,31835.2,34643.6,-0.9123,-0.8766,139.0,98.3,0.467
77.16,31855.0,34628.0,-0.802,-0.9148,139.0,98.3,0.467
77.18,31874.9,34579.7,-0.6915,-1.0333,139.0,98.3,0.467
77.2,31774.2,34528.9,-1.2514,-1.1581,139.0,98.3,0.467
77.22,31674.5,34449.3,-1.8058,-1.3534,139.0,98.3,0.467
77.24,31699.9,34453.6,-1.6649,-1.343,139.0,98.3,0.467
77.26,31854.2,34695.2,-0.8068,-0.7499,139.0,98.3,0.467
77.28,31907.6,34997.0,-0.5098,-0.0091,139.0,98.3,0.467
77.3,32124.3,35340.9,0.6954,0.835,139.0,98.3,0.467
77.32,32301.1,35553.5,1.6783,1.3568,139.0,98.3,0.467
77.34,32264.0,35851.0,1.4721,2.0872,139.0,98.3,0.467
77.36,32244.4,35660.2,1.3629,1.6188,139.0,98.3,0.467
77.38,32227.6,35493.2,1.2698,1.2088,139.0,98.3,0.467
77.4,32149.0,35394.0,0.8325,0.9654,139.0,98.3,0.467
77.42,31976.2,35114.7,-0.1284,0.2799,139.0,98.3,0.467
77.44,32062.1,35177.0,0.3491,0.4328,139.0,98.3,0.467
77.46,32010.7,35044.7,0.0633,0.1079,139.0,98.3,0.467
77.48,32042.1,34940.5,0.2378,-0.1477,139.0,98.3,0.467
77.5,31954.7,34863.7,-0.2481,-0.3364,139.0,98.3,0.467
77.52,31963.6,34872.9,-0.1984,-0.3137,139.0,98.3,0.467
77.54,31847.1,34685.6,-0.8461,-0.7734,139.0,98.3,0.467
77.56,31878.8,34733.6,-0.6699,-0.6557,139.0,98.3,0.467
77.58,31850.3,34649.7,-0.8286,-0.8616,139.0,98.3,0.467
77.6,31901.3,34654.7,-0.5448,-0.8494,139.0,98.3,0.467
77.62,31811.7,34488.5,-1.043,-1.2572,139.0,98.3,0.467
77.64,31768.2,34552.1,-1.2852,-1.1011,139.0,98.3,0.467
77.66,31848.2,34409.8,-0.8402,-1.4503,139.0,98.3,0.467
77.68,31811.9,34553.6,-1.0421,-1.0975,139.0,98.3,0.467
77.7,31841.0,34727.7,-0.8799,-0.6701,139.0,98.3,0.467
77.72,31978.6,35097.8,-0.1151,0.2383,139.0,98.3,0.467
77.74,32182.2,35608.4,1.0171,1.4917,139.0,98.3,0.467
77.76,32293.7,35726.0,1.6372,1.7802,139.0,98.3,0.467
77.78,32298.7,35721.7,1.665,1.7696,139.0,98.3,0.467
77.8,32276.3,35509.4,1.5405,1.2487,139.0,98.3,0.467
77.82,32152.3,35515.3,0.8507,1.2631,139.0,98.3,0.467
77.84,32124.1,35277.8,0.6937,0.6802,139.0,98.3,0.467
77.86,32033.5,35164.3,0.1903,0.4016,139.0,98.3,0.467
77.88,32014.1,35083.5,0.0826,0.2033,139.0,98.3,0.467
77.9,32024.4,35081.0,0.1396,0.1972,139.0,98.3,0.467
77.92,32006.9,35017.4,0.0425,0.0409,139.0,98.3,0.467
77.94,31994.4,34810.3,-0.027,-0.4674,139.0,98.3,0.467
77.96,31827.2,34777.5,-0.9567,-0.548,139.0,98.3,0.467
77.98,31829.2,34705.7,-0.9459,-0.724,139.0,98.3,0.467
78.0,31950.5,34635.1,-0.2714,-0.8975,139.0,98.3,0.467
78.02,31779.2,34639.8,-1.2236,-0.8858,139.0,98.3,0.467
78.04,31872.3,34709.7,-0.7062,-0.7143,139.0,98.3,0.467
78.06,31908.7,34543.8,-0.5038,-1.1215,139.0,98.3,0.467
78.08,31780.0,34469.1,-1.2193,-1.305,139.0,98.3,0.467
78.1,31691.0,34510.8,-1.7141,-1.2025,139.0,98.3,0.467
78.12,31857.7,34674.7,-0.7872,-0.8002,139.0,98.3,0.467
78.14,31948.0,34891.0,-0.2853,-0.2692,139.0,98.3,0.467
78.16,32110.7,35220.7,0.6196,0.5401,139.0,98.3,0.467
78.18,32181.6,35533.7,1.0136,1.3083,139.0,98.3,0.467
78.2,32269.7,35809.0,1.5033,1.9841,139.0,98.3,0.467
78.22,32376.2,35721.3,2.096,1.7687,139.0,98.3,0.467
78.24,32237.8,35572.5,1.3261,1.4036,139.0,98.3,0.467
78.26,32151.1,35372.4,0.844,0.9124,139.0,98.3,0.467
78.28,32047.4,35180.0,0.2674,0.4401,139.0,98.3,0.467
78.3,32044.9,35130.1,0.2535,0.3177,139.0,98.3,0.467
78.32,32122.6,35095.2,0.6854,0.2319,139.0,98.3,0.467
78.34,32009.6,35077.1,0.0574,0.1874,139.0,98.3,0.467
78.36,32034.6,34913.3,0.1964,-0.2145,139.0,98.3,0.467
78.38,31947.1,34868.5,-0.29,-0.3246,139.0,98.3,0.467
78.4,31985.0,34688.1,-0.0792,-0.7673,139.0,98.3,0.467
78.42,31925.1,34701.4,-0.4125,-0.7348,139.0,98.3,0.467
78.44,31792.6,34634.8,-1.149,-0.8982,139.0,98.3,0.467
78.46,31920.1,34639.9,-0.4405,-0.8856,139.0,98.3,0.467
78.48,31821.0,34509.4,-0.9912,-1.206,139.0,98.3,0.467
78.5,31692.6,34461.2,-1.7055,-1.3242,139.0,98.3,0.467
78.52,31790.6,34387.8,-1.1601,-1.5044,139.0,98.3,0.467
78.54,31837.7,34538.4,-0.8987,-1.1348,139.0,98.3,0.467
78.56,31866.4,34642.5,-0.7388,-0.8792,139.0,98.3,0.467
78.58,32014.6,35102.3,0.0853,0.2493,139.0,98.3,0.467
78.6,32179.1,35359.6,1.0001,0.8809,139.0,98.3,0.467
78.62,32301.2,35711.1,1.6789,1.7436,139.0,98.3,0.467
78.64,32263.9,35805.1,1.4712,1.9745,139.0,98.3,0.467
78.66,32220.2,35718.2,1.2285,1.761,139.0,98.3,0.467
78.68,32139.8,35534.0,0.7814,1.3091,139.0,98.3,0.467
78.7,32113.5,35331.3,0.635,0.8115,139.0,98.3,0.467
78.72,32055.0,35154.6,0.3096,0.3778,139.0,98.3,0.467
78.74,32070.9,35019.4,0.3984,0.0459,139.0,98.3,0.467
78.76,32083.2,35071.6,0.4667,0.174,139.0,98.3,0.467
78.78,31937.2,34988.1,-0.3454,-0.0309,139.0,98.3,0.467
78.8,31872.8,34917.2,-0.7031,-0.205,139.0,98.3,0.467
78.82,31886.7,34794.5,-0.6261,-0.506,139.0,98.3,0.467
78.84,31850.3,34724.8,-0.8287,-0.6771,139.0,98.3,0.467
78.86,31920.2,34736.4,-0.44,-0.6486,139.0,98.3,0.467
78.88,31794.5,34717.1,-1.1385,-0.6962,139.0,98.3,0.467
78.9,31921.7,34584.4,-0.4312,-1.0219,139.0,98.3,0.467
78.92,31781.5,34581.3,-1.2111,-1.0293,139.0,98.3,0.467
78.94,31690.5,34442.9,-1.717,-1.3691,139.0,98.3,0.467
78.96,31754.4,34471.6,-1.3614,-1.2987,139.0,98.3,0.467
78.98,31790.9,34615.7,-1.1586,-0.945,139.0,98.3,0.467
79.0,31996.2,34798.9,-0.0174,-0.4954,139.0,98.3,0.467
79.02,32051.5,35178.6,0.2905,0.4366,139.0,98.3,0.467
79.04,32223.9,35545.1,1.2491,1.3362,139.0,98.3,0.467
79.06,32420.3,35697.4,2.341,1.7101,139.0,98.3,0.467
79.08,32324.5,35757.6,1.8085,1.8578,139.0,98.3,0.467
79.1,32264.7,35541.4,1.4756,1.3271,139.0,98.3,0.467
79.12,32115.0,35437.0,0.6436,1.071,139.0,98.3,0.467
79.14,32036.8,35187.7,0.2088,0.4589,139.0,98.3,0.467
79.16,32030.2,35156.7,0.1719,0.3828,139.0,98.3,0.467
79.18,32046.8,35147.7,0.264,0.3607,139.0,98.3,0.467
79.2,32003.6,35073.9,0.024,0.1797,139.0,98.3,0.467
79.22,31910.8,34897.1,-0.492,-0.2544,139.0,98.3,0.467
79.24,31922.9,34808.3,-0.4248,-0.4724,139.0,98.3,0.467
79.26,31877.7,34759.9,-0.6762,-0.591,139.0,98.3,0.467
79.28,31962.3,34696.2,-0.2057,-0.7473,139.0,98.3,0.467
79.3,31832.0,34676.5,-0.9301,-0.7958,139.0,98.3,0.467
79.32,31874.6,34698.9,-0.6933,-0.7409,139.0,98.3,0.467
79.34,31841.0,34553.0,-0.88,-1.0989,139.0,98.3,0.467
79.36,31718.8,34512.4,-1.5597,-1.1986,139.0,98.3,0.467
79.38,31803.7,34534.7,-1.0877,-1.1439,139.0,98.3,0.467
79.4,31816.2,34540.7,-1.0181,-1.129,139.0,98.3,0.467
79.42,31884.2,34665.8,-0.6401,-0.8221,139.0,98.3,0.467
79.44,31981.8,35007.3,-0.0971,0.0163,139.0,98.3,0.467
79.46,32146.4,35349.0,0.8178,0.8548,139.0,98.3,0.467
79.48,32231.1,35505.0,1.2888,1.2378,139.0,98.3,0.467
79.5,32351.4,35734.7,1.9577,1.8015,139.0,98.3,0.467
79.52,32290.6,35700.9,1.6198,1.7187,139.0,98.3,0.467
79.54,32198.3,35468.6,1.1068,1.1484,139.0,98.3,0.467
79.56,32161.5,35312.2,0.9019,0.7645,139.0,98.3,0.467
79.58,32147.8,35111.7,0.8259,0.2725,139.0,98.3,0.467
79.6,32129.7,35154.9,0.7251,0.3785,139.0,98.3,0.467
79.62,32023.3,35087.7,0.1336,0.2135,139.0,98.3,0.467
79.64,32052.9,35011.5,0.2983,0.0265,139.0,98.3,0.467
79.66,31858.7,34953.3,-0.7815,-0.1164,139.0,98.3,0.467
79.68,31914.2,34835.6,-0.4732,-0.4052,139.0,98.3,0.467
79.7,31892.6,34697.2,-0.5934,-0.7449,139.0,98.3,0.467
79.72,31864.6,34757.8,-0.7488,-0.5962,139.0,98.3,0.467
79.74,31821.2,34564.5,-0.99,-1.0707,139.0,98.3,0.467
79.76,31760.2,34635.8,-1.3294,-0.8957,139.0,98.3,0.467
79.78,31846.5,34551.2,-0.8498,-1.1034,139.0,98.3,0.467
79.8,31926.7,34506.9,-0.4035,-1.212,139.0,98.3,0.467
79.82,31876.6,34485.0,-0.6823,-1.2659,139.0,98.3,0.467
79.84,31845.8,34514.3,-0.8535,-1.1939,139.0,98.3,0.467
79.86,31840.5,34804.2,-0.8829,-0.4824,139.0,98.3,0.467
79.88,32177.6,35199.4,0.9915,0.4878,139.0,98.3,0.467
79.9,32233.5,35461.4,1.3022,1.1308,139.0,98.3,0.467
79.92,32213.6,35785.4,1.1917,1.926,139.0,98.3,0.467
79.94,32393.6,35704.3,2.1924,1.727,139.0,98.3,0.467
79.96,32290.7,35653.0,1.6206,1.6011,139.0,98.3,0.467
79.98,32238.2,35386.2,1.3286,0.9462,139.0,98.3,0.467
80.0,32110.8,35320.7,0.6203,0.7854,139.0,98.3,0.467
80.02,32063.0,35104.3,0.3544,0.2542,139.0,98.3,0.467
80.04,32087.0,35066.7,0.4878,0.162,139.0,98.3,0.467
80.06,31996.1,35034.0,-0.0176,0.0818,139.0,98.3,0.467
80.08,32094.7,34982.6,0.5307,-0.0444,139.0,98.3,0.467
80.1,31934.0,34847.6,-0.3631,-0.3757,139.0,98.3,0.467
80.12,31901.1,34760.9,-0.5461,-0.5885,139.0,98.3,0.467
80.14,31826.0,34660.4,-0.9635,-0.8354,139.0,98.3,0.467
80.16,31886.5,34668.0,-0.6273,-0.8167,139.0,98.3,0.467
80.18,31978.7,34569.6,-0.1143,-1.0582,139.0,98.3,0.467
80.2,31891.3,34648.2,-0.6003,-0.8653,139.0,98.3,0.467
80.22,31790.5,34503.0,-1.1612,-1.2217,139.0,98.3,0.467
80.24,31808.6,34509.7,-1.0601,-1.2052,139.0,98.3,0.467
80.26,31776.9,34420.2,-1.2366,-1.4248,139.0,98.3,0.467
80.28,31812.1,34642.1,-1.0411,-0.8802,139.0,98.3,0.467
80.3,32017.9,34918.3,0.1034,-0.2023,139.0,98.3,0.467
80.32,32013.8,35335.0,0.0808,0.8204,139.0,98.3,0.467
80.34,32281.0,35691.7,1.5665,1.696,139.0,98.3,0.467
80.36,32267.0,35714.1,1.4885,1.7511,139.0,98.3,0.467
80.38,32438.5,35714.2,2.4421,1.7513,139.0,98.3,0.467
80.4,32167.5,35577.2,0.9352,1.415,139.0,98.3,0.467
80.42,32046.9,35301.5,0.2647,0.7384,139.0,98.3,0.467
80.44,32147.6,35254.1,0.8245,0.622,139.0,98.3,0.467
80.46,31971.8,35118.0,-0.1531,0.288,139.0,98.3,0.467
80.48,31931.8,35035.2,-0.3753,0.0847,139.0,98.3,0.467
80.5,31933.2,35014.2,-0.3676,0.0331,139.0,98.3,0.467
80.52,32018.4,34921.7,0.1062,-0.1939,139.0,98.3,0.467
80.54,31960.8,34900.8,-0.2143,-0.2451,139.0,98.3,0.467
80.56,31885.1,34714.7,-0.6347,-0.7021,139.0,98.3,0.467
80.58,31678.7,34712.3,-1.7824,-0.7079,139.0,98.3,0.467
80.6,31861.1,34634.6,-0.7684,-0.8986,139.0,98.3,0.467
80.62,31945.1,34739.7,-0.3011,-0.6406,139.0,98.3,0.467
80.64,31780.0,34594.7,-1.2191,-0.9966,139.0,98.3,0.467
80.66,31773.7,34384.7,-1.2541,-1.5119,139.0,98.3,0.467
80.68,31759.9,34409.6,-1.331,-1.4508,139.0,98.3,0.467
80.7,31639.0,34533.1,-2.0032,-1.1477,139.0,98.3,0.467
80.72,31916.2,34685.0,-0.462,-0.7749,139.0,98.3,0.467
80.74,31984.3,35125.4,-0.0832,0.3062,139.0,98.3,0.467
80.76,32136.2,35425.0,0.7613,1.0415,139.0,98.3,0.467
80.78,32272.1,35656.2,1.517,1.6088,139.0,98.3,0.467
80.8,32356.3,35763.1,1.985,1.8713,139.0,98.3,0.467
80.82,32288.7,35707.8,1.6092,1.7355,139.0,98.3,0.467
80.84,32257.5,35502.4,1.4357,1.2314,139.0,98.3,0.467
80.86,32108.2,35378.7,0.6054,0.9277,139.0,98.3,0.467
80.88,32059.6,35152.2,0.3355,0.3719,139.0,98.3,0.467
80.9,32031.1,35104.3,0.1771,0.2542,139.0,98.3,0.467
80.92,31924.2,35087.4,-0.4173,0.2127,139.0,98.3,0.467
80.94,31977.3,34955.3,-0.1224,-0.1116,139.0,98.3,0.467
80.96,31972.4,34842.1,-0.1498,-0.3894,139.0,98.3,0.467
80.98,31826.7,34792.2,-0.9595,-0.5118,139.0,98.3,0.467
81.0,31825.9,34708.9,-0.9643,-0.7164,139.0,98.3,0.467
81.02,31842.0,34665.3,-0.8748,-0.8232,139.0,98.3,0.467
81.04,31830.1,34623.5,-0.9408,-0.926,139.0,98.3,0.467
81.06,31952.7,34610.4,-0.2589,-0.958,139.0,98.3,0.467
81.08,31802.9,34629.4,-1.0918,-0.9113,139.0,98.3,0.467
81.1,31780.6,34435.4,-1.216,-1.3876,139.0,98.3,0.467
81.12,31832.8,34469.6,-0.926,-1.3037,139.0,98.3,0.467
81.14,31875.9,34595.0,-0.686,-0.9959,139.0,98.3,0.467
81.16,31869.8,34909.1,-0.7203,-0.2248,139.0,98.3,0.467
81.18,32149.4,35282.0,0.8349,0.6904,139.0,98.3,0.467
81.2,32236.3,35575.7,1.3176,1.4115,139.0,98.3,0.467
81.22,32300.3,35733.4,1.6738,1.7985,139.0,98.3,0.467
81.24,32313.0,35676.7,1.7444,1.6593,139.0,98.3,0.467
81.26,32263.0,35599.5,1.4665,1.4698,139.0,98.3,0.467
81.28,32164.9,35444.2,0.921,1.0886,139.0,98.3,0.467
81.3,32090.2,35221.1,0.5055,0.5409,139.0,98.3,0.467
81.32,32013.4,35128.3,0.0782,0.3132,139.0,98.3,0.467
81.34,32061.5,35132.5,0.3459,0.3236,139.0,98.3,0.467
81.36,32054.5,34973.6,0.307,-0.0666,139.0,98.3,0.467
81.38,31991.0,35005.6,-0.0463,0.012,139.0,98.3,0.467
81.4,32026.9,34810.1,0.1534,-0.4679,139.0,98.3,0.467
81.42,31904.3,34746.7,-0.5283,-0.6236,139.0,98.3,0.467
81.44,31906.5,34651.5,-0.5161,-0.8571,139.0,98.3,0.467
81.46,31903.7,34621.3,-0.5312,-0.9312,139.0,98.3,0.467
81.48,31852.9,34656.1,-0.8142,-0.8459,139.0,98.3,0.467
81.5,31815.0,34594.0,-1.0247,-0.9981,139.0,98.3,0.467
81.52,31849.5,34618.3,-0.8327,-0.9385,139.0,98.3,0.467
81.54,31844.5,34541.5,-0.8609,-1.1272,139.0,98.3,0.467
81.56,31865.6,34393.0,-0.7431,-1.4915,139.0,98.3,0.467
81.58,31887.3,34728.9,-0.6227,-0.6672,139.0,98.3,0.467
81.6,32060.8,35010.7,0.3419,0.0245,139.0,98.3,0.467
81.62,32172.8,35329.7,0.9649,0.8076,139.0,98.3,0.467
81.64,32265.9,35784.3,1.4825,1.9233,139.0,98.3,0.467
81.66,32254.1,35696.4,1.417,1.7076,139.0,98.3,0.467
81.68,32383.6,35683.8,2.1369,1.6766,139.0,98.3,0.467
81.7,32144.6,35519.3,0.8082,1.2729,139.0,98.3,0.467
81.72,32154.9,35308.3,0.865,0.7551,139.0,98.3,0.467
81.74,32069.9,35223.1,0.3928,0.5458,139.0,98.3,0.467
81.76,32052.6,35071.5,0.2964,0.1738,139.0,98.3,0.467
81.78,31976.6,35059.6,-0.126,0.1446,139.0,98.3,0.467
81.8,31981.6,35073.0,-0.0982,0.1774,139.0,98.3,0.467
81.82,32021.6,34981.7,0.1241,-0.0468,139.0,98.3,0.467
81.84,31883.3,34773.6,-0.6449,-0.5574,139.0,98.3,0.467
81.86,31882.9,34666.1,-0.647,-0.8214,139.0,98.3,0.467
81.88,31796.1,34720.2,-1.1295,-0.6886,139.0,98.3,0.467
81.9,31914.0,34663.6,-0.4743,-0.8274,139.0,98.3,0.467
81.92,31855.5,34622.8,-0.7996,-0.9275,139.0,98.3,0.467
81.94,31784.5,34603.3,-1.1942,-0.9754,139.0,98.3,0.467
81.96,31794.0,34442.7,-1.1412,-1.3695,139.0,98.3,0.467
81.98,31792.3,34452.1,-1.1508,-1.3466,139.0,98.3,0.467
82.0,31715.3,34439.9,-1.5793,-1.3766,139.0,98.3,0.467
82.02,31953.2,34804.0,-0.256,-0.4828,139.0,98.3,0.467
82.04,32110.7,35170.9,0.6194,0.4179,139.0,98.3,0.467
82.06,32256.9,35441.2,1.4327,1.0812,139.0,98.3,0.467
82.08,32345.8,35677.0,1.9265,1.6599,139.0,98.3,0.467
82.1,32359.7,35766.9,2.0038,1.8807,139.0,98.3,0.467
82.12,32291.2,35717.5,1.6229,1.7594,139.0,98.3,0.467
82.14,32266.9,35489.2,1.4878,1.199,139.0,98.3,0.467
82.16,32083.8,35301.8,0.4701,0.739,139.0,98.3,0.467
82.18,32064.9,35125.1,0.3651,0.3054,139.0,98.3,0.467
82.2,32010.7,35090.9,0.0632,0.2213,139.0,98.3,0.467
82.22,32010.7,35022.7,0.0636,0.0539,139.0,98.3,0.467
82.24,31930.5,35004.8,-0.3823,0.0099,139.0,98.3,0.467
82.26,31985.7,34925.9,-0.0755,-0.1836,139.0,98.3,0.467
82.28,31927.9,34751.5,-0.397,-0.6116,139.0,98.3,0.467
82.3,31832.4,34717.3,-0.928,-0.6957,139.0,98.3,0.467
82.32,31845.1,34675.2,-0.8573,-0.7989,139.0,98.3,0.467
82.34,31835.5,34660.8,-0.9105,-0.8343,139.0,98.3,0.467
82.36,31821.4,34606.1,-0.9894,-0.9685,139.0,98.3,0.467
82.38,31745.1,34464.3,-1.4133,-1.3167,139.0,98.3,0.467
82.4,31796.6,34448.4,-1.127,-1.3556,139.0,98.3,0.467
82.42,31765.6,34302.0,-1.2994,-1.7149,139.0,98.3,0.467
82.44,31783.0,34689.2,-1.2027,-0.7646,139.0,98.3,0.467
82.46,32041.9,34973.3,0.2368,-0.0673,139.0,98.3,0.467
82.48,32056.4,35354.8,0.3178,0.869,139.0,98.3,0.467
82.5,32262.5,35602.3,1.4638,1.4765,139.0,98.3,0.467
82.52,32370.8,35718.5,2.0658,1.7619,139.0,98.3,0.467
82.54,32274.1,35761.4,1.5279,1.8672,139.0,98.3,0.467
82.56,32183.0,35510.0,1.0212,1.25,139.0,98.3,0.467
82.58,32220.7,35399.7,1.2309,0.9794,139.0,98.3,0.467
82.6,32137.0,35158.4,0.7656,0.387,139.0,98.3,0.467
82.62,32078.9,35067.5,0.4426,0.1638,139.0,98.3,0.467
82.64,32104.1,35107.6,0.5831,0.2624,139.0,98.3,0.467
82.66,32115.1,35028.6,0.644,0.0685,139.0,98.3,0.467
82.68,31988.0,34917.8,-0.0625,-0.2035,139.0,98.3,0.467
82.7,32011.0,34765.2,0.0654,-0.5781,139.0,98.3,0.467
82.72,31907.2,34739.9,-0.5121,-0.6402,139.0,98.3,0.467
82.74,31800.4,34717.5,-1.106,-0.6952,139.0,98.3,0.467
82.76,31771.7,34614.2,-1.2653,-0.9487,139.0,98.3,0.467
82.78,31794.2,34686.8,-1.1406,-0.7704,139.0,98.3,0.467
82.8,31775.9,34587.5,-1.2423,-1.0142,139.0,98.3,0.467
82.82,31889.8,34489.4,-0.6088,-1.2549,139.0,98.3,0.467
82.84,31852.7,34431.7,-0.8148,-1.3966,139.0,98.3,0.467
82.86,31771.2,34542.0,-1.268,-1.1258,139.0,98.3,0.467
82.88,31902.7,34777.8,-0.537,-0.5471,139.0,98.3,0.467
82.9,32000.5,35000.0,0.0066,-0.0016,139.0,98.3,0.467
82.92,32133.7,35450.8,0.7476,1.1048,139.0,98.3,0.467
82.94,32334.8,35675.0,1.8656,1.655,139.0,98.3,0.467
82.96,32309.8,35795.4,1.7266,1.9507,139.0,98.3,0.467
82.98,32268.2,35659.8,1.4953,1.6179,139.0,98.3,0.467
83.0,32193.5,35478.8,1.0797,1.1736,139.0,98.3,0.467
83.02,32142.9,35345.0,0.7984,0.8451,139.0,98.3,0.467
83.04,32093.5,35202.9,0.5238,0.4962,139.0,98.3,0.467
83.06,32068.4,35013.9,0.3843,0.0325,139.0,98.3,0.467
83.08,32074.5,35057.9,0.418,0.1403,139.0,98.3,0.467
83.1,31945.0,34947.5,-0.3016,-0.1306,139.0,98.3,0.467
83.12,31892.5,34853.5,-0.594,-0.3612,139.0,98.3,0.467
83.14,31822.8,34715.5,-0.9813,-0.7002,139.0,98.3,0.467
83.16,31858.8,34751.8,-0.7813,-0.6109,139.0,98.3,0.467
83.18,31850.0,34594.1,-0.8302,-0.9981,139.0,98.3,0.467
83.2,31821.1,34648.4,-0.9906,-0.8648,139.0,98.3,0.467
83.22,31869.8,34619.2,-0.7201,-0.9365,139.0,98.3,0.467
83.24,31818.4,34547.1,-1.0059,-1.1134,139.0,98.3,0.467
83.26,31833.2,34481.6,-0.9235,-1.2742,139.0,98.3,0.467
83.28,31729.7,34540.5,-1.499,-1.1295,139.0,98.3,0.467
83.3,31874.8,34622.2,-0.6924,-0.9291,139.0,98.3,0.467
83.32,31976.6,34907.5,-0.1264,-0.2288,139.0,98.3,0.467
83.34,32114.8,35291.9,0.6425,0.7148,139.0,98.3,0.467
83.36,32297.0,35478.6,1.6556,1.173,139.0,98.3,0.467
83.38,32346.0,35697.6,1.9276,1.7105,139.0,98.3,0.467
83.4,32359.2,35689.9,2.0011,1.6917,139.0,98.3,0.467
83.42,32123.4,35556.5,0.6901,1.3641,139.0,98.3,0.467
83.44,32108.7,35422.3,0.6086,1.0349,139.0,98.3,0.467
83.46,32112.9,35253.4,0.6318,0.6203,139.0,98.3,0.467
83.48,32066.3,35067.3,0.3728,0.1635,139.0,98.3,0.467
83.5,32022.1,35111.4,0.1271,0.2718,139.0,98.3,0.467
83.52,31993.7,35015.2,-0.0309,0.0355,139.0,98.3,0.467
83.54,31945.0,34905.1,-0.3016,-0.2348,139.0,98.3,0.467
83.56,31896.7,34820.5,-0.5703,-0.4423,139.0,98.3,0.467
83.58,31857.1,34772.4,-0.7907,-0.5604,139.0,98.3,0.467
83.6,31851.3,34737.1,-0.823,-0.647,139.0,98.3,0.467
83.62,31914.2,34682.9,-0.4732,-0.78,139.0,98.3,0.467
83.64,31789.0,34576.8,-1.1691,-1.0406,139.0,98.3,0.467
83.66,31802.7,34487.6,-1.093,-1.2595,139.0,98.3,0.467
83.68,31742.2,34543.8,-1.4292,-1.1214,139.0,98.3,0.467
83.7,31665.5,34470.5,-1.8559,-1.3015,139.0,98.3,0.467
83.72,31781.4,34515.9,-1.2116,-1.19,139.0,98.3,0.467
83.74,31863.8,34634.6,-0.7536,-0.8987,139.0,98.3,0.467
83.76,32055.6,34953.3,0.3131,-0.1165,139.0,98.3,0.467
83.78,32140.1,35497.3,0.7827,1.219,139.0,98.3,0.467
83.8,32300.5,35649.7,1.6746,1.593,139.0,98.3,0.467
83.82,32281.4,35843.8,1.5684,2.0694,139.0,98.3,0.467
83.84,32272.9,35735.0,1.5213,1.8023,139.0,98.3,0.467
83.86,32138.4,35534.6,0.7735,1.3104,139.0,98.3,0.467
83.88,32116.9,35349.2,0.654,0.8555,139.0,98.3,0.467
83.9,32033.9,35277.5,0.1927,0.6794,139.0,98.3,0.467
83.92,32020.0,35264.8,0.1149,0.6483,139.0,98.3,0.467
83.94,32013.9,35063.0,0.0811,0.1529,139.0,98.3,0.467
83.96,32047.9,34980.2,0.2702,-0.0504,139.0,98.3,0.467
83.98,31839.2,34957.8,-0.8901,-0.1052,139.0,98.3,0.467
84.0,31954.8,34774.0,-0.2472,-0.5565,139.0,98.3,0.467
84.02,31921.1,34679.8,-0.435,-0.7876,139.0,98.3,0.467
84.04,31910.9,34696.9,-0.4913,-0.7457,139.0,98.3,0.467
84.06,31959.4,34618.5,-0.222,-0.9382,139.0,98.3,0.467
84.08,31806.9,34595.0,-1.0695,-0.9958,139.0,98.3,0.467
84.1,31840.1,34568.6,-0.8849,-1.0606,139.0,98.3,0.467
84.12,31815.0,34477.7,-1.0249,-1.2838,139.0,98.3,0.467
84.14,31778.7,34421.7,-1.2264,-1.4211,139.0,98.3,0.467
84.16,31863.4,34462.9,-0.7554,-1.32,139.0,98.3,0.467
84.18,31973.1,34823.1,-0.1455,-0.436,139.0,98.3,0.467
84.2,32079.7,35183.7,0.4472,0.4493,139.0,98.3,0.467
84.22,32254.4,35615.5,1.4186,1.5091,139.0,98.3,0.467
84.24,32213.8,35802.3,1.1926,1.9675,139.0,98.3,0.467
84.26,32360.6,35729.3,2.0089,1.7883,139.0,98.3,0.467
84.28,32278.9,35583.0,1.5548,1.4293,139.0,98.3,0.467
84.3,32228.5,35486.6,1.2744,1.1926,139.0,98.3,0.467
84.32,32087.1,35186.0,0.4881,0.4547,139.0,98.3,0.467
84.34,32123.6,35115.4,0.6914,0.2814,139.0,98.3,0.467
84.36,31945.2,35191.6,-0.3006,0.4686,139.0,98.3,0.467
84.38,31948.3,35070.3,-0.2835,0.1709,139.0,98.3,0.467
84.4,31903.5,34969.9,-0.5328,-0.0755,139.0,98.3,0.467
84.42,31931.7,34850.3,-0.3757,-0.3692,139.0,98.3,0.467
84.44,31924.0,34759.4,-0.4186,-0.5923,139.0,98.3,0.467
84.46,31904.4,34744.0,-0.5274,-0.6302,139.0,98.3,0.467
84.48,31833.4,34718.0,-0.9226,-0.694,139.0,98.3,0.467
84.5,31808.5,34587.6,-1.0609,-1.0139,139.0,98.3,0.467
84.52,31850.8,34539.6,-0.8258,-1.1318,139.0,98.3,0.467
84.54,31759.2,34407.7,-1.3348,-1.4555,139.0,98.3,0.467
84.56,31817.3,34438.7,-1.0119,-1.3794,139.0,98.3,0.467
84.58,31799.2,34470.9,-1.1127,-1.3004,139.0,98.3,0.467
84.6,31969.5,34638.2,-0.1659,-0.8897,139.0,98.3,0.467
84.62,32047.3,34893.0,0.2671,-0.2645,139.0,98.3,0.467
84.64,32089.7,35336.9,0.503,0.8252,139.0,98.3,0.467
84.66,32225.7,35629.1,1.2589,1.5423,139.0,98.3,0.467
84.68,32357.2,35735.5,1.9901,1.8037,139.0,98.3,0.467
84.7,32339.1,35633.8,1.8896,1.5539,139.0,98.3,0.467
84.72,32288.7,35530.4,1.6093,1.3002,139.0,98.3,0.467
84.74,32123.8,35339.7,0.6924,0.832,139.0,98.3,0.467
84.76,32012.8,35175.5,0.0754,0.4289,139.0,98.3,0.467
84.78,32002.6,35168.9,0.0183,0.4128,139.0,98.3,0.467
84.8,31991.1,35087.5,-0.0458,0.2129,139.0,98.3,0.467
84.82,31972.8,34940.2,-0.147,-0.1485,139.0,98.3,0.467
84.84,31895.0,34844.7,-0.5801,-0.383,139.0,98.3,0.467
84.86,31984.2,34857.9,-0.0839,-0.3506,139.0,98.3,0.467
84.88,31928.0,34680.0,-0.3966,-0.7873,139.0,98.3,0.467
84.9,31848.6,34647.5,-0.8379,-0.8669,139.0,98.3,0.467
84.92,31868.6,34705.1,-0.7266,-0.7255,139.0,98.3,0.467
84.94,31821.8,34614.7,-0.9869,-0.9474,139.0,98.3,0.467
84.96,31796.3,34553.4,-1.1289,-1.0979,139.0,98.3,0.467
84.98,31727.5,34461.9,-1.5111,-1.3225,139.0,98.3,0.467
85.0,31735.1,34400.8,-1.4692,-1.4726,139.0,98.3,0.467
85.02,31810.1,34635.1,-1.0518,-0.8975,139.0,98.3,0.467
85.04,31938.1,34799.4,-0.34,-0.494,139.0,98.3,0.467
85.06,32051.2,35143.5,0.2889,0.3505,139.0,98.3,0.467
85.08,32222.6,35462.8,1.2419,1.1342,139.0,98.3,0.467
85.1,32237.7,35643.7,1.3256,1.5782,139.0,98.3,0.467
85.12,32297.0,35706.7,1.6551,1.7328,139.0,98.3,0.467
85.14,32260.4,35605.4,1.4519,1.4843,139.0,98.3,0.467
85.16,32166.0,35449.7,0.927,1.102,139.0,98.3,0.467
85.18,32180.3,35277.1,1.0065,0.6785,139.0,98.3,0.467
85.2,32009.5,35154.8,0.0569,0.3781,139.0,98.3,0.467
85.22,31922.5,35097.5,-0.4268,0.2376,139.0,98.3,0.467
85.24,31961.8,34977.2,-0.2086,-0.0577,139.0,98.3,0.467
85.26,32014.5,34972.4,0.0846,-0.0696,139.0,98.3,0.467
85.28,31855.4,34889.8,-0.7998,-0.2722,139.0,98.3,0.467
85.3,31866.4,34704.3,-0.7389,-0.7275,139.0,98.3,0.467
85.32,31868.5,34764.1,-0.727,-0.5807,139.0,98.3,0.467
85.34,31881.1,34655.4,-0.657,-0.8475,139.0,98.3,0.467
85.36,31876.1,34560.0,-0.6852,-1.0818,139.0,98.3,0.467
85.38,31899.0,34651.2,-0.5574,-0.8578,139.0,98.3,0.467
85.4,31797.4,34551.1,-1.1223,-1.1035,139.0,98.3,0.467
85.42,31760.1,34417.9,-1.3301,-1.4305,139.0,98.3,0.467
85.44,31731.4,34503.5,-1.4894,-1.2203,139.0,98.3,0.467
85.46,31839.2,34702.5,-0.8903,-0.7319,139.0,98.3,0.467
85.48,31924.5,34917.3,-0.4159,-0.2047,139.0,98.3,0.467
85.5,32091.5,35262.6,0.513,0.6429,139.0,98.3,0.467
85.52,32293.2,35592.3,1.6343,1.452,139.0,98.3,0.467
85.54,32273.9,35715.4,1.5268,1.7542,139.0,98.3,0.467
85.56,32348.2,35741.4,1.9403,1.818,139.0,98.3,0.467
85.58,32274.7,35544.2,1.5313,1.3339,139.0,98.3,0.467
85.6,32190.2,35471.1,1.0615,1.1545,139.0,98.3,0.467
85.62,32122.7,35220.5,0.686,0.5394,139.0,98.3,0.467
85.64,32081.7,35151.7,0.4582,0.3705,139.0,98.3,0.467
85.66,32038.9,35053.9,0.2204,0.1306,139.0,98.3,0.467
85.68,31963.5,35047.1,-0.1992,0.114,139.0,98.3,0.467
85.7,31967.6,34937.7,-0.1761,-0.1547,139.0,98.3,0.467
85.72,31945.9,34823.0,-0.2967,-0.4362,139.0,98.3,0.467
85.74,31866.9,34719.8,-0.7358,-0.6895,139.0,98.3,0.467
85.76,31793.4,34779.7,-1.1447,-0.5426,139.0,98.3,0.467
85.78,31776.4,34693.8,-1.2395,-0.7532,139.0,98.3,0.467
85.8,31858.0,34668.8,-0.7856,-0.8148,139.0,98.3,0.467
85.82,31811.9,34579.2,-1.0419,-1.0346,139.0,98.3,0.467
85.84,31873.8,34476.0,-0.6978,-1.2879,139.0,98.3,0.467
85.86,31689.9,34438.8,-1.7205,-1.3791,139.0,98.3,0.467
85.88,31740.2,34549.4,-1.4405,-1.1077,139.0,98.3,0.467
85.9,31916.4,34679.6,-0.461,-0.7881,139.0,98.3,0.467
85.92,32000.0,35007.6,0.0037,0.017,139.0,98.3,0.467
85.94,32133.6,35491.1,0.7467,1.2037,139.0,98.3,0.467
85.96,32227.0,35730.8,1.2659,1.7919,139.0,98.3,0.467
85.98,32241.5,35754.0,1.347,1.8491,139.0,98.3,0.467
86.0,32250.0,35685.1,1.394,1.6798,139.0,98.3,0.467
86.02,32185.3,35490.8,1.0342,1.2029,139.0,98.3,0.467
86.04,32079.3,35292.0,0.4447,0.7151,139.0,98.3,0.467
86.06,32081.5,35140.9,0.457,0.3441,139.0,98.3,0.467
86.08,31967.9,35085.6,-0.1746,0.2085,139.0,98.3,0.467
86.1,32073.9,35106.9,0.4149,0.2607,139.0,98.3,0.467
86.12,32070.6,34969.0,0.3963,-0.0779,139.0,98.3,0.467
86.14,31923.0,34847.9,-0.4239,-0.375,139.0,98.3,0.467
86.16,31828.8,34843.1,-0.9481,-0.3869,139.0,98.3,0.467
86.18,31904.9,34773.3,-0.5246,-0.5581,139.0,98.3,0.467
86.2,31907.1,34645.2,-0.5127,-0.8725,139.0,98.3,0.467
86.22,31821.7,34658.4,-0.9873,-0.8403,139.0,98.3,0.467
86.24,31832.7,34591.5,-0.9261,-1.0044,139.0,98.3,0.467
86.26,31709.2,34590.0,-1.6128,-1.008,139.0,98.3,0.467
86.28,31711.0,34455.3,-1.6029,-1.3386,139.0,98.3,0.467
86.3,31756.4,34402.1,-1.3503,-1.4694,139.0,98.3,0.467
86.32,31985.3,34563.8,-0.0778,-1.0723,139.0,98.3,0.467
86.34,31984.5,34853.2,-0.082,-0.3622,139.0,98.3,0.467
86.36,32042.7,35252.8,0.2416,0.6189,139.0,98.3,0.467
86.38,32257.7,35518.2,1.437,1.2702,139.0,98.3,0.467
86.4,32395.1,35677.3,2.201,1.6606,139.0,98.3,0.467
86.42,32379.4,35781.4,2.1137,1.9163,139.0,98.3,0.467
86.44,32254.7,35656.6,1.4201,1.61,139.0,98.3,0.467
86.46,32182.5,35455.3,1.0186,1.1157,139.0,98.3,0.467
86.48,32105.0,35158.3,0.5878,0.3868,139.0,98.3,0.467
86.5,32033.6,35157.5,0.1909,0.3849,139.0,98.3,0.467
86.52,32010.9,35091.7,0.0645,0.2233,139.0,98.3,0.467
86.54,32084.1,35049.1,0.4716,0.1187,139.0,98.3,0.467
86.56,32043.8,34840.0,0.2475,-0.3945,139.0,98.3,0.467
86.58,31867.7,34800.7,-0.7319,-0.491,139.0,98.3,0.467
86.6,31864.6,34742.3,-0.7488,-0.6343,139.0,98.3,0.467
86.62,31848.6,34718.2,-0.8377,-0.6933,139.0,98.3,0.467
86.64,31782.2,34696.2,-1.2068,-0.7474,139.0,98.3,0.467
86.66,31830.3,34642.4,-0.9398,-0.8795,139.0,98.3,0.467
86.68,31790.0,34526.1,-1.1638,-1.1649,139.0,98.3,0.467
86.7,31825.4,34444.4,-0.9669,-1.3654,139.0,98.3,0.467
86.72,31756.3,34513.2,-1.3511,-1.1967,139.0,98.3,0.467
86.74,31817.4,34465.8,-1.0115,-1.3129,139.0,98.3,0.467
86.76,31760.7,34677.5,-1.3267,-0.7933,139.0,98.3,0.467
86.78,32082.6,34915.1,0.4631,-0.2101,139.0,98.3,0.467
86.8,32194.9,35367.4,1.0878,0.9001,139.0,98.3,0.467
86.82,32322.0,35713.4,1.7946,1.7494,139.0,98.3,0.467
86.84,32288.9,35784.7,1.6101,1.9243,139.0,98.3,0.467
86.86,32402.3,35648.4,2.2411,1.5898,139.0,98.3,0.467
86.88,32312.1,35557.9,1.7393,1.3676,139.0,98.3,0.467
86.9,32168.5,35355.4,0.941,0.8707,139.0,98.3,0.467
86.92,32007.1,35202.4,0.0434,0.495,139.0,98.3,0.467
86.94,32021.4,35148.2,0.1229,0.362,139.0,98.3,0.467
86.96,31989.3,35090.8,-0.0554,0.2211,139.0,98.3,0.467
86.98,32023.4,34987.7,0.1343,-0.032,139.0,98.3,0.467
87.0,31993.5,34881.4,-0.0322,-0.2928,139.0,98.3,0.467
87.02,31947.0,34760.5,-0.2908,-0.5897,139.0,98.3,0.467
87.04,31847.8,34707.8,-0.8422,-0.7191,139.0,98.3,0.467
87.06,31898.5,34682.0,-0.5605,-0.7823,139.0,98.3,0.467
87.08,31735.5,34662.7,-1.4666,-0.8296,139.0,98.3,0.467
87.1,31912.8,34492.5,-0.4809,-1.2475,139.0,98.3,0.467
87.12,31869.2,34626.0,-0.723,-0.9197,139.0,98.3,0.467
87.14,31637.7,34451.9,-2.0107,-1.347,139.0,98.3,0.467
87.16,31809.0,34371.9,-1.0581,-1.5434,139.0,98.3,0.467
87.18,31800.2,34482.6,-1.1068,-1.2717,139.0,98.3,0.467
87.2,31844.6,34708.9,-0.8599,-0.7163,139.0,98.3,0.467
87.22,32104.7,35118.2,0.586,0.2884,139.0,98.3,0.467
87.24,32228.6,35538.8,1.2749,1.3208,139.0,98.3,0.467
87.26,32342.9,35727.7,1.9105,1.7845,139.0,98.3,0.467
87.28,32267.7,35712.6,1.4925,1.7474,139.0,98.3,0.467
87.3,32268.2,35663.3,1.4953,1.6264,139.0,98.3,0.467
87.32,32266.0,35484.0,1.483,1.1863,139.0,98.3,0.467
87.34,32191.4,35249.1,1.068,0.6096,139.0,98.3,0.467
87.36,32108.0,35166.1,0.6045,0.406,139.0,98.3,0.467
87.38,32001.4,35029.1,0.0117,0.0697,139.0,98.3,0.467
87.4,31974.3,35065.0,-0.1388,0.1579,139.0,98.3,0.467
87.42,31950.5,35008.9,-0.2714,0.02,139.0,98.3,0.467
87.44,31926.1,34950.8,-0.4068,-0.1224,139.0,98.3,0.467
87.46,31885.3,34743.8,-0.6336,-0.6306,139.0,98.3,0.467
87.48,31813.4,34685.5,-1.0335,-0.7737,139.0,98.3,0.467
87.5,31825.1,34597.9,-0.9686,-0.9888,139.0,98.3,0.467
87.52,31881.7,34658.4,-0.654,-0.8402,139.0,98.3,0.467
87.54,31864.3,34646.2,-0.7506,-0.8702,139.0,98.3,0.467
87.56,31727.7,34479.4,-1.5098,-1.2795,139.0,98.3,0.467
87.58,31726.8,34398.5,-1.5151,-1.4782,139.0,98.3,0.467
87.6,31807.1,34503.1,-1.0687,-1.2215,139.0,98.3,0.467
87.62,31818.8,34596.5,-1.0038,-0.9922,139.0,98.3,0.467
87.64,31984.6,34955.3,-0.0815,-0.1116,139.0,98.3,0.467
87.66,32149.0,35334.7,0.8322,0.8198,139.0,98.3,0.467
87.68,32298.1,35619.8,1.6612,1.5195,139.0,98.3,0.467
87.7,32350.2,35837.0,1.9514,2.0526,139.0,98.3,0.467
87.72,32317.2,35671.8,1.7676,1.6471,139.0,98.3,0.467
87.74,32283.8,35616.5,1.582,1.5116,139.0,98.3,0.467
87.76,32172.6,35295.8,0.9637,0.7242,139.0,98.3,0.467
87.78,32124.4,35222.7,0.6956,0.5449,139.0,98.3,0.467
87.8,32014.1,35141.9,0.0823,0.3466,139.0,98.3,0.467
87.82,32006.0,35052.9,0.0371,0.1281,139.0,98.3,0.467
87.84,31957.6,34945.7,-0.2316,-0.1351,139.0,98.3,0.467
87.86,32016.1,34919.3,0.0935,-0.1997,139.0,98.3,0.467
87.88,31843.8,34855.8,-0.8648,-0.3556,139.0,98.3,0.467
87.9,31830.9,34672.9,-0.9362,-0.8046,139.0,98.3,0.467
87.92,31823.5,34720.0,-0.9776,-0.689,139.0,98.3,0.467
87.94,31868.0,34604.0,-0.7298,-0.9738,139.0,98.3,0.467
87.96,31919.6,34601.4,-0.4429,-0.9802,139.0,98.3,0.467
87.98,31824.1,34517.8,-0.9741,-1.1853,139.0,98.3,0.467
88.0,31756.9,34450.5,-1.3476,-1.3504,139.0,98.3,0.467
88.02,31740.1,34433.0,-1.441,-1.3933,139.0,98.3,0.467
88.04,31801.3,34447.4,-1.1009,-1.358,139.0,98.3,0.467
88.06,31823.4,34785.5,-0.9778,-0.5283,139.0,98.3,0.467
88.08,31995.5,35103.2,-0.0212,0.2515,139.0,98.3,0.467
88.1,32159.9,35438.8,0.893,1.0753,139.0,98.3,0.467
88.12,32212.5,35664.6,1.1853,1.6295,139.0,98.3,0.467
88.14,32269.4,35749.0,1.5017,1.8366,139.0,98.3,0.467
88.16,32222.9,35519.3,1.2435,1.2728,139.0,98.3,0.467
88.18,32137.2,35511.0,0.767,1.2525,139.0,98.3,0.467
88.2,32098.1,35268.1,0.5497,0.6562,139.0,98.3,0.467
88.22,32104.8,35206.9,0.5867,0.5062,139.0,98.3,0.467
88.24,31980.3,35099.1,-0.1059,0.2415,139.0,98.3,0.467
88.26,32018.0,35029.3,0.1042,0.0702,139.0,98.3,0.467
88.28,32006.9,35041.2,0.0421,0.0994,139.0,98.3,0.467
88.3,31970.4,34888.8,-0.1605,-0.2746,139.0,98.3,0.467
88.32,31931.3,34818.6,-0.3781,-0.4469,139.0,98.3,0.467
88.34,31867.1,34686.0,-0.735,-0.7724,139.0,98.3,0.467
88.36,31854.2,34610.4,-0.8069,-0.9579,139.0,98.3,0.467
88.38,31866.6,34656.4,-0.738,-0.8452,139.0,98.3,0.467
88.4,31934.2,34642.0,-0.3618,-0.8804,139.0,98.3,0.467
88.42,31752.6,34588.0,-1.3718,-1.013,139.0,98.3,0.467
88.44,31749.2,34477.2,-1.3905,-1.2849,139.0,98.3,0.467
88.46,31792.3,34421.2,-1.151,-1.4225,139.0,98.3,0.467
88.48,31778.7,34517.5,-1.2265,-1.1862,139.0,98.3,0.467
88.5,31943.5,34860.7,-0.31,-0.3436,139.0,98.3,0.467
88.52,32218.8,35148.7,1.2208,0.3633,139.0,98.3,0.467
88.54,32156.1,35584.3,0.872,1.4325,139.0,98.3,0.467
88.56,32377.6,35664.4,2.1037,1.629,139.0,98.3,0.467
88.58,32358.3,35686.6,1.996,1.6835,139.0,98.3,0.467
88.6,32306.5,35557.1,1.7081,1.3657,139.0,98.3,0.467
88.62,32113.3,35483.1,0.6338,1.184,139.0,98.3,0.467
88.64,32074.7,35201.0,0.4191,0.4915,139.0,98.3,0.467
88.66,32084.3,35119.9,0.4729,0.2925,139.0,98.3,0.467
88.68,32094.8,34999.7,0.531,-0.0025,139.0,98.3,0.467
88.7,32098.9,34974.9,0.5541,-0.0633,139.0,98.3,0.467
88.72,31904.0,34918.7,-0.5297,-0.2013,139.0,98.3,0.467
88.74,31957.2,34834.4,-0.234,-0.4083,139.0,98.3,0.467
88.76,31874.6,34745.3,-0.6935,-0.627,139.0,98.3,0.467
88.78,31943.3,34688.7,-0.3116,-0.7657,139.0,98.3,0.467
88.8,31848.3,34654.0,-0.8397,-0.8511,139.0,98.3,0.467
88.82,31794.7,34717.3,-1.1378,-0.6956,139.0,98.3,0.467
88.84,31746.0,34718.6,-1.4084,-0.6925,139.0,98.3,0.467
88.86,31803.0,34539.1,-1.0914,-1.1331,139.0,98.3,0.467
88.88,31679.6,34409.1,-1.7778,-1.4522,139.0,98.3,0.467
88.9,31802.3,34495.2,-1.0951,-1.2407,139.0,98.3,0.467
88.92,31890.0,34614.5,-0.6076,-0.9479,139.0,98.3,0.467
88.94,32058.6,34982.9,0.3296,-0.0438,139.0,98.3,0.467
88.96,32179.4,35322.2,1.0013,0.789,139.0,98.3,0.467
88.98,32288.8,35657.6,1.6096,1.6123,139.0,98.3,0.467
89.0,32295.7,35679.3,1.6479,1.6656,139.0,98.3,0.467
89.02,32213.3,35674.9,1.1902,1.6548,139.0,98.3,0.467
89.04,32195.2,35393.0,1.0893,0.9628,139.0,98.3,0.467
89.06,32093.7,35373.1,0.5249,0.9141,139.0,98.3,0.467
89.08,32099.2,35146.3,0.5558,0.3572,139.0,98.3,0.467
89.1,32052.5,35077.1,0.2957,0.1876,139.0,98.3,0.467
89.12,31990.1,35103.4,-0.0514,0.252,139.0,98.3,0.467
89.14,31894.2,35091.0,-0.5842,0.2215,139.0,98.3,0.467
89.16,32054.2,34906.8,0.3056,-0.2306,139.0,98.3,0.467
89.18,31866.7,34808.4,-0.737,-0.4721,139.0,98.3,0.467
89.2,31832.4,34653.9,-0.9282,-0.8511,139.0,98.3,0.467
89.22,31880.7,34725.8,-0.6596,-0.6748,139.0,98.3,0.467
89.24,31963.2,34614.6,-0.2008,-0.9476,139.0,98.3,0.467
89.26,31803.1,34535.8,-1.0908,-1.1411,139.0,98.3,0.467
89.28,31839.4,34549.8,-0.8893,-1.1066,139.0,98.3,0.467
89.3,31836.2,34483.9,-0.9067,-1.2686,139.0,98.3,0.467
89.32,31695.4,34431.7,-1.6897,-1.3966,139.0,98.3,0.467
89.34,31848.9,34644.8,-0.8363,-0.8736,139.0,98.3,0.467
89.36,32042.8,34868.4,0.242,-0.3247,139.0,98.3,0.467
89.38,32156.1,35185.5,0.8722,0.4535,139.0,98.3,0.467
89.4,32207.2,35539.7,1.1561,1.3229,139.0,98.3,0.467
89.42,32385.3,35748.5,2.1464,1.8355,139.0,98.3,0.467
89.44,32332.3,35665.2,1.8519,1.631,139.0,98.3,0.467
89.46,32300.3,35652.6,1.6735,1.6,139.0,98.3,0.467
89.48,32148.5,35473.9,0.8295,1.1615,139.0,98.3,0.467
89.5,32207.4,35325.6,1.1572,0.7974,139.0,98.3,0.467
89.52,31945.1,35137.6,-0.3015,0.336,139.0,98.3,0.467
89.54,32031.5,35169.9,0.1792,0.4152,139.0,98.3,0.467
89.56,32072.9,35161.6,0.4091,0.395,139.0,98.3,0.467
89.58,31989.5,34963.5,-0.0547,-0.0914,139.0,98.3,0.467
89.6,31975.5,34861.5,-0.1321,-0.3417,139.0,98.3,0.467
89.62,31916.7,34806.7,-0.459,-0.4762,139.0,98.3,0.467
89.64,31878.7,34702.4,-0.6703,-0.7323,139.0,98.3,0.467
89.66,31964.9,34733.2,-0.191,-0.6565,139.0,98.3,0.467
89.68,31910.2,34699.6,-0.4954,-0.7391,139.0,98.3,0.467
89.7,31805.4,34600.3,-1.0781,-0.9829,139.0,98.3,0.467
89.72,31775.5,34620.6,-1.2446,-0.9331,139.0,98.3,0.467
89.74,31738.5,34449.4,-1.4499,-1.3532,139.0,98.3,0.467
89.76,31748.5,34463.5,-1.3946,-1.3187,139.0,98.3,0.467
89.78,31832.7,34629.8,-0.9264,-0.9104,139.0,98.3,0.467
89.8,31961.8,34942.3,-0.2084,-0.1433,139.0,98.3,0.467
89.82,32146.9,35265.6,0.8209,0.6502,139.0,98.3,0.467
89.84,32221.3,35572.7,1.2342,1.4039,139.0,98.3,0.467
89.86,32358.3,35695.6,1.9964,1.7055,139.0,98.3,0.467
89.88,32262.6,35824.4,1.4639,2.0217,139.0,98.3,0.467
89.9,32276.4,35558.5,1.5407,1.3691,139.0,98.3,0.467
89.92,32270.0,35331.9,1.5054,0.8129,139.0,98.3,0.467
89.94,32100.7,35193.2,0.5641,0.4724,139.0,98.3,0.467
89.96,32062.5,35222.2,0.3516,0.5436,139.0,98.3,0.467
89.98,32134.3,35052.5,0.7505,0.1271,139.0,98.3,0.467
90.0,32054.4,35025.9,0.3066,0.0619,139.0,98.3,0.467
90.02,31937.4,34903.8,-0.3443,-0.2379,139.0,98.3,0.467
90.04,32027.1,34772.7,0.1549,-0.5595,139.0,98.3,0.467
90.06,31890.4,34832.5,-0.6055,-0.4128,139.0,98.3,0.467
90.08,31857.1,34812.9,-0.7907,-0.4609,139.0,98.3,0.467
90.1,31861.4,34695.9,-0.767,-0.7482,139.0,98.3,0.467
90.12,31840.0,34627.0,-0.8859,-0.9172,139.0,98.3,0.467
90.14,31725.0,34507.1,-1.5251,-1.2117,139.0,98.3,0.467
90.16,31737.5,34523.2,-1.4557,-1.1721,139.0,98.3,0.467
90.18,31767.2,34452.3,-1.2907,-1.3462,139.0,98.3,0.467
90.2,31734.0,34479.9,-1.475,-1.2784,139.0,98.3,0.467
90.22,31934.7,34709.5,-0.359,-0.7147,139.0,98.3,0.467
90.24,32120.6,35041.8,0.6746,0.1008,139.0,98.3,0.467
90.26,32186.4,35445.0,1.0406,1.0906,139.0,98.3,0.467
90.28,32302.6,35688.4,1.6863,1.6881,139.0,98.3,0.467
90.3,32312.0,35708.0,1.7386,1.736,139.0,98.3,0.467
90.32,32349.9,35624.1,1.9493,1.5302,139.0,98.3,0.467
90.34,32269.2,35385.5,1.5005,0.9445,139.0,98.3,0.467
90.36,32062.1,35219.7,0.3492,0.5375,139.0,98.3,0.467
90.38,32112.8,35180.5,0.6312,0.4414,139.0,98.3,0.467
90.4,31987.6,35058.6,-0.0651,0.142,139.0,98.3,0.467
90.42,32041.6,35164.4,0.2353,0.4019,139.0,98.3,0.467
90.44,32076.4,34992.8,0.4286,-0.0195,139.0,98.3,0.467
90.46,31997.6,34873.9,-0.0096,-0.3114,139.0,98.3,0.467
90.48,31884.0,34728.8,-0.6413,-0.6674,139.0,98.3,0.467
90.5,31886.1,34744.2,-0.6293,-0.6297,139.0,98.3,0.467
90.52,31844.2,34744.0,-0.8621,-0.6301,139.0,98.3,0.467
90.54,31801.1,34628.0,-1.1018,-0.9147,139.0,98.3,0.467
90.56,31865.8,34688.8,-0.7425,-0.7655,139.0,98.3,0.467
90.58,31806.1,34543.9,-1.0744,-1.1212,139.0,98.3,0.467
90.6,31798.0,34460.1,-1.1193,-1.3268,139.0,98.3,0.467
90.62,31750.3,34466.7,-1.3842,-1.3107,139.0,98.3,0.467
90.64,31789.2,34573.3,-1.168,-1.049,139.0,98.3,0.467
90.66,31889.2,34980.9,-0.6122,-0.0486,139.0,98.3,0.467
90.68,32162.6,35222.9,0.9081,0.5455,139.0,98.3,0.467
90.7,32241.9,35551.2,1.349,1.3513,139.0,98.3,0.467
90.72,32295.1,35747.2,1.6451,1.8323,139.0,98.3,0.467
90.74,32254.8,35659.2,1.4207,1.6163,139.0,98.3,0.467
90.76,32383.4,35538.7,2.136,1.3205,139.0,98.3,0.467
90.78,32142.5,35433.1,0.7962,1.0612,139.0,98.3,0.467
90.8,32076.3,35209.7,0.4284,0.513,139.0,98.3,0.467
90.82,32064.2,35095.3,0.3608,0.2323,139.0,98.3,0.467
90.84,32046.5,35178.9,0.2627,0.4374,139.0,98.3,0.467
90.86,32026.0,35051.0,0.1483,0.1235,139.0,98.3,0.467
90.88,31993.0,34977.5,-0.0349,-0.0569,139.0,98.3,0.467
90.9,31871.6,34950.0,-0.7101,-0.1244,139.0,98.3,0.467
90.92,31810.6,34729.8,-1.0492,-0.6649,139.0,98.3,0.467
90.94,31862.0,34700.5,-0.7634,-0.7368,139.0,98.3,0.467
90.96,31870.1,34698.2,-0.7184,-0.7426,139.0,98.3,0.467
90.98,31849.6,34674.5,-0.8321,-0.8007,139.0,98.3,0.467
91.0,31854.6,34587.4,-0.8044,-1.0145,139.0,98.3,0.467
91.02,31777.7,34518.0,-1.2322,-1.1848,139.0,98.3,0.467
91.04,31736.6,34476.7,-1.4606,-1.2861,139.0,98.3,0.467
91.06,31814.4,34489.7,-1.0281,-1.2544,139.0,98.3,0.467
91.08,31872.9,34667.0,-0.7029,-0.8192,139.0,98.3,0.467
91.1,31974.0,35022.1,-0.1407,0.0525,139.0,98.3,0.467
91.12,32079.0,35406.2,0.4434,0.9952,139.0,98.3,0.467
91.14,32287.7,35617.6,1.6035,1.5142,139.0,98.3,0.467
91.16,32311.6,35824.2,1.7364,2.0213,139.0,98.3,0.467
91.18,32317.3,35721.4,1.7682,1.7689,139.0,98.3,0.467
91.2,32169.8,35467.9,0.9481,1.1466,139.0,98.3,0.467
91.22,32052.4,35292.9,0.2951,0.7171,139.0,98.3,0.467
91.24,32020.5,35178.3,0.118,0.4359,139.0,98.3,0.467
91.26,32010.0,35093.1,0.0596,0.2268,139.0,98.3,0.467
91.28,32012.8,35111.3,0.0751,0.2714,139.0,98.3,0.467
91.3,31999.4,35015.0,0.0006,0.035,139.0,98.3,0.467
91.32,31919.0,34968.9,-0.4466,-0.078,139.0,98.3,0.467
91.34,31928.4,34718.4,-0.3942,-0.693,139.0,98.3,0.467
91.36,31942.3,34761.1,-0.3168,-0.5881,139.0,98.3,0.467
91.38,31851.5,34612.1,-0.8219,-0.9538,139.0,98.3,0.467
91.4,31909.3,34675.4,-0.5002,-0.7984,139.0,98.3,0.467
91.42,31775.3,34708.9,-1.2452,-0.7163,139.0,98.3,0.467
91.44,31795.6,34554.9,-1.1325,-1.0943,139.0,98.3,0.467
91.46,31744.8,34392.5,-1.415,-1.493,139.0,98.3,0.467
91.48,31747.8,34457.0,-1.3981,-1.3344,139.0,98.3,0.467
91.5,31904.0,34679.1,-0.5299,-0.7894,139.0,98.3,0.467
91.52,31917.6,34792.0,-0.4542,-0.5123,139.0,98.3,0.467
91.54,32064.4,35210.0,0.362,0.5138,139.0,98.3,0.467
91.56,32166.9,35504.6,0.9323,1.2368,139.0,98.3,0.467
91.58,32226.8,35721.4,1.2651,1.7691,139.0,98.3,0.467
91.6,32410.5,35749.8,2.2866,1.8386,139.0,98.3,0.467
91.62,32280.3,35595.2,1.5625,1.4592,139.0,98.3,0.467
91.64,32227.7,35348.1,1.2699,0.8526,139.0,98.3,0.467
91.66,32194.9,35162.7,1.0875,0.3975,139.0,98.3,0.467
91.68,32070.7,35141.0,0.3971,0.3444,139.0,98.3,0.467
91.7,32036.2,35146.0,0.2054,0.3566,139.0,98.3,0.467
91.72,32009.6,35104.5,0.0573,0.2547,139.0,98.3,0.467
91.74,32040.4,34971.2,0.2285,-0.0724,139.0,98.3,0.467
91.76,31874.6,34862.7,-0.6931,-0.3388,139.0,98.3,0.467
91.78,31843.8,34874.9,-0.8647,-0.3089,139.0,98.3,0.467
91.8,31830.0,34679.9,-0.9413,-0.7875,139.0,98.3,0.467
91.82,31873.1,34742.2,-0.7018,-0.6346,139.0,98.3,0.467
91.84,31900.4,34721.0,-0.5498,-0.6865,139.0,98.3,0.467
91.86,31837.5,34518.3,-0.8999,-1.184,139.0,98.3,0.467
91.88,31755.4,34506.7,-1.3559,-1.2126,139.0,98.3,0.467
91.9,31691.4,34389.6,-1.7117,-1.4999,139.0,98.3,0.467
91.92,31760.4,34541.2,-1.3281,-1.128,139.0,98.3,0.467
91.94,31846.1,34672.3,-0.852,-0.806,139.0,98.3,0.467
91.96,32102.6,35020.0,0.5742,0.0473,139.0,98.3,0.467
91.98,32094.2,35341.9,0.5276,0.8375,139.0,98.3,0.467
92.0,32257.4,35612.5,1.435,1.5017,139.0,98.3,0.467
92.02,32300.7,35817.3,1.6759,2.0044,139.0,98.3,0.467
92.04,32339.7,35728.4,1.8926,1.786,139.0,98.3,0.467
92.06,32214.4,35594.6,1.1963,1.4577,139.0,98.3,0.467
92.08,32204.2,35325.9,1.1395,0.7983,139.0,98.3,0.467
92.1,32104.7,35238.2,0.5863,0.583,139.0,98.3,0.467
92.12,32126.7,35150.9,0.7085,0.3686,139.0,98.3,0.467
92.14,32022.4,35109.3,0.1283,0.2666,139.0,98.3,0.467
92.16,32027.6,35012.4,0.1576,0.0286,139.0,98.3,0.467
92.18,32023.9,34877.1,0.1367,-0.3035,139.0,98.3,0.467
92.2,31908.9,34863.7,-0.5027,-0.3363,139.0,98.3,0.467
92.22,31934.7,34781.3,-0.3593,-0.5386,139.0,98.3,0.467
92.24,31877.8,34679.5,-0.6757,-0.7884,139.0,98.3,0.467
92.26,31887.1,34703.1,-0.6236,-0.7304,139.0,98.3,0.467
92.28,31912.3,34581.2,-0.4837,-1.0297,139.0,98.3,0.467
92.3,31781.5,34525.5,-1.2109,-1.1663,139.0,98.3,0.467
92.32,31828.7,34520.8,-0.9488,-1.1779,139.0,98.3,0.467
92.34,31776.5,34404.4,-1.2387,-1.4637,139.0,98.3,0.467
92.36,31847.0,34553.5,-0.847,-1.0976,139.0,98.3,0.467
92.38,31906.6,34771.3,-0.5155,-0.5631,139.0,98.3,0.467
92.4,32076.8,35141.2,0.4311,0.3449,139.0,98.3,0.467
92.42,32142.6,35493.7,0.7971,1.21,139.0,98.3,0.467
92.44,32307.9,35797.8,1.716,1.9565,139.0,98.3,0.467
92.46,32298.3,35727.1,1.6626,1.783,139.0,98.3,0.467
92.48,32215.6,35567.1,1.203,1.3902,139.0,98.3,0.467
92.5,32224.7,35496.0,1.2536,1.2156,139.0,98.3,0.467
92.52,32059.4,35316.9,0.334,0.7762,139.0,98.3,0.467
92.54,32051.5,35173.5,0.2903,0.4241,139.0,98.3,0.467
92.56,32062.4,35119.4,0.3507,0.2913,139.0,98.3,0.467
92.58,32022.3,35054.3,0.1278,0.1316,139.0,98.3,0.467
92.6,32014.4,34989.0,0.0839,-0.0286,139.0,98.3,0.467
92.62,32048.0,34893.2,0.2706,-0.2639,139.0,98.3,0.467
92.64,31853.4,34817.4,-0.8111,-0.45,139.0,98.3,0.467
92.66,31913.9,34682.6,-0.4748,-0.7807,139.0,98.3,0.467
92.68,31837.7,34623.5,-0.8982,-0.9258,139.0,98.3,0.467
92.7,31877.8,34651.7,-0.6755,-0.8566,139.0,98.3,0.467
92.72,31856.9,34628.9,-0.7917,-0.9126,139.0,98.3,0.467
92.74,31792.4,34570.9,-1.1504,-1.055,139.0,98.3,0.467
92.76,31761.1,34529.7,-1.3245,-1.1561,139.0,98.3,0.467
92.78,31706.3,34550.8,-1.6291,-1.1043,139.0,98.3,0.467
92.8,31840.4,34556.0,-0.8833,-1.0915,139.0,98.3,0.467
92.82,31944.6,34891.0,-0.304,-0.2693,139.0,98.3,0.467
92.84,32090.2,35280.8,0.5054,0.6875,139.0,98.3,0.467
92.86,32205.4,35580.2,1.146,1.4224,139.0,98.3,0.467
92.88,32332.4,35729.9,1.852,1.7899,139.0,98.3,0.467
92.9,32305.5,35711.8,1.7026,1.7454,139.0,98.3,0.467
92.92,32307.3,35604.3,1.7127,1.4815,139.0,98.3,0.467
92.94,32216.6,35335.1,1.2085,0.8207,139.0,98.3,0.467
92.96,32142.7,35134.5,0.7976,0.3283,139.0,98.3,0.467
92.98,32066.0,35165.5,0.3709,0.4045,139.0,98.3,0.467
93.0,32024.9,35160.2,0.1425,0.3915,139.0,98.3,0.467
93.02,31998.1,35095.5,-0.0064,0.2326,139.0,98.3,0.467
93.04,32010.3,34875.2,0.061,-0.308,139.0,98.3,0.467
93.06,31959.3,34910.3,-0.2225,-0.222,139.0,98.3,0.467
93.08,31895.6,34809.6,-0.5768,-0.4691,139.0,98.3,0.467
93.1,31823.8,34673.8,-0.9756,-0.8025,139.0,98.3,0.467
93.12,31879.0,34607.4,-0.6686,-0.9653,139.0,98.3,0.467
93.14,31803.9,34604.8,-1.0863,-0.9718,139.0,98.3,0.467
93.16,31780.1,34628.3,-1.219,-0.914,139.0,98.3,0.467
93.18,31754.6,34476.8,-1.3607,-1.2861,139.0,98.3,0.467
93.2,31662.6,34495.1,-1.872,-1.2411,139.0,98.3,0.467
93.22,31826.3,34469.4,-0.9619,-1.304,139.0,98.3,0.467
93.24,31778.1,34675.0,-1.2301,-0.7994,139.0,98.3,0.467
93.26,32107.2,35033.4,0.6003,0.0803,139.0,98.3,0.467
93.28,32154.7,35404.8,0.8643,0.9917,139.0,98.3,0.467
93.3,32249.8,35653.5,1.3928,1.6023,139.0,98.3,0.467
93.32,32390.5,35822.8,2.1754,2.0179,139.0,98.3,0.467
93.34,32296.1,35686.5,1.6505,1.6834,139.0,98.3,0.467
93.36,32109.5,35577.4,0.6126,1.4156,139.0,98.3,0.467
93.38,32210.6,35291.4,1.175,0.7135,139.0,98.3,0.467
93.4,32118.1,35248.3,0.6606,0.6077,139.0,98.3,0.467
93.42,32030.4,35130.3,0.1729,0.318,139.0,98.3,0.467
93.44,31995.9,35042.7,-0.0186,0.1032,139.0,98.3,0.467
93.46,32063.7,34985.8,0.3581,-0.0365,139.0,98.3,0.467
93.48,31959.0,34878.3,-0.224,-0.3006,139.0,98.3,0.467
93.5,31904.9,34802.6,-0.525,-0.4862,139.0,98.3,0.467
93.52,31813.9,34766.3,-1.0309,-0.5754,139.0,98.3,0.467
93.54,31950.0,34649.7,-0.2742,-0.8615,139.0,98.3,0.467
93.56,31930.7,34658.5,-0.3815,-0.8399,139.0,98.3,0.467
93.58,31909.2,34694.3,-0.5011,-0.752,139.0,98.3,0.467
93.6,31828.1,34570.9,-0.952,-1.055,139.0,98.3,0.467
93.62,31788.9,34580.1,-1.17,-1.0324,139.0,98.3,0.467
93.64,31682.4,34423.4,-1.762,-1.4169,139.0,98.3,0.467
93.66,31886.2,34640.8,-0.6286,-0.8834,139.0,98.3,0.467
93.68,31864.0,34761.2,-0.7525,-0.5878,139.0,98.3,0.467
93.7,32076.9,35226.1,0.4313,0.5531,139.0,98.3,0.467
93.72,32209.4,35541.7,1.1682,1.3279,139.0,98.3,0.467
93.74,32335.8,35667.2,1.8713,1.6359,139.0,98.3,0.467
93.76,32327.5,35737.3,1.825,1.8079,139.0,98.3,0.467
93.78,32300.2,35718.8,1.6729,1.7625,139.0,98.3,0.467
93.8,32190.2,35404.7,1.0613,0.9915,139.0,98.3,0.467
93.82,32145.4,35143.8,0.8123,0.3513,139.0,98.3,0.467
93.84,32038.9,35163.1,0.2202,0.3986,139.0,98.3,0.467
93.86,32095.8,35097.3,0.5364,0.237,139.0,98.3,0.467
93.88,32060.6,35136.1,0.341,0.3324,139.0,98.3,0.467
93.9,31964.2,34961.2,-0.1951,-0.097,139.0,98.3,0.467
93.92,31916.4,34872.8,-0.4607,-0.314,139.0,98.3,0.467
93.94,31924.7,34704.9,-0.4146,-0.7262,139.0,98.3,0.467
93.96,31817.8,34762.6,-1.009,-0.5844,139.0,98.3,0.467
93.98,31856.3,34784.7,-0.7952,-0.5301,139.0,98.3,0.467
94.0,31839.3,34661.3,-0.8894,-0.8331,139.0,98.3,0.467
94.02,31833.7,34602.7,-0.9207,-0.9769,139.0,98.3,0.467
94.04,31821.8,34480.4,-0.9868,-1.2772,139.0,98.3,0.467
94.06,31713.2,34431.5,-1.5907,-1.3972,139.0,98.3,0.467
94.08,31759.1,34365.5,-1.3354,-1.5591,139.0,98.3,0.467
94.1,31900.5,34728.7,-0.5491,-0.6675,139.0,98.3,0.467
94.12,32000.2,35056.8,0.0051,0.1376,139.0,98.3,0.467
94.14,32142.1,35403.4,0.7941,0.9884,139.0,98.3,0.467
94.16,32276.9,35551.7,1.5437,1.3524,139.0,98.3,0.467
94.18,32345.0,35699.0,1.9221,1.714,139.0,98.3,0.467
94.2,32325.9,35733.2,1.8162,1.7979,139.0,98.3,0.467
94.22,32323.1,35552.1,1.8004,1.3533,139.0,98.3,0.467
94.24,32177.8,35389.9,0.9928,0.9554,139.0,98.3,0.467
94.26,32142.3,35144.8,0.7949,0.3536,139.0,98.3,0.467
94.28,31958.7,35106.8,-0.2258,0.2603,139.0,98.3,0.467
94.3,32026.8,35012.7,0.153,0.0294,139.0,98.3,0.467
94.32,32023.7,35068.6,0.136,0.1667,139.0,98.3,0.467
94.34,31973.1,34924.0,-0.1456,-0.1882,139.0,98.3,0.467
94.36,31901.7,34805.5,-0.5428,-0.4792,139.0,98.3,0.467
94.38,31840.2,34701.3,-0.8848,-0.735,139.0,98.3,0.467
94.4,31849.5,34666.6,-0.8328,-0.8201,139.0,98.3,0.467
94.42,31838.4,34678.5,-0.8945,-0.7908,139.0,98.3,0.467
94.44,31841.2,34697.8,-0.8789,-0.7434,139.0,98.3,0.467
94.46,31796.8,34567.9,-1.1257,-1.0624,139.0,98.3,0.467
94.48,31806.1,34482.0,-1.0742,-1.2732,139.0,98.3,0.467
94.5,31806.3,34468.4,-1.073,-1.3067,139.0,98.3,0.467
94.52,31812.1,34561.7,-1.0407,-1.0776,139.0,98.3,0.467
94.54,31844.3,34904.7,-0.862,-0.2357,139.0,98.3,0.467
94.56,32030.0,35178.7,0.1706,0.437,139.0,98.3,0.467
94.58,32124.6,35368.0,0.6965,0.9016,139.0,98.3,0.467
94.6,32373.0,35723.8,2.0779,1.7749,139.0,98.3,0.467
94.62,32340.4,35759.0,1.8966,1.8613,139.0,98.3,0.467
94.64,32200.6,35742.6,1.1193,1.8209,139.0,98.3,0.467
94.66,32190.3,35456.8,1.0621,1.1195,139.0,98.3,0.467
94.68,32112.7,35188.7,0.6307,0.4614,139.0,98.3,0.467
94.7,32130.6,35106.4,0.7302,0.2595,139.0,98.3,0.467
94.72,31986.5,35127.2,-0.0708,0.3105,139.0,98.3,0.467
94.74,32015.8,35092.7,0.0918,0.2258,139.0,98.3,0.467
94.76,31948.8,34885.4,-0.2805,-0.283,139.0,98.3,0.467
94.78,31982.4,34776.7,-0.0941,-0.5497,139.0,98.3,0.467
94.8,31955.9,34763.2,-0.2411,-0.5829,139.0,98.3,0.467
94.82,31901.6,34685.3,-0.5434,-0.7742,139.0,98.3,0.467
94.84,31818.3,34666.2,-1.0062,-0.8209,139.0,98.3,0.467
94.86,31838.6,34758.3,-0.8933,-0.5949,139.0,98.3,0.467
94.88,31866.8,34627.1,-0.7365,-0.917,139.0,98.3,0.467
94.9,31795.4,34494.7,-1.1336,-1.2421,139.0,98.3,0.467
94.92,31817.4,34379.4,-1.0111,-1.5251,139.0,98.3,0.467
94.94,31797.0,34490.0,-1.1248,-1.2535,139.0,98.3,0.467
94.96,31901.1,34596.8,-0.5458,-0.9914,139.0,98.3,0.467
94.98,32028.2,34892.5,0.161,-0.2656,139.0,98.3,0.467
95.0,32131.7,35393.6,0.7365,0.9643,139.0,98.3,0.467
95.02,32219.9,35634.1,1.2269,1.5547,139.0,98.3,0.467
95.04,32353.2,35811.3,1.968,1.9897,139.0,98.3,0.467
95.06,32368.6,35708.0,2.0533,1.7361,139.0,98.3,0.467
95.08,32207.1,35628.0,1.1554,1.5396,139.0,98.3,0.467
95.1,32221.4,35305.5,1.2353,0.748,139.0,98.3,0.467
95.12,32114.6,35273.3,0.6412,0.6691,139.0,98.3,0.467
95.14,32064.6,35137.9,0.3634,0.3368,139.0,98.3,0.467
95.16,32057.2,34936.4,0.3223,-0.1578,139.0,98.3,0.467
95.18,32025.8,34973.1,0.1472,-0.0679,139.0,98.3,0.467
95.2,31940.2,34904.0,-0.3287,-0.2374,139.0,98.3,0.467
95.22,31968.2,34878.1,-0.173,-0.301,139.0,98.3,0.467
95.24,31863.0,34716.0,-0.7577,-0.6987,139.0,98.3,0.467
95.26,31845.4,34671.8,-0.8559,-0.8072,139.0,98.3,0.467
95.28,31906.5,34702.1,-0.516,-0.7329,139.0,98.3,0.467
95.3,31838.2,34652.7,-0.8957,-0.8542,139.0,98.3,0.467
95.32,31867.9,34594.8,-0.7305,-0.9964,139.0,98.3,0.467
95.34,31749.9,34555.7,-1.3869,-1.0923,139.0,98.3,0.467
95.36,31905.6,34455.8,-0.5208,-1.3376,139.0,98.3,0.467
95.38,31772.6,34563.7,-1.2602,-1.0725,139.0,98.3,0.467
95.4,31928.8,34673.7,-0.3919,-0.8027,139.0,98.3,0.467
95.42,32046.2,35129.8,0.2607,0.3168,139.0,98.3,0.467
95.44,32189.2,35423.7,1.0562,1.0383,139.0,98.3,0.467
95.46,32305.7,35721.8,1.7038,1.7699,139.0,98.3,0.467
95.48,32412.1,35686.4,2.2953,1.6832,139.0,98.3,0.467
95.5,32264.7,35679.0,1.4759,1.6649,139.0,98.3,0.467
95.52,32213.1,35535.8,1.1889,1.3134,139.0,98.3,0.467
95.54,32159.7,35382.0,0.8921,0.9358,139.0,98.3,0.467
95.56,32126.2,35158.5,0.7057,0.3874,139.0,98.3,0.467
95.58,32013.0,35103.4,0.0761,0.2522,139.0,98.3,0.467
95.6,32076.1,35100.3,0.4269,0.2446,139.0,98.3,0.467
95.62,31985.7,35053.8,-0.0755,0.1304,139.0,98.3,0.467
95.64,31926.7,34991.0,-0.4034,-0.0237,139.0,98.3,0.467
95.66,31953.1,34799.4,-0.2571,-0.4941,139.0,98.3,0.467
95.68,31912.8,34653.4,-0.4811,-0.8525,139.0,98.3,0.467
95.7,31931.0,34611.7,-0.3798,-0.9549,139.0,98.3,0.467
95.72,31896.6,34618.4,-0.5712,-0.9385,139.0,98.3,0.467
95.74,31841.1,34632.4,-0.8796,-0.9039,139.0,98.3,0.467
95.76,31734.9,34610.1,-1.4702,-0.9587,139.0,98.3,0.467
95.78,31724.8,34568.5,-1.5264,-1.0608,139.0,98.3,0.467
95.8,31663.2,34437.0,-1.8688,-1.3836,139.0,98.3,0.467
95.82,31821.6,34578.5,-0.9879,-1.0363,139.0,98.3,0.467
95.84,31967.0,34873.8,-0.1798,-0.3114,139.0,98.3,0.467
95.86,32112.2,35335.7,0.6277,0.8223,139.0,98.3,0.467
95.88,32326.5,35611.2,1.8196,1.4985,139.0,98.3,0.467
95.9,32282.3,35731.0,1.5735,1.7926,139.0,98.3,0.467
95.92,32294.4,35747.5,1.6408,1.8329,139.0,98.3,0.467
95.94,32309.9,35660.4,1.7269,1.6191,139.0,98.3,0.467
95.96,32148.7,35312.3,0.8308,0.7648,139.0,98.3,0.467
95.98,32069.2,35202.5,0.3887,0.4953,139.0,98.3,0.467
96.0,32050.8,35054.7,0.2866,0.1326,139.0,98.3,0.467
96.02,32081.1,35069.7,0.4552,0.1692,139.0,98.3,0.467
96.04,31926.0,35006.3,-0.4075,0.0137,139.0,98.3,0.467
96.06,31917.0,34896.9,-0.4574,-0.2548,139.0,98.3,0.467
96.08,31934.4,34803.3,-0.3609,-0.4846,139.0,98.3,0.467
96.1,31864.4,34709.3,-0.7498,-0.7151,139.0,98.3,0.467
96.12,31865.5,34681.2,-0.7438,-0.7843,139.0,98.3,0.467
96.14,31746.6,34684.8,-1.4052,-0.7754,139.0,98.3,0.467
96.16,31905.3,34573.8,-0.5227,-1.0479,139.0,98.3,0.467
96.18,31830.8,34586.3,-0.9368,-1.0172,139.0,98.3,0.467
96.2,31726.9,34543.9,-1.5144,-1.1212,139.0,98.3,0.467
96.22,31735.2,34478.1,-1.4685,-1.2826,139.0,98.3,0.467
96.24,31692.0,34598.4,-1.7084,-0.9874,139.0,98.3,0.467
96.26,31869.2,34742.3,-0.7231,-0.6343,139.0,98.3,0.467
96.28,32026.9,35074.8,0.1538,0.1818,139.0,98.3,0.467
96.3,32099.3,35407.8,0.5559,0.9991,139.0,98.3,0.467
96.32,32240.9,35674.6,1.3436,1.6541,139.0,98.3,0.467
96.34,32376.6,35648.2,2.0981,1.5892,139.0,98.3,0.467
96.36,32328.9,35577.5,1.8326,1.4157,139.0,98.3,0.467
96.38,32232.9,35484.5,1.2991,1.1874,139.0,98.3,0.467
96.4,32140.0,35367.3,0.7823,0.8998,139.0,98.3,0.467
96.42,32221.8,35188.8,1.2372,0.4616,139.0,98.3,0.467
96.44,32060.9,35140.7,0.3427,0.3436,139.0,98.3,0.467
96.46,32040.2,35032.0,0.2273,0.0768,139.0,98.3,0.467
96.48,31925.5,35001.0,-0.4104,0.0007,139.0,98.3,0.467
96.5,31973.4,34900.0,-0.1438,-0.2471,139.0,98.3,0.467
96.52,31892.0,34891.5,-0.5963,-0.2679,139.0,98.3,0.467
96.54,31828.1,34761.5,-0.9518,-0.5871,139.0,98.3,0.467
96.56,31812.8,34633.4,-1.0368,-0.9015,139.0,98.3,0.467
96.58,31883.5,34728.1,-0.6438,-0.669,139.0,98.3,0.467
96.6,31711.2,34677.2,-1.6019,-0.794,139.0,98.3,0.467
96.62,31750.6,34515.0,-1.3827,-1.1921,139.0,98.3,0.467
96.64,31831.7,34468.6,-0.9321,-1.3062,139.0,98.3,0.467
96.66,31662.6,34435.4,-1.8723,-1.3877,139.0,98.3,0.467
96.68,31859.0,34521.8,-0.7798,-1.1754,139.0,98.3,0.467
96.7,31905.8,34731.3,-0.52,-0.6612,139.0,98.3,0.467
96.72,31991.7,35053.9,-0.0423,0.1305,139.0,98.3,0.467
96.74,32177.6,35497.3,0.9916,1.219,139.0,98.3,0.467
96.76,32269.9,35698.6,1.5048,1.713,139.0,98.3,0.467
96.78,32357.9,35734.9,1.9941,1.8022,139.0,98.3,0.467
96.8,32219.2,35649.5,1.2229,1.5924,139.0,98.3,0.467
96.82,32161.5,35388.2,0.9022,0.951,139.0,98.3,0.467
96.84,32111.8,35303.4,0.6254,0.7429,139.0,98.3,0.467
96.86,32049.4,35142.0,0.2784,0.3467,139.0,98.3,0.467
96.88,32134.3,35105.6,0.7509,0.2574,139.0,98.3,0.467
96.9,32094.8,35084.0,0.5308,0.2044,139.0,98.3,0.467
96.92,31977.1,34915.1,-0.1233,-0.21,139.0,98.3,0.467
96.94,31830.9,34824.7,-0.9362,-0.4321,139.0,98.3,0.467
96.96,31877.7,34818.9,-0.6763,-0.4462,139.0,98.3,0.467
96.98,31863.9,34684.4,-0.7525,-0.7765,139.0,98.3,0.467
97.0,31811.9,34661.1,-1.0419,-0.8336,139.0,98.3,0.467
97.02,31821.0,34744.4,-0.9912,-0.629,139.0,98.3,0.467
97.04,31803.1,34601.7,-1.0907,-0.9794,139.0,98.3,0.467
97.06,31619.2,34549.0,-2.1136,-1.1087,139.0,98.3,0.467
97.08,31747.4,34479.6,-1.4004,-1.279,139.0,98.3,0.467
97.1,31761.9,34480.0,-1.3202,-1.278,139.0,98.3,0.467
97.12,31898.6,34672.7,-0.5597,-0.8052,139.0,98.3,0.467
97.14,31971.3,34881.4,-0.1555,-0.2928,139.0,98.3,0.467
97.16,32191.6,35245.9,1.0692,0.6018,139.0,98.3,0.467
97.18,32303.1,35570.6,1.6895,1.3987,139.0,98.3,0.467
97.2,32262.2,35679.1,1.4621,1.6652,139.0,98.3,0.467
97.22,32252.0,35797.1,1.4052,1.9547,139.0,98.3,0.467
97.24,32221.3,35569.8,1.2343,1.3968,139.0,98.3,0.467
97.26,32143.0,35326.7,0.799,0.8,139.0,98.3,0.467
97.28,32130.6,35274.3,0.7303,0.6716,139.0,98.3,0.467
97.3,32104.4,35104.2,0.5846,0.2541,139.0,98.3,0.467
97.32,32102.6,35128.7,0.5744,0.3141,139.0,98.3,0.467
97.34,31958.1,35020.6,-0.2289,0.0489,139.0,98.3,0.467
97.36,31855.8,34937.5,-0.7977,-0.1552,139.0,98.3,0.467
97.38,31952.2,34826.0,-0.2619,-0.4289,139.0,98.3,0.467
97.4,31817.6,34676.1,-1.01,-0.7968,139.0,98.3,0.467
97.42,31818.8,34752.3,-1.0033,-0.6097,139.0,98.3,0.467
97.44,31885.9,34605.9,-0.6302,-0.9691,139.0,98.3,0.467
97.46,31823.8,34695.3,-0.976,-0.7496,139.0,98.3,0.467
97.48,31841.5,34607.3,-0.8775,-0.9656,139.0,98.3,0.467
97.5,31805.7,34543.7,-1.0764,-1.1217,139.0,98.3,0.467
97.52,31792.6,34551.0,-1.1493,-1.1039,139.0,98.3,0.467
97.54,31838.3,34487.7,-0.8951,-1.2592,139.0,98.3,0.467
97.56,31859.0,34765.0,-0.7801,-0.5785,139.0,98.3,0.467
97.58,32046.5,35047.7,0.2628,0.1153,139.0,98.3,0.467
97.6,32140.6,35385.0,0.7858,0.9432,139.0,98.3,0.467
97.62,32266.3,35639.6,1.4845,1.5681,139.0,98.3,0.467
97.64,32290.6,35770.5,1.62,1.8894,139.0,98.3,0.467
97.66,32297.4,35650.4,1.6577,1.5947,139.0,98.3,0.467
97.68,32285.9,35501.8,1.5938,1.23,139.0,98.3,0.467
97.7,32184.6,35237.6,1.0303,0.5815,139.0,98.3,0.467
97.72,32101.5,35108.0,0.5685,0.2634,139.0,98.3,0.467
97.74,32062.8,35083.6,0.3532,0.2035,139.0,98.3,0.467
97.76,31951.1,35136.8,-0.2677,0.3341,139.0,98.3,0.467
97.78,32023.1,34955.6,0.1325,-0.1107,139.0,98.3,0.467
97.8,31916.0,34857.4,-0.463,-0.3518,139.0,98.3,0.467
97.82,31856.4,34793.4,-0.7943,-0.5088,139.0,98.3,0.467
97.84,31920.8,34696.2,-0.4364,-0.7474,139.0,98.3,0.467
97.86,31780.9,34715.1,-1.2144,-0.701,139.0,98.3,0.467
97.88,31889.6,34689.6,-0.6099,-0.7636,139.0,98.3,0.467
97.9,31866.8,34594.7,-0.7366,-0.9964,139.0,98.3,0.467
97.92,31837.6,34527.5,-0.8992,-1.1616,139.0,98.3,0.467
97.94,31827.0,34525.0,-0.9581,-1.1676,139.0,98.3,0.467
97.96,31814.7,34494.7,-1.0266,-1.242,139.0,98.3,0.467
97.98,31772.3,34610.2,-1.2621,-0.9586,139.0,98.3,0.467
98.0,31907.7,34922.7,-0.5093,-0.1914,139.0,98.3,0.467
98.02,32149.4,35272.3,0.8344,0.6666,139.0,98.3,0.467
98.04,32243.5,35551.9,1.3579,1.353,139.0,98.3,0.467
98.06,32302.8,35821.0,1.6875,2.0135,139.0,98.3,0.467
98.08,32229.2,35724.7,1.2781,1.7771,139.0,98.3,0.467
98.1,32188.7,35523.5,1.0534,1.2832,139.0,98.3,0.467
98.12,32157.7,35281.0,0.8806,0.688,139.0,98.3,0.467
98.14,32239.1,35242.8,1.3332,0.5942,139.0,98.3,0.467
98.16,32061.0,35137.9,0.343,0.3369,139.0,98.3,0.467
98.18,32040.5,35061.0,0.2294,0.148,139.0,98.3,0.467
98.2,32105.7,35049.3,0.5914,0.1192,139.0,98.3,0.467
98.22,32004.9,35000.9,0.0315,0.0005,139.0,98.3,0.467
98.24,31956.2,34823.9,-0.2394,-0.4341,139.0,98.3,0.467
98.26,31934.4,34827.1,-0.3606,-0.4261,139.0,98.3,0.467
98.28,31824.4,34702.3,-0.9724,-0.7325,139.0,98.3,0.467
98.3,31857.3,34638.1,-0.7894,-0.8901,139.0,98.3,0.467
98.32,31912.2,34670.9,-0.4842,-0.8096,139.0,98.3,0.467
98.34,31789.0,34568.6,-1.1691,-1.0607,139.0,98.3,0.467
98.36,31763.9,34454.0,-1.3089,-1.3418,139.0,98.3,0.467
98.38,31789.3,34510.0,-1.1675,-1.2043,139.0,98.3,0.467
98.4,31764.3,34539.9,-1.3065,-1.131,139.0,98.3,0.467
98.42,31882.6,34614.8,-0.649,-0.9472,139.0,98.3,0.467
98.44,32031.6,35062.6,0.1799,0.1518,139.0,98.3,0.467
98.46,32091.4,35492.5,0.5119,1.2072,139.0,98.3,0.467
98.48,32308.9,35697.5,1.7217,1.7104,139.0,98.3,0.467
98.5,32379.7,35775.9,2.1152,1.9027,139.0,98.3,0.467
98.52,32259.1,35639.5,1.4447,1.5679,139.0,98.3,0.467
98.54,32161.1,35532.9,0.8995,1.3063,139.0,98.3,0.467
98.56,32231.2,35276.7,1.2894,0.6774,139.0,98.3,0.467
98.58,32105.3,35175.0,0.5894,0.4278,139.0,98.3,0.467
98.6,32093.8,35111.9,0.5257,0.2728,139.0,98.3,0.467
98.62,32028.3,35073.5,0.1612,0.1787,139.0,98.3,0.467
98.64,32028.6,34951.2,0.1628,-0.1214,139.0,98.3,0.467
98.66,31948.6,34878.4,-0.2819,-0.3001,139.0,98.3,0.467
98.68,31904.2,34848.1,-0.5288,-0.3745,139.0,98.3,0.467
98.7,31943.3,34734.8,-0.311,-0.6528,139.0,98.3,0.467
98.72,31861.3,34693.6,-0.7671,-0.7539,139.0,98.3,0.467
98.74,31874.9,34639.4,-0.6919,-0.8869,139.0,98.3,0.467
98.76,31862.9,34670.7,-0.7586,-0.8101,139.0,98.3,0.467
98.78,31843.2,34562.0,-0.8677,-1.0768,139.0,98.3,0.467
98.8,31782.9,34437.2,-1.2029,-1.3832,139.0,98.3,0.467
98.82,31785.4,34465.5,-1.1891,-1.3137,139.0,98.3,0.467
98.84,31844.8,34601.4,-0.8587,-0.98,139.0,98.3,0.467
98.86,31975.7,34785.4,-0.1312,-0.5284,139.0,98.3,0.467
98.88,32023.4,35269.9,0.1343,0.6606,139.0,98.3,0.467
98.9,32176.5,35528.4,0.9856,1.2953,139.0,98.3,0.467
98.92,32262.1,35886.4,1.4611,2.174,139.0,98.3,0.467
98.94,32394.6,35794.9,2.1982,1.9493,139.0,98.3,0.467
98.96,32280.5,35688.2,1.5638,1.6874,139.0,98.3,0.467
98.98,32204.2,35348.9,1.1392,0.8546,139.0,98.3,0.467
99.0,32105.0,35274.3,0.5878,0.6715,139.0,98.3,0.467
99.02,32012.9,35092.0,0.0755,0.224,139.0,98.3,0.467
99.04,32096.4,35115.4,0.5402,0.2814,139.0,98.3,0.467
99.06,32141.9,35043.7,0.7929,0.1056,139.0,98.3,0.467
99.08,31989.6,34976.8,-0.0539,-0.0588,139.0,98.3,0.467
99.1,31862.4,34858.8,-0.7612,-0.3483,139.0,98.3,0.467
99.12,31950.7,34819.6,-0.2701,-0.4445,139.0,98.3,0.467
99.14,31814.1,34645.2,-1.0296,-0.8727,139.0,98.3,0.467
99.16,31879.7,34682.7,-0.6649,-0.7806,139.0,98.3,0.467
99.18,31822.7,34669.9,-0.9818,-0.8121,139.0,98.3,0.467
99.2,31905.2,34519.7,-0.5229,-1.1807,139.0,98.3,0.467
99.22,31791.9,34567.8,-1.1529,-1.0626,139.0,98.3,0.467
99.24,31759.2,34388.7,-1.3347,-1.5022,139.0,98.3,0.467
99.26,31828.9,34484.9,-0.9472,-1.2661,139.0,98.3,0.467
99.28,31881.0,34687.4,-0.6575,-0.7691,139.0,98.3,0.467
99.3,32011.0,35009.5,0.0651,0.0216,139.0,98.3,0.467
99.32,32065.9,35264.9,0.3704,0.6484,139.0,98.3,0.467
99.34,32260.8,35609.5,1.4543,1.4942,139.0,98.3,0.467
99.36,32319.3,35756.0,1.7796,1.854,139.0,98.3,0.467
99.38,32361.4,35687.0,2.0136,1.6845,139.0,98.3,0.467
99.4,32316.4,35515.6,1.763,1.2639,139.0,98.3,0.467
99.42,32175.1,35384.5,0.9773,0.942,139.0,98.3,0.467
99.44,32084.7,35174.2,0.4746,0.4259,139.0,98.3,0.467
99.46,31989.5,35103.8,-0.0546,0.2529,139.0,98.3,0.467
99.48,32042.7,35137.6,0.2413,0.3359,139.0,98.3,0.467
99.5,32041.0,35045.6,0.232,0.1102,139.0,98.3,0.467
99.52,31979.8,34871.6,-0.1086,-0.3169,139.0,98.3,0.467
99.54,31927.1,34705.3,-0.4013,-0.7251,139.0,98.3,0.467
99.56,31865.7,34688.8,-0.7427,-0.7655,139.0,98.3,0.467
99.58,31886.8,34679.9,-0.6256,-0.7875,139.0,98.3,0.467
99.6,31863.5,34678.3,-0.7551,-0.7914,139.0,98.3,0.467
99.62,31789.9,34571.4,-1.1643,-1.0538,139.0,98.3,0.467
99.64,31709.4,34526.4,-1.6117,-1.1641,139.0,98.3,0.467
99.66,31718.4,34469.6,-1.5617,-1.3037,139.0,98.3,0.467
99.68,31744.7,34580.2,-1.4155,-1.032,139.0,98.3,0.467
99.7,31817.0,34523.6,-1.0136,-1.171,139.0,98.3,0.467
99.72,31919.4,34801.6,-0.4442,-0.4888,139.0,98.3,0.467
99.74,32056.0,35102.4,0.3152,0.2496,139.0,98.3,0.467
99.76,32243.2,35388.3,1.3565,0.9513,139.0,98.3,0.467
99.78,32270.6,35721.7,1.5087,1.7697,139.0,98.3,0.467
99.8,32345.4,35774.2,1.9246,1.8984,139.0,98.3,0.467
99.82,32363.2,35650.0,2.0233,1.5938,139.0,98.3,0.467
99.84,32193.3,35506.1,1.0786,1.2406,139.0,98.3,0.467
99.86,32092.3,35280.3,0.5171,0.6863,139.0,98.3,0.467
99.88,32090.4,35024.2,0.5069,0.0578,139.0,98.3,0.467
99.9,31941.8,35078.2,-0.3199,0.1902,139.0,98.3,0.467
99.92,32000.1,35047.2,0.0043,0.1141,139.0,98.3,0.467
99.94,32007.5,34938.2,0.0459,-0.1535,139.0,98.3,0.467
99.96,31981.9,34868.2,-0.0967,-0.3251,139.0,98.3,0.467
99.98,31851.2,34805.4,-0.8234,-0.4795,139.0,98.3,0.467
100.0,31953.6,34793.0,-0.254,-0.5097,139.0,98.3,0.467
100.02,31787.5,34723.3,-1.1778,-0.681,139.0,98.3,0.467
100.04,31804.8,34621.9,-1.0816,-0.9299,139.0,98.3,0.467
100.06,31872.6,34647.9,-0.7042,-0.866,139.0,98.3,0.467
100.08,31820.5,34541.7,-0.9939,-1.1266,139.0,98.3,0.467
100.1,31809.4,34516.4,-1.056,-1.1888,139.0,98.3,0.467
100.12,31758.7,34502.0,-1.3377,-1.224,139.0,98.3,0.467
100.14,31799.1,34586.0,-1.1129,-1.0179,139.0,98.3,0.467
100.16,31920.8,34907.2,-0.4365,-0.2295,139.0,98.3,0.467
100.18,32018.0,35317.3,0.1039,0.777,139.0,98.3,0.467
100.2,32250.3,35632.5,1.3954,1.5507,139.0,98.3,0.467
100.22,32354.1,35682.2,1.9726,1.6727,139.0,98.3,0.467
100.24,32316.7,35742.5,1.7652,1.8207,139.0,98.3,0.467
100.26,32292.2,35561.5,1.6289,1.3765,139.0,98.3,0.467
100.28,32165.7,35330.0,0.9252,0.8082,139.0,98.3,0.467
100.3,32116.9,35262.7,0.6539,0.6432,139.0,98.3,0.467
100.32,32009.8,35138.6,0.0587,0.3385,139.0,98.3,0.467
100.34,32069.8,35103.1,0.3922,0.2513,139.0,98.3,0.467
100.36,31955.7,35032.3,-0.2423,0.0775,139.0,98.3,0.467
100.38,31967.3,35003.4,-0.1778,0.0065,139.0,98.3,0.467
100.4,31875.0,34754.3,-0.691,-0.6048,139.0,98.3,0.467
100.42,31785.8,34739.2,-1.1869,-0.6419,139.0,98.3,0.467
100.44,31879.7,34648.5,-0.6647,-0.8645,139.0,98.3,0.467
100.46,31835.8,34688.2,-0.9088,-0.7671,139.0,98.3,0.467
100.48,31824.3,34601.0,-0.9731,-0.981,139.0,98.3,0.467
100.5,31818.0,34492.3,-1.0079,-1.2479,139.0,98.3,0.467
100.52,31767.5,34411.1,-1.2889,-1.4471,139.0,98.3,0.467
100.54,31806.5,34423.8,-1.0717,-1.4159,139.0,98.3,0.467
100.56,31730.3,34494.8,-1.4959,-1.2418,139.0,98.3,0.467
100.58,31872.8,34808.4,-0.7034,-0.472,139.0,98.3,0.467
100.6,32046.1,35026.7,0.2601,0.0639,139.0,98.3,0.467
100.62,32151.0,35374.5,0.8434,0.9174,139.0,98.3,0.467
100.64,32242.4,35687.6,1.3517,1.686,139.0,98.3,0.467
100.66,32289.7,35789.7,1.6149,1.9366,139.0,98.3,0.467
100.68,32249.7,35663.0,1.3926,1.6257,139.0,98.3,0.467
100.7,32142.2,35448.9,0.7946,1.1001,139.0,98.3,0.467
100.72,32080.5,35336.1,0.4513,0.8233,139.0,98.3,0.467
100.74,32020.5,35170.5,0.1178,0.4168,139.0,98.3,0.467
100.76,32106.8,35076.9,0.5976,0.187,139.0,98.3,0.467
100.78,32013.9,35138.8,0.0814,0.339,139.0,98.3,0.467
100.8,32071.6,35053.5,0.4019,0.1297,139.0,98.3,0.467
100.82,31975.3,34781.7,-0.1333,-0.5375,139.0,98.3,0.467
100.84,31897.6,34808.9,-0.5654,-0.4709,139.0,98.3,0.467
100.86,31831.4,34816.7,-0.9338,-0.4517,139.0,98.3,0.467
100.88,31856.5,34687.3,-0.7941,-0.7692,139.0,98.3,0.467
100.9,31888.8,34745.4,-0.6142,-0.6265,139.0,98.3,0.467
100.92,31842.2,34590.9,-0.8732,-1.0058,139.0,98.3,0.467
100.94,31852.4,34575.3,-0.8165,-1.0441,139.0,98.3,0.467
100.96,31699.5,34471.3,-1.6667,-1.2994,139.0,98.3,0.467
100.98,31773.7,34411.3,-1.2545,-1.4466,139.0,98.3,0.467
101.0,31865.1,34574.7,-0.7459,-1.0456,139.0,98.3,0.467
101.02,31886.3,34870.2,-0.6285,-0.3204,139.0,98.3,0.467
101.04,32031.7,35211.3,0.1801,0.517,139.0,98.3,0.467
101.06,32155.9,35526.0,0.871,1.2894,139.0,98.3,0.467
101.08,32308.2,35744.3,1.7179,1.8252,139.0,98.3,0.467
101.1,32315.7,35752.8,1.7595,1.8461,139.0,98.3,0.467
101.12,32251.5,35661.0,1.4024,1.6206,139.0,98.3,0.467
101.14,32212.4,35441.1,1.1851,1.081,139.0,98.3,0.467
101.16,32038.4,35274.7,0.2177,0.6724,139.0,98.3,0.467
101.18,32101.3,35142.3,0.5673,0.3476,139.0,98.3,0.467
101.2,32053.9,35083.6,0.3035,0.2035,139.0,98.3,0.467
101.22,32112.7,35005.0,0.6305,0.0106,139.0,98.3,0.467
101.24,31976.2,34962.3,-0.1281,-0.0943,139.0,98.3,0.467
101.26,31939.1,34833.7,-0.3349,-0.4099,139.0,98.3,0.467
101.28,31881.2,34770.5,-0.6564,-0.565,139.0,98.3,0.467
101.3,31803.7,34696.8,-1.0874,-0.7459,139.0,98.3,0.467
101.32,31878.7,34764.5,-0.6704,-0.5797,139.0,98.3,0.467
101.34,31875.6,34709.8,-0.6876,-0.714,139.0,98.3,0.467
101.36,31860.5,34580.6,-0.7715,-1.0312,139.0,98.3,0.467
101.38,31744.6,34495.4,-1.4163,-1.2403,139.0,98.3,0.467
101.4,31737.6,34427.5,-1.4548,-1.4069,139.0,98.3,0.467
101.42,31723.8,34457.3,-1.5318,-1.3338,139.0,98.3,0.467
101.44,31828.3,34691.3,-0.9509,-0.7594,139.0,98.3,0.467
101.46,32103.4,34946.8,0.5787,-0.1323,139.0,98.3,0.467
101.48,32098.0,35314.7,0.5489,0.7708,139.0,98.3,0.467
101.5,32338.5,35595.2,1.8863,1.4591,139.0,98.3,0.467
101.52,32287.0,35784.9,1.5998,1.9249,139.0,98.3,0.467
101.54,32345.9,35691.7,1.9275,1.6961,139.0,98.3,0.467
101.56,32188.6,35569.7,1.0525,1.3966,139.0,98.3,0.467
101.58,32126.3,35297.8,0.7062,0.7292,139.0,98.3,0.467
101.6,32107.9,35218.2,0.6041,0.5337,139.0,98.3,0.467
101.62,32041.4,35108.9,0.2343,0.2655,139.0,98.3,0.467
101.64,32065.6,35118.6,0.3685,0.2893,139.0,98.3,0.467
101.66,32077.6,35116.5,0.4355,0.2842,139.0,98.3,0.467
101.68,31881.3,34929.2,-0.656,-0.1755,139.0,98.3,0.467
101.7,31863.5,34839.4,-0.7551,-0.3959,139.0,98.3,0.467
101.72,31917.5,34630.9,-0.455,-0.9078,139.0,98.3,0.467
101.74,31827.7,34627.1,-0.954,-0.9171,139.0,98.3,0.467
101.76,31870.2,34801.3,-0.7178,-0.4895,139.0,98.3,0.467
101.78,31922.2,34663.8,-0.4286,-0.8268,139.0,98.3,0.467
101.8,31800.9,34559.4,-1.103,-1.0832,139.0,98.3,0.467
101.82,31740.5,34491.7,-1.4392,-1.2494,139.0,98.3,0.467
101.84,31766.6,34388.1,-1.2939,-1.5037,139.0,98.3,0.467
101.86,31795.6,34578.3,-1.1325,-1.0369,139.0,98.3,0.467
101.88,31980.6,34814.6,-0.1041,-0.4567,139.0,98.3,0.467
101.9,31985.9,35187.5,-0.0744,0.4584,139.0,98.3,0.467
101.92,32195.2,35518.4,1.0894,1.2706,139.0,98.3,0.467
101.94,32272.4,35669.9,1.5185,1.6426,139.0,98.3,0.467
101.96,32286.2,35728.8,1.5955,1.787,139.0,98.3,0.467
101.98,32266.4,35641.6,1.485,1.5731,139.0,98.3,0.467
102.0,32220.7,35625.6,1.2311,1.5338,139.0,98.3,0.467
102.02,32169.7,35281.8,0.9478,0.6899,139.0,98.3,0.467
102.04,32141.8,35175.3,0.7923,0.4286,139.0,98.3,0.467
102.06,31998.7,35042.0,-0.003,0.1015,139.0,98.3,0.467
102.08,31980.0,35043.1,-0.1071,0.104,139.0,98.3,0.467
102.1,31843.5,34978.4,-0.8662,-0.0547,139.0,98.3,0.467
102.12,31958.2,34875.9,-0.2282,-0.3064,139.0,98.3,0.467
102.14,31955.8,34779.7,-0.2419,-0.5426,139.0,98.3,0.467
102.16,31897.9,34636.1,-0.564,-0.895,139.0,98.3,0.467
102.18,31907.5,34688.6,-0.5102,-0.7661,139.0,98.3,0.467
102.2,31801.6,34605.7,-1.0993,-0.9694,139.0,98.3,0.467
102.22,31803.0,34649.5,-1.0913,-0.8619,139.0,98.3,0.467
102.24,31800.5,34560.8,-1.1053,-1.0799,139.0,98.3,0.467
102.26,31819.1,34373.5,-1.0021,-1.5396,139.0,98.3,0.467
102.28,31753.3,34427.9,-1.3679,-1.4059,139.0,98.3,0.467
102.3,31720.4,34611.8,-1.5508,-0.9545,139.0,98.3,0.467
102.32,31879.5,34934.9,-0.6661,-0.1615,139.0,98.3,0.467
102.34,32151.9,35268.3,0.8485,0.6567,139.0,98.3,0.467
102.36,32147.2,35541.3,0.8224,1.3269,139.0,98.3,0.467
102.38,32261.5,35789.7,1.4582,1.9366,139.0,98.3,0.467
102.4,32330.9,35711.4,1.8438,1.7444,139.0,98.3,0.467
102.42,32201.0,35545.2,1.1216,1.3366,139.0,98.3,0.467
102.44,32207.9,35383.9,1.1599,0.9405,139.0,98.3,0.467
102.46,32099.8,35320.0,0.5588,0.7838,139.0,98.3,0.467
102.48,32019.4,35191.6,0.1117,0.4685,139.0,98.3,0.467
102.5,32074.8,35154.0,0.4201,0.3762,139.0,98.3,0.467
102.52,31914.6,35079.0,-0.4711,0.1922,139.0,98.3,0.467
102.54,31925.6,34987.4,-0.4095,-0.0327,139.0,98.3,0.467
102.56,31935.6,34756.9,-0.3542,-0.5984,139.0,98.3,0.467
102.58,31952.0,34603.8,-0.263,-0.9742,139.0,98.3,0.467
102.6,31883.5,34685.4,-0.6436,-0.774,139.0,98.3,0.467
102.62,31853.5,34562.9,-0.8106,-1.0745,139.0,98.3,0.467
102.64,31904.2,34596.9,-0.5285,-0.9912,139.0,98.3,0.467
102.66,31770.5,34577.8,-1.272,-1.0381,139.0,98.3,0.467
102.68,31841.6,34499.8,-0.8766,-1.2295,139.0,98.3,0.467
102.7,31746.2,34458.9,-1.4073,-1.3298,139.0,98.3,0.467
102.72,31837.3,34508.9,-0.9007,-1.207,139.0,98.3,0.467
102.74,31858.1,34727.3,-0.785,-0.6712,139.0,98.3,0.467
102.76,31980.0,35083.0,-0.1072,0.2021,139.0,98.3,0.467
102.78,32134.6,35394.5,0.7526,0.9665,139.0,98.3,0.467
102.8,32387.6,35756.7,2.1593,1.8555,139.0,98.3,0.467
102.82,32331.8,35684.1,1.8491,1.6774,139.0,98.3,0.467
102.84,32299.2,35651.2,1.6675,1.5967,139.0,98.3,0.467
102.86,32180.2,35531.5,1.006,1.3029,139.0,98.3,0.467
102.88,32204.4,35244.1,1.1407,0.5974,139.0,98.3,0.467
102.9,32167.2,35214.2,0.9337,0.524,139.0,98.3,0.467
102.92,32045.9,35089.5,0.2591,0.2179,139.0,98.3,0.467
102.94,32046.7,35059.5,0.2634,0.1442,139.0,98.3,0.467
102.96,32103.5,35004.4,0.5793,0.009,139.0,98.3,0.467
102.98,31885.3,34832.7,-0.634,-0.4124,139.0,98.3,0.467
103.0,31980.8,34767.2,-0.103,-0.5732,139.0,98.3,0.467
103.02,31856.7,34765.8,-0.7927,-0.5766,139.0,98.3,0.467
103.04,31852.6,34661.4,-0.8157,-0.8329,139.0,98.3,0.467
103.06,31764.5,34610.0,-1.3053,-0.9589,139.0,98.3,0.467
103.08,31825.5,34589.2,-0.9662,-1.01,139.0,98.3,0.467
103.1,31726.4,34564.6,-1.5176,-1.0705,139.0,98.3,0.467
103.12,31803.4,34496.6,-1.0891,-1.2373,139.0,98.3,0.467
103.14,31734.4,34509.3,-1.4729,-1.2062,139.0,98.3,0.467
103.16,31835.4,34610.9,-0.9111,-0.9569,139.0,98.3,0.467
103.18,31892.4,34980.2,-0.5944,-0.0502,139.0,98.3,0.467
103.2,32068.4,35176.8,0.3843,0.4322,139.0,98.3,0.467
103.22,32250.8,35563.3,1.3983,1.3809,139.0,98.3,0.467
103.24,32277.4,35654.6,1.5465,1.6051,139.0,98.3,0.467
103.26,32357.3,35765.2,1.9909,1.8764,139.0,98.3,0.467
103.28,32260.0,35586.3,1.4498,1.4372,139.0,98.3,0.467
103.3,32236.9,35486.7,1.3212,1.1929,139.0,98.3,0.467
103.32,32121.6,35156.9,0.6804,0.3834,139.0,98.3,0.467
103.34,32006.2,35165.6,0.0386,0.4048,139.0,98.3,0.467
103.36,32161.3,35101.8,0.9008,0.2482,139.0,98.3,0.467
103.38,31993.5,34999.3,-0.0322,-0.0033,139.0,98.3,0.467
103.4,31908.3,34964.2,-0.506,-0.0896,139.0,98.3,0.467
103.42,31951.1,34846.4,-0.2679,-0.3788,139.0,98.3,0.467
103.44,31882.7,34686.9,-0.6481,-0.7701,139.0,98.3,0.467
103.46,31942.8,34697.8,-0.3141,-0.7434,139.0,98.3,0.467
103.48,31950.8,34681.3,-0.2694,-0.784,139.0,98.3,0.467
103.5,31837.6,34622.3,-0.899,-0.9288,139.0,98.3,0.467
103.52,31887.1,34636.8,-0.6238,-0.8932,139.0,98.3,0.467
103.54,31884.0,34513.6,-0.641,-1.1955,139.0,98.3,0.467
103.56,31841.4,34411.6,-0.8779,-1.446,139.0,98.3,0.467
103.58,31682.2,34499.6,-1.7632,-1.2301,139.0,98.3,0.467
103.6,31747.2,34621.8,-1.4015,-0.9299,139.0,98.3,0.467
103.62,32027.5,34946.5,0.1569,-0.133,139.0,98.3,0.467
103.64,32210.9,35397.5,1.1765,0.9738,139.0,98.3,0.467
103.66,32195.7,35646.7,1.0919,1.5856,139.0,98.3,0.467
103.68,32344.2,35711.9,1.9179,1.7456,139.0,98.3,0.467
103.7,32264.9,35759.8,1.4771,1.8631,139.0,98.3,0.467
103.72,32241.2,35452.3,1.3453,1.1085,139.0,98.3,0.467
103.74,32133.8,35332.9,0.7477,0.8154,139.0,98.3,0.467
103.76,32094.6,35154.3,0.53,0.377,139.0,98.3,0.467
103.78,32003.4,35144.1,0.0227,0.352,139.0,98.3,0.467
103.8,31991.8,35129.7,-0.0415,0.3166,139.0,98.3,0.467
103.82,32011.0,35022.4,0.065,0.0531,139.0,98.3,0.467
103.84,31994.1,34879.3,-0.0286,-0.2979,139.0,98.3,0.467
103.86,31923.5,34787.8,-0.4216,-0.5225,139.0,98.3,0.467
103.88,31885.6,34762.1,-0.6323,-0.5856,139.0,98.3,0.467
103.9,31863.5,34745.2,-0.7548,-0.6273,139.0,98.3,0.467
103.92,31847.2,34687.1,-0.8456,-0.7699,139.0,98.3,0.467
103.94,31835.5,34579.1,-0.9105,-1.0349,139.0,98.3,0.467
103.96,31861.8,34520.6,-0.7644,-1.1785,139.0,98.3,0.467
103.98,31844.4,34404.5,-0.8611,-1.4635,139.0,98.3,0.467
104.0,31763.8,34413.4,-1.3093,-1.4415,139.0,98.3,0.467
104.02,31773.2,34476.5,-1.2573,-1.2866,139.0,98.3,0.467
104.04,31924.6,34810.5,-0.4152,-0.4669,139.0,98.3,0.467
104.06,32044.3,35142.7,0.2501,0.3484,139.0,98.3,0.467
104.08,32208.1,35545.6,1.1608,1.3374,139.0,98.3,0.467
104.1,32245.4,35748.0,1.3683,1.8343,139.0,98.3,0.467
104.12,32333.5,35768.7,1.8581,1.8851,139.0,98.3,0.467
104.14,32237.1,35523.4,1.3224,1.283,139.0,98.3,0.467
104.16,32239.9,35435.6,1.338,1.0674,139.0,98.3,0.467
104.18,32208.4,35273.6,1.1626,0.6698,139.0,98.3,0.467
104.2,32059.8,35099.8,0.3365,0.2431,139.0,98.3,0.467
104.22,32016.1,35121.0,0.0937,0.2954,139.0,98.3,0.467
104.24,32032.6,35021.7,0.1854,0.0515,139.0,98.3,0.467
104.26,32087.1,35023.6,0.4882,0.0563,139.0,98.3,0.467
104.28,32011.0,34836.4,0.0651,-0.4032,139.0,98.3,0.467
104.3,31899.8,34771.2,-0.5531,-0.5634,139.0,98.3,0.467
104.32,31817.8,34663.5,-1.0091,-0.8276,139.0,98.3,0.467
104.34,31854.9,34696.4,-0.803,-0.7469,139.0,98.3,0.467
104.36,31861.1,34691.0,-0.7685,-0.7601,139.0,98.3,0.467
104.38,31875.0,34574.5,-0.6911,-1.0462,139.0,98.3,0.467
104.4,31753.0,34571.9,-1.3694,-1.0525,139.0,98.3,0.467
104.42,31763.8,34461.0,-1.3095,-1.3246,139.0,98.3,0.467
104.44,31705.3,34572.0,-1.6346,-1.0523,139.0,98.3,0.467
104.46,31848.5,34553.8,-0.8384,-1.097,139.0,98.3,0.467
104.48,31979.1,34967.8,-0.1122,-0.0808,139.0,98.3,0.467
104.5,32079.8,35323.9,0.4479,0.7932,139.0,98.3,0.467
104.52,32272.9,35632.6,1.5215,1.5511,139.0,98.3,0.467
104.54,32265.1,35767.2,1.4779,1.8814,139.0,98.3,0.467
104.56,32335.0,35751.7,1.8664,1.8433,139.0,98.3,0.467
104.58,32278.1,35457.9,1.5503,1.1221,139.0,98.3,0.467
104.6,32216.1,35379.6,1.2058,0.93,139.0,98.3,0.467
104.62,32024.2,35251.0,0.1387,0.6143,139.0,98.3,0.467
104.64,32056.2,35167.2,0.3163,0.4087,139.0,98.3,0.467
104.66,32054.8,35076.6,0.3086,0.1862,139.0,98.3,0.467
104.68,32058.3,35047.2,0.3283,0.1142,139.0,98.3,0.467
104.7,32016.4,34968.1,0.0949,-0.0801,139.0,98.3,0.467
104.72,32093.7,34731.8,0.5251,-0.66,139.0,98.3,0.467
104.74,31883.2,34753.9,-0.6457,-0.6057,139.0,98.3,0.467
104.76,31836.4,34690.3,-0.9057,-0.7618,139.0,98.3,0.467
104.78,31859.2,34641.9,-0.7787,-0.8807,139.0,98.3,0.467
104.8,31809.5,34717.8,-1.0554,-0.6943,139.0,98.3,0.467
104.82,31912.3,34615.8,-0.4835,-0.9448,139.0,98.3,0.467
104.84,31845.6,34522.3,-0.8544,-1.1742,139.0,98.3,0.467
104.86,31727.9,34500.4,-1.5091,-1.2281,139.0,98.3,0.467
104.88,31779.4,34609.2,-1.2226,-0.961,139.0,98.3,0.467
104.9,31948.1,34743.4,-0.2844,-0.6316,139.0,98.3,0.467
104.92,32045.0,35057.4,0.2541,0.1392,139.0,98.3,0.467
104.94,32193.8,35421.5,1.0817,1.033,139.0,98.3,0.467
104.96,32181.9,35708.4,1.0155,1.737,139.0,98.3,0.467
104.98,32440.4,35707.5,2.4528,1.7348,139.0,98.3,0.467
105.0,32235.4,35642.7,1.3129,1.5758,139.0,98.3,0.467
105.02,32152.9,35525.1,0.8543,1.2871,139.0,98.3,0.467
105.04,32126.4,35301.4,0.707,0.7381,139.0,98.3,0.467
105.06,32120.7,35259.6,0.6752,0.6355,139.0,98.3,0.467
105.08,32067.2,35064.1,0.3774,0.1555,139.0,98.3,0.467
105.1,32001.7,34933.6,0.0133,-0.1647,139.0,98.3,0.467
105.12,31934.6,34940.9,-0.3594,-0.1469,139.0,98.3,0.467
105.14,31935.8,34826.3,-0.3532,-0.428,139.0,98.3,0.467
105.16,31922.9,34696.4,-0.4245,-0.747,139.0,98.3,0.467
105.18,31831.5,34656.3,-0.9328,-0.8454,139.0,98.3,0.467
105.2,31946.3,34705.9,-0.2949,-0.7237,139.0,98.3,0.467
105.22,31761.1,34615.2,-1.3245,-0.9462,139.0,98.3,0.467
105.24,31840.4,34635.0,-0.8836,-0.8977,139.0,98.3,0.467
105.26,31835.1,34506.3,-0.9127,-1.2134,139.0,98.3,0.467
105.28,31775.6,34476.2,-1.2436,-1.2875,139.0,98.3,0.467
105.3,31789.3,34476.8,-1.1678,-1.286,139.0,98.3,0.467
105.32,31915.8,34564.1,-0.4642,-1.0717,139.0,98.3,0.467
105.34,31906.8,34947.5,-0.5143,-0.1305,139.0,98.3,0.467
105.36,32135.7,35290.0,0.7583,0.71,139.0,98.3,0.467
105.38,32154.2,35544.2,0.8614,1.334,139.0,98.3,0.467
105.4,32339.7,35845.2,1.893,2.0727,139.0,98.3,0.467
105.42,32254.4,35779.8,1.4182,1.9122,139.0,98.3,0.467
105.44,32286.0,35584.0,1.5944,1.4318,139.0,98.3,0.467
105.46,32193.7,35387.4,1.0809,0.9492,139.0,98.3,0.467
105.48,32137.6,35312.9,0.7692,0.7664,139.0,98.3,0.467
105.5,31987.4,35157.4,-0.066,0.3845,139.0,98.3,0.467
105.52,32004.5,35060.4,0.0288,0.1466,139.0,98.3,0.467
105.54,32078.1,34995.8,0.438,-0.0121,139.0,98.3,0.467
105.56,31913.8,34991.4,-0.4755,-0.0229,139.0,98.3,0.467
105.58,31912.1,34795.5,-0.4845,-0.5036,139.0,98.3,0.467
105.6,31893.7,34695.4,-0.587,-0.7495,139.0,98.3,0.467
105.62,31882.8,34736.2,-0.6474,-0.6492,139.0,98.3,0.467
105.64,31888.8,34688.0,-0.6146,-0.7675,139.0,98.3,0.467
105.66,31876.7,34783.6,-0.6815,-0.5329,139.0,98.3,0.467
105.68,31790.4,34550.3,-1.1617,-1.1055,139.0,98.3,0.467
105.7,31837.3,34479.0,-0.9005,-1.2804,139.0,98.3,0.467
105.72,31798.4,34388.2,-1.1171,-1.5035,139.0,98.3,0.467
105.74,31857.2,34534.8,-0.79,-1.1436,139.0,98.3,0.467
105.76,31793.1,34673.4,-1.1467,-0.8033,139.0,98.3,0.467
105.78,32006.7,35014.5,0.0413,0.0339,139.0,98.3,0.467
105.8,32253.3,35409.0,1.4121,1.0021,139.0,98.3,0.467
105.82,32207.6,35590.7,1.1583,1.4481,139.0,98.3,0.467
105.84,32402.5,35694.0,2.242,1.7017,139.0,98.3,0.467
105.86,32298.5,35726.3,1.6636,1.7809,139.0,98.3,0.467
105.88,32253.2,35522.5,1.4119,1.2807,139.0,98.3,0.467
105.9,32228.7,35277.6,1.2755,0.6797,139.0,98.3,0.467
105.92,32052.3,35229.3,0.2948,0.5611,139.0,98.3,0.467
105.94,32064.2,35162.3,0.3609,0.3966,139.0,98.3,0.467
105.96,32001.9,35081.5,0.0145,0.1982,139.0,98.3,0.467
105.98,32041.1,35082.3,0.2326,0.2004,139.0,98.3,0.467
106.0,32008.7,34888.9,0.0525,-0.2743,139.0,98.3,0.467
106.02,31935.1,34854.4,-0.3568,-0.359,139.0,98.3,0.467
106.04,31803.8,34702.3,-1.087,-0.7325,139.0,98.3,0.467
106.06,31730.2,34629.8,-1.4962,-0.9103,139.0,98.3,0.467
106.08,31988.1,34665.3,-0.0624,-0.8233,139.0,98.3,0.467
106.1,31805.4,34643.3,-1.0779,-0.8772,139.0,98.3,0.467
106.12,31809.0,34606.3,-1.0581,-0.9681,139.0,98.3,0.467
106.14,31702.1,34540.0,-1.6527,-1.1308,139.0,98.3,0.467
106.16,31757.3,34434.0,-1.3453,-1.391,139.0,98.3,0.467
106.18,31804.7,34507.8,-1.082,-1.2099,139.0,98.3,0.467
106.2,31994.1,34871.9,-0.029,-0.3161,139.0,98.3,0.467
106.22,32154.1,35114.6,0.861,0.2796,139.0,98.3,0.467
106.24,32199.5,35549.8,1.1134,1.3479,139.0,98.3,0.467
106.26,32298.6,35692.1,1.6641,1.6971,139.0,98.3,0.467
106.28,32229.4,35739.2,1.2795,1.8126,139.0,98.3,0.467
106.3,32154.7,35742.6,0.8642,1.8211,139.0,98.3,0.467
106.32,32133.2,35399.6,0.7445,0.9791,139.0,98.3,0.467
106.34,32106.0,35278.6,0.5931,0.6822,139.0,98.3,0.467
106.36,31981.1,35108.6,-0.101,0.2649,139.0,98.3,0.467
106.38,32067.1,35085.1,0.377,0.2071,139.0,98.3,0.467
106.4,32031.2,35006.7,0.1776,0.0148,139.0,98.3,0.467
106.42,31945.5,34925.9,-0.2991,-0.1837,139.0,98.3,0.467
106.44,32043.1,34890.9,0.2434,-0.2694,139.0,98.3,0.467
106.46,31923.8,34705.6,-0.4196,-0.7242,139.0,98.3,0.467
106.48,31746.9,34645.4,-1.4031,-0.8721,139.0,98.3,0.467
106.5,31938.0,34665.4,-0.3409,-0.8229,139.0,98.3,0.467
106.52,31855.2,34648.4,-0.8014,-0.8648,139.0,98.3,0.467
106.54,31870.9,34595.3,-0.7139,-0.9951,139.0,98.3,0.467
106.56,31783.3,34540.3,-1.2008,-1.13,139.0,98.3,0.467
106.58,31777.4,34491.2,-1.2337,-1.2506,139.0,98.3,0.467
106.6,31757.6,34478.6,-1.3441,-1.2815,139.0,98.3,0.467
106.62,31822.9,34648.9,-0.9808,-0.8636,139.0,98.3,0.467
106.64,31931.8,34902.0,-0.3753,-0.2423,139.0,98.3,0.467
106.66,32094.5,35263.1,0.5295,0.644,139.0,98.3,0.467
106.68,32271.2,35695.1,1.5118,1.7044,139.0,98.3,0.467
106.7,32273.6,35803.5,1.5255,1.9704,139.0,98.3,0.467
106.72,32329.6,35831.1,1.8365,2.0381,139.0,98.3,0.467
106.74,32261.7,35610.8,1.4592,1.4974,139.0,98.3,0.467
106.76,32138.8,35321.4,0.7755,0.7872,139.0,98.3,0.467
106.78,32045.1,35246.2,0.2545,0.6025,139.0,98.3,0.467
106.8,31982.6,35090.2,-0.0926,0.2196,139.0,98.3,0.467
106.82,32032.0,35073.4,0.182,0.1785,139.0,98.3,0.467
106.84,32014.6,35007.1,0.0853,0.0158,139.0,98.3,0.467
106.86,32054.4,35039.5,0.3062,0.0953,139.0,98.3,0.467
106.88,31861.5,34785.5,-0.766,-0.5283,139.0,98.3,0.467
106.9,31865.3,34723.6,-0.7453,-0.6803,139.0,98.3,0.467
106.92,31952.8,34647.7,-0.2582,-0.8663,139.0,98.3,0.467
106.94,31808.1,34615.4,-1.063,-0.9457,139.0,98.3,0.467
106.96,31867.7,34678.0,-0.7317,-0.792,139.0,98.3,0.467
106.98,31917.6,34532.7,-0.4542,-1.1487,139.0,98.3,0.467
107.0,31847.2,34515.7,-0.8455,-1.1904,139.0,98.3,0.467
107.02,31846.0,34396.2,-0.8522,-1.4838,139.0,98.3,0.467
107.04,31850.1,34432.1,-0.8293,-1.3957,139.0,98.3,0.467
107.06,31925.5,34735.9,-0.4103,-0.65,139.0,98.3,0.467
107.08,31982.0,35150.5,-0.096,0.3677,139.0,98.3,0.467
107.1,32209.6,35445.9,1.1694,1.0927,139.0,98.3,0.467
107.12,32254.5,35607.3,1.4188,1.4889,139.0,98.3,0.467
107.14,32294.9,35735.5,1.6436,1.8036,139.0,98.3,0.467
107.16,32218.8,35709.4,1.2208,1.7394,139.0,98.3,0.467
107.18,32197.0,35518.8,1.0996,1.2718,139.0,98.3,0.467
107.2,32086.5,35289.2,0.485,0.7081,139.0,98.3,0.467
107.22,32011.6,35143.9,0.0685,0.3516,139.0,98.3,0.467
107.24,32076.5,35017.1,0.4292,0.0401,139.0,98.3,0.467
107.26,32099.4,35153.9,0.5569,0.376,139.0,98.3,0.467
107.28,32040.7,34998.3,0.2303,-0.006,139.0,98.3,0.467
107.3,31955.5,34940.8,-0.2437,-0.1469,139.0,98.3,0.467
107.32,31925.4,34720.0,-0.4109,-0.689,139.0,98.3,0.467
107.34,31906.5,34620.1,-0.516,-0.9342,139.0,98.3,0.467
107.36,31759.9,34814.8,-1.3311,-0.4562,139.0,98.3,0.467
107.38,31822.9,34601.8,-0.9805,-0.9791,139.0,98.3,0.467
107.4,31831.0,34650.5,-0.9356,-0.8596,139.0,98.3,0.467
107.42,31815.6,34507.6,-1.0212,-1.2104,139.0,98.3,0.467
107.44,31704.8,34528.6,-1.6374,-1.1587,139.0,98.3,0.467
107.46,31749.1,34404.2,-1.3909,-1.4641,139.0,98.3,0.467
107.48,31911.2,34591.6,-0.4896,-1.0041,139.0,98.3,0.467
107.5,31906.8,34971.2,-0.5142,-0.0724,139.0,98.3,0.467
107.52,32072.1,35252.7,0.4047,0.6185,139.0,98.3,0.467
107.54,32300.4,35605.1,1.6745,1.4834,139.0,98.3,0.467
107.56,32354.3,35740.2,1.9742,1.8152,139.0,98.3,0.467
107.58,32264.3,35711.2,1.4735,1.7438,139.0,98.3,0.467
107.6,32304.3,35645.0,1.6958,1.5815,139.0,98.3,0.467
107.62,32159.0,35504.5,0.8881,1.2365,139.0,98.3,0.467
107.64,32086.7,35251.7,0.486,0.6161,139.0,98.3,0.467
107.66,32105.9,35092.2,0.5928,0.2245,139.0,98.3,0.467
107.68,32109.5,35088.8,0.6127,0.2161,139.0,98.3,0.467
107.7,32000.1,34983.4,0.0044,-0.0425,139.0,98.3,0.467
107.72,31957.4,34968.2,-0.2331,-0.0797,139.0,98.3,0.467
107.74,31963.3,34806.2,-0.2002,-0.4773,139.0,98.3,0.467
107.76,31898.2,34731.1,-0.562,-0.6617,139.0,98.3,0.467
107.78,31905.7,34730.8,-0.5201,-0.6625,139.0,98.3,0.467
107.8,31799.7,34716.9,-1.1099,-0.6966,139.0,98.3,0.467
107.82,31774.4,34631.5,-1.2507,-0.9063,139.0,98.3,0.467
107.84,31861.7,34493.4,-0.7649,-1.2452,139.0,98.3,0.467
107.86,31693.6,34521.0,-1.6998,-1.1775,139.0,98.3,0.467
107.88,31680.6,34449.9,-1.7721,-1.3519,139.0,98.3,0.467
107.9,31784.4,34483.1,-1.1947,-1.2705,139.0,98.3,0.467
107.92,31887.1,34631.2,-0.6239,-0.907,139.0,98.3,0.467
107.94,31967.8,35037.8,-0.1751,0.091,139.0,98.3,0.467
107.96,32152.8,35456.9,0.8534,1.1198,139.0,98.3,0.467
107.98,32327.4,35709.3,1.8245,1.7392,139.0,98.3,0.467
108.0,32341.2,35702.2,1.9011,1.7217,139.0,98.3,0.467
108.02,32256.2,35738.5,1.4286,1.8108,139.0,98.3,0.467
108.04,32234.0,35501.3,1.3052,1.2287,139.0,98.3,0.467
108.06,32150.1,35314.4,0.8385,0.7699,139.0,98.3,0.467
108.08,32055.8,35178.1,0.3142,0.4353,139.0,98.3,0.467
108.1,32065.6,35167.9,0.3689,0.4103,139.0,98.3,0.467
108.12,31998.6,35130.6,-0.0039,0.3188,139.0,98.3,0.467
108.14,32008.6,35082.7,0.0519,0.2014,139.0,98.3,0.467
108.16,31954.6,34902.1,-0.2484,-0.242,139.0,98.3,0.467
108.18,31960.9,34865.9,-0.2135,-0.3309,139.0,98.3,0.467
108.2,31933.2,34604.4,-0.3675,-0.9727,139.0,98.3,0.467
108.22,31960.2,34679.6,-0.2172,-0.7881,139.0,98.3,0.467
108.24,31874.1,34656.3,-0.6959,-0.8453,139.0,98.3,0.467
108.26,31831.8,34676.8,-0.9314,-0.795,139.0,98.3,0.467
108.28,31812.3,34544.2,-1.0397,-1.1204,139.0,98.3,0.467
108.3,31769.2,34509.2,-1.2796,-1.2063,139.0,98.3,0.467
108.32,31757.0,34394.3,-1.347,-1.4884,139.0,98.3,0.467
108.34,31810.0,34551.1,-1.0522,-1.1035,139.0,98.3,0.467
108.36,31871.6,34840.6,-0.7098,-0.393,139.0,98.3,0.467
108.38,32111.2,35171.8,0.6223,0.4199,139.0,98.3,0.467
108.4,32288.2,35519.9,1.6066,1.2743,139.0,98.3,0.467
108.42,32250.8,35729.4,1.3982,1.7886,139.0,98.3,0.467
108.44,32385.4,35793.4,2.1471,1.9457,139.0,98.3,0.467
108.46,32290.6,35577.4,1.6196,1.4155,139.0,98.3,0.467
108.48,32235.4,35354.4,1.3131,0.8682,139.0,98.3,0.467
108.5,32104.2,35330.2,0.5833,0.8088,139.0,98.3,0.467
108.52,32120.9,35140.4,0.6762,0.3429,139.0,98.3,0.467
108.54,32126.1,35159.6,0.7049,0.39,139.0,98.3,0.467
108.56,31949.3,35090.4,-0.2781,0.2201,139.0,98.3,0.467
108.58,31967.2,34944.0,-0.1783,-0.1391,139.0,98.3,0.467
108.6,31883.2,34878.6,-0.6455,-0.2997,139.0,98.3,0.467
108.62,31875.5,34734.1,-0.6882,-0.6543,139.0,98.3,0.467
108.64,31801.1,34706.0,-1.1017,-0.7233,139.0,98.3,0.467
108.66,31823.7,34590.7,-0.9762,-1.0064,139.0,98.3,0.467
108.68,31989.0,34644.1,-0.0574,-0.8752,139.0,98.3,0.467
108.7,31863.6,34683.4,-0.7546,-0.7789,139.0,98.3,0.467
108.72,31763.9,34527.0,-1.3086,-1.1628,139.0,98.3,0.467
108.74,31688.9,34399.0,-1.7256,-1.4769,139.0,98.3,0.467
108.76,31728.1,34392.6,-1.5079,-1.4925,139.0,98.3,0.467
108.78,31837.8,34623.6,-0.8978,-0.9257,139.0,98.3,0.467
108.8,31860.6,35046.0,-0.771,0.1111,139.0,98.3,0.467
108.82,32148.0,35266.9,0.8266,0.6534,139.0,98.3,0.467
108.84,32248.6,35561.9,1.3861,1.3774,139.0,98.3,0.467
108.86,32347.1,35831.1,1.9337,2.0383,139.0,98.3,0.467
108.88,32377.0,35696.9,2.1004,1.7087,139.0,98.3,0.467
108.9,32198.6,35421.5,1.1083,1.0329,139.0,98.3,0.467
108.92,32249.9,35354.7,1.3932,0.8689,139.0,98.3,0.467
108.94,32042.1,35225.2,0.238,0.5509,139.0,98.3,0.467
108.96,32057.1,35148.7,0.3217,0.3633,139.0,98.3,0.467
108.98,31974.5,35090.3,-0.1376,0.2199,139.0,98.3,0.467
109.0,31967.8,34969.5,-0.175,-0.0767,139.0,98.3,0.467
109.02,31960.0,34930.1,-0.2183,-0.1734,139.0,98.3,0.467
109.04,31921.8,34807.8,-0.4308,-0.4734,139.0,98.3,0.467
109.06,31961.6,34688.4,-0.2093,-0.7665,139.0,98.3,0.467
109.08,31842.9,34743.6,-0.8696,-0.6311,139.0,98.3,0.467
109.1,31852.2,34645.5,-0.8179,-0.8719,139.0,98.3,0.467
109.12,31834.6,34681.2,-0.9156,-0.7841,139.0,98.3,0.467
109.14,31838.9,34513.3,-0.8919,-1.1963,139.0,98.3,0.467
109.16,31793.3,34460.1,-1.1452,-1.3268,139.0,98.3,0.467
109.18,31795.1,34486.4,-1.1356,-1.2623,139.0,98.3,0.467
109.2,31835.1,34498.5,-0.9127,-1.2328,139.0,98.3,0.467
109.22,31870.6,34795.0,-0.7153,-0.5049,139.0,98.3,0.467
109.24,32004.7,35111.0,0.0299,0.2708,139.0,98.3,0.467
109.26,32245.0,35425.6,1.3662,1.0428,139.0,98.3,0.467
109.28,32304.7,35609.0,1.698,1.4929,139.0,98.3,0.467
109.3,32331.5,35755.0,1.8474,1.8515,139.0,98.3,0.467
109.32,32221.9,35655.4,1.238,1.6071,139.0,98.3,0.467
109.34,32168.1,35510.1,0.9389,1.2502,139.0,98.3,0.467
109.36,32146.6,35210.9,0.819,0.516,139.0,98.3,0.467
109.38,32019.3,35244.2,0.1115,0.5976,139.0,98.3,0.467
109.4,32024.3,35216.2,0.1391,0.529,139.0,98.3,0.467
109.42,32031.9,34991.4,0.1813,-0.0228,139.0,98.3,0.467
109.44,32040.8,34889.6,0.2307,-0.2726,139.0,98.3,0.467
109.46,31906.4,34953.4,-0.5165,-0.1161,139.0,98.3,0.467
109.48,31832.3,34744.4,-0.9285,-0.6292,139.0,98.3,0.467
109.5,31854.1,34705.2,-0.8075,-0.7253,139.0,98.3,0.467
109.52,31822.8,34672.0,-0.9813,-0.8069,139.0,98.3,0.467
109.54,31795.9,34613.1,-1.1309,-0.9515,139.0,98.3,0.467
109.56,31717.4,34553.0,-1.5674,-1.099,139.0,98.3,0.467
109.58,31881.1,34592.5,-0.6571,-1.0018,139.0,98.3,0.467
109.6,31718.2,34438.7,-1.5629,-1.3795,139.0,98.3,0.467
109.62,31819.5,34476.2,-0.9998,-1.2875,139.0,98.3,0.467
109.64,31805.9,34620.3,-1.0752,-0.9336,139.0,98.3,0.467
109.66,31970.4,34904.7,-0.1604,-0.2357,139.0,98.3,0.467
109.68,32118.6,35274.9,0.6631,0.673,139.0,98.3,0.467
109.7,32176.5,35548.4,0.9852,1.3444,139.0,98.3,0.467
109.72,32275.1,35751.3,1.5338,1.8424,139.0,98.3,0.467
109.74,32342.6,35644.4,1.909,1.5799,139.0,98.3,0.467
109.76,32325.3,35607.8,1.8127,1.4901,139.0,98.3,0.467
109.78,32149.4,35426.6,0.8349,1.0455,139.0,98.3,0.467
109.8,32091.9,35247.7,0.5149,0.6062,139.0,98.3,0.467
109.82,31988.0,35129.2,-0.0625,0.3154,139.0,98.3,0.467
109.84,32066.4,35075.8,0.3731,0.1843,139.0,98.3,0.467
109.86,32026.0,34985.5,0.1484,-0.0373,139.0,98.3,0.467
109.88,31922.0,34982.7,-0.4298,-0.0442,139.0,98.3,0.467
109.9,31900.5,34778.9,-0.549,-0.5444,139.0,98.3,0.467
109.92,31915.3,34752.0,-0.4668,-0.6106,139.0,98.3,0.467
109.94,31855.5,34741.7,-0.7995,-0.6357,139.0,98.3,0.467
109.96,31842.5,34659.8,-0.8719,-0.8368,139.0,98.3,0.467
109.98,31899.2,34660.6,-0.5564,-0.8347,139.0,98.3,0.467
110.0,31822.8,34537.8,-0.9811,-1.1361,139.0,98.3,0.467
110.02,31718.9,34523.5,-1.5589,-1.1713,139.0,98.3,0.467
110.04,31720.2,34369.9,-1.5519,-1.5482,139.0,98.3,0.467
110.06,31882.3,34484.0,-0.6504,-1.2682,139.0,98.3,0.467
110.08,31854.4,34659.1,-0.8058,-0.8384,139.0,98.3,0.467
110.1,31992.4,35008.2,-0.0384,0.0185,139.0,98.3,0.467
110.12,32151.9,35396.6,0.8483,0.9718,139.0,98.3,0.467
110.14,32335.2,35709.3,1.8675,1.7394,139.0,98.3,0.467
110.16,32334.8,35875.4,1.8658,2.1469,139.0,98.3,0.467
110.18,32230.5,35799.1,1.2857,1.9596,139.0,98.3,0.467
110.2,32182.6,35582.3,1.0193,1.4276,139.0,98.3,0.467
110.22,32068.8,35325.0,0.3864,0.7959,139.0,98.3,0.467
110.24,32087.7,35239.5,0.4916,0.5861,139.0,98.3,0.467
110.26,32130.8,35200.7,0.7311,0.4909,139.0,98.3,0.467
110.28,31988.4,34911.3,-0.0607,-0.2194,139.0,98.3,0.467
110.3,31949.6,35035.7,-0.2762,0.0858,139.0,98.3,0.467
110.32,31959.2,34818.4,-0.2227,-0.4475,139.0,98.3,0.467
110.34,31865.5,34824.9,-0.7437,-0.4314,139.0,98.3,0.467
110.36,31921.3,34686.8,-0.4338,-0.7706,139.0,98.3,0.467
110.38,31730.3,34544.1,-1.4957,-1.1208,139.0,98.3,0.467
110.4,31777.5,34653.8,-1.2334,-0.8516,139.0,98.3,0.467
110.42,31965.5,34508.8,-0.188,-1.2074,139.0,98.3,0.467
110.44,31905.2,34577.8,-0.5229,-1.038,139.0,98.3,0.467
110.46,31826.2,34539.5,-0.9626,-1.1319,139.0,98.3,0.467
110.48,31795.5,34526.7,-1.133,-1.1634,139.0,98.3,0.467
110.5,31872.6,34570.9,-0.7045,-1.0549,139.0,98.3,0.467
110.52,32038.4,34790.0,0.2174,-0.5172,139.0,98.3,0.467
110.54,32085.7,35160.5,0.4804,0.3923,139.0,98.3,0.467
110.56,32181.7,35540.7,1.0141,1.3254,139.0,98.3,0.467
110.58,32235.8,35796.1,1.3154,1.9522,139.0,98.3,0.467
110.6,32286.1,35699.1,1.5945,1.7142,139.0,98.3,0.467
110.62,32233.1,35708.0,1.3001,1.736,139.0,98.3,0.467
110.64,32188.0,35432.2,1.0496,1.0591,139.0,98.3,0.467
110.66,32092.5,35186.6,0.5184,0.4564,139.0,98.3,0.467
110.68,32062.6,35082.7,0.3523,0.2013,139.0,98.3,0.467
110.7,31991.2,35104.5,-0.0451,0.2548,139.0,98.3,0.467
110.72,32060.8,35020.3,0.3422,0.0481,139.0,98.3,0.467
110.74,31995.7,34907.5,-0.0198,-0.2288,139.0,98.3,0.467
110.76,31885.6,34897.9,-0.632,-0.2524,139.0,98.3,0.467
110.78,31873.5,34669.7,-0.6995,-0.8125,139.0,98.3,0.467
110.8,31905.4,34706.7,-0.522,-0.7216,139.0,98.3,0.467
110.82,31845.9,34698.1,-0.853,-0.7427,139.0,98.3,0.467
110.84,31794.4,34586.3,-1.139,-1.0171,139.0,98.3,0.467
110.86,31799.1,34633.8,-1.1131,-0.9005,139.0,98.3,0.467
110.88,31756.3,34569.1,-1.3512,-1.0593,139.0,98.3,0.467
110.9,31789.0,34490.7,-1.169,-1.2518,139.0,98.3,0.467
110.92,31787.4,34478.2,-1.1783,-1.2826,139.0,98.3,0.467
110.94,31860.4,34669.8,-0.7725,-0.8123,139.0,98.3,0.467
110.96,31995.9,35038.9,-0.019,0.0937,139.0,98.3,0.467
110.98,32158.1,35311.8,0.883,0.7637,139.0,98.3,0.467
111.0,32288.8,35630.1,1.6098,1.5449,139.0,98.3,0.467
111.02,32331.4,35851.8,1.8464,2.0891,139.0,98.3,0.467
111.04,32236.6,35703.1,1.3193,1.7241,139.0,98.3,0.467
111.06,32277.7,35486.1,1.5483,1.1914,139.0,98.3,0.467
111.08,32173.8,35325.6,0.9702,0.7975,139.0,98.3,0.467
111.1,32066.1,35169.4,0.3714,0.4141,139.0,98.3,0.467
111.12,32045.2,35161.5,0.2555,0.3946,139.0,98.3,0.467
111.14,32029.2,35080.6,0.1663,0.1962,139.0,98.3,0.467
111.16,32054.5,35011.1,0.3068,0.0254,139.0,98.3,0.467
111.18,32063.3,35030.5,0.3562,0.0731,139.0,98.3,0.467
111.2,31946.1,34813.6,-0.2959,-0.4593,139.0,98.3,0.467
111.22,31859.7,34720.6,-0.7764,-0.6875,139.0,98.3,0.467
111.24,31807.2,34676.6,-1.0682,-0.7956,139.0,98.3,0.467
111.26,31813.2,34656.2,-1.0349,-0.8455,139.0,98.3,0.467
111.28,31909.6,34704.4,-0.4986,-0.7273,139.0,98.3,0.467
111.3,31919.2,34628.9,-0.4455,-0.9126,139.0,98.3,0.467
111.32,31791.3,34512.4,-1.1564,-1.1985,139.0,98.3,0.467
111.34,31792.2,34348.4,-1.1513,-1.6012,139.0,98.3,0.467
111.36,31843.3,34522.2,-0.8673,-1.1745,139.0,98.3,0.467
111.38,31862.0,34764.3,-0.7633,-0.5803,139.0,98.3,0.467
111.4,32064.1,35050.6,0.3606,0.1225,139.0,98.3,0.467
111.42,32210.7,35501.3,1.1757,1.2287,139.0,98.3,0.467
111.44,32385.4,35648.2,2.147,1.5893,139.0,98.3,0.467
111.46,32410.7,35703.7,2.2873,1.7255,139.0,98.3,0.467
111.48,32282.0,35573.7,1.572,1.4065,139.0,98.3,0.467
111.5,32105.1,35422.2,0.5886,1.0346,139.0,98.3,0.467
111.52,32058.1,35351.9,0.3272,0.8619,139.0,98.3,0.467
111.54,32032.7,35191.2,0.1857,0.4676,139.0,98.3,0.467
111.56,32022.9,35143.9,0.1314,0.3515,139.0,98.3,0.467
111.58,32033.3,35087.8,0.1889,0.2137,139.0,98.3,0.467
111.6,31978.1,34992.7,-0.1175,-0.0196,139.0,98.3,0.467
111.62,31985.2,34915.8,-0.0785,-0.2084,139.0,98.3,0.467
111.64,31878.2,34728.4,-0.6731,-0.6684,139.0,98.3,0.467
111.66,31788.2,34718.5,-1.1737,-0.6926,139.0,98.3,0.467
111.68,31808.0,34708.3,-1.0636,-0.7177,139.0,98.3,0.467
111.7,31878.7,34664.0,-0.6705,-0.8265,139.0,98.3,0.467
111.72,31819.2,34553.5,-1.0013,-1.0978,139.0,98.3,0.467
111.74,31808.8,34545.6,-1.0592,-1.117,139.0,98.3,0.467
111.76,31808.6,34505.5,-1.0602,-1.2155,139.0,98.3,0.467
111.78,31813.6,34483.9,-1.0324,-1.2685,139.0,98.3,0.467
111.8,31826.5,34691.0,-0.9607,-0.7602,139.0,98.3,0.467
111.82,31989.3,34845.9,-0.0554,-0.3801,139.0,98.3,0.467
111.84,32128.6,35292.2,0.7193,0.7155,139.0,98.3,0.467
111.86,32249.9,35665.5,1.3937,1.6316,139.0,98.3,0.467
111.88,32333.7,35675.9,1.8593,1.6573,139.0,98.3,0.467
111.9,32277.4,35724.5,1.5463,1.7765,139.0,98.3,0.467
111.92,32322.6,35624.8,1.7978,1.5318,139.0,98.3,0.467
111.94,32230.4,35311.1,1.285,0.7618,139.0,98.3,0.467
111.96,32160.2,35205.4,0.8945,0.5024,139.0,98.3,0.467
111.98,32038.0,35112.9,0.215,0.2753,139.0,98.3,0.467
112.0,32076.6,35051.0,0.4299,0.1234,139.0,98.3,0.467
112.02,32003.6,34972.1,0.0242,-0.0703,139.0,98.3,0.467
112.04,31943.9,34937.7,-0.3078,-0.1546,139.0,98.3,0.467
112.06,31913.5,34906.4,-0.4769,-0.2314,139.0,98.3,0.467
112.08,31871.4,34826.5,-0.711,-0.4277,139.0,98.3,0.467
112.1,31842.9,34617.6,-0.8697,-0.9404,139.0,98.3,0.467
112.12,31824.3,34648.5,-0.973,-0.8645,139.0,98.3,0.467
112.14,31865.8,34667.7,-0.7422,-0.8175,139.0,98.3,0.467
112.16,31731.2,34690.4,-1.4905,-0.7616,139.0,98.3,0.467
112.18,31800.3,34449.8,-1.1065,-1.3522,139.0,98.3,0.467
112.2,31832.6,34487.6,-0.927,-1.2593,139.0,98.3,0.467
112.22,31794.9,34547.9,-1.1366,-1.1113,139.0,98.3,0.467
112.24,31859.8,34755.2,-0.7754,-0.6027,139.0,98.3,0.467
112.26,32018.3,35103.7,0.1057,0.2528,139.0,98.3,0.467
112.28,32213.9,35361.4,1.1931,0.8853,139.0,98.3,0.467
112.3,32313.3,35698.5,1.7461,1.7127,139.0,98.3,0.467
112.32,32269.9,35758.9,1.5048,1.861,139.0,98.3,0.467
112.34,32233.5,35815.9,1.3025,2.0009,139.0,98.3,0.467
112.36,32199.7,35580.3,1.1141,1.4226,139.0,98.3,0.467
112.38,32084.1,35400.6,0.4714,0.9815,139.0,98.3,0.467
112.4,32032.1,35145.3,0.1825,0.3549,139.0,98.3,0.467
112.42,32075.9,35145.8,0.426,0.3561,139.0,98.3,0.467
112.44,32069.3,35040.8,0.3891,0.0984,139.0,98.3,0.467
112.46,32012.0,34919.4,0.0706,-0.1996,139.0,98.3,0.467
112.48,31903.0,34915.9,-0.5356,-0.2082,139.0,98.3,0.467
112.5,31919.9,34724.8,-0.4413,-0.6772,139.0,98.3,0.467
112.52,31832.6,34717.8,-0.9267,-0.6944,139.0,98.3,0.467
112.54,31864.3,34750.2,-0.7504,-0.6149,139.0,98.3,0.467
112.56,31837.5,34582.4,-0.8997,-1.0268,139.0,98.3,0.467
112.58,31810.9,34702.9,-1.0476,-0.731,139.0,98.3,0.467
112.6,31718.0,34561.5,-1.5639,-1.0781,139.0,98.3,0.467
112.62,31711.7,34659.2,-1.5991,-0.8382,139.0,98.3,0.467
112.64,31769.0,34445.4,-1.2805,-1.3631,139.0,98.3,0.467
112.66,31938.6,34580.4,-0.3372,-1.0318,139.0,98.3,0.467
112.68,31887.9,34962.8,-0.6196,-0.093,139.0,98.3,0.467
112.7,32130.0,35243.2,0.7271,0.5952,139.0,98.3,0.467
112.72,32220.0,35574.5,1.2273,1.4083,139.0,98.3,0.467
112.74,32308.2,35791.4,1.7177,1.9407,139.0,98.3,0.467
112.76,32326.3,35790.1,1.8181,1.9375,139.0,98.3,0.467
112.78,32228.9,35583.6,1.277,1.4307,139.0,98.3,0.467
112.8,32208.7,35441.2,1.1646,1.0813,139.0,98.3,0.467
112.82,32081.8,35194.0,0.4588,0.4744,139.0,98.3,0.467
112.84,32086.8,35121.4,0.4866,0.2963,139.0,98.3,0.467
112.86,32093.6,35081.9,0.5242,0.1994,139.0,98.3,0.467
112.88,32020.2,35013.3,0.1163,0.031,139.0,98.3,0.467
112.9,32008.9,34937.3,0.0534,-0.1557,139.0,98.3,0.467
112.92,31909.8,34882.0,-0.4973,-0.2914,139.0,98.3,0.467
112.94,31827.7,34782.6,-0.9538,-0.5354,139.0,98.3,0.467
112.96,31900.7,34641.5,-0.548,-0.8816,139.0,98.3,0.467
112.98,31863.3,34693.2,-0.7561,-0.7548,139.0,98.3,0.467
113.0,31791.3,34616.9,-1.1564,-0.942,139.0,98.3,0.467
113.02,31723.6,34621.5,-1.533,-0.9309,139.0,98.3,0.467
113.04,31752.0,34517.5,-1.3752,-1.1861,139.0,98.3,0.467
113.06,31702.7,34479.6,-1.649,-1.2792,139.0,98.3,0.467
113.08,31839.8,34517.0,-0.8866,-1.1872,139.0,98.3,0.467
113.1,31965.4,34613.3,-0.1886,-0.9509,139.0,98.3,0.467
113.12,32064.1,35046.6,0.3604,0.1127,139.0,98.3,0.467
113.14,32258.4,35346.5,1.4407,0.8487,139.0,98.3,0.467
113.16,32207.8,35682.7,1.1592,1.674,139.0,98.3,0.467
113.18,32239.2,35773.1,1.334,1.8957,139.0,98.3,0.467
113.2,32307.2,35688.0,1.7119,1.6869,139.0,98.3,0.467
113.22,32301.3,35520.6,1.6796,1.2761,139.0,98.3,0.467
113.24,32132.2,35440.9,0.739,1.0804,139.0,98.3,0.467
113.26,32040.1,35156.3,0.2267,0.3818,139.0,98.3,0.467
113.28,32141.7,35157.0,0.7917,0.3837,139.0,98.3,0.467
113.3,32025.2,35084.4,0.1443,0.2054,139.0,98.3,0.467
113.32,31917.4,34975.9,-0.4552,-0.0609,139.0,98.3,0.467
113.34,31998.1,34945.6,-0.0067,-0.1353,139.0,98.3,0.467
113.36,31901.0,34845.4,-0.5468,-0.3812,139.0,98.3,0.467
113.38,31917.7,34752.6,-0.4536,-0.609,139.0,98.3,0.467
113.4,31846.5,34505.4,-0.8496,-1.2156,139.0,98.3,0.467
113.42,31884.1,34631.8,-0.6406,-0.9054,139.0,98.3,0.467
113.44,31883.2,34633.7,-0.6455,-0.9009,139.0,98.3,0.467
113.46,31713.3,34634.9,-1.5902,-0.8979,139.0,98.3,0.467
113.48,31872.4,34585.5,-0.7057,-1.0191,139.0,98.3,0.467
113.5,31698.6,34464.3,-1.6721,-1.3166,139.0,98.3,0.467
113.52,31861.4,34600.5,-0.7667,-0.9824,139.0,98.3,0.467
113.54,31794.2,34897.6,-1.1401,-0.2531,139.0,98.3,0.467
113.56,32152.8,35123.2,0.8537,0.3007,139.0,98.3,0.467
113.58,32269.4,35478.8,1.5021,1.1735,139.0,98.3,0.467
113.6,32293.3,35789.3,1.6347,1.9356,139.0,98.3,0.467
113.62,32395.2,35685.8,2.2013,1.6816,139.0,98.3,0.467
113.64,32321.0,35644.6,1.7887,1.5804,139.0,98.3,0.467
113.66,32116.0,35441.6,0.6487,1.0822,139.0,98.3,0.467
113.68,32099.7,35183.1,0.5583,0.4476,139.0,98.3,0.467
113.7,32057.4,35117.1,0.323,0.2857,139.0,98.3,0.467
113.72,32052.2,35144.1,0.2942,0.352,139.0,98.3,0.467
113.74,32094.4,35104.5,0.5286,0.2548,139.0,98.3,0.467
113.76,31935.3,35070.8,-0.356,0.172,139.0,98.3,0.467
113.78,31883.5,34835.3,-0.644,-0.4061,139.0,98.3,0.467
113.8,31868.9,34696.7,-0.7252,-0.7463,139.0,98.3,0.467
113.82,31906.6,34692.3,-0.5153,-0.7569,139.0,98.3,0.467
113.84,31864.5,34702.1,-0.7496,-0.7329,139.0,98.3,0.467
113.86,31925.7,34680.3,-0.409,-0.7865,139.0,98.3,0.467
113.88,31797.5,34641.9,-1.1223,-0.8807,139.0,98.3,0.467
113.9,31845.2,34601.0,-0.8569,-0.9811,139.0,98.3,0.467
113.92,31779.0,34461.6,-1.2247,-1.3231,139.0,98.3,0.467
113.94,31817.8,34472.0,-1.0093,-1.2977,139.0,98.3,0.467
113.96,31796.3,34645.6,-1.1284,-0.8715,139.0,98.3,0.467
113.98,31939.9,34938.4,-0.33,-0.1528,139.0,98.3,0.467
114.0,32155.3,35385.3,0.8674,0.944,139.0,98.3,0.467
114.02,32220.2,35628.9,1.2283,1.5418,139.0,98.3,0.467
114.04,32241.2,35733.7,1.3452,1.799,139.0,98.3,0.467
114.06,32283.8,35737.1,1.5822,1.8074,139.0,98.3,0.467
114.08,32191.4,35615.4,1.0683,1.5087,139.0,98.3,0.467
114.1,32146.9,35374.4,0.8209,0.9174,139.0,98.3,0.467
114.12,32136.7,35122.5,0.7641,0.2991,139.0,98.3,0.467
114.14,32033.3,35198.1,0.1891,0.4844,139.0,98.3,0.467
114.16,32005.4,35080.4,0.0339,0.1955,139.0,98.3,0.467
114.18,31876.7,34956.0,-0.6818,-0.1098,139.0,98.3,0.467
114.2,31951.3,34921.3,-0.2669,-0.195,139.0,98.3,0.467
114.22,31760.4,34781.7,-1.3284,-0.5375,139.0,98.3,0.467
114.24,31900.9,34818.4,-0.5471,-0.4474,139.0,98.3,0.467
114.26,31824.3,34690.5,-0.9728,-0.7614,139.0,98.3,0.467
114.28,31865.8,34678.5,-0.7424,-0.7908,139.0,98.3,0.467
114.3,31778.8,34577.5,-1.2259,-1.0387,139.0,98.3,0.467
114.32,31796.6,34562.4,-1.1267,-1.0758,139.0,98.3,0.467
114.34,31780.4,34394.7,-1.2173,-1.4874,139.0,98.3,0.467
114.36,31753.9,34458.0,-1.3642,-1.3322,139.0,98.3,0.467
114.38,31776.3,34567.8,-1.2397,-1.0625,139.0,98.3,0.467
114.4,31888.3,34752.9,-0.6174,-0.6083,139.0,98.3,0.467
114.42,32024.9,35108.1,0.1423,0.2636,139.0,98.3,0.467
114.44,32150.8,35404.3,0.8426,0.9907,139.0,98.3,0.467
114.46,32304.6,35717.0,1.6974,1.7582,139.0,98.3,0.467
114.48,32361.6,35745.6,2.0146,1.8283,139.0,98.3,0.467
114.5,32412.4,35558.4,2.2968,1.369,139.0,98.3,0.467
114.52,32232.5,35413.7,1.2969,1.0137,139.0,98.3,0.467
114.54,32141.7,35281.0,0.7916,0.688,139.0,98.3,0.467
114.56,32020.4,35274.5,0.1172,0.672,139.0,98.3,0.467
114.58,32022.6,35120.0,0.1297,0.2928,139.0,98.3,0.467
114.6,32121.1,35060.1,0.6771,0.1457,139.0,98.3,0.467
114.62,32070.2,34945.9,0.3941,-0.1345,139.0,98.3,0.467
114.64,31992.8,34870.1,-0.0362,-0.3207,139.0,98.3,0.467
114.66,31956.6,34721.1,-0.2375,-0.6863,139.0,98.3,0.467
114.68,31877.5,34747.9,-0.677,-0.6205,139.0,98.3,0.467
114.7,31837.6,34637.2,-0.8991,-0.8922,139.0,98.3,0.467
114.72,31876.4,34682.0,-0.6833,-0.7822,139.0,98.3,0.467
114.74,31879.7,34618.4,-0.6649,-0.9383,139.0,98.3,0.467
114.76,31760.5,34620.0,-1.3279,-0.9345,139.0,98.3,0.467
114.78,31763.5,34488.6,-1.311,-1.2569,139.0,98.3,0.467
114.8,31763.9,34467.5,-1.3089,-1.3087,139.0,98.3,0.467
114.82,31799.3,34618.3,-1.1118,-0.9387,139.0,98.3,0.467
114.84,31987.7,34806.4,-0.0647,-0.477,139.0,98.3,0.467
114.86,32131.4,35331.9,0.7344,0.8129,139.0,98.3,0.467
114.88,32263.7,35563.5,1.4705,1.3813,139.0,98.3,0.467
114.9,32327.5,35668.2,1.8248,1.6384,139.0,98.3,0.467
114.92,32372.6,35791.4,2.0757,1.9408,139.0,98.3,0.467
114.94,32247.9,35641.7,1.3825,1.5733,139.0,98.3,0.467
114.96,32202.2,35376.0,1.1282,0.9212,139.0,98.3,0.467
114.98,32180.5,35222.2,1.0078,0.5437,139.0,98.3,0.467
115.0,31986.3,35051.5,-0.0721,0.1247,139.0,98.3,0.467
115.02,32040.0,35086.3,0.2264,0.21,139.0,98.3,0.467
115.04,31976.9,35001.3,-0.1244,0.0014,139.0,98.3,0.467
115.06,31956.6,34906.0,-0.2372,-0.2324,139.0,98.3,0.467
115.08,31938.2,34800.0,-0.3398,-0.4927,139.0,98.3,0.467
115.1,31909.1,34738.4,-0.5014,-0.6438,139.0,98.3,0.467
115.12,31941.5,34708.6,-0.3216,-0.7169,139.0,98.3,0.467
115.14,31830.0,34645.9,-0.9412,-0.871,139.0,98.3,0.467
115.16,31861.1,34694.8,-0.7685,-0.7508,139.0,98.3,0.467
115.18,31880.8,34595.8,-0.6586,-0.9939,139.0,98.3,0.467
115.2,31759.9,34466.6,-1.3312,-1.311,139.0,98.3,0.467
115.22,31761.3,34402.6,-1.3235,-1.4681,139.0,98.3,0.467
115.24,31829.4,34516.8,-0.9445,-1.1877,139.0,98.3,0.467
115.26,31857.1,34686.4,-0.7908,-0.7714,139.0,98.3,0.467
115.28,31978.5,35036.1,-0.1157,0.0869,139.0,98.3,0.467
115.3,32063.4,35415.9,0.3567,1.019,139.0,98.3,0.467
115.32,32323.4,35601.4,1.8023,1.4743,139.0,98.3,0.467
115.34,32336.0,35684.8,1.8721,1.679,139.0,98.3,0.467
115.36,32202.3,35661.1,1.1288,1.621,139.0,98.3,0.467
115.38,32262.3,35459.5,1.4623,1.1262,139.0,98.3,0.467
115.4,32142.9,35388.0,0.7986,0.9505,139.0,98.3,0.467
115.42,32101.9,35156.6,0.5705,0.3826,139.0,98.3,0.467
115.44,32010.8,35154.4,0.0637,0.3772,139.0,98.3,0.467
115.46,32097.1,35117.1,0.5439,0.2857,139.0,98.3,0.467
115.48,31971.3,34931.5,-0.1556,-0.17,139.0,98.3,0.467
115.5,31988.2,34882.7,-0.0615,-0.2898,139.0,98.3,0.467
115.52,31841.0,34758.6,-0.8804,-0.5944,139.0,98.3,0.467
115.54,31934.6,34671.9,-0.3599,-0.8072,139.0,98.3,0.467
115.56,31966.7,34754.3,-0.1812,-0.6047,139.0,98.3,0.467
115.58,31841.2,34549.8,-0.8791,-1.1067,139.0,98.3,0.467
115.6,31755.0,34547.4,-1.3581,-1.1127,139.0,98.3,0.467
115.62,31799.7,34613.3,-1.1096,-0.951,139.0,98.3,0.467
115.64,31792.5,34480.4,-1.1495,-1.2771,139.0,98.3,0.467
115.66,31732.6,34473.8,-1.483,-1.2934,139.0,98.3,0.467
115.68,31777.5,34480.4,-1.2333,-1.2771,139.0,98.3,0.467
115.7,31834.7,34840.5,-0.9149,-0.3933,139.0,98.3,0.467
115.72,32048.1,35153.3,0.2715,0.3747,139.0,98.3,0.467
115.74,32215.9,35485.3,1.2042,1.1894,139.0,98.3,0.467
115.76,32372.2,35694.9,2.0738,1.7039,139.0,98.3,0.467
115.78,32353.1,35719.4,1.9674,1.764,139.0,98.3,0.467
115.8,32275.1,35550.7,1.5334,1.35,139.0,98.3,0.467
115.82,32262.2,35394.7,1.462,0.9671,139.0,98.3,0.467
115.84,32074.0,35226.2,0.4156,0.5536,139.0,98.3,0.467
115.86,32064.1,35130.6,0.3601,0.3188,139.0,98.3,0.467
115.88,32042.5,35093.6,0.2404,0.228,139.0,98.3,0.467
115.9,32042.5,35087.5,0.2402,0.2131,139.0,98.3,0.467
115.92,32082.1,35002.5,0.4603,0.0043,139.0,98.3,0.467
115.94,31921.5,34891.5,-0.4327,-0.2679,139.0,98.3,0.467
115.96,31923.5,34765.7,-0.4212,-0.5769,139.0,98.3,0.467
115.98,31877.8,34642.4,-0.6755,-0.8794,139.0,98.3,0.467
116.0,31881.5,34638.8,-0.6548,-0.8883,139.0,98.3,0.467
116.02,31811.4,34696.7,-1.045,-0.7462,139.0,98.3,0.467
116.04,31810.7,34618.6,-1.0485,-0.9379,139.0,98.3,0.467
116.06,31795.7,34534.9,-1.132,-1.1434,139.0,98.3,0.467
116.08,31756.2,34455.0,-1.3517,-1.3395,139.0,98.3,0.467
116.1,31790.2,34475.9,-1.1628,-1.2881,139.0,98.3,0.467
116.12,31738.4,34653.4,-1.4507,-0.8525,139.0,98.3,0.467
116.14,32012.6,34968.5,0.0738,-0.079,139.0,98.3,0.467
116.16,32176.2,35330.7,0.9839,0.81,139.0,98.3,0.467
116.18,32125.7,35681.0,0.7029,1.6699,139.0,98.3,0.467
116.2,32315.2,35775.2,1.7567,1.9011,139.0,98.3,0.467
116.22,32269.7,35728.8,1.5037,1.7871,139.0,98.3,0.467
116.24,32159.4,35661.3,0.8905,1.6216,139.0,98.3,0.467
116.26,32105.7,35318.4,0.5919,0.7799,139.0,98.3,0.467
116.28,32120.5,35220.2,0.6741,0.5388,139.0,98.3,0.467
116.3,32027.2,35115.3,0.1553,0.2813,139.0,98.3,0.467
116.32,32089.6,35099.5,0.5021,0.2425,139.0,98.3,0.467
116.34,31970.5,34999.7,-0.1601,-0.0024,139.0,98.3,0.467
116.36,31954.1,34900.4,-0.251,-0.2462,139.0,98.3,0.467
116.38,31930.7,34787.0,-0.3812,-0.5246,139.0,98.3,0.467
116.4,31902.5,34668.4,-0.5384,-0.8156,139.0,98.3,0.467
116.42,31874.8,34606.5,-0.6924,-0.9675,139.0,98.3,0.467
116.44,31785.6,34696.1,-1.1879,-0.7476,139.0,98.3,0.467
116.46,31816.9,34598.0,-1.0142,-0.9885,139.0,98.3,0.467
116.48,31888.9,34610.8,-0.6135,-0.957,139.0,98.3,0.467
116.5,31801.1,34435.0,-1.1022,-1.3885,139.0,98.3,0.467
116.52,31694.5,34494.9,-1.6949,-1.2415,139.0,98.3,0.467
116.54,31756.8,34540.7,-1.3481,-1.129,139.0,98.3,0.467
116.56,32010.9,34839.3,0.0645,-0.3962,139.0,98.3,0.467
116.58,32034.1,35129.1,0.1935,0.3152,139.0,98.3,0.467
116.6,32151.3,35460.2,0.845,1.1278,139.0,98.3,0.467
116.62,32298.6,35621.8,1.6644,1.5244,139.0,98.3,0.467
116.64,32342.5,35764.0,1.9082,1.8735,139.0,98.3,0.467
116.66,32274.5,35652.4,1.5305,1.5997,139.0,98.3,0.467
116.68,32322.3,35437.1,1.7963,1.0711,139.0,98.3,0.467
116.7,32057.5,35282.0,0.3239,0.6905,139.0,98.3,0.467
116.72,32068.7,35176.2,0.3857,0.4308,139.0,98.3,0.467
116.74,32108.5,35079.5,0.6072,0.1934,139.0,98.3,0.467
116.76,32041.5,35060.2,0.2348,0.146,139.0,98.3,0.467
116.78,32018.1,34983.7,0.1046,-0.0418,139.0,98.3,0.467
116.8,32005.6,34842.9,0.0353,-0.3873,139.0,98.3,0.467
116.82,31939.7,34688.9,-0.3311,-0.7655,139.0,98.3,0.467
116.84,31821.5,34664.3,-0.9883,-0.8256,139.0,98.3,0.467
116.86,31962.3,34623.5,-0.2057,-0.9258,139.0,98.3,0.467
116.88,31850.6,34699.4,-0.8266,-0.7395,139.0,98.3,0.467
116.9,31875.1,34657.3,-0.6904,-0.843,139.0,98.3,0.467
116.92,31745.0,34597.3,-1.4137,-0.9901,139.0,98.3,0.467
116.94,31783.2,34475.6,-1.2014,-1.2888,139.0,98.3,0.467
116.96,31674.3,34347.9,-1.8068,-1.6023,139.0,98.3,0.467
116.98,31880.1,34599.9,-0.6625,-0.9837,139.0,98.3,0.467
117.0,32008.3,34951.0,0.0499,-0.1219,139.0,98.3,0.467
117.02,32068.7,35282.2,0.3861,0.691,139.0,98.3,0.467
117.04,32207.4,35643.0,1.1572,1.5765,139.0,98.3,0.467
117.06,32333.0,35724.5,1.8557,1.7767,139.0,98.3,0.467
117.08,32354.8,35773.6,1.977,1.8971,139.0,98.3,0.467
117.1,32269.3,35615.9,1.5013,1.51,139.0,98.3,0.467
117.12,32105.2,35384.5,0.5889,0.9421,139.0,98.3,0.467
117.14,32106.5,35279.7,0.596,0.6848,139.0,98.3,0.467
117.16,32087.9,35136.6,0.4925,0.3335,139.0,98.3,0.467
117.18,31991.8,35116.5,-0.0415,0.2842,139.0,98.3,0.467
117.2,32008.0,35010.1,0.0483,0.0231,139.0,98.3,0.467
117.22,31976.6,34923.4,-0.1263,-0.1897,139.0,98.3,0.467
117.24,31894.8,34838.6,-0.581,-0.3979,139.0,98.3,0.467
117.26,31936.2,34687.9,-0.3507,-0.7677,139.0,98.3,0.467
117.28,31848.5,34608.3,-0.8386,-0.9631,139.0,98.3,0.467
117.3,31816.3,34684.7,-1.0174,-0.7757,139.0,98.3,0.467
117.32,31827.9,34634.3,-0.9532,-0.8993,139.0,98.3,0.467
117.34,31725.0,34608.4,-1.5253,-0.9628,139.0,98.3,0.467
117.36,31749.7,34497.7,-1.3877,-1.2347,139.0,98.3,0.467
117.38,31741.0,34522.2,-1.436,-1.1746,139.0,98.3,0.467
117.4,31873.0,34478.7,-0.7024,-1.2812,139.0,98.3,0.467
117.42,31871.0,34701.6,-0.7135,-0.7343,139.0,98.3,0.467
117.44,32066.7,35121.6,0.375,0.2967,139.0,98.3,0.467
117.46,32179.8,35321.1,1.0039,0.7864,139.0,98.3,0.467
117.48,32330.3,35695.6,1.8403,1.7057,139.0,98.3,0.467
117.5,32342.7,35810.5,1.9096,1.9876,139.0,98.3,0.467
117.52,32293.7,35728.9,1.637,1.7874,139.0,98.3,0.467
117.54,32147.3,35526.8,0.8232,1.2912,139.0,98.3,0.467
117.56,32160.5,35333.5,0.8964,0.8168,139.0,98.3,0.467
117.58,32016.0,35138.1,0.0931,0.3373,139.0,98.3,0.467
117.6,32002.7,35128.5,0.0192,0.3137,139.0,98.3,0.467
117.62,31984.0,34999.5,-0.0848,-0.003,139.0,98.3,0.467
117.64,31896.0,35065.2,-0.5742,0.1583,139.0,98.3,0.467
117.66,31969.3,34923.6,-0.1665,-0.1894,139.0,98.3,0.467
117.68,31900.5,34769.1,-0.5492,-0.5686,139.0,98.3,0.467
117.7,31880.0,34657.2,-0.663,-0.8431,139.0,98.3,0.467
117.72,31828.5,34570.4,-0.9494,-1.0561,139.0,98.3,0.467
117.74,31825.5,34695.0,-0.9665,-0.7504,139.0,98.3,0.467
117.76,31788.3,34564.7,-1.1729,-1.0702,139.0,98.3,0.467
117.78,31783.8,34615.7,-1.1981,-0.945,139.0,98.3,0.467
117.8,31745.5,34563.6,-1.411,-1.0728,139.0,98.3,0.467
117.82,31711.8,34461.3,-1.5987,-1.3241,139.0,98.3,0.467
117.84,31845.5,34594.7,-0.8549,-0.9964,139.0,98.3,0.467
117.86,31970.4,34833.6,-0.1608,-0.4103,139.0,98.3,0.467
117.88,32171.7,35111.0,0.9584,0.2706,139.0,98.3,0.467
117.9,32245.8,35632.2,1.3705,1.5499,139.0,98.3,0.467
117.92,32390.6,35665.4,2.176,1.6314,139.0,98.3,0.467
117.94,32286.5,35861.6,1.5971,2.113,139.0,98.3,0.467
117.96,32235.6,35644.1,1.3138,1.5793,139.0,98.3,0.467
117.98,32174.4,35511.5,0.9736,1.2538,139.0,98.3,0.467
118.0,32129.8,35267.0,0.726,0.6537,139.0,98.3,0.467
118.02,32036.2,35201.6,0.205,0.4932,139.0,98.3,0.467
118.04,32031.1,35023.7,0.177,0.0565,139.0,98.3,0.467
118.06,31983.0,35095.9,-0.0907,0.2337,139.0,98.3,0.467
118.08,32025.7,34942.6,0.147,-0.1427,139.0,98.3,0.467
118.1,31921.5,34871.7,-0.4323,-0.3167,139.0,98.3,0.467
118.12,31947.5,34769.4,-0.2877,-0.5678,139.0,98.3,0.467
118.14,31848.6,34736.1,-0.8381,-0.6496,139.0,98.3,0.467
118.16,31828.5,34601.0,-0.9494,-0.981,139.0,98.3,0.467
118.18,31955.4,34651.6,-0.2442,-0.857,139.0,98.3,0.467
118.2,31863.2,34566.2,-0.7567,-1.0664,139.0,98.3,0.467
118.22,31832.7,34542.0,-0.9265,-1.126,139.0,98.3,0.467
118.24,31696.4,34297.2,-1.6844,-1.7266,139.0,98.3,0.467
118.26,31822.7,34424.2,-0.9819,-1.415,139.0,98.3,0.467
118.28,31776.3,34720.6,-1.2399,-0.6876,139.0,98.3,0.467
118.3,31940.2,35029.7,-0.3284,0.0711,139.0,98.3,0.467
118.32,32121.8,35354.2,0.6809,0.8677,139.0,98.3,0.467
118.34,32289.5,35663.7,1.6139,1.6273,139.0,98.3,0.467
118.36,32256.1,35774.3,1.4277,1.8988,139.0,98.3,0.467
118.38,32339.5,35710.2,1.8914,1.7414,139.0,98.3,0.467
118.4,32179.7,35609.2,1.0034,1.4937,139.0,98.3,0.467
118.42,32138.1,35256.9,0.7719,0.6288,139.0,98.3,0.467
118.44,32156.3,35104.3,0.8731,0.2542,139.0,98.3,0.467
118.46,32059.5,35031.1,0.3348,0.0745,139.0,98.3,0.467
118.48,32046.2,35064.5,0.2607,0.1567,139.0,98.3,0.467
118.5,32024.8,35040.5,0.1418,0.0976,139.0,98.3,0.467
118.52,31851.2,34888.7,-0.8236,-0.2749,139.0,98.3,0.467
118.54,31982.4,34785.7,-0.0939,-0.5277,139.0,98.3,0.467
118.56,31923.2,34734.9,-0.4229,-0.6525,139.0,98.3,0.467
118.58,31818.9,34728.6,-1.0032,-0.6679,139.0,98.3,0.467
118.6,31801.6,34674.1,-1.0993,-0.8016,139.0,98.3,0.467
118.62,31844.5,34593.7,-0.8604,-0.9991,139.0,98.3,0.467
118.64,31812.7,34603.9,-1.0377,-0.974,139.0,98.3,0.467
118.66,31813.3,34438.3,-1.0341,-1.3804,139.0,98.3,0.467
118.68,31771.1,34561.0,-1.269,-1.0794,139.0,98.3,0.467
118.7,31720.8,34503.8,-1.5484,-1.2197,139.0,98.3,0.467
118.72,31920.3,34820.9,-0.4391,-0.4413,139.0,98.3,0.467
118.74,32111.9,35132.2,0.6264,0.3228,139.0,98.3,0.467
118.76,32210.7,35386.1,1.1757,0.946,139.0,98.3,0.467
118.78,32314.4,35621.9,1.752,1.5247,139.0,98.3,0.467
118.8,32399.0,35716.4,2.2228,1.7567,139.0,98.3,0.467
118.82,32280.5,35701.2,1.5634,1.7195,139.0,98.3,0.467
118.84,32274.5,35473.6,1.5302,1.1607,139.0,98.3,0.467
118.86,32067.2,35252.9,0.3774,0.6189,139.0,98.3,0.467
118.88,32044.6,35189.3,0.2517,0.4629,139.0,98.3,0.467
118.9,32023.9,35090.2,0.1369,0.2197,139.0,98.3,0.467
118.92,31999.7,34978.5,0.0025,-0.0546,139.0,98.3,0.467
118.94,31928.3,35073.7,-0.3947,0.1792,139.0,98.3,0.467
118.96,31860.8,34791.5,-0.7699,-0.5134,139.0,98.3,0.467
118.98,31888.9,34784.2,-0.6137,-0.5315,139.0,98.3,0.467
119.0,31841.0,34663.3,-0.88,-0.8282,139.0,98.3,0.467
119.02,31890.0,34663.1,-0.6075,-0.8286,139.0,98.3,0.467
119.04,31773.9,34635.4,-1.2533,-0.8966,139.0,98.3,0.467
119.06,31794.2,34607.0,-1.1401,-0.9664,139.0,98.3,0.467
119.08,31838.5,34522.9,-0.8938,-1.1729,139.0,98.3,0.467
119.1,31690.3,34526.9,-1.7183,-1.1629,139.0,98.3,0.467
119.12,31733.2,34446.4,-1.4794,-1.3606,139.0,98.3,0.467
119.14,31886.4,34555.8,-0.6276,-1.0921,139.0,98.3,0.467
119.16,31964.9,34984.4,-0.1913,-0.0401,139.0,98.3,0.467
119.18,32140.7,35303.2,0.7864,0.7425,139.0,98.3,0.467
119.2,32231.7,35675.8,1.2921,1.657,139.0,98.3,0.467
119.22,32400.5,35745.7,2.2309,1.8286,139.0,98.3,0.467
119.24,32398.6,35706.3,2.2205,1.732,139.0,98.3,0.467
119.26,32330.9,35503.2,1.8441,1.2334,139.0,98.3,0.467
119.28,32194.8,35417.3,1.0871,1.0225,139.0,98.3,0.467
119.3,32066.5,35050.2,0.3739,0.1216,139.0,98.3,0.467
119.32,31956.3,35174.4,-0.2392,0.4263,139.0,98.3,0.467
119.34,31970.3,34991.5,-0.1611,-0.0227,139.0,98.3,0.467
119.36,32005.6,35012.6,0.035,0.0292,139.0,98.3,0.467
119.38,31970.6,34843.1,-0.1594,-0.3867,139.0,98.3,0.467
119.4,31903.4,34756.4,-0.533,-0.5996,139.0,98.3,0.467
119.42,31948.3,34671.4,-0.2833,-0.8082,139.0,98.3,0.467
119.44,31836.2,34688.2,-0.907,-0.7671,139.0,98.3,0.467
119.46,31880.6,34761.9,-0.6599,-0.5862,139.0,98.3,0.467
119.48,31914.1,34734.9,-0.4738,-0.6524,139.0,98.3,0.467
119.5,31753.4,34652.0,-1.3671,-0.856,139.0,98.3,0.467
119.52,31757.6,34532.7,-1.3436,-1.1488,139.0,98.3,0.467
119.54,31728.8,34375.1,-1.5041,-1.5356,139.0,98.3,0.467
119.56,31824.8,34588.1,-0.97,-1.0127,139.0,98.3,0.467
119.58,31969.9,34825.6,-0.1635,-0.4298,139.0,98.3,0.467
119.6,32018.5,35129.0,0.1069,0.3149,139.0,98.3,0.467
119.62,32272.7,35509.8,1.5205,1.2496,139.0,98.3,0.467
119.64,32389.8,35636.1,2.1712,1.5597,139.0,98.3,0.467
119.66,32327.8,35699.2,1.8268,1.7145,139.0,98.3,0.467
119.68,32287.2,35583.8,1.6007,1.4312,139.0,98.3,0.467
119.7,32231.0,35541.8,1.2884,1.3282,139.0,98.3,0.467
119.72,32102.8,35374.0,0.5757,0.9162,139.0,98.3,0.467
119.74,32053.0,35116.0,0.2987,0.2831,139.0,98.3,0.467
119.76,32062.5,35061.3,0.3512,0.1487,139.0,98.3,0.467
119.78,31951.4,35018.1,-0.266,0.0427,139.0,98.3,0.467
119.8,31995.7,35018.6,-0.02,0.0439,139.0,98.3,0.467
119.82,31904.8,34813.8,-0.5256,-0.4587,139.0,98.3,0.467
119.84,31914.6,34803.3,-0.4708,-0.4846,139.0,98.3,0.467
119.86,31799.9,34734.5,-1.1084,-0.6534,139.0,98.3,0.467
119.88,31819.7,34686.8,-0.9986,-0.7705,139.0,98.3,0.467
119.9,31814.7,34665.0,-1.0261,-0.824,139.0,98.3,0.467
119.92,31794.8,34546.2,-1.137,-1.1157,139.0,98.3,0.467
119.94,31738.8,34573.0,-1.4486,-1.0497,139.0,98.3,0.467
119.96,31772.5,34412.3,-1.261,-1.4443,139.0,98.3,0.467
119.98,31816.4,34469.4,-1.0169,-1.304,139.0,98.3,0.467
