timestamp,raw_red,raw_ir,filtered_red,filtered_ir,heart_rate,spo2,ac_dc_ratio
0.0,32123.7,35128.8,0.604,0.3124,146.9,96.6,0.536
0.02,32260.0,35550.4,1.2701,1.3487,146.9,96.6,0.536
0.04,32273.2,35703.0,1.3344,1.7239,146.9,96.6,0.536
0.06,32400.4,35752.0,1.9559,1.8443,146.9,96.6,0.536
0.08,32221.1,35667.7,1.08,1.6371,146.9,96.6,0.536
0.1,32207.9,35356.8,1.0157,0.8729,146.9,96.6,0.536
0.12,32127.4,35119.1,0.6224,0.2885,146.9,96.6,0.536
0.14,32078.3,35133.6,0.3822,0.3242,146.9,96.6,0.536
0.16,32142.4,35084.3,0.6956,0.2029,146.9,96.6,0.536
0.18,31983.9,35019.8,-0.079,0.0444,146.9,96.6,0.536
0.2,31933.3,34894.8,-0.3263,-0.2629,146.9,96.6,0.536
0.22,31897.5,34745.4,-0.5012,-0.6301,146.9,96.6,0.536
0.24,31786.0,34714.1,-1.0459,-0.707,146.9,96.6,0.536
0.26,31822.7,34797.3,-0.8665,-0.5024,146.9,96.6,0.536
0.28,31788.5,34647.0,-1.0338,-0.872,146.9,96.6,0.536
0.3,31805.5,34633.0,-0.9505,-0.9065,146.9,96.6,0.536
0.32,31741.2,34506.1,-1.2649,-1.2184,146.9,96.6,0.536
0.34,31767.1,34430.2,-1.1381,-1.4051,146.9,96.6,0.536
0.36,31679.3,34449.5,-1.5671,-1.3575,146.9,96.6,0.536
0.38,31874.4,34670.6,-0.614,-0.8139,146.9,96.6,0.536
0.4,32105.3,34991.7,0.5141,-0.0247,146.9,96.6,0.536
0.42,32253.6,35405.1,1.239,0.9916,146.9,96.6,0.536
0.44,32243.9,35596.9,1.1916,1.463,146.9,96.6,0.536
0.46,32364.8,35762.4,1.7822,1.87,146.9,96.6,0.536
0.48,32381.8,35618.3,1.8651,1.5157,146.9,96.6,0.536
0.5,32207.2,35410.7,1.0121,1.0053,146.9,96.6,0.536
0.52,32159.8,35240.9,0.7806,0.588,146.9,96.6,0.536
0.54,32060.5,35086.6,0.2953,0.2086,146.9,96.6,0.536
0.56,32117.0,34941.0,0.5716,-0.1493,146.9,96.6,0.536
0.58,31909.7,35102.0,-0.4414,0.2464,146.9,96.6,0.536
0.6,31959.3,34938.7,-0.1993,-0.155,146.9,96.6,0.536
0.62,31987.0,34772.7,-0.0637,-0.5631,146.9,96.6,0.536
0.64,31823.1,34773.1,-0.8648,-0.5621,146.9,96.6,0.536
0.66,31928.3,34725.3,-0.3507,-0.6796,146.9,96.6,0.536
0.68,31858.1,34689.7,-0.6935,-0.767,146.9,96.6,0.536
0.7,31941.9,34630.1,-0.284,-0.9135,146.9,96.6,0.536
0.72,31802.3,34525.2,-0.966,-1.1716,146.9,96.6,0.536
0.74,31753.2,34473.6,-1.2061,-1.2984,146.9,96.6,0.536
0.76,31732.7,34460.3,-1.3065,-1.3311,146.9,96.6,0.536
0.78,31763.6,34624.0,-1.1552,-0.9286,146.9,96.6,0.536
0.8,31875.4,34798.8,-0.6089,-0.4988,146.9,96.6,0.536
0.82,32114.2,35223.9,0.5579,0.5462,146.9,96.6,0.536
0.84,32257.9,35506.2,1.26,1.2401,146.9,96.6,0.536
0.86,32304.3,35862.1,1.4863,2.115,146.9,96.6,0.536
0.88,32417.0,35667.7,2.0372,1.6371,146.9,96.6,0.536
0.9,32307.6,35584.7,1.5027,1.4331,146.9,96.6,0.536
0.92,32149.3,35331.0,0.7291,0.8093,146.9,96.6,0.536
0.94,32096.8,35157.2,0.4726,0.3821,146.9,96.6,0.536
0.96,31938.6,35227.0,-0.3001,0.5538,146.9,96.6,0.536
0.98,31996.1,35045.1,-0.0192,0.1066,146.9,96.6,0.536
1.0,31978.6,34939.3,-0.105,-0.1534,146.9,96.6,0.536
1.02,31858.8,34840.7,-0.6903,-0.396,146.9,96.6,0.536
1.04,31894.3,34771.5,-0.5166,-0.5659,146.9,96.6,0.536
1.06,31811.3,34669.0,-0.9221,-0.818,146.9,96.6,0.536
1.08,31840.4,34651.4,-0.7799,-0.8611,146.9,96.6,0.536
1.1,31794.2,34624.7,-1.0056,-0.9269,146.9,96.6,0.536
1.12,31871.8,34625.5,-0.6264,-0.9249,146.9,96.6,0.536
1.14,31705.3,34514.2,-1.44,-1.1984,146.9,96.6,0.536
1.16,31688.1,34405.3,-1.5243,-1.4661,146.9,96.6,0.536
1.18,31815.3,34427.4,-0.9027,-1.4118,146.9,96.6,0.536
1.2,31862.3,34676.7,-0.6731,-0.7991,146.9,96.6,0.536
1.22,32060.1,35042.8,0.2933,0.1009,146.9,96.6,0.536
1.24,32245.9,35580.8,1.201,1.4234,146.9,96.6,0.536
1.26,32385.6,35662.1,1.8839,1.6233,146.9,96.6,0.536
1.28,32360.4,35763.5,1.7606,1.8728,146.9,96.6,0.536
1.3,32312.7,35687.3,1.5278,1.6853,146.9,96.6,0.536
1.32,32164.0,35405.0,0.8009,0.9914,146.9,96.6,0.536
1.34,32136.1,35259.2,0.6649,0.633,146.9,96.6,0.536
1.36,31952.6,35208.4,-0.232,0.508,146.9,96.6,0.536
1.38,32037.0,35031.1,0.1803,0.0722,146.9,96.6,0.536
1.4,32013.1,35062.9,0.0639,0.1503,146.9,96.6,0.536
1.42,31871.1,35009.0,-0.6302,0.0178,146.9,96.6,0.536
1.44,31879.3,34881.7,-0.59,-0.295,146.9,96.6,0.536
1.46,31938.5,34724.3,-0.301,-0.682,146.9,96.6,0.536
1.48,31947.0,34633.6,-0.2594,-0.905,146.9,96.6,0.536
1.5,31756.8,34639.8,-1.1887,-0.8898,146.9,96.6,0.536
1.52,31854.6,34654.8,-0.7109,-0.8528,146.9,96.6,0.536
1.54,31843.0,34553.5,-0.7673,-1.1018,146.9,96.6,0.536
1.56,31793.2,34450.0,-1.0108,-1.3563,146.9,96.6,0.536
1.58,31749.1,34507.8,-1.2263,-1.2142,146.9,96.6,0.536
1.6,31785.1,34528.2,-1.05,-1.1641,146.9,96.6,0.536
1.62,31931.4,34932.1,-0.3357,-0.1713,146.9,96.6,0.536
1.64,32257.8,35209.8,1.2595,0.5116,146.9,96.6,0.536
1.66,32324.8,35608.7,1.5868,1.4921,146.9,96.6,0.536
1.68,32364.9,35749.2,1.7824,1.8374,146.9,96.6,0.536
1.7,32299.0,35775.3,1.4607,1.9017,146.9,96.6,0.536
1.72,32283.6,35517.5,1.3855,1.268,146.9,96.6,0.536
1.74,32235.6,35321.2,1.1508,0.7853,146.9,96.6,0.536
1.76,32033.6,35098.6,0.164,0.2381,146.9,96.6,0.536
1.78,32050.0,35095.2,0.2442,0.2297,146.9,96.6,0.536
1.8,32034.1,35060.9,0.1666,0.1454,146.9,96.6,0.536
1.82,31932.1,34975.3,-0.3322,-0.065,146.9,96.6,0.536
1.84,31949.8,34821.4,-0.2455,-0.4433,146.9,96.6,0.536
1.86,31972.2,34724.1,-0.1361,-0.6825,146.9,96.6,0.536
1.88,31881.8,34719.1,-0.5779,-0.6947,146.9,96.6,0.536
1.9,31768.2,34588.8,-1.1328,-1.0151,146.9,96.6,0.536
1.92,31919.8,34599.3,-0.3921,-0.9894,146.9,96.6,0.536
1.94,31906.4,34662.6,-0.4576,-0.8337,146.9,96.6,0.536
1.96,31813.6,34510.8,-0.9111,-1.2069,146.9,96.6,0.536
1.98,31775.1,34553.2,-1.099,-1.1028,146.9,96.6,0.536
2.0,31794.9,34491.1,-1.0024,-1.2553,146.9,96.6,0.536
2.02,31835.5,34737.7,-0.8042,-0.649,146.9,96.6,0.536
2.04,32103.9,35175.4,0.5076,0.4269,146.9,96.6,0.536
2.06,32263.1,35503.1,1.2852,1.2325,146.9,96.6,0.536
2.08,32323.7,35744.4,1.5814,1.8258,146.9,96.6,0.536
2.1,32396.6,35845.0,1.9375,2.073,146.9,96.6,0.536
2.12,32209.2,35611.8,1.022,1.4999,146.9,96.6,0.536
2.14,32226.4,35374.0,1.1057,0.9152,146.9,96.6,0.536
2.16,32093.4,35180.5,0.4563,0.4394,146.9,96.6,0.536
2.18,32054.5,35165.7,0.2661,0.4032,146.9,96.6,0.536
2.2,32001.2,35020.1,0.0058,0.0453,146.9,96.6,0.536
2.22,32008.9,35045.0,0.0433,0.1064,146.9,96.6,0.536
2.24,31909.7,34923.0,-0.4415,-0.1935,146.9,96.6,0.536
2.26,31913.9,34717.7,-0.4212,-0.6982,146.9,96.6,0.536
2.28,31836.3,34808.7,-0.7999,-0.4745,146.9,96.6,0.536
2.3,31854.2,34716.4,-0.7126,-0.7015,146.9,96.6,0.536
2.32,31961.2,34583.4,-0.1901,-1.0283,146.9,96.6,0.536
2.34,31844.7,34600.2,-0.759,-0.9871,146.9,96.6,0.536
2.36,31692.1,34596.7,-1.5046,-0.9956,146.9,96.6,0.536
2.38,31739.5,34545.9,-1.2732,-1.1206,146.9,96.6,0.536
2.4,31710.5,34395.3,-1.4149,-1.4907,146.9,96.6,0.536
2.42,31821.4,34703.8,-0.8727,-0.7323,146.9,96.6,0.536
2.44,31962.4,34995.8,-0.1838,-0.0145,146.9,96.6,0.536
2.46,32230.8,35309.3,1.1274,0.756,146.9,96.6,0.536
2.48,32384.7,35651.0,1.8793,1.5962,146.9,96.6,0.536
2.5,32301.6,35774.3,1.4731,1.8991,146.9,96.6,0.536
2.52,32262.0,35644.8,1.2801,1.5808,146.9,96.6,0.536
2.54,32276.4,35579.9,1.3501,1.4213,146.9,96.6,0.536
2.56,32105.3,35296.8,0.5141,0.7254,146.9,96.6,0.536
2.58,32113.1,35214.0,0.5523,0.5218,146.9,96.6,0.536
2.6,32031.7,35203.9,0.1544,0.497,146.9,96.6,0.536
2.62,31947.9,35001.5,-0.255,-0.0005,146.9,96.6,0.536
2.64,32025.5,34937.7,0.1241,-0.1573,146.9,96.6,0.536
2.66,31915.6,34915.9,-0.4126,-0.211,146.9,96.6,0.536
2.68,31930.2,34781.0,-0.3413,-0.5427,146.9,96.6,0.536
2.7,31912.8,34660.0,-0.4263,-0.8401,146.9,96.6,0.536
2.72,31825.1,34721.0,-0.855,-0.6903,146.9,96.6,0.536
2.74,31811.9,34624.1,-0.9195,-0.9284,146.9,96.6,0.536
2.76,31844.6,34598.4,-0.7597,-0.9916,146.9,96.6,0.536
2.78,31795.4,34510.4,-1.0001,-1.2079,146.9,96.6,0.536
2.8,31688.0,34438.7,-1.5246,-1.384,146.9,96.6,0.536
2.82,31813.0,34559.4,-0.9141,-1.0873,146.9,96.6,0.536
2.84,31865.3,34802.9,-0.6582,-0.4887,146.9,96.6,0.536
2.86,32131.8,35200.0,0.6436,0.4875,146.9,96.6,0.536
2.88,32374.2,35596.3,1.8281,1.4617,146.9,96.6,0.536
2.9,32295.8,35809.4,1.4451,1.9856,146.9,96.6,0.536
2.92,32398.6,35687.6,1.9471,1.686,146.9,96.6,0.536
2.94,32225.4,35496.8,1.1008,1.217,146.9,96.6,0.536
2.96,32157.9,35388.2,0.7712,0.95,146.9,96.6,0.536
2.98,32123.3,35235.4,0.6024,0.5745,146.9,96.6,0.536
3.0,32217.2,35185.1,1.0608,0.4509,146.9,96.6,0.536
3.02,32082.7,35128.8,0.4039,0.3125,146.9,96.6,0.536
3.04,32013.6,34998.4,0.066,-0.0082,146.9,96.6,0.536
3.06,31920.7,34992.2,-0.3875,-0.0233,146.9,96.6,0.536
3.08,31910.7,34785.9,-0.4366,-0.5305,146.9,96.6,0.536
3.1,31892.0,34674.7,-0.5278,-0.804,146.9,96.6,0.536
3.12,31838.7,34692.8,-0.7884,-0.7595,146.9,96.6,0.536
3.14,31821.8,34695.2,-0.8707,-0.7535,146.9,96.6,0.536
3.16,31706.0,34682.2,-1.4369,-0.7854,146.9,96.6,0.536
3.18,31808.9,34543.2,-0.9337,-1.1273,146.9,96.6,0.536
3.2,31790.2,34491.6,-1.0255,-1.2542,146.9,96.6,0.536
3.22,31849.5,34646.8,-0.7357,-0.8725,146.9,96.6,0.536
3.24,31857.0,34767.3,-0.699,-0.5763,146.9,96.6,0.536
3.26,32033.1,35098.3,0.1613,0.2375,146.9,96.6,0.536
3.28,32252.8,35519.7,1.2348,1.2734,146.9,96.6,0.536
3.3,32494.9,35678.0,2.4177,1.6625,146.9,96.6,0.536
3.32,32357.4,35686.0,1.7462,1.6821,146.9,96.6,0.536
3.34,32263.6,35647.8,1.2876,1.5881,146.9,96.6,0.536
3.36,32212.3,35381.5,1.0369,0.9336,146.9,96.6,0.536
3.38,32113.7,35265.3,0.5552,0.6479,146.9,96.6,0.536
3.4,31979.7,35149.9,-0.0995,0.3643,146.9,96.6,0.536
3.42,32087.9,35036.8,0.4292,0.0862,146.9,96.6,0.536
3.44,32078.6,35051.9,0.3839,0.1233,146.9,96.6,0.536
3.46,31962.3,34998.9,-0.1843,-0.0069,146.9,96.6,0.536
3.48,31985.7,34869.9,-0.0701,-0.3241,146.9,96.6,0.536
3.5,31906.8,34747.5,-0.4556,-0.6249,146.9,96.6,0.536
3.52,31813.3,34630.9,-0.9123,-0.9117,146.9,96.6,0.536
3.54,31827.0,34642.3,-0.8458,-0.8835,146.9,96.6,0.536
3.56,31757.5,34692.5,-1.185,-0.7603,146.9,96.6,0.536
3.58,31739.8,34582.5,-1.2716,-1.0306,146.9,96.6,0.536
3.6,31758.7,34345.7,-1.1793,-1.6127,146.9,96.6,0.536
3.62,31674.6,34440.8,-1.5903,-1.3789,146.9,96.6,0.536
3.64,31785.5,34627.8,-1.0482,-0.9192,146.9,96.6,0.536
3.66,31932.5,34906.5,-0.3298,-0.234,146.9,96.6,0.536
3.68,32047.3,35294.4,0.2308,0.7195,146.9,96.6,0.536
3.7,32222.8,35557.2,1.0883,1.3655,146.9,96.6,0.536
3.72,32306.2,35746.1,1.4961,1.8298,146.9,96.6,0.536
3.74,32306.6,35748.0,1.498,1.8347,146.9,96.6,0.536
3.76,32267.3,35605.8,1.3057,1.4851,146.9,96.6,0.536
3.78,32165.2,35247.9,0.8068,0.605,146.9,96.6,0.536
3.8,32075.9,35228.4,0.3705,0.5573,146.9,96.6,0.536
3.82,32001.2,35138.1,0.0055,0.3351,146.9,96.6,0.536
3.84,32026.2,35003.5,0.1277,0.0043,146.9,96.6,0.536
3.86,32074.1,34952.9,0.362,-0.12,146.9,96.6,0.536
3.88,31887.3,34849.9,-0.5512,-0.3732,146.9,96.6,0.536
3.9,31804.8,34751.9,-0.954,-0.6142,146.9,96.6,0.536
3.92,31882.5,34666.4,-0.5744,-0.8242,146.9,96.6,0.536
3.94,31867.6,34566.9,-0.6471,-1.0689,146.9,96.6,0.536
3.96,31911.7,34682.0,-0.4315,-0.786,146.9,96.6,0.536
3.98,31697.5,34598.1,-1.4782,-0.9922,146.9,96.6,0.536
4.0,31766.3,34435.6,-1.1421,-1.3917,146.9,96.6,0.536
4.02,31731.8,34463.4,-1.3105,-1.3233,146.9,96.6,0.536
4.04,31853.3,34525.3,-0.7169,-1.1712,146.9,96.6,0.536
4.06,31952.0,34625.3,-0.2348,-0.9255,146.9,96.6,0.536
4.08,31995.3,35087.2,-0.0234,0.2101,146.9,96.6,0.536
4.1,32195.9,35488.9,0.9568,1.1977,146.9,96.6,0.536
4.12,32315.4,35699.0,1.5407,1.7141,146.9,96.6,0.536
4.14,32314.2,35759.8,1.5347,1.8635,146.9,96.6,0.536
4.16,32310.0,35676.9,1.5144,1.6598,146.9,96.6,0.536
4.18,32223.9,35568.2,1.0939,1.3925,146.9,96.6,0.536
4.2,32062.0,35217.9,0.3027,0.5314,146.9,96.6,0.536
4.22,32049.4,35187.0,0.2411,0.4554,146.9,96.6,0.536
4.24,32076.7,35047.3,0.3747,0.1119,146.9,96.6,0.536
4.26,32016.6,35043.9,0.0808,0.1037,146.9,96.6,0.536
4.28,31932.8,34935.3,-0.3285,-0.1634,146.9,96.6,0.536
4.3,31835.0,34815.6,-0.8065,-0.4576,146.9,96.6,0.536
4.32,31845.9,34689.6,-0.753,-0.7674,146.9,96.6,0.536
4.34,31918.5,34677.9,-0.3984,-0.7961,146.9,96.6,0.536
4.36,31757.8,34641.1,-1.1836,-0.8866,146.9,96.6,0.536
4.38,31835.0,34603.3,-0.8063,-0.9795,146.9,96.6,0.536
4.4,31783.3,34560.8,-1.059,-1.084,146.9,96.6,0.536
4.42,31828.2,34517.3,-0.8397,-1.1909,146.9,96.6,0.536
4.44,31664.5,34481.6,-1.6393,-1.2786,146.9,96.6,0.536
4.46,31739.4,34644.5,-1.2738,-0.8782,146.9,96.6,0.536
4.48,31945.2,34945.8,-0.2681,-0.1374,146.9,96.6,0.536
4.5,32146.3,35300.8,0.7148,0.7353,146.9,96.6,0.536
4.52,32322.2,35534.8,1.5739,1.3104,146.9,96.6,0.536
4.54,32287.1,35838.7,1.4026,2.0576,146.9,96.6,0.536
4.56,32342.9,35664.5,1.675,1.6293,146.9,96.6,0.536
4.58,32234.6,35508.1,1.1458,1.2449,146.9,96.6,0.536
4.6,32180.0,35219.6,0.8791,0.5355,146.9,96.6,0.536
4.62,32090.0,35220.7,0.4395,0.5383,146.9,96.6,0.536
4.64,32098.5,35083.2,0.4809,0.2002,146.9,96.6,0.536
4.66,32074.6,35047.0,0.3642,0.1113,146.9,96.6,0.536
4.68,31904.1,34999.2,-0.4691,-0.0063,146.9,96.6,0.536
4.7,31970.5,34835.7,-0.1445,-0.4083,146.9,96.6,0.536
4.72,31827.7,34690.5,-0.8422,-0.765,146.9,96.6,0.536
4.74,31874.9,34663.3,-0.6117,-0.8321,146.9,96.6,0.536
4.76,31902.2,34676.0,-0.4782,-0.8008,146.9,96.6,0.536
4.78,31872.4,34634.8,-0.6239,-0.9021,146.9,96.6,0.536
4.8,31776.2,34453.3,-1.094,-1.3481,146.9,96.6,0.536
4.82,31716.8,34390.6,-1.384,-1.5024,146.9,96.6,0.536
4.84,31685.3,34403.3,-1.5377,-1.4711,146.9,96.6,0.536
4.86,31760.4,34568.7,-1.1711,-1.0646,146.9,96.6,0.536
4.88,31893.5,34874.3,-0.5206,-0.3132,146.9,96.6,0.536
4.9,32052.2,35147.4,0.2546,0.3581,146.9,96.6,0.536
4.92,32234.1,35445.9,1.1434,1.0919,146.9,96.6,0.536
4.94,32406.8,35712.0,1.9871,1.7461,146.9,96.6,0.536
4.96,32301.5,35798.5,1.4729,1.9587,146.9,96.6,0.536
4.98,32311.6,35551.5,1.5221,1.3515,146.9,96.6,0.536
5.0,32114.4,35365.5,0.5588,0.8942,146.9,96.6,0.536
5.02,32108.1,35230.4,0.5281,0.5621,146.9,96.6,0.536
5.04,32037.8,35137.4,0.1845,0.3334,146.9,96.6,0.536
5.06,32154.1,34988.1,0.7527,-0.0334,146.9,96.6,0.536
5.08,31972.1,34995.3,-0.1366,-0.0158,146.9,96.6,0.536
5.1,32068.0,34908.7,0.332,-0.2287,146.9,96.6,0.536
5.12,31867.5,34816.4,-0.6475,-0.4556,146.9,96.6,0.536
5.14,31824.4,34744.7,-0.8584,-0.6318,146.9,96.6,0.536
5.16,31822.2,34726.3,-0.8689,-0.6771,146.9,96.6,0.536
5.18,31839.8,34647.1,-0.7831,-0.8719,146.9,96.6,0.536
5.2,31831.6,34603.8,-0.8229,-0.9782,146.9,96.6,0.536
5.22,31807.1,34523.5,-0.9427,-1.1757,146.9,96.6,0.536
5.24,31798.0,34399.7,-0.9874,-1.48,146.9,96.6,0.536
5.26,31682.2,34518.9,-1.5531,-1.187,146.9,96.6,0.536
5.28,31868.2,34654.4,-0.6442,-0.8537,146.9,96.6,0.536
5.3,31995.9,35023.5,-0.0203,0.0535,146.9,96.6,0.536
5.32,32138.2,35433.8,0.675,1.0622,146.9,96.6,0.536
5.34,32375.9,35683.7,1.8364,1.6765,146.9,96.6,0.536
5.36,32355.9,35698.4,1.7387,1.7127,146.9,96.6,0.536
5.38,32210.8,35653.6,1.0296,1.6024,146.9,96.6,0.536
5.4,32159.8,35500.1,0.7805,1.2252,146.9,96.6,0.536
5.42,32060.3,35299.3,0.2946,0.7316,146.9,96.6,0.536
5.44,32098.2,35245.2,0.4794,0.5985,146.9,96.6,0.536
5.46,32094.2,35083.2,0.46,0.2004,146.9,96.6,0.536
5.48,32077.6,35040.8,0.3787,0.096,146.9,96.6,0.536
5.5,31951.1,34966.0,-0.239,-0.0879,146.9,96.6,0.536
5.52,31942.1,34809.0,-0.2833,-0.4739,146.9,96.6,0.536
5.54,31904.1,34700.5,-0.4686,-0.7405,146.9,96.6,0.536
5.56,31898.3,34677.8,-0.4972,-0.7963,146.9,96.6,0.536
5.58,31875.0,34659.9,-0.6109,-0.8402,146.9,96.6,0.536
5.6,31785.5,34646.4,-1.0482,-0.8735,146.9,96.6,0.536
5.62,31765.2,34501.9,-1.1475,-1.2287,146.9,96.6,0.536
5.64,31761.4,34485.2,-1.166,-1.2698,146.9,96.6,0.536
5.66,31756.3,34511.7,-1.191,-1.2046,146.9,96.6,0.536
5.68,31742.6,34616.0,-1.258,-0.9483,146.9,96.6,0.536
5.7,31906.5,34811.2,-0.4572,-0.4683,146.9,96.6,0.536
5.72,32137.3,35176.5,0.6706,0.4296,146.9,96.6,0.536
5.74,32311.8,35560.6,1.5231,1.3739,146.9,96.6,0.536
5.76,32342.4,35716.8,1.6725,1.7578,146.9,96.6,0.536
5.78,32261.3,35674.5,1.2764,1.6539,146.9,96.6,0.536
5.8,32256.8,35548.1,1.2546,1.3431,146.9,96.6,0.536
5.82,32249.2,35301.0,1.2172,0.7357,146.9,96.6,0.536
5.84,32128.3,35205.0,0.6265,0.4997,146.9,96.6,0.536
5.86,32088.7,35025.4,0.433,0.0581,146.9,96.6,0.536
5.88,32002.1,35042.2,0.0102,0.0996,146.9,96.6,0.536
5.9,32013.7,34954.1,0.0665,-0.117,146.9,96.6,0.536
5.92,31919.6,34932.8,-0.3931,-0.1694,146.9,96.6,0.536
5.94,31929.9,34764.2,-0.343,-0.5839,146.9,96.6,0.536
5.96,31865.8,34725.0,-0.656,-0.6803,146.9,96.6,0.536
5.98,31844.0,34693.2,-0.7626,-0.7584,146.9,96.6,0.536
6.0,31891.5,34709.6,-0.5303,-0.7183,146.9,96.6,0.536
6.02,31804.6,34593.4,-0.9549,-1.0039,146.9,96.6,0.536
6.04,31689.4,34581.9,-1.5178,-1.0321,146.9,96.6,0.536
6.06,31782.0,34530.7,-1.0653,-1.1579,146.9,96.6,0.536
6.08,31783.4,34525.0,-1.0585,-1.172,146.9,96.6,0.536
6.1,31903.3,34665.7,-0.4725,-0.826,146.9,96.6,0.536
6.12,32021.0,35004.8,0.1024,0.0075,146.9,96.6,0.536
6.14,32155.6,35460.6,0.7598,1.128,146.9,96.6,0.536
6.16,32337.6,35720.6,1.6491,1.7672,146.9,96.6,0.536
6.18,32426.2,35778.7,2.0823,1.9101,146.9,96.6,0.536
6.2,32266.1,35671.7,1.3,1.647,146.9,96.6,0.536
6.22,32259.3,35397.1,1.2667,0.972,146.9,96.6,0.536
6.24,32050.7,35344.8,0.2474,0.8434,146.9,96.6,0.536
6.26,32041.0,35138.3,0.2003,0.3357,146.9,96.6,0.536
6.28,32001.1,35070.5,0.0051,0.1691,146.9,96.6,0.536
6.3,32064.2,35099.4,0.3133,0.2402,146.9,96.6,0.536
6.32,31983.5,35042.3,-0.0811,0.0998,146.9,96.6,0.536
6.34,31936.7,34852.6,-0.3096,-0.3667,146.9,96.6,0.536
6.36,31907.4,34736.4,-0.4528,-0.6524,146.9,96.6,0.536
6.38,31839.3,34644.0,-0.7853,-0.8795,146.9,96.6,0.536
6.4,31760.6,34685.4,-1.1701,-0.7777,146.9,96.6,0.536
6.42,31962.7,34580.5,-0.1823,-1.0355,146.9,96.6,0.536
6.44,31860.8,34605.8,-0.6802,-0.9732,146.9,96.6,0.536
6.46,31737.4,34558.5,-1.2833,-1.0897,146.9,96.6,0.536
6.48,31736.3,34419.4,-1.2886,-1.4316,146.9,96.6,0.536
6.5,31695.2,34614.0,-1.4894,-0.9532,146.9,96.6,0.536
6.52,31890.8,34939.7,-0.5341,-0.1525,146.9,96.6,0.536
6.54,32177.3,35297.5,0.8659,0.7271,146.9,96.6,0.536
6.56,32270.1,35640.5,1.3195,1.5702,146.9,96.6,0.536
6.58,32278.8,35794.4,1.3622,1.9487,146.9,96.6,0.536
6.6,32363.2,35742.3,1.7745,1.8205,146.9,96.6,0.536
6.62,32232.4,35611.3,1.1351,1.4984,146.9,96.6,0.536
6.64,32230.7,35426.1,1.1268,1.0433,146.9,96.6,0.536
6.66,32155.9,35194.3,0.7616,0.4734,146.9,96.6,0.536
6.68,32082.9,35133.5,0.4047,0.3239,146.9,96.6,0.536
6.7,32088.8,34961.4,0.4337,-0.0992,146.9,96.6,0.536
6.72,32021.6,34934.2,0.1054,-0.166,146.9,96.6,0.536
6.74,32017.2,34937.2,0.0837,-0.1587,146.9,96.6,0.536
6.76,31942.4,34786.6,-0.2815,-0.5288,146.9,96.6,0.536
6.78,31764.5,34686.1,-1.151,-0.776,146.9,96.6,0.536
6.8,31826.0,34597.6,-0.8504,-0.9936,146.9,96.6,0.536
6.82,31791.9,34625.5,-1.017,-0.925,146.9,96.6,0.536
6.84,31725.9,34704.7,-1.3396,-0.7301,146.9,96.6,0.536
6.86,31798.5,34489.6,-0.9848,-1.2589,146.9,96.6,0.536
6.88,31707.6,34505.1,-1.4289,-1.2208,146.9,96.6,0.536
6.9,31768.0,34512.0,-1.1338,-1.2038,146.9,96.6,0.536
6.92,31867.2,34774.7,-0.6491,-0.5582,146.9,96.6,0.536
6.94,32069.9,35176.6,0.3412,0.4299,146.9,96.6,0.536
6.96,32216.6,35465.3,1.0581,1.1397,146.9,96.6,0.536
6.98,32281.2,35713.6,1.3738,1.75,146.9,96.6,0.536
7.0,32241.1,35699.3,1.1778,1.7147,146.9,96.6,0.536
7.02,32389.2,35621.7,1.9015,1.5241,146.9,96.6,0.536
7.04,32274.3,35416.8,1.34,1.0204,146.9,96.6,0.536
7.06,32082.8,35220.0,0.4044,0.5367,146.9,96.6,0.536
7.08,32092.9,35150.9,0.4537,0.3668,146.9,96.6,0.536
7.1,31992.7,35045.4,-0.0358,0.1074,146.9,96.6,0.536
7.12,32027.2,34998.8,0.1324,-0.0071,146.9,96.6,0.536
7.14,31873.6,34909.5,-0.6177,-0.2266,146.9,96.6,0.536
7.16,31891.3,34753.8,-0.5315,-0.6095,146.9,96.6,0.536
7.18,31803.9,34718.6,-0.9586,-0.6961,146.9,96.6,0.536
7.2,31841.2,34666.7,-0.7761,-0.8236,146.9,96.6,0.536
7.22,31916.0,34647.5,-0.4105,-0.8708,146.9,96.6,0.536
7.24,31933.6,34699.3,-0.3247,-0.7435,146.9,96.6,0.536
7.26,31826.9,34486.3,-0.846,-1.267,146.9,96.6,0.536
7.28,31765.1,34451.2,-1.1479,-1.3533,146.9,96.6,0.536
7.3,31707.7,34376.3,-1.4286,-1.5375,146.9,96.6,0.536
7.32,31789.4,34670.3,-1.0294,-0.8148,146.9,96.6,0.536
7.34,32059.5,34984.0,0.2905,-0.0437,146.9,96.6,0.536
7.36,32120.1,35419.0,0.5868,1.0257,146.9,96.6,0.536
7.38,32267.3,35636.5,1.306,1.5604,146.9,96.6,0.536
7.4,32275.7,35736.9,1.3469,1.8072,146.9,96.6,0.536
7.42,32298.7,35604.8,1.4592,1.4825,146.9,96.6,0.536
7.44,32215.8,35537.5,1.0542,1.3172,146.9,96.6,0.536
7.46,32186.1,35255.3,0.9091,0.6233,146.9,96.6,0.536
7.48,32082.2,35067.4,0.4016,0.1614,146.9,96.6,0.536
7.5,32005.5,35197.4,0.0267,0.4811,146.9,96.6,0.536
7.52,32020.6,35043.3,0.1002,0.1022,146.9,96.6,0.536
7.54,31913.3,34940.3,-0.4241,-0.151,146.9,96.6,0.536
7.56,31944.8,34769.7,-0.2701,-0.5703,146.9,96.6,0.536
7.58,31872.6,34733.0,-0.6226,-0.6606,146.9,96.6,0.536
7.6,31786.4,34685.1,-1.0439,-0.7783,146.9,96.6,0.536
7.62,31931.0,34585.9,-0.3375,-1.0222,146.9,96.6,0.536
7.64,31747.8,34538.6,-1.2327,-1.1386,146.9,96.6,0.536
7.66,31750.4,34604.9,-1.2198,-0.9756,146.9,96.6,0.536
7.68,31784.8,34466.9,-1.0516,-1.3148,146.9,96.6,0.536
7.7,31710.9,34479.2,-1.4129,-1.2845,146.9,96.6,0.536
7.72,31716.9,34523.7,-1.3835,-1.1751,146.9,96.6,0.536
7.74,31858.4,34850.1,-0.6922,-0.3727,146.9,96.6,0.536
7.76,32139.1,35097.0,0.6793,0.2342,146.9,96.6,0.536
7.78,32273.3,35647.8,1.3352,1.5882,146.9,96.6,0.536
7.8,32404.8,35713.8,1.9776,1.7505,146.9,96.6,0.536
7.82,32390.0,35863.0,1.9053,2.1174,146.9,96.6,0.536
7.84,32252.3,35579.5,1.2325,1.4204,146.9,96.6,0.536
7.86,32148.5,35347.3,0.7254,0.8495,146.9,96.6,0.536
7.88,32035.7,35249.6,0.1741,0.6092,146.9,96.6,0.536
7.9,31995.6,35118.1,-0.0216,0.2861,146.9,96.6,0.536
7.92,32046.4,35175.3,0.2265,0.4266,146.9,96.6,0.536
7.94,32000.4,35055.1,0.0019,0.1313,146.9,96.6,0.536
7.96,32014.7,34868.8,0.0716,-0.3269,146.9,96.6,0.536
7.98,31957.1,34736.4,-0.21,-0.6524,146.9,96.6,0.536
8.0,31866.5,34703.9,-0.6523,-0.7321,146.9,96.6,0.536
8.02,31818.4,34659.2,-0.8875,-0.842,146.9,96.6,0.536
8.04,31769.9,34645.9,-1.1247,-0.8747,146.9,96.6,0.536
8.06,31843.5,34604.9,-0.7652,-0.9754,146.9,96.6,0.536
8.08,31733.3,34588.2,-1.3033,-1.0165,146.9,96.6,0.536
8.1,31791.9,34455.6,-1.017,-1.3425,146.9,96.6,0.536
8.12,31741.4,34460.6,-1.2638,-1.3303,146.9,96.6,0.536
8.14,31881.6,34675.3,-0.5786,-0.8024,146.9,96.6,0.536
8.16,31995.9,34999.4,-0.0205,-0.0056,146.9,96.6,0.536
8.18,32293.9,35370.3,1.4357,0.906,146.9,96.6,0.536
8.2,32343.4,35552.8,1.6778,1.3547,146.9,96.6,0.536
8.22,32390.9,35750.8,1.9096,1.8415,146.9,96.6,0.536
8.24,32241.0,35732.6,1.1775,1.7968,146.9,96.6,0.536
8.26,32212.6,35532.6,1.0387,1.305,146.9,96.6,0.536
8.28,32084.7,35317.2,0.4137,0.7756,146.9,96.6,0.536
8.3,32004.8,35216.5,0.023,0.5279,146.9,96.6,0.536
8.32,31967.5,35097.1,-0.1591,0.2343,146.9,96.6,0.536
8.34,31947.9,35087.5,-0.255,0.2109,146.9,96.6,0.536
8.36,31928.1,34924.6,-0.3518,-0.1895,146.9,96.6,0.536
8.38,31931.8,34833.4,-0.3336,-0.4138,146.9,96.6,0.536
8.4,31885.7,34785.9,-0.5587,-0.5306,146.9,96.6,0.536
8.42,31865.2,34606.7,-0.6589,-0.971,146.9,96.6,0.536
8.44,31841.5,34625.7,-0.7747,-0.9245,146.9,96.6,0.536
8.46,31838.4,34688.1,-0.7897,-0.7709,146.9,96.6,0.536
8.48,31746.8,34584.8,-1.2376,-1.025,146.9,96.6,0.536
8.5,31686.4,34445.8,-1.5323,-1.3667,146.9,96.6,0.536
8.52,31744.8,34444.9,-1.2472,-1.3688,146.9,96.6,0.536
8.54,31771.6,34493.1,-1.1162,-1.2503,146.9,96.6,0.536
8.56,31931.6,34930.6,-0.3344,-0.175,146.9,96.6,0.536
8.58,32060.6,35279.7,0.2959,0.6834,146.9,96.6,0.536
8.6,32253.7,35519.3,1.2394,1.2722,146.9,96.6,0.536
8.62,32392.0,35752.4,1.9149,1.8455,146.9,96.6,0.536
8.64,32340.9,35724.5,1.6653,1.7769,146.9,96.6,0.536
8.66,32279.6,35601.4,1.3657,1.4741,146.9,96.6,0.536
8.68,32107.0,35419.3,0.5225,1.0266,146.9,96.6,0.536
8.7,32046.6,35099.2,0.2275,0.2396,146.9,96.6,0.536
8.72,32063.1,35140.5,0.3079,0.3411,146.9,96.6,0.536
8.74,32093.4,35094.5,0.4561,0.2281,146.9,96.6,0.536
8.76,32015.4,34993.6,0.0748,-0.02,146.9,96.6,0.536
8.78,32009.7,34800.2,0.0469,-0.4954,146.9,96.6,0.536
8.8,31906.5,34790.9,-0.4571,-0.5183,146.9,96.6,0.536
8.82,31920.3,34702.0,-0.3895,-0.7368,146.9,96.6,0.536
8.84,31936.9,34588.2,-0.3083,-1.0165,146.9,96.6,0.536
8.86,31760.9,34633.2,-1.1685,-0.9061,146.9,96.6,0.536
8.88,31739.1,34602.4,-1.2751,-0.9816,146.9,96.6,0.536
8.9,31763.5,34509.6,-1.156,-1.2097,146.9,96.6,0.536
8.92,31735.9,34446.5,-1.2905,-1.3649,146.9,96.6,0.536
8.94,31782.4,34527.1,-1.0637,-1.1667,146.9,96.6,0.536
8.96,31843.3,34774.4,-0.766,-0.5589,146.9,96.6,0.536
8.98,32064.2,35162.2,0.3132,0.3945,146.9,96.6,0.536
9.0,32185.6,35446.7,0.9066,1.0938,146.9,96.6,0.536
9.02,32440.3,35747.3,2.1511,1.8329,146.9,96.6,0.536
9.04,32368.2,35671.3,1.7985,1.646,146.9,96.6,0.536
9.06,32291.5,35704.1,1.4241,1.7268,146.9,96.6,0.536
9.08,32186.0,35328.5,0.9087,0.8032,146.9,96.6,0.536
9.1,32056.4,35270.8,0.2752,0.6615,146.9,96.6,0.536
9.12,32073.1,35137.2,0.3568,0.3331,146.9,96.6,0.536
9.14,31987.3,35073.2,-0.0622,0.1757,146.9,96.6,0.536
9.16,31964.4,35039.6,-0.1744,0.0931,146.9,96.6,0.536
9.18,31939.5,34887.2,-0.2958,-0.2815,146.9,96.6,0.536
9.2,31920.5,34823.0,-0.3886,-0.4394,146.9,96.6,0.536
9.22,31881.6,34749.2,-0.5788,-0.6209,146.9,96.6,0.536
9.24,31848.4,34668.6,-0.7408,-0.8188,146.9,96.6,0.536
9.26,31802.3,34677.4,-0.9664,-0.7973,146.9,96.6,0.536
9.28,31721.8,34735.3,-1.3597,-0.655,146.9,96.6,0.536
9.3,31732.6,34612.4,-1.3068,-0.9572,146.9,96.6,0.536
9.32,31738.3,34529.3,-1.2791,-1.1613,146.9,96.6,0.536
9.34,31753.0,34451.6,-1.207,-1.3524,146.9,96.6,0.536
9.36,31745.1,34499.9,-1.2457,-1.2337,146.9,96.6,0.536
9.38,31923.9,34936.5,-0.3721,-0.1603,146.9,96.6,0.536
9.4,32127.8,35302.3,0.624,0.7389,146.9,96.6,0.536
9.42,32375.1,35613.0,1.8326,1.5027,146.9,96.6,0.536
9.44,32330.9,35755.4,1.6165,1.8528,146.9,96.6,0.536
9.46,32421.5,35801.2,2.0592,1.9653,146.9,96.6,0.536
9.48,32226.9,35580.6,1.1084,1.4231,146.9,96.6,0.536
9.5,32129.4,35323.7,0.6319,0.7915,146.9,96.6,0.536
9.52,32084.0,35223.1,0.4103,0.5442,146.9,96.6,0.536
9.54,32069.1,35027.3,0.3374,0.0629,146.9,96.6,0.536
9.56,31959.5,35045.1,-0.1984,0.1066,146.9,96.6,0.536
9.58,31959.9,35011.3,-0.196,0.0236,146.9,96.6,0.536
9.6,31965.5,34864.2,-0.169,-0.338,146.9,96.6,0.536
9.62,31861.2,34735.8,-0.6785,-0.6537,146.9,96.6,0.536
9.64,31845.8,34662.0,-0.7538,-0.8352,146.9,96.6,0.536
9.66,31824.6,34617.2,-0.8571,-0.9454,146.9,96.6,0.536
9.68,31775.2,34623.8,-1.0988,-0.9291,146.9,96.6,0.536
9.7,31680.4,34479.6,-1.5616,-1.2835,146.9,96.6,0.536
9.72,31781.6,34536.8,-1.0673,-1.1429,146.9,96.6,0.536
9.74,31808.9,34367.4,-0.9339,-1.5594,146.9,96.6,0.536
9.76,31762.1,34631.1,-1.1627,-0.9111,146.9,96.6,0.536
9.78,31896.7,34865.5,-0.5048,-0.335,146.9,96.6,0.536
9.8,32134.1,35133.6,0.6551,0.3241,146.9,96.6,0.536
9.82,32348.1,35485.9,1.7008,1.1902,146.9,96.6,0.536
9.84,32343.5,35808.8,1.6778,1.9839,146.9,96.6,0.536
9.86,32350.3,35774.0,1.7112,1.8985,146.9,96.6,0.536
9.88,32265.9,35621.9,1.299,1.5246,146.9,96.6,0.536
9.9,32170.7,35413.2,0.8336,1.0114,146.9,96.6,0.536
9.92,32075.6,35176.6,0.3692,0.4299,146.9,96.6,0.536
9.94,32090.4,35255.6,0.4414,0.6241,146.9,96.6,0.536
9.96,32034.6,35134.9,0.169,0.3273,146.9,96.6,0.536
9.98,31976.1,35085.0,-0.1169,0.2048,146.9,96.6,0.536
10.0,31997.4,34891.0,-0.013,-0.2722,146.9,96.6,0.536
10.02,31869.3,34783.8,-0.6387,-0.5356,146.9,96.6,0.536
10.04,31846.9,34607.2,-0.7485,-0.9698,146.9,96.6,0.536
10.06,31869.1,34624.2,-0.6398,-0.9282,146.9,96.6,0.536
10.08,31839.2,34629.7,-0.7862,-0.9147,146.9,96.6,0.536
10.1,31867.4,34694.3,-0.6482,-0.7558,146.9,96.6,0.536
10.12,31810.4,34529.7,-0.9266,-1.1603,146.9,96.6,0.536
10.14,31710.2,34533.7,-1.416,-1.1506,146.9,96.6,0.536
10.16,31748.3,34520.3,-1.2299,-1.1834,146.9,96.6,0.536
10.18,31840.0,34632.2,-0.7819,-0.9085,146.9,96.6,0.536
10.2,31941.8,35075.6,-0.2847,0.1815,146.9,96.6,0.536
10.22,32151.5,35315.5,0.7401,0.7712,146.9,96.6,0.536
10.24,32335.3,35689.0,1.6379,1.6895,146.9,96.6,0.536
10.26,32462.8,35776.9,2.261,1.9057,146.9,96.6,0.536
10.28,32347.0,35849.4,1.695,2.0839,146.9,96.6,0.536
10.3,32176.2,35479.5,0.8609,1.1744,146.9,96.6,0.536
10.32,32159.8,35230.7,0.7807,0.563,146.9,96.6,0.536
10.34,32015.4,35188.2,0.075,0.4584,146.9,96.6,0.536
10.36,32101.1,35147.1,0.4939,0.3573,146.9,96.6,0.536
10.38,32039.7,34992.8,0.1935,-0.0221,146.9,96.6,0.536
10.4,31980.7,34880.4,-0.0947,-0.2983,146.9,96.6,0.536
10.42,31950.0,34770.5,-0.2446,-0.5685,146.9,96.6,0.536
10.44,31857.7,34664.0,-0.6954,-0.8303,146.9,96.6,0.536
10.46,31801.1,34652.2,-0.9722,-0.8593,146.9,96.6,0.536
10.48,31848.4,34667.2,-0.7408,-0.8223,146.9,96.6,0.536
10.5,31822.8,34681.5,-0.8662,-0.7872,146.9,96.6,0.536
10.52,31800.5,34630.2,-0.9748,-0.9133,146.9,96.6,0.536
10.54,31803.3,34564.1,-0.9613,-1.0759,146.9,96.6,0.536
10.56,31740.1,34401.3,-1.2701,-1.4761,146.9,96.6,0.536
10.58,31750.0,34554.2,-1.222,-1.1002,146.9,96.6,0.536
10.6,31889.7,34843.0,-0.5391,-0.3902,146.9,96.6,0.536
10.62,32181.7,35242.3,0.8873,0.5913,146.9,96.6,0.536
10.64,32332.8,35520.1,1.6257,1.2743,146.9,96.6,0.536
10.66,32345.3,35697.3,1.6868,1.7099,146.9,96.6,0.536
10.68,32330.0,35692.7,1.6123,1.6987,146.9,96.6,0.536
10.7,32347.5,35605.7,1.6976,1.4848,146.9,96.6,0.536
10.72,32187.7,35409.5,0.9166,1.0025,146.9,96.6,0.536
10.74,32046.7,35241.3,0.2279,0.589,146.9,96.6,0.536
10.76,32063.6,35091.5,0.3105,0.2208,146.9,96.6,0.536
10.78,32155.0,35072.9,0.7569,0.1749,146.9,96.6,0.536
10.8,32101.4,35001.9,0.495,0.0005,146.9,96.6,0.536
10.82,32034.1,34880.8,0.1663,-0.2972,146.9,96.6,0.536
10.84,31832.7,34831.3,-0.8177,-0.4189,146.9,96.6,0.536
10.86,31852.7,34782.8,-0.7197,-0.5383,146.9,96.6,0.536
10.88,31891.0,34782.1,-0.5327,-0.5399,146.9,96.6,0.536
10.9,31848.6,34750.2,-0.7402,-0.6184,146.9,96.6,0.536
10.92,31805.0,34595.3,-0.9529,-0.9992,146.9,96.6,0.536
10.94,31847.3,34468.6,-0.7463,-1.3107,146.9,96.6,0.536
10.96,31726.5,34500.6,-1.3364,-1.2319,146.9,96.6,0.536
10.98,31712.8,34458.7,-1.4036,-1.3351,146.9,96.6,0.536
11.0,31858.7,34756.6,-0.6908,-0.6026,146.9,96.6,0.536
11.02,32004.1,34992.4,0.02,-0.0228,146.9,96.6,0.536
11.04,32252.3,35373.0,1.2326,0.9127,146.9,96.6,0.536
11.06,32326.5,35681.1,1.5948,1.6701,146.9,96.6,0.536
11.08,32381.4,35762.4,1.8631,1.87,146.9,96.6,0.536
11.1,32246.6,35691.9,1.2048,1.6966,146.9,96.6,0.536
11.12,32219.9,35468.4,1.0741,1.1472,146.9,96.6,0.536
11.14,32170.6,35250.6,0.8331,0.6117,146.9,96.6,0.536
11.16,32036.4,35170.0,0.1775,0.4137,146.9,96.6,0.536
11.18,32107.3,35115.1,0.5239,0.2787,146.9,96.6,0.536
11.2,31973.6,34999.2,-0.1293,-0.0063,146.9,96.6,0.536
11.22,31919.9,34925.2,-0.3917,-0.1883,146.9,96.6,0.536
11.24,31892.7,34811.5,-0.5247,-0.4675,146.9,96.6,0.536
11.26,31931.1,34814.2,-0.337,-0.461,146.9,96.6,0.536
11.28,31790.9,34722.6,-1.0219,-0.6862,146.9,96.6,0.536
11.3,31813.7,34609.5,-0.9104,-0.9643,146.9,96.6,0.536
11.32,31926.6,34633.4,-0.359,-0.9055,146.9,96.6,0.536
11.34,31680.5,34516.6,-1.5616,-1.1927,146.9,96.6,0.536
11.36,31755.0,34532.4,-1.1973,-1.1538,146.9,96.6,0.536
11.38,31764.0,34469.4,-1.1535,-1.3087,146.9,96.6,0.536
11.4,31829.0,34609.1,-0.8359,-0.9652,146.9,96.6,0.536
11.42,31974.7,35070.2,-0.1238,0.1682,146.9,96.6,0.536
11.44,32136.3,35331.8,0.6659,0.8114,146.9,96.6,0.536
11.46,32307.1,35585.8,1.5,1.4359,146.9,96.6,0.536
11.48,32345.7,35770.3,1.689,1.8893,146.9,96.6,0.536
11.5,32313.3,35720.8,1.5306,1.7678,146.9,96.6,0.536
11.52,32249.9,35450.3,1.2206,1.1027,146.9,96.6,0.536
11.54,32142.6,35297.1,0.6965,0.726,146.9,96.6,0.536
11.56,32024.2,35159.2,0.1182,0.3871,146.9,96.6,0.536
11.58,32019.7,35159.0,0.0962,0.3867,146.9,96.6,0.536
11.6,32020.5,35056.2,0.0997,0.1339,146.9,96.6,0.536
11.62,32075.0,34997.4,0.366,-0.0106,146.9,96.6,0.536
11.64,31889.0,34909.0,-0.5427,-0.2279,146.9,96.6,0.536
11.66,31832.9,34743.9,-0.8168,-0.6339,146.9,96.6,0.536
11.68,31822.5,34709.5,-0.8677,-0.7185,146.9,96.6,0.536
11.7,31860.4,34652.3,-0.6824,-0.8591,146.9,96.6,0.536
11.72,31851.1,34719.2,-0.7276,-0.6946,146.9,96.6,0.536
11.74,31807.7,34663.6,-0.9396,-0.8312,146.9,96.6,0.536
11.76,31788.9,34454.2,-1.0317,-1.3461,146.9,96.6,0.536
11.78,31727.6,34444.8,-1.3314,-1.3691,146.9,96.6,0.536
11.8,31716.5,34485.3,-1.3854,-1.2695,146.9,96.6,0.536
11.82,31974.5,34795.7,-0.1251,-0.5065,146.9,96.6,0.536
11.84,32115.2,35057.5,0.5628,0.1371,146.9,96.6,0.536
11.86,32151.7,35518.4,0.7412,1.2701,146.9,96.6,0.536
11.88,32411.4,35755.2,2.0099,1.8522,146.9,96.6,0.536
11.9,32325.5,35856.9,1.5903,2.1023,146.9,96.6,0.536
11.92,32268.0,35564.9,1.3093,1.3843,146.9,96.6,0.536
11.94,32290.3,35422.0,1.4182,1.0332,146.9,96.6,0.536
11.96,32127.6,35180.1,0.6233,0.4385,146.9,96.6,0.536
11.98,32121.9,35220.2,0.5954,0.537,146.9,96.6,0.536
12.0,32043.5,35114.7,0.2121,0.2776,146.9,96.6,0.536
12.02,32036.3,35081.2,0.1769,0.1953,146.9,96.6,0.536
12.04,31949.1,34893.2,-0.2489,-0.2667,146.9,96.6,0.536
12.06,31925.3,34871.9,-0.3652,-0.3192,146.9,96.6,0.536
12.08,31827.7,34721.1,-0.8419,-0.6899,146.9,96.6,0.536
12.1,31864.9,34716.9,-0.6604,-0.7002,146.9,96.6,0.536
12.12,31871.1,34711.7,-0.6299,-0.7131,146.9,96.6,0.536
12.14,31794.2,34677.3,-1.006,-0.7976,146.9,96.6,0.536
12.16,31755.3,34467.9,-1.1957,-1.3122,146.9,96.6,0.536
12.18,31790.9,34458.7,-1.0217,-1.335,146.9,96.6,0.536
12.2,31731.6,34495.8,-1.3118,-1.2438,146.9,96.6,0.536
12.22,31863.4,34701.4,-0.6675,-0.7383,146.9,96.6,0.536
12.24,31982.6,35034.8,-0.0852,0.0812,146.9,96.6,0.536
12.26,32104.3,35333.4,0.5094,0.8154,146.9,96.6,0.536
12.28,32229.5,35659.4,1.121,1.6166,146.9,96.6,0.536
12.3,32346.8,35756.8,1.6942,1.8563,146.9,96.6,0.536
12.32,32338.8,35734.5,1.6553,1.8015,146.9,96.6,0.536
12.34,32231.1,35520.7,1.1291,1.2757,146.9,96.6,0.536
12.36,31999.8,35344.3,-0.001,0.8421,146.9,96.6,0.536
12.38,32119.7,35202.8,0.5844,0.4944,146.9,96.6,0.536
12.4,32030.6,35138.8,0.1492,0.337,146.9,96.6,0.536
12.42,31985.9,35046.8,-0.0694,0.1109,146.9,96.6,0.536
12.44,31985.7,34943.1,-0.07,-0.1441,146.9,96.6,0.536
12.46,31852.4,34804.3,-0.7213,-0.4853,146.9,96.6,0.536
12.48,31910.1,34836.0,-0.4397,-0.4073,146.9,96.6,0.536
12.5,31862.7,34706.3,-0.6709,-0.7262,146.9,96.6,0.536
12.52,31875.2,34663.1,-0.6102,-0.8324,146.9,96.6,0.536
12.54,31786.7,34671.1,-1.0425,-0.8127,146.9,96.6,0.536
12.56,31790.0,34614.8,-1.0261,-0.9513,146.9,96.6,0.536
12.58,31793.5,34475.6,-1.0091,-1.2935,146.9,96.6,0.536
12.6,31699.9,34400.6,-1.4668,-1.4777,146.9,96.6,0.536
12.62,31844.8,34539.7,-0.7586,-1.1359,146.9,96.6,0.536
12.64,31890.6,34830.0,-0.5348,-0.4221,146.9,96.6,0.536
12.66,32051.7,35136.7,0.2524,0.3317,146.9,96.6,0.536
12.68,32227.2,35555.4,1.1098,1.3611,146.9,96.6,0.536
12.7,32340.4,35749.0,1.6628,1.837,146.9,96.6,0.536
12.72,32285.7,35756.5,1.3955,1.8555,146.9,96.6,0.536
12.74,32303.0,35587.0,1.4803,1.4388,146.9,96.6,0.536
12.76,32197.9,35362.5,0.9665,0.8869,146.9,96.6,0.536
12.78,32030.2,35212.6,0.1471,0.5185,146.9,96.6,0.536
12.8,32053.6,35052.0,0.2617,0.1235,146.9,96.6,0.536
12.82,31948.3,35044.5,-0.2529,0.105,146.9,96.6,0.536
12.84,31983.7,35019.2,-0.0799,0.0429,146.9,96.6,0.536
12.86,31992.5,34850.4,-0.037,-0.3721,146.9,96.6,0.536
12.88,31904.8,34813.5,-0.4655,-0.4628,146.9,96.6,0.536
12.9,31804.0,34709.5,-0.958,-0.7184,146.9,96.6,0.536
12.92,31819.0,34607.2,-0.8846,-0.97,146.9,96.6,0.536
12.94,31854.3,34629.1,-0.7119,-0.9161,146.9,96.6,0.536
12.96,31819.4,34631.0,-0.8825,-0.9114,146.9,96.6,0.536
12.98,31744.0,34552.0,-1.2512,-1.1057,146.9,96.6,0.536
13.0,31785.3,34420.9,-1.0493,-1.4278,146.9,96.6,0.536
13.02,31665.1,34481.4,-1.6366,-1.2791,146.9,96.6,0.536
13.04,31852.5,34628.8,-0.7209,-0.9169,146.9,96.6,0.536
13.06,31998.3,34978.2,-0.0087,-0.0578,146.9,96.6,0.536
13.08,32212.5,35512.4,1.0381,1.2555,146.9,96.6,0.536
13.1,32277.1,35683.1,1.3539,1.675,146.9,96.6,0.536
13.12,32413.2,35812.0,2.0185,1.992,146.9,96.6,0.536
13.14,32405.9,35671.9,1.983,1.6476,146.9,96.6,0.536
13.16,32178.3,35412.3,0.8711,1.0093,146.9,96.6,0.536
13.18,32207.1,35204.1,1.0118,0.4975,146.9,96.6,0.536
13.2,32148.6,35133.7,0.7259,0.3244,146.9,96.6,0.536
13.22,32065.0,35142.5,0.3175,0.3461,146.9,96.6,0.536
13.24,32036.2,35045.1,0.1765,0.1066,146.9,96.6,0.536
13.26,32006.1,34877.1,0.0297,-0.3063,146.9,96.6,0.536
13.28,31963.6,34726.9,-0.1779,-0.6757,146.9,96.6,0.536
13.3,31821.5,34720.7,-0.8725,-0.6909,146.9,96.6,0.536
13.32,31863.6,34655.6,-0.6669,-0.851,146.9,96.6,0.536
13.34,31850.8,34628.4,-0.7292,-0.9177,146.9,96.6,0.536
13.36,31885.5,34606.6,-0.5597,-0.9714,146.9,96.6,0.536
13.38,31895.7,34522.0,-0.5101,-1.1794,146.9,96.6,0.536
13.4,31780.6,34530.9,-1.0724,-1.1574,146.9,96.6,0.536
13.42,31695.5,34494.5,-1.4881,-1.247,146.9,96.6,0.536
13.44,31840.0,34572.1,-0.7821,-1.0561,146.9,96.6,0.536
13.46,31907.7,34807.1,-0.451,-0.4786,146.9,96.6,0.536
13.48,32161.5,35169.2,0.789,0.4117,146.9,96.6,0.536
13.5,32292.8,35589.8,1.4306,1.4457,146.9,96.6,0.536
13.52,32293.8,35774.7,1.4352,1.9002,146.9,96.6,0.536
13.54,32376.2,35783.4,1.8379,1.9217,146.9,96.6,0.536
13.56,32295.1,35588.0,1.4417,1.4412,146.9,96.6,0.536
13.58,32129.3,35276.2,0.6313,0.6746,146.9,96.6,0.536
13.6,32108.6,35192.8,0.5305,0.4697,146.9,96.6,0.536
13.62,32037.2,35227.7,0.1814,0.5556,146.9,96.6,0.536
13.64,31981.1,35010.9,-0.0925,0.0225,146.9,96.6,0.536
13.66,31958.9,34963.0,-0.201,-0.0953,146.9,96.6,0.536
13.68,31928.0,34880.8,-0.3522,-0.2973,146.9,96.6,0.536
13.7,31885.8,34709.1,-0.5581,-0.7195,146.9,96.6,0.536
13.72,31795.3,34750.0,-1.0003,-0.6188,146.9,96.6,0.536
13.74,31871.0,34680.4,-0.6306,-0.79,146.9,96.6,0.536
13.76,31811.7,34654.9,-0.9204,-0.8527,146.9,96.6,0.536
13.78,31814.3,34705.7,-0.9074,-0.7277,146.9,96.6,0.536
13.8,31663.0,34493.9,-1.6468,-1.2485,146.9,96.6,0.536
13.82,31769.0,34521.6,-1.1288,-1.1802,146.9,96.6,0.536
13.84,31755.6,34535.4,-1.1942,-1.1464,146.9,96.6,0.536
13.86,31887.9,34774.6,-0.5482,-0.5584,146.9,96.6,0.536
13.88,32014.2,35105.1,0.069,0.254,146.9,96.6,0.536
13.9,32159.1,35385.5,0.7771,0.9435,146.9,96.6,0.536
13.92,32382.6,35705.9,1.8691,1.7311,146.9,96.6,0.536
13.94,32386.7,35731.8,1.8893,1.7948,146.9,96.6,0.536
13.96,32201.0,35619.6,0.9817,1.5188,146.9,96.6,0.536
13.98,32177.3,35492.2,0.8661,1.2058,146.9,96.6,0.536
14.0,32069.3,35322.4,0.3384,0.7884,146.9,96.6,0.536
14.02,32065.5,35047.6,0.3199,0.1129,146.9,96.6,0.536
14.04,32034.6,35096.6,0.169,0.2333,146.9,96.6,0.536
14.06,32074.2,35023.5,0.3624,0.0536,146.9,96.6,0.536
14.08,32096.7,34888.1,0.4724,-0.2794,146.9,96.6,0.536
14.1,31878.1,34804.3,-0.5959,-0.4853,146.9,96.6,0.536
14.12,31815.8,34787.5,-0.9002,-0.5266,146.9,96.6,0.536
14.14,31837.5,34775.2,-0.7945,-0.557,146.9,96.6,0.536
14.16,31862.9,34622.5,-0.67,-0.9323,146.9,96.6,0.536
14.18,31791.4,34562.1,-1.0197,-1.0806,146.9,96.6,0.536
14.2,31866.2,34606.4,-0.654,-0.9719,146.9,96.6,0.536
14.22,31838.2,34537.7,-0.7909,-1.1408,146.9,96.6,0.536
14.24,31749.6,34482.8,-1.2239,-1.2758,146.9,96.6,0.536
14.26,31908.4,34445.0,-0.448,-1.3687,146.9,96.6,0.536
14.28,31936.3,34955.0,-0.3114,-0.1149,146.9,96.6,0.536
14.3,32144.4,35310.0,0.7053,0.7579,146.9,96.6,0.536
14.32,32156.7,35637.5,0.7655,1.563,146.9,96.6,0.536
14.34,32411.4,35791.3,2.0101,1.9411,146.9,96.6,0.536
14.36,32347.0,35675.8,1.6954,1.657,146.9,96.6,0.536
14.38,32178.8,35559.2,0.8732,1.3705,146.9,96.6,0.536
14.4,32136.3,35337.5,0.6659,0.8255,146.9,96.6,0.536
14.42,32054.2,35155.0,0.2645,0.3767,146.9,96.6,0.536
14.44,32005.7,35116.9,0.0278,0.2832,146.9,96.6,0.536
14.46,32027.5,35019.3,0.1339,0.0431,146.9,96.6,0.536
14.48,31987.0,34908.2,-0.0639,-0.23,146.9,96.6,0.536
14.5,31928.4,34888.9,-0.35,-0.2774,146.9,96.6,0.536
14.52,31815.3,34785.2,-0.9025,-0.5322,146.9,96.6,0.536
14.54,31877.2,34676.0,-0.6004,-0.8008,146.9,96.6,0.536
14.56,31812.3,34566.7,-0.9175,-1.0694,146.9,96.6,0.536
14.58,31812.6,34659.0,-0.9158,-0.8426,146.9,96.6,0.536
14.6,31741.0,34550.9,-1.2659,-1.1082,146.9,96.6,0.536
14.62,31758.2,34486.8,-1.1816,-1.2658,146.9,96.6,0.536
14.64,31712.0,34441.2,-1.4073,-1.3781,146.9,96.6,0.536
14.66,31686.8,34531.0,-1.5305,-1.1571,146.9,96.6,0.536
14.68,31844.3,34796.0,-0.7612,-0.5057,146.9,96.6,0.536
14.7,32038.5,35178.1,0.1878,0.4337,146.9,96.6,0.536
14.72,32297.7,35511.4,1.4542,1.2529,146.9,96.6,0.536
14.74,32420.1,35701.0,2.0522,1.7191,146.9,96.6,0.536
14.76,32453.8,35675.7,2.2172,1.6568,146.9,96.6,0.536
14.78,32216.5,35577.5,1.0576,1.4154,146.9,96.6,0.536
14.8,32181.1,35393.1,0.8848,0.9622,146.9,96.6,0.536
14.82,32160.0,35229.5,0.7813,0.5599,146.9,96.6,0.536
14.84,32085.2,35135.5,0.4161,0.329,146.9,96.6,0.536
14.86,31965.5,35095.9,-0.169,0.2316,146.9,96.6,0.536
14.88,32102.3,35043.9,0.4996,0.1036,146.9,96.6,0.536
14.9,31980.2,34975.9,-0.0969,-0.0635,146.9,96.6,0.536
14.92,31973.8,34811.7,-0.128,-0.4671,146.9,96.6,0.536
14.94,31852.2,34647.1,-0.7223,-0.8718,146.9,96.6,0.536
14.96,31816.3,34697.8,-0.898,-0.747,146.9,96.6,0.536
14.98,31913.5,34572.0,-0.423,-1.0565,146.9,96.6,0.536
15.0,31855.3,34588.4,-0.7073,-1.0162,146.9,96.6,0.536
15.02,31838.3,34531.6,-0.7906,-1.1558,146.9,96.6,0.536
15.04,31667.3,34412.4,-1.6261,-1.4489,146.9,96.6,0.536
15.06,31782.6,34470.9,-1.0627,-1.305,146.9,96.6,0.536
15.08,31804.7,34665.3,-0.9543,-0.8271,146.9,96.6,0.536
15.1,31923.6,34977.5,-0.3737,-0.0597,146.9,96.6,0.536
15.12,32162.1,35364.7,0.7919,0.8923,146.9,96.6,0.536
15.14,32365.3,35576.3,1.7846,1.4124,146.9,96.6,0.536
15.16,32430.8,35708.0,2.1045,1.7361,146.9,96.6,0.536
15.18,32290.3,35700.6,1.4184,1.7181,146.9,96.6,0.536
15.2,32156.1,35509.6,0.7625,1.2485,146.9,96.6,0.536
15.22,32218.9,35305.9,1.0691,0.7477,146.9,96.6,0.536
15.24,32092.9,35141.4,0.4537,0.3433,146.9,96.6,0.536
15.26,32043.7,35132.0,0.2131,0.3203,146.9,96.6,0.536
15.28,32031.2,35066.8,0.152,0.1599,146.9,96.6,0.536
15.3,31943.7,35003.4,-0.2755,0.0041,146.9,96.6,0.536
15.32,31893.1,34851.2,-0.5225,-0.3701,146.9,96.6,0.536
15.34,31870.1,34741.8,-0.6351,-0.639,146.9,96.6,0.536
15.36,31827.5,34735.6,-0.8431,-0.6542,146.9,96.6,0.536
15.38,31829.0,34607.8,-0.8357,-0.9683,146.9,96.6,0.536
15.4,31806.1,34538.9,-0.9474,-1.1377,146.9,96.6,0.536
15.42,31788.8,34543.9,-1.0322,-1.1255,146.9,96.6,0.536
15.44,31778.2,34481.1,-1.0842,-1.2798,146.9,96.6,0.536
15.46,31705.5,34344.8,-1.4392,-1.6149,146.9,96.6,0.536
15.48,31792.5,34517.6,-1.0142,-1.1901,146.9,96.6,0.536
15.5,31847.3,34925.4,-0.7465,-0.1876,146.9,96.6,0.536
15.52,32184.3,35151.2,0.9001,0.3676,146.9,96.6,0.536
15.54,32331.0,35542.0,1.6169,1.3283,146.9,96.6,0.536
15.56,32330.5,35715.1,1.6146,1.7537,146.9,96.6,0.536
15.58,32345.3,35789.8,1.6867,1.9373,146.9,96.6,0.536
15.6,32336.4,35607.1,1.6435,1.4881,146.9,96.6,0.536
15.62,32241.7,35378.5,1.1808,0.9263,146.9,96.6,0.536
15.64,32150.9,35095.6,0.7369,0.2307,146.9,96.6,0.536
15.66,31995.5,35167.5,-0.022,0.4074,146.9,96.6,0.536
15.68,32024.1,35039.0,0.1174,0.0916,146.9,96.6,0.536
15.7,31988.1,35014.0,-0.0584,0.0301,146.9,96.6,0.536
15.72,31883.3,34800.8,-0.5703,-0.494,146.9,96.6,0.536
15.74,31908.5,34751.3,-0.4475,-0.6156,146.9,96.6,0.536
15.76,31879.4,34660.2,-0.5893,-0.8396,146.9,96.6,0.536
15.78,31862.9,34676.7,-0.67,-0.7989,146.9,96.6,0.536
15.8,31841.4,34590.4,-0.775,-1.0111,146.9,96.6,0.536
15.82,31828.6,34590.0,-0.8377,-1.0122,146.9,96.6,0.536
15.84,31762.4,34554.1,-1.1614,-1.1003,146.9,96.6,0.536
15.86,31710.9,34494.3,-1.4128,-1.2474,146.9,96.6,0.536
15.88,31688.4,34564.3,-1.5226,-1.0754,146.9,96.6,0.536
15.9,31902.3,34788.9,-0.4776,-0.5231,146.9,96.6,0.536
15.92,32066.1,35111.6,0.3228,0.2701,146.9,96.6,0.536
15.94,32178.3,35439.7,0.8707,1.0766,146.9,96.6,0.536
15.96,32363.8,35720.5,1.7772,1.767,146.9,96.6,0.536
15.98,32424.0,35736.9,2.0715,1.8074,146.9,96.6,0.536
16.0,32339.9,35627.6,1.6605,1.5385,146.9,96.6,0.536
16.02,32221.2,35518.5,1.0807,1.2705,146.9,96.6,0.536
16.04,32177.5,35238.3,0.8669,0.5815,146.9,96.6,0.536
16.06,32091.1,35161.5,0.4448,0.3927,146.9,96.6,0.536
16.08,32122.4,35014.4,0.598,0.0312,146.9,96.6,0.536
16.1,31958.3,35047.3,-0.2039,0.112,146.9,96.6,0.536
16.12,31990.8,34908.9,-0.0452,-0.2283,146.9,96.6,0.536
16.14,31840.2,34898.1,-0.7809,-0.2548,146.9,96.6,0.536
16.16,31913.7,34688.4,-0.422,-0.7704,146.9,96.6,0.536
16.18,31889.8,34610.7,-0.5387,-0.9614,146.9,96.6,0.536
16.2,31772.4,34691.9,-1.1124,-0.7617,146.9,96.6,0.536
16.22,31882.1,34621.1,-0.5764,-0.9357,146.9,96.6,0.536
16.24,31813.1,34621.4,-0.9132,-0.935,146.9,96.6,0.536
16.26,31759.0,34482.8,-1.1779,-1.2756,146.9,96.6,0.536
16.28,31649.7,34457.8,-1.7116,-1.337,146.9,96.6,0.536
16.3,31794.4,34529.7,-1.0047,-1.1604,146.9,96.6,0.536
16.32,31952.3,34924.3,-0.2333,-0.1904,146.9,96.6,0.536
16.34,32281.7,35153.3,1.3762,0.3726,146.9,96.6,0.536
16.36,32312.9,35518.8,1.5286,1.2711,146.9,96.6,0.536
16.38,32410.1,35723.0,2.0035,1.7731,146.9,96.6,0.536
16.4,32286.0,35752.7,1.3974,1.8461,146.9,96.6,0.536
16.42,32292.8,35572.6,1.4304,1.4034,146.9,96.6,0.536
16.44,32164.2,35338.9,0.8021,0.8288,146.9,96.6,0.536
16.46,32149.1,35174.7,0.7285,0.4252,146.9,96.6,0.536
16.48,32065.8,35038.9,0.3214,0.0913,146.9,96.6,0.536
16.5,32008.4,35042.8,0.0409,0.1011,146.9,96.6,0.536
16.52,32019.2,35066.1,0.0935,0.1581,146.9,96.6,0.536
16.54,31891.3,34814.3,-0.5312,-0.4607,146.9,96.6,0.536
16.56,31931.7,34757.7,-0.3338,-0.5998,146.9,96.6,0.536
16.58,31929.7,34578.8,-0.344,-1.0396,146.9,96.6,0.536
16.6,31851.7,34589.4,-0.7247,-1.0137,146.9,96.6,0.536
16.62,31868.3,34600.8,-0.6436,-0.9855,146.9,96.6,0.536
16.64,31804.9,34568.2,-0.9534,-1.0659,146.9,96.6,0.536
16.66,31736.8,34486.5,-1.2861,-1.2666,146.9,96.6,0.536
16.68,31708.6,34473.9,-1.424,-1.2975,146.9,96.6,0.536
16.7,31803.1,34495.6,-0.9625,-1.2443,146.9,96.6,0.536
16.72,31920.3,34827.9,-0.3899,-0.4274,146.9,96.6,0.536
16.74,32029.0,35079.3,0.1414,0.1908,146.9,96.6,0.536
16.76,32273.4,35484.8,1.3357,1.1874,146.9,96.6,0.536
16.78,32265.3,35610.9,1.296,1.4975,146.9,96.6,0.536
16.8,32325.9,35762.2,1.5921,1.8694,146.9,96.6,0.536
16.82,32323.3,35589.6,1.5795,1.4452,146.9,96.6,0.536
16.84,32236.2,35430.7,1.1539,1.0546,146.9,96.6,0.536
16.86,32150.5,35177.9,0.7352,0.4332,146.9,96.6,0.536
16.88,32038.0,35208.9,0.1856,0.5094,146.9,96.6,0.536
16.9,32043.8,35074.9,0.2138,0.1798,146.9,96.6,0.536
16.92,31964.2,35045.0,-0.1754,0.1063,146.9,96.6,0.536
16.94,31963.7,34961.6,-0.1776,-0.0987,146.9,96.6,0.536
16.96,31960.8,34880.7,-0.1916,-0.2976,146.9,96.6,0.536
16.98,31806.5,34742.0,-0.9455,-0.6386,146.9,96.6,0.536
17.0,31885.1,34633.8,-0.5616,-0.9044,146.9,96.6,0.536
17.02,31802.4,34717.3,-0.9657,-0.6991,146.9,96.6,0.536
17.04,31739.8,34668.7,-1.2718,-0.8188,146.9,96.6,0.536
17.06,31783.0,34555.5,-1.0604,-1.097,146.9,96.6,0.536
17.08,31843.9,34565.2,-0.7628,-1.0731,146.9,96.6,0.536
17.1,31795.5,34567.0,-0.9995,-1.0688,146.9,96.6,0.536
17.12,31877.1,34591.9,-0.6006,-1.0075,146.9,96.6,0.536
17.14,31901.4,34940.0,-0.4819,-0.1517,146.9,96.6,0.536
17.16,32205.7,35375.8,1.0048,0.9196,146.9,96.6,0.536
17.18,32370.4,35633.6,1.8097,1.5533,146.9,96.6,0.536
17.2,32398.1,35875.1,1.9451,2.147,146.9,96.6,0.536
17.22,32319.3,35668.3,1.5601,1.6386,146.9,96.6,0.536
17.24,32176.6,35509.6,0.8626,1.2486,146.9,96.6,0.536
17.26,32151.7,35301.4,0.7409,0.7367,146.9,96.6,0.536
17.28,32012.2,35170.7,0.0592,0.4154,146.9,96.6,0.536
17.3,32093.7,35158.8,0.4574,0.386,146.9,96.6,0.536
17.32,31951.7,35064.3,-0.2364,0.1539,146.9,96.6,0.536
17.34,31937.4,34916.7,-0.306,-0.209,146.9,96.6,0.536
17.36,31862.2,34960.9,-0.6737,-0.1003,146.9,96.6,0.536
17.38,31933.8,34717.8,-0.3236,-0.6979,146.9,96.6,0.536
17.4,31937.8,34702.4,-0.3041,-0.7358,146.9,96.6,0.536
17.42,31940.4,34697.9,-0.2914,-0.7469,146.9,96.6,0.536
17.44,31878.4,34689.2,-0.5943,-0.7683,146.9,96.6,0.536
17.46,31860.7,34502.9,-0.681,-1.2264,146.9,96.6,0.536
17.48,31783.7,34500.5,-1.0572,-1.2321,146.9,96.6,0.536
17.5,31818.0,34488.2,-0.8895,-1.2625,146.9,96.6,0.536
17.52,31769.3,34467.7,-1.1276,-1.3129,146.9,96.6,0.536
17.54,31942.5,34834.2,-0.2813,-0.4118,146.9,96.6,0.536
17.56,32173.8,35165.2,0.8488,0.4018,146.9,96.6,0.536
17.58,32257.4,35609.3,1.2576,1.4936,146.9,96.6,0.536
17.6,32440.7,35703.7,2.1528,1.7257,146.9,96.6,0.536
17.62,32370.9,35775.3,1.8121,1.9017,146.9,96.6,0.536
17.64,32187.6,35564.3,0.9165,1.383,146.9,96.6,0.536
17.66,32130.3,35379.3,0.6365,0.9282,146.9,96.6,0.536
17.68,32184.8,35204.3,0.9024,0.498,146.9,96.6,0.536
17.7,32082.5,34993.9,0.4029,-0.0193,146.9,96.6,0.536
17.72,31936.3,35123.9,-0.3117,0.3004,146.9,96.6,0.536
17.74,32078.3,34938.6,0.3824,-0.1552,146.9,96.6,0.536
17.76,31861.2,34906.4,-0.6782,-0.2345,146.9,96.6,0.536
17.78,31946.2,34799.3,-0.2633,-0.4975,146.9,96.6,0.536
17.8,31847.5,34691.7,-0.7454,-0.7622,146.9,96.6,0.536
17.82,31808.3,34643.7,-0.9368,-0.8802,146.9,96.6,0.536
17.84,31860.1,34607.1,-0.6839,-0.9701,146.9,96.6,0.536
17.86,31810.1,34647.8,-0.9279,-0.87,146.9,96.6,0.536
17.88,31730.5,34527.7,-1.3171,-1.1653,146.9,96.6,0.536
17.9,31752.0,34467.5,-1.2118,-1.3132,146.9,96.6,0.536
17.92,31663.3,34437.8,-1.6456,-1.3863,146.9,96.6,0.536
17.94,31837.2,34701.1,-0.7957,-0.7391,146.9,96.6,0.536
17.96,31971.0,35009.4,-0.142,0.0188,146.9,96.6,0.536
17.98,32185.5,35418.3,0.9059,1.0241,146.9,96.6,0.536
18.0,32270.7,35643.1,1.3222,1.5766,146.9,96.6,0.536
18.02,32420.4,35784.1,2.0537,1.9232,146.9,96.6,0.536
18.04,32274.3,35662.2,1.3397,1.6236,146.9,96.6,0.536
18.06,32178.2,35434.6,0.8703,1.0642,146.9,96.6,0.536
18.08,32162.5,35282.1,0.7939,0.6891,146.9,96.6,0.536
18.1,32065.9,35210.8,0.3219,0.5141,146.9,96.6,0.536
18.12,32031.7,35143.9,0.1546,0.3496,146.9,96.6,0.536
18.14,32042.1,35110.2,0.2056,0.2665,146.9,96.6,0.536
18.16,31928.3,34913.3,-0.3507,-0.2174,146.9,96.6,0.536
18.18,31967.2,34848.1,-0.1606,-0.3776,146.9,96.6,0.536
18.2,31903.4,34721.9,-0.4723,-0.688,146.9,96.6,0.536
18.22,31888.3,34741.7,-0.5461,-0.6391,146.9,96.6,0.536
18.24,31842.4,34714.2,-0.7701,-0.707,146.9,96.6,0.536
18.26,31879.0,34583.3,-0.5916,-1.0287,146.9,96.6,0.536
18.28,31704.6,34563.8,-1.4437,-1.0765,146.9,96.6,0.536
18.3,31751.3,34611.6,-1.2155,-0.959,146.9,96.6,0.536
18.32,31672.5,34461.9,-1.6006,-1.3271,146.9,96.6,0.536
18.34,31778.8,34663.5,-1.0808,-0.8314,146.9,96.6,0.536
18.36,31890.7,34855.8,-0.5342,-0.3587,146.9,96.6,0.536
18.38,32103.5,35278.0,0.5053,0.6791,146.9,96.6,0.536
18.4,32314.1,35627.0,1.5342,1.537,146.9,96.6,0.536
18.42,32257.6,35724.8,1.2586,1.7775,146.9,96.6,0.536
18.44,32291.0,35715.0,1.4217,1.7534,146.9,96.6,0.536
18.46,32293.6,35592.7,1.4341,1.4527,146.9,96.6,0.536
18.48,32191.7,35362.1,0.9366,0.8858,146.9,96.6,0.536
18.5,32119.0,35222.9,0.5812,0.5437,146.9,96.6,0.536
18.52,32053.3,35159.4,0.2604,0.3876,146.9,96.6,0.536
18.54,31977.0,35000.2,-0.1125,-0.0037,146.9,96.6,0.536
18.56,32047.9,35018.8,0.234,0.0421,146.9,96.6,0.536
18.58,31926.7,34875.5,-0.3583,-0.3103,146.9,96.6,0.536
18.6,31830.3,34767.1,-0.8295,-0.5769,146.9,96.6,0.536
18.62,31810.1,34694.9,-0.9283,-0.7544,146.9,96.6,0.536
18.64,31766.5,34687.8,-1.1411,-0.7716,146.9,96.6,0.536
18.66,31883.3,34723.9,-0.5707,-0.6829,146.9,96.6,0.536
18.68,31808.5,34522.0,-0.936,-1.1793,146.9,96.6,0.536
18.7,31743.0,34621.7,-1.2561,-0.9342,146.9,96.6,0.536
18.72,31761.5,34457.7,-1.1657,-1.3375,146.9,96.6,0.536
18.74,31803.5,34565.5,-0.9604,-1.0724,146.9,96.6,0.536
18.76,31823.5,34675.7,-0.8629,-0.8014,146.9,96.6,0.536
18.78,32054.7,35061.2,0.2672,0.1463,146.9,96.6,0.536
18.8,32211.0,35550.4,1.0307,1.3489,146.9,96.6,0.536
18.82,32370.5,35711.6,1.8102,1.7452,146.9,96.6,0.536
18.84,32350.0,35805.3,1.71,1.9755,146.9,96.6,0.536
18.86,32238.7,35710.6,1.1661,1.7427,146.9,96.6,0.536
18.88,32165.4,35450.2,0.8077,1.1026,146.9,96.6,0.536
18.9,32118.5,35222.1,0.5786,0.5418,146.9,96.6,0.536
18.92,32094.0,35086.3,0.4589,0.2079,146.9,96.6,0.536
18.94,32103.6,34972.5,0.5061,-0.072,146.9,96.6,0.536
18.96,31953.9,35108.7,-0.2257,0.2628,146.9,96.6,0.536
18.98,31973.9,34895.5,-0.1278,-0.2612,146.9,96.6,0.536
19.0,32022.0,34864.8,0.1075,-0.3366,146.9,96.6,0.536
19.02,31864.0,34714.7,-0.6648,-0.7055,146.9,96.6,0.536
19.04,31881.9,34697.2,-0.5773,-0.7486,146.9,96.6,0.536
19.06,31776.9,34545.6,-1.0903,-1.1212,146.9,96.6,0.536
19.08,31867.5,34685.8,-0.6478,-0.7768,146.9,96.6,0.536
19.1,31762.4,34500.9,-1.1611,-1.2313,146.9,96.6,0.536
19.12,31699.9,34554.5,-1.4664,-1.0994,146.9,96.6,0.536
19.14,31819.1,34453.8,-0.8842,-1.347,146.9,96.6,0.536
19.16,31805.6,34546.1,-0.95,-1.1202,146.9,96.6,0.536
19.18,31957.0,35000.0,-0.2104,-0.0043,146.9,96.6,0.536
19.2,32197.0,35376.1,0.9622,0.9204,146.9,96.6,0.536
19.22,32321.9,35644.7,1.5724,1.5805,146.9,96.6,0.536
19.24,32334.8,35753.8,1.6355,1.8488,146.9,96.6,0.536
19.26,32304.8,35802.1,1.4889,1.9676,146.9,96.6,0.536
19.28,32138.1,35639.8,0.6747,1.5686,146.9,96.6,0.536
19.3,32157.2,35368.8,0.7678,0.9025,146.9,96.6,0.536
19.32,32101.8,35196.5,0.4973,0.4789,146.9,96.6,0.536
19.34,32047.6,35083.0,0.2324,0.1997,146.9,96.6,0.536
19.36,31988.5,35125.7,-0.0566,0.3048,146.9,96.6,0.536
19.38,31883.1,34982.5,-0.5712,-0.0474,146.9,96.6,0.536
19.4,32044.2,34886.2,0.2157,-0.284,146.9,96.6,0.536
19.42,31885.7,34770.8,-0.5589,-0.5678,146.9,96.6,0.536
19.44,31865.7,34643.8,-0.6567,-0.88,146.9,96.6,0.536
19.46,31859.0,34678.7,-0.689,-0.794,146.9,96.6,0.536
19.48,31789.1,34674.2,-1.0307,-0.8052,146.9,96.6,0.536
19.5,31776.4,34597.7,-1.0926,-0.9934,146.9,96.6,0.536
19.52,31750.0,34459.6,-1.2217,-1.3328,146.9,96.6,0.536
19.54,31712.8,34484.1,-1.4038,-1.2725,146.9,96.6,0.536
19.56,31743.4,34480.4,-1.2538,-1.2816,146.9,96.6,0.536
19.58,31746.2,34821.7,-1.2401,-0.4425,146.9,96.6,0.536
19.6,32121.7,35113.2,0.5942,0.274,146.9,96.6,0.536
19.62,32261.9,35466.9,1.2796,1.1434,146.9,96.6,0.536
19.64,32266.9,35681.4,1.3039,1.6708,146.9,96.6,0.536
19.66,32344.0,35778.8,1.6807,1.9104,146.9,96.6,0.536
19.68,32261.4,35645.6,1.2771,1.5829,146.9,96.6,0.536
19.7,32148.5,35460.6,0.7251,1.1281,146.9,96.6,0.536
19.72,32159.6,35157.8,0.7794,0.3837,146.9,96.6,0.536
19.74,31950.7,35172.4,-0.2411,0.4195,146.9,96.6,0.536
19.76,32061.0,35086.6,0.2976,0.2086,146.9,96.6,0.536
19.78,32095.5,34921.6,0.4664,-0.197,146.9,96.6,0.536
19.8,31979.1,34956.7,-0.1025,-0.1107,146.9,96.6,0.536
19.82,31999.6,34878.4,-0.0024,-0.3033,146.9,96.6,0.536
19.84,31933.0,34760.2,-0.3279,-0.5938,146.9,96.6,0.536
19.86,31976.3,34635.3,-0.1162,-0.9007,146.9,96.6,0.536
19.88,31740.2,34627.1,-1.2698,-0.9209,146.9,96.6,0.536
19.9,31836.9,34610.9,-0.797,-0.9608,146.9,96.6,0.536
19.92,31712.5,34519.9,-1.4052,-1.1845,146.9,96.6,0.536
19.94,31659.7,34396.9,-1.6631,-1.4869,146.9,96.6,0.536
19.96,31756.8,34424.3,-1.1885,-1.4196,146.9,96.6,0.536
19.98,31905.7,34738.8,-0.461,-0.6464,146.9,96.6,0.536
20.0,31983.3,34932.7,-0.0821,-0.1697,146.9,96.6,0.536
20.02,32184.8,35321.8,0.9027,0.787,146.9,96.6,0.536
20.04,32401.7,35640.7,1.9624,1.5707,146.9,96.6,0.536
20.06,32398.4,35714.0,1.9463,1.751,146.9,96.6,0.536
20.08,32295.3,35722.7,1.4426,1.7725,146.9,96.6,0.536
20.1,32233.9,35470.4,1.1424,1.1521,146.9,96.6,0.536
20.12,32114.8,35287.6,0.5605,0.7026,146.9,96.6,0.536
20.14,32149.5,35125.1,0.7304,0.3033,146.9,96.6,0.536
20.16,32070.7,35169.1,0.3453,0.4114,146.9,96.6,0.536
20.18,31954.9,35040.0,-0.2205,0.094,146.9,96.6,0.536
20.2,31993.9,34928.4,-0.0301,-0.1802,146.9,96.6,0.536
20.22,31905.6,34857.4,-0.4617,-0.3547,146.9,96.6,0.536
20.24,31846.5,34684.3,-0.7502,-0.7804,146.9,96.6,0.536
20.26,31892.1,34709.0,-0.5277,-0.7196,146.9,96.6,0.536
20.28,31877.6,34658.3,-0.5984,-0.8443,146.9,96.6,0.536
20.3,31931.5,34613.7,-0.3351,-0.954,146.9,96.6,0.536
20.32,31829.5,34600.6,-0.8331,-0.9861,146.9,96.6,0.536
20.34,31770.6,34522.0,-1.1213,-1.1794,146.9,96.6,0.536
20.36,31764.2,34511.2,-1.1523,-1.206,146.9,96.6,0.536
20.38,31741.5,34478.8,-1.2632,-1.2855,146.9,96.6,0.536
20.4,31877.4,34841.2,-0.5994,-0.3945,146.9,96.6,0.536
20.42,32067.9,35180.4,0.3314,0.4391,146.9,96.6,0.536
20.44,32239.2,35536.8,1.1687,1.3155,146.9,96.6,0.536
20.46,32351.8,35743.8,1.7184,1.8242,146.9,96.6,0.536
20.48,32391.4,35725.2,1.9119,1.7784,146.9,96.6,0.536
20.5,32277.7,35577.5,1.3568,1.4154,146.9,96.6,0.536
20.52,32077.3,35330.3,0.3776,0.8077,146.9,96.6,0.536
20.54,32099.5,35164.5,0.4858,0.4002,146.9,96.6,0.536
20.56,32017.0,35070.4,0.083,0.1688,146.9,96.6,0.536
20.58,32078.0,35154.9,0.3809,0.3766,146.9,96.6,0.536
20.6,31946.8,35078.4,-0.2604,0.1886,146.9,96.6,0.536
20.62,31953.2,34867.8,-0.2288,-0.3292,146.9,96.6,0.536
20.64,31788.1,34732.8,-1.0358,-0.6612,146.9,96.6,0.536
20.66,31937.9,34731.1,-0.3035,-0.6653,146.9,96.6,0.536
20.68,31795.4,34708.0,-0.9999,-0.7222,146.9,96.6,0.536
20.7,31884.1,34682.5,-0.5664,-0.7849,146.9,96.6,0.536
20.72,31825.5,34650.1,-0.8528,-0.8645,146.9,96.6,0.536
20.74,31808.3,34485.1,-0.9371,-1.2701,146.9,96.6,0.536
20.76,31730.8,34428.4,-1.3158,-1.4093,146.9,96.6,0.536
20.78,31752.0,34535.8,-1.212,-1.1453,146.9,96.6,0.536
20.8,31824.0,34793.5,-0.8602,-0.5119,146.9,96.6,0.536
20.82,32028.9,34967.7,0.1408,-0.0837,146.9,96.6,0.536
20.84,32251.1,35390.7,1.2267,0.9562,146.9,96.6,0.536
20.86,32250.5,35615.1,1.2235,1.5078,146.9,96.6,0.536
20.88,32460.0,35766.0,2.2472,1.8787,146.9,96.6,0.536
20.9,32291.8,35644.9,1.4257,1.5811,146.9,96.6,0.536
20.92,32221.4,35382.1,1.0817,0.935,146.9,96.6,0.536
20.94,32127.1,35162.3,0.6205,0.3948,146.9,96.6,0.536
20.96,32022.1,35160.7,0.1079,0.3908,146.9,96.6,0.536
20.98,32048.7,35064.8,0.2374,0.1551,146.9,96.6,0.536
21.0,32024.7,35117.0,0.1206,0.2833,146.9,96.6,0.536
21.02,32004.1,34895.6,0.0199,-0.2608,146.9,96.6,0.536
21.04,31876.8,34840.5,-0.602,-0.3963,146.9,96.6,0.536
21.06,31872.4,34731.6,-0.6239,-0.6641,146.9,96.6,0.536
21.08,31911.7,34697.6,-0.4315,-0.7477,146.9,96.6,0.536
21.1,31826.2,34622.0,-0.8494,-0.9334,146.9,96.6,0.536
21.12,31864.6,34618.4,-0.6617,-0.9425,146.9,96.6,0.536
21.14,31776.2,34626.1,-1.094,-0.9235,146.9,96.6,0.536
21.16,31668.7,34540.8,-1.619,-1.133,146.9,96.6,0.536
21.18,31742.5,34477.4,-1.2582,-1.2891,146.9,96.6,0.536
21.2,31809.3,34576.0,-0.9319,-1.0465,146.9,96.6,0.536
21.22,31984.1,34922.5,-0.0781,-0.1947,146.9,96.6,0.536
21.24,32179.3,35115.7,0.876,0.2803,146.9,96.6,0.536
21.26,32311.4,35600.9,1.5213,1.473,146.9,96.6,0.536
21.28,32374.3,35643.2,1.8286,1.5769,146.9,96.6,0.536
21.3,32378.3,35767.7,1.8481,1.883,146.9,96.6,0.536
21.32,32087.6,35538.6,0.428,1.3198,146.9,96.6,0.536
21.34,32138.4,35351.2,0.6762,0.8591,146.9,96.6,0.536
21.36,32129.9,35169.3,0.6346,0.4119,146.9,96.6,0.536
21.38,31954.0,35109.9,-0.225,0.2659,146.9,96.6,0.536
21.4,32064.3,35027.3,0.3139,0.0629,146.9,96.6,0.536
21.42,31908.9,34917.7,-0.4453,-0.2065,146.9,96.6,0.536
21.44,31984.2,34890.7,-0.0777,-0.2729,146.9,96.6,0.536
21.46,31819.1,34726.8,-0.8841,-0.6758,146.9,96.6,0.536
21.48,31817.8,34706.9,-0.8907,-0.7249,146.9,96.6,0.536
21.5,31811.8,34620.8,-0.92,-0.9364,146.9,96.6,0.536
21.52,31895.0,34670.9,-0.5133,-0.8132,146.9,96.6,0.536
21.54,31860.9,34660.3,-0.6801,-0.8393,146.9,96.6,0.536
21.56,31824.3,34575.6,-0.8588,-1.0476,146.9,96.6,0.536
21.58,31728.2,34462.1,-1.3281,-1.3267,146.9,96.6,0.536
21.6,31775.3,34471.6,-1.0983,-1.3033,146.9,96.6,0.536
21.62,31873.1,34700.0,-0.6205,-0.7418,146.9,96.6,0.536
21.64,32129.1,35239.6,0.6305,0.5848,146.9,96.6,0.536
21.66,32248.5,35549.1,1.2138,1.3456,146.9,96.6,0.536
21.68,32361.1,35757.1,1.7642,1.857,146.9,96.6,0.536
21.7,32377.1,35845.1,1.8421,2.0732,146.9,96.6,0.536
21.72,32321.8,35568.2,1.5722,1.3925,146.9,96.6,0.536
21.74,32172.9,35366.3,0.8447,0.8963,146.9,96.6,0.536
21.76,32151.9,35298.8,0.7421,0.7302,146.9,96.6,0.536
21.78,32102.3,35219.0,0.4994,0.534,146.9,96.6,0.536
21.8,32090.8,35051.5,0.4433,0.1224,146.9,96.6,0.536
21.82,32040.1,35010.9,0.1957,0.0226,146.9,96.6,0.536
21.84,31943.8,34875.4,-0.2746,-0.3105,146.9,96.6,0.536
21.86,31890.3,34737.7,-0.5362,-0.649,146.9,96.6,0.536
21.88,31889.6,34734.7,-0.5395,-0.6565,146.9,96.6,0.536
21.9,31925.8,34733.2,-0.3629,-0.6602,146.9,96.6,0.536
21.92,31855.2,34634.6,-0.7078,-0.9026,146.9,96.6,0.536
21.94,31760.6,34607.9,-1.17,-0.9682,146.9,96.6,0.536
21.96,31753.0,34536.5,-1.2071,-1.1437,146.9,96.6,0.536
21.98,31664.2,34484.6,-1.641,-1.2713,146.9,96.6,0.536
22.0,31737.5,34546.4,-1.2828,-1.1194,146.9,96.6,0.536
22.02,31952.0,34684.5,-0.235,-0.7799,146.9,96.6,0.536
22.04,31890.4,34893.2,-0.5358,-0.2668,146.9,96.6,0.536
22.06,32284.4,35307.9,1.3892,0.7527,146.9,96.6,0.536
22.08,32275.7,35587.0,1.3468,1.4388,146.9,96.6,0.536
22.1,32363.9,35764.8,1.7776,1.8759,146.9,96.6,0.536
22.12,32265.8,35680.7,1.2985,1.6691,146.9,96.6,0.536
22.14,32187.3,35542.9,0.9148,1.3303,146.9,96.6,0.536
22.16,32106.4,35253.0,0.5194,0.6177,146.9,96.6,0.536
22.18,32102.1,35206.8,0.4985,0.504,146.9,96.6,0.536
22.2,32045.6,35004.0,0.2227,0.0057,146.9,96.6,0.536
22.22,31940.5,34956.1,-0.2908,-0.1121,146.9,96.6,0.536
22.24,31956.2,34927.9,-0.2141,-0.1816,146.9,96.6,0.536
22.26,31904.5,34813.9,-0.4671,-0.4617,146.9,96.6,0.536
22.28,31899.6,34751.3,-0.4906,-0.6155,146.9,96.6,0.536
22.3,31957.7,34708.8,-0.2068,-0.7201,146.9,96.6,0.536
22.32,31926.5,34676.2,-0.3595,-0.8003,146.9,96.6,0.536
22.34,31842.4,34592.6,-0.7701,-1.0057,146.9,96.6,0.536
22.36,31877.8,34497.4,-0.5973,-1.2397,146.9,96.6,0.536
22.38,31817.1,34519.2,-0.8937,-1.1861,146.9,96.6,0.536
22.4,31774.9,34412.1,-1.0999,-1.4494,146.9,96.6,0.536
22.42,31701.1,34504.5,-1.4605,-1.2223,146.9,96.6,0.536
22.44,31927.4,34788.5,-0.3552,-0.5241,146.9,96.6,0.536
22.46,32027.3,35098.2,0.1333,0.2373,146.9,96.6,0.536
22.48,32199.1,35531.7,0.9727,1.3029,146.9,96.6,0.536
22.5,32352.4,35724.7,1.7216,1.7774,146.9,96.6,0.536
22.52,32450.2,35821.3,2.1996,2.0147,146.9,96.6,0.536
22.54,32276.1,35548.0,1.3487,1.3429,146.9,96.6,0.536
22.56,32270.3,35392.7,1.3207,0.9611,146.9,96.6,0.536
22.58,32105.2,35201.5,0.5139,0.4912,146.9,96.6,0.536
22.6,32030.7,35189.5,0.1497,0.4616,146.9,96.6,0.536
22.62,32079.1,34966.6,0.3862,-0.0863,146.9,96.6,0.536
22.64,31983.1,35014.1,-0.0829,0.0303,146.9,96.6,0.536
22.66,32046.6,34874.0,0.2276,-0.3141,146.9,96.6,0.536
22.68,31882.2,34735.4,-0.5761,-0.6548,146.9,96.6,0.536
22.7,31777.2,34668.4,-1.0888,-0.8194,146.9,96.6,0.536
22.72,31842.3,34683.3,-0.7707,-0.7829,146.9,96.6,0.536
22.74,31798.0,34813.7,-0.9871,-0.4623,146.9,96.6,0.536
22.76,31886.3,34726.9,-0.5559,-0.6756,146.9,96.6,0.536
22.78,31776.0,34611.0,-1.0946,-0.9604,146.9,96.6,0.536
22.8,31695.2,34640.4,-1.4893,-0.8882,146.9,96.6,0.536
22.82,31719.7,34548.2,-1.3699,-1.1149,146.9,96.6,0.536
22.84,31770.3,34628.9,-1.1225,-0.9165,146.9,96.6,0.536
22.86,32016.2,35020.6,0.0787,0.0463,146.9,96.6,0.536
22.88,32132.9,35393.3,0.6491,0.9627,146.9,96.6,0.536
22.9,32271.2,35651.8,1.3249,1.598,146.9,96.6,0.536
22.92,32370.1,35715.1,1.8082,1.7537,146.9,96.6,0.536
22.94,32291.8,35706.5,1.4254,1.7325,146.9,96.6,0.536
22.96,32187.8,35429.3,0.9176,1.0512,146.9,96.6,0.536
22.98,32106.5,35249.7,0.5199,0.6097,146.9,96.6,0.536
23.0,32110.9,35125.3,0.5417,0.3037,146.9,96.6,0.536
23.02,32016.2,35050.4,0.0787,0.1196,146.9,96.6,0.536
23.04,32076.5,35123.8,0.3735,0.3002,146.9,96.6,0.536
23.06,31959.7,34964.1,-0.1973,-0.0924,146.9,96.6,0.536
23.08,31820.8,34838.3,-0.8758,-0.4017,146.9,96.6,0.536
23.1,31855.5,34748.7,-0.7062,-0.622,146.9,96.6,0.536
23.12,31831.1,34760.1,-0.8254,-0.594,146.9,96.6,0.536
23.14,31867.2,34650.8,-0.6491,-0.8628,146.9,96.6,0.536
23.16,31802.1,34707.9,-0.9671,-0.7224,146.9,96.6,0.536
23.18,31771.0,34602.2,-1.119,-0.9821,146.9,96.6,0.536
23.2,31731.5,34470.7,-1.312,-1.3055,146.9,96.6,0.536
23.22,31737.6,34487.7,-1.2823,-1.2636,146.9,96.6,0.536
23.24,31778.2,34526.5,-1.0839,-1.1683,146.9,96.6,0.536
23.26,31896.4,34787.3,-0.5065,-0.5271,146.9,96.6,0.536
23.28,32097.4,35246.7,0.4756,0.6021,146.9,96.6,0.536
23.3,32264.1,35595.6,1.2904,1.4599,146.9,96.6,0.536
23.32,32340.5,35718.1,1.6633,1.7611,146.9,96.6,0.536
23.34,32438.5,35747.3,2.1423,1.8327,146.9,96.6,0.536
23.36,32238.1,35586.6,1.1631,1.4377,146.9,96.6,0.536
23.38,32206.4,35337.3,1.0081,0.8249,146.9,96.6,0.536
23.4,32134.8,35118.7,0.6584,0.2875,146.9,96.6,0.536
23.42,32051.0,35127.7,0.2488,0.3097,146.9,96.6,0.536
23.44,31984.3,35117.9,-0.0771,0.2856,146.9,96.6,0.536
23.46,31993.0,34918.8,-0.0345,-0.2038,146.9,96.6,0.536
23.48,31971.9,34943.6,-0.1375,-0.1428,146.9,96.6,0.536
23.5,31895.7,34794.3,-0.5097,-0.5099,146.9,96.6,0.536
23.52,31799.6,34692.8,-0.9794,-0.7596,146.9,96.6,0.536
23.54,31845.4,34690.4,-0.7555,-0.7654,146.9,96.6,0.536
23.56,31906.3,34601.6,-0.458,-0.9835,146.9,96.6,0.536
23.58,31800.3,34661.5,-0.976,-0.8363,146.9,96.6,0.536
23.6,31827.7,34528.8,-0.8421,-1.1627,146.9,96.6,0.536
23.62,31761.8,34456.3,-1.1642,-1.3408,146.9,96.6,0.536
23.64,31740.4,34444.0,-1.2687,-1.371,146.9,96.6,0.536
23.66,31758.9,34666.8,-1.1783,-0.8235,146.9,96.6,0.536
23.68,32046.0,35038.7,0.2246,0.0908,146.9,96.6,0.536
23.7,32279.3,35459.3,1.3646,1.1248,146.9,96.6,0.536
23.72,32309.9,35746.4,1.5137,1.8306,146.9,96.6,0.536
23.74,32415.7,35749.3,2.0309,1.8377,146.9,96.6,0.536
23.76,32265.5,35581.0,1.2968,1.4239,146.9,96.6,0.536
23.78,32209.8,35450.7,1.0246,1.1037,146.9,96.6,0.536
23.8,32100.2,35294.0,0.4891,0.7184,146.9,96.6,0.536
23.82,32073.0,35135.9,0.3565,0.3299,146.9,96.6,0.536
23.84,32043.8,35104.6,0.214,0.2529,146.9,96.6,0.536
23.86,32037.7,35100.3,0.1842,0.2423,146.9,96.6,0.536
23.88,31982.0,34943.2,-0.0883,-0.1438,146.9,96.6,0.536
23.9,31965.4,34900.4,-0.1691,-0.2491,146.9,96.6,0.536
23.92,31759.8,34799.5,-1.1739,-0.4972,146.9,96.6,0.536
23.94,31913.8,34693.1,-0.4213,-0.7586,146.9,96.6,0.536
23.96,31823.6,34687.6,-0.8623,-0.7723,146.9,96.6,0.536
23.98,31815.7,34581.5,-0.9006,-1.0332,146.9,96.6,0.536
24.0,31768.7,34503.1,-1.1304,-1.2258,146.9,96.6,0.536
24.02,31744.0,34425.5,-1.2512,-1.4167,146.9,96.6,0.536
24.04,31836.4,34532.3,-0.7994,-1.154,146.9,96.6,0.536
24.06,31804.0,34675.2,-0.9581,-0.8028,146.9,96.6,0.536
24.08,31894.4,34955.3,-0.5164,-0.1141,146.9,96.6,0.536
24.1,32091.6,35285.6,0.4473,0.6979,146.9,96.6,0.536
24.12,32296.0,35641.1,1.4461,1.5717,146.9,96.6,0.536
24.14,32514.3,35833.6,2.5126,2.0449,146.9,96.6,0.536
24.16,32368.3,35698.9,1.7993,1.7138,146.9,96.6,0.536
24.18,32285.0,35474.4,1.392,1.1619,146.9,96.6,0.536
24.2,32121.1,35301.7,0.5912,0.7375,146.9,96.6,0.536
24.22,32117.8,35110.8,0.5753,0.2682,146.9,96.6,0.536
24.24,32052.7,35117.4,0.2571,0.2844,146.9,96.6,0.536
24.26,32070.2,35096.4,0.3429,0.2326,146.9,96.6,0.536
24.28,31986.0,35021.1,-0.0689,0.0477,146.9,96.6,0.536
24.3,32005.8,34892.1,0.0279,-0.2694,146.9,96.6,0.536
24.32,31874.1,34744.1,-0.6156,-0.6334,146.9,96.6,0.536
24.34,31837.7,34721.0,-0.793,-0.69,146.9,96.6,0.536
24.36,31899.2,34649.4,-0.4928,-0.8662,146.9,96.6,0.536
24.38,31798.5,34631.6,-0.985,-0.9099,146.9,96.6,0.536
24.4,31796.1,34489.7,-0.9966,-1.2587,146.9,96.6,0.536
24.42,31794.9,34486.7,-1.0022,-1.2661,146.9,96.6,0.536
24.44,31749.6,34409.8,-1.224,-1.4553,146.9,96.6,0.536
24.46,31762.8,34489.1,-1.1591,-1.2601,146.9,96.6,0.536
24.48,31855.6,34671.0,-0.7057,-0.8129,146.9,96.6,0.536
24.5,32106.7,35068.9,0.5212,0.1652,146.9,96.6,0.536
24.52,32209.4,35485.2,1.0228,1.1886,146.9,96.6,0.536
24.54,32354.1,35649.6,1.7301,1.5927,146.9,96.6,0.536
24.56,32342.5,35713.9,1.673,1.7507,146.9,96.6,0.536
24.58,32299.1,35603.2,1.4611,1.4787,146.9,96.6,0.536
24.6,32243.1,35419.1,1.1876,1.026,146.9,96.6,0.536
24.62,32128.4,35183.6,0.6272,0.4472,146.9,96.6,0.536
24.64,32051.2,35088.4,0.2497,0.2132,146.9,96.6,0.536
24.66,31987.7,35144.3,-0.0606,0.3504,146.9,96.6,0.536
24.68,32025.6,34978.4,0.1247,-0.0573,146.9,96.6,0.536
24.7,31992.4,34856.2,-0.0376,-0.3578,146.9,96.6,0.536
24.72,31967.3,34835.2,-0.16,-0.4095,146.9,96.6,0.536
24.74,31865.2,34624.6,-0.6588,-0.9272,146.9,96.6,0.536
24.76,31795.7,34709.2,-0.9986,-0.7191,146.9,96.6,0.536
24.78,31869.5,34571.2,-0.6378,-1.0585,146.9,96.6,0.536
24.8,31820.0,34671.0,-0.8799,-0.8131,146.9,96.6,0.536
24.82,31803.3,34589.6,-0.9613,-1.0131,146.9,96.6,0.536
24.84,31806.8,34493.3,-0.9443,-1.2498,146.9,96.6,0.536
24.86,31750.3,34415.6,-1.2205,-1.4408,146.9,96.6,0.536
24.88,31792.0,34669.0,-1.0166,-0.8181,146.9,96.6,0.536
24.9,32005.5,34879.0,0.0268,-0.3017,146.9,96.6,0.536
24.92,32144.7,35345.9,0.7066,0.8461,146.9,96.6,0.536
24.94,32319.1,35602.3,1.5586,1.4764,146.9,96.6,0.536
24.96,32404.1,35737.5,1.974,1.8087,146.9,96.6,0.536
24.98,32354.2,35593.7,1.7306,1.4554,146.9,96.6,0.536
25.0,32199.2,35590.3,0.9732,1.447,146.9,96.6,0.536
25.02,32139.5,35322.3,0.6812,0.7879,146.9,96.6,0.536
25.04,32034.7,35157.3,0.1692,0.3824,146.9,96.6,0.536
25.06,32043.8,35106.9,0.2136,0.2585,146.9,96.6,0.536
25.08,32029.1,35069.8,0.142,0.1672,146.9,96.6,0.536
25.1,32058.3,34964.1,0.2845,-0.0924,146.9,96.6,0.536
25.12,31886.3,34822.6,-0.5557,-0.4403,146.9,96.6,0.536
25.14,31932.4,34720.6,-0.3303,-0.6911,146.9,96.6,0.536
25.16,31770.9,34656.9,-1.1194,-0.8476,146.9,96.6,0.536
25.18,31791.9,34678.2,-1.0171,-0.7953,146.9,96.6,0.536
25.2,31824.0,34667.1,-0.8602,-0.8226,146.9,96.6,0.536
25.22,31805.1,34583.3,-0.9524,-1.0287,146.9,96.6,0.536
25.24,31729.3,34524.5,-1.323,-1.1732,146.9,96.6,0.536
25.26,31697.2,34472.3,-1.4796,-1.3016,146.9,96.6,0.536
25.28,31822.9,34477.2,-0.8654,-1.2894,146.9,96.6,0.536
25.3,31853.3,34843.2,-0.7173,-0.3898,146.9,96.6,0.536
25.32,32163.9,35252.0,0.8007,0.6152,146.9,96.6,0.536
25.34,32240.3,35516.8,1.1736,1.2663,146.9,96.6,0.536
25.36,32319.1,35728.7,1.5589,1.7871,146.9,96.6,0.536
25.38,32342.8,35766.5,1.6747,1.88,146.9,96.6,0.536
25.4,32267.4,35575.9,1.3064,1.4115,146.9,96.6,0.536
25.42,32104.1,35269.2,0.5083,0.6575,146.9,96.6,0.536
25.44,32076.1,35181.5,0.3715,0.442,146.9,96.6,0.536
25.46,32106.9,35183.7,0.522,0.4473,146.9,96.6,0.536
25.48,32004.7,35065.2,0.0225,0.1561,146.9,96.6,0.536
25.5,32004.9,35023.0,0.0238,0.0522,146.9,96.6,0.536
25.52,31882.9,34892.3,-0.5726,-0.2689,146.9,96.6,0.536
25.54,31807.6,34765.7,-0.9405,-0.5803,146.9,96.6,0.536
25.56,31854.2,34744.4,-0.7124,-0.6325,146.9,96.6,0.536
25.58,31799.5,34650.5,-0.9801,-0.8635,146.9,96.6,0.536
25.6,31888.8,34693.1,-0.5437,-0.7588,146.9,96.6,0.536
25.62,31834.8,34581.7,-0.8076,-1.0327,146.9,96.6,0.536
25.64,31889.6,34557.5,-0.5398,-1.0922,146.9,96.6,0.536
25.66,31724.2,34443.7,-1.3479,-1.3719,146.9,96.6,0.536
25.68,31760.8,34453.9,-1.1691,-1.3468,146.9,96.6,0.536
25.7,31826.5,34682.3,-0.848,-0.7852,146.9,96.6,0.536
25.72,32008.2,34996.5,0.0399,-0.0129,146.9,96.6,0.536
25.74,32141.1,35401.4,0.689,0.9826,146.9,96.6,0.536
25.76,32373.8,35682.1,1.8259,1.6725,146.9,96.6,0.536
25.78,32305.3,35726.5,1.4912,1.7818,146.9,96.6,0.536
25.8,32338.3,35718.2,1.6525,1.7614,146.9,96.6,0.536
25.82,32184.8,35389.1,0.9025,0.9523,146.9,96.6,0.536
25.84,32035.4,35312.4,0.1729,0.7636,146.9,96.6,0.536
25.86,32061.3,35144.1,0.2993,0.35,146.9,96.6,0.536
25.88,31988.9,35178.9,-0.0543,0.4356,146.9,96.6,0.536
25.9,31993.3,34982.2,-0.0331,-0.048,146.9,96.6,0.536
25.92,32047.4,34929.2,0.2316,-0.1783,146.9,96.6,0.536
25.94,31952.2,34788.3,-0.2336,-0.5248,146.9,96.6,0.536
25.96,31969.0,34727.8,-0.1518,-0.6734,146.9,96.6,0.536
25.98,31924.3,34714.6,-0.3702,-0.7058,146.9,96.6,0.536
26.0,31871.1,34741.1,-0.6302,-0.6407,146.9,96.6,0.536
26.02,31757.9,34645.3,-1.1833,-0.8762,146.9,96.6,0.536
26.04,31727.7,34609.8,-1.3308,-0.9636,146.9,96.6,0.536
26.06,31693.5,34495.7,-1.4976,-1.2441,146.9,96.6,0.536
26.08,31813.0,34439.6,-0.9141,-1.382,146.9,96.6,0.536
26.1,31760.4,34518.4,-1.1709,-1.1881,146.9,96.6,0.536
26.12,31968.5,34824.8,-0.154,-0.4349,146.9,96.6,0.536
26.14,32145.8,35229.1,0.7122,0.5589,146.9,96.6,0.536
26.16,32320.7,35580.7,1.5665,1.4232,146.9,96.6,0.536
26.18,32376.2,35768.7,1.8379,1.8855,146.9,96.6,0.536
26.2,32367.7,35708.1,1.7962,1.7364,146.9,96.6,0.536
26.22,32260.7,35594.0,1.2734,1.456,146.9,96.6,0.536
26.24,32187.3,35447.0,0.9151,1.0946,146.9,96.6,0.536
26.26,32001.9,35225.5,0.0092,0.5502,146.9,96.6,0.536
26.28,31995.2,35093.3,-0.0237,0.2251,146.9,96.6,0.536
26.3,32053.2,35029.3,0.2597,0.0677,146.9,96.6,0.536
26.32,32016.8,35084.6,0.0819,0.2038,146.9,96.6,0.536
26.34,31974.6,34875.6,-0.1245,-0.3101,146.9,96.6,0.536
26.36,31916.0,34798.8,-0.4105,-0.4989,146.9,96.6,0.536
26.38,31839.3,34651.6,-0.7857,-0.8608,146.9,96.6,0.536
26.4,31881.8,34610.3,-0.5779,-0.9623,146.9,96.6,0.536
26.42,31830.3,34549.5,-0.8295,-1.1118,146.9,96.6,0.536
26.44,31782.4,34645.4,-1.0637,-0.876,146.9,96.6,0.536
26.46,31800.4,34452.9,-0.9756,-1.3491,146.9,96.6,0.536
26.48,31824.0,34302.0,-0.8603,-1.7201,146.9,96.6,0.536
26.5,31696.0,34550.7,-1.4856,-1.1089,146.9,96.6,0.536
26.52,31804.7,34712.0,-0.9543,-0.7123,146.9,96.6,0.536
26.54,32046.5,35165.1,0.227,0.4015,146.9,96.6,0.536
26.56,32251.7,35528.1,1.2298,1.294,146.9,96.6,0.536
26.58,32399.2,35723.4,1.9504,1.774,146.9,96.6,0.536
26.6,32395.0,35826.4,1.9298,2.0274,146.9,96.6,0.536
26.62,32310.2,35648.3,1.5153,1.5894,146.9,96.6,0.536
26.64,32155.6,35344.9,0.7601,0.8437,146.9,96.6,0.536
26.66,32050.6,35306.9,0.2468,0.7501,146.9,96.6,0.536
26.68,32048.4,35088.6,0.2365,0.2135,146.9,96.6,0.536
26.7,32074.3,35095.6,0.3626,0.2308,146.9,96.6,0.536
26.72,32043.0,35059.8,0.2096,0.1427,146.9,96.6,0.536
26.74,31964.6,34976.8,-0.1732,-0.0612,146.9,96.6,0.536
26.76,31938.6,34835.2,-0.3004,-0.4093,146.9,96.6,0.536
26.78,31748.0,34693.4,-1.2315,-0.7581,146.9,96.6,0.536
26.8,31811.1,34662.6,-0.9231,-0.8338,146.9,96.6,0.536
26.82,31886.3,34665.7,-0.5559,-0.8262,146.9,96.6,0.536
26.84,31726.2,34694.7,-1.3382,-0.7548,146.9,96.6,0.536
26.86,31832.5,34557.2,-0.8186,-1.0929,146.9,96.6,0.536
26.88,31738.7,34533.8,-1.2771,-1.1503,146.9,96.6,0.536
26.9,31744.9,34504.3,-1.2466,-1.2228,146.9,96.6,0.536
26.92,31856.2,34620.1,-0.7028,-0.9383,146.9,96.6,0.536
26.94,31933.3,35009.4,-0.3261,0.0188,146.9,96.6,0.536
26.96,32192.4,35250.8,0.9397,0.6122,146.9,96.6,0.536
26.98,32208.0,35665.2,1.0159,1.6311,146.9,96.6,0.536
27.0,32410.0,35748.3,2.003,1.8354,146.9,96.6,0.536
27.02,32364.1,35681.4,1.7788,1.6707,146.9,96.6,0.536
27.04,32205.3,35578.4,1.003,1.4178,146.9,96.6,0.536
27.06,32167.3,35309.2,0.8174,0.7558,146.9,96.6,0.536
27.08,32045.2,35161.7,0.2206,0.3933,146.9,96.6,0.536
27.1,32062.7,35047.9,0.306,0.1134,146.9,96.6,0.536
27.12,32044.6,35037.1,0.2179,0.0869,146.9,96.6,0.536
27.14,31934.5,34917.6,-0.3202,-0.2069,146.9,96.6,0.536
27.16,31934.0,34877.3,-0.3227,-0.306,146.9,96.6,0.536
27.18,31908.4,34640.0,-0.4479,-0.8892,146.9,96.6,0.536
27.2,31929.5,34736.7,-0.3449,-0.6517,146.9,96.6,0.536
27.22,31789.8,34762.8,-1.0271,-0.5873,146.9,96.6,0.536
27.24,31787.2,34597.6,-1.0402,-0.9935,146.9,96.6,0.536
27.26,31912.1,34570.0,-0.4299,-1.0614,146.9,96.6,0.536
27.28,31710.1,34489.8,-1.4165,-1.2585,146.9,96.6,0.536
27.3,31747.0,34516.3,-1.2363,-1.1933,146.9,96.6,0.536
27.32,31755.9,34576.7,-1.193,-1.0448,146.9,96.6,0.536
27.34,31877.6,34753.0,-0.5981,-0.6115,146.9,96.6,0.536
27.36,32148.0,35181.4,0.7227,0.4418,146.9,96.6,0.536
27.38,32295.2,35499.2,1.442,1.223,146.9,96.6,0.536
27.4,32340.4,35744.6,1.6628,1.8262,146.9,96.6,0.536
27.42,32301.8,35724.5,1.4744,1.7769,146.9,96.6,0.536
27.44,32276.0,35650.5,1.3482,1.5949,146.9,96.6,0.536
27.46,32197.9,35377.6,0.9668,0.924,146.9,96.6,0.536
27.48,32076.2,35256.6,0.372,0.6267,146.9,96.6,0.536
27.5,32019.3,35070.1,0.0938,0.1681,146.9,96.6,0.536
27.52,31966.3,35164.6,-0.1648,0.4004,146.9,96.6,0.536
27.54,31947.4,34966.2,-0.2571,-0.0872,146.9,96.6,0.536
27.56,31890.1,34893.7,-0.5375,-0.2656,146.9,96.6,0.536
27.58,31857.4,34781.9,-0.6972,-0.5404,146.9,96.6,0.536
27.6,31922.0,34663.7,-0.3813,-0.8309,146.9,96.6,0.536
27.62,31816.0,34762.6,-0.8993,-0.588,146.9,96.6,0.536
27.64,31798.4,34713.8,-0.9853,-0.7079,146.9,96.6,0.536
27.66,31873.1,34594.8,-0.6204,-1.0003,146.9,96.6,0.536
27.68,31788.2,34576.5,-1.0352,-1.0453,146.9,96.6,0.536
27.7,31727.5,34419.9,-1.3316,-1.4302,146.9,96.6,0.536
27.72,31692.9,34558.0,-1.5006,-1.0909,146.9,96.6,0.536
27.74,31780.8,34622.1,-1.0713,-0.9332,146.9,96.6,0.536
27.76,31894.8,35017.0,-0.5141,0.0375,146.9,96.6,0.536
27.78,32195.0,35467.6,0.9523,1.1454,146.9,96.6,0.536
27.8,32363.4,35665.8,1.7751,1.6325,146.9,96.6,0.536
27.82,32477.3,35782.5,2.3321,1.9195,146.9,96.6,0.536
27.84,32304.5,35644.5,1.4876,1.5802,146.9,96.6,0.536
27.86,32223.5,35443.6,1.0917,1.0863,146.9,96.6,0.536
27.88,32169.0,35319.2,0.8257,0.7804,146.9,96.6,0.536
27.9,32119.9,35206.2,0.5855,0.5026,146.9,96.6,0.536
27.92,32097.8,35053.3,0.4776,0.1267,146.9,96.6,0.536
27.94,32065.0,35040.1,0.3171,0.0944,146.9,96.6,0.536
27.96,31925.5,34999.6,-0.3641,-0.0053,146.9,96.6,0.536
27.98,31969.1,34917.1,-0.1513,-0.208,146.9,96.6,0.536
28.0,31882.0,34658.7,-0.577,-0.8433,146.9,96.6,0.536
28.02,31827.9,34697.3,-0.841,-0.7484,146.9,96.6,0.536
28.04,31779.7,34717.3,-1.0766,-0.6993,146.9,96.6,0.536
28.06,31868.8,34661.9,-0.6412,-0.8355,146.9,96.6,0.536
28.08,31836.9,34576.8,-0.7973,-1.0446,146.9,96.6,0.536
28.1,31756.5,34397.3,-1.1901,-1.4859,146.9,96.6,0.536
28.12,31687.9,34457.0,-1.5253,-1.3391,146.9,96.6,0.536
28.14,31715.6,34484.6,-1.39,-1.2712,146.9,96.6,0.536
28.16,31996.2,34923.6,-0.0187,-0.1921,146.9,96.6,0.536
28.18,32139.2,35130.9,0.6801,0.3176,146.9,96.6,0.536
28.2,32270.3,35609.6,1.3202,1.4944,146.9,96.6,0.536
28.22,32359.2,35748.0,1.7546,1.8347,146.9,96.6,0.536
28.24,32269.0,35717.1,1.3141,1.7586,146.9,96.6,0.536
28.26,32139.4,35544.9,0.6807,1.3353,146.9,96.6,0.536
28.28,32156.8,35335.7,0.7657,0.8211,146.9,96.6,0.536
28.3,32158.4,35161.0,0.7737,0.3915,146.9,96.6,0.536
28.32,32035.0,35129.2,0.1708,0.3133,146.9,96.6,0.536
28.34,32046.1,35086.0,0.2249,0.2072,146.9,96.6,0.536
28.36,32121.4,34968.7,0.5931,-0.0813,146.9,96.6,0.536
28.38,31994.6,34826.7,-0.0267,-0.4303,146.9,96.6,0.536
28.4,31931.0,34797.7,-0.3372,-0.5015,146.9,96.6,0.536
28.42,31966.2,34682.8,-0.1655,-0.7841,146.9,96.6,0.536
28.44,31799.6,34706.4,-0.9795,-0.726,146.9,96.6,0.536
28.46,31788.8,34710.3,-1.0323,-0.7163,146.9,96.6,0.536
28.48,31897.0,34671.5,-0.5035,-0.8117,146.9,96.6,0.536
28.5,31786.5,34551.7,-1.0434,-1.1064,146.9,96.6,0.536
28.52,31733.3,34454.7,-1.3033,-1.3448,146.9,96.6,0.536
28.54,31695.6,34535.2,-1.4874,-1.1469,146.9,96.6,0.536
28.56,31812.6,34725.2,-0.9158,-0.6797,146.9,96.6,0.536
28.58,32083.7,35108.6,0.4085,0.2628,146.9,96.6,0.536
28.6,32158.6,35397.7,0.7745,0.9735,146.9,96.6,0.536
28.62,32338.9,35706.8,1.6557,1.7333,146.9,96.6,0.536
28.64,32415.6,35806.6,2.0302,1.9787,146.9,96.6,0.536
28.66,32246.3,35639.8,1.2033,1.5687,146.9,96.6,0.536
28.68,32245.5,35521.7,1.199,1.2783,146.9,96.6,0.536
28.7,32124.2,35276.1,0.6064,0.6746,146.9,96.6,0.536
28.72,32051.1,35161.6,0.2493,0.3929,146.9,96.6,0.536
28.74,32002.4,35149.8,0.0114,0.364,146.9,96.6,0.536
28.76,32035.2,35039.9,0.1715,0.0939,146.9,96.6,0.536
28.78,31929.0,34948.7,-0.3471,-0.1304,146.9,96.6,0.536
28.8,31873.3,34772.7,-0.6193,-0.563,146.9,96.6,0.536
28.82,31907.1,34704.7,-0.4542,-0.7302,146.9,96.6,0.536
28.84,31797.5,34661.3,-0.9896,-0.8369,146.9,96.6,0.536
28.86,31808.0,34656.8,-0.9385,-0.8479,146.9,96.6,0.536
28.88,31784.7,34584.1,-1.052,-1.0266,146.9,96.6,0.536
28.9,31831.5,34587.9,-0.8234,-1.0173,146.9,96.6,0.536
28.92,31782.7,34580.8,-1.0622,-1.0348,146.9,96.6,0.536
28.94,31679.9,34509.8,-1.5642,-1.2092,146.9,96.6,0.536
28.96,31828.4,34627.5,-0.8388,-0.9199,146.9,96.6,0.536
28.98,31890.4,34856.1,-0.5357,-0.3581,146.9,96.6,0.536
29.0,32094.7,35308.4,0.4625,0.7539,146.9,96.6,0.536
29.02,32328.6,35559.9,1.6051,1.3721,146.9,96.6,0.536
29.04,32325.4,35762.8,1.5899,1.871,146.9,96.6,0.536
29.06,32288.4,35737.0,1.4088,1.8074,146.9,96.6,0.536
29.08,32259.7,35526.2,1.2686,1.2893,146.9,96.6,0.536
29.1,32156.2,35251.4,0.7628,0.6138,146.9,96.6,0.536
29.12,32096.0,35127.4,0.469,0.3089,146.9,96.6,0.536
29.14,32068.1,35164.5,0.3327,0.4001,146.9,96.6,0.536
29.16,32054.2,35005.9,0.2644,0.0103,146.9,96.6,0.536
29.18,31993.4,35024.8,-0.0325,0.0568,146.9,96.6,0.536
29.2,31927.1,34883.2,-0.3566,-0.2913,146.9,96.6,0.536
29.22,31850.5,34840.7,-0.7307,-0.3958,146.9,96.6,0.536
29.24,31849.1,34630.2,-0.7375,-0.9134,146.9,96.6,0.536
29.26,31820.2,34689.7,-0.879,-0.7671,146.9,96.6,0.536
29.28,31832.5,34678.7,-0.8188,-0.7941,146.9,96.6,0.536
29.3,31850.2,34671.2,-0.7323,-0.8124,146.9,96.6,0.536
29.32,31698.4,34534.9,-1.4741,-1.1476,146.9,96.6,0.536
29.34,31791.0,34416.8,-1.0216,-1.438,146.9,96.6,0.536
29.36,31808.3,34592.1,-0.9367,-1.0071,146.9,96.6,0.536
29.38,31944.4,34635.3,-0.2721,-0.9009,146.9,96.6,0.536
29.4,32069.4,35138.2,0.3389,0.3355,146.9,96.6,0.536
29.42,32223.8,35518.3,1.0931,1.27,146.9,96.6,0.536
29.44,32286.4,35739.7,1.3993,1.8142,146.9,96.6,0.536
29.46,32417.8,35729.7,2.0413,1.7896,146.9,96.6,0.536
29.48,32257.3,35663.3,1.2571,1.6263,146.9,96.6,0.536
29.5,32222.6,35387.9,1.0875,0.9493,146.9,96.6,0.536
29.52,32065.4,35203.0,0.3194,0.4947,146.9,96.6,0.536
29.54,32034.1,35071.8,0.1663,0.1722,146.9,96.6,0.536
29.56,31964.5,35056.8,-0.1739,0.1353,146.9,96.6,0.536
29.58,32033.7,35025.7,0.1642,0.059,146.9,96.6,0.536
29.6,31930.3,34886.7,-0.3407,-0.2828,146.9,96.6,0.536
29.62,31977.0,34759.7,-0.1128,-0.5949,146.9,96.6,0.536
29.64,31838.3,34699.9,-0.7901,-0.742,146.9,96.6,0.536
29.66,31827.7,34712.4,-0.8422,-0.7113,146.9,96.6,0.536
29.68,31978.1,34648.4,-0.1074,-0.8687,146.9,96.6,0.536
29.7,31845.7,34615.3,-0.7542,-0.9499,146.9,96.6,0.536
29.72,31819.5,34673.5,-0.8823,-0.807,146.9,96.6,0.536
29.74,31745.6,34514.9,-1.2435,-1.1968,146.9,96.6,0.536
29.76,31776.4,34481.6,-1.0926,-1.2786,146.9,96.6,0.536
29.78,31904.6,34599.8,-0.4664,-0.9881,146.9,96.6,0.536
29.8,31962.2,34936.7,-0.1848,-0.1599,146.9,96.6,0.536
29.82,32184.3,35370.6,0.9004,0.9067,146.9,96.6,0.536
29.84,32377.2,35745.8,1.8426,1.8292,146.9,96.6,0.536
29.86,32377.0,35658.7,1.842,1.615,146.9,96.6,0.536
29.88,32389.6,35700.4,1.9035,1.7174,146.9,96.6,0.536
29.9,32269.9,35555.9,1.3182,1.3623,146.9,96.6,0.536
29.92,32142.6,35276.7,0.6966,0.676,146.9,96.6,0.536
29.94,31943.0,35083.3,-0.2788,0.2004,146.9,96.6,0.536
29.96,32045.6,35101.0,0.2228,0.2441,146.9,96.6,0.536
29.98,32069.3,35087.8,0.3384,0.2116,146.9,96.6,0.536
30.0,32027.8,34981.1,0.1353,-0.0506,146.9,96.6,0.536
30.02,31907.1,34872.2,-0.4544,-0.3184,146.9,96.6,0.536
30.04,31820.1,34734.3,-0.879,-0.6574,146.9,96.6,0.536
30.06,31794.6,34639.6,-1.0039,-0.8902,146.9,96.6,0.536
30.08,31859.8,34719.1,-0.6854,-0.6948,146.9,96.6,0.536
30.1,31785.6,34677.3,-1.0479,-0.7976,146.9,96.6,0.536
30.12,31789.4,34515.3,-1.0294,-1.1957,146.9,96.6,0.536
30.14,31716.5,34506.4,-1.3855,-1.2176,146.9,96.6,0.536
30.16,31743.7,34431.1,-1.2524,-1.4028,146.9,96.6,0.536
30.18,31846.7,34610.8,-0.7493,-0.961,146.9,96.6,0.536
30.2,31846.7,34814.9,-0.7491,-0.4592,146.9,96.6,0.536
30.22,32052.0,35144.1,0.2538,0.3499,146.9,96.6,0.536
30.24,32351.8,35535.2,1.7186,1.3113,146.9,96.6,0.536
30.26,32447.4,35698.3,2.1858,1.7125,146.9,96.6,0.536
30.28,32420.1,35849.4,2.0524,2.0838,146.9,96.6,0.536
30.3,32285.9,35554.1,1.3964,1.3579,146.9,96.6,0.536
30.32,32229.4,35314.2,1.1207,0.7681,146.9,96.6,0.536
30.34,32126.1,35209.1,0.6161,0.5097,146.9,96.6,0.536
30.36,32026.6,35090.9,0.1296,0.2192,146.9,96.6,0.536
30.38,32108.4,35044.4,0.5295,0.105,146.9,96.6,0.536
30.4,31981.8,35080.9,-0.0891,0.1947,146.9,96.6,0.536
30.42,31926.6,34905.9,-0.3588,-0.2355,146.9,96.6,0.536
30.44,31917.5,34716.8,-0.4035,-0.7004,146.9,96.6,0.536
30.46,31916.5,34673.6,-0.4081,-0.8067,146.9,96.6,0.536
30.48,31763.8,34616.7,-1.1542,-0.9466,146.9,96.6,0.536
30.5,31869.9,34606.1,-0.6359,-0.9725,146.9,96.6,0.536
30.52,31800.3,34647.2,-0.9762,-0.8715,146.9,96.6,0.536
30.54,31802.4,34560.3,-0.9658,-1.0851,146.9,96.6,0.536
30.56,31726.7,34450.9,-1.3355,-1.3541,146.9,96.6,0.536
30.58,31635.1,34495.7,-1.7833,-1.2441,146.9,96.6,0.536
30.6,31894.0,34710.9,-0.518,-0.715,146.9,96.6,0.536
30.62,32069.1,35013.6,0.3374,0.0291,146.9,96.6,0.536
30.64,32139.2,35400.0,0.6799,0.9791,146.9,96.6,0.536
30.66,32333.7,35708.5,1.63,1.7375,146.9,96.6,0.536
30.68,32442.4,35750.1,2.1612,1.8396,146.9,96.6,0.536
30.7,32376.0,35654.6,1.8369,1.6049,146.9,96.6,0.536
30.72,32200.2,35468.3,0.9777,1.147,146.9,96.6,0.536
30.74,32157.2,35267.5,0.7676,0.6533,146.9,96.6,0.536
30.76,32068.9,35093.4,0.3362,0.2253,146.9,96.6,0.536
30.78,32057.8,35044.6,0.2821,0.1054,146.9,96.6,0.536
30.8,32084.1,35036.2,0.4106,0.0848,146.9,96.6,0.536
30.82,31957.1,34925.2,-0.21,-0.1882,146.9,96.6,0.536
30.84,31843.4,34873.1,-0.7656,-0.3162,146.9,96.6,0.536
30.86,31851.6,34743.1,-0.7253,-0.6357,146.9,96.6,0.536
30.88,31853.1,34638.3,-0.7181,-0.8935,146.9,96.6,0.536
30.9,31822.0,34716.6,-0.8698,-0.701,146.9,96.6,0.536
30.92,31876.4,34660.9,-0.6042,-0.8378,146.9,96.6,0.536
30.94,31773.5,34559.1,-1.1068,-1.0882,146.9,96.6,0.536
30.96,31730.5,34463.4,-1.3171,-1.3234,146.9,96.6,0.536
30.98,31785.6,34480.8,-1.048,-1.2806,146.9,96.6,0.536
31.0,31818.5,34589.8,-0.8869,-1.0127,146.9,96.6,0.536
31.02,31925.7,34877.1,-0.3631,-0.3064,146.9,96.6,0.536
31.04,32135.0,35284.0,0.6596,0.6939,146.9,96.6,0.536
31.06,32270.0,35590.2,1.3189,1.4467,146.9,96.6,0.536
31.08,32454.3,35789.6,2.2195,1.9367,146.9,96.6,0.536
31.1,32398.4,35756.1,1.9465,1.8545,146.9,96.6,0.536
31.12,32263.8,35558.3,1.2887,1.3683,146.9,96.6,0.536
31.14,32125.3,35365.6,0.6122,0.8946,146.9,96.6,0.536
31.16,32082.1,35195.3,0.4007,0.4758,146.9,96.6,0.536
31.18,32063.7,35045.1,0.3108,0.1066,146.9,96.6,0.536
31.2,32009.4,35104.2,0.0459,0.252,146.9,96.6,0.536
31.22,31961.5,34968.4,-0.1884,-0.0819,146.9,96.6,0.536
31.24,31944.3,34886.1,-0.2722,-0.2843,146.9,96.6,0.536
31.26,31863.8,34792.1,-0.6657,-0.5154,146.9,96.6,0.536
31.28,31891.5,34706.2,-0.5302,-0.7265,146.9,96.6,0.536
31.3,31856.7,34550.1,-0.7006,-1.1102,146.9,96.6,0.536
31.32,31794.8,34670.8,-1.0028,-0.8134,146.9,96.6,0.536
31.34,31750.1,34622.7,-1.2211,-0.9317,146.9,96.6,0.536
31.36,31805.9,34600.7,-0.9488,-0.986,146.9,96.6,0.536
31.38,31749.9,34433.2,-1.2221,-1.3977,146.9,96.6,0.536
31.4,31759.8,34480.6,-1.1738,-1.2811,146.9,96.6,0.536
31.42,31817.3,34830.6,-0.8932,-0.4208,146.9,96.6,0.536
31.44,32043.8,35057.9,0.2137,0.1382,146.9,96.6,0.536
31.46,32234.4,35512.2,1.1449,1.2549,146.9,96.6,0.536
31.48,32264.8,35729.0,1.2938,1.7878,146.9,96.6,0.536
31.5,32410.9,35799.6,2.0075,1.9615,146.9,96.6,0.536
31.52,32280.0,35687.8,1.3678,1.6867,146.9,96.6,0.536
31.54,32188.9,35411.9,0.9225,1.0084,146.9,96.6,0.536
31.56,32095.5,35244.6,0.4663,0.5972,146.9,96.6,0.536
31.58,32058.2,35110.3,0.284,0.267,146.9,96.6,0.536
31.6,32071.5,35046.2,0.349,0.1092,146.9,96.6,0.536
31.62,31993.1,35053.4,-0.0341,0.127,146.9,96.6,0.536
31.64,32057.7,34959.1,0.2815,-0.1048,146.9,96.6,0.536
31.66,31892.2,34941.8,-0.527,-0.1474,146.9,96.6,0.536
31.68,31857.1,34640.6,-0.6986,-0.8878,146.9,96.6,0.536
31.7,31872.4,34657.4,-0.6237,-0.8465,146.9,96.6,0.536
31.72,31935.6,34643.5,-0.3148,-0.8807,146.9,96.6,0.536
31.74,31902.2,34601.1,-0.478,-0.9849,146.9,96.6,0.536
31.76,31780.1,34609.4,-1.0745,-0.9645,146.9,96.6,0.536
31.78,31792.4,34478.7,-1.0147,-1.2858,146.9,96.6,0.536
31.8,31820.4,34504.2,-0.8777,-1.2231,146.9,96.6,0.536
31.82,31772.4,34574.3,-1.1122,-1.0508,146.9,96.6,0.536
31.84,31954.4,35002.9,-0.2228,0.0028,146.9,96.6,0.536
31.86,32118.6,35281.5,0.5794,0.6878,146.9,96.6,0.536
31.88,32241.4,35646.8,1.1792,1.5857,146.9,96.6,0.536
31.9,32440.1,35778.1,2.1502,1.9086,146.9,96.6,0.536
31.92,32419.8,35683.3,2.051,1.6756,146.9,96.6,0.536
31.94,32123.7,35525.4,0.604,1.2873,146.9,96.6,0.536
31.96,32134.2,35376.4,0.6556,0.9211,146.9,96.6,0.536
31.98,31991.3,35079.4,-0.0426,0.191,146.9,96.6,0.536
32.0,32100.2,35167.7,0.4893,0.408,146.9,96.6,0.536
32.02,32036.0,35173.5,0.1756,0.4223,146.9,96.6,0.536
32.04,31990.3,34971.7,-0.0477,-0.0739,146.9,96.6,0.536
32.06,31930.7,34875.0,-0.3391,-0.3115,146.9,96.6,0.536
32.08,31985.4,34714.7,-0.0718,-0.7056,146.9,96.6,0.536
32.1,31873.1,34677.2,-0.6201,-0.7979,146.9,96.6,0.536
32.12,31799.0,34667.9,-0.9825,-0.8208,146.9,96.6,0.536
32.14,31942.5,34637.6,-0.2812,-0.895,146.9,96.6,0.536
32.16,31755.9,34643.8,-1.1932,-0.88,146.9,96.6,0.536
32.18,31740.7,34608.3,-1.267,-0.9672,146.9,96.6,0.536
32.2,31832.7,34519.7,-0.8176,-1.1849,146.9,96.6,0.536
32.22,31760.4,34472.3,-1.1707,-1.3016,146.9,96.6,0.536
32.24,31912.9,34848.6,-0.4259,-0.3764,146.9,96.6,0.536
32.26,32047.1,35069.6,0.2301,0.1668,146.9,96.6,0.536
32.28,32306.9,35478.5,1.499,1.172,146.9,96.6,0.536
32.3,32340.7,35602.5,1.6642,1.4769,146.9,96.6,0.536
32.32,32302.2,35782.0,1.4762,1.9181,146.9,96.6,0.536
32.34,32311.6,35593.3,1.5224,1.4542,146.9,96.6,0.536
32.36,32229.9,35389.9,1.123,0.9543,146.9,96.6,0.536
32.38,32073.4,35163.9,0.3582,0.3988,146.9,96.6,0.536
32.4,32025.2,35061.6,0.1228,0.1471,146.9,96.6,0.536
32.42,32047.5,35077.2,0.232,0.1855,146.9,96.6,0.536
32.44,32016.5,34984.4,0.0803,-0.0426,146.9,96.6,0.536
32.46,32009.0,34966.8,0.0438,-0.0859,146.9,96.6,0.536
32.48,31838.9,34848.3,-0.7876,-0.3773,146.9,96.6,0.536
32.5,31856.8,34773.2,-0.6998,-0.5619,146.9,96.6,0.536
32.52,31803.6,34759.7,-0.9601,-0.595,146.9,96.6,0.536
32.54,31828.5,34614.7,-0.838,-0.9515,146.9,96.6,0.536
32.56,31855.9,34599.2,-0.7041,-0.9896,146.9,96.6,0.536
32.58,31812.3,34567.7,-0.9173,-1.067,146.9,96.6,0.536
32.6,31688.0,34474.1,-1.5246,-1.2972,146.9,96.6,0.536
32.62,31696.4,34538.2,-1.4835,-1.1395,146.9,96.6,0.536
32.64,31831.7,34679.2,-0.8224,-0.7929,146.9,96.6,0.536
32.66,32040.2,35025.0,0.196,0.0571,146.9,96.6,0.536
32.68,32128.6,35423.7,0.6283,1.0374,146.9,96.6,0.536
32.7,32257.1,35679.7,1.2558,1.6666,146.9,96.6,0.536
32.72,32412.4,35747.3,2.0147,1.8327,146.9,96.6,0.536
32.74,32256.0,35689.6,1.2505,1.6909,146.9,96.6,0.536
32.76,32140.0,35462.8,0.6838,1.1335,146.9,96.6,0.536
32.78,32203.6,35242.8,0.9945,0.5927,146.9,96.6,0.536
32.8,32077.0,35266.7,0.3759,0.6514,146.9,96.6,0.536
32.82,32015.4,35071.3,0.075,0.171,146.9,96.6,0.536
32.84,32017.1,34982.4,0.0831,-0.0476,146.9,96.6,0.536
32.86,31972.5,35096.2,-0.1348,0.2321,146.9,96.6,0.536
32.88,31987.9,34816.4,-0.0593,-0.4557,146.9,96.6,0.536
32.9,31855.7,34687.4,-0.7053,-0.7727,146.9,96.6,0.536
32.92,31792.4,34659.8,-1.0146,-0.8406,146.9,96.6,0.536
32.94,31801.9,34664.8,-0.968,-0.8283,146.9,96.6,0.536
32.96,31859.5,34601.3,-0.6867,-0.9844,146.9,96.6,0.536
32.98,31739.5,34536.8,-1.2729,-1.1429,146.9,96.6,0.536
33.0,31719.8,34466.3,-1.3696,-1.3162,146.9,96.6,0.536
33.02,31673.2,34474.9,-1.597,-1.295,146.9,96.6,0.536
33.04,31777.5,34478.7,-1.0875,-1.2857,146.9,96.6,0.536
33.06,31900.5,34843.3,-0.4867,-0.3895,146.9,96.6,0.536
33.08,32135.5,35201.6,0.6618,0.4913,146.9,96.6,0.536
33.1,32191.6,35520.4,0.9361,1.275,146.9,96.6,0.536
33.12,32406.4,35740.0,1.9852,1.8148,146.9,96.6,0.536
33.14,32477.9,35674.1,2.3349,1.6529,146.9,96.6,0.536
33.16,32319.0,35552.3,1.5584,1.3534,146.9,96.6,0.536
33.18,32044.6,35362.1,0.2174,0.8858,146.9,96.6,0.536
33.2,32031.9,35229.1,0.1556,0.5589,146.9,96.6,0.536
33.22,32041.5,35204.5,0.2024,0.4985,146.9,96.6,0.536
33.24,32003.8,34939.9,0.0182,-0.152,146.9,96.6,0.536
33.26,31946.2,35006.8,-0.2631,0.0126,146.9,96.6,0.536
33.28,31966.5,34868.3,-0.1639,-0.3279,146.9,96.6,0.536
33.3,31811.8,34717.5,-0.9198,-0.6986,146.9,96.6,0.536
33.32,31828.3,34648.5,-0.8391,-0.8683,146.9,96.6,0.536
33.34,31844.9,34670.4,-0.7582,-0.8144,146.9,96.6,0.536
33.36,31712.4,34653.1,-1.4056,-0.857,146.9,96.6,0.536
33.38,31744.3,34673.9,-1.2495,-0.806,146.9,96.6,0.536
33.4,31782.3,34583.7,-1.0639,-1.0278,146.9,96.6,0.536
33.42,31774.4,34496.1,-1.1023,-1.2431,146.9,96.6,0.536
33.44,31710.8,34526.7,-1.4132,-1.1677,146.9,96.6,0.536
33.46,31914.6,34710.8,-0.4174,-0.7153,146.9,96.6,0.536
33.48,31897.8,34966.6,-0.4995,-0.0863,146.9,96.6,0.536
33.5,32182.3,35461.2,0.8906,1.1295,146.9,96.6,0.536
33.52,32330.5,35673.5,1.6147,1.6515,146.9,96.6,0.536
33.54,32447.7,35821.6,2.1872,2.0156,146.9,96.6,0.536
33.56,32214.4,35616.6,1.0472,1.5116,146.9,96.6,0.536
33.58,32259.4,35357.0,1.2671,0.8732,146.9,96.6,0.536
33.6,32169.3,35243.2,0.8271,0.5937,146.9,96.6,0.536
33.62,32020.7,35199.8,0.1008,0.4868,146.9,96.6,0.536
33.64,32043.5,35142.0,0.2122,0.3449,146.9,96.6,0.536
33.66,32104.8,35001.8,0.5119,0.0002,146.9,96.6,0.536
33.68,31859.6,34977.3,-0.6864,-0.0601,146.9,96.6,0.536
33.7,31863.6,34884.7,-0.6665,-0.2876,146.9,96.6,0.536
33.72,31937.8,34683.1,-0.3043,-0.7834,146.9,96.6,0.536
33.74,31843.2,34706.5,-0.7666,-0.7257,146.9,96.6,0.536
33.76,31793.1,34654.4,-1.0113,-0.8539,146.9,96.6,0.536
33.78,31813.5,34609.4,-0.9113,-0.9645,146.9,96.6,0.536
33.8,31801.3,34623.8,-0.9713,-0.9291,146.9,96.6,0.536
33.82,31613.5,34435.4,-1.8889,-1.3922,146.9,96.6,0.536
33.84,31751.8,34414.2,-1.2129,-1.4444,146.9,96.6,0.536
33.86,31811.3,34590.8,-0.9224,-1.0102,146.9,96.6,0.536
33.88,31985.2,34885.3,-0.0728,-0.2863,146.9,96.6,0.536
33.9,32103.6,35372.2,0.5059,0.9106,146.9,96.6,0.536
33.92,32314.9,35496.2,1.5383,1.2154,146.9,96.6,0.536
33.94,32394.2,35762.4,1.9258,1.87,146.9,96.6,0.536
33.96,32371.5,35650.1,1.8148,1.5939,146.9,96.6,0.536
33.98,32234.0,35575.8,1.1429,1.4111,146.9,96.6,0.536
34.0,32156.0,35264.0,0.7618,0.6447,146.9,96.6,0.536
34.02,32095.8,35254.6,0.4677,0.6217,146.9,96.6,0.536
34.04,31992.4,35085.0,-0.0375,0.2048,146.9,96.6,0.536
34.06,31924.7,35019.6,-0.368,0.0439,146.9,96.6,0.536
34.08,32038.1,34919.5,0.186,-0.2022,146.9,96.6,0.536
34.1,31940.8,34837.0,-0.2895,-0.4049,146.9,96.6,0.536
34.12,31838.7,34710.4,-0.7882,-0.7161,146.9,96.6,0.536
34.14,31857.4,34746.6,-0.6968,-0.6271,146.9,96.6,0.536
34.16,31853.8,34688.8,-0.7147,-0.7693,146.9,96.6,0.536
34.18,31719.4,34501.3,-1.3714,-1.2301,146.9,96.6,0.536
34.2,31804.6,34545.0,-0.9552,-1.1228,146.9,96.6,0.536
34.22,31858.5,34496.2,-0.6918,-1.2428,146.9,96.6,0.536
34.24,31741.8,34458.5,-1.2618,-1.3355,146.9,96.6,0.536
34.26,31713.7,34451.2,-1.399,-1.3534,146.9,96.6,0.536
34.28,31880.8,34708.0,-0.5829,-0.7221,146.9,96.6,0.536
34.3,32062.0,35123.1,0.3025,0.2984,146.9,96.6,0.536
34.32,32254.8,35515.7,1.2448,1.2635,146.9,96.6,0.536
34.34,32438.7,35688.6,2.1433,1.6886,146.9,96.6,0.536
34.36,32454.8,35789.7,2.2219,1.937,146.9,96.6,0.536
34.38,32300.9,35617.8,1.4701,1.5144,146.9,96.6,0.536
34.4,32118.3,35283.7,0.5776,0.6932,146.9,96.6,0.536
34.42,32088.3,35211.2,0.4313,0.5149,146.9,96.6,0.536
34.44,32005.4,35111.4,0.026,0.2697,146.9,96.6,0.536
34.46,32101.3,35133.0,0.4947,0.3226,146.9,96.6,0.536
34.48,32036.9,35010.4,0.1801,0.0214,146.9,96.6,0.536
34.5,31894.9,34821.5,-0.5138,-0.4431,146.9,96.6,0.536
34.52,31931.0,34718.5,-0.3375,-0.6963,146.9,96.6,0.536
34.54,31875.2,34742.4,-0.6101,-0.6374,146.9,96.6,0.536
34.56,31786.8,34729.2,-1.0419,-0.67,146.9,96.6,0.536
34.58,31926.0,34641.2,-0.3617,-0.8862,146.9,96.6,0.536
34.6,31780.8,34555.7,-1.0714,-1.0966,146.9,96.6,0.536
34.62,31680.0,34464.3,-1.5635,-1.3213,146.9,96.6,0.536
34.64,31716.4,34468.0,-1.3862,-1.3121,146.9,96.6,0.536
34.66,31751.4,34499.6,-1.2147,-1.2343,146.9,96.6,0.536
34.68,31841.3,34703.8,-0.7756,-0.7324,146.9,96.6,0.536
34.7,31983.2,34941.0,-0.0821,-0.1492,146.9,96.6,0.536
34.72,32264.7,35271.8,1.293,0.6639,146.9,96.6,0.536
34.74,32361.0,35601.0,1.7638,1.4733,146.9,96.6,0.536
34.76,32378.3,35770.6,1.8481,1.8902,146.9,96.6,0.536
34.78,32249.4,35684.4,1.2184,1.6782,146.9,96.6,0.536
34.8,32187.3,35478.0,0.9148,1.1708,146.9,96.6,0.536
34.82,32152.1,35326.4,0.7427,0.7982,146.9,96.6,0.536
34.84,32147.0,35091.0,0.7178,0.2194,146.9,96.6,0.536
34.86,32048.1,35092.9,0.235,0.2241,146.9,96.6,0.536
34.88,32043.1,35040.4,0.2101,0.0952,146.9,96.6,0.536
34.9,31958.5,34942.0,-0.2033,-0.147,146.9,96.6,0.536
34.92,31973.8,34931.0,-0.128,-0.174,146.9,96.6,0.536
34.94,31811.9,34797.1,-0.9194,-0.5029,146.9,96.6,0.536
34.96,31814.0,34693.2,-0.9091,-0.7584,146.9,96.6,0.536
34.98,31942.9,34717.5,-0.2795,-0.6987,146.9,96.6,0.536
35.0,31843.9,34599.3,-0.7632,-0.9894,146.9,96.6,0.536
35.02,31808.5,34578.7,-0.9359,-1.04,146.9,96.6,0.536
35.04,31689.3,34445.1,-1.5182,-1.3683,146.9,96.6,0.536
35.06,31743.7,34486.2,-1.2525,-1.2672,146.9,96.6,0.536
35.08,31755.6,34466.7,-1.1942,-1.3152,146.9,96.6,0.536
35.1,31949.8,34782.5,-0.2455,-0.5389,146.9,96.6,0.536
35.12,32039.8,35123.8,0.1944,0.3,146.9,96.6,0.536
35.14,32303.9,35518.3,1.4846,1.27,146.9,96.6,0.536
35.16,32384.0,35691.7,1.8761,1.6962,146.9,96.6,0.536
35.18,32462.2,35743.1,2.2582,1.8224,146.9,96.6,0.536
35.2,32295.6,35605.1,1.4441,1.4832,146.9,96.6,0.536
35.22,32225.4,35412.2,1.101,1.0091,146.9,96.6,0.536
35.24,31979.1,35274.4,-0.1025,0.6703,146.9,96.6,0.536
35.26,32019.2,35127.7,0.0934,0.3096,146.9,96.6,0.536
35.28,32031.5,35134.6,0.1539,0.3267,146.9,96.6,0.536
35.3,32020.8,34979.6,0.1016,-0.0545,146.9,96.6,0.536
35.32,31998.0,34919.5,-0.0098,-0.2022,146.9,96.6,0.536
35.34,31840.3,34756.2,-0.7805,-0.6035,146.9,96.6,0.536
35.36,31765.5,34689.1,-1.1458,-0.7685,146.9,96.6,0.536
35.38,31933.9,34733.3,-0.3234,-0.66,146.9,96.6,0.536
35.4,31748.0,34781.3,-1.2317,-0.542,146.9,96.6,0.536
35.42,31753.8,34568.4,-1.203,-1.0653,146.9,96.6,0.536
35.44,31841.5,34530.7,-0.7748,-1.1581,146.9,96.6,0.536
35.46,31816.9,34472.7,-0.8949,-1.3005,146.9,96.6,0.536
35.48,31658.1,34362.8,-1.671,-1.5707,146.9,96.6,0.536
35.5,31784.0,34746.6,-1.0557,-0.6272,146.9,96.6,0.536
35.52,31945.4,34971.0,-0.2668,-0.0756,146.9,96.6,0.536
35.54,32219.9,35413.9,1.0744,1.0132,146.9,96.6,0.536
35.56,32431.5,35659.0,2.1083,1.6158,146.9,96.6,0.536
35.58,32394.6,35645.9,1.9278,1.5836,146.9,96.6,0.536
35.6,32272.3,35661.6,1.3304,1.6221,146.9,96.6,0.536
35.62,32291.9,35377.8,1.4257,0.9244,146.9,96.6,0.536
35.64,32173.8,35348.1,0.8491,0.8515,146.9,96.6,0.536
35.66,32059.7,35166.6,0.2915,0.4052,146.9,96.6,0.536
35.68,32090.6,34983.8,0.4426,-0.0442,146.9,96.6,0.536
35.7,31921.5,35098.4,-0.3837,0.2376,146.9,96.6,0.536
35.72,31931.6,34896.8,-0.3346,-0.2578,146.9,96.6,0.536
35.74,31895.1,34908.1,-0.5128,-0.2301,146.9,96.6,0.536
35.76,31820.2,34690.3,-0.8789,-0.7656,146.9,96.6,0.536
35.78,31876.0,34654.9,-0.6064,-0.8526,146.9,96.6,0.536
35.8,31734.6,34671.5,-1.297,-0.8118,146.9,96.6,0.536
35.82,31843.8,34659.6,-0.7633,-0.841,146.9,96.6,0.536
35.84,31833.2,34542.0,-0.8153,-1.1301,146.9,96.6,0.536
35.86,31714.2,34488.2,-1.3967,-1.2625,146.9,96.6,0.536
35.88,31765.2,34471.1,-1.1473,-1.3044,146.9,96.6,0.536
35.9,31799.3,34539.8,-0.981,-1.1355,146.9,96.6,0.536
35.92,31994.5,34875.3,-0.0273,-0.3109,146.9,96.6,0.536
35.94,32171.1,35200.8,0.8358,0.4894,146.9,96.6,0.536
35.96,32295.2,35517.4,1.442,1.2677,146.9,96.6,0.536
35.98,32440.2,35697.9,2.1506,1.7115,146.9,96.6,0.536
36.0,32349.3,35731.9,1.7062,1.7949,146.9,96.6,0.536
36.02,32271.4,35503.7,1.3258,1.2341,146.9,96.6,0.536
36.04,32181.2,35458.8,0.8853,1.1236,146.9,96.6,0.536
36.06,32022.7,35225.2,0.1107,0.5493,146.9,96.6,0.536
36.08,32088.5,35144.5,0.4322,0.351,146.9,96.6,0.536
36.1,32037.3,35128.6,0.1819,0.3118,146.9,96.6,0.536
36.12,31980.7,34888.4,-0.0946,-0.2787,146.9,96.6,0.536
36.14,31915.1,34915.8,-0.4152,-0.2113,146.9,96.6,0.536
36.16,31863.9,34834.1,-0.6654,-0.412,146.9,96.6,0.536
36.18,31888.0,34730.3,-0.5473,-0.6673,146.9,96.6,0.536
36.2,31887.6,34724.7,-0.5495,-0.6811,146.9,96.6,0.536
36.22,31815.1,34633.3,-0.9038,-0.9057,146.9,96.6,0.536
36.24,31869.3,34677.3,-0.6388,-0.7976,146.9,96.6,0.536
36.26,31778.1,34559.1,-1.0843,-1.0881,146.9,96.6,0.536
36.28,31709.8,34548.5,-1.418,-1.1141,146.9,96.6,0.536
36.3,31780.9,34537.9,-1.0707,-1.1403,146.9,96.6,0.536
36.32,31938.6,34743.0,-0.3002,-0.636,146.9,96.6,0.536
36.34,32020.2,35166.9,0.0985,0.406,146.9,96.6,0.536
36.36,32261.1,35464.6,1.2754,1.1379,146.9,96.6,0.536
36.38,32353.0,35708.0,1.7245,1.7363,146.9,96.6,0.536
36.4,32364.5,35813.2,1.7806,1.9949,146.9,96.6,0.536
36.42,32300.3,35684.8,1.467,1.6793,146.9,96.6,0.536
36.44,32046.9,35343.2,0.2287,0.8395,146.9,96.6,0.536
36.46,32021.8,35256.1,0.1062,0.6252,146.9,96.6,0.536
36.48,32095.7,35135.4,0.4675,0.3286,146.9,96.6,0.536
36.5,32021.8,35192.6,0.106,0.4693,146.9,96.6,0.536
36.52,31993.6,35058.8,-0.0314,0.1404,146.9,96.6,0.536
36.54,31902.6,34931.0,-0.476,-0.1738,146.9,96.6,0.536
36.56,31945.6,34768.1,-0.2662,-0.5744,146.9,96.6,0.536
36.58,31857.3,34734.9,-0.6977,-0.6561,146.9,96.6,0.536
36.6,31842.7,34662.8,-0.7687,-0.8332,146.9,96.6,0.536
36.62,31858.2,34666.0,-0.6931,-0.8254,146.9,96.6,0.536
36.64,31781.3,34660.7,-1.069,-0.8383,146.9,96.6,0.536
36.66,31701.1,34595.5,-1.4608,-0.9986,146.9,96.6,0.536
36.68,31668.0,34476.8,-1.6224,-1.2904,146.9,96.6,0.536
36.7,31763.5,34529.6,-1.1558,-1.1606,146.9,96.6,0.536
36.72,31724.9,34613.8,-1.3446,-0.9537,146.9,96.6,0.536
36.74,31978.8,34903.2,-0.1037,-0.2422,146.9,96.6,0.536
36.76,32148.8,35285.1,0.7268,0.6965,146.9,96.6,0.536
36.78,32404.3,35547.0,1.9752,1.3404,146.9,96.6,0.536
36.8,32340.7,35790.3,1.6644,1.9386,146.9,96.6,0.536
36.82,32341.2,35730.0,1.6669,1.7903,146.9,96.6,0.536
36.84,32225.2,35457.3,1.1003,1.1199,146.9,96.6,0.536
36.86,32184.0,35244.6,0.8986,0.5971,146.9,96.6,0.536
36.88,32038.3,35074.1,0.1868,0.1779,146.9,96.6,0.536
36.9,32069.1,35039.8,0.3376,0.0936,146.9,96.6,0.536
36.92,32043.9,35111.3,0.2143,0.2692,146.9,96.6,0.536
36.94,32006.3,35027.1,0.0307,0.0625,146.9,96.6,0.536
36.96,31919.5,34850.2,-0.3938,-0.3725,146.9,96.6,0.536
36.98,31847.8,34823.0,-0.7438,-0.4395,146.9,96.6,0.536
37.0,31863.2,34655.1,-0.6686,-0.8523,146.9,96.6,0.536
37.02,31840.4,34669.2,-0.7799,-0.8174,146.9,96.6,0.536
37.04,31829.3,34667.3,-0.8341,-0.8222,146.9,96.6,0.536
37.06,31764.9,34618.0,-1.1491,-0.9433,146.9,96.6,0.536
37.08,31740.8,34474.7,-1.2666,-1.2956,146.9,96.6,0.536
37.1,31718.3,34498.1,-1.3767,-1.238,146.9,96.6,0.536
37.12,31815.9,34452.7,-0.8997,-1.3497,146.9,96.6,0.536
37.14,31898.7,34722.8,-0.4951,-0.6857,146.9,96.6,0.536
37.16,32046.9,35212.7,0.2291,0.5186,146.9,96.6,0.536
37.18,32235.0,35536.7,1.1482,1.3151,146.9,96.6,0.536
37.2,32411.0,35743.8,2.0078,1.8243,146.9,96.6,0.536
37.22,32391.7,35827.8,1.9134,2.0307,146.9,96.6,0.536
37.24,32266.8,35602.3,1.3032,1.4765,146.9,96.6,0.536
37.26,32149.9,35340.4,0.732,0.8326,146.9,96.6,0.536
37.28,32049.8,35230.2,0.2429,0.5616,146.9,96.6,0.536
37.3,32077.4,35097.2,0.3782,0.2346,146.9,96.6,0.536
37.32,32004.3,35119.5,0.0207,0.2896,146.9,96.6,0.536
37.34,31990.1,34930.0,-0.0485,-0.1763,146.9,96.6,0.536
37.36,31908.6,34920.9,-0.4469,-0.1987,146.9,96.6,0.536
37.38,31904.1,34845.7,-0.469,-0.3836,146.9,96.6,0.536
37.4,31836.3,34598.1,-0.7999,-0.9924,146.9,96.6,0.536
37.42,31775.2,34700.0,-1.0988,-0.7419,146.9,96.6,0.536
37.44,31835.8,34780.2,-0.8026,-0.5445,146.9,96.6,0.536
37.46,31776.6,34580.7,-1.0919,-1.0349,146.9,96.6,0.536
37.48,31769.0,34480.9,-1.1287,-1.2805,146.9,96.6,0.536
37.5,31861.6,34445.0,-0.6762,-1.3686,146.9,96.6,0.536
37.52,31764.9,34502.2,-1.149,-1.2281,146.9,96.6,0.536
37.54,31814.3,34633.4,-0.9075,-0.9054,146.9,96.6,0.536
37.56,31963.9,34958.0,-0.1767,-0.1075,146.9,96.6,0.536
37.58,32151.3,35404.7,0.7389,0.9905,146.9,96.6,0.536
37.6,32335.6,35756.2,1.6393,1.8547,146.9,96.6,0.536
37.62,32364.4,35768.9,1.78,1.8859,146.9,96.6,0.536
37.64,32340.1,35641.9,1.6614,1.5738,146.9,96.6,0.536
37.66,32240.2,35415.0,1.1733,1.0159,146.9,96.6,0.536
37.68,32217.0,35347.8,1.0598,0.8508,146.9,96.6,0.536
37.7,32118.6,35172.8,0.5794,0.4206,146.9,96.6,0.536
37.72,32066.9,35144.1,0.3265,0.3499,146.9,96.6,0.536
37.74,32068.9,34985.8,0.3364,-0.0391,146.9,96.6,0.536
37.76,31975.5,34962.2,-0.1202,-0.0973,146.9,96.6,0.536
37.78,31937.6,34757.0,-0.3049,-0.6017,146.9,96.6,0.536
37.8,31891.4,34736.0,-0.5308,-0.6531,146.9,96.6,0.536
37.82,31885.8,34649.2,-0.558,-0.8668,146.9,96.6,0.536
37.84,31761.0,34690.9,-1.1679,-0.7642,146.9,96.6,0.536
37.86,31739.8,34652.7,-1.2714,-0.8581,146.9,96.6,0.536
37.88,31751.5,34509.4,-1.2146,-1.2104,146.9,96.6,0.536
37.9,31727.6,34419.3,-1.3313,-1.4319,146.9,96.6,0.536
37.92,31740.1,34456.7,-1.2703,-1.3398,146.9,96.6,0.536
37.94,31827.9,34626.7,-0.8413,-0.922,146.9,96.6,0.536
37.96,31865.4,34841.5,-0.6579,-0.3939,146.9,96.6,0.536
37.98,32113.7,35193.8,0.5553,0.4721,146.9,96.6,0.536
38.0,32332.0,35441.6,1.6219,1.0813,146.9,96.6,0.536
38.02,32378.6,35825.3,1.8496,2.0247,146.9,96.6,0.536
38.04,32355.3,35735.6,1.7355,1.804,146.9,96.6,0.536
38.06,32327.3,35592.6,1.5987,1.4526,146.9,96.6,0.536
38.08,32135.1,35362.9,0.66,0.8879,146.9,96.6,0.536
38.1,32100.6,35213.9,0.4915,0.5216,146.9,96.6,0.536
38.12,32056.5,35191.0,0.2756,0.4653,146.9,96.6,0.536
38.14,32031.6,35046.1,0.1541,0.109,146.9,96.6,0.536
38.16,31950.9,35018.0,-0.2403,0.04,146.9,96.6,0.536
38.18,31952.0,34912.9,-0.2349,-0.2184,146.9,96.6,0.536
38.2,31847.9,34729.9,-0.7436,-0.6683,146.9,96.6,0.536
38.22,31867.2,34616.0,-0.6493,-0.9482,146.9,96.6,0.536
38.24,31884.3,34634.5,-0.5654,-0.9028,146.9,96.6,0.536
38.26,31859.1,34646.7,-0.6886,-0.8727,146.9,96.6,0.536
38.28,31791.9,34601.9,-1.0171,-0.9829,146.9,96.6,0.536
38.3,31790.9,34479.1,-1.022,-1.2847,146.9,96.6,0.536
38.32,31755.3,34443.6,-1.196,-1.372,146.9,96.6,0.536
38.34,31704.7,34493.4,-1.4433,-1.2497,146.9,96.6,0.536
38.36,31731.7,34734.9,-1.3111,-0.656,146.9,96.6,0.536
38.38,32064.4,35099.0,0.3142,0.2392,146.9,96.6,0.536
38.4,32158.5,35435.6,0.7743,1.0665,146.9,96.6,0.536
38.42,32326.4,35637.8,1.5944,1.5636,146.9,96.6,0.536
38.44,32341.3,35710.4,1.6675,1.7422,146.9,96.6,0.536
38.46,32325.4,35662.2,1.5897,1.6237,146.9,96.6,0.536
38.48,32139.3,35457.2,0.6801,1.1196,146.9,96.6,0.536
38.5,32134.9,35287.1,0.6586,0.7016,146.9,96.6,0.536
38.52,32077.9,35133.6,0.3803,0.3242,146.9,96.6,0.536
38.54,31888.9,35002.7,-0.5431,0.0023,146.9,96.6,0.536
38.56,32031.6,35059.5,0.1543,0.142,146.9,96.6,0.536
38.58,32000.7,34850.8,0.0031,-0.3711,146.9,96.6,0.536
38.6,31837.2,34851.5,-0.7958,-0.3694,146.9,96.6,0.536
38.62,31928.2,34732.5,-0.351,-0.6619,146.9,96.6,0.536
38.64,31881.1,34675.8,-0.5813,-0.8013,146.9,96.6,0.536
38.66,31808.1,34699.7,-0.9378,-0.7426,146.9,96.6,0.536
38.68,31751.5,34686.4,-1.2146,-0.7753,146.9,96.6,0.536
38.7,31794.8,34689.6,-1.0031,-0.7672,146.9,96.6,0.536
38.72,31732.9,34388.3,-1.3054,-1.5079,146.9,96.6,0.536
38.74,31640.0,34483.4,-1.759,-1.2743,146.9,96.6,0.536
38.76,31730.6,34586.0,-1.3167,-1.0221,146.9,96.6,0.536
38.78,31979.8,34890.6,-0.0989,-0.2731,146.9,96.6,0.536
38.8,32143.0,35221.6,0.6986,0.5405,146.9,96.6,0.536
38.82,32292.6,35552.8,1.4296,1.3547,146.9,96.6,0.536
38.84,32391.5,35787.5,1.9128,1.9317,146.9,96.6,0.536
38.86,32365.7,35694.5,1.7865,1.7029,146.9,96.6,0.536
38.88,32184.1,35490.2,0.8995,1.2008,146.9,96.6,0.536
38.9,32236.3,35356.5,1.1541,0.8722,146.9,96.6,0.536
38.92,32171.7,35184.2,0.8387,0.4485,146.9,96.6,0.536
38.94,32082.3,35101.2,0.4018,0.2446,146.9,96.6,0.536
38.96,32086.2,35104.0,0.4209,0.2515,146.9,96.6,0.536
38.98,32030.1,35030.5,0.1468,0.0708,146.9,96.6,0.536
39.0,31979.8,34793.7,-0.0989,-0.5115,146.9,96.6,0.536
39.02,31887.9,34732.6,-0.548,-0.6617,146.9,96.6,0.536
39.04,31829.7,34748.0,-0.8323,-0.6238,146.9,96.6,0.536
39.06,31848.2,34702.8,-0.7422,-0.7348,146.9,96.6,0.536
39.08,31884.3,34664.7,-0.5655,-0.8285,146.9,96.6,0.536
39.1,31776.8,34607.6,-1.0908,-0.9688,146.9,96.6,0.536
39.12,31717.3,34492.2,-1.3815,-1.2526,146.9,96.6,0.536
39.14,31760.8,34406.0,-1.1691,-1.4644,146.9,96.6,0.536
39.16,31744.1,34534.7,-1.2505,-1.1481,146.9,96.6,0.536
39.18,31843.5,34725.1,-0.7648,-0.68,146.9,96.6,0.536
39.2,32004.0,35104.5,0.0192,0.2527,146.9,96.6,0.536
39.22,32178.1,35449.2,0.8697,1.1001,146.9,96.6,0.536
39.24,32378.8,35678.1,1.8505,1.6626,146.9,96.6,0.536
39.26,32357.8,35815.9,1.748,2.0015,146.9,96.6,0.536
39.28,32304.2,35721.1,1.486,1.7684,146.9,96.6,0.536
39.3,32177.0,35466.0,0.8647,1.1414,146.9,96.6,0.536
39.32,32128.9,35269.1,0.6297,0.6574,146.9,96.6,0.536
39.34,32117.1,35154.2,0.5721,0.3747,146.9,96.6,0.536
39.36,32003.1,34976.2,0.015,-0.0627,146.9,96.6,0.536
39.38,32063.1,34935.4,0.308,-0.1632,146.9,96.6,0.536
39.4,31891.9,34973.4,-0.5282,-0.0695,146.9,96.6,0.536
39.42,31853.2,34853.1,-0.7177,-0.3653,146.9,96.6,0.536
39.44,31769.6,34731.1,-1.126,-0.6654,146.9,96.6,0.536
39.46,31783.7,34571.7,-1.0573,-1.0572,146.9,96.6,0.536
39.48,31793.9,34714.0,-1.0074,-0.7074,146.9,96.6,0.536
39.5,31851.5,34619.7,-0.7258,-0.9391,146.9,96.6,0.536
39.52,31804.3,34562.6,-0.9564,-1.0795,146.9,96.6,0.536
39.54,31694.8,34451.1,-1.4916,-1.3536,146.9,96.6,0.536
39.56,31643.4,34382.5,-1.7424,-1.5224,146.9,96.6,0.536
39.58,31858.2,34598.3,-0.693,-0.9918,146.9,96.6,0.536
39.6,32030.8,34990.7,0.1502,-0.0271,146.9,96.6,0.536
39.62,32151.7,35327.6,0.7409,0.8011,146.9,96.6,0.536
39.64,32225.6,35609.1,1.1019,1.4931,146.9,96.6,0.536
39.66,32345.9,35852.8,1.6899,2.0921,146.9,96.6,0.536
39.68,32315.8,35767.4,1.5426,1.8822,146.9,96.6,0.536
39.7,32245.7,35435.1,1.2004,1.0654,146.9,96.6,0.536
39.72,32095.2,35234.8,0.4649,0.573,146.9,96.6,0.536
39.74,32069.4,35137.8,0.3387,0.3344,146.9,96.6,0.536
39.76,32186.7,35172.7,0.9122,0.4203,146.9,96.6,0.536
39.78,31997.9,35042.1,-0.0108,0.0991,146.9,96.6,0.536
39.8,32004.2,34964.0,0.02,-0.0928,146.9,96.6,0.536
39.82,31884.8,34850.5,-0.563,-0.3719,146.9,96.6,0.536
39.84,31959.4,34772.7,-0.1986,-0.563,146.9,96.6,0.536
39.86,31844.4,34736.7,-0.7605,-0.6516,146.9,96.6,0.536
39.88,31809.5,34630.7,-0.931,-0.9121,146.9,96.6,0.536
39.9,31905.3,34570.0,-0.463,-1.0613,146.9,96.6,0.536
39.92,31907.3,34584.0,-0.4533,-1.027,146.9,96.6,0.536
39.94,31807.2,34452.9,-0.9424,-1.3492,146.9,96.6,0.536
39.96,31837.3,34501.7,-0.7953,-1.2292,146.9,96.6,0.536
39.98,31754.4,34528.6,-1.2004,-1.1631,146.9,96.6,0.536
40.0,31921.7,34815.6,-0.3827,-0.4575,146.9,96.6,0.536
40.02,31929.4,35113.1,-0.3452,0.2738,146.9,96.6,0.536
40.04,32235.4,35531.4,1.1498,1.302,146.9,96.6,0.536
40.06,32439.9,35721.5,2.1492,1.7694,146.9,96.6,0.536
40.08,32284.9,35695.9,1.3917,1.7064,146.9,96.6,0.536
40.1,32249.6,35589.4,1.2194,1.4447,146.9,96.6,0.536
40.12,32211.5,35292.4,1.0331,0.7147,146.9,96.6,0.536
40.14,32040.8,35238.9,0.1992,0.5831,146.9,96.6,0.536
40.16,32080.8,35152.5,0.3944,0.3706,146.9,96.6,0.536
40.18,31995.7,35124.9,-0.0215,0.3029,146.9,96.6,0.536
40.2,32014.5,34987.2,0.0704,-0.0358,146.9,96.6,0.536
40.22,31972.3,34920.0,-0.1357,-0.201,146.9,96.6,0.536
40.24,31945.3,34867.6,-0.2673,-0.3297,146.9,96.6,0.536
40.26,31888.3,34714.5,-0.5458,-0.7061,146.9,96.6,0.536
40.28,31781.1,34756.7,-1.0696,-0.6024,146.9,96.6,0.536
40.3,31774.8,34677.3,-1.1004,-0.7975,146.9,96.6,0.536
40.32,31754.9,34685.7,-1.1976,-0.777,146.9,96.6,0.536
40.34,31832.2,34526.1,-0.8201,-1.1692,146.9,96.6,0.536
40.36,31712.3,34401.0,-1.4059,-1.4769,146.9,96.6,0.536
40.38,31772.4,34550.5,-1.1122,-1.1092,146.9,96.6,0.536
40.4,31814.3,34616.8,-0.9076,-0.9462,146.9,96.6,0.536
40.42,31942.8,34941.1,-0.2795,-0.149,146.9,96.6,0.536
40.44,32244.5,35348.8,1.1945,0.8533,146.9,96.6,0.536
40.46,32362.2,35676.6,1.7695,1.6592,146.9,96.6,0.536
40.48,32314.6,35786.6,1.5371,1.9295,146.9,96.6,0.536
40.5,32361.2,35671.3,1.7647,1.6459,146.9,96.6,0.536
40.52,32222.7,35510.5,1.0878,1.2508,146.9,96.6,0.536
40.54,32144.7,35351.4,0.7068,0.8595,146.9,96.6,0.536
40.56,32082.9,35156.3,0.4048,0.3799,146.9,96.6,0.536
40.58,32068.5,35142.2,0.3343,0.3454,146.9,96.6,0.536
40.6,31947.3,35086.7,-0.2575,0.2089,146.9,96.6,0.536
40.62,31963.6,35000.3,-0.1781,-0.0035,146.9,96.6,0.536
40.64,31885.4,34718.9,-0.5603,-0.6954,146.9,96.6,0.536
40.66,31951.6,34751.5,-0.2366,-0.6152,146.9,96.6,0.536
40.68,31846.0,34664.4,-0.7528,-0.8292,146.9,96.6,0.536
40.7,31973.9,34585.2,-0.128,-1.024,146.9,96.6,0.536
40.72,31827.8,34677.5,-0.8418,-0.7972,146.9,96.6,0.536
40.74,31802.8,34604.0,-0.9637,-0.9777,146.9,96.6,0.536
40.76,31736.8,34510.8,-1.2863,-1.2069,146.9,96.6,0.536
40.78,31699.0,34488.6,-1.4712,-1.2615,146.9,96.6,0.536
40.8,31796.7,34576.3,-0.9934,-1.0458,146.9,96.6,0.536
40.82,31944.4,34772.3,-0.2721,-0.5641,146.9,96.6,0.536
40.84,32294.4,35230.3,1.4381,0.562,146.9,96.6,0.536
40.86,32342.9,35633.2,1.6752,1.5523,146.9,96.6,0.536
40.88,32365.9,35665.9,1.7875,1.6328,146.9,96.6,0.536
40.9,32466.6,35712.6,2.2794,1.7475,146.9,96.6,0.536
40.92,32167.1,35592.6,0.8162,1.4525,146.9,96.6,0.536
40.94,32124.0,35369.0,0.6056,0.903,146.9,96.6,0.536
40.96,32116.3,35142.9,0.5681,0.347,146.9,96.6,0.536
40.98,32148.0,35174.0,0.7231,0.4235,146.9,96.6,0.536
41.0,32001.3,35123.9,0.0062,0.3004,146.9,96.6,0.536
41.02,32125.3,35007.0,0.612,0.013,146.9,96.6,0.536
41.04,31867.9,34923.5,-0.6458,-0.1923,146.9,96.6,0.536
41.06,31859.4,34760.3,-0.6872,-0.5936,146.9,96.6,0.536
41.08,31798.3,34713.6,-0.9858,-0.7082,146.9,96.6,0.536
41.1,31840.2,34676.0,-0.7812,-0.8007,146.9,96.6,0.536
41.12,31846.2,34679.3,-0.7518,-0.7927,146.9,96.6,0.536
41.14,31777.1,34585.7,-1.0895,-1.0228,146.9,96.6,0.536
41.16,31776.2,34488.3,-1.0939,-1.2622,146.9,96.6,0.536
41.18,31671.3,34569.3,-1.6062,-1.0632,146.9,96.6,0.536
41.2,31857.9,34426.8,-0.6948,-1.4134,146.9,96.6,0.536
41.22,31867.6,34694.8,-0.6474,-0.7545,146.9,96.6,0.536
41.24,32094.3,35091.9,0.4603,0.2217,146.9,96.6,0.536
41.26,32203.4,35412.8,0.9938,1.0107,146.9,96.6,0.536
41.28,32372.4,35684.9,1.8192,1.6795,146.9,96.6,0.536
41.3,32289.3,35820.5,1.4131,2.0127,146.9,96.6,0.536
41.32,32363.4,35632.1,1.7751,1.5495,146.9,96.6,0.536
41.34,32202.6,35352.8,0.9897,0.8631,146.9,96.6,0.536
41.36,32177.8,35246.2,0.8685,0.6009,146.9,96.6,0.536
41.38,32052.4,35139.3,0.2558,0.3381,146.9,96.6,0.536
41.4,32052.5,35066.7,0.2563,0.1596,146.9,96.6,0.536
41.42,31965.4,35001.6,-0.1692,-0.0002,146.9,96.6,0.536
41.44,31972.3,34960.3,-0.1354,-0.1017,146.9,96.6,0.536
41.46,31942.9,34783.4,-0.2792,-0.5368,146.9,96.6,0.536
41.48,31889.2,34710.9,-0.5419,-0.7149,146.9,96.6,0.536
41.5,31877.8,34621.3,-0.5976,-0.9352,146.9,96.6,0.536
41.52,31806.0,34615.3,-0.9482,-0.9499,146.9,96.6,0.536
41.54,31761.3,34533.9,-1.1667,-1.15,146.9,96.6,0.536
41.56,31736.5,34559.1,-1.2879,-1.0881,146.9,96.6,0.536
41.58,31767.2,34492.6,-1.1378,-1.2516,146.9,96.6,0.536
41.6,31733.7,34454.8,-1.3016,-1.3446,146.9,96.6,0.536
41.62,31844.2,34585.6,-0.7615,-1.0231,146.9,96.6,0.536
41.64,31965.0,34879.2,-0.1715,-0.3013,146.9,96.6,0.536
41.66,32149.6,35240.3,0.7309,0.5865,146.9,96.6,0.536
41.68,32267.1,35558.1,1.3046,1.3678,146.9,96.6,0.536
41.7,32364.5,35804.2,1.7807,1.9728,146.9,96.6,0.536
41.72,32340.3,35722.3,1.6622,1.7714,146.9,96.6,0.536
41.74,32315.3,35549.5,1.5402,1.3466,146.9,96.6,0.536
41.76,32124.9,35322.9,0.6102,0.7895,146.9,96.6,0.536
41.78,32022.3,35066.3,0.1085,0.1588,146.9,96.6,0.536
41.8,32090.0,35097.3,0.4394,0.2349,146.9,96.6,0.536
41.82,32067.9,35031.0,0.3317,0.072,146.9,96.6,0.536
41.84,31959.7,35021.4,-0.1974,0.0484,146.9,96.6,0.536
41.86,31852.8,34907.7,-0.7196,-0.2311,146.9,96.6,0.536
41.88,31814.0,34805.0,-0.9091,-0.4836,146.9,96.6,0.536
41.9,31811.8,34830.6,-0.9198,-0.4207,146.9,96.6,0.536
41.92,31820.2,34655.8,-0.8789,-0.8505,146.9,96.6,0.536
41.94,31854.2,34610.2,-0.7126,-0.9624,146.9,96.6,0.536
41.96,31780.6,34568.1,-1.0723,-1.0659,146.9,96.6,0.536
41.98,31788.1,34515.7,-1.0356,-1.1948,146.9,96.6,0.536
42.0,31674.9,34519.8,-1.5885,-1.1848,146.9,96.6,0.536
42.02,31779.8,34515.5,-1.0762,-1.1953,146.9,96.6,0.536
42.04,31792.8,34720.7,-1.0126,-0.6908,146.9,96.6,0.536
42.06,32075.5,35148.9,0.3685,0.3617,146.9,96.6,0.536
42.08,32240.0,35492.2,1.1726,1.2058,146.9,96.6,0.536
42.1,32320.3,35662.9,1.5645,1.6253,146.9,96.6,0.536
42.12,32410.3,35699.5,2.0044,1.7153,146.9,96.6,0.536
42.14,32252.2,35578.6,1.2318,1.4181,146.9,96.6,0.536
42.16,32224.8,35384.9,1.0979,0.9419,146.9,96.6,0.536
42.18,32025.2,35167.9,0.1228,0.4085,146.9,96.6,0.536
42.2,32058.8,35158.4,0.287,0.3851,146.9,96.6,0.536
42.22,32143.9,35061.3,0.7027,0.1465,146.9,96.6,0.536
42.24,32013.6,35094.1,0.0661,0.227,146.9,96.6,0.536
42.26,31935.1,34908.6,-0.3175,-0.2289,146.9,96.6,0.536
42.28,31920.9,34881.8,-0.3868,-0.2948,146.9,96.6,0.536
42.3,31844.7,34750.8,-0.7591,-0.617,146.9,96.6,0.536
42.32,31828.3,34708.0,-0.839,-0.7222,146.9,96.6,0.536
42.34,31839.1,34610.2,-0.7865,-0.9626,146.9,96.6,0.536
42.36,31807.5,34720.7,-0.941,-0.691,146.9,96.6,0.536
42.38,31786.6,34574.0,-1.0429,-1.0514,146.9,96.6,0.536
42.4,31721.7,34471.7,-1.3598,-1.3029,146.9,96.6,0.536
42.42,31738.6,34383.7,-1.2776,-1.5194,146.9,96.6,0.536
42.44,31819.4,34731.8,-0.8827,-0.6635,146.9,96.6,0.536
42.46,32060.6,34950.2,0.2959,-0.1266,146.9,96.6,0.536
42.48,32127.0,35403.4,0.6205,0.9874,146.9,96.6,0.536
42.5,32366.5,35786.1,1.7906,1.9282,146.9,96.6,0.536
42.52,32437.1,35741.2,2.1354,1.8178,146.9,96.6,0.536
42.54,32323.8,35691.2,1.5817,1.695,146.9,96.6,0.536
42.56,32336.0,35453.5,1.6417,1.1106,146.9,96.6,0.536
42.58,32114.9,35373.1,0.5611,0.9129,146.9,96.6,0.536
42.6,32045.1,35165.2,0.2203,0.4019,146.9,96.6,0.536
42.62,32118.7,35040.3,0.5799,0.0947,146.9,96.6,0.536
42.64,31946.6,35104.6,-0.2614,0.2528,146.9,96.6,0.536
42.66,32008.5,34947.1,0.0413,-0.1343,146.9,96.6,0.536
42.68,31888.6,34854.3,-0.5445,-0.3624,146.9,96.6,0.536
42.7,31896.2,34799.8,-0.5074,-0.4963,146.9,96.6,0.536
42.72,31850.4,34729.9,-0.7314,-0.6682,146.9,96.6,0.536
42.74,31913.7,34727.7,-0.422,-0.6736,146.9,96.6,0.536
42.76,31836.7,34730.7,-0.7982,-0.6663,146.9,96.6,0.536
42.78,31759.7,34663.3,-1.1743,-0.8321,146.9,96.6,0.536
42.8,31753.9,34433.3,-1.2025,-1.3975,146.9,96.6,0.536
42.82,31698.0,34479.8,-1.4758,-1.283,146.9,96.6,0.536
42.84,31845.3,34480.4,-0.7562,-1.2815,146.9,96.6,0.536
42.86,31868.7,34826.4,-0.642,-0.431,146.9,96.6,0.536
42.88,32125.7,35224.4,0.6137,0.5473,146.9,96.6,0.536
42.9,32200.6,35649.6,0.9797,1.5925,146.9,96.6,0.536
42.92,32271.1,35846.6,1.3243,2.077,146.9,96.6,0.536
42.94,32320.7,35587.1,1.5667,1.4391,146.9,96.6,0.536
42.96,32409.5,35516.7,2.0008,1.2659,146.9,96.6,0.536
42.98,32154.7,35352.0,0.7554,0.8611,146.9,96.6,0.536
43.0,32108.0,35175.1,0.5273,0.4262,146.9,96.6,0.536
43.02,32064.0,35149.9,0.3122,0.3643,146.9,96.6,0.536
43.04,32081.3,35136.0,0.3971,0.3301,146.9,96.6,0.536
43.06,32003.5,34947.1,0.0169,-0.1343,146.9,96.6,0.536
43.08,32004.3,34834.1,0.0207,-0.412,146.9,96.6,0.536
43.1,31925.0,34782.5,-0.3669,-0.539,146.9,96.6,0.536
43.12,31808.3,34685.7,-0.937,-0.777,146.9,96.6,0.536
43.14,31867.8,34647.7,-0.6462,-0.8703,146.9,96.6,0.536
43.16,31823.4,34662.7,-0.8633,-0.8333,146.9,96.6,0.536
43.18,31765.0,34638.9,-1.1484,-0.8919,146.9,96.6,0.536
43.2,31815.6,34484.6,-0.9013,-1.2713,146.9,96.6,0.536
43.22,31719.2,34433.1,-1.3725,-1.3978,146.9,96.6,0.536
43.24,31806.3,34563.8,-0.9465,-1.0766,146.9,96.6,0.536
43.26,31780.7,34630.0,-1.0717,-0.9138,146.9,96.6,0.536
43.28,32075.1,35053.1,0.3667,0.1262,146.9,96.6,0.536
43.3,32192.9,35370.4,0.9422,0.9064,146.9,96.6,0.536
43.32,32363.6,35651.1,1.7763,1.5964,146.9,96.6,0.536
43.34,32376.0,35773.3,1.837,1.8967,146.9,96.6,0.536
43.36,32297.4,35673.3,1.4529,1.651,146.9,96.6,0.536
43.38,32159.3,35461.2,0.778,1.1295,146.9,96.6,0.536
43.4,32075.1,35245.3,0.3664,0.5987,146.9,96.6,0.536
43.42,32043.6,35260.9,0.2126,0.6371,146.9,96.6,0.536
43.44,32036.2,35078.0,0.1767,0.1875,146.9,96.6,0.536
43.46,31983.4,35024.5,-0.0812,0.056,146.9,96.6,0.536
43.48,31978.6,34891.9,-0.105,-0.2699,146.9,96.6,0.536
43.5,31860.0,34867.4,-0.6842,-0.3301,146.9,96.6,0.536
43.52,31887.5,34735.2,-0.55,-0.6552,146.9,96.6,0.536
43.54,31822.1,34700.2,-0.8695,-0.7413,146.9,96.6,0.536
43.56,31854.0,34656.5,-0.7138,-0.8488,146.9,96.6,0.536
43.58,31825.4,34628.3,-0.8536,-0.918,146.9,96.6,0.536
43.6,31785.0,34617.1,-1.0505,-0.9455,146.9,96.6,0.536
43.62,31720.5,34478.9,-1.3661,-1.2854,146.9,96.6,0.536
43.64,31660.5,34419.9,-1.6591,-1.4303,146.9,96.6,0.536
43.66,31820.7,34453.9,-0.8762,-1.3467,146.9,96.6,0.536
43.68,31981.8,34837.5,-0.0893,-0.4038,146.9,96.6,0.536
43.7,32066.8,35302.2,0.3261,0.7387,146.9,96.6,0.536
43.72,32318.5,35606.6,1.5562,1.4871,146.9,96.6,0.536
43.74,32309.9,35785.0,1.5138,1.9255,146.9,96.6,0.536
43.76,32349.3,35671.3,1.7064,1.6461,146.9,96.6,0.536
43.78,32267.6,35468.0,1.3072,1.1463,146.9,96.6,0.536
43.8,32120.7,35259.8,0.5893,0.6345,146.9,96.6,0.536
43.82,32018.8,35259.4,0.0916,0.6334,146.9,96.6,0.536
43.84,31973.5,35148.8,-0.1299,0.3615,146.9,96.6,0.536
43.86,32035.3,34979.5,0.1724,-0.0547,146.9,96.6,0.536
43.88,31950.2,35085.7,-0.2437,0.2063,146.9,96.6,0.536
43.9,31935.0,34863.8,-0.3181,-0.3391,146.9,96.6,0.536
43.92,31907.9,34793.7,-0.4503,-0.5113,146.9,96.6,0.536
43.94,31918.6,34756.7,-0.398,-0.6024,146.9,96.6,0.536
43.96,31818.5,34617.9,-0.8871,-0.9435,146.9,96.6,0.536
43.98,31829.1,34630.9,-0.8352,-0.9117,146.9,96.6,0.536
44.0,31838.5,34481.2,-0.7892,-1.2797,146.9,96.6,0.536
44.02,31680.8,34638.8,-1.56,-0.8922,146.9,96.6,0.536
44.04,31683.3,34429.2,-1.5476,-1.4074,146.9,96.6,0.536
44.06,31772.6,34434.0,-1.1114,-1.3956,146.9,96.6,0.536
44.08,31869.8,34711.2,-0.6366,-0.7143,146.9,96.6,0.536
44.1,32044.5,35123.6,0.2173,0.2997,146.9,96.6,0.536
44.12,32330.2,35505.2,1.6129,1.2376,146.9,96.6,0.536
44.14,32391.4,35650.7,1.9121,1.5954,146.9,96.6,0.536
44.16,32404.8,35870.2,1.9774,2.1351,146.9,96.6,0.536
44.18,32295.8,35687.0,1.4449,1.6847,146.9,96.6,0.536
44.2,32188.2,35420.1,0.9193,1.0286,146.9,96.6,0.536
44.22,32088.8,35274.9,0.4335,0.6714,146.9,96.6,0.536
44.24,32039.3,35097.2,0.1917,0.2347,146.9,96.6,0.536
44.26,32069.2,35051.5,0.3377,0.1223,146.9,96.6,0.536
44.28,31991.2,35056.5,-0.0435,0.1345,146.9,96.6,0.536
44.3,31939.5,34962.8,-0.2957,-0.0956,146.9,96.6,0.536
44.32,31945.3,34813.4,-0.2677,-0.4631,146.9,96.6,0.536
44.34,31904.2,34733.8,-0.4685,-0.6586,146.9,96.6,0.536
44.36,31875.8,34662.2,-0.6071,-0.8348,146.9,96.6,0.536
44.38,31820.0,34616.8,-0.8796,-0.9463,146.9,96.6,0.536
44.4,31769.8,34624.0,-1.125,-0.9286,146.9,96.6,0.536
44.42,31783.8,34467.3,-1.0567,-1.3138,146.9,96.6,0.536
44.44,31712.5,34418.0,-1.4051,-1.4349,146.9,96.6,0.536
44.46,31712.9,34444.4,-1.4032,-1.3702,146.9,96.6,0.536
44.48,31734.8,34658.7,-1.2961,-0.8432,146.9,96.6,0.536
44.5,31934.2,34941.1,-0.3217,-0.1492,146.9,96.6,0.536
44.52,32159.5,35346.5,0.779,0.8477,146.9,96.6,0.536
44.54,32342.2,35617.0,1.6719,1.5124,146.9,96.6,0.536
44.56,32322.0,35773.0,1.5729,1.896,146.9,96.6,0.536
44.58,32364.8,35688.1,1.782,1.6874,146.9,96.6,0.536
44.6,32198.8,35522.7,0.9709,1.2807,146.9,96.6,0.536
44.62,32135.2,35333.6,0.6605,0.8158,146.9,96.6,0.536
44.64,32047.5,35220.0,0.2319,0.5367,146.9,96.6,0.536
44.66,32084.3,35079.4,0.4115,0.191,146.9,96.6,0.536
44.68,32071.1,35038.9,0.3471,0.0913,146.9,96.6,0.536
44.7,31912.0,35030.4,-0.43,0.0705,146.9,96.6,0.536
44.72,31931.7,34795.7,-0.3338,-0.5064,146.9,96.6,0.536
44.74,31850.8,34740.9,-0.7291,-0.6412,146.9,96.6,0.536
44.76,31843.6,34754.0,-0.7645,-0.6091,146.9,96.6,0.536
44.78,31868.8,34719.3,-0.6413,-0.6943,146.9,96.6,0.536
44.8,31876.2,34637.1,-0.6051,-0.8965,146.9,96.6,0.536
44.82,31734.6,34526.5,-1.2972,-1.1683,146.9,96.6,0.536
44.84,31716.0,34524.5,-1.388,-1.1732,146.9,96.6,0.536
44.86,31757.2,34420.3,-1.1864,-1.4293,146.9,96.6,0.536
44.88,31815.4,34556.9,-0.9022,-1.0935,146.9,96.6,0.536
44.9,31923.2,34782.8,-0.3754,-0.5382,146.9,96.6,0.536
44.92,32016.7,35121.0,0.0814,0.2933,146.9,96.6,0.536
44.94,32233.4,35434.5,1.14,1.0639,146.9,96.6,0.536
44.96,32411.3,35764.9,2.0093,1.876,146.9,96.6,0.536
44.98,32395.4,35755.3,1.9314,1.8526,146.9,96.6,0.536
45.0,32303.1,35627.8,1.4809,1.5391,146.9,96.6,0.536
45.02,32142.7,35434.4,0.6971,1.0637,146.9,96.6,0.536
45.04,32157.3,35179.2,0.7682,0.4363,146.9,96.6,0.536
45.06,32066.4,35121.5,0.324,0.2945,146.9,96.6,0.536
45.08,32017.8,35071.2,0.0867,0.1709,146.9,96.6,0.536
45.1,32022.5,34929.5,0.1099,-0.1775,146.9,96.6,0.536
45.12,31917.4,34892.2,-0.4037,-0.2693,146.9,96.6,0.536
45.14,31793.3,34832.0,-1.01,-0.4172,146.9,96.6,0.536
45.16,31825.4,34719.0,-0.8534,-0.6951,146.9,96.6,0.536
45.18,31865.0,34685.9,-0.6597,-0.7763,146.9,96.6,0.536
45.2,31856.3,34648.5,-0.7025,-0.8684,146.9,96.6,0.536
45.22,31875.3,34598.1,-0.6093,-0.9923,146.9,96.6,0.536
45.24,31837.8,34520.3,-0.7927,-1.1835,146.9,96.6,0.536
45.26,31724.3,34445.2,-1.3474,-1.3682,146.9,96.6,0.536
45.28,31746.8,34603.5,-1.2376,-0.979,146.9,96.6,0.536
45.3,31727.0,34706.6,-1.334,-0.7255,146.9,96.6,0.536
45.32,31997.2,34985.2,-0.014,-0.0406,146.9,96.6,0.536
45.34,32245.7,35470.1,1.2001,1.1515,146.9,96.6,0.536
45.36,32344.3,35672.3,1.6822,1.6485,146.9,96.6,0.536
45.38,32421.9,35785.9,2.0612,1.9278,146.9,96.6,0.536
45.4,32274.6,35688.9,1.3414,1.6892,146.9,96.6,0.536
45.42,32240.5,35467.6,1.1749,1.1451,146.9,96.6,0.536
45.44,32151.3,35338.1,0.739,0.827,146.9,96.6,0.536
45.46,32038.9,35089.3,0.1897,0.2152,146.9,96.6,0.536
45.48,32052.7,35084.9,0.2572,0.2046,146.9,96.6,0.536
45.5,32066.1,35019.5,0.3227,0.0437,146.9,96.6,0.536
45.52,31970.1,34934.2,-0.1463,-0.166,146.9,96.6,0.536
45.54,31936.3,34838.0,-0.3117,-0.4025,146.9,96.6,0.536
45.56,31807.6,34704.4,-0.9405,-0.7309,146.9,96.6,0.536
45.58,31858.5,34682.6,-0.6917,-0.7845,146.9,96.6,0.536
45.6,31814.7,34691.9,-0.9054,-0.7617,146.9,96.6,0.536
45.62,31812.4,34686.2,-0.9168,-0.7757,146.9,96.6,0.536
45.64,31798.0,34650.0,-0.9873,-0.8646,146.9,96.6,0.536
45.66,31709.5,34564.2,-1.4196,-1.0756,146.9,96.6,0.536
45.68,31742.4,34491.3,-1.2591,-1.2549,146.9,96.6,0.536
45.7,31799.7,34538.7,-0.9788,-1.1384,146.9,96.6,0.536
45.72,31909.3,34905.9,-0.4433,-0.2355,146.9,96.6,0.536
45.74,32147.6,35230.3,0.7209,0.562,146.9,96.6,0.536
45.76,32254.8,35579.1,1.2447,1.4193,146.9,96.6,0.536
45.78,32455.5,35713.9,2.2253,1.7508,146.9,96.6,0.536
45.8,32379.0,35768.2,1.8514,1.8842,146.9,96.6,0.536
45.82,32228.7,35595.1,1.1173,1.4587,146.9,96.6,0.536
45.84,32206.5,35334.8,1.0086,0.8188,146.9,96.6,0.536
45.86,32073.7,35124.6,0.3598,0.302,146.9,96.6,0.536
45.88,32117.8,35060.8,0.5754,0.1453,146.9,96.6,0.536
45.9,32036.2,35081.9,0.1766,0.1972,146.9,96.6,0.536
45.92,32005.6,34982.0,0.0269,-0.0486,146.9,96.6,0.536
45.94,31936.9,34842.5,-0.3087,-0.3915,146.9,96.6,0.536
45.96,31877.9,34694.2,-0.5966,-0.756,146.9,96.6,0.536
45.98,31798.0,34643.9,-0.9871,-0.8796,146.9,96.6,0.536
46.0,31812.2,34650.5,-0.9178,-0.8633,146.9,96.6,0.536
46.02,31876.4,34555.7,-0.6041,-1.0964,146.9,96.6,0.536
46.04,31694.2,34607.3,-1.4944,-0.9697,146.9,96.6,0.536
46.06,31729.6,34599.4,-1.3214,-0.9891,146.9,96.6,0.536
46.08,31836.7,34502.7,-0.7979,-1.2268,146.9,96.6,0.536
46.1,31788.7,34411.5,-1.0325,-1.451,146.9,96.6,0.536
46.12,31843.2,34842.7,-0.7665,-0.3908,146.9,96.6,0.536
46.14,32086.3,35079.2,0.4214,0.1904,146.9,96.6,0.536
46.16,32132.0,35373.8,0.6448,0.9147,146.9,96.6,0.536
46.18,32386.6,35716.9,1.8887,1.7581,146.9,96.6,0.536
46.2,32298.6,35811.7,1.4586,1.9911,146.9,96.6,0.536
46.22,32355.1,35644.2,1.7347,1.5794,146.9,96.6,0.536
46.24,32215.2,35480.5,1.0513,1.177,146.9,96.6,0.536
46.26,32217.0,35252.7,1.0598,0.617,146.9,96.6,0.536
46.28,32073.6,35112.0,0.3593,0.271,146.9,96.6,0.536
46.3,32042.8,35110.1,0.209,0.2665,146.9,96.6,0.536
46.32,31972.1,35058.6,-0.1364,0.1399,146.9,96.6,0.536
46.34,31985.6,35014.3,-0.0706,0.0308,146.9,96.6,0.536
46.36,31832.9,34793.4,-0.8166,-0.5122,146.9,96.6,0.536
46.38,31847.0,34721.2,-0.7477,-0.6895,146.9,96.6,0.536
46.4,31899.3,34654.8,-0.4922,-0.8528,146.9,96.6,0.536
46.42,31739.1,34678.7,-1.2748,-0.7941,146.9,96.6,0.536
46.44,31784.6,34629.6,-1.0527,-0.9148,146.9,96.6,0.536
46.46,31908.1,34689.2,-0.4493,-0.7683,146.9,96.6,0.536
46.48,31726.1,34505.8,-1.3384,-1.2191,146.9,96.6,0.536
46.5,31647.5,34496.6,-1.7228,-1.2418,146.9,96.6,0.536
46.52,31811.6,34700.8,-0.921,-0.7397,146.9,96.6,0.536
46.54,32024.1,34910.9,0.1176,-0.2234,146.9,96.6,0.536
46.56,32152.9,35350.0,0.747,0.8561,146.9,96.6,0.536
46.58,32283.7,35638.3,1.3858,1.5648,146.9,96.6,0.536
46.6,32405.4,35753.9,1.9805,1.849,146.9,96.6,0.536
46.62,32361.8,35747.8,1.7675,1.834,146.9,96.6,0.536
46.64,32238.8,35461.5,1.1666,1.1302,146.9,96.6,0.536
46.66,32124.1,35304.2,0.6063,0.7437,146.9,96.6,0.536
46.68,32072.4,35210.3,0.3537,0.5126,146.9,96.6,0.536
46.7,31984.8,35083.9,-0.0746,0.2019,146.9,96.6,0.536
46.72,32048.7,34983.0,0.2378,-0.046,146.9,96.6,0.536
46.74,31908.9,34949.4,-0.4456,-0.1285,146.9,96.6,0.536
46.76,31950.2,34862.3,-0.2436,-0.3429,146.9,96.6,0.536
46.78,31957.2,34756.9,-0.2093,-0.6019,146.9,96.6,0.536
46.8,31881.6,34704.4,-0.5787,-0.7311,146.9,96.6,0.536
46.82,31795.4,34674.8,-1.0,-0.8037,146.9,96.6,0.536
46.84,31842.0,34637.2,-0.7721,-0.8962,146.9,96.6,0.536
46.86,31794.6,34629.4,-1.004,-0.9154,146.9,96.6,0.536
46.88,31808.2,34531.5,-0.9372,-1.156,146.9,96.6,0.536
46.9,31848.2,34465.2,-0.7419,-1.319,146.9,96.6,0.536
46.92,31815.1,34533.8,-0.9039,-1.1502,146.9,96.6,0.536
46.94,31904.7,34835.6,-0.466,-0.4085,146.9,96.6,0.536
46.96,32063.4,35165.3,0.3097,0.402,146.9,96.6,0.536
46.98,32239.1,35450.8,1.1681,1.104,146.9,96.6,0.536
47.0,32349.8,35801.0,1.7087,1.9649,146.9,96.6,0.536
47.02,32438.0,35634.1,2.1397,1.5545,146.9,96.6,0.536
47.04,32384.2,35563.1,1.8771,1.3799,146.9,96.6,0.536
47.06,32098.9,35517.4,0.4832,1.2676,146.9,96.6,0.536
47.08,32137.2,35175.4,0.6703,0.4269,146.9,96.6,0.536
47.1,32128.4,35215.3,0.6271,0.5249,146.9,96.6,0.536
47.12,32051.4,35054.4,0.251,0.1295,146.9,96.6,0.536
47.14,31954.4,35067.7,-0.223,0.1622,146.9,96.6,0.536
47.16,31951.6,34872.1,-0.2366,-0.3187,146.9,96.6,0.536
47.18,31859.7,34826.8,-0.6859,-0.4301,146.9,96.6,0.536
47.2,31889.6,34721.6,-0.5397,-0.6888,146.9,96.6,0.536
47.22,31931.1,34737.3,-0.3367,-0.6501,146.9,96.6,0.536
47.24,31792.2,34581.1,-1.0155,-1.0341,146.9,96.6,0.536
47.26,31819.3,34575.7,-0.8834,-1.0473,146.9,96.6,0.536
47.28,31763.3,34505.8,-1.1566,-1.2192,146.9,96.6,0.536
47.3,31728.2,34411.7,-1.3284,-1.4504,146.9,96.6,0.536
47.32,31765.1,34434.5,-1.1482,-1.3943,146.9,96.6,0.536
47.34,31869.0,34714.0,-0.6403,-0.7074,146.9,96.6,0.536
47.36,31961.2,34978.2,-0.1897,-0.0579,146.9,96.6,0.536
47.38,32177.3,35349.7,0.8663,0.8554,146.9,96.6,0.536
47.4,32375.4,35605.5,1.8338,1.4842,146.9,96.6,0.536
47.42,32367.0,35797.5,1.7927,1.9561,146.9,96.6,0.536
47.44,32271.2,35696.0,1.3249,1.7067,146.9,96.6,0.536
47.46,32255.3,35489.7,1.2472,1.1997,146.9,96.6,0.536
47.48,32047.8,35283.9,0.2331,0.6937,146.9,96.6,0.536
47.5,32049.4,35129.2,0.241,0.3133,146.9,96.6,0.536
47.52,31987.0,35107.3,-0.0637,0.2596,146.9,96.6,0.536
47.54,32102.4,35013.3,0.5003,0.0284,146.9,96.6,0.536
47.56,31983.4,34884.1,-0.0811,-0.2892,146.9,96.6,0.536
47.58,31855.0,34871.3,-0.7089,-0.3205,146.9,96.6,0.536
47.6,31867.5,34755.0,-0.6479,-0.6067,146.9,96.6,0.536
47.62,31888.3,34668.7,-0.5461,-0.8187,146.9,96.6,0.536
47.64,31898.4,34628.1,-0.4968,-0.9184,146.9,96.6,0.536
47.66,31731.9,34629.5,-1.3102,-0.915,146.9,96.6,0.536
47.68,31842.8,34552.9,-0.7685,-1.1033,146.9,96.6,0.536
47.7,31740.1,34452.4,-1.2702,-1.3503,146.9,96.6,0.536
47.72,31658.0,34492.4,-1.6712,-1.2521,146.9,96.6,0.536
47.74,31627.1,34603.4,-1.8224,-0.9793,146.9,96.6,0.536
47.76,31942.6,34824.5,-0.2806,-0.4357,146.9,96.6,0.536
47.78,32106.2,35225.3,0.5188,0.5495,146.9,96.6,0.536
47.8,32226.5,35482.8,1.1065,1.1826,146.9,96.6,0.536
47.82,32421.9,35745.6,2.0611,1.8287,146.9,96.6,0.536
47.84,32409.4,35893.9,1.9999,2.1933,146.9,96.6,0.536
47.86,32288.0,35550.5,1.4068,1.3492,146.9,96.6,0.536
47.88,32259.2,35312.1,1.2661,0.763,146.9,96.6,0.536
47.9,32150.3,35144.1,0.7341,0.3499,146.9,96.6,0.536
47.92,32074.6,35116.6,0.3642,0.2824,146.9,96.6,0.536
47.94,32117.9,35029.9,0.5757,0.0692,146.9,96.6,0.536
47.96,31926.0,35031.5,-0.3619,0.0731,146.9,96.6,0.536
47.98,31971.1,34970.9,-0.1412,-0.0759,146.9,96.6,0.536
48.0,31891.8,34821.5,-0.5288,-0.443,146.9,96.6,0.536
48.02,31865.9,34651.3,-0.6554,-0.8614,146.9,96.6,0.536
48.04,31895.1,34564.3,-0.5129,-1.0753,146.9,96.6,0.536
48.06,31813.7,34608.3,-0.9103,-0.9673,146.9,96.6,0.536
48.08,31672.8,34649.5,-1.599,-0.8659,146.9,96.6,0.536
48.1,31867.3,34537.6,-0.6488,-1.141,146.9,96.6,0.536
48.12,31809.2,34465.7,-0.9324,-1.3176,146.9,96.6,0.536
48.14,31768.1,34512.0,-1.1335,-1.2039,146.9,96.6,0.536
48.16,31960.1,34731.6,-0.1952,-0.664,146.9,96.6,0.536
48.18,32017.9,34939.8,0.0873,-0.1522,146.9,96.6,0.536
48.2,32190.3,35377.2,0.9296,0.9229,146.9,96.6,0.536
48.22,32389.3,35697.5,1.9019,1.7104,146.9,96.6,0.536
48.24,32418.4,35750.3,2.044,1.8402,146.9,96.6,0.536
48.26,32335.2,35655.9,1.6373,1.6081,146.9,96.6,0.536
48.28,32238.7,35350.4,1.1659,0.8571,146.9,96.6,0.536
48.3,32172.4,35279.5,0.8422,0.6828,146.9,96.6,0.536
48.32,32126.8,35171.7,0.6195,0.4178,146.9,96.6,0.536
48.34,32081.2,35147.6,0.3967,0.3587,146.9,96.6,0.536
48.36,31966.4,35012.7,-0.1646,0.027,146.9,96.6,0.536
48.38,31969.3,34955.8,-0.1501,-0.1129,146.9,96.6,0.536
48.4,31878.9,34828.8,-0.5917,-0.425,146.9,96.6,0.536
48.42,31803.5,34711.3,-0.9602,-0.714,146.9,96.6,0.536
48.44,31812.5,34642.8,-0.9162,-0.8824,146.9,96.6,0.536
48.46,31846.3,34695.0,-0.7514,-0.7539,146.9,96.6,0.536
48.48,31796.3,34610.6,-0.9956,-0.9616,146.9,96.6,0.536
48.5,31767.1,34606.6,-1.1382,-0.9713,146.9,96.6,0.536
48.52,31765.6,34597.9,-1.1455,-0.9928,146.9,96.6,0.536
48.54,31768.9,34454.6,-1.1294,-1.3451,146.9,96.6,0.536
48.56,31769.8,34551.4,-1.1253,-1.107,146.9,96.6,0.536
48.58,31978.0,34878.2,-0.1077,-0.3037,146.9,96.6,0.536
48.6,32101.9,35243.1,0.4978,0.5935,146.9,96.6,0.536
48.62,32178.9,35608.0,0.8739,1.4904,146.9,96.6,0.536
48.64,32393.0,35765.5,1.92,1.8776,146.9,96.6,0.536
48.66,32411.8,35723.9,2.012,1.7753,146.9,96.6,0.536
48.68,32234.1,35618.6,1.1435,1.5164,146.9,96.6,0.536
48.7,32162.9,35413.0,0.7958,1.011,146.9,96.6,0.536
48.72,32023.9,35261.6,0.1165,0.6389,146.9,96.6,0.536
48.74,32071.8,35061.0,0.3503,0.1457,146.9,96.6,0.536
48.76,31979.7,35104.4,-0.0993,0.2523,146.9,96.6,0.536
48.78,32011.6,34980.7,0.0565,-0.0517,146.9,96.6,0.536
48.8,31974.2,34839.7,-0.1263,-0.3984,146.9,96.6,0.536
48.82,31985.4,34762.9,-0.0717,-0.5871,146.9,96.6,0.536
48.84,31767.1,34609.6,-1.1382,-0.9639,146.9,96.6,0.536
48.86,31820.4,34723.3,-0.878,-0.6845,146.9,96.6,0.536
48.88,31862.8,34634.2,-0.6705,-0.9036,146.9,96.6,0.536
48.9,31785.8,34567.7,-1.0468,-1.067,146.9,96.6,0.536
48.92,31759.6,34601.7,-1.1747,-0.9835,146.9,96.6,0.536
48.94,31816.6,34513.9,-0.8966,-1.1991,146.9,96.6,0.536
48.96,31810.4,34560.9,-0.9268,-1.0838,146.9,96.6,0.536
48.98,31874.5,34697.7,-0.6137,-0.7475,146.9,96.6,0.536
49.0,32085.5,35106.1,0.4177,0.2566,146.9,96.6,0.536
49.02,32223.9,35475.3,1.0937,1.1643,146.9,96.6,0.536
49.04,32360.2,35652.6,1.7598,1.6,146.9,96.6,0.536
49.06,32318.3,35742.3,1.555,1.8205,146.9,96.6,0.536
49.08,32270.6,35621.7,1.3217,1.5242,146.9,96.6,0.536
49.1,32172.5,35476.2,0.8427,1.1663,146.9,96.6,0.536
49.12,32094.2,35326.3,0.46,0.7979,146.9,96.6,0.536
49.14,31950.3,35084.9,-0.243,0.2045,146.9,96.6,0.536
49.16,32026.5,35078.9,0.1291,0.1897,146.9,96.6,0.536
49.18,31905.2,34997.3,-0.4636,-0.011,146.9,96.6,0.536
49.2,32008.0,34930.7,0.0388,-0.1746,146.9,96.6,0.536
49.22,31893.0,34790.4,-0.5229,-0.5195,146.9,96.6,0.536
49.24,31808.6,34687.7,-0.9352,-0.772,146.9,96.6,0.536
49.26,31817.9,34612.0,-0.89,-0.9581,146.9,96.6,0.536
49.28,31812.4,34683.9,-0.9168,-0.7813,146.9,96.6,0.536
49.3,31823.8,34656.9,-0.8612,-0.8476,146.9,96.6,0.536
49.32,31826.9,34521.8,-0.8462,-1.1797,146.9,96.6,0.536
49.34,31736.7,34528.6,-1.2865,-1.1631,146.9,96.6,0.536
49.36,31649.0,34475.9,-1.7153,-1.2926,146.9,96.6,0.536
49.38,31833.4,34538.0,-0.8145,-1.14,146.9,96.6,0.536
49.4,31962.6,34977.4,-0.1829,-0.0597,146.9,96.6,0.536
49.42,32127.7,35294.0,0.6236,0.7185,146.9,96.6,0.536
49.44,32325.2,35584.1,1.5887,1.4316,146.9,96.6,0.536
49.46,32436.7,35774.7,2.1333,1.9001,146.9,96.6,0.536
49.48,32327.0,35607.4,1.5972,1.489,146.9,96.6,0.536
49.5,32196.7,35463.9,0.9608,1.1362,146.9,96.6,0.536
49.52,32116.0,35330.9,0.5666,0.8093,146.9,96.6,0.536
49.54,32080.0,35093.4,0.3905,0.2254,146.9,96.6,0.536
49.56,32092.0,35039.2,0.449,0.0921,146.9,96.6,0.536
49.58,32126.8,35072.8,0.6191,0.1747,146.9,96.6,0.536
49.6,31958.0,34971.8,-0.2057,-0.0736,146.9,96.6,0.536
49.62,31964.7,34870.1,-0.1727,-0.3235,146.9,96.6,0.536
49.64,31927.2,34809.2,-0.356,-0.4733,146.9,96.6,0.536
49.66,31837.2,34659.4,-0.7957,-0.8416,146.9,96.6,0.536
49.68,31887.7,34655.0,-0.5491,-0.8524,146.9,96.6,0.536
49.7,31763.4,34699.0,-1.1565,-0.7443,146.9,96.6,0.536
49.72,31780.6,34533.1,-1.0722,-1.152,146.9,96.6,0.536
49.74,31771.8,34456.9,-1.1153,-1.3393,146.9,96.6,0.536
49.76,31673.2,34485.2,-1.597,-1.2697,146.9,96.6,0.536
49.78,31716.5,34502.7,-1.3853,-1.2267,146.9,96.6,0.536
49.8,31881.6,34753.2,-0.5788,-0.611,146.9,96.6,0.536
49.82,32073.6,35077.9,0.3593,0.1872,146.9,96.6,0.536
49.84,32344.9,35596.3,1.685,1.4618,146.9,96.6,0.536
49.86,32242.9,35654.6,1.1868,1.605,146.9,96.6,0.536
49.88,32339.2,35854.3,1.6573,2.0958,146.9,96.6,0.536
49.9,32372.3,35595.8,1.8189,1.4603,146.9,96.6,0.536
49.92,32209.9,35374.6,1.0251,0.9165,146.9,96.6,0.536
49.94,32081.2,35195.5,0.3963,0.4762,146.9,96.6,0.536
49.96,32048.4,35161.8,0.2363,0.3935,146.9,96.6,0.536
49.98,32116.7,35055.7,0.5702,0.1326,146.9,96.6,0.536
50.0,31946.2,35021.3,-0.2632,0.0482,146.9,96.6,0.536
50.02,31976.6,34889.9,-0.1147,-0.2749,146.9,96.6,0.536
50.04,31776.5,34775.4,-1.0922,-0.5563,146.9,96.6,0.536
50.06,31725.7,34740.7,-1.3405,-0.6417,146.9,96.6,0.536
50.08,31773.6,34729.4,-1.1063,-0.6694,146.9,96.6,0.536
50.1,31798.1,34762.6,-0.9866,-0.5878,146.9,96.6,0.536
50.12,31799.4,34642.8,-0.9806,-0.8823,146.9,96.6,0.536
50.14,31695.1,34503.1,-1.4899,-1.2257,146.9,96.6,0.536
50.16,31753.6,34439.7,-1.204,-1.3817,146.9,96.6,0.536
50.18,31678.7,34554.5,-1.5701,-1.0995,146.9,96.6,0.536
50.2,31854.8,34606.8,-0.7099,-0.971,146.9,96.6,0.536
50.22,31973.9,34997.3,-0.1276,-0.0109,146.9,96.6,0.536
50.24,32207.1,35318.6,1.0116,0.7789,146.9,96.6,0.536
50.26,32290.6,35727.1,1.4198,1.7833,146.9,96.6,0.536
50.28,32392.7,35733.2,1.9186,1.7981,146.9,96.6,0.536
50.3,32334.4,35618.9,1.6336,1.5173,146.9,96.6,0.536
50.32,32260.6,35457.7,1.2732,1.1209,146.9,96.6,0.536
50.34,32073.0,35283.2,0.3563,0.6919,146.9,96.6,0.536
50.36,32139.2,35127.2,0.6797,0.3084,146.9,96.6,0.536
50.38,32065.8,35136.2,0.3215,0.3305,146.9,96.6,0.536
50.4,32073.1,34999.5,0.3571,-0.0056,146.9,96.6,0.536
50.42,31998.5,34954.7,-0.0073,-0.1157,146.9,96.6,0.536
50.44,31944.1,34896.2,-0.2734,-0.2594,146.9,96.6,0.536
50.46,31883.8,34714.1,-0.5681,-0.707,146.9,96.6,0.536
50.48,31827.2,34680.2,-0.8448,-0.7905,146.9,96.6,0.536
50.5,31887.5,34690.1,-0.5502,-0.7662,146.9,96.6,0.536
50.52,31855.2,34675.1,-0.7079,-0.803,146.9,96.6,0.536
50.54,31840.7,34583.0,-0.7788,-1.0294,146.9,96.6,0.536
50.56,31726.0,34556.8,-1.339,-1.0938,146.9,96.6,0.536
50.58,31787.4,34577.3,-1.0389,-1.0435,146.9,96.6,0.536
50.6,31747.7,34531.9,-1.2331,-1.1549,146.9,96.6,0.536
50.62,31874.4,34809.7,-0.6141,-0.4721,146.9,96.6,0.536
50.64,32028.1,35224.8,0.1371,0.5483,146.9,96.6,0.536
50.66,32311.8,35583.0,1.5233,1.429,146.9,96.6,0.536
50.68,32370.9,35782.3,1.8118,1.9189,146.9,96.6,0.536
50.7,32374.3,35695.6,1.8288,1.7058,146.9,96.6,0.536
50.72,32246.0,35670.2,1.2015,1.6433,146.9,96.6,0.536
50.74,32107.4,35333.1,0.5243,0.8147,146.9,96.6,0.536
50.76,32042.8,35142.4,0.2088,0.3458,146.9,96.6,0.536
50.78,32096.6,35132.4,0.472,0.3213,146.9,96.6,0.536
50.8,31954.9,35080.5,-0.2206,0.1935,146.9,96.6,0.536
50.82,32014.9,35072.1,0.0726,0.1729,146.9,96.6,0.536
50.84,31933.8,34961.5,-0.3236,-0.099,146.9,96.6,0.536
50.86,31872.5,34691.7,-0.6234,-0.7621,146.9,96.6,0.536
50.88,31839.5,34737.3,-0.7845,-0.6501,146.9,96.6,0.536
50.9,31863.0,34751.5,-0.6697,-0.6151,146.9,96.6,0.536
50.92,31908.9,34624.5,-0.4455,-0.9275,146.9,96.6,0.536
50.94,31808.9,34563.4,-0.9342,-1.0774,146.9,96.6,0.536
50.96,31825.1,34493.1,-0.855,-1.2503,146.9,96.6,0.536
50.98,31739.5,34440.9,-1.2732,-1.3787,146.9,96.6,0.536
51.0,31761.2,34467.2,-1.1668,-1.314,146.9,96.6,0.536
51.02,31829.4,34754.8,-0.8337,-0.607,146.9,96.6,0.536
51.04,32054.3,34952.5,0.2649,-0.1211,146.9,96.6,0.536
51.06,32294.6,35530.4,1.4391,1.2997,146.9,96.6,0.536
51.08,32299.2,35693.3,1.4614,1.7,146.9,96.6,0.536
51.1,32412.4,35821.3,2.0147,2.0149,146.9,96.6,0.536
51.12,32323.7,35607.9,1.5816,1.4901,146.9,96.6,0.536
51.14,32251.5,35478.0,1.2285,1.1708,146.9,96.6,0.536
51.16,32101.3,35330.9,0.4948,0.8093,146.9,96.6,0.536
51.18,32082.5,35142.2,0.4027,0.3453,146.9,96.6,0.536
51.2,32034.0,35114.0,0.166,0.276,146.9,96.6,0.536
51.22,32085.4,35026.7,0.417,0.0614,146.9,96.6,0.536
51.24,31958.8,34955.6,-0.2016,-0.1134,146.9,96.6,0.536
51.26,31860.0,34668.0,-0.6844,-0.8204,146.9,96.6,0.536
51.28,31852.5,34756.9,-0.7211,-0.6019,146.9,96.6,0.536
51.3,31824.3,34668.2,-0.8589,-0.8199,146.9,96.6,0.536
51.32,31846.0,34668.6,-0.7527,-0.819,146.9,96.6,0.536
51.34,31771.6,34688.7,-1.1162,-0.7695,146.9,96.6,0.536
51.36,31805.3,34556.0,-0.9514,-1.0959,146.9,96.6,0.536
51.38,31756.9,34470.0,-1.1881,-1.3072,146.9,96.6,0.536
51.4,31809.8,34407.1,-0.9294,-1.4617,146.9,96.6,0.536
51.42,31780.3,34575.4,-1.0737,-1.0481,146.9,96.6,0.536
51.44,31908.9,34824.2,-0.4455,-0.4364,146.9,96.6,0.536
51.46,32113.5,35244.8,0.5543,0.5976,146.9,96.6,0.536
51.48,32260.6,35569.9,1.2728,1.3967,146.9,96.6,0.536
51.5,32380.4,35780.5,1.8582,1.9145,146.9,96.6,0.536
51.52,32431.5,35644.8,2.1083,1.5809,146.9,96.6,0.536
51.54,32241.4,35530.5,1.1791,1.3,146.9,96.6,0.536
51.56,32231.2,35355.4,1.1295,0.8694,146.9,96.6,0.536
51.58,32075.6,35162.6,0.3691,0.3956,146.9,96.6,0.536
51.6,32161.7,35102.3,0.7897,0.2473,146.9,96.6,0.536
51.62,32072.9,34997.3,0.3557,-0.0108,146.9,96.6,0.536
51.64,32055.9,35027.1,0.2729,0.0623,146.9,96.6,0.536
51.66,31906.9,34821.7,-0.4553,-0.4425,146.9,96.6,0.536
51.68,31808.8,34818.7,-0.9346,-0.45,146.9,96.6,0.536
51.7,31854.3,34702.9,-0.7123,-0.7347,146.9,96.6,0.536
51.72,31826.7,34663.0,-0.8469,-0.8328,146.9,96.6,0.536
51.74,31844.9,34809.2,-0.758,-0.4734,146.9,96.6,0.536
51.76,31757.6,34633.9,-1.1848,-0.9042,146.9,96.6,0.536
51.78,31678.6,34509.1,-1.5708,-1.2112,146.9,96.6,0.536
51.8,31688.9,34491.5,-1.5203,-1.2544,146.9,96.6,0.536
51.82,31770.0,34537.3,-1.1241,-1.1418,146.9,96.6,0.536
51.84,31881.6,34755.5,-0.5788,-0.6054,146.9,96.6,0.536
51.86,31989.7,35088.2,-0.0505,0.2127,146.9,96.6,0.536
51.88,32261.8,35467.2,1.2787,1.1444,146.9,96.6,0.536
51.9,32472.4,35742.7,2.308,1.8216,146.9,96.6,0.536
51.92,32345.1,35688.5,1.6858,1.6882,146.9,96.6,0.536
51.94,32276.7,35624.2,1.3517,1.5301,146.9,96.6,0.536
51.96,32221.7,35359.8,1.0829,0.8803,146.9,96.6,0.536
51.98,32071.0,35219.7,0.3466,0.5357,146.9,96.6,0.536
52.0,31951.3,35039.8,-0.2383,0.0936,146.9,96.6,0.536
52.02,31998.5,35165.4,-0.0078,0.4023,146.9,96.6,0.536
52.04,31986.5,35059.7,-0.0664,0.1425,146.9,96.6,0.536
52.06,31986.0,34857.0,-0.0687,-0.3558,146.9,96.6,0.536
52.08,31943.0,34835.5,-0.2788,-0.4085,146.9,96.6,0.536
52.1,31871.7,34709.9,-0.627,-0.7174,146.9,96.6,0.536
52.12,31874.0,34673.9,-0.6159,-0.806,146.9,96.6,0.536
52.14,31753.8,34659.8,-1.2034,-0.8405,146.9,96.6,0.536
52.16,31847.1,34625.2,-0.7474,-0.9256,146.9,96.6,0.536
52.18,31811.9,34530.2,-0.9191,-1.1592,146.9,96.6,0.536
52.2,31748.8,34482.1,-1.2274,-1.2774,146.9,96.6,0.536
52.22,31675.8,34442.2,-1.5842,-1.3754,146.9,96.6,0.536
52.24,31887.8,34558.7,-0.5487,-1.0891,146.9,96.6,0.536
52.26,31987.7,34991.1,-0.0604,-0.0261,146.9,96.6,0.536
52.28,32190.1,35263.1,0.9285,0.6426,146.9,96.6,0.536
52.3,32320.4,35637.6,1.565,1.5631,146.9,96.6,0.536
52.32,32400.7,35836.6,1.9574,2.0525,146.9,96.6,0.536
52.34,32318.6,35628.0,1.5564,1.5395,146.9,96.6,0.536
52.36,32277.1,35484.7,1.3534,1.1872,146.9,96.6,0.536
52.38,32075.8,35369.6,0.37,0.9044,146.9,96.6,0.536
52.4,32074.2,35104.0,0.3624,0.2514,146.9,96.6,0.536
52.42,32052.4,35070.4,0.2557,0.1688,146.9,96.6,0.536
52.44,31981.2,35054.3,-0.0923,0.1293,146.9,96.6,0.536
52.46,32057.7,34996.0,0.2817,-0.014,146.9,96.6,0.536
52.48,31964.6,34897.4,-0.1733,-0.2566,146.9,96.6,0.536
52.5,31726.2,34846.2,-1.3382,-0.3822,146.9,96.6,0.536
52.52,31764.8,34740.7,-1.1494,-0.6418,146.9,96.6,0.536
52.54,31875.7,34667.8,-0.6077,-0.821,146.9,96.6,0.536
52.56,31746.4,34650.1,-1.2395,-0.8644,146.9,96.6,0.536
52.58,31769.8,34568.0,-1.1252,-1.0662,146.9,96.6,0.536
52.6,31737.2,34507.0,-1.2841,-1.2162,146.9,96.6,0.536
52.62,31724.5,34463.9,-1.3465,-1.3222,146.9,96.6,0.536
52.64,31865.0,34524.6,-0.6597,-1.1729,146.9,96.6,0.536
52.66,31849.1,34727.6,-0.7377,-0.6738,146.9,96.6,0.536
52.68,32104.4,35243.3,0.5098,0.5939,146.9,96.6,0.536
52.7,32191.3,35530.6,0.9343,1.3002,146.9,96.6,0.536
52.72,32419.6,35721.7,2.0499,1.7699,146.9,96.6,0.536
52.74,32290.4,35835.3,1.4186,2.0492,146.9,96.6,0.536
52.76,32196.0,35594.9,0.9573,1.4582,146.9,96.6,0.536
52.78,32085.8,35369.2,0.4187,0.9034,146.9,96.6,0.536
52.8,32066.8,35209.0,0.3262,0.5096,146.9,96.6,0.536
52.82,32015.9,35175.5,0.0776,0.4272,146.9,96.6,0.536
52.84,32040.3,35127.0,0.1965,0.3079,146.9,96.6,0.536
52.86,31937.5,34996.8,-0.3058,-0.0122,146.9,96.6,0.536
52.88,32011.4,34817.3,0.0552,-0.4534,146.9,96.6,0.536
52.9,31861.5,34715.2,-0.677,-0.7044,146.9,96.6,0.536
52.92,31898.1,34634.4,-0.4981,-0.903,146.9,96.6,0.536
52.94,31886.3,34644.1,-0.556,-0.8791,146.9,96.6,0.536
52.96,31759.5,34634.3,-1.1755,-0.9032,146.9,96.6,0.536
52.98,31756.0,34534.2,-1.1927,-1.1493,146.9,96.6,0.536
53.0,31709.5,34505.5,-1.4197,-1.22,146.9,96.6,0.536
53.02,31816.5,34490.7,-0.8966,-1.2562,146.9,96.6,0.536
53.04,31729.9,34484.7,-1.32,-1.271,146.9,96.6,0.536
53.06,31864.9,34711.1,-0.6605,-0.7143,146.9,96.6,0.536
53.08,31930.9,35074.2,-0.3377,0.1782,146.9,96.6,0.536
53.1,32153.5,35434.8,0.7496,1.0647,146.9,96.6,0.536
53.12,32352.8,35678.8,1.7237,1.6644,146.9,96.6,0.536
53.14,32355.1,35707.9,1.7347,1.7361,146.9,96.6,0.536
53.16,32305.1,35607.4,1.4904,1.4888,146.9,96.6,0.536
53.18,32300.1,35551.8,1.4659,1.3523,146.9,96.6,0.536
53.2,32185.1,35330.7,0.9041,0.8086,146.9,96.6,0.536
53.22,32020.7,35120.3,0.1006,0.2914,146.9,96.6,0.536
53.24,32031.6,35173.7,0.154,0.4228,146.9,96.6,0.536
53.26,31934.9,35038.8,-0.3184,0.091,146.9,96.6,0.536
53.28,32043.5,35079.9,0.2125,0.1923,146.9,96.6,0.536
53.3,31984.9,34834.9,-0.0739,-0.4102,146.9,96.6,0.536
53.32,31897.6,34692.0,-0.5008,-0.7614,146.9,96.6,0.536
53.34,31764.1,34804.3,-1.1529,-0.4854,146.9,96.6,0.536
53.36,31802.7,34701.8,-0.9645,-0.7373,146.9,96.6,0.536
53.38,31831.6,34654.9,-0.8228,-0.8525,146.9,96.6,0.536
53.4,31804.8,34515.9,-0.9539,-1.1943,146.9,96.6,0.536
53.42,31793.9,34569.4,-1.0071,-1.0627,146.9,96.6,0.536
53.44,31755.1,34521.9,-1.197,-1.1796,146.9,96.6,0.536
53.46,31778.5,34649.0,-1.0823,-0.8672,146.9,96.6,0.536
53.48,31972.2,34813.6,-0.1362,-0.4625,146.9,96.6,0.536
53.5,32084.8,35188.8,0.4143,0.4598,146.9,96.6,0.536
53.52,32262.9,35510.2,1.284,1.2501,146.9,96.6,0.536
53.54,32392.9,35794.4,1.9196,1.9487,146.9,96.6,0.536
53.56,32431.2,35723.8,2.1066,1.775,146.9,96.6,0.536
53.58,32234.0,35611.6,1.1431,1.4992,146.9,96.6,0.536
53.6,32178.2,35318.6,0.8706,0.7791,146.9,96.6,0.536
53.62,32029.5,35163.7,0.1441,0.3982,146.9,96.6,0.536
53.64,32074.1,35094.9,0.3616,0.2291,146.9,96.6,0.536
53.66,31964.1,35019.6,-0.1758,0.0438,146.9,96.6,0.536
53.68,31999.2,35018.0,-0.004,0.0399,146.9,96.6,0.536
53.7,31902.3,34913.6,-0.4778,-0.2168,146.9,96.6,0.536
53.72,31878.6,34866.9,-0.5937,-0.3314,146.9,96.6,0.536
53.74,31882.6,34620.6,-0.574,-0.937,146.9,96.6,0.536
53.76,31874.5,34662.6,-0.6136,-0.8337,146.9,96.6,0.536
53.78,31849.9,34703.3,-0.7338,-0.7336,146.9,96.6,0.536
53.8,31800.6,34636.5,-0.9745,-0.8978,146.9,96.6,0.536
53.82,31771.7,34549.6,-1.1155,-1.1114,146.9,96.6,0.536
53.84,31734.3,34501.3,-1.2985,-1.2302,146.9,96.6,0.536
53.86,31650.6,34471.5,-1.7076,-1.3036,146.9,96.6,0.536
53.88,31965.7,34720.8,-0.1677,-0.6906,146.9,96.6,0.536
53.9,32047.5,35098.6,0.2318,0.2381,146.9,96.6,0.536
53.92,32252.2,35427.5,1.2321,1.0467,146.9,96.6,0.536
53.94,32281.3,35767.8,1.3741,1.8834,146.9,96.6,0.536
53.96,32503.7,35686.7,2.4608,1.6838,146.9,96.6,0.536
53.98,32310.6,35622.5,1.5172,1.5261,146.9,96.6,0.536
54.0,32209.8,35400.2,1.025,0.9796,146.9,96.6,0.536
54.02,32078.0,35281.8,0.3811,0.6885,146.9,96.6,0.536
54.04,32021.1,35130.9,0.1027,0.3176,146.9,96.6,0.536
54.06,32144.3,35052.0,0.705,0.1236,146.9,96.6,0.536
54.08,32017.8,35022.2,0.0868,0.0503,146.9,96.6,0.536
54.1,32068.8,34989.9,0.3358,-0.0291,146.9,96.6,0.536
54.12,31969.2,34821.4,-0.1505,-0.4433,146.9,96.6,0.536
54.14,31825.6,34629.7,-0.8526,-0.9145,146.9,96.6,0.536
54.16,31837.5,34676.2,-0.7944,-0.8002,146.9,96.6,0.536
54.18,31928.4,34645.3,-0.3499,-0.8762,146.9,96.6,0.536
54.2,31667.3,34640.5,-1.6259,-0.888,146.9,96.6,0.536
54.22,31791.8,34604.7,-1.0175,-0.976,146.9,96.6,0.536
54.24,31719.5,34490.4,-1.3708,-1.2571,146.9,96.6,0.536
54.26,31806.3,34496.2,-0.9466,-1.2428,146.9,96.6,0.536
54.28,31858.1,34621.7,-0.6936,-0.9342,146.9,96.6,0.536
54.3,31965.7,34884.7,-0.168,-0.2877,146.9,96.6,0.536
54.32,32112.1,35260.0,0.5473,0.6349,146.9,96.6,0.536
54.34,32299.2,35674.9,1.4614,1.6548,146.9,96.6,0.536
54.36,32375.6,35804.7,1.8351,1.974,146.9,96.6,0.536
54.38,32395.4,35684.4,1.9316,1.6782,146.9,96.6,0.536
54.4,32273.3,35516.2,1.3353,1.2647,146.9,96.6,0.536
54.42,32088.1,35340.5,0.43,0.8327,146.9,96.6,0.536
54.44,32125.0,35153.3,0.6105,0.3725,146.9,96.6,0.536
54.46,32003.4,35152.7,0.0163,0.371,146.9,96.6,0.536
54.48,32040.5,35086.7,0.1974,0.2088,146.9,96.6,0.536
54.5,32003.2,34887.3,0.0153,-0.2813,146.9,96.6,0.536
54.52,31902.3,34863.6,-0.4778,-0.3396,146.9,96.6,0.536
54.54,31832.0,34873.9,-0.8211,-0.3143,146.9,96.6,0.536
54.56,31785.0,34713.0,-1.0507,-0.7099,146.9,96.6,0.536
54.58,31869.4,34663.8,-0.6385,-0.8309,146.9,96.6,0.536
54.6,31852.6,34701.7,-0.7206,-0.7376,146.9,96.6,0.536
54.62,31802.1,34616.9,-0.9671,-0.9461,146.9,96.6,0.536
54.64,31812.1,34497.5,-0.9182,-1.2395,146.9,96.6,0.536
54.66,31682.1,34562.5,-1.5536,-1.0799,146.9,96.6,0.536
54.68,31723.3,34509.9,-1.3523,-1.209,146.9,96.6,0.536
54.7,31912.0,34708.7,-0.4302,-0.7202,146.9,96.6,0.536
54.72,32042.5,35131.6,0.2073,0.3193,146.9,96.6,0.536
54.74,32259.2,35477.2,1.2662,1.1688,146.9,96.6,0.536
54.76,32362.3,35714.7,1.7699,1.7528,146.9,96.6,0.536
54.78,32313.9,35721.8,1.5333,1.7702,146.9,96.6,0.536
54.8,32303.8,35577.2,1.4841,1.4146,146.9,96.6,0.536
54.82,32161.3,35399.5,0.7881,0.9778,146.9,96.6,0.536
54.84,32177.8,35197.7,0.8683,0.4818,146.9,96.6,0.536
54.86,32109.2,35198.2,0.5333,0.4829,146.9,96.6,0.536
54.88,31958.8,34980.2,-0.2015,-0.053,146.9,96.6,0.536
54.9,32011.5,35155.3,0.0561,0.3775,146.9,96.6,0.536
54.92,32015.9,34873.3,0.0773,-0.3158,146.9,96.6,0.536
54.94,31935.3,34820.9,-0.3163,-0.4445,146.9,96.6,0.536
54.96,31823.3,34903.6,-0.8637,-0.2412,146.9,96.6,0.536
54.98,31785.5,34603.4,-1.0482,-0.9793,146.9,96.6,0.536
55.0,31817.0,34666.0,-0.8946,-0.8254,146.9,96.6,0.536
55.02,31859.4,34521.6,-0.6874,-1.1804,146.9,96.6,0.536
55.04,31663.2,34507.2,-1.6457,-1.2156,146.9,96.6,0.536
55.06,31763.4,34451.8,-1.1563,-1.3518,146.9,96.6,0.536
55.08,31724.5,34411.0,-1.3462,-1.4522,146.9,96.6,0.536
55.1,31902.4,34677.2,-0.477,-0.7979,146.9,96.6,0.536
55.12,32031.9,35046.7,0.1555,0.1105,146.9,96.6,0.536
55.14,32129.4,35388.1,0.6322,0.9499,146.9,96.6,0.536
55.16,32328.1,35567.6,1.6028,1.3911,146.9,96.6,0.536
55.18,32336.1,35783.6,1.6417,1.922,146.9,96.6,0.536
55.2,32392.2,35570.5,1.9159,1.3981,146.9,96.6,0.536
55.22,32299.4,35550.8,1.4625,1.3497,146.9,96.6,0.536
55.24,32070.7,35344.5,0.3452,0.8425,146.9,96.6,0.536
55.26,32054.0,35139.2,0.2637,0.3379,146.9,96.6,0.536
55.28,32019.6,35060.4,0.0953,0.1442,146.9,96.6,0.536
55.3,32032.6,35040.1,0.1589,0.0943,146.9,96.6,0.536
55.32,32018.0,34960.8,0.0878,-0.1007,146.9,96.6,0.536
55.34,31907.2,34798.6,-0.4537,-0.4994,146.9,96.6,0.536
55.36,31832.8,34822.2,-0.8171,-0.4412,146.9,96.6,0.536
55.38,31776.2,34603.1,-1.0939,-0.9799,146.9,96.6,0.536
55.4,31807.0,34694.7,-0.9434,-0.7549,146.9,96.6,0.536
55.42,31857.3,34645.7,-0.6973,-0.8752,146.9,96.6,0.536
55.44,31807.9,34650.9,-0.9387,-0.8624,146.9,96.6,0.536
55.46,31808.9,34498.7,-0.9342,-1.2367,146.9,96.6,0.536
55.48,31725.2,34353.6,-1.3431,-1.5934,146.9,96.6,0.536
55.5,31735.9,34658.7,-1.2905,-0.8432,146.9,96.6,0.536
55.52,31798.3,34875.7,-0.9856,-0.3097,146.9,96.6,0.536
55.54,32148.6,35129.9,0.7258,0.315,146.9,96.6,0.536
55.56,32290.0,35527.2,1.4169,1.2918,146.9,96.6,0.536
55.58,32364.6,35735.4,1.7813,1.8035,146.9,96.6,0.536
55.6,32387.9,35825.1,1.8951,2.0241,146.9,96.6,0.536
55.62,32252.8,35520.8,1.2349,1.2761,146.9,96.6,0.536
55.64,32252.9,35334.3,1.2354,0.8175,146.9,96.6,0.536
55.66,32121.7,35186.1,0.5945,0.4532,146.9,96.6,0.536
55.68,32012.0,35120.0,0.0584,0.2907,146.9,96.6,0.536
55.7,32065.7,35044.4,0.3208,0.1048,146.9,96.6,0.536
55.72,31970.3,34964.1,-0.1451,-0.0925,146.9,96.6,0.536
55.74,31907.0,34811.9,-0.4548,-0.4666,146.9,96.6,0.536
55.76,31867.6,34715.2,-0.6473,-0.7045,146.9,96.6,0.536
55.78,31834.9,34694.1,-0.8071,-0.7562,146.9,96.6,0.536
55.8,31815.0,34635.2,-0.904,-0.901,146.9,96.6,0.536
55.82,31897.3,34646.9,-0.5019,-0.8723,146.9,96.6,0.536
55.84,31883.0,34551.8,-0.5719,-1.1061,146.9,96.6,0.536
55.86,31698.4,34568.9,-1.4738,-1.0639,146.9,96.6,0.536
55.88,31697.9,34490.3,-1.4761,-1.2572,146.9,96.6,0.536
55.9,31763.0,34541.9,-1.1583,-1.1304,146.9,96.6,0.536
55.92,31846.1,34685.9,-0.7521,-0.7764,146.9,96.6,0.536
55.94,32012.2,35074.5,0.0591,0.1789,146.9,96.6,0.536
55.96,32142.6,35410.8,0.6967,1.0056,146.9,96.6,0.536
55.98,32287.0,35657.0,1.4022,1.6108,146.9,96.6,0.536
56.0,32265.3,35743.0,1.2962,1.8223,146.9,96.6,0.536
56.02,32238.9,35640.6,1.167,1.5705,146.9,96.6,0.536
56.04,32173.1,35389.8,0.8455,0.954,146.9,96.6,0.536
56.06,32097.7,35260.8,0.477,0.6368,146.9,96.6,0.536
56.08,32068.4,35055.1,0.3337,0.1311,146.9,96.6,0.536
56.1,32103.2,35110.8,0.504,0.2681,146.9,96.6,0.536
56.12,32119.2,35097.7,0.582,0.236,146.9,96.6,0.536
56.14,31949.0,34980.8,-0.2495,-0.0515,146.9,96.6,0.536
56.16,31912.4,34818.0,-0.4284,-0.4516,146.9,96.6,0.536
56.18,31877.2,34737.2,-0.6002,-0.6503,146.9,96.6,0.536
56.2,31816.2,34587.3,-0.8981,-1.0189,146.9,96.6,0.536
56.22,31678.2,34661.9,-1.5724,-0.8353,146.9,96.6,0.536
56.24,31808.7,34607.2,-0.9352,-0.9699,146.9,96.6,0.536
56.26,31767.6,34505.1,-1.1358,-1.2209,146.9,96.6,0.536
56.28,31842.4,34466.2,-0.7704,-1.3165,146.9,96.6,0.536
56.3,31731.0,34437.8,-1.3144,-1.3864,146.9,96.6,0.536
56.32,31867.3,34648.0,-0.6485,-0.8695,146.9,96.6,0.536
56.34,31974.2,34948.7,-0.1263,-0.1304,146.9,96.6,0.536
56.36,32184.0,35234.9,0.8986,0.5733,146.9,96.6,0.536
56.38,32194.9,35569.8,0.9518,1.3966,146.9,96.6,0.536
56.4,32454.0,35746.3,2.2178,1.8303,146.9,96.6,0.536
56.42,32327.4,35701.7,1.5994,1.7207,146.9,96.6,0.536
56.44,32290.8,35528.7,1.4206,1.2954,146.9,96.6,0.536
56.46,32121.6,35364.2,0.5939,0.891,146.9,96.6,0.536
56.48,32130.2,35147.2,0.6357,0.3575,146.9,96.6,0.536
56.5,32014.5,35152.2,0.0705,0.3699,146.9,96.6,0.536
56.52,32040.4,35090.8,0.1973,0.219,146.9,96.6,0.536
56.54,31935.3,34993.1,-0.3162,-0.0212,146.9,96.6,0.536
56.56,31989.8,34915.7,-0.0499,-0.2115,146.9,96.6,0.536
56.58,31890.5,34882.9,-0.5352,-0.2922,146.9,96.6,0.536
56.6,31895.5,34655.0,-0.5107,-0.8524,146.9,96.6,0.536
56.62,31795.0,34643.1,-1.002,-0.8817,146.9,96.6,0.536
56.64,31744.8,34737.0,-1.2471,-0.6508,146.9,96.6,0.536
56.66,31845.4,34545.1,-0.7557,-1.1225,146.9,96.6,0.536
56.68,31847.0,34475.7,-0.7478,-1.2932,146.9,96.6,0.536
56.7,31686.2,34412.3,-1.5337,-1.4491,146.9,96.6,0.536
56.72,31803.0,34533.6,-0.9628,-1.1508,146.9,96.6,0.536
56.74,31810.5,34771.6,-0.926,-0.5657,146.9,96.6,0.536
56.76,32088.5,35190.7,0.4323,0.4644,146.9,96.6,0.536
56.78,32213.5,35441.1,1.0428,1.08,146.9,96.6,0.536
56.8,32314.6,35671.8,1.5371,1.6472,146.9,96.6,0.536
56.82,32438.4,35716.1,2.1419,1.7562,146.9,96.6,0.536
56.84,32257.0,35637.6,1.2556,1.5631,146.9,96.6,0.536
56.86,32169.7,35363.4,0.8287,0.8891,146.9,96.6,0.536
56.88,32166.7,35199.1,0.8144,0.4852,146.9,96.6,0.536
56.9,32054.3,35150.3,0.2653,0.3652,146.9,96.6,0.536
56.92,32090.1,35081.4,0.44,0.196,146.9,96.6,0.536
56.94,31978.6,35014.2,-0.1047,0.0306,146.9,96.6,0.536
56.96,32015.0,34940.2,0.0733,-0.1513,146.9,96.6,0.536
56.98,31902.0,34818.2,-0.4789,-0.4512,146.9,96.6,0.536
57.0,31835.5,34663.7,-0.8039,-0.831,146.9,96.6,0.536
57.02,31883.8,34692.1,-0.5681,-0.7613,146.9,96.6,0.536
57.04,31843.2,34649.9,-0.7664,-0.865,146.9,96.6,0.536
57.06,31847.4,34638.5,-0.7457,-0.8929,146.9,96.6,0.536
57.08,31789.7,34618.2,-1.0277,-0.9428,146.9,96.6,0.536
57.1,31749.6,34416.8,-1.2235,-1.438,146.9,96.6,0.536
57.12,31716.7,34439.5,-1.3846,-1.3823,146.9,96.6,0.536
57.14,31776.2,34577.8,-1.0936,-1.0421,146.9,96.6,0.536
57.16,31950.5,34980.2,-0.2424,-0.053,146.9,96.6,0.536
57.18,32159.7,35278.3,0.7802,0.68,146.9,96.6,0.536
57.2,32345.5,35678.0,1.6878,1.6625,146.9,96.6,0.536
57.22,32372.4,35728.8,1.8195,1.7875,146.9,96.6,0.536
57.24,32279.5,35657.6,1.3654,1.6124,146.9,96.6,0.536
57.26,32239.3,35554.4,1.169,1.3587,146.9,96.6,0.536
57.28,32157.1,35311.2,0.7672,0.7609,146.9,96.6,0.536
57.3,32114.0,35096.5,0.5568,0.2329,146.9,96.6,0.536
57.32,31970.5,34999.2,-0.1444,-0.0063,146.9,96.6,0.536
57.34,32136.0,35060.5,0.6642,0.1445,146.9,96.6,0.536
57.36,32062.9,34947.7,0.307,-0.1328,146.9,96.6,0.536
57.38,31941.3,34804.6,-0.2872,-0.4846,146.9,96.6,0.536
57.4,31832.3,34771.6,-0.8198,-0.5657,146.9,96.6,0.536
57.42,31992.9,34705.4,-0.0352,-0.7284,146.9,96.6,0.536
57.44,31857.3,34711.5,-0.6977,-0.7134,146.9,96.6,0.536
57.46,31883.7,34630.7,-0.5686,-0.9122,146.9,96.6,0.536
57.48,31799.2,34590.5,-0.9813,-1.0108,146.9,96.6,0.536
57.5,31667.8,34561.1,-1.6233,-1.0833,146.9,96.6,0.536
57.52,31689.5,34376.5,-1.5175,-1.537,146.9,96.6,0.536
57.54,31744.2,34579.0,-1.2502,-1.0391,146.9,96.6,0.536
57.56,31832.2,34800.7,-0.8199,-0.4941,146.9,96.6,0.536
57.58,32036.2,35134.5,0.1767,0.3264,146.9,96.6,0.536
57.6,32314.2,35422.1,1.5349,1.0334,146.9,96.6,0.536
57.62,32396.9,35691.2,1.9391,1.695,146.9,96.6,0.536
57.64,32390.6,35752.1,1.908,1.8448,146.9,96.6,0.536
57.66,32260.5,35582.6,1.2727,1.4279,146.9,96.6,0.536
57.68,32231.8,35315.7,1.1321,0.7718,146.9,96.6,0.536
57.7,32055.9,35133.1,0.2727,0.3229,146.9,96.6,0.536
57.72,32112.6,35109.7,0.5499,0.2654,146.9,96.6,0.536
57.74,32100.2,35156.9,0.4893,0.3814,146.9,96.6,0.536
57.76,32014.1,35059.8,0.0686,0.1427,146.9,96.6,0.536
57.78,31891.8,34966.6,-0.5288,-0.0863,146.9,96.6,0.536
57.8,31912.7,34805.5,-0.4269,-0.4823,146.9,96.6,0.536
57.82,31788.6,34707.6,-1.0332,-0.7231,146.9,96.6,0.536
57.84,31805.1,34755.9,-0.9523,-0.6043,146.9,96.6,0.536
57.86,31803.1,34659.4,-0.9622,-0.8416,146.9,96.6,0.536
57.88,31854.8,34647.1,-0.7097,-0.8719,146.9,96.6,0.536
57.9,31791.8,34542.6,-1.0177,-1.1287,146.9,96.6,0.536
57.92,31766.1,34455.9,-1.1429,-1.3418,146.9,96.6,0.536
57.94,31833.5,34487.4,-0.8139,-1.2645,146.9,96.6,0.536
57.96,31813.1,34590.0,-0.9135,-1.0121,146.9,96.6,0.536
57.98,31935.6,35022.2,-0.3147,0.0502,146.9,96.6,0.536
58.0,32239.3,35393.2,1.1691,0.9624,146.9,96.6,0.536
58.02,32335.9,35606.7,1.6411,1.4873,146.9,96.6,0.536
58.04,32373.5,35831.0,1.8245,2.0386,146.9,96.6,0.536
58.06,32382.8,35566.9,1.8703,1.3893,146.9,96.6,0.536
58.08,32287.1,35539.7,1.4027,1.3226,146.9,96.6,0.536
58.1,32197.8,35268.4,0.966,0.6554,146.9,96.6,0.536
58.12,32069.1,35200.5,0.3372,0.4886,146.9,96.6,0.536
58.14,32054.0,35150.8,0.2637,0.3665,146.9,96.6,0.536
58.16,32003.5,35007.3,0.0169,0.0137,146.9,96.6,0.536
58.18,31953.9,34982.3,-0.2254,-0.0478,146.9,96.6,0.536
58.2,31976.6,34856.8,-0.1144,-0.3563,146.9,96.6,0.536
58.22,31830.7,34765.3,-0.8273,-0.5812,146.9,96.6,0.536
58.24,31734.1,34664.4,-1.2994,-0.8293,146.9,96.6,0.536
58.26,31763.5,34673.3,-1.1559,-0.8074,146.9,96.6,0.536
58.28,31705.6,34643.0,-1.4385,-0.8818,146.9,96.6,0.536
58.3,31831.4,34570.0,-0.8242,-1.0613,146.9,96.6,0.536
58.32,31732.8,34518.0,-1.3056,-1.1891,146.9,96.6,0.536
58.34,31714.8,34443.9,-1.394,-1.3713,146.9,96.6,0.536
58.36,31805.1,34500.7,-0.9523,-1.2317,146.9,96.6,0.536
58.38,31955.7,34850.7,-0.2168,-0.3713,146.9,96.6,0.536
58.4,32149.8,35274.8,0.7316,0.6712,146.9,96.6,0.536
58.42,32284.4,35564.8,1.3892,1.3842,146.9,96.6,0.536
58.44,32346.4,35768.5,1.6921,1.8849,146.9,96.6,0.536
58.46,32381.8,35683.6,1.8653,1.6763,146.9,96.6,0.536
58.48,32154.5,35657.7,0.7545,1.6126,146.9,96.6,0.536
58.5,32201.7,35322.3,0.9853,0.7881,146.9,96.6,0.536
58.52,32125.9,35274.2,0.6151,0.6699,146.9,96.6,0.536
58.54,32027.0,35163.7,0.1316,0.3982,146.9,96.6,0.536
58.56,32022.5,35129.8,0.1098,0.3148,146.9,96.6,0.536
58.58,31986.5,35046.3,-0.066,0.1095,146.9,96.6,0.536
58.6,31794.4,34832.8,-1.0047,-0.4152,146.9,96.6,0.536
58.62,31963.4,34837.0,-0.1791,-0.405,146.9,96.6,0.536
58.64,31872.3,34744.8,-0.6241,-0.6317,146.9,96.6,0.536
58.66,31869.6,34729.4,-0.6374,-0.6695,146.9,96.6,0.536
58.68,31834.1,34654.5,-0.8107,-0.8536,146.9,96.6,0.536
58.7,31778.3,34647.8,-1.0837,-0.8701,146.9,96.6,0.536
58.72,31804.2,34428.0,-0.9569,-1.4105,146.9,96.6,0.536
58.74,31748.6,34506.8,-1.2286,-1.2168,146.9,96.6,0.536
58.76,31785.4,34335.6,-1.0487,-1.6375,146.9,96.6,0.536
58.78,31890.8,34734.3,-0.5339,-0.6574,146.9,96.6,0.536
58.8,32042.7,35058.9,0.2085,0.1406,146.9,96.6,0.536
58.82,32208.7,35551.3,1.0192,1.3511,146.9,96.6,0.536
58.84,32357.6,35696.8,1.7467,1.7086,146.9,96.6,0.536
58.86,32366.3,35792.3,1.7894,1.9434,146.9,96.6,0.536
58.88,32387.0,35622.7,1.8905,1.5266,146.9,96.6,0.536
58.9,32174.1,35405.4,0.8506,0.9923,146.9,96.6,0.536
58.92,32136.3,35373.0,0.6655,0.9126,146.9,96.6,0.536
58.94,32105.1,35116.7,0.5133,0.2827,146.9,96.6,0.536
58.96,32016.6,35106.5,0.0808,0.2575,146.9,96.6,0.536
58.98,32044.7,35007.3,0.2181,0.0137,146.9,96.6,0.536
59.0,32038.6,34892.4,0.1885,-0.2688,146.9,96.6,0.536
59.02,31855.2,34793.3,-0.708,-0.5124,146.9,96.6,0.536
59.04,31979.6,34763.2,-0.1,-0.5865,146.9,96.6,0.536
59.06,31903.2,34608.8,-0.4732,-0.9659,146.9,96.6,0.536
59.08,31852.4,34746.4,-0.7212,-0.6278,146.9,96.6,0.536
59.1,31811.0,34670.6,-0.9239,-0.814,146.9,96.6,0.536
59.12,31706.4,34472.0,-1.4348,-1.3022,146.9,96.6,0.536
59.14,31827.1,34505.5,-0.8451,-1.2198,146.9,96.6,0.536
59.16,31784.6,34520.0,-1.0528,-1.1843,146.9,96.6,0.536
59.18,31732.3,34594.4,-1.308,-1.0014,146.9,96.6,0.536
59.2,31919.1,34929.7,-0.3955,-0.177,146.9,96.6,0.536
59.22,32160.4,35260.2,0.7836,0.6354,146.9,96.6,0.536
59.24,32356.2,35757.7,1.7402,1.8584,146.9,96.6,0.536
59.26,32309.7,35744.0,1.5131,1.8247,146.9,96.6,0.536
59.28,32329.7,35686.8,1.6105,1.6842,146.9,96.6,0.536
59.3,32284.2,35546.3,1.3885,1.3388,146.9,96.6,0.536
59.32,32148.9,35276.7,0.7273,0.676,146.9,96.6,0.536
59.34,31989.1,35153.1,-0.0535,0.3722,146.9,96.6,0.536
59.36,31953.9,35117.5,-0.2253,0.2846,146.9,96.6,0.536
59.38,32008.6,34949.0,0.042,-0.1296,146.9,96.6,0.536
59.4,31937.6,34976.3,-0.3051,-0.0625,146.9,96.6,0.536
59.42,32029.8,34871.4,0.1453,-0.3204,146.9,96.6,0.536
59.44,31800.7,34762.0,-0.9742,-0.5895,146.9,96.6,0.536
59.46,31886.1,34723.5,-0.5568,-0.684,146.9,96.6,0.536
59.48,31859.3,34611.4,-0.6877,-0.9595,146.9,96.6,0.536
59.5,31762.2,34661.6,-1.1624,-0.8361,146.9,96.6,0.536
59.52,31856.0,34677.2,-0.7037,-0.7979,146.9,96.6,0.536
59.54,31748.0,34524.0,-1.2318,-1.1744,146.9,96.6,0.536
59.56,31769.0,34432.9,-1.1288,-1.3984,146.9,96.6,0.536
59.58,31751.4,34523.1,-1.2147,-1.1767,146.9,96.6,0.536
59.6,31863.2,34754.5,-0.6688,-0.6078,146.9,96.6,0.536
59.62,31976.0,35213.2,-0.1177,0.5199,146.9,96.6,0.536
59.64,32281.6,35439.1,1.3754,1.0753,146.9,96.6,0.536
59.66,32337.9,35652.7,1.6505,1.6003,146.9,96.6,0.536
59.68,32312.2,35782.6,1.525,1.9197,146.9,96.6,0.536
59.7,32251.0,35560.2,1.226,1.3728,146.9,96.6,0.536
59.72,32249.1,35503.6,1.2167,1.2337,146.9,96.6,0.536
59.74,32070.0,35253.8,0.3416,0.6197,146.9,96.6,0.536
59.76,32123.5,35108.7,0.6034,0.2631,146.9,96.6,0.536
59.78,31963.5,35186.6,-0.1787,0.4545,146.9,96.6,0.536
59.8,31995.4,34918.5,-0.0227,-0.2047,146.9,96.6,0.536
59.82,31820.8,34963.4,-0.876,-0.0942,146.9,96.6,0.536
59.84,31932.5,34827.5,-0.3303,-0.4283,146.9,96.6,0.536
59.86,31877.1,34674.5,-0.6009,-0.8044,146.9,96.6,0.536
59.88,31790.6,34676.2,-1.0235,-0.8002,146.9,96.6,0.536
59.9,31810.0,34563.7,-0.9287,-1.0767,146.9,96.6,0.536
59.92,31851.9,34635.7,-0.7238,-0.8999,146.9,96.6,0.536
59.94,31846.4,34490.9,-0.7506,-1.2557,146.9,96.6,0.536
59.96,31651.1,34500.2,-1.705,-1.233,146.9,96.6,0.536
59.98,31822.3,34466.0,-0.8684,-1.3171,146.9,96.6,0.536
60.0,31822.7,34588.0,-0.8664,-1.017,146.9,96.6,0.536
60.02,32029.3,34895.0,0.1429,-0.2623,146.9,96.6,0.536
60.04,32183.9,35319.3,0.8982,0.7808,146.9,96.6,0.536
60.06,32278.5,35658.9,1.3606,1.6154,146.9,96.6,0.536
60.08,32322.8,35763.6,1.5768,1.8729,146.9,96.6,0.536
60.1,32411.3,35649.6,2.0094,1.5926,146.9,96.6,0.536
60.12,32169.6,35488.0,0.8285,1.1954,146.9,96.6,0.536
60.14,32124.6,35322.3,0.6088,0.7881,146.9,96.6,0.536
60.16,32135.6,35074.2,0.6621,0.1781,146.9,96.6,0.536
60.18,32082.1,35002.1,0.401,0.0008,146.9,96.6,0.536
60.2,32046.3,35041.2,0.2259,0.0971,146.9,96.6,0.536
60.22,32022.1,34957.5,0.1079,-0.1087,146.9,96.6,0.536
60.24,31911.4,34951.0,-0.433,-0.1247,146.9,96.6,0.536
60.26,31926.8,34821.5,-0.3581,-0.443,146.9,96.6,0.536
60.28,31867.9,34713.4,-0.6458,-0.7087,146.9,96.6,0.536
60.3,31755.7,34638.4,-1.1939,-0.8931,146.9,96.6,0.536
60.32,31838.5,34666.8,-0.7894,-0.8233,146.9,96.6,0.536
60.34,31743.8,34672.0,-1.2519,-0.8106,146.9,96.6,0.536
60.36,31746.8,34406.0,-1.2374,-1.4646,146.9,96.6,0.536
60.38,31724.4,34427.9,-1.3467,-1.4108,146.9,96.6,0.536
60.4,31837.1,34564.3,-0.796,-1.0754,146.9,96.6,0.536
60.42,31863.2,34819.2,-0.6685,-0.4487,146.9,96.6,0.536
60.44,31940.9,35206.0,-0.289,0.5021,146.9,96.6,0.536
60.46,32233.0,35460.8,1.1382,1.1285,146.9,96.6,0.536
60.48,32246.5,35653.8,1.204,1.6031,146.9,96.6,0.536
60.5,32391.0,35637.8,1.9102,1.5636,146.9,96.6,0.536
60.52,32305.5,35569.3,1.4925,1.3953,146.9,96.6,0.536
60.54,32184.3,35358.0,0.9,0.8758,146.9,96.6,0.536
60.56,32138.4,35078.9,0.6758,0.1897,146.9,96.6,0.536
60.58,32081.9,35137.7,0.4001,0.3343,146.9,96.6,0.536
60.6,32048.7,35070.8,0.2378,0.1698,146.9,96.6,0.536
60.62,31970.4,35075.3,-0.1447,0.1809,146.9,96.6,0.536
60.64,32017.3,34975.8,0.0841,-0.0638,146.9,96.6,0.536
60.66,31834.2,34858.6,-0.8104,-0.352,146.9,96.6,0.536
60.68,31912.5,34683.9,-0.4277,-0.7813,146.9,96.6,0.536
60.7,31826.4,34660.3,-0.8485,-0.8393,146.9,96.6,0.536
60.72,31889.6,34636.2,-0.5398,-0.8987,146.9,96.6,0.536
60.74,31805.0,34593.0,-0.953,-1.0049,146.9,96.6,0.536
60.76,31786.0,34607.4,-1.0458,-0.9695,146.9,96.6,0.536
60.78,31744.8,34474.1,-1.2471,-1.297,146.9,96.6,0.536
60.8,31797.8,34512.8,-0.9881,-1.2019,146.9,96.6,0.536
60.82,31852.0,34715.4,-0.7235,-0.704,146.9,96.6,0.536
60.84,32072.4,35049.3,0.3536,0.1169,146.9,96.6,0.536
60.86,32242.3,35412.5,1.1837,1.0097,146.9,96.6,0.536
60.88,32371.1,35697.2,1.8132,1.7097,146.9,96.6,0.536
60.9,32382.5,35748.0,1.8688,1.8345,146.9,96.6,0.536
60.92,32329.0,35635.2,1.6071,1.5573,146.9,96.6,0.536
60.94,32354.8,35371.7,1.7335,0.9096,146.9,96.6,0.536
60.96,32152.9,35254.0,0.7469,0.6201,146.9,96.6,0.536
60.98,32072.3,35130.7,0.353,0.3171,146.9,96.6,0.536
61.0,32139.7,35079.6,0.6821,0.1913,146.9,96.6,0.536
61.02,32017.0,34969.5,0.0829,-0.0792,146.9,96.6,0.536
61.04,31999.1,34986.5,-0.0044,-0.0374,146.9,96.6,0.536
61.06,31940.4,34872.3,-0.2914,-0.3182,146.9,96.6,0.536
61.08,31836.8,34702.3,-0.7978,-0.7361,146.9,96.6,0.536
61.1,31883.7,34650.2,-0.5687,-0.8641,146.9,96.6,0.536
61.12,31791.5,34679.0,-1.0189,-0.7934,146.9,96.6,0.536
61.14,31767.7,34630.8,-1.1354,-0.9119,146.9,96.6,0.536
61.16,31763.7,34492.3,-1.1549,-1.2524,146.9,96.6,0.536
61.18,31741.8,34480.4,-1.262,-1.2815,146.9,96.6,0.536
61.2,31748.0,34472.7,-1.2313,-1.3004,146.9,96.6,0.536
61.22,31643.6,34559.9,-1.7418,-1.0861,146.9,96.6,0.536
61.24,31931.2,34850.1,-0.3363,-0.3728,146.9,96.6,0.536
61.26,32087.8,35250.1,0.4285,0.6105,146.9,96.6,0.536
61.28,32346.3,35606.1,1.6916,1.4858,146.9,96.6,0.536
61.3,32435.4,35769.5,2.127,1.8875,146.9,96.6,0.536
61.32,32278.5,35672.4,1.3607,1.6488,146.9,96.6,0.536
61.34,32273.1,35613.3,1.3339,1.5035,146.9,96.6,0.536
61.36,32153.9,35309.5,0.7519,0.7565,146.9,96.6,0.536
61.38,32115.9,35202.8,0.5658,0.4944,146.9,96.6,0.536
61.4,32126.4,35085.8,0.6171,0.2067,146.9,96.6,0.536
61.42,32017.3,35094.3,0.0844,0.2276,146.9,96.6,0.536
61.44,32036.3,34945.7,0.1769,-0.1378,146.9,96.6,0.536
61.46,31883.3,34800.4,-0.5704,-0.4949,146.9,96.6,0.536
61.48,31846.2,34771.7,-0.7517,-0.5655,146.9,96.6,0.536
61.5,31866.3,34692.1,-0.6535,-0.7613,146.9,96.6,0.536
61.52,31846.5,34578.2,-0.7505,-1.0412,146.9,96.6,0.536
61.54,31843.7,34729.2,-0.7637,-0.67,146.9,96.6,0.536
61.56,31739.6,34646.5,-1.2723,-0.8732,146.9,96.6,0.536
61.58,31779.6,34547.5,-1.0773,-1.1167,146.9,96.6,0.536
61.6,31818.5,34396.9,-0.8871,-1.4868,146.9,96.6,0.536
61.62,31701.5,34450.1,-1.459,-1.3562,146.9,96.6,0.536
61.64,31902.2,34711.2,-0.4779,-0.7143,146.9,96.6,0.536
61.66,32079.9,35070.6,0.3901,0.1693,146.9,96.6,0.536
61.68,32213.7,35439.9,1.0439,1.0772,146.9,96.6,0.536
61.7,32301.1,35693.3,1.471,1.7001,146.9,96.6,0.536
61.72,32473.6,35736.4,2.3136,1.8061,146.9,96.6,0.536
61.74,32363.3,35687.9,1.775,1.6869,146.9,96.6,0.536
61.76,32303.5,35463.4,1.4825,1.1349,146.9,96.6,0.536
61.78,32082.1,35171.4,0.4008,0.4171,146.9,96.6,0.536
61.8,32034.7,35157.6,0.1695,0.3832,146.9,96.6,0.536
61.82,32099.1,35060.9,0.4837,0.1454,146.9,96.6,0.536
61.84,31921.7,35044.8,-0.3827,0.1058,146.9,96.6,0.536
61.86,31916.0,34929.2,-0.4105,-0.1783,146.9,96.6,0.536
61.88,31894.8,34823.8,-0.514,-0.4375,146.9,96.6,0.536
61.9,31776.9,34779.5,-1.0906,-0.5464,146.9,96.6,0.536
61.92,31848.6,34681.8,-0.74,-0.7864,146.9,96.6,0.536
61.94,31881.0,34630.6,-0.5819,-0.9123,146.9,96.6,0.536
61.96,31785.2,34677.8,-1.0497,-0.7963,146.9,96.6,0.536
61.98,31808.0,34552.3,-0.9382,-1.1049,146.9,96.6,0.536
62.0,31810.3,34530.6,-0.9272,-1.1581,146.9,96.6,0.536
62.02,31695.0,34442.6,-1.4903,-1.3746,146.9,96.6,0.536
62.04,31798.2,34643.3,-0.9861,-0.8811,146.9,96.6,0.536
62.06,32037.0,34948.5,0.1807,-0.1309,146.9,96.6,0.536
62.08,32216.8,35340.5,1.059,0.8329,146.9,96.6,0.536
62.1,32332.8,35648.3,1.6259,1.5895,146.9,96.6,0.536
62.12,32349.3,35802.9,1.7066,1.9696,146.9,96.6,0.536
62.14,32298.6,35676.4,1.4589,1.6585,146.9,96.6,0.536
62.16,32232.1,35514.6,1.1336,1.2609,146.9,96.6,0.536
62.18,32201.2,35317.7,0.9828,0.7767,146.9,96.6,0.536
62.2,32147.2,35161.8,0.7191,0.3936,146.9,96.6,0.536
62.22,32060.9,35165.1,0.2971,0.4017,146.9,96.6,0.536
62.24,32035.7,35006.3,0.1743,0.0112,146.9,96.6,0.536
62.26,31956.2,35038.5,-0.2144,0.0905,146.9,96.6,0.536
62.28,31874.5,34897.7,-0.6132,-0.2556,146.9,96.6,0.536
62.3,31832.9,34749.2,-0.8166,-0.6207,146.9,96.6,0.536
62.32,31782.0,34676.1,-1.0653,-0.8005,146.9,96.6,0.536
62.34,31857.9,34749.7,-0.6946,-0.6196,146.9,96.6,0.536
62.36,31936.0,34607.1,-0.3129,-0.9701,146.9,96.6,0.536
62.38,31894.4,34646.4,-0.5163,-0.8735,146.9,96.6,0.536
62.4,31775.7,34436.0,-1.0963,-1.3906,146.9,96.6,0.536
62.42,31736.2,34392.4,-1.2891,-1.4979,146.9,96.6,0.536
62.44,31873.6,34481.9,-0.6181,-1.278,146.9,96.6,0.536
62.46,31870.7,34795.4,-0.6321,-0.5073,146.9,96.6,0.536
62.48,32048.0,35085.7,0.2345,0.2064,146.9,96.6,0.536
62.5,32218.3,35581.2,1.0664,1.4246,146.9,96.6,0.536
62.52,32299.4,35708.9,1.4625,1.7383,146.9,96.6,0.536
62.54,32339.5,35758.2,1.6584,1.8597,146.9,96.6,0.536
62.56,32289.5,35492.6,1.4142,1.2067,146.9,96.6,0.536
62.58,32153.0,35388.8,0.7475,0.9514,146.9,96.6,0.536
62.6,32029.6,35168.1,0.1443,0.409,146.9,96.6,0.536
62.62,32129.0,35130.5,0.6303,0.3165,146.9,96.6,0.536
62.64,31993.7,35169.7,-0.031,0.4129,146.9,96.6,0.536
62.66,32108.4,34961.8,0.5292,-0.0982,146.9,96.6,0.536
62.68,31971.0,34937.9,-0.1422,-0.157,146.9,96.6,0.536
62.7,31876.5,34709.2,-0.6038,-0.7193,146.9,96.6,0.536
62.72,31871.2,34752.5,-0.6294,-0.6127,146.9,96.6,0.536
62.74,31822.1,34688.3,-0.8694,-0.7705,146.9,96.6,0.536
62.76,31904.6,34675.8,-0.4663,-0.8012,146.9,96.6,0.536
62.78,31818.0,34647.3,-0.8893,-0.8712,146.9,96.6,0.536
62.8,31738.9,34599.0,-1.2758,-0.99,146.9,96.6,0.536
62.82,31655.7,34439.2,-1.6827,-1.3828,146.9,96.6,0.536
62.84,31766.4,34378.4,-1.1415,-1.5323,146.9,96.6,0.536
62.86,31899.1,34710.5,-0.4932,-0.7159,146.9,96.6,0.536
62.88,32017.4,35044.1,0.0849,0.1041,146.9,96.6,0.536
62.9,32259.3,35386.3,1.2668,0.9455,146.9,96.6,0.536
62.92,32373.1,35675.5,1.8226,1.6562,146.9,96.6,0.536
62.94,32264.0,35801.0,1.2894,1.9649,146.9,96.6,0.536
62.96,32360.0,35578.8,1.7589,1.4187,146.9,96.6,0.536
62.98,32247.3,35495.2,1.2082,1.2131,146.9,96.6,0.536
63.0,32081.6,35219.0,0.3985,0.534,146.9,96.6,0.536
63.02,32036.9,35190.7,0.1798,0.4645,146.9,96.6,0.536
63.04,32068.8,35146.1,0.3358,0.3548,146.9,96.6,0.536
63.06,31964.7,35075.9,-0.173,0.1823,146.9,96.6,0.536
63.08,31984.6,34932.8,-0.0756,-0.1694,146.9,96.6,0.536
63.1,31869.1,34831.3,-0.6398,-0.4191,146.9,96.6,0.536
63.12,31966.3,34745.5,-0.1647,-0.6299,146.9,96.6,0.536
63.14,31844.4,34753.2,-0.7606,-0.611,146.9,96.6,0.536
63.16,31811.0,34668.9,-0.9236,-0.8182,146.9,96.6,0.536
63.18,31788.8,34707.8,-1.0322,-0.7225,146.9,96.6,0.536
63.2,31756.9,34610.3,-1.188,-0.9622,146.9,96.6,0.536
63.22,31755.5,34511.6,-1.1948,-1.2049,146.9,96.6,0.536
63.24,31646.0,34486.5,-1.73,-1.2666,146.9,96.6,0.536
63.26,31762.7,34546.6,-1.1595,-1.1189,146.9,96.6,0.536
63.28,31874.4,34846.9,-0.614,-0.3807,146.9,96.6,0.536
63.3,32122.5,35182.9,0.5984,0.4454,146.9,96.6,0.536
63.32,32328.1,35621.9,1.6029,1.5247,146.9,96.6,0.536
63.34,32379.7,35732.0,1.8548,1.7952,146.9,96.6,0.536
63.36,32419.3,35712.4,2.0484,1.7471,146.9,96.6,0.536
63.38,32344.5,35622.9,1.6828,1.527,146.9,96.6,0.536
63.4,32132.3,35294.1,0.6461,0.7188,146.9,96.6,0.536
63.42,32028.5,35214.5,0.139,0.5231,146.9,96.6,0.536
63.44,32029.4,35142.5,0.1434,0.346,146.9,96.6,0.536
63.46,32098.2,35024.6,0.4796,0.0562,146.9,96.6,0.536
63.48,32052.4,35043.9,0.2557,0.1036,146.9,96.6,0.536
63.5,32027.7,34866.8,0.135,-0.3318,146.9,96.6,0.536
63.52,31899.4,34789.8,-0.4917,-0.5211,146.9,96.6,0.536
63.54,31812.0,34724.2,-0.919,-0.6823,146.9,96.6,0.536
63.56,31833.5,34695.2,-0.8137,-0.7537,146.9,96.6,0.536
63.58,31762.4,34706.1,-1.1613,-0.7267,146.9,96.6,0.536
63.6,31857.4,34646.3,-0.6971,-0.8738,146.9,96.6,0.536
63.62,31795.6,34471.5,-0.9989,-1.3035,146.9,96.6,0.536
63.64,31764.2,34470.2,-1.1526,-1.3067,146.9,96.6,0.536
63.66,31720.4,34578.2,-1.3663,-1.0412,146.9,96.6,0.536
63.68,31821.9,34667.4,-0.8707,-0.822,146.9,96.6,0.536
63.7,32040.0,35034.2,0.1952,0.0799,146.9,96.6,0.536
63.72,32267.6,35486.2,1.307,1.1909,146.9,96.6,0.536
63.74,32323.8,35755.4,1.5816,1.8529,146.9,96.6,0.536
63.76,32341.1,35701.9,1.6662,1.7212,146.9,96.6,0.536
63.78,32335.2,35664.0,1.6375,1.6281,146.9,96.6,0.536
63.8,32215.2,35465.7,1.051,1.1405,146.9,96.6,0.536
63.82,32141.7,35249.8,0.6919,0.6098,146.9,96.6,0.536
63.84,32066.5,35202.8,0.3246,0.4942,146.9,96.6,0.536
63.86,32095.2,35075.8,0.4648,0.1821,146.9,96.6,0.536
63.88,32026.2,35083.3,0.1278,0.2006,146.9,96.6,0.536
63.9,32036.9,34908.0,0.1802,-0.2304,146.9,96.6,0.536
63.92,31979.9,34827.5,-0.0984,-0.4284,146.9,96.6,0.536
63.94,31819.9,34710.5,-0.8803,-0.716,146.9,96.6,0.536
63.96,31785.4,34632.2,-1.0489,-0.9085,146.9,96.6,0.536
63.98,31764.3,34615.2,-1.1519,-0.9502,146.9,96.6,0.536
64.0,31844.5,34613.2,-0.7599,-0.9551,146.9,96.6,0.536
64.02,31765.9,34566.2,-1.1439,-1.0707,146.9,96.6,0.536
64.04,31783.9,34483.7,-1.0559,-1.2736,146.9,96.6,0.536
64.06,31773.1,34446.8,-1.1087,-1.3643,146.9,96.6,0.536
64.08,31780.2,34518.1,-1.0743,-1.189,146.9,96.6,0.536
64.1,32016.3,34800.4,0.0795,-0.4949,146.9,96.6,0.536
64.12,32182.3,35279.3,0.8906,0.6822,146.9,96.6,0.536
64.14,32280.2,35602.9,1.3686,1.4779,146.9,96.6,0.536
64.16,32344.5,35698.3,1.6831,1.7124,146.9,96.6,0.536
64.18,32371.6,35694.5,1.8152,1.7031,146.9,96.6,0.536
64.2,32187.6,35469.1,0.9161,1.149,146.9,96.6,0.536
64.22,32178.7,35282.5,0.873,0.6901,146.9,96.6,0.536
64.24,32094.6,35173.3,0.4621,0.4219,146.9,96.6,0.536
64.26,32015.6,35088.8,0.076,0.214,146.9,96.6,0.536
64.28,32048.8,35033.8,0.238,0.0788,146.9,96.6,0.536
64.3,31856.7,34891.6,-0.7005,-0.2707,146.9,96.6,0.536
64.32,31954.9,34842.1,-0.2204,-0.3925,146.9,96.6,0.536
64.34,31825.0,34890.8,-0.8553,-0.2728,146.9,96.6,0.536
64.36,31830.1,34616.5,-0.8303,-0.9471,146.9,96.6,0.536
64.38,31753.1,34617.4,-1.2068,-0.9448,146.9,96.6,0.536
64.4,31820.4,34595.7,-0.878,-0.9981,146.9,96.6,0.536
64.42,31817.9,34578.1,-0.8901,-1.0414,146.9,96.6,0.536
64.44,31794.7,34535.9,-1.0033,-1.1453,146.9,96.6,0.536
64.46,31706.9,34419.1,-1.4324,-1.4324,146.9,96.6,0.536
64.48,31802.1,34519.5,-0.9672,-1.1854,146.9,96.6,0.536
64.5,31889.5,34744.2,-0.54,-0.633,146.9,96.6,0.536
64.52,32037.1,35054.7,0.1808,0.1302,146.9,96.6,0.536
64.54,32235.2,35509.8,1.149,1.2491,146.9,96.6,0.536
64.56,32323.8,35782.1,1.5817,1.9183,146.9,96.6,0.536
64.58,32281.7,35769.8,1.3761,1.8882,146.9,96.6,0.536
64.6,32276.1,35667.1,1.3488,1.6357,146.9,96.6,0.536
64.62,32137.5,35358.0,0.6717,0.8758,146.9,96.6,0.536
64.64,32244.9,35230.7,1.1964,0.5629,146.9,96.6,0.536
64.66,32068.9,35179.3,0.3362,0.4365,146.9,96.6,0.536
64.68,31978.2,35053.9,-0.1069,0.1282,146.9,96.6,0.536
64.7,32042.1,34939.1,0.2053,-0.154,146.9,96.6,0.536
64.72,31918.1,34845.5,-0.4003,-0.3841,146.9,96.6,0.536
64.74,31896.1,34761.3,-0.5081,-0.5911,146.9,96.6,0.536
64.76,31833.0,34697.7,-0.8161,-0.7473,146.9,96.6,0.536
64.78,31826.4,34841.2,-0.8483,-0.3946,146.9,96.6,0.536
64.8,31784.2,34551.8,-1.0547,-1.1062,146.9,96.6,0.536
64.82,31878.0,34593.7,-0.5962,-1.003,146.9,96.6,0.536
64.84,31792.5,34464.2,-1.0141,-1.3213,146.9,96.6,0.536
64.86,31816.2,34426.3,-0.8981,-1.4147,146.9,96.6,0.536
64.88,31788.5,34410.0,-1.0339,-1.4547,146.9,96.6,0.536
64.9,31830.7,34540.4,-0.8274,-1.1341,146.9,96.6,0.536
64.92,31927.8,35057.3,-0.3532,0.1366,146.9,96.6,0.536
64.94,32201.7,35298.2,0.9852,0.7289,146.9,96.6,0.536
64.96,32197.0,35689.4,0.9624,1.6905,146.9,96.6,0.536
64.98,32298.7,35804.0,1.4593,1.9722,146.9,96.6,0.536
65.0,32328.4,35615.7,1.6044,1.5092,146.9,96.6,0.536
65.02,32209.7,35527.6,1.0242,1.2927,146.9,96.6,0.536
65.04,32211.3,35273.7,1.0322,0.6687,146.9,96.6,0.536
65.06,31965.1,35085.8,-0.1709,0.2068,146.9,96.6,0.536
65.08,31997.6,35079.5,-0.012,0.1912,146.9,96.6,0.536
65.1,31959.7,35124.9,-0.1972,0.3029,146.9,96.6,0.536
65.12,31963.2,34976.9,-0.18,-0.0609,146.9,96.6,0.536
65.14,32037.3,34851.2,0.1819,-0.3701,146.9,96.6,0.536
65.16,31869.9,34738.4,-0.6361,-0.6472,146.9,96.6,0.536
65.18,31805.9,34799.4,-0.9486,-0.4975,146.9,96.6,0.536
65.2,31848.4,34675.0,-0.7412,-0.8032,146.9,96.6,0.536
65.22,31859.6,34551.5,-0.6862,-1.1067,146.9,96.6,0.536
65.24,31933.1,34593.1,-0.3274,-1.0047,146.9,96.6,0.536
65.26,31742.5,34515.1,-1.2585,-1.1964,146.9,96.6,0.536
65.28,31819.0,34472.4,-0.8846,-1.3014,146.9,96.6,0.536
65.3,31867.6,34546.7,-0.6474,-1.1186,146.9,96.6,0.536
65.32,31813.6,34867.6,-0.9108,-0.3298,146.9,96.6,0.536
65.34,32078.8,35192.7,0.3848,0.4695,146.9,96.6,0.536
65.36,32303.3,35484.2,1.4816,1.186,146.9,96.6,0.536
65.38,32462.2,35773.0,2.2582,1.8961,146.9,96.6,0.536
65.4,32437.0,35717.9,2.1351,1.7605,146.9,96.6,0.536
65.42,32362.6,35491.6,1.7715,1.2043,146.9,96.6,0.536
65.44,32171.3,35371.3,0.8367,0.9086,146.9,96.6,0.536
65.46,32086.1,35247.7,0.4202,0.6048,146.9,96.6,0.536
65.48,32039.2,35098.3,0.1912,0.2374,146.9,96.6,0.536
65.5,32149.2,35037.0,0.7287,0.0866,146.9,96.6,0.536
65.52,31985.8,35031.4,-0.0695,0.0729,146.9,96.6,0.536
65.54,31990.1,34936.7,-0.0487,-0.1598,146.9,96.6,0.536
65.56,31888.4,34833.6,-0.5456,-0.4134,146.9,96.6,0.536
65.58,31760.4,34751.4,-1.1712,-0.6153,146.9,96.6,0.536
65.6,31872.3,34693.3,-0.6243,-0.7581,146.9,96.6,0.536
65.62,31841.3,34642.5,-0.7758,-0.8832,146.9,96.6,0.536
65.64,31845.0,34618.7,-0.7575,-0.9416,146.9,96.6,0.536
65.66,31812.1,34592.9,-0.9183,-1.0049,146.9,96.6,0.536
65.68,31746.9,34448.1,-1.2369,-1.361,146.9,96.6,0.536
65.7,31831.3,34450.2,-0.8245,-1.3558,146.9,96.6,0.536
65.72,31729.2,34643.2,-1.3232,-0.8814,146.9,96.6,0.536
65.74,31964.2,35038.9,-0.175,0.0913,146.9,96.6,0.536
65.76,32211.1,35380.1,1.0313,0.9301,146.9,96.6,0.536
65.78,32283.1,35706.8,1.3828,1.7332,146.9,96.6,0.536
65.8,32386.5,35654.3,1.8882,1.6042,146.9,96.6,0.536
65.82,32332.6,35653.2,1.6247,1.6014,146.9,96.6,0.536
65.84,32236.9,35446.8,1.1574,1.0941,146.9,96.6,0.536
65.86,32156.4,35302.7,0.7638,0.74,146.9,96.6,0.536
65.88,32079.4,35249.1,0.3877,0.6081,146.9,96.6,0.536
65.9,32043.5,35057.0,0.2121,0.1359,146.9,96.6,0.536
65.92,32030.7,35055.6,0.1495,0.1325,146.9,96.6,0.536
65.94,31986.7,34993.1,-0.0653,-0.0212,146.9,96.6,0.536
65.96,31881.6,34851.9,-0.5788,-0.3685,146.9,96.6,0.536
65.98,31772.6,34701.5,-1.1115,-0.7381,146.9,96.6,0.536
66.0,31822.5,34605.4,-0.8673,-0.9743,146.9,96.6,0.536
66.02,31879.8,34618.7,-0.5873,-0.9417,146.9,96.6,0.536
66.04,31881.0,34684.1,-0.5819,-0.7808,146.9,96.6,0.536
66.06,31783.6,34555.9,-1.0578,-1.0961,146.9,96.6,0.536
66.08,31792.0,34453.1,-1.0165,-1.3488,146.9,96.6,0.536
66.1,31671.5,34465.8,-1.6051,-1.3175,146.9,96.6,0.536
66.12,31853.7,34679.9,-0.7151,-0.7911,146.9,96.6,0.536
66.14,31924.4,34905.3,-0.3698,-0.2372,146.9,96.6,0.536
66.16,32195.3,35185.9,0.9539,0.4527,146.9,96.6,0.536
66.18,32285.0,35511.3,1.3924,1.2526,146.9,96.6,0.536
66.2,32357.2,35736.7,1.7452,1.8068,146.9,96.6,0.536
66.22,32236.9,35741.3,1.1572,1.8181,146.9,96.6,0.536
66.24,32289.6,35564.3,1.4146,1.3829,146.9,96.6,0.536
66.26,32102.9,35319.5,0.5025,0.7813,146.9,96.6,0.536
66.28,32199.5,35196.4,0.9744,0.4785,146.9,96.6,0.536
66.3,32011.7,35142.7,0.057,0.3466,146.9,96.6,0.536
66.32,32045.8,35100.2,0.2235,0.242,146.9,96.6,0.536
66.34,31949.7,34922.3,-0.2458,-0.1952,146.9,96.6,0.536
66.36,31960.0,34869.1,-0.1958,-0.3261,146.9,96.6,0.536
66.38,31908.1,34705.4,-0.4492,-0.7286,146.9,96.6,0.536
66.4,31784.5,34672.5,-1.0531,-0.8094,146.9,96.6,0.536
66.42,31830.8,34672.7,-0.8269,-0.8088,146.9,96.6,0.536
66.44,31896.6,34662.3,-0.5053,-0.8345,146.9,96.6,0.536
66.46,31806.7,34650.8,-0.9447,-0.8626,146.9,96.6,0.536
66.48,31820.4,34440.7,-0.8777,-1.3791,146.9,96.6,0.536
66.5,31741.8,34538.9,-1.2618,-1.1379,146.9,96.6,0.536
66.52,31768.6,34432.6,-1.131,-1.3992,146.9,96.6,0.536
66.54,31877.3,34665.8,-0.5997,-0.8258,146.9,96.6,0.536
66.56,32004.0,35041.9,0.0191,0.0988,146.9,96.6,0.536
66.58,32219.7,35472.6,1.0732,1.1575,146.9,96.6,0.536
66.6,32379.9,35667.0,1.8561,1.6354,146.9,96.6,0.536
66.62,32365.1,35707.5,1.7837,1.735,146.9,96.6,0.536
66.64,32338.9,35516.5,1.6556,1.2656,146.9,96.6,0.536
66.66,32281.1,35343.9,1.3731,0.8412,146.9,96.6,0.536
66.68,32099.0,35256.5,0.4834,0.6262,146.9,96.6,0.536
66.7,32099.7,35162.7,0.4869,0.3956,146.9,96.6,0.536
66.72,32067.3,35143.4,0.3286,0.3482,146.9,96.6,0.536
66.74,32001.4,34972.8,0.0068,-0.0712,146.9,96.6,0.536
66.76,31943.3,34963.1,-0.2775,-0.0949,146.9,96.6,0.536
66.78,31953.6,34825.5,-0.2268,-0.4332,146.9,96.6,0.536
66.8,31855.8,34664.7,-0.705,-0.8284,146.9,96.6,0.536
66.82,31879.1,34533.3,-0.5909,-1.1515,146.9,96.6,0.536
66.84,31835.4,34674.3,-0.8045,-0.8049,146.9,96.6,0.536
66.86,31818.2,34652.8,-0.8884,-0.8577,146.9,96.6,0.536
66.88,31769.9,34555.4,-1.1244,-1.0971,146.9,96.6,0.536
66.9,31765.3,34400.2,-1.1471,-1.4788,146.9,96.6,0.536
66.92,31806.3,34481.2,-0.9469,-1.2797,146.9,96.6,0.536
66.94,31854.4,34720.2,-0.7119,-0.6921,146.9,96.6,0.536
66.96,31960.4,34848.4,-0.1936,-0.377,146.9,96.6,0.536
66.98,32212.2,35294.8,1.0367,0.7204,146.9,96.6,0.536
67.0,32238.8,35590.1,1.1667,1.4463,146.9,96.6,0.536
67.02,32351.5,35717.8,1.7172,1.7602,146.9,96.6,0.536
67.04,32294.4,35626.4,1.4379,1.5356,146.9,96.6,0.536
67.06,32238.8,35592.3,1.1667,1.4519,146.9,96.6,0.536
67.08,32041.2,35280.4,0.2012,0.6852,146.9,96.6,0.536
67.1,32049.0,35160.2,0.2392,0.3897,146.9,96.6,0.536
67.12,32070.6,35152.7,0.3446,0.371,146.9,96.6,0.536
67.14,32042.3,35033.9,0.2063,0.0791,146.9,96.6,0.536
67.16,31965.6,34918.2,-0.1685,-0.2054,146.9,96.6,0.536
67.18,31878.5,34895.4,-0.594,-0.2615,146.9,96.6,0.536
67.2,31834.3,34720.9,-0.8099,-0.6904,146.9,96.6,0.536
67.22,31884.6,34677.4,-0.5641,-0.7974,146.9,96.6,0.536
67.24,31824.2,34660.7,-0.8593,-0.8383,146.9,96.6,0.536
67.26,31863.2,34625.6,-0.6689,-0.9246,146.9,96.6,0.536
67.28,31856.2,34627.7,-0.7028,-0.9194,146.9,96.6,0.536
67.3,31752.7,34360.0,-1.2087,-1.5775,146.9,96.6,0.536
67.32,31736.4,34425.3,-1.2883,-1.417,146.9,96.6,0.536
67.34,31788.2,34571.0,-1.0351,-1.0588,146.9,96.6,0.536
67.36,31823.8,34752.5,-0.8611,-0.6128,146.9,96.6,0.536
67.38,32122.3,35106.3,0.5975,0.2571,146.9,96.6,0.536
67.4,32223.9,35514.8,1.0938,1.2613,146.9,96.6,0.536
67.42,32321.7,35601.8,1.5715,1.4751,146.9,96.6,0.536
67.44,32321.7,35741.0,1.5716,1.8174,146.9,96.6,0.536
67.46,32264.1,35575.2,1.2899,1.4098,146.9,96.6,0.536
67.48,32210.4,35456.8,1.0276,1.1187,146.9,96.6,0.536
67.5,32215.4,35198.5,1.0524,0.4838,146.9,96.6,0.536
67.52,32113.6,35027.3,0.5546,0.0629,146.9,96.6,0.536
67.54,31995.5,35098.0,-0.0223,0.2367,146.9,96.6,0.536
67.56,31962.5,35046.6,-0.1835,0.1102,146.9,96.6,0.536
67.58,31913.6,34875.6,-0.4226,-0.3101,146.9,96.6,0.536
67.6,31977.4,34745.6,-0.1105,-0.6296,146.9,96.6,0.536
67.62,31793.9,34697.1,-1.0071,-0.7489,146.9,96.6,0.536
67.64,31836.4,34680.8,-0.7997,-0.7889,146.9,96.6,0.536
67.66,31862.1,34681.9,-0.6739,-0.7862,146.9,96.6,0.536
67.68,31827.2,34605.9,-0.8448,-0.9731,146.9,96.6,0.536
67.7,31805.2,34454.8,-0.9521,-1.3445,146.9,96.6,0.536
67.72,31754.3,34534.0,-1.2007,-1.1498,146.9,96.6,0.536
67.74,31724.2,34552.6,-1.348,-1.1042,146.9,96.6,0.536
67.76,31784.3,34654.4,-1.0542,-0.8539,146.9,96.6,0.536
67.78,32083.2,34951.3,0.4063,-0.1241,146.9,96.6,0.536
67.8,32079.1,35400.4,0.3862,0.98,146.9,96.6,0.536
67.82,32296.0,35670.8,1.4461,1.6447,146.9,96.6,0.536
67.84,32337.1,35753.7,1.647,1.8486,146.9,96.6,0.536
67.86,32358.6,35614.3,1.7521,1.5059,146.9,96.6,0.536
67.88,32302.5,35462.5,1.4779,1.1328,146.9,96.6,0.536
67.9,32102.3,35268.7,0.4995,0.6563,146.9,96.6,0.536
67.92,32159.4,35182.2,0.7785,0.4436,146.9,96.6,0.536
67.94,32013.9,35084.4,0.0678,0.2031,146.9,96.6,0.536
67.96,31961.5,35110.3,-0.1883,0.2668,146.9,96.6,0.536
67.98,31985.6,35045.8,-0.0707,0.1082,146.9,96.6,0.536
68.0,31878.2,34893.7,-0.5955,-0.2655,146.9,96.6,0.536
68.02,31848.4,34751.1,-0.741,-0.6161,146.9,96.6,0.536
68.04,31809.5,34738.3,-0.9308,-0.6476,146.9,96.6,0.536
68.06,31806.1,34717.8,-0.9478,-0.6979,146.9,96.6,0.536
68.08,31879.7,34639.2,-0.5881,-0.8913,146.9,96.6,0.536
68.1,31785.8,34559.3,-1.0467,-1.0876,146.9,96.6,0.536
68.12,31789.1,34534.7,-1.0307,-1.148,146.9,96.6,0.536
68.14,31714.9,34448.9,-1.3934,-1.359,146.9,96.6,0.536
68.16,31758.8,34521.6,-1.1788,-1.1802,146.9,96.6,0.536
68.18,31902.1,34719.1,-0.4788,-0.6948,146.9,96.6,0.536
68.2,32136.7,35161.5,0.6676,0.3929,146.9,96.6,0.536
68.22,32306.4,35610.5,1.4968,1.4964,146.9,96.6,0.536
68.24,32408.0,35774.0,1.993,1.8985,146.9,96.6,0.536
68.26,32292.5,35765.4,1.4287,1.8773,146.9,96.6,0.536
68.28,32259.0,35562.9,1.2653,1.3796,146.9,96.6,0.536
68.3,32183.5,35362.0,0.8964,0.8857,146.9,96.6,0.536
68.32,32131.6,35192.4,0.6426,0.4687,146.9,96.6,0.536
68.34,32071.2,35110.2,0.3477,0.2666,146.9,96.6,0.536
68.36,32078.5,35064.7,0.3835,0.1548,146.9,96.6,0.536
68.38,31979.3,35067.0,-0.1012,0.1605,146.9,96.6,0.536
68.4,31943.4,34907.0,-0.277,-0.2329,146.9,96.6,0.536
68.42,31809.2,34703.9,-0.9327,-0.7321,146.9,96.6,0.536
68.44,31883.7,34661.3,-0.5684,-0.8369,146.9,96.6,0.536
68.46,31822.0,34668.7,-0.87,-0.8186,146.9,96.6,0.536
68.48,31779.9,34689.8,-1.0758,-0.7668,146.9,96.6,0.536
68.5,31784.3,34691.2,-1.0543,-0.7634,146.9,96.6,0.536
68.52,31692.4,34590.6,-1.5031,-1.0107,146.9,96.6,0.536
68.54,31707.8,34409.7,-1.4278,-1.4555,146.9,96.6,0.536
68.56,31726.3,34540.2,-1.3375,-1.1347,146.9,96.6,0.536
68.58,31809.6,34771.3,-0.9306,-0.5665,146.9,96.6,0.536
68.6,32055.2,34994.5,0.2695,-0.0178,146.9,96.6,0.536
68.62,32272.9,35388.8,1.3333,0.9515,146.9,96.6,0.536
68.64,32264.9,35664.9,1.294,1.6302,146.9,96.6,0.536
68.66,32351.2,35786.9,1.7158,1.9302,146.9,96.6,0.536
68.68,32357.3,35632.5,1.7455,1.5505,146.9,96.6,0.536
68.7,32322.1,35380.8,1.5733,0.9319,146.9,96.6,0.536
68.72,32188.5,35292.0,0.9207,0.7136,146.9,96.6,0.536
68.74,32125.2,35129.7,0.6113,0.3146,146.9,96.6,0.536
68.76,32001.8,35098.1,0.0085,0.2368,146.9,96.6,0.536
68.78,31972.0,35018.0,-0.137,0.0401,146.9,96.6,0.536
68.8,31988.7,34981.0,-0.0556,-0.051,146.9,96.6,0.536
68.82,31895.9,34808.6,-0.5088,-0.4748,146.9,96.6,0.536
68.84,31852.1,34685.2,-0.7231,-0.778,146.9,96.6,0.536
68.86,31863.7,34710.4,-0.6663,-0.7162,146.9,96.6,0.536
68.88,31796.8,34666.9,-0.9933,-0.8231,146.9,96.6,0.536
68.9,31793.4,34621.9,-1.0095,-0.9338,146.9,96.6,0.536
68.92,31769.8,34639.5,-1.1251,-0.8904,146.9,96.6,0.536
68.94,31741.4,34464.9,-1.264,-1.3197,146.9,96.6,0.536
68.96,31799.1,34526.3,-0.9818,-1.1688,146.9,96.6,0.536
68.98,31770.9,34593.7,-1.1197,-1.0032,146.9,96.6,0.536
69.0,31973.9,34893.1,-0.1278,-0.2671,146.9,96.6,0.536
69.02,32097.7,35257.9,0.4769,0.6297,146.9,96.6,0.536
69.04,32300.0,35540.4,1.4653,1.3243,146.9,96.6,0.536
69.06,32478.1,35777.3,2.3359,1.9066,146.9,96.6,0.536
69.08,32386.3,35696.3,1.887,1.7075,146.9,96.6,0.536
69.1,32178.0,35521.1,0.8695,1.2767,146.9,96.6,0.536
69.12,32195.2,35365.9,0.9536,0.8952,146.9,96.6,0.536
69.14,32056.0,35148.5,0.2736,0.3608,146.9,96.6,0.536
69.16,32009.4,35126.0,0.0457,0.3054,146.9,96.6,0.536
69.18,32049.8,35136.4,0.2431,0.3311,146.9,96.6,0.536
69.2,31981.4,34942.2,-0.0911,-0.1462,146.9,96.6,0.536
69.22,31955.6,34918.4,-0.217,-0.2048,146.9,96.6,0.536
69.24,31896.9,34725.3,-0.504,-0.6796,146.9,96.6,0.536
69.26,31857.8,34683.9,-0.695,-0.7812,146.9,96.6,0.536
69.28,31843.2,34644.6,-0.7664,-0.8779,146.9,96.6,0.536
69.3,31956.8,34607.2,-0.2115,-0.97,146.9,96.6,0.536
69.32,31849.2,34659.3,-0.737,-0.8418,146.9,96.6,0.536
69.34,31850.1,34511.1,-0.7328,-1.2061,146.9,96.6,0.536
69.36,31745.0,34549.1,-1.246,-1.1126,146.9,96.6,0.536
69.38,31825.0,34461.2,-0.8554,-1.3289,146.9,96.6,0.536
69.4,31988.8,34766.4,-0.0547,-0.5786,146.9,96.6,0.536
69.42,31988.1,35084.6,-0.0584,0.2036,146.9,96.6,0.536
69.44,32220.8,35479.6,1.0785,1.1748,146.9,96.6,0.536
69.46,32331.7,35665.5,1.6204,1.6318,146.9,96.6,0.536
69.48,32426.1,35755.1,2.0816,1.8519,146.9,96.6,0.536
69.5,32262.8,35623.0,1.2837,1.5272,146.9,96.6,0.536
69.52,32171.1,35363.8,0.8359,0.89,146.9,96.6,0.536
69.54,32169.8,35212.7,0.8296,0.5187,146.9,96.6,0.536
69.56,32098.3,35183.3,0.4802,0.4464,146.9,96.6,0.536
69.58,32131.0,35161.0,0.64,0.3915,146.9,96.6,0.536
69.6,31997.4,35052.1,-0.0129,0.1237,146.9,96.6,0.536
69.62,31923.0,34906.8,-0.3766,-0.2334,146.9,96.6,0.536
69.64,31826.0,34826.5,-0.8503,-0.4307,146.9,96.6,0.536
69.66,31845.0,34724.0,-0.7577,-0.6827,146.9,96.6,0.536
69.68,31870.1,34676.9,-0.6349,-0.7985,146.9,96.6,0.536
69.7,31815.0,34684.4,-0.904,-0.7801,146.9,96.6,0.536
69.72,31835.5,34599.3,-0.8038,-0.9892,146.9,96.6,0.536
69.74,31772.2,34568.0,-1.1133,-1.0664,146.9,96.6,0.536
69.76,31773.3,34505.5,-1.1081,-1.22,146.9,96.6,0.536
69.78,31640.6,34483.6,-1.7564,-1.2738,146.9,96.6,0.536
69.8,31808.4,34631.2,-0.9362,-0.911,146.9,96.6,0.536
69.82,32019.6,34942.5,0.0956,-0.1456,146.9,96.6,0.536
69.84,32151.6,35313.3,0.7404,0.7659,146.9,96.6,0.536
69.86,32278.8,35490.8,1.362,1.2024,146.9,96.6,0.536
69.88,32438.1,35771.2,2.1401,1.8916,146.9,96.6,0.536
69.9,32279.1,35694.5,1.3635,1.703,146.9,96.6,0.536
69.92,32239.7,35518.1,1.1709,1.2695,146.9,96.6,0.536
69.94,32085.3,35268.0,0.4164,0.6545,146.9,96.6,0.536
69.96,32061.2,35148.0,0.2988,0.3595,146.9,96.6,0.536
69.98,32002.7,35098.2,0.0128,0.237,146.9,96.6,0.536
70.0,32004.2,35056.7,0.02,0.1352,146.9,96.6,0.536
70.02,31945.1,35129.9,-0.2687,0.3152,146.9,96.6,0.536
70.04,31929.2,34890.8,-0.3464,-0.2727,146.9,96.6,0.536
70.06,31902.5,34839.0,-0.4766,-0.4001,146.9,96.6,0.536
70.08,31815.3,34685.5,-0.9029,-0.7775,146.9,96.6,0.536
70.1,31781.0,34683.5,-1.0702,-0.7822,146.9,96.6,0.536
70.12,31896.1,34632.2,-0.5077,-0.9085,146.9,96.6,0.536
70.14,31781.3,34561.7,-1.0689,-1.0818,146.9,96.6,0.536
70.16,31698.7,34439.0,-1.4722,-1.3835,146.9,96.6,0.536
70.18,31773.7,34433.8,-1.1061,-1.3962,146.9,96.6,0.536
70.2,31769.3,34534.2,-1.1273,-1.1493,146.9,96.6,0.536
70.22,31971.8,34809.6,-0.1379,-0.4724,146.9,96.6,0.536
70.24,32044.8,35178.8,0.2185,0.4353,146.9,96.6,0.536
70.26,32260.2,35540.3,1.2713,1.3239,146.9,96.6,0.536
70.28,32362.7,35664.4,1.772,1.6291,146.9,96.6,0.536
70.3,32292.9,35700.3,1.4311,1.7173,146.9,96.6,0.536
70.32,32281.1,35647.4,1.3734,1.5872,146.9,96.6,0.536
70.34,32183.2,35375.2,0.8947,0.918,146.9,96.6,0.536
70.36,32099.6,35277.0,0.4863,0.6767,146.9,96.6,0.536
70.38,32012.3,35134.9,0.0598,0.3273,146.9,96.6,0.536
70.4,32016.5,35008.1,0.0806,0.0156,146.9,96.6,0.536
70.42,31940.3,35046.1,-0.2918,0.109,146.9,96.6,0.536
70.44,31861.4,34943.9,-0.6773,-0.1422,146.9,96.6,0.536
70.46,31857.4,34801.1,-0.6971,-0.4931,146.9,96.6,0.536
70.48,31981.1,34729.7,-0.0925,-0.6686,146.9,96.6,0.536
70.5,31857.2,34630.8,-0.6981,-0.9119,146.9,96.6,0.536
70.52,31846.9,34713.1,-0.7484,-0.7095,146.9,96.6,0.536
70.54,31872.6,34627.3,-0.6227,-0.9205,146.9,96.6,0.536
70.56,31793.8,34506.8,-1.0077,-1.2168,146.9,96.6,0.536
70.58,31736.0,34480.4,-1.2901,-1.2816,146.9,96.6,0.536
70.6,31717.2,34489.1,-1.382,-1.2603,146.9,96.6,0.536
70.62,31734.2,34748.9,-1.2988,-0.6216,146.9,96.6,0.536
70.64,32047.4,35019.9,0.2314,0.0446,146.9,96.6,0.536
70.66,32209.2,35330.5,1.0221,0.8081,146.9,96.6,0.536
70.68,32347.7,35644.1,1.6984,1.5792,146.9,96.6,0.536
70.7,32344.1,35672.5,1.6808,1.6489,146.9,96.6,0.536
70.72,32277.0,35594.4,1.3534,1.4569,146.9,96.6,0.536
70.74,32193.6,35482.6,0.9457,1.1821,146.9,96.6,0.536
70.76,32147.2,35280.3,0.7192,0.6847,146.9,96.6,0.536
70.78,31968.4,35231.7,-0.1549,0.5654,146.9,96.6,0.536
70.8,31958.9,35035.3,-0.201,0.0824,146.9,96.6,0.536
70.82,32088.7,35154.0,0.4332,0.3743,146.9,96.6,0.536
70.84,31999.6,35004.7,-0.0021,0.0072,146.9,96.6,0.536
70.86,31919.6,34823.1,-0.3929,-0.4392,146.9,96.6,0.536
70.88,31894.6,34660.8,-0.5151,-0.8381,146.9,96.6,0.536
70.9,31827.4,34773.5,-0.8438,-0.5611,146.9,96.6,0.536
70.92,31896.3,34706.3,-0.5069,-0.7263,146.9,96.6,0.536
70.94,31757.5,34644.9,-1.1849,-0.8772,146.9,96.6,0.536
70.96,31838.8,34489.8,-0.7878,-1.2584,146.9,96.6,0.536
70.98,31730.6,34565.7,-1.3165,-1.072,146.9,96.6,0.536
71.0,31710.6,34495.5,-1.4143,-1.2444,146.9,96.6,0.536
71.02,31853.6,34605.5,-0.7157,-0.9741,146.9,96.6,0.536
71.04,31852.0,34847.9,-0.7233,-0.3783,146.9,96.6,0.536
71.06,32103.4,35230.0,0.5052,0.5612,146.9,96.6,0.536
71.08,32254.5,35638.4,1.2434,1.5651,146.9,96.6,0.536
71.1,32384.5,35736.9,1.8785,1.8072,146.9,96.6,0.536
71.12,32336.7,35706.1,1.6448,1.7317,146.9,96.6,0.536
71.14,32239.4,35604.3,1.1695,1.4813,146.9,96.6,0.536
71.16,32181.0,35345.8,0.8842,0.8458,146.9,96.6,0.536
71.18,32067.5,35194.3,0.3297,0.4735,146.9,96.6,0.536
71.2,32060.9,35129.3,0.2972,0.3136,146.9,96.6,0.536
71.22,32110.4,35036.0,0.5391,0.0842,146.9,96.6,0.536
71.24,32070.3,34936.1,0.3431,-0.1613,146.9,96.6,0.536
71.26,31965.1,34909.1,-0.171,-0.2278,146.9,96.6,0.536
71.28,31988.0,34755.0,-0.0591,-0.6065,146.9,96.6,0.536
71.3,31924.3,34743.2,-0.3699,-0.6357,146.9,96.6,0.536
71.32,31853.6,34600.0,-0.7156,-0.9876,146.9,96.6,0.536
71.34,31828.4,34562.9,-0.8387,-1.0788,146.9,96.6,0.536
71.36,31794.5,34598.4,-1.0042,-0.9916,146.9,96.6,0.536
71.38,31764.3,34461.5,-1.1521,-1.3281,146.9,96.6,0.536
71.4,31735.9,34474.2,-1.2907,-1.2969,146.9,96.6,0.536
71.42,31695.0,34568.7,-1.4906,-1.0645,146.9,96.6,0.536
71.44,31864.2,34789.4,-0.664,-0.522,146.9,96.6,0.536
71.46,32097.4,35137.6,0.4758,0.3339,146.9,96.6,0.536
71.48,32180.6,35476.4,0.882,1.1668,146.9,96.6,0.536
71.5,32390.7,35727.9,1.9087,1.7852,146.9,96.6,0.536
71.52,32372.6,35754.6,1.8202,1.8507,146.9,96.6,0.536
71.54,32332.6,35555.3,1.6251,1.3608,146.9,96.6,0.536
71.56,32234.2,35397.5,1.1443,0.973,146.9,96.6,0.536
71.58,32133.7,35189.3,0.6531,0.4611,146.9,96.6,0.536
71.6,32079.9,35141.7,0.3899,0.344,146.9,96.6,0.536
71.62,32083.9,35040.9,0.4095,0.0962,146.9,96.6,0.536
71.64,32025.8,35032.5,0.1257,0.0756,146.9,96.6,0.536
71.66,31883.6,34940.8,-0.5689,-0.1497,146.9,96.6,0.536
71.68,31901.9,34829.0,-0.4797,-0.4245,146.9,96.6,0.536
71.7,31870.0,34755.1,-0.6355,-0.6063,146.9,96.6,0.536
71.72,31847.5,34728.3,-0.7453,-0.6722,146.9,96.6,0.536
71.74,31880.5,34634.0,-0.5842,-0.904,146.9,96.6,0.536
71.76,31794.5,34712.7,-1.0044,-0.7106,146.9,96.6,0.536
71.78,31777.2,34501.9,-1.0889,-1.2287,146.9,96.6,0.536
71.8,31646.2,34568.5,-1.7288,-1.065,146.9,96.6,0.536
71.82,31756.7,34430.5,-1.1889,-1.4042,146.9,96.6,0.536
71.84,31799.0,34545.4,-0.9825,-1.1218,146.9,96.6,0.536
71.86,31997.3,34795.8,-0.0133,-0.5062,146.9,96.6,0.536
71.88,32229.1,35326.6,1.1191,0.7986,146.9,96.6,0.536
71.9,32406.2,35680.2,1.9844,1.6678,146.9,96.6,0.536
71.92,32330.1,35831.2,1.6127,2.0391,146.9,96.6,0.536
71.94,32386.6,35615.3,1.8885,1.5083,146.9,96.6,0.536
71.96,32227.5,35512.3,1.1115,1.2551,146.9,96.6,0.536
71.98,32206.1,35244.7,1.0069,0.5974,146.9,96.6,0.536
72.0,32077.5,35242.4,0.3782,0.5917,146.9,96.6,0.536
72.02,32118.2,35161.7,0.5775,0.3932,146.9,96.6,0.536
72.04,31948.7,35030.8,-0.251,0.0715,146.9,96.6,0.536
72.06,31991.4,34982.9,-0.0422,-0.0464,146.9,96.6,0.536
72.08,31977.7,34934.3,-0.1093,-0.1657,146.9,96.6,0.536
72.1,31725.9,34784.8,-1.3393,-0.5333,146.9,96.6,0.536
72.12,31882.1,34616.0,-0.5761,-0.9483,146.9,96.6,0.536
72.14,31851.0,34759.8,-0.7284,-0.5947,146.9,96.6,0.536
72.16,31805.0,34642.6,-0.953,-0.8829,146.9,96.6,0.536
72.18,31850.1,34658.9,-0.7327,-0.8429,146.9,96.6,0.536
72.2,31723.8,34415.8,-1.3496,-1.4404,146.9,96.6,0.536
72.22,31762.5,34494.0,-1.1605,-1.2482,146.9,96.6,0.536
72.24,31802.8,34543.7,-0.9638,-1.1259,146.9,96.6,0.536
72.26,31898.2,34762.9,-0.4978,-0.5872,146.9,96.6,0.536
72.28,32089.8,35070.6,0.4384,0.1693,146.9,96.6,0.536
72.3,32274.9,35505.7,1.3431,1.239,146.9,96.6,0.536
72.32,32313.1,35783.4,1.5297,1.9216,146.9,96.6,0.536
72.34,32286.1,35797.3,1.3976,1.9558,146.9,96.6,0.536
72.36,32323.3,35675.2,1.5791,1.6555,146.9,96.6,0.536
72.38,32161.4,35328.0,0.7883,0.802,146.9,96.6,0.536
72.4,32149.5,35384.9,0.7304,0.942,146.9,96.6,0.536
72.42,32045.7,35082.2,0.2232,0.1977,146.9,96.6,0.536
72.44,32087.6,35101.1,0.4275,0.2442,146.9,96.6,0.536
72.46,32048.2,35066.5,0.2351,0.1592,146.9,96.6,0.536
72.48,31988.4,34830.5,-0.0567,-0.4209,146.9,96.6,0.536
72.5,31898.4,34815.8,-0.4966,-0.457,146.9,96.6,0.536
72.52,31831.7,34723.7,-0.8226,-0.6836,146.9,96.6,0.536
72.54,31853.6,34737.6,-0.7155,-0.6494,146.9,96.6,0.536
72.56,31691.4,34722.0,-1.508,-0.6877,146.9,96.6,0.536
72.58,31826.4,34609.9,-0.8487,-0.9633,146.9,96.6,0.536
72.6,31740.1,34549.2,-1.2701,-1.1124,146.9,96.6,0.536
72.62,31712.8,34466.5,-1.4037,-1.3159,146.9,96.6,0.536
72.64,31738.8,34545.6,-1.2766,-1.1214,146.9,96.6,0.536
72.66,31875.6,34670.3,-0.608,-0.8149,146.9,96.6,0.536
72.68,31989.7,34853.3,-0.0506,-0.3649,146.9,96.6,0.536
72.7,32168.5,35385.6,0.8231,0.9436,146.9,96.6,0.536
72.72,32286.0,35702.0,1.3973,1.7215,146.9,96.6,0.536
72.74,32428.6,35819.3,2.094,2.0098,146.9,96.6,0.536
72.76,32279.8,35637.0,1.3666,1.5618,146.9,96.6,0.536
72.78,32220.4,35459.0,1.0767,1.1241,146.9,96.6,0.536
72.8,32201.4,35338.7,0.9837,0.8283,146.9,96.6,0.536
72.82,32005.3,35233.7,0.0255,0.5702,146.9,96.6,0.536
72.84,32076.8,35110.3,0.3748,0.2669,146.9,96.6,0.536
72.86,31950.6,35124.6,-0.2418,0.302,146.9,96.6,0.536
72.88,31942.9,35041.8,-0.279,0.0985,146.9,96.6,0.536
72.9,31950.3,34812.6,-0.2431,-0.4649,146.9,96.6,0.536
72.92,31926.8,34784.4,-0.3578,-0.5342,146.9,96.6,0.536
72.94,31753.5,34632.2,-1.2046,-0.9083,146.9,96.6,0.536
72.96,31882.0,34621.4,-0.577,-0.935,146.9,96.6,0.536
72.98,31756.4,34608.9,-1.1905,-0.9657,146.9,96.6,0.536
73.0,31760.2,34522.9,-1.1719,-1.1772,146.9,96.6,0.536
73.02,31697.9,34394.0,-1.4761,-1.4941,146.9,96.6,0.536
73.04,31673.3,34466.9,-1.5965,-1.3147,146.9,96.6,0.536
73.06,31826.5,34629.7,-0.848,-0.9146,146.9,96.6,0.536
73.08,31979.2,34835.3,-0.1021,-0.4092,146.9,96.6,0.536
73.1,32118.2,35197.4,0.5775,0.4809,146.9,96.6,0.536
73.12,32245.5,35490.5,1.1993,1.2016,146.9,96.6,0.536
73.14,32403.0,35746.6,1.9687,1.831,146.9,96.6,0.536
73.16,32415.0,35677.6,2.0275,1.6616,146.9,96.6,0.536
73.18,32314.9,35617.0,1.5385,1.5125,146.9,96.6,0.536
73.2,32234.8,35348.4,1.1468,0.8521,146.9,96.6,0.536
73.22,32169.4,35211.2,0.8275,0.515,146.9,96.6,0.536
73.24,32080.4,35180.6,0.3925,0.4398,146.9,96.6,0.536
73.26,32141.1,35046.7,0.689,0.1106,146.9,96.6,0.536
73.28,31983.9,35058.2,-0.0787,0.1387,146.9,96.6,0.536
73.3,31935.1,34903.2,-0.3175,-0.2423,146.9,96.6,0.536
73.32,31889.9,34740.4,-0.538,-0.6423,146.9,96.6,0.536
73.34,31838.8,34709.6,-0.7881,-0.7181,146.9,96.6,0.536
73.36,31788.4,34747.5,-1.0339,-0.6251,146.9,96.6,0.536
73.38,31747.3,34600.0,-1.2351,-0.9876,146.9,96.6,0.536
73.4,31789.7,34645.8,-1.0278,-0.8749,146.9,96.6,0.536
73.42,31846.1,34455.8,-0.7523,-1.3421,146.9,96.6,0.536
73.44,31760.7,34448.1,-1.1693,-1.3611,146.9,96.6,0.536
73.46,31692.9,34447.7,-1.5006,-1.362,146.9,96.6,0.536
73.48,31780.6,34624.4,-1.0721,-0.9277,146.9,96.6,0.536
73.5,32019.8,35054.9,0.0966,0.1308,146.9,96.6,0.536
73.52,32249.1,35415.8,1.217,1.0179,146.9,96.6,0.536
73.54,32394.9,35664.7,1.9292,1.6298,146.9,96.6,0.536
73.56,32286.8,35724.2,1.401,1.7761,146.9,96.6,0.536
73.58,32336.1,35712.8,1.6417,1.7479,146.9,96.6,0.536
73.6,32110.6,35527.2,0.5404,1.2917,146.9,96.6,0.536
73.62,32068.0,35249.6,0.3319,0.6095,146.9,96.6,0.536
73.64,32053.1,35069.9,0.259,0.1675,146.9,96.6,0.536
73.66,32013.6,35051.7,0.066,0.1227,146.9,96.6,0.536
73.68,31993.5,35121.9,-0.0318,0.2954,146.9,96.6,0.536
73.7,32022.8,34973.3,0.1109,-0.0699,146.9,96.6,0.536
73.72,31907.4,34811.9,-0.4528,-0.4666,146.9,96.6,0.536
73.74,31845.8,34728.6,-0.7538,-0.6714,146.9,96.6,0.536
73.76,31768.4,34608.1,-1.132,-0.9677,146.9,96.6,0.536
73.78,31943.0,34610.8,-0.2785,-0.9611,146.9,96.6,0.536
73.8,31820.1,34555.3,-0.8791,-1.0975,146.9,96.6,0.536
73.82,31805.6,34582.1,-0.95,-1.0316,146.9,96.6,0.536
73.84,31754.3,34502.4,-1.2009,-1.2274,146.9,96.6,0.536
73.86,31731.4,34510.3,-1.3124,-1.2081,146.9,96.6,0.536
73.88,31819.0,34511.0,-0.8848,-1.2063,146.9,96.6,0.536
73.9,31939.8,34880.4,-0.2945,-0.2982,146.9,96.6,0.536
73.92,32180.0,35211.5,0.8791,0.5156,146.9,96.6,0.536
73.94,32282.1,35501.1,1.3782,1.2277,146.9,96.6,0.536
73.96,32341.4,35776.3,1.668,1.9043,146.9,96.6,0.536
73.98,32307.8,35679.1,1.5037,1.6652,146.9,96.6,0.536
74.0,32200.4,35496.5,0.9789,1.2163,146.9,96.6,0.536
74.02,32165.8,35375.9,0.8098,0.9198,146.9,96.6,0.536
74.04,32121.1,35092.0,0.5913,0.2219,146.9,96.6,0.536
74.06,31916.5,35056.1,-0.4082,0.1337,146.9,96.6,0.536
74.08,32047.7,35059.7,0.233,0.1424,146.9,96.6,0.536
74.1,32015.9,35006.5,0.0772,0.0117,146.9,96.6,0.536
74.12,31995.6,34872.6,-0.0218,-0.3175,146.9,96.6,0.536
74.14,31823.2,34797.6,-0.8643,-0.5019,146.9,96.6,0.536
74.16,31898.2,34685.9,-0.4978,-0.7765,146.9,96.6,0.536
74.18,31843.1,34620.4,-0.767,-0.9375,146.9,96.6,0.536
74.2,31829.0,34593.4,-0.8359,-1.0039,146.9,96.6,0.536
74.22,31803.2,34547.7,-0.9616,-1.1161,146.9,96.6,0.536
74.24,31710.3,34536.0,-1.4156,-1.1448,146.9,96.6,0.536
74.26,31719.4,34558.3,-1.3711,-1.09,146.9,96.6,0.536
74.28,31795.5,34471.8,-0.9994,-1.3026,146.9,96.6,0.536
74.3,31851.6,34776.9,-0.7254,-0.5526,146.9,96.6,0.536
74.32,31957.8,35114.5,-0.2062,0.2773,146.9,96.6,0.536
74.34,32132.4,35486.9,0.6468,1.1927,146.9,96.6,0.536
74.36,32352.0,35722.8,1.7198,1.7727,146.9,96.6,0.536
74.38,32331.4,35726.5,1.6191,1.7818,146.9,96.6,0.536
74.4,32330.8,35607.8,1.6162,1.4899,146.9,96.6,0.536
74.42,32192.3,35442.6,0.9393,1.0837,146.9,96.6,0.536
74.44,32056.4,35274.3,0.2751,0.67,146.9,96.6,0.536
74.46,32105.2,35138.6,0.5136,0.3365,146.9,96.6,0.536
74.48,31965.7,35089.4,-0.1677,0.2156,146.9,96.6,0.536
74.5,32004.7,34997.7,0.0229,-0.01,146.9,96.6,0.536
74.52,31928.1,34881.2,-0.3514,-0.2962,146.9,96.6,0.536
74.54,31969.1,34802.0,-0.1513,-0.491,146.9,96.6,0.536
74.56,31880.9,34648.0,-0.5823,-0.8695,146.9,96.6,0.536
74.58,31815.2,34677.3,-0.903,-0.7976,146.9,96.6,0.536
74.6,31823.3,34641.1,-0.8634,-0.8865,146.9,96.6,0.536
74.62,31773.6,34608.8,-1.1066,-0.9658,146.9,96.6,0.536
74.64,31693.6,34497.4,-1.4973,-1.2397,146.9,96.6,0.536
74.66,31702.9,34431.1,-1.4521,-1.4028,146.9,96.6,0.536
74.68,31785.9,34372.3,-1.0465,-1.5472,146.9,96.6,0.536
74.7,31698.9,34557.6,-1.4716,-1.0919,146.9,96.6,0.536
74.72,31968.1,34966.0,-0.1561,-0.0878,146.9,96.6,0.536
74.74,32129.1,35326.6,0.6304,0.7986,146.9,96.6,0.536
74.76,32360.9,35631.0,1.7631,1.547,146.9,96.6,0.536
74.78,32454.7,35766.5,2.2216,1.88,146.9,96.6,0.536
74.8,32384.9,35639.6,1.8803,1.5681,146.9,96.6,0.536
74.82,32242.0,35601.4,1.1823,1.4742,146.9,96.6,0.536
74.84,32133.0,35324.7,0.6495,0.7941,146.9,96.6,0.536
74.86,32099.8,35116.1,0.4874,0.2813,146.9,96.6,0.536
74.88,32050.2,35173.4,0.2452,0.4221,146.9,96.6,0.536
74.9,32065.3,35123.3,0.319,0.2989,146.9,96.6,0.536
74.92,32035.2,34982.0,0.1716,-0.0486,146.9,96.6,0.536
74.94,31864.0,34763.4,-0.6646,-0.5859,146.9,96.6,0.536
74.96,31876.7,34784.1,-0.6028,-0.535,146.9,96.6,0.536
74.98,31806.3,34700.1,-0.9466,-0.7414,146.9,96.6,0.536
75.0,31806.0,34647.6,-0.9482,-0.8706,146.9,96.6,0.536
75.02,31860.1,34600.3,-0.6836,-0.9868,146.9,96.6,0.536
75.04,31801.2,34629.8,-0.9718,-0.9144,146.9,96.6,0.536
75.06,31629.5,34467.6,-1.8107,-1.313,146.9,96.6,0.536
75.08,31734.6,34517.3,-1.2971,-1.191,146.9,96.6,0.536
75.1,31824.3,34509.6,-0.8586,-1.2097,146.9,96.6,0.536
75.12,31856.8,34807.9,-0.7002,-0.4766,146.9,96.6,0.536
75.14,32020.3,35211.7,0.0991,0.5162,146.9,96.6,0.536
75.16,32262.8,35523.6,1.2837,1.283,146.9,96.6,0.536
75.18,32441.4,35720.6,2.1562,1.7672,146.9,96.6,0.536
75.2,32461.3,35724.2,2.2536,1.776,146.9,96.6,0.536
75.22,32308.7,35571.7,1.508,1.4012,146.9,96.6,0.536
75.24,32178.0,35462.3,0.8695,1.1322,146.9,96.6,0.536
75.26,32061.7,35125.1,0.301,0.3032,146.9,96.6,0.536
75.28,31991.6,35260.5,-0.0413,0.6361,146.9,96.6,0.536
75.3,31985.8,35097.1,-0.0695,0.2345,146.9,96.6,0.536
75.32,32055.9,34999.7,0.2728,-0.0049,146.9,96.6,0.536
75.34,31858.3,34938.1,-0.6924,-0.1564,146.9,96.6,0.536
75.36,31920.1,34760.2,-0.3905,-0.5938,146.9,96.6,0.536
75.38,31847.6,34775.2,-0.7449,-0.5569,146.9,96.6,0.536
75.4,31811.7,34654.8,-0.9203,-0.853,146.9,96.6,0.536
75.42,31774.8,34579.4,-1.1007,-1.0382,146.9,96.6,0.536
75.44,31768.0,34641.2,-1.1336,-0.8864,146.9,96.6,0.536
75.46,31742.9,34616.4,-1.2564,-0.9473,146.9,96.6,0.536
75.48,31822.3,34583.1,-0.8684,-1.0291,146.9,96.6,0.536
75.5,31738.4,34470.3,-1.2783,-1.3065,146.9,96.6,0.536
75.52,31792.2,34605.0,-1.0153,-0.9753,146.9,96.6,0.536
75.54,32061.6,34932.2,0.3009,-0.171,146.9,96.6,0.536
75.56,32135.8,35428.8,0.6634,1.0499,146.9,96.6,0.536
75.58,32385.9,35586.4,1.8852,1.4374,146.9,96.6,0.536
75.6,32447.0,35646.4,2.1836,1.5848,146.9,96.6,0.536
75.62,32278.1,35587.6,1.3585,1.4402,146.9,96.6,0.536
75.64,32172.5,35492.0,0.8424,1.2052,146.9,96.6,0.536
75.66,32044.9,35334.6,0.2193,0.8182,146.9,96.6,0.536
75.68,32131.8,35132.0,0.6436,0.3204,146.9,96.6,0.536
75.7,32123.0,35084.2,0.6005,0.2028,146.9,96.6,0.536
75.72,31912.8,35007.5,-0.4265,0.0141,146.9,96.6,0.536
75.74,31848.3,34944.2,-0.7417,-0.1414,146.9,96.6,0.536
75.76,31929.5,34820.1,-0.3448,-0.4465,146.9,96.6,0.536
75.78,31823.5,34710.9,-0.8626,-0.7149,146.9,96.6,0.536
75.8,31772.7,34664.6,-1.1109,-0.8287,146.9,96.6,0.536
75.82,31776.1,34756.8,-1.0942,-0.6021,146.9,96.6,0.536
75.84,31847.1,34679.0,-0.7475,-0.7933,146.9,96.6,0.536
75.86,31786.0,34609.5,-1.046,-0.9643,146.9,96.6,0.536
75.88,31708.9,34455.0,-1.4227,-1.3441,146.9,96.6,0.536
75.9,31673.6,34402.9,-1.595,-1.4722,146.9,96.6,0.536
75.92,31725.1,34504.1,-1.3436,-1.2233,146.9,96.6,0.536
75.94,31927.3,34792.8,-0.3553,-0.5136,146.9,96.6,0.536
75.96,32099.9,35182.4,0.4878,0.4441,146.9,96.6,0.536
75.98,32257.4,35530.5,1.2575,1.2999,146.9,96.6,0.536
76.0,32307.9,35789.5,1.5042,1.9367,146.9,96.6,0.536
76.02,32377.3,35681.7,1.8432,1.6716,146.9,96.6,0.536
76.04,32273.1,35498.7,1.3342,1.2217,146.9,96.6,0.536
76.06,32127.0,35399.2,0.6202,0.977,146.9,96.6,0.536
76.08,32066.5,35203.7,0.3247,0.4966,146.9,96.6,0.536
76.1,32000.8,35070.8,0.0037,0.1699,146.9,96.6,0.536
76.12,31989.4,35049.6,-0.052,0.1177,146.9,96.6,0.536
76.14,31943.6,35020.8,-0.2756,0.0468,146.9,96.6,0.536
76.16,31863.8,34930.4,-0.6659,-0.1753,146.9,96.6,0.536
76.18,31839.6,34820.6,-0.784,-0.4454,146.9,96.6,0.536
76.2,31801.6,34739.3,-0.9695,-0.6451,146.9,96.6,0.536
76.22,31750.4,34651.1,-1.2197,-0.8621,146.9,96.6,0.536
76.24,31812.6,34597.7,-0.9158,-0.9933,146.9,96.6,0.536
76.26,31714.7,34648.2,-1.3944,-0.8691,146.9,96.6,0.536
76.28,31704.8,34628.6,-1.4428,-0.9173,146.9,96.6,0.536
76.3,31638.8,34341.0,-1.7653,-1.6242,146.9,96.6,0.536
76.32,31681.8,34539.4,-1.5549,-1.1366,146.9,96.6,0.536
76.34,31873.1,34662.5,-0.6205,-0.8339,146.9,96.6,0.536
76.36,32025.9,35108.2,0.1265,0.2616,146.9,96.6,0.536
76.38,32194.5,35483.2,0.9501,1.1837,146.9,96.6,0.536
76.4,32333.7,35650.9,1.6304,1.5959,146.9,96.6,0.536
76.42,32372.7,35703.9,1.8206,1.7262,146.9,96.6,0.536
76.44,32184.5,35619.6,0.9012,1.5189,146.9,96.6,0.536
76.46,32191.9,35570.8,0.9372,1.399,146.9,96.6,0.536
76.48,32175.8,35249.4,0.8589,0.6089,146.9,96.6,0.536
76.5,32100.2,35222.5,0.4893,0.5428,146.9,96.6,0.536
76.52,32077.8,35023.1,0.3799,0.0526,146.9,96.6,0.536
76.54,32006.4,35083.8,0.0311,0.2018,146.9,96.6,0.536
76.56,31924.1,34959.8,-0.3713,-0.1031,146.9,96.6,0.536
76.58,31846.7,34848.7,-0.7491,-0.3761,146.9,96.6,0.536
76.6,31883.6,34751.5,-0.5689,-0.6152,146.9,96.6,0.536
76.62,31850.2,34725.7,-0.7324,-0.6785,146.9,96.6,0.536
76.64,31853.8,34628.6,-0.7148,-0.9173,146.9,96.6,0.536
76.66,31806.3,34675.9,-0.9468,-0.801,146.9,96.6,0.536
76.68,31869.8,34634.2,-0.6365,-0.9036,146.9,96.6,0.536
76.7,31618.0,34425.0,-1.8668,-1.4177,146.9,96.6,0.536
76.72,31793.2,34505.7,-1.0107,-1.2193,146.9,96.6,0.536
76.74,31826.4,34579.3,-0.8485,-1.0385,146.9,96.6,0.536
76.76,31997.0,34917.8,-0.0147,-0.2064,146.9,96.6,0.536
76.78,32142.2,35271.0,0.6948,0.662,146.9,96.6,0.536
76.8,32301.4,35660.3,1.4723,1.619,146.9,96.6,0.536
76.82,32361.5,35776.2,1.7661,1.904,146.9,96.6,0.536
76.84,32355.2,35755.3,1.7353,1.8525,146.9,96.6,0.536
76.86,32295.4,35565.5,1.4429,1.386,146.9,96.6,0.536
76.88,32105.5,35260.8,0.5154,0.6368,146.9,96.6,0.536
76.9,32105.5,35272.8,0.5152,0.6663,146.9,96.6,0.536
76.92,31937.1,35220.4,-0.3078,0.5375,146.9,96.6,0.536
76.94,32066.8,35033.5,0.3262,0.078,146.9,96.6,0.536
76.96,31978.0,34972.8,-0.1076,-0.0711,146.9,96.6,0.536
76.98,31938.9,34910.0,-0.2989,-0.2255,146.9,96.6,0.536
77.0,31856.1,34746.5,-0.7036,-0.6275,146.9,96.6,0.536
77.02,31940.3,34711.1,-0.2917,-0.7146,146.9,96.6,0.536
77.04,31778.2,34687.2,-1.084,-0.7732,146.9,96.6,0.536
77.06,31800.5,34628.2,-0.9749,-0.9183,146.9,96.6,0.536
77.08,31844.1,34589.0,-0.7619,-1.0147,146.9,96.6,0.536
77.1,31725.0,34524.0,-1.3437,-1.1744,146.9,96.6,0.536
77.12,31781.7,34449.6,-1.0671,-1.3574,146.9,96.6,0.536
77.14,31740.2,34548.1,-1.2697,-1.1152,146.9,96.6,0.536
77.16,31777.9,34887.4,-1.0853,-0.281,146.9,96.6,0.536
77.18,32069.0,35205.0,0.3368,0.4998,146.9,96.6,0.536
77.2,32265.9,35550.5,1.2988,1.3491,146.9,96.6,0.536
77.22,32374.7,35689.0,1.8304,1.6894,146.9,96.6,0.536
77.24,32477.7,35815.7,2.3337,2.0009,146.9,96.6,0.536
77.26,32436.7,35561.2,2.1336,1.3752,146.9,96.6,0.536
77.28,32258.4,35336.5,1.2622,0.823,146.9,96.6,0.536
77.3,32111.5,35220.2,0.5443,0.5371,146.9,96.6,0.536
77.32,32073.0,35118.1,0.3563,0.2861,146.9,96.6,0.536
77.34,31938.9,35078.6,-0.2986,0.1889,146.9,96.6,0.536
77.36,31960.4,35037.5,-0.1938,0.088,146.9,96.6,0.536
77.38,31951.7,34987.9,-0.2361,-0.034,146.9,96.6,0.536
77.4,32000.3,34876.7,0.0012,-0.3074,146.9,96.6,0.536
77.42,31906.8,34662.9,-0.4556,-0.833,146.9,96.6,0.536
77.44,31895.9,34601.4,-0.5091,-0.9841,146.9,96.6,0.536
77.46,31922.3,34641.7,-0.3797,-0.8852,146.9,96.6,0.536
77.48,31908.2,34637.4,-0.449,-0.8957,146.9,96.6,0.536
77.5,31779.2,34538.4,-1.0791,-1.1391,146.9,96.6,0.536
77.52,31774.3,34455.0,-1.1031,-1.3441,146.9,96.6,0.536
77.54,31744.3,34485.8,-1.2498,-1.2684,146.9,96.6,0.536
77.56,31688.5,34597.5,-1.5222,-0.9937,146.9,96.6,0.536
77.58,31893.8,34991.0,-0.5191,-0.0263,146.9,96.6,0.536
77.6,32114.0,35349.1,0.5569,0.8539,146.9,96.6,0.536
77.62,32402.4,35620.0,1.9658,1.52,146.9,96.6,0.536
77.64,32318.0,35811.0,1.5534,1.9894,146.9,96.6,0.536
77.66,32423.5,35665.5,2.069,1.6319,146.9,96.6,0.536
77.68,32297.4,35395.9,1.4527,0.969,146.9,96.6,0.536
77.7,32203.2,35274.8,0.9924,0.6714,146.9,96.6,0.536
77.72,32175.1,35163.0,0.8552,0.3965,146.9,96.6,0.536
77.74,32091.3,35040.4,0.4457,0.095,146.9,96.6,0.536
77.76,32005.6,35043.5,0.0273,0.1028,146.9,96.6,0.536
77.78,32008.5,34896.6,0.0412,-0.2585,146.9,96.6,0.536
77.8,31879.7,34818.7,-0.5879,-0.45,146.9,96.6,0.536
77.82,31871.7,34863.7,-0.6272,-0.3392,146.9,96.6,0.536
77.84,31875.2,34677.2,-0.6099,-0.7978,146.9,96.6,0.536
77.86,31839.0,34727.2,-0.787,-0.6749,146.9,96.6,0.536
77.88,31830.1,34539.7,-0.8302,-1.1358,146.9,96.6,0.536
77.9,31878.4,34658.4,-0.5943,-0.8441,146.9,96.6,0.536
77.92,31774.1,34437.5,-1.1039,-1.387,146.9,96.6,0.536
77.94,31666.6,34484.5,-1.6294,-1.2716,146.9,96.6,0.536
77.96,31740.8,34491.5,-1.2668,-1.2542,146.9,96.6,0.536
77.98,31875.1,34878.6,-0.6104,-0.3026,146.9,96.6,0.536
78.0,32089.0,35170.2,0.4344,0.4142,146.9,96.6,0.536
78.02,32334.5,35557.9,1.6342,1.3672,146.9,96.6,0.536
78.04,32329.6,35742.8,1.61,1.8218,146.9,96.6,0.536
78.06,32333.2,35767.4,1.6277,1.8821,146.9,96.6,0.536
78.08,32303.3,35513.2,1.4819,1.2574,146.9,96.6,0.536
78.1,32181.7,35444.0,0.8878,1.0873,146.9,96.6,0.536
78.12,32086.3,35167.8,0.4213,0.4082,146.9,96.6,0.536
78.14,32098.3,35094.7,0.4802,0.2287,146.9,96.6,0.536
78.16,31959.1,35023.0,-0.2,0.0524,146.9,96.6,0.536
78.18,31995.7,35088.8,-0.0211,0.2141,146.9,96.6,0.536
78.2,31988.6,34916.4,-0.0559,-0.2098,146.9,96.6,0.536
78.22,31956.3,34806.7,-0.2136,-0.4795,146.9,96.6,0.536
78.24,31838.5,34625.1,-0.7893,-0.9258,146.9,96.6,0.536
78.26,31867.0,34596.9,-0.65,-0.9953,146.9,96.6,0.536
78.28,31816.6,34695.7,-0.8965,-0.7523,146.9,96.6,0.536
78.3,31875.5,34658.4,-0.6085,-0.844,146.9,96.6,0.536
78.32,31900.1,34509.9,-0.4882,-1.209,146.9,96.6,0.536
78.34,31808.5,34463.7,-0.9357,-1.3227,146.9,96.6,0.536
78.36,31730.9,34394.0,-1.3153,-1.4941,146.9,96.6,0.536
78.38,31834.6,34722.4,-0.8082,-0.6867,146.9,96.6,0.536
78.4,31989.9,35016.4,-0.0496,0.0359,146.9,96.6,0.536
78.42,32276.0,35343.8,1.3484,0.8409,146.9,96.6,0.536
78.44,32309.9,35643.3,1.514,1.5772,146.9,96.6,0.536
78.46,32329.4,35774.8,1.609,1.9003,146.9,96.6,0.536
78.48,32353.5,35658.6,1.7267,1.6147,146.9,96.6,0.536
78.5,32281.2,35448.5,1.3734,1.0983,146.9,96.6,0.536
78.52,32164.5,35174.6,0.8034,0.4249,146.9,96.6,0.536
78.54,31998.9,35113.9,-0.0058,0.2758,146.9,96.6,0.536
78.56,32042.0,35147.7,0.205,0.3587,146.9,96.6,0.536
78.58,32043.2,35054.2,0.2109,0.1291,146.9,96.6,0.536
78.6,31982.0,34890.5,-0.0882,-0.2736,146.9,96.6,0.536
78.62,31878.2,34818.5,-0.5954,-0.4505,146.9,96.6,0.536
78.64,31875.4,34744.3,-0.609,-0.633,146.9,96.6,0.536
78.66,31796.4,34591.5,-0.9952,-1.0084,146.9,96.6,0.536
78.68,31907.9,34713.1,-0.4504,-0.7096,146.9,96.6,0.536
78.7,31902.8,34694.8,-0.475,-0.7546,146.9,96.6,0.536
78.72,31787.6,34625.4,-1.038,-0.9251,146.9,96.6,0.536
78.74,31728.8,34500.8,-1.3253,-1.2315,146.9,96.6,0.536
78.76,31810.8,34478.1,-0.9245,-1.2872,146.9,96.6,0.536
78.78,31776.1,34596.4,-1.0943,-0.9964,146.9,96.6,0.536
78.8,31953.7,34849.9,-0.2266,-0.3733,146.9,96.6,0.536
78.82,32131.4,35256.9,0.6419,0.6273,146.9,96.6,0.536
78.84,32309.9,35575.0,1.5138,1.4092,146.9,96.6,0.536
78.86,32330.6,35769.6,1.6151,1.8877,146.9,96.6,0.536
78.88,32290.7,35720.6,1.4203,1.7673,146.9,96.6,0.536
78.9,32309.1,35532.2,1.5101,1.304,146.9,96.6,0.536
78.92,32282.2,35312.2,1.3788,0.7633,146.9,96.6,0.536
78.94,32100.8,35228.2,0.4921,0.5568,146.9,96.6,0.536
78.96,32140.2,35102.1,0.6847,0.2467,146.9,96.6,0.536
78.98,32047.1,35045.1,0.2298,0.1065,146.9,96.6,0.536
79.0,32036.6,35019.5,0.1784,0.0437,146.9,96.6,0.536
79.02,31904.9,34866.5,-0.4648,-0.3323,146.9,96.6,0.536
79.04,31906.4,34790.5,-0.4578,-0.5192,146.9,96.6,0.536
79.06,31786.9,34689.8,-1.0413,-0.7668,146.9,96.6,0.536
79.08,31823.4,34629.1,-0.863,-0.9162,146.9,96.6,0.536
79.1,31810.0,34675.8,-0.9285,-0.8012,146.9,96.6,0.536
79.12,31866.4,34630.1,-0.6529,-0.9137,146.9,96.6,0.536
79.14,31783.2,34463.0,-1.0597,-1.3244,146.9,96.6,0.536
79.16,31754.7,34535.1,-1.1987,-1.1472,146.9,96.6,0.536
79.18,31792.3,34480.2,-1.0152,-1.2821,146.9,96.6,0.536
79.2,31873.9,34716.4,-0.6163,-0.7014,146.9,96.6,0.536
79.22,31984.3,35068.3,-0.0769,0.1635,146.9,96.6,0.536
79.24,32260.8,35461.7,1.2739,1.1308,146.9,96.6,0.536
79.26,32206.8,35681.5,1.0103,1.6711,146.9,96.6,0.536
79.28,32398.4,35707.2,1.9465,1.7342,146.9,96.6,0.536
79.3,32332.8,35591.4,1.6257,1.4497,146.9,96.6,0.536
79.32,32130.9,35427.5,0.6393,1.0467,146.9,96.6,0.536
79.34,32044.7,35303.2,0.2182,0.7412,146.9,96.6,0.536
79.36,32139.2,35186.7,0.6799,0.4548,146.9,96.6,0.536
79.38,31995.6,35169.3,-0.0216,0.412,146.9,96.6,0.536
79.4,31976.1,35015.9,-0.1168,0.0347,146.9,96.6,0.536
79.42,31974.4,34886.6,-0.1252,-0.283,146.9,96.6,0.536
79.44,31911.4,34831.2,-0.4333,-0.4193,146.9,96.6,0.536
79.46,31940.1,34713.0,-0.2928,-0.7099,146.9,96.6,0.536
79.48,31794.6,34706.9,-1.0039,-0.7249,146.9,96.6,0.536
79.5,31754.7,34747.2,-1.1989,-0.6257,146.9,96.6,0.536
79.52,31770.5,34640.0,-1.1216,-0.8891,146.9,96.6,0.536
79.54,31868.8,34476.6,-0.6412,-1.2909,146.9,96.6,0.536
79.56,31661.3,34491.3,-1.6551,-1.2549,146.9,96.6,0.536
79.58,31690.7,34446.6,-1.5114,-1.3647,146.9,96.6,0.536
79.6,31835.1,34514.1,-0.8059,-1.1988,146.9,96.6,0.536
79.62,32012.1,34877.5,0.0591,-0.3055,146.9,96.6,0.536
79.64,32149.6,35293.1,0.7307,0.7162,146.9,96.6,0.536
79.66,32264.1,35591.5,1.2904,1.4498,146.9,96.6,0.536
79.68,32437.0,35704.2,2.1349,1.7268,146.9,96.6,0.536
79.7,32367.2,35718.8,1.7939,1.7628,146.9,96.6,0.536
79.72,32223.9,35485.5,1.0936,1.1893,146.9,96.6,0.536
79.74,32169.9,35308.6,0.8301,0.7544,146.9,96.6,0.536
79.76,32042.4,35151.6,0.2067,0.3685,146.9,96.6,0.536
79.78,32121.0,35151.5,0.5909,0.3681,146.9,96.6,0.536
79.8,32046.7,35003.9,0.2281,0.0054,146.9,96.6,0.536
79.82,31923.7,35005.3,-0.3728,0.0088,146.9,96.6,0.536
79.84,31965.3,34819.5,-0.1697,-0.4479,146.9,96.6,0.536
79.86,31855.8,34696.5,-0.7048,-0.7505,146.9,96.6,0.536
79.88,31815.0,34669.9,-0.9043,-0.8157,146.9,96.6,0.536
79.9,31868.9,34698.9,-0.641,-0.7446,146.9,96.6,0.536
79.92,31791.7,34660.7,-1.0178,-0.8383,146.9,96.6,0.536
79.94,31793.9,34615.6,-1.0072,-0.9493,146.9,96.6,0.536
79.96,31758.9,34465.5,-1.1781,-1.3183,146.9,96.6,0.536
79.98,31737.0,34468.8,-1.2851,-1.31,146.9,96.6,0.536
80.0,31729.1,34650.6,-1.3239,-0.8632,146.9,96.6,0.536
80.02,31870.9,34839.2,-0.6311,-0.3996,146.9,96.6,0.536
80.04,32073.4,35183.2,0.3582,0.4461,146.9,96.6,0.536
80.06,32227.4,35500.6,1.1107,1.2264,146.9,96.6,0.536
80.08,32319.7,35693.5,1.5619,1.7006,146.9,96.6,0.536
80.1,32379.5,35798.2,1.8538,1.958,146.9,96.6,0.536
80.12,32347.7,35591.0,1.6984,1.4485,146.9,96.6,0.536
80.14,32153.3,35358.2,0.7488,0.8764,146.9,96.6,0.536
80.16,32206.9,35214.1,1.0106,0.5222,146.9,96.6,0.536
80.18,32021.4,35092.6,0.1041,0.2234,146.9,96.6,0.536
80.2,32062.9,35083.7,0.3072,0.2014,146.9,96.6,0.536
80.22,32017.1,34898.9,0.0832,-0.2527,146.9,96.6,0.536
80.24,31942.9,34868.4,-0.2792,-0.3277,146.9,96.6,0.536
80.26,32014.3,34806.7,0.0698,-0.4796,146.9,96.6,0.536
80.28,31854.7,34757.9,-0.7103,-0.5995,146.9,96.6,0.536
80.3,31850.3,34684.1,-0.7316,-0.7808,146.9,96.6,0.536
80.32,31917.9,34611.4,-0.4014,-0.9597,146.9,96.6,0.536
80.34,31817.9,34662.7,-0.8901,-0.8334,146.9,96.6,0.536
80.36,31824.3,34471.7,-0.8588,-1.3029,146.9,96.6,0.536
80.38,31722.6,34450.4,-1.3556,-1.3552,146.9,96.6,0.536
80.4,31755.0,34435.5,-1.1974,-1.392,146.9,96.6,0.536
80.42,31909.1,34684.6,-0.4444,-0.7796,146.9,96.6,0.536
80.44,31968.2,34935.7,-0.1557,-0.1624,146.9,96.6,0.536
80.46,32214.3,35385.9,1.0467,0.9444,146.9,96.6,0.536
80.48,32324.3,35733.7,1.5843,1.7994,146.9,96.6,0.536
80.5,32394.8,35847.1,1.9288,2.0781,146.9,96.6,0.536
80.52,32254.6,35628.0,1.2435,1.5396,146.9,96.6,0.536
80.54,32316.9,35388.4,1.5483,0.9506,146.9,96.6,0.536
80.56,32128.1,35346.9,0.6255,0.8484,146.9,96.6,0.536
80.58,32117.8,35228.4,0.5754,0.5571,146.9,96.6,0.536
80.6,32039.4,35195.5,0.1925,0.4764,146.9,96.6,0.536
80.62,32009.8,35000.2,0.0477,-0.0037,146.9,96.6,0.536
80.64,31963.9,35036.5,-0.1767,0.0856,146.9,96.6,0.536
80.66,31953.5,34859.8,-0.2277,-0.3489,146.9,96.6,0.536
80.68,31902.8,34688.9,-0.475,-0.7691,146.9,96.6,0.536
80.7,31814.9,34723.5,-0.9045,-0.684,146.9,96.6,0.536
80.72,31845.0,34650.1,-0.7578,-0.8644,146.9,96.6,0.536
80.74,31813.1,34658.4,-0.9134,-0.8439,146.9,96.6,0.536
80.76,31852.7,34622.3,-0.7198,-0.9327,146.9,96.6,0.536
80.78,31641.0,34511.7,-1.7545,-1.2046,146.9,96.6,0.536
80.8,31660.4,34483.9,-1.6593,-1.2729,146.9,96.6,0.536
80.82,31811.7,34557.3,-0.9205,-1.0926,146.9,96.6,0.536
80.84,31950.0,34840.8,-0.2444,-0.3957,146.9,96.6,0.536
80.86,32043.4,35159.9,0.2116,0.3887,146.9,96.6,0.536
80.88,32188.6,35534.8,0.9215,1.3105,146.9,96.6,0.536
80.9,32372.6,35729.3,1.8204,1.7886,146.9,96.6,0.536
80.92,32325.0,35713.6,1.5878,1.75,146.9,96.6,0.536
80.94,32318.3,35524.6,1.5548,1.2854,146.9,96.6,0.536
80.96,32044.8,35394.3,0.2185,0.965,146.9,96.6,0.536
80.98,32128.0,35325.8,0.6253,0.7966,146.9,96.6,0.536
81.0,32077.1,35123.7,0.3767,0.2998,146.9,96.6,0.536
81.02,32116.1,35039.1,0.567,0.0918,146.9,96.6,0.536
81.04,32112.2,35035.1,0.5477,0.0819,146.9,96.6,0.536
81.06,32043.0,34840.2,0.2097,-0.3972,146.9,96.6,0.536
81.08,31854.1,34785.7,-0.7133,-0.5311,146.9,96.6,0.536
81.1,31849.1,34717.8,-0.7376,-0.698,146.9,96.6,0.536
81.12,31926.0,34811.7,-0.3619,-0.4672,146.9,96.6,0.536
81.14,31848.4,34678.4,-0.7408,-0.7948,146.9,96.6,0.536
81.16,31714.3,34608.2,-1.3961,-0.9673,146.9,96.6,0.536
81.18,31755.6,34418.6,-1.1945,-1.4336,146.9,96.6,0.536
81.2,31740.6,34441.2,-1.2675,-1.3779,146.9,96.6,0.536
81.22,31786.1,34546.5,-1.0455,-1.119,146.9,96.6,0.536
81.24,31815.7,34766.5,-0.901,-0.5784,146.9,96.6,0.536
81.26,32031.3,35077.3,0.1529,0.1857,146.9,96.6,0.536
81.28,32244.0,35398.4,1.1921,0.9751,146.9,96.6,0.536
81.3,32343.6,35739.4,1.6784,1.8133,146.9,96.6,0.536
81.32,32381.1,35736.1,1.8617,1.8053,146.9,96.6,0.536
81.34,32379.1,35692.5,1.8521,1.6982,146.9,96.6,0.536
81.36,32228.0,35517.3,1.1138,1.2673,146.9,96.6,0.536
81.38,32131.4,35326.9,0.642,0.7994,146.9,96.6,0.536
81.4,32063.5,35193.2,0.3099,0.4706,146.9,96.6,0.536
81.42,31994.2,35050.5,-0.0284,0.1199,146.9,96.6,0.536
81.44,31972.7,35045.4,-0.1336,0.1073,146.9,96.6,0.536
81.46,32104.3,34929.9,0.5093,-0.1767,146.9,96.6,0.536
81.48,31997.5,34775.9,-0.0125,-0.5552,146.9,96.6,0.536
81.5,31844.5,34744.6,-0.7601,-0.6321,146.9,96.6,0.536
81.52,31811.0,34749.5,-0.9235,-0.6201,146.9,96.6,0.536
81.54,31852.6,34634.4,-0.7206,-0.9031,146.9,96.6,0.536
81.56,31927.5,34668.3,-0.3544,-0.8198,146.9,96.6,0.536
81.58,31849.0,34628.9,-0.7381,-0.9165,146.9,96.6,0.536
81.6,31802.9,34604.2,-0.9634,-0.9772,146.9,96.6,0.536
81.62,31672.6,34425.8,-1.6002,-1.4159,146.9,96.6,0.536
81.64,31678.3,34654.1,-1.572,-0.8546,146.9,96.6,0.536
81.66,31943.4,34932.7,-0.2767,-0.1698,146.9,96.6,0.536
81.68,32153.9,35277.5,0.7515,0.6778,146.9,96.6,0.536
81.7,32309.5,35626.1,1.5118,1.5348,146.9,96.6,0.536
81.72,32419.5,35666.9,2.0495,1.6352,146.9,96.6,0.536
81.74,32292.8,35769.3,1.4304,1.8869,146.9,96.6,0.536
81.76,32224.1,35548.3,1.0948,1.3437,146.9,96.6,0.536
81.78,32196.1,35356.8,0.9577,0.873,146.9,96.6,0.536
81.8,32114.9,35187.0,0.5614,0.4554,146.9,96.6,0.536
81.82,32113.9,35065.8,0.5565,0.1574,146.9,96.6,0.536
81.84,32146.6,35066.4,0.7158,0.159,146.9,96.6,0.536
81.86,31980.7,35068.3,-0.0944,0.1638,146.9,96.6,0.536
81.88,31965.6,34800.9,-0.1682,-0.4936,146.9,96.6,0.536
81.9,31829.8,34799.1,-0.832,-0.4982,146.9,96.6,0.536
81.92,31834.7,34656.2,-0.8078,-0.8493,146.9,96.6,0.536
81.94,31841.8,34637.3,-0.7734,-0.896,146.9,96.6,0.536
81.96,31829.4,34601.3,-0.8337,-0.9844,146.9,96.6,0.536
81.98,31844.9,34553.9,-0.7581,-1.1009,146.9,96.6,0.536
82.0,31722.4,34549.1,-1.3565,-1.1128,146.9,96.6,0.536
82.02,31699.6,34442.2,-1.468,-1.3756,146.9,96.6,0.536
82.04,31715.6,34536.9,-1.3896,-1.1427,146.9,96.6,0.536
82.06,31925.0,34734.9,-0.3668,-0.656,146.9,96.6,0.536
82.08,32095.2,35074.6,0.4648,0.1791,146.9,96.6,0.536
82.1,32246.0,35603.3,1.2017,1.4787,146.9,96.6,0.536
82.12,32345.0,35633.8,1.6856,1.5538,146.9,96.6,0.536
82.14,32372.8,35851.7,1.8211,2.0894,146.9,96.6,0.536
82.16,32269.2,35564.9,1.3152,1.3844,146.9,96.6,0.536
82.18,32254.4,35467.0,1.2428,1.1439,146.9,96.6,0.536
82.2,32082.9,35239.6,0.4046,0.5848,146.9,96.6,0.536
82.22,32089.7,35248.1,0.4379,0.6057,146.9,96.6,0.536
82.24,32027.9,35049.8,0.136,0.1181,146.9,96.6,0.536
82.26,31952.8,34938.3,-0.2307,-0.1559,146.9,96.6,0.536
82.28,31939.9,34920.7,-0.2941,-0.1991,146.9,96.6,0.536
82.3,31949.0,34803.8,-0.2495,-0.4866,146.9,96.6,0.536
82.32,31776.7,34662.4,-1.0915,-0.8343,146.9,96.6,0.536
82.34,31848.7,34700.2,-0.7393,-0.7413,146.9,96.6,0.536
82.36,31883.4,34630.9,-0.5697,-0.9117,146.9,96.6,0.536
82.38,31862.6,34596.3,-0.6715,-0.9966,146.9,96.6,0.536
82.4,31788.1,34607.5,-1.0356,-0.9692,146.9,96.6,0.536
82.42,31773.6,34489.9,-1.1062,-1.2582,146.9,96.6,0.536
82.44,31763.4,34433.8,-1.1561,-1.3961,146.9,96.6,0.536
82.46,31793.6,34587.1,-1.009,-1.0194,146.9,96.6,0.536
82.48,31935.4,34968.3,-0.3158,-0.0821,146.9,96.6,0.536
82.5,32158.9,35393.8,0.776,0.9639,146.9,96.6,0.536
82.52,32365.6,35579.8,1.7862,1.4212,146.9,96.6,0.536
82.54,32395.5,35770.7,1.9322,1.8904,146.9,96.6,0.536
82.56,32337.9,35633.2,1.6505,1.5523,146.9,96.6,0.536
82.58,32242.0,35557.8,1.1823,1.3671,146.9,96.6,0.536
82.6,32159.3,35175.5,0.7781,0.4271,146.9,96.6,0.536
82.62,32145.2,35134.9,0.709,0.3273,146.9,96.6,0.536
82.64,32117.5,35256.1,0.574,0.6253,146.9,96.6,0.536
82.66,32049.6,35089.7,0.2423,0.2163,146.9,96.6,0.536
82.68,31947.8,34873.6,-0.2555,-0.315,146.9,96.6,0.536
82.7,31877.2,34895.8,-0.6001,-0.2605,146.9,96.6,0.536
82.72,31939.8,34690.6,-0.2944,-0.7649,146.9,96.6,0.536
82.74,31774.9,34721.6,-1.1001,-0.6888,146.9,96.6,0.536
82.76,31822.8,34623.2,-0.866,-0.9306,146.9,96.6,0.536
82.78,31792.5,34624.7,-1.0141,-0.9268,146.9,96.6,0.536
82.8,31927.9,34616.7,-0.3527,-0.9465,146.9,96.6,0.536
82.82,31663.5,34386.6,-1.6442,-1.5122,146.9,96.6,0.536
82.84,31704.1,34440.7,-1.446,-1.3792,146.9,96.6,0.536
82.86,31744.1,34540.5,-1.2504,-1.1338,146.9,96.6,0.536
82.88,31863.8,34884.7,-0.6658,-0.2876,146.9,96.6,0.536
82.9,32128.2,35222.6,0.6261,0.543,146.9,96.6,0.536
82.92,32316.3,35596.6,1.545,1.4625,146.9,96.6,0.536
82.94,32389.5,35708.1,1.903,1.7365,146.9,96.6,0.536
82.96,32274.6,35690.1,1.3415,1.6923,146.9,96.6,0.536
82.98,32322.2,35502.1,1.5741,1.2301,146.9,96.6,0.536
83.0,32048.5,35366.5,0.2366,0.8967,146.9,96.6,0.536
83.02,32087.3,35245.6,0.4262,0.5994,146.9,96.6,0.536
83.04,32062.1,35192.4,0.3031,0.4687,146.9,96.6,0.536
83.06,32024.7,35022.5,0.1203,0.0512,146.9,96.6,0.536
83.08,32033.1,35004.2,0.1615,0.0061,146.9,96.6,0.536
83.1,31969.1,34834.8,-0.1514,-0.4105,146.9,96.6,0.536
83.12,31980.6,34844.6,-0.0951,-0.3862,146.9,96.6,0.536
83.14,31904.2,34716.6,-0.4681,-0.7009,146.9,96.6,0.536
83.16,31849.4,34645.1,-0.736,-0.8766,146.9,96.6,0.536
83.18,31848.6,34652.8,-0.7401,-0.8579,146.9,96.6,0.536
83.2,31802.4,34639.1,-0.9658,-0.8914,146.9,96.6,0.536
83.22,31792.8,34548.7,-1.0127,-1.1137,146.9,96.6,0.536
83.24,31635.3,34538.2,-1.7824,-1.1395,146.9,96.6,0.536
83.26,31720.9,34532.5,-1.3641,-1.1534,146.9,96.6,0.536
83.28,31838.4,34701.2,-0.7898,-0.7389,146.9,96.6,0.536
83.3,32067.5,35053.3,0.3294,0.1268,146.9,96.6,0.536
83.32,32217.1,35390.2,1.0603,0.955,146.9,96.6,0.536
83.34,32354.4,35658.3,1.7316,1.614,146.9,96.6,0.536
83.36,32427.9,35753.0,2.0902,1.8468,146.9,96.6,0.536
83.38,32281.2,35647.5,1.3736,1.5876,146.9,96.6,0.536
83.4,32190.1,35435.6,0.9285,1.0665,146.9,96.6,0.536
83.42,32041.9,35328.5,0.2043,0.8034,146.9,96.6,0.536
83.44,32086.2,35212.8,0.4207,0.5189,146.9,96.6,0.536
83.46,32137.0,35075.0,0.6691,0.18,146.9,96.6,0.536
83.48,32032.2,34964.3,0.1572,-0.0921,146.9,96.6,0.536
83.5,31989.4,34967.5,-0.0519,-0.0842,146.9,96.6,0.536
83.52,31924.3,34795.0,-0.3702,-0.5081,146.9,96.6,0.536
83.54,31820.0,34697.8,-0.8796,-0.7472,146.9,96.6,0.536
83.56,31843.7,34583.0,-0.764,-1.0293,146.9,96.6,0.536
83.58,31907.8,34655.1,-0.451,-0.8521,146.9,96.6,0.536
83.6,31706.1,34632.5,-1.4364,-0.9077,146.9,96.6,0.536
83.62,31806.8,34527.6,-0.9441,-1.1655,146.9,96.6,0.536
83.64,31739.0,34576.0,-1.2756,-1.0465,146.9,96.6,0.536
83.66,31659.7,34365.3,-1.6627,-1.5646,146.9,96.6,0.536
83.68,31844.7,34518.8,-0.7591,-1.1871,146.9,96.6,0.536
83.7,31948.9,34841.4,-0.2501,-0.3941,146.9,96.6,0.536
83.72,32115.7,35289.9,0.5651,0.7084,146.9,96.6,0.536
83.74,32229.2,35576.8,1.1194,1.4138,146.9,96.6,0.536
83.76,32409.4,35726.7,2.0003,1.7822,146.9,96.6,0.536
83.78,32270.9,35709.8,1.3235,1.7406,146.9,96.6,0.536
83.8,32224.2,35528.5,1.0951,1.2951,146.9,96.6,0.536
83.82,32109.2,35307.0,0.5331,0.7503,146.9,96.6,0.536
83.84,32185.4,35212.1,0.9054,0.5173,146.9,96.6,0.536
83.86,32087.3,35051.8,0.4263,0.123,146.9,96.6,0.536
83.88,32084.1,35162.4,0.4108,0.3949,146.9,96.6,0.536
83.9,31992.4,35022.5,-0.0373,0.051,146.9,96.6,0.536
83.92,32003.2,34881.5,0.0152,-0.2955,146.9,96.6,0.536
83.94,31945.0,34846.6,-0.2691,-0.3814,146.9,96.6,0.536
83.96,31880.5,34670.6,-0.5839,-0.814,146.9,96.6,0.536
83.98,31775.5,34624.3,-1.097,-0.9279,146.9,96.6,0.536
84.0,31770.8,34684.7,-1.12,-0.7794,146.9,96.6,0.536
84.02,31765.4,34595.4,-1.1467,-0.9989,146.9,96.6,0.536
84.04,31726.6,34480.5,-1.3361,-1.2813,146.9,96.6,0.536
84.06,31789.4,34469.4,-1.0292,-1.3088,146.9,96.6,0.536
84.08,31771.2,34497.3,-1.1181,-1.24,146.9,96.6,0.536
84.1,31811.3,34695.8,-0.9221,-0.7521,146.9,96.6,0.536
84.12,32057.8,35086.6,0.2821,0.2086,146.9,96.6,0.536
84.14,32279.1,35490.1,1.3632,1.2005,146.9,96.6,0.536
84.16,32288.1,35653.9,1.4076,1.6033,146.9,96.6,0.536
84.18,32517.8,35819.3,2.5298,2.0097,146.9,96.6,0.536
84.2,32279.6,35596.6,1.3661,1.4624,146.9,96.6,0.536
84.22,32241.1,35485.6,1.1776,1.1896,146.9,96.6,0.536
84.24,32105.2,35264.1,0.5136,0.6449,146.9,96.6,0.536
84.26,32128.8,35095.3,0.6291,0.2301,146.9,96.6,0.536
84.28,32027.3,35074.3,0.1334,0.1783,146.9,96.6,0.536
84.3,32012.7,34996.9,0.0618,-0.0119,146.9,96.6,0.536
84.32,32012.6,34853.9,0.0615,-0.3635,146.9,96.6,0.536
84.34,31940.1,34834.6,-0.2931,-0.4109,146.9,96.6,0.536
84.36,31898.6,34784.5,-0.4956,-0.5341,146.9,96.6,0.536
84.38,31860.1,34689.1,-0.684,-0.7685,146.9,96.6,0.536
84.4,31813.2,34698.3,-0.9129,-0.7459,146.9,96.6,0.536
84.42,31800.8,34757.3,-0.9736,-0.6009,146.9,96.6,0.536
84.44,31871.6,34537.2,-0.6275,-1.1419,146.9,96.6,0.536
84.46,31787.6,34435.2,-1.0383,-1.3926,146.9,96.6,0.536
84.48,31666.0,34474.9,-1.6321,-1.295,146.9,96.6,0.536
84.5,31747.2,34628.4,-1.2357,-0.9179,146.9,96.6,0.536
84.52,32013.9,34868.9,0.0676,-0.3267,146.9,96.6,0.536
84.54,32186.5,35373.9,0.9111,0.9148,146.9,96.6,0.536
84.56,32308.2,35592.5,1.5057,1.4523,146.9,96.6,0.536
84.58,32447.0,35699.1,2.184,1.7144,146.9,96.6,0.536
84.6,32270.7,35681.5,1.3225,1.671,146.9,96.6,0.536
84.62,32323.7,35525.9,1.5813,1.2885,146.9,96.6,0.536
84.64,32142.4,35269.2,0.6953,0.6576,146.9,96.6,0.536
84.66,32125.7,35188.2,0.6142,0.4584,146.9,96.6,0.536
84.68,32147.0,35091.0,0.7178,0.2194,146.9,96.6,0.536
84.7,32000.4,35036.5,0.0015,0.0854,146.9,96.6,0.536
84.72,31994.5,35012.0,-0.0269,0.0252,146.9,96.6,0.536
84.74,31854.6,34914.7,-0.7107,-0.2139,146.9,96.6,0.536
84.76,31857.3,34677.9,-0.6977,-0.796,146.9,96.6,0.536
84.78,31830.9,34696.1,-0.8265,-0.7513,146.9,96.6,0.536
84.8,31845.3,34590.7,-0.7561,-1.0105,146.9,96.6,0.536
84.82,31771.5,34551.7,-1.1168,-1.1063,146.9,96.6,0.536
84.84,31791.4,34570.9,-1.0195,-1.0591,146.9,96.6,0.536
84.86,31686.2,34522.0,-1.5336,-1.1793,146.9,96.6,0.536
84.88,31793.0,34580.6,-1.0117,-1.0353,146.9,96.6,0.536
84.9,31672.1,34525.7,-1.6024,-1.1703,146.9,96.6,0.536
84.92,31936.2,34756.6,-0.3118,-0.6025,146.9,96.6,0.536
84.94,32090.5,35157.9,0.442,0.384,146.9,96.6,0.536
84.96,32264.9,35509.2,1.2939,1.2476,146.9,96.6,0.536
84.98,32408.7,35726.3,1.9968,1.7812,146.9,96.6,0.536
85.0,32416.5,35702.0,2.0346,1.7216,146.9,96.6,0.536
85.02,32354.1,35615.3,1.7298,1.5084,146.9,96.6,0.536
85.04,32172.7,35437.7,0.8434,1.0717,146.9,96.6,0.536
85.06,32106.7,35176.3,0.5209,0.4292,146.9,96.6,0.536
85.08,32155.2,35118.3,0.7583,0.2864,146.9,96.6,0.536
85.1,31971.2,35072.4,-0.1412,0.1738,146.9,96.6,0.536
85.12,31985.9,35030.6,-0.069,0.0709,146.9,96.6,0.536
85.14,31910.0,34933.1,-0.4398,-0.1688,146.9,96.6,0.536
85.16,31941.4,34801.0,-0.2865,-0.4935,146.9,96.6,0.536
85.18,31815.6,34769.9,-0.9014,-0.5699,146.9,96.6,0.536
85.2,31808.5,34614.1,-0.9358,-0.9529,146.9,96.6,0.536
85.22,31899.8,34746.0,-0.4897,-0.6286,146.9,96.6,0.536
85.24,31778.4,34657.1,-1.0832,-0.8473,146.9,96.6,0.536
85.26,31798.0,34630.4,-0.987,-0.9129,146.9,96.6,0.536
85.28,31717.6,34480.6,-1.38,-1.281,146.9,96.6,0.536
85.3,31670.8,34394.4,-1.6089,-1.4931,146.9,96.6,0.536
85.32,31705.4,34651.4,-1.4399,-0.8611,146.9,96.6,0.536
85.34,32022.5,34954.5,0.1095,-0.1162,146.9,96.6,0.536
85.36,32126.1,35327.2,0.6158,0.8001,146.9,96.6,0.536
85.38,32393.6,35632.1,1.9227,1.5497,146.9,96.6,0.536
85.4,32411.0,35650.9,2.0081,1.5959,146.9,96.6,0.536
85.42,32337.6,35644.7,1.649,1.5806,146.9,96.6,0.536
85.44,32282.7,35455.3,1.381,1.115,146.9,96.6,0.536
85.46,32198.0,35314.0,0.967,0.7677,146.9,96.6,0.536
85.48,32123.1,35169.1,0.601,0.4114,146.9,96.6,0.536
85.5,31944.3,35114.8,-0.2722,0.2779,146.9,96.6,0.536
85.52,31981.6,35143.0,-0.0902,0.3473,146.9,96.6,0.536
85.54,32030.8,34896.4,0.15,-0.259,146.9,96.6,0.536
85.56,31910.5,34839.0,-0.4373,-0.4001,146.9,96.6,0.536
85.58,31862.2,34811.4,-0.6733,-0.4679,146.9,96.6,0.536
85.6,31839.9,34728.1,-0.7825,-0.6727,146.9,96.6,0.536
85.62,31776.6,34687.8,-1.0916,-0.7718,146.9,96.6,0.536
85.64,31856.5,34685.2,-0.7012,-0.7782,146.9,96.6,0.536
85.66,31791.9,34555.5,-1.017,-1.097,146.9,96.6,0.536
85.68,31755.5,34456.6,-1.1949,-1.3401,146.9,96.6,0.536
85.7,31749.0,34417.7,-1.2266,-1.4358,146.9,96.6,0.536
85.72,31789.1,34546.7,-1.0307,-1.1187,146.9,96.6,0.536
85.74,32005.3,34819.7,0.0259,-0.4476,146.9,96.6,0.536
85.76,32119.0,35239.0,0.5813,0.5833,146.9,96.6,0.536
85.78,32262.2,35541.8,1.2807,1.3276,146.9,96.6,0.536
85.8,32407.1,35750.0,1.989,1.8394,146.9,96.6,0.536
85.82,32318.2,35760.5,1.5543,1.8652,146.9,96.6,0.536
85.84,32246.6,35550.1,1.2047,1.348,146.9,96.6,0.536
85.86,32232.7,35322.4,1.1366,0.7882,146.9,96.6,0.536
85.88,31978.1,35311.3,-0.1075,0.7609,146.9,96.6,0.536
85.9,32032.3,35220.9,0.1574,0.5388,146.9,96.6,0.536
85.92,32072.9,35042.0,0.3558,0.0989,146.9,96.6,0.536
85.94,32083.9,34979.8,0.4098,-0.0539,146.9,96.6,0.536
85.96,32006.2,34856.1,0.0301,-0.358,146.9,96.6,0.536
85.98,31883.0,34830.2,-0.5717,-0.4217,146.9,96.6,0.536
86.0,31847.2,34689.5,-0.7468,-0.7677,146.9,96.6,0.536
86.02,31726.5,34563.5,-1.3366,-1.0774,146.9,96.6,0.536
86.04,31840.6,34661.4,-0.7791,-0.8368,146.9,96.6,0.536
86.06,31750.5,34588.4,-1.2192,-1.0161,146.9,96.6,0.536
86.08,31791.8,34481.6,-1.0178,-1.2785,146.9,96.6,0.536
86.1,31784.6,34426.2,-1.0528,-1.4148,146.9,96.6,0.536
86.12,31810.6,34434.2,-0.9259,-1.3952,146.9,96.6,0.536
86.14,31877.0,34760.6,-0.6013,-0.5927,146.9,96.6,0.536
86.16,31991.3,35084.9,-0.0427,0.2043,146.9,96.6,0.536
86.18,32221.0,35412.1,1.0795,1.0087,146.9,96.6,0.536
86.2,32274.6,35662.5,1.3415,1.6243,146.9,96.6,0.536
86.22,32395.1,35700.8,1.9301,1.7185,146.9,96.6,0.536
86.24,32358.1,35547.5,1.7493,1.3417,146.9,96.6,0.536
86.26,32186.5,35417.1,0.911,1.021,146.9,96.6,0.536
86.28,32213.9,35234.0,1.0451,0.5709,146.9,96.6,0.536
86.3,32163.7,35160.4,0.7993,0.39,146.9,96.6,0.536
86.32,32004.0,35207.5,0.0194,0.506,146.9,96.6,0.536
86.34,31916.5,35090.5,-0.4081,0.2181,146.9,96.6,0.536
86.36,31949.8,34854.2,-0.2455,-0.3627,146.9,96.6,0.536
86.38,31911.9,34985.6,-0.4308,-0.0397,146.9,96.6,0.536
86.4,31919.6,34754.5,-0.393,-0.6077,146.9,96.6,0.536
86.42,31810.7,34697.5,-0.9253,-0.7479,146.9,96.6,0.536
86.44,31846.6,34668.2,-0.7496,-0.82,146.9,96.6,0.536
86.46,31813.5,34617.0,-0.9114,-0.9458,146.9,96.6,0.536
86.48,31766.6,34589.7,-1.1406,-1.0129,146.9,96.6,0.536
86.5,31779.6,34547.8,-1.0772,-1.1158,146.9,96.6,0.536
86.52,31701.4,34478.3,-1.4592,-1.2866,146.9,96.6,0.536
86.54,31805.9,34642.9,-0.9486,-0.8822,146.9,96.6,0.536
86.56,31974.8,34814.1,-0.1231,-0.4612,146.9,96.6,0.536
86.58,32094.3,35298.1,0.4606,0.7285,146.9,96.6,0.536
86.6,32236.1,35611.4,1.1534,1.4987,146.9,96.6,0.536
86.62,32434.9,35758.4,2.1246,1.8601,146.9,96.6,0.536
86.64,32372.4,35656.5,1.8194,1.6096,146.9,96.6,0.536
86.66,32219.8,35502.9,1.0735,1.232,146.9,96.6,0.536
86.68,32056.9,35353.5,0.2775,0.8648,146.9,96.6,0.536
86.7,32183.1,35214.9,0.8942,0.5241,146.9,96.6,0.536
86.72,32108.8,35136.2,0.5312,0.3306,146.9,96.6,0.536
86.74,32120.9,34998.8,0.5906,-0.0073,146.9,96.6,0.536
86.76,32048.6,34912.5,0.2372,-0.2194,146.9,96.6,0.536
86.78,31953.1,34915.0,-0.2296,-0.2133,146.9,96.6,0.536
86.8,31813.2,34714.6,-0.9132,-0.7059,146.9,96.6,0.536
86.82,31838.9,34753.5,-0.7872,-0.6102,146.9,96.6,0.536
86.84,31852.2,34695.9,-0.7225,-0.7519,146.9,96.6,0.536
86.86,31825.1,34664.7,-0.8549,-0.8286,146.9,96.6,0.536
86.88,31771.6,34610.3,-1.1164,-0.9623,146.9,96.6,0.536
86.9,31690.8,34516.6,-1.511,-1.1927,146.9,96.6,0.536
86.92,31722.7,34478.7,-1.3552,-1.2857,146.9,96.6,0.536
86.94,31795.1,34485.0,-1.0012,-1.2702,146.9,96.6,0.536
86.96,31937.8,34723.8,-0.3042,-0.6832,146.9,96.6,0.536
86.98,32064.2,35110.9,0.3136,0.2684,146.9,96.6,0.536
87.0,32236.2,35449.5,1.1537,1.1008,146.9,96.6,0.536
87.02,32356.8,35755.1,1.7432,1.852,146.9,96.6,0.536
87.04,32337.2,35860.6,1.6472,2.1113,146.9,96.6,0.536
87.06,32271.4,35603.4,1.3259,1.479,146.9,96.6,0.536
87.08,32205.3,35438.7,1.0029,1.0741,146.9,96.6,0.536
87.1,32166.7,35221.6,0.814,0.5406,146.9,96.6,0.536
87.12,32040.7,35197.1,0.1988,0.4804,146.9,96.6,0.536
87.14,32128.5,35128.0,0.6278,0.3103,146.9,96.6,0.536
87.16,31977.1,35049.0,-0.112,0.1163,146.9,96.6,0.536
87.18,31919.5,35012.0,-0.3938,0.0253,146.9,96.6,0.536
87.2,31949.0,34800.2,-0.2495,-0.4954,146.9,96.6,0.536
87.22,31906.7,34721.7,-0.4559,-0.6884,146.9,96.6,0.536
87.24,31864.3,34691.4,-0.6635,-0.763,146.9,96.6,0.536
87.26,31945.7,34603.5,-0.2655,-0.9791,146.9,96.6,0.536
87.28,31840.6,34724.4,-0.779,-0.6818,146.9,96.6,0.536
87.3,31742.5,34421.6,-1.2586,-1.4261,146.9,96.6,0.536
87.32,31623.7,34433.6,-1.8388,-1.3966,146.9,96.6,0.536
87.34,31689.8,34371.0,-1.516,-1.5506,146.9,96.6,0.536
87.36,31829.9,34582.7,-0.8313,-1.0302,146.9,96.6,0.536
87.38,31963.0,34956.9,-0.181,-0.1103,146.9,96.6,0.536
87.4,32105.2,35324.8,0.5135,0.7942,146.9,96.6,0.536
87.42,32375.2,35648.7,1.8332,1.5904,146.9,96.6,0.536
87.44,32424.5,35679.2,2.074,1.6653,146.9,96.6,0.536
87.46,32332.5,35607.9,1.6243,1.4901,146.9,96.6,0.536
87.48,32153.6,35600.6,0.7504,1.4722,146.9,96.6,0.536
87.5,32245.4,35323.1,1.1989,0.7901,146.9,96.6,0.536
87.52,32100.3,35192.6,0.4896,0.4691,146.9,96.6,0.536
87.54,32119.2,35049.4,0.5821,0.1172,146.9,96.6,0.536
87.56,31976.4,35100.8,-0.1154,0.2435,146.9,96.6,0.536
87.58,31859.1,34909.2,-0.6887,-0.2274,146.9,96.6,0.536
87.6,31875.2,34836.3,-0.6101,-0.4066,146.9,96.6,0.536
87.62,31880.7,34731.0,-0.5832,-0.6656,146.9,96.6,0.536
87.64,31801.4,34717.6,-0.9706,-0.6985,146.9,96.6,0.536
87.66,31873.0,34614.9,-0.6207,-0.9509,146.9,96.6,0.536
87.68,31831.2,34655.1,-0.8249,-0.8521,146.9,96.6,0.536
87.7,31854.4,34602.2,-0.7118,-0.9821,146.9,96.6,0.536
87.72,31811.0,34565.0,-0.9235,-1.0736,146.9,96.6,0.536
87.74,31675.3,34421.8,-1.5866,-1.4256,146.9,96.6,0.536
87.76,31854.2,34549.9,-0.7127,-1.1106,146.9,96.6,0.536
87.78,31902.7,34773.7,-0.4758,-0.5607,146.9,96.6,0.536
87.8,32167.2,35305.0,0.8167,0.7456,146.9,96.6,0.536
87.82,32274.3,35510.4,1.3398,1.2504,146.9,96.6,0.536
87.84,32438.2,35763.1,2.1409,1.8718,146.9,96.6,0.536
87.86,32320.2,35824.5,1.5644,2.0227,146.9,96.6,0.536
87.88,32261.7,35588.0,1.2785,1.4412,146.9,96.6,0.536
87.9,32189.3,35415.8,0.9247,1.0179,146.9,96.6,0.536
87.92,32134.1,35201.7,0.6547,0.4916,146.9,96.6,0.536
87.94,32082.0,35119.0,0.4005,0.2882,146.9,96.6,0.536
87.96,32043.8,35117.8,0.2136,0.2854,146.9,96.6,0.536
87.98,32058.1,34954.2,0.2837,-0.1169,146.9,96.6,0.536
88.0,31961.3,34804.4,-0.1893,-0.4852,146.9,96.6,0.536
88.02,31972.3,34807.4,-0.1356,-0.4778,146.9,96.6,0.536
88.04,31833.8,34739.7,-0.8123,-0.6443,146.9,96.6,0.536
88.06,31817.3,34665.4,-0.8927,-0.8269,146.9,96.6,0.536
88.08,31719.2,34668.5,-1.3722,-0.8193,146.9,96.6,0.536
88.1,31876.2,34688.3,-0.6052,-0.7706,146.9,96.6,0.536
88.12,31813.8,34613.9,-0.9099,-0.9533,146.9,96.6,0.536
88.14,31742.7,34373.3,-1.2574,-1.5448,146.9,96.6,0.536
88.16,31767.1,34474.6,-1.1384,-1.2958,146.9,96.6,0.536
88.18,31810.3,34663.8,-0.9272,-0.8307,146.9,96.6,0.536
88.2,32009.7,35104.8,0.0469,0.2534,146.9,96.6,0.536
88.22,32138.4,35347.4,0.6761,0.8498,146.9,96.6,0.536
88.24,32354.6,35705.4,1.7324,1.7298,146.9,96.6,0.536
88.26,32367.8,35791.4,1.7966,1.9412,146.9,96.6,0.536
88.28,32335.5,35751.9,1.6388,1.8442,146.9,96.6,0.536
88.3,32164.8,35473.7,0.805,1.1602,146.9,96.6,0.536
88.32,32116.2,35262.3,0.5674,0.6405,146.9,96.6,0.536
88.34,32051.6,35148.5,0.2519,0.3609,146.9,96.6,0.536
88.36,32128.5,35072.4,0.6277,0.1737,146.9,96.6,0.536
88.38,32073.9,35071.5,0.3607,0.1715,146.9,96.6,0.536
88.4,31976.7,35031.1,-0.1141,0.0722,146.9,96.6,0.536
88.42,31949.8,34919.0,-0.2457,-0.2034,146.9,96.6,0.536
88.44,31872.9,34729.5,-0.6211,-0.6693,146.9,96.6,0.536
88.46,31881.4,34676.5,-0.5796,-0.7996,146.9,96.6,0.536
88.48,31906.9,34727.1,-0.455,-0.6751,146.9,96.6,0.536
88.5,31803.4,34640.2,-0.9609,-0.8888,146.9,96.6,0.536
88.52,31855.4,34471.1,-0.7065,-1.3045,146.9,96.6,0.536
88.54,31739.1,34493.5,-1.2751,-1.2494,146.9,96.6,0.536
88.56,31714.2,34453.3,-1.3968,-1.3482,146.9,96.6,0.536
88.58,31692.2,34488.3,-1.5042,-1.2622,146.9,96.6,0.536
88.6,31941.2,34906.9,-0.2877,-0.2332,146.9,96.6,0.536
88.62,32157.1,35219.5,0.7673,0.5354,146.9,96.6,0.536
88.64,32286.6,35667.4,1.4003,1.6364,146.9,96.6,0.536
88.66,32389.9,35794.7,1.9048,1.9493,146.9,96.6,0.536
88.68,32378.3,35804.8,1.8483,1.9742,146.9,96.6,0.536
88.7,32255.0,35529.9,1.2455,1.2985,146.9,96.6,0.536
88.72,32111.6,35309.2,0.5448,0.7558,146.9,96.6,0.536
88.74,32069.1,35223.7,0.3372,0.5456,146.9,96.6,0.536
88.76,32118.0,35137.1,0.5764,0.3328,146.9,96.6,0.536
88.78,32054.0,35170.0,0.2634,0.4137,146.9,96.6,0.536
88.8,32012.7,34866.9,0.0619,-0.3315,146.9,96.6,0.536
88.82,31890.0,34927.8,-0.5379,-0.1818,146.9,96.6,0.536
88.84,31876.7,34806.0,-0.6027,-0.4812,146.9,96.6,0.536
88.86,31901.1,34676.3,-0.4833,-0.7999,146.9,96.6,0.536
88.88,31762.7,34679.1,-1.1596,-0.793,146.9,96.6,0.536
88.9,31782.8,34662.2,-1.0615,-0.8346,146.9,96.6,0.536
88.92,31760.3,34568.6,-1.1714,-1.0647,146.9,96.6,0.536
88.94,31859.0,34592.6,-0.6892,-1.0057,146.9,96.6,0.536
88.96,31751.4,34469.4,-1.2149,-1.3086,146.9,96.6,0.536
88.98,31725.0,34541.7,-1.3441,-1.1309,146.9,96.6,0.536
89.0,31881.0,34667.1,-0.5815,-0.8225,146.9,96.6,0.536
89.02,32077.8,34997.5,0.3799,-0.0104,146.9,96.6,0.536
89.04,32226.5,35495.3,1.1065,1.2134,146.9,96.6,0.536
89.06,32391.0,35622.3,1.9102,1.5254,146.9,96.6,0.536
89.08,32346.5,35774.1,1.693,1.8987,146.9,96.6,0.536
89.1,32373.0,35632.0,1.8223,1.5494,146.9,96.6,0.536
89.12,32250.7,35526.6,1.2247,1.2902,146.9,96.6,0.536
89.14,32109.2,35209.3,0.5331,0.5103,146.9,96.6,0.536
89.16,32132.8,35092.7,0.6484,0.2236,146.9,96.6,0.536
89.18,32092.3,35020.3,0.4506,0.0458,146.9,96.6,0.536
89.2,32040.0,34965.0,0.1953,-0.0903,146.9,96.6,0.536
89.22,32043.5,34979.0,0.2122,-0.0558,146.9,96.6,0.536
89.24,31973.6,34723.0,-0.1294,-0.6853,146.9,96.6,0.536
89.26,31864.8,34687.4,-0.6609,-0.7726,146.9,96.6,0.536
89.28,31884.9,34746.2,-0.5627,-0.6281,146.9,96.6,0.536
89.3,31803.0,34639.2,-0.9626,-0.8911,146.9,96.6,0.536
89.32,31808.9,34683.4,-0.9341,-0.7826,146.9,96.6,0.536
89.34,31828.9,34596.7,-0.8363,-0.9957,146.9,96.6,0.536
89.36,31763.0,34455.2,-1.1582,-1.3435,146.9,96.6,0.536
89.38,31695.6,34496.7,-1.4874,-1.2416,146.9,96.6,0.536
89.4,31897.6,34620.8,-0.5008,-0.9364,146.9,96.6,0.536
89.42,32005.7,34922.2,0.0274,-0.1955,146.9,96.6,0.536
89.44,32225.5,35270.8,1.1014,0.6613,146.9,96.6,0.536
89.46,32381.6,35629.8,1.8643,1.544,146.9,96.6,0.536
89.48,32368.0,35700.5,1.7976,1.7178,146.9,96.6,0.536
89.5,32231.6,35767.6,1.1314,1.8828,146.9,96.6,0.536
89.52,32232.0,35480.9,1.1331,1.178,146.9,96.6,0.536
89.54,32148.5,35369.3,0.7251,0.9036,146.9,96.6,0.536
89.56,32098.6,35162.4,0.4813,0.3949,146.9,96.6,0.536
89.58,31980.9,35155.0,-0.0937,0.3769,146.9,96.6,0.536
89.6,31982.4,35084.3,-0.0861,0.203,146.9,96.6,0.536
89.62,32027.7,35057.0,0.1352,0.1358,146.9,96.6,0.536
89.64,31951.4,34801.3,-0.2376,-0.4928,146.9,96.6,0.536
89.66,31876.9,34727.5,-0.6018,-0.6741,146.9,96.6,0.536
89.68,31850.5,34772.8,-0.7305,-0.5627,146.9,96.6,0.536
89.7,31759.8,34706.6,-1.1737,-0.7254,146.9,96.6,0.536
89.72,31830.5,34671.6,-0.8285,-0.8116,146.9,96.6,0.536
89.74,31821.2,34536.5,-0.8737,-1.1436,146.9,96.6,0.536
89.76,31626.5,34542.8,-1.8254,-1.1282,146.9,96.6,0.536
89.78,31755.3,34471.0,-1.1958,-1.3047,146.9,96.6,0.536
89.8,31767.2,34523.6,-1.1375,-1.1755,146.9,96.6,0.536
89.82,31916.5,34883.3,-0.408,-0.2911,146.9,96.6,0.536
89.84,32159.3,35189.1,0.7783,0.4606,146.9,96.6,0.536
89.86,32188.0,35472.3,0.9185,1.1569,146.9,96.6,0.536
89.88,32337.1,35727.3,1.6469,1.7838,146.9,96.6,0.536
89.9,32433.3,35750.0,2.1168,1.8395,146.9,96.6,0.536
89.92,32311.6,35585.8,1.5223,1.4357,146.9,96.6,0.536
89.94,32164.2,35445.2,0.8019,1.0902,146.9,96.6,0.536
89.96,32086.7,35167.1,0.4234,0.4064,146.9,96.6,0.536
89.98,32070.1,35130.4,0.3425,0.3163,146.9,96.6,0.536
90.0,31982.4,35198.8,-0.0864,0.4845,146.9,96.6,0.536
90.02,31915.0,35038.4,-0.4157,0.09,146.9,96.6,0.536
90.04,31968.2,34918.6,-0.1557,-0.2044,146.9,96.6,0.536
90.06,31902.6,34750.1,-0.4759,-0.6185,146.9,96.6,0.536
90.08,31836.7,34708.4,-0.7981,-0.7211,146.9,96.6,0.536
90.1,31881.5,34602.6,-0.5792,-0.9813,146.9,96.6,0.536
90.12,31818.7,34635.1,-0.8863,-0.9014,146.9,96.6,0.536
90.14,31851.0,34679.1,-0.7285,-0.793,146.9,96.6,0.536
90.16,31802.3,34555.8,-0.966,-1.0963,146.9,96.6,0.536
90.18,31695.4,34416.9,-1.4883,-1.4376,146.9,96.6,0.536
90.2,31767.5,34423.2,-1.136,-1.4223,146.9,96.6,0.536
90.22,31873.3,34636.6,-0.6192,-0.8976,146.9,96.6,0.536
90.24,32027.4,35003.5,0.1338,0.0043,146.9,96.6,0.536
90.26,32223.2,35306.2,1.0905,0.7484,146.9,96.6,0.536
90.28,32276.7,35729.4,1.3516,1.7889,146.9,96.6,0.536
90.3,32452.2,35754.7,2.2091,1.851,146.9,96.6,0.536
90.32,32366.1,35705.6,1.7884,1.7303,146.9,96.6,0.536
90.34,32245.9,35504.1,1.2014,1.2349,146.9,96.6,0.536
90.36,32121.0,35334.1,0.5909,0.8172,146.9,96.6,0.536
90.38,32069.4,35195.5,0.3389,0.4764,146.9,96.6,0.536
90.4,32032.2,35052.8,0.1571,0.1255,146.9,96.6,0.536
90.42,32005.8,35101.4,0.0279,0.245,146.9,96.6,0.536
90.44,31853.2,34928.1,-0.7176,-0.181,146.9,96.6,0.536
90.46,31923.0,34781.8,-0.3764,-0.5408,146.9,96.6,0.536
90.48,31863.4,34677.4,-0.6676,-0.7972,146.9,96.6,0.536
90.5,31887.4,34669.9,-0.5503,-0.8158,146.9,96.6,0.536
90.52,31857.0,34739.4,-0.6987,-0.645,146.9,96.6,0.536
90.54,31842.8,34602.2,-0.7683,-0.9822,146.9,96.6,0.536
90.56,31868.3,34595.1,-0.6436,-0.9997,146.9,96.6,0.536
90.58,31726.5,34520.5,-1.3365,-1.1831,146.9,96.6,0.536
90.6,31761.5,34501.6,-1.1658,-1.2294,146.9,96.6,0.536
90.62,31801.5,34593.5,-0.97,-1.0036,146.9,96.6,0.536
90.64,31862.9,34832.2,-0.6701,-0.4168,146.9,96.6,0.536
90.66,32122.4,35238.1,0.5975,0.581,146.9,96.6,0.536
90.68,32280.0,35585.0,1.3677,1.434,146.9,96.6,0.536
90.7,32341.7,35658.7,1.6691,1.6152,146.9,96.6,0.536
90.72,32321.5,35692.7,1.5704,1.6987,146.9,96.6,0.536
90.74,32298.7,35571.1,1.4591,1.3997,146.9,96.6,0.536
90.76,32158.8,35357.9,0.7756,0.8755,146.9,96.6,0.536
90.78,32141.7,35282.8,0.6919,0.691,146.9,96.6,0.536
90.8,31999.4,35123.2,-0.003,0.2987,146.9,96.6,0.536
90.82,32064.5,35092.8,0.3148,0.2238,146.9,96.6,0.536
90.84,31982.0,34981.7,-0.0882,-0.0493,146.9,96.6,0.536
90.86,31961.0,34854.7,-0.191,-0.3614,146.9,96.6,0.536
90.88,31953.0,34747.4,-0.2298,-0.6253,146.9,96.6,0.536
90.9,31777.2,34747.6,-1.0889,-0.6246,146.9,96.6,0.536
90.92,31785.4,34602.9,-1.0487,-0.9804,146.9,96.6,0.536
90.94,31825.8,34594.0,-0.8512,-1.0023,146.9,96.6,0.536
90.96,31778.3,34595.0,-1.0833,-1.0,146.9,96.6,0.536
90.98,31801.1,34408.5,-0.9721,-1.4583,146.9,96.6,0.536
91.0,31797.7,34465.5,-0.9886,-1.3183,146.9,96.6,0.536
91.02,31606.8,34549.0,-1.9216,-1.1129,146.9,96.6,0.536
91.04,31838.5,34707.9,-0.7893,-0.7224,146.9,96.6,0.536
91.06,31934.3,35028.2,-0.3211,0.065,146.9,96.6,0.536
91.08,32205.3,35441.2,1.0029,1.0804,146.9,96.6,0.536
91.1,32302.2,35702.4,1.4761,1.7224,146.9,96.6,0.536
91.12,32395.4,35803.0,1.9315,1.9697,146.9,96.6,0.536
91.14,32323.7,35633.5,1.5813,1.553,146.9,96.6,0.536
91.16,32300.8,35466.6,1.4692,1.1427,146.9,96.6,0.536
91.18,32161.2,35210.5,0.7871,0.5132,146.9,96.6,0.536
91.2,32097.5,35135.3,0.4764,0.3284,146.9,96.6,0.536
91.22,31978.0,35028.6,-0.1078,0.0661,146.9,96.6,0.536
91.24,32007.9,35038.0,0.0383,0.0891,146.9,96.6,0.536
91.26,31994.0,34881.6,-0.0295,-0.2953,146.9,96.6,0.536
91.28,31846.0,34844.9,-0.7527,-0.3856,146.9,96.6,0.536
91.3,31839.4,34769.6,-0.7851,-0.5706,146.9,96.6,0.536
91.32,31823.6,34609.6,-0.8621,-0.9641,146.9,96.6,0.536
91.34,31889.3,34689.5,-0.5412,-0.7676,146.9,96.6,0.536
91.36,31838.6,34627.5,-0.789,-0.92,146.9,96.6,0.536
91.38,31759.8,34623.8,-1.1739,-0.929,146.9,96.6,0.536
91.4,31764.3,34561.2,-1.1517,-1.083,146.9,96.6,0.536
91.42,31774.3,34392.0,-1.1031,-1.4989,146.9,96.6,0.536
91.44,31828.1,34599.7,-0.8403,-0.9883,146.9,96.6,0.536
91.46,31874.4,34835.0,-0.6138,-0.4099,146.9,96.6,0.536
91.48,32134.8,35289.8,0.6583,0.7082,146.9,96.6,0.536
91.5,32244.0,35599.1,1.1921,1.4686,146.9,96.6,0.536
91.52,32371.8,35758.0,1.8164,1.859,146.9,96.6,0.536
91.54,32338.2,35716.5,1.652,1.7571,146.9,96.6,0.536
91.56,32236.5,35600.8,1.1554,1.4728,146.9,96.6,0.536
91.58,32148.3,35441.7,0.7245,1.0816,146.9,96.6,0.536
91.6,32070.1,35256.3,0.3422,0.6258,146.9,96.6,0.536
91.62,31990.4,35054.1,-0.047,0.1288,146.9,96.6,0.536
91.64,31986.2,35038.2,-0.0678,0.0895,146.9,96.6,0.536
91.66,32063.1,34909.3,0.3079,-0.2273,146.9,96.6,0.536
91.68,32016.4,34947.4,0.0799,-0.1335,146.9,96.6,0.536
91.7,31870.3,34730.2,-0.6342,-0.6676,146.9,96.6,0.536
91.72,31840.8,34755.5,-0.7783,-0.6053,146.9,96.6,0.536
91.74,31839.1,34767.6,-0.7865,-0.5755,146.9,96.6,0.536
91.76,31795.3,34645.1,-1.0005,-0.8767,146.9,96.6,0.536
91.78,31727.8,34553.3,-1.3303,-1.1023,146.9,96.6,0.536
91.8,31773.8,34625.8,-1.1054,-0.9241,146.9,96.6,0.536
91.82,31761.4,34478.1,-1.166,-1.2873,146.9,96.6,0.536
91.84,31713.5,34583.3,-1.4002,-1.0287,146.9,96.6,0.536
91.86,31950.4,34764.7,-0.2424,-0.5828,146.9,96.6,0.536
91.88,32047.2,35134.2,0.2303,0.3257,146.9,96.6,0.536
91.9,32286.6,35515.7,1.3999,1.2636,146.9,96.6,0.536
91.92,32340.8,35679.9,1.6648,1.6671,146.9,96.6,0.536
91.94,32331.9,35815.9,1.6215,2.0014,146.9,96.6,0.536
91.96,32376.3,35547.9,1.8383,1.3428,146.9,96.6,0.536
91.98,32097.0,35465.3,0.4736,1.1396,146.9,96.6,0.536
92.0,32185.3,35193.1,0.905,0.4703,146.9,96.6,0.536
92.02,32108.8,35175.3,0.5311,0.4266,146.9,96.6,0.536
92.04,32115.0,35056.1,0.5615,0.1336,146.9,96.6,0.536
92.06,31896.0,34980.5,-0.5082,-0.0522,146.9,96.6,0.536
92.08,31877.8,34954.0,-0.5972,-0.1174,146.9,96.6,0.536
92.1,31918.8,34862.6,-0.3969,-0.342,146.9,96.6,0.536
92.12,31792.6,34631.9,-1.0136,-0.9091,146.9,96.6,0.536
92.14,31794.9,34794.8,-1.0025,-0.5087,146.9,96.6,0.536
92.16,31753.4,34668.3,-1.205,-0.8196,146.9,96.6,0.536
92.18,31866.8,34622.2,-0.6512,-0.9331,146.9,96.6,0.536
92.2,31728.1,34560.1,-1.3289,-1.0856,146.9,96.6,0.536
92.22,31692.3,34516.7,-1.5038,-1.1925,146.9,96.6,0.536
92.24,31690.6,34414.9,-1.512,-1.4427,146.9,96.6,0.536
92.26,31851.5,34627.8,-0.7259,-0.9194,146.9,96.6,0.536
92.28,31997.8,34960.7,-0.0109,-0.1008,146.9,96.6,0.536
92.3,32165.7,35264.7,0.8093,0.6466,146.9,96.6,0.536
92.32,32274.1,35679.8,1.3388,1.6669,146.9,96.6,0.536
92.34,32409.0,35778.2,1.998,1.9088,146.9,96.6,0.536
92.36,32372.4,35667.7,1.8191,1.6372,146.9,96.6,0.536
92.38,32343.5,35516.6,1.678,1.2658,146.9,96.6,0.536
92.4,32201.3,35279.3,0.9834,0.6825,146.9,96.6,0.536
92.42,32017.9,35238.2,0.0874,0.5812,146.9,96.6,0.536
92.44,32044.6,35044.3,0.2176,0.1047,146.9,96.6,0.536
92.46,32008.7,35059.2,0.0421,0.1413,146.9,96.6,0.536
92.48,32036.7,34955.2,0.1792,-0.1144,146.9,96.6,0.536
92.5,31924.8,34805.0,-0.3675,-0.4836,146.9,96.6,0.536
92.52,31848.7,34709.5,-0.7394,-0.7184,146.9,96.6,0.536
92.54,31874.9,34695.8,-0.6116,-0.752,146.9,96.6,0.536
92.56,31775.5,34673.2,-1.0972,-0.8076,146.9,96.6,0.536
92.58,31850.4,34625.0,-0.731,-0.9261,146.9,96.6,0.536
92.6,31662.8,34553.4,-1.6477,-1.1022,146.9,96.6,0.536
92.62,31741.9,34468.5,-1.2612,-1.3109,146.9,96.6,0.536
92.64,31720.1,34281.1,-1.3677,-1.7716,146.9,96.6,0.536
92.66,31739.5,34460.4,-1.273,-1.3307,146.9,96.6,0.536
92.68,31890.9,34804.1,-0.5332,-0.4859,146.9,96.6,0.536
92.7,32064.2,35193.2,0.3133,0.4708,146.9,96.6,0.536
92.72,32239.4,35499.5,1.1695,1.2236,146.9,96.6,0.536
92.74,32341.1,35739.7,1.6666,1.8141,146.9,96.6,0.536
92.76,32359.0,35716.8,1.7538,1.7578,146.9,96.6,0.536
92.78,32367.8,35624.2,1.7966,1.5303,146.9,96.6,0.536
92.8,32267.9,35435.7,1.3087,1.0668,146.9,96.6,0.536
92.82,32124.7,35106.9,0.6089,0.2587,146.9,96.6,0.536
92.84,32062.2,35035.5,0.3037,0.083,146.9,96.6,0.536
92.86,31957.4,35066.4,-0.2086,0.1589,146.9,96.6,0.536
92.88,32014.8,35036.3,0.0722,0.085,146.9,96.6,0.536
92.9,31976.5,34922.1,-0.1149,-0.1958,146.9,96.6,0.536
92.92,31902.5,34790.9,-0.4769,-0.5184,146.9,96.6,0.536
92.94,31909.0,34726.1,-0.4447,-0.6776,146.9,96.6,0.536
92.96,31806.8,34718.0,-0.9442,-0.6975,146.9,96.6,0.536
92.98,31844.1,34621.6,-0.7619,-0.9345,146.9,96.6,0.536
93.0,31896.8,34594.1,-0.5047,-1.0022,146.9,96.6,0.536
93.02,31662.1,34413.6,-1.6514,-1.4459,146.9,96.6,0.536
93.04,31718.5,34565.6,-1.3757,-1.072,146.9,96.6,0.536
93.06,31706.0,34483.7,-1.4369,-1.2734,146.9,96.6,0.536
93.08,31882.4,34535.3,-0.5749,-1.1466,146.9,96.6,0.536
93.1,31966.2,34959.5,-0.1652,-0.1039,146.9,96.6,0.536
93.12,32200.4,35377.6,0.9789,0.924,146.9,96.6,0.536
93.14,32373.9,35634.4,1.8268,1.5553,146.9,96.6,0.536
93.16,32421.6,35732.5,2.0598,1.7965,146.9,96.6,0.536
93.18,32401.1,35676.2,1.9597,1.6581,146.9,96.6,0.536
93.2,32254.4,35497.8,1.2426,1.2194,146.9,96.6,0.536
93.22,32177.7,35261.1,0.8682,0.6375,146.9,96.6,0.536
93.24,32085.2,35166.1,0.4162,0.4041,146.9,96.6,0.536
93.26,32046.2,35064.0,0.2254,0.153,146.9,96.6,0.536
93.28,31983.4,35061.8,-0.0815,0.1477,146.9,96.6,0.536
93.3,31994.3,34968.5,-0.0283,-0.0817,146.9,96.6,0.536
93.32,31959.0,34769.3,-0.2004,-0.5714,146.9,96.6,0.536
93.34,31843.4,34690.2,-0.7654,-0.7659,146.9,96.6,0.536
93.36,31971.6,34684.6,-0.1389,-0.7797,146.9,96.6,0.536
93.38,31779.8,34667.2,-1.0764,-0.8224,146.9,96.6,0.536
93.4,31836.5,34663.9,-0.7989,-0.8306,146.9,96.6,0.536
93.42,31794.9,34580.7,-1.0025,-1.035,146.9,96.6,0.536
93.44,31722.2,34493.0,-1.3575,-1.2505,146.9,96.6,0.536
93.46,31663.9,34456.7,-1.6426,-1.3398,146.9,96.6,0.536
93.48,31734.9,34512.2,-1.2954,-1.2034,146.9,96.6,0.536
93.5,31882.5,34879.3,-0.5744,-0.301,146.9,96.6,0.536
93.52,32158.9,35184.7,0.7761,0.4497,146.9,96.6,0.536
93.54,32322.2,35559.0,1.5739,1.37,146.9,96.6,0.536
93.56,32345.7,35797.9,1.6889,1.9572,146.9,96.6,0.536
93.58,32333.9,35694.1,1.6311,1.7022,146.9,96.6,0.536
93.6,32274.0,35567.8,1.3387,1.3917,146.9,96.6,0.536
93.62,32186.0,35339.7,0.9085,0.8309,146.9,96.6,0.536
93.64,32160.7,35241.5,0.7849,0.5895,146.9,96.6,0.536
93.66,32221.3,35060.2,1.081,0.1437,146.9,96.6,0.536
93.68,32018.3,35115.8,0.0892,0.2804,146.9,96.6,0.536
93.7,31912.0,34994.4,-0.4301,-0.0181,146.9,96.6,0.536
93.72,31899.1,34864.3,-0.4931,-0.3377,146.9,96.6,0.536
93.74,31892.2,34763.2,-0.5268,-0.5863,146.9,96.6,0.536
93.76,31873.4,34701.6,-0.6189,-0.7377,146.9,96.6,0.536
93.78,31845.8,34648.1,-0.7536,-0.8694,146.9,96.6,0.536
93.8,31808.7,34536.8,-0.9347,-1.1431,146.9,96.6,0.536
93.82,31814.8,34580.2,-0.9052,-1.0363,146.9,96.6,0.536
93.84,31842.1,34531.7,-0.7718,-1.1555,146.9,96.6,0.536
93.86,31717.5,34451.9,-1.3808,-1.3516,146.9,96.6,0.536
93.88,31788.3,34441.4,-1.0346,-1.3775,146.9,96.6,0.536
93.9,31768.4,34603.2,-1.1316,-0.9798,146.9,96.6,0.536
93.92,32059.8,34975.9,0.2921,-0.0636,146.9,96.6,0.536
93.94,32262.1,35420.1,1.2802,1.0285,146.9,96.6,0.536
93.96,32304.4,35575.1,1.4869,1.4096,146.9,96.6,0.536
93.98,32431.0,35775.1,2.1058,1.9011,146.9,96.6,0.536
94.0,32346.9,35558.0,1.6945,1.3674,146.9,96.6,0.536
94.02,32282.3,35449.1,1.379,1.0997,146.9,96.6,0.536
94.04,32079.2,35192.1,0.3866,0.4679,146.9,96.6,0.536
94.06,32055.3,35260.4,0.27,0.636,146.9,96.6,0.536
94.08,32028.2,35043.2,0.1377,0.1019,146.9,96.6,0.536
94.1,32083.6,34972.3,0.4083,-0.0724,146.9,96.6,0.536
94.12,31923.6,34951.1,-0.3737,-0.1245,146.9,96.6,0.536
94.14,31928.4,34834.9,-0.3503,-0.4102,146.9,96.6,0.536
94.16,31932.1,34695.6,-0.3319,-0.7527,146.9,96.6,0.536
94.18,31841.0,34672.6,-0.7771,-0.8092,146.9,96.6,0.536
94.2,31819.7,34661.6,-0.881,-0.8362,146.9,96.6,0.536
94.22,31825.2,34657.0,-0.8544,-0.8476,146.9,96.6,0.536
94.24,31878.9,34599.5,-0.5918,-0.9888,146.9,96.6,0.536
94.26,31812.1,34563.9,-0.9184,-1.0763,146.9,96.6,0.536
94.28,31733.3,34419.0,-1.3032,-1.4324,146.9,96.6,0.536
94.3,31860.1,34681.8,-0.684,-0.7865,146.9,96.6,0.536
94.32,31957.0,34858.4,-0.2102,-0.3523,146.9,96.6,0.536
94.34,32155.6,35264.9,0.76,0.6469,146.9,96.6,0.536
94.36,32293.9,35719.2,1.4356,1.7638,146.9,96.6,0.536
94.38,32365.7,35751.7,1.7864,1.8436,146.9,96.6,0.536
94.4,32350.3,35745.1,1.7111,1.8275,146.9,96.6,0.536
94.42,32316.6,35470.5,1.5465,1.1524,146.9,96.6,0.536
94.44,32251.4,35292.5,1.2281,0.7149,146.9,96.6,0.536
94.46,32073.9,35143.8,0.361,0.3492,146.9,96.6,0.536
94.48,31999.6,35067.1,-0.0022,0.1607,146.9,96.6,0.536
94.5,31991.5,34945.8,-0.0417,-0.1375,146.9,96.6,0.536
94.52,31937.4,34971.0,-0.3061,-0.0755,146.9,96.6,0.536
94.54,31906.2,34791.5,-0.4586,-0.5168,146.9,96.6,0.536
94.56,31951.7,34716.5,-0.2363,-0.7011,146.9,96.6,0.536
94.58,31756.7,34685.9,-1.1891,-0.7765,146.9,96.6,0.536
94.6,31790.3,34661.1,-1.0248,-0.8375,146.9,96.6,0.536
94.62,31812.8,34718.9,-0.915,-0.6952,146.9,96.6,0.536
94.64,31752.0,34518.1,-1.212,-1.189,146.9,96.6,0.536
94.66,31794.9,34537.4,-1.0026,-1.1416,146.9,96.6,0.536
94.68,31754.9,34453.5,-1.1977,-1.3477,146.9,96.6,0.536
94.7,31798.4,34479.8,-0.9854,-1.2832,146.9,96.6,0.536
94.72,31889.3,34802.4,-0.5412,-0.49,146.9,96.6,0.536
94.74,32016.3,35221.6,0.0792,0.5405,146.9,96.6,0.536
94.76,32227.9,35486.0,1.1132,1.1906,146.9,96.6,0.536
94.78,32349.3,35772.0,1.7062,1.8937,146.9,96.6,0.536
94.8,32351.4,35685.5,1.7169,1.681,146.9,96.6,0.536
94.82,32282.9,35558.6,1.3821,1.3689,146.9,96.6,0.536
94.84,32238.7,35391.1,1.1662,0.9572,146.9,96.6,0.536
94.86,32118.4,35219.6,0.5783,0.5356,146.9,96.6,0.536
94.88,32075.5,35140.6,0.3687,0.3415,146.9,96.6,0.536
94.9,32047.5,35167.8,0.2316,0.4082,146.9,96.6,0.536
94.92,31976.6,34890.8,-0.1145,-0.2727,146.9,96.6,0.536
94.94,31950.7,34955.8,-0.2413,-0.1129,146.9,96.6,0.536
94.96,31878.0,34859.3,-0.5964,-0.3502,146.9,96.6,0.536
94.98,31840.7,34698.3,-0.7786,-0.746,146.9,96.6,0.536
95.0,31842.8,34689.6,-0.7682,-0.7673,146.9,96.6,0.536
95.02,31826.3,34611.0,-0.849,-0.9606,146.9,96.6,0.536
95.04,31783.6,34623.2,-1.0577,-0.9305,146.9,96.6,0.536
95.06,31751.3,34561.3,-1.2156,-1.0828,146.9,96.6,0.536
95.08,31700.4,34536.3,-1.4641,-1.1442,146.9,96.6,0.536
95.1,31765.9,34476.1,-1.1442,-1.2921,146.9,96.6,0.536
95.12,31778.8,34574.4,-1.0813,-1.0506,146.9,96.6,0.536
95.14,31911.8,35047.0,-0.4314,0.1114,146.9,96.6,0.536
95.16,32158.0,35328.7,0.7719,0.8037,146.9,96.6,0.536
95.18,32308.8,35559.8,1.5086,1.372,146.9,96.6,0.536
95.2,32414.6,35719.2,2.0257,1.7638,146.9,96.6,0.536
95.22,32388.1,35651.0,1.8958,1.5962,146.9,96.6,0.536
95.24,32242.7,35493.4,1.1857,1.2087,146.9,96.6,0.536
95.26,32090.2,35288.7,0.4405,0.7056,146.9,96.6,0.536
95.28,32081.2,35126.3,0.3963,0.3062,146.9,96.6,0.536
95.3,31980.1,35061.8,-0.0974,0.1476,146.9,96.6,0.536
95.32,32079.7,34944.6,0.3891,-0.1406,146.9,96.6,0.536
95.34,31930.5,35097.2,-0.3399,0.2347,146.9,96.6,0.536
95.36,31900.3,34937.5,-0.4874,-0.1578,146.9,96.6,0.536
95.38,31934.2,34738.3,-0.3216,-0.6477,146.9,96.6,0.536
95.4,31807.7,34635.4,-0.9397,-0.9005,146.9,96.6,0.536
95.42,31902.2,34671.0,-0.4781,-0.8131,146.9,96.6,0.536
95.44,31865.8,34665.2,-0.6559,-0.8273,146.9,96.6,0.536
95.46,31918.5,34574.7,-0.3983,-1.0499,146.9,96.6,0.536
95.48,31760.5,34512.0,-1.1702,-1.2039,146.9,96.6,0.536
95.5,31775.2,34457.4,-1.0985,-1.3382,146.9,96.6,0.536
95.52,31769.9,34602.0,-1.1245,-0.9826,146.9,96.6,0.536
95.54,31898.3,34769.2,-0.4973,-0.5715,146.9,96.6,0.536
95.56,32104.3,35240.4,0.5092,0.5866,146.9,96.6,0.536
95.58,32206.0,35478.0,1.0065,1.1708,146.9,96.6,0.536
95.6,32426.8,35734.0,2.085,1.8002,146.9,96.6,0.536
95.62,32422.1,35680.6,2.0622,1.6688,146.9,96.6,0.536
95.64,32297.5,35587.0,1.4531,1.4388,146.9,96.6,0.536
95.66,32237.7,35400.8,1.1613,0.981,146.9,96.6,0.536
95.68,32077.1,35258.6,0.3767,0.6315,146.9,96.6,0.536
95.7,31982.6,35113.2,-0.0855,0.2741,146.9,96.6,0.536
95.72,31992.7,35099.7,-0.036,0.2408,146.9,96.6,0.536
95.74,31992.8,35016.4,-0.0356,0.0359,146.9,96.6,0.536
95.76,31917.3,34929.6,-0.4045,-0.1773,146.9,96.6,0.536
95.78,31878.2,34815.6,-0.5952,-0.4576,146.9,96.6,0.536
95.8,31987.1,34639.2,-0.0634,-0.8911,146.9,96.6,0.536
95.82,31764.6,34646.1,-1.1504,-0.8744,146.9,96.6,0.536
95.84,31755.4,34670.1,-1.1955,-0.8154,146.9,96.6,0.536
95.86,31830.6,34554.3,-0.8279,-1.1,146.9,96.6,0.536
95.88,31804.7,34507.3,-0.9545,-1.2154,146.9,96.6,0.536
95.9,31695.5,34495.6,-1.4882,-1.2442,146.9,96.6,0.536
95.92,31731.2,34624.5,-1.3136,-0.9274,146.9,96.6,0.536
95.94,31824.8,34682.3,-0.8564,-0.7852,146.9,96.6,0.536
95.96,31996.9,34978.2,-0.0152,-0.0578,146.9,96.6,0.536
95.98,32133.8,35345.3,0.6535,0.8447,146.9,96.6,0.536
96.0,32374.8,35634.8,1.8309,1.5563,146.9,96.6,0.536
96.02,32305.3,35788.5,1.4916,1.934,146.9,96.6,0.536
96.04,32337.8,35663.2,1.6504,1.626,146.9,96.6,0.536
96.06,32162.1,35463.0,0.7917,1.1341,146.9,96.6,0.536
96.08,32194.4,35330.5,0.9497,0.8081,146.9,96.6,0.536
96.1,32067.8,35232.0,0.3308,0.566,146.9,96.6,0.536
96.12,31999.7,35134.3,-0.0016,0.3259,146.9,96.6,0.536
96.14,32004.7,34977.6,0.0226,-0.0594,146.9,96.6,0.536
96.16,31857.0,35001.4,-0.6988,-0.0008,146.9,96.6,0.536
96.18,31921.4,34775.0,-0.3842,-0.5574,146.9,96.6,0.536
96.2,31817.3,34739.0,-0.8931,-0.646,146.9,96.6,0.536
96.22,31907.4,34666.0,-0.4525,-0.8252,146.9,96.6,0.536
96.24,31797.7,34660.1,-0.9889,-0.8398,146.9,96.6,0.536
96.26,31823.6,34631.3,-0.8623,-0.9106,146.9,96.6,0.536
96.28,31800.5,34564.0,-0.9751,-1.0761,146.9,96.6,0.536
96.3,31738.1,34508.5,-1.28,-1.2125,146.9,96.6,0.536
96.32,31610.0,34480.9,-1.9058,-1.2804,146.9,96.6,0.536
96.34,31774.5,34649.3,-1.1021,-0.8665,146.9,96.6,0.536
96.36,31935.3,34919.6,-0.3165,-0.2019,146.9,96.6,0.536
96.38,32154.0,35195.1,0.7524,0.4754,146.9,96.6,0.536
96.4,32347.1,35583.1,1.6958,1.4292,146.9,96.6,0.536
96.42,32295.9,35749.3,1.4455,1.8377,146.9,96.6,0.536
96.44,32211.7,35725.8,1.0339,1.7799,146.9,96.6,0.536
96.46,32269.0,35466.2,1.314,1.1417,146.9,96.6,0.536
96.48,32329.3,35298.3,1.6089,0.7291,146.9,96.6,0.536
96.5,32087.7,35196.8,0.4282,0.4795,146.9,96.6,0.536
96.52,31968.5,35168.5,-0.1541,0.4099,146.9,96.6,0.536
96.54,32001.3,35089.7,0.006,0.2164,146.9,96.6,0.536
96.56,31918.0,34998.4,-0.4011,-0.0082,146.9,96.6,0.536
96.58,31907.9,34874.1,-0.45,-0.3137,146.9,96.6,0.536
96.6,31867.7,34796.2,-0.6468,-0.5052,146.9,96.6,0.536
96.62,31899.4,34790.3,-0.4916,-0.5197,146.9,96.6,0.536
96.64,31841.5,34627.6,-0.7749,-0.9197,146.9,96.6,0.536
96.66,31781.4,34793.1,-1.0684,-0.513,146.9,96.6,0.536
96.68,31789.4,34548.4,-1.0291,-1.1143,146.9,96.6,0.536
96.7,31704.3,34533.8,-1.4449,-1.1504,146.9,96.6,0.536
96.72,31742.7,34378.3,-1.2574,-1.5326,146.9,96.6,0.536
96.74,31698.7,34524.0,-1.4725,-1.1743,146.9,96.6,0.536
96.76,31783.2,34641.6,-1.0596,-0.8853,146.9,96.6,0.536
96.78,32064.9,35060.4,0.317,0.1443,146.9,96.6,0.536
96.8,32185.2,35381.4,0.9047,0.9333,146.9,96.6,0.536
96.82,32385.5,35622.3,1.8834,1.5255,146.9,96.6,0.536
96.84,32397.3,35687.0,1.9412,1.6847,146.9,96.6,0.536
96.86,32267.0,35647.1,1.3043,1.5864,146.9,96.6,0.536
96.88,32098.5,35437.8,0.4809,1.0719,146.9,96.6,0.536
96.9,32182.5,35243.6,0.8916,0.5947,146.9,96.6,0.536
96.92,32078.9,35101.3,0.3853,0.2448,146.9,96.6,0.536
96.94,31991.8,34939.5,-0.0405,-0.1529,146.9,96.6,0.536
96.96,32054.4,35036.6,0.2654,0.0856,146.9,96.6,0.536
96.98,31996.8,34922.0,-0.0158,-0.196,146.9,96.6,0.536
97.0,31854.1,34797.7,-0.7133,-0.5016,146.9,96.6,0.536
97.02,31822.3,34717.1,-0.8683,-0.6998,146.9,96.6,0.536
97.04,31881.9,34612.3,-0.5775,-0.9574,146.9,96.6,0.536
97.06,31857.2,34598.8,-0.6981,-0.9906,146.9,96.6,0.536
97.08,31722.9,34600.6,-1.3542,-0.986,146.9,96.6,0.536
97.1,31760.4,34512.5,-1.1711,-1.2027,146.9,96.6,0.536
97.12,31737.8,34496.6,-1.2812,-1.2417,146.9,96.6,0.536
97.14,31686.3,34499.5,-1.5331,-1.2346,146.9,96.6,0.536
97.16,31828.8,34614.8,-0.8366,-0.9513,146.9,96.6,0.536
97.18,31935.7,35027.0,-0.3143,0.0621,146.9,96.6,0.536
97.2,32042.1,35345.8,0.2054,0.8458,146.9,96.6,0.536
97.22,32296.7,35668.1,1.4496,1.6383,146.9,96.6,0.536
97.24,32377.0,35800.4,1.8419,1.9635,146.9,96.6,0.536
97.26,32361.8,35733.6,1.7677,1.7991,146.9,96.6,0.536
97.28,32305.8,35522.6,1.4941,1.2805,146.9,96.6,0.536
97.3,32111.9,35342.9,0.5465,0.8387,146.9,96.6,0.536
97.32,32082.2,35144.1,0.4016,0.3501,146.9,96.6,0.536
97.34,32141.0,35102.7,0.6886,0.2481,146.9,96.6,0.536
97.36,31998.2,35050.9,-0.0088,0.121,146.9,96.6,0.536
97.38,32031.6,34966.8,0.1542,-0.0859,146.9,96.6,0.536
97.4,31919.8,34812.5,-0.392,-0.4652,146.9,96.6,0.536
97.42,31855.1,34878.0,-0.7084,-0.3042,146.9,96.6,0.536
97.44,31850.9,34804.5,-0.7286,-0.4848,146.9,96.6,0.536
97.46,31869.5,34660.8,-0.6379,-0.8382,146.9,96.6,0.536
97.48,31875.8,34704.9,-0.6069,-0.7297,146.9,96.6,0.536
97.5,31777.7,34617.2,-1.0863,-0.9453,146.9,96.6,0.536
97.52,31777.4,34517.0,-1.088,-1.1915,146.9,96.6,0.536
97.54,31726.6,34402.5,-1.3361,-1.4731,146.9,96.6,0.536
97.56,31849.5,34529.7,-0.7357,-1.1605,146.9,96.6,0.536
97.58,31841.9,34767.6,-0.7725,-0.5756,146.9,96.6,0.536
97.6,32084.8,35127.7,0.4142,0.3096,146.9,96.6,0.536
97.62,32272.6,35571.1,1.3316,1.3998,146.9,96.6,0.536
97.64,32357.5,35706.4,1.7466,1.7323,146.9,96.6,0.536
97.66,32407.9,35789.4,1.9925,1.9365,146.9,96.6,0.536
97.68,32298.3,35528.4,1.4572,1.2947,146.9,96.6,0.536
97.7,32187.0,35396.9,0.9136,0.9715,146.9,96.6,0.536
97.72,32150.2,35210.1,0.7334,0.5123,146.9,96.6,0.536
97.74,32040.5,35077.4,0.1975,0.1861,146.9,96.6,0.536
97.76,32006.6,35081.5,0.032,0.196,146.9,96.6,0.536
97.78,32080.1,34993.8,0.3909,-0.0195,146.9,96.6,0.536
97.8,31975.8,34955.5,-0.1183,-0.1137,146.9,96.6,0.536
97.82,31874.9,34799.3,-0.6114,-0.4977,146.9,96.6,0.536
97.84,31838.0,34737.3,-0.792,-0.65,146.9,96.6,0.536
97.86,31844.6,34631.4,-0.7595,-0.9105,146.9,96.6,0.536
97.88,31812.9,34710.3,-0.9142,-0.7165,146.9,96.6,0.536
97.9,31825.4,34612.5,-0.8533,-0.9568,146.9,96.6,0.536
97.92,31824.6,34474.5,-0.8571,-1.296,146.9,96.6,0.536
97.94,31727.8,34553.3,-1.3302,-1.1025,146.9,96.6,0.536
97.96,31692.3,34430.7,-1.5039,-1.4038,146.9,96.6,0.536
97.98,31799.9,34660.8,-0.9782,-0.838,146.9,96.6,0.536
98.0,32033.9,34941.8,0.1652,-0.1473,146.9,96.6,0.536
98.02,32113.7,35435.6,0.5555,1.0667,146.9,96.6,0.536
98.04,32227.0,35636.2,1.1088,1.5598,146.9,96.6,0.536
98.06,32329.5,35785.0,1.6099,1.9256,146.9,96.6,0.536
98.08,32390.8,35673.7,1.9093,1.652,146.9,96.6,0.536
98.1,32215.8,35439.7,1.0544,1.0766,146.9,96.6,0.536
98.12,32101.6,35356.4,0.4959,0.8719,146.9,96.6,0.536
98.14,32123.9,35115.7,0.6052,0.2801,146.9,96.6,0.536
98.16,32050.1,35100.6,0.2447,0.2429,146.9,96.6,0.536
98.18,32065.3,35003.3,0.319,0.0038,146.9,96.6,0.536
98.2,32016.6,34868.5,0.0811,-0.3274,146.9,96.6,0.536
98.22,31866.4,34808.0,-0.6532,-0.4763,146.9,96.6,0.536
98.24,31881.5,34752.1,-0.5794,-0.6137,146.9,96.6,0.536
98.26,31899.3,34683.6,-0.4922,-0.7821,146.9,96.6,0.536
98.28,31808.2,34741.6,-0.9376,-0.6394,146.9,96.6,0.536
98.3,31846.6,34532.6,-0.7499,-1.1532,146.9,96.6,0.536
98.32,31833.1,34574.2,-0.8157,-1.0509,146.9,96.6,0.536
98.34,31725.0,34558.5,-1.3437,-1.0896,146.9,96.6,0.536
98.36,31779.9,34413.3,-1.0755,-1.4464,146.9,96.6,0.536
98.38,31808.4,34616.8,-0.9364,-0.9462,146.9,96.6,0.536
98.4,31915.9,34914.4,-0.411,-0.2147,146.9,96.6,0.536
98.42,32002.5,35260.5,0.0118,0.6361,146.9,96.6,0.536
98.44,32249.1,35459.2,1.2167,1.1247,146.9,96.6,0.536
98.46,32433.8,35803.6,2.1194,1.9712,146.9,96.6,0.536
98.48,32443.5,35721.2,2.1666,1.7688,146.9,96.6,0.536
98.5,32130.3,35566.1,0.6362,1.3874,146.9,96.6,0.536
98.52,32250.4,35323.4,1.223,0.7908,146.9,96.6,0.536
98.54,32052.2,35278.1,0.2549,0.6793,146.9,96.6,0.536
98.56,32020.0,35101.3,0.0977,0.2447,146.9,96.6,0.536
98.58,31991.5,35145.9,-0.042,0.3544,146.9,96.6,0.536
98.6,32100.6,34958.8,0.491,-0.1056,146.9,96.6,0.536
98.62,31984.2,34867.1,-0.0775,-0.3311,146.9,96.6,0.536
98.64,31882.0,34752.4,-0.577,-0.613,146.9,96.6,0.536
98.66,31895.8,34725.7,-0.5095,-0.6786,146.9,96.6,0.536
98.68,31814.8,34630.4,-0.9051,-0.9128,146.9,96.6,0.536
98.7,31798.5,34687.5,-0.9848,-0.7725,146.9,96.6,0.536
98.72,31834.5,34721.3,-0.8089,-0.6895,146.9,96.6,0.536
98.74,31747.0,34590.1,-1.2362,-1.0119,146.9,96.6,0.536
98.76,31706.8,34491.4,-1.4327,-1.2547,146.9,96.6,0.536
98.78,31759.4,34477.4,-1.1761,-1.289,146.9,96.6,0.536
98.8,31940.5,34739.5,-0.2907,-0.6445,146.9,96.6,0.536
98.82,32019.7,35018.2,0.096,0.0406,146.9,96.6,0.536
98.84,32238.4,35364.3,1.1645,0.8914,146.9,96.6,0.536
98.86,32384.7,35718.7,1.8796,1.7626,146.9,96.6,0.536
98.88,32388.7,35858.9,1.8991,2.1073,146.9,96.6,0.536
98.9,32349.6,35671.3,1.708,1.646,146.9,96.6,0.536
98.92,32228.7,35522.9,1.117,1.2811,146.9,96.6,0.536
98.94,32059.3,35295.5,0.2895,0.7222,146.9,96.6,0.536
98.96,32050.0,35082.4,0.244,0.1983,146.9,96.6,0.536
98.98,32115.0,35217.3,0.5618,0.5299,146.9,96.6,0.536
99.0,31980.2,34971.8,-0.0971,-0.0736,146.9,96.6,0.536
99.02,31951.5,34941.0,-0.237,-0.1493,146.9,96.6,0.536
99.04,31894.1,34809.8,-0.5178,-0.4718,146.9,96.6,0.536
99.06,31835.4,34679.6,-0.8043,-0.7918,146.9,96.6,0.536
99.08,31875.4,34635.5,-0.6091,-0.9003,146.9,96.6,0.536
99.1,31891.9,34710.9,-0.5287,-0.715,146.9,96.6,0.536
99.12,31782.9,34606.1,-1.0609,-0.9727,146.9,96.6,0.536
99.14,31708.3,34613.7,-1.4254,-0.9538,146.9,96.6,0.536
99.16,31739.6,34534.3,-1.2724,-1.1491,146.9,96.6,0.536
99.18,31705.4,34493.5,-1.4397,-1.2494,146.9,96.6,0.536
99.2,31839.6,34580.0,-0.7839,-1.0367,146.9,96.6,0.536
99.22,32005.6,34884.5,0.0271,-0.2882,146.9,96.6,0.536
99.24,32213.5,35252.8,1.0427,0.6171,146.9,96.6,0.536
99.26,32255.9,35539.1,1.2499,1.321,146.9,96.6,0.536
99.28,32396.4,35687.5,1.9366,1.6859,146.9,96.6,0.536
99.3,32352.7,35755.2,1.7231,1.8522,146.9,96.6,0.536
99.32,32208.3,35533.1,1.0174,1.3063,146.9,96.6,0.536
99.34,32088.0,35296.5,0.4297,0.7247,146.9,96.6,0.536
99.36,32044.9,35203.5,0.2193,0.4959,146.9,96.6,0.536
99.38,32005.2,35045.9,0.0249,0.1086,146.9,96.6,0.536
99.4,31963.4,34997.9,-0.1793,-0.0093,146.9,96.6,0.536
99.42,31980.2,35000.3,-0.097,-0.0036,146.9,96.6,0.536
99.44,31974.5,34940.1,-0.1248,-0.1515,146.9,96.6,0.536
99.46,31916.5,34678.1,-0.4082,-0.7957,146.9,96.6,0.536
99.48,31851.8,34668.8,-0.7243,-0.8184,146.9,96.6,0.536
99.5,31865.9,34574.0,-0.6556,-1.0515,146.9,96.6,0.536
99.52,31891.3,34717.0,-0.5312,-0.6999,146.9,96.6,0.536
99.54,31867.9,34632.5,-0.6459,-0.9077,146.9,96.6,0.536
99.56,31827.1,34590.4,-0.8451,-1.0112,146.9,96.6,0.536
99.58,31720.9,34394.0,-1.364,-1.4939,146.9,96.6,0.536
99.6,31715.6,34500.0,-1.39,-1.2333,146.9,96.6,0.536
99.62,31873.0,34732.7,-0.6208,-0.6614,146.9,96.6,0.536
99.64,32060.2,35064.9,0.2937,0.1552,146.9,96.6,0.536
99.66,32327.7,35468.8,1.6009,1.1482,146.9,96.6,0.536
99.68,32427.8,35666.6,2.0902,1.6345,146.9,96.6,0.536
99.7,32308.4,35806.7,1.5065,1.9789,146.9,96.6,0.536
99.72,32330.1,35640.4,1.6128,1.5701,146.9,96.6,0.536
99.74,32203.7,35395.7,0.9949,0.9684,146.9,96.6,0.536
99.76,32095.8,35159.5,0.4677,0.3878,146.9,96.6,0.536
99.78,32047.9,35098.9,0.2337,0.2389,146.9,96.6,0.536
99.8,32052.2,35103.1,0.2549,0.2493,146.9,96.6,0.536
99.82,31982.5,34988.9,-0.0857,-0.0316,146.9,96.6,0.536
99.84,31957.6,34884.1,-0.2073,-0.2892,146.9,96.6,0.536
99.86,31916.7,34774.1,-0.4071,-0.5596,146.9,96.6,0.536
99.88,31810.3,34720.5,-0.9269,-0.6914,146.9,96.6,0.536
99.9,31799.5,34686.7,-0.9799,-0.7743,146.9,96.6,0.536
99.92,31775.4,34725.6,-1.0977,-0.6787,146.9,96.6,0.536
99.94,31859.6,34617.6,-0.6864,-0.9442,146.9,96.6,0.536
99.96,31699.7,34569.7,-1.4677,-1.0621,146.9,96.6,0.536
99.98,31740.6,34411.6,-1.2679,-1.4506,146.9,96.6,0.536
100.0,31707.2,34506.0,-1.4308,-1.2186,146.9,96.6,0.536
100.02,31793.2,34558.7,-1.0108,-1.0891,146.9,96.6,0.536
100.04,31992.0,35016.1,-0.0394,0.0354,146.9,96.6,0.536
100.06,32082.4,35432.3,0.4023,1.0585,146.9,96.6,0.536
100.08,32332.4,35675.2,1.6238,1.6557,146.9,96.6,0.536
100.1,32333.6,35795.1,1.6298,1.9503,146.9,96.6,0.536
100.12,32283.6,35763.2,1.3854,1.872,146.9,96.6,0.536
100.14,32266.9,35491.4,1.3038,1.2038,146.9,96.6,0.536
100.16,32147.5,35291.8,0.7205,0.7132,146.9,96.6,0.536
100.18,32057.5,35258.0,0.2806,0.6301,146.9,96.6,0.536
100.2,32023.7,35004.8,0.1157,0.0076,146.9,96.6,0.536
100.22,32048.0,35003.5,0.2342,0.0044,146.9,96.6,0.536
100.24,31983.3,35024.1,-0.0816,0.0551,146.9,96.6,0.536
100.26,31975.4,34793.5,-0.1204,-0.512,146.9,96.6,0.536
100.28,31884.9,34815.2,-0.5628,-0.4587,146.9,96.6,0.536
100.3,31807.2,34681.4,-0.9422,-0.7874,146.9,96.6,0.536
100.32,31860.9,34627.5,-0.68,-0.92,146.9,96.6,0.536
100.34,31790.7,34655.3,-1.0227,-0.8516,146.9,96.6,0.536
100.36,31763.6,34578.3,-1.1553,-1.0409,146.9,96.6,0.536
100.38,31779.5,34579.5,-1.0774,-1.038,146.9,96.6,0.536
100.4,31805.7,34434.0,-0.9495,-1.3958,146.9,96.6,0.536
100.42,31762.3,34570.5,-1.1615,-1.0601,146.9,96.6,0.536
100.44,31949.2,34882.9,-0.2486,-0.2921,146.9,96.6,0.536
100.46,31980.6,35160.1,-0.0948,0.3892,146.9,96.6,0.536
100.48,32224.5,35433.5,1.0969,1.0615,146.9,96.6,0.536
100.5,32321.2,35716.2,1.5689,1.7564,146.9,96.6,0.536
100.52,32352.0,35821.8,1.7197,2.016,146.9,96.6,0.536
100.54,32226.4,35510.2,1.106,1.2499,146.9,96.6,0.536
100.56,32159.7,35284.5,0.7802,0.695,146.9,96.6,0.536
100.58,32112.8,35215.9,0.5509,0.5265,146.9,96.6,0.536
100.6,32014.4,34984.9,0.07,-0.0413,146.9,96.6,0.536
100.62,32037.8,35050.6,0.1842,0.1203,146.9,96.6,0.536
100.64,31941.3,34843.8,-0.2872,-0.3881,146.9,96.6,0.536
100.66,31973.5,34981.1,-0.1296,-0.0506,146.9,96.6,0.536
100.68,31901.1,34843.0,-0.4835,-0.3902,146.9,96.6,0.536
100.7,31848.3,34641.2,-0.7416,-0.8863,146.9,96.6,0.536
100.72,31883.9,34651.8,-0.5677,-0.8604,146.9,96.6,0.536
100.74,31817.8,34691.9,-0.8906,-0.7617,146.9,96.6,0.536
100.76,31884.2,34627.8,-0.566,-0.9193,146.9,96.6,0.536
100.78,31775.3,34631.6,-1.0981,-0.91,146.9,96.6,0.536
100.8,31671.7,34505.5,-1.6044,-1.2198,146.9,96.6,0.536
100.82,31717.7,34497.9,-1.3794,-1.2386,146.9,96.6,0.536
100.84,31872.2,34676.6,-0.6246,-0.7994,146.9,96.6,0.536
100.86,32011.1,35038.8,0.0541,0.0911,146.9,96.6,0.536
100.88,32169.8,35413.3,0.8296,1.0117,146.9,96.6,0.536
100.9,32324.8,35746.5,1.5866,1.8308,146.9,96.6,0.536
100.92,32304.1,35752.6,1.4854,1.8459,146.9,96.6,0.536
100.94,32412.9,35686.7,2.0172,1.6838,146.9,96.6,0.536
100.96,32188.1,35437.9,0.9189,1.0721,146.9,96.6,0.536
100.98,32097.5,35298.2,0.476,0.7288,146.9,96.6,0.536
101.0,31940.0,35272.9,-0.2934,0.6665,146.9,96.6,0.536
101.02,31969.5,35106.4,-0.1492,0.2574,146.9,96.6,0.536
101.04,32082.6,35084.9,0.4034,0.2045,146.9,96.6,0.536
101.06,31949.7,34928.0,-0.2463,-0.1812,146.9,96.6,0.536
101.08,31861.5,34829.4,-0.677,-0.4237,146.9,96.6,0.536
101.1,31843.9,34786.8,-0.7628,-0.5283,146.9,96.6,0.536
101.12,31804.5,34658.6,-0.9556,-0.8435,146.9,96.6,0.536
101.14,31846.1,34712.5,-0.7521,-0.711,146.9,96.6,0.536
101.16,31792.2,34608.9,-1.0158,-0.9657,146.9,96.6,0.536
101.18,31718.3,34525.2,-1.3767,-1.1715,146.9,96.6,0.536
101.2,31760.5,34500.6,-1.1704,-1.232,146.9,96.6,0.536
101.22,31699.5,34465.8,-1.4684,-1.3175,146.9,96.6,0.536
101.24,31761.8,34637.3,-1.1641,-0.8958,146.9,96.6,0.536
101.26,31906.1,34902.1,-0.4593,-0.2448,146.9,96.6,0.536
101.28,32192.1,35251.2,0.9383,0.6133,146.9,96.6,0.536
101.3,32229.1,35653.6,1.1193,1.6025,146.9,96.6,0.536
101.32,32375.1,35720.1,1.8324,1.7659,146.9,96.6,0.536
101.34,32305.8,35736.3,1.494,1.8057,146.9,96.6,0.536
101.36,32324.1,35589.6,1.5831,1.4452,146.9,96.6,0.536
101.38,32118.1,35367.7,0.5768,0.8996,146.9,96.6,0.536
101.4,32049.3,35256.9,0.2404,0.6273,146.9,96.6,0.536
101.42,32027.6,35168.7,0.1344,0.4106,146.9,96.6,0.536
101.44,32075.1,35048.6,0.3666,0.1153,146.9,96.6,0.536
101.46,31952.8,35057.8,-0.2307,0.1379,146.9,96.6,0.536
101.48,31924.1,34786.4,-0.371,-0.5294,146.9,96.6,0.536
101.5,31886.2,34813.1,-0.5564,-0.4636,146.9,96.6,0.536
101.52,31754.4,34670.5,-1.2,-0.8142,146.9,96.6,0.536
101.54,31885.4,34603.0,-0.5604,-0.9802,146.9,96.6,0.536
101.56,31890.7,34630.1,-0.5343,-0.9135,146.9,96.6,0.536
101.58,31859.1,34592.8,-0.6885,-1.0053,146.9,96.6,0.536
101.6,31683.2,34564.9,-1.5479,-1.074,146.9,96.6,0.536
101.62,31828.6,34536.6,-0.8379,-1.1433,146.9,96.6,0.536
101.64,31687.4,34568.7,-1.5275,-1.0645,146.9,96.6,0.536
101.66,31806.7,34737.7,-0.9446,-0.6491,146.9,96.6,0.536
101.68,32016.9,34992.1,0.0824,-0.0237,146.9,96.6,0.536
101.7,32169.1,35309.9,0.8258,0.7575,146.9,96.6,0.536
101.72,32319.1,35686.0,1.5589,1.6821,146.9,96.6,0.536
101.74,32456.1,35816.0,2.2283,2.0017,146.9,96.6,0.536
101.76,32379.5,35599.1,1.8538,1.4685,146.9,96.6,0.536
101.78,32220.9,35467.0,1.0788,1.1439,146.9,96.6,0.536
101.8,32116.3,35314.0,0.5677,0.7675,146.9,96.6,0.536
101.82,32057.1,35117.1,0.2786,0.2837,146.9,96.6,0.536
101.84,32041.9,35115.5,0.2047,0.2797,146.9,96.6,0.536
101.86,32030.6,35036.3,0.1494,0.0849,146.9,96.6,0.536
101.88,31975.3,34953.6,-0.121,-0.1183,146.9,96.6,0.536
101.9,31924.9,34802.5,-0.367,-0.4898,146.9,96.6,0.536
101.92,31816.5,34706.2,-0.897,-0.7264,146.9,96.6,0.536
101.94,31898.9,34644.4,-0.4941,-0.8785,146.9,96.6,0.536
101.96,31825.5,34752.7,-0.8528,-0.6123,146.9,96.6,0.536
101.98,31824.9,34633.5,-0.8559,-0.9052,146.9,96.6,0.536
102.0,31776.1,34598.6,-1.0942,-0.9911,146.9,96.6,0.536
102.02,31781.4,34542.0,-1.0685,-1.1302,146.9,96.6,0.536
102.04,31730.4,34449.2,-1.3174,-1.3584,146.9,96.6,0.536
102.06,31897.4,34644.2,-0.5015,-0.8789,146.9,96.6,0.536
102.08,31946.6,34856.9,-0.2611,-0.3559,146.9,96.6,0.536
102.1,32132.6,35312.4,0.6475,0.7638,146.9,96.6,0.536
102.12,32334.3,35681.7,1.6332,1.6715,146.9,96.6,0.536
102.14,32366.4,35726.5,1.7899,1.7816,146.9,96.6,0.536
102.16,32438.0,35659.3,2.1399,1.6165,146.9,96.6,0.536
102.18,32246.5,35630.7,1.2042,1.5462,146.9,96.6,0.536
102.2,32173.1,35322.3,0.8456,0.788,146.9,96.6,0.536
102.22,32078.6,35188.4,0.3837,0.459,146.9,96.6,0.536
102.24,32121.5,35114.9,0.5934,0.2782,146.9,96.6,0.536
102.26,32045.6,35121.2,0.2224,0.2936,146.9,96.6,0.536
102.28,32054.7,35019.9,0.2672,0.0446,146.9,96.6,0.536
102.3,31863.0,34856.7,-0.6697,-0.3564,146.9,96.6,0.536
102.32,31843.2,34749.0,-0.7662,-0.6214,146.9,96.6,0.536
102.34,31801.0,34769.0,-0.9725,-0.5721,146.9,96.6,0.536
102.36,31850.4,34677.2,-0.7314,-0.7979,146.9,96.6,0.536
102.38,31815.6,34599.8,-0.9013,-0.9881,146.9,96.6,0.536
102.4,31789.2,34663.0,-1.0303,-0.8328,146.9,96.6,0.536
102.42,31637.0,34445.1,-1.774,-1.3683,146.9,96.6,0.536
102.44,31805.0,34492.1,-0.9532,-1.2529,146.9,96.6,0.536
102.46,31797.5,34561.7,-0.9895,-1.0816,146.9,96.6,0.536
102.48,31806.7,34869.8,-0.9449,-0.3245,146.9,96.6,0.536
102.5,32112.4,35154.7,0.5488,0.3762,146.9,96.6,0.536
102.52,32269.2,35433.2,1.3149,1.0606,146.9,96.6,0.536
102.54,32422.2,35667.5,2.0628,1.6366,146.9,96.6,0.536
102.56,32429.9,35726.9,2.1003,1.7827,146.9,96.6,0.536
102.58,32280.2,35580.8,1.369,1.4236,146.9,96.6,0.536
102.6,32172.6,35450.4,0.8432,1.103,146.9,96.6,0.536
102.62,32068.4,35254.0,0.3337,0.6201,146.9,96.6,0.536
102.64,32154.1,35077.0,0.7529,0.1851,146.9,96.6,0.536
102.66,32042.8,35104.8,0.209,0.2533,146.9,96.6,0.536
102.68,32061.1,35034.9,0.2985,0.0815,146.9,96.6,0.536
102.7,31947.8,34913.9,-0.2552,-0.2159,146.9,96.6,0.536
102.72,31925.9,34906.8,-0.3622,-0.2335,146.9,96.6,0.536
102.74,31848.1,34644.8,-0.7422,-0.8774,146.9,96.6,0.536
102.76,31870.2,34602.7,-0.6344,-0.981,146.9,96.6,0.536
102.78,31832.3,34683.9,-0.8194,-0.7814,146.9,96.6,0.536
102.8,31736.1,34678.7,-1.2897,-0.7941,146.9,96.6,0.536
102.82,31772.6,34588.7,-1.1114,-1.0152,146.9,96.6,0.536
102.84,31765.4,34446.2,-1.1467,-1.3658,146.9,96.6,0.536
102.86,31674.8,34472.7,-1.5892,-1.3005,146.9,96.6,0.536
102.88,31821.9,34535.2,-0.8705,-1.1469,146.9,96.6,0.536
102.9,31979.9,34958.6,-0.0984,-0.106,146.9,96.6,0.536
102.92,32134.2,35330.8,0.6553,0.809,146.9,96.6,0.536
102.94,32390.7,35690.8,1.9089,1.6939,146.9,96.6,0.536
102.96,32325.2,35832.5,1.5888,2.0422,146.9,96.6,0.536
102.98,32218.3,35705.0,1.0663,1.7289,146.9,96.6,0.536
103.0,32124.8,35430.9,0.6094,1.0551,146.9,96.6,0.536
103.02,32132.7,35356.6,0.6482,0.8723,146.9,96.6,0.536
103.04,32092.1,35117.2,0.4497,0.2838,146.9,96.6,0.536
103.06,32083.6,35037.8,0.4082,0.0887,146.9,96.6,0.536
103.08,32116.1,35084.6,0.5669,0.2038,146.9,96.6,0.536
103.1,31993.1,35019.8,-0.034,0.0444,146.9,96.6,0.536
103.12,31946.5,34815.2,-0.2615,-0.4586,146.9,96.6,0.536
103.14,31881.0,34698.9,-0.5815,-0.7445,146.9,96.6,0.536
103.16,31910.0,34604.2,-0.4401,-0.9772,146.9,96.6,0.536
103.18,31786.1,34644.9,-1.0456,-0.8772,146.9,96.6,0.536
103.2,31823.9,34715.5,-0.8609,-0.7036,146.9,96.6,0.536
103.22,31803.4,34495.1,-0.961,-1.2455,146.9,96.6,0.536
103.24,31716.5,34508.6,-1.3853,-1.2122,146.9,96.6,0.536
103.26,31779.3,34491.6,-1.0786,-1.2541,146.9,96.6,0.536
103.28,31704.6,34594.7,-1.4436,-1.0005,146.9,96.6,0.536
103.3,31847.1,34839.8,-0.7475,-0.3981,146.9,96.6,0.536
103.32,32046.0,35229.2,0.2245,0.5592,146.9,96.6,0.536
103.34,32365.0,35557.0,1.7833,1.3651,146.9,96.6,0.536
103.36,32345.0,35718.5,1.6857,1.7621,146.9,96.6,0.536
103.38,32393.8,35694.0,1.924,1.7018,146.9,96.6,0.536
103.4,32276.9,35567.5,1.3527,1.3907,146.9,96.6,0.536
103.42,32119.7,35404.6,0.5848,0.9904,146.9,96.6,0.536
103.44,32167.4,35219.3,0.8174,0.5349,146.9,96.6,0.536
103.46,32132.8,35189.3,0.6484,0.4612,146.9,96.6,0.536
103.48,32100.9,35106.3,0.4925,0.2572,146.9,96.6,0.536
103.5,32012.0,35026.5,0.0583,0.0609,146.9,96.6,0.536
103.52,31891.4,34877.2,-0.5308,-0.306,146.9,96.6,0.536
103.54,31876.5,34797.0,-0.6037,-0.5033,146.9,96.6,0.536
103.56,31810.0,34629.1,-0.9285,-0.916,146.9,96.6,0.536
103.58,31840.4,34622.4,-0.7803,-0.9325,146.9,96.6,0.536
103.6,31830.7,34714.0,-0.8277,-0.7073,146.9,96.6,0.536
103.62,31738.0,34582.0,-1.2804,-1.0317,146.9,96.6,0.536
103.64,31757.2,34506.7,-1.1865,-1.2169,146.9,96.6,0.536
103.66,31706.5,34424.6,-1.4345,-1.4188,146.9,96.6,0.536
103.68,31725.1,34507.6,-1.3434,-1.2147,146.9,96.6,0.536
103.7,31880.4,34657.1,-0.5848,-0.8471,146.9,96.6,0.536
103.72,31972.1,35050.9,-0.1366,0.1209,146.9,96.6,0.536
103.74,32271.2,35376.4,1.3249,0.9211,146.9,96.6,0.536
103.76,32255.8,35657.2,1.2497,1.6115,146.9,96.6,0.536
103.78,32410.0,35716.0,2.0029,1.7559,146.9,96.6,0.536
103.8,32259.1,35702.0,1.2659,1.7215,146.9,96.6,0.536
103.82,32258.5,35435.4,1.2626,1.0662,146.9,96.6,0.536
103.84,32146.2,35344.1,0.7142,0.8416,146.9,96.6,0.536
103.86,32139.3,35133.6,0.6803,0.3241,146.9,96.6,0.536
103.88,32037.4,35016.3,0.1825,0.0359,146.9,96.6,0.536
103.9,32097.3,35053.8,0.4753,0.1279,146.9,96.6,0.536
103.92,31997.7,34908.2,-0.0115,-0.23,146.9,96.6,0.536
103.94,31874.0,34823.4,-0.6158,-0.4383,146.9,96.6,0.536
103.96,31798.6,34722.4,-0.9844,-0.6867,146.9,96.6,0.536
103.98,31948.2,34704.7,-0.2535,-0.7302,146.9,96.6,0.536
104.0,31837.4,34661.5,-0.7945,-0.8363,146.9,96.6,0.536
104.02,31819.0,34631.5,-0.8844,-0.9102,146.9,96.6,0.536
104.04,31726.0,34569.5,-1.339,-1.0625,146.9,96.6,0.536
104.06,31689.2,34425.5,-1.5189,-1.4165,146.9,96.6,0.536
104.08,31669.0,34483.9,-1.6174,-1.273,146.9,96.6,0.536
104.1,31733.5,34653.6,-1.3025,-0.8558,146.9,96.6,0.536
104.12,32003.7,34951.3,0.0179,-0.124,146.9,96.6,0.536
104.14,32175.3,35250.8,0.8564,0.6123,146.9,96.6,0.536
104.16,32239.3,35555.3,1.169,1.3608,146.9,96.6,0.536
104.18,32337.2,35715.8,1.6474,1.7553,146.9,96.6,0.536
104.2,32413.7,35677.3,2.0211,1.6609,146.9,96.6,0.536
104.22,32253.1,35506.9,1.2364,1.2419,146.9,96.6,0.536
104.24,32159.6,35290.2,0.7794,0.7092,146.9,96.6,0.536
104.26,32114.4,35196.6,0.5588,0.479,146.9,96.6,0.536
104.28,32091.5,35139.2,0.4467,0.338,146.9,96.6,0.536
104.3,32025.6,35085.4,0.1247,0.2057,146.9,96.6,0.536
104.32,32076.6,34909.2,0.374,-0.2275,146.9,96.6,0.536
104.34,31954.5,34974.5,-0.2227,-0.067,146.9,96.6,0.536
104.36,31934.7,34820.3,-0.3191,-0.4459,146.9,96.6,0.536
104.38,31814.2,34728.5,-0.9079,-0.6717,146.9,96.6,0.536
104.4,31838.5,34646.5,-0.7894,-0.8732,146.9,96.6,0.536
104.42,31833.1,34546.2,-0.8157,-1.1199,146.9,96.6,0.536
104.44,31823.0,34573.9,-0.8649,-1.0517,146.9,96.6,0.536
104.46,31728.5,34651.1,-1.3267,-0.862,146.9,96.6,0.536
104.48,31728.7,34521.7,-1.3258,-1.1802,146.9,96.6,0.536
104.5,31767.8,34535.0,-1.1349,-1.1474,146.9,96.6,0.536
104.52,31876.5,34732.1,-0.6038,-0.6628,146.9,96.6,0.536
104.54,32123.4,35159.1,0.6029,0.3868,146.9,96.6,0.536
104.56,32300.5,35417.5,1.4679,1.0221,146.9,96.6,0.536
104.58,32199.7,35707.3,0.9754,1.7344,146.9,96.6,0.536
104.6,32347.3,35769.5,1.6966,1.8874,146.9,96.6,0.536
104.62,32381.9,35614.6,1.8658,1.5066,146.9,96.6,0.536
104.64,32121.9,35401.1,0.5952,0.9817,146.9,96.6,0.536
104.66,32096.7,35221.8,0.4723,0.5409,146.9,96.6,0.536
104.68,32121.6,35146.9,0.594,0.3568,146.9,96.6,0.536
104.7,32013.5,35011.3,0.0655,0.0235,146.9,96.6,0.536
104.72,31952.3,34987.7,-0.2331,-0.0345,146.9,96.6,0.536
104.74,32058.3,34938.3,0.2848,-0.156,146.9,96.6,0.536
104.76,31916.7,34797.4,-0.4073,-0.5023,146.9,96.6,0.536
104.78,31866.1,34676.2,-0.6546,-0.8003,146.9,96.6,0.536
104.8,31834.3,34614.6,-0.8096,-0.9517,146.9,96.6,0.536
104.82,31867.9,34681.2,-0.6455,-0.7879,146.9,96.6,0.536
104.84,31859.5,34553.6,-0.6868,-1.1016,146.9,96.6,0.536
104.86,31756.2,34585.9,-1.1914,-1.0222,146.9,96.6,0.536
104.88,31835.3,34521.5,-0.805,-1.1806,146.9,96.6,0.536
104.9,31751.3,34463.6,-1.2154,-1.323,146.9,96.6,0.536
104.92,31725.6,34581.4,-1.341,-1.0334,146.9,96.6,0.536
104.94,31945.7,34962.6,-0.2654,-0.0963,146.9,96.6,0.536
104.96,32140.1,35352.7,0.6844,0.8629,146.9,96.6,0.536
104.98,32312.1,35700.6,1.5248,1.7179,146.9,96.6,0.536
105.0,32383.8,35765.3,1.8752,1.8772,146.9,96.6,0.536
105.02,32368.8,35716.8,1.8016,1.7578,146.9,96.6,0.536
105.04,32235.6,35495.3,1.1508,1.2133,146.9,96.6,0.536
105.06,32092.2,35316.0,0.4501,0.7726,146.9,96.6,0.536
105.08,32037.0,35101.6,0.1804,0.2456,146.9,96.6,0.536
105.1,32087.0,35068.7,0.4251,0.1646,146.9,96.6,0.536
105.12,31990.1,35006.0,-0.0485,0.0106,146.9,96.6,0.536
105.14,31994.5,34973.0,-0.0274,-0.0706,146.9,96.6,0.536
105.16,31956.8,34857.5,-0.2113,-0.3545,146.9,96.6,0.536
105.18,31866.0,34742.5,-0.6551,-0.6373,146.9,96.6,0.536
105.2,31794.5,34692.1,-1.0046,-0.7612,146.9,96.6,0.536
105.22,31800.9,34717.4,-0.9729,-0.699,146.9,96.6,0.536
105.24,31869.5,34643.6,-0.638,-0.8803,146.9,96.6,0.536
105.26,31902.3,34607.3,-0.4777,-0.9696,146.9,96.6,0.536
105.28,31765.1,34424.0,-1.148,-1.4202,146.9,96.6,0.536
105.3,31760.3,34432.8,-1.1715,-1.3986,146.9,96.6,0.536
105.32,31760.9,34458.7,-1.1686,-1.335,146.9,96.6,0.536
105.34,31866.9,34812.3,-0.6508,-0.4656,146.9,96.6,0.536
105.36,32077.7,35199.8,0.3792,0.4869,146.9,96.6,0.536
105.38,32211.1,35522.8,1.0311,1.2809,146.9,96.6,0.536
105.4,32366.5,35744.5,1.7905,1.8259,146.9,96.6,0.536
105.42,32348.1,35760.8,1.7004,1.8659,146.9,96.6,0.536
105.44,32288.5,35591.9,1.4095,1.4509,146.9,96.6,0.536
105.46,32247.5,35412.0,1.2089,1.0087,146.9,96.6,0.536
105.48,32174.5,35185.6,0.8523,0.4521,146.9,96.6,0.536
105.5,32156.8,35083.0,0.7657,0.1997,146.9,96.6,0.536
105.52,32058.7,35023.6,0.2865,0.0539,146.9,96.6,0.536
105.54,31991.7,35061.8,-0.0407,0.1476,146.9,96.6,0.536
105.56,31988.9,34922.7,-0.0546,-0.1944,146.9,96.6,0.536
105.58,31919.9,34843.9,-0.3918,-0.388,146.9,96.6,0.536
105.6,31892.3,34725.1,-0.5264,-0.68,146.9,96.6,0.536
105.62,31858.0,34692.6,-0.694,-0.7599,146.9,96.6,0.536
105.64,31861.2,34637.8,-0.6786,-0.8946,146.9,96.6,0.536
105.66,31843.6,34566.1,-0.7645,-1.071,146.9,96.6,0.536
105.68,31762.6,34548.2,-1.1601,-1.115,146.9,96.6,0.536
105.7,31638.1,34547.6,-1.7684,-1.1163,146.9,96.6,0.536
105.72,31723.8,34452.0,-1.3496,-1.3515,146.9,96.6,0.536
105.74,31774.4,34682.9,-1.1027,-0.7837,146.9,96.6,0.536
105.76,32040.3,34992.1,0.1966,-0.0237,146.9,96.6,0.536
105.78,32244.9,35340.7,1.1963,0.8332,146.9,96.6,0.536
105.8,32298.7,35538.5,1.4593,1.3196,146.9,96.6,0.536
105.82,32348.1,35803.2,1.7005,1.9702,146.9,96.6,0.536
105.84,32331.4,35573.7,1.6188,1.406,146.9,96.6,0.536
105.86,32273.1,35437.4,1.3341,1.071,146.9,96.6,0.536
105.88,32178.5,35382.4,0.8717,0.9359,146.9,96.6,0.536
105.9,32065.6,35135.8,0.3203,0.3296,146.9,96.6,0.536
105.92,32108.0,35065.8,0.5275,0.1576,146.9,96.6,0.536
105.94,32018.9,35065.1,0.0919,0.1558,146.9,96.6,0.536
105.96,31910.3,34987.9,-0.4384,-0.0339,146.9,96.6,0.536
105.98,31972.0,34874.0,-0.1373,-0.3141,146.9,96.6,0.536
106.0,31905.6,34821.8,-0.4613,-0.4423,146.9,96.6,0.536
106.02,31751.7,34649.2,-1.2134,-0.8667,146.9,96.6,0.536
106.04,31812.7,34693.6,-0.9155,-0.7576,146.9,96.6,0.536
106.06,31902.0,34693.2,-0.4793,-0.7584,146.9,96.6,0.536
106.08,31885.6,34567.2,-0.5591,-1.0682,146.9,96.6,0.536
106.1,31809.6,34469.7,-0.9304,-1.308,146.9,96.6,0.536
106.12,31715.7,34433.8,-1.3896,-1.3962,146.9,96.6,0.536
106.14,31729.3,34584.1,-1.3231,-1.0267,146.9,96.6,0.536
106.16,32039.3,34911.2,0.1917,-0.2226,146.9,96.6,0.536
106.18,32126.9,35263.4,0.6199,0.6432,146.9,96.6,0.536
106.2,32182.6,35609.2,0.8919,1.4934,146.9,96.6,0.536
106.22,32366.4,35778.5,1.79,1.9095,146.9,96.6,0.536
106.24,32365.2,35750.5,1.7842,1.8406,146.9,96.6,0.536
106.26,32319.4,35589.4,1.5602,1.4447,146.9,96.6,0.536
106.28,32170.0,35345.3,0.8304,0.8445,146.9,96.6,0.536
106.3,32083.5,35287.0,0.4075,0.7013,146.9,96.6,0.536
106.32,32066.2,35117.7,0.323,0.2851,146.9,96.6,0.536
106.34,31982.1,35120.7,-0.0878,0.2924,146.9,96.6,0.536
106.36,31925.6,34875.1,-0.3638,-0.3113,146.9,96.6,0.536
106.38,31875.5,34904.2,-0.6085,-0.2398,146.9,96.6,0.536
106.4,31914.0,34746.0,-0.4205,-0.6286,146.9,96.6,0.536
106.42,31861.4,34735.7,-0.6774,-0.654,146.9,96.6,0.536
106.44,31863.8,34754.5,-0.6658,-0.6078,146.9,96.6,0.536
106.46,31887.2,34598.4,-0.5516,-0.9914,146.9,96.6,0.536
106.48,31823.2,34639.9,-0.864,-0.8896,146.9,96.6,0.536
106.5,31711.0,34509.2,-1.4123,-1.2109,146.9,96.6,0.536
106.52,31775.6,34492.6,-1.0965,-1.2517,146.9,96.6,0.536
106.54,31787.2,34503.9,-1.0398,-1.2237,146.9,96.6,0.536
106.56,31864.4,34691.2,-0.6628,-0.7635,146.9,96.6,0.536
106.58,32109.1,35074.4,0.5329,0.1786,146.9,96.6,0.536
106.6,32268.0,35463.7,1.3093,1.1357,146.9,96.6,0.536
106.62,32377.1,35707.0,1.8423,1.7338,146.9,96.6,0.536
106.64,32430.2,35742.5,2.1018,1.821,146.9,96.6,0.536
106.66,32293.9,35640.4,1.4357,1.5701,146.9,96.6,0.536
106.68,32222.5,35499.7,1.087,1.2241,146.9,96.6,0.536
106.7,32170.3,35220.0,0.8319,0.5366,146.9,96.6,0.536
106.72,31994.8,35107.6,-0.0259,0.2602,146.9,96.6,0.536
106.74,32144.9,35098.9,0.7075,0.2389,146.9,96.6,0.536
106.76,32032.6,34997.4,0.159,-0.0106,146.9,96.6,0.536
106.78,32081.7,34935.2,0.3991,-0.1635,146.9,96.6,0.536
106.8,31904.9,34803.7,-0.465,-0.4867,146.9,96.6,0.536
106.82,31808.1,34762.1,-0.9376,-0.589,146.9,96.6,0.536
106.84,31755.7,34695.8,-1.1939,-0.7522,146.9,96.6,0.536
106.86,31760.8,34653.6,-1.1692,-0.8557,146.9,96.6,0.536
106.88,31910.9,34625.5,-0.4357,-0.925,146.9,96.6,0.536
106.9,31649.3,34499.6,-1.714,-1.2344,146.9,96.6,0.536
106.92,31819.5,34490.4,-0.882,-1.257,146.9,96.6,0.536
106.94,31822.3,34563.6,-0.8686,-1.0771,146.9,96.6,0.536
106.96,31871.5,34590.0,-0.6281,-1.0121,146.9,96.6,0.536
106.98,31912.9,34834.9,-0.426,-0.4101,146.9,96.6,0.536
107.0,32112.2,35229.0,0.548,0.5587,146.9,96.6,0.536
107.02,32359.4,35642.4,1.7555,1.575,146.9,96.6,0.536
107.04,32386.0,35724.3,1.8857,1.7763,146.9,96.6,0.536
107.06,32257.5,35700.7,1.2578,1.7184,146.9,96.6,0.536
107.08,32252.1,35611.1,1.2316,1.4979,146.9,96.6,0.536
107.1,32140.8,35352.5,0.6875,0.8622,146.9,96.6,0.536
107.12,32108.5,35268.8,0.5301,0.6566,146.9,96.6,0.536
107.14,31952.8,35111.1,-0.2307,0.2689,146.9,96.6,0.536
107.16,32039.3,35042.0,0.1916,0.099,146.9,96.6,0.536
107.18,32001.9,34978.2,0.0089,-0.0578,146.9,96.6,0.536
107.2,31889.1,34916.6,-0.5419,-0.2093,146.9,96.6,0.536
107.22,31859.1,34764.3,-0.6888,-0.5838,146.9,96.6,0.536
107.24,31872.4,34669.7,-0.6237,-0.8161,146.9,96.6,0.536
107.26,31814.9,34679.4,-0.9044,-0.7924,146.9,96.6,0.536
107.28,31818.4,34650.0,-0.8874,-0.8646,146.9,96.6,0.536
107.3,31785.2,34596.9,-1.0497,-0.9953,146.9,96.6,0.536
107.32,31788.6,34573.1,-1.033,-1.0537,146.9,96.6,0.536
107.34,31660.9,34380.6,-1.6571,-1.5268,146.9,96.6,0.536
107.36,31769.3,34558.2,-1.1275,-1.0904,146.9,96.6,0.536
107.38,31867.7,34749.8,-0.6466,-0.6193,146.9,96.6,0.536
107.4,32078.9,35103.9,0.3854,0.2511,146.9,96.6,0.536
107.42,32257.8,35483.6,1.2594,1.1846,146.9,96.6,0.536
107.44,32421.7,35673.4,2.0602,1.6511,146.9,96.6,0.536
107.46,32320.7,35774.9,1.5669,1.9007,146.9,96.6,0.536
107.48,32334.5,35558.2,1.6343,1.3679,146.9,96.6,0.536
107.5,32185.4,35376.8,0.9055,0.922,146.9,96.6,0.536
107.52,32171.2,35367.9,0.8363,0.9001,146.9,96.6,0.536
107.54,32019.3,35095.5,0.0942,0.2306,146.9,96.6,0.536
107.56,31916.8,35017.3,-0.4069,0.0383,146.9,96.6,0.536
107.58,32008.5,35104.8,0.0415,0.2534,146.9,96.6,0.536
107.6,32002.3,34918.8,0.0112,-0.2038,146.9,96.6,0.536
107.62,31965.4,34778.0,-0.1693,-0.55,146.9,96.6,0.536
107.64,31898.2,34723.2,-0.4975,-0.6846,146.9,96.6,0.536
107.66,31850.6,34760.4,-0.7304,-0.5933,146.9,96.6,0.536
107.68,31856.7,34745.1,-0.7003,-0.6308,146.9,96.6,0.536
107.7,31816.4,34670.1,-0.8974,-0.8154,146.9,96.6,0.536
107.72,31819.2,34497.6,-0.8838,-1.2392,146.9,96.6,0.536
107.74,31680.9,34478.9,-1.5594,-1.2854,146.9,96.6,0.536
107.76,31727.1,34623.2,-1.3337,-0.9305,146.9,96.6,0.536
107.78,31878.2,34608.7,-0.5954,-0.9661,146.9,96.6,0.536
107.8,32035.2,34982.4,0.1719,-0.0475,146.9,96.6,0.536
107.82,32260.8,35356.6,1.2738,0.8724,146.9,96.6,0.536
107.84,32334.9,35596.3,1.636,1.4615,146.9,96.6,0.536
107.86,32354.4,35742.0,1.7315,1.8199,146.9,96.6,0.536
107.88,32275.4,35751.7,1.3453,1.8437,146.9,96.6,0.536
107.9,32236.7,35556.5,1.1564,1.3639,146.9,96.6,0.536
107.92,32212.8,35348.1,1.0395,0.8516,146.9,96.6,0.536
107.94,32131.0,35181.5,0.6398,0.442,146.9,96.6,0.536
107.96,32006.4,35144.2,0.031,0.3503,146.9,96.6,0.536
107.98,32067.7,34972.9,0.3304,-0.0709,146.9,96.6,0.536
108.0,32001.4,35013.5,0.0066,0.0288,146.9,96.6,0.536
108.02,31959.5,34793.3,-0.198,-0.5125,146.9,96.6,0.536
108.04,31904.4,34702.8,-0.4674,-0.7348,146.9,96.6,0.536
108.06,31801.3,34717.2,-0.9709,-0.6996,146.9,96.6,0.536
108.08,31815.5,34672.9,-0.9019,-0.8084,146.9,96.6,0.536
108.1,31786.7,34676.7,-1.0425,-0.799,146.9,96.6,0.536
108.12,31780.7,34495.9,-1.0716,-1.2435,146.9,96.6,0.536
108.14,31763.2,34555.8,-1.1573,-1.0961,146.9,96.6,0.536
108.16,31699.6,34459.8,-1.468,-1.3323,146.9,96.6,0.536
108.18,31698.3,34489.9,-1.4745,-1.2583,146.9,96.6,0.536
108.2,32051.4,34773.5,0.2508,-0.5611,146.9,96.6,0.536
108.22,32179.2,35155.4,0.8754,0.3778,146.9,96.6,0.536
108.24,32252.7,35514.2,1.2342,1.2597,146.9,96.6,0.536
108.26,32352.2,35777.3,1.7205,1.9066,146.9,96.6,0.536
108.28,32389.2,35736.7,1.9015,1.8068,146.9,96.6,0.536
108.3,32339.0,35549.3,1.6561,1.3461,146.9,96.6,0.536
108.32,32223.9,35358.1,1.0937,0.8762,146.9,96.6,0.536
108.34,32094.5,35165.7,0.4615,0.403,146.9,96.6,0.536
108.36,32187.3,35231.3,0.915,0.5645,146.9,96.6,0.536
108.38,32017.3,35094.8,0.0841,0.2289,146.9,96.6,0.536
108.4,31981.4,35083.9,-0.0911,0.202,146.9,96.6,0.536
108.42,31984.7,34870.6,-0.0752,-0.3225,146.9,96.6,0.536
108.44,31776.5,34846.3,-1.0925,-0.3821,146.9,96.6,0.536
108.46,31918.6,34753.8,-0.398,-0.6095,146.9,96.6,0.536
108.48,31826.2,34592.8,-0.8496,-1.0053,146.9,96.6,0.536
108.5,31831.6,34602.2,-0.8233,-0.9822,146.9,96.6,0.536
108.52,31818.2,34604.0,-0.8885,-0.9776,146.9,96.6,0.536
108.54,31716.5,34506.8,-1.3854,-1.2167,146.9,96.6,0.536
108.56,31708.3,34448.0,-1.4256,-1.3612,146.9,96.6,0.536
108.58,31824.5,34435.5,-0.8577,-1.392,146.9,96.6,0.536
108.6,31864.7,34773.5,-0.6612,-0.5611,146.9,96.6,0.536
108.62,32008.6,35039.9,0.0418,0.0939,146.9,96.6,0.536
108.64,32314.9,35430.5,1.5383,1.054,146.9,96.6,0.536
108.66,32374.7,35567.5,1.8305,1.3908,146.9,96.6,0.536
108.68,32230.3,35698.5,1.1248,1.7128,146.9,96.6,0.536
108.7,32276.8,35633.5,1.3524,1.553,146.9,96.6,0.536
108.72,32252.6,35460.1,1.234,1.1268,146.9,96.6,0.536
108.74,32102.5,35214.3,0.5006,0.5227,146.9,96.6,0.536
108.76,32152.3,35211.8,0.7437,0.5165,146.9,96.6,0.536
108.78,32025.4,35070.2,0.1237,0.1683,146.9,96.6,0.536
108.8,32044.0,34950.9,0.2148,-0.125,146.9,96.6,0.536
108.82,31993.5,34899.6,-0.032,-0.2511,146.9,96.6,0.536
108.84,31979.2,34785.0,-0.1018,-0.5327,146.9,96.6,0.536
108.86,31898.3,34710.6,-0.4973,-0.7156,146.9,96.6,0.536
108.88,31744.5,34744.1,-1.2487,-0.6334,146.9,96.6,0.536
108.9,31737.6,34640.4,-1.2823,-0.8883,146.9,96.6,0.536
108.92,31853.0,34715.7,-0.7186,-0.7032,146.9,96.6,0.536
108.94,31737.6,34531.2,-1.2821,-1.1566,146.9,96.6,0.536
108.96,31704.0,34353.6,-1.4465,-1.5932,146.9,96.6,0.536
108.98,31600.8,34501.2,-1.9509,-1.2305,146.9,96.6,0.536
109.0,31859.2,34556.7,-0.6883,-1.094,146.9,96.6,0.536
109.02,31872.2,34891.1,-0.6245,-0.2719,146.9,96.6,0.536
109.04,32164.1,35291.3,0.8017,0.7118,146.9,96.6,0.536
109.06,32252.9,35556.9,1.2356,1.3647,146.9,96.6,0.536
109.08,32442.9,35725.0,2.1638,1.7781,146.9,96.6,0.536
109.1,32329.7,35777.5,1.6105,1.907,146.9,96.6,0.536
109.12,32210.7,35502.9,1.0293,1.2321,146.9,96.6,0.536
109.14,32096.9,35329.4,0.4731,0.8054,146.9,96.6,0.536
109.16,32048.0,35154.4,0.2343,0.3753,146.9,96.6,0.536
109.18,32056.0,35099.6,0.2732,0.2407,146.9,96.6,0.536
109.2,31997.6,35109.4,-0.0121,0.2648,146.9,96.6,0.536
109.22,32045.3,35035.0,0.2213,0.0819,146.9,96.6,0.536
109.24,31922.6,34868.6,-0.3784,-0.3272,146.9,96.6,0.536
109.26,31896.0,34824.8,-0.5084,-0.4349,146.9,96.6,0.536
109.28,31861.7,34671.8,-0.676,-0.8111,146.9,96.6,0.536
109.3,31945.3,34718.0,-0.2674,-0.6975,146.9,96.6,0.536
109.32,31732.1,34667.7,-1.309,-0.8212,146.9,96.6,0.536
109.34,31818.0,34653.5,-0.8894,-0.856,146.9,96.6,0.536
109.36,31799.9,34464.9,-0.9778,-1.3197,146.9,96.6,0.536
109.38,31732.0,34405.5,-1.3099,-1.4657,146.9,96.6,0.536
109.4,31734.6,34567.1,-1.2968,-1.0684,146.9,96.6,0.536
109.42,31849.5,34846.9,-0.7357,-0.3806,146.9,96.6,0.536
109.44,32036.8,35023.7,0.1795,0.0541,146.9,96.6,0.536
109.46,32256.3,35428.4,1.2521,1.049,146.9,96.6,0.536
109.48,32335.9,35675.6,1.6407,1.6565,146.9,96.6,0.536
109.5,32332.8,35760.6,1.6256,1.8656,146.9,96.6,0.536
109.52,32314.6,35621.7,1.5371,1.524,146.9,96.6,0.536
109.54,32205.3,35427.8,1.0029,1.0474,146.9,96.6,0.536
109.56,32037.9,35132.4,0.185,0.3213,146.9,96.6,0.536
109.58,32114.9,35231.4,0.5609,0.5647,146.9,96.6,0.536
109.6,32082.1,35025.0,0.4008,0.0571,146.9,96.6,0.536
109.62,31956.6,35021.3,-0.2125,0.0482,146.9,96.6,0.536
109.64,31938.3,34970.5,-0.3018,-0.0769,146.9,96.6,0.536
109.66,31911.8,34858.4,-0.431,-0.3523,146.9,96.6,0.536
109.68,31873.7,34700.1,-0.6172,-0.7414,146.9,96.6,0.536
109.7,31731.7,34682.5,-1.3113,-0.7849,146.9,96.6,0.536
109.72,31828.9,34586.4,-0.8361,-1.021,146.9,96.6,0.536
109.74,31881.3,34687.5,-0.5802,-0.7725,146.9,96.6,0.536
109.76,31691.4,34591.1,-1.5081,-1.0096,146.9,96.6,0.536
109.78,31693.3,34562.4,-1.4986,-1.08,146.9,96.6,0.536
109.8,31662.7,34587.7,-1.6482,-1.0177,146.9,96.6,0.536
109.82,31839.8,34549.9,-0.7829,-1.1108,146.9,96.6,0.536
109.84,31875.3,34916.4,-0.6097,-0.2098,146.9,96.6,0.536
109.86,32117.1,35336.7,0.5719,0.8236,146.9,96.6,0.536
109.88,32244.2,35631.4,1.1928,1.548,146.9,96.6,0.536
109.9,32276.9,35829.4,1.3528,2.0348,146.9,96.6,0.536
109.92,32339.4,35683.1,1.6581,1.6751,146.9,96.6,0.536
109.94,32295.2,35531.7,1.442,1.3029,146.9,96.6,0.536
109.96,32162.2,35302.2,0.7923,0.7387,146.9,96.6,0.536
109.98,32087.7,35026.2,0.4285,0.06,146.9,96.6,0.536
110.0,32106.3,35063.8,0.519,0.1525,146.9,96.6,0.536
110.02,31983.2,35032.8,-0.0825,0.0763,146.9,96.6,0.536
110.04,32001.1,34983.0,0.0054,-0.0461,146.9,96.6,0.536
110.06,31867.5,34883.2,-0.6478,-0.2914,146.9,96.6,0.536
110.08,31839.8,34693.6,-0.7829,-0.7575,146.9,96.6,0.536
110.1,31786.5,34688.9,-1.0436,-0.7691,146.9,96.6,0.536
110.12,31790.2,34600.8,-1.0253,-0.9856,146.9,96.6,0.536
110.14,31812.9,34660.6,-0.9145,-0.8386,146.9,96.6,0.536
110.16,31786.2,34566.3,-1.0451,-1.0704,146.9,96.6,0.536
110.18,31735.0,34444.1,-1.2952,-1.3708,146.9,96.6,0.536
110.2,31778.1,34421.4,-1.0843,-1.4267,146.9,96.6,0.536
110.22,31728.4,34599.0,-1.3272,-0.99,146.9,96.6,0.536
110.24,31869.6,34789.6,-0.6375,-0.5216,146.9,96.6,0.536
110.26,32064.2,35184.9,0.3135,0.4504,146.9,96.6,0.536
110.28,32263.5,35578.3,1.2874,1.4173,146.9,96.6,0.536
110.3,32363.9,35717.1,1.7776,1.7586,146.9,96.6,0.536
110.32,32359.0,35745.4,1.7537,1.8282,146.9,96.6,0.536
110.34,32343.4,35715.8,1.6776,1.7553,146.9,96.6,0.536
110.36,32223.9,35337.9,1.0936,0.8263,146.9,96.6,0.536
110.38,32041.8,35228.1,0.2041,0.5565,146.9,96.6,0.536
110.4,31967.4,35264.8,-0.1594,0.6467,146.9,96.6,0.536
110.42,32011.7,35060.3,0.0567,0.144,146.9,96.6,0.536
110.44,32009.1,35076.9,0.044,0.1847,146.9,96.6,0.536
110.46,31906.2,34875.2,-0.4585,-0.3111,146.9,96.6,0.536
110.48,31869.1,34749.7,-0.64,-0.6196,146.9,96.6,0.536
110.5,31876.0,34669.6,-0.6059,-0.8165,146.9,96.6,0.536
110.52,31849.4,34686.2,-0.7358,-0.7757,146.9,96.6,0.536
110.54,31867.1,34710.5,-0.6497,-0.7159,146.9,96.6,0.536
110.56,31866.2,34664.4,-0.6542,-0.8293,146.9,96.6,0.536
110.58,31844.7,34501.3,-0.7588,-1.2301,146.9,96.6,0.536
110.6,31777.1,34536.5,-1.0892,-1.1438,146.9,96.6,0.536
110.62,31729.0,34462.3,-1.3244,-1.326,146.9,96.6,0.536
110.64,31818.4,34671.7,-0.8876,-0.8114,146.9,96.6,0.536
110.66,31989.8,34962.8,-0.05,-0.0956,146.9,96.6,0.536
110.68,32121.0,35401.6,0.591,0.9829,146.9,96.6,0.536
110.7,32342.6,35653.5,1.6739,1.6023,146.9,96.6,0.536
110.72,32305.9,35754.7,1.4942,1.8511,146.9,96.6,0.536
110.74,32277.2,35650.6,1.3542,1.5952,146.9,96.6,0.536
110.76,32272.1,35580.2,1.3291,1.4221,146.9,96.6,0.536
110.78,32137.0,35355.4,0.6691,0.8695,146.9,96.6,0.536
110.8,32049.4,35030.9,0.2411,0.0718,146.9,96.6,0.536
110.82,32007.0,35133.5,0.0339,0.324,146.9,96.6,0.536
110.84,32033.3,35022.7,0.1625,0.0516,146.9,96.6,0.536
110.86,31969.6,34959.6,-0.1489,-0.1036,146.9,96.6,0.536
110.88,31876.8,34845.9,-0.6023,-0.3831,146.9,96.6,0.536
110.9,31891.8,34747.4,-0.529,-0.6252,146.9,96.6,0.536
110.92,31895.1,34628.8,-0.513,-0.9167,146.9,96.6,0.536
110.94,31796.3,34628.2,-0.9953,-0.9181,146.9,96.6,0.536
110.96,31875.7,34631.1,-0.6075,-0.9113,146.9,96.6,0.536
110.98,31754.3,34622.2,-1.2009,-0.933,146.9,96.6,0.536
111.0,31697.9,34428.9,-1.4765,-1.4082,146.9,96.6,0.536
111.02,31632.3,34528.6,-1.797,-1.1631,146.9,96.6,0.536
111.04,31780.7,34561.1,-1.0718,-1.0833,146.9,96.6,0.536
111.06,31850.9,34880.1,-0.7287,-0.2989,146.9,96.6,0.536
111.08,32075.8,35235.7,0.3699,0.5751,146.9,96.6,0.536
111.1,32267.3,35535.2,1.3055,1.3113,146.9,96.6,0.536
111.12,32351.5,35682.4,1.7172,1.6732,146.9,96.6,0.536
111.14,32327.8,35717.6,1.6012,1.7597,146.9,96.6,0.536
111.16,32252.9,35536.8,1.2356,1.3153,146.9,96.6,0.536
111.18,32129.5,35304.7,0.6323,0.7449,146.9,96.6,0.536
111.2,32123.8,35163.2,0.6049,0.397,146.9,96.6,0.536
111.22,31989.3,35134.2,-0.0526,0.3255,146.9,96.6,0.536
111.24,32094.7,34972.6,0.4625,-0.0715,146.9,96.6,0.536
111.26,31974.0,35041.7,-0.1275,0.0983,146.9,96.6,0.536
111.28,31870.0,34902.7,-0.6354,-0.2434,146.9,96.6,0.536
111.3,31899.3,34801.4,-0.4924,-0.4924,146.9,96.6,0.536
111.32,31772.7,34793.0,-1.1108,-0.5131,146.9,96.6,0.536
111.34,31848.0,34772.6,-0.7427,-0.5633,146.9,96.6,0.536
111.36,31830.4,34579.4,-0.8287,-1.0382,146.9,96.6,0.536
111.38,31876.7,34624.1,-0.6029,-0.9283,146.9,96.6,0.536
111.4,31731.2,34511.8,-1.3136,-1.2045,146.9,96.6,0.536
111.42,31786.3,34425.8,-1.0444,-1.4157,146.9,96.6,0.536
111.44,31811.4,34416.4,-0.9219,-1.4389,146.9,96.6,0.536
111.46,31944.5,34798.4,-0.2716,-0.4997,146.9,96.6,0.536
111.48,32106.8,35079.1,0.5213,0.1902,146.9,96.6,0.536
111.5,32173.4,35442.0,0.847,1.0823,146.9,96.6,0.536
111.52,32432.0,35673.1,2.1107,1.6503,146.9,96.6,0.536
111.54,32419.9,35735.2,2.0514,1.803,146.9,96.6,0.536
111.56,32427.0,35629.0,2.0858,1.542,146.9,96.6,0.536
111.58,32252.0,35398.0,1.2312,0.9742,146.9,96.6,0.536
111.6,32129.8,35218.9,0.634,0.5339,146.9,96.6,0.536
111.62,31975.4,35134.9,-0.1206,0.3274,146.9,96.6,0.536
111.64,32005.6,35102.1,0.0272,0.2467,146.9,96.6,0.536
111.66,32104.7,35022.6,0.5115,0.0512,146.9,96.6,0.536
111.68,31868.8,34986.1,-0.6415,-0.0385,146.9,96.6,0.536
111.7,31959.3,34822.9,-0.1989,-0.4396,146.9,96.6,0.536
111.72,31883.8,34722.9,-0.5682,-0.6856,146.9,96.6,0.536
111.74,31845.8,34644.4,-0.7535,-0.8783,146.9,96.6,0.536
111.76,31845.7,34637.2,-0.7541,-0.896,146.9,96.6,0.536
111.78,31831.1,34713.9,-0.8256,-0.7076,146.9,96.6,0.536
111.8,31785.2,34621.5,-1.0498,-0.9346,146.9,96.6,0.536
111.82,31700.5,34422.4,-1.4634,-1.4241,146.9,96.6,0.536
111.84,31754.8,34465.9,-1.1985,-1.3172,146.9,96.6,0.536
111.86,31821.9,34526.0,-0.8706,-1.1696,146.9,96.6,0.536
111.88,31971.7,34828.9,-0.1385,-0.4248,146.9,96.6,0.536
111.9,32144.1,35324.3,0.704,0.7931,146.9,96.6,0.536
111.92,32296.8,35617.0,1.4498,1.5125,146.9,96.6,0.536
111.94,32336.8,35773.7,1.6453,1.8976,146.9,96.6,0.536
111.96,32317.6,35669.8,1.5516,1.6423,146.9,96.6,0.536
111.98,32296.8,35586.3,1.45,1.437,146.9,96.6,0.536
112.0,32181.3,35369.5,0.8858,0.9041,146.9,96.6,0.536
112.02,32178.0,35151.9,0.8692,0.3691,146.9,96.6,0.536
112.04,32069.3,35057.8,0.3381,0.1379,146.9,96.6,0.536
112.06,31978.6,34976.6,-0.1047,-0.0617,146.9,96.6,0.536
112.08,31993.1,34955.5,-0.0342,-0.1137,146.9,96.6,0.536
112.1,31967.5,34859.4,-0.159,-0.35,146.9,96.6,0.536
112.12,31934.3,34820.9,-0.3211,-0.4446,146.9,96.6,0.536
112.14,31875.3,34697.9,-0.6096,-0.747,146.9,96.6,0.536
112.16,31914.7,34655.2,-0.4168,-0.8518,146.9,96.6,0.536
112.18,31841.1,34598.7,-0.7766,-0.9908,146.9,96.6,0.536
112.2,31765.3,34578.3,-1.1469,-1.041,146.9,96.6,0.536
112.22,31737.4,34452.4,-1.2831,-1.3504,146.9,96.6,0.536
112.24,31833.7,34448.5,-0.813,-1.3601,146.9,96.6,0.536
112.26,31754.0,34515.5,-1.2024,-1.1953,146.9,96.6,0.536
112.28,31898.3,34784.1,-0.4973,-0.535,146.9,96.6,0.536
112.3,31991.9,35121.1,-0.04,0.2933,146.9,96.6,0.536
112.32,32245.1,35383.9,1.1975,0.9394,146.9,96.6,0.536
112.34,32344.4,35714.7,1.6826,1.7526,146.9,96.6,0.536
112.36,32386.6,35694.5,1.8885,1.7031,146.9,96.6,0.536
112.38,32256.9,35620.4,1.255,1.5209,146.9,96.6,0.536
112.4,32266.8,35420.9,1.3032,1.0305,146.9,96.6,0.536
112.42,32244.0,35265.7,1.192,0.649,146.9,96.6,0.536
112.44,32041.6,35110.9,0.2029,0.2684,146.9,96.6,0.536
112.46,32045.5,35120.4,0.2219,0.2917,146.9,96.6,0.536
112.48,32041.5,35010.2,0.2024,0.0208,146.9,96.6,0.536
112.5,31953.3,34980.0,-0.2286,-0.0535,146.9,96.6,0.536
112.52,31833.4,34805.5,-0.8145,-0.4825,146.9,96.6,0.536
112.54,31910.5,34710.3,-0.4374,-0.7164,146.9,96.6,0.536
112.56,31926.7,34710.7,-0.3584,-0.7155,146.9,96.6,0.536
112.58,31893.6,34665.3,-0.5203,-0.8271,146.9,96.6,0.536
112.6,31819.7,34611.5,-0.881,-0.9593,146.9,96.6,0.536
112.62,31795.7,34577.8,-0.9986,-1.0421,146.9,96.6,0.536
112.64,31717.8,34510.3,-1.3791,-1.2081,146.9,96.6,0.536
112.66,31725.5,34437.6,-1.3413,-1.3869,146.9,96.6,0.536
112.68,31793.5,34660.2,-1.0091,-0.8395,146.9,96.6,0.536
112.7,31933.7,35006.5,-0.3241,0.0116,146.9,96.6,0.536
112.72,32172.9,35375.7,0.8447,0.9194,146.9,96.6,0.536
112.74,32331.4,35694.7,1.6189,1.7036,146.9,96.6,0.536
112.76,32320.6,35769.0,1.566,1.8861,146.9,96.6,0.536
112.78,32276.2,35799.2,1.3492,1.9603,146.9,96.6,0.536
112.8,32206.0,35546.7,1.0063,1.3398,146.9,96.6,0.536
112.82,32098.1,35274.2,0.4789,0.6697,146.9,96.6,0.536
112.84,32034.7,35195.9,0.1691,0.4773,146.9,96.6,0.536
112.86,31985.9,35126.9,-0.0694,0.3078,146.9,96.6,0.536
112.88,32048.2,34952.6,0.2354,-0.1208,146.9,96.6,0.536
112.9,32031.3,35028.4,0.1527,0.0657,146.9,96.6,0.536
112.92,31917.5,34906.6,-0.4035,-0.2339,146.9,96.6,0.536
112.94,31866.7,34685.8,-0.6514,-0.7768,146.9,96.6,0.536
112.96,31797.7,34676.1,-0.9887,-0.8006,146.9,96.6,0.536
112.98,31913.2,34697.8,-0.4241,-0.7471,146.9,96.6,0.536
113.0,31854.3,34614.6,-0.7123,-0.9516,146.9,96.6,0.536
113.02,31785.5,34607.6,-1.0484,-0.9689,146.9,96.6,0.536
113.04,31726.1,34524.0,-1.3386,-1.1744,146.9,96.6,0.536
113.06,31774.4,34445.2,-1.1025,-1.3682,146.9,96.6,0.536
113.08,31812.4,34533.6,-0.9169,-1.1508,146.9,96.6,0.536
113.1,31912.7,34843.9,-0.4268,-0.3881,146.9,96.6,0.536
113.12,32137.9,35165.7,0.6736,0.403,146.9,96.6,0.536
113.14,32242.5,35654.6,1.1848,1.6048,146.9,96.6,0.536
113.16,32268.6,35737.2,1.312,1.8081,146.9,96.6,0.536
113.18,32344.7,35836.8,1.6841,2.0528,146.9,96.6,0.536
113.2,32338.6,35566.1,1.6542,1.3875,146.9,96.6,0.536
113.22,32110.1,35396.2,0.5379,0.9698,146.9,96.6,0.536
113.24,32066.3,35190.9,0.3235,0.4649,146.9,96.6,0.536
113.26,32122.0,35086.3,0.596,0.2079,146.9,96.6,0.536
113.28,32111.5,35108.3,0.5447,0.262,146.9,96.6,0.536
113.3,32007.8,34969.5,0.0378,-0.0792,146.9,96.6,0.536
113.32,31918.8,34831.6,-0.397,-0.4181,146.9,96.6,0.536
113.34,31856.6,34754.1,-0.7009,-0.6087,146.9,96.6,0.536
113.36,31953.7,34787.1,-0.2267,-0.5276,146.9,96.6,0.536
113.38,31784.6,34600.5,-1.0527,-0.9864,146.9,96.6,0.536
113.4,31818.9,34712.8,-0.885,-0.7103,146.9,96.6,0.536
113.42,31851.8,34589.6,-0.7241,-1.0131,146.9,96.6,0.536
113.44,31802.1,34538.2,-0.9672,-1.1395,146.9,96.6,0.536
113.46,31742.1,34484.7,-1.2605,-1.271,146.9,96.6,0.536
113.48,31750.4,34550.2,-1.22,-1.1099,146.9,96.6,0.536
113.5,31790.4,34730.2,-1.0246,-0.6676,146.9,96.6,0.536
113.52,31967.9,34993.2,-0.1571,-0.0211,146.9,96.6,0.536
113.54,32106.1,35321.1,0.518,0.7851,146.9,96.6,0.536
113.56,32278.6,35706.1,1.3612,1.7315,146.9,96.6,0.536
113.58,32352.1,35703.1,1.7199,1.7241,146.9,96.6,0.536
113.6,32305.0,35609.3,1.4898,1.4936,146.9,96.6,0.536
113.62,32182.2,35447.5,0.8901,1.0958,146.9,96.6,0.536
113.64,32067.3,35244.5,0.3284,0.5967,146.9,96.6,0.536
113.66,32043.4,35186.7,0.2118,0.4546,146.9,96.6,0.536
113.68,32022.6,35116.1,0.1104,0.2812,146.9,96.6,0.536
113.7,32073.9,35112.9,0.3606,0.2734,146.9,96.6,0.536
113.72,31994.3,34819.9,-0.028,-0.447,146.9,96.6,0.536
113.74,31940.8,34909.5,-0.2893,-0.2268,146.9,96.6,0.536
113.76,31773.4,34810.3,-1.1077,-0.4707,146.9,96.6,0.536
113.78,31922.7,34756.2,-0.3777,-0.6036,146.9,96.6,0.536
113.8,31864.2,34733.3,-0.6638,-0.6598,146.9,96.6,0.536
113.82,31821.2,34582.8,-0.8738,-1.0299,146.9,96.6,0.536
113.84,31818.7,34497.6,-0.886,-1.2392,146.9,96.6,0.536
113.86,31773.7,34462.3,-1.1058,-1.326,146.9,96.6,0.536
113.88,31668.2,34456.7,-1.6214,-1.3399,146.9,96.6,0.536
113.9,31754.5,34506.5,-1.1999,-1.2175,146.9,96.6,0.536
113.92,31800.6,34845.2,-0.9746,-0.3849,146.9,96.6,0.536
113.94,32152.6,35201.9,0.7451,0.4921,146.9,96.6,0.536
113.96,32279.6,35563.6,1.3659,1.3813,146.9,96.6,0.536
113.98,32386.5,35776.8,1.888,1.9054,146.9,96.6,0.536
114.0,32417.8,35688.8,2.0412,1.6891,146.9,96.6,0.536
114.02,32214.0,35544.4,1.0455,1.3341,146.9,96.6,0.536
114.04,32200.6,35289.1,0.9797,0.7064,146.9,96.6,0.536
114.06,32028.8,35232.7,0.1404,0.5679,146.9,96.6,0.536
114.08,32118.2,35032.8,0.5771,0.0764,146.9,96.6,0.536
114.1,32091.7,35017.4,0.4479,0.0386,146.9,96.6,0.536
114.12,32035.2,34902.2,0.1716,-0.2446,146.9,96.6,0.536
114.14,31847.7,34898.2,-0.7446,-0.2545,146.9,96.6,0.536
114.16,31814.3,34725.3,-0.9076,-0.6797,146.9,96.6,0.536
114.18,31890.7,34747.2,-0.5344,-0.6256,146.9,96.6,0.536
114.2,31820.9,34639.0,-0.8754,-0.8917,146.9,96.6,0.536
114.22,31734.7,34657.2,-1.2965,-0.8469,146.9,96.6,0.536
114.24,31734.8,34579.1,-1.2961,-1.0389,146.9,96.6,0.536
114.26,31792.9,34430.5,-1.0122,-1.4042,146.9,96.6,0.536
114.28,31685.1,34434.2,-1.5391,-1.3953,146.9,96.6,0.536
114.3,31692.8,34575.5,-1.5014,-1.0477,146.9,96.6,0.536
114.32,31864.4,34713.6,-0.6628,-0.7083,146.9,96.6,0.536
114.34,32009.8,35066.2,0.0476,0.1585,146.9,96.6,0.536
114.36,32210.7,35527.7,1.0291,1.293,146.9,96.6,0.536
114.38,32317.8,35707.6,1.5527,1.7353,146.9,96.6,0.536
114.4,32437.0,35706.0,2.1349,1.7313,146.9,96.6,0.536
114.42,32256.8,35613.0,1.2546,1.5028,146.9,96.6,0.536
114.44,32253.3,35420.1,1.2376,1.0285,146.9,96.6,0.536
114.46,32145.4,35272.8,0.7104,0.6665,146.9,96.6,0.536
114.48,32042.9,35080.6,0.2092,0.1938,146.9,96.6,0.536
114.5,31947.1,35009.0,-0.2589,0.0179,146.9,96.6,0.536
114.52,31972.5,34924.9,-0.1346,-0.189,146.9,96.6,0.536
114.54,31992.6,34908.6,-0.0364,-0.2288,146.9,96.6,0.536
114.56,31905.2,34919.3,-0.4636,-0.2026,146.9,96.6,0.536
114.58,31868.3,34707.1,-0.6439,-0.7244,146.9,96.6,0.536
114.6,31840.3,34727.1,-0.7807,-0.6751,146.9,96.6,0.536
114.62,31856.1,34676.7,-0.7036,-0.7991,146.9,96.6,0.536
114.64,31885.3,34609.7,-0.5606,-0.9637,146.9,96.6,0.536
114.66,31871.6,34573.4,-0.6275,-1.0529,146.9,96.6,0.536
114.68,31793.7,34506.2,-1.0082,-1.2183,146.9,96.6,0.536
114.7,31746.0,34495.5,-1.2412,-1.2444,146.9,96.6,0.536
114.72,31863.4,34626.7,-0.6678,-0.922,146.9,96.6,0.536
114.74,31924.2,34944.0,-0.3708,-0.142,146.9,96.6,0.536
114.76,32191.6,35332.6,0.9358,0.8134,146.9,96.6,0.536
114.78,32355.1,35600.3,1.735,1.4714,146.9,96.6,0.536
114.8,32433.6,35806.6,2.1184,1.9786,146.9,96.6,0.536
114.82,32310.7,35673.6,1.5178,1.6517,146.9,96.6,0.536
114.84,32270.7,35553.7,1.3223,1.357,146.9,96.6,0.536
114.86,32137.2,35267.4,0.6701,0.653,146.9,96.6,0.536
114.88,32099.1,35011.5,0.4839,0.024,146.9,96.6,0.536
114.9,32126.5,35031.8,0.618,0.0739,146.9,96.6,0.536
114.92,32058.1,35080.2,0.2837,0.193,146.9,96.6,0.536
114.94,32022.8,34916.1,0.111,-0.2105,146.9,96.6,0.536
114.96,31829.3,34767.8,-0.8345,-0.575,146.9,96.6,0.536
114.98,31863.2,34707.7,-0.6686,-0.7229,146.9,96.6,0.536
115.0,31827.1,34746.0,-0.845,-0.6288,146.9,96.6,0.536
115.02,31799.7,34771.7,-0.9788,-0.5656,146.9,96.6,0.536
115.04,31823.7,34605.7,-0.8614,-0.9735,146.9,96.6,0.536
115.06,31867.4,34615.5,-0.648,-0.9495,146.9,96.6,0.536
115.08,31667.3,34401.4,-1.6256,-1.4758,146.9,96.6,0.536
115.1,31706.3,34438.9,-1.4354,-1.3837,146.9,96.6,0.536
115.12,31837.1,34555.1,-0.7962,-1.0979,146.9,96.6,0.536
115.14,31948.4,34809.3,-0.2525,-0.4729,146.9,96.6,0.536
115.16,31956.6,35180.1,-0.2125,0.4386,146.9,96.6,0.536
115.18,32243.9,35487.9,1.1913,1.1952,146.9,96.6,0.536
115.2,32364.0,35723.8,1.7782,1.7751,146.9,96.6,0.536
115.22,32398.5,35811.8,1.9468,1.9915,146.9,96.6,0.536
115.24,32277.6,35479.2,1.356,1.1737,146.9,96.6,0.536
115.26,32229.3,35399.0,1.1203,0.9766,146.9,96.6,0.536
115.28,32151.3,35176.3,0.7392,0.4291,146.9,96.6,0.536
115.3,32116.3,35177.8,0.568,0.4329,146.9,96.6,0.536
115.32,32083.0,35022.9,0.4052,0.052,146.9,96.6,0.536
115.34,32059.7,35014.0,0.2913,0.0302,146.9,96.6,0.536
115.36,32012.7,34987.6,0.0618,-0.0346,146.9,96.6,0.536
115.38,31905.3,34771.2,-0.463,-0.5668,146.9,96.6,0.536
115.4,31897.9,34749.7,-0.4991,-0.6197,146.9,96.6,0.536
115.42,31844.4,34633.7,-0.7605,-0.9048,146.9,96.6,0.536
115.44,31871.6,34679.5,-0.6275,-0.7923,146.9,96.6,0.536
115.46,31832.4,34650.6,-0.8193,-0.8632,146.9,96.6,0.536
115.48,31765.7,34538.9,-1.1452,-1.1378,146.9,96.6,0.536
115.5,31787.6,34450.8,-1.0379,-1.3544,146.9,96.6,0.536
115.52,31848.0,34332.3,-0.7429,-1.6458,146.9,96.6,0.536
115.54,31793.6,34642.6,-1.0086,-0.8829,146.9,96.6,0.536
115.56,32013.9,35034.7,0.0678,0.081,146.9,96.6,0.536
115.58,32166.6,35453.8,0.8138,1.1112,146.9,96.6,0.536
115.6,32314.7,35540.7,1.5372,1.3249,146.9,96.6,0.536
115.62,32436.7,35704.5,2.1334,1.7277,146.9,96.6,0.536
115.64,32309.0,35714.5,1.5097,1.7523,146.9,96.6,0.536
115.66,32174.5,35536.5,0.8525,1.3145,146.9,96.6,0.536
115.68,32170.2,35264.9,0.8316,0.6469,146.9,96.6,0.536
115.7,32074.5,35172.1,0.3636,0.4189,146.9,96.6,0.536
115.72,32149.2,35161.4,0.7286,0.3925,146.9,96.6,0.536
115.74,32064.5,35072.7,0.3148,0.1744,146.9,96.6,0.536
115.76,31994.6,34963.8,-0.0265,-0.0932,146.9,96.6,0.536
115.78,31907.8,34822.1,-0.4508,-0.4415,146.9,96.6,0.536
115.8,31853.3,34757.1,-0.7172,-0.6015,146.9,96.6,0.536
115.82,31818.1,34631.6,-0.8892,-0.9099,146.9,96.6,0.536
115.84,31899.8,34643.7,-0.4899,-0.88,146.9,96.6,0.536
115.86,31786.9,34579.3,-1.0412,-1.0386,146.9,96.6,0.536
115.88,31836.4,34561.3,-0.7998,-1.0826,146.9,96.6,0.536
115.9,31784.0,34469.6,-1.0557,-1.3083,146.9,96.6,0.536
115.92,31766.0,34315.9,-1.1438,-1.6859,146.9,96.6,0.536
115.94,31840.8,34661.6,-0.778,-0.8361,146.9,96.6,0.536
115.96,31918.8,34846.6,-0.3969,-0.3814,146.9,96.6,0.536
115.98,32192.9,35304.9,0.942,0.7452,146.9,96.6,0.536
116.0,32346.1,35530.0,1.6909,1.2987,146.9,96.6,0.536
116.02,32365.5,35742.4,1.7855,1.8208,146.9,96.6,0.536
116.04,32357.1,35729.0,1.7443,1.7878,146.9,96.6,0.536
116.06,32283.9,35544.6,1.3871,1.3345,146.9,96.6,0.536
116.08,32220.3,35370.2,1.0761,0.9058,146.9,96.6,0.536
116.1,32051.9,35232.9,0.2533,0.5682,146.9,96.6,0.536
116.12,32053.1,35061.9,0.2591,0.1478,146.9,96.6,0.536
116.14,32035.8,35099.5,0.1745,0.2402,146.9,96.6,0.536
116.16,31929.0,35049.1,-0.3473,0.1164,146.9,96.6,0.536
116.18,31988.7,34870.2,-0.0556,-0.3233,146.9,96.6,0.536
116.2,31840.5,34832.2,-0.7797,-0.4167,146.9,96.6,0.536
116.22,31893.8,34751.2,-0.519,-0.6159,146.9,96.6,0.536
116.24,31847.1,34718.6,-0.7471,-0.6961,146.9,96.6,0.536
116.26,31802.5,34712.0,-0.9653,-0.7123,146.9,96.6,0.536
116.28,31746.8,34602.4,-1.2375,-0.9816,146.9,96.6,0.536
116.3,31718.8,34555.1,-1.3744,-1.0979,146.9,96.6,0.536
116.32,31762.0,34487.7,-1.163,-1.2636,146.9,96.6,0.536
116.34,31785.5,34407.2,-1.0485,-1.4616,146.9,96.6,0.536
116.36,31896.2,34755.5,-0.5075,-0.6053,146.9,96.6,0.536
116.38,31989.6,35069.5,-0.0508,0.1666,146.9,96.6,0.536
116.4,32166.4,35341.6,0.813,0.8355,146.9,96.6,0.536
116.42,32316.5,35634.2,1.5461,1.5548,146.9,96.6,0.536
116.44,32406.0,35852.6,1.9832,2.0917,146.9,96.6,0.536
116.46,32404.4,35604.6,1.9756,1.4821,146.9,96.6,0.536
116.48,32185.2,35409.1,0.9045,1.0015,146.9,96.6,0.536
116.5,32108.1,35249.7,0.5281,0.6095,146.9,96.6,0.536
116.52,32162.0,35144.1,0.7912,0.35,146.9,96.6,0.536
116.54,32087.2,35057.6,0.4258,0.1373,146.9,96.6,0.536
116.56,31989.2,34999.0,-0.0532,-0.0067,146.9,96.6,0.536
116.58,31916.6,34949.8,-0.4078,-0.1276,146.9,96.6,0.536
116.6,31893.3,34835.1,-0.5218,-0.4097,146.9,96.6,0.536
116.62,31855.5,34707.0,-0.7063,-0.7245,146.9,96.6,0.536
116.64,31827.2,34695.7,-0.8446,-0.7523,146.9,96.6,0.536
116.66,31832.5,34673.2,-0.8188,-0.8076,146.9,96.6,0.536
116.68,31839.9,34541.2,-0.7825,-1.132,146.9,96.6,0.536
116.7,31809.2,34497.8,-0.9324,-1.2389,146.9,96.6,0.536
116.72,31840.9,34433.4,-0.7778,-1.3972,146.9,96.6,0.536
116.74,31785.3,34443.3,-1.0495,-1.3728,146.9,96.6,0.536
116.76,31808.9,34545.6,-0.9341,-1.1214,146.9,96.6,0.536
116.78,31989.4,34944.0,-0.052,-0.1418,146.9,96.6,0.536
116.8,32070.7,35225.3,0.3453,0.5495,146.9,96.6,0.536
116.82,32314.3,35634.1,1.5353,1.5546,146.9,96.6,0.536
116.84,32474.5,35866.1,2.3183,2.1248,146.9,96.6,0.536
116.86,32349.2,35789.4,1.7059,1.9363,146.9,96.6,0.536
116.88,32340.6,35515.1,1.664,1.262,146.9,96.6,0.536
116.9,32131.7,35368.2,0.6433,0.901,146.9,96.6,0.536
116.92,32140.8,35125.0,0.6877,0.3029,146.9,96.6,0.536
116.94,32105.9,35145.4,0.5172,0.3533,146.9,96.6,0.536
116.96,32026.5,34994.0,0.1291,-0.0191,146.9,96.6,0.536
116.98,31924.9,35035.8,-0.367,0.0838,146.9,96.6,0.536
117.0,31859.7,34874.8,-0.6859,-0.3121,146.9,96.6,0.536
117.02,31859.4,34791.5,-0.6873,-0.5169,146.9,96.6,0.536
117.04,31711.9,34717.5,-1.4081,-0.6987,146.9,96.6,0.536
117.06,31904.0,34700.9,-0.4691,-0.7395,146.9,96.6,0.536
117.08,31763.5,34666.7,-1.1559,-0.8236,146.9,96.6,0.536
117.1,31876.4,34510.2,-0.6041,-1.2084,146.9,96.6,0.536
117.12,31824.3,34566.5,-0.8587,-1.0698,146.9,96.6,0.536
117.14,31788.7,34470.2,-1.0327,-1.3066,146.9,96.6,0.536
117.16,31751.9,34422.5,-1.2127,-1.4238,146.9,96.6,0.536
117.18,31977.4,34729.2,-0.1108,-0.67,146.9,96.6,0.536
117.2,32041.9,35054.7,0.2045,0.1302,146.9,96.6,0.536
117.22,32271.6,35468.8,1.3267,1.1481,146.9,96.6,0.536
117.24,32333.6,35680.9,1.6298,1.6697,146.9,96.6,0.536
117.26,32332.8,35701.6,1.6257,1.7204,146.9,96.6,0.536
117.28,32264.8,35708.7,1.2935,1.738,146.9,96.6,0.536
117.3,32197.7,35385.8,0.9658,0.9442,146.9,96.6,0.536
117.32,32140.7,35215.6,0.6874,0.5257,146.9,96.6,0.536
117.34,32116.1,35062.4,0.5669,0.1492,146.9,96.6,0.536
117.36,32012.2,35108.6,0.0593,0.2626,146.9,96.6,0.536
117.38,32115.0,34999.8,0.5618,-0.0049,146.9,96.6,0.536
117.4,31883.3,34944.2,-0.5703,-0.1415,146.9,96.6,0.536
117.42,31841.2,34857.0,-0.7763,-0.3558,146.9,96.6,0.536
117.44,31924.2,34694.7,-0.3705,-0.7547,146.9,96.6,0.536
117.46,31828.1,34707.6,-0.8403,-0.723,146.9,96.6,0.536
117.48,31851.4,34668.8,-0.7264,-0.8184,146.9,96.6,0.536
117.5,31886.4,34628.0,-0.5553,-0.9187,146.9,96.6,0.536
117.52,31745.4,34528.0,-1.244,-1.1646,146.9,96.6,0.536
117.54,31749.6,34462.9,-1.2236,-1.3245,146.9,96.6,0.536
117.56,31730.7,34399.2,-1.3162,-1.4811,146.9,96.6,0.536
117.58,31777.0,34602.1,-1.09,-0.9823,146.9,96.6,0.536
117.6,31976.7,34945.7,-0.114,-0.1377,146.9,96.6,0.536
117.62,32196.8,35283.1,0.9615,0.6917,146.9,96.6,0.536
117.64,32267.5,35698.0,1.3068,1.7116,146.9,96.6,0.536
117.66,32426.9,35749.9,2.0856,1.8392,146.9,96.6,0.536
117.68,32268.2,35775.4,1.3103,1.9019,146.9,96.6,0.536
117.7,32370.9,35570.0,1.812,1.3971,146.9,96.6,0.536
117.72,32182.2,35318.0,0.8899,0.7774,146.9,96.6,0.536
117.74,31948.1,35095.1,-0.2537,0.2294,146.9,96.6,0.536
117.76,32052.7,35093.2,0.2573,0.2249,146.9,96.6,0.536
117.78,32007.2,35084.4,0.035,0.2033,146.9,96.6,0.536
117.8,31973.9,34967.8,-0.1277,-0.0833,146.9,96.6,0.536
117.82,31973.8,34851.0,-0.1282,-0.3704,146.9,96.6,0.536
117.84,31909.7,34826.4,-0.4415,-0.4311,146.9,96.6,0.536
117.86,31869.7,34626.8,-0.6371,-0.9216,146.9,96.6,0.536
117.88,31876.5,34671.1,-0.6036,-0.8129,146.9,96.6,0.536
117.9,31792.4,34640.0,-1.0145,-0.8894,146.9,96.6,0.536
117.92,31827.1,34666.0,-0.8449,-0.8254,146.9,96.6,0.536
117.94,31766.2,34438.6,-1.1428,-1.3842,146.9,96.6,0.536
117.96,31710.5,34452.8,-1.4147,-1.3495,146.9,96.6,0.536
117.98,31763.8,34535.3,-1.1543,-1.1466,146.9,96.6,0.536
118.0,32036.9,34764.2,0.1799,-0.5839,146.9,96.6,0.536
118.02,32131.7,35118.7,0.6433,0.2874,146.9,96.6,0.536
118.04,32208.5,35629.8,1.0183,1.544,146.9,96.6,0.536
118.06,32271.9,35703.0,1.3281,1.7239,146.9,96.6,0.536
118.08,32250.5,35736.5,1.2237,1.8063,146.9,96.6,0.536
118.1,32291.4,35574.8,1.4234,1.4088,146.9,96.6,0.536
118.12,32135.1,35264.0,0.66,0.6448,146.9,96.6,0.536
118.14,32083.3,35189.7,0.4069,0.462,146.9,96.6,0.536
118.16,32053.0,35185.9,0.2585,0.4527,146.9,96.6,0.536
118.18,32062.6,35086.7,0.3055,0.2089,146.9,96.6,0.536
118.2,32013.5,34957.4,0.0657,-0.1091,146.9,96.6,0.536
118.22,31931.2,34860.3,-0.3365,-0.3477,146.9,96.6,0.536
118.24,31933.6,34771.4,-0.3245,-0.5661,146.9,96.6,0.536
118.26,31830.5,34837.7,-0.8285,-0.4032,146.9,96.6,0.536
118.28,31874.4,34717.5,-0.6142,-0.6988,146.9,96.6,0.536
118.3,31775.7,34611.0,-1.096,-0.9605,146.9,96.6,0.536
118.32,31784.1,34613.1,-1.0549,-0.9554,146.9,96.6,0.536
118.34,31823.5,34536.6,-0.8628,-1.1434,146.9,96.6,0.536
118.36,31651.0,34394.9,-1.7052,-1.4917,146.9,96.6,0.536
118.38,31696.6,34544.2,-1.4829,-1.1248,146.9,96.6,0.536
118.4,31813.6,34605.9,-0.9111,-0.9732,146.9,96.6,0.536
118.42,32063.6,35041.1,0.3106,0.0969,146.9,96.6,0.536
118.44,32270.4,35450.4,1.321,1.1029,146.9,96.6,0.536
118.46,32345.4,35708.3,1.6875,1.737,146.9,96.6,0.536
118.48,32355.1,35751.9,1.735,1.8441,146.9,96.6,0.536
118.5,32404.2,35677.6,1.9745,1.6614,146.9,96.6,0.536
118.52,32195.9,35453.6,0.9571,1.1108,146.9,96.6,0.536
118.54,32130.8,35183.2,0.6386,0.4462,146.9,96.6,0.536
118.56,32145.5,35063.1,0.7106,0.151,146.9,96.6,0.536
118.58,32087.2,35089.7,0.4258,0.2162,146.9,96.6,0.536
118.6,31959.2,35101.4,-0.1996,0.245,146.9,96.6,0.536
118.62,31865.0,34850.6,-0.66,-0.3716,146.9,96.6,0.536
118.64,31914.5,34787.5,-0.4181,-0.5268,146.9,96.6,0.536
118.66,31895.5,34701.2,-0.511,-0.7389,146.9,96.6,0.536
118.68,31775.2,34770.0,-1.0985,-0.5697,146.9,96.6,0.536
118.7,31899.4,34680.4,-0.4918,-0.79,146.9,96.6,0.536
118.72,31781.9,34632.1,-1.0659,-0.9086,146.9,96.6,0.536
118.74,31726.1,34603.5,-1.3387,-0.979,146.9,96.6,0.536
118.76,31770.2,34422.6,-1.1231,-1.4237,146.9,96.6,0.536
118.78,31788.7,34506.7,-1.0326,-1.217,146.9,96.6,0.536
118.8,31706.0,34464.7,-1.4369,-1.3201,146.9,96.6,0.536
118.82,31874.3,34771.6,-0.6145,-0.5657,146.9,96.6,0.536
118.84,32139.3,35256.2,0.6802,0.6255,146.9,96.6,0.536
118.86,32191.8,35594.3,0.9371,1.4567,146.9,96.6,0.536
118.88,32362.5,35778.2,1.7709,1.9087,146.9,96.6,0.536
118.9,32375.7,35734.2,1.8355,1.8006,146.9,96.6,0.536
118.92,32169.4,35571.6,0.8272,1.4008,146.9,96.6,0.536
118.94,32116.2,35351.2,0.5673,0.8591,146.9,96.6,0.536
118.96,32111.2,35091.6,0.5429,0.2209,146.9,96.6,0.536
118.98,32006.7,35151.8,0.0323,0.369,146.9,96.6,0.536
119.0,31963.0,34992.7,-0.1808,-0.0222,146.9,96.6,0.536
119.02,31976.2,34961.6,-0.1164,-0.0986,146.9,96.6,0.536
119.04,31925.1,34865.3,-0.366,-0.3354,146.9,96.6,0.536
119.06,31905.5,34849.5,-0.462,-0.3742,146.9,96.6,0.536
119.08,31831.1,34783.9,-0.8255,-0.5355,146.9,96.6,0.536
119.1,31795.4,34686.1,-0.9998,-0.776,146.9,96.6,0.536
119.12,31788.7,34641.5,-1.0328,-0.8856,146.9,96.6,0.536
119.14,31802.5,34631.7,-0.9653,-0.9097,146.9,96.6,0.536
119.16,31739.8,34529.8,-1.2716,-1.1602,146.9,96.6,0.536
119.18,31802.5,34472.5,-0.9651,-1.3011,146.9,96.6,0.536
119.2,31893.6,34478.1,-0.52,-1.2873,146.9,96.6,0.536
119.22,31803.4,34755.4,-0.9606,-0.6055,146.9,96.6,0.536
119.24,32051.3,35075.7,0.2503,0.1818,146.9,96.6,0.536
119.26,32312.5,35408.9,1.5268,1.0009,146.9,96.6,0.536
119.28,32407.8,35725.1,1.9925,1.7782,146.9,96.6,0.536
119.3,32346.3,35687.7,1.6917,1.6864,146.9,96.6,0.536
119.32,32346.7,35545.6,1.6937,1.3371,146.9,96.6,0.536
119.34,32251.1,35453.6,1.2264,1.1108,146.9,96.6,0.536
119.36,32107.7,35242.1,0.526,0.591,146.9,96.6,0.536
119.38,32054.8,35131.0,0.2674,0.3179,146.9,96.6,0.536
119.4,31986.0,35028.3,-0.0686,0.0653,146.9,96.6,0.536
119.42,32020.9,35049.9,0.1021,0.1184,146.9,96.6,0.536
119.44,31973.4,34993.3,-0.1304,-0.0206,146.9,96.6,0.536
119.46,31877.6,34752.6,-0.5983,-0.6124,146.9,96.6,0.536
119.48,31821.1,34720.1,-0.8743,-0.6923,146.9,96.6,0.536
119.5,31926.0,34657.2,-0.3616,-0.8469,146.9,96.6,0.536
119.52,31902.2,34608.6,-0.478,-0.9664,146.9,96.6,0.536
119.54,31802.0,34587.7,-0.9677,-1.0178,146.9,96.6,0.536
119.56,31754.4,34626.1,-1.2001,-0.9235,146.9,96.6,0.536
119.58,31756.1,34459.5,-1.1919,-1.3329,146.9,96.6,0.536
119.6,31731.5,34485.0,-1.312,-1.2702,146.9,96.6,0.536
119.62,31847.4,34548.4,-0.7458,-1.1145,146.9,96.6,0.536
119.64,31974.2,34844.2,-0.1262,-0.3872,146.9,96.6,0.536
119.66,32157.4,35413.1,0.7689,1.0113,146.9,96.6,0.536
119.68,32367.7,35561.5,1.7965,1.376,146.9,96.6,0.536
119.7,32306.9,35779.9,1.499,1.9131,146.9,96.6,0.536
119.72,32305.1,35660.2,1.4904,1.6188,146.9,96.6,0.536
119.74,32170.0,35560.8,0.8302,1.3744,146.9,96.6,0.536
119.76,32211.6,35341.2,1.0336,0.8345,146.9,96.6,0.536
119.78,32151.6,35223.2,0.7405,0.5445,146.9,96.6,0.536
119.8,31998.3,35135.8,-0.0086,0.3295,146.9,96.6,0.536
119.82,32055.3,35047.0,0.2698,0.1112,146.9,96.6,0.536
119.84,31966.9,35001.9,-0.1622,0.0004,146.9,96.6,0.536
119.86,31920.4,34981.9,-0.3892,-0.0486,146.9,96.6,0.536
119.88,31775.6,34639.6,-1.0968,-0.8902,146.9,96.6,0.536
119.9,31846.6,34691.2,-0.7499,-0.7634,146.9,96.6,0.536
119.92,31778.9,34726.6,-1.0805,-0.6764,146.9,96.6,0.536
119.94,31807.5,34631.9,-0.9408,-0.9093,146.9,96.6,0.536
119.96,31790.0,34552.3,-1.0263,-1.1048,146.9,96.6,0.536
119.98,31681.6,34539.7,-1.5558,-1.1357,146.9,96.6,0.536
