timestamp,raw_red,raw_ir,filtered_red,filtered_ir,heart_rate,spo2,ac_dc_ratio
0.0,32124.4,35127.2,0.6386,0.3148,146.1,97.3,0.507
0.02,32246.0,35445.1,1.2627,1.0973,146.1,97.3,0.507
0.04,32386.1,35788.3,1.9816,1.9425,146.1,97.3,0.507
0.06,32319.7,35767.0,1.6408,1.89,146.1,97.3,0.507
0.08,32218.7,35569.4,1.1224,1.4036,146.1,97.3,0.507
0.1,32265.8,35318.1,1.3642,0.7847,146.1,97.3,0.507
0.12,32056.8,35280.0,0.2916,0.691,146.1,97.3,0.507
0.14,32059.7,35154.3,0.3066,0.3814,146.1,97.3,0.507
0.16,32065.1,35106.6,0.3341,0.264,146.1,97.3,0.507
0.18,32123.0,35016.2,0.6311,0.0416,146.1,97.3,0.507
0.2,31968.5,34876.9,-0.1617,-0.3014,146.1,97.3,0.507
0.22,31910.6,34879.9,-0.4586,-0.2942,146.1,97.3,0.507
0.24,31769.3,34871.5,-1.184,-0.3148,146.1,97.3,0.507
0.26,31744.3,34656.5,-1.3123,-0.844,146.1,97.3,0.507
0.28,31831.2,34713.5,-0.8662,-0.7039,146.1,97.3,0.507
0.3,31804.7,34653.7,-1.0023,-0.851,146.1,97.3,0.507
0.32,31716.7,34532.5,-1.4539,-1.1495,146.1,97.3,0.507
0.34,31768.7,34447.3,-1.1874,-1.3591,146.1,97.3,0.507
0.36,31740.7,34403.0,-1.331,-1.4683,146.1,97.3,0.507
0.38,31929.7,34677.0,-0.3607,-0.7935,146.1,97.3,0.507
0.4,32025.7,35068.0,0.1318,0.1691,146.1,97.3,0.507
0.42,32139.6,35279.5,0.7164,0.6898,146.1,97.3,0.507
0.44,32226.0,35625.1,1.1601,1.5407,146.1,97.3,0.507
0.46,32312.0,35756.7,1.6014,1.8647,146.1,97.3,0.507
0.48,32350.1,35665.6,1.797,1.6403,146.1,97.3,0.507
0.5,32147.7,35468.9,0.7579,1.1559,146.1,97.3,0.507
0.52,32083.0,35253.8,0.4262,0.6266,146.1,97.3,0.507
0.54,32072.3,35079.4,0.3714,0.197,146.1,97.3,0.507
0.56,32103.0,35205.6,0.5285,0.5078,146.1,97.3,0.507
0.58,31978.0,35061.1,-0.1127,0.1521,146.1,97.3,0.507
0.6,31965.8,35024.5,-0.1757,0.062,146.1,97.3,0.507
0.62,31987.5,34843.7,-0.0641,-0.3832,146.1,97.3,0.507
0.64,31902.2,34793.4,-0.5021,-0.5071,146.1,97.3,0.507
0.66,31962.4,34642.2,-0.1931,-0.8793,146.1,97.3,0.507
0.68,31828.9,34657.2,-0.8781,-0.8423,146.1,97.3,0.507
0.7,31815.6,34660.6,-0.9466,-0.834,146.1,97.3,0.507
0.72,31861.8,34577.6,-0.7095,-1.0384,146.1,97.3,0.507
0.74,31863.2,34567.7,-0.702,-1.0626,146.1,97.3,0.507
0.76,31656.2,34475.0,-1.7645,-1.2909,146.1,97.3,0.507
0.78,31793.2,34491.9,-1.0615,-1.2494,146.1,97.3,0.507
0.8,31963.8,34780.0,-0.1857,-0.5401,146.1,97.3,0.507
0.82,32014.3,35118.6,0.0735,0.2935,146.1,97.3,0.507
0.84,32146.0,35510.9,0.7492,1.2594,146.1,97.3,0.507
0.86,32302.2,35719.5,1.551,1.7729,146.1,97.3,0.507
0.88,32385.8,35709.6,1.9801,1.7487,146.1,97.3,0.507
0.9,32267.9,35582.9,1.3749,1.4366,146.1,97.3,0.507
0.92,32281.0,35345.0,1.4425,0.8511,146.1,97.3,0.507
0.94,32098.7,35172.1,0.5066,0.4253,146.1,97.3,0.507
0.96,32075.1,35164.0,0.3857,0.4053,146.1,97.3,0.507
0.98,32060.0,35101.7,0.3082,0.252,146.1,97.3,0.507
1.0,31888.0,34940.8,-0.5747,-0.1442,146.1,97.3,0.507
1.02,31949.2,34928.8,-0.2607,-0.1737,146.1,97.3,0.507
1.04,31903.3,34790.0,-0.4965,-0.5155,146.1,97.3,0.507
1.06,31856.1,34641.9,-0.7383,-0.8801,146.1,97.3,0.507
1.08,31851.7,34696.4,-0.7609,-0.7458,146.1,97.3,0.507
1.1,31867.9,34653.7,-0.678,-0.851,146.1,97.3,0.507
1.12,31778.8,34642.7,-1.1355,-0.878,146.1,97.3,0.507
1.14,31786.2,34683.3,-1.0974,-0.7781,146.1,97.3,0.507
1.16,31861.3,34453.1,-0.712,-1.3448,146.1,97.3,0.507
1.18,31732.5,34440.3,-1.3729,-1.3765,146.1,97.3,0.507
1.2,31821.8,34644.2,-0.9144,-0.8744,146.1,97.3,0.507
1.22,31977.3,34862.6,-0.1166,-0.3368,146.1,97.3,0.507
1.24,32148.2,35277.8,0.7607,0.6856,146.1,97.3,0.507
1.26,32291.5,35640.0,1.4964,1.5774,146.1,97.3,0.507
1.28,32369.5,35724.6,1.8965,1.7856,146.1,97.3,0.507
1.3,32354.7,35772.9,1.8206,1.9046,146.1,97.3,0.507
1.32,32159.6,35545.8,0.819,1.3454,146.1,97.3,0.507
1.34,32164.3,35353.7,0.8434,0.8725,146.1,97.3,0.507
1.36,32073.6,35193.4,0.3779,0.4778,146.1,97.3,0.507
1.38,32093.4,35020.5,0.4796,0.0521,146.1,97.3,0.507
1.4,32116.7,35034.2,0.5989,0.0859,146.1,97.3,0.507
1.42,31903.9,35051.8,-0.4931,0.129,146.1,97.3,0.507
1.44,31941.9,34869.2,-0.2982,-0.3203,146.1,97.3,0.507
1.46,31856.7,34745.5,-0.7355,-0.6251,146.1,97.3,0.507
1.48,31855.4,34670.4,-0.7424,-0.8099,146.1,97.3,0.507
1.5,31843.8,34670.2,-0.8014,-0.8104,146.1,97.3,0.507
1.52,31810.1,34528.8,-0.9745,-1.1585,146.1,97.3,0.507
1.54,31771.4,34572.8,-1.1735,-1.0501,146.1,97.3,0.507
1.56,31681.9,34426.8,-1.6328,-1.4096,146.1,97.3,0.507
1.58,31685.3,34383.8,-1.6154,-1.5154,146.1,97.3,0.507
1.6,31830.0,34504.2,-0.8727,-1.2191,146.1,97.3,0.507
1.62,31909.0,34747.4,-0.4672,-0.6202,146.1,97.3,0.507
1.64,32051.6,35178.4,0.2651,0.4409,146.1,97.3,0.507
1.66,32251.9,35462.4,1.2931,1.1401,146.1,97.3,0.507
1.68,32308.8,35712.6,1.5848,1.756,146.1,97.3,0.507
1.7,32328.6,35742.9,1.6868,1.8307,146.1,97.3,0.507
1.72,32301.4,35562.2,1.5471,1.3858,146.1,97.3,0.507
1.74,32218.4,35460.3,1.1211,1.1348,146.1,97.3,0.507
1.76,32206.3,35261.4,1.0587,0.6453,146.1,97.3,0.507
1.78,32120.6,35052.8,0.6189,0.1317,146.1,97.3,0.507
1.8,32055.5,35011.1,0.2848,0.0289,146.1,97.3,0.507
1.82,31966.6,35019.1,-0.1714,0.0486,146.1,97.3,0.507
1.84,32064.9,34943.9,0.3331,-0.1366,146.1,97.3,0.507
1.86,31875.9,34801.2,-0.637,-0.4879,146.1,97.3,0.507
1.88,31883.2,34820.7,-0.5995,-0.4398,146.1,97.3,0.507
1.9,31831.1,34699.0,-0.8667,-0.7393,146.1,97.3,0.507
1.92,31834.8,34857.7,-0.8478,-0.3487,146.1,97.3,0.507
1.94,31901.0,34602.8,-0.5078,-0.9764,146.1,97.3,0.507
1.96,31725.8,34533.6,-1.4071,-1.1467,146.1,97.3,0.507
1.98,31743.2,34465.4,-1.3183,-1.3147,146.1,97.3,0.507
2.0,31699.6,34512.3,-1.5419,-1.1991,146.1,97.3,0.507
2.02,31760.8,34614.7,-1.2277,-0.9469,146.1,97.3,0.507
2.04,31912.5,34929.1,-0.4493,-0.1728,146.1,97.3,0.507
2.06,32174.9,35303.7,0.8977,0.7493,146.1,97.3,0.507
2.08,32200.8,35590.6,1.0305,1.4557,146.1,97.3,0.507
2.1,32462.9,35726.4,2.376,1.79,146.1,97.3,0.507
2.12,32378.2,35759.0,1.941,1.8703,146.1,97.3,0.507
2.14,32275.8,35513.2,1.4155,1.2651,146.1,97.3,0.507
2.16,32058.2,35247.8,0.2989,0.6118,146.1,97.3,0.507
2.18,32100.0,35236.5,0.5135,0.5838,146.1,97.3,0.507
2.2,32098.4,35076.1,0.5053,0.189,146.1,97.3,0.507
2.22,32096.7,34986.3,0.4962,-0.0321,146.1,97.3,0.507
2.24,32008.6,34956.3,0.0444,-0.106,146.1,97.3,0.507
2.26,32077.5,34919.4,0.3977,-0.1968,146.1,97.3,0.507
2.28,31839.6,34704.3,-0.8232,-0.7265,146.1,97.3,0.507
2.3,31916.1,34758.1,-0.4306,-0.5938,146.1,97.3,0.507
2.32,31818.4,34529.5,-0.9319,-1.1568,146.1,97.3,0.507
2.34,31806.1,34656.4,-0.9953,-0.8443,146.1,97.3,0.507
2.36,31853.3,34541.3,-0.7527,-1.1278,146.1,97.3,0.507
2.38,31727.2,34481.1,-1.4001,-1.276,146.1,97.3,0.507
2.4,31752.8,34423.9,-1.2687,-1.4167,146.1,97.3,0.507
2.42,31811.4,34480.2,-0.9682,-1.2782,146.1,97.3,0.507
2.44,31866.1,34721.7,-0.6873,-0.6835,146.1,97.3,0.507
2.46,32015.7,35112.9,0.0806,0.2796,146.1,97.3,0.507
2.48,32180.0,35436.4,0.9239,1.076,146.1,97.3,0.507
2.5,32331.1,35703.6,1.6992,1.7339,146.1,97.3,0.507
2.52,32320.9,35779.9,1.647,1.9219,146.1,97.3,0.507
2.54,32320.1,35706.4,1.6429,1.7408,146.1,97.3,0.507
2.56,32197.7,35489.5,1.0146,1.2069,146.1,97.3,0.507
2.58,32115.5,35221.8,0.5931,0.5477,146.1,97.3,0.507
2.6,32038.7,35110.5,0.1987,0.2736,146.1,97.3,0.507
2.62,32016.7,35118.9,0.0858,0.2943,146.1,97.3,0.507
2.64,31959.1,35042.1,-0.2096,0.1053,146.1,97.3,0.507
2.66,31955.7,34946.5,-0.2271,-0.1301,146.1,97.3,0.507
2.68,31909.0,34806.5,-0.467,-0.4748,146.1,97.3,0.507
2.7,31893.1,34696.5,-0.5487,-0.7455,146.1,97.3,0.507
2.72,31807.0,34739.4,-0.9905,-0.6401,146.1,97.3,0.507
2.74,31927.5,34638.2,-0.372,-0.8892,146.1,97.3,0.507
2.76,31844.1,34644.2,-0.8003,-0.8744,146.1,97.3,0.507
2.78,31771.6,34505.7,-1.1724,-1.2153,146.1,97.3,0.507
2.8,31787.9,34535.4,-1.0883,-1.1421,146.1,97.3,0.507
2.82,31801.5,34542.9,-1.0186,-1.1238,146.1,97.3,0.507
2.84,31802.9,34578.4,-1.0115,-1.0364,146.1,97.3,0.507
2.86,31959.0,34947.1,-0.2104,-0.1285,146.1,97.3,0.507
2.88,32161.1,35278.9,0.8268,0.6884,146.1,97.3,0.507
2.9,32241.9,35564.1,1.2417,1.3903,146.1,97.3,0.507
2.92,32287.5,35649.2,1.4758,1.5999,146.1,97.3,0.507
2.94,32273.0,35708.3,1.4013,1.7453,146.1,97.3,0.507
2.96,32316.9,35643.9,1.6264,1.587,146.1,97.3,0.507
2.98,32234.8,35344.7,1.2052,0.8503,146.1,97.3,0.507
3.0,32115.8,35218.2,0.5942,0.5389,146.1,97.3,0.507
3.02,32035.1,35129.0,0.1803,0.3192,146.1,97.3,0.507
3.04,32021.4,34989.5,0.1097,-0.0242,146.1,97.3,0.507
3.06,31963.7,35031.4,-0.1862,0.0788,146.1,97.3,0.507
3.08,31912.1,34813.2,-0.4511,-0.4582,146.1,97.3,0.507
3.1,31900.1,34750.4,-0.5129,-0.6129,146.1,97.3,0.507
3.12,31749.2,34673.0,-1.2875,-0.8034,146.1,97.3,0.507
3.14,31806.9,34704.0,-0.9911,-0.7272,146.1,97.3,0.507
3.16,31759.8,34707.4,-1.2327,-0.7187,146.1,97.3,0.507
3.18,31819.1,34652.2,-0.9284,-0.8546,146.1,97.3,0.507
3.2,31727.2,34466.7,-1.4003,-1.3114,146.1,97.3,0.507
3.22,31739.0,34459.5,-1.3396,-1.3291,146.1,97.3,0.507
3.24,31785.4,34514.3,-1.1014,-1.1943,146.1,97.3,0.507
3.26,31824.6,34711.2,-0.9001,-0.7095,146.1,97.3,0.507
3.28,32033.0,35102.5,0.1692,0.254,146.1,97.3,0.507
3.3,32252.4,35499.9,1.2956,1.2325,146.1,97.3,0.507
3.32,32291.1,35773.3,1.494,1.9055,146.1,97.3,0.507
3.34,32365.7,35723.8,1.8771,1.7835,146.1,97.3,0.507
3.36,32318.4,35565.8,1.6343,1.3947,146.1,97.3,0.507
3.38,32232.4,35435.0,1.1928,1.0726,146.1,97.3,0.507
3.4,32106.6,35252.7,0.5473,0.6239,146.1,97.3,0.507
3.42,32117.1,35128.0,0.6012,0.3168,146.1,97.3,0.507
3.44,32090.7,35085.3,0.4656,0.2116,146.1,97.3,0.507
3.46,31966.5,34985.5,-0.1717,-0.034,146.1,97.3,0.507
3.48,31976.0,35014.8,-0.123,0.0381,146.1,97.3,0.507
3.5,31814.0,34833.6,-0.9544,-0.408,146.1,97.3,0.507
3.52,31824.9,34794.6,-0.8986,-0.504,146.1,97.3,0.507
3.54,31802.4,34684.8,-1.0139,-0.7743,146.1,97.3,0.507
3.56,31792.8,34679.1,-1.0634,-0.7883,146.1,97.3,0.507
3.58,31785.6,34593.3,-1.1003,-0.9998,146.1,97.3,0.507
3.6,31840.8,34590.8,-0.8173,-1.0058,146.1,97.3,0.507
3.62,31824.1,34467.2,-0.9028,-1.3101,146.1,97.3,0.507
3.64,31673.6,34479.8,-1.675,-1.279,146.1,97.3,0.507
3.66,31805.5,34562.2,-0.9982,-1.0763,146.1,97.3,0.507
3.68,31973.5,34893.9,-0.1362,-0.2596,146.1,97.3,0.507
3.7,32080.8,35203.9,0.4147,0.5035,146.1,97.3,0.507
3.72,32304.0,35504.8,1.5601,1.2445,146.1,97.3,0.507
3.74,32339.0,35756.6,1.7401,1.8643,146.1,97.3,0.507
3.76,32315.7,35728.3,1.6206,1.7946,146.1,97.3,0.507
3.78,32188.4,35485.2,0.9668,1.1962,146.1,97.3,0.507
3.8,32176.5,35341.2,0.9059,0.8415,146.1,97.3,0.507
3.82,32019.8,35311.0,0.1017,0.7673,146.1,97.3,0.507
3.84,32060.9,35133.0,0.3129,0.3292,146.1,97.3,0.507
3.86,32068.0,34934.7,0.349,-0.1592,146.1,97.3,0.507
3.88,31986.4,34929.1,-0.07,-0.173,146.1,97.3,0.507
3.9,31990.4,34897.6,-0.0491,-0.2504,146.1,97.3,0.507
3.92,31870.3,34811.6,-0.6658,-0.4622,146.1,97.3,0.507
3.94,31820.1,34734.2,-0.9234,-0.6528,146.1,97.3,0.507
3.96,31912.8,34633.0,-0.4474,-0.902,146.1,97.3,0.507
3.98,31805.1,34675.9,-1.0003,-0.7963,146.1,97.3,0.507
4.0,31769.2,34606.3,-1.1845,-0.9678,146.1,97.3,0.507
4.02,31788.2,34551.3,-1.0869,-1.1031,146.1,97.3,0.507
4.04,31666.0,34431.2,-1.7142,-1.3987,146.1,97.3,0.507
4.06,31815.1,34554.4,-0.9488,-1.0954,146.1,97.3,0.507
4.08,31767.8,34702.3,-1.1916,-0.7312,146.1,97.3,0.507
4.1,32078.7,35080.5,0.404,0.1998,146.1,97.3,0.507
4.12,32186.9,35427.2,0.9591,1.0533,146.1,97.3,0.507
4.14,32315.5,35761.7,1.6194,1.877,146.1,97.3,0.507
4.16,32323.0,35891.9,1.6577,2.1975,146.1,97.3,0.507
4.18,32365.4,35783.1,1.8756,1.9296,146.1,97.3,0.507
4.2,32273.6,35411.8,1.4045,1.0155,146.1,97.3,0.507
4.22,32143.6,35236.0,0.7373,0.5826,146.1,97.3,0.507
4.24,32091.1,35194.1,0.4679,0.4796,146.1,97.3,0.507
4.26,32140.4,35182.2,0.7209,0.4503,146.1,97.3,0.507
4.28,32057.1,35018.7,0.2929,0.0476,146.1,97.3,0.507
4.3,31890.3,34948.2,-0.5631,-0.126,146.1,97.3,0.507
4.32,31855.7,34814.8,-0.7405,-0.4545,146.1,97.3,0.507
4.34,31981.6,34698.5,-0.0945,-0.7407,146.1,97.3,0.507
4.36,31886.1,34635.0,-0.5843,-0.897,146.1,97.3,0.507
4.38,31760.9,34659.5,-1.2271,-0.8367,146.1,97.3,0.507
4.4,31893.5,34626.2,-0.5467,-0.9187,146.1,97.3,0.507
4.42,31764.2,34640.8,-1.21,-0.8828,146.1,97.3,0.507
4.44,31709.5,34468.8,-1.4912,-1.3062,146.1,97.3,0.507
4.46,31779.0,34443.4,-1.1343,-1.3688,146.1,97.3,0.507
4.48,31798.3,34563.3,-1.0351,-1.0736,146.1,97.3,0.507
4.5,31867.3,34796.0,-0.6811,-0.5007,146.1,97.3,0.507
4.52,32180.6,35244.0,0.9272,0.6023,146.1,97.3,0.507
4.54,32313.3,35617.0,1.608,1.5207,146.1,97.3,0.507
4.56,32336.1,35753.5,1.725,1.8567,146.1,97.3,0.507
4.58,32320.7,35713.6,1.6462,1.7584,146.1,97.3,0.507
4.6,32257.2,35500.5,1.3202,1.2338,146.1,97.3,0.507
4.62,32115.0,35321.6,0.5902,0.7935,146.1,97.3,0.507
4.64,32033.7,35319.7,0.173,0.7888,146.1,97.3,0.507
4.66,32069.7,35134.3,0.3578,0.3322,146.1,97.3,0.507
4.68,32036.2,35085.3,0.186,0.2115,146.1,97.3,0.507
4.7,31982.4,34985.2,-0.0903,-0.0349,146.1,97.3,0.507
4.72,31955.8,34852.0,-0.2271,-0.3627,146.1,97.3,0.507
4.74,31927.7,34787.9,-0.371,-0.5206,146.1,97.3,0.507
4.76,31872.2,34748.3,-0.6559,-0.618,146.1,97.3,0.507
4.78,31834.5,34650.1,-0.8493,-0.8598,146.1,97.3,0.507
4.8,31792.7,34655.6,-1.0641,-0.8462,146.1,97.3,0.507
4.82,31911.6,34606.2,-0.4536,-0.968,146.1,97.3,0.507
4.84,31766.9,34535.8,-1.1963,-1.1413,146.1,97.3,0.507
4.86,31803.4,34405.1,-1.0089,-1.4629,146.1,97.3,0.507
4.88,31850.4,34445.3,-0.7678,-1.3642,146.1,97.3,0.507
4.9,31874.8,34618.8,-0.6425,-0.9368,146.1,97.3,0.507
4.92,31936.4,35139.0,-0.3266,0.3438,146.1,97.3,0.507
4.94,32118.4,35361.6,0.6078,0.8919,146.1,97.3,0.507
4.96,32361.1,35657.5,1.8536,1.6203,146.1,97.3,0.507
4.98,32393.2,35788.8,2.0184,1.9438,146.1,97.3,0.507
5.0,32214.4,35650.5,1.1007,1.6031,146.1,97.3,0.507
5.02,32277.4,35413.7,1.4236,1.0201,146.1,97.3,0.507
5.04,32214.1,35332.3,1.0988,0.8197,146.1,97.3,0.507
5.06,32093.2,35213.1,0.4784,0.5262,146.1,97.3,0.507
5.08,32030.8,35144.6,0.1583,0.3577,146.1,97.3,0.507
5.1,31963.4,35047.4,-0.1876,0.1183,146.1,97.3,0.507
5.12,31964.7,34961.1,-0.1814,-0.0943,146.1,97.3,0.507
5.14,31920.6,34775.3,-0.4072,-0.5516,146.1,97.3,0.507
5.16,31908.1,34785.6,-0.4715,-0.5263,146.1,97.3,0.507
5.18,31872.2,34630.4,-0.6557,-0.9084,146.1,97.3,0.507
5.2,31944.1,34685.4,-0.2868,-0.773,146.1,97.3,0.507
5.22,31781.9,34651.6,-1.1195,-0.8563,146.1,97.3,0.507
5.24,31795.7,34670.0,-1.0487,-0.811,146.1,97.3,0.507
5.26,31731.3,34443.7,-1.3792,-1.368,146.1,97.3,0.507
5.28,31766.0,34483.9,-1.2008,-1.269,146.1,97.3,0.507
5.3,31804.4,34599.8,-1.004,-0.9838,146.1,97.3,0.507
5.32,31956.1,34787.4,-0.2253,-0.5217,146.1,97.3,0.507
5.34,32090.8,35209.8,0.4662,0.5181,146.1,97.3,0.507
5.36,32308.3,35581.0,1.5822,1.432,146.1,97.3,0.507
5.38,32432.9,35705.5,2.2222,1.7386,146.1,97.3,0.507
5.4,32379.1,35675.7,1.9459,1.6652,146.1,97.3,0.507
5.42,32282.0,35644.2,1.4475,1.5876,146.1,97.3,0.507
5.44,32135.1,35236.1,0.6937,0.5829,146.1,97.3,0.507
5.46,32148.8,35246.7,0.7638,0.609,146.1,97.3,0.507
5.48,32109.4,35072.1,0.5616,0.179,146.1,97.3,0.507
5.5,32088.8,35095.2,0.4558,0.236,146.1,97.3,0.507
5.52,32021.7,35055.4,0.1116,0.138,146.1,97.3,0.507
5.54,31901.7,34938.3,-0.5046,-0.1504,146.1,97.3,0.507
5.56,31867.1,34711.5,-0.6819,-0.7086,146.1,97.3,0.507
5.58,31784.1,34632.2,-1.1082,-0.9039,146.1,97.3,0.507
5.6,31747.7,34605.1,-1.2947,-0.9708,146.1,97.3,0.507
5.62,31843.3,34677.8,-0.8043,-0.7916,146.1,97.3,0.507
5.64,31821.6,34561.9,-0.9154,-1.0769,146.1,97.3,0.507
5.66,31710.7,34452.0,-1.485,-1.3477,146.1,97.3,0.507
5.68,31786.6,34518.7,-1.0952,-1.1834,146.1,97.3,0.507
5.7,31794.0,34585.9,-1.0573,-1.018,146.1,97.3,0.507
5.72,31882.8,34635.4,-0.6016,-0.8959,146.1,97.3,0.507
5.74,32014.4,34898.4,0.0739,-0.2484,146.1,97.3,0.507
5.76,32170.7,35327.5,0.8761,0.808,146.1,97.3,0.507
5.78,32331.4,35675.8,1.7009,1.6654,146.1,97.3,0.507
5.8,32358.2,35860.5,1.8387,2.1202,146.1,97.3,0.507
5.82,32251.9,35767.1,1.2927,1.8903,146.1,97.3,0.507
5.84,32214.1,35400.4,1.0989,0.9874,146.1,97.3,0.507
5.86,32128.1,35226.2,0.6577,0.5585,146.1,97.3,0.507
5.88,32117.4,35027.7,0.6025,0.0698,146.1,97.3,0.507
5.9,32095.7,35065.2,0.4911,0.1622,146.1,97.3,0.507
5.92,31945.3,35057.8,-0.2809,0.1439,146.1,97.3,0.507
5.94,31900.4,34920.3,-0.5109,-0.1946,146.1,97.3,0.507
5.96,32009.1,34842.8,0.0469,-0.3854,146.1,97.3,0.507
5.98,31821.2,34724.7,-0.9175,-0.6763,146.1,97.3,0.507
6.0,31827.2,34718.6,-0.8868,-0.6913,146.1,97.3,0.507
6.02,31919.2,34650.4,-0.4144,-0.8591,146.1,97.3,0.507
6.04,31799.3,34691.1,-1.0298,-0.7589,146.1,97.3,0.507
6.06,31703.2,34614.9,-1.5235,-0.9465,146.1,97.3,0.507
6.08,31707.6,34505.4,-1.5007,-1.2161,146.1,97.3,0.507
6.1,31776.5,34509.7,-1.1469,-1.2055,146.1,97.3,0.507
6.12,31774.0,34489.1,-1.16,-1.2562,146.1,97.3,0.507
6.14,31895.5,34880.2,-0.5362,-0.2933,146.1,97.3,0.507
6.16,32152.5,35104.4,0.7827,0.2585,146.1,97.3,0.507
6.18,32199.5,35484.7,1.0238,1.195,146.1,97.3,0.507
6.2,32388.3,35764.2,1.993,1.8831,146.1,97.3,0.507
6.22,32321.0,35765.7,1.6475,1.8867,146.1,97.3,0.507
6.24,32327.6,35540.1,1.6814,1.3314,146.1,97.3,0.507
6.26,32160.6,35433.6,0.8241,1.0692,146.1,97.3,0.507
6.28,32087.4,35149.5,0.4487,0.3697,146.1,97.3,0.507
6.3,32128.0,35095.2,0.6571,0.2359,146.1,97.3,0.507
6.32,32046.9,35141.2,0.2409,0.3493,146.1,97.3,0.507
6.34,32028.7,35016.6,0.1476,0.0425,146.1,97.3,0.507
6.36,32056.9,34943.8,0.292,-0.1367,146.1,97.3,0.507
6.38,31887.1,34785.0,-0.5792,-0.5278,146.1,97.3,0.507
6.4,31830.5,34742.6,-0.87,-0.6322,146.1,97.3,0.507
6.42,31785.9,34649.7,-1.0989,-0.8608,146.1,97.3,0.507
6.44,31798.8,34721.5,-1.0325,-0.6841,146.1,97.3,0.507
6.46,31825.9,34564.8,-0.8937,-1.0699,146.1,97.3,0.507
6.48,31735.9,34615.3,-1.3554,-0.9454,146.1,97.3,0.507
6.5,31749.9,34490.0,-1.2834,-1.254,146.1,97.3,0.507
6.52,31710.1,34348.2,-1.4879,-1.6032,146.1,97.3,0.507
6.54,31871.8,34562.6,-0.6581,-1.0754,146.1,97.3,0.507
6.56,31949.0,35025.2,-0.2619,0.0636,146.1,97.3,0.507
6.58,32195.7,35361.0,1.0046,0.8904,146.1,97.3,0.507
6.6,32334.9,35639.7,1.7188,1.5766,146.1,97.3,0.507
6.62,32268.9,35831.0,1.38,2.0475,146.1,97.3,0.507
6.64,32360.4,35699.1,1.8496,1.7229,146.1,97.3,0.507
6.66,32180.7,35451.3,0.9276,1.1127,146.1,97.3,0.507
6.68,32090.0,35326.1,0.4621,0.8045,146.1,97.3,0.507
6.7,32175.0,35117.0,0.898,0.2896,146.1,97.3,0.507
6.72,32056.8,35067.2,0.2914,0.167,146.1,97.3,0.507
6.74,31986.8,35023.9,-0.068,0.0604,146.1,97.3,0.507
6.76,31930.3,35013.5,-0.3574,0.0348,146.1,97.3,0.507
6.78,32069.3,34831.8,0.3558,-0.4124,146.1,97.3,0.507
6.8,31819.4,34694.7,-0.9268,-0.7501,146.1,97.3,0.507
6.82,31807.9,34813.2,-0.9859,-0.4584,146.1,97.3,0.507
6.84,31806.7,34718.5,-0.9921,-0.6914,146.1,97.3,0.507
6.86,31872.5,34597.9,-0.6543,-0.9883,146.1,97.3,0.507
6.88,31762.8,34602.7,-1.2175,-0.9765,146.1,97.3,0.507
6.9,31773.9,34543.4,-1.1606,-1.1226,146.1,97.3,0.507
6.92,31672.9,34422.2,-1.679,-1.421,146.1,97.3,0.507
6.94,31751.5,34514.1,-1.2752,-1.1948,146.1,97.3,0.507
6.96,31903.2,34807.4,-0.497,-0.4725,146.1,97.3,0.507
6.98,31992.1,35115.6,-0.0404,0.2863,146.1,97.3,0.507
7.0,32253.5,35480.5,1.3011,1.1845,146.1,97.3,0.507
7.02,32364.2,35804.7,1.8691,1.9828,146.1,97.3,0.507
7.04,32344.8,35797.7,1.7697,1.9657,146.1,97.3,0.507
7.06,32205.0,35676.1,1.0521,1.6662,146.1,97.3,0.507
7.08,32206.8,35427.3,1.0616,1.0536,146.1,97.3,0.507
7.1,32285.5,35149.4,1.4654,0.3694,146.1,97.3,0.507
7.12,32076.8,35114.4,0.3944,0.2833,146.1,97.3,0.507
7.14,31995.4,34978.8,-0.0237,-0.0507,146.1,97.3,0.507
7.16,31988.8,34995.2,-0.0575,-0.0103,146.1,97.3,0.507
7.18,31883.7,34892.6,-0.5971,-0.2629,146.1,97.3,0.507
7.2,31973.5,34723.6,-0.136,-0.6789,146.1,97.3,0.507
7.22,31900.8,34840.5,-0.5091,-0.391,146.1,97.3,0.507
7.24,31819.7,34669.2,-0.9253,-0.8129,146.1,97.3,0.507
7.26,31825.5,34690.2,-0.8953,-0.761,146.1,97.3,0.507
7.28,31827.6,34582.0,-0.8848,-1.0274,146.1,97.3,0.507
7.3,31776.9,34552.9,-1.145,-1.0992,146.1,97.3,0.507
7.32,31818.5,34481.6,-0.9318,-1.2748,146.1,97.3,0.507
7.34,31695.0,34425.2,-1.5652,-1.4136,146.1,97.3,0.507
7.36,31820.4,34625.0,-0.9218,-0.9217,146.1,97.3,0.507
7.38,31879.5,34880.1,-0.6184,-0.2937,146.1,97.3,0.507
7.4,32207.4,35317.4,1.0644,0.783,146.1,97.3,0.507
7.42,32351.7,35591.2,1.805,1.4573,146.1,97.3,0.507
7.44,32378.4,35797.5,1.9425,1.965,146.1,97.3,0.507
7.46,32313.4,35702.5,1.6085,1.7311,146.1,97.3,0.507
7.48,32292.7,35482.9,1.5026,1.1906,146.1,97.3,0.507
7.5,32220.7,35385.0,1.1329,0.9495,146.1,97.3,0.507
7.52,32036.4,35188.7,0.1868,0.4661,146.1,97.3,0.507
7.54,32069.2,35043.3,0.3551,0.1082,146.1,97.3,0.507
7.56,32026.7,35102.5,0.137,0.2539,146.1,97.3,0.507
7.58,31986.5,34968.7,-0.0691,-0.0754,146.1,97.3,0.507
7.6,31995.0,34960.3,-0.0254,-0.0962,146.1,97.3,0.507
7.62,31980.1,34740.3,-0.1022,-0.6378,146.1,97.3,0.507
7.64,31869.2,34714.8,-0.6713,-0.7004,146.1,97.3,0.507
7.66,31831.0,34756.1,-0.8671,-0.5989,146.1,97.3,0.507
7.68,31861.4,34644.0,-0.7112,-0.8749,146.1,97.3,0.507
7.7,31846.5,34572.7,-0.788,-1.0503,146.1,97.3,0.507
7.72,31801.0,34468.1,-1.0216,-1.308,146.1,97.3,0.507
7.74,31705.3,34437.5,-1.5127,-1.3832,146.1,97.3,0.507
7.76,31640.9,34495.8,-1.8433,-1.2398,146.1,97.3,0.507
7.78,31873.4,34711.3,-0.6499,-0.7091,146.1,97.3,0.507
7.8,32085.0,35118.6,0.4365,0.2937,146.1,97.3,0.507
7.82,32232.4,35431.4,1.1929,1.0638,146.1,97.3,0.507
7.84,32318.6,35696.0,1.6355,1.7151,146.1,97.3,0.507
7.86,32438.4,35782.1,2.2501,1.9271,146.1,97.3,0.507
7.88,32313.1,35661.8,1.6068,1.6311,146.1,97.3,0.507
7.9,32189.4,35435.8,0.9721,1.0746,146.1,97.3,0.507
7.92,32040.3,35287.2,0.207,0.7088,146.1,97.3,0.507
7.94,32053.1,35111.7,0.2728,0.2765,146.1,97.3,0.507
7.96,31998.3,35055.0,-0.0089,0.1371,146.1,97.3,0.507
7.98,31954.1,35004.1,-0.2353,0.0117,146.1,97.3,0.507
8.0,31998.6,35023.2,-0.0073,0.0587,146.1,97.3,0.507
8.02,31955.1,34818.4,-0.2303,-0.4455,146.1,97.3,0.507
8.04,31831.0,34755.8,-0.8676,-0.5997,146.1,97.3,0.507
8.06,31828.1,34764.7,-0.8823,-0.5778,146.1,97.3,0.507
8.08,31862.0,34681.4,-0.708,-0.7829,146.1,97.3,0.507
8.1,31919.8,34677.9,-0.4117,-0.7914,146.1,97.3,0.507
8.12,31707.2,34562.4,-1.5025,-1.0756,146.1,97.3,0.507
8.14,31725.4,34474.6,-1.4093,-1.2918,146.1,97.3,0.507
8.16,31711.5,34407.9,-1.481,-1.4561,146.1,97.3,0.507
8.18,31831.8,34536.7,-0.8635,-1.139,146.1,97.3,0.507
8.2,32011.6,34798.3,0.0594,-0.495,146.1,97.3,0.507
8.22,32142.8,35286.6,0.7332,0.7073,146.1,97.3,0.507
8.24,32252.4,35554.8,1.2957,1.3676,146.1,97.3,0.507
8.26,32284.5,35745.1,1.4604,1.836,146.1,97.3,0.507
8.28,32366.4,35674.3,1.8804,1.6617,146.1,97.3,0.507
8.3,32291.6,35568.6,1.4966,1.4016,146.1,97.3,0.507
8.32,32192.7,35256.4,0.9889,0.633,146.1,97.3,0.507
8.34,32147.6,35171.0,0.7577,0.4227,146.1,97.3,0.507
8.36,32001.5,35113.5,0.0075,0.281,146.1,97.3,0.507
8.38,31980.7,35013.6,-0.0992,0.0351,146.1,97.3,0.507
8.4,31941.4,34957.0,-0.3006,-0.1043,146.1,97.3,0.507
8.42,31969.4,34866.0,-0.1568,-0.3283,146.1,97.3,0.507
8.44,31894.4,34857.3,-0.5422,-0.3498,146.1,97.3,0.507
8.46,31798.7,34742.5,-1.0332,-0.6324,146.1,97.3,0.507
8.48,31864.7,34701.1,-0.6942,-0.7342,146.1,97.3,0.507
8.5,31921.2,34707.3,-0.4046,-0.719,146.1,97.3,0.507
8.52,31737.0,34555.5,-1.3499,-1.0927,146.1,97.3,0.507
8.54,31714.0,34399.1,-1.468,-1.4778,146.1,97.3,0.507
8.56,31787.3,34541.1,-1.0916,-1.1283,146.1,97.3,0.507
8.58,31767.0,34465.2,-1.1957,-1.3151,146.1,97.3,0.507
8.6,31811.6,34779.8,-0.9668,-0.5405,146.1,97.3,0.507
8.62,32090.0,35106.7,0.462,0.2642,146.1,97.3,0.507
8.64,32289.2,35438.0,1.4845,1.0799,146.1,97.3,0.507
8.66,32339.2,35742.9,1.741,1.8307,146.1,97.3,0.507
8.68,32322.2,35823.9,1.654,2.03,146.1,97.3,0.507
8.7,32223.6,35549.7,1.1475,1.3549,146.1,97.3,0.507
8.72,32219.9,35430.6,1.1289,1.0617,146.1,97.3,0.507
8.74,32119.8,35179.7,0.6151,0.444,146.1,97.3,0.507
8.76,32065.8,35204.7,0.3378,0.5057,146.1,97.3,0.507
8.78,32115.3,35100.6,0.5921,0.2494,146.1,97.3,0.507
8.8,32045.6,35045.3,0.234,0.1132,146.1,97.3,0.507
8.82,31902.7,34966.3,-0.4994,-0.0815,146.1,97.3,0.507
8.84,31874.8,34850.4,-0.6426,-0.3667,146.1,97.3,0.507
8.86,31951.0,34657.7,-0.2517,-0.8411,146.1,97.3,0.507
8.88,31848.8,34658.9,-0.776,-0.8383,146.1,97.3,0.507
8.9,31837.1,34604.8,-0.8362,-0.9715,146.1,97.3,0.507
8.92,31886.3,34599.4,-0.5833,-0.9847,146.1,97.3,0.507
8.94,31790.9,34513.9,-1.0731,-1.1953,146.1,97.3,0.507
8.96,31731.2,34477.4,-1.3796,-1.2849,146.1,97.3,0.507
8.98,31642.8,34475.8,-1.8335,-1.2891,146.1,97.3,0.507
9.0,31849.0,34584.6,-0.7749,-1.0212,146.1,97.3,0.507
9.02,31920.8,34880.0,-0.4066,-0.2938,146.1,97.3,0.507
9.04,32166.2,35260.5,0.8531,0.6429,146.1,97.3,0.507
9.06,32195.0,35587.3,1.0009,1.4476,146.1,97.3,0.507
9.08,32317.4,35736.4,1.629,1.8145,146.1,97.3,0.507
9.1,32382.5,35668.5,1.9631,1.6475,146.1,97.3,0.507
9.12,32266.8,35573.3,1.3692,1.413,146.1,97.3,0.507
9.14,32221.9,35378.5,1.1388,0.9336,146.1,97.3,0.507
9.16,32055.5,35201.1,0.2849,0.4968,146.1,97.3,0.507
9.18,32123.0,35078.1,0.6312,0.1939,146.1,97.3,0.507
9.2,32029.0,35013.7,0.1491,0.0352,146.1,97.3,0.507
9.22,31897.8,34966.7,-0.5247,-0.0804,146.1,97.3,0.507
9.24,31964.7,34915.4,-0.1813,-0.2067,146.1,97.3,0.507
9.26,31864.9,34776.9,-0.6935,-0.5476,146.1,97.3,0.507
9.28,31866.3,34740.7,-0.686,-0.6368,146.1,97.3,0.507
9.3,31863.6,34689.5,-0.7,-0.763,146.1,97.3,0.507
9.32,31795.3,34622.1,-1.0504,-0.9288,146.1,97.3,0.507
9.34,31901.6,34563.4,-0.5052,-1.0732,146.1,97.3,0.507
9.36,31832.8,34590.8,-0.8584,-1.0059,146.1,97.3,0.507
9.38,31740.8,34444.8,-1.3301,-1.3654,146.1,97.3,0.507
9.4,31838.1,34512.6,-0.8309,-1.1984,146.1,97.3,0.507
9.42,31862.5,34744.7,-0.7055,-0.6271,146.1,97.3,0.507
9.44,32058.0,34981.6,0.2979,-0.0438,146.1,97.3,0.507
9.46,32164.0,35363.2,0.8418,0.8958,146.1,97.3,0.507
9.48,32260.0,35751.5,1.3345,1.8518,146.1,97.3,0.507
9.5,32317.2,35761.6,1.6283,1.8767,146.1,97.3,0.507
9.52,32265.9,35716.3,1.3646,1.7651,146.1,97.3,0.507
9.54,32165.4,35411.8,0.8489,1.0154,146.1,97.3,0.507
9.56,32152.5,35314.6,0.783,0.7761,146.1,97.3,0.507
9.58,32078.7,35129.3,0.4038,0.32,146.1,97.3,0.507
9.6,32055.0,35066.7,0.2822,0.1659,146.1,97.3,0.507
9.62,32061.8,35029.3,0.3171,0.0738,146.1,97.3,0.507
9.64,32051.5,34935.1,0.2643,-0.1582,146.1,97.3,0.507
9.66,31893.0,34892.2,-0.5489,-0.2639,146.1,97.3,0.507
9.68,31884.5,34699.3,-0.5928,-0.7387,146.1,97.3,0.507
9.7,31809.1,34657.6,-0.9798,-0.8415,146.1,97.3,0.507
9.72,31965.2,34779.9,-0.1786,-0.5404,146.1,97.3,0.507
9.74,31782.4,34621.7,-1.1169,-0.9298,146.1,97.3,0.507
9.76,31756.3,34620.0,-1.2505,-0.9339,146.1,97.3,0.507
9.78,31769.3,34437.1,-1.1841,-1.3841,146.1,97.3,0.507
9.8,31708.9,34602.3,-1.494,-0.9776,146.1,97.3,0.507
9.82,31772.1,34621.6,-1.1697,-0.9301,146.1,97.3,0.507
9.84,31867.4,34827.6,-0.6807,-0.4229,146.1,97.3,0.507
9.86,32151.0,35221.6,0.7752,0.5472,146.1,97.3,0.507
9.88,32281.4,35599.1,1.4445,1.4766,146.1,97.3,0.507
9.9,32335.2,35778.7,1.7205,1.9187,146.1,97.3,0.507
9.92,32466.0,35669.0,2.3917,1.6488,146.1,97.3,0.507
9.94,32291.0,35575.7,1.4937,1.4189,146.1,97.3,0.507
9.96,32122.2,35416.2,0.6273,1.0263,146.1,97.3,0.507
9.98,32131.6,35234.2,0.6756,0.5781,146.1,97.3,0.507
10.0,32122.1,35116.5,0.6266,0.2885,146.1,97.3,0.507
10.02,32075.6,35062.0,0.3882,0.1542,146.1,97.3,0.507
10.04,31983.8,34947.7,-0.0831,-0.1272,146.1,97.3,0.507
10.06,32059.7,34838.0,0.3066,-0.3972,146.1,97.3,0.507
10.08,31856.3,34871.1,-0.7377,-0.3157,146.1,97.3,0.507
10.1,31869.3,34687.4,-0.6707,-0.7679,146.1,97.3,0.507
10.12,31823.3,34604.2,-0.907,-0.973,146.1,97.3,0.507
10.14,31924.3,34729.4,-0.3883,-0.6647,146.1,97.3,0.507
10.16,31819.5,34616.4,-0.9262,-0.9428,146.1,97.3,0.507
10.18,31741.1,34681.4,-1.3288,-0.7828,146.1,97.3,0.507
10.2,31755.1,34398.3,-1.2572,-1.4799,146.1,97.3,0.507
10.22,31772.3,34559.6,-1.1685,-1.0826,146.1,97.3,0.507
10.24,31875.1,34588.2,-0.6412,-1.0124,146.1,97.3,0.507
10.26,32019.5,34939.6,0.1002,-0.147,146.1,97.3,0.507
10.28,32115.3,35369.8,0.5917,0.9121,146.1,97.3,0.507
10.3,32328.2,35692.2,1.6846,1.7058,146.1,97.3,0.507
10.32,32342.7,35719.9,1.7591,1.7741,146.1,97.3,0.507
10.34,32315.1,35599.6,1.6173,1.4777,146.1,97.3,0.507
10.36,32209.6,35508.8,1.0757,1.2543,146.1,97.3,0.507
10.38,32122.8,35261.2,0.6302,0.6447,146.1,97.3,0.507
10.4,32095.6,35133.0,0.4908,0.3291,146.1,97.3,0.507
10.42,32095.8,35094.8,0.4915,0.2351,146.1,97.3,0.507
10.44,31980.4,35023.6,-0.1004,0.0596,146.1,97.3,0.507
10.46,32033.7,35073.3,0.1731,0.182,146.1,97.3,0.507
10.48,31994.3,34883.2,-0.0294,-0.2859,146.1,97.3,0.507
10.5,31857.4,34768.7,-0.7316,-0.5679,146.1,97.3,0.507
10.52,31895.0,34657.4,-0.539,-0.8419,146.1,97.3,0.507
10.54,31820.4,34673.4,-0.9215,-0.8025,146.1,97.3,0.507
10.56,31787.6,34662.9,-1.0902,-0.8284,146.1,97.3,0.507
10.58,31793.3,34574.2,-1.0611,-1.0467,146.1,97.3,0.507
10.6,31854.3,34598.1,-0.7476,-0.9879,146.1,97.3,0.507
10.62,31710.1,34373.1,-1.4881,-1.5419,146.1,97.3,0.507
10.64,31733.4,34503.4,-1.3682,-1.221,146.1,97.3,0.507
10.66,31876.5,34765.8,-0.6339,-0.575,146.1,97.3,0.507
10.68,32107.6,35227.7,0.5523,0.5623,146.1,97.3,0.507
10.7,32292.1,35527.4,1.4991,1.3001,146.1,97.3,0.507
10.72,32363.8,35783.5,1.867,1.9307,146.1,97.3,0.507
10.74,32323.2,35724.9,1.6588,1.7863,146.1,97.3,0.507
10.76,32278.9,35610.7,1.4314,1.5052,146.1,97.3,0.507
10.78,32225.2,35440.9,1.1558,1.0871,146.1,97.3,0.507
10.8,32099.1,35157.0,0.5089,0.388,146.1,97.3,0.507
10.82,31963.9,35188.1,-0.1853,0.4647,146.1,97.3,0.507
10.84,31979.8,35123.9,-0.1039,0.3067,146.1,97.3,0.507
10.86,32019.3,34893.2,0.0989,-0.2613,146.1,97.3,0.507
10.88,31994.6,34899.3,-0.0278,-0.2463,146.1,97.3,0.507
10.9,31889.2,34771.5,-0.5687,-0.561,146.1,97.3,0.507
10.92,31780.2,34704.1,-1.1279,-0.7269,146.1,97.3,0.507
10.94,31914.6,34653.8,-0.4383,-0.8507,146.1,97.3,0.507
10.96,31873.6,34584.2,-0.6489,-1.0222,146.1,97.3,0.507
10.98,31824.9,34647.4,-0.8987,-0.8666,146.1,97.3,0.507
11.0,31755.8,34511.8,-1.2536,-1.2004,146.1,97.3,0.507
11.02,31767.6,34509.1,-1.1925,-1.2069,146.1,97.3,0.507
11.04,31786.8,34385.4,-1.094,-1.5116,146.1,97.3,0.507
11.06,31928.9,34695.0,-0.3647,-0.7492,146.1,97.3,0.507
11.08,32029.2,35089.2,0.1497,0.2213,146.1,97.3,0.507
11.1,32167.9,35338.6,0.8616,0.8352,146.1,97.3,0.507
11.12,32246.9,35749.2,1.2672,1.8461,146.1,97.3,0.507
11.14,32342.8,35792.1,1.7595,1.9518,146.1,97.3,0.507
11.16,32251.3,35610.3,1.2898,1.5042,146.1,97.3,0.507
11.18,32323.1,35418.2,1.6581,1.0313,146.1,97.3,0.507
11.2,32156.8,35227.0,0.805,0.5604,146.1,97.3,0.507
11.22,32095.3,35260.5,0.4894,0.6429,146.1,97.3,0.507
11.24,32052.7,35077.0,0.2706,0.1911,146.1,97.3,0.507
11.26,32019.8,35013.2,0.1018,0.0342,146.1,97.3,0.507
11.28,31949.8,35006.7,-0.2575,0.0181,146.1,97.3,0.507
11.3,31931.3,34726.8,-0.3524,-0.6709,146.1,97.3,0.507
11.32,31951.3,34776.6,-0.25,-0.5484,146.1,97.3,0.507
11.34,31874.6,34610.5,-0.6438,-0.9573,146.1,97.3,0.507
11.36,31837.0,34757.2,-0.8364,-0.5963,146.1,97.3,0.507
11.38,31902.9,34621.2,-0.4985,-0.931,146.1,97.3,0.507
11.4,31868.7,34523.1,-0.6737,-1.1725,146.1,97.3,0.507
11.42,31785.4,34529.0,-1.1015,-1.158,146.1,97.3,0.507
11.44,31738.8,34411.6,-1.3406,-1.4471,146.1,97.3,0.507
11.46,31834.1,34505.9,-0.8517,-1.2148,146.1,97.3,0.507
11.48,31853.2,34865.6,-0.7534,-0.3292,146.1,97.3,0.507
11.5,32188.3,35171.7,0.9666,0.4244,146.1,97.3,0.507
11.52,32134.2,35462.2,0.689,1.1395,146.1,97.3,0.507
11.54,32259.9,35718.2,1.3342,1.7698,146.1,97.3,0.507
11.56,32315.7,35684.7,1.6206,1.6874,146.1,97.3,0.507
11.58,32275.0,35614.4,1.4114,1.5142,146.1,97.3,0.507
11.6,32096.8,35442.7,0.4971,1.0914,146.1,97.3,0.507
11.62,32059.2,35256.9,0.3039,0.6342,146.1,97.3,0.507
11.64,32064.8,35113.7,0.3326,0.2817,146.1,97.3,0.507
11.66,31955.7,35069.2,-0.2272,0.172,146.1,97.3,0.507
11.68,31989.1,34988.1,-0.056,-0.0277,146.1,97.3,0.507
11.7,32087.8,34975.7,0.4507,-0.0581,146.1,97.3,0.507
11.72,31841.9,34769.2,-0.8113,-0.5667,146.1,97.3,0.507
11.74,31821.4,34712.3,-0.9169,-0.7066,146.1,97.3,0.507
11.76,31814.2,34754.2,-0.9535,-0.6037,146.1,97.3,0.507
11.78,31866.1,34602.5,-0.6874,-0.9771,146.1,97.3,0.507
11.8,31756.8,34624.4,-1.2483,-0.9232,146.1,97.3,0.507
11.82,31748.2,34563.5,-1.2926,-1.073,146.1,97.3,0.507
11.84,31790.2,34510.5,-1.0766,-1.2036,146.1,97.3,0.507
11.86,31735.2,34432.8,-1.3591,-1.395,146.1,97.3,0.507
11.88,31853.1,34643.2,-0.7539,-0.8769,146.1,97.3,0.507
11.9,31985.7,34931.6,-0.0732,-0.1667,146.1,97.3,0.507
11.92,32144.5,35315.9,0.7418,0.7793,146.1,97.3,0.507
11.94,32321.2,35603.4,1.6487,1.4872,146.1,97.3,0.507
11.96,32274.3,35782.3,1.4081,1.9277,146.1,97.3,0.507
11.98,32261.0,35631.8,1.3399,1.557,146.1,97.3,0.507
12.0,32226.8,35440.2,1.1643,1.0854,146.1,97.3,0.507
12.02,32059.3,35335.8,0.3045,0.8285,146.1,97.3,0.507
12.04,32083.7,35143.7,0.4298,0.3554,146.1,97.3,0.507
12.06,32013.3,35163.6,0.0685,0.4044,146.1,97.3,0.507
12.08,31929.8,35108.8,-0.3601,0.2694,146.1,97.3,0.507
12.1,31936.2,34959.0,-0.3277,-0.0994,146.1,97.3,0.507
12.12,32015.4,34858.9,0.0793,-0.3457,146.1,97.3,0.507
12.14,31831.0,34781.4,-0.8673,-0.5367,146.1,97.3,0.507
12.16,31821.5,34605.7,-0.9161,-0.9691,146.1,97.3,0.507
12.18,31841.3,34730.8,-0.8146,-0.6611,146.1,97.3,0.507
12.2,31890.1,34568.5,-0.564,-1.0607,146.1,97.3,0.507
12.22,31799.0,34642.1,-1.0315,-0.8796,146.1,97.3,0.507
12.24,31732.9,34517.1,-1.3709,-1.1874,146.1,97.3,0.507
12.26,31712.8,34459.3,-1.4741,-1.3295,146.1,97.3,0.507
12.28,31719.0,34512.6,-1.4423,-1.1984,146.1,97.3,0.507
12.3,31906.0,34782.0,-0.4824,-0.5351,146.1,97.3,0.507
12.32,32117.5,35071.3,0.603,0.1771,146.1,97.3,0.507
12.34,32148.1,35568.1,0.76,1.4002,146.1,97.3,0.507
12.36,32391.4,35816.3,2.0091,2.0113,146.1,97.3,0.507
12.38,32380.2,35777.8,1.9513,1.9166,146.1,97.3,0.507
12.4,32322.6,35640.4,1.6558,1.5782,146.1,97.3,0.507
12.42,32152.2,35393.9,0.7811,0.9715,146.1,97.3,0.507
12.44,32164.7,35193.2,0.8453,0.4772,146.1,97.3,0.507
12.46,31995.9,35181.5,-0.0212,0.4484,146.1,97.3,0.507
12.48,32135.2,35107.0,0.694,0.2651,146.1,97.3,0.507
12.5,32092.5,35039.3,0.4748,0.0985,146.1,97.3,0.507
12.52,31962.1,34937.4,-0.1943,-0.1525,146.1,97.3,0.507
12.54,31947.9,34846.8,-0.2673,-0.3756,146.1,97.3,0.507
12.56,31759.7,34700.4,-1.2333,-0.7359,146.1,97.3,0.507
12.58,31749.5,34641.0,-1.2857,-0.8822,146.1,97.3,0.507
12.6,31863.2,34632.0,-0.7019,-0.9045,146.1,97.3,0.507
12.62,31934.1,34598.6,-0.3383,-0.9867,146.1,97.3,0.507
12.64,31772.5,34599.1,-1.1677,-0.9855,146.1,97.3,0.507
12.66,31801.4,34406.3,-1.0192,-1.4601,146.1,97.3,0.507
12.68,31658.6,34545.5,-1.7522,-1.1175,146.1,97.3,0.507
12.7,31808.2,34575.6,-0.9844,-1.0434,146.1,97.3,0.507
12.72,31948.5,34940.6,-0.2643,-0.1447,146.1,97.3,0.507
12.74,32202.8,35338.8,1.0411,0.8357,146.1,97.3,0.507
12.76,32259.4,35556.0,1.3316,1.3705,146.1,97.3,0.507
12.78,32329.2,35749.8,1.6898,1.8477,146.1,97.3,0.507
12.8,32292.0,35763.9,1.4989,1.8824,146.1,97.3,0.507
12.82,32325.6,35539.3,1.6711,1.3295,146.1,97.3,0.507
12.84,32129.2,35225.4,0.663,0.5565,146.1,97.3,0.507
12.86,32134.9,35207.1,0.6924,0.5115,146.1,97.3,0.507
12.88,32108.6,34964.8,0.5576,-0.0851,146.1,97.3,0.507
12.9,32160.5,35059.7,0.824,0.1487,146.1,97.3,0.507
12.92,31906.1,34952.7,-0.4821,-0.1149,146.1,97.3,0.507
12.94,31833.5,34910.9,-0.8545,-0.2178,146.1,97.3,0.507
12.96,31961.0,34686.6,-0.2002,-0.77,146.1,97.3,0.507
12.98,31990.9,34589.9,-0.0469,-1.008,146.1,97.3,0.507
13.0,31897.1,34771.1,-0.5282,-0.5619,146.1,97.3,0.507
13.02,31876.5,34732.7,-0.6339,-0.6564,146.1,97.3,0.507
13.04,31804.9,34620.5,-1.0012,-0.9328,146.1,97.3,0.507
13.06,31769.5,34530.4,-1.1831,-1.1547,146.1,97.3,0.507
13.08,31746.3,34493.3,-1.3021,-1.2459,146.1,97.3,0.507
13.1,31779.6,34413.7,-1.1312,-1.4419,146.1,97.3,0.507
13.12,31840.9,34881.2,-0.8167,-0.2908,146.1,97.3,0.507
13.14,32065.9,35136.0,0.3384,0.3364,146.1,97.3,0.507
13.16,32180.1,35465.5,0.9246,1.1477,146.1,97.3,0.507
13.18,32349.3,35732.1,1.7929,1.804,146.1,97.3,0.507
13.2,32346.7,35741.4,1.7796,1.827,146.1,97.3,0.507
13.22,32237.9,35607.6,1.221,1.4976,146.1,97.3,0.507
13.24,32195.3,35395.7,1.0025,0.9758,146.1,97.3,0.507
13.26,32184.9,35235.6,0.9493,0.5816,146.1,97.3,0.507
13.28,32098.5,35143.6,0.5056,0.3552,146.1,97.3,0.507
13.3,32125.3,35100.3,0.643,0.2486,146.1,97.3,0.507
13.32,31997.8,35007.3,-0.0111,0.0196,146.1,97.3,0.507
13.34,32019.1,34866.2,0.098,-0.3279,146.1,97.3,0.507
13.36,31875.5,34754.3,-0.6388,-0.6033,146.1,97.3,0.507
13.38,31818.2,34679.2,-0.9332,-0.7882,146.1,97.3,0.507
13.4,31845.4,34689.3,-0.7937,-0.7634,146.1,97.3,0.507
13.42,31884.2,34646.3,-0.5941,-0.8691,146.1,97.3,0.507
13.44,31902.8,34568.8,-0.4988,-1.0599,146.1,97.3,0.507
13.46,31811.5,34555.6,-0.9675,-1.0924,146.1,97.3,0.507
13.48,31811.9,34400.3,-0.9656,-1.4747,146.1,97.3,0.507
13.5,31741.0,34408.6,-1.3295,-1.4544,146.1,97.3,0.507
13.52,31827.6,34585.5,-0.8849,-1.0189,146.1,97.3,0.507
13.54,31961.1,34974.5,-0.1995,-0.0612,146.1,97.3,0.507
13.56,32120.9,35336.8,0.6205,0.8308,146.1,97.3,0.507
13.58,32342.0,35648.5,1.7552,1.5983,146.1,97.3,0.507
13.6,32368.5,35744.1,1.8913,1.8337,146.1,97.3,0.507
13.62,32350.7,35660.3,1.7999,1.6272,146.1,97.3,0.507
13.64,32189.2,35500.5,0.9711,1.2338,146.1,97.3,0.507
13.66,32160.8,35306.5,0.8255,0.7562,146.1,97.3,0.507
13.68,31958.1,35235.9,-0.2151,0.5825,146.1,97.3,0.507
13.7,32095.3,35005.2,0.4892,0.0144,146.1,97.3,0.507
13.72,32033.7,34963.6,0.1729,-0.088,146.1,97.3,0.507
13.74,32016.9,35045.5,0.0866,0.1138,146.1,97.3,0.507
13.76,31973.9,34864.9,-0.1338,-0.3311,146.1,97.3,0.507
13.78,31881.3,34723.2,-0.6093,-0.6798,146.1,97.3,0.507
13.8,31808.0,34727.1,-0.9857,-0.6703,146.1,97.3,0.507
13.82,31857.4,34724.8,-0.7319,-0.676,146.1,97.3,0.507
13.84,31758.4,34685.1,-1.2399,-0.7737,146.1,97.3,0.507
13.86,31824.4,34543.2,-0.9014,-1.123,146.1,97.3,0.507
13.88,31781.1,34569.2,-1.1234,-1.0591,146.1,97.3,0.507
13.9,31757.5,34464.6,-1.2444,-1.3166,146.1,97.3,0.507
13.92,31844.0,34579.7,-0.8006,-1.0333,146.1,97.3,0.507
13.94,31850.3,34713.5,-0.7685,-0.7038,146.1,97.3,0.507
13.96,32096.7,35177.1,0.4964,0.4377,146.1,97.3,0.507
13.98,32220.9,35494.9,1.134,1.22,146.1,97.3,0.507
14.0,32359.5,35726.9,1.8451,1.7913,146.1,97.3,0.507
14.02,32303.7,35677.7,1.5586,1.67,146.1,97.3,0.507
14.04,32266.8,35525.1,1.3697,1.2943,146.1,97.3,0.507
14.06,32331.2,35454.0,1.7,1.1195,146.1,97.3,0.507
14.08,32022.9,35289.5,0.1173,0.7143,146.1,97.3,0.507
14.1,32091.6,35142.4,0.4701,0.3523,146.1,97.3,0.507
14.12,32010.9,35092.8,0.0561,0.23,146.1,97.3,0.507
14.14,31849.5,35085.6,-0.7725,0.2123,146.1,97.3,0.507
14.16,31913.8,35012.2,-0.4422,0.0316,146.1,97.3,0.507
14.18,31929.4,34838.0,-0.3622,-0.3972,146.1,97.3,0.507
14.2,31855.0,34675.3,-0.744,-0.7979,146.1,97.3,0.507
14.22,31874.8,34692.1,-0.6423,-0.7564,146.1,97.3,0.507
14.24,31785.3,34623.1,-1.102,-0.9264,146.1,97.3,0.507
14.26,31793.6,34583.3,-1.0592,-1.0243,146.1,97.3,0.507
14.28,31792.1,34639.5,-1.0669,-0.886,146.1,97.3,0.507
14.3,31710.3,34486.9,-1.4867,-1.2617,146.1,97.3,0.507
14.32,31772.8,34382.3,-1.1661,-1.5192,146.1,97.3,0.507
14.34,31883.8,34586.7,-0.5965,-1.0161,146.1,97.3,0.507
14.36,32034.6,34896.7,0.1775,-0.2528,146.1,97.3,0.507
14.38,32116.1,35330.3,0.596,0.8149,146.1,97.3,0.507
14.4,32268.9,35588.6,1.3802,1.4507,146.1,97.3,0.507
14.42,32254.3,35679.7,1.3054,1.675,146.1,97.3,0.507
14.44,32310.4,35774.8,1.593,1.9092,146.1,97.3,0.507
14.46,32328.8,35584.7,1.6877,1.441,146.1,97.3,0.507
14.48,32210.6,35261.3,1.0808,0.645,146.1,97.3,0.507
14.5,32143.3,35168.4,0.7354,0.4161,146.1,97.3,0.507
14.52,32132.3,35143.7,0.6791,0.3554,146.1,97.3,0.507
14.54,31932.8,35136.0,-0.3447,0.3363,146.1,97.3,0.507
14.56,31956.0,35058.9,-0.2255,0.1467,146.1,97.3,0.507
14.58,32033.9,34869.9,0.1743,-0.3186,146.1,97.3,0.507
14.6,31831.0,34735.4,-0.8672,-0.6498,146.1,97.3,0.507
14.62,31904.3,34696.4,-0.4913,-0.7458,146.1,97.3,0.507
14.64,31864.3,34617.6,-0.6966,-0.9399,146.1,97.3,0.507
14.66,31794.7,34633.7,-1.0534,-0.9002,146.1,97.3,0.507
14.68,31811.6,34655.8,-0.9668,-0.8457,146.1,97.3,0.507
14.7,31755.2,34456.5,-1.2562,-1.3365,146.1,97.3,0.507
14.72,31668.4,34459.6,-1.7019,-1.3288,146.1,97.3,0.507
14.74,31728.8,34506.2,-1.3917,-1.2141,146.1,97.3,0.507
14.76,31856.3,34817.3,-0.7374,-0.4483,146.1,97.3,0.507
14.78,32106.7,35027.6,0.5475,0.0695,146.1,97.3,0.507
14.8,32181.2,35520.2,0.9299,1.2825,146.1,97.3,0.507
14.82,32325.3,35644.3,1.6696,1.5878,146.1,97.3,0.507
14.84,32393.1,35816.1,2.0174,2.011,146.1,97.3,0.507
14.86,32301.9,35546.5,1.5494,1.3471,146.1,97.3,0.507
14.88,32166.2,35468.7,0.8528,1.1555,146.1,97.3,0.507
14.9,32068.2,35317.2,0.35,0.7826,146.1,97.3,0.507
14.92,32126.8,35150.2,0.651,0.3713,146.1,97.3,0.507
14.94,31985.2,35082.8,-0.0758,0.2054,146.1,97.3,0.507
14.96,31951.3,35028.7,-0.2502,0.0723,146.1,97.3,0.507
14.98,32007.2,34902.1,0.037,-0.2394,146.1,97.3,0.507
15.0,31913.1,34778.0,-0.4461,-0.545,146.1,97.3,0.507
15.02,31872.7,34699.6,-0.6535,-0.738,146.1,97.3,0.507
15.04,31881.5,34604.1,-0.6082,-0.973,146.1,97.3,0.507
15.06,31846.2,34622.4,-0.7892,-0.9281,146.1,97.3,0.507
15.08,31826.9,34601.8,-0.8887,-0.9788,146.1,97.3,0.507
15.1,31783.8,34537.3,-1.1098,-1.1375,146.1,97.3,0.507
15.12,31769.2,34499.6,-1.1846,-1.2303,146.1,97.3,0.507
15.14,31761.6,34446.8,-1.2235,-1.3604,146.1,97.3,0.507
15.16,31733.2,34533.3,-1.3694,-1.1474,146.1,97.3,0.507
15.18,31885.9,34851.5,-0.5854,-0.3639,146.1,97.3,0.507
15.2,32021.6,35102.8,0.111,0.2548,146.1,97.3,0.507
15.22,32277.2,35577.0,1.4227,1.4222,146.1,97.3,0.507
15.24,32465.3,35786.9,2.3882,1.9391,146.1,97.3,0.507
15.26,32335.2,35682.2,1.7204,1.6813,146.1,97.3,0.507
15.28,32282.2,35543.1,1.4487,1.3387,146.1,97.3,0.507
15.3,32098.6,35402.3,0.5062,0.992,146.1,97.3,0.507
15.32,32032.2,35171.7,0.1653,0.4245,146.1,97.3,0.507
15.34,31958.3,35107.1,-0.214,0.2654,146.1,97.3,0.507
15.36,32040.3,35146.0,0.2068,0.3611,146.1,97.3,0.507
15.38,32044.8,35015.5,0.2302,0.0398,146.1,97.3,0.507
15.4,32000.0,34868.7,0.0002,-0.3216,146.1,97.3,0.507
15.42,31881.5,34789.6,-0.608,-0.5163,146.1,97.3,0.507
15.44,31875.7,34734.6,-0.6378,-0.6517,146.1,97.3,0.507
15.46,31869.9,34649.3,-0.6676,-0.8617,146.1,97.3,0.507
15.48,31777.9,34660.5,-1.1398,-0.8342,146.1,97.3,0.507
15.5,31859.5,34599.5,-0.7209,-0.9845,146.1,97.3,0.507
15.52,31797.7,34574.1,-1.0383,-1.0469,146.1,97.3,0.507
15.54,31727.7,34465.8,-1.3977,-1.3136,146.1,97.3,0.507
15.56,31780.1,34522.6,-1.1286,-1.1739,146.1,97.3,0.507
15.58,31878.8,34697.8,-0.6219,-0.7424,146.1,97.3,0.507
15.6,32036.5,35043.2,0.1873,0.108,146.1,97.3,0.507
15.62,32227.6,35375.9,1.1682,0.9271,146.1,97.3,0.507
15.64,32242.2,35694.2,1.2434,1.7107,146.1,97.3,0.507
15.66,32368.1,35761.6,1.8893,1.8767,146.1,97.3,0.507
15.68,32261.1,35591.6,1.34,1.458,146.1,97.3,0.507
15.7,32162.8,35479.2,0.8356,1.1814,146.1,97.3,0.507
15.72,32159.1,35312.6,0.8164,0.7712,146.1,97.3,0.507
15.74,32046.0,35087.9,0.2362,0.218,146.1,97.3,0.507
15.76,31983.8,35100.4,-0.0831,0.2489,146.1,97.3,0.507
15.78,31967.4,35045.6,-0.1674,0.1139,146.1,97.3,0.507
15.8,31906.2,34934.9,-0.4812,-0.1586,146.1,97.3,0.507
15.82,31973.9,34870.2,-0.1341,-0.3179,146.1,97.3,0.507
15.84,31910.6,34735.1,-0.4589,-0.6506,146.1,97.3,0.507
15.86,31873.0,34670.1,-0.6518,-0.8107,146.1,97.3,0.507
15.88,31791.2,34688.3,-1.0714,-0.7659,146.1,97.3,0.507
15.9,31830.5,34608.8,-0.8701,-0.9615,146.1,97.3,0.507
15.92,31802.7,34589.7,-1.0128,-1.0084,146.1,97.3,0.507
15.94,31721.6,34459.1,-1.4287,-1.3302,146.1,97.3,0.507
15.96,31798.8,34529.7,-1.0326,-1.1562,146.1,97.3,0.507
15.98,31828.1,34587.0,-0.8824,-1.0152,146.1,97.3,0.507
16.0,31878.9,34900.1,-0.6214,-0.2442,146.1,97.3,0.507
16.02,32052.5,35161.5,0.2696,0.3993,146.1,97.3,0.507
16.04,32247.2,35523.0,1.2687,1.2893,146.1,97.3,0.507
16.06,32416.6,35736.2,2.1385,1.8142,146.1,97.3,0.507
16.08,32356.2,35726.8,1.8284,1.7911,146.1,97.3,0.507
16.1,32237.1,35603.9,1.2172,1.4883,146.1,97.3,0.507
16.12,32148.4,35288.1,0.7617,0.7108,146.1,97.3,0.507
16.14,32066.1,35257.8,0.3395,0.6363,146.1,97.3,0.507
16.16,32016.8,35057.9,0.0861,0.1442,146.1,97.3,0.507
16.18,32081.2,35084.1,0.4168,0.2087,146.1,97.3,0.507
16.2,32000.3,34941.4,0.0015,-0.1426,146.1,97.3,0.507
16.22,31967.0,34881.1,-0.1693,-0.291,146.1,97.3,0.507
16.24,31894.6,34816.2,-0.5407,-0.451,146.1,97.3,0.507
16.26,31885.5,34683.5,-0.5875,-0.7775,146.1,97.3,0.507
16.28,31838.5,34736.1,-0.8289,-0.6481,146.1,97.3,0.507
16.3,31869.4,34670.2,-0.6705,-0.8104,146.1,97.3,0.507
16.32,31757.9,34571.6,-1.2424,-1.053,146.1,97.3,0.507
16.34,31814.1,34551.7,-0.9541,-1.1022,146.1,97.3,0.507
16.36,31741.0,34427.4,-1.3293,-1.4081,146.1,97.3,0.507
16.38,31715.2,34532.2,-1.4619,-1.15,146.1,97.3,0.507
16.4,31946.8,34693.0,-0.2731,-0.7541,146.1,97.3,0.507
16.42,32106.8,35006.9,0.5483,0.0186,146.1,97.3,0.507
16.44,32251.3,35430.2,1.2897,1.0609,146.1,97.3,0.507
16.46,32302.3,35668.4,1.5514,1.6472,146.1,97.3,0.507
16.48,32322.8,35785.4,1.6567,1.9353,146.1,97.3,0.507
16.5,32337.8,35647.1,1.7337,1.5947,146.1,97.3,0.507
16.52,32154.8,35564.5,0.7948,1.3915,146.1,97.3,0.507
16.54,32103.8,35317.7,0.5326,0.7838,146.1,97.3,0.507
16.56,32109.3,35118.6,0.5608,0.2936,146.1,97.3,0.507
16.58,32086.8,35003.3,0.4455,0.0096,146.1,97.3,0.507
16.6,32016.4,35015.5,0.0842,0.0399,146.1,97.3,0.507
16.62,31872.4,34940.1,-0.655,-0.1457,146.1,97.3,0.507
16.64,31954.5,34856.8,-0.2333,-0.351,146.1,97.3,0.507
16.66,31942.9,34747.7,-0.293,-0.6197,146.1,97.3,0.507
16.68,31810.8,34636.9,-0.9708,-0.8924,146.1,97.3,0.507
16.7,31801.1,34791.2,-1.0207,-0.5124,146.1,97.3,0.507
16.72,31880.3,34568.3,-0.6141,-1.0611,146.1,97.3,0.507
16.74,31861.4,34618.4,-0.7111,-0.9378,146.1,97.3,0.507
16.76,31772.7,34518.8,-1.1668,-1.1831,146.1,97.3,0.507
16.78,31718.0,34440.7,-1.4472,-1.3753,146.1,97.3,0.507
16.8,31740.1,34545.1,-1.3341,-1.1185,146.1,97.3,0.507
16.82,31976.2,34838.5,-0.1221,-0.3959,146.1,97.3,0.507
16.84,32106.7,35196.1,0.5477,0.4845,146.1,97.3,0.507
16.86,32264.8,35547.4,1.3594,1.3494,146.1,97.3,0.507
16.88,32369.2,35789.5,1.895,1.9453,146.1,97.3,0.507
16.9,32366.0,35733.4,1.8786,1.8073,146.1,97.3,0.507
16.92,32379.4,35641.0,1.9475,1.5797,146.1,97.3,0.507
16.94,32082.9,35440.7,0.4256,1.0866,146.1,97.3,0.507
16.96,32096.5,35178.8,0.4952,0.4419,146.1,97.3,0.507
16.98,32048.0,35108.8,0.2466,0.2695,146.1,97.3,0.507
17.0,32096.4,35143.0,0.4947,0.3537,146.1,97.3,0.507
17.02,32027.1,35053.0,0.1389,0.132,146.1,97.3,0.507
17.04,31868.9,34931.3,-0.6727,-0.1675,146.1,97.3,0.507
17.06,31885.2,34819.8,-0.5892,-0.442,146.1,97.3,0.507
17.08,31851.6,34773.8,-0.7617,-0.5553,146.1,97.3,0.507
17.1,31911.2,34592.7,-0.4556,-1.0011,146.1,97.3,0.507
17.12,31833.3,34605.7,-0.8556,-0.9693,146.1,97.3,0.507
17.14,31884.6,34625.5,-0.5923,-0.9205,146.1,97.3,0.507
17.16,31773.0,34533.1,-1.165,-1.148,146.1,97.3,0.507
17.18,31756.6,34456.7,-1.249,-1.336,146.1,97.3,0.507
17.2,31663.7,34448.9,-1.7261,-1.3552,146.1,97.3,0.507
17.22,31801.6,34662.7,-1.0184,-0.8288,146.1,97.3,0.507
17.24,31990.3,34960.8,-0.0499,-0.0948,146.1,97.3,0.507
17.26,32225.5,35397.5,1.1574,0.9801,146.1,97.3,0.507
17.28,32333.6,35667.3,1.7121,1.6446,146.1,97.3,0.507
17.3,32379.4,35776.2,1.9475,1.9126,146.1,97.3,0.507
17.32,32318.0,35676.3,1.6322,1.6667,146.1,97.3,0.507
17.34,32266.9,35489.2,1.3701,1.2059,146.1,97.3,0.507
17.36,32087.3,35255.7,0.4479,0.6311,146.1,97.3,0.507
17.38,32171.4,35106.1,0.8798,0.2627,146.1,97.3,0.507
17.4,32062.8,35022.1,0.3221,0.0559,146.1,97.3,0.507
17.42,31967.4,35131.0,-0.167,0.3241,146.1,97.3,0.507
17.44,31948.3,34990.4,-0.2654,-0.022,146.1,97.3,0.507
17.46,31898.2,34873.3,-0.5225,-0.3102,146.1,97.3,0.507
17.48,31841.1,34634.4,-0.8156,-0.8986,146.1,97.3,0.507
17.5,31899.4,34718.3,-0.5164,-0.6919,146.1,97.3,0.507
17.52,31825.2,34611.4,-0.897,-0.9551,146.1,97.3,0.507
17.54,31834.9,34680.7,-0.8472,-0.7845,146.1,97.3,0.507
17.56,31837.8,34542.2,-0.8324,-1.1256,146.1,97.3,0.507
17.58,31825.8,34497.4,-0.8938,-1.2358,146.1,97.3,0.507
17.6,31745.3,34518.9,-1.3073,-1.1828,146.1,97.3,0.507
17.62,31770.3,34565.4,-1.1787,-1.0684,146.1,97.3,0.507
17.64,31956.0,34766.7,-0.226,-0.5727,146.1,97.3,0.507
17.66,32179.1,35146.6,0.9194,0.3625,146.1,97.3,0.507
17.68,32240.5,35548.9,1.2345,1.3531,146.1,97.3,0.507
17.7,32370.3,35750.0,1.9008,1.8481,146.1,97.3,0.507
17.72,32423.9,35693.0,2.1758,1.7078,146.1,97.3,0.507
17.74,32284.9,35579.6,1.4621,1.4285,146.1,97.3,0.507
17.76,32150.7,35324.4,0.7734,0.8002,146.1,97.3,0.507
17.78,32094.9,35212.3,0.4872,0.5244,146.1,97.3,0.507
17.8,32048.9,35169.2,0.2509,0.4182,146.1,97.3,0.507
17.82,32140.5,35092.6,0.721,0.2296,146.1,97.3,0.507
17.84,32026.5,35046.5,0.1363,0.116,146.1,97.3,0.507
17.86,31966.2,34838.7,-0.1733,-0.3954,146.1,97.3,0.507
17.88,31933.4,34760.2,-0.342,-0.5887,146.1,97.3,0.507
17.9,31878.2,34707.1,-0.6252,-0.7194,146.1,97.3,0.507
17.92,31829.6,34690.0,-0.8745,-0.7615,146.1,97.3,0.507
17.94,31828.4,34596.2,-0.8805,-0.9925,146.1,97.3,0.507
17.96,31726.7,34688.2,-1.4029,-0.7661,146.1,97.3,0.507
17.98,31743.0,34571.6,-1.3191,-1.053,146.1,97.3,0.507
18.0,31728.1,34488.5,-1.3954,-1.2578,146.1,97.3,0.507
18.02,31768.8,34476.5,-1.1866,-1.2871,146.1,97.3,0.507
18.04,31933.6,34688.8,-0.3407,-0.7644,146.1,97.3,0.507
18.06,31967.0,35012.0,-0.1693,0.0311,146.1,97.3,0.507
18.08,32177.5,35321.5,0.911,0.793,146.1,97.3,0.507
18.1,32277.0,35584.3,1.4219,1.4402,146.1,97.3,0.507
18.12,32248.4,35800.3,1.2751,1.9719,146.1,97.3,0.507
18.14,32273.1,35751.6,1.4016,1.852,146.1,97.3,0.507
18.16,32239.7,35418.8,1.2302,1.0326,146.1,97.3,0.507
18.18,32139.4,35391.6,0.7154,0.9657,146.1,97.3,0.507
18.2,32035.2,35180.9,0.181,0.4471,146.1,97.3,0.507
18.22,32046.8,35056.1,0.2401,0.1399,146.1,97.3,0.507
18.24,32059.7,35095.1,0.3066,0.2357,146.1,97.3,0.507
18.26,32052.6,34949.5,0.27,-0.1228,146.1,97.3,0.507
18.28,32005.3,34794.8,0.0274,-0.5036,146.1,97.3,0.507
18.3,31939.8,34799.8,-0.3088,-0.4914,146.1,97.3,0.507
18.32,31949.8,34714.9,-0.2578,-0.7003,146.1,97.3,0.507
18.34,31782.5,34607.8,-1.1161,-0.9641,146.1,97.3,0.507
18.36,31824.9,34663.5,-0.8986,-0.8269,146.1,97.3,0.507
18.38,31842.6,34653.9,-0.808,-0.8504,146.1,97.3,0.507
18.4,31768.7,34507.4,-1.1872,-1.2111,146.1,97.3,0.507
18.42,31785.6,34449.1,-1.1005,-1.3548,146.1,97.3,0.507
18.44,31797.2,34536.4,-1.0408,-1.1398,146.1,97.3,0.507
18.46,31852.6,34732.9,-0.7567,-0.6561,146.1,97.3,0.507
18.48,32025.4,35196.6,0.1303,0.4857,146.1,97.3,0.507
18.5,32216.2,35452.3,1.1097,1.1153,146.1,97.3,0.507
18.52,32302.5,35796.2,1.5526,1.9618,146.1,97.3,0.507
18.54,32350.5,35854.0,1.799,2.1042,146.1,97.3,0.507
18.56,32262.2,35555.3,1.3457,1.3688,146.1,97.3,0.507
18.58,32145.5,35379.1,0.7466,0.935,146.1,97.3,0.507
18.6,32033.3,35357.3,0.1708,0.8813,146.1,97.3,0.507
18.62,32008.8,35114.4,0.0452,0.2832,146.1,97.3,0.507
18.64,32077.9,35015.5,0.3997,0.0399,146.1,97.3,0.507
18.66,31985.6,35076.1,-0.0738,0.1889,146.1,97.3,0.507
18.68,31974.7,34949.5,-0.1299,-0.1228,146.1,97.3,0.507
18.7,31902.2,34952.2,-0.5021,-0.116,146.1,97.3,0.507
18.72,31935.8,34777.5,-0.3296,-0.5463,146.1,97.3,0.507
18.74,31832.5,34714.1,-0.8595,-0.7022,146.1,97.3,0.507
18.76,31861.2,34685.2,-0.7123,-0.7735,146.1,97.3,0.507
18.78,31906.9,34645.7,-0.478,-0.8708,146.1,97.3,0.507
18.8,31830.8,34582.3,-0.8684,-1.0269,146.1,97.3,0.507
18.82,31768.9,34440.0,-1.1862,-1.377,146.1,97.3,0.507
18.84,31739.4,34411.1,-1.3378,-1.4483,146.1,97.3,0.507
18.86,31887.7,34543.7,-0.5763,-1.1219,146.1,97.3,0.507
18.88,31901.9,34920.8,-0.5035,-0.1933,146.1,97.3,0.507
18.9,32113.0,35288.8,0.5798,0.7127,146.1,97.3,0.507
18.92,32361.3,35726.4,1.8542,1.7899,146.1,97.3,0.507
18.94,32348.5,35713.9,1.7888,1.7593,146.1,97.3,0.507
18.96,32296.7,35626.8,1.523,1.5447,146.1,97.3,0.507
18.98,32217.9,35596.3,1.1183,1.4697,146.1,97.3,0.507
19.0,32131.0,35353.8,0.6723,0.8726,146.1,97.3,0.507
19.02,32034.2,35216.2,0.1758,0.5338,146.1,97.3,0.507
19.04,31975.0,35075.8,-0.1283,0.1881,146.1,97.3,0.507
19.06,31951.3,35120.6,-0.2499,0.2985,146.1,97.3,0.507
19.08,31957.5,34917.6,-0.2183,-0.2013,146.1,97.3,0.507
19.1,31951.0,34949.1,-0.2516,-0.1238,146.1,97.3,0.507
19.12,31851.1,34691.3,-0.7644,-0.7585,146.1,97.3,0.507
19.14,31897.4,34715.4,-0.5266,-0.6992,146.1,97.3,0.507
19.16,31858.2,34674.8,-0.7278,-0.7991,146.1,97.3,0.507
19.18,31847.1,34673.6,-0.7848,-0.8019,146.1,97.3,0.507
19.2,31868.4,34602.2,-0.6752,-0.9778,146.1,97.3,0.507
19.22,31749.4,34455.8,-1.2862,-1.3382,146.1,97.3,0.507
19.24,31689.2,34544.7,-1.5951,-1.1194,146.1,97.3,0.507
19.26,31783.4,34523.7,-1.1115,-1.171,146.1,97.3,0.507
19.28,31865.2,34802.7,-0.692,-0.4842,146.1,97.3,0.507
19.3,32047.0,35107.9,0.2413,0.2674,146.1,97.3,0.507
19.32,32261.9,35546.1,1.3444,1.3461,146.1,97.3,0.507
19.34,32306.2,35655.4,1.5714,1.6152,146.1,97.3,0.507
19.36,32302.2,35783.0,1.5509,1.9294,146.1,97.3,0.507
19.38,32351.3,35570.2,1.8033,1.4054,146.1,97.3,0.507
19.4,32262.2,35417.3,1.3458,1.029,146.1,97.3,0.507
19.42,32096.2,35239.7,0.4937,0.5918,146.1,97.3,0.507
19.44,32094.2,35141.4,0.4836,0.3497,146.1,97.3,0.507
19.46,32020.3,35111.0,0.1044,0.2748,146.1,97.3,0.507
19.48,31974.4,34947.3,-0.1312,-0.128,146.1,97.3,0.507
19.5,31992.5,34936.0,-0.0385,-0.156,146.1,97.3,0.507
19.52,31871.8,34821.3,-0.6579,-0.4383,146.1,97.3,0.507
19.54,31772.1,34686.4,-1.1697,-0.7705,146.1,97.3,0.507
19.56,31896.3,34720.0,-0.5322,-0.6877,146.1,97.3,0.507
19.58,31884.6,34664.5,-0.5924,-0.8244,146.1,97.3,0.507
19.6,31811.8,34626.4,-0.966,-0.9182,146.1,97.3,0.507
19.62,31812.2,34536.5,-0.9638,-1.1395,146.1,97.3,0.507
19.64,31826.0,34515.2,-0.8931,-1.1919,146.1,97.3,0.507
19.66,31709.5,34509.0,-1.4912,-1.2072,146.1,97.3,0.507
19.68,31739.6,34665.6,-1.3364,-0.8217,146.1,97.3,0.507
19.7,31898.8,34848.0,-0.5195,-0.3725,146.1,97.3,0.507
19.72,32120.2,35251.8,0.6168,0.6215,146.1,97.3,0.507
19.74,32273.9,35542.2,1.4061,1.3365,146.1,97.3,0.507
19.76,32361.3,35625.5,1.8543,1.5416,146.1,97.3,0.507
19.78,32358.3,35716.9,1.8393,1.7667,146.1,97.3,0.507
19.8,32303.0,35510.6,1.5551,1.2587,146.1,97.3,0.507
19.82,32136.6,35306.3,0.7011,0.7558,146.1,97.3,0.507
19.84,32048.1,35202.5,0.2469,0.5002,146.1,97.3,0.507
19.86,32056.6,35117.3,0.2906,0.2904,146.1,97.3,0.507
19.88,32059.5,35151.8,0.3056,0.3752,146.1,97.3,0.507
19.9,32056.6,35007.5,0.2906,0.0202,146.1,97.3,0.507
19.92,31933.2,34803.5,-0.3427,-0.4821,146.1,97.3,0.507
19.94,31882.2,34893.4,-0.6048,-0.2609,146.1,97.3,0.507
19.96,31820.4,34713.1,-0.9217,-0.7046,146.1,97.3,0.507
19.98,31885.2,34625.9,-0.5893,-0.9195,146.1,97.3,0.507
20.0,31843.7,34624.8,-0.802,-0.922,146.1,97.3,0.507
20.02,31820.9,34656.9,-0.9194,-0.8432,146.1,97.3,0.507
20.04,31836.1,34448.9,-0.8414,-1.3552,146.1,97.3,0.507
20.06,31817.1,34486.4,-0.9386,-1.2629,146.1,97.3,0.507
20.08,31771.4,34556.9,-1.1731,-1.0892,146.1,97.3,0.507
20.1,31887.9,34655.1,-0.5752,-0.8475,146.1,97.3,0.507
20.12,32031.4,35089.9,0.1611,0.223,146.1,97.3,0.507
20.14,32268.4,35422.3,1.3777,1.0414,146.1,97.3,0.507
20.16,32364.9,35637.6,1.8729,1.5714,146.1,97.3,0.507
20.18,32288.6,35711.6,1.4812,1.7536,146.1,97.3,0.507
20.2,32280.3,35637.5,1.4389,1.5712,146.1,97.3,0.507
20.22,32219.9,35422.4,1.1289,1.0417,146.1,97.3,0.507
20.24,32142.5,35292.3,0.7317,0.7213,146.1,97.3,0.507
20.26,32050.0,35074.3,0.2567,0.1845,146.1,97.3,0.507
20.28,32054.3,35070.1,0.2789,0.1741,146.1,97.3,0.507
20.3,32018.6,34998.5,0.0953,-0.0021,146.1,97.3,0.507
20.32,31856.9,34969.9,-0.7347,-0.0725,146.1,97.3,0.507
20.34,31904.3,34866.7,-0.4914,-0.3265,146.1,97.3,0.507
20.36,31946.4,34761.2,-0.2749,-0.5862,146.1,97.3,0.507
20.38,31742.8,34714.0,-1.32,-0.7026,146.1,97.3,0.507
20.4,31859.1,34635.4,-0.7232,-0.8961,146.1,97.3,0.507
20.42,31822.7,34698.1,-0.9101,-0.7416,146.1,97.3,0.507
20.44,31784.6,34619.0,-1.1056,-0.9365,146.1,97.3,0.507
20.46,31749.8,34515.9,-1.284,-1.1903,146.1,97.3,0.507
20.48,31768.2,34416.6,-1.1897,-1.4347,146.1,97.3,0.507
20.5,31883.6,34655.6,-0.5972,-0.8463,146.1,97.3,0.507
20.52,31981.5,34846.1,-0.0948,-0.3774,146.1,97.3,0.507
20.54,32095.2,35323.6,0.4889,0.7983,146.1,97.3,0.507
20.56,32300.0,35594.5,1.5396,1.4652,146.1,97.3,0.507
20.58,32360.0,35782.8,1.8476,1.9289,146.1,97.3,0.507
20.6,32373.0,35635.8,1.9142,1.5669,146.1,97.3,0.507
20.62,32249.8,35571.5,1.2823,1.4086,146.1,97.3,0.507
20.64,32153.8,35286.7,0.7893,0.7074,146.1,97.3,0.507
20.66,32122.9,35134.5,0.6307,0.3328,146.1,97.3,0.507
20.68,32006.7,35099.6,0.0344,0.2467,146.1,97.3,0.507
20.7,32002.2,35011.2,0.0115,0.0293,146.1,97.3,0.507
20.72,32076.7,34998.8,0.3939,-0.0014,146.1,97.3,0.507
20.74,31822.0,34877.5,-0.9133,-0.2999,146.1,97.3,0.507
20.76,31923.0,34801.5,-0.3954,-0.4871,146.1,97.3,0.507
20.78,31849.0,34616.4,-0.7752,-0.9429,146.1,97.3,0.507
20.8,31889.3,34695.2,-0.5679,-0.7488,146.1,97.3,0.507
20.82,31797.6,34674.2,-1.0386,-0.8005,146.1,97.3,0.507
20.84,31884.9,34633.2,-0.5906,-0.9014,146.1,97.3,0.507
20.86,31794.1,34479.0,-1.0567,-1.281,146.1,97.3,0.507
20.88,31704.7,34507.0,-1.5157,-1.2121,146.1,97.3,0.507
20.9,31749.2,34458.5,-1.2871,-1.3315,146.1,97.3,0.507
20.92,31878.0,34744.6,-0.626,-0.6273,146.1,97.3,0.507
20.94,31927.5,35021.4,-0.372,0.0542,146.1,97.3,0.507
20.96,32178.1,35350.9,0.914,0.8654,146.1,97.3,0.507
20.98,32304.0,35693.4,1.5601,1.7088,146.1,97.3,0.507
21.0,32343.5,35725.6,1.7631,1.788,146.1,97.3,0.507
21.02,32339.6,35632.6,1.7433,1.5591,146.1,97.3,0.507
21.04,32206.4,35498.6,1.0593,1.2291,146.1,97.3,0.507
21.06,32183.4,35201.7,0.9414,0.4982,146.1,97.3,0.507
21.08,32021.4,35275.1,0.1098,0.679,146.1,97.3,0.507
21.1,32123.5,35074.9,0.6339,0.186,146.1,97.3,0.507
21.12,32035.4,34980.3,0.1817,-0.047,146.1,97.3,0.507
21.14,31932.3,34960.0,-0.3475,-0.0969,146.1,97.3,0.507
21.16,31890.7,34832.8,-0.561,-0.4101,146.1,97.3,0.507
21.18,31874.3,34759.7,-0.645,-0.5901,146.1,97.3,0.507
21.2,31794.5,34622.5,-1.0547,-0.9279,146.1,97.3,0.507
21.22,31879.0,34640.7,-0.6209,-0.8831,146.1,97.3,0.507
21.24,31803.4,34638.7,-1.0092,-0.8879,146.1,97.3,0.507
21.26,31835.1,34511.8,-0.8464,-1.2003,146.1,97.3,0.507
21.28,31864.5,34456.0,-0.6952,-1.3378,146.1,97.3,0.507
21.3,31791.2,34400.0,-1.0717,-1.4756,146.1,97.3,0.507
21.32,31819.9,34579.8,-0.9242,-1.0329,146.1,97.3,0.507
21.34,31952.4,34897.9,-0.2444,-0.2497,146.1,97.3,0.507
21.36,32030.0,35205.3,0.1539,0.507,146.1,97.3,0.507
21.38,32358.6,35634.3,1.8408,1.5633,146.1,97.3,0.507
21.4,32296.4,35829.2,1.5213,2.0431,146.1,97.3,0.507
21.42,32384.6,35673.6,1.974,1.66,146.1,97.3,0.507
21.44,32250.0,35645.1,1.2832,1.5897,146.1,97.3,0.507
21.46,32154.7,35392.4,0.7939,0.9676,146.1,97.3,0.507
21.48,32035.4,35226.5,0.1818,0.5592,146.1,97.3,0.507
21.5,32092.8,35049.7,0.4765,0.124,146.1,97.3,0.507
21.52,32107.0,35031.5,0.5491,0.0793,146.1,97.3,0.507
21.54,32016.2,34994.4,0.0833,-0.0122,146.1,97.3,0.507
21.56,31945.2,34846.3,-0.2811,-0.3769,146.1,97.3,0.507
21.58,31913.1,34768.1,-0.446,-0.5694,146.1,97.3,0.507
21.6,31731.6,34697.0,-1.3774,-0.7443,146.1,97.3,0.507
21.62,31862.2,34718.5,-0.7072,-0.6915,146.1,97.3,0.507
21.64,31831.2,34766.0,-0.8661,-0.5744,146.1,97.3,0.507
21.66,31833.2,34603.4,-0.8562,-0.9749,146.1,97.3,0.507
21.68,31816.8,34538.3,-0.9404,-1.1351,146.1,97.3,0.507
21.7,31713.7,34396.6,-1.4696,-1.484,146.1,97.3,0.507
21.72,31679.3,34453.7,-1.6462,-1.3434,146.1,97.3,0.507
21.74,31842.0,34693.4,-0.811,-0.7532,146.1,97.3,0.507
21.76,32012.1,35042.5,0.062,0.1062,146.1,97.3,0.507
21.78,32203.1,35455.0,1.0423,1.1218,146.1,97.3,0.507
21.8,32306.4,35648.3,1.5724,1.5977,146.1,97.3,0.507
21.82,32297.9,35685.1,1.529,1.6883,146.1,97.3,0.507
21.84,32341.1,35771.7,1.7506,1.9015,146.1,97.3,0.507
21.86,32171.9,35587.9,0.8822,1.449,146.1,97.3,0.507
21.88,32113.9,35372.5,0.5846,0.9186,146.1,97.3,0.507
21.9,32078.0,35187.1,0.4004,0.4622,146.1,97.3,0.507
21.92,32078.6,35150.6,0.4033,0.3723,146.1,97.3,0.507
21.94,32012.6,34986.6,0.0647,-0.0315,146.1,97.3,0.507
21.96,31984.7,34830.0,-0.0786,-0.4169,146.1,97.3,0.507
21.98,31924.1,34889.1,-0.3893,-0.2715,146.1,97.3,0.507
22.0,31822.7,34782.2,-0.9099,-0.5347,146.1,97.3,0.507
22.02,31840.4,34705.2,-0.8192,-0.7242,146.1,97.3,0.507
22.04,31935.3,34614.2,-0.3319,-0.9482,146.1,97.3,0.507
22.06,31853.6,34663.0,-0.7515,-0.828,146.1,97.3,0.507
22.08,31822.0,34563.3,-0.9136,-1.0736,146.1,97.3,0.507
22.1,31703.9,34469.9,-1.5196,-1.3034,146.1,97.3,0.507
22.12,31743.4,34507.8,-1.317,-1.2102,146.1,97.3,0.507
22.14,31819.9,34588.0,-0.9245,-1.0126,146.1,97.3,0.507
22.16,31940.1,34867.5,-0.3071,-0.3247,146.1,97.3,0.507
22.18,32041.0,35264.4,0.2103,0.6525,146.1,97.3,0.507
22.2,32332.1,35531.3,1.7048,1.3098,146.1,97.3,0.507
22.22,32325.9,35655.4,1.6729,1.6152,146.1,97.3,0.507
22.24,32350.2,35712.5,1.7976,1.7559,146.1,97.3,0.507
22.26,32276.0,35521.7,1.4167,1.286,146.1,97.3,0.507
22.28,32222.5,35300.1,1.1422,0.7405,146.1,97.3,0.507
22.3,32092.4,35260.1,0.4742,0.6419,146.1,97.3,0.507
22.32,32077.2,35192.2,0.3963,0.4747,146.1,97.3,0.507
22.34,32097.9,35090.4,0.5026,0.2241,146.1,97.3,0.507
22.36,31991.5,35030.6,-0.0438,0.0769,146.1,97.3,0.507
22.38,31967.5,34834.6,-0.1666,-0.4057,146.1,97.3,0.507
22.4,31925.5,34828.9,-0.3825,-0.4197,146.1,97.3,0.507
22.42,31819.2,34791.2,-0.9277,-0.5125,146.1,97.3,0.507
22.44,31837.7,34637.1,-0.833,-0.8919,146.1,97.3,0.507
22.46,31918.1,34621.4,-0.4203,-0.9305,146.1,97.3,0.507
22.48,31866.2,34581.8,-0.6867,-1.0279,146.1,97.3,0.507
22.5,31786.7,34478.6,-1.095,-1.282,146.1,97.3,0.507
22.52,31708.9,34500.9,-1.4939,-1.2272,146.1,97.3,0.507
22.54,31868.0,34494.8,-0.6777,-1.2423,146.1,97.3,0.507
22.56,31845.8,34652.2,-0.7916,-0.8548,146.1,97.3,0.507
22.58,31981.1,34948.8,-0.0971,-0.1245,146.1,97.3,0.507
22.6,32213.5,35336.3,1.0957,0.8295,146.1,97.3,0.507
22.62,32347.4,35745.2,1.7831,1.8364,146.1,97.3,0.507
22.64,32323.5,35703.3,1.6606,1.7331,146.1,97.3,0.507
22.66,32325.2,35671.9,1.6693,1.6557,146.1,97.3,0.507
22.68,32187.2,35534.9,0.9607,1.3185,146.1,97.3,0.507
22.7,32016.5,35300.4,0.0845,0.7411,146.1,97.3,0.507
22.72,32075.6,35133.8,0.3878,0.331,146.1,97.3,0.507
22.74,31987.5,35092.2,-0.0641,0.2287,146.1,97.3,0.507
22.76,32117.7,35034.1,0.6042,0.0857,146.1,97.3,0.507
22.78,31986.3,34985.2,-0.0701,-0.0347,146.1,97.3,0.507
22.8,31822.3,34808.0,-0.912,-0.4711,146.1,97.3,0.507
22.82,31915.8,34818.4,-0.4321,-0.4455,146.1,97.3,0.507
22.84,31841.1,34698.1,-0.8157,-0.7418,146.1,97.3,0.507
22.86,31873.0,34636.9,-0.6519,-0.8924,146.1,97.3,0.507
22.88,31819.6,34697.7,-0.9259,-0.7425,146.1,97.3,0.507
22.9,31833.0,34591.3,-0.8572,-1.0045,146.1,97.3,0.507
22.92,31693.3,34472.5,-1.5742,-1.2972,146.1,97.3,0.507
22.94,31735.4,34440.5,-1.3579,-1.3758,146.1,97.3,0.507
22.96,31784.1,34563.4,-1.1083,-1.0732,146.1,97.3,0.507
22.98,31846.6,34779.8,-0.787,-0.5406,146.1,97.3,0.507
23.0,32060.1,35124.6,0.3083,0.3085,146.1,97.3,0.507
23.02,32278.7,35525.3,1.4307,1.295,146.1,97.3,0.507
23.04,32391.3,35706.5,2.0083,1.7409,146.1,97.3,0.507
23.06,32308.1,35746.0,1.5814,1.8383,146.1,97.3,0.507
23.08,32157.5,35543.0,0.8083,1.3385,146.1,97.3,0.507
23.1,32163.4,35371.5,0.8389,0.9162,146.1,97.3,0.507
23.12,32099.1,35258.8,0.5087,0.6388,146.1,97.3,0.507
23.14,32129.9,35137.0,0.6666,0.339,146.1,97.3,0.507
23.16,32062.7,35128.8,0.3219,0.3188,146.1,97.3,0.507
23.18,32102.0,35000.7,0.5238,0.0032,146.1,97.3,0.507
23.2,31935.3,34825.9,-0.3321,-0.4271,146.1,97.3,0.507
23.22,32017.4,34806.7,0.0894,-0.4742,146.1,97.3,0.507
23.24,31844.1,34791.2,-0.8001,-0.5125,146.1,97.3,0.507
23.26,31871.7,34691.5,-0.6584,-0.7579,146.1,97.3,0.507
23.28,31870.4,34641.1,-0.6651,-0.882,146.1,97.3,0.507
23.3,31862.5,34613.9,-0.7056,-0.9489,146.1,97.3,0.507
23.32,31858.9,34471.8,-0.7244,-1.2989,146.1,97.3,0.507
23.34,31713.1,34539.9,-1.4725,-1.1311,146.1,97.3,0.507
23.36,31820.3,34442.3,-0.9225,-1.3714,146.1,97.3,0.507
23.38,31875.4,34642.4,-0.6394,-0.8788,146.1,97.3,0.507
23.4,32045.7,34978.4,0.2347,-0.0516,146.1,97.3,0.507
23.42,32195.8,35357.7,1.0052,0.8822,146.1,97.3,0.507
23.44,32401.7,35609.4,2.0621,1.5019,146.1,97.3,0.507
23.46,32359.9,35724.9,1.8472,1.7862,146.1,97.3,0.507
23.48,32290.7,35674.4,1.492,1.662,146.1,97.3,0.507
23.5,32276.1,35551.2,1.417,1.3587,146.1,97.3,0.507
23.52,32111.5,35321.0,0.5722,0.7918,146.1,97.3,0.507
23.54,32105.7,35137.6,0.5427,0.3403,146.1,97.3,0.507
23.56,32101.8,35058.3,0.5224,0.1452,146.1,97.3,0.507
23.58,32058.4,34956.4,0.2995,-0.1057,146.1,97.3,0.507
23.6,32000.3,34892.9,0.0016,-0.262,146.1,97.3,0.507
23.62,31950.9,34835.3,-0.2518,-0.4038,146.1,97.3,0.507
23.64,31895.6,34753.5,-0.5357,-0.6052,146.1,97.3,0.507
23.66,31879.5,34729.8,-0.6185,-0.6637,146.1,97.3,0.507
23.68,31913.2,34748.3,-0.4454,-0.618,146.1,97.3,0.507
23.7,31862.4,34649.5,-0.706,-0.8614,146.1,97.3,0.507
23.72,31838.8,34656.9,-0.8271,-0.8432,146.1,97.3,0.507
23.74,31781.4,34581.9,-1.122,-1.0278,146.1,97.3,0.507
23.76,31791.4,34386.8,-1.0705,-1.508,146.1,97.3,0.507
23.78,31833.8,34531.4,-0.8529,-1.152,146.1,97.3,0.507
23.8,31885.2,34805.0,-0.5891,-0.4784,146.1,97.3,0.507
23.82,32100.6,35178.8,0.5163,0.4418,146.1,97.3,0.507
23.84,32154.0,35493.1,0.7905,1.2156,146.1,97.3,0.507
23.86,32325.2,35716.7,1.6689,1.766,146.1,97.3,0.507
23.88,32400.1,35733.9,2.0534,1.8085,146.1,97.3,0.507
23.9,32252.2,35539.5,1.2943,1.3299,146.1,97.3,0.507
23.92,32222.4,35421.3,1.1415,1.0388,146.1,97.3,0.507
23.94,32073.9,35236.6,0.3792,0.5841,146.1,97.3,0.507
23.96,32052.3,35205.1,0.2687,0.5065,146.1,97.3,0.507
23.98,32114.4,35028.3,0.5872,0.0713,146.1,97.3,0.507
24.0,32035.9,34992.4,0.1841,-0.0171,146.1,97.3,0.507
24.02,31968.0,34868.4,-0.1644,-0.3223,146.1,97.3,0.507
24.04,31913.1,34795.8,-0.4459,-0.5011,146.1,97.3,0.507
24.06,31890.6,34698.2,-0.5615,-0.7415,146.1,97.3,0.507
24.08,31836.1,34595.1,-0.8412,-0.9953,146.1,97.3,0.507
24.1,31753.8,34665.7,-1.2638,-0.8213,146.1,97.3,0.507
24.12,31816.9,34660.4,-0.9399,-0.8344,146.1,97.3,0.507
24.14,31833.0,34533.0,-0.8573,-1.1481,146.1,97.3,0.507
24.16,31770.9,34543.4,-1.1756,-1.1226,146.1,97.3,0.507
24.18,31779.8,34460.5,-1.13,-1.3265,146.1,97.3,0.507
24.2,31851.5,34628.2,-0.7621,-0.9138,146.1,97.3,0.507
24.22,31924.0,34940.9,-0.3898,-0.1439,146.1,97.3,0.507
24.24,32107.3,35377.9,0.5507,0.9321,146.1,97.3,0.507
24.26,32289.7,35601.7,1.4869,1.4829,146.1,97.3,0.507
24.28,32290.2,35750.9,1.4896,1.8504,146.1,97.3,0.507
24.3,32283.7,35663.4,1.4562,1.6348,146.1,97.3,0.507
24.32,32178.3,35509.3,0.915,1.2555,146.1,97.3,0.507
24.34,32142.0,35270.9,0.729,0.6686,146.1,97.3,0.507
24.36,32085.9,35128.7,0.4407,0.3185,146.1,97.3,0.507
24.38,32059.7,35072.2,0.3064,0.1794,146.1,97.3,0.507
24.4,32030.8,34995.5,0.158,-0.0094,146.1,97.3,0.507
24.42,31955.5,34909.9,-0.2285,-0.2203,146.1,97.3,0.507
24.44,31918.3,34892.0,-0.4191,-0.2644,146.1,97.3,0.507
24.46,31829.3,34864.9,-0.8759,-0.331,146.1,97.3,0.507
24.48,31840.9,34624.5,-0.8165,-0.9229,146.1,97.3,0.507
24.5,31868.4,34711.4,-0.6754,-0.709,146.1,97.3,0.507
24.52,31768.0,34554.3,-1.1906,-1.0957,146.1,97.3,0.507
24.54,31873.4,34663.7,-0.6496,-0.8264,146.1,97.3,0.507
24.56,31696.0,34459.9,-1.5601,-1.328,146.1,97.3,0.507
24.58,31813.5,34400.4,-0.9572,-1.4745,146.1,97.3,0.507
24.6,31804.1,34550.1,-1.0054,-1.1061,146.1,97.3,0.507
24.62,31842.6,34742.0,-0.8077,-0.6337,146.1,97.3,0.507
24.64,31992.6,35142.6,-0.0377,0.3527,146.1,97.3,0.507
24.66,32227.6,35468.9,1.1682,1.1559,146.1,97.3,0.507
24.68,32385.1,35678.1,1.9766,1.671,146.1,97.3,0.507
24.7,32323.0,35784.1,1.6577,1.9321,146.1,97.3,0.507
24.72,32352.1,35564.4,1.807,1.3911,146.1,97.3,0.507
24.74,32188.6,35392.1,0.9682,0.9669,146.1,97.3,0.507
24.76,32108.9,35237.7,0.5588,0.5869,146.1,97.3,0.507
24.78,31935.0,35056.7,-0.3337,0.1413,146.1,97.3,0.507
24.8,32077.1,35092.0,0.396,0.228,146.1,97.3,0.507
24.82,32017.0,35007.2,0.0873,0.0192,146.1,97.3,0.507
24.84,31909.9,34940.5,-0.4624,-0.1449,146.1,97.3,0.507
24.86,31894.1,34793.1,-0.5437,-0.5077,146.1,97.3,0.507
24.88,31798.9,34575.7,-1.0322,-1.0429,146.1,97.3,0.507
24.9,31814.2,34700.6,-0.9538,-0.7355,146.1,97.3,0.507
24.92,31876.7,34673.9,-0.6328,-0.8014,146.1,97.3,0.507
24.94,31763.1,34664.8,-1.2161,-0.8238,146.1,97.3,0.507
24.96,31793.7,34509.6,-1.0587,-1.2057,146.1,97.3,0.507
24.98,31710.5,34485.0,-1.4857,-1.2662,146.1,97.3,0.507
25.0,31736.9,34438.8,-1.3502,-1.3801,146.1,97.3,0.507
25.02,31772.3,34595.5,-1.1689,-0.9944,146.1,97.3,0.507
25.04,32033.9,34940.1,0.1742,-0.1458,146.1,97.3,0.507
25.06,32089.8,35304.9,0.461,0.7524,146.1,97.3,0.507
25.08,32302.2,35600.0,1.551,1.4788,146.1,97.3,0.507
25.1,32415.6,35710.3,2.1329,1.7504,146.1,97.3,0.507
25.12,32257.1,35648.1,1.3196,1.5972,146.1,97.3,0.507
25.14,32199.8,35570.1,1.0256,1.4053,146.1,97.3,0.507
25.16,32115.0,35382.2,0.5904,0.9427,146.1,97.3,0.507
25.18,32085.3,35237.1,0.4377,0.5852,146.1,97.3,0.507
25.2,32136.4,35110.3,0.7001,0.2733,146.1,97.3,0.507
25.22,32135.0,35039.7,0.6929,0.0994,146.1,97.3,0.507
25.24,32008.0,34990.7,0.0409,-0.0212,146.1,97.3,0.507
25.26,31880.0,34895.2,-0.6157,-0.2563,146.1,97.3,0.507
25.28,31904.5,34714.5,-0.4901,-0.7012,146.1,97.3,0.507
25.3,31894.7,34657.2,-0.5406,-0.8423,146.1,97.3,0.507
25.32,31828.5,34709.3,-0.8802,-0.7142,146.1,97.3,0.507
25.34,31910.0,34674.6,-0.4621,-0.7994,146.1,97.3,0.507
25.36,31841.9,34550.4,-0.8115,-1.1052,146.1,97.3,0.507
25.38,31748.1,34533.8,-1.2928,-1.1463,146.1,97.3,0.507
25.4,31696.4,34431.4,-1.5582,-1.3984,146.1,97.3,0.507
25.42,31791.0,34509.0,-1.0725,-1.2073,146.1,97.3,0.507
25.44,31840.7,34663.2,-0.8175,-0.8275,146.1,97.3,0.507
25.46,32097.8,35044.2,0.5022,0.1103,146.1,97.3,0.507
25.48,32223.8,35359.5,1.1486,0.8868,146.1,97.3,0.507
25.5,32371.8,35704.8,1.9082,1.7369,146.1,97.3,0.507
25.52,32321.4,35742.9,1.6499,1.8306,146.1,97.3,0.507
25.54,32275.6,35698.3,1.4144,1.7209,146.1,97.3,0.507
25.56,32215.7,35527.4,1.1073,1.3,146.1,97.3,0.507
25.58,32114.2,35195.8,0.5861,0.4836,146.1,97.3,0.507
25.6,32064.3,35154.5,0.3301,0.382,146.1,97.3,0.507
25.62,32049.2,35000.0,0.2528,0.0016,146.1,97.3,0.507
25.64,31927.5,34952.3,-0.3719,-0.1158,146.1,97.3,0.507
25.66,32063.8,34905.9,0.3276,-0.2301,146.1,97.3,0.507
25.68,31907.1,34828.5,-0.4768,-0.4207,146.1,97.3,0.507
25.7,31837.2,34720.6,-0.8356,-0.6862,146.1,97.3,0.507
25.72,31940.6,34811.5,-0.3046,-0.4625,146.1,97.3,0.507
25.74,31872.7,34658.7,-0.6535,-0.8387,146.1,97.3,0.507
25.76,31812.5,34671.4,-0.9625,-0.8074,146.1,97.3,0.507
25.78,31810.0,34490.3,-0.9751,-1.2533,146.1,97.3,0.507
25.8,31684.4,34464.9,-1.62,-1.3158,146.1,97.3,0.507
25.82,31750.1,34443.2,-1.2827,-1.3692,146.1,97.3,0.507
25.84,31796.2,34664.9,-1.0457,-0.8235,146.1,97.3,0.507
25.86,31978.4,34863.9,-0.111,-0.3334,146.1,97.3,0.507
25.88,32177.7,35238.2,0.9123,0.5882,146.1,97.3,0.507
25.9,32269.5,35526.0,1.3832,1.2965,146.1,97.3,0.507
25.92,32284.3,35714.9,1.4595,1.7618,146.1,97.3,0.507
25.94,32376.1,35692.2,1.9303,1.7058,146.1,97.3,0.507
25.96,32257.3,35527.1,1.3205,1.2993,146.1,97.3,0.507
25.98,32162.8,35344.7,0.8355,0.8503,146.1,97.3,0.507
26.0,32040.3,35228.4,0.2066,0.5639,146.1,97.3,0.507
26.02,32021.7,35066.4,0.1115,0.1651,146.1,97.3,0.507
26.04,32049.7,35068.3,0.255,0.1698,146.1,97.3,0.507
26.06,32022.6,35020.8,0.116,0.0528,146.1,97.3,0.507
26.08,32022.0,34810.3,0.113,-0.4654,146.1,97.3,0.507
26.1,31873.4,34770.1,-0.6495,-0.5645,146.1,97.3,0.507
26.12,31801.8,34728.6,-1.0171,-0.6666,146.1,97.3,0.507
26.14,31765.5,34659.9,-1.2035,-0.8358,146.1,97.3,0.507
26.16,31890.6,34609.1,-0.5612,-0.9608,146.1,97.3,0.507
26.18,31828.0,34571.2,-0.8828,-1.0541,146.1,97.3,0.507
26.2,31797.4,34536.9,-1.0399,-1.1385,146.1,97.3,0.507
26.22,31809.1,34492.9,-0.9799,-1.2468,146.1,97.3,0.507
26.24,31758.5,34463.7,-1.2395,-1.3188,146.1,97.3,0.507
26.26,31871.4,34724.7,-0.6598,-0.6762,146.1,97.3,0.507
26.28,32015.0,35065.0,0.077,0.1617,146.1,97.3,0.507
26.3,32182.8,35482.7,0.9382,1.1901,146.1,97.3,0.507
26.32,32376.1,35612.2,1.9307,1.509,146.1,97.3,0.507
26.34,32385.4,35804.0,1.9782,1.9811,146.1,97.3,0.507
26.36,32242.5,35617.7,1.2447,1.5223,146.1,97.3,0.507
26.38,32145.9,35500.4,0.7488,1.2335,146.1,97.3,0.507
26.4,32137.4,35201.7,0.7052,0.4982,146.1,97.3,0.507
26.42,32065.1,35111.0,0.3343,0.275,146.1,97.3,0.507
26.44,31996.7,35147.9,-0.0167,0.3657,146.1,97.3,0.507
26.46,32028.3,35038.8,0.1455,0.0971,146.1,97.3,0.507
26.48,31996.1,34920.4,-0.0202,-0.1943,146.1,97.3,0.507
26.5,31948.6,34779.6,-0.2639,-0.5409,146.1,97.3,0.507
26.52,31887.0,34714.9,-0.5798,-0.7004,146.1,97.3,0.507
26.54,31861.2,34614.5,-0.7126,-0.9475,146.1,97.3,0.507
26.56,31967.0,34679.5,-0.1691,-0.7875,146.1,97.3,0.507
26.58,31853.4,34624.6,-0.7525,-0.9226,146.1,97.3,0.507
26.6,31850.5,34585.6,-0.7672,-1.0187,146.1,97.3,0.507
26.62,31700.0,34439.1,-1.5398,-1.3793,146.1,97.3,0.507
26.64,31757.5,34499.3,-1.2447,-1.2312,146.1,97.3,0.507
26.66,31811.7,34548.8,-0.9663,-1.1094,146.1,97.3,0.507
26.68,31953.0,34825.2,-0.241,-0.4287,146.1,97.3,0.507
26.7,32096.3,35190.9,0.4944,0.4717,146.1,97.3,0.507
26.72,32206.6,35592.3,1.0603,1.4598,146.1,97.3,0.507
26.74,32336.3,35703.4,1.7263,1.7333,146.1,97.3,0.507
26.76,32365.1,35681.8,1.8741,1.6803,146.1,97.3,0.507
26.78,32240.8,35480.8,1.2359,1.1853,146.1,97.3,0.507
26.8,32098.0,35365.5,0.5031,0.9015,146.1,97.3,0.507
26.82,32075.2,35210.2,0.3859,0.5192,146.1,97.3,0.507
26.84,32185.8,35208.5,0.9537,0.515,146.1,97.3,0.507
26.86,31999.3,35118.3,-0.0036,0.2929,146.1,97.3,0.507
26.88,31977.7,35128.0,-0.1143,0.3167,146.1,97.3,0.507
26.9,32003.1,34795.8,0.016,-0.5011,146.1,97.3,0.507
26.92,31920.0,34904.9,-0.4105,-0.2326,146.1,97.3,0.507
26.94,31863.8,34684.3,-0.699,-0.7757,146.1,97.3,0.507
26.96,31825.0,34668.0,-0.8984,-0.8157,146.1,97.3,0.507
26.98,31790.3,34668.5,-1.0762,-0.8145,146.1,97.3,0.507
27.0,31738.9,34627.8,-1.3399,-0.9147,146.1,97.3,0.507
27.02,31784.0,34416.7,-1.1086,-1.4345,146.1,97.3,0.507
27.04,31673.7,34415.4,-1.6748,-1.4376,146.1,97.3,0.507
27.06,31842.7,34516.0,-0.8074,-1.1901,146.1,97.3,0.507
27.08,31827.2,34731.4,-0.8871,-0.6596,146.1,97.3,0.507
27.1,32081.2,35166.7,0.4169,0.4121,146.1,97.3,0.507
27.12,32179.1,35311.6,0.9192,0.7688,146.1,97.3,0.507
27.14,32326.2,35699.0,1.6742,1.7225,146.1,97.3,0.507
27.16,32381.3,35726.4,1.957,1.7901,146.1,97.3,0.507
27.18,32251.8,35658.8,1.2923,1.6235,146.1,97.3,0.507
27.2,32201.1,35417.3,1.0321,1.0289,146.1,97.3,0.507
27.22,32118.4,35162.7,0.6075,0.4021,146.1,97.3,0.507
27.24,32097.7,35179.5,0.5015,0.4436,146.1,97.3,0.507
27.26,32093.5,35119.1,0.4797,0.2949,146.1,97.3,0.507
27.28,32040.8,35132.5,0.2095,0.3278,146.1,97.3,0.507
27.3,32003.2,34904.0,0.0167,-0.2347,146.1,97.3,0.507
27.32,31877.9,34902.5,-0.6269,-0.2385,146.1,97.3,0.507
27.34,31882.0,34689.2,-0.6056,-0.7636,146.1,97.3,0.507
27.36,31855.7,34673.9,-0.7404,-0.8014,146.1,97.3,0.507
27.38,31930.0,34627.4,-0.3595,-0.9157,146.1,97.3,0.507
27.4,31767.9,34700.9,-1.1915,-0.7347,146.1,97.3,0.507
27.42,31827.7,34536.5,-0.8843,-1.1395,146.1,97.3,0.507
27.44,31852.9,34493.5,-0.755,-1.2453,146.1,97.3,0.507
27.46,31727.2,34534.7,-1.4,-1.1441,146.1,97.3,0.507
27.48,31868.7,34576.2,-0.6737,-1.0418,146.1,97.3,0.507
27.5,32084.8,34793.0,0.4353,-0.508,146.1,97.3,0.507
27.52,32108.8,35238.9,0.5586,0.5898,146.1,97.3,0.507
27.54,32236.0,35564.6,1.2115,1.3917,146.1,97.3,0.507
27.56,32359.0,35781.0,1.8424,1.9243,146.1,97.3,0.507
27.58,32306.6,35667.2,1.5739,1.6443,146.1,97.3,0.507
27.6,32223.5,35517.6,1.1472,1.276,146.1,97.3,0.507
27.62,32137.8,35339.3,0.7075,0.837,146.1,97.3,0.507
27.64,32108.7,35265.1,0.5579,0.6543,146.1,97.3,0.507
27.66,32051.1,35174.4,0.2622,0.4309,146.1,97.3,0.507
27.68,32047.6,35092.8,0.2446,0.2301,146.1,97.3,0.507
27.7,32029.9,34974.3,0.1533,-0.0616,146.1,97.3,0.507
27.72,32004.9,34870.4,0.0254,-0.3175,146.1,97.3,0.507
27.74,31899.2,34754.9,-0.5171,-0.6017,146.1,97.3,0.507
27.76,31911.3,34765.9,-0.4554,-0.5746,146.1,97.3,0.507
27.78,31835.5,34698.6,-0.8444,-0.7406,146.1,97.3,0.507
27.8,31860.4,34651.2,-0.7164,-0.857,146.1,97.3,0.507
27.82,31884.6,34574.0,-0.5922,-1.0471,146.1,97.3,0.507
27.84,31720.7,34525.0,-1.4333,-1.168,146.1,97.3,0.507
27.86,31702.6,34352.0,-1.5263,-1.5939,146.1,97.3,0.507
27.88,31759.8,34472.3,-1.233,-1.2975,146.1,97.3,0.507
27.9,31859.5,34609.8,-0.7213,-0.959,146.1,97.3,0.507
27.92,32012.2,35008.6,0.0628,0.0229,146.1,97.3,0.507
27.94,32136.8,35321.2,0.7023,0.7924,146.1,97.3,0.507
27.96,32295.7,35684.2,1.5178,1.6862,146.1,97.3,0.507
27.98,32368.7,35770.0,1.8924,1.8973,146.1,97.3,0.507
28.0,32309.7,35660.3,1.5897,1.6273,146.1,97.3,0.507
28.02,32198.3,35510.4,1.018,1.2582,146.1,97.3,0.507
28.04,32117.9,35310.8,0.605,0.7668,146.1,97.3,0.507
28.06,32142.2,35125.7,0.7298,0.3111,146.1,97.3,0.507
28.08,32064.4,35084.2,0.3304,0.209,146.1,97.3,0.507
28.1,32065.2,35035.2,0.3345,0.0883,146.1,97.3,0.507
28.12,32053.3,34987.8,0.2737,-0.0285,146.1,97.3,0.507
28.14,31961.9,34800.2,-0.1957,-0.4904,146.1,97.3,0.507
28.16,31926.8,34766.1,-0.3756,-0.5742,146.1,97.3,0.507
28.18,31832.9,34699.1,-0.8578,-0.7393,146.1,97.3,0.507
28.2,31742.7,34673.7,-1.3208,-0.8017,146.1,97.3,0.507
28.22,31844.5,34575.1,-0.7978,-1.0444,146.1,97.3,0.507
28.24,31767.5,34616.0,-1.1934,-0.9438,146.1,97.3,0.507
28.26,31695.1,34495.4,-1.5649,-1.2408,146.1,97.3,0.507
28.28,31682.4,34414.3,-1.6301,-1.4403,146.1,97.3,0.507
28.3,31736.4,34499.5,-1.3531,-1.2306,146.1,97.3,0.507
28.32,31855.3,34924.6,-0.7426,-0.184,146.1,97.3,0.507
28.34,32149.6,35175.9,0.7676,0.4346,146.1,97.3,0.507
28.36,32312.4,35627.9,1.6036,1.5476,146.1,97.3,0.507
28.38,32382.3,35602.7,1.9624,1.4856,146.1,97.3,0.507
28.4,32264.0,35758.2,1.3553,1.8683,146.1,97.3,0.507
28.42,32265.1,35610.3,1.3605,1.5043,146.1,97.3,0.507
28.44,32154.6,35275.0,0.7938,0.6787,146.1,97.3,0.507
28.46,32187.5,35219.3,0.9624,0.5415,146.1,97.3,0.507
28.48,32147.2,35106.7,0.7555,0.2644,146.1,97.3,0.507
28.5,32017.4,35055.1,0.0892,0.1372,146.1,97.3,0.507
28.52,32055.2,34973.5,0.2836,-0.0636,146.1,97.3,0.507
28.54,32021.4,34901.9,0.11,-0.2399,146.1,97.3,0.507
28.56,31910.5,34784.1,-0.4595,-0.5301,146.1,97.3,0.507
28.58,31821.1,34690.7,-0.918,-0.7599,146.1,97.3,0.507
28.6,31859.8,34682.6,-0.7195,-0.7798,146.1,97.3,0.507
28.62,31808.5,34691.8,-0.9828,-0.7573,146.1,97.3,0.507
28.64,31898.9,34623.4,-0.5189,-0.9257,146.1,97.3,0.507
28.66,31875.1,34545.6,-0.6413,-1.1171,146.1,97.3,0.507
28.68,31726.7,34523.6,-1.4026,-1.1713,146.1,97.3,0.507
28.7,31827.5,34500.6,-0.8852,-1.2279,146.1,97.3,0.507
28.72,31892.0,34662.9,-0.5543,-0.8284,146.1,97.3,0.507
28.74,31957.1,35009.8,-0.22,0.0257,146.1,97.3,0.507
28.76,32113.8,35244.0,0.584,0.6023,146.1,97.3,0.507
28.78,32332.5,35567.5,1.7065,1.3988,146.1,97.3,0.507
28.8,32305.1,35747.7,1.566,1.8425,146.1,97.3,0.507
28.82,32274.4,35701.6,1.4083,1.7289,146.1,97.3,0.507
28.84,32210.1,35491.1,1.0785,1.2108,146.1,97.3,0.507
28.86,32093.8,35251.2,0.4815,0.6201,146.1,97.3,0.507
28.88,31923.7,35134.6,-0.3914,0.333,146.1,97.3,0.507
28.9,32150.8,35040.0,0.7742,0.1002,146.1,97.3,0.507
28.92,32003.0,35052.4,0.0154,0.1306,146.1,97.3,0.507
28.94,31947.4,34950.3,-0.27,-0.1206,146.1,97.3,0.507
28.96,31913.1,34810.0,-0.446,-0.4661,146.1,97.3,0.507
28.98,31909.8,34761.3,-0.4627,-0.5861,146.1,97.3,0.507
29.0,31889.7,34647.2,-0.5659,-0.8671,146.1,97.3,0.507
29.02,31895.5,34591.1,-0.5364,-1.0051,146.1,97.3,0.507
29.04,31872.4,34582.1,-0.655,-1.0273,146.1,97.3,0.507
29.06,31835.1,34656.3,-0.8463,-0.8446,146.1,97.3,0.507
29.08,31782.7,34525.3,-1.1154,-1.167,146.1,97.3,0.507
29.1,31711.4,34406.6,-1.4811,-1.4593,146.1,97.3,0.507
29.12,31830.9,34513.4,-0.8681,-1.1964,146.1,97.3,0.507
29.14,31986.2,34807.5,-0.0707,-0.4724,146.1,97.3,0.507
29.16,32086.0,35105.5,0.4416,0.2614,146.1,97.3,0.507
29.18,32312.0,35529.2,1.6016,1.3046,146.1,97.3,0.507
29.2,32420.2,35661.2,2.1567,1.6294,146.1,97.3,0.507
29.22,32337.1,35732.1,1.7305,1.8042,146.1,97.3,0.507
29.24,32169.0,35517.5,0.8676,1.2756,146.1,97.3,0.507
29.26,32150.0,35433.2,0.7699,1.0682,146.1,97.3,0.507
29.28,32075.6,35199.4,0.3882,0.4924,146.1,97.3,0.507
29.3,31947.6,35135.1,-0.2688,0.3342,146.1,97.3,0.507
29.32,32087.9,35170.2,0.4514,0.4206,146.1,97.3,0.507
29.34,32004.2,35042.7,0.0217,0.1067,146.1,97.3,0.507
29.36,31951.8,34917.6,-0.2476,-0.2011,146.1,97.3,0.507
29.38,31808.7,34785.1,-0.982,-0.5276,146.1,97.3,0.507
29.4,31853.1,34644.1,-0.7542,-0.8745,146.1,97.3,0.507
29.42,31843.8,34664.8,-0.8017,-0.8237,146.1,97.3,0.507
29.44,31814.4,34687.9,-0.9527,-0.7667,146.1,97.3,0.507
29.46,31763.2,34695.3,-1.2151,-0.7486,146.1,97.3,0.507
29.48,31852.6,34538.0,-0.7563,-1.1359,146.1,97.3,0.507
29.5,31722.3,34482.6,-1.4254,-1.2722,146.1,97.3,0.507
29.52,31734.6,34545.1,-1.3622,-1.1185,146.1,97.3,0.507
29.54,31843.4,34637.6,-0.8039,-0.8907,146.1,97.3,0.507
29.56,32005.9,34907.2,0.0301,-0.2269,146.1,97.3,0.507
29.58,32097.7,35364.3,0.5017,0.8984,146.1,97.3,0.507
29.6,32303.0,35680.2,1.5554,1.6764,146.1,97.3,0.507
29.62,32344.5,35795.4,1.7683,1.9598,146.1,97.3,0.507
29.64,32261.7,35648.8,1.3434,1.5989,146.1,97.3,0.507
29.66,32160.5,35505.3,0.824,1.2457,146.1,97.3,0.507
29.68,32097.2,35212.0,0.499,0.5237,146.1,97.3,0.507
29.7,31951.6,35066.7,-0.2484,0.1657,146.1,97.3,0.507
29.72,32119.9,35135.5,0.6154,0.3352,146.1,97.3,0.507
29.74,31950.7,34965.1,-0.2529,-0.0844,146.1,97.3,0.507
29.76,31974.7,34962.0,-0.1297,-0.0919,146.1,97.3,0.507
29.78,31897.2,34848.8,-0.5276,-0.3706,146.1,97.3,0.507
29.8,31880.0,34767.9,-0.616,-0.5698,146.1,97.3,0.507
29.82,31823.3,34710.0,-0.907,-0.7124,146.1,97.3,0.507
29.84,31861.1,34697.7,-0.7128,-0.7428,146.1,97.3,0.507
29.86,31858.8,34602.8,-0.7248,-0.9764,146.1,97.3,0.507
29.88,31827.5,34593.8,-0.8853,-0.9984,146.1,97.3,0.507
29.9,31809.6,34548.8,-0.9774,-1.1093,146.1,97.3,0.507
29.92,31773.0,34455.0,-1.1653,-1.3401,146.1,97.3,0.507
29.94,31774.5,34548.1,-1.1573,-1.1109,146.1,97.3,0.507
29.96,31882.0,34785.6,-0.6054,-0.5263,146.1,97.3,0.507
29.98,32107.6,35110.4,0.5522,0.2735,146.1,97.3,0.507
30.0,32238.7,35516.1,1.225,1.2722,146.1,97.3,0.507
30.02,32307.8,35695.1,1.5796,1.7129,146.1,97.3,0.507
30.04,32298.3,35767.6,1.5312,1.8915,146.1,97.3,0.507
30.06,32197.6,35656.6,1.0144,1.6182,146.1,97.3,0.507
30.08,32145.3,35393.9,0.7456,0.9714,146.1,97.3,0.507
30.1,32043.4,35211.9,0.2229,0.5233,146.1,97.3,0.507
30.12,31984.2,35031.9,-0.0813,0.0801,146.1,97.3,0.507
30.14,32015.6,35101.5,0.0802,0.2515,146.1,97.3,0.507
30.16,31973.6,34943.8,-0.1356,-0.1367,146.1,97.3,0.507
30.18,31986.5,34860.3,-0.069,-0.3423,146.1,97.3,0.507
30.2,31942.7,34830.9,-0.2941,-0.4147,146.1,97.3,0.507
30.22,31890.1,34800.0,-0.5639,-0.4909,146.1,97.3,0.507
30.24,31839.2,34628.6,-0.8254,-0.9129,146.1,97.3,0.507
30.26,31948.2,34746.4,-0.2658,-0.6228,146.1,97.3,0.507
30.28,31879.5,34652.2,-0.6183,-0.8546,146.1,97.3,0.507
30.3,31760.0,34486.4,-1.2319,-1.2629,146.1,97.3,0.507
30.32,31759.3,34336.2,-1.2352,-1.6327,146.1,97.3,0.507
30.34,31774.2,34388.9,-1.159,-1.503,146.1,97.3,0.507
30.36,31862.0,34666.3,-0.7082,-0.8199,146.1,97.3,0.507
30.38,32051.8,34903.6,0.2658,-0.2358,146.1,97.3,0.507
30.4,32154.3,35341.0,0.7919,0.8413,146.1,97.3,0.507
30.42,32318.4,35625.5,1.6342,1.5417,146.1,97.3,0.507
30.44,32417.9,35718.2,2.1448,1.7699,146.1,97.3,0.507
30.46,32268.8,35679.0,1.3796,1.6734,146.1,97.3,0.507
30.48,32315.8,35500.7,1.6209,1.2344,146.1,97.3,0.507
30.5,32104.9,35364.9,0.5387,0.8999,146.1,97.3,0.507
30.52,32066.0,35101.6,0.339,0.2517,146.1,97.3,0.507
30.54,32019.1,35126.1,0.0981,0.312,146.1,97.3,0.507
30.56,32043.3,35007.4,0.2224,0.0198,146.1,97.3,0.507
30.58,32040.2,35029.1,0.2063,0.0733,146.1,97.3,0.507
30.6,31921.1,34947.6,-0.4049,-0.1274,146.1,97.3,0.507
30.62,31925.0,34719.0,-0.3847,-0.6903,146.1,97.3,0.507
30.64,31902.0,34716.2,-0.503,-0.697,146.1,97.3,0.507
30.66,31798.3,34684.5,-1.0353,-0.7751,146.1,97.3,0.507
30.68,31867.3,34655.6,-0.6811,-0.8463,146.1,97.3,0.507
30.7,31814.4,34628.0,-0.9526,-0.9142,146.1,97.3,0.507
30.72,31768.2,34540.1,-1.1896,-1.1306,146.1,97.3,0.507
30.74,31670.0,34410.9,-1.6936,-1.4488,146.1,97.3,0.507
30.76,31766.5,34580.2,-1.1983,-1.0319,146.1,97.3,0.507
30.78,31817.7,34726.2,-0.9357,-0.6724,146.1,97.3,0.507
30.8,32038.4,35135.2,0.1971,0.3344,146.1,97.3,0.507
30.82,32273.7,35449.2,1.4049,1.1077,146.1,97.3,0.507
30.84,32280.0,35673.5,1.4372,1.6597,146.1,97.3,0.507
30.86,32334.6,35700.3,1.7172,1.7259,146.1,97.3,0.507
30.88,32331.9,35544.9,1.7037,1.3432,146.1,97.3,0.507
30.9,32121.0,35496.2,0.6212,1.2232,146.1,97.3,0.507
30.92,32163.1,35339.0,0.837,0.8363,146.1,97.3,0.507
30.94,32111.8,35083.3,0.574,0.2067,146.1,97.3,0.507
30.96,31992.4,35059.6,-0.0388,0.1485,146.1,97.3,0.507
30.98,31940.5,34903.8,-0.3052,-0.2353,146.1,97.3,0.507
31.0,32098.8,34996.5,0.5073,-0.0071,146.1,97.3,0.507
31.02,31952.4,34833.7,-0.2443,-0.4079,146.1,97.3,0.507
31.04,31881.2,34800.9,-0.6097,-0.4886,146.1,97.3,0.507
31.06,31889.0,34746.3,-0.5696,-0.6229,146.1,97.3,0.507
31.08,31749.3,34728.7,-1.2865,-0.6663,146.1,97.3,0.507
31.1,31869.3,34666.2,-0.671,-0.8203,146.1,97.3,0.507
31.12,31802.9,34613.3,-1.0116,-0.9504,146.1,97.3,0.507
31.14,31692.9,34432.7,-1.576,-1.395,146.1,97.3,0.507
31.16,31754.3,34496.7,-1.2609,-1.2375,146.1,97.3,0.507
31.18,31815.0,34680.9,-0.9496,-0.784,146.1,97.3,0.507
31.2,31944.7,34962.5,-0.2838,-0.0907,146.1,97.3,0.507
31.22,32064.5,35291.6,0.3311,0.7195,146.1,97.3,0.507
31.24,32217.0,35535.1,1.1136,1.319,146.1,97.3,0.507
31.26,32251.1,35757.9,1.289,1.8677,146.1,97.3,0.507
31.28,32356.3,35712.8,1.8286,1.7566,146.1,97.3,0.507
31.3,32303.0,35430.4,1.5551,1.0612,146.1,97.3,0.507
31.32,32119.7,35375.6,0.6145,0.9265,146.1,97.3,0.507
31.34,32098.9,35157.3,0.5075,0.3889,146.1,97.3,0.507
31.36,32016.3,35126.4,0.0835,0.3129,146.1,97.3,0.507
31.38,32047.2,34949.0,0.2423,-0.1239,146.1,97.3,0.507
31.4,32095.0,34933.8,0.4875,-0.1615,146.1,97.3,0.507
31.42,31955.3,34924.8,-0.2292,-0.1834,146.1,97.3,0.507
31.44,31861.6,34731.9,-0.7104,-0.6583,146.1,97.3,0.507
31.46,31874.3,34668.8,-0.6453,-0.8137,146.1,97.3,0.507
31.48,31857.6,34689.4,-0.7307,-0.7631,146.1,97.3,0.507
31.5,31766.8,34660.0,-1.1969,-0.8355,146.1,97.3,0.507
31.52,31826.4,34649.8,-0.8912,-0.8605,146.1,97.3,0.507
31.54,31827.0,34476.2,-0.888,-1.2881,146.1,97.3,0.507
31.56,31691.2,34457.1,-1.5851,-1.335,146.1,97.3,0.507
31.58,31755.0,34502.7,-1.2575,-1.2227,146.1,97.3,0.507
31.6,31921.5,34762.7,-0.4028,-0.5827,146.1,97.3,0.507
31.62,32150.5,35048.7,0.7724,0.1216,146.1,97.3,0.507
31.64,32204.1,35452.8,1.0474,1.1165,146.1,97.3,0.507
31.66,32360.8,35708.7,1.8519,1.7464,146.1,97.3,0.507
31.68,32390.9,35730.8,2.0064,1.8008,146.1,97.3,0.507
31.7,32355.2,35531.7,1.8232,1.3106,146.1,97.3,0.507
31.72,32267.5,35471.4,1.3731,1.1623,146.1,97.3,0.507
31.74,32174.5,35260.9,0.8956,0.6439,146.1,97.3,0.507
31.76,32000.8,35137.8,0.0041,0.3409,146.1,97.3,0.507
31.78,32022.0,35082.1,0.1132,0.2037,146.1,97.3,0.507
31.8,32018.2,34970.7,0.0934,-0.0706,146.1,97.3,0.507
31.82,31940.0,34917.5,-0.308,-0.2014,146.1,97.3,0.507
31.84,32005.5,34831.5,0.028,-0.4132,146.1,97.3,0.507
31.86,31871.9,34749.8,-0.6574,-0.6144,146.1,97.3,0.507
31.88,31871.3,34694.5,-0.6605,-0.7505,146.1,97.3,0.507
31.9,31777.6,34773.1,-1.1416,-0.5571,146.1,97.3,0.507
31.92,31799.0,34710.2,-1.0316,-0.7119,146.1,97.3,0.507
31.94,31795.8,34496.7,-1.0481,-1.2376,146.1,97.3,0.507
31.96,31637.1,34435.0,-1.8628,-1.3895,146.1,97.3,0.507
31.98,31705.2,34477.1,-1.5132,-1.2858,146.1,97.3,0.507
32.0,31735.5,34611.2,-1.3574,-0.9557,146.1,97.3,0.507
32.02,31917.6,34890.7,-0.423,-0.2675,146.1,97.3,0.507
32.04,32091.2,35291.8,0.4681,0.72,146.1,97.3,0.507
32.06,32299.4,35517.5,1.5368,1.2757,146.1,97.3,0.507
32.08,32301.8,35737.4,1.5489,1.8172,146.1,97.3,0.507
32.1,32391.6,35707.6,2.0101,1.7437,146.1,97.3,0.507
32.12,32261.3,35585.0,1.3411,1.4418,146.1,97.3,0.507
32.14,32214.5,35399.2,1.1012,0.9845,146.1,97.3,0.507
32.16,32122.2,35174.2,0.6273,0.4305,146.1,97.3,0.507
32.18,31972.2,35090.8,-0.1426,0.2253,146.1,97.3,0.507
32.2,31875.8,34999.5,-0.6374,0.0005,146.1,97.3,0.507
32.22,31940.7,34963.0,-0.3041,-0.0896,146.1,97.3,0.507
32.24,31963.3,34768.7,-0.1883,-0.5679,146.1,97.3,0.507
32.26,31921.0,34733.6,-0.4052,-0.6543,146.1,97.3,0.507
32.28,31902.6,34823.4,-0.4997,-0.4333,146.1,97.3,0.507
32.3,31939.7,34768.7,-0.3096,-0.5678,146.1,97.3,0.507
32.32,31841.7,34624.0,-0.8123,-0.924,146.1,97.3,0.507
32.34,31825.9,34632.7,-0.8934,-0.9026,146.1,97.3,0.507
32.36,31754.2,34536.1,-1.2618,-1.1406,146.1,97.3,0.507
32.38,31760.8,34455.0,-1.2278,-1.3402,146.1,97.3,0.507
32.4,31767.7,34519.2,-1.1924,-1.1822,146.1,97.3,0.507
32.42,31839.0,34674.0,-0.8262,-0.8011,146.1,97.3,0.507
32.44,32019.0,35021.5,0.0974,0.0547,146.1,97.3,0.507
32.46,32212.8,35397.0,1.0923,0.9791,146.1,97.3,0.507
32.48,32276.3,35711.2,1.4182,1.7527,146.1,97.3,0.507
32.5,32380.2,35789.1,1.9516,1.9444,146.1,97.3,0.507
32.52,32303.6,35640.3,1.5586,1.5781,146.1,97.3,0.507
32.54,32235.0,35451.2,1.2062,1.1125,146.1,97.3,0.507
32.56,32178.9,35266.7,0.9185,0.6581,146.1,97.3,0.507
32.58,32058.4,35184.7,0.2999,0.4563,146.1,97.3,0.507
32.6,32067.8,34982.9,0.3481,-0.0404,146.1,97.3,0.507
32.62,31984.7,35067.1,-0.0785,0.1667,146.1,97.3,0.507
32.64,31932.8,34981.9,-0.3448,-0.0428,146.1,97.3,0.507
32.66,32033.5,34829.7,0.172,-0.4176,146.1,97.3,0.507
32.68,31872.6,34790.1,-0.654,-0.5151,146.1,97.3,0.507
32.7,31829.9,34785.2,-0.8732,-0.5273,146.1,97.3,0.507
32.72,31882.5,34783.9,-0.6032,-0.5305,146.1,97.3,0.507
32.74,31817.4,34624.3,-0.9372,-0.9233,146.1,97.3,0.507
32.76,31828.7,34518.6,-0.8792,-1.1837,146.1,97.3,0.507
32.78,31838.5,34476.4,-0.829,-1.2876,146.1,97.3,0.507
32.8,31677.1,34405.1,-1.6573,-1.463,146.1,97.3,0.507
32.82,31884.2,34506.1,-0.5943,-1.2144,146.1,97.3,0.507
32.84,31825.8,34898.5,-0.8939,-0.2483,146.1,97.3,0.507
32.86,32162.4,35282.6,0.8335,0.6973,146.1,97.3,0.507
32.88,32235.1,35574.1,1.2065,1.415,146.1,97.3,0.507
32.9,32351.7,35763.4,1.8049,1.8812,146.1,97.3,0.507
32.92,32358.8,35780.0,1.8416,1.9219,146.1,97.3,0.507
32.94,32193.7,35564.1,0.9944,1.3904,146.1,97.3,0.507
32.96,32111.9,35330.4,0.5743,0.815,146.1,97.3,0.507
32.98,32130.0,35167.7,0.6674,0.4144,146.1,97.3,0.507
33.0,32086.7,35140.8,0.445,0.3482,146.1,97.3,0.507
33.02,32005.5,35040.2,0.0284,0.1006,146.1,97.3,0.507
33.04,31963.2,35024.5,-0.1889,0.062,146.1,97.3,0.507
33.06,31937.9,34944.7,-0.3188,-0.1346,146.1,97.3,0.507
33.08,31917.5,34694.5,-0.4236,-0.7506,146.1,97.3,0.507
33.1,31783.2,34617.7,-1.1127,-0.9397,146.1,97.3,0.507
33.12,31889.6,34696.5,-0.5668,-0.7457,146.1,97.3,0.507
33.14,31798.3,34662.8,-1.035,-0.8286,146.1,97.3,0.507
33.16,31794.0,34667.8,-1.0575,-0.8163,146.1,97.3,0.507
33.18,31715.4,34490.6,-1.4609,-1.2527,146.1,97.3,0.507
33.2,31755.2,34514.0,-1.2564,-1.1949,146.1,97.3,0.507
33.22,31706.1,34497.2,-1.5085,-1.2363,146.1,97.3,0.507
33.24,31791.3,34719.2,-1.0712,-0.6897,146.1,97.3,0.507
33.26,31988.9,35025.9,-0.0568,0.0653,146.1,97.3,0.507
33.28,32156.5,35387.0,0.8033,0.9544,146.1,97.3,0.507
33.3,32322.5,35697.3,1.6555,1.7184,146.1,97.3,0.507
33.32,32380.5,35781.7,1.953,1.9261,146.1,97.3,0.507
33.34,32226.5,35669.9,1.1627,1.6509,146.1,97.3,0.507
33.36,32220.2,35442.8,1.1302,1.0917,146.1,97.3,0.507
33.38,32184.3,35345.2,0.946,0.8516,146.1,97.3,0.507
33.4,32042.6,35153.5,0.2187,0.3796,146.1,97.3,0.507
33.42,32094.4,34995.7,0.4848,-0.009,146.1,97.3,0.507
33.44,32013.5,35081.7,0.0691,0.2028,146.1,97.3,0.507
33.46,31978.1,34906.9,-0.1123,-0.2276,146.1,97.3,0.507
33.48,31886.2,34891.4,-0.5842,-0.2658,146.1,97.3,0.507
33.5,31859.8,34768.6,-0.7195,-0.5681,146.1,97.3,0.507
33.52,31834.9,34716.0,-0.8474,-0.6975,146.1,97.3,0.507
33.54,31947.6,34701.1,-0.2687,-0.7344,146.1,97.3,0.507
33.56,31789.7,34558.3,-1.0792,-1.0858,146.1,97.3,0.507
33.58,31821.3,34601.4,-0.9172,-0.9797,146.1,97.3,0.507
33.6,31751.4,34542.8,-1.2759,-1.1241,146.1,97.3,0.507
33.62,31749.7,34454.4,-1.2846,-1.3417,146.1,97.3,0.507
33.64,31854.6,34555.3,-0.7464,-1.0932,146.1,97.3,0.507
33.66,31970.0,34842.7,-0.1541,-0.3857,146.1,97.3,0.507
33.68,32065.0,35090.8,0.3334,0.2251,146.1,97.3,0.507
33.7,32338.5,35489.7,1.7374,1.2072,146.1,97.3,0.507
33.72,32282.6,35842.5,1.4505,2.0759,146.1,97.3,0.507
33.74,32390.1,35745.4,2.0021,1.8369,146.1,97.3,0.507
33.76,32270.4,35677.7,1.3877,1.6701,146.1,97.3,0.507
33.78,32109.4,35421.1,0.5613,1.0383,146.1,97.3,0.507
33.8,32140.8,35269.3,0.7228,0.6647,146.1,97.3,0.507
33.82,31995.5,35076.3,-0.0231,0.1896,146.1,97.3,0.507
33.84,32025.4,35111.4,0.1306,0.2758,146.1,97.3,0.507
33.86,31990.3,35026.4,-0.0499,0.0665,146.1,97.3,0.507
33.88,31974.4,34814.7,-0.1316,-0.4546,146.1,97.3,0.507
33.9,31978.0,34735.6,-0.1126,-0.6493,146.1,97.3,0.507
33.92,31834.7,34700.7,-0.8483,-0.7354,146.1,97.3,0.507
33.94,31849.6,34747.3,-0.7721,-0.6207,146.1,97.3,0.507
33.96,31878.8,34644.1,-0.6218,-0.8747,146.1,97.3,0.507
33.98,31822.6,34706.3,-0.9104,-0.7216,146.1,97.3,0.507
34.0,31721.1,34522.9,-1.4317,-1.1729,146.1,97.3,0.507
34.02,31735.8,34431.7,-1.3558,-1.3975,146.1,97.3,0.507
34.04,31680.7,34500.9,-1.6389,-1.2271,146.1,97.3,0.507
34.06,31826.2,34624.9,-0.8922,-0.9218,146.1,97.3,0.507
34.08,31917.3,35038.8,-0.4243,0.097,146.1,97.3,0.507
34.1,32187.6,35366.4,0.963,0.9038,146.1,97.3,0.507
34.12,32265.6,35629.5,1.3631,1.5515,146.1,97.3,0.507
34.14,32270.9,35757.8,1.3907,1.8672,146.1,97.3,0.507
34.16,32290.0,35727.2,1.4887,1.7921,146.1,97.3,0.507
34.18,32189.1,35468.3,0.9705,1.1546,146.1,97.3,0.507
34.2,32123.6,35243.3,0.6347,0.6006,146.1,97.3,0.507
34.22,32107.1,35182.6,0.5499,0.4512,146.1,97.3,0.507
34.24,32155.6,35089.6,0.7988,0.2222,146.1,97.3,0.507
34.26,31989.9,34972.8,-0.0516,-0.0654,146.1,97.3,0.507
34.28,31959.4,34971.7,-0.2083,-0.0681,146.1,97.3,0.507
34.3,31879.1,34869.6,-0.6203,-0.3195,146.1,97.3,0.507
34.32,31867.4,34739.3,-0.6804,-0.6402,146.1,97.3,0.507
34.34,31893.7,34653.4,-0.5454,-0.8518,146.1,97.3,0.507
34.36,31831.5,34599.9,-0.8648,-0.9834,146.1,97.3,0.507
34.38,31907.7,34648.4,-0.4737,-0.8641,146.1,97.3,0.507
34.4,31890.0,34548.5,-0.5648,-1.1099,146.1,97.3,0.507
34.42,31761.4,34488.1,-1.2247,-1.2588,146.1,97.3,0.507
34.44,31676.4,34409.7,-1.661,-1.4516,146.1,97.3,0.507
34.46,31768.7,34578.8,-1.1869,-1.0354,146.1,97.3,0.507
34.48,31860.2,34811.7,-0.7174,-0.4619,146.1,97.3,0.507
34.5,32120.7,35126.6,0.6195,0.3134,146.1,97.3,0.507
34.52,32174.2,35546.0,0.8941,1.3458,146.1,97.3,0.507
34.54,32303.3,35734.4,1.5569,1.8097,146.1,97.3,0.507
34.56,32289.4,35731.1,1.4855,1.8016,146.1,97.3,0.507
34.58,32319.2,35533.3,1.6384,1.3146,146.1,97.3,0.507
34.6,32160.8,35275.8,0.8256,0.6806,146.1,97.3,0.507
34.62,32054.8,35169.7,0.2815,0.4194,146.1,97.3,0.507
34.64,32118.8,35097.9,0.6096,0.2426,146.1,97.3,0.507
34.66,32110.6,35018.2,0.5678,0.0463,146.1,97.3,0.507
34.68,31999.1,35052.9,-0.0044,0.1319,146.1,97.3,0.507
34.7,31977.7,34876.8,-0.1143,-0.3017,146.1,97.3,0.507
34.72,31908.6,34735.7,-0.4692,-0.6492,146.1,97.3,0.507
34.74,31908.3,34758.6,-0.4704,-0.5928,146.1,97.3,0.507
34.76,31841.9,34695.0,-0.8115,-0.7493,146.1,97.3,0.507
34.78,31738.6,34655.1,-1.3418,-0.8475,146.1,97.3,0.507
34.8,31890.4,34691.4,-0.5626,-0.7581,146.1,97.3,0.507
34.82,31786.8,34578.7,-1.0943,-1.0357,146.1,97.3,0.507
34.84,31814.4,34585.0,-0.9527,-1.0202,146.1,97.3,0.507
34.86,31692.0,34482.6,-1.581,-1.2722,146.1,97.3,0.507
34.88,31773.2,34608.2,-1.1641,-0.9629,146.1,97.3,0.507
34.9,31943.7,34864.3,-0.2891,-0.3324,146.1,97.3,0.507
34.92,32139.0,35344.6,0.7134,0.85,146.1,97.3,0.507
34.94,32239.7,35572.4,1.2304,1.4109,146.1,97.3,0.507
34.96,32364.8,35756.4,1.8723,1.864,146.1,97.3,0.507
34.98,32341.9,35685.7,1.7548,1.6897,146.1,97.3,0.507
35.0,32185.1,35463.4,0.9503,1.1426,146.1,97.3,0.507
35.02,32138.9,35313.1,0.7131,0.7726,146.1,97.3,0.507
35.04,31992.5,35267.1,-0.0383,0.6591,146.1,97.3,0.507
35.06,32015.5,35120.3,0.0795,0.2979,146.1,97.3,0.507
35.08,32046.3,35046.5,0.2379,0.1161,146.1,97.3,0.507
35.1,32058.0,34978.2,0.2977,-0.052,146.1,97.3,0.507
35.12,31930.0,34800.2,-0.3594,-0.4904,146.1,97.3,0.507
35.14,31824.4,34823.7,-0.9013,-0.4325,146.1,97.3,0.507
35.16,31869.1,34779.7,-0.6719,-0.5408,146.1,97.3,0.507
35.18,31808.4,34609.6,-0.9834,-0.9595,146.1,97.3,0.507
35.2,31809.8,34677.9,-0.9763,-0.7914,146.1,97.3,0.507
35.22,31808.6,34664.6,-0.9826,-0.8242,146.1,97.3,0.507
35.24,31820.7,34480.9,-0.9203,-1.2764,146.1,97.3,0.507
35.26,31808.3,34429.7,-0.9838,-1.4025,146.1,97.3,0.507
35.28,31818.3,34509.2,-0.9325,-1.2068,146.1,97.3,0.507
35.3,31841.0,34649.8,-0.8161,-0.8607,146.1,97.3,0.507
35.32,32111.9,35044.5,0.5744,0.1111,146.1,97.3,0.507
35.34,32240.6,35498.3,1.2347,1.2285,146.1,97.3,0.507
35.36,32325.7,35710.4,1.672,1.7507,146.1,97.3,0.507
35.38,32341.8,35734.4,1.7542,1.8096,146.1,97.3,0.507
35.4,32338.9,35576.6,1.7393,1.4213,146.1,97.3,0.507
35.42,32100.2,35380.5,0.5143,0.9384,146.1,97.3,0.507
35.44,32051.5,35234.4,0.2644,0.5787,146.1,97.3,0.507
35.46,32028.5,35138.8,0.1464,0.3434,146.1,97.3,0.507
35.48,32002.7,35129.2,0.0139,0.3197,146.1,97.3,0.507
35.5,31941.7,35014.3,-0.2991,0.0368,146.1,97.3,0.507
35.52,31918.6,34842.6,-0.418,-0.3859,146.1,97.3,0.507
35.54,31940.2,34870.2,-0.3068,-0.3181,146.1,97.3,0.507
35.56,31859.8,34731.7,-0.7197,-0.659,146.1,97.3,0.507
35.58,31924.7,34705.4,-0.3867,-0.7236,146.1,97.3,0.507
35.6,31868.0,34655.2,-0.6774,-0.8472,146.1,97.3,0.507
35.62,31829.1,34646.7,-0.8773,-0.8683,146.1,97.3,0.507
35.64,31889.0,34574.3,-0.5697,-1.0464,146.1,97.3,0.507
35.66,31782.7,34474.6,-1.1152,-1.292,146.1,97.3,0.507
35.68,31778.5,34368.1,-1.1369,-1.5542,146.1,97.3,0.507
35.7,31735.0,34605.2,-1.3601,-0.9703,146.1,97.3,0.507
35.72,31958.2,34972.1,-0.2147,-0.0671,146.1,97.3,0.507
35.74,32066.4,35313.3,0.3407,0.773,146.1,97.3,0.507
35.76,32243.2,35543.5,1.2484,1.3397,146.1,97.3,0.507
35.78,32328.8,35715.5,1.6876,1.7633,146.1,97.3,0.507
35.8,32313.4,35666.6,1.6087,1.6427,146.1,97.3,0.507
35.82,32210.1,35466.5,1.0784,1.1502,146.1,97.3,0.507
35.84,32116.2,35325.6,0.5965,0.8033,146.1,97.3,0.507
35.86,32054.1,35170.1,0.2776,0.4203,146.1,97.3,0.507
35.88,32032.6,35097.5,0.1673,0.2417,146.1,97.3,0.507
35.9,32006.5,35068.7,0.0334,0.1707,146.1,97.3,0.507
35.92,32014.7,34935.9,0.0753,-0.1563,146.1,97.3,0.507
35.94,31918.2,34864.2,-0.4197,-0.3328,146.1,97.3,0.507
35.96,31899.5,34820.0,-0.5156,-0.4417,146.1,97.3,0.507
35.98,31953.3,34667.7,-0.2395,-0.8166,146.1,97.3,0.507
36.0,31798.7,34731.1,-1.0332,-0.6603,146.1,97.3,0.507
36.02,31718.3,34679.3,-1.4457,-0.7879,146.1,97.3,0.507
36.04,31861.5,34584.0,-0.7109,-1.0226,146.1,97.3,0.507
36.06,31745.1,34515.7,-1.3082,-1.1907,146.1,97.3,0.507
36.08,31804.2,34498.9,-1.0048,-1.232,146.1,97.3,0.507
36.1,31747.5,34525.3,-1.2961,-1.167,146.1,97.3,0.507
36.12,31793.6,34772.9,-1.0592,-0.5576,146.1,97.3,0.507
36.14,32096.4,35168.1,0.4947,0.4155,146.1,97.3,0.507
36.16,32251.0,35434.5,1.2885,1.0714,146.1,97.3,0.507
36.18,32250.1,35769.0,1.2835,1.8948,146.1,97.3,0.507
36.2,32322.4,35770.5,1.6549,1.8986,146.1,97.3,0.507
36.22,32234.3,35728.2,1.2024,1.7943,146.1,97.3,0.507
36.24,32213.8,35396.9,1.0972,0.9789,146.1,97.3,0.507
36.26,32022.4,35172.4,0.1152,0.4259,146.1,97.3,0.507
36.28,31991.5,35093.8,-0.0434,0.2325,146.1,97.3,0.507
36.3,32061.5,35076.2,0.3159,0.1891,146.1,97.3,0.507
36.32,32044.7,34946.6,0.2295,-0.1299,146.1,97.3,0.507
36.34,31968.0,34891.1,-0.1642,-0.2666,146.1,97.3,0.507
36.36,31947.7,34874.5,-0.2685,-0.3073,146.1,97.3,0.507
36.38,31827.1,34691.3,-0.8872,-0.7585,146.1,97.3,0.507
36.4,31792.9,34712.5,-1.0629,-0.7063,146.1,97.3,0.507
36.42,31871.3,34610.8,-0.6603,-0.9565,146.1,97.3,0.507
36.44,31753.9,34694.6,-1.2633,-0.7504,146.1,97.3,0.507
36.46,31810.5,34542.7,-0.9726,-1.1243,146.1,97.3,0.507
36.48,31689.1,34555.3,-1.5956,-1.0933,146.1,97.3,0.507
36.5,31746.7,34409.1,-1.2998,-1.4533,146.1,97.3,0.507
36.52,31836.5,34580.7,-0.839,-1.0308,146.1,97.3,0.507
36.54,31996.0,34901.2,-0.0205,-0.2415,146.1,97.3,0.507
36.56,32055.1,35285.2,0.283,0.7038,146.1,97.3,0.507
36.58,32247.8,35502.9,1.2718,1.2398,146.1,97.3,0.507
36.6,32367.5,35756.8,1.8863,1.8649,146.1,97.3,0.507
36.62,32327.6,35719.3,1.6817,1.7726,146.1,97.3,0.507
36.64,32203.6,35514.3,1.0452,1.2679,146.1,97.3,0.507
36.66,32104.5,35272.6,0.5366,0.6728,146.1,97.3,0.507
36.68,32135.3,35200.0,0.6945,0.4941,146.1,97.3,0.507
36.7,32083.6,35120.3,0.4289,0.2978,146.1,97.3,0.507
36.72,31996.1,34968.4,-0.0199,-0.0762,146.1,97.3,0.507
36.74,31925.8,34952.7,-0.3807,-0.115,146.1,97.3,0.507
36.76,31965.6,34923.3,-0.1764,-0.1871,146.1,97.3,0.507
36.78,31852.1,34821.3,-0.7589,-0.4383,146.1,97.3,0.507
36.8,31789.3,34587.6,-1.0813,-1.0138,146.1,97.3,0.507
36.82,31928.3,34644.1,-0.368,-0.8745,146.1,97.3,0.507
36.84,31786.1,34668.5,-1.0977,-0.8146,146.1,97.3,0.507
36.86,31860.9,34524.4,-0.714,-1.1693,146.1,97.3,0.507
36.88,31837.3,34545.1,-0.8348,-1.1185,146.1,97.3,0.507
36.9,31789.3,34461.3,-1.0813,-1.3248,146.1,97.3,0.507
36.92,31883.0,34533.1,-0.6004,-1.1479,146.1,97.3,0.507
36.94,31917.0,34736.5,-0.4258,-0.6471,146.1,97.3,0.507
36.96,32037.5,35049.5,0.1928,0.1235,146.1,97.3,0.507
36.98,32261.8,35455.2,1.3437,1.1223,146.1,97.3,0.507
37.0,32300.0,35704.2,1.5401,1.7354,146.1,97.3,0.507
37.02,32382.9,35778.3,1.9654,1.9178,146.1,97.3,0.507
37.04,32325.7,35627.2,1.672,1.5458,146.1,97.3,0.507
37.06,32192.3,35409.6,0.9873,1.01,146.1,97.3,0.507
37.08,32139.4,35189.2,0.7153,0.4673,146.1,97.3,0.507
37.1,32112.0,35142.4,0.575,0.3522,146.1,97.3,0.507
37.12,32053.8,35109.6,0.2761,0.2716,146.1,97.3,0.507
37.14,32037.6,35104.0,0.1929,0.2576,146.1,97.3,0.507
37.16,31989.3,34950.6,-0.0551,-0.1199,146.1,97.3,0.507
37.18,31891.9,34774.5,-0.5546,-0.5535,146.1,97.3,0.507
37.2,31847.6,34805.7,-0.782,-0.4768,146.1,97.3,0.507
37.22,31893.8,34692.5,-0.5452,-0.7555,146.1,97.3,0.507
37.24,31810.7,34722.8,-0.9716,-0.6808,146.1,97.3,0.507
37.26,31812.2,34627.3,-0.9636,-0.9161,146.1,97.3,0.507
37.28,31829.0,34566.6,-0.8779,-1.0655,146.1,97.3,0.507
37.3,31772.5,34504.1,-1.1675,-1.2193,146.1,97.3,0.507
37.32,31742.3,34352.4,-1.3226,-1.5928,146.1,97.3,0.507
37.34,31730.3,34664.3,-1.3841,-0.8248,146.1,97.3,0.507
37.36,32005.7,34873.3,0.0292,-0.3104,146.1,97.3,0.507
37.38,32114.2,35131.2,0.5864,0.3246,146.1,97.3,0.507
37.4,32299.2,35595.9,1.5359,1.4688,146.1,97.3,0.507
37.42,32365.7,35802.6,1.8769,1.9777,146.1,97.3,0.507
37.44,32426.6,35700.3,2.1897,1.7258,146.1,97.3,0.507
37.46,32234.3,35473.8,1.2027,1.168,146.1,97.3,0.507
37.48,32279.9,35342.4,1.4365,0.8446,146.1,97.3,0.507
37.5,32055.3,35200.8,0.2837,0.496,146.1,97.3,0.507
37.52,32061.5,35106.4,0.3156,0.2635,146.1,97.3,0.507
37.54,31993.7,35099.8,-0.0321,0.2474,146.1,97.3,0.507
37.56,32032.6,34971.9,0.1674,-0.0677,146.1,97.3,0.507
37.58,32079.3,34914.5,0.4071,-0.209,146.1,97.3,0.507
37.6,31875.7,34816.5,-0.6381,-0.4502,146.1,97.3,0.507
37.62,31905.4,34775.7,-0.4853,-0.5506,146.1,97.3,0.507
37.64,31813.4,34661.6,-0.9575,-0.8316,146.1,97.3,0.507
37.66,31817.2,34588.6,-0.9382,-1.0112,146.1,97.3,0.507
37.68,31913.1,34518.3,-0.4461,-1.1843,146.1,97.3,0.507
37.7,31755.8,34497.8,-1.2535,-1.2349,146.1,97.3,0.507
37.72,31726.5,34448.2,-1.4039,-1.3569,146.1,97.3,0.507
37.74,31810.3,34474.9,-0.9735,-1.2912,146.1,97.3,0.507
37.76,31938.1,34688.5,-0.3176,-0.7653,146.1,97.3,0.507
37.78,32025.4,35034.6,0.1303,0.0869,146.1,97.3,0.507
37.8,32238.6,35403.4,1.2246,0.9949,146.1,97.3,0.507
37.82,32318.3,35652.1,1.6335,1.607,146.1,97.3,0.507
37.84,32304.2,35754.4,1.5613,1.8589,146.1,97.3,0.507
37.86,32313.7,35678.5,1.6102,1.6722,146.1,97.3,0.507
37.88,32286.3,35506.4,1.4696,1.2483,146.1,97.3,0.507
37.9,32207.1,35359.1,1.0629,0.8858,146.1,97.3,0.507
37.92,32040.7,35155.9,0.2087,0.3854,146.1,97.3,0.507
37.94,32029.3,35041.4,0.1504,0.1036,146.1,97.3,0.507
37.96,31950.2,35031.0,-0.2557,0.0779,146.1,97.3,0.507
37.98,31966.2,34849.9,-0.1735,-0.3679,146.1,97.3,0.507
38.0,31935.5,34879.2,-0.3308,-0.2958,146.1,97.3,0.507
38.02,31858.6,34762.2,-0.7256,-0.584,146.1,97.3,0.507
38.04,31820.9,34710.9,-0.9194,-0.7101,146.1,97.3,0.507
38.06,31880.5,34627.5,-0.6132,-0.9156,146.1,97.3,0.507
38.08,31809.1,34651.2,-0.9798,-0.8571,146.1,97.3,0.507
38.1,31820.6,34600.1,-0.9207,-0.9829,146.1,97.3,0.507
38.12,31748.4,34441.5,-1.2911,-1.3733,146.1,97.3,0.507
38.14,31732.1,34445.0,-1.3752,-1.3648,146.1,97.3,0.507
38.16,31835.7,34563.3,-0.8433,-1.0735,146.1,97.3,0.507
38.18,31990.6,34947.6,-0.048,-0.1275,146.1,97.3,0.507
38.2,32189.6,35267.0,0.9733,0.659,146.1,97.3,0.507
38.22,32223.6,35482.3,1.1477,1.1889,146.1,97.3,0.507
38.24,32336.2,35711.3,1.7254,1.7528,146.1,97.3,0.507
38.26,32326.8,35714.0,1.6773,1.7596,146.1,97.3,0.507
38.28,32156.3,35563.7,0.8022,1.3894,146.1,97.3,0.507
38.3,32197.0,35398.6,1.0113,0.983,146.1,97.3,0.507
38.32,32051.7,35201.6,0.2653,0.4979,146.1,97.3,0.507
38.34,32031.9,35129.5,0.1636,0.3204,146.1,97.3,0.507
38.36,32041.9,35070.5,0.215,0.1751,146.1,97.3,0.507
38.38,31958.2,35102.9,-0.2147,0.255,146.1,97.3,0.507
38.4,31920.3,34874.0,-0.4088,-0.3087,146.1,97.3,0.507
38.42,31960.6,34839.9,-0.202,-0.3925,146.1,97.3,0.507
38.44,31978.7,34766.8,-0.1093,-0.5726,146.1,97.3,0.507
38.46,31821.1,34614.6,-0.9181,-0.9474,146.1,97.3,0.507
38.48,31822.3,34671.0,-0.9121,-0.8083,146.1,97.3,0.507
38.5,31799.5,34558.9,-1.0289,-1.0844,146.1,97.3,0.507
38.52,31817.8,34473.2,-0.935,-1.2953,146.1,97.3,0.507
38.54,31683.3,34516.7,-1.6252,-1.1883,146.1,97.3,0.507
38.56,31766.6,34436.8,-1.1978,-1.385,146.1,97.3,0.507
38.58,31875.5,34717.0,-0.6388,-0.6952,146.1,97.3,0.507
38.6,32056.1,34985.1,0.288,-0.0351,146.1,97.3,0.507
38.62,32088.6,35412.5,0.4546,1.0173,146.1,97.3,0.507
38.64,32239.3,35711.7,1.2285,1.7539,146.1,97.3,0.507
38.66,32322.0,35756.7,1.6526,1.8646,146.1,97.3,0.507
38.68,32348.0,35654.7,1.7863,1.6134,146.1,97.3,0.507
38.7,32207.4,35461.4,1.0646,1.1376,146.1,97.3,0.507
38.72,32103.7,35351.3,0.5325,0.8665,146.1,97.3,0.507
38.74,32029.6,35140.0,0.1517,0.3463,146.1,97.3,0.507
38.76,32035.1,35221.6,0.1801,0.5471,146.1,97.3,0.507
38.78,31957.0,35064.5,-0.2207,0.1603,146.1,97.3,0.507
38.8,31946.2,34958.4,-0.2762,-0.1008,146.1,97.3,0.507
38.82,31917.1,34830.7,-0.4252,-0.4152,146.1,97.3,0.507
38.84,31898.8,34755.1,-0.5193,-0.6012,146.1,97.3,0.507
38.86,31932.0,34701.9,-0.3491,-0.7324,146.1,97.3,0.507
38.88,31745.1,34682.1,-1.3081,-0.7811,146.1,97.3,0.507
38.9,31842.5,34640.0,-0.8084,-0.8847,146.1,97.3,0.507
38.92,31820.4,34573.9,-0.9217,-1.0475,146.1,97.3,0.507
38.94,31703.1,34454.9,-1.5236,-1.3404,146.1,97.3,0.507
38.96,31737.4,34413.3,-1.3476,-1.4429,146.1,97.3,0.507
38.98,31844.0,34713.0,-0.8006,-0.7051,146.1,97.3,0.507
39.0,31976.2,34796.6,-0.1222,-0.4991,146.1,97.3,0.507
39.02,32120.7,35189.6,0.6193,0.4683,146.1,97.3,0.507
39.04,32247.3,35632.9,1.2695,1.5597,146.1,97.3,0.507
39.06,32386.0,35746.6,1.9813,1.8396,146.1,97.3,0.507
39.08,32301.4,35731.9,1.5471,1.8035,146.1,97.3,0.507
39.1,32264.6,35468.1,1.358,1.154,146.1,97.3,0.507
39.12,32080.1,35376.1,0.4111,0.9275,146.1,97.3,0.507
39.14,32131.3,35203.7,0.674,0.5032,146.1,97.3,0.507
39.16,32097.5,35176.7,0.5005,0.4366,146.1,97.3,0.507
39.18,31979.1,35062.4,-0.1071,0.1552,146.1,97.3,0.507
39.2,31954.5,35065.5,-0.2333,0.1629,146.1,97.3,0.507
39.22,31987.7,34888.3,-0.0633,-0.2734,146.1,97.3,0.507
39.24,31752.3,34756.0,-1.2714,-0.599,146.1,97.3,0.507
39.26,31949.8,34716.5,-0.2574,-0.6963,146.1,97.3,0.507
39.28,31874.7,34667.6,-0.6431,-0.8168,146.1,97.3,0.507
39.3,31814.0,34635.8,-0.9547,-0.8949,146.1,97.3,0.507
39.32,31900.2,34598.0,-0.5124,-0.9881,146.1,97.3,0.507
39.34,31759.9,34617.5,-1.2324,-0.9401,146.1,97.3,0.507
39.36,31794.7,34461.0,-1.0538,-1.3254,146.1,97.3,0.507
39.38,31797.1,34466.3,-1.0414,-1.3125,146.1,97.3,0.507
39.4,31846.8,34685.0,-0.7861,-0.7739,146.1,97.3,0.507
39.42,31991.9,35050.6,-0.0417,0.1262,146.1,97.3,0.507
39.44,32317.2,35382.4,1.6283,0.943,146.1,97.3,0.507
39.46,32319.3,35532.0,1.6389,1.3115,146.1,97.3,0.507
39.48,32368.8,35668.9,1.8929,1.6484,146.1,97.3,0.507
39.5,32294.2,35597.5,1.5099,1.4726,146.1,97.3,0.507
39.52,32314.7,35438.7,1.6154,1.0817,146.1,97.3,0.507
39.54,32191.6,35319.1,0.9832,0.7873,146.1,97.3,0.507
39.56,32030.4,35109.0,0.1559,0.27,146.1,97.3,0.507
39.58,32054.7,35025.3,0.2807,0.0638,146.1,97.3,0.507
39.6,31918.2,35004.0,-0.4198,0.0115,146.1,97.3,0.507
39.62,31942.6,35001.5,-0.2944,0.0053,146.1,97.3,0.507
39.64,32009.8,34762.9,0.0504,-0.5822,146.1,97.3,0.507
39.66,31786.0,34767.4,-1.0983,-0.5712,146.1,97.3,0.507
39.68,31805.2,34716.5,-0.9999,-0.6963,146.1,97.3,0.507
39.7,31860.3,34675.4,-0.7168,-0.7975,146.1,97.3,0.507
39.72,31822.8,34604.8,-0.9095,-0.9714,146.1,97.3,0.507
39.74,31776.9,34543.0,-1.1448,-1.1236,146.1,97.3,0.507
39.76,31725.7,34455.4,-1.4079,-1.3393,146.1,97.3,0.507
39.78,31741.5,34462.5,-1.3268,-1.3218,146.1,97.3,0.507
39.8,31793.0,34540.8,-1.0624,-1.1288,146.1,97.3,0.507
39.82,31852.1,34842.7,-0.7588,-0.3857,146.1,97.3,0.507
39.84,32069.5,35139.7,0.357,0.3456,146.1,97.3,0.507
39.86,32155.2,35644.4,0.7967,1.5882,146.1,97.3,0.507
39.88,32325.2,35805.4,1.6692,1.9846,146.1,97.3,0.507
39.9,32427.6,35704.3,2.1947,1.7356,146.1,97.3,0.507
39.92,32388.6,35468.0,1.9944,1.1539,146.1,97.3,0.507
39.94,32176.1,35416.5,0.9037,1.027,146.1,97.3,0.507
39.96,32163.6,35211.9,0.8397,0.5233,146.1,97.3,0.507
39.98,32136.4,35090.4,0.7003,0.2242,146.1,97.3,0.507
40.0,32076.5,34994.2,0.3925,-0.0126,146.1,97.3,0.507
40.02,31964.8,34979.8,-0.1805,-0.048,146.1,97.3,0.507
40.04,31949.9,34957.4,-0.2573,-0.1033,146.1,97.3,0.507
40.06,31897.8,34746.9,-0.5244,-0.6215,146.1,97.3,0.507
40.08,31822.3,34759.0,-0.9119,-0.5917,146.1,97.3,0.507
40.1,31837.4,34661.2,-0.8347,-0.8324,146.1,97.3,0.507
40.12,31754.6,34596.8,-1.2595,-0.9911,146.1,97.3,0.507
40.14,31790.3,34665.1,-1.0763,-0.8228,146.1,97.3,0.507
40.16,31795.5,34598.0,-1.0496,-0.988,146.1,97.3,0.507
40.18,31783.6,34445.4,-1.1107,-1.3637,146.1,97.3,0.507
40.2,31758.3,34382.5,-1.2406,-1.5186,146.1,97.3,0.507
40.22,31865.3,34667.9,-0.6915,-0.816,146.1,97.3,0.507
40.24,31996.8,35011.5,-0.0164,0.03,146.1,97.3,0.507
40.26,32218.0,35380.8,1.119,0.9392,146.1,97.3,0.507
40.28,32289.6,35643.8,1.4865,1.5865,146.1,97.3,0.507
40.3,32322.8,35805.1,1.657,1.9838,146.1,97.3,0.507
40.32,32309.2,35724.6,1.5868,1.7855,146.1,97.3,0.507
40.34,32250.8,35410.5,1.2875,1.0122,146.1,97.3,0.507
40.36,32159.5,35218.8,0.8188,0.5403,146.1,97.3,0.507
40.38,32084.5,35087.5,0.4337,0.217,146.1,97.3,0.507
40.4,32001.7,35054.6,0.0086,0.1359,146.1,97.3,0.507
40.42,31902.4,35059.2,-0.5007,0.1474,146.1,97.3,0.507
40.44,31906.0,34901.9,-0.4822,-0.24,146.1,97.3,0.507
40.46,31920.9,34825.9,-0.4059,-0.4271,146.1,97.3,0.507
40.48,31870.3,34770.5,-0.6656,-0.5635,146.1,97.3,0.507
40.5,31957.9,34642.3,-0.216,-0.8792,146.1,97.3,0.507
40.52,31929.0,34653.8,-0.3646,-0.8506,146.1,97.3,0.507
40.54,31824.6,34689.8,-0.9004,-0.7621,146.1,97.3,0.507
40.56,31856.8,34611.3,-0.7351,-0.9554,146.1,97.3,0.507
40.58,31832.1,34526.1,-0.8615,-1.1651,146.1,97.3,0.507
40.6,31747.3,34466.5,-1.2971,-1.3118,146.1,97.3,0.507
40.62,31767.3,34568.4,-1.1942,-1.061,146.1,97.3,0.507
40.64,31910.1,34802.1,-0.4613,-0.4857,146.1,97.3,0.507
40.66,32043.9,35147.3,0.2253,0.3643,146.1,97.3,0.507
40.68,32218.2,35515.1,1.1201,1.2697,146.1,97.3,0.507
40.7,32348.8,35735.2,1.7905,1.8117,146.1,97.3,0.507
40.72,32257.4,35734.0,1.3209,1.8087,146.1,97.3,0.507
40.74,32237.0,35537.4,1.2165,1.3248,146.1,97.3,0.507
40.76,32224.0,35407.9,1.1499,1.0059,146.1,97.3,0.507
40.78,32057.5,35230.9,0.2949,0.5701,146.1,97.3,0.507
40.8,32063.0,35074.7,0.3233,0.1854,146.1,97.3,0.507
40.82,31995.0,35075.0,-0.0257,0.1862,146.1,97.3,0.507
40.84,32078.8,34940.0,0.4045,-0.1462,146.1,97.3,0.507
40.86,31865.0,34928.6,-0.6928,-0.1742,146.1,97.3,0.507
40.88,31750.5,34852.8,-1.2805,-0.3609,146.1,97.3,0.507
40.9,31893.5,34646.9,-0.5468,-0.8678,146.1,97.3,0.507
40.92,31811.3,34712.2,-0.9687,-0.707,146.1,97.3,0.507
40.94,31848.4,34668.9,-0.7783,-0.8136,146.1,97.3,0.507
40.96,31783.9,34647.7,-1.109,-0.8657,146.1,97.3,0.507
40.98,31709.0,34526.4,-1.4934,-1.1644,146.1,97.3,0.507
41.0,31665.6,34440.3,-1.7164,-1.3763,146.1,97.3,0.507
41.02,31744.3,34458.8,-1.3121,-1.3308,146.1,97.3,0.507
41.04,31857.5,34638.6,-0.7313,-0.8883,146.1,97.3,0.507
41.06,31959.0,34985.7,-0.2102,-0.0337,146.1,97.3,0.507
41.08,32242.6,35225.4,1.245,0.5566,146.1,97.3,0.507
41.1,32355.0,35562.6,1.8219,1.3869,146.1,97.3,0.507
41.12,32382.9,35746.4,1.9655,1.8393,146.1,97.3,0.507
41.14,32289.8,35658.5,1.4872,1.623,146.1,97.3,0.507
41.16,32142.2,35483.9,0.7297,1.1929,146.1,97.3,0.507
41.18,32072.0,35266.6,0.3696,0.6579,146.1,97.3,0.507
41.2,32131.7,35224.6,0.6761,0.5545,146.1,97.3,0.507
41.22,32011.8,35204.3,0.0605,0.5046,146.1,97.3,0.507
41.24,32015.7,35075.5,0.0807,0.1875,146.1,97.3,0.507
41.26,32002.4,35020.0,0.0126,0.0508,146.1,97.3,0.507
41.28,31927.4,34828.9,-0.3724,-0.4196,146.1,97.3,0.507
41.3,31972.6,34777.5,-0.1407,-0.5461,146.1,97.3,0.507
41.32,31898.8,34644.4,-0.5196,-0.874,146.1,97.3,0.507
41.34,31815.8,34709.7,-0.9451,-0.7132,146.1,97.3,0.507
41.36,31895.6,34622.7,-0.5358,-0.9274,146.1,97.3,0.507
41.38,31912.4,34619.0,-0.4494,-0.9365,146.1,97.3,0.507
41.4,31834.6,34487.0,-0.8488,-1.2614,146.1,97.3,0.507
41.42,31822.0,34391.4,-0.9137,-1.4968,146.1,97.3,0.507
41.44,31822.0,34574.0,-0.9136,-1.0471,146.1,97.3,0.507
41.46,31847.2,34752.7,-0.7842,-0.6073,146.1,97.3,0.507
41.48,32049.2,35194.1,0.2525,0.4796,146.1,97.3,0.507
41.5,32268.2,35519.3,1.3767,1.2802,146.1,97.3,0.507
41.52,32359.5,35731.9,1.845,1.8035,146.1,97.3,0.507
41.54,32321.3,35784.6,1.649,1.9334,146.1,97.3,0.507
41.56,32197.1,35617.7,1.0118,1.5223,146.1,97.3,0.507
41.58,32211.7,35425.2,1.0866,1.0486,146.1,97.3,0.507
41.6,32115.3,35166.0,0.5916,0.4102,146.1,97.3,0.507
41.62,32141.3,35136.4,0.7253,0.3373,146.1,97.3,0.507
41.64,32115.2,35082.1,0.5914,0.2036,146.1,97.3,0.507
41.66,32040.1,34988.5,0.2059,-0.0267,146.1,97.3,0.507
41.68,32024.1,35003.1,0.124,0.0093,146.1,97.3,0.507
41.7,31940.8,34805.0,-0.3036,-0.4785,146.1,97.3,0.507
41.72,31852.8,34665.6,-0.7555,-0.8217,146.1,97.3,0.507
41.74,31796.5,34679.5,-1.0446,-0.7876,146.1,97.3,0.507
41.76,31878.1,34655.5,-0.6256,-0.8467,146.1,97.3,0.507
41.78,31776.4,34582.2,-1.1476,-1.0269,146.1,97.3,0.507
41.8,31834.5,34483.2,-0.8492,-1.2708,146.1,97.3,0.507
41.82,31722.5,34457.1,-1.4242,-1.3349,146.1,97.3,0.507
41.84,31675.2,34470.2,-1.6668,-1.3027,146.1,97.3,0.507
41.86,31864.9,34515.5,-0.6935,-1.1912,146.1,97.3,0.507
41.88,31945.3,34908.5,-0.2805,-0.2236,146.1,97.3,0.507
41.9,32154.7,35275.0,0.7941,0.6786,146.1,97.3,0.507
41.92,32318.9,35572.0,1.6368,1.4099,146.1,97.3,0.507
41.94,32207.7,35785.1,1.0663,1.9345,146.1,97.3,0.507
41.96,32268.2,35686.6,1.3766,1.6921,146.1,97.3,0.507
41.98,32217.6,35470.8,1.117,1.1607,146.1,97.3,0.507
42.0,32104.0,35368.5,0.534,0.9089,146.1,97.3,0.507
42.02,31990.1,35188.2,-0.0508,0.465,146.1,97.3,0.507
42.04,31943.5,35109.0,-0.2897,0.2699,146.1,97.3,0.507
42.06,31996.7,35003.8,-0.017,0.011,146.1,97.3,0.507
42.08,31969.5,35002.9,-0.1567,0.0087,146.1,97.3,0.507
42.1,32043.8,34826.2,0.2249,-0.4264,146.1,97.3,0.507
42.12,31914.8,34744.1,-0.4371,-0.6285,146.1,97.3,0.507
42.14,31735.6,34643.8,-1.3572,-0.8754,146.1,97.3,0.507
42.16,31853.1,34732.8,-0.7541,-0.6562,146.1,97.3,0.507
42.18,31831.1,34648.0,-0.8667,-0.865,146.1,97.3,0.507
42.2,31774.0,34635.8,-1.1601,-0.8951,146.1,97.3,0.507
42.22,31911.9,34474.0,-0.452,-1.2935,146.1,97.3,0.507
42.24,31719.7,34425.3,-1.4386,-1.4132,146.1,97.3,0.507
42.26,31822.5,34495.4,-0.9111,-1.2407,146.1,97.3,0.507
42.28,31853.5,34682.6,-0.752,-0.7798,146.1,97.3,0.507
42.3,32172.7,35229.8,0.8862,0.5673,146.1,97.3,0.507
42.32,32194.9,35476.7,1.0005,1.1752,146.1,97.3,0.507
42.34,32282.5,35710.7,1.4499,1.7515,146.1,97.3,0.507
42.36,32428.3,35748.6,2.1985,1.8446,146.1,97.3,0.507
42.38,32313.0,35666.7,1.6065,1.6429,146.1,97.3,0.507
42.4,32200.2,35395.4,1.0275,0.975,146.1,97.3,0.507
42.42,32158.3,35208.7,0.8123,0.5154,146.1,97.3,0.507
42.44,32029.9,35159.9,0.1536,0.3954,146.1,97.3,0.507
42.46,32023.6,35117.7,0.1212,0.2913,146.1,97.3,0.507
42.48,32017.8,35039.4,0.0915,0.0985,146.1,97.3,0.507
42.5,31952.1,35004.2,-0.246,0.0118,146.1,97.3,0.507
42.52,31877.6,34810.3,-0.6284,-0.4654,146.1,97.3,0.507
42.54,31903.1,34747.0,-0.4973,-0.6214,146.1,97.3,0.507
42.56,31844.0,34729.2,-0.8006,-0.6651,146.1,97.3,0.507
42.58,31841.7,34651.2,-0.8123,-0.8573,146.1,97.3,0.507
42.6,31810.2,34497.3,-0.9742,-1.2359,146.1,97.3,0.507
42.62,31879.1,34577.9,-0.6205,-1.0376,146.1,97.3,0.507
42.64,31744.7,34434.9,-1.3104,-1.3897,146.1,97.3,0.507
42.66,31789.8,34465.4,-1.0788,-1.3146,146.1,97.3,0.507
42.68,31750.8,34651.2,-1.2788,-0.8571,146.1,97.3,0.507
42.7,31973.1,34917.5,-0.1381,-0.2015,146.1,97.3,0.507
42.72,32084.7,35260.2,0.4349,0.6422,146.1,97.3,0.507
42.74,32329.8,35570.7,1.693,1.4066,146.1,97.3,0.507
42.76,32411.7,35653.2,2.113,1.6098,146.1,97.3,0.507
42.78,32330.4,35708.6,1.6961,1.7462,146.1,97.3,0.507
42.8,32237.7,35530.6,1.22,1.3079,146.1,97.3,0.507
42.82,32143.9,35386.2,0.7386,0.9525,146.1,97.3,0.507
42.84,32145.3,35196.0,0.7459,0.4842,146.1,97.3,0.507
42.86,32094.7,35205.7,0.4861,0.5079,146.1,97.3,0.507
42.88,32009.3,35077.8,0.0477,0.1931,146.1,97.3,0.507
42.9,32002.3,34926.4,0.012,-0.1797,146.1,97.3,0.507
42.92,31873.4,34817.1,-0.6499,-0.4487,146.1,97.3,0.507
42.94,31842.4,34648.6,-0.8087,-0.8636,146.1,97.3,0.507
42.96,31896.1,34600.9,-0.5332,-0.981,146.1,97.3,0.507
42.98,31736.2,34603.1,-1.3541,-0.9756,146.1,97.3,0.507
43.0,31857.8,34683.4,-0.7297,-0.7779,146.1,97.3,0.507
43.02,31815.0,34648.7,-0.9493,-0.8633,146.1,97.3,0.507
43.04,31819.2,34582.6,-0.928,-1.0262,146.1,97.3,0.507
43.06,31728.2,34433.0,-1.3951,-1.3944,146.1,97.3,0.507
43.08,31746.7,34466.6,-1.2998,-1.3116,146.1,97.3,0.507
43.1,31834.8,34714.9,-0.848,-0.7003,146.1,97.3,0.507
43.12,31980.6,35091.9,-0.0993,0.2279,146.1,97.3,0.507
43.14,32199.5,35416.0,1.024,1.0257,146.1,97.3,0.507
43.16,32335.1,35681.0,1.7201,1.6783,146.1,97.3,0.507
43.18,32395.0,35758.6,2.0274,1.8694,146.1,97.3,0.507
43.2,32316.4,35622.7,1.6238,1.5348,146.1,97.3,0.507
43.22,32149.7,35374.5,0.7682,0.9235,146.1,97.3,0.507
43.24,32145.6,35271.3,0.7475,0.6697,146.1,97.3,0.507
43.26,32069.5,35139.5,0.3567,0.3449,146.1,97.3,0.507
43.28,32084.0,35046.3,0.4313,0.1156,146.1,97.3,0.507
43.3,32068.8,34949.7,0.3533,-0.1223,146.1,97.3,0.507
43.32,32044.8,34994.4,0.2299,-0.0121,146.1,97.3,0.507
43.34,31937.9,34800.8,-0.3187,-0.4888,146.1,97.3,0.507
43.36,31888.4,34807.7,-0.5726,-0.4719,146.1,97.3,0.507
43.38,31849.8,34754.4,-0.7711,-0.6031,146.1,97.3,0.507
43.4,31877.7,34657.0,-0.6276,-0.8428,146.1,97.3,0.507
43.42,31861.0,34642.2,-0.7134,-0.8793,146.1,97.3,0.507
43.44,31804.0,34522.1,-1.0057,-1.175,146.1,97.3,0.507
43.46,31794.2,34424.2,-1.0564,-1.416,146.1,97.3,0.507
43.48,31763.0,34466.3,-1.2164,-1.3123,146.1,97.3,0.507
43.5,31795.4,34640.8,-1.0503,-0.8828,146.1,97.3,0.507
43.52,31886.8,34872.6,-0.581,-0.312,146.1,97.3,0.507
43.54,31979.4,35231.5,-0.1057,0.5716,146.1,97.3,0.507
43.56,32273.1,35636.6,1.4019,1.5689,146.1,97.3,0.507
43.58,32446.2,35838.4,2.2902,2.0657,146.1,97.3,0.507
43.6,32371.2,35693.9,1.9055,1.71,146.1,97.3,0.507
43.62,32302.3,35584.1,1.5515,1.4397,146.1,97.3,0.507
43.64,32287.6,35281.2,1.476,0.694,146.1,97.3,0.507
43.66,32106.9,35158.6,0.5489,0.3921,146.1,97.3,0.507
43.68,32049.3,35087.2,0.2529,0.2162,146.1,97.3,0.507
43.7,32096.6,35060.4,0.4957,0.1504,146.1,97.3,0.507
43.72,31954.1,34998.1,-0.2357,-0.0031,146.1,97.3,0.507
43.74,31952.0,34919.1,-0.2465,-0.1976,146.1,97.3,0.507
43.76,31969.4,34832.8,-0.1571,-0.41,146.1,97.3,0.507
43.78,31876.6,34634.6,-0.6331,-0.8979,146.1,97.3,0.507
43.8,31862.8,34646.8,-0.7043,-0.8681,146.1,97.3,0.507
43.82,31780.1,34677.8,-1.1284,-0.7916,146.1,97.3,0.507
43.84,31871.9,34570.8,-0.6576,-1.0551,146.1,97.3,0.507
43.86,31792.7,34535.2,-1.0638,-1.1427,146.1,97.3,0.507
43.88,31810.7,34472.7,-0.9715,-1.2966,146.1,97.3,0.507
43.9,31796.3,34439.4,-1.0456,-1.3787,146.1,97.3,0.507
43.92,31817.0,34629.8,-0.9391,-0.9098,146.1,97.3,0.507
43.94,31999.0,35143.9,-0.0049,0.3558,146.1,97.3,0.507
43.96,32215.7,35381.6,1.1073,0.9412,146.1,97.3,0.507
43.98,32227.8,35695.0,1.1693,1.7128,146.1,97.3,0.507
44.0,32417.1,35738.5,2.1408,1.8199,146.1,97.3,0.507
44.02,32326.1,35671.9,1.6736,1.6558,146.1,97.3,0.507
44.04,32149.2,35473.2,0.7659,1.1666,146.1,97.3,0.507
44.06,32115.8,35262.0,0.5945,0.6466,146.1,97.3,0.507
44.08,32139.8,35151.0,0.7174,0.3734,146.1,97.3,0.507
44.1,32073.5,35211.5,0.3773,0.5223,146.1,97.3,0.507
44.12,32080.4,35050.5,0.4126,0.126,146.1,97.3,0.507
44.14,32027.4,34923.2,0.1408,-0.1875,146.1,97.3,0.507
44.16,31906.9,34921.0,-0.4779,-0.1928,146.1,97.3,0.507
44.18,31915.9,34783.4,-0.4318,-0.5318,146.1,97.3,0.507
44.2,31839.6,34704.5,-0.8233,-0.7259,146.1,97.3,0.507
44.22,31899.8,34693.3,-0.5145,-0.7535,146.1,97.3,0.507
44.24,31822.9,34608.6,-0.9088,-0.962,146.1,97.3,0.507
44.26,31896.3,34586.0,-0.5321,-1.0177,146.1,97.3,0.507
44.28,31756.0,34465.1,-1.2523,-1.3153,146.1,97.3,0.507
44.3,31790.7,34348.1,-1.0742,-1.6033,146.1,97.3,0.507
44.32,31869.3,34578.7,-0.6705,-1.0356,146.1,97.3,0.507
44.34,31863.1,34820.0,-0.7027,-0.4416,146.1,97.3,0.507
44.36,32030.0,35235.2,0.1539,0.5806,146.1,97.3,0.507
44.38,32296.9,35592.9,1.524,1.4614,146.1,97.3,0.507
44.4,32385.9,35761.5,1.9809,1.8764,146.1,97.3,0.507
44.42,32435.9,35672.6,2.2373,1.6575,146.1,97.3,0.507
44.44,32245.9,35565.4,1.262,1.3936,146.1,97.3,0.507
44.46,32214.5,35316.1,1.1011,0.78,146.1,97.3,0.507
44.48,32066.7,35225.2,0.3425,0.556,146.1,97.3,0.507
44.5,31996.1,35127.9,-0.02,0.3166,146.1,97.3,0.507
44.52,32026.6,35138.2,0.1364,0.3419,146.1,97.3,0.507
44.54,31976.3,34991.2,-0.1218,-0.0201,146.1,97.3,0.507
44.56,31903.6,34942.7,-0.4948,-0.1393,146.1,97.3,0.507
44.58,31811.5,34823.3,-0.9674,-0.4333,146.1,97.3,0.507
44.6,31940.3,34830.8,-0.3062,-0.4149,146.1,97.3,0.507
44.62,31754.8,34681.7,-1.2584,-0.782,146.1,97.3,0.507
44.64,31869.0,34632.9,-0.6723,-0.9022,146.1,97.3,0.507
44.66,31917.2,34613.0,-0.4251,-0.9511,146.1,97.3,0.507
44.68,31695.9,34539.4,-1.5607,-1.1324,146.1,97.3,0.507
44.7,31698.5,34517.1,-1.5474,-1.1872,146.1,97.3,0.507
44.72,31717.5,34496.9,-1.4502,-1.237,146.1,97.3,0.507
44.74,31812.4,34692.7,-0.9631,-0.7549,146.1,97.3,0.507
44.76,32063.4,35026.4,0.3255,0.0666,146.1,97.3,0.507
44.78,32202.7,35356.2,1.0404,0.8786,146.1,97.3,0.507
44.8,32289.2,35710.4,1.4846,1.7505,146.1,97.3,0.507
44.82,32351.5,35724.7,1.804,1.7859,146.1,97.3,0.507
44.84,32233.3,35672.6,1.1973,1.6577,146.1,97.3,0.507
44.86,32172.7,35486.6,0.8865,1.1995,146.1,97.3,0.507
44.88,32014.1,35249.4,0.0724,0.6157,146.1,97.3,0.507
44.9,32155.3,35149.0,0.7973,0.3685,146.1,97.3,0.507
44.92,32086.7,35036.7,0.445,0.092,146.1,97.3,0.507
44.94,31933.9,35086.9,-0.3392,0.2154,146.1,97.3,0.507
44.96,31924.9,34955.7,-0.3853,-0.1075,146.1,97.3,0.507
44.98,31824.9,34912.1,-0.8985,-0.2149,146.1,97.3,0.507
45.0,31834.9,34745.9,-0.8472,-0.624,146.1,97.3,0.507
45.02,31890.9,34533.8,-0.5597,-1.1461,146.1,97.3,0.507
45.04,31884.5,34738.3,-0.5928,-0.6428,146.1,97.3,0.507
45.06,31831.2,34607.9,-0.8664,-0.9638,146.1,97.3,0.507
45.08,31855.2,34654.5,-0.7433,-0.849,146.1,97.3,0.507
45.1,31718.2,34533.1,-1.4464,-1.1479,146.1,97.3,0.507
45.12,31718.6,34457.2,-1.444,-1.3347,146.1,97.3,0.507
45.14,31789.8,34596.8,-1.0788,-0.991,146.1,97.3,0.507
45.16,31930.4,34773.7,-0.357,-0.5556,146.1,97.3,0.507
45.18,32092.2,35173.7,0.4732,0.4293,146.1,97.3,0.507
45.2,32256.4,35497.1,1.316,1.2254,146.1,97.3,0.507
45.22,32403.7,35699.9,2.0719,1.7247,146.1,97.3,0.507
45.24,32409.2,35727.3,2.1005,1.7923,146.1,97.3,0.507
45.26,32247.3,35472.4,1.2694,1.1648,146.1,97.3,0.507
45.28,32185.0,35397.4,0.9494,0.9799,146.1,97.3,0.507
45.3,32112.1,35237.2,0.5755,0.5856,146.1,97.3,0.507
45.32,32074.3,35089.4,0.3814,0.2218,146.1,97.3,0.507
45.34,32100.6,35083.1,0.5163,0.2063,146.1,97.3,0.507
45.36,31957.6,34975.0,-0.2176,-0.0599,146.1,97.3,0.507
45.38,31942.2,34882.8,-0.2965,-0.287,146.1,97.3,0.507
45.4,31847.5,34881.7,-0.7828,-0.2897,146.1,97.3,0.507
45.42,31909.7,34602.5,-0.4637,-0.9771,146.1,97.3,0.507
45.44,31879.0,34681.8,-0.6209,-0.7817,146.1,97.3,0.507
45.46,31804.5,34709.6,-1.0036,-0.7134,146.1,97.3,0.507
45.48,31795.8,34603.4,-1.048,-0.9749,146.1,97.3,0.507
45.5,31731.7,34563.7,-1.3772,-1.0726,146.1,97.3,0.507
45.52,31716.4,34471.2,-1.4554,-1.3002,146.1,97.3,0.507
45.54,31760.6,34508.3,-1.2289,-1.2089,146.1,97.3,0.507
45.56,31849.6,34671.1,-0.7717,-0.8081,146.1,97.3,0.507
45.58,31958.2,34912.5,-0.2147,-0.2139,146.1,97.3,0.507
45.6,32077.1,35388.2,0.3959,0.9575,146.1,97.3,0.507
45.62,32298.8,35580.0,1.5336,1.4295,146.1,97.3,0.507
45.64,32366.5,35782.4,1.8811,1.928,146.1,97.3,0.507
45.66,32277.4,35659.6,1.4236,1.6255,146.1,97.3,0.507
45.68,32146.7,35452.0,0.7531,1.1144,146.1,97.3,0.507
45.7,32145.1,35278.6,0.7449,0.6875,146.1,97.3,0.507
45.72,32086.4,35223.8,0.4437,0.5525,146.1,97.3,0.507
45.74,31982.6,35120.7,-0.0895,0.2989,146.1,97.3,0.507
45.76,32042.3,35007.3,0.2173,0.0196,146.1,97.3,0.507
45.78,32017.6,34823.1,0.0905,-0.434,146.1,97.3,0.507
45.8,31908.4,34910.9,-0.4702,-0.2177,146.1,97.3,0.507
45.82,31845.1,34709.3,-0.795,-0.714,146.1,97.3,0.507
45.84,31814.3,34749.3,-0.9529,-0.6157,146.1,97.3,0.507
45.86,31876.3,34603.9,-0.635,-0.9737,146.1,97.3,0.507
45.88,31884.7,34711.5,-0.5919,-0.7086,146.1,97.3,0.507
45.9,31790.2,34597.1,-1.0769,-0.9904,146.1,97.3,0.507
45.92,31776.6,34490.6,-1.1465,-1.2526,146.1,97.3,0.507
45.94,31711.9,34488.2,-1.4788,-1.2585,146.1,97.3,0.507
45.96,31734.7,34512.5,-1.3614,-1.1986,146.1,97.3,0.507
45.98,31968.5,34793.1,-0.1619,-0.5077,146.1,97.3,0.507
46.0,32018.0,35179.6,0.0924,0.4437,146.1,97.3,0.507
46.02,32301.7,35508.8,1.5484,1.2543,146.1,97.3,0.507
46.04,32285.5,35748.4,1.4655,1.8442,146.1,97.3,0.507
46.06,32430.2,35687.9,2.2082,1.6951,146.1,97.3,0.507
46.08,32265.5,35641.8,1.3629,1.5818,146.1,97.3,0.507
46.1,32130.8,35424.3,0.6716,1.0462,146.1,97.3,0.507
46.12,32070.0,35268.9,0.3592,0.6636,146.1,97.3,0.507
46.14,32028.2,35147.8,0.145,0.3655,146.1,97.3,0.507
46.16,31967.5,35042.8,-0.1667,0.107,146.1,97.3,0.507
46.18,31966.5,34952.0,-0.1717,-0.1166,146.1,97.3,0.507
46.2,31946.5,34901.4,-0.2746,-0.2412,146.1,97.3,0.507
46.22,31851.4,34688.8,-0.7624,-0.7646,146.1,97.3,0.507
46.24,31839.9,34733.0,-0.8217,-0.6557,146.1,97.3,0.507
46.26,31729.5,34682.2,-1.3885,-0.7808,146.1,97.3,0.507
46.28,31937.3,34657.6,-0.3217,-0.8415,146.1,97.3,0.507
46.3,31818.9,34665.0,-0.9293,-0.8231,146.1,97.3,0.507
46.32,31819.5,34456.4,-0.9265,-1.3367,146.1,97.3,0.507
46.34,31817.9,34440.3,-0.9344,-1.3764,146.1,97.3,0.507
46.36,31834.9,34445.9,-0.8471,-1.3625,146.1,97.3,0.507
46.38,31755.0,34678.7,-1.2574,-0.7895,146.1,97.3,0.507
46.4,32046.5,34947.1,0.2386,-0.1287,146.1,97.3,0.507
46.42,32179.1,35410.8,0.9195,1.013,146.1,97.3,0.507
46.44,32289.1,35652.5,1.4841,1.6082,146.1,97.3,0.507
46.46,32408.1,35777.4,2.0947,1.9156,146.1,97.3,0.507
46.48,32375.6,35677.9,1.9279,1.6707,146.1,97.3,0.507
46.5,32232.7,35507.0,1.1944,1.25,146.1,97.3,0.507
46.52,32156.4,35308.6,0.8028,0.7613,146.1,97.3,0.507
46.54,32109.1,35125.2,0.5599,0.3099,146.1,97.3,0.507
46.56,32120.8,35151.0,0.6203,0.3733,146.1,97.3,0.507
46.58,31952.3,35131.3,-0.2449,0.3249,146.1,97.3,0.507
46.6,31955.9,34926.3,-0.2265,-0.1798,146.1,97.3,0.507
46.62,31966.5,34841.9,-0.1718,-0.3875,146.1,97.3,0.507
46.64,31906.2,34707.1,-0.4815,-0.7194,146.1,97.3,0.507
46.66,31950.2,34662.1,-0.2555,-0.8302,146.1,97.3,0.507
46.68,31833.5,34725.1,-0.8543,-0.6752,146.1,97.3,0.507
46.7,31864.5,34594.6,-0.6956,-0.9964,146.1,97.3,0.507
46.72,31820.1,34580.2,-0.9233,-1.0319,146.1,97.3,0.507
46.74,31758.3,34503.4,-1.2407,-1.2211,146.1,97.3,0.507
46.76,31726.7,34353.0,-1.4029,-1.5913,146.1,97.3,0.507
46.78,31758.0,34500.2,-1.2423,-1.2288,146.1,97.3,0.507
46.8,31908.9,34793.6,-0.4674,-0.5065,146.1,97.3,0.507
46.82,32099.3,35123.8,0.5098,0.3064,146.1,97.3,0.507
46.84,32203.1,35506.8,1.0425,1.2495,146.1,97.3,0.507
46.86,32301.2,35717.5,1.5459,1.7682,146.1,97.3,0.507
46.88,32381.0,35758.8,1.9554,1.8697,146.1,97.3,0.507
46.9,32285.6,35612.7,1.4661,1.5102,146.1,97.3,0.507
46.92,32132.3,35405.3,0.679,0.9996,146.1,97.3,0.507
46.94,32105.1,35244.0,0.5393,0.6023,146.1,97.3,0.507
46.96,32064.3,35220.9,0.3301,0.5454,146.1,97.3,0.507
46.98,32052.9,35009.7,0.2713,0.0255,146.1,97.3,0.507
47.0,31979.9,34967.3,-0.1031,-0.0789,146.1,97.3,0.507
47.02,32002.1,34922.5,0.0106,-0.1891,146.1,97.3,0.507
47.04,31913.8,34799.3,-0.4425,-0.4924,146.1,97.3,0.507
47.06,31797.0,34699.9,-1.0417,-0.7373,146.1,97.3,0.507
47.08,31912.6,34780.3,-0.4488,-0.5394,146.1,97.3,0.507
47.1,31853.9,34630.6,-0.7499,-0.9079,146.1,97.3,0.507
47.12,31805.7,34604.9,-0.9972,-0.971,146.1,97.3,0.507
47.14,31785.0,34557.6,-1.1035,-1.0875,146.1,97.3,0.507
47.16,31762.6,34404.4,-1.2182,-1.4648,146.1,97.3,0.507
47.18,31750.6,34543.7,-1.2802,-1.1219,146.1,97.3,0.507
47.2,31820.3,34633.4,-0.9224,-0.901,146.1,97.3,0.507
47.22,32008.4,34988.0,0.0433,-0.0279,146.1,97.3,0.507
47.24,32129.9,35209.5,0.6666,0.5173,146.1,97.3,0.507
47.26,32272.0,35648.1,1.3959,1.5972,146.1,97.3,0.507
47.28,32312.8,35780.9,1.6056,1.9242,146.1,97.3,0.507
47.3,32367.1,35701.3,1.8843,1.7283,146.1,97.3,0.507
47.32,32279.7,35499.5,1.4357,1.2315,146.1,97.3,0.507
47.34,32144.8,35297.6,0.7434,0.7344,146.1,97.3,0.507
47.36,32053.3,35187.2,0.2737,0.4625,146.1,97.3,0.507
47.38,31970.9,35121.8,-0.1491,0.3014,146.1,97.3,0.507
47.4,32050.1,35096.9,0.2573,0.2401,146.1,97.3,0.507
47.42,31987.0,34960.7,-0.0667,-0.0951,146.1,97.3,0.507
47.44,31883.2,34824.7,-0.5994,-0.4299,146.1,97.3,0.507
47.46,31936.3,34839.6,-0.3267,-0.3934,146.1,97.3,0.507
47.48,31909.5,34708.0,-0.4645,-0.7174,146.1,97.3,0.507
47.5,31845.8,34772.7,-0.7913,-0.5579,146.1,97.3,0.507
47.52,31853.4,34603.1,-0.7524,-0.9755,146.1,97.3,0.507
47.54,31770.5,34626.3,-1.1778,-0.9185,146.1,97.3,0.507
47.56,31685.7,34516.1,-1.6132,-1.1897,146.1,97.3,0.507
47.58,31741.2,34553.0,-1.3282,-1.0988,146.1,97.3,0.507
47.6,31714.2,34549.5,-1.4671,-1.1076,146.1,97.3,0.507
47.62,31945.1,34764.7,-0.2818,-0.5776,146.1,97.3,0.507
47.64,32039.5,35050.3,0.2026,0.1256,146.1,97.3,0.507
47.66,32145.7,35480.9,0.7477,1.1857,146.1,97.3,0.507
47.68,32360.3,35663.4,1.8494,1.635,146.1,97.3,0.507
47.7,32327.5,35762.8,1.6808,1.8797,146.1,97.3,0.507
47.72,32289.8,35667.4,1.4875,1.6447,146.1,97.3,0.507
47.74,32237.5,35457.5,1.2191,1.128,146.1,97.3,0.507
47.76,32081.8,35174.4,0.4197,0.4311,146.1,97.3,0.507
47.78,32092.7,35206.6,0.4758,0.5103,146.1,97.3,0.507
47.8,31938.0,35116.7,-0.3183,0.2888,146.1,97.3,0.507
47.82,31997.2,35001.7,-0.0145,0.0057,146.1,97.3,0.507
47.84,31882.3,34924.5,-0.6041,-0.1842,146.1,97.3,0.507
47.86,31862.4,34823.8,-0.7062,-0.4323,146.1,97.3,0.507
47.88,31891.8,34747.4,-0.5555,-0.6204,146.1,97.3,0.507
47.9,31895.9,34657.5,-0.5343,-0.8415,146.1,97.3,0.507
47.92,31779.7,34756.9,-1.1308,-0.5969,146.1,97.3,0.507
47.94,31834.6,34706.7,-0.8487,-0.7205,146.1,97.3,0.507
47.96,31846.7,34555.2,-0.7869,-1.0935,146.1,97.3,0.507
47.98,31736.6,34422.9,-1.3517,-1.4192,146.1,97.3,0.507
48.0,31723.8,34425.4,-1.4175,-1.4132,146.1,97.3,0.507
48.02,31786.0,34549.3,-1.0983,-1.1081,146.1,97.3,0.507
48.04,31969.7,34894.2,-0.1554,-0.2589,146.1,97.3,0.507
48.06,32228.1,35290.2,1.1706,0.7161,146.1,97.3,0.507
48.08,32276.2,35526.9,1.4177,1.2988,146.1,97.3,0.507
48.1,32430.6,35818.4,2.2099,2.0166,146.1,97.3,0.507
48.12,32288.0,35702.6,1.4782,1.7315,146.1,97.3,0.507
48.14,32254.1,35584.0,1.3044,1.4395,146.1,97.3,0.507
48.16,32158.2,35337.1,0.8122,0.8316,146.1,97.3,0.507
48.18,32049.5,35191.7,0.254,0.4736,146.1,97.3,0.507
48.2,32101.0,35022.4,0.5184,0.0569,146.1,97.3,0.507
48.22,31967.4,35102.4,-0.1671,0.2536,146.1,97.3,0.507
48.24,32002.9,34995.2,0.015,-0.0102,146.1,97.3,0.507
48.26,31920.6,34917.8,-0.4074,-0.2007,146.1,97.3,0.507
48.28,31865.0,34682.8,-0.6931,-0.7795,146.1,97.3,0.507
48.3,31878.9,34660.1,-0.6215,-0.8351,146.1,97.3,0.507
48.32,31863.5,34746.6,-0.7007,-0.6223,146.1,97.3,0.507
48.34,31842.5,34723.2,-0.8084,-0.6798,146.1,97.3,0.507
48.36,31778.6,34598.6,-1.1363,-0.9867,146.1,97.3,0.507
48.38,31819.0,34561.0,-0.9288,-1.0792,146.1,97.3,0.507
48.4,31740.1,34435.5,-1.3338,-1.3883,146.1,97.3,0.507
48.42,31736.0,34553.3,-1.3551,-1.0982,146.1,97.3,0.507
48.44,31926.2,34759.3,-0.379,-0.5911,146.1,97.3,0.507
48.46,32072.4,35169.5,0.3718,0.419,146.1,97.3,0.507
48.48,32261.0,35486.2,1.3396,1.1987,146.1,97.3,0.507
48.5,32317.2,35722.1,1.6279,1.7794,146.1,97.3,0.507
48.52,32398.7,35756.2,2.0462,1.8633,146.1,97.3,0.507
48.54,32280.8,35606.6,1.4414,1.495,146.1,97.3,0.507
48.56,32127.3,35374.7,0.6532,0.9241,146.1,97.3,0.507
48.58,32051.0,35232.3,0.2616,0.5736,146.1,97.3,0.507
48.6,32109.8,35169.1,0.5638,0.418,146.1,97.3,0.507
48.62,31998.8,35083.8,-0.0062,0.2079,146.1,97.3,0.507
48.64,31995.8,35062.8,-0.0215,0.1562,146.1,97.3,0.507
48.66,31966.2,34889.8,-0.1734,-0.2698,146.1,97.3,0.507
48.68,31880.5,34781.6,-0.6132,-0.5362,146.1,97.3,0.507
48.7,31824.1,34712.3,-0.9026,-0.7067,146.1,97.3,0.507
48.72,31892.6,34768.9,-0.5512,-0.5675,146.1,97.3,0.507
48.74,31868.0,34604.4,-0.6772,-0.9724,146.1,97.3,0.507
48.76,31915.6,34680.4,-0.4334,-0.7851,146.1,97.3,0.507
48.78,31833.4,34664.0,-0.8551,-0.8257,146.1,97.3,0.507
48.8,31799.5,34460.6,-1.0291,-1.3265,146.1,97.3,0.507
48.82,31732.4,34428.0,-1.3735,-1.4066,146.1,97.3,0.507
48.84,31776.4,34596.1,-1.1476,-0.9929,146.1,97.3,0.507
48.86,32024.0,34876.3,0.1235,-0.3029,146.1,97.3,0.507
48.88,32150.8,35148.6,0.7738,0.3675,146.1,97.3,0.507
48.9,32231.6,35558.3,1.1887,1.376,146.1,97.3,0.507
48.92,32412.9,35753.8,2.1195,1.8575,146.1,97.3,0.507
48.94,32268.0,35716.0,1.3755,1.7643,146.1,97.3,0.507
48.96,32313.3,35604.2,1.6082,1.4891,146.1,97.3,0.507
48.98,32142.1,35277.3,0.7294,0.6844,146.1,97.3,0.507
49.0,31994.1,35197.9,-0.03,0.4889,146.1,97.3,0.507
49.02,31952.7,35186.7,-0.2428,0.4613,146.1,97.3,0.507
49.04,32095.3,35045.8,0.4891,0.1143,146.1,97.3,0.507
49.06,32062.0,35106.5,0.3182,0.2638,146.1,97.3,0.507
49.08,31952.3,34966.7,-0.2448,-0.0803,146.1,97.3,0.507
49.1,31915.2,34777.5,-0.4351,-0.5463,146.1,97.3,0.507
49.12,31865.7,34669.2,-0.6891,-0.8128,146.1,97.3,0.507
49.14,31878.3,34692.9,-0.6248,-0.7544,146.1,97.3,0.507
49.16,31852.7,34669.8,-0.756,-0.8114,146.1,97.3,0.507
49.18,31770.6,34533.1,-1.1773,-1.1479,146.1,97.3,0.507
49.2,31762.3,34481.6,-1.2201,-1.2747,146.1,97.3,0.507
49.22,31777.8,34389.8,-1.1404,-1.5006,146.1,97.3,0.507
49.24,31743.4,34470.3,-1.3171,-1.3026,146.1,97.3,0.507
49.26,31809.1,34776.1,-0.9799,-0.5496,146.1,97.3,0.507
49.28,32040.0,35109.2,0.2055,0.2705,146.1,97.3,0.507
49.3,32189.0,35412.2,0.9699,1.0164,146.1,97.3,0.507
49.32,32243.9,35715.8,1.252,1.764,146.1,97.3,0.507
49.34,32349.5,35760.5,1.7936,1.8739,146.1,97.3,0.507
49.36,32289.6,35585.7,1.4865,1.4435,146.1,97.3,0.507
49.38,32153.0,35579.3,0.7852,1.428,146.1,97.3,0.507
49.4,32168.5,35235.5,0.8649,0.5815,146.1,97.3,0.507
49.42,32081.9,35081.0,0.4204,0.201,146.1,97.3,0.507
49.44,32035.7,35095.6,0.1834,0.2369,146.1,97.3,0.507
49.46,31955.2,34994.6,-0.23,-0.0116,146.1,97.3,0.507
49.48,31907.7,34937.8,-0.4735,-0.1516,146.1,97.3,0.507
49.5,31900.4,34899.4,-0.5112,-0.2461,146.1,97.3,0.507
49.52,31846.8,34635.3,-0.786,-0.8963,146.1,97.3,0.507
49.54,31836.5,34646.4,-0.8394,-0.8689,146.1,97.3,0.507
49.56,31858.9,34673.0,-0.724,-0.8035,146.1,97.3,0.507
49.58,31828.4,34673.5,-0.8809,-0.8024,146.1,97.3,0.507
49.6,31793.5,34496.4,-1.0597,-1.2384,146.1,97.3,0.507
49.62,31752.0,34457.5,-1.2729,-1.3341,146.1,97.3,0.507
49.64,31721.3,34466.6,-1.4304,-1.3117,146.1,97.3,0.507
49.66,31753.7,34629.3,-1.2643,-0.911,146.1,97.3,0.507
49.68,31952.3,34805.5,-0.2449,-0.4773,146.1,97.3,0.507
49.7,32058.0,35211.0,0.2975,0.521,146.1,97.3,0.507
49.72,32210.2,35572.6,1.0787,1.4114,146.1,97.3,0.507
49.74,32352.6,35741.7,1.8096,1.8276,146.1,97.3,0.507
49.76,32381.9,35702.9,1.96,1.7322,146.1,97.3,0.507
49.78,32259.6,35553.1,1.3324,1.3633,146.1,97.3,0.507
49.8,32318.9,35288.6,1.6369,0.7121,146.1,97.3,0.507
49.82,32098.3,35159.3,0.5048,0.3939,146.1,97.3,0.507
49.84,32133.0,35050.6,0.6828,0.1261,146.1,97.3,0.507
49.86,32003.1,35117.5,0.0158,0.291,146.1,97.3,0.507
49.88,32084.1,34924.8,0.4316,-0.1835,146.1,97.3,0.507
49.9,31964.8,34825.5,-0.1809,-0.428,146.1,97.3,0.507
49.92,31855.4,34815.9,-0.7424,-0.4517,146.1,97.3,0.507
49.94,31863.0,34674.0,-0.7029,-0.8009,146.1,97.3,0.507
49.96,31833.9,34627.6,-0.8527,-0.9153,146.1,97.3,0.507
49.98,31825.2,34590.8,-0.8969,-1.0058,146.1,97.3,0.507
50.0,31832.5,34583.2,-0.8595,-1.0246,146.1,97.3,0.507
50.02,31624.2,34609.8,-1.9289,-0.9592,146.1,97.3,0.507
50.04,31810.8,34461.7,-0.9708,-1.3238,146.1,97.3,0.507
50.06,31736.2,34450.3,-1.3537,-1.3517,146.1,97.3,0.507
50.08,31914.4,34709.1,-0.4395,-0.7145,146.1,97.3,0.507
50.1,31995.2,35131.5,-0.0245,0.3255,146.1,97.3,0.507
50.12,32184.7,35374.7,0.9481,0.9242,146.1,97.3,0.507
50.14,32297.2,35612.0,1.5253,1.5083,146.1,97.3,0.507
50.16,32352.4,35698.8,1.8089,1.7221,146.1,97.3,0.507
50.18,32397.9,35598.9,2.0426,1.476,146.1,97.3,0.507
50.2,32183.7,35400.7,0.943,0.9881,146.1,97.3,0.507
50.22,32161.7,35241.2,0.8299,0.5955,146.1,97.3,0.507
50.24,32035.4,35102.2,0.1815,0.2532,146.1,97.3,0.507
50.26,32098.3,35018.4,0.5048,0.0469,146.1,97.3,0.507
50.28,32023.8,35104.9,0.1222,0.2599,146.1,97.3,0.507
50.3,31964.9,35047.3,-0.1803,0.118,146.1,97.3,0.507
50.32,31997.8,34914.5,-0.0113,-0.2089,146.1,97.3,0.507
50.34,31915.4,34695.7,-0.4341,-0.7477,146.1,97.3,0.507
50.36,31812.9,34648.5,-0.9605,-0.8637,146.1,97.3,0.507
50.38,31839.2,34733.9,-0.8251,-0.6535,146.1,97.3,0.507
50.4,31795.7,34756.8,-1.0487,-0.5971,146.1,97.3,0.507
50.42,31890.9,34512.5,-0.5597,-1.1986,146.1,97.3,0.507
50.44,31811.8,34523.7,-0.9658,-1.1711,146.1,97.3,0.507
50.46,31745.3,34455.4,-1.3073,-1.3393,146.1,97.3,0.507
50.48,31785.7,34635.5,-1.0998,-0.8959,146.1,97.3,0.507
50.5,31940.6,34850.5,-0.305,-0.3664,146.1,97.3,0.507
50.52,32089.8,35235.6,0.4609,0.5818,146.1,97.3,0.507
50.54,32228.6,35484.9,1.1734,1.1955,146.1,97.3,0.507
50.56,32325.1,35796.9,1.6688,1.9636,146.1,97.3,0.507
50.58,32310.5,35737.5,1.5936,1.8173,146.1,97.3,0.507
50.6,32258.6,35627.6,1.3273,1.5469,146.1,97.3,0.507
50.62,32247.1,35342.7,1.2684,0.8454,146.1,97.3,0.507
50.64,32168.7,35202.6,0.8658,0.5005,146.1,97.3,0.507
50.66,32110.4,35203.3,0.5667,0.5022,146.1,97.3,0.507
50.68,32008.2,35098.6,0.0422,0.2444,146.1,97.3,0.507
50.7,32009.5,35018.4,0.049,0.0469,146.1,97.3,0.507
50.72,31969.0,34880.0,-0.1593,-0.2939,146.1,97.3,0.507
50.74,31901.8,34775.2,-0.5037,-0.5518,146.1,97.3,0.507
50.76,31851.0,34720.6,-0.765,-0.6862,146.1,97.3,0.507
50.78,31805.6,34649.7,-0.998,-0.8608,146.1,97.3,0.507
50.8,31855.2,34678.2,-0.743,-0.7907,146.1,97.3,0.507
50.82,31824.6,34753.9,-0.9001,-0.6042,146.1,97.3,0.507
50.84,31735.9,34481.3,-1.3556,-1.2754,146.1,97.3,0.507
50.86,31791.1,34424.7,-1.0721,-1.4147,146.1,97.3,0.507
50.88,31814.9,34553.4,-0.9499,-1.098,146.1,97.3,0.507
50.9,31929.7,34802.6,-0.3606,-0.4844,146.1,97.3,0.507
50.92,32013.5,34979.5,0.0695,-0.0488,146.1,97.3,0.507
50.94,32200.8,35446.0,1.0304,1.0996,146.1,97.3,0.507
50.96,32361.0,35691.4,1.8527,1.7038,146.1,97.3,0.507
50.98,32288.2,35712.7,1.4795,1.7564,146.1,97.3,0.507
51.0,32286.7,35753.7,1.4716,1.8572,146.1,97.3,0.507
51.02,32241.3,35456.2,1.2387,1.1248,146.1,97.3,0.507
51.04,32188.5,35286.5,0.9674,0.7071,146.1,97.3,0.507
51.06,32077.7,35097.7,0.3988,0.2421,146.1,97.3,0.507
51.08,32051.7,35082.2,0.2656,0.2041,146.1,97.3,0.507
51.1,32017.4,35003.6,0.0891,0.0105,146.1,97.3,0.507
51.12,32006.9,34976.0,0.0354,-0.0575,146.1,97.3,0.507
51.14,31865.5,34926.6,-0.6903,-0.1791,146.1,97.3,0.507
51.16,31989.5,34686.9,-0.054,-0.7693,146.1,97.3,0.507
51.18,31868.3,34658.6,-0.6761,-0.839,146.1,97.3,0.507
51.2,31737.4,34652.6,-1.3479,-0.8537,146.1,97.3,0.507
51.22,31750.1,34644.4,-1.2826,-0.874,146.1,97.3,0.507
51.24,31858.2,34583.2,-0.7277,-1.0246,146.1,97.3,0.507
51.26,31702.5,34503.6,-1.5269,-1.2206,146.1,97.3,0.507
51.28,31695.1,34417.0,-1.5649,-1.4338,146.1,97.3,0.507
51.3,31790.7,34596.2,-1.0742,-0.9925,146.1,97.3,0.507
51.32,31884.7,34837.9,-0.5917,-0.3975,146.1,97.3,0.507
51.34,32151.0,35203.3,0.7751,0.5022,146.1,97.3,0.507
51.36,32178.1,35610.1,0.9142,1.5036,146.1,97.3,0.507
51.38,32380.1,35687.1,1.9509,1.6933,146.1,97.3,0.507
51.4,32387.8,35741.1,1.9905,1.8262,146.1,97.3,0.507
51.42,32351.6,35590.5,1.8048,1.4554,146.1,97.3,0.507
51.44,32155.6,35343.7,0.7985,0.8478,146.1,97.3,0.507
51.46,32080.8,35220.1,0.4148,0.5434,146.1,97.3,0.507
51.48,32017.4,35151.2,0.0895,0.3738,146.1,97.3,0.507
51.5,32141.3,35111.2,0.7252,0.2754,146.1,97.3,0.507
51.52,32018.3,34959.9,0.0939,-0.0971,146.1,97.3,0.507
51.54,31878.7,34830.4,-0.6227,-0.416,146.1,97.3,0.507
51.56,31851.3,34731.8,-0.763,-0.6587,146.1,97.3,0.507
51.58,31855.2,34782.7,-0.743,-0.5334,146.1,97.3,0.507
51.6,31881.7,34659.3,-0.6073,-0.8373,146.1,97.3,0.507
51.62,31846.1,34665.0,-0.7901,-0.8231,146.1,97.3,0.507
51.64,31769.5,34590.0,-1.1833,-1.0078,146.1,97.3,0.507
51.66,31857.9,34521.3,-0.7292,-1.1769,146.1,97.3,0.507
51.68,31747.5,34537.3,-1.2959,-1.1376,146.1,97.3,0.507
51.7,31733.3,34471.4,-1.3687,-1.2998,146.1,97.3,0.507
51.72,31828.0,34713.9,-0.8829,-0.7027,146.1,97.3,0.507
51.74,32041.3,34962.7,0.2122,-0.0902,146.1,97.3,0.507
51.76,32165.3,35292.7,0.8486,0.7223,146.1,97.3,0.507
51.78,32357.3,35651.1,1.8337,1.6046,146.1,97.3,0.507
51.8,32320.9,35761.0,1.6471,1.8753,146.1,97.3,0.507
51.82,32394.2,35662.1,2.0236,1.6317,146.1,97.3,0.507
51.84,32144.3,35468.9,0.7409,1.1561,146.1,97.3,0.507
51.86,32137.6,35327.6,0.7063,0.8082,146.1,97.3,0.507
51.88,32036.2,35129.0,0.1859,0.3193,146.1,97.3,0.507
51.9,32094.1,35169.0,0.4831,0.4176,146.1,97.3,0.507
51.92,32021.6,35090.6,0.1106,0.2246,146.1,97.3,0.507
51.94,32034.9,34900.6,0.1793,-0.243,146.1,97.3,0.507
51.96,31910.8,34800.8,-0.4579,-0.4889,146.1,97.3,0.507
51.98,31852.7,34724.1,-0.756,-0.6777,146.1,97.3,0.507
52.0,31905.9,34661.0,-0.4829,-0.833,146.1,97.3,0.507
52.02,31774.9,34583.4,-1.1553,-1.024,146.1,97.3,0.507
52.04,31837.7,34705.2,-0.8329,-0.7243,146.1,97.3,0.507
52.06,31786.1,34595.2,-1.0979,-0.9951,146.1,97.3,0.507
52.08,31845.6,34524.7,-0.7925,-1.1685,146.1,97.3,0.507
52.1,31683.7,34462.9,-1.6232,-1.3207,146.1,97.3,0.507
52.12,31719.2,34587.2,-1.4413,-1.0148,146.1,97.3,0.507
52.14,31929.4,34823.7,-0.3622,-0.4325,146.1,97.3,0.507
52.16,32024.6,35141.6,0.1264,0.3501,146.1,97.3,0.507
52.18,32293.5,35572.4,1.5064,1.4109,146.1,97.3,0.507
52.2,32340.3,35733.2,1.7468,1.8067,146.1,97.3,0.507
52.22,32333.5,35694.6,1.7118,1.7118,146.1,97.3,0.507
52.24,32218.9,35586.2,1.1237,1.4449,146.1,97.3,0.507
52.26,32146.2,35363.2,0.7507,0.8959,146.1,97.3,0.507
52.28,32153.0,35182.9,0.7853,0.452,146.1,97.3,0.507
52.3,32178.7,35197.0,0.9171,0.4866,146.1,97.3,0.507
52.32,32044.6,35110.3,0.229,0.2732,146.1,97.3,0.507
52.34,31965.0,34871.8,-0.1798,-0.3141,146.1,97.3,0.507
52.36,31983.7,34864.7,-0.0838,-0.3316,146.1,97.3,0.507
52.38,31909.9,34839.1,-0.4627,-0.3945,146.1,97.3,0.507
52.4,31885.3,34691.5,-0.5886,-0.7579,146.1,97.3,0.507
52.42,31868.8,34726.6,-0.6731,-0.6714,146.1,97.3,0.507
52.44,31836.5,34701.9,-0.8391,-0.7323,146.1,97.3,0.507
52.46,31776.8,34574.0,-1.1457,-1.0472,146.1,97.3,0.507
52.48,31847.6,34593.5,-0.7822,-0.9992,146.1,97.3,0.507
52.5,31701.9,34417.5,-1.5299,-1.4324,146.1,97.3,0.507
52.52,31672.2,34383.3,-1.6822,-1.5168,146.1,97.3,0.507
52.54,31825.5,34607.9,-0.8957,-0.9638,146.1,97.3,0.507
52.56,31995.2,34914.3,-0.0247,-0.2094,146.1,97.3,0.507
52.58,32152.8,35357.3,0.7843,0.8814,146.1,97.3,0.507
52.6,32290.4,35700.2,1.4905,1.7254,146.1,97.3,0.507
52.62,32321.7,35785.8,1.6509,1.9362,146.1,97.3,0.507
52.64,32280.5,35679.2,1.4395,1.6739,146.1,97.3,0.507
52.66,32149.2,35517.7,0.7656,1.2762,146.1,97.3,0.507
52.68,32164.1,35366.5,0.8425,0.904,146.1,97.3,0.507
52.7,32045.7,35111.0,0.2347,0.2749,146.1,97.3,0.507
52.72,32025.7,35082.7,0.1319,0.2053,146.1,97.3,0.507
52.74,31995.1,35125.1,-0.0249,0.3095,146.1,97.3,0.507
52.76,31915.2,34875.4,-0.4352,-0.3052,146.1,97.3,0.507
52.78,31983.6,34821.6,-0.084,-0.4376,146.1,97.3,0.507
52.8,31741.6,34782.7,-1.326,-0.5334,146.1,97.3,0.507
52.82,31770.6,34708.7,-1.1774,-0.7157,146.1,97.3,0.507
52.84,31787.6,34634.2,-1.0901,-0.8989,146.1,97.3,0.507
52.86,31735.4,34686.8,-1.3582,-0.7694,146.1,97.3,0.507
52.88,31828.4,34588.4,-0.8805,-1.0118,146.1,97.3,0.507
52.9,31782.7,34510.8,-1.1152,-1.2028,146.1,97.3,0.507
52.92,31717.5,34420.1,-1.4501,-1.4262,146.1,97.3,0.507
52.94,31820.8,34448.9,-0.9198,-1.3551,146.1,97.3,0.507
52.96,31880.2,34836.1,-0.6148,-0.4019,146.1,97.3,0.507
52.98,32077.6,35194.2,0.3983,0.4796,146.1,97.3,0.507
53.0,32164.3,35468.8,0.8433,1.1559,146.1,97.3,0.507
53.02,32348.4,35749.4,1.7881,1.8466,146.1,97.3,0.507
53.04,32324.8,35697.7,1.6673,1.7193,146.1,97.3,0.507
53.06,32265.9,35610.1,1.3648,1.5037,146.1,97.3,0.507
53.08,32125.5,35357.6,0.6443,0.8821,146.1,97.3,0.507
53.1,32171.1,35288.5,0.8782,0.712,146.1,97.3,0.507
53.12,32085.0,35100.5,0.4365,0.249,146.1,97.3,0.507
53.14,32077.0,35019.2,0.3954,0.049,146.1,97.3,0.507
53.16,31980.2,35012.2,-0.1016,0.0317,146.1,97.3,0.507
53.18,31933.3,34941.4,-0.3424,-0.1426,146.1,97.3,0.507
53.2,31835.2,34789.7,-0.8456,-0.5161,146.1,97.3,0.507
53.22,31968.2,34750.7,-0.1631,-0.6122,146.1,97.3,0.507
53.24,31865.4,34697.9,-0.6907,-0.7421,146.1,97.3,0.507
53.26,31844.3,34596.2,-0.7992,-0.9926,146.1,97.3,0.507
53.28,31851.5,34620.8,-0.7623,-0.932,146.1,97.3,0.507
53.3,31837.0,34457.5,-0.8365,-1.334,146.1,97.3,0.507
53.32,31679.5,34458.9,-1.645,-1.3305,146.1,97.3,0.507
53.34,31750.1,34438.9,-1.2824,-1.3798,146.1,97.3,0.507
53.36,31860.6,34639.5,-0.7155,-0.8858,146.1,97.3,0.507
53.38,31998.2,34958.3,-0.0092,-0.101,146.1,97.3,0.507
53.4,32225.0,35278.9,1.1548,0.6882,146.1,97.3,0.507
53.42,32239.0,35578.9,1.227,1.4269,146.1,97.3,0.507
53.44,32458.1,35761.9,2.3511,1.8774,146.1,97.3,0.507
53.46,32320.6,35623.8,1.6454,1.5375,146.1,97.3,0.507
53.48,32284.8,35518.4,1.4617,1.278,146.1,97.3,0.507
53.5,32103.1,35288.4,0.5292,0.7116,146.1,97.3,0.507
53.52,32125.9,35214.8,0.6463,0.5303,146.1,97.3,0.507
53.54,32019.2,35108.5,0.0984,0.2687,146.1,97.3,0.507
53.56,32019.1,35079.5,0.0978,0.1972,146.1,97.3,0.507
53.58,31891.5,34962.7,-0.5567,-0.0903,146.1,97.3,0.507
53.6,31905.2,34859.9,-0.4866,-0.3433,146.1,97.3,0.507
53.62,31953.7,34824.0,-0.2378,-0.4317,146.1,97.3,0.507
53.64,31889.6,34684.5,-0.5664,-0.7751,146.1,97.3,0.507
53.66,31871.9,34725.5,-0.6573,-0.6742,146.1,97.3,0.507
53.68,31931.6,34714.9,-0.3513,-0.7003,146.1,97.3,0.507
53.7,31719.9,34554.3,-1.4375,-1.0957,146.1,97.3,0.507
53.72,31842.7,34543.4,-0.8071,-1.1226,146.1,97.3,0.507
53.74,31772.9,34460.7,-1.1655,-1.3262,146.1,97.3,0.507
53.76,31741.0,34499.8,-1.3295,-1.23,146.1,97.3,0.507
53.78,31880.8,34762.9,-0.6119,-0.582,146.1,97.3,0.507
53.8,32013.3,35086.0,0.0683,0.2133,146.1,97.3,0.507
53.82,32218.7,35425.9,1.1225,1.0503,146.1,97.3,0.507
53.84,32343.0,35733.7,1.7605,1.8081,146.1,97.3,0.507
53.86,32356.4,35676.4,1.8294,1.6669,146.1,97.3,0.507
53.88,32262.0,35598.0,1.345,1.4739,146.1,97.3,0.507
53.9,32255.2,35437.5,1.3099,1.0788,146.1,97.3,0.507
53.92,32158.8,35275.6,0.8153,0.6802,146.1,97.3,0.507
53.94,32038.0,35137.9,0.1951,0.3411,146.1,97.3,0.507
53.96,32125.5,35090.4,0.6443,0.2241,146.1,97.3,0.507
53.98,31984.4,34954.7,-0.0802,-0.1099,146.1,97.3,0.507
54.0,32049.0,34978.1,0.2515,-0.0523,146.1,97.3,0.507
54.02,31894.2,34861.4,-0.5429,-0.3395,146.1,97.3,0.507
54.04,31891.1,34678.8,-0.5587,-0.7893,146.1,97.3,0.507
54.06,31868.2,34725.4,-0.6762,-0.6745,146.1,97.3,0.507
54.08,31852.0,34641.1,-0.7595,-0.882,146.1,97.3,0.507
54.1,31821.0,34656.0,-0.919,-0.8452,146.1,97.3,0.507
54.12,31729.9,34535.8,-1.3865,-1.1413,146.1,97.3,0.507
54.14,31692.3,34417.2,-1.5791,-1.4334,146.1,97.3,0.507
54.16,31837.3,34449.2,-0.8353,-1.3544,146.1,97.3,0.507
54.18,31820.7,34539.1,-0.92,-1.1332,146.1,97.3,0.507
54.2,31942.0,34884.8,-0.2974,-0.2821,146.1,97.3,0.507
54.22,32097.2,35314.5,0.4988,0.7759,146.1,97.3,0.507
54.24,32203.2,35567.3,1.0431,1.3983,146.1,97.3,0.507
54.26,32311.8,35773.7,1.6002,1.9065,146.1,97.3,0.507
54.28,32346.9,35628.0,1.7808,1.5478,146.1,97.3,0.507
54.3,32173.8,35456.8,0.8918,1.1263,146.1,97.3,0.507
54.32,32078.3,35426.8,0.4021,1.0523,146.1,97.3,0.507
54.34,32064.8,35159.3,0.3327,0.3937,146.1,97.3,0.507
54.36,32036.3,35102.0,0.1862,0.2527,146.1,97.3,0.507
54.38,32044.6,35059.8,0.2288,0.1489,146.1,97.3,0.507
54.4,31922.5,34947.4,-0.3979,-0.1279,146.1,97.3,0.507
54.42,31906.3,34875.7,-0.4809,-0.3044,146.1,97.3,0.507
54.44,31973.7,34842.9,-0.1349,-0.3852,146.1,97.3,0.507
54.46,31923.3,34665.9,-0.3934,-0.8208,146.1,97.3,0.507
54.48,31773.6,34681.0,-1.1619,-0.7837,146.1,97.3,0.507
54.5,31824.5,34685.4,-0.9009,-0.7729,146.1,97.3,0.507
54.52,31845.6,34760.0,-0.7926,-0.5892,146.1,97.3,0.507
54.54,31789.0,34557.4,-1.083,-1.0881,146.1,97.3,0.507
54.56,31740.8,34488.0,-1.3306,-1.2588,146.1,97.3,0.507
54.58,31670.2,34544.0,-1.6927,-1.121,146.1,97.3,0.507
54.6,31920.6,34730.6,-0.4077,-0.6616,146.1,97.3,0.507
54.62,31978.8,35070.0,-0.109,0.1739,146.1,97.3,0.507
54.64,32158.3,35466.9,0.8124,1.1511,146.1,97.3,0.507
54.66,32327.9,35823.9,1.6828,2.0301,146.1,97.3,0.507
54.68,32275.7,35803.3,1.415,1.9793,146.1,97.3,0.507
54.7,32239.8,35584.1,1.231,1.4398,146.1,97.3,0.507
54.72,32181.7,35470.4,0.9326,1.1598,146.1,97.3,0.507
54.74,32160.2,35187.7,0.8222,0.4638,146.1,97.3,0.507
54.76,32090.3,35141.0,0.4636,0.3488,146.1,97.3,0.507
54.78,32020.2,35082.7,0.1036,0.2052,146.1,97.3,0.507
54.8,32021.5,35000.2,0.1102,0.002,146.1,97.3,0.507
54.82,31941.2,34953.1,-0.3016,-0.114,146.1,97.3,0.507
54.84,31978.7,34846.6,-0.1091,-0.3762,146.1,97.3,0.507
54.86,31899.8,34695.3,-0.5142,-0.7487,146.1,97.3,0.507
54.88,31825.9,34617.4,-0.8934,-0.9404,146.1,97.3,0.507
54.9,31888.3,34695.7,-0.5735,-0.7477,146.1,97.3,0.507
54.92,31851.4,34727.5,-0.7628,-0.6692,146.1,97.3,0.507
54.94,31716.2,34648.3,-1.4567,-0.8642,146.1,97.3,0.507
54.96,31731.0,34524.1,-1.3806,-1.1701,146.1,97.3,0.507
54.98,31686.6,34385.3,-1.6086,-1.5119,146.1,97.3,0.507
55.0,31768.5,34575.6,-1.1883,-1.0433,146.1,97.3,0.507
55.02,31993.5,34862.5,-0.0333,-0.3369,146.1,97.3,0.507
55.04,32089.7,35215.0,0.4603,0.5309,146.1,97.3,0.507
55.06,32296.2,35603.4,1.5203,1.4872,146.1,97.3,0.507
55.08,32433.8,35826.3,2.2265,2.0361,146.1,97.3,0.507
55.1,32299.3,35783.1,1.5364,1.9296,146.1,97.3,0.507
55.12,32226.8,35526.8,1.1639,1.2987,146.1,97.3,0.507
55.14,32098.2,35338.6,0.5042,0.8352,146.1,97.3,0.507
55.16,32075.6,35287.0,0.388,0.7082,146.1,97.3,0.507
55.18,32076.8,35124.0,0.3942,0.3068,146.1,97.3,0.507
55.2,31963.7,35039.5,-0.1861,0.0989,146.1,97.3,0.507
55.22,31980.8,35032.2,-0.0983,0.0808,146.1,97.3,0.507
55.24,31922.6,34914.4,-0.3972,-0.2091,146.1,97.3,0.507
55.26,31847.0,34768.8,-0.7854,-0.5676,146.1,97.3,0.507
55.28,31830.4,34637.7,-0.8707,-0.8903,146.1,97.3,0.507
55.3,31839.7,34596.4,-0.8229,-0.992,146.1,97.3,0.507
55.32,31839.0,34701.5,-0.8261,-0.7333,146.1,97.3,0.507
55.34,31792.0,34677.5,-1.0677,-0.7923,146.1,97.3,0.507
55.36,31764.6,34579.9,-1.208,-1.0326,146.1,97.3,0.507
55.38,31790.5,34462.5,-1.0751,-1.3217,146.1,97.3,0.507
55.4,31813.1,34483.2,-0.9594,-1.2707,146.1,97.3,0.507
55.42,31856.3,34668.2,-0.7376,-0.8152,146.1,97.3,0.507
55.44,31973.0,34945.6,-0.1384,-0.1323,146.1,97.3,0.507
55.46,32231.9,35327.5,1.1902,0.8078,146.1,97.3,0.507
55.48,32412.9,35689.2,2.1191,1.6985,146.1,97.3,0.507
55.5,32298.1,35711.9,1.5302,1.7544,146.1,97.3,0.507
55.52,32346.3,35584.1,1.7775,1.4397,146.1,97.3,0.507
55.54,32158.4,35426.4,0.8131,1.0514,146.1,97.3,0.507
55.56,32139.7,35281.0,0.717,0.6933,146.1,97.3,0.507
55.58,32034.1,35089.9,0.1748,0.223,146.1,97.3,0.507
55.6,32119.5,35012.6,0.6135,0.0326,146.1,97.3,0.507
55.62,31922.0,35012.9,-0.4001,0.0333,146.1,97.3,0.507
55.64,31954.8,34936.1,-0.2321,-0.1558,146.1,97.3,0.507
55.66,31855.5,34833.7,-0.7417,-0.4077,146.1,97.3,0.507
55.68,31909.3,34701.4,-0.4657,-0.7335,146.1,97.3,0.507
55.7,31814.4,34714.4,-0.9524,-0.7016,146.1,97.3,0.507
55.72,31901.5,34664.8,-0.5055,-0.8237,146.1,97.3,0.507
55.74,31843.7,34613.4,-0.8024,-0.9503,146.1,97.3,0.507
55.76,31679.6,34666.6,-1.6442,-0.8192,146.1,97.3,0.507
55.78,31801.0,34616.6,-1.0213,-0.9422,146.1,97.3,0.507
55.8,31802.8,34361.7,-1.0123,-1.57,146.1,97.3,0.507
55.82,31764.7,34542.6,-1.2076,-1.1245,146.1,97.3,0.507
55.84,31921.1,34820.7,-0.4051,-0.4398,146.1,97.3,0.507
55.86,32082.6,35225.0,0.424,0.5556,146.1,97.3,0.507
55.88,32138.8,35644.5,0.7124,1.5883,146.1,97.3,0.507
55.9,32341.0,35712.5,1.7502,1.7559,146.1,97.3,0.507
55.92,32319.6,35663.9,1.6402,1.6362,146.1,97.3,0.507
55.94,32343.8,35538.0,1.7645,1.3261,146.1,97.3,0.507
55.96,32116.3,35351.1,0.597,0.866,146.1,97.3,0.507
55.98,32118.5,35214.8,0.6084,0.5305,146.1,97.3,0.507
56.0,32070.4,35097.2,0.3613,0.241,146.1,97.3,0.507
56.02,31985.5,35075.8,-0.0741,0.1881,146.1,97.3,0.507
56.04,32047.3,35008.3,0.2427,0.0221,146.1,97.3,0.507
56.06,31955.7,34848.3,-0.2274,-0.372,146.1,97.3,0.507
56.08,31835.8,34803.7,-0.8425,-0.4816,146.1,97.3,0.507
56.1,31859.6,34733.0,-0.7207,-0.6557,146.1,97.3,0.507
56.12,31845.3,34674.6,-0.7941,-0.7995,146.1,97.3,0.507
56.14,31855.6,34695.5,-0.741,-0.748,146.1,97.3,0.507
56.16,31842.6,34609.6,-0.8077,-0.9595,146.1,97.3,0.507
56.18,31804.4,34528.2,-1.0037,-1.1599,146.1,97.3,0.507
56.2,31765.1,34515.1,-1.2055,-1.1922,146.1,97.3,0.507
56.22,31721.2,34508.4,-1.4311,-1.2086,146.1,97.3,0.507
56.24,31819.6,34690.3,-0.9259,-0.7608,146.1,97.3,0.507
56.26,32057.3,35086.8,0.294,0.2154,146.1,97.3,0.507
56.28,32141.5,35340.4,0.7265,0.8397,146.1,97.3,0.507
56.3,32312.2,35653.9,1.6024,1.6116,146.1,97.3,0.507
56.32,32314.1,35736.5,1.6122,1.815,146.1,97.3,0.507
56.34,32268.3,35683.7,1.3769,1.6849,146.1,97.3,0.507
56.36,32322.3,35396.2,1.654,0.9771,146.1,97.3,0.507
56.38,32171.8,35290.0,0.8818,0.7157,146.1,97.3,0.507
56.4,32161.0,35112.1,0.8262,0.2775,146.1,97.3,0.507
56.42,32044.8,35082.6,0.2299,0.205,146.1,97.3,0.507
56.44,31985.8,34960.1,-0.0729,-0.0965,146.1,97.3,0.507
56.46,32012.1,34885.3,0.0621,-0.2809,146.1,97.3,0.507
56.48,31814.8,34840.9,-0.9508,-0.3901,146.1,97.3,0.507
56.5,31892.2,34702.0,-0.5532,-0.732,146.1,97.3,0.507
56.52,31774.5,34592.3,-1.1572,-1.0023,146.1,97.3,0.507
56.54,31818.1,34635.2,-0.9335,-0.8966,146.1,97.3,0.507
56.56,31842.9,34568.2,-0.8064,-1.0616,146.1,97.3,0.507
56.58,31764.1,34649.8,-1.2109,-0.8605,146.1,97.3,0.507
56.6,31779.0,34499.3,-1.1342,-1.231,146.1,97.3,0.507
56.62,31731.1,34482.9,-1.3803,-1.2715,146.1,97.3,0.507
56.64,31819.0,34599.2,-0.9292,-0.9852,146.1,97.3,0.507
56.66,31947.0,34811.5,-0.272,-0.4624,146.1,97.3,0.507
56.68,32063.9,35176.7,0.328,0.4366,146.1,97.3,0.507
56.7,32194.5,35569.7,0.9984,1.4041,146.1,97.3,0.507
56.72,32358.8,35744.7,1.8416,1.8351,146.1,97.3,0.507
56.74,32355.5,35666.4,1.8247,1.6424,146.1,97.3,0.507
56.76,32279.4,35494.1,1.4342,1.2181,146.1,97.3,0.507
56.78,32240.3,35282.0,1.2333,0.6959,146.1,97.3,0.507
56.8,32089.0,35159.4,0.4568,0.394,146.1,97.3,0.507
56.82,32068.3,35036.5,0.3507,0.0914,146.1,97.3,0.507
56.84,32058.1,35069.6,0.2981,0.1731,146.1,97.3,0.507
56.86,32034.7,35004.2,0.178,0.0119,146.1,97.3,0.507
56.88,31906.3,34942.4,-0.4809,-0.1403,146.1,97.3,0.507
56.9,31810.8,34729.8,-0.971,-0.6636,146.1,97.3,0.507
56.92,31885.2,34705.1,-0.5894,-0.7245,146.1,97.3,0.507
56.94,31917.7,34608.0,-0.4221,-0.9634,146.1,97.3,0.507
56.96,31788.4,34664.6,-1.0861,-0.8241,146.1,97.3,0.507
56.98,31779.1,34643.3,-1.1335,-0.8767,146.1,97.3,0.507
57.0,31812.9,34516.4,-0.9603,-1.1889,146.1,97.3,0.507
57.02,31721.4,34467.2,-1.4299,-1.3102,146.1,97.3,0.507
57.04,31743.4,34505.3,-1.3172,-1.2164,146.1,97.3,0.507
57.06,31805.4,34651.6,-0.999,-0.8563,146.1,97.3,0.507
57.08,32077.9,34903.6,0.3999,-0.2357,146.1,97.3,0.507
57.1,32172.3,35372.3,0.8842,0.9182,146.1,97.3,0.507
57.12,32351.8,35599.0,1.8055,1.4764,146.1,97.3,0.507
57.14,32337.2,35621.1,1.7307,1.5307,146.1,97.3,0.507
57.16,32337.6,35719.8,1.7329,1.7738,146.1,97.3,0.507
57.18,32153.1,35390.0,0.7859,0.9617,146.1,97.3,0.507
57.2,32205.5,35293.3,1.055,0.7237,146.1,97.3,0.507
57.22,31975.4,35130.3,-0.1264,0.3224,146.1,97.3,0.507
57.24,32022.2,35157.3,0.1141,0.3889,146.1,97.3,0.507
57.26,32064.8,35005.4,0.3327,0.015,146.1,97.3,0.507
57.28,31886.0,34945.5,-0.5851,-0.1327,146.1,97.3,0.507
57.3,31900.8,34746.3,-0.5094,-0.623,146.1,97.3,0.507
57.32,31851.9,34791.1,-0.7599,-0.5126,146.1,97.3,0.507
57.34,31881.3,34712.4,-0.6094,-0.7065,146.1,97.3,0.507
57.36,31923.3,34666.7,-0.3935,-0.8189,146.1,97.3,0.507
57.38,31750.9,34602.4,-1.2787,-0.9774,146.1,97.3,0.507
57.4,31797.6,34566.3,-1.0386,-1.0661,146.1,97.3,0.507
57.42,31742.6,34528.5,-1.3209,-1.1592,146.1,97.3,0.507
57.44,31844.6,34435.8,-0.7973,-1.3875,146.1,97.3,0.507
57.46,31818.8,34554.1,-0.9298,-1.0962,146.1,97.3,0.507
57.48,31955.2,34834.1,-0.2298,-0.4068,146.1,97.3,0.507
57.5,31980.0,35175.1,-0.1026,0.4327,146.1,97.3,0.507
57.52,32172.4,35469.0,0.8847,1.1563,146.1,97.3,0.507
57.54,32437.9,35618.2,2.2479,1.5237,146.1,97.3,0.507
57.56,32285.5,35751.7,1.4653,1.8523,146.1,97.3,0.507
57.58,32345.7,35560.6,1.7742,1.3818,146.1,97.3,0.507
57.6,32168.8,35286.4,0.8662,0.7068,146.1,97.3,0.507
57.62,32124.7,35257.1,0.6398,0.6345,146.1,97.3,0.507
57.64,32092.0,35093.6,0.4722,0.232,146.1,97.3,0.507
57.66,32050.0,35099.9,0.2568,0.2475,146.1,97.3,0.507
57.68,31925.3,35022.0,-0.3835,0.0557,146.1,97.3,0.507
57.7,31918.7,34985.1,-0.4172,-0.0352,146.1,97.3,0.507
57.72,31872.0,34727.4,-0.6572,-0.6695,146.1,97.3,0.507
57.74,31891.7,34676.5,-0.5561,-0.7948,146.1,97.3,0.507
57.76,31907.5,34614.9,-0.475,-0.9464,146.1,97.3,0.507
57.78,31877.9,34760.1,-0.6264,-0.5891,146.1,97.3,0.507
57.8,31791.5,34652.5,-1.0699,-0.8539,146.1,97.3,0.507
57.82,31778.7,34477.7,-1.1358,-1.2842,146.1,97.3,0.507
57.84,31742.8,34437.6,-1.3198,-1.383,146.1,97.3,0.507
57.86,31786.1,34568.9,-1.0978,-1.0598,146.1,97.3,0.507
57.88,31783.3,34682.8,-1.1123,-0.7793,146.1,97.3,0.507
57.9,31930.4,34945.8,-0.357,-0.1319,146.1,97.3,0.507
57.92,32095.5,35231.8,0.4899,0.5723,146.1,97.3,0.507
57.94,32360.1,35600.0,1.8483,1.4787,146.1,97.3,0.507
57.96,32402.8,35758.2,2.0672,1.8684,146.1,97.3,0.507
57.98,32465.2,35634.7,2.3879,1.5642,146.1,97.3,0.507
58.0,32252.0,35483.0,1.2937,1.1907,146.1,97.3,0.507
58.02,32143.6,35362.8,0.7372,0.8949,146.1,97.3,0.507
58.04,32134.2,35165.1,0.6886,0.4081,146.1,97.3,0.507
58.06,32008.7,35033.1,0.0448,0.083,146.1,97.3,0.507
58.08,32061.0,35117.0,0.3133,0.2898,146.1,97.3,0.507
58.1,31971.8,34961.9,-0.1445,-0.0922,146.1,97.3,0.507
58.12,31860.2,34862.7,-0.7177,-0.3365,146.1,97.3,0.507
58.14,31930.5,34801.8,-0.3566,-0.4864,146.1,97.3,0.507
58.16,31815.3,34621.6,-0.9482,-0.9301,146.1,97.3,0.507
58.18,31782.7,34679.9,-1.1155,-0.7865,146.1,97.3,0.507
58.2,31845.3,34633.6,-0.7938,-0.9004,146.1,97.3,0.507
58.22,31757.4,34661.6,-1.2452,-0.8317,146.1,97.3,0.507
58.24,31839.8,34453.5,-0.822,-1.3439,146.1,97.3,0.507
58.26,31750.4,34414.2,-1.2812,-1.4406,146.1,97.3,0.507
58.28,31793.8,34571.5,-1.0583,-1.0533,146.1,97.3,0.507
58.3,31918.7,34716.7,-0.4173,-0.6958,146.1,97.3,0.507
58.32,32090.1,35174.8,0.4627,0.4321,146.1,97.3,0.507
58.34,32275.5,35471.8,1.4142,1.1631,146.1,97.3,0.507
58.36,32320.8,35689.2,1.6464,1.6983,146.1,97.3,0.507
58.38,32189.5,35766.3,0.9728,1.8882,146.1,97.3,0.507
58.4,32292.7,35582.2,1.5023,1.4351,146.1,97.3,0.507
58.42,32186.9,35356.3,0.9593,0.8788,146.1,97.3,0.507
58.44,32046.9,35286.8,0.2408,0.7078,146.1,97.3,0.507
58.46,32039.2,35177.0,0.2012,0.4373,146.1,97.3,0.507
58.48,32034.2,35037.4,0.1758,0.0937,146.1,97.3,0.507
58.5,32070.0,34936.7,0.3592,-0.1541,146.1,97.3,0.507
58.52,31971.0,34856.7,-0.1489,-0.3513,146.1,97.3,0.507
58.54,31956.1,34810.2,-0.2255,-0.4657,146.1,97.3,0.507
58.56,31826.4,34842.9,-0.8911,-0.3852,146.1,97.3,0.507
58.58,31924.1,34698.5,-0.3897,-0.7406,146.1,97.3,0.507
58.6,31688.6,34616.9,-1.5982,-0.9415,146.1,97.3,0.507
58.62,31780.0,34576.3,-1.1291,-1.0415,146.1,97.3,0.507
58.64,31771.7,34467.1,-1.1718,-1.3104,146.1,97.3,0.507
58.66,31714.5,34554.1,-1.4652,-1.0963,146.1,97.3,0.507
58.68,31806.3,34467.4,-0.9942,-1.3097,146.1,97.3,0.507
58.7,31892.3,34635.0,-0.5529,-0.8971,146.1,97.3,0.507
58.72,32006.8,34812.3,0.0348,-0.4604,146.1,97.3,0.507
58.74,32096.8,35427.8,0.4966,1.0549,146.1,97.3,0.507
58.76,32296.8,35617.7,1.5236,1.5224,146.1,97.3,0.507
58.78,32334.2,35847.9,1.7153,2.0892,146.1,97.3,0.507
58.8,32297.2,35726.4,1.5257,1.79,146.1,97.3,0.507
58.82,32258.4,35570.5,1.3262,1.4063,146.1,97.3,0.507
58.84,32134.8,35275.4,0.6922,0.6796,146.1,97.3,0.507
58.86,32014.9,35213.6,0.0764,0.5275,146.1,97.3,0.507
58.88,32087.3,35035.6,0.448,0.0893,146.1,97.3,0.507
58.9,32022.8,35096.6,0.1169,0.2394,146.1,97.3,0.507
58.92,32014.0,35014.4,0.0717,0.0372,146.1,97.3,0.507
58.94,31967.4,34790.9,-0.1672,-0.5133,146.1,97.3,0.507
58.96,31883.5,34732.4,-0.598,-0.6573,146.1,97.3,0.507
58.98,31874.5,34679.7,-0.6441,-0.787,146.1,97.3,0.507
59.0,31865.4,34623.5,-0.6909,-0.9254,146.1,97.3,0.507
59.02,31822.0,34675.9,-0.9133,-0.7962,146.1,97.3,0.507
59.04,31840.0,34633.4,-0.8209,-0.9011,146.1,97.3,0.507
59.06,31731.9,34458.7,-1.3761,-1.331,146.1,97.3,0.507
59.08,31724.3,34435.8,-1.4151,-1.3875,146.1,97.3,0.507
59.1,31773.4,34534.3,-1.1629,-1.145,146.1,97.3,0.507
59.12,31855.2,34784.7,-0.7431,-0.5285,146.1,97.3,0.507
59.14,32032.0,35108.8,0.1645,0.2695,146.1,97.3,0.507
59.16,32243.4,35464.7,1.2493,1.1457,146.1,97.3,0.507
59.18,32274.9,35642.5,1.4108,1.5834,146.1,97.3,0.507
59.2,32399.9,35805.6,2.0523,1.9849,146.1,97.3,0.507
59.22,32263.7,35614.2,1.3534,1.5138,146.1,97.3,0.507
59.24,32202.6,35377.1,1.04,0.93,146.1,97.3,0.507
59.26,32145.7,35201.9,0.748,0.4986,146.1,97.3,0.507
59.28,32121.1,35189.1,0.6214,0.4671,146.1,97.3,0.507
59.3,32009.1,35058.0,0.0466,0.1445,146.1,97.3,0.507
59.32,31977.1,35066.2,-0.1176,0.1647,146.1,97.3,0.507
59.34,31923.0,35004.4,-0.3952,0.0125,146.1,97.3,0.507
59.36,31859.6,34888.1,-0.7203,-0.2739,146.1,97.3,0.507
59.38,31801.1,34772.5,-1.021,-0.5586,146.1,97.3,0.507
59.4,31849.0,34625.9,-0.7751,-0.9193,146.1,97.3,0.507
59.42,31895.7,34624.8,-0.5354,-0.9221,146.1,97.3,0.507
59.44,31822.2,34646.4,-0.9126,-0.869,146.1,97.3,0.507
59.46,31812.3,34563.0,-0.9633,-1.0743,146.1,97.3,0.507
59.48,31709.5,34477.1,-1.4909,-1.2859,146.1,97.3,0.507
59.5,31771.2,34455.0,-1.1743,-1.3402,146.1,97.3,0.507
59.52,31851.9,34519.6,-0.7602,-1.1812,146.1,97.3,0.507
59.54,31937.0,34855.1,-0.3232,-0.3551,146.1,97.3,0.507
59.56,32170.3,35357.1,0.874,0.8807,146.1,97.3,0.507
59.58,32272.6,35639.2,1.399,1.5752,146.1,97.3,0.507
59.6,32475.3,35756.1,2.4397,1.863,146.1,97.3,0.507
59.62,32244.8,35752.0,1.2568,1.8531,146.1,97.3,0.507
59.64,32237.2,35587.5,1.2175,1.4479,146.1,97.3,0.507
59.66,32202.1,35312.9,1.0374,0.7719,146.1,97.3,0.507
59.68,32112.2,35289.9,0.5757,0.7153,146.1,97.3,0.507
59.7,32039.6,35073.9,0.2033,0.1835,146.1,97.3,0.507
59.72,32056.7,35128.7,0.2911,0.3185,146.1,97.3,0.507
59.74,32032.1,35010.3,0.1649,0.027,146.1,97.3,0.507
59.76,31962.7,34866.1,-0.1915,-0.328,146.1,97.3,0.507
59.78,31895.6,34650.7,-0.5361,-0.8583,146.1,97.3,0.507
59.8,31869.6,34711.3,-0.6693,-0.7092,146.1,97.3,0.507
59.82,31883.4,34691.6,-0.5983,-0.7576,146.1,97.3,0.507
59.84,31882.6,34705.6,-0.6026,-0.7232,146.1,97.3,0.507
59.86,31825.4,34622.8,-0.8959,-0.927,146.1,97.3,0.507
59.88,31749.2,34599.8,-1.287,-0.9837,146.1,97.3,0.507
59.9,31725.0,34462.4,-1.4114,-1.322,146.1,97.3,0.507
59.92,31744.9,34456.9,-1.3092,-1.3355,146.1,97.3,0.507
59.94,31862.4,34757.5,-0.7061,-0.5953,146.1,97.3,0.507
59.96,32069.1,35056.6,0.3548,0.1409,146.1,97.3,0.507
59.98,32240.4,35407.7,1.2338,1.0053,146.1,97.3,0.507
60.0,32270.9,35649.0,1.3903,1.5994,146.1,97.3,0.507
60.02,32320.9,35710.0,1.6471,1.7498,146.1,97.3,0.507
60.04,32299.5,35599.4,1.5375,1.4774,146.1,97.3,0.507
60.06,32196.5,35373.6,1.0085,0.9213,146.1,97.3,0.507
60.08,32038.4,35252.6,0.1973,0.6236,146.1,97.3,0.507
60.1,32032.1,35128.6,0.1647,0.3182,146.1,97.3,0.507
60.12,32085.7,35097.2,0.4398,0.2408,146.1,97.3,0.507
60.14,32052.4,35119.3,0.2689,0.2954,146.1,97.3,0.507
60.16,31941.1,34890.0,-0.3022,-0.2692,146.1,97.3,0.507
60.18,31918.7,34850.1,-0.4173,-0.3674,146.1,97.3,0.507
60.2,31869.4,34746.0,-0.6702,-0.6238,146.1,97.3,0.507
60.22,31922.7,34810.4,-0.3968,-0.4653,146.1,97.3,0.507
60.24,31866.6,34701.0,-0.6845,-0.7345,146.1,97.3,0.507
60.26,31829.6,34559.7,-0.8747,-1.0824,146.1,97.3,0.507
60.28,31836.8,34478.2,-0.8374,-1.2831,146.1,97.3,0.507
60.3,31743.3,34397.3,-1.3173,-1.4823,146.1,97.3,0.507
60.32,31795.2,34504.0,-1.0509,-1.2194,146.1,97.3,0.507
60.34,31756.9,34595.9,-1.2479,-0.9934,146.1,97.3,0.507
60.36,31959.7,34872.6,-0.207,-0.312,146.1,97.3,0.507
60.38,32151.0,35388.8,0.7748,0.9588,146.1,97.3,0.507
60.4,32264.6,35509.7,1.3583,1.2565,146.1,97.3,0.507
60.42,32368.5,35676.0,1.8913,1.6659,146.1,97.3,0.507
60.44,32246.5,35641.3,1.2651,1.5805,146.1,97.3,0.507
60.46,32138.0,35514.4,0.7082,1.2682,146.1,97.3,0.507
60.48,32156.8,35430.1,0.8048,1.0605,146.1,97.3,0.507
60.5,32128.4,35231.1,0.6591,0.5706,146.1,97.3,0.507
60.52,32022.3,35099.9,0.1146,0.2476,146.1,97.3,0.507
60.54,32085.2,35076.7,0.4372,0.1903,146.1,97.3,0.507
60.56,32100.7,34973.1,0.5168,-0.0645,146.1,97.3,0.507
60.58,31942.6,34864.6,-0.2944,-0.3318,146.1,97.3,0.507
60.6,31907.2,34748.4,-0.4762,-0.6179,146.1,97.3,0.507
60.62,31869.1,34660.8,-0.6719,-0.8335,146.1,97.3,0.507
60.64,31856.4,34700.8,-0.7372,-0.7351,146.1,97.3,0.507
60.66,31954.6,34595.0,-0.2331,-0.9956,146.1,97.3,0.507
60.68,31801.6,34520.7,-1.0184,-1.1783,146.1,97.3,0.507
60.7,31760.4,34455.0,-1.2298,-1.3402,146.1,97.3,0.507
60.72,31712.9,34461.5,-1.4735,-1.3242,146.1,97.3,0.507
60.74,31841.2,34464.8,-0.815,-1.3162,146.1,97.3,0.507
60.76,31948.7,34741.1,-0.2635,-0.6357,146.1,97.3,0.507
60.78,32073.4,35074.2,0.377,0.1842,146.1,97.3,0.507
60.8,32209.9,35421.1,1.0773,1.0384,146.1,97.3,0.507
60.82,32304.4,35698.1,1.5623,1.7203,146.1,97.3,0.507
60.84,32375.8,35746.8,1.9288,1.8402,146.1,97.3,0.507
60.86,32371.4,35632.2,1.9063,1.5581,146.1,97.3,0.507
60.88,32286.6,35482.5,1.4712,1.1895,146.1,97.3,0.507
60.9,32160.9,35240.0,0.8258,0.5925,146.1,97.3,0.507
60.92,32117.1,35100.7,0.6009,0.2495,146.1,97.3,0.507
60.94,31992.7,35158.0,-0.0373,0.3907,146.1,97.3,0.507
60.96,31985.4,35029.3,-0.075,0.0737,146.1,97.3,0.507
60.98,31899.1,35038.7,-0.5179,0.097,146.1,97.3,0.507
61.0,31836.6,34757.4,-0.8385,-0.5956,146.1,97.3,0.507
61.02,31923.4,34739.0,-0.3929,-0.6409,146.1,97.3,0.507
61.04,31869.5,34673.1,-0.6698,-0.8033,146.1,97.3,0.507
61.06,31903.1,34700.6,-0.4972,-0.7356,146.1,97.3,0.507
61.08,31753.8,34610.6,-1.2634,-0.957,146.1,97.3,0.507
61.1,31747.3,34587.6,-1.2968,-1.0137,146.1,97.3,0.507
61.12,31773.9,34527.6,-1.1605,-1.1614,146.1,97.3,0.507
61.14,31717.7,34422.3,-1.4487,-1.4207,146.1,97.3,0.507
61.16,31733.3,34531.2,-1.3687,-1.1527,146.1,97.3,0.507
61.18,31879.7,34820.4,-0.6173,-0.4406,146.1,97.3,0.507
61.2,32136.0,35198.8,0.6981,0.4909,146.1,97.3,0.507
61.22,32240.6,35559.7,1.2347,1.3795,146.1,97.3,0.507
61.24,32323.0,35762.5,1.6577,1.8789,146.1,97.3,0.507
61.26,32363.7,35696.0,1.8669,1.7153,146.1,97.3,0.507
61.28,32274.9,35529.3,1.411,1.3048,146.1,97.3,0.507
61.3,32166.1,35333.7,0.8525,0.8232,146.1,97.3,0.507
61.32,32132.6,35224.2,0.6805,0.5536,146.1,97.3,0.507
61.34,32053.1,35108.9,0.2727,0.2697,146.1,97.3,0.507
61.36,32099.0,35100.7,0.5083,0.2494,146.1,97.3,0.507
61.38,32075.4,34999.0,0.3872,-0.0009,146.1,97.3,0.507
61.4,31985.3,34941.4,-0.0755,-0.1427,146.1,97.3,0.507
61.42,31810.8,34732.1,-0.9712,-0.6579,146.1,97.3,0.507
61.44,31849.8,34694.2,-0.7708,-0.7513,146.1,97.3,0.507
61.46,31897.5,34574.2,-0.5263,-1.0468,146.1,97.3,0.507
61.48,31830.8,34692.7,-0.8684,-0.7549,146.1,97.3,0.507
61.5,31830.9,34532.3,-0.868,-1.1498,146.1,97.3,0.507
61.52,31783.6,34574.4,-1.1106,-1.0463,146.1,97.3,0.507
61.54,31638.2,34425.0,-1.8568,-1.4142,146.1,97.3,0.507
61.56,31854.9,34425.2,-0.7448,-1.4135,146.1,97.3,0.507
61.58,31903.7,34720.6,-0.4943,-0.6863,146.1,97.3,0.507
61.6,32073.8,35007.3,0.3791,0.0196,146.1,97.3,0.507
61.62,32181.2,35410.5,0.9299,1.0123,146.1,97.3,0.507
61.64,32289.2,35691.4,1.4844,1.7038,146.1,97.3,0.507
61.66,32329.8,35816.7,1.6926,2.0124,146.1,97.3,0.507
61.68,32413.8,35655.0,2.124,1.6142,146.1,97.3,0.507
61.7,32133.0,35398.3,0.6825,0.9823,146.1,97.3,0.507
61.72,32115.0,35170.8,0.5902,0.422,146.1,97.3,0.507
61.74,32080.0,35187.5,0.4108,0.4633,146.1,97.3,0.507
61.76,32045.9,35139.9,0.2354,0.3462,146.1,97.3,0.507
61.78,32043.8,35036.9,0.2248,0.0925,146.1,97.3,0.507
61.8,31926.7,34922.5,-0.3763,-0.1892,146.1,97.3,0.507
61.82,31889.2,34901.7,-0.5686,-0.2403,146.1,97.3,0.507
61.84,31901.3,34766.7,-0.5064,-0.5727,146.1,97.3,0.507
61.86,31830.8,34677.5,-0.8684,-0.7923,146.1,97.3,0.507
61.88,31770.6,34551.0,-1.1774,-1.1037,146.1,97.3,0.507
61.9,31764.6,34656.2,-1.2083,-0.8448,146.1,97.3,0.507
61.92,31825.0,34522.3,-0.898,-1.1746,146.1,97.3,0.507
61.94,31740.0,34520.9,-1.3345,-1.1779,146.1,97.3,0.507
61.96,31678.4,34471.9,-1.6507,-1.2987,146.1,97.3,0.507
61.98,31795.5,34565.7,-1.0493,-1.0677,146.1,97.3,0.507
62.0,31966.9,34784.4,-0.17,-0.5293,146.1,97.3,0.507
62.02,32152.5,35220.2,0.7827,0.5438,146.1,97.3,0.507
62.04,32171.2,35544.9,0.8786,1.3431,146.1,97.3,0.507
62.06,32227.7,35723.3,1.1688,1.7824,146.1,97.3,0.507
62.08,32330.5,35689.7,1.6961,1.6997,146.1,97.3,0.507
62.1,32222.3,35510.2,1.1408,1.2577,146.1,97.3,0.507
62.12,32238.8,35387.3,1.2256,0.9552,146.1,97.3,0.507
62.14,32074.7,35197.6,0.3833,0.4881,146.1,97.3,0.507
62.16,32122.5,35111.6,0.6285,0.2763,146.1,97.3,0.507
62.18,32016.4,35133.7,0.0841,0.3307,146.1,97.3,0.507
62.2,31978.1,35023.3,-0.1124,0.0589,146.1,97.3,0.507
62.22,31987.5,34853.1,-0.0643,-0.3601,146.1,97.3,0.507
62.24,31891.2,34899.5,-0.5586,-0.2457,146.1,97.3,0.507
62.26,31831.6,34745.5,-0.8641,-0.6249,146.1,97.3,0.507
62.28,31793.0,34646.5,-1.0622,-0.8688,146.1,97.3,0.507
62.3,31919.0,34681.4,-0.4156,-0.7829,146.1,97.3,0.507
62.32,31737.2,34542.9,-1.3488,-1.1237,146.1,97.3,0.507
62.34,31812.7,34555.3,-0.9615,-1.0931,146.1,97.3,0.507
62.36,31739.6,34499.9,-1.3365,-1.2296,146.1,97.3,0.507
62.38,31701.8,34540.6,-1.5306,-1.1294,146.1,97.3,0.507
62.4,31698.9,34624.7,-1.5456,-0.9223,146.1,97.3,0.507
62.42,31995.9,35021.1,-0.0211,0.0535,146.1,97.3,0.507
62.44,32245.7,35356.4,1.2613,0.879,146.1,97.3,0.507
62.46,32269.4,35657.9,1.3827,1.6215,146.1,97.3,0.507
62.48,32327.0,35866.2,1.6784,2.1343,146.1,97.3,0.507
62.5,32329.7,35718.7,1.692,1.7711,146.1,97.3,0.507
62.52,32125.8,35507.4,0.6457,1.2509,146.1,97.3,0.507
62.54,32115.1,35190.3,0.5909,0.47,146.1,97.3,0.507
62.56,31996.3,35178.5,-0.0191,0.441,146.1,97.3,0.507
62.58,32024.1,35016.3,0.1237,0.0417,146.1,97.3,0.507
62.6,32080.6,34917.9,0.4139,-0.2005,146.1,97.3,0.507
62.62,31948.6,34960.0,-0.2639,-0.0969,146.1,97.3,0.507
62.64,31969.5,34891.1,-0.1567,-0.2665,146.1,97.3,0.507
62.66,31950.8,34678.8,-0.2526,-0.7891,146.1,97.3,0.507
62.68,31860.0,34690.2,-0.7187,-0.7611,146.1,97.3,0.507
62.7,31855.1,34676.7,-0.7437,-0.7943,146.1,97.3,0.507
62.72,31763.2,34648.8,-1.2153,-0.8631,146.1,97.3,0.507
62.74,31860.6,34550.2,-0.7154,-1.1059,146.1,97.3,0.507
62.76,31751.2,34560.3,-1.2767,-1.081,146.1,97.3,0.507
62.78,31767.3,34424.7,-1.1945,-1.4147,146.1,97.3,0.507
62.8,31753.9,34642.3,-1.2631,-0.8789,146.1,97.3,0.507
62.82,31862.3,34795.9,-0.707,-0.501,146.1,97.3,0.507
62.84,32128.3,35222.7,0.6584,0.5498,146.1,97.3,0.507
62.86,32147.9,35506.3,0.7594,1.2481,146.1,97.3,0.507
62.88,32369.8,35783.1,1.8982,1.9296,146.1,97.3,0.507
62.9,32382.0,35797.7,1.9609,1.9655,146.1,97.3,0.507
62.92,32220.8,35551.9,1.1334,1.3604,146.1,97.3,0.507
62.94,32132.4,35364.6,0.6794,0.8992,146.1,97.3,0.507
62.96,32105.8,35205.6,0.5433,0.5078,146.1,97.3,0.507
62.98,31915.7,35231.3,-0.4329,0.571,146.1,97.3,0.507
63.0,32149.6,35065.7,0.7678,0.1633,146.1,97.3,0.507
63.02,32059.8,35044.6,0.3071,0.1113,146.1,97.3,0.507
63.04,31966.8,34883.2,-0.1703,-0.2861,146.1,97.3,0.507
63.06,31990.7,34786.8,-0.0475,-0.5233,146.1,97.3,0.507
63.08,31864.0,34682.9,-0.6978,-0.779,146.1,97.3,0.507
63.1,31855.8,34705.8,-0.74,-0.7227,146.1,97.3,0.507
63.12,31873.7,34624.4,-0.6481,-0.9231,146.1,97.3,0.507
63.14,31850.8,34636.8,-0.7659,-0.8927,146.1,97.3,0.507
63.16,31818.1,34570.0,-0.9335,-1.057,146.1,97.3,0.507
63.18,31794.9,34411.6,-1.0526,-1.4469,146.1,97.3,0.507
63.2,31761.1,34525.3,-1.226,-1.1672,146.1,97.3,0.507
63.22,31833.6,34720.0,-0.854,-0.6878,146.1,97.3,0.507
63.24,31948.3,34951.6,-0.2654,-0.1175,146.1,97.3,0.507
63.26,32153.3,35349.8,0.7869,0.8629,146.1,97.3,0.507
63.28,32265.9,35599.4,1.3648,1.4773,146.1,97.3,0.507
63.3,32334.8,35733.2,1.7182,1.8067,146.1,97.3,0.507
63.32,32372.3,35687.5,1.9111,1.6941,146.1,97.3,0.507
63.34,32235.0,35478.3,1.2061,1.1793,146.1,97.3,0.507
63.36,32228.9,35304.5,1.1751,0.7512,146.1,97.3,0.507
63.38,32085.2,35147.5,0.4373,0.3648,146.1,97.3,0.507
63.4,32037.0,35159.7,0.19,0.3948,146.1,97.3,0.507
63.42,32013.3,35025.2,0.0685,0.0636,146.1,97.3,0.507
63.44,32005.8,34918.0,0.03,-0.2002,146.1,97.3,0.507
63.46,31918.2,34925.0,-0.4196,-0.183,146.1,97.3,0.507
63.48,31831.0,34762.1,-0.8674,-0.5841,146.1,97.3,0.507
63.5,31799.6,34734.7,-1.0284,-0.6515,146.1,97.3,0.507
63.52,31893.3,34675.0,-0.5477,-0.7985,146.1,97.3,0.507
63.54,31795.2,34605.6,-1.0509,-0.9694,146.1,97.3,0.507
63.56,31775.8,34596.7,-1.1506,-0.9913,146.1,97.3,0.507
63.58,31734.5,34529.5,-1.3625,-1.1569,146.1,97.3,0.507
63.6,31763.9,34475.4,-1.2118,-1.29,146.1,97.3,0.507
63.62,31733.5,34510.5,-1.368,-1.2035,146.1,97.3,0.507
63.64,31893.1,34773.8,-0.5488,-0.5554,146.1,97.3,0.507
63.66,32057.4,35176.3,0.2944,0.4357,146.1,97.3,0.507
63.68,32328.8,35455.4,1.6875,1.1227,146.1,97.3,0.507
63.7,32309.9,35727.0,1.5908,1.7914,146.1,97.3,0.507
63.72,32373.0,35808.4,1.9144,1.992,146.1,97.3,0.507
63.74,32277.6,35596.7,1.4247,1.4708,146.1,97.3,0.507
63.76,32250.2,35445.3,1.284,1.098,146.1,97.3,0.507
63.78,32197.1,35204.3,1.0116,0.5047,146.1,97.3,0.507
63.8,32064.2,35160.1,0.3296,0.3957,146.1,97.3,0.507
63.82,32076.5,35026.7,0.3929,0.0673,146.1,97.3,0.507
63.84,32058.7,34973.2,0.3014,-0.0643,146.1,97.3,0.507
63.86,32061.6,35001.0,0.3163,0.0041,146.1,97.3,0.507
63.88,31954.3,34796.5,-0.2344,-0.4993,146.1,97.3,0.507
63.9,31869.6,34771.9,-0.6694,-0.5599,146.1,97.3,0.507
63.92,31801.4,34732.0,-1.0191,-0.6583,146.1,97.3,0.507
63.94,31833.0,34618.7,-0.8569,-0.9371,146.1,97.3,0.507
63.96,31720.7,34634.3,-1.4335,-0.8987,146.1,97.3,0.507
63.98,31834.2,34509.9,-0.8507,-1.2051,146.1,97.3,0.507
64.0,31785.2,34430.9,-1.1022,-1.3994,146.1,97.3,0.507
64.02,31830.3,34475.5,-0.8712,-1.2897,146.1,97.3,0.507
64.04,31744.2,34558.3,-1.3131,-1.0859,146.1,97.3,0.507
64.06,31943.3,34932.0,-0.291,-0.1658,146.1,97.3,0.507
64.08,32097.6,35269.2,0.501,0.6645,146.1,97.3,0.507
64.1,32197.7,35639.8,1.0149,1.5769,146.1,97.3,0.507
64.12,32385.8,35830.5,1.9801,2.0464,146.1,97.3,0.507
64.14,32288.4,35681.6,1.4801,1.6798,146.1,97.3,0.507
64.16,32263.8,35469.5,1.3541,1.1575,146.1,97.3,0.507
64.18,32077.7,35326.0,0.3987,0.8042,146.1,97.3,0.507
64.2,32101.8,35132.6,0.5227,0.3281,146.1,97.3,0.507
64.22,32086.4,35117.3,0.4433,0.2905,146.1,97.3,0.507
64.24,31972.6,35024.9,-0.1407,0.063,146.1,97.3,0.507
64.26,31976.0,34997.7,-0.1232,-0.0041,146.1,97.3,0.507
64.28,32010.6,34820.2,0.0547,-0.4411,146.1,97.3,0.507
64.3,31872.1,34640.8,-0.6566,-0.8828,146.1,97.3,0.507
64.32,31903.1,34730.5,-0.4974,-0.662,146.1,97.3,0.507
64.34,31817.7,34730.9,-0.9356,-0.661,146.1,97.3,0.507
64.36,31834.1,34784.2,-0.8515,-0.5298,146.1,97.3,0.507
64.38,31778.3,34642.8,-1.1381,-0.8777,146.1,97.3,0.507
64.4,31706.9,34423.3,-1.5046,-1.4182,146.1,97.3,0.507
64.42,31776.1,34449.3,-1.1491,-1.3541,146.1,97.3,0.507
64.44,31739.7,34488.4,-1.3359,-1.2581,146.1,97.3,0.507
64.46,31922.7,34744.7,-0.397,-0.627,146.1,97.3,0.507
64.48,32068.3,35162.8,0.3508,0.4024,146.1,97.3,0.507
64.5,32226.7,35518.9,1.1634,1.2792,146.1,97.3,0.507
64.52,32287.9,35692.6,1.4779,1.7069,146.1,97.3,0.507
64.54,32264.8,35714.8,1.3592,1.7616,146.1,97.3,0.507
64.56,32290.4,35653.3,1.4904,1.6099,146.1,97.3,0.507
64.58,32135.4,35328.4,0.6948,0.8102,146.1,97.3,0.507
64.6,32100.1,35198.6,0.5139,0.4906,146.1,97.3,0.507
64.62,31977.2,35141.7,-0.1171,0.3504,146.1,97.3,0.507
64.64,32061.0,35106.3,0.3132,0.2634,146.1,97.3,0.507
64.66,32103.1,35133.3,0.5291,0.3299,146.1,97.3,0.507
64.68,32028.3,34979.9,0.1454,-0.0478,146.1,97.3,0.507
64.7,31905.7,34837.1,-0.4837,-0.3994,146.1,97.3,0.507
64.72,31881.4,34645.2,-0.6086,-0.872,146.1,97.3,0.507
64.74,31787.8,34675.6,-1.0893,-0.7971,146.1,97.3,0.507
64.76,31893.0,34604.2,-0.5493,-0.9729,146.1,97.3,0.507
64.78,31847.4,34570.4,-0.783,-1.056,146.1,97.3,0.507
64.8,31731.7,34511.9,-1.3772,-1.2001,146.1,97.3,0.507
64.82,31733.0,34470.4,-1.3706,-1.3022,146.1,97.3,0.507
64.84,31798.2,34492.6,-1.0358,-1.2475,146.1,97.3,0.507
64.86,31838.5,34639.1,-0.8287,-0.8868,146.1,97.3,0.507
64.88,31990.3,34790.1,-0.0496,-0.5151,146.1,97.3,0.507
64.9,32146.5,35348.3,0.7519,0.8591,146.1,97.3,0.507
64.92,32270.7,35613.3,1.3895,1.5115,146.1,97.3,0.507
64.94,32286.6,35702.0,1.4708,1.73,146.1,97.3,0.507
64.96,32237.5,35633.4,1.2191,1.5611,146.1,97.3,0.507
64.98,32229.4,35538.7,1.1775,1.3278,146.1,97.3,0.507
65.0,32181.0,35379.0,0.9292,0.9347,146.1,97.3,0.507
65.02,32201.1,35206.1,1.0323,0.5089,146.1,97.3,0.507
65.04,32039.0,35014.4,0.2005,0.0371,146.1,97.3,0.507
65.06,31966.0,35053.2,-0.1745,0.1325,146.1,97.3,0.507
65.08,32005.8,34971.0,0.0297,-0.0698,146.1,97.3,0.507
65.1,31866.3,34903.4,-0.6862,-0.2362,146.1,97.3,0.507
65.12,31920.0,34753.5,-0.4104,-0.6054,146.1,97.3,0.507
65.14,31871.5,34595.3,-0.6595,-0.9948,146.1,97.3,0.507
65.16,31785.9,34691.3,-1.0988,-0.7583,146.1,97.3,0.507
65.18,31885.3,34651.1,-0.5885,-0.8574,146.1,97.3,0.507
65.2,31843.6,34623.2,-0.8028,-0.9261,146.1,97.3,0.507
65.22,31774.8,34381.0,-1.1558,-1.5223,146.1,97.3,0.507
65.24,31630.8,34415.5,-1.8951,-1.4374,146.1,97.3,0.507
65.26,31747.5,34535.8,-1.2958,-1.1414,146.1,97.3,0.507
65.28,31900.6,34632.2,-0.5099,-0.9038,146.1,97.3,0.507
65.3,32080.4,34957.0,0.4125,-0.1043,146.1,97.3,0.507
65.32,32239.5,35395.0,1.2294,0.9741,146.1,97.3,0.507
65.34,32289.4,35711.1,1.4857,1.7525,146.1,97.3,0.507
65.36,32318.2,35810.8,1.6332,1.9978,146.1,97.3,0.507
65.38,32376.7,35598.8,1.9334,1.4759,146.1,97.3,0.507
65.4,32242.4,35372.4,1.2441,0.9185,146.1,97.3,0.507
65.42,32139.5,35252.6,0.716,0.6235,146.1,97.3,0.507
65.44,32071.0,35159.1,0.3645,0.3933,146.1,97.3,0.507
65.46,31970.8,35116.3,-0.1497,0.2878,146.1,97.3,0.507
65.48,31953.1,35038.8,-0.2409,0.097,146.1,97.3,0.507
65.5,32050.5,34972.6,0.2593,-0.0658,146.1,97.3,0.507
65.52,31858.0,34837.7,-0.7288,-0.3981,146.1,97.3,0.507
65.54,31912.8,34734.9,-0.4475,-0.6511,146.1,97.3,0.507
65.56,31889.8,34711.1,-0.5657,-0.7096,146.1,97.3,0.507
65.58,31819.4,34593.7,-0.9269,-0.9988,146.1,97.3,0.507
65.6,31789.4,34698.9,-1.0809,-0.7396,146.1,97.3,0.507
65.62,31773.9,34543.7,-1.1607,-1.1217,146.1,97.3,0.507
65.64,31791.9,34512.1,-1.0681,-1.1995,146.1,97.3,0.507
65.66,31740.8,34458.2,-1.3304,-1.3323,146.1,97.3,0.507
65.68,31857.7,34608.3,-0.7305,-0.9628,146.1,97.3,0.507
65.7,31892.3,34927.2,-0.5529,-0.1777,146.1,97.3,0.507
65.72,32043.7,35140.9,0.2243,0.3485,146.1,97.3,0.507
65.74,32335.6,35633.0,1.7224,1.56,146.1,97.3,0.507
65.76,32359.9,35740.0,1.8472,1.8235,146.1,97.3,0.507
65.78,32388.9,35666.0,1.996,1.6413,146.1,97.3,0.507
65.8,32280.2,35570.9,1.4383,1.4071,146.1,97.3,0.507
65.82,32134.3,35234.2,0.6895,0.5783,146.1,97.3,0.507
65.84,32021.7,35107.4,0.1113,0.266,146.1,97.3,0.507
65.86,32045.0,35067.5,0.2313,0.1677,146.1,97.3,0.507
65.88,32105.9,35132.6,0.5434,0.3281,146.1,97.3,0.507
65.9,31952.2,34993.3,-0.2453,-0.0149,146.1,97.3,0.507
65.92,31931.4,34946.5,-0.3521,-0.1301,146.1,97.3,0.507
65.94,31903.3,34795.9,-0.4965,-0.501,146.1,97.3,0.507
65.96,31888.4,34621.8,-0.5726,-0.9295,146.1,97.3,0.507
65.98,31856.4,34642.6,-0.7369,-0.8783,146.1,97.3,0.507
66.0,31823.7,34667.0,-0.9048,-0.8183,146.1,97.3,0.507
66.02,31768.4,34583.5,-1.1888,-1.0238,146.1,97.3,0.507
66.04,31782.4,34421.1,-1.1167,-1.4237,146.1,97.3,0.507
66.06,31688.9,34453.7,-1.5967,-1.3434,146.1,97.3,0.507
66.08,31756.0,34481.6,-1.2521,-1.2748,146.1,97.3,0.507
66.1,31876.7,34733.8,-0.6326,-0.6538,146.1,97.3,0.507
66.12,31971.9,35036.0,-0.1439,0.0902,146.1,97.3,0.507
66.14,32290.5,35436.9,1.4912,1.0772,146.1,97.3,0.507
66.16,32420.2,35720.1,2.1569,1.7744,146.1,97.3,0.507
66.18,32374.9,35767.0,1.9244,1.89,146.1,97.3,0.507
66.2,32275.8,35572.6,1.4158,1.4115,146.1,97.3,0.507
66.22,32147.4,35350.7,0.7567,0.8651,146.1,97.3,0.507
66.24,32068.6,35194.5,0.3524,0.4804,146.1,97.3,0.507
66.26,32039.0,35188.1,0.2001,0.4647,146.1,97.3,0.507
66.28,32101.8,35069.3,0.5225,0.1723,146.1,97.3,0.507
66.3,32074.1,35043.2,0.3805,0.1079,146.1,97.3,0.507
66.32,31936.1,34980.8,-0.3281,-0.0457,146.1,97.3,0.507
66.34,31896.8,34803.9,-0.5294,-0.4811,146.1,97.3,0.507
66.36,31870.2,34704.6,-0.6662,-0.7258,146.1,97.3,0.507
66.38,31816.6,34664.1,-0.9412,-0.8253,146.1,97.3,0.507
66.4,31800.8,34728.8,-1.0221,-0.6661,146.1,97.3,0.507
66.42,31852.7,34563.2,-0.7562,-1.0737,146.1,97.3,0.507
66.44,31841.2,34500.6,-0.8151,-1.2278,146.1,97.3,0.507
66.46,31693.8,34495.5,-1.5717,-1.2405,146.1,97.3,0.507
66.48,31695.1,34465.9,-1.5648,-1.3132,146.1,97.3,0.507
66.5,31763.4,34612.1,-1.2141,-0.9534,146.1,97.3,0.507
66.52,31875.4,34815.3,-0.6396,-0.4531,146.1,97.3,0.507
66.54,32137.1,35234.8,0.7038,0.5796,146.1,97.3,0.507
66.56,32277.9,35764.4,1.4266,1.8835,146.1,97.3,0.507
66.58,32298.7,35771.8,1.5329,1.9018,146.1,97.3,0.507
66.6,32347.4,35778.4,1.783,1.918,146.1,97.3,0.507
66.62,32216.4,35622.1,1.111,1.5332,146.1,97.3,0.507
66.64,32106.9,35346.3,0.5485,0.8541,146.1,97.3,0.507
66.66,32252.3,35176.2,1.295,0.4354,146.1,97.3,0.507
66.68,32009.2,35156.3,0.0472,0.3864,146.1,97.3,0.507
66.7,32014.4,35090.0,0.0737,0.2231,146.1,97.3,0.507
66.72,32043.0,35028.2,0.2206,0.071,146.1,97.3,0.507
66.74,31938.5,34893.0,-0.3157,-0.2618,146.1,97.3,0.507
66.76,31802.9,34837.1,-1.0114,-0.3994,146.1,97.3,0.507
66.78,31825.8,34691.6,-0.8938,-0.7578,146.1,97.3,0.507
66.8,31829.1,34788.4,-0.8771,-0.5195,146.1,97.3,0.507
66.82,31749.5,34654.1,-1.2855,-0.85,146.1,97.3,0.507
66.84,31724.3,34481.2,-1.4149,-1.2757,146.1,97.3,0.507
66.86,31702.0,34506.1,-1.5294,-1.2144,146.1,97.3,0.507
66.88,31800.1,34367.1,-1.026,-1.5565,146.1,97.3,0.507
66.9,31761.0,34502.7,-1.2267,-1.2227,146.1,97.3,0.507
66.92,31733.6,34700.4,-1.3675,-0.7361,146.1,97.3,0.507
66.94,31970.3,35050.6,-0.1525,0.1263,146.1,97.3,0.507
66.96,32224.3,35405.9,1.1512,1.001,146.1,97.3,0.507
66.98,32247.3,35642.5,1.2692,1.5834,146.1,97.3,0.507
67.0,32367.0,35763.2,1.8837,1.8807,146.1,97.3,0.507
67.02,32334.6,35624.8,1.7173,1.5398,146.1,97.3,0.507
67.04,32188.5,35489.3,0.9673,1.2063,146.1,97.3,0.507
67.06,32095.8,35196.1,0.4918,0.4845,146.1,97.3,0.507
67.08,31938.5,35115.9,-0.3157,0.2869,146.1,97.3,0.507
67.1,31941.8,35022.9,-0.2984,0.0579,146.1,97.3,0.507
67.12,32044.1,34989.7,0.2264,-0.0236,146.1,97.3,0.507
67.14,32044.7,34921.6,0.2294,-0.1914,146.1,97.3,0.507
67.16,31948.3,34794.5,-0.2654,-0.5044,146.1,97.3,0.507
67.18,31881.2,34755.5,-0.6095,-0.6004,146.1,97.3,0.507
67.2,31885.7,34746.0,-0.5864,-0.6238,146.1,97.3,0.507
67.22,31883.4,34718.8,-0.5984,-0.6906,146.1,97.3,0.507
67.24,31840.4,34538.2,-0.8189,-1.1354,146.1,97.3,0.507
67.26,31778.4,34576.5,-1.1374,-1.0412,146.1,97.3,0.507
67.28,31705.7,34513.4,-1.5102,-1.1964,146.1,97.3,0.507
67.3,31788.3,34415.9,-1.0865,-1.4364,146.1,97.3,0.507
67.32,31836.3,34518.2,-0.8401,-1.1847,146.1,97.3,0.507
67.34,31870.3,34861.1,-0.6657,-0.3403,146.1,97.3,0.507
67.36,32093.4,35264.8,0.4794,0.6536,146.1,97.3,0.507
67.38,32280.0,35478.8,1.4369,1.1804,146.1,97.3,0.507
67.4,32403.1,35665.1,2.0688,1.6391,146.1,97.3,0.507
67.42,32393.2,35717.5,2.0181,1.7681,146.1,97.3,0.507
67.44,32219.1,35564.1,1.1245,1.3904,146.1,97.3,0.507
67.46,32193.2,35376.7,0.9916,0.9291,146.1,97.3,0.507
67.48,32044.3,35243.7,0.2273,0.6016,146.1,97.3,0.507
67.5,32060.4,35111.4,0.31,0.276,146.1,97.3,0.507
67.52,32031.7,35074.3,0.163,0.1845,146.1,97.3,0.507
67.54,31993.8,34934.3,-0.0316,-0.1601,146.1,97.3,0.507
67.56,31986.9,34939.1,-0.067,-0.1482,146.1,97.3,0.507
67.58,31853.7,34905.1,-0.7508,-0.2321,146.1,97.3,0.507
67.6,31815.0,34720.0,-0.9492,-0.6878,146.1,97.3,0.507
67.62,31872.6,34620.6,-0.6541,-0.9324,146.1,97.3,0.507
67.64,31828.7,34640.6,-0.879,-0.8833,146.1,97.3,0.507
67.66,31929.9,34647.6,-0.3599,-0.8661,146.1,97.3,0.507
67.68,31732.4,34410.1,-1.3734,-1.4508,146.1,97.3,0.507
67.7,31703.7,34397.2,-1.5207,-1.4825,146.1,97.3,0.507
67.72,31796.0,34480.9,-1.0468,-1.2764,146.1,97.3,0.507
67.74,31899.5,34695.4,-0.5157,-0.7484,146.1,97.3,0.507
67.76,31932.6,35003.4,-0.3461,0.01,146.1,97.3,0.507
67.78,32214.6,35399.7,1.1015,0.9857,146.1,97.3,0.507
67.8,32322.6,35806.6,1.6557,1.9876,146.1,97.3,0.507
67.82,32451.3,35781.2,2.3162,1.9249,146.1,97.3,0.507
67.84,32217.5,35619.2,1.1166,1.5261,146.1,97.3,0.507
67.86,32219.6,35406.5,1.127,1.0025,146.1,97.3,0.507
67.88,32196.0,35246.5,1.006,0.6084,146.1,97.3,0.507
67.9,31968.2,35163.4,-0.1632,0.404,146.1,97.3,0.507
67.92,32065.9,35062.8,0.3385,0.1562,146.1,97.3,0.507
67.94,32016.6,35084.3,0.0852,0.2092,146.1,97.3,0.507
67.96,32024.1,34926.4,0.124,-0.1796,146.1,97.3,0.507
67.98,31908.1,34900.4,-0.4714,-0.2435,146.1,97.3,0.507
68.0,31818.1,34790.3,-0.9337,-0.5146,146.1,97.3,0.507
68.02,31843.1,34652.9,-0.8055,-0.8529,146.1,97.3,0.507
68.04,31878.8,34746.0,-0.6219,-0.6237,146.1,97.3,0.507
68.06,31890.2,34681.6,-0.5635,-0.7823,146.1,97.3,0.507
68.08,31805.1,34567.3,-1.0001,-1.0637,146.1,97.3,0.507
68.1,31783.9,34512.2,-1.1094,-1.1993,146.1,97.3,0.507
68.12,31666.9,34360.3,-1.7095,-1.5733,146.1,97.3,0.507
68.14,31815.4,34532.4,-0.9473,-1.1495,146.1,97.3,0.507
68.16,31874.6,34822.2,-0.6438,-0.4361,146.1,97.3,0.507
68.18,32124.1,35185.6,0.6372,0.4585,146.1,97.3,0.507
68.2,32245.6,35481.1,1.2607,1.1861,146.1,97.3,0.507
68.22,32352.3,35753.7,1.8081,1.8573,146.1,97.3,0.507
68.24,32337.4,35756.0,1.732,1.8629,146.1,97.3,0.507
68.26,32228.2,35516.9,1.1712,1.2741,146.1,97.3,0.507
68.28,32168.5,35361.5,0.8648,0.8915,146.1,97.3,0.507
68.3,32011.8,35249.9,0.0608,0.6169,146.1,97.3,0.507
68.32,32044.7,35150.8,0.2297,0.3728,146.1,97.3,0.507
68.34,32017.6,35037.3,0.0903,0.0935,146.1,97.3,0.507
68.36,32002.6,34961.9,0.0136,-0.0922,146.1,97.3,0.507
68.38,31948.4,34883.1,-0.2646,-0.2863,146.1,97.3,0.507
68.4,31939.8,34803.9,-0.309,-0.4812,146.1,97.3,0.507
68.42,31944.6,34799.5,-0.2843,-0.4919,146.1,97.3,0.507
68.44,31905.7,34593.0,-0.4837,-1.0003,146.1,97.3,0.507
68.46,31838.3,34708.4,-0.8299,-0.7163,146.1,97.3,0.507
68.48,31778.1,34716.4,-1.1388,-0.6966,146.1,97.3,0.507
68.5,31747.6,34551.1,-1.2953,-1.1036,146.1,97.3,0.507
68.52,31723.1,34529.0,-1.4213,-1.1581,146.1,97.3,0.507
68.54,31686.6,34521.5,-1.6087,-1.1765,146.1,97.3,0.507
68.56,31795.0,34683.4,-1.0522,-0.7779,146.1,97.3,0.507
68.58,31980.8,35082.1,-0.0987,0.2039,146.1,97.3,0.507
68.6,32233.4,35356.9,1.1981,0.8802,146.1,97.3,0.507
68.62,32327.9,35633.5,1.6831,1.5612,146.1,97.3,0.507
68.64,32288.4,35739.6,1.4801,1.8225,146.1,97.3,0.507
68.66,32347.0,35654.6,1.7809,1.6133,146.1,97.3,0.507
68.68,32169.5,35500.6,0.8703,1.2341,146.1,97.3,0.507
68.7,32197.0,35208.9,1.0112,0.516,146.1,97.3,0.507
68.72,32049.6,35154.9,0.2548,0.383,146.1,97.3,0.507
68.74,32050.8,35114.7,0.261,0.2839,146.1,97.3,0.507
68.76,32010.1,35033.4,0.0517,0.0839,146.1,97.3,0.507
68.78,32039.3,34979.1,0.2016,-0.0498,146.1,97.3,0.507
68.8,31950.7,34802.1,-0.2529,-0.4856,146.1,97.3,0.507
68.82,31852.3,34774.5,-0.7582,-0.5536,146.1,97.3,0.507
68.84,31821.5,34713.3,-0.9159,-0.7042,146.1,97.3,0.507
68.86,31773.8,34730.2,-1.1609,-0.6627,146.1,97.3,0.507
68.88,31826.9,34653.0,-0.8882,-0.8527,146.1,97.3,0.507
68.9,31834.9,34606.6,-0.8473,-0.9669,146.1,97.3,0.507
68.92,31742.0,34562.5,-1.3241,-1.0755,146.1,97.3,0.507
68.94,31725.2,34396.1,-1.4102,-1.4852,146.1,97.3,0.507
68.96,31781.7,34544.0,-1.1202,-1.1212,146.1,97.3,0.507
68.98,31827.7,34869.1,-0.8844,-0.3207,146.1,97.3,0.507
69.0,32105.7,35111.5,0.5424,0.2762,146.1,97.3,0.507
69.02,32287.8,35466.4,1.4772,1.1499,146.1,97.3,0.507
69.04,32361.8,35696.0,1.8572,1.7152,146.1,97.3,0.507
69.06,32295.1,35719.2,1.5148,1.7724,146.1,97.3,0.507
69.08,32329.3,35572.0,1.6901,1.4099,146.1,97.3,0.507
69.1,32181.4,35405.8,0.9309,1.0008,146.1,97.3,0.507
69.12,32120.8,35112.9,0.6201,0.2795,146.1,97.3,0.507
69.14,32035.5,35170.6,0.1822,0.4217,146.1,97.3,0.507
69.16,32063.0,35058.8,0.3236,0.1463,146.1,97.3,0.507
69.18,31982.6,34987.8,-0.0894,-0.0284,146.1,97.3,0.507
69.2,31905.6,34973.1,-0.4846,-0.0646,146.1,97.3,0.507
69.22,31896.5,34718.9,-0.5311,-0.6904,146.1,97.3,0.507
69.24,31818.8,34720.1,-0.9299,-0.6874,146.1,97.3,0.507
69.26,31776.0,34652.7,-1.1498,-0.8535,146.1,97.3,0.507
69.28,31731.0,34585.7,-1.3806,-1.0184,146.1,97.3,0.507
69.3,31910.7,34586.9,-0.4585,-1.0154,146.1,97.3,0.507
69.32,31846.7,34511.3,-0.7867,-1.2015,146.1,97.3,0.507
69.34,31733.2,34484.0,-1.3691,-1.2687,146.1,97.3,0.507
69.36,31758.0,34428.5,-1.242,-1.4053,146.1,97.3,0.507
69.38,31760.8,34673.4,-1.2277,-0.8025,146.1,97.3,0.507
69.4,31974.5,34903.7,-0.1311,-0.2354,146.1,97.3,0.507
69.42,32186.1,35349.5,0.9551,0.8622,146.1,97.3,0.507
69.44,32320.3,35632.6,1.6441,1.5592,146.1,97.3,0.507
69.46,32306.9,35775.1,1.5752,1.9099,146.1,97.3,0.507
69.48,32325.2,35664.4,1.6694,1.6375,146.1,97.3,0.507
69.5,32244.8,35505.2,1.2565,1.2454,146.1,97.3,0.507
69.52,32047.4,35286.2,0.2434,0.7062,146.1,97.3,0.507
69.54,32089.1,35225.7,0.4572,0.5574,146.1,97.3,0.507
69.56,32094.8,35047.6,0.4867,0.1189,146.1,97.3,0.507
69.58,32062.4,34983.3,0.3203,-0.0396,146.1,97.3,0.507
69.6,31964.7,34852.7,-0.1814,-0.3611,146.1,97.3,0.507
69.62,32011.0,34793.0,0.0565,-0.5081,146.1,97.3,0.507
69.64,31931.0,34788.0,-0.3539,-0.5203,146.1,97.3,0.507
69.66,31890.3,34667.5,-0.5631,-0.8171,146.1,97.3,0.507
69.68,31763.4,34680.2,-1.2145,-0.7858,146.1,97.3,0.507
69.7,31882.2,34611.6,-0.6045,-0.9546,146.1,97.3,0.507
69.72,31788.5,34633.8,-1.0854,-0.9001,146.1,97.3,0.507
69.74,31798.8,34475.2,-1.0327,-1.2904,146.1,97.3,0.507
69.76,31815.5,34496.3,-0.9469,-1.2385,146.1,97.3,0.507
69.78,31836.8,34497.4,-0.8377,-1.2358,146.1,97.3,0.507
69.8,31929.4,34772.7,-0.3626,-0.5581,146.1,97.3,0.507
69.82,32118.8,35100.7,0.6096,0.2494,146.1,97.3,0.507
69.84,32276.2,35467.8,1.4176,1.1533,146.1,97.3,0.507
69.86,32359.9,35688.4,1.8472,1.6965,146.1,97.3,0.507
69.88,32325.4,35681.4,1.6703,1.6792,146.1,97.3,0.507
69.9,32307.1,35510.3,1.5761,1.2581,146.1,97.3,0.507
69.92,32151.4,35484.7,0.7773,1.1949,146.1,97.3,0.507
69.94,32193.4,35170.0,0.9927,0.42,146.1,97.3,0.507
69.96,32000.9,35162.3,0.0046,0.4013,146.1,97.3,0.507
69.98,32110.8,35118.3,0.5687,0.2929,146.1,97.3,0.507
70.0,32046.2,35036.4,0.2371,0.0912,146.1,97.3,0.507
70.02,31957.7,34968.7,-0.217,-0.0754,146.1,97.3,0.507
70.04,31861.3,34819.0,-0.7117,-0.4439,146.1,97.3,0.507
70.06,31834.0,34703.4,-0.8519,-0.7287,146.1,97.3,0.507
70.08,31852.3,34666.3,-0.7582,-0.82,146.1,97.3,0.507
70.1,31865.0,34682.2,-0.6927,-0.7808,146.1,97.3,0.507
70.12,31831.3,34638.5,-0.866,-0.8884,146.1,97.3,0.507
70.14,31790.0,34521.9,-1.0778,-1.1754,146.1,97.3,0.507
70.16,31745.9,34453.7,-1.3039,-1.3433,146.1,97.3,0.507
70.18,31687.3,34478.4,-1.605,-1.2827,146.1,97.3,0.507
70.2,31936.6,34547.3,-0.3252,-1.1131,146.1,97.3,0.507
70.22,31991.7,34917.5,-0.0427,-0.2016,146.1,97.3,0.507
70.24,32124.8,35249.0,0.6407,0.6147,146.1,97.3,0.507
70.26,32346.6,35655.0,1.7791,1.6142,146.1,97.3,0.507
70.28,32373.0,35730.6,1.9147,1.8003,146.1,97.3,0.507
70.3,32280.5,35705.5,1.4396,1.7385,146.1,97.3,0.507
70.32,32264.4,35523.8,1.357,1.2912,146.1,97.3,0.507
70.34,32110.6,35335.1,0.5678,0.8267,146.1,97.3,0.507
70.36,32161.5,35249.1,0.8289,0.6149,146.1,97.3,0.507
70.38,32046.1,35094.5,0.2368,0.2343,146.1,97.3,0.507
70.4,32036.3,35009.9,0.1863,0.0259,146.1,97.3,0.507
70.42,32028.2,34901.5,0.1448,-0.2408,146.1,97.3,0.507
70.44,31958.2,34869.5,-0.2146,-0.3198,146.1,97.3,0.507
70.46,31881.9,34689.4,-0.606,-0.7632,146.1,97.3,0.507
70.48,31986.2,34688.0,-0.0706,-0.7665,146.1,97.3,0.507
70.5,31821.8,34586.6,-0.9143,-1.0162,146.1,97.3,0.507
70.52,31855.5,34663.6,-0.7419,-0.8266,146.1,97.3,0.507
70.54,31746.7,34647.0,-1.3001,-0.8675,146.1,97.3,0.507
70.56,31753.8,34529.5,-1.2635,-1.1568,146.1,97.3,0.507
70.58,31663.6,34290.7,-1.7267,-1.7446,146.1,97.3,0.507
70.6,31784.0,34517.3,-1.1084,-1.1868,146.1,97.3,0.507
70.62,31885.7,34747.1,-0.5864,-0.621,146.1,97.3,0.507
70.64,32041.0,35077.5,0.2106,0.1923,146.1,97.3,0.507
70.66,32229.2,35402.0,1.1764,0.9913,146.1,97.3,0.507
70.68,32311.6,35668.3,1.5994,1.6471,146.1,97.3,0.507
70.7,32372.3,35726.9,1.9111,1.7911,146.1,97.3,0.507
70.72,32317.3,35589.0,1.6287,1.4518,146.1,97.3,0.507
70.74,32159.5,35457.9,0.8188,1.1291,146.1,97.3,0.507
70.76,32078.9,35231.5,0.4048,0.5716,146.1,97.3,0.507
70.78,32018.1,35160.1,0.0929,0.3959,146.1,97.3,0.507
70.8,32008.5,35029.2,0.0439,0.0736,146.1,97.3,0.507
70.82,32117.3,35087.2,0.6019,0.2162,146.1,97.3,0.507
70.84,32008.4,34937.6,0.0432,-0.152,146.1,97.3,0.507
70.86,31918.3,34765.4,-0.4195,-0.576,146.1,97.3,0.507
70.88,31837.1,34696.7,-0.8359,-0.7451,146.1,97.3,0.507
70.9,31874.4,34644.6,-0.6448,-0.8733,146.1,97.3,0.507
70.92,31865.2,34539.8,-0.6917,-1.1314,146.1,97.3,0.507
70.94,31868.0,34667.3,-0.6777,-0.8176,146.1,97.3,0.507
70.96,31823.9,34600.5,-0.9038,-0.982,146.1,97.3,0.507
70.98,31752.9,34445.9,-1.2684,-1.3627,146.1,97.3,0.507
71.0,31688.2,34523.3,-1.6004,-1.172,146.1,97.3,0.507
71.02,31790.2,34661.6,-1.0765,-0.8316,146.1,97.3,0.507
71.04,32034.2,34895.4,0.1755,-0.2558,146.1,97.3,0.507
71.06,32113.0,35171.5,0.5799,0.4239,146.1,97.3,0.507
71.08,32311.9,35459.9,1.6008,1.1339,146.1,97.3,0.507
71.1,32351.1,35718.8,1.8021,1.7712,146.1,97.3,0.507
71.12,32302.0,35816.1,1.5499,2.0108,146.1,97.3,0.507
71.14,32250.5,35455.3,1.2859,1.1225,146.1,97.3,0.507
71.16,32178.2,35192.6,0.9146,0.4758,146.1,97.3,0.507
71.18,32085.5,35191.6,0.4391,0.4734,146.1,97.3,0.507
71.2,32098.3,35084.6,0.5044,0.21,146.1,97.3,0.507
71.22,31978.3,35062.1,-0.1116,0.1546,146.1,97.3,0.507
71.24,31955.2,35049.7,-0.2301,0.1241,146.1,97.3,0.507
71.26,31987.4,34878.7,-0.0647,-0.297,146.1,97.3,0.507
71.28,31966.7,34773.5,-0.1706,-0.556,146.1,97.3,0.507
71.3,31963.7,34660.3,-0.1865,-0.8348,146.1,97.3,0.507
71.32,31759.7,34695.7,-1.2331,-0.7476,146.1,97.3,0.507
71.34,31936.4,34636.5,-0.3263,-0.8934,146.1,97.3,0.507
71.36,31876.4,34566.8,-0.6345,-1.065,146.1,97.3,0.507
71.38,31756.1,34515.5,-1.2516,-1.1913,146.1,97.3,0.507
71.4,31675.4,34472.9,-1.6659,-1.2962,146.1,97.3,0.507
71.42,31812.7,34499.0,-0.9613,-1.2319,146.1,97.3,0.507
71.44,31946.4,34741.4,-0.2749,-0.6351,146.1,97.3,0.507
71.46,32017.0,35081.1,0.0872,0.2013,146.1,97.3,0.507
71.48,32179.9,35395.1,0.9233,0.9744,146.1,97.3,0.507
71.5,32335.2,35718.5,1.7204,1.7705,146.1,97.3,0.507
71.52,32389.4,35743.1,1.9987,1.8313,146.1,97.3,0.507
71.54,32307.0,35599.9,1.576,1.4785,146.1,97.3,0.507
71.56,32214.5,35452.6,1.1007,1.1159,146.1,97.3,0.507
71.58,32051.1,35317.7,0.2625,0.7837,146.1,97.3,0.507
71.6,31982.2,35189.3,-0.0914,0.4678,146.1,97.3,0.507
71.62,32045.8,35180.5,0.2349,0.446,146.1,97.3,0.507
71.64,32076.6,35051.7,0.3933,0.129,146.1,97.3,0.507
71.66,32001.5,34945.6,0.0076,-0.1323,146.1,97.3,0.507
71.68,31977.7,34820.1,-0.1145,-0.4413,146.1,97.3,0.507
71.7,31896.7,34748.0,-0.5301,-0.6189,146.1,97.3,0.507
71.72,31813.7,34667.7,-0.9562,-0.8165,146.1,97.3,0.507
71.74,31800.9,34676.7,-1.0217,-0.7944,146.1,97.3,0.507
71.76,31801.6,34668.1,-1.0183,-0.8156,146.1,97.3,0.507
71.78,31751.0,34550.1,-1.2781,-1.106,146.1,97.3,0.507
71.8,31687.8,34459.6,-1.6021,-1.3288,146.1,97.3,0.507
71.82,31833.6,34352.2,-0.8542,-1.5933,146.1,97.3,0.507
71.84,31789.0,34639.6,-1.0829,-0.8856,146.1,97.3,0.507
71.86,31954.3,34934.5,-0.2346,-0.1596,146.1,97.3,0.507
71.88,32075.1,35273.6,0.3857,0.6753,146.1,97.3,0.507
71.9,32215.9,35599.0,1.1082,1.4764,146.1,97.3,0.507
71.92,32354.2,35709.5,1.8182,1.7484,146.1,97.3,0.507
71.94,32237.8,35672.6,1.2205,1.6576,146.1,97.3,0.507
71.96,32311.0,35509.0,1.5961,1.2549,146.1,97.3,0.507
71.98,32148.3,35337.7,0.7612,0.8332,146.1,97.3,0.507
72.0,32061.1,35182.2,0.3138,0.4502,146.1,97.3,0.507
72.02,32133.7,35073.5,0.6861,0.1825,146.1,97.3,0.507
72.04,32057.1,35023.0,0.293,0.0582,146.1,97.3,0.507
72.06,31967.3,35077.7,-0.1676,0.1929,146.1,97.3,0.507
72.08,31997.5,34855.6,-0.0128,-0.3538,146.1,97.3,0.507
72.1,31904.9,34728.5,-0.4882,-0.6669,146.1,97.3,0.507
72.12,31837.4,34670.4,-0.8347,-0.8098,146.1,97.3,0.507
72.14,31781.3,34647.6,-1.1227,-0.8659,146.1,97.3,0.507
72.16,31940.3,34637.5,-0.3063,-0.8908,146.1,97.3,0.507
72.18,31839.4,34562.8,-0.8244,-1.0748,146.1,97.3,0.507
72.2,31765.3,34490.3,-1.2047,-1.2532,146.1,97.3,0.507
72.22,31733.0,34392.0,-1.3706,-1.4953,146.1,97.3,0.507
72.24,31750.6,34430.0,-1.2799,-1.4018,146.1,97.3,0.507
72.26,31925.6,34577.9,-0.3816,-1.0377,146.1,97.3,0.507
72.28,32027.2,35087.7,0.1395,0.2176,146.1,97.3,0.507
72.3,32163.2,35518.7,0.8379,1.2787,146.1,97.3,0.507
72.32,32285.0,35578.3,1.4628,1.4254,146.1,97.3,0.507
72.34,32428.6,35753.0,2.2001,1.8555,146.1,97.3,0.507
72.36,32330.8,35633.0,1.698,1.5602,146.1,97.3,0.507
72.38,32198.8,35475.8,1.0206,1.173,146.1,97.3,0.507
72.4,32126.8,35229.0,0.651,0.5653,146.1,97.3,0.507
72.42,32094.8,35163.3,0.4865,0.4037,146.1,97.3,0.507
72.44,32000.7,35151.6,0.0035,0.3749,146.1,97.3,0.507
72.46,31961.2,34932.3,-0.1994,-0.165,146.1,97.3,0.507
72.48,31962.3,34884.1,-0.1934,-0.2837,146.1,97.3,0.507
72.5,31917.3,34769.0,-0.4246,-0.5672,146.1,97.3,0.507
72.52,31873.0,34754.1,-0.6518,-0.6038,146.1,97.3,0.507
72.54,31848.6,34709.1,-0.7768,-0.7146,146.1,97.3,0.507
72.56,31833.0,34613.2,-0.8569,-0.9506,146.1,97.3,0.507
72.58,31846.2,34663.0,-0.7891,-0.828,146.1,97.3,0.507
72.6,31809.5,34653.6,-0.9775,-0.8513,146.1,97.3,0.507
72.62,31722.8,34406.8,-1.4228,-1.4588,146.1,97.3,0.507
72.64,31789.8,34485.6,-1.0788,-1.2647,146.1,97.3,0.507
72.66,31674.3,34622.0,-1.6715,-0.929,146.1,97.3,0.507
72.68,31881.8,34833.1,-0.6065,-0.4093,146.1,97.3,0.507
72.7,32117.2,35241.2,0.6016,0.5954,146.1,97.3,0.507
72.72,32253.0,35517.9,1.2987,1.2766,146.1,97.3,0.507
72.74,32313.6,35850.5,1.6094,2.0955,146.1,97.3,0.507
72.76,32288.7,35786.1,1.4819,1.9371,146.1,97.3,0.507
72.78,32274.5,35592.6,1.4091,1.4606,146.1,97.3,0.507
72.8,32170.4,35366.7,0.8744,0.9044,146.1,97.3,0.507
72.82,32104.8,35233.5,0.538,0.5764,146.1,97.3,0.507
72.84,32006.5,35122.3,0.0334,0.3026,146.1,97.3,0.507
72.86,32065.1,35072.5,0.3343,0.18,146.1,97.3,0.507
72.88,31979.5,35005.5,-0.1052,0.0152,146.1,97.3,0.507
72.9,31955.4,34960.9,-0.2291,-0.0946,146.1,97.3,0.507
72.92,31864.6,34738.6,-0.6947,-0.642,146.1,97.3,0.507
72.94,31860.1,34704.3,-0.718,-0.7265,146.1,97.3,0.507
72.96,31878.9,34712.6,-0.6216,-0.706,146.1,97.3,0.507
72.98,31863.2,34569.0,-0.7023,-1.0596,146.1,97.3,0.507
73.0,31804.2,34622.2,-1.0048,-0.9286,146.1,97.3,0.507
73.02,31721.1,34577.7,-1.4313,-1.0381,146.1,97.3,0.507
73.04,31741.9,34535.4,-1.3246,-1.1423,146.1,97.3,0.507
73.06,31722.0,34472.9,-1.4271,-1.2961,146.1,97.3,0.507
73.08,31850.9,34717.9,-0.7654,-0.6928,146.1,97.3,0.507
73.1,31980.0,35022.2,-0.1024,0.0562,146.1,97.3,0.507
73.12,32201.2,35411.8,1.0328,1.0154,146.1,97.3,0.507
73.14,32260.4,35729.7,1.3365,1.7982,146.1,97.3,0.507
73.16,32410.4,35777.9,2.1066,1.9167,146.1,97.3,0.507
73.18,32283.6,35687.9,1.4559,1.6952,146.1,97.3,0.507
73.2,32169.2,35537.1,0.8682,1.3241,146.1,97.3,0.507
73.22,32131.5,35296.7,0.6751,0.732,146.1,97.3,0.507
73.24,32064.6,35163.4,0.3318,0.4039,146.1,97.3,0.507
73.26,32004.5,35050.4,0.0229,0.1257,146.1,97.3,0.507
73.28,32058.3,35047.5,0.299,0.1186,146.1,97.3,0.507
73.3,31940.5,35025.9,-0.3056,0.0654,146.1,97.3,0.507
73.32,31845.4,34796.6,-0.7935,-0.4992,146.1,97.3,0.507
73.34,31857.8,34753.9,-0.7298,-0.6044,146.1,97.3,0.507
73.36,31854.3,34732.7,-0.7475,-0.6564,146.1,97.3,0.507
73.38,31837.3,34661.4,-0.835,-0.832,146.1,97.3,0.507
73.4,31812.3,34621.7,-0.9636,-0.9297,146.1,97.3,0.507
73.42,31782.0,34659.0,-1.1187,-0.8378,146.1,97.3,0.507
73.44,31757.0,34489.7,-1.2473,-1.2548,146.1,97.3,0.507
73.46,31863.5,34474.0,-0.7005,-1.2935,146.1,97.3,0.507
73.48,31814.6,34557.9,-0.9515,-1.0869,146.1,97.3,0.507
73.5,31966.8,34827.1,-0.1702,-0.424,146.1,97.3,0.507
73.52,32101.2,35255.7,0.5196,0.631,146.1,97.3,0.507
73.54,32248.0,35557.1,1.2729,1.3731,146.1,97.3,0.507
73.56,32276.7,35686.3,1.4203,1.6912,146.1,97.3,0.507
73.58,32314.1,35774.2,1.6121,1.9077,146.1,97.3,0.507
73.6,32303.4,35604.6,1.5572,1.4901,146.1,97.3,0.507
73.62,32159.1,35283.0,0.8166,0.6984,146.1,97.3,0.507
73.64,32078.3,35251.4,0.4021,0.6206,146.1,97.3,0.507
73.66,32090.5,35153.4,0.4643,0.3793,146.1,97.3,0.507
73.68,32034.2,34959.1,0.1754,-0.099,146.1,97.3,0.507
73.7,31914.6,34954.8,-0.4381,-0.1098,146.1,97.3,0.507
73.72,32026.2,34902.1,0.1345,-0.2395,146.1,97.3,0.507
73.74,31863.0,34762.4,-0.7033,-0.5835,146.1,97.3,0.507
73.76,31789.3,34721.1,-1.0814,-0.685,146.1,97.3,0.507
73.78,31842.4,34583.3,-0.8086,-1.0242,146.1,97.3,0.507
73.8,31910.7,34648.0,-0.4583,-0.8649,146.1,97.3,0.507
73.82,31792.0,34650.2,-1.0677,-0.8596,146.1,97.3,0.507
73.84,31690.1,34582.3,-1.5907,-1.0269,146.1,97.3,0.507
73.86,31744.4,34436.3,-1.3119,-1.3863,146.1,97.3,0.507
73.88,31725.0,34487.0,-1.4114,-1.2613,146.1,97.3,0.507
73.9,31777.2,34686.3,-1.1437,-0.7707,146.1,97.3,0.507
73.92,31966.3,35011.0,-0.173,0.0287,146.1,97.3,0.507
73.94,32186.6,35298.2,0.9578,0.7359,146.1,97.3,0.507
73.96,32257.7,35651.2,1.3228,1.6049,146.1,97.3,0.507
73.98,32358.5,35834.6,1.8399,2.0565,146.1,97.3,0.507
74.0,32330.4,35603.8,1.6957,1.4883,146.1,97.3,0.507
74.02,32264.4,35477.0,1.3573,1.176,146.1,97.3,0.507
74.04,32129.7,35275.4,0.6656,0.6798,146.1,97.3,0.507
74.06,32138.8,35220.3,0.7124,0.544,146.1,97.3,0.507
74.08,32021.6,35146.4,0.1109,0.3619,146.1,97.3,0.507
74.1,32083.0,35066.0,0.426,0.1641,146.1,97.3,0.507
74.12,31984.9,34918.5,-0.0774,-0.199,146.1,97.3,0.507
74.14,31892.9,34926.8,-0.5499,-0.1786,146.1,97.3,0.507
74.16,31909.4,34765.9,-0.4648,-0.5747,146.1,97.3,0.507
74.18,31856.3,34684.5,-0.7375,-0.7752,146.1,97.3,0.507
74.2,31932.4,34654.9,-0.347,-0.848,146.1,97.3,0.507
74.22,31819.2,34685.3,-0.9281,-0.7731,146.1,97.3,0.507
74.24,31799.3,34571.7,-1.0302,-1.053,146.1,97.3,0.507
74.26,31758.3,34519.3,-1.2406,-1.1818,146.1,97.3,0.507
74.28,31792.9,34523.3,-1.0629,-1.172,146.1,97.3,0.507
74.3,31758.4,34593.6,-1.2401,-0.9988,146.1,97.3,0.507
74.32,31937.2,34844.6,-0.3224,-0.3811,146.1,97.3,0.507
74.34,32116.7,35160.9,0.5991,0.3979,146.1,97.3,0.507
74.36,32319.0,35526.3,1.6372,1.2974,146.1,97.3,0.507
74.38,32405.1,35767.2,2.079,1.8905,146.1,97.3,0.507
74.4,32379.4,35695.6,1.9471,1.7142,146.1,97.3,0.507
74.42,32307.2,35611.4,1.5769,1.5068,146.1,97.3,0.507
74.44,32128.5,35354.2,0.6598,0.8737,146.1,97.3,0.507
74.46,32052.9,35311.5,0.2717,0.7686,146.1,97.3,0.507
74.48,32059.8,35134.5,0.307,0.3329,146.1,97.3,0.507
74.5,32034.1,35075.2,0.1749,0.1866,146.1,97.3,0.507
74.52,32034.9,34990.0,0.179,-0.0229,146.1,97.3,0.507
74.54,32069.7,34865.8,0.358,-0.3288,146.1,97.3,0.507
74.56,31948.7,34764.1,-0.2633,-0.5793,146.1,97.3,0.507
74.58,31794.0,34686.8,-1.0575,-0.7694,146.1,97.3,0.507
74.6,31824.1,34705.0,-0.9027,-0.7248,146.1,97.3,0.507
74.62,31884.2,34668.4,-0.5944,-0.8147,146.1,97.3,0.507
74.64,31800.4,34673.3,-1.0246,-0.8026,146.1,97.3,0.507
74.66,31857.2,34397.1,-0.733,-1.4828,146.1,97.3,0.507
74.68,31713.6,34425.1,-1.4701,-1.4138,146.1,97.3,0.507
74.7,31699.2,34466.8,-1.5437,-1.3111,146.1,97.3,0.507
74.72,31869.7,34706.5,-0.6686,-0.7209,146.1,97.3,0.507
74.74,32035.4,35000.0,0.1815,0.0016,146.1,97.3,0.507
74.76,32082.3,35369.2,0.4224,0.9107,146.1,97.3,0.507
74.78,32231.1,35630.3,1.1864,1.5533,146.1,97.3,0.507
74.8,32264.4,35835.1,1.3569,2.0577,146.1,97.3,0.507
74.82,32233.3,35665.7,1.1972,1.6405,146.1,97.3,0.507
74.84,32269.8,35479.5,1.3847,1.182,146.1,97.3,0.507
74.86,32208.4,35312.4,1.0696,0.7706,146.1,97.3,0.507
74.88,32065.4,35181.0,0.3359,0.4472,146.1,97.3,0.507
74.9,32118.7,35100.3,0.6095,0.2486,146.1,97.3,0.507
74.92,31960.9,34946.5,-0.2004,-0.1302,146.1,97.3,0.507
74.94,31933.3,35094.8,-0.3425,0.2349,146.1,97.3,0.507
74.96,31941.1,34879.6,-0.3024,-0.2948,146.1,97.3,0.507
74.98,31888.7,34844.5,-0.571,-0.3812,146.1,97.3,0.507
75.0,31775.7,34741.0,-1.1513,-0.636,146.1,97.3,0.507
75.02,31814.5,34666.8,-0.9521,-0.8188,146.1,97.3,0.507
75.04,31814.1,34649.6,-0.9542,-0.8611,146.1,97.3,0.507
75.06,31858.6,34550.9,-0.7259,-1.1042,146.1,97.3,0.507
75.08,31842.1,34389.2,-0.8106,-1.5021,146.1,97.3,0.507
75.1,31873.3,34518.1,-0.65,-1.1848,146.1,97.3,0.507
75.12,31816.3,34552.2,-0.9428,-1.1008,146.1,97.3,0.507
75.14,31863.9,34782.6,-0.6983,-0.5336,146.1,97.3,0.507
75.16,32068.1,35191.0,0.3494,0.4718,146.1,97.3,0.507
75.18,32232.5,35468.4,1.1932,1.1548,146.1,97.3,0.507
75.2,32494.8,35720.6,2.5394,1.7758,146.1,97.3,0.507
75.22,32415.1,35755.3,2.1306,1.8611,146.1,97.3,0.507
75.24,32286.1,35622.3,1.4683,1.5336,146.1,97.3,0.507
75.26,32147.7,35390.0,0.7583,0.9619,146.1,97.3,0.507
75.28,32042.4,35194.4,0.2175,0.4803,146.1,97.3,0.507
75.3,32093.1,35111.3,0.478,0.2756,146.1,97.3,0.507
75.32,32065.9,35145.8,0.3383,0.3605,146.1,97.3,0.507
75.34,31956.5,35118.0,-0.2231,0.2922,146.1,97.3,0.507
75.36,31952.5,34874.0,-0.244,-0.3086,146.1,97.3,0.507
75.38,31807.9,34742.7,-0.9859,-0.6319,146.1,97.3,0.507
75.4,31833.9,34715.6,-0.8527,-0.6986,146.1,97.3,0.507
75.42,31831.8,34633.2,-0.8633,-0.9016,146.1,97.3,0.507
75.44,31845.0,34695.6,-0.7955,-0.7479,146.1,97.3,0.507
75.46,31681.6,34548.0,-1.6344,-1.1112,146.1,97.3,0.507
75.48,31862.2,34504.5,-0.707,-1.2182,146.1,97.3,0.507
75.5,31743.8,34523.2,-1.315,-1.1723,146.1,97.3,0.507
75.52,31758.7,34406.0,-1.2387,-1.4608,146.1,97.3,0.507
75.54,31811.1,34569.6,-0.9697,-1.058,146.1,97.3,0.507
75.56,31972.1,34911.5,-0.1434,-0.2163,146.1,97.3,0.507
75.58,32106.2,35306.9,0.5451,0.7571,146.1,97.3,0.507
75.6,32285.7,35613.7,1.4666,1.5126,146.1,97.3,0.507
75.62,32386.4,35800.5,1.9834,1.9726,146.1,97.3,0.507
75.64,32282.6,35658.5,1.4504,1.6229,146.1,97.3,0.507
75.66,32257.4,35453.5,1.3214,1.1182,146.1,97.3,0.507
75.68,32162.9,35247.9,0.8362,0.612,146.1,97.3,0.507
75.7,31977.5,35155.6,-0.1157,0.3847,146.1,97.3,0.507
75.72,31998.2,35061.7,-0.0093,0.1535,146.1,97.3,0.507
75.74,32059.2,35078.0,0.3039,0.1936,146.1,97.3,0.507
75.76,32000.7,34962.7,0.0037,-0.0902,146.1,97.3,0.507
75.78,31937.9,34882.8,-0.3185,-0.287,146.1,97.3,0.507
75.8,31888.3,34782.5,-0.5732,-0.534,146.1,97.3,0.507
75.82,31846.3,34665.9,-0.7886,-0.8209,146.1,97.3,0.507
75.84,31843.8,34620.0,-0.8017,-0.9341,146.1,97.3,0.507
75.86,31764.6,34670.1,-1.2083,-0.8107,146.1,97.3,0.507
75.88,31920.0,34578.3,-0.4105,-1.0367,146.1,97.3,0.507
75.9,31737.3,34541.4,-1.3482,-1.1274,146.1,97.3,0.507
75.92,31768.3,34450.1,-1.1891,-1.3521,146.1,97.3,0.507
75.94,31801.5,34511.2,-1.019,-1.2019,146.1,97.3,0.507
75.96,31847.6,34719.9,-0.7823,-0.688,146.1,97.3,0.507
75.98,32055.1,35222.7,0.2826,0.5499,146.1,97.3,0.507
76.0,32200.8,35631.4,1.0305,1.5562,146.1,97.3,0.507
76.02,32268.1,35798.7,1.3763,1.968,146.1,97.3,0.507
76.04,32341.0,35693.4,1.7504,1.7089,146.1,97.3,0.507
76.06,32282.8,35553.8,1.4515,1.3651,146.1,97.3,0.507
76.08,32280.1,35489.3,1.4378,1.2062,146.1,97.3,0.507
76.1,32172.6,35199.9,0.886,0.4937,146.1,97.3,0.507
76.12,32089.7,35133.5,0.4605,0.3303,146.1,97.3,0.507
76.14,32107.4,35119.7,0.5512,0.2964,146.1,97.3,0.507
76.16,31930.9,34941.3,-0.3547,-0.1429,146.1,97.3,0.507
76.18,31982.8,34902.4,-0.0883,-0.2388,146.1,97.3,0.507
76.2,31824.9,34759.0,-0.8989,-0.5917,146.1,97.3,0.507
76.22,31913.9,34739.3,-0.4418,-0.6404,146.1,97.3,0.507
76.24,31838.7,34670.2,-0.8279,-0.8103,146.1,97.3,0.507
76.26,31819.1,34638.2,-0.9283,-0.889,146.1,97.3,0.507
76.28,31812.0,34620.3,-0.9649,-0.9333,146.1,97.3,0.507
76.3,31787.0,34493.0,-1.093,-1.2466,146.1,97.3,0.507
76.32,31755.9,34537.9,-1.2529,-1.136,146.1,97.3,0.507
76.34,31669.7,34431.9,-1.6955,-1.3971,146.1,97.3,0.507
76.36,31796.5,34564.5,-1.0445,-1.0705,146.1,97.3,0.507
76.38,31914.6,34916.1,-0.4383,-0.2049,146.1,97.3,0.507
76.4,32082.1,35384.1,0.4214,0.9472,146.1,97.3,0.507
76.42,32303.5,35615.7,1.5577,1.5176,146.1,97.3,0.507
76.44,32448.5,35845.1,2.3019,2.0823,146.1,97.3,0.507
76.46,32255.9,35610.2,1.3133,1.5039,146.1,97.3,0.507
76.48,32245.6,35584.1,1.2608,1.4396,146.1,97.3,0.507
76.5,32109.6,35320.9,0.5626,0.7916,146.1,97.3,0.507
76.52,32131.2,35216.9,0.6734,0.5357,146.1,97.3,0.507
76.54,32075.6,35049.8,0.388,0.1243,146.1,97.3,0.507
76.56,32039.5,35106.4,0.2026,0.2635,146.1,97.3,0.507
76.58,32000.6,34894.2,0.0031,-0.259,146.1,97.3,0.507
76.6,31991.5,34790.6,-0.0435,-0.5139,146.1,97.3,0.507
76.62,31854.6,34803.2,-0.7464,-0.483,146.1,97.3,0.507
76.64,31855.3,34596.1,-0.7428,-0.9928,146.1,97.3,0.507
76.66,31825.5,34614.3,-0.8957,-0.9479,146.1,97.3,0.507
76.68,31869.5,34632.8,-0.6696,-0.9023,146.1,97.3,0.507
76.7,31716.2,34590.5,-1.4564,-1.0066,146.1,97.3,0.507
76.72,31819.3,34457.5,-0.9276,-1.3341,146.1,97.3,0.507
76.74,31728.8,34406.4,-1.3921,-1.4599,146.1,97.3,0.507
76.76,31878.6,34535.1,-0.6233,-1.143,146.1,97.3,0.507
76.78,31913.5,34786.1,-0.4438,-0.5249,146.1,97.3,0.507
76.8,32021.3,35166.1,0.1093,0.4105,146.1,97.3,0.507
76.82,32116.8,35456.2,0.5996,1.1248,146.1,97.3,0.507
76.84,32396.4,35732.3,2.0346,1.8044,146.1,97.3,0.507
76.86,32337.3,35730.3,1.7313,1.7996,146.1,97.3,0.507
76.88,32322.8,35622.6,1.6571,1.5345,146.1,97.3,0.507
76.9,32216.0,35348.6,1.1085,0.86,146.1,97.3,0.507
76.92,32100.0,35217.6,0.5132,0.5373,146.1,97.3,0.507
76.94,31993.7,35071.2,-0.0325,0.1768,146.1,97.3,0.507
76.96,31993.9,35103.9,-0.0312,0.2573,146.1,97.3,0.507
76.98,31884.5,35038.9,-0.5927,0.0973,146.1,97.3,0.507
77.0,32014.2,34941.2,0.0731,-0.1431,146.1,97.3,0.507
77.02,31933.6,34720.0,-0.3405,-0.6879,146.1,97.3,0.507
77.04,31866.2,34691.6,-0.6868,-0.7576,146.1,97.3,0.507
77.06,31896.0,34628.3,-0.5335,-0.9136,146.1,97.3,0.507
77.08,31846.4,34610.7,-0.7885,-0.9568,146.1,97.3,0.507
77.1,31806.6,34660.3,-0.9924,-0.8347,146.1,97.3,0.507
77.12,31772.8,34555.4,-1.1659,-1.093,146.1,97.3,0.507
77.14,31812.9,34468.9,-0.9602,-1.3061,146.1,97.3,0.507
77.16,31782.7,34484.8,-1.1153,-1.2668,146.1,97.3,0.507
77.18,31763.0,34593.9,-1.2166,-0.9983,146.1,97.3,0.507
77.2,31908.4,34890.5,-0.4699,-0.268,146.1,97.3,0.507
77.22,32169.5,35248.7,0.8698,0.614,146.1,97.3,0.507
77.24,32284.7,35637.0,1.4614,1.5699,146.1,97.3,0.507
77.26,32314.0,35764.5,1.6116,1.8839,146.1,97.3,0.507
77.28,32454.0,35764.3,2.3301,1.8833,146.1,97.3,0.507
77.3,32210.6,35511.1,1.0808,1.2598,146.1,97.3,0.507
77.32,32228.6,35316.3,1.1732,0.7802,146.1,97.3,0.507
77.34,32037.4,35242.0,0.1923,0.5974,146.1,97.3,0.507
77.36,32039.3,35071.8,0.2017,0.1783,146.1,97.3,0.507
77.38,32101.3,35079.2,0.5202,0.1966,146.1,97.3,0.507
77.4,31933.4,35042.1,-0.3419,0.1052,146.1,97.3,0.507
77.42,31975.5,34887.4,-0.1256,-0.2756,146.1,97.3,0.507
77.44,31940.6,34776.7,-0.3047,-0.5482,146.1,97.3,0.507
77.46,31879.7,34721.5,-0.6174,-0.684,146.1,97.3,0.507
77.48,31833.4,34663.9,-0.8548,-0.826,146.1,97.3,0.507
77.5,31849.7,34621.6,-0.7713,-0.9301,146.1,97.3,0.507
77.52,31856.0,34657.4,-0.7388,-0.8419,146.1,97.3,0.507
77.54,31835.2,34546.6,-0.8461,-1.1146,146.1,97.3,0.507
77.56,31733.8,34475.9,-1.3662,-1.2887,146.1,97.3,0.507
77.58,31731.7,34483.6,-1.3771,-1.2698,146.1,97.3,0.507
77.6,31919.5,34728.0,-0.4134,-0.6681,146.1,97.3,0.507
77.62,32020.9,35032.0,0.1075,0.0803,146.1,97.3,0.507
77.64,32209.4,35471.7,1.0751,1.163,146.1,97.3,0.507
77.66,32298.6,35710.0,1.5327,1.7496,146.1,97.3,0.507
77.68,32371.7,35742.2,1.9078,1.8288,146.1,97.3,0.507
77.7,32379.0,35575.3,1.9454,1.418,146.1,97.3,0.507
77.72,32166.4,35344.2,0.8542,0.849,146.1,97.3,0.507
77.74,32072.3,35224.7,0.3712,0.5548,146.1,97.3,0.507
77.76,32161.8,35159.5,0.8303,0.3944,146.1,97.3,0.507
77.78,32018.9,35092.2,0.097,0.2286,146.1,97.3,0.507
77.8,31984.4,35028.1,-0.08,0.0707,146.1,97.3,0.507
77.82,32042.3,34948.4,0.2172,-0.1255,146.1,97.3,0.507
77.84,31943.2,34879.0,-0.2915,-0.2963,146.1,97.3,0.507
77.86,31955.4,34749.1,-0.2288,-0.616,146.1,97.3,0.507
77.88,31888.2,34685.9,-0.5738,-0.7718,146.1,97.3,0.507
77.9,31866.7,34710.5,-0.6841,-0.7112,146.1,97.3,0.507
77.92,31788.2,34709.3,-1.0868,-0.7142,146.1,97.3,0.507
77.94,31775.5,34508.7,-1.1524,-1.208,146.1,97.3,0.507
77.96,31803.2,34482.2,-1.01,-1.2733,146.1,97.3,0.507
77.98,31779.1,34504.8,-1.1339,-1.2175,146.1,97.3,0.507
78.0,31749.4,34602.8,-1.2862,-0.9764,146.1,97.3,0.507
78.02,31961.9,34823.3,-0.1956,-0.4334,146.1,97.3,0.507
78.04,32181.0,35303.7,0.9291,0.7492,146.1,97.3,0.507
78.06,32273.1,35540.0,1.4019,1.331,146.1,97.3,0.507
78.08,32317.9,35777.9,1.6319,1.9169,146.1,97.3,0.507
78.1,32371.0,35764.7,1.9044,1.8843,146.1,97.3,0.507
78.12,32253.8,35519.3,1.3026,1.2801,146.1,97.3,0.507
78.14,32237.3,35298.7,1.2179,0.7369,146.1,97.3,0.507
78.16,32152.1,35182.1,0.7809,0.45,146.1,97.3,0.507
78.18,32034.8,35083.2,0.1786,0.2064,146.1,97.3,0.507
78.2,32010.3,35113.0,0.0531,0.2797,146.1,97.3,0.507
78.22,31981.7,34965.4,-0.094,-0.0835,146.1,97.3,0.507
78.24,31851.1,34870.3,-0.7644,-0.3177,146.1,97.3,0.507
78.26,31924.4,34757.3,-0.3879,-0.596,146.1,97.3,0.507
78.28,31918.0,34719.8,-0.4207,-0.6883,146.1,97.3,0.507
78.3,31803.9,34710.3,-1.0062,-0.7118,146.1,97.3,0.507
78.32,31792.6,34610.3,-1.0646,-0.9579,146.1,97.3,0.507
78.34,31850.5,34558.2,-0.7671,-1.0861,146.1,97.3,0.507
78.36,31832.0,34547.5,-0.8621,-1.1124,146.1,97.3,0.507
78.38,31644.1,34399.9,-1.8269,-1.4759,146.1,97.3,0.507
78.4,31782.7,34433.9,-1.1155,-1.3922,146.1,97.3,0.507
78.42,31927.5,34739.8,-0.372,-0.6391,146.1,97.3,0.507
78.44,31991.1,34901.8,-0.0458,-0.2402,146.1,97.3,0.507
78.46,32173.3,35367.2,0.8893,0.9057,146.1,97.3,0.507
78.48,32357.4,35685.9,1.8344,1.6903,146.1,97.3,0.507
78.5,32392.9,35785.1,2.0166,1.9345,146.1,97.3,0.507
78.52,32292.4,35675.9,1.5007,1.6657,146.1,97.3,0.507
78.54,32196.3,35459.0,1.0075,1.1316,146.1,97.3,0.507
78.56,32181.8,35271.1,0.9332,0.6691,146.1,97.3,0.507
78.58,31996.4,35150.5,-0.0184,0.3721,146.1,97.3,0.507
78.6,32060.2,35138.0,0.3092,0.3415,146.1,97.3,0.507
78.62,31968.6,35007.0,-0.1611,0.0188,146.1,97.3,0.507
78.64,31917.7,34967.8,-0.4225,-0.0776,146.1,97.3,0.507
78.66,31960.2,34857.3,-0.2045,-0.3497,146.1,97.3,0.507
78.68,31820.4,34703.1,-0.922,-0.7294,146.1,97.3,0.507
78.7,31913.8,34580.3,-0.4425,-1.0317,146.1,97.3,0.507
78.72,31815.8,34637.3,-0.9452,-0.8913,146.1,97.3,0.507
78.74,31883.1,34590.4,-0.6001,-1.0069,146.1,97.3,0.507
78.76,31823.4,34489.9,-0.9066,-1.2542,146.1,97.3,0.507
78.78,31811.2,34436.5,-0.9692,-1.3858,146.1,97.3,0.507
78.8,31824.0,34525.9,-0.9032,-1.1656,146.1,97.3,0.507
78.82,31775.8,34568.0,-1.1508,-1.062,146.1,97.3,0.507
78.84,31943.8,34861.3,-0.2885,-0.3399,146.1,97.3,0.507
78.86,32134.8,35258.8,0.6917,0.6389,146.1,97.3,0.507
78.88,32270.2,35598.1,1.3868,1.474,146.1,97.3,0.507
78.9,32388.5,35656.0,1.9941,1.6166,146.1,97.3,0.507
78.92,32390.5,35715.2,2.0044,1.7625,146.1,97.3,0.507
78.94,32193.6,35585.7,0.9935,1.4436,146.1,97.3,0.507
78.96,32144.6,35429.0,0.7424,1.0578,146.1,97.3,0.507
78.98,32152.6,35315.9,0.7833,0.7794,146.1,97.3,0.507
79.0,32082.8,35086.3,0.4252,0.214,146.1,97.3,0.507
79.02,32111.5,35086.3,0.5725,0.2141,146.1,97.3,0.507
79.04,32021.9,35064.9,0.1122,0.1613,146.1,97.3,0.507
79.06,32005.1,35014.8,0.0264,0.0381,146.1,97.3,0.507
79.08,31946.3,34755.6,-0.2757,-0.6002,146.1,97.3,0.507
79.1,31841.0,34715.3,-0.816,-0.6993,146.1,97.3,0.507
79.12,31767.2,34626.6,-1.1951,-0.9177,146.1,97.3,0.507
79.14,31806.3,34660.6,-0.9939,-0.834,146.1,97.3,0.507
79.16,31865.7,34638.9,-0.6895,-0.8875,146.1,97.3,0.507
79.18,31701.8,34531.8,-1.5302,-1.1512,146.1,97.3,0.507
79.2,31740.2,34466.2,-1.3336,-1.3126,146.1,97.3,0.507
79.22,31783.4,34532.4,-1.1119,-1.1497,146.1,97.3,0.507
79.24,31931.3,34751.4,-0.3528,-0.6104,146.1,97.3,0.507
79.26,32049.7,35082.3,0.255,0.2042,146.1,97.3,0.507
79.28,32158.6,35367.2,0.8139,0.9057,146.1,97.3,0.507
79.3,32344.7,35683.5,1.7694,1.6845,146.1,97.3,0.507
79.32,32450.2,35737.9,2.3107,1.8184,146.1,97.3,0.507
79.34,32351.3,35709.4,1.8029,1.7482,146.1,97.3,0.507
79.36,32188.8,35372.5,0.969,0.9188,146.1,97.3,0.507
79.38,32124.4,35338.4,0.6385,0.8347,146.1,97.3,0.507
79.4,32137.3,35277.8,0.7046,0.6857,146.1,97.3,0.507
79.42,32019.9,35033.9,0.1024,0.0851,146.1,97.3,0.507
79.44,31957.8,35033.7,-0.2167,0.0845,146.1,97.3,0.507
79.46,31937.0,34961.9,-0.3233,-0.0922,146.1,97.3,0.507
79.48,31953.3,34780.0,-0.2396,-0.5401,146.1,97.3,0.507
79.5,31976.8,34737.9,-0.1192,-0.6437,146.1,97.3,0.507
79.52,31831.0,34693.9,-0.8671,-0.7521,146.1,97.3,0.507
79.54,31806.8,34627.4,-0.9916,-0.9157,146.1,97.3,0.507
79.56,31803.8,34763.9,-1.0069,-0.5796,146.1,97.3,0.507
79.58,31801.5,34601.9,-1.0188,-0.9784,146.1,97.3,0.507
79.6,31790.4,34552.1,-1.0756,-1.1011,146.1,97.3,0.507
79.62,31740.0,34440.5,-1.3347,-1.3758,146.1,97.3,0.507
79.64,31827.3,34525.6,-0.8862,-1.1665,146.1,97.3,0.507
79.66,31917.9,34800.5,-0.4211,-0.4895,146.1,97.3,0.507
79.68,32102.4,35183.5,0.5256,0.4535,146.1,97.3,0.507
79.7,32336.2,35552.5,1.7256,1.3618,146.1,97.3,0.507
79.72,32279.7,35741.3,1.4359,1.8267,146.1,97.3,0.507
79.74,32463.0,35828.5,2.3764,2.0415,146.1,97.3,0.507
79.76,32204.8,35648.2,1.0511,1.5974,146.1,97.3,0.507
79.78,32161.0,35422.4,0.8262,1.0415,146.1,97.3,0.507
79.8,32048.1,35277.9,0.2467,0.6859,146.1,97.3,0.507
79.82,32067.6,35149.8,0.3469,0.3703,146.1,97.3,0.507
79.84,32024.9,34992.6,0.1277,-0.0166,146.1,97.3,0.507
79.86,32040.9,35036.5,0.2097,0.0915,146.1,97.3,0.507
79.88,31974.8,34951.7,-0.1294,-0.1173,146.1,97.3,0.507
79.9,31823.4,34898.6,-0.9063,-0.2481,146.1,97.3,0.507
79.92,31822.4,34707.4,-0.9113,-0.7189,146.1,97.3,0.507
79.94,31889.3,34774.5,-0.568,-0.5536,146.1,97.3,0.507
79.96,31833.9,34641.4,-0.8523,-0.8813,146.1,97.3,0.507
79.98,31769.4,34567.8,-1.1837,-1.0624,146.1,97.3,0.507
80.0,31839.6,34511.0,-0.8231,-1.2023,146.1,97.3,0.507
80.02,31767.8,34324.1,-1.1915,-1.6625,146.1,97.3,0.507
80.04,31919.2,34491.8,-0.4147,-1.2495,146.1,97.3,0.507
80.06,31905.0,34660.5,-0.4875,-0.8342,146.1,97.3,0.507
80.08,31849.6,34966.7,-0.7717,-0.0803,146.1,97.3,0.507
80.1,32174.1,35236.8,0.8934,0.5846,146.1,97.3,0.507
80.12,32280.5,35665.9,1.4397,1.6411,146.1,97.3,0.507
80.14,32347.9,35768.8,1.7858,1.8944,146.1,97.3,0.507
80.16,32320.8,35702.3,1.6465,1.7308,146.1,97.3,0.507
80.18,32196.7,35402.3,1.0095,0.9922,146.1,97.3,0.507
80.2,32106.8,35301.7,0.5482,0.7444,146.1,97.3,0.507
80.22,32105.2,35193.6,0.54,0.4782,146.1,97.3,0.507
80.24,32181.2,35093.9,0.9303,0.2328,146.1,97.3,0.507
80.26,31948.3,35077.0,-0.2654,0.1913,146.1,97.3,0.507
80.28,32018.9,35036.8,0.0972,0.0922,146.1,97.3,0.507
80.3,31989.6,34780.5,-0.0533,-0.5387,146.1,97.3,0.507
80.32,31820.7,34717.4,-0.9202,-0.6942,146.1,97.3,0.507
80.34,31790.8,34657.6,-1.0737,-0.8413,146.1,97.3,0.507
80.36,31809.5,34649.5,-0.9775,-0.8614,146.1,97.3,0.507
80.38,31846.2,34675.4,-0.7894,-0.7976,146.1,97.3,0.507
80.4,31777.6,34583.9,-1.1414,-1.0228,146.1,97.3,0.507
80.42,31761.4,34446.8,-1.2247,-1.3603,146.1,97.3,0.507
80.44,31748.8,34470.3,-1.2892,-1.3025,146.1,97.3,0.507
80.46,31635.3,34563.5,-1.872,-1.073,146.1,97.3,0.507
80.48,31928.9,34792.4,-0.3649,-0.5094,146.1,97.3,0.507
80.5,32052.1,35230.1,0.2673,0.5682,146.1,97.3,0.507
80.52,32219.1,35563.0,1.1244,1.3876,146.1,97.3,0.507
80.54,32373.9,35807.5,1.9189,1.9898,146.1,97.3,0.507
80.56,32308.5,35757.5,1.5835,1.8667,146.1,97.3,0.507
80.58,32381.9,35630.3,1.96,1.5535,146.1,97.3,0.507
80.6,32140.8,35416.8,0.7227,1.0278,146.1,97.3,0.507
80.62,32194.4,35271.5,0.9977,0.6701,146.1,97.3,0.507
80.64,32093.7,35126.7,0.4809,0.3137,146.1,97.3,0.507
80.66,32070.1,35038.0,0.3597,0.0953,146.1,97.3,0.507
80.68,31933.1,35085.4,-0.3431,0.212,146.1,97.3,0.507
80.7,31997.7,34868.4,-0.0117,-0.3224,146.1,97.3,0.507
80.72,31870.4,34772.0,-0.6651,-0.5597,146.1,97.3,0.507
80.74,31897.9,34701.3,-0.524,-0.7339,146.1,97.3,0.507
80.76,31930.0,34650.9,-0.3591,-0.8579,146.1,97.3,0.507
80.78,31842.6,34671.7,-0.808,-0.8066,146.1,97.3,0.507
80.8,31771.0,34679.7,-1.1755,-0.787,146.1,97.3,0.507
80.82,31757.3,34564.8,-1.2456,-1.0698,146.1,97.3,0.507
80.84,31818.6,34536.3,-0.9312,-1.1401,146.1,97.3,0.507
80.86,31664.7,34552.2,-1.7208,-1.1009,146.1,97.3,0.507
80.88,31773.9,34656.0,-1.1604,-0.8454,146.1,97.3,0.507
80.9,31922.9,35012.4,-0.3957,0.0321,146.1,97.3,0.507
80.92,32194.4,35319.9,0.998,0.7892,146.1,97.3,0.507
80.94,32338.7,35635.1,1.7386,1.5652,146.1,97.3,0.507
80.96,32301.0,35783.1,1.5451,1.9296,146.1,97.3,0.507
80.98,32378.5,35780.1,1.9427,1.9223,146.1,97.3,0.507
81.0,32226.9,35556.5,1.1646,1.3717,146.1,97.3,0.507
81.02,32193.3,35289.1,0.992,0.7134,146.1,97.3,0.507
81.04,32106.6,35201.1,0.5474,0.4967,146.1,97.3,0.507
81.06,32064.6,35100.8,0.3318,0.2498,146.1,97.3,0.507
81.08,31996.6,34996.9,-0.0176,-0.0061,146.1,97.3,0.507
81.1,31899.0,34958.8,-0.5183,-0.0998,146.1,97.3,0.507
81.12,31804.2,34778.1,-1.0051,-0.5447,146.1,97.3,0.507
81.14,31848.5,34766.4,-0.7773,-0.5734,146.1,97.3,0.507
81.16,31803.7,34622.7,-1.0074,-0.9274,146.1,97.3,0.507
81.18,31854.7,34609.5,-0.7458,-0.9598,146.1,97.3,0.507
81.2,31870.8,34602.8,-0.6631,-0.9762,146.1,97.3,0.507
81.22,31732.5,34484.6,-1.3732,-1.2672,146.1,97.3,0.507
81.24,31693.3,34532.7,-1.5742,-1.1488,146.1,97.3,0.507
81.26,31711.0,34506.8,-1.4831,-1.2125,146.1,97.3,0.507
81.28,31811.6,34516.9,-0.9671,-1.1877,146.1,97.3,0.507
81.3,31835.7,34668.0,-0.8432,-0.8158,146.1,97.3,0.507
81.32,32033.9,35120.2,0.1739,0.2975,146.1,97.3,0.507
81.34,32155.8,35491.8,0.7995,1.2124,146.1,97.3,0.507
81.36,32347.0,35786.5,1.7811,1.9379,146.1,97.3,0.507
81.38,32399.0,35741.2,2.048,1.8263,146.1,97.3,0.507
81.4,32262.5,35642.2,1.3475,1.5828,146.1,97.3,0.507
81.42,32146.8,35524.3,0.7534,1.2924,146.1,97.3,0.507
81.44,32090.3,35272.9,0.4636,0.6734,146.1,97.3,0.507
81.46,32046.0,35142.6,0.2361,0.3526,146.1,97.3,0.507
81.48,31973.8,34975.4,-0.1345,-0.059,146.1,97.3,0.507
81.5,32008.8,34958.4,0.0451,-0.1008,146.1,97.3,0.507
81.52,31923.0,34919.7,-0.3952,-0.196,146.1,97.3,0.507
81.54,31929.4,34846.0,-0.3625,-0.3775,146.1,97.3,0.507
81.56,31757.1,34723.1,-1.2466,-0.6802,146.1,97.3,0.507
81.58,31907.0,34668.0,-0.4774,-0.8158,146.1,97.3,0.507
81.6,31800.1,34749.4,-1.0259,-0.6153,146.1,97.3,0.507
81.62,31749.5,34628.7,-1.2855,-0.9126,146.1,97.3,0.507
81.64,31799.0,34588.6,-1.0316,-1.0113,146.1,97.3,0.507
81.66,31768.4,34500.1,-1.1885,-1.2292,146.1,97.3,0.507
81.68,31717.1,34433.1,-1.4519,-1.3942,146.1,97.3,0.507
81.7,31785.0,34620.1,-1.1033,-0.9338,146.1,97.3,0.507
81.72,31986.1,34893.6,-0.0714,-0.2603,146.1,97.3,0.507
81.74,32193.2,35326.1,0.9918,0.8044,146.1,97.3,0.507
81.76,32281.7,35684.8,1.446,1.6877,146.1,97.3,0.507
81.78,32335.0,35791.5,1.7195,1.9504,146.1,97.3,0.507
81.8,32229.4,35679.7,1.1772,1.675,146.1,97.3,0.507
81.82,32278.2,35564.9,1.4279,1.3925,146.1,97.3,0.507
81.84,32164.2,35368.9,0.8428,0.9098,146.1,97.3,0.507
81.86,32023.7,35298.3,0.1217,0.7359,146.1,97.3,0.507
81.88,32047.5,35120.9,0.2437,0.2993,146.1,97.3,0.507
81.9,31961.9,35009.5,-0.1955,0.0251,146.1,97.3,0.507
81.92,32121.5,34878.2,0.6237,-0.2982,146.1,97.3,0.507
81.94,31914.2,34857.6,-0.4403,-0.3491,146.1,97.3,0.507
81.96,31868.0,34792.7,-0.6777,-0.5089,146.1,97.3,0.507
81.98,31878.1,34855.4,-0.6258,-0.3545,146.1,97.3,0.507
82.0,31914.6,34651.7,-0.4382,-0.856,146.1,97.3,0.507
82.02,31891.3,34632.7,-0.5579,-0.9026,146.1,97.3,0.507
82.04,31823.3,34632.9,-0.907,-0.9023,146.1,97.3,0.507
82.06,31779.2,34587.7,-1.1334,-1.0134,146.1,97.3,0.507
82.08,31719.7,34377.3,-1.4385,-1.5315,146.1,97.3,0.507
82.1,31799.4,34532.2,-1.0297,-1.15,146.1,97.3,0.507
82.12,31841.2,34722.2,-0.8148,-0.6823,146.1,97.3,0.507
82.14,32132.0,35055.8,0.6776,0.139,146.1,97.3,0.507
82.16,32331.9,35434.2,1.7037,1.0706,146.1,97.3,0.507
82.18,32306.6,35702.6,1.5737,1.7314,146.1,97.3,0.507
82.2,32358.0,35866.3,1.8377,2.1346,146.1,97.3,0.507
82.22,32326.9,35628.7,1.6779,1.5494,146.1,97.3,0.507
82.24,32173.7,35470.4,0.8918,1.1597,146.1,97.3,0.507
82.26,32091.6,35305.8,0.4702,0.7545,146.1,97.3,0.507
82.28,31988.7,35120.2,-0.0581,0.2976,146.1,97.3,0.507
82.3,31983.6,35058.4,-0.0844,0.1454,146.1,97.3,0.507
82.32,32002.5,35039.6,0.0131,0.099,146.1,97.3,0.507
82.34,32033.9,34956.7,0.174,-0.1049,146.1,97.3,0.507
82.36,31902.2,34824.5,-0.502,-0.4304,146.1,97.3,0.507
82.38,31905.5,34873.4,-0.4851,-0.3101,146.1,97.3,0.507
82.4,31837.1,34748.5,-0.8358,-0.6175,146.1,97.3,0.507
82.42,31825.1,34668.1,-0.8978,-0.8155,146.1,97.3,0.507
82.44,31850.7,34624.0,-0.7663,-0.924,146.1,97.3,0.507
82.46,31782.4,34527.9,-1.117,-1.1608,146.1,97.3,0.507
82.48,31811.0,34360.7,-0.9701,-1.5724,146.1,97.3,0.507
82.5,31717.8,34453.8,-1.4484,-1.3431,146.1,97.3,0.507
82.52,31887.1,34571.2,-0.5795,-1.0542,146.1,97.3,0.507
82.54,31930.5,34888.8,-0.3569,-0.2723,146.1,97.3,0.507
82.56,32179.9,35341.1,0.9234,0.8413,146.1,97.3,0.507
82.58,32353.3,35688.9,1.8136,1.6977,146.1,97.3,0.507
82.6,32353.4,35760.5,1.8141,1.874,146.1,97.3,0.507
82.62,32319.6,35758.1,1.6403,1.8681,146.1,97.3,0.507
82.64,32227.8,35529.2,1.1692,1.3046,146.1,97.3,0.507
82.66,32095.0,35311.5,0.4875,0.7684,146.1,97.3,0.507
82.68,32094.1,35125.3,0.4831,0.3101,146.1,97.3,0.507
82.7,32022.3,35138.0,0.1144,0.3414,146.1,97.3,0.507
82.72,31956.2,35037.9,-0.2247,0.095,146.1,97.3,0.507
82.74,32010.3,34999.9,0.0527,0.0013,146.1,97.3,0.507
82.76,31903.7,34941.8,-0.4942,-0.1416,146.1,97.3,0.507
82.78,31887.1,34680.4,-0.5796,-0.7852,146.1,97.3,0.507
82.8,31835.8,34706.8,-0.8429,-0.7202,146.1,97.3,0.507
82.82,31854.5,34652.3,-0.7467,-0.8544,146.1,97.3,0.507
82.84,31865.4,34680.1,-0.6909,-0.7859,146.1,97.3,0.507
82.86,31828.3,34604.7,-0.8812,-0.9717,146.1,97.3,0.507
82.88,31820.2,34528.0,-0.9226,-1.1605,146.1,97.3,0.507
82.9,31757.6,34317.2,-1.2439,-1.6796,146.1,97.3,0.507
82.92,31833.0,34524.8,-0.8573,-1.1683,146.1,97.3,0.507
82.94,31933.7,34785.9,-0.3402,-0.5254,146.1,97.3,0.507
82.96,32016.5,35037.2,0.0847,0.0932,146.1,97.3,0.507
82.98,32224.7,35467.7,1.1535,1.1531,146.1,97.3,0.507
83.0,32262.9,35564.0,1.3493,1.3903,146.1,97.3,0.507
83.02,32298.0,35762.0,1.5295,1.8777,146.1,97.3,0.507
83.04,32323.4,35652.5,1.6598,1.608,146.1,97.3,0.507
83.06,32231.7,35473.6,1.1894,1.1676,146.1,97.3,0.507
83.08,32074.2,35286.8,0.3806,0.7078,146.1,97.3,0.507
83.1,32103.6,35188.1,0.5316,0.4648,146.1,97.3,0.507
83.12,32026.2,35039.5,0.1344,0.0988,146.1,97.3,0.507
83.14,31983.5,35141.9,-0.0848,0.351,146.1,97.3,0.507
83.16,32003.0,34951.8,0.0153,-0.117,146.1,97.3,0.507
83.18,31983.9,34800.1,-0.0826,-0.4907,146.1,97.3,0.507
83.2,31827.4,34687.4,-0.8859,-0.7681,146.1,97.3,0.507
83.22,31876.9,34665.9,-0.6319,-0.821,146.1,97.3,0.507
83.24,31818.4,34621.1,-0.932,-0.9313,146.1,97.3,0.507
83.26,31816.5,34583.3,-0.9416,-1.0244,146.1,97.3,0.507
83.28,31790.0,34581.0,-1.0777,-1.03,146.1,97.3,0.507
83.3,31727.1,34510.0,-1.4007,-1.2047,146.1,97.3,0.507
83.32,31768.0,34404.5,-1.1908,-1.4646,146.1,97.3,0.507
83.34,31771.6,34607.7,-1.172,-0.9642,146.1,97.3,0.507
83.36,31829.5,34840.1,-0.8751,-0.392,146.1,97.3,0.507
83.38,32144.4,35295.7,0.7414,0.7296,146.1,97.3,0.507
83.4,32310.3,35591.1,1.5929,1.4568,146.1,97.3,0.507
83.42,32424.7,35820.5,2.1798,2.0216,146.1,97.3,0.507
83.44,32406.3,35704.3,2.0854,1.7356,146.1,97.3,0.507
83.46,32246.1,35497.7,1.2632,1.227,146.1,97.3,0.507
83.48,32213.2,35287.2,1.0945,0.7088,146.1,97.3,0.507
83.5,32141.2,35184.4,0.7249,0.4556,146.1,97.3,0.507
83.52,32099.5,35105.1,0.5107,0.2603,146.1,97.3,0.507
83.54,32090.8,35216.0,0.4663,0.5335,146.1,97.3,0.507
83.56,31891.3,35043.5,-0.5581,0.1087,146.1,97.3,0.507
83.58,31887.0,34843.4,-0.5797,-0.3841,146.1,97.3,0.507
83.6,31865.7,34803.0,-0.6891,-0.4834,146.1,97.3,0.507
83.62,31851.1,34717.1,-0.7644,-0.695,146.1,97.3,0.507
83.64,31876.8,34665.7,-0.6322,-0.8215,146.1,97.3,0.507
83.66,31813.4,34578.0,-0.9579,-1.0373,146.1,97.3,0.507
83.68,31761.0,34532.3,-1.2265,-1.1499,146.1,97.3,0.507
83.7,31817.8,34510.1,-0.935,-1.2045,146.1,97.3,0.507
83.72,31708.7,34515.9,-1.4951,-1.1902,146.1,97.3,0.507
83.74,31813.4,34569.2,-0.9579,-1.0591,146.1,97.3,0.507
83.76,31862.1,34656.0,-0.7078,-0.8453,146.1,97.3,0.507
83.78,31958.1,35051.0,-0.2148,0.1271,146.1,97.3,0.507
83.8,32354.8,35494.8,1.8213,1.2199,146.1,97.3,0.507
83.82,32324.5,35768.9,1.6656,1.8947,146.1,97.3,0.507
83.84,32268.6,35762.8,1.3785,1.8797,146.1,97.3,0.507
83.86,32315.6,35678.2,1.6198,1.6714,146.1,97.3,0.507
83.88,32256.6,35475.6,1.3169,1.1726,146.1,97.3,0.507
83.9,32077.5,35283.1,0.3979,0.6987,146.1,97.3,0.507
83.92,31995.2,35138.3,-0.0247,0.3422,146.1,97.3,0.507
83.94,32040.4,35081.7,0.2072,0.2027,146.1,97.3,0.507
83.96,32044.7,35079.2,0.2297,0.1966,146.1,97.3,0.507
83.98,31960.6,34985.5,-0.2024,-0.0341,146.1,97.3,0.507
84.0,31979.5,34789.4,-0.1051,-0.5169,146.1,97.3,0.507
84.02,31875.3,34636.1,-0.64,-0.8944,146.1,97.3,0.507
84.04,31839.7,34681.2,-0.8228,-0.7832,146.1,97.3,0.507
84.06,31896.4,34709.8,-0.5315,-0.7128,146.1,97.3,0.507
84.08,31768.0,34644.7,-1.1909,-0.8732,146.1,97.3,0.507
84.1,31751.3,34588.9,-1.2766,-1.0105,146.1,97.3,0.507
84.12,31740.7,34497.4,-1.331,-1.2358,146.1,97.3,0.507
84.14,31677.5,34498.6,-1.6552,-1.2328,146.1,97.3,0.507
84.16,31732.0,34595.4,-1.3756,-0.9945,146.1,97.3,0.507
84.18,31806.7,34818.3,-0.9923,-0.4457,146.1,97.3,0.507
84.2,32086.4,35185.7,0.4432,0.4588,146.1,97.3,0.507
84.22,32233.2,35611.9,1.1972,1.5081,146.1,97.3,0.507
84.24,32428.9,35717.5,2.2015,1.768,146.1,97.3,0.507
84.26,32428.0,35753.6,2.1969,1.8569,146.1,97.3,0.507
84.28,32284.0,35550.7,1.4578,1.3575,146.1,97.3,0.507
84.3,32162.5,35294.9,0.8343,0.7278,146.1,97.3,0.507
84.32,32089.6,35136.8,0.4598,0.3383,146.1,97.3,0.507
84.34,32006.3,35143.5,0.0325,0.3548,146.1,97.3,0.507
84.36,32056.2,34989.7,0.2887,-0.0238,146.1,97.3,0.507
84.38,32059.1,34979.4,0.3036,-0.0491,146.1,97.3,0.507
84.4,31996.9,34882.7,-0.0159,-0.2871,146.1,97.3,0.507
84.42,31927.1,34767.0,-0.3739,-0.5719,146.1,97.3,0.507
84.44,31935.2,34650.5,-0.3327,-0.8588,146.1,97.3,0.507
84.46,31785.0,34755.6,-1.1033,-0.6001,146.1,97.3,0.507
84.48,31789.2,34534.6,-1.0822,-1.1442,146.1,97.3,0.507
84.5,31886.4,34600.0,-0.5833,-0.9831,146.1,97.3,0.507
84.52,31771.1,34533.9,-1.1746,-1.1459,146.1,97.3,0.507
84.54,31724.5,34504.4,-1.4139,-1.2186,146.1,97.3,0.507
84.56,31708.5,34611.3,-1.4963,-0.9553,146.1,97.3,0.507
84.58,31975.4,34702.2,-0.1261,-0.7315,146.1,97.3,0.507
84.6,31971.3,35113.2,-0.1472,0.2804,146.1,97.3,0.507
84.62,32115.6,35328.9,0.5933,0.8113,146.1,97.3,0.507
84.64,32298.1,35747.3,1.5301,1.8414,146.1,97.3,0.507
84.66,32349.6,35823.5,1.7943,2.0291,146.1,97.3,0.507
84.68,32292.7,35642.0,1.5023,1.5823,146.1,97.3,0.507
84.7,32208.1,35405.9,1.0684,1.001,146.1,97.3,0.507
84.72,32141.0,35257.1,0.7239,0.6345,146.1,97.3,0.507
84.74,32015.0,35124.1,0.077,0.3072,146.1,97.3,0.507
84.76,32061.0,35087.1,0.3132,0.216,146.1,97.3,0.507
84.78,32080.9,35079.7,0.4153,0.1977,146.1,97.3,0.507
84.8,32001.2,34977.4,0.0064,-0.0541,146.1,97.3,0.507
84.82,31894.4,34796.9,-0.5422,-0.4985,146.1,97.3,0.507
84.84,31881.2,34741.6,-0.6097,-0.6347,146.1,97.3,0.507
84.86,31880.1,34611.0,-0.6152,-0.9561,146.1,97.3,0.507
84.88,31922.8,34741.6,-0.3961,-0.6346,146.1,97.3,0.507
84.9,31859.9,34657.6,-0.7192,-0.8414,146.1,97.3,0.507
84.92,31790.7,34604.9,-1.074,-0.9711,146.1,97.3,0.507
84.94,31843.7,34494.9,-0.802,-1.242,146.1,97.3,0.507
84.96,31700.1,34458.9,-1.5391,-1.3305,146.1,97.3,0.507
84.98,31751.6,34611.2,-1.2747,-0.9555,146.1,97.3,0.507
85.0,31829.4,34840.0,-0.8758,-0.3923,146.1,97.3,0.507
85.02,32034.7,35194.6,0.1784,0.4807,146.1,97.3,0.507
85.04,32291.6,35541.4,1.4966,1.3346,146.1,97.3,0.507
85.06,32421.8,35800.1,2.1649,1.9715,146.1,97.3,0.507
85.08,32335.8,35713.1,1.7238,1.7573,146.1,97.3,0.507
85.1,32190.0,35586.1,0.975,1.4445,146.1,97.3,0.507
85.12,32168.9,35336.2,0.8669,0.8293,146.1,97.3,0.507
85.14,32165.9,35156.3,0.8515,0.3865,146.1,97.3,0.507
85.16,32037.6,35195.4,0.1928,0.4826,146.1,97.3,0.507
85.18,32061.0,35038.8,0.3132,0.097,146.1,97.3,0.507
85.2,32045.2,34983.9,0.232,-0.038,146.1,97.3,0.507
85.22,31871.0,34918.0,-0.6622,-0.2002,146.1,97.3,0.507
85.24,31913.2,34751.8,-0.4454,-0.6096,146.1,97.3,0.507
85.26,31889.9,34681.1,-0.5651,-0.7836,146.1,97.3,0.507
85.28,31823.3,34619.0,-0.9069,-0.9365,146.1,97.3,0.507
85.3,31939.7,34701.9,-0.3097,-0.7324,146.1,97.3,0.507
85.32,31814.0,34584.3,-0.9545,-1.0218,146.1,97.3,0.507
85.34,31814.4,34612.3,-0.9523,-0.953,146.1,97.3,0.507
85.36,31725.3,34452.2,-1.4097,-1.3472,146.1,97.3,0.507
85.38,31734.8,34475.7,-1.3613,-1.2893,146.1,97.3,0.507
85.4,31853.7,34656.0,-0.7511,-0.8453,146.1,97.3,0.507
85.42,32034.2,35011.9,0.1757,0.0309,146.1,97.3,0.507
85.44,32201.3,35392.3,1.0334,0.9674,146.1,97.3,0.507
85.46,32329.1,35659.2,1.6894,1.6245,146.1,97.3,0.507
85.48,32364.1,35786.9,1.869,1.939,146.1,97.3,0.507
85.5,32346.9,35721.5,1.7805,1.778,146.1,97.3,0.507
85.52,32194.2,35476.9,0.9966,1.1757,146.1,97.3,0.507
85.54,32206.3,35278.6,1.0591,0.6874,146.1,97.3,0.507
85.56,32037.8,35087.1,0.1939,0.216,146.1,97.3,0.507
85.58,32059.3,35090.0,0.3042,0.2232,146.1,97.3,0.507
85.6,31914.9,35066.6,-0.4366,0.1657,146.1,97.3,0.507
85.62,31973.7,35076.3,-0.1349,0.1895,146.1,97.3,0.507
85.64,31958.3,34822.9,-0.2138,-0.4345,146.1,97.3,0.507
85.66,31826.5,34701.3,-0.8905,-0.7338,146.1,97.3,0.507
85.68,31806.0,34630.0,-0.9957,-0.9093,146.1,97.3,0.507
85.7,31803.7,34598.6,-1.0074,-0.9867,146.1,97.3,0.507
85.72,31823.0,34619.5,-0.9085,-0.9351,146.1,97.3,0.507
85.74,31793.9,34583.2,-1.058,-1.0245,146.1,97.3,0.507
85.76,31855.4,34410.4,-0.742,-1.45,146.1,97.3,0.507
85.78,31716.8,34478.7,-1.4535,-1.2818,146.1,97.3,0.507
85.8,31807.1,34515.1,-0.99,-1.1921,146.1,97.3,0.507
85.82,31907.3,34792.6,-0.4756,-0.5091,146.1,97.3,0.507
85.84,32097.4,35212.0,0.4998,0.5237,146.1,97.3,0.507
85.86,32255.8,35538.0,1.3132,1.3261,146.1,97.3,0.507
85.88,32249.8,35681.6,1.2822,1.6798,146.1,97.3,0.507
85.9,32370.0,35767.5,1.8989,1.8913,146.1,97.3,0.507
85.92,32284.1,35612.1,1.4584,1.5085,146.1,97.3,0.507
85.94,32168.2,35345.2,0.8636,0.8515,146.1,97.3,0.507
85.96,32166.4,35225.5,0.8541,0.5569,146.1,97.3,0.507
85.98,32070.7,35129.4,0.3628,0.3201,146.1,97.3,0.507
86.0,32077.0,35131.2,0.3953,0.3245,146.1,97.3,0.507
86.02,31990.2,35008.5,-0.05,0.0226,146.1,97.3,0.507
86.04,31870.4,34908.1,-0.6653,-0.2247,146.1,97.3,0.507
86.06,31961.2,34753.3,-0.1989,-0.6059,146.1,97.3,0.507
86.08,31888.8,34620.9,-0.5708,-0.9319,146.1,97.3,0.507
86.1,31872.9,34745.4,-0.6525,-0.6253,146.1,97.3,0.507
86.12,31873.4,34728.9,-0.6495,-0.6659,146.1,97.3,0.507
86.14,31857.9,34672.5,-0.7295,-0.8048,146.1,97.3,0.507
86.16,31804.8,34512.3,-1.0019,-1.199,146.1,97.3,0.507
86.18,31779.5,34366.8,-1.1318,-1.5574,146.1,97.3,0.507
86.2,31783.9,34407.9,-1.1093,-1.4562,146.1,97.3,0.507
86.22,31849.2,34658.6,-0.7742,-0.8389,146.1,97.3,0.507
86.24,31977.3,34939.4,-0.1163,-0.1477,146.1,97.3,0.507
86.26,32236.8,35259.7,1.2154,0.641,146.1,97.3,0.507
86.28,32328.8,35620.3,1.6879,1.5288,146.1,97.3,0.507
86.3,32345.3,35738.5,1.7721,1.8199,146.1,97.3,0.507
86.32,32309.8,35584.7,1.5903,1.4411,146.1,97.3,0.507
86.34,32205.8,35522.3,1.0565,1.2875,146.1,97.3,0.507
86.36,32187.9,35326.1,0.9643,0.8044,146.1,97.3,0.507
86.38,32092.8,35097.6,0.4762,0.2419,146.1,97.3,0.507
86.4,32043.2,35034.4,0.2216,0.0864,146.1,97.3,0.507
86.42,32048.6,35011.8,0.2495,0.0306,146.1,97.3,0.507
86.44,31958.4,35000.5,-0.2135,0.0029,146.1,97.3,0.507
86.46,31891.3,34911.3,-0.5578,-0.2169,146.1,97.3,0.507
86.48,31969.8,34708.3,-0.1548,-0.7167,146.1,97.3,0.507
86.5,31837.0,34614.5,-0.8364,-0.9475,146.1,97.3,0.507
86.52,31876.2,34666.5,-0.6355,-0.8195,146.1,97.3,0.507
86.54,31853.7,34665.3,-0.7511,-0.8224,146.1,97.3,0.507
86.56,31897.3,34642.5,-0.5273,-0.8787,146.1,97.3,0.507
86.58,31768.4,34552.4,-1.1888,-1.1003,146.1,97.3,0.507
86.6,31719.9,34451.4,-1.4377,-1.349,146.1,97.3,0.507
86.62,31828.5,34540.5,-0.88,-1.1298,146.1,97.3,0.507
86.64,31841.5,34846.7,-0.8134,-0.3758,146.1,97.3,0.507
86.66,32021.2,35122.8,0.1086,0.304,146.1,97.3,0.507
86.68,32212.9,35481.9,1.0928,1.188,146.1,97.3,0.507
86.7,32288.1,35718.6,1.4786,1.7709,146.1,97.3,0.507
86.72,32332.5,35813.2,1.7065,2.0036,146.1,97.3,0.507
86.74,32301.2,35641.7,1.5462,1.5816,146.1,97.3,0.507
86.76,32160.4,35420.2,0.8233,1.036,146.1,97.3,0.507
86.78,32104.6,35224.7,0.5368,0.5548,146.1,97.3,0.507
86.8,32156.1,35101.1,0.801,0.2505,146.1,97.3,0.507
86.82,32056.7,35095.5,0.2908,0.2368,146.1,97.3,0.507
86.84,32082.5,35004.5,0.4234,0.0127,146.1,97.3,0.507
86.86,31953.5,34943.4,-0.2386,-0.1377,146.1,97.3,0.507
86.88,31897.0,34851.2,-0.5284,-0.3649,146.1,97.3,0.507
86.9,31943.3,34790.4,-0.2912,-0.5145,146.1,97.3,0.507
86.92,31856.4,34740.5,-0.7368,-0.6372,146.1,97.3,0.507
86.94,31810.1,34649.1,-0.9745,-0.8624,146.1,97.3,0.507
86.96,31783.1,34681.3,-1.1134,-0.7831,146.1,97.3,0.507
86.98,31754.2,34514.5,-1.2616,-1.1936,146.1,97.3,0.507
87.0,31769.1,34385.7,-1.1849,-1.5108,146.1,97.3,0.507
87.02,31663.1,34467.9,-1.7293,-1.3085,146.1,97.3,0.507
87.04,31825.3,34611.8,-0.8967,-0.9542,146.1,97.3,0.507
87.06,32065.6,34945.1,0.337,-0.1336,146.1,97.3,0.507
87.08,32129.0,35328.0,0.6619,0.8093,146.1,97.3,0.507
87.1,32339.6,35634.1,1.7432,1.5627,146.1,97.3,0.507
87.12,32341.9,35729.9,1.7549,1.7986,146.1,97.3,0.507
87.14,32325.9,35860.0,1.6727,2.1191,146.1,97.3,0.507
87.16,32196.8,35395.3,1.0103,0.975,146.1,97.3,0.507
87.18,32137.6,35338.6,0.7064,0.8353,146.1,97.3,0.507
87.2,32101.6,35113.4,0.5213,0.2809,146.1,97.3,0.507
87.22,32046.1,34999.1,0.2367,-0.0005,146.1,97.3,0.507
87.24,31944.7,35084.8,-0.284,0.2103,146.1,97.3,0.507
87.26,32005.7,34928.2,0.0295,-0.1751,146.1,97.3,0.507
87.28,31918.4,34835.2,-0.4186,-0.4042,146.1,97.3,0.507
87.3,31932.3,34754.2,-0.3475,-0.6036,146.1,97.3,0.507
87.32,31798.7,34663.5,-1.0329,-0.8268,146.1,97.3,0.507
87.34,31839.2,34507.7,-0.8253,-1.2105,146.1,97.3,0.507
87.36,31871.8,34671.3,-0.658,-0.8077,146.1,97.3,0.507
87.38,31850.2,34561.6,-0.769,-1.0777,146.1,97.3,0.507
87.4,31781.3,34558.5,-1.1225,-1.0854,146.1,97.3,0.507
87.42,31675.0,34507.7,-1.6681,-1.2105,146.1,97.3,0.507
87.44,31794.8,34468.8,-1.0532,-1.3061,146.1,97.3,0.507
87.46,31955.1,34771.7,-0.2306,-0.5604,146.1,97.3,0.507
87.48,32110.9,35118.4,0.5695,0.2932,146.1,97.3,0.507
87.5,32172.6,35470.1,0.8858,1.1589,146.1,97.3,0.507
87.52,32306.2,35577.8,1.5717,1.4241,146.1,97.3,0.507
87.54,32299.2,35739.4,1.5359,1.822,146.1,97.3,0.507
87.56,32236.4,35564.7,1.2136,1.3919,146.1,97.3,0.507
87.58,32241.5,35358.2,1.2396,0.8835,146.1,97.3,0.507
87.6,32106.7,35208.5,0.5475,0.5149,146.1,97.3,0.507
87.62,32052.6,35206.4,0.2701,0.5097,146.1,97.3,0.507
87.64,32023.1,35142.2,0.1184,0.3518,146.1,97.3,0.507
87.66,31972.2,34992.4,-0.1428,-0.0171,146.1,97.3,0.507
87.68,31966.2,34849.2,-0.1736,-0.3697,146.1,97.3,0.507
87.7,31897.8,34802.6,-0.5247,-0.4845,146.1,97.3,0.507
87.72,31821.3,34696.3,-0.917,-0.7461,146.1,97.3,0.507
87.74,31800.7,34643.9,-1.0227,-0.8751,146.1,97.3,0.507
87.76,31870.6,34613.0,-0.6642,-0.9513,146.1,97.3,0.507
87.78,31847.7,34606.7,-0.7819,-0.9668,146.1,97.3,0.507
87.8,31756.8,34559.1,-1.2484,-1.0839,146.1,97.3,0.507
87.82,31732.2,34469.1,-1.3747,-1.3054,146.1,97.3,0.507
87.84,31714.6,34493.7,-1.4646,-1.245,146.1,97.3,0.507
87.86,31852.9,34594.7,-0.755,-0.9963,146.1,97.3,0.507
87.88,31976.5,34898.9,-0.1207,-0.2474,146.1,97.3,0.507
87.9,32043.3,35231.1,0.2223,0.5705,146.1,97.3,0.507
87.92,32218.5,35612.1,1.1216,1.5085,146.1,97.3,0.507
87.94,32403.9,35808.3,2.0729,1.9917,146.1,97.3,0.507
87.96,32334.5,35607.2,1.7171,1.4965,146.1,97.3,0.507
87.98,32387.0,35534.6,1.9863,1.3178,146.1,97.3,0.507
88.0,32101.6,35363.8,0.5217,0.8972,146.1,97.3,0.507
88.02,32130.6,35288.2,0.6705,0.7112,146.1,97.3,0.507
88.04,32014.7,35168.1,0.0755,0.4155,146.1,97.3,0.507
88.06,32024.5,35087.2,0.126,0.2162,146.1,97.3,0.507
88.08,31967.1,35032.4,-0.1689,0.0813,146.1,97.3,0.507
88.1,31958.1,34845.0,-0.2152,-0.3801,146.1,97.3,0.507
88.12,31866.4,34771.7,-0.6856,-0.5606,146.1,97.3,0.507
88.14,31926.9,34602.4,-0.3754,-0.9772,146.1,97.3,0.507
88.16,31786.5,34667.8,-1.0958,-0.8164,146.1,97.3,0.507
88.18,31927.5,34673.8,-0.3722,-0.8016,146.1,97.3,0.507
88.2,31909.0,34673.8,-0.4671,-0.8015,146.1,97.3,0.507
88.22,31782.3,34516.8,-1.1175,-1.1881,146.1,97.3,0.507
88.24,31755.0,34384.9,-1.2573,-1.5129,146.1,97.3,0.507
88.26,31734.1,34563.3,-1.3645,-1.0735,146.1,97.3,0.507
88.28,31919.8,34735.8,-0.4119,-0.6489,146.1,97.3,0.507
88.3,31999.6,35129.8,-0.0019,0.3211,146.1,97.3,0.507
88.32,32233.2,35366.6,1.1967,0.9042,146.1,97.3,0.507
88.34,32308.5,35680.4,1.5836,1.6768,146.1,97.3,0.507
88.36,32346.3,35712.5,1.7773,1.7557,146.1,97.3,0.507
88.38,32308.8,35592.6,1.5852,1.4606,146.1,97.3,0.507
88.4,32205.1,35431.7,1.0525,1.0646,146.1,97.3,0.507
88.42,32114.5,35278.2,0.5875,0.6865,146.1,97.3,0.507
88.44,32137.7,35036.1,0.7069,0.0904,146.1,97.3,0.507
88.46,32051.7,35087.2,0.2655,0.2164,146.1,97.3,0.507
88.48,32087.6,35022.0,0.4498,0.0559,146.1,97.3,0.507
88.5,31999.5,34931.4,-0.0023,-0.1673,146.1,97.3,0.507
88.52,31883.0,34905.1,-0.6003,-0.2319,146.1,97.3,0.507
88.54,31825.7,34711.0,-0.8945,-0.7098,146.1,97.3,0.507
88.56,31878.2,34648.9,-0.6249,-0.8627,146.1,97.3,0.507
88.58,31872.1,34643.3,-0.6565,-0.8766,146.1,97.3,0.507
88.6,31828.7,34577.2,-0.8793,-1.0393,146.1,97.3,0.507
88.62,31813.6,34496.5,-0.9568,-1.238,146.1,97.3,0.507
88.64,31886.3,34457.8,-0.5838,-1.3333,146.1,97.3,0.507
88.66,31748.4,34501.3,-1.2914,-1.2262,146.1,97.3,0.507
88.68,31743.9,34676.5,-1.3146,-0.7948,146.1,97.3,0.507
88.7,31922.4,34961.6,-0.3982,-0.0929,146.1,97.3,0.507
88.72,32141.4,35298.3,0.7258,0.7361,146.1,97.3,0.507
88.74,32207.3,35620.4,1.0641,1.5291,146.1,97.3,0.507
88.76,32419.7,35681.4,2.1541,1.6792,146.1,97.3,0.507
88.78,32401.2,35626.9,2.0593,1.545,146.1,97.3,0.507
88.8,32224.1,35489.0,1.1503,1.2056,146.1,97.3,0.507
88.82,32201.4,35322.6,1.0338,0.7959,146.1,97.3,0.507
88.84,31974.3,35224.1,-0.132,0.5533,146.1,97.3,0.507
88.86,32062.3,35130.1,0.3198,0.322,146.1,97.3,0.507
88.88,32063.4,35138.0,0.3255,0.3414,146.1,97.3,0.507
88.9,31946.2,34977.5,-0.2762,-0.0537,146.1,97.3,0.507
88.92,31924.1,34946.6,-0.3893,-0.1298,146.1,97.3,0.507
88.94,31886.6,34716.7,-0.5822,-0.6958,146.1,97.3,0.507
88.96,31887.3,34745.4,-0.5785,-0.6252,146.1,97.3,0.507
88.98,31874.5,34636.4,-0.6442,-0.8935,146.1,97.3,0.507
89.0,31856.1,34625.2,-0.7384,-0.9212,146.1,97.3,0.507
89.02,31836.9,34651.6,-0.837,-0.8561,146.1,97.3,0.507
89.04,31755.6,34453.9,-1.2546,-1.3428,146.1,97.3,0.507
89.06,31795.1,34500.7,-1.0518,-1.2276,146.1,97.3,0.507
89.08,31851.8,34522.9,-0.7608,-1.1729,146.1,97.3,0.507
89.1,31868.3,34649.4,-0.676,-0.8616,146.1,97.3,0.507
89.12,32030.8,35084.5,0.158,0.2097,146.1,97.3,0.507
89.14,32285.9,35438.3,1.4676,1.0808,146.1,97.3,0.507
89.16,32400.1,35732.9,2.0535,1.8061,146.1,97.3,0.507
89.18,32333.9,35628.0,1.7139,1.5476,146.1,97.3,0.507
89.2,32348.8,35621.4,1.7904,1.5314,146.1,97.3,0.507
89.22,32202.0,35539.4,1.037,1.3296,146.1,97.3,0.507
89.24,32107.6,35158.9,0.5525,0.3929,146.1,97.3,0.507
89.26,32037.1,35145.7,0.1905,0.3604,146.1,97.3,0.507
89.28,32043.2,35068.0,0.2216,0.1691,146.1,97.3,0.507
89.3,32039.5,35008.3,0.2026,0.0222,146.1,97.3,0.507
89.32,31983.9,34931.4,-0.0827,-0.1673,146.1,97.3,0.507
89.34,31942.8,34878.4,-0.2938,-0.2978,146.1,97.3,0.507
89.36,31913.1,34861.9,-0.446,-0.3385,146.1,97.3,0.507
89.38,31861.3,34692.4,-0.7119,-0.7557,146.1,97.3,0.507
89.4,31848.4,34713.7,-0.7782,-0.7033,146.1,97.3,0.507
89.42,31765.0,34682.6,-1.206,-0.7799,146.1,97.3,0.507
89.44,31783.1,34648.8,-1.1133,-0.8632,146.1,97.3,0.507
89.46,31773.6,34415.2,-1.1621,-1.4383,146.1,97.3,0.507
89.48,31661.2,34630.0,-1.7386,-0.9095,146.1,97.3,0.507
89.5,31780.4,34586.9,-1.1268,-1.0154,146.1,97.3,0.507
89.52,31848.5,34803.5,-0.7776,-0.4822,146.1,97.3,0.507
89.54,32079.0,35267.7,0.4053,0.6606,146.1,97.3,0.507
89.56,32253.7,35495.5,1.302,1.2215,146.1,97.3,0.507
89.58,32407.8,35800.5,2.0933,1.9725,146.1,97.3,0.507
89.6,32341.1,35735.1,1.7508,1.8115,146.1,97.3,0.507
89.62,32275.3,35544.7,1.4131,1.3427,146.1,97.3,0.507
89.64,32150.0,35372.8,0.77,0.9195,146.1,97.3,0.507
89.66,32182.1,35247.3,0.9347,0.6105,146.1,97.3,0.507
89.68,32083.6,35113.0,0.4289,0.2798,146.1,97.3,0.507
89.7,32010.4,35042.5,0.0537,0.1063,146.1,97.3,0.507
89.72,31990.0,34959.0,-0.0515,-0.0993,146.1,97.3,0.507
89.74,31940.9,34862.2,-0.3033,-0.3377,146.1,97.3,0.507
89.76,31936.9,34795.8,-0.3237,-0.5011,146.1,97.3,0.507
89.78,31842.8,34675.6,-0.807,-0.7971,146.1,97.3,0.507
89.8,31887.3,34715.1,-0.5783,-0.6997,146.1,97.3,0.507
89.82,31778.4,34781.4,-1.1372,-0.5366,146.1,97.3,0.507
89.84,31736.4,34676.7,-1.3531,-0.7943,146.1,97.3,0.507
89.86,31752.1,34533.0,-1.2725,-1.1481,146.1,97.3,0.507
89.88,31777.8,34479.4,-1.1402,-1.2801,146.1,97.3,0.507
89.9,31774.9,34491.8,-1.1552,-1.2496,146.1,97.3,0.507
89.92,31856.2,34724.5,-0.738,-0.6766,146.1,97.3,0.507
89.94,31999.1,34992.7,-0.0048,-0.0164,146.1,97.3,0.507
89.96,32233.9,35442.6,1.2008,1.0913,146.1,97.3,0.507
89.98,32311.8,35765.9,1.6002,1.8872,146.1,97.3,0.507
90.0,32362.8,35810.5,1.8624,1.9971,146.1,97.3,0.507
90.02,32324.4,35657.6,1.6649,1.6206,146.1,97.3,0.507
90.04,32231.1,35428.4,1.186,1.0564,146.1,97.3,0.507
90.06,32156.2,35227.4,0.802,0.5616,146.1,97.3,0.507
90.08,32169.9,35082.8,0.8722,0.2055,146.1,97.3,0.507
90.1,32068.5,35122.9,0.3516,0.3042,146.1,97.3,0.507
90.12,31991.4,35013.7,-0.044,0.0353,146.1,97.3,0.507
90.14,31944.1,34920.6,-0.2869,-0.194,146.1,97.3,0.507
90.16,32044.2,34861.7,0.2271,-0.3389,146.1,97.3,0.507
90.18,31906.2,34719.0,-0.4816,-0.6902,146.1,97.3,0.507
90.2,31906.6,34682.5,-0.4792,-0.7802,146.1,97.3,0.507
90.22,31847.6,34563.8,-0.7821,-1.0724,146.1,97.3,0.507
90.24,31824.8,34548.1,-0.899,-1.111,146.1,97.3,0.507
90.26,31712.9,34655.2,-1.4733,-0.8474,146.1,97.3,0.507
90.28,31763.4,34538.0,-1.2144,-1.1358,146.1,97.3,0.507
90.3,31756.0,34489.3,-1.2522,-1.2557,146.1,97.3,0.507
90.32,31753.1,34570.8,-1.2673,-1.0551,146.1,97.3,0.507
90.34,31893.6,34897.6,-0.5461,-0.2504,146.1,97.3,0.507
90.36,32202.5,35189.9,1.0393,0.4692,146.1,97.3,0.507
90.38,32263.1,35544.5,1.3502,1.3421,146.1,97.3,0.507
90.4,32373.0,35739.1,1.9145,1.8214,146.1,97.3,0.507
90.42,32322.5,35697.2,1.6552,1.7181,146.1,97.3,0.507
90.44,32206.8,35632.3,1.0612,1.5583,146.1,97.3,0.507
90.46,32036.0,35394.3,0.1847,0.9724,146.1,97.3,0.507
90.48,32122.8,35236.6,0.6301,0.5841,146.1,97.3,0.507
90.5,32113.9,35080.4,0.5848,0.1995,146.1,97.3,0.507
90.52,31968.8,35114.4,-0.16,0.2832,146.1,97.3,0.507
90.54,32020.9,34963.5,0.1071,-0.0883,146.1,97.3,0.507
90.56,32032.7,34902.3,0.1677,-0.239,146.1,97.3,0.507
90.58,31947.6,34777.4,-0.2688,-0.5464,146.1,97.3,0.507
90.6,31907.0,34742.7,-0.4775,-0.632,146.1,97.3,0.507
90.62,31769.0,34646.6,-1.1857,-0.8685,146.1,97.3,0.507
90.64,31863.6,34671.9,-0.6998,-0.8063,146.1,97.3,0.507
90.66,31753.6,34660.4,-1.2647,-0.8345,146.1,97.3,0.507
90.68,31738.0,34450.1,-1.3447,-1.3523,146.1,97.3,0.507
90.7,31764.3,34521.8,-1.2096,-1.1758,146.1,97.3,0.507
90.72,31784.6,34537.4,-1.1056,-1.1374,146.1,97.3,0.507
90.74,31833.2,34629.8,-0.856,-0.9098,146.1,97.3,0.507
90.76,32004.5,34954.8,0.0232,-0.1096,146.1,97.3,0.507
90.78,32110.0,35390.4,0.5646,0.9629,146.1,97.3,0.507
90.8,32332.6,35621.9,1.7069,1.5328,146.1,97.3,0.507
90.82,32392.2,35716.8,2.0131,1.7664,146.1,97.3,0.507
90.84,32269.3,35720.7,1.3824,1.7761,146.1,97.3,0.507
90.86,32179.8,35479.6,0.9227,1.1824,146.1,97.3,0.507
90.88,32081.3,35338.1,0.4173,0.834,146.1,97.3,0.507
90.9,32108.8,35162.2,0.5585,0.401,146.1,97.3,0.507
90.92,32014.7,35103.2,0.0752,0.2558,146.1,97.3,0.507
90.94,32060.0,35065.7,0.3082,0.1633,146.1,97.3,0.507
90.96,31975.2,34931.2,-0.1274,-0.1677,146.1,97.3,0.507
90.98,32011.7,34868.0,0.0599,-0.3234,146.1,97.3,0.507
91.0,31905.6,34782.7,-0.4846,-0.5335,146.1,97.3,0.507
91.02,31794.0,34638.8,-1.0572,-0.8876,146.1,97.3,0.507
91.04,31844.9,34710.3,-0.7959,-0.7117,146.1,97.3,0.507
91.06,31678.5,34617.6,-1.6499,-0.9399,146.1,97.3,0.507
91.08,31762.3,34641.9,-1.2202,-0.8801,146.1,97.3,0.507
91.1,31803.8,34502.8,-1.0072,-1.2226,146.1,97.3,0.507
91.12,31812.0,34406.1,-0.965,-1.4605,146.1,97.3,0.507
91.14,31754.7,34560.6,-1.2589,-1.0803,146.1,97.3,0.507
91.16,31921.0,34815.9,-0.4054,-0.4517,146.1,97.3,0.507
91.18,32037.1,35181.2,0.1906,0.4477,146.1,97.3,0.507
91.2,32248.5,35504.6,1.2753,1.244,146.1,97.3,0.507
91.22,32307.6,35689.8,1.5788,1.6999,146.1,97.3,0.507
91.24,32337.3,35718.0,1.7311,1.7693,146.1,97.3,0.507
91.26,32290.4,35509.2,1.4908,1.2553,146.1,97.3,0.507
91.28,32082.7,35389.1,0.4243,0.9597,146.1,97.3,0.507
91.3,32088.3,35227.6,0.4533,0.5619,146.1,97.3,0.507
91.32,32085.8,35115.7,0.4406,0.2865,146.1,97.3,0.507
91.34,31928.9,35038.4,-0.365,0.0963,146.1,97.3,0.507
91.36,31962.6,35033.1,-0.1919,0.0832,146.1,97.3,0.507
91.38,31945.5,34908.3,-0.2795,-0.2241,146.1,97.3,0.507
91.4,31908.4,34901.0,-0.4699,-0.2421,146.1,97.3,0.507
91.42,31785.9,34659.4,-1.0988,-0.837,146.1,97.3,0.507
91.44,31846.3,34659.4,-0.7888,-0.8368,146.1,97.3,0.507
91.46,31876.9,34625.8,-0.6318,-0.9196,146.1,97.3,0.507
91.48,31764.5,34524.5,-1.2088,-1.169,146.1,97.3,0.507
91.5,31788.8,34516.7,-1.0838,-1.1882,146.1,97.3,0.507
91.52,31707.7,34516.6,-1.5001,-1.1884,146.1,97.3,0.507
91.54,31816.2,34563.9,-0.9431,-1.0721,146.1,97.3,0.507
91.56,31794.8,34671.1,-1.0529,-0.8082,146.1,97.3,0.507
91.58,31950.3,34927.5,-0.2549,-0.1769,146.1,97.3,0.507
91.6,32225.6,35388.6,1.1582,0.9584,146.1,97.3,0.507
91.62,32305.9,35653.4,1.5703,1.6102,146.1,97.3,0.507
91.64,32375.6,35752.0,1.9278,1.853,146.1,97.3,0.507
91.66,32194.7,35654.0,0.9995,1.6118,146.1,97.3,0.507
91.68,32242.2,35451.4,1.243,1.1131,146.1,97.3,0.507
91.7,32101.0,35260.3,0.5186,0.6424,146.1,97.3,0.507
91.72,32018.5,35110.4,0.0948,0.2734,146.1,97.3,0.507
91.74,32104.5,35101.7,0.5365,0.2521,146.1,97.3,0.507
91.76,32025.3,35099.5,0.1298,0.2467,146.1,97.3,0.507
91.78,32050.4,34887.7,0.2587,-0.275,146.1,97.3,0.507
91.8,31929.3,34788.7,-0.3629,-0.5186,146.1,97.3,0.507
91.82,31955.3,34700.3,-0.2294,-0.7363,146.1,97.3,0.507
91.84,31759.9,34726.6,-1.2325,-0.6714,146.1,97.3,0.507
91.86,31840.2,34703.2,-0.8199,-0.7292,146.1,97.3,0.507
91.88,31890.8,34692.5,-0.5605,-0.7555,146.1,97.3,0.507
91.9,31828.9,34642.0,-0.8781,-0.8799,146.1,97.3,0.507
91.92,31797.5,34456.8,-1.0391,-1.3358,146.1,97.3,0.507
91.94,31764.7,34491.5,-1.2077,-1.2502,146.1,97.3,0.507
91.96,31775.2,34552.1,-1.1537,-1.1011,146.1,97.3,0.507
91.98,31949.3,34769.0,-0.2604,-0.5671,146.1,97.3,0.507
92.0,32074.8,35162.2,0.3842,0.4008,146.1,97.3,0.507
92.02,32163.2,35548.3,0.8378,1.3514,146.1,97.3,0.507
92.04,32300.8,35702.2,1.5438,1.7303,146.1,97.3,0.507
92.06,32271.0,35739.2,1.3912,1.8216,146.1,97.3,0.507
92.08,32231.9,35582.2,1.1904,1.4351,146.1,97.3,0.507
92.1,32160.2,35487.4,0.8225,1.2015,146.1,97.3,0.507
92.12,32022.1,35303.5,0.1135,0.7488,146.1,97.3,0.507
92.14,32036.2,35191.3,0.1858,0.4726,146.1,97.3,0.507
92.16,32075.2,35112.3,0.3861,0.278,146.1,97.3,0.507
92.18,31966.8,35120.0,-0.1705,0.297,146.1,97.3,0.507
92.2,32024.4,34883.5,0.1252,-0.2851,146.1,97.3,0.507
92.22,31882.5,34727.7,-0.603,-0.6689,146.1,97.3,0.507
92.24,31779.1,34727.8,-1.1336,-0.6686,146.1,97.3,0.507
92.26,31872.6,34627.1,-0.6538,-0.9164,146.1,97.3,0.507
92.28,31844.8,34673.0,-0.7966,-0.8035,146.1,97.3,0.507
92.3,31757.2,34621.7,-1.246,-0.9297,146.1,97.3,0.507
92.32,31716.5,34547.8,-1.4552,-1.1116,146.1,97.3,0.507
92.34,31677.2,34461.9,-1.6565,-1.3231,146.1,97.3,0.507
92.36,31780.2,34478.8,-1.128,-1.2815,146.1,97.3,0.507
92.38,31724.2,34579.8,-1.4157,-1.0328,146.1,97.3,0.507
92.4,32002.3,35034.3,0.0121,0.0861,146.1,97.3,0.507
92.42,32183.2,35321.4,0.9404,0.7929,146.1,97.3,0.507
92.44,32290.8,35660.7,1.4928,1.6283,146.1,97.3,0.507
92.46,32431.2,35789.4,2.213,1.945,146.1,97.3,0.507
92.48,32296.8,35650.7,1.5233,1.6037,146.1,97.3,0.507
92.5,32217.0,35517.9,1.1141,1.2766,146.1,97.3,0.507
92.52,32125.7,35285.0,0.6454,0.7033,146.1,97.3,0.507
92.54,32072.3,35229.2,0.3712,0.5659,146.1,97.3,0.507
92.56,32048.6,35176.9,0.2496,0.4373,146.1,97.3,0.507
92.58,32049.8,35046.9,0.2559,0.1172,146.1,97.3,0.507
92.6,32066.3,34988.4,0.3402,-0.0269,146.1,97.3,0.507
92.62,31987.0,34892.0,-0.0668,-0.2643,146.1,97.3,0.507
92.64,31978.9,34746.5,-0.1085,-0.6225,146.1,97.3,0.507
92.66,31809.5,34686.0,-0.9775,-0.7716,146.1,97.3,0.507
92.68,31834.8,34679.2,-0.8478,-0.7883,146.1,97.3,0.507
92.7,31857.2,34638.5,-0.7329,-0.8884,146.1,97.3,0.507
92.72,31873.5,34637.5,-0.649,-0.8908,146.1,97.3,0.507
92.74,31825.9,34523.7,-0.8934,-1.1712,146.1,97.3,0.507
92.76,31820.6,34418.7,-0.9209,-1.4297,146.1,97.3,0.507
92.78,31837.2,34495.8,-0.8358,-1.2398,146.1,97.3,0.507
92.8,31985.3,34774.1,-0.0752,-0.5546,146.1,97.3,0.507
92.82,32100.4,35135.8,0.5152,0.3359,146.1,97.3,0.507
92.84,32195.6,35458.9,1.0037,1.1315,146.1,97.3,0.507
92.86,32310.7,35667.0,1.5949,1.6439,146.1,97.3,0.507
92.88,32412.5,35749.7,2.1173,1.8475,146.1,97.3,0.507
92.9,32272.2,35630.6,1.3972,1.5541,146.1,97.3,0.507
92.92,32219.0,35332.5,1.124,0.8203,146.1,97.3,0.507
92.94,32179.8,35169.1,0.9228,0.4179,146.1,97.3,0.507
92.96,32087.9,35233.9,0.4511,0.5776,146.1,97.3,0.507
92.98,32054.3,35025.4,0.2786,0.0642,146.1,97.3,0.507
93.0,32017.9,35033.5,0.0921,0.0842,146.1,97.3,0.507
93.02,31930.1,34950.1,-0.3585,-0.1213,146.1,97.3,0.507
93.04,31881.3,34822.9,-0.6091,-0.4345,146.1,97.3,0.507
93.06,31951.1,34744.7,-0.2509,-0.6269,146.1,97.3,0.507
93.08,31862.4,34724.2,-0.706,-0.6773,146.1,97.3,0.507
93.1,31945.1,34677.5,-0.282,-0.7925,146.1,97.3,0.507
93.12,31830.5,34561.9,-0.8701,-1.0771,146.1,97.3,0.507
93.14,31853.4,34555.0,-0.7525,-1.0941,146.1,97.3,0.507
93.16,31778.2,34430.4,-1.1383,-1.4008,146.1,97.3,0.507
93.18,31726.5,34492.8,-1.4038,-1.2471,146.1,97.3,0.507
93.2,31878.6,34630.6,-0.623,-0.9078,146.1,97.3,0.507
93.22,31944.2,34939.3,-0.2866,-0.1478,146.1,97.3,0.507
93.24,32085.4,35334.0,0.4386,0.8239,146.1,97.3,0.507
93.26,32256.4,35504.5,1.3161,1.2436,146.1,97.3,0.507
93.28,32445.6,35764.5,2.287,1.8839,146.1,97.3,0.507
93.3,32307.6,35600.9,1.579,1.4811,146.1,97.3,0.507
93.32,32271.8,35485.3,1.3949,1.1964,146.1,97.3,0.507
93.34,32167.1,35349.8,0.8578,0.8629,146.1,97.3,0.507
93.36,31997.2,35144.9,-0.0145,0.3584,146.1,97.3,0.507
93.38,32088.8,35159.6,0.4558,0.3945,146.1,97.3,0.507
93.4,32110.1,35067.6,0.5649,0.168,146.1,97.3,0.507
93.42,31911.1,34970.6,-0.4563,-0.0708,146.1,97.3,0.507
93.44,31930.7,34862.5,-0.3554,-0.337,146.1,97.3,0.507
93.46,31832.9,34838.0,-0.8578,-0.3973,146.1,97.3,0.507
93.48,31886.0,34704.5,-0.5852,-0.726,146.1,97.3,0.507
93.5,31915.2,34675.8,-0.4351,-0.7967,146.1,97.3,0.507
93.52,31831.0,34618.5,-0.8672,-0.9376,146.1,97.3,0.507
93.54,31824.9,34584.6,-0.8985,-1.0211,146.1,97.3,0.507
93.56,31740.5,34479.6,-1.3317,-1.2796,146.1,97.3,0.507
93.58,31795.7,34494.4,-1.0486,-1.2433,146.1,97.3,0.507
93.6,31691.9,34492.5,-1.5812,-1.2478,146.1,97.3,0.507
93.62,31846.1,34733.6,-0.7898,-0.6544,146.1,97.3,0.507
93.64,32061.9,35105.2,0.3175,0.2606,146.1,97.3,0.507
93.66,32218.8,35452.3,1.1232,1.1151,146.1,97.3,0.507
93.68,32337.5,35691.9,1.7321,1.7051,146.1,97.3,0.507
93.7,32310.8,35763.2,1.5951,1.8806,146.1,97.3,0.507
93.72,32313.9,35585.2,1.6113,1.4425,146.1,97.3,0.507
93.74,32216.5,35448.2,1.111,1.1051,146.1,97.3,0.507
93.76,32138.4,35112.0,0.7103,0.2774,146.1,97.3,0.507
93.78,31970.6,35117.5,-0.1508,0.2909,146.1,97.3,0.507
93.8,32003.1,35110.0,0.016,0.2725,146.1,97.3,0.507
93.82,31943.1,34991.4,-0.2923,-0.0196,146.1,97.3,0.507
93.84,32006.9,34920.5,0.0355,-0.1941,146.1,97.3,0.507
93.86,31916.0,34820.8,-0.4309,-0.4396,146.1,97.3,0.507
93.88,31901.3,34742.3,-0.5067,-0.633,146.1,97.3,0.507
93.9,31877.6,34652.2,-0.6284,-0.8546,146.1,97.3,0.507
93.92,31762.8,34736.0,-1.2174,-0.6483,146.1,97.3,0.507
93.94,31860.6,34642.0,-0.7155,-0.8797,146.1,97.3,0.507
93.96,31841.2,34647.5,-0.8149,-0.8662,146.1,97.3,0.507
93.98,31766.3,34450.3,-1.1993,-1.3519,146.1,97.3,0.507
94.0,31763.2,34402.2,-1.2152,-1.4701,146.1,97.3,0.507
94.02,31774.6,34571.3,-1.157,-1.0538,146.1,97.3,0.507
94.04,32025.3,34837.7,0.1298,-0.398,146.1,97.3,0.507
94.06,32104.6,35277.6,0.5369,0.685,146.1,97.3,0.507
94.08,32231.0,35696.9,1.1855,1.7173,146.1,97.3,0.507
94.1,32392.4,35746.4,2.0139,1.8393,146.1,97.3,0.507
94.12,32258.4,35689.7,1.3265,1.6997,146.1,97.3,0.507
94.14,32345.3,35612.4,1.7723,1.5092,146.1,97.3,0.507
94.16,32141.6,35334.3,0.7268,0.8247,146.1,97.3,0.507
94.18,32067.2,35222.8,0.3451,0.5502,146.1,97.3,0.507
94.2,32010.2,35109.5,0.0524,0.2713,146.1,97.3,0.507
94.22,31957.2,35041.5,-0.2195,0.1037,146.1,97.3,0.507
94.24,32017.0,34940.5,0.0871,-0.1449,146.1,97.3,0.507
94.26,31925.1,34967.9,-0.3843,-0.0775,146.1,97.3,0.507
94.28,31917.7,34697.6,-0.4224,-0.7429,146.1,97.3,0.507
94.3,31871.0,34666.8,-0.662,-0.8187,146.1,97.3,0.507
94.32,31839.1,34722.5,-0.8256,-0.6816,146.1,97.3,0.507
94.34,31830.0,34662.1,-0.8726,-0.8302,146.1,97.3,0.507
94.36,31805.6,34575.7,-0.9976,-1.0431,146.1,97.3,0.507
94.38,31850.6,34535.4,-0.7669,-1.1421,146.1,97.3,0.507
94.4,31844.2,34477.6,-0.7998,-1.2846,146.1,97.3,0.507
94.42,31720.2,34466.4,-1.4362,-1.3121,146.1,97.3,0.507
94.44,31756.9,34737.5,-1.2478,-0.6446,146.1,97.3,0.507
94.46,32114.8,35119.6,0.5895,0.296,146.1,97.3,0.507
94.48,32212.4,35552.2,1.0899,1.3611,146.1,97.3,0.507
94.5,32256.8,35711.1,1.3183,1.7524,146.1,97.3,0.507
94.52,32390.9,35767.8,2.0066,1.892,146.1,97.3,0.507
94.54,32305.8,35647.9,1.5696,1.5967,146.1,97.3,0.507
94.56,32129.3,35414.1,0.6636,1.0212,146.1,97.3,0.507
94.58,32119.7,35321.6,0.6146,0.7934,146.1,97.3,0.507
94.6,32081.6,35161.6,0.4189,0.3995,146.1,97.3,0.507
94.62,32056.4,35164.6,0.2895,0.4069,146.1,97.3,0.507
94.64,31917.7,34966.4,-0.4225,-0.0811,146.1,97.3,0.507
94.66,32030.8,34952.7,0.1582,-0.1149,146.1,97.3,0.507
94.68,31887.9,34861.3,-0.5754,-0.3399,146.1,97.3,0.507
94.7,31923.6,34750.0,-0.392,-0.614,146.1,97.3,0.507
94.72,31889.1,34736.9,-0.5694,-0.6462,146.1,97.3,0.507
94.74,31828.9,34621.8,-0.8781,-0.9294,146.1,97.3,0.507
94.76,31846.2,34558.9,-0.7895,-1.0843,146.1,97.3,0.507
94.78,31803.8,34559.5,-1.007,-1.083,146.1,97.3,0.507
94.8,31713.9,34441.5,-1.4683,-1.3735,146.1,97.3,0.507
94.82,31731.1,34431.1,-1.3804,-1.3991,146.1,97.3,0.507
94.84,31721.1,34644.1,-1.4314,-0.8747,146.1,97.3,0.507
94.86,31881.7,34887.3,-0.6069,-0.2758,146.1,97.3,0.507
94.88,32185.2,35262.6,0.9504,0.6482,146.1,97.3,0.507
94.9,32177.9,35598.3,0.9133,1.4747,146.1,97.3,0.507
94.92,32313.2,35671.4,1.6076,1.6547,146.1,97.3,0.507
94.94,32406.2,35738.8,2.0849,1.8206,146.1,97.3,0.507
94.96,32224.7,35541.4,1.1533,1.3345,146.1,97.3,0.507
94.98,32208.4,35366.0,1.0698,0.9028,146.1,97.3,0.507
95.0,32083.3,35202.7,0.4274,0.5008,146.1,97.3,0.507
95.02,32077.1,35130.7,0.3959,0.3234,146.1,97.3,0.507
95.04,32025.4,35139.4,0.1302,0.3448,146.1,97.3,0.507
95.06,32033.4,34989.2,0.1716,-0.025,146.1,97.3,0.507
95.08,31909.8,34878.1,-0.4627,-0.2984,146.1,97.3,0.507
95.1,31989.2,34703.2,-0.0554,-0.7291,146.1,97.3,0.507
95.12,31932.2,34667.9,-0.3478,-0.8161,146.1,97.3,0.507
95.14,31921.5,34733.1,-0.4031,-0.6554,146.1,97.3,0.507
95.16,31898.1,34656.3,-0.523,-0.8446,146.1,97.3,0.507
95.18,31877.2,34563.8,-0.6304,-1.0724,146.1,97.3,0.507
95.2,31804.0,34548.4,-1.0062,-1.1103,146.1,97.3,0.507
95.22,31754.8,34451.4,-1.2585,-1.3491,146.1,97.3,0.507
95.24,31713.6,34436.4,-1.4701,-1.3861,146.1,97.3,0.507
95.26,31776.5,34681.9,-1.1469,-0.7816,146.1,97.3,0.507
95.28,32077.9,35108.1,0.3997,0.2679,146.1,97.3,0.507
95.3,32242.5,35437.6,1.2449,1.0791,146.1,97.3,0.507
95.32,32288.5,35704.6,1.4807,1.7363,146.1,97.3,0.507
95.34,32287.2,35763.2,1.4743,1.8807,146.1,97.3,0.507
95.36,32418.0,35704.3,2.1457,1.7357,146.1,97.3,0.507
95.38,32212.3,35330.1,1.0897,0.8142,146.1,97.3,0.507
95.4,32105.8,35275.8,0.543,0.6807,146.1,97.3,0.507
95.42,32085.5,35155.8,0.439,0.3851,146.1,97.3,0.507
95.44,32062.3,35048.0,0.32,0.1199,146.1,97.3,0.507
95.46,31942.9,34985.8,-0.2928,-0.0333,146.1,97.3,0.507
95.48,32011.2,34998.6,0.0576,-0.0018,146.1,97.3,0.507
95.5,31878.6,34855.2,-0.6231,-0.3548,146.1,97.3,0.507
95.52,31767.2,34683.4,-1.1948,-0.778,146.1,97.3,0.507
95.54,31874.9,34722.8,-0.6423,-0.6808,146.1,97.3,0.507
95.56,31808.1,34673.3,-0.9849,-0.8028,146.1,97.3,0.507
95.58,31761.9,34661.3,-1.2219,-0.8323,146.1,97.3,0.507
95.6,31863.1,34532.2,-0.7028,-1.1501,146.1,97.3,0.507
95.62,31737.5,34474.7,-1.347,-1.2916,146.1,97.3,0.507
95.64,31826.2,34525.6,-0.8922,-1.1663,146.1,97.3,0.507
95.66,31899.4,34522.8,-0.5161,-1.1733,146.1,97.3,0.507
95.68,31921.4,34876.3,-0.4033,-0.3028,146.1,97.3,0.507
95.7,32178.2,35174.7,0.9146,0.4318,146.1,97.3,0.507
95.72,32295.1,35558.1,1.5145,1.3757,146.1,97.3,0.507
95.74,32389.0,35747.1,1.9967,1.841,146.1,97.3,0.507
95.76,32307.1,35622.4,1.5764,1.534,146.1,97.3,0.507
95.78,32220.2,35523.7,1.1302,1.291,146.1,97.3,0.507
95.8,32038.3,35381.0,0.1965,0.9396,146.1,97.3,0.507
95.82,32059.5,35099.8,0.3055,0.2472,146.1,97.3,0.507
95.84,32004.0,35140.2,0.0206,0.3469,146.1,97.3,0.507
95.86,32069.4,34994.2,0.3562,-0.0128,146.1,97.3,0.507
95.88,32031.7,34929.7,0.1628,-0.1716,146.1,97.3,0.507
95.9,31925.5,34879.1,-0.3823,-0.2961,146.1,97.3,0.507
95.92,31870.7,34794.9,-0.6636,-0.5032,146.1,97.3,0.507
95.94,31840.7,34608.5,-0.8174,-0.9622,146.1,97.3,0.507
95.96,31816.1,34629.6,-0.9438,-0.9104,146.1,97.3,0.507
95.98,31837.1,34677.3,-0.8362,-0.793,146.1,97.3,0.507
96.0,31887.0,34595.1,-0.5801,-0.9953,146.1,97.3,0.507
96.02,31772.0,34541.6,-1.1702,-1.1269,146.1,97.3,0.507
96.04,31712.8,34473.4,-1.474,-1.2949,146.1,97.3,0.507
96.06,31714.7,34477.0,-1.464,-1.2859,146.1,97.3,0.507
96.08,31840.6,34679.4,-0.8181,-0.7878,146.1,97.3,0.507
96.1,31987.0,35027.7,-0.0665,0.0699,146.1,97.3,0.507
96.12,32165.9,35333.0,0.8515,0.8214,146.1,97.3,0.507
96.14,32287.2,35776.3,1.474,1.9128,146.1,97.3,0.507
96.16,32314.5,35748.3,1.6144,1.8439,146.1,97.3,0.507
96.18,32394.8,35739.7,2.0263,1.8229,146.1,97.3,0.507
96.2,32240.2,35519.2,1.2328,1.2799,146.1,97.3,0.507
96.22,32123.7,35274.2,0.6351,0.6767,146.1,97.3,0.507
96.24,32061.5,35127.8,0.3159,0.3162,146.1,97.3,0.507
96.26,31976.7,35055.5,-0.1195,0.1382,146.1,97.3,0.507
96.28,32026.9,34979.6,0.138,-0.0486,146.1,97.3,0.507
96.3,31974.8,35001.3,-0.1292,0.0047,146.1,97.3,0.507
96.32,31917.9,34774.1,-0.4214,-0.5546,146.1,97.3,0.507
96.34,31835.1,34780.3,-0.8461,-0.5394,146.1,97.3,0.507
96.36,31748.6,34737.7,-1.2903,-0.6442,146.1,97.3,0.507
96.38,31908.7,34648.0,-0.4687,-0.8649,146.1,97.3,0.507
96.4,31863.2,34616.2,-0.702,-0.9434,146.1,97.3,0.507
96.42,31732.1,34572.9,-1.375,-1.0499,146.1,97.3,0.507
96.44,31781.0,34496.5,-1.1242,-1.238,146.1,97.3,0.507
96.46,31762.5,34404.0,-1.2188,-1.4657,146.1,97.3,0.507
96.48,31825.1,34624.9,-0.8975,-0.9218,146.1,97.3,0.507
96.5,31861.2,34891.8,-0.7124,-0.2648,146.1,97.3,0.507
96.52,32007.0,35185.2,0.0359,0.4575,146.1,97.3,0.507
96.54,32156.4,35542.3,0.8026,1.3367,146.1,97.3,0.507
96.56,32373.0,35707.3,1.9147,1.7429,146.1,97.3,0.507
96.58,32289.3,35757.1,1.4848,1.8657,146.1,97.3,0.507
96.6,32259.5,35679.0,1.3318,1.6734,146.1,97.3,0.507
96.62,32107.8,35432.6,0.5536,1.0667,146.1,97.3,0.507
96.64,32093.3,35262.3,0.4791,0.6475,146.1,97.3,0.507
96.66,32026.4,35090.9,0.1353,0.2254,146.1,97.3,0.507
96.68,31967.6,35139.4,-0.1663,0.3447,146.1,97.3,0.507
96.7,31996.8,35011.3,-0.0165,0.0294,146.1,97.3,0.507
96.72,32003.1,34925.5,0.016,-0.1817,146.1,97.3,0.507
96.74,31854.6,34747.9,-0.7461,-0.619,146.1,97.3,0.507
96.76,31791.8,34780.5,-1.0686,-0.5387,146.1,97.3,0.507
96.78,31824.1,34647.9,-0.9027,-0.8653,146.1,97.3,0.507
96.8,31866.3,34543.2,-0.6862,-1.1231,146.1,97.3,0.507
96.82,31850.8,34593.0,-0.7659,-1.0004,146.1,97.3,0.507
96.84,31660.0,34537.6,-1.745,-1.1369,146.1,97.3,0.507
96.86,31740.8,34364.6,-1.3304,-1.5627,146.1,97.3,0.507
96.88,31773.7,34489.6,-1.1616,-1.255,146.1,97.3,0.507
96.9,31782.8,34597.2,-1.1147,-0.9901,146.1,97.3,0.507
96.92,32034.1,35043.8,0.1748,0.1095,146.1,97.3,0.507
96.94,32197.8,35359.3,1.0155,0.8862,146.1,97.3,0.507
96.96,32287.6,35697.3,1.476,1.7185,146.1,97.3,0.507
96.98,32354.4,35806.7,1.819,1.9876,146.1,97.3,0.507
97.0,32298.8,35647.1,1.5335,1.5947,146.1,97.3,0.507
97.02,32234.1,35490.9,1.2014,1.2101,146.1,97.3,0.507
97.04,32108.5,35244.8,0.5567,0.6044,146.1,97.3,0.507
97.06,32149.7,35126.4,0.7684,0.3129,146.1,97.3,0.507
97.08,32012.4,35043.3,0.0636,0.1083,146.1,97.3,0.507
97.1,32050.4,34981.6,0.2589,-0.0436,146.1,97.3,0.507
97.12,32003.0,34970.8,0.0154,-0.0703,146.1,97.3,0.507
97.14,31905.3,34801.1,-0.4859,-0.4882,146.1,97.3,0.507
97.16,31830.1,34838.0,-0.8721,-0.3972,146.1,97.3,0.507
97.18,31852.0,34768.6,-0.7596,-0.5681,146.1,97.3,0.507
97.2,31913.0,34683.0,-0.4465,-0.7788,146.1,97.3,0.507
97.22,31830.2,34612.6,-0.8714,-0.9522,146.1,97.3,0.507
97.24,31866.4,34616.0,-0.6858,-0.9439,146.1,97.3,0.507
97.26,31763.7,34511.8,-1.2126,-1.2003,146.1,97.3,0.507
97.28,31697.1,34503.6,-1.5547,-1.2206,146.1,97.3,0.507
97.3,31789.2,34619.5,-1.0818,-0.9352,146.1,97.3,0.507
97.32,32019.1,34692.8,0.0983,-0.7547,146.1,97.3,0.507
97.34,32069.5,35136.7,0.357,0.338,146.1,97.3,0.507
97.36,32230.9,35525.1,1.1853,1.2944,146.1,97.3,0.507
97.38,32403.4,35719.0,2.0706,1.7719,146.1,97.3,0.507
97.4,32377.6,35777.4,1.9381,1.9156,146.1,97.3,0.507
97.42,32262.3,35621.8,1.3464,1.5325,146.1,97.3,0.507
97.44,32128.1,35335.0,0.6574,0.8265,146.1,97.3,0.507
97.46,32024.3,35181.4,0.1249,0.4483,146.1,97.3,0.507
97.48,32031.2,35070.9,0.1603,0.1762,146.1,97.3,0.507
97.5,32046.3,35032.7,0.2376,0.0822,146.1,97.3,0.507
97.52,31933.4,34923.4,-0.3417,-0.187,146.1,97.3,0.507
97.54,31919.8,34946.8,-0.4115,-0.1295,146.1,97.3,0.507
97.56,32015.6,34873.2,0.08,-0.3106,146.1,97.3,0.507
97.58,31783.3,34693.4,-1.1121,-0.7532,146.1,97.3,0.507
97.6,31808.9,34734.5,-0.9807,-0.6521,146.1,97.3,0.507
97.62,31835.9,34717.4,-0.842,-0.6942,146.1,97.3,0.507
97.64,31829.3,34573.9,-0.8761,-1.0475,146.1,97.3,0.507
97.66,31828.8,34520.9,-0.8787,-1.178,146.1,97.3,0.507
97.68,31753.9,34355.1,-1.2631,-1.5861,146.1,97.3,0.507
97.7,31709.5,34461.1,-1.4908,-1.3251,146.1,97.3,0.507
97.72,31874.4,34646.0,-0.6446,-0.8699,146.1,97.3,0.507
97.74,31989.5,35009.0,-0.0538,0.0238,146.1,97.3,0.507
97.76,32160.7,35318.5,0.8251,0.7858,146.1,97.3,0.507
97.78,32405.5,35735.3,2.0811,1.812,146.1,97.3,0.507
97.8,32388.1,35715.1,1.9921,1.7623,146.1,97.3,0.507
97.82,32345.7,35692.8,1.7745,1.7073,146.1,97.3,0.507
97.84,32186.3,35479.3,0.9562,1.1816,146.1,97.3,0.507
97.86,32074.6,35249.4,0.3828,0.6157,146.1,97.3,0.507
97.88,32068.3,35187.8,0.3504,0.4639,146.1,97.3,0.507
97.9,32010.8,35119.3,0.0553,0.2953,146.1,97.3,0.507
97.92,31991.7,35003.3,-0.0423,0.0096,146.1,97.3,0.507
97.94,32004.5,35021.1,0.023,0.0534,146.1,97.3,0.507
97.96,31866.8,34883.1,-0.6837,-0.2861,146.1,97.3,0.507
97.98,31903.2,34731.6,-0.4966,-0.6592,146.1,97.3,0.507
98.0,31912.7,34649.3,-0.4479,-0.8618,146.1,97.3,0.507
98.02,31910.7,34732.3,-0.4585,-0.6574,146.1,97.3,0.507
98.04,31791.2,34554.7,-1.0716,-1.0946,146.1,97.3,0.507
98.06,31856.5,34653.1,-0.7367,-0.8525,146.1,97.3,0.507
98.08,31811.1,34414.3,-0.9697,-1.4404,146.1,97.3,0.507
98.1,31862.5,34491.3,-0.7055,-1.2509,146.1,97.3,0.507
98.12,31776.5,34522.2,-1.1473,-1.1747,146.1,97.3,0.507
98.14,31887.8,34854.1,-0.5761,-0.3577,146.1,97.3,0.507
98.16,32086.1,35116.2,0.442,0.2877,146.1,97.3,0.507
98.18,32231.2,35444.8,1.1868,1.0968,146.1,97.3,0.507
98.2,32438.8,35720.7,2.2523,1.776,146.1,97.3,0.507
98.22,32320.4,35683.3,1.6447,1.684,146.1,97.3,0.507
98.24,32302.4,35596.7,1.5523,1.4707,146.1,97.3,0.507
98.26,32126.9,35355.3,0.6515,0.8765,146.1,97.3,0.507
98.28,32043.3,35182.1,0.2223,0.4498,146.1,97.3,0.507
98.3,31952.7,35116.0,-0.2426,0.2873,146.1,97.3,0.507
98.32,31988.2,35110.1,-0.0606,0.2726,146.1,97.3,0.507
98.34,31974.5,35071.9,-0.1308,0.1785,146.1,97.3,0.507
98.36,31993.6,34855.5,-0.0328,-0.3543,146.1,97.3,0.507
98.38,31791.6,34822.7,-1.0695,-0.4348,146.1,97.3,0.507
98.4,31899.5,34673.6,-0.5158,-0.8021,146.1,97.3,0.507
98.42,31894.4,34702.8,-0.5419,-0.73,146.1,97.3,0.507
98.44,31771.2,34633.2,-1.1745,-0.9015,146.1,97.3,0.507
98.46,31843.6,34674.0,-0.8026,-0.801,146.1,97.3,0.507
98.48,31841.0,34534.6,-0.8162,-1.1442,146.1,97.3,0.507
98.5,31770.7,34455.0,-1.1771,-1.3401,146.1,97.3,0.507
98.52,31722.8,34466.3,-1.4229,-1.3123,146.1,97.3,0.507
98.54,31882.3,34756.7,-0.604,-0.5974,146.1,97.3,0.507
98.56,31925.6,34920.0,-0.382,-0.1954,146.1,97.3,0.507
98.58,32141.9,35332.3,0.7283,0.8196,146.1,97.3,0.507
98.6,32292.8,35599.6,1.5029,1.4779,146.1,97.3,0.507
98.62,32411.0,35803.8,2.1095,1.9807,146.1,97.3,0.507
98.64,32323.2,35687.8,1.6589,1.6949,146.1,97.3,0.507
98.66,32308.6,35467.7,1.5837,1.153,146.1,97.3,0.507
98.68,32197.7,35219.8,1.0147,0.5428,146.1,97.3,0.507
98.7,32117.8,35118.1,0.6049,0.2923,146.1,97.3,0.507
98.72,32035.3,34988.8,0.181,-0.026,146.1,97.3,0.507
98.74,32189.6,35079.1,0.9733,0.1963,146.1,97.3,0.507
98.76,31995.3,34990.4,-0.0242,-0.022,146.1,97.3,0.507
98.78,31923.2,34876.9,-0.3942,-0.3015,146.1,97.3,0.507
98.8,31868.2,34832.0,-0.6766,-0.4119,146.1,97.3,0.507
98.82,31834.4,34680.8,-0.85,-0.7843,146.1,97.3,0.507
98.84,31879.5,34665.3,-0.6185,-0.8224,146.1,97.3,0.507
98.86,31860.4,34694.6,-0.7166,-0.7503,146.1,97.3,0.507
98.88,31798.1,34601.9,-1.0364,-0.9785,146.1,97.3,0.507
98.9,31812.6,34503.7,-0.9617,-1.2204,146.1,97.3,0.507
98.92,31798.9,34534.6,-1.0323,-1.1443,146.1,97.3,0.507
98.94,31736.6,34547.7,-1.3518,-1.1121,146.1,97.3,0.507
98.96,31894.7,34693.4,-0.5403,-0.7533,146.1,97.3,0.507
98.98,32028.2,35122.2,0.1445,0.3026,146.1,97.3,0.507
99.0,32262.5,35472.0,1.3473,1.1637,146.1,97.3,0.507
99.02,32361.7,35691.0,1.8564,1.7028,146.1,97.3,0.507
99.04,32289.7,35741.2,1.487,1.8264,146.1,97.3,0.507
99.06,32298.7,35737.3,1.5334,1.8169,146.1,97.3,0.507
99.08,32228.2,35442.5,1.1716,1.0912,146.1,97.3,0.507
99.1,32118.1,35241.2,0.6065,0.5956,146.1,97.3,0.507
99.12,32016.2,35155.6,0.0831,0.3848,146.1,97.3,0.507
99.14,32010.3,35066.2,0.0527,0.1645,146.1,97.3,0.507
99.16,32027.9,35016.7,0.1433,0.0426,146.1,97.3,0.507
99.18,32026.9,34985.9,0.1379,-0.0331,146.1,97.3,0.507
99.2,31944.6,34797.6,-0.2842,-0.4967,146.1,97.3,0.507
99.22,31928.6,34736.7,-0.3666,-0.6467,146.1,97.3,0.507
99.24,31869.8,34695.5,-0.6683,-0.748,146.1,97.3,0.507
99.26,31822.4,34616.4,-0.9116,-0.9428,146.1,97.3,0.507
99.28,31825.7,34610.7,-0.8947,-0.9569,146.1,97.3,0.507
99.3,31787.2,34561.0,-1.0922,-1.0791,146.1,97.3,0.507
99.32,31734.5,34427.5,-1.3625,-1.4078,146.1,97.3,0.507
99.34,31647.0,34458.1,-1.8117,-1.3327,146.1,97.3,0.507
99.36,31831.8,34492.1,-0.8634,-1.2487,146.1,97.3,0.507
99.38,31925.9,34879.7,-0.3805,-0.2945,146.1,97.3,0.507
99.4,32212.3,35202.3,1.0897,0.4996,146.1,97.3,0.507
99.42,32384.4,35650.1,1.9732,1.6021,146.1,97.3,0.507
99.44,32422.4,35764.3,2.1678,1.8834,146.1,97.3,0.507
99.46,32347.6,35669.3,1.7842,1.6495,146.1,97.3,0.507
99.48,32201.0,35536.7,1.0316,1.323,146.1,97.3,0.507
99.5,32147.9,35316.9,0.7593,0.7818,146.1,97.3,0.507
99.52,32124.9,35203.7,0.6409,0.5032,146.1,97.3,0.507
99.54,32164.8,35077.0,0.8461,0.1912,146.1,97.3,0.507
99.56,32082.3,35032.6,0.4227,0.0819,146.1,97.3,0.507
99.58,32016.5,34960.2,0.0849,-0.0964,146.1,97.3,0.507
99.6,31936.5,34929.5,-0.326,-0.1719,146.1,97.3,0.507
99.62,31908.9,34761.9,-0.4678,-0.5846,146.1,97.3,0.507
99.64,31843.7,34652.7,-0.8019,-0.8535,146.1,97.3,0.507
99.66,31909.1,34636.7,-0.4665,-0.8929,146.1,97.3,0.507
99.68,31849.2,34699.2,-0.7738,-0.739,146.1,97.3,0.507
99.7,31864.8,34549.8,-0.6939,-1.1068,146.1,97.3,0.507
99.72,31699.9,34531.7,-1.5405,-1.1514,146.1,97.3,0.507
99.74,31805.1,34498.8,-1.0002,-1.2323,146.1,97.3,0.507
99.76,31774.3,34546.7,-1.1584,-1.1144,146.1,97.3,0.507
99.78,31860.6,34673.8,-0.7153,-0.8015,146.1,97.3,0.507
99.8,32095.3,35039.5,0.4893,0.0988,146.1,97.3,0.507
99.82,32148.6,35491.8,0.763,1.2125,146.1,97.3,0.507
99.84,32275.0,35709.8,1.4113,1.7492,146.1,97.3,0.507
99.86,32306.2,35771.7,1.5716,1.9015,146.1,97.3,0.507
99.88,32317.5,35696.7,1.6296,1.7169,146.1,97.3,0.507
99.9,32150.6,35413.0,0.7729,1.0183,146.1,97.3,0.507
99.92,32074.5,35261.2,0.3826,0.6448,146.1,97.3,0.507
99.94,32023.8,35217.7,0.1223,0.5377,146.1,97.3,0.507
99.96,32071.0,35082.3,0.3643,0.2043,146.1,97.3,0.507
99.98,32034.9,35011.8,0.1792,0.0308,146.1,97.3,0.507
100.0,31930.7,34878.4,-0.3555,-0.2978,146.1,97.3,0.507
100.02,31897.2,34851.7,-0.5277,-0.3636,146.1,97.3,0.507
100.04,31823.4,34645.7,-0.9064,-0.8708,146.1,97.3,0.507
100.06,31833.4,34714.1,-0.8551,-0.7023,146.1,97.3,0.507
100.08,31814.0,34592.8,-0.9548,-1.0008,146.1,97.3,0.507
100.1,31744.5,34631.2,-1.3114,-0.9064,146.1,97.3,0.507
100.12,31725.7,34529.9,-1.4077,-1.1558,146.1,97.3,0.507
100.14,31792.3,34372.0,-1.0659,-1.5444,146.1,97.3,0.507
100.16,31710.3,34442.2,-1.4867,-1.3717,146.1,97.3,0.507
100.18,31841.7,34630.8,-0.8122,-0.9074,146.1,97.3,0.507
100.2,31999.5,34936.8,-0.0026,-0.154,146.1,97.3,0.507
100.22,32109.9,35199.8,0.5643,0.4936,146.1,97.3,0.507
100.24,32385.1,35523.2,1.9765,1.2896,146.1,97.3,0.507
100.26,32338.8,35790.4,1.739,1.9477,146.1,97.3,0.507
100.28,32346.5,35568.3,1.7787,1.4008,146.1,97.3,0.507
100.3,32227.9,35504.0,1.1698,1.2424,146.1,97.3,0.507
100.32,32164.8,35383.8,0.8461,0.9466,146.1,97.3,0.507
100.34,32114.0,35174.0,0.5854,0.4299,146.1,97.3,0.507
100.36,32088.3,35132.1,0.4533,0.3269,146.1,97.3,0.507
100.38,32030.5,35147.0,0.1567,0.3635,146.1,97.3,0.507
100.4,31918.9,34986.9,-0.4161,-0.0307,146.1,97.3,0.507
100.42,31929.1,34875.7,-0.3636,-0.3045,146.1,97.3,0.507
100.44,31906.6,34753.7,-0.4794,-0.6048,146.1,97.3,0.507
100.46,31849.5,34696.5,-0.7726,-0.7456,146.1,97.3,0.507
100.48,31828.9,34762.7,-0.8783,-0.5826,146.1,97.3,0.507
100.5,31873.1,34668.1,-0.6512,-0.8155,146.1,97.3,0.507
100.52,31839.2,34613.8,-0.8252,-0.9493,146.1,97.3,0.507
100.54,31822.1,34561.3,-0.9131,-1.0784,146.1,97.3,0.507
100.56,31705.9,34448.6,-1.5097,-1.3559,146.1,97.3,0.507
100.58,31806.7,34496.2,-0.9922,-1.2388,146.1,97.3,0.507
100.6,31879.4,34645.1,-0.6191,-0.8723,146.1,97.3,0.507
100.62,32045.7,35105.9,0.2347,0.2623,146.1,97.3,0.507
100.64,32179.8,35434.3,0.9231,1.0708,146.1,97.3,0.507
100.66,32436.9,35627.2,2.2426,1.5457,146.1,97.3,0.507
100.68,32316.2,35871.2,1.6229,2.1466,146.1,97.3,0.507
100.7,32293.1,35701.1,1.5043,1.7278,146.1,97.3,0.507
100.72,32247.9,35389.0,1.2725,0.9594,146.1,97.3,0.507
100.74,32199.9,35349.5,1.026,0.862,146.1,97.3,0.507
100.76,32139.8,35207.0,0.7178,0.5113,146.1,97.3,0.507
100.78,32079.7,35130.9,0.4089,0.3239,146.1,97.3,0.507
100.8,32047.4,34972.3,0.2436,-0.0667,146.1,97.3,0.507
100.82,32053.5,34972.7,0.2748,-0.0655,146.1,97.3,0.507
100.84,31850.7,34772.0,-0.7664,-0.5597,146.1,97.3,0.507
100.86,31927.1,34742.4,-0.3739,-0.6326,146.1,97.3,0.507
100.88,31859.8,34701.3,-0.7194,-0.7339,146.1,97.3,0.507
100.9,31816.2,34590.4,-0.9434,-1.0067,146.1,97.3,0.507
100.92,31885.0,34773.4,-0.5905,-0.5564,146.1,97.3,0.507
100.94,31802.5,34664.0,-1.0135,-0.8257,146.1,97.3,0.507
100.96,31768.9,34398.8,-1.1863,-1.4785,146.1,97.3,0.507
100.98,31811.0,34375.3,-0.9701,-1.5364,146.1,97.3,0.507
101.0,31803.3,34620.7,-1.0095,-0.9322,146.1,97.3,0.507
101.02,31861.5,34958.5,-0.7109,-0.1005,146.1,97.3,0.507
101.04,32039.4,35162.2,0.2025,0.401,146.1,97.3,0.507
101.06,32334.7,35537.3,1.718,1.3245,146.1,97.3,0.507
101.08,32324.9,35739.0,1.6674,1.8211,146.1,97.3,0.507
101.1,32421.7,35822.3,2.1646,2.0261,146.1,97.3,0.507
101.12,32354.6,35575.1,1.8202,1.4175,146.1,97.3,0.507
101.14,32240.9,35316.2,1.2363,0.78,146.1,97.3,0.507
101.16,32119.2,35118.6,0.612,0.2936,146.1,97.3,0.507
101.18,32035.5,35166.7,0.1822,0.4121,146.1,97.3,0.507
101.2,31980.0,35087.3,-0.1027,0.2166,146.1,97.3,0.507
101.22,31964.0,35002.8,-0.1847,0.0086,146.1,97.3,0.507
101.24,31939.9,34911.5,-0.3082,-0.2164,146.1,97.3,0.507
101.26,31929.7,34746.8,-0.361,-0.6217,146.1,97.3,0.507
101.28,31883.2,34751.1,-0.5995,-0.6112,146.1,97.3,0.507
101.3,31790.0,34761.9,-1.0779,-0.5845,146.1,97.3,0.507
101.32,31878.7,34621.3,-0.6227,-0.9308,146.1,97.3,0.507
101.34,31805.6,34602.7,-0.9977,-0.9765,146.1,97.3,0.507
101.36,31855.7,34520.5,-0.7407,-1.179,146.1,97.3,0.507
101.38,31708.6,34489.5,-1.4957,-1.2554,146.1,97.3,0.507
101.4,31690.4,34434.1,-1.5892,-1.3916,146.1,97.3,0.507
101.42,31859.1,34706.8,-0.7232,-0.7203,146.1,97.3,0.507
101.44,31985.7,35026.6,-0.0732,0.067,146.1,97.3,0.507
101.46,32201.9,35420.0,1.0363,1.0356,146.1,97.3,0.507
101.48,32334.4,35718.0,1.7163,1.7693,146.1,97.3,0.507
101.5,32311.2,35823.2,1.5975,2.0283,146.1,97.3,0.507
101.52,32254.3,35716.0,1.3053,1.7645,146.1,97.3,0.507
101.54,32164.3,35462.5,0.8434,1.1402,146.1,97.3,0.507
101.56,32170.6,35203.4,0.8755,0.5024,146.1,97.3,0.507
101.58,32045.7,35254.0,0.2348,0.6269,146.1,97.3,0.507
101.6,32086.1,35109.6,0.4419,0.2715,146.1,97.3,0.507
101.62,32010.0,34908.5,0.0514,-0.2237,146.1,97.3,0.507
101.64,31930.7,34906.1,-0.3556,-0.2297,146.1,97.3,0.507
101.66,31850.5,34803.7,-0.767,-0.4818,146.1,97.3,0.507
101.68,31849.0,34709.6,-0.7749,-0.7134,146.1,97.3,0.507
101.7,31934.1,34595.6,-0.3384,-0.994,146.1,97.3,0.507
101.72,31808.5,34679.3,-0.9831,-0.7879,146.1,97.3,0.507
101.74,31821.0,34678.3,-0.9186,-0.7905,146.1,97.3,0.507
101.76,31749.9,34567.5,-1.2834,-1.0631,146.1,97.3,0.507
101.78,31819.6,34450.3,-0.9261,-1.3518,146.1,97.3,0.507
101.8,31711.0,34410.0,-1.4831,-1.4511,146.1,97.3,0.507
101.82,31699.1,34640.1,-1.5445,-0.8844,146.1,97.3,0.507
101.84,31963.5,34841.4,-0.1873,-0.3888,146.1,97.3,0.507
101.86,32093.6,35229.1,0.4805,0.5657,146.1,97.3,0.507
101.88,32234.0,35544.4,1.2011,1.3419,146.1,97.3,0.507
101.9,32419.3,35745.6,2.152,1.8373,146.1,97.3,0.507
101.92,32299.7,35771.3,1.5385,1.9007,146.1,97.3,0.507
101.94,32213.4,35588.1,1.0953,1.4495,146.1,97.3,0.507
101.96,32181.2,35330.8,0.9302,0.8161,146.1,97.3,0.507
101.98,32051.4,35186.2,0.2637,0.46,146.1,97.3,0.507
102.0,32099.9,35125.7,0.5127,0.3112,146.1,97.3,0.507
102.02,32094.1,35063.8,0.4831,0.1588,146.1,97.3,0.507
102.04,31848.1,35039.3,-0.7797,0.0983,146.1,97.3,0.507
102.06,31980.0,34917.2,-0.1024,-0.2023,146.1,97.3,0.507
102.08,31958.0,34810.3,-0.2153,-0.4654,146.1,97.3,0.507
102.1,31865.9,34645.0,-0.6883,-0.8723,146.1,97.3,0.507
102.12,31794.5,34666.3,-1.0546,-0.82,146.1,97.3,0.507
102.14,31826.1,34657.4,-0.8924,-0.8419,146.1,97.3,0.507
102.16,31908.3,34608.7,-0.4708,-0.9618,146.1,97.3,0.507
102.18,31739.7,34518.4,-1.3357,-1.1842,146.1,97.3,0.507
102.2,31760.2,34478.8,-1.2308,-1.2816,146.1,97.3,0.507
102.22,31780.8,34493.4,-1.1248,-1.2458,146.1,97.3,0.507
102.24,31789.0,34616.1,-1.083,-0.9435,146.1,97.3,0.507
102.26,32025.4,35078.0,0.1302,0.1936,146.1,97.3,0.507
102.28,32195.8,35344.0,1.0051,0.8486,146.1,97.3,0.507
102.3,32315.0,35654.3,1.6168,1.6125,146.1,97.3,0.507
102.32,32377.1,35773.5,1.9355,1.9059,146.1,97.3,0.507
102.34,32245.5,35657.6,1.2602,1.6206,146.1,97.3,0.507
102.36,32196.1,35502.0,1.0063,1.2376,146.1,97.3,0.507
102.38,32032.8,35355.5,0.1686,0.8769,146.1,97.3,0.507
102.4,32033.9,35137.1,0.1739,0.339,146.1,97.3,0.507
102.42,32052.8,35149.2,0.2709,0.3689,146.1,97.3,0.507
102.44,31936.0,35049.8,-0.3282,0.1241,146.1,97.3,0.507
102.46,31885.1,34906.6,-0.5895,-0.2284,146.1,97.3,0.507
102.48,32024.7,34823.1,0.127,-0.4338,146.1,97.3,0.507
102.5,31921.6,34797.0,-0.4025,-0.4982,146.1,97.3,0.507
102.52,31914.5,34664.8,-0.4388,-0.8237,146.1,97.3,0.507
102.54,31825.9,34615.6,-0.8933,-0.9449,146.1,97.3,0.507
102.56,31742.2,34724.7,-1.3229,-0.6762,146.1,97.3,0.507
102.58,31782.9,34682.2,-1.1143,-0.7809,146.1,97.3,0.507
102.6,31771.9,34526.7,-1.1709,-1.1637,146.1,97.3,0.507
102.62,31789.3,34480.8,-1.0812,-1.2766,146.1,97.3,0.507
102.64,31778.8,34541.3,-1.1353,-1.1277,146.1,97.3,0.507
102.66,31807.1,34753.1,-0.9899,-0.6062,146.1,97.3,0.507
102.68,32006.5,35209.2,0.0332,0.5167,146.1,97.3,0.507
102.7,32145.2,35553.3,0.7451,1.3639,146.1,97.3,0.507
102.72,32304.0,35760.4,1.5605,1.8736,146.1,97.3,0.507
102.74,32408.8,35771.9,2.0983,1.902,146.1,97.3,0.507
102.76,32270.7,35506.7,1.3897,1.249,146.1,97.3,0.507
102.78,32159.7,35348.5,0.8196,0.8597,146.1,97.3,0.507
102.8,32099.2,35152.5,0.5091,0.377,146.1,97.3,0.507
102.82,32062.6,35157.5,0.3215,0.3895,146.1,97.3,0.507
102.84,32108.0,35027.8,0.5543,0.0702,146.1,97.3,0.507
102.86,32018.8,34967.1,0.0963,-0.0793,146.1,97.3,0.507
102.88,31996.9,34859.1,-0.016,-0.3454,146.1,97.3,0.507
102.9,31886.2,34809.4,-0.584,-0.4677,146.1,97.3,0.507
102.92,31876.8,34710.6,-0.6322,-0.7108,146.1,97.3,0.507
102.94,31817.3,34651.8,-0.9374,-0.8556,146.1,97.3,0.507
102.96,31863.3,34728.6,-0.7014,-0.6665,146.1,97.3,0.507
102.98,31826.3,34666.4,-0.8915,-0.8196,146.1,97.3,0.507
103.0,31793.0,34505.4,-1.0624,-1.216,146.1,97.3,0.507
103.02,31648.9,34552.3,-1.8022,-1.1007,146.1,97.3,0.507
103.04,31744.9,34491.7,-1.3095,-1.2498,146.1,97.3,0.507
103.06,31896.6,34647.6,-0.5306,-0.8659,146.1,97.3,0.507
103.08,31947.9,34973.4,-0.2674,-0.0638,146.1,97.3,0.507
103.1,32103.9,35387.6,0.5331,0.956,146.1,97.3,0.507
103.12,32358.8,35683.2,1.8418,1.6837,146.1,97.3,0.507
103.14,32359.9,35766.4,1.8473,1.8884,146.1,97.3,0.507
103.16,32346.9,35686.4,1.7808,1.6916,146.1,97.3,0.507
103.18,32230.9,35536.4,1.185,1.3223,146.1,97.3,0.507
103.2,32193.0,35299.5,0.9904,0.739,146.1,97.3,0.507
103.22,31990.3,35182.4,-0.0496,0.4508,146.1,97.3,0.507
103.24,31949.9,35172.8,-0.2573,0.4271,146.1,97.3,0.507
103.26,31987.0,35074.1,-0.0667,0.1841,146.1,97.3,0.507
103.28,31996.8,34936.1,-0.0162,-0.1558,146.1,97.3,0.507
103.3,31834.2,34868.5,-0.8509,-0.3221,146.1,97.3,0.507
103.32,31911.4,34798.0,-0.4546,-0.4957,146.1,97.3,0.507
103.34,31877.5,34712.1,-0.6285,-0.7072,146.1,97.3,0.507
103.36,31955.1,34750.2,-0.2302,-0.6134,146.1,97.3,0.507
103.38,31764.8,34613.2,-1.207,-0.9507,146.1,97.3,0.507
103.4,31834.8,34535.6,-0.8481,-1.1417,146.1,97.3,0.507
103.42,31753.2,34514.3,-1.2668,-1.1942,146.1,97.3,0.507
103.44,31739.9,34402.3,-1.3348,-1.47,146.1,97.3,0.507
103.46,31818.4,34500.9,-0.9318,-1.2272,146.1,97.3,0.507
103.48,31910.4,34776.4,-0.4596,-0.549,146.1,97.3,0.507
103.5,32085.2,35231.0,0.4375,0.5702,146.1,97.3,0.507
103.52,32250.4,35503.8,1.2854,1.242,146.1,97.3,0.507
103.54,32338.7,35802.9,1.7385,1.9784,146.1,97.3,0.507
103.56,32408.9,35812.9,2.0986,2.0029,146.1,97.3,0.507
103.58,32310.6,35588.9,1.5942,1.4514,146.1,97.3,0.507
103.6,32127.9,35367.1,0.6563,0.9053,146.1,97.3,0.507
103.62,32060.1,35164.1,0.3086,0.4057,146.1,97.3,0.507
103.64,32100.9,35093.9,0.5177,0.2328,146.1,97.3,0.507
103.66,32031.0,35152.2,0.159,0.3764,146.1,97.3,0.507
103.68,32021.3,35043.1,0.1094,0.1077,146.1,97.3,0.507
103.7,31969.8,34898.6,-0.1547,-0.248,146.1,97.3,0.507
103.72,31923.9,34728.1,-0.3904,-0.6678,146.1,97.3,0.507
103.74,31824.9,34740.3,-0.8986,-0.6379,146.1,97.3,0.507
103.76,31912.8,34620.7,-0.4476,-0.9321,146.1,97.3,0.507
103.78,31907.7,34642.3,-0.4736,-0.879,146.1,97.3,0.507
103.8,31741.1,34573.5,-1.329,-1.0485,146.1,97.3,0.507
103.82,31781.6,34539.9,-1.1209,-1.131,146.1,97.3,0.507
103.84,31742.3,34443.1,-1.3227,-1.3695,146.1,97.3,0.507
103.86,31705.5,34532.9,-1.5115,-1.1484,146.1,97.3,0.507
103.88,31780.9,34558.2,-1.1244,-1.0861,146.1,97.3,0.507
103.9,31913.3,35002.2,-0.445,0.0071,146.1,97.3,0.507
103.92,32225.3,35311.3,1.1563,0.7681,146.1,97.3,0.507
103.94,32289.2,35632.7,1.4844,1.5594,146.1,97.3,0.507
103.96,32319.9,35734.1,1.6417,1.809,146.1,97.3,0.507
103.98,32357.4,35685.9,1.8346,1.6904,146.1,97.3,0.507
104.0,32268.7,35482.9,1.3793,1.1905,146.1,97.3,0.507
104.02,32274.3,35208.0,1.4077,0.5138,146.1,97.3,0.507
104.04,32151.3,35213.4,0.7765,0.5269,146.1,97.3,0.507
104.06,32007.2,35121.7,0.0368,0.3013,146.1,97.3,0.507
104.08,32007.7,35016.6,0.0393,0.0424,146.1,97.3,0.507
104.1,31938.5,34984.9,-0.3156,-0.0356,146.1,97.3,0.507
104.12,31891.3,34867.7,-0.5577,-0.3241,146.1,97.3,0.507
104.14,31877.8,34707.4,-0.6272,-0.7188,146.1,97.3,0.507
104.16,31792.8,34684.1,-1.0633,-0.7762,146.1,97.3,0.507
104.18,31854.0,34656.9,-0.7495,-0.8431,146.1,97.3,0.507
104.2,31787.6,34649.3,-1.0903,-0.8617,146.1,97.3,0.507
104.22,31794.9,34555.3,-1.0527,-1.0932,146.1,97.3,0.507
104.24,31812.7,34493.4,-0.9611,-1.2456,146.1,97.3,0.507
104.26,31755.9,34396.4,-1.2528,-1.4844,146.1,97.3,0.507
104.28,31709.9,34492.5,-1.489,-1.2479,146.1,97.3,0.507
104.3,31820.2,34790.2,-0.923,-0.515,146.1,97.3,0.507
104.32,32062.7,35125.3,0.3216,0.3102,146.1,97.3,0.507
104.34,32304.9,35623.7,1.5652,1.5372,146.1,97.3,0.507
104.36,32325.3,35662.8,1.6698,1.6334,146.1,97.3,0.507
104.38,32395.0,35667.8,2.0272,1.6456,146.1,97.3,0.507
104.4,32263.9,35613.7,1.3545,1.5125,146.1,97.3,0.507
104.42,32198.0,35413.4,1.0161,1.0194,146.1,97.3,0.507
104.44,32043.7,35208.5,0.2244,0.515,146.1,97.3,0.507
104.46,32004.4,35213.6,0.0228,0.5275,146.1,97.3,0.507
104.48,32076.4,35065.2,0.3921,0.162,146.1,97.3,0.507
104.5,31993.0,35003.1,-0.036,0.0093,146.1,97.3,0.507
104.52,31949.2,34895.8,-0.2608,-0.2549,146.1,97.3,0.507
104.54,31937.0,34912.8,-0.3232,-0.213,146.1,97.3,0.507
104.56,31843.1,34657.9,-0.805,-0.8408,146.1,97.3,0.507
104.58,31877.2,34678.6,-0.6302,-0.7898,146.1,97.3,0.507
104.6,31811.4,34630.2,-0.9681,-0.9089,146.1,97.3,0.507
104.62,31800.5,34564.9,-1.0238,-1.0696,146.1,97.3,0.507
104.64,31772.6,34573.4,-1.167,-1.0486,146.1,97.3,0.507
104.66,31750.3,34450.2,-1.2814,-1.352,146.1,97.3,0.507
104.68,31625.5,34461.1,-1.9223,-1.3251,146.1,97.3,0.507
104.7,31770.8,34607.3,-1.1766,-0.9652,146.1,97.3,0.507
104.72,31954.0,34957.7,-0.2363,-0.1026,146.1,97.3,0.507
104.74,32243.8,35334.1,1.2513,0.8242,146.1,97.3,0.507
104.76,32325.3,35637.5,1.6696,1.5712,146.1,97.3,0.507
104.78,32304.6,35762.3,1.5635,1.8785,146.1,97.3,0.507
104.8,32441.1,35711.6,2.2641,1.7537,146.1,97.3,0.507
104.82,32269.3,35483.1,1.3822,1.1911,146.1,97.3,0.507
104.84,32145.7,35325.1,0.7481,0.8019,146.1,97.3,0.507
104.86,32044.9,35276.5,0.2307,0.6822,146.1,97.3,0.507
104.88,32056.6,35184.9,0.2905,0.4567,146.1,97.3,0.507
104.9,32078.7,35013.8,0.4039,0.0356,146.1,97.3,0.507
104.92,32037.0,34956.5,0.1901,-0.1054,146.1,97.3,0.507
104.94,31913.8,34946.4,-0.4425,-0.1303,146.1,97.3,0.507
104.96,31813.6,34668.9,-0.9567,-0.8136,146.1,97.3,0.507
104.98,31876.8,34736.9,-0.6323,-0.6462,146.1,97.3,0.507
105.0,31865.6,34639.6,-0.69,-0.8858,146.1,97.3,0.507
105.02,31816.8,34583.4,-0.9405,-1.0241,146.1,97.3,0.507
105.04,31777.8,34603.8,-1.1402,-0.9738,146.1,97.3,0.507
105.06,31767.3,34532.2,-1.1944,-1.1501,146.1,97.3,0.507
105.08,31814.7,34478.8,-0.9512,-1.2817,146.1,97.3,0.507
105.1,31807.5,34490.4,-0.9878,-1.2532,146.1,97.3,0.507
105.12,31868.9,34693.8,-0.6728,-0.7522,146.1,97.3,0.507
105.14,32064.7,35139.1,0.332,0.3441,146.1,97.3,0.507
105.16,32221.5,35437.6,1.1368,1.0791,146.1,97.3,0.507
105.18,32267.9,35677.8,1.3751,1.6705,146.1,97.3,0.507
105.2,32308.3,35723.4,1.5822,1.7827,146.1,97.3,0.507
105.22,32246.6,35603.3,1.2657,1.487,146.1,97.3,0.507
105.24,32248.1,35364.4,1.2733,0.8989,146.1,97.3,0.507
105.26,32168.8,35216.7,0.8666,0.5351,146.1,97.3,0.507
105.28,32030.1,35227.2,0.1546,0.5611,146.1,97.3,0.507
105.3,31943.9,35088.0,-0.2879,0.2184,146.1,97.3,0.507
105.32,31929.3,35078.0,-0.363,0.1937,146.1,97.3,0.507
105.34,31930.9,34959.8,-0.3548,-0.0974,146.1,97.3,0.507
105.36,31900.1,34824.4,-0.5129,-0.4307,146.1,97.3,0.507
105.38,31768.2,34746.8,-1.1896,-0.6217,146.1,97.3,0.507
105.4,31862.7,34553.8,-0.7046,-1.097,146.1,97.3,0.507
105.42,31889.9,34634.1,-0.5649,-0.8993,146.1,97.3,0.507
105.44,31824.2,34664.4,-0.9024,-0.8247,146.1,97.3,0.507
105.46,31859.6,34595.5,-0.7203,-0.9942,146.1,97.3,0.507
105.48,31720.7,34516.5,-1.4335,-1.1888,146.1,97.3,0.507
105.5,31675.1,34489.4,-1.6674,-1.2555,146.1,97.3,0.507
105.52,31913.8,34643.1,-0.4424,-0.877,146.1,97.3,0.507
105.54,31938.4,34881.4,-0.3163,-0.2904,146.1,97.3,0.507
105.56,32118.9,35208.4,0.6105,0.5147,146.1,97.3,0.507
105.58,32289.8,35506.1,1.4872,1.2475,146.1,97.3,0.507
105.6,32337.0,35748.7,1.7299,1.845,146.1,97.3,0.507
105.62,32292.6,35643.6,1.5017,1.5862,146.1,97.3,0.507
105.64,32250.5,35532.7,1.2857,1.3131,146.1,97.3,0.507
105.66,32160.2,35328.7,0.8225,0.8109,146.1,97.3,0.507
105.68,32019.5,35173.9,0.0999,0.4297,146.1,97.3,0.507
105.7,31999.4,35015.0,-0.0033,0.0385,146.1,97.3,0.507
105.72,31968.5,35064.5,-0.1614,0.1603,146.1,97.3,0.507
105.74,31970.4,34952.8,-0.152,-0.1145,146.1,97.3,0.507
105.76,31923.4,34839.5,-0.3931,-0.3936,146.1,97.3,0.507
105.78,31864.4,34816.4,-0.6959,-0.4503,146.1,97.3,0.507
105.8,31719.3,34777.5,-1.4407,-0.5462,146.1,97.3,0.507
105.82,31831.1,34611.1,-0.8666,-0.956,146.1,97.3,0.507
105.84,31880.3,34644.0,-0.6141,-0.8748,146.1,97.3,0.507
105.86,31795.2,34632.4,-1.0509,-0.9034,146.1,97.3,0.507
105.88,31774.7,34489.6,-1.1565,-1.255,146.1,97.3,0.507
105.9,31726.4,34495.1,-1.4041,-1.2415,146.1,97.3,0.507
105.92,31767.4,34525.3,-1.1937,-1.1671,146.1,97.3,0.507
105.94,31975.2,34763.0,-0.127,-0.5819,146.1,97.3,0.507
105.96,32020.6,35065.4,0.1059,0.1626,146.1,97.3,0.507
105.98,32153.3,35400.9,0.787,0.9887,146.1,97.3,0.507
106.0,32296.2,35713.2,1.5203,1.7576,146.1,97.3,0.507
106.02,32286.9,35727.7,1.4724,1.7931,146.1,97.3,0.507
106.04,32271.3,35673.1,1.3925,1.6588,146.1,97.3,0.507
106.06,32274.7,35384.9,1.4098,0.9493,146.1,97.3,0.507
106.08,32105.8,35247.9,0.5433,0.6119,146.1,97.3,0.507
106.1,32031.8,35154.4,0.1633,0.3819,146.1,97.3,0.507
106.12,32088.7,35114.9,0.4555,0.2846,146.1,97.3,0.507
106.14,32040.4,35061.6,0.2076,0.1532,146.1,97.3,0.507
106.16,31919.8,34922.8,-0.4115,-0.1885,146.1,97.3,0.507
106.18,31959.9,34784.7,-0.2058,-0.5285,146.1,97.3,0.507
106.2,31904.2,34731.6,-0.4915,-0.6591,146.1,97.3,0.507
106.22,31868.8,34677.1,-0.6732,-0.7933,146.1,97.3,0.507
106.24,31905.1,34640.9,-0.4872,-0.8824,146.1,97.3,0.507
106.26,31807.7,34597.1,-0.9871,-0.9903,146.1,97.3,0.507
106.28,31740.6,34538.1,-1.3315,-1.1355,146.1,97.3,0.507
106.3,31741.1,34434.8,-1.3286,-1.3899,146.1,97.3,0.507
106.32,31771.0,34513.8,-1.1755,-1.1955,146.1,97.3,0.507
106.34,31698.2,34636.8,-1.5492,-0.8925,146.1,97.3,0.507
106.36,31940.7,34899.5,-0.3045,-0.2457,146.1,97.3,0.507
106.38,32168.5,35291.7,0.865,0.7197,146.1,97.3,0.507
106.4,32223.2,35564.0,1.1457,1.3902,146.1,97.3,0.507
106.42,32358.3,35749.9,1.8388,1.848,146.1,97.3,0.507
106.44,32306.2,35746.1,1.5719,1.8385,146.1,97.3,0.507
106.46,32274.8,35560.2,1.4103,1.3809,146.1,97.3,0.507
106.48,32180.9,35311.6,0.9285,0.7687,146.1,97.3,0.507
106.5,32019.7,35236.6,0.101,0.5842,146.1,97.3,0.507
106.52,32039.6,35104.4,0.2032,0.2586,146.1,97.3,0.507
106.54,32109.9,35072.2,0.564,0.1794,146.1,97.3,0.507
106.56,31919.9,35106.7,-0.4111,0.2643,146.1,97.3,0.507
106.58,32045.1,34878.3,0.2315,-0.2979,146.1,97.3,0.507
106.6,31937.4,34808.9,-0.3214,-0.4689,146.1,97.3,0.507
106.62,31835.4,34677.6,-0.845,-0.7921,146.1,97.3,0.507
106.64,31870.7,34613.8,-0.6637,-0.9493,146.1,97.3,0.507
106.66,31719.0,34625.5,-1.442,-0.9205,146.1,97.3,0.507
106.68,31863.0,34584.7,-0.703,-1.021,146.1,97.3,0.507
106.7,31787.4,34488.8,-1.0909,-1.2569,146.1,97.3,0.507
106.72,31716.2,34411.3,-1.4566,-1.4478,146.1,97.3,0.507
106.74,31783.9,34506.5,-1.1093,-1.2135,146.1,97.3,0.507
106.76,31896.7,34658.5,-0.5302,-0.8392,146.1,97.3,0.507
106.78,32066.8,35064.8,0.3427,0.1613,146.1,97.3,0.507
106.8,32152.7,35413.7,0.7839,1.0201,146.1,97.3,0.507
106.82,32324.4,35737.8,1.6652,1.8181,146.1,97.3,0.507
106.84,32316.4,35710.3,1.624,1.7504,146.1,97.3,0.507
106.86,32243.2,35658.0,1.2481,1.6216,146.1,97.3,0.507
106.88,32262.7,35506.3,1.3484,1.2481,146.1,97.3,0.507
106.9,32028.2,35269.0,0.1447,0.664,146.1,97.3,0.507
106.92,32093.8,35102.2,0.4814,0.2531,146.1,97.3,0.507
106.94,31934.5,35051.2,-0.336,0.1277,146.1,97.3,0.507
106.96,31927.4,35027.7,-0.3726,0.0699,146.1,97.3,0.507
106.98,31959.5,34926.0,-0.2078,-0.1805,146.1,97.3,0.507
107.0,31910.4,34766.1,-0.4596,-0.5743,146.1,97.3,0.507
107.02,31845.8,34719.3,-0.7916,-0.6896,146.1,97.3,0.507
107.04,31867.6,34592.9,-0.6794,-1.0006,146.1,97.3,0.507
107.06,31879.5,34644.6,-0.6185,-0.8734,146.1,97.3,0.507
107.08,31897.8,34509.7,-0.5246,-1.2056,146.1,97.3,0.507
107.1,31728.0,34569.8,-1.396,-1.0576,146.1,97.3,0.507
107.12,31836.3,34519.7,-0.84,-1.1808,146.1,97.3,0.507
107.14,31724.6,34402.9,-1.4133,-1.4684,146.1,97.3,0.507
107.16,31811.1,34704.9,-0.9697,-0.7249,146.1,97.3,0.507
107.18,32009.9,34834.4,0.0507,-0.4061,146.1,97.3,0.507
107.2,32123.3,35195.6,0.6329,0.4831,146.1,97.3,0.507
107.22,32255.3,35574.7,1.3104,1.4166,146.1,97.3,0.507
107.24,32411.1,35778.6,2.1098,1.9184,146.1,97.3,0.507
107.26,32323.8,35666.8,1.6619,1.6433,146.1,97.3,0.507
107.28,32225.0,35569.8,1.1549,1.4045,146.1,97.3,0.507
107.3,32177.7,35358.7,0.9119,0.8847,146.1,97.3,0.507
107.32,32123.0,35185.7,0.6312,0.4587,146.1,97.3,0.507
107.34,32064.7,35208.1,0.3319,0.5139,146.1,97.3,0.507
107.36,32068.8,35037.8,0.3532,0.0946,146.1,97.3,0.507
107.38,31946.3,35125.3,-0.2757,0.3102,146.1,97.3,0.507
107.4,31891.6,34868.9,-0.5563,-0.3211,146.1,97.3,0.507
107.42,31922.8,34799.5,-0.3964,-0.492,146.1,97.3,0.507
107.44,31918.0,34630.0,-0.4206,-0.9094,146.1,97.3,0.507
107.46,31793.6,34617.8,-1.0593,-0.9394,146.1,97.3,0.507
107.48,31816.3,34632.9,-0.9429,-0.9021,146.1,97.3,0.507
107.5,31888.5,34661.5,-0.5724,-0.8317,146.1,97.3,0.507
107.52,31749.1,34566.9,-1.2879,-1.0648,146.1,97.3,0.507
107.54,31772.0,34409.8,-1.17,-1.4514,146.1,97.3,0.507
107.56,31711.0,34526.3,-1.4831,-1.1647,146.1,97.3,0.507
107.58,31933.2,34648.5,-0.3428,-0.8638,146.1,97.3,0.507
107.6,31986.6,35046.5,-0.069,0.1161,146.1,97.3,0.507
107.62,32208.4,35401.6,1.0697,0.9902,146.1,97.3,0.507
107.64,32316.8,35669.3,1.626,1.6494,146.1,97.3,0.507
107.66,32339.8,35771.2,1.7443,1.9002,146.1,97.3,0.507
107.68,32458.3,35685.9,2.3524,1.6903,146.1,97.3,0.507
107.7,32180.3,35407.0,0.9256,1.0036,146.1,97.3,0.507
107.72,32147.8,35223.8,0.7586,0.5526,146.1,97.3,0.507
107.74,32129.4,35162.0,0.6643,0.4004,146.1,97.3,0.507
107.76,32084.0,35102.7,0.4312,0.2545,146.1,97.3,0.507
107.78,32099.2,35069.9,0.5093,0.1737,146.1,97.3,0.507
107.8,32042.2,34990.1,0.2168,-0.0226,146.1,97.3,0.507
107.82,31873.2,34619.8,-0.6508,-0.9344,146.1,97.3,0.507
107.84,31893.9,34734.1,-0.5443,-0.6531,146.1,97.3,0.507
107.86,31851.6,34566.9,-0.7617,-1.0648,146.1,97.3,0.507
107.88,31923.9,34656.5,-0.3904,-0.8441,146.1,97.3,0.507
107.9,31840.4,34684.9,-0.8193,-0.7742,146.1,97.3,0.507
107.92,31848.1,34562.0,-0.7798,-1.0767,146.1,97.3,0.507
107.94,31696.7,34505.4,-1.5569,-1.216,146.1,97.3,0.507
107.96,31673.4,34411.1,-1.6765,-1.4482,146.1,97.3,0.507
107.98,31784.1,34523.0,-1.1083,-1.1728,146.1,97.3,0.507
108.0,31877.2,34911.3,-0.6303,-0.2169,146.1,97.3,0.507
108.02,32161.3,35173.6,0.8277,0.4289,146.1,97.3,0.507
108.04,32260.0,35622.8,1.3344,1.5348,146.1,97.3,0.507
108.06,32333.8,35726.4,1.7133,1.7899,146.1,97.3,0.507
108.08,32392.1,35747.0,2.0123,1.8408,146.1,97.3,0.507
108.1,32270.4,35556.0,1.3881,1.3705,146.1,97.3,0.507
108.12,32120.4,35357.0,0.6178,0.8806,146.1,97.3,0.507
108.14,32080.7,35154.1,0.4144,0.381,146.1,97.3,0.507
108.16,32052.1,35104.2,0.2673,0.258,146.1,97.3,0.507
108.18,32103.6,35022.6,0.5319,0.0572,146.1,97.3,0.507
108.2,31987.8,34923.8,-0.0625,-0.1859,146.1,97.3,0.507
108.22,31888.9,34883.5,-0.5701,-0.2852,146.1,97.3,0.507
108.24,31948.1,34811.9,-0.2664,-0.4614,146.1,97.3,0.507
108.26,31898.1,34676.1,-0.5231,-0.7958,146.1,97.3,0.507
108.28,31872.4,34700.1,-0.6548,-0.7367,146.1,97.3,0.507
108.3,31876.2,34638.2,-0.6356,-0.8891,146.1,97.3,0.507
108.32,31824.0,34550.2,-0.9033,-1.1057,146.1,97.3,0.507
108.34,31750.3,34631.0,-1.2813,-0.9068,146.1,97.3,0.507
108.36,31724.7,34376.8,-1.4131,-1.5328,146.1,97.3,0.507
108.38,31803.6,34534.1,-1.0082,-1.1456,146.1,97.3,0.507
108.4,31865.7,34633.2,-0.689,-0.9014,146.1,97.3,0.507
108.42,32012.7,35038.4,0.0653,0.0961,146.1,97.3,0.507
108.44,32216.5,35320.7,1.1111,0.7912,146.1,97.3,0.507
108.46,32360.2,35636.2,1.8489,1.568,146.1,97.3,0.507
108.48,32332.9,35826.9,1.7085,2.0375,146.1,97.3,0.507
108.5,32329.6,35625.4,1.6919,1.5413,146.1,97.3,0.507
108.52,32340.9,35461.2,1.7499,1.137,146.1,97.3,0.507
108.54,32089.6,35405.5,0.4599,1.0001,146.1,97.3,0.507
108.56,32116.7,35187.0,0.5993,0.462,146.1,97.3,0.507
108.58,32092.9,35148.2,0.4768,0.3665,146.1,97.3,0.507
108.6,31988.6,35037.7,-0.0584,0.0945,146.1,97.3,0.507
108.62,32001.4,34974.5,0.0074,-0.0612,146.1,97.3,0.507
108.64,31896.3,34711.2,-0.532,-0.7093,146.1,97.3,0.507
108.66,31930.3,34747.9,-0.3578,-0.6192,146.1,97.3,0.507
108.68,31931.5,34684.0,-0.3514,-0.7765,146.1,97.3,0.507
108.7,31889.4,34742.5,-0.5677,-0.6323,146.1,97.3,0.507
108.72,31940.0,34665.9,-0.3081,-0.821,146.1,97.3,0.507
108.74,31772.0,34573.5,-1.1702,-1.0485,146.1,97.3,0.507
108.76,31770.2,34497.7,-1.1795,-1.2352,146.1,97.3,0.507
108.78,31705.5,34454.2,-1.5113,-1.3422,146.1,97.3,0.507
108.8,31704.3,34566.7,-1.5174,-1.0653,146.1,97.3,0.507
108.82,31804.2,34839.0,-1.0051,-0.3948,146.1,97.3,0.507
108.84,32093.9,35218.6,0.482,0.5397,146.1,97.3,0.507
108.86,32292.6,35523.1,1.5019,1.2894,146.1,97.3,0.507
108.88,32357.5,35737.7,1.8348,1.8178,146.1,97.3,0.507
108.9,32343.7,35733.7,1.7642,1.8081,146.1,97.3,0.507
108.92,32259.3,35521.8,1.3308,1.2863,146.1,97.3,0.507
108.94,32172.1,35355.7,0.8832,0.8773,146.1,97.3,0.507
108.96,32102.8,35248.4,0.5274,0.6132,146.1,97.3,0.507
108.98,32064.6,35128.0,0.3318,0.3169,146.1,97.3,0.507
109.0,32009.8,35073.3,0.0503,0.182,146.1,97.3,0.507
109.02,32111.2,35080.4,0.5709,0.1996,146.1,97.3,0.507
109.04,31894.0,34930.9,-0.5441,-0.1685,146.1,97.3,0.507
109.06,31858.1,34862.9,-0.7282,-0.336,146.1,97.3,0.507
109.08,31924.4,34681.9,-0.3878,-0.7816,146.1,97.3,0.507
109.1,31901.3,34646.7,-0.5064,-0.8683,146.1,97.3,0.507
109.12,31839.3,34658.8,-0.825,-0.8385,146.1,97.3,0.507
109.14,31869.0,34634.9,-0.6726,-0.8973,146.1,97.3,0.507
109.16,31699.8,34538.1,-1.5408,-1.1356,146.1,97.3,0.507
109.18,31802.1,34545.4,-1.0156,-1.1177,146.1,97.3,0.507
109.2,31796.9,34488.8,-1.0422,-1.257,146.1,97.3,0.507
109.22,31813.6,34637.4,-0.9567,-0.8912,146.1,97.3,0.507
109.24,31931.2,34983.6,-0.3532,-0.0388,146.1,97.3,0.507
109.26,32119.8,35338.5,0.615,0.8349,146.1,97.3,0.507
109.28,32325.1,35596.8,1.6687,1.4709,146.1,97.3,0.507
109.3,32369.0,35791.4,1.8942,1.9501,146.1,97.3,0.507
109.32,32394.7,35708.2,2.0258,1.7452,146.1,97.3,0.507
109.34,32252.5,35496.2,1.2962,1.2232,146.1,97.3,0.507
109.36,32132.7,35331.9,0.681,0.8188,146.1,97.3,0.507
109.38,32028.4,35120.3,0.1456,0.2978,146.1,97.3,0.507
109.4,31971.8,35070.4,-0.1447,0.1751,146.1,97.3,0.507
109.42,32085.0,35071.5,0.4364,0.1777,146.1,97.3,0.507
109.44,31936.5,34948.3,-0.3259,-0.1258,146.1,97.3,0.507
109.46,31864.3,34852.1,-0.6966,-0.3625,146.1,97.3,0.507
109.48,31909.0,34771.5,-0.4672,-0.561,146.1,97.3,0.507
109.5,31859.0,34726.9,-0.7234,-0.6707,146.1,97.3,0.507
109.52,31784.7,34755.2,-1.1048,-0.6011,146.1,97.3,0.507
109.54,31839.4,34693.9,-0.8242,-0.7521,146.1,97.3,0.507
109.56,31761.6,34526.0,-1.2237,-1.1653,146.1,97.3,0.507
109.58,31707.5,34518.0,-1.5013,-1.185,146.1,97.3,0.507
109.6,31728.1,34446.6,-1.3957,-1.3608,146.1,97.3,0.507
109.62,31716.0,34553.5,-1.4574,-1.0977,146.1,97.3,0.507
109.64,31923.5,34732.0,-0.3928,-0.6582,146.1,97.3,0.507
109.66,32058.9,35137.8,0.3021,0.341,146.1,97.3,0.507
109.68,32228.4,35454.3,1.1723,1.1202,146.1,97.3,0.507
109.7,32279.8,35659.2,1.4361,1.6246,146.1,97.3,0.507
109.72,32293.1,35752.3,1.5045,1.8537,146.1,97.3,0.507
109.74,32317.4,35564.7,1.629,1.3918,146.1,97.3,0.507
109.76,32050.3,35417.4,0.2582,1.0293,146.1,97.3,0.507
109.78,32035.6,35202.7,0.1825,0.5006,146.1,97.3,0.507
109.8,32081.9,35170.0,0.4204,0.4201,146.1,97.3,0.507
109.82,31952.6,35083.5,-0.2434,0.2071,146.1,97.3,0.507
109.84,31955.9,35053.4,-0.2263,0.1331,146.1,97.3,0.507
109.86,31903.7,34956.0,-0.4941,-0.1068,146.1,97.3,0.507
109.88,31909.0,34740.3,-0.4669,-0.6379,146.1,97.3,0.507
109.9,31866.6,34793.3,-0.6847,-0.5073,146.1,97.3,0.507
109.92,31846.7,34679.3,-0.7867,-0.788,146.1,97.3,0.507
109.94,31771.5,34691.9,-1.1726,-0.7571,146.1,97.3,0.507
109.96,31910.9,34594.4,-0.4574,-0.997,146.1,97.3,0.507
109.98,31849.8,34568.1,-0.7711,-1.0617,146.1,97.3,0.507
110.0,31766.8,34413.2,-1.1969,-1.4431,146.1,97.3,0.507
110.02,31723.9,34409.3,-1.4169,-1.4528,146.1,97.3,0.507
110.04,31774.8,34601.4,-1.1556,-0.9798,146.1,97.3,0.507
110.06,31904.1,34862.9,-0.4921,-0.3358,146.1,97.3,0.507
110.08,32099.4,35198.4,0.5102,0.49,146.1,97.3,0.507
110.1,32224.7,35643.3,1.1533,1.5854,146.1,97.3,0.507
110.12,32351.2,35801.4,1.8024,1.9748,146.1,97.3,0.507
110.14,32248.2,35731.5,1.2737,1.8026,146.1,97.3,0.507
110.16,32194.2,35519.6,0.9968,1.2808,146.1,97.3,0.507
110.18,32176.6,35271.5,0.9064,0.67,146.1,97.3,0.507
110.2,32029.5,35131.9,0.1513,0.3265,146.1,97.3,0.507
110.22,32026.5,35089.9,0.1358,0.2229,146.1,97.3,0.507
110.24,32013.3,35063.5,0.0683,0.1579,146.1,97.3,0.507
110.26,31888.6,34981.1,-0.5715,-0.045,146.1,97.3,0.507
110.28,32079.6,34909.6,0.4086,-0.2209,146.1,97.3,0.507
110.3,31902.4,34739.7,-0.5011,-0.6392,146.1,97.3,0.507
110.32,31826.9,34795.1,-0.8886,-0.5027,146.1,97.3,0.507
110.34,31814.0,34618.3,-0.9548,-0.9381,146.1,97.3,0.507
110.36,31900.6,34623.2,-0.51,-0.9262,146.1,97.3,0.507
110.38,31829.6,34652.1,-0.8746,-0.855,146.1,97.3,0.507
110.4,31752.6,34444.0,-1.2696,-1.3672,146.1,97.3,0.507
110.42,31814.1,34479.0,-0.954,-1.281,146.1,97.3,0.507
110.44,31738.6,34576.4,-1.3418,-1.0413,146.1,97.3,0.507
110.46,31910.7,34809.9,-0.4584,-0.4665,146.1,97.3,0.507
110.48,32108.1,35166.0,0.5547,0.4103,146.1,97.3,0.507
110.5,32165.5,35475.6,0.8496,1.1725,146.1,97.3,0.507
110.52,32306.6,35727.5,1.5735,1.7928,146.1,97.3,0.507
110.54,32368.0,35707.6,1.8888,1.7438,146.1,97.3,0.507
110.56,32285.4,35534.6,1.4649,1.3178,146.1,97.3,0.507
110.58,32249.6,35435.7,1.281,1.0742,146.1,97.3,0.507
110.6,32119.9,35223.5,0.6155,0.5519,146.1,97.3,0.507
110.62,32006.4,35173.6,0.033,0.4291,146.1,97.3,0.507
110.64,32037.1,35101.6,0.1907,0.2519,146.1,97.3,0.507
110.66,31967.0,34981.8,-0.1696,-0.0431,146.1,97.3,0.507
110.68,31922.6,34940.2,-0.3972,-0.1455,146.1,97.3,0.507
110.7,31947.9,34786.4,-0.2673,-0.5242,146.1,97.3,0.507
110.72,31881.3,34720.0,-0.6095,-0.6878,146.1,97.3,0.507
110.74,31879.5,34625.3,-0.6183,-0.9209,146.1,97.3,0.507
110.76,31772.8,34631.2,-1.1659,-0.9064,146.1,97.3,0.507
110.78,31802.0,34647.2,-1.0163,-0.8671,146.1,97.3,0.507
110.8,31737.9,34601.1,-1.3452,-0.9805,146.1,97.3,0.507
110.82,31715.6,34421.0,-1.4596,-1.4239,146.1,97.3,0.507
110.84,31796.9,34412.4,-1.0422,-1.4451,146.1,97.3,0.507
110.86,31777.9,34601.2,-1.1399,-0.9804,146.1,97.3,0.507
110.88,32055.8,34975.5,0.2863,-0.0588,146.1,97.3,0.507
110.9,32207.0,35294.0,1.0625,0.7254,146.1,97.3,0.507
110.92,32360.1,35562.0,1.8483,1.3851,146.1,97.3,0.507
110.94,32359.2,35809.5,1.8434,1.9946,146.1,97.3,0.507
110.96,32307.8,35706.6,1.58,1.7412,146.1,97.3,0.507
110.98,32254.8,35485.9,1.3077,1.1978,146.1,97.3,0.507
111.0,32219.3,35280.5,1.1258,0.6922,146.1,97.3,0.507
111.02,32125.5,35154.1,0.6441,0.381,146.1,97.3,0.507
111.04,32094.9,35152.7,0.487,0.3774,146.1,97.3,0.507
111.06,32036.3,35016.4,0.1862,0.0419,146.1,97.3,0.507
111.08,32024.0,34995.3,0.1234,-0.0099,146.1,97.3,0.507
111.1,32012.6,34975.2,0.0645,-0.0594,146.1,97.3,0.507
111.12,31863.1,34708.6,-0.7024,-0.7158,146.1,97.3,0.507
111.14,31784.6,34697.8,-1.1057,-0.7424,146.1,97.3,0.507
111.16,31854.1,34616.2,-0.7487,-0.9433,146.1,97.3,0.507
111.18,31883.8,34596.5,-0.5965,-0.9919,146.1,97.3,0.507
111.2,31880.5,34544.6,-0.6131,-1.1196,146.1,97.3,0.507
111.22,31818.4,34540.6,-0.9318,-1.1294,146.1,97.3,0.507
111.24,31753.5,34290.3,-1.265,-1.7457,146.1,97.3,0.507
111.26,31824.9,34491.3,-0.8987,-1.2508,146.1,97.3,0.507
111.28,31863.3,34673.1,-0.7014,-0.8032,146.1,97.3,0.507
111.3,31974.7,34978.3,-0.13,-0.0518,146.1,97.3,0.507
111.32,32234.3,35413.9,1.2028,1.0205,146.1,97.3,0.507
111.34,32342.4,35659.2,1.7574,1.6245,146.1,97.3,0.507
111.36,32355.1,35809.5,1.8227,1.9945,146.1,97.3,0.507
111.38,32316.1,35501.1,1.6227,1.2354,146.1,97.3,0.507
111.4,32148.1,35474.0,0.7599,1.1686,146.1,97.3,0.507
111.42,32088.7,35174.0,0.4552,0.4301,146.1,97.3,0.507
111.44,32202.5,35122.3,1.0394,0.3028,146.1,97.3,0.507
111.46,32001.7,35074.3,0.0085,0.1846,146.1,97.3,0.507
111.48,32098.3,35062.7,0.5047,0.156,146.1,97.3,0.507
111.5,31970.7,34999.6,-0.1502,0.0006,146.1,97.3,0.507
111.52,31900.0,34827.7,-0.513,-0.4226,146.1,97.3,0.507
111.54,31889.0,34676.9,-0.5695,-0.7939,146.1,97.3,0.507
111.56,31808.1,34749.6,-0.9851,-0.615,146.1,97.3,0.507
111.58,31848.4,34730.6,-0.778,-0.6617,146.1,97.3,0.507
111.6,31869.8,34681.0,-0.6681,-0.7839,146.1,97.3,0.507
111.62,31773.2,34566.8,-1.1643,-1.0649,146.1,97.3,0.507
111.64,31811.8,34484.1,-0.9662,-1.2686,146.1,97.3,0.507
111.66,31740.8,34373.2,-1.3302,-1.5417,146.1,97.3,0.507
111.68,31747.4,34657.0,-1.2963,-0.843,146.1,97.3,0.507
111.7,31910.5,35000.3,-0.4596,0.0023,146.1,97.3,0.507
111.72,32101.8,35272.3,0.5226,0.672,146.1,97.3,0.507
111.74,32268.4,35507.7,1.3778,1.2516,146.1,97.3,0.507
111.76,32324.1,35760.1,1.6633,1.8729,146.1,97.3,0.507
111.78,32326.7,35688.9,1.6769,1.6977,146.1,97.3,0.507
111.8,32279.8,35539.4,1.4363,1.3297,146.1,97.3,0.507
111.82,32230.0,35307.7,1.1804,0.7593,146.1,97.3,0.507
111.84,32083.7,35220.9,0.4297,0.5456,146.1,97.3,0.507
111.86,32064.6,35126.0,0.3314,0.3119,146.1,97.3,0.507
111.88,32016.4,35117.0,0.084,0.2896,146.1,97.3,0.507
111.9,31943.1,34986.2,-0.2919,-0.0324,146.1,97.3,0.507
111.92,31865.9,34860.5,-0.6881,-0.3419,146.1,97.3,0.507
111.94,31959.3,34789.2,-0.2087,-0.5173,146.1,97.3,0.507
111.96,31933.9,34723.2,-0.3394,-0.6799,146.1,97.3,0.507
111.98,31794.5,34673.3,-1.0548,-0.8028,146.1,97.3,0.507
112.0,31885.0,34698.5,-0.5901,-0.7407,146.1,97.3,0.507
112.02,31855.3,34613.8,-0.7425,-0.9493,146.1,97.3,0.507
112.04,31779.8,34602.5,-1.1299,-0.9771,146.1,97.3,0.507
112.06,31755.8,34433.5,-1.2533,-1.393,146.1,97.3,0.507
112.08,31760.3,34540.5,-1.2301,-1.1297,146.1,97.3,0.507
112.1,31828.8,34686.3,-0.8785,-0.7707,146.1,97.3,0.507
112.12,32032.9,35012.4,0.169,0.0321,146.1,97.3,0.507
112.14,32191.7,35436.2,0.984,1.0755,146.1,97.3,0.507
112.16,32275.0,35643.6,1.4115,1.5861,146.1,97.3,0.507
112.18,32306.8,35781.4,1.5748,1.9255,146.1,97.3,0.507
112.2,32348.6,35582.5,1.7894,1.4358,146.1,97.3,0.507
112.22,32167.4,35402.5,0.8592,0.9926,146.1,97.3,0.507
112.24,32096.8,35256.4,0.4968,0.6329,146.1,97.3,0.507
112.26,32058.4,35187.7,0.2999,0.4637,146.1,97.3,0.507
112.28,32066.8,35101.5,0.3429,0.2514,146.1,97.3,0.507
112.3,32033.8,34976.8,0.1734,-0.0554,146.1,97.3,0.507
112.32,31969.5,34907.9,-0.1564,-0.2251,146.1,97.3,0.507
112.34,31955.7,34862.3,-0.2272,-0.3374,146.1,97.3,0.507
112.36,31864.4,34704.2,-0.6959,-0.7266,146.1,97.3,0.507
112.38,31872.0,34630.0,-0.6571,-0.9093,146.1,97.3,0.507
112.4,31883.3,34661.2,-0.5987,-0.8325,146.1,97.3,0.507
112.42,31831.7,34560.3,-0.8639,-1.0809,146.1,97.3,0.507
112.44,31892.2,34649.7,-0.5532,-0.8607,146.1,97.3,0.507
112.46,31775.2,34488.1,-1.1536,-1.2588,146.1,97.3,0.507
112.48,31776.7,34442.4,-1.1459,-1.3712,146.1,97.3,0.507
112.5,31755.2,34525.4,-1.2566,-1.1669,146.1,97.3,0.507
112.52,31906.8,34823.1,-0.4785,-0.434,146.1,97.3,0.507
112.54,32085.7,35235.1,0.4398,0.5805,146.1,97.3,0.507
112.56,32192.9,35553.4,0.9901,1.364,146.1,97.3,0.507
112.58,32345.1,35736.7,1.7714,1.8153,146.1,97.3,0.507
112.6,32305.3,35712.6,1.5668,1.7561,146.1,97.3,0.507
112.62,32262.5,35594.7,1.3471,1.4659,146.1,97.3,0.507
112.64,32123.3,35350.0,0.6328,0.8633,146.1,97.3,0.507
112.66,32152.8,35270.2,0.7844,0.6667,146.1,97.3,0.507
112.68,32095.2,35121.2,0.4886,0.3,146.1,97.3,0.507
112.7,32099.7,35085.2,0.5119,0.2114,146.1,97.3,0.507
112.72,31986.3,34996.7,-0.0701,-0.0065,146.1,97.3,0.507
112.74,31941.1,34856.4,-0.3023,-0.352,146.1,97.3,0.507
112.76,31900.2,34726.5,-0.5124,-0.6719,146.1,97.3,0.507
112.78,31796.6,34676.2,-1.0437,-0.7956,146.1,97.3,0.507
112.8,31878.1,34669.9,-0.6257,-0.811,146.1,97.3,0.507
112.82,31844.1,34695.6,-0.7999,-0.7478,146.1,97.3,0.507
112.84,31802.4,34498.3,-1.0142,-1.2335,146.1,97.3,0.507
112.86,31751.1,34575.8,-1.2776,-1.0428,146.1,97.3,0.507
112.88,31675.9,34461.1,-1.6634,-1.3252,146.1,97.3,0.507
112.9,31781.3,34422.1,-1.1224,-1.4212,146.1,97.3,0.507
112.92,31786.7,34664.2,-1.0945,-0.825,146.1,97.3,0.507
112.94,31948.2,34967.3,-0.2657,-0.079,146.1,97.3,0.507
112.96,32187.6,35413.1,0.9631,1.0187,146.1,97.3,0.507
112.98,32304.4,35672.6,1.5622,1.6577,146.1,97.3,0.507
113.0,32360.6,35785.5,1.8511,1.9356,146.1,97.3,0.507
113.02,32293.3,35711.0,1.5054,1.752,146.1,97.3,0.507
113.04,32177.4,35506.6,0.9105,1.2489,146.1,97.3,0.507
113.06,32144.5,35257.4,0.7418,0.6353,146.1,97.3,0.507
113.08,32119.6,35144.4,0.6136,0.3571,146.1,97.3,0.507
113.1,32110.5,35099.8,0.567,0.2472,146.1,97.3,0.507
113.12,31998.5,35166.1,-0.0078,0.4107,146.1,97.3,0.507
113.14,31964.3,35028.2,-0.183,0.0711,146.1,97.3,0.507
113.16,31948.4,34889.2,-0.2647,-0.2711,146.1,97.3,0.507
113.18,31764.0,34775.4,-1.2112,-0.5513,146.1,97.3,0.507
113.2,31868.2,34698.5,-0.6766,-0.7407,146.1,97.3,0.507
113.22,31810.7,34639.5,-0.9713,-0.886,146.1,97.3,0.507
113.24,31850.9,34714.0,-0.7653,-0.7024,146.1,97.3,0.507
113.26,31777.9,34581.9,-1.1399,-1.0277,146.1,97.3,0.507
113.28,31827.0,34491.2,-0.888,-1.251,146.1,97.3,0.507
113.3,31813.1,34385.1,-0.959,-1.5124,146.1,97.3,0.507
113.32,31746.2,34559.8,-1.3024,-1.0823,146.1,97.3,0.507
113.34,31929.0,34891.4,-0.3645,-0.2659,146.1,97.3,0.507
113.36,32146.0,35104.5,0.7495,0.2588,146.1,97.3,0.507
113.38,32332.4,35566.9,1.7063,1.3973,146.1,97.3,0.507
113.4,32335.3,35699.0,1.721,1.7225,146.1,97.3,0.507
113.42,32333.2,35784.5,1.7104,1.9331,146.1,97.3,0.507
113.44,32137.0,35470.5,0.7033,1.16,146.1,97.3,0.507
113.46,32096.4,35358.4,0.4949,0.8839,146.1,97.3,0.507
113.48,32124.2,35250.8,0.6374,0.619,146.1,97.3,0.507
113.5,32071.6,35067.9,0.3677,0.1688,146.1,97.3,0.507
113.52,32083.7,34968.5,0.4297,-0.0761,146.1,97.3,0.507
113.54,32058.3,35034.0,0.2993,0.0854,146.1,97.3,0.507
113.56,31900.4,34818.3,-0.5113,-0.4458,146.1,97.3,0.507
113.58,31921.5,34785.0,-0.4028,-0.5278,146.1,97.3,0.507
113.6,31766.1,34653.4,-1.2006,-0.8517,146.1,97.3,0.507
113.62,31881.2,34721.8,-0.6099,-0.6833,146.1,97.3,0.507
113.64,31880.5,34647.1,-0.6134,-0.8672,146.1,97.3,0.507
113.66,31717.3,34583.1,-1.4509,-1.0249,146.1,97.3,0.507
113.68,31856.1,34498.7,-0.7384,-1.2325,146.1,97.3,0.507
113.7,31719.5,34549.6,-1.4396,-1.1074,146.1,97.3,0.507
113.72,31707.5,34510.4,-1.5013,-1.2037,146.1,97.3,0.507
113.74,31839.1,34669.2,-0.8258,-0.8128,146.1,97.3,0.507
113.76,32045.1,35023.3,0.2317,0.059,146.1,97.3,0.507
113.78,32171.3,35439.0,0.8795,1.0824,146.1,97.3,0.507
113.8,32345.3,35640.0,1.7724,1.5774,146.1,97.3,0.507
113.82,32382.2,35752.7,1.9618,1.8548,146.1,97.3,0.507
113.84,32316.7,35650.6,1.6254,1.6035,146.1,97.3,0.507
113.86,32241.3,35396.6,1.2386,0.9779,146.1,97.3,0.507
113.88,32141.4,35232.1,0.7256,0.573,146.1,97.3,0.507
113.9,32010.3,35159.4,0.0531,0.3941,146.1,97.3,0.507
113.92,32057.4,35148.3,0.2944,0.3668,146.1,97.3,0.507
113.94,32051.8,35001.3,0.2661,0.0049,146.1,97.3,0.507
113.96,31974.2,34937.6,-0.1323,-0.1519,146.1,97.3,0.507
113.98,32021.1,34777.4,0.1084,-0.5464,146.1,97.3,0.507
114.0,31976.9,34656.6,-0.1185,-0.8437,146.1,97.3,0.507
114.02,31919.0,34615.3,-0.4156,-0.9457,146.1,97.3,0.507
114.04,31904.0,34632.2,-0.4928,-0.9038,146.1,97.3,0.507
114.06,31894.2,34695.6,-0.5428,-0.7479,146.1,97.3,0.507
114.08,31786.8,34488.5,-1.0944,-1.2578,146.1,97.3,0.507
114.1,31789.9,34535.2,-1.0783,-1.1426,146.1,97.3,0.507
114.12,31756.2,34399.6,-1.251,-1.4767,146.1,97.3,0.507
114.14,31852.0,34478.3,-0.7597,-1.2828,146.1,97.3,0.507
114.16,31969.5,34883.0,-0.1568,-0.2865,146.1,97.3,0.507
114.18,32128.4,35238.7,0.659,0.5892,146.1,97.3,0.507
114.2,32268.3,35607.3,1.377,1.4968,146.1,97.3,0.507
114.22,32296.3,35729.4,1.5208,1.7973,146.1,97.3,0.507
114.24,32298.9,35713.4,1.534,1.7579,146.1,97.3,0.507
114.26,32272.8,35475.1,1.4,1.1713,146.1,97.3,0.507
114.28,32137.5,35447.7,0.7059,1.1038,146.1,97.3,0.507
114.3,32146.9,35240.3,0.7539,0.5933,146.1,97.3,0.507
114.32,32156.3,35115.8,0.8023,0.2866,146.1,97.3,0.507
114.34,32046.4,35100.5,0.2382,0.2489,146.1,97.3,0.507
114.36,31960.6,35003.9,-0.202,0.0111,146.1,97.3,0.507
114.38,32034.1,34875.3,0.1751,-0.3055,146.1,97.3,0.507
114.4,31883.4,34728.2,-0.5985,-0.6675,146.1,97.3,0.507
114.42,31846.4,34754.8,-0.7882,-0.6021,146.1,97.3,0.507
114.44,31802.9,34682.8,-1.0114,-0.7794,146.1,97.3,0.507
114.46,31807.1,34777.1,-0.9901,-0.5472,146.1,97.3,0.507
114.48,31867.4,34598.8,-0.6807,-0.9861,146.1,97.3,0.507
114.5,31726.5,34548.5,-1.4035,-1.1101,146.1,97.3,0.507
114.52,31744.3,34419.1,-1.3125,-1.4286,146.1,97.3,0.507
114.54,31819.9,34580.2,-0.9241,-1.032,146.1,97.3,0.507
114.56,31918.3,34643.2,-0.4192,-0.8769,146.1,97.3,0.507
114.58,31853.1,34925.7,-0.7542,-0.1814,146.1,97.3,0.507
114.6,32146.4,35382.8,0.7512,0.9441,146.1,97.3,0.507
114.62,32371.3,35556.0,1.9056,1.3706,146.1,97.3,0.507
114.64,32416.8,35767.5,2.1391,1.8912,146.1,97.3,0.507
114.66,32299.0,35758.4,1.5346,1.8688,146.1,97.3,0.507
114.68,32278.3,35474.4,1.4285,1.1695,146.1,97.3,0.507
114.7,32154.5,35243.1,0.793,0.6002,146.1,97.3,0.507
114.72,32155.8,35090.5,0.7997,0.2245,146.1,97.3,0.507
114.74,32040.1,35071.9,0.206,0.1786,146.1,97.3,0.507
114.76,31981.8,35051.3,-0.0931,0.128,146.1,97.3,0.507
114.78,31944.1,34945.1,-0.2868,-0.1335,146.1,97.3,0.507
114.8,31987.4,34798.3,-0.0647,-0.4949,146.1,97.3,0.507
114.82,31956.7,34799.5,-0.2222,-0.4921,146.1,97.3,0.507
114.84,31841.6,34736.9,-0.8128,-0.6462,146.1,97.3,0.507
114.86,31892.9,34593.3,-0.5496,-0.9998,146.1,97.3,0.507
114.88,31789.0,34668.0,-1.083,-0.8159,146.1,97.3,0.507
114.9,31804.4,34583.1,-1.0039,-1.0247,146.1,97.3,0.507
114.92,31690.4,34402.0,-1.589,-1.4708,146.1,97.3,0.507
114.94,31795.5,34413.0,-1.0498,-1.4435,146.1,97.3,0.507
114.96,31834.4,34508.6,-0.8501,-1.2082,146.1,97.3,0.507
114.98,31951.1,34781.7,-0.251,-0.5359,146.1,97.3,0.507
115.0,32177.7,35114.8,0.9123,0.2844,146.1,97.3,0.507
115.02,32276.2,35517.2,1.4178,1.2749,146.1,97.3,0.507
115.04,32388.5,35693.0,1.9942,1.7078,146.1,97.3,0.507
115.06,32406.5,35738.0,2.0864,1.8186,146.1,97.3,0.507
115.08,32271.2,35598.3,1.3921,1.4746,146.1,97.3,0.507
115.1,32215.0,35387.0,1.1035,0.9544,146.1,97.3,0.507
115.12,32087.4,35153.8,0.4485,0.3804,146.1,97.3,0.507
115.14,32041.6,35147.1,0.2136,0.3638,146.1,97.3,0.507
115.16,32059.0,35076.6,0.3028,0.1903,146.1,97.3,0.507
115.18,32030.1,34987.5,0.1547,-0.0291,146.1,97.3,0.507
115.2,31944.7,34841.1,-0.2838,-0.3895,146.1,97.3,0.507
115.22,31853.2,34786.5,-0.7535,-0.5239,146.1,97.3,0.507
115.24,31846.4,34655.7,-0.7886,-0.846,146.1,97.3,0.507
115.26,31766.2,34784.5,-1.1999,-0.529,146.1,97.3,0.507
115.28,31843.0,34595.1,-0.8056,-0.9954,146.1,97.3,0.507
115.3,31826.9,34605.3,-0.8884,-0.97,146.1,97.3,0.507
115.32,31781.6,34535.7,-1.1208,-1.1415,146.1,97.3,0.507
115.34,31680.7,34510.8,-1.6391,-1.2028,146.1,97.3,0.507
115.36,31723.5,34521.5,-1.4192,-1.1763,146.1,97.3,0.507
115.38,31798.4,34559.6,-1.0346,-1.0828,146.1,97.3,0.507
115.4,31922.1,35027.8,-0.3997,0.07,146.1,97.3,0.507
115.42,32153.1,35314.7,0.7859,0.7765,146.1,97.3,0.507
115.44,32291.0,35612.7,1.4936,1.5101,146.1,97.3,0.507
115.46,32417.5,35733.4,2.143,1.8072,146.1,97.3,0.507
115.48,32370.0,35691.3,1.8993,1.7036,146.1,97.3,0.507
115.5,32199.9,35450.8,1.0259,1.1115,146.1,97.3,0.507
115.52,32075.1,35396.6,0.3853,0.978,146.1,97.3,0.507
115.54,32121.6,35139.8,0.6244,0.3459,146.1,97.3,0.507
115.56,32042.7,35131.2,0.2192,0.3246,146.1,97.3,0.507
115.58,31975.4,35022.8,-0.1262,0.0577,146.1,97.3,0.507
115.6,32009.3,34979.4,0.0476,-0.049,146.1,97.3,0.507
115.62,31859.5,34846.3,-0.7209,-0.3768,146.1,97.3,0.507
115.64,31892.2,34817.3,-0.5531,-0.4481,146.1,97.3,0.507
115.66,31929.4,34655.3,-0.3622,-0.8471,146.1,97.3,0.507
115.68,31855.1,34649.7,-0.7438,-0.8607,146.1,97.3,0.507
115.7,31773.5,34537.5,-1.1627,-1.137,146.1,97.3,0.507
115.72,31818.2,34537.7,-0.9329,-1.1365,146.1,97.3,0.507
115.74,31754.8,34508.8,-1.2587,-1.2078,146.1,97.3,0.507
115.76,31722.7,34416.4,-1.4232,-1.4352,146.1,97.3,0.507
115.78,31845.0,34504.9,-0.7958,-1.2173,146.1,97.3,0.507
115.8,31851.6,34726.2,-0.7618,-0.6726,146.1,97.3,0.507
115.82,32111.3,35013.7,0.5713,0.0353,146.1,97.3,0.507
115.84,32218.5,35519.4,1.1213,1.2803,146.1,97.3,0.507
115.86,32337.3,35707.0,1.7314,1.7423,146.1,97.3,0.507
115.88,32288.3,35780.6,1.4797,1.9234,146.1,97.3,0.507
115.9,32293.0,35680.7,1.5037,1.6775,146.1,97.3,0.507
115.92,32106.3,35393.4,0.5459,0.9702,146.1,97.3,0.507
115.94,32009.2,35219.4,0.0471,0.5418,146.1,97.3,0.507
115.96,32118.2,35092.4,0.6069,0.229,146.1,97.3,0.507
115.98,31974.2,35088.1,-0.1325,0.2185,146.1,97.3,0.507
116.0,31978.0,35016.0,-0.1128,0.041,146.1,97.3,0.507
116.02,32015.7,34926.5,0.0805,-0.1793,146.1,97.3,0.507
116.04,31836.2,34869.6,-0.8409,-0.3194,146.1,97.3,0.507
116.06,32013.2,34791.4,0.0677,-0.512,146.1,97.3,0.507
116.08,31861.3,34664.3,-0.7118,-0.825,146.1,97.3,0.507
116.1,31818.4,34636.7,-0.9322,-0.8929,146.1,97.3,0.507
116.12,31852.8,34721.5,-0.7555,-0.684,146.1,97.3,0.507
116.14,31696.0,34571.2,-1.5601,-1.054,146.1,97.3,0.507
116.16,31639.9,34490.9,-1.848,-1.2519,146.1,97.3,0.507
116.18,31812.3,34475.4,-0.9634,-1.2899,146.1,97.3,0.507
116.2,31861.3,34546.8,-0.7118,-1.1142,146.1,97.3,0.507
116.22,31984.3,34979.3,-0.0803,-0.0493,146.1,97.3,0.507
116.24,32070.6,35371.3,0.3625,0.9158,146.1,97.3,0.507
116.26,32243.7,35518.0,1.2511,1.277,146.1,97.3,0.507
116.28,32298.7,35777.0,1.5333,1.9146,146.1,97.3,0.507
116.3,32442.3,35822.4,2.2701,2.0264,146.1,97.3,0.507
116.32,32276.7,35536.7,1.4204,1.323,146.1,97.3,0.507
116.34,32208.5,35344.8,1.07,0.8506,146.1,97.3,0.507
116.36,32042.2,35150.8,0.2166,0.3728,146.1,97.3,0.507
116.38,32096.2,35062.0,0.4936,0.1543,146.1,97.3,0.507
116.4,32065.6,35013.4,0.337,0.0345,146.1,97.3,0.507
116.42,31913.9,34967.7,-0.4421,-0.078,146.1,97.3,0.507
116.44,32000.6,34888.9,0.0033,-0.2718,146.1,97.3,0.507
116.46,31838.3,34822.6,-0.8299,-0.4351,146.1,97.3,0.507
116.48,31801.7,34708.1,-1.018,-0.717,146.1,97.3,0.507
116.5,31880.3,34532.7,-0.6142,-1.1488,146.1,97.3,0.507
116.52,31845.0,34636.5,-0.7956,-0.8934,146.1,97.3,0.507
116.54,31818.9,34665.9,-0.9295,-0.8209,146.1,97.3,0.507
116.56,31774.9,34613.2,-1.1555,-0.9506,146.1,97.3,0.507
116.58,31613.4,34437.8,-1.9843,-1.3824,146.1,97.3,0.507
116.6,31821.2,34548.5,-0.9179,-1.1101,146.1,97.3,0.507
116.62,31882.6,34789.6,-0.6026,-0.5163,146.1,97.3,0.507
116.64,32158.0,35030.6,0.8109,0.077,146.1,97.3,0.507
116.66,32183.6,35511.2,0.9422,1.2603,146.1,97.3,0.507
116.68,32258.3,35763.7,1.3257,1.8818,146.1,97.3,0.507
116.7,32478.7,35804.3,2.4569,1.9819,146.1,97.3,0.507
116.72,32249.9,35480.6,1.2829,1.1848,146.1,97.3,0.507
116.74,32157.3,35514.6,0.8076,1.2686,146.1,97.3,0.507
116.76,32155.8,35213.3,0.7995,0.5268,146.1,97.3,0.507
116.78,32001.2,35088.2,0.006,0.2189,146.1,97.3,0.507
116.8,32072.1,35157.9,0.3701,0.3903,146.1,97.3,0.507
116.82,31962.5,35121.8,-0.1923,0.3014,146.1,97.3,0.507
116.84,31984.6,34875.3,-0.0788,-0.3054,146.1,97.3,0.507
116.86,31907.4,34882.8,-0.4755,-0.2868,146.1,97.3,0.507
116.88,31884.6,34667.1,-0.5924,-0.8181,146.1,97.3,0.507
116.9,31811.0,34643.1,-0.9699,-0.8771,146.1,97.3,0.507
116.92,31830.4,34616.8,-0.8705,-0.9418,146.1,97.3,0.507
116.94,31760.7,34591.4,-1.228,-1.0044,146.1,97.3,0.507
116.96,31773.8,34520.6,-1.1609,-1.1787,146.1,97.3,0.507
116.98,31730.0,34469.1,-1.3857,-1.3056,146.1,97.3,0.507
117.0,31742.8,34415.0,-1.32,-1.4386,146.1,97.3,0.507
117.02,31815.9,34557.2,-0.9446,-1.0886,146.1,97.3,0.507
117.04,31972.2,34942.6,-0.1427,-0.1397,146.1,97.3,0.507
117.06,32135.3,35250.7,0.6944,0.6188,146.1,97.3,0.507
117.08,32214.1,35578.8,1.0989,1.4267,146.1,97.3,0.507
117.1,32378.3,35715.9,1.9417,1.7642,146.1,97.3,0.507
117.12,32371.7,35681.6,1.908,1.6797,146.1,97.3,0.507
117.14,32136.1,35521.2,0.6983,1.2847,146.1,97.3,0.507
117.16,32134.5,35362.6,0.6904,0.8942,146.1,97.3,0.507
117.18,32138.9,35216.2,0.713,0.534,146.1,97.3,0.507
117.2,32076.8,35068.9,0.3944,0.1712,146.1,97.3,0.507
117.22,32075.5,35025.6,0.3878,0.0646,146.1,97.3,0.507
117.24,31938.6,34995.7,-0.3151,-0.009,146.1,97.3,0.507
117.26,31923.9,34878.1,-0.3907,-0.2985,146.1,97.3,0.507
117.28,31982.5,34780.1,-0.0898,-0.5397,146.1,97.3,0.507
117.3,31778.4,34622.9,-1.1374,-0.9268,146.1,97.3,0.507
117.32,31822.1,34629.1,-0.9131,-0.9115,146.1,97.3,0.507
117.34,31771.9,34622.4,-1.1707,-0.9282,146.1,97.3,0.507
117.36,31798.8,34613.2,-1.0327,-0.9507,146.1,97.3,0.507
117.38,31778.4,34565.9,-1.1373,-1.0671,146.1,97.3,0.507
117.4,31643.1,34495.2,-1.8317,-1.2411,146.1,97.3,0.507
117.42,31794.3,34532.6,-1.0559,-1.1492,146.1,97.3,0.507
117.44,31897.3,34727.4,-0.5271,-0.6696,146.1,97.3,0.507
117.46,32043.6,35087.3,0.2238,0.2164,146.1,97.3,0.507
117.48,32193.2,35411.4,0.9916,1.0145,146.1,97.3,0.507
117.5,32290.1,35711.3,1.4892,1.7528,146.1,97.3,0.507
117.52,32377.9,35707.0,1.9394,1.7422,146.1,97.3,0.507
117.54,32260.5,35619.1,1.3369,1.5258,146.1,97.3,0.507
117.56,32238.0,35433.8,1.2216,1.0695,146.1,97.3,0.507
117.58,32193.4,35216.5,0.9928,0.5345,146.1,97.3,0.507
117.6,32091.0,35169.0,0.4672,0.4176,146.1,97.3,0.507
117.62,32103.5,35090.2,0.5313,0.2238,146.1,97.3,0.507
117.64,32119.4,34953.5,0.6129,-0.1129,146.1,97.3,0.507
117.66,32089.1,34870.9,0.4575,-0.3161,146.1,97.3,0.507
117.68,31970.6,34870.7,-0.1507,-0.3167,146.1,97.3,0.507
117.7,31804.2,34667.2,-1.0051,-0.8178,146.1,97.3,0.507
117.72,31804.5,34770.0,-1.0036,-0.5647,146.1,97.3,0.507
117.74,31813.8,34637.3,-0.9559,-0.8913,146.1,97.3,0.507
117.76,31812.5,34671.2,-0.9621,-0.8078,146.1,97.3,0.507
117.78,31811.1,34589.2,-0.9695,-1.0099,146.1,97.3,0.507
117.8,31767.5,34405.1,-1.1933,-1.4631,146.1,97.3,0.507
117.82,31689.9,34428.3,-1.5914,-1.4059,146.1,97.3,0.507
117.84,31796.5,34497.9,-1.0446,-1.2346,146.1,97.3,0.507
117.86,31957.9,34867.9,-0.2163,-0.3237,146.1,97.3,0.507
117.88,32107.6,35276.3,0.5524,0.6819,146.1,97.3,0.507
117.9,32162.3,35587.8,0.8332,1.4488,146.1,97.3,0.507
117.92,32312.6,35799.0,1.6043,1.9687,146.1,97.3,0.507
117.94,32309.0,35767.0,1.586,1.8899,146.1,97.3,0.507
117.96,32317.9,35563.5,1.6318,1.389,146.1,97.3,0.507
117.98,32145.0,35271.7,0.7443,0.6704,146.1,97.3,0.507
118.0,32066.3,35291.1,0.3405,0.7182,146.1,97.3,0.507
118.02,31991.8,35080.7,-0.0421,0.2004,146.1,97.3,0.507
118.04,32030.1,34988.2,0.1548,-0.0274,146.1,97.3,0.507
118.06,31947.6,34969.4,-0.2687,-0.0737,146.1,97.3,0.507
118.08,31927.6,34847.6,-0.3717,-0.3736,146.1,97.3,0.507
118.1,31913.5,34776.7,-0.4442,-0.5481,146.1,97.3,0.507
118.12,31875.7,34649.4,-0.6378,-0.8616,146.1,97.3,0.507
118.14,31919.7,34640.2,-0.4124,-0.8843,146.1,97.3,0.507
118.16,31795.7,34637.4,-1.0484,-0.8911,146.1,97.3,0.507
118.18,31807.5,34651.7,-0.9879,-0.8559,146.1,97.3,0.507
118.2,31688.9,34528.4,-1.5969,-1.1596,146.1,97.3,0.507
118.22,31824.1,34504.4,-0.9026,-1.2186,146.1,97.3,0.507
118.24,31810.4,34525.6,-0.9729,-1.1665,146.1,97.3,0.507
118.26,31920.9,34649.0,-0.4057,-0.8626,146.1,97.3,0.507
118.28,32039.8,35045.1,0.2041,0.1127,146.1,97.3,0.507
118.3,32283.1,35444.4,1.4532,1.0957,146.1,97.3,0.507
118.32,32164.2,35647.9,0.8428,1.5967,146.1,97.3,0.507
118.34,32328.2,35660.8,1.6845,1.6285,146.1,97.3,0.507
118.36,32299.3,35631.6,1.5363,1.5565,146.1,97.3,0.507
118.38,32159.8,35478.9,0.8202,1.1807,146.1,97.3,0.507
118.4,32154.3,35308.3,0.7918,0.7607,146.1,97.3,0.507
118.42,32041.2,35166.5,0.2113,0.4114,146.1,97.3,0.507
118.44,32028.0,35055.3,0.1436,0.1378,146.1,97.3,0.507
118.46,31964.2,35082.9,-0.1836,0.2057,146.1,97.3,0.507
118.48,31933.3,34867.0,-0.3423,-0.3259,146.1,97.3,0.507
118.5,31768.2,34866.3,-1.1895,-0.3276,146.1,97.3,0.507
118.52,31838.9,34897.6,-0.827,-0.2505,146.1,97.3,0.507
118.54,31901.6,34698.2,-0.5051,-0.7415,146.1,97.3,0.507
118.56,31851.0,34687.2,-0.7648,-0.7686,146.1,97.3,0.507
118.58,31831.8,34644.8,-0.8634,-0.873,146.1,97.3,0.507
118.6,31730.3,34589.5,-1.3842,-1.009,146.1,97.3,0.507
118.62,31756.7,34403.9,-1.2485,-1.4659,146.1,97.3,0.507
118.64,31771.2,34435.4,-1.1742,-1.3884,146.1,97.3,0.507
118.66,31848.6,34545.7,-0.7772,-1.1169,146.1,97.3,0.507
118.68,31994.3,34832.1,-0.0291,-0.4118,146.1,97.3,0.507
118.7,32106.8,35272.7,0.5482,0.6731,146.1,97.3,0.507
118.72,32311.9,35493.8,1.601,1.2174,146.1,97.3,0.507
118.74,32410.9,35737.6,2.1089,1.8175,146.1,97.3,0.507
118.76,32272.5,35707.5,1.3987,1.7435,146.1,97.3,0.507
118.78,32333.3,35527.4,1.7106,1.3001,146.1,97.3,0.507
118.8,32206.0,35303.8,1.0573,0.7495,146.1,97.3,0.507
118.82,32099.1,35225.1,0.5086,0.5558,146.1,97.3,0.507
118.84,31983.8,35129.5,-0.0831,0.3204,146.1,97.3,0.507
118.86,32017.5,35155.5,0.0899,0.3844,146.1,97.3,0.507
118.88,32016.1,35007.5,0.0828,0.02,146.1,97.3,0.507
118.9,31958.8,34918.5,-0.2113,-0.1991,146.1,97.3,0.507
118.92,31960.0,34786.6,-0.2052,-0.5238,146.1,97.3,0.507
118.94,31895.3,34615.3,-0.5371,-0.9454,146.1,97.3,0.507
118.96,31836.7,34674.4,-0.8379,-0.8,146.1,97.3,0.507
118.98,31902.4,34651.4,-0.5011,-0.8567,146.1,97.3,0.507
119.0,31799.2,34661.2,-1.0306,-0.8325,146.1,97.3,0.507
119.02,31751.5,34493.7,-1.2755,-1.2448,146.1,97.3,0.507
119.04,31699.8,34498.9,-1.5405,-1.2322,146.1,97.3,0.507
119.06,31758.2,34495.8,-1.2408,-1.2398,146.1,97.3,0.507
119.08,31771.6,34634.3,-1.1724,-0.8987,146.1,97.3,0.507
119.1,32047.4,35011.6,0.2435,0.0303,146.1,97.3,0.507
119.12,32190.8,35351.5,0.9795,0.8671,146.1,97.3,0.507
119.14,32235.9,35689.1,1.2106,1.6983,146.1,97.3,0.507
119.16,32356.9,35824.3,1.8318,2.0311,146.1,97.3,0.507
119.18,32371.9,35623.3,1.9091,1.5361,146.1,97.3,0.507
119.2,32182.4,35487.3,0.9364,1.2013,146.1,97.3,0.507
119.22,32028.3,35238.7,0.1455,0.5894,146.1,97.3,0.507
119.24,32078.9,35127.2,0.4052,0.3147,146.1,97.3,0.507
119.26,32051.2,35149.7,0.2631,0.3703,146.1,97.3,0.507
119.28,32043.9,35023.7,0.2255,0.06,146.1,97.3,0.507
119.3,32054.6,34907.5,0.2802,-0.226,146.1,97.3,0.507
119.32,31935.5,34864.4,-0.3308,-0.3322,146.1,97.3,0.507
119.34,31906.6,34696.6,-0.4791,-0.7453,146.1,97.3,0.507
119.36,31832.9,34619.3,-0.8577,-0.9358,146.1,97.3,0.507
119.38,31843.2,34653.0,-0.8047,-0.8526,146.1,97.3,0.507
119.4,31800.8,34569.2,-1.0224,-1.0589,146.1,97.3,0.507
119.42,31745.9,34548.5,-1.3041,-1.11,146.1,97.3,0.507
119.44,31795.9,34502.0,-1.0475,-1.2245,146.1,97.3,0.507
119.46,31779.2,34448.3,-1.1331,-1.3567,146.1,97.3,0.507
119.48,31782.2,34591.2,-1.118,-1.0048,146.1,97.3,0.507
119.5,31901.8,34833.0,-0.5041,-0.4096,146.1,97.3,0.507
119.52,32070.7,35225.7,0.3628,0.5572,146.1,97.3,0.507
119.54,32263.2,35544.4,1.3509,1.3419,146.1,97.3,0.507
119.56,32349.5,35743.4,1.794,1.8319,146.1,97.3,0.507
119.58,32306.9,35708.2,1.5754,1.7452,146.1,97.3,0.507
119.6,32182.8,35629.8,0.9382,1.5522,146.1,97.3,0.507
119.62,32064.5,35343.1,0.3309,0.8463,146.1,97.3,0.507
119.64,32156.9,35192.0,0.8052,0.4743,146.1,97.3,0.507
119.66,32048.6,35051.7,0.2497,0.1289,146.1,97.3,0.507
119.68,32104.0,35109.5,0.5341,0.2712,146.1,97.3,0.507
119.7,31953.7,35081.4,-0.2374,0.202,146.1,97.3,0.507
119.72,32010.2,34919.3,0.0524,-0.197,146.1,97.3,0.507
119.74,31952.1,34748.6,-0.2457,-0.6174,146.1,97.3,0.507
119.76,31901.6,34638.3,-0.5051,-0.8888,146.1,97.3,0.507
119.78,31871.3,34626.0,-0.6607,-0.9193,146.1,97.3,0.507
119.8,31817.3,34658.7,-0.9377,-0.8386,146.1,97.3,0.507
119.82,31879.3,34591.8,-0.6196,-1.0034,146.1,97.3,0.507
119.84,31765.6,34494.1,-1.203,-1.2439,146.1,97.3,0.507
119.86,31731.8,34471.7,-1.3763,-1.2992,146.1,97.3,0.507
119.88,31681.5,34519.7,-1.6348,-1.1808,146.1,97.3,0.507
119.9,31862.7,34593.1,-0.7048,-1.0002,146.1,97.3,0.507
119.92,31940.6,34992.2,-0.305,-0.0177,146.1,97.3,0.507
119.94,32111.5,35459.3,0.5726,1.1325,146.1,97.3,0.507
119.96,32372.6,35720.2,1.9123,1.7747,146.1,97.3,0.507
119.98,32316.3,35731.3,1.6234,1.802,146.1,97.3,0.507
