timestamp,raw_red,raw_ir,filtered_red,filtered_ir,heart_rate,spo2,ac_dc_ratio
0.0,32174.7,35194.2,0.8663,0.4779,148.0,96.9,0.523
0.02,32232.1,35544.2,1.1532,1.3385,148.0,96.9,0.523
0.04,32348.1,35805.4,1.7324,1.981,148.0,96.9,0.523
0.06,32266.6,35729.6,1.3251,1.7944,148.0,96.9,0.523
0.08,32329.1,35507.4,1.6376,1.2481,148.0,96.9,0.523
0.1,32173.4,35324.2,0.8595,0.7974,148.0,96.9,0.523
0.12,32248.6,35205.0,1.2353,0.5045,148.0,96.9,0.523
0.14,32025.1,35038.2,0.1191,0.0942,148.0,96.9,0.523
0.16,32045.5,35170.9,0.221,0.4204,148.0,96.9,0.523
0.18,32011.4,35046.2,0.0506,0.1139,148.0,96.9,0.523
0.2,32000.2,34976.0,-0.0053,-0.0588,148.0,96.9,0.523
0.22,31922.9,34775.7,-0.3913,-0.5514,148.0,96.9,0.523
0.24,31901.0,34688.9,-0.501,-0.7649,148.0,96.9,0.523
0.26,31854.9,34721.4,-0.7313,-0.685,148.0,96.9,0.523
0.28,31828.1,34620.2,-0.865,-0.9339,148.0,96.9,0.523
0.3,31810.3,34592.9,-0.9538,-1.001,148.0,96.9,0.523
0.32,31742.0,34551.3,-1.2951,-1.1032,148.0,96.9,0.523
0.34,31710.2,34393.0,-1.4539,-1.4924,148.0,96.9,0.523
0.36,31737.5,34509.0,-1.3175,-1.2073,148.0,96.9,0.523
0.38,31879.6,34695.9,-0.6081,-0.7477,148.0,96.9,0.523
0.4,32037.9,34967.3,0.183,-0.0802,148.0,96.9,0.523
0.42,32155.0,35403.9,0.768,0.9934,148.0,96.9,0.523
0.44,32380.0,35746.7,1.8917,1.8366,148.0,96.9,0.523
0.46,32287.3,35759.5,1.4289,1.8681,148.0,96.9,0.523
0.48,32292.2,35684.2,1.4533,1.6827,148.0,96.9,0.523
0.5,32246.7,35449.6,1.2261,1.1058,148.0,96.9,0.523
0.52,32250.2,35257.3,1.2434,0.633,148.0,96.9,0.523
0.54,32060.8,35210.4,0.2974,0.5177,148.0,96.9,0.523
0.56,32031.9,35075.5,0.1528,0.1858,148.0,96.9,0.523
0.58,31954.6,35063.8,-0.2331,0.157,148.0,96.9,0.523
0.6,31989.4,34945.7,-0.0594,-0.1334,148.0,96.9,0.523
0.62,31932.3,34828.3,-0.3448,-0.422,148.0,96.9,0.523
0.64,31853.6,34713.3,-0.7379,-0.7049,148.0,96.9,0.523
0.66,31972.4,34738.0,-0.1445,-0.6441,148.0,96.9,0.523
0.68,31841.8,34748.7,-0.7965,-0.6179,148.0,96.9,0.523
0.7,31872.7,34544.6,-0.6423,-1.1196,148.0,96.9,0.523
0.72,31765.4,34629.8,-1.1783,-0.9101,148.0,96.9,0.523
0.74,31734.1,34498.6,-1.3348,-1.2329,148.0,96.9,0.523
0.76,31774.1,34493.2,-1.1347,-1.2461,148.0,96.9,0.523
0.78,31805.7,34642.5,-0.977,-0.8789,148.0,96.9,0.523
0.8,31911.4,34977.4,-0.4489,-0.0554,148.0,96.9,0.523
0.82,32179.6,35321.3,0.8906,0.7905,148.0,96.9,0.523
0.84,32288.7,35624.4,1.4359,1.5357,148.0,96.9,0.523
0.86,32386.4,35766.5,1.9237,1.8851,148.0,96.9,0.523
0.88,32345.5,35694.7,1.7193,1.7086,148.0,96.9,0.523
0.9,32257.9,35506.7,1.2819,1.2462,148.0,96.9,0.523
0.92,32109.6,35263.8,0.5411,0.6489,148.0,96.9,0.523
0.94,32082.6,35184.6,0.4063,0.4541,148.0,96.9,0.523
0.96,31993.6,35098.1,-0.0385,0.2415,148.0,96.9,0.523
0.98,32101.1,35004.5,0.4988,0.0112,148.0,96.9,0.523
1.0,31891.5,34882.7,-0.5484,-0.2883,148.0,96.9,0.523
1.02,32033.1,34881.7,0.1588,-0.2908,148.0,96.9,0.523
1.04,31849.6,34686.7,-0.7575,-0.7703,148.0,96.9,0.523
1.06,31788.6,34689.4,-1.0623,-0.7637,148.0,96.9,0.523
1.08,31855.6,34685.7,-0.7276,-0.7726,148.0,96.9,0.523
1.1,31832.2,34710.1,-0.8445,-0.7126,148.0,96.9,0.523
1.12,31761.8,34628.7,-1.1963,-0.9128,148.0,96.9,0.523
1.14,31762.0,34469.0,-1.1954,-1.3057,148.0,96.9,0.523
1.16,31726.2,34467.8,-1.3739,-1.3085,148.0,96.9,0.523
1.18,31760.4,34600.3,-1.2033,-0.9828,148.0,96.9,0.523
1.2,31885.7,34801.1,-0.5774,-0.4888,148.0,96.9,0.523
1.22,32150.9,35317.2,0.7474,0.7802,148.0,96.9,0.523
1.24,32282.3,35539.1,1.404,1.3259,148.0,96.9,0.523
1.26,32256.3,35806.3,1.2739,1.9831,148.0,96.9,0.523
1.28,32405.4,35762.1,2.0184,1.8743,148.0,96.9,0.523
1.3,32293.3,35528.7,1.4588,1.3005,148.0,96.9,0.523
1.32,32119.4,35347.1,0.5901,0.8539,148.0,96.9,0.523
1.34,32109.1,35117.3,0.5386,0.2887,148.0,96.9,0.523
1.36,32055.3,35046.5,0.2699,0.1146,148.0,96.9,0.523
1.38,32044.8,35031.5,0.2175,0.0778,148.0,96.9,0.523
1.4,31968.7,35001.5,-0.1627,0.004,148.0,96.9,0.523
1.42,32008.4,34868.4,0.0354,-0.3234,148.0,96.9,0.523
1.44,31795.8,34766.2,-1.0267,-0.5746,148.0,96.9,0.523
1.46,31859.9,34665.1,-0.7065,-0.8234,148.0,96.9,0.523
1.48,31880.2,34698.1,-0.605,-0.7422,148.0,96.9,0.523
1.5,31797.0,34660.9,-1.0203,-0.8337,148.0,96.9,0.523
1.52,31851.1,34595.6,-0.7501,-0.9943,148.0,96.9,0.523
1.54,31706.9,34506.6,-1.4707,-1.2132,148.0,96.9,0.523
1.56,31793.2,34454.5,-1.0394,-1.3412,148.0,96.9,0.523
1.58,31744.8,34575.1,-1.2811,-1.0447,148.0,96.9,0.523
1.6,31844.9,34760.2,-0.7812,-0.5895,148.0,96.9,0.523
1.62,32104.4,35067.5,0.5149,0.1661,148.0,96.9,0.523
1.64,32264.4,35537.8,1.3142,1.3228,148.0,96.9,0.523
1.66,32369.8,35767.9,1.8408,1.8888,148.0,96.9,0.523
1.68,32280.9,35700.0,1.3969,1.7216,148.0,96.9,0.523
1.7,32232.5,35535.8,1.155,1.318,148.0,96.9,0.523
1.72,32346.1,35522.3,1.7223,1.2848,148.0,96.9,0.523
1.74,32160.0,35303.9,0.7929,0.7476,148.0,96.9,0.523
1.76,32070.2,35147.4,0.3444,0.3626,148.0,96.9,0.523
1.78,31948.6,35060.4,-0.2632,0.1487,148.0,96.9,0.523
1.8,31995.9,35036.8,-0.0267,0.0907,148.0,96.9,0.523
1.82,31990.9,34854.1,-0.0517,-0.3586,148.0,96.9,0.523
1.84,31879.6,34713.5,-0.6079,-0.7044,148.0,96.9,0.523
1.86,31780.1,34688.4,-1.1051,-0.7661,148.0,96.9,0.523
1.88,31905.0,34709.2,-0.4808,-0.7149,148.0,96.9,0.523
1.9,31782.3,34700.5,-1.0937,-0.7362,148.0,96.9,0.523
1.92,31780.2,34537.2,-1.1043,-1.1379,148.0,96.9,0.523
1.94,31758.6,34438.1,-1.2122,-1.3816,148.0,96.9,0.523
1.96,31710.1,34517.3,-1.4546,-1.1867,148.0,96.9,0.523
1.98,31752.4,34473.9,-1.2434,-1.2935,148.0,96.9,0.523
2.0,31903.0,34723.5,-0.4912,-0.6798,148.0,96.9,0.523
2.02,31950.4,35016.6,-0.2544,0.0411,148.0,96.9,0.523
2.04,32188.8,35445.9,0.9367,1.0967,148.0,96.9,0.523
2.06,32352.0,35743.1,1.7518,1.8276,148.0,96.9,0.523
2.08,32387.0,35709.4,1.9266,1.7448,148.0,96.9,0.523
2.1,32331.1,35686.3,1.6475,1.6879,148.0,96.9,0.523
2.12,32249.5,35455.6,1.2399,1.1207,148.0,96.9,0.523
2.14,32119.1,35175.6,0.5884,0.432,148.0,96.9,0.523
2.16,32110.7,35119.1,0.5464,0.2931,148.0,96.9,0.523
2.18,32079.0,35104.9,0.3882,0.2582,148.0,96.9,0.523
2.2,32060.5,35049.6,0.2958,0.1221,148.0,96.9,0.523
2.22,31952.5,34936.9,-0.2439,-0.1549,148.0,96.9,0.523
2.24,31941.5,34796.8,-0.2987,-0.4996,148.0,96.9,0.523
2.26,31907.7,34763.2,-0.4676,-0.5821,148.0,96.9,0.523
2.28,31871.1,34692.7,-0.6505,-0.7556,148.0,96.9,0.523
2.3,31882.2,34792.7,-0.595,-0.5095,148.0,96.9,0.523
2.32,31803.0,34631.8,-0.9907,-0.9052,148.0,96.9,0.523
2.34,31717.1,34419.1,-1.4196,-1.4283,148.0,96.9,0.523
2.36,31749.1,34467.5,-1.2598,-1.3092,148.0,96.9,0.523
2.38,31687.7,34401.8,-1.5665,-1.4709,148.0,96.9,0.523
2.4,31839.5,34559.1,-0.8081,-1.0842,148.0,96.9,0.523
2.42,31945.7,34936.5,-0.2778,-0.1559,148.0,96.9,0.523
2.44,32190.0,35309.9,0.9426,0.7624,148.0,96.9,0.523
2.46,32368.2,35701.1,1.8327,1.7243,148.0,96.9,0.523
2.48,32342.5,35688.9,1.7046,1.6944,148.0,96.9,0.523
2.5,32322.1,35721.5,1.6024,1.7745,148.0,96.9,0.523
2.52,32291.0,35470.1,1.4474,1.1563,148.0,96.9,0.523
2.54,32203.1,35267.1,1.008,0.6571,148.0,96.9,0.523
2.56,32059.7,35064.3,0.2918,0.1584,148.0,96.9,0.523
2.58,32134.3,35067.5,0.6645,0.1662,148.0,96.9,0.523
2.6,32015.8,35107.6,0.0723,0.2648,148.0,96.9,0.523
2.62,31937.3,34982.2,-0.3194,-0.0436,148.0,96.9,0.523
2.64,32025.0,34857.2,0.1186,-0.351,148.0,96.9,0.523
2.66,31932.5,34828.4,-0.3436,-0.4218,148.0,96.9,0.523
2.68,31802.3,34656.5,-0.9941,-0.8445,148.0,96.9,0.523
2.7,31861.5,34653.6,-0.6982,-0.8516,148.0,96.9,0.523
2.72,31792.1,34649.3,-1.045,-0.8623,148.0,96.9,0.523
2.74,31843.0,34552.6,-0.7907,-1.0999,148.0,96.9,0.523
2.76,31751.2,34479.6,-1.2494,-1.2795,148.0,96.9,0.523
2.78,31683.2,34450.5,-1.5888,-1.3512,148.0,96.9,0.523
2.8,31747.4,34564.9,-1.2681,-1.0699,148.0,96.9,0.523
2.82,31886.4,34876.5,-0.5739,-0.3035,148.0,96.9,0.523
2.84,32051.0,35298.9,0.2484,0.7353,148.0,96.9,0.523
2.86,32256.4,35519.2,1.2744,1.2771,148.0,96.9,0.523
2.88,32387.9,35768.2,1.9312,1.8893,148.0,96.9,0.523
2.9,32382.1,35764.4,1.9022,1.88,148.0,96.9,0.523
2.92,32250.0,35584.3,1.2422,1.4372,148.0,96.9,0.523
2.94,32077.7,35332.9,0.3815,0.8188,148.0,96.9,0.523
2.96,32143.2,35151.5,0.7089,0.3728,148.0,96.9,0.523
2.98,32072.3,35077.6,0.3546,0.1911,148.0,96.9,0.523
3.0,32055.1,35116.7,0.269,0.2871,148.0,96.9,0.523
3.02,31898.7,35029.4,-0.5124,0.0726,148.0,96.9,0.523
3.04,31902.4,34873.9,-0.494,-0.3099,148.0,96.9,0.523
3.06,31950.3,34782.0,-0.2545,-0.5359,148.0,96.9,0.523
3.08,31894.3,34718.4,-0.5343,-0.6923,148.0,96.9,0.523
3.1,31864.7,34691.1,-0.6822,-0.7595,148.0,96.9,0.523
3.12,31871.7,34613.9,-0.6474,-0.9492,148.0,96.9,0.523
3.14,31820.4,34616.9,-0.9034,-0.9419,148.0,96.9,0.523
3.16,31857.6,34530.0,-0.718,-1.1557,148.0,96.9,0.523
3.18,31770.5,34325.3,-1.153,-1.659,148.0,96.9,0.523
3.2,31740.7,34518.7,-1.3019,-1.1834,148.0,96.9,0.523
3.22,31903.6,34731.1,-0.4882,-0.6612,148.0,96.9,0.523
3.24,32057.5,35030.5,0.281,0.0752,148.0,96.9,0.523
3.26,32251.1,35486.9,1.2477,1.1977,148.0,96.9,0.523
3.28,32292.9,35707.4,1.4566,1.7398,148.0,96.9,0.523
3.3,32406.9,35751.2,2.026,1.8476,148.0,96.9,0.523
3.32,32306.0,35532.5,1.5221,1.3096,148.0,96.9,0.523
3.34,32124.2,35450.6,0.6142,1.1083,148.0,96.9,0.523
3.36,32151.8,35262.3,0.7521,0.6453,148.0,96.9,0.523
3.38,32078.7,35200.4,0.3865,0.4929,148.0,96.9,0.523
3.4,31921.2,35058.3,-0.3999,0.1436,148.0,96.9,0.523
3.42,31970.7,34995.7,-0.1529,-0.0105,148.0,96.9,0.523
3.44,32040.9,34981.0,0.1981,-0.0465,148.0,96.9,0.523
3.46,31812.6,34770.2,-0.9427,-0.5649,148.0,96.9,0.523
3.48,31888.0,34772.6,-0.5661,-0.559,148.0,96.9,0.523
3.5,31848.3,34640.4,-0.7641,-0.884,148.0,96.9,0.523
3.52,31725.0,34676.3,-1.3799,-0.7959,148.0,96.9,0.523
3.54,31776.2,34708.8,-1.1245,-0.7159,148.0,96.9,0.523
3.56,31795.4,34599.8,-1.0283,-0.9838,148.0,96.9,0.523
3.58,31768.0,34467.7,-1.1651,-1.3088,148.0,96.9,0.523
3.6,31688.3,34473.8,-1.5633,-1.2939,148.0,96.9,0.523
3.62,31891.9,34735.3,-0.5464,-0.6507,148.0,96.9,0.523
3.64,32007.9,34980.4,0.0329,-0.048,148.0,96.9,0.523
3.66,32170.3,35363.6,0.8442,0.8944,148.0,96.9,0.523
3.68,32414.0,35580.2,2.0614,1.427,148.0,96.9,0.523
3.7,32356.5,35716.5,1.7746,1.7622,148.0,96.9,0.523
3.72,32267.0,35601.3,1.3273,1.479,148.0,96.9,0.523
3.74,32119.0,35463.1,0.5878,1.139,148.0,96.9,0.523
3.76,32158.2,35260.4,0.784,0.6405,148.0,96.9,0.523
3.78,32101.5,35180.1,0.5006,0.443,148.0,96.9,0.523
3.8,32025.1,35030.2,0.119,0.0746,148.0,96.9,0.523
3.82,32010.2,34962.5,0.0448,-0.0921,148.0,96.9,0.523
3.84,31965.7,34862.7,-0.1775,-0.3375,148.0,96.9,0.523
3.86,31971.0,34840.9,-0.1512,-0.3911,148.0,96.9,0.523
3.88,31869.0,34721.6,-0.661,-0.6844,148.0,96.9,0.523
3.9,31807.3,34622.9,-0.969,-0.9272,148.0,96.9,0.523
3.92,31864.6,34681.5,-0.6826,-0.7831,148.0,96.9,0.523
3.94,31855.4,34646.0,-0.729,-0.8704,148.0,96.9,0.523
3.96,31652.4,34633.7,-1.7427,-0.9005,148.0,96.9,0.523
3.98,31760.9,34484.8,-1.2007,-1.2667,148.0,96.9,0.523
4.0,31726.6,34509.1,-1.3719,-1.207,148.0,96.9,0.523
4.02,31817.0,34478.1,-0.9205,-1.2832,148.0,96.9,0.523
4.04,31922.7,34825.6,-0.3927,-0.4287,148.0,96.9,0.523
4.06,32068.4,35334.9,0.3353,0.8238,148.0,96.9,0.523
4.08,32331.7,35566.0,1.6506,1.3921,148.0,96.9,0.523
4.1,32348.7,35747.6,1.7354,1.8387,148.0,96.9,0.523
4.12,32369.6,35659.4,1.84,1.6217,148.0,96.9,0.523
4.14,32273.6,35536.2,1.3605,1.3188,148.0,96.9,0.523
4.16,32175.1,35293.0,0.8681,0.7207,148.0,96.9,0.523
4.18,32062.5,35139.3,0.3059,0.3428,148.0,96.9,0.523
4.2,32036.1,35171.9,0.1739,0.4231,148.0,96.9,0.523
4.22,31940.6,35081.1,-0.3031,0.1997,148.0,96.9,0.523
4.24,32034.6,34992.5,0.1665,-0.0183,148.0,96.9,0.523
4.26,31867.9,34893.5,-0.6663,-0.2617,148.0,96.9,0.523
4.28,31904.5,34786.1,-0.4836,-0.5258,148.0,96.9,0.523
4.3,31971.8,34658.3,-0.1473,-0.8401,148.0,96.9,0.523
4.32,31883.7,34643.1,-0.5874,-0.8774,148.0,96.9,0.523
4.34,31875.5,34616.0,-0.6284,-0.9442,148.0,96.9,0.523
4.36,31853.3,34550.0,-0.7393,-1.1065,148.0,96.9,0.523
4.38,31778.4,34473.7,-1.1132,-1.294,148.0,96.9,0.523
4.4,31691.4,34448.7,-1.5478,-1.3555,148.0,96.9,0.523
4.42,31824.6,34544.8,-0.8824,-1.1192,148.0,96.9,0.523
4.44,31857.1,34737.8,-0.7205,-0.6445,148.0,96.9,0.523
4.46,32125.1,35131.9,0.6185,0.3247,148.0,96.9,0.523
4.48,32305.8,35594.6,1.5209,1.4626,148.0,96.9,0.523
4.5,32288.3,35781.8,1.4338,1.9228,148.0,96.9,0.523
4.52,32443.0,35717.3,2.2065,1.7643,148.0,96.9,0.523
4.54,32388.5,35551.7,1.934,1.3569,148.0,96.9,0.523
4.56,32136.7,35390.7,0.6763,0.9611,148.0,96.9,0.523
4.58,32102.8,35268.1,0.507,0.6596,148.0,96.9,0.523
4.6,31983.1,35207.5,-0.0911,0.5105,148.0,96.9,0.523
4.62,31998.1,35055.6,-0.0161,0.1371,148.0,96.9,0.523
4.64,31989.1,34978.1,-0.0607,-0.0537,148.0,96.9,0.523
4.66,31932.1,34888.1,-0.3458,-0.2749,148.0,96.9,0.523
4.68,31998.8,34805.2,-0.0125,-0.4789,148.0,96.9,0.523
4.7,31905.2,34732.9,-0.4798,-0.6567,148.0,96.9,0.523
4.72,31836.1,34703.4,-0.8249,-0.7292,148.0,96.9,0.523
4.74,31826.9,34603.0,-0.8709,-0.9761,148.0,96.9,0.523
4.76,31866.6,34470.7,-0.673,-1.3013,148.0,96.9,0.523
4.78,31783.6,34543.4,-1.0874,-1.1228,148.0,96.9,0.523
4.8,31664.4,34497.6,-1.6831,-1.2354,148.0,96.9,0.523
4.82,31798.2,34492.6,-1.0144,-1.2476,148.0,96.9,0.523
4.84,31816.3,34754.7,-0.9239,-0.6029,148.0,96.9,0.523
4.86,32071.0,35125.2,0.3483,0.3082,148.0,96.9,0.523
4.88,32328.7,35440.4,1.6353,1.0834,148.0,96.9,0.523
4.9,32309.3,35742.6,1.5384,1.8265,148.0,96.9,0.523
4.92,32296.9,35810.5,1.4765,1.9935,148.0,96.9,0.523
4.94,32375.1,35602.2,1.8672,1.4812,148.0,96.9,0.523
4.96,32250.7,35435.4,1.2458,1.071,148.0,96.9,0.523
4.98,32107.2,35232.5,0.529,0.572,148.0,96.9,0.523
5.0,32114.6,35184.5,0.5659,0.4539,148.0,96.9,0.523
5.02,32008.1,35109.2,0.0338,0.2687,148.0,96.9,0.523
5.04,32009.7,34980.3,0.0422,-0.0482,148.0,96.9,0.523
5.06,31947.1,34861.8,-0.2705,-0.3397,148.0,96.9,0.523
5.08,31953.4,34816.4,-0.239,-0.4513,148.0,96.9,0.523
5.1,31921.1,34732.8,-0.4006,-0.6568,148.0,96.9,0.523
5.12,31912.8,34696.7,-0.4418,-0.7457,148.0,96.9,0.523
5.14,31874.4,34645.5,-0.6337,-0.8717,148.0,96.9,0.523
5.16,31844.2,34601.0,-0.7845,-0.9811,148.0,96.9,0.523
5.18,31796.3,34569.9,-1.0242,-1.0574,148.0,96.9,0.523
5.2,31755.8,34536.2,-1.2262,-1.1404,148.0,96.9,0.523
5.22,31719.0,34450.6,-1.4103,-1.3508,148.0,96.9,0.523
5.24,31909.1,34610.7,-0.4605,-0.9571,148.0,96.9,0.523
5.26,31979.4,34998.3,-0.1094,-0.004,148.0,96.9,0.523
5.28,32105.6,35340.8,0.5209,0.8382,148.0,96.9,0.523
5.3,32339.4,35680.7,1.6888,1.6741,148.0,96.9,0.523
5.32,32420.0,35815.2,2.0918,2.005,148.0,96.9,0.523
5.34,32435.2,35621.4,2.1674,1.5283,148.0,96.9,0.523
5.36,32255.0,35503.3,1.2676,1.238,148.0,96.9,0.523
5.38,32236.0,35244.1,1.1724,0.6005,148.0,96.9,0.523
5.4,32078.4,35126.2,0.3854,0.3105,148.0,96.9,0.523
5.42,32062.2,35089.3,0.304,0.2199,148.0,96.9,0.523
5.44,31997.7,35036.9,-0.0179,0.091,148.0,96.9,0.523
5.46,31965.5,34923.8,-0.1789,-0.1871,148.0,96.9,0.523
5.48,31860.6,34820.0,-0.7029,-0.4424,148.0,96.9,0.523
5.5,31914.3,34772.2,-0.4347,-0.5599,148.0,96.9,0.523
5.52,31826.9,34666.9,-0.871,-0.8189,148.0,96.9,0.523
5.54,31825.1,34676.7,-0.8799,-0.7948,148.0,96.9,0.523
5.56,31800.2,34616.7,-1.0043,-0.9424,148.0,96.9,0.523
5.58,31787.6,34507.1,-1.0674,-1.2118,148.0,96.9,0.523
5.6,31726.6,34506.4,-1.372,-1.2136,148.0,96.9,0.523
5.62,31658.3,34478.9,-1.7131,-1.2812,148.0,96.9,0.523
5.64,31867.0,34668.0,-0.6706,-0.8163,148.0,96.9,0.523
5.66,31984.0,34869.5,-0.0863,-0.3206,148.0,96.9,0.523
5.68,32114.3,35225.0,0.5647,0.5534,148.0,96.9,0.523
5.7,32284.5,35541.6,1.4149,1.3321,148.0,96.9,0.523
5.72,32441.4,35825.0,2.1984,2.0292,148.0,96.9,0.523
5.74,32344.1,35583.2,1.7127,1.4344,148.0,96.9,0.523
5.76,32274.8,35530.2,1.3664,1.3041,148.0,96.9,0.523
5.78,32180.2,35315.3,0.8939,0.7756,148.0,96.9,0.523
5.8,32031.9,35137.3,0.153,0.3378,148.0,96.9,0.523
5.82,32083.5,35098.2,0.4105,0.2418,148.0,96.9,0.523
5.84,32076.3,34991.2,0.3746,-0.0215,148.0,96.9,0.523
5.86,31968.9,34916.1,-0.1619,-0.2062,148.0,96.9,0.523
5.88,32007.6,34890.9,0.0316,-0.268,148.0,96.9,0.523
5.9,31911.5,34866.4,-0.4487,-0.3283,148.0,96.9,0.523
5.92,31843.1,34693.8,-0.7902,-0.7528,148.0,96.9,0.523
5.94,31813.9,34587.7,-0.9358,-1.0137,148.0,96.9,0.523
5.96,31803.6,34613.3,-0.9873,-0.9508,148.0,96.9,0.523
5.98,31736.7,34570.7,-1.3217,-1.0556,148.0,96.9,0.523
6.0,31765.3,34461.2,-1.1786,-1.3247,148.0,96.9,0.523
6.02,31717.1,34455.1,-1.4198,-1.3399,148.0,96.9,0.523
6.04,31834.9,34534.6,-0.8313,-1.1443,148.0,96.9,0.523
6.06,31919.8,34778.9,-0.4068,-0.5434,148.0,96.9,0.523
6.08,32091.8,35144.0,0.4519,0.3544,148.0,96.9,0.523
6.1,32120.7,35559.9,0.5967,1.3771,148.0,96.9,0.523
6.12,32338.7,35764.9,1.6855,1.8812,148.0,96.9,0.523
6.14,32439.0,35756.5,2.1867,1.8607,148.0,96.9,0.523
6.16,32290.1,35562.5,1.4428,1.3835,148.0,96.9,0.523
6.18,32206.0,35336.0,1.0228,0.8265,148.0,96.9,0.523
6.2,32093.9,35251.8,0.4627,0.6195,148.0,96.9,0.523
6.22,32058.3,35117.3,0.285,0.2887,148.0,96.9,0.523
6.24,32063.8,35141.2,0.312,0.3475,148.0,96.9,0.523
6.26,32097.0,34950.4,0.4783,-0.1218,148.0,96.9,0.523
6.28,31904.7,34841.9,-0.4826,-0.3885,148.0,96.9,0.523
6.3,31829.5,34777.4,-0.8579,-0.5472,148.0,96.9,0.523
6.32,31940.1,34764.7,-0.3055,-0.5783,148.0,96.9,0.523
6.34,31798.5,34656.3,-1.0127,-0.8451,148.0,96.9,0.523
6.36,31836.8,34650.0,-0.8215,-0.8605,148.0,96.9,0.523
6.38,31794.1,34571.4,-1.0349,-1.0538,148.0,96.9,0.523
6.4,31745.1,34513.0,-1.2799,-1.1973,148.0,96.9,0.523
6.42,31669.5,34359.2,-1.6575,-1.5758,148.0,96.9,0.523
6.44,31738.7,34446.3,-1.3115,-1.3613,148.0,96.9,0.523
6.46,31852.3,34745.8,-0.7443,-0.6248,148.0,96.9,0.523
6.48,32060.7,35038.4,0.2968,0.0947,148.0,96.9,0.523
6.5,32216.7,35462.3,1.0762,1.1371,148.0,96.9,0.523
6.52,32346.7,35707.5,1.7254,1.7401,148.0,96.9,0.523
6.54,32308.9,35748.5,1.5365,1.841,148.0,96.9,0.523
6.56,32243.4,35584.9,1.2092,1.4387,148.0,96.9,0.523
6.58,32190.9,35357.6,0.9474,0.8797,148.0,96.9,0.523
6.6,32194.2,35181.8,0.9635,0.4474,148.0,96.9,0.523
6.62,32064.0,35261.3,0.3135,0.6427,148.0,96.9,0.523
6.64,32026.6,35151.4,0.1266,0.3725,148.0,96.9,0.523
6.66,32009.2,35015.7,0.0394,0.0387,148.0,96.9,0.523
6.68,31913.7,34873.7,-0.4374,-0.3104,148.0,96.9,0.523
6.7,31923.4,34740.7,-0.3891,-0.6375,148.0,96.9,0.523
6.72,31852.0,34714.1,-0.746,-0.7029,148.0,96.9,0.523
6.74,31797.1,34641.4,-1.0197,-0.8815,148.0,96.9,0.523
6.76,31798.3,34668.3,-1.0141,-0.8155,148.0,96.9,0.523
6.78,31819.5,34543.1,-0.9081,-1.1233,148.0,96.9,0.523
6.8,31783.6,34546.0,-1.0873,-1.1164,148.0,96.9,0.523
6.82,31821.7,34401.7,-0.897,-1.471,148.0,96.9,0.523
6.84,31694.7,34513.8,-1.5316,-1.1955,148.0,96.9,0.523
6.86,31845.4,34716.5,-0.7786,-0.6971,148.0,96.9,0.523
6.88,31936.7,34983.9,-0.3227,-0.0394,148.0,96.9,0.523
6.9,32134.7,35308.9,0.6666,0.7599,148.0,96.9,0.523
6.92,32264.2,35709.6,1.3135,1.7452,148.0,96.9,0.523
6.94,32359.0,35846.5,1.7868,2.0819,148.0,96.9,0.523
6.96,32266.7,35641.4,1.3259,1.5776,148.0,96.9,0.523
6.98,32195.8,35403.7,0.9715,0.9931,148.0,96.9,0.523
7.0,32101.7,35298.9,0.5014,0.7352,148.0,96.9,0.523
7.02,32080.9,35231.0,0.3976,0.5684,148.0,96.9,0.523
7.04,32069.6,35113.3,0.3411,0.2788,148.0,96.9,0.523
7.06,32075.6,35160.5,0.3713,0.395,148.0,96.9,0.523
7.08,32028.5,35013.4,0.1361,0.0332,148.0,96.9,0.523
7.1,31989.6,34826.1,-0.0584,-0.4275,148.0,96.9,0.523
7.12,31862.0,34813.9,-0.6958,-0.4574,148.0,96.9,0.523
7.14,31876.6,34635.3,-0.6227,-0.8967,148.0,96.9,0.523
7.16,31862.9,34710.9,-0.6914,-0.7107,148.0,96.9,0.523
7.18,31796.8,34545.3,-1.0213,-1.1181,148.0,96.9,0.523
7.2,31754.2,34595.3,-1.2342,-0.9951,148.0,96.9,0.523
7.22,31761.8,34441.2,-1.1961,-1.374,148.0,96.9,0.523
7.24,31719.7,34345.4,-1.4067,-1.6096,148.0,96.9,0.523
7.26,31856.1,34660.4,-0.7254,-0.8349,148.0,96.9,0.523
7.28,31963.7,34873.8,-0.1879,-0.3102,148.0,96.9,0.523
7.3,32067.5,35261.7,0.3307,0.6439,148.0,96.9,0.523
7.32,32168.6,35564.2,0.8358,1.3878,148.0,96.9,0.523
7.34,32359.1,35718.1,1.7874,1.7661,148.0,96.9,0.523
7.36,32424.3,35658.4,2.1128,1.6195,148.0,96.9,0.523
7.38,32304.3,35526.9,1.5134,1.2959,148.0,96.9,0.523
7.4,32162.3,35277.0,0.8044,0.6814,148.0,96.9,0.523
7.42,31996.0,35212.4,-0.0266,0.5226,148.0,96.9,0.523
7.44,32053.5,35127.8,0.2607,0.3145,148.0,96.9,0.523
7.46,31946.0,35097.2,-0.2761,0.2393,148.0,96.9,0.523
7.48,31976.8,34927.5,-0.1223,-0.1781,148.0,96.9,0.523
7.5,31908.6,34869.8,-0.463,-0.32,148.0,96.9,0.523
7.52,31909.7,34793.4,-0.4573,-0.5078,148.0,96.9,0.523
7.54,31865.0,34700.1,-0.6806,-0.7373,148.0,96.9,0.523
7.56,31890.7,34676.0,-0.5525,-0.7965,148.0,96.9,0.523
7.58,31774.0,34618.2,-1.1354,-0.9386,148.0,96.9,0.523
7.6,31818.0,34633.2,-0.9157,-0.9018,148.0,96.9,0.523
7.62,31737.5,34531.2,-1.3176,-1.1528,148.0,96.9,0.523
7.64,31604.0,34439.6,-1.9844,-1.378,148.0,96.9,0.523
7.66,31700.6,34547.9,-1.5021,-1.1116,148.0,96.9,0.523
7.68,31885.3,34796.2,-0.5795,-0.501,148.0,96.9,0.523
7.7,32066.6,35124.3,0.3265,0.3058,148.0,96.9,0.523
7.72,32243.0,35554.8,1.2076,1.3646,148.0,96.9,0.523
7.74,32301.7,35773.2,1.5007,1.9016,148.0,96.9,0.523
7.76,32420.7,35651.0,2.095,1.6013,148.0,96.9,0.523
7.78,32267.8,35635.4,1.3315,1.5628,148.0,96.9,0.523
7.8,32175.1,35357.8,0.8681,0.8802,148.0,96.9,0.523
7.82,31938.0,35217.2,-0.3159,0.5345,148.0,96.9,0.523
7.84,31996.0,35012.6,-0.0265,0.0312,148.0,96.9,0.523
7.86,32052.4,35107.1,0.2553,0.2635,148.0,96.9,0.523
7.88,31947.5,35001.1,-0.2686,0.0029,148.0,96.9,0.523
7.9,31977.1,34852.6,-0.1209,-0.3623,148.0,96.9,0.523
7.92,31940.4,34808.9,-0.304,-0.4697,148.0,96.9,0.523
7.94,31820.3,34675.7,-0.9043,-0.7973,148.0,96.9,0.523
7.96,31879.5,34688.3,-0.6085,-0.7664,148.0,96.9,0.523
7.98,31810.4,34593.8,-0.9538,-0.9987,148.0,96.9,0.523
8.0,31802.5,34618.9,-0.9932,-0.9371,148.0,96.9,0.523
8.02,31860.0,34531.6,-0.7056,-1.1517,148.0,96.9,0.523
8.04,31718.7,34524.8,-1.4117,-1.1685,148.0,96.9,0.523
8.06,31681.1,34537.0,-1.5993,-1.1384,148.0,96.9,0.523
8.08,31847.0,34706.8,-0.7708,-0.7208,148.0,96.9,0.523
8.1,31951.5,34988.4,-0.2487,-0.0283,148.0,96.9,0.523
8.12,32141.2,35462.9,0.6991,1.1387,148.0,96.9,0.523
8.14,32311.2,35653.5,1.5481,1.6074,148.0,96.9,0.523
8.16,32342.2,35798.1,1.7031,1.9629,148.0,96.9,0.523
8.18,32256.4,35598.9,1.2745,1.4731,148.0,96.9,0.523
8.2,32235.7,35434.0,1.1711,1.0676,148.0,96.9,0.523
8.22,32152.6,35260.9,0.7557,0.6417,148.0,96.9,0.523
8.24,32052.5,35157.4,0.2557,0.3873,148.0,96.9,0.523
8.26,32094.0,35077.6,0.4631,0.1909,148.0,96.9,0.523
8.28,32041.3,34918.5,0.1999,-0.2002,148.0,96.9,0.523
8.3,31985.8,34921.9,-0.0776,-0.1917,148.0,96.9,0.523
8.32,31863.1,34841.7,-0.6905,-0.3891,148.0,96.9,0.523
8.34,31893.2,34731.4,-0.54,-0.6604,148.0,96.9,0.523
8.36,31825.4,34739.3,-0.8785,-0.6408,148.0,96.9,0.523
8.38,31824.4,34662.7,-0.8837,-0.8292,148.0,96.9,0.523
8.4,31809.4,34624.9,-0.9584,-0.9223,148.0,96.9,0.523
8.42,31755.8,34559.7,-1.2264,-1.0825,148.0,96.9,0.523
8.44,31729.8,34423.8,-1.3563,-1.4168,148.0,96.9,0.523
8.46,31758.2,34440.3,-1.2142,-1.3762,148.0,96.9,0.523
8.48,31831.6,34683.9,-0.8476,-0.7772,148.0,96.9,0.523
8.5,31885.7,34971.2,-0.5773,-0.0707,148.0,96.9,0.523
8.52,32191.5,35231.4,0.9502,0.5693,148.0,96.9,0.523
8.54,32350.4,35502.9,1.7441,1.237,148.0,96.9,0.523
8.56,32398.4,35745.3,1.9836,1.8332,148.0,96.9,0.523
8.58,32311.1,35615.3,1.5476,1.5133,148.0,96.9,0.523
8.6,32275.7,35533.9,1.3705,1.3133,148.0,96.9,0.523
8.62,32105.2,35344.9,0.519,0.8483,148.0,96.9,0.523
8.64,32175.6,35103.5,0.8705,0.2548,148.0,96.9,0.523
8.66,32054.1,35079.2,0.2639,0.1951,148.0,96.9,0.523
8.68,31979.0,35118.4,-0.1113,0.2915,148.0,96.9,0.523
8.7,32044.5,35055.1,0.2159,0.1358,148.0,96.9,0.523
8.72,31841.1,34899.3,-0.8004,-0.2475,148.0,96.9,0.523
8.74,31882.2,34776.9,-0.5947,-0.5484,148.0,96.9,0.523
8.76,31810.4,34689.3,-0.9533,-0.7638,148.0,96.9,0.523
8.78,31851.9,34575.4,-0.7464,-1.0441,148.0,96.9,0.523
8.8,31749.0,34663.4,-1.2601,-0.8275,148.0,96.9,0.523
8.82,31874.9,34586.4,-0.6315,-1.017,148.0,96.9,0.523
8.84,31688.1,34487.5,-1.5646,-1.2602,148.0,96.9,0.523
8.86,31779.7,34397.4,-1.1071,-1.4817,148.0,96.9,0.523
8.88,31814.2,34553.9,-0.9344,-1.0969,148.0,96.9,0.523
8.9,31980.7,34785.0,-0.1027,-0.5285,148.0,96.9,0.523
8.92,32066.9,35272.8,0.328,0.6711,148.0,96.9,0.523
8.94,32225.8,35537.6,1.1215,1.3223,148.0,96.9,0.523
8.96,32416.3,35694.7,2.0733,1.7085,148.0,96.9,0.523
8.98,32331.2,35704.5,1.648,1.7326,148.0,96.9,0.523
9.0,32282.0,35554.4,1.4023,1.3636,148.0,96.9,0.523
9.02,32166.3,35310.4,0.8242,0.7636,148.0,96.9,0.523
9.04,32130.5,35158.1,0.6452,0.389,148.0,96.9,0.523
9.06,32049.2,35104.2,0.2394,0.2566,148.0,96.9,0.523
9.08,32026.5,35071.7,0.1259,0.1766,148.0,96.9,0.523
9.1,32022.3,35030.0,0.105,0.0741,148.0,96.9,0.523
9.12,31938.2,34870.3,-0.315,-0.3186,148.0,96.9,0.523
9.14,31847.1,34758.0,-0.7704,-0.5948,148.0,96.9,0.523
9.16,31883.8,34717.3,-0.5867,-0.695,148.0,96.9,0.523
9.18,31865.8,34635.6,-0.6768,-0.8958,148.0,96.9,0.523
9.2,31812.6,34672.2,-0.9425,-0.806,148.0,96.9,0.523
9.22,31864.9,34571.0,-0.6811,-1.0547,148.0,96.9,0.523
9.24,31782.1,34494.9,-1.0948,-1.2419,148.0,96.9,0.523
9.26,31707.8,34470.4,-1.4661,-1.3022,148.0,96.9,0.523
9.28,31733.3,34423.3,-1.3384,-1.4181,148.0,96.9,0.523
9.3,31845.3,34716.2,-0.7792,-0.6978,148.0,96.9,0.523
9.32,32071.0,35147.8,0.3484,0.3638,148.0,96.9,0.523
9.34,32242.7,35444.7,1.206,1.0939,148.0,96.9,0.523
9.36,32294.2,35697.6,1.463,1.7157,148.0,96.9,0.523
9.38,32319.5,35743.8,1.5897,1.8293,148.0,96.9,0.523
9.4,32302.6,35591.8,1.5052,1.4557,148.0,96.9,0.523
9.42,32167.7,35411.9,0.8314,1.0131,148.0,96.9,0.523
9.44,32071.5,35283.4,0.3508,0.6971,148.0,96.9,0.523
9.46,32115.8,35194.0,0.572,0.4773,148.0,96.9,0.523
9.48,32012.2,35035.4,0.0543,0.0873,148.0,96.9,0.523
9.5,32000.9,35020.9,-0.0021,0.0515,148.0,96.9,0.523
9.52,32019.3,34878.3,0.09,-0.2989,148.0,96.9,0.523
9.54,31953.8,34787.0,-0.2374,-0.5236,148.0,96.9,0.523
9.56,31925.3,34724.4,-0.3794,-0.6775,148.0,96.9,0.523
9.58,31802.2,34613.8,-0.9945,-0.9495,148.0,96.9,0.523
9.6,31761.6,34652.0,-1.1974,-0.8556,148.0,96.9,0.523
9.62,31752.8,34606.5,-1.241,-0.9676,148.0,96.9,0.523
9.64,31864.2,34528.4,-0.6847,-1.1596,148.0,96.9,0.523
9.66,31756.1,34516.4,-1.2247,-1.1892,148.0,96.9,0.523
9.68,31715.7,34454.6,-1.4265,-1.3409,148.0,96.9,0.523
9.7,31822.0,34677.3,-0.8957,-0.7932,148.0,96.9,0.523
9.72,31994.0,35067.7,-0.0363,0.1668,148.0,96.9,0.523
9.74,32140.8,35465.5,0.6968,1.1449,148.0,96.9,0.523
9.76,32382.3,35657.4,1.9032,1.6168,148.0,96.9,0.523
9.78,32370.9,35682.9,1.8463,1.6796,148.0,96.9,0.523
9.8,32332.8,35658.4,1.6559,1.6195,148.0,96.9,0.523
9.82,32230.9,35481.4,1.1469,1.184,148.0,96.9,0.523
9.84,32125.7,35300.1,0.6215,0.7383,148.0,96.9,0.523
9.86,32080.6,35141.2,0.3961,0.3475,148.0,96.9,0.523
9.88,32079.0,35080.8,0.3884,0.1988,148.0,96.9,0.523
9.9,32038.7,35057.3,0.1867,0.1412,148.0,96.9,0.523
9.92,31949.6,34957.3,-0.2581,-0.1047,148.0,96.9,0.523
9.94,31979.6,34797.7,-0.1084,-0.4973,148.0,96.9,0.523
9.96,31852.9,34729.7,-0.7412,-0.6645,148.0,96.9,0.523
9.98,31830.5,34633.4,-0.853,-0.9013,148.0,96.9,0.523
10.0,31886.6,34696.0,-0.5729,-0.7475,148.0,96.9,0.523
10.02,31756.3,34626.6,-1.2238,-0.9181,148.0,96.9,0.523
10.04,31772.0,34525.3,-1.1454,-1.1673,148.0,96.9,0.523
10.06,31684.9,34508.0,-1.5803,-1.2097,148.0,96.9,0.523
10.08,31726.9,34493.9,-1.3708,-1.2443,148.0,96.9,0.523
10.1,31803.2,34550.7,-0.9894,-1.1048,148.0,96.9,0.523
10.12,31992.8,34920.1,-0.0424,-0.1962,148.0,96.9,0.523
10.14,32163.4,35336.7,0.8098,0.8283,148.0,96.9,0.523
10.16,32372.0,35558.7,1.8519,1.3741,148.0,96.9,0.523
10.18,32334.6,35730.5,1.6649,1.7967,148.0,96.9,0.523
10.2,32319.8,35660.1,1.5912,1.6235,148.0,96.9,0.523
10.22,32305.4,35556.7,1.5192,1.3693,148.0,96.9,0.523
10.24,32109.3,35331.3,0.5394,0.815,148.0,96.9,0.523
10.26,32129.6,35138.8,0.6408,0.3415,148.0,96.9,0.523
10.28,31996.2,35105.3,-0.0255,0.2593,148.0,96.9,0.523
10.3,31924.9,35056.8,-0.3817,0.14,148.0,96.9,0.523
10.32,31978.0,34869.9,-0.1166,-0.3197,148.0,96.9,0.523
10.34,31888.1,34749.1,-0.5652,-0.6168,148.0,96.9,0.523
10.36,31852.1,34786.2,-0.7453,-0.5256,148.0,96.9,0.523
10.38,31801.4,34672.8,-0.9983,-0.8045,148.0,96.9,0.523
10.4,31828.9,34654.5,-0.8611,-0.8494,148.0,96.9,0.523
10.42,31746.0,34594.3,-1.2752,-0.9975,148.0,96.9,0.523
10.44,31737.5,34578.6,-1.3177,-1.0361,148.0,96.9,0.523
10.46,31718.7,34507.5,-1.4118,-1.211,148.0,96.9,0.523
10.48,31772.9,34359.4,-1.1409,-1.5751,148.0,96.9,0.523
10.5,31739.5,34639.4,-1.3078,-0.8865,148.0,96.9,0.523
10.52,32027.7,34857.0,0.1318,-0.3515,148.0,96.9,0.523
10.54,32100.5,35208.0,0.4958,0.5118,148.0,96.9,0.523
10.56,32317.9,35594.2,1.5817,1.4614,148.0,96.9,0.523
10.58,32375.2,35703.4,1.8678,1.7299,148.0,96.9,0.523
10.6,32388.6,35786.6,1.9348,1.9346,148.0,96.9,0.523
10.62,32376.1,35589.5,1.8723,1.4498,148.0,96.9,0.523
10.64,32098.8,35411.6,0.4873,1.0123,148.0,96.9,0.523
10.66,32158.3,35221.3,0.7845,0.5444,148.0,96.9,0.523
10.68,32143.3,35060.0,0.7096,0.1479,148.0,96.9,0.523
10.7,32002.2,35044.4,0.0048,0.1094,148.0,96.9,0.523
10.72,31933.4,35041.7,-0.3389,0.1028,148.0,96.9,0.523
10.74,32079.4,34847.3,0.39,-0.3752,148.0,96.9,0.523
10.76,31824.6,34671.2,-0.8824,-0.8083,148.0,96.9,0.523
10.78,31784.3,34680.6,-1.0837,-0.7853,148.0,96.9,0.523
10.8,31858.4,34689.0,-0.7136,-0.7647,148.0,96.9,0.523
10.82,31853.5,34683.4,-0.7384,-0.7783,148.0,96.9,0.523
10.84,31800.4,34652.1,-1.0034,-0.8552,148.0,96.9,0.523
10.86,31835.5,34501.7,-0.8283,-1.2252,148.0,96.9,0.523
10.88,31754.8,34478.3,-1.2315,-1.2828,148.0,96.9,0.523
10.9,31749.2,34514.4,-1.2592,-1.1939,148.0,96.9,0.523
10.92,31914.5,34743.5,-0.4333,-0.6307,148.0,96.9,0.523
10.94,32072.7,35008.7,0.3568,0.0216,148.0,96.9,0.523
10.96,32121.8,35529.6,0.6018,1.3026,148.0,96.9,0.523
10.98,32247.5,35756.7,1.2297,1.8612,148.0,96.9,0.523
11.0,32374.3,35759.3,1.8635,1.8676,148.0,96.9,0.523
11.02,32338.3,35580.1,1.6833,1.4267,148.0,96.9,0.523
11.04,32115.7,35374.7,0.5715,0.9217,148.0,96.9,0.523
11.06,32182.8,35244.0,0.9065,0.6003,148.0,96.9,0.523
11.08,32156.1,35235.5,0.7734,0.5792,148.0,96.9,0.523
11.1,32039.5,35006.5,0.1909,0.0161,148.0,96.9,0.523
11.12,32065.8,35070.1,0.3221,0.1726,148.0,96.9,0.523
11.14,31954.9,34948.5,-0.2315,-0.1265,148.0,96.9,0.523
11.16,31851.7,34871.3,-0.7472,-0.3163,148.0,96.9,0.523
11.18,31928.4,34729.3,-0.3639,-0.6654,148.0,96.9,0.523
11.2,31874.6,34726.6,-0.633,-0.6722,148.0,96.9,0.523
11.22,31923.4,34671.2,-0.3889,-0.8082,148.0,96.9,0.523
11.24,31782.8,34598.1,-1.0916,-0.9883,148.0,96.9,0.523
11.26,31780.3,34504.3,-1.1037,-1.2187,148.0,96.9,0.523
11.28,31721.9,34519.9,-1.3954,-1.1804,148.0,96.9,0.523
11.3,31752.5,34461.0,-1.2426,-1.3252,148.0,96.9,0.523
11.32,31884.2,34646.9,-0.5847,-0.8681,148.0,96.9,0.523
11.34,32038.6,34939.9,0.1865,-0.1475,148.0,96.9,0.523
11.36,32184.9,35408.3,0.917,1.0043,148.0,96.9,0.523
11.38,32282.1,35745.6,1.4026,1.8337,148.0,96.9,0.523
11.4,32386.2,35802.9,1.9227,1.9747,148.0,96.9,0.523
11.42,32327.2,35625.8,1.628,1.5391,148.0,96.9,0.523
11.44,32286.6,35379.6,1.4254,0.9337,148.0,96.9,0.523
11.46,32085.9,35290.7,0.4228,0.7152,148.0,96.9,0.523
11.48,32148.5,35170.1,0.7352,0.4185,148.0,96.9,0.523
11.5,31974.9,35135.3,-0.132,0.333,148.0,96.9,0.523
11.52,31975.3,35067.5,-0.1299,0.1662,148.0,96.9,0.523
11.54,31900.6,34923.8,-0.5032,-0.1873,148.0,96.9,0.523
11.56,31983.2,34861.9,-0.0905,-0.3395,148.0,96.9,0.523
11.58,31767.4,34823.5,-1.1685,-0.4338,148.0,96.9,0.523
11.6,31815.2,34704.9,-0.9294,-0.7255,148.0,96.9,0.523
11.62,31839.1,34671.9,-0.8102,-0.8066,148.0,96.9,0.523
11.64,31818.3,34710.7,-0.9139,-0.7112,148.0,96.9,0.523
11.66,31870.7,34627.9,-0.6522,-0.9147,148.0,96.9,0.523
11.68,31714.3,34503.4,-1.4337,-1.221,148.0,96.9,0.523
11.7,31668.8,34459.9,-1.6608,-1.328,148.0,96.9,0.523
11.72,31845.0,34574.2,-0.7809,-1.0469,148.0,96.9,0.523
11.74,31861.9,34852.0,-0.6962,-0.3637,148.0,96.9,0.523
11.76,32102.0,35324.6,0.5029,0.7985,148.0,96.9,0.523
11.78,32197.4,35491.2,0.9799,1.2082,148.0,96.9,0.523
11.8,32418.4,35774.3,2.0834,1.9045,148.0,96.9,0.523
11.82,32322.8,35660.6,1.6059,1.6247,148.0,96.9,0.523
11.84,32265.4,35620.4,1.3194,1.526,148.0,96.9,0.523
11.86,32119.6,35403.0,0.5912,0.9913,148.0,96.9,0.523
11.88,32077.9,35149.9,0.3826,0.3688,148.0,96.9,0.523
11.9,32084.5,35179.1,0.4158,0.4406,148.0,96.9,0.523
11.92,32111.0,35092.4,0.5481,0.2275,148.0,96.9,0.523
11.94,32026.4,34977.8,0.1253,-0.0544,148.0,96.9,0.523
11.96,32000.7,34928.0,-0.0028,-0.1768,148.0,96.9,0.523
11.98,31829.7,34716.8,-0.8569,-0.6962,148.0,96.9,0.523
12.0,31814.6,34680.7,-0.9324,-0.7851,148.0,96.9,0.523
12.02,31859.5,34641.1,-0.7083,-0.8823,148.0,96.9,0.523
12.04,31847.7,34637.8,-0.767,-0.8906,148.0,96.9,0.523
12.06,31925.9,34536.0,-0.3765,-1.1408,148.0,96.9,0.523
12.08,31687.9,34529.9,-1.5657,-1.1559,148.0,96.9,0.523
12.1,31750.1,34378.3,-1.2548,-1.5286,148.0,96.9,0.523
12.12,31776.3,34567.3,-1.124,-1.064,148.0,96.9,0.523
12.14,31898.5,34834.9,-0.5133,-0.4058,148.0,96.9,0.523
12.16,31992.5,35142.5,-0.0437,0.3505,148.0,96.9,0.523
12.18,32232.2,35509.6,1.1536,1.2534,148.0,96.9,0.523
12.2,32354.8,35725.4,1.7661,1.7842,148.0,96.9,0.523
12.22,32263.1,35744.4,1.3078,1.8308,148.0,96.9,0.523
12.24,32259.7,35638.5,1.2907,1.5703,148.0,96.9,0.523
12.26,32120.3,35316.8,0.5945,0.7794,148.0,96.9,0.523
12.28,32080.5,35209.4,0.3958,0.5152,148.0,96.9,0.523
12.3,31965.5,35141.6,-0.1788,0.3484,148.0,96.9,0.523
12.32,31996.1,35012.8,-0.0259,0.0318,148.0,96.9,0.523
12.34,32051.0,35032.4,0.2485,0.08,148.0,96.9,0.523
12.36,31929.5,34926.4,-0.3586,-0.1808,148.0,96.9,0.523
12.38,31975.4,34749.9,-0.1294,-0.6149,148.0,96.9,0.523
12.4,31969.8,34754.6,-0.1575,-0.6033,148.0,96.9,0.523
12.42,31804.0,34750.3,-0.9855,-0.6139,148.0,96.9,0.523
12.44,31903.8,34724.8,-0.4869,-0.6767,148.0,96.9,0.523
12.46,31854.3,34566.0,-0.7344,-1.0672,148.0,96.9,0.523
12.48,31781.6,34505.6,-1.0975,-1.2156,148.0,96.9,0.523
12.5,31682.8,34398.8,-1.5907,-1.4784,148.0,96.9,0.523
12.52,31790.9,34551.6,-1.0508,-1.1024,148.0,96.9,0.523
12.54,31825.8,34651.0,-0.8766,-0.8582,148.0,96.9,0.523
12.56,31988.3,35023.0,-0.0649,0.0569,148.0,96.9,0.523
12.58,32243.1,35502.7,1.2077,1.2364,148.0,96.9,0.523
12.6,32399.9,35717.5,1.9911,1.7646,148.0,96.9,0.523
12.62,32327.4,35802.1,1.6291,1.9726,148.0,96.9,0.523
12.64,32275.9,35605.1,1.3717,1.4882,148.0,96.9,0.523
12.66,32138.1,35431.3,0.6834,1.0609,148.0,96.9,0.523
12.68,32078.7,35313.2,0.3866,0.7703,148.0,96.9,0.523
12.7,32059.8,35121.6,0.2924,0.2993,148.0,96.9,0.523
12.72,31980.2,35106.2,-0.1052,0.2615,148.0,96.9,0.523
12.74,31966.2,35004.2,-0.1754,0.0107,148.0,96.9,0.523
12.76,31916.7,35010.6,-0.4227,0.0262,148.0,96.9,0.523
12.78,31854.5,34897.8,-0.7331,-0.251,148.0,96.9,0.523
12.8,31889.3,34585.3,-0.5594,-1.0197,148.0,96.9,0.523
12.82,31872.1,34657.8,-0.6452,-0.8414,148.0,96.9,0.523
12.84,31781.1,34570.6,-1.0999,-1.0558,148.0,96.9,0.523
12.86,31891.5,34599.3,-0.5484,-0.9852,148.0,96.9,0.523
12.88,31737.6,34513.2,-1.3174,-1.1969,148.0,96.9,0.523
12.9,31795.3,34522.4,-1.0291,-1.1743,148.0,96.9,0.523
12.92,31749.6,34502.7,-1.2574,-1.2227,148.0,96.9,0.523
12.94,31772.3,34568.5,-1.1441,-1.0609,148.0,96.9,0.523
12.96,31974.8,34958.9,-0.1324,-0.1008,148.0,96.9,0.523
12.98,32106.3,35394.3,0.5247,0.9699,148.0,96.9,0.523
13.0,32290.9,35722.1,1.4465,1.7761,148.0,96.9,0.523
13.02,32378.3,35706.8,1.8831,1.7384,148.0,96.9,0.523
13.04,32379.2,35681.6,1.8877,1.6764,148.0,96.9,0.523
13.06,32230.8,35488.0,1.1465,1.2003,148.0,96.9,0.523
13.08,32185.5,35347.1,0.9204,0.8539,148.0,96.9,0.523
13.1,32100.0,35194.7,0.4932,0.479,148.0,96.9,0.523
13.12,32057.4,35065.3,0.2802,0.1609,148.0,96.9,0.523
13.14,32051.9,35024.4,0.2529,0.0602,148.0,96.9,0.523
13.16,32064.4,35003.3,0.3151,0.0082,148.0,96.9,0.523
13.18,31951.9,34820.3,-0.2467,-0.4418,148.0,96.9,0.523
13.2,31959.5,34829.9,-0.2088,-0.4181,148.0,96.9,0.523
13.22,31766.0,34645.2,-1.1752,-0.8723,148.0,96.9,0.523
13.24,31875.8,34585.5,-0.6267,-1.0192,148.0,96.9,0.523
13.26,31849.3,34532.7,-0.7591,-1.1491,148.0,96.9,0.523
13.28,31874.5,34603.0,-0.6331,-0.9761,148.0,96.9,0.523
13.3,31694.9,34567.2,-1.5306,-1.0642,148.0,96.9,0.523
13.32,31742.2,34328.3,-1.2944,-1.6516,148.0,96.9,0.523
13.34,31844.3,34559.7,-0.7843,-1.0826,148.0,96.9,0.523
13.36,31881.6,34895.0,-0.5981,-0.2579,148.0,96.9,0.523
13.38,32141.7,35218.3,0.7016,0.5371,148.0,96.9,0.523
13.4,32313.4,35550.1,1.5593,1.353,148.0,96.9,0.523
13.42,32359.1,35754.5,1.7872,1.8557,148.0,96.9,0.523
13.44,32363.6,35665.2,1.8096,1.6361,148.0,96.9,0.523
13.46,32240.1,35564.6,1.1927,1.3886,148.0,96.9,0.523
13.48,32179.7,35416.1,0.891,1.0235,148.0,96.9,0.523
13.5,32079.0,35196.6,0.3883,0.4837,148.0,96.9,0.523
13.52,32088.1,35167.8,0.4336,0.4128,148.0,96.9,0.523
13.54,31916.2,35143.4,-0.425,0.3529,148.0,96.9,0.523
13.56,31990.2,34895.6,-0.0551,-0.2565,148.0,96.9,0.523
13.58,31897.8,34863.3,-0.5167,-0.336,148.0,96.9,0.523
13.6,31848.1,34806.1,-0.7653,-0.4765,148.0,96.9,0.523
13.62,31847.6,34719.2,-0.7676,-0.6903,148.0,96.9,0.523
13.64,31811.9,34568.8,-0.946,-1.0601,148.0,96.9,0.523
13.66,31904.0,34631.2,-0.4859,-0.9067,148.0,96.9,0.523
13.68,31773.3,34580.6,-1.1389,-1.0312,148.0,96.9,0.523
13.7,31725.8,34509.9,-1.3763,-1.205,148.0,96.9,0.523
13.72,31774.5,34369.3,-1.1327,-1.5508,148.0,96.9,0.523
13.74,31719.7,34505.9,-1.4065,-1.215,148.0,96.9,0.523
13.76,31933.7,34808.3,-0.3377,-0.4712,148.0,96.9,0.523
13.78,32019.0,35096.4,0.0887,0.2372,148.0,96.9,0.523
13.8,32257.3,35472.9,1.2788,1.1632,148.0,96.9,0.523
13.82,32396.0,35757.7,1.9718,1.8635,148.0,96.9,0.523
13.84,32384.0,35698.1,1.9118,1.717,148.0,96.9,0.523
13.86,32265.9,35611.9,1.3216,1.505,148.0,96.9,0.523
13.88,32184.4,35367.1,0.9145,0.9031,148.0,96.9,0.523
13.9,32112.7,35160.1,0.5566,0.3939,148.0,96.9,0.523
13.92,32002.6,35164.1,0.0066,0.4038,148.0,96.9,0.523
13.94,31968.0,35062.4,-0.1661,0.1537,148.0,96.9,0.523
13.96,31999.5,34921.4,-0.009,-0.193,148.0,96.9,0.523
13.98,32000.2,34946.5,-0.0055,-0.1312,148.0,96.9,0.523
14.0,31832.6,34749.2,-0.8427,-0.6165,148.0,96.9,0.523
14.02,31895.7,34688.8,-0.5276,-0.7651,148.0,96.9,0.523
14.04,31706.1,34556.2,-1.4745,-1.0912,148.0,96.9,0.523
14.06,31828.5,34636.9,-0.863,-0.8927,148.0,96.9,0.523
14.08,31953.8,34707.1,-0.2373,-0.72,148.0,96.9,0.523
14.1,31808.9,34485.7,-0.9608,-1.2645,148.0,96.9,0.523
14.12,31757.9,34399.9,-1.2158,-1.4757,148.0,96.9,0.523
14.14,31830.8,34563.6,-0.8517,-1.073,148.0,96.9,0.523
14.16,31857.4,34696.9,-0.7187,-0.745,148.0,96.9,0.523
14.18,31959.9,35078.3,-0.2069,0.1928,148.0,96.9,0.523
14.2,32223.1,35415.9,1.1079,1.023,148.0,96.9,0.523
14.22,32351.1,35773.0,1.7474,1.9012,148.0,96.9,0.523
14.24,32366.9,35676.5,1.8265,1.6639,148.0,96.9,0.523
14.26,32298.9,35666.1,1.4869,1.6384,148.0,96.9,0.523
14.28,32283.8,35457.7,1.4114,1.1258,148.0,96.9,0.523
14.3,32157.9,35227.2,0.7822,0.559,148.0,96.9,0.523
14.32,32022.9,35183.3,0.1082,0.451,148.0,96.9,0.523
14.34,32063.7,35062.1,0.3117,0.1528,148.0,96.9,0.523
14.36,32008.3,35014.5,0.0352,0.0359,148.0,96.9,0.523
14.38,32019.0,34923.1,0.0887,-0.1888,148.0,96.9,0.523
14.4,31877.2,34817.2,-0.62,-0.4493,148.0,96.9,0.523
14.42,31889.6,34716.0,-0.5579,-0.6982,148.0,96.9,0.523
14.44,31896.7,34606.2,-0.5222,-0.9682,148.0,96.9,0.523
14.46,31766.2,34760.4,-1.1741,-0.589,148.0,96.9,0.523
14.48,31786.4,34727.3,-1.0736,-0.6704,148.0,96.9,0.523
14.5,31738.3,34575.4,-1.3136,-1.044,148.0,96.9,0.523
14.52,31731.6,34462.3,-1.3469,-1.3221,148.0,96.9,0.523
14.54,31723.8,34432.2,-1.3863,-1.3962,148.0,96.9,0.523
14.56,31841.3,34550.1,-0.7992,-1.1062,148.0,96.9,0.523
14.58,31947.2,34897.0,-0.2703,-0.2532,148.0,96.9,0.523
14.6,32164.0,35417.5,0.8129,1.027,148.0,96.9,0.523
14.62,32340.7,35651.8,1.6955,1.6031,148.0,96.9,0.523
14.64,32348.1,35821.6,1.7322,2.0208,148.0,96.9,0.523
14.66,32330.1,35711.3,1.6427,1.7495,148.0,96.9,0.523
14.68,32214.6,35539.1,1.0657,1.3259,148.0,96.9,0.523
14.7,32116.3,35251.0,0.5746,0.6176,148.0,96.9,0.523
14.72,32135.2,35120.8,0.6689,0.2972,148.0,96.9,0.523
14.74,32121.3,35126.8,0.5995,0.3122,148.0,96.9,0.523
14.76,32050.7,35020.0,0.2467,0.0495,148.0,96.9,0.523
14.78,31961.6,34988.1,-0.1981,-0.0291,148.0,96.9,0.523
14.8,31890.4,34779.8,-0.5541,-0.5414,148.0,96.9,0.523
14.82,31860.2,34820.6,-0.7049,-0.4409,148.0,96.9,0.523
14.84,31795.0,34663.8,-1.0304,-0.8266,148.0,96.9,0.523
14.86,31887.5,34600.2,-0.5683,-0.983,148.0,96.9,0.523
14.88,31895.3,34656.3,-0.5294,-0.845,148.0,96.9,0.523
14.9,31710.1,34555.9,-1.4545,-1.0919,148.0,96.9,0.523
14.92,31740.8,34509.5,-1.3012,-1.206,148.0,96.9,0.523
14.94,31748.9,34413.5,-1.2607,-1.4421,148.0,96.9,0.523
14.96,31866.3,34566.3,-0.6743,-1.0662,148.0,96.9,0.523
14.98,31850.7,34800.7,-0.7522,-0.4899,148.0,96.9,0.523
15.0,32093.1,35184.0,0.4585,0.4528,148.0,96.9,0.523
15.02,32238.6,35601.6,1.1856,1.4798,148.0,96.9,0.523
15.04,32374.4,35767.5,1.8637,1.8877,148.0,96.9,0.523
15.06,32230.4,35873.3,1.1443,2.1477,148.0,96.9,0.523
15.08,32169.8,35528.9,0.8417,1.301,148.0,96.9,0.523
15.1,32147.4,35331.9,0.73,0.8164,148.0,96.9,0.523
15.12,32096.4,35185.6,0.4753,0.4566,148.0,96.9,0.523
15.14,32089.5,35127.3,0.4406,0.3134,148.0,96.9,0.523
15.16,32015.0,35136.5,0.0683,0.3358,148.0,96.9,0.523
15.18,32039.5,34998.9,0.191,-0.0024,148.0,96.9,0.523
15.2,31916.3,34910.5,-0.4246,-0.22,148.0,96.9,0.523
15.22,31933.0,34784.7,-0.3409,-0.5292,148.0,96.9,0.523
15.24,31804.8,34684.5,-0.9814,-0.7756,148.0,96.9,0.523
15.26,31854.2,34694.2,-0.7345,-0.7519,148.0,96.9,0.523
15.28,31824.4,34767.7,-0.8838,-0.571,148.0,96.9,0.523
15.3,31788.9,34659.8,-1.0607,-0.8365,148.0,96.9,0.523
15.32,31755.5,34500.4,-1.2277,-1.2284,148.0,96.9,0.523
15.34,31693.0,34461.6,-1.5402,-1.3239,148.0,96.9,0.523
15.36,31819.6,34606.9,-0.9075,-0.9665,148.0,96.9,0.523
15.38,31901.6,34712.2,-0.4981,-0.7075,148.0,96.9,0.523
15.4,32083.0,35075.4,0.4082,0.1856,148.0,96.9,0.523
15.42,32210.4,35383.8,1.0446,0.9441,148.0,96.9,0.523
15.44,32379.4,35741.2,1.8886,1.8231,148.0,96.9,0.523
15.46,32362.0,35702.2,1.8017,1.727,148.0,96.9,0.523
15.48,32274.5,35665.6,1.3645,1.6371,148.0,96.9,0.523
15.5,32152.3,35477.5,0.7544,1.1745,148.0,96.9,0.523
15.52,32003.2,35137.7,0.0097,0.3387,148.0,96.9,0.523
15.54,32063.9,35173.1,0.3127,0.426,148.0,96.9,0.523
15.56,31992.7,35048.1,-0.043,0.1186,148.0,96.9,0.523
15.58,32022.5,35021.1,0.1061,0.0522,148.0,96.9,0.523
15.6,31845.4,34890.8,-0.7786,-0.2683,148.0,96.9,0.523
15.62,31924.4,34838.6,-0.384,-0.3967,148.0,96.9,0.523
15.64,31770.7,34690.6,-1.152,-0.7607,148.0,96.9,0.523
15.66,31843.6,34646.4,-0.7876,-0.8694,148.0,96.9,0.523
15.68,31769.7,34615.7,-1.1567,-0.9448,148.0,96.9,0.523
15.7,31883.9,34667.5,-0.5864,-0.8176,148.0,96.9,0.523
15.72,31796.8,34594.8,-1.0213,-0.9963,148.0,96.9,0.523
15.74,31760.9,34412.7,-1.2006,-1.4441,148.0,96.9,0.523
15.76,31853.3,34447.8,-0.7393,-1.3578,148.0,96.9,0.523
15.78,31815.6,34632.8,-0.9275,-0.9028,148.0,96.9,0.523
15.8,31998.5,35058.3,-0.0138,0.1437,148.0,96.9,0.523
15.82,32081.4,35389.9,0.4002,0.959,148.0,96.9,0.523
15.84,32265.6,35621.4,1.3202,1.5283,148.0,96.9,0.523
15.86,32335.0,35716.1,1.6672,1.7613,148.0,96.9,0.523
15.88,32342.3,35690.8,1.7034,1.699,148.0,96.9,0.523
15.9,32251.5,35425.5,1.2499,1.0466,148.0,96.9,0.523
15.92,32196.3,35311.8,0.9743,0.767,148.0,96.9,0.523
15.94,32046.1,35110.0,0.2238,0.2706,148.0,96.9,0.523
15.96,32029.3,35185.4,0.14,0.4561,148.0,96.9,0.523
15.98,32084.0,35076.6,0.4131,0.1885,148.0,96.9,0.523
16.0,31935.8,34844.0,-0.3271,-0.3834,148.0,96.9,0.523
16.02,31892.5,34847.2,-0.5436,-0.3755,148.0,96.9,0.523
16.04,31908.8,34719.9,-0.4622,-0.6886,148.0,96.9,0.523
16.06,31897.0,34640.3,-0.5209,-0.8842,148.0,96.9,0.523
16.08,31788.8,34689.4,-1.0612,-0.7636,148.0,96.9,0.523
16.1,31736.2,34709.9,-1.3242,-0.7133,148.0,96.9,0.523
16.12,31811.4,34589.1,-0.9488,-1.0104,148.0,96.9,0.523
16.14,31689.0,34446.6,-1.5599,-1.3606,148.0,96.9,0.523
16.16,31721.5,34474.8,-1.3975,-1.2913,148.0,96.9,0.523
16.18,31804.0,34624.4,-0.9854,-0.9234,148.0,96.9,0.523
16.2,31966.7,34901.2,-0.173,-0.2429,148.0,96.9,0.523
16.22,32194.2,35274.7,0.9638,0.6758,148.0,96.9,0.523
16.24,32212.7,35594.0,1.0559,1.4611,148.0,96.9,0.523
16.26,32329.3,35772.0,1.6384,1.8988,148.0,96.9,0.523
16.28,32226.8,35749.2,1.1265,1.8428,148.0,96.9,0.523
16.3,32288.3,35540.5,1.4335,1.3293,148.0,96.9,0.523
16.32,32108.8,35195.8,0.5371,0.4817,148.0,96.9,0.523
16.34,32053.7,35115.7,0.262,0.2846,148.0,96.9,0.523
16.36,32069.7,35129.7,0.3415,0.3192,148.0,96.9,0.523
16.38,32031.1,34978.3,0.1491,-0.0531,148.0,96.9,0.523
16.4,32057.6,34910.6,0.2814,-0.2197,148.0,96.9,0.523
16.42,31964.7,34846.9,-0.1826,-0.3763,148.0,96.9,0.523
16.44,31897.4,34730.3,-0.5187,-0.6631,148.0,96.9,0.523
16.46,31901.0,34651.2,-0.5011,-0.8576,148.0,96.9,0.523
16.48,31812.6,34569.4,-0.9426,-1.0587,148.0,96.9,0.523
16.5,31886.5,34646.3,-0.5736,-0.8696,148.0,96.9,0.523
16.52,31847.3,34597.7,-0.7691,-0.9892,148.0,96.9,0.523
16.54,31706.3,34467.0,-1.4735,-1.3106,148.0,96.9,0.523
16.56,31722.6,34545.3,-1.3923,-1.1179,148.0,96.9,0.523
16.58,31689.4,34481.1,-1.5579,-1.2759,148.0,96.9,0.523
16.6,32008.8,34823.7,0.0376,-0.4334,148.0,96.9,0.523
16.62,32066.7,35205.1,0.3266,0.5046,148.0,96.9,0.523
16.64,32205.1,35503.7,1.0181,1.2389,148.0,96.9,0.523
16.66,32246.5,35766.1,1.2251,1.8842,148.0,96.9,0.523
16.68,32347.2,35686.2,1.7278,1.6877,148.0,96.9,0.523
16.7,32246.8,35524.0,1.2265,1.2888,148.0,96.9,0.523
16.72,32224.2,35393.8,1.1137,0.9687,148.0,96.9,0.523
16.74,32014.9,35182.0,0.0679,0.4477,148.0,96.9,0.523
16.76,32138.5,35125.9,0.6853,0.3098,148.0,96.9,0.523
16.78,32088.3,34997.7,0.4348,-0.0054,148.0,96.9,0.523
16.8,32018.4,34978.5,0.0855,-0.0527,148.0,96.9,0.523
16.82,31984.0,34919.6,-0.0864,-0.1976,148.0,96.9,0.523
16.84,31930.7,34755.2,-0.3526,-0.6018,148.0,96.9,0.523
16.86,31907.7,34750.3,-0.4675,-0.6138,148.0,96.9,0.523
16.88,31944.2,34657.2,-0.2851,-0.8427,148.0,96.9,0.523
16.9,31839.4,34673.3,-0.8086,-0.8031,148.0,96.9,0.523
16.92,31874.0,34646.3,-0.6357,-0.8697,148.0,96.9,0.523
16.94,31776.4,34495.2,-1.1233,-1.2412,148.0,96.9,0.523
16.96,31658.9,34544.3,-1.7104,-1.1205,148.0,96.9,0.523
16.98,31726.6,34495.8,-1.3722,-1.2398,148.0,96.9,0.523
17.0,31829.9,34805.4,-0.8562,-0.4783,148.0,96.9,0.523
17.02,32100.5,35034.3,0.4953,0.0847,148.0,96.9,0.523
17.04,32185.3,35432.5,0.919,1.0637,148.0,96.9,0.523
17.06,32413.9,35620.6,2.0611,1.5264,148.0,96.9,0.523
17.08,32349.5,35866.3,1.7394,2.1306,148.0,96.9,0.523
17.1,32279.8,35560.5,1.3912,1.3785,148.0,96.9,0.523
17.12,32256.0,35501.9,1.2726,1.2346,148.0,96.9,0.523
17.14,32163.0,35242.4,0.8078,0.5964,148.0,96.9,0.523
17.16,32091.1,35142.1,0.4489,0.3497,148.0,96.9,0.523
17.18,32054.7,35086.3,0.2669,0.2125,148.0,96.9,0.523
17.2,32002.8,35052.0,0.0078,0.1281,148.0,96.9,0.523
17.22,31960.7,34951.8,-0.2025,-0.1183,148.0,96.9,0.523
17.24,31870.9,34683.7,-0.6513,-0.7777,148.0,96.9,0.523
17.26,31817.1,34748.9,-0.9201,-0.6172,148.0,96.9,0.523
17.28,31882.6,34622.0,-0.5931,-0.9294,148.0,96.9,0.523
17.3,31777.1,34636.8,-1.1196,-0.893,148.0,96.9,0.523
17.32,31920.4,34646.4,-0.4043,-0.8693,148.0,96.9,0.523
17.34,31806.4,34573.3,-0.9733,-1.0492,148.0,96.9,0.523
17.36,31716.3,34450.6,-1.4235,-1.3508,148.0,96.9,0.523
17.38,31748.7,34490.7,-1.2619,-1.2522,148.0,96.9,0.523
17.4,31854.3,34719.1,-0.7341,-0.6907,148.0,96.9,0.523
17.42,31971.5,34994.6,-0.1487,-0.0131,148.0,96.9,0.523
17.44,32197.2,35366.2,0.9784,0.9009,148.0,96.9,0.523
17.46,32342.6,35707.1,1.7051,1.7391,148.0,96.9,0.523
17.48,32303.1,35692.8,1.5078,1.704,148.0,96.9,0.523
17.5,32265.0,35630.3,1.3172,1.5503,148.0,96.9,0.523
17.52,32354.4,35480.3,1.7637,1.1814,148.0,96.9,0.523
17.54,32177.8,35330.1,0.8816,0.8121,148.0,96.9,0.523
17.56,32102.0,35139.4,0.5029,0.3431,148.0,96.9,0.523
17.58,31961.6,35130.8,-0.1982,0.3219,148.0,96.9,0.523
17.6,31958.8,35080.4,-0.2121,0.1979,148.0,96.9,0.523
17.62,32040.2,34983.6,0.1943,-0.0402,148.0,96.9,0.523
17.64,31880.1,34798.4,-0.6052,-0.4956,148.0,96.9,0.523
17.66,31897.9,34757.0,-0.5164,-0.5973,148.0,96.9,0.523
17.68,31858.1,34689.0,-0.7151,-0.7647,148.0,96.9,0.523
17.7,31756.9,34631.6,-1.2207,-0.9058,148.0,96.9,0.523
17.72,31852.9,34699.5,-0.7413,-0.7389,148.0,96.9,0.523
17.74,31826.8,34546.1,-0.8718,-1.1159,148.0,96.9,0.523
17.76,31703.6,34519.7,-1.487,-1.1808,148.0,96.9,0.523
17.78,31746.5,34437.0,-1.2728,-1.3842,148.0,96.9,0.523
17.8,31851.3,34599.9,-0.7491,-0.9836,148.0,96.9,0.523
17.82,31933.5,34903.8,-0.3384,-0.2365,148.0,96.9,0.523
17.84,32171.1,35299.8,0.848,0.7376,148.0,96.9,0.523
17.86,32213.2,35537.1,1.0584,1.3212,148.0,96.9,0.523
17.88,32418.8,35749.0,2.0854,1.8422,148.0,96.9,0.523
17.9,32262.3,35689.1,1.3038,1.6949,148.0,96.9,0.523
17.92,32313.8,35519.1,1.5611,1.2768,148.0,96.9,0.523
17.94,32129.0,35299.6,0.638,0.7369,148.0,96.9,0.523
17.96,32101.7,35121.4,0.5015,0.2987,148.0,96.9,0.523
17.98,32099.5,35032.9,0.4905,0.0811,148.0,96.9,0.523
18.0,31974.7,35092.3,-0.133,0.2273,148.0,96.9,0.523
18.02,32013.4,35065.9,0.0607,0.1622,148.0,96.9,0.523
18.04,31906.0,34911.7,-0.476,-0.217,148.0,96.9,0.523
18.06,31878.5,34753.3,-0.6135,-0.6065,148.0,96.9,0.523
18.08,31842.9,34719.5,-0.7912,-0.6895,148.0,96.9,0.523
18.1,31765.5,34657.9,-1.1779,-0.8411,148.0,96.9,0.523
18.12,31846.6,34766.3,-0.7725,-0.5746,148.0,96.9,0.523
18.14,31868.9,34591.0,-0.6611,-1.0056,148.0,96.9,0.523
18.16,31724.3,34515.7,-1.3837,-1.1907,148.0,96.9,0.523
18.18,31711.8,34483.9,-1.4459,-1.269,148.0,96.9,0.523
18.2,31882.7,34497.2,-0.5926,-1.2362,148.0,96.9,0.523
18.22,31870.9,34871.7,-0.6512,-0.3152,148.0,96.9,0.523
18.24,32026.2,35168.5,0.1246,0.4147,148.0,96.9,0.523
18.26,32344.8,35456.2,1.7159,1.1221,148.0,96.9,0.523
18.28,32297.0,35738.2,1.4773,1.8155,148.0,96.9,0.523
18.3,32386.5,35632.1,1.9243,1.5547,148.0,96.9,0.523
18.32,32272.8,35531.9,1.3562,1.3083,148.0,96.9,0.523
18.34,32177.1,35397.7,0.8781,0.9782,148.0,96.9,0.523
18.36,32073.7,35143.8,0.3619,0.3539,148.0,96.9,0.523
18.38,31981.3,35195.0,-0.0996,0.4799,148.0,96.9,0.523
18.4,32123.3,35094.5,0.6094,0.2325,148.0,96.9,0.523
18.42,31989.2,34960.7,-0.0602,-0.0963,148.0,96.9,0.523
18.44,32002.0,34837.5,0.0036,-0.3993,148.0,96.9,0.523
18.46,31884.1,34804.0,-0.5852,-0.4818,148.0,96.9,0.523
18.48,31838.9,34738.9,-0.8112,-0.6419,148.0,96.9,0.523
18.5,31946.5,34635.7,-0.2737,-0.8958,148.0,96.9,0.523
18.52,31874.9,34680.0,-0.6314,-0.7868,148.0,96.9,0.523
18.54,31810.1,34621.1,-0.9552,-0.9316,148.0,96.9,0.523
18.56,31848.9,34447.7,-0.7614,-1.358,148.0,96.9,0.523
18.58,31708.9,34491.6,-1.4604,-1.2502,148.0,96.9,0.523
18.6,31746.5,34392.1,-1.2726,-1.4948,148.0,96.9,0.523
18.62,31878.4,34693.7,-0.614,-0.753,148.0,96.9,0.523
18.64,32014.1,35023.7,0.0641,0.0585,148.0,96.9,0.523
18.66,32209.9,35345.6,1.0422,0.85,148.0,96.9,0.523
18.68,32278.7,35774.0,1.3857,1.9036,148.0,96.9,0.523
18.7,32357.7,35688.5,1.7802,1.6933,148.0,96.9,0.523
18.72,32237.5,35610.5,1.1802,1.5015,148.0,96.9,0.523
18.74,32219.3,35387.2,1.0892,0.9524,148.0,96.9,0.523
18.76,32140.9,35238.5,0.6974,0.5868,148.0,96.9,0.523
18.78,32181.8,35220.6,0.9018,0.5428,148.0,96.9,0.523
18.8,32113.9,34988.3,0.5623,-0.0286,148.0,96.9,0.523
18.82,32045.7,35080.6,0.2219,0.1983,148.0,96.9,0.523
18.84,31957.3,34974.4,-0.2198,-0.0629,148.0,96.9,0.523
18.86,31917.7,34807.1,-0.4174,-0.4741,148.0,96.9,0.523
18.88,31882.9,34663.1,-0.5912,-0.8282,148.0,96.9,0.523
18.9,31871.6,34731.0,-0.648,-0.6613,148.0,96.9,0.523
18.92,31800.0,34663.2,-1.0057,-0.828,148.0,96.9,0.523
18.94,31834.8,34573.3,-0.8318,-1.0492,148.0,96.9,0.523
18.96,31785.2,34579.6,-1.0796,-1.0336,148.0,96.9,0.523
18.98,31686.7,34478.8,-1.5716,-1.2816,148.0,96.9,0.523
19.0,31724.2,34455.5,-1.384,-1.3389,148.0,96.9,0.523
19.02,31815.5,34640.3,-0.928,-0.8844,148.0,96.9,0.523
19.04,31841.0,34894.4,-0.8009,-0.2594,148.0,96.9,0.523
19.06,32165.2,35421.7,0.8185,1.0373,148.0,96.9,0.523
19.08,32310.0,35610.7,1.5419,1.5022,148.0,96.9,0.523
19.1,32446.3,35620.0,2.2228,1.525,148.0,96.9,0.523
19.12,32332.3,35684.9,1.6533,1.6844,148.0,96.9,0.523
19.14,32257.5,35476.8,1.2796,1.1727,148.0,96.9,0.523
19.16,32153.6,35278.3,0.761,0.6846,148.0,96.9,0.523
19.18,32181.9,35258.2,0.9023,0.6351,148.0,96.9,0.523
19.2,32025.4,35115.1,0.1205,0.2833,148.0,96.9,0.523
19.22,32040.4,34967.5,0.1954,-0.0798,148.0,96.9,0.523
19.24,32019.1,34950.5,0.089,-0.1214,148.0,96.9,0.523
19.26,31872.4,34842.5,-0.6441,-0.3872,148.0,96.9,0.523
19.28,31873.5,34749.6,-0.6382,-0.6155,148.0,96.9,0.523
19.3,31838.0,34694.9,-0.8157,-0.7501,148.0,96.9,0.523
19.32,31887.2,34710.8,-0.5701,-0.7111,148.0,96.9,0.523
19.34,31841.4,34621.1,-0.7985,-0.9316,148.0,96.9,0.523
19.36,31689.3,34546.4,-1.5587,-1.1152,148.0,96.9,0.523
19.38,31761.8,34495.1,-1.1964,-1.2414,148.0,96.9,0.523
19.4,31730.7,34420.1,-1.3519,-1.426,148.0,96.9,0.523
19.42,31738.1,34537.9,-1.3148,-1.1362,148.0,96.9,0.523
19.44,31893.9,34874.2,-0.5365,-0.3092,148.0,96.9,0.523
19.46,32016.0,35306.7,0.0737,0.7544,148.0,96.9,0.523
19.48,32351.0,35554.8,1.7468,1.3646,148.0,96.9,0.523
19.5,32481.7,35777.8,2.3998,1.9129,148.0,96.9,0.523
19.52,32455.9,35688.5,2.2708,1.6934,148.0,96.9,0.523
19.54,32182.8,35574.4,0.9068,1.4128,148.0,96.9,0.523
19.56,32080.1,35404.5,0.3935,0.995,148.0,96.9,0.523
19.58,32084.7,35244.8,0.4165,0.6021,148.0,96.9,0.523
19.6,32097.0,35106.9,0.4779,0.2632,148.0,96.9,0.523
19.62,32049.0,35095.0,0.2386,0.2337,148.0,96.9,0.523
19.64,31999.0,34962.4,-0.0113,-0.0921,148.0,96.9,0.523
19.66,31941.1,34807.1,-0.3007,-0.4743,148.0,96.9,0.523
19.68,31916.3,34756.1,-0.4246,-0.5995,148.0,96.9,0.523
19.7,31826.4,34640.4,-0.8734,-0.8841,148.0,96.9,0.523
19.72,31847.3,34674.4,-0.7692,-0.8005,148.0,96.9,0.523
19.74,31873.2,34619.5,-0.6398,-0.9355,148.0,96.9,0.523
19.76,31893.4,34649.7,-0.5391,-0.8612,148.0,96.9,0.523
19.78,31846.5,34488.2,-0.7733,-1.2584,148.0,96.9,0.523
19.8,31815.8,34429.2,-0.9263,-1.4035,148.0,96.9,0.523
19.82,31835.2,34485.6,-0.8297,-1.2649,148.0,96.9,0.523
19.84,31897.2,34769.8,-0.52,-0.566,148.0,96.9,0.523
19.86,32094.3,35130.2,0.4646,0.3204,148.0,96.9,0.523
19.88,32268.1,35488.3,1.3326,1.201,148.0,96.9,0.523
19.9,32367.4,35768.8,1.8286,1.8908,148.0,96.9,0.523
19.92,32358.4,35826.4,1.784,2.0326,148.0,96.9,0.523
19.94,32252.7,35643.3,1.2557,1.5822,148.0,96.9,0.523
19.96,32087.0,35327.6,0.428,0.8059,148.0,96.9,0.523
19.98,32146.1,35214.8,0.7233,0.5284,148.0,96.9,0.523
20.0,32035.8,35099.6,0.1722,0.2452,148.0,96.9,0.523
20.02,32033.8,35103.7,0.1622,0.2553,148.0,96.9,0.523
20.04,31986.1,35038.3,-0.076,0.0944,148.0,96.9,0.523
20.06,31995.2,34879.4,-0.0305,-0.2965,148.0,96.9,0.523
20.08,31892.1,34744.3,-0.5455,-0.6286,148.0,96.9,0.523
20.1,31832.9,34635.2,-0.8411,-0.8968,148.0,96.9,0.523
20.12,31808.4,34657.5,-0.9637,-0.842,148.0,96.9,0.523
20.14,31909.3,34678.1,-0.4597,-0.7915,148.0,96.9,0.523
20.16,31803.2,34592.0,-0.9897,-1.0031,148.0,96.9,0.523
20.18,31830.5,34574.8,-0.8533,-1.0455,148.0,96.9,0.523
20.2,31732.7,34530.7,-1.3415,-1.1538,148.0,96.9,0.523
20.22,31880.6,34443.2,-0.6027,-1.369,148.0,96.9,0.523
20.24,31784.3,34652.3,-1.0838,-0.8548,148.0,96.9,0.523
20.26,31995.1,35013.9,-0.0308,0.0343,148.0,96.9,0.523
20.28,32272.0,35432.7,1.3522,1.0644,148.0,96.9,0.523
20.3,32343.2,35559.0,1.7077,1.375,148.0,96.9,0.523
20.32,32416.8,35758.3,2.0754,1.865,148.0,96.9,0.523
20.34,32299.8,35672.0,1.4912,1.6528,148.0,96.9,0.523
20.36,32178.9,35454.9,0.8875,1.119,148.0,96.9,0.523
20.38,32124.8,35253.9,0.6172,0.6247,148.0,96.9,0.523
20.4,32105.3,35157.2,0.5198,0.3869,148.0,96.9,0.523
20.42,32017.4,35107.2,0.0804,0.2639,148.0,96.9,0.523
20.44,32063.9,35044.6,0.3126,0.11,148.0,96.9,0.523
20.46,31962.0,34909.2,-0.1962,-0.2231,148.0,96.9,0.523
20.48,31891.5,34781.3,-0.5483,-0.5377,148.0,96.9,0.523
20.5,31869.2,34736.2,-0.6596,-0.6485,148.0,96.9,0.523
20.52,31743.2,34625.7,-1.2893,-0.9201,148.0,96.9,0.523
20.54,31915.4,34690.7,-0.429,-0.7604,148.0,96.9,0.523
20.56,31739.7,34654.8,-1.3066,-0.8487,148.0,96.9,0.523
20.58,31799.9,34497.1,-1.0058,-1.2364,148.0,96.9,0.523
20.6,31799.3,34399.1,-1.0089,-1.4775,148.0,96.9,0.523
20.62,31726.8,34527.8,-1.3714,-1.161,148.0,96.9,0.523
20.64,31821.5,34642.5,-0.8981,-0.8789,148.0,96.9,0.523
20.66,31935.8,34957.1,-0.3271,-0.1052,148.0,96.9,0.523
20.68,32120.0,35259.5,0.5931,0.6385,148.0,96.9,0.523
20.7,32343.6,35590.6,1.7098,1.4527,148.0,96.9,0.523
20.72,32364.8,35703.9,1.8157,1.7312,148.0,96.9,0.523
20.74,32381.8,35634.8,1.9007,1.5614,148.0,96.9,0.523
20.76,32257.6,35590.8,1.2805,1.4532,148.0,96.9,0.523
20.78,32168.1,35407.3,0.8333,1.0018,148.0,96.9,0.523
20.8,32106.5,35109.7,0.5256,0.2701,148.0,96.9,0.523
20.82,32092.1,35041.5,0.4538,0.1024,148.0,96.9,0.523
20.84,32132.9,35098.8,0.6573,0.2432,148.0,96.9,0.523
20.86,31922.3,34954.2,-0.3946,-0.1123,148.0,96.9,0.523
20.88,31893.0,34833.9,-0.5409,-0.4082,148.0,96.9,0.523
20.9,31983.8,34760.7,-0.0875,-0.5882,148.0,96.9,0.523
20.92,31821.1,34686.6,-0.9,-0.7706,148.0,96.9,0.523
20.94,31806.8,34721.6,-0.9717,-0.6844,148.0,96.9,0.523
20.96,31873.2,34684.9,-0.6398,-0.7746,148.0,96.9,0.523
20.98,31909.3,34633.5,-0.4596,-0.901,148.0,96.9,0.523
21.0,31750.6,34480.2,-1.252,-1.2781,148.0,96.9,0.523
21.02,31825.3,34474.9,-0.8791,-1.2911,148.0,96.9,0.523
21.04,31795.4,34545.5,-1.0284,-1.1176,148.0,96.9,0.523
21.06,31839.0,34757.9,-0.8109,-0.5951,148.0,96.9,0.523
21.08,32100.3,35211.5,0.4948,0.5205,148.0,96.9,0.523
21.1,32245.6,35570.8,1.2204,1.404,148.0,96.9,0.523
21.12,32378.7,35764.4,1.8855,1.8801,148.0,96.9,0.523
21.14,32342.8,35690.3,1.7058,1.6979,148.0,96.9,0.523
21.16,32253.5,35643.5,1.26,1.5827,148.0,96.9,0.523
21.18,32122.6,35294.5,0.6058,0.7245,148.0,96.9,0.523
21.2,32175.1,35159.2,0.8683,0.3917,148.0,96.9,0.523
21.22,32057.6,35195.0,0.2811,0.4798,148.0,96.9,0.523
21.24,31996.9,35068.4,-0.0219,0.1683,148.0,96.9,0.523
21.26,31965.6,35075.8,-0.1785,0.1867,148.0,96.9,0.523
21.28,32039.9,34851.0,0.1929,-0.3661,148.0,96.9,0.523
21.3,31993.3,34719.3,-0.0401,-0.6901,148.0,96.9,0.523
21.32,31790.1,34700.3,-1.0548,-0.7368,148.0,96.9,0.523
21.34,31833.4,34610.9,-0.8387,-0.9567,148.0,96.9,0.523
21.36,31794.8,34652.4,-1.0317,-0.8545,148.0,96.9,0.523
21.38,31798.7,34536.5,-1.0119,-1.1395,148.0,96.9,0.523
21.4,31789.1,34450.2,-1.0597,-1.3519,148.0,96.9,0.523
21.42,31750.0,34472.6,-1.255,-1.2968,148.0,96.9,0.523
21.44,31769.9,34635.2,-1.1557,-0.8969,148.0,96.9,0.523
21.46,31907.0,34786.3,-0.4708,-0.5253,148.0,96.9,0.523
21.48,32108.0,35227.5,0.5333,0.5597,148.0,96.9,0.523
21.5,32161.3,35483.3,0.7994,1.1888,148.0,96.9,0.523
21.52,32226.0,35686.8,1.1223,1.6892,148.0,96.9,0.523
21.54,32376.0,35908.0,1.872,2.2331,148.0,96.9,0.523
21.56,32232.5,35601.0,1.1551,1.4782,148.0,96.9,0.523
21.58,32122.1,35281.7,0.6035,0.6931,148.0,96.9,0.523
21.6,32058.5,35176.2,0.286,0.4336,148.0,96.9,0.523
21.62,32115.2,35128.3,0.5692,0.3158,148.0,96.9,0.523
21.64,32112.8,35047.0,0.5571,0.1158,148.0,96.9,0.523
21.66,32041.9,35097.0,0.2029,0.2389,148.0,96.9,0.523
21.68,32011.8,34891.9,0.0527,-0.2657,148.0,96.9,0.523
21.7,31971.8,34914.1,-0.1473,-0.2111,148.0,96.9,0.523
21.72,31951.3,34711.3,-0.2497,-0.7099,148.0,96.9,0.523
21.74,31898.9,34598.5,-0.5112,-0.9872,148.0,96.9,0.523
21.76,31869.5,34640.3,-0.6584,-0.8842,148.0,96.9,0.523
21.78,31836.1,34563.3,-0.8252,-1.0736,148.0,96.9,0.523
21.8,31826.5,34527.5,-0.873,-1.1618,148.0,96.9,0.523
21.82,31718.3,34535.7,-1.4138,-1.1415,148.0,96.9,0.523
21.84,31661.1,34540.1,-1.6991,-1.1307,148.0,96.9,0.523
21.86,31822.9,34735.2,-0.8913,-0.651,148.0,96.9,0.523
21.88,31996.3,35012.0,-0.0251,0.0297,148.0,96.9,0.523
21.9,32180.1,35379.5,0.8933,0.9335,148.0,96.9,0.523
21.92,32302.4,35643.3,1.5043,1.5823,148.0,96.9,0.523
21.94,32335.6,35749.3,1.6698,1.8429,148.0,96.9,0.523
21.96,32334.8,35655.5,1.6662,1.6123,148.0,96.9,0.523
21.98,32187.9,35455.2,0.932,1.1197,148.0,96.9,0.523
22.0,32228.6,35250.7,1.1356,0.6168,148.0,96.9,0.523
22.02,31964.6,35153.2,-0.183,0.377,148.0,96.9,0.523
22.04,32034.0,35060.9,0.1635,0.1499,148.0,96.9,0.523
22.06,31982.3,35095.7,-0.0948,0.2357,148.0,96.9,0.523
22.08,32013.7,34910.7,0.0618,-0.2194,148.0,96.9,0.523
22.1,31992.9,34888.7,-0.0418,-0.2734,148.0,96.9,0.523
22.12,31812.0,34768.7,-0.9455,-0.5685,148.0,96.9,0.523
22.14,31841.7,34698.2,-0.7971,-0.7418,148.0,96.9,0.523
22.16,31861.6,34686.9,-0.6977,-0.7698,148.0,96.9,0.523
22.18,31866.5,34633.7,-0.6731,-0.9005,148.0,96.9,0.523
22.2,31820.8,34557.6,-0.9016,-1.0878,148.0,96.9,0.523
22.22,31739.7,34474.3,-1.3067,-1.2927,148.0,96.9,0.523
22.24,31703.5,34513.0,-1.4873,-1.1974,148.0,96.9,0.523
22.26,31820.2,34576.6,-0.9047,-1.0411,148.0,96.9,0.523
22.28,31959.5,34996.0,-0.2088,-0.0095,148.0,96.9,0.523
22.3,32032.3,35272.8,0.1548,0.6712,148.0,96.9,0.523
22.32,32269.9,35661.3,1.3417,1.6265,148.0,96.9,0.523
22.34,32291.4,35766.3,1.4491,1.8848,148.0,96.9,0.523
22.36,32287.8,35703.1,1.431,1.7293,148.0,96.9,0.523
22.38,32292.4,35481.0,1.4541,1.1832,148.0,96.9,0.523
22.4,32236.3,35314.9,1.174,0.7747,148.0,96.9,0.523
22.42,32073.1,35209.2,0.3589,0.5147,148.0,96.9,0.523
22.44,31992.1,35116.3,-0.0461,0.2862,148.0,96.9,0.523
22.46,32094.6,34990.0,0.466,-0.0244,148.0,96.9,0.523
22.48,32011.8,34922.2,0.0527,-0.1911,148.0,96.9,0.523
22.5,31960.9,34827.1,-0.2017,-0.4251,148.0,96.9,0.523
22.52,31851.3,34833.7,-0.7493,-0.4088,148.0,96.9,0.523
22.54,31866.5,34641.6,-0.6733,-0.8811,148.0,96.9,0.523
22.56,31664.6,34702.1,-1.6817,-0.7324,148.0,96.9,0.523
22.58,31868.6,34536.3,-0.6629,-1.14,148.0,96.9,0.523
22.6,31810.1,34666.6,-0.9552,-0.8196,148.0,96.9,0.523
22.62,31818.6,34554.2,-0.9127,-1.0961,148.0,96.9,0.523
22.64,31695.0,34421.3,-1.53,-1.423,148.0,96.9,0.523
22.66,31848.4,34471.6,-0.7635,-1.2992,148.0,96.9,0.523
22.68,31850.2,34714.4,-0.7548,-0.7022,148.0,96.9,0.523
22.7,32021.1,35175.9,0.099,0.4327,148.0,96.9,0.523
22.72,32214.9,35506.2,1.0671,1.245,148.0,96.9,0.523
22.74,32406.1,35778.5,2.0219,1.9148,148.0,96.9,0.523
22.76,32289.1,35703.9,1.4375,1.7312,148.0,96.9,0.523
22.78,32210.2,35491.4,1.0435,1.2086,148.0,96.9,0.523
22.8,32112.5,35321.1,0.5558,0.79,148.0,96.9,0.523
22.82,32056.1,35176.7,0.2738,0.4348,148.0,96.9,0.523
22.84,32151.4,35129.5,0.7497,0.3188,148.0,96.9,0.523
22.86,32047.2,35017.1,0.2295,0.0422,148.0,96.9,0.523
22.88,32034.9,34992.9,0.1677,-0.0172,148.0,96.9,0.523
22.9,32035.4,34856.7,0.1703,-0.3522,148.0,96.9,0.523
22.92,31818.0,34793.7,-0.9153,-0.5072,148.0,96.9,0.523
22.94,31840.1,34709.3,-0.805,-0.7146,148.0,96.9,0.523
22.96,31803.4,34704.4,-0.9887,-0.7268,148.0,96.9,0.523
22.98,31761.5,34665.1,-1.1977,-0.8233,148.0,96.9,0.523
23.0,31818.1,34687.5,-0.915,-0.7683,148.0,96.9,0.523
23.02,31747.1,34501.8,-1.2698,-1.2249,148.0,96.9,0.523
23.04,31720.8,34485.3,-1.401,-1.2656,148.0,96.9,0.523
23.06,31714.9,34435.6,-1.4304,-1.3877,148.0,96.9,0.523
23.08,31903.4,34664.2,-0.489,-0.8257,148.0,96.9,0.523
23.1,32038.5,35012.0,0.186,0.0296,148.0,96.9,0.523
23.12,32174.3,35409.2,0.864,1.0066,148.0,96.9,0.523
23.14,32325.2,35664.5,1.6182,1.6344,148.0,96.9,0.523
23.16,32418.8,35757.5,2.0858,1.8631,148.0,96.9,0.523
23.18,32276.0,35583.4,1.3722,1.435,148.0,96.9,0.523
23.2,32148.8,35457.9,0.7369,1.1262,148.0,96.9,0.523
23.22,32073.2,35237.2,0.3592,0.5836,148.0,96.9,0.523
23.24,32007.1,35164.7,0.0293,0.4052,148.0,96.9,0.523
23.26,32035.5,35097.4,0.171,0.2398,148.0,96.9,0.523
23.28,31972.1,35076.1,-0.1459,0.1874,148.0,96.9,0.523
23.3,31965.2,34861.9,-0.1801,-0.3395,148.0,96.9,0.523
23.32,31945.0,34798.6,-0.2813,-0.495,148.0,96.9,0.523
23.34,31883.5,34793.2,-0.5882,-0.5084,148.0,96.9,0.523
23.36,31854.4,34779.9,-0.7337,-0.5412,148.0,96.9,0.523
23.38,31876.1,34743.0,-0.6255,-0.6317,148.0,96.9,0.523
23.4,31769.2,34648.6,-1.1595,-0.8639,148.0,96.9,0.523
23.42,31722.3,34506.9,-1.3938,-1.2125,148.0,96.9,0.523
23.44,31725.6,34517.1,-1.3771,-1.1873,148.0,96.9,0.523
23.46,31752.7,34479.9,-1.2417,-1.2788,148.0,96.9,0.523
23.48,31917.7,34624.7,-0.4177,-0.9227,148.0,96.9,0.523
23.5,32007.4,34889.4,0.0304,-0.2719,148.0,96.9,0.523
23.52,32216.1,35404.2,1.0729,0.9943,148.0,96.9,0.523
23.54,32274.1,35608.2,1.3627,1.4958,148.0,96.9,0.523
23.56,32332.4,35770.0,1.6538,1.8938,148.0,96.9,0.523
23.58,32430.8,35714.5,2.1456,1.7574,148.0,96.9,0.523
23.6,32255.6,35544.0,1.2706,1.338,148.0,96.9,0.523
23.62,32185.5,35284.0,0.9201,0.6986,148.0,96.9,0.523
23.64,31988.6,35117.1,-0.0636,0.2882,148.0,96.9,0.523
23.66,32052.2,35153.3,0.2545,0.3771,148.0,96.9,0.523
23.68,32006.1,35059.6,0.0239,0.1468,148.0,96.9,0.523
23.7,31951.2,34979.7,-0.2501,-0.0498,148.0,96.9,0.523
23.72,32004.1,34804.0,0.0139,-0.4818,148.0,96.9,0.523
23.74,31833.5,34760.1,-0.8382,-0.5897,148.0,96.9,0.523
23.76,31834.7,34642.9,-0.8324,-0.8778,148.0,96.9,0.523
23.78,31875.5,34708.5,-0.6281,-0.7167,148.0,96.9,0.523
23.8,31826.3,34582.5,-0.8742,-1.0265,148.0,96.9,0.523
23.82,31783.0,34542.7,-1.0905,-1.1243,148.0,96.9,0.523
23.84,31819.0,34509.1,-0.9107,-1.2069,148.0,96.9,0.523
23.86,31737.1,34420.5,-1.3196,-1.4249,148.0,96.9,0.523
23.88,31861.7,34648.4,-0.6973,-0.8645,148.0,96.9,0.523
23.9,31923.5,34848.2,-0.3885,-0.3731,148.0,96.9,0.523
23.92,32063.9,35217.4,0.3129,0.5349,148.0,96.9,0.523
23.94,32250.6,35617.1,1.2454,1.5178,148.0,96.9,0.523
23.96,32412.9,35825.7,2.0561,2.0308,148.0,96.9,0.523
23.98,32412.3,35661.1,2.0532,1.626,148.0,96.9,0.523
24.0,32314.7,35479.2,1.5656,1.1787,148.0,96.9,0.523
24.02,32207.7,35304.8,1.0313,0.7498,148.0,96.9,0.523
24.04,32119.7,35142.8,0.5915,0.3514,148.0,96.9,0.523
24.06,32052.0,35112.1,0.2535,0.2758,148.0,96.9,0.523
24.08,32050.6,35062.2,0.2463,0.1531,148.0,96.9,0.523
24.1,31949.7,34999.7,-0.2579,-0.0006,148.0,96.9,0.523
24.12,31943.4,34916.1,-0.2893,-0.206,148.0,96.9,0.523
24.14,31889.0,34767.0,-0.561,-0.5727,148.0,96.9,0.523
24.16,31897.7,34682.1,-0.5172,-0.7816,148.0,96.9,0.523
24.18,31846.9,34630.2,-0.7712,-0.9093,148.0,96.9,0.523
24.2,31854.7,34677.2,-0.7325,-0.7935,148.0,96.9,0.523
24.22,31878.9,34594.9,-0.6113,-0.9959,148.0,96.9,0.523
24.24,31690.6,34506.3,-1.5519,-1.2139,148.0,96.9,0.523
24.26,31733.5,34412.6,-1.3377,-1.4443,148.0,96.9,0.523
24.28,31783.1,34481.6,-1.0897,-1.2746,148.0,96.9,0.523
24.3,31864.3,34735.8,-0.6841,-0.6494,148.0,96.9,0.523
24.32,32062.1,35176.0,0.3036,0.433,148.0,96.9,0.523
24.34,32296.2,35537.2,1.473,1.3214,148.0,96.9,0.523
24.36,32324.5,35741.4,1.6147,1.8235,148.0,96.9,0.523
24.38,32399.0,35782.1,1.9869,1.9235,148.0,96.9,0.523
24.4,32263.2,35434.6,1.3085,1.069,148.0,96.9,0.523
24.42,32168.2,35390.9,0.8339,0.9615,148.0,96.9,0.523
24.44,32092.5,35219.7,0.4556,0.5405,148.0,96.9,0.523
24.46,32132.3,35144.3,0.6542,0.3552,148.0,96.9,0.523
24.48,32054.4,35125.8,0.2653,0.3095,148.0,96.9,0.523
24.5,31977.2,34961.5,-0.1201,-0.0945,148.0,96.9,0.523
24.52,31898.7,34928.0,-0.5126,-0.1767,148.0,96.9,0.523
24.54,31870.7,34848.3,-0.6521,-0.3728,148.0,96.9,0.523
24.56,31851.0,34720.3,-0.7507,-0.6876,148.0,96.9,0.523
24.58,31824.3,34626.7,-0.8839,-0.9178,148.0,96.9,0.523
24.6,31920.5,34730.6,-0.4033,-0.6624,148.0,96.9,0.523
24.62,31788.4,34671.4,-1.0634,-0.8079,148.0,96.9,0.523
24.64,31717.5,34475.5,-1.4175,-1.2897,148.0,96.9,0.523
24.66,31707.2,34494.7,-1.4689,-1.2425,148.0,96.9,0.523
24.68,31687.7,34466.9,-1.5662,-1.3108,148.0,96.9,0.523
24.7,31861.3,34760.4,-0.6991,-0.5891,148.0,96.9,0.523
24.72,32030.4,35004.2,0.1453,0.0106,148.0,96.9,0.523
24.74,32181.3,35547.9,0.899,1.3477,148.0,96.9,0.523
24.76,32339.3,35597.5,1.6885,1.4696,148.0,96.9,0.523
24.78,32346.6,35630.7,1.7251,1.5513,148.0,96.9,0.523
24.8,32322.6,35589.9,1.6052,1.4509,148.0,96.9,0.523
24.82,32284.8,35347.4,1.416,0.8546,148.0,96.9,0.523
24.84,32177.5,35220.1,0.88,0.5416,148.0,96.9,0.523
24.86,32070.6,35179.9,0.3464,0.4426,148.0,96.9,0.523
24.88,32022.0,35135.7,0.1035,0.334,148.0,96.9,0.523
24.9,32061.2,34931.5,0.299,-0.1682,148.0,96.9,0.523
24.92,31964.1,34884.2,-0.186,-0.2845,148.0,96.9,0.523
24.94,31832.0,34717.4,-0.8456,-0.6948,148.0,96.9,0.523
24.96,31948.5,34701.9,-0.2637,-0.7328,148.0,96.9,0.523
24.98,31883.6,34633.2,-0.5881,-0.9018,148.0,96.9,0.523
25.0,31706.5,34690.5,-1.4728,-0.7608,148.0,96.9,0.523
25.02,31864.7,34665.6,-0.6823,-0.8221,148.0,96.9,0.523
25.04,31827.1,34521.2,-0.8703,-1.1773,148.0,96.9,0.523
25.06,31721.3,34477.5,-1.3988,-1.2847,148.0,96.9,0.523
25.08,31769.9,34371.6,-1.1557,-1.5453,148.0,96.9,0.523
25.1,31815.6,34628.2,-0.9277,-0.914,148.0,96.9,0.523
25.12,31973.8,35041.6,-0.1374,0.1026,148.0,96.9,0.523
25.14,32145.5,35382.5,0.7201,0.9409,148.0,96.9,0.523
25.16,32227.8,35660.8,1.1317,1.6252,148.0,96.9,0.523
25.18,32395.0,35682.9,1.9668,1.6797,148.0,96.9,0.523
25.2,32349.1,35679.6,1.7372,1.6716,148.0,96.9,0.523
25.22,32302.6,35367.7,1.5054,0.9045,148.0,96.9,0.523
25.24,32150.0,35303.1,0.743,0.7457,148.0,96.9,0.523
25.26,32037.0,35134.3,0.1786,0.3306,148.0,96.9,0.523
25.28,32080.9,35014.5,0.3978,0.0359,148.0,96.9,0.523
25.3,32060.8,35133.1,0.2974,0.3275,148.0,96.9,0.523
25.32,32082.1,34950.2,0.4038,-0.1222,148.0,96.9,0.523
25.34,31946.1,34869.5,-0.2759,-0.3207,148.0,96.9,0.523
25.36,31972.0,34682.8,-0.1461,-0.7799,148.0,96.9,0.523
25.38,31860.0,34705.1,-0.7056,-0.725,148.0,96.9,0.523
25.4,31800.0,34670.8,-1.0056,-0.8094,148.0,96.9,0.523
25.42,31816.8,34657.8,-0.9214,-0.8413,148.0,96.9,0.523
25.44,31764.3,34530.8,-1.1839,-1.1535,148.0,96.9,0.523
25.46,31810.2,34499.7,-0.9543,-1.2301,148.0,96.9,0.523
25.48,31705.9,34476.1,-1.4757,-1.2881,148.0,96.9,0.523
25.5,31788.9,34552.8,-1.0609,-1.0996,148.0,96.9,0.523
25.52,31797.4,34828.5,-1.0185,-0.4216,148.0,96.9,0.523
25.54,32098.7,35244.9,0.4864,0.6026,148.0,96.9,0.523
25.56,32204.2,35536.7,1.0134,1.3201,148.0,96.9,0.523
25.58,32325.9,35715.1,1.6215,1.7587,148.0,96.9,0.523
25.6,32424.4,35716.4,2.1136,1.7621,148.0,96.9,0.523
25.62,32306.9,35560.1,1.5267,1.3776,148.0,96.9,0.523
25.64,32206.9,35344.2,1.0272,0.8467,148.0,96.9,0.523
25.66,32155.7,35136.4,0.7713,0.3356,148.0,96.9,0.523
25.68,32000.5,35101.2,-0.0038,0.249,148.0,96.9,0.523
25.7,32089.4,35106.1,0.4401,0.2611,148.0,96.9,0.523
25.72,31991.6,35019.5,-0.0483,0.0483,148.0,96.9,0.523
25.74,32017.2,34869.4,0.0797,-0.321,148.0,96.9,0.523
25.76,31928.5,34725.0,-0.3635,-0.6761,148.0,96.9,0.523
25.78,31870.2,34691.1,-0.6546,-0.7594,148.0,96.9,0.523
25.8,31835.8,34631.9,-0.8267,-0.905,148.0,96.9,0.523
25.82,31818.4,34623.1,-0.9136,-0.9268,148.0,96.9,0.523
25.84,31747.0,34686.4,-1.2704,-0.7711,148.0,96.9,0.523
25.86,31879.5,34553.5,-0.6085,-1.0979,148.0,96.9,0.523
25.88,31740.0,34388.6,-1.3054,-1.5032,148.0,96.9,0.523
25.9,31771.6,34460.8,-1.1471,-1.3257,148.0,96.9,0.523
25.92,31827.0,34684.2,-0.8706,-0.7764,148.0,96.9,0.523
25.94,32049.4,35068.3,0.2406,0.1682,148.0,96.9,0.523
25.96,32154.1,35486.1,0.7635,1.1957,148.0,96.9,0.523
25.98,32313.1,35705.4,1.5576,1.7349,148.0,96.9,0.523
26.0,32286.0,35673.0,1.4225,1.6553,148.0,96.9,0.523
26.02,32223.0,35511.7,1.1075,1.2586,148.0,96.9,0.523
26.04,32176.2,35410.6,0.8737,1.0099,148.0,96.9,0.523
26.06,32148.2,35318.8,0.7338,0.7841,148.0,96.9,0.523
26.08,32143.1,35220.0,0.7083,0.5412,148.0,96.9,0.523
26.1,31977.0,35063.1,-0.1211,0.1555,148.0,96.9,0.523
26.12,32107.2,34940.8,0.5289,-0.1454,148.0,96.9,0.523
26.14,31969.3,34994.3,-0.16,-0.0137,148.0,96.9,0.523
26.16,31845.0,34791.8,-0.7806,-0.5118,148.0,96.9,0.523
26.18,31868.7,34768.2,-0.6622,-0.5698,148.0,96.9,0.523
26.2,31798.1,34637.0,-1.0149,-0.8925,148.0,96.9,0.523
26.22,31835.3,34762.7,-0.8294,-0.5833,148.0,96.9,0.523
26.24,31687.2,34598.5,-1.5689,-0.9871,148.0,96.9,0.523
26.26,31700.0,34520.7,-1.5052,-1.1784,148.0,96.9,0.523
26.28,31744.4,34509.6,-1.2831,-1.2057,148.0,96.9,0.523
26.3,31814.8,34461.0,-0.9318,-1.3253,148.0,96.9,0.523
26.32,31805.3,34758.8,-0.9792,-0.593,148.0,96.9,0.523
26.34,32003.2,34977.3,0.0097,-0.0555,148.0,96.9,0.523
26.36,32198.8,35428.5,0.9866,1.0539,148.0,96.9,0.523
26.38,32322.0,35604.1,1.602,1.4858,148.0,96.9,0.523
26.4,32322.6,35715.6,1.605,1.7599,148.0,96.9,0.523
26.42,32350.5,35618.4,1.7442,1.5211,148.0,96.9,0.523
26.44,32174.3,35444.6,0.8642,1.0936,148.0,96.9,0.523
26.46,32169.1,35370.7,0.8384,0.9118,148.0,96.9,0.523
26.48,32052.7,35157.5,0.2569,0.3875,148.0,96.9,0.523
26.5,32016.6,35066.1,0.0764,0.1629,148.0,96.9,0.523
26.52,32100.5,34975.5,0.4954,-0.0601,148.0,96.9,0.523
26.54,31954.6,34939.3,-0.2333,-0.149,148.0,96.9,0.523
26.56,31952.1,34795.4,-0.2459,-0.503,148.0,96.9,0.523
26.58,31816.7,34655.1,-0.922,-0.848,148.0,96.9,0.523
26.6,31850.3,34688.5,-0.7544,-0.7658,148.0,96.9,0.523
26.62,31852.5,34628.8,-0.7433,-0.9127,148.0,96.9,0.523
26.64,31760.7,34621.3,-1.2018,-0.931,148.0,96.9,0.523
26.66,31794.9,34566.6,-1.0311,-1.0656,148.0,96.9,0.523
26.68,31752.2,34581.0,-1.2443,-1.0302,148.0,96.9,0.523
26.7,31744.3,34380.9,-1.2835,-1.5223,148.0,96.9,0.523
26.72,31742.4,34525.1,-1.2931,-1.1675,148.0,96.9,0.523
26.74,31977.9,34922.6,-0.1169,-0.19,148.0,96.9,0.523
26.76,32127.2,35329.4,0.6288,0.8103,148.0,96.9,0.523
26.78,32310.0,35561.8,1.5423,1.3818,148.0,96.9,0.523
26.8,32410.1,35740.1,2.042,1.8203,148.0,96.9,0.523
26.82,32287.2,35603.9,1.4284,1.4854,148.0,96.9,0.523
26.84,32193.2,35499.3,0.9588,1.228,148.0,96.9,0.523
26.86,32193.1,35314.8,0.9582,0.7744,148.0,96.9,0.523
26.88,32099.9,35206.2,0.4926,0.5074,148.0,96.9,0.523
26.9,32080.0,35084.6,0.3931,0.2082,148.0,96.9,0.523
26.92,32060.4,35086.5,0.2955,0.2129,148.0,96.9,0.523
26.94,31957.3,34982.3,-0.2197,-0.0432,148.0,96.9,0.523
26.96,31915.4,34866.1,-0.429,-0.3291,148.0,96.9,0.523
26.98,31814.2,34785.4,-0.9346,-0.5276,148.0,96.9,0.523
27.0,31854.6,34683.8,-0.7329,-0.7775,148.0,96.9,0.523
27.02,31794.9,34725.0,-1.0308,-0.6761,148.0,96.9,0.523
27.04,31856.5,34604.1,-0.723,-0.9735,148.0,96.9,0.523
27.06,31936.7,34541.2,-0.3228,-1.1281,148.0,96.9,0.523
27.08,31755.7,34481.2,-1.2269,-1.2756,148.0,96.9,0.523
27.1,31720.4,34378.7,-1.4029,-1.5277,148.0,96.9,0.523
27.12,31803.1,34552.3,-0.9898,-1.1009,148.0,96.9,0.523
27.14,31995.7,34777.8,-0.028,-0.5463,148.0,96.9,0.523
27.16,32150.3,35259.7,0.7444,0.6389,148.0,96.9,0.523
27.18,32198.3,35576.4,0.984,1.4176,148.0,96.9,0.523
27.2,32325.3,35758.1,1.6184,1.8647,148.0,96.9,0.523
27.22,32255.1,35704.0,1.2679,1.7315,148.0,96.9,0.523
27.24,32265.3,35611.7,1.3189,1.5045,148.0,96.9,0.523
27.26,32193.0,35364.3,0.9578,0.8961,148.0,96.9,0.523
27.28,32013.2,35193.2,0.0593,0.4753,148.0,96.9,0.523
27.3,32069.4,35135.2,0.3402,0.3328,148.0,96.9,0.523
27.32,31958.2,35033.7,-0.2153,0.0831,148.0,96.9,0.523
27.34,31982.0,34936.4,-0.0964,-0.1561,148.0,96.9,0.523
27.36,31923.1,34955.7,-0.3905,-0.1088,148.0,96.9,0.523
27.38,31953.9,34792.7,-0.2366,-0.5096,148.0,96.9,0.523
27.4,31891.8,34762.4,-0.5467,-0.5841,148.0,96.9,0.523
27.42,31846.5,34613.2,-0.7733,-0.9511,148.0,96.9,0.523
27.44,31831.8,34700.6,-0.8468,-0.7361,148.0,96.9,0.523
27.46,31765.8,34622.5,-1.1765,-0.9281,148.0,96.9,0.523
27.48,31709.9,34459.0,-1.4556,-1.3303,148.0,96.9,0.523
27.5,31697.1,34436.5,-1.5196,-1.3856,148.0,96.9,0.523
27.52,31687.3,34469.0,-1.5687,-1.3057,148.0,96.9,0.523
27.54,31822.8,34797.5,-0.8918,-0.4978,148.0,96.9,0.523
27.56,31990.1,35130.7,-0.0561,0.3216,148.0,96.9,0.523
27.58,32291.1,35570.9,1.4478,1.4041,148.0,96.9,0.523
27.6,32338.6,35718.4,1.6848,1.7668,148.0,96.9,0.523
27.62,32346.3,35766.5,1.7235,1.8851,148.0,96.9,0.523
27.64,32383.2,35576.1,1.9077,1.4171,148.0,96.9,0.523
27.66,32233.6,35351.6,1.1603,0.865,148.0,96.9,0.523
27.68,32087.2,35251.1,0.4291,0.6176,148.0,96.9,0.523
27.7,32105.1,35222.6,0.5185,0.5476,148.0,96.9,0.523
27.72,32086.9,35067.0,0.4277,0.1649,148.0,96.9,0.523
27.74,32016.3,35085.8,0.0748,0.2111,148.0,96.9,0.523
27.76,31963.7,34924.9,-0.1877,-0.1845,148.0,96.9,0.523
27.78,31841.6,34863.7,-0.7979,-0.335,148.0,96.9,0.523
27.8,31753.4,34727.4,-1.2382,-0.6701,148.0,96.9,0.523
27.82,31764.0,34713.7,-1.1854,-0.7037,148.0,96.9,0.523
27.84,31746.2,34763.2,-1.2741,-0.5822,148.0,96.9,0.523
27.86,31907.1,34621.9,-0.4703,-0.9296,148.0,96.9,0.523
27.88,31824.5,34577.5,-0.8831,-1.0387,148.0,96.9,0.523
27.9,31768.1,34544.5,-1.1647,-1.12,148.0,96.9,0.523
27.92,31776.1,34471.3,-1.1246,-1.2999,148.0,96.9,0.523
27.94,31852.0,34653.0,-0.7457,-0.853,148.0,96.9,0.523
27.96,31937.9,35022.2,-0.3165,0.0549,148.0,96.9,0.523
27.98,32187.0,35381.8,0.9276,0.9391,148.0,96.9,0.523
28.0,32281.2,35685.3,1.3983,1.6855,148.0,96.9,0.523
28.02,32269.7,35751.0,1.3409,1.8471,148.0,96.9,0.523
28.04,32314.2,35692.3,1.5628,1.7026,148.0,96.9,0.523
28.06,32201.5,35489.0,1.0002,1.2028,148.0,96.9,0.523
28.08,32134.1,35282.3,0.6633,0.6945,148.0,96.9,0.523
28.1,31991.8,35139.9,-0.0472,0.3442,148.0,96.9,0.523
28.12,32050.3,35065.5,0.2448,0.1613,148.0,96.9,0.523
28.14,32062.6,35078.2,0.3061,0.1926,148.0,96.9,0.523
28.16,32055.4,34870.4,0.2705,-0.3186,148.0,96.9,0.523
28.18,31841.9,34869.0,-0.7961,-0.3219,148.0,96.9,0.523
28.2,31892.7,34790.2,-0.5422,-0.5157,148.0,96.9,0.523
28.22,31818.9,34690.4,-0.911,-0.7612,148.0,96.9,0.523
28.24,31853.9,34695.6,-0.736,-0.7484,148.0,96.9,0.523
28.26,31772.3,34652.4,-1.1439,-0.8546,148.0,96.9,0.523
28.28,31782.1,34575.9,-1.0951,-1.0428,148.0,96.9,0.523
28.3,31699.6,34495.4,-1.5069,-1.2408,148.0,96.9,0.523
28.32,31766.9,34433.8,-1.1708,-1.3922,148.0,96.9,0.523
28.34,31676.9,34569.4,-1.6204,-1.0588,148.0,96.9,0.523
28.36,31964.4,34911.3,-0.1843,-0.2179,148.0,96.9,0.523
28.38,32162.8,35293.6,0.8067,0.7223,148.0,96.9,0.523
28.4,32362.8,35592.5,1.8057,1.4574,148.0,96.9,0.523
28.42,32235.6,35798.2,1.1703,1.9631,148.0,96.9,0.523
28.44,32351.1,35734.0,1.7475,1.8052,148.0,96.9,0.523
28.46,32160.2,35564.1,0.7939,1.3874,148.0,96.9,0.523
28.48,32170.4,35236.6,0.8446,0.5821,148.0,96.9,0.523
28.5,32098.6,35138.8,0.4859,0.3416,148.0,96.9,0.523
28.52,32105.5,35042.9,0.5204,0.1057,148.0,96.9,0.523
28.54,32141.4,35115.8,0.6997,0.2849,148.0,96.9,0.523
28.56,31979.3,35004.3,-0.1099,0.0107,148.0,96.9,0.523
28.58,31932.7,34917.4,-0.3426,-0.203,148.0,96.9,0.523
28.6,31948.2,34811.6,-0.2651,-0.463,148.0,96.9,0.523
28.62,31848.9,34696.4,-0.7614,-0.7463,148.0,96.9,0.523
28.64,31864.0,34632.6,-0.6858,-0.9033,148.0,96.9,0.523
28.66,31867.5,34609.6,-0.6682,-0.9598,148.0,96.9,0.523
28.68,31796.2,34568.2,-1.0245,-1.0617,148.0,96.9,0.523
28.7,31795.1,34469.0,-1.0298,-1.3057,148.0,96.9,0.523
28.72,31718.5,34432.6,-1.4127,-1.3951,148.0,96.9,0.523
28.74,31883.3,34532.5,-0.5895,-1.1496,148.0,96.9,0.523
28.76,31957.8,34810.2,-0.2174,-0.4666,148.0,96.9,0.523
28.78,32078.9,35201.9,0.3879,0.4966,148.0,96.9,0.523
28.8,32265.6,35484.9,1.3205,1.1926,148.0,96.9,0.523
28.82,32279.8,35787.6,1.3914,1.9371,148.0,96.9,0.523
28.84,32357.8,35711.1,1.7809,1.7491,148.0,96.9,0.523
28.86,32200.4,35563.7,0.9944,1.3864,148.0,96.9,0.523
28.88,32187.7,35461.7,0.931,1.1355,148.0,96.9,0.523
28.9,32117.3,35127.4,0.5797,0.3135,148.0,96.9,0.523
28.92,32050.5,35096.9,0.2456,0.2386,148.0,96.9,0.523
28.94,31999.0,35071.4,-0.0114,0.1758,148.0,96.9,0.523
28.96,32049.2,35092.5,0.2392,0.2277,148.0,96.9,0.523
28.98,31876.8,34967.1,-0.6216,-0.0806,148.0,96.9,0.523
29.0,31905.0,34848.7,-0.4808,-0.3718,148.0,96.9,0.523
29.02,31816.6,34620.7,-0.9226,-0.9325,148.0,96.9,0.523
29.04,31828.8,34703.8,-0.8615,-0.7282,148.0,96.9,0.523
29.06,31877.4,34622.3,-0.6189,-0.9285,148.0,96.9,0.523
29.08,31744.7,34683.1,-1.2816,-0.7791,148.0,96.9,0.523
29.1,31744.9,34551.1,-1.281,-1.1037,148.0,96.9,0.523
29.12,31761.7,34384.8,-1.1969,-1.5126,148.0,96.9,0.523
29.14,31703.1,34447.2,-1.4897,-1.3592,148.0,96.9,0.523
29.16,31894.5,34676.1,-0.5335,-0.7964,148.0,96.9,0.523
29.18,32009.6,35129.5,0.0414,0.3187,148.0,96.9,0.523
29.2,32186.6,35454.5,0.9257,1.1179,148.0,96.9,0.523
29.22,32354.4,35678.4,1.764,1.6685,148.0,96.9,0.523
29.24,32410.7,35786.0,2.0454,1.9333,148.0,96.9,0.523
29.26,32246.2,35596.8,1.2233,1.468,148.0,96.9,0.523
29.28,32222.1,35354.9,1.1029,0.873,148.0,96.9,0.523
29.3,32091.7,35299.6,0.4517,0.737,148.0,96.9,0.523
29.32,31990.8,35142.9,-0.0526,0.3518,148.0,96.9,0.523
29.34,32010.8,35078.9,0.0477,0.1943,148.0,96.9,0.523
29.36,31967.9,35062.7,-0.167,0.1543,148.0,96.9,0.523
29.38,32015.1,34701.2,0.0692,-0.7347,148.0,96.9,0.523
29.4,31926.8,34769.6,-0.3719,-0.5663,148.0,96.9,0.523
29.42,31810.4,34670.5,-0.9534,-0.81,148.0,96.9,0.523
29.44,31850.9,34734.2,-0.7514,-0.6534,148.0,96.9,0.523
29.46,31806.0,34610.6,-0.9755,-0.9573,148.0,96.9,0.523
29.48,31840.8,34748.0,-0.8018,-0.6195,148.0,96.9,0.523
29.5,31873.6,34571.8,-0.638,-1.0529,148.0,96.9,0.523
29.52,31759.6,34454.1,-1.2073,-1.3422,148.0,96.9,0.523
29.54,31722.0,34559.7,-1.3953,-1.0826,148.0,96.9,0.523
29.56,31808.3,34626.8,-0.9641,-0.9176,148.0,96.9,0.523
29.58,32026.4,34924.6,0.1253,-0.1851,148.0,96.9,0.523
29.6,32219.4,35364.3,1.0895,0.8961,148.0,96.9,0.523
29.62,32406.5,35596.2,2.0241,1.4664,148.0,96.9,0.523
29.64,32336.0,35798.4,1.6718,1.9637,148.0,96.9,0.523
29.66,32263.0,35761.1,1.3073,1.8719,148.0,96.9,0.523
29.68,32280.7,35503.6,1.396,1.2388,148.0,96.9,0.523
29.7,32023.6,35267.2,0.1115,0.6574,148.0,96.9,0.523
29.72,32077.9,35211.7,0.3825,0.5207,148.0,96.9,0.523
29.74,32010.5,35108.2,0.046,0.2662,148.0,96.9,0.523
29.76,32045.2,34984.1,0.2195,-0.0388,148.0,96.9,0.523
29.78,31932.5,34925.3,-0.3435,-0.1835,148.0,96.9,0.523
29.8,32001.8,34922.9,0.0024,-0.1893,148.0,96.9,0.523
29.82,31791.7,34730.7,-1.0468,-0.662,148.0,96.9,0.523
29.84,31844.8,34694.6,-0.7816,-0.7509,148.0,96.9,0.523
29.86,31902.6,34681.3,-0.493,-0.7836,148.0,96.9,0.523
29.88,31783.2,34699.2,-1.0894,-0.7396,148.0,96.9,0.523
29.9,31841.9,34515.0,-0.7959,-1.1924,148.0,96.9,0.523
29.92,31727.2,34465.8,-1.3691,-1.3136,148.0,96.9,0.523
29.94,31694.1,34489.0,-1.5346,-1.2564,148.0,96.9,0.523
29.96,31749.1,34676.9,-1.2595,-0.7943,148.0,96.9,0.523
29.98,31862.4,34904.7,-0.6939,-0.2342,148.0,96.9,0.523
30.0,32104.0,35312.0,0.5131,0.7676,148.0,96.9,0.523
30.02,32285.7,35627.7,1.4208,1.5438,148.0,96.9,0.523
30.04,32345.9,35795.7,1.7213,1.957,148.0,96.9,0.523
30.06,32310.1,35654.5,1.5428,1.6098,148.0,96.9,0.523
30.08,32263.5,35599.4,1.3099,1.4743,148.0,96.9,0.523
30.1,32110.5,35306.3,0.5453,0.7534,148.0,96.9,0.523
30.12,32058.1,35158.9,0.2837,0.391,148.0,96.9,0.523
30.14,32041.7,35124.4,0.202,0.306,148.0,96.9,0.523
30.16,32081.4,35125.9,0.4,0.3098,148.0,96.9,0.523
30.18,31967.0,34953.7,-0.1711,-0.1136,148.0,96.9,0.523
30.2,31925.8,34872.4,-0.3771,-0.3136,148.0,96.9,0.523
30.22,31914.8,34904.0,-0.4322,-0.2359,148.0,96.9,0.523
30.24,31781.6,34669.9,-1.0976,-0.8115,148.0,96.9,0.523
30.26,31953.8,34717.7,-0.2374,-0.694,148.0,96.9,0.523
30.28,31697.1,34603.4,-1.5195,-0.975,148.0,96.9,0.523
30.3,31847.2,34524.4,-0.7696,-1.1695,148.0,96.9,0.523
30.32,31760.2,34509.0,-1.2043,-1.2073,148.0,96.9,0.523
30.34,31719.7,34461.4,-1.4066,-1.3242,148.0,96.9,0.523
30.36,31792.5,34557.2,-1.0429,-1.0888,148.0,96.9,0.523
30.38,31931.2,34801.0,-0.3499,-0.4892,148.0,96.9,0.523
30.4,32126.5,35207.6,0.6253,0.5108,148.0,96.9,0.523
30.42,32213.5,35536.2,1.0602,1.3187,148.0,96.9,0.523
30.44,32476.1,35785.7,2.372,1.9323,148.0,96.9,0.523
30.46,32335.1,35725.4,1.6677,1.7842,148.0,96.9,0.523
30.48,32343.9,35563.3,1.7116,1.3855,148.0,96.9,0.523
30.5,32126.2,35434.1,0.624,1.0677,148.0,96.9,0.523
30.52,32086.2,35199.9,0.4239,0.4918,148.0,96.9,0.523
30.54,32047.7,35159.4,0.2318,0.3921,148.0,96.9,0.523
30.56,32012.7,35158.9,0.0572,0.3911,148.0,96.9,0.523
30.58,32006.1,34960.7,0.0242,-0.0965,148.0,96.9,0.523
30.6,31957.1,34888.9,-0.2209,-0.2729,148.0,96.9,0.523
30.62,31768.9,34772.0,-1.1607,-0.5606,148.0,96.9,0.523
30.64,31845.5,34712.5,-0.7783,-0.7068,148.0,96.9,0.523
30.66,31856.5,34661.7,-0.7235,-0.8317,148.0,96.9,0.523
30.68,31805.9,34662.4,-0.9761,-0.8301,148.0,96.9,0.523
30.7,31796.8,34612.7,-1.0215,-0.9523,148.0,96.9,0.523
30.72,31740.6,34595.2,-1.3022,-0.9953,148.0,96.9,0.523
30.74,31766.7,34460.8,-1.172,-1.3257,148.0,96.9,0.523
30.76,31616.7,34407.1,-1.9213,-1.458,148.0,96.9,0.523
30.78,31795.1,34770.8,-1.0298,-0.5633,148.0,96.9,0.523
30.8,31943.9,35080.2,-0.2868,0.1975,148.0,96.9,0.523
30.82,32121.2,35439.6,0.5991,1.0813,148.0,96.9,0.523
30.84,32291.1,35706.2,1.4478,1.7369,148.0,96.9,0.523
30.86,32369.9,35866.8,1.8415,2.132,148.0,96.9,0.523
30.88,32332.1,35694.0,1.6524,1.7069,148.0,96.9,0.523
30.9,32237.8,35428.4,1.1812,1.0537,148.0,96.9,0.523
30.92,32055.7,35250.3,0.272,0.6158,148.0,96.9,0.523
30.94,32072.1,35156.1,0.3539,0.384,148.0,96.9,0.523
30.96,32044.2,35052.7,0.2145,0.1299,148.0,96.9,0.523
30.98,32054.5,35078.2,0.2658,0.1927,148.0,96.9,0.523
31.0,32009.7,34940.1,0.0418,-0.1471,148.0,96.9,0.523
31.02,32012.1,34766.2,0.054,-0.5747,148.0,96.9,0.523
31.04,31878.5,34685.2,-0.6134,-0.7741,148.0,96.9,0.523
31.06,31866.5,34714.7,-0.6733,-0.7014,148.0,96.9,0.523
31.08,31789.1,34709.2,-1.0601,-0.715,148.0,96.9,0.523
31.1,31893.9,34536.3,-0.5367,-1.1402,148.0,96.9,0.523
31.12,31814.8,34580.3,-0.9316,-1.0319,148.0,96.9,0.523
31.14,31725.3,34583.9,-1.3788,-1.0231,148.0,96.9,0.523
31.16,31712.0,34432.3,-1.4451,-1.3957,148.0,96.9,0.523
31.18,31799.4,34614.7,-1.0082,-0.9472,148.0,96.9,0.523
31.2,31998.4,34942.6,-0.0145,-0.1408,148.0,96.9,0.523
31.22,32181.3,35326.0,0.8994,0.802,148.0,96.9,0.523
31.24,32211.0,35615.1,1.0476,1.5129,148.0,96.9,0.523
31.26,32327.7,35781.1,1.6304,1.9212,148.0,96.9,0.523
31.28,32203.5,35590.8,1.0102,1.4532,148.0,96.9,0.523
31.3,32331.2,35482.9,1.648,1.1878,148.0,96.9,0.523
31.32,32200.7,35317.3,0.9962,0.7806,148.0,96.9,0.523
31.34,32102.5,35180.8,0.5055,0.4449,148.0,96.9,0.523
31.36,32045.9,35130.5,0.2231,0.3212,148.0,96.9,0.523
31.38,31984.9,35109.3,-0.082,0.269,148.0,96.9,0.523
31.4,32060.6,34852.5,0.2962,-0.3626,148.0,96.9,0.523
31.42,31923.9,34885.6,-0.3866,-0.2811,148.0,96.9,0.523
31.44,31975.9,34782.8,-0.1268,-0.5338,148.0,96.9,0.523
31.46,31898.5,34695.8,-0.5137,-0.7478,148.0,96.9,0.523
31.48,31715.1,34625.1,-1.4294,-0.9218,148.0,96.9,0.523
31.5,31754.7,34707.7,-1.2317,-0.7185,148.0,96.9,0.523
31.52,31845.2,34518.4,-0.7799,-1.1842,148.0,96.9,0.523
31.54,31808.7,34608.6,-0.9621,-0.9622,148.0,96.9,0.523
31.56,31687.6,34490.0,-1.567,-1.2539,148.0,96.9,0.523
31.58,31796.9,34536.9,-1.0212,-1.1385,148.0,96.9,0.523
31.6,31981.2,34867.7,-0.1002,-0.3253,148.0,96.9,0.523
31.62,32115.6,35213.5,0.5711,0.5252,148.0,96.9,0.523
31.64,32256.7,35585.4,1.2758,1.4398,148.0,96.9,0.523
31.66,32368.1,35762.2,1.8322,1.8746,148.0,96.9,0.523
31.68,32373.7,35768.8,1.8601,1.8909,148.0,96.9,0.523
31.7,32324.9,35478.5,1.6166,1.1771,148.0,96.9,0.523
31.72,32103.7,35347.3,0.5118,0.8543,148.0,96.9,0.523
31.74,32119.1,35188.0,0.5888,0.4625,148.0,96.9,0.523
31.76,32077.7,35076.9,0.3817,0.1894,148.0,96.9,0.523
31.78,32068.3,35083.3,0.3348,0.2051,148.0,96.9,0.523
31.8,32073.1,34970.8,0.3585,-0.0717,148.0,96.9,0.523
31.82,31918.6,34895.9,-0.4129,-0.2558,148.0,96.9,0.523
31.84,31890.5,34757.5,-0.5534,-0.596,148.0,96.9,0.523
31.86,31830.5,34704.2,-0.8533,-0.7271,148.0,96.9,0.523
31.88,31854.0,34693.4,-0.7356,-0.7536,148.0,96.9,0.523
31.9,31887.3,34572.2,-0.5692,-1.0517,148.0,96.9,0.523
31.92,31862.2,34585.9,-0.6946,-1.0181,148.0,96.9,0.523
31.94,31768.7,34489.2,-1.1617,-1.256,148.0,96.9,0.523
31.96,31652.7,34481.6,-1.7412,-1.2746,148.0,96.9,0.523
31.98,31707.1,34434.2,-1.4696,-1.3912,148.0,96.9,0.523
32.0,31836.3,34759.4,-0.824,-0.5914,148.0,96.9,0.523
32.02,32078.2,35146.8,0.3844,0.3613,148.0,96.9,0.523
32.04,32259.9,35500.9,1.2918,1.2319,148.0,96.9,0.523
32.06,32311.8,35730.4,1.5511,1.7965,148.0,96.9,0.523
32.08,32290.5,35710.3,1.4449,1.747,148.0,96.9,0.523
32.1,32223.1,35583.3,1.108,1.4348,148.0,96.9,0.523
32.12,32218.9,35359.1,1.0871,0.8832,148.0,96.9,0.523
32.14,32073.7,35322.9,0.3619,0.7943,148.0,96.9,0.523
32.16,32026.5,35140.0,0.1259,0.3445,148.0,96.9,0.523
32.18,32029.7,34981.4,0.142,-0.0456,148.0,96.9,0.523
32.2,32015.5,35016.8,0.0708,0.0416,148.0,96.9,0.523
32.22,31912.3,34886.8,-0.4444,-0.2782,148.0,96.9,0.523
32.24,31900.7,34768.9,-0.5023,-0.5682,148.0,96.9,0.523
32.26,31867.5,34665.8,-0.6686,-0.8216,148.0,96.9,0.523
32.28,31829.1,34698.6,-0.86,-0.741,148.0,96.9,0.523
32.3,31797.8,34599.9,-1.0165,-0.9837,148.0,96.9,0.523
32.32,31862.3,34613.1,-0.6945,-0.9512,148.0,96.9,0.523
32.34,31836.6,34495.4,-0.8229,-1.2406,148.0,96.9,0.523
32.36,31715.8,34435.9,-1.4262,-1.387,148.0,96.9,0.523
32.38,31829.8,34391.2,-0.8565,-1.4969,148.0,96.9,0.523
32.4,31864.9,34698.1,-0.6812,-0.7422,148.0,96.9,0.523
32.42,31943.5,34971.6,-0.2889,-0.0697,148.0,96.9,0.523
32.44,32262.1,35379.2,1.3028,0.9326,148.0,96.9,0.523
32.46,32304.8,35670.6,1.516,1.6494,148.0,96.9,0.523
32.48,32340.2,35761.7,1.6928,1.8735,148.0,96.9,0.523
32.5,32270.2,35559.0,1.3433,1.3749,148.0,96.9,0.523
32.52,32148.0,35423.5,0.733,1.0417,148.0,96.9,0.523
32.54,32161.8,35266.7,0.802,0.656,148.0,96.9,0.523
32.56,32188.3,35146.4,0.9343,0.3602,148.0,96.9,0.523
32.58,32048.4,35187.3,0.2353,0.4608,148.0,96.9,0.523
32.6,32013.4,35053.6,0.0603,0.1321,148.0,96.9,0.523
32.62,31966.7,34917.2,-0.1727,-0.2035,148.0,96.9,0.523
32.64,31898.8,34885.8,-0.5122,-0.2805,148.0,96.9,0.523
32.66,31841.4,34789.0,-0.7985,-0.5187,148.0,96.9,0.523
32.68,31820.3,34635.1,-0.9043,-0.8972,148.0,96.9,0.523
32.7,31883.7,34775.3,-0.5872,-0.5523,148.0,96.9,0.523
32.72,31823.7,34668.5,-0.8872,-0.8149,148.0,96.9,0.523
32.74,31920.7,34520.4,-0.4027,-1.1791,148.0,96.9,0.523
32.76,31803.5,34523.7,-0.9879,-1.171,148.0,96.9,0.523
32.78,31726.4,34454.9,-1.373,-1.3402,148.0,96.9,0.523
32.8,31855.1,34597.0,-0.7305,-0.9909,148.0,96.9,0.523
32.82,31945.1,34925.0,-0.2805,-0.1841,148.0,96.9,0.523
32.84,32204.1,35281.2,1.0132,0.6918,148.0,96.9,0.523
32.86,32332.8,35569.4,1.6561,1.4006,148.0,96.9,0.523
32.88,32401.5,35758.8,1.9994,1.8662,148.0,96.9,0.523
32.9,32267.6,35814.5,1.3303,2.0033,148.0,96.9,0.523
32.92,32264.3,35578.4,1.3136,1.4227,148.0,96.9,0.523
32.94,32144.0,35352.9,0.713,0.8682,148.0,96.9,0.523
32.96,32069.1,35255.0,0.3388,0.6273,148.0,96.9,0.523
32.98,32045.0,35148.6,0.2184,0.3656,148.0,96.9,0.523
33.0,32081.7,35018.0,0.4015,0.0445,148.0,96.9,0.523
33.02,32023.5,34929.6,0.1107,-0.1729,148.0,96.9,0.523
33.04,31924.6,34818.9,-0.3833,-0.4451,148.0,96.9,0.523
33.06,31852.5,34706.9,-0.7431,-0.7205,148.0,96.9,0.523
33.08,31795.4,34683.9,-1.0285,-0.7771,148.0,96.9,0.523
33.1,31944.0,34649.4,-0.2864,-0.8621,148.0,96.9,0.523
33.12,31833.3,34559.9,-0.8393,-1.0822,148.0,96.9,0.523
33.14,31828.0,34484.3,-0.8656,-1.268,148.0,96.9,0.523
33.16,31834.8,34411.1,-0.8319,-1.4479,148.0,96.9,0.523
33.18,31763.2,34413.6,-1.1893,-1.442,148.0,96.9,0.523
33.2,31736.4,34441.6,-1.3231,-1.373,148.0,96.9,0.523
33.22,31871.2,34824.4,-0.6498,-0.4316,148.0,96.9,0.523
33.24,32054.3,35170.9,0.265,0.4204,148.0,96.9,0.523
33.26,32262.2,35493.1,1.3031,1.2128,148.0,96.9,0.523
33.28,32346.2,35722.7,1.723,1.7776,148.0,96.9,0.523
33.3,32314.4,35733.7,1.5639,1.8045,148.0,96.9,0.523
33.32,32208.1,35569.9,1.0331,1.4016,148.0,96.9,0.523
33.34,32151.0,35353.8,0.7477,0.8703,148.0,96.9,0.523
33.36,32086.4,35118.5,0.4249,0.2915,148.0,96.9,0.523
33.38,32028.6,35105.0,0.1363,0.2585,148.0,96.9,0.523
33.4,32009.7,35119.3,0.0421,0.2937,148.0,96.9,0.523
33.42,32108.7,34956.2,0.5367,-0.1075,148.0,96.9,0.523
33.44,31954.1,34867.9,-0.2355,-0.3245,148.0,96.9,0.523
33.46,31811.0,34763.0,-0.9506,-0.5827,148.0,96.9,0.523
33.48,31854.8,34725.4,-0.7316,-0.675,148.0,96.9,0.523
33.5,31873.9,34612.7,-0.6365,-0.9522,148.0,96.9,0.523
33.52,31763.8,34654.8,-1.1864,-0.8486,148.0,96.9,0.523
33.54,31769.3,34535.4,-1.159,-1.1423,148.0,96.9,0.523
33.56,31757.2,34525.2,-1.2194,-1.1674,148.0,96.9,0.523
33.58,31753.1,34455.0,-1.2396,-1.3401,148.0,96.9,0.523
33.6,31724.2,34501.6,-1.384,-1.2255,148.0,96.9,0.523
33.62,31836.8,34744.3,-0.8218,-0.6285,148.0,96.9,0.523
33.64,32151.2,35129.3,0.7488,0.3181,148.0,96.9,0.523
33.66,32198.3,35490.1,0.9843,1.2056,148.0,96.9,0.523
33.68,32357.8,35726.6,1.7808,1.7871,148.0,96.9,0.523
33.7,32336.1,35812.7,1.6724,1.9989,148.0,96.9,0.523
33.72,32374.5,35591.6,1.8643,1.455,148.0,96.9,0.523
33.74,32094.2,35400.8,0.4639,0.9858,148.0,96.9,0.523
33.76,32094.6,35274.5,0.4662,0.6754,148.0,96.9,0.523
33.78,32007.0,35068.6,0.0287,0.1689,148.0,96.9,0.523
33.8,31981.0,35058.0,-0.1014,0.143,148.0,96.9,0.523
33.82,31992.2,35008.3,-0.0456,0.0207,148.0,96.9,0.523
33.84,31942.9,34903.8,-0.2916,-0.2364,148.0,96.9,0.523
33.86,31905.4,34843.7,-0.4791,-0.3842,148.0,96.9,0.523
33.88,31926.6,34757.0,-0.3733,-0.5973,148.0,96.9,0.523
33.9,31859.3,34711.3,-0.7092,-0.7098,148.0,96.9,0.523
33.92,31747.6,34773.2,-1.2672,-0.5576,148.0,96.9,0.523
33.94,31876.9,34564.1,-0.6216,-1.0718,148.0,96.9,0.523
33.96,31896.2,34560.5,-0.5247,-1.0807,148.0,96.9,0.523
33.98,31697.6,34386.1,-1.517,-1.5095,148.0,96.9,0.523
34.0,31772.8,34579.6,-1.1411,-1.0335,148.0,96.9,0.523
34.02,31835.3,34675.6,-0.8292,-0.7976,148.0,96.9,0.523
34.04,31967.4,35138.3,-0.1695,0.3403,148.0,96.9,0.523
34.06,32167.2,35288.6,0.8287,0.71,148.0,96.9,0.523
34.08,32354.2,35672.3,1.763,1.6536,148.0,96.9,0.523
34.1,32426.1,35698.0,2.1219,1.7167,148.0,96.9,0.523
34.12,32292.8,35543.0,1.4563,1.3355,148.0,96.9,0.523
34.14,32223.4,35422.4,1.1098,1.039,148.0,96.9,0.523
34.16,32108.1,35220.3,0.5337,0.542,148.0,96.9,0.523
34.18,31994.3,35157.4,-0.0349,0.3874,148.0,96.9,0.523
34.2,32077.7,35026.0,0.3817,0.0641,148.0,96.9,0.523
34.22,32014.3,35024.1,0.0651,0.0595,148.0,96.9,0.523
34.24,31986.7,34993.9,-0.0726,-0.0147,148.0,96.9,0.523
34.26,31915.3,34874.5,-0.4295,-0.3084,148.0,96.9,0.523
34.28,31796.3,34731.2,-1.0241,-0.6609,148.0,96.9,0.523
34.3,31770.2,34625.7,-1.1544,-0.9203,148.0,96.9,0.523
34.32,31837.6,34700.9,-0.8176,-0.7354,148.0,96.9,0.523
34.34,31843.3,34616.7,-0.7892,-0.9423,148.0,96.9,0.523
34.36,31809.6,34509.9,-0.9575,-1.2051,148.0,96.9,0.523
34.38,31889.1,34445.4,-0.5606,-1.3635,148.0,96.9,0.523
34.4,31715.1,34466.3,-1.4297,-1.3123,148.0,96.9,0.523
34.42,31800.4,34532.8,-1.0035,-1.1486,148.0,96.9,0.523
34.44,31888.1,34900.5,-0.5653,-0.2444,148.0,96.9,0.523
34.46,32123.5,35258.4,0.6106,0.6356,148.0,96.9,0.523
34.48,32258.9,35509.2,1.287,1.2524,148.0,96.9,0.523
34.5,32387.2,35858.9,1.9276,2.1124,148.0,96.9,0.523
34.52,32302.9,35615.0,1.5067,1.5127,148.0,96.9,0.523
34.54,32119.7,35486.8,0.5915,1.1973,148.0,96.9,0.523
34.56,32128.2,35288.7,0.6342,0.7103,148.0,96.9,0.523
34.58,32134.8,35264.4,0.6667,0.6503,148.0,96.9,0.523
34.6,32100.8,35032.0,0.4971,0.0788,148.0,96.9,0.523
34.62,31971.8,35021.8,-0.1475,0.0537,148.0,96.9,0.523
34.64,32070.0,35074.6,0.3434,0.1836,148.0,96.9,0.523
34.66,32021.6,34998.1,0.1015,-0.0044,148.0,96.9,0.523
34.68,31943.9,34777.2,-0.2865,-0.5477,148.0,96.9,0.523
34.7,31805.0,34759.8,-0.9805,-0.5906,148.0,96.9,0.523
34.72,31801.0,34657.2,-1.0005,-0.8429,148.0,96.9,0.523
34.74,31706.1,34574.9,-1.4746,-1.0452,148.0,96.9,0.523
34.76,31748.9,34639.2,-1.2609,-0.887,148.0,96.9,0.523
34.78,31784.7,34505.1,-1.0819,-1.2169,148.0,96.9,0.523
34.8,31717.7,34408.6,-1.4164,-1.4542,148.0,96.9,0.523
34.82,31799.3,34541.8,-1.0088,-1.1265,148.0,96.9,0.523
34.84,31905.6,34827.4,-0.4779,-0.4241,148.0,96.9,0.523
34.86,32024.9,35238.8,0.1178,0.5875,148.0,96.9,0.523
34.88,32225.8,35566.4,1.1213,1.3931,148.0,96.9,0.523
34.9,32358.0,35769.4,1.7821,1.8923,148.0,96.9,0.523
34.92,32329.1,35744.9,1.6374,1.832,148.0,96.9,0.523
34.94,32285.5,35654.0,1.4199,1.6086,148.0,96.9,0.523
34.96,32265.5,35403.0,1.3197,0.9913,148.0,96.9,0.523
34.98,32108.3,35185.8,0.5346,0.4572,148.0,96.9,0.523
35.0,32135.2,35190.8,0.6689,0.4694,148.0,96.9,0.523
35.02,31991.9,35026.8,-0.0469,0.066,148.0,96.9,0.523
35.04,31979.2,34993.3,-0.1103,-0.0163,148.0,96.9,0.523
35.06,31973.7,34944.3,-0.138,-0.1368,148.0,96.9,0.523
35.08,31918.2,34783.8,-0.4148,-0.5314,148.0,96.9,0.523
35.1,31828.3,34803.2,-0.8639,-0.4839,148.0,96.9,0.523
35.12,31806.1,34690.8,-0.9748,-0.7601,148.0,96.9,0.523
35.14,31896.3,34684.1,-0.5245,-0.7767,148.0,96.9,0.523
35.16,31803.8,34672.5,-0.9864,-0.8051,148.0,96.9,0.523
35.18,31833.1,34469.2,-0.8401,-1.3051,148.0,96.9,0.523
35.2,31814.1,34369.3,-0.9351,-1.5507,148.0,96.9,0.523
35.22,31723.0,34436.6,-1.3903,-1.3853,148.0,96.9,0.523
35.24,31843.2,34715.6,-0.7896,-0.6991,148.0,96.9,0.523
35.26,32005.0,35024.1,0.0187,0.0594,148.0,96.9,0.523
35.28,32132.3,35461.8,0.6545,1.1359,148.0,96.9,0.523
35.3,32312.6,35699.8,1.5552,1.7213,148.0,96.9,0.523
35.32,32375.5,35765.2,1.8695,1.882,148.0,96.9,0.523
35.34,32348.1,35528.3,1.7325,1.2993,148.0,96.9,0.523
35.36,32113.8,35381.5,0.5622,0.9384,148.0,96.9,0.523
35.38,32194.6,35230.9,0.9659,0.5681,148.0,96.9,0.523
35.4,31995.8,35077.1,-0.0273,0.1898,148.0,96.9,0.523
35.42,32048.6,35068.4,0.2364,0.1685,148.0,96.9,0.523
35.44,32093.7,34944.8,0.4615,-0.1356,148.0,96.9,0.523
35.46,31978.2,34874.1,-0.1153,-0.3094,148.0,96.9,0.523
35.48,31887.2,34839.0,-0.5698,-0.3957,148.0,96.9,0.523
35.5,31852.9,34647.3,-0.7413,-0.8672,148.0,96.9,0.523
35.52,31825.6,34736.5,-0.8775,-0.6478,148.0,96.9,0.523
35.54,31814.2,34590.0,-0.9345,-1.008,148.0,96.9,0.523
35.56,31798.8,34526.2,-1.0115,-1.165,148.0,96.9,0.523
35.58,31744.1,34497.3,-1.2847,-1.2361,148.0,96.9,0.523
35.6,31796.7,34474.1,-1.022,-1.2932,148.0,96.9,0.523
35.62,31730.9,34479.5,-1.3504,-1.2798,148.0,96.9,0.523
35.64,31733.0,34690.2,-1.3401,-0.7616,148.0,96.9,0.523
35.66,31906.3,34977.8,-0.4747,-0.0543,148.0,96.9,0.523
35.68,32162.0,35397.8,0.8029,0.9786,148.0,96.9,0.523
35.7,32358.7,35635.7,1.7854,1.5635,148.0,96.9,0.523
35.72,32307.3,35766.7,1.5284,1.8856,148.0,96.9,0.523
35.74,32311.4,35642.9,1.549,1.5811,148.0,96.9,0.523
35.76,32217.6,35507.6,1.0807,1.2485,148.0,96.9,0.523
35.78,32166.7,35289.8,0.8265,0.7128,148.0,96.9,0.523
35.8,32081.0,35206.7,0.3984,0.5084,148.0,96.9,0.523
35.82,32003.6,35091.9,0.0115,0.2262,148.0,96.9,0.523
35.84,32064.9,34951.3,0.3179,-0.1195,148.0,96.9,0.523
35.86,31908.1,34978.5,-0.4655,-0.0527,148.0,96.9,0.523
35.88,32002.3,34899.4,0.0051,-0.2473,148.0,96.9,0.523
35.9,31847.3,34715.3,-0.7691,-0.6998,148.0,96.9,0.523
35.92,31831.1,34699.3,-0.85,-0.7393,148.0,96.9,0.523
35.94,31921.4,34687.6,-0.3992,-0.768,148.0,96.9,0.523
35.96,31911.2,34624.0,-0.4498,-0.9245,148.0,96.9,0.523
35.98,31770.3,34534.2,-1.1538,-1.1453,148.0,96.9,0.523
36.0,31708.9,34504.3,-1.4605,-1.2187,148.0,96.9,0.523
36.02,31739.7,34363.9,-1.3067,-1.5641,148.0,96.9,0.523
36.04,31811.5,34539.6,-0.9481,-1.1321,148.0,96.9,0.523
36.06,31884.0,34816.9,-0.5857,-0.45,148.0,96.9,0.523
36.08,32118.2,35306.2,0.5839,0.7531,148.0,96.9,0.523
36.1,32190.2,35652.6,0.9435,1.605,148.0,96.9,0.523
36.12,32316.1,35786.1,1.5726,1.9335,148.0,96.9,0.523
36.14,32372.4,35781.3,1.854,1.9217,148.0,96.9,0.523
36.16,32217.0,35538.7,1.0778,1.325,148.0,96.9,0.523
36.18,32165.2,35315.7,0.819,0.7765,148.0,96.9,0.523
36.2,32054.1,35213.8,0.2639,0.526,148.0,96.9,0.523
36.22,32086.8,35102.4,0.4272,0.252,148.0,96.9,0.523
36.24,32109.9,35014.4,0.5426,0.0356,148.0,96.9,0.523
36.26,32000.5,35086.8,-0.004,0.2137,148.0,96.9,0.523
36.28,31971.8,34889.6,-0.1472,-0.2712,148.0,96.9,0.523
36.3,31939.3,34711.0,-0.3098,-0.7106,148.0,96.9,0.523
36.32,31870.2,34655.2,-0.6547,-0.8477,148.0,96.9,0.523
36.34,31836.4,34727.1,-0.8236,-0.6708,148.0,96.9,0.523
36.36,31894.8,34678.9,-0.5317,-0.7895,148.0,96.9,0.523
36.38,31861.6,34568.1,-0.6977,-1.062,148.0,96.9,0.523
36.4,31718.9,34546.3,-1.4105,-1.1154,148.0,96.9,0.523
36.42,31762.9,34432.1,-1.1908,-1.3964,148.0,96.9,0.523
36.44,31774.4,34483.1,-1.1334,-1.271,148.0,96.9,0.523
36.46,31798.9,34713.9,-1.0109,-0.7034,148.0,96.9,0.523
36.48,32116.6,35074.5,0.5762,0.1835,148.0,96.9,0.523
36.5,32219.8,35624.8,1.0917,1.5366,148.0,96.9,0.523
36.52,32386.1,35784.3,1.9222,1.929,148.0,96.9,0.523
36.54,32350.7,35808.0,1.7456,1.9872,148.0,96.9,0.523
36.56,32188.8,35544.0,0.9368,1.3381,148.0,96.9,0.523
36.58,32116.8,35460.1,0.5771,1.1317,148.0,96.9,0.523
36.6,32092.3,35204.6,0.4548,0.5033,148.0,96.9,0.523
36.62,32042.3,35030.0,0.2049,0.074,148.0,96.9,0.523
36.64,32117.2,35042.8,0.5791,0.1054,148.0,96.9,0.523
36.66,32038.2,34951.4,0.1844,-0.1192,148.0,96.9,0.523
36.68,31908.4,34911.5,-0.4638,-0.2175,148.0,96.9,0.523
36.7,31848.2,34789.1,-0.7646,-0.5184,148.0,96.9,0.523
36.72,31852.8,34654.5,-0.7416,-0.8495,148.0,96.9,0.523
36.74,31871.8,34749.0,-0.6466,-0.6172,148.0,96.9,0.523
36.76,31829.6,34690.4,-0.8577,-0.7612,148.0,96.9,0.523
36.78,31850.5,34654.1,-0.7532,-0.8504,148.0,96.9,0.523
36.8,31678.2,34544.8,-1.6137,-1.1192,148.0,96.9,0.523
36.82,31780.4,34468.3,-1.1036,-1.3074,148.0,96.9,0.523
36.84,31776.6,34513.8,-1.1224,-1.1954,148.0,96.9,0.523
36.86,31879.5,34736.9,-0.6081,-0.6469,148.0,96.9,0.523
36.88,31891.6,35009.7,-0.5478,0.0242,148.0,96.9,0.523
36.9,32234.9,35446.7,1.1669,1.0988,148.0,96.9,0.523
36.92,32320.1,35708.2,1.5924,1.7418,148.0,96.9,0.523
36.94,32366.3,35735.4,1.8232,1.8088,148.0,96.9,0.523
36.96,32319.5,35622.3,1.5896,1.5307,148.0,96.9,0.523
36.98,32192.5,35406.0,0.9553,0.9987,148.0,96.9,0.523
37.0,32038.6,35290.5,0.1865,0.7147,148.0,96.9,0.523
37.02,32073.5,35083.9,0.3607,0.2066,148.0,96.9,0.523
37.04,32135.1,35098.7,0.6687,0.2429,148.0,96.9,0.523
37.06,32012.6,34962.0,0.0566,-0.0931,148.0,96.9,0.523
37.08,31989.6,34886.8,-0.0584,-0.2781,148.0,96.9,0.523
37.1,31939.6,34766.2,-0.308,-0.5746,148.0,96.9,0.523
37.12,31848.2,34649.2,-0.7649,-0.8626,148.0,96.9,0.523
37.14,31805.0,34702.1,-0.9807,-0.7324,148.0,96.9,0.523
37.16,31894.4,34685.5,-0.5338,-0.7731,148.0,96.9,0.523
37.18,31773.3,34660.0,-1.1389,-0.836,148.0,96.9,0.523
37.2,31842.6,34509.5,-0.7927,-1.2061,148.0,96.9,0.523
37.22,31884.2,34512.4,-0.5848,-1.1988,148.0,96.9,0.523
37.24,31750.1,34438.8,-1.2546,-1.3798,148.0,96.9,0.523
37.26,31898.1,34651.5,-0.5155,-0.8567,148.0,96.9,0.523
37.28,32006.4,34965.1,0.0253,-0.0856,148.0,96.9,0.523
37.3,32148.8,35270.3,0.7368,0.6648,148.0,96.9,0.523
37.32,32273.7,35540.5,1.3605,1.3295,148.0,96.9,0.523
37.34,32383.1,35774.9,1.9072,1.9059,148.0,96.9,0.523
37.36,32367.1,35754.8,1.8272,1.8563,148.0,96.9,0.523
37.38,32297.1,35462.0,1.4778,1.1365,148.0,96.9,0.523
37.4,32153.1,35256.3,0.7584,0.6305,148.0,96.9,0.523
37.42,32038.1,35221.9,0.184,0.5458,148.0,96.9,0.523
37.44,32067.8,35026.2,0.3323,0.0647,148.0,96.9,0.523
37.46,31991.9,35070.9,-0.0471,0.1747,148.0,96.9,0.523
37.48,31973.9,35031.4,-0.1368,0.0775,148.0,96.9,0.523
37.5,31868.4,34803.8,-0.6639,-0.4824,148.0,96.9,0.523
37.52,31811.2,34767.0,-0.9494,-0.5728,148.0,96.9,0.523
37.54,31863.3,34580.8,-0.6893,-1.0308,148.0,96.9,0.523
37.56,31846.0,34632.9,-0.7758,-0.9025,148.0,96.9,0.523
37.58,31843.9,34584.9,-0.7862,-1.0206,148.0,96.9,0.523
37.6,31809.8,34594.1,-0.9564,-0.9981,148.0,96.9,0.523
37.62,31659.9,34394.0,-1.7054,-1.49,148.0,96.9,0.523
37.64,31784.3,34425.5,-1.0839,-1.4126,148.0,96.9,0.523
37.66,31706.8,34572.0,-1.4713,-1.0524,148.0,96.9,0.523
37.68,31836.3,34853.3,-0.8243,-0.3606,148.0,96.9,0.523
37.7,32211.2,35211.7,1.0484,0.5209,148.0,96.9,0.523
37.72,32283.9,35575.1,1.4118,1.4144,148.0,96.9,0.523
37.74,32384.8,35696.6,1.9159,1.7133,148.0,96.9,0.523
37.76,32350.6,35767.6,1.7448,1.8878,148.0,96.9,0.523
37.78,32287.5,35574.5,1.4298,1.4132,148.0,96.9,0.523
37.8,32037.6,35400.7,0.1816,0.9856,148.0,96.9,0.523
37.82,31955.9,35326.9,-0.2265,0.8042,148.0,96.9,0.523
37.84,32062.9,35066.3,0.3077,0.1634,148.0,96.9,0.523
37.86,32070.8,35051.0,0.347,0.1256,148.0,96.9,0.523
37.88,31968.4,34957.2,-0.1643,-0.1051,148.0,96.9,0.523
37.9,31982.3,34871.2,-0.0947,-0.3165,148.0,96.9,0.523
37.92,31899.5,34726.4,-0.5084,-0.6727,148.0,96.9,0.523
37.94,31908.8,34730.2,-0.462,-0.6633,148.0,96.9,0.523
37.96,31886.9,34709.5,-0.5712,-0.7141,148.0,96.9,0.523
37.98,31831.2,34682.8,-0.8497,-0.78,148.0,96.9,0.523
38.0,31829.8,34516.4,-0.8567,-1.1891,148.0,96.9,0.523
38.02,31789.3,34546.8,-1.0589,-1.1143,148.0,96.9,0.523
38.04,31711.0,34475.1,-1.4502,-1.2907,148.0,96.9,0.523
38.06,31774.8,34580.3,-1.1314,-1.0319,148.0,96.9,0.523
38.08,31921.8,34704.9,-0.3971,-0.7256,148.0,96.9,0.523
38.1,32099.7,35040.0,0.4917,0.0987,148.0,96.9,0.523
38.12,32292.9,35486.4,1.4568,1.1964,148.0,96.9,0.523
38.14,32445.4,35658.5,2.2184,1.6197,148.0,96.9,0.523
38.16,32423.7,35783.4,2.1102,1.9268,148.0,96.9,0.523
38.18,32281.7,35600.0,1.4006,1.4758,148.0,96.9,0.523
38.2,32241.6,35503.9,1.2003,1.2394,148.0,96.9,0.523
38.22,32170.9,35264.9,0.8473,0.6518,148.0,96.9,0.523
38.24,32098.2,35139.1,0.4841,0.3423,148.0,96.9,0.523
38.26,32044.4,35166.5,0.2152,0.4097,148.0,96.9,0.523
38.28,31966.3,34971.2,-0.1749,-0.0705,148.0,96.9,0.523
38.3,31997.0,35007.1,-0.0215,0.0176,148.0,96.9,0.523
38.32,31940.1,34774.6,-0.3054,-0.5542,148.0,96.9,0.523
38.34,31805.1,34754.1,-0.9801,-0.6046,148.0,96.9,0.523
38.36,31878.3,34693.0,-0.6141,-0.7548,148.0,96.9,0.523
38.38,31849.3,34661.5,-0.7593,-0.8321,148.0,96.9,0.523
38.4,31812.9,34666.6,-0.9412,-0.8196,148.0,96.9,0.523
38.42,31752.1,34522.6,-1.2446,-1.1738,148.0,96.9,0.523
38.44,31723.4,34534.8,-1.3882,-1.1438,148.0,96.9,0.523
38.46,31709.9,34487.8,-1.4555,-1.2594,148.0,96.9,0.523
38.48,31711.3,34708.1,-1.4488,-0.7177,148.0,96.9,0.523
38.5,31972.0,35060.8,-0.1462,0.1498,148.0,96.9,0.523
38.52,32118.1,35398.2,0.5835,0.9795,148.0,96.9,0.523
38.54,32259.7,35682.9,1.2909,1.6796,148.0,96.9,0.523
38.56,32266.2,35758.6,1.3235,1.8659,148.0,96.9,0.523
38.58,32284.0,35650.6,1.412,1.6002,148.0,96.9,0.523
38.6,32212.8,35394.0,1.0563,0.9691,148.0,96.9,0.523
38.62,32159.2,35243.2,0.7887,0.5983,148.0,96.9,0.523
38.64,32027.6,35232.4,0.1314,0.5717,148.0,96.9,0.523
38.66,32109.2,35127.6,0.5392,0.314,148.0,96.9,0.523
38.68,32080.7,34960.6,0.3964,-0.0966,148.0,96.9,0.523
38.7,31941.7,34913.3,-0.2975,-0.213,148.0,96.9,0.523
38.72,32000.2,34861.7,-0.0055,-0.3399,148.0,96.9,0.523
38.74,31881.5,34753.5,-0.5982,-0.6059,148.0,96.9,0.523
38.76,31907.9,34662.1,-0.4665,-0.8308,148.0,96.9,0.523
38.78,31761.1,34642.9,-1.1997,-0.8779,148.0,96.9,0.523
38.8,31796.2,34632.5,-1.0244,-0.9034,148.0,96.9,0.523
38.82,31810.5,34610.4,-0.953,-0.9579,148.0,96.9,0.523
38.84,31747.6,34467.9,-1.2675,-1.3082,148.0,96.9,0.523
38.86,31779.7,34515.8,-1.107,-1.1906,148.0,96.9,0.523
38.88,31811.9,34597.4,-0.9461,-0.9899,148.0,96.9,0.523
38.9,31938.9,34836.2,-0.3119,-0.4025,148.0,96.9,0.523
38.92,32111.8,35301.1,0.5522,0.7407,148.0,96.9,0.523
38.94,32269.0,35597.9,1.3374,1.4706,148.0,96.9,0.523
38.96,32306.9,35803.2,1.5266,1.9755,148.0,96.9,0.523
38.98,32285.1,35627.4,1.4177,1.5431,148.0,96.9,0.523
39.0,32134.5,35519.4,0.6655,1.2776,148.0,96.9,0.523
39.02,32160.4,35283.7,0.7946,0.6979,148.0,96.9,0.523
39.04,32025.3,35220.4,0.1199,0.5423,148.0,96.9,0.523
39.06,32050.5,35142.8,0.246,0.3515,148.0,96.9,0.523
39.08,32081.6,35043.6,0.4013,0.1074,148.0,96.9,0.523
39.1,31853.3,35000.9,-0.7394,0.0025,148.0,96.9,0.523
39.12,31974.9,34897.5,-0.1319,-0.2518,148.0,96.9,0.523
39.14,31893.8,34827.1,-0.5368,-0.4249,148.0,96.9,0.523
39.16,31853.7,34728.2,-0.737,-0.6682,148.0,96.9,0.523
39.18,31866.9,34681.0,-0.6714,-0.7843,148.0,96.9,0.523
39.2,31805.8,34604.7,-0.9763,-0.972,148.0,96.9,0.523
39.22,31749.8,34571.4,-1.2561,-1.0539,148.0,96.9,0.523
39.24,31733.1,34507.7,-1.3396,-1.2103,148.0,96.9,0.523
39.26,31806.4,34482.6,-0.9736,-1.2722,148.0,96.9,0.523
39.28,31847.6,34498.7,-0.7675,-1.2326,148.0,96.9,0.523
39.3,31938.4,34841.3,-0.314,-0.3901,148.0,96.9,0.523
39.32,31975.1,35230.6,-0.1307,0.5672,148.0,96.9,0.523
39.34,32293.2,35564.9,1.4582,1.3894,148.0,96.9,0.523
39.36,32396.3,35724.9,1.973,1.7828,148.0,96.9,0.523
39.38,32421.6,35720.0,2.0995,1.7707,148.0,96.9,0.523
39.4,32310.7,35559.1,1.5457,1.3752,148.0,96.9,0.523
39.42,32152.8,35273.7,0.7567,0.6733,148.0,96.9,0.523
39.44,32031.9,35182.9,0.1531,0.4501,148.0,96.9,0.523
39.46,32031.7,35131.9,0.1518,0.3245,148.0,96.9,0.523
39.48,31988.1,35024.5,-0.0658,0.0606,148.0,96.9,0.523
39.5,31981.7,34998.5,-0.0978,-0.0036,148.0,96.9,0.523
39.52,32031.5,34847.2,0.1508,-0.3755,148.0,96.9,0.523
39.54,31943.7,34786.5,-0.2877,-0.5247,148.0,96.9,0.523
39.56,31712.0,34701.1,-1.4451,-0.7348,148.0,96.9,0.523
39.58,31816.9,34589.6,-0.921,-1.009,148.0,96.9,0.523
39.6,31849.4,34583.2,-0.7589,-1.0249,148.0,96.9,0.523
39.62,31907.4,34633.9,-0.4692,-0.9002,148.0,96.9,0.523
39.64,31739.8,34506.8,-1.3064,-1.2126,148.0,96.9,0.523
39.66,31761.8,34382.1,-1.1963,-1.5194,148.0,96.9,0.523
39.68,31814.6,34531.8,-0.9324,-1.1511,148.0,96.9,0.523
39.7,31857.5,34756.9,-0.7181,-0.5977,148.0,96.9,0.523
39.72,32143.0,35012.2,0.7079,0.0303,148.0,96.9,0.523
39.74,32209.5,35471.8,1.0399,1.1604,148.0,96.9,0.523
39.76,32391.2,35686.4,1.9475,1.6882,148.0,96.9,0.523
39.78,32286.3,35771.2,1.4237,1.8968,148.0,96.9,0.523
39.8,32337.8,35615.5,1.6809,1.5138,148.0,96.9,0.523
39.82,32146.1,35404.3,0.7233,0.9944,148.0,96.9,0.523
39.84,32165.9,35260.0,0.8221,0.6395,148.0,96.9,0.523
39.86,32015.6,35164.9,0.0714,0.4058,148.0,96.9,0.523
39.88,32118.7,35130.1,0.5867,0.3202,148.0,96.9,0.523
39.9,32010.3,34999.9,0.0451,0.0,148.0,96.9,0.523
39.92,31941.2,34946.5,-0.3,-0.1314,148.0,96.9,0.523
39.94,31916.9,34859.4,-0.4213,-0.3456,148.0,96.9,0.523
39.96,31995.7,34766.6,-0.0279,-0.5737,148.0,96.9,0.523
39.98,31841.4,34638.1,-0.7989,-0.8899,148.0,96.9,0.523
40.0,31864.4,34642.6,-0.6836,-0.8788,148.0,96.9,0.523
40.02,31838.9,34635.4,-0.811,-0.8963,148.0,96.9,0.523
40.04,31805.4,34591.8,-0.9787,-1.0035,148.0,96.9,0.523
40.06,31693.7,34370.7,-1.5366,-1.5473,148.0,96.9,0.523
40.08,31832.6,34541.0,-0.8429,-1.1284,148.0,96.9,0.523
40.1,31844.8,34692.8,-0.7818,-0.7552,148.0,96.9,0.523
40.12,31919.7,34960.3,-0.4074,-0.0975,148.0,96.9,0.523
40.14,32201.7,35305.3,1.0012,0.7509,148.0,96.9,0.523
40.16,32349.6,35623.0,1.7399,1.5324,148.0,96.9,0.523
40.18,32281.1,35649.3,1.3978,1.5971,148.0,96.9,0.523
40.2,32263.3,35655.1,1.3086,1.6112,148.0,96.9,0.523
40.22,32186.2,35518.5,0.9239,1.2754,148.0,96.9,0.523
40.24,32166.3,35283.1,0.8241,0.6964,148.0,96.9,0.523
40.26,32047.4,35212.7,0.2304,0.5233,148.0,96.9,0.523
40.28,31959.5,35115.6,-0.2087,0.2844,148.0,96.9,0.523
40.3,32021.6,35048.2,0.1017,0.1187,148.0,96.9,0.523
40.32,31950.2,34915.1,-0.2553,-0.2086,148.0,96.9,0.523
40.34,31948.9,34901.9,-0.2618,-0.2409,148.0,96.9,0.523
40.36,31864.3,34738.3,-0.6845,-0.6434,148.0,96.9,0.523
40.38,31833.6,34584.0,-0.8374,-1.0227,148.0,96.9,0.523
40.4,31809.9,34672.7,-0.956,-0.8046,148.0,96.9,0.523
40.42,31915.2,34610.3,-0.4298,-0.9581,148.0,96.9,0.523
40.44,31768.8,34639.7,-1.1612,-0.8859,148.0,96.9,0.523
40.46,31776.5,34386.7,-1.1229,-1.508,148.0,96.9,0.523
40.48,31703.2,34393.9,-1.4891,-1.4902,148.0,96.9,0.523
40.5,31735.0,34670.7,-1.3299,-0.8096,148.0,96.9,0.523
40.52,31940.0,34848.1,-0.3061,-0.3734,148.0,96.9,0.523
40.54,32159.6,35225.4,0.7909,0.5545,148.0,96.9,0.523
40.56,32260.6,35578.2,1.2954,1.4222,148.0,96.9,0.523
40.58,32466.8,35675.5,2.3254,1.6614,148.0,96.9,0.523
40.6,32314.5,35696.6,1.5648,1.7133,148.0,96.9,0.523
40.62,32206.4,35473.3,1.0246,1.1643,148.0,96.9,0.523
40.64,32131.5,35308.1,0.6507,0.758,148.0,96.9,0.523
40.66,32027.1,35192.0,0.1289,0.4724,148.0,96.9,0.523
40.68,32048.5,35157.0,0.2358,0.3862,148.0,96.9,0.523
40.7,32097.6,35088.9,0.4811,0.2188,148.0,96.9,0.523
40.72,32059.5,34928.4,0.2908,-0.1758,148.0,96.9,0.523
40.74,31993.8,34793.2,-0.0375,-0.5084,148.0,96.9,0.523
40.76,31868.1,34768.3,-0.6654,-0.5696,148.0,96.9,0.523
40.78,31861.5,34646.7,-0.6985,-0.8687,148.0,96.9,0.523
40.8,31833.5,34710.7,-0.8381,-0.7113,148.0,96.9,0.523
40.82,31864.9,34627.5,-0.6813,-0.9159,148.0,96.9,0.523
40.84,31840.0,34616.9,-0.8055,-0.942,148.0,96.9,0.523
40.86,31731.7,34514.0,-1.3467,-1.195,148.0,96.9,0.523
40.88,31725.7,34408.4,-1.3766,-1.4545,148.0,96.9,0.523
40.9,31715.4,34551.4,-1.4282,-1.1029,148.0,96.9,0.523
40.92,31936.6,34856.7,-0.3229,-0.3521,148.0,96.9,0.523
40.94,32095.3,35191.4,0.4696,0.4709,148.0,96.9,0.523
40.96,32301.1,35453.1,1.4979,1.1146,148.0,96.9,0.523
40.98,32359.2,35727.5,1.7878,1.7893,148.0,96.9,0.523
41.0,32272.5,35710.6,1.3547,1.7477,148.0,96.9,0.523
41.02,32210.0,35513.3,1.0424,1.2625,148.0,96.9,0.523
41.04,32201.4,35347.8,0.9998,0.8555,148.0,96.9,0.523
41.06,32096.2,35184.7,0.4742,0.4544,148.0,96.9,0.523
41.08,32060.6,35120.0,0.2965,0.2954,148.0,96.9,0.523
41.1,32065.4,35118.4,0.3204,0.2914,148.0,96.9,0.523
41.12,32028.3,35023.7,0.1351,0.0586,148.0,96.9,0.523
41.14,31843.3,34883.0,-0.7889,-0.2874,148.0,96.9,0.523
41.16,31954.4,34756.4,-0.234,-0.5989,148.0,96.9,0.523
41.18,31937.0,34698.5,-0.3209,-0.7413,148.0,96.9,0.523
41.2,31920.8,34660.6,-0.4022,-0.8345,148.0,96.9,0.523
41.22,31846.2,34655.7,-0.7747,-0.8465,148.0,96.9,0.523
41.24,31728.1,34603.0,-1.3645,-0.9762,148.0,96.9,0.523
41.26,31730.4,34536.3,-1.3529,-1.1402,148.0,96.9,0.523
41.28,31751.3,34401.9,-1.2487,-1.4707,148.0,96.9,0.523
41.3,31764.4,34472.6,-1.1832,-1.2968,148.0,96.9,0.523
41.32,31792.0,34709.0,-1.0456,-0.7154,148.0,96.9,0.523
41.34,32030.4,35035.9,0.1454,0.0885,148.0,96.9,0.523
41.36,32183.8,35385.8,0.9116,0.9489,148.0,96.9,0.523
41.38,32372.3,35576.5,1.8532,1.4179,148.0,96.9,0.523
41.4,32353.3,35768.6,1.7584,1.8902,148.0,96.9,0.523
41.42,32326.3,35650.3,1.6234,1.5994,148.0,96.9,0.523
41.44,32240.2,35510.6,1.1932,1.256,148.0,96.9,0.523
41.46,32139.4,35264.1,0.6899,0.6496,148.0,96.9,0.523
41.48,32018.0,35029.0,0.0834,0.0717,148.0,96.9,0.523
41.5,31932.4,35126.1,-0.344,0.3104,148.0,96.9,0.523
41.52,32006.9,34992.5,0.0281,-0.0182,148.0,96.9,0.523
41.54,31986.5,35010.8,-0.0738,0.0268,148.0,96.9,0.523
41.56,31898.8,34835.2,-0.512,-0.4051,148.0,96.9,0.523
41.58,31897.5,34699.0,-0.5183,-0.74,148.0,96.9,0.523
41.6,31817.9,34663.1,-0.9159,-0.8283,148.0,96.9,0.523
41.62,31841.1,34556.3,-0.8001,-1.0909,148.0,96.9,0.523
41.64,31792.5,34619.1,-1.0428,-0.9364,148.0,96.9,0.523
41.66,31852.9,34561.6,-0.7414,-1.0779,148.0,96.9,0.523
41.68,31640.5,34441.0,-1.8024,-1.3746,148.0,96.9,0.523
41.7,31683.5,34408.0,-1.5875,-1.4555,148.0,96.9,0.523
41.72,31763.2,34636.4,-1.1891,-0.8939,148.0,96.9,0.523
41.74,32025.5,34916.9,0.121,-0.204,148.0,96.9,0.523
41.76,32125.9,35318.4,0.6223,0.7832,148.0,96.9,0.523
41.78,32304.9,35661.7,1.5165,1.6276,148.0,96.9,0.523
41.8,32321.0,35662.7,1.5969,1.63,148.0,96.9,0.523
41.82,32327.4,35717.1,1.6288,1.7637,148.0,96.9,0.523
41.84,32236.4,35483.3,1.1745,1.1887,148.0,96.9,0.523
41.86,32071.7,35251.8,0.3518,0.6195,148.0,96.9,0.523
41.88,32042.6,35173.2,0.2061,0.4261,148.0,96.9,0.523
41.9,32078.9,35047.9,0.3877,0.118,148.0,96.9,0.523
41.92,31959.2,35079.1,-0.2104,0.1947,148.0,96.9,0.523
41.94,31936.7,34979.3,-0.3228,-0.0506,148.0,96.9,0.523
41.96,31970.8,34825.9,-0.1523,-0.4279,148.0,96.9,0.523
41.98,31852.8,34830.8,-0.742,-0.4159,148.0,96.9,0.523
42.0,31847.8,34670.7,-0.7667,-0.8097,148.0,96.9,0.523
42.02,31844.4,34583.3,-0.7839,-1.0245,148.0,96.9,0.523
42.04,31802.2,34595.6,-0.9946,-0.9943,148.0,96.9,0.523
42.06,31857.0,34638.4,-0.7209,-0.8891,148.0,96.9,0.523
42.08,31699.5,34466.2,-1.5076,-1.3125,148.0,96.9,0.523
42.1,31833.3,34394.9,-0.8394,-1.4879,148.0,96.9,0.523
42.12,31793.0,34605.9,-1.0406,-0.969,148.0,96.9,0.523
42.14,32013.6,34875.9,0.0617,-0.305,148.0,96.9,0.523
42.16,32119.1,35235.1,0.5887,0.5783,148.0,96.9,0.523
42.18,32255.8,35536.6,1.2712,1.3199,148.0,96.9,0.523
42.2,32324.2,35737.5,1.6132,1.8139,148.0,96.9,0.523
42.22,32334.0,35741.1,1.6619,1.8227,148.0,96.9,0.523
42.24,32279.8,35625.7,1.391,1.5389,148.0,96.9,0.523
42.26,32218.1,35434.0,1.083,1.0675,148.0,96.9,0.523
42.28,32008.1,35242.9,0.0339,0.5975,148.0,96.9,0.523
42.3,32089.5,35100.2,0.4406,0.2466,148.0,96.9,0.523
42.32,32089.1,35057.3,0.4388,0.141,148.0,96.9,0.523
42.34,31884.4,35004.3,-0.5837,0.0108,148.0,96.9,0.523
42.36,31922.0,34888.3,-0.3962,-0.2746,148.0,96.9,0.523
42.38,31862.5,34719.5,-0.6931,-0.6895,148.0,96.9,0.523
42.4,31851.9,34694.0,-0.746,-0.7524,148.0,96.9,0.523
42.42,31804.5,34691.8,-0.9829,-0.7578,148.0,96.9,0.523
42.44,31835.9,34609.6,-0.8263,-0.9598,148.0,96.9,0.523
42.46,31802.5,34630.9,-0.9931,-0.9075,148.0,96.9,0.523
42.48,31796.5,34485.5,-1.0231,-1.2651,148.0,96.9,0.523
42.5,31738.0,34457.2,-1.3154,-1.3346,148.0,96.9,0.523
42.52,31823.1,34578.6,-0.8903,-1.0362,148.0,96.9,0.523
42.54,31891.2,34780.2,-0.5498,-0.5402,148.0,96.9,0.523
42.56,32059.3,35106.1,0.2898,0.2612,148.0,96.9,0.523
42.58,32250.0,35620.0,1.2423,1.525,148.0,96.9,0.523
42.6,32321.1,35761.4,1.5976,1.8726,148.0,96.9,0.523
42.62,32344.7,35779.5,1.7156,1.9172,148.0,96.9,0.523
42.64,32321.6,35640.3,1.6,1.5748,148.0,96.9,0.523
42.66,32098.4,35386.2,0.4853,0.9499,148.0,96.9,0.523
42.68,32211.2,35234.0,1.0483,0.5756,148.0,96.9,0.523
42.7,32062.2,35061.9,0.3043,0.1524,148.0,96.9,0.523
42.72,32049.6,35042.3,0.2415,0.1043,148.0,96.9,0.523
42.74,31975.7,35027.8,-0.1279,0.0687,148.0,96.9,0.523
42.76,31984.8,34888.6,-0.0824,-0.2738,148.0,96.9,0.523
42.78,31784.6,34837.5,-1.0824,-0.3993,148.0,96.9,0.523
42.8,31842.9,34707.8,-0.7909,-0.7183,148.0,96.9,0.523
42.82,31865.3,34605.5,-0.6792,-0.9699,148.0,96.9,0.523
42.84,31889.5,34578.5,-0.5583,-1.0362,148.0,96.9,0.523
42.86,31675.9,34618.8,-1.6252,-0.9372,148.0,96.9,0.523
42.88,31741.3,34419.5,-1.2987,-1.4274,148.0,96.9,0.523
42.9,31815.9,34465.9,-0.9262,-1.3133,148.0,96.9,0.523
42.92,31741.9,34453.2,-1.2958,-1.3445,148.0,96.9,0.523
42.94,31891.2,34691.4,-0.5499,-0.7588,148.0,96.9,0.523
42.96,32013.3,34932.3,0.06,-0.1664,148.0,96.9,0.523
42.98,32217.6,35467.9,1.0806,1.151,148.0,96.9,0.523
43.0,32369.7,35638.8,1.8404,1.5711,148.0,96.9,0.523
43.02,32241.8,35855.1,1.2015,2.1032,148.0,96.9,0.523
43.04,32328.5,35670.6,1.6347,1.6494,148.0,96.9,0.523
43.06,32277.8,35415.7,1.3814,1.0226,148.0,96.9,0.523
43.08,32133.1,35192.4,0.6584,0.4733,148.0,96.9,0.523
43.1,32121.9,35202.4,0.6025,0.498,148.0,96.9,0.523
43.12,32179.7,35074.3,0.8913,0.1829,148.0,96.9,0.523
43.14,32006.0,34991.9,0.0236,-0.0197,148.0,96.9,0.523
43.16,32008.8,34957.0,0.0375,-0.1055,148.0,96.9,0.523
43.18,31882.8,34811.4,-0.592,-0.4635,148.0,96.9,0.523
43.2,31831.4,34756.0,-0.8487,-0.5998,148.0,96.9,0.523
43.22,31868.9,34666.4,-0.6613,-0.8202,148.0,96.9,0.523
43.24,31855.4,34717.5,-0.7286,-0.6944,148.0,96.9,0.523
43.26,31844.4,34658.6,-0.7836,-0.8394,148.0,96.9,0.523
43.28,31834.4,34537.5,-0.8335,-1.1372,148.0,96.9,0.523
43.3,31747.6,34428.4,-1.267,-1.4056,148.0,96.9,0.523
43.32,31724.1,34415.9,-1.3845,-1.4363,148.0,96.9,0.523
43.34,31817.4,34637.1,-0.9187,-0.8921,148.0,96.9,0.523
43.36,31974.1,34975.8,-0.1358,-0.0593,148.0,96.9,0.523
43.38,32177.5,35369.0,0.8804,0.9077,148.0,96.9,0.523
43.4,32253.9,35653.2,1.262,1.6065,148.0,96.9,0.523
43.42,32372.3,35749.8,1.8534,1.8442,148.0,96.9,0.523
43.44,32270.8,35619.8,1.3464,1.5245,148.0,96.9,0.523
43.46,32283.8,35547.6,1.4112,1.3468,148.0,96.9,0.523
43.48,32082.4,35306.2,0.4052,0.7533,148.0,96.9,0.523
43.5,32072.4,35133.3,0.3553,0.328,148.0,96.9,0.523
43.52,32029.6,35142.9,0.1413,0.3516,148.0,96.9,0.523
43.54,32044.1,35055.2,0.2139,0.1359,148.0,96.9,0.523
43.56,31978.2,34873.7,-0.1154,-0.3105,148.0,96.9,0.523
43.58,31917.4,34856.2,-0.4192,-0.3535,148.0,96.9,0.523
43.6,31863.6,34759.2,-0.6876,-0.5919,148.0,96.9,0.523
43.62,31816.6,34719.9,-0.9226,-0.6887,148.0,96.9,0.523
43.64,31784.5,34630.2,-1.083,-0.9091,148.0,96.9,0.523
43.66,31901.0,34678.8,-0.5012,-0.7898,148.0,96.9,0.523
43.68,31751.3,34527.6,-1.2487,-1.1615,148.0,96.9,0.523
43.7,31737.5,34520.5,-1.3178,-1.1789,148.0,96.9,0.523
43.72,31692.9,34529.3,-1.5406,-1.1573,148.0,96.9,0.523
43.74,31732.2,34578.0,-1.3443,-1.0375,148.0,96.9,0.523
43.76,31891.5,34654.3,-0.5486,-0.8499,148.0,96.9,0.523
43.78,32121.4,35277.7,0.5999,0.683,148.0,96.9,0.523
43.8,32327.5,35523.9,1.6297,1.2885,148.0,96.9,0.523
43.82,32319.5,35758.2,1.5894,1.8649,148.0,96.9,0.523
43.84,32340.8,35667.3,1.6959,1.6413,148.0,96.9,0.523
43.86,32304.7,35567.7,1.5157,1.3964,148.0,96.9,0.523
43.88,32164.4,35329.8,0.815,0.8112,148.0,96.9,0.523
43.9,32176.3,35217.9,0.8744,0.5361,148.0,96.9,0.523
43.92,32197.5,35158.2,0.9803,0.3892,148.0,96.9,0.523
43.94,32047.4,35042.0,0.2302,0.1036,148.0,96.9,0.523
43.96,31939.8,34976.2,-0.3074,-0.0584,148.0,96.9,0.523
43.98,32014.0,34849.7,0.0634,-0.3694,148.0,96.9,0.523
44.0,31816.7,34791.8,-0.9221,-0.5118,148.0,96.9,0.523
44.02,31851.4,34783.3,-0.7488,-0.5327,148.0,96.9,0.523
44.04,31783.1,34703.1,-1.09,-0.7299,148.0,96.9,0.523
44.06,31851.4,34675.4,-0.7486,-0.7979,148.0,96.9,0.523
44.08,31866.7,34629.3,-0.6721,-0.9113,148.0,96.9,0.523
44.1,31731.5,34522.5,-1.3474,-1.1741,148.0,96.9,0.523
44.12,31712.5,34418.3,-1.4426,-1.4303,148.0,96.9,0.523
44.14,31698.6,34523.4,-1.5119,-1.1718,148.0,96.9,0.523
44.16,31836.6,34715.8,-0.8229,-0.6986,148.0,96.9,0.523
44.18,32018.2,35091.7,0.0844,0.2256,148.0,96.9,0.523
44.2,32232.9,35498.2,1.157,1.2254,148.0,96.9,0.523
44.22,32336.9,35605.5,1.6763,1.4893,148.0,96.9,0.523
44.24,32312.2,35735.9,1.5532,1.81,148.0,96.9,0.523
44.26,32415.5,35577.6,2.0693,1.4208,148.0,96.9,0.523
44.28,32254.4,35423.3,1.2644,1.0411,148.0,96.9,0.523
44.3,32077.0,35236.8,0.3783,0.5826,148.0,96.9,0.523
44.32,31963.8,35189.0,-0.1875,0.4649,148.0,96.9,0.523
44.34,32024.0,35088.2,0.1133,0.2171,148.0,96.9,0.523
44.36,32002.6,34994.6,0.0063,-0.013,148.0,96.9,0.523
44.38,31962.8,34886.8,-0.1922,-0.2783,148.0,96.9,0.523
44.4,31949.0,34854.0,-0.2611,-0.3588,148.0,96.9,0.523
44.42,31897.6,34693.6,-0.5181,-0.7533,148.0,96.9,0.523
44.44,31801.9,34671.4,-0.9959,-0.8079,148.0,96.9,0.523
44.46,31890.5,34649.3,-0.5534,-0.8621,148.0,96.9,0.523
44.48,31714.5,34623.9,-1.4324,-0.9247,148.0,96.9,0.523
44.5,31778.5,34503.7,-1.1128,-1.2203,148.0,96.9,0.523
44.52,31670.3,34429.2,-1.6531,-1.4036,148.0,96.9,0.523
44.54,31711.4,34477.2,-1.4483,-1.2855,148.0,96.9,0.523
44.56,31768.5,34625.0,-1.1626,-0.922,148.0,96.9,0.523
44.58,32069.3,34927.1,0.3397,-0.1791,148.0,96.9,0.523
44.6,32245.7,35384.0,1.2208,0.9446,148.0,96.9,0.523
44.62,32337.7,35721.3,1.6807,1.7741,148.0,96.9,0.523
44.64,32351.7,35713.8,1.7504,1.7555,148.0,96.9,0.523
44.66,32234.1,35663.4,1.1631,1.6317,148.0,96.9,0.523
44.68,32213.8,35484.6,1.0614,1.1918,148.0,96.9,0.523
44.7,32158.4,35224.9,0.7846,0.5533,148.0,96.9,0.523
44.72,32050.6,35150.1,0.2463,0.3694,148.0,96.9,0.523
44.74,32022.1,35144.8,0.104,0.3562,148.0,96.9,0.523
44.76,32052.8,35014.6,0.2575,0.0361,148.0,96.9,0.523
44.78,31919.4,35029.1,-0.4092,0.0717,148.0,96.9,0.523
44.8,31872.3,34909.4,-0.6444,-0.2227,148.0,96.9,0.523
44.82,31867.0,34696.7,-0.6708,-0.7457,148.0,96.9,0.523
44.84,31822.2,34688.7,-0.8945,-0.7653,148.0,96.9,0.523
44.86,31859.5,34699.1,-0.7082,-0.7399,148.0,96.9,0.523
44.88,31883.4,34587.9,-0.5887,-1.0133,148.0,96.9,0.523
44.9,31826.2,34520.4,-0.8748,-1.1793,148.0,96.9,0.523
44.92,31810.1,34524.2,-0.9552,-1.1699,148.0,96.9,0.523
44.94,31756.9,34489.2,-1.2206,-1.256,148.0,96.9,0.523
44.96,31767.9,34543.3,-1.1656,-1.1228,148.0,96.9,0.523
44.98,32062.3,34908.4,0.3046,-0.225,148.0,96.9,0.523
45.0,32134.4,35228.2,0.6648,0.5613,148.0,96.9,0.523
45.02,32310.8,35537.9,1.5461,1.323,148.0,96.9,0.523
45.04,32331.9,35782.7,1.6513,1.9251,148.0,96.9,0.523
45.06,32329.6,35697.3,1.6401,1.715,148.0,96.9,0.523
45.08,32249.7,35494.1,1.2408,1.2153,148.0,96.9,0.523
45.1,32149.1,35324.0,0.7382,0.7971,148.0,96.9,0.523
45.12,32031.1,35082.9,0.1488,0.2041,148.0,96.9,0.523
45.14,32056.9,35107.8,0.2776,0.2653,148.0,96.9,0.523
45.16,32020.8,35108.1,0.0973,0.266,148.0,96.9,0.523
45.18,32053.2,34997.6,0.2592,-0.0058,148.0,96.9,0.523
45.2,31958.0,34893.3,-0.216,-0.2622,148.0,96.9,0.523
45.22,31828.4,34754.5,-0.8634,-0.6035,148.0,96.9,0.523
45.24,31855.5,34721.0,-0.7285,-0.6859,148.0,96.9,0.523
45.26,31847.6,34642.6,-0.7675,-0.8786,148.0,96.9,0.523
45.28,31804.5,34649.7,-0.9831,-0.8612,148.0,96.9,0.523
45.3,31852.6,34567.5,-0.7429,-1.0635,148.0,96.9,0.523
45.32,31814.1,34537.0,-0.9351,-1.1385,148.0,96.9,0.523
45.34,31762.0,34447.6,-1.1952,-1.3582,148.0,96.9,0.523
45.36,31833.4,34562.4,-0.8389,-1.0758,148.0,96.9,0.523
45.38,32045.8,34810.5,0.2226,-0.4659,148.0,96.9,0.523
45.4,32141.2,35211.2,0.6988,0.5196,148.0,96.9,0.523
45.42,32293.3,35527.7,1.4588,1.2979,148.0,96.9,0.523
45.44,32350.0,35801.5,1.7418,1.9712,148.0,96.9,0.523
45.46,32356.4,35801.9,1.7737,1.9721,148.0,96.9,0.523
45.48,32187.6,35559.8,0.9307,1.3768,148.0,96.9,0.523
45.5,32172.1,35399.2,0.8534,0.9819,148.0,96.9,0.523
45.52,32097.2,35157.3,0.4793,0.3871,148.0,96.9,0.523
45.54,32117.9,35106.2,0.5824,0.2615,148.0,96.9,0.523
45.56,31979.7,35103.2,-0.108,0.2541,148.0,96.9,0.523
45.58,32003.5,34970.2,0.0112,-0.0731,148.0,96.9,0.523
45.6,31974.9,34960.0,-0.1317,-0.098,148.0,96.9,0.523
45.62,31891.3,34835.8,-0.5495,-0.4035,148.0,96.9,0.523
45.64,31848.1,34579.1,-0.7651,-1.035,148.0,96.9,0.523
45.66,31796.0,34700.2,-1.0253,-0.737,148.0,96.9,0.523
45.68,31775.8,34609.2,-1.1265,-0.961,148.0,96.9,0.523
45.7,31819.4,34615.7,-0.9087,-0.9449,148.0,96.9,0.523
45.72,31705.9,34541.0,-1.4754,-1.1285,148.0,96.9,0.523
45.74,31757.6,34452.4,-1.2173,-1.3465,148.0,96.9,0.523
45.76,31800.9,34584.8,-1.0011,-1.0208,148.0,96.9,0.523
45.78,31932.4,34797.2,-0.3443,-0.4986,148.0,96.9,0.523
45.8,32011.0,35037.8,0.0487,0.0933,148.0,96.9,0.523
45.82,32334.3,35400.6,1.6633,0.9854,148.0,96.9,0.523
45.84,32411.1,35769.2,2.0474,1.8919,148.0,96.9,0.523
45.86,32321.5,35812.3,1.5995,1.9978,148.0,96.9,0.523
45.88,32359.2,35661.3,1.7879,1.6265,148.0,96.9,0.523
45.9,32199.2,35440.9,0.9884,1.0846,148.0,96.9,0.523
45.92,32164.0,35234.9,0.8129,0.5778,148.0,96.9,0.523
45.94,32056.1,35077.3,0.2739,0.1904,148.0,96.9,0.523
45.96,32018.0,35146.3,0.0833,0.3601,148.0,96.9,0.523
45.98,32098.8,34999.1,0.4869,-0.002,148.0,96.9,0.523
46.0,31978.2,34880.2,-0.1152,-0.2943,148.0,96.9,0.523
46.02,31845.1,34764.1,-0.7804,-0.5798,148.0,96.9,0.523
46.04,31837.9,34780.3,-0.816,-0.5401,148.0,96.9,0.523
46.06,31868.6,34687.3,-0.6627,-0.7688,148.0,96.9,0.523
46.08,31923.5,34702.2,-0.3887,-0.7321,148.0,96.9,0.523
46.1,31799.8,34626.2,-1.0064,-0.9191,148.0,96.9,0.523
46.12,31690.1,34542.3,-1.5547,-1.1253,148.0,96.9,0.523
46.14,31845.5,34478.2,-0.778,-1.2831,148.0,96.9,0.523
46.16,31719.8,34554.0,-1.4061,-1.0967,148.0,96.9,0.523
46.18,31838.5,34701.4,-0.8132,-0.734,148.0,96.9,0.523
46.2,31987.3,35021.8,-0.0697,0.0539,148.0,96.9,0.523
46.22,32143.6,35328.0,0.7109,0.8068,148.0,96.9,0.523
46.24,32299.0,35676.7,1.487,1.6644,148.0,96.9,0.523
46.26,32501.1,35824.8,2.4965,2.0286,148.0,96.9,0.523
46.28,32236.5,35696.1,1.1751,1.712,148.0,96.9,0.523
46.3,32249.3,35402.8,1.2389,0.9907,148.0,96.9,0.523
46.32,32159.6,35282.2,0.7909,0.6942,148.0,96.9,0.523
46.34,32032.0,35155.5,0.1535,0.3827,148.0,96.9,0.523
46.36,32055.4,35154.9,0.2701,0.3811,148.0,96.9,0.523
46.38,32027.2,35017.1,0.1292,0.0422,148.0,96.9,0.523
46.4,31933.5,34916.5,-0.3388,-0.2052,148.0,96.9,0.523
46.42,31899.1,34866.4,-0.5105,-0.3283,148.0,96.9,0.523
46.44,31881.4,34757.3,-0.5986,-0.5966,148.0,96.9,0.523
46.46,31868.5,34728.7,-0.6635,-0.667,148.0,96.9,0.523
46.48,31885.0,34662.6,-0.581,-0.8295,148.0,96.9,0.523
46.5,31887.0,34705.1,-0.5711,-0.725,148.0,96.9,0.523
46.52,31740.7,34582.8,-1.3015,-1.0258,148.0,96.9,0.523
46.54,31739.2,34475.2,-1.3092,-1.2903,148.0,96.9,0.523
46.56,31701.3,34552.5,-1.4986,-1.1004,148.0,96.9,0.523
46.58,31850.5,34592.0,-0.7533,-1.0031,148.0,96.9,0.523
46.6,31955.8,34878.9,-0.2275,-0.2975,148.0,96.9,0.523
46.62,32096.9,35148.1,0.4777,0.3644,148.0,96.9,0.523
46.64,32271.8,35691.6,1.3514,1.7009,148.0,96.9,0.523
46.66,32388.7,35795.9,1.9352,1.9575,148.0,96.9,0.523
46.68,32374.2,35660.9,1.8629,1.6255,148.0,96.9,0.523
46.7,32173.2,35574.6,0.8586,1.4134,148.0,96.9,0.523
46.72,32127.1,35342.9,0.6284,0.8435,148.0,96.9,0.523
46.74,32053.0,35260.5,0.2583,0.6407,148.0,96.9,0.523
46.76,32030.3,35165.9,0.1452,0.4081,148.0,96.9,0.523
46.78,32005.6,35065.2,0.0216,0.1605,148.0,96.9,0.523
46.8,31972.3,35037.5,-0.145,0.0924,148.0,96.9,0.523
46.82,31916.7,34821.3,-0.4225,-0.4392,148.0,96.9,0.523
46.84,31899.0,34748.5,-0.5108,-0.6182,148.0,96.9,0.523
46.86,31894.9,34739.8,-0.5315,-0.6397,148.0,96.9,0.523
46.88,31908.4,34606.2,-0.464,-0.9683,148.0,96.9,0.523
46.9,31848.6,34701.9,-0.7625,-0.7329,148.0,96.9,0.523
46.92,31726.7,34677.6,-1.3717,-0.7926,148.0,96.9,0.523
46.94,31660.2,34434.5,-1.7038,-1.3905,148.0,96.9,0.523
46.96,31769.1,34444.2,-1.1597,-1.3666,148.0,96.9,0.523
46.98,31788.5,34485.3,-1.0631,-1.2654,148.0,96.9,0.523
47.0,31939.9,34793.3,-0.3065,-0.5082,148.0,96.9,0.523
47.02,32080.5,35218.2,0.3958,0.5369,148.0,96.9,0.523
47.04,32273.5,35488.8,1.36,1.2024,148.0,96.9,0.523
47.06,32360.8,35669.2,1.7957,1.646,148.0,96.9,0.523
47.08,32348.0,35697.8,1.7318,1.7162,148.0,96.9,0.523
47.1,32291.0,35538.7,1.4471,1.3251,148.0,96.9,0.523
47.12,32245.7,35381.6,1.221,0.9387,148.0,96.9,0.523
47.14,31950.1,35193.8,-0.2555,0.4768,148.0,96.9,0.523
47.16,31960.9,35215.8,-0.2018,0.531,148.0,96.9,0.523
47.18,32051.8,34967.0,0.2524,-0.081,148.0,96.9,0.523
47.2,32081.9,35078.5,0.4026,0.1932,148.0,96.9,0.523
47.22,31904.8,34938.2,-0.4818,-0.1518,148.0,96.9,0.523
47.24,31875.0,34794.9,-0.631,-0.5041,148.0,96.9,0.523
47.26,31881.1,34705.6,-0.6002,-0.7237,148.0,96.9,0.523
47.28,31796.7,34695.5,-1.0222,-0.7487,148.0,96.9,0.523
47.3,31837.5,34644.8,-0.8182,-0.8733,148.0,96.9,0.523
47.32,31725.8,34566.7,-1.3762,-1.0653,148.0,96.9,0.523
47.34,31810.3,34455.3,-0.9539,-1.3393,148.0,96.9,0.523
47.36,31750.2,34404.9,-1.2542,-1.4632,148.0,96.9,0.523
47.38,31640.3,34425.6,-1.8032,-1.4122,148.0,96.9,0.523
47.4,31761.8,34741.2,-1.1963,-0.6362,148.0,96.9,0.523
47.42,32088.4,35040.0,0.4349,0.0987,148.0,96.9,0.523
47.44,32227.3,35422.6,1.1292,1.0395,148.0,96.9,0.523
47.46,32346.2,35681.1,1.7231,1.6753,148.0,96.9,0.523
47.48,32333.4,35781.0,1.6588,1.9208,148.0,96.9,0.523
47.5,32295.8,35690.5,1.4711,1.6983,148.0,96.9,0.523
47.52,32145.5,35416.7,0.7204,1.0249,148.0,96.9,0.523
47.54,32162.7,35176.5,0.8062,0.4343,148.0,96.9,0.523
47.56,32064.5,35147.8,0.3157,0.3636,148.0,96.9,0.523
47.58,32123.7,35213.4,0.6116,0.5251,148.0,96.9,0.523
47.6,31986.5,35008.5,-0.0737,0.0211,148.0,96.9,0.523
47.62,31987.7,34992.2,-0.068,-0.019,148.0,96.9,0.523
47.64,31861.0,34809.6,-0.7009,-0.4681,148.0,96.9,0.523
47.66,31869.4,34663.0,-0.659,-0.8285,148.0,96.9,0.523
47.68,31764.4,34731.1,-1.1835,-0.661,148.0,96.9,0.523
47.7,31990.8,34626.0,-0.0525,-0.9196,148.0,96.9,0.523
47.72,31804.4,34607.0,-0.9834,-0.9662,148.0,96.9,0.523
47.74,31787.7,34521.9,-1.067,-1.1755,148.0,96.9,0.523
47.76,31756.9,34461.3,-1.2208,-1.3247,148.0,96.9,0.523
47.78,31748.1,34441.6,-1.2648,-1.373,148.0,96.9,0.523
47.8,31882.9,34598.2,-0.5913,-0.988,148.0,96.9,0.523
47.82,32067.9,35015.0,0.3328,0.0372,148.0,96.9,0.523
47.84,32169.6,35340.8,0.8407,0.8382,148.0,96.9,0.523
47.86,32358.5,35617.1,1.7841,1.5178,148.0,96.9,0.523
47.88,32455.3,35740.5,2.268,1.8212,148.0,96.9,0.523
47.9,32339.8,35712.5,1.691,1.7525,148.0,96.9,0.523
47.92,32179.4,35504.7,0.8898,1.2413,148.0,96.9,0.523
47.94,32132.1,35279.4,0.6532,0.6874,148.0,96.9,0.523
47.96,32067.9,35189.2,0.3325,0.4655,148.0,96.9,0.523
47.98,32087.2,35081.5,0.4291,0.2008,148.0,96.9,0.523
48.0,32070.5,35013.9,0.3458,0.0343,148.0,96.9,0.523
48.02,31974.3,34917.1,-0.1348,-0.2037,148.0,96.9,0.523
48.04,31910.8,34814.5,-0.4518,-0.456,148.0,96.9,0.523
48.06,31932.0,34668.6,-0.3461,-0.8147,148.0,96.9,0.523
48.08,31730.9,34722.9,-1.3508,-0.6813,148.0,96.9,0.523
48.1,31815.0,34706.4,-0.9307,-0.7217,148.0,96.9,0.523
48.12,31838.0,34539.1,-0.8157,-1.1332,148.0,96.9,0.523
48.14,31743.0,34572.0,-1.29,-1.0523,148.0,96.9,0.523
48.16,31784.5,34481.4,-1.083,-1.275,148.0,96.9,0.523
48.18,31745.8,34422.7,-1.2764,-1.4195,148.0,96.9,0.523
48.2,31825.5,34565.0,-0.8783,-1.0695,148.0,96.9,0.523
48.22,31886.9,34887.2,-0.5715,-0.2771,148.0,96.9,0.523
48.24,32055.1,35268.0,0.2687,0.6594,148.0,96.9,0.523
48.26,32327.6,35535.5,1.6301,1.3171,148.0,96.9,0.523
48.28,32315.4,35796.7,1.5692,1.9594,148.0,96.9,0.523
48.3,32308.5,35688.3,1.5344,1.6928,148.0,96.9,0.523
48.32,32239.0,35617.1,1.1874,1.5178,148.0,96.9,0.523
48.34,32153.5,35298.1,0.7602,0.7334,148.0,96.9,0.523
48.36,32133.4,35184.3,0.6601,0.4534,148.0,96.9,0.523
48.38,31992.5,35122.4,-0.0437,0.3012,148.0,96.9,0.523
48.4,32075.6,35112.6,0.3711,0.2772,148.0,96.9,0.523
48.42,32049.3,35064.2,0.2397,0.1581,148.0,96.9,0.523
48.44,31917.1,34896.5,-0.4206,-0.2542,148.0,96.9,0.523
48.46,31899.0,34795.1,-0.5107,-0.5036,148.0,96.9,0.523
48.48,31804.8,34748.4,-0.9815,-0.6184,148.0,96.9,0.523
48.5,31923.8,34649.7,-0.3871,-0.8613,148.0,96.9,0.523
48.52,31842.8,34666.3,-0.7915,-0.8205,148.0,96.9,0.523
48.54,31881.6,34626.0,-0.598,-0.9196,148.0,96.9,0.523
48.56,31757.7,34510.3,-1.2165,-1.2041,148.0,96.9,0.523
48.58,31778.3,34427.8,-1.1137,-1.4068,148.0,96.9,0.523
48.6,31780.8,34533.7,-1.1013,-1.1465,148.0,96.9,0.523
48.62,31757.1,34755.3,-1.2198,-0.6015,148.0,96.9,0.523
48.64,32048.4,35099.1,0.2351,0.244,148.0,96.9,0.523
48.66,32296.9,35528.5,1.4768,1.2999,148.0,96.9,0.523
48.68,32321.3,35735.1,1.5987,1.808,148.0,96.9,0.523
48.7,32385.5,35696.7,1.9194,1.7135,148.0,96.9,0.523
48.72,32297.9,35597.1,1.4816,1.4685,148.0,96.9,0.523
48.74,32073.9,35419.4,0.3626,1.0317,148.0,96.9,0.523
48.76,32166.7,35255.8,0.8265,0.6293,148.0,96.9,0.523
48.78,32117.1,35100.4,0.5786,0.2471,148.0,96.9,0.523
48.8,32049.5,35149.3,0.2411,0.3673,148.0,96.9,0.523
48.82,32017.0,35000.0,0.0787,0.0003,148.0,96.9,0.523
48.84,31994.5,34896.3,-0.0339,-0.2547,148.0,96.9,0.523
48.86,31933.7,34785.9,-0.3375,-0.5263,148.0,96.9,0.523
48.88,31844.8,34694.5,-0.7818,-0.7512,148.0,96.9,0.523
48.9,31871.5,34679.7,-0.6481,-0.7874,148.0,96.9,0.523
48.92,31755.5,34642.5,-1.2279,-0.8789,148.0,96.9,0.523
48.94,31800.9,34683.5,-1.0009,-0.7782,148.0,96.9,0.523
48.96,31774.7,34504.3,-1.1317,-1.2188,148.0,96.9,0.523
48.98,31751.7,34442.6,-1.2465,-1.3704,148.0,96.9,0.523
49.0,31725.3,34444.6,-1.3786,-1.3656,148.0,96.9,0.523
49.02,31844.3,34720.1,-0.7844,-0.6882,148.0,96.9,0.523
49.04,31955.8,34972.3,-0.227,-0.0678,148.0,96.9,0.523
49.06,32193.4,35452.2,0.9597,1.1123,148.0,96.9,0.523
49.08,32362.5,35608.1,1.8042,1.4957,148.0,96.9,0.523
49.1,32352.1,35726.1,1.7526,1.7858,148.0,96.9,0.523
49.12,32358.6,35633.2,1.7847,1.5574,148.0,96.9,0.523
49.14,32277.5,35410.1,1.38,1.0088,148.0,96.9,0.523
49.16,32137.3,35265.3,0.6795,0.6526,148.0,96.9,0.523
49.18,32172.0,35130.8,0.8526,0.322,148.0,96.9,0.523
49.2,32086.7,35119.3,0.4266,0.2937,148.0,96.9,0.523
49.22,32080.6,35078.3,0.396,0.1927,148.0,96.9,0.523
49.24,32006.4,35020.1,0.0256,0.0497,148.0,96.9,0.523
49.26,31911.4,34880.4,-0.449,-0.294,148.0,96.9,0.523
49.28,31933.9,34647.1,-0.3369,-0.8675,148.0,96.9,0.523
49.3,31821.8,34690.7,-0.8964,-0.7605,148.0,96.9,0.523
49.32,31870.4,34731.3,-0.6538,-0.6605,148.0,96.9,0.523
49.34,31875.5,34629.6,-0.6281,-0.9107,148.0,96.9,0.523
49.36,31811.5,34523.4,-0.948,-1.1717,148.0,96.9,0.523
49.38,31808.6,34505.8,-0.9625,-1.2151,148.0,96.9,0.523
49.4,31682.3,34523.9,-1.5933,-1.1707,148.0,96.9,0.523
49.42,31880.7,34529.2,-0.6026,-1.1575,148.0,96.9,0.523
49.44,32002.2,34960.7,0.0046,-0.0964,148.0,96.9,0.523
49.46,32208.1,35281.0,1.0332,0.6912,148.0,96.9,0.523
49.48,32354.4,35616.0,1.764,1.515,148.0,96.9,0.523
49.5,32339.2,35785.5,1.6879,1.932,148.0,96.9,0.523
49.52,32345.7,35754.5,1.7206,1.8557,148.0,96.9,0.523
49.54,32251.6,35472.6,1.2504,1.1623,148.0,96.9,0.523
49.56,32170.5,35220.5,0.8453,0.5425,148.0,96.9,0.523
49.58,32025.6,35185.3,0.1217,0.456,148.0,96.9,0.523
49.6,32091.2,35044.8,0.4492,0.1104,148.0,96.9,0.523
49.62,31958.3,35045.0,-0.2146,0.1109,148.0,96.9,0.523
49.64,32009.6,35056.3,0.0416,0.1387,148.0,96.9,0.523
49.66,32044.6,34844.6,0.2165,-0.382,148.0,96.9,0.523
49.68,31857.4,34657.8,-0.7188,-0.8414,148.0,96.9,0.523
49.7,31878.1,34754.4,-0.6153,-0.6039,148.0,96.9,0.523
49.72,31765.5,34634.4,-1.1777,-0.8989,148.0,96.9,0.523
49.74,31841.2,34654.9,-0.7998,-0.8485,148.0,96.9,0.523
49.76,31800.0,34589.2,-1.0056,-1.0099,148.0,96.9,0.523
49.78,31763.8,34584.1,-1.1864,-1.0225,148.0,96.9,0.523
49.8,31817.5,34442.6,-0.918,-1.3706,148.0,96.9,0.523
49.82,31760.8,34614.8,-1.2011,-0.9471,148.0,96.9,0.523
49.84,31923.0,34826.6,-0.3911,-0.4262,148.0,96.9,0.523
49.86,32099.0,35262.4,0.488,0.6455,148.0,96.9,0.523
49.88,32253.6,35515.8,1.2604,1.2686,148.0,96.9,0.523
49.9,32359.7,35636.2,1.7905,1.5647,148.0,96.9,0.523
49.92,32450.7,35648.4,2.245,1.5948,148.0,96.9,0.523
49.94,32276.3,35476.3,1.374,1.1715,148.0,96.9,0.523
49.96,32116.0,35399.8,0.573,0.9835,148.0,96.9,0.523
49.98,32138.3,35197.9,0.6843,0.487,148.0,96.9,0.523
50.0,32103.2,35098.1,0.5089,0.2416,148.0,96.9,0.523
50.02,31998.7,35146.4,-0.0128,0.3603,148.0,96.9,0.523
50.04,31992.5,34909.3,-0.0439,-0.2227,148.0,96.9,0.523
50.06,31971.8,34936.4,-0.1475,-0.1561,148.0,96.9,0.523
50.08,31937.3,34792.8,-0.3197,-0.5093,148.0,96.9,0.523
50.1,31858.0,34661.6,-0.7157,-0.832,148.0,96.9,0.523
50.12,31774.2,34667.4,-1.1344,-0.8178,148.0,96.9,0.523
50.14,31766.6,34697.8,-1.1724,-0.7429,148.0,96.9,0.523
50.16,31834.1,34596.0,-0.835,-0.9933,148.0,96.9,0.523
50.18,31832.1,34631.1,-0.845,-0.9069,148.0,96.9,0.523
50.2,31716.4,34459.0,-1.4232,-1.3302,148.0,96.9,0.523
50.22,31723.9,34561.4,-1.3857,-1.0783,148.0,96.9,0.523
50.24,31903.9,34646.9,-0.4865,-0.8682,148.0,96.9,0.523
50.26,32137.3,35134.1,0.6792,0.33,148.0,96.9,0.523
50.28,32223.3,35462.6,1.109,1.1379,148.0,96.9,0.523
50.3,32338.1,35721.1,1.6827,1.7735,148.0,96.9,0.523
50.32,32383.0,35678.5,1.9068,1.6688,148.0,96.9,0.523
50.34,32303.8,35556.0,1.511,1.3674,148.0,96.9,0.523
50.36,32244.6,35360.4,1.2156,0.8864,148.0,96.9,0.523
50.38,32061.1,35212.1,0.2989,0.5218,148.0,96.9,0.523
50.4,32104.3,35198.6,0.5145,0.4886,148.0,96.9,0.523
50.42,32047.9,34982.3,0.2331,-0.0433,148.0,96.9,0.523
50.44,31988.6,34993.0,-0.0634,-0.0171,148.0,96.9,0.523
50.46,31889.5,34979.0,-0.5585,-0.0514,148.0,96.9,0.523
50.48,31820.7,34796.9,-0.9018,-0.4993,148.0,96.9,0.523
50.5,31917.5,34807.4,-0.4185,-0.4735,148.0,96.9,0.523
50.52,31827.6,34625.8,-0.8675,-0.92,148.0,96.9,0.523
50.54,31890.5,34741.6,-0.5534,-0.6352,148.0,96.9,0.523
50.56,31811.3,34588.6,-0.9489,-1.0116,148.0,96.9,0.523
50.58,31794.3,34544.0,-1.0342,-1.1213,148.0,96.9,0.523
50.6,31793.7,34500.1,-1.0369,-1.2291,148.0,96.9,0.523
50.62,31704.5,34461.7,-1.4827,-1.3237,148.0,96.9,0.523
50.64,31766.7,34562.2,-1.1718,-1.0764,148.0,96.9,0.523
50.66,32129.8,35031.2,0.6417,0.077,148.0,96.9,0.523
50.68,32126.0,35371.5,0.6228,0.9138,148.0,96.9,0.523
50.7,32314.1,35658.9,1.5624,1.6205,148.0,96.9,0.523
50.72,32337.6,35795.8,1.68,1.9573,148.0,96.9,0.523
50.74,32328.8,35796.7,1.6363,1.9596,148.0,96.9,0.523
50.76,32182.4,35474.7,0.9045,1.1677,148.0,96.9,0.523
50.78,32121.3,35342.2,0.5997,0.8418,148.0,96.9,0.523
50.8,32095.0,35134.5,0.468,0.331,148.0,96.9,0.523
50.82,32064.8,35129.1,0.3174,0.3177,148.0,96.9,0.523
50.84,31976.5,35129.3,-0.124,0.3183,148.0,96.9,0.523
50.86,32024.3,35056.0,0.1151,0.1379,148.0,96.9,0.523
50.88,31907.9,34851.4,-0.4664,-0.3653,148.0,96.9,0.523
50.9,31846.6,34774.4,-0.7726,-0.5545,148.0,96.9,0.523
50.92,31799.5,34720.6,-1.0081,-0.6869,148.0,96.9,0.523
50.94,31843.1,34707.9,-0.7902,-0.718,148.0,96.9,0.523
50.96,31723.0,34580.9,-1.3903,-1.0303,148.0,96.9,0.523
50.98,31859.5,34499.3,-0.7083,-1.231,148.0,96.9,0.523
51.0,31750.8,34472.9,-1.2514,-1.296,148.0,96.9,0.523
51.02,31703.7,34316.8,-1.4866,-1.6798,148.0,96.9,0.523
51.04,31851.0,34639.4,-0.7509,-0.8865,148.0,96.9,0.523
51.06,31912.9,34907.9,-0.4414,-0.2262,148.0,96.9,0.523
51.08,32116.3,35309.7,0.5745,0.7619,148.0,96.9,0.523
51.1,32344.0,35571.8,1.7118,1.4064,148.0,96.9,0.523
51.12,32247.8,35781.1,1.2312,1.921,148.0,96.9,0.523
51.14,32361.8,35720.0,1.8006,1.7709,148.0,96.9,0.523
51.16,32222.4,35388.4,1.1046,0.9554,148.0,96.9,0.523
51.18,32143.3,35308.7,0.7092,0.7595,148.0,96.9,0.523
51.2,32100.7,35186.0,0.4967,0.4577,148.0,96.9,0.523
51.22,31975.7,35111.7,-0.1278,0.275,148.0,96.9,0.523
51.24,32046.6,35087.5,0.2266,0.2153,148.0,96.9,0.523
51.26,32016.2,34951.0,0.0747,-0.1203,148.0,96.9,0.523
51.28,31919.7,34890.8,-0.4075,-0.2683,148.0,96.9,0.523
51.3,31871.2,34805.1,-0.6499,-0.479,148.0,96.9,0.523
51.32,31880.0,34732.5,-0.6061,-0.6577,148.0,96.9,0.523
51.34,31792.4,34723.1,-1.0432,-0.6808,148.0,96.9,0.523
51.36,31881.4,34610.4,-0.5989,-0.9579,148.0,96.9,0.523
51.38,31816.6,34562.9,-0.9224,-1.0746,148.0,96.9,0.523
51.4,31772.4,34588.2,-1.1435,-1.0125,148.0,96.9,0.523
51.42,31768.8,34437.8,-1.1615,-1.3823,148.0,96.9,0.523
51.44,31736.4,34429.3,-1.3232,-1.4032,148.0,96.9,0.523
51.46,31845.6,34872.8,-0.7778,-0.3125,148.0,96.9,0.523
51.48,32039.8,35103.1,0.1922,0.2537,148.0,96.9,0.523
51.5,32304.7,35569.7,1.5157,1.4013,148.0,96.9,0.523
51.52,32414.7,35729.9,2.0649,1.7952,148.0,96.9,0.523
51.54,32405.2,35733.3,2.0179,1.8036,148.0,96.9,0.523
51.56,32271.6,35617.1,1.3501,1.5178,148.0,96.9,0.523
51.58,32166.0,35352.0,0.8226,0.8659,148.0,96.9,0.523
51.6,32054.5,35277.9,0.2656,0.6837,148.0,96.9,0.523
51.62,32067.0,35138.7,0.3283,0.3414,148.0,96.9,0.523
51.64,32092.5,35105.1,0.4556,0.2586,148.0,96.9,0.523
51.66,32040.9,35026.3,0.1981,0.065,148.0,96.9,0.523
51.68,32034.0,34874.3,0.1632,-0.3089,148.0,96.9,0.523
51.7,31946.5,34827.3,-0.2738,-0.4246,148.0,96.9,0.523
51.72,31917.4,34736.2,-0.419,-0.6484,148.0,96.9,0.523
51.74,31811.4,34622.4,-0.9484,-0.9283,148.0,96.9,0.523
51.76,31771.6,34679.7,-1.1471,-0.7876,148.0,96.9,0.523
51.78,31847.5,34684.8,-0.7683,-0.7749,148.0,96.9,0.523
51.8,31783.0,34530.8,-1.0906,-1.1535,148.0,96.9,0.523
51.82,31670.9,34436.8,-1.6502,-1.3847,148.0,96.9,0.523
51.84,31784.0,34508.7,-1.0852,-1.2079,148.0,96.9,0.523
51.86,31859.4,34746.6,-0.7089,-0.6229,148.0,96.9,0.523
51.88,32043.6,35065.7,0.2114,0.1619,148.0,96.9,0.523
51.9,32254.4,35482.8,1.2644,1.1875,148.0,96.9,0.523
51.92,32270.6,35698.5,1.3453,1.7179,148.0,96.9,0.523
51.94,32327.9,35741.2,1.6317,1.823,148.0,96.9,0.523
51.96,32357.9,35623.3,1.7812,1.533,148.0,96.9,0.523
51.98,32176.3,35413.1,0.874,1.0162,148.0,96.9,0.523
52.0,32188.1,35286.1,0.9331,0.7039,148.0,96.9,0.523
52.02,32047.5,35173.8,0.2311,0.4276,148.0,96.9,0.523
52.04,32174.9,34989.9,0.8675,-0.0246,148.0,96.9,0.523
52.06,32035.9,34877.2,0.1731,-0.3017,148.0,96.9,0.523
52.08,31923.0,34944.6,-0.3911,-0.136,148.0,96.9,0.523
52.1,31939.9,34808.0,-0.3066,-0.4719,148.0,96.9,0.523
52.12,31914.1,34649.9,-0.4355,-0.8608,148.0,96.9,0.523
52.14,31853.6,34594.3,-0.7379,-0.9974,148.0,96.9,0.523
52.16,31886.3,34607.4,-0.5746,-0.9652,148.0,96.9,0.523
52.18,31836.3,34653.4,-0.8241,-0.8522,148.0,96.9,0.523
52.2,31789.9,34627.6,-1.0559,-0.9155,148.0,96.9,0.523
52.22,31762.0,34486.2,-1.1953,-1.2633,148.0,96.9,0.523
52.24,31795.0,34522.2,-1.0307,-1.1748,148.0,96.9,0.523
52.26,31822.0,34641.5,-0.8956,-0.8813,148.0,96.9,0.523
52.28,32004.0,34906.3,0.0134,-0.2301,148.0,96.9,0.523
52.3,32104.8,35352.6,0.5172,0.8672,148.0,96.9,0.523
52.32,32367.1,35667.7,1.8271,1.6424,148.0,96.9,0.523
52.34,32453.2,35749.4,2.2574,1.8431,148.0,96.9,0.523
52.36,32309.1,35646.8,1.5374,1.5909,148.0,96.9,0.523
52.38,32279.8,35455.2,1.3913,1.1196,148.0,96.9,0.523
52.4,32125.5,35260.6,0.6206,0.6412,148.0,96.9,0.523
52.42,32109.0,35277.3,0.5382,0.6821,148.0,96.9,0.523
52.44,32100.4,35109.0,0.4952,0.2682,148.0,96.9,0.523
52.46,31967.2,35037.7,-0.1704,0.0929,148.0,96.9,0.523
52.48,32010.4,34962.8,0.0454,-0.0912,148.0,96.9,0.523
52.5,31909.2,34864.9,-0.4599,-0.3321,148.0,96.9,0.523
52.52,31801.8,34780.8,-0.9966,-0.5388,148.0,96.9,0.523
52.54,31869.5,34749.2,-0.6584,-0.6166,148.0,96.9,0.523
52.56,31857.8,34710.4,-0.7169,-0.712,148.0,96.9,0.523
52.58,31840.6,34603.5,-0.8027,-0.9749,148.0,96.9,0.523
52.6,31814.8,34561.3,-0.9316,-1.0787,148.0,96.9,0.523
52.62,31782.9,34481.1,-1.0908,-1.2759,148.0,96.9,0.523
52.64,31730.7,34572.7,-1.3515,-1.0506,148.0,96.9,0.523
52.66,31724.2,34665.5,-1.3843,-0.8225,148.0,96.9,0.523
52.68,31967.1,34843.9,-0.1708,-0.3837,148.0,96.9,0.523
52.7,32239.2,35295.8,1.1883,0.7276,148.0,96.9,0.523
52.72,32360.9,35616.7,1.7963,1.5168,148.0,96.9,0.523
52.74,32371.2,35799.6,1.8478,1.9667,148.0,96.9,0.523
52.76,32386.9,35730.9,1.9263,1.7977,148.0,96.9,0.523
52.78,32208.9,35513.3,1.0373,1.2626,148.0,96.9,0.523
52.8,32127.1,35382.8,0.6283,0.9415,148.0,96.9,0.523
52.82,32097.3,35104.7,0.4797,0.2577,148.0,96.9,0.523
52.84,32099.8,35092.8,0.4921,0.2284,148.0,96.9,0.523
52.86,31923.0,35048.6,-0.391,0.1198,148.0,96.9,0.523
52.88,32002.0,34911.7,0.0034,-0.217,148.0,96.9,0.523
52.9,31979.2,34866.7,-0.1102,-0.3276,148.0,96.9,0.523
52.92,31803.3,34795.4,-0.9889,-0.503,148.0,96.9,0.523
52.94,31865.2,34739.7,-0.6799,-0.6399,148.0,96.9,0.523
52.96,31843.6,34625.7,-0.7875,-0.9203,148.0,96.9,0.523
52.98,31853.7,34759.3,-0.7373,-0.5917,148.0,96.9,0.523
53.0,31830.9,34541.0,-0.851,-1.1284,148.0,96.9,0.523
53.02,31804.8,34472.4,-0.9816,-1.2974,148.0,96.9,0.523
53.04,31743.0,34515.1,-1.2901,-1.1923,148.0,96.9,0.523
53.06,31674.4,34581.1,-1.6327,-1.03,148.0,96.9,0.523
53.08,31974.0,34772.1,-0.1364,-0.5602,148.0,96.9,0.523
53.1,32033.9,35093.3,0.1628,0.2295,148.0,96.9,0.523
53.12,32208.1,35488.4,1.0332,1.2013,148.0,96.9,0.523
53.14,32294.2,35710.4,1.4631,1.7473,148.0,96.9,0.523
53.16,32282.9,35724.7,1.4065,1.7824,148.0,96.9,0.523
53.18,32255.7,35616.3,1.2708,1.5157,148.0,96.9,0.523
53.2,32195.7,35321.8,0.9711,0.7917,148.0,96.9,0.523
53.22,32112.7,35210.9,0.5565,0.519,148.0,96.9,0.523
53.24,32057.7,35103.1,0.2817,0.2539,148.0,96.9,0.523
53.26,32011.9,35077.1,0.0529,0.1899,148.0,96.9,0.523
53.28,31926.7,35120.6,-0.3726,0.2968,148.0,96.9,0.523
53.3,31938.2,34948.0,-0.3151,-0.1278,148.0,96.9,0.523
53.32,31955.2,34726.1,-0.2302,-0.6734,148.0,96.9,0.523
53.34,31787.8,34740.3,-1.0663,-0.6385,148.0,96.9,0.523
53.36,31950.4,34635.5,-0.2541,-0.8962,148.0,96.9,0.523
53.38,31800.0,34700.5,-1.0056,-0.7364,148.0,96.9,0.523
53.4,31870.0,34582.2,-0.6557,-1.0273,148.0,96.9,0.523
53.42,31765.3,34450.7,-1.1786,-1.3506,148.0,96.9,0.523
53.44,31701.8,34433.5,-1.4963,-1.393,148.0,96.9,0.523
53.46,31704.4,34394.4,-1.4831,-1.4891,148.0,96.9,0.523
53.48,31948.4,34671.5,-0.2644,-0.8076,148.0,96.9,0.523
53.5,32128.3,35035.6,0.6343,0.0877,148.0,96.9,0.523
53.52,32177.6,35394.7,0.8809,0.9709,148.0,96.9,0.523
53.54,32326.7,35652.8,1.6254,1.6055,148.0,96.9,0.523
53.56,32445.1,35746.5,2.2171,1.8361,148.0,96.9,0.523
53.58,32307.9,35588.5,1.5315,1.4476,148.0,96.9,0.523
53.6,32234.1,35431.3,1.1628,1.0608,148.0,96.9,0.523
53.62,32223.4,35201.0,1.1093,0.4945,148.0,96.9,0.523
53.64,32038.0,35153.6,0.1833,0.3779,148.0,96.9,0.523
53.66,32075.6,35120.7,0.3713,0.2969,148.0,96.9,0.523
53.68,32062.5,34967.9,0.306,-0.0787,148.0,96.9,0.523
53.7,32048.9,34918.4,0.2379,-0.2005,148.0,96.9,0.523
53.72,31886.4,34743.5,-0.574,-0.6305,148.0,96.9,0.523
53.74,31930.9,34739.9,-0.3515,-0.6395,148.0,96.9,0.523
53.76,31877.3,34604.4,-0.6193,-0.9727,148.0,96.9,0.523
53.78,31794.0,34623.6,-1.0355,-0.9255,148.0,96.9,0.523
53.8,31745.2,34579.7,-1.279,-1.0334,148.0,96.9,0.523
53.82,31720.0,34609.4,-1.405,-0.9604,148.0,96.9,0.523
53.84,31727.9,34488.8,-1.3655,-1.2569,148.0,96.9,0.523
53.86,31753.5,34499.9,-1.2377,-1.2297,148.0,96.9,0.523
53.88,31843.6,34578.1,-0.7877,-1.0374,148.0,96.9,0.523
53.9,31931.2,34874.9,-0.35,-0.3075,148.0,96.9,0.523
53.92,32148.9,35406.7,0.7375,1.0003,148.0,96.9,0.523
53.94,32349.9,35591.0,1.7416,1.4536,148.0,96.9,0.523
53.96,32359.0,35768.0,1.7868,1.889,148.0,96.9,0.523
53.98,32388.6,35764.9,1.9348,1.8812,148.0,96.9,0.523
54.0,32273.7,35494.7,1.3606,1.2168,148.0,96.9,0.523
54.02,32193.4,35307.2,0.9594,0.7557,148.0,96.9,0.523
54.04,32100.5,35146.5,0.4957,0.3605,148.0,96.9,0.523
54.06,32042.8,35089.7,0.2075,0.2209,148.0,96.9,0.523
54.08,32034.4,34975.3,0.1656,-0.0606,148.0,96.9,0.523
54.1,31938.1,34938.1,-0.3157,-0.152,148.0,96.9,0.523
54.12,31936.5,34831.0,-0.3238,-0.4153,148.0,96.9,0.523
54.14,31923.6,34731.8,-0.3879,-0.6593,148.0,96.9,0.523
54.16,31815.4,34649.9,-0.9285,-0.8608,148.0,96.9,0.523
54.18,31786.3,34664.0,-1.0739,-0.826,148.0,96.9,0.523
54.2,31805.6,34536.9,-0.9777,-1.1387,148.0,96.9,0.523
54.22,31642.7,34571.7,-1.7912,-1.053,148.0,96.9,0.523
54.24,31752.8,34578.1,-1.2413,-1.0374,148.0,96.9,0.523
54.26,31626.1,34419.3,-1.8743,-1.4278,148.0,96.9,0.523
54.28,31756.6,34594.8,-1.2223,-0.9963,148.0,96.9,0.523
54.3,31878.2,34823.9,-0.6148,-0.4329,148.0,96.9,0.523
54.32,32114.2,35231.4,0.5641,0.5692,148.0,96.9,0.523
54.34,32330.0,35588.2,1.6418,1.4467,148.0,96.9,0.523
54.36,32295.5,35848.7,1.4696,2.0874,148.0,96.9,0.523
54.38,32374.0,35722.9,1.8617,1.7781,148.0,96.9,0.523
54.4,32216.4,35612.6,1.0747,1.5067,148.0,96.9,0.523
54.42,32221.3,35402.8,1.0989,0.9908,148.0,96.9,0.523
54.44,32174.9,35179.8,0.8672,0.4423,148.0,96.9,0.523
54.46,32011.1,35058.0,0.0492,0.1429,148.0,96.9,0.523
54.48,32010.8,35090.8,0.0478,0.2236,148.0,96.9,0.523
54.5,31976.5,34991.8,-0.124,-0.02,148.0,96.9,0.523
54.52,31944.2,34832.0,-0.2851,-0.413,148.0,96.9,0.523
54.54,31846.6,34830.9,-0.7726,-0.4157,148.0,96.9,0.523
54.56,31918.0,34725.6,-0.4162,-0.6745,148.0,96.9,0.523
54.58,31795.1,34656.7,-1.0298,-0.8441,148.0,96.9,0.523
54.6,31820.1,34606.2,-0.9048,-0.9682,148.0,96.9,0.523
54.62,31792.6,34532.1,-1.0425,-1.1506,148.0,96.9,0.523
54.64,31723.8,34518.3,-1.386,-1.1844,148.0,96.9,0.523
54.66,31705.8,34349.1,-1.4763,-1.6004,148.0,96.9,0.523
54.68,31836.7,34488.0,-0.8219,-1.2589,148.0,96.9,0.523
54.7,31921.3,34818.1,-0.3994,-0.447,148.0,96.9,0.523
54.72,32023.9,35059.8,0.1132,0.1473,148.0,96.9,0.523
54.74,32197.7,35534.9,0.9812,1.3155,148.0,96.9,0.523
54.76,32370.8,35776.8,1.8456,1.9106,148.0,96.9,0.523
54.78,32407.1,35801.5,2.0271,1.9713,148.0,96.9,0.523
54.8,32234.2,35669.2,1.1635,1.646,148.0,96.9,0.523
54.82,32253.5,35410.6,1.2599,1.0099,148.0,96.9,0.523
54.84,31992.6,35230.1,-0.0436,0.5661,148.0,96.9,0.523
54.86,31984.4,35208.5,-0.0846,0.513,148.0,96.9,0.523
54.88,32009.1,34991.6,0.0392,-0.0204,148.0,96.9,0.523
54.9,31964.3,34981.9,-0.1846,-0.0444,148.0,96.9,0.523
54.92,31921.3,34912.8,-0.3994,-0.2142,148.0,96.9,0.523
54.94,31831.1,34754.9,-0.8502,-0.6025,148.0,96.9,0.523
54.96,31875.6,34720.7,-0.628,-0.6867,148.0,96.9,0.523
54.98,31766.9,34674.1,-1.171,-0.8013,148.0,96.9,0.523
55.0,31887.9,34649.6,-0.5664,-0.8615,148.0,96.9,0.523
55.02,31790.6,34510.4,-1.0524,-1.2038,148.0,96.9,0.523
55.04,31749.1,34497.6,-1.2598,-1.2354,148.0,96.9,0.523
55.06,31688.2,34519.3,-1.564,-1.1819,148.0,96.9,0.523
55.08,31695.2,34538.2,-1.5289,-1.1355,148.0,96.9,0.523
55.1,31777.9,34725.1,-1.1159,-0.6759,148.0,96.9,0.523
55.12,32001.0,35033.1,-0.0016,0.0815,148.0,96.9,0.523
55.14,32227.9,35326.2,1.1319,0.8023,148.0,96.9,0.523
55.16,32384.4,35754.1,1.9135,1.8547,148.0,96.9,0.523
55.18,32420.9,35832.6,2.0958,2.0478,148.0,96.9,0.523
55.2,32311.7,35701.4,1.5506,1.7251,148.0,96.9,0.523
55.22,32161.1,35398.1,0.7981,0.9792,148.0,96.9,0.523
55.24,32051.4,35220.0,0.2504,0.5412,148.0,96.9,0.523
55.26,32063.4,35229.7,0.3105,0.5652,148.0,96.9,0.523
55.28,32014.6,35064.2,0.0664,0.1582,148.0,96.9,0.523
55.3,31922.0,35080.5,-0.3959,0.1982,148.0,96.9,0.523
55.32,31963.7,34911.2,-0.1876,-0.2182,148.0,96.9,0.523
55.34,32017.4,34847.7,0.0806,-0.3743,148.0,96.9,0.523
55.36,31810.5,34662.9,-0.953,-0.8287,148.0,96.9,0.523
55.38,31834.6,34663.9,-0.8327,-0.8263,148.0,96.9,0.523
55.4,31757.2,34646.7,-1.2191,-0.8686,148.0,96.9,0.523
55.42,31831.9,34629.5,-0.8461,-0.911,148.0,96.9,0.523
55.44,31823.2,34620.8,-0.8898,-0.9323,148.0,96.9,0.523
55.46,31735.7,34445.5,-1.3265,-1.3634,148.0,96.9,0.523
55.48,31779.1,34434.6,-1.1097,-1.3902,148.0,96.9,0.523
55.5,31833.3,34605.9,-0.8391,-0.969,148.0,96.9,0.523
55.52,32045.9,34862.6,0.2226,-0.3377,148.0,96.9,0.523
55.54,32150.1,35421.2,0.7434,1.0361,148.0,96.9,0.523
55.56,32301.8,35578.6,1.5011,1.4232,148.0,96.9,0.523
55.58,32350.3,35752.1,1.7434,1.8498,148.0,96.9,0.523
55.6,32326.5,35756.2,1.6246,1.8599,148.0,96.9,0.523
55.62,32137.5,35569.3,0.6802,1.4003,148.0,96.9,0.523
55.64,32079.1,35412.1,0.3886,1.0136,148.0,96.9,0.523
55.66,32090.9,35160.9,0.4475,0.396,148.0,96.9,0.523
55.68,31967.0,35077.4,-0.1713,0.1906,148.0,96.9,0.523
55.7,31978.9,35098.6,-0.1117,0.2428,148.0,96.9,0.523
55.72,32051.9,34958.8,0.2529,-0.1011,148.0,96.9,0.523
55.74,32008.3,34912.9,0.0349,-0.214,148.0,96.9,0.523
55.76,31905.1,34759.6,-0.4806,-0.5909,148.0,96.9,0.523
55.78,31830.5,34685.4,-0.853,-0.7733,148.0,96.9,0.523
55.8,31889.2,34685.6,-0.56,-0.773,148.0,96.9,0.523
55.82,31857.8,34638.9,-0.7169,-0.8877,148.0,96.9,0.523
55.84,31765.4,34607.2,-1.1783,-0.9658,148.0,96.9,0.523
55.86,31747.8,34592.3,-1.2663,-1.0024,148.0,96.9,0.523
55.88,31670.9,34504.1,-1.6506,-1.2194,148.0,96.9,0.523
55.9,31744.4,34519.3,-1.2832,-1.182,148.0,96.9,0.523
55.92,31873.5,34782.0,-0.6381,-0.5359,148.0,96.9,0.523
55.94,32118.3,35111.2,0.5845,0.2738,148.0,96.9,0.523
55.96,32254.2,35619.5,1.2631,1.5237,148.0,96.9,0.523
55.98,32333.6,35762.6,1.6598,1.8756,148.0,96.9,0.523
56.0,32327.6,35774.8,1.6302,1.9056,148.0,96.9,0.523
56.02,32239.6,35618.4,1.1902,1.521,148.0,96.9,0.523
56.04,32207.1,35347.0,1.0283,0.8536,148.0,96.9,0.523
56.06,32113.0,35261.0,0.5581,0.642,148.0,96.9,0.523
56.08,32017.0,35141.5,0.0784,0.3482,148.0,96.9,0.523
56.1,32115.4,35141.7,0.5701,0.3486,148.0,96.9,0.523
56.12,32001.0,34979.8,-0.0017,-0.0496,148.0,96.9,0.523
56.14,31944.2,34919.1,-0.2854,-0.1986,148.0,96.9,0.523
56.16,31862.8,34764.6,-0.6917,-0.5787,148.0,96.9,0.523
56.18,31842.2,34643.6,-0.7946,-0.8764,148.0,96.9,0.523
56.2,31898.7,34665.1,-0.5127,-0.8233,148.0,96.9,0.523
56.22,31822.7,34742.0,-0.8921,-0.6344,148.0,96.9,0.523
56.24,31837.2,34616.5,-0.8197,-0.9429,148.0,96.9,0.523
56.26,31758.2,34515.7,-1.2143,-1.1909,148.0,96.9,0.523
56.28,31749.8,34504.2,-1.2561,-1.2191,148.0,96.9,0.523
56.3,31710.3,34487.5,-1.4537,-1.26,148.0,96.9,0.523
56.32,31790.7,34706.1,-1.0518,-0.7224,148.0,96.9,0.523
56.34,32061.3,35062.0,0.2996,0.1526,148.0,96.9,0.523
56.36,32138.6,35466.3,0.6858,1.147,148.0,96.9,0.523
56.38,32218.2,35728.1,1.0836,1.7908,148.0,96.9,0.523
56.4,32397.7,35697.7,1.9804,1.7161,148.0,96.9,0.523
56.42,32270.3,35518.2,1.3437,1.2747,148.0,96.9,0.523
56.44,32149.3,35397.7,0.7393,0.9782,148.0,96.9,0.523
56.46,32084.3,35222.3,0.4145,0.5468,148.0,96.9,0.523
56.48,32030.2,35173.3,0.1443,0.4263,148.0,96.9,0.523
56.5,32102.6,35042.5,0.5061,0.1046,148.0,96.9,0.523
56.52,31926.0,35018.6,-0.376,0.0459,148.0,96.9,0.523
56.54,32103.4,34932.7,0.5103,-0.1654,148.0,96.9,0.523
56.56,31876.7,34755.1,-0.6223,-0.602,148.0,96.9,0.523
56.58,31841.6,34669.9,-0.7978,-0.8115,148.0,96.9,0.523
56.6,31882.3,34668.3,-0.5944,-0.8155,148.0,96.9,0.523
56.62,31894.4,34589.0,-0.5339,-1.0105,148.0,96.9,0.523
56.64,31927.7,34599.7,-0.3675,-0.9843,148.0,96.9,0.523
56.66,31781.7,34537.1,-1.0968,-1.138,148.0,96.9,0.523
56.68,31814.4,34458.9,-0.9337,-1.3304,148.0,96.9,0.523
56.7,31742.4,34482.0,-1.2935,-1.2737,148.0,96.9,0.523
56.72,31748.3,34707.6,-1.2636,-0.7189,148.0,96.9,0.523
56.74,31965.9,34978.5,-0.1767,-0.0526,148.0,96.9,0.523
56.76,32196.7,35368.9,0.9761,0.9075,148.0,96.9,0.523
56.78,32387.2,35685.5,1.9279,1.6859,148.0,96.9,0.523
56.8,32324.5,35705.6,1.6146,1.7355,148.0,96.9,0.523
56.82,32413.9,35691.9,2.0612,1.7018,148.0,96.9,0.523
56.84,32261.9,35484.8,1.3017,1.1925,148.0,96.9,0.523
56.86,32115.5,35275.7,0.5706,0.6782,148.0,96.9,0.523
56.88,32123.9,35182.4,0.6126,0.4487,148.0,96.9,0.523
56.9,32009.9,35073.6,0.0428,0.1811,148.0,96.9,0.523
56.92,31963.3,35122.3,-0.1895,0.3011,148.0,96.9,0.523
56.94,31918.2,34949.4,-0.4149,-0.1243,148.0,96.9,0.523
56.96,31932.0,34879.5,-0.3459,-0.2961,148.0,96.9,0.523
56.98,31888.6,34731.3,-0.5627,-0.6606,148.0,96.9,0.523
57.0,31862.1,34591.1,-0.6954,-1.0052,148.0,96.9,0.523
57.02,31795.5,34748.1,-1.0278,-0.6193,148.0,96.9,0.523
57.04,31781.5,34591.4,-1.0978,-1.0045,148.0,96.9,0.523
57.06,31764.7,34555.9,-1.1818,-1.0918,148.0,96.9,0.523
57.08,31767.5,34477.2,-1.168,-1.2854,148.0,96.9,0.523
57.1,31638.7,34512.9,-1.8114,-1.1977,148.0,96.9,0.523
57.12,31762.0,34620.5,-1.1953,-0.9331,148.0,96.9,0.523
57.14,31989.0,34857.0,-0.0615,-0.3514,148.0,96.9,0.523
57.16,32178.2,35291.0,0.8837,0.7159,148.0,96.9,0.523
57.18,32188.6,35544.6,0.9358,1.3396,148.0,96.9,0.523
57.2,32330.2,35758.2,1.6431,1.8649,148.0,96.9,0.523
57.22,32345.8,35615.5,1.7211,1.5139,148.0,96.9,0.523
57.24,32239.3,35473.3,1.1887,1.1643,148.0,96.9,0.523
57.26,32221.7,35353.8,1.1012,0.8704,148.0,96.9,0.523
57.28,32107.2,35173.8,0.5291,0.4276,148.0,96.9,0.523
57.3,32014.1,35134.1,0.064,0.33,148.0,96.9,0.523
57.32,31974.2,35111.0,-0.1353,0.2731,148.0,96.9,0.523
57.34,32018.7,34992.0,0.0868,-0.0196,148.0,96.9,0.523
57.36,31944.0,34834.0,-0.286,-0.4081,148.0,96.9,0.523
57.38,31975.5,34703.9,-0.1286,-0.7279,148.0,96.9,0.523
57.4,31832.9,34729.7,-0.8411,-0.6644,148.0,96.9,0.523
57.42,31931.9,34682.7,-0.3467,-0.78,148.0,96.9,0.523
57.44,31760.5,34645.9,-1.2029,-0.8705,148.0,96.9,0.523
57.46,31788.5,34567.8,-1.0629,-1.0627,148.0,96.9,0.523
57.48,31705.8,34555.4,-1.476,-1.0932,148.0,96.9,0.523
57.5,31682.3,34592.2,-1.5936,-1.0027,148.0,96.9,0.523
57.52,31777.0,34446.0,-1.1206,-1.3623,148.0,96.9,0.523
57.54,31821.8,34801.2,-0.8968,-0.4886,148.0,96.9,0.523
57.56,32056.5,35152.3,0.2757,0.3746,148.0,96.9,0.523
57.58,32266.8,35590.0,1.3264,1.4511,148.0,96.9,0.523
57.6,32298.1,35779.5,1.4828,1.9173,148.0,96.9,0.523
57.62,32373.7,35761.7,1.8605,1.8734,148.0,96.9,0.523
57.64,32219.9,35571.8,1.092,1.4063,148.0,96.9,0.523
57.66,32176.9,35341.6,0.8774,0.8403,148.0,96.9,0.523
57.68,32130.7,35250.4,0.6466,0.6159,148.0,96.9,0.523
57.7,32035.3,35222.4,0.1699,0.5472,148.0,96.9,0.523
57.72,32045.7,35046.5,0.2216,0.1146,148.0,96.9,0.523
57.74,31959.1,34954.8,-0.2106,-0.1108,148.0,96.9,0.523
57.76,31840.2,34830.2,-0.8045,-0.4174,148.0,96.9,0.523
57.78,31839.6,34760.7,-0.8078,-0.5883,148.0,96.9,0.523
57.8,31893.8,34749.1,-0.5368,-0.6167,148.0,96.9,0.523
57.82,31881.3,34658.3,-0.5993,-0.84,148.0,96.9,0.523
57.84,31835.8,34653.8,-0.8269,-0.8511,148.0,96.9,0.523
57.86,31759.2,34572.2,-1.2094,-1.0517,148.0,96.9,0.523
57.88,31852.0,34534.7,-0.7455,-1.144,148.0,96.9,0.523
57.9,31787.2,34458.3,-1.0693,-1.3318,148.0,96.9,0.523
57.92,31827.9,34490.6,-0.8661,-1.2524,148.0,96.9,0.523
57.94,31804.6,34679.7,-0.9824,-0.7875,148.0,96.9,0.523
57.96,32047.1,35069.7,0.2289,0.1717,148.0,96.9,0.523
57.98,32220.9,35463.5,1.0972,1.14,148.0,96.9,0.523
58.0,32361.9,35693.3,1.8015,1.7051,148.0,96.9,0.523
58.02,32228.5,35763.9,1.1349,1.8788,148.0,96.9,0.523
58.04,32242.0,35585.8,1.2027,1.4407,148.0,96.9,0.523
58.06,32172.2,35405.4,0.8536,0.9972,148.0,96.9,0.523
58.08,32118.4,35238.8,0.5851,0.5875,148.0,96.9,0.523
58.1,32125.3,35078.6,0.6193,0.1935,148.0,96.9,0.523
58.12,31999.3,35059.9,-0.0099,0.1475,148.0,96.9,0.523
58.14,31984.2,34955.8,-0.0856,-0.1085,148.0,96.9,0.523
58.16,31910.5,35047.3,-0.4533,0.1166,148.0,96.9,0.523
58.18,31849.8,34692.3,-0.7565,-0.7565,148.0,96.9,0.523
58.2,31860.0,34701.8,-0.7058,-0.733,148.0,96.9,0.523
58.22,31795.4,34705.7,-1.0286,-0.7236,148.0,96.9,0.523
58.24,31768.7,34628.6,-1.1618,-0.9131,148.0,96.9,0.523
58.26,31755.0,34636.7,-1.2303,-0.8932,148.0,96.9,0.523
58.28,31631.7,34451.7,-1.846,-1.3482,148.0,96.9,0.523
58.3,31672.7,34473.7,-1.6415,-1.2941,148.0,96.9,0.523
58.32,31640.7,34471.4,-1.8011,-1.2997,148.0,96.9,0.523
58.34,31790.7,34630.5,-1.052,-0.9084,148.0,96.9,0.523
58.36,32046.6,34937.7,0.2262,-0.1531,148.0,96.9,0.523
58.38,32139.4,35289.0,0.6901,0.7109,148.0,96.9,0.523
58.4,32403.8,35682.3,2.0107,1.6781,148.0,96.9,0.523
58.42,32352.7,35806.5,1.7555,1.9835,148.0,96.9,0.523
58.44,32368.1,35658.3,1.8321,1.619,148.0,96.9,0.523
58.46,32252.4,35502.3,1.2546,1.2356,148.0,96.9,0.523
58.48,32120.4,35284.6,0.5948,0.7002,148.0,96.9,0.523
58.5,32129.6,35243.8,0.641,0.5999,148.0,96.9,0.523
58.52,31971.0,35046.7,-0.1514,0.1151,148.0,96.9,0.523
58.54,32020.7,34994.1,0.0968,-0.0144,148.0,96.9,0.523
58.56,31982.6,34929.2,-0.0933,-0.174,148.0,96.9,0.523
58.58,31943.8,34940.4,-0.2873,-0.1464,148.0,96.9,0.523
58.6,31924.7,34710.4,-0.3825,-0.7119,148.0,96.9,0.523
58.62,31859.3,34706.9,-0.7094,-0.7207,148.0,96.9,0.523
58.64,31811.4,34670.1,-0.9484,-0.8111,148.0,96.9,0.523
58.66,31818.9,34640.0,-0.9108,-0.885,148.0,96.9,0.523
58.68,31692.1,34610.0,-1.5446,-0.959,148.0,96.9,0.523
58.7,31806.6,34405.9,-0.9726,-1.4608,148.0,96.9,0.523
58.72,31728.5,34393.9,-1.3626,-1.4903,148.0,96.9,0.523
58.74,31788.8,34518.5,-1.0616,-1.1839,148.0,96.9,0.523
58.76,31992.4,34863.3,-0.0443,-0.336,148.0,96.9,0.523
58.78,32118.2,35223.0,0.5843,0.5487,148.0,96.9,0.523
58.8,32301.1,35606.3,1.4978,1.4912,148.0,96.9,0.523
58.82,32320.0,35791.7,1.5921,1.9472,148.0,96.9,0.523
58.84,32408.8,35654.8,2.0354,1.6105,148.0,96.9,0.523
58.86,32316.9,35545.7,1.5766,1.3423,148.0,96.9,0.523
58.88,32135.8,35252.2,0.6718,0.6205,148.0,96.9,0.523
58.9,32132.1,35170.3,0.6535,0.4191,148.0,96.9,0.523
58.92,32071.4,35146.5,0.3501,0.3606,148.0,96.9,0.523
58.94,31977.8,35002.4,-0.1175,0.0061,148.0,96.9,0.523
58.96,32013.4,34994.3,0.0607,-0.0138,148.0,96.9,0.523
58.98,31970.3,34860.0,-0.1548,-0.3441,148.0,96.9,0.523
59.0,31867.6,34679.4,-0.6678,-0.7883,148.0,96.9,0.523
59.02,31872.5,34776.5,-0.6433,-0.5495,148.0,96.9,0.523
59.04,31804.8,34669.9,-0.9814,-0.8116,148.0,96.9,0.523
59.06,31873.0,34490.1,-0.6406,-1.2538,148.0,96.9,0.523
59.08,31865.4,34668.4,-0.6787,-0.8154,148.0,96.9,0.523
59.1,31724.7,34538.4,-1.3816,-1.135,148.0,96.9,0.523
59.12,31801.9,34370.2,-0.9962,-1.5487,148.0,96.9,0.523
59.14,31766.8,34476.1,-1.1714,-1.2882,148.0,96.9,0.523
59.16,31859.9,34706.4,-0.7064,-0.7218,148.0,96.9,0.523
59.18,32086.8,35099.4,0.4273,0.2446,148.0,96.9,0.523
59.2,32243.6,35501.5,1.2105,1.2336,148.0,96.9,0.523
59.22,32310.7,35719.1,1.5457,1.7687,148.0,96.9,0.523
59.24,32419.2,35763.4,2.0874,1.8777,148.0,96.9,0.523
59.26,32269.1,35724.5,1.3376,1.7819,148.0,96.9,0.523
59.28,32126.1,35420.3,0.6236,1.0339,148.0,96.9,0.523
59.3,32074.0,35184.0,0.3634,0.4528,148.0,96.9,0.523
59.32,31940.9,35143.5,-0.3014,0.3531,148.0,96.9,0.523
59.34,32038.8,35068.8,0.1872,0.1693,148.0,96.9,0.523
59.36,31964.4,35038.9,-0.184,0.0958,148.0,96.9,0.523
59.38,31903.3,34869.9,-0.4894,-0.3197,148.0,96.9,0.523
59.4,31981.2,34771.2,-0.1002,-0.5624,148.0,96.9,0.523
59.42,31886.7,34777.3,-0.5725,-0.5475,148.0,96.9,0.523
59.44,31800.2,34707.4,-1.0044,-0.7193,148.0,96.9,0.523
59.46,31941.8,34665.7,-0.297,-0.8219,148.0,96.9,0.523
59.48,31864.2,34688.5,-0.6847,-0.7658,148.0,96.9,0.523
59.5,31774.4,34484.2,-1.1332,-1.2682,148.0,96.9,0.523
59.52,31735.3,34546.3,-1.3289,-1.1155,148.0,96.9,0.523
59.54,31781.3,34452.2,-1.0989,-1.347,148.0,96.9,0.523
59.56,31849.8,34808.1,-0.7569,-0.4717,148.0,96.9,0.523
59.58,32043.4,35067.9,0.2101,0.1672,148.0,96.9,0.523
59.6,32084.6,35477.1,0.4161,1.1735,148.0,96.9,0.523
59.62,32342.2,35724.1,1.7031,1.781,148.0,96.9,0.523
59.64,32336.2,35870.7,1.6729,2.1414,148.0,96.9,0.523
59.66,32378.5,35587.0,1.8844,1.4438,148.0,96.9,0.523
59.68,32248.1,35367.3,1.2328,0.9035,148.0,96.9,0.523
59.7,32228.1,35279.0,1.1332,0.6864,148.0,96.9,0.523
59.72,32087.5,35162.4,0.4309,0.3995,148.0,96.9,0.523
59.74,32133.7,35046.3,0.6617,0.114,148.0,96.9,0.523
59.76,32089.4,34983.1,0.4401,-0.0413,148.0,96.9,0.523
59.78,32026.3,34917.0,0.125,-0.2039,148.0,96.9,0.523
59.8,31931.1,34861.6,-0.3506,-0.3401,148.0,96.9,0.523
59.82,31880.9,34688.0,-0.6012,-0.7671,148.0,96.9,0.523
59.84,31863.0,34673.0,-0.6909,-0.8039,148.0,96.9,0.523
59.86,31782.9,34623.5,-1.0908,-0.9256,148.0,96.9,0.523
59.88,31851.4,34564.7,-0.749,-1.0702,148.0,96.9,0.523
59.9,31836.6,34553.7,-0.8224,-1.0973,148.0,96.9,0.523
59.92,31768.5,34468.7,-1.1627,-1.3063,148.0,96.9,0.523
59.94,31775.2,34480.7,-1.1293,-1.2769,148.0,96.9,0.523
59.96,31914.0,34737.2,-0.436,-0.6461,148.0,96.9,0.523
59.98,31959.4,34889.1,-0.209,-0.2726,148.0,96.9,0.523
60.0,32142.4,35325.4,0.7047,0.8005,148.0,96.9,0.523
60.02,32312.3,35629.1,1.5535,1.5473,148.0,96.9,0.523
60.04,32450.4,35788.8,2.2432,1.9399,148.0,96.9,0.523
60.06,32352.1,35670.4,1.7522,1.649,148.0,96.9,0.523
60.08,32322.7,35453.3,1.6056,1.1149,148.0,96.9,0.523
60.1,32193.8,35280.3,0.9616,0.6896,148.0,96.9,0.523
60.12,32135.1,35139.8,0.6686,0.344,148.0,96.9,0.523
60.14,31968.4,34993.0,-0.1644,-0.017,148.0,96.9,0.523
60.16,31965.6,34992.8,-0.1783,-0.0174,148.0,96.9,0.523
60.18,31972.7,35043.8,-0.1427,0.1078,148.0,96.9,0.523
60.2,31967.7,34926.1,-0.1679,-0.1815,148.0,96.9,0.523
60.22,31934.7,34806.4,-0.3326,-0.4759,148.0,96.9,0.523
60.24,31874.2,34681.0,-0.6351,-0.7843,148.0,96.9,0.523
60.26,31888.0,34628.0,-0.5658,-0.9146,148.0,96.9,0.523
60.28,31744.2,34685.5,-1.2845,-0.7733,148.0,96.9,0.523
60.3,31850.1,34627.7,-0.7551,-0.9153,148.0,96.9,0.523
60.32,31815.3,34426.6,-0.9293,-1.4099,148.0,96.9,0.523
60.34,31737.8,34455.9,-1.3164,-1.3379,148.0,96.9,0.523
60.36,31757.1,34602.7,-1.2198,-0.9768,148.0,96.9,0.523
60.38,31954.7,34858.6,-0.2327,-0.3474,148.0,96.9,0.523
60.4,32159.3,35121.1,0.7894,0.2981,148.0,96.9,0.523
60.42,32271.2,35660.2,1.3482,1.6239,148.0,96.9,0.523
60.44,32358.4,35742.8,1.7837,1.827,148.0,96.9,0.523
60.46,32375.1,35709.1,1.8672,1.7441,148.0,96.9,0.523
60.48,32206.5,35548.9,1.025,1.3501,148.0,96.9,0.523
60.5,32098.1,35430.1,0.4836,1.058,148.0,96.9,0.523
60.52,32083.6,35196.9,0.411,0.4844,148.0,96.9,0.523
60.54,32138.8,35095.4,0.6868,0.2349,148.0,96.9,0.523
60.56,32004.5,35127.3,0.0161,0.3133,148.0,96.9,0.523
60.58,31948.0,34997.0,-0.266,-0.0073,148.0,96.9,0.523
60.6,31892.6,34887.1,-0.5431,-0.2775,148.0,96.9,0.523
60.62,31852.4,34800.7,-0.7439,-0.49,148.0,96.9,0.523
60.64,31881.5,34634.9,-0.5983,-0.8977,148.0,96.9,0.523
60.66,31763.1,34638.8,-1.19,-0.8879,148.0,96.9,0.523
60.68,31782.4,34684.7,-1.0932,-0.7751,148.0,96.9,0.523
60.7,31760.2,34622.4,-1.2044,-0.9284,148.0,96.9,0.523
60.72,31788.0,34458.7,-1.0652,-1.3308,148.0,96.9,0.523
60.74,31811.9,34510.0,-0.9462,-1.2048,148.0,96.9,0.523
60.76,31773.0,34561.4,-1.1404,-1.0784,148.0,96.9,0.523
60.78,31846.9,34808.9,-0.7713,-0.4697,148.0,96.9,0.523
60.8,32097.9,35082.0,0.4826,0.2018,148.0,96.9,0.523
60.82,32295.3,35516.7,1.4689,1.2708,148.0,96.9,0.523
60.84,32295.0,35767.0,1.4672,1.8864,148.0,96.9,0.523
60.86,32345.1,35792.6,1.7176,1.9494,148.0,96.9,0.523
60.88,32336.9,35600.0,1.6767,1.4758,148.0,96.9,0.523
60.9,32135.2,35380.6,0.6687,0.9362,148.0,96.9,0.523
60.92,32094.8,35228.7,0.4672,0.5627,148.0,96.9,0.523
60.94,32015.4,35134.3,0.0706,0.3306,148.0,96.9,0.523
60.96,32070.6,35089.9,0.346,0.2214,148.0,96.9,0.523
60.98,31964.6,35008.9,-0.1831,0.0221,148.0,96.9,0.523
61.0,31961.6,34867.1,-0.1981,-0.3265,148.0,96.9,0.523
61.02,31902.7,34783.7,-0.4923,-0.5317,148.0,96.9,0.523
61.04,31905.7,34717.3,-0.4777,-0.695,148.0,96.9,0.523
61.06,31858.8,34688.7,-0.7119,-0.7654,148.0,96.9,0.523
61.08,31740.5,34579.4,-1.3028,-1.0342,148.0,96.9,0.523
61.1,31783.4,34614.9,-1.0882,-0.9468,148.0,96.9,0.523
61.12,31762.7,34570.6,-1.1916,-1.0557,148.0,96.9,0.523
61.14,31814.0,34489.8,-0.9357,-1.2544,148.0,96.9,0.523
61.16,31744.3,34529.1,-1.2839,-1.1579,148.0,96.9,0.523
61.18,31800.2,34721.9,-1.0043,-0.6836,148.0,96.9,0.523
61.2,32115.1,35072.6,0.5687,0.1788,148.0,96.9,0.523
61.22,32212.0,35382.5,1.0524,0.9409,148.0,96.9,0.523
61.24,32306.5,35707.6,1.5244,1.7404,148.0,96.9,0.523
61.26,32457.6,35743.6,2.2794,1.8289,148.0,96.9,0.523
61.28,32335.7,35732.4,1.6703,1.8014,148.0,96.9,0.523
61.3,32124.7,35484.4,0.6164,1.1915,148.0,96.9,0.523
61.32,32139.1,35306.8,0.6885,0.7547,148.0,96.9,0.523
61.34,32117.3,35205.6,0.5793,0.5059,148.0,96.9,0.523
61.36,32013.4,35113.9,0.0607,0.2804,148.0,96.9,0.523
61.38,32028.1,34984.5,0.1341,-0.0378,148.0,96.9,0.523
61.4,32021.8,34880.0,0.1025,-0.2949,148.0,96.9,0.523
61.42,31891.9,34841.3,-0.5466,-0.39,148.0,96.9,0.523
61.44,31800.1,34738.7,-1.0048,-0.6425,148.0,96.9,0.523
61.46,31893.4,34665.4,-0.539,-0.8227,148.0,96.9,0.523
61.48,31793.7,34699.5,-1.0372,-0.7388,148.0,96.9,0.523
61.5,31786.0,34612.8,-1.0757,-0.9519,148.0,96.9,0.523
61.52,31786.8,34482.4,-1.0712,-1.2726,148.0,96.9,0.523
61.54,31743.0,34479.5,-1.2902,-1.2798,148.0,96.9,0.523
61.56,31749.5,34451.9,-1.258,-1.3476,148.0,96.9,0.523
61.58,31787.3,34635.5,-1.0689,-0.8962,148.0,96.9,0.523
61.6,31941.8,34952.6,-0.2973,-0.1164,148.0,96.9,0.523
61.62,32200.1,35340.6,0.993,0.8379,148.0,96.9,0.523
61.64,32305.0,35652.4,1.5171,1.6046,148.0,96.9,0.523
61.66,32404.4,35638.7,2.0134,1.571,148.0,96.9,0.523
61.68,32385.8,35659.6,1.9209,1.6222,148.0,96.9,0.523
61.7,32224.2,35505.6,1.1137,1.2435,148.0,96.9,0.523
61.72,32167.9,35401.2,0.8323,0.9868,148.0,96.9,0.523
61.74,32063.8,35122.0,0.3125,0.3003,148.0,96.9,0.523
61.76,32085.8,35103.1,0.4221,0.2538,148.0,96.9,0.523
61.78,32070.1,35026.2,0.3439,0.0645,148.0,96.9,0.523
61.8,32045.1,34972.0,0.2189,-0.0686,148.0,96.9,0.523
61.82,31915.9,34843.1,-0.4267,-0.3855,148.0,96.9,0.523
61.84,31870.7,34645.7,-0.6521,-0.8711,148.0,96.9,0.523
61.86,31835.2,34703.2,-0.8294,-0.7297,148.0,96.9,0.523
61.88,31827.8,34659.2,-0.8665,-0.8379,148.0,96.9,0.523
61.9,31821.9,34575.9,-0.8962,-1.0427,148.0,96.9,0.523
61.92,31747.4,34630.3,-1.268,-0.909,148.0,96.9,0.523
61.94,31768.8,34545.3,-1.1611,-1.118,148.0,96.9,0.523
61.96,31818.7,34492.1,-0.912,-1.2489,148.0,96.9,0.523
61.98,31781.0,34564.3,-1.1002,-1.0713,148.0,96.9,0.523
62.0,31943.2,34785.9,-0.2901,-0.5262,148.0,96.9,0.523
62.02,32096.8,35151.6,0.4769,0.3729,148.0,96.9,0.523
62.04,32244.1,35518.6,1.2128,1.2755,148.0,96.9,0.523
62.06,32321.5,35718.0,1.5996,1.7659,148.0,96.9,0.523
62.08,32356.1,35676.8,1.7726,1.6646,148.0,96.9,0.523
62.1,32229.1,35562.8,1.1379,1.3844,148.0,96.9,0.523
62.12,32176.8,35328.1,0.8769,0.8071,148.0,96.9,0.523
62.14,32043.0,35237.0,0.2082,0.5831,148.0,96.9,0.523
62.16,32141.2,35112.5,0.6988,0.2769,148.0,96.9,0.523
62.18,32101.9,35031.2,0.5028,0.0769,148.0,96.9,0.523
62.2,32006.8,35027.4,0.0276,0.0676,148.0,96.9,0.523
62.22,31942.6,34858.8,-0.2932,-0.3469,148.0,96.9,0.523
62.24,31883.0,34792.5,-0.591,-0.5101,148.0,96.9,0.523
62.26,31848.9,34617.4,-0.7612,-0.9407,148.0,96.9,0.523
62.28,31791.4,34719.9,-1.0486,-0.6886,148.0,96.9,0.523
62.3,31761.7,34563.0,-1.197,-1.0744,148.0,96.9,0.523
62.32,31829.2,34598.1,-0.8597,-0.9882,148.0,96.9,0.523
62.34,31768.3,34550.8,-1.1639,-1.1044,148.0,96.9,0.523
62.36,31814.0,34481.8,-0.9356,-1.2742,148.0,96.9,0.523
62.38,31805.8,34480.0,-0.9764,-1.2786,148.0,96.9,0.523
62.4,31907.9,34727.9,-0.4667,-0.669,148.0,96.9,0.523
62.42,31994.5,35091.6,-0.0337,0.2256,148.0,96.9,0.523
62.44,32201.8,35419.4,1.0018,1.0315,148.0,96.9,0.523
62.46,32458.0,35687.8,2.2816,1.6916,148.0,96.9,0.523
62.48,32352.3,35789.8,1.7534,1.9425,148.0,96.9,0.523
62.5,32216.9,35663.0,1.0771,1.6306,148.0,96.9,0.523
62.52,32118.0,35551.0,0.5831,1.3554,148.0,96.9,0.523
62.54,32132.0,35239.5,0.6531,0.5892,148.0,96.9,0.523
62.56,32070.3,35144.5,0.3448,0.3556,148.0,96.9,0.523
62.58,31963.7,35113.5,-0.1877,0.2792,148.0,96.9,0.523
62.6,31964.5,35033.0,-0.1837,0.0813,148.0,96.9,0.523
62.62,32043.1,34977.6,0.2089,-0.0548,148.0,96.9,0.523
62.64,31919.4,34767.4,-0.4091,-0.5718,148.0,96.9,0.523
62.66,31910.5,34632.6,-0.4533,-0.9032,148.0,96.9,0.523
62.68,31786.6,34717.7,-1.0722,-0.6941,148.0,96.9,0.523
62.7,31734.2,34643.2,-1.3341,-0.8773,148.0,96.9,0.523
62.72,31851.9,34641.9,-0.7464,-0.8804,148.0,96.9,0.523
62.74,31770.7,34412.7,-1.1517,-1.444,148.0,96.9,0.523
62.76,31682.5,34451.7,-1.5924,-1.3482,148.0,96.9,0.523
62.78,31720.0,34519.5,-1.4051,-1.1814,148.0,96.9,0.523
62.8,31837.2,34731.4,-0.8196,-0.6603,148.0,96.9,0.523
62.82,32013.8,34959.9,0.0624,-0.0983,148.0,96.9,0.523
62.84,32140.3,35348.4,0.6943,0.857,148.0,96.9,0.523
62.86,32347.0,35646.5,1.7271,1.59,148.0,96.9,0.523
62.88,32336.9,35779.1,1.6762,1.9163,148.0,96.9,0.523
62.9,32322.3,35673.8,1.6038,1.6573,148.0,96.9,0.523
62.92,32286.3,35429.7,1.4235,1.0569,148.0,96.9,0.523
62.94,32100.1,35290.8,0.4934,0.7154,148.0,96.9,0.523
62.96,32030.2,35203.7,0.1444,0.5011,148.0,96.9,0.523
62.98,32021.7,35101.5,0.102,0.2497,148.0,96.9,0.523
63.0,32022.7,35033.2,0.1072,0.0819,148.0,96.9,0.523
63.02,31942.7,34962.3,-0.2927,-0.0925,148.0,96.9,0.523
63.04,31896.6,34785.9,-0.5232,-0.5262,148.0,96.9,0.523
63.06,31919.8,34707.3,-0.4069,-0.7197,148.0,96.9,0.523
63.08,31723.7,34694.5,-1.3867,-0.7509,148.0,96.9,0.523
63.1,31853.5,34645.6,-0.7383,-0.8712,148.0,96.9,0.523
63.12,31844.5,34579.6,-0.7834,-1.0335,148.0,96.9,0.523
63.14,31781.5,34570.7,-1.0978,-1.0556,148.0,96.9,0.523
63.16,31719.6,34407.1,-1.4071,-1.4577,148.0,96.9,0.523
63.18,31810.2,34489.1,-0.9547,-1.2562,148.0,96.9,0.523
63.2,31877.1,34602.7,-0.6204,-0.9769,148.0,96.9,0.523
63.22,31911.8,34906.5,-0.4468,-0.2296,148.0,96.9,0.523
63.24,32197.7,35307.5,0.9809,0.7563,148.0,96.9,0.523
63.26,32291.9,35619.2,1.4519,1.5229,148.0,96.9,0.523
63.28,32414.1,35658.0,2.0621,1.6184,148.0,96.9,0.523
63.3,32360.6,35743.2,1.7947,1.8279,148.0,96.9,0.523
63.32,32189.1,35522.7,0.9379,1.2856,148.0,96.9,0.523
63.34,32090.8,35330.1,0.4473,0.812,148.0,96.9,0.523
63.36,32186.1,35268.6,0.9231,0.6608,148.0,96.9,0.523
63.38,32167.4,35091.5,0.8297,0.2252,148.0,96.9,0.523
63.4,31938.8,35016.0,-0.3123,0.0394,148.0,96.9,0.523
63.42,31985.7,34995.6,-0.0779,-0.0105,148.0,96.9,0.523
63.44,31956.2,34845.0,-0.2253,-0.3809,148.0,96.9,0.523
63.46,31856.0,34786.2,-0.7256,-0.5255,148.0,96.9,0.523
63.48,31824.4,34734.3,-0.8835,-0.6531,148.0,96.9,0.523
63.5,31821.1,34717.6,-0.9003,-0.6942,148.0,96.9,0.523
63.52,31858.7,34697.6,-0.7121,-0.7434,148.0,96.9,0.523
63.54,31788.4,34542.0,-1.0635,-1.1262,148.0,96.9,0.523
63.56,31757.4,34417.2,-1.2184,-1.4331,148.0,96.9,0.523
63.58,31691.4,34467.3,-1.5479,-1.3098,148.0,96.9,0.523
63.6,31780.4,34534.7,-1.1031,-1.1442,148.0,96.9,0.523
63.62,31944.6,34827.9,-0.2834,-0.4231,148.0,96.9,0.523
63.64,32036.7,35210.0,0.177,0.5167,148.0,96.9,0.523
63.66,32275.9,35565.1,1.3716,1.3899,148.0,96.9,0.523
63.68,32313.5,35700.0,1.5595,1.7217,148.0,96.9,0.523
63.7,32289.4,35737.0,1.4393,1.8127,148.0,96.9,0.523
63.72,32282.9,35544.0,1.407,1.338,148.0,96.9,0.523
63.74,32182.6,35337.3,0.9056,0.8297,148.0,96.9,0.523
63.76,32179.6,35175.7,0.8905,0.4323,148.0,96.9,0.523
63.78,32074.5,35125.2,0.3658,0.308,148.0,96.9,0.523
63.8,32011.4,35017.6,0.0507,0.0435,148.0,96.9,0.523
63.82,32021.6,35030.1,0.1015,0.0743,148.0,96.9,0.523
63.84,31941.2,34939.0,-0.3,-0.1499,148.0,96.9,0.523
63.86,31900.5,34784.9,-0.5034,-0.5286,148.0,96.9,0.523
63.88,32014.0,34672.1,0.0637,-0.8062,148.0,96.9,0.523
63.9,31793.9,34618.2,-1.0362,-0.9388,148.0,96.9,0.523
63.92,31882.4,34690.8,-0.5939,-0.7602,148.0,96.9,0.523
63.94,31816.9,34556.3,-0.9212,-1.0909,148.0,96.9,0.523
63.96,31717.8,34539.1,-1.416,-1.1333,148.0,96.9,0.523
63.98,31807.5,34541.8,-0.9679,-1.1267,148.0,96.9,0.523
64.0,31721.9,34482.8,-1.3956,-1.2717,148.0,96.9,0.523
64.02,31868.1,34693.1,-0.6655,-0.7546,148.0,96.9,0.523
64.04,32119.8,34980.1,0.5921,-0.0487,148.0,96.9,0.523
64.06,32222.8,35460.0,1.1064,1.1315,148.0,96.9,0.523
64.08,32340.9,35656.9,1.6966,1.6158,148.0,96.9,0.523
64.1,32283.5,35683.5,1.4098,1.681,148.0,96.9,0.523
64.12,32254.6,35637.3,1.2654,1.5676,148.0,96.9,0.523
64.14,32223.6,35422.3,1.1106,1.0387,148.0,96.9,0.523
64.16,32152.3,35293.8,0.7543,0.7228,148.0,96.9,0.523
64.18,32106.0,35212.5,0.5232,0.5229,148.0,96.9,0.523
64.2,32022.6,35109.8,0.1066,0.2703,148.0,96.9,0.523
64.22,31988.3,35007.5,-0.065,0.0187,148.0,96.9,0.523
64.24,32024.3,34998.1,0.115,-0.0045,148.0,96.9,0.523
64.26,31893.8,34781.0,-0.5368,-0.5383,148.0,96.9,0.523
64.28,31881.7,34768.6,-0.5976,-0.5688,148.0,96.9,0.523
64.3,31783.3,34667.0,-1.0887,-0.8187,148.0,96.9,0.523
64.32,31868.9,34626.9,-0.6614,-0.9173,148.0,96.9,0.523
64.34,31835.1,34640.3,-0.8303,-0.8843,148.0,96.9,0.523
64.36,31798.4,34568.6,-1.0136,-1.0608,148.0,96.9,0.523
64.38,31846.4,34443.7,-0.7735,-1.3677,148.0,96.9,0.523
64.4,31746.3,34598.6,-1.2735,-0.9868,148.0,96.9,0.523
64.42,31807.1,34661.4,-0.9699,-0.8325,148.0,96.9,0.523
64.44,32026.6,34992.5,0.1264,-0.0182,148.0,96.9,0.523
64.46,32138.6,35387.3,0.686,0.9527,148.0,96.9,0.523
64.48,32371.6,35652.3,1.8499,1.6044,148.0,96.9,0.523
64.5,32419.2,35746.7,2.0875,1.8365,148.0,96.9,0.523
64.52,32218.8,35680.4,1.0866,1.6735,148.0,96.9,0.523
64.54,32116.6,35428.4,0.5758,1.0538,148.0,96.9,0.523
64.56,32155.8,35217.7,0.7718,0.5356,148.0,96.9,0.523
64.58,32180.8,35125.0,0.8965,0.3076,148.0,96.9,0.523
64.6,32037.1,35076.9,0.1787,0.1892,148.0,96.9,0.523
64.62,31989.0,35019.4,-0.0615,0.0479,148.0,96.9,0.523
64.64,31988.3,35047.4,-0.0651,0.1167,148.0,96.9,0.523
64.66,31922.5,34883.2,-0.3937,-0.2871,148.0,96.9,0.523
64.68,31901.2,34796.2,-0.5001,-0.5009,148.0,96.9,0.523
64.7,31918.7,34710.6,-0.4126,-0.7116,148.0,96.9,0.523
64.72,31794.5,34594.2,-1.0331,-0.9978,148.0,96.9,0.523
64.74,31770.2,34609.8,-1.1541,-0.9593,148.0,96.9,0.523
64.76,31860.5,34580.2,-0.703,-1.032,148.0,96.9,0.523
64.78,31701.0,34517.1,-1.5,-1.1872,148.0,96.9,0.523
64.8,31733.9,34475.6,-1.3356,-1.2895,148.0,96.9,0.523
64.82,31762.4,34547.4,-1.1935,-1.1129,148.0,96.9,0.523
64.84,31978.6,34848.7,-0.1132,-0.3718,148.0,96.9,0.523
64.86,32118.9,35247.1,0.5877,0.6078,148.0,96.9,0.523
64.88,32265.7,35617.9,1.321,1.5197,148.0,96.9,0.523
64.9,32386.7,35777.3,1.9252,1.9119,148.0,96.9,0.523
64.92,32313.2,35751.3,1.5583,1.8477,148.0,96.9,0.523
64.94,32124.8,35522.0,0.617,1.284,148.0,96.9,0.523
64.96,32096.9,35408.2,0.4778,1.0041,148.0,96.9,0.523
64.98,32070.3,35166.7,0.3448,0.4101,148.0,96.9,0.523
65.0,32072.2,35088.9,0.3544,0.2189,148.0,96.9,0.523
65.02,31986.6,34994.5,-0.0734,-0.0133,148.0,96.9,0.523
65.04,32000.2,34989.4,-0.0056,-0.0258,148.0,96.9,0.523
65.06,31888.3,34997.0,-0.5646,-0.0073,148.0,96.9,0.523
65.08,31819.2,34795.2,-0.9097,-0.5034,148.0,96.9,0.523
65.1,31846.5,34731.6,-0.7734,-0.6597,148.0,96.9,0.523
65.12,31749.5,34678.4,-1.2576,-0.7907,148.0,96.9,0.523
65.14,31796.5,34721.5,-1.0232,-0.6847,148.0,96.9,0.523
65.16,31847.8,34601.9,-0.7669,-0.9788,148.0,96.9,0.523
65.18,31722.2,34444.8,-1.3941,-1.365,148.0,96.9,0.523
65.2,31709.5,34436.7,-1.4573,-1.3852,148.0,96.9,0.523
65.22,31757.8,34491.9,-1.2163,-1.2492,148.0,96.9,0.523
65.24,31809.4,34809.1,-0.9583,-0.4692,148.0,96.9,0.523
65.26,32026.2,35228.7,0.1243,0.5626,148.0,96.9,0.523
65.28,32299.3,35518.7,1.4888,1.2758,148.0,96.9,0.523
65.3,32285.3,35808.0,1.4187,1.9872,148.0,96.9,0.523
65.32,32384.3,35839.0,1.9132,2.0634,148.0,96.9,0.523
65.34,32284.9,35565.7,1.4168,1.3914,148.0,96.9,0.523
65.36,32109.5,35332.0,0.5406,0.8168,148.0,96.9,0.523
65.38,32085.7,35122.4,0.4216,0.3012,148.0,96.9,0.523
65.4,32086.0,35209.8,0.4233,0.5162,148.0,96.9,0.523
65.42,32003.5,35062.7,0.011,0.1544,148.0,96.9,0.523
65.44,32082.3,34993.3,0.4045,-0.0162,148.0,96.9,0.523
65.46,31878.1,34933.6,-0.6154,-0.163,148.0,96.9,0.523
65.48,31823.8,34771.1,-0.8868,-0.5626,148.0,96.9,0.523
65.5,31878.2,34700.8,-0.6147,-0.7357,148.0,96.9,0.523
65.52,31840.0,34680.8,-0.8055,-0.7847,148.0,96.9,0.523
65.54,31843.8,34593.5,-0.7868,-0.9996,148.0,96.9,0.523
65.56,31824.0,34633.4,-0.8856,-0.9014,148.0,96.9,0.523
65.58,31728.8,34519.4,-1.3609,-1.1816,148.0,96.9,0.523
65.6,31756.4,34517.2,-1.2234,-1.187,148.0,96.9,0.523
65.62,31773.8,34476.1,-1.1362,-1.2883,148.0,96.9,0.523
65.64,31802.1,34687.0,-0.9951,-0.7696,148.0,96.9,0.523
65.66,32025.7,35009.1,0.1218,0.0226,148.0,96.9,0.523
65.68,32176.2,35428.0,0.8739,1.0527,148.0,96.9,0.523
65.7,32321.6,35735.0,1.5999,1.8077,148.0,96.9,0.523
65.72,32363.7,35789.3,1.8105,1.9413,148.0,96.9,0.523
65.74,32335.4,35615.1,1.669,1.5129,148.0,96.9,0.523
65.76,32265.3,35461.2,1.3188,1.1343,148.0,96.9,0.523
65.78,32197.5,35205.3,0.9801,0.5052,148.0,96.9,0.523
65.8,32116.9,35065.1,0.5774,0.1602,148.0,96.9,0.523
65.82,32012.5,35098.8,0.0562,0.2431,148.0,96.9,0.523
65.84,32113.8,35045.2,0.5621,0.1114,148.0,96.9,0.523
65.86,32002.6,34859.1,0.0068,-0.3462,148.0,96.9,0.523
65.88,31872.2,34802.5,-0.645,-0.4854,148.0,96.9,0.523
65.9,31764.6,34696.1,-1.1823,-0.7472,148.0,96.9,0.523
65.92,31883.3,34709.7,-0.5893,-0.7137,148.0,96.9,0.523
65.94,31790.6,34660.0,-1.0526,-0.8359,148.0,96.9,0.523
65.96,31821.7,34563.7,-0.8972,-1.0729,148.0,96.9,0.523
65.98,31786.0,34485.7,-1.0754,-1.2645,148.0,96.9,0.523
66.0,31754.9,34493.7,-1.231,-1.245,148.0,96.9,0.523
66.02,31769.3,34440.5,-1.1591,-1.3758,148.0,96.9,0.523
66.04,31705.1,34674.5,-1.4794,-0.8004,148.0,96.9,0.523
66.06,32006.2,35050.0,0.0243,0.1232,148.0,96.9,0.523
66.08,32118.2,35308.4,0.5838,0.7586,148.0,96.9,0.523
66.1,32282.0,35699.6,1.4021,1.7206,148.0,96.9,0.523
66.12,32271.6,35648.4,1.3502,1.5949,148.0,96.9,0.523
66.14,32272.0,35675.7,1.3522,1.6618,148.0,96.9,0.523
66.16,32368.7,35494.2,1.8353,1.2156,148.0,96.9,0.523
66.18,32100.1,35207.6,0.4935,0.5107,148.0,96.9,0.523
66.2,32123.4,35166.1,0.61,0.4086,148.0,96.9,0.523
66.22,32092.9,35066.7,0.4574,0.1642,148.0,96.9,0.523
66.24,32066.3,34976.9,0.3246,-0.0566,148.0,96.9,0.523
66.26,32038.8,34987.9,0.1875,-0.0295,148.0,96.9,0.523
66.28,31866.7,34762.9,-0.6724,-0.5828,148.0,96.9,0.523
66.3,31894.2,34793.4,-0.5349,-0.5078,148.0,96.9,0.523
66.32,31795.9,34741.2,-1.026,-0.6363,148.0,96.9,0.523
66.34,31862.1,34627.5,-0.6951,-0.9157,148.0,96.9,0.523
66.36,31810.7,34666.8,-0.9522,-0.8192,148.0,96.9,0.523
66.38,31791.0,34525.7,-1.0503,-1.1663,148.0,96.9,0.523
66.4,31789.6,34501.9,-1.0575,-1.2248,148.0,96.9,0.523
66.42,31740.7,34420.0,-1.3018,-1.4262,148.0,96.9,0.523
66.44,31791.2,34537.0,-1.0496,-1.1384,148.0,96.9,0.523
66.46,31980.7,34927.1,-0.1026,-0.1791,148.0,96.9,0.523
66.48,31970.5,35263.1,-0.1539,0.6473,148.0,96.9,0.523
66.5,32231.6,35544.7,1.1507,1.3398,148.0,96.9,0.523
66.52,32411.9,35710.8,2.0509,1.7482,148.0,96.9,0.523
66.54,32410.0,35705.5,2.0416,1.7352,148.0,96.9,0.523
66.56,32262.6,35563.9,1.3051,1.387,148.0,96.9,0.523
66.58,32154.5,35315.6,0.7655,0.7764,148.0,96.9,0.523
66.6,32083.3,35253.6,0.4096,0.624,148.0,96.9,0.523
66.62,32021.4,35121.1,0.1006,0.2981,148.0,96.9,0.523
66.64,31995.1,35116.6,-0.031,0.2871,148.0,96.9,0.523
66.66,32012.0,35067.7,0.0537,0.1668,148.0,96.9,0.523
66.68,31863.9,34854.8,-0.6862,-0.3569,148.0,96.9,0.523
66.7,31932.3,34764.9,-0.3444,-0.578,148.0,96.9,0.523
66.72,31907.5,34707.2,-0.4687,-0.7199,148.0,96.9,0.523
66.74,31874.9,34576.1,-0.6311,-1.0423,148.0,96.9,0.523
66.76,31871.2,34597.9,-0.65,-0.9887,148.0,96.9,0.523
66.78,31706.5,34568.2,-1.4726,-1.0618,148.0,96.9,0.523
66.8,31787.0,34516.3,-1.0704,-1.1893,148.0,96.9,0.523
66.82,31775.5,34565.3,-1.1278,-1.0688,148.0,96.9,0.523
66.84,31739.9,34545.1,-1.3055,-1.1184,148.0,96.9,0.523
66.86,31889.8,34707.8,-0.557,-0.7183,148.0,96.9,0.523
66.88,32037.6,35088.8,0.1813,0.2186,148.0,96.9,0.523
66.9,32247.1,35495.6,1.2277,1.219,148.0,96.9,0.523
66.92,32353.5,35672.2,1.7594,1.6532,148.0,96.9,0.523
66.94,32396.5,35771.5,1.974,1.8976,148.0,96.9,0.523
66.96,32236.8,35530.2,1.1766,1.3041,148.0,96.9,0.523
66.98,32129.5,35325.1,0.6403,0.7997,148.0,96.9,0.523
67.0,32099.5,35247.8,0.4908,0.6097,148.0,96.9,0.523
67.02,32087.8,35156.0,0.4323,0.3839,148.0,96.9,0.523
67.04,31974.4,35033.9,-0.1343,0.0837,148.0,96.9,0.523
67.06,32008.9,35019.9,0.0383,0.0491,148.0,96.9,0.523
67.08,32037.7,34922.1,0.1817,-0.1913,148.0,96.9,0.523
67.1,31868.0,34745.1,-0.666,-0.6267,148.0,96.9,0.523
67.12,31831.8,34675.2,-0.8466,-0.7985,148.0,96.9,0.523
67.14,31844.8,34706.7,-0.7815,-0.7211,148.0,96.9,0.523
67.16,31777.6,34647.5,-1.1175,-0.8667,148.0,96.9,0.523
67.18,31853.0,34621.4,-0.7408,-0.9309,148.0,96.9,0.523
67.2,31764.8,34448.8,-1.1811,-1.3552,148.0,96.9,0.523
67.22,31744.8,34453.8,-1.2815,-1.3429,148.0,96.9,0.523
67.24,31720.8,34543.5,-1.4011,-1.1224,148.0,96.9,0.523
67.26,31826.2,34602.1,-0.8747,-0.9782,148.0,96.9,0.523
67.28,32083.0,35017.2,0.4084,0.0425,148.0,96.9,0.523
67.3,32206.7,35345.9,1.0262,0.8509,148.0,96.9,0.523
67.32,32337.3,35663.0,1.6786,1.6307,148.0,96.9,0.523
67.34,32371.3,35778.5,1.8483,1.9147,148.0,96.9,0.523
67.36,32289.3,35560.7,1.4385,1.3792,148.0,96.9,0.523
67.38,32158.2,35425.7,0.7838,1.0471,148.0,96.9,0.523
67.4,32134.8,35245.9,0.6669,0.605,148.0,96.9,0.523
67.42,32040.7,35116.7,0.1971,0.2872,148.0,96.9,0.523
67.44,32026.2,35144.3,0.1245,0.3551,148.0,96.9,0.523
67.46,32067.3,35048.3,0.3296,0.119,148.0,96.9,0.523
67.48,31904.9,34985.9,-0.4813,-0.0344,148.0,96.9,0.523
67.5,31906.3,34831.2,-0.4743,-0.4149,148.0,96.9,0.523
67.52,31877.3,34760.2,-0.6194,-0.5896,148.0,96.9,0.523
67.54,31889.7,34652.0,-0.5576,-0.8555,148.0,96.9,0.523
67.56,31848.5,34594.3,-0.7634,-0.9974,148.0,96.9,0.523
67.58,31840.3,34653.1,-0.8041,-0.8528,148.0,96.9,0.523
67.6,31794.2,34603.3,-1.0347,-0.9754,148.0,96.9,0.523
67.62,31782.4,34473.9,-1.0936,-1.2935,148.0,96.9,0.523
67.64,31711.3,34464.0,-1.4488,-1.318,148.0,96.9,0.523
67.66,31885.6,34679.0,-0.5781,-0.7891,148.0,96.9,0.523
67.68,31990.9,34904.7,-0.0518,-0.234,148.0,96.9,0.523
67.7,32196.7,35297.1,0.9763,0.7307,148.0,96.9,0.523
67.72,32297.2,35650.7,1.478,1.6003,148.0,96.9,0.523
67.74,32459.8,35752.9,2.2905,1.8519,148.0,96.9,0.523
67.76,32327.7,35738.2,1.6306,1.8156,148.0,96.9,0.523
67.78,32269.6,35599.0,1.3402,1.4732,148.0,96.9,0.523
67.8,32139.4,35337.2,0.69,0.8294,148.0,96.9,0.523
67.82,32084.5,35223.1,0.4155,0.5488,148.0,96.9,0.523
67.84,32057.9,35140.3,0.2827,0.3452,148.0,96.9,0.523
67.86,31972.4,35028.8,-0.1441,0.0711,148.0,96.9,0.523
67.88,31951.4,34928.8,-0.249,-0.1749,148.0,96.9,0.523
67.9,31939.4,34860.4,-0.309,-0.3432,148.0,96.9,0.523
67.92,31909.4,34748.6,-0.459,-0.6181,148.0,96.9,0.523
67.94,31888.7,34592.1,-0.5625,-1.0028,148.0,96.9,0.523
67.96,31903.0,34716.3,-0.4909,-0.6975,148.0,96.9,0.523
67.98,31853.7,34523.2,-0.7373,-1.1723,148.0,96.9,0.523
68.0,31749.6,34600.7,-1.2571,-0.9816,148.0,96.9,0.523
68.02,31737.9,34566.5,-1.3155,-1.0658,148.0,96.9,0.523
68.04,31800.8,34513.8,-1.0017,-1.1955,148.0,96.9,0.523
68.06,31802.4,34600.8,-0.9936,-0.9816,148.0,96.9,0.523
68.08,31848.1,34780.2,-0.7653,-0.5404,148.0,96.9,0.523
68.1,32060.3,35248.8,0.2946,0.6121,148.0,96.9,0.523
68.12,32333.3,35568.1,1.6585,1.3973,148.0,96.9,0.523
68.14,32398.8,35754.9,1.9858,1.8568,148.0,96.9,0.523
68.16,32314.5,35693.4,1.5646,1.7054,148.0,96.9,0.523
68.18,32247.2,35567.3,1.2286,1.3954,148.0,96.9,0.523
68.2,32198.2,35391.3,0.9834,0.9625,148.0,96.9,0.523
68.22,32111.9,35256.9,0.5527,0.6319,148.0,96.9,0.523
68.24,31966.1,35096.8,-0.1759,0.2382,148.0,96.9,0.523
68.26,31970.1,35060.3,-0.156,0.1486,148.0,96.9,0.523
68.28,32034.5,34940.1,0.1661,-0.147,148.0,96.9,0.523
68.3,31922.7,34884.0,-0.3926,-0.285,148.0,96.9,0.523
68.32,31837.6,34799.0,-0.8178,-0.4941,148.0,96.9,0.523
68.34,31732.1,34758.9,-1.3444,-0.5926,148.0,96.9,0.523
68.36,31854.1,34654.2,-0.7354,-0.8502,148.0,96.9,0.523
68.38,31820.5,34573.6,-0.903,-1.0483,148.0,96.9,0.523
68.4,31804.9,34584.3,-0.9811,-1.0221,148.0,96.9,0.523
68.42,31720.0,34531.9,-1.4051,-1.151,148.0,96.9,0.523
68.44,31825.3,34372.3,-0.8791,-1.5433,148.0,96.9,0.523
68.46,31720.9,34416.1,-1.4007,-1.4358,148.0,96.9,0.523
68.48,31878.6,34748.5,-0.6129,-0.6182,148.0,96.9,0.523
68.5,32039.3,35080.8,0.19,0.199,148.0,96.9,0.523
68.52,32283.1,35424.3,1.4076,1.0438,148.0,96.9,0.523
68.54,32370.2,35783.4,1.8426,1.9268,148.0,96.9,0.523
68.56,32345.5,35658.7,1.7196,1.62,148.0,96.9,0.523
68.58,32276.3,35597.6,1.3737,1.4699,148.0,96.9,0.523
68.6,32231.5,35294.8,1.15,0.7253,148.0,96.9,0.523
68.62,32127.3,35232.7,0.6296,0.5726,148.0,96.9,0.523
68.64,32129.8,35116.8,0.642,0.2874,148.0,96.9,0.523
68.66,31978.8,35077.4,-0.1126,0.1906,148.0,96.9,0.523
68.68,31989.1,34950.2,-0.0611,-0.1222,148.0,96.9,0.523
68.7,31964.6,34928.2,-0.1833,-0.1764,148.0,96.9,0.523
68.72,31855.4,34797.7,-0.7289,-0.4972,148.0,96.9,0.523
68.74,31815.3,34723.7,-0.9289,-0.6792,148.0,96.9,0.523
68.76,31787.4,34573.6,-1.0682,-1.0483,148.0,96.9,0.523
68.78,31829.0,34620.9,-0.8606,-0.932,148.0,96.9,0.523
68.8,31885.2,34667.5,-0.5799,-0.8175,148.0,96.9,0.523
68.82,31812.7,34571.1,-0.942,-1.0546,148.0,96.9,0.523
68.84,31778.8,34412.1,-1.1112,-1.4455,148.0,96.9,0.523
68.86,31799.7,34607.2,-1.0069,-0.9658,148.0,96.9,0.523
68.88,31810.4,34605.3,-0.9537,-0.9704,148.0,96.9,0.523
68.9,32075.0,34995.2,0.368,-0.0116,148.0,96.9,0.523
68.92,32171.0,35351.8,0.8476,0.8655,148.0,96.9,0.523
68.94,32319.9,35718.9,1.5917,1.7682,148.0,96.9,0.523
68.96,32325.4,35761.7,1.6191,1.8734,148.0,96.9,0.523
68.98,32361.0,35659.5,1.7966,1.622,148.0,96.9,0.523
69.0,32200.8,35466.5,0.9964,1.1475,148.0,96.9,0.523
69.02,32024.7,35229.5,0.1167,0.5647,148.0,96.9,0.523
69.04,32136.6,35161.7,0.676,0.3978,148.0,96.9,0.523
69.06,32189.3,35080.0,0.9391,0.1969,148.0,96.9,0.523
69.08,31978.0,35055.7,-0.1164,0.1373,148.0,96.9,0.523
69.1,31972.6,34919.6,-0.1435,-0.1975,148.0,96.9,0.523
69.12,31861.4,34820.9,-0.6986,-0.4402,148.0,96.9,0.523
69.14,31945.0,34739.9,-0.2814,-0.6395,148.0,96.9,0.523
69.16,31843.4,34676.3,-0.7887,-0.7959,148.0,96.9,0.523
69.18,31824.8,34687.0,-0.8817,-0.7696,148.0,96.9,0.523
69.2,31738.0,34681.2,-1.3152,-0.7839,148.0,96.9,0.523
69.22,31743.5,34602.4,-1.2876,-0.9775,148.0,96.9,0.523
69.24,31735.2,34484.8,-1.329,-1.2667,148.0,96.9,0.523
69.26,31656.9,34449.1,-1.7203,-1.3546,148.0,96.9,0.523
69.28,31794.6,34543.0,-1.0325,-1.1236,148.0,96.9,0.523
69.3,31922.3,34837.6,-0.3947,-0.3991,148.0,96.9,0.523
69.32,32154.3,35268.8,0.7641,0.6611,148.0,96.9,0.523
69.34,32323.4,35493.4,1.6088,1.2135,148.0,96.9,0.523
69.36,32291.7,35636.6,1.4508,1.5658,148.0,96.9,0.523
69.38,32359.1,35692.7,1.7873,1.7038,148.0,96.9,0.523
69.4,32281.3,35541.8,1.3988,1.3327,148.0,96.9,0.523
69.42,32051.5,35292.9,0.2506,0.7205,148.0,96.9,0.523
69.44,32052.8,35144.7,0.2575,0.3561,148.0,96.9,0.523
69.46,31981.3,35095.0,-0.0999,0.2337,148.0,96.9,0.523
69.48,32055.3,35126.4,0.2698,0.3112,148.0,96.9,0.523
69.5,32025.7,34943.5,0.122,-0.1387,148.0,96.9,0.523
69.52,31967.2,34809.0,-0.1705,-0.4694,148.0,96.9,0.523
69.54,31854.5,34791.4,-0.7334,-0.5128,148.0,96.9,0.523
69.56,31878.2,34655.6,-0.6149,-0.8468,148.0,96.9,0.523
69.58,31772.3,34638.6,-1.1437,-0.8885,148.0,96.9,0.523
69.6,31786.6,34712.7,-1.0723,-0.7062,148.0,96.9,0.523
69.62,31807.2,34560.4,-0.9695,-1.0808,148.0,96.9,0.523
69.64,31816.3,34547.9,-0.9242,-1.1115,148.0,96.9,0.523
69.66,31717.8,34385.4,-1.4162,-1.5112,148.0,96.9,0.523
69.68,31852.7,34532.7,-0.7422,-1.149,148.0,96.9,0.523
69.7,31937.8,34786.7,-0.3173,-0.5243,148.0,96.9,0.523
69.72,32042.6,35157.7,0.2066,0.3879,148.0,96.9,0.523
69.74,32233.4,35524.3,1.1593,1.2896,148.0,96.9,0.523
69.76,32389.6,35699.5,1.9395,1.7205,148.0,96.9,0.523
69.78,32374.1,35799.4,1.8621,1.9661,148.0,96.9,0.523
69.8,32282.8,35559.5,1.406,1.3761,148.0,96.9,0.523
69.82,32118.4,35292.1,0.5851,0.7187,148.0,96.9,0.523
69.84,32023.0,35203.9,0.1086,0.5017,148.0,96.9,0.523
69.86,32019.2,35164.5,0.0895,0.4048,148.0,96.9,0.523
69.88,31994.0,35181.6,-0.0363,0.4467,148.0,96.9,0.523
69.9,32071.3,35003.7,0.3496,0.0094,148.0,96.9,0.523
69.92,31982.5,34949.1,-0.0939,-0.125,148.0,96.9,0.523
69.94,31909.7,34769.3,-0.4577,-0.567,148.0,96.9,0.523
69.96,31885.5,34737.8,-0.5784,-0.6445,148.0,96.9,0.523
69.98,31899.1,34640.8,-0.5104,-0.8832,148.0,96.9,0.523
70.0,31831.6,34605.4,-0.8475,-0.9702,148.0,96.9,0.523
70.02,31827.8,34616.0,-0.8667,-0.944,148.0,96.9,0.523
70.04,31746.3,34546.8,-1.2738,-1.1142,148.0,96.9,0.523
70.06,31865.1,34429.7,-0.6801,-1.4023,148.0,96.9,0.523
70.08,31752.7,34393.6,-1.2419,-1.4909,148.0,96.9,0.523
70.1,31818.0,34788.7,-0.9156,-0.5193,148.0,96.9,0.523
70.12,31980.5,35055.0,-0.1036,0.1354,148.0,96.9,0.523
70.14,32201.8,35487.1,1.0014,1.1982,148.0,96.9,0.523
70.16,32353.5,35717.8,1.7595,1.7654,148.0,96.9,0.523
70.18,32401.3,35762.9,1.9982,1.8763,148.0,96.9,0.523
70.2,32350.5,35613.4,1.7443,1.5086,148.0,96.9,0.523
70.22,32121.7,35447.3,0.6015,1.1002,148.0,96.9,0.523
70.24,32091.9,35267.1,0.4524,0.6571,148.0,96.9,0.523
70.26,32072.9,35076.9,0.358,0.1893,148.0,96.9,0.523
70.28,32091.2,35142.2,0.4493,0.3499,148.0,96.9,0.523
70.3,31974.3,35046.5,-0.1349,0.1147,148.0,96.9,0.523
70.32,32037.5,34883.2,0.1809,-0.287,148.0,96.9,0.523
70.34,32006.3,34668.6,0.025,-0.8147,148.0,96.9,0.523
70.36,31933.4,34743.8,-0.339,-0.6298,148.0,96.9,0.523
70.38,31812.4,34711.6,-0.9434,-0.7089,148.0,96.9,0.523
70.4,31776.9,34803.1,-1.1209,-0.4841,148.0,96.9,0.523
70.42,31910.0,34486.8,-0.456,-1.2618,148.0,96.9,0.523
70.44,31783.3,34631.3,-1.0888,-0.9066,148.0,96.9,0.523
70.46,31779.0,34485.6,-1.1101,-1.2649,148.0,96.9,0.523
70.48,31754.0,34481.0,-1.2351,-1.2761,148.0,96.9,0.523
70.5,31809.0,34643.0,-0.9606,-0.8777,148.0,96.9,0.523
70.52,32038.9,34905.0,0.1879,-0.2334,148.0,96.9,0.523
70.54,32106.7,35323.5,0.5265,0.7958,148.0,96.9,0.523
70.56,32366.6,35570.1,1.825,1.4022,148.0,96.9,0.523
70.58,32403.7,35752.5,2.0103,1.8509,148.0,96.9,0.523
70.6,32278.6,35683.1,1.3854,1.6801,148.0,96.9,0.523
70.62,32193.7,35524.2,0.9612,1.2893,148.0,96.9,0.523
70.64,32121.3,35436.7,0.5997,1.0741,148.0,96.9,0.523
70.66,32050.6,35135.1,0.2464,0.3324,148.0,96.9,0.523
70.68,32093.8,35116.1,0.462,0.2858,148.0,96.9,0.523
70.7,32009.0,35028.7,0.0386,0.0708,148.0,96.9,0.523
70.72,31908.0,34930.3,-0.4662,-0.1713,148.0,96.9,0.523
70.74,31923.4,34875.5,-0.3888,-0.306,148.0,96.9,0.523
70.76,31859.3,34709.0,-0.7092,-0.7155,148.0,96.9,0.523
70.78,31937.5,34659.4,-0.3187,-0.8373,148.0,96.9,0.523
70.8,31797.4,34762.4,-1.0185,-0.5842,148.0,96.9,0.523
70.82,31862.4,34625.3,-0.694,-0.9212,148.0,96.9,0.523
70.84,31738.6,34583.0,-1.3121,-1.0253,148.0,96.9,0.523
70.86,31703.5,34469.3,-1.4875,-1.3049,148.0,96.9,0.523
70.88,31780.1,34467.7,-1.1049,-1.3089,148.0,96.9,0.523
70.9,31790.4,34505.1,-1.0534,-1.2169,148.0,96.9,0.523
70.92,31921.0,34843.0,-0.4013,-0.3859,148.0,96.9,0.523
70.94,32145.2,35254.6,0.7187,0.6264,148.0,96.9,0.523
70.96,32259.1,35541.8,1.2877,1.3326,148.0,96.9,0.523
70.98,32403.1,35835.1,2.0072,2.0539,148.0,96.9,0.523
71.0,32321.3,35706.4,1.5986,1.7375,148.0,96.9,0.523
71.02,32251.3,35533.6,1.2488,1.3126,148.0,96.9,0.523
71.04,32175.4,35359.7,0.87,0.8849,148.0,96.9,0.523
71.06,32100.8,35208.9,0.4973,0.514,148.0,96.9,0.523
71.08,32086.6,35058.3,0.4261,0.1437,148.0,96.9,0.523
71.1,32028.5,35149.2,0.1361,0.3672,148.0,96.9,0.523
71.12,31967.8,34955.2,-0.1674,-0.11,148.0,96.9,0.523
71.14,31978.1,34901.6,-0.1159,-0.2416,148.0,96.9,0.523
71.16,31927.8,34775.1,-0.3673,-0.5529,148.0,96.9,0.523
71.18,31836.9,34717.7,-0.8213,-0.694,148.0,96.9,0.523
71.2,31730.3,34649.0,-1.3535,-0.8631,148.0,96.9,0.523
71.22,31858.7,34630.8,-0.7121,-0.9078,148.0,96.9,0.523
71.24,31872.0,34609.7,-0.6456,-0.9596,148.0,96.9,0.523
71.26,31804.6,34398.7,-0.9823,-1.4784,148.0,96.9,0.523
71.28,31712.5,34520.1,-1.4427,-1.18,148.0,96.9,0.523
71.3,31667.4,34524.5,-1.6681,-1.1691,148.0,96.9,0.523
71.32,31884.3,34743.9,-0.5843,-0.6297,148.0,96.9,0.523
71.34,32035.4,35102.8,0.1705,0.2531,148.0,96.9,0.523
71.36,32256.9,35535.7,1.277,1.3175,148.0,96.9,0.523
71.38,32464.5,35703.0,2.314,1.729,148.0,96.9,0.523
71.4,32255.0,35735.7,1.2672,1.8095,148.0,96.9,0.523
71.42,32224.2,35520.8,1.1134,1.2809,148.0,96.9,0.523
71.44,32145.4,35376.9,0.72,0.927,148.0,96.9,0.523
71.46,32176.5,35207.0,0.8754,0.5092,148.0,96.9,0.523
71.48,32040.0,35163.3,0.1932,0.4019,148.0,96.9,0.523
71.5,32106.7,35107.6,0.5267,0.2649,148.0,96.9,0.523
71.52,32023.2,35001.2,0.1097,0.0033,148.0,96.9,0.523
71.54,31946.5,34819.0,-0.2735,-0.4449,148.0,96.9,0.523
71.56,31851.8,34858.7,-0.7466,-0.3473,148.0,96.9,0.523
71.58,31893.2,34700.0,-0.5399,-0.7375,148.0,96.9,0.523
71.6,31862.3,34705.9,-0.6944,-0.7231,148.0,96.9,0.523
71.62,31785.2,34636.1,-1.0792,-0.8948,148.0,96.9,0.523
71.64,31837.4,34654.1,-0.8188,-0.8503,148.0,96.9,0.523
71.66,31768.3,34470.9,-1.164,-1.3011,148.0,96.9,0.523
71.68,31696.0,34529.5,-1.5249,-1.1568,148.0,96.9,0.523
71.7,31702.6,34465.1,-1.4921,-1.3153,148.0,96.9,0.523
71.72,31815.9,34632.7,-0.9259,-0.9031,148.0,96.9,0.523
71.74,31936.8,34990.2,-0.3219,-0.0238,148.0,96.9,0.523
71.76,32197.8,35389.7,0.9818,0.9585,148.0,96.9,0.523
71.78,32349.7,35663.5,1.7406,1.6318,148.0,96.9,0.523
71.8,32347.6,35862.5,1.7297,2.1212,148.0,96.9,0.523
71.82,32361.7,35624.4,1.8004,1.5357,148.0,96.9,0.523
71.84,32287.4,35439.4,1.4292,1.0809,148.0,96.9,0.523
71.86,32146.2,35320.4,0.7239,0.7882,148.0,96.9,0.523
71.88,32046.8,35163.1,0.2273,0.4013,148.0,96.9,0.523
71.9,32088.8,35087.2,0.4371,0.2147,148.0,96.9,0.523
71.92,32027.0,35105.3,0.1283,0.2592,148.0,96.9,0.523
71.94,31986.8,34958.6,-0.0724,-0.1017,148.0,96.9,0.523
71.96,31996.8,34881.2,-0.0224,-0.292,148.0,96.9,0.523
71.98,31811.9,34727.0,-0.9459,-0.6712,148.0,96.9,0.523
72.0,31826.1,34711.4,-0.8749,-0.7094,148.0,96.9,0.523
72.02,31846.1,34585.0,-0.7752,-1.0203,148.0,96.9,0.523
72.04,31796.0,34588.0,-1.0255,-1.0131,148.0,96.9,0.523
72.06,31839.8,34533.4,-0.8067,-1.1472,148.0,96.9,0.523
72.08,31734.4,34442.0,-1.3334,-1.3721,148.0,96.9,0.523
72.1,31667.5,34478.3,-1.6675,-1.2826,148.0,96.9,0.523
72.12,31706.4,34668.2,-1.4728,-0.8156,148.0,96.9,0.523
72.14,32062.3,34994.9,0.3046,-0.0123,148.0,96.9,0.523
72.16,32106.4,35339.5,0.5253,0.835,148.0,96.9,0.523
72.18,32274.6,35601.3,1.3651,1.4789,148.0,96.9,0.523
72.2,32317.9,35731.9,1.5818,1.8001,148.0,96.9,0.523
72.22,32307.0,35626.7,1.5272,1.5415,148.0,96.9,0.523
72.24,32290.2,35533.9,1.443,1.3131,148.0,96.9,0.523
72.26,32157.0,35367.5,0.7777,0.9041,148.0,96.9,0.523
72.28,32090.5,35180.2,0.4455,0.4434,148.0,96.9,0.523
72.3,32011.9,35118.6,0.053,0.2918,148.0,96.9,0.523
72.32,32116.8,35095.7,0.577,0.2356,148.0,96.9,0.523
72.34,32049.8,34956.2,0.2426,-0.1075,148.0,96.9,0.523
72.36,31971.1,34852.4,-0.1507,-0.3627,148.0,96.9,0.523
72.38,31899.9,34827.4,-0.5066,-0.4242,148.0,96.9,0.523
72.4,31869.6,34732.3,-0.6576,-0.658,148.0,96.9,0.523
72.42,31733.9,34641.5,-1.3356,-0.8814,148.0,96.9,0.523
72.44,31807.7,34586.9,-0.9669,-1.0157,148.0,96.9,0.523
72.46,31819.4,34538.8,-0.9087,-1.1341,148.0,96.9,0.523
72.48,31749.2,34529.8,-1.2592,-1.156,148.0,96.9,0.523
72.5,31725.2,34408.5,-1.3791,-1.4545,148.0,96.9,0.523
72.52,31805.7,34500.2,-0.9769,-1.2288,148.0,96.9,0.523
72.54,31923.3,34786.4,-0.3897,-0.525,148.0,96.9,0.523
72.56,32020.6,35251.0,0.0963,0.6174,148.0,96.9,0.523
72.58,32139.2,35641.2,0.6889,1.577,148.0,96.9,0.523
72.6,32314.5,35702.7,1.5644,1.7283,148.0,96.9,0.523
72.62,32334.4,35716.9,1.6638,1.7632,148.0,96.9,0.523
72.64,32210.5,35619.2,1.0449,1.523,148.0,96.9,0.523
72.66,32136.9,35393.4,0.6776,0.9677,148.0,96.9,0.523
72.68,32171.5,35216.6,0.8505,0.5329,148.0,96.9,0.523
72.7,31998.4,35079.7,-0.0146,0.1963,148.0,96.9,0.523
72.72,32066.5,35068.5,0.3259,0.1686,148.0,96.9,0.523
72.74,31968.7,34999.0,-0.1626,-0.0022,148.0,96.9,0.523
72.76,31939.0,34891.9,-0.3112,-0.2655,148.0,96.9,0.523
72.78,31867.4,34780.9,-0.6687,-0.5386,148.0,96.9,0.523
72.8,31793.9,34682.9,-1.0359,-0.7797,148.0,96.9,0.523
72.82,31810.6,34612.5,-0.9524,-0.9528,148.0,96.9,0.523
72.84,31872.2,34685.6,-0.6446,-0.7731,148.0,96.9,0.523
72.86,31843.4,34616.0,-0.7888,-0.944,148.0,96.9,0.523
72.88,31714.7,34493.9,-1.4316,-1.2445,148.0,96.9,0.523
72.9,31711.2,34497.7,-1.4492,-1.2351,148.0,96.9,0.523
72.92,31922.5,34476.1,-0.3935,-1.2881,148.0,96.9,0.523
72.94,31868.8,34721.7,-0.6616,-0.6843,148.0,96.9,0.523
72.96,31992.7,35136.1,-0.0427,0.3349,148.0,96.9,0.523
72.98,32207.1,35411.4,1.0281,1.0119,148.0,96.9,0.523
73.0,32328.1,35739.9,1.6327,1.8197,148.0,96.9,0.523
73.02,32343.4,35777.5,1.7087,1.9123,148.0,96.9,0.523
73.04,32292.4,35602.1,1.4541,1.481,148.0,96.9,0.523
73.06,32164.2,35381.6,0.8138,0.9385,148.0,96.9,0.523
73.08,32096.4,35220.8,0.4753,0.5433,148.0,96.9,0.523
73.1,32070.5,35090.0,0.3458,0.2216,148.0,96.9,0.523
73.12,32075.9,35117.6,0.3727,0.2895,148.0,96.9,0.523
73.14,32011.6,35003.8,0.0515,0.0095,148.0,96.9,0.523
73.16,32010.7,34990.7,0.047,-0.0227,148.0,96.9,0.523
73.18,31864.0,34768.2,-0.6856,-0.5699,148.0,96.9,0.523
73.2,31939.7,34717.3,-0.3076,-0.695,148.0,96.9,0.523
73.22,31830.6,34724.3,-0.8525,-0.6778,148.0,96.9,0.523
73.24,31838.3,34631.2,-0.8142,-0.9067,148.0,96.9,0.523
73.26,31753.5,34633.3,-1.2375,-0.9016,148.0,96.9,0.523
73.28,31821.7,34553.0,-0.8972,-1.099,148.0,96.9,0.523
73.3,31690.7,34516.5,-1.5513,-1.1887,148.0,96.9,0.523
73.32,31670.0,34507.8,-1.655,-1.2102,148.0,96.9,0.523
73.34,31832.5,34646.9,-0.8432,-0.8682,148.0,96.9,0.523
73.36,32033.1,34999.6,0.1587,-0.0006,148.0,96.9,0.523
73.38,32215.7,35410.0,1.0712,1.0085,148.0,96.9,0.523
73.4,32257.9,35647.2,1.2821,1.5919,148.0,96.9,0.523
73.42,32341.0,35718.3,1.6968,1.7667,148.0,96.9,0.523
73.44,32325.6,35673.0,1.6201,1.6553,148.0,96.9,0.523
73.46,32267.4,35520.9,1.3294,1.2812,148.0,96.9,0.523
73.48,32255.0,35279.3,1.2673,0.687,148.0,96.9,0.523
73.5,32158.3,35084.6,0.7845,0.2084,148.0,96.9,0.523
73.52,32052.3,35074.4,0.2546,0.1832,148.0,96.9,0.523
73.54,32045.2,35033.7,0.2195,0.0831,148.0,96.9,0.523
73.56,32007.3,35039.2,0.0301,0.0966,148.0,96.9,0.523
73.58,31997.8,34863.5,-0.0173,-0.3355,148.0,96.9,0.523
73.6,31911.9,34688.8,-0.4467,-0.7651,148.0,96.9,0.523
73.62,31840.9,34699.4,-0.8009,-0.739,148.0,96.9,0.523
73.64,31866.4,34706.1,-0.6738,-0.7226,148.0,96.9,0.523
73.66,31838.8,34650.9,-0.8118,-0.8584,148.0,96.9,0.523
73.68,31753.7,34590.5,-1.2369,-1.0068,148.0,96.9,0.523
73.7,31728.7,34479.8,-1.3617,-1.2791,148.0,96.9,0.523
73.72,31725.1,34454.5,-1.3798,-1.3412,148.0,96.9,0.523
73.74,31728.4,34498.1,-1.3631,-1.2341,148.0,96.9,0.523
73.76,31897.6,34918.2,-0.5181,-0.201,148.0,96.9,0.523
73.78,32132.2,35323.9,0.6541,0.7968,148.0,96.9,0.523
73.8,32223.3,35563.5,1.109,1.3859,148.0,96.9,0.523
73.82,32322.3,35805.4,1.6035,1.9808,148.0,96.9,0.523
73.84,32316.0,35675.5,1.572,1.6613,148.0,96.9,0.523
73.86,32281.9,35442.4,1.4019,1.0882,148.0,96.9,0.523
73.88,32109.8,35282.2,0.5419,0.6941,148.0,96.9,0.523
73.9,32093.5,35210.0,0.4604,0.5166,148.0,96.9,0.523
73.92,32022.3,35072.4,0.1049,0.1783,148.0,96.9,0.523
73.94,32098.2,35083.5,0.4839,0.2055,148.0,96.9,0.523
73.96,31915.6,34946.6,-0.4281,-0.131,148.0,96.9,0.523
73.98,31927.6,34892.1,-0.3682,-0.2652,148.0,96.9,0.523
74.0,31915.6,34742.7,-0.4283,-0.6324,148.0,96.9,0.523
74.02,31699.7,34707.0,-1.5067,-0.7203,148.0,96.9,0.523
74.04,31869.4,34742.9,-0.6588,-0.632,148.0,96.9,0.523
74.06,31771.9,34669.4,-1.1459,-0.8129,148.0,96.9,0.523
74.08,31807.5,34612.8,-0.9681,-0.9519,148.0,96.9,0.523
74.1,31787.0,34527.9,-1.0704,-1.1609,148.0,96.9,0.523
74.12,31793.7,34413.7,-1.0371,-1.4415,148.0,96.9,0.523
74.14,31733.4,34561.0,-1.338,-1.0795,148.0,96.9,0.523
74.16,31981.7,34828.2,-0.0979,-0.4224,148.0,96.9,0.523
74.18,32074.7,35176.5,0.3669,0.4344,148.0,96.9,0.523
74.2,32296.0,35549.9,1.4724,1.3525,148.0,96.9,0.523
74.22,32263.4,35756.0,1.3095,1.8594,148.0,96.9,0.523
74.24,32356.0,35774.7,1.7717,1.9053,148.0,96.9,0.523
74.26,32313.4,35560.3,1.5593,1.3782,148.0,96.9,0.523
74.28,32109.9,35300.8,0.5426,0.7399,148.0,96.9,0.523
74.3,32141.3,35166.3,0.6995,0.4093,148.0,96.9,0.523
74.32,32063.9,35113.7,0.3129,0.2799,148.0,96.9,0.523
74.34,31971.4,35065.1,-0.1493,0.1603,148.0,96.9,0.523
74.36,32101.3,35013.3,0.4994,0.0329,148.0,96.9,0.523
74.38,31923.1,34898.8,-0.3907,-0.2488,148.0,96.9,0.523
74.4,32013.4,34728.0,0.0604,-0.6686,148.0,96.9,0.523
74.42,31786.4,34722.3,-1.0736,-0.6827,148.0,96.9,0.523
74.44,31858.7,34669.7,-0.7125,-0.812,148.0,96.9,0.523
74.46,31823.4,34692.1,-0.8887,-0.7571,148.0,96.9,0.523
74.48,31779.3,34557.6,-1.1087,-1.0878,148.0,96.9,0.523
74.5,31737.2,34562.1,-1.3194,-1.0766,148.0,96.9,0.523
74.52,31795.3,34478.8,-1.0291,-1.2816,148.0,96.9,0.523
74.54,31806.8,34462.2,-0.9715,-1.3223,148.0,96.9,0.523
74.56,31871.8,34687.6,-0.6467,-0.768,148.0,96.9,0.523
74.58,32019.8,35072.5,0.0927,0.1784,148.0,96.9,0.523
74.6,32245.0,35415.5,1.2174,1.022,148.0,96.9,0.523
74.62,32375.2,35601.4,1.8677,1.4791,148.0,96.9,0.523
74.64,32327.2,35761.1,1.6278,1.872,148.0,96.9,0.523
74.66,32385.1,35658.6,1.9174,1.6198,148.0,96.9,0.523
74.68,32280.9,35276.0,1.3968,0.6789,148.0,96.9,0.523
74.7,32031.6,35189.1,0.1514,0.4651,148.0,96.9,0.523
74.72,32119.7,35051.9,0.5917,0.1278,148.0,96.9,0.523
74.74,32018.4,35000.5,0.0853,0.0014,148.0,96.9,0.523
74.76,32015.5,35018.7,0.0712,0.0461,148.0,96.9,0.523
74.78,32032.0,34874.0,0.1537,-0.3097,148.0,96.9,0.523
74.8,31907.1,34828.0,-0.4704,-0.4228,148.0,96.9,0.523
74.82,31894.2,34711.4,-0.5347,-0.7095,148.0,96.9,0.523
74.84,31800.8,34670.8,-1.0016,-0.8095,148.0,96.9,0.523
74.86,31884.1,34635.9,-0.5854,-0.8953,148.0,96.9,0.523
74.88,31872.7,34625.4,-0.6425,-0.921,148.0,96.9,0.523
74.9,31777.1,34495.5,-1.1201,-1.2403,148.0,96.9,0.523
74.92,31840.6,34526.4,-0.8028,-1.1644,148.0,96.9,0.523
74.94,31737.4,34448.3,-1.3182,-1.3565,148.0,96.9,0.523
74.96,31857.0,34658.7,-0.7205,-0.8391,148.0,96.9,0.523
74.98,32028.2,34958.7,0.1343,-0.1013,148.0,96.9,0.523
75.0,32190.4,35408.1,0.9446,1.0038,148.0,96.9,0.523
75.02,32299.0,35608.0,1.4869,1.4954,148.0,96.9,0.523
75.04,32448.0,35766.4,2.2315,1.885,148.0,96.9,0.523
75.06,32327.8,35689.8,1.6312,1.6966,148.0,96.9,0.523
75.08,32248.1,35443.6,1.2329,1.0912,148.0,96.9,0.523
75.1,32143.1,35357.4,0.7086,0.8791,148.0,96.9,0.523
75.12,32060.5,35207.9,0.296,0.5116,148.0,96.9,0.523
75.14,31993.2,35058.3,-0.0406,0.1436,148.0,96.9,0.523
75.16,31979.1,35051.6,-0.1108,0.1271,148.0,96.9,0.523
75.18,31956.1,34986.1,-0.2256,-0.0339,148.0,96.9,0.523
75.2,31987.1,34826.8,-0.0707,-0.4258,148.0,96.9,0.523
75.22,31807.3,34803.3,-0.9688,-0.4836,148.0,96.9,0.523
75.24,31858.4,34681.7,-0.714,-0.7826,148.0,96.9,0.523
75.26,31825.6,34634.1,-0.8778,-0.8995,148.0,96.9,0.523
75.28,31807.2,34649.9,-0.9696,-0.8608,148.0,96.9,0.523
75.3,31884.2,34661.5,-0.5848,-0.8323,148.0,96.9,0.523
75.32,31762.9,34386.7,-1.1909,-1.5079,148.0,96.9,0.523
75.34,31753.8,34423.5,-1.2364,-1.4176,148.0,96.9,0.523
75.36,31801.3,34558.9,-0.9992,-1.0844,148.0,96.9,0.523
75.38,32001.2,34832.7,-0.0004,-0.4112,148.0,96.9,0.523
75.4,32175.0,35308.1,0.8677,0.758,148.0,96.9,0.523
75.42,32310.5,35697.4,1.5447,1.7152,148.0,96.9,0.523
75.44,32461.3,35706.6,2.2977,1.738,148.0,96.9,0.523
75.46,32394.1,35703.4,1.9622,1.73,148.0,96.9,0.523
75.48,32230.4,35500.0,1.1446,1.2298,148.0,96.9,0.523
75.5,32224.5,35346.6,1.1148,0.8527,148.0,96.9,0.523
75.52,32062.9,35152.8,0.3079,0.376,148.0,96.9,0.523
75.54,32044.1,35150.2,0.2139,0.3696,148.0,96.9,0.523
75.56,31975.5,35144.4,-0.1288,0.3553,148.0,96.9,0.523
75.58,32051.6,34953.8,0.2513,-0.1133,148.0,96.9,0.523
75.6,31945.5,34787.9,-0.2787,-0.5214,148.0,96.9,0.523
75.62,31832.0,34739.8,-0.8454,-0.6397,148.0,96.9,0.523
75.64,31805.7,34749.0,-0.9768,-0.6171,148.0,96.9,0.523
75.66,31797.2,34672.7,-1.0193,-0.8048,148.0,96.9,0.523
75.68,31894.4,34607.5,-0.5338,-0.9649,148.0,96.9,0.523
75.7,31813.6,34574.4,-0.9377,-1.0464,148.0,96.9,0.523
75.72,31744.8,34548.7,-1.281,-1.1096,148.0,96.9,0.523
75.74,31773.1,34426.4,-1.14,-1.4105,148.0,96.9,0.523
75.76,31834.4,34466.3,-0.8335,-1.3123,148.0,96.9,0.523
75.78,31986.8,34760.8,-0.0724,-0.5881,148.0,96.9,0.523
75.8,32148.3,35176.3,0.7343,0.4337,148.0,96.9,0.523
75.82,32288.7,35478.9,1.4356,1.1779,148.0,96.9,0.523
75.84,32259.1,35710.8,1.288,1.7483,148.0,96.9,0.523
75.86,32396.5,35725.4,1.9743,1.7842,148.0,96.9,0.523
75.88,32297.1,35570.7,1.4776,1.4038,148.0,96.9,0.523
75.9,32112.0,35467.4,0.5528,1.1497,148.0,96.9,0.523
75.92,32090.7,35256.2,0.4466,0.6303,148.0,96.9,0.523
75.94,32096.3,35078.1,0.4745,0.1922,148.0,96.9,0.523
75.96,32039.4,35048.5,0.1904,0.1196,148.0,96.9,0.523
75.98,32039.4,35008.1,0.1901,0.0202,148.0,96.9,0.523
76.0,31917.4,34874.5,-0.4188,-0.3084,148.0,96.9,0.523
76.02,32013.4,34749.1,0.0607,-0.6167,148.0,96.9,0.523
76.04,31757.1,34680.6,-1.2198,-0.7853,148.0,96.9,0.523
76.06,31866.6,34730.0,-0.6729,-0.6637,148.0,96.9,0.523
76.08,31918.8,34658.4,-0.4121,-0.84,148.0,96.9,0.523
76.1,31797.7,34621.2,-1.0168,-0.9314,148.0,96.9,0.523
76.12,31775.1,34503.0,-1.13,-1.2221,148.0,96.9,0.523
76.14,31678.0,34447.5,-1.6147,-1.3585,148.0,96.9,0.523
76.16,31774.4,34472.7,-1.1336,-1.2965,148.0,96.9,0.523
76.18,31833.9,34709.0,-0.8362,-0.7154,148.0,96.9,0.523
76.2,32082.5,35014.8,0.4059,0.0366,148.0,96.9,0.523
76.22,32284.8,35344.5,1.4161,0.8475,148.0,96.9,0.523
76.24,32294.6,35704.5,1.4651,1.7328,148.0,96.9,0.523
76.26,32341.8,35702.1,1.7009,1.7267,148.0,96.9,0.523
76.28,32251.3,35620.6,1.2491,1.5264,148.0,96.9,0.523
76.3,32326.7,35441.8,1.6255,1.0867,148.0,96.9,0.523
76.32,32197.7,35148.8,0.9814,0.3662,148.0,96.9,0.523
76.34,32131.2,35092.0,0.6491,0.2264,148.0,96.9,0.523
76.36,31973.8,35001.5,-0.1371,0.004,148.0,96.9,0.523
76.38,32050.9,35077.6,0.2481,0.191,148.0,96.9,0.523
76.4,32017.5,34910.0,0.0808,-0.2212,148.0,96.9,0.523
76.42,31963.3,34800.9,-0.1895,-0.4895,148.0,96.9,0.523
76.44,31798.7,34684.4,-1.012,-0.7759,148.0,96.9,0.523
76.46,31923.5,34562.0,-0.3886,-1.0768,148.0,96.9,0.523
76.48,31829.0,34699.4,-0.8607,-0.7389,148.0,96.9,0.523
76.5,31803.7,34638.4,-0.987,-0.8889,148.0,96.9,0.523
76.52,31802.7,34488.1,-0.9921,-1.2587,148.0,96.9,0.523
76.54,31834.0,34532.1,-0.8358,-1.1505,148.0,96.9,0.523
76.56,31796.5,34571.1,-1.0228,-1.0546,148.0,96.9,0.523
76.58,31843.8,34664.0,-0.7867,-0.8261,148.0,96.9,0.523
76.6,31919.6,34970.4,-0.4082,-0.0725,148.0,96.9,0.523
76.62,32163.2,35316.6,0.8088,0.7789,148.0,96.9,0.523
76.64,32355.3,35705.7,1.7682,1.7356,148.0,96.9,0.523
76.66,32411.2,35772.7,2.0474,1.9004,148.0,96.9,0.523
76.68,32385.2,35761.7,1.9178,1.8734,148.0,96.9,0.523
76.7,32281.2,35544.9,1.3984,1.3403,148.0,96.9,0.523
76.72,32136.6,35219.6,0.6758,0.5402,148.0,96.9,0.523
76.74,32147.3,35161.8,0.7294,0.3982,148.0,96.9,0.523
76.76,31979.5,35145.4,-0.1088,0.3578,148.0,96.9,0.523
76.78,31977.3,35022.2,-0.12,0.0548,148.0,96.9,0.523
76.8,32074.7,34839.5,0.367,-0.3945,148.0,96.9,0.523
76.82,31955.6,34872.6,-0.2283,-0.3131,148.0,96.9,0.523
76.84,31883.8,34822.0,-0.587,-0.4376,148.0,96.9,0.523
76.86,31846.8,34586.6,-0.7718,-1.0164,148.0,96.9,0.523
76.88,31901.9,34637.5,-0.4963,-0.8912,148.0,96.9,0.523
76.9,31932.0,34665.3,-0.3464,-0.8228,148.0,96.9,0.523
76.92,31819.0,34581.2,-0.9107,-1.0296,148.0,96.9,0.523
76.94,31827.9,34441.9,-0.8663,-1.3723,148.0,96.9,0.523
76.96,31783.1,34471.6,-1.0898,-1.2991,148.0,96.9,0.523
76.98,31757.7,34513.9,-1.2167,-1.1951,148.0,96.9,0.523
77.0,31910.7,34830.7,-0.4524,-0.416,148.0,96.9,0.523
77.02,32073.8,35225.2,0.3621,0.5539,148.0,96.9,0.523
77.04,32176.7,35681.7,0.8764,1.6767,148.0,96.9,0.523
77.06,32319.4,35704.9,1.5893,1.7338,148.0,96.9,0.523
77.08,32393.0,35720.9,1.9566,1.773,148.0,96.9,0.523
77.1,32250.8,35587.7,1.2463,1.4454,148.0,96.9,0.523
77.12,32162.6,35335.5,0.8056,0.8252,148.0,96.9,0.523
77.14,32106.9,35146.8,0.5277,0.3614,148.0,96.9,0.523
77.16,32013.1,35163.3,0.0589,0.4018,148.0,96.9,0.523
77.18,32023.6,35128.4,0.1114,0.316,148.0,96.9,0.523
77.2,32016.6,35012.5,0.0763,0.0311,148.0,96.9,0.523
77.22,31926.6,34894.6,-0.3733,-0.2591,148.0,96.9,0.523
77.24,31933.4,34693.7,-0.3392,-0.753,148.0,96.9,0.523
77.26,31826.2,34619.2,-0.8745,-0.9364,148.0,96.9,0.523
77.28,31827.5,34675.1,-0.8681,-0.7987,148.0,96.9,0.523
77.3,31883.9,34667.9,-0.5862,-0.8164,148.0,96.9,0.523
77.32,31955.1,34643.4,-0.2307,-0.8768,148.0,96.9,0.523
77.34,31880.9,34511.7,-0.6015,-1.2006,148.0,96.9,0.523
77.36,31726.7,34482.4,-1.3718,-1.2726,148.0,96.9,0.523
77.38,31711.6,34583.5,-1.4471,-1.024,148.0,96.9,0.523
77.4,31880.6,34775.0,-0.6027,-0.553,148.0,96.9,0.523
77.42,32100.4,35118.2,0.4949,0.2908,148.0,96.9,0.523
77.44,32139.6,35474.0,0.691,1.1659,148.0,96.9,0.523
77.46,32354.8,35821.8,1.7657,2.0211,148.0,96.9,0.523
77.48,32367.2,35726.6,1.8278,1.7871,148.0,96.9,0.523
77.5,32311.8,35596.2,1.5511,1.4665,148.0,96.9,0.523
77.52,32189.3,35456.8,0.9392,1.1236,148.0,96.9,0.523
77.54,32156.8,35227.6,0.7767,0.56,148.0,96.9,0.523
77.56,32026.6,35140.9,0.1264,0.3468,148.0,96.9,0.523
77.58,31962.5,34990.6,-0.1939,-0.0228,148.0,96.9,0.523
77.6,32012.0,35004.2,0.0534,0.0105,148.0,96.9,0.523
77.62,31906.7,34922.7,-0.4724,-0.1898,148.0,96.9,0.523
77.64,31817.3,34767.3,-0.9193,-0.5719,148.0,96.9,0.523
77.66,31889.3,34732.4,-0.5593,-0.658,148.0,96.9,0.523
77.68,31862.6,34695.0,-0.693,-0.7499,148.0,96.9,0.523
77.7,31763.6,34695.7,-1.1871,-0.748,148.0,96.9,0.523
77.72,31901.6,34648.4,-0.4982,-0.8643,148.0,96.9,0.523
77.74,31765.3,34507.3,-1.1788,-1.2114,148.0,96.9,0.523
77.76,31704.4,34568.0,-1.4832,-1.062,148.0,96.9,0.523
77.78,31713.0,34466.6,-1.44,-1.3115,148.0,96.9,0.523
77.8,31836.0,34576.7,-0.8259,-1.0408,148.0,96.9,0.523
77.82,32001.2,35063.3,-0.0003,0.1558,148.0,96.9,0.523
77.84,32181.0,35432.0,0.8979,1.0627,148.0,96.9,0.523
77.86,32329.1,35674.8,1.6377,1.6597,148.0,96.9,0.523
77.88,32318.0,35727.1,1.5819,1.7884,148.0,96.9,0.523
77.9,32351.4,35643.9,1.7487,1.5838,148.0,96.9,0.523
77.92,32266.7,35367.4,1.326,0.9038,148.0,96.9,0.523
77.94,32150.7,35189.0,0.7466,0.4649,148.0,96.9,0.523
77.96,32100.3,35177.1,0.4948,0.4356,148.0,96.9,0.523
77.98,32030.8,35207.5,0.1475,0.5106,148.0,96.9,0.523
78.0,32057.4,34993.9,0.2803,-0.0147,148.0,96.9,0.523
78.02,32010.8,35014.4,0.0475,0.0355,148.0,96.9,0.523
78.04,31971.4,34765.1,-0.1492,-0.5774,148.0,96.9,0.523
78.06,31931.8,34697.3,-0.3471,-0.7442,148.0,96.9,0.523
78.08,31806.2,34642.8,-0.9744,-0.8782,148.0,96.9,0.523
78.1,31771.0,34628.5,-1.1504,-0.9134,148.0,96.9,0.523
78.12,31859.3,34605.6,-0.7093,-0.9698,148.0,96.9,0.523
78.14,31782.3,34498.9,-1.0939,-1.2322,148.0,96.9,0.523
78.16,31860.0,34536.5,-0.7056,-1.1396,148.0,96.9,0.523
78.18,31804.6,34449.9,-0.9827,-1.3527,148.0,96.9,0.523
78.2,31819.9,34732.8,-0.9062,-0.6569,148.0,96.9,0.523
78.22,31932.3,34925.8,-0.3445,-0.1822,148.0,96.9,0.523
78.24,32200.5,35271.6,0.9952,0.668,148.0,96.9,0.523
78.26,32331.7,35599.7,1.6506,1.4751,148.0,96.9,0.523
78.28,32359.1,35757.2,1.7876,1.8623,148.0,96.9,0.523
78.3,32274.0,35784.2,1.3623,1.9286,148.0,96.9,0.523
78.32,32280.4,35486.1,1.3944,1.1957,148.0,96.9,0.523
78.34,32169.7,35222.0,0.8414,0.5462,148.0,96.9,0.523
78.36,32094.1,35071.3,0.4638,0.1757,148.0,96.9,0.523
78.38,32089.8,35152.1,0.4424,0.3743,148.0,96.9,0.523
78.4,31983.3,35077.3,-0.0899,0.1904,148.0,96.9,0.523
78.42,32019.4,34990.4,0.0905,-0.0234,148.0,96.9,0.523
78.44,31910.3,34855.5,-0.4544,-0.3551,148.0,96.9,0.523
78.46,31897.7,34737.2,-0.5175,-0.646,148.0,96.9,0.523
78.48,31953.1,34742.3,-0.2406,-0.6336,148.0,96.9,0.523
78.5,31894.8,34662.8,-0.5319,-0.8289,148.0,96.9,0.523
78.52,31781.6,34671.6,-1.0973,-0.8074,148.0,96.9,0.523
78.54,31780.8,34578.3,-1.1014,-1.0369,148.0,96.9,0.523
78.56,31782.5,34465.4,-1.0931,-1.3146,148.0,96.9,0.523
78.58,31740.7,34491.7,-1.3016,-1.2497,148.0,96.9,0.523
78.6,31759.0,34584.5,-1.2104,-1.0217,148.0,96.9,0.523
78.62,31882.8,34859.4,-0.5921,-0.3455,148.0,96.9,0.523
78.64,32017.4,35176.8,0.0803,0.4351,148.0,96.9,0.523
78.66,32252.1,35526.1,1.2527,1.2941,148.0,96.9,0.523
78.68,32367.6,35780.3,1.8296,1.9192,148.0,96.9,0.523
78.7,32372.8,35692.6,1.8559,1.7035,148.0,96.9,0.523
78.72,32229.0,35630.7,1.1374,1.5513,148.0,96.9,0.523
78.74,32236.1,35304.3,1.1729,0.7485,148.0,96.9,0.523
78.76,32049.0,35334.7,0.2384,0.8233,148.0,96.9,0.523
78.78,32093.5,35081.6,0.4605,0.2008,148.0,96.9,0.523
78.8,32019.2,35070.4,0.0897,0.1733,148.0,96.9,0.523
78.82,31907.9,34888.8,-0.4665,-0.2734,148.0,96.9,0.523
78.84,31912.0,34836.7,-0.4459,-0.4013,148.0,96.9,0.523
78.86,31846.2,34794.2,-0.7746,-0.5059,148.0,96.9,0.523
78.88,31842.9,34642.3,-0.7911,-0.8794,148.0,96.9,0.523
78.9,31870.0,34652.1,-0.656,-0.8554,148.0,96.9,0.523
78.92,31873.1,34643.7,-0.6405,-0.8759,148.0,96.9,0.523
78.94,31802.9,34624.8,-0.9908,-0.9224,148.0,96.9,0.523
78.96,31772.2,34433.7,-1.1444,-1.3924,148.0,96.9,0.523
78.98,31748.4,34425.9,-1.2632,-1.4116,148.0,96.9,0.523
79.0,31786.4,34492.0,-1.0736,-1.2491,148.0,96.9,0.523
79.02,31838.6,34718.9,-0.8129,-0.691,148.0,96.9,0.523
79.04,32054.4,34982.5,0.2655,-0.0427,148.0,96.9,0.523
79.06,32361.5,35512.3,1.7996,1.2601,148.0,96.9,0.523
79.08,32354.2,35898.1,1.7631,2.2089,148.0,96.9,0.523
79.1,32349.7,35762.5,1.7405,1.8754,148.0,96.9,0.523
79.12,32374.1,35562.5,1.8624,1.3834,148.0,96.9,0.523
79.14,32241.2,35418.8,1.1985,1.0301,148.0,96.9,0.523
79.16,32097.0,35287.0,0.4783,0.7061,148.0,96.9,0.523
79.18,32124.5,35128.1,0.6157,0.3153,148.0,96.9,0.523
79.2,31992.7,35122.2,-0.0427,0.3008,148.0,96.9,0.523
79.22,32053.6,35009.4,0.2613,0.0234,148.0,96.9,0.523
79.24,31920.9,34927.5,-0.4018,-0.1782,148.0,96.9,0.523
79.26,31891.2,34787.8,-0.55,-0.5215,148.0,96.9,0.523
79.28,31800.0,34727.7,-1.0055,-0.6694,148.0,96.9,0.523
79.3,31834.8,34673.5,-0.8317,-0.8027,148.0,96.9,0.523
79.32,31884.0,34608.3,-0.5857,-0.963,148.0,96.9,0.523
79.34,31884.6,34704.0,-0.5828,-0.7276,148.0,96.9,0.523
79.36,31794.8,34583.1,-1.0316,-1.0251,148.0,96.9,0.523
79.38,31742.0,34589.7,-1.2954,-1.0088,148.0,96.9,0.523
79.4,31742.3,34526.9,-1.2938,-1.1631,148.0,96.9,0.523
79.42,31902.5,34565.2,-0.4935,-1.069,148.0,96.9,0.523
79.44,32001.8,35029.6,0.0028,0.0731,148.0,96.9,0.523
79.46,32163.2,35362.9,0.8089,0.8926,148.0,96.9,0.523
79.48,32383.3,35675.2,1.9082,1.6606,148.0,96.9,0.523
79.5,32340.2,35740.8,1.693,1.8221,148.0,96.9,0.523
79.52,32377.1,35772.3,1.8773,1.8995,148.0,96.9,0.523
79.54,32294.6,35469.4,1.4652,1.1545,148.0,96.9,0.523
79.56,32189.7,35217.8,0.9414,0.5359,148.0,96.9,0.523
79.58,32146.0,35098.6,0.7227,0.2427,148.0,96.9,0.523
79.6,31979.1,35163.6,-0.111,0.4025,148.0,96.9,0.523
79.62,31960.5,35095.2,-0.2035,0.2343,148.0,96.9,0.523
79.64,31902.7,34968.1,-0.4924,-0.0781,148.0,96.9,0.523
79.66,31823.4,34868.9,-0.8884,-0.3223,148.0,96.9,0.523
79.68,31914.6,34712.6,-0.4332,-0.7066,148.0,96.9,0.523
79.7,31852.7,34671.1,-0.7425,-0.8086,148.0,96.9,0.523
79.72,31877.2,34559.1,-0.62,-1.084,148.0,96.9,0.523
79.74,31808.6,34646.4,-0.9626,-0.8692,148.0,96.9,0.523
79.76,31912.1,34573.1,-0.4456,-1.0497,148.0,96.9,0.523
79.78,31829.6,34474.5,-0.8578,-1.292,148.0,96.9,0.523
79.8,31774.3,34568.7,-1.1337,-1.0604,148.0,96.9,0.523
79.82,31796.5,34574.3,-1.023,-1.0466,148.0,96.9,0.523
79.84,31889.0,34936.7,-0.5609,-0.1554,148.0,96.9,0.523
79.86,32085.1,35211.1,0.4186,0.5193,148.0,96.9,0.523
79.88,32252.6,35517.0,1.2555,1.2717,148.0,96.9,0.523
79.9,32369.3,35731.9,1.8383,1.8001,148.0,96.9,0.523
79.92,32307.2,35642.2,1.5282,1.5796,148.0,96.9,0.523
79.94,32235.2,35596.2,1.1683,1.4663,148.0,96.9,0.523
79.96,32157.6,35362.1,0.781,0.8908,148.0,96.9,0.523
79.98,32063.7,35116.0,0.3117,0.2856,148.0,96.9,0.523
80.0,31925.9,35155.2,-0.3764,0.3818,148.0,96.9,0.523
80.02,32029.7,35107.4,0.142,0.2643,148.0,96.9,0.523
80.04,31929.5,34939.4,-0.3587,-0.1487,148.0,96.9,0.523
80.06,31972.6,34817.0,-0.1433,-0.4499,148.0,96.9,0.523
80.08,31878.3,34766.5,-0.6144,-0.574,148.0,96.9,0.523
80.1,31816.8,34723.2,-0.9214,-0.6804,148.0,96.9,0.523
80.12,31833.8,34670.1,-0.8366,-0.811,148.0,96.9,0.523
80.14,31848.0,34683.3,-0.7658,-0.7786,148.0,96.9,0.523
80.16,31903.7,34616.3,-0.4875,-0.9435,148.0,96.9,0.523
80.18,31789.8,34478.2,-1.0564,-1.2831,148.0,96.9,0.523
80.2,31784.1,34474.5,-1.0848,-1.2922,148.0,96.9,0.523
80.22,31808.5,34500.9,-0.9631,-1.2271,148.0,96.9,0.523
80.24,31907.5,34774.7,-0.4684,-0.5539,148.0,96.9,0.523
80.26,32116.8,35124.6,0.5772,0.3065,148.0,96.9,0.523
80.28,32241.4,35554.9,1.1993,1.3648,148.0,96.9,0.523
80.3,32281.2,35799.7,1.398,1.9668,148.0,96.9,0.523
80.32,32428.1,35761.2,2.132,1.8721,148.0,96.9,0.523
80.34,32260.7,35599.6,1.2959,1.4747,148.0,96.9,0.523
80.36,32173.5,35415.9,0.8601,1.0229,148.0,96.9,0.523
80.38,32084.4,35276.4,0.4151,0.6799,148.0,96.9,0.523
80.4,32095.2,35099.7,0.4693,0.2454,148.0,96.9,0.523
80.42,32042.0,35003.4,0.2036,0.0085,148.0,96.9,0.523
80.44,31988.7,34974.4,-0.0629,-0.0628,148.0,96.9,0.523
80.46,31960.1,34826.2,-0.2056,-0.4271,148.0,96.9,0.523
80.48,31949.6,34850.2,-0.2583,-0.3682,148.0,96.9,0.523
80.5,31881.3,34678.1,-0.5996,-0.7914,148.0,96.9,0.523
80.52,31836.3,34694.1,-0.8241,-0.7521,148.0,96.9,0.523
80.54,31873.8,34599.4,-0.6368,-0.985,148.0,96.9,0.523
80.56,31803.8,34645.9,-0.9864,-0.8707,148.0,96.9,0.523
80.58,31803.4,34556.7,-0.9885,-1.09,148.0,96.9,0.523
80.6,31761.7,34415.2,-1.197,-1.4378,148.0,96.9,0.523
80.62,31700.8,34452.3,-1.5012,-1.3468,148.0,96.9,0.523
80.64,31946.1,34750.3,-0.2755,-0.6139,148.0,96.9,0.523
80.66,32002.0,35205.4,0.0034,0.5052,148.0,96.9,0.523
80.68,32199.8,35457.5,0.9918,1.1254,148.0,96.9,0.523
80.7,32328.2,35657.7,1.6328,1.6177,148.0,96.9,0.523
80.72,32334.8,35835.1,1.6659,2.054,148.0,96.9,0.523
80.74,32300.7,35605.5,1.4957,1.4892,148.0,96.9,0.523
80.76,32235.3,35471.4,1.169,1.1594,148.0,96.9,0.523
80.78,32143.6,35276.0,0.7106,0.679,148.0,96.9,0.523
80.8,32104.0,35134.0,0.5132,0.3298,148.0,96.9,0.523
80.82,31997.9,34969.1,-0.0169,-0.0758,148.0,96.9,0.523
80.84,32071.5,35088.9,0.3509,0.2188,148.0,96.9,0.523
80.86,31856.9,34942.8,-0.7214,-0.1404,148.0,96.9,0.523
80.88,31910.3,34758.6,-0.4545,-0.5935,148.0,96.9,0.523
80.9,31867.5,34772.4,-0.6685,-0.5594,148.0,96.9,0.523
80.92,31820.6,34620.6,-0.9024,-0.9327,148.0,96.9,0.523
80.94,31745.6,34630.8,-1.2774,-0.9077,148.0,96.9,0.523
80.96,31806.0,34663.8,-0.9753,-0.8265,148.0,96.9,0.523
80.98,31865.3,34603.3,-0.6795,-0.9754,148.0,96.9,0.523
81.0,31781.5,34473.8,-1.098,-1.2939,148.0,96.9,0.523
81.02,31716.2,34428.4,-1.4242,-1.4056,148.0,96.9,0.523
81.04,31783.9,34530.2,-1.0859,-1.1551,148.0,96.9,0.523
81.06,32005.0,35017.8,0.0184,0.044,148.0,96.9,0.523
81.08,32212.8,35391.6,1.0567,0.9632,148.0,96.9,0.523
81.1,32379.3,35620.5,1.8882,1.5262,148.0,96.9,0.523
81.12,32357.4,35819.8,1.7787,2.0163,148.0,96.9,0.523
81.14,32317.2,35525.7,1.578,1.2931,148.0,96.9,0.523
81.16,32180.2,35455.6,0.8938,1.1205,148.0,96.9,0.523
81.18,32154.5,35342.1,0.7654,0.8416,148.0,96.9,0.523
81.2,32067.9,35166.9,0.3329,0.4107,148.0,96.9,0.523
81.22,32060.7,35076.2,0.2966,0.1877,148.0,96.9,0.523
81.24,32019.6,35096.9,0.0917,0.2385,148.0,96.9,0.523
81.26,31928.3,34877.9,-0.3644,-0.3,148.0,96.9,0.523
81.28,31861.5,34792.0,-0.6983,-0.5112,148.0,96.9,0.523
81.3,31760.1,34714.0,-1.2046,-0.7031,148.0,96.9,0.523
81.32,31848.7,34752.9,-0.7621,-0.6075,148.0,96.9,0.523
81.34,31938.6,34716.7,-0.3131,-0.6965,148.0,96.9,0.523
81.36,31812.7,34760.8,-0.9421,-0.588,148.0,96.9,0.523
81.38,31695.5,34609.3,-1.5275,-0.9607,148.0,96.9,0.523
81.4,31855.7,34472.7,-0.7274,-1.2964,148.0,96.9,0.523
81.42,31750.4,34497.9,-1.2531,-1.2346,148.0,96.9,0.523
81.44,31788.0,34571.5,-1.0655,-1.0536,148.0,96.9,0.523
81.46,31929.2,34906.2,-0.3602,-0.2305,148.0,96.9,0.523
81.48,32059.7,35289.5,0.2919,0.7122,148.0,96.9,0.523
81.5,32216.3,35570.2,1.074,1.4025,148.0,96.9,0.523
81.52,32358.0,35701.8,1.7819,1.7261,148.0,96.9,0.523
81.54,32307.4,35690.7,1.5291,1.6988,148.0,96.9,0.523
81.56,32236.4,35534.1,1.1746,1.3136,148.0,96.9,0.523
81.58,32148.1,35278.7,0.7332,0.6856,148.0,96.9,0.523
81.6,32031.4,35127.5,0.1504,0.3137,148.0,96.9,0.523
81.62,32086.4,35096.9,0.4252,0.2385,148.0,96.9,0.523
81.64,31989.9,35048.7,-0.0567,0.1199,148.0,96.9,0.523
81.66,32026.7,35054.8,0.1271,0.1351,148.0,96.9,0.523
81.68,31906.2,34804.7,-0.4752,-0.48,148.0,96.9,0.523
81.7,31917.4,34729.8,-0.4189,-0.6642,148.0,96.9,0.523
81.72,31897.5,34691.7,-0.5183,-0.7578,148.0,96.9,0.523
81.74,31817.3,34636.6,-0.9191,-0.8934,148.0,96.9,0.523
81.76,31836.4,34601.8,-0.8238,-0.9789,148.0,96.9,0.523
81.78,31852.5,34642.7,-0.7432,-0.8785,148.0,96.9,0.523
81.8,31765.9,34518.7,-1.1759,-1.1835,148.0,96.9,0.523
81.82,31694.3,34409.8,-1.5335,-1.4511,148.0,96.9,0.523
81.84,31711.9,34528.4,-1.4457,-1.1595,148.0,96.9,0.523
81.86,31855.0,34634.9,-0.7305,-0.8976,148.0,96.9,0.523
81.88,32068.3,35198.4,0.3348,0.488,148.0,96.9,0.523
81.9,32149.4,35478.6,0.7398,1.1772,148.0,96.9,0.523
81.92,32345.4,35732.9,1.719,1.8025,148.0,96.9,0.523
81.94,32354.5,35748.7,1.7642,1.8414,148.0,96.9,0.523
81.96,32322.2,35544.8,1.603,1.3401,148.0,96.9,0.523
81.98,32261.7,35486.7,1.3008,1.197,148.0,96.9,0.523
82.0,32031.2,35155.2,0.1494,0.3819,148.0,96.9,0.523
82.02,32125.1,35174.4,0.6187,0.4291,148.0,96.9,0.523
82.04,32123.2,34989.5,0.6091,-0.0257,148.0,96.9,0.523
82.06,32064.0,34963.7,0.3134,-0.089,148.0,96.9,0.523
82.08,31984.5,34897.5,-0.0838,-0.2519,148.0,96.9,0.523
82.1,31917.1,34887.9,-0.4205,-0.2755,148.0,96.9,0.523
82.12,31899.8,34752.1,-0.507,-0.6095,148.0,96.9,0.523
82.14,31834.6,34855.7,-0.8327,-0.3546,148.0,96.9,0.523
82.16,31822.0,34627.7,-0.8957,-0.9153,148.0,96.9,0.523
82.18,31793.7,34539.8,-1.0369,-1.1315,148.0,96.9,0.523
82.2,31714.9,34572.4,-1.4308,-1.0515,148.0,96.9,0.523
82.22,31765.5,34523.9,-1.178,-1.1707,148.0,96.9,0.523
82.24,31731.3,34399.8,-1.3486,-1.4757,148.0,96.9,0.523
82.26,31826.4,34762.0,-0.8735,-0.5851,148.0,96.9,0.523
82.28,32001.7,34977.0,0.0019,-0.0563,148.0,96.9,0.523
82.3,32367.5,35347.7,1.8294,0.8552,148.0,96.9,0.523
82.32,32367.1,35704.9,1.8274,1.7338,148.0,96.9,0.523
82.34,32376.5,35701.4,1.8741,1.725,148.0,96.9,0.523
82.36,32343.4,35632.8,1.7091,1.5565,148.0,96.9,0.523
82.38,32181.7,35480.1,0.9012,1.1809,148.0,96.9,0.523
82.4,32155.6,35300.0,0.7706,0.7379,148.0,96.9,0.523
82.42,32039.8,35118.7,0.1924,0.292,148.0,96.9,0.523
82.44,32040.9,35012.8,0.1978,0.0316,148.0,96.9,0.523
82.46,31963.9,35102.6,-0.1868,0.2525,148.0,96.9,0.523
82.48,31909.7,34954.8,-0.4575,-0.111,148.0,96.9,0.523
82.5,32019.0,34792.6,0.0884,-0.5099,148.0,96.9,0.523
82.52,31895.0,34744.7,-0.5309,-0.6276,148.0,96.9,0.523
82.54,31958.6,34703.4,-0.2132,-0.7293,148.0,96.9,0.523
82.56,31847.8,34672.6,-0.7666,-0.805,148.0,96.9,0.523
82.58,31808.4,34724.5,-0.9637,-0.6772,148.0,96.9,0.523
82.6,31836.2,34485.5,-0.8248,-1.2649,148.0,96.9,0.523
82.62,31695.2,34424.3,-1.5291,-1.4156,148.0,96.9,0.523
82.64,31740.1,34514.5,-1.3047,-1.1937,148.0,96.9,0.523
82.66,31831.2,34576.6,-0.8495,-1.0409,148.0,96.9,0.523
82.68,31946.6,34883.4,-0.2732,-0.2866,148.0,96.9,0.523
82.7,32196.7,35309.8,0.976,0.7622,148.0,96.9,0.523
82.72,32353.3,35557.4,1.7585,1.371,148.0,96.9,0.523
82.74,32391.9,35708.7,1.9512,1.743,148.0,96.9,0.523
82.76,32302.8,35694.0,1.506,1.7068,148.0,96.9,0.523
82.78,32234.7,35506.9,1.166,1.2468,148.0,96.9,0.523
82.8,32196.7,35227.2,0.9763,0.5589,148.0,96.9,0.523
82.82,32123.0,35186.3,0.6081,0.4584,148.0,96.9,0.523
82.84,32015.8,35063.1,0.0723,0.1555,148.0,96.9,0.523
82.86,31972.3,35188.1,-0.145,0.4628,148.0,96.9,0.523
82.88,32065.1,34930.5,0.3189,-0.1708,148.0,96.9,0.523
82.9,31933.4,34824.4,-0.3391,-0.4317,148.0,96.9,0.523
82.92,31920.8,34777.9,-0.4019,-0.546,148.0,96.9,0.523
82.94,31814.1,34685.5,-0.9352,-0.7731,148.0,96.9,0.523
82.96,31820.8,34687.2,-0.9017,-0.7691,148.0,96.9,0.523
82.98,31819.6,34609.0,-0.9075,-0.9613,148.0,96.9,0.523
83.0,31734.1,34617.4,-1.3346,-0.9406,148.0,96.9,0.523
83.02,31684.8,34430.3,-1.5811,-1.4009,148.0,96.9,0.523
83.04,31693.4,34559.6,-1.5378,-1.0828,148.0,96.9,0.523
83.06,31767.1,34613.1,-1.1697,-0.9512,148.0,96.9,0.523
83.08,31959.5,34818.4,-0.2089,-0.4464,148.0,96.9,0.523
83.1,32116.0,35175.7,0.5732,0.4322,148.0,96.9,0.523
83.12,32230.9,35560.5,1.147,1.3786,148.0,96.9,0.523
83.14,32318.0,35660.0,1.5819,1.6233,148.0,96.9,0.523
83.16,32392.2,35726.2,1.9529,1.7861,148.0,96.9,0.523
83.18,32317.0,35578.5,1.5769,1.4228,148.0,96.9,0.523
83.2,32202.7,35358.0,1.006,0.8806,148.0,96.9,0.523
83.22,32041.3,35223.5,0.2,0.5498,148.0,96.9,0.523
83.24,32137.1,35104.0,0.6784,0.256,148.0,96.9,0.523
83.26,32088.7,35084.5,0.4364,0.208,148.0,96.9,0.523
83.28,32032.6,35055.2,0.1563,0.136,148.0,96.9,0.523
83.3,31955.6,34883.2,-0.2284,-0.2871,148.0,96.9,0.523
83.32,31865.9,34804.0,-0.6765,-0.4818,148.0,96.9,0.523
83.34,31918.5,34768.1,-0.4137,-0.5701,148.0,96.9,0.523
83.36,31839.2,34695.1,-0.8099,-0.7495,148.0,96.9,0.523
83.38,31935.6,34650.5,-0.3283,-0.8594,148.0,96.9,0.523
83.4,31788.7,34570.6,-1.062,-1.0557,148.0,96.9,0.523
83.42,31752.8,34489.3,-1.2414,-1.2558,148.0,96.9,0.523
83.44,31745.3,34451.6,-1.2788,-1.3484,148.0,96.9,0.523
83.46,31774.6,34544.1,-1.1323,-1.121,148.0,96.9,0.523
83.48,31982.2,34757.3,-0.0956,-0.5967,148.0,96.9,0.523
83.5,32120.8,35026.6,0.5972,0.0657,148.0,96.9,0.523
83.52,32306.5,35454.0,1.5248,1.1167,148.0,96.9,0.523
83.54,32294.7,35714.5,1.4657,1.7574,148.0,96.9,0.523
83.56,32375.6,35802.4,1.8698,1.9736,148.0,96.9,0.523
83.58,32307.0,35611.9,1.527,1.5051,148.0,96.9,0.523
83.6,32263.9,35370.5,1.3121,0.9113,148.0,96.9,0.523
83.62,32084.9,35175.3,0.4178,0.4314,148.0,96.9,0.523
83.64,31988.5,35154.7,-0.0639,0.3806,148.0,96.9,0.523
83.66,32106.2,35049.4,0.5241,0.1218,148.0,96.9,0.523
83.68,32070.8,34992.6,0.3475,-0.0179,148.0,96.9,0.523
83.7,32037.8,34942.8,0.1826,-0.1404,148.0,96.9,0.523
83.72,31818.8,34843.1,-0.9115,-0.3856,148.0,96.9,0.523
83.74,31834.5,34795.5,-0.833,-0.5027,148.0,96.9,0.523
83.76,31772.4,34701.8,-1.1432,-0.7332,148.0,96.9,0.523
83.78,31892.4,34674.9,-0.5438,-0.7994,148.0,96.9,0.523
83.8,31831.2,34551.1,-0.8496,-1.1037,148.0,96.9,0.523
83.82,31802.4,34540.3,-0.9936,-1.1302,148.0,96.9,0.523
83.84,31731.1,34490.8,-1.3497,-1.252,148.0,96.9,0.523
83.86,31724.9,34479.3,-1.3805,-1.2803,148.0,96.9,0.523
83.88,31946.6,34689.8,-0.2731,-0.7626,148.0,96.9,0.523
83.9,31973.9,35006.3,-0.1367,0.0156,148.0,96.9,0.523
83.92,32199.2,35393.8,0.9884,0.9686,148.0,96.9,0.523
83.94,32272.5,35562.4,1.355,1.3833,148.0,96.9,0.523
83.96,32373.7,35691.4,1.8603,1.7005,148.0,96.9,0.523
83.98,32297.8,35726.7,1.4814,1.7872,148.0,96.9,0.523
84.0,32235.9,35466.4,1.1717,1.1471,148.0,96.9,0.523
84.02,32122.6,35197.2,0.6061,0.4851,148.0,96.9,0.523
84.04,32022.2,35144.6,0.1045,0.3559,148.0,96.9,0.523
84.06,32058.8,35059.7,0.2873,0.147,148.0,96.9,0.523
84.08,32021.5,35020.5,0.101,0.0506,148.0,96.9,0.523
84.1,32022.2,35026.4,0.1047,0.0652,148.0,96.9,0.523
84.12,31865.9,34826.3,-0.6762,-0.4269,148.0,96.9,0.523
84.14,31877.2,34689.1,-0.6196,-0.7642,148.0,96.9,0.523
84.16,31814.7,34729.4,-0.932,-0.6651,148.0,96.9,0.523
84.18,31837.8,34634.5,-0.8166,-0.8986,148.0,96.9,0.523
84.2,31861.7,34773.9,-0.6971,-0.5557,148.0,96.9,0.523
84.22,31768.7,34550.6,-1.1617,-1.1049,148.0,96.9,0.523
84.24,31750.4,34334.6,-1.2533,-1.6361,148.0,96.9,0.523
84.26,31776.3,34505.0,-1.1237,-1.217,148.0,96.9,0.523
84.28,31765.6,34463.7,-1.1775,-1.3188,148.0,96.9,0.523
84.3,31985.1,34904.9,-0.081,-0.2336,148.0,96.9,0.523
84.32,32154.0,35228.4,0.763,0.562,148.0,96.9,0.523
84.34,32354.3,35554.0,1.7634,1.3627,148.0,96.9,0.523
84.36,32242.3,35785.6,1.204,1.9322,148.0,96.9,0.523
84.38,32397.5,35684.6,1.9791,1.6839,148.0,96.9,0.523
84.4,32192.6,35515.1,0.9556,1.2669,148.0,96.9,0.523
84.42,32098.3,35331.3,0.4844,0.815,148.0,96.9,0.523
84.44,32042.3,35130.5,0.2049,0.3212,148.0,96.9,0.523
84.46,32087.3,35197.5,0.4296,0.4859,148.0,96.9,0.523
84.48,31959.5,35040.1,-0.2088,0.0988,148.0,96.9,0.523
84.5,31972.0,34893.7,-0.1465,-0.2611,148.0,96.9,0.523
84.52,32028.2,34845.0,0.1347,-0.381,148.0,96.9,0.523
84.54,31835.1,34765.1,-0.8301,-0.5774,148.0,96.9,0.523
84.56,31852.6,34751.1,-0.7426,-0.612,148.0,96.9,0.523
84.58,31797.7,34692.0,-1.0172,-0.7573,148.0,96.9,0.523
84.6,31867.3,34692.0,-0.6693,-0.7571,148.0,96.9,0.523
84.62,31776.9,34565.8,-1.1207,-1.0676,148.0,96.9,0.523
84.64,31799.4,34486.9,-1.0083,-1.2617,148.0,96.9,0.523
84.66,31721.2,34436.8,-1.399,-1.3848,148.0,96.9,0.523
84.68,31763.4,34521.4,-1.1885,-1.1769,148.0,96.9,0.523
84.7,31902.9,34782.8,-0.4914,-0.5339,148.0,96.9,0.523
84.72,32121.8,35268.0,0.6019,0.6592,148.0,96.9,0.523
84.74,32260.4,35594.6,1.2941,1.4624,148.0,96.9,0.523
84.76,32324.3,35657.6,1.6134,1.6174,148.0,96.9,0.523
84.78,32339.3,35730.5,1.6884,1.7966,148.0,96.9,0.523
84.8,32330.8,35523.3,1.6461,1.287,148.0,96.9,0.523
84.82,32157.7,35271.3,0.7813,0.6674,148.0,96.9,0.523
84.84,32168.8,35130.3,0.8368,0.3207,148.0,96.9,0.523
84.86,32113.5,35112.0,0.5603,0.2756,148.0,96.9,0.523
84.88,32064.0,35091.4,0.3135,0.2249,148.0,96.9,0.523
84.9,31984.0,34948.6,-0.0862,-0.1262,148.0,96.9,0.523
84.92,32013.1,34817.3,0.0591,-0.4492,148.0,96.9,0.523
84.94,31905.3,34844.2,-0.4796,-0.3828,148.0,96.9,0.523
84.96,31832.0,34614.1,-0.8456,-0.9488,148.0,96.9,0.523
84.98,31852.6,34657.9,-0.7426,-0.8411,148.0,96.9,0.523
85.0,31894.6,34681.2,-0.5327,-0.7837,148.0,96.9,0.523
85.02,31759.2,34608.8,-1.2091,-0.9619,148.0,96.9,0.523
85.04,31771.4,34598.2,-1.1485,-0.9879,148.0,96.9,0.523
85.06,31649.6,34475.7,-1.7567,-1.289,148.0,96.9,0.523
85.08,31769.2,34508.1,-1.1594,-1.2094,148.0,96.9,0.523
85.1,31823.0,34751.2,-0.8906,-0.6116,148.0,96.9,0.523
85.12,31950.5,35202.7,-0.2539,0.4988,148.0,96.9,0.523
85.14,32219.3,35441.4,1.0892,1.0856,148.0,96.9,0.523
85.16,32351.3,35719.1,1.7482,1.7687,148.0,96.9,0.523
85.18,32329.3,35700.0,1.6386,1.7216,148.0,96.9,0.523
85.2,32302.9,35511.3,1.5067,1.2577,148.0,96.9,0.523
85.22,32144.2,35411.8,0.7139,1.0128,148.0,96.9,0.523
85.24,32063.5,35111.0,0.3106,0.2732,148.0,96.9,0.523
85.26,31986.9,35080.5,-0.072,0.1981,148.0,96.9,0.523
85.28,32061.9,35134.4,0.3029,0.3308,148.0,96.9,0.523
85.3,31982.1,34980.9,-0.0957,-0.0468,148.0,96.9,0.523
85.32,32024.3,34943.3,0.1148,-0.1392,148.0,96.9,0.523
85.34,31821.3,34843.4,-0.899,-0.3848,148.0,96.9,0.523
85.36,31865.7,34755.8,-0.6773,-0.6003,148.0,96.9,0.523
85.38,31845.5,34588.9,-0.7784,-1.0107,148.0,96.9,0.523
85.4,31853.2,34670.8,-0.7399,-0.8094,148.0,96.9,0.523
85.42,31787.0,34707.9,-1.0705,-0.7182,148.0,96.9,0.523
85.44,31852.4,34583.7,-0.7435,-1.0235,148.0,96.9,0.523
85.46,31695.5,34420.7,-1.5277,-1.4245,148.0,96.9,0.523
85.48,31773.3,34443.3,-1.1387,-1.3689,148.0,96.9,0.523
85.5,31870.5,34705.1,-0.6532,-0.7249,148.0,96.9,0.523
85.52,31967.5,35018.6,-0.169,0.046,148.0,96.9,0.523
85.54,32199.4,35319.7,0.9897,0.7864,148.0,96.9,0.523
85.56,32291.3,35675.5,1.4488,1.6614,148.0,96.9,0.523
85.58,32412.8,35768.6,2.0554,1.8903,148.0,96.9,0.523
85.6,32267.5,35712.8,1.3299,1.753,148.0,96.9,0.523
85.62,32204.2,35539.2,1.0135,1.3263,148.0,96.9,0.523
85.64,32075.2,35155.0,0.3691,0.3815,148.0,96.9,0.523
85.66,32114.5,35168.4,0.5656,0.4142,148.0,96.9,0.523
85.68,32050.3,35043.1,0.2449,0.1063,148.0,96.9,0.523
85.7,32049.0,34992.4,0.2384,-0.0185,148.0,96.9,0.523
85.72,32002.4,34953.2,0.0058,-0.1149,148.0,96.9,0.523
85.74,31904.9,34849.8,-0.4813,-0.3692,148.0,96.9,0.523
85.76,31864.5,34706.6,-0.6832,-0.7212,148.0,96.9,0.523
85.78,31908.5,34806.2,-0.4636,-0.4764,148.0,96.9,0.523
85.8,31910.7,34684.0,-0.4525,-0.7769,148.0,96.9,0.523
85.82,31836.0,34690.1,-0.8255,-0.7618,148.0,96.9,0.523
85.84,31789.7,34548.6,-1.0568,-1.1098,148.0,96.9,0.523
85.86,31890.8,34560.9,-0.552,-1.0797,148.0,96.9,0.523
85.88,31713.2,34420.5,-1.4392,-1.4249,148.0,96.9,0.523
85.9,31835.0,34660.2,-0.8305,-0.8353,148.0,96.9,0.523
85.92,32003.9,34882.2,0.0131,-0.2895,148.0,96.9,0.523
85.94,32166.2,35247.9,0.8237,0.6099,148.0,96.9,0.523
85.96,32258.9,35555.3,1.2869,1.3658,148.0,96.9,0.523
85.98,32370.3,35766.3,1.8436,1.8846,148.0,96.9,0.523
86.0,32354.0,35655.4,1.7619,1.6119,148.0,96.9,0.523
86.02,32265.1,35546.5,1.3176,1.3442,148.0,96.9,0.523
86.04,32188.8,35388.5,0.9366,0.9556,148.0,96.9,0.523
86.06,32064.8,35210.4,0.3171,0.5178,148.0,96.9,0.523
86.08,32007.3,35077.3,0.0301,0.1904,148.0,96.9,0.523
86.1,31979.8,35018.7,-0.1076,0.0461,148.0,96.9,0.523
86.12,31960.3,35022.4,-0.2048,0.0553,148.0,96.9,0.523
86.14,31979.2,34774.0,-0.1105,-0.5555,148.0,96.9,0.523
86.16,31920.0,34813.1,-0.4062,-0.4595,148.0,96.9,0.523
86.18,31804.4,34761.5,-0.9835,-0.5863,148.0,96.9,0.523
86.2,31883.2,34699.5,-0.59,-0.7389,148.0,96.9,0.523
86.22,31854.9,34625.1,-0.7312,-0.9217,148.0,96.9,0.523
86.24,31719.8,34561.1,-1.4062,-1.079,148.0,96.9,0.523
86.26,31752.5,34548.9,-1.2426,-1.1092,148.0,96.9,0.523
86.28,31750.4,34387.9,-1.2531,-1.505,148.0,96.9,0.523
86.3,31741.7,34630.0,-1.2969,-0.9098,148.0,96.9,0.523
86.32,31906.0,34760.2,-0.4758,-0.5896,148.0,96.9,0.523
86.34,32031.8,35144.8,0.1525,0.3562,148.0,96.9,0.523
86.36,32228.8,35512.9,1.1364,1.2615,148.0,96.9,0.523
86.38,32268.2,35612.5,1.3334,1.5065,148.0,96.9,0.523
86.4,32390.6,35678.5,1.9448,1.6687,148.0,96.9,0.523
86.42,32384.2,35575.2,1.9129,1.4147,148.0,96.9,0.523
86.44,32234.2,35377.9,1.1633,0.9295,148.0,96.9,0.523
86.46,32100.5,35191.4,0.4956,0.4709,148.0,96.9,0.523
86.48,32179.8,35208.2,0.8916,0.5122,148.0,96.9,0.523
86.5,32055.7,35175.2,0.272,0.431,148.0,96.9,0.523
86.52,32035.8,34975.8,0.1725,-0.0594,148.0,96.9,0.523
86.54,32023.2,34906.4,0.1097,-0.23,148.0,96.9,0.523
86.56,31869.0,34779.7,-0.6607,-0.5415,148.0,96.9,0.523
86.58,31894.0,34792.3,-0.5357,-0.5106,148.0,96.9,0.523
86.6,31864.9,34698.0,-0.6812,-0.7424,148.0,96.9,0.523
86.62,31845.7,34686.3,-0.7772,-0.7712,148.0,96.9,0.523
86.64,31840.6,34557.8,-0.8027,-1.0873,148.0,96.9,0.523
86.66,31711.3,34449.1,-1.4484,-1.3545,148.0,96.9,0.523
86.68,31595.0,34375.4,-2.0294,-1.5358,148.0,96.9,0.523
86.7,31806.6,34507.0,-0.9727,-1.2122,148.0,96.9,0.523
86.72,31969.2,34789.2,-0.1601,-0.5182,148.0,96.9,0.523
86.74,32088.0,35133.6,0.4333,0.3288,148.0,96.9,0.523
86.76,32177.8,35377.8,0.8819,0.9294,148.0,96.9,0.523
86.78,32338.3,35560.7,1.6836,1.3791,148.0,96.9,0.523
86.8,32442.6,35776.4,2.2047,1.9096,148.0,96.9,0.523
86.82,32317.9,35610.5,1.5817,1.5015,148.0,96.9,0.523
86.84,32251.5,35377.4,1.2497,0.9284,148.0,96.9,0.523
86.86,32027.0,35243.3,0.1283,0.5985,148.0,96.9,0.523
86.88,32051.8,35193.0,0.2524,0.4749,148.0,96.9,0.523
86.9,32038.1,35072.4,0.1839,0.1783,148.0,96.9,0.523
86.92,32000.7,34908.2,-0.0032,-0.2256,148.0,96.9,0.523
86.94,32015.7,34921.1,0.0722,-0.1938,148.0,96.9,0.523
86.96,31904.2,34764.8,-0.485,-0.5782,148.0,96.9,0.523
86.98,31940.9,34719.1,-0.3018,-0.6905,148.0,96.9,0.523
87.0,31915.2,34647.3,-0.4299,-0.8672,148.0,96.9,0.523
87.02,31883.6,34639.2,-0.5877,-0.887,148.0,96.9,0.523
87.04,31846.4,34629.5,-0.7738,-0.9109,148.0,96.9,0.523
87.06,31727.9,34624.1,-1.3657,-0.9241,148.0,96.9,0.523
87.08,31771.4,34490.4,-1.1486,-1.253,148.0,96.9,0.523
87.1,31777.6,34453.0,-1.1175,-1.3449,148.0,96.9,0.523
87.12,31800.4,34698.7,-1.0036,-0.7408,148.0,96.9,0.523
87.14,31956.6,35009.7,-0.2235,0.0241,148.0,96.9,0.523
87.16,32207.7,35338.5,1.031,0.8326,148.0,96.9,0.523
87.18,32369.9,35608.6,1.8411,1.4968,148.0,96.9,0.523
87.2,32343.8,35697.6,1.711,1.7159,148.0,96.9,0.523
87.22,32271.5,35716.5,1.35,1.7623,148.0,96.9,0.523
87.24,32258.3,35437.9,1.2838,1.0771,148.0,96.9,0.523
87.26,32163.2,35328.1,0.809,0.8071,148.0,96.9,0.523
87.28,32068.9,35089.7,0.3376,0.2207,148.0,96.9,0.523
87.3,32080.9,35076.8,0.3977,0.1892,148.0,96.9,0.523
87.32,32058.8,35033.7,0.2871,0.083,148.0,96.9,0.523
87.34,32022.5,34947.4,0.1059,-0.1292,148.0,96.9,0.523
87.36,31894.7,34891.4,-0.5325,-0.2668,148.0,96.9,0.523
87.38,31884.3,34795.2,-0.5844,-0.5035,148.0,96.9,0.523
87.4,31787.1,34729.2,-1.0701,-0.6657,148.0,96.9,0.523
87.42,31756.1,34619.6,-1.2245,-0.9352,148.0,96.9,0.523
87.44,31837.4,34618.9,-0.8186,-0.937,148.0,96.9,0.523
87.46,31782.7,34603.6,-1.092,-0.9746,148.0,96.9,0.523
87.48,31802.8,34428.8,-0.9913,-1.4045,148.0,96.9,0.523
87.5,31789.0,34503.9,-1.0604,-1.2197,148.0,96.9,0.523
87.52,31900.8,34549.0,-0.5019,-1.1088,148.0,96.9,0.523
87.54,31993.8,34880.7,-0.0373,-0.2932,148.0,96.9,0.523
87.56,32106.1,35380.4,0.5238,0.9357,148.0,96.9,0.523
87.58,32195.7,35536.9,0.9714,1.3205,148.0,96.9,0.523
87.6,32395.0,35639.4,1.9666,1.5725,148.0,96.9,0.523
87.62,32390.0,35785.0,1.9416,1.9306,148.0,96.9,0.523
87.64,32296.6,35587.7,1.4753,1.4455,148.0,96.9,0.523
87.66,32124.4,35268.2,0.615,0.6599,148.0,96.9,0.523
87.68,32023.6,35096.9,0.1116,0.2385,148.0,96.9,0.523
87.7,32132.2,35138.6,0.6538,0.3411,148.0,96.9,0.523
87.72,32065.8,34969.9,0.3224,-0.0737,148.0,96.9,0.523
87.74,32017.4,34900.3,0.0805,-0.2449,148.0,96.9,0.523
87.76,31952.3,34842.1,-0.2446,-0.3881,148.0,96.9,0.523
87.78,31858.7,34791.9,-0.7124,-0.5115,148.0,96.9,0.523
87.8,31897.6,34669.1,-0.5178,-0.8134,148.0,96.9,0.523
87.82,31818.6,34701.5,-0.9124,-0.7338,148.0,96.9,0.523
87.84,31845.7,34635.0,-0.7773,-0.8973,148.0,96.9,0.523
87.86,31866.7,34523.7,-0.6722,-1.1711,148.0,96.9,0.523
87.88,31783.4,34494.6,-1.0885,-1.2426,148.0,96.9,0.523
87.9,31736.0,34387.6,-1.325,-1.5058,148.0,96.9,0.523
87.92,31761.3,34459.2,-1.199,-1.3297,148.0,96.9,0.523
87.94,31887.8,34856.1,-0.567,-0.3538,148.0,96.9,0.523
87.96,32065.6,35101.2,0.3213,0.249,148.0,96.9,0.523
87.98,32225.6,35508.2,1.1206,1.25,148.0,96.9,0.523
88.0,32345.9,35715.3,1.7215,1.7593,148.0,96.9,0.523
88.02,32483.8,35777.9,2.4104,1.9132,148.0,96.9,0.523
88.04,32206.5,35591.1,1.0249,1.4538,148.0,96.9,0.523
88.06,32196.1,35383.5,0.973,0.9434,148.0,96.9,0.523
88.08,32099.2,35222.8,0.4893,0.5481,148.0,96.9,0.523
88.1,31983.7,35105.6,-0.0878,0.26,148.0,96.9,0.523
88.12,32100.7,35074.4,0.4964,0.1831,148.0,96.9,0.523
88.14,31997.3,35026.6,-0.0198,0.0657,148.0,96.9,0.523
88.16,32017.7,34922.3,0.0821,-0.1909,148.0,96.9,0.523
88.18,31823.4,34791.1,-0.8887,-0.5134,148.0,96.9,0.523
88.2,31920.7,34762.6,-0.4026,-0.5837,148.0,96.9,0.523
88.22,31956.7,34656.3,-0.2225,-0.845,148.0,96.9,0.523
88.24,31831.7,34616.4,-0.8473,-0.9432,148.0,96.9,0.523
88.26,31826.3,34608.8,-0.8742,-0.9617,148.0,96.9,0.523
88.28,31756.4,34520.1,-1.2231,-1.1799,148.0,96.9,0.523
88.3,31712.5,34476.0,-1.4426,-1.2884,148.0,96.9,0.523
88.32,31714.4,34569.3,-1.4329,-1.059,148.0,96.9,0.523
88.34,31894.6,34693.9,-0.5331,-0.7526,148.0,96.9,0.523
88.36,32024.9,34970.9,0.1182,-0.0714,148.0,96.9,0.523
88.38,32206.1,35424.0,1.023,1.043,148.0,96.9,0.523
88.4,32316.0,35748.9,1.5721,1.842,148.0,96.9,0.523
88.42,32361.3,35736.3,1.7982,1.8111,148.0,96.9,0.523
88.44,32305.3,35699.8,1.5185,1.7213,148.0,96.9,0.523
88.46,32186.2,35343.5,0.9238,0.845,148.0,96.9,0.523
88.48,32174.9,35276.9,0.8673,0.6813,148.0,96.9,0.523
88.5,32036.0,35129.7,0.1734,0.3192,148.0,96.9,0.523
88.52,32117.1,35067.0,0.5788,0.1649,148.0,96.9,0.523
88.54,31996.1,35022.2,-0.026,0.0548,148.0,96.9,0.523
88.56,32006.1,35013.2,0.0239,0.0328,148.0,96.9,0.523
88.58,31921.8,34903.2,-0.3972,-0.2377,148.0,96.9,0.523
88.6,31881.8,34737.9,-0.597,-0.6443,148.0,96.9,0.523
88.62,31847.6,34704.1,-0.7677,-0.7274,148.0,96.9,0.523
88.64,31880.1,34715.1,-0.6056,-0.7004,148.0,96.9,0.523
88.66,31788.3,34616.1,-1.0641,-0.9438,148.0,96.9,0.523
88.68,31856.0,34552.4,-0.7255,-1.1005,148.0,96.9,0.523
88.7,31737.5,34484.1,-1.3179,-1.2684,148.0,96.9,0.523
88.72,31774.6,34475.6,-1.1322,-1.2893,148.0,96.9,0.523
88.74,31900.3,34670.2,-0.5046,-0.8108,148.0,96.9,0.523
88.76,31930.1,34972.1,-0.3558,-0.0685,148.0,96.9,0.523
88.78,32088.0,35290.8,0.433,0.7154,148.0,96.9,0.523
88.8,32355.9,35605.5,1.7715,1.4893,148.0,96.9,0.523
88.82,32439.7,35772.3,2.1902,1.8995,148.0,96.9,0.523
88.84,32324.0,35678.8,1.6121,1.6696,148.0,96.9,0.523
88.86,32243.2,35532.7,1.2086,1.3101,148.0,96.9,0.523
88.88,32168.8,35324.5,0.8367,0.7983,148.0,96.9,0.523
88.9,31986.2,35136.2,-0.0753,0.3352,148.0,96.9,0.523
88.92,32004.0,35087.5,0.0137,0.2154,148.0,96.9,0.523
88.94,31930.3,34973.3,-0.3546,-0.0655,148.0,96.9,0.523
88.96,32019.1,35049.8,0.0892,0.1227,148.0,96.9,0.523
88.98,31915.0,34915.2,-0.4309,-0.2082,148.0,96.9,0.523
89.0,31881.3,34811.1,-0.5993,-0.4644,148.0,96.9,0.523
89.02,31797.8,34776.5,-1.0162,-0.5495,148.0,96.9,0.523
89.04,31794.6,34666.1,-1.0323,-0.821,148.0,96.9,0.523
89.06,31801.7,34592.3,-0.997,-1.0024,148.0,96.9,0.523
89.08,31785.9,34487.7,-1.0758,-1.2597,148.0,96.9,0.523
89.1,31653.2,34443.0,-1.7389,-1.3697,148.0,96.9,0.523
89.12,31679.0,34432.6,-1.6101,-1.3952,148.0,96.9,0.523
89.14,31772.0,34557.9,-1.1454,-1.0869,148.0,96.9,0.523
89.16,31965.1,34830.7,-0.1808,-0.4161,148.0,96.9,0.523
89.18,32082.0,35327.7,0.4032,0.8061,148.0,96.9,0.523
89.2,32241.2,35615.2,1.1984,1.5132,148.0,96.9,0.523
89.22,32355.9,35731.6,1.7715,1.7994,148.0,96.9,0.523
89.24,32296.6,35757.3,1.475,1.8627,148.0,96.9,0.523
89.26,32233.8,35628.7,1.1617,1.5462,148.0,96.9,0.523
89.28,32203.5,35305.8,1.01,0.7521,148.0,96.9,0.523
89.3,32148.9,35138.2,0.7373,0.3401,148.0,96.9,0.523
89.32,31949.9,34977.3,-0.2569,-0.0555,148.0,96.9,0.523
89.34,31992.9,35061.0,-0.0418,0.1502,148.0,96.9,0.523
89.36,31885.3,34987.8,-0.5793,-0.0299,148.0,96.9,0.523
89.38,31888.8,34905.7,-0.5619,-0.2318,148.0,96.9,0.523
89.4,31883.6,34781.3,-0.5879,-0.5377,148.0,96.9,0.523
89.42,31797.4,34715.0,-1.0184,-0.7007,148.0,96.9,0.523
89.44,31778.0,34695.9,-1.1153,-0.7475,148.0,96.9,0.523
89.46,31894.2,34626.4,-0.5351,-0.9185,148.0,96.9,0.523
89.48,31835.1,34589.9,-0.8301,-1.0084,148.0,96.9,0.523
89.5,31796.4,34545.1,-1.0236,-1.1185,148.0,96.9,0.523
89.52,31739.7,34400.1,-1.3067,-1.475,148.0,96.9,0.523
89.54,31728.0,34549.7,-1.365,-1.1072,148.0,96.9,0.523
89.56,31838.1,34742.2,-0.8151,-0.6338,148.0,96.9,0.523
89.58,32082.7,35133.9,0.4069,0.3296,148.0,96.9,0.523
89.6,32233.6,35533.8,1.1604,1.313,148.0,96.9,0.523
89.62,32456.3,35786.4,2.2728,1.9342,148.0,96.9,0.523
89.64,32279.8,35711.6,1.3914,1.7502,148.0,96.9,0.523
89.66,32328.6,35566.1,1.6348,1.3925,148.0,96.9,0.523
89.68,32235.1,35396.6,1.1681,0.9754,148.0,96.9,0.523
89.7,32040.8,35283.3,0.1972,0.697,148.0,96.9,0.523
89.72,32025.9,35057.7,0.123,0.142,148.0,96.9,0.523
89.74,32032.5,35100.3,0.1559,0.2469,148.0,96.9,0.523
89.76,31968.5,35036.9,-0.1637,0.0911,148.0,96.9,0.523
89.78,31958.2,34947.1,-0.2153,-0.1298,148.0,96.9,0.523
89.8,31924.9,34804.1,-0.3815,-0.4814,148.0,96.9,0.523
89.82,31834.8,34659.9,-0.8315,-0.8362,148.0,96.9,0.523
89.84,31920.6,34635.3,-0.4032,-0.8967,148.0,96.9,0.523
89.86,31924.3,34611.3,-0.3847,-0.9556,148.0,96.9,0.523
89.88,31826.5,34560.5,-0.8732,-1.0805,148.0,96.9,0.523
89.9,31762.2,34461.1,-1.1944,-1.325,148.0,96.9,0.523
89.92,31702.5,34381.3,-1.4924,-1.5212,148.0,96.9,0.523
89.94,31666.7,34414.5,-1.6715,-1.4396,148.0,96.9,0.523
89.96,31815.8,34653.7,-0.9268,-0.8513,148.0,96.9,0.523
89.98,31973.5,35040.1,-0.1391,0.0989,148.0,96.9,0.523
90.0,32101.6,35328.7,0.5011,0.8087,148.0,96.9,0.523
90.02,32345.6,35730.1,1.7199,1.7958,148.0,96.9,0.523
90.04,32326.6,35710.3,1.6248,1.7469,148.0,96.9,0.523
90.06,32247.7,35614.2,1.2309,1.5107,148.0,96.9,0.523
90.08,32348.1,35444.0,1.7326,1.092,148.0,96.9,0.523
90.1,32140.5,35291.9,0.6955,0.7181,148.0,96.9,0.523
90.12,32098.3,35108.2,0.4847,0.2664,148.0,96.9,0.523
90.14,32053.8,35067.3,0.2621,0.1656,148.0,96.9,0.523
90.16,32023.8,35001.1,0.1125,0.0028,148.0,96.9,0.523
90.18,31986.0,34834.7,-0.0765,-0.4062,148.0,96.9,0.523
90.2,31989.0,34872.5,-0.0613,-0.3133,148.0,96.9,0.523
90.22,31888.2,34659.2,-0.5649,-0.838,148.0,96.9,0.523
90.24,31945.6,34716.6,-0.2781,-0.6967,148.0,96.9,0.523
90.26,31828.5,34791.0,-0.8633,-0.5138,148.0,96.9,0.523
90.28,31773.1,34539.7,-1.1398,-1.1318,148.0,96.9,0.523
90.3,31713.6,34499.2,-1.4373,-1.2313,148.0,96.9,0.523
90.32,31654.5,34401.6,-1.7322,-1.4714,148.0,96.9,0.523
90.34,31715.4,34471.8,-1.4283,-1.2986,148.0,96.9,0.523
90.36,31787.4,34596.9,-1.0683,-0.9911,148.0,96.9,0.523
90.38,31920.5,34830.2,-0.4037,-0.4172,148.0,96.9,0.523
90.4,32221.8,35257.2,1.1014,0.6328,148.0,96.9,0.523
90.42,32316.9,35648.5,1.5765,1.595,148.0,96.9,0.523
90.44,32290.9,35697.3,1.4468,1.715,148.0,96.9,0.523
90.46,32296.4,35742.0,1.474,1.8249,148.0,96.9,0.523
90.48,32263.0,35526.8,1.3075,1.2957,148.0,96.9,0.523
90.5,32104.7,35347.8,0.5167,0.8555,148.0,96.9,0.523
90.52,32181.9,35202.9,0.9023,0.4991,148.0,96.9,0.523
90.54,32075.3,35109.1,0.3697,0.2685,148.0,96.9,0.523
90.56,31988.9,35124.1,-0.0617,0.3053,148.0,96.9,0.523
90.58,31948.5,34909.1,-0.2637,-0.2234,148.0,96.9,0.523
90.6,31966.6,34822.2,-0.1733,-0.4371,148.0,96.9,0.523
90.62,31843.0,34688.9,-0.7906,-0.7648,148.0,96.9,0.523
90.64,31832.1,34601.6,-0.8451,-0.9796,148.0,96.9,0.523
90.66,31863.3,34487.2,-0.6892,-1.261,148.0,96.9,0.523
90.68,31813.5,34616.1,-0.9379,-0.9439,148.0,96.9,0.523
90.7,31817.6,34604.2,-0.9175,-0.9731,148.0,96.9,0.523
90.72,31710.6,34482.6,-1.4518,-1.2722,148.0,96.9,0.523
90.74,31705.8,34501.2,-1.476,-1.2264,148.0,96.9,0.523
90.76,31836.0,34594.9,-0.8257,-0.996,148.0,96.9,0.523
90.78,31832.9,34766.1,-0.8411,-0.5749,148.0,96.9,0.523
90.8,32022.8,35147.1,0.1075,0.362,148.0,96.9,0.523
90.82,32139.0,35471.2,0.6878,1.1591,148.0,96.9,0.523
90.84,32361.4,35791.2,1.7989,1.9459,148.0,96.9,0.523
90.86,32396.0,35769.6,1.9718,1.8927,148.0,96.9,0.523
90.88,32228.7,35644.7,1.136,1.5858,148.0,96.9,0.523
90.9,32217.1,35480.6,1.0782,1.1822,148.0,96.9,0.523
90.92,32198.4,35163.7,0.9848,0.4029,148.0,96.9,0.523
90.94,32010.3,35108.7,0.0451,0.2674,148.0,96.9,0.523
90.96,32110.4,35037.8,0.5449,0.0931,148.0,96.9,0.523
90.98,32022.5,35024.9,0.1059,0.0614,148.0,96.9,0.523
91.0,31935.2,34917.8,-0.33,-0.2019,148.0,96.9,0.523
91.02,31899.0,34745.0,-0.5111,-0.6268,148.0,96.9,0.523
91.04,31941.5,34561.8,-0.2984,-1.0774,148.0,96.9,0.523
91.06,31826.7,34626.3,-0.8722,-0.9187,148.0,96.9,0.523
91.08,31842.7,34572.0,-0.792,-1.0524,148.0,96.9,0.523
91.1,31791.3,34663.2,-1.0491,-0.8281,148.0,96.9,0.523
91.12,31756.0,34586.6,-1.2252,-1.0164,148.0,96.9,0.523
91.14,31700.2,34493.7,-1.504,-1.2448,148.0,96.9,0.523
91.16,31781.9,34527.9,-1.096,-1.1608,148.0,96.9,0.523
91.18,31837.3,34688.9,-0.819,-0.7648,148.0,96.9,0.523
91.2,32030.1,35058.6,0.1437,0.1444,148.0,96.9,0.523
91.22,32211.0,35403.6,1.0474,0.9928,148.0,96.9,0.523
91.24,32282.5,35761.2,1.4045,1.8723,148.0,96.9,0.523
91.26,32370.4,35729.5,1.8436,1.7942,148.0,96.9,0.523
91.28,32323.1,35605.0,1.6077,1.488,148.0,96.9,0.523
91.3,32238.8,35409.1,1.1865,1.0063,148.0,96.9,0.523
91.32,32114.0,35304.0,0.5628,0.7479,148.0,96.9,0.523
91.34,32245.6,35125.9,1.2202,0.3097,148.0,96.9,0.523
91.36,32153.2,35016.7,0.7588,0.0412,148.0,96.9,0.523
91.38,32004.7,35072.8,0.0173,0.1792,148.0,96.9,0.523
91.4,31966.9,35005.1,-0.172,0.0127,148.0,96.9,0.523
91.42,31829.6,34799.8,-0.8575,-0.4922,148.0,96.9,0.523
91.44,31902.2,34780.7,-0.4951,-0.539,148.0,96.9,0.523
91.46,31914.1,34669.9,-0.4356,-0.8115,148.0,96.9,0.523
91.48,31765.9,34698.1,-1.1757,-0.7421,148.0,96.9,0.523
91.5,31749.9,34613.5,-1.2555,-0.9502,148.0,96.9,0.523
91.52,31762.7,34528.3,-1.192,-1.1597,148.0,96.9,0.523
91.54,31799.5,34416.9,-1.0079,-1.4337,148.0,96.9,0.523
91.56,31836.1,34599.8,-0.8254,-0.9839,148.0,96.9,0.523
91.58,31867.6,34650.0,-0.6678,-0.8605,148.0,96.9,0.523
91.6,32009.4,35026.0,0.0407,0.0641,148.0,96.9,0.523
91.62,32170.9,35370.7,0.8473,0.9118,148.0,96.9,0.523
91.64,32318.4,35603.2,1.5838,1.4837,148.0,96.9,0.523
91.66,32342.8,35818.9,1.7059,2.0141,148.0,96.9,0.523
91.68,32314.1,35666.9,1.5624,1.6403,148.0,96.9,0.523
91.7,32264.1,35369.1,1.3129,0.908,148.0,96.9,0.523
91.72,32045.4,35277.3,0.2205,0.6821,148.0,96.9,0.523
91.74,32148.3,35208.4,0.7345,0.5128,148.0,96.9,0.523
91.76,32015.4,35108.8,0.0705,0.2679,148.0,96.9,0.523
91.78,32009.1,35060.5,0.0389,0.1491,148.0,96.9,0.523
91.8,31969.1,34912.8,-0.1606,-0.2143,148.0,96.9,0.523
91.82,31979.4,34869.3,-0.1092,-0.3211,148.0,96.9,0.523
91.84,31840.9,34697.0,-0.8013,-0.7449,148.0,96.9,0.523
91.86,31808.3,34706.7,-0.9638,-0.7212,148.0,96.9,0.523
91.88,31803.1,34655.3,-0.9898,-0.8476,148.0,96.9,0.523
91.9,31876.8,34609.1,-0.6217,-0.9611,148.0,96.9,0.523
91.92,31788.0,34508.7,-1.0653,-1.208,148.0,96.9,0.523
91.94,31731.7,34484.8,-1.3467,-1.2667,148.0,96.9,0.523
91.96,31720.5,34463.0,-1.4028,-1.3204,148.0,96.9,0.523
91.98,31803.1,34554.3,-0.9901,-1.0958,148.0,96.9,0.523
92.0,31918.4,34976.7,-0.414,-0.0572,148.0,96.9,0.523
92.02,32199.5,35239.7,0.99,0.5897,148.0,96.9,0.523
92.04,32350.6,35606.9,1.7451,1.4927,148.0,96.9,0.523
92.06,32405.2,35785.5,2.0176,1.9318,148.0,96.9,0.523
92.08,32399.5,35798.5,1.9894,1.9639,148.0,96.9,0.523
92.1,32210.9,35439.8,1.0468,1.0817,148.0,96.9,0.523
92.12,32139.0,35338.5,0.6879,0.8327,148.0,96.9,0.523
92.14,32082.8,35234.3,0.4071,0.5764,148.0,96.9,0.523
92.16,32052.2,34987.4,0.2544,-0.0307,148.0,96.9,0.523
92.18,32015.0,35000.7,0.0686,0.0019,148.0,96.9,0.523
92.2,32053.0,34835.4,0.2582,-0.4046,148.0,96.9,0.523
92.22,31983.4,34893.1,-0.0893,-0.2627,148.0,96.9,0.523
92.24,31929.8,34664.5,-0.357,-0.8248,148.0,96.9,0.523
92.26,31937.4,34673.3,-0.3192,-0.8033,148.0,96.9,0.523
92.28,31845.6,34622.6,-0.7778,-0.9278,148.0,96.9,0.523
92.3,31846.6,34588.9,-0.7728,-1.0108,148.0,96.9,0.523
92.32,31756.3,34653.9,-1.224,-0.8509,148.0,96.9,0.523
92.34,31796.0,34534.8,-1.0255,-1.1438,148.0,96.9,0.523
92.36,31775.5,34407.8,-1.128,-1.4561,148.0,96.9,0.523
92.38,31745.7,34514.0,-1.2768,-1.195,148.0,96.9,0.523
92.4,31865.4,34682.2,-0.6786,-0.7813,148.0,96.9,0.523
92.42,32104.2,35184.4,0.5141,0.4537,148.0,96.9,0.523
92.44,32289.4,35557.9,1.4392,1.3723,148.0,96.9,0.523
92.46,32263.3,35601.7,1.3091,1.48,148.0,96.9,0.523
92.48,32376.2,35659.1,1.8727,1.621,148.0,96.9,0.523
92.5,32274.5,35540.6,1.3647,1.3297,148.0,96.9,0.523
92.52,32104.7,35422.8,0.5165,1.04,148.0,96.9,0.523
92.54,32088.5,35179.7,0.4358,0.4421,148.0,96.9,0.523
92.56,32070.3,35099.1,0.3449,0.244,148.0,96.9,0.523
92.58,31985.5,35007.0,-0.079,0.0175,148.0,96.9,0.523
92.6,31979.4,35046.1,-0.1095,0.1135,148.0,96.9,0.523
92.62,31965.1,34890.3,-0.1807,-0.2695,148.0,96.9,0.523
92.64,31866.7,34780.3,-0.6722,-0.54,148.0,96.9,0.523
92.66,31868.7,34687.8,-0.6624,-0.7675,148.0,96.9,0.523
92.68,31758.8,34665.3,-1.2113,-0.8228,148.0,96.9,0.523
92.7,31882.0,34662.9,-0.596,-0.8287,148.0,96.9,0.523
92.72,31894.4,34624.0,-0.534,-0.9245,148.0,96.9,0.523
92.74,31882.5,34486.4,-0.5935,-1.2628,148.0,96.9,0.523
92.76,31790.8,34420.1,-1.0515,-1.4259,148.0,96.9,0.523
92.78,31691.5,34525.7,-1.5476,-1.1663,148.0,96.9,0.523
92.8,31802.4,34758.0,-0.9934,-0.595,148.0,96.9,0.523
92.82,31938.2,35085.0,-0.3152,0.2091,148.0,96.9,0.523
92.84,32162.5,35467.0,0.8052,1.1486,148.0,96.9,0.523
92.86,32333.1,35551.4,1.6576,1.3563,148.0,96.9,0.523
92.88,32373.4,35672.9,1.8589,1.6551,148.0,96.9,0.523
92.9,32308.8,35571.2,1.5362,1.405,148.0,96.9,0.523
92.92,32153.6,35406.0,0.7609,0.9987,148.0,96.9,0.523
92.94,32128.8,35205.5,0.6369,0.5056,148.0,96.9,0.523
92.96,32075.4,35176.7,0.3701,0.4348,148.0,96.9,0.523
92.98,32048.1,35129.2,0.2338,0.3179,148.0,96.9,0.523
93.0,31967.4,35048.5,-0.1695,0.1196,148.0,96.9,0.523
93.02,31995.5,34854.9,-0.0287,-0.3566,148.0,96.9,0.523
93.04,31913.4,34784.5,-0.4389,-0.5297,148.0,96.9,0.523
93.06,31813.5,34654.9,-0.9382,-0.8484,148.0,96.9,0.523
93.08,31814.5,34681.0,-0.9332,-0.7842,148.0,96.9,0.523
93.1,31795.2,34689.3,-1.0296,-0.7638,148.0,96.9,0.523
93.12,31770.2,34583.2,-1.1544,-1.0249,148.0,96.9,0.523
93.14,31808.4,34538.0,-0.9637,-1.136,148.0,96.9,0.523
93.16,31692.6,34478.3,-1.5418,-1.2828,148.0,96.9,0.523
93.18,31791.2,34467.6,-1.0494,-1.3092,148.0,96.9,0.523
93.2,31843.9,34669.8,-0.7864,-0.8118,148.0,96.9,0.523
93.22,31888.0,34934.5,-0.5661,-0.1608,148.0,96.9,0.523
93.24,32189.0,35329.6,0.9379,0.8107,148.0,96.9,0.523
93.26,32326.2,35663.8,1.623,1.6325,148.0,96.9,0.523
93.28,32299.9,35792.9,1.4916,1.9502,148.0,96.9,0.523
93.3,32330.1,35698.4,1.6423,1.7178,148.0,96.9,0.523
93.32,32346.7,35389.0,1.7253,0.957,148.0,96.9,0.523
93.34,32128.1,35369.7,0.6337,0.9095,148.0,96.9,0.523
93.36,32107.0,35162.1,0.5282,0.399,148.0,96.9,0.523
93.38,32046.2,35048.7,0.2246,0.1199,148.0,96.9,0.523
93.4,32150.3,35007.8,0.7443,0.0194,148.0,96.9,0.523
93.42,32055.4,34939.4,0.2702,-0.1487,148.0,96.9,0.523
93.44,31851.2,34892.1,-0.7497,-0.2651,148.0,96.9,0.523
93.46,31863.5,34707.5,-0.6884,-0.719,148.0,96.9,0.523
93.48,31884.9,34644.7,-0.5814,-0.8734,148.0,96.9,0.523
93.5,31887.4,34711.9,-0.5688,-0.7084,148.0,96.9,0.523
93.52,31798.9,34639.3,-1.0108,-0.8868,148.0,96.9,0.523
93.54,31775.7,34457.4,-1.1271,-1.3342,148.0,96.9,0.523
93.56,31771.0,34471.5,-1.1504,-1.2994,148.0,96.9,0.523
93.58,31736.5,34304.2,-1.3225,-1.711,148.0,96.9,0.523
93.6,31775.4,34657.4,-1.1283,-0.8424,148.0,96.9,0.523
93.62,32046.6,34956.5,0.2263,-0.1067,148.0,96.9,0.523
93.64,32094.2,35273.1,0.464,0.6719,148.0,96.9,0.523
93.66,32265.8,35549.7,1.3212,1.352,148.0,96.9,0.523
93.68,32473.0,35749.3,2.3562,1.8429,148.0,96.9,0.523
93.7,32286.2,35713.4,1.4233,1.7547,148.0,96.9,0.523
93.72,32347.9,35577.6,1.7314,1.4206,148.0,96.9,0.523
93.74,32262.6,35319.3,1.3051,0.7855,148.0,96.9,0.523
93.76,32082.4,35149.5,0.4054,0.368,148.0,96.9,0.523
93.78,32018.6,35065.6,0.0863,0.1615,148.0,96.9,0.523
93.8,32152.6,34984.4,0.7559,-0.0381,148.0,96.9,0.523
93.82,31964.3,34955.4,-0.1848,-0.1095,148.0,96.9,0.523
93.84,31905.9,34824.4,-0.4766,-0.4317,148.0,96.9,0.523
93.86,31883.7,34765.5,-0.5876,-0.5765,148.0,96.9,0.523
93.88,31862.3,34679.1,-0.6942,-0.7891,148.0,96.9,0.523
93.9,31794.0,34601.1,-1.0354,-0.9807,148.0,96.9,0.523
93.92,31809.4,34618.8,-0.9587,-0.9373,148.0,96.9,0.523
93.94,31810.0,34657.6,-0.9554,-0.8418,148.0,96.9,0.523
93.96,31732.4,34558.9,-1.3434,-1.0845,148.0,96.9,0.523
93.98,31736.6,34518.7,-1.3224,-1.1834,148.0,96.9,0.523
94.0,31714.1,34533.9,-1.4348,-1.146,148.0,96.9,0.523
94.02,31956.0,34784.6,-0.2262,-0.5294,148.0,96.9,0.523
94.04,32105.9,35109.9,0.5226,0.2706,148.0,96.9,0.523
94.06,32278.7,35446.8,1.3859,1.0991,148.0,96.9,0.523
94.08,32296.5,35714.0,1.4748,1.756,148.0,96.9,0.523
94.1,32382.4,35629.5,1.9035,1.5482,148.0,96.9,0.523
94.12,32244.8,35653.7,1.2165,1.6079,148.0,96.9,0.523
94.14,32264.1,35378.7,1.3129,0.9315,148.0,96.9,0.523
94.16,32073.1,35230.3,0.3589,0.5667,148.0,96.9,0.523
94.18,32099.3,35197.1,0.4898,0.4848,148.0,96.9,0.523
94.2,32086.7,35073.4,0.4265,0.1808,148.0,96.9,0.523
94.22,32015.3,35012.5,0.0702,0.0308,148.0,96.9,0.523
94.24,31906.9,34917.9,-0.4717,-0.2016,148.0,96.9,0.523
94.26,31871.1,34736.3,-0.6502,-0.6482,148.0,96.9,0.523
94.28,31737.8,34632.1,-1.3161,-0.9046,148.0,96.9,0.523
94.3,31858.5,34592.4,-0.7132,-1.0021,148.0,96.9,0.523
94.32,31882.0,34697.5,-0.5958,-0.7438,148.0,96.9,0.523
94.34,31770.5,34653.1,-1.1531,-0.8529,148.0,96.9,0.523
94.36,31838.2,34550.1,-0.8149,-1.1061,148.0,96.9,0.523
94.38,31740.8,34541.5,-1.3013,-1.1272,148.0,96.9,0.523
94.4,31864.0,34415.1,-0.6856,-1.4381,148.0,96.9,0.523
94.42,31875.0,34715.5,-0.6309,-0.6993,148.0,96.9,0.523
94.44,32029.8,35083.9,0.1423,0.2066,148.0,96.9,0.523
94.46,32174.8,35420.0,0.8666,1.0331,148.0,96.9,0.523
94.48,32299.0,35650.8,1.487,1.6007,148.0,96.9,0.523
94.5,32391.7,35707.8,1.9503,1.741,148.0,96.9,0.523
94.52,32271.8,35625.8,1.3512,1.5393,148.0,96.9,0.523
94.54,32265.4,35512.4,1.3194,1.2603,148.0,96.9,0.523
94.56,32074.9,35192.6,0.3676,0.4738,148.0,96.9,0.523
94.58,32132.9,35095.5,0.6574,0.235,148.0,96.9,0.523
94.6,32095.1,35041.0,0.4686,0.101,148.0,96.9,0.523
94.62,32092.4,35031.6,0.4551,0.0779,148.0,96.9,0.523
94.64,31980.6,34963.2,-0.1034,-0.0904,148.0,96.9,0.523
94.66,31874.8,34879.9,-0.6316,-0.2951,148.0,96.9,0.523
94.68,31867.4,34644.9,-0.6691,-0.8731,148.0,96.9,0.523
94.7,31814.2,34792.6,-0.9346,-0.5098,148.0,96.9,0.523
94.72,31800.7,34625.0,-1.002,-0.9219,148.0,96.9,0.523
94.74,31784.2,34543.6,-1.0845,-1.1221,148.0,96.9,0.523
94.76,31742.7,34495.4,-1.2918,-1.2408,148.0,96.9,0.523
94.78,31793.8,34445.6,-1.0367,-1.3632,148.0,96.9,0.523
94.8,31725.1,34457.9,-1.3795,-1.3329,148.0,96.9,0.523
94.82,31859.6,34466.2,-0.7076,-1.3125,148.0,96.9,0.523
94.84,31931.2,34990.7,-0.3502,-0.0227,148.0,96.9,0.523
94.86,32122.9,35306.4,0.6077,0.7536,148.0,96.9,0.523
94.88,32383.5,35652.3,1.9094,1.6044,148.0,96.9,0.523
94.9,32365.6,35717.1,1.8197,1.7638,148.0,96.9,0.523
94.92,32246.2,35771.9,1.2236,1.8985,148.0,96.9,0.523
94.94,32219.2,35510.2,1.0883,1.2548,148.0,96.9,0.523
94.96,32222.1,35277.4,1.1031,0.6825,148.0,96.9,0.523
94.98,32013.4,35211.5,0.0607,0.5202,148.0,96.9,0.523
95.0,32073.4,35098.1,0.3604,0.2414,148.0,96.9,0.523
95.02,32000.9,35022.7,-0.002,0.056,148.0,96.9,0.523
95.04,32027.9,35081.4,0.1328,0.2004,148.0,96.9,0.523
95.06,31922.2,34887.1,-0.3952,-0.2775,148.0,96.9,0.523
95.08,31841.3,34773.8,-0.7991,-0.556,148.0,96.9,0.523
95.1,31799.7,34696.0,-1.0072,-0.7473,148.0,96.9,0.523
95.12,31794.4,34723.2,-1.0333,-0.6805,148.0,96.9,0.523
95.14,31819.4,34632.5,-0.9085,-0.9034,148.0,96.9,0.523
95.16,31752.2,34679.8,-1.2442,-0.7873,148.0,96.9,0.523
95.18,31670.6,34465.8,-1.6518,-1.3136,148.0,96.9,0.523
95.2,31813.9,34521.0,-0.9358,-1.1777,148.0,96.9,0.523
95.22,31869.7,34553.7,-0.6574,-1.0973,148.0,96.9,0.523
95.24,31897.2,34778.9,-0.5201,-0.5435,148.0,96.9,0.523
95.26,32024.9,35244.3,0.1181,0.6011,148.0,96.9,0.523
95.28,32306.5,35572.6,1.5247,1.4084,148.0,96.9,0.523
95.3,32278.6,35769.9,1.3853,1.8935,148.0,96.9,0.523
95.32,32314.0,35740.1,1.5623,1.8203,148.0,96.9,0.523
95.34,32255.9,35500.3,1.2717,1.2305,148.0,96.9,0.523
95.36,32178.0,35345.9,0.8826,0.8508,148.0,96.9,0.523
95.38,32080.7,35260.6,0.3965,0.641,148.0,96.9,0.523
95.4,32035.6,35096.9,0.1712,0.2385,148.0,96.9,0.523
95.42,32038.3,35138.2,0.1847,0.3402,148.0,96.9,0.523
95.44,31958.9,35035.0,-0.2117,0.0863,148.0,96.9,0.523
95.46,31967.2,34861.6,-0.1703,-0.3402,148.0,96.9,0.523
95.48,31923.7,34726.8,-0.3877,-0.6716,148.0,96.9,0.523
95.5,31789.1,34685.8,-1.0599,-0.7724,148.0,96.9,0.523
95.52,31865.9,34655.1,-0.6765,-0.848,148.0,96.9,0.523
95.54,31827.9,34596.1,-0.8663,-0.9931,148.0,96.9,0.523
95.56,31855.5,34597.9,-0.7284,-0.9887,148.0,96.9,0.523
95.58,31704.1,34496.5,-1.4848,-1.238,148.0,96.9,0.523
95.6,31770.8,34456.3,-1.1515,-1.3369,148.0,96.9,0.523
95.62,31790.0,34512.7,-1.0556,-1.1981,148.0,96.9,0.523
95.64,31928.4,34745.8,-0.3643,-0.6249,148.0,96.9,0.523
95.66,32117.0,35090.4,0.578,0.2224,148.0,96.9,0.523
95.68,32245.3,35517.3,1.2191,1.2723,148.0,96.9,0.523
95.7,32356.1,35735.9,1.7723,1.81,148.0,96.9,0.523
95.72,32370.8,35717.0,1.8458,1.7635,148.0,96.9,0.523
95.74,32311.3,35637.8,1.5488,1.5687,148.0,96.9,0.523
95.76,32214.9,35394.3,1.0668,0.9699,148.0,96.9,0.523
95.78,32107.5,35241.8,0.5305,0.595,148.0,96.9,0.523
95.8,32072.8,35116.6,0.357,0.287,148.0,96.9,0.523
95.82,32092.1,35126.1,0.4535,0.3102,148.0,96.9,0.523
95.84,32015.4,34981.2,0.0706,-0.046,148.0,96.9,0.523
95.86,31970.9,34883.7,-0.1518,-0.2859,148.0,96.9,0.523
95.88,31948.1,34840.4,-0.2657,-0.3923,148.0,96.9,0.523
95.9,31860.3,34615.7,-0.7042,-0.9448,148.0,96.9,0.523
95.92,31907.1,34677.9,-0.4705,-0.792,148.0,96.9,0.523
95.94,31776.3,34593.8,-1.1239,-0.9988,148.0,96.9,0.523
95.96,31948.0,34604.6,-0.2663,-0.9721,148.0,96.9,0.523
95.98,31769.1,34492.9,-1.1599,-1.2468,148.0,96.9,0.523
96.0,31845.5,34467.0,-0.778,-1.3105,148.0,96.9,0.523
96.02,31757.2,34469.9,-1.2194,-1.3033,148.0,96.9,0.523
96.04,31872.8,34743.2,-0.6419,-0.6312,148.0,96.9,0.523
96.06,31981.1,35019.4,-0.1008,0.048,148.0,96.9,0.523
96.08,32190.5,35415.4,0.9454,1.0218,148.0,96.9,0.523
96.1,32310.7,35606.9,1.5456,1.4927,148.0,96.9,0.523
96.12,32345.1,35737.8,1.7172,1.8147,148.0,96.9,0.523
96.14,32330.3,35647.7,1.6435,1.5931,148.0,96.9,0.523
96.16,32336.2,35416.8,1.6729,1.0253,148.0,96.9,0.523
96.18,32132.2,35318.6,0.654,0.7838,148.0,96.9,0.523
96.2,32038.4,35211.4,0.1852,0.5201,148.0,96.9,0.523
96.22,32026.3,35152.9,0.1251,0.3761,148.0,96.9,0.523
96.24,32062.0,34991.9,0.3033,-0.0197,148.0,96.9,0.523
96.26,32019.4,34975.3,0.0905,-0.0605,148.0,96.9,0.523
96.28,31870.3,34856.1,-0.6544,-0.3536,148.0,96.9,0.523
96.3,31892.9,34676.4,-0.5415,-0.7956,148.0,96.9,0.523
96.32,31856.7,34660.2,-0.7221,-0.8353,148.0,96.9,0.523
96.34,31951.1,34785.8,-0.2506,-0.5264,148.0,96.9,0.523
96.36,31912.8,34617.3,-0.4422,-0.9409,148.0,96.9,0.523
96.38,31765.1,34617.0,-1.1799,-0.9415,148.0,96.9,0.523
96.4,31669.4,34556.5,-1.658,-1.0904,148.0,96.9,0.523
96.42,31801.1,34482.0,-0.9999,-1.2737,148.0,96.9,0.523
96.44,31788.9,34623.1,-1.0608,-0.9268,148.0,96.9,0.523
96.46,32020.1,34900.4,0.0941,-0.2447,148.0,96.9,0.523
96.48,32111.7,35280.1,0.5515,0.6892,148.0,96.9,0.523
96.5,32313.1,35634.8,1.5577,1.5612,148.0,96.9,0.523
96.52,32271.5,35662.8,1.3497,1.6301,148.0,96.9,0.523
96.54,32272.5,35714.2,1.3545,1.7566,148.0,96.9,0.523
96.56,32353.4,35589.5,1.7588,1.4499,148.0,96.9,0.523
96.58,32106.2,35395.9,0.5242,0.9738,148.0,96.9,0.523
96.6,32086.4,35146.6,0.4249,0.3607,148.0,96.9,0.523
96.62,32060.6,35106.5,0.2961,0.2621,148.0,96.9,0.523
96.64,32062.9,34973.8,0.308,-0.0642,148.0,96.9,0.523
96.66,31919.8,34954.1,-0.4072,-0.1128,148.0,96.9,0.523
96.68,31905.4,34888.0,-0.4791,-0.2752,148.0,96.9,0.523
96.7,31926.2,34773.4,-0.375,-0.557,148.0,96.9,0.523
96.72,31854.2,34685.0,-0.7348,-0.7745,148.0,96.9,0.523
96.74,31790.9,34697.6,-1.0507,-0.7435,148.0,96.9,0.523
96.76,31801.5,34601.6,-0.9979,-0.9795,148.0,96.9,0.523
96.78,31820.4,34541.9,-0.9036,-1.1264,148.0,96.9,0.523
96.8,31668.8,34519.7,-1.661,-1.1808,148.0,96.9,0.523
96.82,31693.7,34466.5,-1.5365,-1.3119,148.0,96.9,0.523
96.84,31793.3,34596.1,-1.0388,-0.993,148.0,96.9,0.523
96.86,31842.6,34817.5,-0.7927,-0.4485,148.0,96.9,0.523
96.88,32048.4,35244.3,0.2352,0.601,148.0,96.9,0.523
96.9,32142.7,35561.0,0.7062,1.3799,148.0,96.9,0.523
96.92,32390.1,35861.2,1.9423,2.118,148.0,96.9,0.523
96.94,32341.8,35685.6,1.701,1.6861,148.0,96.9,0.523
96.96,32276.6,35536.4,1.3754,1.3195,148.0,96.9,0.523
96.98,32082.7,35399.5,0.4064,0.9826,148.0,96.9,0.523
97.0,32138.9,35154.5,0.6874,0.3802,148.0,96.9,0.523
97.02,32051.8,35114.8,0.2522,0.2824,148.0,96.9,0.523
97.04,32063.7,35157.8,0.3118,0.3882,148.0,96.9,0.523
97.06,31935.8,34959.7,-0.3272,-0.099,148.0,96.9,0.523
97.08,31893.1,34903.1,-0.5404,-0.2381,148.0,96.9,0.523
97.1,31923.9,34805.2,-0.3867,-0.4788,148.0,96.9,0.523
97.12,31808.4,34695.8,-0.9635,-0.7479,148.0,96.9,0.523
97.14,31836.5,34690.5,-0.8232,-0.7609,148.0,96.9,0.523
97.16,31892.3,34674.9,-0.5443,-0.7993,148.0,96.9,0.523
97.18,31844.1,34609.7,-0.7852,-0.9595,148.0,96.9,0.523
97.2,31744.1,34559.6,-1.2847,-1.0828,148.0,96.9,0.523
97.22,31715.1,34497.2,-1.4295,-1.2362,148.0,96.9,0.523
97.24,31735.6,34523.1,-1.327,-1.1725,148.0,96.9,0.523
97.26,31904.5,34756.8,-0.4835,-0.5979,148.0,96.9,0.523
97.28,32110.3,35051.9,0.5443,0.1277,148.0,96.9,0.523
97.3,32159.5,35442.8,0.7901,1.0891,148.0,96.9,0.523
97.32,32321.8,35751.1,1.601,1.8474,148.0,96.9,0.523
97.34,32436.1,35681.4,2.1722,1.6759,148.0,96.9,0.523
97.36,32298.1,35574.6,1.4826,1.4133,148.0,96.9,0.523
97.38,32220.8,35426.9,1.0967,1.0501,148.0,96.9,0.523
97.4,32186.8,35193.7,0.9268,0.4766,148.0,96.9,0.523
97.42,32014.0,35153.7,0.0635,0.3783,148.0,96.9,0.523
97.44,32144.7,35071.5,0.7161,0.1761,148.0,96.9,0.523
97.46,31988.2,35088.7,-0.0654,0.2183,148.0,96.9,0.523
97.48,31921.1,34916.7,-0.4005,-0.2046,148.0,96.9,0.523
97.5,31825.9,34852.0,-0.8759,-0.3638,148.0,96.9,0.523
97.52,31874.1,34685.1,-0.6353,-0.7743,148.0,96.9,0.523
97.54,31785.1,34762.1,-1.08,-0.5847,148.0,96.9,0.523
97.56,31863.4,34655.9,-0.6888,-0.8461,148.0,96.9,0.523
97.58,31824.4,34610.6,-0.8834,-0.9575,148.0,96.9,0.523
97.6,31858.0,34449.3,-0.7158,-1.354,148.0,96.9,0.523
97.62,31832.1,34540.9,-0.8453,-1.1289,148.0,96.9,0.523
97.64,31661.6,34514.4,-1.6966,-1.1939,148.0,96.9,0.523
97.66,31808.8,34595.8,-0.9617,-0.9939,148.0,96.9,0.523
97.68,32047.3,34949.5,0.23,-0.1241,148.0,96.9,0.523
97.7,32206.8,35308.3,1.0264,0.7583,148.0,96.9,0.523
97.72,32360.4,35633.1,1.7937,1.557,148.0,96.9,0.523
97.74,32355.0,35725.8,1.7671,1.7852,148.0,96.9,0.523
97.76,32380.4,35687.9,1.8937,1.6919,148.0,96.9,0.523
97.78,32257.8,35530.6,1.2814,1.3052,148.0,96.9,0.523
97.8,32131.3,35264.1,0.6497,0.6497,148.0,96.9,0.523
97.82,32073.2,35045.8,0.3594,0.1128,148.0,96.9,0.523
97.84,32020.9,35065.5,0.0978,0.1613,148.0,96.9,0.523
97.86,32103.6,35038.6,0.5113,0.0952,148.0,96.9,0.523
97.88,31924.6,34907.0,-0.3831,-0.2284,148.0,96.9,0.523
97.9,31839.9,34860.8,-0.8062,-0.342,148.0,96.9,0.523
97.92,31926.8,34796.5,-0.3722,-0.5003,148.0,96.9,0.523
97.94,31816.0,34665.7,-0.9255,-0.822,148.0,96.9,0.523
97.96,31855.2,34678.1,-0.7299,-0.7915,148.0,96.9,0.523
97.98,31791.6,34690.6,-1.0474,-0.7607,148.0,96.9,0.523
98.0,31782.0,34647.2,-1.0954,-0.8675,148.0,96.9,0.523
98.02,31831.4,34516.7,-0.8487,-1.1883,148.0,96.9,0.523
98.04,31719.2,34397.8,-1.4092,-1.4808,148.0,96.9,0.523
98.06,31857.6,34618.2,-0.7179,-0.9387,148.0,96.9,0.523
98.08,31937.1,34936.5,-0.3207,-0.1559,148.0,96.9,0.523
98.1,32129.3,35246.7,0.6395,0.607,148.0,96.9,0.523
98.12,32373.6,35581.6,1.8599,1.4304,148.0,96.9,0.523
98.14,32345.8,35748.4,1.7212,1.8407,148.0,96.9,0.523
98.16,32327.4,35790.8,1.6292,1.945,148.0,96.9,0.523
98.18,32254.7,35565.9,1.2657,1.392,148.0,96.9,0.523
98.2,32180.5,35293.9,0.8953,0.723,148.0,96.9,0.523
98.22,32090.1,35148.5,0.4436,0.3654,148.0,96.9,0.523
98.24,32092.1,35095.2,0.4534,0.2343,148.0,96.9,0.523
98.26,32007.4,34974.9,0.0303,-0.0615,148.0,96.9,0.523
98.28,31981.3,34957.0,-0.1001,-0.1055,148.0,96.9,0.523
98.3,31865.0,34818.4,-0.6806,-0.4465,148.0,96.9,0.523
98.32,31832.3,34738.9,-0.8443,-0.6419,148.0,96.9,0.523
98.34,31838.9,34680.4,-0.8113,-0.7858,148.0,96.9,0.523
98.36,31814.3,34594.8,-0.9342,-0.9963,148.0,96.9,0.523
98.38,31879.8,34635.7,-0.6069,-0.8956,148.0,96.9,0.523
98.4,31807.6,34560.6,-0.9675,-1.0803,148.0,96.9,0.523
98.42,31820.0,34556.5,-0.9053,-1.0906,148.0,96.9,0.523
98.44,31713.1,34474.4,-1.4393,-1.2924,148.0,96.9,0.523
98.46,31824.1,34511.0,-0.8851,-1.2022,148.0,96.9,0.523
98.48,31885.7,34758.6,-0.5775,-0.5935,148.0,96.9,0.523
98.5,32067.1,35210.1,0.3286,0.5169,148.0,96.9,0.523
98.52,32298.3,35532.0,1.4838,1.3085,148.0,96.9,0.523
98.54,32348.8,35749.6,1.7361,1.8438,148.0,96.9,0.523
98.56,32388.9,35768.4,1.9364,1.8898,148.0,96.9,0.523
98.58,32259.1,35614.7,1.2878,1.512,148.0,96.9,0.523
98.6,32123.6,35368.0,0.611,0.9053,148.0,96.9,0.523
98.62,32086.5,35308.7,0.4259,0.7594,148.0,96.9,0.523
98.64,32035.8,35165.3,0.1726,0.4067,148.0,96.9,0.523
98.66,31981.9,35103.8,-0.0969,0.2555,148.0,96.9,0.523
98.68,31960.9,34958.7,-0.2017,-0.1015,148.0,96.9,0.523
98.7,31863.5,34963.5,-0.6885,-0.0895,148.0,96.9,0.523
98.72,31928.8,34796.2,-0.3619,-0.5009,148.0,96.9,0.523
98.74,31862.5,34726.2,-0.6934,-0.6731,148.0,96.9,0.523
98.76,31810.4,34656.1,-0.9537,-0.8456,148.0,96.9,0.523
98.78,31887.8,34725.7,-0.5669,-0.6743,148.0,96.9,0.523
98.8,31806.6,34631.1,-0.9724,-0.907,148.0,96.9,0.523
98.82,31708.0,34509.8,-1.4651,-1.2054,148.0,96.9,0.523
98.84,31685.1,34504.5,-1.5795,-1.2183,148.0,96.9,0.523
98.86,31734.2,34459.4,-1.3341,-1.3293,148.0,96.9,0.523
98.88,31884.8,34703.0,-0.5817,-0.7302,148.0,96.9,0.523
98.9,32035.2,35050.4,0.1695,0.1241,148.0,96.9,0.523
98.92,32195.9,35368.1,0.9719,0.9053,148.0,96.9,0.523
98.94,32335.6,35699.5,1.6698,1.7205,148.0,96.9,0.523
98.96,32360.3,35730.1,1.7933,1.7956,148.0,96.9,0.523
98.98,32361.2,35649.3,1.798,1.5971,148.0,96.9,0.523
99.0,32203.9,35493.6,1.012,1.2142,148.0,96.9,0.523
99.02,32169.6,35334.2,0.8409,0.8222,148.0,96.9,0.523
99.04,32030.4,35076.2,0.1455,0.1876,148.0,96.9,0.523
99.06,32016.1,35212.9,0.0739,0.5237,148.0,96.9,0.523
99.08,32080.1,34945.7,0.3939,-0.1334,148.0,96.9,0.523
99.1,31879.6,35075.1,-0.6081,0.185,148.0,96.9,0.523
99.12,31937.0,34823.3,-0.3211,-0.4343,148.0,96.9,0.523
99.14,31920.5,34736.7,-0.4035,-0.6474,148.0,96.9,0.523
99.16,31842.8,34658.4,-0.7915,-0.8398,148.0,96.9,0.523
99.18,31834.8,34711.6,-0.8315,-0.709,148.0,96.9,0.523
99.2,31778.0,34668.4,-1.1152,-0.8153,148.0,96.9,0.523
99.22,31779.0,34524.7,-1.1106,-1.1686,148.0,96.9,0.523
99.24,31754.2,34466.3,-1.2345,-1.3123,148.0,96.9,0.523
99.26,31672.6,34511.2,-1.6421,-1.2019,148.0,96.9,0.523
99.28,31881.9,34573.1,-0.5962,-1.0496,148.0,96.9,0.523
99.3,31951.1,34923.2,-0.2507,-0.1886,148.0,96.9,0.523
99.32,32321.2,35298.7,1.5983,0.7348,148.0,96.9,0.523
99.34,32334.1,35601.3,1.6623,1.479,148.0,96.9,0.523
99.36,32315.6,35784.1,1.5703,1.9284,148.0,96.9,0.523
99.38,32368.4,35706.9,1.8338,1.7385,148.0,96.9,0.523
99.4,32166.7,35514.0,0.8262,1.2643,148.0,96.9,0.523
99.42,32138.3,35317.3,0.6842,0.7806,148.0,96.9,0.523
99.44,32148.2,35130.1,0.734,0.3202,148.0,96.9,0.523
99.46,32124.8,35073.8,0.6171,0.1818,148.0,96.9,0.523
99.48,32067.0,35143.1,0.3282,0.3522,148.0,96.9,0.523
99.5,31993.2,34928.0,-0.0403,-0.1769,148.0,96.9,0.523
99.52,31934.7,34800.3,-0.3328,-0.4908,148.0,96.9,0.523
99.54,31804.0,34784.7,-0.9855,-0.5292,148.0,96.9,0.523
99.56,31840.5,34635.4,-0.8033,-0.8965,148.0,96.9,0.523
99.58,31849.2,34692.9,-0.7599,-0.7549,148.0,96.9,0.523
99.6,31829.4,34639.7,-0.8586,-0.8859,148.0,96.9,0.523
99.62,31786.7,34585.0,-1.072,-1.0205,148.0,96.9,0.523
99.64,31775.7,34510.7,-1.1268,-1.2031,148.0,96.9,0.523
99.66,31830.8,34424.2,-0.8519,-1.4158,148.0,96.9,0.523
99.68,31863.9,34696.8,-0.6864,-0.7453,148.0,96.9,0.523
99.7,31892.2,34892.5,-0.5448,-0.2642,148.0,96.9,0.523
99.72,32052.7,35159.3,0.2571,0.392,148.0,96.9,0.523
99.74,32321.5,35574.0,1.5996,1.4118,148.0,96.9,0.523
99.76,32355.4,35736.4,1.7691,1.8113,148.0,96.9,0.523
99.78,32416.8,35765.3,2.0754,1.8824,148.0,96.9,0.523
99.8,32306.7,35541.4,1.5258,1.3318,148.0,96.9,0.523
99.82,32128.2,35342.8,0.6338,0.8433,148.0,96.9,0.523
99.84,31999.6,35185.3,-0.0084,0.4559,148.0,96.9,0.523
99.86,32044.3,35153.1,0.215,0.3768,148.0,96.9,0.523
99.88,32148.4,35105.3,0.7347,0.2592,148.0,96.9,0.523
99.9,31989.2,34912.1,-0.0604,-0.2159,148.0,96.9,0.523
99.92,31915.3,34848.7,-0.4298,-0.3718,148.0,96.9,0.523
99.94,31888.5,34780.9,-0.5636,-0.5386,148.0,96.9,0.523
99.96,31702.0,34699.3,-1.4949,-0.7392,148.0,96.9,0.523
99.98,31798.9,34598.5,-1.0108,-0.9872,148.0,96.9,0.523
100.0,31890.9,34624.8,-0.5515,-0.9224,148.0,96.9,0.523
100.02,31768.6,34698.4,-1.1625,-0.7414,148.0,96.9,0.523
100.04,31728.7,34545.7,-1.3617,-1.117,148.0,96.9,0.523
100.06,31787.4,34512.9,-1.0687,-1.1976,148.0,96.9,0.523
100.08,31742.9,34506.1,-1.2907,-1.2145,148.0,96.9,0.523
100.1,31840.5,34744.7,-0.8031,-0.6277,148.0,96.9,0.523
100.12,32099.8,35153.0,0.4919,0.3764,148.0,96.9,0.523
100.14,32251.0,35467.1,1.2472,1.1488,148.0,96.9,0.523
100.16,32451.0,35659.9,2.2462,1.6231,148.0,96.9,0.523
100.18,32335.1,35748.9,1.6675,1.842,148.0,96.9,0.523
100.2,32284.2,35521.6,1.4134,1.2829,148.0,96.9,0.523
100.22,32261.6,35366.6,1.3004,0.9017,148.0,96.9,0.523
100.24,32025.3,35310.1,0.1198,0.7627,148.0,96.9,0.523
100.26,32029.6,35242.1,0.1415,0.5955,148.0,96.9,0.523
100.28,32109.7,35124.7,0.5414,0.307,148.0,96.9,0.523
100.3,31961.9,35030.4,-0.1969,0.0751,148.0,96.9,0.523
100.32,31919.1,34960.9,-0.4105,-0.0958,148.0,96.9,0.523
100.34,31866.8,34753.7,-0.672,-0.6055,148.0,96.9,0.523
100.36,31824.2,34689.7,-0.8848,-0.7629,148.0,96.9,0.523
100.38,31806.9,34621.0,-0.9709,-0.9319,148.0,96.9,0.523
100.4,31768.0,34687.6,-1.1652,-0.768,148.0,96.9,0.523
100.42,31705.2,34613.7,-1.479,-0.9497,148.0,96.9,0.523
100.44,31790.6,34671.2,-1.0524,-0.8084,148.0,96.9,0.523
100.46,31788.4,34485.5,-1.0633,-1.2651,148.0,96.9,0.523
100.48,31741.8,34520.7,-1.2961,-1.1785,148.0,96.9,0.523
100.5,31767.2,34759.1,-1.1691,-0.5923,148.0,96.9,0.523
100.52,32027.2,34991.7,0.1293,-0.0203,148.0,96.9,0.523
100.54,32179.5,35365.7,0.8902,0.8995,148.0,96.9,0.523
100.56,32333.9,35646.1,1.6614,1.5892,148.0,96.9,0.523
100.58,32245.5,35709.7,1.2198,1.7456,148.0,96.9,0.523
100.6,32367.9,35590.4,1.8311,1.4521,148.0,96.9,0.523
100.62,32249.7,35353.4,1.2407,0.8693,148.0,96.9,0.523
100.64,32105.7,35350.2,0.5213,0.8614,148.0,96.9,0.523
100.66,32052.9,35214.1,0.2576,0.5268,148.0,96.9,0.523
100.68,32062.5,35141.1,0.3057,0.3471,148.0,96.9,0.523
100.7,31993.0,35036.0,-0.0412,0.0888,148.0,96.9,0.523
100.72,31885.0,35002.0,-0.5808,0.0052,148.0,96.9,0.523
100.74,31936.7,34852.7,-0.3228,-0.3621,148.0,96.9,0.523
100.76,31809.8,34755.3,-0.9564,-0.6016,148.0,96.9,0.523
100.78,31880.7,34664.2,-0.6026,-0.8256,148.0,96.9,0.523
100.8,31787.6,34659.5,-1.0672,-0.8371,148.0,96.9,0.523
100.82,31788.0,34545.5,-1.0655,-1.1175,148.0,96.9,0.523
100.84,31768.1,34540.9,-1.1648,-1.1288,148.0,96.9,0.523
100.86,31748.4,34435.9,-1.2633,-1.387,148.0,96.9,0.523
100.88,31824.0,34445.1,-0.8857,-1.3643,148.0,96.9,0.523
100.9,31841.4,34624.9,-0.7986,-0.9223,148.0,96.9,0.523
100.92,31902.6,34937.9,-0.4932,-0.1525,148.0,96.9,0.523
100.94,32175.3,35246.4,0.8692,0.6062,148.0,96.9,0.523
100.96,32323.7,35616.4,1.6108,1.516,148.0,96.9,0.523
100.98,32405.2,35701.3,2.0176,1.7249,148.0,96.9,0.523
101.0,32329.2,35695.5,1.6378,1.7106,148.0,96.9,0.523
101.02,32226.2,35433.7,1.1234,1.0667,148.0,96.9,0.523
101.04,32222.3,35350.9,1.1041,0.8632,148.0,96.9,0.523
101.06,32141.5,35060.0,0.7003,0.1477,148.0,96.9,0.523
101.08,32067.6,35197.8,0.331,0.4867,148.0,96.9,0.523
101.1,32058.4,35038.7,0.2852,0.0955,148.0,96.9,0.523
101.12,31908.8,35025.9,-0.4622,0.064,148.0,96.9,0.523
101.14,31954.1,34837.0,-0.2358,-0.4006,148.0,96.9,0.523
101.16,31996.4,34796.5,-0.0245,-0.5002,148.0,96.9,0.523
101.18,31798.3,34634.9,-1.0139,-0.8977,148.0,96.9,0.523
101.2,31839.7,34660.8,-0.8074,-0.8339,148.0,96.9,0.523
101.22,31808.8,34719.8,-0.9616,-0.6888,148.0,96.9,0.523
101.24,31731.1,34592.6,-1.3495,-1.0016,148.0,96.9,0.523
101.26,31755.8,34500.3,-1.2265,-1.2286,148.0,96.9,0.523
101.28,31692.2,34494.0,-1.5442,-1.2441,148.0,96.9,0.523
101.3,31838.2,34521.7,-0.8149,-1.1759,148.0,96.9,0.523
101.32,31908.0,34806.2,-0.4658,-0.4763,148.0,96.9,0.523
101.34,32193.8,35207.9,0.9619,0.5115,148.0,96.9,0.523
101.36,32317.4,35618.6,1.579,1.5215,148.0,96.9,0.523
101.38,32373.8,35829.4,1.8607,2.0398,148.0,96.9,0.523
101.4,32181.6,35692.7,0.9006,1.7036,148.0,96.9,0.523
101.42,32277.5,35649.7,1.3797,1.598,148.0,96.9,0.523
101.44,32111.0,35407.8,0.548,1.0031,148.0,96.9,0.523
101.46,32107.1,35176.3,0.5286,0.4337,148.0,96.9,0.523
101.48,32032.6,35108.8,0.1564,0.2678,148.0,96.9,0.523
101.5,32122.8,35026.5,0.607,0.0654,148.0,96.9,0.523
101.52,32058.8,34927.1,0.2873,-0.1792,148.0,96.9,0.523
101.54,31943.4,34850.3,-0.2891,-0.3679,148.0,96.9,0.523
101.56,31934.8,34808.3,-0.3321,-0.4713,148.0,96.9,0.523
101.58,31918.1,34722.4,-0.4156,-0.6824,148.0,96.9,0.523
101.6,31855.0,34673.3,-0.7309,-0.8033,148.0,96.9,0.523
101.62,31905.2,34596.1,-0.4801,-0.993,148.0,96.9,0.523
101.64,31809.2,34615.9,-0.9596,-0.9443,148.0,96.9,0.523
101.66,31784.4,34456.6,-1.0832,-1.336,148.0,96.9,0.523
101.68,31678.4,34466.8,-1.6128,-1.3111,148.0,96.9,0.523
101.7,31827.3,34480.7,-0.8693,-1.277,148.0,96.9,0.523
101.72,31857.0,34717.1,-0.721,-0.6955,148.0,96.9,0.523
101.74,32019.2,35090.5,0.0895,0.2229,148.0,96.9,0.523
101.76,32203.2,35600.3,1.0087,1.4766,148.0,96.9,0.523
101.78,32333.1,35755.2,1.6574,1.8573,148.0,96.9,0.523
101.8,32349.9,35751.8,1.7414,1.849,148.0,96.9,0.523
101.82,32337.1,35587.7,1.6775,1.4455,148.0,96.9,0.523
101.84,32173.0,35377.4,0.8576,0.9284,148.0,96.9,0.523
101.86,32079.2,35244.2,0.3892,0.6007,148.0,96.9,0.523
101.88,32060.5,35221.1,0.2955,0.5441,148.0,96.9,0.523
101.9,32014.1,35103.7,0.0638,0.2551,148.0,96.9,0.523
101.92,31971.0,34975.5,-0.1511,-0.0601,148.0,96.9,0.523
101.94,32016.4,34938.0,0.0754,-0.1522,148.0,96.9,0.523
101.96,31859.4,34722.1,-0.7086,-0.6832,148.0,96.9,0.523
101.98,31855.3,34708.4,-0.7292,-0.7169,148.0,96.9,0.523
102.0,31909.9,34644.1,-0.4563,-0.875,148.0,96.9,0.523
102.02,31858.1,34668.7,-0.7153,-0.8145,148.0,96.9,0.523
102.04,31844.7,34646.9,-0.7824,-0.8682,148.0,96.9,0.523
102.06,31737.0,34525.9,-1.3201,-1.1657,148.0,96.9,0.523
102.08,31796.4,34472.6,-1.0235,-1.2967,148.0,96.9,0.523
102.1,31733.2,34513.4,-1.3389,-1.1963,148.0,96.9,0.523
102.12,31812.0,34657.6,-0.9456,-0.8418,148.0,96.9,0.523
102.14,31967.2,35044.3,-0.1701,0.1092,148.0,96.9,0.523
102.16,32163.9,35362.2,0.8123,0.891,148.0,96.9,0.523
102.18,32286.4,35616.1,1.4245,1.5153,148.0,96.9,0.523
102.2,32367.3,35868.6,1.8281,2.1363,148.0,96.9,0.523
102.22,32295.5,35655.9,1.4698,1.6131,148.0,96.9,0.523
102.24,32210.0,35409.6,1.0428,1.0076,148.0,96.9,0.523
102.26,32142.4,35290.6,0.7051,0.7148,148.0,96.9,0.523
102.28,32076.9,35104.5,0.3778,0.2572,148.0,96.9,0.523
102.3,32106.0,35115.3,0.5232,0.2837,148.0,96.9,0.523
102.32,32022.4,35007.3,0.1054,0.0182,148.0,96.9,0.523
102.34,31866.1,34943.1,-0.6755,-0.1398,148.0,96.9,0.523
102.36,31979.5,34865.3,-0.1088,-0.3311,148.0,96.9,0.523
102.38,31879.4,34642.6,-0.6088,-0.8787,148.0,96.9,0.523
102.4,31924.0,34677.9,-0.3861,-0.7918,148.0,96.9,0.523
102.42,31809.6,34658.9,-0.9574,-0.8386,148.0,96.9,0.523
102.44,31759.9,34669.0,-1.2056,-0.8138,148.0,96.9,0.523
102.46,31799.2,34584.4,-1.0093,-1.0218,148.0,96.9,0.523
102.48,31764.3,34538.8,-1.1837,-1.1339,148.0,96.9,0.523
102.5,31755.5,34412.4,-1.2279,-1.4449,148.0,96.9,0.523
102.52,31810.9,34541.9,-0.9508,-1.1264,148.0,96.9,0.523
102.54,31912.5,34904.3,-0.4438,-0.2351,148.0,96.9,0.523
102.56,32244.5,35284.5,1.215,0.6998,148.0,96.9,0.523
102.58,32281.7,35606.1,1.4006,1.4907,148.0,96.9,0.523
102.6,32367.9,35701.5,1.8316,1.7254,148.0,96.9,0.523
102.62,32320.1,35818.9,1.5923,2.0142,148.0,96.9,0.523
102.64,32246.0,35598.9,1.2222,1.4731,148.0,96.9,0.523
102.66,32127.7,35342.4,0.6316,0.8421,148.0,96.9,0.523
102.68,32018.7,35236.9,0.087,0.5829,148.0,96.9,0.523
102.7,32006.3,35059.1,0.025,0.1455,148.0,96.9,0.523
102.72,32008.6,35041.0,0.0364,0.1011,148.0,96.9,0.523
102.74,32029.8,34982.3,0.1425,-0.0434,148.0,96.9,0.523
102.76,32015.6,34850.7,0.0716,-0.3669,148.0,96.9,0.523
102.78,31898.9,34754.7,-0.5112,-0.6031,148.0,96.9,0.523
102.8,31880.4,34697.5,-0.6041,-0.7437,148.0,96.9,0.523
102.82,31862.7,34617.3,-0.6924,-0.941,148.0,96.9,0.523
102.84,31834.2,34681.9,-0.8348,-0.782,148.0,96.9,0.523
102.86,31945.4,34548.7,-0.2792,-1.1096,148.0,96.9,0.523
102.88,31869.7,34468.6,-0.6575,-1.3066,148.0,96.9,0.523
102.9,31653.5,34475.3,-1.7375,-1.2902,148.0,96.9,0.523
102.92,31777.8,34577.6,-1.1164,-1.0385,148.0,96.9,0.523
102.94,31854.3,34911.4,-0.7342,-0.2176,148.0,96.9,0.523
102.96,31978.3,35214.7,-0.1151,0.5283,148.0,96.9,0.523
102.98,32278.7,35587.9,1.3856,1.4461,148.0,96.9,0.523
103.0,32298.0,35765.7,1.4823,1.8833,148.0,96.9,0.523
103.02,32364.2,35708.6,1.8127,1.7428,148.0,96.9,0.523
103.04,32217.6,35589.4,1.0807,1.4496,148.0,96.9,0.523
103.06,32254.7,35467.1,1.2657,1.1489,148.0,96.9,0.523
103.08,32174.1,35150.4,0.8632,0.3701,148.0,96.9,0.523
103.1,32128.2,35053.1,0.6339,0.1309,148.0,96.9,0.523
103.12,32061.7,34947.9,0.3016,-0.1278,148.0,96.9,0.523
103.14,31993.4,35063.1,-0.0396,0.1553,148.0,96.9,0.523
103.16,31898.0,34769.1,-0.5159,-0.5677,148.0,96.9,0.523
103.18,31925.1,34772.1,-0.3806,-0.5603,148.0,96.9,0.523
103.2,31930.2,34697.1,-0.3551,-0.7447,148.0,96.9,0.523
103.22,31788.9,34704.2,-1.061,-0.7273,148.0,96.9,0.523
103.24,31810.6,34639.1,-0.9523,-0.8873,148.0,96.9,0.523
103.26,31710.4,34607.8,-1.4528,-0.9642,148.0,96.9,0.523
103.28,31745.1,34637.9,-1.2799,-0.8901,148.0,96.9,0.523
103.3,31712.7,34475.5,-1.4414,-1.2896,148.0,96.9,0.523
103.32,31737.7,34477.5,-1.3167,-1.2848,148.0,96.9,0.523
103.34,31911.0,34711.1,-0.4511,-0.7103,148.0,96.9,0.523
103.36,32006.3,35025.1,0.0252,0.062,148.0,96.9,0.523
103.38,32284.4,35472.8,1.414,1.1629,148.0,96.9,0.523
103.4,32280.0,35699.1,1.3923,1.7195,148.0,96.9,0.523
103.42,32339.4,35803.8,1.6891,1.977,148.0,96.9,0.523
103.44,32243.8,35601.1,1.2117,1.4784,148.0,96.9,0.523
103.46,32169.5,35486.3,0.84,1.1962,148.0,96.9,0.523
103.48,32097.9,35316.4,0.4826,0.7783,148.0,96.9,0.523
103.5,32065.8,35092.0,0.3222,0.2265,148.0,96.9,0.523
103.52,31990.5,35071.7,-0.0541,0.1765,148.0,96.9,0.523
103.54,31989.3,35062.2,-0.0598,0.1533,148.0,96.9,0.523
103.56,31974.7,34899.7,-0.1329,-0.2464,148.0,96.9,0.523
103.58,31960.3,34741.4,-0.2045,-0.6356,148.0,96.9,0.523
103.6,31877.2,34808.3,-0.6197,-0.4712,148.0,96.9,0.523
103.62,31782.8,34616.0,-1.0915,-0.9441,148.0,96.9,0.523
103.64,31888.7,34764.0,-0.5623,-0.5802,148.0,96.9,0.523
103.66,31911.3,34630.7,-0.4495,-0.9079,148.0,96.9,0.523
103.68,31831.5,34572.0,-0.8482,-1.0523,148.0,96.9,0.523
103.7,31834.2,34573.5,-0.8348,-1.0486,148.0,96.9,0.523
103.72,31773.1,34403.1,-1.1399,-1.4677,148.0,96.9,0.523
103.74,31894.8,34632.9,-0.5321,-0.9025,148.0,96.9,0.523
103.76,31994.1,34994.7,-0.0361,-0.0128,148.0,96.9,0.523
103.78,32157.9,35399.6,0.7825,0.9829,148.0,96.9,0.523
103.8,32262.3,35782.4,1.3039,1.9242,148.0,96.9,0.523
103.82,32359.2,35744.4,1.7881,1.8308,148.0,96.9,0.523
103.84,32352.6,35683.4,1.7549,1.6807,148.0,96.9,0.523
103.86,32239.0,35478.6,1.1877,1.1772,148.0,96.9,0.523
103.88,32078.9,35187.7,0.3875,0.4619,148.0,96.9,0.523
103.9,32115.5,35093.9,0.5703,0.2311,148.0,96.9,0.523
103.92,31952.3,35093.3,-0.2445,0.2297,148.0,96.9,0.523
103.94,31997.1,35053.1,-0.0211,0.1308,148.0,96.9,0.523
103.96,31999.6,34979.9,-0.0085,-0.0491,148.0,96.9,0.523
103.98,31857.5,34829.8,-0.7184,-0.4184,148.0,96.9,0.523
104.0,31819.9,34669.8,-0.9059,-0.8119,148.0,96.9,0.523
104.02,31781.7,34680.5,-1.0969,-0.7856,148.0,96.9,0.523
104.04,31762.4,34625.5,-1.1935,-0.9207,148.0,96.9,0.523
104.06,31871.4,34622.9,-0.6488,-0.9271,148.0,96.9,0.523
104.08,31754.7,34524.3,-1.2319,-1.1696,148.0,96.9,0.523
104.1,31831.6,34568.6,-0.8475,-1.0608,148.0,96.9,0.523
104.12,31793.9,34427.3,-1.0359,-1.4082,148.0,96.9,0.523
104.14,31821.3,34627.1,-0.8992,-0.9169,148.0,96.9,0.523
104.16,31912.4,34873.8,-0.4441,-0.3101,148.0,96.9,0.523
104.18,32130.0,35188.1,0.6427,0.4627,148.0,96.9,0.523
104.2,32287.2,35612.1,1.4284,1.5056,148.0,96.9,0.523
104.22,32391.5,35723.3,1.9491,1.7791,148.0,96.9,0.523
104.24,32358.6,35660.9,1.7849,1.6256,148.0,96.9,0.523
104.26,32323.7,35537.4,1.6105,1.3219,148.0,96.9,0.523
104.28,32131.7,35311.6,0.6514,0.7665,148.0,96.9,0.523
104.3,32099.8,35239.2,0.4921,0.5885,148.0,96.9,0.523
104.32,32025.1,35088.2,0.1189,0.217,148.0,96.9,0.523
104.34,32004.0,35025.0,0.0138,0.0616,148.0,96.9,0.523
104.36,31948.1,35020.0,-0.2657,0.0494,148.0,96.9,0.523
104.38,31957.7,34880.1,-0.2175,-0.2945,148.0,96.9,0.523
104.4,31914.6,34772.4,-0.433,-0.5595,148.0,96.9,0.523
104.42,31899.4,34777.9,-0.5087,-0.5459,148.0,96.9,0.523
104.44,31836.2,34727.3,-0.8248,-0.6704,148.0,96.9,0.523
104.46,31746.1,34731.3,-1.275,-0.6605,148.0,96.9,0.523
104.48,31834.8,34541.4,-0.8317,-1.1276,148.0,96.9,0.523
104.5,31763.4,34450.7,-1.1883,-1.3506,148.0,96.9,0.523
104.52,31784.4,34563.3,-1.0836,-1.0738,148.0,96.9,0.523
104.54,31774.5,34522.7,-1.1331,-1.1736,148.0,96.9,0.523
104.56,31980.2,34827.5,-0.1052,-0.424,148.0,96.9,0.523
104.58,32000.7,35185.9,-0.0031,0.4573,148.0,96.9,0.523
104.6,32317.3,35534.5,1.5786,1.3148,148.0,96.9,0.523
104.62,32377.3,35739.7,1.8782,1.8193,148.0,96.9,0.523
104.64,32408.1,35691.3,2.0323,1.7002,148.0,96.9,0.523
104.66,32280.9,35612.5,1.3968,1.5066,148.0,96.9,0.523
104.68,32193.6,35425.9,0.9607,1.0475,148.0,96.9,0.523
104.7,32037.8,35196.2,0.1825,0.4826,148.0,96.9,0.523
104.72,32050.7,35166.7,0.247,0.4101,148.0,96.9,0.523
104.74,32008.3,35080.6,0.035,0.1984,148.0,96.9,0.523
104.76,32053.8,34921.4,0.2623,-0.193,148.0,96.9,0.523
104.78,31970.5,34910.8,-0.1537,-0.219,148.0,96.9,0.523
104.8,31904.7,34763.8,-0.4824,-0.5806,148.0,96.9,0.523
104.82,31829.1,34657.4,-0.86,-0.8422,148.0,96.9,0.523
104.84,31875.9,34583.7,-0.6264,-1.0234,148.0,96.9,0.523
104.86,31782.6,34649.5,-1.0926,-0.8617,148.0,96.9,0.523
104.88,31827.8,34558.7,-0.8667,-1.0849,148.0,96.9,0.523
104.9,31856.6,34559.2,-0.723,-1.0838,148.0,96.9,0.523
104.92,31750.8,34439.6,-1.2514,-1.3779,148.0,96.9,0.523
104.94,31664.2,34550.3,-1.6836,-1.1058,148.0,96.9,0.523
104.96,31859.9,34656.6,-0.706,-0.8443,148.0,96.9,0.523
104.98,32026.4,35071.2,0.1255,0.1753,148.0,96.9,0.523
105.0,32196.2,35372.4,0.9737,0.9161,148.0,96.9,0.523
105.02,32381.3,35692.1,1.8985,1.7022,148.0,96.9,0.523
105.04,32383.9,35761.5,1.9114,1.873,148.0,96.9,0.523
105.06,32284.2,35668.7,1.413,1.6447,148.0,96.9,0.523
105.08,32185.8,35510.6,0.9218,1.2558,148.0,96.9,0.523
105.1,32134.0,35254.4,0.663,0.6259,148.0,96.9,0.523
105.12,32113.4,35136.5,0.5603,0.336,148.0,96.9,0.523
105.14,32010.2,35033.8,0.0443,0.0833,148.0,96.9,0.523
105.16,32094.6,35042.8,0.4661,0.1054,148.0,96.9,0.523
105.18,31931.9,34894.7,-0.3465,-0.2587,148.0,96.9,0.523
105.2,31896.3,34747.2,-0.5244,-0.6214,148.0,96.9,0.523
105.22,31798.1,34675.4,-1.0151,-0.7979,148.0,96.9,0.523
105.24,31902.0,34728.7,-0.496,-0.6669,148.0,96.9,0.523
105.26,31795.9,34544.9,-1.0261,-1.1189,148.0,96.9,0.523
105.28,31816.3,34604.4,-0.9239,-0.9726,148.0,96.9,0.523
105.3,31774.5,34536.5,-1.1328,-1.1397,148.0,96.9,0.523
105.32,31671.3,34420.0,-1.6483,-1.426,148.0,96.9,0.523
105.34,31788.8,34432.8,-1.0613,-1.3945,148.0,96.9,0.523
105.36,31854.9,34582.1,-0.7315,-1.0274,148.0,96.9,0.523
105.38,32019.7,34929.2,0.0919,-0.1739,148.0,96.9,0.523
105.4,32038.9,35306.0,0.1877,0.7526,148.0,96.9,0.523
105.42,32375.3,35645.6,1.8682,1.588,148.0,96.9,0.523
105.44,32426.0,35701.2,2.1216,1.7247,148.0,96.9,0.523
105.46,32289.4,35754.0,1.4393,1.8546,148.0,96.9,0.523
105.48,32196.7,35433.7,0.9761,1.0667,148.0,96.9,0.523
105.5,32145.5,35328.3,0.7203,0.8076,148.0,96.9,0.523
105.52,32118.3,35148.5,0.5843,0.3655,148.0,96.9,0.523
105.54,32064.5,35073.8,0.3159,0.1818,148.0,96.9,0.523
105.56,31977.9,34986.7,-0.1169,-0.0325,148.0,96.9,0.523
105.58,32049.8,34919.5,0.2421,-0.1978,148.0,96.9,0.523
105.6,31963.5,34828.1,-0.1888,-0.4226,148.0,96.9,0.523
105.62,31870.4,34676.6,-0.6539,-0.7951,148.0,96.9,0.523
105.64,31896.2,34613.4,-0.5248,-0.9505,148.0,96.9,0.523
105.66,31878.4,34761.6,-0.6136,-0.5861,148.0,96.9,0.523
105.68,31900.6,34672.1,-0.503,-0.8062,148.0,96.9,0.523
105.7,31774.9,34617.0,-1.1311,-0.9417,148.0,96.9,0.523
105.72,31800.2,34484.7,-1.0046,-1.2669,148.0,96.9,0.523
105.74,31679.1,34531.9,-1.6093,-1.1509,148.0,96.9,0.523
105.76,31781.7,34519.1,-1.0967,-1.1824,148.0,96.9,0.523
105.78,31933.7,34849.8,-0.3375,-0.3692,148.0,96.9,0.523
105.8,32163.7,35215.7,0.8114,0.5306,148.0,96.9,0.523
105.82,32283.6,35602.9,1.4101,1.4828,148.0,96.9,0.523
105.84,32323.2,35741.0,1.6079,1.8225,148.0,96.9,0.523
105.86,32327.0,35772.1,1.6272,1.8991,148.0,96.9,0.523
105.88,32197.2,35539.0,0.9785,1.3257,148.0,96.9,0.523
105.9,32194.5,35415.6,0.9653,1.0223,148.0,96.9,0.523
105.92,32075.5,35204.6,0.3706,0.5034,148.0,96.9,0.523
105.94,31992.9,35101.6,-0.042,0.25,148.0,96.9,0.523
105.96,32013.6,35034.2,0.0616,0.0843,148.0,96.9,0.523
105.98,32030.6,35102.9,0.1464,0.2532,148.0,96.9,0.523
106.0,32008.1,34898.0,0.0338,-0.2506,148.0,96.9,0.523
106.02,31795.0,34777.8,-1.0307,-0.5463,148.0,96.9,0.523
106.04,31890.3,34736.3,-0.5546,-0.6484,148.0,96.9,0.523
106.06,31924.7,34668.5,-0.3824,-0.815,148.0,96.9,0.523
106.08,32018.4,34697.8,0.0857,-0.7431,148.0,96.9,0.523
106.1,31834.4,34525.5,-0.8334,-1.1667,148.0,96.9,0.523
106.12,31737.5,34536.6,-1.3175,-1.1394,148.0,96.9,0.523
106.14,31705.0,34507.3,-1.4802,-1.2115,148.0,96.9,0.523
106.16,31748.2,34464.3,-1.2642,-1.3172,148.0,96.9,0.523
106.18,31877.9,34725.8,-0.6166,-0.6741,148.0,96.9,0.523
106.2,32060.0,35123.4,0.2932,0.3036,148.0,96.9,0.523
106.22,32300.2,35513.0,1.4933,1.2619,148.0,96.9,0.523
106.24,32277.0,35719.1,1.377,1.7686,148.0,96.9,0.523
106.26,32416.2,35790.2,2.0726,1.9434,148.0,96.9,0.523
106.28,32266.1,35482.6,1.3228,1.1871,148.0,96.9,0.523
106.3,32142.7,35384.1,0.7066,0.9448,148.0,96.9,0.523
106.32,32122.7,35286.6,0.6066,0.7049,148.0,96.9,0.523
106.34,32096.5,35152.3,0.4756,0.3748,148.0,96.9,0.523
106.36,32101.1,35042.6,0.4985,0.105,148.0,96.9,0.523
106.38,32018.8,34935.1,0.0876,-0.1594,148.0,96.9,0.523
106.4,32076.4,34854.3,0.3754,-0.3582,148.0,96.9,0.523
106.42,32013.9,34744.1,0.0629,-0.6291,148.0,96.9,0.523
106.44,31800.4,34658.0,-1.0033,-0.8409,148.0,96.9,0.523
106.46,31887.6,34638.6,-0.5677,-0.8886,148.0,96.9,0.523
106.48,31793.4,34672.2,-1.0384,-0.8059,148.0,96.9,0.523
106.5,31839.8,34597.3,-0.8069,-0.99,148.0,96.9,0.523
106.52,31794.9,34574.4,-1.031,-1.0463,148.0,96.9,0.523
106.54,31683.0,34296.5,-1.5899,-1.7299,148.0,96.9,0.523
106.56,31813.0,34558.5,-0.9404,-1.0856,148.0,96.9,0.523
106.58,31846.2,34645.6,-0.7747,-0.8713,148.0,96.9,0.523
106.6,31947.8,35079.6,-0.267,0.1961,148.0,96.9,0.523
106.62,32283.5,35337.4,1.4096,0.8299,148.0,96.9,0.523
106.64,32296.8,35665.7,1.476,1.6373,148.0,96.9,0.523
106.66,32398.6,35744.3,1.9849,1.8307,148.0,96.9,0.523
106.68,32314.6,35724.1,1.5652,1.7809,148.0,96.9,0.523
106.7,32306.8,35472.1,1.5261,1.1611,148.0,96.9,0.523
106.72,32077.8,35259.7,0.3822,0.6388,148.0,96.9,0.523
106.74,32137.5,35122.3,0.6806,0.3011,148.0,96.9,0.523
106.76,32031.8,35025.1,0.1524,0.0621,148.0,96.9,0.523
106.78,32072.5,34992.9,0.3556,-0.0172,148.0,96.9,0.523
106.8,32003.9,34932.6,0.0133,-0.1655,148.0,96.9,0.523
106.82,31983.9,34824.9,-0.087,-0.4304,148.0,96.9,0.523
106.84,31851.0,34672.8,-0.7508,-0.8044,148.0,96.9,0.523
106.86,31776.5,34726.5,-1.1227,-0.6725,148.0,96.9,0.523
106.88,31855.3,34625.3,-0.7292,-0.9211,148.0,96.9,0.523
106.9,31840.7,34630.4,-0.8022,-0.9087,148.0,96.9,0.523
106.92,31734.2,34566.3,-1.3341,-1.0663,148.0,96.9,0.523
106.94,31734.0,34566.3,-1.3354,-1.0664,148.0,96.9,0.523
106.96,31677.4,34446.9,-1.6179,-1.3601,148.0,96.9,0.523
106.98,31781.8,34600.2,-1.0964,-0.9829,148.0,96.9,0.523
107.0,31995.7,34903.0,-0.028,-0.2384,148.0,96.9,0.523
107.02,32144.6,35293.5,0.7158,0.7219,148.0,96.9,0.523
107.04,32313.4,35669.4,1.559,1.6463,148.0,96.9,0.523
107.06,32392.8,35740.2,1.9558,1.8205,148.0,96.9,0.523
107.08,32265.9,35633.3,1.3218,1.5577,148.0,96.9,0.523
107.1,32303.5,35574.8,1.5097,1.4137,148.0,96.9,0.523
107.12,32172.2,35404.7,0.8537,0.9954,148.0,96.9,0.523
107.14,32061.8,35136.9,0.3022,0.3368,148.0,96.9,0.523
107.16,32083.0,35069.1,0.408,0.17,148.0,96.9,0.523
107.18,32043.2,35000.5,0.2092,0.0014,148.0,96.9,0.523
107.2,32010.9,34963.6,0.0479,-0.0892,148.0,96.9,0.523
107.22,31921.8,34806.0,-0.3972,-0.477,148.0,96.9,0.523
107.24,31898.5,34724.5,-0.5137,-0.6774,148.0,96.9,0.523
107.26,31855.2,34742.6,-0.7297,-0.6328,148.0,96.9,0.523
107.28,31899.6,34696.2,-0.5081,-0.747,148.0,96.9,0.523
107.3,31858.1,34710.8,-0.7153,-0.7111,148.0,96.9,0.523
107.32,31808.1,34524.8,-0.9652,-1.1683,148.0,96.9,0.523
107.34,31761.7,34504.6,-1.1967,-1.2182,148.0,96.9,0.523
107.36,31817.1,34494.3,-0.9202,-1.2435,148.0,96.9,0.523
107.38,31795.6,34493.1,-1.0272,-1.2463,148.0,96.9,0.523
107.4,31950.9,34859.6,-0.2519,-0.3451,148.0,96.9,0.523
107.42,32085.5,35229.7,0.4205,0.565,148.0,96.9,0.523
107.44,32375.3,35525.2,1.8685,1.2917,148.0,96.9,0.523
107.46,32356.7,35690.0,1.7752,1.697,148.0,96.9,0.523
107.48,32399.2,35764.3,1.9876,1.8797,148.0,96.9,0.523
107.5,32205.0,35488.0,1.0176,1.2003,148.0,96.9,0.523
107.52,32187.4,35431.9,0.9298,1.0623,148.0,96.9,0.523
107.54,32121.2,35199.2,0.5988,0.4901,148.0,96.9,0.523
107.56,32004.4,35021.7,0.0156,0.0537,148.0,96.9,0.523
107.58,32082.9,35103.4,0.4078,0.2545,148.0,96.9,0.523
107.6,32034.0,34923.8,0.1632,-0.1872,148.0,96.9,0.523
107.62,31960.0,34940.1,-0.206,-0.1471,148.0,96.9,0.523
107.64,31886.4,34747.5,-0.5741,-0.6208,148.0,96.9,0.523
107.66,31804.9,34691.0,-0.9812,-0.7597,148.0,96.9,0.523
107.68,31744.4,34705.1,-1.283,-0.725,148.0,96.9,0.523
107.7,31799.1,34542.6,-1.01,-1.1247,148.0,96.9,0.523
107.72,31889.7,34574.9,-0.5572,-1.0451,148.0,96.9,0.523
107.74,31717.3,34402.0,-1.4185,-1.4705,148.0,96.9,0.523
107.76,31619.6,34428.1,-1.9066,-1.4063,148.0,96.9,0.523
107.78,31803.9,34528.5,-0.9862,-1.1592,148.0,96.9,0.523
107.8,31855.7,34731.3,-0.7271,-0.6605,148.0,96.9,0.523
107.82,32037.9,35153.2,0.1829,0.377,148.0,96.9,0.523
107.84,32185.1,35476.9,0.9183,1.173,148.0,96.9,0.523
107.86,32339.3,35743.1,1.6886,1.8276,148.0,96.9,0.523
107.88,32409.2,35765.3,2.0379,1.8823,148.0,96.9,0.523
107.9,32350.2,35517.0,1.7431,1.2717,148.0,96.9,0.523
107.92,32291.5,35435.0,1.4495,1.07,148.0,96.9,0.523
107.94,32232.3,35208.2,1.1541,0.5123,148.0,96.9,0.523
107.96,32140.5,35114.6,0.6956,0.2821,148.0,96.9,0.523
107.98,32150.7,35096.8,0.7466,0.2383,148.0,96.9,0.523
108.0,31901.2,34980.3,-0.4999,-0.0483,148.0,96.9,0.523
108.02,31933.1,34932.3,-0.3408,-0.1663,148.0,96.9,0.523
108.04,31855.8,34802.2,-0.7269,-0.4862,148.0,96.9,0.523
108.06,31897.4,34730.4,-0.5192,-0.6629,148.0,96.9,0.523
108.08,31850.9,34677.1,-0.7511,-0.794,148.0,96.9,0.523
108.1,31835.3,34646.5,-0.8292,-0.8691,148.0,96.9,0.523
108.12,31882.8,34604.2,-0.5918,-0.9731,148.0,96.9,0.523
108.14,31873.2,34518.3,-0.6399,-1.1844,148.0,96.9,0.523
108.16,31784.6,34411.9,-1.0827,-1.4461,148.0,96.9,0.523
108.18,31746.5,34489.9,-1.273,-1.2543,148.0,96.9,0.523
108.2,31842.5,34667.7,-0.7932,-0.817,148.0,96.9,0.523
108.22,32032.6,35015.7,0.1564,0.0389,148.0,96.9,0.523
108.24,32154.2,35287.9,0.7636,0.7082,148.0,96.9,0.523
108.26,32340.8,35676.8,1.6961,1.6647,148.0,96.9,0.523
108.28,32396.6,35767.4,1.9748,1.8875,148.0,96.9,0.523
108.3,32331.7,35741.0,1.6507,1.8226,148.0,96.9,0.523
108.32,32235.3,35414.7,1.169,1.0202,148.0,96.9,0.523
108.34,32154.8,35208.4,0.7671,0.5126,148.0,96.9,0.523
108.36,32024.9,35111.1,0.1179,0.2734,148.0,96.9,0.523
108.38,32068.5,35114.8,0.3357,0.2825,148.0,96.9,0.523
108.4,31953.1,35096.0,-0.2409,0.2363,148.0,96.9,0.523
108.42,31986.4,34963.1,-0.0745,-0.0906,148.0,96.9,0.523
108.44,31944.1,34754.9,-0.2857,-0.6026,148.0,96.9,0.523
108.46,31878.5,34727.1,-0.6134,-0.671,148.0,96.9,0.523
108.48,31773.3,34624.3,-1.1388,-0.9237,148.0,96.9,0.523
108.5,31820.4,34669.2,-0.9037,-0.8133,148.0,96.9,0.523
108.52,31841.4,34595.7,-0.7987,-0.9941,148.0,96.9,0.523
108.54,31849.1,34482.2,-0.76,-1.2731,148.0,96.9,0.523
108.56,31743.9,34496.4,-1.2857,-1.2382,148.0,96.9,0.523
108.58,31782.4,34449.8,-1.0934,-1.3528,148.0,96.9,0.523
108.6,31875.2,34504.0,-0.63,-1.2194,148.0,96.9,0.523
108.62,31969.8,34972.8,-0.1574,-0.0667,148.0,96.9,0.523
108.64,32147.0,35355.0,0.7278,0.8734,148.0,96.9,0.523
108.66,32330.6,35521.9,1.6448,1.2837,148.0,96.9,0.523
108.68,32382.9,35677.8,1.9061,1.6671,148.0,96.9,0.523
108.7,32311.5,35737.5,1.5494,1.8139,148.0,96.9,0.523
108.72,32248.5,35484.9,1.235,1.1927,148.0,96.9,0.523
108.74,32117.0,35329.4,0.5779,0.8102,148.0,96.9,0.523
108.76,32130.3,35106.2,0.6447,0.2613,148.0,96.9,0.523
108.78,32058.9,35162.6,0.2878,0.4001,148.0,96.9,0.523
108.8,32005.1,35027.6,0.019,0.0681,148.0,96.9,0.523
108.82,32035.0,34948.6,0.1685,-0.1261,148.0,96.9,0.523
108.84,31869.4,34830.7,-0.6588,-0.4162,148.0,96.9,0.523
108.86,31840.8,34778.9,-0.8016,-0.5435,148.0,96.9,0.523
108.88,31824.8,34668.9,-0.8818,-0.8139,148.0,96.9,0.523
108.9,31789.6,34658.6,-1.0573,-0.8394,148.0,96.9,0.523
108.92,31817.9,34641.0,-0.9161,-0.8825,148.0,96.9,0.523
108.94,31776.5,34568.7,-1.1227,-1.0606,148.0,96.9,0.523
108.96,31830.9,34416.7,-0.851,-1.4343,148.0,96.9,0.523
108.98,31727.6,34445.9,-1.3672,-1.3625,148.0,96.9,0.523
109.0,31798.7,34522.4,-1.012,-1.1742,148.0,96.9,0.523
109.02,31860.6,34801.5,-0.7028,-0.4879,148.0,96.9,0.523
109.04,32103.1,35196.0,0.5085,0.4822,148.0,96.9,0.523
109.06,32240.7,35552.6,1.196,1.3593,148.0,96.9,0.523
109.08,32455.8,35754.1,2.2703,1.8546,148.0,96.9,0.523
109.1,32331.8,35712.9,1.6509,1.7534,148.0,96.9,0.523
109.12,32254.3,35617.5,1.2641,1.5189,148.0,96.9,0.523
109.14,32292.7,35373.1,1.4558,0.9178,148.0,96.9,0.523
109.16,32120.2,35122.8,0.5938,0.3022,148.0,96.9,0.523
109.18,32015.3,35148.6,0.0701,0.3658,148.0,96.9,0.523
109.2,31983.1,35021.2,-0.0908,0.0523,148.0,96.9,0.523
109.22,31994.3,34983.3,-0.035,-0.0407,148.0,96.9,0.523
109.24,31983.9,34903.2,-0.0867,-0.2377,148.0,96.9,0.523
109.26,31888.2,34813.0,-0.5651,-0.4596,148.0,96.9,0.523
109.28,31882.5,34662.2,-0.5932,-0.8304,148.0,96.9,0.523
109.3,31868.1,34741.6,-0.6655,-0.6353,148.0,96.9,0.523
109.32,31805.6,34652.1,-0.9776,-0.8552,148.0,96.9,0.523
109.34,31734.7,34602.7,-1.3314,-0.9768,148.0,96.9,0.523
109.36,31765.3,34490.3,-1.179,-1.2532,148.0,96.9,0.523
109.38,31748.1,34464.2,-1.2647,-1.3173,148.0,96.9,0.523
109.4,31778.0,34434.2,-1.1152,-1.3912,148.0,96.9,0.523
109.42,31879.3,34676.9,-0.6096,-0.7942,148.0,96.9,0.523
109.44,32047.0,35138.6,0.2285,0.3411,148.0,96.9,0.523
109.46,32236.9,35435.9,1.1769,1.0722,148.0,96.9,0.523
109.48,32417.8,35689.1,2.0808,1.6948,148.0,96.9,0.523
109.5,32362.7,35768.0,1.8052,1.8889,148.0,96.9,0.523
109.52,32270.5,35614.4,1.3448,1.5111,148.0,96.9,0.523
109.54,32290.8,35455.1,1.4463,1.1193,148.0,96.9,0.523
109.56,32084.0,35236.4,0.4133,0.5816,148.0,96.9,0.523
109.58,32044.3,35148.5,0.2148,0.3655,148.0,96.9,0.523
109.6,32045.0,35130.9,0.2185,0.3221,148.0,96.9,0.523
109.62,32014.6,35054.3,0.0665,0.1338,148.0,96.9,0.523
109.64,31844.0,34930.7,-0.7856,-0.1703,148.0,96.9,0.523
109.66,31916.8,34773.7,-0.4222,-0.5562,148.0,96.9,0.523
109.68,31796.7,34739.7,-1.0222,-0.6399,148.0,96.9,0.523
109.7,31834.4,34682.5,-0.8336,-0.7805,148.0,96.9,0.523
109.72,31826.9,34650.1,-0.8712,-0.8602,148.0,96.9,0.523
109.74,31767.4,34660.5,-1.1682,-0.8348,148.0,96.9,0.523
109.76,31797.2,34580.6,-1.0193,-1.0313,148.0,96.9,0.523
109.78,31690.5,34513.5,-1.5525,-1.1962,148.0,96.9,0.523
109.8,31765.7,34443.7,-1.1767,-1.3679,148.0,96.9,0.523
109.82,31812.1,34621.2,-0.9452,-0.9314,148.0,96.9,0.523
109.84,31891.5,34910.4,-0.5486,-0.2202,148.0,96.9,0.523
109.86,32107.6,35388.7,0.5313,0.9561,148.0,96.9,0.523
109.88,32302.3,35669.8,1.5036,1.6475,148.0,96.9,0.523
109.9,32357.3,35791.3,1.7785,1.9462,148.0,96.9,0.523
109.92,32353.6,35634.9,1.7598,1.5616,148.0,96.9,0.523
109.94,32262.4,35464.8,1.3044,1.1433,148.0,96.9,0.523
109.96,32085.6,35348.5,0.4214,0.8573,148.0,96.9,0.523
109.98,32124.2,35044.0,0.6139,0.1084,148.0,96.9,0.523
110.0,32019.6,35110.5,0.0917,0.272,148.0,96.9,0.523
110.02,32048.8,35079.5,0.2373,0.1957,148.0,96.9,0.523
110.04,31996.2,34944.2,-0.0255,-0.1369,148.0,96.9,0.523
110.06,31952.6,34853.9,-0.2431,-0.3591,148.0,96.9,0.523
110.08,31804.7,34787.7,-0.982,-0.5219,148.0,96.9,0.523
110.1,31931.5,34772.8,-0.3484,-0.5586,148.0,96.9,0.523
110.12,31861.2,34766.4,-0.6999,-0.5743,148.0,96.9,0.523
110.14,31803.0,34488.7,-0.9907,-1.2571,148.0,96.9,0.523
110.16,31778.7,34597.7,-1.1119,-0.9892,148.0,96.9,0.523
110.18,31793.4,34443.9,-1.0386,-1.3674,148.0,96.9,0.523
110.2,31735.5,34465.0,-1.3275,-1.3155,148.0,96.9,0.523
110.22,31890.9,34594.8,-0.5513,-0.9963,148.0,96.9,0.523
110.24,31917.8,34885.9,-0.4168,-0.2804,148.0,96.9,0.523
110.26,32139.9,35250.5,0.6924,0.6163,148.0,96.9,0.523
110.28,32261.7,35587.5,1.3008,1.4449,148.0,96.9,0.523
110.3,32262.8,35730.8,1.3065,1.7974,148.0,96.9,0.523
110.32,32314.9,35683.9,1.5666,1.682,148.0,96.9,0.523
110.34,32293.3,35491.3,1.4585,1.2084,148.0,96.9,0.523
110.36,32208.2,35293.0,1.0335,0.7208,148.0,96.9,0.523
110.38,32039.8,35190.9,0.1922,0.4697,148.0,96.9,0.523
110.4,31984.8,35155.4,-0.0824,0.3823,148.0,96.9,0.523
110.42,32071.0,35081.3,0.3483,0.2001,148.0,96.9,0.523
110.44,32002.1,34944.0,0.0041,-0.1376,148.0,96.9,0.523
110.46,31936.6,34860.0,-0.3232,-0.344,148.0,96.9,0.523
110.48,31978.9,34749.9,-0.1118,-0.6148,148.0,96.9,0.523
110.5,31892.6,34743.4,-0.543,-0.6309,148.0,96.9,0.523
110.52,31778.3,34656.7,-1.1138,-0.8439,148.0,96.9,0.523
110.54,31857.8,34664.3,-0.7167,-0.8253,148.0,96.9,0.523
110.56,31797.5,34513.8,-1.0181,-1.1954,148.0,96.9,0.523
110.58,31719.5,34437.6,-1.4074,-1.3829,148.0,96.9,0.523
110.6,31811.2,34479.3,-0.9493,-1.2804,148.0,96.9,0.523
110.62,31794.2,34516.7,-1.0344,-1.1884,148.0,96.9,0.523
110.64,31883.0,34826.3,-0.5909,-0.4268,148.0,96.9,0.523
110.66,32178.9,35060.6,0.8873,0.1492,148.0,96.9,0.523
110.68,32280.0,35523.3,1.3922,1.2871,148.0,96.9,0.523
110.7,32297.0,35722.0,1.477,1.7759,148.0,96.9,0.523
110.72,32351.2,35669.6,1.7481,1.6468,148.0,96.9,0.523
110.74,32360.3,35633.0,1.7934,1.5569,148.0,96.9,0.523
110.76,32144.2,35438.5,0.7139,1.0785,148.0,96.9,0.523
110.78,32132.7,35193.7,0.6565,0.4766,148.0,96.9,0.523
110.8,32068.8,35013.5,0.3375,0.0333,148.0,96.9,0.523
110.82,32082.1,34976.4,0.4039,-0.0578,148.0,96.9,0.523
110.84,32024.9,35045.2,0.1178,0.1114,148.0,96.9,0.523
110.86,31906.8,34879.2,-0.4718,-0.2969,148.0,96.9,0.523
110.88,31908.3,34761.3,-0.4646,-0.5867,148.0,96.9,0.523
110.9,31877.4,34768.7,-0.6189,-0.5686,148.0,96.9,0.523
110.92,31838.8,34766.7,-0.8116,-0.5734,148.0,96.9,0.523
110.94,31848.6,34700.2,-0.7625,-0.737,148.0,96.9,0.523
110.96,31738.7,34688.9,-1.3117,-0.7649,148.0,96.9,0.523
110.98,31739.9,34439.7,-1.3056,-1.3778,148.0,96.9,0.523
111.0,31865.6,34429.4,-0.678,-1.403,148.0,96.9,0.523
111.02,31796.8,34484.4,-1.0214,-1.2677,148.0,96.9,0.523
111.04,31844.5,34762.6,-0.783,-0.5837,148.0,96.9,0.523
111.06,32014.5,35062.3,0.0659,0.1534,148.0,96.9,0.523
111.08,32144.9,35414.7,0.7173,1.02,148.0,96.9,0.523
111.1,32390.8,35720.7,1.9457,1.7727,148.0,96.9,0.523
111.12,32363.1,35832.2,1.8072,2.0468,148.0,96.9,0.523
111.14,32266.1,35607.6,1.3229,1.4944,148.0,96.9,0.523
111.16,32237.9,35507.5,1.1817,1.2484,148.0,96.9,0.523
111.18,32145.4,35342.4,0.7198,0.8422,148.0,96.9,0.523
111.2,32016.1,35180.1,0.0739,0.4432,148.0,96.9,0.523
111.22,32050.4,35069.0,0.2452,0.1699,148.0,96.9,0.523
111.24,32045.0,35024.5,0.2184,0.0604,148.0,96.9,0.523
111.26,31879.3,34809.8,-0.6093,-0.4674,148.0,96.9,0.523
111.28,31885.6,34827.6,-0.5778,-0.4237,148.0,96.9,0.523
111.3,31889.3,34738.3,-0.5593,-0.6433,148.0,96.9,0.523
111.32,31870.3,34677.2,-0.6544,-0.7936,148.0,96.9,0.523
111.34,31763.8,34618.0,-1.1866,-0.9393,148.0,96.9,0.523
111.36,31788.4,34635.6,-1.0636,-0.896,148.0,96.9,0.523
111.38,31818.5,34647.0,-0.9132,-0.868,148.0,96.9,0.523
111.4,31739.3,34502.2,-1.3085,-1.2239,148.0,96.9,0.523
111.42,31794.8,34492.7,-1.0313,-1.2474,148.0,96.9,0.523
111.44,31768.1,34620.8,-1.1648,-0.9324,148.0,96.9,0.523
111.46,31932.4,34845.0,-0.3441,-0.381,148.0,96.9,0.523
111.48,32198.4,35306.9,0.9848,0.755,148.0,96.9,0.523
111.5,32235.8,35625.1,1.1716,1.5375,148.0,96.9,0.523
111.52,32389.5,35761.4,1.9392,1.8726,148.0,96.9,0.523
111.54,32303.7,35689.7,1.5107,1.6962,148.0,96.9,0.523
111.56,32232.6,35441.7,1.1554,1.0864,148.0,96.9,0.523
111.58,32222.2,35295.0,1.1034,0.7256,148.0,96.9,0.523
111.6,32021.5,35153.8,0.1008,0.3785,148.0,96.9,0.523
111.62,32115.4,35099.3,0.5698,0.2445,148.0,96.9,0.523
111.64,32094.7,35015.2,0.4664,0.0375,148.0,96.9,0.523
111.66,31951.9,34937.6,-0.2465,-0.1533,148.0,96.9,0.523
111.68,31940.8,34811.2,-0.3019,-0.464,148.0,96.9,0.523
111.7,31909.3,34699.1,-0.4597,-0.7399,148.0,96.9,0.523
111.72,31871.9,34641.5,-0.6464,-0.8813,148.0,96.9,0.523
111.74,31800.4,34681.3,-1.0033,-0.7835,148.0,96.9,0.523
111.76,31838.5,34643.9,-0.8129,-0.8755,148.0,96.9,0.523
111.78,31799.5,34630.5,-1.0078,-0.9083,148.0,96.9,0.523
111.8,31748.0,34544.6,-1.2655,-1.1196,148.0,96.9,0.523
111.82,31763.7,34472.0,-1.1868,-1.2983,148.0,96.9,0.523
111.84,31835.3,34444.5,-0.8291,-1.3658,148.0,96.9,0.523
111.86,31874.4,34845.7,-0.6336,-0.3793,148.0,96.9,0.523
111.88,32128.0,35209.2,0.633,0.5146,148.0,96.9,0.523
111.9,32226.6,35685.0,1.1255,1.6847,148.0,96.9,0.523
111.92,32360.2,35754.8,1.7931,1.8564,148.0,96.9,0.523
111.94,32430.3,35760.0,2.1428,1.8692,148.0,96.9,0.523
111.96,32222.5,35560.5,1.1052,1.3785,148.0,96.9,0.523
111.98,32164.9,35347.2,0.8173,0.854,148.0,96.9,0.523
112.0,32082.3,35237.5,0.4047,0.5844,148.0,96.9,0.523
112.02,32101.8,35091.0,0.502,0.2241,148.0,96.9,0.523
112.04,31980.6,35045.5,-0.1032,0.1122,148.0,96.9,0.523
112.06,31871.2,34910.1,-0.6496,-0.2209,148.0,96.9,0.523
112.08,31938.1,34957.8,-0.3155,-0.1035,148.0,96.9,0.523
112.1,31847.0,34720.7,-0.7708,-0.6866,148.0,96.9,0.523
112.12,31836.0,34633.0,-0.8254,-0.9023,148.0,96.9,0.523
112.14,31774.8,34633.2,-1.1313,-0.9019,148.0,96.9,0.523
112.16,31780.3,34692.4,-1.1041,-0.7561,148.0,96.9,0.523
112.18,31790.6,34568.1,-1.0523,-1.0619,148.0,96.9,0.523
112.2,31781.6,34468.4,-1.0972,-1.307,148.0,96.9,0.523
112.22,31746.6,34419.0,-1.2722,-1.4287,148.0,96.9,0.523
112.24,31800.2,34521.4,-1.0046,-1.1767,148.0,96.9,0.523
112.26,31901.9,34763.7,-0.4967,-0.5809,148.0,96.9,0.523
112.28,32085.0,35106.0,0.418,0.2609,148.0,96.9,0.523
112.3,32164.8,35431.5,0.8168,1.0614,148.0,96.9,0.523
112.32,32367.7,35800.3,1.8304,1.9682,148.0,96.9,0.523
112.34,32329.2,35773.3,1.6379,1.902,148.0,96.9,0.523
112.36,32245.7,35586.4,1.221,1.4423,148.0,96.9,0.523
112.38,32162.5,35410.5,0.8054,1.0097,148.0,96.9,0.523
112.4,32189.8,35225.8,0.9415,0.5556,148.0,96.9,0.523
112.42,32005.4,34984.7,0.0205,-0.0373,148.0,96.9,0.523
112.44,31999.1,35081.1,-0.0109,0.1996,148.0,96.9,0.523
112.46,32026.9,35008.9,0.128,0.0222,148.0,96.9,0.523
112.48,31840.2,34971.7,-0.8047,-0.0694,148.0,96.9,0.523
112.5,31884.6,34671.2,-0.5831,-0.8085,148.0,96.9,0.523
112.52,31839.2,34701.3,-0.8099,-0.7343,148.0,96.9,0.523
112.54,31896.8,34643.7,-0.5222,-0.876,148.0,96.9,0.523
112.56,31821.4,34715.8,-0.8987,-0.6987,148.0,96.9,0.523
112.58,31814.1,34673.2,-0.9349,-0.8035,148.0,96.9,0.523
112.6,31789.4,34597.7,-1.0586,-0.9892,148.0,96.9,0.523
112.62,31790.0,34509.9,-1.0553,-1.205,148.0,96.9,0.523
112.64,31704.0,34426.4,-1.485,-1.4104,148.0,96.9,0.523
112.66,31824.1,34557.7,-0.8849,-1.0876,148.0,96.9,0.523
112.68,32044.7,35035.8,0.2168,0.0883,148.0,96.9,0.523
112.7,32173.9,35398.4,0.8622,0.9799,148.0,96.9,0.523
112.72,32366.5,35691.8,1.8246,1.7016,148.0,96.9,0.523
112.74,32452.8,35820.6,2.2555,2.0183,148.0,96.9,0.523
112.76,32296.1,35667.0,1.4724,1.6404,148.0,96.9,0.523
112.78,32251.6,35374.1,1.2503,0.9203,148.0,96.9,0.523
112.8,32146.9,35330.5,0.7274,0.813,148.0,96.9,0.523
112.82,32011.1,35306.9,0.0492,0.7549,148.0,96.9,0.523
112.84,32088.2,35111.1,0.4342,0.2735,148.0,96.9,0.523
112.86,32030.2,35045.9,0.1444,0.113,148.0,96.9,0.523
112.88,31897.9,34883.2,-0.5163,-0.2871,148.0,96.9,0.523
112.9,31921.5,34775.6,-0.3988,-0.5517,148.0,96.9,0.523
112.92,31868.3,34696.1,-0.6645,-0.7471,148.0,96.9,0.523
112.94,31862.2,34594.9,-0.6947,-0.996,148.0,96.9,0.523
112.96,31806.0,34625.8,-0.9754,-0.9201,148.0,96.9,0.523
112.98,31815.9,34625.8,-0.9263,-0.92,148.0,96.9,0.523
113.0,31830.3,34553.7,-0.854,-1.0974,148.0,96.9,0.523
113.02,31782.1,34502.2,-1.0951,-1.224,148.0,96.9,0.523
113.04,31759.0,34537.4,-1.2104,-1.1374,148.0,96.9,0.523
113.06,31873.0,34561.8,-0.641,-1.0775,148.0,96.9,0.523
113.08,31881.8,34914.8,-0.5968,-0.2093,148.0,96.9,0.523
113.1,32157.6,35281.5,0.7807,0.6925,148.0,96.9,0.523
113.12,32285.6,35510.6,1.4202,1.2558,148.0,96.9,0.523
113.14,32332.4,35811.0,1.6538,1.9947,148.0,96.9,0.523
113.16,32368.5,35711.7,1.8344,1.7504,148.0,96.9,0.523
113.18,32252.7,35484.4,1.2561,1.1915,148.0,96.9,0.523
113.2,32157.9,35283.1,0.7824,0.6964,148.0,96.9,0.523
113.22,32092.0,35289.4,0.4531,0.7119,148.0,96.9,0.523
113.24,32041.4,35107.1,0.2004,0.2635,148.0,96.9,0.523
113.26,32031.7,35137.3,0.1517,0.3378,148.0,96.9,0.523
113.28,31953.4,35029.2,-0.239,0.0719,148.0,96.9,0.523
113.3,31876.1,34785.9,-0.6254,-0.5263,148.0,96.9,0.523
113.32,31945.2,34763.9,-0.2804,-0.5803,148.0,96.9,0.523
113.34,31877.6,34665.8,-0.6177,-0.8217,148.0,96.9,0.523
113.36,31836.1,34736.1,-0.8251,-0.6488,148.0,96.9,0.523
113.38,31900.0,34689.1,-0.506,-0.7644,148.0,96.9,0.523
113.4,31716.3,34638.5,-1.4237,-0.8888,148.0,96.9,0.523
113.42,31814.4,34443.6,-0.9335,-1.3682,148.0,96.9,0.523
113.44,31716.1,34493.2,-1.4243,-1.2462,148.0,96.9,0.523
113.46,31763.4,34643.9,-1.1884,-0.8754,148.0,96.9,0.523
113.48,31918.5,34804.8,-0.4134,-0.4798,148.0,96.9,0.523
113.5,32110.0,35149.9,0.5431,0.369,148.0,96.9,0.523
113.52,32232.2,35565.3,1.1537,1.3904,148.0,96.9,0.523
113.54,32358.4,35679.8,1.7837,1.6721,148.0,96.9,0.523
113.56,32316.2,35775.0,1.5729,1.9062,148.0,96.9,0.523
113.58,32374.2,35559.6,1.8627,1.3764,148.0,96.9,0.523
113.6,32165.0,35372.8,0.8179,0.917,148.0,96.9,0.523
113.62,32169.5,35152.6,0.8402,0.3756,148.0,96.9,0.523
113.64,32081.3,35163.8,0.3999,0.403,148.0,96.9,0.523
113.66,32046.8,35062.4,0.2275,0.1537,148.0,96.9,0.523
113.68,32027.9,34941.1,0.1331,-0.1445,148.0,96.9,0.523
113.7,31911.2,34874.9,-0.4502,-0.3075,148.0,96.9,0.523
113.72,31874.3,34736.8,-0.6342,-0.6471,148.0,96.9,0.523
113.74,31789.0,34610.1,-1.0606,-0.9586,148.0,96.9,0.523
113.76,31893.7,34706.3,-0.5374,-0.7219,148.0,96.9,0.523
113.78,31751.8,34612.0,-1.2462,-0.9539,148.0,96.9,0.523
113.8,31849.1,34633.1,-0.7601,-0.9021,148.0,96.9,0.523
113.82,31837.9,34500.3,-0.8163,-1.2286,148.0,96.9,0.523
113.84,31693.6,34456.3,-1.5368,-1.337,148.0,96.9,0.523
113.86,31780.1,34499.8,-1.1051,-1.2299,148.0,96.9,0.523
113.88,31854.7,34799.1,-0.7321,-0.4938,148.0,96.9,0.523
113.9,32073.8,35116.2,0.3621,0.2861,148.0,96.9,0.523
113.92,32200.8,35462.7,0.9966,1.1381,148.0,96.9,0.523
113.94,32271.7,35728.8,1.3509,1.7925,148.0,96.9,0.523
113.96,32357.0,35810.4,1.7771,1.9932,148.0,96.9,0.523
113.98,32344.0,35612.7,1.7119,1.5069,148.0,96.9,0.523
114.0,32183.3,35403.5,0.909,0.9924,148.0,96.9,0.523
114.02,32130.5,35280.2,0.6457,0.6892,148.0,96.9,0.523
114.04,31964.6,35158.2,-0.1835,0.3894,148.0,96.9,0.523
114.06,31992.0,35085.7,-0.0463,0.211,148.0,96.9,0.523
114.08,32025.4,34989.6,0.1204,-0.0252,148.0,96.9,0.523
114.1,31983.6,35023.6,-0.0882,0.0583,148.0,96.9,0.523
114.12,31820.0,34803.1,-0.9057,-0.4841,148.0,96.9,0.523
114.14,31872.7,34702.5,-0.6422,-0.7315,148.0,96.9,0.523
114.16,31795.6,34662.5,-1.0275,-0.8297,148.0,96.9,0.523
114.18,31855.7,34619.0,-0.7271,-0.9367,148.0,96.9,0.523
114.2,31755.0,34606.5,-1.23,-0.9675,148.0,96.9,0.523
114.22,31814.3,34518.2,-0.9338,-1.1847,148.0,96.9,0.523
114.24,31662.4,34572.5,-1.6929,-1.051,148.0,96.9,0.523
114.26,31633.1,34455.8,-1.8394,-1.3382,148.0,96.9,0.523
114.28,31887.6,34686.0,-0.5679,-0.772,148.0,96.9,0.523
114.3,31951.9,35037.7,-0.2465,0.093,148.0,96.9,0.523
114.32,32221.6,35323.9,1.1004,0.7967,148.0,96.9,0.523
114.34,32340.5,35659.3,1.6943,1.6216,148.0,96.9,0.523
114.36,32380.1,35788.3,1.8924,1.9388,148.0,96.9,0.523
114.38,32290.2,35609.8,1.4431,1.4999,148.0,96.9,0.523
114.4,32278.3,35454.7,1.3838,1.1185,148.0,96.9,0.523
114.42,32082.4,35351.2,0.405,0.8638,148.0,96.9,0.523
114.44,32092.5,35207.9,0.4556,0.5116,148.0,96.9,0.523
114.46,31933.5,35169.0,-0.3384,0.4158,148.0,96.9,0.523
114.48,31924.3,35077.4,-0.3843,0.1905,148.0,96.9,0.523
114.5,31930.5,34956.3,-0.3534,-0.1073,148.0,96.9,0.523
114.52,31931.8,34806.0,-0.3471,-0.4768,148.0,96.9,0.523
114.54,31878.8,34712.6,-0.612,-0.7067,148.0,96.9,0.523
114.56,31840.3,34607.7,-0.8042,-0.9645,148.0,96.9,0.523
114.58,31893.9,34623.2,-0.5365,-0.9265,148.0,96.9,0.523
114.6,31862.6,34563.1,-0.6927,-1.0742,148.0,96.9,0.523
114.62,31828.4,34555.2,-0.8634,-1.0937,148.0,96.9,0.523
114.64,31738.4,34432.2,-1.3133,-1.3961,148.0,96.9,0.523
114.66,31771.6,34438.5,-1.1472,-1.3807,148.0,96.9,0.523
114.68,31691.6,34646.6,-1.5468,-0.8688,148.0,96.9,0.523
114.7,31930.6,34837.3,-0.3532,-0.3999,148.0,96.9,0.523
114.72,32104.6,35278.9,0.5163,0.686,148.0,96.9,0.523
114.74,32368.4,35662.3,1.8338,1.6289,148.0,96.9,0.523
114.76,32342.1,35780.5,1.7023,1.9197,148.0,96.9,0.523
114.78,32324.1,35754.0,1.6124,1.8544,148.0,96.9,0.523
114.8,32277.9,35529.9,1.3817,1.3034,148.0,96.9,0.523
114.82,32117.8,35352.4,0.582,0.867,148.0,96.9,0.523
114.84,32063.0,35132.8,0.3082,0.3268,148.0,96.9,0.523
114.86,32066.7,35142.1,0.3266,0.3497,148.0,96.9,0.523
114.88,31984.9,35046.3,-0.0818,0.1141,148.0,96.9,0.523
114.9,31958.2,34905.4,-0.2151,-0.2325,148.0,96.9,0.523
114.92,31886.1,34841.2,-0.5753,-0.3904,148.0,96.9,0.523
114.94,31931.6,34780.2,-0.3483,-0.5404,148.0,96.9,0.523
114.96,31804.8,34649.7,-0.9814,-0.8612,148.0,96.9,0.523
114.98,31835.4,34667.7,-0.8288,-0.817,148.0,96.9,0.523
115.0,31842.6,34634.6,-0.7929,-0.8984,148.0,96.9,0.523
115.02,31784.9,34609.2,-1.0809,-0.961,148.0,96.9,0.523
115.04,31791.7,34493.2,-1.047,-1.2461,148.0,96.9,0.523
115.06,31787.3,34511.5,-1.0689,-1.2011,148.0,96.9,0.523
115.08,31706.6,34469.7,-1.472,-1.304,148.0,96.9,0.523
115.1,31859.7,34775.7,-0.707,-0.5513,148.0,96.9,0.523
115.12,32119.2,35090.0,0.589,0.2216,148.0,96.9,0.523
115.14,32181.9,35610.6,0.9024,1.5018,148.0,96.9,0.523
115.16,32408.3,35754.0,2.0329,1.8545,148.0,96.9,0.523
115.18,32434.8,35754.8,2.1655,1.8564,148.0,96.9,0.523
115.2,32298.9,35502.5,1.4865,1.236,148.0,96.9,0.523
115.22,32090.7,35314.2,0.4467,0.7728,148.0,96.9,0.523
115.24,32111.5,35284.8,0.5504,0.7005,148.0,96.9,0.523
115.26,32011.0,35147.2,0.0483,0.3622,148.0,96.9,0.523
115.28,32031.9,35121.9,0.1531,0.3,148.0,96.9,0.523
115.3,32015.8,34971.3,0.0724,-0.0705,148.0,96.9,0.523
115.32,31952.4,34896.4,-0.2443,-0.2545,148.0,96.9,0.523
115.34,31865.2,34787.4,-0.68,-0.5225,148.0,96.9,0.523
115.36,31906.6,34670.1,-0.4731,-0.811,148.0,96.9,0.523
115.38,31817.5,34671.5,-0.9181,-0.8075,148.0,96.9,0.523
115.4,31827.6,34534.3,-0.8675,-1.145,148.0,96.9,0.523
115.42,31812.5,34654.5,-0.9429,-0.8495,148.0,96.9,0.523
115.44,31821.4,34480.5,-0.8987,-1.2773,148.0,96.9,0.523
115.46,31781.4,34532.9,-1.0982,-1.1484,148.0,96.9,0.523
115.48,31783.0,34505.1,-1.0904,-1.2167,148.0,96.9,0.523
115.5,31789.3,34731.9,-1.0588,-0.6591,148.0,96.9,0.523
115.52,31972.4,35126.1,-0.1443,0.3104,148.0,96.9,0.523
115.54,32188.8,35490.9,0.9366,1.2073,148.0,96.9,0.523
115.56,32334.1,35747.5,1.6624,1.8385,148.0,96.9,0.523
115.58,32308.4,35719.7,1.5339,1.7701,148.0,96.9,0.523
115.6,32313.2,35567.7,1.5579,1.3963,148.0,96.9,0.523
115.62,32113.4,35453.5,0.5599,1.1154,148.0,96.9,0.523
115.64,32064.9,35211.6,0.3175,0.5207,148.0,96.9,0.523
115.66,32064.0,35142.4,0.3135,0.3503,148.0,96.9,0.523
115.68,32048.3,35085.6,0.2346,0.2107,148.0,96.9,0.523
115.7,32046.4,35031.6,0.2256,0.078,148.0,96.9,0.523
115.72,31972.9,34860.1,-0.1418,-0.3437,148.0,96.9,0.523
115.74,31903.7,34763.4,-0.4876,-0.5817,148.0,96.9,0.523
115.76,31885.0,34778.0,-0.5807,-0.5458,148.0,96.9,0.523
115.78,31775.8,34656.4,-1.1266,-0.8446,148.0,96.9,0.523
115.8,31859.9,34649.5,-0.7064,-0.8617,148.0,96.9,0.523
115.82,31788.8,34719.0,-1.0613,-0.6908,148.0,96.9,0.523
115.84,31790.8,34538.8,-1.0515,-1.1339,148.0,96.9,0.523
115.86,31801.2,34419.1,-0.9993,-1.4284,148.0,96.9,0.523
115.88,31720.4,34409.4,-1.4033,-1.4521,148.0,96.9,0.523
115.9,31797.9,34707.9,-1.0159,-0.7182,148.0,96.9,0.523
115.92,31975.1,34890.9,-0.1306,-0.2682,148.0,96.9,0.523
115.94,32214.3,35289.6,1.0639,0.7124,148.0,96.9,0.523
115.96,32314.6,35694.8,1.5652,1.709,148.0,96.9,0.523
115.98,32321.6,35713.7,1.6001,1.7553,148.0,96.9,0.523
116.0,32282.2,35658.7,1.403,1.62,148.0,96.9,0.523
116.02,32236.5,35531.8,1.1751,1.3079,148.0,96.9,0.523
116.04,32192.4,35320.0,0.9545,0.7871,148.0,96.9,0.523
116.06,31999.6,35165.9,-0.0085,0.4081,148.0,96.9,0.523
116.08,32153.5,35043.5,0.7605,0.1073,148.0,96.9,0.523
116.1,32029.0,35021.4,0.1383,0.0529,148.0,96.9,0.523
116.12,31984.4,34996.2,-0.0846,-0.0092,148.0,96.9,0.523
116.14,31917.2,34825.2,-0.4199,-0.4295,148.0,96.9,0.523
116.16,31779.4,34763.7,-1.1085,-0.5809,148.0,96.9,0.523
116.18,31885.0,34672.5,-0.5807,-0.8052,148.0,96.9,0.523
116.2,31918.2,34659.3,-0.415,-0.8377,148.0,96.9,0.523
116.22,31861.7,34645.8,-0.6974,-0.8708,148.0,96.9,0.523
116.24,31767.2,34609.9,-1.1692,-0.9592,148.0,96.9,0.523
116.26,31811.8,34505.9,-0.9468,-1.215,148.0,96.9,0.523
116.28,31739.1,34498.0,-1.3099,-1.2343,148.0,96.9,0.523
116.3,31830.2,34599.8,-0.8545,-0.9841,148.0,96.9,0.523
116.32,31850.9,34821.4,-0.7511,-0.4389,148.0,96.9,0.523
116.34,32077.2,35190.0,0.3792,0.4676,148.0,96.9,0.523
116.36,32298.5,35578.3,1.4848,1.4223,148.0,96.9,0.523
116.38,32434.2,35689.6,2.1625,1.696,148.0,96.9,0.523
116.4,32409.3,35782.3,2.0382,1.924,148.0,96.9,0.523
116.42,32234.9,35678.4,1.1672,1.6685,148.0,96.9,0.523
116.44,32283.6,35371.8,1.4104,0.9147,148.0,96.9,0.523
116.46,32158.7,35271.2,0.7865,0.6671,148.0,96.9,0.523
116.48,32032.8,35064.5,0.1573,0.1588,148.0,96.9,0.523
116.5,32037.2,35064.0,0.1795,0.1575,148.0,96.9,0.523
116.52,32071.8,35088.6,0.3524,0.2182,148.0,96.9,0.523
116.54,32041.0,34838.2,0.1985,-0.3977,148.0,96.9,0.523
116.56,31949.8,34748.8,-0.2573,-0.6175,148.0,96.9,0.523
116.58,31873.0,34679.9,-0.6409,-0.7869,148.0,96.9,0.523
116.6,31797.1,34662.4,-1.0199,-0.8299,148.0,96.9,0.523
116.62,31839.9,34626.3,-0.806,-0.9188,148.0,96.9,0.523
116.64,31868.4,34627.4,-0.664,-0.9161,148.0,96.9,0.523
116.66,31689.7,34515.1,-1.5567,-1.1922,148.0,96.9,0.523
116.68,31710.0,34476.4,-1.455,-1.2875,148.0,96.9,0.523
116.7,31710.2,34511.9,-1.4543,-1.2,148.0,96.9,0.523
116.72,31897.5,34747.9,-0.5184,-0.6198,148.0,96.9,0.523
116.74,32133.3,35207.4,0.6595,0.5102,148.0,96.9,0.523
116.76,32260.4,35502.4,1.2944,1.2357,148.0,96.9,0.523
116.78,32405.3,35694.9,2.018,1.7092,148.0,96.9,0.523
116.8,32293.9,35750.7,1.4616,1.8464,148.0,96.9,0.523
116.82,32201.7,35641.5,1.0012,1.5779,148.0,96.9,0.523
116.84,32145.7,35373.7,0.7212,0.9193,148.0,96.9,0.523
116.86,32059.8,35219.6,0.2921,0.5403,148.0,96.9,0.523
116.88,32126.0,35091.3,0.6229,0.2248,148.0,96.9,0.523
116.9,31968.3,34995.8,-0.1648,-0.0102,148.0,96.9,0.523
116.92,32030.7,35011.4,0.1469,0.0282,148.0,96.9,0.523
116.94,32017.0,34978.0,0.0785,-0.0538,148.0,96.9,0.523
116.96,31999.5,34826.3,-0.0088,-0.4269,148.0,96.9,0.523
116.98,31873.1,34667.7,-0.6402,-0.8171,148.0,96.9,0.523
117.0,31836.9,34649.7,-0.8211,-0.8612,148.0,96.9,0.523
117.02,31892.4,34659.2,-0.5441,-0.838,148.0,96.9,0.523
117.04,31808.4,34674.1,-0.9635,-0.8013,148.0,96.9,0.523
117.06,31893.5,34550.6,-0.5382,-1.1049,148.0,96.9,0.523
117.08,31772.2,34466.3,-1.1446,-1.3122,148.0,96.9,0.523
117.1,31803.7,34547.8,-0.9871,-1.1117,148.0,96.9,0.523
117.12,31873.5,34679.5,-0.6386,-0.7881,148.0,96.9,0.523
117.14,32086.7,35043.0,0.4269,0.1059,148.0,96.9,0.523
117.16,32174.3,35443.7,0.8641,1.0914,148.0,96.9,0.523
117.18,32322.8,35775.3,1.6063,1.9068,148.0,96.9,0.523
117.2,32343.6,35708.3,1.71,1.7421,148.0,96.9,0.523
117.22,32336.1,35657.4,1.6724,1.617,148.0,96.9,0.523
117.24,32181.1,35417.0,0.8984,1.0258,148.0,96.9,0.523
117.26,32089.9,35218.4,0.4429,0.5372,148.0,96.9,0.523
117.28,32034.1,35113.9,0.1637,0.2804,148.0,96.9,0.523
117.3,32075.1,35137.6,0.3685,0.3387,148.0,96.9,0.523
117.32,32034.5,35036.4,0.166,0.0898,148.0,96.9,0.523
117.34,31951.1,34959.8,-0.2507,-0.0986,148.0,96.9,0.523
117.36,31916.0,34870.1,-0.426,-0.3193,148.0,96.9,0.523
117.38,31821.9,34818.9,-0.8963,-0.4452,148.0,96.9,0.523
117.4,31877.6,34700.5,-0.618,-0.7362,148.0,96.9,0.523
117.42,31842.3,34656.4,-0.7942,-0.8448,148.0,96.9,0.523
117.44,31870.1,34685.2,-0.6553,-0.7739,148.0,96.9,0.523
117.46,31860.6,34425.2,-0.703,-1.4134,148.0,96.9,0.523
117.48,31752.5,34486.4,-1.2429,-1.2628,148.0,96.9,0.523
117.5,31750.1,34522.1,-1.2546,-1.1749,148.0,96.9,0.523
117.52,31858.7,34606.0,-0.7124,-0.9688,148.0,96.9,0.523
117.54,31928.2,34852.1,-0.3652,-0.3634,148.0,96.9,0.523
117.56,32234.3,35284.8,1.1641,0.7005,148.0,96.9,0.523
117.58,32289.5,35557.1,1.4398,1.3703,148.0,96.9,0.523
117.6,32378.2,35715.8,1.8827,1.7606,148.0,96.9,0.523
117.62,32353.2,35668.4,1.7579,1.644,148.0,96.9,0.523
117.64,32435.9,35642.5,2.1711,1.5802,148.0,96.9,0.523
117.66,32219.3,35356.5,1.089,0.8769,148.0,96.9,0.523
117.68,32045.3,35139.0,0.2199,0.342,148.0,96.9,0.523
117.7,32031.6,35075.7,0.1515,0.1865,148.0,96.9,0.523
117.72,32009.4,35073.0,0.0404,0.1797,148.0,96.9,0.523
117.74,31967.3,34939.6,-0.1696,-0.1483,148.0,96.9,0.523
117.76,31855.0,34953.7,-0.7306,-0.1137,148.0,96.9,0.523
117.78,31848.1,34742.1,-0.7654,-0.6339,148.0,96.9,0.523
117.8,31859.9,34703.6,-0.7065,-0.7287,148.0,96.9,0.523
117.82,31911.8,34691.7,-0.4471,-0.7579,148.0,96.9,0.523
117.84,31782.7,34622.8,-1.0917,-0.9275,148.0,96.9,0.523
117.86,31777.7,34571.1,-1.1168,-1.0545,148.0,96.9,0.523
117.88,31682.7,34495.1,-1.5913,-1.2413,148.0,96.9,0.523
117.9,31731.8,34445.3,-1.346,-1.364,148.0,96.9,0.523
117.92,31784.5,34612.9,-1.0827,-0.9517,148.0,96.9,0.523
117.94,31885.0,34833.2,-0.581,-0.4101,148.0,96.9,0.523
117.96,32154.7,35147.9,0.7663,0.364,148.0,96.9,0.523
117.98,32272.0,35659.6,1.3523,1.6222,148.0,96.9,0.523
118.0,32419.7,35730.9,2.0901,1.7977,148.0,96.9,0.523
118.02,32404.6,35701.2,2.0146,1.7245,148.0,96.9,0.523
118.04,32353.9,35564.6,1.7613,1.3887,148.0,96.9,0.523
118.06,32114.3,35282.2,0.5645,0.6942,148.0,96.9,0.523
118.08,32078.2,35126.7,0.3844,0.3118,148.0,96.9,0.523
118.1,32054.2,35093.4,0.2644,0.23,148.0,96.9,0.523
118.12,32017.2,35143.4,0.0795,0.3529,148.0,96.9,0.523
118.14,32009.1,35008.8,0.039,0.0219,148.0,96.9,0.523
118.16,31803.6,34944.1,-0.9874,-0.1371,148.0,96.9,0.523
118.18,31889.9,34763.4,-0.5566,-0.5817,148.0,96.9,0.523
118.2,31864.2,34699.9,-0.6849,-0.7379,148.0,96.9,0.523
118.22,31869.4,34696.4,-0.6589,-0.7464,148.0,96.9,0.523
118.24,31836.4,34667.8,-0.8235,-0.8168,148.0,96.9,0.523
118.26,31766.5,34551.1,-1.1731,-1.1037,148.0,96.9,0.523
118.28,31899.5,34498.3,-0.5083,-1.2335,148.0,96.9,0.523
118.3,31747.8,34457.1,-1.2661,-1.335,148.0,96.9,0.523
118.32,31808.5,34490.4,-0.9632,-1.253,148.0,96.9,0.523
118.34,31852.5,34764.6,-0.7433,-0.5786,148.0,96.9,0.523
118.36,32058.1,34985.2,0.2839,-0.0362,148.0,96.9,0.523
118.38,32322.9,35566.1,1.6068,1.3924,148.0,96.9,0.523
118.4,32332.7,35721.5,1.6557,1.7745,148.0,96.9,0.523
118.42,32377.5,35711.3,1.8794,1.7494,148.0,96.9,0.523
118.44,32271.1,35558.1,1.3475,1.3728,148.0,96.9,0.523
118.46,32185.3,35404.5,0.919,0.9949,148.0,96.9,0.523
118.48,32066.6,35249.4,0.3264,0.6134,148.0,96.9,0.523
118.5,31979.6,35117.8,-0.1086,0.2899,148.0,96.9,0.523
118.52,32067.5,35013.2,0.3308,0.0328,148.0,96.9,0.523
118.54,31953.8,35035.9,-0.2374,0.0886,148.0,96.9,0.523
118.56,31928.7,34815.9,-0.3626,-0.4524,148.0,96.9,0.523
118.58,32051.5,34747.6,0.2508,-0.6206,148.0,96.9,0.523
118.6,31900.3,34683.1,-0.5047,-0.7791,148.0,96.9,0.523
118.62,31868.3,34707.7,-0.6643,-0.7186,148.0,96.9,0.523
118.64,31880.0,34611.2,-0.6059,-0.956,148.0,96.9,0.523
118.66,31928.5,34587.9,-0.3635,-1.0133,148.0,96.9,0.523
118.68,31852.3,34598.2,-0.7441,-0.9878,148.0,96.9,0.523
118.7,31769.8,34481.6,-1.1561,-1.2746,148.0,96.9,0.523
118.72,31774.9,34424.3,-1.131,-1.4155,148.0,96.9,0.523
118.74,31804.7,34600.7,-0.982,-0.9816,148.0,96.9,0.523
118.76,32000.2,34826.5,-0.0054,-0.4265,148.0,96.9,0.523
118.78,32235.2,35421.1,1.1682,1.0357,148.0,96.9,0.523
118.8,32300.6,35632.8,1.4952,1.5563,148.0,96.9,0.523
118.82,32367.6,35715.7,1.8296,1.7602,148.0,96.9,0.523
118.84,32394.9,35714.2,1.9663,1.7566,148.0,96.9,0.523
118.86,32243.8,35510.7,1.2113,1.256,148.0,96.9,0.523
118.88,32183.9,35348.5,0.9123,0.8573,148.0,96.9,0.523
118.9,32071.3,35097.8,0.35,0.2407,148.0,96.9,0.523
118.92,32044.2,35032.3,0.2143,0.0797,148.0,96.9,0.523
118.94,32010.9,35053.2,0.0481,0.1309,148.0,96.9,0.523
118.96,31872.6,34978.6,-0.6426,-0.0524,148.0,96.9,0.523
118.98,31898.4,34902.8,-0.5138,-0.2388,148.0,96.9,0.523
119.0,31795.3,34738.5,-1.0289,-0.6428,148.0,96.9,0.523
119.02,31847.6,34670.9,-0.7679,-0.8091,148.0,96.9,0.523
119.04,31826.2,34660.3,-0.8746,-0.8352,148.0,96.9,0.523
119.06,31796.8,34626.6,-1.0216,-0.918,148.0,96.9,0.523
119.08,31765.5,34565.2,-1.1776,-1.0692,148.0,96.9,0.523
119.1,31786.6,34483.9,-1.0722,-1.2689,148.0,96.9,0.523
119.12,31720.3,34425.5,-1.4034,-1.4126,148.0,96.9,0.523
119.14,31803.9,34511.4,-0.9859,-1.2013,148.0,96.9,0.523
119.16,31985.3,34922.9,-0.0799,-0.1894,148.0,96.9,0.523
119.18,32153.4,35322.9,0.7597,0.7943,148.0,96.9,0.523
119.2,32328.2,35686.1,1.6332,1.6875,148.0,96.9,0.523
119.22,32353.1,35723.2,1.7576,1.7787,148.0,96.9,0.523
119.24,32369.5,35651.8,1.8391,1.603,148.0,96.9,0.523
119.26,32181.9,35539.9,0.9023,1.328,148.0,96.9,0.523
119.28,32053.5,35299.8,0.2606,0.7376,148.0,96.9,0.523
119.3,32087.8,35100.1,0.4322,0.2463,148.0,96.9,0.523
119.32,32055.5,35090.0,0.2707,0.2215,148.0,96.9,0.523
119.34,32048.1,35081.1,0.234,0.1996,148.0,96.9,0.523
119.36,31977.9,34999.1,-0.1169,-0.0021,148.0,96.9,0.523
119.38,31942.0,34816.6,-0.2964,-0.4507,148.0,96.9,0.523
119.4,31942.4,34718.6,-0.294,-0.6918,148.0,96.9,0.523
119.42,31792.1,34699.3,-1.0452,-0.7392,148.0,96.9,0.523
119.44,31755.0,34686.4,-1.2304,-0.771,148.0,96.9,0.523
119.46,31746.3,34620.8,-1.2735,-0.9322,148.0,96.9,0.523
119.48,31834.7,34550.6,-0.8319,-1.105,148.0,96.9,0.523
119.5,31682.8,34483.5,-1.5908,-1.2699,148.0,96.9,0.523
119.52,31791.1,34429.9,-1.0501,-1.4018,148.0,96.9,0.523
119.54,31833.6,34590.0,-0.8377,-1.0081,148.0,96.9,0.523
119.56,31935.3,34858.9,-0.3297,-0.3468,148.0,96.9,0.523
119.58,32129.4,35258.7,0.64,0.6364,148.0,96.9,0.523
119.6,32367.3,35470.9,1.8284,1.1582,148.0,96.9,0.523
119.62,32307.4,35732.1,1.5293,1.8007,148.0,96.9,0.523
119.64,32412.4,35651.1,2.0538,1.6015,148.0,96.9,0.523
119.66,32320.4,35602.0,1.594,1.4806,148.0,96.9,0.523
119.68,32190.7,35359.2,0.9462,0.8836,148.0,96.9,0.523
119.7,32101.2,35194.4,0.499,0.4784,148.0,96.9,0.523
119.72,32018.5,35043.6,0.0859,0.1074,148.0,96.9,0.523
119.74,32020.1,35018.2,0.0939,0.045,148.0,96.9,0.523
119.76,31945.1,34965.2,-0.2808,-0.0854,148.0,96.9,0.523
119.78,31996.9,34914.6,-0.0217,-0.2097,148.0,96.9,0.523
119.8,31839.0,34725.9,-0.8108,-0.674,148.0,96.9,0.523
119.82,31836.3,34706.4,-0.824,-0.7219,148.0,96.9,0.523
119.84,31879.9,34685.9,-0.6064,-0.7722,148.0,96.9,0.523
119.86,31852.7,34683.2,-0.742,-0.7787,148.0,96.9,0.523
119.88,31801.3,34572.4,-0.9991,-1.0512,148.0,96.9,0.523
119.9,31787.7,34480.8,-1.067,-1.2765,148.0,96.9,0.523
119.92,31798.3,34449.0,-1.0141,-1.3547,148.0,96.9,0.523
119.94,31806.9,34502.8,-0.9711,-1.2224,148.0,96.9,0.523
119.96,31769.6,34724.2,-1.1575,-0.6781,148.0,96.9,0.523
119.98,31986.0,35135.0,-0.0762,0.3323,148.0,96.9,0.523
